1 2 3 4 5 6 7 8 9 10 11 12 13 14 15 16 17 18 19 20 21 22 23 24 25 26 27 28 29 30 31 32 33 34 35 36 37 38 39 40 41 42 43 44 45 46 47
234	1	089	136	181	253	103	141	093	129	191	232	087	160	108	227	143	156	102	142	188	252	173	146	152	077	132	165	142	260	146	125	159	146	180	110	166	089	161	087	167	228	128	102	101	177	205	144	149
234	1	091	136	181	253	103	145	103	129	195	238	089	162	115	231	143	158	102	146	190	252	177	154	156	083	132	183	148	262	150	129	159	146	196	112	176	095	161	089	167	228	128	102	103	191	205	144	151
235	1	089	134	187	249	103	135	093	129	189	232	087	147	115	229	143	158	090	140	190	252	173	146	144	083	124	179	142	262	150	125	155	146	180	112	166	089	161	087	167	228	128	102	099	181	205	158	149
235	1	091	134	187	253	103	147	093	141	191	238	091	160	115	231	143	160	090	142	194	252	177	166	160	083	124	183	142	262	150	129	155	150	196	112	172	089	165	091	167	238	130	104	101	181	205	168	153
236	1	089	136	179	253	103	141	093	129	189	238	087	147	113	229	143	158	088	127	188	250	173	146	154	077	124	179	142	262	150	125	155	150	180	106	166	085	159	087	167	228	114	104	101	181	205	166	151
236	1	091	136	181	253	103	145	103	129	195	238	087	160	115	229	143	160	090	146	194	252	177	152	156	081	132	183	142	262	150	125	155	150	184	106	176	089	161	089	167	238	130	104	101	191	211	168	153
237	1	089	136	187	253	103	141	091	129	191	232	089	158	115	225	143	156	090	146	190	250	173	152	144	083	124	165	138	260	146	125	155	150	180	106	172	085	161	081	167	224	130	092	095	181	205	158	147
237	1	089	136	187	253	103	141	103	149	191	238	089	158	115	229	143	158	090	148	190	252	177	152	154	083	126	183	142	262	150	129	157	150	184	112	172	089	161	089	167	238	132	096	101	181	205	166	153
238	1	089	136	179	253	103	135	097	129	189	238	087	158	115	227	143	158	088	127	188	252	173	152	144	083	124	183	138	262	150	123	155	150	180	110	170	089	161	089	167	238	114	096	095	181	205	144	145
238	1	089	136	181	271	103	145	103	141	191	238	089	160	115	229	157	158	090	148	190	252	177	152	160	083	132	183	142	262	150	125	157	150	194	112	172	089	165	089	167	238	130	102	095	191	211	144	147
239	1	089	136	181	249	103	141	093	149	191	238	087	158	115	227	143	156	090	146	190	252	173	152	144	083	124	175	142	262	146	125	155	150	180	090	166	081	161	089	167	224	114	092	095	181	205	166	145
239	1	089	138	187	253	103	145	093	149	191	238	089	158	115	229	157	156	102	148	194	252	177	152	154	083	132	183	148	262	150	129	157	150	180	112	176	085	161	091	167	238	128	098	101	181	207	166	151
240	1	089	136	187	241	103	141	093	129	191	238	087	158	115	229	143	156	090	142	190	250	173	146	144	083	132	175	142	260	140	125	155	146	180	110	166	081	161	087	167	224	114	098	095	181	205	166	145
240	1	091	138	187	249	103	145	097	149	195	252	087	158	115	229	157	156	102	146	194	252	175	152	154	083	132	183	142	262	150	125	157	150	180	112	176	089	173	089	167	238	130	104	101	191	205	168	149
241	1	089	136	187	253	103	141	093	129	191	238	087	147	115	227	143	158	088	127	190	252	167	146	144	077	132	183	142	262	146	123	155	150	180	106	172	085	161	089	161	228	130	104	101	181	201	168	149
241	1	089	136	187	253	103	141	103	129	191	238	087	160	115	229	143	160	102	142	194	252	175	152	160	081	132	183	142	262	150	123	155	150	184	112	176	095	165	089	167	238	130	104	103	181	211	168	153
247	1	089	134	181	253	103	135	097	129	189	238	087	158	108	227	143	156	090	127	188	252	173	146	154	081	132	183	142	260	150	125	153	150	180	110	172	089	161	089	167	228	114	098	099	181	201	144	151
247	1	089	136	181	253	103	135	103	149	191	238	089	162	113	229	143	158	102	142	194	252	173	152	154	083	132	183	142	262	150	129	155	150	180	112	176	089	161	089	167	238	130	098	103	181	205	166	153
248	1	089	134	181	253	103	141	093	129	191	238	087	158	113	233	143	158	090	127	190	252	167	146	144	081	132	179	142	260	150	125	153	150	180	112	172	085	161	089	167	228	130	098	095	181	201	166	145
248	1	089	136	187	253	103	141	103	129	191	238	089	158	113	233	143	158	090	142	194	252	173	166	160	083	132	183	148	262	150	129	155	150	180	112	172	089	161	091	167	228	130	104	101	191	205	168	153
249	1	089	136	181	253	103	135	103	129	191	238	087	158	108	229	143	156	090	142	190	244	167	152	144	077	126	165	142	262	150	125	155	150	180	112	166	085	161	091	167	228	114	092	095	181	205	144	145
249	1	089	136	181	253	103	141	103	149	195	252	089	162	115	231	143	158	090	142	194	252	177	152	160	077	132	183	142	262	150	125	155	150	180	112	166	089	173	091	167	238	132	092	103	181	205	166	153
250	1	089	134	187	253	103	135	103	129	189	238	087	158	115	227	143	158	090	142	190	252	167	146	152	077	124	179	138	262	150	123	153	146	180	112	172	085	159	089	167	224	128	092	101	181	211	142	151
250	1	091	136	187	253	103	145	103	129	189	238	089	162	115	229	143	158	102	142	194	252	177	152	154	083	132	183	142	262	150	125	155	150	194	112	176	089	161	089	167	236	130	098	101	181	211	144	153
251	1	091	134	187	241	103	135	091	129	191	238	089	158	115	229	143	158	090	127	194	252	167	146	154	077	124	175	142	260	146	125	155	150	180	110	170	089	173	087	167	224	128	098	101	181	201	144	151
251	1	091	136	187	253	103	141	093	141	191	238	089	161	115	233	143	158	090	146	194	252	173	152	156	083	132	175	142	262	148	129	155	150	180	112	172	095	173	087	167	238	130	102	103	191	205	166	153
252	1	089	134	179	253	103	145	093	129	189	232	087	158	108	227	143	158	090	127	190	252	175	152	154	081	126	165	138	262	146	125	151	150	180	112	172	083	161	081	167	228	130	102	101	181	205	142	151
252	1	089	136	181	253	103	145	093	129	191	238	089	162	115	229	143	160	090	142	190	252	175	152	156	085	132	183	142	262	150	129	155	150	180	112	172	089	169	089	167	228	130	102	101	191	205	144	153
253	1	089	134	179	253	103	141	093	129	191	232	087	160	113	229	143	158	090	142	194	252	167	146	154	077	124	175	142	262	146	125	153	150	180	110	166	085	159	081	167	228	130	098	095	181	207	142	145
253	1	091	136	181	253	103	141	103	129	195	252	089	162	115	233	143	158	102	142	194	252	167	152	160	083	132	183	148	262	150	125	155	150	180	112	166	089	165	091	167	238	132	102	101	191	211	166	153
255	1	089	136	181	253	103	135	103	129	189	232	089	147	113	227	143	158	090	127	190	252	167	146	154	083	124	165	142	262	146	129	155	150	180	110	174	089	161	081	167	232	128	092	103	181	201	142	145
255	1	089	136	187	257	103	141	103	149	191	238	089	158	113	229	143	158	090	142	190	254	173	146	160	085	124	175	142	262	150	129	159	150	194	112	178	095	173	089	167	238	130	092	103	191	205	158	153
256	1	091	134	181	253	103	135	093	129	191	252	087	158	115	225	143	158	090	142	194	252	167	150	154	077	124	175	142	260	150	129	155	148	180	112	170	085	165	081	167	228	130	098	101	181	205	144	145
256	1	091	136	187	253	103	145	103	129	191	254	089	162	115	229	143	160	090	146	194	252	173	152	160	077	124	183	148	260	150	129	155	150	180	112	176	085	173	089	167	228	130	104	103	191	211	166	149
257	1	089	136	181	253	103	135	093	129	189	232	087	158	108	231	143	158	090	127	194	252	167	152	152	077	132	183	142	260	150	125	155	150	180	110	166	085	161	091	167	236	114	092	099	181	201	158	145
257	1	091	136	187	253	103	145	097	129	195	232	087	158	115	231	143	158	102	140	194	252	173	164	154	077	132	183	142	262	150	125	155	150	180	112	172	089	173	091	167	238	130	092	101	181	205	166	149
258	1	089	136	179	253	103	141	097	129	195	238	087	161	108	229	143	156	088	140	188	252	167	152	144	077	122	183	138	262	150	123	153	150	180	110	166	089	161	087	167	228	118	096	095	181	205	142	145
258	1	089	136	179	253	103	141	097	129	195	238	087	162	115	233	143	160	090	142	188	252	177	152	160	083	132	183	142	262	150	129	155	150	180	110	176	089	169	091	167	236	130	098	095	191	211	166	153
259	1	089	136	179	253	103	141	093	129	191	232	087	158	108	229	143	158	090	146	194	252	173	150	144	083	124	179	138	262	146	125	155	150	180	110	170	089	161	081	167	224	128	098	101	181	205	166	149
259	1	089	136	181	253	103	141	103	129	191	238	089	158	113	233	143	158	090	148	194	252	177	154	152	083	132	183	142	262	150	129	155	150	196	110	176	089	161	089	167	228	130	102	103	181	211	168	149
261	1	091	136	187	253	103	135	093	129	189	238	089	158	113	227	143	156	090	127	188	252	163	146	154	077	124	165	142	262	150	125	155	146	180	110	172	085	161	089	167	228	130	102	101	181	205	166	145
261	1	091	136	187	253	103	141	093	129	189	252	089	158	113	229	143	156	102	142	190	252	173	146	160	083	132	183	142	262	150	129	155	150	180	112	176	089	161	089	167	228	132	102	103	191	205	166	151
262	1	089	134	181	253	103	141	085	129	189	238	087	158	115	225	143	156	090	142	190	252	167	152	154	077	124	183	138	262	150	125	155	150	180	110	170	089	161	081	167	236	128	098	095	177	205	144	149
262	1	091	136	187	253	103	141	103	149	195	238	087	162	115	229	143	156	090	142	190	252	177	152	160	077	132	183	142	262	150	125	157	150	180	112	176	089	161	089	167	238	132	104	101	181	205	168	153
263	1	089	136	187	253	103	141	093	129	191	238	087	158	115	225	143	160	090	140	188	252	173	152	154	077	132	175	142	262	140	125	155	150	180	108	166	085	165	087	167	228	130	102	101	181	205	144	145
263	1	089	138	187	253	103	141	103	143	191	238	089	160	115	229	143	160	090	142	190	254	177	152	154	077	132	183	150	262	150	129	159	150	180	110	166	089	165	089	167	238	130	102	103	191	205	168	149
264	1	091	136	179	253	103	141	093	129	191	238	087	158	108	227	143	156	090	140	190	252	173	146	144	077	124	175	142	260	150	123	155	150	180	110	166	095	159	091	167	228	130	102	095	181	201	144	149
264	1	091	136	181	253	103	141	097	129	195	252	089	160	108	229	143	158	090	142	194	252	177	152	154	081	124	179	148	262	150	129	155	150	196	110	172	095	161	091	167	228	132	104	103	181	205	166	153
265	1	089	134	179	253	103	135	091	129	189	232	087	158	113	229	143	156	090	142	190	252	167	146	144	077	124	175	142	260	140	125	153	150	180	110	170	089	161	085	167	228	130	098	101	181	205	144	151
265	1	091	138	191	253	103	141	103	129	191	238	089	162	115	229	143	158	102	146	190	252	177	152	154	077	132	183	142	262	150	129	155	150	192	110	172	089	165	089	167	238	130	104	101	181	207	166	153
266	1	089	136	181	253	103	135	091	129	191	238	087	162	115	229	143	154	090	146	190	252	167	146	154	077	132	183	142	260	146	129	155	150	180	112	166	089	161	089	167	236	130	102	095	191	205	168	145
266	1	089	138	187	253	103	141	097	129	191	254	089	170	115	233	143	158	090	146	190	252	173	164	154	077	132	183	142	262	150	129	155	150	180	112	172	089	169	089	167	236	130	104	101	191	205	170	149
267	1	091	134	179	253	103	141	093	129	189	232	087	162	108	229	143	156	090	127	194	252	167	146	154	077	124	175	142	260	146	125	153	146	180	110	166	089	159	089	167	228	130	098	095	181	211	166	145
267	1	091	136	187	269	103	141	103	129	191	238	087	162	115	231	143	158	090	142	194	252	177	152	154	083	132	183	142	262	150	129	155	150	180	112	172	089	165	091	167	238	132	102	101	191	211	168	151
268	1	089	134	181	253	103	141	093	129	191	232	087	147	108	227	143	156	090	127	194	252	177	152	154	077	124	175	142	260	140	125	155	150	180	112	170	083	165	089	167	236	130	092	101	181	205	158	149
268	1	089	136	181	271	103	141	103	129	191	252	089	158	113	231	143	158	090	127	194	252	177	152	154	083	124	183	142	260	150	125	155	150	184	112	176	089	173	089	167	238	130	102	103	181	215	158	151
269	1	089	134	181	253	103	135	093	129	189	238	087	158	115	225	143	156	090	127	188	246	177	146	154	077	124	175	138	260	150	125	155	150	180	112	166	089	161	081	167	224	130	092	095	177	205	166	147
269	1	091	140	187	253	103	141	097	149	191	238	087	161	115	227	143	158	090	142	190	252	177	154	160	077	124	179	142	262	150	125	155	150	196	112	166	089	167	089	167	228	130	102	103	191	207	168	149
270	1	089	136	181	253	103	141	093	129	191	232	087	158	113	227	143	156	090	127	194	252	173	146	152	077	124	175	142	262	146	123	155	150	180	106	172	089	165	085	167	236	130	092	095	191	205	144	145
270	1	089	136	181	253	103	141	103	141	195	238	087	162	113	229	143	158	090	142	194	252	177	152	160	083	132	179	142	262	150	125	157	150	184	112	172	089	165	091	167	238	130	102	101	191	211	168	151
271	1	091	136	181	249	103	135	089	141	191	232	089	158	115	229	143	158	090	142	194	252	173	152	152	083	126	175	142	260	150	125	155	150	180	112	172	089	161	085	167	228	114	096	101	181	205	144	149
271	1	091	138	181	253	103	141	103	149	191	238	089	161	115	231	143	158	102	146	194	252	173	152	154	085	132	183	142	262	150	129	155	150	184	112	176	095	161	089	167	228	130	104	103	191	207	158	149
272	1	089	136	181	253	103	141	093	129	189	232	087	158	115	227	143	156	090	142	188	250	167	152	144	081	124	175	138	262	146	125	155	146	180	110	172	089	161	087	167	228	114	102	101	181	205	142	145
272	1	091	136	187	269	104	145	103	129	195	238	087	158	115	229	143	158	090	146	190	252	177	152	152	083	132	175	142	262	146	125	155	148	196	112	172	095	165	089	167	228	130	104	101	191	205	168	147
273	1	089	134	179	253	103	141	091	141	191	238	087	160	115	229	143	156	090	146	194	252	167	146	144	077	132	175	142	260	148	125	155	150	180	110	170	089	169	087	167	238	130	096	095	181	205	158	145
273	1	091	134	187	253	103	141	093	141	195	254	089	161	115	233	143	158	102	146	194	252	173	152	154	083	132	183	142	262	150	129	155	150	184	110	172	095	173	089	167	238	130	098	103	191	211	166	151
274	1	089	136	179	253	103	145	097	129	191	238	087	147	113	225	143	158	102	140	190	250	173	146	144	077	132	175	142	256	150	125	155	150	180	106	170	085	165	089	167	228	130	098	095	181	205	142	149
274	1	089	138	187	269	103	145	103	149	195	252	087	158	113	225	143	160	102	148	190	252	177	154	154	083	132	179	142	262	150	129	157	150	194	112	172	089	173	089	167	238	132	102	101	191	205	166	153
275	1	089	138	187	253	103	141	091	129	191	238	087	158	108	229	143	156	090	140	190	252	167	152	160	083	124	183	138	262	150	125	155	150	180	112	166	085	165	089	167	224	130	102	095	181	205	144	153
275	1	091	138	187	253	103	141	103	141	191	252	089	158	113	229	143	158	102	148	194	252	173	152	160	083	126	183	142	262	150	129	157	150	196	112	166	089	165	089	167	228	130	102	095	181	211	166	153
276	1	091	134	179	253	103	135	093	141	189	238	087	160	115	231	143	156	090	142	194	250	173	146	144	077	132	175	142	260	140	125	155	150	180	110	170	085	161	081	167	224	130	092	095	181	205	158	145
276	1	091	136	179	269	103	141	103	141	191	238	089	161	115	233	143	158	090	146	194	252	173	152	160	083	132	183	142	262	148	129	155	150	180	112	172	089	173	089	167	238	130	096	101	191	211	166	153
277	1	089	134	179	253	103	141	085	129	189	232	087	158	113	229	143	156	090	127	190	250	167	146	154	083	124	183	142	260	146	129	155	150	180	110	166	089	161	081	167	228	128	098	101	181	201	158	149
277	1	089	136	187	271	103	141	103	129	191	238	087	162	115	229	143	158	090	142	194	252	173	154	154	083	124	183	142	262	146	129	155	150	184	112	172	089	173	091	167	228	132	102	103	181	205	168	153
278	1	089	134	179	253	103	135	085	129	191	232	087	158	113	229	143	154	090	140	188	252	167	152	154	077	132	183	142	262	146	125	155	150	180	106	172	085	161	081	167	228	130	102	103	181	205	158	153
278	1	089	136	179	253	103	147	093	129	191	238	087	162	113	233	143	158	090	148	190	252	173	152	160	083	132	183	142	262	150	129	155	150	180	110	172	089	165	089	167	236	130	102	103	181	205	166	153
279	1	089	138	187	253	103	141	093	129	189	232	087	158	115	227	143	158	090	127	190	252	167	146	154	083	132	175	142	262	150	125	155	150	180	112	172	089	159	087	167	228	130	092	095	181	205	166	149
279	1	089	138	187	253	103	147	103	129	191	252	089	158	115	229	143	160	102	140	194	252	177	146	154	083	132	183	142	262	150	125	155	150	196	112	172	095	161	089	167	238	130	104	101	191	211	168	153
280	1	089	134	181	253	103	135	097	129	191	232	087	147	108	227	143	158	090	142	194	252	173	152	144	077	124	183	138	262	150	125	155	150	180	112	176	085	161	089	161	238	128	102	099	181	205	144	149
280	1	091	136	187	253	103	141	103	129	195	238	089	162	108	227	143	158	090	142	194	252	177	154	154	077	132	183	142	262	150	129	159	150	196	112	176	089	161	089	167	238	132	104	101	191	211	168	151
281	1	091	134	187	253	103	141	103	129	189	238	087	158	115	225	143	156	090	142	194	252	167	146	154	077	124	175	142	260	150	125	151	148	180	110	170	085	161	089	167	224	130	098	095	181	205	142	149
281	1	091	136	187	253	103	145	103	149	191	254	089	162	115	227	143	158	090	146	194	252	167	152	160	077	132	175	142	260	150	129	159	150	180	112	172	089	161	089	167	238	132	104	101	181	211	166	153
282	1	089	136	187	253	103	135	093	129	191	232	087	158	115	229	143	158	090	142	188	252	173	146	154	077	124	175	142	260	140	129	155	150	180	110	172	089	161	089	167	236	130	102	101	181	205	144	151
282	1	089	138	187	253	103	141	103	129	191	252	087	162	115	229	143	160	090	142	194	252	173	154	154	083	132	183	142	262	146	129	159	150	184	112	176	089	173	089	167	238	132	102	101	181	211	168	151
283	1	089	134	179	253	103	141	085	129	191	238	087	158	115	227	143	156	090	140	190	252	167	152	160	077	124	165	142	262	150	125	155	150	180	110	170	089	161	081	167	228	114	098	099	181	211	166	145
283	1	091	140	179	253	103	141	093	149	195	238	087	158	115	229	143	158	102	142	190	252	173	152	160	083	124	183	142	262	150	129	159	150	180	112	172	095	161	091	167	238	128	098	101	181	215	166	149
284	1	089	134	179	241	103	135	097	129	191	232	087	158	108	227	143	156	088	142	194	252	173	146	154	081	124	183	138	256	150	125	155	150	180	106	170	083	173	089	167	224	128	098	095	191	201	166	145
284	1	091	138	181	269	103	141	097	129	191	238	089	158	113	229	143	156	102	142	194	252	173	146	160	081	132	183	142	262	150	129	155	150	196	110	172	085	173	089	167	238	130	102	103	191	211	168	151
285	1	091	134	181	269	103	141	085	141	189	238	087	158	113	229	143	158	090	140	188	252	177	150	154	081	124	175	138	262	146	129	155	150	180	112	170	085	165	081	167	228	114	102	095	181	205	144	147
285	1	091	138	187	269	103	145	089	141	191	252	087	162	115	229	143	158	090	140	194	252	177	152	160	083	132	175	142	262	148	129	155	150	196	112	172	089	169	089	167	228	130	102	103	181	205	168	149
286	1	089	134	181	253	103	141	091	129	189	238	087	158	108	227	143	158	088	127	190	252	167	146	154	081	124	175	142	262	140	125	155	150	180	112	172	089	161	089	167	228	130	102	101	181	205	142	151
286	1	089	136	181	253	103	145	093	129	191	238	089	158	115	229	143	158	090	140	190	252	175	152	156	083	132	175	142	262	146	125	157	150	196	112	176	095	161	089	167	238	130	102	101	181	205	166	153
287	1	089	136	179	249	103	141	097	129	189	238	087	158	113	227	143	156	090	142	190	252	167	152	144	077	132	183	142	262	140	125	155	146	180	106	170	089	161	085	167	224	130	098	095	177	205	144	151
287	1	089	138	187	271	103	141	103	129	191	238	087	158	115	229	143	158	090	142	190	252	167	152	154	083	132	183	142	262	150	129	157	150	184	112	172	089	173	087	167	238	132	102	103	181	211	168	153
288	1	089	134	181	249	103	141	085	129	191	238	087	147	113	227	143	156	090	127	194	252	173	152	154	077	-9	183	138	262	150	125	155	150	180	110	166	089	161	089	167	228	128	104	101	181	201	144	149
288	1	091	134	181	253	103	141	097	129	191	252	087	158	113	231	143	158	090	142	194	252	177	154	156	083	-9	183	142	262	150	125	155	150	180	110	170	089	165	089	167	238	130	104	103	181	207	158	153
289	1	089	136	179	253	103	135	093	129	189	238	087	158	115	229	143	156	102	140	188	252	177	146	154	083	132	183	142	262	150	125	157	146	180	110	172	089	161	089	167	228	128	098	095	181	205	144	145
289	1	091	138	187	253	103	145	097	129	195	238	089	160	115	229	143	160	102	148	188	252	177	154	154	083	132	183	142	262	150	129	159	150	180	112	176	089	161	089	167	238	130	102	101	181	207	144	153
290	1	089	136	181	253	103	141	093	129	191	238	087	158	108	225	143	158	090	127	194	252	173	146	152	077	132	183	142	260	150	125	159	150	180	110	172	083	167	081	167	224	128	102	101	181	201	142	149
290	1	091	138	187	253	103	145	097	129	195	238	089	162	115	229	143	158	102	142	194	252	173	146	154	083	132	183	142	260	150	129	159	150	180	112	172	089	169	089	167	238	128	104	101	191	215	142	153
291	1	091	138	187	253	103	145	103	129	189	232	087	160	108	227	143	158	090	127	194	252	167	152	160	077	124	175	142	260	150	125	155	150	180	112	170	085	161	087	167	228	130	098	095	181	201	166	149
291	1	091	138	187	253	103	145	103	129	191	232	089	162	113	227	143	160	090	146	194	252	167	152	160	081	124	183	142	260	150	125	159	150	180	112	170	089	173	089	167	238	132	104	103	191	211	166	153
292	1	089	136	181	253	103	135	097	129	189	238	087	162	108	229	143	156	090	127	190	252	167	152	144	077	124	175	142	260	146	125	155	150	180	110	166	089	161	089	161	228	130	102	095	181	205	158	149
292	1	089	136	187	253	103	145	103	143	191	238	089	170	115	229	143	158	102	142	194	252	177	166	154	077	132	183	142	262	150	129	155	150	196	110	172	095	161	089	167	228	130	104	101	191	205	168	151
293	1	089	138	179	241	103	135	093	129	191	232	087	158	115	225	143	160	090	127	194	252	167	146	154	077	124	165	142	262	150	125	155	150	180	106	170	083	161	089	167	228	130	102	095	181	205	166	149
293	1	089	138	181	253	103	145	103	141	195	238	087	162	115	229	143	160	090	142	194	252	177	152	154	083	132	183	142	262	150	125	159	150	180	110	172	089	165	089	167	238	130	104	101	181	205	168	151
300	1	089	134	181	253	103	141	097	129	189	232	087	147	113	227	143	156	090	142	188	252	167	152	144	083	124	183	142	262	146	125	155	150	180	106	166	089	165	087	167	238	128	098	095	177	205	144	147
300	1	089	138	187	269	103	141	103	149	189	238	089	158	115	229	145	158	090	142	190	252	175	152	160	083	132	183	142	262	150	129	157	150	180	110	172	095	167	091	167	238	130	104	103	181	211	168	149
303	1	089	136	179	253	103	141	093	129	191	232	087	158	108	227	143	156	102	140	188	250	177	146	154	081	124	165	142	260	150	125	155	146	180	112	172	085	159	081	167	228	128	102	101	181	205	144	145
303	1	091	136	181	253	103	141	103	149	191	238	087	160	115	227	143	158	102	140	194	252	177	152	154	081	124	183	148	262	150	129	155	150	184	112	172	089	161	087	167	238	132	102	101	191	205	158	149
304	1	089	136	187	253	103	135	097	129	195	232	087	147	113	225	143	158	090	127	194	252	167	146	154	077	132	165	142	262	150	125	155	146	180	106	166	083	165	089	167	228	128	102	095	181	205	166	149
304	1	089	138	187	269	103	145	103	141	195	238	087	158	115	227	143	160	102	127	194	252	177	152	160	083	132	183	142	262	150	125	157	150	180	110	172	089	173	089	167	228	130	104	101	181	207	168	149
308	1	089	134	181	253	103	141	103	129	191	238	087	158	113	227	143	158	090	127	190	252	167	146	154	077	124	175	142	260	150	129	155	150	184	110	170	089	161	089	161	238	130	098	095	181	205	158	153
308	1	091	136	181	269	103	141	103	129	191	238	089	162	115	229	143	158	090	146	194	252	173	152	160	083	132	175	142	262	150	129	155	150	196	112	172	089	165	089	167	238	130	104	103	181	205	166	153
309	1	089	136	179	253	103	135	097	129	191	238	087	158	108	227	143	158	090	142	190	252	177	146	144	077	126	175	142	262	150	125	155	150	180	090	166	085	161	087	167	224	130	092	095	181	205	158	147
309	1	091	138	181	253	103	141	103	149	191	238	089	162	108	229	143	158	090	142	194	252	177	152	154	083	132	183	150	262	150	125	155	150	196	106	172	085	161	091	167	238	132	102	101	181	215	166	151
921	1	089	136	181	241	-9	135	093	129	189	232	089	147	108	227	143	158	090	142	190	252	167	146	144	083	124	179	138	260	140	129	155	148	180	110	166	085	165	087	167	236	130	098	095	181	205	158	149
921	1	091	136	181	253	-9	141	103	129	195	238	089	158	113	229	143	158	090	146	194	252	177	152	154	083	124	183	142	262	146	129	155	150	180	112	166	089	173	089	167	238	130	102	101	191	211	166	149
922	1	091	134	187	253	-9	-9	093	129	191	252	089	158	113	229	143	158	088	127	190	252	167	146	160	077	124	183	142	260	140	123	155	146	180	110	166	085	161	081	167	228	114	098	095	181	201	158	145
922	1	091	136	187	269	-9	-9	103	129	191	252	089	162	115	229	143	160	102	142	194	252	173	152	160	083	124	183	142	262	150	125	155	150	180	112	172	089	161	087	167	238	130	102	095	191	215	158	152
923	1	089	134	187	253	103	145	103	129	189	232	087	158	108	229	143	158	090	142	194	252	173	146	154	077	124	183	138	-9	150	125	155	150	180	112	172	089	161	087	167	228	128	102	101	181	201	158	149
923	1	091	136	187	269	103	145	103	141	191	238	087	158	113	229	143	158	102	146	194	252	173	152	160	083	124	183	142	-9	150	129	159	150	184	112	172	089	173	089	167	238	128	104	101	181	205	158	153
924	1	089	136	187	253	103	141	093	129	191	238	087	158	108	227	143	154	090	142	194	250	167	152	154	077	124	175	142	262	150	129	153	150	180	110	170	085	161	089	161	224	114	092	095	181	201	166	149
924	1	089	138	187	253	103	145	093	143	191	238	089	158	115	229	143	160	090	146	194	252	173	164	160	083	124	183	142	262	150	129	155	150	184	112	172	085	165	089	167	228	114	104	103	191	205	166	151
925	1	089	136	181	253	103	141	103	129	191	232	087	158	113	229	143	156	090	127	194	252	173	152	152	077	124	165	138	262	150	125	155	150	184	106	166	089	161	085	167	228	130	-9	-9	181	205	144	-9
925	1	091	136	187	253	103	141	103	141	191	238	089	162	115	231	143	158	090	142	194	252	173	152	154	077	132	175	142	262	150	129	157	150	192	112	172	089	165	089	167	238	130	-9	-9	191	207	168	-9
225	10	089	134	185	247	103	147	103	129	191	238	087	160	108	229	143	158	090	150	194	252	175	152	144	083	124	175	142	256	148	123	151	150	180	106	170	083	161	085	167	228	130	102	095	181	207	142	145
225	10	091	136	187	247	103	147	103	129	191	238	087	160	113	231	143	160	090	150	194	252	177	156	144	083	124	175	150	260	150	129	155	150	180	106	172	089	161	089	167	240	130	104	095	181	211	142	149
226	10	089	134	185	247	103	135	091	129	189	232	087	160	113	229	143	156	090	127	194	250	173	146	144	077	124	175	142	262	140	129	151	150	180	106	170	083	173	085	167	236	128	104	095	181	207	142	145
226	10	089	136	185	253	103	135	103	129	191	254	089	160	115	231	143	156	102	148	194	252	177	156	154	083	132	181	150	262	146	129	155	150	180	106	170	089	173	089	167	236	130	104	103	181	215	166	145
227	10	089	134	185	247	103	135	097	129	189	232	089	160	113	229	143	156	090	148	188	252	167	152	144	077	124	175	142	256	146	129	155	146	180	106	170	083	161	081	167	240	118	098	095	181	205	142	145
227	10	089	138	191	253	103	147	103	129	189	254	089	160	115	231	143	160	090	150	202	252	175	162	156	083	132	175	150	262	146	129	155	150	198	112	172	089	161	091	167	240	132	102	103	181	207	158	145
228	10	089	134	185	241	103	145	093	129	191	254	087	160	108	225	143	154	090	140	190	252	175	156	144	083	124	175	142	260	148	123	155	150	180	106	172	085	165	085	161	228	128	102	095	181	205	144	145
228	10	091	136	187	253	103	147	103	129	191	254	089	162	113	229	143	156	102	148	194	252	175	156	144	083	124	183	142	260	148	129	155	150	184	108	172	089	173	087	167	238	130	104	101	181	215	144	145
229	10	089	138	185	247	103	135	091	129	189	238	087	160	113	229	143	156	090	146	194	252	167	152	144	083	132	183	142	262	148	129	155	150	180	106	172	083	173	081	167	236	118	102	095	181	205	142	145
229	10	091	138	191	247	103	141	103	141	191	238	089	160	115	229	143	156	090	146	194	252	177	156	154	083	132	183	142	262	150	129	155	150	184	108	172	089	173	081	167	240	118	104	095	181	205	168	149
230	10	091	134	185	253	103	135	091	129	189	232	087	160	113	229	143	156	090	146	188	252	163	152	144	083	124	175	142	262	148	129	151	146	180	106	172	083	173	085	161	228	130	104	101	181	205	144	145
230	10	093	134	187	269	103	141	103	129	191	252	091	160	115	231	143	158	090	150	188	252	175	158	144	083	124	183	142	262	148	129	155	150	180	106	174	089	173	089	167	236	130	104	103	191	215	168	145
231	10	089	136	185	247	103	135	103	129	189	254	087	160	108	225	143	156	090	146	190	250	173	146	144	083	124	175	142	260	146	123	155	148	180	106	170	089	173	087	161	228	130	104	095	181	211	142	145
231	10	091	136	187	247	103	145	103	129	191	254	091	162	115	229	143	158	090	150	190	252	175	162	154	083	132	175	142	262	148	129	155	150	180	108	172	089	173	087	167	240	130	104	103	181	211	144	149
345	10	089	134	185	247	099	135	097	129	189	232	089	160	113	229	143	156	090	148	188	252	167	152	144	077	124	175	142	256	146	129	155	146	180	106	170	083	161	081	167	240	118	098	095	181	205	142	145
345	10	089	138	191	253	103	147	103	129	189	254	089	160	115	231	143	160	090	150	202	252	175	162	156	083	132	175	150	262	146	129	155	150	198	112	172	089	161	091	167	240	132	102	103	181	207	158	145
346	10	089	134	185	247	103	141	103	141	191	232	087	160	113	225	143	156	090	140	190	250	177	146	144	083	124	181	142	262	146	129	151	150	180	106	172	085	161	087	167	228	130	102	095	181	205	166	145
346	10	091	138	185	269	103	147	103	143	195	238	091	162	115	231	143	156	102	150	194	252	177	152	154	083	124	183	142	262	148	129	157	150	198	112	174	085	173	091	167	236	130	104	101	181	211	166	145
347	10	091	134	181	241	103	147	097	129	189	248	087	158	108	225	143	154	090	148	194	252	175	146	144	083	124	183	142	260	148	127	155	148	180	106	172	085	165	085	167	228	130	098	095	181	205	144	145
347	10	093	134	187	253	103	147	103	143	189	254	089	162	115	229	143	158	090	150	194	254	175	156	156	083	132	183	148	262	150	129	155	150	192	106	172	089	173	087	167	228	130	102	103	181	205	166	149
348	10	089	134	187	241	103	141	103	129	189	238	089	160	108	229	143	156	090	148	190	250	173	152	144	083	124	175	142	262	148	127	151	146	180	106	170	083	161	081	161	228	130	104	101	181	205	142	145
348	10	091	134	187	269	103	145	103	129	191	254	089	160	115	229	143	156	090	150	202	252	173	156	154	083	132	183	150	262	150	129	155	150	180	110	172	089	173	085	167	238	130	104	103	181	211	168	145
349	10	089	136	185	247	103	135	103	129	189	254	087	160	108	225	143	156	090	146	190	250	173	146	144	083	124	175	142	260	146	123	155	148	180	106	170	089	173	087	161	228	130	104	095	181	211	142	145
349	10	091	136	187	247	103	145	103	129	191	254	091	162	115	229	143	158	090	150	190	252	175	162	154	083	132	175	142	262	148	129	155	150	180	108	172	089	173	087	167	240	130	104	103	181	211	144	149
350	10	089	136	185	241	103	145	103	141	189	238	087	160	113	225	147	154	090	140	190	252	167	156	144	083	124	175	142	260	146	123	155	146	184	106	172	083	161	085	161	236	130	098	103	181	205	142	149
350	10	089	136	191	253	103	145	103	143	191	248	087	160	115	231	147	156	090	146	194	252	173	156	144	083	132	175	142	262	146	129	155	150	192	106	172	085	161	091	167	238	130	104	103	181	207	166	149
351	10	089	134	185	241	103	135	093	129	191	238	087	162	113	225	143	156	090	146	194	246	175	152	144	083	132	175	142	262	148	129	151	146	180	106	170	089	173	085	167	228	118	102	095	181	205	166	145
351	10	091	136	187	253	103	147	097	129	191	254	087	162	113	229	143	160	090	150	194	252	177	158	160	083	132	183	148	262	150	129	155	150	180	106	172	089	173	087	167	236	130	102	103	189	211	166	145
352	10	089	136	185	241	103	135	103	129	189	232	087	160	108	229	143	154	090	140	190	252	175	152	144	083	124	175	142	260	148	129	155	150	180	096	172	085	161	085	167	236	130	102	095	181	205	142	145
352	10	089	138	185	247	103	145	103	141	191	248	089	162	108	229	143	156	090	146	194	254	175	152	144	083	132	183	142	262	150	129	155	150	180	110	176	085	161	085	167	238	130	104	101	191	205	166	149
711	10	089	134	185	247	103	135	103	141	191	238	087	160	113	229	143	156	090	146	188	252	163	152	144	083	124	175	142	256	148	129	151	150	180	106	170	089	173	085	167	236	130	102	095	181	205	166	145
711	10	089	136	185	253	103	135	103	141	195	238	089	160	115	231	143	156	090	150	190	252	163	156	144	083	132	181	150	262	150	129	151	150	180	106	172	089	173	087	167	240	130	102	103	181	207	166	149
712	10	089	134	185	253	101	141	097	129	189	238	087	162	113	231	143	158	090	140	190	252	177	152	144	083	124	183	142	260	148	129	155	150	180	106	170	089	173	085	167	236	130	098	095	181	205	142	145
712	10	091	138	191	253	103	145	103	129	191	254	091	162	113	231	147	160	090	150	194	252	177	156	160	083	132	183	150	262	150	129	155	150	198	106	172	089	173	085	167	240	130	102	103	181	211	168	149
713	10	089	136	185	247	103	135	091	129	189	232	087	160	115	231	143	154	090	140	194	250	163	146	144	083	124	165	142	262	140	129	151	146	180	106	170	089	161	081	167	236	118	104	103	181	207	166	145
713	10	091	138	187	253	103	147	103	141	191	254	089	160	115	231	143	156	102	150	202	252	177	162	154	083	124	183	150	262	146	129	155	150	180	106	172	089	173	085	167	240	130	104	103	181	215	166	153
714	10	089	134	185	247	103	141	103	141	191	232	087	160	113	225	143	156	090	140	190	250	177	146	144	083	124	181	142	262	146	129	151	150	180	106	172	085	161	087	167	228	130	102	095	181	205	166	145
714	10	091	138	185	269	103	147	103	143	195	238	091	162	115	231	143	156	102	150	194	252	177	152	154	083	124	183	142	262	148	129	157	150	198	112	174	085	173	091	167	236	130	104	101	181	211	166	145
715	10	089	134	185	247	103	141	103	129	191	232	087	160	113	229	143	156	090	140	188	252	173	152	144	083	124	181	142	260	150	129	151	150	180	106	172	089	165	085	167	240	130	104	095	181	205	158	145
715	10	091	134	185	253	103	145	103	129	195	238	089	162	115	231	147	158	090	150	202	252	177	162	144	083	124	183	150	262	150	129	151	150	192	106	174	089	173	085	167	240	130	104	101	181	211	168	149
716	10	089	134	187	253	103	141	097	129	191	232	087	160	108	225	133	156	090	127	190	252	163	146	144	083	124	175	142	260	146	129	155	146	180	108	170	085	161	085	167	228	130	102	095	181	205	142	145
716	10	091	136	191	269	103	145	103	141	191	254	089	160	113	225	143	156	090	148	194	252	173	152	160	083	132	183	142	262	150	129	155	150	180	108	172	089	173	091	167	240	130	102	101	181	207	144	145
717	10	089	136	185	253	103	135	097	129	189	232	087	160	113	227	133	154	090	150	188	246	163	152	144	083	124	175	142	260	146	123	155	146	180	106	172	083	161	085	167	236	118	102	101	181	207	158	149
717	10	089	138	191	253	103	147	097	143	191	232	089	160	113	231	143	156	102	150	202	252	167	156	154	083	132	183	150	262	150	125	155	150	192	108	172	083	165	089	167	236	118	102	103	181	215	168	149
718	10	089	134	187	247	103	135	091	129	189	232	089	160	113	225	143	154	090	127	194	250	165	156	144	083	124	175	142	256	148	129	155	146	192	096	170	085	161	091	167	240	130	102	095	181	207	142	145
718	10	089	136	191	253	103	135	097	149	191	232	091	161	115	231	143	156	102	148	202	252	167	156	160	083	132	183	142	260	150	129	155	150	192	106	172	089	173	091	167	240	130	102	101	181	211	144	149
719	10	089	136	181	247	103	141	091	129	189	238	087	160	113	229	143	154	090	148	190	252	163	152	154	083	124	175	142	260	150	129	151	146	180	106	170	085	161	085	167	228	130	102	095	181	211	142	145
719	10	089	138	185	269	103	147	091	143	191	238	089	160	115	231	143	160	102	148	194	252	175	156	154	083	132	183	148	262	150	129	155	146	192	106	172	089	165	087	167	236	130	102	103	181	211	142	145
720	10	089	136	185	241	103	135	103	129	191	248	087	160	108	229	143	156	090	140	188	252	173	152	144	083	124	175	142	260	150	129	155	146	180	096	172	083	161	081	167	236	130	102	095	181	205	158	145
720	10	089	136	187	253	103	145	103	129	191	254	087	160	115	229	143	156	090	150	190	254	175	158	154	083	132	183	142	260	150	129	155	150	180	110	174	085	173	085	167	238	130	102	101	191	215	166	149
721	10	089	136	185	241	103	147	093	129	191	232	087	160	113	225	143	154	090	146	188	246	167	152	144	083	132	175	142	260	146	123	151	146	180	106	172	083	161	085	167	228	118	102	095	181	207	166	145
721	10	089	136	191	253	103	147	097	129	191	238	087	162	113	231	147	160	090	148	194	250	175	156	144	083	132	183	148	262	148	129	155	150	192	106	172	089	173	091	167	236	130	104	103	189	211	166	149
722	10	091	134	181	253	103	135	091	129	189	238	089	160	108	225	143	156	090	146	188	252	167	156	144	083	132	175	142	260	146	127	155	148	180	106	172	083	161	085	161	228	130	104	095	181	205	142	145
722	10	093	136	191	253	103	145	097	129	191	252	089	160	113	231	143	158	102	146	194	254	173	158	144	083	132	175	142	262	146	129	155	150	192	110	172	089	173	091	167	240	130	104	103	181	211	166	149
723	10	089	136	187	253	103	147	097	129	189	232	087	160	113	231	143	156	090	148	188	252	163	152	144	083	124	165	142	260	146	129	155	146	184	106	170	083	161	085	161	236	130	102	095	181	205	142	145
723	10	091	136	191	269	103	147	097	129	189	238	087	162	113	231	147	158	102	150	202	252	173	156	154	083	124	183	142	260	148	129	155	146	192	106	172	085	165	091	167	236	130	102	103	191	211	158	149
724	10	089	136	187	247	103	135	097	143	189	232	089	160	113	229	143	156	090	140	194	252	163	152	144	083	124	165	142	262	146	129	151	146	180	106	170	083	161	081	167	236	130	098	095	181	205	144	145
724	10	089	136	191	253	103	147	103	143	189	254	089	162	113	231	147	158	102	146	202	252	175	158	144	083	132	175	150	262	146	129	155	146	198	112	170	089	173	089	167	240	130	104	103	191	207	166	149
725	10	089	134	185	241	103	147	097	141	189	238	087	160	108	229	143	154	090	140	194	252	163	146	144	083	124	183	142	260	140	127	155	146	180	106	172	085	161	085	167	236	130	098	095	181	211	166	145
725	10	091	136	187	253	103	147	103	141	191	248	089	162	113	231	147	154	102	148	194	254	173	156	160	083	124	183	142	262	146	129	155	150	180	106	172	089	173	085	167	238	130	104	095	181	215	166	149
726	10	091	134	181	253	103	145	091	141	189	238	087	160	113	229	143	158	090	146	194	252	163	152	144	083	132	175	142	260	146	129	151	150	180	106	170	083	173	085	161	228	130	102	095	181	205	166	145
726	10	091	136	185	253	103	145	103	143	191	254	089	160	113	229	143	158	090	150	194	252	163	158	144	083	132	183	150	262	148	129	155	150	180	106	172	085	173	091	167	236	130	102	103	181	207	166	145
727	10	089	134	185	247	103	145	093	129	191	232	087	160	108	225	143	156	090	148	194	250	163	146	154	077	124	175	142	260	146	127	155	150	180	106	170	089	161	085	167	236	132	102	095	181	205	142	145
727	10	089	136	185	253	103	147	097	141	191	238	089	160	113	229	147	160	102	150	202	252	173	152	160	083	132	183	142	262	146	129	155	150	192	106	172	089	173	091	167	236	132	104	101	181	211	166	149
072	11	091	136	181	253	103	145	093	127	189	232	087	143	113	227	143	156	090	127	194	250	173	150	144	083	124	165	148	262	140	121	153	150	180	090	168	085	161	085	161	228	114	102	095	181	201	156	145
072	11	091	138	187	269	103	145	093	143	195	238	087	160	113	233	143	158	100	140	194	252	177	152	154	083	124	179	148	262	140	127	155	150	180	090	170	089	161	087	161	236	134	102	099	181	211	168	151
073	11	091	138	187	253	103	135	093	129	189	232	087	160	108	227	143	156	090	127	194	246	175	148	144	081	124	179	148	262	140	127	155	146	180	106	168	085	173	085	167	236	114	096	099	181	201	156	145
073	11	099	138	187	269	103	145	097	143	191	254	087	162	113	231	145	156	090	140	194	252	177	152	154	083	132	179	148	262	150	129	155	146	180	110	170	089	173	091	167	236	118	098	099	181	201	156	145
074	11	091	138	187	241	103	135	093	143	191	238	087	143	108	227	143	156	090	127	194	250	175	146	144	081	132	165	142	262	140	127	155	146	180	090	168	085	161	087	161	228	114	092	097	179	201	156	145
074	11	099	138	187	253	103	135	097	143	195	254	087	161	113	231	143	158	100	127	194	254	175	148	144	083	132	165	148	262	140	127	155	146	180	090	170	085	169	091	167	228	114	102	103	179	201	162	149
075	11	091	138	187	253	103	135	091	131	189	254	087	160	113	229	143	156	090	127	194	250	167	152	154	083	120	183	142	262	140	125	155	146	184	090	168	089	169	087	161	228	114	098	099	181	205	156	145
075	11	099	138	187	269	103	145	093	143	195	254	087	160	113	231	145	156	100	127	194	252	175	166	154	083	124	183	148	262	140	127	157	150	184	106	170	091	173	087	167	238	114	102	103	191	205	168	149
155	11	091	138	187	241	103	135	093	143	189	238	087	160	108	225	143	156	090	127	194	246	173	148	144	083	120	179	142	262	140	127	151	146	180	108	168	085	161	087	167	228	114	098	097	179	205	156	145
155	11	091	138	187	269	103	145	093	143	195	238	087	160	113	231	143	156	100	140	194	250	175	152	144	083	120	183	148	262	140	129	157	146	180	110	170	089	165	087	167	228	118	102	099	181	211	156	149
156	11	091	138	187	253	103	135	093	131	189	254	087	160	113	229	143	156	090	127	194	250	167	152	154	083	120	183	142	262	140	125	155	146	184	090	168	089	169	087	161	228	114	098	099	181	205	156	145
156	11	099	138	187	269	103	145	093	143	195	254	087	160	113	231	145	156	100	127	194	252	175	166	154	083	124	183	148	262	140	127	157	150	184	106	170	091	173	087	167	238	134	102	103	191	205	168	149
157	11	091	138	187	241	103	135	093	143	189	238	087	160	108	225	143	156	090	127	194	246	173	148	-9	083	120	179	142	262	140	127	151	146	180	108	168	085	161	087	167	228	114	098	097	179	211	156	-9
157	11	091	138	187	269	103	145	093	143	195	238	087	160	113	231	143	156	100	140	194	250	175	152	-9	083	120	183	148	262	140	129	157	146	180	110	170	089	165	087	167	228	118	102	099	181	211	156	-9
158	11	091	136	181	241	103	135	093	143	195	238	087	160	108	225	143	154	100	140	194	246	175	148	144	083	120	165	148	262	140	125	151	146	180	090	168	085	161	087	161	228	114	102	097	181	211	156	-9
158	11	091	138	187	253	103	135	093	143	195	254	087	160	113	225	143	156	100	140	194	252	177	152	144	083	124	183	148	262	140	129	155	150	180	108	170	089	165	087	167	228	118	102	099	191	211	156	-9
159	11	091	138	187	241	103	135	093	143	189	238	087	160	108	225	143	156	090	127	194	246	173	148	144	083	120	179	142	-9	140	127	151	146	180	108	168	085	161	087	167	228	114	098	097	179	205	156	-9
159	11	091	138	187	269	103	145	093	143	195	238	087	160	113	231	143	156	100	140	194	250	175	152	144	083	120	183	148	-9	140	129	157	146	180	110	170	089	165	087	167	228	118	102	099	181	211	156	-9
160	11	091	138	187	253	103	135	091	131	189	254	087	160	113	229	143	156	090	127	194	250	167	152	154	083	120	183	142	262	140	125	155	146	184	090	168	089	169	087	161	228	114	098	099	181	205	156	-9
160	11	099	138	187	269	103	145	093	143	195	254	087	160	113	231	145	156	100	127	194	252	175	166	154	083	124	183	148	262	140	127	157	150	184	106	170	091	173	087	167	238	134	102	103	191	205	168	-9
161	11	091	138	187	253	103	135	091	131	189	254	087	160	113	229	143	156	090	127	194	250	167	152	154	083	120	183	142	262	140	125	155	146	184	090	168	089	169	087	161	228	114	098	099	181	205	156	145
161	11	099	138	187	269	103	145	093	143	195	254	087	160	113	231	145	156	100	127	194	252	175	166	154	083	124	183	148	262	140	127	157	150	184	106	170	091	173	087	167	238	134	102	103	191	205	168	149
162	11	091	136	181	241	103	135	093	143	195	238	087	160	108	225	143	154	100	140	194	246	175	148	144	083	120	165	148	262	140	125	151	146	180	090	168	085	161	087	161	228	114	102	097	181	211	156	-9
162	11	091	138	187	253	103	135	093	143	195	254	087	160	113	225	143	156	100	140	194	252	177	152	144	083	124	183	148	262	140	129	155	150	180	108	170	089	165	087	167	228	118	102	099	191	211	156	-9
163	11	091	136	181	241	103	135	093	143	195	238	087	160	108	225	143	154	100	140	194	246	175	148	144	083	120	165	148	262	140	125	151	146	180	090	168	085	161	087	161	228	114	102	097	181	211	156	145
163	11	091	138	187	253	103	135	093	143	195	254	087	160	113	225	143	156	100	140	194	252	177	152	144	083	124	183	148	262	140	129	155	150	180	108	170	089	165	087	167	228	118	102	099	191	211	156	149
164	11	091	138	187	241	103	135	093	143	189	238	087	160	108	225	143	156	090	127	194	246	173	148	144	083	120	179	142	262	140	127	151	146	180	108	168	085	161	087	167	228	114	098	097	179	205	156	-9
164	11	091	138	187	269	103	145	093	143	195	238	087	160	113	231	143	156	100	140	194	250	175	152	144	083	120	183	148	262	140	129	157	146	180	110	170	089	165	087	167	228	118	102	099	181	211	156	-9
165	11	091	138	187	241	103	135	093	143	189	238	087	160	108	225	143	156	090	127	194	246	173	148	144	083	120	179	142	262	140	127	151	-9	180	108	-9	085	161	087	167	228	114	098	097	179	205	156	-9
165	11	091	138	187	269	103	145	093	143	195	238	087	160	113	231	143	156	100	140	194	250	175	152	144	083	120	183	148	262	140	129	157	-9	180	110	-9	089	165	087	167	228	118	102	099	181	211	156	-9
830	11	091	138	187	253	103	135	-9	129	191	238	087	143	108	225	143	154	090	127	194	250	175	150	144	081	122	179	142	260	140	127	151	146	180	106	170	085	161	087	167	236	114	096	095	179	201	162	-9
830	11	093	138	187	253	103	135	-9	143	195	254	087	161	115	233	145	158	100	138	194	254	175	152	144	083	124	179	148	262	150	127	153	146	184	110	170	085	169	091	167	236	118	102	103	191	201	166	-9
831	11	091	138	187	241	103	135	093	143	189	238	087	160	108	225	143	156	090	127	194	246	173	148	144	083	120	179	142	262	140	127	151	146	180	108	168	085	161	087	167	228	114	098	097	179	205	156	145
831	11	091	138	187	269	103	145	093	143	195	238	087	160	113	231	143	156	100	140	194	250	175	152	144	083	120	183	148	262	140	129	157	146	180	110	170	089	165	087	167	228	118	102	099	181	211	156	149
832	11	091	138	187	253	103	135	093	129	191	232	087	143	108	227	143	154	090	127	194	250	175	152	144	081	122	165	148	260	140	127	151	146	180	106	170	085	161	085	167	236	114	102	095	181	201	166	-9
832	11	093	138	187	253	103	145	093	143	191	254	087	160	113	233	145	158	100	138	194	252	177	152	144	083	124	179	148	262	140	127	151	150	184	110	170	089	173	091	167	236	114	102	099	191	211	168	-9
833	11	091	136	181	241	103	135	093	143	195	238	087	160	108	225	143	156	100	140	194	246	175	148	144	083	120	165	148	262	140	125	151	146	180	090	168	085	161	087	161	228	114	102	097	181	211	156	-9
833	11	091	138	187	253	103	135	093	143	195	254	087	160	113	225	143	156	100	140	194	252	177	152	144	083	124	183	148	262	140	129	155	150	180	108	170	089	165	087	167	228	118	102	099	191	211	156	-9
834	11	091	136	181	241	103	135	093	143	195	238	087	160	108	225	143	156	100	140	194	246	175	148	144	083	120	165	148	262	140	125	151	146	180	090	168	085	161	087	161	228	114	102	097	181	211	-9	145
834	11	091	138	187	253	103	135	093	143	195	254	087	160	113	225	143	156	100	140	194	252	177	152	144	083	124	183	148	262	140	129	155	150	180	108	170	089	165	087	167	228	118	102	099	191	211	-9	149
835	11	091	138	187	253	103	135	-9	129	191	238	087	143	108	225	143	154	090	127	194	250	175	150	144	081	122	179	142	260	140	127	151	146	180	106	170	085	161	087	167	236	114	096	095	179	201	162	145
835	11	093	138	187	253	103	135	-9	143	195	254	087	161	115	233	145	158	100	138	194	254	175	152	144	083	124	179	148	262	150	127	153	146	184	110	170	085	169	091	167	236	118	102	103	191	201	166	147
836	11	091	138	187	253	103	135	093	131	189	254	087	160	113	229	143	156	090	127	194	250	167	152	154	083	120	183	142	262	140	125	155	146	184	090	168	089	169	087	161	228	114	098	099	181	205	156	145
836	11	099	138	187	269	103	145	093	143	195	254	087	160	113	231	145	156	100	127	194	252	175	166	154	083	124	183	148	262	140	127	157	150	184	106	170	091	173	087	167	238	134	102	103	191	205	168	149
837	11	091	138	187	253	103	135	093	129	191	232	087	143	108	227	143	154	090	127	194	250	175	152	144	081	122	165	148	262	140	127	151	146	180	106	170	085	161	085	167	236	114	102	095	181	201	166	145
837	11	093	138	187	253	103	145	093	143	191	254	087	160	113	233	145	158	100	138	194	252	177	152	144	083	124	179	148	262	140	127	155	150	184	110	170	089	173	091	167	236	114	102	099	191	211	168	145
838	11	091	136	181	253	103	135	093	143	189	232	087	160	113	227	143	154	090	127	194	250	167	152	154	081	120	165	142	262	140	127	155	150	180	090	170	085	161	087	161	228	134	098	099	181	205	156	145
838	11	091	138	187	253	103	145	093	143	191	254	087	160	113	231	145	156	090	127	194	252	177	166	154	083	120	183	148	262	140	127	155	150	184	090	170	091	169	087	167	228	134	102	103	191	211	168	149
010	12	089	136	187	253	103	145	097	129	189	238	087	158	108	229	143	160	088	127	188	252	159	146	154	081	124	183	142	262	146	129	155	150	180	112	170	089	161	085	161	240	130	104	099	191	205	158	145
010	12	091	140	187	253	103	145	103	143	191	250	089	160	113	229	145	160	090	140	194	252	173	158	154	081	132	183	142	262	150	131	155	150	180	112	172	089	165	091	167	240	132	104	099	191	205	158	153
025	12	089	132	175	245	103	135	097	141	189	232	087	158	108	229	143	158	090	148	188	252	175	146	154	081	124	165	142	260	140	123	155	148	180	090	170	083	168	087	167	228	132	102	095	181	205	164	149
025	12	089	138	181	269	103	145	103	141	191	238	087	158	113	229	143	158	102	150	188	252	177	152	156	083	124	183	142	262	150	131	159	150	196	108	170	083	173	087	167	228	134	104	101	181	205	168	149
052	12	089	136	179	247	103	135	093	129	189	232	087	154	115	231	143	156	090	140	194	252	173	152	158	081	124	175	142	262	146	127	155	146	180	110	170	081	161	087	161	228	128	096	101	181	205	142	149
052	12	089	138	187	253	105	145	103	143	195	238	089	162	115	231	143	158	100	148	194	252	175	162	160	083	124	183	148	262	148	131	155	146	184	112	172	089	173	089	167	238	130	102	101	191	205	158	151
094	12	089	134	179	249	103	141	097	129	189	238	087	162	115	229	143	156	090	127	194	246	173	158	154	083	122	175	142	260	150	127	155	150	180	106	172	081	161	085	167	238	130	102	101	183	205	142	149
094	12	093	136	179	253	105	145	103	143	191	238	087	170	115	233	143	158	100	150	194	252	177	162	154	083	124	183	150	262	150	129	157	150	184	112	176	089	161	089	167	238	130	102	103	191	211	156	151
106	12	091	132	179	253	103	141	093	129	191	232	087	147	115	227	143	158	088	142	190	252	173	152	144	083	124	175	142	260	150	129	155	150	180	112	170	081	161	089	167	228	128	104	101	181	201	142	145
106	12	091	138	187	253	103	145	103	133	191	238	089	158	115	229	143	158	102	150	194	252	173	166	154	085	124	175	150	260	150	131	157	154	180	112	172	089	165	091	167	238	134	104	103	191	207	142	153
115	12	089	136	179	247	103	145	085	129	189	232	089	154	115	227	143	158	090	127	188	252	173	146	154	081	124	165	142	260	140	125	155	150	180	106	168	083	173	085	167	228	130	092	095	191	207	142	149
115	12	091	136	179	269	103	145	089	129	191	238	089	162	115	229	143	158	090	142	188	252	177	166	160	083	124	183	148	262	146	125	157	150	184	112	170	089	173	089	167	240	130	092	103	191	211	168	149
117	12	089	134	179	253	105	135	093	129	189	238	087	147	113	229	143	156	090	140	194	252	177	152	154	081	124	165	142	260	146	125	155	146	184	108	170	089	165	085	167	228	118	092	101	181	205	158	153
117	12	089	138	185	269	105	141	103	143	189	238	087	160	113	231	143	160	100	140	194	252	177	166	156	083	132	183	142	262	150	129	157	150	184	112	170	089	165	089	167	238	130	104	103	181	205	168	153
142	12	089	136	175	241	103	145	093	129	191	238	087	160	113	225	143	154	090	138	188	252	173	146	154	081	124	181	142	262	150	123	151	150	180	106	172	089	161	085	167	238	130	104	095	179	205	144	145
142	12	091	136	181	253	105	145	097	129	195	254	087	162	115	233	143	156	090	140	194	252	177	152	156	083	124	183	148	262	150	125	157	150	180	112	174	089	173	091	167	238	132	104	095	191	211	166	145
154	12	089	136	175	253	103	145	093	129	189	238	087	147	115	227	143	158	090	140	194	250	173	146	144	081	122	165	142	260	140	123	159	146	190	106	172	089	161	087	167	228	132	102	095	181	205	144	151
154	12	089	138	187	271	103	145	103	143	195	238	087	162	115	229	143	158	090	146	194	252	175	146	156	083	124	175	150	262	150	127	159	150	192	112	174	089	173	091	167	238	134	102	101	191	211	144	153
186	12	091	138	181	239	103	145	-9	129	189	238	087	149	113	225	143	156	090	140	194	250	167	146	154	083	122	165	142	262	140	129	155	146	184	108	166	089	165	081	167	228	130	102	095	181	205	158	145
186	12	091	140	187	253	103	145	-9	129	189	238	089	162	115	229	145	160	102	140	194	252	175	156	154	083	124	183	148	262	146	129	155	154	196	112	170	089	173	087	167	228	134	104	099	181	205	170	151
187	12	091	136	187	253	103	135	091	129	189	232	087	158	108	229	143	156	090	140	194	246	165	152	154	083	124	181	142	256	146	125	155	146	184	108	168	089	161	085	167	228	130	-9	099	181	201	142	145
187	12	091	140	187	253	103	145	103	129	191	232	087	162	108	231	147	158	100	142	194	250	177	152	154	083	124	183	148	262	150	125	159	150	196	112	170	089	165	089	167	238	132	-9	099	191	215	158	153
188	12	089	136	179	253	103	145	089	127	189	232	087	147	113	225	143	158	090	127	194	246	167	152	154	083	122	165	142	256	146	123	155	146	180	112	174	083	173	089	167	236	130	092	097	179	205	158	149
188	12	091	138	181	253	103	145	091	143	189	238	087	162	113	229	147	158	090	140	200	254	175	166	158	085	124	183	142	256	150	125	155	150	180	112	176	095	173	089	167	236	130	102	101	191	207	164	151
189	12	089	136	187	247	103	141	083	129	189	232	087	160	113	225	143	158	090	127	194	248	165	152	144	077	124	165	142	260	140	125	155	146	180	112	176	089	161	089	161	228	130	098	095	177	205	142	145
189	12	091	138	187	271	103	145	103	129	191	232	089	160	115	227	143	160	090	140	200	252	167	166	154	081	132	181	148	262	146	129	155	150	196	112	186	089	173	089	167	236	130	102	103	181	215	168	145
190	12	089	136	181	253	103	135	103	129	189	238	087	158	108	225	143	158	090	140	188	246	173	152	154	085	122	183	142	260	140	125	159	146	184	106	168	089	161	089	167	238	128	102	095	181	205	142	151
190	12	091	136	181	253	103	147	103	143	195	238	089	161	115	229	143	158	090	140	192	252	177	166	158	085	124	183	148	262	146	125	159	154	192	108	170	089	173	091	167	238	132	102	099	191	205	142	153
193	12	089	136	179	253	103	145	085	129	189	232	087	147	108	229	143	156	090	127	188	246	175	152	154	083	124	175	142	262	146	125	155	146	180	110	166	085	165	089	161	238	130	102	101	181	205	142	145
193	12	093	136	187	253	103	145	089	143	189	252	089	162	113	231	143	158	090	148	188	252	177	162	154	083	124	183	148	262	150	129	155	150	180	112	170	089	165	091	167	238	134	104	101	181	215	168	151
197	12	089	136	179	253	103	141	083	143	189	238	087	158	108	229	143	156	090	138	194	252	167	146	154	081	124	165	142	260	140	123	151	146	180	110	172	089	161	085	167	228	118	104	099	181	211	162	149
197	12	091	138	181	269	103	145	089	149	195	252	087	158	115	229	143	158	102	146	200	252	175	152	156	083	124	183	150	262	140	129	155	150	184	112	176	089	173	089	167	240	130	104	103	181	211	164	151
208	12	091	136	187	253	103	145	097	129	191	238	087	158	108	229	143	156	090	140	188	252	159	146	154	081	120	165	142	260	146	129	155	146	184	110	170	083	173	081	161	228	130	102	099	181	205	142	153
208	12	091	140	187	253	105	145	105	129	191	238	089	170	115	229	143	160	090	146	194	252	163	162	154	083	132	183	148	262	150	129	159	150	192	112	172	085	173	085	165	236	130	104	103	181	205	158	153
211	12	091	136	175	247	103	135	093	129	189	232	087	162	115	229	143	158	088	138	188	252	167	158	154	081	132	165	142	260	150	125	153	150	184	106	170	081	161	089	167	228	114	104	095	181	201	158	149
211	12	093	136	187	253	103	145	103	141	189	238	089	162	115	229	143	158	090	140	194	252	167	162	156	083	132	183	150	262	150	129	155	150	198	106	172	083	165	089	167	238	132	104	101	191	211	158	149
216	12	089	134	187	241	103	141	093	129	189	232	087	147	113	225	143	154	090	140	194	252	159	152	154	081	124	175	142	260	150	125	155	148	180	112	170	089	155	085	161	228	114	098	095	191	205	142	145
216	12	093	138	187	241	103	145	097	129	195	238	087	170	115	229	143	158	090	148	194	252	167	152	154	081	124	183	148	262	152	129	155	150	192	112	174	089	173	091	167	236	130	104	103	191	211	142	153
224	12	089	136	187	253	102	145	097	129	189	232	087	160	115	227	143	158	090	127	194	252	167	152	144	081	132	181	142	260	146	129	153	150	184	108	170	089	161	085	167	228	130	102	095	181	207	168	145
224	12	089	138	191	253	103	145	097	129	191	238	089	162	115	229	143	158	102	140	194	252	177	152	160	083	132	183	150	262	150	129	159	150	196	108	174	089	161	091	177	236	130	102	101	191	207	168	149
233	12	089	136	179	241	103	141	093	129	189	238	087	161	115	227	143	158	090	148	188	252	167	162	154	081	124	179	142	260	150	125	155	146	184	106	172	089	161	081	167	228	128	104	103	181	205	142	145
233	12	091	138	185	271	103	141	103	143	189	238	089	162	115	231	143	158	090	150	194	252	173	164	154	083	132	179	148	262	150	129	159	146	192	112	178	089	173	081	167	228	130	104	103	191	205	142	145
246	12	089	138	187	247	103	145	097	129	191	232	087	149	115	225	143	156	090	127	188	252	173	146	154	083	124	183	142	256	150	129	155	146	180	108	166	085	165	081	161	238	130	098	099	181	205	142	145
246	12	089	138	191	253	103	147	097	129	191	238	087	162	115	229	143	158	090	140	190	252	175	152	154	083	124	183	142	262	150	129	159	150	180	112	170	091	173	089	167	238	134	104	103	183	215	162	153
344	12	089	138	179	269	103	135	089	143	189	238	087	162	113	231	143	154	090	140	194	252	159	146	144	083	124	183	142	258	140	125	153	150	192	106	176	081	161	089	167	228	128	104	099	191	211	142	145
344	12	089	138	187	269	103	135	103	149	191	238	087	162	113	231	143	154	090	142	194	254	173	158	158	083	132	183	148	262	146	129	155	150	196	112	178	083	169	091	167	238	130	104	103	191	211	158	153
364	12	089	134	179	253	103	135	091	143	191	238	087	158	113	229	143	158	088	127	194	246	177	158	144	081	124	179	142	260	140	125	155	150	180	106	170	089	161	081	165	228	118	092	099	179	205	142	149
364	12	089	134	181	253	103	141	091	149	191	238	089	158	115	229	145	160	102	140	194	250	177	162	154	083	132	183	148	262	146	129	157	150	192	110	172	089	173	081	167	228	128	104	101	181	207	158	151
428	12	089	134	179	239	103	135	091	129	189	238	087	160	113	229	143	156	090	140	194	252	163	152	144	077	124	175	148	260	146	125	155	146	184	112	174	089	161	081	167	228	114	104	101	177	205	144	143
428	12	089	140	181	253	103	145	097	145	189	238	091	162	115	231	143	158	090	142	194	252	167	158	156	081	124	183	148	262	150	129	155	150	198	112	178	089	173	085	167	236	130	104	103	181	211	158	145
435	12	089	136	179	241	103	141	093	129	189	238	087	161	115	227	143	158	090	148	188	252	167	-9	154	081	124	179	142	260	150	125	155	146	184	106	172	089	161	081	167	228	128	104	103	181	205	142	145
435	12	091	138	185	271	103	141	103	143	189	238	089	162	115	231	143	158	090	150	194	252	173	-9	154	083	132	179	148	262	150	129	159	146	192	112	178	089	173	081	167	228	130	104	103	191	205	142	145
436	12	089	134	179	253	103	141	097	129	189	238	087	161	115	229	143	156	090	142	194	246	163	-9	154	081	124	175	142	260	150	129	155	150	180	106	168	083	161	089	161	238	130	098	099	181	205	142	151
436	12	089	136	187	253	105	145	103	143	189	238	087	161	115	229	143	158	090	142	194	248	167	-9	154	083	132	175	148	260	150	131	155	150	180	112	172	085	167	091	167	238	130	104	101	191	211	144	153
440	13	089	134	181	253	103	145	093	129	189	232	087	158	108	229	143	158	090	127	190	252	167	146	154	081	132	165	142	260	150	129	155	146	184	106	170	085	161	089	161	228	128	102	103	181	205	142	149
440	13	091	138	181	253	103	145	097	129	191	238	089	160	115	229	143	158	090	150	194	252	167	152	154	083	132	165	142	262	152	129	157	150	192	112	172	089	173	089	167	238	130	104	103	181	205	166	149
442	13	089	136	181	241	103	141	097	129	189	238	087	143	115	229	143	158	090	138	194	252	159	146	144	083	124	165	142	260	140	125	155	150	180	106	174	089	161	081	161	238	134	092	097	179	205	168	145
442	13	091	136	187	253	103	141	105	129	191	238	087	147	115	229	143	158	102	148	194	252	177	158	154	085	124	179	142	262	146	129	159	150	192	110	174	089	173	089	167	238	134	104	103	181	205	168	151
443	13	089	136	179	241	103	141	091	143	191	238	089	161	113	225	143	158	090	140	194	252	175	146	154	083	124	175	142	260	146	125	155	150	184	112	170	089	161	089	167	228	130	096	101	179	205	158	151
443	13	089	136	181	241	103	145	097	149	195	252	089	162	115	231	145	158	102	142	194	252	175	152	154	085	124	181	142	262	150	129	155	150	192	112	170	095	165	091	167	238	132	102	101	181	211	164	153
452	13	089	138	179	247	103	135	083	129	189	238	091	158	115	227	143	156	090	140	194	252	173	146	154	083	124	165	142	260	150	129	155	146	192	106	170	089	165	085	161	238	118	104	101	181	215	142	149
452	13	089	138	187	253	103	145	103	129	191	252	091	162	115	229	143	158	090	146	200	252	173	150	154	085	132	175	148	262	150	129	159	146	198	106	172	089	173	089	167	240	130	104	101	181	215	158	153
481	13	089	134	181	247	103	135	089	129	189	232	087	158	113	229	143	158	090	140	194	252	165	146	144	083	124	165	142	260	140	123	155	150	180	106	170	089	161	089	167	236	130	104	095	181	205	166	145
481	13	091	138	187	253	105	141	103	143	189	238	087	158	115	229	143	158	102	150	194	252	177	158	154	083	124	175	142	262	146	125	159	154	184	106	174	089	165	089	167	238	132	104	101	181	207	168	151
482	13	089	136	181	269	103	141	089	129	189	232	087	158	108	229	143	158	090	148	194	252	165	152	154	081	132	175	142	262	146	125	155	146	184	108	168	085	161	081	161	228	128	096	095	181	211	142	149
482	13	091	138	187	271	103	145	097	149	191	238	091	170	115	229	145	160	090	148	200	252	177	158	154	085	132	183	150	262	150	125	155	146	192	112	172	089	169	089	167	236	130	102	101	181	211	158	151
486	13	089	140	175	269	103	145	093	129	195	238	087	160	115	227	143	154	090	140	190	252	173	146	154	083	124	175	142	260	146	123	153	150	180	110	166	089	161	085	161	228	130	102	095	181	201	142	149
486	13	089	142	181	269	103	145	103	149	195	252	087	162	115	229	143	156	102	140	194	252	175	152	160	083	124	175	148	262	150	129	155	150	192	112	172	089	165	089	167	236	130	104	103	181	205	142	153
487	13	089	134	181	253	103	141	089	129	189	238	087	149	115	227	143	158	088	140	190	252	165	146	154	081	124	183	142	262	140	123	155	146	184	090	170	085	161	089	161	228	128	104	099	181	211	142	151
487	13	091	138	181	253	103	141	093	149	191	238	087	162	115	229	143	160	090	142	200	252	177	152	154	083	132	183	142	262	148	127	157	148	192	112	172	089	173	089	167	228	130	104	101	191	215	158	153
488	13	089	138	181	253	103	135	083	141	189	238	087	158	115	227	143	156	090	142	194	252	173	146	154	081	132	175	142	260	150	125	155	150	196	106	174	089	173	089	167	228	128	096	095	177	205	166	149
488	13	089	138	187	269	105	135	085	143	191	238	087	161	115	229	145	158	102	142	194	252	177	152	154	083	132	179	150	262	150	129	159	154	196	112	174	089	173	089	167	238	128	104	103	181	207	166	149
491	13	089	134	181	253	103	141	093	129	189	238	087	158	108	225	143	158	090	127	194	244	163	142	154	083	124	165	142	260	150	123	155	146	180	106	168	083	165	087	167	238	128	098	095	181	205	142	145
491	13	089	136	187	269	104	141	103	129	191	252	087	160	109	229	143	158	090	127	200	252	177	152	156	083	132	179	142	262	150	125	157	150	184	108	172	089	173	091	167	240	130	104	103	191	205	168	149
492	13	089	134	179	253	103	141	097	129	189	238	085	160	115	229	143	158	088	140	190	246	177	146	154	083	124	183	142	260	146	127	155	146	180	110	170	085	169	081	167	228	130	104	099	179	205	142	149
492	13	089	136	185	269	103	145	103	133	191	252	087	162	115	229	143	158	102	150	200	252	177	152	154	083	124	183	142	262	146	127	157	148	180	112	174	089	173	091	167	228	130	104	103	191	205	158	149
493	13	089	134	179	241	103	141	093	129	189	238	087	160	113	229	143	156	102	146	194	252	173	146	154	077	124	175	142	260	150	129	157	150	192	106	172	089	161	085	167	228	118	102	095	181	201	142	149
493	13	091	138	187	253	103	141	103	129	189	238	087	162	115	229	143	160	102	148	200	252	177	152	160	083	124	183	150	262	150	129	159	150	192	110	174	089	173	089	167	240	130	104	101	191	205	158	153
494	13	091	138	179	253	103	135	091	129	189	238	087	158	108	229	143	158	090	127	194	246	173	146	144	081	124	183	142	260	150	127	155	150	180	112	172	081	161	089	161	228	130	098	103	181	205	142	149
494	13	091	138	181	253	105	141	103	143	189	238	087	162	113	229	147	158	090	140	200	252	177	152	154	081	132	183	150	262	152	129	159	150	184	112	174	083	165	089	161	238	132	102	103	191	211	142	149
495	13	091	134	179	241	103	135	089	129	189	238	087	160	113	225	143	158	090	148	194	252	177	152	154	081	122	165	142	260	140	127	153	150	180	106	172	089	161	085	167	228	130	104	101	181	205	142	-9
495	13	091	138	187	269	103	141	093	129	189	238	087	160	113	229	143	160	102	148	200	252	177	152	160	083	124	175	150	262	150	129	159	150	192	112	172	089	173	087	167	236	130	104	103	191	211	158	-9
496	13	089	132	179	253	103	135	083	143	189	232	087	143	113	231	143	158	090	127	188	250	175	146	154	081	124	175	142	260	146	123	155	146	180	106	172	089	159	081	161	228	128	102	095	181	205	142	145
496	13	091	138	179	253	104	141	097	149	191	238	087	162	113	233	143	158	102	150	200	252	177	150	156	083	132	175	150	262	150	129	155	150	192	106	176	089	167	089	167	238	130	102	095	181	211	166	149
497	13	089	132	179	241	103	135	103	129	189	238	087	158	108	227	143	154	090	127	188	252	173	150	154	083	124	165	142	260	146	123	155	150	180	108	172	089	165	081	167	228	130	092	103	181	205	142	149
497	13	093	140	181	253	103	145	103	133	195	238	089	158	113	227	143	158	102	142	190	252	173	162	154	083	136	183	148	260	150	129	155	150	184	112	176	089	165	091	167	228	134	102	103	181	207	142	151
498	13	089	136	175	241	103	141	093	129	189	232	087	160	115	225	143	158	090	127	188	252	173	146	154	077	124	179	142	260	150	125	155	150	180	106	170	081	161	085	167	228	128	102	095	181	207	142	145
498	13	091	138	179	253	103	145	093	129	189	238	089	162	115	227	143	158	090	146	200	254	173	152	154	081	124	183	148	262	150	129	159	150	190	110	174	081	169	089	167	238	128	104	099	181	211	144	149
499	13	089	134	181	253	103	141	093	129	189	238	087	158	108	225	143	158	090	127	194	244	163	142	154	083	124	165	142	260	150	123	155	146	180	106	168	083	165	087	167	238	128	098	095	181	205	142	145
499	13	089	136	187	269	103	141	103	129	191	252	087	160	109	229	143	158	090	127	200	252	177	152	156	083	132	179	142	262	150	125	157	150	184	108	172	089	173	091	167	240	130	104	103	191	205	168	149
500	13	089	134	179	241	103	145	091	129	189	238	087	149	113	229	143	156	090	127	190	246	173	152	144	081	124	165	142	260	150	129	155	146	180	112	172	089	165	089	161	238	130	098	099	181	205	142	149
500	13	091	138	181	253	103	145	103	143	189	238	087	162	115	229	143	158	090	148	194	252	177	152	154	083	132	165	142	260	150	129	159	146	184	112	174	089	165	089	167	238	132	104	101	193	207	142	153
501	13	089	138	179	241	103	145	093	129	191	238	087	160	108	229	143	158	102	140	190	246	167	152	154	081	120	179	142	256	146	125	155	146	180	108	168	085	165	085	161	228	130	104	095	181	205	142	147
501	13	091	138	187	253	103	145	103	143	191	252	089	162	115	229	143	158	102	146	194	252	173	152	154	081	122	179	150	262	150	129	155	146	180	110	174	089	165	091	167	238	132	104	099	181	215	162	151
502	13	089	134	185	253	103	145	097	129	189	232	087	160	108	229	133	156	088	140	188	252	167	146	154	081	132	165	142	260	146	125	153	146	180	106	170	081	165	089	161	238	128	102	101	181	205	142	151
502	13	091	138	187	269	103	145	103	129	189	232	087	160	115	231	143	156	090	140	188	252	177	164	154	083	132	175	142	262	148	129	153	150	184	112	172	083	169	091	167	240	130	102	103	181	205	164	153
512	13	089	134	181	241	103	141	083	129	189	232	087	161	108	229	143	154	090	140	188	252	173	146	144	083	122	165	142	260	140	125	153	146	184	106	170	085	161	089	161	238	130	104	099	181	205	144	149
512	13	091	136	181	247	103	145	097	149	191	238	089	170	115	229	147	158	090	148	194	252	177	152	154	083	124	175	148	262	148	127	155	150	196	112	174	089	173	089	161	240	134	104	103	181	205	168	151
513	13	089	134	181	241	103	141	085	129	189	232	087	160	108	229	143	156	090	127	194	252	167	152	156	083	124	165	142	262	146	129	157	146	184	108	170	089	161	085	161	228	130	096	101	181	201	164	149
513	13	091	136	187	253	103	145	103	129	191	238	087	160	115	229	143	158	090	142	194	252	173	152	156	085	132	183	148	262	150	129	159	150	192	112	176	089	161	089	167	238	132	098	101	181	211	168	151
514	13	089	134	187	253	103	145	093	143	189	232	087	158	108	225	143	156	090	140	194	252	163	146	154	081	124	183	142	262	146	121	151	146	180	106	170	081	161	085	167	228	128	104	103	181	201	142	149
514	13	091	134	191	269	103	145	103	143	191	236	087	160	115	229	143	158	090	148	194	252	167	152	154	083	132	183	142	262	150	125	157	150	192	112	172	089	173	089	167	240	130	104	103	191	205	166	151
515	13	091	134	187	253	103	135	089	129	189	238	087	158	113	229	143	158	090	142	194	252	173	152	154	083	122	175	142	256	140	129	157	146	180	106	172	089	161	087	167	228	128	102	101	181	205	142	151
515	13	091	138	187	269	103	147	089	129	189	238	087	160	113	229	143	160	102	148	200	252	177	152	160	083	124	183	142	260	150	131	159	150	180	110	174	089	173	089	167	236	130	104	103	191	211	158	151
516	13	089	138	179	253	103	141	093	129	189	238	087	160	113	227	143	158	102	127	194	252	175	146	154	083	124	175	142	260	140	129	155	150	180	106	172	089	165	087	161	228	130	102	101	181	205	142	153
516	13	091	140	187	253	105	145	093	143	189	238	087	162	115	229	143	158	102	146	194	252	175	152	154	083	132	179	142	262	150	131	155	150	192	108	172	095	165	091	167	240	130	102	103	191	215	158	153
517	13	089	134	175	247	103	145	093	129	189	232	087	158	115	229	143	154	090	127	188	252	173	146	144	081	124	175	142	260	148	127	155	150	184	106	170	089	161	087	161	238	130	104	099	181	211	142	149
517	13	091	142	187	253	103	145	103	143	189	252	087	162	115	229	145	156	100	142	188	252	175	152	156	083	132	183	148	262	150	129	157	150	192	106	172	089	173	089	167	240	134	104	101	181	215	166	153
522	13	089	134	181	253	103	141	093	129	189	232	087	161	108	227	143	158	088	140	200	250	163	152	156	081	124	179	142	260	146	129	155	146	180	106	174	089	161	089	161	228	118	098	101	179	201	168	145
522	13	091	138	187	253	103	145	103	129	189	238	087	162	113	229	143	158	090	142	200	252	167	152	160	083	124	183	142	262	150	129	157	150	196	110	176	089	177	089	167	238	130	104	103	181	215	168	147
523	13	089	138	179	253	103	145	103	129	189	232	087	158	108	231	143	156	090	127	190	252	167	152	154	083	124	165	142	256	140	125	155	148	180	108	170	083	155	085	161	238	130	092	095	191	205	142	151
523	13	091	138	181	253	103	145	103	149	191	238	087	162	113	231	147	158	090	148	194	252	167	152	160	083	124	175	148	260	146	129	157	150	196	110	178	089	173	087	161	238	130	104	103	191	211	164	153
748	13	089	136	179	241	103	141	083	143	189	238	087	161	108	225	143	156	090	138	194	252	177	152	144	077	120	175	142	262	140	125	155	146	180	110	172	089	169	087	167	228	118	098	103	181	205	166	149
748	13	091	140	187	253	104	147	089	143	191	252	087	161	113	231	147	156	090	140	194	252	177	158	156	081	124	183	142	262	150	129	157	150	184	112	174	089	173	089	167	228	130	104	103	191	211	166	149
749	13	089	138	181	253	103	135	093	129	191	238	087	143	113	229	143	154	088	142	194	252	173	142	154	081	122	183	142	262	150	123	155	150	180	106	172	085	165	089	-9	228	118	104	103	177	205	142	-9
749	13	091	138	187	253	104	135	105	143	191	238	087	143	115	229	143	158	090	146	194	252	173	142	154	081	132	183	142	262	150	125	155	150	192	112	174	089	165	089	-9	240	128	104	103	181	211	142	-9
750	13	089	134	187	253	103	145	093	129	191	238	087	162	113	227	143	154	090	127	190	252	167	152	154	081	124	175	142	256	148	125	155	150	196	108	170	085	165	089	167	228	130	098	099	181	205	142	-9
750	13	091	136	187	253	104	145	103	143	195	238	089	162	115	233	143	158	090	140	194	252	167	166	154	081	132	183	148	260	150	129	157	154	198	110	174	085	169	091	167	240	130	098	103	191	211	158	-9
751	13	089	136	175	247	103	145	-9	129	189	238	087	158	113	229	143	156	090	142	194	252	167	152	156	081	124	165	142	262	146	123	155	146	180	106	170	085	161	089	167	228	130	092	101	181	205	142	-9
751	13	091	136	179	253	103	145	-9	143	189	238	087	162	115	229	143	156	090	142	194	252	173	152	156	083	124	165	142	262	150	129	155	150	180	112	174	089	165	091	167	228	130	092	101	191	211	170	-9
752	13	089	134	181	241	103	135	093	129	189	248	087	154	113	227	143	154	088	142	188	252	159	152	154	081	124	165	142	256	140	127	157	146	180	108	172	085	155	081	167	228	130	096	101	181	205	142	145
752	13	089	136	187	271	103	141	097	143	191	252	091	160	115	231	143	160	090	148	194	252	167	152	156	081	132	179	142	256	150	129	159	148	192	112	178	089	173	091	167	240	130	098	103	191	207	168	149
753	13	089	134	181	241	103	135	093	129	189	248	-9	160	113	227	143	154	088	142	188	252	159	150	154	081	124	165	142	256	140	127	157	146	180	108	172	085	155	081	167	228	130	096	101	181	205	142	145
753	13	089	136	187	271	103	141	097	143	191	252	-9	160	115	231	143	160	090	148	194	252	167	152	156	081	132	179	142	256	150	129	159	148	192	112	178	089	173	091	167	240	130	098	103	191	207	168	145
754	13	089	134	181	241	103	141	-9	129	189	238	087	160	113	227	143	158	090	127	194	252	167	146	144	081	124	165	142	262	140	123	153	146	180	110	166	083	161	081	167	228	128	104	101	181	201	142	153
754	13	091	138	187	253	103	141	-9	129	189	238	087	162	113	227	145	158	090	140	200	252	173	152	154	081	132	179	142	262	146	127	155	146	184	112	172	089	165	089	167	228	130	104	103	181	215	158	153
755	13	089	136	181	253	-9	145	093	129	191	232	087	160	113	227	143	158	090	140	190	252	173	152	154	-9	124	165	138	260	150	123	155	146	180	106	170	085	169	085	167	228	118	102	095	181	205	142	145
755	13	089	138	187	269	-9	145	103	129	195	238	087	162	115	229	143	158	090	150	194	252	175	152	156	-9	124	183	142	262	150	129	155	150	196	106	172	095	169	087	167	240	130	104	103	181	211	142	153
756	13	089	134	179	253	103	145	089	129	189	238	087	162	113	227	143	158	090	140	194	252	173	146	144	081	124	165	142	260	140	123	155	150	180	106	174	083	165	089	161	238	130	102	103	177	201	142	153
756	13	089	138	185	269	103	145	093	129	189	238	089	170	115	229	143	160	090	146	200	254	177	152	144	085	124	175	148	260	150	129	157	150	190	112	174	089	169	091	167	238	132	102	103	181	205	168	153
757	13	091	134	185	253	103	135	093	143	191	232	087	160	113	227	145	156	090	142	188	252	167	146	-9	083	132	175	142	260	146	123	155	150	180	108	178	089	161	081	167	228	130	092	101	191	205	142	151
757	13	093	138	187	269	103	145	103	143	191	238	087	170	115	227	147	160	090	150	194	252	177	158	-9	083	132	183	142	260	146	129	159	150	180	112	178	089	169	089	167	228	132	104	103	191	205	142	151
758	13	091	134	175	253	103	141	083	129	189	232	087	143	113	229	-9	160	090	127	194	252	173	146	154	077	124	181	142	260	150	123	159	146	184	106	174	085	161	089	167	228	128	092	101	181	205	144	-9
758	13	091	136	179	253	103	145	093	143	195	232	087	170	115	229	-9	160	090	127	194	252	175	158	154	081	132	183	142	262	150	125	159	150	196	112	176	085	173	091	167	238	130	104	103	181	215	158	-9
759	13	089	134	179	253	103	145	093	129	189	238	087	158	113	229	143	158	090	127	188	252	173	152	144	081	124	165	142	260	150	123	155	150	180	106	172	089	165	089	161	228	128	098	099	181	205	162	149
759	13	091	140	181	253	103	145	103	129	195	238	087	162	115	229	143	158	090	127	190	254	173	152	144	083	132	183	142	262	152	129	159	150	184	108	172	089	175	089	167	240	128	104	103	193	207	166	153
760	13	089	138	181	241	103	141	093	143	191	232	087	160	113	227	143	158	090	140	194	252	173	146	154	081	132	175	142	260	140	129	155	146	180	106	166	085	165	089	167	228	130	104	101	181	205	-9	149
760	13	089	138	185	253	103	141	103	143	195	232	089	170	115	229	147	158	102	150	194	252	177	158	160	083	132	175	142	262	150	131	159	150	180	112	172	095	173	089	167	228	134	104	101	193	205	-9	149
761	13	089	136	185	253	103	141	103	143	189	238	087	162	113	225	143	154	100	140	194	252	167	150	154	081	124	165	142	262	140	127	155	150	192	106	170	089	169	085	167	228	128	102	095	181	205	142	149
761	13	091	142	187	253	103	141	103	143	189	238	087	170	115	229	143	156	102	148	200	252	177	152	154	083	124	175	148	262	150	129	159	150	196	112	172	089	173	089	167	238	128	104	103	191	205	142	151
762	13	089	134	175	269	103	141	093	143	191	232	087	149	115	229	143	156	090	140	188	252	173	152	154	081	122	175	142	260	140	123	-9	150	180	106	166	085	161	089	167	228	130	104	095	181	207	142	-9
762	13	091	138	179	269	103	141	093	143	195	238	087	149	115	229	143	156	090	142	194	254	173	152	154	081	132	183	142	260	146	129	-9	152	180	112	174	089	161	089	167	228	130	104	101	181	207	142	-9
763	13	089	138	175	253	103	145	103	129	189	232	087	158	113	227	143	152	090	127	194	252	173	152	144	081	122	165	142	260	148	129	155	150	180	108	168	085	165	089	167	228	118	102	103	181	205	162	149
763	13	091	138	181	269	103	145	103	129	195	238	087	160	115	229	143	158	090	150	194	252	177	152	144	085	124	165	142	266	150	129	155	150	180	112	172	089	165	089	167	238	130	102	103	181	215	166	151
764	13	089	134	181	253	103	135	093	129	189	238	087	158	113	227	143	156	090	127	188	244	173	146	154	081	124	165	138	260	140	127	155	150	184	106	172	083	161	085	165	228	118	104	095	191	205	142	149
764	13	091	142	187	253	103	141	103	129	195	238	087	160	113	227	143	156	090	150	194	252	173	152	160	085	124	183	138	260	150	129	157	150	192	112	172	083	161	085	167	240	130	104	103	191	205	166	151
765	13	089	134	179	253	103	145	093	129	189	238	087	158	113	229	143	158	090	127	188	252	173	152	144	081	124	165	142	260	150	123	155	150	180	106	172	089	165	089	161	228	128	098	099	181	205	162	149
765	13	091	140	181	253	103	145	103	129	195	238	087	162	115	229	143	158	090	127	190	254	173	152	144	083	132	183	142	262	152	129	159	150	184	108	172	089	175	089	167	240	128	104	103	193	207	166	153
767	13	089	132	175	249	103	141	097	129	191	232	087	160	113	227	143	158	090	140	188	246	167	152	144	083	132	165	142	260	146	125	153	146	180	108	172	085	165	089	161	232	130	092	103	181	205	142	149
767	13	091	134	179	253	104	147	103	129	191	238	087	160	115	229	145	160	090	140	194	252	175	152	154	083	132	165	142	262	146	127	155	150	192	108	172	089	173	091	167	238	132	104	103	191	207	168	151
768	13	089	134	179	247	103	135	093	129	195	238	087	160	115	225	143	158	088	146	188	252	173	146	156	081	124	165	142	260	146	129	155	150	180	090	168	085	173	089	167	228	130	098	101	191	211	142	149
768	13	091	138	187	271	103	141	103	143	195	238	087	162	115	229	143	160	090	148	194	252	177	166	158	081	132	175	150	262	150	129	157	152	180	106	172	089	173	091	167	238	134	104	103	191	211	142	149
769	13	091	136	179	253	102	145	103	129	189	238	089	160	108	225	143	156	090	127	188	252	167	146	154	081	122	175	142	262	146	129	155	146	180	090	172	085	161	085	167	228	118	102	095	191	205	142	145
769	13	091	138	187	253	103	145	103	129	189	238	089	162	115	227	145	158	102	127	200	252	177	152	156	085	132	183	148	262	146	129	157	150	192	106	172	089	173	089	167	238	130	104	095	191	205	142	149
770	13	089	138	181	253	103	145	085	129	189	238	087	160	108	229	143	158	090	138	194	246	167	146	154	081	124	175	138	260	140	125	155	150	180	106	168	089	161	085	167	238	114	098	095	177	205	142	-9
770	13	089	138	187	253	103	145	103	143	191	250	089	160	113	229	145	158	102	142	194	252	175	166	160	083	132	175	148	262	146	127	155	150	180	106	178	091	165	089	167	240	118	102	101	191	215	142	-9
771	13	089	134	179	253	103	135	103	129	195	252	087	158	108	229	143	158	090	127	188	252	173	146	144	081	124	165	142	260	146	121	155	146	180	106	168	089	161	085	167	228	118	102	-9	177	-9	142	-9
771	13	089	134	181	271	104	135	103	129	195	252	089	158	110	231	143	158	102	142	194	252	175	146	154	085	132	175	142	262	146	129	157	146	196	112	172	089	173	089	167	238	130	104	-9	179	-9	162	-9
772	13	089	134	179	241	103	141	085	129	189	232	087	160	108	229	143	156	090	127	194	252	167	146	144	081	124	165	148	262	150	123	155	146	184	110	172	089	161	085	167	238	130	096	099	181	205	142	-9
772	13	091	136	181	253	103	145	103	129	195	232	087	160	115	229	143	156	090	127	194	252	175	152	156	085	124	165	148	262	150	129	159	150	198	112	172	089	169	089	167	238	132	102	101	181	211	168	-9
773	13	089	134	179	239	103	145	083	129	189	232	087	143	108	229	143	156	090	127	188	252	167	146	154	077	124	181	142	262	150	123	155	150	192	108	174	085	161	085	167	228	128	092	099	181	211	144	-9
773	13	089	136	181	271	105	145	093	143	191	238	087	158	115	229	143	160	090	146	188	252	173	152	154	083	132	181	150	262	150	129	159	150	196	112	176	085	161	089	167	228	134	092	103	191	215	162	-9
774	13	089	136	179	247	103	135	083	129	189	232	087	160	113	225	143	158	090	140	200	248	167	152	154	081	122	165	138	260	146	123	153	146	180	106	166	089	161	089	167	236	130	102	101	181	205	142	145
774	13	091	140	187	253	103	145	103	149	191	238	089	161	113	229	145	160	090	146	200	252	173	166	160	083	124	175	148	260	146	123	157	150	196	108	170	089	161	089	167	238	134	104	103	181	207	142	149
775	13	089	136	179	253	103	135	093	143	191	232	089	158	113	227	143	158	090	127	188	252	167	146	154	081	122	175	142	260	150	123	157	150	180	108	172	085	161	091	161	228	130	096	101	177	201	142	145
775	13	089	138	179	253	103	135	097	143	195	232	089	162	115	229	147	158	090	140	194	254	177	152	156	081	132	183	142	262	150	125	159	150	192	112	172	089	169	091	165	236	132	104	101	191	211	142	149
776	13	089	136	181	241	103	135	103	129	189	232	087	158	115	225	143	154	090	127	194	250	-9	158	144	083	132	165	142	262	146	129	157	146	180	112	168	089	161	091	167	238	130	092	095	181	201	142	145
776	13	089	138	185	269	103	145	103	141	189	238	087	161	115	227	145	158	090	140	202	252	-9	162	154	083	132	183	142	262	150	129	157	150	198	112	172	089	161	091	167	238	132	102	101	191	211	142	149
777	13	089	134	181	253	103	145	093	129	191	232	087	143	115	-9	143	156	090	127	188	246	173	146	154	083	124	165	142	260	150	127	157	146	192	096	176	081	165	081	167	238	130	102	103	191	207	142	-9
777	13	089	134	187	269	103	145	097	129	195	232	087	162	115	-9	143	160	090	142	194	246	177	146	156	083	124	175	142	262	150	129	157	150	192	110	178	085	165	089	167	238	130	104	103	191	211	166	-9
778	13	089	134	179	247	103	135	103	129	189	232	089	170	108	229	143	156	090	127	188	252	163	152	144	081	124	175	148	262	140	127	155	146	180	112	170	089	161	089	167	228	114	102	099	181	205	164	-9
778	13	091	136	187	253	103	145	103	129	189	238	091	170	113	231	145	158	090	127	200	252	173	162	154	085	124	183	148	262	150	129	157	150	192	112	172	089	161	091	167	240	130	104	103	181	205	168	-9
779	13	091	136	187	253	103	141	083	129	189	238	089	158	108	229	143	156	090	127	188	252	167	164	154	083	124	179	142	262	146	125	157	146	180	090	174	085	161	089	167	228	118	092	095	181	205	158	145
779	13	093	136	187	269	103	145	093	143	191	238	091	158	113	229	143	158	090	140	200	252	173	166	160	083	124	183	142	262	150	125	159	150	184	106	174	089	173	091	167	238	130	104	101	181	211	162	145
780	13	091	136	179	253	103	141	083	129	189	238	087	153	113	-9	143	158	090	127	194	252	175	146	144	077	124	165	142	260	146	125	155	150	180	106	174	085	161	089	167	240	130	098	101	181	205	162	145
780	13	091	136	179	269	107	145	097	143	189	238	089	158	115	-9	143	158	090	140	194	252	175	152	154	083	124	183	150	262	146	125	159	150	184	110	174	089	169	089	167	240	130	104	101	181	207	168	145
781	13	089	138	179	253	103	145	103	129	191	232	087	158	108	229	133	158	090	127	194	252	173	152	154	081	-9	-9	-9	-9	140	129	155	146	180	090	174	085	161	089	167	236	128	092	099	181	207	144	145
781	13	091	142	181	253	103	145	103	129	191	238	091	158	115	231	143	158	100	140	194	252	177	158	154	083	-9	-9	-9	-9	150	129	157	150	192	106	176	089	173	089	167	238	132	104	101	181	211	164	145
782	13	089	136	175	253	103	145	083	129	189	232	087	162	108	229	143	158	090	142	194	252	173	152	154	081	124	179	142	256	146	123	155	150	180	108	172	085	161	089	167	228	128	096	-9	181	205	162	-9
782	13	091	136	181	253	103	145	103	149	197	238	087	170	115	229	143	158	090	150	194	252	177	158	154	085	124	181	148	260	150	129	159	150	190	108	174	085	161	089	167	228	132	096	-9	181	205	166	-9
783	13	089	136	185	247	103	137	093	129	191	232	087	158	108	229	143	156	090	127	190	252	177	146	144	081	124	175	142	260	146	125	155	150	184	108	166	083	173	089	167	228	130	092	-9	181	205	142	145
783	13	091	136	187	269	103	141	093	129	195	238	089	162	115	229	147	158	090	142	194	252	177	146	160	083	124	183	142	262	150	129	157	150	196	108	174	085	173	091	167	228	132	104	-9	191	211	142	151
784	13	091	136	179	253	103	141	083	129	189	232	087	162	115	227	143	154	090	127	194	246	175	152	144	081	124	165	142	260	146	125	155	146	180	106	172	089	161	081	167	238	130	092	-9	191	205	158	-9
784	13	093	136	179	253	103	145	103	129	195	238	091	162	115	231	143	156	090	127	194	252	177	152	154	081	132	175	148	262	146	129	155	150	184	112	174	089	161	087	167	238	134	104	-9	191	207	164	-9
785	13	089	138	179	241	103	135	-9	129	189	238	087	161	108	227	143	158	090	148	188	252	167	152	144	083	124	165	142	256	146	123	155	146	180	112	170	089	165	089	167	228	130	092	101	181	211	142	149
785	13	089	138	185	253	103	145	-9	129	195	238	087	162	113	227	143	158	090	150	194	252	173	152	144	083	132	183	142	260	146	123	159	150	196	112	172	089	173	091	167	238	132	098	103	181	211	142	149
786	13	091	136	175	241	103	145	093	129	189	238	087	158	108	225	143	156	090	140	188	252	175	146	154	081	124	165	142	260	150	129	155	150	180	108	172	089	173	089	161	228	130	104	101	177	205	142	149
786	13	091	138	187	253	103	145	093	149	191	254	087	160	115	229	143	158	100	140	194	252	177	164	158	085	132	183	142	260	150	129	159	150	184	108	172	095	173	089	161	240	134	104	101	181	211	156	149
787	13	091	136	181	253	103	135	093	129	189	238	087	149	115	231	143	158	090	127	194	252	173	146	154	081	124	183	142	262	150	125	155	150	184	106	172	083	161	089	167	238	128	098	095	181	207	142	149
787	13	093	138	187	269	103	145	097	129	191	238	087	160	115	233	143	160	090	142	194	252	177	146	154	083	124	183	142	262	152	129	155	150	184	106	172	091	165	089	167	238	134	102	103	181	211	142	153
788	13	089	136	179	241	103	147	083	133	189	232	087	162	113	229	143	158	090	127	188	246	167	146	154	081	124	165	148	262	140	125	155	150	180	110	172	081	161	085	165	228	114	102	-9	181	205	166	147
788	13	091	136	187	241	103	147	091	143	195	238	089	162	115	229	143	158	090	140	194	254	177	152	154	081	124	181	150	262	152	129	159	150	198	112	178	089	173	091	167	238	130	104	-9	181	211	166	147
789	13	089	134	179	253	103	145	093	129	191	232	087	158	108	229	143	156	090	140	194	252	167	152	154	083	124	175	142	262	150	125	155	146	180	106	170	081	161	089	161	238	130	-9	095	181	205	142	143
789	13	089	136	187	253	103	145	103	143	191	254	087	162	108	229	143	158	102	146	194	254	173	152	154	083	124	183	142	262	150	127	155	150	192	112	172	089	165	089	167	240	130	-9	099	191	205	144	151
790	13	089	136	185	241	103	135	093	143	189	232	087	162	113	225	143	158	090	127	190	252	165	146	154	077	124	175	138	262	146	129	155	148	180	110	172	089	161	091	167	236	118	096	101	181	201	142	149
790	13	091	138	187	241	103	141	103	149	191	238	087	162	115	231	143	160	090	127	200	252	177	158	154	083	132	183	142	262	151	129	157	150	192	112	174	095	161	091	167	238	130	098	103	181	205	158	149
791	13	089	136	181	241	103	135	091	129	191	238	089	-9	115	225	145	154	088	140	194	252	175	146	144	081	132	165	138	262	146	125	151	146	180	108	170	083	161	085	167	228	132	096	101	181	205	162	149
791	13	091	138	187	269	103	141	097	143	195	252	089	-9	115	229	147	158	090	148	194	252	177	162	156	083	132	183	142	262	146	129	155	150	180	112	170	089	165	089	167	238	134	098	103	181	205	164	153
792	13	089	136	185	253	103	135	085	143	189	248	087	143	115	-9	143	156	090	127	188	252	173	146	156	081	122	165	142	260	150	125	155	150	180	112	170	085	165	089	161	228	130	098	099	181	205	158	-9
792	13	089	138	187	269	103	147	103	143	189	252	089	158	115	-9	143	158	102	140	188	252	173	152	156	083	124	185	148	262	150	129	157	150	184	112	172	089	173	089	167	228	132	102	099	191	205	168	-9
793	13	089	136	179	241	103	135	097	129	191	238	087	153	115	229	143	156	090	127	194	252	173	146	154	081	124	183	142	260	140	125	151	146	180	106	170	089	165	081	167	228	130	096	099	179	205	160	149
793	13	091	138	181	253	103	145	103	143	191	252	087	162	115	231	143	158	102	140	194	252	173	152	160	083	124	183	142	262	150	129	155	150	180	112	172	089	169	085	167	238	134	098	103	181	211	168	153
794	13	089	134	175	241	103	141	093	129	191	238	087	149	113	229	143	158	090	127	190	252	165	152	154	-9	124	175	142	260	146	127	155	150	180	090	174	085	161	081	167	224	128	104	099	181	205	142	149
794	13	089	142	181	269	103	141	097	149	191	238	087	162	115	229	143	158	102	140	200	252	167	152	160	-9	132	183	142	262	150	129	157	150	180	106	174	089	165	089	167	228	134	104	101	191	211	144	151
795	13	089	138	179	253	103	141	097	129	189	238	087	143	115	231	143	158	090	127	194	252	165	146	144	083	124	183	142	260	140	129	155	146	180	110	168	085	169	085	-9	228	130	104	-9	181	205	166	151
795	13	091	138	191	253	103	145	097	129	191	238	089	158	115	231	143	158	090	140	194	252	167	146	154	083	132	183	150	260	150	129	155	146	192	110	172	089	173	089	-9	228	130	104	-9	191	205	166	151
796	13	089	136	187	253	103	145	093	129	189	238	087	161	108	227	143	156	090	127	194	252	167	152	154	083	124	183	142	262	150	129	159	146	192	106	168	081	161	085	167	232	130	104	099	181	211	164	-9
796	13	091	136	187	253	103	147	097	129	191	252	087	161	108	229	143	158	090	142	194	252	173	152	156	085	124	183	150	262	150	129	159	146	192	106	170	089	161	089	167	232	130	104	101	191	211	164	-9
167	14	089	136	181	241	103	135	097	129	189	232	087	158	113	227	143	154	090	140	194	252	173	146	154	077	124	175	142	262	148	125	157	146	180	110	172	089	165	089	161	228	130	104	095	181	205	142	145
167	14	091	140	187	253	107	141	097	129	191	238	087	162	115	229	147	158	100	148	194	252	177	156	154	083	126	179	142	262	150	127	159	150	184	110	174	095	173	091	167	238	130	104	103	181	207	158	145
168	14	089	136	179	249	103	145	091	127	189	238	087	158	108	227	145	158	100	127	194	252	175	150	-9	081	124	181	142	260	146	125	155	146	180	090	172	089	165	089	167	236	114	098	099	181	205	142	145
168	14	089	136	181	253	103	145	103	129	191	238	087	158	113	227	147	160	100	140	194	252	175	152	-9	081	132	183	148	262	146	129	155	150	184	112	172	089	165	089	167	236	130	102	101	181	207	142	149
169	14	091	134	179	241	104	135	091	129	191	238	085	158	113	229	143	156	090	140	190	252	167	152	156	081	124	181	142	262	146	125	157	146	180	106	174	083	161	089	167	228	130	092	099	181	205	164	-9
169	14	091	138	185	253	104	135	103	129	191	252	087	162	115	229	143	156	090	150	194	252	167	152	156	085	132	183	150	262	150	129	157	146	184	112	174	089	161	089	167	228	130	102	103	181	211	170	-9
170	14	089	136	181	241	102	145	103	129	189	232	087	160	113	225	143	158	088	127	188	252	167	146	144	083	122	165	142	262	150	125	155	146	180	112	170	083	161	089	167	228	128	102	091	177	201	142	145
170	14	089	138	187	253	103	147	103	129	195	238	089	161	115	231	143	158	090	140	200	252	167	166	144	083	132	165	148	262	150	129	155	150	196	112	174	089	165	089	167	240	130	104	103	181	215	168	153
171	14	089	134	179	241	103	141	089	129	189	232	085	162	108	225	143	158	102	127	188	248	167	146	144	081	124	165	142	260	140	123	155	146	180	110	172	081	161	089	167	228	130	098	101	181	207	162	149
171	14	089	136	179	249	103	145	093	143	191	254	087	162	115	227	143	160	102	142	194	252	173	152	154	081	124	179	142	262	150	127	155	146	184	112	176	085	165	091	167	238	130	104	103	191	211	166	149
172	14	089	136	175	253	103	145	103	129	189	238	087	161	113	225	143	156	090	127	194	252	173	146	154	081	124	179	142	262	140	123	157	146	180	106	172	089	167	089	167	228	130	098	101	181	201	142	149
172	14	091	138	179	269	103	145	103	143	191	238	089	162	115	229	143	156	102	146	200	252	173	152	160	083	132	181	150	262	150	129	157	150	192	112	172	089	173	091	167	238	130	102	101	181	211	166	151
173	14	089	136	175	253	103	145	103	129	189	238	087	161	113	225	143	156	090	127	194	252	173	146	154	081	124	179	142	262	140	123	157	146	180	106	172	089	167	089	167	228	130	098	101	181	201	142	149
173	14	091	138	179	269	103	145	103	143	191	238	089	162	115	229	143	156	102	146	200	252	173	152	160	083	132	181	150	262	150	129	157	150	192	112	172	089	173	091	167	238	130	102	101	181	211	166	151
174	14	089	134	185	241	103	135	083	143	191	232	087	161	113	229	143	156	088	127	194	244	167	152	144	081	122	175	142	256	150	123	159	150	180	106	174	089	161	081	167	238	130	096	101	177	211	142	145
174	14	089	138	185	253	103	135	093	149	191	238	091	161	115	229	143	158	090	127	200	252	175	152	144	083	124	175	148	262	150	125	159	150	180	110	174	089	169	089	167	240	130	104	101	181	215	170	153
175	14	089	134	181	241	103	145	093	129	189	238	087	160	108	225	143	158	090	127	194	250	159	146	154	077	124	183	142	260	146	123	155	148	180	110	172	089	165	089	167	238	130	102	103	177	205	156	145
175	14	091	138	181	269	103	145	103	143	191	238	089	160	115	227	143	158	090	138	200	252	177	162	154	083	132	183	142	262	150	129	157	150	192	112	186	089	173	089	167	240	132	104	103	191	205	166	151
176	14	091	134	179	253	103	145	085	129	191	232	087	158	108	229	143	158	090	140	188	252	173	152	154	083	124	175	142	260	146	127	155	146	184	110	168	081	161	081	161	238	130	-9	095	181	205	142	145
176	14	091	136	179	253	105	145	091	143	191	238	089	160	113	229	143	158	100	140	188	252	177	152	160	085	132	181	142	262	150	129	155	146	184	112	170	089	165	081	167	238	134	-9	097	191	205	142	151
177	14	089	136	179	253	103	141	091	129	189	232	085	160	113	229	143	158	090	142	194	250	167	152	154	083	124	175	142	262	150	127	155	146	180	112	172	081	161	085	167	236	130	098	103	177	205	142	147
177	14	093	138	181	253	103	145	097	129	195	238	087	162	115	229	143	160	090	148	200	252	173	158	154	083	132	183	142	262	150	129	155	148	198	112	172	085	165	089	167	238	130	104	103	191	205	166	149
178	14	089	138	187	269	104	145	101	129	189	232	087	158	108	229	143	154	090	127	194	248	177	152	156	081	124	165	142	260	146	123	155	146	180	106	172	083	161	091	167	228	128	096	095	181	205	144	-9
178	14	091	138	187	269	104	145	103	129	191	238	087	160	113	229	143	158	100	140	194	252	177	152	160	083	124	183	142	262	146	125	155	150	198	110	172	089	165	091	167	240	130	104	099	191	205	168	-9
446	14	089	138	179	253	103	145	089	129	191	232	087	160	113	229	143	156	090	127	194	252	173	152	144	081	124	165	142	262	140	129	155	150	180	106	170	085	165	085	167	228	118	104	095	181	205	142	149
446	14	091	138	187	253	103	145	097	129	195	238	089	162	115	233	143	158	090	127	194	254	173	156	154	083	132	183	142	262	146	129	157	150	184	106	172	095	173	091	167	238	128	104	103	191	205	166	153
447	14	089	134	179	253	103	141	093	129	189	238	087	162	115	227	143	156	090	127	194	252	175	152	154	081	122	175	142	260	146	123	155	146	180	106	166	083	169	085	161	228	128	102	103	181	205	166	149
447	14	091	134	181	253	103	145	093	143	191	238	089	162	115	233	145	158	102	150	200	252	177	152	154	083	132	183	142	260	150	129	155	150	184	110	174	095	173	089	165	238	130	102	103	181	205	166	151
448	14	089	134	181	253	103	135	093	129	191	232	087	150	113	227	143	156	090	138	188	250	173	146	154	081	124	165	142	260	140	129	155	146	184	112	170	085	165	085	167	228	128	092	101	181	205	142	149
448	14	089	138	181	269	103	145	097	129	195	238	089	160	115	229	145	160	102	140	194	252	173	152	160	083	124	183	150	260	150	129	159	150	196	112	172	089	175	089	167	228	132	102	103	181	205	142	153
449	14	091	136	181	247	103	141	097	143	189	238	087	162	113	229	143	158	088	140	190	252	173	152	154	081	124	175	142	260	148	129	157	150	184	112	172	089	161	085	167	228	114	098	101	181	205	142	151
449	14	091	140	187	271	103	145	103	143	195	238	087	162	115	229	143	160	090	146	194	254	177	166	158	081	124	175	150	262	150	129	159	150	192	112	176	089	173	089	167	228	130	104	101	191	211	168	153
450	14	089	136	181	241	103	135	093	129	189	238	087	160	115	227	143	158	090	146	188	252	173	152	154	081	124	179	142	260	140	123	159	146	184	106	166	089	161	089	167	228	130	102	095	177	205	142	151
450	14	089	140	187	253	103	145	103	129	191	238	089	161	115	229	147	158	102	150	190	252	177	152	154	083	132	183	142	262	150	125	159	150	190	112	172	089	173	089	167	238	134	104	103	181	207	142	153
454	14	089	138	175	241	103	145	089	129	189	238	087	158	115	227	143	156	090	148	188	252	173	146	154	083	124	175	142	260	140	129	157	146	184	106	172	089	161	081	167	228	128	092	101	181	205	142	153
454	14	099	138	181	253	103	145	103	129	195	238	087	162	115	227	145	160	090	150	194	252	177	146	160	083	124	183	150	264	146	129	159	150	184	112	172	089	175	089	167	238	132	104	103	181	205	166	153
455	14	089	138	175	253	103	135	093	129	189	238	087	147	108	225	143	158	090	127	194	252	173	146	144	077	122	165	142	260	140	123	153	150	184	106	172	089	161	089	167	236	130	104	095	181	205	142	149
455	14	089	142	179	253	103	141	103	129	189	252	087	160	115	227	143	158	102	148	200	252	173	152	154	081	122	175	150	260	150	129	159	150	192	112	172	089	161	089	167	238	130	104	103	181	205	142	153
456	14	089	134	175	253	103	141	089	129	189	238	087	161	108	225	143	158	102	142	188	252	167	152	144	081	122	175	142	260	150	129	155	150	180	110	170	085	165	089	165	228	128	104	095	181	205	144	149
456	14	091	138	187	269	103	145	093	141	191	238	087	162	115	227	143	160	102	146	194	254	173	152	154	081	132	183	150	260	150	131	159	150	196	112	174	089	173	089	167	228	134	104	101	191	207	166	149
457	14	091	134	175	253	103	135	093	129	191	232	087	161	113	227	143	158	090	127	194	252	167	146	154	081	124	179	142	262	140	123	155	146	180	106	166	089	161	081	161	228	130	104	101	181	205	142	153
457	14	099	138	181	253	103	141	103	129	191	238	087	162	115	227	143	158	090	142	200	252	177	146	154	081	132	183	142	262	150	129	155	150	184	112	170	089	161	089	167	228	134	104	101	191	215	158	153
458	14	091	136	181	253	103	135	083	129	189	238	087	158	113	229	143	158	090	127	190	246	173	146	154	081	124	165	142	262	146	125	155	146	180	112	172	089	161	089	167	228	128	102	095	181	201	142	145
458	14	091	142	187	253	103	145	089	143	191	238	087	160	115	229	143	160	090	140	194	252	173	152	154	083	124	183	150	262	146	129	157	152	180	112	178	089	165	091	167	238	134	104	103	181	211	166	149
460	14	089	134	179	253	103	141	089	129	189	238	087	149	113	229	143	158	088	140	190	246	165	152	160	083	124	165	142	260	146	129	155	148	192	112	166	089	161	081	161	224	130	102	099	181	205	142	149
460	14	089	134	185	253	103	141	093	143	191	238	087	162	115	229	143	160	090	146	200	250	177	152	160	083	124	183	150	260	152	129	157	148	192	112	174	089	173	089	167	228	134	104	099	181	205	142	151
461	14	089	134	181	253	103	141	103	131	191	238	087	160	113	225	143	156	090	140	194	250	163	146	154	083	132	175	142	260	140	129	155	146	184	106	166	089	161	085	167	228	128	102	101	181	205	142	153
461	14	089	134	191	253	103	145	103	149	191	238	087	160	113	229	145	158	090	150	194	252	173	146	160	085	132	183	150	260	150	129	155	150	184	112	170	089	173	089	167	238	132	104	103	181	211	166	153
462	14	089	134	179	241	103	141	093	129	191	238	087	158	113	227	143	158	090	127	190	-9	173	-9	144	081	124	165	142	262	150	123	155	150	180	106	172	081	161	081	161	228	128	098	095	181	205	142	153
462	14	089	138	181	253	103	145	093	129	195	238	087	160	115	229	143	158	090	150	194	-9	173	-9	154	081	132	183	142	262	150	129	159	150	180	110	174	089	175	089	167	228	130	104	099	193	207	162	153
463	14	089	134	181	253	103	145	091	129	191	238	087	160	113	227	143	158	090	127	190	252	167	-9	144	077	122	183	142	256	146	123	155	146	180	106	172	089	165	085	161	240	118	096	103	181	-9	166	151
463	14	091	138	187	253	103	145	093	143	195	238	087	162	115	229	143	158	090	140	194	254	173	-9	144	083	132	183	142	260	150	129	155	146	184	106	172	095	169	089	165	240	132	098	103	193	-9	166	153
464	14	089	138	179	253	103	141	097	143	189	232	087	162	113	225	143	158	090	146	188	252	177	146	154	081	124	175	142	260	150	123	155	146	180	106	166	083	159	089	167	228	128	102	095	181	-9	142	149
464	14	099	138	181	253	103	141	103	149	195	252	087	162	115	233	145	158	100	150	194	254	177	146	154	081	124	183	142	262	152	129	155	150	184	112	172	089	165	091	167	238	130	104	095	191	-9	144	149
465	14	089	138	179	253	103	135	085	129	189	238	087	158	113	229	143	156	090	127	194	250	173	152	144	083	124	175	142	260	146	129	153	146	184	106	172	089	173	085	167	228	132	102	095	181	205	142	149
465	14	091	138	185	269	103	145	097	143	191	252	087	161	115	229	147	158	102	140	194	252	175	152	154	085	124	183	148	260	150	129	159	150	184	112	186	089	173	089	167	228	132	104	103	181	205	142	153
466	14	089	134	181	253	103	135	093	129	191	238	087	160	113	227	143	158	090	138	188	252	173	152	154	077	132	165	142	260	150	123	155	146	184	106	170	089	161	089	167	228	118	102	101	181	205	142	145
466	14	093	138	185	269	103	145	103	129	195	238	087	162	115	229	143	158	090	138	194	252	177	152	154	083	132	175	150	262	150	125	159	146	196	112	172	095	169	089	167	238	130	104	103	191	205	166	153
468	14	089	142	175	253	103	145	103	129	191	238	087	160	113	227	143	158	090	127	190	246	167	146	144	083	122	165	142	260	150	129	155	146	180	106	166	089	169	089	167	236	128	104	095	181	207	142	149
468	14	089	142	181	253	103	145	103	129	195	238	087	162	115	227	143	158	090	148	194	254	177	152	154	085	124	175	142	262	150	129	155	150	196	112	172	089	175	089	167	238	132	104	095	181	215	166	151
479	14	089	134	175	253	103	141	097	129	191	238	087	149	113	229	143	158	090	127	190	250	173	146	154	083	124	165	142	256	146	123	155	150	180	110	166	089	165	085	161	238	130	102	095	181	205	142	149
479	14	091	138	179	253	104	141	103	129	191	238	087	158	115	229	143	160	102	150	194	252	177	146	154	085	124	175	142	262	150	127	155	150	184	112	170	089	169	089	167	240	132	104	103	181	211	166	149
480	14	089	134	179	253	103	135	093	129	189	238	087	160	113	229	143	158	090	127	188	252	167	146	144	077	124	165	142	262	146	123	155	146	196	108	170	089	161	081	165	228	130	092	101	181	207	142	153
480	14	091	136	181	269	103	145	103	143	191	238	089	161	115	229	143	158	102	146	194	252	173	152	154	081	132	165	150	262	150	125	157	150	198	110	174	089	173	089	167	236	132	102	103	181	215	166	153
504	14	089	136	179	241	103	141	093	129	191	238	087	160	113	227	143	156	090	127	188	246	173	152	144	083	124	183	138	262	146	125	155	146	180	106	170	085	161	085	161	228	128	098	095	181	205	142	145
504	14	089	138	181	269	103	145	097	129	191	252	091	162	115	231	145	158	090	127	190	252	177	166	160	083	124	183	148	262	146	129	159	154	196	112	172	089	165	089	167	238	130	104	101	181	211	144	151
505	14	089	136	179	241	103	141	093	129	191	238	087	160	113	227	143	156	090	127	188	246	173	152	144	083	124	183	138	262	146	125	155	146	180	106	170	085	161	085	161	228	128	098	095	181	205	142	145
505	14	089	138	181	269	103	145	097	129	191	252	091	162	115	231	145	158	090	127	190	252	177	166	160	083	124	183	148	262	146	129	159	154	196	112	172	089	165	089	167	238	130	104	101	181	211	144	151
506	14	089	138	175	247	103	141	083	129	189	232	087	158	115	229	143	158	090	127	194	252	173	152	144	083	124	165	142	260	150	129	155	146	192	108	166	083	165	089	167	228	128	102	101	177	205	166	149
506	14	091	142	187	269	103	145	093	149	195	232	087	160	115	229	143	158	090	140	200	252	175	152	154	083	124	175	142	260	150	129	157	150	192	112	174	089	173	089	167	238	132	104	103	181	207	166	153
507	14	089	134	179	253	103	141	089	129	189	238	087	149	115	229	143	158	088	140	190	246	165	146	154	083	124	165	142	260	146	127	155	148	180	090	172	085	161	081	167	224	128	102	099	181	205	142	149
507	14	089	134	181	269	103	141	097	149	191	238	087	160	115	229	143	160	102	140	200	252	177	152	160	083	124	183	150	262	148	129	157	150	192	112	174	089	173	089	167	228	130	104	099	191	211	142	151
508	14	089	138	175	247	103	141	103	129	191	238	087	158	108	225	143	156	090	127	190	252	173	162	144	077	124	175	142	256	140	129	155	146	184	106	172	089	161	081	167	228	130	104	099	181	205	142	149
508	14	091	142	187	253	103	145	103	129	195	238	087	162	113	229	143	160	090	140	194	252	177	166	154	081	132	175	148	260	140	129	157	150	192	112	178	089	161	089	167	240	130	104	103	181	207	142	153
509	14	089	138	175	247	103	141	083	129	189	232	087	158	115	229	143	158	090	127	194	252	173	152	144	083	124	165	142	260	150	129	155	146	192	108	166	083	165	089	167	228	128	102	101	177	205	166	149
509	14	091	142	187	269	103	145	093	149	195	232	087	160	115	229	143	158	090	140	200	252	175	152	154	083	124	175	142	260	150	129	157	150	192	112	174	089	173	089	167	238	132	104	103	181	207	166	153
510	14	089	136	179	241	103	141	093	129	191	238	087	160	113	227	143	156	090	127	188	246	173	152	144	083	124	183	138	262	146	125	155	146	180	106	170	085	161	085	161	228	128	098	095	181	205	142	145
510	14	089	138	181	269	103	145	097	129	191	252	091	162	115	231	145	158	090	127	190	252	177	166	160	083	124	183	148	262	146	129	159	154	196	112	172	089	165	089	167	238	130	104	101	181	211	144	151
191	15	089	134	179	247	103	135	083	129	195	238	087	162	113	225	143	158	090	146	194	252	173	152	144	081	124	165	142	262	150	129	157	150	180	090	168	083	161	089	165	228	130	098	103	181	205	142	149
191	15	091	138	187	269	103	141	103	129	195	238	089	162	115	229	143	158	090	150	200	252	173	166	156	083	124	165	142	262	150	131	159	152	180	112	172	089	173	091	167	240	132	104	103	191	211	142	149
441	15	089	138	181	241	103	145	083	129	195	238	087	158	115	227	143	156	090	127	188	252	173	146	154	083	124	175	142	262	146	123	153	146	180	106	166	089	161	089	167	228	128	102	101	181	205	142	145
441	15	091	142	187	269	103	145	093	129	195	252	087	160	115	229	143	158	090	140	194	252	173	152	160	083	132	175	148	262	150	129	155	150	196	112	174	089	173	089	167	238	130	104	103	191	207	166	153
444	15	089	140	181	269	103	135	103	129	189	238	087	158	108	225	143	158	090	127	190	252	173	152	154	081	124	175	142	256	140	123	157	150	184	106	172	089	169	089	167	228	130	092	101	181	205	142	149
444	15	091	142	181	269	103	145	103	129	195	238	087	162	113	229	147	160	104	150	194	252	177	152	154	083	132	175	142	264	146	129	159	150	192	112	172	089	173	091	167	238	130	102	101	191	211	158	153
445	15	089	134	179	241	103	145	103	129	189	232	087	160	108	225	143	156	090	138	194	244	173	162	154	083	122	175	142	256	140	129	153	146	180	090	166	089	161	085	167	228	114	102	095	181	205	158	145
445	15	091	136	181	253	103	145	103	143	189	238	089	161	115	231	143	158	090	140	194	252	175	166	154	083	124	183	148	260	150	129	159	146	192	106	168	089	173	085	167	240	132	104	103	181	211	162	149
451	15	089	136	179	253	103	135	085	129	191	238	087	160	115	229	143	158	090	127	188	246	173	152	154	077	124	165	142	260	148	125	155	150	180	106	170	085	169	081	167	236	130	102	099	181	205	142	153
451	15	091	142	187	269	103	145	097	149	195	238	089	161	115	233	145	160	090	127	194	254	175	166	154	081	132	165	150	260	150	129	155	150	184	108	172	089	173	085	167	238	134	104	103	181	207	166	153
453	15	089	134	181	241	103	135	097	129	189	238	087	158	108	227	143	156	090	140	188	250	173	152	154	081	124	175	142	260	140	123	159	146	184	106	172	085	169	085	167	228	130	102	103	181	205	142	149
453	15	093	138	185	269	103	145	103	143	191	238	087	158	115	229	143	156	090	142	190	252	173	152	160	085	124	183	142	262	150	129	159	150	184	106	186	089	173	085	167	228	132	102	103	181	205	142	151
459	15	089	134	179	253	103	141	103	141	195	238	087	162	113	227	143	158	102	138	188	252	163	152	154	081	124	175	142	256	146	129	153	146	180	108	168	089	161	081	161	228	130	102	095	181	205	142	145
459	15	091	142	179	269	104	145	103	143	195	238	087	162	113	229	143	158	102	140	194	252	177	152	154	081	124	183	142	260	146	129	159	150	180	112	172	089	165	081	167	238	132	104	103	181	205	142	149
467	15	089	134	181	253	103	141	089	143	189	232	087	158	108	229	143	156	090	150	194	252	173	152	144	081	124	165	142	260	148	129	157	150	184	106	170	085	161	085	165	228	130	102	095	177	-9	142	149
467	15	089	142	181	253	103	145	093	143	191	252	089	160	115	229	143	158	090	150	194	252	173	152	154	083	132	183	142	262	150	129	159	150	196	112	172	089	165	089	167	228	132	104	095	181	-9	166	149
475	15	089	136	181	253	103	135	091	129	191	238	087	160	115	227	143	158	090	140	188	248	173	152	152	083	124	165	142	260	150	125	159	146	190	106	166	089	161	089	167	236	130	102	101	177	205	142	149
475	15	091	138	185	269	103	147	093	129	191	238	089	160	115	229	143	158	102	146	188	252	177	166	154	083	132	179	142	260	150	129	159	146	196	112	170	095	169	091	167	238	134	102	103	191	205	168	151
476	15	091	138	175	241	103	141	093	129	189	238	087	149	113	229	143	156	090	127	194	252	173	146	154	081	124	165	142	260	150	129	155	146	180	106	170	089	161	085	161	228	130	096	099	181	205	142	153
476	15	093	138	179	269	103	145	097	129	191	238	089	162	115	233	143	158	102	148	194	252	175	166	154	083	132	179	142	260	150	129	159	148	180	112	172	089	173	089	167	238	130	104	103	181	205	144	153
477	15	089	134	179	253	103	145	089	129	189	238	089	159	115	225	143	156	090	140	190	252	173	152	154	077	124	165	142	260	150	129	155	146	192	106	170	085	161	085	161	228	130	102	095	181	201	158	145
477	15	091	140	185	253	104	145	093	129	189	238	089	170	115	225	143	158	090	146	194	252	175	152	154	085	124	183	148	262	150	129	157	150	196	108	172	095	173	087	167	228	130	104	099	181	205	168	149
478	15	089	134	175	253	103	145	103	129	189	238	087	160	113	227	143	158	090	127	190	246	173	142	144	083	132	165	142	260	150	123	155	150	184	106	170	089	165	089	161	228	128	102	101	181	207	142	149
478	15	091	138	181	253	103	145	103	143	195	238	091	162	115	229	143	158	090	127	190	252	177	152	144	083	132	183	148	262	150	123	157	150	192	112	174	095	173	089	167	238	130	104	101	181	211	168	153
483	15	091	138	181	247	103	145	089	129	189	238	087	160	113	227	143	158	090	140	194	252	173	146	154	081	132	179	142	260	146	129	155	146	196	108	170	083	173	087	167	238	128	102	099	181	205	142	149
483	15	091	138	185	253	103	145	103	149	195	238	087	161	115	229	143	158	090	150	194	252	177	152	154	083	132	183	142	262	150	129	157	150	196	112	172	085	173	089	167	240	130	104	103	191	205	142	153
484	15	091	138	179	253	103	135	089	129	189	238	087	159	113	227	143	158	090	140	190	252	167	152	154	081	124	175	142	260	146	129	157	146	196	106	170	089	169	085	167	228	130	102	101	181	205	158	149
484	15	091	142	185	269	104	145	103	149	189	238	087	159	115	229	143	158	102	146	194	252	173	152	154	081	132	179	142	262	150	129	159	150	196	112	186	089	173	089	167	238	132	104	103	191	207	164	151
485	15	089	134	179	247	103	141	091	143	191	232	087	162	115	225	143	156	090	140	190	254	177	146	154	081	122	165	142	260	146	123	155	150	196	106	172	085	165	089	167	228	130	104	101	181	205	142	149
485	15	089	138	181	269	103	141	093	149	195	238	089	170	115	229	143	158	090	142	194	254	177	152	154	083	122	175	148	260	150	129	159	150	196	106	174	085	165	091	167	238	132	104	101	181	207	144	153
489	15	089	134	175	253	103	141	089	129	189	238	087	147	113	229	143	156	090	127	190	246	173	146	144	083	124	175	142	260	150	123	155	146	180	106	170	089	161	085	161	228	128	104	103	181	207	142	145
489	15	091	138	179	253	103	145	089	129	191	238	087	161	115	229	143	158	090	140	200	252	173	152	154	083	132	183	150	260	150	123	157	146	180	112	174	089	173	089	167	228	130	104	103	191	207	142	149
490	15	091	134	181	241	103	135	093	129	191	232	087	160	113	227	143	158	090	127	194	252	167	146	144	083	122	165	142	260	146	125	155	146	184	106	170	089	169	085	161	228	130	102	099	181	205	142	149
490	15	091	138	187	269	103	145	097	143	195	238	089	161	115	233	143	160	090	140	194	252	173	152	160	085	132	175	142	262	150	129	159	152	184	110	172	089	173	089	167	238	134	102	103	181	205	142	151
503	15	089	134	179	253	103	145	085	129	191	232	087	149	113	229	143	158	090	140	188	252	173	152	144	083	122	175	142	262	146	129	153	146	192	106	170	085	165	085	167	228	130	098	101	181	207	142	145
503	15	091	138	187	269	103	145	097	129	195	238	087	161	115	229	147	158	090	140	190	252	177	152	156	083	124	183	148	262	150	129	153	150	196	112	172	089	173	085	167	240	132	102	101	181	211	164	153
511	15	089	136	179	241	103	141	103	129	189	238	087	162	115	227	143	152	102	127	194	252	167	146	144	077	124	179	142	260	146	123	157	150	192	110	174	089	173	087	167	238	118	092	095	181	201	142	145
511	15	091	138	179	253	103	145	103	149	189	238	087	162	115	229	143	156	102	146	194	252	173	146	154	081	132	183	150	260	150	129	157	150	192	110	174	089	173	089	167	240	118	102	095	191	207	158	153
518	15	089	138	179	241	103	145	097	129	191	232	087	147	108	227	143	158	102	127	194	252	173	152	154	077	124	175	142	262	146	129	157	150	184	108	170	089	165	089	167	228	130	092	101	181	205	142	149
518	15	091	138	181	269	103	145	103	129	195	238	091	161	113	229	147	158	102	150	194	252	173	152	154	081	124	183	142	264	150	129	159	150	184	112	172	089	173	089	167	228	132	104	101	181	211	158	153
519	15	091	134	187	241	103	145	089	129	189	238	087	158	108	227	143	158	090	127	194	252	167	146	154	077	124	165	142	256	146	129	157	146	180	106	170	083	165	089	167	228	130	104	103	181	201	142	149
519	15	091	138	187	269	103	145	093	129	189	238	087	161	113	229	143	160	102	140	200	252	173	152	160	081	124	175	150	262	150	129	159	150	190	108	174	089	169	091	167	240	132	104	103	191	207	142	151
520	15	089	136	179	241	103	141	103	129	189	238	087	162	115	227	143	152	102	127	194	252	167	146	144	077	124	179	142	260	150	123	157	150	192	110	174	089	173	087	167	238	118	092	095	181	201	142	145
520	15	091	138	179	253	103	145	103	149	189	238	087	162	115	229	143	156	102	146	194	252	173	146	154	081	132	183	150	260	150	129	157	150	192	110	174	089	173	089	167	240	118	102	095	191	207	158	153
521	15	091	138	181	241	103	135	097	129	189	238	087	158	113	225	143	156	090	142	188	250	173	152	144	081	124	175	142	260	146	123	155	146	184	106	178	089	169	085	167	228	130	102	103	181	207	142	149
521	15	093	138	185	253	103	135	097	143	189	252	087	158	115	229	143	158	102	142	194	250	177	156	160	085	124	183	142	262	150	129	159	152	184	112	186	089	173	089	167	228	132	104	103	181	207	166	151
524	15	089	136	181	253	103	141	089	143	189	232	087	160	108	229	143	158	090	127	194	252	173	146	144	081	124	175	142	262	150	125	155	150	180	106	166	089	161	089	161	228	128	098	095	181	205	166	151
524	15	091	138	187	253	105	141	093	149	191	238	089	161	115	229	147	158	102	142	200	252	177	152	156	083	132	183	142	262	150	129	157	150	196	112	172	089	161	089	167	228	134	102	099	191	205	168	153
766	15	089	134	181	253	103	135	093	129	189	238	087	158	113	227	143	156	090	127	188	244	173	146	154	081	124	165	138	260	140	127	155	150	184	106	172	083	161	085	165	228	118	104	095	191	205	142	149
766	15	091	142	187	253	103	141	103	129	195	238	087	160	113	227	143	156	090	150	194	252	173	152	160	085	124	183	138	260	150	129	157	150	192	112	172	083	161	085	167	240	130	104	103	191	205	166	151
928	15	089	134	179	269	103	145	085	129	191	238	087	149	113	229	143	158	090	140	188	252	173	152	144	083	122	175	142	262	146	129	153	146	192	106	170	085	165	085	167	228	130	098	101	181	207	142	145
928	15	089	138	187	269	103	145	097	129	195	238	087	161	115	229	147	158	090	140	190	252	177	152	156	083	124	183	148	262	150	129	153	150	196	106	172	089	173	085	167	240	132	102	101	181	211	142	153
037	16	089	134	181	249	103	141	083	129	189	232	087	158	108	227	143	158	090	127	188	252	173	152	154	081	122	157	142	260	140	123	155	146	180	110	172	081	165	085	167	228	130	104	101	181	211	142	149
037	16	089	136	187	269	107	145	093	143	189	238	089	160	108	229	143	158	102	140	194	252	173	166	154	083	126	179	148	262	146	127	157	150	184	112	172	085	165	089	167	238	136	104	103	191	215	166	149
064	16	089	-9	181	247	103	135	093	143	191	232	087	160	113	227	143	156	090	127	194	252	177	152	156	081	122	175	142	260	146	125	155	146	180	106	174	089	173	081	167	240	130	104	101	181	211	168	145
064	16	091	-9	187	253	103	145	097	143	191	238	087	162	113	229	143	158	090	142	194	252	177	166	160	083	124	183	142	260	150	125	155	150	196	110	174	095	173	089	167	240	130	104	103	181	215	168	151
098	16	089	-9	175	269	103	135	089	129	189	232	087	158	108	229	143	158	090	127	194	252	173	152	144	077	132	181	142	262	150	125	155	150	180	106	170	083	161	081	161	-9	130	092	095	181	201	166	151
098	16	091	-9	187	269	103	141	103	133	189	238	087	161	113	229	143	158	102	146	194	252	173	152	154	085	132	183	148	262	150	127	157	150	198	112	176	085	169	085	167	-9	130	104	095	191	207	166	153
107	16	089	-9	187	241	104	145	103	129	189	232	087	158	108	229	143	154	090	127	190	248	177	152	156	081	124	165	142	260	146	123	155	146	198	106	172	083	161	089	167	228	128	096	095	181	202	-9	149
107	16	091	-9	187	269	104	145	103	129	191	238	087	160	113	229	143	158	100	140	194	252	177	152	160	083	124	183	142	262	146	125	155	150	198	110	172	089	165	091	167	240	130	104	099	191	205	-9	149
116	16	089	134	181	241	103	141	097	129	189	252	087	158	108	229	133	154	090	127	194	246	177	146	154	077	124	165	142	260	150	125	155	146	180	106	170	081	161	085	167	228	130	092	101	191	205	142	149
116	16	091	134	187	253	105	145	097	133	189	254	087	158	113	231	143	158	090	140	194	252	177	152	156	083	132	183	142	262	150	125	157	150	196	112	170	089	161	089	167	236	134	104	103	191	207	164	153
118	16	091	-9	181	253	103	141	083	129	189	238	087	162	108	225	143	158	090	138	194	252	167	152	154	081	124	165	142	256	146	123	153	150	180	112	174	083	165	089	167	228	130	104	099	181	207	166	145
118	16	091	-9	181	253	103	147	097	129	191	248	089	170	108	229	145	160	102	140	200	254	177	152	154	083	124	179	142	264	150	125	157	150	180	112	174	089	169	089	167	238	130	104	103	191	211	168	149
124	16	089	136	179	241	103	135	093	129	189	238	089	160	115	229	143	158	090	127	190	252	173	152	154	077	124	165	148	256	150	125	155	150	180	106	170	081	161	089	167	228	128	098	101	181	211	142	147
124	16	089	136	187	269	103	141	103	129	191	252	089	160	115	231	143	160	100	140	194	252	173	158	154	081	124	175	150	262	150	125	159	150	192	106	174	089	169	089	167	238	130	104	101	181	211	142	149
131	16	089	136	179	253	101	141	089	149	189	238	087	154	108	229	143	158	090	138	190	-9	175	152	144	077	132	179	142	260	146	125	159	150	192	106	174	083	161	085	167	228	128	102	101	179	205	142	145
131	16	089	140	187	269	103	145	093	149	189	238	089	161	115	229	143	158	102	140	194	-9	177	162	154	081	132	183	150	262	148	129	159	154	192	110	176	089	161	091	167	238	134	102	103	181	211	158	149
151	16	089	134	179	241	102	145	091	141	189	238	087	160	108	229	143	156	090	140	194	252	175	152	144	081	120	165	142	256	146	123	155	150	184	106	170	083	161	081	161	228	134	096	095	177	211	158	149
151	16	091	138	181	241	103	145	093	143	191	238	087	161	108	231	143	158	090	140	194	252	177	152	154	081	132	175	148	260	150	129	157	154	184	110	172	085	165	081	167	228	134	104	101	181	211	158	149
179	16	089	134	175	253	103	135	093	129	189	238	087	147	113	229	143	154	090	127	194	252	175	152	154	081	122	165	142	260	146	129	155	146	180	106	172	083	165	085	161	238	114	104	101	181	205	142	145
179	16	091	136	179	253	103	145	103	143	191	238	089	160	115	231	143	158	102	127	194	252	177	158	154	083	124	181	150	262	146	129	159	150	180	110	176	089	169	087	167	240	130	104	103	191	207	156	149
180	16	091	134	181	241	103	145	093	129	189	238	087	160	108	227	143	156	088	127	188	252	177	146	154	083	124	175	142	260	146	123	155	150	180	110	170	089	165	089	167	238	132	102	103	191	205	156	149
180	16	093	138	187	269	103	147	103	143	191	252	089	162	108	229	143	158	090	142	200	252	177	152	154	083	132	183	142	262	152	129	155	150	180	112	186	089	173	089	167	240	132	104	103	191	211	164	151
181	16	091	132	187	269	103	141	099	129	189	232	087	153	108	231	143	158	088	127	194	250	173	152	144	081	132	181	142	260	140	123	155	150	192	112	170	089	161	089	167	228	118	104	103	177	205	142	149
181	16	093	136	191	269	103	145	103	129	191	238	087	162	115	233	143	160	090	142	194	252	173	162	154	081	132	181	148	262	152	125	155	150	192	112	178	089	169	089	167	240	134	104	103	177	207	166	149
182	16	089	136	181	-9	103	145	097	129	189	238	087	162	108	227	143	154	090	127	194	252	167	146	154	083	132	165	142	260	146	123	159	146	180	110	170	089	169	089	161	228	130	102	101	181	201	158	145
182	16	091	138	181	-9	103	145	103	143	191	238	087	170	115	229	143	160	090	127	194	252	167	162	160	083	132	175	142	260	146	129	159	150	196	112	172	089	173	089	167	240	132	104	103	191	201	162	149
183	16	089	134	185	253	103	147	103	129	189	232	087	158	108	229	143	154	088	127	188	252	177	146	154	081	132	181	142	260	146	127	155	146	180	108	172	085	161	081	167	228	130	098	099	181	211	158	153
183	16	091	138	187	253	103	147	103	149	189	238	087	160	108	231	147	156	090	140	190	252	177	152	156	081	132	183	148	262	150	129	159	150	184	110	172	095	165	085	167	238	134	104	099	191	211	166	153
184	16	089	138	187	253	103	141	093	129	189	-9	087	158	115	231	143	156	090	127	194	250	167	158	154	083	124	183	142	260	140	125	155	146	180	108	172	089	161	089	161	238	130	102	101	181	205	168	145
184	16	089	138	187	253	104	145	103	129	191	-9	089	158	115	231	143	158	100	140	200	252	177	166	154	083	132	183	142	260	150	129	155	146	184	112	176	089	165	089	167	238	132	102	103	191	211	168	145
185	16	089	136	187	241	103	135	093	129	189	238	089	158	115	231	143	156	090	127	188	252	173	152	154	081	124	175	142	260	140	123	155	150	192	106	170	081	169	087	167	228	128	098	095	181	201	142	145
185	16	091	136	187	269	103	145	093	129	195	252	089	160	115	231	143	158	090	142	194	252	177	152	156	083	124	181	148	262	150	125	159	150	196	106	174	089	173	089	167	238	132	104	101	191	211	168	149
198	16	089	138	179	253	103	141	097	129	191	232	087	158	113	229	143	158	090	127	194	252	177	146	144	081	124	165	142	256	146	123	155	146	180	112	170	089	155	085	167	228	132	102	095	177	202	142	149
198	16	091	138	181	253	103	145	097	129	195	238	089	160	115	231	143	158	090	140	194	252	177	152	144	081	132	183	150	260	146	127	157	150	180	112	176	089	161	089	167	240	134	104	103	191	211	142	149
212	16	089	-9	187	253	103	135	091	129	189	248	087	158	113	229	143	158	088	127	194	250	165	158	144	081	124	175	142	256	140	125	155	146	180	110	170	085	167	085	167	236	130	102	103	191	205	166	151
212	16	091	-9	187	253	103	145	103	129	189	254	087	160	115	231	143	158	088	127	194	252	173	162	154	081	132	175	150	260	148	129	155	150	192	110	172	089	173	085	167	238	130	104	103	191	205	166	153
354	16	089	138	179	241	103	145	103	129	189	238	087	147	108	225	143	158	090	127	194	252	173	146	144	081	124	183	142	260	146	129	155	148	180	112	172	083	173	087	167	238	118	104	103	177	205	156	145
354	16	091	138	181	269	103	145	103	129	189	238	089	160	113	229	143	160	102	138	194	252	177	152	154	083	132	183	142	260	150	129	157	150	192	112	186	089	173	089	167	238	132	104	103	181	211	164	151
370	16	089	134	181	253	103	135	097	129	189	232	089	154	113	229	143	158	090	127	194	250	175	152	154	081	132	179	142	256	148	127	151	150	180	108	168	089	168	081	161	238	130	104	103	191	205	158	149
370	16	091	136	187	269	103	145	103	141	191	254	089	170	115	231	143	158	090	140	194	252	177	158	154	081	132	183	142	262	150	129	155	150	198	108	170	089	173	089	161	238	130	104	103	191	211	166	149
371	16	089	136	185	253	103	135	089	143	189	238	087	158	108	229	133	156	088	127	190	252	167	146	154	083	124	183	142	262	140	125	155	146	184	106	168	085	173	089	167	238	118	092	101	191	201	158	143
371	16	091	140	187	273	105	145	089	149	195	238	089	162	115	229	143	158	090	150	194	252	177	152	154	083	124	183	142	262	146	129	159	150	192	106	174	089	173	091	167	240	130	104	101	191	201	164	147
372	16	089	134	181	253	103	145	091	129	189	238	087	158	113	229	145	158	102	142	194	252	167	152	154	083	124	165	148	256	140	123	151	146	180	108	170	089	161	089	167	228	130	096	099	181	201	142	143
372	16	089	136	191	253	104	147	097	129	195	238	087	158	113	229	145	158	102	146	200	252	175	164	154	083	132	165	148	260	140	129	155	150	192	110	174	089	173	089	167	228	130	102	103	181	205	144	149
373	16	089	134	185	247	103	135	085	129	189	238	087	158	115	225	143	158	090	140	190	246	175	152	154	081	124	165	138	260	150	123	155	148	180	108	174	083	165	089	161	228	114	092	099	179	205	156	149
373	16	089	138	187	253	103	135	103	143	191	238	089	164	115	229	143	158	090	148	194	252	177	166	160	081	136	175	142	260	150	129	157	150	192	108	176	095	165	089	167	238	132	102	101	181	211	166	151
374	16	091	136	179	241	103	145	083	129	189	238	087	158	113	229	143	158	090	127	188	252	177	164	156	077	124	175	142	262	140	123	155	146	180	106	176	081	155	085	161	228	130	102	095	181	205	158	149
374	16	091	136	185	253	103	145	091	143	191	254	087	160	115	229	143	158	102	148	190	252	177	166	156	081	132	183	150	264	150	125	155	154	196	112	176	089	165	085	167	238	134	104	101	181	207	164	149
375	16	089	134	181	253	103	141	085	131	191	238	087	158	113	225	143	158	088	127	188	252	173	152	144	077	122	165	142	260	140	125	153	146	180	108	170	089	165	087	167	228	128	102	095	181	207	158	145
375	16	089	138	187	269	105	145	097	143	191	238	089	160	115	231	143	158	090	140	194	252	175	158	154	081	124	183	150	260	150	125	155	150	196	112	174	089	169	089	167	240	130	104	101	181	211	168	149
376	16	091	134	175	241	103	135	093	129	189	252	087	162	113	229	143	156	090	140	190	252	167	152	154	081	124	175	142	262	150	129	155	146	180	112	170	081	161	089	167	238	130	092	095	181	205	142	145
376	16	091	138	179	269	103	145	103	129	191	252	087	162	115	229	143	156	090	142	194	252	173	162	154	085	124	181	150	264	150	131	157	146	180	112	174	089	165	091	167	238	130	102	099	181	205	164	153
377	16	089	136	179	253	103	141	089	149	189	238	087	154	108	229	143	158	090	138	190	252	175	152	144	081	132	179	142	260	146	125	159	150	192	106	174	083	161	085	167	228	128	102	101	179	205	142	145
377	16	089	140	187	269	103	145	093	149	189	238	089	161	115	229	143	158	102	140	194	252	177	162	154	081	132	183	150	262	148	129	159	154	192	110	176	089	161	091	167	238	134	102	103	181	211	158	149
378	16	089	136	179	253	103	141	093	129	195	232	087	147	115	225	143	158	090	127	194	250	173	158	154	077	124	175	142	262	140	123	153	146	180	106	170	081	165	085	167	228	130	098	095	181	205	158	153
378	16	093	138	185	269	103	145	097	129	195	238	087	160	115	227	143	158	090	127	194	252	173	166	156	083	126	183	150	262	150	129	155	148	180	112	176	089	165	089	167	238	130	098	101	191	205	168	153
379	16	089	134	179	247	103	135	091	129	189	238	087	162	108	229	143	158	090	127	190	246	173	152	160	081	132	165	142	260	140	123	151	150	180	112	170	083	161	087	161	228	130	092	101	181	205	158	145
379	16	091	138	181	253	103	147	103	129	189	252	089	162	115	231	145	158	090	127	194	250	175	162	160	085	132	165	148	262	150	129	157	150	180	112	172	089	173	089	167	236	134	104	103	181	211	158	151
380	16	089	136	187	253	103	141	089	129	189	232	087	160	113	229	143	156	090	127	194	252	163	152	144	077	132	175	142	260	140	127	155	146	180	112	172	083	161	085	161	224	130	092	095	181	205	166	151
380	16	091	136	187	269	103	141	091	129	189	238	087	161	115	229	143	158	102	146	200	252	173	158	154	081	136	183	150	262	150	129	155	150	180	112	176	089	161	091	161	228	130	098	101	181	207	168	153
381	16	089	134	175	253	103	135	085	127	189	238	087	158	113	227	143	158	102	140	194	254	165	146	154	081	124	175	142	260	146	125	155	146	196	106	170	091	161	085	167	238	114	102	101	181	215	144	149
381	16	089	134	187	271	103	141	097	129	189	238	087	160	115	229	143	158	102	142	194	254	173	146	154	083	124	183	148	262	150	131	159	150	198	108	172	095	165	085	167	238	128	104	101	191	215	156	149
382	16	091	136	175	241	102	135	093	141	189	238	087	158	113	229	143	156	090	127	188	246	175	148	146	081	124	165	142	260	146	125	155	150	184	090	172	081	161	081	161	238	128	098	101	191	207	142	151
382	16	091	136	187	269	103	145	093	143	191	248	089	161	115	231	143	156	102	138	194	252	177	166	146	085	126	181	150	262	150	129	159	150	196	106	172	089	165	087	167	238	134	104	101	191	207	158	153
383	16	089	132	179	247	103	135	093	129	189	232	087	149	113	229	143	156	102	127	188	252	159	152	154	081	124	165	142	258	140	125	155	146	180	110	170	085	161	089	167	228	130	104	099	179	205	158	145
383	16	093	136	187	253	103	145	097	143	191	232	087	162	115	233	145	158	102	142	190	252	177	166	156	083	124	179	142	260	150	129	155	146	192	110	172	089	161	089	167	238	134	104	101	191	205	166	153
384	16	089	136	181	241	103	135	089	129	189	232	087	143	113	229	143	160	090	127	194	250	177	152	154	083	122	183	142	260	140	125	155	146	180	108	172	083	165	081	161	224	130	096	101	181	211	166	145
384	16	089	136	187	269	103	141	093	129	189	238	087	154	115	229	145	160	090	140	194	250	177	166	160	083	132	183	150	260	150	125	155	146	184	110	176	089	165	089	161	238	130	102	103	191	211	168	149
385	16	089	136	181	253	103	135	083	129	189	232	087	158	113	225	143	158	100	140	188	252	159	158	154	081	122	181	142	260	140	125	155	146	180	110	170	089	161	089	161	228	130	102	095	177	205	158	145
385	16	089	136	181	253	103	145	097	143	191	238	087	160	115	229	147	160	102	140	194	252	163	166	158	081	124	183	148	262	150	129	159	146	192	112	170	089	165	089	167	238	134	104	103	181	207	168	149
386	16	089	136	187	253	103	135	093	143	189	232	087	160	108	229	143	156	090	127	194	252	173	146	154	081	124	175	142	262	146	123	155	150	184	106	170	083	161	087	167	238	130	104	095	181	205	142	149
386	16	089	138	187	253	103	137	103	143	191	238	091	161	108	229	145	156	090	140	194	254	177	158	156	083	124	179	150	262	146	129	155	150	192	110	176	089	169	089	167	238	132	104	099	181	205	158	151
387	16	089	136	181	247	103	141	085	129	189	232	087	158	113	227	143	154	088	127	188	252	173	152	154	083	124	175	142	258	140	125	155	146	180	108	158	083	161	089	167	228	130	102	095	177	205	142	145
387	16	089	136	181	253	103	145	093	143	189	254	087	158	115	229	143	154	102	142	194	252	173	166	160	085	124	175	142	262	150	129	155	150	180	112	170	095	168	089	167	238	130	104	103	181	207	142	149
388	16	089	136	175	253	103	145	103	129	189	232	087	160	115	227	143	156	090	140	190	252	173	152	154	081	124	175	142	260	140	125	157	146	180	106	170	089	161	085	165	240	130	102	095	181	205	166	145
388	16	091	138	185	253	103	145	103	141	195	238	087	160	115	229	143	156	090	146	194	252	175	152	154	083	124	183	142	262	148	129	159	150	180	108	170	095	165	089	167	240	130	102	103	191	205	168	153
389	16	089	136	181	253	104	145	083	129	191	232	087	161	113	229	143	156	090	142	188	252	165	152	144	081	122	175	142	262	146	131	155	146	198	112	170	085	161	087	167	236	118	092	095	177	205	142	145
389	16	089	138	187	253	104	147	093	129	195	250	091	170	115	229	143	158	090	150	202	254	167	152	154	085	122	175	142	262	150	131	155	150	198	112	172	089	173	089	167	240	130	102	101	181	205	142	153
396	16	089	138	187	241	103	145	089	129	189	232	087	158	113	225	143	156	090	127	194	246	167	146	154	081	124	175	148	262	140	125	155	150	180	106	172	083	161	089	161	228	114	092	101	181	205	168	151
396	16	091	140	187	271	103	147	103	129	195	238	087	161	115	231	143	158	090	148	202	252	173	146	154	083	132	175	148	262	150	125	157	154	180	112	174	083	173	089	167	228	130	104	101	181	207	168	153
404	16	089	136	187	269	103	141	089	129	189	232	087	160	113	225	143	156	090	127	188	254	175	152	154	083	132	175	138	262	146	123	155	150	180	106	170	089	161	089	161	238	130	092	099	181	211	142	149
404	16	093	136	187	273	105	145	093	143	191	238	089	161	113	231	143	158	090	150	196	254	175	152	156	083	132	183	142	262	150	125	159	150	180	106	176	089	161	091	167	238	130	102	101	191	211	142	149
437	16	089	136	185	253	103	141	083	143	191	252	087	161	113	229	143	156	088	146	194	252	167	146	154	083	132	165	142	260	140	125	155	150	192	110	166	085	173	089	167	228	130	092	095	179	205	142	149
437	16	099	138	191	253	104	145	103	149	191	254	087	162	115	231	143	158	102	148	194	252	173	158	154	083	132	175	148	262	150	129	159	150	198	112	172	089	173	091	167	236	130	104	103	181	205	162	153
438	16	091	134	179	253	103	141	083	143	191	238	087	162	113	229	143	156	088	127	194	252	173	146	154	081	124	165	142	260	140	123	153	146	180	112	172	089	165	081	167	228	130	092	103	179	205	142	149
438	16	099	138	185	253	104	141	103	149	191	252	089	170	113	233	143	156	090	146	194	252	175	166	154	083	132	175	148	260	150	125	155	150	198	112	172	089	173	089	167	238	130	104	103	179	205	162	153
439	16	089	138	181	241	103	141	097	143	189	238	087	158	113	225	143	154	090	142	190	252	173	146	154	083	124	175	142	262	146	127	155	146	180	106	166	081	161	087	167	236	118	102	097	181	205	144	145
439	16	091	138	185	253	103	145	103	143	191	252	087	160	113	229	143	158	102	150	194	252	177	152	154	085	132	183	148	262	150	131	155	150	180	112	174	089	165	089	167	238	130	104	101	181	207	168	149
426	17	089	140	179	253	103	135	083	129	189	232	087	162	113	229	143	156	090	127	194	246	167	152	154	083	122	183	142	260	150	125	155	146	180	106	172	083	169	089	167	228	130	102	095	191	205	142	149
426	17	091	140	187	253	105	145	103	129	191	238	089	162	115	229	143	158	102	140	194	252	177	158	156	083	124	183	142	260	150	125	155	150	180	112	172	083	169	089	167	228	134	104	095	191	205	142	153
427	17	089	134	187	241	103	141	093	129	189	232	087	147	113	225	143	154	090	140	194	252	159	152	154	081	124	175	142	260	150	125	155	148	180	112	170	089	155	085	161	228	114	098	095	191	205	142	145
427	17	093	138	187	241	103	145	097	129	195	238	087	170	115	229	143	158	090	148	194	252	167	152	154	081	124	183	148	262	152	129	155	150	192	112	174	089	173	091	167	236	130	104	103	191	211	142	153
432	17	089	132	179	253	103	141	097	129	189	232	089	158	113	225	143	158	090	140	194	248	165	150	144	083	124	183	142	260	140	125	155	146	180	108	172	089	169	089	167	228	130	102	095	181	205	142	149
432	17	091	136	185	253	103	145	103	129	191	238	089	162	115	229	143	158	102	140	194	252	167	166	156	083	132	183	148	260	150	129	155	150	184	110	172	089	169	091	167	238	130	104	101	191	211	142	153
433	17	091	136	185	247	103	135	103	127	189	232	087	162	113	229	143	154	090	127	188	246	165	152	144	083	124	175	142	256	150	125	153	150	180	108	170	089	161	085	161	228	130	-9	099	181	205	142	149
433	17	091	136	187	253	103	145	103	141	191	238	087	162	115	229	143	160	102	142	200	252	177	158	154	085	132	183	148	260	152	125	155	150	180	110	174	089	173	091	167	238	132	-9	099	191	205	158	153
434	17	089	134	179	247	103	135	097	129	191	238	087	158	113	227	143	156	090	127	188	252	177	146	154	081	132	175	142	262	148	129	155	150	180	106	168	089	169	089	165	238	130	102	095	181	205	142	149
434	17	089	140	187	247	103	141	103	141	191	238	087	162	113	233	143	158	102	142	194	252	177	150	154	081	132	183	148	262	150	129	157	154	198	110	170	089	169	091	167	238	132	104	101	181	211	142	153
595	2	091	134	181	253	103	141	093	141	191	238	087	158	113	225	143	158	090	127	190	252	173	152	160	077	124	183	142	262	140	125	155	150	180	112	166	085	161	089	167	228	130	102	101	181	205	142	149
595	2	091	136	187	269	103	141	093	149	191	238	087	162	113	229	143	160	090	127	194	252	175	152	160	083	132	183	142	262	146	129	155	150	184	112	166	089	165	089	167	238	130	104	101	181	205	142	153
596	2	093	136	179	253	103	135	093	129	191	238	087	158	108	225	143	156	090	142	190	252	165	146	154	083	124	175	142	260	146	125	155	150	180	110	172	085	161	087	167	228	130	092	095	181	205	168	149
596	2	093	140	181	253	103	147	103	143	191	252	089	158	115	227	145	158	090	146	194	252	177	152	154	083	132	183	148	262	150	125	155	150	180	112	172	089	161	091	167	228	130	104	101	181	205	168	151
597	2	089	136	179	253	103	141	091	129	191	232	087	158	115	229	143	158	102	142	190	252	173	152	154	083	132	183	138	260	150	129	155	150	196	110	166	089	159	083	167	228	130	098	095	181	205	142	-9
597	2	089	138	187	269	103	145	103	129	191	238	089	160	115	229	143	160	102	142	190	252	173	154	154	083	132	183	142	262	150	129	155	150	196	112	172	089	161	089	167	238	130	102	099	181	211	168	-9
598	2	089	136	187	241	103	141	093	129	191	238	087	147	108	225	143	158	090	142	190	252	167	152	154	081	126	183	142	260	150	125	155	146	180	110	172	085	161	089	167	228	130	098	101	181	205	144	151
598	2	089	138	187	269	103	141	103	149	195	238	087	158	115	229	143	158	090	146	190	252	177	152	158	083	132	183	148	262	150	129	155	150	184	112	172	089	169	091	167	238	130	104	101	181	205	166	153
599	2	089	136	179	253	103	141	091	129	191	232	087	158	115	229	143	158	102	142	190	252	173	152	154	083	132	183	138	260	150	129	155	150	196	110	166	089	159	083	167	228	130	098	095	181	205	142	145
599	2	089	138	187	269	103	145	103	129	191	238	089	160	115	229	143	160	102	142	190	252	173	154	154	083	132	183	142	262	150	129	155	150	196	112	172	089	161	089	167	238	130	102	099	181	211	168	153
600	2	089	136	187	241	103	141	093	129	191	238	087	147	108	225	143	158	090	142	190	252	167	152	154	081	126	183	142	260	150	125	155	146	180	110	172	085	161	089	167	228	130	098	101	181	205	144	151
600	2	089	138	187	269	103	141	103	149	195	238	087	158	115	229	143	158	090	146	190	252	177	152	158	083	132	183	148	262	150	129	155	150	184	112	172	089	169	091	167	238	130	104	101	181	205	166	153
601	2	089	136	187	241	103	141	093	129	191	238	087	147	108	225	143	158	090	142	190	252	167	152	154	081	126	183	142	260	-9	125	155	146	180	110	172	085	161	-9	167	228	130	098	101	181	205	144	151
601	2	089	138	187	269	103	141	103	149	195	238	087	158	115	229	143	158	090	146	190	252	177	152	158	083	132	183	148	262	-9	129	155	150	184	112	172	089	169	-9	167	238	130	104	101	181	205	166	153
602	2	089	136	187	241	103	141	093	129	191	238	087	147	108	225	143	158	090	142	190	252	167	152	154	081	126	183	142	260	-9	125	155	146	180	110	172	085	161	089	167	228	130	098	101	181	205	144	151
602	2	089	138	187	269	103	141	103	149	195	238	087	158	115	229	143	158	090	146	190	252	177	152	158	083	132	183	148	262	-9	129	155	150	184	112	172	089	169	091	167	238	130	104	101	181	205	166	153
603	2	089	134	187	253	103	141	103	129	191	238	087	158	108	227	143	-9	090	127	190	252	167	152	154	083	132	183	142	260	146	129	155	150	180	110	166	085	161	087	161	228	130	102	101	181	205	144	153
603	2	091	140	187	269	103	147	103	143	195	252	089	162	115	231	145	-9	090	142	190	252	173	152	154	083	132	183	142	260	150	129	155	150	198	110	172	089	173	091	167	238	134	102	103	181	211	166	153
604	2	089	136	181	253	103	135	103	129	189	238	089	147	115	227	143	154	090	142	190	252	173	152	154	081	132	183	142	262	150	125	155	148	196	110	166	089	161	089	167	228	130	098	095	181	205	142	149
604	2	089	136	187	253	103	141	103	141	191	252	089	158	115	229	143	156	090	146	194	252	177	152	154	083	132	183	142	262	150	129	155	150	196	112	172	089	173	089	167	238	130	102	101	191	205	168	153
605	2	093	136	179	253	103	135	093	129	191	238	087	158	108	225	143	156	090	142	190	252	165	146	154	083	124	175	142	260	146	125	155	150	180	110	172	085	161	087	167	228	130	092	095	181	205	168	149
605	2	093	140	181	253	103	147	103	143	191	252	089	158	115	227	145	158	090	146	194	252	177	152	154	083	132	183	148	262	150	125	155	150	180	112	172	089	161	091	167	228	134	104	101	181	205	168	151
606	2	089	134	187	269	103	141	103	129	191	232	087	158	115	225	143	156	090	138	190	252	167	152	154	083	124	183	142	260	146	129	155	150	180	110	166	089	169	087	161	228	130	102	095	181	205	142	149
606	2	089	136	187	269	103	141	103	129	191	238	089	162	115	227	143	156	102	142	190	252	177	152	154	083	132	183	148	260	150	129	155	150	198	110	166	089	173	091	167	228	130	104	101	181	205	166	153
607	2	089	136	181	253	103	135	093	129	191	238	087	160	115	225	143	158	090	142	190	252	167	152	154	077	124	175	138	260	146	129	155	150	184	110	172	083	161	087	167	228	130	102	101	181	205	142	145
607	2	089	138	187	253	103	141	103	149	191	238	089	162	115	229	143	160	102	142	194	252	173	152	160	083	132	183	138	260	150	129	155	150	184	110	172	089	169	091	167	228	130	102	101	181	205	166	145
608	2	089	136	187	253	103	145	103	129	191	238	087	162	108	225	143	158	090	142	190	252	173	152	154	077	124	175	138	260	150	129	155	150	180	110	166	083	169	087	167	228	130	102	101	181	205	144	149
608	2	091	138	187	269	103	145	103	129	195	238	087	162	115	227	143	160	090	146	194	252	173	152	160	083	132	183	138	260	150	129	155	150	196	110	166	089	173	091	167	238	130	102	103	181	205	168	153
609	2	089	136	179	253	103	145	097	129	191	238	087	147	115	229	143	156	090	146	190	252	173	152	154	081	124	183	142	260	140	125	155	150	184	110	166	085	159	091	161	228	130	098	101	181	205	168	149
609	2	093	138	187	269	103	147	103	149	191	238	087	158	115	229	143	158	102	146	190	252	173	152	154	083	132	183	142	262	150	129	155	150	196	112	166	089	161	091	167	238	130	102	101	181	205	168	153
610	2	089	136	179	253	103	135	093	129	189	232	087	147	115	227	143	156	090	142	190	252	173	146	144	083	126	183	138	260	150	125	153	150	180	110	170	089	169	089	161	228	130	102	101	181	205	142	149
610	2	091	138	187	253	103	141	103	149	191	238	089	158	115	227	143	158	090	146	194	252	173	152	154	083	132	183	148	260	150	129	155	150	196	112	172	089	169	091	167	228	130	102	101	181	205	168	153
611	2	089	136	179	253	103	145	097	129	191	238	087	147	115	229	143	156	090	146	190	252	173	152	154	081	124	183	142	260	140	125	155	150	184	110	166	085	159	091	161	228	130	098	101	181	205	168	149
611	2	093	138	187	269	103	147	103	149	191	238	087	158	115	229	143	158	102	146	190	252	173	152	154	083	132	183	142	262	150	129	155	150	196	112	166	089	161	091	167	238	130	102	101	181	205	168	153
612	2	089	136	179	253	103	135	093	129	189	232	087	147	115	227	143	156	090	142	190	252	173	146	144	083	126	183	138	260	150	125	153	150	180	110	170	089	169	089	161	228	130	102	101	181	205	142	149
612	2	091	138	187	253	103	141	103	149	191	238	089	158	115	227	143	158	090	146	194	252	173	152	154	083	132	183	148	260	150	129	155	150	196	112	172	089	169	091	167	228	130	102	101	181	205	168	153
613	2	089	138	187	241	103	135	093	129	189	238	087	158	108	225	143	158	090	138	194	-9	167	152	154	083	132	175	142	-9	146	125	155	150	180	108	176	089	161	089	167	228	114	098	101	181	205	166	145
613	2	089	138	187	253	103	145	103	129	195	254	087	160	115	227	143	158	090	146	194	-9	177	152	160	083	132	183	142	-9	150	129	155	150	196	112	176	089	169	091	167	238	130	104	103	181	211	166	153
614	2	089	138	181	269	103	135	093	129	191	232	087	158	115	225	143	156	090	138	194	252	165	152	154	083	126	175	142	262	146	125	155	150	180	110	166	089	169	085	167	228	130	104	099	181	205	142	145
614	2	091	138	187	269	103	147	103	129	195	232	089	160	115	225	143	158	102	142	194	252	175	152	154	083	132	183	142	262	150	129	155	150	196	112	174	089	173	087	167	238	130	106	101	181	205	144	153
615	2	089	134	179	253	103	141	093	129	191	232	087	158	115	225	143	158	090	127	188	252	167	152	144	081	124	183	138	260	146	123	155	146	184	110	166	085	161	085	167	228	114	098	101	181	205	142	153
615	2	091	136	187	269	103	141	103	129	195	238	089	160	115	229	143	160	090	142	190	252	167	152	144	083	132	183	142	260	150	125	155	150	196	110	172	089	169	089	167	228	130	104	103	181	211	168	153
616	2	091	138	187	269	103	141	093	129	189	238	087	158	115	229	143	158	090	140	194	252	167	152	154	083	124	183	142	260	146	129	155	148	180	110	166	089	161	087	167	228	130	102	101	181	205	142	145
616	2	093	138	187	269	103	141	103	149	191	238	089	158	115	233	143	158	102	146	194	252	173	152	154	083	124	183	142	262	150	129	155	150	184	112	176	095	161	089	167	238	130	104	101	181	205	144	153
617	2	089	138	181	253	103	141	-9	129	191	238	089	158	113	225	143	156	090	142	190	252	175	152	154	077	124	175	138	260	146	129	155	150	180	110	166	085	161	089	167	228	130	102	101	181	201	166	149
617	2	089	138	187	269	103	147	-9	129	195	238	089	162	115	227	143	160	090	142	194	252	177	152	154	083	132	183	142	260	146	129	155	150	194	110	172	089	173	089	167	228	130	104	103	181	205	166	153
618	2	089	136	187	269	103	141	093	141	189	238	087	158	115	225	143	156	090	146	190	252	173	152	154	081	124	183	138	260	140	125	155	150	184	110	166	085	161	089	167	228	130	092	101	181	205	168	145
618	2	093	136	187	269	103	145	103	149	191	238	089	162	115	229	143	160	102	146	194	252	173	152	154	083	132	183	142	262	150	129	155	150	196	110	172	089	161	089	167	228	130	096	103	181	211	168	153
619	2	089	138	181	269	103	135	093	129	191	232	087	158	115	225	143	156	090	138	194	252	165	152	154	083	126	175	142	262	146	125	155	150	180	110	166	089	169	085	167	228	130	104	099	181	205	142	145
619	2	091	138	187	269	103	147	103	129	195	232	089	160	115	225	143	158	102	142	194	252	175	152	154	083	132	183	142	262	150	129	155	150	196	112	174	089	173	087	167	238	130	106	101	181	205	144	153
620	2	089	136	181	253	103	141	091	129	189	238	087	160	115	229	143	154	090	127	190	252	167	152	154	081	126	183	138	260	146	125	155	148	184	110	172	083	161	087	167	228	114	102	095	181	205	142	149
620	2	091	136	187	269	103	147	097	129	195	238	089	160	115	233	143	158	090	142	194	252	173	152	154	083	132	183	142	260	150	129	155	150	196	110	172	089	161	091	167	228	134	102	099	181	211	168	153
621	2	089	138	187	253	103	145	103	129	195	238	087	160	108	227	143	158	090	127	190	244	165	152	154	083	132	183	142	260	146	129	155	150	180	108	172	085	161	085	167	228	130	098	101	181	205	144	153
621	2	093	140	187	253	103	147	103	143	195	252	087	162	113	231	143	158	090	146	194	252	167	152	154	083	132	183	142	262	150	129	155	150	196	110	176	089	169	089	167	238	130	102	103	181	207	166	153
622	2	089	138	187	253	103	145	103	129	195	238	087	160	108	227	143	158	090	127	190	244	165	152	154	083	132	183	142	260	146	129	155	150	180	108	172	085	161	085	167	228	130	098	101	181	205	144	153
622	2	093	140	187	253	103	147	103	143	195	252	087	162	113	231	143	158	090	146	194	252	167	152	154	083	132	183	142	262	150	129	155	150	196	110	176	089	169	089	167	238	130	102	103	181	207	166	153
623	2	089	138	187	253	103	145	103	129	195	238	087	160	108	227	143	158	090	127	190	244	165	152	154	083	132	183	142	260	146	129	155	150	180	108	172	085	161	085	167	228	130	098	101	181	205	144	153
623	2	093	140	187	253	103	147	103	143	195	252	087	162	113	231	143	158	090	146	194	252	167	152	154	083	132	183	142	262	150	129	155	150	196	110	176	089	169	089	167	238	130	102	103	181	207	166	153
624	2	089	134	179	241	103	135	103	129	191	238	089	160	115	225	143	156	090	142	190	244	167	152	154	083	124	183	138	260	140	125	155	150	194	090	172	085	161	089	161	228	130	098	101	181	205	142	149
624	2	091	136	187	253	103	141	103	129	191	238	089	160	115	229	143	160	102	146	190	252	173	152	160	083	124	183	142	260	150	129	155	150	194	090	172	089	161	089	167	228	130	102	103	181	207	168	149
001	3	089	136	187	241	103	135	089	143	189	238	087	160	115	229	143	154	088	127	194	246	167	150	154	083	124	179	142	260	140	127	153	146	180	108	168	083	161	085	167	236	130	096	101	191	205	142	149
001	3	091	140	187	241	103	135	101	143	189	238	087	160	115	231	145	156	088	140	200	250	175	158	156	083	126	181	142	262	140	131	153	146	184	108	176	089	165	089	167	240	134	096	103	191	215	164	149
005	3	089	136	181	241	103	135	097	127	191	232	085	143	113	229	143	154	088	127	194	246	173	142	144	083	124	181	142	260	146	131	155	146	192	108	168	083	161	087	161	236	118	098	095	181	205	162	145
005	3	093	138	185	271	105	135	101	143	195	238	087	160	115	233	147	154	088	140	200	250	175	162	156	083	124	181	148	262	146	131	159	146	198	108	168	083	173	091	161	240	130	098	099	191	211	164	151
110	3	089	136	175	249	103	135	089	149	189	232	089	161	108	231	143	156	088	127	190	250	167	156	156	081	124	179	148	260	140	125	153	146	180	108	168	089	161	087	167	236	130	092	095	179	205	164	149
110	3	091	136	185	253	103	135	105	149	189	250	091	161	113	233	143	160	088	150	194	254	173	158	158	083	124	185	150	262	146	127	155	146	198	110	170	089	161	091	167	240	130	104	101	191	211	164	153
205	3	089	136	175	253	103	135	089	127	195	232	087	161	113	231	145	154	088	127	194	246	163	156	154	081	122	181	142	262	140	127	153	146	180	108	170	083	161	085	167	240	130	098	095	181	202	156	149
205	3	091	138	179	271	103	147	091	149	195	238	091	161	115	231	145	160	090	148	202	254	167	164	156	081	124	181	142	262	146	129	155	154	198	110	172	085	161	089	167	240	130	098	095	191	215	168	153
242	3	091	136	187	245	103	137	097	143	189	238	085	160	108	231	145	154	088	140	194	250	173	152	144	081	124	179	148	262	146	127	153	146	180	108	170	089	161	089	167	228	134	092	099	191	205	142	149
242	3	091	138	187	253	103	147	101	149	195	252	087	160	115	233	145	158	088	140	200	250	175	156	144	083	124	181	148	262	150	129	155	146	180	108	170	089	161	091	167	236	134	098	103	191	205	164	149
332	3	089	136	175	241	103	135	089	129	191	238	087	160	108	225	143	154	088	127	194	246	167	150	156	081	124	181	142	256	140	127	153	146	180	106	168	083	161	085	161	228	130	092	095	181	211	158	143
332	3	091	136	187	271	105	135	093	143	195	254	087	170	113	229	143	158	090	127	200	250	175	158	158	085	124	181	148	260	146	131	155	154	180	108	168	089	161	089	167	240	130	092	095	191	215	162	149
340	3	089	136	175	241	103	135	089	149	189	232	085	160	108	229	143	154	088	127	190	250	173	156	156	083	124	179	150	262	140	125	155	146	192	108	170	089	161	087	167	236	130	098	095	177	205	156	149
340	3	091	136	175	249	103	135	101	149	189	238	091	161	108	231	143	156	090	150	194	254	175	158	156	085	124	183	150	262	140	125	155	150	198	110	170	089	173	091	167	240	130	104	101	191	211	164	149
355	3	091	136	185	241	103	135	089	129	189	238	087	158	108	229	143	158	088	127	194	250	163	152	154	083	122	181	142	260	140	123	153	146	180	108	168	089	161	085	161	236	130	092	095	191	205	156	149
355	3	091	136	185	241	105	135	091	149	195	250	087	161	115	231	143	158	100	140	194	250	177	158	156	083	124	183	150	260	140	125	155	150	198	108	176	089	161	091	167	236	134	104	101	191	211	168	149
360	3	091	134	175	241	105	135	093	129	189	238	087	161	113	231	143	154	090	127	194	252	175	158	144	081	124	179	142	256	140	125	155	146	180	108	168	083	161	087	161	238	118	092	101	181	201	158	149
360	3	091	136	175	271	105	141	105	149	191	254	087	170	115	231	143	158	100	150	194	254	175	158	158	083	124	183	142	262	150	127	159	146	180	108	176	089	161	087	167	240	130	098	101	191	211	168	149
391	3	089	136	187	241	103	135	089	129	189	238	087	160	115	225	143	154	088	127	194	246	163	158	154	083	124	181	142	260	140	127	153	146	180	106	168	089	161	085	161	236	130	092	095	191	205	156	143
391	3	089	136	187	245	105	135	097	143	191	238	087	160	115	231	147	156	090	148	200	250	175	158	156	083	124	181	148	260	146	131	159	146	180	108	176	095	161	091	167	240	134	104	103	191	211	158	149
525	3	091	134	175	253	103	135	097	143	189	238	085	143	113	-9	143	158	090	127	194	246	165	152	144	083	122	179	142	262	146	123	155	146	192	108	170	089	161	087	161	236	130	098	095	179	211	164	-9
525	3	091	134	185	271	103	147	097	149	191	238	087	161	115	-9	145	158	100	127	200	250	173	156	156	083	122	183	148	262	150	127	159	154	198	110	174	089	161	089	167	240	134	104	101	191	215	168	-9
526	3	091	136	187	241	103	135	089	129	189	238	087	160	113	229	143	156	088	127	194	250	165	152	156	081	122	179	148	256	146	127	155	148	184	108	168	083	161	087	161	228	130	096	095	179	201	158	149
526	3	091	138	187	253	103	147	097	143	191	238	089	161	113	229	143	160	102	148	200	254	175	162	158	083	122	185	150	262	150	127	157	150	198	108	170	089	173	087	167	240	130	098	101	191	205	168	149
527	3	091	134	185	249	103	135	097	129	191	238	087	143	108	229	143	154	088	140	194	254	173	158	144	081	122	181	142	262	146	127	155	146	180	108	170	083	161	087	-9	224	130	092	095	191	205	168	149
527	3	093	136	185	271	103	135	101	143	191	254	089	160	108	229	143	158	088	150	200	254	175	158	144	083	124	181	148	262	146	127	159	150	184	110	170	083	165	089	-9	240	130	096	101	191	211	170	149
528	3	091	138	187	241	103	135	089	129	189	238	087	160	113	225	143	154	088	127	194	246	163	150	144	083	120	165	142	262	140	127	153	146	184	108	168	089	161	085	161	240	130	092	101	181	215	142	149
528	3	091	138	187	249	105	141	097	149	195	238	089	160	113	231	147	158	088	150	202	254	173	162	156	083	124	165	142	262	140	127	157	146	196	108	172	095	173	087	161	240	130	104	103	191	215	162	149
529	3	091	134	175	241	103	135	093	129	191	238	087	143	113	231	143	154	090	142	194	250	175	158	144	081	122	181	142	262	140	125	153	146	180	106	168	089	161	085	161	228	130	092	097	177	211	158	145
529	3	091	136	185	241	105	147	105	143	191	238	087	161	115	231	147	154	090	150	194	252	175	158	154	081	124	183	148	262	150	127	155	146	198	110	176	089	161	087	161	240	130	096	101	191	211	158	149
530	3	089	134	181	241	103	135	089	129	189	238	089	158	108	229	143	156	090	140	194	246	175	150	156	081	122	183	148	256	140	123	153	146	184	108	168	089	165	085	165	236	130	104	099	177	207	156	-9
530	3	089	136	187	253	107	135	093	143	189	238	091	160	108	229	147	158	090	140	200	250	175	162	156	081	122	185	148	262	150	127	157	154	198	108	168	089	173	085	167	240	130	104	099	191	211	168	-9
531	3	091	134	179	241	103	147	093	127	189	238	085	160	108	229	143	154	088	127	-9	250	175	158	154	083	124	179	142	262	140	127	155	148	180	106	170	089	161	085	161	238	130	092	095	191	211	162	-9
531	3	091	136	187	241	105	147	097	149	189	238	089	161	115	231	145	154	100	140	-9	254	175	162	156	083	124	181	150	262	150	131	155	150	184	108	170	091	173	089	167	240	130	092	101	191	211	162	-9
532	3	091	138	181	241	103	135	097	129	191	238	085	160	113	229	143	154	090	140	194	250	175	158	154	081	122	165	148	256	146	125	155	146	180	106	170	089	161	089	161	228	130	092	099	191	211	162	149
532	3	091	138	185	253	103	141	105	149	195	238	091	160	115	231	143	158	100	150	198	254	175	162	160	083	124	181	150	262	150	127	155	146	198	108	174	089	161	089	161	240	130	098	101	191	211	170	151
533	3	091	136	187	245	103	135	097	129	195	238	087	143	108	229	147	154	090	140	194	246	175	152	156	083	122	165	142	260	140	125	153	146	192	106	170	089	161	-9	161	240	130	092	095	181	207	162	149
533	3	091	138	187	271	104	135	101	143	195	238	091	158	113	229	147	160	100	140	200	250	175	158	156	083	124	183	142	262	148	127	153	146	192	108	170	089	173	-9	167	240	130	104	101	191	211	168	149
534	3	091	134	185	245	103	135	097	129	191	238	087	160	108	229	143	154	088	150	194	250	175	150	144	081	122	179	142	262	146	127	155	146	180	106	168	083	161	087	161	-9	130	096	095	191	205	142	149
534	3	091	142	191	249	104	135	097	143	191	254	089	160	108	231	143	158	102	150	200	254	175	158	144	083	122	181	142	262	150	127	159	150	184	110	170	089	165	089	161	-9	134	096	099	191	215	168	149
535	3	091	138	175	241	103	135	089	129	189	-9	085	143	115	229	-9	154	088	127	190	244	173	158	158	081	124	179	142	260	140	127	153	146	180	108	170	089	161	087	161	236	118	096	101	191	205	142	149
535	3	091	140	175	241	103	141	097	143	191	-9	087	160	115	231	-9	158	090	140	200	252	175	162	158	083	124	185	148	262	146	127	155	146	192	108	172	089	161	089	165	240	130	098	101	191	211	168	149
536	3	091	136	175	241	103	135	089	129	195	254	087	-9	108	-9	143	154	090	127	194	246	165	150	144	081	124	179	142	260	140	127	153	146	180	108	168	089	161	085	167	238	130	092	095	181	211	162	143
536	3	091	136	181	253	103	135	089	143	195	254	087	-9	115	-9	143	154	090	148	200	250	167	158	158	081	124	181	142	262	146	127	159	154	198	108	172	089	161	087	167	240	134	096	101	191	215	162	149
537	3	089	136	175	241	103	137	099	127	191	238	085	160	108	231	143	154	088	127	194	250	173	156	156	081	122	165	142	260	146	127	151	146	184	106	170	083	161	087	161	228	130	098	101	177	205	164	149
537	3	091	140	185	269	103	137	105	149	191	238	091	160	115	233	143	154	088	150	200	254	175	158	156	083	122	183	148	262	150	129	155	150	198	108	172	089	161	087	167	240	130	104	103	191	211	168	149
538	3	091	138	185	241	103	135	089	143	191	232	087	161	108	229	143	158	088	127	194	250	175	158	144	081	122	179	142	262	146	127	155	146	184	108	168	083	161	087	161	236	130	092	095	179	205	142	149
538	3	091	138	187	247	107	137	101	149	195	238	091	161	113	229	143	158	088	140	200	254	175	158	144	083	122	179	142	262	146	127	159	150	198	108	186	089	165	087	167	238	130	104	101	191	211	170	151
539	3	091	136	187	245	103	135	097	129	195	238	087	143	108	229	147	154	090	140	194	246	175	152	156	083	122	165	142	260	140	125	153	146	192	106	168	089	161	087	161	240	118	096	101	181	207	162	-9
539	3	091	138	187	271	104	135	101	143	195	238	091	158	113	229	147	160	100	140	200	250	175	158	156	083	124	183	142	262	148	127	155	146	192	108	170	089	173	087	165	240	130	098	101	191	211	168	-9
540	3	089	136	185	241	103	135	089	129	189	238	085	160	113	225	143	156	088	127	194	246	165	156	156	083	122	183	138	262	140	123	157	146	180	106	168	083	161	085	161	236	130	092	099	191	205	142	-9
540	3	091	138	187	253	103	135	097	149	191	238	089	160	113	229	143	158	100	150	200	250	173	164	158	083	122	185	148	262	140	127	159	150	180	112	172	089	173	087	165	240	130	104	103	191	215	158	-9
541	3	091	134	175	241	103	135	097	143	191	238	085	160	113	229	145	156	090	140	194	244	165	156	144	083	122	179	142	260	146	123	153	146	192	106	172	083	161	087	165	236	130	098	095	179	201	164	149
541	3	091	140	187	253	103	135	101	149	195	238	087	161	113	231	145	158	090	150	194	254	175	158	154	083	122	185	148	262	146	127	153	146	192	108	176	089	161	087	165	236	134	098	101	193	211	168	149
542	3	091	134	179	241	103	137	089	143	189	238	087	143	113	229	145	158	100	127	194	250	163	142	144	081	124	183	142	256	150	129	153	146	180	108	168	083	161	089	167	240	130	096	095	191	205	162	149
542	3	091	136	187	253	103	147	105	149	195	238	091	160	115	233	145	160	100	148	194	250	173	162	156	083	124	185	148	262	150	131	155	150	198	112	168	089	165	091	167	240	134	104	099	191	211	164	149
543	3	089	134	185	241	103	135	091	129	191	238	085	143	108	229	143	154	088	127	194	246	163	158	144	081	122	179	142	262	140	127	153	146	180	106	170	083	161	089	161	228	130	092	095	177	205	164	149
543	3	091	140	187	241	105	141	091	143	195	238	087	143	115	231	143	156	090	127	194	250	177	164	156	083	122	183	142	262	146	131	153	150	180	108	172	089	161	089	161	240	130	104	101	191	211	164	149
544	3	089	136	175	241	103	137	099	127	191	238	085	160	108	231	143	154	088	127	194	250	173	156	156	081	122	165	142	262	146	127	155	146	184	106	170	083	161	087	165	228	130	098	101	177	205	164	-9
544	3	091	140	185	269	104	137	105	149	191	238	091	160	115	233	143	154	088	150	200	254	175	158	156	083	122	183	148	262	150	129	155	150	198	108	172	089	161	087	165	240	130	104	103	191	211	166	-9
545	3	089	138	185	241	103	135	089	129	191	232	085	160	113	229	143	156	088	127	194	246	173	158	156	081	122	179	138	262	140	127	159	146	180	106	168	083	161	085	161	236	130	092	099	181	215	158	-9
545	3	089	140	187	253	103	135	093	149	191	232	087	161	115	231	147	158	090	127	200	250	175	164	156	083	124	183	142	262	140	127	159	150	198	106	170	083	161	087	161	236	130	092	099	191	215	168	-9
546	3	091	136	175	241	103	135	089	129	189	238	087	143	115	229	143	158	088	140	200	246	163	158	154	081	122	179	142	260	140	127	153	146	184	106	172	089	161	085	165	240	130	098	095	191	205	166	149
546	3	091	140	179	241	103	141	101	129	191	238	091	160	115	229	145	160	102	140	200	252	173	162	158	083	122	185	150	262	140	127	155	150	192	108	172	089	161	087	165	240	130	098	103	191	215	168	151
547	3	089	134	185	241	103	135	089	129	195	238	089	158	115	229	143	154	090	127	194	244	175	150	154	081	120	179	150	260	146	123	153	146	184	108	170	083	161	087	161	240	130	092	095	179	211	142	-9
547	3	091	136	187	241	105	141	097	149	195	238	089	161	115	231	143	158	100	140	198	254	175	158	156	083	124	179	150	262	150	127	155	150	196	112	176	083	161	089	167	240	130	098	099	191	215	142	-9
548	3	089	136	175	241	103	135	089	143	189	238	087	143	113	229	143	158	090	142	194	250	173	158	154	083	122	165	142	262	140	123	155	146	198	106	170	083	173	087	161	228	118	092	099	177	205	142	149
548	3	091	140	175	241	105	141	093	149	189	238	091	161	115	231	143	158	100	150	198	250	175	158	154	083	124	179	150	262	148	129	155	148	198	108	170	089	173	087	167	240	134	104	101	191	205	144	151
549	3	089	136	185	241	103	135	089	127	189	238	087	158	108	229	143	154	088	140	200	250	163	150	154	081	122	181	142	262	150	127	159	146	180	108	172	083	165	087	161	240	134	096	095	179	205	162	149
549	3	091	138	185	241	103	147	097	129	195	238	089	160	113	233	147	160	088	150	202	254	175	162	156	083	124	183	148	262	150	131	159	150	192	110	174	089	165	087	161	240	134	104	095	191	205	168	149
550	3	089	134	181	241	103	135	093	127	195	232	087	160	113	229	145	156	088	140	194	246	175	158	156	081	122	179	142	262	140	123	155	146	184	108	168	089	161	085	165	236	130	096	095	179	207	156	-9
550	3	091	136	187	241	104	141	093	149	195	238	087	161	115	231	147	160	090	150	194	250	175	164	158	083	122	181	150	262	150	127	159	150	198	108	168	091	173	089	167	236	130	098	099	191	207	164	-9
551	4	089	136	181	253	103	141	093	129	189	238	087	158	113	229	143	158	090	142	190	252	177	152	144	083	124	183	142	260	150	125	153	148	184	110	172	089	161	087	161	228	130	102	101	181	201	142	-9
551	4	091	138	187	269	103	141	097	129	191	238	087	160	115	231	143	158	102	142	190	254	177	152	154	083	132	183	142	262	150	129	155	150	198	112	172	089	173	089	167	236	130	102	101	191	205	168	-9
552	4	089	136	179	253	103	135	103	129	189	238	087	147	115	229	143	158	090	140	194	252	167	146	154	081	124	175	138	260	140	125	155	150	184	106	166	081	161	-9	167	228	130	098	095	181	205	-9	145
552	4	089	136	179	269	103	141	103	141	189	254	089	158	115	231	143	158	102	140	194	252	167	152	154	083	132	183	148	262	150	129	157	150	198	110	172	095	173	-9	167	238	130	102	101	191	207	-9	151
553	4	089	138	179	253	103	141	093	143	191	238	087	162	115	-9	143	156	090	146	190	252	173	152	144	083	132	165	142	260	140	125	155	148	194	110	170	085	161	089	167	228	114	102	101	181	207	142	-9
553	4	091	140	187	269	103	145	097	143	195	252	089	162	115	-9	157	156	102	148	194	252	173	152	154	083	132	179	142	262	146	129	159	150	198	112	172	089	165	089	167	238	130	104	101	181	211	168	-9
554	4	089	134	187	253	103	141	093	129	189	232	087	158	115	229	143	158	088	127	194	252	167	152	144	083	124	175	138	262	150	125	155	146	180	112	166	085	161	089	167	228	114	102	101	191	211	166	145
554	4	091	136	187	253	103	141	097	129	191	232	091	158	115	231	143	160	090	140	194	252	173	152	156	083	132	183	142	262	150	129	155	150	180	112	170	089	165	091	167	228	130	102	101	191	215	166	153
555	4	089	136	179	253	103	141	085	129	191	238	087	162	113	229	143	156	090	142	190	250	167	152	154	077	132	183	142	260	140	123	155	150	180	112	172	089	161	-9	167	228	114	096	099	181	207	144	151
555	4	091	136	187	253	103	147	103	129	191	238	089	162	115	229	143	158	090	148	194	254	175	154	154	083	132	183	148	262	150	125	159	150	184	112	176	089	165	-9	167	238	130	098	101	181	207	144	153
556	4	089	136	179	253	103	141	093	129	189	238	087	158	115	229	143	158	090	140	188	252	167	152	154	077	124	179	142	-9	142	125	155	148	180	112	166	085	161	089	167	228	130	098	095	181	205	144	-9
556	4	089	136	187	253	103	145	097	143	191	238	087	158	115	229	143	160	090	140	194	252	173	152	156	083	124	183	142	-9	150	125	159	148	180	112	170	089	161	089	167	236	130	098	101	181	215	168	-9
557	4	089	136	179	253	103	135	093	129	189	232	087	147	113	229	143	154	102	140	194	252	173	152	154	081	122	165	138	262	146	125	153	146	180	106	172	089	161	089	167	238	130	092	101	181	205	166	149
557	4	089	138	187	269	104	141	097	129	191	252	089	162	115	229	143	156	102	142	194	252	173	166	154	081	132	175	148	262	150	129	155	150	196	110	176	089	161	089	167	238	132	102	101	191	215	166	153
558	4	089	136	187	253	103	141	097	129	191	238	087	162	113	229	143	154	090	142	190	250	173	152	144	083	124	165	142	260	148	125	159	150	180	110	166	083	161	089	167	228	130	092	095	177	205	144	-9
558	4	089	136	187	253	103	141	103	149	191	252	091	162	115	233	143	160	102	148	194	252	177	166	154	085	132	183	148	262	150	129	159	150	196	110	172	089	165	089	167	238	132	102	103	181	211	166	-9
559	4	089	136	179	253	103	141	093	129	191	238	087	158	115	229	143	156	102	146	194	250	167	152	154	077	124	165	142	260	146	129	155	150	184	112	172	085	161	089	161	228	130	092	095	177	207	168	-9
559	4	093	136	187	253	103	145	103	143	191	238	087	162	115	231	143	158	102	146	194	252	167	152	154	083	132	165	142	260	150	129	157	150	194	112	172	089	161	089	167	238	134	102	101	181	211	168	-9
560	4	089	136	181	253	103	141	085	129	191	232	089	158	108	229	143	156	102	138	190	250	167	146	144	081	124	175	138	262	-9	129	155	146	180	110	166	085	161	089	161	228	128	096	099	181	201	144	153
560	4	091	136	181	253	103	141	093	129	195	238	091	158	108	229	143	160	102	142	194	252	173	146	154	083	126	175	148	262	-9	129	155	150	196	112	170	089	165	089	167	228	130	102	101	191	205	166	153
561	4	089	134	179	253	103	141	103	129	189	232	087	158	113	227	143	154	090	142	190	252	167	154	144	077	122	175	138	262	148	125	155	150	180	106	172	089	169	081	167	228	130	096	095	181	205	144	-9
561	4	089	136	187	253	103	145	103	129	191	238	087	158	115	229	143	156	090	146	194	252	173	166	144	077	132	175	142	262	150	129	155	150	184	112	172	089	173	089	167	238	132	102	095	191	211	166	-9
562	4	089	138	179	253	103	141	097	129	189	238	087	147	108	227	143	156	090	127	190	252	167	152	144	081	122	175	142	256	146	125	155	150	196	112	166	085	161	089	167	224	130	096	101	181	205	168	-9
562	4	093	138	179	271	103	145	103	129	189	238	087	158	108	229	143	158	090	142	194	252	177	152	154	083	132	175	150	262	150	129	155	150	198	112	176	089	165	091	167	238	130	104	101	181	211	168	-9
563	4	089	136	179	253	103	135	093	129	191	238	087	147	113	229	143	158	102	142	194	252	173	152	144	077	124	179	142	262	151	125	155	150	180	106	166	089	161	089	167	238	130	098	095	181	205	144	-9
563	4	091	136	181	253	103	141	103	129	191	238	089	147	113	231	143	160	102	142	194	252	177	166	154	081	132	183	142	262	151	129	155	150	180	112	166	095	161	089	167	238	132	102	101	181	207	144	-9
564	4	089	136	187	253	103	135	093	129	191	232	087	162	115	229	143	158	090	142	190	252	177	146	154	081	132	183	142	260	146	125	155	150	184	106	170	089	161	089	167	228	128	102	101	181	205	144	-9
564	4	091	136	187	253	103	141	103	149	191	238	087	170	115	233	143	158	090	148	194	252	177	152	154	085	132	183	142	262	150	125	157	150	196	112	172	089	165	089	167	238	132	104	101	191	211	168	-9
565	4	089	136	179	241	103	141	093	141	191	232	087	158	115	229	143	156	090	127	190	250	173	152	154	077	124	183	142	260	150	129	157	150	184	106	170	089	161	089	161	228	128	092	095	181	205	142	-9
565	4	091	136	179	253	103	141	103	143	195	232	089	158	115	231	143	160	102	142	194	250	173	152	154	081	132	183	142	260	150	129	159	150	196	112	176	095	165	089	167	238	132	104	103	181	211	144	-9
566	4	089	134	181	253	103	135	093	129	189	238	087	158	113	225	143	158	102	127	194	252	173	152	144	077	124	183	142	260	150	125	155	150	180	106	170	089	161	089	167	238	114	096	095	181	205	142	-9
566	4	091	136	187	253	103	135	097	129	191	238	089	162	115	227	143	158	102	142	194	252	177	164	144	081	124	183	150	262	150	129	155	150	196	112	170	089	169	089	167	238	130	102	103	181	207	144	-9
567	4	091	136	181	253	103	135	103	129	189	238	087	147	115	229	143	158	090	142	188	250	173	146	154	077	124	165	142	260	140	125	155	146	180	106	170	085	161	089	165	228	130	098	095	181	205	158	145
567	4	093	136	191	253	103	141	103	141	191	252	087	162	115	229	143	160	090	148	194	252	177	152	160	085	132	175	142	262	146	129	163	150	196	112	172	089	165	089	167	238	130	102	095	181	211	166	153
568	4	089	136	187	253	103	135	093	129	191	232	087	158	113	225	143	154	090	142	190	252	173	152	154	083	124	165	138	262	150	125	155	150	180	110	166	089	161	087	167	228	128	092	095	177	205	144	-9
568	4	091	136	187	253	103	141	097	149	191	238	091	162	113	229	143	158	102	142	194	252	173	154	156	085	132	165	142	262	150	125	159	150	196	110	172	089	161	089	167	228	132	092	103	181	205	166	-9
569	4	089	136	179	253	103	135	093	129	189	238	087	147	113	229	143	158	102	140	190	246	173	152	156	081	124	175	142	260	146	125	155	148	180	110	172	089	161	087	167	228	130	096	095	181	201	142	-9
569	4	091	136	187	269	103	141	097	129	191	238	089	158	115	229	143	158	102	142	194	252	177	166	160	081	124	183	148	262	150	129	155	150	196	112	178	089	165	089	167	238	130	104	103	181	207	158	-9
570	4	089	136	187	267	103	141	093	129	189	238	087	147	113	229	143	158	102	140	190	246	173	152	-9	081	124	175	142	260	146	125	155	148	180	110	172	089	161	087	167	228	130	096	095	181	201	142	-9
570	4	091	136	187	269	104	141	097	129	191	238	089	158	113	229	143	158	102	142	194	252	177	166	-9	081	124	183	148	260	146	129	155	150	196	112	178	089	165	089	167	238	130	104	103	181	201	158	-9
571	4	089	136	187	253	103	141	085	129	189	238	089	158	115	227	143	154	090	138	190	252	167	152	-9	077	124	183	142	256	140	125	157	148	184	106	170	085	161	085	167	228	130	098	095	-9	207	166	-9
571	4	089	138	187	253	103	141	097	149	189	254	091	160	115	229	143	158	090	142	190	252	177	166	-9	083	132	183	142	260	146	129	157	150	184	112	172	089	161	089	167	228	130	104	099	-9	211	166	-9
019	5	089	136	187	241	103	135	093	129	191	232	087	158	115	227	143	156	090	140	194	252	177	152	144	081	124	175	138	260	146	123	155	150	184	110	170	089	161	089	161	228	130	102	095	177	205	142	151
019	5	091	136	187	253	103	141	103	143	195	252	089	160	115	233	143	158	090	142	194	252	177	152	154	083	132	183	142	262	146	129	155	150	184	112	176	089	165	089	167	228	132	102	101	181	205	142	151
066	5	091	136	179	253	103	135	093	129	189	232	087	158	113	227	143	158	090	140	190	252	167	146	154	083	124	175	142	260	148	129	155	150	180	110	172	085	161	089	167	224	130	102	099	181	205	158	151
066	5	091	136	187	253	103	135	097	141	191	238	089	158	113	229	143	158	090	142	194	252	177	152	156	083	124	183	142	262	148	129	155	150	196	112	176	089	165	089	167	228	132	102	103	181	205	166	153
067	5	089	136	179	253	103	141	097	129	191	238	087	147	113	227	143	156	090	127	188	250	173	152	144	081	124	165	142	262	150	125	155	150	180	112	166	089	161	087	167	228	128	092	095	181	205	144	151
067	5	089	140	187	253	103	141	103	141	191	252	087	158	115	229	143	158	090	142	190	252	177	154	152	083	126	175	148	262	150	129	159	150	184	112	172	089	161	089	167	228	130	098	101	181	207	158	153
068	5	089	136	179	241	103	135	093	143	191	232	087	147	115	227	143	158	090	140	190	252	173	146	156	083	124	175	142	260	148	125	155	150	180	110	166	085	161	089	161	238	130	092	099	177	205	142	151
068	5	091	138	187	249	103	145	097	149	191	232	087	160	115	229	143	158	102	142	194	252	177	152	160	083	124	175	142	262	150	129	157	150	184	112	172	089	173	089	167	238	132	098	101	181	207	144	153
069	5	089	134	179	241	103	141	103	129	191	232	087	160	113	227	143	158	090	142	188	246	177	152	144	083	124	165	138	260	146	129	155	150	180	106	166	085	161	087	167	238	130	096	103	181	205	142	149
069	5	093	136	187	253	103	147	103	143	195	252	087	161	113	229	143	160	090	148	190	250	177	166	154	083	124	183	148	260	150	129	155	150	198	112	176	089	165	089	167	238	132	102	103	181	205	158	151
070	5	091	134	179	253	103	141	097	129	191	238	087	158	113	229	143	154	090	127	190	252	167	152	154	077	124	175	138	262	148	125	155	150	180	106	166	085	161	085	167	228	128	102	095	181	205	142	151
070	5	091	140	179	271	103	141	103	129	191	238	087	160	113	229	143	156	102	140	194	252	167	152	154	083	132	183	138	262	150	129	155	150	180	110	172	085	173	089	167	228	130	104	101	191	207	168	151
071	5	089	134	179	241	103	141	093	129	189	232	089	147	113	229	143	158	090	142	190	252	177	146	160	081	124	183	142	260	146	125	155	150	198	112	170	089	161	089	167	228	128	092	095	181	205	158	149
071	5	091	134	187	253	103	145	103	143	191	238	091	158	115	229	143	160	090	146	194	252	177	152	160	083	132	183	142	262	150	125	155	150	198	112	172	089	161	089	167	228	130	102	101	191	205	158	151
111	5	089	134	187	241	103	141	093	129	189	232	087	147	108	227	143	158	090	140	190	250	167	152	144	081	124	183	138	260	146	129	155	148	180	110	176	089	161	089	167	228	114	104	103	177	205	142	153
111	5	089	136	187	241	103	145	103	141	191	238	089	158	113	229	143	158	102	142	190	252	177	154	154	081	124	183	142	262	150	129	155	150	180	112	176	095	165	089	167	228	130	104	103	181	207	166	153
114	5	091	136	181	241	103	147	093	143	191	232	087	147	108	227	143	158	090	140	194	246	173	152	160	081	124	165	148	262	148	129	155	148	196	112	166	085	161	087	167	228	130	092	101	181	205	142	151
114	5	091	136	187	241	103	147	103	143	191	238	087	158	108	231	143	158	102	140	194	246	177	152	160	081	124	183	148	262	150	129	155	150	198	112	176	089	161	089	167	228	132	102	103	181	205	142	151
125	5	089	136	179	253	103	141	103	129	189	238	087	158	108	225	143	158	090	140	190	252	167	152	144	077	132	183	142	262	150	125	155	150	180	112	172	089	165	089	167	228	130	098	101	177	205	144	149
125	5	091	136	179	253	103	145	103	141	191	238	089	162	115	229	143	160	102	140	190	252	177	154	144	083	132	183	148	262	150	129	159	150	196	112	176	089	173	089	167	228	132	102	103	181	207	168	153
141	5	089	136	179	241	103	135	089	129	189	238	087	158	113	227	143	158	090	140	188	252	177	152	152	083	124	165	138	260	148	129	155	150	180	112	170	089	161	089	167	228	132	098	095	177	201	156	149
141	5	091	136	181	271	103	145	097	141	191	252	089	162	113	229	143	158	090	142	194	252	177	166	154	083	124	183	142	260	150	129	155	150	196	112	172	089	169	089	167	228	132	104	099	181	207	158	151
150	5	091	136	187	253	103	141	093	129	191	232	087	158	113	229	143	156	090	127	188	252	177	146	144	081	124	183	142	262	146	125	155	150	180	112	172	083	161	087	167	228	130	092	095	181	211	144	151
150	5	093	136	187	253	103	145	103	143	191	252	087	162	115	233	143	158	090	142	194	252	177	152	160	081	124	183	148	262	150	129	155	150	194	112	176	089	169	089	167	238	132	102	103	181	215	164	151
153	5	091	136	179	253	103	135	093	143	189	238	087	147	113	227	143	158	090	138	194	252	173	146	144	083	124	175	142	260	146	125	155	150	196	110	176	089	165	085	167	228	130	092	099	177	205	142	151
153	5	091	136	179	253	103	141	103	143	191	238	089	160	113	233	143	160	090	142	194	252	177	166	156	083	124	183	142	262	148	129	155	150	198	112	176	089	169	089	167	238	132	102	103	181	207	158	153
166	5	091	134	179	249	103	135	093	129	191	232	089	158	113	227	143	158	090	140	188	252	167	146	154	083	124	183	138	262	150	129	155	150	180	110	172	083	161	085	167	228	130	096	101	177	205	158	149
166	5	091	138	187	253	103	147	097	141	191	238	089	160	115	227	143	158	090	142	194	252	177	152	160	083	132	183	142	262	150	129	155	150	198	112	176	085	169	085	167	228	130	102	103	191	207	166	149
192	5	089	136	179	241	103	135	089	129	189	232	087	147	115	227	143	158	090	127	190	252	167	146	154	083	124	183	138	260	146	129	155	150	180	112	166	089	161	085	167	228	130	102	103	181	205	158	149
192	5	091	136	187	253	103	141	093	149	191	238	087	158	115	231	143	158	090	142	194	252	177	152	154	083	132	183	142	262	150	129	155	150	180	112	172	089	161	087	167	228	130	102	103	181	211	166	151
194	5	089	136	179	241	103	135	093	129	189	232	087	147	108	225	143	158	090	142	194	246	177	146	152	081	132	175	142	262	146	125	155	150	184	112	166	085	159	089	167	228	130	092	095	177	205	158	151
194	5	093	136	187	241	103	141	093	143	189	238	087	160	115	229	143	158	090	142	194	252	177	152	160	083	132	183	142	262	150	129	155	150	194	112	176	089	161	089	167	238	132	102	103	181	205	168	151
195	5	089	134	179	253	103	135	097	129	189	232	087	147	115	229	143	156	090	140	188	246	167	152	154	083	124	175	138	260	150	125	155	146	180	110	172	085	173	085	167	228	128	098	101	177	207	144	145
195	5	091	134	187	271	103	141	103	129	191	238	089	158	115	233	143	160	090	142	190	252	177	152	156	083	132	183	138	262	150	125	155	150	180	110	172	089	173	089	167	228	128	102	101	181	211	158	145
199	5	091	136	179	241	103	135	089	141	189	232	087	158	113	231	143	156	090	140	190	246	173	152	154	077	124	179	138	260	148	125	155	150	180	112	170	089	161	089	161	228	128	098	101	181	205	142	145
199	5	091	138	187	269	103	135	089	143	191	238	089	162	115	231	143	158	090	140	190	252	177	166	154	083	124	183	142	262	150	125	159	150	196	112	170	089	165	089	167	228	130	104	101	191	211	166	151
206	5	089	136	187	253	103	135	103	129	191	232	089	158	108	229	143	160	090	140	190	250	177	146	154	081	132	175	138	260	150	123	155	146	180	106	172	085	161	089	161	228	128	092	101	181	205	144	151
206	5	093	136	187	253	103	147	103	149	191	238	091	158	115	233	143	160	090	140	190	252	177	166	154	081	132	183	142	262	150	129	155	150	184	112	176	089	161	089	167	238	132	102	103	181	215	158	153
333	5	089	136	187	253	103	135	093	129	191	232	087	147	108	227	143	156	090	140	188	246	167	152	144	083	124	175	138	260	150	125	155	150	198	106	166	089	165	081	167	228	130	102	095	181	207	142	145
333	5	089	136	187	271	103	147	103	143	191	238	089	147	115	229	143	158	090	142	194	252	177	152	152	083	124	175	148	262	150	129	159	150	198	112	166	089	169	089	167	228	132	104	099	181	211	158	151
356	5	093	134	187	253	103	141	093	129	189	232	087	147	108	227	143	156	090	142	190	250	167	152	154	083	124	175	138	260	140	125	153	150	180	112	170	089	161	089	167	228	132	102	101	177	207	166	153
356	5	093	136	187	269	103	147	103	129	195	238	087	158	115	229	143	158	090	146	190	252	177	154	154	083	132	183	142	262	150	129	155	150	180	112	174	089	165	089	167	228	132	102	103	181	215	168	153
392	5	091	134	187	253	103	141	093	143	189	238	089	158	115	233	143	158	088	140	190	252	173	152	154	081	124	179	142	262	146	129	155	150	180	112	166	083	161	087	167	228	130	092	101	177	211	158	153
392	5	093	136	187	253	103	145	103	149	191	252	091	162	115	233	143	160	088	142	194	252	175	152	160	083	124	183	142	262	150	129	159	150	194	112	170	085	161	089	167	238	130	104	101	181	215	166	153
411	5	091	136	179	253	103	141	093	129	189	232	087	147	108	227	143	158	090	140	190	246	167	152	144	081	124	165	142	260	140	125	155	150	180	106	166	089	161	089	167	228	128	092	095	181	207	142	145
411	5	091	136	181	253	103	141	093	129	189	238	089	158	113	233	143	158	102	146	194	252	177	166	154	083	132	175	142	262	140	129	155	150	184	112	176	089	165	089	167	228	132	102	103	181	207	144	151
412	5	089	136	179	253	103	135	089	129	189	232	087	158	115	229	143	156	090	127	190	250	177	152	152	077	124	183	138	262	146	125	155	150	180	112	166	089	161	089	167	228	114	092	101	191	205	166	151
412	5	089	138	187	253	103	141	093	129	189	232	087	160	115	229	143	158	090	142	194	252	177	154	160	083	132	183	148	262	150	129	159	150	180	112	172	089	161	089	167	238	114	102	101	191	207	166	151
413	5	091	136	179	253	103	135	093	129	189	232	087	147	108	227	143	156	090	127	188	252	177	152	144	083	132	165	138	262	150	125	155	150	180	112	172	085	161	089	161	224	114	098	103	181	205	166	145
413	5	091	138	187	271	103	141	097	143	191	232	089	158	115	231	143	158	102	148	190	252	177	152	154	083	132	175	142	262	150	129	155	150	196	112	172	085	173	091	167	228	132	102	103	181	211	166	151
414	5	089	136	187	253	103	135	093	129	191	232	089	147	108	227	143	156	090	127	188	246	167	146	154	081	126	165	142	260	148	123	155	150	180	112	170	085	161	089	167	224	130	092	099	181	207	166	151
414	5	093	136	187	253	103	141	103	129	191	252	091	162	115	233	143	160	090	142	190	252	175	152	154	083	132	183	142	262	150	125	155	150	184	112	176	089	173	089	167	228	132	102	101	181	211	166	151
415	5	089	136	179	253	103	141	097	129	189	238	087	158	113	229	143	156	090	127	190	252	167	146	144	077	124	175	142	260	150	125	155	150	180	110	166	085	161	081	167	228	130	098	101	181	211	158	151
415	5	091	138	181	269	103	141	097	129	191	238	089	158	115	229	143	156	090	142	194	252	177	152	156	083	132	183	148	262	150	129	155	150	180	110	170	089	173	091	167	228	130	104	101	181	211	168	151
416	5	091	136	179	241	103	147	097	129	189	232	087	147	113	229	143	158	090	140	190	252	167	164	160	081	124	165	142	260	150	125	155	150	180	112	176	085	161	081	167	224	130	092	099	177	205	158	147
416	5	091	138	187	253	103	147	103	143	191	252	087	162	113	229	143	160	090	142	194	252	177	166	160	083	124	165	148	260	150	129	155	150	184	112	176	089	173	089	167	238	130	092	101	181	211	166	151
417	5	091	136	179	253	103	145	093	129	189	238	089	158	113	227	143	158	088	140	188	252	167	146	152	083	124	179	142	260	148	129	155	150	196	112	176	085	161	081	167	228	114	092	099	181	205	142	151
417	5	091	138	187	253	103	147	097	129	191	238	091	160	113	229	143	160	090	142	194	252	167	166	160	085	126	183	142	260	150	129	159	150	198	112	176	089	161	089	167	228	130	098	103	191	205	158	153
418	5	091	134	179	241	103	135	089	141	191	232	087	147	113	229	143	158	090	140	190	246	177	164	154	083	124	179	138	260	146	129	155	150	198	112	170	085	161	089	167	228	130	102	099	181	201	158	149
418	5	093	136	187	241	103	141	103	143	191	252	089	160	113	231	143	158	090	148	190	252	177	166	154	083	124	183	142	262	148	129	159	150	198	112	176	089	165	089	167	238	130	102	103	191	205	168	151
419	5	093	134	187	253	103	141	093	129	189	232	087	147	108	227	143	156	090	142	190	250	167	152	154	083	124	175	138	260	140	125	153	150	180	112	170	089	161	089	167	228	132	102	101	177	207	166	153
419	5	093	136	187	269	103	147	103	129	195	238	087	158	115	229	143	158	090	146	190	252	177	154	154	083	132	183	142	262	150	129	155	150	180	112	174	089	165	089	167	228	132	102	103	181	215	166	153
420	5	089	134	179	253	103	141	089	129	189	232	087	147	115	227	143	156	090	127	194	252	167	152	144	081	124	183	142	262	146	123	155	150	180	112	170	089	161	087	167	228	114	092	099	181	205	144	145
420	5	091	138	187	253	103	141	097	143	191	238	087	158	115	229	143	158	090	140	194	252	173	152	152	083	124	183	148	262	150	129	159	150	198	112	172	089	173	089	167	228	132	102	101	181	211	166	151
065	6	089	136	187	249	103	145	093	129	189	238	087	158	113	227	143	156	090	127	188	248	167	152	160	081	124	183	138	260	146	125	155	150	180	110	166	085	161	089	167	228	130	096	095	181	211	144	149
065	6	093	138	187	253	103	145	093	149	189	238	089	158	115	227	143	158	090	146	194	252	173	152	160	083	124	183	142	262	150	129	155	150	180	112	172	089	165	089	167	238	132	102	095	181	211	166	151
076	6	089	136	187	253	103	145	085	129	191	238	087	158	115	227	143	156	090	127	190	250	167	146	144	081	124	175	142	262	146	125	153	150	180	110	166	089	161	081	167	228	128	102	095	181	207	158	153
076	6	091	136	187	253	103	145	097	129	195	238	087	158	115	233	143	158	102	127	194	252	173	146	160	083	126	183	142	262	150	129	155	150	184	112	176	095	161	091	167	228	130	104	095	191	215	158	153
077	6	089	136	187	249	103	135	093	129	191	232	087	158	115	227	143	158	090	142	188	250	173	146	154	081	124	165	142	260	150	125	153	150	180	110	166	089	161	089	161	238	114	102	095	181	207	166	145
077	6	089	140	191	249	103	141	097	129	195	232	091	158	115	229	143	160	102	146	190	254	177	158	154	081	124	183	142	260	150	129	155	150	184	110	172	089	165	091	167	238	130	102	101	181	207	168	149
078	6	089	136	187	249	103	135	093	129	189	238	087	158	113	229	143	156	090	127	190	252	173	152	144	081	124	175	142	262	150	125	155	148	180	106	172	089	161	087	167	228	130	092	095	181	205	158	145
078	6	089	138	187	253	103	145	103	129	191	238	087	158	115	231	143	158	090	146	194	252	177	152	154	083	124	183	142	262	150	129	159	150	196	112	172	089	169	089	167	228	130	096	103	191	211	168	153
079	6	089	138	187	253	103	135	093	129	189	232	087	158	113	231	143	158	090	140	190	252	173	152	144	081	132	183	138	262	150	125	157	150	180	106	166	089	161	089	161	228	130	102	095	191	205	144	145
079	6	091	140	187	269	103	141	097	141	191	238	091	161	115	233	143	158	090	146	194	252	177	152	160	083	132	183	138	262	150	129	159	150	196	112	172	089	173	089	167	236	130	102	101	191	211	166	151
080	6	089	136	179	253	103	145	085	129	189	232	087	158	108	229	143	160	090	127	188	252	167	152	152	081	124	183	142	260	150	129	155	148	180	112	172	089	161	087	167	228	128	102	095	181	211	158	145
080	6	089	138	187	253	103	145	097	141	195	238	087	160	113	233	143	160	090	142	190	254	177	152	160	083	132	183	142	260	150	129	157	150	180	112	172	089	165	091	167	228	128	102	103	181	215	166	145
081	6	089	138	187	253	103	145	089	129	189	232	087	158	113	227	143	156	090	142	194	248	173	152	144	081	124	165	138	262	146	129	155	148	180	110	172	085	161	081	167	228	130	092	101	181	201	144	145
081	6	091	138	191	253	104	145	097	149	195	238	091	158	115	229	143	158	090	142	194	252	173	152	154	083	132	183	148	262	150	129	155	150	180	110	172	089	161	089	167	238	130	098	103	181	205	168	145
082	6	089	136	179	249	103	141	097	129	193	238	087	158	113	227	143	158	102	142	190	252	167	152	152	081	124	175	138	260	150	129	153	150	180	110	166	089	161	081	167	224	114	092	095	181	211	142	145
082	6	089	136	179	253	103	145	103	129	195	238	089	158	113	229	143	158	102	142	194	252	173	158	160	081	124	183	138	260	150	129	155	150	184	110	172	089	161	081	167	238	128	104	103	181	211	144	153
083	6	089	136	187	253	103	141	097	129	191	232	087	158	113	227	143	156	090	140	190	252	167	152	154	081	126	165	138	262	150	125	155	148	180	110	172	089	161	085	167	224	130	098	101	181	205	144	145
083	6	091	138	191	269	103	141	097	141	191	238	087	162	113	233	143	160	090	142	194	252	177	158	160	083	132	183	142	262	150	129	159	150	196	110	172	089	173	089	167	236	132	102	101	191	211	166	153
084	6	089	138	179	253	103	141	093	129	191	238	087	158	113	229	143	158	090	127	190	252	167	146	144	081	124	165	142	262	146	129	155	150	180	110	170	085	161	089	167	224	130	102	095	177	207	144	149
084	6	091	140	187	269	103	147	103	143	195	238	091	158	115	233	145	158	102	127	190	254	177	152	154	083	132	179	142	262	150	129	155	150	180	112	172	085	169	089	167	228	130	102	103	181	207	166	153
085	6	089	136	181	253	103	141	093	129	189	232	087	158	113	229	143	156	090	142	190	252	167	146	154	083	124	183	142	262	148	125	155	148	180	112	172	089	161	087	161	228	130	098	101	181	205	144	151
085	6	089	136	187	253	103	141	103	143	195	232	087	162	113	231	143	158	090	142	194	252	177	154	154	083	132	183	142	262	150	129	159	150	180	112	176	089	161	089	161	228	132	104	101	181	211	144	153
086	6	093	136	179	249	103	141	093	141	189	232	087	158	108	227	143	158	090	138	190	250	167	152	154	081	124	165	142	260	146	125	157	148	180	112	166	085	161	087	161	228	114	104	101	177	211	158	145
086	6	093	140	187	249	103	145	103	149	191	238	087	162	115	229	143	160	102	142	190	252	173	166	154	083	132	183	142	260	150	125	159	150	180	112	172	089	161	089	167	228	130	104	101	181	215	166	153
087	6	089	136	179	249	103	135	093	129	189	232	087	158	113	227	143	158	090	138	190	250	167	152	154	077	122	165	142	262	150	129	155	150	196	112	170	089	165	087	167	228	130	096	103	181	205	144	149
087	6	089	136	187	249	103	141	093	129	195	238	089	160	115	227	143	160	090	142	194	252	173	152	154	083	132	183	142	262	150	129	155	150	196	112	172	089	169	089	167	238	130	096	103	181	211	144	149
088	6	089	138	187	253	103	141	093	129	195	232	087	158	108	229	143	156	090	142	194	252	167	152	152	081	124	165	142	262	150	125	153	150	180	112	166	089	165	081	167	238	130	102	095	177	211	168	153
088	6	091	138	187	269	103	145	093	143	195	232	087	158	115	233	143	158	090	146	194	254	177	152	160	083	132	165	142	262	150	129	155	150	180	112	172	089	169	087	167	238	130	104	095	181	211	168	153
089	6	089	136	187	253	103	141	093	129	189	238	087	161	113	227	143	158	090	127	194	252	173	152	154	081	124	165	142	260	146	129	155	150	180	090	172	089	161	089	167	228	130	102	095	181	207	158	145
089	6	089	138	187	253	103	145	093	149	189	238	089	162	115	233	143	158	102	127	194	254	177	152	160	083	124	183	148	260	150	129	157	150	180	112	172	089	169	089	167	228	130	102	095	181	211	166	151
421	6	089	136	187	253	103	141	093	129	189	232	087	158	108	229	143	156	090	142	190	252	167	152	144	083	124	165	142	262	150	125	153	150	180	112	172	089	161	089	167	224	130	096	095	177	205	142	153
421	6	091	138	187	269	103	141	103	143	191	238	087	162	113	231	143	158	090	146	194	252	167	152	152	083	132	183	142	262	150	129	155	150	184	112	172	089	169	089	167	228	132	104	095	181	211	168	153
422	6	089	138	187	253	103	141	093	129	195	232	087	158	108	229	143	156	090	142	194	252	167	152	152	081	124	165	142	262	150	125	153	150	180	112	166	089	165	081	167	238	130	102	095	177	211	168	153
422	6	091	138	187	269	103	145	093	143	195	232	087	158	115	233	143	158	090	146	194	254	177	152	160	083	132	165	142	262	150	129	155	150	180	112	172	089	169	087	167	238	130	104	095	181	211	168	153
423	6	089	138	179	249	103	141	093	141	191	238	089	158	115	229	143	154	090	127	190	248	173	146	154	083	124	165	142	260	150	125	155	150	180	112	166	085	161	089	167	224	130	102	095	181	211	166	145
423	6	089	138	187	269	103	141	093	143	195	238	091	160	115	233	143	156	102	127	194	252	177	158	160	083	132	179	142	262	150	125	157	150	180	112	172	089	169	091	167	224	130	102	101	191	211	166	151
424	6	089	136	179	253	103	141	093	129	189	232	087	158	113	227	143	158	090	127	190	252	167	146	154	077	124	179	142	260	150	129	155	150	180	110	166	089	165	087	161	228	132	098	101	181	201	142	145
424	6	093	140	191	253	103	141	103	129	191	238	091	158	113	229	143	158	090	142	190	252	173	166	154	081	124	183	142	262	150	129	159	150	180	112	166	089	169	087	167	236	132	098	103	181	207	158	153
425	6	089	138	187	253	103	141	085	129	191	232	087	158	113	229	143	156	090	146	194	252	173	146	154	077	124	165	138	262	150	125	155	148	184	110	172	089	161	081	167	228	130	102	095	177	207	158	145
425	6	093	140	191	253	103	145	103	141	191	238	087	162	115	229	143	158	090	146	194	254	177	152	154	081	132	183	142	262	150	129	155	150	196	112	172	089	161	087	167	238	130	104	095	181	211	166	153
429	6	089	136	181	253	103	135	085	129	191	232	087	158	113	227	143	156	090	142	194	252	167	146	154	081	132	183	142	260	148	129	153	150	184	110	172	089	161	087	161	224	130	-9	095	181	211	144	145
429	6	089	138	187	253	103	141	093	129	195	238	087	162	113	229	143	158	090	142	194	252	167	152	154	083	132	183	142	260	150	129	155	150	196	112	172	089	161	089	167	228	130	-9	101	181	215	158	153
430	6	089	136	179	253	103	141	089	129	191	232	089	147	113	227	143	156	090	127	194	252	173	152	144	083	124	175	138	260	150	129	153	148	180	110	166	089	161	087	167	228	130	098	095	181	205	158	153
430	6	089	138	181	253	103	141	093	149	195	238	091	162	113	233	145	156	102	142	194	254	173	158	160	083	132	183	150	262	150	129	155	150	184	112	166	089	169	089	167	236	130	102	101	181	207	168	153
431	6	089	136	187	249	103	145	093	129	189	238	087	158	113	227	143	156	090	127	188	248	167	152	160	081	124	183	138	260	146	125	155	150	180	110	166	085	161	089	167	228	130	096	095	181	211	144	149
431	6	093	138	187	253	103	145	103	149	189	238	089	158	115	227	143	158	090	146	194	252	173	152	160	083	124	183	142	262	150	129	155	150	180	112	172	089	165	089	167	238	132	102	095	181	211	166	151
625	7	089	134	181	253	103	141	097	129	195	238	087	162	108	229	143	154	090	140	194	252	173	152	144	081	122	165	142	262	150	127	155	150	184	106	170	085	161	081	167	228	130	092	103	181	211	142	145
625	7	091	134	181	253	103	145	103	143	195	252	089	162	113	231	143	156	102	140	200	252	173	152	156	083	132	165	148	262	150	127	159	150	184	110	172	095	173	087	167	240	132	096	103	191	215	142	151
626	7	091	136	179	253	103	141	103	129	191	238	087	162	108	225	143	156	090	127	190	246	167	152	154	081	132	183	142	262	150	123	155	146	184	106	170	085	161	081	167	240	130	092	101	181	205	166	145
626	7	091	142	181	253	103	145	103	143	191	238	087	162	113	225	143	158	090	140	200	252	173	164	154	083	132	183	142	262	150	127	159	150	184	112	170	089	173	089	167	240	130	102	103	181	215	166	153
627	7	089	136	179	241	103	141	093	129	191	238	087	158	115	229	143	156	090	127	194	252	173	146	144	083	132	165	142	262	140	127	155	148	180	110	170	081	161	087	167	238	114	102	101	181	205	142	151
627	7	091	136	181	269	104	145	103	143	191	238	089	162	115	231	145	158	102	140	194	252	175	152	154	083	132	183	148	262	146	129	155	150	184	112	170	089	173	089	167	240	132	104	101	181	205	142	153
628	7	089	134	179	253	103	135	091	129	191	238	087	158	113	225	143	158	090	140	190	252	167	152	154	081	124	165	142	262	140	125	155	150	180	106	170	089	161	085	167	228	130	102	095	181	205	166	145
628	7	091	134	181	269	103	145	103	143	195	252	087	162	115	229	143	158	090	140	194	252	173	158	156	083	124	165	142	262	150	127	155	150	180	112	170	089	165	087	167	238	132	104	095	191	205	166	153
629	7	089	136	179	253	103	145	097	129	189	232	089	161	113	231	143	158	090	146	190	250	173	152	144	081	124	165	142	262	146	127	155	150	180	108	172	089	165	081	167	228	114	098	103	181	205	158	145
629	7	089	136	187	269	103	147	097	143	195	238	089	162	115	231	143	160	090	148	194	252	175	158	154	083	132	165	148	262	150	129	157	154	192	112	176	089	165	089	167	238	130	102	103	191	205	158	151
630	7	089	134	181	253	103	141	093	129	191	238	087	162	113	231	143	156	090	140	190	246	175	146	154	083	124	165	142	260	146	125	155	146	180	106	170	085	161	081	167	240	130	102	095	177	201	168	145
630	7	091	136	181	253	103	145	097	143	191	254	089	162	115	231	143	158	102	140	194	252	175	152	154	083	132	175	142	262	150	129	159	150	184	110	174	089	161	085	167	240	132	102	103	181	211	168	151
631	7	089	134	179	253	103	145	103	143	191	238	087	147	115	225	143	158	090	140	194	252	173	152	144	077	124	165	142	262	148	125	155	150	190	110	166	083	161	085	167	236	114	102	101	181	205	142	145
631	7	091	136	181	269	103	145	103	143	195	252	087	162	115	229	143	160	102	148	194	252	173	158	154	083	124	175	148	262	150	125	155	154	196	112	176	089	161	091	167	238	130	102	103	191	207	142	151
632	7	089	134	181	241	103	141	093	141	189	238	087	147	108	225	143	156	090	140	190	252	167	152	154	083	124	165	142	260	148	123	155	150	190	106	172	081	165	089	167	238	130	104	101	181	205	142	151
632	7	091	136	187	253	103	147	103	143	191	252	087	160	108	231	143	158	102	148	194	252	173	158	160	085	132	183	148	262	150	129	155	154	192	108	174	089	173	091	167	238	130	104	101	191	211	142	151
633	7	089	138	181	253	103	135	093	129	191	238	087	161	115	225	143	158	090	140	190	246	173	152	154	081	122	175	142	260	140	129	155	146	184	106	170	089	161	081	167	228	130	102	095	181	205	142	153
633	7	091	138	181	269	103	145	103	143	195	238	089	162	115	231	145	158	090	140	190	252	173	152	154	081	124	183	148	262	146	129	159	150	184	110	170	089	173	081	167	236	130	104	101	191	207	168	153
634	7	089	134	179	253	103	135	097	143	189	238	087	158	113	231	143	156	090	140	190	252	175	152	144	077	122	165	142	260	146	125	155	146	192	106	170	081	165	089	167	236	130	102	101	177	201	158	145
634	7	091	136	181	253	103	145	103	143	191	254	089	158	115	231	143	158	090	148	194	252	175	164	160	083	124	183	142	262	146	129	157	146	192	106	176	089	173	091	167	238	132	102	103	181	205	158	151
635	7	089	134	181	253	103	141	103	129	189	238	087	147	115	227	143	154	090	140	194	252	173	152	154	081	124	183	142	260	150	123	157	150	180	106	170	089	161	085	167	228	114	092	101	191	205	142	151
635	7	091	136	181	269	103	141	103	141	189	238	087	162	115	233	143	158	090	140	194	252	175	166	156	083	132	183	142	262	150	125	159	154	196	112	176	089	173	085	167	236	128	104	103	191	205	142	153
636	7	091	134	179	253	103	141	089	141	189	232	087	147	113	231	143	156	090	140	190	252	175	152	154	083	132	175	142	260	140	125	159	146	180	110	170	089	173	081	167	228	132	102	095	181	205	142	151
636	7	091	136	181	253	103	145	103	143	195	252	089	162	113	233	143	156	090	148	200	252	175	162	154	083	136	183	148	262	146	129	159	150	180	112	172	095	173	087	167	228	134	102	103	181	207	162	153
637	7	089	138	181	253	103	135	093	129	189	238	087	162	113	227	143	158	090	127	194	254	173	152	154	081	122	175	142	260	140	125	155	146	180	106	170	083	165	085	167	228	130	102	103	181	207	142	145
637	7	091	138	187	255	103	141	103	129	191	238	087	162	115	231	143	160	102	140	200	254	177	152	154	083	124	183	142	262	150	129	157	150	180	110	170	089	173	091	167	228	132	104	103	181	215	142	153
638	7	089	136	179	253	103	145	097	143	191	232	087	158	113	229	143	158	090	140	190	252	165	146	154	077	132	181	142	260	146	125	155	148	180	106	170	089	173	091	167	228	130	098	099	177	205	142	145
638	7	091	136	187	253	103	147	103	143	195	238	089	161	115	231	143	158	090	148	194	254	175	152	160	083	132	183	148	262	150	129	157	148	180	110	170	089	173	091	167	238	134	104	101	181	207	142	145
639	7	089	134	179	241	103	141	097	129	191	232	089	161	113	231	143	156	090	127	194	252	163	152	144	081	124	165	142	262	146	123	157	148	180	106	170	089	161	089	167	238	128	092	095	181	211	158	151
639	7	091	138	187	269	103	145	103	141	195	238	089	162	113	231	143	156	102	127	194	252	175	158	144	083	132	183	142	262	150	129	157	150	184	108	176	089	173	089	167	238	130	098	101	191	211	162	151
640	7	089	134	179	253	103	135	093	129	191	238	087	161	115	225	143	156	090	138	194	252	167	146	144	083	122	183	142	260	140	129	155	146	180	106	170	085	165	091	167	228	130	104	095	181	205	142	145
640	7	091	136	179	253	103	147	103	143	195	238	087	161	115	229	145	158	090	140	194	254	175	152	156	083	132	183	148	262	146	129	159	150	184	106	176	085	173	091	167	238	134	104	101	181	205	168	151
641	7	089	134	179	241	103	145	093	129	191	232	087	162	113	231	143	158	090	127	200	246	177	152	144	077	124	183	142	262	142	127	159	148	180	106	176	081	161	085	167	224	130	102	101	181	205	158	145
641	7	091	136	181	253	103	145	093	143	191	238	089	162	115	231	143	160	090	146	200	252	177	158	154	083	124	183	142	262	146	129	159	150	180	106	176	089	161	085	167	236	130	102	101	191	215	158	145
642	7	089	134	179	253	103	141	093	129	189	238	087	158	108	229	143	156	090	140	190	250	165	152	154	081	124	183	142	260	146	125	157	146	180	106	170	081	173	085	167	228	128	102	103	181	205	142	145
642	7	091	136	179	269	103	145	103	143	191	238	087	162	113	231	143	156	102	140	194	252	167	152	154	083	132	183	148	262	150	129	159	150	184	112	170	089	173	091	167	228	130	104	103	191	205	142	151
643	7	089	134	179	253	103	145	103	143	191	238	087	162	113	231	143	156	090	127	188	252	165	164	156	083	132	183	142	256	146	125	157	150	180	106	176	083	161	081	167	228	134	098	099	181	201	142	145
643	7	091	138	181	253	103	145	103	143	195	238	087	162	115	233	143	160	090	146	194	252	173	166	156	083	132	183	142	260	150	129	157	150	180	110	176	085	173	085	167	228	134	104	101	181	205	158	151
644	7	089	136	185	241	103	141	085	129	189	238	087	158	113	229	143	158	090	127	194	252	173	146	154	081	124	165	148	262	150	125	157	146	180	106	172	089	161	081	167	228	130	102	103	181	205	142	149
644	7	089	138	187	253	105	141	103	129	191	238	089	162	115	231	145	158	102	138	194	254	175	146	160	083	132	175	148	262	150	129	159	148	180	110	176	095	173	081	167	236	130	102	103	181	211	158	151
645	7	091	134	181	247	103	141	103	129	191	238	087	162	115	229	143	160	090	140	194	-9	173	146	160	083	124	183	142	260	140	125	155	150	180	106	170	081	161	081	167	228	130	096	101	191	201	158	145
645	7	091	134	181	253	103	145	103	143	191	238	087	162	115	229	143	160	090	146	194	-9	175	166	160	083	132	183	142	260	146	125	155	150	184	112	176	085	161	085	167	228	134	098	101	191	215	168	145
646	7	089	134	179	241	103	147	103	129	189	232	087	158	113	229	143	160	090	127	188	250	165	152	154	083	124	165	142	262	148	127	159	150	180	112	170	089	161	085	167	228	130	102	101	181	205	158	151
646	7	089	134	187	253	103	147	103	129	189	232	087	160	113	233	143	160	102	140	194	252	165	152	160	083	132	165	150	262	150	129	159	154	180	112	170	095	165	085	167	240	130	102	101	191	215	158	153
797	7	089	134	187	253	103	141	093	143	191	238	087	162	108	229	143	154	090	146	190	246	167	152	154	081	122	165	138	260	146	123	157	146	180	106	166	083	173	081	167	224	130	104	095	181	211	142	149
797	7	089	136	187	253	103	145	103	143	191	252	089	162	113	231	143	158	102	150	194	252	175	158	160	083	132	183	150	262	150	129	159	150	192	110	176	089	173	081	167	240	134	104	099	181	215	142	149
798	7	089	136	179	253	103	141	093	129	191	238	087	147	115	229	143	156	090	127	190	252	165	146	144	081	124	165	142	262	140	123	155	148	180	106	170	081	161	087	167	228	130	102	101	181	205	142	151
798	7	089	138	179	269	103	141	103	143	191	238	089	158	115	231	145	158	090	140	194	252	173	152	154	083	132	183	150	262	150	127	157	150	184	110	170	083	173	091	167	240	132	104	101	181	211	168	153
799	7	089	134	181	241	103	135	093	129	191	238	087	161	108	231	143	156	090	127	190	246	165	152	154	081	124	165	142	262	146	129	157	146	180	106	166	081	165	089	167	228	130	104	095	181	205	142	145
799	7	089	134	187	253	105	141	103	141	195	238	089	162	113	231	143	158	090	140	194	252	167	158	154	083	132	175	142	262	150	129	159	146	180	112	170	081	173	091	167	228	134	104	101	191	211	166	151
002	8	091	136	187	241	103	135	089	129	189	232	087	147	115	229	143	160	090	127	188	252	167	146	154	077	124	165	142	260	146	125	157	150	180	110	166	089	161	087	161	228	130	092	101	181	205	144	151
002	8	091	136	187	253	103	141	093	143	191	238	087	147	115	229	143	160	102	127	190	252	177	166	154	085	126	179	142	262	150	129	159	150	180	110	176	095	165	089	167	236	130	102	101	181	205	166	151
103	8	089	134	185	247	103	137	089	129	195	232	087	158	108	231	147	154	090	127	194	250	173	152	144	081	122	165	138	262	152	125	155	146	184	106	170	083	161	085	161	236	130	092	099	177	211	142	-9
103	8	093	134	185	247	103	147	097	143	195	238	087	161	115	233	147	156	100	150	200	254	177	152	156	083	132	185	138	262	152	131	157	150	198	106	186	089	173	085	161	236	130	092	101	181	211	158	-9
675	8	091	136	179	253	103	135	103	129	191	238	087	160	108	229	143	158	090	127	188	250	165	146	154	083	122	165	138	260	146	125	157	146	180	110	166	089	161	089	167	228	130	102	095	181	205	-9	149
675	8	091	136	187	269	104	141	103	143	191	252	089	160	113	229	145	158	090	127	194	252	175	152	154	083	124	175	138	262	150	125	159	150	180	112	172	089	161	089	167	228	130	102	099	181	211	-9	151
676	8	089	136	181	253	103	135	091	129	191	232	087	158	115	229	143	156	090	142	194	252	177	152	154	077	122	165	138	260	140	123	157	150	180	106	170	089	161	087	167	238	130	102	101	181	205	142	151
676	8	089	136	187	253	103	141	103	129	195	252	087	160	115	229	157	156	090	146	194	252	177	152	154	077	132	183	138	262	146	125	159	150	184	112	172	089	161	089	167	238	132	102	101	191	211	144	151
677	8	089	136	179	253	103	135	103	129	189	232	087	160	115	229	143	156	090	127	188	252	173	146	154	077	122	165	138	260	146	123	157	146	180	112	170	089	161	089	167	228	130	098	101	181	205	-9	151
677	8	091	136	187	253	103	135	103	149	191	252	089	162	115	229	143	158	090	146	194	252	177	152	154	077	132	165	142	262	150	125	159	150	180	112	170	089	161	089	167	238	130	102	101	181	211	-9	153
678	8	089	136	179	253	103	135	103	129	189	232	087	160	115	229	143	156	090	127	188	252	173	146	154	077	122	165	138	260	146	123	157	146	180	112	170	089	161	089	167	228	130	098	101	181	205	144	151
678	8	091	136	187	253	103	135	103	149	191	252	089	162	115	229	143	158	090	146	194	252	177	152	154	077	132	165	142	262	150	125	159	150	180	112	170	089	161	089	167	238	130	102	101	181	211	168	153
679	8	089	136	179	253	103	135	103	129	189	232	087	160	115	229	143	156	090	127	188	252	173	146	154	077	122	165	138	260	146	123	157	146	180	112	170	089	161	089	167	228	130	098	101	181	205	144	151
679	8	091	136	187	253	103	135	103	149	191	252	089	162	115	229	143	158	090	146	194	252	177	152	154	077	132	165	142	262	150	125	159	150	180	112	170	089	161	089	167	238	130	102	101	181	211	168	153
680	8	089	136	179	253	103	141	093	129	189	232	087	160	115	227	143	156	088	127	194	250	173	146	154	077	124	165	142	260	146	125	155	146	180	106	172	089	161	081	167	228	132	098	095	181	211	144	147
680	8	091	136	187	269	103	141	103	143	191	252	089	160	115	227	143	158	090	142	194	252	173	152	160	077	124	175	142	262	150	129	159	150	194	112	172	089	173	089	167	228	132	102	095	181	215	166	149
681	8	089	136	179	253	103	141	093	129	189	232	087	160	115	227	143	156	088	127	194	250	173	146	154	077	124	165	142	260	146	125	155	146	180	106	172	089	161	081	167	228	130	098	095	181	211	144	147
681	8	091	136	187	269	103	141	103	143	191	252	089	160	115	227	143	158	090	142	194	252	173	152	160	077	124	175	142	262	150	129	159	150	194	112	172	089	173	089	167	228	132	102	095	181	215	166	149
682	8	089	134	179	253	103	135	093	143	189	238	087	160	115	229	143	158	090	127	194	252	173	146	154	077	124	183	142	260	140	125	155	150	180	090	170	089	161	087	167	238	130	098	099	181	211	142	149
682	8	089	136	187	253	103	141	103	143	195	252	087	162	115	229	143	158	102	127	194	252	177	152	154	083	132	183	142	262	150	125	157	150	184	106	172	089	161	089	167	238	132	102	099	191	211	166	151
683	8	089	136	179	241	103	135	093	129	189	238	087	160	115	227	143	158	090	127	188	250	165	146	154	077	124	175	142	260	148	125	155	146	180	090	172	089	173	081	167	228	130	092	095	181	201	144	149
683	8	091	136	187	269	104	141	093	129	191	252	089	162	115	229	145	160	090	142	194	252	177	152	160	081	124	179	142	262	150	129	155	150	198	106	172	089	173	091	167	228	130	102	099	181	215	158	151
684	8	089	134	179	253	103	135	093	143	189	238	087	160	115	229	143	158	090	127	194	252	173	146	-9	077	124	183	142	260	140	125	155	150	180	090	170	089	161	087	167	238	130	098	099	181	211	142	149
684	8	089	136	187	253	103	141	103	143	195	252	087	162	115	229	143	158	102	127	194	252	177	152	-9	083	132	183	142	262	150	125	157	150	184	106	172	089	161	089	167	238	132	102	099	191	211	166	151
006	9	089	136	181	253	103	141	093	129	191	238	089	158	115	229	143	158	088	142	188	252	167	146	154	081	132	165	138	262	140	125	153	150	180	090	172	083	165	089	167	228	114	096	095	181	205	142	149
006	9	091	140	187	253	103	141	103	143	191	252	091	162	115	229	143	160	090	148	194	252	167	146	158	083	132	175	142	262	150	125	157	150	184	106	172	089	169	089	167	236	128	104	103	181	207	144	151
011	9	089	136	187	253	103	141	093	129	191	238	087	158	108	229	143	156	090	127	190	250	167	146	154	077	132	165	142	260	148	129	153	150	180	110	172	089	165	089	167	228	114	102	095	181	205	166	147
011	9	091	138	187	253	103	141	103	129	195	238	087	158	115	231	143	158	102	142	194	252	167	152	154	083	132	175	142	262	150	129	159	150	196	112	176	095	169	089	167	236	130	104	101	181	211	168	149
034	9	089	134	179	253	103	141	089	129	189	232	087	147	115	229	143	158	090	142	188	252	167	146	154	081	132	183	148	262	140	-9	155	150	180	106	170	085	169	089	167	228	130	096	095	181	205	158	145
034	9	091	138	179	253	103	141	093	143	191	238	089	162	115	233	143	160	102	146	194	252	173	152	154	081	132	183	148	262	150	-9	155	150	196	106	172	095	169	089	167	228	130	102	095	181	205	168	149
049	9	089	138	181	253	103	135	103	129	189	232	087	158	108	229	143	156	090	140	190	250	173	146	154	077	132	175	142	260	140	123	155	148	184	112	166	085	165	087	167	228	128	104	095	181	205	142	149
049	9	091	138	187	253	103	141	103	129	195	232	087	160	115	231	143	158	090	148	194	252	177	152	154	081	132	175	142	262	140	125	159	150	196	112	170	085	169	089	167	238	130	104	103	181	205	166	151
062	9	089	138	187	249	103	141	093	129	191	232	089	162	108	229	143	156	088	142	188	244	167	146	154	081	132	165	142	260	140	125	155	150	184	106	170	083	169	089	167	228	128	096	099	181	205	142	145
062	9	091	140	187	253	103	141	093	143	191	252	089	162	115	229	143	160	090	142	194	252	177	146	154	081	132	165	148	262	140	129	157	150	184	106	172	085	169	089	167	236	130	096	103	181	205	166	149
092	9	089	138	179	253	103	141	097	129	189	232	087	147	113	231	143	154	090	146	190	250	167	152	154	077	132	175	142	262	140	123	155	150	196	106	172	085	161	089	167	228	128	096	095	181	205	144	149
092	9	091	138	181	253	103	145	103	149	191	252	091	160	115	231	143	158	090	148	194	252	177	152	154	085	132	183	148	262	150	129	157	150	196	112	176	089	165	089	167	228	130	102	103	181	205	144	151
095	9	089	134	187	249	103	141	093	129	191	232	087	162	108	229	143	158	088	142	188	244	167	146	154	081	132	165	138	262	140	125	155	150	180	110	170	083	169	091	167	228	130	096	095	181	205	142	145
095	9	089	140	187	253	103	141	093	129	191	232	089	162	115	229	143	160	090	142	194	252	177	146	154	083	132	165	142	262	146	129	157	150	184	110	172	089	173	091	167	228	130	098	103	181	205	166	149
102	9	091	138	181	253	103	135	093	129	191	232	087	158	108	227	143	156	090	140	190	252	173	146	144	081	132	175	142	262	140	125	159	148	180	090	166	085	165	087	167	228	128	102	095	181	205	166	151
102	9	091	138	181	253	103	141	103	149	195	232	087	162	113	231	143	158	090	148	190	252	177	152	154	083	132	175	142	262	150	125	159	150	196	112	176	089	173	089	167	238	130	104	103	181	207	166	151
108	9	089	138	179	253	103	135	093	149	191	232	087	147	113	229	143	156	090	127	190	252	167	146	144	083	124	183	138	260	140	125	155	150	180	110	166	089	161	089	167	228	128	098	095	177	205	144	151
108	9	091	138	181	253	103	135	103	149	191	232	087	147	113	229	143	158	090	142	194	252	177	152	144	083	124	183	142	262	150	125	159	150	196	112	172	089	161	089	167	238	130	104	103	181	207	144	153
209	9	089	134	179	249	103	135	093	129	191	232	087	158	108	227	143	158	088	127	188	252	167	146	154	077	132	165	148	260	140	125	155	150	180	106	170	085	161	089	167	228	130	096	101	181	205	144	145
209	9	091	138	187	253	103	141	103	143	195	238	089	162	113	229	143	160	090	142	194	252	173	152	154	081	132	175	148	262	148	125	155	150	184	106	172	089	169	089	167	236	130	102	103	181	205	166	151
210	9	089	136	187	249	103	141	089	129	191	252	087	147	115	227	143	156	090	140	188	252	173	146	144	077	124	165	142	260	140	125	153	150	180	106	172	089	161	089	167	228	114	098	095	181	205	142	153
210	9	089	140	187	253	103	147	103	129	191	254	089	162	115	229	143	158	102	142	194	252	173	152	154	083	132	179	148	260	150	125	155	150	180	112	178	095	173	091	167	236	130	104	095	191	205	166	153
214	9	089	136	187	253	103	141	089	129	191	232	087	147	108	229	143	156	090	142	188	252	167	146	154	081	132	165	138	260	140	125	157	150	180	110	170	083	161	089	161	228	128	096	101	181	205	142	153
214	9	089	140	187	253	103	145	093	129	191	252	089	162	108	229	143	160	090	142	194	252	173	146	154	083	132	183	142	260	150	125	159	150	196	112	176	089	169	089	167	238	130	096	103	181	211	168	153
215	9	091	136	187	253	103	145	089	129	191	232	087	158	108	227	143	154	090	127	188	250	167	152	152	083	132	175	142	262	150	129	155	150	180	106	166	085	165	087	167	228	128	102	095	181	205	166	153
215	9	091	138	187	271	103	145	093	129	191	252	089	162	113	227	143	154	102	127	194	252	177	152	154	083	132	175	148	262	150	129	155	150	184	108	172	089	173	089	167	228	130	102	101	181	205	166	153
217	9	089	138	179	253	103	141	089	143	189	232	087	147	113	229	143	158	090	142	188	252	167	152	154	077	124	183	138	262	140	123	155	150	196	090	166	085	161	089	167	228	128	096	095	181	205	166	149
217	9	091	140	179	253	103	141	093	149	191	232	089	147	115	229	143	158	102	146	190	252	173	152	154	081	132	183	148	262	150	129	155	150	196	106	170	089	169	089	167	238	130	104	095	181	207	166	151
244	9	089	134	179	253	103	141	093	129	191	238	087	147	115	227	143	158	090	127	194	252	167	152	154	077	124	175	142	260	148	129	153	150	180	106	176	089	161	089	167	238	130	102	095	181	205	168	149
244	9	089	134	187	253	103	141	093	129	195	238	089	147	115	229	143	160	102	140	194	252	173	152	160	081	132	175	142	260	150	129	155	150	196	106	176	089	161	089	167	238	130	104	101	181	205	168	151
341	9	089	136	181	253	103	141	089	129	189	252	087	158	108	227	143	156	090	127	188	252	167	146	154	081	132	175	138	262	140	125	155	146	180	110	170	085	165	087	167	228	114	096	101	181	201	166	153
341	9	091	136	187	253	103	141	103	129	191	252	087	162	115	229	143	156	102	142	188	252	173	152	154	083	132	183	142	262	150	129	159	150	180	110	172	095	173	091	167	228	130	102	103	181	205	166	153
361	9	089	136	181	249	103	135	093	129	189	232	087	158	108	229	143	158	090	142	194	252	167	146	144	077	132	165	138	262	140	129	155	146	180	110	166	083	161	089	161	228	130	096	101	181	205	144	145
361	9	089	140	187	253	103	141	103	129	191	238	087	162	115	231	143	160	090	142	194	252	167	152	154	083	132	183	142	262	148	129	159	150	180	112	170	089	173	089	167	228	132	098	103	181	205	166	151
