"Year.Genotyped","Herd","Subspecies","Sample.Type","Sample.ID","Date.Collected","Year.Collected","Lab Origin","Davis.ID","Davis.ID.2","Davis.File","AMPLIFICATION","BMS1117","BMS1117_2","TGLA53","TGLA53_2","BMC4214","BMC4214_2","BM1225","BM1225_2","BM47","BM47_2","BMS1315","BMS1315_2","IL4","IL4_2","BM2113","BM2113_2","BMS1716","BMS1716_2","BM1706","BM1706_2","BMS1675","BMS1675_2","BMS1857","BMS1857_2","BMS1001","BMS1001_2","BMS601","BMS601_2","BM720","BM720_2","ILSTS102","ILSTS102_2","BMS1074","BMS1074_2","BMS1172","BMS1172_2","BMS2258","BMS2258_2","BM757","BM757_2","SPS115","SPS115_2","BMS527","BMS527_2","BM2830","BM2830_2","INRA194","INRA194_2","BMS941","BMS941_2","INRA037","INRA037_2","BM4107","BM4107_2","TGLA122","TGLA122_2","HUJ246","HUJ246_2","BMS528","BMS528_2","BM4440","BM4440_2","TGLA44","TGLA44_2","BMS510","BMS510_2","BMS1355","BMS1355_2","BM1824","BM1824_2","BMS812","BMS812_2","BMS2639","BMS2639_2","BMS410","BMS410_2","AGLA232","AGLA232_2","BM17132","BM17132_2","BM4028","BM4028_2","BM711","BM711_2","INRA133","INRA133_2","RM372","RM372_2","BM4311","BM4311_2","BMS1747","BMS1747_2","BL1036","BL1036_2","BM1862","BM1862_2","BMS1862","BMS1862_2","URB011","URB011_2"
"2024","CL","Wood Bison","Fecal","MAN-394-Fe","2/24/2023",2023,"Trent","","","","100","89","89","136","138","187","187","241","269","103","103","141","141","93","103","129","149","191","195","238","238","87","87","147","158","108","115","172","174","225","229","143","143","158","158","90","90","142","146","190","190","252","252","167","177","152","152","154","158","81","83","126","132","183","183","142","148","260","262","150","150","125","129","155","155","92","92","146","150","180","184","110","112","172","172","85","89","161","169","89","91","116","118","167","167","228","238","130","130","98","104","101","101","181","181","205","205","144","166","151","153"
"2024","CL","Wood Bison","Fecal","MAN-396-Fe","2/24/2023",2023,"Trent","","","","100","89","89","136","138","187","187","241","269","103","103","141","141","93","103","129","149","191","195","238","238","87","87","147","158","108","115","172","174","225","229","143","143","158","158","90","90","142","146","190","190","252","252","167","177","152","152","154","158","81","83","126","132","183","183","142","148","260","262","150","150","125","129","155","155","92","92","146","150","180","184","110","112","172","172","85","89","161","169","89","91","116","118","167","167","228","238","130","130","98","104","101","101","181","181","205","205","144","166","151","153"
"2024","CL","Wood Bison","Fecal","MAN-397-Fe","2/24/2023",2023,"Trent","","","","96","89","89","136","138","187","187","241","269","103","103","141","141","93","103","129","149","191","195","238","238","87","87","147","158","108","115","172","174","225","229","143","143","158","158","90","90","142","146","190","190","252","252","167","177","152","152","154","158","81","83","126","132","183","183","142","148","260","262","","","125","129","155","155","92","92","146","150","180","184","110","112","172","172","85","89","161","169","","","116","118","167","167","228","238","130","130","98","104","101","101","181","181","205","205","144","166","151","153"
"2024","CL","Wood Bison","Fecal","MAN-398-Fe","2/24/2023",2023,"Trent","","","","98","89","89","136","138","187","187","241","269","103","103","141","141","93","103","129","149","191","195","238","238","87","87","147","158","108","115","172","174","225","229","143","143","158","158","90","90","142","146","190","190","252","252","167","177","152","152","154","158","81","83","126","132","183","183","142","148","260","262","","","125","129","155","155","92","92","146","150","180","184","110","112","172","172","85","89","161","169","89","91","116","118","167","167","228","238","130","130","98","104","101","101","181","181","205","205","144","166","151","153"
"2024","CL","Wood Bison","Fecal","MAN-417-Fe","2/23/2023",2023,"Trent","","","","100","89","93","138","140","187","187","253","253","103","103","145","147","103","103","129","143","195","195","238","252","87","87","160","162","108","113","174","176","227","231","143","143","158","158","90","90","127","146","190","194","244","252","165","167","152","152","154","154","83","83","132","132","183","183","142","142","260","262","146","150","129","129","155","155","92","95","150","150","180","196","108","110","172","176","85","89","161","169","85","89","116","118","167","167","228","238","130","130","98","102","101","103","181","181","205","207","144","166","153","153"
"2024","CL","Wood Bison","Fecal","MAN-418-Fe","2/23/2023",2023,"Trent","","","","100","89","93","138","140","187","187","253","253","103","103","145","147","103","103","129","143","195","195","238","252","87","87","160","162","108","113","174","176","227","231","143","143","158","158","90","90","127","146","190","194","244","252","165","167","152","152","154","154","83","83","132","132","183","183","142","142","260","262","146","150","129","129","155","155","92","95","150","150","180","196","108","110","172","176","85","89","161","169","85","89","116","118","167","167","228","238","130","130","98","102","101","103","181","181","205","207","144","166","153","153"
"2024","CL","Wood Bison","Fecal","MAN-419-Fe","2/23/2023",2023,"Trent","","","","100","89","93","138","140","187","187","253","253","103","103","145","147","103","103","129","143","195","195","238","252","87","87","160","162","108","113","174","176","227","231","143","143","158","158","90","90","127","146","190","194","244","252","165","167","152","152","154","154","83","83","132","132","183","183","142","142","260","262","146","150","129","129","155","155","92","95","150","150","180","196","108","110","172","176","85","89","161","169","85","89","116","118","167","167","228","238","130","130","98","102","101","103","181","181","205","207","144","166","153","153"
"2024","CL","Wood Bison","Fecal","MAN-405-Fe","2/23/2023",2023,"Trent","","","","100","89","93","136","138","179","187","253","269","103","103","145","147","97","103","129","149","191","191","238","238","87","87","147","158","115","115","172","174","229","229","143","143","156","158","90","102","146","146","190","190","252","252","173","173","152","152","154","154","81","83","124","132","183","183","142","142","260","262","140","150","125","129","155","155","92","92","150","150","184","196","110","112","166","166","85","89","159","161","91","91","118","118","161","167","228","238","130","130","98","102","101","101","181","181","205","205","168","168","149","153"
"2024","CL","Wood Bison","Fecal","MAN-407-Fe","2/23/2023",2023,"Trent","","","","100","89","93","136","138","179","187","253","269","103","103","145","147","97","103","129","149","191","191","238","238","87","87","147","158","115","115","172","174","229","229","143","143","156","158","90","102","146","146","190","190","252","252","173","173","152","152","154","154","81","83","124","132","183","183","142","142","260","262","140","150","125","129","155","155","92","92","150","150","184","196","110","112","166","166","85","89","159","161","91","91","118","118","161","167","228","238","130","130","98","102","101","101","181","181","205","205","168","168","149","153"
"2024","CL","Wood Bison","Fecal","MAN-393-Fe","2/24/2023",2023,"Trent","","","","98","89","89","136","138","179","187","253","269","103","103","141","145","91","103","129","129","191","191","232","238","87","89","158","160","115","115","174","176","229","229","143","143","158","160","102","102","142","142","190","190","252","252","173","173","152","154","154","154","83","83","132","132","183","183","138","142","260","262","150","150","129","129","155","155","91","92","150","150","196","196","110","112","166","172","89","89","159","161","83","89","116","116","167","167","228","238","130","130","98","102","95","99","181","181","205","211","142","168","",""
"2024","CL","Wood Bison","Fecal","MAN-395-Fe","2/24/2023",2023,"Trent","","","","100","89","89","136","138","179","187","253","269","103","103","141","145","91","103","129","129","191","191","232","238","87","89","158","160","115","115","174","176","229","229","143","143","158","160","102","102","142","142","190","190","252","252","173","173","152","154","154","154","83","83","132","132","183","183","138","142","260","262","150","150","129","129","155","155","91","92","150","150","196","196","110","112","166","172","89","89","159","161","83","89","116","116","167","167","228","238","130","130","98","102","95","99","181","181","205","211","142","168","145","153"
"2024","CL","Wood Bison","Fecal","MAN-406-Fe","2/23/2023",2023,"Trent","","","","100","89","91","136","138","179","187","253","253","103","103","135","141","93","103","129","149","189","191","232","238","87","89","147","158","115","115","174","174","227","227","143","143","156","158","90","90","142","146","190","194","252","252","173","173","146","152","144","154","83","83","126","132","183","183","138","148","260","260","150","150","125","129","153","155","91","92","150","150","180","196","110","112","170","172","89","89","169","169","89","91","118","118","161","167","228","228","130","130","102","102","101","101","181","181","205","205","142","168","149","153"
"2024","CL","Wood Bison","Fecal","MAN-408-Fe","2/23/2023",2023,"Trent","","","","100","89","91","136","138","179","187","253","253","103","103","135","141","93","103","129","149","189","191","232","238","87","89","147","158","115","115","174","174","227","227","143","143","156","158","90","90","142","146","190","194","252","252","173","173","146","152","144","154","83","83","126","132","183","183","138","148","260","260","150","150","125","129","153","155","91","92","150","150","180","196","110","112","170","172","89","89","169","169","89","91","118","118","161","167","228","228","130","130","102","102","101","101","181","181","205","205","142","168","149","153"
"2024","CL","Wood Bison","Fecal","MAN-410-Fe","2/23/2023",2023,"Trent","","","","100","89","91","138","138","181","187","269","269","103","103","135","147","93","103","129","129","191","195","232","232","87","89","158","160","115","115","172","176","225","225","143","143","156","158","90","102","138","142","194","194","252","252","165","175","152","152","154","154","83","83","126","132","175","183","142","142","262","262","146","150","125","129","155","155","91","95","150","150","180","196","110","112","166","174","89","89","169","173","85","87","116","116","167","167","228","238","130","130","104","106","99","101","181","181","205","205","142","144","145","153"
"2024","CL","Wood Bison","Fecal","MAN-415-Fe","2/23/2023",2023,"Trent","","","","96","89","91","138","138","181","187","269","269","103","103","135","147","93","103","129","129","191","195","232","232","87","89","158","160","115","115","","","225","225","143","143","156","158","90","102","138","142","194","194","252","252","165","175","152","152","154","154","83","83","126","132","175","183","142","142","262","262","146","150","125","129","155","155","91","95","150","150","180","196","110","112","166","174","89","89","169","173","85","87","","","167","167","228","238","130","130","104","106","99","101","181","181","205","205","142","144","145","153"
"2024","CL","Wood Bison","Fecal","MAN-392-Fe","2/24/2023",2023,"Trent","","","","98","93","93","136","140","179","181","253","253","103","103","135","147","93","103","129","143","191","191","238","252","87","89","158","158","108","115","174","176","225","227","143","145","156","158","90","90","142","146","190","194","252","252","165","177","146","152","154","154","83","83","124","132","175","183","142","148","260","262","146","150","125","125","155","155","91","92","150","150","180","180","110","112","172","172","85","89","161","161","87","91","116","118","167","167","228","228","130","130","92","104","95","101","181","181","205","205","168","168","149","151"
"2025","CL","Wood Bison","Fecal ","MAN-401-Fe","2/24/2023",2023,"Trent","","","","100","93","93","136","140","179","181","253","253","103","103","135","147","93","103","129","143","191","191","238","252","87","89","158","158","108","115","174","176","225","227","143","145","156","158","90","90","142","146","190","194","252","252","165","177","146","152","154","154","83","83","124","132","175","183","142","148","260","262","146","150","125","125","155","155","91","92","150","150","180","180","110","112","172","172","85","89","161","161","87","91","116","118","167","167","228","228","130","134","92","104","95","101","181","181","205","205","168","168","149","151"
"M. Grant Thesis","EINPP","Plains Bison","Fecal","EINP_P02","10/22/2023",2023,"Trent","","","","94","89","91","134","136","175","181","241","271","103","103","135","135","93","93","127","143","189","195","238","250","","","","","","","","","","","","","","","","","","","","","","","","","","","","","","","","","","","","","","","","","","","","","","","","","","","","","","","","","","","87","89","","","161","161","","","130","134","96","96","95","99","","","","","","","",""
"M. Grant Thesis","EINPP","Plains Bison","Fecal","EINP_P03","10/22/2023",2023,"Trent","","","","89","89","91","134","136","175","175","241","271","103","103","135","135","93","93","127","143","189","195","238","250","","","","","","","","","","","","","","","","","","","","","","","","","","","","","","","","","","","","","","","","","","","","","","","","","","","","","","","","","","","","","","","161","161","","","130","134","96","96","95","99","","","","","","","",""
"M. Grant Thesis","EINPP","Plains Bison","Fecal","EINP_P11","10/22/2023",2023,"Trent","","","","100","91","91","134","134","175","185","253","271","103","103","135","147","97","97","143","149","189","191","238","238","","","","","","","","","","","","","","","","","","","","","","","","","","","","","","","","","","","","","","","","","","","","","","","","","","","","","","","","","","","87","89","","","161","167","236","240","130","134","98","104","95","101","","","","","","","",""
"M. Grant Thesis","EINPP","Plains Bison","Fecal","EINP_PB128","23-Oct-24",2024,"Trent","","","","100","91","91","136","138","187","187","241","253","103","103","135","147","89","97","129","143","189","191","238","238","","","","","","","","","","","","","","","","","","","","","","","","","","","","","","","","","","","","","","","","","","","","","","","","","","","","","","","","","","","87","87","","","161","167","228","240","130","130","96","98","95","101","","","","","","","",""
"M. Grant Thesis","EINPP","Plains Bison","Fecal","EINP_P28","10/22/2023",2023,"Trent","","","","100","91","91","138","138","187","187","241","249","103","105","135","141","89","97","129","149","189","195","238","238","","","","","","","","","","","","","","","","","","","","","","","","","","","","","","","","","","","","","","","","","","","","","","","","","","","","","","","","","","","85","87","","","161","161","240","240","130","130","92","104","101","103","","","","","","","",""
"M. Grant Thesis","EINPP","Plains Bison","Fecal","EINP_P30","10/22/2023",2023,"Trent","","","","78","89","91","136","136","","","249","249","","","","","","","147","149","195","195","238","238","","","","","","","","","","","","","","","","","","","","","","","","","","","","","","","","","","","","","","","","","","","","","","","","","","","","","","","","","","","85","85","","","161","161","228","228","130","134","96","96","97","97","","","","","","","",""
"M. Grant Thesis","EINPP","Plains Bison","Fecal","EINP_P100","10/22/2023",2023,"Trent","","","","72","89","91","136","136","179","179","","","103","103","135","135","","","","","","","238","238","","","","","","","","","","","","","","","","","","","","","","","","","","","","","","","","","","","","","","","","","","","","","","","","","","","","","","","","","","","85","87","","","161","161","228","228","130","134","96","104","97","97","","","","","","","",""
"M. Grant Thesis","EINPP","Plains Bison","Fecal","EINP_P63","10/22/2023",2023,"Trent","","","","72","91","91","136","138","187","187","245","271","103","103","135","135","","","129","143","195","195","238","238","","","","","","","","","","","","","","","","","","","","","","","","","","","","","","","","","","","","","","","","","","","","","","","","","","","","","","","","","","","","","","","","","","","","","96","98","101","101","","","","","","","",""
"M. Grant Thesis","EINPP","Plains Bison","Fecal","EINP_P96","10/22/2023",2023,"Trent","","","","100","91","91","136","138","187","187","245","271","103","104","135","135","97","101","129","143","195","195","238","238","","","","","","","","","","","","","","","","","","","","","","","","","","","","","","","","","","","","","","","","","","","","","","","","","","","","","","","","","","","89","89","","","161","165","236","240","118","130","96","98","101","101","","","","","","","",""
"M. Grant Thesis","EINPP","Plains Bison","Fecal","EINP_P97","10/22/2023",2023,"Trent","","","","100","91","91","136","138","187","187","245","271","103","104","135","135","97","101","129","143","195","195","238","238","","","","","","","","","","","","","","","","","","","","","","","","","","","","","","","","","","","","","","","","","","","","","","","","","","","","","","","","","","","87","87","","","161","165","236","240","118","130","96","98","101","101","","","","","","","",""
"M. Grant Thesis","EINPP","Plains Bison","Fecal","EINP_PB101","23-Oct-24",2024,"Trent","","","","100","91","91","136","138","187","187","245","271","103","104","135","135","97","101","129","143","195","195","238","238","","","","","","","","","","","","","","","","","","","","","","","","","","","","","","","","","","","","","","","","","","","","","","","","","","","","","","","","","","","87","89","","","161","165","236","240","118","130","96","98","101","101","","","","","","","",""
"M. Grant Thesis","EINPP","Plains Bison","Fecal","EINP_P65","10/22/2023",2023,"Trent","","","","94","89","91","134","136","179","187","241","247","105","105","135","135","89","97","129","143","195","195","238","238","","","","","","","","","","","","","","","","","","","","","","","","","","","","","","","","","","","","","","","","","","","","","","","","","","","","","","","","","","","89","91","","","161","161","240","240","","","92","96","95","101","","","","","","","",""
"M. Grant Thesis","EINPP","Plains Bison","Fecal","EINP_P67","10/22/2023",2023,"Trent","","","","94","89","91","134","136","179","187","241","247","105","105","135","135","89","97","129","143","195","195","238","238","","","","","","","","","","","","","","","","","","","","","","","","","","","","","","","","","","","","","","","","","","","","","","","","","","","","","","","","","","","","","","","161","161","236","240","130","130","92","96","103","105","","","","","","","",""
"M. Grant Thesis","EINPP","Plains Bison","Fecal","EINP_P84","10/22/2023",2023,"Trent","","","","94","89","91","134","136","179","187","241","247","105","105","135","135","89","97","129","143","195","195","238","238","","","","","","","","","","","","","","","","","","","","","","","","","","","","","","","","","","","","","","","","","","","","","","","","","","","","","","","","","","","89","91","","","161","161","236","240","130","130","92","96","","","","","","","","","",""
"M. Grant Thesis","EINPP","Plains Bison","Fecal","EINP_P77","10/22/2023",2023,"Trent","","","","94","89","91","136","142","175","187","241","253","104","104","135","135","97","105","129","143","191","195","232","238","","","","","","","","","","","","","","","","","","","","","","","","","","","","","","","","","","","","","","","","","","","","","","","","","","","","","","","","","","","85","87","","","","","228","240","118","134","96","104","99","101","","","","","","","",""
"M. Grant Thesis","EINPP","Plains Bison","Fecal","EINP_P99","10/22/2023",2023,"Trent","","","","100","89","91","136","142","175","187","241","253","103","105","135","135","97","105","129","143","191","195","232","238","","","","","","","","","","","","","","","","","","","","","","","","","","","","","","","","","","","","","","","","","","","","","","","","","","","","","","","","","","","85","87","","","161","161","228","240","118","134","96","104","99","101","","","","","","","",""
"M. Grant Thesis","EINPP","Plains Bison","Fecal","EINP_P86","10/22/2023",2023,"Trent","","","","94","91","91","134","142","185","191","245","249","103","103","135","135","97","97","129","143","191","191","238","254","","","","","","","","","","","","","","","","","","","","","","","","","","","","","","","","","","","","","","","","","","","","","","","","","","","","","","","","","","","","","","","161","167","240","240","130","130","92","104","95","103","","","","","","","",""
"M. Grant Thesis","EINPP","Plains Bison","Fecal","EINP_PB122","23-Oct-24",2024,"Trent","","","","100","89","91","136","140","175","185","241","269","103","103","137","137","99","105","127","149","191","191","238","238","","","","","","","","","","","","","","","","","","","","","","","","","","","","","","","","","","","","","","","","","","","","","","","","","","","","","","","","","","","87","87","","","161","167","228","240","130","130","98","104","101","103","","","","","","","",""
"M. Grant Thesis","EINPW","Wood Bison","Fecal","EINP_W14","10/22/2023",2023,"Trent","","","","89","89","91","136","138","181","187","253","269","103","103","141","141","93","97","129","129","189","191","238","238","","","","","","","","","","","","","","","","","","","","","","","","","","","","","","","","","","","","","","","","","","","","","","","","","","","","","","","","","","","","","","","161","167","228","236","","","102","102","101","101","","","","","","","",""
"M. Grant Thesis","EINPW","Wood Bison","Fecal","EINP_W18","10/22/2023",2023,"Trent","","","","89","89","91","136","136","187","187","253","253","103","103","141","141","93","93","129","141","189","191","238","238","","","","","","","","","","","","","","","","","","","","","","","","","","","","","","","","","","","","","","","","","","","","","","","","","","","","","","","","","","","89","89","","","167","167","228","228","128","130","102","104","","","","","","","","","",""
"M. Grant Thesis","EINPW","Wood Bison","Fecal","EINP_WB118","23-Oct-24",2024,"Trent","","","","100","89","91","136","136","187","187","253","253","103","103","141","141","93","93","131","143","189","191","238","238","","","","","","","","","","","","","","","","","","","","","","","","","","","","","","","","","","","","","","","","","","","","","","","","","","","","","","","","","","","89","89","","","167","167","228","228","128","130","102","104","95","103","","","","","","","",""
"M. Grant Thesis","EINPW","Wood Bison","Fecal","EINP_W35","10/22/2023",2023,"Trent","","","","94","89","91","138","140","179","187","253","269","103","103","141","145","93","97","143","143","191","195","238","252","","","","","","","","","","","","","","","","","","","","","","","","","","","","","","","","","","","","","","","","","","","","","","","","","","","","","","","","","","","","","","","167","167","228","238","130","130","102","104","101","101","","","","","","","",""
"M. Grant Thesis","EINPW","Wood Bison","Fecal","EINP_W36","10/22/2023",2023,"Trent","","","","94","89","91","138","140","179","187","253","269","103","103","141","145","93","97","143","143","191","195","238","252","","","","","","","","","","","","","","","","","","","","","","","","","","","","","","","","","","","","","","","","","","","","","","","","","","","","","","","","","","","","","","","167","167","228","238","130","130","102","104","101","101","","","","","","","",""
"M. Grant Thesis","EINPW","Wood Bison","Fecal","EINP_W37","10/22/2023",2023,"Trent","","","","94","89","91","138","140","179","187","253","269","103","103","141","145","93","97","143","143","191","195","238","252","","","","","","","","","","","","","","","","","","","","","","","","","","","","","","","","","","","","","","","","","","","","","","","","","","","","","","","","","","","","","","","167","167","228","238","114","130","102","104","101","101","","","","","","","",""
"M. Grant Thesis","EINPW","Wood Bison","Fecal","EINP_W38","10/22/2023",2023,"Trent","","","","94","89","91","138","140","179","187","253","269","103","103","141","145","93","97","143","143","191","195","238","252","","","","","","","","","","","","","","","","","","","","","","","","","","","","","","","","","","","","","","","","","","","","","","","","","","","","","","","","","","","","","","","167","167","228","238","114","130","102","104","101","101","","","","","","","",""
"M. Grant Thesis","EINPW","Wood Bison","Fecal","EINP_W63","10/22/2023",2023,"Trent","","","","89","91","91","136","136","187","187","253","271","103","103","141","141","93","93","129","129","189","191","232","238","","","","","","","","","","","","","","","","","","","","","","","","","","","","","","","","","","","","","","","","","","","","","","","","","","","","","","","","","","","","","","","161","161","228","236","128","130","96","102","","","","","","","","","",""
"M. Grant Thesis","EINPW","Wood Bison","Fecal","EINP_W74","10/22/2023",2023,"Trent","","","","94","89","93","138","138","179","181","253","271","103","103","141","145","97","103","129","129","189","189","238","238","","","","","","","","","","","","","","","","","","","","","","","","","","","","","","","","","","","","","","","","","","","","","","","","","","","","","","","","","","","","","","","167","167","224","238","130","130","96","104","101","101","","","","","","","",""
"M. Grant Thesis","EINPW","Wood Bison","Fecal","EINP_W92","10/22/2023",2023,"Trent","","","","83","89","89","136","138","179","187","253","269","104","104","135","141","","","129","129","189","191","232","252","","","","","","","","","","","","","","","","","","","","","","","","","","","","","","","","","","","","","","","","","","","","","","","","","","","","","","","","","","","","","","","167","167","","","130","132","92","102","95","95","","","","","","","",""
"M. Grant Thesis","EINPW","Wood Bison","Fecal","EINP_W100","10/22/2023",2023,"Trent","","","","89","89","89","136","138","179","187","253","269","103","103","135","141","93","97","129","129","189","191","232","252","","","","","","","","","","","","","","","","","","","","","","","","","","","","","","","","","","","","","","","","","","","","","","","","","","","","","","","","","","","","","","","167","167","238","238","","","92","100","95","95","","","","","","","",""
"M. Grant Thesis","EINPW","Wood Bison","Fecal","EINP_W98","10/22/2023",2023,"Trent","","","","94","89","89","134","136","179","187","253","253","103","103","141","145","103","103","129","129","189","191","232","232","","","","","","","","","","","","","","","","","","","","","","","","","","","","","","","","","","","","","","","","","","","","","","","","","","","","","","","","","","","","","","","167","167","228","238","130","132","96","102","95","95","","","","","","","",""
"M. Grant Thesis","EINPW","Wood Bison","Fecal","EINP_WB150","23-Oct-24",2024,"Trent","","","","100","89","91","136","136","179","187","253","253","103","103","141","141","97","103","129","129","189","191","238","254","","","","","","","","","","","","","","","","","","","","","","","","","","","","","","","","","","","","","","","","","","","","","","","","","","","","","","","","","","","89","89","","","167","167","224","238","130","130","98","102","101","103","","","","","","","",""
"M. Grant Thesis","EINPP","Plains Bison","Fecal","EINP_PB134","23-Oct-24",2024,"Trent","","","","100","89","91","136","138","185","187","241","253","103","103","135","135","89","97","129","149","189","191","238","238","","","","","","","","","","","","","","","","","","","","","","","","","","","","","","","","","","","","","","","","","","","","","","","","","","","","","","","","","","","85","87","","","161","165","236","240","130","130","92","104","99","103","","","","","","","",""
"M. Grant Thesis","EINPP","Plains Bison","Fecal","EINP_PB108","23-Oct-24",2024,"Trent","","","","100","91","91","134","136","179","187","241","253","103","103","137","147","89","105","143","149","189","195","238","238","","","","","","","","","","","","","","","","","","","","","","","","","","","","","","","","","","","","","","","","","","","","","","","","","","","","","","","","","","","89","91","","","167","167","240","240","130","134","96","104","95","99","","","","","","","",""
"M. Grant Thesis","EINPP","Plains Bison","Fecal","EINP_PB110","23-Oct-24",2024,"Trent","","","","83","91","91","134","136","179","187","241","253","103","111","137","147","89","105","","","","","238","238","","","","","","","","","","","","","","","","","","","","","","","","","","","","","","","","","","","","","","","","","","","","","","","","","","","","","","","","","","","89","91","","","167","167","240","240","130","134","96","104","95","99","","","","","","","",""
"M. Grant Thesis","EINPP","Plains Bison","Fecal","EINP_PB103","23-Oct-24",2024,"Trent","","","","100","91","91","134","136","179","187","241","253","103","103","137","147","89","105","143","149","189","195","238","238","","","","","","","","","","","","","","","","","","","","","","","","","","","","","","","","","","","","","","","","","","","","","","","","","","","","","","","","","","","89","91","","","167","167","240","240","130","134","96","104","95","99","","","","","","","",""
"2023","ETH","Wood Bison","Fecal swab","150_080","2020",2020,"Trent","","","","96","89","93","134","136","179","187","241","253","103","103","141","147","103","103","129","143","191","195","232","252","87","87","160","161","113","113","174","176","227","229","143","143","158","160","90","90","142","148","190","190","246","250","177","177","152","166","144","154","83","83","124","124","165","183","138","148","260","260","146","150","129","129","155","155","91","91","150","150","180","198","106","112","166","176","85","89","161","165","87","89","","","167","167","","","130","132","96","102","103","103","181","181","205","205","142","158","149","151"
"2023","ETH","Wood Bison","Hair","150_080","2020",2020,"Trent","","","","100","89","93","134","136","179","187","241","253","103","103","141","147","103","103","129","143","191","195","232","252","87","87","160","161","113","113","174","176","227","229","143","143","158","160","90","90","142","148","188","190","246","250","177","177","152","166","144","154","83","83","124","124","165","183","138","148","260","260","146","150","129","129","155","155","91","91","150","150","180","198","106","112","166","176","85","89","161","165","87","89","114","118","167","167","238","238","130","132","96","102","103","103","181","181","205","205","142","158","149","151"
"2023","ETH","Wood Bison","Hair","150_020","2020",2020,"Trent","","","","100","91","91","136","136","179","187","253","253","103","103","135","135","93","97","129","141","189","191","232","238","87","89","158","158","113","113","174","174","227","229","143","143","158","158","90","90","140","142","190","194","252","252","167","177","146","152","154","156","83","83","124","124","175","183","142","142","260","262","148","148","129","129","155","155","91","94","150","150","180","196","110","112","172","176","85","89","161","165","89","89","116","118","167","167","224","228","130","132","102","102","99","103","181","181","205","205","158","166","151","153"
"2023","ETH","Wood Bison","Fecal swab","150_020","2020",2020,"Trent","","","","100","91","91","136","136","179","187","253","253","103","103","135","135","93","97","129","141","189","191","232","238","87","89","158","158","113","113","174","174","227","229","143","143","158","158","90","90","140","142","190","194","252","252","167","177","146","152","154","156","83","83","124","124","175","183","142","142","260","262","148","148","129","129","155","155","91","94","150","150","180","196","110","112","172","176","85","89","161","165","89","89","116","118","167","167","224","228","130","132","102","102","99","103","181","181","205","205","158","166","151","153"
"2023","ETH","Wood Bison","Fecal swab","150_060","2020",2020,"Trent","","","","100","89","89","136","140","179","187","253","253","103","103","141","141","97","103","129","141","191","191","238","252","87","87","147","158","113","115","174","174","227","229","143","143","156","158","90","90","127","142","188","190","250","252","173","177","152","154","144","152","81","83","124","126","165","175","142","148","262","262","150","150","125","129","155","159","91","92","150","150","180","184","112","112","166","172","89","89","161","161","87","89","116","116","167","167","228","228","128","130","92","98","95","101","181","181","205","207","144","158","151","153"
"2023","ETH","Wood Bison","Hair","150_060","2020",2020,"Trent","","","","100","89","89","136","140","179","187","253","253","103","103","141","141","97","103","129","141","191","191","238","252","87","87","147","158","113","115","174","174","227","229","143","143","156","158","90","90","127","142","188","190","250","252","173","177","152","154","144","152","81","83","124","126","165","175","142","148","262","262","150","150","125","129","155","159","91","92","150","150","180","184","112","112","166","172","89","89","161","161","87","89","116","116","167","167","228","228","128","130","92","98","95","101","181","181","205","207","144","158","151","153"
"2023","ETH","Wood Bison","Hair","150_070","2020",2020,"Trent","","","","100","89","91","136","138","179","187","241","249","103","103","135","145","93","97","143","149","191","191","232","232","87","87","147","160","115","115","174","174","227","229","143","143","158","158","90","102","140","142","190","194","252","252","173","177","146","152","156","160","83","83","124","124","175","175","142","142","260","262","148","150","125","129","155","157","91","92","150","150","180","184","110","112","166","172","85","89","161","173","89","89","116","116","161","167","238","238","130","132","92","98","99","101","177","181","205","207","142","144","151","153"
"2023","ETH","Wood Bison","Fecal swab","150_070","2020",2020,"Trent","","","","100","89","91","136","138","179","187","241","249","103","103","135","145","93","97","143","149","191","191","232","232","87","87","147","160","115","115","174","174","227","229","143","143","158","158","90","102","140","142","190","194","252","252","173","177","146","152","156","160","83","83","124","124","175","175","142","142","260","262","148","150","125","129","155","157","91","92","150","150","180","184","110","112","166","172","85","89","161","173","89","89","116","116","161","167","238","238","130","132","92","98","99","101","177","181","205","207","142","144","151","153"
"2023","ETH","Wood Bison","Fecal swab","150_100","2020",2020,"Trent","","","","100","91","91","134","140","179","179","253","271","103","103","141","141","97","103","129","129","191","191","238","238","87","87","158","160","113","113","172","176","229","229","143","143","154","156","90","102","127","140","190","194","252","252","167","167","152","152","154","154","77","83","124","132","175","183","138","138","262","262","148","150","125","129","155","155","91","91","150","150","180","180","106","110","166","172","85","85","161","173","85","89","116","116","167","167","228","228","128","130","102","104","95","101","181","191","205","207","142","168","151","151"
"2023","ETH","Wood Bison","Hair","150_100","2020",2020,"Trent","","","","100","91","91","134","140","179","179","253","271","103","103","141","141","97","103","129","129","191","191","238","238","87","87","158","160","113","113","172","176","229","229","143","143","154","156","90","102","127","140","190","194","252","252","167","167","152","152","154","154","77","83","124","132","175","183","138","138","262","262","148","150","125","129","155","155","91","91","150","150","180","180","106","110","166","172","85","85","161","173","85","89","116","116","167","167","228","228","128","130","102","104","95","101","181","191","205","207","142","168","151","151"
"2023","ETH","Wood Bison","Hair","150_130","2020",2020,"Trent","","","","100","89","91","134","134","179","187","241","253","103","103","141","145","93","103","129","143","189","191","232","238","89","91","147","158","113","115","172","174","229","229","143","143","158","160","90","90","142","146","190","194","252","252","177","177","146","152","160","160","81","83","124","132","183","183","142","142","260","262","146","150","125","125","155","155","91","92","150","150","198","198","112","112","170","172","89","89","161","161","89","89","114","116","167","167","228","228","128","130","92","102","95","101","181","191","205","205","158","158","149","151"
"2023","ETH","Wood Bison","Fecal swab","150_130","2020",2020,"Trent","","","","100","89","91","134","134","179","187","241","253","103","103","141","145","93","103","129","143","189","191","232","238","89","91","147","158","113","115","172","174","229","229","143","143","158","160","90","90","142","146","190","194","252","252","177","177","146","152","160","160","81","83","124","132","183","183","142","142","260","262","146","150","125","125","155","155","91","92","150","150","198","198","112","112","170","172","89","89","161","161","89","89","114","116","167","167","228","228","128","130","92","102","95","101","181","191","205","205","158","158","149","151"
"2023","ETH","Wood Bison","Biopsy","5","2022",2022,"Trent","","","","100","89","89","136","136","187","187","253","271","103","103","135","147","93","103","129","143","191","191","232","238","87","89","147","147","108","115","174","174","227","229","143","143","156","158","90","90","140","142","188","194","246","252","167","177","152","152","144","152","83","83","124","124","175","175","138","148","260","262","150","150","125","129","155","159","91","94","150","150","198","198","106","112","166","166","89","89","165","169","81","89","116","118","167","167","228","228","130","132","102","104","95","99","181","181","207","211","142","158","145","151"
"2023","ETH","Wood Bison","Biopsy","20","2022",2022,"Trent","","","","100","91","91","136","136","181","187","241","241","103","103","147","147","93","103","143","143","191","191","232","238","87","87","147","158","108","108","172","174","227","231","143","143","158","158","90","102","140","140","194","194","246","246","173","177","152","152","160","160","81","81","124","124","165","183","148","148","262","262","148","150","129","129","155","155","91","91","148","150","196","198","112","112","166","176","85","89","161","161","87","89","118","118","167","167","228","228","130","132","92","102","101","103","181","181","205","205","142","142","151","151"
"2023","ETH","Wood Bison","Biopsy","21","2022",2022,"Trent","","","","100","89","91","136","136","179","179","253","253","103","103","141","145","103","103","129","141","189","191","238","238","87","89","158","162","108","115","172","174","225","229","143","143","158","160","90","102","140","140","190","190","252","252","167","177","152","154","144","144","77","83","132","132","183","183","142","148","262","262","150","150","125","129","155","159","91","92","150","150","180","196","112","112","172","176","89","89","165","173","89","89","116","118","167","167","228","228","130","132","98","102","101","103","177","181","205","207","144","168","149","153"
"2025","ETH","Wood Bison","Tissue","BISO25-005","13-Mar-25",2025,"Trent","","","","98","89","91","136","138","179","181","253","269","103","103","141","141","97","97","129","129","189","191","238","238","87","89","158","158","113","115","174","174","229","229","143","143","156","156","90","90","127","142","190","194","252","252","167","177","146","152","144","156","77","83","124","132","175","183","142","148","260","262","150","150","125","129","155","155","91","94","150","150","180","180","110","110","166","170","85","89","161","173","81","91","116","116","167","167","228","228","130","130","98","104","101","101","181","181","211","211","158","168","151","151"
"2023","ETH","Wood Bison","Biopsy","7","2022",2022,"Trent","","","","100","93","93","134","136","187","187","253","269","103","103","141","147","93","103","129","129","189","195","232","238","87","87","147","158","108","115","172","174","227","229","143","143","156","158","90","90","142","146","190","190","250","252","167","177","152","154","154","154","83","83","124","132","175","183","138","142","260","262","140","150","125","129","153","155","92","92","150","150","180","180","112","112","170","174","89","89","161","165","89","89","116","118","167","167","228","228","132","132","102","102","101","103","177","181","207","215","166","168","153","153"
"2025","ETH","Wood Bison","Tissue","BISO25-009","13-Mar-25",2025,"Trent","","","","96","93","93","134","136","187","187","253","269","103","103","141","147","93","103","129","129","189","195","232","238","87","87","147","158","108","115","172","174","227","229","143","143","156","158","90","90","142","146","190","190","250","252","167","177","152","154","154","154","83","83","124","132","175","183","138","142","260","262","140","150","125","129","153","155","92","92","150","150","180","180","112","112","170","174","89","89","161","165","89","89","116","116","167","167","228","228","132","132","102","102","101","103","177","181","207","215","166","166","153","153"
"2025","ETH","Wood Bison","Tissue","BISO25-006","13-Mar-25",2025,"Trent","","","","98","91","91","136","138","179","187","241","253","103","103","147","147","97","103","129","143","189","191","232","252","87","87","147","162","113","113","174","174","229","229","143","143","158","160","90","90","140","142","190","194","252","252","167","177","164","166","160","160","81","83","124","124","165","165","142","148","260","260","150","150","125","129","155","155","91","91","150","150","180","184","112","112","176","176","85","89","161","173","81","89","116","118","167","167","224","238","130","130","92","92","99","101","177","181","205","211","158","166","147","151"
"2023","HZ","Wood Bison","Fecal swab","150_510","2020",2020,"Trent","","","","88","89","91","138","140","187","187","253","269","103","103","135","141","93","97","129","141","189","191","232","238","87","91","158","161","113","115","172","174","231","233","143","143","158","158","90","90","140","146","190","194","252","252","173","177","152","152","144","160","81","83","132","132","183","183","138","138","262","262","150","150","125","129","157","159","91","91","150","150","180","196","106","112","166","172","89","89","161","173","89","89","","","161","167","","","","","","","","","191","193","205","211","144","166","",""
"2023","HZ","Wood Bison","Hair","150_510","2020",2020,"Trent","","","","100","89","91","138","140","187","187","253","269","103","103","135","141","93","97","129","141","189","191","232","238","87","91","158","161","113","115","172","174","231","233","143","143","158","158","90","90","140","146","190","194","252","252","173","177","152","152","144","160","81","83","132","132","183","183","138","138","262","262","150","150","125","129","157","159","91","91","150","150","180","196","106","112","166","172","89","89","161","173","89","89","116","118","161","167","228","236","130","130","102","102","95","101","191","191","205","211","144","166","145","151"
"2023","HZ","Wood Bison","Fecal swab","150_400","2020",2020,"Trent","","","","98","89","89","136","140","187","191","249","249","103","103","135","141","93","97","129","129","191","195","232","232","87","91","158","158","115","115","172","176","227","229","143","143","158","160","90","102","142","146","188","190","250","254","173","177","146","158","154","154","81","81","124","124","165","183","142","142","260","260","150","150","125","129","153","155","91","91","150","150","180","184","110","110","166","172","89","89","161","165","89","91","","","161","167","238","238","114","130","102","102","95","101","181","181","207","207","166","168","145","149"
"2023","HZ","Wood Bison","Hair","150_400","2020",2020,"Trent","","","","100","89","89","136","140","187","191","249","249","103","103","135","141","93","97","129","129","191","195","232","232","87","91","158","158","115","115","172","176","227","229","143","143","158","160","90","102","142","146","188","190","250","254","173","177","146","158","154","154","81","81","124","124","165","183","142","142","260","260","150","150","125","129","153","155","91","91","150","150","180","184","110","110","166","172","89","89","161","165","89","91","114","118","161","167","238","238","114","130","102","102","95","101","181","181","207","207","166","168","145","149"
"2023","HZ","Wood Bison","Fecal swab","150_490","2020",2020,"Trent","","","","98","89","89","136","138","187","187","249","253","103","103","135","145","93","103","129","129","189","191","238","238","87","87","158","158","113","115","172","174","229","231","143","143","156","158","90","90","127","146","190","194","252","252","173","177","152","152","144","154","81","83","124","124","175","183","142","142","262","262","150","150","125","129","155","159","91","94","148","150","180","196","106","112","172","172","89","89","161","169","87","89","","","167","167","228","228","130","130","92","96","95","103","181","191","205","211","158","168","145","153"
"2023","HZ","Wood Bison","Hair","150_490","2020",2020,"Trent","","","","100","89","89","136","138","187","187","249","253","103","103","135","145","93","103","129","129","189","191","238","238","87","87","158","158","113","115","172","174","229","231","143","143","156","158","90","90","127","146","190","194","252","252","173","177","152","152","144","154","81","83","124","124","175","183","142","142","262","262","150","150","125","129","155","159","91","94","148","150","180","196","106","112","172","172","89","89","161","169","87","89","116","116","167","167","228","228","130","130","92","96","95","103","181","191","205","211","158","168","145","153"
"2023","HZ","Wood Bison","Fecal swab","150_610","2020",2020,"Trent","","","","98","89","89","136","138","179","187","253","253","103","103","145","145","85","97","129","141","189","195","232","238","87","87","158","160","108","113","172","174","229","233","143","143","160","160","90","90","127","142","188","190","252","254","167","177","152","152","152","160","81","83","124","132","183","183","142","142","260","260","150","150","129","129","155","157","91","92","148","150","180","180","112","112","172","172","89","89","161","165","87","91","","","167","167","228","228","128","128","102","102","95","103","181","181","211","215","158","166","145","145"
"2023","HZ","Wood Bison","Hair","150_610","2020",2020,"Trent","","","","100","89","89","136","138","179","187","253","253","103","103","145","145","85","97","129","141","189","195","232","238","87","87","158","160","108","113","172","174","229","233","143","143","160","160","90","90","127","142","188","190","252","254","167","177","152","152","152","160","81","83","124","132","183","183","142","142","260","260","150","150","129","129","155","157","91","92","148","150","180","180","112","112","172","172","89","89","161","165","87","91","116","116","167","167","228","228","128","128","102","102","95","103","181","181","211","215","158","166","145","145"
"2023","HZ","Wood Bison","Hair","150_620","2020",2020,"Trent","","","","100","89","91","138","138","187","191","253","253","103","104","145","145","89","97","129","149","189","195","232","238","87","91","158","158","113","115","172","172","227","229","143","143","156","158","90","90","142","142","194","194","248","252","173","173","152","152","144","154","81","83","124","132","165","183","138","148","262","262","146","150","129","129","155","155","91","94","148","150","180","180","110","110","172","172","85","89","161","161","81","89","116","118","167","167","228","238","130","130","92","98","101","103","181","181","201","205","144","168","145","145"
"2023","HZ","Wood Bison","Fecal swab","150_620","2020",2020,"Trent","","","","100","89","91","138","138","187","191","253","253","103","104","145","145","89","97","129","149","189","195","232","238","87","91","158","158","113","115","172","172","227","229","143","143","156","158","90","90","142","142","194","194","248","252","173","173","152","152","144","154","81","83","124","132","165","183","138","148","262","262","146","150","129","129","155","155","91","94","148","150","180","180","110","110","172","172","85","89","161","161","81","89","116","118","167","167","228","238","130","130","92","98","101","103","181","181","201","205","144","168","145","145"
"2023","HZ","Wood Bison","Fecal swab","150_790","2020",2020,"Trent","","","","100","89","91","136","138","187","191","253","269","103","103","141","141","97","97","129","141","191","191","232","238","87","87","158","162","113","113","172","176","227","233","143","143","156","160","90","90","140","142","190","194","252","252","167","177","152","158","154","160","81","83","126","132","165","183","138","142","262","262","150","150","125","129","155","159","91","91","148","150","180","196","110","110","172","172","89","89","161","173","85","89","116","116","167","167","224","236","130","132","98","102","101","101","181","191","205","211","144","166","145","153"
"2023","HZ","Wood Bison","Hair","150_790","2020",2020,"Trent","","","","100","89","91","136","138","187","191","253","269","103","103","141","141","97","97","129","141","191","191","232","238","87","87","158","162","113","113","172","176","227","233","143","143","156","160","90","90","140","142","190","194","252","252","167","177","152","158","154","160","81","83","126","132","165","183","138","142","262","262","150","150","125","129","155","159","91","91","148","150","180","196","110","110","172","172","89","89","161","173","85","89","116","116","167","167","224","236","130","132","98","102","101","101","181","191","205","211","144","166","145","153"
"2023","HZ","Wood Bison","Fecal swab","151_060","2020",2020,"Trent","","","","98","89","89","136","136","181","187","253","253","103","103","141","141","93","103","129","143","189","195","232","232","87","87","158","162","113","113","172","178","229","231","143","143","156","158","90","90","142","142","190","194","252","252","167","177","146","154","154","154","83","83","124","132","183","183","142","142","262","262","148","150","125","129","155","159","95","95","148","150","180","180","112","112","172","176","89","89","161","161","87","89","","","161","161","228","228","130","132","98","104","101","101","181","181","205","211","144","144","151","153"
"2023","HZ","Wood Bison","Hair","151_060","2020",2020,"Trent","","","","100","89","89","136","136","181","187","253","253","103","103","141","141","93","103","129","143","189","195","232","232","87","87","158","162","113","113","172","178","229","231","143","143","156","158","90","90","142","142","190","194","252","252","167","177","146","154","154","154","83","83","124","132","183","183","142","142","262","262","148","150","125","129","155","159","95","95","148","150","180","180","112","112","172","176","89","89","161","161","87","89","116","118","161","161","228","228","130","132","98","104","101","101","181","181","205","211","144","144","151","153"
"2023","HZ","Wood Bison","Fecal swab","151_220","2020",2020,"Trent","","","","98","93","93","136","140","179","187","249","249","103","103","141","145","93","103","141","149","189","191","232","238","87","87","158","162","108","115","172","180","227","229","143","143","158","160","90","102","138","142","190","190","250","252","167","173","152","166","154","154","81","83","124","132","165","183","142","142","260","260","146","150","125","125","157","159","91","94","148","150","180","180","112","112","166","172","85","89","161","161","87","89","","","161","167","228","228","114","130","104","104","101","101","177","181","211","215","158","166","145","153"
"2023","HZ","Wood Bison","Hair","151_220","2020",2020,"Trent","","","","100","93","93","136","140","179","187","249","249","103","103","141","145","93","103","141","149","189","191","232","238","87","87","158","162","108","115","172","180","227","229","143","143","158","160","90","102","138","142","190","190","250","252","167","173","152","166","154","154","81","83","124","132","165","183","142","142","260","260","146","150","125","125","157","159","91","94","148","150","180","180","112","112","166","172","85","89","161","161","87","89","116","116","161","167","228","228","114","130","104","104","101","101","177","181","211","215","158","166","145","153"
"2023","HZ","Wood Bison","Hair","151_390","2020",2020,"Trent","","","","100","89","91","138","138","187","187","253","269","103","103","141","145","93","93","129","143","195","195","232","232","87","87","158","158","108","115","172","172","229","233","143","143","156","158","90","90","142","146","194","194","252","254","167","177","152","152","152","160","81","83","124","132","165","165","142","142","262","262","150","150","125","129","153","155","91","92","150","150","180","180","112","112","166","172","89","89","165","169","81","87","116","118","167","167","238","238","130","130","102","104","95","95","177","181","211","211","168","168","153","153"
"2025","HZ","Wood Bison","Tissue","BISO25-012","14-Mar-25",2025,"Trent","","","","98","89","91","138","138","187","187","253","269","103","103","141","145","93","93","129","143","195","195","232","232","87","87","158","158","108","115","172","172","229","233","143","143","156","158","90","90","142","146","194","194","252","254","167","177","152","152","152","160","81","83","124","132","165","165","142","142","262","262","150","150","125","129","153","155","91","92","150","150","180","180","112","112","166","172","89","89","165","169","81","87","116","118","167","167","238","238","130","130","102","104","95","95","177","181","211","211","168","168","153","153"
"2023","HZ","Wood Bison","Hair","150_000","2020",2020,"Trent","","","","100","89","93","136","138","187","187","249","253","103","103","145","145","93","93","129","149","189","189","238","238","87","89","158","158","113","115","172","172","227","227","143","143","156","158","90","90","127","146","188","194","248","252","167","173","152","152","160","160","81","83","124","124","183","183","138","142","260","262","146","150","125","129","155","155","91","92","150","150","180","180","110","112","166","172","85","89","161","165","89","89","116","116","167","167","228","238","130","132","96","102","95","95","181","181","211","211","144","166","149","151"
"2025","HZ","Wood Bison","Tissue","BISO25-021","14-Mar-25",2025,"Trent","","","","98","89","93","136","138","187","187","249","253","103","103","145","145","93","103","129","149","189","189","238","238","87","89","158","158","113","115","172","172","227","227","143","143","156","158","90","90","127","146","188","194","248","252","167","173","152","152","160","160","81","83","124","124","183","183","138","142","260","262","146","150","125","129","155","155","91","92","150","150","180","180","110","112","166","172","85","89","161","165","89","89","116","116","167","167","228","238","130","132","96","102","95","95","181","181","211","211","144","166","149","151"
"2024","NAH","Wood Bison","Fecal","Nahanni-2","2021",2021,"Trent","","","","98","89","91","136","136","179","187","253","253","103","103","135","135","103","103","129","149","189","191","232","252","87","89","160","162","115","115","172","174","229","229","143","143","156","158","90","90","127","146","188","194","252","252","173","177","146","152","154","154","77","77","122","132","165","165","138","142","260","262","146","150","123","125","157","159","95","95","146","150","180","180","112","112","170","170","89","89","161","161","89","89","116","116","167","167","228","238","130","130","98","102","101","101","181","181","205","211","","","151","153"
"2024","NAH","Wood Bison","Fecal","Nahanni-3","2021",2021,"Trent","","","","100","89","91","136","136","179","187","253","253","103","103","135","135","103","103","129","149","189","191","232","252","87","89","160","162","115","115","172","174","229","229","143","143","156","158","90","90","127","146","188","194","252","252","173","177","146","152","154","154","77","77","122","132","165","165","138","142","260","262","146","150","123","125","157","159","95","95","146","150","180","180","112","112","170","170","89","89","161","161","89","89","116","116","167","167","228","238","130","130","98","102","101","101","181","181","205","211","144","168","151","153"
"2024","NAH","Wood Bison","Fecal","Nahanni-4","2021",2021,"Trent","","","","100","89","91","136","136","179","187","253","253","103","103","135","135","103","103","129","149","189","191","232","252","87","89","160","162","115","115","172","174","229","229","143","143","156","158","90","90","127","146","188","194","252","252","173","177","146","152","154","154","77","77","122","132","165","165","138","142","260","262","146","150","123","125","157","159","95","95","146","150","180","180","112","112","170","170","89","89","161","161","89","89","116","116","167","167","228","238","130","130","98","102","101","101","181","181","205","211","144","168","151","153"
"2024","NAH","Wood Bison","Fecal","Nahanni-7","2021",2021,"Trent","","","","100","89","89","134","136","179","187","253","253","103","103","135","141","93","103","143","143","189","195","238","252","87","87","160","162","115","115","172","176","229","229","143","143","158","158","90","102","127","127","194","194","252","252","173","177","146","152","154","154","77","83","124","132","183","183","142","142","260","262","140","150","125","125","155","157","91","95","150","150","180","184","90","106","170","172","89","89","161","161","87","89","116","116","167","167","238","238","130","132","98","102","99","99","181","191","211","211","142","166","149","151"
"2024","NAH","Wood Bison","Fecal","Nahanni-9","2021",2021,"Trent","","","","96","89","89","134","136","179","187","253","253","103","103","135","141","93","103","143","143","189","195","238","252","87","87","160","162","115","115","","","229","229","143","143","158","158","90","102","127","127","194","194","252","252","173","177","146","152","","","77","83","124","132","183","183","142","142","260","262","140","150","125","125","155","157","91","95","150","150","180","184","90","106","170","172","89","89","161","161","87","89","116","116","167","167","238","238","130","132","98","102","99","99","181","191","211","211","142","166","149","151"
"2024","NAH","Wood Bison","Fecal","Nahanni-5","2021",2021,"Trent","","","","100","89","91","136","136","179","187","253","269","103","103","141","141","93","103","129","143","189","191","232","252","87","89","160","160","115","115","172","172","227","227","143","143","156","158","88","90","127","142","194","194","250","252","173","173","146","152","154","160","77","77","124","124","165","175","142","142","260","262","146","150","125","129","155","159","91","95","146","150","180","194","106","112","172","172","89","89","161","173","81","89","116","116","167","167","228","228","132","132","98","102","95","95","181","181","211","215","144","166","147","149"
"2024","NAH","Wood Bison","Fecal","Nahanni-6","2021",2021,"Trent","","","","100","89","91","136","136","179","187","253","269","103","103","141","141","93","103","129","143","189","191","232","252","87","89","160","160","115","115","172","172","227","227","143","143","156","158","88","90","127","142","194","194","250","252","173","173","146","152","154","160","77","77","124","124","165","175","142","142","260","262","146","150","125","129","155","159","91","95","146","150","180","194","106","112","172","172","89","89","161","173","81","89","116","116","167","167","228","228","130","132","98","102","95","95","181","181","211","215","144","166","147","149"
"2023","RL","Wood Bison","Serum","6345-207459","2018",2018,"Trent","","","","100","89","91","134","138","185","185","247","269","103","103","141","147","103","103","141","143","191","195","232","238","87","91","160","162","113","115","174","174","225","231","143","143","156","156","90","102","140","150","190","194","250","252","177","177","146","152","144","154","83","83","124","124","181","183","142","142","262","262","146","148","129","129","151","157","95","95","150","150","180","198","106","112","172","174","85","85","161","173","87","91","116","116","167","167","228","236","130","130","102","104","95","101","181","181","205","211","166","166","145","145"
"2023","RL","Wood Bison","Biopsy","RL21-04","13-Jan-21",2021,"Trent","","","","100","89","91","134","138","185","185","247","269","103","103","141","147","103","103","141","143","191","195","232","238","87","91","160","162","113","115","174","174","225","231","143","143","156","156","90","102","140","150","190","194","250","252","177","177","146","152","144","154","83","83","124","124","181","183","142","142","262","262","146","148","129","129","151","157","95","95","150","150","180","198","106","112","172","174","85","85","161","173","87","91","116","116","167","167","228","236","130","130","102","104","95","101","181","181","205","211","166","166","145","145"
"2023","RL","Wood Bison","Serum","37497","2019",2019,"Trent","","","","100","89","91","136","136","185","187","247","247","103","103","135","145","103","103","129","129","189","191","254","254","87","91","160","162","108","115","174","174","225","229","143","143","156","158","90","90","146","150","190","190","250","252","173","175","146","162","144","154","83","83","124","132","175","175","142","142","260","262","146","148","123","129","155","155","95","95","148","150","180","180","106","108","170","172","89","89","173","173","87","87","116","116","161","167","228","240","130","130","104","104","95","103","181","181","211","211","142","144","145","149"
"2023","RL","Wood Bison","Serum","6348-207498","2018",2018,"Trent","","","","100","89","91","136","136","185","187","247","247","103","103","135","145","103","103","129","129","189","191","254","254","87","91","160","162","108","115","174","174","225","229","143","143","156","158","90","90","146","150","190","190","250","252","173","175","146","162","144","154","83","83","124","132","175","175","142","142","260","262","146","148","123","129","155","155","95","95","148","150","180","180","106","108","170","172","89","89","173","173","87","87","116","116","161","167","228","240","130","130","104","104","95","103","181","181","211","211","142","144","145","149"
"2023","RL","Wood Bison","Serum","37490","2019",2019,"Trent","","","","100","89","89","134","138","185","191","247","253","103","103","135","147","97","103","129","129","189","189","232","254","89","89","160","160","113","115","172","176","229","231","143","143","156","160","90","90","148","150","188","202","252","252","167","175","152","162","144","156","77","83","124","132","175","175","142","150","256","262","146","146","129","129","155","155","92","92","146","150","180","198","106","112","170","172","83","89","161","161","81","91","116","116","167","167","240","240","118","132","98","102","95","103","181","181","205","207","142","158","145","145"
"2023","RL","Wood Bison","Serum","6344-207494","2018",2018,"Trent","","","","100","89","89","134","138","185","191","247","253","99","103","135","147","97","103","129","129","189","189","232","254","89","89","160","160","113","115","172","176","229","231","143","143","156","160","90","90","148","150","188","202","252","252","167","175","152","162","144","156","77","83","124","132","175","175","142","150","256","262","146","146","129","129","155","155","92","92","146","150","180","198","106","112","170","172","83","89","161","161","81","91","116","116","167","167","240","240","118","132","98","102","95","103","181","181","205","207","142","158","145","145"
"2023","RL","Wood Bison","DNA","19-Dec",NA,2012,"Trent","","","","98","89","89","136","136","185","187","241","253","103","103","135","147","93","97","129","143","189","191","232","254","87","89","160","160","113","115","174","174","229","231","133","143","156","158","90","102","127","150","194","194","246","252","163","163","146","158","154","154","83","83","124","132","175","183","142","142","256","260","146","150","125","125","151","155","91","95","150","150","180","180","108","112","170","172","85","89","161","173","81","87","116","116","167","167","236","236","130","132","102","102","95","103","181","181","207","207","158","160","153","153"
"2023","RL","Wood Bison","DNA","12-19B",NA,2015,"Trent","","","","100","89","89","136","136","185","187","241","253","103","103","135","147","93","97","129","143","189","191","232","254","87","89","160","160","113","115","174","174","229","231","133","143","156","158","90","102","127","150","194","194","246","252","163","163","146","158","154","154","83","83","124","132","175","183","142","142","256","260","146","150","125","125","151","155","91","95","150","150","180","180","108","112","170","172","85","89","161","173","81","87","114","116","167","167","236","236","130","132","102","102","95","103","181","181","207","207","158","158","153","153"
"2023","WAB","Wood Bison","Fecal swab","150_190","2020",2020,"Trent","","","","96","91","91","136","138","181","187","253","269","103","103","145","145","93","93","127","143","189","195","232","238","87","87","143","160","113","113","172","172","227","233","143","143","156","158","90","100","127","140","194","194","250","252","173","177","150","152","144","154","83","83","124","124","165","179","148","148","262","262","140","140","121","127","153","155","91","92","150","150","180","180","90","90","168","170","85","89","161","161","85","87","","","161","161","228","236","114","134","102","102","95","99","181","181","201","211","156","168","145","151"
"2023","WAB","Wood Bison","Hair","150_190","2020",2020,"Trent","","","","100","91","91","136","138","181","187","253","269","103","103","145","145","93","93","127","143","189","195","232","238","87","87","143","160","113","113","172","172","227","233","143","143","156","158","90","100","127","140","194","194","250","252","173","177","150","152","144","154","83","83","124","124","165","179","148","148","262","262","140","140","121","127","153","155","91","92","150","150","180","180","90","90","168","170","85","89","161","161","85","87","116","116","161","161","228","236","114","134","102","102","95","99","181","181","201","211","156","168","145","151"
"2023","WAB","Wood Bison","Fecal swab","150_230","2020",2020,"Trent","","","","96","91","99","138","138","187","187","253","269","103","103","135","145","93","97","129","143","189","191","232","254","87","87","160","162","108","113","172","174","227","231","143","145","156","156","90","90","127","140","194","194","246","252","175","177","148","152","144","154","81","83","124","132","179","179","148","148","262","262","140","150","127","129","155","155","91","95","146","146","180","180","106","110","168","170","85","89","173","173","85","91","","","167","167","236","236","114","118","96","98","99","99","181","181","201","201","156","156","145","145"
"2023","WAB","Wood Bison","Hair","150_230","2020",2020,"Trent","","","","98","91","99","138","138","187","187","253","269","103","103","135","145","93","97","129","143","189","191","232","254","87","87","160","162","108","113","172","174","227","231","143","145","156","156","90","90","127","140","194","194","246","252","175","177","148","152","144","154","81","83","124","132","179","179","148","148","262","262","140","150","127","129","155","155","91","95","146","146","180","180","106","110","168","170","85","89","173","173","85","91","","","167","167","236","236","114","118","96","98","99","99","181","181","201","201","156","156","145","145"
"2025","WAB","Wood Bison","Fecal","Wab24_07","2024",2024,"Trent","","","","88","91","99","138","138","187","187","253","269","103","103","135","145","93","97","129","143","189","191","232","254","","","","","","","172","174","227","231","","","","","90","90","127","140","194","194","246","252","175","177","148","152","144","154","81","83","124","132","179","179","148","148","262","262","140","150","127","129","155","155","91","95","146","146","180","180","106","110","168","170","85","89","173","173","85","91","","","167","167","236","236","114","118","96","98","99","99","181","181","201","201","156","156","145","145"
"2024","WAB","Wood Bison","Fecal","24Wab_004","2023",2023,"Trent","","","","96","91","99","138","138","187","187","253","269","103","103","135","145","91","93","131","143","189","195","254","254","87","87","160","160","113","113","172","172","229","231","143","145","156","156","90","100","127","127","194","194","250","252","167","175","152","166","154","154","83","83","120","124","183","183","142","148","262","262","140","140","125","127","155","157","91","95","146","150","184","184","90","106","168","170","89","91","169","173","87","87","","","161","167","228","238","114","134","98","102","99","103","181","191","205","205","156","168","",""
"2024","WAB","Wood Bison","Fecal","24Wab_005","2023",2023,"Trent","","","","98","91","99","138","138","187","187","253","269","103","103","135","145","91","93","131","143","189","195","254","254","87","87","160","160","113","113","172","172","229","231","143","145","156","156","90","100","127","127","194","194","250","252","167","175","152","166","154","154","83","83","120","124","183","183","142","148","262","262","140","140","125","127","155","157","91","95","146","150","184","184","90","106","168","170","89","91","169","173","87","87","","","161","167","228","238","114","134","98","102","99","103","181","191","205","205","156","168","145","149"
"2023","WAB","Wood Bison","Hair","150_300","2020",2020,"Trent","","","","100","91","99","138","138","187","187","253","269","103","103","135","145","91","93","131","143","189","195","254","254","87","87","160","160","113","113","172","172","229","231","143","145","156","156","90","100","127","127","194","194","250","252","167","175","152","166","154","154","83","83","120","124","183","183","142","148","262","262","140","140","125","127","155","157","91","95","146","150","184","184","90","106","168","170","89","91","169","173","87","87","108","118","161","167","228","238","114","114","98","102","99","103","181","191","205","205","156","168","145","149"
"2024","WAB","Wood Bison","Fecal","24Wab_0011","2023",2023,"Trent","","","","98","91","99","138","138","187","187","253","269","103","103","135","145","93","93","131","143","189","195","254","254","87","87","160","160","113","113","172","172","229","231","143","145","156","156","90","100","127","127","194","194","250","252","167","175","152","166","154","154","83","83","120","124","183","183","142","148","262","262","140","140","125","127","155","157","91","95","146","150","184","184","90","106","168","170","89","91","169","173","87","87","","","161","167","228","238","114","134","98","102","99","103","181","191","205","205","156","168","145","149"
"2025","WAB","Wood Bison","Fecal","Wab24_04","2024",2024,"Trent","","","","98","91","99","138","138","187","187","253","269","103","103","135","145","93","93","131","143","189","195","254","254","87","87","160","160","113","113","172","172","229","231","143","145","156","156","90","100","127","127","194","194","250","252","167","175","152","166","154","154","83","83","120","124","183","183","142","148","262","262","140","140","125","127","155","157","91","95","146","150","184","184","90","106","168","170","89","91","169","173","87","87","","","161","167","228","238","114","134","98","102","99","103","181","191","205","205","156","168","145","149"
"2025","WAB","Wood Bison","Fecal","Wab24_09","2024",2024,"Trent","","","","88","91","99","138","138","187","187","253","269","103","103","135","145","93","93","131","143","189","195","254","254","","","","","","","172","172","229","231","","","","","90","100","127","127","194","194","250","252","167","175","152","166","154","154","83","83","120","124","183","183","142","148","262","262","140","140","125","127","155","157","91","95","146","150","184","184","90","106","168","170","89","91","169","173","87","87","","","161","167","228","238","114","134","98","102","99","103","181","191","205","205","156","168","145","149"
"2025","WAB","Wood Bison","Fecal","Biso24-007","2024",2024,"Trent","","","","88","91","99","138","138","187","187","","","103","103","135","145","93","93","131","143","","","","","87","87","160","160","113","113","172","172","229","231","143","145","156","156","90","100","127","127","194","194","250","252","167","175","152","166","154","154","83","83","120","124","183","183","142","148","262","262","140","140","127","127","155","157","95","95","146","150","184","184","90","106","168","170","89","91","169","173","87","87","","","161","167","228","228","114","114","98","102","99","103","181","191","205","205","156","168","",""
"2024","WAB","Wood Bison","Fecal","24Wab_002","2023",2023,"Trent","","","","98","91","91","136","138","181","187","241","253","103","103","135","135","93","93","143","143","195","195","238","254","87","87","160","160","108","113","172","172","225","225","143","143","154","156","100","100","140","140","194","194","246","252","175","177","148","152","144","144","83","83","120","124","165","183","148","148","262","262","140","140","125","129","151","155","91","95","146","150","180","180","90","108","168","170","85","89","161","165","87","87","116","116","161","167","228","228","114","118","102","102","97","99","181","191","211","211","156","156","",""
"2024","WAB","Wood Bison","Fecal","24Wab_006","2023",2023,"Trent","","","","98","91","91","136","138","181","187","241","253","103","103","135","135","93","93","143","143","195","195","238","254","87","87","160","160","108","113","172","172","225","225","143","143","154","156","100","100","140","140","194","194","246","252","175","177","148","152","144","144","83","83","120","124","165","183","148","148","262","262","140","140","125","129","151","155","91","95","146","150","180","180","90","108","168","170","85","89","161","165","87","87","116","116","161","167","228","228","114","118","102","102","97","99","181","191","211","211","156","156","",""
"2024","WAB","Wood Bison","Fecal","24Wab_007","2023",2023,"Trent","","","","100","91","91","136","138","181","187","241","253","103","103","135","135","93","93","143","143","195","195","238","254","87","87","160","160","108","113","172","172","225","225","143","143","154","156","100","100","140","140","194","194","246","252","175","177","148","152","144","144","83","83","120","124","165","183","148","148","262","262","140","140","125","129","151","155","91","95","146","150","180","180","90","108","168","170","85","89","161","165","87","87","116","116","161","167","228","228","114","118","102","102","97","99","181","191","211","211","156","156","145","149"
"2025","WAB","Wood Bison","Fecal","Wab24_08","2024",2024,"Trent","","","","88","91","91","136","138","181","187","241","253","103","103","135","135","93","93","143","143","195","195","238","254","","","","","","","172","172","","","","","","","100","100","140","140","194","194","246","252","175","177","148","152","144","144","83","83","120","124","165","183","148","148","262","262","140","140","125","129","151","155","91","95","146","150","180","180","90","108","168","170","85","89","161","165","87","87","116","116","161","167","228","228","114","118","102","102","97","99","181","191","211","211","156","156","145","149"
"2025","WAB","Wood Bison","Fecal","Wab24_02","2024",2024,"Trent","","","","98","91","91","136","138","181","187","241","253","103","103","135","135","93","93","143","143","195","195","238","254","87","87","160","160","108","113","172","172","225","225","143","143","156","156","100","100","140","140","194","194","246","252","175","177","148","152","144","144","83","83","120","124","165","183","148","148","262","262","140","140","125","129","151","155","91","95","146","150","180","180","90","108","168","170","85","89","161","165","87","87","116","116","161","167","228","228","114","118","102","102","97","99","181","191","211","211","","","145","149"
"2025","WAB","Wood Bison","Fecal","Wab24_012","2024",2024,"Trent","","","","96","91","91","136","138","181","187","241","253","103","103","135","135","93","93","143","143","195","195","238","254","87","87","160","160","108","113","172","172","225","225","143","143","156","156","100","100","140","140","194","194","246","252","175","177","148","152","144","144","83","83","120","124","165","183","148","148","262","262","140","140","125","129","151","155","91","95","146","150","180","180","90","108","168","170","85","89","161","165","87","87","","","161","167","228","228","114","118","102","102","97","99","181","191","211","211","156","156","",""
"2024","WAB","Wood Bison","Fecal","24Wab_003","2023",2023,"Trent","","","","94","91","91","138","138","187","187","241","269","103","103","135","145","93","93","143","143","189","195","238","238","87","87","160","160","108","113","180","180","225","231","143","143","156","156","90","100","127","140","194","194","246","250","173","175","148","152","144","144","83","83","120","120","179","183","142","148","","","140","140","127","129","151","157","91","92","146","146","180","180","108","110","168","170","85","89","161","165","87","87","","","167","167","228","228","114","118","98","102","97","99","179","181","205","211","156","156","",""
"2024","WAB","Wood Bison","Fecal","24Wab_008","2023",2023,"Trent","","","","98","91","91","138","138","187","187","241","269","103","103","135","145","93","93","143","143","189","195","238","238","87","87","160","160","108","113","180","180","225","231","143","143","156","156","90","100","127","140","194","194","246","250","173","175","148","152","144","144","83","83","120","120","179","183","142","148","262","262","140","140","127","129","151","157","91","92","146","146","180","180","108","110","168","170","85","89","161","165","87","87","116","118","167","167","228","228","114","118","98","102","97","99","179","181","205","211","156","156","",""
"2024","WAB","Wood Bison","Fecal","24Wab_009","2023",2023,"Trent","","","","94","91","91","138","138","187","187","241","269","103","103","135","145","93","93","143","143","189","195","238","238","87","87","160","160","108","113","180","180","225","231","143","143","156","156","90","100","127","140","194","194","246","250","173","175","148","152","144","144","83","83","120","120","179","183","142","148","262","262","140","140","127","129","151","157","91","92","","","180","180","108","110","","","85","89","161","165","87","87","116","118","167","167","228","228","114","118","98","102","97","99","179","181","205","211","156","156","",""
"2024","WAB","Wood Bison","Fecal","24Wab_0010","2023",2023,"Trent","","","","100","91","91","138","138","187","187","241","269","103","103","135","145","93","93","143","143","189","195","238","238","87","87","160","160","108","113","180","180","225","231","143","143","156","156","90","100","127","140","194","194","246","250","173","175","148","152","144","144","83","83","120","120","179","183","142","148","262","262","140","140","127","129","151","157","91","92","146","146","180","180","108","110","168","170","85","89","161","165","87","87","116","118","167","167","228","228","114","118","98","102","97","99","179","181","205","211","156","156","145","149"
"2025","WAB","Wood Bison","Fecal","Wab24_010","2024",2024,"Trent","","","","100","91","91","138","138","187","187","241","269","103","103","135","145","93","93","143","143","189","195","238","238","87","87","160","160","108","113","180","180","225","231","143","143","156","156","90","100","127","140","194","194","246","250","173","175","148","152","144","144","83","83","120","120","179","183","142","148","262","262","140","140","127","129","151","157","91","92","146","146","180","180","108","110","168","170","85","89","161","165","87","87","116","118","167","167","228","228","114","118","98","102","97","99","179","181","205","211","156","156","145","149"
"2024","WAB","Wood Bison","Fecal","24Wab_0012","2023",2023,"Trent","","","","94","91","91","138","138","187","187","241","269","103","103","135","145","93","93","143","143","189","195","238","238","87","87","160","160","108","113","180","180","225","231","143","143","156","156","90","100","127","140","194","194","246","250","173","175","148","152","","","83","83","120","120","179","183","142","148","262","262","140","140","127","129","151","157","91","92","146","146","180","180","108","110","168","170","85","89","161","165","87","87","","","167","167","228","228","114","118","98","102","97","99","179","181","211","211","156","156","",""
"2025","WAB","Wood Bison","Fecal","Wab24_01","2024",2024,"Trent","","","","94","91","93","138","138","187","187","253","253","103","103","135","135","","","129","143","191","195","238","254","87","87","143","161","108","115","","","225","233","143","145","154","158","90","100","127","138","194","194","250","254","175","175","150","152","144","144","81","83","122","124","179","179","142","148","260","262","140","150","127","127","151","153","91","95","146","146","180","184","106","110","170","170","85","85","161","169","87","91","116","118","167","167","236","236","114","118","96","102","95","103","179","191","201","201","162","166","",""
"2025","WAB","Wood Bison","Fecal","Wab24_03","2024",2024,"Trent","","","","96","91","93","138","138","187","187","253","253","103","103","135","135","","","129","143","191","195","238","254","87","87","143","161","108","115","","","225","233","143","145","154","158","90","100","127","138","194","194","250","254","175","175","150","152","144","144","81","83","122","124","179","179","142","148","260","262","140","150","127","127","151","153","91","95","146","146","180","184","106","110","170","170","85","85","161","169","87","91","116","118","167","167","236","236","114","118","96","102","95","103","179","191","201","201","162","166","145","147"
"2024","WAB","Wood Bison","Fecal","24Wab_001","2023",2023,"Trent","","","","87","91","91","136","138","181","187","253","253","103","103","135","145","91","93","143","143","189","191","232","254","87","87","160","160","113","113","","","231","231","143","145","154","156","90","90","127","127","194","194","250","252","167","177","","","","","81","83","120","120","165","183","142","148","262","262","140","140","127","127","","","91","95","150","150","180","184","90","90","170","170","85","91","161","169","87","87","116","118","161","167","228","228","134","134","98","102","99","103","","","205","211","","","",""
"2025","WAB","Wood Bison","Fecal","Wab24_06","2024",2024,"Trent","","","","98","91","91","136","138","181","187","253","253","103","103","135","145","93","93","143","143","189","191","232","254","87","87","160","160","113","113","172","174","227","231","143","145","154","156","90","90","127","127","194","194","250","252","167","177","152","166","154","154","81","83","120","120","165","183","142","148","262","262","140","140","127","127","155","155","91","95","150","150","180","184","90","90","170","170","85","91","161","169","87","87","","","161","167","228","228","134","134","98","102","99","103","181","191","205","211","156","168","145","149"
"2025","WAB","Wood Bison","Fecal","Wab24_05","2024",2024,"Trent","","","","98","91","93","138","138","187","187","253","253","103","103","135","145","93","93","129","143","191","191","232","254","87","87","143","160","108","113","172","172","227","233","143","145","154","158","90","100","127","138","194","194","250","252","175","177","152","152","144","144","81","83","122","124","165","179","148","148","262","262","140","140","127","127","151","155","91","91","146","150","180","184","106","110","170","170","85","89","161","173","85","91","","","167","167","236","236","114","114","102","102","95","99","181","191","201","211","166","168","145","145"
"2025","WAB","Wood Bison","Fecal","Wab24_011","2024",2024,"Trent","","","","95","91","93","138","138","187","187","253","253","103","103","135","145","93","93","129","143","191","191","232","254","87","87","143","160","108","113",NA,NA,"227","233","143","145","154","158","90","100","127","138","194","194","250","252","175","177","152","152","144","144","81","83","122","124","165","179","148","148","260","262","140","140","127","127","151","151","91","91","146","150","180","184","106","110","170","170","85","89","161","173","85","91","","","167","167","236","236","114","114","102","102","95","99","181","191","201","211","166","168","",""
"2023","WBNPHC","Wood Bison","Biopsy","BSN82","2021",2021,"Trent","","","","100","89","91","134","136","181","187","241","253","103","103","141","145","85","103","129","129","189","191","232","238","87","87","160","160","108","115","172","182","229","229","143","143","156","158","90","90","127","142","194","194","252","252","167","173","152","152","156","156","83","85","124","132","165","183","142","148","262","262","146","150","129","129","157","159","91","92","146","150","184","192","108","112","170","176","89","89","161","161","85","89","108","118","161","167","228","238","130","132","96","98","101","101","181","181","201","211","164","168","149","151"
"2023","WBNPGR","Wood Bison","Hair","40","2021",2021,"Trent","","","","100","89","89","138","138","187","191","247","253","103","103","145","147","97","97","129","129","191","191","232","238","87","87","149","162","115","115","172","174","225","229","143","143","156","158","90","90","127","140","188","190","252","252","173","175","146","152","154","154","83","83","124","124","183","183","142","142","256","262","150","150","129","129","155","159","91","92","146","150","180","180","108","112","166","170","85","91","165","173","81","89","116","118","161","167","238","238","130","134","98","104","99","103","181","183","205","215","142","162","145","153"
"2023","WBNPGR","Wood Bison","blood","40","2021",2021,"Trent","","","","100","89","89","138","138","187","191","247","253","103","103","145","147","97","97","129","129","191","191","232","238","87","87","149","162","115","115","172","174","225","229","143","143","156","158","90","90","127","140","188","190","252","252","173","175","146","152","154","154","83","83","124","124","183","183","142","142","256","262","150","150","129","129","155","159","91","92","146","150","180","180","108","112","166","170","85","91","165","173","81","89","116","118","161","167","238","238","130","134","98","104","99","103","181","183","205","215","142","162","145","153"
"2023","WBNPPAD","Wood Bison","blood","209","2021",2021,"Trent","","","","100","89","89","136","136","179","187","241","269","103","103","135","141","93","103","129","129","189","191","238","252","89","89","160","160","115","115","174","178","229","231","143","143","158","160","90","100","127","140","190","194","252","252","173","173","152","158","154","154","77","81","124","124","165","175","148","150","256","262","150","150","125","125","155","159","91","91","150","150","180","192","106","106","170","174","81","89","161","169","89","89","118","118","167","167","228","238","128","130","98","104","101","101","181","181","211","211","142","142","147","149"
"2023","WBNPPAD","Wood Bison","blood","217","2021",2021,"Trent","","","","98","89","89","136","140","179","187","253","269","101","103","141","145","89","93","149","149","189","189","238","238","87","89","154","161","108","115","172","176","229","229","143","143","158","158","90","102","138","140","190","194","","","175","177","152","162","144","154","77","81","132","132","179","183","142","150","260","262","146","148","125","129","159","159","91","94","150","154","192","192","106","110","174","176","83","89","161","161","85","91","108","118","167","167","228","238","128","134","102","102","101","103","179","181","205","211","142","158","145","149"
"2023","WBNPPAD","Wood Bison","Hair","88217","2021",2021,"Trent","","","","100","89","89","136","140","179","187","253","269","103","103","141","145","89","93","149","149","189","189","238","238","87","89","154","161","108","115","172","176","229","229","143","143","158","158","90","102","138","140","190","194","252","252","175","177","152","162","144","154","81","81","132","132","179","183","142","150","260","262","146","148","125","129","159","159","91","94","150","154","192","192","106","110","174","176","83","89","161","161","85","91","108","118","167","167","228","238","128","134","102","102","101","103","179","181","205","211","142","158","145","149"
"2023","WBNPNY","Wood Bison","Biopsy","BSN80","2021",2021,"Trent","","","","100","89","91","136","138","179","179","241","253","103","103","141","145","103","103","129","149","189","189","238","238","87","87","162","162","115","115","182","182","227","229","143","143","152","156","102","102","127","146","194","194","252","252","167","173","146","146","144","154","77","81","124","132","179","183","142","150","260","260","146","150","123","129","157","157","91","91","150","150","192","192","110","110","174","174","89","89","173","173","87","89","114","116","167","167","238","240","118","118","92","102","95","95","181","191","201","207","142","158","145","153"
"2023","WBNPNY","Wood Bison","Biopsy","BSN92","2021",2021,"Trent","","","","100","89","91","136","138","179","179","241","253","103","103","141","145","103","103","129","149","189","189","238","238","87","87","162","162","115","115","182","182","227","229","143","143","152","156","102","102","127","146","194","194","252","252","167","173","146","146","144","154","77","81","124","132","179","183","142","150","260","260","150","150","123","129","157","157","91","91","150","150","192","192","110","110","174","174","89","89","173","173","87","89","114","116","167","167","238","240","118","118","92","102","95","95","181","191","201","207","142","158","145","153"
"2024/M.Grant Thesis","WBNPHC","Wood Bison","Fecal","WBNP-962-Fe","11/8/2022",2022,"Trent","","","","91","89","91","136","138","179","179","241","253","103","103","141","145","","","","","","","238","238","87","87","162","162","115","115","182","182","227","227","143","143","152","156","102","102","127","146","194","194","252","252","173","173","146","146","","","77","81","124","132","183","183","142","150","260","260","150","150","123","129","157","157","91","91","150","150","192","192","110","110","174","174","89","89","173","173","87","89","","","167","167","240","240","118","118","92","102","95","95","181","191","207","207","142","158","153","153"
"2023","WBNPPAD","Wood Bison","Hair","88210","2021",2021,"Trent","","","","100","89","91","134","136","181","187","253","269","103","103","135","145","97","103","129","141","189","191","232","254","89","89","154","170","113","115","172","174","229","231","143","143","158","158","90","90","127","140","194","194","250","252","175","177","152","158","154","154","81","81","132","132","179","183","142","142","256","262","148","150","127","129","151","155","91","91","150","150","180","198","108","108","168","170","89","89","168","173","81","89","108","116","161","161","238","238","130","130","104","104","103","103","191","191","205","211","158","166","149","149"
"2023","WBNPPAD","Wood Bison","Hair","88215","2021",2021,"Trent","","","","100","89","89","134","138","181","187","253","269","103","105","141","145","85","97","131","143","191","191","238","238","87","89","158","160","113","115","172","172","225","231","143","143","158","158","88","90","127","140","188","194","252","252","173","175","152","158","144","154","77","81","122","124","165","183","142","150","260","260","140","150","125","125","153","155","91","92","146","150","180","196","108","112","170","174","89","89","165","169","87","89","108","114","167","167","228","240","128","130","102","104","95","101","181","181","207","211","158","168","145","149"
"2023","WBNPLB","Wood Bison","Biopsy","BSN73","2021",2021,"Trent","","","","100","89","89","136","138","179","181","241","269","103","103","141","145","93","97","129","129","191","191","238","252","87","91","160","162","113","115","172","174","227","231","143","145","156","158","90","90","127","127","188","190","246","252","173","177","152","166","144","160","83","83","124","124","183","183","138","148","262","262","146","146","125","129","155","159","91","91","146","154","180","196","106","112","170","172","85","89","161","165","85","89","116","116","161","167","228","238","128","130","98","104","95","101","181","181","205","211","142","144","145","151"
"2023","WBNPLB","Wood Bison","Biopsy","BSN74","2021",2021,"Trent","","","","100","89","89","136","138","179","181","241","269","103","103","141","145","93","97","129","129","191","191","238","252","87","91","160","162","113","115","172","174","227","231","143","145","156","158","90","90","127","127","188","190","246","252","173","177","152","166","144","160","83","83","124","124","183","183","138","148","262","262","146","146","125","129","155","159","91","91","146","154","180","196","106","112","170","172","85","89","161","165","85","89","116","116","161","167","228","238","128","130","98","104","95","101","181","181","205","211","142","144","145","151"
"2023","WBNPLB","Wood Bison","Biopsy","BSN79","2021",2021,"Trent","","","","100","89","89","136","138","179","181","241","269","103","103","141","145","93","97","129","129","191","191","238","252","87","91","160","162","113","115","172","174","227","231","143","145","156","158","90","90","127","127","188","190","246","252","173","177","152","166","144","160","83","83","124","124","183","183","138","148","262","262","146","146","125","129","155","159","91","91","146","154","180","196","106","112","170","172","85","89","161","165","85","89","116","116","161","167","228","238","128","130","98","104","95","101","181","181","205","211","142","144","145","151"
"2023","WBNPLB","Wood Bison","Biopsy","BSN75","2021",2021,"Trent","","","","100","89","91","138","142","175","187","247","269","103","103","141","145","83","93","129","149","189","195","232","232","87","87","158","160","115","115","172","174","229","229","143","143","158","158","90","90","127","140","194","200","252","252","173","175","152","152","144","154","83","83","124","124","165","175","142","142","260","260","150","150","129","129","155","157","92","92","146","150","192","192","108","112","166","174","83","89","165","173","89","89","116","118","167","167","228","238","128","132","102","104","101","103","177","181","205","207","166","166","149","153"
"2023","WBNPLB","Wood Bison","Biopsy","BSN78","2021",2021,"Trent","","","","100","89","91","138","142","175","187","247","269","103","103","141","145","83","93","129","149","189","195","232","232","87","87","158","160","115","115","172","174","229","229","143","143","158","158","90","90","127","140","194","200","252","252","173","175","152","152","144","154","83","83","124","124","165","175","142","142","260","260","150","150","129","129","155","157","92","92","146","150","192","192","108","112","166","174","83","89","165","173","89","89","116","118","167","167","228","238","128","132","102","104","101","103","177","181","205","207","166","166","149","153"
"2023","WBNPPAD","Wood Bison","Hair","88212","2021",2021,"Trent","","","","100","89","89","134","136","181","191","253","253","103","104","145","147","91","97","129","129","189","195","238","238","87","87","158","158","113","113","174","176","229","229","145","145","158","158","102","102","142","146","194","200","252","252","167","175","152","164","154","154","83","83","124","132","165","165","148","148","256","260","140","140","123","129","151","155","91","92","146","150","180","192","108","110","170","174","89","89","161","173","89","89","116","116","167","167","228","228","130","130","96","102","99","103","181","181","201","205","142","144","143","149"
"2024/M.Grant Thesis","WBNPHC","Wood Bison","Fecal","WBNP-973-Fe","12/20/2022",2022,"Trent","","","","95","89","91","134","140","179","181","253","253","103","103","145","145","93","103","129","129","189","195","238","238","87","87","158","162","113","115","172","174","229","229","143","143","158","158","90","90","127","127","188","190","252","254","173","173","152","152","144","144","81","83","124","132","165","183","142","142","260","262","150","152","123","129","155","159","91","91","150","150","180","184","106","108","172","172","89","89","165","175","89","89","116","116","161","167","228","240","128","128","98","104","99","103","181","193","205","207","162","166","149","153"
"2024/M.Grant Thesis","WBNPHC","Wood Bison","Fecal","WBNP-979-Fe","2/15/2023",2023,"Trent","","","","98","89","91","134","140","179","181","253","253","103","103","145","145","93","103","129","129","189","195","238","238","87","87","158","162","113","115","172","174","229","229","143","143","158","158","90","90","127","127","188","190","252","254","173","173","152","152","144","144","81","83","124","132","165","183","142","142","260","262","150","152","123","129","155","159","91","91","150","150","180","184","106","108","172","172","89","89","165","175","89","89","116","116","161","167","228","240","128","128","98","104","99","103","181","193","205","207","162","166","149","153"
"2024/M.Grant Thesis","WBNPHC","Wood Bison","Fecal","WBNP-978-Fe","2/15/2023",2023,"Trent","","","","98","89","91","134","142","181","187","253","253","103","103","135","141","93","103","129","129","189","195","238","238","87","87","158","160","113","113","172","174","227","227","143","143","156","156","90","90","127","150","188","194","244","252","173","173","146","152","154","160","81","85","124","124","165","183","138","138","260","260","140","150","127","129","155","157","91","92","150","150","184","192","106","112","172","172","83","83","161","161","85","85","116","116","165","167","228","240","118","130","104","104","95","103","191","191","205","205","142","166","149","151"
"2024","WBNPNY","Wood Bison","Fecal","WBNP-980-Fe","2/15/2023",2023,"Trent","","","","98","89","91","134","142","181","187","253","253","103","103","135","141","93","103","129","129","189","195","238","238","87","87","158","160","113","113","172","174","227","227","143","143","156","156","90","90","127","150","188","194","244","252","173","173","146","152","154","160","81","85","124","124","165","183","138","138","260","260","140","150","127","129","155","157","","","150","150","184","192","106","112","172","172","83","83","161","161","85","85","116","116","165","167","228","240","118","130","104","104","95","103","191","191","205","205","142","166","149","151"
"2024/M.Grant Thesis","WBNPHC","Wood Bison","Fecal","WBNP-153-Fe","10/21/2022",2022,"Trent","","","","98","89","89","134","136","181","187","241","271","103","103","135","141","93","97","129","143","189","191","248","252","87","91","154","160","113","115","174","176","227","231","143","143","154","160","88","90","142","148","188","194","252","252","159","167","152","152","154","156","81","81","124","132","165","179","142","142","256","256","140","150","127","129","157","159","92","92","146","148","180","192","108","112","172","178","85","89","155","173","81","91","116","116","167","167","228","240","130","130","96","98","101","103","181","191","205","207","142","168","145","149"
"2024/M.Grant Thesis","WBNPHC","Wood Bison","Fecal","WBNP-166-Fe","10/19/2022",2022,"Trent","","","","97","89","89","134","136","181","187","241","271","103","103","135","141","93","97","129","143","189","191","248","252","","","160","160","113","115","174","176","227","231","143","143","154","160","88","90","142","148","188","194","252","252","159","167","150","152","154","156","81","81","124","132","165","179","142","142","256","256","140","150","127","129","157","159","92","92","146","148","180","192","108","112","172","178","85","89","155","173","81","91","116","116","167","167","228","240","130","130","96","98","101","103","181","191","205","207","142","168","145","145"
"2023","WBNPHC","Wood Bison","Ear Tissue","BSN-60","2020",2020,"Trent","","","","100","89","89","134","136","181","187","253","269","103","104","141","141","93","103","129","129","189","191","238","252","87","87","158","160","108","109","172","176","225","229","143","143","158","158","90","90","127","127","194","200","244","252","163","177","142","152","154","156","83","83","124","132","165","179","142","142","260","262","150","150","123","125","155","157","92","92","146","150","180","184","106","108","168","172","83","89","165","173","87","91","116","118","167","167","238","240","128","130","98","104","95","103","181","191","205","205","142","168","145","149"
"2024","WBNPHC","Wood Bison","Tissue - Ear","BSN-68","2020",2020,"Trent","","","","100","89","89","134","136","181","187","253","269","103","103","141","141","93","103","129","129","189","191","238","252","87","87","158","160","108","109","172","176","225","229","143","143","158","158","90","90","127","127","194","200","244","252","163","177","142","152","154","156","83","83","124","132","165","179","142","142","260","262","150","150","123","125","155","157","92","92","146","150","180","184","106","108","168","172","83","89","165","173","87","91","116","118","167","167","238","240","128","130","98","104","95","103","181","191","205","205","142","168","145","149"
"2025","WBNPLB","Wood Bison","Hair","25WBNP_20BF2",NA,2025,"Trent","","","","100","89","91","136","138","175","179","253","269","103","103","145","145","103","103","129","143","189","191","238","238","87","89","161","162","113","115","172","172","225","229","143","143","156","156","90","102","127","146","194","200","252","252","173","173","146","152","154","160","81","83","124","132","179","181","142","150","262","262","140","150","123","129","157","157","94","95","146","150","180","192","106","112","172","172","89","89","167","173","89","91","116","116","167","167","228","238","130","130","98","102","101","101","181","181","201","211","142","166","149","151"
"2025","WBNPLB","Wood Bison","Hair","25WBNP_20BF3",NA,2025,"Trent","","","","100","89","91","136","138","175","179","253","269","103","103","145","145","103","103","129","143","189","191","238","238","87","89","161","162","113","115","172","172","225","229","143","143","156","156","90","102","127","146","194","200","252","252","173","173","146","152","154","160","81","83","124","132","179","181","142","150","262","262","140","150","123","129","157","157","94","95","146","150","180","192","106","112","172","172","89","89","167","173","89","91","116","116","167","167","228","238","130","130","98","102","101","101","181","181","201","211","142","166","149","151"
"M.Grant Thesis","WBNPHC","Wood Bison","Fecal","WBNP_Oct24_009","30-Oct-24",2024,"Trent","","","","73","","","134","136","179","187","247","253","","","","","","","","","","","232","238","","","","","","","","","","","","","","","","","","","","","","","","","","","","","","","","","","","148","148","","","","","","","","","","","","","","","112","112","","","89","89","","","89","91","","","","","228","240","","","","","","","181","181","","","","","",""
"M.Grant Thesis","WBNPHC","Wood Bison","Fecal","WBNP_Oct24_024","30-Oct-24",2024,"Trent","","","","92","","","136","140","179","187","247","253","","","","","","","","","","","232","238","","","160","160","","","","","","","","","","","","","","","","","","","","","","","","","81","83","","","","","138","148","","","","","","","","","","","","","","","108","108","","","89","89","161","161","89","89","","","","","","","","","","","","","181","181","","","","","",""
"M.Grant Thesis","WBNPHC","Wood Bison","Fecal","WBNP_Oct24_017","30-Oct-24",2024,"Trent","","","","88","","","136","138","181","185","241","269","","","","","","","","","","","232","238","","","158","160","","","","","","","","","","","","","","","","","","","","","","","","","","","","","","","142","142","","","","","","","","","","","","","","","112","112","","","89","89","161","161","91","91","","","","","","","","","","","","","181","191","","","","","",""
"M.Grant Thesis","WBNPHC","Wood Bison","Fecal","WBNP_Oct24_064","30-Oct-24",2024,"Trent","","","","96","","","136","136","179","179","253","269","","","","","","","","","","","238","238","","","154","158","","","","","","","","","","","","","","","","","","","","","","","","","77","83","","","","","142","150","","","","","","","","","","","","","","","106","110","","","85","89","161","169","89","89","","","","","240","240","","","","","","","181","181","","","","","",""
"M.Grant Thesis","WBNPHC","Wood Bison","Fecal","WBNP_Oct24_046","30-Oct-24",2024,"Trent","","","","85","","","134","140","185","191","","","","","","","","","","","","","238","248","","","147","170","","","","","","","","","","","","","","","","","","","","","","","","","83","83","","","","","142","142","","","","","","","","","","","","","","","110","112","","","85","89","161","169","81","87","","","","","","","","","","","","","183","191","","","","","",""
"M.Grant Thesis","WBNPHC","Wood Bison","Fecal","WBNP_Oct24_068","30-Oct-24",2024,"Trent","","","","69","","","138","138","179","185","","","","","","","","","","","","","238","238","","","","","","","","","","","","","","","","","","","","","","","","","","","","","83","83","","","","","142","142","","","","","","","","","","","","","","","112","112","","","89","89","165","165","89","91","","","","","","","","","","","","","181","181","","","","","",""
"M.Grant Thesis","WBNPHC","Wood Bison","Fecal","WBNP_Oct24_069","30-Oct-24",2024,"Trent","","","","96","","","138","138","179","185","241","253","","","","","","","","","","","238","238","","","162","162","","","","","","","","","","","","","","","","","","","","","","","","","83","83","","","","","142","142","","","","","","","","","","","","","","","112","112","","","89","89","165","173","89","91","","","","","228","238","","","","","","","181","181","","","","","",""
"M.Grant Thesis","WBNPHC","Wood Bison","Fecal","WBNP_Oct24_067","30-Oct-24",2024,"Trent","","","","81","","","","","181","187","","","","","","","","","","","","","238","238","","","158","160","","","","","","","","","","","","","","","","","","","","","","","","","","","","","","","142","148","","","","","","","","","","","","","","","108","108","","","85","95","165","173","85","89","","","","","","","","","","","","","181","191","","","","","",""
"M.Grant Thesis","WBNPHC","Wood Bison","Fecal","WBNP_Oct24_093","30-Oct-24",2024,"Trent","","","","92","","","136","138","181","187","253","269","","","","","","","","","","","238","238","","","149","160","","","","","","","","","","","","","","","","","","","","","","","","","81","83","","","","","142","142","","","","","","","","","","","","","","","106","106","","","83","91","161","165","89","89","","","","","238","238","","","","","","","181","181","","","","","",""
"M.Grant Thesis","WBNPHC","Wood Bison","Fecal","WBNP_Oct24_096","30-Oct-24",2024,"Trent","","","","96","","","136","138","181","187","253","269","","","","","","","","","","","238","238","","","149","160","","","","","","","","","","","","","","","","","","","","","","","","","81","83","","","","","142","142","","","","","","","","","","","","","","","106","106","","","83","91","161","165","89","89","","","","","238","238","","","","","","","181","181","","","","","",""
"M.Grant Thesis","WBNPHC","Wood Bison","Fecal","WBNP_Oct24_087","30-Oct-24",2024,"Trent","","","","88","","","136","138","185","187","241","241","","","","","","","","","","","232","238","","","162","162","","","","","","","","","","","","","","","","","","","","","","","","","77","83","","","","","138","142","","","","","","","","","","","","","","","110","112","","","","","161","161","91","91","","","","","236","238","","","","","","","181","181","","","","","",""
"M.Grant Thesis","WBNPHC","Wood Bison","Fecal","WBNP-736-Fe","3/17/2023",2023,"Trent","","","","96","","","134","138","179","187","247","271","","","","","","","","","","","238","238","","","160","162","","","","","","","","","","","","","","","","","","","","","","","","","81","81","","","","","142","150","","","","","","","","","","","","","","","106","106","","","85","89","173","173","89","91","","","","","228","238","","","","","","","191","191","","","","","",""
"2024/M.Grant Thesis","WBNPHC","Wood Bison","Fecal","WBNP-983-Fe","2/16/2023",2023,"Trent","","","","98","89","91","134","138","179","187","247","271","103","103","135","141","93","103","129","143","195","195","238","238","87","87","160","162","115","115","174","176","225","229","143","143","158","160","88","90","146","148","188","194","252","252","173","177","146","166","156","158","81","81","124","132","165","175","142","150","260","262","146","150","129","129","155","157","91","95","150","152","180","180","90","106","168","172","85","89","173","173","89","91","","","167","167","228","238","130","134","98","104","101","103","191","191","211","211","142","142","149","149"
"2023","RL","Wood Bison","DNA","ronald lake fetus",NA,2015,"Trent","","","","100","89","89","136","138","187","191","247","253","103","103","135","141","83","93","129","129","189","191","238","254","87","91","160","160","113","115","174","174","231","231","133","143","156","156","90","90","127","148","194","202","246","246","163","167","146","156","144","160","83","83","124","132","183","183","142","142","256","262","146","150","123","125","151","155","92","95","146","150","180","180","96","112","170","170","89","89","161","173","87","91","108","116","167","167","236","236","130","132","102","104","103","103","181","181","205","215","158","158","145","149"
"2023","HZ","Wood Bison","DNA","chinchaga 1",NA,2015,"Trent","","","","100","89","91","136","138","187","187","241","253","103","103","135","141","97","103","141","149","195","195","232","252","87","89","147","158","113","115","172","172","227","233","143","143","156","158","90","90","140","146","190","194","252","252","173","177","152","152","144","152","83","83","124","132","175","175","142","142","260","262","148","150","123","125","155","155","91","91","150","150","180","180","112","112","166","176","83","89","161","169","89","89","116","116","167","167","228","228","114","132","92","102","101","103","181","191","207","211","144","166","145","147"
"2023","HZ","Wood Bison","DNA","chinchaga 2",NA,2015,"Trent","","","","100","89","89","134","138","187","187","253","253","103","103","141","141","93","103","129","143","195","195","238","252","87","87","147","147","108","115","174","174","227","227","143","143","158","158","90","90","140","146","188","194","252","252","177","177","152","152","144","154","81","81","124","124","165","175","142","148","260","260","140","148","125","129","155","155","91","91","150","150","180","180","112","112","170","176","89","89","161","165","89","89","116","118","167","167","228","238","132","132","102","102","95","99","177","181","211","215","142","166","147","153"
"2024","CL","Wood Bison","Fecal","MAN-391-Fe","2/24/2023",2023,"Trent","","","","100","91","91","134","136","181","187","253","269","103","103","141","141","93","93","141","149","191","191","238","238","87","87","158","162","113","113","172","174","225","229","143","143","158","160","90","90","127","127","190","194","252","252","173","175","152","152","160","160","77","83","124","132","183","183","142","142","262","262","140","146","125","129","155","155","91","92","150","150","180","184","112","112","166","166","85","89","161","165","89","89","116","118","167","167","228","238","130","130","102","104","101","101","181","181","205","205","142","142","149","153"
"2024","CL","Wood Bison","Fecal","MAN-399-Fe","2/23/2023",2023,"Trent","","","","98","89","91","134","140","187","187","253","269","103","103","141","147","103","103","129","143","191","195","238","252","87","89","158","162","108","115","174","176","227","231","143","145","","","90","90","127","142","190","190","252","252","167","173","152","152","154","154","83","83","132","132","183","183","142","142","260","260","146","150","129","129","155","155","92","92","150","150","180","198","110","110","166","172","85","89","161","173","87","91","116","116","161","167","228","238","130","134","102","102","101","103","181","181","205","211","144","166","153","153"
"2024","CL","Wood Bison","Fecal","MAN-400-Fe","2/24/2023",2023,"Trent","","","","100","89","89","136","136","181","187","253","253","103","103","135","141","103","103","129","141","189","191","238","252","89","89","147","158","115","115","174","174","227","229","143","143","154","156","90","90","142","146","190","194","252","252","173","177","152","152","154","154","81","83","132","132","183","183","142","142","262","262","150","150","125","129","155","155","91","95","148","150","196","196","110","112","166","172","89","89","161","173","89","89","116","118","167","167","228","238","130","130","98","102","95","101","181","191","205","205","142","168","149","153"
"2024","CL","Wood Bison","Fecal","MAN-402-Fe","2/23/2023",2023,"Trent","","","","100","89","89","134","136","187","187","269","269","103","103","141","141","103","103","129","129","191","191","232","238","87","89","158","162","115","115","174","174","225","227","143","143","156","156","90","102","138","142","190","190","252","252","167","177","152","152","154","154","83","83","124","132","183","183","142","148","260","260","146","150","129","129","155","155","92","92","150","150","180","198","110","110","166","166","89","89","169","173","87","91","116","118","161","167","228","228","130","130","102","104","95","101","181","181","205","205","142","166","149","153"
"2024","CL","Wood Bison","Fecal","MAN-403-Fe","2/23/2023",2023,"Trent","","","","100","89","89","136","138","181","187","253","253","103","103","135","141","93","103","129","149","191","191","238","238","87","89","160","162","115","115","174","174","225","229","143","143","158","160","90","102","142","142","190","194","252","252","167","173","152","152","154","160","77","83","124","132","175","183","138","138","260","260","146","150","129","129","155","155","91","92","150","150","184","184","110","110","172","172","83","89","161","169","87","91","116","118","167","167","228","228","130","130","102","102","101","101","181","181","205","205","142","166","145","145"
"2024","CL","Wood Bison","Fecal","MAN-404-Fe","2/23/2023",2023,"Trent","","","","100","89","91","136","138","187","187","253","269","103","103","145","145","103","103","129","129","191","195","238","238","87","87","162","162","108","115","172","174","225","227","143","143","158","160","90","90","142","146","190","194","252","252","173","173","152","152","154","160","77","83","124","132","175","183","138","138","260","260","150","150","129","129","155","155","92","95","150","150","180","196","110","110","166","166","83","89","169","173","87","91","116","118","167","167","228","238","130","130","102","102","101","103","181","181","205","205","144","168","149","153"
"2024","CL","Wood Bison","Fecal","MAN-409-Fe","2/23/2023",2023,"Trent","","","","96","89","89","138","138","187","187","241","253","103","103","135","145","93","103","129","129","189","195","238","254","87","87","158","160","108","115","174","176","225","227","143","143","158","158","90","90","138","146","194","194","","","167","177","152","152","154","160","83","83","132","132","175","183","142","142","","","146","150","125","129","155","155","91","92","150","150","180","196","108","112","176","176","89","89","161","169","89","91","116","118","167","167","228","238","114","130","98","104","101","103","181","181","205","211","166","166","145","153"
"2024","CL","Wood Bison","Fecal","MAN-411-Fe","2/23/2023",2023,"Trent","","","","100","89","91","134","136","179","187","253","269","103","103","141","141","93","103","129","129","191","195","232","238","87","89","158","160","115","115","172","176","225","229","143","143","158","160","90","90","127","142","188","190","252","252","167","167","152","152","144","144","81","83","124","132","183","183","138","142","260","260","146","150","123","125","155","155","91","92","146","150","184","196","110","110","166","172","85","89","161","169","85","89","116","118","167","167","228","228","114","130","98","104","101","103","181","181","205","211","142","168","153","153"
"2024","CL","Wood Bison","Fecal","MAN-412-Fe","2/23/2023",2023,"Trent","","","","100","91","93","138","138","187","187","269","269","103","103","141","141","93","103","129","149","189","191","238","238","87","89","158","158","115","115","172","172","229","233","143","143","158","158","90","102","140","146","194","194","252","252","167","173","152","152","154","154","83","83","124","124","183","183","142","142","260","262","146","150","129","129","155","155","92","92","148","150","180","184","110","112","166","176","89","95","161","161","87","89","116","118","167","167","228","238","130","130","102","104","101","101","181","181","205","205","142","144","145","153"
"2024","CL","Wood Bison","Fecal","MAN-413-Fe","2/23/2023",2023,"Trent","","","","96","89","89","138","138","181","187","253","269","103","103","141","147","","","129","129","191","195","238","238","89","89","158","162","113","115","172","176","225","227","143","143","156","160","90","90","142","142","190","194","252","252","175","177","152","152","154","154","77","83","124","132","175","183","138","142","260","260","146","146","129","129","155","155","92","95","150","150","180","194","110","110","166","172","85","89","161","173","89","89","","","167","167","228","228","130","130","102","104","101","103","181","181","201","205","166","166","149","153"
"2024","CL","Wood Bison","Fecal","MAN-414-Fe","2/23/2023",2023,"Trent","","","","100","89","93","136","136","187","187","269","269","103","103","141","145","93","103","141","149","189","191","238","238","87","89","158","162","115","115","174","176","225","229","143","143","156","160","90","102","146","146","190","194","252","252","173","173","152","152","154","154","81","83","124","132","183","183","138","142","260","262","140","150","125","129","155","155","92","92","150","150","184","196","110","110","166","172","85","89","161","161","89","89","116","116","167","167","228","228","130","130","92","96","101","103","181","181","205","211","168","168","145","153"
"2024","CL","Wood Bison","Fecal","MAN-416-Fe","2/23/2023",2023,"Trent","","","","100","89","91","136","136","181","187","253","269","103","103","141","147","91","97","129","129","189","195","238","238","87","89","160","160","115","115","174","174","229","233","143","143","154","158","90","90","127","142","190","194","252","252","167","173","152","152","154","154","81","83","126","132","183","183","138","142","260","260","146","150","125","129","155","155","91","92","148","150","184","196","110","110","172","172","83","89","161","161","87","91","116","116","167","167","228","228","114","134","102","102","95","99","181","181","205","211","142","168","149","153"
"2024","CL","Wood Bison","Fecal","MAN-420-Fe","2/23/2023",2023,"Trent","","","","98","89","91","134","136","179","187","241","253","103","103","135","141","103","103","129","129","191","191","238","238","89","89","160","160","115","115","172","176","225","229","143","143","156","160","90","102","142","146","190","190","244","252","167","173","152","152","154","160","83","83","124","124","183","183","138","142","260","260","140","150","125","129","155","155","92","95","150","150","194","194","90","90","172","172","85","89","161","161","89","89","116","118","161","167","228","228","130","130","98","102","101","103","181","181","205","207","142","168","149","149"
"M. Grant Thesis","EINPP","Plains Bison","Fecal","EINP_P01","10/22/2023",2023,"Trent","","","","78","89","91","138","138","181","185","241","241","104","104","135","147","89","97","129","143","191","191","232","232","","","","","","","","","","","","","","","","","","","","","","","","","","","","","","","","","","","","","","","","","","","","","","","","","","","","","","","","","","","","","","","","","","","130","134","","","99","99","","","","","","","",""
"M. Grant Thesis","EINPP","Plains Bison","Fecal","EINP_P05","10/22/2023",2023,"Trent","","","","72","91","93","","","","","241","241","103","103","135","135","89","89","","","189","191","238","238","","","","","","","","","","","","","","","","","","","","","","","","","","","","","","","","","","","","","","","","","","","","","","","","","","","","","","","","","","","85","89","","","","","","","130","130","92","98","99","99","","","","","","","",""
"M. Grant Thesis","EINPP","Plains Bison","Fecal","EINP_P09","10/22/2023",2023,"Trent","","","","94","91","91","136","140","175","181","241","253","103","107","135","135","91","91","143","143","191","195","238","254","","","","","","","","","","","","","","","","","","","","","","","","","","","","","","","","","","","","","","","","","","","","","","","","","","","","","","","","","","","85","87","","","","","240","240","130","130","92","96","95","95","","","","","","","",""
"M. Grant Thesis","EINPP","Plains Bison","Fecal","EINP_P10","10/22/2023",2023,"Trent","","","","78","89","91","","","187","187","241","241","103","107","135","135","","","149","149","191","195","","","","","","","","","","","","","","","","","","","","","","","","","","","","","","","","","","","","","","","","","","","","","","","","","","","","","","","","","","","","","87","87","","","161","167","228","236","130","130","92","98","97","101","","","","","","","",""
"M. Grant Thesis","EINPP","Plains Bison","Fecal","EINP_P12","10/22/2023",2023,"Trent","","","","94","91","91","136","142","179","181","241","247","103","104","135","135","93","97","129","143","195","195","232","232","","","","","","","","","","","","","","","","","","","","","","","","","","","","","","","","","","","","","","","","","","","","","","","","","","","","","","","","","","","85","87","","","","","240","240","130","130","96","104","95","97","","","","","","","",""
"M. Grant Thesis","EINPP","Plains Bison","Fecal","EINP_P15","10/22/2023",2023,"Trent","","","","94","91","91","136","138","175","187","241","245","103","103","135","135","89","105","143","149","189","191","238","238","","","","","","","","","","","","","","","","","","","","","","","","","","","","","","","","","","","","","","","","","","","","","","","","","","","","","","","","","","","87","91","","","165","167","","","130","130","98","104","95","101","","","","","","","",""
"M. Grant Thesis","EINPP","Plains Bison","Fecal","EINP_P19","10/22/2023",2023,"Trent","","","","83","89","93","136","136","187","187","","","103","103","135","135","89","93","129","143","189","191","238","238","","","","","","","","","","","","","","","","","","","","","","","","","","","","","","","","","","","","","","","","","","","","","","","","","","","","","","","","","","","83","83","","","","","240","240","","","92","92","101","103","","","","","","","",""
"M. Grant Thesis","EINPP","Plains Bison","Fecal","EINP_P23","10/22/2023",2023,"Trent","","","","78","89","89","140","140","187","187","241","249","103","104","135","141","97","97","127","143","191","191","","","","","","","","","","","","","","","","","","","","","","","","","","","","","","","","","","","","","","","","","","","","","","","","","","","","","","","","","","","","","87","87","","","","","","","130","134","104","104","101","103","","","","","","","",""
"M. Grant Thesis","EINPP","Plains Bison","Fecal","EINP_P26","10/22/2023",2023,"Trent","","","","94","89","91","136","140","187","191","241","253","103","103","135","135","93","101","143","143","191","191","238","238","","","","","","","","","","","","","","","","","","","","","","","","","","","","","","","","","","","","","","","","","","","","","","","","","","","","","","","","","","","87","87","","","","","240","240","130","130","96","96","95","95","","","","","","","",""
"M. Grant Thesis","EINPP","Plains Bison","Fecal","EINP_P27","10/22/2023",2023,"Trent","","","","94","89","91","134","136","185","185","241","241","103","104","135","135","","","147","149","195","195","238","238","","","","","","","","","","","","","","","","","","","","","","","","","","","","","","","","","","","","","","","","","","","","","","","","","","","","","","","","","","","89","91","","","161","167","228","238","130","130","92","98","95","99","","","","","","","",""
"M. Grant Thesis","EINPP","Plains Bison","Fecal","EINP_P29","10/22/2023",2023,"Trent","","","","89","89","91","136","136","187","187","241","241","103","103","135","141","89","101","149","149","","","238","238","","","","","","","","","","","","","","","","","","","","","","","","","","","","","","","","","","","","","","","","","","","","","","","","","","","","","","","","","","","85","91","","","161","167","228","236","130","130","96","98","95","101","","","","","","","",""
"M. Grant Thesis","EINPP","Plains Bison","Fecal","EINP_P35","10/22/2023",2023,"Trent","","","","94","89","91","138","138","175","187","241","253","103","103","135","137","101","101","143","149","189","195","238","238","","","","","","","","","","","","","","","","","","","","","","","","","","","","","","","","","","","","","","","","","","","","","","","","","","","","","","","","","","","89","89","","","161","167","236","240","130","134","92","104","99","99","","","","","","","",""
"M. Grant Thesis","EINPP","Plains Bison","Fecal","EINP_P36","10/22/2023",2023,"Trent","","","","78","89","89","136","136","175","175","241","241","104","104","135","147","87","101","129","129","189","189","238","238","","","","","","","","","","","","","","","","","","","","","","","","","","","","","","","","","","","","","","","","","","","","","","","","","","","","","","","","","","","","","","","","","","","130","130","96","96","","","","","","","","","",""
"M. Grant Thesis","EINPP","Plains Bison","Fecal","EINP_P44","10/22/2023",2023,"Trent","","","","94","91","91","138","140","175","179","241","253","103","103","135","135","97","97","129","149","189","195","238","238","","","","","","","","","","","","","","","","","","","","","","","","","","","","","","","","","","","","","","","","","","","","","","","","","","","","","","","","","","","83","83","","","","","228","240","130","134","92","98","101","101","","","","","","","",""
"M. Grant Thesis","EINPP","Plains Bison","Fecal","EINP_P46","10/22/2023",2023,"Trent","","","","94","89","91","134","134","175","179","241","271","103","103","135","141","93","93","129","129","191","195","238","238","","","","","","","","","","","","","","","","","","","","","","","","","","","","","","","","","","","","","","","","","","","","","","","","","","","","","","","","","","","","","","","161","165","238","240","130","130","92","92","99","99","","","","","","","",""
"M. Grant Thesis","EINPP","Plains Bison","Fecal","EINP_P49","10/22/2023",2023,"Trent","","","","94","89","91","136","138","185","187","249","253","103","104","135","141","91","91","143","149","191","191","238","238","","","","","","","","","","","","","","","","","","","","","","","","","","","","","","","","","","","","","","","","","","","","","","","","","","","","","","","","","","","87","89","","","","","228","236","130","130","92","96","99","101","","","","","","","",""
"M. Grant Thesis","EINPP","Plains Bison","Fecal","EINP_P54","10/22/2023",2023,"Trent","","","","100","91","93","134","136","187","187","245","253","103","105","137","147","91","101","147","149","191","195","238","238","","","","","","","","","","","","","","","","","","","","","","","","","","","","","","","","","","","","","","","","","","","","","","","","","","","","","","","","","","","87","87","","","161","167","240","240","130","134","92","98","99","99","","","","","","","",""
"M. Grant Thesis","EINPP","Plains Bison","Fecal","EINP_P57","10/22/2023",2023,"Trent","","","","83","91","91","138","140","175","179","","","103","103","135","135","97","97","129","149","189","195","238","252","","","","","","","","","","","","","","","","","","","","","","","","","","","","","","","","","","","","","","","","","","","","","","","","","","","","","","","","","","","85","87","","","","","","","130","134","92","98","101","101","","","","","","","",""
"M. Grant Thesis","EINPP","Plains Bison","Fecal","EINP_P59","10/22/2023",2023,"Trent","","","","78","89","97","138","138","181","181","241","241","","","135","147","97","101","","","","","232","238","","","","","","","","","","","","","","","","","","","","","","","","","","","","","","","","","","","","","","","","","","","","","","","","","","","","","","","","","","","85","85","","","161","161","240","240","130","134","96","104","99","99","","","","","","","",""
"M. Grant Thesis","EINPP","Plains Bison","Fecal","EINP_P61","10/22/2023",2023,"Trent","","","","89","91","91","","","175","175","271","271","103","103","135","141","93","93","129","129","191","191","238","238","","","","","","","","","","","","","","","","","","","","","","","","","","","","","","","","","","","","","","","","","","","","","","","","","","","","","","","","","","","87","87","","","","","240","240","132","132","98","98","99","101","","","","","","","",""
"M. Grant Thesis","EINPP","Plains Bison","Fecal","EINP_P62","10/22/2023",2023,"Trent","","","","72","89","91","134","136","185","187","241","249","104","104","135","147","","","129","143","191","195","232","238","","","","","","","","","","","","","","","","","","","","","","","","","","","","","","","","","","","","","","","","","","","","","","","","","","","","","","","","","","","","","","","","","","","130","130","96","104","","","","","","","","","",""
"M. Grant Thesis","EINPP","Plains Bison","Fecal","EINP_P70","10/22/2023",2023,"Trent","","","","72","91","91","142","142","","","245","245","103","103","135","135","97","97","129","129","191","191","","","","","","","","","","","","","","","","","","","","","","","","","","","","","","","","","","","","","","","","","","","","","","","","","","","","","","","","","","","","","85","85","","","167","167","","","130","130","","","95","103","","","","","","","",""
"M. Grant Thesis","EINPP","Plains Bison","Fecal","EINP_P75","10/22/2023",2023,"Trent","","","","89","91","91","134","138","179","179","245","245","103","103","135","147","89","97","","","189","189","238","238","","","","","","","","","","","","","","","","","","","","","","","","","","","","","","","","","","","","","","","","","","","","","","","","","","","","","","","","","","","","","","","161","161","236","240","130","130","92","104","101","101","","","","","","","",""
"M. Grant Thesis","EINPP","Plains Bison","Fecal","EINP_P90","10/22/2023",2023,"Trent","","","","78","91","91","136","138","179","179","","","","","135","141","91","101","129","149","189","195","250","254","","","","","","","","","","","","","","","","","","","","","","","","","","","","","","","","","","","","","","","","","","","","","","","","","","","","","","","","","","","","","","","161","161","228","236","130","134","96","104","","","","","","","","","",""
"M. Grant Thesis","EINPP","Plains Bison","Fecal","EINP_P98","10/22/2023",2023,"Trent","","","","89","91","91","136","136","185","191","249","249","103","104","141","147","93","101","143","143","189","195","238","238","","","","","","","","","","","","","","","","","","","","","","","","","","","","","","","","","","","","","","","","","","","","","","","","","","","","","","","","","","","","","","","161","161","236","238","130","130","92","96","","","","","","","","","",""
"M. Grant Thesis","EINPW","Wood Bison","Fecal","EINP_W08","10/22/2023",2023,"Trent","","","","89","89","91","134","138","181","187","253","269","103","103","141","141","91","97","129","141","189","191","238","238","","","","","","","","","","","","","","","","","","","","","","","","","","","","","","","","","","","","","","","","","","","","","","","","","","","","","","","","","","","89","89","","","","","224","228","","","98","102","101","101","","","","","","","",""
"M. Grant Thesis","EINPW","Wood Bison","Fecal","EINP_W20","10/22/2023",2023,"Trent","","","","78","89","91","136","136","179","187","253","253","103","103","141","145","93","99","129","129","","","","","","","","","","","","","","","","","","","","","","","","","","","","","","","","","","","","","","","","","","","","","","","","","","","","","","","","","","","","","","","","","","","167","167","228","228","","","96","96","101","101","","","","","","","",""
"M. Grant Thesis","EINPW","Wood Bison","Fecal","EINP_W39","10/22/2023",2023,"Trent","","","","89","89","89","136","136","","","253","253","103","103","141","141","93","103","129","141","191","191","238","252","","","","","","","","","","","","","","","","","","","","","","","","","","","","","","","","","","","","","","","","","","","","","","","","","","","","","","","","","","","","","","","167","167","238","238","128","132","102","102","95","99","","","","","","","",""
"M. Grant Thesis","EINPW","Wood Bison","Fecal","EINP_W43","10/22/2023",2023,"Trent","","","","72","","","136","136","","","241","241","103","103","141","145","93","97","","","","","232","232","","","","","","","","","","","","","","","","","","","","","","","","","","","","","","","","","","","","","","","","","","","","","","","","","","","","","","","","","","","","","","","167","167","228","228","132","132","102","104","95","95","","","","","","","",""
"M. Grant Thesis","EINPW","Wood Bison","Fecal","EINP_W58","10/22/2023",2023,"Trent","","","","78","89","91","136","138","179","187","","","103","103","141","147","","","129","129","191","191","232","238","","","","","","","","","","","","","","","","","","","","","","","","","","","","","","","","","","","","","","","","","","","","","","","","","","","","","","","","","","","","","","","167","167","","","130","132","102","104","95","103","","","","","","","",""
"M. Grant Thesis","EINPW","Wood Bison","Fecal","EINP_W67","10/22/2023",2023,"Trent","","","","89","89","91","134","136","181","187","253","253","103","103","135","145","","","129","149","189","189","232","252","","","","","","","","","","","","","","","","","","","","","","","","","","","","","","","","","","","","","","","","","","","","","","","","","","","","","","","","","","","","","","","167","167","228","228","130","130","102","102","101","103","","","","","","","",""
"M. Grant Thesis","EINPW","Wood Bison","Fecal","EINP_W68","10/22/2023",2023,"Trent","","","","72","91","91","134","136","187","187","","","103","103","141","141","","","129","149","","","","","","","","","","","","","","","","","","","","","","","","","","","","","","","","","","","","","","","","","","","","","","","","","","","","","","","","","","","","","","","","","","","167","167","228","236","130","130","102","104","95","101","","","","","","","",""
"M. Grant Thesis","EINPW","Wood Bison","Fecal","EINP_W70","10/22/2023",2023,"Trent","","","","89","91","91","136","138","187","187","253","253","103","103","141","145","89","93","129","129","189","189","232","232","","","","","","","","","","","","","","","","","","","","","","","","","","","","","","","","","","","","","","","","","","","","","","","","","","","","","","","","","","","89","89","","","167","167","228","228","130","132","98","102","","","","","","","","","",""
"M. Grant Thesis","EINPW","Wood Bison","Fecal","EINP_W76","10/22/2023",2023,"Trent","","","","89","91","93","136","136","179","179","241","253","103","103","141","145","93","103","","","","","232","238","","","","","","","","","","","","","","","","","","","","","","","","","","","","","","","","","","","","","","","","","","","","","","","","","","","","","","","","","","","89","89","","","161","167","228","228","132","134","104","104","95","101","","","","","","","",""
"M. Grant Thesis","EINPW","Wood Bison","Fecal","EINP_W79","10/22/2023",2023,"Trent","","","","78","91","91","136","136","181","187","253","271","","","141","145","97","103","129","143","189","191","232","232","","","","","","","","","","","","","","","","","","","","","","","","","","","","","","","","","","","","","","","","","","","","","","","","","","","","","","","","","","","","","","","","","","","130","130","102","102","101","101","","","","","","","",""
"M. Grant Thesis","EINPW","Wood Bison","Fecal","EINP_W81","10/22/2023",2023,"Trent","","","","83","91","91","138","138","","","253","253","103","103","","","93","93","129","129","191","191","","","","","","","","","","","","","","","","","","","","","","","","","","","","","","","","","","","","","","","","","","","","","","","","","","","","","","","","","","","","","89","89","","","167","167","236","238","132","132","98","98","101","101","","","","","","","",""
"M. Grant Thesis","EINPW","Wood Bison","Fecal","EINP_W87","10/22/2023",2023,"Trent","","","","72","","","136","136","187","187","253","253","104","104","145","145","93","93","129","149","189","191","","","","","","","","","","","","","","","","","","","","","","","","","","","","","","","","","","","","","","","","","","","","","","","","","","","","","","","","","","","","","","","","","","","","","130","130","102","104","95","103","","","","","","","",""
"M. Grant Thesis","EINPW","Wood Bison","Fecal","EINP_W91","10/22/2023",2023,"Trent","","","","89","91","89","89","136","138","179","","","103","103","135","135","","","129","129","189","191","232","252","","","","","","","","","","","","","","","","","","","","","","","","","","","","","","","","","","","","","","","","","","","","","","","","","","","","","","","","","","","89","89","","","167","167","228","228","128","132","102","104","101","101","","","","","","","",""
"M. Grant Thesis","EINPW","Wood Bison","Fecal","EINP_W93","10/22/2023",2023,"Trent","","","","89","89","91","134","136","179","187","253","265","103","104","141","141","93","105","129","149","189","191","232","232","","","","","","","","","","","","","","","","","","","","","","","","","","","","","","","","","","","","","","","","","","","","","","","","","","","","","","","","","","","87","91","","","","","","","132","132","90","90","101","101","","","","","","","",""
"M. Grant Thesis","EINPW","Wood Bison","Fecal","EINP_W94","10/22/2023",2023,"Trent","","","","83","89","89","136","136","179","179","253","253","103","103","141","145","103","103","127","129","189","191","232","238","","","","","","","","","","","","","","","","","","","","","","","","","","","","","","","","","","","","","","","","","","","","","","","","","","","","","","","","","","","","","","","167","167","","","132","132","96","96","","","","","","","","","",""
"M. Grant Thesis","EINPW","Wood Bison","Fecal","EINP_WB137","23-Oct-24",2024,"Trent","","","","100","89","91","134","138","181","187","253","253","103","103","141","141","93","93","129","149","189","189","254","254","","","","","","","","","","","","","","","","","","","","","","","","","","","","","","","","","","","","","","","","","","","","","","","","","","","","","","","","","","","89","89","","","165","165","228","228","130","130","102","104","101","101","","","","","","","",""
"M. Grant Thesis","EINPW","Wood Bison","Fecal","EINP_WB138","23-Oct-24",2024,"Trent","","","","100","89","91","136","138","179","179","253","253","103","103","141","141","93","93","129","141","191","191","232","252","","","","","","","","","","","","","","","","","","","","","","","","","","","","","","","","","","","","","","","","","","","","","","","","","","","","","","","","","","","89","89","","","167","167","228","236","132","132","96","102","95","101","","","","","","","",""
"M. Grant Thesis","EINPW","Wood Bison","Fecal","EINP_WB141","23-Oct-24",2024,"Trent","","","","83","91","91","134","134","187","187","253","253","101","103","141","145","97","97","129","129","191","191","","","","","","","","","","","","","","","","","","","","","","","","","","","","","","","","","","","","","","","","","","","","","","","","","","","","","","","","","","","","","89","89","","","167","167","236","238","125","130","102","102","","","","","","","","","",""
"M. Grant Thesis","EINPW","Wood Bison","Fecal","EINP_WB143","23-Oct-24",2024,"Trent","","","","83","","","134","138","179","179","","","103","103","145","145","97","97","129","141","","","238","238","","","","","","","","","","","","","","","","","","","","","","","","","","","","","","","","","","","","","","","","","","","","","","","","","","","","","","","","","","","89","89","","","167","167","228","228","130","132","104","104","101","101","","","","","","","",""
"M. Grant Thesis","EINPW","Wood Bison","Fecal","EINP_WB146","23-Oct-24",2024,"Trent","","","","83","","","136","138","179","187","253","253","103","103","135","141","93","93","129","129","189","191","238","238","","","","","","","","","","","","","","","","","","","","","","","","","","","","","","","","","","","","","","","","","","","","","","","","","","","","","","","","","","","87","89","","","","","","","132","132","92","96","95","103","","","","","","","",""
"M. Grant Thesis","EINPP","Plains Bison","Fecal","EINP_PB106","23-Oct-24",2024,"Trent","","","","94","91","91","136","136","181","187","249","269","","","135","135","93","105","143","143","191","195","238","238","","","","","","","","","","","","","","","","","","","","","","","","","","","","","","","","","","","","","","","","","","","","","","","","","","","","","","","","","","","89","89","","","167","167","228","240","130","130","92","98","95","101","","","","","","","",""
"M. Grant Thesis","EINPP","Plains Bison","Fecal","EINP_PB107","23-Oct-24",2024,"Trent","","","","83","91","91","136","136","187","187","249","249","","","135","135","93","105","149","149","189","195","238","238","","","","","","","","","","","","","","","","","","","","","","","","","","","","","","","","","","","","","","","","","","","","","","","","","","","","","","","","","","","87","89","","","167","167","","","130","130","92","92","101","101","","","","","","","",""
"M. Grant Thesis","EINPP","Plains Bison","Fecal","EINP_PB112","23-Oct-24",2024,"Trent","","","","94","91","91","134","136","179","185","241","271","103","103","135","147","91","97","143","149","189","189","238","238","","","","","","","","","","","","","","","","","","","","","","","","","","","","","","","","","","","","","","","","","","","","","","","","","","","","","","","","","","","87","89","","","161","167","236","240","130","130","98","104","95","95","","","","","","","",""
"M. Grant Thesis","EINPP","Plains Bison","Fecal","EINP_PB116","23-Oct-24",2024,"Trent","","","","72","","","136","136","185","187","245","245","103","103","135","137","","","","","191","195","238","238","","","","","","","","","","","","","","","","","","","","","","","","","","","","","","","","","","","","","","","","","","","","","","","","","","","","","","","","","","","87","87","","","161","161","","","130","130","96","98","95","95","","","","","","","",""
"M. Grant Thesis","EINPP","Plains Bison","Fecal","EINP_PB126","23-Oct-24",2024,"Trent","","","","89","91","91","136","140","175","179","241","241","103","103","132","141","89","101","129","129","189","191","","","","","","","","","","","","","","","","","","","","","","","","","","","","","","","","","","","","","","","","","","","","","","","","","","","","","","","","","","","","","87","87","","","167","167","240","240","130","130","98","98","103","103","","","","","","","",""
"M. Grant Thesis","EINPW","Wood Bison","Fecal","EINP_WB116","23-Oct-24",2024,"Trent","","","","89","89","91","136","136","","","241","241","103","103","145","145","93","93","129","129","191","191","232","238","","","","","","","","","","","","","","","","","","","","","","","","","","","","","","","","","","","","","","","","","","","","","","","","","","","","","","","","","","","87","89","","","167","167","","","114","130","98","102","101","103","","","","","","","",""
"M. Grant Thesis","EINPW","Wood Bison","Fecal","EINP_WB123","23-Oct-24",2024,"Trent","","","","83","91","91","138","140","187","187","253","253","","","135","141","85","93","129","129","195","195","252","252","","","","","","","","","","","","","","","","","","","","","","","","","","","","","","","","","","","","","","","","","","","","","","","","","","","","","","","","","","","","","","","167","167","236","236","128","130","102","104","","","","","","","","","",""
"M. Grant Thesis","EINPW","Wood Bison","Fecal","EINP_WB125","23-Oct-24",2024,"Trent","","","","89","","","136","136","181","187","253","253","103","103","141","141","93","97","129","143","189","195","232","238","","","","","","","","","","","","","","","","","","","","","","","","","","","","","","","","","","","","","","","","","","","","","","","","","","","","","","","","","","","89","89","","","167","167","228","236","130","130","98","98","95","101","","","","","","","",""
"M. Grant Thesis","EINPW","Wood Bison","Fecal","EINP_WB134","23-Oct-24",2024,"Trent","","","","83","89","91","134","138","179","179","253","253","103","104","145","147","105","105","129","141","","","232","232","","","","","","","","","","","","","","","","","","","","","","","","","","","","","","","","","","","","","","","","","","","","","","","","","","","","","","","","","","","89","89","","","167","167","","","130","132","104","104","101","103","","","","","","","",""
"2023","ETH","Wood Bison","Biopsy","2","2022",2022,"Trent","","","","100","89","89","134","136","187","187","241","241","103","103","141","145","93","103","129","141","189","191","232","238","87","89","147","158","108","113","172","174","227","229","143","143","158","158","90","102","140","142","190","190","250","252","167","177","152","154","144","154","81","81","124","124","183","183","138","142","260","262","146","150","129","129","155","155","92","92","148","150","180","180","110","112","176","176","89","95","161","165","89","89","116","118","167","167","228","228","114","130","104","104","103","103","177","181","205","207","142","166","153","153"
"2023","ETH","Wood Bison","Biopsy","3","2022",2022,"Trent","","","","100","89","93","136","136","187","187","253","253","103","103","135","147","103","103","129","149","191","191","232","238","89","91","158","158","108","115","174","174","229","233","143","143","160","160","90","90","140","140","190","190","250","252","177","177","146","166","154","154","81","81","132","132","175","183","138","142","260","262","150","150","123","129","155","155","91","91","146","150","180","184","106","112","172","176","85","89","161","161","89","89","116","116","161","167","228","238","128","132","92","102","101","103","181","181","205","215","144","158","151","153"
"2023","ETH","Wood Bison","Biopsy","9","2022",2022,"Trent","","","","100","91","93","134","136","187","187","253","253","103","103","141","145","93","103","143","149","189","191","238","252","89","91","158","162","115","115","174","174","233","233","143","143","158","160","88","88","140","142","190","194","252","252","173","175","152","152","154","160","81","83","124","124","179","183","142","142","262","262","146","150","129","129","155","159","91","92","150","150","180","194","112","112","166","170","83","85","161","161","87","89","118","118","167","167","228","238","130","130","92","104","101","101","177","181","211","215","158","166","153","153"
"2023","ETH","Wood Bison","Biopsy","12","2022",2022,"Trent","","","","100","89","91","136","136","187","187","241","253","103","103","135","141","93","103","129","143","191","195","232","252","87","89","158","160","115","115","172","174","227","233","143","143","156","158","90","90","140","142","194","194","252","252","177","177","152","152","144","154","81","83","124","132","175","183","138","142","260","262","146","146","123","129","155","155","91","92","150","150","184","184","110","112","170","176","89","89","161","165","89","89","116","116","161","167","228","228","130","132","102","102","95","101","177","181","205","205","142","142","151","151"
"2023","ETH","Wood Bison","Biopsy","22","2022",2022,"Trent","","","","100","89","91","136","136","179","181","241","271","103","103","135","145","89","97","129","141","189","191","238","252","87","89","158","162","113","113","172","174","227","229","143","143","158","158","90","90","140","142","188","194","252","252","177","177","152","166","152","154","83","83","124","124","165","183","138","142","260","260","148","150","129","129","155","155","91","95","150","150","180","196","112","112","170","172","89","89","161","169","89","89","116","118","167","167","228","228","132","132","98","104","95","99","177","181","201","207","158","156","149","151"
"2023","ETH","Wood Bison","Biopsy","23","2022",2022,"Trent","","","","100","91","93","136","136","187","187","253","253","103","103","141","145","93","103","129","143","191","191","232","252","87","87","158","162","113","115","172","174","229","233","143","143","156","158","90","90","127","142","188","194","252","252","177","177","146","152","144","160","81","81","124","124","183","183","142","148","262","262","146","150","125","129","155","155","91","91","150","150","180","194","112","112","172","176","83","89","161","169","87","89","114","116","167","167","228","238","130","132","92","102","95","103","181","181","211","215","144","164","151","151"
"2023","ETH","Wood Bison","Biopsy","24","2022",2022,"Trent","","","","100","91","91","136","136","179","179","253","253","103","103","135","141","93","103","143","143","189","191","238","238","87","89","147","160","113","113","174","174","227","233","143","143","158","160","90","90","138","142","194","194","252","252","173","177","146","166","144","156","83","83","124","124","175","183","142","142","260","262","146","148","125","129","155","155","91","92","150","150","196","198","110","112","176","176","89","89","165","169","85","89","114","116","167","167","228","238","130","132","92","102","99","103","177","181","205","207","142","158","151","153"
"2023","ETH","Wood Bison","Biopsy","25","2022",2022,"Trent","","","","100","91","91","134","138","179","187","249","253","103","103","135","147","93","97","129","141","191","191","232","238","89","89","158","160","113","115","172","174","227","227","143","143","158","158","90","90","140","142","188","194","252","252","167","177","146","152","154","160","83","83","124","132","183","183","138","142","262","262","150","150","129","129","155","155","91","94","150","150","180","198","110","112","172","176","83","85","161","169","85","85","116","116","167","167","228","228","130","130","96","102","101","103","177","191","205","207","158","166","149","149"
"2023","ETH","Wood Bison","Biopsy","26","2022",2022,"Trent","","","","100","89","91","136","136","179","187","241","253","103","103","135","141","89","93","129","149","189","191","232","238","87","87","147","158","115","115","172","174","227","231","143","143","158","158","90","90","127","142","190","194","252","252","167","177","146","152","154","154","83","83","124","132","183","183","138","142","260","262","146","150","129","129","155","155","92","92","150","150","180","180","112","112","166","172","89","89","161","161","85","87","116","118","167","167","228","228","130","130","102","102","103","103","181","181","205","211","158","166","149","151"
"2023","ETH","Wood Bison","Biopsy","27","2022",2022,"Trent","","","","100","89","93","136","136","179","187","241","241","103","103","135","141","93","93","129","143","189","189","232","238","87","87","147","160","108","115","174","174","225","229","143","143","158","158","90","90","142","142","194","194","246","252","177","177","146","152","152","160","81","83","132","132","175","183","142","142","262","262","146","150","125","129","155","155","91","91","150","150","184","194","112","112","166","176","85","89","159","161","89","89","116","118","167","167","228","238","130","132","92","102","95","103","177","181","205","205","158","168","151","151"
"2023","ETH","Wood Bison","Biopsy","28","2022",2022,"Trent","","","","100","89","91","134","134","179","187","253","271","103","103","135","141","97","103","129","129","189","191","232","238","87","89","147","158","115","115","172","176","229","233","143","143","156","160","90","90","140","142","188","190","246","252","167","177","152","152","154","156","83","83","124","132","175","183","138","138","260","262","150","150","125","125","155","155","91","91","146","150","180","180","110","110","172","172","85","89","173","173","85","89","116","116","167","167","228","228","128","128","98","102","101","101","177","181","207","211","144","158","145","145"
"2023","ETH","Wood Bison","Biopsy","29","2022",2022,"Trent","","","","100","91","91","136","138","179","187","241","269","103","103","135","135","89","89","141","143","189","191","232","238","87","89","158","162","113","115","172","174","231","231","143","143","156","158","90","90","140","140","190","190","246","252","173","177","152","166","154","154","77","83","124","124","179","183","138","142","260","262","148","150","125","125","155","159","91","91","150","150","180","196","112","112","170","170","89","89","161","165","89","89","116","118","161","167","228","228","128","130","98","104","101","101","181","191","205","211","142","166","145","151"
"2025","ETH","Wood Bison","Tissue","BISO25-001","13-Mar-25",2025,"Trent","","","","96","91","91","136","136","179","181","253","253","103","103","141","141","93","93","129","129","189","189","232","238","87","89","147","158","108","113","174","174","227","233","143","143","158","158","90","102","140","146","190","194","246","252","167","177","152","166","144","154","81","83","124","132","165","175","142","142","260","262","140","140","125","129","155","155","91","94","150","150","180","184","106","112","166","176","89","89","161","165","89","89","116","118","167","167","228","228","128","132","92","102","95","103","181","181","207","207","142","144","145","151"
"2025","ETH","Wood Bison","Tissue","BISO25-002","13-Mar-25",2025,"Trent","","","","96","89","89","136","138","179","187","253","253","103","103","135","141","89","93","129","129","189","189","232","232","87","87","158","160","115","115","172","174","229","229","143","143","156","158","90","90","127","142","190","194","250","252","177","177","152","154","152","160","77","83","124","132","183","183","138","148","262","262","146","150","125","129","155","159","91","92","150","150","180","180","112","112","166","172","89","89","161","161","89","89","118","118","167","167","228","238","114","114","92","102","101","101","191","191","205","207","166","166","151","151"
"2025","ETH","Wood Bison","Tissue","BISO25-003","13-Mar-25",2025,"Trent","","","","98","91","91","136","138","179","187","253","271","103","103","135","141","93","97","129","143","189","191","232","232","87","89","147","158","108","115","172","172","227","231","143","143","156","158","90","102","127","148","188","190","252","252","177","177","152","152","144","154","83","83","132","132","165","175","138","142","262","262","150","150","125","129","155","155","91","92","150","150","180","196","112","112","172","172","85","85","161","173","89","91","116","116","161","167","224","228","114","132","98","102","103","103","181","181","205","211","166","166","145","151"
"2025","ETH","Wood Bison","Tissue","BISO25-004","13-Mar-25",2025,"Trent","","","","98","89","93","136","136","187","187","253","253","103","103","135","141","93","103","129","129","191","191","232","252","89","91","147","162","108","115","172","174","227","233","143","143","156","160","90","90","127","142","188","190","246","252","167","175","146","152","154","154","81","83","126","132","165","183","142","142","260","262","148","150","123","125","155","155","92","92","150","150","180","184","112","112","170","176","85","89","161","173","89","89","116","118","167","167","224","228","130","132","92","102","99","101","181","181","207","211","166","166","151","151"
"2025","ETH","Wood Bison","Tissue","BISO25-007","13-Mar-25",2025,"Trent","","","","98","91","91","136","138","179","187","253","253","103","103","145","147","93","97","129","129","189","191","238","238","89","91","158","160","113","113","172","174","227","229","143","143","158","160","88","90","140","142","188","194","252","252","167","167","146","166","152","160","83","85","124","126","179","183","142","142","260","260","148","150","129","129","155","159","91","92","150","150","196","198","112","112","176","176","85","89","161","161","81","89","116","118","167","167","228","228","114","130","92","98","99","103","181","191","205","205","142","158","151","153"
"2025","ETH","Wood Bison","Tissue","BISO25-008","13-Mar-25",2025,"Trent","","","","98","91","93","134","136","179","187","241","241","103","103","135","141","89","103","141","143","191","191","232","252","87","89","147","160","113","113","174","174","229","231","143","143","158","158","90","90","140","148","190","190","246","252","177","177","164","166","154","154","83","83","124","124","179","183","138","142","260","262","146","148","129","129","155","159","91","91","150","150","198","198","112","112","170","176","85","89","161","165","89","89","116","118","167","167","228","238","130","130","102","102","99","103","181","191","201","205","158","168","149","151"
"2025","ETH","Wood Bison","Tissue","BISO25-010","13-Mar-25",2025,"Trent","","","","98","89","91","134","138","179","187","253","253","103","103","141","141","89","97","129","143","189","191","232","238","87","87","147","158","115","115","174","174","227","229","143","143","156","158","90","90","127","140","194","194","252","252","167","173","152","152","144","152","81","83","124","124","183","183","142","148","262","262","146","150","123","129","155","159","91","91","150","150","180","198","112","112","170","172","89","89","161","173","87","89","116","116","167","167","228","228","114","132","92","102","99","101","181","181","205","211","144","166","145","151"
"2025","WBNPGR","Wood Bison","Tissue","BISO25-018","15-Mar-25",2025,"Trent","","","","94","89","89","134","140","179","181","239","253","103","103","135","145","91","97","129","145","189","189","238","238","87","91","160","162","113","115","174","174","229","231","143","143","156","158","90","90","140","142","194","194","252","252","163","167","152","158","144","156","77","81","124","124","175","183","148","148","260","262","146","150","125","129","155","155","92","92","146","150","184","198","112","112","174","178","89","89","161","173","81","85","","","167","167","228","236","114","130","104","104","101","103","177","181","205","211","144","158","143","145"
"2025","WBNPGR","Wood Bison","Tissue","BISO25-025","15-Mar-25",2025,"Trent","","","","92","89","91","136","138","179","185","241","271","103","103","141","141","93","103","129","143","189","189","238","238","87","89","161","162","115","115","172","182","227","231","143","143","158","158","90","90","148","150","188","194","252","252","167","173","","","154","154","81","83","124","132","179","179","142","148","260","262","150","150","125","129","155","159","91","92","146","146","184","192","106","112","172","178","89","89","161","173","81","81","116","118","167","167","228","228","128","130","104","104","103","103","181","191","205","205","142","142","145","145"
"2025","WBNPGR","Wood Bison","Tissue","BISO25-026","15-Mar-25",2025,"Trent","","","","92","89","89","134","136","179","187","253","253","103","105","141","145","97","103","129","143","189","189","238","238","87","87","161","161","115","115","174","174","229","229","143","143","156","158","90","90","142","142","194","194","246","248","163","167","","","154","154","81","83","124","132","175","175","142","148","260","260","150","150","129","131","155","155","91","95","150","150","180","180","106","112","168","172","83","85","161","167","89","91","","","161","167","238","238","130","130","98","104","99","101","181","191","205","211","142","144","151","153"
"2023","HZ","Wood Bison","DNA","45",NA,2015,"Trent","","","","100","89","91","134","136","187","187","253","253","103","103","141","145","97","103","143","149","189","195","232","238","89","91","158","161","113","115","172","178","229","233","143","143","156","160","90","102","127","142","194","194","252","252","167","173","152","152","144","160","81","83","124","132","165","183","142","148","260","262","150","150","123","129","153","157","91","94","150","150","180","180","112","112","166","172","89","89","161","161","87","89","114","116","167","167","228","238","128","132","92","102","95","101","181","191","201","205","142","168","145","145"
"2023","HZ","Wood Bison","DNA","48",NA,2015,"Trent","","","","100","89","91","138","140","179","187","249","253","103","103","135","141","103","103","129","149","189","195","232","232","89","91","161","164","113","115","172","172","229","229","143","143","156","158","90","90","127","142","190","194","252","252","167","173","152","158","154","160","81","83","124","124","165","183","142","142","260","262","140","150","125","129","155","157","91","92","150","150","180","184","110","110","172","172","89","95","161","173","87","89","116","118","167","167","228","238","128","128","102","104","95","101","177","191","205","211","142","158","145","153"
"2023","HZ","Wood Bison","DNA","52",NA,2015,"Trent","","","","100","89","89","138","138","187","187","249","253","103","103","135","141","93","103","129","141","189","191","232","238","87","87","158","162","113","115","172","172","229","233","143","143","156","158","90","102","142","142","190","194","250","252","173","177","152","152","154","154","77","83","122","124","183","183","142","142","260","262","150","150","125","129","155","157","91","91","150","150","180","180","112","112","172","172","89","89","161","169","91","95","116","116","167","167","238","238","130","130","102","104","95","101","181","181","211","215","142","144","149","153"
"2023","HZ","Wood Bison","DNA","54",NA,2015,"Trent","","","","100","89","89","136","140","179","179","249","253","103","103","141","141","97","103","129","129","191","195","232","238","87","87","158","158","115","115","174","176","225","229","143","143","158","160","90","102","138","142","194","194","250","250","167","167","146","152","154","160","81","83","122","132","179","183","142","148","260","262","146","150","125","125","155","157","91","92","146","150","180","180","112","112","166","166","89","89","161","165","87","89","116","116","167","167","228","228","128","128","102","102","101","101","181","181","201","215","168","168","151","153"
"2023","HZ","Wood Bison","DNA","55",NA,2015,"Trent","","","","100","89","89","134","136","187","187","253","253","103","107","141","141","93","97","141","149","191","191","238","238","87","91","161","162","108","115","172","172","229","233","143","143","158","158","90","102","127","127","190","194","252","254","167","173","152","152","154","160","83","83","124","124","183","183","138","148","262","262","150","150","123","129","155","155","91","91","150","150","180","184","112","112","166","172","89","89","161","161","87","87","118","118","167","167","228","238","128","130","92","102","95","95","177","177","201","205","158","168","145","145"
"2023","HZ","Wood Bison","DNA","57",NA,2015,"Trent","","","","100","89","89","136","136","179","187","249","253","103","103","141","145","97","103","129","141","191","191","232","238","87","87","158","158","113","115","172","174","229","233","143","143","156","158","90","90","142","146","194","194","252","252","173","175","152","152","144","160","81","81","124","124","183","183","142","142","260","262","150","150","125","125","157","157","91","91","150","150","180","184","106","110","166","166","89","89","165","165","91","91","114","118","167","167","228","238","128","130","102","102","95","101","191","191","211","215","142","158","145","153"
"2023","HZ","Wood Bison","DNA","68",NA,2015,"Trent","","","","100","89","93","136","138","179","187","253","269","103","103","141","141","93","103","121","143","191","191","232","238","87","87","158","158","108","113","172","176","227","229","143","143","156","158","90","90","138","146","190","194","252","252","167","173","146","152","152","154","83","83","124","124","183","183","138","142","262","262","150","150","125","125","155","155","91","94","150","150","180","180","110","112","172","172","89","89","161","165","89","93","116","116","161","167","228","236","130","132","98","104","95","105","181","181","211","211","144","166","145","153"
"2023","HZ","Wood Bison","DNA","71",NA,2015,"Trent","","","","100","89","93","138","140","179","187","253","253","103","103","141","145","85","93","129","141","191","191","232","232","87","89","158","162","108","113","172","172","227","229","143","143","156","158","90","90","127","146","190","194","252","254","167","173","152","152","154","154","81","81","126","132","183","183","142","142","262","262","146","146","125","129","155","155","91","94","150","150","180","180","110","112","170","172","89","89","165","168","89","91","114","118","167","167","228","228","130","130","92","102","95","103","181","181","205","211","158","168","153","153"
"2023","HZ","Wood Bison","DNA","90",NA,2015,"Trent","","","","100","89","93","138","140","179","187","253","253","103","103","143","145","93","93","129","149","189","191","232","238","89","91","158","164","115","115","172","172","229","233","143","143","158","158","90","90","127","142","188","190","252","254","173","177","152","158","154","160","81","83","124","132","165","183","142","142","260","262","150","150","129","129","155","157","92","94","148","150","180","196","110","110","172","172","89","89","161","165","89","93","116","118","167","167","228","238","130","132","98","102","95","101","177","181","207","207","158","166","145","145"
"2023","HZ","Wood Bison","DNA","92",NA,2015,"Trent","","","","100","89","89","136","138","179","179","249","253","103","103","145","145","89","97","149","149","189","191","232","232","87","91","147","158","115","115","174","180","227","233","143","143","156","158","90","102","127","142","194","194","252","254","167","167","146","152","154","160","81","83","124","132","165","179","142","142","262","262","150","150","125","125","155","155","91","91","150","150","180","180","112","112","166","166","89","89","161","173","81","87","114","116","167","167","228","238","128","130","102","102","95","101","181","191","201","211","142","166","145","151"
"2023","HZ","Wood Bison","DNA","95",NA,2015,"Trent","","","","100","89","89","136","136","191","191","253","269","103","103","141","145","85","103","129","129","189","191","232","238","87","87","158","160","115","115","172","172","227","229","143","143","156","160","90","90","142","142","190","194","252","252","167","173","152","152","154","160","83","83","124","124","183","183","142","142","262","262","150","150","125","129","153","155","91","95","150","150","180","184","110","110","172","172","85","89","165","165","81","89","116","116","167","167","228","246","130","130","98","104","95","101","177","181","205","211","158","166","153","153"
"2023","HZ","Wood Bison","DNA","96",NA,2015,"Trent","","","","100","89","89","136","138","179","187","267","269","104","104","141","145","93","103","129","141","191","191","238","240","87","87","158","160","108","113","176","176","227","229","143","143","156","158","90","102","138","142","190","194","252","252","167","173","146","152","152","154","81","83","124","124","183","183","138","142","262","262","150","150","125","129","155","155","91","94","150","150","180","180","110","112","172","172","89","89","161","161","81","89","114","116","161","167","236","236","130","132","96","104","95","101","181","181","211","211","144","166","145","153"
"2023","HZ","Wood Bison","DNA","98",NA,2015,"Trent","","","","100","89","89","136","138","187","191","241","253","103","103","135","147","85","93","129","129","189","191","232","238","87","89","158","158","113","115","172","172","227","231","143","143","156","156","90","90","142","146","194","194","252","252","173","177","146","152","144","154","81","83","124","124","183","183","142","142","262","262","150","150","129","129","155","155","91","94","150","150","180","180","106","112","170","172","85","89","161","168","87","89","114","118","167","167","228","228","130","130","92","98","95","95","181","181","205","211","144","166","153","153"
"2023","HZ","Wood Bison","DNA","100",NA,2015,"Trent","","","","100","89","93","136","140","187","187","249","253","103","103","141","141","93","97","129","141","191","195","232","238","87","91","162","162","108","113","172","176","227","233","143","143","158","158","90","90","127","127","190","194","250","252","167","177","154","158","154","160","81","81","124","132","165","183","142","142","260","262","140","150","125","125","157","157","91","91","150","150","180","180","110","112","172","176","89","89","161","169","87","89","116","116","167","167","224","228","122","130","96","104","95","103","181","181","207","211","144","166","145","153"
"2023","HZ","Wood Bison","DNA","135",NA,2015,"Trent","","","","98","89","89","134","136","187","187","249","249","103","103","141","145","103","103","141","141","189","191","232","238","87","91","158","162","115","115","172","174","229","229","143","143","154","160","90","102","142","142","194","194","252","254","167","167","152","152","160","160","83","83","124","124","179","183","142","142","260","262","146","146","123","123","157","157","91","91","146","150","180","184","112","112","166","166","89","89","161","161","87","91","116","116","155","167","228","228","128","128","102","104","101","103","191","191","201","211","142","158","145","151"
"2023","HZ","Wood Bison","DNA","136",NA,2015,"Trent","","","","100","89","89","138","140","179","187","249","253","103","103","141","145","85","93","129","149","191","195","232","238","87","87","147","160","115","115","172","172","229","231","143","143","154","156","90","102","127","127","194","194","252","252","173","173","146","152","144","156","83","83","124","132","175","183","138","142","260","262","150","150","125","129","155","159","91","91","150","154","180","180","112","112","166","172","89","89","161","165","89","93","116","116","161","167","228","228","114","130","102","104","95","103","181","191","207","211","158","166","153","153"
"2023","HZ","Wood Bison","Hair","150_320","2020",2020,"Trent","","","","100","89","91","136","136","187","187","253","253","103","103","145","145","85","97","129","129","191","195","238","238","87","87","158","158","115","115","172","172","227","233","143","143","156","158","90","102","127","127","190","194","250","252","167","173","146","146","144","160","81","83","124","126","175","183","142","142","262","262","146","150","125","129","153","155","91","92","150","150","180","184","110","112","166","176","89","95","161","161","81","91","116","116","167","167","228","228","128","130","102","104","95","95","181","191","207","215","158","158","153","153"
"2023","HZ","Wood Bison","Hair","150_680","2020",2020,"Trent","","","","100","89","89","136","136","179","179","249","253","103","103","141","145","97","103","129","129","193","195","238","238","87","89","158","158","113","113","172","174","227","229","143","143","158","158","102","102","142","142","190","194","252","252","167","173","152","158","152","160","81","81","124","124","175","183","138","138","260","260","150","150","129","129","153","155","91","91","150","150","180","184","110","110","166","172","89","89","161","161","81","81","116","118","167","167","224","238","114","128","92","104","95","103","181","181","211","211","142","144","145","153"
"2023","HZ","Wood Bison","Hair","150_820","2020",2020,"Trent","","","","100","89","91","138","140","179","187","253","269","103","103","141","147","93","103","129","143","191","195","238","238","87","91","158","158","113","115","176","178","229","233","143","145","158","158","90","102","127","127","190","190","252","254","167","177","146","152","144","154","81","83","124","132","165","179","142","142","262","262","146","150","129","129","155","155","91","91","150","150","180","180","110","112","170","172","85","85","161","169","89","89","116","116","167","167","224","228","130","130","102","102","95","103","177","181","207","207","144","166","149","153"
"2023","HZ","Wood Bison","Hair","151_310","2020",2020,"Trent","","","","100","89","89","136","136","179","187","249","249","103","103","135","141","93","93","129","129","189","195","232","238","87","89","158","160","113","115","172","172","227","227","143","143","158","160","90","90","138","142","190","194","250","252","167","173","152","152","154","154","77","83","122","132","165","183","142","142","262","262","150","150","129","129","155","155","91","91","150","150","196","196","112","112","170","172","89","89","165","169","87","89","116","118","167","167","228","238","130","130","96","96","103","103","181","181","205","211","144","144","149","149"
"2023","HZ","Wood Bison","Hair","151_410","2020",2020,"Trent","","","","100","89","89","136","138","187","187","253","253","103","103","141","145","93","93","129","149","189","189","238","238","87","89","161","162","113","115","172","172","227","233","143","143","158","158","90","102","127","127","194","194","252","254","173","177","152","152","154","160","81","83","124","124","165","183","142","148","260","260","146","150","129","129","155","157","91","91","150","150","180","180","90","112","172","172","89","89","161","169","89","89","116","116","167","167","228","228","130","130","102","102","95","95","181","181","207","211","158","166","145","151"
"2023","HZ","Wood Bison","DNA","154",NA,2015,"Trent","","","","100","89","91","134","136","179","181","253","253","103","103","141","145","97","103","129","149","189","191","232","252","87","91","147","158","115","115","174","174","227","227","143","143","156","158","90","102","127","127","194","194","252","252","167","167","146","152","144","154","81","83","132","132","165","183","142","142","262","262","150","150","125","125","155","159","91","92","150","150","180","180","112","112","166","172","89","95","165","165","87","87","116","116","167","167","228","228","128","130","102","102","95","95","191","191","201","211","142","144","145","153"
"2023","HZ","Wood Bison","DNA","155",NA,2015,"Trent","","","","100","89","91","136","138","187","191","249","253","103","103","141","145","93","103","129","129","191","195","238","238","87","87","158","158","108","113","172","176","227","229","143","145","154","160","90","102","142","146","190","194","252","254","169","173","146","152","144","154","81","83","126","132","165","183","142","142","262","262","146","150","129","129","155","157","91","92","150","150","180","184","110","112","172","172","89","89","161","161","89","89","116","116","167","167","228","228","130","130","104","104","95","103","181","181","205","211","144","168","153","153"
"2023","HZ","Wood Bison","DNA","170",NA,2015,"Trent","","","","100","93","93","136","136","187","187","253","253","103","103","135","145","97","103","129","129","189","191","232","238","87","91","158","158","113","113","176","176","227","229","143","143","156","158","90","90","127","146","190","194","250","252","167","167","146","154","152","154","81","83","124","132","183","183","142","142","262","262","140","150","125","129","155","155","91","92","148","150","180","196","110","112","172","176","89","89","161","169","87","89","118","118","161","167","228","238","130","130","98","104","95","95","181","181","205","207","144","168","153","153"
"2023","HZ","Wood Bison","DNA","174",NA,2015,"Trent","","","","100","89","91","136","136","187","187","249","253","103","103","135","145","93","103","129","149","191","191","238","254","87","87","147","158","115","115","174","176","227","229","143","143","156","156","90","90","127","142","194","194","252","252","167","173","146","166","144","154","77","83","124","126","183","183","142","150","260","262","150","150","125","129","153","155","92","95","150","150","180","184","110","112","170","176","89","89","165","165","91","95","114","114","167","167","228","228","114","130","102","104","101","103","177","191","205","211","158","166","145","151"
"2023","HZ","Wood Bison","DNA","177",NA,2015,"Trent","","","","100","89","91","138","138","187","191","249","249","103","103","135","141","93","103","129","141","189","191","232","254","87","87","158","162","113","115","172","172","225","227","143","143","158","158","90","102","142","146","194","194","252","252","167","177","158","158","154","154","77","83","132","132","175","183","138","142","262","262","148","150","125","129","155","155","91","91","148","150","180","180","110","110","170","172","89","89","165","169","85","91","114","116","167","167","224","238","114","130","102","104","95","95","181","181","205","215","166","168","149","153"
"2023","HZ","Wood Bison","DNA","178",NA,2015,"Trent","","","","100","89","89","136","136","179","191","249","253","103","103","141","141","93","103","129","129","189","195","232","238","87","87","158","158","115","115","172","176","227","229","143","143","156","158","90","102","127","142","190","194","252","252","167","173","146","166","144","160","77","83","124","126","183","183","142","142","260","260","150","150","129","129","155","159","92","95","148","150","184","196","110","110","166","170","89","95","161","173","87","87","116","118","167","167","228","228","114","130","98","104","95","103","181","181","205","211","158","168","153","153"
"2023","HZ","Wood Bison","DNA","180",NA,2015,"Trent","","","","100","89","89","136","138","179","187","249","269","103","104","141","145","85","93","129","141","189","191","232","232","87","91","162","162","108","115","172","174","225","231","143","143","156","156","90","90","127","142","190","190","252","254","167","173","146","152","154","154","81","83","124","132","165","183","142","142","260","262","150","150","125","129","155","155","91","91","150","150","180","184","110","110","166","172","89","89","161","165","89","93","114","116","167","167","238","238","114","132","92","102","95","103","181","181","201","207","144","168","151","153"
"2023","HZ","Wood Bison","DNA","28",NA,2015,"Trent","","","","100","89","93","136","138","181","191","253","253","103","103","141","141","85","103","129","129","191","195","232","238","87","89","158","162","108","113","172","172","227","231","143","143","158","160","90","90","142","146","190","194","250","254","173","173","146","152","144","160","81","83","132","132","165","183","138","142","260","262","148","150","129","129","153","153","91","95","150","150","180","180","112","112","166","172","89","89","161","169","87","89","116","118","161","161","228","236","130","130","104","104","101","103","181","181","205","205","144","168","153","153"
"2023","HZ","Wood Bison","DNA","33",NA,2015,"Trent","","","","100","89","93","138","140","179","191","235","253","103","103","135","135","85","85","129","149","191","191","232","232","87","87","158","160","113","113","172","174","227","229","143","143","156","156","90","102","142","146","190","194","250","252","173","175","146","152","144","154","81","81","124","132","165","179","142","142","262","262","150","150","129","129","153","155","91","94","150","150","184","196","110","110","172","172","89","89","161","169","87","87","116","116","167","167","228","238","130","130","96","104","95","95","181","181","205","211","166","168","153","153"
"2023","HZ","Wood Bison","DNA","36",NA,2015,"Trent","","","","100","89","93","136","140","179","191","253","269","103","103","141","145","85","103","129","129","191","195","232","238","87","87","158","160","113","113","172","172","227","229","143","145","156","160","90","102","127","146","188","194","252","254","167","167","152","152","144","160","77","81","132","132","179","183","142","142","260","262","150","150","125","129","153","157","91","91","150","150","180","196","110","112","166","166","89","89","161","161","87","89","116","118","167","167","228","238","114","130","96","102","101","103","177","181","201","211","142","168","153","153"
"2023","HZ","Wood Bison","DNA","38",NA,2015,"Trent","","","","100","89","89","138","138","187","191","253","253","103","103","141","145","93","103","129","141","189","195","232","238","87","89","162","162","108","113","174","174","229","231","143","145","158","160","90","90","138","142","194","194","252","252","173","177","152","158","154","154","83","83","124","132","165","183","142","142","260","262","150","150","129","129","155","157","91","91","148","150","180","180","110","112","172","172","85","89","161","169","87","87","114","116","161","167","228","228","122","122","98","102","95","95","181","181","205","211","158","166","145","153"
"2023","HZ","Wood Bison","DNA","4",NA,2015,"Trent","","","","100","89","91","138","138","179","191","249","249","103","103","141","145","85","93","129","141","191","191","238","238","87","87","158","161","113","115","172","172","227","229","143","143","158","158","90","102","127","146","190","194","252","254","167","177","152","152","154","160","81","83","132","132","175","183","142","142","260","262","148","150","125","129","153","157","91","91","148","150","180","184","110","110","170","172","85","89","161","169","87","93","116","116","167","167","228","238","128","130","102","102","95","101","177","181","205","215","144","158","145","149"
"2023","HZ","Wood Bison","DNA","41",NA,2015,"Trent","","","","100","89","89","138","138","179","187","249","253","103","104","135","141","93","97","141","141","189","191","232","238","87","89","162","162","113","113","172","172","255","233","143","143","158","158","90","102","142","146","194","194","246","252","167","175","152","158","154","154","83","83","124","132","165","175","138","142","260","262","148","150","129","129","155","159","91","91","148","150","180","180","110","110","172","172","85","89","165","169","89","91","114","116","161","167","228","228","114","128","102","102","95","95","181","181","205","215","158","158","149","153"
"2025","HZ","Wood Bison","Tissue","BISO25-011","14-Mar-25",2025,"Trent","","","","96","89","91","136","138","187","187","253","269","103","103","141","141","93","103","129","143","189","191","232","238","87","87","158","162","108","113","172","172","229","231","143","143","156","158","90","90","142","146","190","194","252","252","167","167","152","152","144","152","83","83","124","132","165","183","142","142","262","262","150","150","125","129","153","155","91","91","150","150","180","184","112","112","172","172","89","89","161","169","89","89","","","167","167","224","228","130","132","96","104","95","95","177","181","205","211","142","168","153","153"
"2025","HZ","Wood Bison","Tissue","BISO25-013","14-Mar-25",2025,"Trent","","","","98","89","89","138","138","179","187","249","269","103","103","141","141","93","93","141","143","191","195","238","238","89","91","158","160","115","115","172","172","229","233","143","143","154","156","90","102","127","127","190","194","248","252","173","177","146","158","154","160","83","83","124","132","165","179","142","142","260","262","150","150","125","125","155","157","91","95","150","150","180","180","112","112","166","172","85","89","161","169","89","91","116","116","167","167","224","224","130","130","102","102","95","101","181","191","211","211","166","166","145","151"
"2025","HZ","Wood Bison","Tissue","BISO25-014","14-Mar-25",2025,"Trent","","","","98","89","93","136","140","179","191","253","253","103","103","141","141","93","103","129","129","189","191","232","238","87","91","158","158","113","113","172","172","227","229","143","143","158","158","90","90","127","142","190","190","252","252","167","173","146","166","154","154","77","81","124","124","179","183","142","142","260","262","150","150","129","129","155","159","91","92","150","150","180","180","110","112","166","166","89","89","165","169","87","87","116","116","161","167","228","236","132","132","98","98","101","103","181","181","201","207","142","158","145","153"
"2025","HZ","Wood Bison","Tissue","BISO25-015","14-Mar-25",2025,"Trent","","","","96","89","93","138","140","187","191","253","253","103","103","141","145","85","103","129","141","191","191","232","238","87","87","158","162","113","115","172","176","229","229","143","143","156","158","90","90","146","146","194","194","252","254","173","177","146","152","154","154","77","81","124","132","165","183","138","142","262","262","150","150","125","129","155","155","91","91","148","150","184","196","110","112","172","172","89","89","161","161","81","87","","","167","167","228","238","130","130","102","104","95","95","177","181","207","211","158","166","145","153"
"2025","HZ","Wood Bison","Tissue","BISO25-019","14-Mar-25",2025,"Trent","","","","96","89","89","136","138","181","187","253","253","103","103","135","141","85","93","129","129","191","195","232","238","87","87","158","162","113","113","172","172","227","229","143","143","156","158","90","90","142","142","194","194","252","252","167","167","146","152","154","154","81","83","132","132","183","183","142","142","260","260","148","150","129","129","153","155","92","92","150","150","184","196","110","112","172","172","89","89","161","161","87","89","116","118","161","167","224","228","130","130","","","95","101","181","181","211","215","144","158","145","153"
"2025","HZ","Wood Bison","Tissue","BISO25-020","14-Mar-25",2025,"Trent","","","","98","89","89","136","138","179","181","253","253","103","103","141","141","89","93","129","149","191","195","232","238","89","91","147","162","113","113","172","174","227","233","143","145","156","156","90","102","127","142","194","194","252","254","173","173","152","158","144","160","83","83","124","132","175","183","138","150","260","262","150","150","129","129","153","155","91","91","148","150","180","184","110","112","166","166","89","89","161","169","87","89","116","118","167","167","228","236","130","130","98","102","95","101","181","181","205","207","158","168","153","153"
"2023","MBS","Wood Bison","DNA","2161",NA,2015,"Trent","","","","100","89","93","134","136","179","179","253","269","103","103","135","145","97","103","141","143","191","195","238","252","87","87","158","161","113","113","172","174","229","231","143","143","156","158","90","102","140","150","190","194","246","246","167","177","146","152","154","156","81","81","124","132","165","175","138","142","260","262","150","150","129","129","157","157","91","91","146","146","192","196","106","110","172","176","85","89","161","165","85","89","108","114","167","167","228","240","130","130","104","104","95","95","191","191","205","211","142","166","145","153"
"2023","MBS","Wood Bison","DNA","2162",NA,2015,"Trent","","","","100","91","91","136","142","179","181","253","253","103","103","141","147","89","103","129","143","195","195","232","238","87","89","158","160","113","115","172","182","229","231","143","145","158","158","90","102","127","140","194","194","246","250","171","175","158","166","154","154","81","83","124","124","165","175","142","150","262","262","146","150","127","129","155","155","91","92","150","154","192","196","106","110","170","170","81","81","161","173","91","93","114","118","167","167","228","228","130","130","94","104","95","101","181","191","205","205","162","164","149","149"
"2023","MBS","Wood Bison","DNA","2163",NA,2015,"Trent","","","","100","89","91","136","138","179","187","253","253","103","103","141","141","93","103","129","143","191","191","238","238","87","89","162","162","108","113","172","172","229","231","145","145","156","156","90","90","140","140","190","194","252","252","167","175","152","152","154","154","83","83","124","132","183","183","142","148","256","260","140","146","129","129","155","157","91","91","146","150","180","180","106","112","170","176","89","95","173","173","89","91","114","116","167","167","228","236","114","132","102","104","101","103","181","191","201","207","142","158","149","153"
"2023","MBS","Wood Bison","DNA","2165",NA,2015,"Trent","","","","100","89","91","136","142","179","181","253","253","103","103","141","145","85","85","129","129","189","195","232","238","87","89","147","162","108","113","182","182","231","231","143","143","158","158","90","90","127","140","194","194","252","252","173","175","152","152","154","154","81","83","124","132","165","175","148","150","262","262","140","140","125","127","157","159","92","92","150","154","184","184","112","112","170","176","89","89","161","165","85","91","114","116","167","167","228","238","120","130","102","104","101","103","181","191","205","207","158","158","151","151"
"2023","MBS","Wood Bison","DNA","2166",NA,2015,"Trent","","","","100","91","91","136","138","179","179","253","253","103","103","145","145","97","103","129","129","191","191","232","238","87","89","161","161","113","115","172","182","227","229","143","143","156","156","90","90","127","138","194","200","246","252","165","165","152","164","154","154","81","83","124","132","165","175","148","148","260","260","150","150","129","129","155","159","91","94","150","150","192","192","110","112","170","172","83","89","161","165","85","93","114","116","167","167","228","238","128","128","100","104","101","101","181","191","205","205","164","166","151","153"
"2023","MBS","Wood Bison","DNA","2171",NA,2015,"Trent","","","","100","89","91","134","134","179","179","241","253","103","104","145","145","83","103","129","129","189","191","238","254","87","89","158","162","113","115","172","182","225","231","143","143","156","158","90","102","127","140","190","194","246","254","165","175","146","152","154","154","77","81","124","132","175","183","142","148","262","262","148","150","129","129","155","155","91","92","146","148","180","192","106","108","170","176","85","89","173","173","85","87","114","116","167","167","238","238","130","132","96","102","103","103","191","191","211","211","142","142","145","149"
"2023","MBS","Wood Bison","DNA","2176",NA,2015,"Trent","","","","100","91","91","136","142","179","187","241","253","103","105","135","145","103","103","129","129","189","195","232","238","87","87","158","160","115","115","182","182","229","231","143","143","156","158","90","102","127","140","190","194","252","254","171","173","152","158","154","160","81","83","132","132","175","183","142","142","260","262","146","150","125","129","157","157","91","91","146","150","180","184","106","110","170","172","89","89","161","165","85","91","108","116","167","167","228","228","118","130","102","104","95","101","181","191","205","215","162","168","145","151"
"2023","MBS","Wood Bison","DNA","2177",NA,2015,"Trent","","","","100","89","91","134","136","179","181","253","253","103","105","141","145","93","103","141","143","189","191","252","252","87","89","158","161","115","115","178","178","225","231","143","143","158","158","102","102","127","127","190","194","246","252","167","175","152","152","144","154","77","83","124","124","165","183","142","148","260","262","140","150","125","129","157","157","91","91","146","150","180","192","106","112","166","170","83","89","173","173","81","89","114","118","167","167","228","238","130","134","102","104","103","103","181","181","205","215","142","166","151","153"
"2023","MBS","Wood Bison","DNA","2182",NA,2015,"Trent","","","","100","91","93","134","138","179","181","253","253","103","103","145","145","103","103","129","143","191","195","238","252","87","87","147","158","108","115","172","178","229","231","143","143","156","160","90","90","127","140","194","194","252","252","167","173","146","152","154","154","83","83","124","132","165","183","148","148","260","260","150","150","125","129","155","157","91","91","146","150","190","192","90","106","170","176","81","89","173","173","91","93","114","116","161","167","224","238","132","134","98","102","95","95","181","191","205","211","142","158","151","151"
"2023","MBS","Wood Bison","DNA","2187",NA,2015,"Trent","","","","100","89","89","134","138","179","181","253","253","103","103","135","141","103","103","141","143","191","191","238","252","87","89","158","158","108","115","174","182","231","231","143","143","158","160","90","102","127","140","190","194","246","252","177","177","152","152","144","144","83","83","124","132","183","183","142","142","262","262","150","150","125","129","155","159","91","92","150","154","180","180","110","110","170","170","85","85","161","173","81","85","114","118","167","167","238","238","114","134","102","102","95","101","181","181","205","215","142","164","145","151"
"2023","MBS","Wood Bison","DNA","2188",NA,2015,"Trent","","","","100","89","89","134","134","179","179","269","269","103","103","135","141","103","103","129","143","191","191","232","238","89","89","158","162","113","115","172","174","229","231","143","143","156","160","90","90","127","140","188","194","252","252","167","173","152","166","160","160","83","83","124","132","183","183","142","148","256","260","146","150","125","129","155","159","91","92","146","150","180","180","106","106","172","172","89","89","165","173","81","89","114","116","161","167","238","238","128","134","94","104","103","103","181","191","211","215","142","166","145","145"
"2023","MBS","Wood Bison","DNA","2190",NA,2015,"Trent","","","","100","89","89","136","136","179","179","253","253","103","103","141","147","103","103","129","143","189","191","238","238","87","89","143","158","108","113","172","174","231","231","143","143","156","156","90","90","140","148","188","194","250","252","165","173","146","152","154","154","81","83","124","132","165","175","142","148","260","260","146","150","125","129","155","157","91","94","146","150","180","196","110","110","170","176","85","89","173","173","89","93","114","116","167","167","240","240","114","114","102","102","101","103","181","191","211","215","142","164","149","151"
"2023","MBS","Wood Bison","DNA","2196",NA,2015,"Trent","","","","100","89","89","134","136","179","187","241","241","103","105","135","141","85","103","143","143","191","195","252","252","87","87","160","161","113","115","172","182","229","229","143","143","158","160","90","90","140","140","194","194","252","252","167","175","152","152","144","154","83","83","122","124","165","181","142","148","260","260","140","140","123","129","155","159","91","91","150","150","180","196","110","110","170","170","83","89","161","165","89","91","116","116","167","167","228","240","130","130","102","102","95","103","177","191","205","215","142","158","149","151"
"2023","MBS","Wood Bison","DNA","2198",NA,2015,"Trent","","","","100","89","91","134","134","179","187","241","269","103","105","135","145","91","103","143","143","189","195","238","252","87","89","147","147","113","113","172","178","229","231","143","143","154","158","90","102","127","127","190","194","252","254","167","167","152","162","154","154","83","83","124","132","165","165","142","150","262","262","140","140","123","129","155","157","91","92","146","146","184","196","112","112","170","176","89","89","161","173","81","89","114","118","167","167","224","228","130","134","102","104","95","103","191","191","205","205","142","156","151","151"
"2023","MBS","Wood Bison","DNA","2272",NA,2015,"Trent","","","","100","89","89","134","134","179","179","253","253","103","103","141","145","93","103","129","143","189","191","232","238","87","87","160","162","115","115","172","174","229","231","143","145","156","160","90","90","127","146","194","194","246","246","167","173","152","152","144","154","81","83","122","124","165","183","142","142","256","260","146","150","129","129","155","157","91","91","150","150","184","190","90","106","170","176","83","89","161","173","87","91","116","118","167","167","224","238","130","130","102","102","95","95","181","191","205","205","158","166","151","151"
"2023","MBS","Wood Bison","DNA","2276",NA,2015,"Trent","","","","100","91","91","136","136","175","179","253","269","103","103","141","145","103","103","129","129","191","195","238","238","87","89","158","158","113","113","172","174","231","231","143","143","154","156","90","90","127","146","194","194","252","252","163","173","152","166","154","156","77","85","124","124","175","175","142","142","262","262","148","150","125","127","155","159","91","91","146","150","180","196","110","110","170","170","81","89","161","161","87","91","116","118","167","167","228","228","119","132","98","104","101","103","181","181","205","211","142","166","149","151"
"2023","MBS","Wood Bison","DNA","2277",NA,2015,"Trent","","","","100","89","89","136","136","175","187","253","269","103","103","135","141","93","97","129","141","195","195","238","238","87","87","158","162","115","115","174","176","225","231","143","143","156","156","90","90","127","140","194","194","250","252","165","177","146","152","154","154","81","83","124","124","165","175","148","150","262","262","148","150","123","125","155","157","91","94","146","146","184","192","106","110","166","176","89","89","161","173","91","91","118","118","167","167","238","238","114","134","104","104","101","103","191","191","205","207","158","166","145","153"
"2023","MBS","Wood Bison","DNA","2283",NA,2015,"Trent","","","","100","89","91","136","136","181","187","253","269","103","105","141","141","103","103","129","129","189","191","232","232","87","87","162","162","115","115","174","178","229","231","143","143","158","160","90","102","127","127","194","194","246","252","165","177","152","166","144","154","81","83","124","132","165","165","142","142","262","262","140","150","125","125","155","159","91","94","146","154","180","184","110","112","176","176","89","89","161","165","85","91","114","114","161","167","224","224","130","132","102","102","95","101","181","191","211","215","158","168","145","153"
"2023","MBS","Wood Bison","DNA","2289",NA,2015,"Trent","","","","100","89","91","136","136","175","181","253","253","103","103","135","145","93","103","129","143","191","195","238","254","87","87","158","162","108","115","172","178","229","231","143","143","156","156","90","90","127","138","190","194","250","252","167","175","152","166","144","156","83","83","132","132","175","183","142","142","262","262","140","148","125","125","155","159","91","94","150","150","180","180","106","112","170","176","89","89","161","173","85","89","114","116","167","167","228","238","114","130","102","104","95","101","191","191","207","211","166","168","145","153"
"2023","MBS","Wood Bison","DNA","2295",NA,2015,"Trent","","","","100","89","91","134","138","179","181","253","253","103","103","141","145","97","103","141","143","189","191","238","252","87","87","158","161","113","115","182","182","225","231","143","143","158","158","90","90","138","146","194","194","252","252","175","175","146","152","154","154","77","83","124","124","165","165","148","148","262","262","146","150","125","129","155","157","91","92","146","150","192","192","106","110","172","176","85","85","161","173","81","85","116","118","167","167","228","236","130","132","98","104","101","103","181","181","211","211","142","162","149","153"
"2023","MBS","Wood Bison","DNA","2296",NA,2015,"Trent","","","","100","91","91","136","138","179","181","253","253","103","103","135","141","91","103","141","141","189","195","252","254","87","87","162","162","113","113","182","182","227","231","143","143","156","156","90","90","138","140","194","194","244","252","165","165","146","152","154","156","77","83","124","124","165","165","148","148","262","262","146","150","125","129","155","157","91","94","146","146","184","192","106","110","174","176","81","89","161","173","89","91","114","118","167","167","238","238","132","134","100","102","97","101","181","191","205","205","158","168","145","153"
"2023","MBS","Wood Bison","DNA","2310",NA,2015,"Trent","","","","100","89","91","136","136","181","181","253","253","103","103","141","141","89","103","129","129","191","195","238","238","87","89","147","158","108","115","172","174","227","229","143","143","158","158","102","102","140","140","194","194","246","254","167","175","146","146","154","154","81","83","122","132","165","165","142","142","260","262","146","150","129","129","155","157","91","94","150","150","180","180","108","108","170","174","89","89","161","173","85","89","114","114","167","167","228","238","114","130","98","98","101","103","181","187","207","211","162","168","149","151"
"2023","NAH","Wood Bison","Biopsy","1","2022",2022,"Trent","","","","100","91","91","136","136","187","187","241","253","103","103","135","141","89","93","129","143","189","191","232","238","87","87","147","147","115","115","174","174","229","229","143","143","160","160","90","102","127","127","188","190","252","252","167","177","146","166","154","154","77","85","124","126","165","179","142","142","260","262","146","150","125","129","157","159","92","92","150","150","180","180","110","110","166","176","89","95","161","165","87","89","116","116","161","167","228","236","130","130","92","102","101","101","181","181","205","205","144","166","151","151"
"2024","NAH","Wood Bison","Fecal","Nahanni-1","2021",2021,"Trent","","","","98","91","91","136","136","179","187","253","269","103","104","135","141","103","103","129","143","191","191","238","252","87","89","160","160","108","113","172","174","229","229","143","145","158","158","90","90","127","127","188","194","250","252","165","175","146","152","154","154","83","83","122","124","165","175","138","138","260","262","146","150","125","125","157","159","91","91","146","150","180","180","110","112","166","172","89","89","161","161","89","89","116","116","167","167","228","228","130","130","102","102","95","99","181","181","205","211","","","149","151"
"2024","NAH","Wood Bison","Fecal","Nahanni-10","2021",2021,"Trent","","","","100","89","89","136","136","181","187","253","253","103","103","135","141","91","103","129","129","191","195","232","252","87","87","158","160","115","115","180","180","229","229","143","157","156","156","90","90","142","146","194","194","252","252","177","177","152","152","154","154","77","77","122","132","165","183","138","138","260","262","140","146","123","125","157","159","91","95","150","150","180","184","106","112","170","172","89","89","161","161","87","89","116","116","167","167","238","238","130","132","102","102","101","101","181","191","205","211","142","144","151","151"
"2024","NAH","Wood Bison","Fecal","Nahanni-8","2021",2021,"Trent","","","","98","89","91","136","136","179","187","241","269","103","104","135","141","93","93","129","129","189","191","238","252","87","89","160","162","115","115","172","172","227","229","143","145","158","160","90","90","127","142","188","194","250","252","165","177","146","152","154","160","77","81","124","124","175","179","142","142","260","262","148","150","125","129","155","155","","","146","150","180","198","90","106","172","172","89","89","173","173","81","91","116","116","167","167","228","228","130","130","92","102","95","99","181","181","201","215","144","158","149","151"
"2023","NORD","Wood Bison","Biopsy","31","2022",2022,"Trent","","","","100","89","91","134","138","179","187","249","253","103","103","135","141","93","103","129","143","191","195","232","238","87","89","158","162","108","113","174","176","227","229","143","143","158","160","88","90","127","142","188","194","252","252","167","173","146","152","154","154","77","81","132","132","165","175","148","148","260","262","140","148","125","125","155","155","91","91","150","150","180","184","106","106","170","172","85","89","161","169","89","89","116","118","167","167","228","236","130","130","96","102","101","103","181","181","205","205","144","166","145","151"
"2023","NORD","Wood Bison","Biopsy","32","2022",2022,"Trent","","","","100","89","89","136","140","187","187","249","253","103","103","141","147","89","103","129","129","191","191","252","254","87","89","147","162","115","115","174","174","227","229","143","143","156","158","90","102","140","142","188","194","252","252","173","173","146","152","144","154","77","83","124","132","165","179","142","148","260","260","140","150","125","125","153","155","91","91","150","150","180","180","106","112","172","178","89","95","161","173","89","91","116","118","167","167","228","236","114","130","98","104","95","95","181","191","205","205","142","166","153","153"
"2023","NORD","Wood Bison","Biopsy","33","2022",2022,"Trent","","","","100","89","89","136","140","187","187","253","253","103","103","141","145","89","93","129","129","191","191","232","252","87","89","147","162","108","108","174","174","229","229","143","143","156","160","90","90","142","142","188","194","252","252","167","173","146","146","154","154","81","83","132","132","165","183","138","142","260","260","140","150","125","125","157","159","91","92","150","150","180","196","110","112","170","176","83","89","161","169","89","89","116","118","161","167","228","238","128","130","96","96","101","103","181","181","205","211","142","168","153","153"
"2023","NORD","Wood Bison","Biopsy","34","2022",2022,"Trent","","","","100","91","91","136","138","187","187","253","271","103","103","145","145","89","93","129","129","191","191","232","252","87","89","158","162","108","113","174","176","227","227","143","143","154","154","90","102","127","127","188","194","250","252","167","177","152","152","152","154","83","83","132","132","175","175","142","148","262","262","150","150","129","129","155","155","92","94","150","150","180","184","106","108","166","172","85","89","165","173","87","89","114","116","167","167","228","228","128","130","102","102","95","101","181","181","205","205","166","166","153","153"
"2023","NORD","Wood Bison","Biopsy","35","2022",2022,"Trent","","","","100","89","91","138","140","179","179","253","253","103","103","141","141","89","93","143","149","189","191","232","232","87","89","147","147","113","115","174","174","229","229","143","143","158","158","90","102","142","146","188","190","252","252","167","173","152","152","154","154","77","81","124","132","183","183","138","148","262","262","140","150","123","129","155","155","92","92","150","150","196","196","90","106","166","170","85","89","161","169","89","89","114","116","167","167","228","238","128","130","96","104","95","95","181","181","205","207","166","166","149","151"
"2023","NORD","Wood Bison","Biopsy","4","2021",2021,"Trent","","","","100","89","89","134","134","179","187","253","253","103","103","141","141","93","93","129","129","191","195","238","238","87","89","147","147","115","115","172","174","227","229","143","143","158","160","90","102","127","140","194","194","252","252","167","173","152","152","154","160","77","81","124","132","175","175","142","142","260","260","148","150","129","129","153","155","91","92","150","150","180","196","106","106","176","176","89","89","161","161","89","89","118","118","167","167","238","238","130","130","102","104","95","101","181","181","205","205","168","168","149","151"
"2023","NORD","Wood Bison","Biopsy","6","2021",2021,"Trent","","","","100","89","91","136","136","181","187","253","253","103","103","141","141","89","103","129","129","189","191","252","252","87","87","158","162","108","115","172","174","227","229","143","143","156","156","90","102","127","142","188","188","252","252","167","173","146","152","154","154","81","83","132","132","175","183","138","142","262","262","140","150","125","129","155","159","91","92","146","150","180","180","110","110","170","172","85","95","165","173","87","91","116","118","167","167","228","228","114","130","96","102","101","103","181","181","201","205","166","166","153","153"
"2023","NORD","Wood Bison","Biopsy","8","2021",2021,"Trent","","","","100","89","89","136","140","181","187","249","253","103","103","135","141","93","103","129","129","189","191","232","238","87","87","158","162","108","115","172","174","229","231","143","143","158","160","90","90","142","142","194","194","252","252","167","167","146","152","144","154","77","83","132","132","165","183","138","142","262","262","140","148","129","129","155","159","91","91","146","150","180","180","110","112","166","170","83","89","161","173","89","89","116","116","161","167","228","228","130","132","96","98","101","103","181","181","205","205","144","166","145","151"
"2023","NORD","Wood Bison","Biopsy","10","2021",2021,"Trent","","","","100","89","91","136","140","181","187","253","253","103","103","141","141","93","103","129","143","191","191","238","252","89","91","158","162","115","115","174","174","229","229","143","143","158","160","88","90","142","148","188","194","252","252","167","167","146","146","154","158","81","83","132","132","165","175","138","142","262","262","140","150","125","125","153","157","91","91","150","150","180","184","90","106","172","172","83","89","165","169","89","89","116","116","167","167","228","236","114","128","96","104","95","103","181","181","205","207","142","144","149","151"
"2023","NORD","Wood Bison","Biopsy","11","2021",2021,"Trent","","","","100","89","91","136","138","187","187","253","253","103","103","141","141","93","103","129","129","191","195","238","238","87","87","158","158","108","115","172","176","229","231","143","143","156","158","90","102","127","142","190","194","250","252","167","167","146","152","154","154","77","83","132","132","165","175","142","142","260","262","148","150","129","129","153","159","91","91","150","150","180","196","110","112","172","176","89","95","165","169","89","89","116","116","167","167","228","236","114","130","102","104","95","101","181","181","205","211","166","168","147","149"
"2023","NORD","Wood Bison","Biopsy","13","2021",2021,"Trent","","","","98","89","91","134","138","179","179","253","253","103","103","141","141","89","93","129","143","189","191","232","238","87","89","147","162","115","115","174","174","229","233","143","143","158","160","90","102","142","146","188","194","252","252","167","173","146","152","154","154","81","81","132","132","183","183","148","148","262","262","140","150","","","155","155","92","94","150","150","180","196","106","106","170","172","85","95","169","169","89","89","116","116","167","167","228","228","130","130","96","102","95","95","181","181","205","205","158","168","145","149"
"2023","NORD","Wood Bison","Biopsy","14","2021",2021,"Trent","","","","100","89","91","138","138","181","187","253","253","103","103","135","141","103","103","129","129","189","195","232","232","87","87","158","160","108","115","174","174","229","231","143","143","156","158","90","90","140","148","190","194","250","252","173","177","146","152","154","154","77","81","132","132","175","175","142","142","260","262","140","140","123","125","155","159","91","91","148","150","184","196","112","112","166","170","85","85","165","169","87","89","116","116","167","167","228","238","128","130","104","104","95","103","181","181","205","205","142","166","149","151"
"2023","NORD","Wood Bison","Biopsy","15","2021",2021,"Trent","","","","100","89","91","138","140","187","187","249","253","103","103","141","141","93","93","129","143","191","191","232","252","89","89","162","162","108","115","174","174","229","229","143","143","156","160","88","90","142","142","188","194","244","252","167","177","146","146","154","154","81","81","132","132","165","165","142","148","260","262","140","140","125","129","155","157","91","92","150","150","184","184","106","106","170","172","83","85","169","169","89","89","116","118","167","167","228","236","128","130","96","96","99","103","181","181","205","205","142","166","145","149"
"2023","NORD","Wood Bison","Biopsy","16","2021",2021,"Trent","","","","100","89","91","138","138","179","181","253","253","103","103","141","145","97","103","129","149","189","191","232","252","87","91","147","160","113","115","174","174","231","231","143","143","154","158","90","90","146","148","190","194","250","252","167","177","152","152","154","154","77","85","132","132","175","183","142","148","262","262","140","150","123","129","155","157","91","94","150","150","196","196","106","112","172","176","85","89","161","165","89","89","116","116","167","167","228","228","128","130","96","102","95","103","181","181","205","205","144","144","149","151"
"2023","NORD","Wood Bison","Biopsy","17","2021",2021,"Trent","","","","100","89","89","134","140","187","187","249","253","103","103","141","141","93","93","129","129","191","191","232","232","87","89","162","162","108","115","174","174","229","229","143","143","158","160","88","90","142","142","188","194","244","252","167","177","146","146","154","154","81","83","132","132","165","165","138","142","262","262","140","146","125","129","155","157","91","92","150","150","180","184","110","110","170","172","83","89","169","173","91","91","116","116","167","167","228","228","130","130","96","98","95","103","181","181","205","205","142","166","145","149"
"2023","NORD","Wood Bison","Biopsy","18","2021",2021,"Trent","","","","100","91","91","138","138","181","181","253","253","103","103","135","141","93","103","129","149","191","195","232","232","87","87","158","162","108","113","174","174","227","231","143","143","156","158","90","90","140","148","190","190","252","252","173","177","146","152","144","154","81","83","132","132","175","175","142","142","262","262","140","150","125","125","159","159","91","91","148","150","180","196","90","112","166","176","85","89","165","173","87","89","116","116","167","167","228","238","128","130","102","104","95","103","181","181","205","207","166","166","151","151"
"2023","NORD","Wood Bison","Biopsy","19","2021",2021,"Trent","","","","100","89","91","138","138","179","181","253","253","103","103","135","135","93","103","149","149","191","191","232","232","87","87","147","147","113","113","174","174","229","229","143","143","156","158","90","90","127","142","190","194","252","252","167","177","146","152","144","144","83","83","124","124","183","183","138","142","260","262","140","150","125","125","155","159","91","91","150","150","180","196","110","112","166","172","89","89","161","161","89","89","112","116","167","167","228","238","128","130","98","104","95","103","177","181","205","207","144","144","151","153"
"2023","HZ","Wood Bison","DNA","rainbow lake 1",NA,2015,"Trent","","","","100","91","93","136","136","179","187","253","269","103","103","135","147","93","93","129","129","189","191","232","232","87","89","158","158","113","113","174","174","225","229","143","143","158","158","90","90","138","146","194","194","246","246","167","177","152","166","154","160","81","85","124","124","175","175","142","142","260","262","146","148","125","129","155","159","91","92","146","150","184","198","110","112","166","172","85","95","161","161","89","89","","","167","167","238","238","132","132","102","102","101","103","181","181","205","205","142","166","151","151"
"2023","RL","Wood Bison","serum","35462","2014",2014,"Trent","","","","100","89","91","134","138","185","191","247","247","103","103","135","145","97","97","129","143","189","189","232","232","87","89","160","160","108","113","174","176","225","229","133","143","156","160","90","102","148","150","194","202","246","252","163","173","146","152","154","160","83","83","122","132","175","175","142","142","260","262","140","146","129","129","151","155","95","95","146","146","180","184","106","110","170","172","85","89","161","161","87","91","","","161","167","240","240","118","130","102","102","95","103","181","181","205","207","142","158","145","145"
"2023","RL","Wood Bison","serum","35463","2014",2014,"Trent","","","","100","89","91","134","136","185","187","247","253","103","103","145","147","93","103","129","129","191","191","238","254","87","87","160","162","108","113","174","174","225","225","143","143","156","160","90","90","148","150","190","194","252","252","173","175","146","156","144","154","83","83","124","132","175","175","142","142","260","262","146","148","123","129","155","155","95","95","150","150","180","184","106","108","170","172","85","89","161","173","85","87","","","161","167","228","238","128","130","102","104","95","103","181","181","205","211","142","144","145","145"
"2023","RL","Wood Bison","serum","35464","2014",2014,"Trent","","","","100","89","89","134","136","185","185","247","253","103","103","135","145","103","103","129","129","189","191","254","254","89","91","160","162","113","115","176","176","229","231","143","143","158","160","90","102","150","150","188","194","250","252","163","177","156","162","154","160","77","83","132","132","183","183","142","150","260","262","146","148","129","129","155","155","92","95","146","150","180","180","106","106","170","172","89","89","173","173","85","85","","","167","167","228","240","130","130","98","102","95","101","181","191","207","211","142","158","145","145"
"2023","RL","Wood Bison","serum","35465","2014",2014,"Trent","","","","100","91","93","134","134","181","187","241","247","103","103","135","145","93","103","129","129","189","189","238","254","87","87","158","160","115","115","172","174","229","229","143","143","154","158","90","102","146","150","194","202","252","252","163","167","156","156","144","160","83","83","124","132","183","183","142","148","260","262","140","150","129","129","155","155","91","92","150","150","180","180","106","106","172","172","85","89","161","165","81","87","","","161","167","236","236","130","132","102","104","95","101","181","181","205","211","142","166","145","145"
"2023","RL","Wood Bison","serum","35466","2014",2014,"Trent","","","","100","91","93","134","138","185","191","253","253","103","103","141","145","93","103","129","143","189","191","248","254","83","87","160","162","113","115","172","174","225","225","143","147","158","158","90","102","140","150","194","194","252","254","163","177","146","158","144","144","83","83","124","124","175","183","142","150","262","262","146","150","123","129","151","155","92","92","150","150","180","198","106","108","172","172","83","89","161","161","89","91","","","167","167","236","240","118","118","102","104","103","103","181","181","205","205","142","166","145","149"
"2023","RL","Wood Bison","serum","37488","2019",2019,"Trent","","","","100","89","91","134","136","185","187","247","247","103","103","147","147","103","103","129","129","191","191","238","238","87","87","160","160","108","113","172","176","229","231","143","143","158","160","90","90","150","150","194","194","252","252","175","177","152","156","144","144","83","83","124","124","175","175","142","150","256","260","148","150","123","129","151","155","92","95","150","150","180","180","106","106","170","172","83","89","161","161","85","89","","","167","167","228","240","130","130","102","104","95","95","181","181","207","211","142","142","145","149"
"2023","RL","Wood Bison","serum","37489","2019",2019,"Trent","","","","100","89","89","134","136","185","185","247","253","103","103","135","135","91","103","129","129","189","191","232","254","87","89","160","160","113","115","172","176","229","231","143","143","156","156","90","102","127","148","194","194","250","252","173","177","146","156","144","154","77","83","124","132","175","181","142","150","262","262","140","146","129","129","151","155","92","92","150","150","180","180","106","106","170","170","83","89","173","173","85","89","","","167","167","236","236","128","130","104","104","95","103","181","181","207","215","142","166","145","145"
"2023","RL","Wood Bison","serum","37491","2019",2019,"Trent","","","","100","89","91","134","136","185","187","241","253","103","103","145","147","93","103","129","129","191","191","254","254","87","89","160","162","108","113","172","174","225","229","143","143","154","156","90","102","140","148","190","194","252","252","175","175","156","156","144","144","83","83","124","124","175","183","142","142","260","260","148","148","123","129","155","155","92","95","150","150","180","184","106","108","172","172","85","89","165","173","85","87","","","161","167","228","238","128","130","102","104","95","101","181","181","205","215","144","144","145","145"
"2023","RL","Wood Bison","serum","37495","2019",2019,"Trent","","","","100","89","91","138","138","185","191","247","247","103","103","135","141","91","103","129","141","189","191","238","238","87","89","160","160","113","115","174","176","229","229","143","143","156","156","90","90","146","146","194","194","252","252","167","177","152","156","144","154","83","83","132","132","183","183","142","142","262","262","148","150","129","129","155","155","92","95","150","150","180","184","106","108","172","172","83","89","173","173","81","81","","","167","167","236","240","118","118","102","104","95","95","181","181","205","205","142","168","145","149"
"2023","RL","Wood Bison","serum","37496","2019",2019,"Trent","","","","100","91","93","134","134","185","187","253","269","103","103","135","141","91","103","129","129","189","191","232","252","87","91","160","160","113","115","172","178","229","231","143","143","156","158","90","90","146","150","188","188","252","252","163","175","152","158","144","144","83","83","124","124","175","183","142","142","262","262","148","148","129","129","151","155","95","95","146","150","180","180","106","106","172","174","83","89","173","173","85","89","","","161","167","228","236","130","130","104","104","101","103","181","191","205","215","144","168","145","145"
"2023","RL","Wood Bison","DNA","9-Dec",NA,2012,"Trent","","","","100","89","91","134","136","187","191","253","269","103","103","135","145","93","103","129","143","189","195","232","238","89","89","160","160","113","115","174","174","229","231","133","143","156","158","90","102","148","150","190","194","246","252","163","167","152","152","144","160","83","83","132","132","175","183","142","142","256","262","140","140","125","125","151","155","92","95","150","150","180","180","106","106","170","172","85","89","173","173","85","91","","","167","167","236","240","118","132","102","102","95","95","181","181","205","211","166","166","145","145"
"2023","RL","Wood Bison","DNA","10-Dec",NA,2012,"Trent","","","","100","89","89","134","136","181","185","247","253","103","103","135","147","91","97","129","143","189","189","238","254","87","91","158","160","115","115","172","174","231","231","143","143","154","158","90","102","148","150","194","194","250","252","175","177","152","152","144","154","83","83","124","132","183","183","142","150","260","260","146","150","129","129","155","155","95","95","146","146","180","180","96","106","170","170","85","89","165","173","87","87","","","167","167","236","236","130","130","102","102","103","103","181","181","211","215","142","166","145","145"
"2023","RL","Wood Bison","DNA","11-Dec",NA,2012,"Trent","","","","100","91","91","136","138","187","191","253","269","103","103","135","141","97","103","141","149","189","191","238","252","87","87","160","160","115","115","172","176","229","231","143","143","156","158","102","102","127","150","188","194","252","252","161","175","150","150","144","144","83","83","124","124","175","183","142","142","262","262","146","146","129","129","151","157","95","95","150","150","180","198","106","112","170","172","85","89","173","173","87","91","","","167","167","228","236","118","132","100","104","95","103","181","181","207","207","158","168","145","145"
"2023","RL","Wood Bison","DNA","12-Dec",NA,2012,"Trent","","","","100","89","91","136","136","187","191","253","269","103","103","135","145","97","97","129","129","189","191","238","254","87","89","160","162","113","113","174","176","229","231","143","143","156","156","90","102","140","148","188","202","252","252","173","173","156","162","144","144","83","83","132","132","165","183","142","148","260","262","146","150","129","129","151","155","95","95","150","150","180","192","106","106","172","172","89","89","161","161","89","91","","","167","167","236","236","130","130","104","104","95","97","181","181","207","207","142","166","149","149"
"2023","RL","Wood Bison","DNA","13-Dec",NA,2012,"Trent","","","","100","89","91","136","136","185","187","241","253","103","103","135","141","97","103","127","141","189","191","232","238","87","89","160","162","113","113","172","174","229","231","143","143","156","156","90","102","127","146","194","202","246","252","163","177","146","152","154","160","83","83","124","124","175","183","142","148","262","262","150","150","125","129","155","155","92","92","150","150","180","180","106","106","170","170","89","89","173","173","85","85","","","167","167","228","236","132","132","104","104","95","103","181","181","207","211","158","166","145","149"
"2023","RL","Wood Bison","DNA","14-Dec",NA,2012,"Trent","","","","100","91","91","134","136","187","187","247","253","102","102","135","145","91","93","129","143","189","191","252","254","87","87","160","160","113","115","174","176","225","229","143","143","158","158","90","102","146","150","194","194","246","254","163","167","146","162","144","160","83","83","132","132","183","183","142","142","256","262","140","146","125","129","155","155","92","92","150","150","180","180","106","106","170","170","89","89","161","173","81","81","","","161","167","236","236","130","132","102","102","101","101","181","181","205","205","168","168","145","149"
"2023","RL","Wood Bison","DNA","12-14B",NA,2015,"Trent","","","","100","89","91","134","136","175","187","247","253","103","103","135","137","91","103","129","143","189","189","254","254","87","87","160","160","115","115","172","174","225","229","143","143","158","158","90","102","142","150","194","194","246","252","163","167","146","152","154","160","81","83","132","132","183","183","142","142","260","262","140","146","125","125","155","155","92","92","146","150","180","192","106","112","170","170","85","89","161","169","81","89","","","167","167","228","240","130","130","98","102","101","101","181","181","205","205","142","168","145","151"
"2023","RL","Wood Bison","DNA","15-Dec",NA,2012,"Trent","","","","100","89","89","136","136","191","191","241","247","102","102","135","141","83","97","129","143","191","191","232","252","89","91","162","162","113","115","172","174","229","231","143","147","158","158","90","90","146","148","194","202","246","246","167","177","152","156","144","160","83","83","124","132","183","183","142","150","262","262","146","146","123","129","151","151","92","92","146","146","180","192","96","106","172","172","89","89","161","161","81","91","","","167","167","236","236","132","132","102","102","103","103","181","189","205","215","158","166","145","149"
"2023","RL","Wood Bison","DNA","16-Dec",NA,2012,"Trent","","","","100","89","89","136","136","187","187","247","247","103","103","135","147","91","103","129","143","191","191","232","252","87","87","160","162","113","115","174","176","229","231","143","143","156","158","90","90","127","150","194","194","246","252","163","167","152","152","144","154","83","83","132","132","183","183","142","150","256","262","148","150","125","129","151","155","92","95","146","146","180","180","106","106","170","170","89","89","173","173","85","91","","","167","167","236","236","118","118","98","104","95","101","181","181","207","207","142","166","145","153"
"2023","RL","Wood Bison","DNA","17-Dec",NA,2012,"Trent","","","","100","89","89","134","136","187","187","247","253","103","103","135","147","91","103","129","129","191","191","232","252","87","87","160","162","113","115","174","176","229","231","143","143","156","158","90","90","148","150","190","194","252","254","163","167","152","152","144","144","83","83","132","132","183","183","142","150","262","262","146","148","129","129","151","151","91","95","146","146","180","192","106","106","170","170","89","89","161","173","85","91","","","167","167","228","236","118","118","98","102","95","95","181","181","207","207","142","142","145","145"
"2023","RL","Wood Bison","DNA","12-17B",NA,2015,"Trent","","","","100","89","89","134","136","187","191","247","253","103","103","135","147","97","103","129","129","191","191","232","232","87","89","160","162","113","115","174","176","229","231","143","143","154","156","90","90","148","150","188","190","252","252","167","173","152","156","144","144","83","83","124","132","165","183","142","150","260","262","146","148","129","129","151","155","92","95","146","146","180","192","106","106","170","172","89","89","161","173","85","91","","","167","167","236","236","118","130","102","104","95","103","181","181","207","207","142","166","145","149"
"2023","RL","Wood Bison","DNA","18-Dec",NA,2012,"Trent","","","","100","89","91","134","136","187","187","247","253","103","103","135","135","97","103","141","149","189","189","232","252","87","89","160","162","113","113","172","174","231","231","143","143","158","158","90","102","127","150","188","194","252","252","163","177","152","152","144","154","83","83","124","132","175","183","142","142","256","262","146","148","129","129","155","157","92","95","146","150","180","198","106","110","170","170","89","89","173","173","85","91","","","167","167","228","236","132","132","102","104","95","95","181","181","207","215","158","168","145","145"
"2023","RL","Wood Bison","Serum","6346-207496","2018",2018,"Trent","","","","100","91","93","134","134","181","187","241","253","103","103","147","147","97","103","129","143","189","189","248","254","87","89","158","162","108","115","172","172","225","229","143","143","154","158","90","90","148","150","194","194","252","254","175","175","146","156","144","156","83","83","124","132","183","183","142","148","260","262","148","150","127","129","155","155","91","95","148","150","180","192","106","106","172","172","85","89","165","173","85","87","","","167","167","228","228","130","130","98","102","95","103","181","181","205","205","144","166","145","149"
"2023","RL","Wood Bison","Serum","6347-207497","2018",2018,"Trent","","","","100","89","91","134","134","187","187","241","269","103","103","141","145","103","103","129","129","189","191","238","254","89","89","160","160","108","115","174","176","229","229","143","143","156","156","90","90","148","150","190","202","250","252","173","173","152","156","144","154","83","83","124","132","175","183","142","150","262","262","148","150","127","129","151","155","92","95","146","150","180","180","106","110","170","172","83","89","161","173","81","85","","","161","167","228","238","130","130","104","104","101","103","181","181","205","211","142","168","145","145"
"2023","RL","Wood Bison","Serum","6349-207499","2018",2018,"Trent","","","","100","89","89","136","136","185","191","241","253","103","103","145","145","103","103","141","143","189","191","238","248","87","87","160","160","113","115","172","176","225","231","147","147","154","156","90","90","140","146","190","194","252","252","167","173","156","156","144","144","83","83","124","132","175","175","142","142","260","262","146","146","123","129","155","155","91","92","146","150","184","192","106","106","172","172","83","85","161","161","85","91","","","161","167","236","238","130","130","98","104","103","103","181","181","205","207","142","166","149","149"
"2023","RL","Wood Bison","Serum","6350-207500","2018",2018,"Trent","","","","100","89","91","134","136","185","187","241","253","103","103","135","147","93","97","129","129","191","191","238","254","87","87","162","162","113","113","174","174","225","229","143","143","156","160","90","90","146","150","194","194","246","252","175","177","152","158","144","160","83","83","132","132","175","183","142","148","262","262","148","150","129","129","151","155","91","95","146","150","180","180","106","106","170","172","89","89","173","173","85","87","","","167","167","228","236","118","130","102","102","95","103","181","189","205","211","166","166","145","145"
"2023","RL","Wood Bison","Serum","6351-207501","2018",2018,"Trent","","","","100","89","89","136","138","185","185","241","247","103","103","135","145","103","103","129","141","189","191","232","248","87","89","160","162","108","108","172","176","229","229","143","143","154","156","90","90","140","146","190","194","252","254","175","175","152","152","144","144","83","83","124","132","175","183","142","142","260","262","148","150","129","129","155","155","92","92","150","150","180","180","96","110","172","176","85","85","161","161","85","85","","","167","167","236","238","130","130","102","104","95","101","181","191","205","205","142","166","145","149"
"2023","RL","Wood Bison","Biopsy","RL21-01","2021",2021,"Trent","","","","100","89","89","134","136","185","185","247","253","103","103","135","135","103","103","141","141","191","195","238","238","87","89","160","160","113","115","174","174","229","231","143","143","156","156","90","90","146","150","188","190","252","252","163","163","152","156","144","144","83","83","124","132","175","181","142","150","256","262","148","150","129","129","151","151","92","92","150","150","180","180","106","106","170","172","89","89","173","173","85","87","","","167","167","236","240","130","130","102","102","95","103","181","181","205","207","166","166","145","149"
"2023","RL","Wood Bison","Biopsy","RL21-02","2021",2021,"Trent","","","","100","89","91","134","138","185","191","253","253","101","103","141","145","97","103","129","129","189","191","238","254","87","91","162","162","113","113","174","176","231","231","143","147","158","160","90","90","140","150","190","194","252","252","177","177","152","156","144","160","83","83","124","132","183","183","142","150","260","262","148","150","129","129","155","155","92","95","150","150","180","198","106","106","170","172","89","89","173","173","85","85","","","167","167","236","240","130","130","98","102","95","103","181","181","205","211","142","168","145","149"
"2023","RL","Wood Bison","Biopsy","RL21-03","2021",2021,"Trent","","","","100","89","91","136","138","185","187","247","253","103","103","135","147","91","103","129","141","189","191","232","254","87","89","160","160","115","115","174","176","231","231","143","143","154","156","90","102","140","150","194","202","250","252","163","177","146","162","144","154","83","83","124","124","165","183","142","150","262","262","140","146","129","129","151","155","92","95","146","150","180","180","106","106","170","172","89","89","161","173","81","85","","","167","167","236","240","118","130","104","104","103","103","181","181","207","215","166","166","145","153"
"2023","RL","Wood Bison","Biopsy","RL21-05","2021",2021,"Trent","","","","100","89","91","134","134","185","185","247","253","103","103","141","145","103","103","129","129","191","195","232","238","87","89","160","162","113","115","174","178","229","231","143","147","156","158","90","90","140","150","188","202","252","252","173","177","152","162","144","144","83","83","124","124","181","183","142","150","260","262","150","150","129","129","151","151","95","95","150","150","180","192","106","106","172","174","89","89","165","173","85","85","","","167","167","240","240","130","130","104","104","95","101","181","181","205","211","158","168","145","149"
"2023","RL","Wood Bison","Biopsy","RL21-06","2021",2021,"Trent","","","","100","89","91","134","136","187","191","253","269","103","103","141","145","97","103","129","141","191","191","232","254","87","89","160","160","108","113","174","176","225","225","133","143","156","156","90","90","127","148","190","194","252","252","163","173","146","152","144","160","83","83","124","132","175","183","142","142","260","262","146","150","129","129","155","155","95","95","146","150","180","180","108","108","170","172","85","89","161","173","85","91","","","167","167","228","240","130","130","102","102","95","101","181","181","205","207","142","144","145","145"
"2023","RL","Wood Bison","Biopsy","RL21-07","2021",2021,"Trent","","","","100","89","89","136","138","185","191","253","253","103","103","135","147","97","97","129","143","189","191","232","232","87","89","160","160","113","113","172","176","227","231","133","143","154","156","90","102","150","150","188","202","246","252","163","167","152","156","144","154","83","83","124","132","175","183","142","150","260","262","146","150","123","125","155","155","95","95","146","150","180","192","106","108","172","172","83","83","161","165","85","89","","","167","167","236","236","118","118","102","102","101","103","181","181","207","215","158","168","149","149"
"2023","RL","Wood Bison","Biopsy","RL21-09","2021",2021,"Trent","","","","100","89","89","134","136","187","191","247","253","103","103","135","135","91","97","129","149","189","191","232","232","89","91","160","161","113","115","172","176","225","231","143","143","154","156","90","102","127","148","194","202","250","252","165","167","156","156","144","160","83","83","124","132","175","183","142","142","256","260","148","150","129","129","155","155","92","92","146","150","192","192","96","106","170","172","85","89","161","173","91","91","","","167","167","240","240","130","130","102","102","95","101","181","181","207","211","142","144","145","149"
"2023","RL","Wood Bison","Biopsy","RL21-10","2021",2021,"Trent","","","","100","89","89","136","138","181","185","247","269","103","103","141","147","91","91","129","143","189","191","238","238","87","89","160","160","113","115","172","176","229","231","143","143","154","160","90","102","148","148","190","194","252","252","163","175","152","156","154","154","83","83","124","132","175","183","142","148","260","262","150","150","129","129","151","155","95","95","146","146","180","192","106","106","170","172","85","89","161","165","85","87","","","167","167","228","236","130","130","102","102","95","103","181","181","211","211","142","142","145","145"
"2023","RL","Wood Bison","Biopsy","RL21-11","2021",2021,"Trent","","","","100","89","89","136","136","185","187","241","253","103","103","135","145","103","103","129","129","191","191","248","254","87","87","160","160","108","115","172","172","229","229","143","143","156","156","90","90","140","150","188","190","252","254","173","175","152","158","144","154","83","83","124","132","175","183","142","142","260","260","150","150","129","129","155","155","91","92","146","150","180","180","96","110","172","174","83","85","161","173","81","85","","","167","167","236","238","130","130","102","102","95","101","181","191","205","215","158","166","145","149"
"2023","RL","Wood Bison","Biopsy","RL21-12","2021",2021,"Trent","","","","100","89","89","136","136","185","191","241","253","103","103","147","147","93","97","129","129","191","191","232","238","87","87","160","162","113","113","174","176","225","231","143","147","154","160","90","90","146","148","188","194","246","250","167","175","152","156","144","144","83","83","132","132","175","183","142","148","260","262","146","148","123","129","151","155","91","95","146","150","180","192","106","106","172","172","83","89","161","173","85","91","","","167","167","228","236","118","130","102","104","95","103","181","189","207","211","166","166","145","149"
"2023","RL","Wood Bison","Biopsy","RL21-13","2021",2021,"Trent","","","","100","91","93","134","136","181","191","253","253","103","103","135","145","91","97","129","129","189","191","238","252","89","89","160","160","108","113","172","176","225","231","143","143","156","158","90","102","146","146","188","194","252","254","167","173","156","158","144","144","83","83","132","132","175","175","142","142","260","262","146","146","127","129","155","155","91","92","148","150","180","192","106","110","172","172","83","89","161","173","85","91","","","161","167","228","240","130","130","104","104","95","103","181","181","205","211","142","166","145","149"
"2023","RL","Wood Bison","Biopsy","RL21-14","2021",2021,"Trent","","","","100","89","91","136","136","187","191","253","269","103","103","147","147","97","97","129","129","189","189","232","238","87","87","160","162","113","113","176","176","231","231","143","147","156","158","90","102","148","150","188","202","252","252","163","173","152","156","144","154","83","83","124","124","165","183","142","142","260","260","146","148","129","129","155","155","91","95","146","146","184","192","106","106","170","172","83","85","161","165","85","91","","","161","167","236","236","130","130","102","102","95","103","181","191","205","211","142","158","145","149"
"2023","RL","Wood Bison","Biopsy","RL21-15","2021",2021,"Trent","","","","100","89","89","136","136","187","191","247","253","103","103","135","147","97","103","143","143","189","189","232","254","89","89","160","162","113","113","176","176","229","231","143","147","156","158","90","102","140","146","194","202","252","252","163","175","152","158","144","144","83","83","124","132","165","175","142","150","262","262","146","146","129","129","151","155","92","95","146","146","180","198","106","112","170","170","83","89","161","173","81","89","","","167","167","236","240","130","130","98","104","95","103","181","191","205","207","144","166","145","149"
"2023","RL","Wood Bison","Biopsy","RL21-17","2021",2021,"Trent","","","","100","89","91","134","136","185","187","241","253","103","103","147","147","97","103","141","141","189","191","238","248","87","89","160","162","108","113","172","176","229","231","143","147","154","154","90","102","140","148","194","194","252","254","163","173","146","156","144","160","83","83","124","124","183","183","142","142","260","262","140","146","127","129","155","155","92","92","146","150","180","180","106","106","172","172","85","89","161","173","85","85","","","167","167","236","238","130","130","98","104","95","95","181","181","211","215","166","166","145","149"
"2023","RL","Wood Bison","Biopsy","RL21-20","2021",2021,"Trent","","","","100","91","91","134","136","181","185","253","253","103","103","145","145","91","103","141","143","189","191","238","254","87","89","160","160","113","113","174","178","229","229","143","143","158","158","90","90","146","150","194","194","252","252","163","163","152","158","144","144","83","83","132","132","175","183","142","150","260","262","146","148","129","129","151","155","91","92","150","150","180","180","106","106","170","172","83","85","173","173","85","91","","","161","167","228","236","130","130","102","102","95","103","181","181","205","207","166","166","145","145"
"2023","RL","Wood Bison","Biopsy","RL21-25","2021",2021,"Trent","","","","100","89","89","134","136","185","185","247","253","103","103","145","147","93","97","129","141","191","191","232","238","87","89","160","160","108","113","172","176","225","229","143","147","156","160","90","102","148","150","194","202","250","252","163","173","146","152","154","160","77","83","124","132","175","183","142","142","260","262","146","146","127","129","155","155","92","92","150","150","180","192","106","106","170","172","89","89","161","173","85","91","","","167","167","236","236","132","132","102","104","95","101","181","181","205","211","142","166","145","149"
"2023","WAB","Wood Bison","DNA","4-Nov","2011",2011,"Trent","","","","98","91","99","138","138","181","187","241","249","103","103","135","145","93","93","131","143","189","189","238","254","87","87","160","160","108","113","172","172","231","233","143","145","156","158","90","90","127","140","200","202","250","250","173","177","148","150","144","144","81","83","120","124","165","179","142","148","262","262","140","150","127","129","155","155","92","92","146","150","180","180","90","110","170","170","89","91","168","173","85","87","","","167","167","228","228","114","130","92","102","97","103","179","181","201","205","156","168","149","149"
"2023","WAB","Wood Bison","DNA","5-Nov","2011",2011,"Trent","","","","98","91","99","138","138","187","187","253","253","103","103","135","135","91","93","129","143","189","191","238","254","87","89","143","162","108","113","172","172","227","233","143","143","156","158","90","100","127","140","194","194","250","250","177","177","152","166","144","144","81","81","120","120","165","165","142","148","262","262","140","140","127","127","151","155","91","91","150","150","180","184","106","110","168","170","89","89","168","168","87","87","","","161","167","228","238","114","114","92","98","99","103","181","181","201","201","162","162","145","151"
"2023","WAB","Wood Bison","DNA","6-Nov","2011",2011,"Trent","","","","98","91","91","138","138","187","187","253","269","103","103","135","145","97","105","129","143","189","191","238","254","87","87","143","160","108","115","172","172","227","231","143","145","158","158","100","100","140","140","194","200","250","250","173","177","146","148","144","154","83","83","120","132","165","179","142","148","262","262","140","140","127","129","155","157","91","91","146","150","180","180","90","106","168","170","85","85","168","173","87","87","","","167","167","228","240","114","114","102","102","97","99","179","181","201","205","158","162","145","149"
"2023","WAB","Wood Bison","DNA","1-Dec","2012",2012,"Trent","","","","98","91","99","138","138","187","187","269","269","103","103","135","145","97","97","129","143","189","191","232","254","87","87","160","160","108","113","172","172","225","231","143","143","156","158","90","100","127","140","194","194","246","250","173","177","146","152","144","144","83","83","132","132","165","165","142","148","260","262","140","140","127","129","155","155","91","95","150","150","180","180","90","106","168","168","85","85","168","173","87","87","","","167","167","228","228","114","118","98","98","97","99","181","181","205","205","162","164","149","149"
"2023","WAB","Wood Bison","DNA","2-Dec","2012",2012,"Trent","","","","98","91","91","138","138","187","187","239","269","103","103","135","135","93","105","129","143","189","191","238","254","87","87","160","162","113","115","172","172","227","231","143","145","156","156","90","100","140","140","194","194","250","252","175","177","148","148","144","154","83","83","120","124","179","179","142","148","262","262","140","150","127","127","155","157","91","91","146","146","180","184","90","108","170","170","89","91","168","173","85","87","","","167","167","228","236","114","134","96","98","97","97","179","181","201","201","156","162","145","145"
"2023","WAB","Wood Bison","DNA","3-Dec","2012",2012,"Trent","","","","98","89","99","138","138","181","187","253","253","103","103","135","135","91","93","127","143","191","195","232","238","89","89","143","143","113","113","172","174","231","233","143","143","158","158","90","100","127","140","194","194","250","250","177","177","148","166","144","144","81","83","120","124","165","183","142","148","262","262","140","140","127","129","153","155","91","95","150","150","180","180","106","110","168","168","91","91","161","168","87","87","","","161","167","228","242","114","134","98","102","95","103","181","191","201","207","162","162","145","151"
"2023","WAB","Wood Bison","DNA","5-Dec","2012",2012,"Trent","","","","98","91","91","138","138","187","187","249","269","103","103","135","135","91","105","131","143","195","195","254","254","87","87","160","160","113","113","172","180","227","231","143","145","156","158","100","100","127","127","200","202","250","250","167","177","148","148","154","154","83","83","120","132","179","183","142","148","260","262","140","140","127","129","155","155","91","91","146","150","180","180","108","108","170","170","85","85","165","168","87","87","","","167","167","228","242","114","134","92","102","99","99","179","181","205","211","158","158","149","149"
"2023","WAB","Wood Bison","DNA","6-Dec","2012",2012,"Trent","","","","98","91","91","138","138","187","187","239","269","103","103","135","135","93","93","128","131","189","191","254","254","87","87","160","162","108","108","172","172","227","231","145","145","156","156","90","100","127","140","194","200","250","250","173","175","152","152","144","154","83","83","120","124","179","183","142","148","260","262","140","150","127","127","155","157","91","91","146","150","180","180","90","110","168","170","89","91","173","173","87","87","","","167","167","238","242","114","134","96","98","99","99","179","181","211","211","156","166","145","149"
"2023","WAB","Wood Bison","DNA","7-Dec","2012",2012,"Trent","","","","98","99","99","138","138","187","187","253","253","103","103","135","135","91","91","129","129","189","191","238","254","87","89","143","160","108","108","172","172","227","229","143","143","154","158","90","100","127","140","194","194","248","252","175","177","148","166","144","144","81","81","120","124","165","179","142","148","262","262","140","140","127","127","155","157","90","91","150","154","184","184","106","110","168","170","91","91","168","169","87","87","","","161","161","236","238","114","134","92","96","103","103","181","191","201","205","166","166","145","151"
"2023","WAB","Wood Bison","DNA","8-Dec","2012",2012,"Trent","","","","98","93","99","136","138","181","187","253","269","103","103","135","135","91","97","129","131","189","191","232","232","87","87","160","162","108","113","172","172","227","231","143","143","154","156","90","90","127","127","194","194","250","250","177","177","146","152","144","144","81","81","124","124","179","183","142","148","262","262","140","140","125","129","155","157","91","91","146","150","180","180","90","106","168","170","85","91","173","173","85","91","","","167","167","228","236","118","134","102","104","97","97","179","179","201","201","162","168","145","149"
"2023","WAB","Wood Bison","Hair","150_250","2020",2020,"Trent","","","","98","91","99","138","138","187","187","241","253","103","103","135","135","93","97","143","143","191","195","238","254","87","87","143","161","108","113","172","180","227","231","143","143","156","158","90","100","127","127","194","194","250","254","175","175","146","148","144","144","81","83","132","132","165","165","142","148","262","262","140","140","127","127","155","155","91","91","146","146","180","180","90","90","168","170","85","85","161","169","87","91","","","161","167","228","228","114","114","92","102","97","103","179","179","201","201","156","162","145","149"
"2023","WBNPGR","Wood Bison","Hair","20","2021",2021,"Trent","","","","100","89","91","136","136","179","179","247","269","103","103","145","145","85","89","129","129","189","191","232","238","89","89","154","162","115","115","174","176","227","229","143","143","158","158","90","90","127","142","188","188","252","252","173","177","146","166","154","160","81","83","124","124","165","183","142","148","260","262","140","146","125","125","155","157","91","94","150","150","180","184","106","112","168","170","83","89","173","173","85","89","","","167","167","228","240","130","130","92","92","95","103","191","191","207","211","142","168","149","149"
"2023","WBNPGR","Wood Bison","Hair","60","2021",2021,"Trent","","","","100","89","89","138","138","179","187","269","269","103","103","135","135","89","103","143","149","189","191","238","238","87","87","162","162","113","113","174","182","231","231","143","143","154","154","90","90","140","142","194","194","252","254","159","173","146","158","144","158","83","83","124","132","183","183","142","148","258","262","140","146","125","129","153","155","95","95","150","150","192","196","106","112","176","178","81","83","161","169","89","91","","","167","167","228","238","128","130","104","104","99","103","191","191","211","211","142","158","145","153"
"2023","WBNPGR","Wood Bison","Hair","80","2021",2021,"Trent","","","","100","89","89","134","134","179","181","253","253","103","103","135","141","91","91","143","149","191","191","238","238","87","89","158","158","113","115","174","176","229","229","143","145","158","160","88","102","127","140","194","194","246","250","177","177","158","162","144","154","81","83","124","132","179","183","142","148","260","262","140","146","125","129","155","157","91","92","150","150","180","192","106","110","170","172","89","89","161","173","81","81","","","165","167","228","228","118","128","92","104","99","101","179","181","205","207","142","158","149","151"
"2023","WBNPGR","Wood Bison","Hair","100","2021",2021,"Trent","","","","100","89","91","136","140","187","187","253","253","103","103","145","145","97","103","129","143","189","191","238","250","87","89","158","160","108","113","172","174","229","229","143","145","160","160","88","90","127","140","188","194","252","252","159","173","146","158","154","154","81","81","124","132","183","183","142","142","262","262","146","150","129","131","155","155","91","92","150","150","180","180","112","112","170","172","89","89","161","165","85","91","","","161","167","240","240","130","132","104","104","99","99","191","191","205","205","158","158","145","153"
"2023","WBNPGR","Wood Bison","Hair","120","2021",2021,"Trent","","","","100","89","89","132","138","175","181","245","269","103","103","135","145","97","103","141","141","189","191","232","238","87","87","158","158","108","113","174","174","229","229","143","143","158","158","90","102","148","150","188","188","252","252","175","177","146","152","154","156","81","83","124","124","165","183","142","142","260","262","140","150","123","131","155","159","92","95","148","150","180","196","90","108","170","170","83","83","168","173","87","87","","","167","167","228","228","132","134","102","104","95","101","181","181","205","205","164","168","149","149"
"2023","WBNPGR","Wood Bison","Hair","140","2021",2021,"Trent","","","","100","89","89","136","138","179","187","247","253","103","105","135","145","93","103","129","143","189","195","232","238","87","89","154","162","115","115","172","172","231","231","143","143","156","158","90","100","140","148","194","194","252","252","173","175","152","162","158","160","81","83","124","124","175","183","142","148","262","262","146","148","127","131","155","155","92","95","146","146","180","184","110","112","170","172","81","89","161","173","87","89","","","161","167","228","238","128","130","96","102","101","101","181","191","205","205","142","158","149","151"
"2023","WBNPGR","Wood Bison","Hair","160","2021",2021,"Trent","","","","100","89","93","134","136","179","179","249","253","103","105","141","145","97","103","129","143","189","191","238","238","87","87","162","170","115","115","172","178","229","233","143","143","156","158","90","100","127","150","194","194","246","252","173","177","158","162","154","154","83","83","122","124","175","183","142","150","260","262","150","150","127","129","155","157","91","91","150","150","180","184","106","112","172","176","81","89","161","161","85","89","","","167","167","238","238","130","130","102","102","101","103","183","191","205","211","142","156","149","151"
"2023","WBNPGR","Wood Bison","Hair","180","2021",2021,"Trent","","","","100","91","91","132","138","179","187","253","253","103","103","141","145","93","103","129","133","191","191","232","238","87","89","147","158","115","115","172","180","227","229","143","143","158","158","88","102","142","150","190","194","252","252","173","173","152","166","144","154","83","85","124","124","175","175","142","150","260","260","150","150","129","131","155","157","92","92","150","154","180","180","112","112","170","172","81","89","161","165","89","91","","","167","167","228","238","128","134","104","104","101","103","181","191","201","207","142","142","145","153"
"2023","WBNPGR","Wood Bison","Hair","200","2021",2021,"Trent","","","","100","89","89","134","138","179","185","253","269","105","105","135","141","93","103","129","143","189","189","238","238","87","87","147","160","113","113","172","172","229","231","143","143","156","160","90","100","140","140","194","194","252","252","177","177","152","166","154","156","81","83","124","132","165","183","142","142","260","262","146","150","125","129","155","157","91","92","146","150","184","184","108","112","170","170","89","89","165","165","85","89","","","167","167","228","238","118","130","92","104","101","103","181","181","205","205","158","168","153","153"
"2023","WBNPGR","Wood Bison","Hair","220","2021",2021,"Trent","","","","100","89","91","136","136","175","181","241","253","103","105","145","145","93","97","129","129","191","195","238","254","87","87","160","162","113","115","174","176","225","233","143","143","154","156","90","90","138","140","188","194","252","252","173","177","146","152","154","156","81","83","124","124","181","183","142","148","262","262","150","150","123","125","151","157","92","92","150","150","180","180","106","112","172","174","89","89","161","173","85","91","","","167","167","238","238","130","132","104","104","95","95","179","191","205","211","144","166","145","145"
"2023","WBNPGR","Wood Bison","Hair","240","2021",2021,"Trent","","","","100","89","89","136","138","175","187","253","271","103","103","145","145","93","103","129","143","189","195","238","238","87","87","147","162","115","115","172","172","227","229","143","143","158","158","90","90","140","146","194","194","250","252","173","175","146","146","144","156","81","83","122","124","165","175","142","150","260","262","140","150","123","127","159","159","91","92","146","150","190","192","106","112","172","174","89","89","161","173","87","91","","","167","167","228","238","132","134","102","102","95","101","181","191","205","211","144","144","151","153"
"2023","WBNPGR","Wood Bison","blood","260","2021",2021,"Trent","","","","100","89","93","136","136","179","187","253","253","103","103","145","145","85","89","129","143","189","189","232","252","87","89","147","162","108","113","172","182","229","231","143","143","156","158","90","90","127","148","188","188","246","252","175","177","152","162","154","154","83","83","124","124","175","183","142","148","262","262","146","150","125","129","155","155","91","92","146","150","180","180","110","112","166","170","85","89","165","165","89","91","","","161","167","238","238","130","134","102","104","101","101","181","181","205","215","142","168","145","151"
"2023","WBNPGR","Wood Bison","Hair","280","2021",2021,"Trent","","","","100","89","91","136","138","179","181","253","269","103","103","141","145","83","89","143","149","189","195","238","252","87","87","158","158","108","115","174","182","229","229","143","143","156","158","90","102","138","146","194","200","252","252","167","175","146","152","154","156","81","83","124","124","165","183","142","150","260","262","140","140","123","129","151","155","91","92","146","150","180","184","110","112","172","176","89","89","161","173","85","89","","","167","167","228","240","118","130","104","104","99","103","181","181","211","211","162","164","149","151"
"2023","WBNPGR","Wood Bison","Hair","300","2021",2021,"Trent","","","","100","91","91","136","140","187","187","253","253","103","105","145","145","97","105","129","129","191","191","238","238","87","89","158","170","108","115","174","174","229","229","143","143","156","160","90","90","140","146","188","194","252","252","159","163","146","162","154","154","81","83","120","132","165","183","142","148","260","262","146","150","129","129","155","159","92","95","146","150","184","192","110","112","170","172","83","85","173","173","81","85","","","161","165","228","236","130","130","102","104","99","103","181","181","205","205","142","158","153","153"
"2023","WBNPGR","Wood Bison","Hair","320","2021",2021,"Trent","","","","100","91","93","136","136","175","187","247","253","103","103","135","145","93","103","129","141","189","189","232","238","87","89","162","162","115","115","172","172","229","229","143","143","158","158","88","90","138","140","188","194","252","252","167","167","158","162","154","156","81","83","132","132","165","183","142","150","260","262","150","150","125","129","153","155","95","95","150","150","184","198","106","106","170","172","81","83","161","165","89","89","","","167","167","228","238","114","132","104","104","95","101","181","191","201","211","158","158","149","149"
"2023","WBNPGR","Wood Bison","Hair","340","2021",2021,"Trent","","","","100","89","93","134","138","187","187","241","241","103","103","141","145","93","97","129","129","189","195","232","238","87","87","147","170","113","115","172","172","225","229","143","143","154","158","90","90","140","148","194","194","252","252","159","167","152","152","154","154","81","81","124","124","175","183","142","148","260","262","150","152","125","129","155","155","91","94","148","150","180","192","112","112","170","174","89","89","155","173","85","91","","","161","167","228","236","114","130","98","104","95","103","191","191","205","211","142","142","145","153"
"2023","WBNPGR","Wood Bison","Hair","360","2021",2021,"Trent","","","","100","89","89","136","138","187","191","253","253","102","103","145","145","97","97","129","129","189","191","232","238","87","89","160","162","115","115","172","172","227","229","143","143","158","158","90","102","127","140","194","194","252","252","167","177","152","152","144","160","81","83","132","132","181","183","142","150","260","262","146","150","129","129","153","159","91","92","150","150","184","196","108","108","170","174","89","89","161","161","85","91","","","167","177","228","236","130","130","102","102","95","101","181","191","207","207","168","168","145","149"
"2023","WBNPGR","Wood Bison","Hair","380","2021",2021,"Trent","","","","100","89","91","136","138","179","185","241","271","103","103","141","141","93","103","129","143","189","189","238","238","87","89","161","162","115","115","172","182","227","231","143","143","158","158","90","90","148","150","188","194","252","252","167","173","162","164","154","154","81","83","124","132","179","179","142","148","260","262","150","150","125","129","155","159","91","91","146","146","184","192","106","112","172","178","89","89","161","173","81","81","","","167","167","228","228","128","130","104","104","103","103","181","191","205","205","142","142","145","145"
"2023","WBNPPAD","Wood Bison","Hair","88211","2021",2021,"Trent","","","","100","89","91","136","140","185","187","253","273","103","105","135","145","89","89","143","149","189","195","238","238","87","89","158","162","108","115","172","178","229","229","133","143","156","158","88","90","127","150","190","194","252","252","167","177","146","152","154","154","83","83","124","124","183","183","142","142","262","262","140","146","125","129","155","159","91","92","146","150","184","192","106","106","168","174","85","89","173","173","89","91","","","167","167","238","240","118","130","92","104","101","101","191","191","201","201","158","164","143","147"
"2023","WBNPPAD","Wood Bison","Hair","88213","2021",2021,"Trent","","","","100","89","89","134","138","185","187","247","253","103","103","135","135","85","103","129","143","189","191","238","238","87","89","158","164","115","115","172","174","225","229","143","143","158","158","90","90","140","148","190","194","246","252","175","177","152","166","154","160","81","81","124","136","165","175","142","138","260","260","150","150","123","129","155","157","92","94","148","150","180","192","108","108","174","176","83","95","165","165","89","89","","","161","167","228","238","114","132","92","102","99","101","179","181","205","211","156","166","149","151"
"2023","WBNPPAD","Wood Bison","Hair","88214","2021",2021,"Trent","","","","100","91","91","136","136","179","185","241","253","103","103","145","145","83","91","129","143","189","191","238","254","87","87","158","160","113","115","172","178","229","229","143","143","158","158","90","102","127","148","188","190","252","252","177","177","164","166","156","156","77","81","124","132","175","183","142","150","262","264","140","150","123","125","155","155","91","91","146","154","180","196","106","112","176","176","81","89","155","165","85","85","","","161","167","228","238","130","134","102","104","95","101","181","181","205","207","158","164","149","149"
"2023","WBNPPAD","Wood Bison","Hair","88216","2021",2021,"Trent","","","","100","91","91","134","138","175","179","241","269","103","103","135","145","93","103","129","129","189","191","252","252","87","87","162","162","113","115","172","172","229","229","143","143","156","156","90","90","140","142","190","194","252","252","167","173","152","162","154","154","81","85","124","124","175","181","142","150","262","264","150","150","129","131","155","157","92","95","146","146","180","180","112","112","170","174","81","89","161","165","89","91","","","167","167","238","238","130","130","92","102","95","99","181","181","205","205","142","164","145","153"
"2023","WBNPPAD","Wood Bison","Hair","88218","2021",2021,"Trent","","","","100","89","93","136","138","179","185","253","269","103","103","141","145","93","97","129","129","195","195","232","238","87","87","147","160","115","115","172","182","225","227","143","143","158","158","90","90","127","127","194","194","250","252","173","173","158","166","154","156","77","83","124","126","175","183","142","150","262","262","140","150","123","129","153","155","91","94","146","148","180","180","106","112","170","176","81","89","165","165","85","89","","","167","167","228","238","130","130","98","98","95","101","181","191","205","205","158","168","153","153"
"2023","WBNPPAD","Wood Bison","Hair","88219","2021",2021,"Trent","","","","100","89","91","134","138","179","181","247","253","103","103","135","147","91","103","129","129","189","189","238","252","87","89","162","162","108","115","172","182","229","231","143","145","158","158","90","90","127","127","190","194","246","250","173","175","152","162","160","160","81","85","132","132","165","165","142","148","260","262","140","150","123","129","151","157","91","91","150","150","180","180","112","112","170","172","83","89","161","173","87","89","","","161","167","228","236","130","134","92","104","101","103","181","181","205","211","158","158","145","151"
"2023","WBNPPAD","Wood Bison","Hair","88220","2021",2021,"Trent","","","","100","89","91","136","136","187","187","253","269","103","103","141","141","89","91","129","129","189","189","232","238","87","87","160","161","113","115","174","182","229","229","143","143","156","158","90","102","127","146","194","200","252","252","163","173","152","158","144","154","77","81","132","136","175","183","142","150","260","262","140","150","127","129","155","155","91","92","146","150","180","180","112","112","172","176","83","89","161","161","85","91","","","161","161","224","228","130","130","92","98","95","101","181","181","205","207","166","168","151","153"
"2023","WBNPPAD","Wood Bison","Hair","88221","2021",2021,"Trent","","","","100","89","89","134","134","175","187","253","271","103","103","135","141","85","97","127","129","189","189","238","238","87","87","158","160","113","115","172","180","227","229","143","143","158","158","102","102","140","142","194","194","254","254","165","173","146","146","154","154","81","83","124","124","175","183","142","148","260","262","146","150","125","131","155","159","94","95","146","150","196","198","106","108","170","172","91","95","161","165","85","85","","","167","167","238","238","114","128","102","104","101","101","181","191","215","215","144","156","149","149"
"2023","WBNPPAD","Wood Bison","Hair","88222","2021",2021,"Trent","","","","100","91","91","136","136","175","187","241","269","102","103","135","145","93","93","141","143","189","191","238","248","87","89","158","161","113","115","172","174","229","231","143","143","156","156","90","102","127","138","188","194","246","252","175","177","148","166","146","146","81","85","124","126","165","181","142","150","260","262","146","150","125","129","155","159","91","92","150","150","184","196","90","106","172","172","81","89","161","165","81","87","","","161","167","238","238","128","134","98","104","101","101","191","191","207","207","142","158","151","153"
"2023","WBNPPAD","Wood Bison","Hair","88223","2021",2021,"Trent","","","","100","89","93","132","136","179","187","247","253","103","103","135","145","93","97","129","143","189","191","232","232","87","87","149","162","113","115","172","172","229","233","143","145","156","158","102","102","127","142","188","190","252","252","159","177","152","166","154","156","81","83","124","124","165","179","142","142","258","260","140","150","125","129","155","155","91","94","146","146","180","192","110","110","170","172","85","89","161","161","89","89","","","167","167","228","238","130","134","104","104","99","101","179","191","205","205","158","166","145","153"
"2023","WBNPPAD","Wood Bison","Hair","88224","2021",2021,"Trent","","","","100","89","89","136","136","181","187","241","269","103","103","135","141","89","93","129","129","189","189","232","238","87","87","143","154","113","115","174","178","229","229","143","145","160","160","90","90","127","140","194","194","250","250","177","177","152","166","154","160","83","83","122","132","183","183","142","150","260","260","140","150","125","125","155","155","91","91","146","146","180","184","108","110","172","176","83","89","165","165","81","89","","","161","161","224","238","130","130","96","102","101","103","181","191","211","211","166","168","145","149"
"2023","WBNPPAD","Wood Bison","Hair","88225","2021",2021,"Trent","","","","100","89","89","136","136","181","181","253","253","103","103","135","145","83","97","129","143","189","191","232","238","87","87","158","160","113","115","172","180","225","229","143","147","158","160","100","102","140","140","188","194","252","252","159","163","158","166","154","158","81","81","122","124","181","183","142","148","260","262","140","150","125","129","155","159","92","92","146","146","180","192","110","112","170","170","89","89","161","165","89","89","","","161","167","228","238","130","134","102","104","95","103","177","181","205","207","158","168","145","149"
"2023","WBNPPAD","Wood Bison","Hair","88226","2021",2021,"Trent","","","","100","89","89","136","138","187","187","253","253","103","103","135","137","93","103","143","143","189","191","232","238","87","91","160","161","108","108","172","182","229","229","143","145","156","156","90","90","127","140","194","194","252","254","173","177","146","158","154","156","81","83","124","124","175","179","142","150","262","262","146","146","123","129","155","155","91","95","150","150","184","192","106","110","170","176","83","89","161","169","87","89","","","167","167","238","238","130","132","104","104","95","99","181","181","205","205","142","158","149","151"
"2023","WBNPPAD","Wood Bison","Hair","88227","2021",2021,"Trent","","","","100","89","89","136","136","181","181","247","253","103","103","141","145","85","93","129","143","189","189","232","254","87","87","158","158","113","115","172","172","227","229","143","143","154","154","88","102","127","142","188","194","252","252","173","173","152","166","154","160","83","85","124","124","175","175","142","142","258","262","140","150","125","129","155","155","92","92","146","150","180","180","108","112","158","170","83","95","161","168","89","89","","","167","167","228","238","130","130","102","104","95","103","177","181","205","207","142","142","145","149"
"2023","WBNPPAD","Wood Bison","Hair","88228","2021",2021,"Trent","","","","100","89","91","136","138","175","185","253","253","103","103","145","145","103","103","129","141","189","195","232","238","87","87","160","160","115","115","172","174","227","229","143","143","156","156","90","90","140","146","190","194","252","252","173","175","152","152","154","154","81","83","124","124","175","183","142","142","260","262","140","148","125","129","157","159","91","91","146","150","180","180","106","108","170","170","89","95","161","165","85","89","","","165","167","240","240","130","130","102","102","95","103","181","191","205","205","166","168","145","153"
"2023","WBNPPAD","Wood Bison","Hair","88251","2021",2021,"Trent","","","","100","89","89","136","138","181","187","253","253","104","104","145","147","83","93","129","129","191","195","232","250","87","91","161","170","113","115","176","176","229","229","143","143","156","158","90","90","142","150","188","202","252","254","165","167","152","152","144","154","81","85","122","122","175","175","142","142","262","262","146","150","131","131","155","155","94","95","146","150","198","198","112","112","170","172","85","89","161","173","87","89","","","167","167","236","240","118","130","92","102","95","101","177","181","205","205","142","142","145","153"
"2024","WBNPPAD","Wood Bison","Tissue - Ear","BSN-01","2016",2016,"Trent","","","","100","89","99","136","138","185","191","253","253","103","104","141","145","83","103","143","149","191","191","252","254","87","87","161","162","113","115","172","180","229","231","143","143","156","158","88","102","146","148","194","194","252","252","167","173","146","158","154","154","83","83","132","132","165","175","142","148","260","262","140","150","125","129","155","159","91","92","150","150","192","198","110","112","166","172","85","89","173","173","89","91","","","167","167","228","236","130","130","92","104","95","103","179","181","205","205","142","162","149","153"
"2024","WBNPPAD","Wood Bison","Tissue - Ear","BSN-02","2016",2016,"Trent","","","","100","91","99","134","138","179","185","253","253","103","104","141","141","83","103","143","149","191","191","238","252","87","89","162","170","113","113","174","180","229","233","143","143","156","156","88","90","127","146","194","194","252","252","173","175","146","166","154","154","81","83","124","132","165","175","142","148","260","260","140","150","123","125","153","155","91","91","146","150","180","198","112","112","172","172","89","89","165","173","81","89","","","167","167","228","238","130","130","92","104","103","103","179","179","205","205","142","162","149","153"
"2024","WBNPPAD","Wood Bison","Tissue - Ear","BSN-03","2016",2016,"Trent","","","","100","89","91","138","138","181","185","241","253","103","103","141","145","97","103","143","143","189","191","238","252","87","87","158","160","113","113","172","172","225","229","143","143","154","158","90","102","142","150","190","194","252","252","173","177","146","152","154","154","83","85","124","132","175","183","142","148","262","262","146","150","127","131","155","155","91","92","146","150","180","180","106","112","166","174","81","89","161","165","87","89","","","167","167","236","238","118","130","102","104","97","101","181","181","205","207","144","168","145","149"
"2024","WBNPHC","Wood Bison","Tissue - Ear","BSN-04","2017",2017,"Trent","","","","100","89","91","134","138","181","181","253","253","103","103","145","145","93","97","129","129","189","191","232","238","87","89","158","160","108","115","174","174","229","229","143","143","158","158","90","90","127","150","190","194","252","252","167","167","146","152","154","154","81","83","132","132","165","165","142","142","260","262","150","152","129","129","155","157","91","91","146","150","184","192","106","112","170","172","85","89","161","173","89","89","","","161","167","228","238","128","130","102","104","103","103","181","181","205","205","142","166","149","149"
"2024","WBNPNY","Wood Bison","Tissue - Ear","BSN-05","2017",2017,"Trent","","","","100","89","91","138","142","181","187","241","269","103","103","145","145","83","93","129","129","195","195","238","252","87","87","158","160","115","115","172","182","227","229","143","143","156","158","90","90","127","140","188","194","252","252","173","173","146","152","154","160","83","83","124","132","175","175","142","148","262","262","146","150","123","129","153","155","91","91","146","150","180","196","106","112","166","174","89","89","161","173","89","89","","","167","167","228","238","128","130","102","104","101","103","181","191","205","207","142","166","145","153"
"2024","WBNPHC","Wood Bison","Tissue - Ear","BSN-07","2017",2017,"Trent","","","","100","89","89","136","136","179","181","241","241","103","103","141","145","91","97","143","149","191","195","238","252","89","89","161","162","113","115","174","174","225","231","143","145","158","158","90","102","140","142","194","194","252","252","175","175","146","152","154","154","83","85","124","124","175","181","142","142","260","262","146","150","125","129","155","155","91","92","150","150","184","192","112","112","170","170","89","95","161","165","89","91","","","167","167","228","238","130","132","96","102","101","101","179","181","205","211","158","164","151","153"
"2024","WBNPNY","Wood Bison","Tissue - Ear","BSN-08","2016",2016,"Trent","","","","100","89","91","140","142","181","181","269","269","103","103","135","145","103","103","129","129","189","195","238","238","87","87","158","162","108","113","172","174","225","229","143","147","158","160","90","104","127","150","190","194","252","252","173","177","152","152","154","154","81","83","124","132","175","175","142","142","256","264","140","146","123","129","157","159","91","92","150","150","184","192","106","112","172","172","89","89","169","173","89","91","","","167","167","228","238","130","130","92","102","101","101","181","191","205","211","142","158","149","153"
"2023","WBNPLB","Wood Bison","Ear Tissue","BSN-102","2021",2021,"Trent","","","","100","89","91","138","138","179","187","253","253","103","103","145","145","89","97","129","129","191","195","232","238","87","89","160","162","113","115","172","176","229","233","143","143","156","158","90","90","127","127","194","194","252","254","173","173","152","156","144","154","81","83","124","132","165","183","142","142","262","262","140","146","129","129","155","157","91","92","150","150","180","184","106","106","170","172","85","95","165","173","85","91","","","167","167","228","238","118","128","104","104","95","103","181","191","205","205","142","166","149","153"
"2023","WBNPLB","Wood Bison","Ear Tissue","BSN-103","2021",2021,"Trent","","","","100","89","91","134","134","179","181","253","253","103","103","141","145","93","93","129","143","189","191","238","238","87","89","162","162","115","115","172","174","227","233","143","145","156","158","90","102","127","150","194","200","252","252","175","177","152","152","154","154","81","83","122","132","175","183","142","142","260","260","146","150","123","129","155","155","91","92","146","150","180","184","106","110","166","174","83","95","169","173","85","89","","","161","165","228","238","128","130","102","102","103","103","181","181","205","205","166","166","149","151"
"2023","WBNPLB","Wood Bison","Ear Tissue","BSN-104","2021",2021,"Trent","","","","100","89","89","134","138","181","181","253","269","103","103","135","145","93","97","129","129","191","195","232","238","87","89","150","160","113","115","172","172","227","229","143","145","156","160","90","102","138","140","188","194","250","252","173","173","146","152","154","160","81","83","124","124","165","183","142","150","260","260","140","150","129","129","155","159","91","91","146","150","184","196","112","112","170","172","85","89","165","175","85","89","","","167","167","228","228","128","132","92","102","101","103","181","181","205","205","142","142","149","153"
"2023","WBNPLB","Wood Bison","Ear Tissue","BSN-105","2021",2021,"Trent","","","","100","91","91","136","140","181","187","247","271","103","103","141","145","97","103","143","143","189","195","238","238","87","87","162","162","113","115","174","176","229","229","143","143","158","160","88","90","140","146","190","194","252","254","173","177","152","166","154","158","81","81","124","124","175","175","142","150","260","262","148","150","129","129","157","159","91","95","150","150","184","192","112","112","172","176","89","89","161","173","85","89","","","167","167","228","228","114","130","98","104","101","101","181","191","205","211","142","168","151","153"
"2023","WBNPLB","Wood Bison","Ear Tissue","BSN-106","2021",2021,"Trent","","","","100","89","89","136","140","181","187","241","253","103","103","135","145","93","103","129","129","189","191","238","238","87","89","160","161","115","115","172","174","227","229","143","147","158","158","90","102","146","150","188","190","252","252","173","177","152","152","154","154","81","83","124","132","179","183","142","142","260","262","140","150","123","125","159","159","92","92","146","150","184","190","106","112","166","172","89","89","161","173","89","89","","","167","167","228","238","130","134","102","104","95","103","177","181","205","207","142","142","151","153"
"2023","WBNPNY","Wood Bison","Ear Tissue","BSN-107 (Adult Male)","2021",2021,"Trent","","","","100","89","91","136","142","179","187","253","269","103","103","135","145","85","97","129","149","191","195","238","238","87","89","160","161","115","115","174","176","229","233","143","145","158","160","90","90","127","127","188","194","246","254","173","175","152","166","154","154","77","81","124","132","165","165","142","150","260","260","148","150","125","129","155","155","91","95","150","150","180","184","106","108","170","172","85","89","169","173","81","85","","","167","167","236","238","130","134","102","104","99","103","181","181","205","207","142","166","153","153"
"2023","WBNPHC","Wood Bison","Ear Tissue","BSN-107 (Yearling Female)","2021",2021,"Trent","","","","100","89","89","138","138","179","187","247","253","103","103","135","145","83","103","129","129","189","191","238","252","91","91","158","162","115","115","172","174","227","229","143","143","156","158","90","90","140","146","194","200","252","252","173","173","146","150","154","154","83","85","124","132","165","175","142","148","260","262","150","150","129","129","155","159","91","92","146","146","192","198","106","106","170","172","89","89","165","173","85","89","","","161","167","238","240","118","130","104","104","101","101","181","181","215","215","142","158","149","153"
"2023","WBNPNY","Wood Bison","Ear Tissue","BSN-108","2021",2021,"Trent","","","","100","89","93","134","138","181","185","241","269","103","103","135","145","97","103","129","143","189","191","238","238","87","87","158","158","108","115","172","180","227","229","143","143","156","156","90","90","140","142","188","190","250","252","173","173","152","152","154","160","81","85","124","124","175","183","142","142","260","262","140","150","123","129","159","159","91","92","146","150","184","184","106","106","172","186","85","89","169","173","85","85","","","167","167","228","228","130","132","102","102","103","103","181","181","205","205","142","142","149","151"
"2023","WBNPLB","Wood Bison","Ear Tissue","BSN-112","2022",2022,"Trent","","","","100","89","99","138","138","175","181","241","253","103","103","145","145","89","103","129","129","189","195","238","238","87","87","158","162","115","115","174","182","227","227","143","145","156","160","90","90","148","150","188","194","252","252","173","177","146","146","154","160","83","83","124","124","175","183","142","150","260","264","140","146","129","129","157","159","91","91","146","150","184","184","106","112","172","172","89","89","161","175","81","89","","","167","167","228","238","128","132","92","104","101","103","181","181","205","205","142","166","153","153"
"2023","WBNPLB","Wood Bison","Ear Tissue","BSN-113","202",2022,"Trent","","","","100","89","89","138","142","175","179","253","253","103","103","135","141","93","103","129","129","189","189","238","252","87","87","147","160","108","115","172","178","225","227","143","143","158","158","90","102","127","148","194","200","252","252","173","173","146","152","144","154","77","81","122","122","165","175","142","150","260","260","140","150","123","129","153","159","91","92","150","150","184","192","106","112","172","172","89","89","161","161","89","89","","","167","167","236","238","130","130","104","104","95","103","181","181","205","205","142","142","149","153"
"2023","WBNPLB","Wood Bison","Ear Tissue","BSN-114","202",2022,"Trent","","","","100","89","91","134","138","175","187","253","269","103","103","141","145","89","93","129","141","189","191","238","238","87","87","161","162","108","115","172","172","225","227","143","143","158","160","102","102","142","146","188","194","252","254","167","173","152","152","144","154","81","81","122","132","175","183","142","150","260","260","150","150","129","131","155","159","91","92","150","150","180","196","110","112","170","174","85","89","165","173","89","89","","","165","167","228","228","128","134","104","104","95","101","181","191","205","207","144","166","149","149"
"2023","WBNPLB","Wood Bison","Ear Tissue","BSN-115","2022",2022,"Trent","","","","100","91","99","134","138","175","181","253","253","103","103","135","141","93","103","129","129","191","191","232","238","87","87","161","162","113","115","174","174","227","227","143","143","158","158","90","90","127","142","194","200","252","252","167","177","146","146","154","154","81","81","124","132","179","183","142","142","262","262","140","150","123","129","155","155","91","95","146","150","180","184","106","112","166","170","89","89","161","161","81","89","","","161","167","228","228","130","134","104","104","101","101","181","191","205","215","142","158","153","153"
"2023","WBNPLB","Wood Bison","Ear Tissue","BSN-116","2022",2022,"Trent","","","","100","91","91","136","142","181","187","253","253","103","103","135","145","83","89","129","143","189","191","238","238","87","87","158","160","113","115","172","182","229","229","143","143","158","160","90","90","127","140","190","194","246","252","173","173","146","152","154","154","81","83","124","124","165","183","142","150","262","262","146","146","125","129","155","157","91","92","146","152","180","180","112","112","172","178","89","89","161","165","89","91","","","167","167","228","238","128","134","102","104","95","103","181","181","201","211","142","166","145","149"
"2023","WBNPNY","Wood Bison","Ear Tissue","BSN-117","2022",2022,"Trent","","","","100","89","91","134","142","179","179","253","269","103","104","141","145","103","103","141","143","195","195","238","238","87","87","162","162","113","113","172","174","227","229","143","143","158","158","102","102","138","140","188","194","252","252","163","177","152","152","154","154","81","81","124","124","175","183","142","142","256","260","146","146","129","129","153","159","91","94","146","150","180","180","108","112","168","172","89","89","161","165","81","81","","","161","167","228","238","130","132","102","104","95","103","181","181","205","205","142","142","145","149"
"2023","WBNPLB","Wood Bison","Ear Tissue","BSN-118","2022",2022,"Trent","","","","100","89","89","134","134","179","185","253","253","103","103","141","141","89","93","129","143","189","191","238","238","87","87","149","162","113","115","172","172","229","229","143","143","158","160","88","90","140","146","190","200","246","250","165","177","152","152","160","160","83","83","124","124","165","183","142","150","260","260","146","152","129","129","155","157","92","95","148","148","192","192","112","112","166","174","89","89","161","173","81","89","","","161","167","224","228","130","134","102","104","99","99","181","181","205","205","142","142","149","151"
"2023","WBNPLB","Wood Bison","Ear Tissue","BSN-119","2022",2022,"Trent","","","","100","89","89","134","134","181","191","253","253","103","103","141","145","103","103","131","149","191","191","238","238","87","87","160","160","113","113","172","172","225","229","143","145","156","158","90","90","140","150","194","194","250","252","163","173","146","146","154","160","83","85","132","132","175","183","142","150","260","260","140","150","129","129","155","155","91","92","146","150","184","184","106","112","166","170","89","89","161","173","85","89","","","167","167","228","238","128","132","102","104","101","103","181","181","205","211","142","166","153","153"
"2024","WBNPPAD","Wood Bison","Tissue - Ear","BSN-25","2010",2010,"Trent","","","","100","89","91","134","136","181","181","241","271","103","104","141","141","85","103","129","149","191","191","252","254","87","87","158","160","115","115","172","172","225","227","143","147","158","158","88","90","142","150","188","194","252","252","173","173","152","152","154","156","81","83","124","132","175","175","142","148","260","262","146","146","123","129","155","157","92","92","150","150","180","180","106","106","170","178","85","89","165","173","85","89","","","167","167","228","238","130","130","92","104","97","103","181","181","205","211","158","166","149","153"
"2024","WBNPNY","Wood Bison","Tissue - Ear","BSN-46","2018",2018,"Trent","","","","100","89","91","134","138","175","181","253","253","103","103","145","145","103","103","129","143","189","195","238","238","87","91","160","162","113","115","172","178","227","229","143","143","158","158","90","90","127","127","190","190","246","252","173","177","142","152","144","144","83","83","132","132","165","183","142","148","260","262","150","150","123","123","155","157","91","92","150","150","184","192","106","112","170","174","89","95","165","173","89","89","","","161","167","228","238","128","130","102","104","101","101","181","181","207","211","142","168","149","153"
"2024","WBNPNY","Wood Bison","Tissue - Ear","BSN-51","2018",2018,"Trent","","","","100","91","91","138","138","181","185","247","253","103","103","145","145","89","103","129","149","189","195","238","238","87","87","160","161","113","115","172","174","227","229","143","143","158","158","90","90","140","150","194","194","252","252","173","177","146","152","154","154","81","83","132","132","179","183","142","142","260","262","146","150","129","129","155","157","92","92","146","150","196","196","108","112","170","172","83","85","173","173","87","89","","","167","167","238","240","128","130","102","104","99","103","181","191","205","205","142","142","149","153"
"2024","WBNPNY","Wood Bison","Tissue - Ear","BSN-52","2019",2019,"Trent","","","","100","91","91","138","142","179","185","253","269","103","104","135","145","89","103","129","149","189","189","238","238","87","87","159","159","113","115","172","172","227","229","143","143","158","158","90","102","140","146","190","194","252","252","167","173","152","152","154","154","81","81","124","132","175","179","142","142","260","262","146","150","129","129","157","159","91","92","146","150","196","196","106","112","170","186","89","89","169","173","85","89","","","167","167","228","238","130","132","102","104","101","103","181","191","205","207","158","164","149","151"
"2024","WBNPHC","Wood Bison","Tissue - Ear","BSN-55","2020",2020,"Trent","","","","100","89","91","134","138","181","181","253","253","103","103","141","141","89","93","129","149","189","191","238","238","87","87","149","162","115","115","172","174","227","229","143","143","158","160","88","90","140","142","190","200","252","252","165","177","146","152","154","154","81","83","124","132","183","183","142","142","262","262","140","148","123","127","155","157","91","95","146","148","184","192","90","112","170","172","85","89","161","173","89","89","","","161","167","228","228","128","130","104","104","99","101","181","191","211","215","142","158","151","153"
"2024","WBNPHC","Wood Bison","Tissue - Ear","BSN-62","2020",2020,"Trent","","","","100","89","91","134","138","179","187","241","253","103","103","141","141","93","103","129","129","189","189","238","238","87","87","160","162","113","115","172","182","229","229","143","143","156","160","102","102","146","148","194","200","252","252","173","177","146","152","154","160","77","83","124","124","175","183","142","150","260","262","150","150","129","129","157","159","91","92","150","150","192","192","106","110","172","174","89","89","161","173","85","89","","","167","167","228","240","118","130","102","104","95","101","181","191","201","205","142","158","149","153"
"2024","WBNPHC","Wood Bison","Tissue - Ear","BSN-63","2020",2020,"Trent","","","","98","91","91","138","138","179","181","253","253","103","105","135","141","91","103","129","143","189","189","238","238","87","87","158","162","108","113","172","172","229","229","143","147","158","158","90","90","127","140","194","200","246","252","173","177","146","152","144","154","81","81","124","132","183","183","142","150","260","262","150","152","127","129","155","159","91","92","150","150","180","184","112","112","172","174","81","83","161","165","89","89","","","161","161","228","238","130","132","98","102","103","103","181","191","205","211","142","142","149","149"
"2024","WBNPHC","Wood Bison","Tissue - Ear","BSN-64","2020",2020,"Trent","","","","98","91","91","134","138","179","187","241","269","103","103","135","141","89","93","129","129","189","189","238","238","87","87","160","160","113","113","172","174","225","229","143","143","158","160","90","102","148","148","194","200","252","252","177","177","152","152","154","160","81","83","122","124","165","175","142","150","260","262","140","150","127","129","153","159","92","92","150","150","180","192","106","112","172","172","89","89","161","173","85","87","","","167","167","228","236","130","130","104","104","101","103","181","191","205","211","142","158","",""
"2024","WBNPHC","Wood Bison","Tissue - Ear","BSN-65","2020",2020,"Trent","","","","100","89","91","132","138","179","179","253","253","103","104","135","141","83","97","143","149","189","191","232","238","87","87","143","162","113","113","172","174","231","233","143","143","158","158","90","102","127","150","188","200","250","252","175","177","146","150","154","156","81","83","124","132","175","175","142","150","260","262","146","150","123","129","155","155","91","92","146","150","180","192","106","106","172","176","89","89","159","167","81","89","","","161","167","228","238","128","130","102","102","95","95","181","181","205","211","142","166","145","149"
"2024","WBNPHC","Wood Bison","Tissue - Ear","BSN-66","2020",2020,"Trent","","","","100","89","93","132","140","179","181","241","253","103","103","135","145","103","103","129","133","189","195","238","238","87","89","158","158","108","113","172","174","227","227","143","143","154","158","90","102","127","142","188","190","252","252","173","173","150","162","154","154","83","83","124","136","165","183","142","148","260","260","146","150","123","129","155","155","91","92","150","150","180","184","108","112","172","176","89","89","165","165","81","91","","","167","167","228","228","130","134","92","102","103","103","181","181","205","207","142","142","149","151"
"2024","WBNPHC","Wood Bison","Tissue - Ear","BSN-67","2020",2020,"Trent","","","","100","89","91","136","138","175","179","241","253","103","103","141","145","93","93","129","129","189","189","232","238","87","89","160","162","115","115","174","182","225","227","143","143","158","158","90","90","127","146","188","200","252","254","173","173","146","152","154","154","77","81","124","124","179","183","142","148","260","262","150","150","125","129","155","159","91","92","150","150","180","190","106","110","170","174","81","81","161","169","85","89","","","167","167","228","238","128","128","102","104","95","99","181","181","207","211","142","144","145","149"
"2024","WBNPHC","Wood Bison","Tissue - Ear","BSN-69","2020",2020,"Trent","","","","100","89","91","134","138","179","181","241","253","103","103","145","145","91","103","129","143","189","189","238","238","87","87","149","162","113","115","172","178","229","229","143","143","156","158","90","90","127","148","190","194","246","252","173","177","152","152","144","154","81","83","124","132","165","165","142","142","260","260","150","150","129","129","155","159","91","91","146","146","180","184","112","112","172","174","89","89","165","165","89","89","","","161","167","238","238","130","132","98","104","99","101","181","193","205","207","142","142","149","153"
"2024","WBNPHC","Wood Bison","Tissue - Ear","BSN-70","2020",2020,"Trent","","","","100","89","91","138","138","179","187","241","253","103","103","145","145","93","103","129","143","191","191","238","252","87","89","160","162","108","115","172","174","229","229","143","143","158","158","102","102","140","146","190","194","246","252","167","173","152","152","154","154","81","81","120","122","179","179","142","150","256","262","146","150","125","129","155","155","91","95","146","146","180","180","108","110","168","174","85","89","165","165","85","91","","","161","167","228","238","130","132","104","104","95","99","181","181","205","215","142","162","147","151"
"2023","WBNPHC","Wood Bison","Biopsy","BSN71","2021",2021,"Trent","","","","100","89","91","134","138","185","187","253","269","103","103","145","145","97","103","129","129","189","189","232","232","87","87","160","160","108","115","172","172","229","231","133","143","156","156","88","90","140","140","188","188","252","252","167","177","146","164","154","154","81","83","132","132","165","175","142","142","260","262","146","148","125","129","153","153","92","92","146","150","180","184","106","112","170","172","81","83","165","169","89","91","","","161","167","238","240","128","130","102","102","101","103","181","181","205","205","142","164","151","153"
"2023","WBNPNY","Wood Bison","Biopsy","BSN72","2021",2021,"Trent","","","","100","89","91","134","138","179","187","253","269","103","103","145","145","85","97","129","129","191","195","232","238","87","87","149","161","113","115","172","174","229","229","143","147","158","158","90","90","140","140","188","190","252","252","173","177","152","152","144","156","83","83","122","124","175","183","142","148","262","262","146","150","129","129","153","153","91","91","146","150","192","196","106","112","170","172","85","89","165","173","85","85","","","167","167","228","240","130","132","98","102","101","101","181","181","207","211","142","164","145","153"
"2023","WBNPLB","Wood Bison","Biopsy","BSN76-1","2021",2021,"Trent","","","","100","89","89","134","134","179","181","253","269","103","103","141","141","89","97","129","149","189","191","238","238","87","87","149","160","115","115","172","172","229","229","143","143","158","160","88","102","140","140","190","200","246","252","165","177","146","152","154","160","83","83","124","124","165","183","142","150","260","262","146","148","127","129","155","157","95","95","148","150","180","192","90","112","172","174","85","89","161","173","81","89","","","167","167","224","228","128","130","102","104","99","99","181","191","205","211","142","142","149","151"
"2023","WBNPLB","Wood Bison","Biopsy","BSN76-2","2021",2021,"Trent","","","","100","89","91","138","142","175","187","247","253","103","103","141","145","103","103","129","129","191","195","238","238","87","87","158","162","108","113","172","182","225","229","143","143","156","160","90","90","127","140","190","194","252","252","173","177","162","166","144","154","77","81","124","132","175","175","142","148","256","260","140","140","129","129","155","157","91","95","146","150","184","192","106","112","172","178","89","89","161","161","81","89","","","167","167","228","240","130","130","104","104","99","103","181","181","205","207","142","142","149","153"
"2023","WBNPHC","Wood Bison","Biopsy","BSN81","2021",2021,"Trent","","","","100","89","91","134","136","181","181","241","247","103","103","141","145","83","97","129","149","189","191","232","238","87","89","161","170","108","115","172","172","229","229","143","147","154","158","90","90","140","148","188","194","252","252","173","177","146","152","144","154","83","83","122","124","165","175","142","148","260","262","140","148","125","127","153","155","92","94","146","150","184","196","106","112","170","174","85","89","161","173","89","89","","","161","161","238","240","130","134","104","104","99","103","181","181","205","205","144","168","149","151"
"2023","WBNPHC","Wood Bison","Biopsy","BSN83","2021",2021,"Trent","","","","100","89","91","134","134","187","191","253","269","103","103","145","145","93","103","143","143","189","191","232","236","87","87","158","160","108","115","172","172","225","229","143","143","156","158","90","90","140","148","194","194","252","252","163","167","146","152","154","154","81","83","124","132","183","183","142","142","262","262","146","150","121","125","151","157","91","91","146","150","180","192","106","112","170","172","81","89","161","173","85","89","","","167","167","228","240","128","130","104","104","103","103","181","191","201","205","142","166","149","151"
"2023","WBNPHC","Wood Bison","Biopsy","BSN84","2021",2021,"Trent","","","","100","91","91","134","138","187","187","253","269","103","103","135","147","89","89","129","129","189","189","238","238","87","87","158","160","113","113","174","176","229","229","143","143","158","160","90","102","142","148","194","200","252","252","173","177","152","152","154","160","83","83","122","124","175","183","142","142","256","260","140","150","129","131","157","159","91","91","146","150","180","180","106","110","172","174","89","89","161","173","87","89","","","167","167","228","236","128","130","102","104","101","103","181","191","205","211","142","158","151","151"
"2023","WBNPHC","Wood Bison","Biopsy","BSN86","2021",2021,"Trent","","","","100","89","91","138","140","179","187","253","253","103","105","141","145","93","93","129","143","189","189","238","238","87","87","160","162","113","115","172","174","227","229","143","143","158","158","102","102","127","146","194","194","252","252","175","175","146","152","154","154","83","83","124","132","175","179","142","142","260","262","140","150","129","131","155","155","92","95","150","150","180","192","106","108","172","172","89","95","165","165","87","91","","","161","167","228","240","130","130","102","102","101","103","181","191","205","215","142","158","153","153"
"2023","WBNPHC","Wood Bison","Biopsy","BSN87","2021",2021,"Trent","","","","100","89","91","134","142","175","187","247","253","103","103","145","145","93","103","129","143","189","189","232","252","87","87","158","162","115","115","174","180","229","229","143","145","154","156","90","100","127","142","188","188","252","252","173","175","146","152","144","156","81","83","124","132","175","183","142","148","260","262","148","150","127","129","155","157","94","94","150","150","184","192","106","106","170","172","89","89","161","173","87","89","","","161","167","238","240","130","134","104","104","99","101","181","181","211","215","142","166","149","153"
"2023","WBNPNY","Wood Bison","Biopsy","BSN90","2021",2021,"Trent","","","","100","89","91","138","138","179","181","241","269","103","103","145","145","97","103","129","129","191","195","232","238","87","91","147","161","108","113","174","178","227","229","143","147","158","158","102","102","127","150","194","194","252","252","173","173","152","152","154","154","77","81","124","124","175","183","142","142","262","264","146","150","129","129","157","159","92","92","150","150","184","184","108","112","170","172","89","89","165","173","89","89","","","167","167","228","228","130","132","92","104","101","101","181","181","205","211","142","158","149","153"
"2023","WBNPNY","Wood Bison","Biopsy","BSN91","2021",2021,"Trent","","","","100","91","91","134","138","187","187","241","269","103","103","145","145","89","93","129","129","189","189","238","238","87","87","158","161","108","113","172","172","227","229","143","143","158","160","90","102","127","140","194","200","252","252","167","173","146","152","154","160","77","81","124","124","165","175","142","150","256","262","146","150","129","129","157","159","92","95","146","150","180","190","106","108","170","174","83","89","165","169","89","91","","","167","167","228","240","130","132","104","104","103","103","181","191","201","207","142","142","149","151"
"2023","WBNPNY","Wood Bison","Biopsy","dart4-03","2021",2021,"Trent","","","","100","89","89","134","138","179","187","269","269","103","103","145","145","85","97","129","129","191","195","238","238","87","87","149","161","113","115","172","174","229","229","143","147","158","158","90","90","140","140","188","190","252","252","173","177","152","152","144","156","83","83","122","124","175","183","142","148","262","262","146","150","129","129","153","153","91","91","146","150","192","196","106","106","170","172","85","89","165","173","85","85","","","167","167","228","240","130","132","98","102","101","101","181","181","207","211","142","142","145","153"
"2024/M.Grant Thesis","WBNPHC","Wood Bison","Fecal","WBNP-152-Fe","10/24/2022",2022,"Trent","","","","92","89","91","136","136","175","179","247","253","103","103","145","145","","","129","143","189","189","238","238","87","87","158","162","113","115","","","229","229","143","143","156","156","90","90","142","142","194","194","252","252","167","173","152","152","156","156","81","83","124","124","165","165","142","142","262","262","146","150","123","129","155","155","91","95","146","150","180","180","106","112","170","174","85","89","161","165","89","91","","","167","167","228","228","130","130","92","92","101","101","181","191","205","211","142","170","",""
"2024/M.Grant Thesis","WBNPHC","Wood Bison","Fecal","WBNP-165-Fe","10/19/2022",2022,"Trent","","","","80","89","91","134","136","179","187","247","269","103","103","135","135","","","143","143","189","189","238","238","87","87","158","160","113","115","","","229","231","143","143","156","158","90","90","140","146","190","200","252","254","163","163","152","152","156","156","83","83","124","132","165","165","142","148","260","260","150","150","123","125","","","92","95","","","184","184","90","110","174","174","85","89","","","85","87","","","167","167","","","112","112","98","104","95","101","","","205","205","142","166","",""
"2024/M.Grant Thesis","WBNPHC","Wood Bison","Fecal","WBNP-170-Fe","10/19/2022",2022,"Trent","","","","88","89","89","134","140","179","185","253","253","103","103","141","145","83","103","129","131","189","189","232","238","87","87","149","161","113","113","","","229","231","143","143","156","160","90","90","138","140","190","194","252","252","173","175","","","","","81","83","124","132","175","179","142","142","","","150","150","129","129","155","159","91","91","150","150","180","192","108","112","172","176","85","89","161","161","89","89","","","167","167","228","238","118","130","98","104","101","103","181","181","205","205","142","142","",""
"2024/M.Grant Thesis","WBNPHC","Wood Bison","Fecal","WBNP-188-Fe","9/7/2022",2022,"Trent","","","","95","89","91","134","138","181","187","241","253","103","103","141","141","","","129","129","189","189","238","238","87","87","160","162","113","113","172","174","227","227","143","145","158","158","90","90","127","140","194","200","252","252","167","173","146","152","144","154","81","81","124","132","165","179","142","142","262","262","140","146","123","127","153","155","","","146","146","180","184","110","112","166","172","83","89","161","165","81","89","","","167","167","228","228","128","130","104","104","101","103","181","181","201","215","142","158","153","153"
"2024/M.Grant Thesis","WBNPHC","Wood Bison","Fecal","WBNP-189-Fe","8/19/2022",2022,"Trent","","","","84","89","89","138","138","179","187","253","253","103","103","135","145","97","103","143","149","189","189","232","232","87","87","161","170","113","115","","","229","229","143","143","156","158","90","102","140","148","200","200","252","252","175","177","146","158","156","156","77","77","124","124","165","165","142","150","262","262","140","140","123","123","155","155","91","92","146","150","180","184","112","112","176","176","81","85","161","161","85","89","","","167","167","236","236","128","134","92","104","101","101","","","","","144","144","",""
"2024/M.Grant Thesis","WBNPHC","Wood Bison","Fecal","WBNP-210-Fe","8/19/2022",2022,"Trent","","","","92","89","91","136","138","179","181","253","253","103","107","145","147","97","103","129","143","189","195","238","238","87","89","160","160","108","108","","","229","229","143","143","154","158","90","102","127","127","194","194","254","254","173","173","146","152","156","156","81","83","132","132","175","175","142","148","","","146","146","123","129","155","155","91","95","150","150","180","184","110","112","168","170","81","89","161","161","87","87","","","167","167","228","228","130","130","96","104","95","101","181","191","","","142","164","",""
"2024/M.Grant Thesis","WBNPHC","Wood Bison","Fecal","WBNP-963-Fe","11/15/2022",2022,"Trent","","","","95","89","89","134","138","179","185","253","269","103","103","145","145","89","93","129","129","189","189","238","238","87","89","162","170","113","115","172","174","227","229","143","143","158","160","90","90","140","146","194","200","252","254","173","177","146","152","144","144","81","85","124","124","165","175","142","148","260","260","140","150","123","129","155","157","91","95","150","150","180","190","106","112","174","174","83","89","165","169","89","91","","","161","167","238","238","130","132","102","102","103","103","177","181","201","205","142","168","153","153"
"2024/M.Grant Thesis","WBNPHC","Wood Bison","Fecal","WBNP-964-Fe","11/15/2022",2022,"Trent","","","","92","91","93","134","138","185","187","253","269","103","103","135","145","93","103","143","143","191","191","232","238","87","87","160","170","113","115","182","182","227","227","145","147","156","160","90","90","142","150","188","194","252","252","167","177","146","158","","","83","83","132","132","175","183","142","142","260","260","146","146","123","129","155","159","91","92","150","150","180","180","108","112","178","178","89","89","161","169","81","89","","","167","167","228","228","130","132","92","104","101","103","191","191","205","205","142","142","151","151"
"2024/M.Grant Thesis","WBNPHC","Wood Bison","Fecal","WBNP-974-Fe","12/20/2022",2022,"Trent","","","","95","89","89","138","138","181","185","241","253","103","103","141","141","93","103","143","143","191","195","232","232","87","89","160","170","113","115","","","227","229","143","147","158","158","90","102","140","150","194","194","252","252","173","177","146","158","154","160","81","83","132","132","175","175","142","142","260","262","140","150","129","131","155","159","92","95","146","150","180","180","106","112","166","172","85","95","165","173","89","89","","","167","167","228","228","130","134","104","104","101","101","181","193","205","205","","","149","149"
"2024/M.Grant Thesis","WBNPHC","Wood Bison","Fecal","WBNP-975-Fe","12/20/2022",2022,"Trent","","","","97","89","91","136","142","185","187","253","253","103","103","141","141","103","103","143","143","189","189","238","238","87","87","162","170","113","115","172","174","225","229","143","143","154","156","100","102","140","148","194","200","252","252","167","177","150","152","154","154","81","83","124","124","165","175","142","148","262","262","140","150","127","129","155","159","","","150","150","192","196","106","112","170","172","89","89","169","173","85","89","","","167","167","228","238","128","128","102","104","95","103","181","191","205","205","142","142","149","151"
"2024/M.Grant Thesis","WBNPHC","Wood Bison","Fecal","WBNP-976-Fe","12/20/2022",2022,"Trent","","","","92","89","91","134","138","175","179","269","269","103","103","141","141","93","93","143","143","191","195","232","238","87","87","149","149","115","115","","","229","229","143","143","156","156","90","90","140","142","188","194","252","254","173","173","152","152","154","154","81","81","122","132","175","183","142","142","260","260","140","146","123","129","","","92","95","150","152","180","180","106","112","166","174","85","89","161","161","89","89","","","167","167","228","228","130","130","104","104","95","101","181","181","207","207","142","142","",""
"2024/M.Grant Thesis","WBNPHC","Wood Bison","Fecal","WBNP-977-Fe","2/10/2023",2023,"Trent","","","","98","89","91","138","138","175","181","253","269","103","103","145","145","103","103","129","129","189","195","232","238","87","87","158","160","113","115","174","174","227","229","143","143","152","158","90","90","127","150","194","194","252","252","173","177","152","152","144","144","81","85","122","124","165","165","142","142","260","266","148","150","129","129","155","155","91","91","150","150","180","180","108","112","168","172","85","89","165","165","89","89","","","167","167","228","238","118","130","102","102","103","103","181","181","205","215","162","166","149","151"
"2024/M.Grant Thesis","WBNPHC","Wood Bison","Fecal","WBNP-982-Fe","2/16/2023",2023,"Trent","","","","95","89","91","132","134","175","179","249","253","103","104","141","147","97","103","129","129","191","191","232","238","87","87","160","160","113","115","","","227","229","143","145","158","160","90","90","140","140","188","194","246","252","167","175","152","152","144","154","83","83","132","132","165","165","142","142","260","262","146","146","125","127","153","155","91","92","146","150","180","192","108","108","172","172","85","89","165","173","89","91","","","161","167","232","238","130","132","92","104","103","103","181","191","205","207","142","168","149","151"
"2024/M.Grant Thesis","WBNPHC","Wood Bison","Fecal","WBNP-984-Fe","2/22/2023",2023,"Trent","","","","98","91","91","136","138","179","187","253","253","102","103","145","145","103","103","129","129","189","189","238","238","89","89","160","162","108","115","172","174","225","227","143","145","156","158","90","102","127","127","188","200","252","252","167","177","146","152","154","156","81","85","122","132","175","183","142","148","262","262","146","146","129","129","155","157","95","95","146","150","180","192","90","106","172","172","85","89","161","173","85","89","","","167","167","228","238","118","130","102","104","95","95","191","191","205","205","142","142","145","149"
"2024/M.Grant Thesis","WBNPHC","Wood Bison","Fecal","WBNP-967-Fe","11/25/2022",2022,"Trent","","","","94","91","91","134","136","175","179","253","253","103","103","141","145","83","93","129","143","189","195","232","232","87","87","143","170","113","115","172","176","229","229","","","160","160","90","90","127","127","194","194","252","252","173","175","146","158","154","154","77","81","124","132","181","183","142","142","260","262","150","150","123","125","159","159","92","94","146","150","184","196","106","112","174","176","85","85","161","173","89","91","","","167","167","228","238","128","130","92","104","101","103","181","181","205","215","144","158","",""
"2024/M.Grant Thesis","WBNPHC","Wood Bison","Fecal","WBNP-968-Fe","11/29/2022",2022,"Trent","","","","84","89","91","138","140","181","187","269","269","103","103","145","145","","","129","129","189","189","","","87","87","162","162","108","115","","","","","143","147","158","158","102","104","140","150","194","194","252","252","173","175","","","154","154","81","83","124","124","175","175","142","142","260","262","140","150","129","129","155","159","91","91","150","150","184","184","106","108","170","172","89","89","165","173","89","91","","","167","167","228","228","","","104","104","101","103","181","181","205","205","142","156","",""
"2024/M.Grant Thesis","WBNPHC","Wood Bison","Fecal","WBNP-969-Fe","12/15/2022",2022,"Trent","","","","80","91","91","","","179","179","253","253","103","103","145","145","","","129","129","","","232","232","87","87","143","158","113","113","176","176","225","233","143","147","156","158","90","90","127","127","194","194","246","252","167","167","152","152","144","156","81","81","124","132","","","142","150","","","","","123","125","155","155","91","95","150","150","192","192","108","108","176","176","89","89","165","165","89","89","","","","","","","130","130","96","96","","","191","191","207","207","166","166","",""
"2023","WBNPNY","Wood Bison","Biopsy","BSN97","2021",2021,"Trent","","","","100","91","93","138","138","181","185","241","253","103","103","135","135","97","97","129","143","189","189","238","252","87","87","158","158","113","115","180","182","225","229","143","143","156","158","90","102","142","142","188","194","250","250","173","177","152","156","144","160","81","85","124","124","175","183","142","142","260","262","146","150","123","129","155","159","92","92","146","152","184","184","106","112","178","186","89","89","169","173","85","89","","","167","167","228","228","130","132","102","104","103","103","181","181","207","207","142","166","149","151"
"2023","WBNPNY","Wood Bison","Biopsy","BlueDart4","2021",2021,"Trent","","","","100","89","91","136","138","181","187","253","253","103","105","141","141","89","93","143","149","189","191","232","238","87","89","160","161","108","115","172","174","229","229","143","147","158","158","90","102","127","142","194","200","252","252","173","177","146","152","144","156","81","83","124","132","175","183","142","142","262","262","150","150","125","129","155","157","91","91","150","150","180","196","106","112","166","172","89","89","161","161","89","89","","","161","167","228","228","128","134","98","102","95","99","181","191","205","205","166","168","151","153"
"2023","WBNPHC","Wood Bison","Ear Tissue","BSN-49","2018",2018,"Trent","","","","98","89","91","134","138","181","187","247","253","103","105","135","141","89","103","129","143","189","189","232","238","87","87","158","158","113","115","172","182","229","229","143","143","158","158","90","102","140","150","194","194","252","252","165","177","146","158","144","154","83","83","124","124","165","175","142","142","260","262","140","146","123","125","155","159","91","91","150","154","180","184","106","106","170","174","89","89","161","165","89","89","","","167","167","236","238","130","132","104","104","95","101","181","181","205","207","166","168","145","151"
"2023","WBNPHC","Wood Bison","Ear Tissue","BSN-50","2018",2018,"Trent","","","","100","89","91","136","138","181","187","269","271","103","103","141","145","89","97","129","149","189","191","232","238","87","91","158","170","108","115","176","182","229","229","143","145","158","160","90","90","148","148","194","200","252","252","165","177","152","158","154","154","81","85","132","132","175","183","142","150","262","262","146","150","125","125","155","155","91","95","146","146","184","192","108","112","168","172","85","89","161","169","81","89","","","161","167","228","236","128","130","96","102","95","101","181","181","211","211","142","158","149","151"
"2023","WBNPHC","Wood Bison","Ear Tissue","BSN-57","2020",2020,"Trent","","","","100","89","89","138","138","181","187","253","269","103","105","135","135","83","85","141","143","189","191","238","238","87","87","158","161","115","115","172","172","227","229","143","145","156","158","90","102","142","142","194","194","252","252","173","177","146","152","154","154","81","83","132","132","175","179","142","150","260","262","150","150","125","129","155","159","91","92","150","154","196","196","106","112","174","174","89","89","173","173","89","89","","","167","167","228","238","128","128","96","104","95","103","177","181","205","207","166","166","149","149"
"2023","WBNPHC","Wood Bison","Ear Tissue","BSN-61","2020",2020,"Trent","","","","100","89","89","136","136","179","185","253","269","103","103","141","145","97","103","129","133","189","191","238","252","85","87","160","162","115","115","172","174","229","229","143","143","158","158","88","102","140","150","190","200","246","252","177","177","146","152","154","154","83","83","124","124","183","183","142","142","260","262","146","146","127","127","155","157","92","94","146","148","180","180","110","112","170","174","85","89","169","173","81","91","","","167","167","228","228","130","130","104","104","99","103","179","191","205","205","142","158","149","149"
"2023","WBNPHC","Wood Bison","Biopsy","BSN98","9/13/2021",2021,"Trent","","","","100","89","91","134","138","181","187","253","253","103","103","141","145","93","103","129","129","189","189","232","238","87","87","161","162","108","113","172","174","227","229","143","143","158","158","88","90","140","142","200","200","250","252","163","167","152","152","156","160","81","83","124","124","179","183","142","142","260","262","146","150","129","129","155","157","91","95","146","150","180","196","106","110","174","176","89","89","161","177","89","89","","","161","167","228","238","118","130","98","104","101","103","179","181","201","215","168","168","145","147"
"2023","WBNPHC","Wood Bison","Biopsy","BSN99","9/13/2021",2021,"Trent","","","","100","89","91","138","138","179","181","253","253","103","103","145","145","103","103","129","149","189","191","232","238","87","87","158","162","108","113","172","172","231","231","143","147","156","158","90","90","127","148","190","194","252","252","167","167","152","152","154","160","83","83","124","124","165","175","142","148","256","260","140","146","125","129","155","157","92","95","148","150","180","196","108","110","170","178","83","89","155","173","85","87","","","161","161","238","238","130","130","92","104","95","103","191","191","205","211","142","164","151","153"
"2023/2024","WBNPLB","Wood Bison","Ear Tissue","BSN-47","2018",2018,"Trent","","","","100","89","91","134","138","175","179","253","253","103","104","141","141","97","103","129","129","191","191","238","238","87","87","149","158","113","115","174","182","229","229","143","143","158","160","90","102","127","150","190","194","250","252","173","177","146","146","154","154","83","85","124","124","165","175","142","142","256","262","146","150","123","127","155","155","91","92","150","150","180","184","110","112","166","170","89","89","165","169","85","89","","","161","167","238","240","130","132","102","104","95","103","181","181","205","211","142","166","149","149"
"2023","WBNPLB","Wood Bison","Ear Tissue","BSN-48","2018",2018,"Trent","","","","98","89","91","134","136","179","181","253","269","103","103","135","145","93","103","129","143","189","191","238","238","87","89","160","161","113","115","176","176","229","229","143","143","158","158","90","102","127","146","188","194","252","252","167","173","146","152","144","154","77","81","124","132","165","165","142","150","262","262","146","150","123","125","155","157","91","91","146","150","196","198","108","110","170","174","89","89","161","173","81","89","","","165","167","228","236","130","132","92","102","101","103","181","181","207","215","142","166","153","153"
"2023","WBNPNY","Wood Bison","Ear Tissue","BSN-08","2016",2016,"Trent","","","","92","91","91","136","140","181","187","269","271","103","103","141","145","97","103","129","143","189","195","238","238","87","87","158","162","113","115","174","176","229","229","143","147","160","160","88","90","","","190","194","252","254","173","177","152","166","154","158","81","83","124","132","175","175","142","150","","","","","123","129","157","159","91","95","150","150","184","192","106","112","172","176","89","89","161","173","85","89","","","167","167","228","238","114","130","98","104","101","101","181","191","205","211","142","142","151","153"
"2023/2024","WBNPNY","Wood Bison","Ear Tissue","BSN-43","2017",2017,"Trent","","","","100","91","93","138","138","175","179","241","269","103","103","141","145","93","97","129","129","189","191","238","238","87","89","149","162","113","115","172","174","229","233","143","143","156","158","90","102","127","148","194","194","252","252","173","175","146","166","154","154","81","83","124","132","165","179","142","142","260","260","150","150","129","129","155","159","92","92","146","148","180","180","106","112","170","172","89","89","161","173","85","89","","","161","167","228","238","130","130","96","104","99","103","181","181","205","205","142","144","153","153"
"2023","WBNPNY","Wood Bison","Ear Tissue","BSN-44","2017",2017,"Trent","","","","100","89","91","134","140","179","185","253","253","103","104","145","145","89","93","129","129","189","189","238","238","89","89","159","170","115","115","172","176","225","225","143","143","156","158","90","90","140","146","190","194","252","252","173","175","152","152","154","154","77","85","124","124","165","183","142","148","260","262","150","150","129","129","155","157","92","92","146","150","192","196","106","108","170","172","85","95","161","173","85","87","","","161","167","228","228","130","130","102","104","95","99","181","181","201","205","158","168","145","149"
"2023","WBNPNY","Wood Bison","Ear Tissue","BSN-58","2020",2020,"Trent","","","","100","89","91","134","138","175","179","253","253","103","103","141","145","89","89","129","129","189","191","238","238","87","87","147","161","113","115","172","172","229","229","143","143","156","158","90","90","127","140","190","200","246","252","173","173","146","152","144","154","83","83","124","132","175","183","142","150","260","260","150","150","123","123","155","157","92","92","146","146","180","180","106","112","170","174","89","89","161","173","85","89","","","161","167","228","228","128","130","104","104","103","103","181","191","207","207","142","142","145","149"
"2023","WBNPNY","Wood Bison","Ear Tissue","BSN-59","2020",2020,"Trent","","","","100","91","91","134","138","181","187","241","269","103","103","135","145","93","97","129","143","191","195","232","238","87","89","160","161","113","115","172","174","227","233","143","143","158","160","90","90","127","140","194","194","252","252","167","173","146","152","144","160","83","85","122","132","165","175","142","142","260","262","146","150","125","129","155","159","91","92","146","152","184","184","106","110","170","172","89","89","169","173","85","89","","","161","167","228","238","130","134","102","102","99","103","181","181","205","205","142","142","149","151"
"2025","WBNPLB","Wood Bison","Tissue - Ear","BSN-120","2023",2023,"Trent","","","","96","89","89","134","138","179","181","241","253","103","103","141","145","93","93","129","129","191","195","238","238","87","87","158","160","113","115","172","174","227","229","143","143","158","158","90","90","127","150","190","194","","","173","173","","","144","154","81","81","124","132","165","183","142","142","262","262","150","150","123","129","155","159","91","92","150","150","180","180","106","110","172","174","81","89","161","175","81","89","","","161","167","228","228","128","130","98","104","95","99","181","193","205","207","142","162","153","153"
"2025","WBNPLB","Wood Bison","Tissue - Ear","BSN-121","2024",2024,"Trent","","","","96","89","91","134","138","181","187","253","253","103","103","145","145","91","93","129","143","191","195","238","238","87","87","160","162","113","115","172","174","227","229","143","143","158","158","90","90","127","140","190","194","252","254","167","173","","","144","144","77","83","122","132","183","183","142","142","256","260","146","150","123","129","155","155","91","91","146","146","180","184","106","106","172","172","89","95","165","169","85","89","","","161","165","240","240","118","132","96","98","103","103","181","193","","","166","166","151","153"
"2025","WBNPLB","Wood Bison","Tissue - Ear","BSN-123","2024",2024,"Trent","","","","98","89","99","138","138","179","181","253","253","103","103","141","141","97","103","143","149","189","195","232","252","87","87","162","162","113","115","172","174","225","233","143","145","158","158","90","100","146","150","188","194","252","254","177","177","146","146","154","154","81","81","124","124","175","183","142","142","260","262","150","152","123","129","155","155","91","91","146","150","180","184","106","112","166","172","83","89","159","165","89","91","","","167","167","228","238","128","130","102","104","95","95","181","191","","","142","144","149","149"
"2025","WBNPLB","Wood Bison","Tissue - Ear","BSN-125","2024",2024,"Trent","","","","100","89","91","138","138","179","185","253","269","103","103","135","145","85","97","129","143","189","191","238","252","87","87","158","161","113","115","172","180","229","229","143","147","156","158","90","102","127","140","194","194","250","252","173","175","152","152","144","154","83","85","124","124","175","183","142","148","260","260","146","150","129","129","153","159","91","92","146","150","184","184","106","112","172","186","89","89","173","173","85","89","","","167","167","228","228","132","132","102","104","95","103","181","181","205","205","142","142","149","153"
"2025","WBNPLB","Wood Bison","Tissue - Ear","BSN-127","2024",2024,"Trent","","","","100","89","93","134","138","181","185","253","269","103","103","135","145","93","103","129","129","191","195","238","238","87","87","160","162","113","115","172","176","227","229","143","143","158","158","90","90","138","138","188","194","252","252","173","177","152","152","154","154","77","83","132","132","165","175","142","150","260","262","150","150","123","125","155","159","91","95","146","146","184","196","106","112","170","172","89","95","161","169","89","89","","","167","167","228","238","118","130","102","104","101","103","181","191","205","205","142","166","145","153"
"2025","WBNPNY","Wood Bison","Tissue - Ear","BSN-129","2024",2024,"Trent","","","","98","89","89","134","142","181","181","253","253","103","103","141","145","89","93","143","143","189","191","232","252","87","89","158","160","108","115","172","172","229","229","143","143","156","158","90","90","150","150","194","194","252","252","173","173","152","152","144","154","81","83","124","132","165","183","142","142","260","262","148","150","129","129","157","159","91","91","150","150","184","196","106","112","170","172","85","89","161","165","85","89","","","165","167","228","228","130","132","102","104","95","95","177","181","","","142","166","149","149"
"2025","WBNPLB","Wood Bison","Tissue - Ear","BSN-133","2024",2024,"Trent","","","","100","89","89","142","142","175","181","253","253","103","103","145","145","103","103","129","129","191","195","238","238","87","87","160","162","113","115","174","174","227","227","143","143","158","158","90","90","127","148","190","194","246","254","167","177","146","152","144","154","83","85","122","124","165","175","142","142","260","262","150","150","129","129","155","155","91","92","146","150","180","196","106","112","166","172","89","89","169","175","89","89","","","167","167","236","238","128","132","104","104","95","95","181","181","207","215","142","166","149","151"
"2025","WBNPNY","Wood Bison","Tissue - Ear","BSN-33","2010",2010,"Trent","","","","100","91","91","138","138","185","187","241","253","103","103","141","145","89","93","129","129","191","191","238","238","87","87","162","162","113","113","172","174","229","229","143","143","156","158","90","90","140","148","194","194","252","252","173","173","152","152","154","154","81","81","122","124","175","179","142","148","256","260","150","150","125","127","155","155","91","91","146","150","180","196","112","112","172","174","85","89","165","169","85","87","","","167","167","228","238","130","130","96","104","95","103","181","181","205","211","144","158","149","153"
"2025","WBNPNY","Wood Bison","Tissue - Ear","BSN-34","2009",2009,"Trent","","","","96","89","91","134","138","187","187","253","269","","","145","145","93","103","129","129","189","189","238","238","87","89","158","162","108","113","172","174","229","229","143","143","156","158","90","90","127","138","190","200","252","252","173","177","152","152","154","156","81","85","132","132","165","175","142","142","262","264","146","146","129","129","155","155","91","95","146","150","180","180","106","110","172","172","83","89","165","173","89","91","","","167","167","228","240","128","130","104","104","95","101","177","181","","","142","144","145","145"
"2025","WBNPNY","Wood Bison","Tissue - Ear","BSN-35","2007",2007,"Trent","","","","96","89","89","138","138","175","179","253","269","","","141","145","83","97","129","149","189","195","232","238","87","89","160","160","108","113","172","174","225","229","143","143","156","158","90","90","127","148","188","200","252","252","173","173","142","152","144","144","81","85","124","132","175","183","142","142","260","262","","","131","131","157","159","92","92","150","150","180","192","106","112","172","174","89","89","173","173","85","91","","","167","167","238","238","128","134","102","102","101","103","181","191","205","207","142","166","145","151"
"2025","WBNPNY","Wood Bison","Tissue - Ear","BSN-37","2008",2008,"Trent","","","","98","89","91","136","142","187","187","247","253","103","103","145","145","89","103","129","143","189","195","238","238","87","89","147","160","113","115","172","174","229","233","143","143","160","160","90","102","127","127","194","200","252","252","173","173","","","144","154","83","83","124","132","165","183","142","148","262","262","150","150","123","129","155","157","92","95","150","150","180","192","106","110","178","186","89","89","161","165","87","89","","","167","167","228","240","118","132","102","104","101","103","177","191","201","205","156","164","145","149"
"2025","WBNPNY","Wood Bison","Tissue - Ear","BSN-38","2008",2008,"Trent","","","","96","89","93","136","138","185","187","247","253","","","141","145","89","103","129","143","189","195","238","238","87","89","159","160","113","115","174","174","229","233","143","143","158","160","102","102","127","148","190","200","252","252","173","175","146","152","154","154","81","83","124","132","175","183","142","150","262","262","140","150","123","129","157","157","91","92","146","150","180","184","110","112","166","186","85","89","161","165","81","89","","","167","167","228","240","118","132","104","104","103","103","181","191","","","142","164","145","145"
"2025","WBNPNY","Wood Bison","Tissue - Ear","BSN-42","2017",2017,"Trent","","","","100","89","91","136","138","181","185","253","269","103","103","135","147","91","93","129","129","191","191","238","238","87","89","160","160","115","115","174","174","227","229","143","143","158","158","90","102","140","146","188","188","248","252","173","177","152","166","152","154","83","83","124","132","165","179","142","142","260","260","150","150","125","129","159","159","92","92","146","146","190","196","106","112","166","170","89","95","161","169","89","91","","","167","167","236","238","130","134","102","102","101","103","177","191","205","205","142","168","149","151"
"2025","WBNPLB","Wood Bison","Hair","25WBNP_19BF1",NA,2025,"Trent","","","","100","89","91","136","140","181","187","241","253","103","107","135","141","97","97","129","129","189","191","232","238","87","87","158","162","113","115","172","178","227","229","143","147","154","158","90","100","140","148","194","194","252","252","173","177","146","156","154","154","77","83","124","126","175","179","142","142","262","262","148","150","125","127","157","159","91","92","146","150","180","184","110","110","172","174","89","95","165","173","89","91","","","161","167","228","238","130","130","104","104","95","103","181","181","205","207","142","158","145","145"
"2025","WBNPLB","Wood Bison","Hair","25WBNP_19BF2",NA,2025,"Trent","","","","88","91","91","134","134","185","187","247","253","","","141","147","103","103","141","141","189","191","238","238","87","87","161","161","108","115","172","172","227","229","143","143","158","158","90","90","127","127","194","194","","","159","159","152","166","154","154","81","81","132","132","165","175","142","148","260","260","150","152","129","129","155","155","91","91","150","150","180","192","110","110","168","168","85","89","","","85","89","","","","","224","224","130","130","98","104","101","103","","","205","211","166","166","",""
"2025","WBNPLB","Wood Bison","Hair","25WBNP_19BF3",NA,2025,"Trent","","","","98","89","89","136","136","179","181","249","253","103","103","145","145","91","103","127","129","189","191","238","238","87","87","158","158","108","113","172","172","227","227","145","147","158","160","100","100","127","140","194","194","252","252","175","175","150","152","","","81","81","124","132","181","183","142","148","260","262","146","146","125","129","155","155","91","95","146","150","180","184","90","112","172","172","89","89","165","165","89","89","","","167","167","236","236","114","130","98","102","99","101","181","181","205","207","142","142","145","149"
"2025","WBNPLB","Wood Bison","Hair","25WBNP_19BF4",NA,2025,"Trent","","","","96","91","91","134","138","179","185","241","253","104","104","135","135","91","103","129","129","191","191","238","252","85","87","158","162","113","115","172","172","229","229","143","143","156","156","90","90","140","150","190","194","252","252","167","167","152","152","156","156","81","85","124","132","181","183","142","150","262","262","146","150","125","129","157","157","92","92","146","146","180","184","106","112","174","174","83","89","161","161","89","89","","","167","167","228","228","130","130","92","102","99","103","181","181","205","211","164","170","",""
"2025","WBNPLB","Wood Bison","Hair","25WBNP_19BF5",NA,2025,"Trent","","","","100","89","89","136","138","181","187","241","253","102","103","145","147","103","103","129","129","189","195","232","238","87","89","160","161","113","115","182","182","225","231","143","143","158","158","88","90","127","140","188","200","252","252","167","167","146","166","144","144","83","83","122","132","165","165","142","148","262","262","150","150","125","129","155","155","95","95","146","150","180","196","112","112","170","174","83","89","161","165","89","89","","","167","167","228","240","128","130","102","104","91","103","177","181","201","215","142","168","145","153"
"2025","WBNPLB","Wood Bison","Hair","25WBNP_20BF1",NA,2025,"Trent","","","","100","89","89","134","136","179","179","241","249","103","103","141","145","89","93","129","143","189","191","232","254","85","87","162","162","108","115","172","174","225","227","143","143","158","160","102","102","127","142","188","194","248","252","167","173","146","152","144","154","81","81","124","124","165","179","142","142","260","262","140","150","123","127","155","155","91","92","146","146","180","184","110","112","172","176","81","85","161","165","89","91","","","167","167","228","238","130","130","98","104","101","103","181","191","207","211","162","166","149","149"
"2025","WBNPLB","Wood Bison","Hair","25WBNP_20BF8",NA,2025,"Trent","","","","100","89","89","134","138","185","185","241","253","103","103","135","135","83","93","143","149","191","191","232","238","87","91","161","161","113","115","172","180","229","229","143","143","156","158","88","90","127","127","194","200","244","252","167","175","152","152","144","144","81","83","122","124","175","175","142","148","256","262","150","150","123","125","159","159","91","92","150","150","180","180","106","110","174","174","89","89","161","169","81","89","","","167","167","238","240","130","130","96","104","101","101","177","181","211","215","142","170","145","153"
"2025","WBNPLB","Wood Bison","Hair","25WBNP_20BF9",NA,2025,"Trent","","","","100","89","91","134","138","181","181","241","269","103","103","145","145","93","103","129","143","189","191","238","238","87","89","160","160","108","115","172","174","225","227","143","143","158","158","90","90","127","138","194","200","250","252","159","177","146","162","154","154","77","83","124","132","183","183","142","142","260","262","146","150","123","129","155","157","91","91","148","150","180","192","110","112","172","186","89","89","165","173","89","89","","","167","167","238","240","130","132","102","104","103","103","177","191","205","205","156","166","145","151"
"2025","WBNPLB","Wood Bison","Hair","25WBNP_BF02","ND",2025,"Trent","","","","96","91","91","134","136","179","179","253","253","103","105","145","145","85","91","129","143","191","191","232","238","87","89","158","160","108","113","180","180","229","229","143","143","158","158","90","100","140","140","188","188","252","252","173","177","152","152","154","160","83","85","124","132","175","181","142","142","260","262","146","150","127","129","155","155","94","95","146","146","184","184","110","112","168","170","81","89","161","165","81","81","","","161","167","238","238","130","134","","","95","97","181","191","205","205","142","142","145","151"
"2025","WBNPLB","Wood Bison","Hair","25WBNP_BF04","29-Mar-25",2025,"Trent","","","","98","89","93","136","138","179","181","253","253","103","103","141","145","91","97","129","129","189","195","232","238","85","87","160","162","113","115","172","174","229","229","143","143","158","160","90","90","142","148","194","200","250","252","167","173","152","158","154","154","83","83","124","132","175","183","142","142","262","262","150","150","127","129","155","155","91","91","146","148","180","198","112","112","172","172","81","85","161","165","85","89","","","167","167","236","238","130","130","98","104","103","103","177","191","205","205","142","166","147","149"
"2025","WBNPLB","Wood Bison","Hair","25WBNP_BF24","17-Mar-25",2025,"Trent","","","","98","89","91","138","138","187","187","269","269","104","104","145","145","101","103","129","129","189","191","232","238","87","87","158","160","108","113","172","172","229","229","143","143","154","158","90","100","127","140","194","194","248","252","177","177","152","152","156","160","81","83","124","124","165","183","142","142","260","262","146","146","123","125","155","155","95","95","146","150","180","198","106","110","172","172","83","89","161","165","91","91","","","167","167","228","240","128","130","96","104","95","99","181","191","205","205","144","168","",""
"2025","WBNPPAD","Wood Bison","Hair","25WBNP_DL1","28-Apr-25",2025,"Trent","","","","98","89","91","134","136","175","179","253","253","103","103","135","145","93","103","129","143","189","191","238","238","87","89","147","160","113","115","180","180","229","231","143","143","154","158","90","102","127","127","194","194","252","252","175","177","152","158","154","154","81","83","122","124","165","181","142","150","260","262","146","146","129","129","155","159","91","91","146","150","180","180","106","110","172","176","83","89","165","169","85","87","","","161","167","238","240","114","130","104","104","101","103","181","191","205","207","142","156","145","149"
"2025","WBNPPAD","Wood Bison","Hair","25WBNP_DL34","19-Mar-25",2025,"Trent","","","","98","91","93","134","138","181","187","241","269","103","103","145","147","93","103","129","143","189","191","238","252","87","89","160","162","108","108","172","176","227","229","143","143","156","158","88","90","127","142","188","200","252","252","177","177","146","152","154","154","83","83","124","132","175","183","142","142","260","262","146","152","123","129","155","155","91","91","150","150","180","180","110","112","170","186","89","89","165","173","89","89","","","167","167","238","240","132","132","102","104","103","103","191","191","205","211","156","164","149","151"
"2025","WBNPPAD","Wood Bison","Hair","25WBNP_DL35","19-Mar-25",2025,"Trent","","","","98","91","93","132","136","187","191","269","269","103","103","141","145","99","103","129","129","189","191","232","238","87","87","153","162","108","115","172","174","231","233","143","143","158","160","88","90","127","142","194","194","250","252","173","173","152","162","144","154","81","81","132","132","181","181","142","148","260","262","140","152","123","125","155","155","91","95","150","150","192","192","112","112","170","178","89","89","161","169","89","89","","","167","167","228","240","118","134","104","104","103","103","177","177","205","207","142","166","149","149"
"2025","WBNPPAD","Wood Bison","Hair","25WBNP_DL36","19-Mar-25",2025,"Trent","","","","92","89","91","136","138","181","181","","","103","103","145","145","97","103","129","143","189","191","238","238","87","87","162","170","108","115","182","182","227","229","143","143","154","160","90","90","127","127","194","194","252","252","167","167","146","162","154","160","83","83","132","132","165","175","142","142","260","260","146","146","123","129","159","159","91","91","146","150","180","196","110","112","170","172","89","89","169","173","89","89","","","161","167","228","240","130","132","102","104","101","103","181","191","201","201","158","162","145","149"
"2025","WBNPPAD","Wood Bison","Hair","25WBNP_DL37","19-Mar-25",2025,"Trent","","","","96","89","91","134","138","185","187","253","253","103","103","147","147","103","103","129","149","189","189","232","238","87","87","158","160","108","108","182","182","229","231","143","147","154","156","88","90","127","140","188","190","252","252","177","177","146","152","154","156","81","81","132","132","181","183","142","148","260","262","146","150","127","129","155","159","91","92","146","150","180","184","108","110","172","172","85","95","161","165","81","85","","","167","167","228","238","130","134","98","104","99","99","181","191","211","211","158","166","153","153"
"2025","WBNPPAD","Wood Bison","Hair","25WBNP_DL38","19-Mar-25",2025,"Trent","","","","96","89","89","138","138","187","187","253","253","103","104","141","145","93","103","129","129","189","191","","","87","89","158","158","115","115","172","176","231","231","143","143","156","158","90","100","127","140","194","200","250","252","167","177","158","166","154","154","83","83","124","132","183","183","142","142","260","260","140","150","125","129","155","155","91","95","146","146","180","184","108","112","172","176","89","89","161","165","89","89","","","161","167","238","238","130","132","102","102","101","103","181","191","205","211","168","168","145","145"
"2025","WBNPPAD","Wood Bison","Hair","25WBNP_DL39","20-Mar-25",2025,"Trent","","","","96","89","91","136","136","187","187","241","269","103","103","135","145","93","93","129","129","189","195","238","252","89","89","158","160","115","115","174","174","231","231","143","143","156","158","90","90","127","142","188","194","252","252","173","177","152","152","154","156","81","83","124","124","175","181","142","148","260","262","140","150","123","125","155","159","91","91","150","150","192","196","106","106","170","174","81","89","169","173","87","89","","","167","167","228","238","128","132","98","104","95","101","181","191","201","211","142","168","145","149"
"2025","WBNPGR","Wood Bison","Hair","25WBNP_GR25","18-Mar-25",2025,"Trent","","","","94","91","91","138","140","181","187","239","253","103","103","145","145","","","129","129","189","189","238","238","87","89","149","162","113","115","182","182","225","229","143","145","156","160","90","102","140","140","194","194","250","252","167","175","146","156","154","154","83","83","122","124","165","183","142","148","262","262","140","146","129","129","155","155","91","91","146","154","184","196","108","112","166","170","89","89","165","173","81","87","","","167","167","228","228","130","134","102","104","95","99","181","181","205","205","158","170","145","151"
"2025","WBNPGR","Wood Bison","Hair","25WBNP_GR26","18-Mar-25",2025,"Trent","","","","96","91","91","136","140","187","187","253","253","103","103","135","145","91","103","129","129","189","191","232","232","87","87","158","162","108","108","172","174","229","231","143","147","156","158","90","100","140","142","194","194","246","250","165","177","152","152","154","154","83","83","124","124","181","183","142","148","256","262","146","150","125","125","155","159","91","91","146","150","184","196","108","112","168","170","89","89","161","165","85","89","","","167","167","228","238","130","132","","","99","99","181","191","201","215","142","158","145","153"
"2025","WBNPGR","Wood Bison","Hair","25WBNP_GRS28","18-Mar-25",2025,"Trent","","","","96","89","91","136","138","179","181","253","253","103","103","145","145","89","91","127","143","189","189","232","238","87","87","147","162","113","113","174","176","225","229","143","147","158","158","90","90","127","140","194","200","246","254","167","175","152","166","154","158","83","85","122","124","165","183","142","142","256","256","146","150","123","125","155","155","91","92","146","150","180","180","112","112","174","176","83","95","173","173","89","89","","","167","167","236","236","130","130","92","102","97","101","179","191","205","207","158","164","149","151"
"2025","WBNPGR","Wood Bison","Hair","25WBNP_GRS29","18-Mar-25",2025,"Trent","","","","98","89","91","136","138","187","187","247","271","103","103","141","145","83","103","129","129","189","191","232","232","87","89","160","160","113","115","172","174","225","227","143","143","158","160","90","90","127","140","194","200","248","252","165","167","152","166","144","154","77","81","124","132","165","181","142","148","260","262","140","146","125","129","155","155","91","95","146","150","180","196","112","112","176","186","89","89","161","173","89","89","","","161","167","228","236","130","130","98","102","95","103","177","181","205","215","142","168","145","145"
"2025","WBNPGR","Wood Bison","Hair","25WBNP_GRS33","18-Mar-25",2025,"Trent","","","","96","89","91","136","136","181","181","253","253","103","103","135","147","103","103","129","143","189","195","238","238","87","89","158","161","108","115","182","182","225","229","143","143","158","158","90","90","140","140","188","192","246","252","173","177","152","166","154","158","85","85","122","124","183","183","142","148","260","262","140","146","125","125","159","159","94","94","146","154","184","192","106","108","168","170","89","89","161","173","89","91","","","167","167","238","238","128","132","102","102","95","99","181","191","205","205","142","142","151","153"
"2025","WBNPNY","Wood Bison","Hair","25WBNP_NY1","25-May-25",2025,"Trent","","","","98","89","91","134","138","179","187","247","269","103","103","135","141","83","103","129","129","195","195","238","238","87","89","162","162","113","115","174","174","225","229","143","143","158","158","90","90","146","150","194","200","252","252","173","173","152","166","144","156","81","83","124","124","165","165","142","142","262","262","150","150","129","131","157","159","91","95","150","152","180","180","90","112","168","172","83","89","161","173","89","91","","","165","167","228","240","130","132","98","104","103","103","181","191","205","211","142","142","149","149"
"M.Grant Thesis","WBNPHC","Wood Bison","Fecal","WBNP_Oct24_010","30-Oct-24",2024,"Trent","","","","96","","","136","136","179","181","247","253","","","","","","","","","","","238","238","","","160","160","","","","","","","","","","","","","","","","","","","","","","","","","77","83","","","","","142","150","","","","","","","","","","","","","","","112","112","","","89","89","161","165","85","85","","","","","228","240","","","","","","","181","191","","","","","",""
"M.Grant Thesis","WBNPHC","Wood Bison","Fecal","WBNP_Oct24_013","30-Oct-24",2024,"Trent","","","","96","","","136","136","179","181","247","253","","","","","","","","","","","232","254","","","142","162","","","","","","","","","","","","","","","","","","","","","","","","","81","83","","","","","142","148","","","","","","","","","","","","","","","106","112","","","89","89","165","173","85","89","","","","","236","238","","","","","","","181","181","","","","","",""
"M.Grant Thesis","WBNPHC","Wood Bison","Fecal","WBNP_Oct24_014","30-Oct-24",2024,"Trent","","","","73","","","","","175","179","","","","","","","","","","","","","232","232","","","","","","","","","","","","","","","","","","","","","","","","","","","","","","","","","","","142","142","","","","","","","","","","","","","","","112","112","","","89","89","161","165","89","89","","","","","","","","","","","","","181","181","","","","","",""
"M.Grant Thesis","WBNPHC","Wood Bison","Fecal","WBNP_Oct24_020","30-Oct-24",2024,"Trent","","","","96","","","136","136","179","179","265","269","","","","","","","","","","","232","238","","","149","162","","","","","","","","","","","","","","","","","","","","","","","","","81","83","","","","","142","142","","","","","","","","","","","","","","","106","112","","","89","91","165","169","85","89","","","","","236","240","","","","","","","181","191","","","","","",""
"M.Grant Thesis","WBNPHC","Wood Bison","Fecal","WBNP_Oct24_022","30-Oct-24",2024,"Trent","","","","73","","","134","134","185","187","253","253","","","","","","","","","","","238","238","","","","","","","","","","","","","","","","","","","","","","","","","","","","","81","83","","","","","142","148","","","","","","","","","","","","","","","106","108","","","89","89","","","89","91","","","","","","","","","","","","","181","181","","","","","",""
"M.Grant Thesis","WBNPHC","Wood Bison","Fecal","WBNP_Oct24_023","30-Oct-24",2024,"Trent","","","","96","","","134","140","179","181","253","269","","","","","","","","","","","238","238","","","160","162","","","","","","","","","","","","","","","","","","","","","","","","","81","81","","","","","142","142","","","","","","","","","","","","","","","106","110","","","85","85","169","173","91","91","","","","","228","238","","","","","","","181","191","","","","","",""
"M.Grant Thesis","WBNPHC","Wood Bison","Fecal","WBNP_Oct24_029","30-Oct-24",2024,"Trent","","","","73","","","138","138","191","191","253","253","","","","","","","","","","","232","232","","","","","","","","","","","","","","","","","","","","","","","","","","","","","81","83","","","","","142","142","","","","","","","","","","","","","","","108","108","","","85","85","161","161","87","91","","","","","","","","","","","","","191","191","","","","","",""
"M.Grant Thesis","WBNPHC","Wood Bison","Fecal","WBNP_Oct24_035","30-Oct-24",2024,"Trent","","","","73","","","136","138","179","187","247","247","","","","","","","","","","","238","238","","","160","160","","","","","","","","","","","","","","","","","","","","","","","","","81","83","","","","","142","138","","","","","","","","","","","","","","","106","110","","","85","89","","","85","89","","","","","","","","","","","","","181","181","","","","","",""
"M.Grant Thesis","WBNPHC","Wood Bison","Fecal","WBNP_Oct24_043","30-Oct-24",2024,"Trent","","","","73","","","134","136","175","181","247","269","","","","","","","","","","","","","","","","","","","","","","","","","","","","","","","","","","","","","","","","","81","81","","","","","142","150","","","","","","","","","","","","","","","106","108","","","83","83","161","161","85","89","","","","","","","","","","","","","181","181","","","","","",""
"M.Grant Thesis","WBNPHC","Wood Bison","Fecal","WBNP_Oct24_047","30-Oct-24",2024,"Trent","","","","73","","","","","175","179","","","","","","","","","","","","","238","252","","","147","160","","","","","","","","","","","","","","","","","","","","","","","","","81","81","","","","","142","142","","","","","","","","","","","","","","","106","110","","","85","89","","","81","85","","","","","","","","","","","","","181","191","","","","","",""
"M.Grant Thesis","WBNPHC","Wood Bison","Fecal","WBNP_Oct24_048","30-Oct-24",2024,"Trent","","","","69","","","","","181","185","","","","","","","","","","","","","238","252","","","160","160","","","","","","","","","","","","","","","","","","","","","","","","","81","81","","","","","142","148","","","","","","","","","","","","","","","106","108","","","81","85","","","81","89","","","","","","","","","","","","","181","181","","","","","",""
"M.Grant Thesis","WBNPHC","Wood Bison","Fecal","WBNP_Oct24_049","30-Oct-24",2024,"Trent","","","","73","","","134","138","179","191","","","","","","","","","","","","","238","254","","","158","158","","","","","","","","","","","","","","","","","","","","","","","","","77","83","","","","","142","150","","","","","","","","","","","","","","","108","112","","","89","91","169","173","85","89","","","","","","","","","","","","","181","191","","","","","",""
"M.Grant Thesis","WBNPHC","Wood Bison","Fecal","WBNP_Oct24_057","30-Oct-24",2024,"Trent","","","","69","","","","","179","179","241","241","","","","","","","","","","","238","238","","","160","160","","","","","","","","","","","","","","","","","","","","","","","","","83","83","","","","","142","142","","","","","","","","","","","","","","","108","110","","","85","89","161","169","85","89","","","","","","","","","","","","","181","181","","","","","",""
"M.Grant Thesis","WBNPHC","Wood Bison","Fecal","WBNP_Oct24_058","30-Oct-24",2024,"Trent","","","","77","","","","","181","187","253","253","","","","","","","","","","","232","238","","","160","162","","","","","","","","","","","","","","","","","","","","","","","","","","","","","","","142","148","","","","","","","","","","","","","","","106","110","","","89","89","161","173","85","91","","","","","","","","","","","","","181","181","","","","","",""
"M.Grant Thesis","WBNPHC","Wood Bison","Fecal","WBNP_Oct24_061","30-Oct-24",2024,"Trent","","","","69","","","","","179","187","","","","","","","","","","","","","238","238","","","","","","","","","","","","","","","","","","","","","","","","","","","","","83","83","","","","","142","142","","","","","","","","","","","","","","","106","106","","","85","89","161","161","89","91","","","","","","","","","","","","","181","181","","","","","",""
"M.Grant Thesis","WBNPHC","Wood Bison","Fecal","WBNP_Oct24_073","30-Oct-24",2024,"Trent","","","","77","","","","","179","187","","","","","","","","","","","","","232","238","","","","","","","","","","","","","","","","","","","","","","","","","","","","","81","83","","","","","142","142","","","","","","","","","","","","","","","110","112","","","89","89","161","161","85","91","","","","","","","","","","","","","181","181","","","","","",""
"M.Grant Thesis","WBNPHC","Wood Bison","Fecal","WBNP_Oct24_075","30-Oct-24",2024,"Trent","","","","73","","","","","179","181","","","","","","","","","","","","","238","238","","","158","158","","","","","","","","","","","","","","","","","","","","","","","","","81","83","","","","","142","148","","","","","","","","","","","","","","","108","112","","","89","89","165","169","89","91","","","","","","","","","","","","","181","181","","","","","",""
"M.Grant Thesis","WBNPHC","Wood Bison","Fecal","WBNP-1018-Fe","5/10/2023",2023,"Trent","","","","81","","","134","134","181","181","247","247","","","","","","","","","","","232","238","","","159","162","","","","","","","","","","","","","","","","","","","","","","","","","81","83","","","","","142","142","","","","","","","","","","","","","","","106","112","","","85","95","","","89","89","","","","","228","228","","","","","","","181","181","","","","","",""
"M.Grant Thesis","WBNPHC","Wood Bison","Fecal","WBNP-1127-Fe","3/16/2023",2023,"Trent","","","","69","","","","","179","181","","","","","","","","","","","","","238","238","","","162","162","","","","","","","","","","","","","","","","","","","","","","","","","83","83","","","","","142","148","","","","","","","","","","","","","","","106","112","","","89","89","","","85","89","","","","","","","","","","","","","","","","","","","",""
"M.Grant Thesis","WBNPHC","Wood Bison","Fecal","WBNP-1129-Fe","3/14/2023",2023,"Trent","","","","81","","","134","136","181","187","253","253","","","","","","","","","","","238","252","","","154","162","","","","","","","","","","","","","","","","","","","","","","","","","81","85","","","","","142","142","","","","","","","","","","","","","","","112","112","","","89","89","161","161","89","89","","","","","","","","","","","","","181","187","","","","","",""
"M.Grant Thesis","WBNPHC","Wood Bison","Fecal","WBNP_Oct24_114","30-Oct-24",2024,"Trent","","","","73","","","","","185","187","","","","","","","","","","","","","","","","","162","162","","","","","","","","","","","","","","","","","","","","","","","","","77","83","","","","","142","142","","","","","","","","","","","","","","","106","106","","","85","89","173","173","81","89","","","","","","","","","","","","","187","187","","","","","",""
"M.Grant Thesis","WBNPHC","Wood Bison","Fecal","WBNP-1142-Fe","3/15/2023",2023,"Trent","","","","77","","","","","181","181","269","269","","","","","","","","","","","238","238","","","162","162","","","","","","","","","","","","","","","","","","","","","","","","","","","","","","","142","142","","","","","","","","","","","","","","","","","","","85","85","161","165","81","89","","","","","","","","","","","","","181","191","","","","","",""
"M.Grant Thesis","WBNPHC","Wood Bison","Fecal","WBNP-1149-Fe","3/15/2023",2023,"Trent","","","","73","","","","","187","187","","","","","","","","","","","","","232","238","","","160","160","","","","","","","","","","","","","","","","","","","","","","","","","77","81","","","","","142","148","","","","","","","","","","","","","","","90","112","","","89","89","161","161","85","89","","","","","","","","","","","","","181","181","","","","","",""
"M.Grant Thesis","WBNPHC","Wood Bison","Fecal","WBNP-1138-Fe","3/14/2023",2023,"Trent","","","","73","","","140","140","187","187","262","262","","","","","","","","","","","238","238","","","","","","","","","","","","","","","","","","","","","","","","","","","","","81","83","","","","","142","142","","","","","","","","","","","","","","","90","110","","","83","85","159","159","87","89","","","","","","","","","","","","","","","","","","","",""
"M.Grant Thesis","WBNPHC","Wood Bison","Fecal","WBNP_Oct24_117","30-Oct-24",2024,"Trent","","","","69","","","134","138","175","179","","","","","","","","","","","","","","","","","","","","","","","","","","","","","","","","","","","","","","","","","","","81","83","","","","","142","150","","","","","","","","","","","","","","","106","112","","","89","89","161","165","85","87","","","","","","","","","","","","","181","181","","","","","",""
"M.Grant Thesis","WBNPHC","Wood Bison","Fecal","WBNP-738-Fe","4/24/2023",2023,"Trent","","","","69","","","","","187","187","253","253","","","","","","","","","","","238","238","","","162","162","","","","","","","","","","","","","","","","","","","","","","","","","83","83","","","","","142","142","","","","","","","","","","","","","","","106","108","","","85","85","","","87","91","","","","","","","","","","","","","181","181","","","","","",""
"M.Grant Thesis","WBNPHC","Wood Bison","Fecal","WBNP_Oct24_074","30-Oct-24",2024,"Trent","","","","96","","","136","136","181","187","253","253","","","","","","","","","","","238","238","","","160","160","","","","","","","","","","","","","","","","","","","","","","","","","81","83","","","","","142","142","","","","","","","","","","","","","","","106","110","","","89","91","161","161","85","89","","","","","240","240","","","","","","","177","191","","","","","",""
"M.Grant Thesis","WBNPHC","Wood Bison","Fecal","WBNP-761-Fe","10/21/2023",2023,"Trent","","","","81","","","138","138","179","187","261","261","","","","","","","","","","","238","238","","","142","158","","","","","","","","","","","","","","","","","","","","","","","","","83","83","","","","","142","142","","","","","","","","","","","","","","","112","112","","","89","89","167","173","89","91","","","","","","","","","","","","","181","181","","","","","",""
"2023","WENT","Wood Bison","DNA","1-Nov",NA,2011,"Trent","","","","100","89","91","136","138","187","187","253","269","103","103","145","145","103","103","129","129","191","195","232","232","87","91","160","162","115","115","172","174","227","229","143","143","158","158","90","102","127","138","188","194","252","252","165","173","146","162","144","154","83","83","124","132","165","183","142","150","260","262","146","150","125","125","153","157","94","95","150","150","180","192","106","106","172","172","83","85","161","173","85","89","","","167","167","228","238","128","134","102","104","95","95","181","181","205","205","158","166","149","153"
"2023","WENT","Wood Bison","DNA","2-Nov",NA,2011,"Trent","","","","100","93","93","132","136","187","187","247","269","103","103","141","141","103","103","129","143","191","191","232","252","87","87","160","162","115","115","172","174","229","229","143","143","156","156","90","102","142","146","188","194","254","254","167","167","164","166","154","156","81","83","132","132","183","183","142","148","260","260","150","150","129","129","155","155","91","91","150","150","180","192","106","106","168","174","83","83","165","173","89","89","","","161","167","228","228","130","134","98","106","95","95","181","181","207","207","166","168","149","153"
"2023","WENT","Wood Bison","DNA","8-Nov",NA,2011,"Trent","","","","100","89","93","134","136","175","179","253","269","103","103","145","145","97","97","129","143","189","189","238","238","87","89","160","160","108","108","172","174","221","227","143","143","158","158","90","102","138","140","194","194","246","252","167","175","152","158","154","160","81","83","132","136","165","175","142","142","262","264","146","150","129","131","153","155","95","95","150","150","180","192","106","112","170","172","89","95","161","173","89","91","","","167","167","228","228","128","130","104","104","95","101","181","191","205","207","142","158","149","149"
"2023","WENT","Wood Bison","DNA","10-Nov",NA,2011,"Trent","","","","100","89","89","140","140","187","187","253","253","103","105","141","141","93","103","129","143","189","191","238","252","87","89","158","162","115","115","174","176","225","229","143","143","158","158","90","102","127","127","188","194","252","252","175","177","152","158","144","160","81","81","122","124","183","183","142","148","260","260","150","150","123","125","153","155","91","95","146","150","192","192","106","106","172","172","89","89","161","173","87","91","","","167","167","238","238","122","132","102","104","95","95","181","181","205","211","142","142","145","149"
"2023","WENT","Wood Bison","DNA","11-Nov",NA,2011,"Trent","","","","100","91","93","136","140","187","187","253","269","103","103","135","141","97","97","129","129","189","191","238","250","87","89","162","162","115","115","172","182","227","229","143","143","158","160","90","102","138","140","194","194","252","252","167","177","152","166","154","160","81","83","122","124","183","183","142","148","262","262","150","150","125","129","155","155","91","95","146","146","180","180","108","110","170","172","83","89","161","173","89","91","","","167","167","228","238","128","130","102","104","101","103","181","181","201","207","142","166","149","149"
"2025","WENT","Wood Bison","Tissue","BISO25-016",NA,2025,"Trent","","","","96","89","91","140","140","179","187","253","253","103","105","135","145","83","103","129","129","189","191","232","238","87","89","162","162","113","115","172","172","229","229","143","143","156","158","90","102","127","140","194","194","246","252","167","177","152","158","154","156","83","83","122","124","183","183","142","142","260","260","150","150","125","125","155","155","91","95","146","150","180","180","106","112","172","172","83","83","169","169","89","89","","","167","167","228","228","130","134","102","104","95","95","191","191","205","205","142","142","149","153"
"2025","WENT","Wood Bison","Tissue","BISO25-017",NA,2025,"Trent","","","","94","89","93","134","138","187","187","241","241","103","103","141","145","93","97","129","129","189","195","232","238","87","87","147","170","113","115","172","172","225","229","143","143","154","158","90","90","140","148","194","194","252","252","159","167","152","152","154","154","81","81","124","124","175","183","142","148","260","262","150","152","125","129","155","155","91","94","148","150","180","192","112","112","170","174","89","89","155","173","85","91","","","161","167","228","236","114","130","98","104","95","103","191","191","205","211","142","142","145","153"
"2025","WENT","Wood Bison","Tissue","BISO25-022",NA,2025,"Trent","","","","96","89","91","132","136","179","185","253","253","103","103","141","145","97","103","129","129","189","191","232","238","89","89","158","162","113","115","170","172","225","229","143","143","158","158","90","102","140","140","194","194","248","252","165","167","150","166","144","156","83","83","124","132","183","183","142","148","260","260","140","150","125","129","155","155","91","91","146","150","180","184","108","110","172","172","89","89","169","169","89","91","","","167","167","228","238","130","130","102","104","95","101","181","191","205","211","142","142","149","153"
"2025","WENT","Wood Bison","Tissue","BISO25-023",NA,2025,"Trent","","","","96","91","91","136","136","185","187","247","253","103","103","135","145","103","103","127","141","189","191","232","238","87","87","162","162","113","115","174","174","229","229","143","143","154","160","90","102","127","142","188","200","246","252","165","177","152","158","144","154","83","85","124","132","175","183","142","148","256","260","150","152","125","125","153","155","91","94","150","150","180","180","108","110","170","174","89","89","161","173","85","91","","","161","167","228","238","130","132","","","99","99","181","191","205","205","142","158","149","153"
"2025","WENT","Wood Bison","Tissue","BISO25-024",NA,2025,"Trent","","","","98","89","89","134","140","179","187","247","247","103","103","135","141","97","103","129","141","191","191","238","238","87","87","158","162","113","113","172","172","227","233","143","143","156","158","90","102","127","142","188","194","252","252","177","177","146","150","154","154","81","81","132","132","175","183","142","148","262","262","148","150","129","129","155","157","91","95","150","154","180","198","106","110","168","170","89","89","169","169","89","91","","","165","167","238","238","130","132","102","104","95","101","181","181","205","211","142","142","149","153"
"M. Grant Thesis","AISH","Wood Bison","Fecal","YUK-254-Fe","2/18/2022",2022,"Trent","","","","77%","","","","","187","187","241","269","","","","","","","","","","","232","238","","","158","161","","","","","","","","","","","","","","","","","","","","","","","","","77","83","","","","","138","142","","","","","","","","","","","","","","","110","112","","","89","89","161","161","89","91","","","","","228","228","","","","","","","181","191","","","","","",""
"M. Grant Thesis","EINPP","Plains Bison","Fecal","EINP_PB115","23-Oct-24",2024,"Trent","","","","67%","","","136","138","175","175","","","","","135","135","93","93","129","149","","","238","254","","","","","","","","","","","","","","","","","","","","","","","","","","","","","","","","","","","","","","","","","","","","","","","","","","","","","","","","","","","91","91","","","167","167","","","130","130","96","96","101","101","","","","","","","",""
"2024","WAB","Wood Bison","Hair","24Wab_0013","2024",2024,"Trent","","","","0","","","","","","","","","","","","","","","","","","","","","","","","","","","","","","","","","","","","","","","","","","","","","","","","","","","","","","","","","","","","","","","","","","","","","","","","","","","","","","","","","","","","","","","","","","","","","","","","","","","",""
"2025","WAB","Wood Bison","Fecal","Biso24-009","20-Mar-24",2024,"Trent","","","","29","","","138","138","","","","","103","104","","","","","","","","","","","87","87","160","160","108","108","","","","","","","","","","","","","","","","","","","152","152","","","","","","","","","148","148","","","","","","","","","95","95","","","","","","","170","170","89","89","","","91","91","","","165","165","","","118","118","","","93","99","","","","","156","156","",""
"2024/M.Grant Thesis","WBNPHC","Wood Bison","Fecal","WBNP-157-Fe","10/20/2022",2022,"Trent","","","","14","91","93","136","138","","","","","105","105","137","143","","","","","","","","","","","","","","","","","","","","","","","","","","","","","","","","","","","","","81","81","","","","","","","","","","","","","","","92","92","","","","","","","","","","","","","85","85","","","","","","","","","","","","","","","205","205","","","",""
"2024/M.Grant Thesis","WBNPHC","Wood Bison","Fecal","WBNP-159-Fe","10/20/2022",2022,"Trent","","","","59","","","","","179","185","","","","","","","","","","","","","238","238","87","89","162","162","115","115","172","180","227","229","","","158","158","90","102","127","146","188","194","252","252","173","177","152","152","","","81","83","132","132","165","175","138","150","","","","","","","157","157","91","95","146","150","196","196","108","108","172","172","89","89","161","161","85","89","","","167","173","","","130","130","","","103","103","191","191","203","203","","","",""
"2024/M.Grant Thesis","WBNPHC","Wood Bison","Fecal","WBNP-161-Fe","9/7/2022",2022,"Trent","","","","41","","","","","","","","","","","","","","","","","","","","","","","162","162","113","115","","","229","233","143","143","158","158","90","102","146","146","194","194","254","254","","","146","146","154","154","81","81","","","183","183","142","142","","","","","129","129","","","91","91","150","150","180","180","112","112","172","174","89","89","159","159","85","91","","","161","167","","","130","130","102","102","","","","","","","","","",""
"2024/M.Grant Thesis","WBNPHC","Wood Bison","Fecal","WBNP-162-Fe","10/20/2022",2022,"Trent","","","","16","89","89","136","138","","","","","","","135","145","","","","","","","","","","","","","","","","","","","","","","","","","","","","","","","","","","","144","144","","","124","124","","","142","150","","","","","","","","","","","","","","","112","112","","","","","","","89","89","","","","","","","","","98","98","","","","","","","","","",""
"2024/M.Grant Thesis","WBNPHC","Wood Bison","Fecal","WBNP-163-Fe","10/17/2022",2022,"Trent","","","","6","","","","","","","","","","","","","","","","","","","","","","","","","","","","","","","","","","","","","","","","","","","","","","","","","71","71","","","","","","","","","","","","","","","","","","","","","","","","","","","","","85","85","","","165","167","","","","","92","92","","","","","","","","","",""
"2024/M.Grant Thesis","WBNPHC","Wood Bison","Fecal","WBNP-169-Fe","10/19/2022",2022,"Trent","","","","66","91","91","","","179","179","","","103","103","","","","","129","129","195","195","232","232","87","87","160","162","108","115","","","","","143","143","160","160","90","90","127","148","188","188","252","252","165","175","152","162","154","154","83","83","124","132","175","183","142","148","","","150","150","123","125","155","155","91","91","","","180","192","108","112","166","172","85","89","161","161","89","89","","","167","167","","","130","130","96","104","","","181","181","","","","","",""
"2024/M.Grant Thesis","WBNPHC","Wood Bison","Fecal","WBNP-172-Fe","10/17/2022",2022,"Trent","","","","2","","","","","","","","","","","","","","","","","","","","","","","","","","","","","","","","","","","","","","","","","","","","","","","","","","","","","","","","","","","","","","","","","","","","","","","","","","","","","","","","","","","","","","","","","","","","","","","201","201","","","",""
"2024/M.Grant Thesis","WBNPHC","Wood Bison","Fecal","WBNP-175-Fe","10/14/2022",2022,"Trent","","","","15","","","134","134","179","179","","","103","103","","","","","","","","","","","","","","","","","","","","","","","","","","","","","","","","","","","","","","","77","77","","","","","","","","","","","","","","","","","","","","","","","","","95","95","","","85","85","","","","","","","130","130","","","","","","","","","","","",""
"2024/M.Grant Thesis","WBNPHC","Wood Bison","Fecal","WBNP-178-Fe","10/14/2022",2022,"Trent","","","","0","","","","","","","","","","","","","","","","","","","","","","","","","","","","","","","","","","","","","","","","","","","","","","","","","","","","","","","","","","","","","","","","","","","","","","","","","","","","","","","","","","","","","","","","","","","","","","","","","","","",""
"2024/M.Grant Thesis","WBNPHC","Wood Bison","Fecal","WBNP-179-Fe","10/13/2022",2022,"Trent","","","","6","","","","","","","","","","","","","","","","","","","","","","","","","","","","","","","","","","","","","","","","","","","","","","","","","","","","","","","","","","","146","146","","","","","","","","","","","","","","","","","","","","","","","","","","","130","130","","","","","","","","","","","",""
"2024/M.Grant Thesis","WBNPHC","Wood Bison","Fecal","WBNP-181-Fe","10/20/2022",2022,"Trent","","","","8","","","","","","","","","","","","","","","","","","","","","","","","","115","115","","","","","","","","","","","","","194","194","","","","","","","","","","","","","","","138","138","","","","","","","","","","","","","","","","","","","89","89","","","","","","","","","","","","","","","","","","","","","","","",""
"2024/M.Grant Thesis","WBNPHC","Wood Bison","Fecal","WBNP-185-Fe","10/17/2022",2022,"Trent","","","","6","","","","","","","","","","","","","","","","","","","","","","","","","","","","","","","","","","","","","","","","","","","","","","","","","71","71","","","","","","","","","","","","","","","92","92","","","","","","","","","","","","","","","","","","","","","","","104","104","","","","","","","","","",""
"2024/M.Grant Thesis","WBNPHC","Wood Bison","Fecal","WBNP-187-Fe","9/7/2022",2022,"Trent","","","","12","","","","","","","","","","","","","","","","","","","","","","","","","","","","","","","143","143","","","","","","","","","","","","","","","","","81","81","","","","","142","142","","","","","","","","","91","91","","","","","","","","","","","","","","","","","167","167","","","130","130","","","","","","","","","","","",""
"2024/M.Grant Thesis","WBNPHC","Wood Bison","Fecal","WBNP-190-Fe","8/19/2022",2022,"Trent","","","","46","89","89","134","136","","","","","103","103","143","145","93","97","","","191","191","","","87","87","","","108","113","","","","","","","","","88","90","138","142","","","","","","","","","","","83","83","132","132","","","148","148","","","","","127","129","","","91","91","","","","","112","112","","","83","85","","","85","85","","","","","","","116","130","102","104","95","103","","","205","205","166","166","",""
"2024/M.Grant Thesis","WBNPHC","Wood Bison","Fecal","WBNP-191-Fe","10/24/2022",2022,"Trent","","","","15","","","136","136","185","187","247","271","","","","","","","","","","","","","","","","","115","115","","","","","143","143","","","90","90","","","","","","","","","","","","","","","","","","","","","","","","","","","","","","","150","150","","","","","","","89","89","","","","","","","","","","","","","","","","","","","","","","","",""
"2024/M.Grant Thesis","WBNPHC","Wood Bison","Fecal","WBNP-194-Fe","10/21/2022",2022,"Trent","","","","13","","","138","140","","","","","","","141","141","","","","","189","189","","","","","","","","","","","","","","","","","","","","","","","","","","","","","","","","","","","","","","","","","","","","","","","","","","","","","","","","","","","","","85","95","","","","","228","228","130","130","98","98","","","","","","","","","",""
"2024/M.Grant Thesis","WBNPHC","Wood Bison","Fecal","WBNP-195-Fe","10/24/2022",2022,"Trent","","","","40","","","","","","","","","","","","","","","","","","","","","","","164","164","","","","","229","231","143","143","","","","","","","","","","","","","","","","","83","83","132","132","","","142","142","262","262","","","123","129","","","92","92","146","146","180","180","112","112","170","170","85","85","","","89","89","","","","","228","228","130","130","96","96","","","","","205","205","166","166","",""
"2024/M.Grant Thesis","WBNPHC","Wood Bison","Fecal","WBNP-198-Fe","9/7/2022",2022,"Trent","","","","12","","","","","","","","","","","","","","","","","","","","","","","","","115","115","","","","","","","","","","","","","","","","","167","167","","","","","83","83","","","","","","","","","","","","","","","","","","","","","","","","","","","","","89","89","","","","","","","","","98","98","","","","","211","211","","","",""
"2024/M.Grant Thesis","WBNPHC","Wood Bison","Fecal","WBNP-200-Fe","9/7/2022",2022,"Trent","","","","8","","","","","","","","","","","","","","","","","","","","","","","","","","","","","","","","","","","","","","","","","","","","","","","","","83","83","","","","","142","142","","","","","123","123","","","92","92","","","","","","","","","","","","","","","","","","","","","130","130","","","","","","","","","","","",""
"2024/M.Grant Thesis","WBNPHC","Wood Bison","Fecal","WBNP-202-Fe","8/19/2022",2022,"Trent","","","","23","89","89","","","","","","","103","104","","","","","129","129","","","","","","","","","108","108","","","","","","","","","88","90","","","","","","","","","","","154","154","77","81","","","","","","","","","","","125","125","","","92","92","","","","","","","","","85","89","","","85","91","","","","","","","125","130","96","104","93","101","","","","","","","",""
"2024/M.Grant Thesis","WBNPHC","Wood Bison","Fecal","WBNP-203-Fe","8/19/2022",2022,"Trent","","","","0","","","","","","","","","","","","","","","","","","","","","","","","","","","","","","","","","","","","","","","","","","","","","","","","","","","","","","","","","","","","","","","","","","","","","","","","","","","","","","","","","","","","","","","","","","","","","","","","","","","",""
"2024/M.Grant Thesis","WBNPHC","Wood Bison","Fecal","WBNP-204-Fe","8/19/2022",2022,"Trent","","","","6","","","","","","","","","","","","","","","","","","","","","","","","","","","","","","","","","","","","","","","","","","","","","","","","","83","83","","","","","","","","","","","129","129","","","","","","","","","","","","","","","","","85","91","","","","","","","","","","","","","","","","","","","",""
"2024/M.Grant Thesis","WBNPHC","Wood Bison","Fecal","WBNP-205-Fe","8/20/2022",2022,"Trent","","","","2","","","","","","","","","","","","","","","","","","","","","","","","","","","","","","","","","","","","","","","","","","","","","","","","","","","","","","","","","","","","","","","","","","","","","","","","","","","","","","","","","","","153","153","","","","","","","","","","","","","","","",""
"2024/M.Grant Thesis","WBNPHC","Wood Bison","Fecal","WBNP-208-Fe","9/7/2022",2022,"Trent","","","","36","","","","","","","","","","","","","","","","","","","","","87","91","","","113","113","","","227","227","143","143","158","158","90","90","","","188","194","","","","","","","","","83","83","132","132","165","165","142","142","256","260","146","146","123","123","","","92","92","146","146","180","196","","","","","89","89","","","89","91","","","","","228","232","","","92","98","","","","","","","142","142","",""
"2024/M.Grant Thesis","WBNPHC","Wood Bison","Fecal","WBNP-209-Fe","9/7/2022",2022,"Trent","","","","30","","","","","","","","","","","","","","","","","","","","","","","162","162","113","115","","","","","143","143","158","158","90","90","","","","","","","167","167","","","","","","","","","","","","","","","","","","","","","92","92","150","150","180","180","112","112","172","178","83","85","161","161","89","91","","","161","167","228","228","","","104","104","","","","","205","205","142","142","",""
"2024/M.Grant Thesis","WBNPHC","Wood Bison","Fecal","WBNP-971-Fe","12/15/2022",2022,"Trent","","","","44","89","89","","","","","253","253","103","104","","","","","","","","","","","87","89","147","154","108","113","","","229","229","","","156","158","90","90","140","140","","","","","175","175","","","154","154","83","85","124","124","183","183","142","142","262","262","140","140","129","129","","","95","95","","","","","","","170","172","","","","","","","","","167","167","238","238","130","130","96","96","","","181","181","","","","","",""
"2024/M.Grant Thesis","WBNPHC","Wood Bison","Fecal","WBNP-972-Fe","12/15/2022",2022,"Trent","","","","58","91","91","134","138","187","187","247","253","103","104","141","141","","","129","143","189","195","","","87","87","158","161","113","115","","","225","227","143","143","156","158","90","90","142","150","190","192","252","252","177","177","","","","","81","83","132","132","175","175","142","150","","","150","150","129","129","155","159","91","91","150","152","","","106","110","172","172","83","85","","","87","89","","","167","167","","","130","130","","","101","101","","","","","142","142","",""
"2024/M.Grant Thesis","WBNPHC","Wood Bison","Fecal","WBNP-981-Fe","2/15/2023",2023,"Trent","","","","44","89","89","","","179","187","253","253","","","","","","","","","","","","","87","87","158","162","108","108","","","","","143","143","156","158","90","90","127","140","","","","","173","177","","","","","81","81","","","165","181","142","148","","","150","150","125","125","","","94","95","","","180","192","108","112","170","170","81","85","161","173","85","87","","","167","167","","","","","96","104","101","103","","","207","215","142","142","",""
"2024/M.Grant Thesis","WBNPHC","Wood Bison","Fecal","WBNP-965-Fe","11/22/2022",2022,"Trent","","","","0","","","","","","","","","","","","","","","","","","","","","","","","","","","","","","","","","","","","","","","","","","","","","","","","","","","","","","","","","","","","","","","","","","","","","","","","","","","","","","","","","","","","","","","","","","","","","","","","","","","",""
"2024/M.Grant Thesis","WBNPHC","Wood Bison","Fecal","WBNP-966-Fe","11/22/2022",2022,"Trent","","","","58","89","91","","","181","187","","","103","103","145","145","","","129","129","","","","","87","87","162","162","108","115","","","229","229","143","147","158","158","102","104","140","150","194","194","252","252","173","175","152","152","154","154","81","83","","","","","142","142","","","140","150","129","129","","","91","95","150","150","184","192","106","108","168","172","89","89","165","173","89","91","","","167","167","","","","","104","104","101","103","","","205","207","142","142","",""
"2024/M.Grant Thesis","WBNPHC","Wood Bison","Fecal","WBNP-970-Fe","12/15/2022",2022,"Trent","","","","47","","","","","","","","","","","","","95","97","","","","","232","232","","","","","115","115","","","229","229","","","","","90","90","148","148","194","194","252","252","","","","","","","81","81","132","132","165","165","138","138","260","262","146","146","129","129","155","155","91","91","154","154","192","192","108","112","","","89","89","161","173","","","","","","","","","112","130","","","93","93","","","","","158","166","",""
"M.Grant Thesis","WBNPHC","Wood Bison","Fecal","WBNP_Oct24_001","30-Oct-24",2024,"Trent","","","","19","","","","","","","","","","","","","","","","","","","238","238","","","","","","","","","","","","","","","","","","","","","","","","","","","","","","","","","","","142","142","","","","","","","","","","","","","","","106","106","","","","","","","","","","","","","","","","","","","","","","","","","","","",""
"M.Grant Thesis","WBNPHC","Wood Bison","Fecal","WBNP_Oct24_002","30-Oct-24",2024,"Trent","","","","15","","","","","","","","","","","","","","","","","","","","","","","","","","","","","","","","","","","","","","","","","","","","","","","","","","","","","","","148","150","","","","","","","","","","","","","","","","","","","","","","","89","89","","","","","","","","","","","","","","","","","","","",""
"M.Grant Thesis","WBNPHC","Wood Bison","Fecal","WBNP_Oct24_003","30-Oct-24",2024,"Trent","","","","4","","","","","","","","","","","","","","","","","","","","","","","","","","","","","","","","","","","","","","","","","","","","","","","","","","","","","","","","","","","","","","","","","","","","","","","","","","","","","","","89","89","","","","","","","","","","","","","","","","","","","",""
"M.Grant Thesis","WBNPHC","Wood Bison","Fecal","WBNP_Oct24_005","30-Oct-24",2024,"Trent","","","","0","","","","","","","","","","","","","","","","","","","","","","","","","","","","","","","","","","","","","","","","","","","","","","","","","","","","","","","","","","","","","","","","","","","","","","","","","","","","","","","","","","","","","","","","","","","","","","","","","","","",""
"M.Grant Thesis","WBNPHC","Wood Bison","Fecal","WBNP_Oct24_006","30-Oct-24",2024,"Trent","","","","42","","","134","138","179","187","","","","","","","","","","","","","","","","","","","","","","","","","","","","","","","","","","","","","","","","","","","81","83","","","","","142","142","","","","","","","","","","","","","","","112","112","","","89","89","","","85","89","","","","","","","","","","","","","","","","","","","",""
"M.Grant Thesis","WBNPHC","Wood Bison","Fecal","WBNP_Oct24_007","30-Oct-24",2024,"Trent","","","","38","","","134","134","179","179","","","","","","","","","","","","","238","238","","","","","","","","","","","","","","","","","","","","","","","","","","","","","","","","","","","148","148","","","","","","","","","","","","","","","","","","","89","89","","","89","91","","","","","","","","","","","","","","","","","","","",""
"M.Grant Thesis","WBNPHC","Wood Bison","Fecal","WBNP_Oct24_011","30-Oct-24",2024,"Trent","","","","23","","","","","179","179","","","","","","","","","","","","","","","","","","","","","","","","","","","","","","","","","","","","","","","","","","","77","81","","","","","","","","","","","","","","","","","","","","","","","","","89","89","","","81","87","","","","","","","","","","","","","","","","","","","",""
"M.Grant Thesis","WBNPHC","Wood Bison","Fecal","WBNP_Oct24_025","30-Oct-24",2024,"Trent","","","","19","","","","","","","","","","","","","","","","","","","","","","","","","","","","","","","","","","","","","","","","","","","","","","","","","","","","","","","","","","","","","","","","","","","","","","","","","","","","","","","","","","","","","","","","","","","","","","","","","","","",""
"M.Grant Thesis","WBNPHC","Wood Bison","Fecal","WBNP_Oct24_026","30-Oct-24",2024,"Trent","","","","27","","","","","179","179","","","","","","","","","","","","","238","238","","","160","160","","","","","","","","","","","","","","","","","","","","","","","","","","","","","","","138","142","","","","","","","","","","","","","","","","","","","","","","","85","89","","","","","","","","","","","","","","","","","","","",""
"M.Grant Thesis","WBNPHC","Wood Bison","Fecal","WBNP_Oct24_032","30-Oct-24",2024,"Trent","","","","23","","","","","181","187","","","","","","","","","","","","","","","","","","","","","","","","","","","","","","","","","","","","","","","","","","","","","","","","","148","148","","","","","","","","","","","","","","","","","","","","","","","85","91","","","","","","","","","","","","","","","","","","","",""
"M.Grant Thesis","WBNPHC","Wood Bison","Fecal","WBNP_Oct24_033","30-Oct-24",2024,"Trent","","","","38","","","","","179","181","","","","","","","","","","","","","","","","","","","","","","","","","","","","","","","","","","","","","","","","","","","","","","","","","142","142","","","","","","","","","","","","","","","108","112","","","89","89","","","89","91","","","","","","","","","","","","","","","","","","","",""
"M.Grant Thesis","WBNPHC","Wood Bison","Fecal","WBNP_Oct24_034","30-Oct-24",2024,"Trent","","","","42","","","","","179","179","","","","","","","","","","","","","232","238","","","","","","","","","","","","","","","","","","","","","","","","","","","","","","","","","","","138","142","","","","","","","","","","","","","","","112","112","","","89","89","","","87","91","","","","","","","","","","","","","","","","","","","",""
"M.Grant Thesis","WBNPHC","Wood Bison","Fecal","WBNP_Oct24_037","30-Oct-24",2024,"Trent","","","","4","","","","","","","","","","","","","","","","","","","","","","","","","","","","","","","","","","","","","","","","","","","","","","","","","","","","","","","","","","","","","","","","","","","","","","","","","","","","","","","","","","","","","","","","","","","","","","","","","","","",""
"M.Grant Thesis","WBNPHC","Wood Bison","Fecal","WBNP_Oct24_039","30-Oct-24",2024,"Trent","","","","0","","","","","","","","","","","","","","","","","","","","","","","","","","","","","","","","","","","","","","","","","","","","","","","","","","","","","","","","","","","","","","","","","","","","","","","","","","","","","","","","","","","","","","","","","","","","","","","","","","","",""
"M.Grant Thesis","WBNPHC","Wood Bison","Fecal","WBNP_Oct24_040","30-Oct-24",2024,"Trent","","","","35","","","","","","","","","","","","","","","","","","","","","","","","","","","","","","","","","","","","","","","","","","","","","","","","","","","","","","","142","142","","","","","","","","","","","","","","","","","","","","","","","85","91","","","","","","","","","","","","","","","","","","","",""
"M.Grant Thesis","WBNPHC","Wood Bison","Fecal","WBNP_Oct24_041","30-Oct-24",2024,"Trent","","","","23","","","","","187","187","","","","","","","","","","","","","","","","","","","","","","","","","","","","","","","","","","","","","","","","","","","","","","","","","138","142","","","","","","","","","","","","","","","108","108","","","","","","","","","","","","","","","","","","","","","181","181","","","","","",""
"M.Grant Thesis","WBNPHC","Wood Bison","Fecal","WBNP_Oct24_044","30-Oct-24",2024,"Trent","","","","42","","","","","179","187","","","","","","","","","","","","","","","","","","","","","","","","","","","","","","","","","","","","","","","","","","","83","83","","","","","142","142","","","","","","","","","","","","","","","110","112","","","81","89","","","81","89","","","","","","","","","","","","","","","","","","","",""
"M.Grant Thesis","WBNPHC","Wood Bison","Fecal","WBNP_Oct24_045","30-Oct-24",2024,"Trent","","","","31","","","","","","","","","","","","","","","","","","","","","","","","","","","","","","","","","","","","","","","","","","","","","","","","","81","81","","","","","142","148","","","","","","","","","","","","","","","108","112","","","83","91","165","165","89","91","","","","","","","","","","","","","","","","","","","",""
"M.Grant Thesis","WBNPHC","Wood Bison","Fecal","WBNP_Oct24_052","30-Oct-24",2024,"Trent","","","","8","","","","","","","","","","","","","","","","","","","238","238","","","","","","","","","","","","","","","","","","","","","","","","","","","","","","","","","","","","","","","","","","","","","","","","","","","","","","","","","","","","","","","","","","","","","","","","","","","","","","","",""
"M.Grant Thesis","WBNPHC","Wood Bison","Fecal","WBNP_Oct24_053","30-Oct-24",2024,"Trent","","","","31","","","","","","","","","","","","","","","","","","","","","","","","","","","","","","","","","","","","","","","","","","","","","","","","","","","","","","","142","142","","","","","","","","","","","","","","","112","112","","","","","","","85","89","","","","","","","","","","","","","","","","","","","",""
"M.Grant Thesis","WBNPHC","Wood Bison","Fecal","WBNP_Oct24_054","30-Oct-24",2024,"Trent","","","","15","","","","","","","","","","","","","","","","","","","","","","","","","","","","","","","","","","","","","","","","","","","","","","","","","","","","","","","","","","","","","","","","","","","","","","","","","","","89","89","","","","","","","","","","","","","","","","","","","","","","","",""
"M.Grant Thesis","WBNPHC","Wood Bison","Fecal","WBNP_Oct24_055","30-Oct-24",2024,"Trent","","","","0","","","","","","","","","","","","","","","","","","","","","","","","","","","","","","","","","","","","","","","","","","","","","","","","","","","","","","","","","","","","","","","","","","","","","","","","","","","","","","","","","","","","","","","","","","","","","","","","","","","",""
"M.Grant Thesis","WBNPHC","Wood Bison","Fecal","WBNP_Oct24_056","30-Oct-24",2024,"Trent","","","","35","","","","","187","187","","","","","","","","","","","","","","","","","","","","","","","","","","","","","","","","","","","","","","","","","","","","","","","","","142","142","","","","","","","","","","","","","","","","","","","89","89","","","85","85","","","","","","","","","","","","","","","","","","","",""
"M.Grant Thesis","WBNPHC","Wood Bison","Fecal","WBNP_Oct24_059","30-Oct-24",2024,"Trent","","","","54","","","136","138","179","179","","","","","","","","","","","","","238","238","","","","","","","","","","","","","","","","","","","","","","","","","","","","","","","","","","","148","150","","","","","","","","","","","","","","","106","106","","","89","89","","","85","89","","","","","","","","","","","","","181","181","","","","","",""
"M.Grant Thesis","WBNPHC","Wood Bison","Fecal","WBNP_Oct24_062","30-Oct-24",2024,"Trent","","","","58","","","","","181","187","","","","","","","","","","","","","","","","","","","","","","","","","","","","","","","","","","","","","","","","","","","81","83","","","","","142","142","","","","","","","","","","","","","","","106","106","","","89","89","","","85","89","","","","","","","","","","","","","181","181","","","","","",""
"M.Grant Thesis","WBNPHC","Wood Bison","Fecal","WBNP_Oct24_065","30-Oct-24",2024,"Trent","","","","8","","","","","","","","","","","","","","","","","","","","","","","","","","","","","","","","","","","","","","","","","","","","","","","","","","","","","","","","","","","","","","","","","","","","","","","","","","","","","","","","","","","","","","","","","","","","","","","","","","","",""
"M.Grant Thesis","WBNPHC","Wood Bison","Fecal","WBNP_Oct24_074","30-Oct-24",2024,"Trent","","","","65","","","136","136","179","187","","","","","","","","","","","","","232","238","","","","","","","","","","","","","","","","","","","","","","","","","","","","","","","","","","","142","150","","","","","","","","","","","","","","","108","112","","","89","89","","","89","91","","","","","","","","","","","","","181","181","","","","","",""
"M.Grant Thesis","WBNPHC","Wood Bison","Fecal","WBNP_Oct24_078","30-Oct-24",2024,"Trent","","","","62","","","","","187","191","253","253","","","","","","","","","","","232","238","","","","","","","","","","","","","","","","","","","","","","","","","","","","","","","","","","","142","150","","","","","","","","","","","","","","","108","112","","","","","","","89","89","","","","","","","","","","","","","181","191","","","","","",""
"M.Grant Thesis","WBNPHC","Wood Bison","Fecal","WBNP_Oct24_081","30-Oct-24",2024,"Trent","","","","12","","","","","","","","","","","","","","","","","","","","","","","","","","","","","","","","","","","","","","","","","","","","","","","","","","","","","","","","","","","","","","","","","","","","","","","","","","","89","89","","","85","89","","","","","","","","","","","","","","","","","","","",""
"M.Grant Thesis","WBNPHC","Wood Bison","Fecal","WBNP_Oct24_082","30-Oct-24",2024,"Trent","","","","4","","","","","","","","","","","","","","","","","","","","","","","","","","","","","","","","","","","","","","","","","","","","","","","","","","","","","","","","","","","","","","","","","","","","","","","","","","","","","","","","","","","","","","","","","","","","","","","","","","","",""
"M.Grant Thesis","WBNPHC","Wood Bison","Fecal","WBNP_Oct24_083","30-Oct-24",2024,"Trent","","","","0","","","","","","","","","","","","","","","","","","","","","","","","","","","","","","","","","","","","","","","","","","","","","","","","","","","","","","","","","","","","","","","","","","","","","","","","","","","","","","","","","","","","","","","","","","","","","","","","","","","",""
"M.Grant Thesis","WBNPHC","Wood Bison","Fecal","WBNP_Oct24_086","30-Oct-24",2024,"Trent","","","","54","","","","","185","187","","","","","","","","","","","","","","","","","162","162","","","","","","","","","","","","","","","","","","","","","","","","","77","83","","","","","138","142","","","","","","","","","","","","","","","110","112","","","89","95","161","161","","","","","","","","","","","","","","","181","181","","","","","",""
"M.Grant Thesis","WBNPHC","Wood Bison","Fecal","WBNP_Oct24_088","30-Oct-24",2024,"Trent","","","","23","","","","","","","","","","","","","","","","","","","","","","","","","","","","","","","","","","","","","","","","","","","","","","","","","","","","","","","142","142","","","","","","","","","","","","","","","","","","","","","","","89","89","","","","","","","","","","","","","","","","","","","",""
"M.Grant Thesis","WBNPHC","Wood Bison","Fecal","WBNP_Oct24_089","30-Oct-24",2024,"Trent","","","","42","","","","","","","253","253","","","","","","","","","","","","","","","","","","","","","","","","","","","","","","","","","","","","","","","","","","","","","","","142","142","","","","","","","","","","","","","","","106","112","","","89","89","","","85","89","","","","","","","","","","","","","","","","","","","",""
"M.Grant Thesis","WBNPHC","Wood Bison","Fecal","WBNP_Oct24_091","30-Oct-24",2024,"Trent","","","","0","","","","","","","","","","","","","","","","","","","","","","","","","","","","","","","","","","","","","","","","","","","","","","","","","","","","","","","","","","","","","","","","","","","","","","","","","","","","","","","","","","","","","","","","","","","","","","","","","","","",""
"M.Grant Thesis","WBNPHC","Wood Bison","Fecal","WBNP_Oct24_092","30-Oct-24",2024,"Trent","","","","46","","","","","175","175","","","","","","","","","","","","","238","242","","","","","","","","","","","","","","","","","","","","","","","","","","","","","81","81","","","","","142","142","","","","","","","","","","","","","","","90","106","","","85","89","165","165","81","89","","","","","","","","","","","","","","","","","","","",""
"M.Grant Thesis","WBNPHC","Wood Bison","Fecal","WBNP_Oct24_094","30-Oct-24",2024,"Trent","","","","4","","","","","","","","","","","","","","","","","","","240","240","","","","","","","","","","","","","","","","","","","","","","","","","","","","","","","","","","","","","","","","","","","","","","","","","","","","","","","","","","","","","","","","","","","","","","","","","","","","","","","",""
"M.Grant Thesis","WBNPHC","Wood Bison","Fecal","WBNP_Oct24_095","30-Oct-24",2024,"Trent","","","","27","","","","","","","","","","","","","","","","","","","","","","","","","","","","","","","","","","","","","","","","","","","","","","","","","","","","","","","","","","","","","","","","","","","","","","","","","","","","","","","","","","","","","","","","","","","","","","","","","","","",""
"M.Grant Thesis","WBNPHC","Wood Bison","Fecal","WBNP_Oct24_097","30-Oct-24",2024,"Trent","","","","65","","","","","175","181","241","241","","","","","","","","","","","238","240","","","","","","","","","","","","","","","","","","","","","","","","","","","","","81","83","","","","","142","142","","","","","","","","","","","","","","","90","108","","","85","89","161","161","81","89","","","","","","","","","","","","","181","191","","","","","",""
"M.Grant Thesis","WBNPHC","Wood Bison","Fecal","WBNP_Oct24_099","30-Oct-24",2024,"Trent","","","","50","","","","","","","","","","","","","","","","","","","238","238","","","","","","","","","","","","","","","","","","","","","","","","","","","","","81","81","","","","","142","142","","","","","","","","","","","","","","","108","108","","","89","89","","","89","89","","","","","","","","","","","","","","","","","","","",""
"M.Grant Thesis","WBNPHC","Wood Bison","Fecal","WBNP_Oct24_101","30-Oct-24",2024,"Trent","","","","19","","","","","","","","","","","","","","","","","","","","","","","","","","","","","","","","","","","","","","","","","","","","","","","","","81","83","","","","","","","","","","","","","","","","","","","","","106","106","","","83","85","","","85","89","","","","","","","","","","","","","","","","","","","",""
"M.Grant Thesis","WBNPHC","Wood Bison","Fecal","WBNP-1012-Fe","5/10/2023",2023,"Trent","","","","15","","","","","","","","","","","","","","","","","","","","","","","162","162","","","","","","","","","","","","","","","","","","","","","","","","","","","","","","","","","","","","","","","","","","","","","","","112","112","","","","","165","165","","","","","","","","","","","","","","","","","","","","","",""
"M.Grant Thesis","WBNPHC","Wood Bison","Fecal","WBNP-1014-Fe","5/10/2023",2023,"Trent","","","","15","","","","","","","260","260","","","","","","","","","","","","","","","","","","","","","","","","","","","","","","","","","","","","","","","","","","","","","","","","","","","","","","","","","","","","","","","","","","","","","","","81","81","","","","","","","","","","","","","","","","","","","",""
"M.Grant Thesis","WBNPHC","Wood Bison","Fecal","WBNP-1015-Fe","5/10/2023",2023,"Trent","","","","23","","","","","177","177","","","","","","","","","","","","","","","","","","","","","","","","","","","","","","","","","","","","","","","","","","","","","","","","","142","142","","","","","","","","","","","","","","","","","","","","","","","","","","","","","","","","","","","","","181","187","","","","","",""
"M.Grant Thesis","WBNPHC","Wood Bison","Fecal","WBNP-1016-Fe","5/10/2023",2023,"Trent","","","","35","","","","","","","","","","","","","","","","","","","236","252","","","162","162","","","","","","","","","","","","","","","","","","","","","","","","","81","81","","","","","","","","","","","","","","","","","","","","","106","106","","","83","83","","","","","","","","","","","","","","","","","187","187","","","","","",""
"M.Grant Thesis","WBNPHC","Wood Bison","Fecal","WBNP-1017-Fe","5/10/2023",2023,"Trent","","","","8","","","","","","","","","","","","","","","","","","","","","","","","","","","","","","","","","","","","","","","","","","","","","","","","","83","83","","","","","","","","","","","","","","","","","","","","","","","","","","","","","","","","","","","","","","","","","","","","","","","","","",""
"M.Grant Thesis","WBNPHC","Wood Bison","Fecal","WBNP-1019-Fe","5/10/2023",2023,"Trent","","","","31","","","","","191","191","","","","","","","","","","","","","","","","","162","162","","","","","","","","","","","","","","","","","","","","","","","","","","","","","","","142","142","","","","","","","","","","","","","","","","","","","","","","","","","","","","","","","","","","","","","187","187","","","","","",""
"M.Grant Thesis","WBNPHC","Wood Bison","Fecal","WBNP_Oct24_102","30-Oct-24",2024,"Trent","","","","38","","","","","","","","","","","","","","","","","","","","","","","","","","","","","","","","","","","","","","","","","","","","","","","","","81","85","","","","","142","142","","","","","","","","","","","","","","","","","","","89","89","","","87","89","","","","","","","","","","","","","","","","","","","",""
"M.Grant Thesis","WBNPHC","Wood Bison","Fecal","WBNP-1020-Fe","5/10/2023",2023,"Trent","","","","35","","","","","179","187","","","","","","","","","","","","","","","","","","","","","","","","","","","","","","","","","","","","","","","","","","","83","83","","","","","","","","","","","","","","","","","","","","","","","","","89","89","","","","","","","","","","","","","","","","","187","187","","","","","",""
"M.Grant Thesis","WBNPHC","Wood Bison","Fecal","WBNP-1021-Fe","5/10/2023",2023,"Trent","","","","58","","","","","179","187","253","253","","","","","","","","","","","238","238","","","160","162","","","","","","","","","","","","","","","","","","","","","","","","","77","77","","","","","142","142","","","","","","","","","","","","","","","112","112","","","89","89","","","87","89","","","","","","","","","","","","","181","181","","","","","",""
"M.Grant Thesis","WBNPHC","Wood Bison","Fecal","WBNP_Oct24_103","30-Oct-24",2024,"Trent","","","","12","","","","","","","","","","","","","","","","","","","","","","","","","","","","","","","","","","","","","","","","","","","","","","","","","","","","","","","","","","","","","","","","","","","","","","","","","","","","","","","89","89","","","","","","","","","","","","","","","","","","","",""
"M.Grant Thesis","WBNPHC","Wood Bison","Fecal","WBNP_Oct24_104","30-Oct-24",2024,"Trent","","","","0","","","","","","","","","","","","","","","","","","","","","","","","","","","","","","","","","","","","","","","","","","","","","","","","","","","","","","","","","","","","","","","","","","","","","","","","","","","","","","","","","","","","","","","","","","","","","","","","","","","",""
"M.Grant Thesis","WBNPHC","Wood Bison","Fecal","WBNP_Oct24_105","30-Oct-24",2024,"Trent","","","","4","","","","","","","","","","","","","","","","","","","","","","","","","","","","","","","","","","","","","","","","","","","","","","","","","","","","","","","","","","","","","","","","","","","","","","","","","","","","","","","91","91","","","","","","","","","","","","","","","","","","","",""
"M.Grant Thesis","WBNPHC","Wood Bison","Fecal","WBNP_Oct24_106","30-Oct-24",2024,"Trent","","","","42","","","","","179","179","","","","","","","","","","","","","","","","","","","","","","","","","","","","","","","","","","","","","","","","","","","","","","","","","142","148","","","","","","","","","","","","","","","110","110","","","85","85","","","81","89","","","","","","","","","","","","","","","","","","","",""
"M.Grant Thesis","WBNPHC","Wood Bison","Fecal","WBNP_Oct24_107","30-Oct-24",2024,"Trent","","","","62","","","","","187","187","","","","","","","","","","","","","232","232","","","","","","","","","","","","","","","","","","","","","","","","","","","","","83","85","","","","","142","148","","","","","","","","","","","","","","","","","","","89","89","","","89","89","","","","","236","236","","","","","","","","","","","","","",""
"M.Grant Thesis","WBNPHC","Wood Bison","Fecal","WBNP_Oct24_108","30-Oct-24",2024,"Trent","","","","0","","","","","","","","","","","","","","","","","","","","","","","","","","","","","","","","","","","","","","","","","","","","","","","","","","","","","","","","","","","","","","","","","","","","","","","","","","","","","","","","","","","","","","","","","","","","","","","","","","","",""
"M.Grant Thesis","WBNPHC","Wood Bison","Fecal","WBNP_Oct24_109","30-Oct-24",2024,"Trent","","","","0","","","","","","","","","","","","","","","","","","","","","","","","","","","","","","","","","","","","","","","","","","","","","","","","","","","","","","","","","","","","","","","","","","","","","","","","","","","","","","","","","","","","","","","","","","","","","","","","","","","",""
"M.Grant Thesis","WBNPHC","Wood Bison","Fecal","WBNP_Oct24_110","30-Oct-24",2024,"Trent","","","","58","","","","","181","181","","","","","","","","","","","","","","","","","","","","","","","","","","","","","","","","","","","","","","","","","","","81","83","","","","","142","150","","","","","","","","","","","","","","","112","112","","","81","95","","","85","91","","","","","","","","","","","","","177","179","","","","","",""
"M.Grant Thesis","WBNPHC","Wood Bison","Fecal","WBNP_Oct24_111","30-Oct-24",2024,"Trent","","","","31","","","","","","","","","","","","","","","","","","","","","","","","","","","","","","","","","","","","","","","","","","","","","","","","","81","83","","","","","142","148","","","","","","","","","","","","","","","110","110","","","85","85","","","81","89","","","","","","","","","","","","","","","","","","","",""
"M.Grant Thesis","WBNPHC","Wood Bison","Fecal","WBNP_Oct24_112","30-Oct-24",2024,"Trent","","","","54","","","","","181","181","","","","","","","","","","","","","232","232","","","","","","","","","","","","","","","","","","","","","","","","","","","","","81","83","","","","","148","148","","","","","","","","","","","","","","","108","112","","","89","89","","","89","89","","","","","","","","","","","","","","","","","","","",""
"M.Grant Thesis","WBNPHC","Wood Bison","Fecal","WBNP-1137-Fe","3/15/2023",2023,"Trent","","","","42","","","","","175","179","","","","","","","","","","","","","238","238","","","","","","","","","","","","","","","","","","","","","","","","","","","","","81","83","","","","","142","148","","","","","","","","","","","","","","","106","108","","","83","85","161","165","89","89","","","","","","","","","","","","","181","181","","","","","",""
"M.Grant Thesis","WBNPHC","Wood Bison","Fecal","WBNP-1139-Fe","3/15/2023",2023,"Trent","","","","42","","","","","187","187","","","","","","","","","","","","","232","232","","","","","","","","","","","","","","","","","","","","","","","","","","","","","83","83","","","","","138","148","","","","","","","","","","","","","","","106","106","","","89","89","","","81","81","","","","","","","","","","","","","","","","","","","",""
"M.Grant Thesis","WBNPHC","Wood Bison","Fecal","WBNP_Oct24_114","30-Oct-24",2024,"Trent","","","","8","","","","","","","","","","","","","","","","","","","","","","","","","","","","","","","","","","","","","","","","","","","","","","","","","","","","","","","","","","","","","","","","","","","","","","","","","","","81","81","","","","","","","","","","","","","","","","","","","","","","","",""
"M.Grant Thesis","WBNPHC","Wood Bison","Fecal","WBNP_Oct24_115","30-Oct-24",2024,"Trent","","","","8","","","","","","","","","","","","","","","","","","","","","","","","","","","","","","","","","","","","","","","","","","","","","","","","","","","","","","","","","","","","","","","","","","","","","","","","","","","81","81","","","85","91","","","","","","","","","","","","","","","","","","","",""
"M.Grant Thesis","WBNPHC","Wood Bison","Fecal","WBNP-1150-Fe","3/14/2023",2023,"Trent","","","","0","","","","","","","","","","","","","","","","","","","","","","","","","","","","","","","","","","","","","","","","","","","","","","","","","","","","","","","","","","","","","","","","","","","","","","","","","","","","","","","","","","","","","","","","","","","","","","","","","","","",""
"M.Grant Thesis","WBNPHC","Wood Bison","Fecal","WBNP_Oct24_116","30-Oct-24",2024,"Trent","","","","8","","","","","","","","","","","","","","","","","","","","","","","","","","","","","","","","","","","","","","","","","","","","","","","","","","","","","","","","","","","","","","","","","","","","","","","","","","","","","","","85","85","","","","","","","","","","","","","","","","","","","",""
"M.Grant Thesis","WBNPHC","Wood Bison","Fecal","WBNP_Oct24_118","30-Oct-24",2024,"Trent","","","","31","","","","","","","","","","","","","","","","","","","","","","","","","","","","","","","","","","","","","","","","","","","","","","","","","81","83","","","","","142","148","","","","","","","","","","","","","","","108","108","","","83","89","","","85","89","","","","","","","","","","","","","181","181","","","","","",""
"M.Grant Thesis","WBNPHC","Wood Bison","Fecal","WBNP-749-Fe","4/3/2023",2023,"Trent","","","","27","","","","","175","179","","","","","","","","","","","","","","","","","","","","","","","","","","","","","","","","","","","","","","","","","","","81","83","","","","","142","142","","","","","","","","","","","","","","","106","112","","","85","89","","","89","91","","","","","","","","","","","","","","","","","","","",""
"M.Grant Thesis","WBNPHC","Wood Bison","Fecal","WBNP-750-Fe","10/26/2023",2023,"Trent","","","","0","","","","","","","","","","","","","","","","","","","","","","","","","","","","","","","","","","","","","","","","","","","","","","","","","","","","","","","","","","","","","","","","","","","","","","","","","","","","","","","","","","","","","","","","","","","","","","","","","","","",""
"M.Grant Thesis","WBNPHC","Wood Bison","Fecal","WBNP-751-Fe","10/13/2023",2023,"Trent","","","","35","","","","","179","179","","","","","","","","","","","","","","","","","","","","","","","","","","","","","","","","","","","","","","","","","","","83","83","","","","","142","142","","","","","","","","","","","","","","","106","112","","","83","89","","","87","89","","","","","","","","","","","","","181","181","","","","","",""
"M.Grant Thesis","WBNPHC","Wood Bison","Fecal","WBNP-752-Fe","10/13/2023",2023,"Trent","","","","15","","","","","","","","","","","","","","","","","","","","","","","","","","","","","","","","","","","","","","","","","","","","","","","","","83","83","","","","","","","","","","","","","","","","","","","","","","","","","89","89","","","","","","","","","","","","","","","","","","","","","","","",""
"M.Grant Thesis","WBNPHC","Wood Bison","Fecal","WBNP-753-Fe","10/18/2023",2023,"Trent","","","","65","","","138","140","175","175","","","","","","","","","","","","","238","238","","","","","","","","","","","","","","","","","","","","","","","","","","","","","83","85","","","","","142","142","","","","","","","","","","","","","","","","","","","83","89","","","85","87","","","","","","","","","","","","","181","181","","","","","",""
"M.Grant Thesis","WBNPHC","Wood Bison","Fecal","WBNP-754-Fe","10/18/2023",2023,"Trent","","","","54","","","","","179","187","","","","","","","","","","","","","238","238","","","","","","","","","","","","","","","","","","","","","","","","","","","","","81","83","","","","","142","142","","","","","","","","","","","","","","","108","112","","","89","89","","","81","89","","","","","","","","","","","","","","","","","","","",""
"M.Grant Thesis","WBNPHC","Wood Bison","Fecal","WBNP-755-Fe","10/20/2023",2023,"Trent","","","","62","","","","","179","181","253","269","","","","","","","","","","","238","238","","","160","160","","","","","","","","","","","","","","","","","","","","","","","","","83","83","","","","","142","142","","","","","","","","","","","","","","","112","112","","","89","89","161","173","85","91","","","","","","","","","","","","","191","191","","","","","",""
"M.Grant Thesis","WBNPHC","Wood Bison","Fecal","WBNP-758-Fe","10/20/2023",2023,"Trent","","","","46","","","","","177","187","","","","","","","","","","","","","","","","","","","","","","","","","","","","","","","","","","","","","","","","","","","83","83","","","","","138","138","","","","","","","","","","","","","","","","","","","89","89","","","89","91","","","","","","","","","","","","","","","","","","","",""
"M.Grant Thesis","WBNPHC","Wood Bison","Fecal","WBNP-759-Fe","10/26/2023",2023,"Trent","","","","88","","","136","136","187","187","247","269","","","","","","","","","","","238","238","","","147","147","","","","","","","","","","","","","","","","","","","","","","","","","83","83","","","","","142","150","","","","","","","","","","","","","","","106","106","","","89","89","161","161","81","89","","","","","","","","","","","","","181","191","","","","","",""
"M.Grant Thesis","WBNPHC","Wood Bison","Fecal","WBNP-763-Fe","10/20/2023",2023,"Trent","","","","31","","","","","","","","","","","","","","","","","","","","","","","","","","","","","","","","","","","","","","","","","","","","","","","","","83","83","","","","","138","138","","","","","","","","","","","","","","","110","112","","","81","81","","","85","85","","","","","","","","","","","","","","","","","","","",""
"M.Grant Thesis","WBNPHC","Wood Bison","Fecal","WBNP-764-Fe","10/20/2023",2023,"Trent","","","","27","","","","","","","","","","","","","","","","","","","","","","","","","","","","","","","","","","","","","","","","","","","","","","","","","81","83","","","","","142","142","","","","","","","","","","","","","","","108","110","","","85","89","","","","","","","","","","","","","","","","","","","","","","","",""
"M.Grant Thesis","WBNPHC","Wood Bison","Fecal","WBNP-765-Fe","10/20/2023",2023,"Trent","","","","8","","","","","","","","","","","","","","","","","","","","","","","","","","","","","","","","","","","","","","","","","","","","","","","","","83","83","","","","","","","","","","","","","","","","","","","","","","","","","","","","","87","87","","","","","","","","","","","","","","","","","","","",""
"M.Grant Thesis","WBNPHC","Wood Bison","Fecal","WBNP-766-Fe","4/11/2023",2023,"Trent","","","","19","","","","","187","187","","","","","","","","","","","","","","","","","","","","","","","","","","","","","","","","","","","","","","","","","","","","","","","","","","","","","","","","","","","","","","","","","106","106","","","89","91","","","89","89","","","","","","","","","","","","","","","","","","","",""
"M.Grant Thesis","WBNPHC","Wood Bison","Fecal","WBNP-767-Fe","4/11/2023",2023,"Trent","","","","35","","","","","181","181","","","","","","","","","","","","","","","","","162","162","","","","","","","","","","","","","","","","","","","","","","","","","81","83","","","","","138","138","","","","","","","","","","","","","","","","","","","85","91","161","161","89","89","","","","","","","","","","","","","","","","","","","",""
"M.Grant Thesis","WBNPHC","Wood Bison","Fecal","WBNP-768-Fe","10/20/2023",2023,"Trent","","","","15","","","","","","","","","","","","","","","","","","","","","","","","","","","","","","","","","","","","","","","","","","","","","","","","","83","83","","","","","","","","","","","","","","","","","","","","","","","","","85","89","","","89","89","","","","","","","","","","","","","","","","","","","",""
"M.Grant Thesis","WBNPHC","Wood Bison","Fecal","WBNP-769-Fe","10/20/2023",2023,"Trent","","","","15","","","","","","","","","","","","","","","","","","","","","","","","","","","","","","","","","","","","","","","","","","","","","","","","","77","83","","","","","","","","","","","","","","","","","","","","","","","","","89","89","","","89","89","","","","","","","","","","","","","","","","","","","",""
"M.Grant Thesis","WBNPHC","Wood Bison","Fecal","WBNP-771-Fe","6/6/2022",2022,"Trent","","","","8","","","","","189","189","","","","","","","","","","","","","","","","","","","","","","","","","","","","","","","","","","","","","","","","","","","","","","","","","","","","","","","","","","","","","","","","","","","","","","","","","","","","","","","","","","","","","","","","","","","","","",""
"M.Grant Thesis","WBNPHC","Wood Bison","Fecal","WBNP-772-Fe","6/6/2022",2022,"Trent","","","","0","","","","","","","","","","","","","","","","","","","","","","","","","","","","","","","","","","","","","","","","","","","","","","","","","","","","","","","","","","","","","","","","","","","","","","","","","","","","","","","","","","","","","","","","","","","","","","","","","","","",""
"M.Grant Thesis","WBNPHC","Wood Bison","Fecal","WBNP-773-Fe","6/6/2022",2022,"Trent","","","","0","","","","","","","","","","","","","","","","","","","","","","","","","","","","","","","","","","","","","","","","","","","","","","","","","","","","","","","","","","","","","","","","","","","","","","","","","","","","","","","","","","","","","","","","","","","","","","","","","","","",""
"M.Grant Thesis","WBNPHC","Wood Bison","Fecal","WBNP-774-Fe","6/6/2022",2022,"Trent","","","","4","","","","","189","189","","","","","","","","","","","","","","","","","","","","","","","","","","","","","","","","","","","","","","","","","","","","","","","","","","","","","","","","","","","","","","","","","","","","","","","","","","","","","","","","","","","","","","","","","","","","","",""
"M.Grant Thesis","WBNPHC","Wood Bison","Fecal","WBNP-775-Fe","6/6/2022",2022,"Trent","","","","0","","","","","","","","","","","","","","","","","","","","","","","","","","","","","","","","","","","","","","","","","","","","","","","","","","","","","","","","","","","","","","","","","","","","","","","","","","","","","","","","","","","","","","","","","","","","","","","","","","","",""
"M.Grant Thesis","WBNPHC","Wood Bison","Fecal","WBNP-776-Fe","6/6/2022",2022,"Trent","","","","8","","","","","","","","","","","","","","","","","","","","","","","","","","","","","","","","","","","","","","","","","","","","","","","","","77","77","","","","","","","","","","","","","","","","","","","","","","","","","89","89","","","","","","","","","","","","","","","","","","","","","","","",""
"M.Grant Thesis","WBNPHC","Wood Bison","Fecal","WBNP-777-Fe","6/6/2022",2022,"Trent","","","","8","","","","","189","189","","","","","","","","","","","","","","","","","","","","","","","","","","","","","","","","","","","","","","","","","","","","","","","","","","","","","","","","","","","","","","","","","","","","","","","","","","","","","","","","","","","","","","","","","","","","","",""
"M.Grant Thesis","WBNPHC","Wood Bison","Fecal","WBNP-778-Fe","6/6/2022",2022,"Trent","","","","0","","","","","","","","","","","","","","","","","","","","","","","","","","","","","","","","","","","","","","","","","","","","","","","","","","","","","","","","","","","","","","","","","","","","","","","","","","","","","","","","","","","","","","","","","","","","","","","","","","","",""
"M.Grant Thesis","WBNPHC","Wood Bison","Fecal","WBNP-779-Fe","6/6/2022",2022,"Trent","","","","0","","","","","","","","","","","","","","","","","","","","","","","","","","","","","","","","","","","","","","","","","","","","","","","","","","","","","","","","","","","","","","","","","","","","","","","","","","","","","","","","","","","","","","","","","","","","","","","","","","","",""
"M.Grant Thesis","WBNPHC","Wood Bison","Fecal","WBNP-780-Fe","6/6/2022",2022,"Trent","","","","4","","","","","","","","","","","","","","","","","","","","","","","","","","","","","","","","","","","","","","","","","","","","","","","","","","","","","","","","","","","","","","","","","","","","","","","","","","","","","","","89","89","","","","","","","","","","","","","","","","","","","",""
"M.Grant Thesis","WBNPHC","Wood Bison","Fecal","WBNP-781-Fe","6/6/2022",2022,"Trent","","","","0","","","","","","","","","","","","","","","","","","","","","","","","","","","","","","","","","","","","","","","","","","","","","","","","","","","","","","","","","","","","","","","","","","","","","","","","","","","","","","","","","","","","","","","","","","","","","","","","","","","",""
"M.Grant Thesis","WBNPHC","Wood Bison","Fecal","WBNP-782-Fe","6/6/2022",2022,"Trent","","","","15","","","","","","","241","241","","","","","","","","","","","","","","","","","","","","","","","","","","","","","","","","","","","","","","","","","","","","","","","","","","","","","","","","","","","","","","","","","","","89","89","","","85","89","","","","","","","","","","","","","","","","","","","",""
"M.Grant Thesis","WBNPHC","Wood Bison","Fecal","WBNP-783-Fe","6/6/2022",2022,"Trent","","","","4","","","","","","","","","","","","","","","","","","","","","","","","","","","","","","","","","","","","","","","","","","","","","","","","","","","","","","","","","","","","","","","","","","","","","","","","","","","","","","","89","89","","","","","","","","","","","","","","","","","","","",""
"M.Grant Thesis","WBNPHC","Wood Bison","Fecal","WBNP-784-Fe","6/6/2022",2022,"Trent","","","","8","","","","","177","177","","","","","","","","","","","","","","","","","","","","","","","","","","","","","","","","","","","","","","","","","","","81","81","","","","","","","","","","","","","","","","","","","","","","","","","","","","","","","","","","","","","","","","","","","","","","","","","",""
"M.Grant Thesis","WBNPHC","Wood Bison","Fecal","WBNP-785-Fe","6/6/2022",2022,"Trent","","","","0","","","","","","","","","","","","","","","","","","","","","","","","","","","","","","","","","","","","","","","","","","","","","","","","","","","","","","","","","","","","","","","","","","","","","","","","","","","","","","","","","","","","","","","","","","","","","","","","","","","",""
"M.Grant Thesis","WBNPHC","Wood Bison","Fecal","WBNP-786-Fe","9/7/2022",2022,"Trent","","","","12","","","","","","","","","","","","","","","","","","","","","","","","","","","","","","","","","","","","","","","","","","","","","","","","","77","81","","","","","","","","","","","","","","","","","","","","","","","","","89","89","","","81","81","","","","","","","","","","","","","","","","","","","",""
"M.Grant Thesis","WBNPHC","Wood Bison","Fecal","WBNP-787-Fe","9/7/2022",2022,"Trent","","","","4","","","","","","","","","","","","","","","","","","","","","","","","","","","","","","","","","","","","","","","","","","","","","","","","","","","","","","","","","","","","","","","","","","","","","","","","","","","","","","","87","87","","","","","","","","","","","","","","","","","","","",""
"M.Grant Thesis","WBNPHC","Wood Bison","Fecal","WBNP-788-Fe","9/7/2022",2022,"Trent","","","","0","","","","","","","","","","","","","","","","","","","","","","","","","","","","","","","","","","","","","","","","","","","","","","","","","","","","","","","","","","","","","","","","","","","","","","","","","","","","","","","","","","","","","","","","","","","","","","","","","","","",""
"M.Grant Thesis","WBNPHC","Wood Bison","Fecal","WBNP-789-Fe","9/7/2022",2022,"Trent","","","","0","","","","","","","","","","","","","","","","","","","","","","","","","","","","","","","","","","","","","","","","","","","","","","","","","","","","","","","","","","","","","","","","","","","","","","","","","","","","","","","","","","","","","","","","","","","","","","","","","","","",""
"M.Grant Thesis","WBNPHC","Wood Bison","Fecal","WBNP-790-Fe","9/7/2022",2022,"Trent","","","","0","","","","","","","","","","","","","","","","","","","","","","","","","","","","","","","","","","","","","","","","","","","","","","","","","","","","","","","","","","","","","","","","","","","","","","","","","","","","","","","","","","","","","","","","","","","","","","","","","","","",""
"M.Grant Thesis","WBNPHC","Wood Bison","Fecal","WBNP-791-Fe","9/7/2022",2022,"Trent","","","","4","","","","","","","","","","","","","","","","","","","","","","","","","","","","","","","","","","","","","","","","","","","","","","","","","","","","","","","","","","","","","","","","","","","","","","","","","","","85","85","","","","","","","","","","","","","","","","","","","","","","","",""
"M.Grant Thesis","WBNPHC","Wood Bison","Fecal","WBNP-792-Fe","9/7/2022",2022,"Trent","","","","8","","","","","","","","","","","","","","","","","","","","","","","","","","","","","","","","","","","","","","","","","","","","","","","","","","","","","","","","","","","","","","","","","","","","","","","108","108","","","89","89","","","","","","","","","","","","","","","","","","","","","","","",""
"M.Grant Thesis","WBNPHC","Wood Bison","Fecal","WBNP-793-Fe","9/7/2022",2022,"Trent","","","","4","","","","","","","","","","","","","","","","","","","","","","","","","","","","","","","","","","","","","","","","","","","","","","","","","","","","","","","","","","","","","","","","","","","","","","","","","","","","","","","89","89","","","","","","","","","","","","","","","","","","","",""
"M.Grant Thesis","WBNPHC","Wood Bison","Fecal","WBNP-794-Fe","9/7/2022",2022,"Trent","","","","4","","","","","","","","","","","","","","","","","","","","","","","","","","","","","","","","","","","","","","","","","","","","","","","","","","","","","","","","","","","","","","","","","","","","","","","","","","","89","89","","","","","","","","","","","","","","","","","","","","","","","",""
"M.Grant Thesis","WBNPHC","Wood Bison","Fecal","WBNP-795-Fe","9/7/2022",2022,"Trent","","","","4","","","","","","","","","","","","","","","","","","","","","","","","","","","","","","","","","","","","","","","","","","","","","","","","","","","","","","","","","","","","","","","","","","","","","","","","","","","83","83","","","","","","","","","","","","","","","","","","","","","","","",""
"M.Grant Thesis","WBNPHC","Wood Bison","Fecal","WBNP-796-Fe","10/20/2022",2022,"Trent","","","","4","","","","","","","","","","","","","","","","","","","","","","","","","","","","","","","","","","","","","","","","","","","","","","","","","81","81","","","","","","","","","","","","","","","","","","","","","","","","","","","","","","","","","","","","","","","","","","","","","","","","","",""
"M.Grant Thesis","WBNPHC","Wood Bison","Fecal","WBNP-797-Fe","10/20/2022",2022,"Trent","","","","12","","","","","179","179","","","","","","","","","","","","","","","","","","","","","","","","","","","","","","","","","","","","","","","","","","","81","83","","","","","","","","","","","","","","","","","","","","","","","","","","","","","89","89","","","","","","","","","","","","","","","","","","","",""
"M.Grant Thesis","WBNPHC","Wood Bison","Fecal","WBNP-798-Fe","10/20/2022",2022,"Trent","","","","12","","","","","187","187","","","","","","","","","","","","","","","","","","","","","","","","","","","","","","","","","","","","","","","","","","","","","","","","","","","","","","","","","","","","","","","","","","","","","","","","","85","89","","","","","","","","","","","","","","","","","","","",""
"M.Grant Thesis","WBNPHC","Wood Bison","Fecal","WBNP-799-Fe","10/20/2022",2022,"Trent","","","","0","","","","","","","","","","","","","","","","","","","","","","","","","","","","","","","","","","","","","","","","","","","","","","","","","","","","","","","","","","","","","","","","","","","","","","","","","","","","","","","","","","","","","","","","","","","","","","","","","","","",""
"M.Grant Thesis","WBNPHC","Wood Bison","Fecal","WBNP-800-Fe","10/20/2022",2022,"Trent","","","","0","","","","","","","","","","","","","","","","","","","","","","","","","","","","","","","","","","","","","","","","","","","","","","","","","","","","","","","","","","","","","","","","","","","","","","","","","","","","","","","","","","","","","","","","","","","","","","","","","","","",""
"M.Grant Thesis","WBNPHC","Wood Bison","Fecal","WBNP-801-Fe","10/20/2022",2022,"Trent","","","","0","","","","","","","","","","","","","","","","","","","","","","","","","","","","","","","","","","","","","","","","","","","","","","","","","","","","","","","","","","","","","","","","","","","","","","","","","","","","","","","","","","","","","","","","","","","","","","","","","","","",""
"M.Grant Thesis","WBNPHC","Wood Bison","Fecal","WBNP-802-Fe","10/20/2022",2022,"Trent","","","","0","","","","","","","","","","","","","","","","","","","","","","","","","","","","","","","","","","","","","","","","","","","","","","","","","","","","","","","","","","","","","","","","","","","","","","","","","","","","","","","","","","","","","","","","","","","","","","","","","","","",""
"M.Grant Thesis","WBNPHC","Wood Bison","Fecal","WBNP-803-Fe","10/20/2022",2022,"Trent","","","","0","","","","","","","","","","","","","","","","","","","","","","","","","","","","","","","","","","","","","","","","","","","","","","","","","","","","","","","","","","","","","","","","","","","","","","","","","","","","","","","","","","","","","","","","","","","","","","","","","","","",""
"M.Grant Thesis","WBNPHC","Wood Bison","Fecal","WBNP-804-Fe","10/20/2022",2022,"Trent","","","","0","","","","","","","","","","","","","","","","","","","","","","","","","","","","","","","","","","","","","","","","","","","","","","","","","","","","","","","","","","","","","","","","","","","","","","","","","","","","","","","","","","","","","","","","","","","","","","","","","","","",""
"M.Grant Thesis","WBNPHC","Wood Bison","Fecal","WBNP-805-Fe","10/20/2022",2022,"Trent","","","","15","","","","","","","","","","","","","","","","","","","","","","","","","","","","","","","","","","","","","","","","","","","","","","","","","83","83","","","","","150","150","","","","","","","","","","","","","","","","","","","83","83","","","81","85","","","","","","","","","","","","","","","","","","","",""
"M.Grant Thesis","WBNPHC","Wood Bison","Fecal","WBNP-806-Fe","10/20/2022",2022,"Trent","","","","0","","","","","","","","","","","","","","","","","","","","","","","","","","","","","","","","","","","","","","","","","","","","","","","","","","","","","","","","","","","","","","","","","","","","","","","","","","","","","","","","","","","","","","","","","","","","","","","","","","","",""
"M.Grant Thesis","WBNPHC","Wood Bison","Fecal","WBNP-807-Fe","10/20/2022",2022,"Trent","","","","0","","","","","","","","","","","","","","","","","","","","","","","","","","","","","","","","","","","","","","","","","","","","","","","","","","","","","","","","","","","","","","","","","","","","","","","","","","","","","","","","","","","","","","","","","","","","","","","","","","","",""
"M.Grant Thesis","WBNPHC","Wood Bison","Fecal","WBNP-808-Fe","10/20/2022",2022,"Trent","","","","15","","","","","177","177","","","","","","","","","","","","","","","","","","","","","","","","","","","","","","","","","","","","","","","","","","","","","","","","","","","","","","","","","","","","","","","","","","","","","","","","","81","81","","","","","","","","","","","","","","","","","","","",""
"M.Grant Thesis","WBNPHC","Wood Bison","Fecal","WBNP-809-Fe","10/20/2022",2022,"Trent","","","","0","","","","","","","","","","","","","","","","","","","","","","","","","","","","","","","","","","","","","","","","","","","","","","","","","","","","","","","","","","","","","","","","","","","","","","","","","","","","","","","","","","","","","","","","","","","","","","","","","","","",""
"M.Grant Thesis","WBNPHC","Wood Bison","Fecal","WBNP-810-Fe","10/20/2022",2022,"Trent","","","","0","","","","","","","","","","","","","","","","","","","","","","","","","","","","","","","","","","","","","","","","","","","","","","","","","","","","","","","","","","","","","","","","","","","","","","","","","","","","","","","","","","","","","","","","","","","","","","","","","","","",""
"M. Grant Thesis","AISH","Wood Bison","Fecal","YUK-10-Fe","9/1/2022",2022,"Trent","","","","4%","","","","","","","","","","","","","","","","","","","","","","","","","","","","","","","","","","","","","","","","","","","","","","","","","","","","","","","","","","","","","","","","","","","","","","","","","","","","","","","89","89","","","","","","","","","","","","","","","","","","","",""
"M. Grant Thesis","AISH","Wood Bison","Fecal","YUK-1071-Fe","10/9/2022",2022,"Trent","","","","0%","","","","","","","","","","","","","","","","","","","","","","","","","","","","","","","","","","","","","","","","","","","","","","","","","","","","","","","","","","","","","","","","","","","","","","","","","","","","","","","","","","","","","","","","","","","","","","","","","","","",""
"M. Grant Thesis","AISH","Wood Bison","Fecal","YUK-1081-Fe","10/9/2022",2022,"Trent","","","","19%","","","","","","","","","","","","","","","","","","","","","","","","","","","","","","","","","","","","","","","","","","","","","","","","","","","","","","","148","148","","","","","","","","","","","","","","","","","","","85","85","","","89","89","","","","","","","","","","","","","","","","","","","",""
"M. Grant Thesis","AISH","Wood Bison","Fecal","YUK-1085-Fe","10/9/2022",2022,"Trent","","","","8%","","","","","","","","","","","","","","","","","","","","","","","","","","","","","","","","","","","","","","","","","","","","","","","","","","","","","","","","","","","","","","","","","","","","","","","","","","","89","89","","","89","89","","","","","","","","","","","","","","","","","","","",""
"M. Grant Thesis","AISH","Wood Bison","Fecal","YUK-1086-Fe","10/9/2022",2022,"Trent","","","","31%","","","","","181","181","","","","","","","","","","","","","232","232","","","","","","","","","","","","","","","","","","","","","","","","","","","","","81","81","","","","","","","","","","","","","","","","","","","","","","","","","89","89","","","87","87","","","","","","","","","","","","","","","","","","","",""
"M. Grant Thesis","AISH","Wood Bison","Fecal","YUK-1088-Fe","10/9/2022",2022,"Trent","","","","50%","","","","","179","187","253","253","","","","","","","","","","","238","238","","","","","","","","","","","","","","","","","","","","","","","","","","","","","","","","","","","","","","","","","","","","","","","","","","","","","","","89","89","165","165","89","89","","","","","","","","","","","","","","","","","","","",""
"M. Grant Thesis","AISH","Wood Bison","Fecal","YUK-1089-Fe","10/9/2022",2022,"Trent","","","","62%","","","","","187","187","253","253","","","","","","","","","","","238","240","","","158","158","","","","","","","","","","","","","","","","","","","","","","","","","","","","","","","142","148","","","","","","","","","","","","","","","110","112","","","89","89","","","89","89","","","","","","","","","","","","","","","","","","","",""
"M. Grant Thesis","AISH","Wood Bison","Fecal","YUK-1091-Fe","10/9/2022",2022,"Trent","","","","42%","","","","","179","179","","","","","","","","","","","","","","","","","","","","","","","","","","","","","","","","","","","","","","","","","","","81","81","","","","","","","","","","","","","","","","","","","","","106","106","","","85","89","","","89","89","","","","","","","","","","","","","","","","","","","",""
"M. Grant Thesis","AISH","Wood Bison","Fecal","YUK-11-Fe","9/1/2022",2022,"Trent","","","","0%","","","","","","","","","","","","","","","","","","","","","","","","","","","","","","","","","","","","","","","","","","","","","","","","","","","","","","","","","","","","","","","","","","","","","","","","","","","","","","","","","","","","","","","","","","","","","","","","","","","",""
"M. Grant Thesis","AISH","Wood Bison","Fecal","YUK-1116-Fe","10/9/2022",2022,"Trent","","","","0%","","","","","","","","","","","","","","","","","","","","","","","","","","","","","","","","","","","","","","","","","","","","","","","","","","","","","","","","","","","","","","","","","","","","","","","","","","","","","","","","","","","","","","","","","","","","","","","","","","","",""
"M. Grant Thesis","AISH","Wood Bison","Fecal","YUK-1117-Fe","10/9/2022",2022,"Trent","","","","0%","","","","","","","","","","","","","","","","","","","","","","","","","","","","","","","","","","","","","","","","","","","","","","","","","","","","","","","","","","","","","","","","","","","","","","","","","","","","","","","","","","","","","","","","","","","","","","","","","","","",""
"M. Grant Thesis","AISH","Wood Bison","Fecal","YUK-1118-Fe","10/9/2022",2022,"Trent","","","","62%","","","","","179","187","","","","","","","","","","","","","232","238","","","","","","","","","","","","","","","","","","","","","","","","","","","","","77","81","","","","","138","148","","","","","","","","","","","","","","","106","106","","","85","89","","","89","89","","","","","","","","","","","","","181","181","","","","","",""
"M. Grant Thesis","AISH","Wood Bison","Fecal","YUK-1119-Fe","10/9/2022",2022,"Trent","","","","0%","","","","","","","","","","","","","","","","","","","","","","","","","","","","","","","","","","","","","","","","","","","","","","","","","","","","","","","","","","","","","","","","","","","","","","","","","","","","","","","","","","","","","","","","","","","","","","","","","","","",""
"M. Grant Thesis","AISH","Wood Bison","Fecal","YUK-1121-Fe","10/9/2022",2022,"Trent","","","","8%","","","","","","","","","","","","","","","","","","","","","","","","","","","","","","","","","","","","","","","","","","","","","","","","","","","","","","","","","","","","","","","","","","","","","","","","","","","85","89","","","","","","","","","","","","","","","","","","","","","","","",""
"M. Grant Thesis","AISH","Wood Bison","Fecal","YUK-1122-Fe","10/9/2022",2022,"Trent","","","","4%","","","","","","","","","","","","","","","","","","","","","","","","","","","","","","","","","","","","","","","","","","","","","","","","","","","","","","","","","","","","","","","","","","","","","","","","","","","","","","","","","","","","","","","","","","","","","","","","","","","",""
"M. Grant Thesis","AISH","Wood Bison","Fecal","YUK-1123-Fe","10/9/2022",2022,"Trent","","","","0%","","","","","","","","","","","","","","","","","","","","","","","","","","","","","","","","","","","","","","","","","","","","","","","","","","","","","","","","","","","","","","","","","","","","","","","","","","","","","","","","","","","","","","","","","","","","","","","","","","","",""
"M. Grant Thesis","AISH","Wood Bison","Fecal","YUK-1125-Fe","10/9/2022",2022,"Trent","","","","35%","","","","","","","","","","","","","","","","","","","","","","","","","","","","","","","","","","","","","","","","","","","","","","","","","77","77","","","","","142","142","","","","","","","","","","","","","","","","","","","89","89","165","165","89","89","","","","","","","","","","","","","","","","","","","",""
"M. Grant Thesis","AISH","Wood Bison","Fecal","YUK-12-Fe","9/1/2022",2022,"Trent","","","","15%","","","","","187","187","","","","","","","","","","","","","","","","","","","","","","","","","","","","","","","","","","","","","","","","","","","","","","","","","142","142","","","","","","","","","","","","","","","","","","","","","","","91","91","","","","","","","","","","","","","","","","","","","",""
"M. Grant Thesis","AISH","Wood Bison","Fecal","YUK-17-Fe","9/1/2022",2022,"Trent","","","","0%","","","","","","","","","","","","","","","","","","","","","","","","","","","","","","","","","","","","","","","","","","","","","","","","","","","","","","","","","","","","","","","","","","","","","","","","","","","","","","","","","","","","","","","","","","","","","","","","","","","",""
"M. Grant Thesis","AISH","Wood Bison","Fecal","YUK-18-Fe","10/9/2022",2022,"Trent","","","","0%","","","","","","","","","","","","","","","","","","","","","","","","","","","","","","","","","","","","","","","","","","","","","","","","","","","","","","","","","","","","","","","","","","","","","","","","","","","","","","","","","","","","","","","","","","","","","","","","","","","",""
"M. Grant Thesis","AISH","Wood Bison","Fecal","YUK-19-Fe","10/9/2022",2022,"Trent","","","","27%","","","","","","","","","","","","","","","","","","","238","238","","","","","","","","","","","","","","","","","","","","","","","","","","","","","","","","","","","","","","","","","","","","","","","","","","","","","","","89","89","","","","","","","","","","","","","","","","","","","","","","","",""
"M. Grant Thesis","AISH","Wood Bison","Fecal","YUK-20-Fe","10/9/2022",2022,"Trent","","","","8%","","","","","","","","","","","","","","","","","","","","","","","","","","","","","","","","","","","","","","","","","","","","","","","","","","","","","","","","","","","","","","","","","","","","","","","","","","","89","89","","","","","","","","","","","","","","","","","","","","","","","",""
"M. Grant Thesis","AISH","Wood Bison","Fecal","YUK-21-Fe","9/1/2022",2022,"Trent","","","","23%","","","","","","","","","","","","","","","","","","","","","","","","","","","","","","","","","","","","","","","","","","","","","","","","","","","","","","","142","148","","","","","","","","","","","","","","","","","","","89","89","","","","","","","","","","","","","","","","","","","","","","","",""
"M. Grant Thesis","AISH","Wood Bison","Fecal","YUK-23-Fe","22-Sep",2022,"Trent","","","","50%","","","","","","","","","","","","","","","","","","","238","238","","","","","","","","","","","","","","","","","","","","","","","","","","","","","77","77","","","","","142","142","","","","","","","","","","","","","","","","","","","89","95","","","89","89","","","","","238","238","","","","","","","","","","","","","",""
"M. Grant Thesis","AISH","Wood Bison","Fecal","YUK-25-Fe","10/9/2022",2022,"Trent","","","","15%","","","","","","","","","","","","","","","","","","","","","","","","","","","","","","","","","","","","","","","","","","","","","","","","","","","","","","","","","","","","","","","","","","","","","","","","","","","89","89","","","","","","","","","","","","","","","","","","","","","","","",""
"M. Grant Thesis","AISH","Wood Bison","Fecal","YUK-27-Fe","10/9/2022",2022,"Trent","","","","54%","","","","","179","179","251","251","","","","","","","","","","","","","","","","","","","","","","","","","","","","","","","","","","","","","","","","","77","81","","","","","138","142","","","","","","","","","","","","","","","90","90","","","85","85","","","89","89","","","","","","","","","","","","","","","","","","","",""
"M. Grant Thesis","AISH","Wood Bison","Fecal","YUK-29-Fe","22-Sep",2022,"Trent","","","","42%","","","","","187","187","","","","","","","","","","","","","","","","","","","","","","","","","","","","","","","","","","","","","","","","","","","83","83","","","","","","","","","","","","","","","","","","","","","106","108","","","85","85","","","87","89","","","","","","","","","","","","","181","181","","","","","",""
"M. Grant Thesis","AISH","Wood Bison","Fecal","YUK-30-Fe","2/15/2022",2022,"Trent","","","","38%","","","","","179","179","","","","","","","","","","","","","","","","","","","","","","","","","","","","","","","","","","","","","","","","","","","77","83","","","","","138","138","","","","","","","","","","","","","","","","","","","89","89","","","","","","","","","","","","","","","","","181","181","","","","","",""
"2021","EINPP","Plains Bison","","1","2017",2017,"Davis","EIB523","17","EIB77_773_Parks Canada_Results","","89","91","136","140","187","187","241","241","103","103","135","135","101","89","143","143","189","189","238","238","87","87","160","160","115","115","172","180","229","231","143","145","154","156","88","88","127","140","194","200","246","250","167","175","150","158","154","156","83","83","124","126","179","181","142","142","260","262","140","140","127","131","153","153","92","95","146","146","180","184","108","108","168","176","83","89","161","165","85","89","116","118","167","167","236","240","130","134","96","96","101","103","191","191","205","215","142","164","149","149"
"2021","EINPP","Plains Bison","","2","2017",2017,"Davis","EIB524","18","EIB77_773_Parks Canada_Results","","89","91","136","136","175","185","249","253","103","103","135","135","105","89","149","149","189","189","232","250","89","91","161","161","108","113","176","180","231","233","143","143","156","160","88","88","127","150","190","194","250","254","167","173","156","158","156","158","81","83","124","124","179","185","148","150","260","262","140","146","125","127","153","155","92","95","146","146","180","198","108","110","168","170","89","89","161","161","87","91","108","116","167","167","236","240","130","130","104","92","101","95","179","191","205","211","164","164","149","153"
"2021","EINPP","Plains Bison","","3","2017",2017,"Davis","EIB525","19","EIB77_773_Parks Canada_Results","","89","91","136","138","175","179","253","271","103","103","135","147","89","91","127","149","195","195","232","238","87","91","161","161","113","115","172","172","231","231","145","145","154","160","88","90","127","148","194","202","246","254","163","167","156","164","154","156","81","81","122","124","181","181","142","142","262","262","140","146","127","129","153","155","92","92","146","154","180","198","108","110","170","172","83","85","161","161","85","89","114","118","167","167","240","240","130","130","98","98","95","95","181","191","202","215","156","168","149","153"
"2021","EINPP","Plains Bison","","4","2017",2017,"Davis","EIB526","20","EIB77_773_Parks Canada_Results","","91","91","136","138","187","187","245","253","103","103","137","147","101","97","143","149","189","195","238","252","85","87","160","160","108","115","174","174","231","233","145","145","154","158","88","88","140","140","194","200","250","250","173","175","152","156","144","144","81","83","124","124","179","181","148","148","262","262","146","150","127","129","153","155","92","92","146","146","180","180","108","108","170","170","89","89","161","161","89","91","108","116","167","167","228","236","134","134","92","98","103","99","191","191","205","205","142","164","149","149"
"2021","EINPP","Plains Bison","","5","2017",2017,"Davis","EIB527","21","EIB77_773_Parks Canada_Results","","89","91","136","136","175","187","241","271","103","105","135","135","89","93","129","143","191","195","238","254","87","87","160","170","108","113","172","178","225","229","143","143","154","158","88","90","127","127","194","200","246","250","167","175","150","158","156","158","81","85","124","124","181","181","142","148","256","260","140","146","127","131","153","155","91","95","146","154","180","180","106","108","168","168","83","89","161","161","85","89","114","116","161","167","228","240","130","130","92","92","95","95","181","191","211","215","158","162","143","149"
"2021","EINPP","Plains Bison","","6","2017",2017,"Davis","EIB528","22","EIB77_773_Parks Canada_Results","","89","91","136","136","175","175","241","249","103","103","135","135","101","89","149","149","189","189","232","238","85","91","160","161","108","108","172","180","229","231","143","143","154","156","88","90","127","150","190","194","250","254","173","175","156","158","156","156","83","85","124","124","179","183","150","150","262","262","140","140","125","125","155","155","92","92","146","150","192","198","108","110","170","170","89","89","161","173","87","91","114","116","167","167","236","240","130","130","104","98","101","95","177","191","205","211","156","164","149","149"
"2021","EINPP","Plains Bison","","7","2017",2017,"Davis","EIB529","23","EIB77_773_Parks Canada_Results","","91","91","136","136","185","185","241","241","103","105","135","135","89","91","129","149","189","195","238","250","87","87","158","161","108","115","176","178","229","231","143","143","158","158","100","88","127","140","194","194","250","250","163","177","152","158","154","156","83","83","122","124","181","183","142","150","260","260","140","140","123","125","153","155","91","95","146","150","180","198","108","108","168","176","89","89","161","161","85","91","114","118","161","167","236","236","130","134","104","92","101","95","191","191","205","211","156","168","149","149"
"2021","EINPP","Plains Bison","","8","2017",2017,"Davis","EIB530","24","EIB77_773_Parks Canada_Results","","91","91","134","136","175","175","241","271","105","105","135","141","105","93","129","149","189","191","238","254","87","87","161","170","113","115","172","178","231","231","143","143","154","158","100","90","127","150","194","194","252","254","175","175","158","158","144","158","81","83","124","124","179","183","142","142","256","262","140","150","125","127","155","159","91","92","146","146","180","180","108","108","168","176","83","89","161","161","87","87","116","118","161","167","238","240","118","130","92","98","101","101","181","191","201","211","158","168","149","149"
"2021","EINPP","Plains Bison","","9","2017",2017,"Davis","EIB531","25","EIB77_773_Parks Canada_Results","","89","89","136","136","187","187","241","245","103","105","135","135","89","97","129","143","189","191","238","238","87","87","160","160","115","115","172","180","225","231","143","147","154","156","88","90","127","148","194","200","246","250","163","175","158","158","154","156","83","83","124","124","181","181","142","148","260","260","140","146","127","131","153","159","92","92","146","146","180","180","106","108","168","176","89","95","161","161","85","91","108","118","161","167","236","240","130","134","104","92","103","95","191","191","205","211","156","158","143","149"
"2021","EINPP","Plains Bison","","10","2017",2017,"Davis","EIB532","26","EIB77_773_Parks Canada_Results","","89","93","136","138","181","185","241","271","103","105","135","135","101","97","127","143","191","195","232","238","85","87","143","160","113","115","172","178","229","233","143","147","154","154","88","88","127","140","194","200","246","250","173","175","142","162","144","156","83","83","124","124","181","181","142","148","260","262","146","146","131","131","155","159","91","92","146","146","192","198","108","108","168","168","83","83","161","173","87","91","114","116","161","161","236","240","118","130","98","98","95","99","181","191","205","211","162","164","145","151"
"2021","EINPP","Plains Bison","","414",NA,2015,"Davis","EIB517","113","EIB77_773_Parks Canada_Results","","89","91","140","140","175","187","253","271","103","104","135","135","93","93","143","149","191","195","232","238","89","91","160","160","108","113","172","178","229","231","145","147","154","158","102","90","127","150","194","202","250","254","167","175","156","158","156","160","83","83","122","122","179","181","138","142","262","262","146","150","127","127","153","155","91","91","146","150","198","198","106","108","168","168","83","89","165","173","85","89","114","116","161","167","228","228","130","134","104","96","101","99","191","191","201","205","156","170","149","149"
"2021","EINPP","Plains Bison","","417",NA,2015,"Davis","EIB514","110","EIB77_773_Parks Canada_Results","","89","91","136","136","175","187","241","245","103","107","135","147","105","89","143","149","189","189","250","254","85","87","160","161","113","115","172","172","229","231","143","143","160","160","100","88","148","148","194","202","244","246","165","175","164","164","156","156","81","83","122","124","181","181","138","148","256","260","146","146","127","127","155","157","92","92","148","154","192","198","106","110","168","168","85","89","161","161","85","89","114","116","161","167","240","240","118","130","96","96","95","99","177","191","205","207","156","156","143","149"
"2021","EINPP","Plains Bison","","418",NA,2015,"Davis","EIB508","106","EIB77_773_Parks Canada_Results","","89","89","136","140","187","191","241","241","103","103","135","141","89","93","129","143","195","195","238","250","87","91","158","161","108","113","172","178","229","231","145","145","154","156","100","90","127","150","194","200","250","250","165","175","156","164","154","156","83","83","122","122","179","181","138","150","262","262","140","146","127","127","153","155","94","95","146","146","180","198","108","112","168","168","83","83","161","161","85","87","114","116","161","161","228","236","130","130","104","104","101","101","191","191","205","205","142","144","149","151"
"2021","EINPP","Plains Bison","","419",NA,2015,"Davis","EIB515","111","EIB77_773_Parks Canada_Results","","91","91","136","142","175","187","241","245","103","103","135","135","105","105","143","143","191","191","238","238","87","91","143","160","113","115","172","172","229","231","143","145","154","156","100","88","127","140","194","194","246","254","165","177","150","158","156","158","83","83","124","124","181","185","142","142","262","262","146","150","123","129","159","159","91","92","146","146","190","192","106","108","170","186","89","89","161","165","87","89","108","108","161","167","236","240","130","130","92","98","95","99","191","191","207","211","142","158","149","153"
"2021","EINPP","Plains Bison","","422",NA,2015,"Davis","EIB502","102","EIB77_773_Parks Canada_Results","","91","91","134","136","175","187","241","271","103","103","135","135","101","97","143","143","189","195","238","238","85","91","160","161","108","113","172","172","231","231","147","147","154","158","88","88","127","140","194","200","250","254","163","173","150","158","144","156","83","83","124","124","183","185","142","142","262","262","140","140","129","131","155","155","92","92","146","148","180","184","108","108","168","172","89","89","161","161","87","89","118","118","161","167","240","240","130","130","92","96","95","95","177","177","211","211","158","164","149","149"
"2021","EINPP","Plains Bison","","423",NA,2015,"Davis","EIB493","96","EIB77_773_Parks Canada_Results","","89","91","136","136","185","187","241","253","103","103","141","141","93","97","149","149","189","189","232","238","87","87","160","160","113","115","172","180","229","231","145","145","154","158","100","100","127","148","194","200","250","250","163","175","158","164","156","156","81","83","122","122","181","185","142","148","262","262","146","150","127","131","153","155","95","95","146","148","180","184","106","108","172","174","89","89","173","173","85","91","114","118","161","161","228","238","130","134","98","98","101","95","177","179","205","207","142","164","149","149"
"2021","EINPP","Plains Bison","","427",NA,2015,"Davis","EIB496","98","EIB77_773_Parks Canada_Results","","91","91","136","136","175","179","241","249","103","103","135","141","105","89","143","149","189","191","232","238","87","91","160","160","108","115","174","180","229","231","143","143","154","158","100","88","127","150","194","200","246","254","175","175","156","158","154","156","81","83","122","124","179","181","148","148","262","262","146","148","125","127","155","155","91","92","146","150","180","198","106","108","170","170","89","89","161","165","85","87","118","118","161","167","238","240","130","134","104","96","101","95","191","191","205","211","168","168","149","151"
"2021","EINPP","Plains Bison","","430",NA,2015,"Davis","EIB509","107","EIB77_773_Parks Canada_Results","","89","89","136","136","175","175","241","249","103","105","135","135","89","91","129","149","189","195","232","238","87","87","160","160","115","115","174","180","229","231","143","143","158","160","90","90","127","150","194","194","250","254","175","175","150","158","154","158","81","85","122","124","179","183","148","150","262","262","140","146","125","127","155","157","91","92","146","150","184","192","106","108","168","168","89","89","161","173","89","89","114","118","161","161","228","236","130","132","104","98","101","99","181","181","205","211","142","158","149","149"
"2021","EINPP","Plains Bison","","434",NA,2015,"Davis","EIB490","93","EIB77_773_Parks Canada_Results","","91","91","136","138","179","187","241","241","103","107","135","137","105","89","127","143","191","195","238","238","87","87","160","161","108","108","172","174","225","229","143","143","156","158","100","88","127","150","200","200","250","250","173","177","158","158","156","156","81","83","122","122","183","185","148","150","262","262","146","146","123","127","157","159","92","92","146","150","198","198","108","110","172","186","83","89","161","165","87","91","114","118","161","167","238","240","130","134","104","98","101","97","179","191","201","205","142","156","149","149"
"2021","EINPP","Plains Bison","","435",NA,2015,"Davis","EIB494","97","EIB77_773_Parks Canada_Results","","89","91","136","140","185","187","247","271","103","103","135","147","89","93","143","149","189","191","238","250","87","89","160","160","108","115","176","178","229","229","143","143","154","156","88","90","127","140","194","200","250","250","163","177","162","162","144","156","81","83","122","124","179","183","138","148","262","262","140","148","129","129","155","155","91","95","146","146","192","198","106","108","170","172","83","89","173","173","85","87","118","118","161","167","228","236","130","134","104","98","101","99","191","191","205","205","158","168","149","153"
"2021","EINPP","Plains Bison","","437",NA,2015,"Davis","EIB482","88","EIB77_773_Parks Canada_Results","","89","91","136","138","179","187","247","271","103","103","135","135","89","97","143","149","191","191","238","252","87","91","160","161","113","113","172","172","229","231","143","143","154","154","88","90","127","148","194","202","246","254","167","175","158","162","154","154","83","83","122","122","179","183","142","148","260","262","140","146","127","127","155","157","92","95","150","150","180","198","108","110","170","170","89","89","161","161","87","89","114","114","161","167","228","238","118","130","92","98","95","95","179","191","201","205","164","168","149","149"
"2021","EINPP","Plains Bison","","438",NA,2015,"Davis","EIB503","103","EIB77_773_Parks Canada_Results","","89","89","138","142","185","187","241","245","103","103","135","141","105","97","143","149","189","189","238","250","85","87","160","160","113","115","172","180","231","231","143","143","160","160","88","90","150","150","194","194","246","246","167","175","150","158","154","156","83","83","122","122","179","183","138","148","260","262","146","146","125","129","155","159","94","95","148","150","192","198","108","110","168","168","83","85","161","165","87","91","116","118","161","161","240","240","130","134","96","98","99","99","179","181","207","215","142","162","149","149"
"2021","EINPP","Plains Bison","","439",NA,2015,"Davis","EIB497","99","EIB77_773_Parks Canada_Results","","91","91","136","138","185","187","241","241","105","105","135","135","89","97","129","143","191","195","232","238","87","87","160","170","108","115","172","172","231","231","143","143","156","158","88","88","148","148","194","200","250","250","167","177","158","162","154","156","81","83","124","124","179","183","138","142","262","262","146","148","125","127","153","155","95","95","146","146","180","180","106","112","170","170","83","89","161","161","89","91","114","118","161","167","236","240","130","134","92","98","101","95","181","191","202","211","158","164","149","151"
"2021","EINPP","Plains Bison","","440",NA,2015,"Davis","EIB484","89","EIB77_773_Parks Canada_Results","","91","91","136","138","185","187","241","253","103","105","135","135","89","89","129","143","195","195","232","238","87","87","160","161","108","115","172","178","229","231","143","143","154","158","88","90","140","148","194","198","244","250","163","167","158","162","144","154","81","83","124","124","179","181","142","150","260","262","140","148","123","125","153","155","91","95","146","146","180","192","112","112","170","172","83","89","161","161","91","91","108","114","167","167","240","240","130","130","96","98","101","95","181","181","202","211","158","166","149","149"
"2021","EINPP","Plains Bison","","441",NA,2015,"Davis","EIB491","94","EIB77_773_Parks Canada_Results","","91","91","134","136","187","187","241","253","103","105","137","137","105","93","143","149","191","191","238","238","87","91","160","160","108","115","174","180","229","229","143","143","158","158","102","88","127","127","194","194","250","254","173","173","142","156","144","156","81","83","122","124","179","185","142","150","260","262","146","150","125","127","153","157","92","92","146","150","192","198","106","110","168","172","89","89","165","165","87","91","108","114","161","167","238","240","130","130","104","92","95","95","191","191","202","211","142","158","151","151"
"2021","EINPP","Plains Bison","","442",NA,2015,"Davis","EIB485","90","EIB77_773_Parks Canada_Results","","91","91","136","136","181","187","241","253","103","103","135","137","105","91","143","149","191","195","232","238","87","91","160","161","113","115","172","172","229","233","143","143","154","158","100","90","140","140","194","194","250","250","167","175","142","156","144","158","83","83","122","124","179","179","142","142","262","262","140","150","125","125","153","155","91","95","146","146","180","192","108","108","168","168","83","89","165","173","87","91","108","114","161","167","228","236","130","130","92","92","101","95","191","191","202","205","144","156","145","151"
"2021","EINPP","Plains Bison","","444",NA,2015,"Davis","EIB519","114","EIB77_773_Parks Canada_Results","","89","91","134","136","185","185","241","249","103","103","135","135","101","89","149","149","189","191","238","250","87","89","158","160","113","115","172","178","229","231","143","143","154","156","88","90","127","127","190","194","250","254","165","175","142","158","154","160","83","83","122","124","165","179","138","148","262","262","140","140","125","127","155","159","92","95","146","150","180","180","106","110","172","176","83","89","159","173","87","89","114","114","161","167","236","240","130","130","98","98","95","95","181","191","211","211","162","164","143","149"
"2021","EINPP","Plains Bison","","445",NA,2015,"Davis","EIB513","109","EIB77_773_Parks Canada_Results","","91","91","134","138","181","191","253","269","103","105","135","137","89","97","129","129","191","191","238","238","87","87","143","160","108","113","174","178","229","229","143","143","158","158","100","88","127","150","194","194","246","250","163","167","158","158","144","156","81","83","122","122","185","185","142","142","256","262","140","146","127","127","153","155","91","94","146","150","192","198","108","110","168","168","89","91","161","165","89","89","114","114","161","167","236","240","130","134","92","92","95","99","191","191","211","211","142","158","149","151"
"2021","EINPP","Plains Bison","","446",NA,2015,"Davis","EIB479","86","EIB77_773_Parks Canada_Results","","89","91","136","136","187","187","241","241","103","103","135","147","89","91","127","143","191","191","238","238","87","87","160","161","113","115","172","180","229","231","143","143","156","158","88","90","127","127","194","200","250","250","163","175","150","152","154","158","83","83","124","124","179","179","148","148","256","262","150","150","129","131","159","159","92","95","146","146","180","184","108","108","168","176","89","95","161","165","87","89","118","118","161","167","236","236","130","130","92","92","103","95","177","191","205","211","156","168","149","149"
"2021","EINPP","Plains Bison","","447",NA,2015,"Davis","EIB522","116","EIB77_773_Parks Canada_Results","","91","91","134","138","187","187","241","245","103","105","135","137","101","105","149","149","191","195","232","238","91","91","160","160","108","115","172","174","229","231","143","143","158","158","88","88","127","140","194","194","246","254","173","175","142","150","144","156","81","81","122","124","179","179","142","148","256","260","146","146","125","127","153","155","91","92","150","150","198","198","106","106","172","174","89","89","161","165","85","87","108","116","161","167","228","240","130","130","104","92","95","95","181","191","211","215","156","158","149","151"
"2021","EINPP","Plains Bison","","448",NA,2015,"Davis","EIB516","112","EIB77_773_Parks Canada_Results","","91","93","134","136","175","187","241","271","103","105","135","147","93","97","129","149","189","191","238","254","85","91","160","161","113","113","172","172","229","231","147","147","154","154","102","90","127","142","190","194","250","254","173","175","152","158","154","156","83","83","124","124","179","185","138","142","262","262","140","140","129","131","155","155","92","95","146","150","180","190","108","112","170","172","83","89","161","173","89","89","114","118","161","167","228","240","130","134","104","92","101","95","191","191","205","211","164","168","149","149"
"2021","EINPP","Plains Bison","","449",NA,2015,"Davis","EIB507","105","EIB77_773_Parks Canada_Results","","89","89","138","140","181","187","247","271","103","103","135","135","101","97","129","143","189","191","238","252","87","91","154","160","115","115","176","180","229","229","143","147","154","158","88","90","140","150","194","194","246","250","175","175","158","162","144","154","81","83","124","124","179","183","142","142","260","262","140","150","127","129","155","157","91","95","146","146","192","198","108","108","168","172","83","89","161","165","87","87","112","118","161","161","228","240","130","130","92","98","101","99","179","191","205","211","142","164","145","149"
"2021","EINPP","Plains Bison","","450",NA,2015,"Davis","EIB510","108","EIB77_773_Parks Canada_Results","","89","91","134","136","187","191","249","253","103","107","135","135","97","97","143","149","195","195","238","238","87","87","161","161","108","108","172","180","229","233","143","145","154","158","90","90","140","140","200","202","250","250","163","163","158","162","144","158","83","83","120","124","165","185","138","142","262","262","140","146","125","129","155","159","92","92","146","150","180","192","106","108","170","170","83","89","161","173","87","87","114","116","165","167","228","240","130","130","92","96","95","99","181","191","211","211","142","168","149","149"
"2021","EINPP","Plains Bison","","451",NA,2015,"Davis","EIB504","104","EIB77_773_Parks Canada_Results","","89","91","134","138","175","181","241","249","103","104","135","147","101","93","129","143","189","195","232","238","85","87","158","160","113","115","172","178","231","231","143","143","158","158","90","90","140","140","194","194","252","254","167","175","142","150","154","160","81","83","122","124","179","179","150","150","262","262","146","146","123","127","159","159","92","92","146","150","180","184","106","112","168","172","83","89","161","161","85","89","114","118","161","165","228","238","130","134","104","98","101","99","191","191","205","215","156","160","149","149"
"2021","EINPP","Plains Bison","","452",NA,2015,"Davis","EIB498","100","EIB77_773_Parks Canada_Results","","91","91","136","142","187","187","241","241","103","103","135","147","89","89","143","149","191","195","250","250","87","87","143","170","115","115","174","180","229","231","143","143","154","154","88","88","127","150","190","202","246","254","175","175","150","164","154","156","81","83","124","124","179","183","148","148","262","262","140","146","127","129","153","159","91","94","150","154","180","192","110","112","168","170","89","89","161","161","85","91","114","118","167","167","238","240","130","130","104","96","99","99","177","191","207","211","156","158","149","149"
"2021","EINPP","Plains Bison","","453",NA,2015,"Davis","EIB501","101","EIB77_773_Parks Canada_Results","","91","91","136","138","175","187","245","271","103","103","135","135","89","97","149","149","191","195","238","238","87","91","160","161","113","115","174","180","229","231","143","143","154","158","88","90","127","140","194","194","250","254","173","173","156","158","144","156","83","83","122","122","179","183","142","142","260","262","140","148","125","127","155","159","91","92","146","146","180","180","108","108","168","172","83","89","165","165","85","91","108","118","161","161","228","228","130","134","98","98","99","99","181","191","202","211","142","142","145","153"
"2021","EINPP","Plains Bison","","454",NA,2015,"Davis","EIB492","95","EIB77_773_Parks Canada_Results","","91","91","136","138","187","187","241","245","103","103","135","135","89","91","129","129","191","195","238","250","87","87","143","161","115","115","172","178","229","231","145","147","156","158","90","90","140","148","194","194","250","250","173","175","150","158","154","156","83","83","122","124","181","185","142","148","262","262","146","150","127","131","155","159","92","92","146","146","184","192","106","108","176","176","89","95","161","161","85","91","118","118","161","167","228","240","130","134","96","98","99","99","191","191","202","211","164","164","149","149"
"2021","EINPP","Plains Bison","","455",NA,2015,"Davis","EIB486","91","EIB77_773_Parks Canada_Results","","89","89","136","136","181","187","241","241","103","103","135","135","89","93","143","149","189","191","238","238","87","91","160","161","108","113","172","178","229","229","143","143","156","160","100","90","140","148","200","202","246","250","165","173","158","162","156","158","83","83","120","124","165","183","138","142","260","262","140","146","125","129","155","155","95","95","146","146","192","192","108","108","168","172","89","89","161","165","85","87","108","118","167","167","228","240","130","130","104","98","101","99","181","191","205","215","162","168","149","149"
"2021","EINPP","Plains Bison","","456",NA,2015,"Davis","EIB480","87","EIB77_773_Parks Canada_Results","","89","91","134","136","175","187","247","249","103","104","135","147","89","93","129","129","189","195","232","238","87","91","158","161","115","115","172","174","225","231","143","143","154","158","88","90","127","140","194","202","246","254","175","175","150","156","156","160","81","83","122","124","179","183","138","150","262","262","140","150","127","127","155","155","92","92","146","150","180","184","106","108","168","170","83","89","161","173","85","87","116","116","161","165","240","240","130","134","104","96","95","99","191","191","202","207","156","168","149","153"
"2021","EINPP","Plains Bison","","461",NA,2015,"Davis","EIB489","92","EIB77_773_Parks Canada_Results","","91","91","136","136","175","175","241","241","103","105","141","147","105","89","143","143","189","191","238","238","87","87","143","160","108","108","172","176","229","229","143","145","156","160","90","90","127","127","190","194","252","254","163","175","158","158","154","156","81","83","122","126","183","183","142","150","260","262","140","140","125","131","153","155","92","92","146","148","180","184","106","108","168","172","83","89","161","161","87","89","116","118","161","165","236","240","130","130","92","98","95","99","191","191","211","215","142","164","149","151"
"2021","EINPP","Plains Bison","","465",NA,2015,"Davis","EIB478","85","EIB77_773_Parks Canada_Results","","91","91","136","136","175","175","241","271","103","105","135","135","105","89","129","143","195","195","238","238","85","87","143","161","113","115","172","180","231","231","143","143","154","156","100","88","127","140","194","194","250","254","173","175","158","162","154","156","81","81","122","124","165","179","142","148","260","262","140","146","125","127","153","155","91","92","146","146","180","198","106","108","168","170","89","89","161","161","87","89","114","116","161","165","240","240","118","130","104","92","99","99","179","191","205","205","168","170","149","149"
"2021","EINPP","Plains Bison","","478",NA,2015,"Davis","EIB521","115","EIB77_773_Parks Canada_Results","","89","91","136","138","179","187","253","271","103","105","135","147","89","91","143","143","191","191","238","252","87","87","158","161","108","108","172","172","231","231","143","143","156","158","100","90","127","148","194","200","250","254","175","175","150","158","144","154","81","83","124","124","179","183","142","150","262","262","146","146","131","131","153","153","95","95","150","154","180","190","108","108","168","170","89","89","161","165","87","89","114","116","167","167","238","240","130","130","98","98","95","97","191","191","211","215","162","168","149","151"
"2021","EINPP","Plains Bison","","85029",NA,1985,"Davis","EIB213","55","EIB77_773_Parks Canada_Results","","89","91","136","138","181","187","241","241","103","105","135","135","93","99","129","143","191","195","238","238","87","91","154","160","113","115","172","178","231","233","143","143","156","160","90","90","140","150","194","200","250","250","163","167","150","158","144","144","83","85","124","124","165","183","150","150","260","262","140","146","125","127","155","155","92","95","146","150","180","180","108","108","186","186","85","89","161","161","87","87","108","112","161","167","228","228","130","134","92","98","97","99","181","191","211","211","162","164","149","149"
"2021","EINPP","Plains Bison","","86063",NA,1986,"Davis","EIB214","56","EIB77_773_Parks Canada_Results","","89","93","136","138","185","187","241","249","103","105","135","135","89","93","129","149","189","195","232","238","89","91","160","160","113","115","172","180","231","231","143","143","156","160","100","90","127","140","194","200","254","254","163","175","152","162","144","144","83","85","122","124","179","181","142","148","260","262","140","146","125","127","155","155","92","92","146","146","180","198","106","108","168","170","89","89","161","165","85","87","114","118","161","161","228","240","130","134","92","92","101","101","181","191","211","211","142","162","149","149"
"2021","EINPP","Plains Bison","","2v68758",NA,1990,"Davis","EIB215","57","EIB77_773_Parks Canada_Results","","91","91","136","138","179","185","245","271","103","103","135","147","89","93","129","143","191","195","232","238","89","91","160","160","113","115","172","176","229","229","143","147","154","154","88","90","127","127","194","202","244","246","173","175","150","158","154","158","83","83","124","124","181","183","142","142","260","262","146","146","127","127","155","157","92","95","150","150","180","190","108","108","168","168","83","83","161","173","87","91","114","116","161","167","228","240","130","130","92","92","95","99","177","191","205","211","158","170","149","149"
"2021","EINPP","Plains Bison","","2v68760",NA,1990,"Davis","EIB216","58","EIB77_773_Parks Canada_Results","","91","91","136","136","187","187","241","271","103","105","135","137","101","97","129","143","191","195","238","250","87","91","161","170","115","115","172","178","229","233","143","143","154","154","90","90","127","127","194","194","252","254","167","173","150","158","144","154","83","83","124","124","181","183","148","150","256","260","140","150","127","131","153","159","92","95","150","150","180","184","108","108","170","172","83","83","161","173","85","89","114","114","161","167","240","240","130","130","92","96","101","95","191","191","211","211","158","168","145","149"
"2021","EINPP","Plains Bison","","2v68761",NA,1990,"Davis","EIB217","59","EIB77_773_Parks Canada_Results","","89","89","140","140","187","187","241","249","103","103","135","135","93","97","129","143","189","195","238","238","87","87","161","170","108","115","172","172","229","231","143","143","154","158","88","90","127","127","200","200","246","250","165","165","152","158","156","156","81","83","122","122","179","181","138","142","262","262","140","150","127","127","153","153","91","95","154","154","184","198","110","110","168","174","83","89","165","165","87","87","116","118","161","161","228","236","130","134","92","98","95","95","191","191","205","205","168","170","149","151"
"2021","EINPP","Plains Bison","","2v68767",NA,1990,"Davis","EIB218","60","EIB77_773_Parks Canada_Results","","91","91","136","136","175","187","241","241","103","104","135","135","89","93","129","129","189","189","238","238","87","87","158","160","115","115","172","176","229","229","143","143","154","158","100","90","127","140","200","200","246","250","163","173","142","158","156","156","81","81","122","122","165","181","142","148","256","260","140","146","129","131","155","155","91","92","146","154","198","198","106","110","172","186","83","89","161","161","91","91","116","118","167","167","240","240","130","130","92","92","101","99","191","191","205","207","156","164","149","149"
"2021","EINPP","Plains Bison","","2v68771",NA,1990,"Davis","EIB219","61","EIB77_773_Parks Canada_Results","","91","91","136","136","179","185","241","241","103","105","135","135","93","97","149","149","189","195","238","250","85","91","160","160","108","108","172","172","225","231","143","145","158","158","88","90","127","127","194","200","250","254","159","177","158","162","144","144","85","85","122","124","179","181","148","148","260","262","140","146","123","131","155","155","92","94","146","150","192","198","110","110","170","170","83","83","161","161","87","91","108","108","161","161","228","236","130","134","104","98","95","99","177","191","201","211","158","168","149","149"
"2021","EINPP","Plains Bison","","7V88809","1990",1990,"Davis","EIB220","62","EIB77_773_Parks Canada_Results","","89","91","136","138","187","187","271","271","103","104","135","137","93","97","129","149","189","191","238","238","85","91","170","170","115","115","172","172","229","231","143","143","158","158","90","90","148","150","194","200","250","254","167","173","150","158","158","158","81","83","122","124","179","181","142","150","256","260","146","150","127","131","155","157","95","95","146","150","192","198","108","112","168","168","83","83","161","173","89","91","108","114","161","167","228","240","134","134","96","98","101","95","191","191","205","211","164","168","149","151"
"2021","EINPP","Plains Bison","","P2V68754",NA,1990,"Davis","EIB221","63","EIB77_773_Parks Canada_Results","","91","91","136","136","179","185","249","271","103","103","135","135","101","93","129","149","189","195","238","250","87","87","158","158","108","115","172","178","231","231","143","143","154","158","100","88","150","150","200","200","244","254","173","175","142","142","144","158","83","85","122","124","183","183","142","148","256","262","140","148","127","129","153","155","92","95","146","150","180","192","106","108","168","170","83","89","161","173","87","89","108","114","161","167","228","240","118","130","92","98","101","95","191","191","201","211","158","168","149","149"
"2021","EINPP","Plains Bison","","P2V68759",NA,1990,"Davis","EIB222","64","EIB77_773_Parks Canada_Results","","91","91","136","136","185","187","241","271","103","103","135","137","89","97","143","149","189","195","238","238","87","87","160","160","115","115","172","178","225","229","143","143","154","160","88","88","140","140","194","200","250","254","173","175","152","162","154","156","81","83","122","124","179","183","142","148","256","260","146","146","127","131","153","155","92","92","146","146","192","198","108","108","168","172","89","89","161","165","91","91","114","114","165","167","228","238","130","134","96","98","95","99","181","191","211","211","158","168","149","149"
"2021","EINPP","Plains Bison","","P2V68763",NA,1990,"Davis","EIB223","65","EIB77_773_Parks Canada_Results","","89","91","134","140","175","175","241","269","105","105","135","135","101","101","129","149","191","195","250","250","87","87","160","161","113","115","178","178","229","233","143","145","154","154","100","88","127","148","194","200","246","250","165","167","158","162","144","144","81","83","122","124","165","165","142","150","260","262","150","150","127","129","155","155","92","95","148","150","180","192","108","110","172","172","83","83","161","165","87","87","116","118","161","165","240","240","130","130","92","98","103","95","191","191","205","211","142","158","149","149"
"2021","EINPP","Plains Bison","","P2V68765",NA,1990,"Davis","EIB224","66","EIB77_773_Parks Canada_Results","","91","91","134","138","187","187","241","241","103","103","135","147","91","93","129","149","195","195","238","238","87","91","160","161","108","115","172","172","229","231","143","143","156","158","100","88","127","127","194","194","254","254","163","175","158","162","154","156","83","83","122","124","179","181","148","148","256","260","140","140","129","129","155","157","92","94","146","150","198","198","108","110","170","186","83","89","161","173","87","91","108","118","161","167","236","238","130","130","92","98","101","99","191","191","207","207","142","168","149","149"
"2021","EINPP","Plains Bison","","P2V68766",NA,1990,"Davis","EIB225","67","EIB77_773_Parks Canada_Results","","91","93","136","136","179","187","241","271","103","103","135","147","91","93","129","129","189","195","250","252","87","91","143","170","108","115","180","180","229","231","143","143","154","160","90","90","127","150","194","194","244","254","175","175","150","152","154","156","83","83","122","124","181","185","142","142","262","262","140","140","127","131","155","159","95","95","148","150","180","184","108","108","170","170","89","89","165","173","87","91","108","116","161","167","236","240","130","134","104","98","95","95","191","191","205","205","168","170","145","145"
"2021","EINPP","Plains Bison","","P2V68770",NA,1990,"Davis","EIB226","68","EIB77_773_Parks Canada_Results","","89","89","138","142","181","187","241","241","103","103","135","147","89","93","127","143","191","195","238","252","87","91","161","161","115","115","172","172","233","233","143","147","154","158","102","88","140","150","194","194","250","254","175","175","150","164","154","160","83","83","122","124","183","183","138","142","256","262","140","150","127","129","153","159","91","95","146","148","180","184","108","108","168","170","89","89","161","173","85","87","116","116","161","161","240","240","130","130","96","96","103","99","179","191","211","211","142","142","145","151"
"2021","EINPP","Plains Bison","","P2V68772",NA,1990,"Davis","EIB227","69","EIB77_773_Parks Canada_Results","","89","91","138","142","175","185","241","245","105","105","141","147","101","105","143","149","189","191","238","238","87","91","160","160","113","115","172","172","231","231","143","145","154","156","88","90","150","150","194","194","244","254","173","173","158","158","144","156","81","83","120","124","179","181","142","148","262","262","146","150","125","129","155","155","91","92","146","146","198","198","108","108","170","174","89","91","161","165","89","91","116","116","161","167","228","228","130","134","92","92","101","95","191","191","201","202","158","168","149","149"
"2021","EINPP","Plains Bison","","P81037","1990",1990,"Davis","EIB228","70","EIB77_773_Parks Canada_Results","","91","91","136","138","175","187","241","271","103","103","135","135","105","97","143","143","189","191","238","238","87","91","161","170","113","115","172","172","229","231","143","143","156","156","90","90","127","150","194","200","246","250","165","165","148","162","156","160","81","83","124","124","183","185","148","150","262","262","140","140","129","131","153","155","92","95","150","150","190","198","108","110","168","172","83","91","161","173","87","89","114","118","167","167","228","240","130","134","92","92","95","99","181","181","205","215","158","168","149","149"
"2021","EINPP","Plains Bison","","P84013","1990",1990,"Davis","EIB229","71","EIB77_773_Parks Canada_Results","","91","91","136","136","185","187","241","245","103","105","135","141","91","93","143","143","191","195","238","238","87","89","160","160","108","115","172","172","229","229","143","147","156","158","100","88","140","140","194","194","250","252","163","173","150","158","144","144","81","83","124","124","179","183","142","150","260","262","140","140","127","129","155","155","91","95","146","148","184","192","106","110","170","170","89","89","161","165","87","89","112","118","167","167","228","238","130","134","104","92","101","99","181","191","201","202","156","170","149","149"
"2021","EINPP","Plains Bison","","P84015","1990",1990,"Davis","EIB230","72","EIB77_773_Parks Canada_Results","","91","91","136","136","181","185","241","245","103","105","135","135","93","97","129","149","189","191","238","250","87","87","160","160","108","115","172","174","231","231","143","145","154","160","100","90","140","148","190","202","252","254","165","175","150","162","154","156","83","83","122","124","179","179","142","148","260","262","140","140","127","127","155","155","92","95","146","146","180","198","108","108","170","172","89","95","161","173","91","91","114","118","161","167","236","238","130","130","92","98","95","95","181","181","205","211","158","168","145","149"
"2021","EINPP","Plains Bison","","P84030",NA,1984,"Davis","EIB231","73","EIB77_773_Parks Canada_Results","","89","91","134","138","187","187","241","253","103","103","135","135","105","93","129","149","195","195","238","238","87","87","143","161","113","115","172","180","225","231","143","143","154","154","100","90","127","150","194","200","250","252","173","177","158","158","144","144","81","83","122","124","183","183","142","148","256","262","140","150","123","131","155","155","92","92","146","150","180","180","108","108","168","174","83","89","161","161","87","91","108","108","161","161","228","240","130","134","104","92","95","95","181","181","205","207","158","170","149","151"
"2021","EINPP","Plains Bison","","P84063","1990",1990,"Davis","EIB233","74","EIB77_773_Parks Canada_Results","","89","91","136","136","179","185","269","271","103","105","135","141","93","93","129","129","195","195","238","252","87","91","160","160","115","115","174","174","231","233","143","143","154","154","88","88","127","140","194","194","244","250","175","175","150","156","156","156","81","83","124","124","179","185","142","150","256","262","140","150","127","131","155","155","91","91","148","148","180","180","108","112","168","170","89","89","173","173","89","89","114","118","161","167","238","240","130","130","92","98","95","95","181","191","205","211","156","160","149","151"
"2021","EINPP","Plains Bison","","P85027","1990",1990,"Davis","EIB234","75","EIB77_773_Parks Canada_Results","","89","91","136","138","179","187","241","271","103","105","135","135","91","93","129","143","189","195","238","238","87","91","161","170","113","113","172","172","229","231","143","143","156","158","88","90","127","148","194","200","250","254","159","173","158","162","144","156","81","83","124","124","165","183","138","148","262","262","140","150","129","131","153","157","92","95","146","146","190","198","108","110","168","168","89","89","161","165","85","87","114","116","161","167","228","240","118","134","92","98","101","95","179","191","205","205","162","168","149","149"
"2021","EINPP","Plains Bison","","P85028","1990",1990,"Davis","EIB235","76","EIB77_773_Parks Canada_Results","","89","91","136","136","181","185","241","245","103","103","135","135","101","91","127","143","189","191","250","250","91","91","160","160","108","115","172","172","229","231","143","147","158","158","100","102","140","142","194","194","246","254","165","173","152","158","154","158","83","83","124","124","179","185","142","142","262","262","140","140","123","127","155","159","92","92","146","146","180","198","106","108","168","168","83","89","161","161","89","91","108","114","161","167","228","228","130","134","96","98","95","99","181","191","205","205","168","168","149","149"
"2021","EINPP","Plains Bison","","P85030",NA,1985,"Davis","EIB236","77","EIB77_773_Parks Canada_Results","","89","89","136","138","175","175","245","271","103","103","135","147","93","93","143","149","189","195","238","252","91","91","160","160","108","113","172","172","225","231","143","147","158","158","100","102","140","150","194","202","250","250","165","165","158","162","160","160","81","85","124","124","179","183","138","150","256","260","140","146","127","129","153","159","92","95","146","150","184","198","108","108","168","170","85","89","161","165","87","89","116","118","167","167","228","240","118","130","96","96","101","103","181","191","205","211","168","168","143","149"
"2021","EINPP","Plains Bison","","P85032","1990",1990,"Davis","EIB237","78","EIB77_773_Parks Canada_Results","","89","89","136","138","179","187","253","253","103","103","135","141","89","99","129","149","195","195","232","238","89","91","143","160","113","113","178","178","229","231","143","143","154","154","88","90","127","127","194","200","246","246","163","175","158","158","144","154","81","83","122","124","183","185","142","142","262","262","146","146","123","127","155","155","92","95","146","150","180","192","108","112","170","186","89","89","161","161","87","89","108","116","161","167","240","240","130","134","92","92","95","99","181","193","205","211","142","142","145","149"
"2021","EINPP","Plains Bison","","P85033",NA,1985,"Davis","EIB238","79","EIB77_773_Parks Canada_Results","","89","91","134","136","175","185","241","253","103","103","135","147","105","93","143","149","189","189","238","238","91","91","160","170","113","115","172","180","229","231","143","143","154","158","88","90","127","150","194","194","250","250","173","173","158","158","156","156","81","83","122","124","165","185","142","148","262","262","146","146","125","131","155","155","92","95","146","146","180","198","108","108","168","186","83","89","165","173","87","89","114","118","167","167","224","240","118","130","92","98","99","99","179","191","207","211","158","168","149","149"
"2021","EINPP","Plains Bison","","P85034","1990",1990,"Davis","EIB239","80","EIB77_773_Parks Canada_Results","","89","91","136","138","179","187","241","253","103","103","135","135","89","89","143","143","191","195","232","254","87","91","160","160","108","113","172","180","231","233","143","145","156","158","102","90","140","150","194","194","246","250","163","167","150","162","156","160","83","83","122","124","181","183","148","150","260","260","140","140","125","127","155","157","92","94","146","148","192","198","108","108","170","186","83","89","161","161","87","89","116","118","161","167","228","240","130","130","96","98","101","97","191","191","211","211","164","164","145","149"
"2021","EINPP","Plains Bison","","P86057","1990",1990,"Davis","EIB240","81","EIB77_773_Parks Canada_Results","","89","91","136","136","175","185","241","253","103","103","137","141","105","89","129","149","189","191","238","238","85","87","160","160","108","108","176","180","231","233","143","143","156","158","102","90","127","150","194","194","250","254","163","175","158","158","144","144","81","83","122","122","181","183","142","150","260","260","140","146","127","129","155","155","91","92","146","146","192","198","106","108","172","172","89","89","161","161","87","89","116","118","161","161","240","240","134","134","104","96","95","95","179","181","207","207","166","166","149","149"
"2021","EINPP","Plains Bison","","P86059","1990",1990,"Davis","EIB241","82","EIB77_773_Parks Canada_Results","","89","89","136","136","185","187","241","247","103","103","135","135","101","91","129","143","191","195","238","238","85","91","160","161","113","113","174","174","229","231","143","145","156","160","102","88","127","127","194","200","252","254","165","177","152","158","156","158","81","83","124","126","183","183","142","150","262","262","146","150","125","125","153","159","92","95","146","146","192","198","106","108","168","170","83","83","161","173","87","89","114","118","161","167","228","228","118","130","92","92","99","99","191","191","205","205","156","168","149","149"
"2021","EINPP","Plains Bison","","P86061","1990",1990,"Davis","EIB242","83","EIB77_773_Parks Canada_Results","","89","91","134","136","179","181","249","271","103","103","135","147","101","89","129","149","191","195","238","250","87","89","161","161","108","115","172","172","229","229","143","143","156","156","88","90","150","150","194","202","246","250","165","177","156","162","154","154","81","83","124","124","179","183","142","150","256","262","146","150","129","131","153","155","92","95","148","150","180","180","108","112","168","172","83","89","161","173","87","87","116","116","161","167","228","228","118","130","92","96","103","103","179","191","211","215","142","170","149","149"
"2021","EINPP","Plains Bison","","P86064",NA,1986,"Davis","EIB243","84","EIB77_773_Parks Canada_Results","","89","91","134","138","175","175","245","253","103","103","135","135","93","93","129","149","191","191","238","238","87","89","161","161","108","115","172","180","229","231","143","145","154","156","88","90","127","140","190","200","250","254","173","173","158","162","156","156","81","83","122","124","183","183","148","148","262","262","140","146","127","131","151","155","92","92","146","146","184","198","108","108","168","170","83","89","161","173","91","91","114","118","161","167","228","240","134","134","92","92","101","95","191","191","205","211","164","168","149","149"
"2021","AISH","Wood Bison","","38077-YT","2016",2016,"Davis","EIB658","310","EIB77_773_Parks Canada_Results","","89","91","136","136","181","181","253","253","103","103","141","145","103","93","129","129","191","195","232","238","87","89","160","162","108","115","172","182","227","231","143","143","156","158","102","102","142","146","188","190","252","252","173","177","146","154","152","156","77","83","132","132","165","183","142","148","260","262","146","150","125","129","159","159","91","91","146","146","180","196","110","112","166","176","89","95","161","161","87","89","116","118","167","167","228","228","128","128","102","102","101","103","177","191","205","205","144","144","149","151"
"2021","AISH","Wood Bison","","38078-YT","2016",2016,"Davis","EIB659","311","EIB77_773_Parks Canada_Results","","89","91","134","134","187","187","249","253","103","103","135","147","93","93","129","141","189","191","232","238","87","91","147","160","115","115","176","178","229","231","143","143","158","160","90","90","140","142","190","194","252","252","173","177","146","166","144","160","83","83","124","124","179","183","142","142","262","262","150","150","125","129","155","155","91","91","146","150","180","196","112","112","166","172","89","89","161","165","87","91","116","118","167","167","228","238","128","130","102","104","101","99","181","181","205","205","158","168","149","153"
"2021","AISH","Wood Bison","","38079-YT","2016",2016,"Davis","EIB660","312","EIB77_773_Parks Canada_Results","","89","91","136","136","179","181","253","253","103","103","141","145","103","93","129","129","189","195","238","238","87","87","147","160","113","115","174","176","229","229","143","143","158","160","88","90","127","146","188","194","250","252","173","177","146","152","154","156","77","81","124","132","179","183","142","142","262","262","150","150","125","125","155","155","91","94","150","150","180","184","106","106","166","176","85","89","159","161","87","89","116","118","167","167","228","238","114","130","104","104","101","101","181","191","205","211","166","168","151","153"
"2021","AISH","Wood Bison","","38085-YT","2017",2017,"Davis","EIB661","313","EIB77_773_Parks Canada_Results","","89","89","136","136","187","187","253","253","103","103","141","141","103","91","129","149","191","191","232","238","89","89","158","158","115","115","172","172","225","229","143","143","156","158","90","90","146","148","190","190","250","252","173","177","152","152","144","154","83","83","124","126","165","183","138","142","260","262","146","150","125","129","155","157","91","95","150","150","180","184","106","112","172","172","85","89","161","161","81","89","116","118","167","167","224","238","130","132","92","96","101","95","181","181","205","205","158","166","147","153"
"2021","AISH","Wood Bison","","39216-YT","2017",2017,"Davis","EIB662","314","EIB77_773_Parks Canada_Results","","89","89","136","136","179","181","253","271","103","103","135","145","103","97","129","141","189","191","238","238","87","89","158","160","115","115","172","172","227","229","143","157","158","158","88","90","127","148","188","190","252","252","173","177","152","152","144","160","83","83","124","132","183","183","138","142","262","262","150","150","123","125","155","157","91","91","150","150","180","194","110","112","170","172","89","89","161","165","89","89","116","116","167","167","238","238","114","130","102","96","95","95","181","191","205","211","144","144","145","147"
"2021","AISH","Wood Bison","","39637-YT","2017",2017,"Davis","EIB663","315","EIB77_773_Parks Canada_Results","","89","89","136","138","181","187","249","253","103","103","141","145","93","93","149","149","191","191","238","238","87","89","158","158","115","115","172","174","227","229","143","157","156","156","102","90","146","148","190","194","252","252","173","177","152","152","144","154","83","83","124","132","175","183","142","148","262","262","146","150","125","129","155","157","91","91","150","150","180","180","112","90","166","176","81","85","161","161","89","91","118","118","167","167","224","238","114","128","92","98","101","95","181","181","205","207","166","166","145","151"
"2021","AISH","Wood Bison","","39638-YT","2017",2017,"Davis","EIB664","316","EIB77_773_Parks Canada_Results","","89","91","136","138","187","187","241","249","103","103","141","145","93","97","129","149","191","195","238","252","87","87","158","158","115","115","172","172","229","229","143","157","156","156","102","90","142","146","190","194","250","252","173","175","146","152","144","154","83","83","132","132","175","183","142","142","260","262","140","150","125","125","155","157","91","95","146","150","180","180","110","112","166","176","81","89","161","173","87","89","116","118","167","167","224","238","114","130","104","98","101","95","181","191","205","205","166","168","145","149"
"2021","AISH","Wood Bison","","39786-YT","2017",2017,"Davis","EIB665","317","EIB77_773_Parks Canada_Results","","89","89","136","136","187","187","253","253","103","103","141","141","103","93","129","129","191","191","238","238","87","87","147","160","115","115","172","174","227","229","143","143","158","160","102","88","127","142","190","194","252","252","167","175","146","152","144","160","77","81","132","132","183","183","142","142","262","262","146","150","123","123","155","155","91","92","150","150","180","184","106","112","172","176","85","95","161","165","89","89","116","116","161","167","228","238","130","130","104","104","101","103","181","181","201","211","168","168","149","153"
"2021","AISH","Wood Bison","","40975-YT","2016",2016,"Davis","EIB666","318","EIB77_773_Parks Canada_Results","","89","89","134","136","181","181","253","253","103","103","135","135","103","97","129","149","189","191","238","238","87","89","158","162","108","113","178","178","227","229","143","143","156","158","102","90","127","142","188","194","252","252","173","173","146","152","154","154","81","83","132","132","183","183","142","142","260","262","150","150","125","129","153","155","91","95","150","150","180","180","110","112","172","176","89","89","161","161","89","89","116","118","167","167","228","238","114","130","98","98","103","99","181","181","201","205","144","166","151","153"
"2021","AISH","Wood Bison","","40976-YT","2016",2016,"Davis","EIB667","319","EIB77_773_Parks Canada_Results","","89","89","134","136","181","187","253","253","103","103","141","141","103","93","129","129","191","191","238","238","87","89","158","158","113","113","174","178","233","233","143","143","158","158","90","90","127","142","190","194","252","252","167","173","146","166","144","160","81","83","132","132","179","183","142","148","260","262","150","150","125","129","153","155","94","95","150","150","180","180","112","112","172","172","85","89","161","161","89","91","118","118","167","167","228","228","130","130","104","98","101","95","181","191","201","205","166","168","145","153"
"2021","AISH","Wood Bison","","40979-YT","2016",2016,"Davis","EIB668","320","EIB77_773_Parks Canada_Results","","89","89","136","136","181","181","253","253","103","103","135","141","103","103","129","149","191","195","238","252","87","89","158","162","108","115","174","174","229","231","143","143","156","158","90","90","142","142","190","194","244","252","167","177","152","152","144","160","77","77","126","132","165","183","142","142","262","262","150","150","125","125","155","155","91","91","150","150","180","180","112","112","166","166","85","89","161","173","91","91","116","118","167","167","228","238","114","132","92","92","103","95","181","181","205","205","144","166","145","153"
"2021","AISH","Wood Bison","","40982-YT","2017",2017,"Davis","EIB669","321","EIB77_773_Parks Canada_Results","","89","91","134","136","187","187","253","253","103","103","135","145","103","103","129","129","189","189","238","238","87","89","158","162","115","115","174","174","227","229","143","143","158","158","102","90","142","142","190","194","252","252","167","177","146","152","152","154","77","83","124","132","179","183","138","142","262","262","150","150","123","125","153","155","91","91","146","150","180","194","112","112","172","176","85","89","159","161","89","89","118","118","167","167","224","236","128","130","92","98","101","101","181","181","211","211","142","144","151","153"
"2021","AISH","Wood Bison","","40994-YT","2017",2017,"Davis","EIB670","322","EIB77_773_Parks Canada_Results","","91","91","134","136","187","187","241","253","103","103","135","141","91","93","129","141","191","191","238","238","89","89","158","161","115","115","172","174","229","233","143","143","158","158","90","90","127","146","194","194","252","252","167","173","146","152","154","156","77","83","124","132","175","175","142","142","260","262","146","148","125","129","155","155","91","91","150","150","180","180","110","112","170","172","89","95","173","173","87","87","116","116","167","167","224","238","128","130","102","98","101","103","181","191","201","205","144","166","151","153"
"2021","AISH","Wood Bison","","40996-YT","2017",2017,"Davis","EIB671","323","EIB77_773_Parks Canada_Results","","89","89","134","136","179","181","253","253","103","103","145","145","93","93","129","129","189","191","232","238","87","89","158","162","108","115","174","176","227","229","143","143","158","160","90","90","127","142","190","190","252","252","175","175","152","152","154","156","81","85","126","132","165","183","138","142","262","262","146","150","125","129","151","155","95","95","150","150","180","180","112","112","172","172","83","89","161","169","81","89","116","116","167","167","228","228","130","130","102","102","101","101","181","191","205","205","142","144","151","153"
"2021","AISH","Wood Bison","","40997-YT","2017",2017,"Davis","EIB672","324","EIB77_773_Parks Canada_Results","","89","91","134","136","179","181","253","253","103","103","141","141","103","93","129","129","191","195","232","252","87","89","160","162","113","115","172","174","229","233","143","143","158","158","102","90","142","142","194","194","252","252","167","167","146","152","154","160","77","83","124","132","175","183","142","148","262","262","146","150","125","125","153","155","91","94","150","150","180","180","110","112","166","166","85","89","159","165","81","91","116","118","167","167","228","238","130","132","102","98","101","95","181","191","207","211","142","166","145","153"
"2021","AISH","Wood Bison","","41000-YT","2017",2017,"Davis","EIB673","325","EIB77_773_Parks Canada_Results","","89","89","136","136","181","187","253","257","103","103","135","141","103","103","129","149","189","191","232","238","89","89","147","158","113","113","172","172","227","229","143","143","158","158","90","90","127","142","190","190","252","254","167","173","146","146","154","160","83","85","124","124","165","175","142","142","262","262","146","150","129","129","155","159","91","91","150","150","180","194","110","112","174","178","89","95","161","173","81","89","108","116","167","167","232","238","128","130","92","92","103","103","181","191","201","205","142","158","145","153"
"2021","AISH","Wood Bison","","41351-YT","2016",2016,"Davis","EIB674","326","EIB77_773_Parks Canada_Results","","91","91","134","136","181","187","253","253","103","103","135","145","103","93","129","129","191","191","252","254","87","89","158","162","115","115","174","178","225","229","143","143","158","160","90","90","142","146","194","194","252","252","167","173","150","152","154","160","77","77","124","124","175","183","142","148","260","260","150","150","129","129","155","155","91","91","148","150","180","180","112","112","170","176","85","85","165","173","81","89","116","116","167","167","228","228","130","130","104","98","101","103","181","191","205","211","144","166","145","149"
"2021","AISH","Wood Bison","","41352-YT","2016",2016,"Davis","EIB675","327","EIB77_773_Parks Canada_Results","","89","91","136","136","181","187","253","253","103","103","135","145","93","97","129","129","189","195","232","232","87","87","158","158","108","115","172","174","231","231","143","143","158","158","102","90","127","140","194","194","252","252","167","173","152","164","152","154","77","77","132","132","183","183","142","142","260","262","150","150","125","125","155","155","91","92","150","150","180","180","110","112","166","172","85","89","161","173","91","91","118","118","167","167","236","238","114","130","92","92","101","99","181","181","201","205","158","166","145","149"
"2021","AISH","Wood Bison","","41358-YT","2016",2016,"Davis","EIB676","328","EIB77_773_Parks Canada_Results","","89","89","136","136","179","179","253","253","103","103","141","141","97","97","129","129","195","195","238","238","87","87","161","162","108","115","172","174","229","233","143","143","156","160","88","90","140","142","188","188","252","252","167","177","152","152","144","160","77","83","122","132","183","183","138","142","262","262","150","150","123","129","153","155","92","94","150","150","180","180","110","110","166","176","89","89","161","169","87","91","0","0","167","167","228","236","118","130","96","98","95","95","181","191","205","211","142","166","145","153"
"2021","AISH","Wood Bison","","41359-YT","2016",2016,"Davis","EIB677","329","EIB77_773_Parks Canada_Results","","89","89","136","136","179","181","253","253","103","103","141","141","103","93","129","129","191","191","232","238","87","89","158","158","108","113","172","178","229","233","143","143","158","158","90","90","146","148","194","194","252","252","173","177","150","154","144","152","83","83","124","132","179","183","138","142","262","262","146","150","125","129","155","155","91","92","150","150","180","196","110","110","170","176","89","89","161","161","81","89","116","118","167","167","224","228","128","130","102","98","101","103","181","181","205","211","166","168","149","149"
"2021","AISH","Wood Bison","","41403-YT","2017",2017,"Davis","EIB678","330","EIB77_773_Parks Canada_Results","","91","91","136","136","187","187","253","253","103","103","135","141","93","93","129","129","189","189","238","252","89","89","158","158","113","113","176","176","227","229","143","143","156","156","102","90","127","142","188","190","252","252","163","173","146","146","154","160","77","83","124","132","165","183","142","142","262","262","150","150","125","129","155","155","91","91","146","150","180","180","110","112","172","176","85","89","161","161","89","89","116","116","167","167","228","228","130","132","102","102","101","103","181","191","205","205","166","166","145","151"
"2021","AISH","Wood Bison","","41406-YT","2017",2017,"Davis","EIB679","331","EIB77_773_Parks Canada_Results","","89","91","134","136","181","187","253","253","103","103","141","141","103","85","129","149","189","195","238","238","87","87","158","162","115","115","172","174","225","229","143","143","156","156","90","90","142","142","190","190","252","252","167","177","152","152","154","160","77","77","124","132","183","183","138","142","262","262","150","150","125","125","155","157","91","92","150","150","180","180","110","112","170","176","89","89","161","161","81","89","118","118","167","167","236","238","128","132","104","98","101","95","177","181","205","205","144","168","149","153"
"2021","AISH","Wood Bison","","41407-YT","2017",2017,"Davis","EIB680","332","EIB77_773_Parks Canada_Results","","89","89","136","138","187","187","253","253","103","103","141","141","103","93","129","143","191","191","238","238","87","89","158","160","115","115","174","174","225","229","143","143","160","160","90","90","140","142","188","190","252","254","173","177","152","152","154","154","77","77","132","132","175","183","142","150","262","262","140","150","125","129","155","159","91","92","150","150","180","180","108","110","166","166","85","89","165","165","87","89","0","0","167","167","228","238","130","130","102","102","101","103","181","191","205","205","144","168","145","149"
"2021","AISH","Wood Bison","","41408-YT","2017",2017,"Davis","EIB681","333","EIB77_773_Parks Canada_Results","","91","91","136","136","179","181","253","253","103","103","141","141","93","97","129","129","191","195","238","252","87","89","158","160","108","108","172","174","227","229","143","143","156","158","90","90","140","142","190","194","252","252","173","177","146","152","144","154","77","81","124","124","175","179","142","148","260","262","150","150","123","129","155","155","91","95","150","150","180","196","110","110","166","172","95","95","159","161","91","91","108","116","167","167","228","228","130","132","102","104","103","95","181","181","201","205","144","166","149","153"
"2021","AISH","Wood Bison","","41409-YT","2017",2017,"Davis","EIB682","334","EIB77_773_Parks Canada_Results","","89","91","134","138","179","191","253","253","103","103","135","141","103","91","129","129","189","191","232","238","87","89","158","162","113","115","172","178","229","229","143","143","156","158","102","90","142","146","190","190","252","252","167","177","146","152","144","154","77","77","124","132","175","183","142","142","260","262","140","150","125","129","153","155","91","92","150","150","180","192","110","110","170","172","89","89","161","165","85","89","116","116","167","167","228","238","130","130","104","98","101","101","181","181","205","207","144","166","151","153"
"2021","AISH","Wood Bison","","41410-YT","2017",2017,"Davis","EIB683","335","EIB77_773_Parks Canada_Results","","89","89","136","138","181","187","253","253","103","103","135","141","91","97","129","129","191","191","238","254","87","89","162","170","115","115","172","178","229","233","143","143","154","158","90","90","146","146","190","190","252","252","167","173","146","164","154","154","77","77","132","132","183","183","142","142","260","262","146","150","129","129","155","155","91","95","150","150","180","180","112","112","166","172","89","89","161","169","89","89","116","116","167","167","236","236","130","130","102","104","101","95","191","191","205","205","168","170","145","149"
"2021","AISH","Wood Bison","","41412-YT","2017",2017,"Davis","EIB684","336","EIB77_773_Parks Canada_Results","","91","91","134","136","179","187","253","269","103","103","141","141","103","93","129","129","189","191","232","238","87","87","162","162","108","115","174","174","229","231","143","143","156","158","90","90","127","142","194","194","252","252","167","177","146","152","154","154","77","83","124","132","175","183","142","142","260","262","146","150","125","129","153","155","91","91","146","150","180","180","110","112","166","172","89","89","159","165","89","91","116","118","167","167","228","238","130","132","102","98","101","95","181","191","211","211","166","168","145","151"
"2021","AISH","Wood Bison","","41416-YT","2017",2017,"Davis","EIB685","337","EIB77_773_Parks Canada_Results","","89","89","134","136","181","181","253","271","103","103","141","141","103","93","129","129","191","191","232","252","87","89","147","158","108","113","178","178","227","231","143","143","156","158","90","90","127","127","194","194","252","252","177","177","152","152","154","154","77","83","124","124","175","183","142","142","260","260","140","150","125","125","155","155","91","95","150","150","180","184","112","112","170","176","83","89","165","173","89","89","118","118","167","167","236","238","130","130","102","92","101","103","181","181","205","215","158","158","149","151"
"2021","AISH","Wood Bison","","41418-YT","2017",2017,"Davis","EIB686","338","EIB77_773_Parks Canada_Results","","89","91","134","140","181","187","253","253","103","103","135","141","93","97","129","149","189","191","238","238","87","87","158","161","115","115","172","176","225","227","143","143","156","158","90","90","127","142","188","190","246","252","177","177","146","154","154","160","77","77","124","124","175","179","138","142","260","262","150","150","125","125","155","155","91","95","150","150","180","196","112","112","166","166","89","89","161","167","81","89","118","118","167","167","224","228","130","130","102","92","103","95","177","191","205","207","166","168","147","149"
"2021","AISH","Wood Bison","","41420-YT","2017",2017,"Davis","EIB687","339","EIB77_773_Parks Canada_Results","","89","89","136","136","181","181","253","253","103","103","141","141","103","93","129","141","191","195","232","238","87","87","158","162","113","113","174","176","227","229","143","143","156","158","90","90","127","142","194","194","252","252","173","177","146","152","152","160","77","83","124","132","175","179","142","142","262","262","146","150","123","125","155","157","91","91","150","150","180","184","106","112","172","172","89","89","165","165","85","91","116","116","167","167","236","238","130","130","102","92","101","95","191","191","205","211","144","168","145","151"
"2021","AISH","Wood Bison","","41422-YT","2017",2017,"Davis","EIB688","340","EIB77_773_Parks Canada_Results","","91","91","136","138","181","181","249","253","103","103","135","141","103","89","141","149","191","191","232","238","89","89","158","161","115","115","174","178","229","231","143","143","158","158","102","90","142","146","194","194","252","252","173","173","152","152","152","154","83","85","126","132","175","183","142","142","260","262","150","150","125","129","155","155","91","92","150","150","180","184","112","112","172","176","89","95","161","161","85","89","116","116","167","167","228","228","114","130","104","96","101","103","181","191","205","207","144","158","149","149"
"2021","AISH","Wood Bison","","41424-YT","2017",2017,"Davis","EIB689","341","EIB77_773_Parks Canada_Results","","89","91","136","136","181","187","253","269","103","104","141","145","103","93","129","129","189","195","232","238","87","87","158","158","115","115","174","176","227","229","143","143","156","158","90","90","142","146","188","190","250","252","167","177","152","152","144","152","81","83","124","132","175","175","138","142","262","262","146","146","125","125","155","155","92","95","146","148","180","196","110","112","172","172","89","95","161","165","87","89","116","116","167","167","228","228","114","130","102","104","101","101","181","191","205","205","142","168","145","147"
"2021","AISH","Wood Bison","","41435-YT","2017",2017,"Davis","EIB690","342","EIB77_773_Parks Canada_Results","","89","91","134","134","179","187","253","253","103","103","141","141","91","93","141","141","191","195","238","254","87","89","160","161","115","115","172","174","229","233","143","143","156","158","102","90","146","146","194","194","252","252","167","173","146","152","144","154","77","83","132","132","175","183","142","142","260","262","148","150","125","129","155","155","91","92","150","150","180","184","110","110","170","172","89","95","169","173","87","89","116","118","167","167","238","238","130","130","96","98","103","95","181","191","205","211","158","166","145","151"
"2021","AISH","Wood Bison","","41443-YT","2017",2017,"Davis","EIB691","343","EIB77_773_Parks Canada_Results","","89","89","136","138","179","187","253","269","103","103","145","145","103","97","129","149","191","195","238","252","87","87","147","158","113","113","172","176","225","225","143","143","158","160","102","102","140","148","190","190","250","252","173","177","146","154","144","154","77","83","132","132","175","179","142","142","256","262","150","150","125","129","155","157","91","95","150","150","180","194","106","112","170","172","85","89","165","173","89","89","118","118","167","167","228","238","130","132","102","98","101","95","181","191","205","205","142","166","149","153"
"2021","AISH","Wood Bison","","41444-YT","2017",2017,"Davis","EIB692","344","EIB77_773_Parks Canada_Results","","89","91","138","138","187","187","253","253","103","103","141","141","103","91","129","141","191","191","238","252","87","89","158","158","108","113","172","172","229","229","143","143","156","158","102","90","140","148","190","194","252","252","167","173","152","152","160","160","83","83","124","126","183","183","138","142","262","262","150","150","125","129","155","157","91","92","150","150","180","196","112","112","166","166","85","89","165","165","89","89","116","118","167","167","224","228","130","130","102","102","95","95","181","181","205","211","144","166","153","153"
"2021","AISH","Wood Bison","","41447-YT","2017",2017,"Davis","EIB693","345","EIB77_773_Parks Canada_Results","","91","91","134","136","179","179","253","269","103","103","135","141","103","93","141","141","189","191","238","238","87","89","160","161","115","115","172","172","231","233","143","143","156","158","90","90","142","146","194","194","250","252","173","173","146","152","144","160","77","83","132","132","175","183","142","142","260","262","140","148","125","129","155","155","92","95","150","150","180","180","110","112","170","172","85","89","161","173","81","89","116","118","167","167","224","238","130","130","92","96","101","95","181","191","205","211","158","166","145","153"
"2021","AISH","Wood Bison","","41453-YT","2017",2017,"Davis","EIB694","346","EIB77_773_Parks Canada_Results","","89","89","134","136","179","187","253","271","103","103","141","141","103","85","129","129","189","191","232","238","87","87","158","162","113","115","174","176","229","229","143","143","156","158","90","90","127","142","190","194","250","252","167","173","146","154","154","154","83","83","124","124","183","183","142","142","260","262","146","146","129","129","155","155","91","92","150","150","180","184","110","112","166","172","89","89","161","173","81","91","116","118","167","167","228","228","128","132","102","98","101","103","181","181","201","205","158","168","149","153"
"2021","AISH","Wood Bison","","41454-YT","2017",2017,"Davis","EIB695","347","EIB77_773_Parks Canada_Results","","89","89","134","136","179","179","253","253","103","103","135","147","85","93","129","129","191","191","232","238","87","87","158","162","113","113","172","174","229","233","143","143","154","158","90","90","140","148","188","190","252","252","167","173","152","152","154","160","77","83","132","132","183","183","142","142","262","262","146","150","125","129","155","155","91","91","150","150","180","180","106","110","172","172","85","89","161","165","81","89","116","118","167","167","228","236","130","130","102","102","103","103","181","181","205","205","158","166","153","153"
"2021","AISH","Wood Bison","","41460-YT","2017",2017,"Davis","EIB696","348","EIB77_773_Parks Canada_Results","","89","89","138","138","187","187","253","253","103","103","141","147","103","93","129","129","189","191","232","252","87","89","158","158","115","115","172","172","227","229","143","143","158","160","102","90","127","140","190","194","252","252","167","177","146","146","154","154","83","83","132","132","175","183","142","142","262","262","150","150","125","125","155","155","91","91","150","150","180","196","112","112","172","172","89","95","159","161","87","89","116","118","167","167","228","238","130","130","104","92","101","95","181","191","205","211","166","168","149","153"
"2021","AISH","Wood Bison","","41468-YT","2017",2017,"Davis","EIB697","349","EIB77_773_Parks Canada_Results","","89","91","134","136","181","187","253","253","103","103","135","141","103","97","129","129","191","195","232","238","87","89","147","162","108","108","172","178","227","227","143","143","158","158","90","90","142","142","194","194","252","252","173","177","152","154","144","154","77","77","124","132","183","183","138","142","262","262","150","150","125","129","155","159","91","91","150","150","180","196","112","112","176","176","85","89","161","161","89","89","116","118","161","167","238","238","128","132","102","104","101","99","181","191","205","211","144","168","149","151"
"2021","AISH","Wood Bison","","41471-YT","2017",2017,"Davis","EIB698","350","EIB77_773_Parks Canada_Results","","91","91","134","136","187","187","253","253","103","103","141","145","103","103","129","149","189","191","238","254","87","89","158","162","115","115","172","174","225","227","143","143","156","158","90","90","142","146","194","194","252","252","167","167","146","152","154","160","77","77","124","132","175","175","142","142","260","260","150","150","125","129","151","159","91","92","148","150","180","180","110","112","170","172","85","89","161","161","89","89","118","118","167","167","224","238","130","132","104","98","101","95","181","181","205","211","142","166","149","153"
"2021","AISH","Wood Bison","","41479-YT","2017",2017,"Davis","EIB699","351","EIB77_773_Parks Canada_Results","","89","89","136","138","187","187","253","253","103","103","135","141","103","93","129","129","191","191","232","252","87","87","158","162","115","115","172","174","229","229","143","143","158","160","90","90","142","142","188","194","252","252","173","173","146","154","154","154","77","83","124","132","175","183","142","142","260","262","140","146","129","129","155","159","91","91","150","150","180","184","110","112","172","176","89","89","161","173","89","89","108","116","167","167","236","238","130","132","102","102","101","101","181","181","205","211","144","168","151","151"
"2021","AISH","Wood Bison","","41480-YT","2017",2017,"Davis","EIB700","352","EIB77_773_Parks Canada_Results","","89","91","134","140","179","179","253","253","103","103","141","141","85","93","129","149","191","195","238","238","87","87","158","158","115","115","174","174","227","229","143","143","156","158","102","90","140","142","190","190","252","252","167","173","152","152","160","160","77","83","124","124","165","183","142","142","262","262","150","150","125","129","155","159","92","94","150","150","180","180","110","112","170","172","89","95","161","161","81","91","116","116","167","167","228","238","114","128","98","98","101","99","181","181","211","215","166","166","145","149"
"2021","AISH","Wood Bison","","41483-YT","2017",2017,"Davis","EIB701","353","EIB77_773_Parks Canada_Results","","89","91","134","138","179","181","241","269","103","103","135","141","97","97","129","129","191","191","232","238","87","89","158","158","108","113","172","176","227","229","143","143","156","156","102","88","142","142","194","194","252","252","173","173","146","146","154","160","81","81","124","132","183","183","138","142","256","262","150","150","125","129","155","155","92","92","150","150","180","196","106","110","170","172","83","85","173","173","89","89","108","116","167","167","224","238","128","130","102","98","103","95","191","191","201","211","166","168","145","151"
"2021","AISH","Wood Bison","","41515-YT","2017",2017,"Davis","EIB702","354","EIB77_773_Parks Canada_Results","","91","91","134","138","181","187","269","269","103","103","141","145","85","89","141","141","189","191","238","252","87","87","158","162","113","115","174","174","229","229","143","143","158","158","90","90","140","140","188","194","252","252","177","177","150","152","154","160","81","83","124","132","175","175","138","142","262","262","146","148","129","129","155","155","91","91","150","150","180","196","112","112","170","172","85","89","165","169","81","89","116","118","167","167","228","228","114","130","102","102","103","95","181","181","205","205","144","168","147","149"
"2021","AISH","Wood Bison","","41517-YT","2017",2017,"Davis","EIB703","355","EIB77_773_Parks Canada_Results","","89","89","134","136","181","181","253","253","103","103","141","145","91","93","129","129","189","191","238","238","87","89","158","158","108","115","172","176","227","229","143","143","158","158","88","90","127","140","190","190","252","252","167","175","146","152","154","156","81","83","124","132","175","175","142","142","262","262","140","146","125","125","155","157","95","95","150","150","180","196","112","112","172","176","89","95","161","161","89","89","116","118","167","167","228","238","130","130","102","102","101","101","181","181","205","205","142","166","151","153"
"2021","AISH","Wood Bison","","41522-YT","2017",2017,"Davis","EIB704","356","EIB77_773_Parks Canada_Results","","89","89","136","138","179","187","249","271","103","103","141","141","103","97","129","129","189","191","238","238","87","87","158","158","113","115","172","176","227","229","143","143","156","158","90","90","142","142","190","190","252","252","167","167","152","152","144","154","77","83","132","132","183","183","142","142","262","262","140","150","125","129","155","157","91","92","146","150","180","184","106","112","170","172","89","89","161","173","85","87","116","116","167","167","224","238","130","132","102","98","103","95","177","181","205","211","144","168","151","153"
"2021","AISH","Wood Bison","","41524-YT","2017",2017,"Davis","EIB705","357","EIB77_773_Parks Canada_Results","","89","91","134","134","181","181","249","253","103","103","141","141","85","97","129","129","191","191","238","252","87","87","147","158","113","113","174","176","227","231","143","143","156","158","90","90","127","142","194","194","252","252","173","177","152","154","154","156","77","83","0","0","183","183","138","142","262","262","150","150","125","125","155","155","91","91","150","150","180","180","110","110","166","170","89","89","161","165","89","89","116","118","167","167","228","238","128","130","104","104","101","103","181","181","201","207","144","158","149","153"
"2021","AISH","Wood Bison","","41526-YT","2017",2017,"Davis","EIB706","358","EIB77_773_Parks Canada_Results","","89","91","136","138","179","187","253","253","103","103","135","145","93","97","129","129","189","195","238","238","87","89","158","160","115","115","172","174","229","229","143","143","156","160","102","102","140","148","188","188","252","252","177","177","146","154","154","154","83","83","132","132","183","183","142","142","262","262","150","150","125","129","157","159","91","92","146","150","180","180","110","112","172","176","89","89","161","161","89","89","118","118","167","167","228","238","128","130","102","98","101","95","181","181","205","207","144","144","145","153"
"2021","AISH","Wood Bison","","41527-YT","2017",2017,"Davis","EIB707","359","EIB77_773_Parks Canada_Results","","89","91","136","138","181","187","253","253","103","103","141","145","93","97","129","129","191","195","238","238","87","89","158","162","108","115","172","178","225","229","143","143","158","158","102","90","127","142","194","194","252","252","173","173","146","146","152","154","77","83","132","132","183","183","142","142","260","260","150","150","125","129","159","159","91","92","150","150","180","180","110","112","172","172","83","89","167","169","81","89","116","118","167","167","224","238","128","128","102","104","101","101","181","191","201","215","142","142","149","153"
"2021","AISH","Wood Bison","","41538-YT","2017",2017,"Davis","EIB708","360","EIB77_773_Parks Canada_Results","","91","91","138","138","187","187","253","253","103","103","145","145","103","103","129","129","189","191","232","232","87","89","160","162","108","113","172","174","227","227","143","143","158","160","90","90","127","146","194","194","252","252","167","167","152","152","160","160","77","81","124","124","175","183","142","142","260","260","150","150","125","125","155","159","91","91","150","150","180","180","112","112","170","170","85","89","161","173","87","89","116","116","167","167","228","238","130","132","104","98","103","95","181","191","201","211","166","166","149","153"
"2021","AISH","Wood Bison","","41546-YT","2017",2017,"Davis","EIB710","361","EIB77_773_Parks Canada_Results","","89","89","136","136","181","187","253","253","103","103","135","145","103","97","129","143","189","191","238","238","87","89","162","170","108","115","172","174","229","229","143","143","156","158","102","90","127","142","190","194","252","252","167","177","152","166","144","154","77","77","124","132","175","183","142","142","260","262","146","150","125","129","155","155","91","91","150","150","180","196","110","110","166","172","89","95","161","161","89","89","116","118","161","167","228","228","130","130","102","104","101","95","181","191","205","205","158","168","149","151"
"2021","AISH","Wood Bison","","41605-YT","2017",2017,"Davis","EIB711","362","EIB77_773_Parks Canada_Results","","89","89","138","138","179","181","241","253","103","103","135","145","103","93","129","141","191","195","232","238","87","87","158","162","115","115","172","176","225","229","143","143","160","160","90","90","127","142","194","194","252","252","167","177","146","152","154","154","77","83","124","132","165","183","142","142","262","262","150","150","125","125","155","159","91","91","150","150","180","180","106","110","170","172","83","89","161","165","89","89","116","116","167","167","228","238","130","130","102","104","101","95","181","181","205","205","166","168","149","151"
"2021","AISH","Wood Bison","","42941-YT","2017",2017,"Davis","EIB712","363","EIB77_773_Parks Canada_Results","","89","89","134","138","181","187","253","269","103","103","141","141","103","97","129","149","189","189","232","238","87","89","147","158","113","115","172","174","227","229","143","145","156","158","90","90","142","142","188","190","252","252","167","175","152","152","144","160","83","83","124","132","183","183","142","142","262","262","146","150","125","129","155","157","91","91","150","150","180","180","106","110","166","172","89","95","165","167","87","91","116","118","167","167","238","238","128","130","104","98","103","95","177","181","205","211","144","168","147","149"
"2021","AISH","Wood Bison","","43484-YT","2016",2016,"Davis","EIB713","364","EIB77_773_Parks Canada_Results","","89","91","136","136","179","181","253","253","103","103","141","141","103","93","129","149","191","191","232","238","87","87","158","160","108","115","172","176","227","227","143","143","156","158","102","102","140","140","188","194","250","252","177","177","146","152","154","154","81","81","124","124","165","183","142","148","260","262","150","150","125","129","155","155","91","91","146","150","180","184","112","112","172","172","85","89","159","161","81","87","116","118","167","167","228","238","128","132","102","102","101","101","181","191","205","205","144","158","145","149"
"2021","AISH","Wood Bison","","43493-YT","2016",2016,"Davis","EIB714","365","EIB77_773_Parks Canada_Results","","89","89","136","138","187","187","253","269","103","103","135","145","103","97","129","141","195","195","232","238","87","87","147","158","113","115","172","172","225","227","143","143","158","160","102","90","127","127","194","194","252","252","167","177","146","152","154","160","77","83","132","132","165","183","142","142","262","262","150","150","125","125","155","157","91","91","146","150","180","180","106","110","166","172","83","89","165","173","89","89","116","116","167","167","228","228","128","130","102","104","101","95","181","181","205","207","166","168","149","149"
"2021","AISH","Wood Bison","","43889-YT","2016",2016,"Davis","EIB715","366","EIB77_773_Parks Canada_Results","","89","91","134","136","181","181","253","269","103","103","141","141","103","103","129","129","191","191","238","238","87","89","158","162","113","115","172","176","227","229","143","143","158","158","90","90","127","146","190","194","252","252","167","173","146","152","154","160","77","83","124","132","175","175","142","142","260","262","150","150","129","129","155","155","95","95","150","150","184","196","110","112","170","172","89","89","161","165","89","89","116","118","161","167","238","238","130","130","104","98","103","95","181","181","205","205","158","166","153","153"
"2021","AISH","Wood Bison","","43894-YT","2016",2016,"Davis","EIB716","367","EIB77_773_Parks Canada_Results","","89","91","136","138","179","181","253","253","103","103","135","141","103","97","129","149","191","191","238","238","87","89","158","162","108","108","174","174","227","229","143","143","158","158","90","90","142","142","190","194","252","252","177","177","146","152","144","154","77","83","126","132","175","183","142","150","262","262","150","150","125","125","155","155","91","91","150","150","180","196","106","90","166","172","85","85","161","161","87","91","116","118","167","167","224","238","130","132","102","92","101","95","181","181","205","215","158","166","147","151"
"2021","EINPW","Wood Bison","","88",NA,2015,"Davis","EIB129","448","EIB77_773_Parks Canada_Results","","89","91","136","136","187","187","241","241","103","103","141","141","93","93","129","141","191","191","232","252","87","87","147","158","108","115","172","176","225","233","143","143","158","160","90","90","127","142","190","194","252","252","167","173","146","166","144","154","83","83","132","132","165","175","142","142","256","262","150","150","125","125","155","155","91","91","146","150","184","184","112","112","172","172","89","89","165","173","89","89","116","116","167","167","228","228","130","132","102","96","101","103","181","191","205","207","144","158","145","151"
"2021","EINPW","Wood Bison","","89",NA,2015,"Davis","EIB130","449","EIB77_773_Parks Canada_Results","","89","89","136","140","187","187","253","269","103","103","141","147","89","97","129","129","189","189","232","238","87","87","158","162","113","115","174","178","225","229","143","143","156","158","102","102","140","148","190","194","246","252","167","177","152","166","154","160","77","81","124","124","165","183","142","148","260","262","140","146","125","129","155","155","95","95","146","148","196","196","112","112","170","178","89","89","165","165","87","89","116","118","167","167","228","228","130","130","102","104","103","95","181","181","207","215","142","144","151","153"
"2021","EINPW","Wood Bison","","90",NA,2015,"Davis","EIB131","450","EIB77_773_Parks Canada_Results","","89","91","134","138","179","179","253","271","103","103","145","147","103","97","129","141","189","195","232","238","87","89","158","162","108","115","174","174","229","229","143","143","158","158","102","90","127","127","190","194","252","252","167","173","152","152","154","154","77","81","132","132","175","183","142","142","260","262","148","150","123","129","155","155","91","94","150","150","180","198","110","110","172","176","89","89","165","165","89","89","116","118","167","167","228","238","130","132","104","104","101","103","181","191","205","207","144","168","145","149"
"2021","EINPW","Wood Bison","","91",NA,2015,"Davis","EIB132","451","EIB77_773_Parks Canada_Results","","91","93","134","138","179","179","253","253","103","103","135","141","93","93","129","149","189","195","232","252","87","89","158","170","115","115","172","174","225","231","143","143","156","158","102","90","140","142","190","194","252","252","173","177","152","152","144","154","77","81","132","132","183","183","142","142","260","262","150","150","125","125","155","157","91","91","148","150","180","196","110","112","170","176","89","89","161","161","87","89","108","118","167","167","224","238","128","132","102","104","101","95","181","181","211","211","166","166","151","151"
"2021","EINPW","Wood Bison","","92",NA,2015,"Davis","EIB133","452","EIB77_773_Parks Canada_Results","","91","91","136","136","187","187","241","253","103","103","135","145","103","97","129","149","189","191","232","232","87","89","158","158","115","115","172","174","229","231","143","143","156","158","102","90","127","142","190","190","250","250","167","177","152","152","154","160","77","77","132","132","175","175","142","148","260","260","150","150","123","125","155","159","92","95","146","150","196","196","106","106","172","176","85","89","161","161","85","89","108","116","167","167","236","238","114","130","104","98","101","95","181","181","201","211","142","166","151","153"
"2021","EINPW","Wood Bison","","93",NA,2015,"Davis","EIB134","453","EIB77_773_Parks Canada_Results","","89","91","136","136","181","187","253","253","103","103","141","141","103","97","129","149","191","191","232","238","91","91","160","162","115","115","174","182","229","231","143","143","158","160","88","90","142","148","190","194","250","252","167","173","152","166","144","160","83","85","124","124","165","175","142","148","262","262","150","150","125","129","153","159","91","92","150","150","180","196","110","112","172","176","83","89","161","165","89","89","108","118","167","167","228","238","130","130","102","92","101","103","181","191","205","205","144","144","145","147"
"2021","EINPW","Wood Bison","","114",NA,2015,"Davis","EIB135","454","EIB77_773_Parks Canada_Results","","89","89","136","136","181","187","253","253","103","103","135","141","103","89","129","129","189","191","232","238","87","89","147","158","113","115","172","174","229","229","143","143","158","158","102","90","142","146","188","194","244","250","167","167","146","152","154","154","83","85","126","132","183","183","142","142","260","262","140","150","125","125","153","155","91","92","146","146","196","198","106","106","170","172","85","89","159","165","87","89","116","116","167","167","228","228","130","132","102","104","95","99","181","191","205","215","166","168","149","151"
"2021","EINPW","Wood Bison","","115",NA,2015,"Davis","EIB136","455","EIB77_773_Parks Canada_Results","","91","93","136","138","179","179","241","253","103","103","135","141","103","89","141","149","189","195","232","252","87","89","158","158","113","115","172","174","225","231","143","143","158","160","90","90","142","142","190","194","252","252","177","177","146","154","144","154","81","83","122","132","175","183","142","142","260","262","146","150","125","129","155","157","91","91","150","150","184","196","112","112","170","172","89","95","161","169","81","89","116","116","161","167","228","228","130","132","104","92","101","101","181","181","207","211","168","168","151","153"
"2021","EINPW","Wood Bison","","116",NA,2015,"Davis","EIB137","456","EIB77_773_Parks Canada_Results","","89","89","136","136","179","187","253","269","103","103","141","141","93","97","129","143","191","195","238","238","87","89","158","162","108","115","172","174","229","233","143","143","158","158","90","90","127","127","194","194","252","252","167","173","146","166","154","156","77","81","124","132","175","175","142","148","262","262","150","150","123","125","155","159","91","91","146","150","180","184","110","110","166","172","89","89","165","169","87","89","118","118","167","167","228","236","128","130","102","98","103","95","181","181","205","215","144","166","149","151"
"2021","EINPW","Wood Bison","","118",NA,2015,"Davis","EIB139","457","EIB77_773_Parks Canada_Results","","89","91","134","136","179","179","249","269","103","103","135","141","85","89","129","129","191","191","238","238","87","87","158","160","115","115","172","174","229","229","143","143","156","156","90","90","142","148","190","194","252","252","173","173","152","164","144","160","77","83","132","132","175","175","142","142","260","262","150","150","125","125","155","157","91","92","150","150","184","196","106","112","170","172","85","89","161","169","89","89","116","118","167","167","228","236","114","130","102","98","101","95","181","181","207","211","158","166","151","153"
"2021","EINPW","Wood Bison","","119",NA,2015,"Davis","EIB140","458","EIB77_773_Parks Canada_Results","","89","91","136","140","179","187","253","269","103","103","141","141","93","97","129","143","191","191","238","252","87","89","147","158","115","115","172","174","229","229","143","143","158","158","90","90","140","142","190","190","252","252","165","177","152","152","144","144","81","83","132","132","179","183","138","142","260","262","140","150","123","129","155","155","91","91","150","150","180","196","110","112","170","172","85","89","161","165","89","89","116","118","167","167","228","236","114","130","104","98","95","95","181","181","211","211","142","166","145","153"
"2021","EINPW","Wood Bison","","120",NA,2015,"Davis","EIB141","459","EIB77_773_Parks Canada_Results","","89","91","136","138","181","187","253","253","103","103","141","145","103","97","129","143","189","191","232","238","87","89","158","160","113","115","172","176","229","229","143","143","158","158","102","90","127","148","190","190","252","252","167","173","152","152","154","160","83","83","132","132","179","179","142","142","260","262","140","150","125","129","155","157","91","91","148","150","180","180","106","112","170","176","85","89","161","165","85","89","116","116","167","167","224","238","130","130","104","98","101","99","177","191","211","215","144","166","151","151"
"2021","EINPW","Wood Bison","","121",NA,2015,"Davis","EIB142","460","EIB77_773_Parks Canada_Results","","89","91","136","138","179","187","253","253","103","103","135","135","103","97","129","149","191","191","232","238","87","91","160","162","108","113","172","174","229","229","143","143","158","158","90","90","127","142","194","194","252","252","173","177","152","152","154","160","77","83","124","124","165","183","138","142","256","262","150","150","123","123","159","159","91","94","150","150","180","180","112","112","172","178","89","89","161","165","89","89","114","116","167","167","228","238","114","130","102","104","103","95","177","181","205","207","142","168","145","149"
"2021","EINPW","Wood Bison","","122",NA,2015,"Davis","EIB143","461","EIB77_773_Parks Canada_Results","","89","91","134","136","179","187","253","253","103","103","141","141","93","97","129","129","191","191","232","232","87","87","160","162","113","115","174","174","233","233","143","143","158","160","90","90","140","142","190","194","252","252","167","177","152","166","144","154","83","83","132","132","175","183","142","148","262","262","150","150","129","129","155","159","92","94","146","150","196","196","110","110","166","166","83","89","161","165","89","89","108","116","167","167","228","228","130","132","102","102","103","95","181","181","205","205","144","166","147","153"
"2021","EINPW","Wood Bison","","123",NA,2015,"Davis","EIB144","462","EIB77_773_Parks Canada_Results","","89","93","134","136","181","181","241","253","103","103","141","145","103","91","129","141","189","191","232","238","87","87","147","158","115","115","172","174","225","229","143","157","156","158","90","90","140","142","194","194","250","252","173","173","146","152","154","154","77","83","124","132","183","183","142","142","262","262","150","150","125","125","155","157","91","94","148","150","196","196","110","112","170","172","83","95","161","165","87","89","118","118","165","167","228","238","114","128","102","98","101","95","181","181","205","211","158","166","149","153"
"2021","EINPW","Wood Bison","","124",NA,2015,"Davis","EIB145","463","EIB77_773_Parks Canada_Results","","89","91","136","136","181","187","253","253","103","103","141","147","93","97","129","129","191","195","238","252","87","89","158","162","113","115","174","176","229","229","143","143","158","158","90","90","127","148","188","190","252","252","167","177","146","152","154","154","83","85","124","132","175","183","142","142","262","262","140","140","125","129","155","157","91","94","148","150","184","194","106","112","170","172","85","89","165","169","85","89","116","118","167","167","228","228","114","130","96","98","101","103","181","191","205","211","166","168","151","153"
"2021","EINPW","Wood Bison","","125",NA,2015,"Davis","EIB146","464","EIB77_773_Parks Canada_Results","","89","89","136","138","179","187","253","269","103","103","135","141","93","97","129","129","189","191","238","252","87","89","158","158","108","115","174","174","227","229","143","143","156","156","90","90","127","142","194","194","252","252","173","177","152","152","152","156","77","85","132","132","165","175","142","142","260","260","146","150","125","129","155","157","91","91","148","150","180","180","112","112","166","172","89","89","159","165","85","91","114","116","161","167","228","228","128","130","102","104","103","103","181","181","205","205","142","168","153","153"
"2021","EINPW","Wood Bison","","126",NA,2015,"Davis","EIB147","465","EIB77_773_Parks Canada_Results","","89","91","136","136","187","187","253","253","103","103","141","141","103","97","129","149","189","191","238","238","87","89","160","160","115","115","172","172","229","229","143","143","158","160","90","90","127","142","190","194","252","252","173","177","152","152","158","160","77","83","124","124","183","183","142","148","260","262","150","150","125","129","155","155","91","92","146","150","180","180","106","112","170","176","85","89","161","173","89","89","116","118","167","167","224","224","130","132","104","104","101","99","181","191","205","211","142","166","151","153"
"2021","EINPW","Wood Bison","","127",NA,2015,"Davis","EIB148","466","EIB77_773_Parks Canada_Results","","91","91","136","136","179","187","249","271","103","103","141","141","85","97","143","149","189","191","232","238","87","87","158","160","108","108","172","174","229","229","143","143","158","158","102","90","127","148","190","194","250","252","165","167","146","146","158","160","81","83","132","132","165","165","142","142","260","262","140","150","125","125","155","155","91","91","146","150","196","196","112","112","166","170","89","89","159","165","89","89","116","116","167","167","228","236","128","132","102","102","101","101","181","191","205","211","142","166","151","153"
"2021","EINPW","Wood Bison","","129",NA,2015,"Davis","EIB150","467","EIB77_773_Parks Canada_Results","","89","93","136","136","187","187","253","253","103","103","135","145","93","93","129","141","191","195","232","232","87","89","147","158","113","115","172","172","227","227","143","143","154","158","102","90","140","142","188","188","252","252","167","173","152","152","154","154","83","83","124","124","165","183","138","148","260","262","150","150","123","125","157","159","91","94","146","150","180","194","112","90","172","172","85","95","159","173","89","89","116","118","167","167","236","236","130","132","102","102","101","101","181","181","207","211","158","166","145","145"
"2021","EINPW","Wood Bison","","130",NA,2015,"Davis","EIB151","468","EIB77_773_Parks Canada_Results","","89","91","136","138","179","187","253","253","103","103","141","141","93","97","129","141","191","191","232","238","87","89","158","160","108","115","174","174","229","229","143","143","156","158","102","90","142","142","190","190","252","252","167","177","146","146","154","158","81","83","124","132","165","175","142","142","262","262","140","146","125","125","157","157","91","92","148","150","180","184","106","110","166","172","85","89","161","169","81","89","116","116","167","167","228","228","128","132","102","104","101","101","177","181","205","205","144","168","145","151"
"2021","EINPW","Wood Bison","","131",NA,2015,"Davis","EIB152","469","EIB77_773_Parks Canada_Results","","89","93","134","136","179","187","253","253","103","103","141","141","103","93","129","129","195","195","232","238","87","89","158","162","115","115","172","172","225","229","143","143","156","158","102","102","142","142","190","190","252","252","177","177","152","152","154","160","77","83","124","132","183","183","142","142","260","260","140","150","125","129","155","155","91","91","146","150","180","196","106","110","170","170","85","89","161","165","87","89","116","118","167","167","224","228","128","132","104","98","101","99","181","191","211","211","166","166","151","151"
"2021","EINPW","Wood Bison","","132",NA,2015,"Davis","EIB153","470","EIB77_773_Parks Canada_Results","","89","91","136","140","187","187","253","253","103","103","141","145","103","93","129","143","191","195","238","252","89","91","162","162","115","115","174","180","231","233","143","143","156","158","102","90","142","148","190","190","252","252","167","177","152","152","144","154","83","83","132","132","165","183","138","138","256","262","140","140","129","129","155","157","91","95","150","150","180","198","112","112","170","172","89","89","161","165","89","89","116","118","167","167","228","238","114","130","102","104","103","95","177","181","207","211","142","166","145","145"
"2021","EINPW","Wood Bison","","133",NA,2015,"Davis","EIB154","471","EIB77_773_Parks Canada_Results","","89","91","136","138","179","187","241","269","103","103","135","141","93","93","141","141","191","191","232","238","87","89","158","158","113","115","172","174","227","229","143","143","158","158","90","90","127","142","190","194","252","252","167","177","146","166","154","154","77","81","124","132","175","183","142","148","262","262","150","150","125","129","155","157","91","91","150","150","180","198","110","112","166","170","89","95","161","165","87","89","116","118","167","167","236","238","130","130","98","98","101","95","181","181","205","215","142","144","151","151"
"2021","EINPW","Wood Bison","","134",NA,2015,"Davis","EIB155","472","EIB77_773_Parks Canada_Results","","89","91","136","138","179","179","253","271","103","103","145","147","97","97","129","129","189","191","238","238","87","87","147","158","108","108","174","174","229","231","143","143","158","158","90","90","127","127","190","194","250","252","167","177","146","152","154","154","77","81","122","132","175","183","138","142","262","262","146","150","123","129","153","155","91","94","150","150","196","198","110","112","166","176","85","89","161","165","89","91","116","116","167","167","228","238","130","130","102","104","101","99","181","191","205","211","168","168","149","151"
"2021","EINPW","Wood Bison","","135",NA,2015,"Davis","EIB156","473","EIB77_773_Parks Canada_Results","","89","91","136","138","179","187","253","271","103","103","141","145","103","93","129","129","191","195","238","238","87","87","147","147","108","113","174","182","229","231","143","143","156","160","102","90","142","142","194","194","250","252","173","173","152","152","154","154","81","81","124","124","175","179","142","142","262","262","150","150","129","129","155","155","91","94","150","150","180","198","106","110","166","176","85","95","161","165","89","91","116","118","167","167","224","238","130","132","104","98","101","95","177","181","205","215","144","168","153","153"
"2021","EINPW","Wood Bison","","136",NA,2015,"Davis","EIB157","474","EIB77_773_Parks Canada_Results","","89","89","136","136","181","187","241","253","103","103","141","141","93","97","129","129","191","191","232","238","87","91","158","162","113","115","174","176","229","233","143","143","158","160","90","90","127","148","194","194","252","252","173","177","146","166","154","154","77","83","124","132","175","183","142","142","260","260","150","150","125","129","157","159","91","92","150","150","180","196","106","110","166","172","89","89","165","165","89","89","116","116","167","167","228","238","128","132","102","92","103","95","181","181","205","205","144","144","147","151"
"2021","EINPW","Wood Bison","","137",NA,2015,"Davis","EIB158","475","EIB77_773_Parks Canada_Results","","91","91","136","138","187","187","253","269","103","103","135","141","103","93","129","141","189","191","232","238","87","87","147","162","113","115","172","172","229","229","143","143","156","160","102","90","127","142","194","194","246","252","177","177","146","152","152","154","77","83","132","132","175","175","142","148","260","260","140","150","125","125","157","159","91","95","150","150","180","180","110","112","166","178","89","89","165","165","89","89","116","118","167","167","228","228","130","132","102","102","103","95","181","181","205","211","142","166","149","151"
"2021","EINPW","Wood Bison","","138",NA,2015,"Davis","EIB159","476","EIB77_773_Parks Canada_Results","","91","91","134","138","179","187","253","271","103","103","135","145","97","97","129","129","189","195","232","252","87","89","158","158","113","115","172","174","227","229","143","143","158","158","90","90","140","140","190","194","244","252","167","167","146","146","144","156","77","81","124","132","175","175","148","148","260","262","146","150","123","129","155","159","94","95","150","150","180","184","110","110","166","170","89","89","161","161","89","89","116","118","161","167","228","228","130","130","102","96","103","95","181","191","205","205","144","144","151","153"
"2021","EINPW","Wood Bison","","139",NA,2015,"Davis","EIB160","477","EIB77_773_Parks Canada_Results","","91","91","136","138","179","187","249","249","103","103","141","145","103","103","129","149","191","191","232","238","87","87","162","170","115","115","174","174","229","229","143","143","158","160","88","90","127","140","190","194","252","252","167","167","146","152","154","154","77","83","132","132","183","183","142","142","260","260","148","150","125","125","157","157","91","92","150","150","184","196","106","112","170","170","89","89","159","161","87","89","114","116","167","167","236","238","132","132","102","98","101","95","181","191","205","211","166","166","151","153"
"2021","EINPW","Wood Bison","","140",NA,2015,"Davis","EIB161","478","EIB77_773_Parks Canada_Results","","89","91","134","136","181","187","253","253","103","103","141","141","103","93","129","149","191","191","232","232","87","91","160","162","113","115","174","176","229","229","143","143","158","160","102","90","142","148","194","194","252","252","173","177","152","154","144","160","77","85","124","132","165","183","138","142","262","262","150","150","129","129","155","159","91","94","150","150","196","198","110","112","172","176","89","89","161","169","89","89","116","118","167","167","228","228","128","130","102","96","101","101","181","191","205","205","144","144","145","153"
"2021","EINPW","Wood Bison","","141",NA,2015,"Davis","EIB162","479","EIB77_773_Parks Canada_Results","","89","89","134","138","179","187","253","269","103","104","135","141","93","93","129","141","189","191","232","232","87","89","162","162","108","113","174","174","227","229","143","143","156","160","102","102","127","142","194","194","252","252","167","173","152","166","154","154","81","83","124","132","175","183","138","142","260","262","146","150","125","125","153","155","92","95","150","150","180","180","110","110","170","172","89","89","161","165","89","89","116","116","167","167","238","238","130","132","92","98","101","95","181","181","205","205","144","166","153","153"
"2021","EINPW","Wood Bison","","142",NA,2015,"Davis","EIB163","480","EIB77_773_Parks Canada_Results","","89","89","136","136","187","187","249","253","103","103","141","141","93","97","129","149","191","191","238","238","87","87","160","160","108","115","176","176","225","227","143","143","158","158","102","90","138","142","188","190","250","252","173","173","146","152","154","156","81","83","124","124","175","183","142","142","262","262","150","150","125","129","157","157","91","92","150","150","180","196","110","112","172","176","89","89","161","169","89","89","116","118","167","167","228","238","130","132","92","98","101","101","177","181","211","215","142","144","153","153"
"2021","EINPW","Wood Bison","","143",NA,2015,"Davis","EIB164","481","EIB77_773_Parks Canada_Results","","89","91","134","140","179","179","249","253","103","103","141","141","103","93","129","149","191","191","238","238","87","87","158","160","108","115","174","176","229","233","143","143","154","160","90","90","127","127","194","194","252","252","167","173","166","166","154","160","83","83","124","124","183","183","142","148","260","262","140","150","129","129","155","155","91","91","150","150","180","180","106","112","170","176","85","89","161","161","89","89","116","118","167","167","228","228","128","134","102","98","103","103","177","181","205","205","166","168","145","151"
"2021","EINPW","Wood Bison","","144",NA,2015,"Davis","EIB165","482","EIB77_773_Parks Canada_Results","","91","91","136","138","179","187","253","253","103","103","141","141","103","93","129","129","191","191","238","238","87","87","158","158","108","113","174","182","229","229","143","143","160","160","102","90","127","127","188","194","252","254","173","177","166","166","154","154","77","83","124","132","179","183","138","142","262","262","146","150","125","125","155","155","92","95","146","146","180","184","110","112","170","172","89","89","161","165","89","89","116","116","167","167","228","228","128","132","98","98","103","95","181","181","207","211","144","158","145","153"
"2021","EINPW","Wood Bison","","145",NA,2015,"Davis","EIB166","483","EIB77_773_Parks Canada_Results","","93","93","136","136","179","187","253","269","103","103","135","135","103","93","129","129","189","191","238","252","89","89","158","158","108","108","172","176","227","231","143","143","158","158","88","90","140","140","194","194","252","252","167","177","146","152","154","160","81","83","132","132","175","183","142","142","260","262","150","150","125","129","155","155","92","92","150","150","180","196","110","110","172","178","89","95","161","161","89","89","116","118","167","167","228","228","128","130","102","102","101","103","181","191","201","207","142","166","151","151"
"2021","EINPW","Wood Bison","","146",NA,2015,"Davis","EIB167","484","EIB77_773_Parks Canada_Results","","89","89","134","138","187","187","253","271","103","103","135","147","93","97","129","149","189","191","238","238","87","87","158","158","115","115","172","174","229","229","143","143","156","158","102","90","142","142","194","194","250","252","167","173","152","152","144","154","81","85","122","124","175","179","142","150","262","262","150","150","125","129","155","159","91","94","150","150","180","198","110","112","166","172","85","89","161","165","81","89","116","118","161","167","228","228","114","130","102","104","101","103","177","181","205","215","144","166","149","153"
"2021","EINPW","Wood Bison","","147",NA,2015,"Davis","EIB168","485","EIB77_773_Parks Canada_Results","","89","89","134","138","187","187","253","253","103","103","141","141","103","91","129","141","189","195","238","254","87","89","158","160","113","115","172","176","229","233","143","143","158","160","102","90","142","148","188","190","252","252","167","177","152","152","154","160","83","83","124","124","183","183","142","142","260","262","150","150","125","129","153","155","91","94","146","150","180","180","106","112","170","172","83","95","161","173","89","89","116","118","167","167","224","228","130","130","104","98","101","103","191","191","207","215","142","166","151","151"
"2021","EINPW","Wood Bison","","148",NA,2015,"Davis","EIB169","486","EIB77_773_Parks Canada_Results","","91","93","136","136","179","181","253","253","103","103","135","145","103","97","141","149","189","191","232","232","87","87","158","160","115","115","176","180","227","229","143","143","154","156","102","90","127","140","190","194","252","252","167","175","152","152","154","154","83","83","124","132","165","165","142","142","256","260","140","150","125","125","155","155","91","95","148","150","180","198","110","112","166","170","85","85","161","165","89","89","116","116","167","167","238","238","130","130","102","92","101","103","177","181","205","215","142","166","145","145"
"2021","EINPW","Wood Bison","","149",NA,2015,"Davis","EIB170","487","EIB77_773_Parks Canada_Results","","89","89","136","136","179","181","253","269","103","103","141","145","89","97","129","129","191","191","232","238","87","89","158","158","115","115","174","176","227","229","143","143","158","158","90","90","127","148","194","194","252","252","167","177","146","146","154","156","77","85","132","132","175","183","142","142","262","262","140","150","125","125","155","157","91","92","150","150","180","196","110","110","166","172","89","89","161","165","81","87","118","118","167","167","236","238","128","130","98","98","103","95","181","181","205","207","142","168","149","151"
"2021","EINPW","Wood Bison","","85014","1986",1986,"Davis","EIB171","488","EIB77_773_Parks Canada_Results","","89","91","138","138","179","187","253","253","103","103","135","141","89","91","129","129","191","191","232","232","89","89","147","162","113","115","174","174","229","233","143","143","156","158","90","90","142","142","190","190","244","244","177","177","146","154","144","154","77","81","126","132","165","175","138","138","262","262","150","150","123","129","157","157","92","92","150","150","180","180","106","110","172","172","89","89","173","173","85","89","116","116","167","167","228","228","130","130","96","96","101","103","181","181","205","205","166","166","145","149"
"2021","EINPW","Wood Bison","","85026","1986",1986,"Davis","EIB172","489","EIB77_773_Parks Canada_Results","","91","91","136","140","187","187","253","269","103","103","141","145","103","103","129","129","195","195","238","238","87","89","162","162","113","113","174","178","225","229","143","143","158","158","90","90","142","142","194","194","252","252","167","177","152","152","154","160","83","83","124","124","175","183","138","142","260","262","146","150","129","129","153","155","91","95","150","150","180","180","112","112","166","176","89","89","161","165","89","89","116","116","167","167","228","238","114","130","102","98","101","103","181","191","205","215","168","168","151","153"
"2021","EINPW","Wood Bison","","L27599","1990",1990,"Davis","EIB173","490","EIB77_773_Parks Canada_Results","","89","89","136","138","179","181","253","253","103","103","135","141","103","93","129","129","189","191","238","252","87","91","158","162","108","115","174","176","227","229","143","143","154","158","102","90","142","148","188","190","250","252","167","177","146","146","154","158","77","81","124","132","165","183","148","148","260","262","148","150","125","129","155","155","91","91","146","150","180","184","106","112","166","170","89","89","161","165","87","89","116","118","167","167","236","238","130","132","102","92","95","95","181","181","201","207","158","166","149","153"
"2021","EINPW","Wood Bison","","R87001","1990",1990,"Davis","EIB174","491","EIB77_773_Parks Canada_Results","","89","89","134","138","179","179","269","269","103","103","141","141","103","97","129","129","189","191","232","232","87","89","160","161","108","115","174","182","229","229","143","143","156","156","90","90","142","148","194","194","244","252","167","177","146","154","154","154","77","83","122","132","165","175","142","148","260","262","148","150","123","129","151","155","91","95","150","150","180","180","110","112","172","172","85","89","161","173","85","89","116","118","167","167","228","228","128","134","102","104","101","103","181","181","205","205","168","168","145","153"
"2021","EINPW","Wood Bison","","R87029","1990",1990,"Davis","EIB175","492","EIB77_773_Parks Canada_Results","","89","93","134","134","181","187","253","253","103","103","141","141","97","97","129","129","189","191","238","238","87","91","158","162","113","113","174","174","227","229","143","143","158","158","90","90","140","142","190","190","252","252","175","175","150","152","144","154","83","83","124","132","183","183","142","142","262","262","140","150","129","129","155","159","91","92","150","150","196","198","106","112","166","166","89","89","161","161","89","89","116","118","167","167","228","228","128","130","102","102","103","103","177","181","205","211","142","144","145","149"
"2021","EINPW","Wood Bison","","W79001","1990",1990,"Davis","EIB176","493","EIB77_773_Parks Canada_Results","","89","89","134","138","187","187","253","253","103","103","141","141","103","97","129","129","189","191","238","252","87","91","160","160","115","115","172","174","227","229","143","143","158","160","90","90","142","148","190","194","252","252","173","175","152","152","144","160","77","83","132","132","175","183","142","142","262","262","150","150","125","129","155","155","91","92","150","150","180","184","112","112","170","172","89","95","161","161","87","89","116","118","167","167","228","238","128","132","102","102","103","95","181","191","205","207","142","166","145","145"
"2021","EINPW","Wood Bison","","W83035",NA,1983,"Davis","EIB177","494","EIB77_773_Parks Canada_Results","","89","91","136","136","187","187","253","253","103","104","141","141","103","97","129","141","191","191","232","238","87","87","158","162","115","115","174","174","229","229","143","143","158","158","102","90","127","148","188","194","252","252","167","173","152","154","154","154","77","81","132","132","165","183","142","148","262","262","148","150","129","129","155","155","92","95","148","150","196","196","112","112","170","176","89","95","165","173","89","89","116","116","167","167","228","238","130","130","102","102","101","95","181","181","205","205","142","166","151","153"
"2021","EINPW","Wood Bison","","W84001","1990",1990,"Davis","EIB178","495","EIB77_773_Parks Canada_Results","","89","91","136","138","179","187","253","271","103","103","141","145","103","91","129","149","191","191","238","238","87","87","158","160","108","113","174","174","225","233","143","143","156","156","102","90","138","142","194","194","252","252","167","167","146","152","144","154","83","83","132","132","175","179","142","148","256","262","150","150","125","129","155","157","91","91","150","150","184","196","110","112","166","172","85","89","161","161","87","89","118","118","167","167","236","238","130","132","98","98","101","95","181","181","205","205","144","166","151","151"
"2021","EINPW","Wood Bison","","W84003",NA,1984,"Davis","EIB179","496","EIB77_773_Parks Canada_Results","","89","91","136","138","187","187","253","253","103","103","141","147","101","103","129","131","195","195","252","252","87","87","158","162","115","115","172","174","227","231","143","143","154","160","102","90","127","142","188","194","250","252","173","173","146","146","154","154","81","83","124","132","165","175","138","142","262","262","150","150","129","129","155","155","91","95","150","150","180","180","106","112","166","172","89","95","165","169","89","89","116","116","167","167","228","236","130","130","104","92","95","95","191","191","201","207","158","168","153","153"
"2021","EINPW","Wood Bison","","WR86013",NA,1986,"Davis","EIB180","497","EIB77_773_Parks Canada_Results","","89","89","134","136","179","181","241","253","103","103","135","145","93","93","129","129","189","191","232","238","87","89","147","162","108","115","174","176","225","229","143","143","158","160","90","90","127","142","188","194","252","252","167","173","152","152","144","154","77","77","124","132","165","175","142","148","262","262","146","150","125","125","155","155","91","95","150","150","180","180","106","112","172","172","89","89","169","173","87","89","114","118","167","167","228","238","114","130","102","98","101","103","181","191","201","205","144","158","151","153"
"2021","EINPW","Wood Bison","","WR86015",NA,1986,"Davis","EIB181","498","EIB77_773_Parks Canada_Results","","89","91","136","136","181","187","249","269","103","103","141","145","93","97","129","149","189","191","232","252","87","87","158","160","115","115","174","176","227","227","143","143","156","158","90","90","127","140","190","190","252","252","167","173","152","152","154","160","83","83","124","132","175","175","142","148","262","262","146","150","123","125","157","157","91","91","146","148","180","180","112","112","166","172","89","89","161","161","89","91","116","118","167","167","228","236","128","130","104","92","103","95","181","181","205","205","142","142","151","153"
"2021","EINPW","Wood Bison","","WR86017",NA,1986,"Davis","EIB182","499","EIB77_773_Parks Canada_Results","","89","89","136","136","179","187","253","269","103","103","145","147","103","93","129","129","191","191","238","238","87","89","158","158","108","108","172","174","227","229","143","143","158","158","90","90","127","142","190","194","250","252","167","173","152","154","152","154","81","85","124","132","175","183","142","142","260","262","150","150","125","129","155","159","91","94","150","150","180","180","112","112","172","174","85","89","161","165","81","89","116","118","167","167","228","228","114","130","102","102","101","101","181","181","201","211","142","144","145","151"
"2021","EINPW","Wood Bison","","WR86024",NA,1986,"Davis","EIB183","500","EIB77_773_Parks Canada_Results","","91","91","136","136","179","181","241","249","103","103","135","141","93","93","129","143","191","191","232","238","89","89","158","161","113","115","174","178","229","231","143","143","156","158","102","90","142","142","194","194","252","252","167","173","152","152","154","154","83","83","124","124","179","183","138","142","262","262","150","150","129","129","153","155","91","94","148","150","180","180","112","112","166","166","89","89","173","173","89","89","116","116","167","167","228","228","132","132","102","92","101","101","181","181","205","211","166","168","145","151"
"2021","EINPW","Wood Bison","","WR86028",NA,1986,"Davis","EIB184","501","EIB77_773_Parks Canada_Results","","89","91","136","136","179","181","253","253","103","103","135","141","89","97","129","129","189","191","232","238","87","89","147","158","115","115","174","180","229","233","143","143","158","158","90","90","142","142","190","194","252","252","167","177","146","152","154","160","81","83","124","132","175","183","138","142","260","262","140","150","123","129","155","157","91","94","146","150","180","184","110","110","166","172","85","89","161","173","85","89","116","118","167","167","228","236","130","130","102","104","103","95","181","191","205","207","166","168","145","151"
"2021","EINPW","Wood Bison","","WR87005",NA,1987,"Davis","EIB185","502","EIB77_773_Parks Canada_Results","","89","89","136","136","181","187","253","253","103","103","145","145","97","97","129","149","189","191","232","252","87","87","147","158","115","115","172","174","229","229","143","143","158","158","90","90","127","146","190","194","250","252","173","177","152","166","156","160","81","83","132","132","183","183","142","142","256","260","150","150","125","129","155","159","91","92","148","150","194","196","106","110","170","172","89","89","161","173","89","89","116","118","167","167","228","238","128","130","104","98","95","95","181","191","205","205","144","144","145","153"
"2021","EINPW","Wood Bison","","WR87006",NA,1987,"Davis","EIB186","503","EIB77_773_Parks Canada_Results","","89","91","136","136","179","187","253","253","103","103","135","141","91","93","129","141","189","191","232","238","89","91","147","160","113","115","174","174","229","229","143","143","158","158","90","90","140","142","190","190","252","252","177","177","146","152","154","154","83","83","126","132","175","183","138","138","262","262","150","150","123","129","155","157","92","92","150","150","180","180","110","112","170","172","85","89","165","169","85","87","116","116","167","167","228","228","130","132","104","96","101","103","177","181","201","207","142","166","151","153"
"2021","EINPW","Wood Bison","","WR87009",NA,1987,"Davis","EIB187","504","EIB77_773_Parks Canada_Results","","89","91","136","136","179","187","269","269","103","104","141","145","103","89","129","149","191","191","232","252","87","87","147","158","115","115","174","174","229","233","143","143","158","160","102","90","127","142","188","194","252","252","167","173","146","152","154","160","83","85","124","132","179","183","148","148","260","262","146","146","125","129","153","155","92","95","146","150","184","184","110","112","166","170","85","89","161","165","81","87","118","118","161","167","224","228","122","130","104","96","101","101","181","181","205","207","144","166","145","153"
"2021","EINPW","Wood Bison","","WR87010",NA,1987,"Davis","EIB188","505","EIB77_773_Parks Canada_Results","","89","91","136","136","179","187","249","253","103","103","141","147","93","93","129","141","189","191","232","232","87","89","158","158","113","115","174","174","229","229","143","143","158","158","102","90","142","142","190","190","252","252","173","177","152","152","144","154","77","83","132","132","175","183","138","142","260","262","146","150","123","129","155","155","91","91","150","150","184","196","112","112","172","176","89","95","161","165","89","89","116","116","167","167","228","228","130","132","104","98","103","95","181","181","207","211","142","168","153","153"
"2021","EINPW","Wood Bison","","WR87012",NA,1987,"Davis","EIB189","506","EIB77_773_Parks Canada_Results","","89","91","136","138","179","187","253","253","103","103","135","141","103","93","129","143","191","195","232","254","87","89","160","160","113","115","174","174","229","229","143","143","158","158","88","90","142","142","188","194","252","252","173","177","146","152","154","154","83","83","132","132","175","183","142","142","260","262","150","150","123","129","153","155","92","95","150","150","180","184","110","110","170","172","89","89","161","161","87","89","118","118","167","167","224","228","130","132","102","102","101","103","181","181","205","205","166","168","145","145"
"2021","EINPW","Wood Bison","","WR87013",NA,1987,"Davis","EIB190","507","EIB77_773_Parks Canada_Results","","91","91","136","136","187","187","253","253","103","103","141","141","103","93","129","143","189","195","232","252","87","89","158","160","113","115","172","174","229","229","143","143","158","158","90","90","142","146","190","194","250","252","177","177","146","152","154","156","81","83","124","132","183","183","138","142","262","262","150","150","125","129","155","155","91","95","150","150","180","184","112","112","172","172","89","95","165","165","85","87","116","118","161","167","224","228","132","132","102","98","95","95","177","191","205","205","166","168","153","153"
"2021","EINPW","Wood Bison","","WR87017",NA,1987,"Davis","EIB191","508","EIB77_773_Parks Canada_Results","","89","89","136","136","179","187","253","253","103","104","141","141","93","97","129","129","191","191","238","252","87","87","158","162","108","115","172","174","229","229","143","143","154","158","102","90","127","142","194","194","252","252","173","173","152","166","154","154","77","81","122","132","165","165","142","148","262","262","146","148","125","129","155","155","92","92","146","150","184","196","106","112","176","178","89","95","161","165","89","89","118","118","167","167","238","238","122","130","102","102","95","95","181","181","205","205","166","166","151","153"
"2021","EINPW","Wood Bison","","WR87018",NA,1987,"Davis","EIB192","509","EIB77_773_Parks Canada_Results","","91","93","136","140","181","181","253","253","103","103","141","141","103","85","129","129","189","195","232","252","89","91","158","162","113","115","172","174","229","229","143","145","160","160","90","90","140","146","188","194","250","252","167","173","152","152","154","154","81","83","132","132","165","183","138","142","262","262","150","150","129","129","155","155","91","91","146","150","180","184","110","112","172","174","89","89","161","161","87","89","116","116","161","167","228","238","114","130","102","102","101","95","177","181","211","215","158","166","151","153"
"2021","EINPW","Wood Bison","","WR87019",NA,1987,"Davis","EIB193","510","EIB77_773_Parks Canada_Results","","89","91","136","138","179","187","253","253","103","103","145","145","89","93","129","141","191","193","232","238","87","87","158","158","113","113","174","176","229","231","143","143","158","158","102","90","140","142","190","194","244","250","167","177","146","166","152","154","77","83","132","132","175","183","142","142","260","262","146","150","123","125","155","157","91","92","150","150","180","180","110","112","170","172","89","89","165","173","87","91","116","116","167","167","228","238","128","130","98","98","101","95","181","181","211","215","144","166","151","153"
"2021","EINPW","Wood Bison","","WR87020",NA,1987,"Davis","EIB194","511","EIB77_773_Parks Canada_Results","","89","91","134","134","179","179","253","253","103","103","135","145","93","97","129","129","189","189","238","238","87","87","158","158","113","113","172","172","225","229","143","143","158","158","90","90","127","142","188","194","252","252","167","173","146","164","154","156","77","83","124","132","175","175","142","142","260","262","150","150","129","129","155","155","91","91","150","150","196","196","106","110","170","172","89","89","165","169","85","89","116","116","167","167","228","228","130","130","102","104","101","95","181","181","201","211","142","158","151","153"
"2021","EINPW","Wood Bison","","WR87023",NA,1987,"Davis","EIB195","512","EIB77_773_Parks Canada_Results","","89","93","136","136","181","181","253","271","103","103","141","141","103","97","129","149","191","191","252","252","87","87","158","160","108","115","172","180","231","231","143","143","158","158","90","90","127","148","190","194","250","252","167","177","152","152","152","154","81","83","132","132","175","183","142","142","256","260","140","150","125","125","155","155","91","92","150","150","180","194","106","110","166","172","89","89","161","161","89","89","118","118","167","167","228","236","128","132","102","98","101","95","181","191","205","211","142","144","145","149"
"2021","EINPW","Wood Bison","","WR87035",NA,1987,"Davis","EIB196","513","EIB77_773_Parks Canada_Results","","89","91","136","138","187","187","241","253","103","103","141","141","103","93","129","143","191","195","232","252","87","87","158","162","115","115","174","176","229","229","143","143","156","160","90","90","140","142","190","190","252","252","177","177","146","146","156","156","83","83","124","132","175","179","142","142","260","262","150","150","125","125","155","155","91","91","150","150","184","184","106","106","172","172","85","95","161","173","89","89","116","116","167","167","224","238","114","132","104","98","101","101","181","181","205","211","166","168","149","151"
"2021","EINPW","Wood Bison","","WR87037",NA,1987,"Davis","EIB197","514","EIB77_773_Parks Canada_Results","","89","91","136","138","179","187","253","269","103","103","141","145","103","97","129","129","191","191","232","238","87","89","158","160","113","115","174","174","227","229","143","143","156","158","90","90","142","148","194","194","252","254","167","177","152","154","160","160","77","83","124","132","165","175","138","142","262","262","150","150","129","129","155","155","91","91","150","150","180","180","110","112","172","172","85","89","161","165","85","89","116","116","167","167","228","228","130","130","98","98","101","101","181","181","205","215","166","168","145","153"
"2021","EINPW","Wood Bison","","WR87039",NA,1987,"Davis","EIB198","515","EIB77_773_Parks Canada_Results","","89","89","136","136","179","181","253","253","103","103","141","141","93","93","129","129","191","191","238","238","87","89","158","158","108","108","172","174","225","229","143","143","158","158","90","90","146","148","190","194","250","252","167","177","146","150","152","156","77","77","132","132","165","175","142","148","262","262","140","150","125","125","155","159","91","91","150","150","180","194","106","112","172","172","89","89","159","165","85","89","114","116","167","167","228","238","130","132","102","102","101","95","181","181","205","205","142","168","145","153"
"2021","EINPW","Wood Bison","","WR87040",NA,1987,"Davis","EIB199","516","EIB77_773_Parks Canada_Results","","89","93","138","138","179","187","249","253","103","103","135","135","103","93","129","149","191","191","232","252","87","87","158","158","113","115","172","172","227","227","143","143","154","158","102","90","140","142","188","194","250","252","173","173","152","152","154","154","83","83","124","132","179","183","142","142","260","262","148","150","123","125","155","155","91","91","148","150","180","180","110","112","172","172","89","89","161","169","89","89","116","118","167","167","228","236","130","132","102","92","101","95","181","191","207","211","142","168","145","153"
"2021","EINPW","Wood Bison","","WR88006",NA,1988,"Davis","EIB201","517","EIB77_773_Parks Canada_Results","","89","91","134","134","187","187","253","269","103","103","141","141","97","97","129","141","189","191","238","252","87","91","160","160","115","115","172","174","229","229","143","143","158","158","90","90","142","148","190","190","252","252","175","177","152","152","154","160","77","77","132","132","183","183","142","142","262","262","140","150","129","129","155","155","92","92","150","150","180","194","110","112","172","176","89","89","161","161","87","87","116","116","167","167","238","238","128","128","102","102","103","95","177","181","205","205","142","142","145","153"
"2021","EINPW","Wood Bison","","WR88012",NA,1988,"Davis","EIB202","518","EIB77_773_Parks Canada_Results","","91","91","136","138","179","181","241","253","103","103","135","135","91","93","129","129","191","191","232","232","89","89","147","161","113","113","174","178","229","233","143","143","156","158","102","90","140","142","194","194","252","252","173","173","152","154","154","154","81","83","124","126","175","179","138","138","262","262","150","150","129","129","153","155","94","94","148","150","180","180","110","112","166","172","85","89","173","173","89","89","116","116","167","167","228","228","130","132","92","96","101","95","181","181","207","211","144","166","145","145"
"2021","EINPW","Wood Bison","","WR88023",NA,1988,"Davis","EIB203","519","EIB77_773_Parks Canada_Results","","89","91","134","136","179","187","253","269","103","103","141","141","89","93","129","129","189","191","232","238","87","89","147","158","108","115","172","174","225","233","143","143","158","158","90","90","142","146","194","194","244","254","173","177","154","154","144","144","77","81","132","132","165","183","138","142","262","262","150","150","123","129","155","155","91","92","150","150","184","196","110","112","172","172","85","89","161","169","85","89","114","116","165","167","228","238","128","130","102","96","101","101","181","181","207","211","166","168","151","153"
"2021","EINPW","Wood Bison","","WR89003",NA,1989,"Davis","EIB205","520","EIB77_773_Parks Canada_Results","","89","89","134","136","181","187","253","253","103","103","141","141","103","93","129","149","191","191","238","238","87","87","158","170","113","113","174","176","229","231","143","143","156","158","102","90","146","146","190","194","252","252","167","175","146","152","154","160","77","81","124","132","183","183","142","142","260","260","150","150","125","129","157","159","91","92","150","150","180","196","106","112","166","170","85","89","161","161","89","89","116","118","167","167","228","228","128","130","102","92","95","95","181","181","205","207","144","166","149","149"
"2021","EINPW","Wood Bison","","WR89012",NA,1989,"Davis","EIB206","521","EIB77_773_Parks Canada_Results","","89","93","134","136","181","191","253","253","103","103","141","141","93","93","129","149","189","191","232","238","87","87","158","158","108","115","172","178","231","231","143","143","158","158","90","90","142","142","194","194","252","252","167","173","146","152","154","160","81","83","124","132","183","183","142","142","260","262","150","150","125","125","153","155","92","95","150","150","180","196","106","110","166","172","85","89","169","173","89","89","116","118","167","167","228","228","130","132","102","104","101","103","181","191","205","207","166","168","149","151"
"2021","EINPW","Wood Bison","","WR89017",NA,1989,"Davis","EIB207","522","EIB77_773_Parks Canada_Results","","89","91","138","138","179","181","253","253","103","103","135","141","93","93","129","129","189","191","238","238","87","89","158","158","113","113","172","174","227","227","143","143","158","160","102","90","127","142","188","190","252","252","167","173","146","152","154","154","81","83","124","132","183","183","142","142","262","262","150","150","129","129","155","157","91","91","148","150","180","196","110","110","166","170","89","89","169","173","87","89","118","118","167","167","224","236","130","132","104","92","101","95","181","181","205","211","142","166","151","153"
"2021","EINPW","Wood Bison","","WR89026",NA,1989,"Davis","EIB208","523","EIB77_773_Parks Canada_Results","","89","89","136","138","187","187","249","253","103","103","141","147","103","103","129","129","191","191","232","238","87","89","160","161","108","113","172","172","229","229","143","143","156","158","102","90","142","146","190","194","252","252","177","177","152","152","154","154","77","83","124","132","183","183","142","142","262","262","150","150","125","129","155","155","91","92","150","150","180","180","108","112","170","172","89","89","161","167","89","89","116","116","167","167","228","228","130","132","98","98","103","95","177","191","205","215","166","168","149","153"
"2021","EINPW","Wood Bison","","WR89030",NA,1989,"Davis","EIB209","524","EIB77_773_Parks Canada_Results","","89","89","136","136","187","187","249","253","103","103","135","141","93","93","129","129","191","191","232","238","87","87","147","160","115","115","172","174","227","229","143","143","156","158","102","90","142","142","188","190","252","252","173","177","146","152","144","154","77","83","132","132","175","183","138","142","260","262","146","150","129","129","157","159","91","91","150","150","184","196","112","112","172","172","89","89","161","169","89","89","116","118","161","167","228","236","114","132","102","102","101","95","181","181","207","211","168","170","153","153"
"2021","EINPW","Wood Bison","","WR89031",NA,1989,"Davis","EIB210","525","EIB77_773_Parks Canada_Results","","89","91","134","140","187","187","253","253","103","103","141","141","103","97","129","141","191","191","238","238","87","91","158","160","113","115","174","174","229","229","143","143","156","158","90","90","127","140","190","194","252","252","177","177","152","152","154","160","77","83","126","132","183","183","138","142","262","262","146","150","129","129","155","155","92","94","150","150","180","198","110","112","176","176","89","89","161","161","89","89","116","116","167","167","228","228","114","130","102","98","103","95","181","191","205","211","142","168","145","151"
"2021","EINPW","Wood Bison","","WR89036",NA,1989,"Davis","EIB211","526","EIB77_773_Parks Canada_Results","","89","89","136","136","179","179","241","269","103","103","141","147","93","93","129","143","189","191","232","238","87","87","147","161","113","113","174","176","229","231","143","143","156","158","102","90","142","142","194","194","246","252","167","177","152","166","154","160","81","81","124","124","175","183","142","142","262","262","146","148","125","129","155","155","91","91","150","150","184","184","112","112","166","172","85","89","161","161","89","89","118","118","167","167","228","238","130","132","92","98","101","99","181","191","207","215","158","168","151","153"
"2021","ETH","Wood Bison","","2009-2234","2009",2009,"Davis","EIB585","530","EIB77_773_Parks Canada_Results","","89","91","134","138","187","187","253","253","103","103","141","141","103","93","129","129","191","195","238","252","87","87","158","158","115","115","174","174","227","229","143","143","156","160","102","90","127","148","194","194","252","252","173","175","146","146","154","154","83","83","124","132","175","175","138","142","260","262","150","150","125","129","155","155","91","91","150","150","180","180","110","112","166","172","83","95","161","165","89","89","116","116","167","167","228","228","128","130","92","98","95","95","181","191","205","207","158","166","153","153"
"2021","ETH","Wood Bison","","2009-2235","2009",2009,"Davis","EIB586","531","EIB77_773_Parks Canada_Results","","89","91","134","136","179","187","253","253","103","103","141","141","93","97","129","143","189","191","232","238","87","91","147","158","108","113","172","174","225","229","143","143","154","158","90","90","140","140","188","190","252","252","167","167","152","166","144","160","81","83","124","132","165","183","138","148","260","262","146","150","125","125","155","155","92","94","150","150","180","184","110","112","166","170","89","89","161","161","81","85","116","116","167","167","224","238","128","128","102","96","103","99","181","181","207","211","142","166","151","151"
"2021","ETH","Wood Bison","","2009-2236","2009",2009,"Davis","EIB587","532","EIB77_773_Parks Canada_Results","","89","91","136","136","179","179","241","269","103","103","135","135","103","89","129","143","189","189","232","232","87","87","147","158","113","115","174","174","227","229","143","143","158","158","90","90","127","140","188","190","252","252","173","177","152","152","144","154","77","83","124","124","183","183","142","142","260","262","146","150","125","129","155","155","91","92","150","150","180","184","110","112","166","172","85","89","161","169","85","89","116","116","167","167","228","238","130","130","102","92","101","103","177","181","207","211","142","158","151","151"
"2021","ETH","Wood Bison","","2009-2237","2009",2009,"Davis","EIB588","533","EIB77_773_Parks Canada_Results","","89","93","134","136","181","187","241","253","103","103","135","141","93","97","141","143","189","191","232","238","87","89","160","160","113","113","174","174","227","227","143","143","158","158","90","90","140","148","188","190","246","252","173","177","152","152","154","160","83","83","124","132","175","183","142","148","260","262","148","150","129","129","155","155","91","91","150","150","180","198","106","112","172","176","85","89","161","173","89","89","116","118","167","167","228","238","130","132","102","102","95","99","177","181","207","215","142","166","145","151"
"2021","ETH","Wood Bison","","2009-2238",NA,2009,"Davis","EIB589","534","EIB77_773_Parks Canada_Results","","89","93","136","138","179","187","241","269","103","103","135","141","103","103","141","143","189","195","232","254","87","87","147","158","113","113","172","174","227","227","143","143","158","160","90","90","140","142","190","194","246","252","167","177","152","154","154","160","83","83","124","124","175","183","142","148","260","262","146","150","125","125","155","155","91","92","150","150","184","196","110","112","170","176","85","89","161","161","89","89","116","118","167","167","228","228","130","132","102","92","101","99","181","191","205","205","142","166","145","151"
"2021","ETH","Wood Bison","","BIBI021110A","2010",2010,"Davis","EIB571","527","EIB77_773_Parks Canada_Results","","89","91","134","138","187","187","253","253","103","103","141","141","93","97","129","149","191","191","238","252","87","87","158","158","115","115","174","174","227","227","143","143","160","160","102","88","142","148","188","194","252","252","173","175","146","152","154","160","81","83","124","132","175","179","138","142","260","262","150","150","125","125","155","159","91","91","150","150","180","180","112","112","166","176","89","95","161","161","87","89","116","116","167","167","228","228","128","132","102","92","101","95","181","191","205","205","158","168","149","153"
"2021","ETH","Wood Bison","","Etthithun 14-006",NA,2014,"Davis","EIB593","538","EIB77_773_Parks Canada_Results","","91","93","136","136","179","187","241","241","103","103","135","147","93","93","143","143","189","191","232","238","87","87","147","160","113","115","172","174","227","227","143","143","158","158","90","90","127","140","190","194","246","252","177","177","154","166","144","160","81","83","132","132","183","183","142","142","260","262","150","150","125","129","155","155","91","92","150","150","180","196","112","112","170","172","85","89","161","161","81","89","116","118","167","167","228","238","130","132","102","98","103","99","177","181","205","205","158","166","151","153"
"2021","ETH","Wood Bison","","Etthithun 14-007",NA,2014,"Davis","EIB592","537","EIB77_773_Parks Canada_Results","","89","91","136","136","181","187","253","253","103","103","135","141","103","97","129","129","189","191","238","238","89","89","147","160","113","115","172","172","229","229","143","143","156","156","90","90","138","142","190","190","252","252","175","177","146","152","154","160","81","83","124","124","175","179","138","138","260","260","150","150","125","129","155","159","92","94","150","150","180","180","112","112","166","176","85","95","161","173","85","89","118","118","167","167","224","228","128","130","104","92","103","95","177","177","205","205","158","158","151","151"
"2021","ETH","Wood Bison","","Etthithun 14-010",NA,2014,"Davis","EIB597","540","EIB77_773_Parks Canada_Results","","89","91","136","136","187","187","253","269","103","103","135","145","103","93","129","143","191","191","232","252","87","87","158","162","108","115","172","174","227","233","143","143","154","156","90","90","127","140","194","194","246","252","173","177","152","152","144","160","81","83","126","132","175","183","142","142","262","262","146","146","125","125","155","155","92","92","146","150","180","184","112","112","166","172","85","89","161","161","85","89","116","118","167","167","228","238","130","132","102","102","101","101","181","191","205","207","142","164","151","151"
"2021","ETH","Wood Bison","","Etthithun 14-011",NA,2014,"Davis","EIB591","536","EIB77_773_Parks Canada_Results","","89","93","136","136","179","179","241","253","103","103","141","141","103","93","141","143","189","195","232","232","87","87","147","158","113","115","174","174","227","229","143","143","158","160","90","90","140","140","190","190","250","252","167","177","150","154","160","160","83","83","124","132","165","175","142","148","260","260","146","150","125","125","155","155","91","92","150","150","184","198","112","112","170","176","85","89","161","161","89","89","116","118","167","167","228","228","132","132","102","98","103","99","181","181","205","207","142","168","145","153"
"2021","ETH","Wood Bison","","Etthithun 14-101",NA,2014,"Davis","EIB590","535","EIB77_773_Parks Canada_Results","","91","91","134","136","179","179","253","253","103","103","135","141","103","93","129","129","189","189","232","238","89","89","158","158","108","113","172","174","229","229","143","143","156","158","102","90","138","146","194","194","252","252","175","177","146","152","154","160","81","81","124","124","175","179","142","148","260","260","150","150","125","129","155","159","91","91","150","150","180","196","112","112","166","172","85","85","173","173","85","89","116","118","167","167","228","238","128","132","92","98","103","103","181","181","205","205","158","166","151","153"
"2021","ETH","Wood Bison","","Etthithun 14-102",NA,2014,"Davis","EIB596","539","EIB77_773_Parks Canada_Results","","91","91","134","138","179","187","253","269","103","103","141","141","91","97","129","149","189","191","238","238","87","87","158","160","113","113","172","172","229","231","143","143","158","158","102","90","140","140","194","194","252","252","167","167","146","152","160","160","81","83","124","124","175","183","138","142","260","262","150","150","129","129","155","157","91","94","150","150","180","180","106","112","166","176","89","89","161","161","85","89","116","118","167","167","228","238","128","130","102","102","101","103","181","181","205","211","166","166","151","153"
"2021","HZ","Wood Bison","","Hay Zama","2012",2012,"Davis","EIB563","541","EIB77_773_Parks Canada_Results","","89","89","136","138","187","187","253","253","103","103","141","141","103","97","129","129","191","191","232","238","87","91","158","161","113","115","172","174","227","229","143","143","156","158","102","90","140","142","190","194","252","252","167","173","146","154","154","160","83","83","124","132","183","183","142","142","260","260","140","150","125","129","155","155","91","92","150","150","180","180","106","112","172","176","89","89","161","173","89","89","0","0","167","167","228","236","128","130","102","102","101","95","181","181","205","205","144","166","145","153"
"2021","MBS","Wood Bison","","M09-01","2009",2009,"Davis","EIB389","570","EIB77_773_Parks Canada_Results","","89","91","134","134","179","179","241","253","103","103","135","141","103","103","129","141","189","191","232","232","87","89","158","161","113","113","172","176","229","231","143","143","156","158","90","90","140","146","190","194","252","254","173","177","152","152","154","154","77","83","124","124","175","181","142","148","256","262","146","150","125","125","155","159","91","92","146","146","184","184","106","110","172","172","81","89","173","173","91","91","116","116","167","167","224","238","130","134","102","96","103","103","181","191","205","211","162","166","149","151"
"2021","MBS","Wood Bison","","M09-02","2009",2009,"Davis","EIB390","571","EIB77_773_Parks Canada_Results","","89","89","134","138","179","181","253","269","103","105","141","145","103","103","129","143","189","191","232","252","87","87","161","162","108","113","172","174","231","231","143","143","158","158","90","90","127","140","190","190","246","250","167","177","146","152","154","156","81","85","124","124","165","175","142","148","260","260","140","150","125","125","155","159","91","95","150","150","180","184","106","108","170","176","89","89","161","173","87","91","116","118","167","167","228","238","114","130","102","104","95","99","191","191","205","211","142","158","145","145"
"2021","MBS","Wood Bison","","M09-03","2009",2009,"Davis","EIB391","572","EIB77_773_Parks Canada_Results","","91","93","136","136","179","181","241","253","103","103","135","135","103","103","129","143","189","195","232","238","87","87","161","162","108","115","172","172","231","231","143","143","156","156","90","90","127","148","194","200","252","252","173","175","146","152","144","154","83","83","124","132","165","183","148","148","262","262","140","150","123","129","155","155","92","94","150","150","180","196","110","110","170","176","81","89","173","173","81","85","116","116","167","167","238","238","134","134","102","92","101","103","181","181","205","205","142","158","145","145"
"2021","MBS","Wood Bison","","M09-04","2009",2009,"Davis","EIB392","573","EIB77_773_Parks Canada_Results","","89","89","134","136","181","187","253","269","103","103","145","145","103","97","129","129","195","195","238","238","87","87","162","162","108","115","172","182","227","229","143","143","158","158","90","90","140","148","194","194","252","252","167","175","152","152","154","154","83","83","122","124","165","175","142","142","256","262","146","150","125","129","155","155","91","92","146","150","180","180","106","110","170","176","81","81","165","173","81","89","116","116","167","167","236","238","130","132","104","92","101","101","177","181","211","211","142","162","145","145"
"2021","MBS","Wood Bison","","M09-05","2009",2009,"Davis","EIB393","574","EIB77_773_Parks Canada_Results","","89","89","136","136","179","187","253","253","103","105","145","145","103","89","143","143","189","195","232","238","89","89","162","162","113","115","174","174","229","229","143","143","158","158","90","90","127","127","190","194","246","252","165","173","152","166","154","154","83","85","122","124","175","183","142","142","260","262","140","150","123","129","157","159","91","94","146","150","180","180","106","110","174","176","89","89","165","173","87","89","116","116","167","167","238","238","130","130","96","98","101","103","181","191","205","211","142","168","151","153"
"2021","MBS","Wood Bison","","M09-06","2009",2009,"Davis","EIB394","575","EIB77_773_Parks Canada_Results","","91","91","134","142","181","187","241","253","103","103","141","141","103","85","129","143","195","195","238","252","87","87","147","162","115","115","172","174","231","231","143","143","156","160","102","90","140","140","190","194","246","252","175","177","146","146","154","160","83","85","124","124","183","183","142","150","262","262","146","146","125","129","155","155","91","92","150","150","184","192","106","110","166","176","81","89","165","173","91","91","108","118","167","167","228","238","114","114","102","102","101","95","181","191","211","215","142","142","151","153"
"2021","MBS","Wood Bison","","M09-08","2009",2009,"Davis","EIB396","576","EIB77_773_Parks Canada_Results","","91","91","134","136","179","179","253","269","103","103","135","135","103","83","129","143","195","195","238","252","87","87","161","161","115","115","172","174","231","231","143","143","156","156","90","90","127","140","188","200","252","252","177","177","164","166","144","154","81","83","124","124","175","183","142","148","262","262","146","148","125","125","157","159","91","91","150","150","180","184","106","112","170","170","85","89","165","165","87","89","116","116","167","167","228","240","130","130","102","104","101","95","181","191","211","215","142","158","153","153"
"2021","MBS","Wood Bison","","M09-09","2009",2009,"Davis","EIB397","577","EIB77_773_Parks Canada_Results","","89","93","134","136","181","185","241","269","103","105","145","145","93","93","129","129","189","195","238","238","87","87","143","147","115","115","172","178","231","231","143","143","158","158","102","90","127","127","194","200","246","252","167","175","152","162","144","154","77","83","124","124","165","175","142","142","262","262","140","146","127","129","155","155","92","94","150","154","180","196","106","112","170","176","83","89","165","165","85","85","116","116","167","167","236","238","130","130","92","92","103","95","181","191","205","215","158","168","151","151"
"2021","MBS","Wood Bison","","M09-10","2009",2009,"Davis","EIB398","578","EIB77_773_Parks Canada_Results","","89","93","136","142","179","187","253","253","103","103","141","145","93","97","143","143","191","191","232","238","87","87","158","160","108","115","174","178","227","229","143","143","156","158","102","90","127","127","188","194","252","252","167","177","152","152","154","154","83","83","122","124","165","183","142","148","262","262","148","150","123","129","155","155","91","91","146","150","184","192","106","112","170","176","81","89","161","173","81","89","116","116","167","167","228","240","130","132","102","102","101","95","181","181","205","205","142","158","151","153"
"2021","MBS","Wood Bison","","M09-11","2009",2009,"Davis","EIB399","579","EIB77_773_Parks Canada_Results","","91","91","136","136","181","181","241","253","103","103","135","145","103","97","129","143","191","195","238","238","87","87","158","158","113","113","172","178","231","231","143","143","158","158","102","90","140","140","190","194","246","252","165","175","146","158","156","156","81","83","124","132","165","165","142","142","260","262","146","150","125","129","155","155","91","92","146","146","184","196","106","112","170","170","81","89","173","173","81","85","116","118","167","167","228","236","114","130","102","98","101","103","181","191","211","211","142","168","151","153"
"2021","MBS","Wood Bison","","M09-12","2009",2009,"Davis","EIB400","580","EIB77_773_Parks Canada_Results","","89","91","134","138","175","179","241","253","103","103","141","145","103","93","129","143","195","195","232","252","87","87","158","162","115","115","172","178","229","229","143","143","156","158","90","90","127","146","194","194","252","252","167","167","146","152","144","156","83","83","124","124","175","175","142","148","260","260","146","150","125","127","155","157","91","94","150","150","192","196","110","112","170","170","85","89","161","165","81","91","116","116","167","167","224","228","130","130","104","92","101","99","181","191","205","211","142","142","151","153"
"2021","MBS","Wood Bison","","M09-13","2009",2009,"Davis","EIB401","581","EIB77_773_Parks Canada_Results","","91","91","134","136","179","187","253","269","103","105","135","141","103","91","129","143","189","195","238","250","87","87","158","162","108","115","176","178","229","231","143","143","156","160","90","90","127","140","194","194","246","246","175","175","146","152","154","156","81","81","122","124","175","175","142","150","260","262","140","150","123","127","155","159","91","91","146","150","180","180","106","110","170","170","89","89","165","173","89","91","116","116","167","167","224","238","130","132","102","102","101","101","181","181","211","215","158","166","145","153"
"2021","MBS","Wood Bison","","M09-14","2009",2009,"Davis","EIB402","582","EIB77_773_Parks Canada_Results","","91","91","136","136","185","187","253","269","103","103","135","135","83","93","129","129","191","191","232","238","87","87","161","162","113","115","172","172","229","231","143","143","158","160","102","90","140","140","194","194","246","252","165","167","152","166","154","156","83","83","124","132","175","183","148","148","260","262","140","150","127","129","155","159","91","94","146","150","180","196","106","112","176","176","89","89","161","173","81","89","116","116","167","167","224","238","130","132","102","104","103","95","191","191","205","207","142","162","145","151"
"2021","MBS","Wood Bison","","M09-15","2009",2009,"Davis","EIB403","583","EIB77_773_Parks Canada_Results","","91","91","138","138","179","181","241","269","103","103","141","147","103","103","129","143","191","195","238","238","87","89","147","162","113","113","172","178","227","231","143","143","156","160","102","90","127","127","190","194","246","252","177","177","158","166","154","154","83","83","124","124","165","165","142","150","260","260","140","150","125","129","155","159","91","94","146","154","180","184","106","106","170","176","85","89","161","173","81","87","116","116","167","167","224","238","130","130","102","104","101","101","181","191","205","205","162","168","145","145"
"2021","MBS","Wood Bison","","M09-16","2009",2009,"Davis","EIB404","584","EIB77_773_Parks Canada_Results","","89","91","136","136","179","181","241","253","103","104","135","145","103","103","129","143","191","191","238","238","87","89","158","161","113","115","172","178","229","229","143","143","156","158","90","90","127","138","190","194","246","252","167","173","146","152","154","154","81","83","122","132","165","175","142","148","260","262","148","150","123","125","157","157","91","91","148","150","180","184","110","112","170","176","81","89","161","165","85","91","108","118","167","167","224","228","130","132","102","102","101","95","181","181","205","211","142","142","145","153"
"2021","MBS","Wood Bison","","Mackenzie Bison Sanctuary 11",NA,1999,"Davis","EIB249","547","EIB77_773_Parks Canada_Results","","91","91","134","136","181","181","253","253","103","103","145","145","103","91","129","143","195","195","238","238","87","87","147","162","113","115","178","178","229","231","143","143","154","156","90","90","127","140","190","194","252","252","175","175","152","152","154","154","83","83","124","124","165","183","142","142","260","262","146","150","127","129","157","159","91","94","148","150","180","196","112","112","170","172","85","89","161","173","81","89","116","116","167","167","236","238","114","130","102","92","101","95","181","181","205","205","142","162","145","145"
"2021","MBS","Wood Bison","","Mackenzie Bison Sanctuary 12",NA,1999,"Davis","EIB250","548","EIB77_773_Parks Canada_Results","","89","91","136","136","175","179","241","269","103","105","141","145","103","97","143","143","189","191","238","252","87","89","147","147","115","115","172","174","227","231","143","143","156","160","90","90","127","140","190","194","246","246","167","175","150","152","154","154","81","83","122","124","165","181","142","150","262","262","140","146","129","129","155","157","91","91","150","150","184","192","110","110","172","174","83","95","161","173","81","89","116","116","167","167","228","238","130","132","104","98","101","99","181","191","211","211","142","168","145","153"
"2021","MBS","Wood Bison","","Mackenzie Bison Sanctuary 13",NA,1999,"Davis","EIB251","549","EIB77_773_Parks Canada_Results","","89","91","136","138","179","187","241","253","103","103","135","145","103","93","129","129","191","195","238","238","87","87","147","161","108","113","172","178","225","231","143","145","158","160","102","90","127","140","190","200","246","252","173","175","150","152","154","160","81","83","122","132","175","175","142","142","260","262","148","150","125","129","157","157","91","91","148","150","180","184","110","112","166","172","81","89","173","173","81","89","116","118","167","167","228","228","114","130","102","104","101","99","191","191","205","211","158","168","145","145"
"2021","MBS","Wood Bison","","Mackenzie Bison Sanctuary 14",NA,1999,"Davis","EIB252","550","EIB77_773_Parks Canada_Results","","89","89","134","136","187","187","253","253","103","103","141","141","103","91","129","143","189","191","238","238","87","87","158","162","115","115","174","182","229","231","143","143","158","160","102","90","140","140","190","194","246","254","165","173","146","158","154","160","81","83","132","132","183","183","142","148","260","262","146","148","125","129","155","157","91","94","150","150","184","192","106","106","170","174","89","95","161","173","81","91","116","116","167","167","224","236","130","130","102","104","101","103","181","191","205","211","142","158","151","151"
"2021","MBS","Wood Bison","","Mackenzie Bison Sanctuary 15",NA,1999,"Davis","EIB253","551","EIB77_773_Parks Canada_Results","","89","91","134","136","181","187","253","253","103","103","135","141","103","93","129","129","191","195","238","252","87","87","158","161","115","115","174","176","225","229","143","143","154","160","90","90","127","140","190","194","252","252","165","173","146","152","144","144","81","83","124","132","165","175","142","142","260","262","146","150","125","127","155","159","91","94","146","146","184","192","110","112","170","172","85","89","161","161","85","85","116","118","161","167","228","238","114","130","92","92","103","95","181","191","205","215","162","168","151","153"
"2021","MBS","Wood Bison","","Mackenzie Bison Sanctuary 16",NA,1999,"Davis","EIB254","552","EIB77_773_Parks Canada_Results","","89","91","136","142","181","181","253","253","103","105","145","145","85","93","129","129","189","191","252","252","87","89","147","160","115","115","172","172","233","233","143","143","158","158","90","90","140","146","194","194","246","252","173","175","152","152","154","154","83","85","122","124","175","183","142","148","262","262","146","150","129","129","155","159","91","91","150","154","180","180","106","110","166","172","81","89","161","165","85","91","108","118","167","167","238","238","118","134","102","102","101","101","181","191","205","207","142","162","145","151"
"2021","MBS","Wood Bison","","Mackenzie Bison Sanctuary 17",NA,1999,"Davis","EIB255","553","EIB77_773_Parks Canada_Results","","93","93","136","142","175","185","241","241","103","105","135","137","103","91","129","149","189","189","238","238","87","87","160","165","108","113","174","174","223","231","143","143","156","156","100","90","127","140","194","194","246","246","159","175","146","162","144","154","83","85","124","124","179","179","148","148","260","262","140","152","131","131","151","155","91","95","146","148","184","196","106","110","170","174","83","95","165","165","87","89","114","118","167","167","228","228","130","134","92","98","95","99","179","191","205","205","168","168","143","149"
"2021","MBS","Wood Bison","","Mackenzie Bison Sanctuary 18",NA,1999,"Davis","EIB256","554","EIB77_773_Parks Canada_Results","","89","91","134","136","181","181","253","269","103","103","141","141","103","103","129","143","195","195","232","238","87","89","147","160","113","113","172","178","227","229","143","145","158","158","90","90","140","140","188","194","246","252","165","175","146","146","154","154","81","83","122","124","165","183","142","148","260","262","146","150","127","129","157","157","91","94","150","150","180","184","110","112","172","174","89","89","161","161","85","89","116","116","167","167","228","228","114","114","104","98","101","103","181","181","205","207","162","162","145","151"
"2021","MBS","Wood Bison","","Mackenzie Bison Sanctuary 19",NA,1999,"Davis","EIB257","555","EIB77_773_Parks Canada_Results","","89","91","134","134","179","179","253","269","103","105","145","145","103","83","129","129","191","191","238","254","87","89","147","158","113","115","172","172","229","231","143","143","158","158","90","90","127","138","188","190","252","252","167","173","152","152","154","160","81","81","124","124","175","175","142","142","262","262","146","148","125","127","157","157","91","94","146","150","184","184","110","110","170","176","89","89","161","165","85","91","108","116","167","167","228","238","128","130","92","96","101","95","181","191","211","215","166","168","151","151"
"2021","MBS","Wood Bison","","Mackenzie Bison Sanctuary 20",NA,1999,"Davis","EIB258","556","EIB77_773_Parks Canada_Results","","89","91","136","136","179","181","253","253","103","103","135","141","103","85","143","143","189","191","238","252","87","87","158","162","113","115","178","178","227","231","143","143","156","156","90","90","127","148","190","190","252","252","173","175","146","152","154","154","81","81","124","132","175","183","142","150","260","262","150","150","125","129","155","159","91","91","146","150","180","184","106","110","170","170","81","89","161","161","81","91","116","116","167","167","236","238","114","114","102","98","103","99","181","191","205","207","162","162","151","151"
"2021","MBS","Wood Bison","","Mackenzie Bison Sanctuary 21",NA,1999,"Davis","EIB259","557","EIB77_773_Parks Canada_Results","","89","91","136","142","179","181","253","269","103","103","141","141","103","93","143","143","191","191","238","238","87","87","161","162","108","115","172","178","227","229","143","143","156","160","90","90","140","146","194","194","246","252","173","175","146","152","156","156","83","85","124","124","175","183","142","142","262","262","140","150","123","127","155","157","91","91","148","150","180","184","106","112","170","172","89","95","173","173","85","91","116","116","167","167","228","238","130","132","102","92","101","95","181","181","205","205","142","162","145","145"
"2021","MBS","Wood Bison","","Mackenzie Bison Sanctuary 35","1990",1990,"Davis","EIB260","558","EIB77_773_Parks Canada_Results","","89","89","134","134","179","187","253","269","103","103","141","145","89","93","129","143","191","195","232","252","87","89","158","162","113","115","174","176","227","231","143","143","156","158","102","90","127","148","190","194","252","252","173","177","152","164","144","154","81","83","124","132","165","165","142","148","260","262","150","150","125","127","155","157","91","94","146","150","184","192","106","112","170","176","89","89","161","165","91","91","118","118","167","167","228","238","130","130","102","102","103","95","181","191","205","215","158","164","145","149"
"2021","MBS","Wood Bison","","Mackenzie Bison Sanctuary 36","1990",1990,"Davis","EIB261","559","EIB77_773_Parks Canada_Results","","91","91","136","136","179","181","241","253","103","103","141","145","103","103","129","141","191","195","232","238","87","89","160","161","113","115","174","182","227","229","143","143","156","156","90","90","127","127","194","200","246","252","165","173","146","164","144","154","83","83","124","124","175","183","142","148","260","262","150","150","129","129","155","157","91","94","150","150","192","192","112","112","170","172","83","85","161","165","85","91","116","118","167","167","228","228","128","130","102","92","101","95","181","191","205","205","142","166","151","151"
"2021","MBS","Wood Bison","","Mackenzie Bison Sanctuary 37","1990",1990,"Davis","EIB262","560","EIB77_773_Parks Canada_Results","","91","93","134","136","179","181","241","253","103","103","141","145","103","93","129","141","191","191","238","252","87","87","158","161","113","115","172","176","229","231","143","143","156","160","102","90","127","127","194","194","252","252","165","175","152","152","144","154","83","83","124","124","165","183","142","150","260","262","146","150","129","129","155","157","92","92","146","154","180","180","112","90","170","170","83","95","165","173","81","87","116","116","167","167","228","236","130","130","102","92","101","103","181","191","211","215","158","168","145","151"
"2021","MBS","Wood Bison","","Mackenzie Bison Sanctuary 39","1990",1990,"Davis","EIB263","561","EIB77_773_Parks Canada_Results","","91","91","136","138","181","187","253","253","103","103","135","141","103","103","129","129","191","191","238","238","87","87","158","160","113","115","174","174","229","231","143","143","154","158","88","90","127","127","194","194","252","254","175","177","146","152","154","154","83","83","122","124","165","183","142","150","260","262","150","150","125","129","159","159","91","94","146","150","180","184","106","110","170","176","85","89","161","173","85","89","116","118","167","167","236","238","128","132","104","104","101","103","181","191","211","211","142","158","145","149"
"2021","MBS","Wood Bison","","Mackenzie Bison Sanctuary 4",NA,1999,"Davis","EIB244","542","EIB77_773_Parks Canada_Results","","89","91","136","138","179","181","253","253","103","103","141","141","103","89","129","143","191","191","238","238","87","87","147","161","113","113","172","182","229","231","143","143","158","158","90","90","127","140","190","194","252","252","165","167","146","152","154","154","83","83","122","124","165","183","148","148","260","262","146","150","125","129","155","157","92","94","146","150","180","180","106","106","170","174","85","95","173","173","89","91","116","116","167","167","228","236","130","134","104","98","101","103","181","181","201","205","158","162","145","145"
"2021","MBS","Wood Bison","","Mackenzie Bison Sanctuary 40","1990",1990,"Davis","EIB264","562","EIB77_773_Parks Canada_Results","","91","91","136","136","179","185","253","269","103","103","141","145","103","93","129","129","189","195","238","252","89","89","158","161","108","113","172","174","229","231","143","143","158","158","102","90","127","127","190","194","252","252","165","177","150","152","154","156","81","83","124","124","165","183","142","148","262","262","140","150","125","129","155","157","91","94","150","150","184","192","106","112","170","174","81","81","161","161","85","85","116","116","167","167","228","236","132","134","102","104","101","103","181","191","215","215","142","166","145","145"
"2021","MBS","Wood Bison","","Mackenzie Bison Sanctuary 41","1990",1990,"Davis","EIB265","563","EIB77_773_Parks Canada_Results","","91","91","134","136","179","181","241","253","103","103","135","141","103","93","129","143","195","195","238","238","87","87","161","162","108","108","174","178","227","231","143","143","158","158","90","90","127","140","190","194","252","254","173","175","146","158","144","154","81","83","122","124","175","175","142","142","260","262","140","140","123","127","157","159","91","91","148","150","180","184","106","108","170","170","89","89","165","173","89","89","116","116","167","167","224","238","130","132","92","98","95","95","181","191","205","211","162","168","145","145"
"2021","MBS","Wood Bison","","Mackenzie Bison Sanctuary 42","1990",1990,"Davis","EIB266","564","EIB77_773_Parks Canada_Results","","89","91","136","142","179","187","241","253","103","105","135","141","103","103","129","141","191","191","238","254","87","89","160","162","113","115","172","178","231","231","143","143","156","158","102","90","138","140","190","194","246","252","167","173","146","146","144","154","83","83","124","124","165","183","142","148","256","262","146","150","129","129","155","155","91","91","146","150","180","180","110","110","170","176","89","95","165","173","85","91","118","118","167","167","236","238","134","134","102","102","103","103","181","191","205","211","164","168","145","151"
"2021","MBS","Wood Bison","","Mackenzie Bison Sanctuary 44","1990",1990,"Davis","EIB267","565","EIB77_773_Parks Canada_Results","","89","91","134","136","179","187","253","253","103","105","145","145","103","93","129","129","195","195","238","254","87","89","160","160","113","113","172","176","229","233","143","143","156","158","90","90","127","140","194","194","246","246","165","167","146","152","154","154","83","85","124","132","165","175","142","142","260","262","146","150","125","129","159","159","91","91","150","150","180","192","110","110","170","176","89","89","161","173","85","89","116","116","161","167","228","228","130","130","92","98","103","95","181","181","205","205","158","166","145","151"
"2021","MBS","Wood Bison","","Mackenzie Bison Sanctuary 45","1990",1990,"Davis","EIB268","566","EIB77_773_Parks Canada_Results","","91","93","136","140","179","179","253","253","103","105","135","145","103","103","129","143","191","195","238","238","87","87","143","162","113","115","172","172","225","231","143","143","158","158","102","90","127","150","188","194","252","252","165","175","166","166","144","154","81","83","132","132","175","183","142","142","260","262","140","140","129","129","157","159","91","94","146","150","184","192","106","110","170","170","89","89","161","165","85","89","116","116","167","167","228","228","114","130","102","96","101","101","181","181","207","211","142","142","151","153"
"2021","MBS","Wood Bison","","Mackenzie Bison Sanctuary 46","1990",1990,"Davis","EIB269","567","EIB77_773_Parks Canada_Results","","91","91","136","136","181","187","241","253","103","103","135","141","93","97","143","145","189","195","252","254","87","87","147","162","108","115","176","178","231","231","143","143","156","158","90","90","138","140","190","194","246","252","173","175","146","146","144","154","81","83","124","124","175","183","142","142","260","260","140","150","127","129","155","155","91","92","146","146","180","180","108","112","170","176","81","89","161","161","85","89","116","118","167","167","224","238","132","134","102","102","103","99","181","191","205","211","158","158","145","151"
"2021","MBS","Wood Bison","","Mackenzie Bison Sanctuary 47","1990",1990,"Davis","EIB270","568","EIB77_773_Parks Canada_Results","","89","91","134","136","181","181","253","253","103","103","141","147","103","103","129","143","189","195","238","252","87","89","147","162","108","108","172","174","229","231","143","143","158","158","90","90","140","140","194","194","252","252","165","177","152","152","144","154","81","83","124","124","165","183","142","142","262","262","146","146","127","129","155","157","91","92","146","154","180","196","106","112","170","170","89","95","161","165","85","91","116","118","167","167","228","238","114","134","104","92","101","101","181","191","205","205","142","168","145","149"
"2021","MBS","Wood Bison","","Mackenzie Bison Sanctuary 48","1990",1990,"Davis","EIB271","569","EIB77_773_Parks Canada_Results","","91","91","134","136","179","181","241","269","103","103","135","145","103","97","129","129","189","191","238","238","87","87","158","161","113","113","172","172","227","231","143","143","154","158","90","90","140","140","190","194","246","252","165","175","146","166","154","156","83","83","124","124","175","183","142","142","262","262","150","150","123","125","157","159","91","94","148","150","180","180","110","112","170","170","89","89","165","173","87","89","118","118","167","167","224","228","130","132","102","104","101","95","181","191","201","205","142","158","145","151"
"2021","MBS","Wood Bison","","Mackenzie Bison Sanctuary 5",NA,1999,"Davis","EIB245","543","EIB77_773_Parks Canada_Results","","89","89","136","136","179","179","253","253","103","103","147","147","103","93","129","143","191","191","232","232","87","87","160","161","113","113","174","174","227","229","143","143","158","158","90","90","146","146","188","194","252","252","175","175","146","152","154","154","83","85","122","122","183","183","142","148","256","262","150","150","129","129","155","157","91","91","150","150","196","196","106","106","170","176","85","85","161","161","81","89","116","116","161","167","238","240","130","134","104","104","101","103","181","191","205","205","164","164","151","153"
"2021","MBS","Wood Bison","","Mackenzie Bison Sanctuary 7",NA,1999,"Davis","EIB246","544","EIB77_773_Parks Canada_Results","","89","89","134","142","187","187","241","269","103","103","141","141","85","85","143","143","191","195","232","252","87","89","158","160","115","115","174","182","229","231","143","143","160","160","90","90","127","140","194","194","246","252","167","175","152","158","154","156","81","83","122","124","181","183","142","142","260","262","140","148","123","129","155","155","91","91","146","150","180","184","110","110","170","172","89","89","161","173","91","91","116","116","167","167","228","238","130","134","102","102","103","95","177","181","207","215","158","158","145","151"
"2021","MBS","Wood Bison","","Mackenzie Bison Sanctuary 8",NA,1999,"Davis","EIB247","545","EIB77_773_Parks Canada_Results","","89","89","134","138","179","181","253","269","103","103","145","147","93","97","141","143","189","191","238","238","87","89","158","161","113","115","172","182","229","231","143","145","156","158","88","90","127","140","194","194","252","252","167","177","146","166","154","154","83","83","132","132","175","183","142","148","260","262","146","146","125","129","155","155","91","91","146","150","180","196","106","110","170","174","83","95","165","173","89","91","116","118","167","167","236","238","130","130","104","98","101","103","181","191","207","211","142","164","151","153"
"2021","MBS","Wood Bison","","Mackenzie Bison Sanctuary 9",NA,1999,"Davis","EIB248","546","EIB77_773_Parks Canada_Results","","89","91","136","136","179","179","253","269","103","103","141","145","103","103","129","129","191","191","232","238","87","87","158","158","113","115","174","176","229","231","143","145","156","158","90","90","127","140","194","194","252","252","167","167","152","166","144","154","81","83","124","132","165","175","142","150","256","260","140","148","125","129","155","159","91","91","150","154","180","190","106","112","172","176","89","95","161","161","85","89","116","118","167","167","238","238","130","132","102","98","103","95","181","191","211","215","142","158","145","151"
"2021","MBS","Wood Bison","","Tag3476","2010",2010,"Davis","EIB408","588","EIB77_773_Parks Canada_Results","","89","91","136","136","179","181","241","253","103","105","135","141","103","97","129","143","195","195","232","238","87","87","161","162","108","115","172","182","225","229","143","145","154","158","90","90","138","140","190","190","254","254","175","175","152","152","154","154","83","83","124","124","165","183","142","150","260","262","150","150","129","129","155","157","91","94","150","150","180","184","110","112","172","176","89","89","173","173","91","91","116","118","167","167","228","228","130","134","102","104","103","95","181","191","205","211","142","142","151","153"
"2021","MBS","Wood Bison","","Tag3477","2009",2009,"Davis","EIB409","589","EIB77_773_Parks Canada_Results","","91","91","136","138","179","179","253","269","103","103","135","141","103","93","129","129","189","191","238","254","87","87","147","162","108","108","172","174","227","229","143","145","158","158","90","90","127","140","188","194","252","252","165","175","152","164","144","154","81","83","132","132","183","183","142","148","260","262","140","150","123","129","155","155","91","94","148","154","180","184","106","110","170","170","81","95","173","173","87","89","116","116","167","167","224","228","130","130","104","104","103","103","181","181","205","211","142","158","145","151"
"2021","MBS","Wood Bison","","Tag3478","2009",2009,"Davis","EIB410","590","EIB77_773_Parks Canada_Results","","91","91","138","142","179","179","253","269","105","105","141","145","103","93","143","143","191","195","238","238","87","87","161","161","113","115","178","178","229","229","143","143","156","158","90","90","127","140","190","194","252","252","167","173","146","146","154","154","81","85","124","132","165","183","138","142","260","262","150","150","123","123","155","159","91","91","146","150","180","184","106","110","170","170","89","89","165","173","89","91","0","0","167","167","224","228","128","132","104","98","101","103","181","191","205","211","142","142","149","151"
"2021","MBS","Wood Bison","","Tag3479","2009",2009,"Davis","EIB411","591","EIB77_773_Parks Canada_Results","","89","91","136","136","181","181","253","253","103","103","141","145","103","103","129","129","195","195","238","238","87","89","162","162","113","115","172","174","227","229","143","143","158","160","102","90","140","150","194","200","246","252","167","173","158","166","154","156","81","83","124","124","165","165","142","148","262","262","140","148","127","127","155","157","91","91","146","150","192","192","112","112","170","170","83","85","161","173","81","85","116","116","167","167","228","238","114","130","102","104","101","99","181","181","201","205","142","166","145","153"
"2021","MBS","Wood Bison","","Tag3481","2009",2009,"Davis","EIB412","592","EIB77_773_Parks Canada_Results","","89","89","134","136","179","181","241","253","103","103","141","141","103","103","129","143","189","195","238","238","87","89","158","162","115","115","172","174","225","231","143","143","156","160","90","90","127","127","190","194","252","252","173","173","146","146","144","154","83","83","124","132","165","175","142","148","260","260","140","140","125","129","157","159","91","92","148","148","180","180","106","110","170","174","89","95","161","173","85","91","116","116","167","167","236","238","114","132","104","96","101","101","181","191","205","211","142","158","149","151"
"2021","MBS","Wood Bison","","Tag3482","2009",2009,"Davis","EIB413","593","EIB77_773_Parks Canada_Results","","89","91","134","136","179","179","241","253","103","103","135","145","103","85","129","143","191","191","232","238","87","89","161","161","108","115","172","178","229","231","143","143","154","158","90","90","140","146","190","194","252","252","175","175","152","152","144","156","81","83","132","132","183","183","142","142","262","262","140","146","127","129","157","157","91","94","146","148","184","192","106","112","170","174","89","89","161","173","85","91","108","118","167","167","236","236","130","132","104","92","101","103","191","191","201","205","158","162","145","151"
"2021","MBS","Wood Bison","","Tag3484","2009",2009,"Davis","EIB415","594","EIB77_773_Parks Canada_Results","","89","91","136","142","179","179","253","269","103","103","135","141","103","103","129","129","195","195","238","252","87","87","158","158","108","115","172","178","231","231","143","143","156","160","90","90","146","148","194","194","252","252","165","167","152","152","144","154","83","83","124","132","175","183","142","148","262","262","146","150","125","129","159","159","91","92","150","150","180","184","110","110","170","170","89","89","161","165","81","89","0","0","167","167","224","238","130","132","102","104","103","95","191","191","205","215","162","168","151","151"
"2021","MBS","Wood Bison","","Tag3486","2009",2009,"Davis","EIB416","595","EIB77_773_Parks Canada_Results","","91","91","136","142","179","187","253","253","103","105","141","145","103","103","143","143","191","191","238","254","87","87","162","162","113","113","172","172","229","229","143","145","156","158","102","90","140","140","194","194","246","252","167","175","152","158","154","154","81","83","124","132","165","175","148","148","260","262","150","150","125","127","157","157","91","91","146","150","180","180","112","112","166","170","81","83","161","165","85","91","116","116","167","167","224","228","130","130","102","98","101","103","181","191","205","211","158","162","145","151"
"2021","MBS","Wood Bison","","Tag3488","2009",2009,"Davis","EIB417","596","EIB77_773_Parks Canada_Results","","89","91","136","136","181","187","241","269","103","103","141","141","103","91","141","143","191","191","238","254","87","87","158","162","113","113","172","172","227","229","143","143","156","158","90","90","140","140","190","190","246","254","165","167","146","146","154","154","81","83","124","132","165","175","142","148","262","262","146","146","123","123","155","157","92","94","146","148","180","184","106","110","170","176","89","89","161","173","85","91","0","0","167","167","238","238","128","130","102","102","101","103","181","181","207","211","142","142","149","151"
"2021","MBS","Wood Bison","","Tag3489","2009",2009,"Davis","EIB418","597","EIB77_773_Parks Canada_Results","","91","91","136","138","179","187","253","269","103","105","145","145","103","103","129","143","189","195","238","238","87","89","162","162","113","115","176","178","229","231","143","143","156","158","90","90","140","146","194","194","252","252","167","175","146","164","154","154","81","83","124","132","175","181","142","142","260","262","146","146","123","125","155","159","91","92","146","150","180","192","110","112","170","170","83","89","165","173","85","89","116","116","167","167","238","238","130","132","104","92","101","99","177","191","201","205","142","158","145","151"
"2021","MBS","Wood Bison","","Tag3490","2009",2009,"Davis","EIB419","598","EIB77_773_Parks Canada_Results","","89","91","134","136","179","179","253","253","103","103","135","147","103","85","129","129","191","195","252","252","87","87","147","161","113","115","178","178","227","233","143","143","158","158","90","90","138","140","194","194","246","254","165","175","146","164","154","154","83","83","122","124","175","183","142","150","260","262","150","150","125","129","157","159","91","91","148","150","184","196","106","112","170","170","89","89","161","173","81","91","116","116","167","167","238","238","114","132","102","104","101","103","181","191","205","207","158","158","145","153"
"2021","MBS","Wood Bison","","Tag3491","2009",2009,"Davis","EIB420","599","EIB77_773_Parks Canada_Results","","91","91","134","134","179","179","253","253","103","103","145","145","103","103","141","141","189","191","232","252","87","87","158","162","113","115","174","178","231","231","143","145","156","156","102","90","140","140","194","194","250","252","167","173","146","152","154","156","83","83","132","132","165","183","142","142","256","262","150","150","129","129","155","157","91","92","150","150","180","184","110","90","176","176","89","95","161","165","81","85","116","116","161","167","228","228","130","132","102","104","103","103","181","191","205","211","158","164","145","153"
"2021","MBS","Wood Bison","","Tag3493","2009",2009,"Davis","EIB421","600","EIB77_773_Parks Canada_Results","","89","91","134","134","179","181","269","269","103","103","141","147","103","93","129","143","191","191","238","238","87","87","158","162","108","115","172","172","227","229","143","143","156","158","90","90","140","140","194","200","252","252","167","175","146","166","154","156","83","83","122","124","183","183","142","142","256","262","140","150","127","129","155","155","91","91","148","150","184","190","106","112","170","172","89","89","165","173","85","89","116","116","167","167","0","0","130","132","102","104","101","95","181","181","205","205","158","162","145","149"
"2021","MBS","Wood Bison","","Tag3640","2010",2010,"Davis","EIB406","586","EIB77_773_Parks Canada_Results","","89","91","136","136","181","187","253","271","103","103","135","145","103","93","143","143","191","195","238","238","87","89","162","162","113","115","172","174","227","231","143","143","158","158","90","90","140","140","190","194","252","252","173","177","152","152","154","156","77","85","124","124","165","175","142","148","262","262","140","150","127","129","157","159","92","94","148","150","180","196","110","110","170","176","89","89","173","173","85","85","116","116","167","167","228","238","128","130","96","98","101","95","181","191","205","205","162","166","145","145"
"2021","MBS","Wood Bison","","Tag3641","2010",2010,"Davis","EIB407","587","EIB77_773_Parks Canada_Results","","89","89","134","134","179","179","253","269","104","105","141","141","103","103","129","143","191","195","238","238","87","89","158","162","113","113","182","182","227","227","143","143","154","158","90","90","127","127","194","194","252","252","165","173","152","152","154","160","81","83","124","124","165","175","142","148","262","262","140","146","125","129","157","157","91","92","150","154","180","180","108","110","170","176","89","95","173","173","87","91","116","116","167","167","238","238","130","134","102","104","101","101","191","191","201","205","142","142","149","151"
"2021","MBS","Wood Bison","","Tag3644",NA,2010,"Davis","EIB405","585","EIB77_773_Parks Canada_Results","","89","91","136","136","179","179","241","253","103","105","135","141","89","97","143","143","191","191","238","252","87","87","161","162","115","115","182","182","225","229","143","145","154","160","90","90","127","148","188","194","246","252","173","173","152","158","144","156","83","85","124","132","175","175","142","150","260","262","140","150","125","129","155","159","94","94","150","150","180","192","110","112","170","176","89","89","161","173","91","91","116","116","167","167","236","238","114","132","102","96","101","95","181","191","205","215","142","142","145","153"
"2021","NAH","Wood Bison","","18-11515","2018",2018,"Davis","EIB584","602","EIB77_773_Parks Canada_Results","","89","93","134","134","185","185","247","247","103","103","137","147","89","97","129","143","195","195","232","238","87","87","158","161","108","115","172","178","231","233","147","147","154","156","100","90","127","150","194","200","250","254","173","177","152","152","144","156","81","83","122","132","165","185","138","138","262","262","152","152","125","131","155","157","91","91","146","150","184","198","106","106","170","186","83","89","161","173","85","85","0","0","161","161","236","236","130","130","92","92","101","99","177","181","211","211","142","158","0","0"
"2021","NAH","Wood Bison","","18-11516","2018",2018,"Davis","EIB583","601","EIB77_773_Parks Canada_Results","","89","93","134","136","185","187","247","247","103","103","0","0","89","97","143","153","189","195","238","238","87","91","158","160","108","108","180","180","229","231","143","147","154","160","100","90","127","127","200","200","246","254","173","177","152","162","144","154","83","83","122","124","165","165","72","73","0","0","140","152","125","127","155","157","0","0","146","150","0","0","106","112","170","186","89","89","0","0","85","85","108","118","0","0","236","240","130","130","0","0","97","99","177","191","205","211","142","142","0","0"
"2021","NORD","Wood Bison","","BIBI100209A","2009",2009,"Davis","EIB564","603","EIB77_773_Parks Canada_Results","","89","91","138","138","179","187","253","253","103","103","135","135","91","93","129","149","191","191","232","252","87","87","147","160","113","113","174","174","229","233","143","143","156","156","90","90","142","142","190","194","252","252","167","167","152","152","144","154","81","83","124","132","175","183","138","148","260","260","150","150","123","129","155","157","91","91","150","150","180","180","112","90","170","172","85","89","161","169","89","89","116","116","167","167","228","238","128","128","104","96","103","95","181","181","205","207","144","144","151","153"
"2021","NORD","Wood Bison","","BIBI100209B","2009",2009,"Davis","EIB565","604","EIB77_773_Parks Canada_Results","","89","91","138","138","179","187","253","253","103","103","145","147","93","93","129","141","191","191","238","252","87","87","158","160","113","113","172","172","227","231","143","143","154","158","102","90","127","142","194","194","252","252","173","173","152","152","152","154","81","81","122","124","175","183","142","142","262","262","150","150","125","129","155","157","94","94","150","150","180","180","112","90","166","170","89","89","161","161","81","89","116","116","167","167","228","228","130","130","102","96","103","95","181","181","205","205","166","166","149","153"
"2021","NORD","Wood Bison","","BIBI121009A2","2009",2009,"Davis","EIB568","605","EIB77_773_Parks Canada_Results","","89","89","136","138","179","187","253","253","103","103","135","145","103","93","129","129","191","191","254","254","87","89","161","162","108","115","174","174","227","231","143","143","156","158","90","90","127","148","188","194","252","252","173","175","146","146","144","156","83","83","126","132","179","183","142","148","260","262","150","150","129","129","155","157","91","91","146","150","180","180","110","112","166","170","85","89","161","165","87","89","116","118","167","167","238","238","130","130","102","98","103","95","181","181","205","205","142","144","149","153"
"2021","NORD","Wood Bison","","BIBI121210A1","2009",2009,"Davis","EIB574","607","EIB77_773_Parks Canada_Results","","89","91","136","140","179","179","253","253","103","103","135","145","91","93","129","149","189","191","232","238","87","87","158","162","113","115","174","174","229","233","143","143","156","160","90","90","127","142","194","194","252","252","167","177","146","152","144","154","77","81","124","124","165","165","142","142","260","262","150","150","123","125","155","159","91","92","150","150","180","180","106","112","166","172","83","89","161","161","89","89","116","116","161","167","228","228","114","130","92","96","103","95","177","181","205","205","144","158","151","151"
"2021","NORD","Wood Bison","","BIBI301110A2","2010",2010,"Davis","EIB573","606","EIB77_773_Parks Canada_Results","","89","91","134","136","179","179","253","253","103","103","135","141","91","93","143","143","191","191","232","232","87","91","160","160","113","115","174","174","229","233","143","143","156","160","88","90","142","142","190","194","252","252","177","177","146","146","154","154","81","81","124","132","165","165","142","148","260","260","146","150","123","125","155","159","92","92","150","150","180","180","106","110","172","172","83","83","161","169","89","89","116","116","167","167","228","238","128","128","96","96","95","95","181","181","205","207","144","158","149","151"
"2021","NORD","Wood Bison","","Nordquist 14-003",NA,2014,"Davis","EIB595","609","EIB77_773_Parks Canada_Results","","89","91","138","138","179","187","253","253","103","103","141","145","103","97","129","129","191","195","232","238","87","91","158","160","108","113","174","176","229","231","143","143","156","160","88","90","127","140","190","194","252","252","173","177","146","152","144","154","81","83","132","132","165","175","142","142","260","262","140","150","125","129","159","159","91","91","148","150","180","184","112","112","166","172","85","95","165","169","89","89","116","118","167","167","228","236","128","130","102","104","95","95","181","191","205","205","142","142","149","151"
"2021","NORD","Wood Bison","","Nordquist 14-004",NA,2014,"Davis","EIB594","608","EIB77_773_Parks Canada_Results","","89","89","134","136","181","187","253","253","103","103","145","145","93","93","129","141","189","191","232","238","87","91","147","147","113","115","174","176","227","231","143","143","158","158","102","102","140","146","190","190","252","252","173","177","152","154","144","154","81","81","124","132","175","183","138","148","262","262","150","150","123","129","155","159","92","94","150","150","180","196","106","110","170","172","89","95","161","165","89","89","116","118","167","167","228","238","130","130","102","102","95","95","181","181","207","211","166","166","149","151"
"2021","WBNPGR","Wood Bison","","Wood Buffalo NP 108","1992",1992,"Davis","EIB355","619","EIB77_773_Parks Canada_Results","","91","91","134","136","179","187","241","247","103","105","135","145","103","97","129","129","189","191","250","254","87","89","160","160","113","115","172","172","225","229","143","143","158","158","90","90","127","140","190","194","252","252","167","173","152","152","144","156","81","83","124","132","165","183","142","150","260","262","140","150","125","129","155","155","92","94","146","148","180","192","106","112","168","178","85","95","161","165","85","87","108","116","167","167","224","228","130","130","104","104","101","95","181","191","211","215","142","142","149","151"
"2021","WBNPGR","Wood Bison","","Wood Buffalo NP 21","1990",1990,"Davis","EIB292","610","EIB77_773_Parks Canada_Results","","89","93","134","140","185","191","253","273","103","103","135","141","103","97","129","143","191","195","252","252","87","89","158","162","113","113","172","172","225","227","143","143","156","158","100","90","127","140","194","202","252","252","163","173","152","158","154","154","81","83","122","124","165","179","142","150","258","260","140","148","129","129","155","159","95","95","146","148","184","184","106","112","170","174","89","89","161","161","85","91","116","116","167","167","238","240","118","130","104","98","101","103","181","191","205","211","142","162","149","151"
"2021","WBNPGR","Wood Bison","","Wood Buffalo NP 22","1990",1990,"Davis","EIB293","611","EIB77_773_Parks Canada_Results","","89","89","134","136","179","181","253","253","103","103","141","145","103","97","129","141","189","191","238","238","89","89","158","162","113","115","176","182","227","229","143","143","156","158","102","90","127","127","188","194","246","252","173","177","146","152","160","160","81","81","124","132","165","183","142","142","262","262","140","150","129","129","155","159","91","91","146","146","180","196","112","112","170","172","83","89","167","169","81","85","116","116","167","167","228","238","130","130","102","104","101","103","181","191","205","205","142","142","149","151"
"2021","WBNPGR","Wood Bison","","Wood Buffalo NP 23","1990",1990,"Davis","EIB294","612","EIB77_773_Parks Canada_Results","","89","89","136","138","175","187","253","269","103","103","135","135","103","97","129","129","189","189","238","250","87","87","162","162","113","115","174","176","229","231","143","143","156","158","100","90","127","142","194","202","248","252","175","177","146","152","154","154","81","81","124","132","183","183","142","148","260","260","150","150","129","129","155","155","92","95","150","150","196","196","110","94","170","170","83","85","165","165","87","91","108","116","161","167","228","240","130","130","102","104","101","99","181","191","205","211","142","142","145","149"
"2021","WBNPGR","Wood Bison","","Wood Buffalo NP 24","1990",1990,"Davis","EIB295","613","EIB77_773_Parks Canada_Results","","89","91","136","138","179","179","241","253","103","103","141","141","103","89","129","143","189","189","232","238","87","87","162","170","113","115","172","174","227","229","143","145","158","158","90","90","127","127","190","194","252","252","167","173","146","152","144","154","83","83","124","124","175","183","150","150","260","260","150","150","125","129","157","157","91","91","146","150","180","184","106","106","176","176","89","89","169","173","89","89","116","116","165","167","238","240","130","130","98","98","101","103","181","181","205","207","142","142","149","149"
"2021","WBNPGR","Wood Bison","","Wood Buffalo NP 25","1990",1990,"Davis","EIB296","614","EIB77_773_Parks Canada_Results","","89","89","134","136","179","187","253","269","103","103","145","145","103","93","129","129","189","189","232","238","87","91","160","161","115","115","174","174","227","229","143","143","154","158","90","90","140","148","194","194","252","252","167","177","146","146","144","156","83","83","124","124","181","183","142","150","260","262","140","140","129","129","155","157","92","95","146","150","180","196","108","112","172","174","89","89","167","173","89","91","116","116","161","167","238","238","128","130","104","104","95","97","191","191","205","205","142","164","149","149"
"2021","WBNPGR","Wood Bison","","Wood Buffalo NP 26","1990",1990,"Davis","EIB297","615","EIB77_773_Parks Canada_Results","","89","89","134","136","179","181","241","247","103","103","145","145","103","93","129","143","189","191","238","250","87","87","154","160","115","115","170","174","229","229","143","143","158","158","104","90","142","142","188","194","244","246","167","173","152","152","154","156","0","0","122","124","175","183","148","150","260","262","146","148","125","129","155","155","92","95","150","150","180","180","106","112","170","176","83","89","161","165","89","89","116","116","167","167","228","238","130","132","102","104","103","103","181","181","207","211","142","168","145","151"
"2021","WBNPGR","Wood Bison","","Wood Buffalo NP 27","1990",1990,"Davis","EIB298","616","EIB77_773_Parks Canada_Results","","89","93","138","138","179","181","253","269","103","103","135","145","83","99","129","141","191","195","232","238","87","87","160","170","113","113","174","174","229","229","143","143","158","160","90","90","127","146","194","200","252","252","173","173","150","152","154","154","81","83","124","124","165","165","142","148","260","260","146","150","129","129","155","155","91","92","150","154","192","196","108","112","172","174","85","89","161","161","89","89","116","116","167","167","228","240","130","132","104","92","101","95","181","181","205","207","158","168","145","149"
"2021","WBNPGR","Wood Bison","","Wood Buffalo NP 28","1990",1990,"Davis","EIB299","617","EIB77_773_Parks Canada_Results","","89","91","136","140","179","187","269","271","103","103","135","141","103","103","129","143","189","189","232","254","87","89","143","160","113","113","172","174","225","225","143","143","156","158","102","90","146","146","194","200","250","254","167","175","146","152","154","156","83","83","124","124","179","179","142","148","260","262","140","150","123","129","155","159","92","92","150","150","196","198","110","110","168","172","89","89","167","173","85","87","116","118","167","167","228","238","114","134","104","104","103","97","179","191","205","211","142","168","149","149"
"2021","WBNPGR","Wood Bison","","Wood Buffalo NP 62","1990",1990,"Davis","EIB331","618","EIB77_773_Parks Canada_Results","","91","93","134","136","185","187","241","249","103","103","135","145","93","93","129","129","191","191","232","238","87","87","160","162","115","115","174","174","227","229","143","143","156","158","100","90","127","148","190","194","250","252","165","173","152","158","154","154","83","83","124","126","165","179","148","150","262","262","150","150","125","125","157","159","91","91","146","150","180","192","108","112","176","178","83","85","165","173","81","85","108","116","167","167","228","238","114","130","104","98","101","95","177","181","211","215","142","158","149","153"
"2021","WBNPHC","Wood Bison","","BSN-06",NA,2017,"Davis","EIB604","645","EIB77_773_Parks Canada_Results","","89","91","136","136","181","187","241","253","103","103","141","141","105","97","129","129","189","191","238","238","87","87","143","147","115","115","174","176","229","229","143","143","158","158","102","90","138","148","194","194","252","252","159","177","146","158","144","154","83","85","124","124","165","179","142","142","260","262","140","146","125","129","155","159","95","95","150","150","180","192","106","110","174","174","89","89","161","173","81","89","116","116","161","167","238","238","134","134","104","92","103","97","179","181","205","205","168","168","145","151"
"2021","WBNPHC","Wood Bison","","BSN-54",NA,2020,"Davis","EIB624","649","EIB77_773_Parks Canada_Results","","89","89","140","142","175","181","269","269","103","103","145","145","103","93","129","149","195","195","238","252","87","87","160","162","115","115","172","174","227","229","143","143","154","156","102","90","140","140","190","194","252","252","173","175","146","152","154","160","83","83","124","124","175","175","142","148","260","262","146","150","123","129","153","155","91","91","150","150","180","192","110","112","166","172","89","89","161","165","85","89","116","116","161","167","228","236","130","130","102","104","103","95","181","181","201","205","142","142","149","153"
"2021","WBNPHC","Wood Bison","","BSN-61",NA,2020,"Davis","EIB630","653","EIB77_773_Parks Canada_Results","","89","89","134","136","179","185","253","269","103","103","141","145","103","97","129","133","189","191","238","252","85","87","160","162","115","115","172","174","229","229","143","143","158","158","102","88","140","150","190","200","246","252","177","177","146","152","154","154","83","83","124","124","183","183","142","142","260","262","146","146","127","127","155","157","92","94","146","148","180","180","110","112","170","174","85","89","169","173","81","91","116","116","167","167","228","228","130","130","104","104","103","99","179","191","205","205","142","158","149","149"
"2021","WBNPHC","Wood Bison","","Wood Buffalo NP 104","1992",1992,"Davis","EIB351","640","EIB77_773_Parks Canada_Results","","89","91","134","136","187","187","241","253","103","103","141","141","103","83","129","129","189","191","232","248","87","87","160","162","115","115","172","174","229","231","143","143","154","158","102","90","127","142","194","194","252","252","167","173","152","152","154","154","81","83","132","132","183","183","142","150","260","262","140","146","129","131","155","157","91","94","148","150","180","180","110","112","172","176","89","89","169","173","89","91","116","116","167","167","238","238","130","130","102","104","101","103","181","181","205","205","168","168","149","153"
"2021","WBNPHC","Wood Bison","","Wood Buffalo NP 105","1992",1992,"Davis","EIB352","641","EIB77_773_Parks Canada_Results","","89","89","134","138","179","181","253","269","103","103","145","147","103","97","129","129","189","195","238","248","87","87","170","170","108","113","172","182","229","229","143","143","158","158","100","102","127","138","194","194","252","252","167","177","152","152","154","154","81","83","124","132","165","183","142","142","260","262","146","150","125","129","155","155","91","92","146","146","192","196","106","112","174","178","81","89","169","169","89","89","116","116","167","167","228","228","130","130","102","104","95","95","177","191","207","207","168","168","149","153"
"2021","WBNPHC","Wood Bison","","Wood Buffalo NP 106","1992",1992,"Davis","EIB353","642","EIB77_773_Parks Canada_Results","","89","91","134","136","179","187","269","269","102","103","135","145","103","93","129","143","189","191","232","238","87","87","158","160","108","115","172","182","229","229","143","143","156","160","90","90","127","127","188","194","252","254","163","163","148","158","154","154","81","83","124","124","175","183","142","150","260","262","146","152","121","125","155","157","91","95","150","150","180","192","106","94","170","172","81","95","161","161","91","91","108","116","161","167","238","240","130","130","102","92","103","99","181","193","205","207","168","168","145","151"
"2021","WBNPHC","Wood Bison","","Wood Buffalo NP 107","1992",1992,"Davis","EIB354","643","EIB77_773_Parks Canada_Results","","89","91","134","136","179","187","241","253","103","103","135","141","93","93","129","143","189","189","238","238","87","89","158","170","108","115","172","178","225","229","143","143","156","156","88","90","127","140","190","194","252","252","167","175","146","152","144","154","83","83","124","124","175","175","142","148","260","260","140","150","125","129","155","157","91","94","146","150","180","184","106","110","174","178","89","89","165","173","89","89","108","116","167","167","238","238","128","130","104","96","101","95","181","183","205","205","142","162","145","149"
"2021","WBNPHC","Wood Bison","","Wood Buffalo NP 29","1990",1990,"Davis","EIB300","620","EIB77_773_Parks Canada_Results","","89","91","138","138","181","187","239","241","103","103","135","135","89","91","129","143","189","191","238","252","87","87","158","160","113","115","174","174","229","229","143","143","156","158","102","90","127","127","194","200","246","252","167","173","152","158","154","160","83","83","132","132","183","183","142","142","256","262","146","146","129","129","151","155","92","92","146","150","180","198","108","112","170","172","83","89","173","173","89","91","116","118","167","167","228","238","130","130","102","98","103","103","177","181","207","211","158","170","149","151"
"2021","WBNPHC","Wood Bison","","Wood Buffalo NP 30","1990",1990,"Davis","EIB301","621","EIB77_773_Parks Canada_Results","","91","91","134","136","179","191","269","271","103","103","141","145","103","97","129","129","189","189","238","252","87","89","162","162","108","115","172","174","225","227","143","143","156","156","90","90","140","140","188","200","252","252","173","173","146","146","144","154","81","81","124","124","179","181","142","142","262","262","150","150","123","125","153","155","91","91","154","154","180","180","106","106","172","174","85","85","161","165","87","89","118","118","167","167","228","238","130","134","102","104","103","95","179","181","205","205","142","166","145","153"
"2021","WBNPHC","Wood Bison","","Wood Buffalo NP 31","1990",1990,"Davis","EIB302","622","EIB77_773_Parks Canada_Results","","89","93","134","134","181","187","253","253","103","103","145","145","93","97","141","143","191","191","238","254","87","87","160","160","115","115","172","172","225","229","143","145","156","158","90","90","146","148","188","194","252","252","175","175","152","162","154","154","81","83","122","136","181","183","142","150","260","262","146","146","127","129","153","159","91","91","146","146","180","192","112","112","172","172","81","89","169","173","87","89","116","118","167","167","238","238","130","134","104","104","103","95","181","189","205","215","142","144","151","153"
"2021","WBNPHC","Wood Bison","","Wood Buffalo NP 32","1990",1990,"Davis","EIB303","623","EIB77_773_Parks Canada_Results","","89","89","136","136","187","187","241","253","103","103","135","145","93","97","129","143","189","189","238","238","87","89","158","161","115","115","174","176","231","231","143","145","156","158","90","90","140","146","194","194","246","252","175","177","146","146","154","154","77","83","124","132","165","175","138","148","260","262","140","150","123","129","155","155","91","92","150","150","180","192","112","90","170","176","89","89","161","173","89","91","114","116","167","167","238","238","128","130","104","104","101","99","181","181","205","211","156","168","149","151"
"2021","WBNPHC","Wood Bison","","Wood Buffalo NP 33","1990",1990,"Davis","EIB304","624","EIB77_773_Parks Canada_Results","","89","91","136","138","179","179","241","253","103","103","141","145","93","93","129","149","189","191","238","252","87","87","162","162","115","115","174","176","229","229","143","143","160","160","102","90","140","142","190","194","252","254","173","173","146","166","144","152","77","77","124","132","179","183","142","142","262","262","148","150","129","129","157","159","92","95","146","146","180","184","106","106","174","176","83","85","161","161","89","91","116","116","161","167","240","240","130","132","104","104","101","103","177","181","205","205","156","158","149","153"
"2021","WBNPHC","Wood Bison","","Wood Buffalo NP 42","1990",1990,"Davis","EIB313","625","EIB77_773_Parks Canada_Results","","89","93","132","136","181","187","241","253","103","103","141","145","103","103","129","143","191","191","238","248","87","87","160","162","115","115","174","178","229","229","143","143","156","158","90","90","142","148","194","194","248","252","165","173","152","164","144","154","77","81","122","132","175","183","142","148","260","260","146","150","125","129","155","157","92","95","150","150","180","192","110","112","170","174","89","89","165","169","89","89","116","118","167","167","238","238","130","130","102","102","103","103","181","181","205","205","142","166","149","151"
"2021","WBNPHC","Wood Bison","","Wood Buffalo NP 43","1990",1990,"Davis","EIB314","626","EIB77_773_Parks Canada_Results","","91","99","138","138","179","187","241","249","103","103","135","141","93","93","129","129","189","189","232","252","87","87","158","162","113","115","172","174","225","231","143","143","154","160","90","90","127","140","194","194","246","252","173","173","146","152","154","154","83","85","122","122","165","165","148","150","260","262","146","148","125","129","155","155","91","91","146","146","180","184","110","112","170","176","83","89","161","165","85","89","116","118","165","167","228","242","130","130","102","104","95","99","181","181","205","205","158","166","149","149"
"2021","WBNPHC","Wood Bison","","Wood Buffalo NP 44","1990",1990,"Davis","EIB315","627","EIB77_773_Parks Canada_Results","","89","89","134","134","179","185","241","253","103","103","135","135","103","93","129","129","191","191","238","238","87","89","162","162","115","115","172","172","203","227","143","143","158","160","90","90","127","140","194","200","252","252","167","173","152","166","144","154","81","83","124","124","165","165","138","150","260","262","150","150","125","129","155","155","91","91","150","150","184","184","106","112","170","174","85","85","161","169","85","85","116","118","167","167","224","238","114","130","102","104","101","101","191","191","207","211","142","142","145","151"
"2021","WBNPHC","Wood Bison","","Wood Buffalo NP 45","1990",1990,"Davis","EIB316","628","EIB77_773_Parks Canada_Results","","89","91","134","136","179","181","253","269","102","103","141","141","103","89","129","149","189","189","232","238","87","89","160","162","108","113","172","172","229","229","143","143","158","160","100","90","127","146","194","194","252","252","163","167","146","148","154","154","77","77","124","124","175","175","142","148","260","262","150","150","125","129","155","157","95","95","150","150","180","192","110","112","174","176","89","95","165","173","89","91","114","116","167","167","228","238","130","130","102","104","103","95","181","181","211","211","166","166","145","151"
"2021","WBNPHC","Wood Bison","","Wood Buffalo NP 46","1990",1990,"Davis","EIB317","629","EIB77_773_Parks Canada_Results","","89","91","134","134","179","179","247","253","103","103","141","145","83","83","129","143","189","191","238","250","87","87","158","160","113","115","172","182","225","229","143","143","154","156","90","90","138","148","194","202","252","252","165","167","162","162","154","154","81","83","122","124","181","183","142","150","258","262","150","150","129","129","155","157","91","92","146","148","192","192","108","112","170","172","81","89","161","173","89","91","116","116","161","167","228","240","130","134","104","104","101","103","181","181","205","205","162","166","149","149"
"2021","WBNPHC","Wood Bison","","Wood Buffalo NP 47","1990",1990,"Davis","EIB318","630","EIB77_773_Parks Canada_Results","","89","91","134","138","181","187","241","253","103","103","135","141","103","97","129","129","191","195","232","232","87","87","158","162","113","115","174","174","229","229","143","145","156","158","90","90","127","140","194","194","252","252","173","177","146","150","154","156","83","83","124","132","183","183","138","142","260","260","150","150","129","129","153","155","91","91","146","150","180","192","108","112","172","172","83","85","161","167","89","91","108","118","167","167","238","240","130","130","102","104","101","101","181","181","205","205","158","168","145","153"
"2021","WBNPHC","Wood Bison","","Wood Buffalo NP 48","1990",1990,"Davis","EIB319","631","EIB77_773_Parks Canada_Results","","89","91","138","138","179","181","247","253","103","105","145","145","103","103","143","143","189","195","238","238","87","87","158","170","113","115","172","182","229","229","143","143","160","160","102","88","142","146","194","194","252","252","167","173","152","152","154","154","83","83","122","124","175","183","142","142","260","260","146","150","125","131","155","155","91","95","150","150","180","198","110","110","170","172","85","89","161","161","87","89","108","118","167","167","238","238","130","130","102","104","101","99","181","191","207","207","158","158","149","153"
"2021","WBNPHC","Wood Bison","","Wood Buffalo NP 49","1990",1990,"Davis","EIB320","632","EIB77_773_Parks Canada_Results","","89","89","136","140","175","187","271","271","103","103","141","147","103","97","129","129","189","191","238","238","87","87","158","161","108","108","172","176","229","231","143","143","156","158","90","90","127","127","194","194","252","252","165","167","152","152","156","156","81","81","124","132","175","183","142","148","258","260","146","150","123","129","155","155","92","95","146","154","184","184","106","94","170","172","85","89","169","173","85","89","108","116","161","167","228","228","130","130","92","98","101","103","181","191","205","207","158","166","145","151"
"2021","WBNPHC","Wood Bison","","Wood Buffalo NP 50","1990",1990,"Davis","EIB321","633","EIB77_773_Parks Canada_Results","","89","91","132","134","179","187","247","271","103","104","135","145","93","97","129","141","189","195","238","238","87","87","134","162","115","115","172","178","225","227","143","143","156","156","102","90","142","142","194","194","252","252","177","177","146","166","154","156","81","83","126","132","175","181","142","142","260","262","140","150","125","129","155","155","91","95","146","150","180","192","108","112","170","172","89","89","161","169","85","85","116","116","167","167","228","228","114","132","104","104","101","101","183","191","205","215","142","142","153","153"
"2021","WBNPHC","Wood Bison","","Wood Buffalo NP 51","1990",1990,"Davis","EIB322","634","EIB77_773_Parks Canada_Results","","89","99","134","136","175","179","247","269","103","103","135","141","103","103","129","143","189","195","232","232","87","87","158","160","108","113","172","174","229","231","143","143","158","160","102","90","140","142","188","194","252","252","173","177","152","164","158","160","83","83","124","132","175","183","148","150","260","262","140","146","125","129","155","159","91","94","150","150","180","184","112","112","172","174","85","89","165","173","89","91","116","118","161","167","228","238","130","132","104","92","103","103","181","191","205","205","142","166","149","151"
"2021","WBNPHC","Wood Bison","","Wood Buffalo NP 52","1990",1990,"Davis","EIB323","635","EIB77_773_Parks Canada_Results","","89","91","134","136","179","187","269","269","102","103","135","145","103","93","129","143","189","191","232","238","87","87","158","160","108","115","172","182","229","229","143","143","156","160","90","90","127","127","188","194","252","254","163","163","148","158","154","154","81","83","124","124","175","183","142","150","260","262","146","152","121","125","155","157","91","95","150","150","180","192","106","94","170","172","81","95","161","161","91","91","108","116","161","167","238","240","130","130","102","92","103","99","181","193","205","207","166","168","145","151"
"2021","WBNPHC","Wood Bison","","Wood Buffalo NP 53","1990",1990,"Davis","EIB324","636","EIB77_773_Parks Canada_Results","","89","89","132","134","181","185","247","253","103","103","135","145","0","0","129","129","189","195","238","238","87","87","158","160","115","115","172","172","231","231","143","145","156","158","90","90","127","150","190","190","250","252","165","175","146","152","144","158","81","83","122","126","165","183","138","142","262","262","146","150","127","129","151","155","91","92","146","150","180","180","106","90","170","170","89","89","165","173","85","87","116","118","167","167","228","240","114","130","104","104","95","99","181","193","205","207","156","162","149","149"
"2021","WBNPHC","Wood Bison","","Wood Buffalo NP 54","1990",1990,"Davis","EIB325","637","EIB77_773_Parks Canada_Results","","89","91","132","136","187","187","241","269","103","103","141","141","103","93","129","129","189","191","232","238","89","91","158","162","115","115","170","174","229","231","143","143","158","158","100","102","140","140","194","194","246","254","173","177","150","152","144","154","81","81","124","124","165","165","148","150","260","262","146","150","125","127","157","157","91","95","146","146","190","196","108","94","170","176","85","89","161","165","81","87","114","116","165","167","228","236","130","130","104","98","101","99","181","191","207","215","142","166","151","151"
"2021","WBNPHC","Wood Bison","","Wood Buffalo NP 57","1990",1990,"Davis","EIB327","638","EIB77_773_Parks Canada_Results","","91","99","136","138","179","187","253","269","103","103","141","141","103","103","129","133","189","191","232","238","87","89","158","158","115","115","170","172","225","229","143","143","158","158","90","90","127","142","194","202","252","252","177","177","152","152","144","160","77","77","132","132","175","181","142","142","260","262","146","150","127","129","155","155","91","92","146","150","184","192","108","110","170","176","89","89","165","169","81","89","116","118","167","167","238","238","114","128","102","92","101","103","181","181","205","215","158","162","145","151"
"2021","WBNPHC","Wood Bison","","Wood Buffalo NP 67","1990",1990,"Davis","EIB333","639","EIB77_773_Parks Canada_Results","","89","91","138","140","187","187","241","253","103","103","141","145","93","93","129","129","191","195","238","238","87","87","160","160","115","115","172","174","229","233","143","143","158","158","90","90","138","142","194","200","250","252","167","177","146","152","144","154","81","81","124","132","175","183","142","148","260","262","148","150","125","129","155","157","91","92","146","150","180","196","110","112","166","174","83","95","161","173","85","89","118","118","167","167","238","238","130","134","102","102","103","99","181","191","205","215","142","158","153","153"
"2021","WBNPNY","Wood Bison","","BSN-09",NA,2016,"Davis","EIB607","677","EIB77_773_Parks Canada_Results","","89","91","134","136","179","181","241","253","103","103","145","145","103","103","129","143","189","189","232","238","87","89","160","161","108","115","174","176","225","231","143","143","156","158","90","90","138","140","194","194","244","252","173","175","162","166","154","154","83","83","122","124","175","183","142","148","256","260","140","150","129","129","153","159","91","91","146","146","180","192","106","90","166","168","89","89","161","173","85","85","108","116","167","167","228","240","114","132","102","104","103","95","181","181","205","211","158","162","145","149"
"2021","WBNPNY","Wood Bison","","BSN-53",NA,2019,"Davis","EIB623","687","EIB77_773_Parks Canada_Results","","89","89","134","138","179","181","247","269","103","103","141","141","91","93","143","149","191","195","232","238","87","89","162","170","115","115","174","174","225","229","143","143","156","158","90","90","140","142","190","194","254","254","177","177","146","152","154","154","81","83","122","122","165","175","142","148","260","260","146","150","123","129","155","159","92","92","150","150","196","196","106","106","172","174","85","85","165","165","89","91","116","118","167","167","228","238","130","132","104","104","101","101","181","181","205","207","142","144","149","153"
"2021","WBNPNY","Wood Bison","","Wood Buffalo NP 102","1992",1992,"Davis","EIB349","670","EIB77_773_Parks Canada_Results","","89","93","134","136","179","187","253","253","103","103","145","145","103","93","143","145","189","195","232","238","87","87","158","158","108","113","172","172","227","229","143","143","158","158","102","90","127","140","194","194","252","252","167","175","142","152","154","154","83","83","124","132","175","175","142","142","260","260","150","150","129","129","155","159","92","95","146","150","180","196","106","112","172","178","89","95","165","173","91","91","116","116","167","167","228","228","118","130","104","104","101","101","177","191","205","205","166","166","145","149"
"2021","WBNPNY","Wood Bison","","Wood Buffalo NP 103","1992",1992,"Davis","EIB350","671","EIB77_773_Parks Canada_Results","","91","93","138","140","179","187","253","253","103","103","145","145","83","83","129","143","189","189","238","238","87","91","160","162","113","115","172","172","229","233","143","143","158","158","100","90","127","148","188","194","252","252","167","167","152","152","154","154","81","81","124","132","183","185","142","148","256","262","150","150","125","129","155","155","91","95","150","150","180","192","108","110","172","174","85","85","161","165","89","89","116","116","161","167","228","238","130","134","104","92","101","103","181","191","207","211","144","158","149","151"
"2021","WBNPNY","Wood Bison","","Wood Buffalo NP 109","1992",1992,"Davis","EIB356","672","EIB77_773_Parks Canada_Results","","89","89","134","138","179","187","253","269","103","103","135","145","93","93","141","149","195","195","238","238","87","87","158","161","113","115","172","172","229","229","143","143","158","158","102","88","138","140","188","200","252","252","167","177","152","152","154","160","81","83","124","124","175","175","138","142","260","264","146","146","123","129","155","155","91","95","146","150","180","196","106","112","172","172","83","83","165","165","85","89","116","116","167","167","228","228","128","130","102","104","103","103","177","181","205","211","142","142","145","145"
"2021","WBNPNY","Wood Bison","","Wood Buffalo NP 110","1992",1992,"Davis","EIB357","673","EIB77_773_Parks Canada_Results","","89","93","134","136","179","181","253","269","103","103","135","145","103","97","129","143","189","189","238","238","87","87","149","158","113","115","172","174","227","229","143","143","160","160","102","88","148","148","190","194","252","252","173","175","152","152","154","154","77","83","124","124","165","183","142","142","260","262","150","150","129","129","155","159","91","92","150","150","184","192","106","106","172","172","89","89","161","173","81","89","108","116","161","167","228","238","114","130","102","96","103","95","181","181","205","207","142","158","151","153"
"2021","WBNPNY","Wood Bison","","Wood Buffalo NP 111","1992",1992,"Davis","EIB358","674","EIB77_773_Parks Canada_Results","","91","91","136","140","179","187","253","253","103","103","141","141","103","103","129","149","189","195","238","252","87","87","147","170","113","115","172","172","225","227","143","143","156","158","90","90","146","150","194","194","244","252","167","167","146","158","154","160","83","85","124","132","175","183","142","142","260","260","140","140","129","129","153","157","91","92","146","150","180","184","106","108","170","172","89","89","161","169","89","89","114","116","167","167","240","240","130","130","102","98","101","103","181","191","201","211","144","158","145","149"
"2021","WBNPNY","Wood Bison","","Wood Buffalo NP 60","1990",1990,"Davis","EIB329","662","EIB77_773_Parks Canada_Results","","89","89","134","134","181","191","253","269","103","103","141","145","83","97","129","129","189","195","238","238","87","89","158","160","108","115","172","172","227","227","143","143","158","160","102","90","138","140","194","200","246","246","167","167","152","152","144","144","81","83","124","124","165","165","142","142","260","260","140","150","129","129","155","157","91","95","146","150","180","184","110","90","170","172","85","89","173","175","85","85","116","116","161","167","228","228","128","134","102","104","101","101","181","181","205","211","142","142","145","149"
"2021","WBNPNY","Wood Bison","","Wood Buffalo NP 61","1990",1990,"Davis","EIB330","663","EIB77_773_Parks Canada_Results","","89","89","134","134","175","181","253","269","103","103","145","145","103","83","129","129","189","195","232","238","87","87","159","160","113","115","172","172","227","229","143","143","156","158","90","90","127","140","190","194","246","252","173","173","152","152","144","144","81","83","124","132","165","175","142","142","260","260","140","150","129","129","157","159","91","91","146","150","180","184","112","112","166","172","89","89","173","175","89","89","116","118","161","167","238","240","128","132","102","102","101","101","181","181","205","207","142","166","149","151"
"2021","WBNPNY","Wood Bison","","Wood Buffalo NP 66","1990",1990,"Davis","EIB332","664","EIB77_773_Parks Canada_Results","","91","93","134","136","175","185","253","269","103","103","135","145","93","97","133","143","189","189","232","232","87","87","158","170","113","115","172","176","225","227","143","143","158","160","90","90","140","140","194","194","246","252","173","177","146","152","154","156","83","83","124","124","175","183","142","148","256","260","146","150","125","129","155","155","91","95","150","150","180","180","108","110","170","170","89","89","161","173","81","89","114","116","161","167","228","238","130","130","104","104","101","101","181","181","205","205","142","158","143","151"
"2021","WBNPNY","Wood Bison","","Wood Buffalo NP 81","1992",1992,"Davis","EIB334","665","EIB77_773_Parks Canada_Results","","89","91","136","140","179","187","241","269","103","103","145","145","93","97","129","129","189","195","232","238","87","87","147","149","113","115","174","176","229","229","143","143","152","158","102","90","148","150","194","194","252","252","167","173","146","166","154","160","77","81","132","132","165","165","142","142","256","260","148","150","129","129","157","157","91","91","146","150","192","192","110","112","172","174","89","89","161","169","89","89","116","116","167","167","238","238","114","132","102","102","101","95","177","181","201","207","156","158","153","153"
"2021","WBNPNY","Wood Bison","","Wood Buffalo NP 82","1992",1992,"Davis","EIB335","666","EIB77_773_Parks Canada_Results","","89","91","134","136","181","187","253","253","103","103","141","141","93","93","129","143","189","191","232","238","87","87","160","162","108","113","172","172","225","229","143","143","158","160","90","90","140","142","194","194","252","252","165","173","146","158","144","154","81","83","124","132","165","183","142","150","260","260","150","152","123","129","155","157","92","95","146","150","180","184","112","112","166","174","85","89","161","161","85","89","116","116","167","167","228","236","128","132","102","98","101","95","181","181","205","207","144","166","145","153"
"2021","WBNPNY","Wood Bison","","Wood Buffalo NP 89","1992",1992,"Davis","EIB336","667","EIB77_773_Parks Canada_Results","","89","91","134","138","185","187","241","253","103","103","141","145","103","93","129","143","189","189","232","232","87","89","160","162","108","113","172","182","227","229","143","143","158","160","90","90","140","146","190","194","252","254","177","177","152","158","144","154","81","83","120","132","175","179","148","150","260","262","150","150","123","129","153","157","91","91","150","150","180","192","106","108","172","174","89","89","161","169","81","89","116","116","167","167","228","238","130","132","104","98","103","103","181","191","201","205","144","168","149","151"
"2021","WBNPNY","Wood Bison","","Wood Buffalo NP 90","1992",1992,"Davis","EIB337","668","EIB77_773_Parks Canada_Results","","91","93","134","136","179","191","253","269","103","103","135","141","103","103","129","129","191","191","238","252","87","89","158","160","108","113","174","176","227","229","143","143","156","158","90","90","127","127","200","200","246","252","173","177","142","158","156","160","77","83","124","132","165","165","138","150","260","260","146","150","129","129","155","157","91","91","150","150","180","192","106","112","166","172","89","95","161","173","85","91","116","116","167","167","228","228","128","130","104","104","101","103","181","181","205","207","142","144","145","149"
"2021","WBNPNY","Wood Bison","","Wood Buffalo NP 91","1992",1992,"Davis","EIB338","669","EIB77_773_Parks Canada_Results","","89","93","134","136","179","191","253","253","103","103","141","145","103","83","129","129","191","195","232","238","87","87","160","162","113","115","172","172","227","227","143","143","158","160","102","90","138","146","190","200","252","252","167","173","152","158","144","156","77","83","124","124","165","175","138","142","262","262","146","150","125","129","153","157","91","95","150","150","180","192","106","110","172","178","89","89","161","173","85","89","116","116","167","167","228","238","130","134","102","104","101","101","181","181","205","205","142","166","149","149"
"2021","WBNPPAD","Wood Bison","","20","2020",2020,"Davis","EIB645","719","EIB77_773_Parks Canada_Results","","89","91","134","134","181","187","241","253","103","105","141","145","97","97","129","133","189","189","252","254","87","87","158","158","108","113","172","174","229","231","133","143","154","158","90","90","127","140","194","194","246","252","177","177","146","152","154","156","77","83","124","132","165","183","142","142","260","262","150","150","125","125","155","157","91","91","146","150","180","196","106","112","170","170","81","89","161","161","85","89","116","116","167","167","228","236","130","134","104","92","101","103","191","191","205","207","142","164","149","153"
"2021","WBNPPAD","Wood Bison","","69","2020",2020,"Davis","EIB646","720","EIB77_773_Parks Canada_Results","","89","91","138","138","179","181","241","269","103","103","145","145","103","103","129","129","189","189","238","238","87","89","147","160","108","113","172","172","225","229","143","143","158","160","102","90","127","138","194","194","252","252","173","177","146","152","144","154","81","83","124","132","183","183","142","142","260","260","146","150","129","129","155","157","91","91","148","150","180","192","112","112","172","186","83","89","173","173","87","89","116","116","167","167","238","238","118","132","104","104","103","103","177","181","205","211","156","164","145","151"
"2021","WBNPPAD","Wood Bison","","99","2020",2020,"Davis","EIB647","721","EIB77_773_Parks Canada_Results","","89","93","136","136","187","187","269","273","103","105","141","145","89","93","129","143","189","191","232","238","87","89","160","161","113","113","172","174","225","231","143","143","156","158","90","90","127","150","188","196","254","254","175","175","152","152","154","156","83","83","132","132","175","183","138","142","262","262","146","150","123","125","155","159","91","95","150","150","180","180","106","106","170","176","89","89","161","161","89","91","108","114","161","167","238","238","130","130","102","92","101","99","181","191","211","211","142","142","149","149"
"2021","WBNPPAD","Wood Bison","","130","2020",2020,"Davis","EIB648","722","EIB77_773_Parks Canada_Results","","89","89","134","136","181","187","249","269","103","107","141","145","83","93","129","143","189","189","232","238","87","89","158","160","108","108","172","174","227","229","143","143","158","158","102","90","127","140","188","194","252","252","173","173","152","166","154","154","81","83","122","126","157","179","142","148","260","262","140","146","123","127","155","157","91","92","146","150","180","184","110","112","172","172","81","85","165","165","85","89","116","118","167","167","228","238","130","136","104","104","101","103","181","191","211","215","142","166","149","149"
"2021","WBNPPAD","Wood Bison","","150","2020",2020,"Davis","EIB649","723","EIB77_773_Parks Canada_Results","","89","91","0","0","181","187","247","253","103","103","135","145","93","97","143","143","191","191","232","238","87","87","160","162","113","113","174","176","227","229","143","143","156","158","90","90","127","142","194","194","252","252","177","177","152","166","156","160","81","83","122","124","175","183","142","142","260","260","146","150","125","125","155","155","91","92","146","150","180","196","106","110","174","174","89","95","173","173","81","89","108","116","167","167","240","240","130","130","104","104","101","103","181","181","211","215","168","168","145","151"
"2021","WBNPPAD","Wood Bison","","160","2020",2020,"Davis","EIB650","724","EIB77_773_Parks Canada_Results","","89","93","0","0","179","179","241","253","103","103","137","141","89","91","129","143","0","0","232","232","87","87","158","160","113","113","172","176","229","231","143","143","158","160","90","90","140","142","0","0","246","252","167","173","146","152","154","154","81","83","122","124","0","0","138","142","262","262","140","150","129","129","155","157","91","95","146","150","180","192","106","106","170","174","89","91","165","165","85","89","118","118","167","167","0","0","132","134","102","104","101","99","177","181","0","0","0","0","147","149"
"2021","WBNPPAD","Wood Bison","","170","2020",2020,"Davis","EIB651","725","EIB77_773_Parks Canada_Results","","89","91","0","0","175","187","269","269","103","103","135","141","103","89","129","133","189","189","232","238","87","87","158","161","108","113","172","174","229","229","143","143","158","158","102","90","127","146","194","194","252","252","173","173","152","152","144","154","77","85","132","132","181","183","142","148","262","262","150","150","125","127","155","157","91","92","150","150","180","198","106","112","170","176","83","85","161","169","81","85","116","116","161","167","0","0","130","130","104","92","95","95","181","191","201","207","166","166","151","153"
"2021","WBNPPAD","Wood Bison","","180","2020",2020,"Davis","EIB652","726","EIB77_773_Parks Canada_Results","","89","91","0","0","187","187","241","269","104","104","145","145","103","103","129","129","189","191","232","238","87","87","158","160","108","113","172","172","229","229","143","143","154","158","100","90","127","140","190","194","248","252","177","177","152","152","156","160","81","83","124","124","165","183","142","142","260","262","146","146","123","125","155","155","95","95","146","150","198","198","106","110","172","172","83","89","161","165","89","91","116","116","167","167","228","240","128","130","104","96","95","99","181","191","202","205","0","0","149","149"
"2021","WBNPPAD","Wood Bison","","200","2020",2020,"Davis","EIB653","727","EIB77_773_Parks Canada_Results","","91","91","0","0","181","181","253","253","103","103","141","147","83","97","129","129","189","191","238","248","87","89","162","170","108","108","172","174","225","229","143","145","158","160","102","90","138","140","194","200","252","254","167","177","152","152","154","154","81","83","124","124","165","179","142","142","256","264","146","150","123","125","153","157","92","92","150","150","180","180","112","112","174","174","83","89","165","169","89","89","116","118","167","167","228","238","130","130","104","104","103","99","181","191","207","211","166","168","145","149"
"2021","WBNPPAD","Wood Bison","","230","2020",2020,"Davis","EIB654","728","EIB77_773_Parks Canada_Results","","89","91","134","138","179","181","241","241","102","103","145","145","91","93","141","143","189","191","238","238","87","87","160","161","108","108","172","174","229","231","143","143","156","158","90","90","140","140","194","194","252","252","175","177","152","152","144","154","81","81","120","132","165","175","142","148","256","260","146","150","123","129","155","157","91","95","150","154","184","184","106","110","170","172","83","85","161","165","81","81","116","116","161","167","228","228","134","134","104","96","101","95","177","181","211","211","158","158","149","149"
"2021","WBNPPAD","Wood Bison","","280","2020",2020,"Davis","EIB655","729","EIB77_773_Parks Canada_Results","","89","91","138","138","179","181","253","253","103","103","141","145","97","97","129","129","191","195","232","238","87","89","158","160","113","115","174","176","229","231","143","143","158","158","90","90","127","140","194","194","252","252","177","177","146","152","144","144","81","81","124","132","165","183","142","150","256","260","146","146","123","127","155","157","92","95","146","150","180","180","112","112","170","176","89","89","155","161","85","89","116","116","167","167","228","240","132","134","102","104","103","95","177","191","202","211","142","142","149","149"
"2021","WBNPPAD","Wood Bison","","320","2020",2020,"Davis","EIB656","730","EIB77_773_Parks Canada_Results","","89","91","0","0","187","187","253","253","103","103","135","145","103","91","129","129","189","189","248","254","87","87","158","160","113","115","172","174","229","231","143","143","158","158","88","88","127","127","194","194","250","252","165","173","158","162","144","154","81","81","124","132","175","175","142","150","256","260","140","148","125","129","155","155","92","94","146","150","180","192","110","110","170","172","85","89","167","173","85","85","108","118","167","167","236","238","130","130","102","104","103","103","191","191","205","205","166","166","151","153"
"2021","WBNPPAD","Wood Bison","","900","2020",2020,"Davis","EIB657","731","EIB77_773_Parks Canada_Results","","89","91","138","140","187","187","241","271","103","103","145","147","103","89","129","129","189","195","232","238","87","87","158","161","113","115","174","174","225","231","143","143","156","158","90","90","127","148","194","202","246","252","167","173","146","146","154","154","81","83","124","132","175","175","148","148","262","262","140","150","125","125","155","157","91","92","150","154","180","180","106","112","172","174","83","83","161","173","89","89","114","118","161","167","228","228","114","130","104","92","101","101","181","181","205","207","168","168","151","153"
"2021","WBNPPAD","Wood Bison","","Wood Buffalo NP 1","1990",1990,"Davis","EIB272","690","EIB77_773_Parks Canada_Results","","89","91","134","140","181","185","247","253","103","103","135","135","103","89","129","129","189","189","232","238","89","89","158","161","108","115","172","180","229","229","143","143","154","160","100","90","138","140","194","200","246","250","167","173","146","152","156","160","77","81","124","132","175","183","142","148","256","260","146","150","129","129","155","157","91","94","148","150","196","196","108","112","170","176","83","85","165","173","89","91","114","116","167","167","228","228","130","130","104","96","95","95","181","191","205","205","158","168","145","149"
"2021","WBNPPAD","Wood Bison","","Wood Buffalo NP 10","1990",1990,"Davis","EIB281","698","EIB77_773_Parks Canada_Results","","89","91","138","138","181","187","253","273","103","105","135","135","85","93","129","143","189","189","238","238","87","87","143","149","113","113","172","172","229","231","143","143","156","158","90","90","140","148","188","200","250","252","167","177","156","162","154","160","83","83","122","122","183","183","142","148","260","262","150","152","125","129","155","159","91","92","146","150","180","180","112","90","166","170","81","89","161","165","87","89","116","118","161","165","236","238","130","134","92","96","97","99","181","191","207","211","142","142","145","151"
"2021","WBNPPAD","Wood Bison","","Wood Buffalo NP 11","1990",1990,"Davis","EIB282","699","EIB77_773_Parks Canada_Results","","89","89","134","134","181","185","241","271","103","103","135","145","103","91","129","143","189","191","238","254","87","87","143","162","113","115","172","174","229","231","143","143","156","158","100","90","140","146","190","194","250","252","165","167","152","166","154","156","81","83","124","132","165","179","142","142","260","262","140","150","125","129","155","157","91","91","146","150","180","192","106","106","168","170","83","83","161","173","81","91","116","116","167","167","236","240","114","134","104","96","97","99","181","191","201","205","164","168","149","153"
"2021","WBNPPAD","Wood Bison","","Wood Buffalo NP 12","1990",1990,"Davis","EIB283","700","EIB77_773_Parks Canada_Results","","89","91","134","136","179","181","253","253","103","103","135","147","103","89","129","129","195","195","252","254","87","87","158","162","110","113","176","176","229","231","143","143","156","158","88","90","127","140","198","200","250","252","173","173","152","158","154","154","83","83","122","126","165","183","142","150","262","262","140","148","127","129","155","155","92","95","146","146","184","196","106","108","170","172","83","89","161","173","91","91","114","118","161","161","238","238","130","130","104","96","101","101","181","181","207","211","168","170","151","153"
"2021","WBNPPAD","Wood Bison","","Wood Buffalo NP 13","1990",1990,"Davis","EIB284","701","EIB77_773_Parks Canada_Results","","91","93","136","136","179","187","247","253","103","103","135","145","103","97","129","129","189","189","232","238","87","89","162","170","113","115","170","174","225","229","143","143","158","158","90","90","127","138","188","194","252","254","163","177","152","158","156","156","81","83","122","124","175","183","142","148","260","260","146","146","121","125","155","155","95","95","146","150","180","190","110","112","172","176","89","89","165","173","85","89","116","118","167","167","228","240","114","130","92","92","103","103","181","191","205","205","168","168","149","153"
"2021","WBNPPAD","Wood Bison","","Wood Buffalo NP 14","1990",1990,"Davis","EIB285","702","EIB77_773_Parks Canada_Results","","89","93","140","140","179","179","241","253","103","103","145","145","103","97","129","143","189","189","232","232","87","87","158","162","115","115","172","182","225","229","143","143","158","158","90","90","140","148","194","194","252","252","167","167","146","158","154","154","81","83","124","124","175","179","142","150","262","262","146","150","127","129","155","159","91","95","150","150","180","184","106","110","168","170","89","89","161","165","85","89","116","116","167","167","228","240","114","130","92","92","101","95","181","191","205","211","142","142","153","153"
"2021","WBNPPAD","Wood Bison","","Wood Buffalo NP 15","1990",1990,"Davis","EIB286","703","EIB77_773_Parks Canada_Results","","89","91","134","138","179","181","241","253","103","103","135","135","93","97","141","143","191","191","238","238","87","87","160","162","108","113","172","172","227","231","143","143","156","156","90","90","127","140","194","194","252","254","165","165","150","158","144","160","81","83","124","132","165","179","142","148","260","262","140","150","125","129","159","159","91","92","146","150","184","196","106","112","170","172","89","89","173","173","85","89","116","116","161","167","238","238","130","130","102","104","101","101","181","181","207","211","162","168","149","149"
"2021","WBNPPAD","Wood Bison","","Wood Buffalo NP 16","1990",1990,"Davis","EIB287","704","EIB77_773_Parks Canada_Results","","89","91","136","140","187","187","241","241","103","103","135","141","93","93","129","143","189","191","232","238","87","89","160","162","113","115","172","176","225","229","143","143","158","158","102","90","140","140","188","200","250","250","167","173","152","166","156","156","83","83","132","132","175","183","142","148","262","262","146","150","125","129","155","155","91","92","146","150","180","192","110","110","170","172","83","89","161","173","81","85","116","118","161","167","228","236","130","134","92","92","103","95","181","181","205","207","162","164","147","149"
"2021","WBNPPAD","Wood Bison","","Wood Buffalo NP 17","1990",1990,"Davis","EIB288","705","EIB77_773_Parks Canada_Results","","91","91","134","136","185","187","241","253","103","105","135","145","89","97","129","149","189","191","238","238","87","87","160","162","113","113","172","178","213","229","143","143","154","156","88","90","142","148","194","194","252","252","173","177","152","152","154","156","83","83","124","124","165","165","142","148","260","260","146","150","125","129","155","155","91","92","146","150","180","184","110","112","168","168","83","89","165","173","85","89","108","116","167","167","236","238","130","130","104","98","103","99","181","191","205","211","158","170","149","149"
"2021","WBNPPAD","Wood Bison","","Wood Buffalo NP 18","1990",1990,"Davis","EIB289","706","EIB77_773_Parks Canada_Results","","89","89","136","142","175","187","241","253","103","103","135","141","97","97","129","141","191","195","238","238","87","87","154","162","108","115","176","176","229","231","143","143","156","158","100","102","142","142","194","194","252","252","167","175","146","150","154","154","81","83","124","132","175","183","148","150","256","262","140","150","125","129","155","155","91","91","146","154","180","196","106","108","170","176","89","95","173","173","89","91","108","116","167","167","228","238","118","134","104","104","101","103","181","191","205","205","142","166","145","149"
"2021","WBNPPAD","Wood Bison","","Wood Buffalo NP 19","1990",1990,"Davis","EIB290","707","EIB77_773_Parks Canada_Results","","89","89","136","136","181","187","247","271","103","103","141","145","103","89","129","129","189","191","238","238","87","87","161","162","108","115","172","172","227","227","143","143","156","158","90","90","140","150","194","200","252","252","167","175","146","152","154","160","81","83","122","126","175","179","142","142","260","262","146","150","127","131","155","157","91","91","146","150","180","198","110","112","166","172","89","89","161","161","85","89","116","116","161","161","228","240","130","134","104","104","101","95","181","191","205","205","142","162","151","151"
"2021","WBNPPAD","Wood Bison","","Wood Buffalo NP 2","1990",1990,"Davis","EIB273","691","EIB77_773_Parks Canada_Results","","89","89","134","136","187","187","0","0","0","0","135","141","0","0","129","129","191","195","238","252","87","87","158","160","113","115","176","180","225","227","0","0","158","158","88","90","127","140","188","194","246","254","173","177","152","162","154","154","81","83","124","124","165","165","142","150","0","0","146","146","125","127","155","157","92","95","146","150","184","184","106","112","168","174","81","89","169","173","81","85","0","0","167","167","238","238","118","134","104","104","103","95","0","0","209","213","142","142","0","0"
"2021","WBNPPAD","Wood Bison","","Wood Buffalo NP 20","1990",1990,"Davis","EIB291","708","EIB77_773_Parks Canada_Results","","89","91","138","138","179","185","253","269","103","103","135","145","103","89","129","143","191","195","238","238","87","87","160","160","108","115","172","182","225","231","143","143","158","158","102","90","148","150","190","194","252","252","167","177","146","158","156","160","81","81","124","124","175","181","142","142","260","262","150","150","125","129","155","155","91","91","148","150","180","180","110","112","168","168","89","89","165","167","89","89","116","118","167","167","228","238","130","134","102","98","103","99","181","191","207","211","142","142","145","153"
"2021","WBNPPAD","Wood Bison","","Wood Buffalo NP 4","1990",1990,"Davis","EIB275","692","EIB77_773_Parks Canada_Results","","89","89","134","140","187","187","253","269","103","103","135","141","93","93","129","143","189","191","238","238","85","87","158","161","115","115","172","172","229","233","143","143","154","158","90","90","140","142","194","202","252","252","173","177","152","164","154","154","81","83","124","124","165","165","142","148","260","260","146","150","123","129","155","157","91","92","150","150","180","196","110","112","168","176","83","89","161","169","85","89","116","118","161","165","228","240","114","130","104","92","101","101","181","181","205","207","158","168","143","145"
"2021","WBNPPAD","Wood Bison","","Wood Buffalo NP 5","1990",1990,"Davis","EIB276","693","EIB77_773_Parks Canada_Results","","89","91","136","138","179","187","253","269","103","103","135","141","103","103","129","129","189","189","232","238","89","89","160","162","113","115","172","178","229","229","143","143","158","158","90","90","127","146","194","194","252","252","173","177","152","152","154","154","83","85","132","132","165","179","138","142","260","262","150","150","129","129","155","159","92","95","146","148","180","196","106","112","170","172","85","85","161","169","85","89","114","118","161","167","228","228","130","130","104","92","101","103","181","191","205","205","168","168","153","153"
"2021","WBNPPAD","Wood Bison","","Wood Buffalo NP 6","1990",1990,"Davis","EIB277","694","EIB77_773_Parks Canada_Results","","89","89","134","138","175","187","253","269","103","103","145","145","103","97","129","143","195","195","238","250","87","89","149","160","113","113","172","174","229","231","143","145","156","158","90","90","140","140","188","194","246","254","173","175","152","158","154","154","81","83","124","124","175","179","138","142","260","262","140","148","123","129","153","155","91","95","146","154","180","180","108","112","168","170","89","89","161","161","85","89","114","116","161","167","240","240","118","134","102","104","103","95","181","191","205","211","156","168","145","149"
"2021","WBNPPAD","Wood Bison","","Wood Buffalo NP 7","1990",1990,"Davis","EIB278","695","EIB77_773_Parks Canada_Results","","89","91","136","140","175","179","247","253","103","103","135","145","89","93","129","133","189","195","238","238","87","87","160","170","113","115","176","182","227","227","143","147","158","160","100","88","140","140","194","194","252","252","167","175","152","158","154","154","81","81","124","124","183","183","138","150","262","262","140","140","129","129","151","159","91","91","150","150","180","192","106","108","170","178","89","89","161","173","85","89","108","118","161","167","228","240","130","130","96","98","101","101","191","191","205","207","164","168","145","145"
"2021","WBNPPAD","Wood Bison","","Wood Buffalo NP 8","1990",1990,"Davis","EIB279","696","EIB77_773_Parks Canada_Results","","89","91","134","136","185","185","253","269","103","103","135","137","97","99","143","143","193","195","238","238","87","89","160","161","115","115","176","176","231","231","143","143","156","158","90","90","127","127","188","194","252","252","175","177","152","158","156","160","83","83","124","124","165","175","138","142","260","262","146","150","127","129","155","155","91","91","146","150","184","196","108","90","168","172","85","85","161","173","85","91","116","116","161","161","228","228","118","132","92","98","101","103","181","191","207","211","142","164","149","153"
"2021","WBNPPAD","Wood Bison","","Wood Buffalo NP 9","1990",1990,"Davis","EIB280","697","EIB77_773_Parks Canada_Results","","89","91","136","138","179","187","253","253","103","103","141","145","103","103","129","129","191","195","238","238","87","87","160","160","115","115","172","174","229","229","143","143","156","158","100","90","140","142","188","194","244","252","167","173","146","156","154","154","83","83","124","132","165","175","142","142","260","262","140","150","129","129","159","159","91","95","146","150","180","196","106","106","174","174","85","89","161","165","89","91","116","116","161","167","228","228","130","134","102","102","95","95","181","181","205","211","142","162","151","153"
"2021","WBNPPAD","Wood Bison","","Wood Buffalo NP 92","1992",1992,"Davis","EIB339","709","EIB77_773_Parks Canada_Results","","89","91","136","138","179","185","245","269","103","103","135","141","91","97","129","129","189","191","238","254","87","87","160","160","113","113","172","172","225","229","143","157","158","158","102","90","142","146","188","188","246","252","173","177","152","152","144","156","81","81","124","132","183","183","148","148","260","260","146","150","125","125","155","155","92","92","150","150","184","184","108","110","172","172","81","85","165","173","85","89","108","116","167","167","228","238","132","134","104","98","101","99","177","189","205","207","158","166","153","153"
"2021","WBNPPAD","Wood Bison","","Wood Buffalo NP 93","1992",1992,"Davis","EIB340","710","EIB77_773_Parks Canada_Results","","89","91","136","138","179","187","241","253","103","103","135","141","103","97","129","141","189","191","238","238","87","87","158","162","108","115","174","182","229","231","143","143","156","158","100","90","127","142","188","190","252","252","173","177","146","152","144","154","81","81","124","124","183","183","142","148","262","262","150","150","129","129","153","159","91","92","146","150","180","184","106","110","166","176","89","89","161","161","89","89","116","116","161","167","238","238","118","132","102","104","101","103","181","181","205","215","142","158","153","153"
"2021","WBNPPAD","Wood Bison","","Wood Buffalo NP 94","1992",1992,"Davis","EIB341","711","EIB77_773_Parks Canada_Results","","89","91","134","138","181","187","241","249","103","105","135","145","83","89","129","129","191","195","238","238","87","87","161","162","113","115","172","182","227","229","143","143","158","158","90","90","127","140","194","194","252","252","173","175","146","164","154","156","81","81","122","132","175","183","142","150","260","262","146","150","125","129","155","157","91","91","146","150","180","180","106","110","168","172","85","89","173","173","87","89","116","116","167","167","228","238","134","134","104","104","101","101","181","191","205","215","142","158","149","149"
"2021","WBNPPAD","Wood Bison","","Wood Buffalo NP 95","1992",1992,"Davis","EIB342","712","EIB77_773_Parks Canada_Results","","89","91","138","138","181","181","253","253","103","103","135","145","93","97","143","143","189","191","232","252","87","87","158","161","113","113","172","182","225","229","143","143","154","158","90","90","140","146","194","194","250","252","163","177","152","166","144","154","77","81","124","132","165","183","148","150","260","262","148","150","125","129","155","157","91","92","150","150","180","184","106","110","170","172","89","95","161","165","85","89","116","116","161","167","228","236","114","130","104","92","101","103","181","191","207","207","158","170","149","151"
"2021","WBNPPAD","Wood Bison","","Wood Buffalo NP 96","1992",1992,"Davis","EIB343","713","EIB77_773_Parks Canada_Results","","91","91","134","138","179","191","269","271","103","103","141","145","105","97","129","143","189","189","252","252","89","91","160","162","108","115","172","180","227","229","143","143","156","156","90","90","140","142","194","200","252","252","167","173","146","166","154","154","81","81","124","124","165","181","142","148","262","262","146","150","123","129","153","157","91","92","150","154","180","198","106","110","170","174","85","89","161","161","87","87","112","118","161","167","228","238","130","134","102","104","103","99","181","191","205","205","142","158","145","153"
"2021","WBNPPAD","Wood Bison","","Wood Buffalo NP 97","1992",1992,"Davis","EIB344","714","EIB77_773_Parks Canada_Results","","89","91","136","138","175","185","241","269","103","103","137","141","103","89","129","149","189","191","238","250","87","87","160","162","108","115","172","180","225","233","143","143","154","158","90","90","127","150","194","200","252","254","177","177","148","152","144","154","83","83","124","124","175","183","138","148","260","260","146","150","125","127","155","155","91","95","150","150","184","196","106","106","170","176","85","91","161","161","85","87","116","118","167","167","238","238","130","130","92","98","95","95","181","181","205","205","142","168","151","153"
"2021","WBNPLB","Wood Bison","","Wood Buffalo NP 100","1992",1992,"Davis","EIB347","751","EIB77_773_Parks Canada_Results","","89","91","136","136","181","181","253","269","103","105","135","141","85","93","129","143","189","189","238","238","89","89","158","162","108","115","172","174","229","231","143","143","156","158","100","90","140","150","188","200","252","252","167","167","146","158","154","156","83","85","124","132","165","183","142","142","260","262","150","150","123","125","159","159","92","92","148","150","180","196","112","112","168","170","85","89","165","173","89","89","116","116","167","167","238","238","130","134","104","98","101","103","181","191","201","211","142","166","149","151"
"2021","WBNPLB","Wood Bison","","Wood Buffalo NP 101","1992",1992,"Davis","EIB348","752","EIB77_773_Parks Canada_Results","","89","93","136","136","179","187","265","269","103","103","135","145","103","103","129","129","191","195","238","238","87","87","154","160","113","115","172","172","229","229","143","143","158","158","100","90","127","142","188","188","250","252","173","177","146","158","154","154","81","83","124","132","165","175","142","142","260","262","150","152","125","127","155","155","91","92","146","150","184","184","106","110","170","172","85","89","161","161","87","89","108","116","167","167","228","238","130","132","102","98","101","95","191","191","205","205","142","144","149","153"
"2021","WBNPLB","Wood Bison","","Wood Buffalo NP 34","1990",1990,"Davis","EIB305","742","EIB77_773_Parks Canada_Results","","91","93","134","136","179","185","269","269","103","103","145","145","103","93","129","143","189","195","238","238","87","89","147","160","115","115","176","176","227","229","143","143","158","160","100","90","127","140","194","194","246","252","167","173","152","152","154","154","81","81","124","124","165","179","148","150","260","262","140","150","123","129","155","155","91","92","150","150","192","196","106","106","168","172","81","89","161","165","85","91","108","116","167","167","238","240","114","130","102","102","103","95","181","181","205","211","142","168","145","149"
"2021","WBNPLB","Wood Bison","","Wood Buffalo NP 35","1990",1990,"Davis","EIB306","743","EIB77_773_Parks Canada_Results","","91","93","134","136","179","181","253","253","103","105","141","145","101","85","129","129","189","189","238","252","87","89","158","162","108","115","174","174","231","231","143","147","156","158","100","90","127","150","188","188","252","252","167","173","146","146","0","0","77","83","122","124","165","183","142","142","260","262","150","150","125","129","159","159","91","92","150","150","180","196","112","112","170","172","85","89","165","169","89","89","118","120","167","167","238","238","0","0","104","98","101","101","191","191","205","211","166","166","151","151"
"2021","WBNPLB","Wood Bison","","Wood Buffalo NP 36","1990",1990,"Davis","EIB307","744","EIB77_773_Parks Canada_Results","","89","91","134","138","179","187","247","253","103","103","135","145","103","85","129","129","189","191","238","238","87","87","158","160","113","115","172","172","225","229","143","143","156","158","100","90","140","140","188","194","246","252","167","175","152","158","144","154","83","83","132","132","165","183","142","142","262","262","150","150","125","125","155","157","91","92","150","150","192","196","106","106","168","172","89","89","161","173","89","89","116","116","167","167","238","238","130","134","102","102","101","103","191","191","202","205","166","166","145","151"
"2021","WBNPLB","Wood Bison","","Wood Buffalo NP 37","1990",1990,"Davis","EIB308","745","EIB77_773_Parks Canada_Results","","89","91","138","138","179","185","241","271","103","103","135","135","103","85","129","143","189","191","238","238","89","91","160","162","115","115","172","172","229","229","143","143","156","158","102","90","140","150","200","200","252","252","167","173","152","152","144","154","77","81","0","0","175","179","142","142","262","262","148","150","129","129","155","159","91","91","148","150","184","192","112","112","170","186","85","85","165","173","85","87","118","118","167","167","228","238","128","130","102","104","101","95","179","179","205","211","142","158","145","145"
"2021","WBNPLB","Wood Bison","","Wood Buffalo NP 38","1990",1990,"Davis","EIB309","746","EIB77_773_Parks Canada_Results","","89","89","136","138","179","181","241","253","103","103","145","145","103","97","129","143","189","191","232","238","87","87","158","158","113","115","174","176","227","229","143","143","156","156","100","90","127","140","190","194","252","252","167","173","152","166","144","154","77","83","124","132","165","181","142","148","260","262","146","150","129","131","155","157","91","92","150","150","192","192","112","112","170","172","89","89","173","173","89","89","116","116","167","167","228","228","130","134","104","92","101","101","181","191","207","211","158","168","149","149"
"2021","WBNPLB","Wood Bison","","Wood Buffalo NP 39","1990",1990,"Davis","EIB310","747","EIB77_773_Parks Canada_Results","","89","89","136","138","179","187","241","253","103","103","145","145","89","97","143","143","189","191","238","252","87","87","161","162","115","115","172","174","227","229","0","0","158","158","90","90","140","142","194","194","246","252","173","175","152","152","154","154","83","83","124","132","165","183","142","150","260","262","140","150","123","125","155","157","91","94","146","150","180","184","108","112","168","174","85","85","161","165","81","89","108","116","167","167","238","238","114","134","102","104","103","95","179","191","205","211","142","166","145","153"
"2021","WBNPLB","Wood Bison","","Wood Buffalo NP 41","1990",1990,"Davis","EIB312","748","EIB77_773_Parks Canada_Results","","89","91","138","138","179","179","253","253","103","103","145","145","103","97","127","129","189","189","238","238","87","89","160","161","108","115","172","178","231","231","143","143","156","160","90","90","127","150","194","194","250","252","177","177","152","164","144","144","81","83","124","132","175","183","142","148","262","262","150","150","125","129","155","155","91","94","146","146","180","184","106","108","176","176","89","89","161","161","85","87","116","118","167","167","238","240","128","130","104","98","103","95","181","181","207","211","158","166","145","151"
"2021","WBNPLB","Wood Bison","","Wood Buffalo NP 98","1992",1992,"Davis","EIB345","749","EIB77_773_Parks Canada_Results","","89","93","136","136","179","181","253","253","103","103","145","145","103","103","129","143","191","191","238","238","87","87","160","162","113","115","174","174","231","231","143","143","158","158","102","88","138","140","190","200","252","252","167","167","146","152","154","154","81","83","124","126","183","183","142","148","260","260","146","150","123","123","155","155","91","92","146","154","180","196","106","108","168","170","83","89","173","173","85","89","116","116","167","167","228","228","130","130","102","104","103","95","181","191","205","211","142","166","149","153"
"2021","WBNPLB","Wood Bison","","Wood Buffalo NP 99","1992",1992,"Davis","EIB346","750","EIB77_773_Parks Canada_Results","","89","89","136","136","179","185","253","269","103","103","145","145","103","93","129","129","191","195","232","238","87","87","147","161","115","115","172","182","229","231","143","143","158","158","90","90","140","140","188","194","246","254","167","167","152","152","154","154","81","81","124","124","179","183","142","142","260","262","150","150","129","129","153","159","91","94","146","148","180","180","106","112","168","174","83","83","167","173","81","89","116","116","161","167","240","240","114","118","104","92","103","95","181","181","205","205","144","144","149","153"
"M. Grant Thesis","EINPP","Plains Bison","Fecal","EINP_P08","10/22/2023",2023,"Trent","","","","94%","91","91","134","134","175","185","253","271","103","103","135","147","97","97","143","149","189","191","238","238","85","87","143","161","113","115","180","182","**","**","143","145","158","158","90","100","127","127","194","200","246","250","165","173","152","156","144","156","83","83","122","122","179","183","142","148","262","262","146","150","123","127","155","159","92","92","146","154","192","198","108","110","170","174","89","89","161","161","87","89","","","161","167","236","240","130","134","98","104","95","101","179","191","211","215","164","168","**","**"
"M. Grant Thesis","EINPP","Plains Bison","Fecal","EINP_P16","10/22/2023",2023,"Trent","","","","98%","91","91","136","138","187","187","241","253","103","103","135","147","89","97","129","143","189","191","238","238","87","89","160","161","113","113","180","180","229","229","143","143","156","160","88","102","127","148","194","200","250","254","165","175","152","162","156","158","81","83","122","122","179","185","148","150","256","262","146","150","127","127","155","157","92","92","148","150","184","198","108","108","168","170","83","89","161","173","87","87","","","161","167","228","240","130","130","96","98","95","101","179","191","201","205","158","168","149","149"
"M. Grant Thesis","EINPP","Plains Bison","Fecal","EINP_P21","10/22/2023",2023,"Trent","","","","98%","91","91","138","138","187","187","241","249","103","105","135","141","89","97","129","149","189","195","238","238","87","89","160","160","113","113","180","180","225","231","143","147","154","158","88","88","127","150","194","202","246","254","163","173","150","162","144","156","83","83","120","124","165","165","142","142","262","262","140","140","127","127","153","157","92","92","146","146","184","196","108","108","168","172","89","95","161","173","85","87","","","161","161","240","240","130","130","92","104","101","103","181","191","215","215","142","162","149","149"
"M. Grant Thesis","EINPP","Plains Bison","Fecal","EINP_P22","10/22/2023",2023,"Trent","","","","90%","89","93","138","138","187","187","241","241","103","103","147","147","89","89","129","129","191","191","238","238","87","89","161","161","115","115","180","180","**","**","143","143","154","156","90","90","140","140","190","194","252","254","173","173","162","164","154","154","83","83","122","122","179","179","142","142","**","**","140","140","125","131","155","159","91","91","146","146","180","180","**","**","170","172","89","89","161","165","89","89","","","161","161","228","240","130","130","98","98","95","101","191","191","205","205","142","156","**","**"
"M. Grant Thesis","EINPP","Plains Bison","Fecal","EINP_P32","10/22/2023",2023,"Trent","","","","83%","89","91","134","136","175","175","241","241","103","105","135","135","89","89","129","143","191","195","238","238","**","**","**","**","**","**","**","**","**","**","**","**","**","**","88","88","127","140","194","200","250","250","163","173","158","158","144","154","83","83","124","124","181","185","142","148","262","262","140","148","123","125","155","155","91","92","146","150","180","198","108","110","168","172","89","89","161","161","91","91","","","161","167","228","240","130","134","96","104","95","101","191","191","205","211","142","156","**","**"
"M. Grant Thesis","EINPP","Plains Bison","Fecal","EINP_P37","10/22/2023",2023,"Trent","","","","88%","89","89","136","138","187","187","245","271","103","103","135","137","89","97","129","143","191","195","238","238","87","87","142","160","**","**","**","**","229","229","**","**","**","**","90","90","140","150","194","194","246","250","165","175","**","**","156","158","81","85","122","124","181","185","142","148","262","262","146","148","123","127","153","155","92","95","150","150","198","198","108","110","176","186","89","89","161","165","85","85","","","161","167","228","228","130","130","92","96","101","101","177","191","207","211","142","144","149","151"
"M. Grant Thesis","EINPP","Plains Bison","Fecal","EINP_P42","10/22/2023",2023,"Trent","","","","98%","91","91","134","136","175","185","241","241","103","105","135","147","93","105","129","143","191","191","238","238","87","87","143","161","113","115","172","172","231","231","143","147","154","154","90","90","142","150","194","194","250","252","175","175","158","158","144","154","81","81","122","124","181","183","142","148","262","262","140","150","125","127","153","155","92","92","146","146","180","198","106","110","168","176","89","89","161","161","85","87","","","161","161","228","240","130","130","92","96","97","101","177","191","211","211","158","158","145","149"
"M. Grant Thesis","EINPP","Plains Bison","Fecal","EINP_P45","10/22/2023",2023,"Trent","","","","90%","89","89","134","136","187","187","247","247","103","103","135","135","89","89","129","129","189","195","248","250","87","87","160","160","113","115","172","172","225","231","143","143","154","158","88","90","127","127","194","194","**","**","175","175","158","158","144","156","83","83","124","124","183","183","142","148","262","262","140","140","131","131","155","155","92","92","146","146","180","180","108","108","170","172","89","89","**","**","85","87","","","161","167","228","228","130","130","98","104","101","103","**","**","211","211","142","158","**","**"
"M. Grant Thesis","EINPP","Plains Bison","Fecal","EINP_P48","10/22/2023",2023,"Trent","","","","96%","89","89","134","136","181","187","241","253","103","107","135","135","89","93","129","143","189","189","238","238","89","91","158","160","108","108","180","180","229","229","143","147","156","158","90","90","140","140","194","200","246","250","175","175","150","162","156","156","81","81","122","122","183","185","148","148","256","262","140","150","123","127","153","157","92","92","146","154","184","198","108","108","168","168","89","89","165","173","85","85","","","165","167","236","240","130","130","104","104","99","99","177","191","207","211","156","168","**","**"
"M. Grant Thesis","EINPP","Plains Bison","Fecal","EINP_P51","10/22/2023",2023,"Trent","","","","94%","91","91","134","136","179","187","241","241","103","105","147","147","93","97","127","149","189","189","238","238","85","89","160","161","108","115","172","178","229","231","143","145","154","154","88","100","127","140","**","**","250","254","175","175","158","162","154","156","83","83","124","124","179","181","142","150","262","262","140","150","127","131","155","155","91","91","148","150","180","184","106","108","170","170","89","91","161","173","85","89","","","161","167","238","240","130","130","92","92","95","101","191","191","211","211","162","162","**","**"
"M. Grant Thesis","EINPP","Plains Bison","Fecal","EINP_P55","10/22/2023",2023,"Trent","","","","81%","89","93","136","138","187","187","241","241","103","103","135","147","97","105","129","149","191","191","250","250","87","87","170","170","113","113","**","**","229","229","143","143","154","156","90","90","**","**","**","**","250","250","165","165","**","**","158","158","81","83","122","124","181","183","138","148","262","262","**","**","123","127","153","155","92","95","146","150","192","192","108","108","**","**","89","89","**","**","85","87","","","161","161","228","240","130","132","96","96","99","101","**","**","**","**","144","158","149","149"
"M. Grant Thesis","EINPP","Plains Bison","Fecal","EINP_P60","10/22/2023",2023,"Trent","","","","98%","91","91","138","138","181","185","241","253","103","103","135","141","97","105","129","149","191","195","238","238","85","91","160","160","113","115","180","180","229","231","143","143","154","158","90","100","140","150","194","198","250","254","175","175","158","162","154","160","81","83","122","124","165","181","148","150","256","262","146","150","125","127","155","155","92","95","146","146","180","198","106","108","170","174","89","89","161","161","89","89","","","161","161","228","240","130","130","92","98","99","101","191","191","211","211","162","170","149","151"
"M. Grant Thesis","EINPP","Plains Bison","Fecal","EINP_P80","10/22/2023",2023,"Trent","","","","88%","89","91","136","142","175","187","241","253","103","105","135","135","97","105","129","143","191","195","232","238","87","91","**","**","**","**","**","**","**","**","143","145","**","**","102","102","127","140","194","194","252","254","165","165","158","158","156","156","81","81","122","124","181","183","138","138","256","260","146","148","127","127","153","155","91","92","146","146","180","180","106","106","172","172","89","89","161","173","85","87","","","161","161","228","240","118","134","96","104","99","101","191","191","201","205","162","168","149","149"
"M. Grant Thesis","EINPP","Plains Bison","Fecal","EINP_P88","10/22/2023",2023,"Trent","","","","92%","91","91","136","136","175","181","241","253","103","103","135","135","89","89","129","143","195","195","254","254","87","87","**","**","108","115","**","**","**","**","143","143","154","154","90","90","127","148","194","200","246","250","165","167","150","158","144","158","81","81","124","124","179","181","142","142","260","262","140","146","127","127","153","159","91","92","146","154","180","198","108","108","168","172","89","89","161","161","85","87","","","167","167","238","240","130","134","92","96","95","101","181","191","211","215","162","162","143","149"
"M. Grant Thesis","EINPP","Plains Bison","Fecal","EINP_P91","10/22/2023",2023,"Trent","","","","98%","89","91","136","140","175","185","241","269","103","103","137","137","99","105","127","149","191","191","238","238","85","91","160","160","108","115","180","180","231","233","143","143","154","154","88","88","127","150","194","200","250","254","173","175","156","158","156","156","81","83","122","122","165","183","142","148","260","262","146","150","127","129","151","155","92","95","146","150","184","198","106","108","170","172","83","89","161","161","87","87","","","161","167","228","240","130","130","98","104","101","103","177","191","205","211","164","168","149","149"
"M. Grant Thesis","EINPP","Plains Bison","Fecal","EINP_P92","10/22/2023",2023,"Trent","","","","98%","91","91","138","138","185","187","241","247","103","107","135","137","89","101","143","149","191","195","232","238","87","91","161","161","108","113","174","178","229","229","143","143","158","158","88","88","127","140","194","200","250","254","175","175","158","158","144","144","81","83","122","122","179","179","142","142","262","262","146","146","127","127","155","159","92","95","146","150","184","198","108","108","168","186","83","89","161","165","87","87","","","161","167","236","238","130","130","92","104","95","101","179","191","205","211","142","170","149","151"
"M. Grant Thesis","EINPP","Plains Bison","Fecal","EINP_P95","10/22/2023",2023,"Trent","","","","96%","91","91","136","138","187","187","245","271","103","104","135","135","97","101","129","143","195","195","238","238","87","91","143","158","108","113","172","180","229","229","147","147","154","160","90","100","140","140","194","200","246","250","175","175","152","158","156","156","83","83","122","124","165","183","142","142","260","262","140","148","125","127","153","155","91","95","146","146","192","192","106","108","168","170","89","89","161","173","87","87","","","161","165","240","240","118","130","96","98","101","101","181","191","207","211","162","168","**","**"
"M. Grant Thesis","EINPP","Plains Bison","Fecal","EINP_PB102","23-Oct-24",2024,"Trent","","","","96%","89","91","136","138","185","187","241","253","103","103","135","135","89","97","129","149","189","191","238","238","85","89","160","160","113","113","180","180","225","229","143","143","156","158","88","100","127","150","194","200","246","250","165","173","156","164","156","158","83","83","122","122","183","185","138","148","262","262","140","140","123","127","157","159","91","95","146","150","180","180","106","112","168","172","83","89","161","173","85","87","","","161","165","236","240","130","130","92","104","99","103","191","191","205","215","142","158","**","**"
"M. Grant Thesis","EINPP","Plains Bison","Fecal","EINP_PB104","23-Oct-24",2024,"Trent","","","","98%","91","91","134","140","175","187","241","253","103","103","135","135","97","101","143","149","191","195","238","238","85","87","160","161","113","113","172","174","229","231","145","145","156","158","90","90","140","150","194","194","244","254","165","175","156","158","144","154","83","83","122","122","179","185","142","148","260","262","146","146","123","127","153","153","92","95","146","146","192","192","106","108","172","176","83","89","161","161","87","87","","","165","165","236","236","130","134","98","98","95","101","179","193","201","211","164","168","149","149"
"M. Grant Thesis","EINPP","Plains Bison","Fecal","EINP_PB105","23-Oct-24",2024,"Trent","","","","98%","91","91","134","136","179","187","241","253","103","103","137","147","89","105","143","149","189","195","238","238","87","91","143","160","113","115","174","180","229","233","145","145","158","160","100","100","127","148","194","194","250","250","163","173","142","162","144","156","81","83","124","124","183","185","142","148","256","262","150","150","129","131","153","155","92","94","146","150","180","198","108","112","168","168","83","89","161","165","89","91","","","167","167","240","240","130","134","96","104","95","99","191","191","205","211","162","164","149","149"
"M. Grant Thesis","EINPP","Plains Bison","Fecal","EINP_PB111","23-Oct-24",2024,"Trent","","","","98%","89","91","134","140","185","187","241","241","103","105","135","141","91","91","129","143","191","195","238","238","85","87","143","143","108","115","180","180","229","231","143","143","154","156","88","90","127","127","194","194","246","250","163","177","158","164","144","156","81","83","122","122","179","183","142","142","262","262","140","146","127","131","153","153","91","92","146","150","180","180","106","108","170","172","83","89","161","161","89","89","","","161","161","228","240","130","130","92","104","95","101","177","191","205","211","164","164","149","149"
"M. Grant Thesis","EINPP","Plains Bison","Fecal","EINP_PB121","23-Oct-24",2024,"Trent","","","","96%","89","91","136","140","175","185","241","269","103","104","137","137","99","105","127","149","191","191","238","238","85","91","160","160","108","115","174","180","231","233","143","143","154","154","88","88","127","150","194","200","250","254","173","175","156","158","156","156","81","83","122","122","165","183","142","148","262","262","146","150","127","129","155","155","92","95","146","150","184","198","106","108","170","172","83","89","161","161","87","87","","","165","165","228","240","130","130","98","104","101","103","177","191","205","211","164","166","**","**"
"M. Grant Thesis","EINPP","Plains Bison","Fecal","EINP_PB123","23-Oct-24",2024,"Trent","","","","96%","89","89","138","140","185","187","241","253","103","103","135","135","89","93","129","149","191","191","232","232","85","87","160","161","113","115","172","178","229","231","143","147","156","158","88","90","127","127","194","200","246","250","173","175","158","164","156","156","81","83","122","124","179","183","138","142","262","262","140","140","127","127","159","159","91","95","146","150","180","198","106","106","168","170","83","83","161","161","85","87","","","161","161","236","236","130","130","92","92","99","99","181","191","215","215","158","168","**","**"
"M. Grant Thesis","EINPP","Plains Bison","Fecal","EINP_PB125","23-Oct-24",2024,"Trent","","","","98%","91","91","136","140","175","179","241","241","103","103","135","141","89","101","129","129","189","191","238","238","87","91","143","160","115","115","180","180","229","229","143","145","158","160","88","102","140","140","200","200","246","252","163","173","158","162","154","158","81","83","122","122","179","185","142","150","260","262","140","140","127","127","153","155","91","95","146","150","184","192","106","108","172","172","89","89","161","161","85","87","","","165","165","240","240","130","130","98","98","95","103","191","191","205","215","166","168","149","151"
"M. Grant Thesis","EINPP","Plains Bison","Fecal","EINP_PB130","23-Oct-24",2024,"Trent","","","","96%","89","91","134","136","185","187","241","241","103","105","135","141","89","97","129","149","195","195","238","238","89","89","158","161","115","115","172","172","229","231","143","143","154","158","90","100","127","140","194","198","244","254","175","175","150","158","154","156","81","83","120","124","179","179","150","150","260","262","146","150","123","127","153","155","91","92","146","150","184","196","108","112","170","176","83","83","161","161","87","89","","","161","167","240","240","130","130","92","98","95","99","179","191","211","215","142","142","**","**"
"M. Grant Thesis","EINPP","Plains Bison","Fecal","EINP_PB132","23-Oct-24",2024,"Trent","","","","98%","89","91","136","140","175","175","241","241","103","105","135","141","89","93","143","149","189","189","238","238","87","91","143","161","113","115","180","180","229","231","143","143","158","158","90","100","142","150","194","198","250","250","173","175","158","158","154","154","83","83","122","124","165","179","142","150","262","262","140","148","123","129","155","155","92","95","146","148","198","198","106","108","170","170","83","89","173","173","87","87","","","161","167","228","240","118","134","92","104","99","101","177","191","205","205","142","144","149","151"
"M. Grant Thesis","EINPP","Plains Bison","Fecal","EINP_PB133","23-Oct-24",2024,"Trent","","","","98%","89","91","136","138","185","185","241","241","103","103","135","147","89","97","127","129","189","195","238","238","87","89","158","160","108","113","172","172","229","233","143","147","154","160","88","88","140","150","200","202","250","254","163","175","150","162","154","156","81","83","122","124","181","183","142","148","262","262","150","150","127","131","159","159","92","95","146","150","180","192","108","110","172","174","83","89","165","165","87","87","","","161","161","240","240","134","134","96","104","95","95","179","191","205","205","162","168","149","149"
"M. Grant Thesis","EINPP","Plains Bison","Fecal","EINP_PB135","23-Oct-24",2024,"Trent","","","","96%","89","91","134","136","181","187","241","241","103","104","135","141","93","93","127","149","195","195","232","238","87","87","160","161","113","115","172","174","229","231","145","147","156","160","88","90","140","150","194","194","246","250","175","175","158","164","156","158","81","83","122","122","179","181","142","150","262","262","140","150","123","127","155","159","92","94","146","150","184","198","108","108","168","168","89","91","161","173","85","89","","","165","167","236","236","130","130","96","98","95","99","179","191","207","207","156","164","**","**"
"M. Grant Thesis","EINPW","Wood Bison","Fecal","EINP_W07","10/22/2023",2023,"Trent","","","","92%","89","91","136","138","181","187","253","269","103","103","141","141","93","97","129","129","189","191","238","238","87","87","158","160","113","115","**","**","229","231","143","143","158","158","90","102","142","142","190","190","252","254","177","177","152","152","144","154","83","83","124","132","183","183","142","142","260","262","150","150","125","129","153","155","91","94","148","150","184","198","110","112","172","172","89","89","161","173","87","89","","","161","167","228","236","130","130","102","102","101","101","181","191","201","205","142","168","**","**"
"M. Grant Thesis","EINPW","Wood Bison","Fecal","EINP_W15","10/22/2023",2023,"Trent","","","","96%","89","89","136","136","179","179","253","269","103","103","135","141","103","103","129","141","189","189","238","254","87","89","147","158","115","115","174","176","229","231","143","143","158","158","90","102","140","140","194","194","252","252","167","167","146","152","154","154","81","83","124","132","175","183","138","148","260","262","140","150","125","129","155","157","91","92","150","150","184","198","106","110","166","172","81","95","161","173","**","**","116","118","167","167","228","238","130","130","98","102","95","101","181","191","205","207","**","**","145","151"
"M. Grant Thesis","EINPW","Wood Bison","Fecal","EINP_W34","10/22/2023",2023,"Trent","","","","98%","89","91","134","136","187","187","253","253","103","103","141","141","93","97","129","129","189","191","232","232","87","91","158","158","115","115","172","174","229","231","143","143","158","160","88","90","127","140","194","194","252","252","167","173","152","152","144","156","83","83","124","132","175","183","138","142","262","262","150","150","125","129","155","155","92","95","146","150","180","180","112","112","166","170","85","89","161","165","89","91","**","**","167","167","228","228","114","130","102","102","101","101","191","191","211","215","166","166","145","153"
"M. Grant Thesis","EINPW","Wood Bison","Fecal","EINP_W41","10/22/2023",2023,"Trent","","","","90%","89","89","136","136","181","187","253","269","103","103","141","145","93","93","129","143","189","189","238","238","87","87","147","158","108","115","174","174","227","229","143","143","158","158","90","90","142","146","194","194","252","252","173","173","152","152","154","160","81","81","**","**","**","**","138","150","262","262","146","150","125","129","153","153","91","91","150","150","184","198","112","112","172","172","89","89","159","165","**","**","**","**","167","167","228","228","114","114","96","104","101","101","181","181","205","205","144","168","**","**"
"M. Grant Thesis","EINPW","Wood Bison","Fecal","EINP_W55","10/22/2023",2023,"Trent","","","","85%","91","91","136","136","179","187","253","253","103","103","135","141","97","103","129","129","191","195","232","238","**","**","**","**","**","**","**","**","**","**","**","**","158","158","90","90","127","140","194","194","244","252","173","177","152","152","152","154","83","83","132","132","175","183","138","138","262","262","148","150","125","129","153","155","92","92","146","150","184","198","110","110","172","176","89","95","159","161","89","89","**","**","167","167","228","228","128","130","102","102","97","103","181","191","205","205","142","144","**","**"
"M. Grant Thesis","EINPW","Wood Bison","Fecal","EINP_W64","10/22/2023",2023,"Trent","","","","90%","89","91","134","138","179","179","253","271","103","103","145","147","97","103","129","141","189","195","232","238","87","89","**","**","108","115","**","**","**","**","143","143","156","158","90","102","127","127","190","194","252","252","167","173","152","152","154","154","77","81","132","132","175","183","142","142","260","262","148","150","123","129","155","155","91","94","150","150","180","198","110","110","172","176","89","89","165","165","89","89","**","**","167","167","228","238","130","132","104","104","101","103","181","191","205","207","144","168","**","**"
"M. Grant Thesis","EINPW","Wood Bison","Fecal","EINP_W66","10/22/2023",2023,"Trent","","","","83%","91","91","136","136","181","187","253","253","103","103","145","145","93","103","129","149","189","191","232","238","87","91","**","**","**","**","**","**","**","**","**","**","**","**","90","102","127","142","190","194","252","252","167","175","152","152","154","156","83","83","132","132","165","183","138","142","256","262","140","140","129","129","155","155","91","95","150","150","180","184","110","112","166","172","85","89","161","161","89","89","**","**","167","167","228","238","130","130","102","102","95","103","**","**","205","207","166","166","**","**"
"M. Grant Thesis","EINPW","Wood Bison","Fecal","EINP_W69","10/22/2023",2023,"Trent","","","","87%","89","91","136","136","187","187","241","253","103","103","135","141","93","97","149","149","191","191","232","252","**","**","**","**","**","**","**","**","229","229","**","**","**","**","90","90","142","142","190","190","248","252","167","173","152","152","154","154","83","85","124","126","175","179","142","142","260","262","150","150","125","129","155","157","91","92","148","150","180","184","106","112","170","172","89","89","161","165","89","89","","","167","167","228","236","130","132","102","104","95","101","177","191","205","205","144","166","153","153"
"M. Grant Thesis","EINPW","Wood Bison","Fecal","EINP_W73","10/22/2023",2023,"Trent","","","","98%","89","91","136","136","179","187","253","253","103","103","141","147","85","103","129","129","191","191","238","238","87","89","162","162","113","115","174","174","229","229","143","143","156","158","90","90","142","148","190","194","250","254","167","175","152","154","154","154","77","83","132","132","183","183","142","148","260","262","140","150","123","125","155","159","91","92","150","150","180","184","112","112","172","176","89","89","161","165","**","**","116","118","167","167","228","238","114","130","96","98","99","101","181","181","207","207","144","144","151","153"
"M. Grant Thesis","EINPW","Wood Bison","Fecal","EINP_W89","10/22/2023",2023,"Trent","","","","83%","89","89","136","136","181","187","253","253","103","104","141","141","93","103","129","143","191","195","238","252","**","**","**","**","**","**","**","**","**","**","**","**","**","**","90","90","146","146","190","194","252","252","167","175","146","166","154","154","81","83","132","132","165","179","138","142","256","262","148","150","125","129","155","159","91","91","146","150","180","196","112","112","172","176","89","95","161","165","87","89","**","**","167","167","228","238","128","132","102","102","99","99","177","191","205","205","158","158","**","**"
"M. Grant Thesis","EINPW","Wood Bison","Fecal","EINP_WB136","23-Oct-24",2024,"Trent","","","","92%","89","91","136","136","187","187","267","269","103","104","141","141","93","97","129","129","189","191","238","238","87","89","147","158","113","113","**","**","229","229","143","143","158","158","102","102","140","142","190","194","246","252","173","177","152","166","**","**","81","81","124","124","175","183","142","148","260","260","146","146","125","129","155","155","91","91","148","150","180","196","110","112","172","178","89","89","161","165","87","89","**","**","167","167","228","238","130","130","96","104","95","103","181","181","201","201","142","158","**","**"
"M. Grant Thesis","EINPW","Wood Bison","Fecal","EINP_WB145","23-Oct-24",2024,"Trent","","","","92%","89","89","136","138","187","187","253","253","103","103","141","141","85","97","129","149","189","189","238","254","89","91","158","160","115","115","174","174","227","229","143","143","154","158","90","90","138","142","190","190","252","252","167","177","152","166","**","**","77","83","124","132","183","183","142","142","256","260","140","146","125","129","157","157","91","91","148","150","184","184","106","112","170","172","85","89","161","161","85","89","","","167","167","228","228","130","130","98","104","95","99","**","**","207","211","166","166","**","**"
"M. Grant Thesis","EINPW","Wood Bison","Fecal","EINP_WB149","23-Oct-24",2024,"Trent","","","","79%","89","91","136","136","179","187","253","253","103","103","141","141","97","103","129","129","189","191","238","254","87","87","147","160","113","115","**","**","229","229","143","143","158","158","**","**","**","**","**","**","**","**","**","**","**","**","**","**","81","83","124","132","179","183","142","142","262","262","140","150","129","129","155","157","91","91","148","150","180","184","106","106","166","170","89","95","161","165","89","89","","","167","167","224","238","130","130","98","102","101","103","**","**","205","211","142","144","**","**"
"M. Grant Thesis","EINPW","Wood Bison","Fecal","EINP_WB101","23-Oct-24",2024,"Trent","","","","96%","89","89","136","136","187","187","253","253","103","103","141","141","97","103","129","149","191","191","238","252","87","91","162","162","113","115","174","182","229","233","143","143","154","160","90","102","142","148","190","194","250","252","173","177","152","166","144","154","83","85","124","132","165","183","142","148","260","262","148","150","125","129","159","159","91","92","150","150","180","196","110","110","166","172","83","89","161","165","89","89","","","167","167","228","238","130","132","92","102","95","103","177","181","205","211","144","166","**","**"
"M. Grant Thesis","EINPW","Wood Bison","Fecal","EINP_WB107","23-Oct-24",2024,"Trent","","","","96%","89","91","136","136","181","181","253","253","103","103","141","141","85","93","129","129","191","195","232","238","89","91","158","158","108","108","174","174","229","229","143","143","156","160","102","102","138","142","190","194","250","252","167","173","146","146","144","154","81","83","124","126","175","175","138","148","262","262","**","**","129","129","155","155","91","92","146","150","180","196","110","112","166","170","85","89","161","165","89","89","","","161","167","228","228","128","130","96","102","99","101","181","191","201","205","144","166","153","153"
"M. Grant Thesis","EINPW","Wood Bison","Fecal","EINP_WB108","23-Oct-24",2024,"Trent","","","","96%","89","89","134","136","179","187","253","253","103","103","141","145","103","103","129","129","189","191","232","238","87","87","158","158","113","115","174","174","227","229","143","143","154","156","90","90","142","146","190","194","252","252","167","173","154","166","144","144","77","77","122","132","175","175","138","142","262","262","148","150","125","129","155","155","91","91","150","150","180","184","106","112","172","172","89","89","169","173","81","89","","","167","167","228","238","130","132","96","102","95","95","181","191","205","211","144","166","**","**"
"M. Grant Thesis","EINPW","Wood Bison","Fecal","EINP_WB112","23-Oct-24",2024,"Trent","","","","96%","89","93","138","138","179","179","253","271","103","103","141","145","97","103","129","129","189","189","238","238","87","87","147","158","108","108","172","174","227","229","143","143","156","158","90","90","127","142","190","194","252","252","167","177","152","152","144","154","81","83","122","132","175","175","142","150","256","262","146","150","125","129","155","155","91","91","150","150","196","198","112","112","166","176","85","89","161","165","89","91","","","167","167","224","238","130","130","96","104","101","101","181","181","205","211","168","168","**","**"
"M. Grant Thesis","EINPW","Wood Bison","Fecal","EINP_WB113","23-Oct-24",2024,"Trent","","","","96%","89","91","136","136","179","181","253","253","103","103","135","141","93","103","129","129","191","191","238","238","87","89","147","147","113","113","182","182","229","231","143","143","158","160","102","102","142","142","194","194","252","252","173","177","152","166","144","154","77","81","124","132","179","183","142","142","262","262","151","151","125","129","155","155","91","94","150","150","180","180","106","112","166","166","89","95","161","161","89","89","","","167","167","238","238","130","132","98","102","95","101","181","181","205","207","144","144","**","**"
"M. Grant Thesis","EINPW","Wood Bison","Fecal","EINP_WB115","23-Oct-24",2024,"Trent","","","","96%","89","91","136","136","187","187","253","253","103","103","135","141","93","103","129","149","191","191","232","238","87","87","162","170","115","115","176","176","229","233","143","143","158","158","90","90","142","148","190","194","252","252","177","177","146","152","154","154","81","85","132","132","183","183","142","142","260","262","146","150","125","125","155","157","92","94","150","150","184","196","106","112","170","172","89","89","161","165","89","89","","","167","167","228","238","128","132","102","104","101","101","181","191","205","211","144","168","**","**"
"M. Grant Thesis","EINPW","Wood Bison","Fecal","EINP_WB117","23-Oct-24",2024,"Trent","","","","94%","89","91","136","136","179","179","241","253","103","103","141","141","93","103","141","143","191","195","232","232","87","89","158","158","115","115","**","**","229","231","143","143","156","160","90","102","127","142","190","194","250","250","173","173","152","152","154","154","77","81","124","132","183","183","142","142","260","260","150","150","129","129","157","159","92","92","150","150","184","196","106","112","170","176","89","95","161","165","89","89","","","161","167","228","238","128","132","92","104","95","103","181","181","205","211","142","144","**","**"
"M. Grant Thesis","EINPW","Wood Bison","Fecal","EINP_WB122","23-Oct-24",2024,"Trent","","","","96%","89","91","134","136","181","187","253","253","103","103","135","135","93","97","129","129","189","191","238","238","87","89","158","162","113","115","172","182","225","227","143","143","158","158","102","102","127","142","194","194","252","252","173","177","152","164","144","144","77","81","124","124","183","183","142","150","260","262","150","150","125","129","155","155","91","91","150","150","180","196","106","112","170","170","89","89","161","169","89","89","","","167","167","238","238","114","130","96","102","95","103","181","181","205","207","142","144","**","**"
"M. Grant Thesis","EINPW","Wood Bison","Fecal","EINP_WB127","23-Oct-24",2024,"Trent","","","","98%","91","93","136","136","181","191","253","253","103","103","135","141","103","103","129","141","189","191","238","252","87","87","147","162","115","115","172","172","229","229","143","143","158","160","90","90","142","148","188","194","250","252","173","177","146","152","154","160","77","85","124","132","165","175","142","142","260","262","140","146","125","129","155","163","91","95","146","150","180","196","106","112","170","172","85","89","161","165","89","89","","","165","167","228","238","130","130","98","102","95","95","181","181","205","211","158","166","145","153"
"M. Grant Thesis","EINPW","Wood Bison","Fecal","EINP_WB128","23-Oct-24",2024,"Trent","","","","96%","89","91","136","136","187","187","253","253","103","103","135","141","93","97","129","149","191","191","232","238","87","91","158","162","113","113","174","176","225","229","143","143","154","158","90","102","142","142","190","194","252","252","173","173","152","154","154","156","83","85","124","132","165","165","138","142","262","262","150","150","125","125","155","159","91","91","150","150","180","196","110","110","166","172","89","89","161","161","87","89","","","167","167","228","228","128","132","92","92","95","103","177","181","205","205","144","166","**","**"
"M. Grant Thesis","EINPW","Wood Bison","Fecal","EINP_WB135","23-Oct-24",2024,"Trent","","","","96%","89","91","136","136","179","187","253","269","103","103","135","141","93","97","129","129","189","191","238","238","87","89","147","158","113","115","174","176","229","229","143","143","158","158","102","102","140","142","190","194","246","252","173","177","152","166","156","160","81","81","124","124","175","183","142","148","260","262","146","150","125","129","155","155","91","95","148","150","180","196","110","112","172","178","89","89","161","165","87","89","","","167","167","228","238","130","130","96","104","95","103","181","181","201","207","142","158","**","**"
"M.Grant Thesis","WBNPHC","Wood Bison","Fecal","WBNP_Oct24_004","30-Oct-24",2024,"Trent","","","","98%","89","89","138","138","181","187","253","253","103","103","145","145","85","103","129","143","189","191","238","250","87","89","160","160","108","113","180","180","229","229","143","145","158","158","90","102","138","142","194","194","246","252","167","175","146","166","154","160","81","83","124","132","175","175","138","148","260","262","140","146","125","127","155","155","91","92","150","150","180","180","106","106","168","178","89","91","161","165","85","89","114","114","167","167","238","240","114","118","98","102","95","101","177","191","205","215","142","142","**","**"
"M.Grant Thesis","WBNPHC","Wood Bison","Fecal","WBNP_Oct24_008","30-Oct-24",2024,"Trent","","","","92%","89","89","134","134","179","181","253","271","103","104","135","135","103","103","129","129","195","195","252","252","87","89","158","158","108","110","174","182","229","231","143","143","158","158","90","102","127","142","188","194","252","252","173","175","146","146","144","154","81","85","124","132","165","175","142","142","260","262","146","146","121","129","155","157","91","95","146","146","180","196","106","112","168","172","89","89","161","173","85","89","**","**","167","167","228","238","118","130","102","104","**","**","177","179","**","**","142","162","**","**"
"M.Grant Thesis","WBNPHC","Wood Bison","Fecal","WBNP_Oct24_012","30-Oct-24",2024,"Trent","","","","96%","89","91","134","136","179","181","241","253","103","103","141","145","85","103","129","129","189","195","232","232","87","87","160","160","108","115","174","182","229","229","143","143","156","156","90","90","127","127","194","194","252","252","167","175","146","152","144","156","81","85","124","124","165","165","148","148","262","262","150","150","123","129","155","159","92","92","146","150","184","198","110","112","172","172","89","89","161","169","85","89","116","118","167","167","238","238","130","132","96","102","99","101","181","181","205","211","142","168","**","**"
"M.Grant Thesis","WBNPHC","Wood Bison","Fecal","WBNP_Oct24_015","30-Oct-24",2024,"Trent","","","","98%","89","89","134","136","179","181","239","271","103","105","145","145","83","93","129","143","189","191","232","238","87","87","143","158","108","115","174","176","229","229","143","143","156","160","90","90","127","146","188","188","252","252","167","173","146","152","154","154","77","83","124","132","181","181","142","150","262","262","150","150","123","129","155","159","94","94","150","150","192","196","108","112","174","176","85","85","161","161","85","89","116","116","167","167","228","228","128","134","92","92","99","103","181","191","211","215","144","162","**","**"
"M.Grant Thesis","WBNPHC","Wood Bison","Fecal","WBNP_Oct24_016","30-Oct-24",2024,"Trent","","","","100%","89","91","136","140","179","187","247","253","103","103","135","145","83","103","129","149","189","191","232","238","87","89","160","161","113","113","172","176","225","229","143","145","158","160","90","90","140","146","200","200","248","252","167","173","152","166","154","160","81","83","122","124","165","175","138","148","260","260","146","146","123","123","153","157","91","95","146","150","180","196","106","108","166","170","89","89","161","161","89","89","114","116","167","167","236","238","130","134","102","104","101","103","181","181","205","207","142","142","145","149"
"M.Grant Thesis","WBNPHC","Wood Bison","Fecal","WBNP_Oct24_018","30-Oct-24",2024,"Trent","","","","100%","89","89","136","138","179","179","253","253","103","103","135","135","93","97","143","143","191","195","232","232","89","89","158","162","113","115","172","172","227","229","143","147","158","158","90","90","127","140","188","194","252","254","167","177","146","152","154","156","81","81","122","132","175","183","142","142","260","262","150","150","123","125","157","159","91","92","150","150","180","192","108","112","172","172","85","89","161","169","91","91","114","116","161","165","228","236","130","132","96","104","101","101","177","191","201","211","142","142","145","149"
"M.Grant Thesis","WBNPHC","Wood Bison","Fecal","WBNP_Oct24_019","30-Oct-24",2024,"Trent","","","","96%","89","89","136","138","181","185","241","269","103","103","135","145","103","103","129","141","189","189","232","238","87","87","158","161","115","115","174","176","225","227","143","145","154","158","90","90","127","140","194","202","250","252","**","**","158","162","144","154","83","83","132","132","165","183","142","142","262","262","146","150","129","129","157","157","91","92","146","150","180","198","112","112","168","172","89","89","161","161","91","91","**","**","167","167","238","238","130","132","92","102","95","101","181","191","201","211","142","142","145","149"
"M.Grant Thesis","WBNPHC","Wood Bison","Fecal","WBNP_Oct24_021","30-Oct-24",2024,"Trent","","","","94%","89","89","134","134","181","187","253","269","103","103","145","145","93","97","129","129","191","195","232","232","87","87","143","162","115","115","**","**","**","**","143","143","156","160","90","90","127","142","188","194","246","246","173","177","146","146","154","156","83","83","124","124","165","175","142","142","260","262","150","150","127","129","157","157","92","92","146","150","192","192","96","110","176","178","81","85","165","165","81","89","116","116","167","167","238","238","130","130","102","104","103","103","191","191","207","211","142","166","**","**"
"M.Grant Thesis","WBNPHC","Wood Bison","Fecal","WBNP_Oct24_027","30-Oct-24",2024,"Trent","","","","98%","89","91","134","136","179","187","247","253","103","103","135","145","103","103","129","129","189","189","232","238","89","91","170","170","108","113","172","172","229","231","143","145","156","158","90","90","127","127","188","200","252","252","163","173","152","162","144","154","81","85","124","124","175","183","148","148","262","262","140","150","127","129","155","157","91","95","146","150","180","192","112","112","170","172","89","89","161","161","89","91","116","116","167","167","228","240","114","130","102","104","99","103","181","181","205","205","164","168","**","**"
"M.Grant Thesis","WBNPHC","Wood Bison","Fecal","WBNP_Oct24_028","30-Oct-24",2024,"Trent","","","","90%","91","91","136","138","179","187","269","271","103","104","141","145","89","103","129","143","189","189","238","238","87","89","158","170","113","115","182","182","229","229","143","143","158","158","90","100","127","138","194","200","252","254","167","177","146","152","156","160","77","83","124","124","175","181","142","142","260","262","146","150","123","123","155","159","91","91","150","154","180","192","106","112","172","174","89","91","161","161","89","89","114","114","**","**","**","**","130","130","**","**","**","**","181","181","207","215","158","168","**","**"
"M.Grant Thesis","WBNPHC","Wood Bison","Fecal","WBNP_Oct24_030","30-Oct-24",2024,"Trent","","","","98%","91","93","136","136","187","187","253","269","103","103","141","145","83","93","129","143","189","191","238","238","89","91","158","158","108","113","172","172","229","229","143","143","156","158","90","90","127","140","188","200","252","252","167","173","164","166","154","160","83","83","124","124","179","183","142","142","262","262","146","150","125","125","157","159","91","95","146","150","180","184","90","106","174","174","85","89","161","173","89","91","**","**","167","167","228","238","118","130","92","104","95","101","181","181","205","211","158","162","145","145"
"M.Grant Thesis","WBNPHC","Wood Bison","Fecal","WBNP_Oct24_031","30-Oct-24",2024,"Trent","","","","96%","91","91","136","136","179","179","253","269","103","107","141","145","83","97","129","143","189","189","238","238","87","89","153","158","113","115","**","**","**","**","143","143","158","158","90","90","127","140","194","194","252","252","175","175","146","152","144","154","77","83","124","124","165","183","142","150","260","262","146","146","125","125","155","159","91","91","150","150","180","184","106","110","174","174","85","89","161","169","89","89","116","118","167","167","240","240","130","130","98","104","101","101","181","181","205","207","162","168","145","145"
"M.Grant Thesis","WBNPHC","Wood Bison","Fecal","WBNP_Oct24_036","30-Oct-24",2024,"Trent","","","","85%","91","91","134","136","181","185","253","253","103","103","145","145","93","93","129","143","189","191","232","238","87","87","162","162","115","115","182","182","229","229","143","143","154","158","90","100","142","142","194","194","252","252","173","175","152","152","154","156","**","**","**","**","**","**","**","**","**","**","**","**","**","**","**","**","91","91","146","150","184","184","110","112","172","176","83","89","155","173","85","89","116","118","161","167","236","240","130","130","102","104","99","101","181","191","211","211","164","168","153","153"
"M.Grant Thesis","WBNPHC","Wood Bison","Fecal","WBNP_Oct24_038","30-Oct-24",2024,"Trent","","","","92%","89","91","138","142","179","181","253","253","103","103","145","145","103","103","129","129","191","191","232","238","87","91","158","158","108","115","172","176","229","231","133","143","158","158","90","100","127","140","194","194","252","252","173","177","152","158","154","154","81","83","**","**","**","**","**","**","**","**","140","150","129","129","155","157","91","92","146","150","180","192","90","106","174","176","85","89","161","173","89","89","116","116","167","167","236","238","128","132","92","104","99","101","181","181","207","211","144","164","145","145"
"M.Grant Thesis","WBNPHC","Wood Bison","Fecal","WBNP_Oct24_042","30-Oct-24",2024,"Trent","","","","83%","91","91","134","140","185","191","249","271","103","103","145","145","93","97","129","129","189","189","238","248","87","91","**","**","**","**","**","**","**","**","**","**","**","**","88","88","127","140","194","194","252","252","165","173","142","162","144","154","83","83","**","**","175","175","142","142","**","**","140","150","129","129","155","155","91","95","146","146","180","196","110","112","168","168","85","89","161","169","81","87","116","118","167","167","228","238","130","130","104","104","101","103","183","191","211","215","158","168","**","**"
"M.Grant Thesis","WBNPHC","Wood Bison","Fecal","WBNP_Oct24_050","30-Oct-24",2024,"Trent","","","","96%","89","91","136","136","175","181","253","253","103","103","145","145","83","103","129","149","189","197","232","238","87","87","162","170","108","115","182","182","229","229","143","143","158","158","90","90","142","150","194","194","252","252","173","177","152","158","154","154","81","85","124","124","179","181","142","148","256","260","146","150","123","129","155","159","91","94","150","150","180","190","108","108","172","174","85","85","161","161","89","89","116","116","167","167","228","228","128","132","96","96","**","**","181","181","205","205","162","166","**","**"
"M.Grant Thesis","WBNPHC","Wood Bison","Fecal","WBNP_Oct24_051","30-Oct-24",2024,"Trent","","","","98%","89","91","136","136","185","187","247","269","103","103","137","141","93","93","129","129","191","195","232","238","87","89","158","162","108","115","172","176","229","229","143","147","156","158","90","90","127","142","190","194","252","252","177","177","146","146","144","160","81","83","124","124","175","183","142","142","260","262","146","150","125","129","155","157","91","91","150","150","184","196","108","108","166","174","83","85","173","173","89","91","116","116","167","167","228","228","130","132","92","104","**","**","181","191","205","211","142","142","145","151"
"M.Grant Thesis","WBNPHC","Wood Bison","Fecal","WBNP_Oct24_063","30-Oct-24",2024,"Trent","","","","94%","91","93","136","136","179","179","253","253","103","103","141","145","83","103","129","129","189","195","232","238","87","91","162","162","115","115","**","**","227","231","143","143","154","156","90","90","127","127","194","194","246","252","175","177","152","152","144","154","81","81","124","132","165","175","142","148","260","262","146","146","125","129","155","155","91","92","146","150","180","184","106","112","172","174","89","89","161","161","81","87","116","118","167","167","238","238","130","134","92","104","**","**","191","191","205","207","158","164","**","**"
"M.Grant Thesis","WBNPHC","Wood Bison","Fecal","WBNP_Oct24_066","30-Oct-24",2024,"Trent","","","","96%","89","89","138","138","179","185","241","253","103","103","135","145","**","**","129","129","189","195","238","238","87","87","161","162","108","113","172","172","227","227","143","143","158","158","90","90","148","150","188","194","252","252","167","173","152","152","144","144","83","83","124","132","165","183","142","142","256","260","146","146","123","123","155","159","92","92","146","150","180","196","112","112","170","172","89","89","165","173","89","91","**","**","167","167","228","238","130","132","92","98","101","103","181","181","211","211","142","142","149","149"
"M.Grant Thesis","WBNPHC","Wood Bison","Fecal","WBNP_Oct24_070","30-Oct-24",2024,"Trent","","","","100%","91","91","136","138","175","187","241","253","103","103","145","145","93","93","129","149","189","191","238","254","87","87","158","160","108","115","172","174","225","229","143","143","156","158","90","100","140","140","188","194","252","252","175","177","146","164","154","158","81","85","124","132","165","183","142","142","260","260","150","150","129","129","155","159","91","92","150","150","180","184","108","108","172","172","89","95","173","173","89","89","108","116","161","161","228","240","130","134","104","104","101","101","177","181","205","211","142","156","149","149"
"M.Grant Thesis","WBNPHC","Wood Bison","Fecal","WBNP_Oct24_071","30-Oct-24",2024,"Trent","","","","100%","91","93","136","138","181","187","253","269","103","103","135","145","93","97","129","129","189","191","238","238","87","87","149","160","115","115","172","172","231","233","143","143","158","160","90","90","127","142","194","194","252","252","173","177","146","146","154","154","81","83","124","124","183","183","142","142","262","262","150","152","125","129","155","155","91","91","150","150","184","184","106","106","172","172","83","91","161","165","89","89","116","116","167","167","238","238","128","134","98","102","95","103","181","181","207","211","142","142","149","153"
"M.Grant Thesis","WBNPHC","Wood Bison","Fecal","WBNP_Oct24_072","30-Oct-24",2024,"Trent","","","","73%","**","**","134","136","181","187","253","271","**","**","**","**","**","**","**","**","**","**","238","238","87","91","158","160","113","115","**","**","229","229","143","143","156","158","90","100","140","140","194","194","252","252","175","177","164","166","154","158","83","85","124","124","165","165","142","148","260","260","146","150","123","129","157","159","91","92","150","150","180","184","108","108","172","174","85","95","165","173","85","89","**","**","**","**","240","240","**","**","**","**","**","**","181","191","205","205","142","156","**","**"
"M.Grant Thesis","WBNPHC","Wood Bison","Fecal","WBNP_Oct24_076","30-Oct-24",2024,"Trent","","","","96%","89","91","136","136","179","187","241","241","103","103","147","147","83","91","133","143","189","195","232","238","87","89","162","162","113","115","172","172","229","229","143","143","158","158","90","90","127","140","188","194","246","254","167","177","146","152","154","154","81","81","124","124","165","181","148","150","262","262","140","152","125","129","155","159","91","92","150","150","180","198","110","112","172","178","81","89","161","173","85","91","**","**","165","167","228","238","114","130","102","104","**","**","181","181","205","211","166","166","147","147"
"M.Grant Thesis","WBNPHC","Wood Bison","Fecal","WBNP_Oct24_077","30-Oct-24",2024,"Trent","","","","96%","89","89","134","136","179","187","253","253","103","103","145","145","93","103","129","143","191","191","232","254","87","87","158","162","108","108","176","178","229","229","143","143","156","158","90","102","140","146","194","194","252","254","167","173","152","152","154","154","83","83","124","124","175","183","142","142","262","262","150","150","125","127","155","155","91","95","146","150","180","192","106","112","170","172","81","89","161","165","89","89","**","**","161","167","238","240","130","130","**","**","95","99","181","191","205","205","142","144","143","151"
"M.Grant Thesis","WBNPHC","Wood Bison","Fecal","WBNP_Oct24_079","30-Oct-24",2024,"Trent","","","","100%","89","91","136","138","185","187","241","241","103","103","135","141","93","103","143","149","189","191","232","238","87","87","162","162","113","115","172","176","225","231","143","143","158","160","90","90","127","127","190","200","252","252","165","177","146","158","154","154","77","83","124","132","175","183","138","142","262","262","146","151","129","129","155","157","91","91","148","150","180","192","110","112","172","174","89","95","161","161","91","91","116","118","167","167","236","238","118","130","96","98","101","103","181","181","201","205","142","158","149","149"
"M.Grant Thesis","WBNPHC","Wood Bison","Fecal","WBNP_Oct24_080","30-Oct-24",2024,"Trent","","","","98%","89","91","136","138","181","187","241","269","103","103","135","141","91","97","129","143","191","195","238","252","89","89","**","**","115","115","172","174","225","229","145","147","154","158","88","90","140","148","194","194","252","252","175","177","146","162","144","156","81","83","132","132","165","183","138","142","262","262","146","146","125","129","151","155","91","95","146","150","180","180","108","112","170","170","83","89","161","165","85","89","116","116","167","167","228","238","132","134","96","98","101","103","181","181","205","205","162","164","149","153"
"M.Grant Thesis","WBNPHC","Wood Bison","Fecal","WBNP_Oct24_084","30-Oct-24",2024,"Trent","","","","92%","89","89","136","138","185","187","253","269","103","103","135","147","85","103","143","143","189","189","248","252","87","89","143","158","115","115","**","**","**","**","143","143","156","158","90","102","127","140","188","188","252","252","173","173","146","152","156","156","81","83","122","124","165","185","142","148","260","262","150","150","125","129","155","157","92","92","150","150","180","184","112","112","170","172","85","89","165","173","89","89","**","**","161","167","228","228","130","132","98","102","99","99","181","191","205","205","158","168","**","**"
"M.Grant Thesis","WBNPHC","Wood Bison","Fecal","WBNP_Oct24_085","30-Oct-24",2024,"Trent","","","","50%","**","**","136","138","**","**","269","269","**","**","147","147","**","**","**","**","**","**","**","**","**","**","162","162","113","113","**","**","229","229","**","**","156","158","90","90","**","**","**","**","242","246","167","177","146","146","154","154","81","81","124","124","165","165","**","**","262","262","140","152","129","129","**","**","91","91","150","150","180","198","110","110","**","**","81","81","173","173","85","91","**","**","**","**","**","","**","**","**","**","**","**","**","**","205","211","**","**","**","**"
"M.Grant Thesis","WBNPHC","Wood Bison","Fecal","WBNP_Oct24_090","30-Oct-24",2024,"Trent","","","","100%","89","91","136","138","179","181","241","253","103","103","135","145","97","103","129","143","191","191","238","252","87","87","153","162","115","115","182","182","229","231","143","143","156","158","90","102","127","140","194","194","252","252","173","173","146","152","154","160","81","83","124","124","183","183","142","142","260","262","140","150","125","129","151","155","92","94","146","150","180","180","106","112","170","172","89","89","165","169","81","85","116","116","167","167","228","238","130","134","96","98","99","103","179","181","205","211","160","168","149","153"
"M.Grant Thesis","WBNPHC","Wood Bison","Fecal","WBNP_Oct24_098","30-Oct-24",2024,"Trent","","","","98%","89","89","134","142","175","181","241","269","103","103","141","141","93","97","129","149","191","191","238","238","87","87","149","162","113","115","172","172","229","229","143","143","158","158","90","102","127","140","190","200","252","252","165","167","152","152","154","160","**","**","124","132","175","183","142","142","260","262","146","150","127","129","155","157","92","92","150","150","180","180","90","106","174","174","85","89","161","165","81","89","114","116","167","167","224","228","128","134","104","104","99","101","181","191","205","211","142","144","149","151"
"M.Grant Thesis","WBNPHC","Wood Bison","Fecal","WBNP_Oct24_100","30-Oct-24",2024,"Trent","","","","94%","89","91","138","138","179","191","253","253","103","103","141","145","97","97","129","129","189","191","238","238","87","89","143","158","115","115","172","172","231","231","143","143","158","158","90","90","127","140","194","194","252","252","165","167","146","146","144","154","83","83","124","132","183","183","142","150","260","260","140","150","129","129","155","155","92","95","146","146","180","192","110","110","168","172","85","89","169","173","85","89","**","**","**","**","228","228","130","130","104","104","**","**","181","191","205","205","166","166","151","151"
"M.Grant Thesis","WBNPHC","Wood Bison","Fecal","WBNP-1126-Fe","3/14/2023",2023,"Trent","","","","83%","89","89","136","136","187","187","249","249","**","**","145","145","**","**","129","143","**","**","**","**","87","89","162","162","108","115","174","174","231","231","143","143","156","158","90","102","140","140","194","202","246","252","167","167","146","152","154","154","85","85","124","132","179","183","138","142","262","262","140","150","129","129","153","159","92","92","150","150","184","184","112","112","172","174","95","95","161","173","89","89","**","**","167","167","**","**","130","134","**","**","95","103","181","191","205","205","144","144","**","**"
"M.Grant Thesis","WBNPHC","Wood Bison","Fecal","WBNP-1128-Fe","3/15/2023",2023,"Trent","","","","79%","**","**","136","136","187","187","**","**","103","104","135","145","103","103","129","143","191","191","238","238","87","89","170","170","113","115","182","182","**","**","145","145","158","158","90","102","127","127","194","194","252","252","167","173","158","158","154","160","81","83","124","124","181","183","142","150","**","**","146","146","125","125","155","155","91","91","146","150","198","198","106","110","172","172","89","89","**","**","85","89","**","**","167","167","**","**","130","130","**","**","**","**","181","181","**","**","142","168","**","**"
"M.Grant Thesis","WBNPHC","Wood Bison","Fecal","WBNP_Oct24_113","30-Oct-24",2024,"Trent","","","","98%","89","91","136","136","187","187","253","253","103","103","145","147","93","97","129","129","189","191","238","252","87","87","161","161","108","108","174","182","227","229","143","143","156","158","90","90","127","142","194","194","252","252","167","173","152","152","154","156","83","85","124","124","183","183","142","150","262","262","150","150","129","129","159","159","92","92","146","146","192","192","106","106","168","170","81","89","161","161","85","89","108","108","167","167","232","232","130","130","104","104","99","101","181","191","211","211","164","164","**","**"
"M.Grant Thesis","WBNPHC","Wood Bison","Fecal","WBNP-1130-Fe","3/14/2023",2023,"Trent","","","","85%","**","**","138","138","185","187","267","269","**","**","145","145","91","103","129","129","191","191","**","**","87","89","161","170","115","115","172","172","229","233","143","143","158","158","90","90","127","150","194","202","250","252","167","173","146","158","154","160","83","83","124","132","175","183","142","148","256","262","146","146","123","125","157","157","92","95","146","150","184","192","110","110","170","176","85","89","169","173","89","91","**","**","**","**","228","228","**","**","**","**","95","99","181","191","205","215","158","168","**","**"
"M.Grant Thesis","WBNPHC","Wood Bison","Fecal","WBNP-1131-Fe","3/15/2023",2023,"Trent","","","","85%","89","91","136","136","**","**","253","253","103","103","135","135","83","103","129","129","195","195","238","238","87","87","170","170","115","115","176","176","231","231","143","143","156","158","90","90","150","150","188","194","**","**","177","177","148","152","154","154","83","83","124","124","179","185","138","148","**","**","150","150","129","129","151","155","91","92","150","150","184","184","**","**","170","172","89","89","167","167","89","89","**","**","167","167","**","**","130","130","**","**","95","95","181","181","207","207","142","166","**","**"
"M.Grant Thesis","WBNPHC","Wood Bison","Fecal","WBNP-1132-Fe","3/14/2023",2023,"Trent","","","","83%","**","**","136","136","187","187","253","253","103","104","**","**","83","83","**","**","189","189","**","**","87","89","143","160","115","115","182","182","229","231","143","143","156","156","90","90","127","140","194","200","246","246","173","173","146","146","144","154","81","81","124","124","183","183","142","148","256","256","150","150","129","131","155","159","94","95","150","150","180","180","110","112","170","174","89","89","161","161","89","91","**","**","**","**","**","**","130","130","92","92","**","**","191","191","205","211","142","142","**","**"
"M.Grant Thesis","WBNPHC","Wood Bison","Fecal","WBNP-1133-Fe","3/15/2023",2023,"Trent","","","","81%","**","**","134","136","179","187","247","247","**","**","145","145","103","103","**","**","189","189","**","**","87","89","161","161","113","113","**","**","229","229","143","143","156","156","90","90","127","127","194","194","250","252","**","**","**","**","154","160","83","83","124","124","179","179","142","142","**","**","150","150","129","129","159","159","91","91","150","150","180","180","106","106","174","174","81","89","161","161","85","89","116","116","167","167","**","**","114","130","102","104","99","103","181","189","205","205","142","142","**","**"
"M.Grant Thesis","WBNPHC","Wood Bison","Fecal","WBNP-1134-Fe","3/15/2023",2023,"Trent","","","","77%","89","91","134","136","187","187","241","271","103","104","135","145","103","103","129","129","191","191","238","238","89","91","170","170","108","113","**","**","**","**","143","145","156","158","90","90","127","127","188","200","252","252","163","163","152","152","144","154","81","85","124","124","**","**","148","148","262","262","**","**","129","129","155","157","91","95","150","150","180","180","112","112","172","172","89","89","**","**","89","91","**","**","**","**","**","**","130","132","**","**","**","**","181","181","**","**","168","168","**","**"
"M.Grant Thesis","WBNPHC","Wood Bison","Fecal","WBNP-1141-Fe","3/14/2023",2023,"Trent","","","","98%","89","91","136","140","179","187","241","253","103","104","141","147","83","89","143","143","189","191","238","252","87","87","161","161","108","113","172","174","225","231","143","147","156","156","90","90","138","140","194","194","252","252","177","177","152","158","144","156","77","81","120","124","175","183","142","142","262","262","140","150","125","129","155","157","91","91","146","150","180","184","110","112","172","174","89","89","169","173","87","89","**","**","167","167","228","228","118","130","98","104","103","103","181","191","205","211","166","166","149","149"
"M.Grant Thesis","WBNPHC","Wood Bison","Fecal","WBNP-1143-Fe","3/15/2023",2023,"Trent","","","","73%","89","91","138","138","**","**","**","**","**","**","141","141","93","103","**","**","**","**","**","**","87","87","158","161","113","115","**","**","225","229","143","145","156","158","100","102","127","127","**","**","252","252","167","173","150","150","144","154","81","83","124","124","175","175","142","142","262","262","**","**","129","129","**","**","91","91","150","150","184","184","112","112","170","172","83","89","161","173","89","89","**","**","**","**","**","**","130","130","98","102","101","101","191","191","205","205","142","142","**","**"
"M.Grant Thesis","WBNPHC","Wood Bison","Fecal","WBNP-1144-Fe","3/15/2023",2023,"Trent","","","","90%","89","91","138","138","181","187","253","253","103","104","135","135","93","105","129","143","191","191","238","238","87","87","143","143","113","115","**","**","229","229","143","143","154","158","88","90","142","146","194","194","252","252","173","173","142","142","154","154","81","81","122","132","183","183","142","142","262","262","150","150","123","125","155","155","91","92","150","150","180","192","106","112","172","174","85","89","165","165","89","89","**","**","**","**","228","240","118","128","104","104","103","103","177","181","205","211","142","142","**","**"
"M.Grant Thesis","WBNPHC","Wood Bison","Fecal","WBNP-1145-Fe","3/15/2023",2023,"Trent","","","","77%","91","91","134","138","181","181","269","269","**","**","145","145","**","**","**","**","191","191","**","**","87","87","158","162","115","115","**","**","225","229","143","143","158","158","90","100","140","150","202","202","246","246","167","177","146","152","154","154","81","81","124","124","181","181","148","148","**","**","146","150","129","129","**","**","91","91","150","150","180","180","106","106","174","176","83","89","161","161","87","89","**","**","**","**","**","**","130","130","104","104","**","**","179","181","215","215","166","166","**","**"
"M.Grant Thesis","WBNPHC","Wood Bison","Fecal","WBNP-1147-Fe","3/15/2023",2023,"Trent","","","","98%","89","91","134","136","187","187","253","253","103","104","145","145","93","103","129","143","191","195","238","238","87","89","162","162","113","115","172","172","227","233","143","143","154","158","90","90","127","140","190","194","252","252","167","167","152","166","154","154","81","81","124","132","175","183","142","148","256","260","148","150","125","129","155","157","92","95","150","154","196","198","108","110","170","174","85","85","165","169","89","91","116","120","167","167","228","240","130","130","98","98","99","103","181","191","205","211","142","158","**","**"
"M.Grant Thesis","WBNPHC","Wood Bison","Fecal","WBNP-1148-Fe","3/14/2023",2023,"Trent","","","","65%","**","**","136","136","187","187","269","269","**","**","145","145","**","**","**","**","**","**","252","252","87","87","162","170","115","115","**","**","225","225","143","143","160","160","90","102","**","**","194","194","252","252","167","167","152","152","159","159","83","83","124","124","165","175","148","150","**","**","146","150","127","127","155","155","91","91","150","150","180","180","106","106","**","**","**","**","161","165","85","89","**","**","**","**","238","238","**","**","**","**","**","**","181","191","205","205","**","**","**","**"
"M.Grant Thesis","WBNPHC","Wood Bison","Fecal","WBNP-757-Fe","3/17/2023",2023,"Trent","","","","94%","89","89","136","138","181","187","253","269","**","**","145","145","93","103","129","129","191","195","232","238","87","87","160","162","113","115","172","174","227","229","143","143","158","158","90","90","140","150","190","194","252","252","173","175","152","152","154","156","**","**","124","124","165","183","138","142","260","262","150","150","123","129","155","155","91","91","146","150","180","196","106","106","170","172","85","95","169","169","85","87","116","116","167","167","228","240","118","130","102","104","95","103","181","181","205","211","142","142","145","153"
"M. Grant Thesis","AISH","Wood Bison","Fecal","YUK-1047-Fe","2/23/2022",2022,"Trent","","","","96%","89","91","136","136","181","181","241","253","**","**","135","141","93","103","129","129","189","195","232","238","89","89","147","158","108","113","176","178","227","229","143","143","158","158","90","90","142","146","190","194","252","252","167","177","146","152","144","154","83","83","124","124","179","183","138","142","260","262","140","146","129","129","155","155","91","95","148","150","180","180","110","112","166","166","85","89","165","173","87","89","116","118","167","167","236","238","130","130","98","102","95","101","181","191","205","211","158","166","149","149"
"M. Grant Thesis","AISH","Wood Bison","Fecal","YUK-13-Fe","2/23/2022",2022,"Trent","","","","96%","91","91","134","136","187","187","253","269","**","**","**","**","93","103","129","129","191","191","252","252","89","89","158","162","113","115","174","178","229","229","143","143","158","160","88","102","127","142","190","194","252","252","167","173","146","152","160","160","77","83","124","124","183","183","142","142","260","262","140","150","123","125","155","155","92","95","146","150","180","180","110","112","166","172","85","89","161","161","81","87","116","118","167","167","228","238","114","130","98","102","95","95","181","191","201","215","158","158","145","152"
"M. Grant Thesis","AISH","Wood Bison","Fecal","YUK-15-Fe","2/23/2022",2022,"Trent","","","","69%","**","**","**","**","**","**","**","**","**","**","**","**","**","**","**","**","**","**","**","**","87","89","158","158","113","115","172","174","229","233","143","143","156","158","90","90","142","146","188","194","252","252","173","177","152","154","152","160","83","83","124","124","175","175","142","142","262","262","150","150","129","129","155","159","91","91","146","150","184","196","106","112","166","172","85","95","161","173","81","91","**","**","**","**","224","238","**","**","**","**","**","**","181","191","205","211","168","168","151","151"
"M. Grant Thesis","AISH","Wood Bison","Fecal","YUK-22-Fe","10/9/2022",2022,"Trent","","","","54%","89","91","134","138","181","187","253","253","103","103","**","**","103","103","129","129","191","195","238","238","**","**","**","**","**","**","**","**","**","**","**","**","156","156","90","90","127","127","188","188","252","252","**","**","**","**","**","**","**","**","132","132","**","**","**","**","**","**","**","**","129","129","**","**","91","91","**","**","180","180","**","**","172","172","**","**","**","**","85","89","116","116","167","167","236","238","128","130","92","102","99","99","**","**","**","**","**","**","**","**"
"M. Grant Thesis","AISH","Wood Bison","Fecal","YUK-223-Fe",NA,2022,"Trent","","","","98%","89","91","134","136","187","187","253","269","103","103","145","145","103","103","129","141","189","191","232","238","87","87","158","158","108","113","174","178","229","229","143","143","158","158","90","102","142","146","194","194","252","252","173","173","146","152","154","160","77","83","124","124","183","183","138","142","**","**","150","150","125","129","155","159","91","95","150","150","180","184","112","112","172","172","89","89","161","173","87","89","116","116","167","167","228","238","128","128","102","104","101","101","181","181","201","205","158","158","149","153"
"M. Grant Thesis","AISH","Wood Bison","Fecal","YUK-224-Fe","3/1/2022",2022,"Trent","","","","71%","**","**","**","**","179","179","**","**","**","**","**","**","**","**","**","**","**","**","**","**","87","89","158","160","108","108","**","**","229","231","143","143","156","158","90","90","127","142","194","194","250","252","173","177","152","166","144","154","81","83","124","132","165","183","138","142","260","262","146","150","129","129","155","155","91","95","150","150","180","184","110","112","170","172","85","89","161","165","89","89","**","**","**","**","224","228","130","130","**","**","**","**","181","181","205","211","144","168","153","153"
"M. Grant Thesis","AISH","Wood Bison","Fecal","YUK-267-Fe","2022",2022,"Trent","","","","83%","89","91","138","138","187","187","253","253","**","**","135","145","93","97","129","141","189","191","238","238","**","**","147","162","115","115","172","174","225","229","**","**","158","158","90","90","127","146","194","194","**","**","173","177","146","146","154","154","**","**","124","132","175","183","142","142","260","262","146","150","125","129","155","155","91","91","150","150","180","180","112","112","166","170","89","95","159","165","89","89","**","**","167","167","228","238","130","132","**","**","**","**","181","181","205","205","168","168","149","149"
"M. Grant Thesis","AISH","Wood Bison","Fecal","YUK-559-Fe","23-Mar",2023,"Trent","","","","98%","89","89","136","138","187","187","253","253","103","103","141","145","93","93","129","143","191","191","238","238","87","89","158","158","108","115","172","174","227","229","143","143","154","160","90","90","142","146","194","194","250","252","167","173","152","164","154","160","77","83","124","124","175","183","142","142","262","262","150","150","129","129","153","155","**","**","150","150","180","184","110","112","170","172","85","85","161","165","89","89","116","118","161","167","224","228","114","114","92","104","95","103","181","191","201","205","166","166","149","151"
"M. Grant Thesis","AISH","Wood Bison","Fecal","YUK-578-Fe","21-Feb",2021,"Trent","","","","92%","89","91","136","136","181","187","253","253","103","103","141","141","103","103","129","141","191","191","232","238","87","89","158","162","113","115","172","174","229","231","143","143","156","158","90","90","127","142","194","194","252","252","173","173","152","152","152","154","77","77","124","132","165","175","138","142","262","262","150","150","125","129","155","157","91","91","150","150","184","192","106","112","166","172","89","89","161","165","85","89","**","**","167","167","228","238","130","130","**","**","**","**","181","191","205","207","144","168","**","**"
"M. Grant Thesis","EINPP","Plains Bison","Fecal","EINP_P17","10/22/2023",2023,"Trent","","","","98%","91","93","134","136","185","185","249","271","103","103","135","135","97","101","129","143","191","191","238","254","87","89","143","160","108","108","174","174","229","229","143","143","154","158","88","88","140","150","194","200","254","254","173","175","158","158","144","144","81","83","122","124","181","181","142","148","262","262","146","146","127","127","155","159","91","92","146","150","180","184","108","110","170","170","83","83","161","165","87","89","116","116","**","**","224","240","130","130","92","96","95","101","191","191","205","211","168","170","149","149"
"M. Grant Thesis","EINPP","Plains Bison","Fecal","EINP_P87","10/22/2023",2023,"Trent","","","","94%","91","91","138","140","175","175","241","241","103","103","135","141","89","97","129","143","189","191","**","**","85","87","143","160","115","115","174","178","229","231","**","**","154","158","88","90","127","140","190","200","244","252","173","175","158","162","158","158","81","83","124","124","179","185","142","148","260","262","140","146","127","127","153","155","92","95","146","146","180","192","108","108","170","172","89","89","161","161","87","89","","","161","165","236","240","118","130","96","98","101","101","191","191","205","211","142","168","149","149"
"M. Grant Thesis","EINPP","Plains Bison","Fecal","EINP_P93","10/22/2023",2023,"Trent","","","","83%","91","91","134","138","179","179","245","245","103","103","135","147","89","97","129","143","189","195","238","250","**","**","**","**","**","**","**","**","**","**","**","**","**","**","88","90","127","140","194","202","250","254","163","175","158","162","154","154","83","83","124","124","165","179","142","150","262","262","140","150","125","127","155","155","92","95","146","150","180","180","108","108","170","186","83","89","161","161","89","91","**","**","161","161","240","240","**","**","92","96","95","101","191","191","205","211","142","156","149","149"
"M. Grant Thesis","EINPP","Plains Bison","Fecal","EINP_P64","10/22/2023",2023,"Trent","","","","96%","91","91","136","138","187","187","245","271","103","104","135","135","97","101","129","143","195","195","238","238","87","91","143","158","108","113","172","180","229","229","147","147","154","160","90","100","140","140","194","200","246","250","175","175","152","158","156","156","83","83","122","124","165","183","142","142","260","262","140","148","125","127","153","153","91","95","146","146","192","192","106","108","170","170","89","89","161","173","**","**","**","**","161","167","240","240","130","130","92","104","95","101","181","191","207","211","162","168","149","149"
"M. Grant Thesis","EINPP","Plains Bison","Fecal","EINP_P85","10/22/2023",2023,"Trent","","","","96%","91","91","134","142","185","191","245","249","103","104","135","135","97","97","129","143","191","191","238","254","87","89","160","160","108","108","172","174","229","231","143","143","154","158","88","102","150","150","194","200","250","254","175","175","150","158","144","144","81","83","122","122","179","181","142","142","262","262","146","150","127","127","155","159","91","90","146","150","180","184","106","110","168","170","83","89","161","165","87","89","**","**","161","161","**","**","130","134","96","96","95","99","191","191","205","215","142","168","149","149"
"M. Grant Thesis","EINPW","Wood Bison","Fecal","EINP_W33","10/22/2023",2023,"Trent","","","","94%","89","91","138","140","179","187","253","269","103","103","141","145","93","97","143","143","191","195","238","252","87","89","162","162","115","115","**","**","**","**","143","157","156","156","90","102","146","148","190","194","252","252","173","173","152","152","144","154","83","83","132","132","165","179","142","142","260","262","140","146","125","129","155","159","91","91","148","150","194","198","110","112","170","172","85","89","161","165","89","89","116","116","167","167","228","238","114","130","102","104","101","101","181","181","207","211","142","168","**","**"
"M. Grant Thesis","EINPW","Wood Bison","Fecal","EINP_W62","10/22/2023",2023,"Trent","","","","87%","91","93","136","138","179","181","253","253","103","104","135","141","91","103","129","141","191","191","238","252","**","**","**","**","**","**","**","**","**","**","**","**","**","**","90","90","142","142","190","194","252","252","167","167","146","146","144","154","81","81","126","132","175","175","138","142","262","262","150","150","123","129","155","155","92","92","146","150","180","180","106","112","166","166","89","89","165","173","89","89","114","116","167","167","228","238","128","130","98","102","101","101","181","191","201","205","142","168","153","153"
"M. Grant Thesis","EINPW","Wood Bison","Fecal","EINP_W65","10/22/2023",2023,"Trent","","","","69%","89","89","136","138","179","187","253","253","103","103","141","147","93","103","129","129","191","195","252","232","**","**","**","**","**","**","**","**","**","**","**","**","**","**","90","102","127","142","190","194","252","252","167","167","152","166","154","154","**","**","**","**","**","**","**","**","**","**","**","**","**","**","**","**","91","94","146","150","180","198","110","112","172","172","89","95","161","165","89","89","","","161","167","228","228","132","134","104","104","95","101","177","181","205","205","144","168","145","145"
"M. Grant Thesis","EINPW","Wood Bison","Fecal","EINP_W71","10/22/2023",2023,"Trent","","","","90%","89","91","136","136","179","187","253","253","103","103","141","145","93","97","129","129","191","191","232","232","87","89","**","**","115","115","**","**","**","**","143","143","158","158","90","90","140","142","190","190","252","252","165","173","146","152","144","160","77","81","132","132","175","183","142","142","260","262","148","150","123","129","153","155","91","95","146","150","184","196","110","110","166","172","89","89","161","165","89","89","","","167","167","228","228","128","132","102","104","101","101","181","181","205","211","144","166","**","**"
"M. Grant Thesis","EINPW","Wood Bison","Fecal","EINP_W80","10/22/2023",2023,"Trent","","","","54%","89","91","136","136","181","187","253","269","103","104","141","145","93","97","129","149","189","191","232","238","**","**","158","158","115","115","**","**","**","**","143","143","156","156","90","90","142","148","194","194","252","252","173","173","146","146","**","**","**","**","**","**","**","**","138","138","**","**","**","**","**","**","155","155","**","**","**","**","**","**","**","**","**","**","**","**","**","**","87","91","**","**","**","**","**","**","132","132","90","90","101","101","**","**","**","**","**","**","**","**"
"M. Grant Thesis","EINPW","Wood Bison","Fecal","EINP_W82","10/22/2023",2023,"Trent","","","","83%","91","93","136","138","187","187","253","271","103","103","141","141","93","93","129","129","189","191","232","238","**","**","**","**","**","**","**","**","**","**","**","**","**","**","102","102","140","142","190","190","252","252","167","167","152","166","144","154","81","83","124","126","175","183","138","148","262","262","150","150","129","129","155","155","92","92","148","150","196","196","110","112","166","166","85","89","165","173","87","89","**","**","167","167","**","**","114","130","98","102","101","103","181","181","201","215","144","166","151","153"
"M. Grant Thesis","EINPW","Wood Bison","Fecal","EINP_W83","10/22/2023",2023,"Trent","","","","94%","89","89","136","136","179","187","253","253","103","103","141","145","93","97","129","143","189","191","238","238","87","87","158","158","115","115","174","174","229","229","143","143","158","160","90","90","140","140","188","194","252","252","167","173","152","152","154","156","77","83","124","124","179","183","142","142","**","**","142","150","125","125","155","159","92","95","148","148","180","180","112","112","166","170","85","89","161","161","89","89","**","**","167","167","228","236","130","130","98","98","95","101","181","181","205","215","144","168","**","**"
"M. Grant Thesis","EINPW","Wood Bison","Fecal","EINP_W99","10/22/2023",2023,"Trent","","","","100%","89","89","136","138","179","187","253","269","103","104","135","141","93","97","129","129","189","191","232","252","87","89","147","162","113","115","172","174","229","229","143","143","154","156","102","102","140","142","194","194","252","252","173","173","152","166","154","154","81","81","122","132","165","175","138","148","262","262","146","150","125","129","153","155","91","92","146","150","180","196","106","110","172","176","89","89","161","161","89","89","116","116","167","167","238","238","130","132","92","102","101","101","181","191","205","215","166","166","149","153"
"M. Grant Thesis","EINPW","Wood Bison","Fecal","EINP_WB142","23-Oct-24",2024,"Trent","","","","88%","89","91","136","136","187","187","253","271","103","103","141","145","85","93","129","141","191","191","238","238","87","91","158","162","115","115","**","**","229","229","143","143","156","160","102","102","127","140","188","190","252","252","173","173","152","166","144","154","83","83","126","132","183","183","138","142","260","262","146","150","125","125","155","157","92","92","150","150","180","180","112","112","166","176","85","89","165","169","**","**","**","**","167","167","**","**","132","132","96","96","**","**","181","191","205","211","166","168","**","**"
"M. Grant Thesis","EINPW","Wood Bison","Fecal","EINP_WB106","23-Oct-24",2024,"Trent","","","","96%","89","93","136","136","179","187","253","253","103","103","141","145","93","103","129","143","191","191","238","238","87","87","158","162","115","115","172","174","229","231","143","143","156","158","102","102","146","146","194","194","250","252","167","167","152","152","154","154","77","83","124","132","165","165","142","142","260","260","146","150","129","129","155","157","91","91","150","150","184","194","112","112","172","172","85","89","161","161","89","89","**","**","161","167","228","238","130","134","92","102","95","101","177","181","207","211","168","168","**","**"
"M. Grant Thesis","EINPW","Wood Bison","Fecal","EINP_WB130","23-Oct-24",2024,"Trent","","","","87%","89","91","136","136","181","187","253","271","103","103","141","141","93","93","129","129","189","191","238","238","87","87","147","160","108","113","**","**","229","231","143","143","158","158","90","102","140","140","**","**","**","**","**","**","**","**","**","**","81","81","124","132","183","183","142","142","260","262","146","150","125","125","155","159","91","95","150","150","180","184","106","106","166","166","89","89","161","161","89","89","116","118","167","167","238","238","128","130","102","102","101","101","181","181","207","207","144","144","**","**"
"2026","MBS","","Blood","MB-21-01","9-Mar-21",2021,"Trent","","","","100","89","91","134","134","181","181","253","253","103","103","141","145","97","103","129","143","195","195","238","252","87","89","162","162","108","113","174","178","229","231","143","143","154","156","90","102","140","140","194","200","252","252","173","173","152","152","144","156","81","83","122","132","165","165","142","148","262","262","150","150","127","127","155","159","91","91","150","150","184","184","106","110","170","172","85","95","161","173","81","87","116","118","167","167","228","240","130","132","92","96","103","103","181","191","211","215","142","142","145","151"
"2026","MBS","","Blood","MB-21-02","10-Mar-21",2021,"Trent","","","","100","91","91","136","142","179","181","253","253","103","103","141","145","103","103","129","143","191","191","238","238","87","87","162","162","108","113","174","178","225","225","143","143","156","158","90","90","127","140","190","200","246","252","167","173","152","164","154","154","81","83","132","132","183","183","142","142","262","262","150","150","123","127","155","159","92","94","146","150","184","184","106","112","170","170","85","89","161","173","81","89","116","118","167","167","240","240","130","130","92","102","101","103","181","181","205","215","166","166","145","153"
"2026","MBS","","Blood","MB-21-03","9-Mar-21",2021,"Trent","","","","100","89","91","136","136","179","181","241","269","103","104","141","145","93","103","129","143","191","191","238","238","87","89","158","162","115","115","172","176","229","231","143","145","156","158","90","102","127","140","194","194","252","252","173","175","146","152","144","154","83","83","132","132","165","183","142","148","262","262","140","146","127","129","155","155","91","92","148","150","180","184","110","112","170","170","81","89","161","173","87","89","116","116","167","167","238","240","114","132","102","104","101","101","181","181","205","205","142","142","151","153"
"2026","MBS","","Blood","MB-21-04","9-Mar-21",2021,"Trent","","","","100","89","91","134","134","179","181","253","269","103","103","135","145","91","103","129","143","191","195","238","252","87","87","158","162","113","115","176","176","225","229","143","143","158","158","90","90","140","140","190","194","252","252","167","173","152","158","154","156","81","83","124","124","165","165","142","142","262","262","140","150","125","127","155","155","91","91","150","150","180","180","106","112","170","170","89","89","161","165","85","87","116","116","167","167","228","238","130","132","102","104","95","95","181","191","205","205","166","166","145","153"
"2026","MBS","","Blood","MB-21-05","9-Mar-21",2021,"Trent","","","","100","89","89","136","136","179","187","253","269","103","103","145","147","97","97","129","143","189","195","232","238","89","89","161","162","113","115","172","182","231","231","143","143","158","160","90","90","146","148","190","194","250","252","173","175","152","158","144","154","81","83","124","132","165","165","142","148","262","262","146","150","127","129","155","157","92","92","150","154","180","192","108","112","172","176","89","89","165","165","81","89","116","118","167","167","228","238","114","130","98","102","103","103","181","191","205","205","158","158","145","151"
"2026","MBS","","Blood","MB-21-06","9-Mar-21",2021,"Trent","","","","100","89","91","134","136","181","181","253","253","103","103","141","145","93","97","129","143","191","191","238","254","87","89","162","162","113","115","172","178","231","231","143","143","156","158","90","102","140","140","190","194","246","252","175","175","146","152","154","154","83","83","124","132","165","175","142","142","260","262","146","150","125","129","155","159","91","94","146","150","180","184","106","110","170","174","85","89","161","161","81","85","116","118","167","167","240","240","130","132","102","102","95","103","177","181","201","211","168","168","145","151"
"2026","MBS","","Blood","MB-21-07","9-Mar-21",2021,"Trent","","","","100","89","91","134","136","179","181","253","269","103","103","145","145","103","103","143","143","191","195","238","252","87","87","147","162","115","115","172","174","225","229","143","143","158","160","90","102","140","148","194","194","252","252","173","173","152","158","144","154","77","83","124","124","165","175","142","148","262","262","148","150","125","125","155","155","91","91","150","154","190","196","110","112","166","176","83","89","161","161","85","91","114","116","167","167","236","238","114","130","102","102","101","103","181","191","205","207","142","142","145","151"
"2026","MBS","","Blood","MB-21-08","9-Mar-21",2021,"Trent","","","","100","89","91","134","136","181","187","241","253","103","103","141","147","93","103","141","143","189","191","238","252","87","87","147","160","108","108","172","174","225","231","143","143","156","158","90","102","140","148","190","194","252","252","167","173","152","158","154","160","83","85","124","132","165","183","142","148","260","262","148","150","123","129","155","155","92","94","150","154","190","192","106","108","172","174","81","89","165","173","89","91","108","118","167","167","238","238","130","130","104","104","101","101","181","191","205","211","142","142","151","151"
"2026","MBS","","Blood","MB-21-09","10-Mar-21",2021,"Trent","","","","100","89","91","138","138","181","181","253","269","103","103","135","145","93","103","129","143","191","195","238","238","87","89","161","162","115","115","174","182","225","231","143","145","158","158","90","90","140","140","190","190","246","252","173","173","152","152","154","154","81","81","122","124","175","183","142","148","260","262","140","146","129","129","155","159","91","91","146","150","184","184","106","110","170","170","89","89","161","173","81","81","116","118","167","167","228","236","130","130","102","104","95","101","181","191","205","207","142","168","153","153"
"2026","MBS","","Blood","MB-21-10","9-Mar-21",2021,"Trent","","","","100","89","91","134","136","179","181","253","253","103","103","135","145","97","103","143","143","189","191","238","254","87","89","158","158","113","115","172","182","231","231","143","143","156","158","90","90","140","148","190","194","252","252","175","175","152","164","144","160","77","83","122","124","165","183","142","142","260","262","146","146","125","129","155","157","92","94","146","146","192","192","106","106","170","176","81","89","165","173","89","91","108","116","167","167","236","238","130","132","102","102","101","103","177","181","201","205","158","158","145","151"
"2026","MBS","","Blood","MB-21-11","10-Mar-21",2021,"Trent","","","","100","89","91","134","136","181","181","253","269","103","103","141","141","103","103","129","141","189","189","238","238","87","87","147","162","115","115","172","172","227","233","143","143","154","158","90","90","140","140","194","194","252","252","173","175","152","166","154","156","81","83","124","132","183","183","142","142","260","262","150","150","123","125","157","159","91","91","150","154","180","196","106","112","170","176","89","89","161","173","85","85","116","118","167","167","228","236","114","128","92","104","101","103","191","191","205","205","142","142","151","153"
"2026","MBS","","Blood","MB-21-12","10-Mar-21",2021,"Trent","","","","100","91","91","134","136","179","181","253","253","103","103","141","145","89","103","141","143","189","195","232","252","87","89","147","162","113","113","172","176","231","233","143","143","156","156","90","90","140","148","190","200","252","252","175","175","152","162","154","154","83","83","132","136","175","183","142","148","260","262","140","146","125","129","159","159","94","94","146","150","180","180","110","112","170","172","89","95","173","173","81","87","116","118","167","167","228","228","132","134","102","102","95","103","181","181","205","207","142","162","151","153"
"2026","MBS","","Blood","MB-21-13","10-Mar-21",2021,"Trent","","","","100","89","91","138","138","181","187","253","255","103","103","135","141","93","103","129","129","189","191","238","238","87","87","162","162","113","115","174","182","227","231","143","143","158","160","90","102","127","140","194","200","254","254","173","177","152","152","154","154","81","83","122","124","175","183","142","142","260","262","140","150","125","129","155","157","91","92","146","150","180","180","106","110","170","170","83","89","165","173","85","91","116","116","167","167","228","228","130","132","102","104","103","103","181","181","207","215","142","142","145","153"
"2026","MBS","","Blood","MB-21-14","10-Mar-21",2021,"Trent","","","","100","89","91","136","136","179","187","253","253","103","103","145","147","97","103","143","143","191","195","232","238","87","89","158","161","113","115","172","172","229","231","143","143","158","158","90","90","140","148","190","194","252","254","165","175","146","152","154","160","77","83","132","132","181","183","142","148","260","262","146","150","125","129","155","157","91","94","148","148","180","180","106","110","170","170","89","89","173","173","91","91","116","116","167","167","228","238","130","134","98","104","99","101","177","181","205","207","142","142","145","145"
"2026","MBS","","Blood","MB-21-15","11-Mar-21",2021,"Trent","","","","100","89","91","134","138","179","187","241","269","103","103","141","145","97","103","129","141","191","195","232","238","89","89","161","162","113","113","176","176","231","231","143","143","156","156","90","102","127","127","194","194","252","252","163","175","152","158","144","144","81","83","124","132","165","183","142","142","262","262","146","150","123","129","157","157","91","91","148","150","180","184","106","108","170","176","89","89","161","173","89","89","116","116","167","167","238","238","128","130","92","98","95","101","181","191","211","211","158","162","151","151"
"2026","MBS","","Blood","MB-21-16","11-Mar-21",2021,"Trent","","","","100","89","91","134","136","179","179","253","253","103","103","135","147","93","103","129","143","191","195","238","238","87","87","161","161","115","115","172","172","225","229","143","145","156","158","90","90","138","140","194","194","252","254","167","175","146","152","144","156","83","83","122","132","183","183","142","148","260","262","140","146","129","129","155","159","91","94","146","150","180","184","106","106","170","176","85","85","165","173","91","91","116","118","167","167","228","238","130","134","104","104","95","101","181","181","205","205","142","168","145","151"
"2026","MBS","","Blood","MB-21-17","11-Mar-21",2021,"Trent","","","","100","89","91","134","136","179","181","241","253","103","103","145","145","93","93","129","143","191","191","232","238","87","89","162","162","113","115","182","182","231","231","143","143","158","160","90","90","127","146","200","200","246","252","177","177","152","158","144","154","77","83","124","124","183","183","142","142","262","262","142","146","127","129","159","159","91","94","148","150","180","180","106","106","176","176","81","89","161","161","85","85","116","118","167","167","224","236","130","130","102","102","101","101","181","191","205","215","158","158","145","145"
"2026","MBS","","Blood","MB-21-18","11-Mar-21",2021,"Trent","","","","100","89","91","134","136","179","179","253","269","103","103","141","145","93","103","129","143","189","191","238","238","87","87","158","162","108","113","172","182","229","231","143","143","156","156","90","102","140","140","190","194","250","252","165","167","152","152","154","154","81","83","124","132","183","183","142","148","260","262","146","150","125","129","157","159","92","94","146","150","180","184","106","112","170","170","81","89","173","173","85","91","116","118","167","167","228","228","128","130","102","104","103","103","181","191","205","205","142","142","145","151"
"2026","MBS","","Blood","MB-21-19","10-Mar-21",2021,"Trent","","","","100","89","91","134","138","179","181","253","253","103","103","145","145","103","103","143","143","191","195","238","238","87","87","162","162","113","115","174","176","231","233","143","143","156","160","90","90","127","146","188","194","252","252","165","173","164","166","156","156","83","83","132","132","183","183","142","142","256","260","146","150","125","129","157","157","92","94","150","150","180","180","106","110","176","176","83","85","161","173","81","85","108","116","167","167","228","228","134","134","98","104","99","101","181","181","201","205","142","158","145","151"
"2026","MBS","","Blood","MB-21-20","10-Mar-21",2021,"Trent","","","","100","89","89","136","138","185","187","241","253","103","105","141","141","85","103","129","129","189","191","238","238","87","89","158","162","113","115","172","174","229","231","143","145","158","158","90","102","127","138","194","194","252","254","173","175","146","146","154","160","81","83","124","132","165","175","148","148","262","262","150","150","125","129","157","159","91","94","146","148","180","180","106","110","172","176","89","95","161","173","81","81","116","118","167","167","228","236","130","130","102","102","103","103","181","181","205","211","142","158","149","151"
"2026","MBS","","Blood","MB-21-21","10-Mar-21",2021,"Trent","","","","96","91","91","134","134","181","181","247","253","103","103","141","145","103","103","129","143","191","191","238","238","87","87","162","162","115","115","172","172","229","229","143","143","160","160","90","90","140","146","194","194","-99","-99","173","175","146","166","160","160","83","83","124","132","183","183","142","142","260","260","140","146","125","125","155","155","91","91","150","150","180","184","106","112","170","176","81","85","161","161","81","85","-99","-99","167","167","228","228","130","134","96","98","101","101","191","191","201","215","158","168","145","145"
"2026","MBS","","Blood","MB-21-22","10-Mar-21",2021,"Trent","","","","13","-99","-99","-99","-99","-99","-99","253","253","-99","-99","-99","-99","-99","-99","-99","-99","-99","-99","-99","-99","87","89","-99","-99","-99","-99","-99","-99","229","229","-99","-99","-99","-99","-99","-99","-99","-99","-99","-99","-99","-99","-99","-99","-99","-99","-99","-99","-99","-99","-99","-99","-99","-99","142","142","-99","-99","-99","-99","-99","-99","-99","-99","91","91","-99","-99","-99","-99","-99","-99","-99","-99","-99","-99","-99","-99","91","91","-99","-99","-99","-99","-99","-99","-99","-99","-99","-99","-99","-99","-99","-99","205","205","-99","-99","-99","-99"
"2026","MBS","","Blood","MB-21-23","9-Mar-21",2021,"Trent","","","","75","89","91","-99","-99","-99","-99","269","269","101","103","-99","-99","-99","-99","129","129","189","189","232","232","87","87","161","161","-99","-99","172","172","229","231","143","143","156","160","90","102","127","127","194","194","-99","-99","-99","-99","152","152","144","156","77","83","124","124","183","183","142","142","260","260","140","150","125","129","159","159","92","95","146","150","196","196","106","106","176","176","89","89","173","173","81","81","-99","-99","-99","-99","228","238","130","130","-99","-99","103","103","181","181","205","205","-99","-99","149","149"
"2026","MBS","","Blood","MB-21-24","10-Mar-21",2021,"Trent","","","","88","89","89","136","142","179","187","253","253","103","103","135","135","85","103","129","129","195","195","252","252","87","89","-99","-99","115","115","172","174","227","227","143","143","158","158","90","90","140","140","190","194","246","246","163","175","146","152","144","156","77","83","124","132","165","175","142","148","260","262","150","150","129","129","157","157","94","94","146","148","180","180","110","112","170","176","81","81","169","173","81","81","-99","-99","-99","-99","228","228","-99","-99","104","104","-99","-99","181","191","205","205","142","142","145","151"
"2026","MBS","","Blood","MB-21-25","9-Mar-21",2021,"Trent","","","","98","89","89","134","134","179","187","241","253","103","103","147","147","103","103","129","129","189","189","232","232","87","87","158","160","113","113","172","172","229","233","143","143","160","160","90","102","127","140","188","194","250","252","165","165","152","152","154","160","83","83","124","132","165","165","142","150","262","262","148","150","127","129","159","159","91","92","150","154","180","180","112","112","170","170","89","95","161","165","85","85","-99","-99","167","167","228","240","130","130","102","102","101","101","181","191","205","215","158","158","151","153"
"2026","MBS","","Blood","MB-21-26","10-Mar-21",2021,"Trent","","","","10","-99","-99","-99","-99","-99","-99","-99","-99","-99","-99","-99","-99","-99","-99","-99","-99","-99","-99","-99","-99","-99","-99","-99","-99","108","108","-99","-99","-99","-99","-99","-99","-99","-99","90","90","-99","-99","-99","-99","-99","-99","-99","-99","-99","-99","-99","-99","-99","-99","-99","-99","-99","-99","-99","-99","-99","-99","-99","-99","-99","-99","155","155","-99","-99","-99","-99","-99","-99","106","106","-99","-99","-99","-99","-99","-99","-99","-99","-99","-99","-99","-99","-99","-99","-99","-99","-99","-99","-99","-99","-99","-99","205","205","-99","-99","-99","-99"
"2026","MBS","","Blood","WOBI-23-M01","23-Mar-23",2023,"Trent","","","","100","89","89","134","136","187","187","253","253","103","103","141","145","93","103","143","143","191","191","238","252","87","89","162","162","108","113","172","174","229","231","143","143","154","158","90","102","146","150","190","194","246","252","167","175","152","158","154","160","81","83","122","132","165","183","138","150","260","262","146","150","123","129","157","159","91","92","146","150","180","192","106","110","166","176","83","89","173","173","81","81","118","118","167","167","224","240","130","134","104","104","95","99","181","181","211","215","142","142","149","149"
"2026","MBS","","Ear Biopsy","WOBI-23-M02","21-Mar-23",2023,"Trent","","","","100","89","89","136","138","179","179","253","269","103","103","141","141","93","103","129","143","191","191","238","238","87","89","147","158","115","115","174","176","229","231","143","145","156","158","90","90","127","140","190","194","252","252","165","173","146","152","144","154","81","83","124","132","165","183","142","150","262","262","140","150","123","127","155","157","91","92","148","150","180","184","106","110","170","170","81","83","161","173","87","91","116","118","167","167","228","240","130","132","102","104","101","101","181","181","205","211","142","168","151","153"
"2026","MBS","","Blood","WOBI-23-M03","24-Mar-23",2023,"Trent","","","","100","89","89","134","134","181","187","241","253","103","105","135","141","93","103","129","141","191","195","238","238","87","89","161","162","108","113","174","182","231","231","143","143","156","158","90","90","127","140","190","194","246","252","165","167","152","158","154","154","81","83","124","132","165","175","142","142","262","262","146","150","129","129","157","159","92","94","146","146","180","180","106","112","166","170","81","81","165","173","89","91","116","118","167","167","228","228","130","134","104","104","95","101","181","191","205","211","142","166","145","151"
