

----------------------------------------------------
STRUCTURE by Pritchard, Stephens and Donnelly (2000)
     and Falush, Stephens and Pritchard (2003)
       Code by Pritchard, Falush and Hubisz
             Version 2.3.4 (Jul 2012)
----------------------------------------------------



Command line arguments:   structure -D 717988 -K 15 -m mainparams -o k15/temp2_k15_run5 
Input File:    temp2.str

Run parameters:
   486 individuals
   47 loci
   15 populations assumed
   500000 Burn-in period
   750000 Reps
RANDOMIZE turned off


--------------------------------------------
Proportion of membership of each pre-defined
 population in each of the 15 clusters

Given    Inferred Clusters                                                                                           Number of
 Pop       1      2      3      4      5      6      7      8      9     10     11     12     13     14     15      Individuals

  1:     0.010  0.010  0.036  0.004  0.853  0.010  0.009  0.012  0.008  0.011  0.003  0.009  0.010  0.010  0.006       63
  2:     0.013  0.014  0.012  0.006  0.860  0.011  0.011  0.015  0.007  0.006  0.003  0.009  0.014  0.009  0.010       20
  3:     0.003  0.005  0.004  0.007  0.003  0.004  0.003  0.004  0.004  0.004  0.940  0.004  0.005  0.004  0.006       36
  4:     0.011  0.019  0.117  0.004  0.707  0.018  0.010  0.036  0.006  0.015  0.003  0.010  0.020  0.016  0.008       21
  5:     0.008  0.007  0.538  0.003  0.368  0.006  0.014  0.011  0.005  0.010  0.003  0.007  0.007  0.006  0.006       31
  6:     0.006  0.008  0.017  0.005  0.887  0.010  0.012  0.006  0.004  0.006  0.004  0.010  0.008  0.013  0.005       21
  7:     0.013  0.019  0.011  0.004  0.011  0.024  0.006  0.784  0.011  0.016  0.005  0.026  0.019  0.027  0.024       25
  8:     0.016  0.030  0.138  0.010  0.464  0.028  0.013  0.022  0.009  0.049  0.094  0.016  0.034  0.032  0.044        8
  9:     0.011  0.008  0.018  0.005  0.549  0.009  0.334  0.008  0.005  0.006  0.002  0.023  0.009  0.009  0.004       17
 10:     0.005  0.005  0.004  0.003  0.005  0.005  0.003  0.006  0.939  0.005  0.003  0.004  0.005  0.004  0.005       29
 11:     0.002  0.003  0.002  0.964  0.002  0.003  0.003  0.002  0.002  0.002  0.006  0.002  0.003  0.002  0.002        9
 12:     0.021  0.207  0.016  0.009  0.010  0.162  0.009  0.060  0.014  0.112  0.019  0.026  0.182  0.126  0.027       26
 13:     0.049  0.119  0.013  0.009  0.013  0.119  0.012  0.028  0.012  0.175  0.013  0.155  0.120  0.113  0.050       74
 14:     0.103  0.082  0.014  0.007  0.019  0.088  0.009  0.020  0.014  0.069  0.012  0.306  0.080  0.107  0.070       35
 15:     0.312  0.044  0.013  0.009  0.031  0.088  0.006  0.025  0.008  0.022  0.007  0.238  0.048  0.134  0.014       24
 16:     0.036  0.196  0.012  0.009  0.026  0.148  0.007  0.039  0.026  0.154  0.023  0.028  0.184  0.101  0.012       43
 17:     0.011  0.218  0.014  0.002  0.014  0.173  0.054  0.012  0.009  0.027  0.006  0.019  0.265  0.164  0.013        4
--------------------------------------------

Allele-freq. divergence among pops (Net nucleotide distance),
computed using point estimates of P.

      1       2       3       4       5       6       7       8       9      10      11      12      13      14      15      
 1      -    0.0257  0.0623  0.1335  0.0585  0.0230  0.1477  0.0404  0.0750  0.0358  0.1254  0.0263  0.0254  0.0227  0.0700  
 2   0.0257     -    0.0380  0.0982  0.0310  0.0015  0.1024  0.0188  0.0539  0.0089  0.0808  0.0197  0.0001  0.0050  0.0477  
 3   0.0623  0.0380     -    0.1430  0.0399  0.0410  0.1335  0.0558  0.0933  0.0455  0.1373  0.0636  0.0383  0.0460  0.0784  
 4   0.1335  0.0982  0.1430     -    0.1441  0.1032  0.2020  0.1067  0.1332  0.1084  0.1129  0.1297  0.0994  0.1102  0.1664  
 5   0.0585  0.0310  0.0399  0.1441     -    0.0323  0.1050  0.0445  0.0803  0.0347  0.1445  0.0440  0.0306  0.0363  0.0757  
 6   0.0230  0.0015  0.0410  0.1032  0.0323     -    0.1054  0.0206  0.0560  0.0102  0.0861  0.0169  0.0013  0.0012  0.0462  
 7   0.1477  0.1024  0.1335  0.2020  0.1050  0.1054     -    0.1218  0.1599  0.1114  0.2151  0.1187  0.1012  0.1127  0.1505  
 8   0.0404  0.0188  0.0558  0.1067  0.0445  0.0206  0.1218     -    0.0607  0.0252  0.1042  0.0396  0.0191  0.0253  0.0592  
 9   0.0750  0.0539  0.0933  0.1332  0.0803  0.0560  0.1599  0.0607     -    0.0646  0.1221  0.0748  0.0539  0.0606  0.1044  
10   0.0358  0.0089  0.0455  0.1084  0.0347  0.0102  0.1114  0.0252  0.0646     -    0.0912  0.0297  0.0093  0.0138  0.0614  
11   0.1254  0.0808  0.1373  0.1129  0.1445  0.0861  0.2151  0.1042  0.1221  0.0912     -    0.1273  0.0818  0.0935  0.1302  
12   0.0263  0.0197  0.0636  0.1297  0.0440  0.0169  0.1187  0.0396  0.0748  0.0297  0.1273     -    0.0189  0.0173  0.0629  
13   0.0254  0.0001  0.0383  0.0994  0.0306  0.0013  0.1012  0.0191  0.0539  0.0093  0.0818  0.0189     -    0.0047  0.0475  
14   0.0227  0.0050  0.0460  0.1102  0.0363  0.0012  0.1127  0.0253  0.0606  0.0138  0.0935  0.0173  0.0047     -    0.0481  
15   0.0700  0.0477  0.0784  0.1664  0.0757  0.0462  0.1505  0.0592  0.1044  0.0614  0.1302  0.0629  0.0475  0.0481     -    

Average distances (expected heterozygosity) between individuals in same cluster:
cluster  1  : 0.5679 
cluster  2  : 0.6436 
cluster  3  : 0.5395 
cluster  4  : 0.5329 
cluster  5  : 0.5387 
cluster  6  : 0.6333 
cluster  7  : 0.4324 
cluster  8  : 0.5960 
cluster  9  : 0.5444 
cluster 10  : 0.6100 
cluster 11  : 0.6323 
cluster 12  : 0.5628 
cluster 13  : 0.6425 
cluster 14  : 0.6162 
cluster 15  : 0.5385 

--------------------------------------------
Estimated Ln Prob of Data   = -52896.1
Mean value of ln likelihood = -50211.5
Variance of ln likelihood   = 5369.1
Mean value of alpha         = 0.0340

Mean value of Fst_1         = 0.1410
Mean value of Fst_2         = 0.0157
Mean value of Fst_3         = 0.1769
Mean value of Fst_4         = 0.3103
Mean value of Fst_5         = 0.1418
Mean value of Fst_6         = 0.0397
Mean value of Fst_7         = 0.4101
Mean value of Fst_8         = 0.0925
Mean value of Fst_9         = 0.2137
Mean value of Fst_10         = 0.0532
Mean value of Fst_11         = 0.1878
Mean value of Fst_12         = 0.1074
Mean value of Fst_13         = 0.0185
Mean value of Fst_14         = 0.0682
Mean value of Fst_15         = 0.2420


Inferred ancestry of individuals:
        Label (%Miss) Pop:  Inferred clusters
  1      221    (0)    1 :  0.007 0.007 0.008 0.003 0.910 0.007 0.004 0.017 0.002 0.008 0.003 0.008 0.007 0.007 0.003 
  2      222    (0)    1 :  0.003 0.009 0.510 0.004 0.394 0.009 0.006 0.007 0.009 0.008 0.004 0.008 0.009 0.009 0.011 
  3      223    (0)    1 :  0.005 0.009 0.007 0.003 0.880 0.010 0.007 0.008 0.003 0.026 0.006 0.010 0.009 0.010 0.006 
  4      224    (0)    1 :  0.002 0.003 0.005 0.001 0.956 0.003 0.006 0.004 0.004 0.003 0.001 0.003 0.003 0.002 0.004 
  5      225    (0)    1 :  0.004 0.005 0.006 0.002 0.942 0.005 0.004 0.004 0.004 0.006 0.002 0.004 0.006 0.005 0.004 
  6      226    (0)    1 :  0.002 0.005 0.003 0.006 0.932 0.004 0.004 0.013 0.002 0.010 0.001 0.003 0.004 0.004 0.006 
  7      227    (0)    1 :  0.005 0.011 0.003 0.016 0.860 0.010 0.005 0.035 0.005 0.016 0.007 0.005 0.011 0.007 0.004 
  8      228    (0)    1 :  0.005 0.009 0.006 0.003 0.878 0.009 0.012 0.007 0.005 0.009 0.004 0.028 0.009 0.009 0.008 
  9      234    (0)    1 :  0.004 0.004 0.008 0.003 0.946 0.004 0.004 0.004 0.002 0.004 0.001 0.005 0.004 0.004 0.004 
 10      235    (0)    1 :  0.002 0.003 0.009 0.004 0.953 0.003 0.004 0.004 0.002 0.003 0.001 0.003 0.004 0.003 0.002 
 11      236    (0)    1 :  0.002 0.002 0.003 0.002 0.956 0.002 0.014 0.005 0.002 0.003 0.001 0.002 0.002 0.002 0.002 
 12      237    (0)    1 :  0.004 0.004 0.008 0.002 0.948 0.004 0.002 0.003 0.002 0.005 0.002 0.004 0.004 0.005 0.004 
 13      238    (0)    1 :  0.006 0.008 0.042 0.003 0.848 0.010 0.003 0.025 0.011 0.009 0.006 0.005 0.009 0.010 0.004 
 14      239    (0)    1 :  0.010 0.027 0.015 0.007 0.690 0.022 0.024 0.084 0.015 0.042 0.002 0.014 0.025 0.015 0.007 
 15      240    (0)    1 :  0.003 0.003 0.006 0.002 0.950 0.003 0.006 0.006 0.002 0.003 0.001 0.003 0.004 0.003 0.003 
 16      242    (0)    1 :  0.009 0.073 0.277 0.001 0.297 0.058 0.003 0.012 0.002 0.139 0.001 0.022 0.067 0.030 0.008 
 17      243    (0)    1 :  0.006 0.014 0.014 0.016 0.849 0.012 0.006 0.020 0.015 0.009 0.002 0.005 0.015 0.010 0.008 
 18      244    (0)    1 :  0.003 0.008 0.014 0.012 0.895 0.006 0.002 0.021 0.003 0.015 0.003 0.002 0.007 0.005 0.003 
 19      245    (0)    1 :  0.018 0.015 0.004 0.010 0.787 0.016 0.049 0.013 0.007 0.010 0.025 0.009 0.017 0.014 0.007 
 20      246    (0)    1 :  0.002 0.004 0.011 0.005 0.945 0.004 0.003 0.003 0.003 0.003 0.003 0.003 0.005 0.003 0.003 
 21      248    (0)    1 :  0.004 0.007 0.046 0.003 0.868 0.007 0.009 0.005 0.021 0.009 0.003 0.004 0.007 0.007 0.002 
 22      249    (0)    1 :  0.002 0.002 0.002 0.001 0.968 0.002 0.002 0.004 0.002 0.003 0.001 0.002 0.002 0.002 0.004 
 23      250    (0)    1 :  0.007 0.014 0.005 0.006 0.853 0.016 0.012 0.009 0.010 0.010 0.007 0.013 0.014 0.019 0.006 
 24      251    (0)    1 :  0.006 0.005 0.017 0.005 0.918 0.006 0.005 0.004 0.003 0.006 0.001 0.011 0.005 0.006 0.002 
 25      252    (0)    1 :  0.009 0.008 0.004 0.001 0.863 0.013 0.005 0.007 0.038 0.007 0.002 0.011 0.008 0.015 0.009 
 26      253    (0)    1 :  0.003 0.024 0.003 0.003 0.830 0.018 0.006 0.008 0.022 0.024 0.016 0.004 0.024 0.011 0.004 
 27      254    (0)    1 :  0.005 0.005 0.004 0.002 0.939 0.005 0.004 0.007 0.003 0.007 0.001 0.004 0.005 0.005 0.003 
 28      255    (0)    1 :  0.006 0.018 0.254 0.003 0.567 0.015 0.017 0.055 0.006 0.013 0.003 0.011 0.016 0.011 0.004 
 29      256    (0)    1 :  0.004 0.009 0.055 0.002 0.867 0.009 0.003 0.004 0.002 0.006 0.004 0.005 0.010 0.008 0.012 
 30      257    (0)    1 :  0.012 0.008 0.007 0.003 0.889 0.008 0.003 0.017 0.009 0.010 0.002 0.009 0.009 0.009 0.003 
 31      258    (0)    1 :  0.012 0.010 0.029 0.002 0.867 0.010 0.009 0.012 0.003 0.009 0.005 0.011 0.010 0.009 0.003 
 32      259    (0)    1 :  0.018 0.013 0.010 0.002 0.886 0.010 0.002 0.006 0.003 0.010 0.002 0.006 0.014 0.013 0.005 
 33      260    (0)    1 :  0.003 0.006 0.005 0.006 0.826 0.006 0.023 0.028 0.070 0.004 0.002 0.005 0.006 0.006 0.003 
 34      261    (0)    1 :  0.118 0.012 0.006 0.002 0.738 0.025 0.003 0.014 0.008 0.005 0.002 0.016 0.012 0.035 0.005 
 35      262    (0)    1 :  0.002 0.002 0.006 0.001 0.967 0.002 0.002 0.002 0.002 0.002 0.001 0.002 0.002 0.002 0.003 
 36      263    (0)    1 :  0.004 0.005 0.014 0.005 0.864 0.005 0.005 0.046 0.025 0.005 0.003 0.003 0.005 0.005 0.005 
 37      264    (0)    1 :  0.008 0.004 0.009 0.001 0.929 0.004 0.003 0.006 0.003 0.004 0.001 0.004 0.004 0.004 0.013 
 38      265    (0)    1 :  0.006 0.005 0.019 0.002 0.875 0.005 0.007 0.020 0.036 0.003 0.001 0.005 0.006 0.005 0.005 
 39      266    (0)    1 :  0.002 0.003 0.006 0.001 0.960 0.003 0.005 0.002 0.002 0.003 0.001 0.003 0.003 0.003 0.002 
 40      267    (0)    1 :  0.003 0.003 0.021 0.002 0.945 0.003 0.002 0.003 0.001 0.004 0.001 0.003 0.003 0.003 0.003 
 41      268    (0)    1 :  0.004 0.006 0.004 0.008 0.881 0.007 0.003 0.006 0.051 0.007 0.001 0.005 0.006 0.007 0.004 
 42      269    (0)    1 :  0.006 0.003 0.008 0.001 0.938 0.003 0.020 0.004 0.002 0.003 0.001 0.003 0.003 0.003 0.002 
 43      270    (0)    1 :  0.003 0.003 0.004 0.002 0.938 0.003 0.003 0.006 0.002 0.004 0.001 0.004 0.003 0.003 0.021 
 44      271    (0)    1 :  0.033 0.027 0.011 0.003 0.712 0.027 0.075 0.013 0.010 0.016 0.007 0.008 0.027 0.024 0.008 
 45      272    (0)    1 :  0.082 0.029 0.446 0.007 0.295 0.024 0.013 0.008 0.005 0.009 0.001 0.010 0.032 0.019 0.019 
 46      273    (0)    1 :  0.009 0.015 0.014 0.002 0.823 0.012 0.010 0.038 0.003 0.015 0.004 0.014 0.013 0.011 0.018 
 47      274    (0)    1 :  0.012 0.005 0.004 0.003 0.925 0.005 0.006 0.008 0.006 0.005 0.002 0.005 0.005 0.005 0.003 
 48      275    (2)    1 :  0.003 0.004 0.009 0.002 0.944 0.004 0.003 0.006 0.002 0.005 0.002 0.005 0.004 0.004 0.003 
 49      276    (0)    1 :  0.008 0.006 0.005 0.002 0.924 0.007 0.005 0.005 0.004 0.006 0.001 0.006 0.006 0.009 0.004 
 50      277    (0)    1 :  0.011 0.010 0.003 0.001 0.803 0.028 0.012 0.008 0.002 0.006 0.001 0.049 0.012 0.045 0.007 
 51      278    (0)    1 :  0.016 0.009 0.016 0.007 0.849 0.019 0.005 0.006 0.004 0.010 0.001 0.016 0.009 0.030 0.002 
 52      279    (0)    1 :  0.005 0.014 0.017 0.002 0.889 0.013 0.003 0.006 0.002 0.009 0.002 0.006 0.014 0.012 0.005 
 53      280    (0)    1 :  0.011 0.010 0.007 0.002 0.807 0.012 0.061 0.018 0.005 0.011 0.002 0.027 0.010 0.013 0.003 
 54      287    (0)    1 :  0.007 0.013 0.004 0.004 0.881 0.014 0.003 0.013 0.006 0.008 0.003 0.011 0.015 0.011 0.006 
 55      290    (0)    1 :  0.012 0.012 0.088 0.006 0.793 0.011 0.006 0.010 0.003 0.008 0.002 0.010 0.012 0.012 0.015 
 56      291    (0)    1 :  0.011 0.009 0.004 0.003 0.866 0.011 0.014 0.007 0.006 0.006 0.002 0.033 0.010 0.014 0.004 
 57      295    (0)    1 :  0.006 0.004 0.006 0.001 0.929 0.004 0.003 0.004 0.003 0.003 0.001 0.025 0.004 0.005 0.003 
 58      296    (0)    1 :  0.003 0.004 0.009 0.003 0.933 0.004 0.005 0.004 0.004 0.008 0.002 0.003 0.004 0.004 0.009 
 59      872    (2)    1 :  0.005 0.006 0.094 0.006 0.839 0.006 0.004 0.005 0.007 0.004 0.005 0.004 0.005 0.006 0.005 
 60      873    (4)    1 :  0.003 0.015 0.033 0.004 0.842 0.013 0.010 0.014 0.003 0.012 0.003 0.003 0.015 0.009 0.021 
 61      874    (2)    1 :  0.009 0.004 0.012 0.001 0.922 0.008 0.002 0.005 0.002 0.007 0.001 0.006 0.004 0.011 0.004 
 62      875    (0)    1 :  0.004 0.005 0.014 0.018 0.915 0.005 0.005 0.005 0.002 0.005 0.003 0.005 0.005 0.004 0.003 
 63      876    (6)    1 :  0.007 0.008 0.005 0.001 0.876 0.010 0.005 0.021 0.011 0.018 0.002 0.013 0.008 0.011 0.005 
 64      212    (0)   10 :  0.004 0.002 0.003 0.001 0.002 0.003 0.002 0.002 0.964 0.003 0.002 0.004 0.003 0.003 0.003 
 65      213    (0)   10 :  0.003 0.004 0.002 0.003 0.004 0.005 0.008 0.003 0.941 0.006 0.002 0.007 0.004 0.006 0.003 
 66      214    (0)   10 :  0.007 0.005 0.006 0.001 0.004 0.005 0.002 0.006 0.940 0.006 0.003 0.002 0.005 0.005 0.002 
 67      215    (0)   10 :  0.003 0.004 0.005 0.003 0.005 0.004 0.003 0.004 0.945 0.004 0.002 0.008 0.004 0.004 0.003 
 68      216    (0)   10 :  0.003 0.003 0.002 0.002 0.005 0.003 0.004 0.003 0.956 0.002 0.001 0.005 0.003 0.004 0.004 
 69      217    (0)   10 :  0.005 0.005 0.004 0.002 0.005 0.005 0.004 0.003 0.937 0.009 0.002 0.004 0.005 0.005 0.006 
 70      218    (0)   10 :  0.003 0.003 0.002 0.002 0.003 0.003 0.002 0.003 0.962 0.003 0.003 0.003 0.003 0.003 0.004 
 71      332    (0)   10 :  0.010 0.006 0.007 0.005 0.010 0.008 0.003 0.016 0.865 0.011 0.002 0.008 0.007 0.008 0.034 
 72      333    (0)   10 :  0.008 0.013 0.013 0.010 0.011 0.011 0.004 0.028 0.851 0.010 0.008 0.007 0.013 0.007 0.006 
 73      334    (0)   10 :  0.004 0.004 0.002 0.003 0.007 0.005 0.003 0.007 0.938 0.005 0.002 0.004 0.004 0.005 0.006 
 74      335    (0)   10 :  0.005 0.003 0.002 0.002 0.002 0.003 0.001 0.003 0.964 0.003 0.002 0.004 0.003 0.003 0.002 
 75      336    (0)   10 :  0.002 0.002 0.005 0.014 0.003 0.003 0.004 0.005 0.948 0.002 0.002 0.002 0.002 0.003 0.003 
 76      337    (0)   10 :  0.003 0.005 0.008 0.002 0.009 0.004 0.002 0.010 0.934 0.006 0.003 0.003 0.005 0.004 0.002 
 77      673    (0)   10 :  0.002 0.001 0.001 0.001 0.002 0.001 0.001 0.002 0.980 0.001 0.001 0.002 0.001 0.001 0.001 
 78      674    (0)   10 :  0.004 0.005 0.005 0.002 0.003 0.005 0.002 0.005 0.943 0.003 0.002 0.003 0.005 0.005 0.007 
 79      675    (0)   10 :  0.003 0.004 0.002 0.004 0.003 0.005 0.004 0.005 0.946 0.003 0.002 0.006 0.004 0.005 0.003 
 80      676    (0)   10 :  0.006 0.004 0.002 0.001 0.003 0.005 0.001 0.006 0.939 0.007 0.002 0.008 0.004 0.005 0.005 
 81      677    (0)   10 :  0.004 0.003 0.003 0.003 0.006 0.003 0.002 0.004 0.954 0.004 0.002 0.003 0.003 0.003 0.002 
 82      678    (0)   10 :  0.007 0.012 0.012 0.004 0.007 0.009 0.004 0.003 0.900 0.007 0.003 0.008 0.012 0.009 0.003 
 83      679    (0)   10 :  0.004 0.007 0.002 0.002 0.004 0.006 0.001 0.007 0.906 0.005 0.025 0.002 0.007 0.006 0.015 
 84      680    (0)   10 :  0.008 0.005 0.003 0.005 0.004 0.006 0.003 0.013 0.925 0.004 0.002 0.006 0.005 0.006 0.007 
 85      681    (0)   10 :  0.003 0.005 0.003 0.002 0.006 0.005 0.002 0.006 0.938 0.007 0.002 0.005 0.005 0.005 0.004 
 86      682    (0)   10 :  0.002 0.002 0.002 0.004 0.002 0.002 0.003 0.002 0.968 0.002 0.002 0.002 0.002 0.002 0.002 
 87      683    (0)   10 :  0.005 0.005 0.003 0.002 0.005 0.005 0.004 0.007 0.937 0.004 0.003 0.004 0.005 0.004 0.006 
 88      684    (0)   10 :  0.007 0.005 0.003 0.003 0.002 0.005 0.002 0.006 0.943 0.003 0.002 0.005 0.005 0.005 0.003 
 89      685    (0)   10 :  0.003 0.006 0.006 0.003 0.003 0.005 0.003 0.009 0.936 0.005 0.005 0.003 0.006 0.005 0.003 
 90      686    (0)   10 :  0.002 0.002 0.002 0.003 0.002 0.002 0.002 0.003 0.967 0.002 0.004 0.002 0.002 0.002 0.002 
 91      687    (0)   10 :  0.002 0.002 0.002 0.002 0.002 0.002 0.002 0.004 0.969 0.002 0.001 0.003 0.002 0.002 0.002 
 92      688    (0)   10 :  0.015 0.003 0.004 0.002 0.006 0.004 0.003 0.005 0.936 0.004 0.001 0.004 0.003 0.005 0.004 
 93      070    (0)   11 :  0.003 0.005 0.003 0.954 0.002 0.004 0.001 0.003 0.002 0.003 0.007 0.002 0.005 0.004 0.002 
 94      071    (0)   11 :  0.003 0.003 0.002 0.957 0.002 0.003 0.006 0.004 0.006 0.003 0.001 0.003 0.003 0.003 0.002 
 95      072    (0)   11 :  0.002 0.002 0.002 0.972 0.001 0.002 0.003 0.002 0.001 0.002 0.005 0.002 0.002 0.002 0.001 
 96      151    (0)   11 :  0.002 0.001 0.001 0.979 0.001 0.002 0.001 0.002 0.001 0.001 0.002 0.002 0.001 0.002 0.001 
 97      152    (0)   11 :  0.004 0.005 0.002 0.949 0.003 0.005 0.005 0.004 0.002 0.005 0.002 0.005 0.005 0.004 0.002 
 98      153    (2)   11 :  0.001 0.001 0.002 0.980 0.001 0.001 0.001 0.002 0.001 0.001 0.002 0.001 0.001 0.001 0.001 
 99      788    (4)   11 :  0.003 0.003 0.001 0.942 0.002 0.003 0.003 0.002 0.002 0.002 0.027 0.003 0.003 0.003 0.001 
100      789    (2)   11 :  0.002 0.002 0.002 0.973 0.002 0.002 0.002 0.002 0.003 0.002 0.002 0.002 0.002 0.002 0.001 
101      790    (0)   11 :  0.001 0.002 0.002 0.975 0.002 0.002 0.003 0.002 0.001 0.002 0.001 0.002 0.002 0.002 0.001 
102      010    (0)   12 :  0.005 0.297 0.007 0.002 0.005 0.197 0.008 0.010 0.004 0.027 0.011 0.005 0.221 0.193 0.007 
103      024    (0)   12 :  0.062 0.274 0.006 0.006 0.006 0.215 0.005 0.011 0.010 0.015 0.050 0.011 0.248 0.073 0.008 
104      051    (0)   12 :  0.005 0.198 0.008 0.013 0.005 0.152 0.004 0.277 0.008 0.036 0.050 0.006 0.136 0.098 0.005 
105      090    (0)   12 :  0.013 0.244 0.008 0.007 0.007 0.178 0.003 0.062 0.005 0.114 0.021 0.018 0.226 0.080 0.013 
106      102    (0)   12 :  0.019 0.142 0.034 0.002 0.029 0.192 0.004 0.019 0.003 0.043 0.002 0.108 0.213 0.179 0.012 
107      111    (0)   12 :  0.030 0.230 0.025 0.002 0.006 0.192 0.069 0.012 0.004 0.081 0.004 0.006 0.199 0.136 0.005 
108      113    (0)   12 :  0.061 0.204 0.035 0.006 0.006 0.142 0.003 0.085 0.005 0.069 0.005 0.020 0.184 0.169 0.007 
109      138    (0)   12 :  0.007 0.093 0.003 0.047 0.009 0.066 0.002 0.017 0.076 0.546 0.005 0.013 0.080 0.032 0.003 
110      150    (0)   12 :  0.021 0.020 0.008 0.015 0.017 0.220 0.002 0.068 0.004 0.068 0.025 0.086 0.023 0.419 0.006 
111      173    (2)   12 :  0.035 0.215 0.007 0.021 0.005 0.127 0.008 0.219 0.012 0.030 0.021 0.019 0.181 0.063 0.039 
112      174    (2)   12 :  0.015 0.182 0.026 0.023 0.007 0.103 0.004 0.015 0.003 0.292 0.027 0.003 0.136 0.159 0.005 
113      175    (0)   12 :  0.006 0.298 0.014 0.006 0.003 0.176 0.002 0.037 0.003 0.024 0.070 0.008 0.220 0.129 0.006 
114      176    (0)   12 :  0.009 0.295 0.018 0.005 0.015 0.142 0.007 0.007 0.010 0.017 0.004 0.005 0.263 0.201 0.003 
115      177    (0)   12 :  0.049 0.184 0.009 0.003 0.003 0.132 0.002 0.288 0.002 0.055 0.010 0.009 0.129 0.122 0.004 
116      180    (0)   12 :  0.007 0.173 0.123 0.004 0.027 0.139 0.005 0.142 0.006 0.138 0.002 0.006 0.132 0.091 0.004 
117      184    (0)   12 :  0.020 0.120 0.004 0.015 0.006 0.113 0.005 0.015 0.005 0.434 0.009 0.017 0.120 0.074 0.044 
118      195    (0)   12 :  0.010 0.303 0.004 0.005 0.005 0.212 0.035 0.015 0.014 0.019 0.007 0.012 0.229 0.125 0.005 
119      198    (0)   12 :  0.007 0.185 0.017 0.003 0.011 0.144 0.035 0.021 0.007 0.319 0.009 0.008 0.164 0.069 0.003 
120      203    (0)   12 :  0.014 0.312 0.010 0.009 0.007 0.241 0.003 0.011 0.005 0.013 0.002 0.008 0.244 0.111 0.010 
121      211    (0)   12 :  0.031 0.258 0.004 0.003 0.027 0.144 0.003 0.008 0.082 0.025 0.003 0.010 0.218 0.179 0.004 
122      220    (0)   12 :  0.074 0.155 0.009 0.002 0.004 0.210 0.008 0.088 0.010 0.048 0.005 0.026 0.144 0.207 0.011 
123      233    (0)   12 :  0.018 0.203 0.004 0.006 0.009 0.144 0.002 0.020 0.053 0.016 0.002 0.249 0.191 0.059 0.025 
124      331    (0)   12 :  0.012 0.279 0.006 0.007 0.005 0.234 0.008 0.033 0.005 0.024 0.025 0.006 0.239 0.111 0.008 
125      349    (0)   12 :  0.006 0.098 0.011 0.009 0.008 0.087 0.006 0.049 0.006 0.014 0.104 0.014 0.093 0.040 0.456 
126      410    (0)   12 :  0.008 0.226 0.010 0.003 0.008 0.145 0.003 0.018 0.023 0.269 0.005 0.003 0.218 0.057 0.005 
127      417    (2)   12 :  0.004 0.199 0.008 0.002 0.030 0.169 0.008 0.007 0.005 0.164 0.005 0.009 0.269 0.115 0.007 
128      421    (0)   13 :  0.015 0.007 0.003 0.002 0.008 0.007 0.057 0.005 0.005 0.007 0.001 0.861 0.007 0.006 0.008 
129      423    (0)   13 :  0.004 0.298 0.010 0.008 0.006 0.246 0.003 0.010 0.002 0.037 0.008 0.004 0.220 0.117 0.026 
130      424    (0)   13 :  0.019 0.105 0.033 0.002 0.016 0.078 0.005 0.406 0.003 0.177 0.011 0.006 0.098 0.033 0.008 
131      433    (0)   13 :  0.026 0.065 0.005 0.002 0.004 0.133 0.003 0.008 0.016 0.177 0.009 0.244 0.116 0.190 0.004 
132      462    (0)   13 :  0.018 0.183 0.009 0.002 0.007 0.143 0.006 0.093 0.021 0.087 0.005 0.111 0.183 0.119 0.013 
133      463    (0)   13 :  0.008 0.273 0.006 0.003 0.013 0.160 0.020 0.008 0.004 0.101 0.027 0.007 0.201 0.109 0.060 
134      467    (0)   13 :  0.210 0.019 0.006 0.007 0.028 0.074 0.004 0.015 0.012 0.008 0.008 0.438 0.021 0.132 0.018 
135      468    (0)   13 :  0.012 0.008 0.007 0.003 0.015 0.012 0.025 0.007 0.002 0.006 0.002 0.105 0.008 0.017 0.771 
136      469    (0)   13 :  0.056 0.118 0.009 0.002 0.059 0.146 0.033 0.006 0.002 0.082 0.002 0.212 0.155 0.114 0.003 
137      472    (0)   13 :  0.005 0.266 0.002 0.004 0.007 0.169 0.015 0.009 0.008 0.037 0.022 0.037 0.301 0.112 0.007 
138      473    (0)   13 :  0.014 0.028 0.004 0.003 0.003 0.024 0.006 0.007 0.008 0.022 0.010 0.005 0.030 0.015 0.821 
139      474    (0)   13 :  0.011 0.003 0.003 0.001 0.007 0.280 0.002 0.004 0.007 0.011 0.001 0.020 0.004 0.558 0.087 
140      475    (0)   13 :  0.031 0.143 0.006 0.003 0.004 0.103 0.003 0.010 0.003 0.039 0.017 0.409 0.113 0.092 0.025 
141      476    (2)   13 :  0.030 0.007 0.006 0.008 0.003 0.271 0.002 0.005 0.011 0.004 0.013 0.006 0.006 0.536 0.092 
142      477    (0)   13 :  0.007 0.220 0.005 0.005 0.008 0.219 0.004 0.007 0.018 0.015 0.009 0.024 0.347 0.097 0.014 
143      478    (0)   13 :  0.289 0.175 0.046 0.002 0.012 0.150 0.003 0.016 0.002 0.010 0.003 0.015 0.205 0.066 0.004 
144      479    (0)   13 :  0.004 0.012 0.005 0.003 0.015 0.161 0.013 0.010 0.003 0.303 0.001 0.125 0.012 0.328 0.005 
145      480    (0)   13 :  0.015 0.006 0.004 0.002 0.002 0.006 0.001 0.005 0.002 0.006 0.002 0.923 0.006 0.007 0.012 
146      481    (0)   13 :  0.009 0.203 0.011 0.042 0.006 0.160 0.004 0.014 0.003 0.172 0.008 0.032 0.205 0.113 0.018 
147      482    (0)   13 :  0.163 0.180 0.005 0.002 0.004 0.107 0.085 0.018 0.054 0.104 0.005 0.025 0.149 0.096 0.004 
148      489    (0)   13 :  0.015 0.291 0.006 0.004 0.004 0.188 0.006 0.007 0.014 0.052 0.030 0.038 0.205 0.116 0.022 
149      490    (0)   13 :  0.020 0.017 0.008 0.003 0.017 0.011 0.005 0.011 0.003 0.863 0.005 0.007 0.015 0.011 0.003 
150      491    (0)   13 :  0.010 0.201 0.004 0.010 0.005 0.143 0.009 0.097 0.123 0.119 0.002 0.023 0.184 0.060 0.010 
151      492    (0)   13 :  0.028 0.016 0.039 0.003 0.013 0.252 0.003 0.008 0.009 0.009 0.008 0.009 0.015 0.496 0.093 
152      493    (0)   13 :  0.005 0.042 0.004 0.009 0.009 0.242 0.005 0.019 0.005 0.008 0.014 0.154 0.054 0.424 0.006 
153      494    (0)   13 :  0.009 0.079 0.004 0.027 0.005 0.074 0.012 0.016 0.038 0.248 0.028 0.322 0.071 0.058 0.009 
154      498    (0)   13 :  0.007 0.226 0.013 0.007 0.024 0.151 0.003 0.007 0.004 0.149 0.011 0.011 0.220 0.117 0.049 
155      499    (0)   13 :  0.052 0.297 0.005 0.004 0.011 0.203 0.003 0.049 0.007 0.029 0.008 0.007 0.218 0.102 0.006 
156      709    (0)   13 :  0.021 0.216 0.009 0.075 0.009 0.143 0.018 0.011 0.011 0.188 0.014 0.006 0.211 0.062 0.004 
157      710    (4)   13 :  0.006 0.089 0.004 0.006 0.009 0.128 0.012 0.003 0.003 0.020 0.086 0.395 0.181 0.052 0.006 
158      711    (2)   13 :  0.007 0.213 0.065 0.006 0.016 0.169 0.024 0.100 0.004 0.043 0.003 0.022 0.238 0.084 0.006 
159      712    (4)   13 :  0.006 0.008 0.006 0.002 0.007 0.008 0.004 0.008 0.003 0.917 0.002 0.009 0.009 0.007 0.003 
160      713    (0)   13 :  0.007 0.310 0.005 0.004 0.004 0.262 0.021 0.008 0.007 0.012 0.024 0.003 0.236 0.088 0.010 
161      714    (2)   13 :  0.019 0.025 0.008 0.017 0.011 0.110 0.005 0.019 0.002 0.007 0.009 0.489 0.026 0.210 0.043 
162      715    (4)   13 :  0.102 0.018 0.016 0.014 0.037 0.020 0.015 0.027 0.037 0.031 0.004 0.634 0.021 0.022 0.003 
163      716    (0)   13 :  0.026 0.016 0.005 0.002 0.003 0.208 0.005 0.005 0.004 0.014 0.002 0.260 0.018 0.428 0.005 
164      717    (2)   13 :  0.525 0.080 0.090 0.003 0.007 0.070 0.010 0.013 0.009 0.016 0.005 0.023 0.090 0.045 0.011 
165      718    (4)   13 :  0.005 0.028 0.006 0.002 0.011 0.020 0.009 0.017 0.002 0.827 0.003 0.030 0.021 0.015 0.004 
166      719    (0)   13 :  0.005 0.003 0.002 0.001 0.003 0.004 0.004 0.002 0.002 0.004 0.002 0.958 0.004 0.004 0.003 
167      720    (2)   13 :  0.094 0.037 0.006 0.002 0.007 0.046 0.010 0.011 0.017 0.009 0.010 0.630 0.073 0.035 0.014 
168      721    (0)   13 :  0.026 0.087 0.006 0.035 0.005 0.222 0.013 0.019 0.006 0.026 0.007 0.045 0.101 0.364 0.040 
169      722    (4)   13 :  0.083 0.005 0.006 0.002 0.009 0.014 0.018 0.005 0.002 0.008 0.001 0.759 0.012 0.028 0.048 
170      723    (0)   13 :  0.013 0.016 0.006 0.007 0.003 0.017 0.002 0.003 0.005 0.006 0.003 0.880 0.017 0.021 0.002 
171      724    (0)   13 :  0.025 0.017 0.012 0.005 0.014 0.074 0.058 0.006 0.009 0.008 0.018 0.618 0.020 0.106 0.010 
172      725    (0)   13 :  0.019 0.255 0.009 0.004 0.005 0.170 0.009 0.012 0.010 0.024 0.019 0.024 0.276 0.149 0.016 
173      726    (0)   13 :  0.020 0.146 0.003 0.006 0.004 0.246 0.011 0.008 0.005 0.017 0.013 0.025 0.219 0.238 0.041 
174      727    (0)   13 :  0.020 0.131 0.003 0.009 0.005 0.209 0.008 0.013 0.011 0.072 0.002 0.015 0.133 0.359 0.008 
175      728    (2)   13 :  0.012 0.263 0.014 0.090 0.008 0.172 0.010 0.011 0.006 0.009 0.006 0.011 0.279 0.105 0.003 
176      729    (6)   13 :  0.054 0.248 0.005 0.005 0.006 0.182 0.004 0.016 0.004 0.065 0.004 0.020 0.334 0.050 0.004 
177      730    (2)   13 :  0.029 0.043 0.009 0.007 0.011 0.026 0.013 0.012 0.005 0.740 0.003 0.030 0.042 0.029 0.002 
178      731    (2)   13 :  0.004 0.031 0.004 0.002 0.008 0.018 0.004 0.005 0.002 0.880 0.004 0.005 0.019 0.010 0.005 
179      732    (0)   13 :  0.015 0.211 0.013 0.002 0.010 0.170 0.006 0.011 0.005 0.013 0.008 0.022 0.241 0.263 0.009 
180      733    (0)   13 :  0.038 0.183 0.011 0.005 0.014 0.145 0.049 0.016 0.003 0.110 0.018 0.055 0.256 0.095 0.003 
181      734    (2)   13 :  0.154 0.145 0.007 0.008 0.011 0.104 0.001 0.095 0.090 0.071 0.045 0.007 0.161 0.096 0.004 
182      735    (4)   13 :  0.012 0.214 0.008 0.003 0.005 0.172 0.008 0.032 0.008 0.148 0.002 0.065 0.203 0.067 0.052 
183      736    (2)   13 :  0.007 0.184 0.005 0.017 0.004 0.116 0.003 0.019 0.023 0.356 0.010 0.006 0.141 0.104 0.004 
184      737    (0)   13 :  0.005 0.056 0.031 0.013 0.011 0.029 0.004 0.015 0.003 0.746 0.003 0.003 0.040 0.026 0.014 
185      738    (2)   13 :  0.006 0.138 0.005 0.003 0.008 0.098 0.003 0.081 0.005 0.454 0.005 0.008 0.116 0.067 0.004 
186      739    (8)   13 :  0.011 0.050 0.005 0.014 0.008 0.028 0.004 0.011 0.006 0.759 0.002 0.032 0.032 0.028 0.009 
187      740    (4)   13 :  0.007 0.065 0.005 0.002 0.005 0.051 0.015 0.004 0.003 0.633 0.006 0.103 0.060 0.039 0.004 
188      741    (2)   13 :  0.118 0.114 0.100 0.002 0.071 0.078 0.031 0.011 0.029 0.207 0.013 0.030 0.120 0.046 0.031 
189      742    (4)   13 :  0.008 0.113 0.019 0.006 0.012 0.092 0.002 0.086 0.005 0.470 0.007 0.015 0.102 0.057 0.006 
190      743    (2)   13 :  0.843 0.009 0.004 0.002 0.006 0.016 0.003 0.007 0.011 0.008 0.002 0.045 0.010 0.030 0.003 
191      744    (0)   13 :  0.024 0.171 0.005 0.026 0.005 0.125 0.004 0.007 0.005 0.028 0.117 0.244 0.130 0.106 0.004 
192      745    (0)   13 :  0.036 0.091 0.029 0.015 0.054 0.079 0.015 0.008 0.005 0.028 0.003 0.501 0.089 0.038 0.008 
193      746    (2)   13 :  0.003 0.174 0.038 0.004 0.004 0.120 0.012 0.011 0.005 0.381 0.005 0.011 0.182 0.045 0.005 
194      747    (2)   13 :  0.004 0.098 0.008 0.005 0.036 0.069 0.006 0.063 0.024 0.502 0.005 0.016 0.097 0.053 0.015 
195      748    (0)   13 :  0.005 0.147 0.033 0.006 0.109 0.133 0.018 0.083 0.017 0.036 0.013 0.006 0.140 0.105 0.150 
196      749    (2)   13 :  0.035 0.197 0.011 0.010 0.017 0.124 0.050 0.134 0.021 0.024 0.154 0.012 0.161 0.046 0.003 
197      750    (4)   13 :  0.049 0.239 0.027 0.005 0.010 0.200 0.006 0.014 0.005 0.115 0.014 0.008 0.213 0.090 0.005 
198      751    (0)   13 :  0.023 0.256 0.007 0.015 0.011 0.210 0.009 0.073 0.007 0.047 0.002 0.015 0.242 0.071 0.012 
199      752    (2)   13 :  0.008 0.007 0.005 0.001 0.011 0.015 0.003 0.005 0.003 0.016 0.002 0.104 0.007 0.025 0.787 
200      753    (4)   13 :  0.011 0.193 0.006 0.012 0.028 0.192 0.016 0.043 0.034 0.015 0.004 0.057 0.216 0.102 0.071 
201      754    (2)   13 :  0.008 0.006 0.003 0.003 0.003 0.005 0.002 0.004 0.003 0.942 0.005 0.003 0.005 0.006 0.002 
202      155    (0)   14 :  0.010 0.306 0.007 0.004 0.022 0.221 0.006 0.008 0.032 0.017 0.010 0.010 0.248 0.093 0.007 
203      156    (2)   14 :  0.036 0.231 0.006 0.104 0.014 0.132 0.006 0.009 0.005 0.018 0.010 0.009 0.215 0.202 0.004 
204      157    (2)   14 :  0.023 0.019 0.005 0.002 0.004 0.016 0.004 0.008 0.010 0.809 0.032 0.008 0.026 0.015 0.019 
205      158    (0)   14 :  0.005 0.293 0.009 0.004 0.007 0.160 0.006 0.033 0.007 0.015 0.005 0.031 0.256 0.167 0.003 
206      159    (0)   14 :  0.005 0.235 0.007 0.010 0.013 0.172 0.109 0.011 0.003 0.106 0.016 0.016 0.212 0.075 0.009 
207      160    (0)   14 :  0.020 0.023 0.003 0.003 0.016 0.231 0.004 0.031 0.009 0.153 0.003 0.024 0.032 0.441 0.007 
208      161    (0)   14 :  0.018 0.064 0.003 0.003 0.006 0.063 0.009 0.010 0.008 0.425 0.227 0.026 0.084 0.046 0.008 
209      162    (0)   14 :  0.326 0.166 0.007 0.005 0.009 0.144 0.002 0.018 0.005 0.005 0.003 0.028 0.108 0.156 0.018 
210      163    (2)   14 :  0.013 0.234 0.008 0.009 0.003 0.157 0.002 0.057 0.003 0.131 0.003 0.007 0.175 0.186 0.013 
211      164    (0)   14 :  0.011 0.251 0.010 0.002 0.062 0.185 0.005 0.015 0.018 0.060 0.018 0.031 0.231 0.070 0.033 
212      165    (2)   14 :  0.006 0.234 0.006 0.004 0.006 0.129 0.004 0.003 0.004 0.072 0.018 0.006 0.276 0.226 0.005 
213      427    (0)   14 :  0.013 0.011 0.003 0.008 0.005 0.013 0.023 0.013 0.086 0.007 0.005 0.783 0.012 0.015 0.004 
214      428    (0)   14 :  0.008 0.007 0.004 0.003 0.007 0.016 0.013 0.028 0.004 0.004 0.002 0.852 0.009 0.024 0.018 
215      429    (0)   14 :  0.577 0.010 0.008 0.003 0.005 0.009 0.007 0.005 0.003 0.005 0.001 0.343 0.008 0.009 0.007 
216      430    (0)   14 :  0.025 0.168 0.052 0.002 0.025 0.204 0.005 0.078 0.004 0.034 0.006 0.016 0.173 0.175 0.033 
217      431    (0)   14 :  0.235 0.026 0.023 0.002 0.047 0.119 0.007 0.013 0.005 0.014 0.003 0.244 0.026 0.230 0.006 
218      435    (0)   14 :  0.359 0.005 0.004 0.002 0.003 0.018 0.003 0.004 0.002 0.006 0.002 0.548 0.006 0.031 0.008 
219      436    (0)   14 :  0.029 0.006 0.004 0.002 0.007 0.218 0.007 0.004 0.003 0.004 0.003 0.259 0.006 0.445 0.003 
220      437    (0)   14 :  0.010 0.017 0.007 0.002 0.060 0.179 0.026 0.005 0.005 0.009 0.003 0.283 0.034 0.352 0.010 
221      438    (0)   14 :  0.017 0.022 0.018 0.008 0.035 0.056 0.012 0.017 0.002 0.015 0.004 0.634 0.038 0.086 0.036 
222      439    (0)   14 :  0.044 0.118 0.035 0.005 0.010 0.111 0.004 0.016 0.004 0.173 0.002 0.200 0.122 0.114 0.040 
223      441    (0)   14 :  0.003 0.003 0.005 0.001 0.003 0.003 0.001 0.003 0.003 0.002 0.002 0.006 0.003 0.003 0.960 
224      442    (0)   14 :  0.101 0.014 0.003 0.006 0.011 0.014 0.002 0.012 0.195 0.005 0.002 0.591 0.018 0.011 0.015 
225      443    (4)   14 :  0.004 0.005 0.004 0.002 0.008 0.006 0.003 0.009 0.002 0.010 0.002 0.925 0.005 0.006 0.010 
226      444    (4)   14 :  0.013 0.008 0.003 0.004 0.007 0.007 0.008 0.007 0.009 0.005 0.005 0.909 0.007 0.007 0.002 
227      445    (2)   14 :  0.007 0.061 0.005 0.008 0.051 0.080 0.010 0.004 0.004 0.008 0.003 0.564 0.141 0.043 0.011 
228      446    (0)   14 :  0.939 0.004 0.003 0.003 0.003 0.004 0.002 0.005 0.004 0.004 0.002 0.015 0.004 0.005 0.002 
229      447    (0)   14 :  0.416 0.016 0.003 0.004 0.026 0.024 0.008 0.008 0.006 0.017 0.001 0.413 0.017 0.039 0.003 
230      449    (0)   14 :  0.006 0.004 0.004 0.002 0.005 0.005 0.003 0.003 0.005 0.003 0.001 0.946 0.004 0.007 0.003 
231      460    (0)   14 :  0.097 0.030 0.008 0.002 0.018 0.029 0.007 0.007 0.006 0.009 0.006 0.591 0.036 0.029 0.125 
232      461    (0)   14 :  0.029 0.090 0.015 0.002 0.026 0.141 0.007 0.058 0.008 0.150 0.005 0.162 0.108 0.191 0.007 
233      484    (0)   14 :  0.062 0.090 0.179 0.008 0.137 0.055 0.004 0.187 0.013 0.085 0.004 0.045 0.082 0.034 0.014 
234      485    (0)   14 :  0.011 0.011 0.004 0.002 0.004 0.026 0.002 0.003 0.004 0.013 0.003 0.849 0.011 0.050 0.008 
235      486    (0)   14 :  0.002 0.002 0.002 0.001 0.002 0.002 0.001 0.002 0.002 0.001 0.001 0.002 0.002 0.002 0.977 
236      487    (0)   14 :  0.128 0.074 0.008 0.003 0.006 0.135 0.006 0.014 0.011 0.023 0.002 0.327 0.075 0.177 0.012 
237      178    (0)   15 :  0.036 0.075 0.003 0.005 0.004 0.184 0.003 0.011 0.006 0.030 0.012 0.201 0.149 0.269 0.012 
238      422    (0)   15 :  0.283 0.010 0.006 0.003 0.016 0.019 0.003 0.006 0.003 0.033 0.002 0.569 0.011 0.033 0.004 
239      425    (0)   15 :  0.785 0.012 0.002 0.001 0.004 0.048 0.006 0.006 0.003 0.010 0.002 0.022 0.012 0.083 0.005 
240      426    (0)   15 :  0.109 0.125 0.005 0.116 0.004 0.095 0.003 0.257 0.021 0.041 0.025 0.014 0.100 0.083 0.004 
241      432    (0)   15 :  0.024 0.174 0.009 0.008 0.011 0.143 0.009 0.047 0.009 0.022 0.005 0.295 0.170 0.065 0.010 
242      434    (0)   15 :  0.956 0.003 0.004 0.002 0.003 0.003 0.004 0.004 0.003 0.003 0.001 0.007 0.003 0.003 0.003 
243      440    (0)   15 :  0.401 0.085 0.008 0.002 0.005 0.109 0.002 0.036 0.014 0.007 0.003 0.060 0.104 0.136 0.029 
244      448    (2)   15 :  0.021 0.007 0.020 0.002 0.009 0.007 0.031 0.010 0.013 0.010 0.002 0.849 0.007 0.007 0.006 
245      456    (0)   15 :  0.054 0.163 0.083 0.003 0.082 0.152 0.004 0.021 0.009 0.011 0.003 0.052 0.154 0.205 0.005 
246      457    (0)   15 :  0.039 0.086 0.029 0.005 0.018 0.120 0.008 0.021 0.005 0.017 0.003 0.392 0.086 0.136 0.034 
247      458    (0)   15 :  0.031 0.115 0.005 0.007 0.011 0.196 0.005 0.048 0.017 0.113 0.004 0.024 0.103 0.310 0.011 
248      459    (0)   15 :  0.010 0.010 0.004 0.003 0.007 0.010 0.002 0.012 0.005 0.013 0.004 0.893 0.011 0.009 0.007 
249      464    (0)   15 :  0.159 0.015 0.004 0.005 0.004 0.061 0.003 0.005 0.010 0.007 0.013 0.564 0.015 0.123 0.013 
250      465    (0)   15 :  0.473 0.008 0.006 0.001 0.004 0.152 0.002 0.004 0.002 0.011 0.003 0.012 0.009 0.304 0.009 
251      466    (0)   15 :  0.033 0.025 0.007 0.002 0.023 0.050 0.016 0.009 0.004 0.023 0.002 0.667 0.069 0.058 0.013 
252      470    (0)   15 :  0.018 0.008 0.006 0.002 0.004 0.102 0.003 0.011 0.006 0.008 0.003 0.527 0.008 0.206 0.088 
253      471    (0)   15 :  0.488 0.033 0.028 0.037 0.008 0.028 0.022 0.049 0.003 0.010 0.004 0.221 0.034 0.027 0.007 
254      483    (0)   15 :  0.839 0.007 0.004 0.003 0.004 0.006 0.002 0.008 0.006 0.015 0.005 0.086 0.006 0.006 0.005 
255      488    (0)   15 :  0.008 0.010 0.003 0.002 0.009 0.283 0.002 0.006 0.004 0.044 0.002 0.042 0.015 0.550 0.019 
256      495    (0)   15 :  0.864 0.007 0.015 0.001 0.014 0.018 0.002 0.006 0.002 0.013 0.003 0.015 0.007 0.031 0.003 
257      496    (0)   15 :  0.096 0.011 0.004 0.002 0.002 0.256 0.005 0.005 0.002 0.027 0.003 0.040 0.013 0.519 0.013 
258      497    (0)   15 :  0.893 0.007 0.019 0.002 0.005 0.007 0.003 0.002 0.025 0.004 0.003 0.014 0.007 0.006 0.002 
259      500    (0)   15 :  0.009 0.068 0.024 0.004 0.483 0.052 0.015 0.008 0.003 0.058 0.062 0.063 0.061 0.054 0.037 
260      879    (0)   15 :  0.854 0.005 0.002 0.002 0.003 0.004 0.001 0.008 0.007 0.006 0.003 0.090 0.004 0.005 0.005 
261      036    (0)   16 :  0.009 0.340 0.004 0.004 0.006 0.204 0.011 0.005 0.002 0.025 0.003 0.018 0.298 0.067 0.005 
262      063    (2)   16 :  0.011 0.232 0.035 0.004 0.013 0.154 0.003 0.045 0.014 0.070 0.003 0.038 0.218 0.150 0.011 
263      094    (4)   16 :  0.007 0.112 0.012 0.005 0.080 0.099 0.011 0.017 0.009 0.396 0.012 0.023 0.111 0.098 0.007 
264      103    (4)   16 :  0.006 0.231 0.021 0.003 0.004 0.125 0.004 0.003 0.005 0.076 0.011 0.007 0.276 0.221 0.007 
265      112    (0)   16 :  0.008 0.167 0.007 0.004 0.007 0.106 0.003 0.045 0.006 0.427 0.007 0.006 0.135 0.062 0.010 
266      114    (2)   16 :  0.017 0.298 0.004 0.003 0.004 0.178 0.008 0.004 0.004 0.106 0.003 0.011 0.230 0.115 0.014 
267      120    (0)   16 :  0.006 0.023 0.006 0.002 0.013 0.029 0.011 0.013 0.004 0.815 0.003 0.007 0.023 0.037 0.006 
268      127    (2)   16 :  0.007 0.226 0.005 0.003 0.008 0.199 0.005 0.087 0.006 0.050 0.007 0.005 0.183 0.119 0.090 
269      147    (0)   16 :  0.015 0.225 0.005 0.052 0.003 0.123 0.005 0.257 0.006 0.031 0.008 0.015 0.185 0.062 0.007 
270      166    (0)   16 :  0.010 0.168 0.012 0.028 0.006 0.163 0.004 0.116 0.018 0.054 0.078 0.028 0.154 0.157 0.004 
271      167    (0)   16 :  0.350 0.148 0.058 0.005 0.007 0.112 0.014 0.007 0.005 0.024 0.006 0.019 0.117 0.099 0.029 
272      168    (0)   16 :  0.014 0.275 0.004 0.003 0.004 0.245 0.015 0.004 0.004 0.018 0.013 0.014 0.295 0.088 0.003 
273      169    (2)   16 :  0.253 0.147 0.006 0.006 0.009 0.134 0.006 0.051 0.004 0.051 0.004 0.043 0.122 0.159 0.005 
274      170    (0)   16 :  0.010 0.246 0.006 0.005 0.026 0.164 0.004 0.019 0.035 0.086 0.041 0.017 0.201 0.119 0.022 
275      171    (2)   16 :  0.006 0.248 0.008 0.011 0.069 0.123 0.003 0.024 0.004 0.023 0.005 0.007 0.232 0.234 0.003 
276      172    (0)   16 :  0.013 0.021 0.011 0.014 0.014 0.028 0.012 0.014 0.004 0.801 0.004 0.007 0.023 0.031 0.002 
277      185    (0)   16 :  0.047 0.268 0.009 0.004 0.004 0.152 0.002 0.031 0.005 0.012 0.004 0.073 0.244 0.128 0.015 
278      199    (2)   16 :  0.004 0.201 0.003 0.005 0.006 0.210 0.006 0.007 0.213 0.008 0.011 0.006 0.204 0.105 0.009 
279      339    (0)   16 :  0.381 0.104 0.014 0.006 0.006 0.146 0.002 0.011 0.008 0.007 0.002 0.013 0.071 0.221 0.008 
280      355    (0)   16 :  0.003 0.281 0.005 0.012 0.003 0.238 0.002 0.010 0.075 0.007 0.031 0.004 0.209 0.114 0.004 
281      356    (0)   16 :  0.006 0.030 0.003 0.003 0.004 0.026 0.006 0.006 0.005 0.684 0.155 0.004 0.030 0.017 0.021 
282      357    (0)   16 :  0.007 0.263 0.004 0.012 0.007 0.168 0.009 0.020 0.016 0.098 0.006 0.007 0.262 0.095 0.026 
283      358    (0)   16 :  0.011 0.320 0.050 0.006 0.008 0.210 0.002 0.012 0.004 0.008 0.004 0.012 0.271 0.064 0.018 
284      359    (0)   16 :  0.016 0.236 0.020 0.002 0.004 0.162 0.002 0.019 0.009 0.251 0.005 0.005 0.195 0.072 0.003 
285      360    (0)   16 :  0.019 0.283 0.003 0.010 0.014 0.179 0.005 0.021 0.005 0.023 0.019 0.022 0.245 0.146 0.006 
286      361    (0)   16 :  0.051 0.025 0.007 0.002 0.005 0.030 0.003 0.012 0.003 0.775 0.003 0.018 0.028 0.034 0.004 
287      362    (0)   16 :  0.114 0.154 0.012 0.005 0.227 0.122 0.002 0.085 0.006 0.052 0.013 0.025 0.130 0.049 0.003 
288      363    (0)   16 :  0.011 0.125 0.010 0.012 0.006 0.091 0.005 0.478 0.046 0.029 0.008 0.015 0.110 0.041 0.011 
289      364    (0)   16 :  0.005 0.130 0.008 0.003 0.350 0.102 0.004 0.013 0.037 0.041 0.098 0.009 0.108 0.073 0.019 
290      365    (0)   16 :  0.010 0.215 0.006 0.010 0.024 0.195 0.002 0.006 0.003 0.026 0.068 0.050 0.247 0.129 0.009 
291      366    (0)   16 :  0.004 0.303 0.013 0.028 0.004 0.200 0.002 0.015 0.003 0.127 0.005 0.005 0.234 0.055 0.003 
292      367    (0)   16 :  0.004 0.252 0.017 0.010 0.012 0.257 0.005 0.005 0.002 0.015 0.002 0.008 0.249 0.130 0.031 
293      368    (0)   16 :  0.004 0.263 0.020 0.012 0.034 0.167 0.008 0.007 0.003 0.008 0.066 0.005 0.194 0.158 0.051 
294      369    (0)   16 :  0.005 0.300 0.005 0.004 0.003 0.202 0.002 0.008 0.004 0.010 0.016 0.004 0.206 0.229 0.003 
295      370    (0)   16 :  0.013 0.090 0.044 0.012 0.005 0.069 0.012 0.015 0.007 0.506 0.079 0.017 0.087 0.040 0.005 
296      371    (0)   16 :  0.009 0.296 0.009 0.003 0.015 0.259 0.005 0.004 0.006 0.010 0.002 0.011 0.240 0.127 0.003 
297      372    (0)   16 :  0.012 0.017 0.003 0.004 0.012 0.034 0.003 0.049 0.339 0.013 0.006 0.438 0.015 0.052 0.002 
298      373    (0)   16 :  0.020 0.175 0.009 0.003 0.007 0.132 0.004 0.005 0.031 0.111 0.105 0.037 0.265 0.095 0.002 
299      380    (0)   16 :  0.006 0.248 0.009 0.006 0.018 0.170 0.042 0.042 0.010 0.083 0.011 0.009 0.255 0.088 0.002 
300      388    (0)   16 :  0.007 0.125 0.011 0.007 0.011 0.080 0.005 0.026 0.021 0.518 0.041 0.008 0.112 0.024 0.004 
301      418    (0)   16 :  0.006 0.215 0.004 0.006 0.016 0.208 0.030 0.018 0.042 0.029 0.006 0.013 0.328 0.070 0.009 
302      419    (0)   16 :  0.008 0.222 0.006 0.005 0.005 0.231 0.010 0.007 0.003 0.022 0.006 0.029 0.354 0.081 0.010 
303      420    (0)   16 :  0.021 0.189 0.012 0.046 0.047 0.145 0.003 0.015 0.064 0.078 0.006 0.088 0.200 0.075 0.010 
304      409    (0)   17 :  0.006 0.190 0.006 0.002 0.007 0.139 0.111 0.012 0.004 0.058 0.005 0.025 0.245 0.185 0.007 
305      414    (0)   17 :  0.012 0.217 0.007 0.002 0.014 0.170 0.016 0.013 0.007 0.008 0.002 0.005 0.302 0.218 0.007 
306      415    (2)   17 :  0.007 0.285 0.011 0.003 0.006 0.210 0.004 0.011 0.014 0.029 0.014 0.005 0.220 0.146 0.034 
307      416    (0)   17 :  0.019 0.182 0.031 0.003 0.029 0.172 0.084 0.012 0.011 0.013 0.003 0.039 0.292 0.106 0.004 
308      571    (0)    2 :  0.012 0.006 0.016 0.004 0.854 0.007 0.004 0.026 0.004 0.005 0.002 0.021 0.006 0.007 0.026 
309      572    (0)    2 :  0.006 0.014 0.047 0.006 0.812 0.012 0.008 0.038 0.004 0.008 0.004 0.003 0.016 0.009 0.012 
310      573    (2)    2 :  0.005 0.007 0.006 0.001 0.936 0.006 0.004 0.003 0.003 0.005 0.001 0.005 0.007 0.005 0.009 
311      574    (0)    2 :  0.007 0.010 0.009 0.003 0.903 0.009 0.013 0.005 0.002 0.006 0.008 0.005 0.009 0.008 0.004 
312      575    (2)    2 :  0.006 0.015 0.014 0.008 0.816 0.011 0.005 0.066 0.008 0.006 0.006 0.009 0.015 0.009 0.006 
313      576    (0)    2 :  0.003 0.003 0.005 0.001 0.964 0.003 0.003 0.003 0.002 0.002 0.001 0.003 0.003 0.003 0.003 
314      577    (0)    2 :  0.012 0.006 0.015 0.002 0.900 0.007 0.008 0.006 0.008 0.004 0.002 0.005 0.007 0.007 0.010 
315      578    (0)    2 :  0.006 0.003 0.004 0.002 0.903 0.004 0.048 0.004 0.008 0.002 0.001 0.004 0.003 0.004 0.004 
316      579    (0)    2 :  0.008 0.003 0.003 0.002 0.940 0.006 0.007 0.004 0.004 0.003 0.001 0.007 0.003 0.008 0.002 
317      580    (0)    2 :  0.004 0.003 0.003 0.002 0.963 0.003 0.002 0.003 0.002 0.003 0.001 0.003 0.003 0.003 0.002 
318      581    (0)    2 :  0.006 0.003 0.007 0.003 0.943 0.004 0.014 0.003 0.002 0.002 0.001 0.005 0.003 0.004 0.002 
319      582    (4)    2 :  0.044 0.021 0.012 0.051 0.765 0.017 0.003 0.007 0.017 0.013 0.004 0.010 0.020 0.015 0.002 
320      583    (0)    2 :  0.056 0.100 0.009 0.010 0.502 0.068 0.004 0.042 0.016 0.026 0.002 0.011 0.098 0.038 0.018 
321      584    (0)    2 :  0.033 0.008 0.006 0.003 0.856 0.008 0.013 0.007 0.007 0.007 0.002 0.029 0.008 0.009 0.005 
322      585    (0)    2 :  0.010 0.004 0.011 0.002 0.931 0.005 0.002 0.006 0.002 0.003 0.001 0.005 0.004 0.005 0.009 
323      586    (2)    2 :  0.008 0.004 0.008 0.002 0.932 0.004 0.004 0.006 0.010 0.003 0.001 0.006 0.004 0.005 0.004 
324      587    (0)    2 :  0.003 0.003 0.003 0.002 0.958 0.003 0.009 0.003 0.002 0.003 0.001 0.003 0.003 0.003 0.002 
325      588    (0)    2 :  0.006 0.023 0.009 0.010 0.819 0.017 0.005 0.013 0.012 0.008 0.008 0.012 0.022 0.015 0.021 
326      589    (0)    2 :  0.028 0.031 0.012 0.005 0.709 0.025 0.018 0.050 0.019 0.010 0.006 0.030 0.033 0.018 0.005 
327      590    (0)    2 :  0.005 0.007 0.040 0.010 0.795 0.009 0.036 0.003 0.011 0.004 0.004 0.006 0.007 0.011 0.053 
328      001    (0)    3 :  0.002 0.004 0.003 0.003 0.003 0.003 0.003 0.002 0.001 0.003 0.962 0.002 0.004 0.003 0.002 
329      005    (0)    3 :  0.002 0.002 0.002 0.006 0.001 0.002 0.001 0.002 0.003 0.002 0.969 0.002 0.002 0.002 0.002 
330      106    (0)    3 :  0.002 0.003 0.003 0.002 0.005 0.003 0.003 0.003 0.002 0.003 0.962 0.002 0.003 0.003 0.002 
331      192    (0)    3 :  0.004 0.018 0.004 0.005 0.006 0.013 0.006 0.009 0.012 0.009 0.874 0.006 0.019 0.011 0.003 
332      229    (0)    3 :  0.006 0.005 0.006 0.043 0.003 0.005 0.003 0.008 0.004 0.006 0.893 0.004 0.005 0.004 0.005 
333      319    (0)    3 :  0.002 0.004 0.003 0.005 0.002 0.004 0.002 0.002 0.002 0.007 0.955 0.002 0.004 0.004 0.002 
334      327    (0)    3 :  0.002 0.003 0.002 0.002 0.003 0.003 0.002 0.002 0.003 0.005 0.964 0.002 0.003 0.002 0.002 
335      340    (0)    3 :  0.003 0.005 0.004 0.004 0.003 0.004 0.001 0.003 0.003 0.004 0.950 0.002 0.005 0.004 0.004 
336      345    (0)    3 :  0.002 0.005 0.004 0.010 0.004 0.005 0.001 0.005 0.003 0.011 0.934 0.003 0.005 0.005 0.002 
337      375    (0)    3 :  0.002 0.003 0.002 0.003 0.002 0.003 0.001 0.004 0.005 0.003 0.960 0.002 0.003 0.004 0.002 
338      501    (4)    3 :  0.002 0.003 0.002 0.003 0.002 0.003 0.001 0.004 0.002 0.004 0.958 0.003 0.003 0.003 0.008 
339      502    (0)    3 :  0.003 0.005 0.004 0.009 0.004 0.006 0.003 0.008 0.003 0.003 0.924 0.002 0.004 0.008 0.014 
340      503    (2)    3 :  0.002 0.002 0.003 0.002 0.004 0.002 0.002 0.002 0.002 0.002 0.964 0.001 0.002 0.002 0.007 
341      504    (0)    3 :  0.005 0.005 0.002 0.015 0.002 0.005 0.004 0.003 0.004 0.003 0.931 0.008 0.005 0.006 0.002 
342      505    (0)    3 :  0.003 0.008 0.012 0.048 0.006 0.006 0.007 0.007 0.004 0.010 0.874 0.002 0.007 0.005 0.002 
343      506    (2)    3 :  0.004 0.006 0.002 0.005 0.002 0.005 0.002 0.006 0.002 0.006 0.940 0.004 0.006 0.005 0.004 
344      507    (4)    3 :  0.002 0.003 0.003 0.004 0.002 0.003 0.001 0.005 0.002 0.004 0.959 0.002 0.003 0.003 0.004 
345      508    (0)    3 :  0.004 0.006 0.006 0.003 0.004 0.006 0.002 0.005 0.002 0.008 0.914 0.006 0.006 0.006 0.022 
346      509    (2)    3 :  0.003 0.003 0.003 0.003 0.002 0.003 0.001 0.003 0.004 0.003 0.961 0.002 0.003 0.003 0.003 
347      510    (2)    3 :  0.004 0.005 0.002 0.003 0.002 0.005 0.003 0.003 0.021 0.003 0.927 0.008 0.006 0.005 0.004 
348      511    (4)    3 :  0.003 0.003 0.002 0.002 0.003 0.003 0.003 0.002 0.002 0.002 0.962 0.003 0.003 0.003 0.005 
349      512    (4)    3 :  0.002 0.003 0.002 0.006 0.002 0.003 0.002 0.004 0.003 0.004 0.958 0.003 0.003 0.003 0.002 
350      513    (0)    3 :  0.003 0.004 0.002 0.007 0.002 0.003 0.002 0.003 0.019 0.003 0.941 0.003 0.003 0.003 0.002 
351      514    (0)    3 :  0.009 0.004 0.002 0.002 0.001 0.003 0.001 0.002 0.002 0.002 0.961 0.002 0.003 0.003 0.002 
352      515    (2)    3 :  0.003 0.002 0.003 0.004 0.002 0.002 0.001 0.002 0.003 0.002 0.966 0.002 0.002 0.002 0.002 
353      516    (2)    3 :  0.004 0.005 0.004 0.004 0.003 0.006 0.003 0.005 0.007 0.004 0.930 0.004 0.005 0.007 0.008 
354      517    (0)    3 :  0.001 0.002 0.001 0.005 0.001 0.002 0.001 0.002 0.002 0.002 0.966 0.010 0.002 0.002 0.002 
355      518    (0)    3 :  0.003 0.006 0.006 0.003 0.003 0.006 0.002 0.004 0.003 0.005 0.937 0.005 0.006 0.006 0.004 
356      519    (0)    3 :  0.002 0.003 0.003 0.002 0.003 0.003 0.003 0.002 0.003 0.003 0.960 0.003 0.003 0.003 0.004 
357      520    (2)    3 :  0.003 0.003 0.002 0.002 0.003 0.003 0.004 0.003 0.006 0.003 0.954 0.005 0.003 0.003 0.002 
358      521    (2)    3 :  0.002 0.002 0.003 0.006 0.003 0.002 0.007 0.002 0.003 0.003 0.957 0.002 0.002 0.002 0.002 
359      522    (0)    3 :  0.004 0.006 0.004 0.001 0.006 0.010 0.013 0.004 0.005 0.004 0.903 0.008 0.006 0.014 0.011 
360      523    (2)    3 :  0.005 0.007 0.008 0.004 0.005 0.006 0.004 0.004 0.002 0.007 0.927 0.005 0.007 0.005 0.005 
361      524    (0)    3 :  0.004 0.009 0.026 0.003 0.008 0.011 0.012 0.007 0.006 0.011 0.807 0.008 0.010 0.012 0.066 
362      525    (0)    3 :  0.002 0.003 0.001 0.001 0.002 0.003 0.001 0.002 0.003 0.002 0.970 0.002 0.003 0.003 0.002 
363      526    (2)    3 :  0.002 0.002 0.002 0.012 0.002 0.002 0.002 0.002 0.002 0.003 0.959 0.003 0.002 0.002 0.002 
364      527    (2)    4 :  0.009 0.007 0.025 0.005 0.881 0.008 0.002 0.006 0.010 0.004 0.007 0.007 0.008 0.009 0.012 
365      528    (4)    4 :  0.005 0.022 0.091 0.003 0.408 0.023 0.017 0.353 0.009 0.020 0.002 0.004 0.023 0.017 0.004 
366      529    (4)    4 :  0.017 0.015 0.014 0.009 0.732 0.019 0.017 0.108 0.004 0.010 0.003 0.015 0.017 0.015 0.006 
367      530    (0)    4 :  0.003 0.007 0.007 0.004 0.914 0.006 0.004 0.010 0.005 0.012 0.007 0.003 0.007 0.005 0.005 
368      531    (2)    4 :  0.003 0.007 0.010 0.006 0.897 0.006 0.010 0.022 0.004 0.009 0.004 0.006 0.007 0.005 0.003 
369      532    (4)    4 :  0.005 0.015 0.020 0.002 0.762 0.010 0.003 0.098 0.002 0.023 0.003 0.004 0.013 0.008 0.033 
370      533    (0)    4 :  0.025 0.051 0.043 0.003 0.611 0.049 0.022 0.015 0.002 0.036 0.008 0.010 0.072 0.048 0.003 
371      534    (2)    4 :  0.005 0.008 0.075 0.002 0.849 0.008 0.012 0.006 0.006 0.005 0.003 0.005 0.008 0.006 0.003 
372      535    (2)    4 :  0.005 0.011 0.008 0.005 0.876 0.011 0.004 0.026 0.002 0.009 0.002 0.008 0.011 0.010 0.011 
373      536    (2)    4 :  0.005 0.006 0.009 0.012 0.902 0.005 0.027 0.003 0.002 0.007 0.002 0.005 0.006 0.004 0.004 
374      537    (2)    4 :  0.007 0.006 0.007 0.002 0.916 0.006 0.008 0.006 0.014 0.004 0.002 0.008 0.006 0.007 0.002 
375      538    (2)    4 :  0.027 0.039 0.048 0.002 0.692 0.035 0.003 0.005 0.004 0.045 0.006 0.009 0.042 0.038 0.004 
376      539    (2)    4 :  0.002 0.005 0.150 0.002 0.800 0.006 0.003 0.006 0.002 0.004 0.001 0.003 0.005 0.006 0.004 
377      540    (2)    4 :  0.008 0.012 0.011 0.001 0.865 0.012 0.012 0.006 0.002 0.020 0.001 0.021 0.013 0.011 0.005 
378      541    (2)    4 :  0.025 0.009 0.059 0.002 0.769 0.009 0.007 0.046 0.003 0.018 0.003 0.028 0.008 0.008 0.005 
379      542    (2)    4 :  0.019 0.020 0.073 0.004 0.701 0.032 0.010 0.016 0.009 0.019 0.002 0.023 0.020 0.046 0.005 
380      543    (0)    4 :  0.015 0.075 0.032 0.002 0.617 0.058 0.020 0.010 0.015 0.019 0.003 0.035 0.070 0.024 0.004 
381      544    (2)    4 :  0.003 0.004 0.022 0.002 0.936 0.004 0.004 0.003 0.002 0.007 0.003 0.003 0.004 0.003 0.002 
382      545    (2)    4 :  0.009 0.009 0.887 0.001 0.030 0.010 0.005 0.005 0.002 0.006 0.002 0.004 0.009 0.013 0.010 
383      546    (4)    4 :  0.009 0.022 0.850 0.002 0.015 0.020 0.005 0.004 0.002 0.006 0.001 0.003 0.024 0.023 0.015 
384      547    (6)    4 :  0.025 0.051 0.011 0.016 0.674 0.037 0.009 0.009 0.031 0.025 0.004 0.010 0.041 0.022 0.035 
385      019    (0)    5 :  0.033 0.007 0.788 0.004 0.075 0.006 0.008 0.017 0.004 0.007 0.002 0.034 0.007 0.005 0.003 
386      064    (0)    5 :  0.002 0.002 0.944 0.001 0.028 0.002 0.002 0.002 0.002 0.002 0.001 0.003 0.002 0.002 0.003 
387      065    (0)    5 :  0.003 0.002 0.024 0.001 0.945 0.002 0.005 0.003 0.001 0.003 0.001 0.003 0.002 0.002 0.002 
388      066    (0)    5 :  0.017 0.011 0.608 0.002 0.280 0.011 0.006 0.004 0.003 0.010 0.002 0.017 0.010 0.008 0.011 
389      067    (0)    5 :  0.026 0.007 0.873 0.006 0.010 0.007 0.007 0.015 0.010 0.005 0.005 0.011 0.008 0.006 0.004 
390      068    (0)    5 :  0.008 0.009 0.030 0.002 0.829 0.010 0.008 0.016 0.029 0.008 0.002 0.008 0.009 0.010 0.022 
391      069    (0)    5 :  0.003 0.005 0.790 0.001 0.130 0.006 0.011 0.007 0.004 0.007 0.001 0.005 0.005 0.007 0.017 
392      107    (0)    5 :  0.005 0.005 0.528 0.001 0.422 0.005 0.003 0.005 0.002 0.003 0.001 0.007 0.004 0.005 0.005 
393      110    (0)    5 :  0.003 0.002 0.964 0.003 0.003 0.002 0.002 0.007 0.002 0.002 0.001 0.002 0.002 0.002 0.003 
394      121    (0)    5 :  0.008 0.004 0.023 0.001 0.923 0.004 0.002 0.011 0.003 0.003 0.001 0.004 0.004 0.005 0.003 
395      137    (0)    5 :  0.013 0.008 0.910 0.009 0.007 0.008 0.005 0.004 0.002 0.005 0.002 0.007 0.008 0.007 0.004 
396      146    (0)    5 :  0.008 0.011 0.563 0.003 0.288 0.008 0.021 0.006 0.003 0.062 0.004 0.005 0.010 0.006 0.002 
397      149    (0)    5 :  0.010 0.004 0.945 0.003 0.005 0.004 0.002 0.005 0.002 0.004 0.001 0.004 0.004 0.004 0.002 
398      154    (0)    5 :  0.008 0.006 0.722 0.002 0.055 0.006 0.152 0.005 0.017 0.004 0.003 0.006 0.006 0.005 0.003 
399      179    (0)    5 :  0.004 0.004 0.553 0.002 0.393 0.005 0.004 0.004 0.004 0.004 0.002 0.005 0.004 0.005 0.007 
400      181    (0)    5 :  0.003 0.004 0.778 0.002 0.183 0.004 0.004 0.003 0.002 0.003 0.001 0.003 0.004 0.003 0.002 
401      182    (0)    5 :  0.008 0.013 0.112 0.002 0.748 0.010 0.007 0.026 0.014 0.014 0.003 0.005 0.013 0.009 0.016 
402      186    (0)    5 :  0.008 0.017 0.632 0.006 0.143 0.016 0.005 0.089 0.004 0.029 0.005 0.008 0.015 0.015 0.008 
403      193    (0)    5 :  0.006 0.008 0.413 0.002 0.505 0.006 0.008 0.007 0.004 0.008 0.003 0.013 0.008 0.005 0.004 
404      320    (0)    5 :  0.008 0.005 0.893 0.003 0.030 0.005 0.009 0.007 0.011 0.011 0.001 0.005 0.006 0.005 0.003 
405      341    (0)    5 :  0.011 0.006 0.038 0.002 0.889 0.007 0.003 0.004 0.004 0.008 0.001 0.009 0.006 0.007 0.006 
406      376    (0)    5 :  0.003 0.010 0.210 0.003 0.637 0.010 0.009 0.024 0.003 0.013 0.039 0.006 0.010 0.007 0.017 
407      395    (0)    5 :  0.005 0.007 0.666 0.006 0.179 0.010 0.054 0.012 0.004 0.006 0.001 0.023 0.007 0.014 0.004 
408      396    (0)    5 :  0.003 0.003 0.037 0.003 0.925 0.003 0.003 0.002 0.002 0.004 0.002 0.003 0.003 0.004 0.004 
409      397    (0)    5 :  0.005 0.005 0.070 0.010 0.866 0.004 0.010 0.005 0.006 0.004 0.001 0.004 0.005 0.004 0.002 
410      398    (0)    5 :  0.003 0.005 0.445 0.004 0.433 0.005 0.058 0.012 0.004 0.010 0.002 0.005 0.005 0.003 0.005 
411      399    (0)    5 :  0.005 0.005 0.007 0.002 0.932 0.004 0.002 0.012 0.003 0.008 0.002 0.003 0.004 0.004 0.007 
412      400    (0)    5 :  0.003 0.007 0.902 0.002 0.022 0.006 0.007 0.011 0.002 0.014 0.001 0.003 0.006 0.004 0.010 
413      401    (0)    5 :  0.008 0.013 0.825 0.003 0.083 0.011 0.006 0.004 0.002 0.009 0.003 0.005 0.013 0.008 0.007 
414      402    (0)    5 :  0.002 0.003 0.959 0.002 0.003 0.003 0.002 0.006 0.003 0.003 0.003 0.002 0.003 0.003 0.003 
415      403    (0)    5 :  0.022 0.009 0.412 0.012 0.437 0.009 0.004 0.020 0.004 0.031 0.002 0.010 0.009 0.009 0.010 
416      073    (0)    6 :  0.005 0.004 0.005 0.002 0.949 0.004 0.001 0.006 0.002 0.003 0.002 0.006 0.004 0.004 0.003 
417      074    (0)    6 :  0.004 0.007 0.004 0.002 0.899 0.007 0.039 0.002 0.005 0.004 0.006 0.006 0.008 0.005 0.002 
418      075    (0)    6 :  0.008 0.005 0.009 0.003 0.924 0.006 0.006 0.006 0.004 0.009 0.002 0.005 0.005 0.007 0.002 
419      076    (0)    6 :  0.009 0.006 0.008 0.005 0.911 0.007 0.004 0.012 0.006 0.005 0.005 0.004 0.006 0.008 0.003 
420      077    (0)    6 :  0.008 0.007 0.013 0.003 0.905 0.007 0.003 0.005 0.008 0.005 0.001 0.013 0.007 0.009 0.006 
421      078    (0)    6 :  0.009 0.028 0.011 0.005 0.819 0.022 0.005 0.006 0.005 0.023 0.003 0.007 0.031 0.022 0.004 
422      079    (0)    6 :  0.009 0.014 0.012 0.001 0.895 0.012 0.003 0.007 0.002 0.006 0.002 0.005 0.014 0.009 0.009 
423      080    (0)    6 :  0.006 0.006 0.005 0.002 0.917 0.005 0.003 0.013 0.018 0.004 0.003 0.003 0.005 0.004 0.004 
424      081    (0)    6 :  0.007 0.010 0.043 0.016 0.803 0.010 0.013 0.007 0.003 0.005 0.004 0.055 0.011 0.008 0.004 
425      082    (0)    6 :  0.002 0.003 0.021 0.002 0.938 0.003 0.003 0.005 0.003 0.004 0.001 0.003 0.003 0.003 0.005 
426      083    (0)    6 :  0.005 0.008 0.018 0.003 0.912 0.007 0.010 0.005 0.002 0.005 0.002 0.003 0.007 0.006 0.007 
427      084    (0)    6 :  0.011 0.005 0.014 0.005 0.830 0.006 0.096 0.003 0.002 0.004 0.003 0.009 0.005 0.006 0.002 
428      085    (0)    6 :  0.009 0.014 0.052 0.015 0.587 0.078 0.009 0.008 0.003 0.011 0.002 0.035 0.015 0.143 0.019 
429      404    (0)    6 :  0.006 0.004 0.010 0.003 0.924 0.004 0.019 0.005 0.003 0.004 0.001 0.005 0.004 0.004 0.003 
430      405    (0)    6 :  0.004 0.005 0.006 0.009 0.929 0.005 0.005 0.004 0.002 0.005 0.002 0.012 0.005 0.005 0.002 
431      406    (0)    6 :  0.003 0.009 0.004 0.008 0.913 0.007 0.008 0.006 0.003 0.006 0.005 0.004 0.010 0.008 0.007 
432      407    (0)    6 :  0.006 0.006 0.088 0.003 0.854 0.007 0.005 0.003 0.003 0.004 0.001 0.006 0.006 0.007 0.002 
433      408    (0)    6 :  0.003 0.004 0.004 0.001 0.948 0.004 0.005 0.004 0.005 0.004 0.001 0.006 0.005 0.004 0.002 
434      411    (2)    6 :  0.003 0.003 0.006 0.002 0.956 0.003 0.005 0.002 0.003 0.003 0.001 0.005 0.003 0.003 0.002 
435      412    (0)    6 :  0.005 0.008 0.007 0.005 0.871 0.010 0.004 0.012 0.006 0.006 0.027 0.014 0.008 0.011 0.007 
436      413    (0)    6 :  0.005 0.005 0.013 0.002 0.940 0.005 0.004 0.002 0.002 0.004 0.001 0.004 0.005 0.006 0.002 
437      591    (0)    7 :  0.008 0.006 0.002 0.007 0.004 0.006 0.008 0.911 0.004 0.007 0.014 0.008 0.005 0.005 0.004 
438      592    (0)    7 :  0.011 0.007 0.004 0.003 0.010 0.008 0.005 0.774 0.006 0.015 0.003 0.131 0.007 0.010 0.005 
439      593    (0)    7 :  0.006 0.007 0.006 0.005 0.009 0.006 0.004 0.922 0.002 0.006 0.002 0.006 0.007 0.006 0.005 
440      594    (0)    7 :  0.011 0.020 0.010 0.005 0.038 0.019 0.007 0.756 0.010 0.028 0.003 0.052 0.024 0.013 0.004 
441      595    (0)    7 :  0.007 0.018 0.014 0.004 0.010 0.016 0.003 0.864 0.010 0.006 0.005 0.004 0.021 0.012 0.004 
442      596    (0)    7 :  0.003 0.007 0.005 0.006 0.006 0.006 0.002 0.914 0.019 0.007 0.002 0.005 0.006 0.005 0.006 
443      597    (0)    7 :  0.007 0.013 0.027 0.002 0.032 0.020 0.003 0.835 0.006 0.008 0.001 0.007 0.010 0.026 0.003 
444      598    (0)    7 :  0.008 0.050 0.032 0.002 0.006 0.064 0.003 0.590 0.027 0.081 0.002 0.010 0.045 0.068 0.011 
445      599    (0)    7 :  0.104 0.008 0.003 0.006 0.006 0.010 0.003 0.768 0.003 0.004 0.003 0.060 0.007 0.013 0.004 
446      600    (0)    7 :  0.005 0.006 0.007 0.004 0.004 0.006 0.001 0.931 0.011 0.006 0.002 0.003 0.006 0.006 0.003 
447      601    (0)    7 :  0.020 0.016 0.025 0.002 0.021 0.022 0.002 0.809 0.002 0.010 0.002 0.018 0.018 0.027 0.005 
448      602    (0)    7 :  0.010 0.012 0.014 0.004 0.006 0.015 0.005 0.881 0.005 0.005 0.004 0.007 0.014 0.013 0.005 
449      603    (0)    7 :  0.025 0.038 0.005 0.007 0.007 0.161 0.009 0.139 0.009 0.007 0.002 0.244 0.043 0.297 0.009 
450      604    (0)    7 :  0.003 0.013 0.007 0.002 0.009 0.009 0.003 0.894 0.008 0.013 0.003 0.004 0.012 0.008 0.012 
451      605    (0)    7 :  0.011 0.025 0.006 0.004 0.009 0.019 0.003 0.745 0.024 0.087 0.019 0.009 0.023 0.012 0.004 
452      606    (0)    7 :  0.010 0.009 0.003 0.020 0.004 0.009 0.004 0.890 0.007 0.011 0.004 0.009 0.009 0.007 0.003 
453      607    (0)    7 :  0.002 0.005 0.014 0.003 0.009 0.005 0.002 0.818 0.008 0.008 0.003 0.002 0.005 0.006 0.108 
454      608    (0)    7 :  0.018 0.005 0.004 0.002 0.005 0.006 0.005 0.907 0.003 0.007 0.001 0.005 0.005 0.007 0.018 
455      609    (0)    7 :  0.005 0.009 0.004 0.004 0.004 0.008 0.004 0.923 0.003 0.008 0.002 0.004 0.008 0.007 0.008 
456      610    (0)    7 :  0.024 0.116 0.007 0.003 0.020 0.110 0.009 0.465 0.009 0.018 0.004 0.010 0.112 0.072 0.020 
457      611    (2)    7 :  0.003 0.010 0.009 0.003 0.012 0.008 0.012 0.889 0.007 0.007 0.002 0.004 0.008 0.007 0.021 
458      612    (0)    7 :  0.011 0.024 0.058 0.002 0.009 0.020 0.003 0.727 0.043 0.009 0.004 0.006 0.018 0.019 0.047 
459      755    (0)    7 :  0.004 0.032 0.008 0.002 0.017 0.028 0.029 0.444 0.042 0.017 0.028 0.015 0.037 0.019 0.276 
460      756    (0)    7 :  0.005 0.006 0.003 0.003 0.012 0.007 0.008 0.906 0.003 0.007 0.002 0.010 0.006 0.008 0.013 
461      757    (0)    7 :  0.005 0.011 0.006 0.002 0.009 0.009 0.004 0.890 0.005 0.017 0.003 0.011 0.012 0.007 0.008 
462      002    (0)    8 :  0.003 0.008 0.397 0.003 0.510 0.011 0.021 0.006 0.002 0.009 0.003 0.004 0.007 0.012 0.005 
463      099    (2)    8 :  0.054 0.032 0.005 0.004 0.004 0.021 0.008 0.008 0.043 0.015 0.715 0.036 0.028 0.012 0.015 
464      641    (2)    8 :  0.011 0.091 0.254 0.015 0.192 0.061 0.012 0.060 0.004 0.048 0.018 0.009 0.110 0.086 0.029 
465      642    (0)    8 :  0.014 0.008 0.005 0.003 0.880 0.009 0.008 0.019 0.003 0.015 0.003 0.013 0.008 0.009 0.004 
466      643    (2)    8 :  0.011 0.014 0.008 0.003 0.787 0.017 0.017 0.025 0.003 0.053 0.004 0.018 0.014 0.022 0.004 
467      644    (0)    8 :  0.018 0.009 0.024 0.004 0.854 0.010 0.007 0.006 0.008 0.016 0.003 0.013 0.008 0.011 0.009 
468      645    (0)    8 :  0.009 0.029 0.014 0.039 0.428 0.032 0.018 0.035 0.003 0.181 0.002 0.028 0.031 0.029 0.122 
469      646    (0)    8 :  0.009 0.051 0.402 0.010 0.058 0.063 0.012 0.013 0.008 0.053 0.005 0.006 0.068 0.075 0.167 
470      006    (0)    9 :  0.005 0.020 0.009 0.003 0.229 0.021 0.633 0.006 0.003 0.008 0.005 0.008 0.024 0.019 0.006 
471      011    (0)    9 :  0.003 0.003 0.003 0.002 0.956 0.003 0.009 0.003 0.003 0.003 0.001 0.004 0.003 0.003 0.002 
472      033    (2)    9 :  0.003 0.005 0.020 0.002 0.274 0.011 0.626 0.018 0.002 0.004 0.001 0.007 0.006 0.016 0.004 
473      048    (0)    9 :  0.075 0.017 0.011 0.009 0.525 0.017 0.043 0.015 0.005 0.007 0.002 0.236 0.017 0.014 0.006 
474      061    (0)    9 :  0.001 0.002 0.002 0.004 0.002 0.002 0.974 0.001 0.001 0.002 0.001 0.002 0.002 0.002 0.003 
475      088    (0)    9 :  0.015 0.015 0.017 0.005 0.829 0.014 0.022 0.013 0.008 0.013 0.003 0.019 0.014 0.011 0.003 
476      091    (0)    9 :  0.003 0.004 0.003 0.002 0.009 0.003 0.945 0.005 0.005 0.003 0.001 0.003 0.004 0.003 0.007 
477      098    (0)    9 :  0.012 0.006 0.015 0.012 0.867 0.007 0.008 0.019 0.003 0.004 0.001 0.027 0.006 0.006 0.006 
478      104    (0)    9 :  0.003 0.003 0.041 0.002 0.923 0.003 0.003 0.002 0.002 0.003 0.001 0.005 0.003 0.003 0.002 
479      196    (0)    9 :  0.008 0.005 0.022 0.005 0.321 0.007 0.583 0.010 0.005 0.007 0.002 0.011 0.006 0.006 0.002 
480      197    (0)    9 :  0.011 0.026 0.017 0.008 0.547 0.030 0.266 0.011 0.013 0.008 0.003 0.007 0.025 0.025 0.003 
481      201    (0)    9 :  0.003 0.005 0.013 0.001 0.339 0.005 0.594 0.005 0.001 0.012 0.001 0.006 0.005 0.005 0.002 
482      202    (0)    9 :  0.018 0.013 0.019 0.019 0.797 0.014 0.030 0.005 0.013 0.010 0.009 0.023 0.014 0.014 0.002 
483      204    (0)    9 :  0.003 0.004 0.036 0.002 0.532 0.006 0.377 0.003 0.002 0.005 0.001 0.010 0.004 0.007 0.009 
484      231    (0)    9 :  0.007 0.005 0.068 0.001 0.845 0.008 0.007 0.010 0.004 0.005 0.001 0.014 0.005 0.011 0.009 
485      328    (0)    9 :  0.004 0.004 0.003 0.005 0.703 0.005 0.247 0.006 0.002 0.005 0.001 0.005 0.004 0.005 0.002 
486      346    (0)    9 :  0.004 0.004 0.008 0.003 0.630 0.004 0.310 0.009 0.007 0.004 0.002 0.005 0.004 0.004 0.003 


Estimated Allele Frequencies in each cluster
First column gives estimated ancestral frequencies


Locus 1 : 1 
4 alleles
0.0% missing data
  89   (0.534) 0.523 0.548 0.298 0.066 0.624 0.529 0.698 0.554 0.641 0.504 0.295 0.584 0.556 0.515 0.809 
  91   (0.384) 0.350 0.379 0.587 0.707 0.314 0.409 0.292 0.429 0.312 0.437 0.668 0.364 0.368 0.448 0.172 
  93   (0.066) 0.120 0.060 0.114 0.098 0.062 0.049 0.008 0.014 0.046 0.054 0.036 0.021 0.058 0.030 0.015 
  99   (0.016) 0.007 0.013 0.001 0.129 0.000 0.013 0.002 0.003 0.001 0.005 0.001 0.030 0.017 0.007 0.003 

Locus 2 : 2 
6 alleles
1.0% missing data
 136   (0.349) 0.082 0.367 0.724 0.189 0.553 0.316 0.113 0.414 0.458 0.540 0.452 0.068 0.349 0.275 0.148 
 134   (0.236) 0.218 0.214 0.165 0.027 0.143 0.216 0.203 0.401 0.380 0.212 0.196 0.279 0.216 0.205 0.667 
 138   (0.298) 0.586 0.303 0.099 0.771 0.254 0.344 0.244 0.152 0.155 0.179 0.220 0.491 0.314 0.391 0.131 
 140   (0.067) 0.046 0.067 0.008 0.008 0.049 0.066 0.436 0.017 0.004 0.040 0.121 0.032 0.067 0.066 0.019 
 132   (0.021) 0.008 0.027 0.002 0.002 0.000 0.024 0.002 0.004 0.001 0.007 0.001 0.003 0.032 0.018 0.004 
 142   (0.029) 0.060 0.021 0.003 0.003 0.001 0.034 0.003 0.012 0.002 0.023 0.009 0.128 0.021 0.045 0.032 

Locus 3 : 3 
6 alleles
0.0% missing data
 181   (0.252) 0.359 0.256 0.093 0.180 0.231 0.215 0.071 0.401 0.067 0.188 0.073 0.421 0.243 0.175 0.329 
 187   (0.346) 0.170 0.361 0.546 0.775 0.517 0.355 0.687 0.170 0.259 0.353 0.346 0.169 0.357 0.367 0.140 
 179   (0.247) 0.250 0.242 0.346 0.029 0.228 0.270 0.225 0.396 0.015 0.293 0.052 0.191 0.255 0.288 0.348 
 191   (0.032) 0.007 0.031 0.003 0.003 0.022 0.025 0.004 0.006 0.200 0.011 0.009 0.009 0.032 0.016 0.009 
 185   (0.075) 0.197 0.071 0.008 0.008 0.002 0.074 0.008 0.019 0.455 0.058 0.284 0.030 0.075 0.073 0.135 
 175   (0.047) 0.017 0.040 0.004 0.005 0.001 0.062 0.004 0.008 0.003 0.097 0.236 0.181 0.039 0.081 0.039 

Locus 4 : 4 
12 alleles
0.2% missing data
 253   (0.485) 0.286 0.504 0.452 0.595 0.756 0.505 0.627 0.607 0.464 0.512 0.170 0.668 0.514 0.511 0.605 
 249   (0.029) 0.005 0.026 0.021 0.004 0.058 0.019 0.311 0.005 0.002 0.010 0.066 0.004 0.025 0.014 0.005 
 271   (0.043) 0.010 0.041 0.053 0.005 0.028 0.041 0.005 0.010 0.003 0.030 0.109 0.006 0.042 0.038 0.011 
 241   (0.157) 0.221 0.149 0.359 0.184 0.021 0.154 0.023 0.146 0.149 0.182 0.528 0.091 0.139 0.155 0.109 
 257   (0.006) 0.001 0.005 0.003 0.001 0.000 0.004 0.001 0.001 0.000 0.005 0.000 0.001 0.004 0.002 0.001 
 269   (0.174) 0.448 0.172 0.088 0.201 0.134 0.182 0.021 0.185 0.100 0.157 0.031 0.161 0.169 0.198 0.243 
 247   (0.066) 0.022 0.075 0.007 0.007 0.002 0.071 0.009 0.035 0.279 0.055 0.027 0.062 0.080 0.064 0.017 
 245   (0.009) 0.002 0.006 0.001 0.001 0.000 0.005 0.001 0.001 0.000 0.002 0.066 0.001 0.006 0.003 0.001 
 239   (0.011) 0.002 0.009 0.001 0.001 0.000 0.007 0.001 0.004 0.001 0.020 0.001 0.001 0.009 0.004 0.003 
 273   (0.008) 0.001 0.005 0.001 0.001 0.000 0.004 0.001 0.001 0.000 0.022 0.001 0.001 0.005 0.002 0.001 
 267   (0.006) 0.001 0.004 0.013 0.001 0.000 0.003 0.001 0.001 0.000 0.002 0.000 0.001 0.004 0.002 0.002 
 255   (0.006) 0.001 0.004 0.001 0.001 0.000 0.005 0.001 0.003 0.000 0.002 0.000 0.003 0.004 0.007 0.001 

Locus 5 : 5 
6 alleles
0.6% missing data
 103   (0.846) 0.944 0.830 0.961 0.982 0.992 0.858 0.984 0.925 0.978 0.847 0.735 0.959 0.818 0.864 0.948 
 104   (0.066) 0.039 0.076 0.030 0.008 0.006 0.065 0.007 0.028 0.004 0.060 0.074 0.020 0.093 0.068 0.031 
 101   (0.010) 0.002 0.007 0.001 0.001 0.000 0.006 0.001 0.002 0.013 0.003 0.001 0.001 0.007 0.004 0.005 
 105   (0.047) 0.010 0.054 0.004 0.005 0.001 0.046 0.005 0.037 0.003 0.073 0.164 0.015 0.053 0.042 0.011 
 102   (0.016) 0.003 0.018 0.001 0.003 0.000 0.014 0.001 0.005 0.001 0.007 0.001 0.002 0.017 0.015 0.003 
 107   (0.015) 0.002 0.014 0.001 0.001 0.000 0.010 0.001 0.003 0.001 0.010 0.025 0.002 0.012 0.006 0.002 

Locus 6 : 6 
5 alleles
0.2% missing data
 141   (0.268) 0.071 0.254 0.321 0.030 0.587 0.282 0.834 0.305 0.133 0.210 0.111 0.289 0.266 0.291 0.766 
 145   (0.405) 0.593 0.440 0.122 0.411 0.182 0.432 0.073 0.444 0.262 0.514 0.023 0.592 0.424 0.459 0.137 
 135   (0.235) 0.310 0.222 0.359 0.547 0.191 0.219 0.076 0.139 0.287 0.205 0.636 0.105 0.229 0.197 0.072 
 147   (0.081) 0.022 0.076 0.197 0.010 0.040 0.062 0.015 0.110 0.317 0.059 0.127 0.013 0.073 0.050 0.022 
 137   (0.011) 0.004 0.008 0.002 0.001 0.000 0.006 0.001 0.002 0.001 0.012 0.102 0.002 0.008 0.004 0.002 

Locus 7 : 7 
10 alleles
1.2% missing data
  93   (0.220) 0.129 0.194 0.404 0.795 0.332 0.230 0.614 0.213 0.065 0.266 0.113 0.354 0.193 0.256 0.300 
 103   (0.303) 0.377 0.318 0.273 0.041 0.403 0.335 0.083 0.526 0.515 0.295 0.018 0.351 0.327 0.368 0.134 
  91   (0.068) 0.016 0.069 0.007 0.010 0.034 0.053 0.007 0.045 0.154 0.058 0.061 0.056 0.065 0.040 0.056 
  97   (0.196) 0.318 0.207 0.171 0.128 0.164 0.164 0.028 0.157 0.253 0.124 0.262 0.101 0.203 0.117 0.244 
  85   (0.046) 0.102 0.047 0.009 0.006 0.045 0.039 0.005 0.015 0.003 0.046 0.003 0.014 0.046 0.028 0.010 
  89   (0.083) 0.038 0.072 0.129 0.011 0.020 0.102 0.253 0.029 0.005 0.072 0.299 0.078 0.069 0.129 0.241 
  83   (0.051) 0.016 0.063 0.005 0.006 0.001 0.054 0.005 0.009 0.003 0.128 0.003 0.041 0.070 0.047 0.010 
 105   (0.014) 0.002 0.013 0.001 0.002 0.000 0.011 0.001 0.002 0.001 0.004 0.092 0.003 0.013 0.006 0.003 
 101   (0.009) 0.002 0.008 0.001 0.001 0.000 0.005 0.001 0.001 0.001 0.003 0.125 0.001 0.008 0.005 0.002 
  99   (0.010) 0.002 0.008 0.001 0.001 0.000 0.006 0.001 0.001 0.001 0.003 0.025 0.001 0.007 0.003 0.001 

Locus 8 : 8 
8 alleles
0.0% missing data
 129   (0.554) 0.713 0.577 0.483 0.199 0.704 0.609 0.664 0.408 0.639 0.627 0.302 0.677 0.568 0.678 0.473 
 141   (0.053) 0.022 0.049 0.146 0.006 0.098 0.044 0.009 0.092 0.215 0.023 0.003 0.013 0.049 0.033 0.011 
 149   (0.079) 0.032 0.073 0.033 0.009 0.143 0.077 0.012 0.019 0.013 0.058 0.302 0.078 0.076 0.071 0.271 
 143   (0.260) 0.217 0.253 0.333 0.700 0.054 0.233 0.311 0.472 0.129 0.255 0.298 0.217 0.259 0.191 0.205 
 127   (0.018) 0.003 0.018 0.002 0.045 0.000 0.013 0.001 0.003 0.001 0.005 0.094 0.002 0.016 0.010 0.003 
 131   (0.012) 0.004 0.009 0.001 0.039 0.000 0.007 0.001 0.002 0.002 0.003 0.001 0.010 0.009 0.005 0.003 
 133   (0.017) 0.007 0.016 0.002 0.002 0.000 0.014 0.002 0.003 0.001 0.024 0.001 0.003 0.017 0.010 0.033 
 145   (0.006) 0.001 0.005 0.001 0.001 0.000 0.004 0.000 0.001 0.000 0.005 0.000 0.001 0.005 0.002 0.001 

Locus 9 : 9 
5 alleles
0.0% missing data
 191   (0.392) 0.321 0.390 0.596 0.339 0.563 0.329 0.848 0.476 0.545 0.351 0.340 0.344 0.400 0.269 0.565 
 195   (0.147) 0.319 0.127 0.037 0.355 0.187 0.123 0.033 0.242 0.051 0.131 0.329 0.321 0.136 0.103 0.035 
 189   (0.448) 0.358 0.474 0.366 0.305 0.248 0.542 0.118 0.279 0.403 0.506 0.330 0.333 0.456 0.624 0.397 
 197   (0.006) 0.001 0.004 0.001 0.001 0.000 0.003 0.001 0.001 0.000 0.010 0.000 0.002 0.004 0.002 0.001 
 193   (0.006) 0.002 0.004 0.001 0.001 0.002 0.003 0.001 0.001 0.000 0.002 0.000 0.001 0.004 0.002 0.002 

Locus 10 : 10 
7 alleles
0.4% missing data
 232   (0.248) 0.161 0.269 0.373 0.219 0.287 0.208 0.573 0.154 0.278 0.291 0.127 0.222 0.265 0.170 0.063 
 238   (0.559) 0.712 0.555 0.448 0.367 0.591 0.643 0.132 0.669 0.344 0.501 0.747 0.708 0.557 0.728 0.839 
 252   (0.108) 0.111 0.094 0.171 0.016 0.107 0.084 0.278 0.124 0.033 0.156 0.014 0.058 0.100 0.062 0.083 
 254   (0.047) 0.009 0.043 0.005 0.392 0.015 0.035 0.014 0.046 0.262 0.035 0.082 0.007 0.041 0.021 0.009 
 248   (0.018) 0.003 0.020 0.002 0.002 0.000 0.016 0.002 0.003 0.082 0.009 0.001 0.002 0.017 0.009 0.003 
 250   (0.014) 0.002 0.014 0.001 0.002 0.000 0.010 0.001 0.002 0.001 0.005 0.029 0.002 0.015 0.008 0.002 
 236   (0.006) 0.001 0.005 0.001 0.001 0.000 0.004 0.001 0.002 0.001 0.003 0.000 0.001 0.005 0.002 0.001 

Locus 11 : 11 
4 alleles
0.0% missing data
  87   (0.690) 0.855 0.696 0.561 0.964 0.644 0.725 0.346 0.640 0.534 0.685 0.497 0.850 0.698 0.747 0.865 
  89   (0.240) 0.112 0.246 0.362 0.028 0.302 0.227 0.628 0.347 0.385 0.218 0.153 0.124 0.245 0.221 0.086 
  91   (0.054) 0.030 0.045 0.076 0.006 0.053 0.037 0.024 0.011 0.081 0.081 0.182 0.024 0.044 0.027 0.013 
  85   (0.016) 0.003 0.013 0.001 0.002 0.000 0.010 0.002 0.003 0.001 0.016 0.169 0.002 0.013 0.006 0.036 

Locus 12 : 12 
13 alleles
0.4% missing data
 160   (0.213) 0.172 0.218 0.192 0.598 0.110 0.218 0.036 0.061 0.720 0.208 0.421 0.314 0.212 0.247 0.207 
 162   (0.245) 0.155 0.240 0.096 0.064 0.211 0.276 0.762 0.479 0.229 0.249 0.014 0.297 0.252 0.291 0.378 
 147   (0.049) 0.041 0.044 0.357 0.005 0.116 0.051 0.092 0.088 0.003 0.018 0.003 0.017 0.041 0.055 0.012 
 158   (0.231) 0.291 0.245 0.317 0.028 0.531 0.204 0.079 0.188 0.022 0.277 0.096 0.193 0.243 0.176 0.103 
 161   (0.108) 0.204 0.098 0.024 0.116 0.022 0.105 0.015 0.151 0.016 0.121 0.271 0.057 0.102 0.110 0.032 
 170   (0.052) 0.030 0.059 0.005 0.006 0.008 0.057 0.007 0.010 0.003 0.061 0.028 0.031 0.058 0.053 0.013 
 143   (0.031) 0.005 0.030 0.003 0.175 0.001 0.026 0.003 0.005 0.002 0.037 0.162 0.008 0.032 0.015 0.010 
 154   (0.016) 0.003 0.023 0.002 0.002 0.000 0.018 0.002 0.006 0.001 0.006 0.001 0.002 0.019 0.012 0.006 
 149   (0.022) 0.060 0.017 0.002 0.002 0.001 0.014 0.002 0.005 0.001 0.006 0.001 0.071 0.017 0.009 0.233 
 153   (0.011) 0.002 0.012 0.001 0.001 0.000 0.009 0.001 0.003 0.001 0.010 0.001 0.002 0.011 0.005 0.002 
 150   (0.006) 0.014 0.004 0.001 0.001 0.000 0.003 0.001 0.001 0.000 0.002 0.000 0.005 0.004 0.002 0.001 
 159   (0.008) 0.021 0.005 0.001 0.001 0.000 0.013 0.001 0.001 0.000 0.003 0.000 0.001 0.005 0.021 0.002 
 164   (0.007) 0.001 0.006 0.001 0.001 0.000 0.004 0.001 0.001 0.000 0.002 0.000 0.001 0.005 0.002 0.001 

Locus 13 : 13 
5 alleles
0.0% missing data
 108   (0.200) 0.204 0.206 0.151 0.337 0.163 0.175 0.407 0.148 0.199 0.274 0.297 0.069 0.191 0.161 0.051 
 115   (0.447) 0.411 0.441 0.316 0.090 0.580 0.465 0.527 0.501 0.285 0.464 0.378 0.591 0.443 0.471 0.687 
 113   (0.340) 0.382 0.343 0.532 0.571 0.256 0.352 0.065 0.349 0.515 0.258 0.325 0.338 0.354 0.363 0.260 
 109   (0.006) 0.001 0.005 0.001 0.001 0.000 0.004 0.001 0.001 0.000 0.002 0.000 0.001 0.006 0.003 0.001 
 110   (0.006) 0.002 0.005 0.001 0.001 0.000 0.004 0.000 0.001 0.000 0.002 0.000 0.001 0.006 0.002 0.001 

Locus 14 : 14 
5 alleles
1.2% missing data
 227   (0.135) 0.342 0.131 0.320 0.254 0.258 0.172 0.061 0.037 0.016 0.077 0.008 0.314 0.134 0.216 0.055 
 231   (0.157) 0.036 0.164 0.107 0.273 0.094 0.130 0.027 0.456 0.351 0.147 0.354 0.030 0.157 0.093 0.040 
 229   (0.508) 0.487 0.516 0.450 0.093 0.463 0.497 0.862 0.289 0.416 0.673 0.470 0.527 0.513 0.485 0.853 
 225   (0.136) 0.117 0.136 0.024 0.226 0.088 0.153 0.019 0.146 0.213 0.076 0.060 0.064 0.135 0.176 0.037 
 233   (0.064) 0.019 0.054 0.099 0.154 0.097 0.048 0.031 0.072 0.004 0.027 0.108 0.066 0.061 0.030 0.015 

Locus 15 : 15 
5 alleles
0.4% missing data
 143   (0.843) 0.761 0.840 0.977 0.720 0.969 0.873 0.983 0.870 0.817 0.883 0.622 0.895 0.847 0.894 0.934 
 157   (0.007) 0.001 0.004 0.001 0.001 0.018 0.003 0.001 0.001 0.000 0.002 0.000 0.001 0.004 0.002 0.001 
 145   (0.088) 0.059 0.091 0.016 0.272 0.011 0.075 0.010 0.118 0.006 0.052 0.183 0.080 0.090 0.065 0.052 
 147   (0.048) 0.175 0.053 0.005 0.006 0.001 0.040 0.005 0.008 0.145 0.025 0.194 0.022 0.049 0.033 0.010 
 133   (0.014) 0.004 0.012 0.001 0.001 0.000 0.008 0.002 0.002 0.032 0.038 0.001 0.002 0.011 0.006 0.002 

Locus 16 : 16 
5 alleles
0.2% missing data
 156   (0.227) 0.252 0.207 0.082 0.514 0.304 0.202 0.199 0.321 0.501 0.383 0.162 0.227 0.209 0.186 0.053 
 158   (0.538) 0.595 0.557 0.733 0.253 0.498 0.564 0.324 0.476 0.199 0.465 0.314 0.681 0.567 0.577 0.607 
 160   (0.140) 0.121 0.138 0.175 0.016 0.152 0.148 0.466 0.146 0.112 0.098 0.118 0.060 0.129 0.165 0.314 
 154   (0.085) 0.030 0.093 0.010 0.216 0.046 0.077 0.011 0.056 0.187 0.051 0.406 0.020 0.090 0.059 0.024 
 152   (0.009) 0.002 0.006 0.001 0.001 0.000 0.009 0.001 0.001 0.001 0.003 0.000 0.013 0.006 0.013 0.002 

Locus 17 : 17 
5 alleles
0.0% missing data
 102   (0.202) 0.242 0.194 0.166 0.024 0.249 0.266 0.095 0.183 0.198 0.107 0.039 0.092 0.202 0.321 0.343 
  90   (0.679) 0.714 0.672 0.806 0.577 0.721 0.625 0.603 0.794 0.794 0.808 0.323 0.882 0.663 0.587 0.375 
  88   (0.071) 0.019 0.076 0.023 0.008 0.029 0.066 0.297 0.013 0.005 0.036 0.467 0.012 0.079 0.046 0.273 
 100   (0.041) 0.008 0.054 0.004 0.391 0.001 0.039 0.004 0.009 0.002 0.048 0.171 0.013 0.051 0.044 0.008 
 104   (0.007) 0.018 0.004 0.001 0.001 0.000 0.004 0.001 0.001 0.000 0.002 0.000 0.001 0.004 0.003 0.001 

Locus 18 : 18 
7 alleles
0.0% missing data
 142   (0.125) 0.137 0.122 0.379 0.015 0.419 0.110 0.793 0.024 0.008 0.168 0.019 0.070 0.130 0.083 0.082 
 146   (0.077) 0.023 0.065 0.025 0.008 0.192 0.119 0.035 0.082 0.225 0.069 0.005 0.043 0.074 0.163 0.109 
 140   (0.290) 0.357 0.309 0.421 0.277 0.087 0.267 0.046 0.499 0.179 0.233 0.299 0.220 0.296 0.266 0.496 
 127   (0.301) 0.210 0.314 0.101 0.547 0.228 0.302 0.075 0.234 0.060 0.399 0.385 0.393 0.312 0.300 0.186 
 148   (0.100) 0.056 0.097 0.048 0.011 0.055 0.113 0.035 0.116 0.216 0.039 0.067 0.063 0.091 0.118 0.043 
 150   (0.055) 0.124 0.044 0.005 0.005 0.001 0.044 0.006 0.013 0.308 0.052 0.223 0.191 0.051 0.036 0.068 
 138   (0.052) 0.093 0.050 0.021 0.136 0.018 0.043 0.010 0.033 0.004 0.039 0.003 0.019 0.046 0.033 0.016 

Locus 19 : 19 
8 alleles
0.2% missing data
 188   (0.181) 0.298 0.196 0.173 0.019 0.097 0.172 0.564 0.067 0.169 0.187 0.011 0.127 0.193 0.146 0.045 
 190   (0.123) 0.179 0.099 0.326 0.013 0.415 0.091 0.014 0.241 0.200 0.098 0.041 0.219 0.099 0.075 0.376 
 194   (0.578) 0.490 0.589 0.490 0.956 0.485 0.585 0.412 0.604 0.481 0.633 0.555 0.568 0.593 0.578 0.200 
 202   (0.017) 0.003 0.013 0.001 0.002 0.000 0.010 0.001 0.003 0.144 0.006 0.042 0.002 0.014 0.007 0.003 
 200   (0.083) 0.026 0.089 0.008 0.008 0.002 0.132 0.007 0.078 0.005 0.064 0.312 0.081 0.089 0.187 0.373 
 192   (0.006) 0.002 0.005 0.001 0.001 0.000 0.004 0.000 0.004 0.000 0.002 0.000 0.001 0.005 0.003 0.001 
 196   (0.006) 0.001 0.004 0.001 0.001 0.000 0.003 0.000 0.001 0.000 0.009 0.000 0.001 0.004 0.002 0.001 
 198   (0.007) 0.001 0.004 0.001 0.001 0.000 0.003 0.000 0.001 0.000 0.002 0.037 0.001 0.004 0.002 0.001 

Locus 20 : 20 
6 alleles
0.8% missing data
 252   (0.700) 0.786 0.721 0.712 0.387 0.848 0.757 0.818 0.743 0.728 0.820 0.075 0.737 0.718 0.786 0.561 
 250   (0.085) 0.169 0.077 0.047 0.348 0.099 0.062 0.010 0.070 0.142 0.030 0.427 0.026 0.074 0.049 0.140 
 244   (0.023) 0.006 0.017 0.002 0.005 0.007 0.014 0.149 0.007 0.002 0.010 0.047 0.009 0.017 0.011 0.007 
 254   (0.076) 0.016 0.064 0.010 0.099 0.032 0.073 0.010 0.056 0.081 0.066 0.243 0.146 0.068 0.074 0.017 
 246   (0.093) 0.018 0.089 0.226 0.158 0.004 0.071 0.010 0.120 0.046 0.062 0.207 0.079 0.087 0.051 0.271 
 248   (0.023) 0.004 0.032 0.003 0.003 0.010 0.023 0.004 0.004 0.001 0.012 0.001 0.003 0.035 0.029 0.004 

Locus 21 : 21 
7 alleles
0.2% missing data
 173   (0.292) 0.523 0.264 0.148 0.120 0.372 0.334 0.150 0.313 0.212 0.341 0.208 0.550 0.271 0.371 0.074 
 177   (0.264) 0.276 0.286 0.635 0.272 0.277 0.270 0.186 0.082 0.167 0.216 0.041 0.244 0.284 0.276 0.508 
 175   (0.140) 0.060 0.132 0.024 0.484 0.026 0.120 0.017 0.321 0.257 0.129 0.502 0.081 0.131 0.102 0.037 
 167   (0.196) 0.109 0.194 0.179 0.111 0.319 0.178 0.636 0.143 0.122 0.261 0.069 0.108 0.195 0.174 0.091 
 163   (0.039) 0.013 0.039 0.004 0.004 0.002 0.030 0.004 0.015 0.228 0.025 0.107 0.008 0.037 0.023 0.008 
 165   (0.049) 0.010 0.052 0.009 0.006 0.004 0.041 0.005 0.122 0.013 0.022 0.071 0.007 0.053 0.035 0.278 
 159   (0.020) 0.008 0.034 0.002 0.002 0.000 0.027 0.002 0.003 0.001 0.006 0.001 0.003 0.028 0.019 0.004 

Locus 22 : 22 
11 alleles
0.6% missing data
 146   (0.230) 0.161 0.225 0.216 0.072 0.230 0.266 0.838 0.169 0.138 0.212 0.014 0.350 0.236 0.282 0.289 
 154   (0.007) 0.001 0.004 0.002 0.001 0.069 0.003 0.001 0.001 0.000 0.002 0.000 0.001 0.004 0.002 0.001 
 166   (0.090) 0.025 0.110 0.265 0.113 0.029 0.094 0.010 0.076 0.006 0.046 0.005 0.025 0.112 0.087 0.022 
 152   (0.423) 0.698 0.416 0.447 0.506 0.638 0.433 0.121 0.506 0.367 0.545 0.100 0.544 0.405 0.478 0.597 
 150   (0.031) 0.014 0.029 0.009 0.111 0.006 0.027 0.004 0.006 0.002 0.011 0.102 0.007 0.035 0.025 0.007 
 164   (0.035) 0.010 0.029 0.043 0.005 0.011 0.023 0.005 0.055 0.002 0.028 0.068 0.007 0.027 0.017 0.007 
 156   (0.019) 0.020 0.014 0.002 0.002 0.000 0.011 0.002 0.004 0.303 0.005 0.113 0.008 0.013 0.006 0.004 
 162   (0.052) 0.037 0.057 0.005 0.007 0.001 0.050 0.005 0.047 0.071 0.041 0.138 0.010 0.053 0.037 0.020 
 158   (0.089) 0.030 0.098 0.009 0.011 0.015 0.077 0.012 0.131 0.109 0.102 0.430 0.020 0.094 0.057 0.048 
 148   (0.009) 0.001 0.007 0.001 0.172 0.000 0.005 0.001 0.001 0.001 0.003 0.000 0.001 0.006 0.003 0.001 
 142   (0.014) 0.002 0.011 0.001 0.001 0.000 0.010 0.001 0.002 0.001 0.004 0.028 0.028 0.014 0.006 0.003 

Locus 23 : 23 
7 alleles
0.8% missing data
 152   (0.013) 0.002 0.009 0.089 0.001 0.062 0.007 0.001 0.002 0.001 0.003 0.001 0.002 0.008 0.005 0.002 
 156   (0.121) 0.084 0.123 0.092 0.015 0.034 0.105 0.013 0.124 0.030 0.244 0.430 0.032 0.127 0.090 0.028 
 144   (0.178) 0.235 0.167 0.152 0.603 0.184 0.165 0.026 0.193 0.638 0.114 0.244 0.298 0.165 0.169 0.050 
 160   (0.105) 0.160 0.100 0.296 0.013 0.181 0.108 0.012 0.140 0.106 0.051 0.012 0.060 0.097 0.124 0.319 
 154   (0.546) 0.511 0.563 0.367 0.363 0.536 0.582 0.921 0.530 0.223 0.573 0.173 0.603 0.567 0.586 0.593 
 158   (0.028) 0.006 0.031 0.003 0.003 0.003 0.028 0.026 0.010 0.002 0.009 0.140 0.004 0.029 0.023 0.006 
 146   (0.008) 0.001 0.008 0.001 0.001 0.000 0.006 0.001 0.001 0.000 0.005 0.000 0.001 0.007 0.003 0.001 

Locus 24 : 24 
4 alleles
0.4% missing data
  77   (0.081) 0.060 0.071 0.025 0.009 0.326 0.092 0.031 0.085 0.049 0.109 0.005 0.045 0.067 0.112 0.040 
  83   (0.462) 0.525 0.453 0.580 0.688 0.484 0.419 0.230 0.599 0.921 0.396 0.586 0.422 0.453 0.399 0.749 
  81   (0.368) 0.286 0.390 0.359 0.293 0.169 0.408 0.728 0.272 0.024 0.352 0.380 0.437 0.397 0.415 0.188 
  85   (0.088) 0.128 0.086 0.036 0.010 0.021 0.080 0.012 0.044 0.006 0.143 0.029 0.095 0.083 0.073 0.023 

Locus 25 : 25 
6 alleles
0.4% missing data
 132   (0.313) 0.269 0.324 0.126 0.181 0.530 0.302 0.909 0.453 0.456 0.235 0.021 0.407 0.328 0.278 0.205 
 124   (0.534) 0.618 0.529 0.833 0.414 0.396 0.548 0.067 0.420 0.535 0.699 0.468 0.452 0.525 0.563 0.752 
 126   (0.025) 0.006 0.022 0.026 0.003 0.058 0.017 0.003 0.005 0.001 0.009 0.011 0.003 0.020 0.010 0.005 
 122   (0.095) 0.098 0.095 0.011 0.110 0.015 0.110 0.018 0.102 0.006 0.044 0.475 0.133 0.099 0.134 0.032 
 120   (0.019) 0.003 0.017 0.002 0.291 0.000 0.013 0.002 0.004 0.001 0.008 0.022 0.002 0.015 0.008 0.003 
 136   (0.015) 0.007 0.013 0.002 0.002 0.001 0.011 0.001 0.015 0.001 0.005 0.002 0.002 0.013 0.007 0.004 

Locus 26 : 26 
7 alleles
0.2% missing data
 165   (0.247) 0.125 0.245 0.156 0.323 0.118 0.238 0.685 0.340 0.054 0.227 0.116 0.346 0.246 0.236 0.207 
 183   (0.348) 0.385 0.353 0.455 0.294 0.582 0.314 0.198 0.457 0.425 0.328 0.212 0.335 0.341 0.295 0.616 
 179   (0.088) 0.033 0.083 0.101 0.343 0.056 0.106 0.017 0.019 0.005 0.072 0.280 0.046 0.079 0.121 0.046 
 175   (0.248) 0.444 0.249 0.281 0.031 0.242 0.289 0.094 0.156 0.451 0.221 0.016 0.265 0.268 0.301 0.119 
 181   (0.052) 0.009 0.058 0.005 0.007 0.001 0.045 0.005 0.026 0.064 0.147 0.262 0.007 0.053 0.041 0.009 
 185   (0.010) 0.002 0.007 0.001 0.001 0.000 0.006 0.001 0.002 0.001 0.004 0.114 0.001 0.007 0.003 0.002 
 157   (0.006) 0.001 0.005 0.001 0.001 0.000 0.004 0.001 0.001 0.000 0.002 0.000 0.001 0.005 0.002 0.001 

Locus 27 : 27 
4 alleles
0.2% missing data
 142   (0.641) 0.782 0.652 0.602 0.309 0.705 0.646 0.340 0.678 0.742 0.595 0.523 0.824 0.651 0.648 0.716 
 148   (0.205) 0.148 0.208 0.183 0.674 0.076 0.185 0.378 0.251 0.065 0.226 0.266 0.078 0.207 0.162 0.052 
 138   (0.045) 0.012 0.037 0.204 0.005 0.208 0.031 0.271 0.018 0.003 0.021 0.048 0.026 0.038 0.023 0.024 
 150   (0.108) 0.058 0.103 0.012 0.012 0.011 0.139 0.011 0.053 0.190 0.158 0.163 0.073 0.104 0.167 0.208 

Locus 28 : 28 
6 alleles
0.8% missing data
 260   (0.385) 0.439 0.402 0.504 0.134 0.343 0.434 0.280 0.300 0.378 0.231 0.219 0.543 0.413 0.477 0.493 
 262   (0.506) 0.398 0.485 0.485 0.852 0.651 0.463 0.707 0.659 0.549 0.682 0.694 0.397 0.483 0.433 0.475 
 256   (0.077) 0.095 0.084 0.008 0.011 0.005 0.079 0.011 0.036 0.072 0.064 0.085 0.042 0.076 0.074 0.027 
 258   (0.010) 0.002 0.012 0.001 0.001 0.000 0.011 0.001 0.002 0.001 0.003 0.001 0.001 0.011 0.006 0.002 
 266   (0.006) 0.001 0.004 0.001 0.001 0.000 0.003 0.000 0.001 0.000 0.002 0.000 0.012 0.004 0.002 0.001 
 264   (0.015) 0.066 0.013 0.001 0.001 0.000 0.010 0.001 0.002 0.001 0.019 0.001 0.005 0.011 0.008 0.003 

Locus 29 : 29 
7 alleles
0.2% missing data
 146   (0.280) 0.466 0.297 0.301 0.035 0.171 0.258 0.086 0.349 0.333 0.262 0.324 0.152 0.294 0.255 0.462 
 150   (0.436) 0.375 0.431 0.429 0.141 0.705 0.473 0.160 0.406 0.290 0.579 0.241 0.595 0.443 0.501 0.182 
 140   (0.177) 0.127 0.177 0.033 0.812 0.080 0.191 0.689 0.169 0.058 0.118 0.389 0.147 0.173 0.193 0.122 
 148   (0.063) 0.013 0.055 0.223 0.007 0.037 0.045 0.058 0.050 0.316 0.023 0.035 0.043 0.052 0.030 0.148 
 152   (0.027) 0.016 0.029 0.003 0.003 0.001 0.023 0.004 0.004 0.002 0.013 0.010 0.061 0.028 0.014 0.066 
 151   (0.009) 0.001 0.006 0.010 0.001 0.005 0.006 0.002 0.002 0.001 0.003 0.001 0.001 0.006 0.004 0.007 
 142   (0.008) 0.001 0.005 0.001 0.001 0.001 0.004 0.001 0.019 0.000 0.003 0.000 0.001 0.005 0.002 0.014 

Locus 30 : 30 
6 alleles
0.2% missing data
 125   (0.285) 0.083 0.320 0.304 0.138 0.475 0.257 0.631 0.308 0.029 0.348 0.142 0.078 0.314 0.220 0.097 
 129   (0.428) 0.639 0.407 0.637 0.211 0.474 0.457 0.307 0.421 0.787 0.390 0.080 0.590 0.407 0.490 0.474 
 123   (0.153) 0.249 0.142 0.047 0.018 0.048 0.152 0.047 0.111 0.101 0.181 0.111 0.271 0.148 0.161 0.093 
 127   (0.086) 0.016 0.085 0.008 0.587 0.002 0.078 0.010 0.150 0.079 0.049 0.526 0.038 0.078 0.069 0.324 
 121   (0.012) 0.002 0.010 0.001 0.041 0.000 0.008 0.001 0.003 0.001 0.006 0.001 0.002 0.011 0.004 0.002 
 131   (0.036) 0.009 0.036 0.003 0.004 0.001 0.048 0.003 0.007 0.002 0.026 0.141 0.021 0.042 0.056 0.009 

Locus 31 : 31 
6 alleles
0.2% missing data
 159   (0.172) 0.375 0.157 0.111 0.020 0.139 0.198 0.060 0.294 0.011 0.270 0.200 0.191 0.154 0.233 0.059 
 155   (0.545) 0.276 0.574 0.849 0.524 0.688 0.498 0.590 0.426 0.709 0.477 0.423 0.601 0.580 0.435 0.484 
 157   (0.182) 0.145 0.173 0.030 0.115 0.092 0.216 0.300 0.252 0.020 0.204 0.061 0.168 0.174 0.251 0.434 
 153   (0.064) 0.196 0.063 0.006 0.097 0.078 0.062 0.043 0.012 0.004 0.025 0.305 0.034 0.061 0.065 0.015 
 151   (0.031) 0.006 0.028 0.003 0.243 0.002 0.022 0.004 0.015 0.255 0.022 0.010 0.004 0.026 0.013 0.007 
 163   (0.007) 0.002 0.005 0.001 0.001 0.001 0.004 0.001 0.001 0.001 0.002 0.000 0.002 0.005 0.002 0.001 

Locus 32 : 32 
5 alleles
0.0% missing data
 146   (0.323) 0.379 0.345 0.053 0.584 0.068 0.321 0.065 0.266 0.313 0.361 0.650 0.339 0.342 0.325 0.215 
 150   (0.564) 0.535 0.551 0.867 0.403 0.856 0.587 0.923 0.508 0.638 0.594 0.252 0.620 0.556 0.605 0.417 
 148   (0.060) 0.028 0.054 0.074 0.007 0.075 0.046 0.006 0.117 0.045 0.019 0.033 0.012 0.049 0.031 0.353 
 154   (0.038) 0.009 0.038 0.005 0.004 0.001 0.032 0.005 0.107 0.002 0.020 0.064 0.008 0.040 0.024 0.009 
 152   (0.015) 0.049 0.011 0.001 0.002 0.000 0.014 0.001 0.002 0.001 0.006 0.001 0.021 0.013 0.014 0.006 

Locus 33 : 33 
7 alleles
0.0% missing data
 180   (0.460) 0.224 0.472 0.370 0.698 0.608 0.455 0.429 0.526 0.671 0.415 0.358 0.416 0.476 0.437 0.512 
 196   (0.113) 0.209 0.111 0.205 0.013 0.187 0.107 0.112 0.050 0.007 0.103 0.025 0.133 0.111 0.111 0.025 
 184   (0.196) 0.426 0.190 0.121 0.265 0.146 0.154 0.430 0.276 0.071 0.201 0.185 0.314 0.179 0.130 0.082 
 194   (0.010) 0.002 0.006 0.032 0.001 0.039 0.005 0.001 0.002 0.001 0.003 0.001 0.001 0.006 0.003 0.002 
 192   (0.138) 0.117 0.140 0.013 0.015 0.005 0.188 0.016 0.102 0.182 0.195 0.165 0.112 0.137 0.215 0.360 
 198   (0.067) 0.015 0.068 0.257 0.007 0.013 0.058 0.010 0.021 0.067 0.064 0.266 0.012 0.079 0.048 0.017 
 190   (0.016) 0.007 0.012 0.002 0.002 0.000 0.034 0.002 0.023 0.001 0.019 0.001 0.011 0.011 0.056 0.003 

Locus 34 : 34 
6 alleles
0.0% missing data
 110   (0.191) 0.065 0.194 0.171 0.216 0.368 0.195 0.273 0.223 0.072 0.123 0.111 0.082 0.190 0.194 0.177 
 112   (0.348) 0.467 0.367 0.727 0.039 0.514 0.348 0.067 0.294 0.057 0.335 0.049 0.378 0.364 0.332 0.412 
 106   (0.278) 0.364 0.247 0.080 0.223 0.092 0.286 0.582 0.407 0.709 0.390 0.247 0.439 0.259 0.312 0.159 
  90   (0.038) 0.008 0.031 0.006 0.403 0.019 0.033 0.062 0.008 0.002 0.036 0.002 0.007 0.032 0.033 0.219 
 108   (0.136) 0.094 0.153 0.015 0.118 0.007 0.132 0.016 0.066 0.113 0.111 0.591 0.093 0.148 0.126 0.030 
  96   (0.010) 0.002 0.007 0.001 0.001 0.000 0.006 0.001 0.002 0.046 0.004 0.001 0.002 0.007 0.003 0.003 

Locus 35 : 35 
9 alleles
0.0% missing data
 166   (0.055) 0.031 0.044 0.184 0.007 0.285 0.041 0.009 0.055 0.004 0.020 0.003 0.158 0.047 0.036 0.109 
 176   (0.098) 0.023 0.097 0.369 0.012 0.130 0.075 0.022 0.217 0.015 0.128 0.097 0.014 0.094 0.054 0.034 
 172   (0.325) 0.418 0.332 0.219 0.041 0.454 0.367 0.453 0.139 0.585 0.216 0.167 0.416 0.349 0.404 0.274 
 170   (0.274) 0.275 0.266 0.155 0.614 0.124 0.244 0.479 0.517 0.326 0.253 0.349 0.213 0.254 0.224 0.197 
 174   (0.131) 0.035 0.136 0.015 0.015 0.005 0.164 0.012 0.048 0.063 0.302 0.043 0.166 0.132 0.193 0.359 
 178   (0.039) 0.066 0.044 0.050 0.005 0.002 0.039 0.018 0.008 0.002 0.027 0.002 0.010 0.042 0.027 0.010 
 168   (0.054) 0.020 0.058 0.005 0.304 0.001 0.051 0.006 0.013 0.003 0.048 0.319 0.020 0.062 0.043 0.013 
 186   (0.016) 0.131 0.016 0.002 0.002 0.000 0.015 0.001 0.003 0.001 0.005 0.019 0.002 0.014 0.016 0.003 
 158   (0.006) 0.001 0.006 0.001 0.001 0.000 0.005 0.001 0.001 0.000 0.002 0.000 0.001 0.005 0.003 0.001 

Locus 36 : 36 
6 alleles
0.0% missing data
  89   (0.572) 0.785 0.585 0.716 0.375 0.661 0.625 0.234 0.499 0.509 0.553 0.603 0.551 0.589 0.682 0.661 
  95   (0.060) 0.020 0.055 0.022 0.007 0.081 0.054 0.038 0.084 0.005 0.023 0.027 0.118 0.053 0.049 0.016 
  85   (0.163) 0.138 0.147 0.220 0.493 0.224 0.127 0.263 0.145 0.234 0.206 0.015 0.180 0.150 0.093 0.268 
  81   (0.062) 0.014 0.067 0.006 0.008 0.006 0.058 0.008 0.176 0.004 0.134 0.004 0.031 0.063 0.045 0.015 
  83   (0.124) 0.040 0.131 0.033 0.014 0.027 0.123 0.455 0.093 0.247 0.077 0.326 0.109 0.129 0.123 0.037 
  91   (0.019) 0.004 0.015 0.002 0.104 0.000 0.013 0.002 0.003 0.001 0.005 0.026 0.012 0.016 0.008 0.004 

Locus 37 : 37 
10 alleles
0.0% missing data
 161   (0.346) 0.129 0.337 0.528 0.431 0.573 0.329 0.086 0.395 0.374 0.513 0.707 0.268 0.332 0.332 0.420 
 165   (0.229) 0.245 0.245 0.277 0.132 0.166 0.221 0.059 0.186 0.101 0.148 0.113 0.346 0.245 0.213 0.088 
 159   (0.013) 0.002 0.010 0.009 0.001 0.035 0.009 0.001 0.002 0.001 0.004 0.001 0.007 0.013 0.005 0.003 
 173   (0.255) 0.419 0.249 0.083 0.224 0.127 0.287 0.165 0.386 0.514 0.204 0.170 0.199 0.248 0.306 0.421 
 169   (0.102) 0.185 0.100 0.098 0.206 0.088 0.102 0.684 0.021 0.006 0.107 0.006 0.112 0.105 0.107 0.057 
 167   (0.017) 0.003 0.016 0.002 0.002 0.009 0.019 0.002 0.003 0.002 0.009 0.001 0.003 0.019 0.018 0.004 
 168   (0.010) 0.002 0.012 0.001 0.001 0.000 0.011 0.001 0.002 0.001 0.003 0.001 0.001 0.011 0.006 0.002 
 155   (0.013) 0.003 0.020 0.001 0.001 0.000 0.015 0.001 0.003 0.001 0.006 0.001 0.002 0.017 0.009 0.002 
 177   (0.006) 0.001 0.005 0.001 0.001 0.000 0.004 0.000 0.001 0.000 0.003 0.000 0.001 0.005 0.003 0.002 
 175   (0.008) 0.011 0.005 0.001 0.001 0.000 0.004 0.001 0.001 0.000 0.002 0.000 0.063 0.005 0.002 0.001 

Locus 38 : 38 
6 alleles
0.6% missing data
  87   (0.093) 0.031 0.077 0.139 0.554 0.169 0.091 0.012 0.113 0.128 0.062 0.437 0.030 0.075 0.101 0.026 
  89   (0.436) 0.452 0.457 0.670 0.051 0.588 0.453 0.744 0.218 0.092 0.524 0.228 0.670 0.461 0.468 0.389 
  91   (0.165) 0.094 0.165 0.026 0.209 0.131 0.167 0.204 0.207 0.186 0.170 0.100 0.057 0.174 0.174 0.098 
  81   (0.116) 0.074 0.119 0.083 0.013 0.080 0.104 0.012 0.220 0.115 0.070 0.007 0.067 0.116 0.080 0.421 
  85   (0.183) 0.348 0.177 0.081 0.173 0.029 0.181 0.028 0.242 0.479 0.173 0.227 0.174 0.170 0.175 0.064 
  83   (0.006) 0.001 0.004 0.001 0.001 0.003 0.003 0.001 0.001 0.000 0.002 0.000 0.001 0.004 0.002 0.002 

Locus 39 : 39 
4 alleles
0.6% missing data
 167   (0.788) 0.929 0.773 0.926 0.685 0.910 0.801 0.931 0.946 0.859 0.868 0.394 0.694 0.786 0.823 0.813 
 161   (0.175) 0.063 0.194 0.070 0.311 0.088 0.164 0.061 0.047 0.138 0.115 0.457 0.220 0.178 0.144 0.174 
 165   (0.031) 0.007 0.027 0.003 0.003 0.001 0.031 0.007 0.006 0.002 0.016 0.148 0.086 0.031 0.029 0.012 
 177   (0.006) 0.001 0.006 0.001 0.001 0.000 0.004 0.001 0.001 0.001 0.002 0.000 0.001 0.006 0.004 0.001 

Locus 40 : 40 
6 alleles
0.4% missing data
 228   (0.416) 0.626 0.396 0.656 0.551 0.522 0.415 0.726 0.443 0.233 0.383 0.119 0.470 0.402 0.421 0.631 
 238   (0.335) 0.240 0.357 0.268 0.081 0.324 0.348 0.068 0.270 0.117 0.432 0.069 0.344 0.356 0.335 0.087 
 224   (0.023) 0.004 0.017 0.046 0.002 0.090 0.013 0.003 0.014 0.001 0.007 0.011 0.003 0.016 0.008 0.217 
 236   (0.106) 0.026 0.102 0.017 0.351 0.061 0.098 0.192 0.115 0.386 0.056 0.285 0.041 0.100 0.099 0.033 
 232   (0.012) 0.002 0.010 0.003 0.001 0.000 0.007 0.001 0.002 0.001 0.036 0.001 0.002 0.010 0.005 0.002 
 240   (0.109) 0.102 0.119 0.010 0.013 0.002 0.120 0.011 0.157 0.261 0.086 0.516 0.140 0.117 0.132 0.029 

Locus 41 : 41 
7 alleles
0.0% missing data
 128   (0.114) 0.049 0.104 0.065 0.012 0.138 0.114 0.233 0.073 0.032 0.135 0.007 0.280 0.108 0.127 0.235 
 130   (0.536) 0.464 0.552 0.594 0.061 0.613 0.547 0.694 0.515 0.781 0.558 0.737 0.400 0.553 0.545 0.517 
 114   (0.052) 0.011 0.049 0.040 0.498 0.109 0.040 0.032 0.076 0.003 0.033 0.003 0.007 0.048 0.028 0.010 
 132   (0.120) 0.405 0.115 0.281 0.014 0.132 0.114 0.020 0.151 0.047 0.140 0.007 0.157 0.113 0.120 0.028 
 118   (0.061) 0.029 0.054 0.006 0.204 0.002 0.071 0.009 0.012 0.130 0.055 0.072 0.086 0.057 0.082 0.038 
 134   (0.110) 0.042 0.120 0.012 0.211 0.007 0.110 0.013 0.173 0.007 0.077 0.174 0.068 0.115 0.097 0.171 
 136   (0.006) 0.001 0.005 0.001 0.001 0.000 0.004 0.001 0.001 0.000 0.002 0.000 0.001 0.005 0.002 0.001 

Locus 42 : 42 
6 alleles
1.2% missing data
 102   (0.268) 0.418 0.269 0.430 0.573 0.415 0.288 0.074 0.409 0.476 0.170 0.015 0.282 0.269 0.329 0.227 
 104   (0.405) 0.300 0.429 0.152 0.050 0.198 0.460 0.102 0.327 0.413 0.416 0.232 0.568 0.432 0.477 0.678 
  92   (0.108) 0.155 0.099 0.276 0.051 0.106 0.085 0.014 0.086 0.007 0.219 0.315 0.023 0.100 0.066 0.034 
  96   (0.074) 0.015 0.070 0.068 0.096 0.061 0.053 0.707 0.056 0.005 0.081 0.176 0.028 0.067 0.042 0.019 
  98   (0.138) 0.109 0.129 0.073 0.229 0.219 0.109 0.102 0.120 0.099 0.111 0.261 0.098 0.127 0.084 0.040 
 106   (0.006) 0.002 0.005 0.001 0.001 0.001 0.004 0.001 0.002 0.001 0.002 0.000 0.001 0.005 0.003 0.002 

Locus 43 : 43 
6 alleles
1.4% missing data
 101   (0.299) 0.402 0.283 0.217 0.035 0.469 0.287 0.089 0.466 0.182 0.408 0.368 0.249 0.288 0.284 0.216 
 103   (0.318) 0.452 0.331 0.368 0.228 0.178 0.353 0.459 0.280 0.352 0.190 0.109 0.431 0.328 0.360 0.139 
  99   (0.143) 0.040 0.151 0.215 0.415 0.031 0.122 0.076 0.066 0.009 0.209 0.181 0.096 0.143 0.102 0.576 
  95   (0.216) 0.102 0.211 0.198 0.170 0.321 0.220 0.375 0.184 0.456 0.182 0.335 0.221 0.219 0.240 0.065 
  97   (0.018) 0.003 0.018 0.002 0.151 0.000 0.014 0.002 0.004 0.001 0.008 0.006 0.002 0.016 0.010 0.003 
  91   (0.006) 0.001 0.006 0.001 0.001 0.000 0.004 0.001 0.001 0.000 0.002 0.000 0.001 0.006 0.004 0.001 

Locus 44 : 44 
7 alleles
0.2% missing data
 177   (0.080) 0.037 0.082 0.160 0.010 0.064 0.072 0.010 0.063 0.005 0.034 0.113 0.057 0.083 0.064 0.017 
 191   (0.288) 0.172 0.315 0.113 0.280 0.186 0.323 0.054 0.300 0.099 0.273 0.632 0.135 0.308 0.334 0.336 
 181   (0.564) 0.778 0.540 0.720 0.521 0.749 0.552 0.930 0.620 0.862 0.660 0.138 0.726 0.541 0.572 0.564 
 189   (0.007) 0.001 0.004 0.001 0.001 0.000 0.003 0.000 0.001 0.030 0.002 0.000 0.001 0.004 0.002 0.001 
 179   (0.043) 0.008 0.044 0.004 0.187 0.001 0.039 0.004 0.012 0.003 0.025 0.107 0.006 0.049 0.022 0.079 
 183   (0.009) 0.002 0.008 0.001 0.001 0.000 0.006 0.001 0.002 0.001 0.004 0.001 0.004 0.008 0.004 0.002 
 193   (0.010) 0.002 0.006 0.001 0.001 0.000 0.005 0.001 0.002 0.001 0.003 0.009 0.072 0.006 0.003 0.002 

Locus 45 : 45 
6 alleles
0.8% missing data
 205   (0.460) 0.547 0.483 0.544 0.249 0.504 0.469 0.868 0.537 0.407 0.368 0.311 0.530 0.485 0.452 0.531 
 211   (0.228) 0.229 0.227 0.110 0.343 0.250 0.212 0.046 0.187 0.274 0.348 0.392 0.105 0.227 0.189 0.292 
 207   (0.144) 0.176 0.140 0.190 0.017 0.127 0.149 0.063 0.092 0.200 0.098 0.071 0.241 0.137 0.157 0.050 
 201   (0.075) 0.030 0.065 0.119 0.380 0.069 0.091 0.012 0.081 0.005 0.104 0.040 0.027 0.065 0.119 0.030 
 215   (0.081) 0.016 0.073 0.036 0.010 0.050 0.071 0.009 0.101 0.114 0.079 0.177 0.095 0.075 0.073 0.094 
 202   (0.011) 0.002 0.012 0.001 0.001 0.000 0.008 0.001 0.002 0.001 0.004 0.008 0.002 0.013 0.008 0.002 

Locus 46 : 46 
10 alleles
1.0% missing data
 144   (0.064) 0.013 0.054 0.082 0.008 0.251 0.061 0.051 0.014 0.128 0.096 0.007 0.038 0.058 0.066 0.067 
 158   (0.154) 0.088 0.157 0.390 0.021 0.114 0.163 0.035 0.267 0.082 0.132 0.122 0.035 0.144 0.168 0.210 
 168   (0.142) 0.032 0.160 0.067 0.216 0.222 0.125 0.055 0.134 0.107 0.113 0.216 0.040 0.151 0.120 0.032 
 166   (0.139) 0.074 0.130 0.123 0.124 0.322 0.118 0.454 0.087 0.388 0.101 0.025 0.308 0.128 0.091 0.038 
 142   (0.362) 0.676 0.371 0.305 0.047 0.087 0.426 0.389 0.437 0.285 0.292 0.143 0.511 0.395 0.478 0.626 
 170   (0.016) 0.003 0.012 0.001 0.002 0.001 0.009 0.002 0.005 0.001 0.039 0.046 0.002 0.011 0.006 0.004 
 156   (0.028) 0.028 0.027 0.015 0.466 0.001 0.024 0.003 0.005 0.002 0.009 0.084 0.005 0.025 0.020 0.005 
 162   (0.046) 0.012 0.041 0.004 0.110 0.001 0.035 0.005 0.038 0.003 0.070 0.162 0.054 0.044 0.021 0.008 
 164   (0.042) 0.072 0.042 0.011 0.005 0.001 0.035 0.005 0.011 0.002 0.146 0.193 0.006 0.037 0.028 0.007 
 160   (0.006) 0.001 0.005 0.001 0.001 0.000 0.004 0.001 0.002 0.000 0.002 0.000 0.001 0.005 0.002 0.001 

Locus 47 : 47 
7 alleles
9.9% missing data
 149   (0.348) 0.367 0.355 0.190 0.348 0.211 0.356 0.469 0.085 0.335 0.299 0.769 0.413 0.367 0.350 0.505 
 151   (0.183) 0.192 0.173 0.569 0.084 0.207 0.180 0.118 0.370 0.012 0.163 0.087 0.101 0.166 0.180 0.352 
 153   (0.194) 0.275 0.194 0.132 0.030 0.363 0.224 0.106 0.182 0.026 0.152 0.043 0.410 0.198 0.245 0.073 
 147   (0.028) 0.005 0.024 0.031 0.004 0.033 0.019 0.003 0.005 0.002 0.067 0.002 0.004 0.024 0.012 0.007 
 145   (0.224) 0.157 0.235 0.075 0.531 0.183 0.208 0.302 0.354 0.624 0.285 0.042 0.070 0.227 0.204 0.056 
 152   (0.007) 0.001 0.005 0.001 0.001 0.002 0.004 0.001 0.002 0.000 0.003 0.001 0.001 0.004 0.002 0.003 
 143   (0.016) 0.003 0.014 0.002 0.002 0.000 0.010 0.001 0.003 0.001 0.032 0.056 0.002 0.013 0.007 0.003 

Values of parameters used in structure:
DATAFILE=temp2.str,	OUTFILE=k15/temp2_k15_run5,	NUMINDS=486,	NUMLOCI=47,	MISSING=-9,	LABEL=1,	POPDATA=1,	POPFLAG=0,	PHENOTYPE=0,	EXTRACOLS=0,	MAXPOPS=15,	BURNIN=500000,	NUMREPS=750000,	USEPOPINFO=0,	INFERALPHA=1,	INFERLAMBDA=0,	POPSPECIFICLAMBDA=0,	POPALPHAS=0,	COMPUTEPROB=1,	NOADMIX=0,	ADMBURNIN=500,	UPDATEFREQ=100,	PRINTLIKES=0,	INTERMEDSAVE=0,	PRINTKLD=0,	PRINTNET=1,	PRINTLAMBDA=1,	ANCESTDIST=0,	NUMBOXES=1000,	ANCESTPINT=0.90000,	GENSBACK=2,	MIGRPRIOR=0.01000,	PRINTQHAT=0,	PRINTQSUM=1,	ALPHA=1.0000,	FREQSCORR=1,	FPRIORMEAN=0.0100,	FPRIORSD=0.0500,	ONEFST=0,	LAMBDA=1.0000,	UNIFPRIORALPHA=1,	ALPHAMAX=10.0000,	ALPHAPRIORA=1.0000,	ALPHAPRIORB=2.0000,	ALPHAPROPSD=0.0250,	STARTATPOPINFO=0,	RANDOMIZE=0,	LINKAGE=0,	METROFREQ=10,	REPORTHITRATE=0,	MARKOVPHASE=0,	PHASED=1,	PLOIDY=2,	PHASEINFO=0	LOCPRIOR=0, 	LOCPRIORINIT=1.000000, 	LOCDATA=0, 	LOCISPOP=1, 	LOCPRIORSTEP=0.100000, 	MAXLOCPRIOR=20.000000, 	SEED=717988,	
[STRAT parameters]:    NUMSIMSTATS=1000,	PHENOTYPECOL=-9,	POOLFREQ=10,	LOCUSxONLY=0,	EMERROR=0.00100,	MISSINGPHENO=-9,	