

----------------------------------------------------
STRUCTURE by Pritchard, Stephens and Donnelly (2000)
     and Falush, Stephens and Pritchard (2003)
       Code by Pritchard, Falush and Hubisz
             Version 2.3.4 (Jul 2012)
----------------------------------------------------



Command line arguments:   structure -D 617377 -K 16 -m mainparams -o k16/temp2_k16_run1 
Input File:    temp2.str

Run parameters:
   486 individuals
   47 loci
   16 populations assumed
   500000 Burn-in period
   750000 Reps
RANDOMIZE turned off


--------------------------------------------
Proportion of membership of each pre-defined
 population in each of the 16 clusters

Given    Inferred Clusters                                                                                                  Number of
 Pop       1      2      3      4      5      6      7      8      9     10     11     12     13     14     15     16      Individuals

  1:     0.003  0.008  0.010  0.009  0.010  0.006  0.012  0.010  0.010  0.037  0.008  0.844  0.004  0.010  0.010  0.010       63
  2:     0.003  0.007  0.007  0.011  0.013  0.010  0.014  0.012  0.011  0.012  0.012  0.851  0.006  0.013  0.013  0.006       20
  3:     0.936  0.004  0.004  0.003  0.004  0.006  0.004  0.004  0.004  0.004  0.003  0.003  0.007  0.004  0.004  0.004       36
  4:     0.003  0.006  0.013  0.009  0.018  0.008  0.036  0.018  0.019  0.110  0.011  0.692  0.004  0.016  0.022  0.014       21
  5:     0.003  0.005  0.006  0.014  0.006  0.006  0.012  0.007  0.006  0.546  0.008  0.354  0.003  0.007  0.006  0.010       31
  6:     0.004  0.004  0.019  0.012  0.009  0.004  0.006  0.008  0.008  0.019  0.008  0.871  0.005  0.008  0.011  0.005       21
  7:     0.005  0.011  0.041  0.006  0.015  0.023  0.772  0.017  0.017  0.012  0.020  0.011  0.004  0.015  0.016  0.015       25
  8:     0.092  0.009  0.021  0.012  0.032  0.038  0.020  0.031  0.025  0.135  0.018  0.452  0.010  0.029  0.032  0.045        8
  9:     0.002  0.005  0.010  0.332  0.008  0.004  0.008  0.008  0.009  0.019  0.024  0.543  0.005  0.008  0.008  0.006       17
 10:     0.003  0.936  0.004  0.003  0.005  0.005  0.006  0.004  0.004  0.004  0.005  0.004  0.003  0.005  0.004  0.005       29
 11:     0.006  0.002  0.002  0.003  0.003  0.001  0.002  0.003  0.002  0.002  0.003  0.002  0.962  0.003  0.003  0.002        9
 12:     0.018  0.013  0.057  0.009  0.133  0.027  0.052  0.134  0.118  0.015  0.019  0.010  0.008  0.159  0.134  0.093       26
 13:     0.011  0.011  0.112  0.012  0.084  0.046  0.025  0.094  0.103  0.013  0.139  0.012  0.009  0.091  0.076  0.162       74
 14:     0.011  0.011  0.118  0.010  0.066  0.069  0.019  0.068  0.073  0.013  0.337  0.017  0.006  0.065  0.056  0.058       35
 15:     0.007  0.007  0.208  0.007  0.035  0.014  0.023  0.049  0.063  0.015  0.458  0.030  0.008  0.029  0.029  0.018       24
 16:     0.022  0.025  0.041  0.006  0.131  0.010  0.034  0.130  0.120  0.011  0.025  0.025  0.009  0.148  0.129  0.134       43
 17:     0.006  0.009  0.014  0.046  0.172  0.012  0.012  0.203  0.220  0.011  0.009  0.013  0.002  0.149  0.105  0.018        4
--------------------------------------------

Allele-freq. divergence among pops (Net nucleotide distance),
computed using point estimates of P.

      1       2       3       4       5       6       7       8       9      10      11      12      13      14      15      16      
 1      -    0.1228  0.1132  0.2182  0.0845  0.1343  0.1057  0.0843  0.0878  0.1391  0.1284  0.1462  0.1135  0.0842  0.0841  0.0943  
 2   0.1228     -    0.0755  0.1624  0.0559  0.1086  0.0614  0.0551  0.0574  0.0941  0.0715  0.0810  0.1338  0.0558  0.0576  0.0672  
 3   0.1132  0.0755     -    0.1306  0.0190  0.0600  0.0391  0.0173  0.0170  0.0613  0.0236  0.0489  0.1265  0.0190  0.0220  0.0282  
 4   0.2182  0.1624  0.1306     -    0.1070  0.1544  0.1248  0.1026  0.0997  0.1359  0.1339  0.1073  0.2044  0.1081  0.1108  0.1152  
 5   0.0845  0.0559  0.0190  0.1070     -    0.0516  0.0230  0.0008  0.0031  0.0397  0.0216  0.0329  0.1016  0.0004  0.0010  0.0130  
 6   0.1343  0.1086  0.0600  0.1544  0.0516     -    0.0618  0.0499  0.0500  0.0819  0.0676  0.0784  0.1699  0.0519  0.0534  0.0663  
 7   0.1057  0.0614  0.0391  0.1248  0.0230  0.0618     -    0.0205  0.0218  0.0567  0.0389  0.0453  0.1076  0.0218  0.0265  0.0274  
 8   0.0843  0.0551  0.0173  0.1026  0.0008  0.0499  0.0205     -    0.0008  0.0392  0.0203  0.0310  0.1014  0.0011  0.0030  0.0121  
 9   0.0878  0.0574  0.0170  0.0997  0.0031  0.0500  0.0218  0.0008     -    0.0414  0.0200  0.0314  0.1053  0.0036  0.0060  0.0140  
10   0.1391  0.0941  0.0613  0.1359  0.0397  0.0819  0.0567  0.0392  0.0414     -    0.0640  0.0402  0.1438  0.0397  0.0408  0.0473  
11   0.1284  0.0715  0.0236  0.1339  0.0216  0.0676  0.0389  0.0203  0.0200  0.0640     -    0.0486  0.1307  0.0221  0.0248  0.0323  
12   0.1462  0.0810  0.0489  0.1073  0.0329  0.0784  0.0453  0.0310  0.0314  0.0402  0.0486     -    0.1452  0.0334  0.0350  0.0365  
13   0.1135  0.1338  0.1265  0.2044  0.1016  0.1699  0.1076  0.1014  0.1053  0.1438  0.1307  0.1452     -    0.1007  0.1019  0.1106  
14   0.0842  0.0558  0.0190  0.1081  0.0004  0.0519  0.0218  0.0011  0.0036  0.0397  0.0221  0.0334  0.1007     -    0.0022  0.0127  
15   0.0841  0.0576  0.0220  0.1108  0.0010  0.0534  0.0265  0.0030  0.0060  0.0408  0.0248  0.0350  0.1019  0.0022     -    0.0139  
16   0.0943  0.0672  0.0282  0.1152  0.0130  0.0663  0.0274  0.0121  0.0140  0.0473  0.0323  0.0365  0.1106  0.0127  0.0139     -    

Average distances (expected heterozygosity) between individuals in same cluster:
cluster  1  : 0.6315 
cluster  2  : 0.5440 
cluster  3  : 0.5807 
cluster  4  : 0.4281 
cluster  5  : 0.6339 
cluster  6  : 0.5329 
cluster  7  : 0.5939 
cluster  8  : 0.6396 
cluster  9  : 0.6374 
cluster 10  : 0.5385 
cluster 11  : 0.5625 
cluster 12  : 0.5374 
cluster 13  : 0.5323 
cluster 14  : 0.6349 
cluster 15  : 0.6307 
cluster 16  : 0.6041 

--------------------------------------------
Estimated Ln Prob of Data   = -52750.2
Mean value of ln likelihood = -50143.0
Variance of ln likelihood   = 5214.5
Mean value of alpha         = 0.0338

Mean value of Fst_1         = 0.1890
Mean value of Fst_2         = 0.2147
Mean value of Fst_3         = 0.1039
Mean value of Fst_4         = 0.4178
Mean value of Fst_5         = 0.0638
Mean value of Fst_6         = 0.2483
Mean value of Fst_7         = 0.0958
Mean value of Fst_8         = 0.0346
Mean value of Fst_9         = 0.0344
Mean value of Fst_10         = 0.1794
Mean value of Fst_11         = 0.1032
Mean value of Fst_12         = 0.1451
Mean value of Fst_13         = 0.3102
Mean value of Fst_14         = 0.0470
Mean value of Fst_15         = 0.0892
Mean value of Fst_16         = 0.0619


Inferred ancestry of individuals:
        Label (%Miss) Pop:  Inferred clusters
  1      221    (0)    1 :  0.003 0.002 0.006 0.004 0.007 0.003 0.018 0.007 0.006 0.008 0.008 0.901 0.003 0.007 0.007 0.009 
  2      222    (0)    1 :  0.004 0.008 0.007 0.006 0.010 0.010 0.007 0.009 0.008 0.510 0.006 0.383 0.004 0.009 0.011 0.008 
  3      223    (0)    1 :  0.006 0.003 0.009 0.007 0.009 0.006 0.008 0.010 0.010 0.008 0.008 0.869 0.003 0.008 0.009 0.027 
  4      224    (0)    1 :  0.001 0.004 0.002 0.005 0.003 0.004 0.004 0.003 0.003 0.005 0.003 0.954 0.001 0.003 0.003 0.003 
  5      225    (0)    1 :  0.002 0.004 0.004 0.004 0.006 0.004 0.004 0.005 0.005 0.006 0.004 0.935 0.002 0.006 0.006 0.006 
  6      226    (0)    1 :  0.001 0.002 0.003 0.004 0.004 0.007 0.013 0.004 0.004 0.003 0.003 0.928 0.006 0.004 0.004 0.010 
  7      227    (0)    1 :  0.007 0.004 0.006 0.005 0.010 0.004 0.035 0.009 0.009 0.003 0.005 0.852 0.015 0.010 0.009 0.017 
  8      228    (0)    1 :  0.005 0.005 0.010 0.012 0.011 0.011 0.007 0.010 0.010 0.007 0.012 0.870 0.003 0.010 0.011 0.009 
  9      234    (0)    1 :  0.001 0.002 0.004 0.004 0.004 0.004 0.003 0.004 0.004 0.008 0.005 0.942 0.003 0.004 0.004 0.004 
 10      235    (0)    1 :  0.001 0.002 0.003 0.004 0.003 0.002 0.004 0.004 0.004 0.009 0.002 0.949 0.004 0.003 0.003 0.003 
 11      236    (0)    1 :  0.001 0.002 0.001 0.014 0.002 0.002 0.004 0.003 0.003 0.004 0.002 0.953 0.002 0.002 0.002 0.003 
 12      237    (0)    1 :  0.002 0.002 0.006 0.002 0.004 0.004 0.003 0.004 0.004 0.010 0.004 0.941 0.002 0.003 0.003 0.006 
 13      238    (0)    1 :  0.006 0.012 0.013 0.003 0.007 0.004 0.024 0.008 0.009 0.041 0.005 0.840 0.003 0.008 0.008 0.008 
 14      239    (0)    1 :  0.002 0.014 0.009 0.025 0.023 0.007 0.071 0.023 0.020 0.018 0.014 0.678 0.007 0.023 0.027 0.039 
 15      240    (0)    1 :  0.001 0.003 0.003 0.006 0.003 0.003 0.006 0.004 0.005 0.006 0.003 0.946 0.002 0.003 0.003 0.003 
 16      242    (0)    1 :  0.001 0.002 0.025 0.003 0.043 0.007 0.011 0.051 0.056 0.287 0.012 0.280 0.001 0.044 0.046 0.130 
 17      243    (0)    1 :  0.002 0.014 0.006 0.005 0.012 0.008 0.019 0.015 0.018 0.014 0.004 0.835 0.016 0.013 0.010 0.010 
 18      244    (0)    1 :  0.003 0.003 0.003 0.002 0.007 0.003 0.021 0.007 0.006 0.015 0.002 0.882 0.013 0.008 0.008 0.017 
 19      245    (0)    1 :  0.025 0.007 0.012 0.045 0.013 0.006 0.012 0.018 0.020 0.004 0.015 0.784 0.009 0.010 0.010 0.008 
 20      246    (0)    1 :  0.003 0.003 0.003 0.003 0.004 0.003 0.003 0.005 0.005 0.010 0.002 0.940 0.005 0.004 0.004 0.003 
 21      248    (0)    1 :  0.003 0.019 0.006 0.009 0.007 0.002 0.005 0.007 0.006 0.053 0.004 0.855 0.003 0.007 0.007 0.008 
 22      249    (0)    1 :  0.001 0.002 0.002 0.002 0.002 0.004 0.004 0.002 0.002 0.002 0.002 0.966 0.001 0.002 0.002 0.003 
 23      250    (0)    1 :  0.006 0.009 0.020 0.012 0.013 0.006 0.009 0.014 0.014 0.005 0.008 0.841 0.006 0.014 0.012 0.010 
 24      251    (0)    1 :  0.001 0.003 0.008 0.005 0.006 0.002 0.004 0.005 0.006 0.017 0.008 0.913 0.004 0.005 0.006 0.006 
 25      252    (0)    1 :  0.002 0.037 0.024 0.005 0.007 0.008 0.006 0.007 0.008 0.004 0.010 0.858 0.001 0.009 0.007 0.007 
 26      253    (0)    1 :  0.014 0.023 0.005 0.006 0.018 0.004 0.007 0.022 0.025 0.003 0.003 0.811 0.003 0.021 0.015 0.021 
 27      254    (0)    1 :  0.002 0.003 0.005 0.004 0.006 0.003 0.007 0.006 0.005 0.004 0.004 0.931 0.002 0.006 0.006 0.007 
 28      255    (0)    1 :  0.002 0.006 0.007 0.017 0.020 0.004 0.051 0.016 0.016 0.281 0.007 0.521 0.003 0.019 0.016 0.013 
 29      256    (0)    1 :  0.004 0.002 0.008 0.003 0.008 0.013 0.004 0.010 0.012 0.055 0.004 0.856 0.002 0.008 0.007 0.005 
 30      257    (0)    1 :  0.002 0.009 0.009 0.003 0.009 0.003 0.018 0.008 0.009 0.007 0.011 0.882 0.003 0.008 0.009 0.010 
 31      258    (0)    1 :  0.005 0.003 0.013 0.009 0.008 0.003 0.011 0.009 0.009 0.029 0.012 0.860 0.002 0.008 0.009 0.009 
 32      259    (0)    1 :  0.002 0.002 0.005 0.002 0.028 0.004 0.005 0.016 0.010 0.008 0.007 0.841 0.002 0.018 0.043 0.007 
 33      260    (0)    1 :  0.002 0.069 0.006 0.021 0.005 0.003 0.028 0.006 0.007 0.005 0.004 0.824 0.006 0.005 0.005 0.004 
 34      261    (0)    1 :  0.002 0.010 0.053 0.003 0.014 0.005 0.018 0.015 0.015 0.006 0.056 0.767 0.002 0.018 0.012 0.005 
 35      262    (0)    1 :  0.001 0.002 0.002 0.002 0.002 0.003 0.002 0.002 0.002 0.006 0.003 0.965 0.001 0.002 0.002 0.002 
 36      263    (0)    1 :  0.004 0.024 0.006 0.005 0.005 0.004 0.043 0.005 0.006 0.013 0.004 0.862 0.005 0.005 0.005 0.005 
 37      264    (0)    1 :  0.001 0.003 0.005 0.003 0.005 0.012 0.006 0.005 0.004 0.010 0.005 0.926 0.001 0.004 0.005 0.004 
 38      265    (0)    1 :  0.001 0.038 0.004 0.007 0.006 0.005 0.020 0.006 0.006 0.020 0.007 0.866 0.002 0.005 0.006 0.003 
 39      266    (0)    1 :  0.001 0.002 0.003 0.005 0.003 0.002 0.002 0.003 0.003 0.006 0.003 0.956 0.001 0.003 0.003 0.003 
 40      267    (0)    1 :  0.001 0.001 0.002 0.002 0.003 0.003 0.003 0.003 0.003 0.026 0.003 0.937 0.002 0.003 0.003 0.005 
 41      268    (0)    1 :  0.001 0.049 0.008 0.003 0.006 0.004 0.006 0.006 0.007 0.004 0.005 0.876 0.008 0.006 0.005 0.007 
 42      269    (0)    1 :  0.001 0.002 0.003 0.018 0.003 0.002 0.004 0.003 0.003 0.008 0.004 0.938 0.001 0.003 0.003 0.003 
 43      270    (0)    1 :  0.001 0.002 0.003 0.003 0.003 0.023 0.006 0.003 0.003 0.004 0.004 0.932 0.002 0.003 0.003 0.005 
 44      271    (0)    1 :  0.006 0.010 0.022 0.072 0.029 0.006 0.012 0.024 0.019 0.011 0.011 0.694 0.003 0.041 0.026 0.014 
 45      272    (0)    1 :  0.001 0.005 0.010 0.012 0.031 0.020 0.008 0.034 0.039 0.418 0.027 0.318 0.006 0.026 0.037 0.009 
 46      273    (0)    1 :  0.004 0.003 0.007 0.010 0.013 0.020 0.038 0.014 0.012 0.014 0.014 0.808 0.002 0.015 0.013 0.015 
 47      274    (0)    1 :  0.002 0.006 0.006 0.006 0.005 0.003 0.008 0.005 0.004 0.004 0.009 0.925 0.003 0.005 0.004 0.005 
 48      275    (2)    1 :  0.002 0.002 0.003 0.003 0.004 0.003 0.006 0.004 0.004 0.010 0.004 0.939 0.002 0.004 0.005 0.005 
 49      276    (0)    1 :  0.001 0.004 0.010 0.005 0.006 0.004 0.005 0.006 0.005 0.006 0.008 0.919 0.002 0.006 0.006 0.007 
 50      277    (0)    1 :  0.001 0.002 0.072 0.012 0.013 0.007 0.008 0.018 0.028 0.003 0.019 0.792 0.001 0.010 0.009 0.006 
 51      278    (0)    1 :  0.001 0.004 0.053 0.005 0.018 0.002 0.005 0.011 0.007 0.016 0.014 0.814 0.007 0.019 0.013 0.010 
 52      279    (0)    1 :  0.002 0.003 0.008 0.003 0.015 0.005 0.006 0.014 0.014 0.017 0.004 0.871 0.002 0.017 0.013 0.009 
 53      280    (0)    1 :  0.002 0.005 0.014 0.067 0.013 0.003 0.018 0.011 0.011 0.008 0.016 0.790 0.002 0.013 0.014 0.012 
 54      287    (0)    1 :  0.003 0.006 0.008 0.003 0.015 0.006 0.012 0.016 0.016 0.004 0.008 0.862 0.004 0.014 0.015 0.007 
 55      290    (0)    1 :  0.002 0.002 0.008 0.006 0.013 0.016 0.010 0.013 0.014 0.090 0.010 0.776 0.006 0.012 0.013 0.008 
 56      291    (0)    1 :  0.002 0.006 0.014 0.014 0.018 0.003 0.006 0.011 0.010 0.003 0.024 0.843 0.003 0.013 0.024 0.005 
 57      295    (0)    1 :  0.001 0.003 0.006 0.003 0.004 0.003 0.004 0.004 0.004 0.006 0.016 0.937 0.001 0.004 0.003 0.003 
 58      296    (0)    1 :  0.002 0.004 0.005 0.005 0.004 0.010 0.004 0.004 0.005 0.009 0.003 0.927 0.003 0.004 0.004 0.009 
 59      872    (2)    1 :  0.005 0.007 0.006 0.004 0.006 0.005 0.005 0.005 0.005 0.098 0.004 0.830 0.006 0.006 0.006 0.004 
 60      873    (4)    1 :  0.003 0.003 0.009 0.010 0.013 0.018 0.013 0.014 0.013 0.035 0.003 0.823 0.004 0.012 0.018 0.010 
 61      874    (2)    1 :  0.001 0.003 0.018 0.002 0.006 0.004 0.005 0.005 0.004 0.012 0.008 0.913 0.001 0.005 0.008 0.007 
 62      875    (0)    1 :  0.003 0.002 0.004 0.006 0.005 0.003 0.006 0.005 0.005 0.015 0.005 0.908 0.018 0.005 0.005 0.005 
 63      876    (6)    1 :  0.002 0.011 0.013 0.005 0.007 0.004 0.022 0.007 0.007 0.005 0.012 0.870 0.001 0.008 0.006 0.019 
 64      212    (0)   10 :  0.002 0.962 0.004 0.002 0.003 0.002 0.002 0.003 0.002 0.003 0.004 0.002 0.001 0.003 0.003 0.003 
 65      213    (0)   10 :  0.002 0.936 0.008 0.008 0.004 0.003 0.003 0.004 0.004 0.002 0.005 0.004 0.003 0.004 0.004 0.006 
 66      214    (0)   10 :  0.003 0.937 0.004 0.002 0.005 0.002 0.006 0.005 0.004 0.006 0.004 0.004 0.001 0.006 0.005 0.007 
 67      215    (0)   10 :  0.002 0.942 0.004 0.003 0.004 0.003 0.004 0.004 0.003 0.004 0.006 0.005 0.003 0.004 0.005 0.004 
 68      216    (0)   10 :  0.001 0.954 0.004 0.004 0.003 0.004 0.003 0.003 0.004 0.002 0.004 0.004 0.002 0.003 0.003 0.002 
 69      217    (0)   10 :  0.002 0.932 0.004 0.004 0.005 0.006 0.003 0.005 0.005 0.005 0.004 0.005 0.002 0.005 0.005 0.009 
 70      218    (0)   10 :  0.003 0.959 0.003 0.002 0.003 0.004 0.003 0.003 0.003 0.002 0.003 0.003 0.002 0.003 0.003 0.003 
 71      332    (0)   10 :  0.002 0.861 0.007 0.003 0.006 0.032 0.016 0.008 0.010 0.007 0.008 0.010 0.005 0.006 0.006 0.011 
 72      333    (0)   10 :  0.008 0.845 0.004 0.004 0.012 0.006 0.026 0.011 0.010 0.012 0.007 0.010 0.009 0.014 0.012 0.010 
 73      334    (0)   10 :  0.002 0.932 0.006 0.003 0.004 0.006 0.007 0.004 0.004 0.002 0.005 0.007 0.003 0.005 0.004 0.005 
 74      335    (0)   10 :  0.002 0.962 0.002 0.001 0.003 0.002 0.003 0.003 0.003 0.002 0.005 0.002 0.002 0.003 0.003 0.003 
 75      336    (0)   10 :  0.002 0.946 0.003 0.003 0.002 0.003 0.005 0.002 0.002 0.005 0.002 0.003 0.014 0.002 0.002 0.002 
 76      337    (0)   10 :  0.003 0.930 0.003 0.002 0.005 0.002 0.010 0.004 0.004 0.008 0.003 0.009 0.002 0.005 0.005 0.006 
 77      673    (0)   10 :  0.001 0.979 0.001 0.001 0.001 0.001 0.002 0.001 0.001 0.001 0.002 0.002 0.001 0.001 0.001 0.001 
 78      674    (0)   10 :  0.002 0.939 0.004 0.002 0.005 0.007 0.005 0.005 0.004 0.005 0.004 0.004 0.002 0.005 0.006 0.003 
 79      675    (0)   10 :  0.002 0.942 0.006 0.004 0.004 0.003 0.005 0.004 0.004 0.002 0.005 0.003 0.004 0.004 0.004 0.003 
 80      676    (0)   10 :  0.002 0.935 0.006 0.001 0.005 0.005 0.006 0.004 0.004 0.002 0.009 0.003 0.001 0.004 0.004 0.008 
 81      677    (0)   10 :  0.001 0.950 0.003 0.002 0.004 0.002 0.004 0.003 0.003 0.003 0.004 0.006 0.003 0.004 0.004 0.005 
 82      678    (0)   10 :  0.003 0.895 0.006 0.004 0.010 0.003 0.003 0.010 0.009 0.011 0.007 0.007 0.004 0.010 0.010 0.007 
 83      679    (0)   10 :  0.024 0.905 0.005 0.001 0.006 0.014 0.006 0.006 0.007 0.002 0.003 0.004 0.002 0.005 0.005 0.004 
 84      680    (0)   10 :  0.002 0.923 0.007 0.003 0.005 0.006 0.012 0.005 0.005 0.003 0.007 0.004 0.005 0.005 0.005 0.004 
 85      681    (0)   10 :  0.002 0.933 0.005 0.002 0.005 0.004 0.006 0.005 0.005 0.003 0.004 0.006 0.002 0.005 0.005 0.008 
 86      682    (0)   10 :  0.002 0.967 0.002 0.003 0.002 0.002 0.002 0.002 0.002 0.002 0.002 0.002 0.004 0.002 0.002 0.002 
 87      683    (0)   10 :  0.002 0.931 0.004 0.004 0.006 0.006 0.007 0.005 0.005 0.003 0.004 0.005 0.002 0.007 0.005 0.004 
 88      684    (0)   10 :  0.002 0.939 0.005 0.002 0.006 0.003 0.006 0.005 0.004 0.003 0.006 0.002 0.002 0.005 0.006 0.003 
 89      685    (0)   10 :  0.004 0.931 0.003 0.003 0.006 0.003 0.009 0.006 0.005 0.006 0.003 0.003 0.003 0.006 0.006 0.005 
 90      686    (0)   10 :  0.004 0.965 0.002 0.002 0.002 0.002 0.003 0.002 0.002 0.002 0.002 0.002 0.003 0.002 0.002 0.002 
 91      687    (0)   10 :  0.001 0.967 0.002 0.002 0.002 0.002 0.004 0.002 0.002 0.002 0.003 0.002 0.002 0.002 0.002 0.002 
 92      688    (0)   10 :  0.001 0.938 0.006 0.003 0.004 0.004 0.006 0.003 0.003 0.004 0.008 0.007 0.002 0.004 0.003 0.004 
 93      070    (0)   11 :  0.007 0.001 0.003 0.001 0.004 0.002 0.003 0.004 0.004 0.003 0.003 0.002 0.951 0.004 0.004 0.003 
 94      071    (0)   11 :  0.001 0.005 0.003 0.006 0.003 0.002 0.004 0.003 0.003 0.002 0.003 0.002 0.955 0.003 0.003 0.003 
 95      072    (0)   11 :  0.005 0.001 0.001 0.003 0.002 0.001 0.002 0.002 0.002 0.002 0.002 0.001 0.971 0.002 0.002 0.002 
 96      151    (0)   11 :  0.002 0.001 0.002 0.001 0.001 0.001 0.002 0.001 0.001 0.001 0.002 0.001 0.978 0.002 0.001 0.001 
 97      152    (0)   11 :  0.002 0.002 0.003 0.005 0.006 0.002 0.004 0.005 0.004 0.002 0.005 0.003 0.944 0.006 0.005 0.004 
 98      153    (2)   11 :  0.002 0.001 0.001 0.001 0.001 0.001 0.002 0.001 0.001 0.002 0.001 0.001 0.979 0.001 0.001 0.001 
 99      788    (4)   11 :  0.028 0.002 0.003 0.003 0.003 0.001 0.002 0.003 0.003 0.001 0.003 0.002 0.939 0.002 0.002 0.002 
100      789    (2)   11 :  0.002 0.003 0.002 0.002 0.002 0.001 0.002 0.002 0.002 0.002 0.002 0.002 0.970 0.002 0.002 0.002 
101      790    (0)   11 :  0.001 0.001 0.001 0.003 0.002 0.001 0.002 0.002 0.002 0.002 0.002 0.002 0.973 0.002 0.002 0.002 
102      010    (0)   12 :  0.013 0.004 0.008 0.008 0.211 0.006 0.009 0.154 0.066 0.007 0.004 0.005 0.002 0.344 0.144 0.015 
103      024    (0)   12 :  0.037 0.009 0.013 0.005 0.151 0.008 0.009 0.189 0.177 0.005 0.014 0.006 0.005 0.123 0.233 0.014 
104      051    (0)   12 :  0.046 0.008 0.008 0.004 0.118 0.005 0.251 0.112 0.082 0.007 0.005 0.005 0.012 0.155 0.156 0.026 
105      090    (0)   12 :  0.021 0.005 0.011 0.003 0.149 0.012 0.060 0.144 0.165 0.009 0.010 0.007 0.007 0.167 0.157 0.073 
106      102    (0)   12 :  0.002 0.003 0.171 0.004 0.086 0.012 0.019 0.164 0.265 0.036 0.031 0.030 0.002 0.067 0.077 0.032 
107      111    (0)   12 :  0.004 0.004 0.017 0.069 0.162 0.005 0.011 0.133 0.089 0.024 0.011 0.005 0.002 0.208 0.180 0.076 
108      113    (0)   12 :  0.005 0.005 0.033 0.003 0.182 0.006 0.086 0.144 0.086 0.034 0.039 0.006 0.006 0.184 0.138 0.044 
109      138    (0)   12 :  0.005 0.075 0.011 0.002 0.055 0.003 0.017 0.060 0.060 0.003 0.011 0.008 0.047 0.066 0.061 0.515 
110      150    (0)   12 :  0.029 0.004 0.674 0.002 0.019 0.005 0.062 0.025 0.035 0.007 0.024 0.017 0.015 0.013 0.015 0.054 
111      173    (2)   12 :  0.018 0.011 0.016 0.007 0.117 0.037 0.163 0.159 0.134 0.006 0.035 0.005 0.021 0.110 0.136 0.024 
112      174    (2)   12 :  0.027 0.003 0.004 0.004 0.155 0.005 0.012 0.118 0.061 0.026 0.005 0.007 0.021 0.173 0.105 0.274 
113      175    (0)   12 :  0.059 0.003 0.016 0.002 0.152 0.005 0.025 0.150 0.108 0.012 0.005 0.003 0.005 0.213 0.224 0.018 
114      176    (0)   12 :  0.004 0.010 0.017 0.007 0.231 0.003 0.008 0.188 0.106 0.018 0.006 0.014 0.005 0.234 0.135 0.016 
115      177    (0)   12 :  0.008 0.002 0.009 0.002 0.133 0.004 0.259 0.129 0.097 0.008 0.021 0.003 0.003 0.129 0.149 0.042 
116      180    (0)   12 :  0.002 0.006 0.005 0.004 0.119 0.004 0.107 0.116 0.087 0.109 0.005 0.023 0.004 0.155 0.163 0.091 
117      184    (0)   12 :  0.010 0.006 0.079 0.005 0.068 0.043 0.015 0.085 0.100 0.004 0.018 0.006 0.015 0.061 0.069 0.417 
118      195    (0)   12 :  0.007 0.015 0.017 0.034 0.168 0.006 0.015 0.165 0.126 0.004 0.011 0.005 0.005 0.230 0.177 0.014 
119      198    (0)   12 :  0.008 0.006 0.013 0.034 0.124 0.003 0.019 0.122 0.111 0.016 0.006 0.011 0.003 0.121 0.159 0.245 
120      203    (0)   12 :  0.002 0.005 0.023 0.003 0.207 0.007 0.011 0.110 0.048 0.009 0.007 0.008 0.010 0.406 0.134 0.010 
121      211    (0)   12 :  0.004 0.077 0.055 0.003 0.197 0.004 0.008 0.153 0.103 0.004 0.021 0.028 0.003 0.177 0.142 0.021 
122      220    (0)   12 :  0.005 0.010 0.223 0.007 0.098 0.009 0.072 0.133 0.157 0.009 0.023 0.004 0.002 0.113 0.095 0.040 
123      233    (0)   12 :  0.002 0.039 0.005 0.002 0.124 0.034 0.018 0.136 0.155 0.004 0.162 0.009 0.005 0.136 0.154 0.015 
124      331    (0)   12 :  0.030 0.004 0.013 0.009 0.157 0.008 0.032 0.145 0.119 0.006 0.006 0.005 0.007 0.261 0.178 0.020 
125      349    (0)   12 :  0.102 0.006 0.008 0.006 0.054 0.459 0.036 0.073 0.078 0.011 0.008 0.008 0.009 0.065 0.068 0.011 
126      410    (0)   12 :  0.005 0.025 0.005 0.003 0.108 0.005 0.016 0.164 0.138 0.011 0.004 0.008 0.003 0.129 0.146 0.230 
127      417    (2)   12 :  0.005 0.005 0.015 0.007 0.119 0.009 0.007 0.221 0.301 0.008 0.005 0.026 0.002 0.092 0.086 0.093 
128      421    (0)   13 :  0.001 0.004 0.007 0.093 0.013 0.010 0.004 0.009 0.007 0.003 0.803 0.008 0.002 0.016 0.010 0.009 
129      423    (0)   13 :  0.007 0.003 0.018 0.003 0.152 0.023 0.009 0.150 0.126 0.009 0.003 0.006 0.008 0.227 0.229 0.028 
130      424    (0)   13 :  0.010 0.003 0.006 0.004 0.065 0.007 0.349 0.078 0.079 0.033 0.008 0.015 0.002 0.076 0.105 0.161 
131      433    (0)   13 :  0.007 0.015 0.203 0.002 0.070 0.003 0.008 0.152 0.286 0.003 0.101 0.004 0.002 0.018 0.023 0.104 
132      462    (0)   13 :  0.005 0.021 0.032 0.007 0.143 0.013 0.071 0.144 0.150 0.009 0.056 0.007 0.002 0.135 0.145 0.063 
133      463    (0)   13 :  0.029 0.003 0.013 0.021 0.142 0.054 0.008 0.157 0.129 0.005 0.007 0.014 0.003 0.167 0.161 0.089 
134      467    (0)   13 :  0.008 0.010 0.105 0.004 0.014 0.013 0.012 0.015 0.015 0.005 0.730 0.023 0.009 0.013 0.015 0.007 
135      468    (0)   13 :  0.002 0.002 0.037 0.029 0.009 0.799 0.008 0.010 0.012 0.008 0.039 0.019 0.003 0.009 0.007 0.007 
136      469    (0)   13 :  0.002 0.002 0.100 0.028 0.090 0.003 0.005 0.150 0.279 0.008 0.120 0.047 0.002 0.052 0.061 0.050 
137      472    (0)   13 :  0.023 0.007 0.019 0.016 0.170 0.007 0.010 0.216 0.167 0.002 0.009 0.007 0.004 0.142 0.180 0.020 
138      473    (0)   13 :  0.010 0.008 0.008 0.005 0.022 0.803 0.007 0.023 0.032 0.004 0.007 0.003 0.003 0.024 0.020 0.020 
139      474    (0)   13 :  0.001 0.005 0.944 0.002 0.003 0.013 0.003 0.003 0.003 0.003 0.004 0.005 0.001 0.003 0.003 0.004 
140      475    (0)   13 :  0.009 0.003 0.058 0.003 0.161 0.031 0.009 0.114 0.098 0.006 0.134 0.004 0.003 0.221 0.116 0.030 
141      476    (2)   13 :  0.011 0.011 0.904 0.002 0.005 0.015 0.004 0.005 0.005 0.005 0.007 0.003 0.007 0.006 0.005 0.003 
142      477    (0)   13 :  0.010 0.018 0.011 0.003 0.117 0.010 0.008 0.256 0.480 0.005 0.008 0.006 0.005 0.030 0.025 0.008 
143      478    (0)   13 :  0.003 0.003 0.012 0.003 0.136 0.004 0.017 0.174 0.182 0.074 0.076 0.014 0.002 0.144 0.149 0.008 
144      479    (0)   13 :  0.001 0.003 0.622 0.014 0.010 0.004 0.009 0.012 0.013 0.005 0.009 0.012 0.003 0.010 0.011 0.262 
145      480    (0)   13 :  0.001 0.002 0.008 0.001 0.007 0.014 0.005 0.007 0.006 0.004 0.919 0.003 0.002 0.007 0.006 0.007 
146      481    (0)   13 :  0.008 0.003 0.127 0.004 0.102 0.017 0.014 0.141 0.140 0.010 0.013 0.006 0.042 0.099 0.126 0.149 
147      482    (0)   13 :  0.005 0.049 0.010 0.070 0.158 0.004 0.015 0.114 0.072 0.005 0.102 0.004 0.002 0.178 0.125 0.087 
148      489    (0)   13 :  0.029 0.014 0.008 0.006 0.151 0.023 0.007 0.147 0.129 0.006 0.028 0.004 0.004 0.192 0.210 0.042 
149      490    (0)   13 :  0.005 0.003 0.005 0.005 0.015 0.003 0.010 0.012 0.009 0.007 0.013 0.015 0.003 0.014 0.014 0.867 
150      491    (0)   13 :  0.001 0.103 0.021 0.008 0.159 0.009 0.071 0.126 0.086 0.004 0.013 0.005 0.010 0.196 0.112 0.076 
151      492    (0)   13 :  0.006 0.009 0.833 0.003 0.011 0.020 0.007 0.010 0.010 0.039 0.006 0.013 0.003 0.010 0.012 0.008 
152      493    (0)   13 :  0.015 0.005 0.745 0.005 0.027 0.004 0.016 0.043 0.059 0.003 0.014 0.007 0.008 0.022 0.022 0.005 
153      494    (0)   13 :  0.025 0.044 0.030 0.011 0.064 0.011 0.017 0.084 0.075 0.004 0.194 0.005 0.023 0.064 0.097 0.253 
154      498    (0)   13 :  0.012 0.004 0.111 0.003 0.120 0.043 0.007 0.157 0.131 0.014 0.006 0.023 0.007 0.134 0.126 0.103 
155      499    (0)   13 :  0.007 0.006 0.017 0.003 0.197 0.006 0.040 0.110 0.054 0.006 0.012 0.013 0.003 0.361 0.146 0.019 
156      709    (0)   13 :  0.016 0.011 0.022 0.018 0.108 0.004 0.011 0.165 0.155 0.009 0.009 0.009 0.079 0.101 0.122 0.161 
157      710    (4)   13 :  0.027 0.002 0.024 0.008 0.125 0.006 0.003 0.222 0.412 0.003 0.039 0.006 0.004 0.058 0.046 0.014 
158      711    (2)   13 :  0.003 0.004 0.015 0.024 0.114 0.007 0.127 0.163 0.161 0.066 0.013 0.017 0.007 0.121 0.117 0.040 
159      712    (4)   13 :  0.002 0.003 0.005 0.004 0.008 0.003 0.008 0.007 0.009 0.007 0.007 0.006 0.002 0.006 0.008 0.914 
160      713    (0)   13 :  0.034 0.009 0.007 0.025 0.171 0.009 0.008 0.137 0.078 0.005 0.004 0.005 0.004 0.325 0.167 0.013 
161      714    (2)   13 :  0.006 0.002 0.540 0.006 0.030 0.048 0.022 0.033 0.039 0.007 0.182 0.012 0.011 0.028 0.028 0.006 
162      715    (4)   13 :  0.004 0.027 0.014 0.014 0.013 0.003 0.019 0.012 0.011 0.014 0.777 0.034 0.012 0.011 0.016 0.019 
163      716    (0)   13 :  0.002 0.003 0.841 0.005 0.014 0.003 0.004 0.016 0.018 0.005 0.050 0.003 0.002 0.015 0.012 0.008 
164      717    (2)   13 :  0.005 0.011 0.012 0.006 0.164 0.009 0.008 0.112 0.097 0.103 0.136 0.006 0.003 0.235 0.081 0.011 
165      718    (4)   13 :  0.003 0.002 0.016 0.009 0.014 0.004 0.016 0.021 0.031 0.006 0.009 0.011 0.002 0.011 0.013 0.831 
166      719    (0)   13 :  0.002 0.002 0.004 0.004 0.004 0.004 0.002 0.004 0.004 0.002 0.951 0.003 0.002 0.004 0.004 0.004 
167      720    (2)   13 :  0.005 0.007 0.014 0.009 0.064 0.010 0.008 0.129 0.259 0.005 0.437 0.007 0.002 0.019 0.018 0.006 
168      721    (0)   13 :  0.007 0.006 0.473 0.011 0.058 0.022 0.019 0.102 0.148 0.005 0.022 0.004 0.035 0.038 0.035 0.017 
169      722    (4)   13 :  0.002 0.002 0.022 0.026 0.018 0.059 0.005 0.020 0.042 0.006 0.766 0.011 0.002 0.004 0.005 0.010 
170      723    (0)   13 :  0.004 0.007 0.034 0.002 0.020 0.002 0.003 0.023 0.024 0.008 0.823 0.003 0.008 0.017 0.018 0.006 
171      724    (0)   13 :  0.025 0.008 0.157 0.086 0.017 0.010 0.006 0.018 0.020 0.009 0.581 0.013 0.005 0.019 0.017 0.008 
172      725    (0)   13 :  0.020 0.010 0.009 0.009 0.201 0.018 0.011 0.189 0.143 0.008 0.029 0.005 0.004 0.179 0.146 0.019 
173      726    (0)   13 :  0.009 0.005 0.094 0.008 0.103 0.027 0.006 0.224 0.374 0.003 0.015 0.004 0.005 0.064 0.049 0.011 
174      727    (0)   13 :  0.002 0.012 0.337 0.008 0.138 0.007 0.013 0.111 0.075 0.003 0.012 0.005 0.010 0.128 0.080 0.060 
175      728    (2)   13 :  0.006 0.006 0.008 0.011 0.155 0.003 0.011 0.176 0.186 0.014 0.012 0.008 0.096 0.152 0.148 0.007 
176      729    (6)   13 :  0.004 0.005 0.008 0.004 0.122 0.003 0.016 0.236 0.354 0.005 0.038 0.005 0.005 0.070 0.091 0.035 
177      730    (2)   13 :  0.003 0.005 0.007 0.013 0.038 0.002 0.011 0.028 0.020 0.009 0.086 0.011 0.007 0.030 0.036 0.695 
178      731    (2)   13 :  0.004 0.002 0.007 0.004 0.010 0.006 0.005 0.015 0.019 0.004 0.004 0.007 0.002 0.011 0.014 0.886 
179      732    (0)   13 :  0.008 0.005 0.165 0.007 0.167 0.008 0.011 0.164 0.164 0.012 0.017 0.009 0.002 0.146 0.104 0.011 
180      733    (0)   13 :  0.012 0.003 0.018 0.034 0.114 0.003 0.012 0.224 0.325 0.009 0.023 0.011 0.005 0.073 0.075 0.057 
181      734    (2)   13 :  0.037 0.084 0.029 0.001 0.149 0.004 0.086 0.139 0.100 0.007 0.017 0.011 0.008 0.163 0.117 0.047 
182      735    (4)   13 :  0.002 0.008 0.008 0.007 0.166 0.051 0.031 0.096 0.105 0.008 0.028 0.005 0.003 0.243 0.119 0.120 
183      736    (2)   13 :  0.011 0.024 0.022 0.003 0.123 0.004 0.018 0.102 0.060 0.005 0.005 0.005 0.018 0.200 0.115 0.285 
184      737    (0)   13 :  0.003 0.003 0.012 0.004 0.037 0.014 0.017 0.035 0.034 0.031 0.004 0.011 0.013 0.042 0.044 0.696 
185      738    (2)   13 :  0.005 0.005 0.012 0.003 0.091 0.004 0.083 0.083 0.061 0.004 0.007 0.008 0.003 0.114 0.100 0.417 
186      739    (8)   13 :  0.002 0.006 0.013 0.004 0.027 0.010 0.012 0.025 0.022 0.005 0.026 0.008 0.015 0.024 0.027 0.773 
187      740    (4)   13 :  0.005 0.003 0.035 0.015 0.035 0.004 0.004 0.046 0.057 0.005 0.029 0.006 0.002 0.035 0.048 0.673 
188      741    (2)   13 :  0.012 0.028 0.015 0.024 0.085 0.031 0.010 0.103 0.104 0.093 0.061 0.066 0.002 0.077 0.102 0.187 
189      742    (4)   13 :  0.007 0.005 0.012 0.002 0.088 0.006 0.085 0.078 0.060 0.021 0.010 0.012 0.006 0.116 0.092 0.399 
190      743    (2)   13 :  0.003 0.010 0.033 0.002 0.014 0.003 0.006 0.013 0.013 0.005 0.853 0.006 0.002 0.015 0.011 0.012 
191      744    (0)   13 :  0.081 0.004 0.048 0.004 0.146 0.004 0.006 0.120 0.095 0.005 0.123 0.005 0.022 0.142 0.166 0.029 
192      745    (0)   13 :  0.003 0.004 0.010 0.020 0.080 0.008 0.008 0.067 0.079 0.022 0.457 0.044 0.013 0.090 0.070 0.024 
193      746    (2)   13 :  0.005 0.005 0.006 0.011 0.090 0.004 0.011 0.113 0.117 0.038 0.006 0.004 0.004 0.123 0.123 0.340 
194      747    (2)   13 :  0.005 0.027 0.017 0.005 0.071 0.017 0.069 0.066 0.062 0.008 0.008 0.036 0.006 0.079 0.074 0.451 
195      748    (0)   13 :  0.012 0.016 0.094 0.016 0.088 0.114 0.074 0.130 0.106 0.031 0.005 0.094 0.006 0.093 0.097 0.026 
196      749    (2)   13 :  0.127 0.018 0.003 0.045 0.122 0.003 0.087 0.126 0.096 0.010 0.013 0.014 0.009 0.159 0.151 0.017 
197      750    (4)   13 :  0.012 0.005 0.007 0.006 0.146 0.005 0.013 0.176 0.150 0.022 0.016 0.009 0.005 0.145 0.186 0.098 
198      751    (0)   13 :  0.002 0.007 0.008 0.009 0.123 0.012 0.067 0.174 0.181 0.007 0.024 0.011 0.016 0.139 0.172 0.048 
199      752    (2)   13 :  0.002 0.003 0.044 0.003 0.007 0.806 0.006 0.008 0.010 0.005 0.060 0.012 0.001 0.006 0.007 0.022 
200      753    (4)   13 :  0.004 0.026 0.020 0.015 0.190 0.056 0.033 0.111 0.123 0.006 0.025 0.022 0.010 0.258 0.091 0.012 
201      754    (2)   13 :  0.005 0.003 0.006 0.002 0.005 0.002 0.004 0.005 0.004 0.003 0.004 0.003 0.003 0.005 0.005 0.942 
202      155    (0)   14 :  0.010 0.031 0.027 0.006 0.147 0.005 0.007 0.177 0.153 0.006 0.010 0.021 0.004 0.163 0.223 0.010 
203      156    (2)   14 :  0.010 0.005 0.005 0.006 0.223 0.004 0.008 0.155 0.089 0.006 0.018 0.012 0.098 0.198 0.152 0.012 
204      157    (2)   14 :  0.033 0.011 0.006 0.004 0.023 0.017 0.007 0.023 0.023 0.005 0.012 0.004 0.002 0.016 0.025 0.788 
205      158    (0)   14 :  0.005 0.007 0.032 0.006 0.193 0.003 0.033 0.187 0.150 0.010 0.012 0.007 0.004 0.189 0.151 0.012 
206      159    (0)   14 :  0.015 0.003 0.034 0.110 0.115 0.010 0.012 0.141 0.159 0.008 0.007 0.013 0.010 0.128 0.136 0.099 
207      160    (0)   14 :  0.003 0.010 0.678 0.004 0.019 0.004 0.035 0.028 0.041 0.003 0.016 0.016 0.003 0.014 0.014 0.112 
208      161    (0)   14 :  0.218 0.008 0.043 0.008 0.052 0.007 0.010 0.091 0.158 0.003 0.017 0.006 0.003 0.024 0.028 0.323 
209      162    (0)   14 :  0.002 0.004 0.134 0.002 0.224 0.008 0.009 0.101 0.020 0.005 0.029 0.006 0.004 0.357 0.091 0.003 
210      163    (2)   14 :  0.004 0.003 0.003 0.002 0.187 0.012 0.048 0.144 0.073 0.007 0.009 0.003 0.008 0.219 0.191 0.086 
211      164    (0)   14 :  0.017 0.017 0.007 0.005 0.174 0.026 0.014 0.113 0.105 0.010 0.016 0.051 0.002 0.277 0.123 0.042 
212      165    (2)   14 :  0.013 0.003 0.004 0.003 0.271 0.003 0.002 0.185 0.032 0.003 0.003 0.004 0.003 0.172 0.293 0.008 
213      427    (0)   14 :  0.004 0.051 0.027 0.038 0.013 0.004 0.016 0.015 0.017 0.003 0.765 0.006 0.010 0.012 0.012 0.008 
214      428    (0)   14 :  0.003 0.005 0.111 0.028 0.020 0.032 0.043 0.029 0.052 0.005 0.629 0.011 0.003 0.013 0.013 0.004 
215      429    (0)   14 :  0.002 0.003 0.006 0.005 0.006 0.006 0.005 0.007 0.007 0.007 0.925 0.004 0.003 0.006 0.006 0.004 
216      430    (0)   14 :  0.006 0.004 0.093 0.004 0.096 0.026 0.083 0.165 0.211 0.052 0.018 0.025 0.002 0.087 0.097 0.030 
217      431    (0)   14 :  0.003 0.004 0.391 0.007 0.022 0.005 0.012 0.025 0.034 0.021 0.392 0.034 0.002 0.017 0.020 0.011 
218      435    (0)   14 :  0.001 0.002 0.039 0.003 0.006 0.009 0.004 0.008 0.012 0.004 0.893 0.003 0.003 0.005 0.004 0.005 
219      436    (0)   14 :  0.002 0.003 0.760 0.007 0.005 0.003 0.003 0.006 0.008 0.004 0.176 0.006 0.002 0.005 0.004 0.005 
220      437    (0)   14 :  0.003 0.004 0.649 0.028 0.025 0.008 0.004 0.048 0.091 0.007 0.045 0.055 0.002 0.010 0.012 0.008 
221      438    (0)   14 :  0.003 0.002 0.257 0.016 0.051 0.057 0.016 0.106 0.202 0.019 0.157 0.050 0.008 0.019 0.021 0.016 
222      439    (0)   14 :  0.002 0.004 0.065 0.004 0.072 0.040 0.016 0.081 0.079 0.029 0.270 0.010 0.006 0.071 0.080 0.171 
223      441    (0)   14 :  0.001 0.003 0.004 0.001 0.003 0.959 0.003 0.003 0.003 0.004 0.004 0.003 0.001 0.003 0.002 0.002 
224      442    (0)   14 :  0.002 0.144 0.008 0.003 0.014 0.014 0.009 0.017 0.024 0.003 0.720 0.010 0.005 0.012 0.012 0.004 
225      443    (4)   14 :  0.002 0.002 0.014 0.004 0.008 0.022 0.016 0.010 0.012 0.004 0.853 0.013 0.003 0.008 0.008 0.022 
226      444    (4)   14 :  0.006 0.008 0.006 0.010 0.007 0.002 0.006 0.007 0.006 0.002 0.912 0.006 0.004 0.007 0.007 0.004 
227      445    (2)   14 :  0.002 0.003 0.010 0.007 0.111 0.009 0.003 0.256 0.505 0.004 0.037 0.014 0.004 0.017 0.014 0.004 
228      446    (0)   14 :  0.003 0.005 0.006 0.001 0.004 0.003 0.005 0.004 0.005 0.003 0.944 0.002 0.003 0.004 0.004 0.004 
229      447    (0)   14 :  0.001 0.004 0.025 0.005 0.011 0.003 0.007 0.010 0.011 0.003 0.870 0.014 0.004 0.012 0.009 0.011 
230      449    (0)   14 :  0.002 0.007 0.017 0.003 0.004 0.004 0.004 0.005 0.006 0.005 0.922 0.007 0.002 0.004 0.004 0.003 
231      460    (0)   14 :  0.005 0.005 0.018 0.008 0.022 0.103 0.007 0.024 0.040 0.006 0.700 0.016 0.002 0.019 0.019 0.006 
232      461    (0)   14 :  0.005 0.007 0.363 0.008 0.049 0.006 0.051 0.071 0.089 0.015 0.117 0.024 0.002 0.039 0.056 0.099 
233      484    (0)   14 :  0.004 0.012 0.006 0.004 0.063 0.015 0.164 0.075 0.063 0.163 0.107 0.121 0.008 0.054 0.072 0.071 
234      485    (0)   14 :  0.004 0.004 0.126 0.003 0.019 0.014 0.003 0.024 0.032 0.004 0.706 0.005 0.002 0.019 0.014 0.022 
235      486    (0)   14 :  0.001 0.002 0.002 0.001 0.002 0.975 0.002 0.002 0.002 0.002 0.002 0.002 0.001 0.002 0.002 0.001 
236      487    (0)   14 :  0.002 0.011 0.151 0.006 0.060 0.012 0.014 0.053 0.051 0.007 0.469 0.006 0.003 0.085 0.050 0.019 
237      178    (0)   15 :  0.009 0.006 0.148 0.003 0.084 0.009 0.010 0.198 0.345 0.003 0.097 0.004 0.004 0.036 0.029 0.016 
238      422    (0)   15 :  0.001 0.003 0.015 0.003 0.007 0.003 0.004 0.008 0.011 0.005 0.887 0.009 0.003 0.007 0.007 0.027 
239      425    (0)   15 :  0.002 0.004 0.105 0.004 0.024 0.005 0.009 0.026 0.024 0.003 0.718 0.005 0.001 0.025 0.023 0.020 
240      426    (0)   15 :  0.028 0.023 0.047 0.003 0.087 0.003 0.246 0.092 0.080 0.004 0.053 0.003 0.104 0.096 0.095 0.037 
241      432    (0)   15 :  0.006 0.009 0.021 0.009 0.074 0.011 0.043 0.101 0.102 0.011 0.398 0.010 0.008 0.077 0.102 0.016 
242      434    (0)   15 :  0.002 0.004 0.004 0.004 0.005 0.003 0.004 0.004 0.004 0.009 0.938 0.004 0.002 0.004 0.004 0.005 
243      440    (0)   15 :  0.003 0.011 0.099 0.002 0.074 0.020 0.035 0.139 0.176 0.007 0.316 0.004 0.002 0.054 0.051 0.006 
244      448    (2)   15 :  0.002 0.012 0.009 0.049 0.008 0.009 0.010 0.009 0.013 0.025 0.819 0.011 0.002 0.006 0.007 0.009 
245      456    (0)   15 :  0.003 0.009 0.217 0.004 0.119 0.005 0.019 0.119 0.108 0.085 0.036 0.063 0.003 0.104 0.099 0.008 
246      457    (0)   15 :  0.003 0.005 0.209 0.009 0.057 0.035 0.021 0.060 0.087 0.025 0.334 0.020 0.005 0.061 0.054 0.015 
247      458    (0)   15 :  0.004 0.017 0.586 0.005 0.041 0.009 0.041 0.054 0.042 0.004 0.021 0.011 0.007 0.032 0.049 0.076 
248      459    (0)   15 :  0.004 0.004 0.014 0.002 0.013 0.010 0.011 0.017 0.018 0.004 0.859 0.006 0.003 0.011 0.011 0.014 
249      464    (0)   15 :  0.014 0.009 0.231 0.003 0.018 0.011 0.005 0.027 0.030 0.004 0.599 0.004 0.005 0.019 0.015 0.006 
250      465    (0)   15 :  0.003 0.002 0.754 0.002 0.013 0.005 0.004 0.013 0.012 0.006 0.143 0.004 0.001 0.014 0.009 0.015 
251      466    (0)   15 :  0.001 0.004 0.043 0.011 0.076 0.015 0.009 0.163 0.327 0.006 0.269 0.019 0.001 0.017 0.020 0.018 
252      470    (0)   15 :  0.002 0.006 0.511 0.003 0.007 0.127 0.010 0.007 0.007 0.006 0.288 0.004 0.002 0.007 0.007 0.008 
253      471    (0)   15 :  0.004 0.003 0.013 0.017 0.017 0.005 0.033 0.016 0.015 0.024 0.791 0.007 0.017 0.017 0.016 0.007 
254      483    (0)   15 :  0.011 0.007 0.005 0.002 0.010 0.004 0.010 0.009 0.008 0.004 0.866 0.004 0.003 0.010 0.009 0.038 
255      488    (0)   15 :  0.002 0.004 0.927 0.002 0.006 0.004 0.005 0.006 0.007 0.003 0.006 0.006 0.002 0.006 0.005 0.010 
256      495    (0)   15 :  0.003 0.002 0.063 0.002 0.010 0.003 0.010 0.010 0.011 0.033 0.794 0.017 0.001 0.010 0.010 0.021 
257      496    (0)   15 :  0.003 0.002 0.908 0.004 0.009 0.003 0.004 0.008 0.005 0.004 0.015 0.002 0.002 0.011 0.010 0.010 
258      497    (0)   15 :  0.004 0.023 0.008 0.003 0.020 0.003 0.002 0.014 0.013 0.069 0.792 0.006 0.003 0.022 0.012 0.005 
259      500    (0)   15 :  0.058 0.003 0.046 0.014 0.048 0.041 0.007 0.059 0.059 0.023 0.019 0.486 0.004 0.046 0.045 0.043 
260      879    (0)   15 :  0.004 0.008 0.005 0.002 0.006 0.004 0.010 0.005 0.005 0.003 0.924 0.003 0.002 0.005 0.006 0.008 
261      036    (0)   16 :  0.003 0.002 0.012 0.011 0.152 0.005 0.005 0.216 0.208 0.004 0.012 0.006 0.004 0.140 0.199 0.022 
262      063    (2)   16 :  0.003 0.014 0.015 0.003 0.158 0.010 0.043 0.168 0.148 0.029 0.018 0.012 0.004 0.172 0.158 0.046 
263      094    (4)   16 :  0.012 0.009 0.189 0.011 0.057 0.007 0.018 0.069 0.058 0.013 0.014 0.078 0.005 0.064 0.085 0.311 
264      103    (4)   16 :  0.007 0.003 0.003 0.003 0.270 0.004 0.002 0.184 0.032 0.010 0.004 0.003 0.002 0.170 0.293 0.010 
265      112    (0)   16 :  0.007 0.006 0.006 0.003 0.108 0.011 0.046 0.086 0.062 0.006 0.006 0.007 0.004 0.135 0.122 0.386 
266      114    (2)   16 :  0.003 0.004 0.052 0.008 0.141 0.014 0.004 0.150 0.107 0.004 0.011 0.004 0.002 0.229 0.165 0.102 
267      120    (0)   16 :  0.003 0.004 0.021 0.012 0.014 0.005 0.013 0.016 0.015 0.006 0.007 0.012 0.002 0.019 0.024 0.825 
268      127    (2)   16 :  0.006 0.006 0.120 0.005 0.102 0.077 0.073 0.144 0.135 0.005 0.004 0.008 0.003 0.109 0.171 0.035 
269      147    (0)   16 :  0.007 0.006 0.009 0.005 0.129 0.008 0.205 0.133 0.114 0.004 0.012 0.002 0.042 0.109 0.193 0.020 
270      166    (0)   16 :  0.074 0.017 0.142 0.004 0.120 0.004 0.107 0.099 0.072 0.012 0.015 0.005 0.026 0.150 0.113 0.040 
271      167    (0)   16 :  0.003 0.004 0.074 0.008 0.224 0.009 0.005 0.107 0.029 0.048 0.024 0.006 0.004 0.349 0.094 0.012 
272      168    (0)   16 :  0.014 0.004 0.007 0.015 0.235 0.003 0.004 0.130 0.092 0.004 0.009 0.004 0.003 0.341 0.122 0.013 
273      169    (2)   16 :  0.003 0.004 0.142 0.005 0.175 0.004 0.040 0.113 0.049 0.006 0.073 0.008 0.004 0.246 0.094 0.034 
274      170    (0)   16 :  0.037 0.033 0.005 0.004 0.168 0.021 0.017 0.148 0.092 0.006 0.016 0.022 0.005 0.196 0.164 0.068 
275      171    (2)   16 :  0.005 0.004 0.006 0.003 0.242 0.003 0.029 0.174 0.067 0.009 0.006 0.065 0.010 0.237 0.124 0.015 
276      172    (0)   16 :  0.004 0.004 0.023 0.012 0.016 0.002 0.014 0.015 0.014 0.011 0.009 0.015 0.013 0.016 0.022 0.808 
277      185    (0)   16 :  0.004 0.005 0.012 0.002 0.221 0.015 0.029 0.124 0.055 0.008 0.057 0.004 0.005 0.331 0.120 0.008 
278      199    (2)   16 :  0.010 0.208 0.021 0.006 0.176 0.008 0.007 0.088 0.077 0.003 0.005 0.005 0.005 0.284 0.092 0.006 
279      339    (0)   16 :  0.001 0.006 0.253 0.002 0.196 0.005 0.007 0.087 0.015 0.010 0.024 0.005 0.004 0.303 0.078 0.005 
280      355    (0)   16 :  0.037 0.076 0.004 0.002 0.166 0.004 0.008 0.122 0.066 0.006 0.003 0.003 0.012 0.297 0.187 0.006 
281      356    (0)   16 :  0.168 0.005 0.016 0.006 0.023 0.017 0.007 0.035 0.025 0.003 0.005 0.004 0.003 0.017 0.031 0.636 
282      357    (0)   16 :  0.006 0.019 0.038 0.010 0.139 0.024 0.019 0.176 0.173 0.004 0.006 0.008 0.013 0.132 0.156 0.076 
283      358    (0)   16 :  0.004 0.004 0.008 0.002 0.139 0.019 0.010 0.184 0.190 0.045 0.010 0.008 0.006 0.129 0.236 0.007 
284      359    (0)   16 :  0.005 0.009 0.007 0.001 0.118 0.003 0.018 0.118 0.103 0.018 0.008 0.004 0.002 0.149 0.175 0.260 
285      360    (0)   16 :  0.021 0.004 0.021 0.005 0.184 0.005 0.023 0.166 0.126 0.003 0.039 0.015 0.009 0.175 0.182 0.019 
286      361    (0)   16 :  0.002 0.003 0.040 0.003 0.019 0.004 0.013 0.023 0.027 0.006 0.037 0.005 0.002 0.023 0.019 0.774 
287      362    (0)   16 :  0.013 0.005 0.018 0.002 0.100 0.003 0.076 0.095 0.085 0.011 0.091 0.219 0.005 0.125 0.109 0.044 
288      363    (0)   16 :  0.007 0.042 0.016 0.005 0.087 0.010 0.384 0.092 0.069 0.010 0.012 0.006 0.011 0.105 0.120 0.024 
289      364    (0)   16 :  0.090 0.039 0.106 0.003 0.064 0.015 0.013 0.070 0.063 0.008 0.005 0.335 0.003 0.075 0.081 0.028 
290      365    (0)   16 :  0.060 0.003 0.113 0.002 0.113 0.008 0.006 0.171 0.231 0.005 0.017 0.019 0.012 0.080 0.144 0.017 
291      366    (0)   16 :  0.005 0.003 0.008 0.001 0.142 0.003 0.012 0.193 0.166 0.011 0.004 0.004 0.025 0.117 0.232 0.073 
292      367    (0)   16 :  0.002 0.002 0.005 0.005 0.150 0.034 0.006 0.156 0.163 0.018 0.006 0.011 0.010 0.208 0.208 0.015 
293      368    (0)   16 :  0.058 0.003 0.005 0.007 0.199 0.043 0.006 0.155 0.074 0.017 0.004 0.026 0.012 0.208 0.173 0.008 
294      369    (0)   16 :  0.014 0.004 0.005 0.002 0.206 0.003 0.007 0.161 0.078 0.004 0.004 0.003 0.004 0.279 0.217 0.010 
295      370    (0)   16 :  0.078 0.007 0.019 0.012 0.070 0.005 0.016 0.087 0.072 0.044 0.012 0.005 0.012 0.061 0.084 0.416 
296      371    (0)   16 :  0.002 0.006 0.007 0.005 0.153 0.003 0.004 0.163 0.135 0.009 0.011 0.014 0.003 0.201 0.274 0.009 
297      372    (0)   16 :  0.006 0.314 0.107 0.003 0.015 0.002 0.062 0.015 0.013 0.003 0.396 0.014 0.004 0.017 0.015 0.013 
298      373    (0)   16 :  0.082 0.046 0.008 0.003 0.116 0.002 0.006 0.208 0.347 0.009 0.023 0.007 0.003 0.042 0.048 0.051 
299      380    (0)   16 :  0.011 0.010 0.039 0.042 0.119 0.002 0.039 0.171 0.158 0.008 0.006 0.019 0.006 0.125 0.186 0.058 
300      388    (0)   16 :  0.040 0.021 0.006 0.005 0.079 0.004 0.025 0.117 0.108 0.012 0.007 0.012 0.008 0.062 0.100 0.396 
301      418    (0)   16 :  0.006 0.061 0.008 0.020 0.106 0.005 0.016 0.242 0.472 0.003 0.005 0.011 0.006 0.020 0.012 0.009 
302      419    (0)   16 :  0.005 0.002 0.006 0.006 0.114 0.005 0.005 0.271 0.538 0.004 0.006 0.004 0.004 0.017 0.008 0.005 
303      420    (0)   16 :  0.006 0.060 0.023 0.002 0.100 0.009 0.016 0.157 0.227 0.011 0.034 0.040 0.048 0.092 0.124 0.051 
304      409    (0)   17 :  0.005 0.003 0.024 0.105 0.185 0.007 0.012 0.196 0.160 0.006 0.010 0.007 0.002 0.146 0.098 0.033 
305      414    (0)   17 :  0.002 0.007 0.011 0.016 0.226 0.007 0.015 0.210 0.181 0.007 0.007 0.016 0.002 0.181 0.105 0.007 
306      415    (2)   17 :  0.014 0.015 0.010 0.004 0.173 0.030 0.011 0.163 0.114 0.010 0.005 0.007 0.003 0.232 0.180 0.027 
307      416    (0)   17 :  0.002 0.009 0.012 0.061 0.102 0.004 0.008 0.241 0.426 0.021 0.012 0.022 0.002 0.035 0.037 0.006 
308      571    (0)    2 :  0.002 0.004 0.008 0.004 0.006 0.031 0.028 0.007 0.007 0.017 0.022 0.844 0.004 0.006 0.007 0.005 
309      572    (0)    2 :  0.004 0.004 0.003 0.007 0.016 0.011 0.035 0.016 0.015 0.051 0.003 0.791 0.006 0.016 0.015 0.007 
310      573    (2)    2 :  0.001 0.003 0.004 0.003 0.006 0.009 0.002 0.006 0.006 0.006 0.005 0.931 0.001 0.006 0.007 0.004 
311      574    (0)    2 :  0.008 0.002 0.005 0.012 0.009 0.004 0.005 0.010 0.009 0.008 0.006 0.897 0.002 0.009 0.010 0.006 
312      575    (2)    2 :  0.006 0.008 0.005 0.005 0.015 0.006 0.061 0.015 0.015 0.015 0.007 0.804 0.008 0.014 0.014 0.005 
313      576    (0)    2 :  0.001 0.002 0.003 0.003 0.003 0.003 0.003 0.003 0.003 0.005 0.003 0.961 0.001 0.003 0.003 0.002 
314      577    (0)    2 :  0.002 0.007 0.006 0.008 0.010 0.010 0.006 0.008 0.009 0.016 0.007 0.886 0.002 0.008 0.013 0.003 
315      578    (0)    2 :  0.001 0.008 0.005 0.050 0.004 0.004 0.004 0.004 0.004 0.004 0.005 0.897 0.002 0.003 0.004 0.002 
316      579    (0)    2 :  0.001 0.004 0.011 0.008 0.004 0.002 0.004 0.004 0.003 0.003 0.007 0.936 0.002 0.004 0.005 0.003 
317      580    (0)    2 :  0.001 0.002 0.003 0.002 0.003 0.002 0.003 0.003 0.003 0.003 0.004 0.961 0.002 0.003 0.003 0.002 
318      581    (0)    2 :  0.001 0.002 0.005 0.015 0.003 0.002 0.002 0.003 0.003 0.007 0.005 0.941 0.002 0.003 0.003 0.002 
319      582    (4)    2 :  0.003 0.017 0.013 0.003 0.025 0.002 0.007 0.020 0.013 0.013 0.019 0.753 0.049 0.031 0.019 0.013 
320      583    (0)    2 :  0.002 0.015 0.017 0.004 0.071 0.014 0.034 0.079 0.073 0.008 0.021 0.492 0.010 0.069 0.068 0.022 
321      584    (0)    2 :  0.001 0.007 0.008 0.014 0.009 0.005 0.007 0.008 0.007 0.007 0.055 0.847 0.003 0.009 0.008 0.007 
322      585    (0)    2 :  0.001 0.002 0.007 0.002 0.005 0.009 0.006 0.004 0.004 0.011 0.007 0.927 0.002 0.005 0.006 0.003 
323      586    (2)    2 :  0.001 0.010 0.005 0.004 0.004 0.004 0.006 0.004 0.004 0.008 0.007 0.929 0.002 0.004 0.004 0.002 
324      587    (0)    2 :  0.001 0.002 0.003 0.009 0.003 0.002 0.003 0.003 0.003 0.003 0.003 0.955 0.002 0.003 0.003 0.003 
325      588    (0)    2 :  0.008 0.011 0.006 0.004 0.028 0.020 0.011 0.019 0.012 0.008 0.008 0.787 0.009 0.025 0.039 0.006 
326      589    (0)    2 :  0.006 0.018 0.007 0.018 0.030 0.005 0.048 0.027 0.022 0.012 0.035 0.701 0.004 0.035 0.022 0.009 
327      590    (0)    2 :  0.004 0.012 0.010 0.036 0.006 0.050 0.003 0.007 0.006 0.042 0.006 0.791 0.009 0.006 0.007 0.005 
328      001    (0)    3 :  0.959 0.001 0.002 0.003 0.003 0.002 0.002 0.003 0.003 0.003 0.002 0.003 0.003 0.004 0.003 0.002 
329      005    (0)    3 :  0.967 0.003 0.001 0.001 0.002 0.002 0.002 0.002 0.002 0.002 0.002 0.001 0.006 0.002 0.002 0.002 
330      106    (0)    3 :  0.959 0.003 0.002 0.003 0.003 0.002 0.003 0.003 0.003 0.003 0.002 0.005 0.002 0.003 0.003 0.003 
331      192    (0)    3 :  0.868 0.011 0.004 0.006 0.015 0.003 0.009 0.014 0.012 0.004 0.005 0.006 0.005 0.016 0.015 0.006 
332      229    (0)    3 :  0.891 0.004 0.004 0.003 0.005 0.004 0.007 0.005 0.005 0.007 0.005 0.003 0.040 0.006 0.005 0.006 
333      319    (0)    3 :  0.951 0.002 0.003 0.002 0.004 0.002 0.002 0.004 0.004 0.003 0.002 0.002 0.005 0.004 0.004 0.007 
334      327    (0)    3 :  0.960 0.003 0.002 0.002 0.003 0.002 0.003 0.003 0.002 0.002 0.002 0.003 0.002 0.003 0.003 0.006 
335      340    (0)    3 :  0.943 0.003 0.003 0.001 0.007 0.004 0.002 0.005 0.004 0.004 0.002 0.003 0.003 0.005 0.007 0.004 
336      345    (0)    3 :  0.928 0.003 0.006 0.001 0.005 0.002 0.005 0.005 0.005 0.004 0.002 0.004 0.010 0.005 0.005 0.010 
337      375    (0)    3 :  0.958 0.005 0.003 0.001 0.003 0.002 0.004 0.003 0.003 0.002 0.002 0.002 0.003 0.003 0.003 0.003 
338      501    (4)    3 :  0.954 0.002 0.003 0.001 0.003 0.008 0.004 0.003 0.003 0.002 0.002 0.002 0.003 0.003 0.003 0.004 
339      502    (0)    3 :  0.920 0.003 0.010 0.003 0.005 0.011 0.008 0.004 0.004 0.004 0.002 0.003 0.008 0.005 0.005 0.003 
340      503    (2)    3 :  0.962 0.002 0.001 0.002 0.002 0.006 0.002 0.002 0.002 0.003 0.001 0.004 0.002 0.002 0.002 0.002 
341      504    (0)    3 :  0.927 0.004 0.007 0.004 0.004 0.002 0.003 0.005 0.005 0.002 0.007 0.002 0.016 0.004 0.004 0.002 
342      505    (0)    3 :  0.869 0.003 0.002 0.007 0.006 0.002 0.007 0.007 0.006 0.012 0.002 0.006 0.046 0.007 0.007 0.010 
343      506    (2)    3 :  0.935 0.002 0.004 0.002 0.006 0.005 0.006 0.006 0.005 0.002 0.004 0.002 0.005 0.006 0.006 0.006 
344      507    (4)    3 :  0.956 0.002 0.002 0.001 0.003 0.004 0.005 0.003 0.003 0.003 0.002 0.002 0.004 0.003 0.003 0.004 
345      508    (0)    3 :  0.908 0.002 0.005 0.002 0.006 0.022 0.005 0.006 0.005 0.006 0.005 0.004 0.003 0.006 0.007 0.008 
346      509    (2)    3 :  0.956 0.004 0.002 0.001 0.004 0.003 0.003 0.003 0.003 0.003 0.003 0.002 0.003 0.003 0.005 0.003 
347      510    (2)    3 :  0.924 0.019 0.005 0.003 0.005 0.004 0.003 0.005 0.005 0.002 0.008 0.002 0.003 0.005 0.005 0.003 
348      511    (4)    3 :  0.960 0.002 0.003 0.003 0.003 0.004 0.002 0.003 0.003 0.002 0.003 0.002 0.002 0.003 0.003 0.002 
349      512    (4)    3 :  0.955 0.003 0.002 0.002 0.003 0.002 0.004 0.003 0.003 0.002 0.003 0.002 0.006 0.003 0.003 0.004 
350      513    (0)    3 :  0.938 0.019 0.002 0.002 0.004 0.002 0.003 0.003 0.003 0.002 0.003 0.002 0.007 0.004 0.004 0.003 
351      514    (0)    3 :  0.960 0.002 0.003 0.001 0.004 0.002 0.002 0.004 0.004 0.002 0.004 0.001 0.002 0.004 0.003 0.002 
352      515    (2)    3 :  0.962 0.003 0.002 0.001 0.003 0.002 0.002 0.002 0.002 0.003 0.002 0.002 0.004 0.003 0.004 0.002 
353      516    (2)    3 :  0.925 0.007 0.008 0.003 0.005 0.008 0.005 0.005 0.005 0.004 0.004 0.003 0.004 0.005 0.004 0.003 
354      517    (0)    3 :  0.966 0.002 0.002 0.001 0.002 0.002 0.002 0.002 0.002 0.001 0.007 0.001 0.004 0.002 0.002 0.002 
355      518    (0)    3 :  0.931 0.003 0.005 0.002 0.006 0.004 0.004 0.007 0.007 0.006 0.004 0.003 0.003 0.006 0.005 0.005 
356      519    (0)    3 :  0.955 0.004 0.002 0.003 0.003 0.004 0.002 0.003 0.003 0.003 0.002 0.003 0.002 0.003 0.004 0.003 
357      520    (2)    3 :  0.950 0.006 0.002 0.004 0.004 0.002 0.003 0.003 0.003 0.002 0.005 0.003 0.002 0.004 0.004 0.002 
358      521    (2)    3 :  0.954 0.003 0.002 0.008 0.002 0.002 0.003 0.002 0.002 0.003 0.002 0.003 0.006 0.002 0.002 0.003 
359      522    (0)    3 :  0.899 0.005 0.021 0.013 0.005 0.010 0.004 0.005 0.005 0.004 0.006 0.006 0.001 0.006 0.005 0.003 
360      523    (2)    3 :  0.922 0.002 0.004 0.004 0.006 0.005 0.004 0.006 0.007 0.008 0.005 0.005 0.004 0.006 0.006 0.006 
361      524    (0)    3 :  0.802 0.006 0.014 0.012 0.009 0.065 0.006 0.010 0.013 0.024 0.004 0.008 0.003 0.008 0.008 0.009 
362      525    (0)    3 :  0.966 0.003 0.003 0.001 0.003 0.002 0.002 0.003 0.003 0.001 0.002 0.002 0.001 0.003 0.003 0.002 
363      526    (2)    3 :  0.957 0.002 0.002 0.002 0.002 0.002 0.002 0.002 0.002 0.002 0.003 0.002 0.012 0.002 0.002 0.003 
364      527    (2)    4 :  0.007 0.010 0.010 0.002 0.010 0.012 0.006 0.008 0.008 0.025 0.008 0.865 0.005 0.009 0.013 0.003 
365      528    (4)    4 :  0.002 0.009 0.015 0.017 0.020 0.003 0.334 0.021 0.020 0.086 0.004 0.405 0.003 0.019 0.024 0.018 
366      529    (4)    4 :  0.003 0.004 0.014 0.015 0.014 0.006 0.111 0.019 0.025 0.013 0.017 0.718 0.009 0.011 0.013 0.008 
367      530    (0)    4 :  0.008 0.005 0.003 0.004 0.007 0.006 0.010 0.006 0.006 0.009 0.003 0.902 0.004 0.008 0.007 0.012 
368      531    (2)    4 :  0.004 0.004 0.005 0.011 0.006 0.003 0.023 0.007 0.007 0.011 0.005 0.886 0.006 0.006 0.007 0.009 
369      532    (4)    4 :  0.003 0.002 0.004 0.003 0.012 0.032 0.102 0.011 0.010 0.019 0.004 0.749 0.002 0.011 0.013 0.023 
370      533    (0)    4 :  0.007 0.002 0.020 0.019 0.051 0.002 0.012 0.068 0.096 0.039 0.010 0.575 0.002 0.033 0.041 0.021 
371      534    (2)    4 :  0.003 0.006 0.004 0.013 0.008 0.003 0.007 0.009 0.010 0.095 0.005 0.818 0.002 0.007 0.008 0.005 
372      535    (2)    4 :  0.002 0.002 0.008 0.004 0.010 0.011 0.025 0.010 0.011 0.009 0.007 0.865 0.005 0.011 0.010 0.009 
373      536    (2)    4 :  0.002 0.002 0.003 0.027 0.006 0.004 0.003 0.006 0.005 0.009 0.005 0.895 0.013 0.006 0.006 0.008 
374      537    (2)    4 :  0.002 0.014 0.006 0.007 0.006 0.002 0.007 0.007 0.007 0.007 0.008 0.909 0.002 0.006 0.006 0.004 
375      538    (2)    4 :  0.006 0.004 0.024 0.003 0.037 0.003 0.005 0.035 0.029 0.048 0.013 0.677 0.002 0.038 0.037 0.038 
376      539    (2)    4 :  0.001 0.002 0.006 0.003 0.005 0.004 0.006 0.006 0.006 0.164 0.003 0.779 0.002 0.005 0.005 0.004 
377      540    (2)    4 :  0.001 0.002 0.010 0.011 0.013 0.005 0.006 0.018 0.023 0.014 0.009 0.843 0.001 0.012 0.011 0.021 
378      541    (2)    4 :  0.003 0.003 0.009 0.007 0.008 0.005 0.047 0.009 0.010 0.073 0.038 0.746 0.002 0.009 0.008 0.023 
379      542    (2)    4 :  0.002 0.009 0.084 0.010 0.016 0.004 0.015 0.017 0.018 0.073 0.021 0.679 0.004 0.017 0.016 0.015 
380      543    (0)    4 :  0.003 0.014 0.014 0.020 0.040 0.003 0.009 0.057 0.061 0.038 0.044 0.593 0.002 0.035 0.050 0.017 
381      544    (2)    4 :  0.003 0.002 0.003 0.005 0.004 0.001 0.003 0.004 0.004 0.026 0.003 0.926 0.002 0.003 0.004 0.008 
382      545    (2)    4 :  0.002 0.002 0.013 0.004 0.025 0.010 0.005 0.011 0.007 0.813 0.005 0.032 0.001 0.016 0.049 0.005 
383      546    (4)    4 :  0.001 0.002 0.017 0.004 0.046 0.010 0.004 0.024 0.014 0.737 0.003 0.014 0.002 0.029 0.088 0.005 
384      547    (6)    4 :  0.004 0.029 0.008 0.009 0.035 0.034 0.009 0.035 0.024 0.012 0.021 0.657 0.015 0.042 0.038 0.027 
385      019    (0)    5 :  0.002 0.004 0.004 0.008 0.008 0.003 0.017 0.008 0.007 0.801 0.045 0.069 0.004 0.007 0.007 0.007 
386      064    (0)    5 :  0.001 0.002 0.002 0.002 0.002 0.003 0.002 0.002 0.002 0.943 0.003 0.026 0.001 0.002 0.002 0.002 
387      065    (0)    5 :  0.001 0.001 0.002 0.005 0.002 0.002 0.003 0.002 0.002 0.028 0.003 0.939 0.001 0.002 0.002 0.003 
388      066    (0)    5 :  0.002 0.003 0.009 0.006 0.009 0.010 0.004 0.010 0.012 0.612 0.019 0.272 0.002 0.009 0.010 0.009 
389      067    (0)    5 :  0.005 0.009 0.005 0.009 0.008 0.004 0.017 0.009 0.009 0.865 0.025 0.010 0.006 0.007 0.008 0.005 
390      068    (0)    5 :  0.002 0.030 0.011 0.008 0.008 0.021 0.018 0.009 0.008 0.031 0.009 0.821 0.002 0.008 0.008 0.007 
391      069    (0)    5 :  0.001 0.004 0.008 0.011 0.007 0.018 0.007 0.006 0.006 0.788 0.004 0.119 0.001 0.006 0.009 0.006 
392      107    (0)    5 :  0.001 0.002 0.005 0.003 0.006 0.005 0.005 0.005 0.004 0.526 0.006 0.418 0.001 0.006 0.005 0.003 
393      110    (0)    5 :  0.001 0.002 0.002 0.002 0.003 0.003 0.008 0.002 0.002 0.958 0.002 0.003 0.003 0.003 0.003 0.002 
394      121    (0)    5 :  0.001 0.003 0.005 0.002 0.004 0.003 0.012 0.004 0.004 0.024 0.005 0.920 0.001 0.004 0.004 0.003 
395      137    (0)    5 :  0.002 0.002 0.007 0.005 0.009 0.004 0.004 0.008 0.007 0.902 0.007 0.008 0.010 0.011 0.008 0.005 
396      146    (0)    5 :  0.003 0.003 0.005 0.019 0.011 0.002 0.005 0.010 0.008 0.585 0.004 0.256 0.003 0.011 0.010 0.063 
397      149    (0)    5 :  0.001 0.002 0.004 0.002 0.004 0.002 0.005 0.004 0.004 0.944 0.006 0.005 0.003 0.005 0.004 0.004 
398      154    (0)    5 :  0.003 0.016 0.005 0.159 0.007 0.003 0.004 0.005 0.005 0.721 0.007 0.048 0.002 0.007 0.006 0.004 
399      179    (0)    5 :  0.002 0.004 0.006 0.004 0.004 0.007 0.004 0.004 0.004 0.579 0.005 0.363 0.002 0.004 0.004 0.004 
400      181    (0)    5 :  0.001 0.002 0.003 0.004 0.004 0.002 0.003 0.005 0.005 0.783 0.002 0.174 0.002 0.004 0.004 0.003 
401      182    (0)    5 :  0.003 0.014 0.005 0.006 0.010 0.017 0.027 0.012 0.010 0.118 0.006 0.735 0.002 0.011 0.010 0.014 
402      186    (0)    5 :  0.005 0.004 0.016 0.004 0.014 0.009 0.090 0.014 0.014 0.630 0.008 0.127 0.005 0.015 0.016 0.030 
403      193    (0)    5 :  0.003 0.004 0.004 0.008 0.007 0.005 0.006 0.009 0.008 0.474 0.009 0.439 0.002 0.007 0.007 0.008 
404      320    (0)    5 :  0.001 0.010 0.004 0.009 0.005 0.003 0.007 0.006 0.006 0.890 0.006 0.029 0.003 0.005 0.005 0.011 
405      341    (0)    5 :  0.001 0.003 0.010 0.003 0.006 0.005 0.004 0.006 0.005 0.047 0.010 0.880 0.002 0.007 0.005 0.007 
406      376    (0)    5 :  0.036 0.003 0.006 0.009 0.009 0.018 0.024 0.010 0.012 0.270 0.004 0.565 0.003 0.009 0.009 0.013 
407      395    (0)    5 :  0.001 0.004 0.031 0.054 0.006 0.004 0.012 0.007 0.008 0.667 0.010 0.173 0.006 0.006 0.006 0.006 
408      396    (0)    5 :  0.002 0.002 0.004 0.003 0.003 0.004 0.002 0.003 0.003 0.042 0.002 0.916 0.003 0.003 0.003 0.004 
409      397    (0)    5 :  0.001 0.006 0.003 0.010 0.005 0.002 0.005 0.005 0.005 0.087 0.004 0.845 0.009 0.005 0.004 0.003 
410      398    (0)    5 :  0.002 0.004 0.002 0.060 0.005 0.005 0.011 0.005 0.005 0.496 0.004 0.377 0.004 0.005 0.005 0.009 
411      399    (0)    5 :  0.002 0.003 0.003 0.002 0.004 0.006 0.012 0.005 0.004 0.007 0.003 0.928 0.002 0.005 0.005 0.008 
412      400    (0)    5 :  0.001 0.002 0.003 0.006 0.006 0.009 0.010 0.006 0.006 0.900 0.003 0.020 0.002 0.006 0.006 0.014 
413      401    (0)    5 :  0.004 0.002 0.006 0.005 0.010 0.007 0.004 0.011 0.009 0.833 0.005 0.069 0.003 0.012 0.010 0.009 
414      402    (0)    5 :  0.003 0.003 0.003 0.002 0.003 0.003 0.006 0.003 0.003 0.954 0.002 0.003 0.002 0.003 0.003 0.003 
415      403    (0)    5 :  0.002 0.004 0.011 0.004 0.009 0.010 0.019 0.009 0.008 0.434 0.015 0.418 0.011 0.008 0.009 0.029 
416      073    (0)    6 :  0.002 0.002 0.005 0.001 0.004 0.003 0.006 0.004 0.004 0.006 0.007 0.943 0.002 0.004 0.004 0.004 
417      074    (0)    6 :  0.007 0.005 0.003 0.039 0.007 0.002 0.002 0.008 0.008 0.004 0.005 0.891 0.002 0.007 0.007 0.004 
418      075    (0)    6 :  0.002 0.004 0.008 0.006 0.006 0.002 0.005 0.005 0.005 0.009 0.006 0.916 0.003 0.006 0.008 0.009 
419      076    (0)    6 :  0.005 0.006 0.010 0.004 0.005 0.003 0.012 0.006 0.006 0.009 0.006 0.906 0.005 0.006 0.005 0.005 
420      077    (0)    6 :  0.001 0.008 0.009 0.003 0.008 0.006 0.005 0.007 0.006 0.014 0.012 0.893 0.003 0.008 0.010 0.005 
421      078    (0)    6 :  0.002 0.005 0.008 0.005 0.039 0.004 0.005 0.026 0.018 0.009 0.006 0.772 0.005 0.028 0.054 0.014 
422      079    (0)    6 :  0.002 0.002 0.007 0.002 0.010 0.008 0.007 0.012 0.013 0.012 0.006 0.890 0.001 0.009 0.011 0.007 
423      080    (0)    6 :  0.003 0.018 0.003 0.003 0.006 0.004 0.014 0.005 0.005 0.006 0.004 0.912 0.002 0.006 0.006 0.004 
424      081    (0)    6 :  0.004 0.004 0.011 0.013 0.010 0.004 0.008 0.012 0.015 0.050 0.024 0.806 0.016 0.009 0.009 0.005 
425      082    (0)    6 :  0.001 0.003 0.002 0.003 0.003 0.005 0.005 0.003 0.003 0.024 0.003 0.932 0.002 0.003 0.003 0.004 
426      083    (0)    6 :  0.002 0.002 0.005 0.011 0.008 0.008 0.006 0.007 0.007 0.026 0.003 0.894 0.003 0.009 0.007 0.005 
427      084    (0)    6 :  0.004 0.002 0.007 0.099 0.005 0.002 0.003 0.005 0.005 0.014 0.012 0.825 0.005 0.005 0.005 0.004 
428      085    (0)    6 :  0.002 0.003 0.279 0.009 0.014 0.016 0.007 0.015 0.017 0.055 0.021 0.512 0.014 0.012 0.014 0.010 
429      404    (0)    6 :  0.001 0.003 0.004 0.020 0.005 0.003 0.005 0.004 0.004 0.009 0.006 0.920 0.003 0.004 0.005 0.004 
430      405    (0)    6 :  0.002 0.002 0.004 0.005 0.006 0.002 0.004 0.006 0.006 0.006 0.009 0.922 0.010 0.005 0.007 0.005 
431      406    (0)    6 :  0.005 0.003 0.004 0.008 0.014 0.006 0.007 0.012 0.010 0.005 0.003 0.882 0.008 0.012 0.017 0.006 
432      407    (0)    6 :  0.001 0.003 0.011 0.004 0.005 0.002 0.003 0.005 0.006 0.100 0.006 0.837 0.003 0.006 0.005 0.004 
433      408    (0)    6 :  0.001 0.005 0.004 0.006 0.004 0.002 0.004 0.005 0.005 0.004 0.004 0.942 0.001 0.004 0.004 0.003 
434      411    (2)    6 :  0.001 0.003 0.003 0.005 0.003 0.003 0.002 0.003 0.003 0.006 0.004 0.954 0.002 0.003 0.003 0.002 
435      412    (0)    6 :  0.029 0.006 0.016 0.004 0.007 0.006 0.011 0.008 0.009 0.008 0.010 0.864 0.005 0.007 0.006 0.005 
436      413    (0)    6 :  0.001 0.002 0.004 0.003 0.019 0.002 0.002 0.008 0.004 0.013 0.004 0.886 0.002 0.012 0.034 0.004 
437      591    (0)    7 :  0.014 0.004 0.006 0.009 0.005 0.004 0.908 0.005 0.005 0.003 0.010 0.004 0.006 0.005 0.005 0.007 
438      592    (0)    7 :  0.003 0.006 0.014 0.006 0.008 0.006 0.823 0.007 0.008 0.004 0.074 0.011 0.002 0.007 0.007 0.015 
439      593    (0)    7 :  0.002 0.002 0.005 0.004 0.008 0.005 0.913 0.007 0.007 0.005 0.007 0.009 0.005 0.007 0.008 0.006 
440      594    (0)    7 :  0.003 0.010 0.007 0.007 0.020 0.004 0.749 0.018 0.017 0.009 0.047 0.037 0.005 0.021 0.020 0.027 
441      595    (0)    7 :  0.004 0.011 0.007 0.003 0.017 0.004 0.840 0.016 0.013 0.013 0.006 0.010 0.004 0.026 0.018 0.006 
442      596    (0)    7 :  0.002 0.018 0.005 0.002 0.006 0.006 0.910 0.006 0.005 0.005 0.004 0.006 0.006 0.006 0.005 0.007 
443      597    (0)    7 :  0.001 0.006 0.035 0.003 0.009 0.003 0.824 0.009 0.010 0.027 0.007 0.034 0.002 0.011 0.011 0.008 
444      598    (0)    7 :  0.002 0.028 0.078 0.003 0.036 0.010 0.546 0.043 0.038 0.032 0.007 0.006 0.002 0.038 0.051 0.079 
445      599    (0)    7 :  0.003 0.003 0.021 0.003 0.007 0.005 0.745 0.008 0.009 0.003 0.165 0.005 0.006 0.007 0.007 0.003 
446      600    (0)    7 :  0.002 0.011 0.006 0.001 0.006 0.003 0.925 0.005 0.004 0.007 0.004 0.004 0.004 0.006 0.006 0.006 
447      601    (0)    7 :  0.002 0.002 0.036 0.002 0.015 0.005 0.798 0.016 0.016 0.026 0.019 0.020 0.002 0.017 0.013 0.009 
448      602    (0)    7 :  0.004 0.006 0.018 0.004 0.011 0.004 0.866 0.013 0.013 0.015 0.008 0.006 0.004 0.011 0.012 0.005 
449      603    (0)    7 :  0.002 0.008 0.639 0.008 0.027 0.006 0.110 0.036 0.041 0.005 0.052 0.006 0.007 0.023 0.024 0.006 
450      604    (0)    7 :  0.003 0.008 0.004 0.003 0.011 0.011 0.881 0.011 0.009 0.007 0.004 0.009 0.003 0.013 0.012 0.012 
451      605    (0)    7 :  0.019 0.024 0.008 0.003 0.021 0.004 0.728 0.022 0.019 0.006 0.011 0.008 0.004 0.023 0.022 0.079 
452      606    (0)    7 :  0.004 0.007 0.006 0.004 0.008 0.003 0.880 0.011 0.012 0.003 0.010 0.004 0.021 0.007 0.008 0.011 
453      607    (0)    7 :  0.003 0.008 0.007 0.002 0.005 0.094 0.827 0.004 0.004 0.015 0.002 0.009 0.003 0.005 0.004 0.008 
454      608    (0)    7 :  0.001 0.003 0.008 0.005 0.006 0.017 0.911 0.005 0.005 0.004 0.009 0.005 0.002 0.006 0.005 0.007 
455      609    (0)    7 :  0.002 0.003 0.005 0.003 0.008 0.008 0.916 0.008 0.008 0.004 0.004 0.004 0.004 0.008 0.007 0.008 
456      610    (0)    7 :  0.003 0.009 0.069 0.009 0.069 0.016 0.415 0.094 0.099 0.007 0.013 0.020 0.003 0.063 0.095 0.016 
457      611    (2)    7 :  0.002 0.007 0.005 0.011 0.009 0.021 0.880 0.008 0.008 0.008 0.003 0.011 0.003 0.008 0.010 0.007 
458      612    (0)    7 :  0.004 0.040 0.016 0.002 0.023 0.029 0.711 0.020 0.014 0.065 0.008 0.008 0.002 0.027 0.021 0.009 
459      755    (0)    7 :  0.025 0.040 0.015 0.029 0.027 0.276 0.406 0.039 0.050 0.009 0.006 0.016 0.002 0.018 0.025 0.015 
460      756    (0)    7 :  0.002 0.003 0.011 0.009 0.006 0.015 0.898 0.006 0.005 0.003 0.007 0.013 0.004 0.005 0.006 0.007 
461      757    (0)    7 :  0.004 0.005 0.005 0.004 0.010 0.010 0.877 0.011 0.012 0.006 0.008 0.009 0.002 0.011 0.009 0.017 
462      002    (0)    8 :  0.003 0.002 0.019 0.020 0.007 0.005 0.006 0.007 0.006 0.415 0.003 0.479 0.003 0.007 0.008 0.009 
463      099    (2)    8 :  0.705 0.042 0.003 0.008 0.028 0.012 0.008 0.027 0.025 0.005 0.053 0.004 0.004 0.039 0.025 0.012 
464      641    (2)    8 :  0.014 0.004 0.010 0.013 0.107 0.021 0.047 0.093 0.049 0.234 0.009 0.169 0.013 0.085 0.097 0.034 
465      642    (0)    8 :  0.003 0.003 0.010 0.008 0.008 0.004 0.019 0.009 0.009 0.005 0.016 0.872 0.003 0.007 0.008 0.016 
466      643    (2)    8 :  0.004 0.003 0.026 0.015 0.013 0.004 0.023 0.015 0.017 0.009 0.016 0.765 0.003 0.012 0.011 0.065 
467      644    (0)    8 :  0.003 0.008 0.013 0.007 0.009 0.008 0.006 0.009 0.010 0.026 0.019 0.841 0.004 0.009 0.009 0.018 
468      645    (0)    8 :  0.002 0.003 0.018 0.017 0.025 0.118 0.034 0.031 0.032 0.014 0.018 0.428 0.038 0.024 0.025 0.171 
469      646    (0)    8 :  0.004 0.008 0.072 0.011 0.060 0.130 0.012 0.055 0.053 0.371 0.006 0.054 0.010 0.044 0.075 0.035 
470      006    (0)    9 :  0.004 0.003 0.008 0.627 0.018 0.006 0.006 0.025 0.031 0.008 0.007 0.214 0.003 0.016 0.018 0.007 
471      011    (0)    9 :  0.001 0.003 0.003 0.009 0.003 0.002 0.003 0.003 0.003 0.004 0.004 0.954 0.002 0.003 0.003 0.003 
472      033    (2)    9 :  0.001 0.002 0.029 0.623 0.005 0.004 0.021 0.006 0.008 0.017 0.004 0.264 0.002 0.004 0.005 0.004 
473      048    (0)    9 :  0.002 0.005 0.016 0.045 0.023 0.005 0.015 0.018 0.023 0.012 0.262 0.521 0.008 0.023 0.016 0.007 
474      061    (0)    9 :  0.001 0.001 0.002 0.971 0.002 0.003 0.001 0.002 0.002 0.002 0.002 0.002 0.004 0.002 0.002 0.002 
475      088    (0)    9 :  0.003 0.008 0.011 0.022 0.013 0.003 0.012 0.014 0.017 0.019 0.021 0.811 0.005 0.014 0.012 0.014 
476      091    (0)    9 :  0.001 0.005 0.003 0.936 0.005 0.007 0.005 0.004 0.004 0.003 0.003 0.010 0.002 0.004 0.006 0.002 
477      098    (0)    9 :  0.001 0.003 0.007 0.008 0.006 0.006 0.019 0.006 0.008 0.016 0.019 0.872 0.012 0.006 0.005 0.004 
478      104    (0)    9 :  0.001 0.002 0.003 0.003 0.003 0.002 0.002 0.003 0.003 0.050 0.004 0.912 0.002 0.003 0.003 0.003 
479      196    (0)    9 :  0.001 0.005 0.007 0.577 0.005 0.002 0.010 0.006 0.008 0.022 0.011 0.326 0.005 0.004 0.005 0.005 
480      197    (0)    9 :  0.003 0.014 0.024 0.260 0.018 0.003 0.010 0.019 0.019 0.018 0.009 0.545 0.008 0.022 0.020 0.007 
481      201    (0)    9 :  0.001 0.001 0.005 0.589 0.005 0.002 0.005 0.005 0.004 0.015 0.005 0.339 0.001 0.006 0.004 0.012 
482      202    (0)    9 :  0.009 0.013 0.014 0.033 0.013 0.002 0.005 0.014 0.011 0.020 0.026 0.784 0.020 0.013 0.015 0.009 
483      204    (0)    9 :  0.001 0.002 0.013 0.380 0.004 0.010 0.003 0.004 0.005 0.038 0.005 0.523 0.002 0.003 0.003 0.004 
484      231    (0)    9 :  0.001 0.005 0.018 0.008 0.005 0.009 0.009 0.005 0.006 0.067 0.013 0.840 0.001 0.004 0.004 0.005 
485      328    (0)    9 :  0.001 0.002 0.007 0.243 0.004 0.002 0.005 0.004 0.004 0.003 0.005 0.703 0.005 0.004 0.004 0.005 
486      346    (0)    9 :  0.002 0.007 0.003 0.315 0.004 0.003 0.009 0.004 0.004 0.011 0.004 0.618 0.003 0.005 0.004 0.004 


Estimated Allele Frequencies in each cluster
First column gives estimated ancestral frequencies


Locus 1 : 1 
4 alleles
0.0% missing data
  89   (0.535) 0.293 0.642 0.466 0.697 0.544 0.827 0.551 0.557 0.572 0.294 0.589 0.625 0.066 0.533 0.546 0.495 
  91   (0.384) 0.670 0.311 0.512 0.295 0.381 0.154 0.433 0.366 0.340 0.583 0.344 0.314 0.706 0.387 0.393 0.452 
  93   (0.066) 0.036 0.046 0.015 0.007 0.062 0.015 0.014 0.053 0.048 0.122 0.055 0.060 0.098 0.074 0.054 0.049 
  99   (0.015) 0.001 0.001 0.006 0.001 0.014 0.004 0.002 0.024 0.040 0.001 0.012 0.000 0.130 0.007 0.007 0.004 

Locus 2 : 2 
6 alleles
1.0% missing data
 136   (0.356) 0.453 0.460 0.180 0.110 0.341 0.142 0.414 0.331 0.293 0.723 0.059 0.553 0.189 0.355 0.368 0.558 
 134   (0.232) 0.196 0.379 0.226 0.206 0.198 0.678 0.407 0.212 0.224 0.165 0.262 0.143 0.026 0.206 0.186 0.210 
 138   (0.297) 0.218 0.154 0.470 0.244 0.359 0.123 0.146 0.341 0.367 0.099 0.502 0.253 0.771 0.339 0.352 0.164 
 140   (0.067) 0.123 0.004 0.058 0.436 0.058 0.017 0.016 0.066 0.062 0.008 0.040 0.049 0.008 0.058 0.056 0.037 
 132   (0.022) 0.001 0.001 0.005 0.002 0.027 0.004 0.004 0.030 0.034 0.002 0.003 0.000 0.002 0.027 0.021 0.006 
 142   (0.027) 0.009 0.002 0.061 0.003 0.016 0.035 0.014 0.020 0.021 0.002 0.134 0.001 0.003 0.015 0.017 0.025 

Locus 3 : 3 
6 alleles
0.0% missing data
 181   (0.256) 0.073 0.067 0.125 0.075 0.245 0.356 0.404 0.245 0.240 0.095 0.422 0.232 0.180 0.269 0.227 0.192 
 187   (0.344) 0.344 0.258 0.338 0.690 0.396 0.116 0.163 0.351 0.313 0.543 0.152 0.514 0.775 0.380 0.451 0.342 
 179   (0.241) 0.052 0.015 0.316 0.219 0.227 0.340 0.400 0.258 0.288 0.347 0.194 0.229 0.028 0.222 0.202 0.294 
 191   (0.033) 0.009 0.199 0.007 0.004 0.031 0.009 0.006 0.029 0.030 0.003 0.008 0.022 0.004 0.032 0.026 0.010 
 185   (0.076) 0.286 0.458 0.084 0.007 0.068 0.131 0.018 0.079 0.089 0.008 0.091 0.002 0.008 0.064 0.059 0.056 
 175   (0.050) 0.237 0.003 0.131 0.005 0.034 0.048 0.009 0.038 0.040 0.004 0.133 0.001 0.006 0.033 0.036 0.106 

Locus 4 : 4 
12 alleles
0.2% missing data
 253   (0.486) 0.169 0.463 0.525 0.631 0.481 0.631 0.614 0.519 0.546 0.466 0.524 0.757 0.598 0.486 0.425 0.513 
 249   (0.029) 0.066 0.002 0.005 0.311 0.022 0.006 0.005 0.022 0.020 0.020 0.003 0.058 0.004 0.022 0.022 0.009 
 271   (0.042) 0.110 0.003 0.027 0.005 0.034 0.010 0.009 0.041 0.046 0.054 0.005 0.028 0.005 0.034 0.032 0.031 
 241   (0.158) 0.529 0.150 0.175 0.022 0.143 0.095 0.143 0.133 0.117 0.361 0.140 0.020 0.183 0.157 0.152 0.190 
 257   (0.006) 0.000 0.000 0.002 0.000 0.003 0.001 0.001 0.004 0.004 0.003 0.001 0.000 0.001 0.003 0.004 0.005 
 269   (0.172) 0.031 0.100 0.218 0.020 0.225 0.232 0.185 0.170 0.143 0.074 0.286 0.134 0.199 0.207 0.275 0.151 
 247   (0.066) 0.026 0.280 0.030 0.007 0.068 0.017 0.033 0.085 0.101 0.007 0.036 0.002 0.007 0.068 0.062 0.053 
 245   (0.009) 0.066 0.001 0.002 0.001 0.005 0.001 0.001 0.006 0.005 0.001 0.001 0.000 0.001 0.005 0.006 0.002 
 239   (0.011) 0.001 0.001 0.002 0.001 0.006 0.003 0.003 0.007 0.007 0.001 0.001 0.000 0.001 0.007 0.007 0.022 
 273   (0.008) 0.001 0.000 0.001 0.001 0.004 0.001 0.001 0.005 0.005 0.001 0.001 0.000 0.001 0.004 0.005 0.021 
 267   (0.006) 0.000 0.000 0.001 0.001 0.005 0.001 0.001 0.004 0.003 0.011 0.001 0.000 0.001 0.004 0.008 0.002 
 255   (0.006) 0.000 0.000 0.012 0.001 0.003 0.001 0.002 0.004 0.004 0.001 0.001 0.000 0.001 0.003 0.003 0.002 

Locus 5 : 5 
6 alleles
0.6% missing data
 103   (0.857) 0.739 0.979 0.922 0.986 0.782 0.958 0.931 0.813 0.818 0.974 0.972 0.994 0.984 0.835 0.724 0.866 
 104   (0.054) 0.069 0.003 0.038 0.005 0.136 0.021 0.024 0.102 0.105 0.018 0.016 0.003 0.006 0.082 0.197 0.045 
 101   (0.009) 0.001 0.013 0.003 0.001 0.005 0.004 0.002 0.006 0.006 0.001 0.001 0.000 0.001 0.005 0.006 0.003 
 105   (0.048) 0.166 0.003 0.025 0.005 0.050 0.011 0.035 0.053 0.050 0.004 0.007 0.001 0.005 0.051 0.045 0.070 
 102   (0.016) 0.001 0.001 0.009 0.001 0.017 0.003 0.005 0.015 0.012 0.001 0.002 0.000 0.002 0.016 0.015 0.006 
 107   (0.015) 0.025 0.001 0.003 0.001 0.010 0.002 0.003 0.011 0.010 0.001 0.002 0.000 0.001 0.011 0.012 0.010 

Locus 6 : 6 
5 alleles
0.2% missing data
 141   (0.271) 0.111 0.132 0.333 0.842 0.248 0.782 0.308 0.285 0.332 0.317 0.150 0.591 0.031 0.233 0.233 0.207 
 145   (0.399) 0.023 0.260 0.451 0.071 0.475 0.132 0.446 0.404 0.338 0.120 0.664 0.179 0.410 0.489 0.501 0.524 
 135   (0.236) 0.635 0.289 0.181 0.071 0.204 0.065 0.136 0.235 0.262 0.364 0.174 0.190 0.548 0.200 0.193 0.200 
 147   (0.083) 0.127 0.319 0.033 0.014 0.066 0.018 0.109 0.068 0.061 0.197 0.011 0.039 0.010 0.071 0.066 0.058 
 137   (0.012) 0.104 0.001 0.002 0.001 0.007 0.002 0.002 0.008 0.007 0.002 0.002 0.000 0.001 0.006 0.007 0.011 

Locus 7 : 7 
10 alleles
1.2% missing data
  93   (0.227) 0.113 0.066 0.344 0.622 0.190 0.308 0.215 0.201 0.207 0.403 0.268 0.332 0.796 0.188 0.190 0.273 
 103   (0.301) 0.017 0.514 0.348 0.076 0.369 0.123 0.533 0.343 0.329 0.278 0.357 0.403 0.040 0.352 0.371 0.290 
  91   (0.070) 0.059 0.156 0.018 0.007 0.064 0.060 0.040 0.062 0.057 0.007 0.037 0.034 0.010 0.070 0.064 0.059 
  97   (0.194) 0.263 0.252 0.046 0.026 0.195 0.242 0.157 0.189 0.187 0.169 0.195 0.165 0.127 0.215 0.187 0.121 
  85   (0.046) 0.003 0.003 0.012 0.005 0.039 0.010 0.014 0.041 0.040 0.008 0.054 0.046 0.007 0.040 0.043 0.048 
  89   (0.081) 0.302 0.005 0.207 0.257 0.058 0.242 0.028 0.061 0.057 0.127 0.055 0.019 0.011 0.059 0.066 0.067 
  83   (0.047) 0.003 0.003 0.020 0.005 0.056 0.009 0.008 0.075 0.098 0.004 0.029 0.001 0.006 0.048 0.043 0.133 
 105   (0.014) 0.089 0.001 0.003 0.001 0.011 0.003 0.002 0.013 0.015 0.001 0.002 0.000 0.002 0.012 0.011 0.004 
 101   (0.009) 0.125 0.001 0.002 0.001 0.012 0.001 0.001 0.008 0.005 0.001 0.001 0.000 0.001 0.008 0.018 0.003 
  99   (0.010) 0.025 0.001 0.002 0.001 0.007 0.002 0.001 0.006 0.006 0.001 0.001 0.000 0.001 0.008 0.006 0.003 

Locus 8 : 8 
8 alleles
0.0% missing data
 129   (0.551) 0.300 0.639 0.755 0.670 0.616 0.462 0.403 0.551 0.493 0.477 0.731 0.706 0.198 0.621 0.642 0.639 
 141   (0.055) 0.003 0.215 0.024 0.008 0.042 0.011 0.093 0.049 0.053 0.144 0.010 0.099 0.006 0.041 0.044 0.021 
 149   (0.079) 0.303 0.012 0.077 0.011 0.065 0.280 0.017 0.082 0.103 0.037 0.051 0.143 0.009 0.059 0.058 0.057 
 143   (0.262) 0.297 0.129 0.130 0.307 0.239 0.207 0.478 0.276 0.309 0.336 0.192 0.052 0.702 0.239 0.216 0.247 
 127   (0.018) 0.094 0.001 0.004 0.001 0.014 0.003 0.003 0.015 0.013 0.002 0.002 0.000 0.045 0.015 0.015 0.005 
 131   (0.012) 0.001 0.002 0.002 0.001 0.007 0.003 0.002 0.008 0.007 0.001 0.010 0.000 0.038 0.007 0.008 0.003 
 133   (0.017) 0.001 0.001 0.007 0.001 0.013 0.033 0.003 0.015 0.017 0.002 0.002 0.000 0.002 0.014 0.014 0.023 
 145   (0.006) 0.000 0.000 0.001 0.000 0.003 0.001 0.001 0.004 0.004 0.001 0.001 0.000 0.001 0.004 0.004 0.005 

Locus 9 : 9 
5 alleles
0.0% missing data
 191   (0.391) 0.338 0.545 0.166 0.848 0.397 0.590 0.482 0.406 0.425 0.599 0.326 0.564 0.339 0.381 0.390 0.350 
 195   (0.142) 0.331 0.051 0.062 0.030 0.118 0.033 0.247 0.145 0.175 0.037 0.382 0.190 0.356 0.113 0.106 0.132 
 189   (0.455) 0.330 0.403 0.769 0.120 0.478 0.374 0.269 0.441 0.392 0.362 0.290 0.244 0.304 0.500 0.497 0.504 
 197   (0.006) 0.000 0.000 0.001 0.001 0.003 0.001 0.001 0.004 0.004 0.001 0.001 0.000 0.001 0.003 0.003 0.012 
 193   (0.006) 0.000 0.000 0.001 0.001 0.003 0.002 0.001 0.004 0.004 0.001 0.001 0.002 0.001 0.003 0.004 0.002 

Locus 10 : 10 
7 alleles
0.4% missing data
 232   (0.251) 0.126 0.277 0.073 0.580 0.282 0.063 0.152 0.266 0.251 0.379 0.187 0.286 0.218 0.283 0.282 0.292 
 238   (0.558) 0.748 0.342 0.869 0.130 0.562 0.843 0.674 0.560 0.559 0.439 0.729 0.593 0.367 0.558 0.568 0.492 
 252   (0.106) 0.014 0.032 0.042 0.275 0.088 0.078 0.120 0.105 0.123 0.174 0.074 0.106 0.016 0.081 0.085 0.165 
 254   (0.047) 0.081 0.265 0.009 0.013 0.035 0.009 0.047 0.037 0.037 0.005 0.006 0.014 0.395 0.039 0.036 0.036 
 248   (0.018) 0.001 0.083 0.003 0.001 0.015 0.003 0.003 0.014 0.012 0.002 0.002 0.000 0.002 0.021 0.016 0.008 
 250   (0.014) 0.029 0.001 0.002 0.001 0.012 0.002 0.002 0.014 0.014 0.001 0.002 0.000 0.002 0.013 0.010 0.004 
 236   (0.006) 0.000 0.001 0.001 0.001 0.005 0.001 0.002 0.004 0.004 0.001 0.001 0.000 0.001 0.006 0.004 0.003 

Locus 11 : 11 
4 alleles
0.0% missing data
  87   (0.687) 0.495 0.533 0.796 0.338 0.716 0.866 0.644 0.701 0.705 0.556 0.871 0.646 0.964 0.705 0.733 0.691 
  89   (0.242) 0.152 0.385 0.185 0.637 0.235 0.085 0.343 0.243 0.233 0.361 0.100 0.302 0.029 0.246 0.218 0.214 
  91   (0.054) 0.183 0.081 0.016 0.023 0.038 0.014 0.010 0.046 0.051 0.082 0.027 0.052 0.006 0.038 0.038 0.078 
  85   (0.016) 0.170 0.001 0.003 0.002 0.011 0.035 0.003 0.011 0.011 0.001 0.002 0.000 0.002 0.012 0.011 0.017 

Locus 12 : 12 
13 alleles
0.4% missing data
 160   (0.217) 0.425 0.719 0.247 0.036 0.250 0.191 0.059 0.209 0.166 0.186 0.296 0.108 0.597 0.248 0.262 0.212 
 162   (0.248) 0.015 0.231 0.325 0.763 0.229 0.383 0.485 0.269 0.306 0.096 0.217 0.210 0.065 0.228 0.203 0.250 
 147   (0.050) 0.003 0.003 0.070 0.092 0.040 0.014 0.088 0.039 0.034 0.360 0.017 0.117 0.005 0.047 0.040 0.017 
 158   (0.230) 0.095 0.022 0.099 0.079 0.261 0.102 0.188 0.235 0.216 0.321 0.237 0.535 0.028 0.249 0.294 0.284 
 161   (0.107) 0.274 0.016 0.141 0.014 0.082 0.032 0.150 0.102 0.118 0.023 0.113 0.022 0.116 0.076 0.079 0.113 
 170   (0.050) 0.027 0.003 0.052 0.006 0.056 0.012 0.009 0.061 0.071 0.005 0.013 0.007 0.006 0.063 0.044 0.059 
 143   (0.032) 0.157 0.002 0.006 0.003 0.030 0.009 0.005 0.034 0.043 0.003 0.004 0.001 0.176 0.029 0.024 0.040 
 154   (0.016) 0.001 0.001 0.004 0.002 0.019 0.005 0.006 0.017 0.012 0.002 0.002 0.000 0.002 0.025 0.020 0.006 
 149   (0.019) 0.001 0.001 0.005 0.002 0.012 0.247 0.004 0.013 0.014 0.002 0.086 0.000 0.002 0.013 0.013 0.005 
 153   (0.012) 0.001 0.001 0.002 0.001 0.010 0.002 0.003 0.009 0.008 0.001 0.001 0.000 0.001 0.013 0.009 0.010 
 150   (0.006) 0.000 0.000 0.001 0.001 0.003 0.001 0.001 0.003 0.003 0.001 0.011 0.000 0.001 0.003 0.003 0.002 
 159   (0.008) 0.000 0.000 0.047 0.001 0.004 0.001 0.001 0.004 0.004 0.001 0.002 0.000 0.001 0.004 0.004 0.003 
 164   (0.007) 0.000 0.000 0.001 0.000 0.004 0.001 0.001 0.004 0.004 0.001 0.001 0.000 0.001 0.004 0.005 0.002 

Locus 13 : 13 
5 alleles
0.0% missing data
 108   (0.202) 0.297 0.199 0.121 0.408 0.223 0.050 0.143 0.188 0.147 0.154 0.096 0.163 0.336 0.231 0.238 0.281 
 115   (0.451) 0.378 0.285 0.499 0.529 0.417 0.707 0.502 0.442 0.466 0.321 0.542 0.581 0.090 0.428 0.389 0.472 
 113   (0.335) 0.324 0.516 0.378 0.061 0.351 0.240 0.352 0.359 0.375 0.524 0.360 0.256 0.573 0.333 0.364 0.243 
 109   (0.006) 0.000 0.000 0.001 0.001 0.005 0.001 0.001 0.005 0.004 0.001 0.001 0.000 0.001 0.005 0.006 0.002 
 110   (0.006) 0.000 0.000 0.001 0.000 0.004 0.001 0.001 0.006 0.008 0.001 0.001 0.000 0.001 0.003 0.004 0.002 

Locus 14 : 14 
5 alleles
1.2% missing data
 227   (0.139) 0.008 0.017 0.312 0.060 0.138 0.062 0.038 0.144 0.147 0.329 0.329 0.259 0.256 0.140 0.120 0.073 
 231   (0.157) 0.357 0.353 0.042 0.026 0.151 0.039 0.459 0.144 0.131 0.107 0.025 0.093 0.273 0.173 0.134 0.148 
 229   (0.503) 0.468 0.415 0.441 0.864 0.529 0.853 0.285 0.510 0.502 0.435 0.541 0.463 0.093 0.504 0.587 0.685 
 225   (0.139) 0.059 0.211 0.186 0.019 0.133 0.033 0.146 0.139 0.138 0.024 0.058 0.088 0.227 0.139 0.117 0.069 
 233   (0.062) 0.108 0.004 0.019 0.030 0.049 0.014 0.074 0.063 0.082 0.104 0.048 0.096 0.152 0.043 0.041 0.025 

Locus 15 : 15 
5 alleles
0.4% missing data
 143   (0.838) 0.621 0.816 0.942 0.983 0.845 0.935 0.874 0.844 0.855 0.977 0.845 0.969 0.719 0.837 0.851 0.884 
 157   (0.007) 0.000 0.000 0.001 0.001 0.003 0.001 0.001 0.004 0.004 0.001 0.001 0.018 0.001 0.003 0.004 0.002 
 145   (0.090) 0.184 0.006 0.039 0.010 0.092 0.051 0.113 0.092 0.087 0.016 0.069 0.011 0.273 0.093 0.090 0.048 
 147   (0.050) 0.194 0.146 0.015 0.005 0.050 0.011 0.009 0.051 0.046 0.005 0.084 0.001 0.006 0.056 0.046 0.025 
 133   (0.014) 0.001 0.032 0.003 0.002 0.010 0.002 0.002 0.009 0.008 0.001 0.002 0.000 0.001 0.010 0.010 0.041 

Locus 16 : 16 
5 alleles
0.2% missing data
 156   (0.224) 0.162 0.501 0.169 0.195 0.190 0.052 0.327 0.212 0.225 0.085 0.259 0.306 0.515 0.185 0.177 0.394 
 158   (0.539) 0.313 0.197 0.609 0.321 0.571 0.624 0.468 0.571 0.589 0.723 0.632 0.498 0.252 0.559 0.573 0.455 
 160   (0.141) 0.119 0.113 0.176 0.472 0.130 0.299 0.147 0.124 0.106 0.181 0.084 0.151 0.016 0.148 0.117 0.103 
 154   (0.086) 0.405 0.188 0.027 0.011 0.105 0.024 0.056 0.088 0.075 0.010 0.018 0.044 0.216 0.104 0.129 0.046 
 152   (0.009) 0.001 0.001 0.020 0.001 0.004 0.001 0.001 0.005 0.005 0.001 0.009 0.000 0.001 0.004 0.005 0.002 

Locus 17 : 17 
5 alleles
0.0% missing data
 102   (0.201) 0.039 0.199 0.437 0.089 0.179 0.326 0.182 0.198 0.221 0.158 0.125 0.250 0.024 0.167 0.188 0.096 
  90   (0.682) 0.323 0.793 0.530 0.618 0.675 0.390 0.796 0.664 0.645 0.813 0.854 0.721 0.579 0.691 0.669 0.824 
  88   (0.069) 0.468 0.005 0.018 0.288 0.074 0.275 0.013 0.079 0.089 0.024 0.009 0.028 0.007 0.081 0.058 0.031 
 100   (0.042) 0.170 0.003 0.012 0.004 0.069 0.008 0.009 0.056 0.042 0.004 0.006 0.001 0.389 0.057 0.081 0.047 
 104   (0.007) 0.000 0.000 0.003 0.001 0.003 0.001 0.001 0.004 0.004 0.001 0.008 0.000 0.001 0.003 0.004 0.002 

Locus 18 : 18 
7 alleles
0.0% missing data
 142   (0.124) 0.018 0.008 0.059 0.797 0.120 0.081 0.023 0.133 0.160 0.388 0.064 0.422 0.015 0.120 0.107 0.177 
 146   (0.071) 0.004 0.226 0.251 0.030 0.057 0.100 0.083 0.080 0.109 0.023 0.012 0.193 0.008 0.044 0.047 0.060 
 140   (0.295) 0.298 0.177 0.212 0.045 0.309 0.519 0.505 0.291 0.249 0.414 0.281 0.086 0.277 0.308 0.323 0.232 
 127   (0.302) 0.386 0.058 0.289 0.077 0.345 0.190 0.230 0.305 0.274 0.102 0.336 0.225 0.547 0.347 0.361 0.404 
 148   (0.099) 0.067 0.218 0.139 0.033 0.079 0.026 0.115 0.085 0.085 0.047 0.067 0.055 0.011 0.092 0.080 0.037 
 150   (0.053) 0.224 0.309 0.027 0.006 0.043 0.068 0.012 0.059 0.082 0.005 0.193 0.001 0.005 0.035 0.036 0.052 
 138   (0.055) 0.003 0.004 0.024 0.011 0.048 0.016 0.033 0.046 0.041 0.021 0.046 0.018 0.137 0.054 0.046 0.039 

Locus 19 : 19 
8 alleles
0.2% missing data
 188   (0.184) 0.011 0.170 0.088 0.563 0.184 0.044 0.066 0.195 0.195 0.175 0.195 0.096 0.020 0.191 0.177 0.187 
 190   (0.122) 0.041 0.201 0.072 0.014 0.093 0.397 0.247 0.094 0.092 0.332 0.241 0.419 0.013 0.087 0.114 0.103 
 194   (0.575) 0.554 0.477 0.559 0.413 0.615 0.185 0.595 0.595 0.599 0.483 0.533 0.483 0.956 0.609 0.616 0.639 
 202   (0.017) 0.042 0.146 0.003 0.001 0.011 0.003 0.003 0.013 0.014 0.001 0.002 0.000 0.002 0.010 0.011 0.005 
 200   (0.083) 0.314 0.005 0.274 0.007 0.087 0.368 0.083 0.091 0.090 0.008 0.026 0.002 0.008 0.092 0.070 0.055 
 192   (0.006) 0.000 0.000 0.001 0.000 0.004 0.001 0.004 0.005 0.004 0.001 0.001 0.000 0.001 0.004 0.005 0.002 
 196   (0.006) 0.000 0.000 0.001 0.000 0.003 0.001 0.001 0.004 0.004 0.001 0.001 0.000 0.001 0.003 0.004 0.007 
 198   (0.006) 0.038 0.000 0.001 0.000 0.003 0.001 0.001 0.003 0.003 0.001 0.001 0.000 0.001 0.003 0.003 0.002 

Locus 20 : 20 
6 alleles
0.8% missing data
 252   (0.695) 0.073 0.729 0.829 0.811 0.712 0.550 0.745 0.720 0.728 0.712 0.752 0.851 0.383 0.726 0.690 0.836 
 250   (0.085) 0.429 0.140 0.027 0.010 0.077 0.129 0.069 0.071 0.062 0.051 0.095 0.100 0.349 0.083 0.071 0.029 
 244   (0.022) 0.047 0.002 0.007 0.155 0.015 0.007 0.007 0.016 0.016 0.002 0.006 0.007 0.004 0.014 0.016 0.009 
 254   (0.081) 0.242 0.081 0.104 0.010 0.059 0.018 0.056 0.077 0.096 0.010 0.085 0.031 0.101 0.053 0.056 0.061 
 246   (0.095) 0.207 0.047 0.026 0.010 0.078 0.292 0.120 0.079 0.073 0.221 0.059 0.004 0.160 0.083 0.080 0.057 
 248   (0.021) 0.001 0.001 0.008 0.003 0.060 0.004 0.004 0.036 0.025 0.002 0.003 0.006 0.002 0.041 0.087 0.008 

Locus 21 : 21 
7 alleles
0.2% missing data
 173   (0.288) 0.209 0.212 0.486 0.148 0.241 0.072 0.317 0.269 0.306 0.147 0.601 0.375 0.121 0.241 0.235 0.353 
 177   (0.268) 0.040 0.167 0.232 0.174 0.342 0.502 0.081 0.308 0.294 0.632 0.214 0.274 0.273 0.314 0.377 0.209 
 175   (0.143) 0.503 0.257 0.088 0.017 0.115 0.041 0.319 0.126 0.127 0.025 0.076 0.025 0.484 0.113 0.120 0.125 
 167   (0.193) 0.069 0.123 0.166 0.650 0.184 0.094 0.142 0.185 0.177 0.181 0.090 0.320 0.111 0.194 0.160 0.266 
 163   (0.039) 0.108 0.227 0.011 0.004 0.033 0.008 0.015 0.037 0.034 0.004 0.010 0.002 0.004 0.036 0.033 0.022 
 165   (0.050) 0.070 0.013 0.012 0.005 0.054 0.280 0.123 0.051 0.047 0.009 0.006 0.003 0.006 0.055 0.049 0.020 
 159   (0.019) 0.001 0.001 0.005 0.002 0.030 0.004 0.003 0.024 0.015 0.002 0.002 0.000 0.002 0.047 0.025 0.005 

Locus 22 : 22 
11 alleles
0.6% missing data
 146   (0.234) 0.014 0.138 0.340 0.839 0.227 0.290 0.166 0.252 0.295 0.218 0.244 0.230 0.072 0.229 0.194 0.207 
 154   (0.007) 0.000 0.000 0.001 0.001 0.003 0.001 0.001 0.004 0.004 0.002 0.001 0.070 0.001 0.003 0.004 0.002 
 166   (0.091) 0.005 0.006 0.033 0.010 0.102 0.022 0.077 0.111 0.109 0.264 0.022 0.028 0.113 0.100 0.096 0.043 
 152   (0.418) 0.099 0.368 0.552 0.123 0.439 0.598 0.512 0.395 0.353 0.448 0.666 0.640 0.505 0.425 0.501 0.555 
 150   (0.029) 0.103 0.002 0.013 0.003 0.028 0.007 0.005 0.038 0.049 0.008 0.004 0.006 0.111 0.021 0.021 0.009 
 164   (0.036) 0.067 0.002 0.011 0.004 0.024 0.007 0.057 0.026 0.024 0.042 0.006 0.011 0.005 0.025 0.025 0.029 
 156   (0.019) 0.113 0.302 0.003 0.002 0.010 0.004 0.004 0.012 0.011 0.002 0.019 0.000 0.002 0.010 0.012 0.005 
 162   (0.053) 0.138 0.071 0.021 0.005 0.057 0.020 0.042 0.049 0.042 0.005 0.011 0.001 0.007 0.071 0.049 0.038 
 158   (0.089) 0.433 0.109 0.021 0.012 0.090 0.046 0.132 0.090 0.084 0.009 0.015 0.014 0.011 0.101 0.081 0.104 
 148   (0.009) 0.000 0.001 0.001 0.001 0.005 0.001 0.001 0.005 0.005 0.001 0.001 0.000 0.173 0.004 0.006 0.003 
 142   (0.016) 0.027 0.001 0.003 0.001 0.014 0.003 0.003 0.018 0.024 0.001 0.011 0.000 0.002 0.010 0.012 0.005 

Locus 23 : 23 
7 alleles
0.8% missing data
 152   (0.013) 0.001 0.001 0.003 0.001 0.007 0.002 0.002 0.008 0.007 0.090 0.002 0.062 0.001 0.007 0.007 0.003 
 156   (0.121) 0.432 0.029 0.040 0.012 0.141 0.028 0.126 0.126 0.116 0.087 0.047 0.033 0.015 0.121 0.168 0.257 
 144   (0.177) 0.245 0.642 0.189 0.025 0.156 0.052 0.195 0.155 0.148 0.154 0.307 0.186 0.605 0.167 0.142 0.105 
 160   (0.105) 0.012 0.104 0.131 0.012 0.119 0.314 0.136 0.094 0.076 0.293 0.116 0.180 0.013 0.105 0.158 0.046 
 154   (0.548) 0.171 0.221 0.627 0.925 0.545 0.596 0.530 0.581 0.617 0.372 0.524 0.535 0.362 0.567 0.490 0.576 
 158   (0.028) 0.138 0.002 0.008 0.024 0.026 0.006 0.010 0.030 0.030 0.003 0.004 0.003 0.003 0.028 0.027 0.009 
 146   (0.008) 0.000 0.000 0.001 0.001 0.006 0.001 0.001 0.006 0.005 0.001 0.001 0.000 0.001 0.006 0.007 0.004 

Locus 24 : 24 
4 alleles
0.4% missing data
  77   (0.080) 0.005 0.049 0.156 0.030 0.057 0.032 0.086 0.059 0.052 0.026 0.058 0.330 0.009 0.062 0.060 0.112 
  83   (0.467) 0.589 0.921 0.337 0.225 0.465 0.754 0.604 0.448 0.423 0.586 0.485 0.486 0.690 0.468 0.457 0.390 
  81   (0.368) 0.377 0.024 0.441 0.734 0.408 0.193 0.271 0.412 0.441 0.350 0.331 0.164 0.291 0.399 0.411 0.348 
  85   (0.085) 0.029 0.006 0.066 0.011 0.070 0.021 0.039 0.080 0.084 0.037 0.126 0.020 0.010 0.072 0.072 0.149 

Locus 25 : 25 
6 alleles
0.4% missing data
 132   (0.313) 0.021 0.455 0.247 0.911 0.329 0.218 0.456 0.338 0.348 0.130 0.345 0.534 0.180 0.344 0.273 0.223 
 124   (0.534) 0.470 0.535 0.585 0.066 0.540 0.744 0.420 0.514 0.497 0.828 0.530 0.392 0.416 0.534 0.597 0.719 
 126   (0.025) 0.011 0.002 0.005 0.003 0.016 0.005 0.005 0.018 0.016 0.028 0.003 0.058 0.003 0.017 0.019 0.008 
 122   (0.094) 0.474 0.006 0.155 0.017 0.092 0.027 0.100 0.106 0.116 0.010 0.118 0.015 0.107 0.082 0.086 0.039 
 120   (0.019) 0.022 0.001 0.004 0.002 0.012 0.003 0.004 0.014 0.012 0.002 0.002 0.000 0.293 0.013 0.014 0.008 
 136   (0.015) 0.002 0.001 0.005 0.001 0.010 0.003 0.015 0.011 0.011 0.002 0.002 0.001 0.002 0.011 0.011 0.004 

Locus 26 : 26 
7 alleles
0.2% missing data
 165   (0.249) 0.114 0.053 0.220 0.695 0.251 0.207 0.337 0.241 0.235 0.156 0.296 0.116 0.322 0.238 0.274 0.227 
 183   (0.355) 0.210 0.424 0.245 0.199 0.381 0.633 0.465 0.346 0.304 0.459 0.337 0.584 0.294 0.391 0.380 0.332 
 179   (0.087) 0.283 0.005 0.180 0.016 0.066 0.044 0.018 0.073 0.074 0.102 0.022 0.055 0.345 0.072 0.072 0.068 
 175   (0.241) 0.015 0.452 0.330 0.084 0.241 0.104 0.152 0.282 0.341 0.277 0.337 0.244 0.031 0.231 0.216 0.206 
 181   (0.052) 0.263 0.064 0.021 0.005 0.052 0.009 0.025 0.047 0.036 0.005 0.006 0.001 0.007 0.058 0.047 0.162 
 185   (0.010) 0.115 0.001 0.002 0.001 0.005 0.002 0.001 0.006 0.006 0.001 0.001 0.000 0.001 0.005 0.006 0.003 
 157   (0.006) 0.000 0.000 0.001 0.001 0.004 0.001 0.001 0.004 0.004 0.001 0.001 0.000 0.001 0.004 0.004 0.002 

Locus 27 : 27 
4 alleles
0.2% missing data
 142   (0.641) 0.521 0.742 0.653 0.333 0.687 0.722 0.683 0.667 0.660 0.607 0.805 0.705 0.307 0.683 0.691 0.590 
 148   (0.205) 0.267 0.065 0.116 0.370 0.187 0.052 0.248 0.201 0.205 0.178 0.103 0.075 0.676 0.192 0.184 0.228 
 138   (0.046) 0.048 0.003 0.014 0.286 0.035 0.023 0.016 0.035 0.032 0.203 0.021 0.209 0.006 0.033 0.039 0.020 
 150   (0.107) 0.164 0.189 0.218 0.010 0.091 0.204 0.053 0.097 0.103 0.012 0.071 0.010 0.012 0.093 0.085 0.162 

Locus 28 : 28 
6 alleles
0.8% missing data
 260   (0.383) 0.218 0.377 0.523 0.279 0.435 0.496 0.297 0.421 0.422 0.500 0.504 0.341 0.132 0.420 0.421 0.216 
 262   (0.510) 0.694 0.549 0.401 0.709 0.470 0.476 0.662 0.487 0.498 0.489 0.384 0.653 0.854 0.462 0.484 0.692 
 256   (0.075) 0.086 0.072 0.067 0.010 0.073 0.022 0.036 0.069 0.059 0.008 0.066 0.005 0.010 0.092 0.071 0.066 
 258   (0.011) 0.001 0.001 0.002 0.001 0.009 0.002 0.002 0.009 0.009 0.001 0.001 0.000 0.001 0.013 0.011 0.003 
 266   (0.006) 0.000 0.000 0.002 0.000 0.003 0.001 0.001 0.004 0.004 0.001 0.009 0.000 0.001 0.003 0.003 0.002 
 264   (0.015) 0.001 0.001 0.006 0.001 0.009 0.003 0.002 0.010 0.009 0.001 0.036 0.000 0.001 0.011 0.010 0.022 

Locus 29 : 29 
7 alleles
0.2% missing data
 146   (0.283) 0.324 0.333 0.183 0.081 0.360 0.466 0.347 0.301 0.256 0.293 0.264 0.167 0.035 0.339 0.406 0.252 
 150   (0.434) 0.239 0.289 0.569 0.155 0.402 0.176 0.407 0.452 0.496 0.437 0.518 0.709 0.139 0.400 0.371 0.591 
 140   (0.176) 0.391 0.056 0.221 0.700 0.152 0.122 0.168 0.159 0.160 0.033 0.145 0.080 0.814 0.164 0.143 0.117 
 148   (0.063) 0.035 0.318 0.016 0.058 0.043 0.154 0.051 0.050 0.050 0.223 0.033 0.037 0.007 0.046 0.046 0.022 
 152   (0.028) 0.009 0.002 0.006 0.004 0.034 0.064 0.005 0.029 0.028 0.003 0.039 0.001 0.003 0.042 0.024 0.012 
 151   (0.009) 0.001 0.001 0.003 0.001 0.005 0.006 0.002 0.006 0.006 0.011 0.001 0.005 0.001 0.005 0.006 0.003 
 142   (0.008) 0.000 0.000 0.001 0.001 0.004 0.013 0.020 0.004 0.004 0.001 0.001 0.001 0.001 0.004 0.004 0.003 

Locus 30 : 30 
6 alleles
0.2% missing data
 125   (0.287) 0.139 0.029 0.110 0.623 0.334 0.095 0.307 0.303 0.269 0.294 0.070 0.474 0.136 0.325 0.374 0.346 
 129   (0.427) 0.079 0.788 0.560 0.314 0.391 0.461 0.420 0.414 0.425 0.643 0.640 0.476 0.210 0.409 0.354 0.396 
 123   (0.154) 0.111 0.101 0.196 0.048 0.162 0.107 0.109 0.157 0.167 0.051 0.260 0.046 0.018 0.146 0.168 0.185 
 127   (0.085) 0.532 0.080 0.068 0.010 0.071 0.328 0.155 0.069 0.062 0.008 0.022 0.002 0.591 0.084 0.070 0.045 
 121   (0.012) 0.001 0.001 0.002 0.001 0.009 0.002 0.003 0.010 0.012 0.001 0.002 0.000 0.040 0.009 0.008 0.005 
 131   (0.035) 0.138 0.002 0.062 0.003 0.032 0.007 0.007 0.047 0.065 0.003 0.007 0.001 0.004 0.027 0.026 0.023 

Locus 31 : 31 
6 alleles
0.2% missing data
 159   (0.172) 0.200 0.011 0.296 0.058 0.142 0.047 0.300 0.162 0.176 0.117 0.272 0.139 0.020 0.141 0.134 0.284 
 155   (0.545) 0.420 0.709 0.310 0.588 0.614 0.495 0.422 0.582 0.574 0.843 0.464 0.687 0.523 0.598 0.636 0.462 
 157   (0.180) 0.061 0.020 0.323 0.306 0.162 0.437 0.253 0.169 0.167 0.030 0.148 0.092 0.115 0.173 0.151 0.205 
 153   (0.065) 0.309 0.004 0.062 0.042 0.056 0.013 0.013 0.059 0.057 0.006 0.109 0.080 0.097 0.057 0.051 0.025 
 151   (0.031) 0.010 0.256 0.007 0.004 0.023 0.007 0.012 0.023 0.021 0.003 0.004 0.002 0.245 0.026 0.024 0.022 
 163   (0.006) 0.000 0.000 0.001 0.001 0.004 0.001 0.001 0.004 0.004 0.001 0.001 0.001 0.001 0.004 0.004 0.002 

Locus 32 : 32 
5 alleles
0.0% missing data
 146   (0.321) 0.652 0.312 0.300 0.064 0.353 0.219 0.264 0.337 0.318 0.052 0.375 0.065 0.583 0.342 0.364 0.366 
 150   (0.570) 0.250 0.640 0.660 0.925 0.549 0.410 0.511 0.565 0.579 0.875 0.567 0.858 0.405 0.554 0.537 0.594 
 148   (0.059) 0.033 0.045 0.021 0.006 0.058 0.358 0.118 0.046 0.037 0.067 0.010 0.075 0.006 0.069 0.060 0.017 
 154   (0.038) 0.065 0.002 0.012 0.004 0.030 0.009 0.105 0.039 0.045 0.005 0.006 0.001 0.004 0.029 0.032 0.018 
 152   (0.012) 0.001 0.001 0.006 0.001 0.009 0.004 0.002 0.014 0.020 0.001 0.043 0.000 0.001 0.007 0.007 0.005 

Locus 33 : 33 
7 alleles
0.0% missing data
 180   (0.469) 0.356 0.671 0.403 0.422 0.485 0.514 0.526 0.482 0.482 0.369 0.297 0.608 0.700 0.494 0.480 0.411 
 196   (0.113) 0.026 0.007 0.127 0.110 0.105 0.025 0.049 0.112 0.116 0.202 0.165 0.189 0.013 0.103 0.101 0.106 
 184   (0.196) 0.187 0.071 0.081 0.442 0.171 0.091 0.282 0.177 0.158 0.129 0.415 0.148 0.263 0.172 0.171 0.207 
 194   (0.010) 0.001 0.001 0.002 0.001 0.005 0.002 0.002 0.006 0.005 0.034 0.001 0.039 0.001 0.005 0.005 0.003 
 192   (0.133) 0.165 0.183 0.266 0.015 0.131 0.350 0.099 0.130 0.135 0.012 0.111 0.005 0.014 0.151 0.111 0.203 
 198   (0.063) 0.265 0.066 0.022 0.009 0.094 0.015 0.020 0.083 0.092 0.252 0.009 0.011 0.007 0.068 0.123 0.052 
 190   (0.016) 0.001 0.001 0.099 0.001 0.009 0.003 0.023 0.010 0.010 0.002 0.003 0.000 0.001 0.009 0.009 0.018 

Locus 34 : 34 
6 alleles
0.0% missing data
 110   (0.190) 0.110 0.071 0.201 0.266 0.216 0.161 0.222 0.182 0.162 0.161 0.062 0.369 0.214 0.210 0.253 0.110 
 112   (0.347) 0.048 0.056 0.301 0.066 0.363 0.425 0.290 0.369 0.373 0.738 0.405 0.514 0.039 0.394 0.312 0.337 
 106   (0.276) 0.248 0.711 0.376 0.591 0.245 0.155 0.414 0.269 0.303 0.079 0.440 0.091 0.223 0.213 0.266 0.396 
  90   (0.039) 0.002 0.002 0.022 0.061 0.029 0.225 0.008 0.034 0.037 0.006 0.005 0.019 0.403 0.026 0.029 0.037 
 108   (0.138) 0.592 0.113 0.098 0.016 0.141 0.031 0.064 0.140 0.119 0.015 0.087 0.007 0.119 0.150 0.134 0.116 
  96   (0.010) 0.001 0.046 0.002 0.001 0.006 0.003 0.002 0.006 0.006 0.001 0.001 0.000 0.001 0.007 0.006 0.004 

Locus 35 : 35 
9 alleles
0.0% missing data
 166   (0.058) 0.003 0.004 0.036 0.009 0.044 0.118 0.054 0.056 0.071 0.188 0.119 0.287 0.007 0.037 0.039 0.019 
 176   (0.100) 0.098 0.015 0.026 0.021 0.083 0.033 0.222 0.085 0.080 0.375 0.013 0.129 0.012 0.089 0.080 0.135 
 172   (0.317) 0.164 0.588 0.399 0.451 0.391 0.251 0.131 0.366 0.370 0.208 0.449 0.453 0.039 0.341 0.429 0.194 
 170   (0.275) 0.349 0.324 0.226 0.484 0.235 0.203 0.521 0.239 0.221 0.158 0.241 0.123 0.615 0.261 0.227 0.255 
 174   (0.135) 0.042 0.062 0.259 0.012 0.115 0.369 0.048 0.130 0.136 0.015 0.097 0.005 0.015 0.123 0.115 0.319 
 178   (0.038) 0.002 0.002 0.013 0.015 0.050 0.009 0.007 0.037 0.032 0.049 0.022 0.002 0.005 0.062 0.043 0.025 
 168   (0.052) 0.322 0.003 0.015 0.005 0.053 0.012 0.012 0.064 0.073 0.005 0.016 0.001 0.304 0.052 0.045 0.046 
 186   (0.020) 0.020 0.001 0.023 0.002 0.025 0.004 0.003 0.019 0.012 0.002 0.043 0.000 0.002 0.031 0.016 0.005 
 158   (0.006) 0.000 0.000 0.001 0.000 0.004 0.001 0.001 0.004 0.004 0.001 0.001 0.000 0.001 0.005 0.005 0.002 

Locus 36 : 36 
6 alleles
0.0% missing data
  89   (0.569) 0.603 0.508 0.721 0.221 0.605 0.642 0.495 0.600 0.595 0.711 0.660 0.663 0.372 0.606 0.580 0.543 
  95   (0.062) 0.027 0.005 0.054 0.039 0.046 0.016 0.084 0.052 0.051 0.023 0.094 0.081 0.007 0.048 0.052 0.022 
  85   (0.159) 0.014 0.235 0.061 0.264 0.129 0.283 0.150 0.150 0.171 0.224 0.169 0.225 0.493 0.127 0.121 0.218 
  81   (0.063) 0.004 0.004 0.033 0.008 0.059 0.016 0.179 0.054 0.052 0.006 0.018 0.006 0.008 0.068 0.057 0.141 
  83   (0.128) 0.326 0.247 0.126 0.467 0.148 0.039 0.089 0.131 0.116 0.034 0.052 0.025 0.014 0.138 0.177 0.070 
  91   (0.019) 0.026 0.001 0.004 0.002 0.013 0.004 0.003 0.014 0.015 0.002 0.007 0.000 0.105 0.013 0.013 0.005 

Locus 37 : 37 
10 alleles
0.0% missing data
 161   (0.350) 0.709 0.375 0.319 0.092 0.333 0.431 0.398 0.323 0.304 0.532 0.210 0.574 0.432 0.329 0.361 0.529 
 165   (0.236) 0.112 0.100 0.184 0.058 0.274 0.094 0.184 0.257 0.250 0.271 0.293 0.165 0.132 0.257 0.293 0.143 
 159   (0.012) 0.001 0.001 0.002 0.001 0.010 0.002 0.002 0.016 0.024 0.008 0.001 0.035 0.001 0.006 0.006 0.003 
 173   (0.252) 0.169 0.514 0.352 0.162 0.236 0.410 0.388 0.253 0.268 0.085 0.277 0.128 0.224 0.249 0.214 0.200 
 169   (0.097) 0.006 0.006 0.119 0.682 0.097 0.053 0.020 0.102 0.104 0.098 0.152 0.088 0.206 0.096 0.082 0.105 
 167   (0.016) 0.001 0.002 0.017 0.002 0.016 0.004 0.003 0.020 0.027 0.002 0.002 0.009 0.002 0.014 0.011 0.007 
 168   (0.010) 0.001 0.001 0.002 0.001 0.009 0.002 0.002 0.009 0.008 0.001 0.001 0.000 0.001 0.012 0.011 0.003 
 155   (0.013) 0.001 0.001 0.002 0.001 0.019 0.002 0.002 0.013 0.008 0.001 0.002 0.000 0.001 0.030 0.014 0.006 
 177   (0.006) 0.000 0.000 0.002 0.000 0.004 0.002 0.001 0.004 0.004 0.001 0.001 0.000 0.001 0.004 0.004 0.003 
 175   (0.006) 0.000 0.000 0.001 0.000 0.003 0.001 0.001 0.004 0.003 0.001 0.061 0.000 0.001 0.003 0.003 0.002 

Locus 38 : 38 
6 alleles
0.6% missing data
  87   (0.095) 0.439 0.129 0.131 0.012 0.072 0.021 0.112 0.071 0.066 0.137 0.024 0.170 0.554 0.071 0.083 0.059 
  89   (0.441) 0.226 0.091 0.455 0.757 0.475 0.406 0.216 0.476 0.484 0.674 0.589 0.588 0.051 0.474 0.443 0.539 
  91   (0.162) 0.100 0.186 0.154 0.191 0.190 0.086 0.207 0.183 0.185 0.025 0.048 0.131 0.208 0.165 0.220 0.163 
  81   (0.117) 0.007 0.116 0.059 0.011 0.106 0.434 0.218 0.117 0.123 0.082 0.058 0.081 0.013 0.111 0.106 0.062 
  85   (0.178) 0.228 0.477 0.199 0.028 0.153 0.051 0.246 0.149 0.139 0.081 0.280 0.028 0.172 0.175 0.143 0.176 
  83   (0.006) 0.000 0.000 0.001 0.001 0.003 0.002 0.001 0.004 0.004 0.001 0.001 0.003 0.001 0.003 0.004 0.002 

Locus 39 : 39 
4 alleles
0.6% missing data
 167   (0.783) 0.393 0.859 0.846 0.931 0.798 0.793 0.948 0.786 0.793 0.925 0.781 0.911 0.686 0.779 0.809 0.877 
 161   (0.179) 0.457 0.138 0.119 0.061 0.173 0.193 0.045 0.175 0.157 0.071 0.159 0.088 0.310 0.195 0.165 0.107 
 165   (0.031) 0.149 0.002 0.033 0.008 0.024 0.013 0.006 0.035 0.046 0.003 0.059 0.001 0.003 0.021 0.021 0.014 
 177   (0.006) 0.000 0.001 0.002 0.000 0.005 0.001 0.001 0.005 0.004 0.001 0.001 0.000 0.001 0.005 0.005 0.002 

Locus 40 : 40 
6 alleles
0.4% missing data
 228   (0.416) 0.117 0.231 0.479 0.733 0.403 0.641 0.442 0.409 0.423 0.660 0.526 0.523 0.550 0.382 0.429 0.395 
 238   (0.337) 0.069 0.116 0.298 0.065 0.348 0.085 0.265 0.357 0.364 0.263 0.302 0.323 0.081 0.365 0.322 0.430 
 224   (0.023) 0.011 0.001 0.005 0.003 0.013 0.222 0.014 0.015 0.013 0.047 0.003 0.091 0.002 0.013 0.014 0.007 
 236   (0.106) 0.286 0.390 0.094 0.188 0.089 0.026 0.114 0.093 0.091 0.017 0.036 0.061 0.354 0.093 0.082 0.053 
 232   (0.012) 0.001 0.001 0.002 0.001 0.008 0.002 0.002 0.008 0.007 0.002 0.001 0.000 0.001 0.008 0.008 0.040 
 240   (0.105) 0.517 0.261 0.122 0.010 0.139 0.025 0.163 0.117 0.101 0.010 0.131 0.002 0.012 0.139 0.145 0.075 

Locus 41 : 41 
7 alleles
0.0% missing data
 128   (0.116) 0.007 0.032 0.153 0.236 0.117 0.252 0.072 0.118 0.129 0.066 0.206 0.137 0.013 0.096 0.135 0.143 
 130   (0.528) 0.738 0.781 0.527 0.693 0.555 0.498 0.517 0.544 0.537 0.586 0.417 0.612 0.060 0.556 0.563 0.551 
 114   (0.052) 0.003 0.003 0.014 0.031 0.041 0.010 0.077 0.042 0.040 0.040 0.006 0.110 0.500 0.046 0.043 0.031 
 132   (0.123) 0.007 0.048 0.133 0.019 0.124 0.027 0.153 0.122 0.114 0.290 0.250 0.133 0.014 0.133 0.102 0.148 
 118   (0.061) 0.071 0.129 0.099 0.009 0.052 0.030 0.011 0.058 0.067 0.006 0.072 0.002 0.206 0.050 0.043 0.050 
 134   (0.113) 0.173 0.007 0.073 0.013 0.107 0.181 0.169 0.111 0.110 0.012 0.048 0.006 0.207 0.115 0.109 0.076 
 136   (0.006) 0.000 0.000 0.001 0.001 0.004 0.001 0.001 0.004 0.004 0.001 0.001 0.000 0.001 0.004 0.004 0.002 

Locus 42 : 42 
6 alleles
1.2% missing data
 102   (0.266) 0.015 0.477 0.374 0.072 0.260 0.213 0.414 0.265 0.254 0.439 0.358 0.417 0.572 0.260 0.240 0.159 
 104   (0.407) 0.230 0.412 0.511 0.101 0.448 0.695 0.321 0.445 0.466 0.144 0.440 0.196 0.050 0.456 0.436 0.407 
  92   (0.111) 0.317 0.007 0.051 0.013 0.089 0.034 0.086 0.098 0.102 0.287 0.068 0.105 0.052 0.091 0.088 0.235 
  96   (0.074) 0.176 0.005 0.018 0.714 0.086 0.018 0.054 0.068 0.059 0.056 0.021 0.060 0.095 0.070 0.123 0.083 
  98   (0.136) 0.262 0.099 0.044 0.099 0.112 0.039 0.123 0.120 0.115 0.073 0.112 0.221 0.230 0.120 0.109 0.114 
 106   (0.007) 0.000 0.000 0.001 0.001 0.004 0.002 0.002 0.005 0.004 0.001 0.001 0.000 0.001 0.004 0.004 0.002 

Locus 43 : 43 
6 alleles
1.4% missing data
 101   (0.306) 0.368 0.182 0.288 0.084 0.260 0.211 0.470 0.299 0.326 0.227 0.296 0.472 0.036 0.250 0.251 0.421 
 103   (0.314) 0.108 0.350 0.410 0.462 0.336 0.127 0.280 0.321 0.320 0.373 0.435 0.177 0.228 0.378 0.282 0.182 
  99   (0.143) 0.182 0.009 0.054 0.073 0.149 0.598 0.064 0.136 0.110 0.213 0.083 0.030 0.415 0.149 0.177 0.216 
  95   (0.214) 0.335 0.458 0.244 0.379 0.236 0.059 0.181 0.224 0.227 0.185 0.182 0.320 0.169 0.201 0.270 0.171 
  97   (0.017) 0.006 0.001 0.003 0.002 0.014 0.003 0.003 0.015 0.013 0.002 0.002 0.000 0.152 0.016 0.016 0.007 
  91   (0.006) 0.000 0.000 0.001 0.001 0.005 0.001 0.001 0.005 0.004 0.001 0.001 0.000 0.001 0.005 0.005 0.002 

Locus 44 : 44 
7 alleles
0.2% missing data
 177   (0.079) 0.109 0.005 0.052 0.010 0.084 0.017 0.063 0.083 0.087 0.163 0.034 0.063 0.010 0.090 0.066 0.030 
 191   (0.285) 0.636 0.097 0.318 0.054 0.337 0.328 0.302 0.303 0.272 0.110 0.103 0.184 0.280 0.365 0.315 0.262 
 181   (0.568) 0.137 0.864 0.617 0.931 0.529 0.575 0.620 0.548 0.557 0.721 0.797 0.752 0.520 0.498 0.570 0.679 
 189   (0.007) 0.000 0.030 0.001 0.000 0.003 0.001 0.001 0.004 0.003 0.001 0.001 0.000 0.001 0.003 0.003 0.002 
 179   (0.042) 0.107 0.003 0.009 0.003 0.035 0.076 0.011 0.048 0.065 0.004 0.005 0.001 0.188 0.032 0.034 0.022 
 183   (0.009) 0.001 0.001 0.001 0.001 0.007 0.002 0.002 0.007 0.007 0.001 0.002 0.000 0.001 0.007 0.007 0.003 
 193   (0.011) 0.010 0.001 0.002 0.001 0.005 0.002 0.002 0.007 0.008 0.001 0.059 0.000 0.001 0.005 0.005 0.003 

Locus 45 : 45 
6 alleles
0.8% missing data
 205   (0.457) 0.311 0.405 0.397 0.871 0.507 0.528 0.537 0.494 0.495 0.544 0.554 0.505 0.248 0.506 0.504 0.356 
 211   (0.230) 0.392 0.273 0.142 0.043 0.215 0.288 0.184 0.228 0.231 0.113 0.152 0.250 0.341 0.222 0.202 0.368 
 207   (0.142) 0.072 0.201 0.202 0.063 0.121 0.054 0.091 0.124 0.122 0.193 0.232 0.127 0.017 0.129 0.119 0.092 
 201   (0.075) 0.040 0.005 0.167 0.011 0.070 0.023 0.081 0.064 0.058 0.109 0.018 0.068 0.382 0.065 0.082 0.102 
 215   (0.085) 0.179 0.115 0.090 0.010 0.067 0.105 0.104 0.079 0.086 0.040 0.043 0.049 0.011 0.062 0.066 0.079 
 202   (0.011) 0.007 0.001 0.002 0.001 0.020 0.002 0.002 0.012 0.007 0.001 0.002 0.000 0.001 0.016 0.028 0.003 

Locus 46 : 46 
10 alleles
1.0% missing data
 144   (0.065) 0.007 0.129 0.076 0.049 0.065 0.069 0.014 0.063 0.073 0.082 0.013 0.252 0.008 0.050 0.084 0.100 
 158   (0.158) 0.123 0.083 0.198 0.034 0.136 0.194 0.264 0.138 0.118 0.393 0.035 0.113 0.021 0.151 0.147 0.127 
 168   (0.142) 0.217 0.107 0.067 0.052 0.170 0.032 0.135 0.144 0.111 0.064 0.030 0.222 0.217 0.163 0.206 0.109 
 166   (0.139) 0.025 0.388 0.083 0.475 0.122 0.038 0.092 0.118 0.122 0.130 0.257 0.323 0.124 0.135 0.113 0.099 
 142   (0.357) 0.142 0.286 0.517 0.375 0.385 0.640 0.437 0.415 0.458 0.300 0.602 0.086 0.046 0.366 0.340 0.276 
 170   (0.016) 0.047 0.001 0.003 0.002 0.010 0.004 0.004 0.011 0.012 0.001 0.002 0.001 0.002 0.009 0.010 0.042 
 156   (0.028) 0.083 0.002 0.016 0.002 0.030 0.005 0.005 0.025 0.019 0.014 0.004 0.001 0.468 0.037 0.024 0.008 
 162   (0.047) 0.162 0.003 0.012 0.005 0.036 0.009 0.037 0.045 0.055 0.004 0.042 0.001 0.108 0.034 0.032 0.075 
 164   (0.043) 0.194 0.003 0.027 0.005 0.042 0.008 0.011 0.036 0.028 0.011 0.015 0.001 0.005 0.052 0.038 0.163 
 160   (0.006) 0.000 0.000 0.001 0.001 0.004 0.001 0.002 0.004 0.004 0.001 0.001 0.000 0.001 0.004 0.004 0.002 

Locus 47 : 47 
7 alleles
9.9% missing data
 149   (0.349) 0.769 0.335 0.311 0.478 0.393 0.503 0.081 0.381 0.407 0.184 0.390 0.209 0.346 0.359 0.418 0.293 
 151   (0.186) 0.088 0.012 0.202 0.120 0.168 0.350 0.370 0.160 0.145 0.576 0.115 0.206 0.084 0.186 0.161 0.160 
 153   (0.188) 0.042 0.025 0.317 0.098 0.177 0.077 0.182 0.200 0.217 0.135 0.397 0.367 0.029 0.179 0.159 0.142 
 147   (0.028) 0.002 0.002 0.008 0.003 0.020 0.007 0.005 0.020 0.020 0.029 0.003 0.034 0.004 0.022 0.023 0.072 
 145   (0.226) 0.042 0.625 0.158 0.299 0.228 0.056 0.358 0.223 0.196 0.074 0.092 0.182 0.533 0.239 0.223 0.296 
 152   (0.007) 0.001 0.000 0.002 0.001 0.004 0.003 0.001 0.004 0.004 0.001 0.001 0.002 0.001 0.004 0.005 0.003 
 143   (0.016) 0.057 0.001 0.003 0.001 0.010 0.003 0.003 0.011 0.011 0.002 0.002 0.000 0.002 0.011 0.012 0.033 

Values of parameters used in structure:
DATAFILE=temp2.str,	OUTFILE=k16/temp2_k16_run1,	NUMINDS=486,	NUMLOCI=47,	MISSING=-9,	LABEL=1,	POPDATA=1,	POPFLAG=0,	PHENOTYPE=0,	EXTRACOLS=0,	MAXPOPS=16,	BURNIN=500000,	NUMREPS=750000,	USEPOPINFO=0,	INFERALPHA=1,	INFERLAMBDA=0,	POPSPECIFICLAMBDA=0,	POPALPHAS=0,	COMPUTEPROB=1,	NOADMIX=0,	ADMBURNIN=500,	UPDATEFREQ=100,	PRINTLIKES=0,	INTERMEDSAVE=0,	PRINTKLD=0,	PRINTNET=1,	PRINTLAMBDA=1,	ANCESTDIST=0,	NUMBOXES=1000,	ANCESTPINT=0.90000,	GENSBACK=2,	MIGRPRIOR=0.01000,	PRINTQHAT=0,	PRINTQSUM=1,	ALPHA=1.0000,	FREQSCORR=1,	FPRIORMEAN=0.0100,	FPRIORSD=0.0500,	ONEFST=0,	LAMBDA=1.0000,	UNIFPRIORALPHA=1,	ALPHAMAX=10.0000,	ALPHAPRIORA=1.0000,	ALPHAPRIORB=2.0000,	ALPHAPROPSD=0.0250,	STARTATPOPINFO=0,	RANDOMIZE=0,	LINKAGE=0,	METROFREQ=10,	REPORTHITRATE=0,	MARKOVPHASE=0,	PHASED=1,	PLOIDY=2,	PHASEINFO=0	LOCPRIOR=0, 	LOCPRIORINIT=1.000000, 	LOCDATA=0, 	LOCISPOP=1, 	LOCPRIORSTEP=0.100000, 	MAXLOCPRIOR=20.000000, 	SEED=617377,	
[STRAT parameters]:    NUMSIMSTATS=1000,	PHENOTYPECOL=-9,	POOLFREQ=10,	LOCUSxONLY=0,	EMERROR=0.00100,	MISSINGPHENO=-9,	