

----------------------------------------------------
STRUCTURE by Pritchard, Stephens and Donnelly (2000)
     and Falush, Stephens and Pritchard (2003)
       Code by Pritchard, Falush and Hubisz
             Version 2.3.4 (Jul 2012)
----------------------------------------------------



Command line arguments:   structure -D 628471 -K 15 -m mainparams -o k15/temp2_k15_run10 
Input File:    temp2.str

Run parameters:
   486 individuals
   47 loci
   15 populations assumed
   500000 Burn-in period
   750000 Reps
RANDOMIZE turned off


--------------------------------------------
Proportion of membership of each pre-defined
 population in each of the 15 clusters

Given    Inferred Clusters                                                                                           Number of
 Pop       1      2      3      4      5      6      7      8      9     10     11     12     13     14     15      Individuals

  1:     0.008  0.012  0.009  0.036  0.009  0.855  0.010  0.011  0.010  0.008  0.010  0.004  0.003  0.010  0.006       63
  2:     0.012  0.014  0.013  0.012  0.011  0.862  0.006  0.007  0.011  0.007  0.014  0.006  0.003  0.012  0.010       20
  3:     0.003  0.004  0.005  0.004  0.003  0.003  0.004  0.004  0.004  0.004  0.004  0.007  0.939  0.004  0.006       36
  4:     0.012  0.035  0.018  0.116  0.010  0.706  0.014  0.013  0.019  0.006  0.018  0.004  0.003  0.017  0.008       21
  5:     0.008  0.012  0.007  0.538  0.014  0.367  0.010  0.006  0.006  0.005  0.007  0.003  0.003  0.007  0.006       31
  6:     0.008  0.006  0.008  0.017  0.012  0.886  0.006  0.018  0.008  0.004  0.008  0.005  0.004  0.008  0.004       21
  7:     0.021  0.783  0.016  0.011  0.006  0.011  0.016  0.040  0.017  0.011  0.018  0.004  0.005  0.018  0.023       25
  8:     0.019  0.021  0.033  0.137  0.013  0.464  0.048  0.022  0.031  0.009  0.031  0.010  0.094  0.029  0.041        8
  9:     0.025  0.008  0.008  0.018  0.336  0.548  0.006  0.009  0.009  0.005  0.008  0.005  0.002  0.008  0.004       17
 10:     0.005  0.006  0.005  0.004  0.003  0.005  0.005  0.004  0.004  0.940  0.005  0.003  0.003  0.005  0.005       29
 11:     0.002  0.002  0.003  0.002  0.003  0.002  0.002  0.002  0.003  0.002  0.003  0.965  0.005  0.003  0.002        9
 12:     0.021  0.056  0.178  0.016  0.009  0.010  0.101  0.055  0.132  0.013  0.183  0.008  0.018  0.171  0.027       26
 13:     0.145  0.026  0.102  0.014  0.013  0.013  0.168  0.114  0.111  0.011  0.110  0.009  0.011  0.108  0.047       74
 14:     0.350  0.020  0.077  0.013  0.010  0.018  0.062  0.118  0.080  0.011  0.073  0.007  0.011  0.079  0.070       35
 15:     0.471  0.025  0.037  0.016  0.007  0.031  0.020  0.216  0.055  0.008  0.039  0.008  0.007  0.044  0.015       24
 16:     0.027  0.035  0.165  0.012  0.007  0.026  0.144  0.053  0.138  0.025  0.171  0.009  0.022  0.155  0.011       43
 17:     0.010  0.012  0.232  0.012  0.048  0.013  0.020  0.015  0.233  0.009  0.162  0.002  0.006  0.215  0.012        4
--------------------------------------------

Allele-freq. divergence among pops (Net nucleotide distance),
computed using point estimates of P.

      1       2       3       4       5       6       7       8       9      10      11      12      13      14      15      
 1      -    0.0378  0.0208  0.0629  0.1300  0.0473  0.0307  0.0221  0.0190  0.0706  0.0204  0.1296  0.1266  0.0198  0.0652  
 2   0.0378     -    0.0202  0.0563  0.1225  0.0445  0.0262  0.0373  0.0211  0.0609  0.0194  0.1070  0.1047  0.0198  0.0605  
 3   0.0208  0.0202     -    0.0386  0.1038  0.0314  0.0107  0.0171  0.0014  0.0547  0.0001  0.0996  0.0820  0.0002  0.0497  
 4   0.0629  0.0563  0.0386     -    0.1341  0.0403  0.0465  0.0595  0.0403  0.0936  0.0382  0.1433  0.1379  0.0388  0.0804  
 5   0.1300  0.1225  0.1038  0.1341     -    0.1050  0.1124  0.1286  0.0991  0.1600  0.1026  0.2021  0.2157  0.1018  0.1510  
 6   0.0473  0.0445  0.0314  0.0403  0.1050     -    0.0353  0.0479  0.0307  0.0802  0.0308  0.1441  0.1446  0.0309  0.0767  
 7   0.0307  0.0262  0.0107  0.0465  0.1124  0.0353     -    0.0264  0.0120  0.0656  0.0098  0.1091  0.0926  0.0107  0.0639  
 8   0.0221  0.0373  0.0171  0.0595  0.1286  0.0479  0.0264     -    0.0158  0.0735  0.0166  0.1252  0.1120  0.0161  0.0582  
 9   0.0190  0.0211  0.0014  0.0403  0.0991  0.0307  0.0120  0.0158     -    0.0563  0.0012  0.1035  0.0859  0.0006  0.0488  
10   0.0706  0.0609  0.0547  0.0936  0.1600  0.0802  0.0656  0.0735  0.0563     -    0.0542  0.1332  0.1220  0.0548  0.1070  
11   0.0204  0.0194  0.0001  0.0382  0.1026  0.0308  0.0098  0.0166  0.0012  0.0542     -    0.0984  0.0812  0.0001  0.0490  
12   0.1296  0.1070  0.0996  0.1433  0.2021  0.1441  0.1091  0.1252  0.1035  0.1332  0.0984     -    0.1130  0.1001  0.1681  
13   0.1266  0.1047  0.0820  0.1379  0.2157  0.1446  0.0926  0.1120  0.0859  0.1220  0.0812  0.1130     -    0.0828  0.1325  
14   0.0198  0.0198  0.0002  0.0388  0.1018  0.0309  0.0107  0.0161  0.0006  0.0548  0.0001  0.1001  0.0828     -    0.0487  
15   0.0652  0.0605  0.0497  0.0804  0.1510  0.0767  0.0639  0.0582  0.0488  0.1070  0.0490  0.1681  0.1325  0.0487     -    

Average distances (expected heterozygosity) between individuals in same cluster:
cluster  1  : 0.5649 
cluster  2  : 0.5950 
cluster  3  : 0.6392 
cluster  4  : 0.5391 
cluster  5  : 0.4316 
cluster  6  : 0.5387 
cluster  7  : 0.6070 
cluster  8  : 0.5831 
cluster  9  : 0.6373 
cluster 10  : 0.5445 
cluster 11  : 0.6425 
cluster 12  : 0.5329 
cluster 13  : 0.6320 
cluster 14  : 0.6402 
cluster 15  : 0.5353 

--------------------------------------------
Estimated Ln Prob of Data   = -52491.5
Mean value of ln likelihood = -50226.8
Variance of ln likelihood   = 4529.3
Mean value of alpha         = 0.0337

Mean value of Fst_1         = 0.0996
Mean value of Fst_2         = 0.0938
Mean value of Fst_3         = 0.0275
Mean value of Fst_4         = 0.1772
Mean value of Fst_5         = 0.4120
Mean value of Fst_6         = 0.1419
Mean value of Fst_7         = 0.0575
Mean value of Fst_8         = 0.0990
Mean value of Fst_9         = 0.0338
Mean value of Fst_10         = 0.2136
Mean value of Fst_11         = 0.0207
Mean value of Fst_12         = 0.3091
Mean value of Fst_13         = 0.1877
Mean value of Fst_14         = 0.0267
Mean value of Fst_15         = 0.2436


Inferred ancestry of individuals:
        Label (%Miss) Pop:  Inferred clusters
  1      221    (0)    1 :  0.008 0.017 0.007 0.008 0.004 0.909 0.009 0.007 0.007 0.002 0.007 0.003 0.003 0.007 0.003 
  2      222    (0)    1 :  0.006 0.007 0.010 0.481 0.006 0.421 0.008 0.007 0.008 0.009 0.010 0.004 0.004 0.009 0.011 
  3      223    (0)    1 :  0.007 0.008 0.010 0.007 0.007 0.879 0.027 0.009 0.010 0.003 0.010 0.003 0.006 0.010 0.006 
  4      224    (0)    1 :  0.003 0.004 0.003 0.005 0.006 0.957 0.003 0.002 0.002 0.004 0.003 0.001 0.001 0.003 0.004 
  5      225    (0)    1 :  0.003 0.003 0.005 0.006 0.004 0.942 0.005 0.004 0.005 0.003 0.005 0.002 0.002 0.005 0.004 
  6      226    (0)    1 :  0.003 0.012 0.004 0.003 0.004 0.932 0.010 0.003 0.004 0.002 0.005 0.006 0.001 0.004 0.006 
  7      227    (0)    1 :  0.005 0.033 0.010 0.003 0.005 0.860 0.017 0.006 0.009 0.005 0.010 0.015 0.007 0.010 0.004 
  8      228    (0)    1 :  0.012 0.006 0.010 0.007 0.013 0.882 0.009 0.009 0.010 0.005 0.010 0.003 0.004 0.010 0.011 
  9      234    (0)    1 :  0.004 0.003 0.004 0.008 0.004 0.947 0.004 0.004 0.004 0.002 0.004 0.002 0.001 0.004 0.004 
 10      235    (0)    1 :  0.003 0.004 0.003 0.009 0.004 0.953 0.003 0.003 0.004 0.002 0.003 0.004 0.001 0.004 0.002 
 11      236    (0)    1 :  0.002 0.004 0.002 0.003 0.014 0.955 0.003 0.002 0.003 0.002 0.002 0.002 0.001 0.002 0.002 
 12      237    (0)    1 :  0.004 0.003 0.004 0.009 0.002 0.948 0.006 0.006 0.004 0.002 0.004 0.002 0.002 0.004 0.004 
 13      238    (0)    1 :  0.005 0.023 0.007 0.038 0.003 0.852 0.009 0.013 0.008 0.011 0.009 0.003 0.006 0.008 0.004 
 14      239    (0)    1 :  0.013 0.077 0.025 0.013 0.024 0.692 0.046 0.009 0.019 0.015 0.027 0.007 0.002 0.025 0.007 
 15      240    (0)    1 :  0.003 0.006 0.003 0.005 0.006 0.951 0.003 0.003 0.004 0.002 0.003 0.002 0.001 0.004 0.003 
 16      242    (0)    1 :  0.014 0.012 0.051 0.296 0.003 0.281 0.130 0.030 0.051 0.002 0.062 0.001 0.001 0.058 0.008 
 17      243    (0)    1 :  0.005 0.019 0.012 0.013 0.006 0.847 0.009 0.007 0.015 0.015 0.013 0.016 0.002 0.014 0.008 
 18      244    (0)    1 :  0.002 0.020 0.007 0.013 0.002 0.892 0.017 0.003 0.006 0.003 0.008 0.012 0.003 0.008 0.003 
 19      245    (0)    1 :  0.016 0.013 0.014 0.004 0.047 0.790 0.009 0.012 0.019 0.007 0.014 0.009 0.025 0.015 0.006 
 20      246    (0)    1 :  0.002 0.003 0.004 0.011 0.003 0.944 0.003 0.003 0.005 0.003 0.004 0.005 0.003 0.005 0.003 
 21      248    (0)    1 :  0.004 0.005 0.007 0.043 0.009 0.869 0.009 0.006 0.006 0.020 0.008 0.003 0.003 0.007 0.002 
 22      249    (0)    1 :  0.002 0.003 0.002 0.002 0.002 0.968 0.003 0.002 0.002 0.002 0.002 0.001 0.001 0.002 0.004 
 23      250    (0)    1 :  0.009 0.009 0.015 0.005 0.013 0.851 0.010 0.019 0.014 0.009 0.015 0.006 0.006 0.014 0.006 
 24      251    (0)    1 :  0.009 0.004 0.005 0.017 0.005 0.921 0.006 0.008 0.005 0.003 0.004 0.004 0.001 0.005 0.002 
 25      252    (0)    1 :  0.011 0.007 0.008 0.004 0.005 0.863 0.007 0.021 0.008 0.039 0.008 0.001 0.002 0.009 0.008 
 26      253    (0)    1 :  0.003 0.007 0.020 0.003 0.007 0.824 0.023 0.005 0.023 0.022 0.020 0.003 0.015 0.022 0.004 
 27      254    (0)    1 :  0.004 0.007 0.006 0.004 0.004 0.938 0.007 0.005 0.005 0.003 0.005 0.002 0.001 0.005 0.003 
 28      255    (0)    1 :  0.007 0.051 0.020 0.250 0.017 0.566 0.014 0.008 0.015 0.006 0.020 0.003 0.002 0.017 0.005 
 29      256    (0)    1 :  0.004 0.004 0.009 0.052 0.002 0.866 0.005 0.007 0.011 0.002 0.009 0.002 0.004 0.010 0.013 
 30      257    (0)    1 :  0.011 0.018 0.008 0.007 0.003 0.891 0.010 0.009 0.009 0.009 0.008 0.003 0.002 0.009 0.003 
 31      258    (0)    1 :  0.012 0.011 0.009 0.026 0.009 0.872 0.008 0.012 0.009 0.003 0.010 0.002 0.005 0.009 0.003 
 32      259    (0)    1 :  0.008 0.006 0.017 0.010 0.002 0.886 0.010 0.006 0.015 0.003 0.014 0.002 0.002 0.014 0.005 
 33      260    (0)    1 :  0.004 0.027 0.005 0.005 0.024 0.826 0.004 0.006 0.006 0.071 0.005 0.005 0.002 0.006 0.003 
 34      261    (0)    1 :  0.056 0.018 0.015 0.006 0.003 0.775 0.005 0.060 0.015 0.009 0.014 0.002 0.002 0.014 0.005 
 35      262    (0)    1 :  0.003 0.002 0.002 0.006 0.002 0.967 0.002 0.002 0.002 0.002 0.002 0.001 0.001 0.002 0.002 
 36      263    (0)    1 :  0.004 0.042 0.005 0.013 0.005 0.869 0.005 0.006 0.006 0.024 0.005 0.005 0.003 0.005 0.005 
 37      264    (0)    1 :  0.006 0.006 0.005 0.010 0.003 0.931 0.004 0.005 0.004 0.003 0.004 0.001 0.001 0.004 0.013 
 38      265    (0)    1 :  0.006 0.019 0.006 0.017 0.008 0.879 0.003 0.004 0.005 0.035 0.005 0.002 0.001 0.005 0.004 
 39      266    (0)    1 :  0.002 0.002 0.003 0.006 0.005 0.960 0.003 0.003 0.003 0.002 0.003 0.001 0.001 0.003 0.002 
 40      267    (0)    1 :  0.003 0.003 0.003 0.023 0.002 0.942 0.005 0.002 0.003 0.001 0.003 0.002 0.001 0.003 0.003 
 41      268    (0)    1 :  0.005 0.006 0.006 0.004 0.003 0.880 0.007 0.008 0.006 0.050 0.006 0.008 0.001 0.006 0.004 
 42      269    (0)    1 :  0.004 0.004 0.003 0.007 0.019 0.941 0.003 0.003 0.003 0.002 0.003 0.001 0.001 0.003 0.002 
 43      270    (0)    1 :  0.004 0.006 0.003 0.004 0.003 0.936 0.005 0.003 0.003 0.002 0.003 0.002 0.001 0.003 0.022 
 44      271    (0)    1 :  0.011 0.013 0.028 0.011 0.077 0.711 0.015 0.029 0.025 0.010 0.027 0.003 0.007 0.027 0.007 
 45      272    (0)    1 :  0.025 0.008 0.034 0.436 0.012 0.331 0.010 0.011 0.035 0.005 0.031 0.007 0.001 0.032 0.022 
 46      273    (0)    1 :  0.014 0.039 0.015 0.014 0.010 0.818 0.016 0.007 0.013 0.003 0.014 0.002 0.003 0.014 0.019 
 47      274    (0)    1 :  0.008 0.008 0.005 0.004 0.006 0.929 0.005 0.006 0.004 0.006 0.005 0.003 0.002 0.005 0.003 
 48      275    (2)    1 :  0.004 0.006 0.004 0.009 0.003 0.945 0.005 0.003 0.004 0.002 0.004 0.002 0.002 0.004 0.003 
 49      276    (0)    1 :  0.007 0.005 0.006 0.006 0.005 0.925 0.007 0.010 0.005 0.004 0.006 0.002 0.001 0.006 0.004 
 50      277    (0)    1 :  0.020 0.008 0.011 0.003 0.013 0.808 0.006 0.072 0.024 0.002 0.010 0.001 0.001 0.014 0.008 
 51      278    (0)    1 :  0.015 0.005 0.010 0.016 0.005 0.831 0.010 0.065 0.008 0.004 0.011 0.007 0.001 0.009 0.002 
 52      279    (0)    1 :  0.005 0.006 0.014 0.016 0.003 0.884 0.009 0.008 0.014 0.003 0.015 0.002 0.002 0.015 0.004 
 53      280    (0)    1 :  0.016 0.019 0.011 0.007 0.065 0.808 0.011 0.016 0.012 0.005 0.011 0.002 0.002 0.010 0.003 
 54      287    (0)    1 :  0.009 0.012 0.013 0.004 0.003 0.878 0.008 0.009 0.017 0.006 0.014 0.004 0.003 0.014 0.006 
 55      290    (0)    1 :  0.010 0.009 0.015 0.083 0.006 0.794 0.008 0.008 0.014 0.003 0.013 0.006 0.002 0.014 0.017 
 56      291    (0)    1 :  0.025 0.007 0.011 0.003 0.015 0.872 0.005 0.015 0.011 0.006 0.011 0.003 0.002 0.011 0.004 
 57      295    (0)    1 :  0.016 0.005 0.004 0.005 0.003 0.940 0.003 0.006 0.004 0.003 0.004 0.001 0.001 0.004 0.003 
 58      296    (0)    1 :  0.003 0.003 0.004 0.009 0.005 0.932 0.008 0.005 0.005 0.004 0.004 0.003 0.002 0.004 0.010 
 59      872    (2)    1 :  0.004 0.005 0.005 0.089 0.004 0.844 0.004 0.007 0.004 0.007 0.005 0.006 0.005 0.005 0.005 
 60      873    (4)    1 :  0.003 0.013 0.012 0.029 0.010 0.846 0.011 0.009 0.011 0.003 0.014 0.004 0.003 0.013 0.020 
 61      874    (2)    1 :  0.008 0.005 0.004 0.012 0.002 0.924 0.007 0.017 0.004 0.002 0.004 0.001 0.001 0.004 0.004 
 62      875    (0)    1 :  0.005 0.006 0.005 0.014 0.006 0.915 0.005 0.004 0.005 0.002 0.006 0.017 0.003 0.005 0.003 
 63      876    (6)    1 :  0.012 0.022 0.007 0.005 0.005 0.876 0.019 0.012 0.008 0.011 0.008 0.001 0.002 0.008 0.004 
 64      212    (0)   10 :  0.004 0.002 0.003 0.003 0.002 0.002 0.003 0.004 0.003 0.965 0.003 0.001 0.002 0.002 0.003 
 65      213    (0)   10 :  0.005 0.003 0.004 0.002 0.008 0.004 0.006 0.008 0.004 0.940 0.004 0.003 0.002 0.004 0.003 
 66      214    (0)   10 :  0.004 0.005 0.005 0.006 0.002 0.004 0.006 0.004 0.004 0.943 0.005 0.001 0.003 0.005 0.002 
 67      215    (0)   10 :  0.006 0.004 0.004 0.004 0.003 0.005 0.004 0.004 0.003 0.946 0.004 0.004 0.002 0.003 0.003 
 68      216    (0)   10 :  0.004 0.003 0.003 0.002 0.004 0.004 0.002 0.004 0.003 0.957 0.003 0.002 0.001 0.003 0.004 
 69      217    (0)   10 :  0.004 0.003 0.005 0.004 0.004 0.005 0.009 0.004 0.005 0.938 0.005 0.002 0.002 0.005 0.006 
 70      218    (0)   10 :  0.003 0.003 0.003 0.002 0.002 0.003 0.003 0.003 0.003 0.962 0.003 0.002 0.003 0.003 0.004 
 71      332    (0)   10 :  0.009 0.016 0.007 0.007 0.003 0.010 0.011 0.008 0.009 0.867 0.007 0.005 0.002 0.007 0.032 
 72      333    (0)   10 :  0.007 0.028 0.012 0.013 0.004 0.011 0.010 0.004 0.011 0.852 0.013 0.010 0.008 0.012 0.006 
 73      334    (0)   10 :  0.005 0.007 0.004 0.002 0.003 0.007 0.005 0.006 0.004 0.937 0.004 0.003 0.002 0.004 0.006 
 74      335    (0)   10 :  0.005 0.003 0.003 0.002 0.001 0.002 0.003 0.002 0.003 0.966 0.003 0.002 0.002 0.003 0.002 
 75      336    (0)   10 :  0.002 0.005 0.002 0.005 0.004 0.003 0.002 0.003 0.003 0.948 0.003 0.013 0.002 0.002 0.003 
 76      337    (0)   10 :  0.003 0.010 0.005 0.008 0.002 0.009 0.006 0.003 0.004 0.934 0.005 0.002 0.003 0.005 0.002 
 77      673    (0)   10 :  0.002 0.002 0.001 0.001 0.001 0.002 0.001 0.001 0.001 0.981 0.001 0.001 0.001 0.001 0.001 
 78      674    (0)   10 :  0.004 0.005 0.005 0.005 0.002 0.003 0.003 0.005 0.005 0.943 0.005 0.002 0.002 0.005 0.007 
 79      675    (0)   10 :  0.006 0.005 0.004 0.002 0.004 0.003 0.003 0.006 0.004 0.945 0.004 0.004 0.002 0.004 0.003 
 80      676    (0)   10 :  0.008 0.006 0.005 0.002 0.001 0.003 0.007 0.006 0.005 0.940 0.004 0.001 0.002 0.004 0.005 
 81      677    (0)   10 :  0.004 0.004 0.004 0.003 0.002 0.006 0.005 0.003 0.003 0.954 0.003 0.002 0.001 0.003 0.002 
 82      678    (0)   10 :  0.007 0.003 0.012 0.012 0.004 0.007 0.007 0.006 0.011 0.899 0.011 0.004 0.003 0.011 0.003 
 83      679    (0)   10 :  0.003 0.006 0.006 0.002 0.001 0.004 0.005 0.005 0.007 0.907 0.006 0.002 0.025 0.006 0.014 
 84      680    (0)   10 :  0.007 0.012 0.005 0.003 0.003 0.004 0.004 0.007 0.005 0.925 0.005 0.005 0.002 0.005 0.007 
 85      681    (0)   10 :  0.004 0.007 0.005 0.003 0.002 0.006 0.007 0.005 0.005 0.938 0.005 0.002 0.002 0.005 0.004 
 86      682    (0)   10 :  0.002 0.002 0.002 0.002 0.003 0.002 0.002 0.002 0.002 0.969 0.002 0.004 0.002 0.002 0.002 
 87      683    (0)   10 :  0.004 0.007 0.006 0.003 0.003 0.005 0.004 0.004 0.005 0.937 0.005 0.002 0.002 0.006 0.006 
 88      684    (0)   10 :  0.006 0.006 0.005 0.003 0.002 0.002 0.003 0.005 0.004 0.944 0.005 0.003 0.002 0.005 0.003 
 89      685    (0)   10 :  0.003 0.009 0.006 0.006 0.003 0.003 0.004 0.003 0.006 0.935 0.006 0.003 0.005 0.006 0.003 
 90      686    (0)   10 :  0.002 0.003 0.002 0.002 0.002 0.002 0.002 0.002 0.002 0.967 0.002 0.003 0.004 0.002 0.002 
 91      687    (0)   10 :  0.003 0.003 0.002 0.002 0.002 0.002 0.002 0.002 0.002 0.970 0.002 0.002 0.001 0.002 0.002 
 92      688    (0)   10 :  0.008 0.006 0.003 0.004 0.003 0.007 0.004 0.007 0.003 0.942 0.003 0.002 0.001 0.003 0.004 
 93      070    (0)   11 :  0.003 0.003 0.004 0.003 0.001 0.002 0.003 0.003 0.004 0.002 0.005 0.954 0.007 0.004 0.002 
 94      071    (0)   11 :  0.003 0.004 0.003 0.002 0.006 0.002 0.003 0.003 0.003 0.005 0.003 0.958 0.001 0.003 0.002 
 95      072    (0)   11 :  0.002 0.002 0.002 0.002 0.003 0.001 0.002 0.001 0.002 0.001 0.002 0.972 0.005 0.002 0.001 
 96      151    (0)   11 :  0.002 0.002 0.001 0.001 0.001 0.001 0.001 0.002 0.001 0.001 0.001 0.979 0.002 0.001 0.001 
 97      152    (0)   11 :  0.005 0.004 0.005 0.002 0.004 0.003 0.004 0.003 0.005 0.002 0.006 0.948 0.002 0.005 0.002 
 98      153    (2)   11 :  0.001 0.002 0.002 0.002 0.001 0.001 0.001 0.001 0.001 0.001 0.001 0.980 0.002 0.001 0.001 
 99      788    (4)   11 :  0.003 0.002 0.003 0.001 0.003 0.002 0.002 0.003 0.003 0.002 0.003 0.942 0.027 0.003 0.001 
100      789    (2)   11 :  0.002 0.002 0.002 0.002 0.002 0.002 0.002 0.002 0.002 0.003 0.002 0.973 0.002 0.002 0.001 
101      790    (0)   11 :  0.002 0.002 0.002 0.002 0.003 0.002 0.002 0.001 0.002 0.001 0.002 0.975 0.001 0.002 0.001 
102      010    (0)   12 :  0.004 0.011 0.277 0.007 0.007 0.005 0.024 0.011 0.119 0.004 0.257 0.002 0.012 0.255 0.006 
103      024    (0)   12 :  0.015 0.010 0.205 0.006 0.005 0.006 0.014 0.016 0.157 0.010 0.286 0.006 0.038 0.218 0.007 
104      051    (0)   12 :  0.005 0.265 0.177 0.007 0.004 0.005 0.028 0.008 0.106 0.007 0.174 0.012 0.046 0.151 0.005 
105      090    (0)   12 :  0.011 0.062 0.179 0.008 0.003 0.007 0.079 0.014 0.185 0.004 0.185 0.007 0.021 0.222 0.012 
106      102    (0)   12 :  0.039 0.018 0.117 0.036 0.004 0.031 0.037 0.161 0.255 0.003 0.108 0.002 0.002 0.175 0.012 
107      111    (0)   12 :  0.011 0.011 0.236 0.025 0.068 0.006 0.086 0.017 0.131 0.004 0.232 0.002 0.004 0.163 0.005 
108      113    (0)   12 :  0.037 0.087 0.236 0.034 0.003 0.005 0.053 0.036 0.111 0.005 0.179 0.006 0.005 0.195 0.007 
109      138    (0)   12 :  0.011 0.017 0.062 0.004 0.002 0.009 0.545 0.012 0.063 0.078 0.072 0.048 0.005 0.069 0.003 
110      150    (0)   12 :  0.030 0.064 0.017 0.007 0.002 0.018 0.075 0.640 0.035 0.004 0.030 0.015 0.032 0.026 0.006 
111      173    (2)   12 :  0.039 0.193 0.140 0.007 0.007 0.005 0.030 0.019 0.115 0.012 0.195 0.022 0.021 0.153 0.043 
112      174    (2)   12 :  0.005 0.015 0.195 0.026 0.004 0.007 0.289 0.004 0.068 0.003 0.156 0.021 0.027 0.176 0.005 
113      175    (0)   12 :  0.005 0.030 0.237 0.014 0.002 0.003 0.023 0.019 0.134 0.003 0.261 0.006 0.067 0.191 0.005 
114      176    (0)   12 :  0.005 0.007 0.301 0.016 0.006 0.015 0.015 0.020 0.161 0.009 0.229 0.005 0.004 0.204 0.003 
115      177    (0)   12 :  0.021 0.305 0.162 0.008 0.002 0.003 0.061 0.010 0.101 0.002 0.167 0.003 0.009 0.142 0.004 
116      180    (0)   12 :  0.006 0.126 0.175 0.114 0.004 0.025 0.116 0.005 0.096 0.007 0.185 0.004 0.002 0.129 0.004 
117      184    (0)   12 :  0.017 0.015 0.083 0.004 0.005 0.006 0.406 0.096 0.083 0.005 0.113 0.015 0.009 0.102 0.041 
118      195    (0)   12 :  0.011 0.015 0.231 0.003 0.034 0.005 0.018 0.017 0.135 0.015 0.269 0.005 0.007 0.230 0.005 
119      198    (0)   12 :  0.006 0.019 0.166 0.016 0.032 0.011 0.258 0.015 0.122 0.007 0.173 0.003 0.008 0.161 0.003 
120      203    (0)   12 :  0.008 0.011 0.273 0.009 0.003 0.007 0.011 0.033 0.125 0.005 0.251 0.009 0.002 0.246 0.008 
121      211    (0)   12 :  0.020 0.008 0.272 0.004 0.003 0.026 0.020 0.040 0.124 0.072 0.217 0.003 0.003 0.185 0.004 
122      220    (0)   12 :  0.030 0.073 0.123 0.010 0.007 0.004 0.039 0.203 0.180 0.010 0.132 0.002 0.005 0.171 0.011 
123      233    (0)   12 :  0.182 0.020 0.152 0.004 0.002 0.009 0.018 0.005 0.150 0.041 0.207 0.006 0.002 0.170 0.034 
124      331    (0)   12 :  0.006 0.031 0.225 0.006 0.008 0.005 0.020 0.013 0.169 0.004 0.254 0.007 0.025 0.220 0.007 
125      349    (0)   12 :  0.008 0.036 0.075 0.011 0.006 0.008 0.011 0.008 0.083 0.006 0.090 0.009 0.102 0.089 0.459 
126      410    (0)   12 :  0.004 0.018 0.150 0.011 0.003 0.008 0.227 0.005 0.138 0.024 0.202 0.003 0.005 0.197 0.005 
127      417    (2)   12 :  0.005 0.006 0.160 0.008 0.007 0.027 0.112 0.016 0.290 0.005 0.141 0.002 0.005 0.209 0.009 
128      421    (0)   13 :  0.816 0.004 0.011 0.003 0.096 0.008 0.009 0.007 0.010 0.004 0.009 0.002 0.001 0.010 0.011 
129      423    (0)   13 :  0.003 0.010 0.225 0.010 0.003 0.005 0.033 0.021 0.156 0.002 0.295 0.008 0.007 0.197 0.023 
130      424    (0)   13 :  0.008 0.382 0.081 0.033 0.005 0.016 0.179 0.007 0.078 0.002 0.102 0.002 0.010 0.088 0.007 
131      433    (0)   13 :  0.119 0.007 0.056 0.004 0.003 0.004 0.121 0.222 0.278 0.014 0.052 0.002 0.007 0.108 0.004 
132      462    (0)   13 :  0.061 0.079 0.165 0.009 0.007 0.007 0.073 0.030 0.178 0.021 0.181 0.002 0.005 0.169 0.012 
133      463    (0)   13 :  0.007 0.008 0.193 0.006 0.019 0.013 0.097 0.012 0.145 0.004 0.227 0.003 0.027 0.186 0.054 
134      467    (0)   13 :  0.748 0.014 0.013 0.005 0.004 0.024 0.007 0.098 0.014 0.012 0.014 0.009 0.008 0.016 0.013 
135      468    (0)   13 :  0.039 0.008 0.009 0.008 0.031 0.019 0.007 0.033 0.012 0.002 0.010 0.003 0.002 0.010 0.808 
136      469    (0)   13 :  0.126 0.005 0.090 0.008 0.029 0.050 0.054 0.100 0.285 0.002 0.109 0.002 0.002 0.133 0.004 
137      472    (0)   13 :  0.009 0.009 0.221 0.002 0.016 0.007 0.028 0.020 0.208 0.007 0.255 0.004 0.021 0.184 0.006 
138      473    (0)   13 :  0.007 0.007 0.027 0.004 0.005 0.003 0.020 0.009 0.032 0.008 0.023 0.003 0.011 0.030 0.811 
139      474    (0)   13 :  0.004 0.003 0.003 0.003 0.002 0.005 0.004 0.945 0.003 0.005 0.003 0.001 0.001 0.003 0.013 
140      475    (0)   13 :  0.152 0.010 0.207 0.006 0.003 0.004 0.036 0.058 0.120 0.003 0.169 0.003 0.008 0.190 0.031 
141      476    (2)   13 :  0.007 0.005 0.006 0.006 0.002 0.003 0.004 0.904 0.005 0.010 0.006 0.008 0.013 0.006 0.016 
142      477    (0)   13 :  0.009 0.007 0.124 0.005 0.003 0.006 0.009 0.011 0.434 0.017 0.108 0.005 0.009 0.242 0.011 
143      478    (0)   13 :  0.078 0.017 0.183 0.080 0.003 0.014 0.009 0.014 0.168 0.003 0.208 0.002 0.003 0.213 0.004 
144      479    (0)   13 :  0.011 0.009 0.011 0.005 0.014 0.014 0.320 0.558 0.013 0.003 0.020 0.003 0.001 0.013 0.005 
145      480    (0)   13 :  0.925 0.005 0.007 0.004 0.001 0.003 0.007 0.009 0.006 0.002 0.007 0.002 0.001 0.007 0.014 
146      481    (0)   13 :  0.013 0.012 0.140 0.010 0.004 0.006 0.156 0.124 0.133 0.003 0.183 0.041 0.008 0.149 0.017 
147      482    (0)   13 :  0.100 0.015 0.188 0.005 0.070 0.005 0.107 0.011 0.092 0.049 0.167 0.002 0.005 0.179 0.004 
148      489    (0)   13 :  0.037 0.008 0.217 0.006 0.006 0.004 0.044 0.008 0.169 0.014 0.262 0.004 0.029 0.168 0.024 
149      490    (0)   13 :  0.012 0.011 0.015 0.008 0.005 0.015 0.876 0.005 0.010 0.003 0.017 0.003 0.005 0.012 0.003 
150      491    (0)   13 :  0.015 0.086 0.140 0.004 0.009 0.005 0.109 0.034 0.108 0.120 0.179 0.009 0.002 0.173 0.009 
151      492    (0)   13 :  0.007 0.007 0.011 0.038 0.003 0.013 0.008 0.838 0.012 0.009 0.012 0.003 0.006 0.011 0.021 
152      493    (0)   13 :  0.015 0.018 0.032 0.003 0.005 0.008 0.006 0.722 0.081 0.005 0.030 0.008 0.015 0.047 0.004 
153      494    (0)   13 :  0.195 0.019 0.078 0.004 0.011 0.004 0.294 0.027 0.069 0.042 0.106 0.023 0.025 0.092 0.012 
154      498    (0)   13 :  0.007 0.007 0.158 0.013 0.003 0.021 0.108 0.111 0.145 0.004 0.202 0.007 0.012 0.159 0.042 
155      499    (0)   13 :  0.011 0.046 0.263 0.006 0.003 0.011 0.024 0.032 0.113 0.007 0.239 0.003 0.006 0.229 0.006 
156      709    (0)   13 :  0.010 0.013 0.145 0.009 0.018 0.009 0.160 0.025 0.147 0.011 0.192 0.076 0.015 0.166 0.004 
157      710    (4)   13 :  0.046 0.003 0.118 0.004 0.009 0.007 0.015 0.028 0.419 0.003 0.123 0.005 0.027 0.189 0.006 
158      711    (2)   13 :  0.012 0.110 0.181 0.066 0.025 0.017 0.043 0.013 0.166 0.004 0.179 0.007 0.003 0.168 0.007 
159      712    (4)   13 :  0.007 0.008 0.011 0.006 0.004 0.006 0.916 0.006 0.011 0.003 0.008 0.002 0.002 0.008 0.003 
160      713    (0)   13 :  0.004 0.008 0.260 0.005 0.023 0.004 0.012 0.006 0.125 0.007 0.275 0.004 0.027 0.230 0.010 
161      714    (2)   13 :  0.223 0.022 0.042 0.008 0.006 0.012 0.007 0.474 0.048 0.002 0.035 0.013 0.006 0.041 0.060 
162      715    (4)   13 :  0.784 0.020 0.013 0.015 0.014 0.036 0.020 0.015 0.012 0.029 0.011 0.012 0.004 0.011 0.003 
163      716    (0)   13 :  0.059 0.004 0.013 0.004 0.005 0.003 0.008 0.849 0.018 0.003 0.012 0.002 0.002 0.014 0.003 
164      717    (2)   13 :  0.208 0.010 0.131 0.152 0.007 0.006 0.015 0.022 0.150 0.012 0.112 0.003 0.006 0.159 0.009 
165      718    (4)   13 :  0.010 0.017 0.014 0.006 0.009 0.011 0.820 0.017 0.034 0.002 0.028 0.002 0.003 0.023 0.004 
166      719    (0)   13 :  0.956 0.002 0.004 0.002 0.004 0.003 0.004 0.004 0.004 0.002 0.004 0.002 0.002 0.004 0.004 
167      720    (2)   13 :  0.546 0.009 0.038 0.006 0.010 0.007 0.006 0.017 0.217 0.007 0.039 0.002 0.005 0.078 0.011 
168      721    (0)   13 :  0.024 0.019 0.059 0.005 0.012 0.004 0.021 0.511 0.123 0.006 0.054 0.038 0.007 0.094 0.023 
169      722    (4)   13 :  0.811 0.005 0.005 0.006 0.024 0.010 0.009 0.015 0.035 0.002 0.009 0.002 0.002 0.011 0.053 
170      723    (0)   13 :  0.834 0.003 0.020 0.007 0.002 0.004 0.007 0.040 0.021 0.006 0.022 0.007 0.004 0.021 0.003 
171      724    (0)   13 :  0.607 0.007 0.019 0.009 0.087 0.013 0.007 0.146 0.019 0.009 0.017 0.005 0.025 0.020 0.010 
172      725    (0)   13 :  0.028 0.012 0.266 0.009 0.009 0.005 0.022 0.008 0.139 0.010 0.222 0.004 0.018 0.229 0.019 
173      726    (0)   13 :  0.020 0.007 0.133 0.003 0.009 0.004 0.014 0.107 0.327 0.005 0.124 0.006 0.010 0.203 0.030 
174      727    (0)   13 :  0.013 0.013 0.127 0.003 0.008 0.005 0.064 0.385 0.108 0.011 0.120 0.010 0.002 0.124 0.006 
175      728    (2)   13 :  0.012 0.011 0.195 0.016 0.010 0.009 0.008 0.010 0.211 0.006 0.202 0.100 0.006 0.200 0.003 
176      729    (6)   13 :  0.039 0.016 0.138 0.005 0.004 0.005 0.046 0.010 0.333 0.004 0.182 0.005 0.004 0.205 0.004 
177      730    (2)   13 :  0.069 0.011 0.035 0.010 0.013 0.010 0.732 0.007 0.030 0.005 0.034 0.007 0.003 0.033 0.002 
178      731    (2)   13 :  0.004 0.004 0.013 0.004 0.004 0.008 0.872 0.007 0.025 0.002 0.027 0.002 0.003 0.019 0.006 
179      732    (0)   13 :  0.019 0.010 0.221 0.012 0.006 0.010 0.011 0.150 0.195 0.005 0.169 0.002 0.008 0.172 0.008 
180      733    (0)   13 :  0.037 0.015 0.137 0.010 0.037 0.013 0.072 0.022 0.304 0.003 0.143 0.004 0.013 0.187 0.003 
181      734    (2)   13 :  0.018 0.100 0.167 0.007 0.001 0.012 0.059 0.047 0.132 0.084 0.172 0.008 0.037 0.153 0.004 
182      735    (4)   13 :  0.035 0.031 0.185 0.008 0.008 0.005 0.119 0.009 0.163 0.008 0.174 0.003 0.002 0.200 0.052 
183      736    (2)   13 :  0.005 0.020 0.160 0.005 0.003 0.005 0.311 0.028 0.108 0.023 0.157 0.018 0.010 0.144 0.004 
184      737    (0)   13 :  0.004 0.017 0.038 0.032 0.004 0.011 0.722 0.012 0.036 0.004 0.055 0.013 0.003 0.035 0.014 
185      738    (2)   13 :  0.007 0.082 0.126 0.005 0.003 0.008 0.414 0.013 0.076 0.005 0.147 0.003 0.004 0.102 0.004 
186      739    (8)   13 :  0.026 0.012 0.034 0.004 0.004 0.008 0.780 0.013 0.024 0.006 0.030 0.014 0.002 0.033 0.011 
187      740    (4)   13 :  0.032 0.004 0.043 0.005 0.015 0.006 0.659 0.034 0.062 0.003 0.071 0.002 0.005 0.056 0.004 
188      741    (2)   13 :  0.071 0.011 0.102 0.094 0.026 0.070 0.197 0.020 0.106 0.029 0.133 0.002 0.012 0.096 0.030 
189      742    (4)   13 :  0.011 0.081 0.120 0.020 0.002 0.013 0.410 0.012 0.085 0.005 0.110 0.006 0.007 0.110 0.006 
190      743    (2)   13 :  0.855 0.006 0.012 0.005 0.002 0.005 0.012 0.049 0.013 0.010 0.010 0.002 0.003 0.012 0.003 
191      744    (0)   13 :  0.136 0.007 0.181 0.005 0.004 0.005 0.030 0.070 0.102 0.004 0.185 0.023 0.090 0.155 0.004 
192      745    (0)   13 :  0.456 0.007 0.094 0.021 0.019 0.044 0.026 0.010 0.099 0.005 0.091 0.013 0.003 0.104 0.008 
193      746    (2)   13 :  0.006 0.011 0.137 0.039 0.011 0.004 0.344 0.005 0.122 0.005 0.136 0.004 0.005 0.167 0.004 
194      747    (2)   13 :  0.008 0.065 0.088 0.007 0.006 0.037 0.476 0.015 0.069 0.023 0.089 0.005 0.005 0.090 0.017 
195      748    (0)   13 :  0.004 0.076 0.097 0.029 0.016 0.111 0.029 0.119 0.094 0.017 0.148 0.006 0.014 0.119 0.119 
196      749    (2)   13 :  0.017 0.113 0.163 0.012 0.046 0.016 0.021 0.004 0.097 0.020 0.193 0.010 0.140 0.145 0.003 
197      750    (4)   13 :  0.017 0.013 0.191 0.027 0.006 0.010 0.120 0.008 0.147 0.005 0.261 0.005 0.012 0.174 0.005 
198      751    (0)   13 :  0.024 0.070 0.182 0.008 0.008 0.011 0.048 0.008 0.155 0.007 0.242 0.017 0.002 0.205 0.012 
199      752    (2)   13 :  0.063 0.006 0.007 0.005 0.003 0.012 0.021 0.041 0.009 0.003 0.007 0.001 0.002 0.008 0.813 
200      753    (4)   13 :  0.029 0.036 0.199 0.006 0.016 0.026 0.012 0.023 0.172 0.029 0.158 0.010 0.004 0.214 0.066 
201      754    (2)   13 :  0.004 0.004 0.005 0.003 0.002 0.003 0.945 0.006 0.004 0.003 0.005 0.003 0.005 0.005 0.002 
202      155    (0)   14 :  0.010 0.008 0.209 0.006 0.006 0.022 0.014 0.023 0.151 0.032 0.291 0.004 0.010 0.207 0.006 
203      156    (2)   14 :  0.017 0.008 0.271 0.007 0.005 0.013 0.017 0.005 0.107 0.005 0.208 0.102 0.011 0.221 0.004 
204      157    (2)   14 :  0.011 0.008 0.026 0.005 0.004 0.004 0.800 0.006 0.028 0.011 0.019 0.002 0.033 0.024 0.018 
205      158    (0)   14 :  0.011 0.033 0.257 0.008 0.006 0.007 0.013 0.032 0.185 0.007 0.232 0.004 0.005 0.198 0.003 
206      159    (0)   14 :  0.008 0.012 0.170 0.007 0.110 0.012 0.094 0.029 0.143 0.003 0.182 0.010 0.015 0.195 0.010 
207      160    (0)   14 :  0.018 0.033 0.020 0.003 0.004 0.016 0.124 0.680 0.034 0.010 0.019 0.003 0.003 0.029 0.005 
208      161    (0)   14 :  0.020 0.010 0.046 0.003 0.008 0.006 0.334 0.044 0.166 0.008 0.056 0.003 0.216 0.073 0.007 
209      162    (0)   14 :  0.044 0.014 0.175 0.007 0.002 0.007 0.004 0.339 0.085 0.005 0.152 0.005 0.002 0.146 0.012 
210      163    (2)   14 :  0.009 0.051 0.242 0.008 0.002 0.003 0.124 0.003 0.105 0.003 0.214 0.008 0.003 0.210 0.014 
211      164    (0)   14 :  0.019 0.015 0.212 0.010 0.005 0.055 0.044 0.008 0.158 0.018 0.193 0.002 0.017 0.217 0.029 
212      165    (2)   14 :  0.005 0.003 0.318 0.005 0.004 0.006 0.047 0.006 0.162 0.004 0.190 0.003 0.017 0.226 0.004 
213      427    (0)   14 :  0.781 0.015 0.012 0.003 0.037 0.006 0.008 0.026 0.017 0.051 0.012 0.009 0.004 0.014 0.004 
214      428    (0)   14 :  0.681 0.042 0.013 0.005 0.029 0.010 0.004 0.098 0.039 0.005 0.015 0.003 0.003 0.021 0.031 
215      429    (0)   14 :  0.932 0.005 0.006 0.007 0.005 0.004 0.004 0.007 0.006 0.003 0.006 0.003 0.002 0.006 0.006 
216      430    (0)   14 :  0.019 0.089 0.135 0.047 0.004 0.025 0.034 0.089 0.198 0.004 0.153 0.002 0.006 0.167 0.027 
217      431    (0)   14 :  0.416 0.011 0.023 0.021 0.007 0.036 0.013 0.371 0.034 0.004 0.028 0.002 0.003 0.027 0.005 
218      435    (0)   14 :  0.903 0.003 0.005 0.003 0.003 0.003 0.005 0.037 0.010 0.002 0.005 0.003 0.001 0.007 0.009 
219      436    (0)   14 :  0.232 0.003 0.005 0.003 0.007 0.007 0.004 0.709 0.008 0.003 0.005 0.002 0.003 0.006 0.003 
220      437    (0)   14 :  0.070 0.004 0.022 0.007 0.030 0.053 0.009 0.605 0.106 0.005 0.032 0.002 0.003 0.044 0.010 
221      438    (0)   14 :  0.220 0.016 0.044 0.017 0.015 0.052 0.017 0.218 0.193 0.002 0.041 0.008 0.004 0.088 0.064 
222      439    (0)   14 :  0.262 0.016 0.096 0.033 0.004 0.010 0.174 0.067 0.090 0.004 0.098 0.006 0.002 0.098 0.039 
223      441    (0)   14 :  0.005 0.003 0.003 0.004 0.001 0.003 0.002 0.004 0.003 0.003 0.003 0.001 0.002 0.003 0.962 
224      442    (0)   14 :  0.738 0.009 0.013 0.003 0.003 0.010 0.004 0.007 0.022 0.141 0.013 0.005 0.002 0.016 0.015 
225      443    (4)   14 :  0.866 0.015 0.008 0.004 0.004 0.012 0.021 0.012 0.011 0.002 0.009 0.003 0.002 0.009 0.023 
226      444    (4)   14 :  0.920 0.006 0.007 0.003 0.010 0.006 0.004 0.006 0.006 0.008 0.007 0.004 0.005 0.006 0.002 
227      445    (2)   14 :  0.091 0.004 0.093 0.004 0.009 0.027 0.005 0.016 0.434 0.004 0.075 0.005 0.002 0.217 0.014 
228      446    (0)   14 :  0.946 0.005 0.004 0.003 0.001 0.002 0.004 0.008 0.005 0.005 0.004 0.003 0.003 0.004 0.003 
229      447    (0)   14 :  0.874 0.007 0.010 0.003 0.006 0.015 0.011 0.032 0.011 0.004 0.010 0.004 0.001 0.010 0.003 
230      449    (0)   14 :  0.932 0.004 0.004 0.005 0.003 0.007 0.003 0.014 0.005 0.007 0.004 0.002 0.002 0.005 0.004 
231      460    (0)   14 :  0.717 0.006 0.023 0.007 0.008 0.015 0.007 0.019 0.036 0.004 0.019 0.002 0.005 0.027 0.104 
232      461    (0)   14 :  0.138 0.052 0.060 0.015 0.009 0.027 0.103 0.328 0.095 0.007 0.080 0.002 0.005 0.071 0.007 
233      484    (0)   14 :  0.110 0.175 0.073 0.168 0.004 0.137 0.086 0.006 0.057 0.013 0.078 0.007 0.004 0.065 0.015 
234      485    (0)   14 :  0.729 0.003 0.018 0.004 0.002 0.005 0.020 0.122 0.032 0.004 0.020 0.001 0.003 0.021 0.014 
235      486    (0)   14 :  0.002 0.002 0.002 0.002 0.001 0.002 0.002 0.002 0.002 0.002 0.002 0.001 0.001 0.002 0.977 
236      487    (0)   14 :  0.492 0.014 0.069 0.007 0.006 0.006 0.021 0.145 0.057 0.011 0.066 0.003 0.002 0.089 0.011 
237      178    (0)   15 :  0.150 0.011 0.083 0.003 0.004 0.004 0.023 0.176 0.286 0.006 0.076 0.005 0.010 0.154 0.010 
238      422    (0)   15 :  0.900 0.004 0.007 0.005 0.003 0.009 0.026 0.012 0.010 0.003 0.007 0.003 0.001 0.008 0.003 
239      425    (0)   15 :  0.717 0.009 0.022 0.003 0.004 0.005 0.021 0.140 0.019 0.004 0.025 0.001 0.002 0.021 0.005 
240      426    (0)   15 :  0.053 0.278 0.088 0.004 0.003 0.004 0.038 0.075 0.078 0.022 0.113 0.112 0.029 0.100 0.004 
241      432    (0)   15 :  0.415 0.044 0.102 0.011 0.010 0.011 0.017 0.019 0.091 0.009 0.132 0.008 0.006 0.114 0.012 
242      434    (0)   15 :  0.942 0.004 0.004 0.009 0.004 0.005 0.005 0.006 0.004 0.004 0.004 0.002 0.002 0.004 0.003 
243      440    (0)   15 :  0.342 0.036 0.094 0.008 0.002 0.004 0.007 0.119 0.146 0.012 0.081 0.002 0.003 0.121 0.023 
244      448    (2)   15 :  0.835 0.009 0.007 0.025 0.047 0.010 0.008 0.008 0.010 0.013 0.007 0.002 0.002 0.008 0.008 
245      456    (0)   15 :  0.037 0.017 0.156 0.084 0.003 0.079 0.010 0.213 0.111 0.009 0.141 0.003 0.003 0.129 0.005 
246      457    (0)   15 :  0.351 0.020 0.069 0.027 0.010 0.021 0.015 0.192 0.081 0.005 0.073 0.006 0.003 0.089 0.038 
247      458    (0)   15 :  0.020 0.048 0.047 0.004 0.006 0.011 0.084 0.598 0.037 0.017 0.055 0.008 0.004 0.050 0.009 
248      459    (0)   15 :  0.867 0.011 0.012 0.004 0.002 0.007 0.015 0.014 0.020 0.004 0.014 0.003 0.004 0.013 0.010 
249      464    (0)   15 :  0.583 0.005 0.018 0.004 0.003 0.004 0.006 0.277 0.027 0.009 0.016 0.005 0.012 0.020 0.012 
250      465    (0)   15 :  0.101 0.004 0.010 0.006 0.002 0.004 0.012 0.822 0.009 0.002 0.010 0.001 0.003 0.011 0.005 
251      466    (0)   15 :  0.410 0.008 0.038 0.006 0.015 0.023 0.022 0.056 0.257 0.005 0.045 0.001 0.002 0.093 0.018 
252      470    (0)   15 :  0.354 0.009 0.007 0.006 0.003 0.004 0.008 0.442 0.008 0.006 0.007 0.002 0.003 0.007 0.135 
253      471    (0)   15 :  0.803 0.032 0.017 0.026 0.016 0.007 0.008 0.013 0.016 0.003 0.017 0.017 0.004 0.017 0.005 
254      483    (0)   15 :  0.867 0.011 0.012 0.004 0.002 0.004 0.040 0.006 0.008 0.007 0.011 0.003 0.011 0.011 0.004 
255      488    (0)   15 :  0.006 0.005 0.005 0.003 0.002 0.006 0.008 0.938 0.005 0.003 0.005 0.002 0.002 0.005 0.004 
256      495    (0)   15 :  0.786 0.010 0.010 0.031 0.002 0.018 0.021 0.081 0.010 0.002 0.011 0.001 0.003 0.010 0.003 
257      496    (0)   15 :  0.014 0.004 0.007 0.004 0.004 0.002 0.009 0.926 0.006 0.002 0.007 0.002 0.003 0.007 0.003 
258      497    (0)   15 :  0.808 0.003 0.015 0.080 0.003 0.006 0.005 0.009 0.013 0.024 0.013 0.003 0.004 0.012 0.003 
259      500    (0)   15 :  0.019 0.007 0.059 0.023 0.015 0.486 0.050 0.043 0.063 0.003 0.071 0.004 0.060 0.057 0.043 
260      879    (0)   15 :  0.925 0.011 0.006 0.003 0.002 0.003 0.009 0.005 0.005 0.008 0.006 0.002 0.004 0.006 0.005 
261      036    (0)   16 :  0.013 0.005 0.202 0.004 0.011 0.006 0.023 0.013 0.163 0.002 0.314 0.004 0.003 0.232 0.005 
262      063    (2)   16 :  0.019 0.039 0.213 0.029 0.003 0.013 0.047 0.016 0.228 0.014 0.196 0.003 0.003 0.166 0.010 
263      094    (4)   16 :  0.014 0.017 0.078 0.013 0.011 0.082 0.348 0.144 0.068 0.009 0.105 0.005 0.012 0.087 0.007 
264      103    (4)   16 :  0.006 0.003 0.314 0.020 0.004 0.004 0.050 0.004 0.161 0.004 0.187 0.002 0.010 0.225 0.006 
265      112    (0)   16 :  0.006 0.042 0.154 0.006 0.003 0.007 0.396 0.006 0.081 0.006 0.143 0.004 0.007 0.128 0.011 
266      114    (2)   16 :  0.012 0.004 0.215 0.004 0.007 0.004 0.102 0.073 0.140 0.004 0.230 0.002 0.003 0.186 0.014 
267      120    (0)   16 :  0.008 0.013 0.018 0.006 0.012 0.013 0.839 0.019 0.016 0.004 0.025 0.002 0.003 0.018 0.006 
268      127    (2)   16 :  0.004 0.082 0.146 0.005 0.005 0.008 0.042 0.129 0.121 0.007 0.215 0.003 0.007 0.147 0.080 
269      147    (0)   16 :  0.012 0.210 0.180 0.005 0.005 0.002 0.022 0.010 0.109 0.006 0.207 0.044 0.007 0.172 0.008 
270      166    (0)   16 :  0.015 0.107 0.148 0.012 0.004 0.006 0.041 0.190 0.087 0.018 0.139 0.027 0.078 0.124 0.004 
271      167    (0)   16 :  0.043 0.006 0.182 0.076 0.011 0.007 0.023 0.199 0.099 0.004 0.166 0.005 0.004 0.163 0.013 
272      168    (0)   16 :  0.011 0.003 0.236 0.004 0.015 0.004 0.015 0.009 0.167 0.004 0.242 0.003 0.014 0.267 0.003 
273      169    (2)   16 :  0.083 0.045 0.149 0.006 0.006 0.008 0.036 0.284 0.094 0.004 0.137 0.005 0.004 0.136 0.005 
274      170    (0)   16 :  0.015 0.017 0.208 0.006 0.004 0.022 0.082 0.005 0.105 0.035 0.225 0.005 0.034 0.217 0.021 
275      171    (2)   16 :  0.005 0.021 0.311 0.008 0.003 0.060 0.019 0.005 0.134 0.004 0.195 0.010 0.005 0.217 0.003 
276      172    (0)   16 :  0.009 0.014 0.019 0.011 0.012 0.015 0.817 0.022 0.016 0.004 0.026 0.014 0.004 0.016 0.002 
277      185    (0)   16 :  0.064 0.026 0.308 0.009 0.002 0.004 0.009 0.015 0.133 0.005 0.184 0.005 0.004 0.218 0.015 
278      199    (2)   16 :  0.005 0.007 0.201 0.003 0.006 0.006 0.007 0.026 0.122 0.219 0.188 0.005 0.011 0.186 0.008 
279      339    (0)   16 :  0.030 0.008 0.136 0.012 0.002 0.005 0.006 0.515 0.067 0.005 0.101 0.005 0.002 0.102 0.005 
280      355    (0)   16 :  0.003 0.008 0.273 0.005 0.002 0.003 0.006 0.004 0.111 0.073 0.258 0.012 0.033 0.204 0.004 
281      356    (0)   16 :  0.005 0.006 0.027 0.003 0.006 0.004 0.665 0.020 0.019 0.005 0.025 0.003 0.166 0.028 0.017 
282      357    (0)   16 :  0.006 0.018 0.176 0.005 0.010 0.007 0.086 0.030 0.158 0.016 0.222 0.013 0.006 0.221 0.027 
283      358    (0)   16 :  0.010 0.010 0.198 0.047 0.002 0.009 0.008 0.010 0.160 0.004 0.297 0.006 0.004 0.217 0.018 
284      359    (0)   16 :  0.008 0.018 0.198 0.019 0.002 0.004 0.277 0.008 0.104 0.010 0.196 0.002 0.005 0.146 0.003 
285      360    (0)   16 :  0.037 0.021 0.250 0.003 0.006 0.015 0.023 0.020 0.149 0.004 0.248 0.010 0.021 0.188 0.005 
286      361    (0)   16 :  0.037 0.012 0.024 0.006 0.003 0.005 0.783 0.039 0.031 0.003 0.023 0.002 0.003 0.023 0.004 
287      362    (0)   16 :  0.098 0.082 0.129 0.011 0.002 0.234 0.049 0.019 0.090 0.006 0.133 0.005 0.014 0.125 0.003 
288      363    (0)   16 :  0.012 0.419 0.116 0.010 0.005 0.006 0.028 0.021 0.073 0.045 0.133 0.012 0.007 0.100 0.012 
289      364    (0)   16 :  0.006 0.013 0.103 0.007 0.004 0.337 0.034 0.075 0.065 0.039 0.117 0.003 0.090 0.092 0.016 
290      365    (0)   16 :  0.018 0.006 0.144 0.005 0.002 0.020 0.016 0.116 0.228 0.003 0.179 0.013 0.062 0.177 0.010 
291      366    (0)   16 :  0.005 0.014 0.202 0.012 0.001 0.004 0.089 0.008 0.149 0.003 0.276 0.027 0.005 0.203 0.003 
292      367    (0)   16 :  0.007 0.005 0.222 0.017 0.005 0.012 0.015 0.004 0.188 0.003 0.265 0.010 0.002 0.210 0.035 
293      368    (0)   16 :  0.004 0.006 0.280 0.017 0.007 0.030 0.007 0.004 0.120 0.003 0.237 0.011 0.059 0.169 0.044 
294      369    (0)   16 :  0.004 0.008 0.298 0.005 0.002 0.003 0.010 0.005 0.132 0.004 0.277 0.004 0.016 0.229 0.003 
295      370    (0)   16 :  0.013 0.015 0.078 0.042 0.012 0.005 0.453 0.021 0.073 0.007 0.103 0.012 0.077 0.083 0.005 
296      371    (0)   16 :  0.011 0.004 0.244 0.010 0.005 0.015 0.010 0.006 0.175 0.007 0.299 0.003 0.002 0.207 0.003 
297      372    (0)   16 :  0.393 0.070 0.017 0.003 0.003 0.015 0.014 0.108 0.014 0.316 0.017 0.004 0.007 0.017 0.002 
298      373    (0)   16 :  0.027 0.006 0.117 0.009 0.003 0.007 0.073 0.009 0.367 0.041 0.106 0.003 0.086 0.144 0.002 
299      380    (0)   16 :  0.006 0.040 0.174 0.009 0.040 0.019 0.079 0.031 0.177 0.010 0.222 0.006 0.011 0.173 0.002 
300      388    (0)   16 :  0.007 0.025 0.093 0.012 0.005 0.012 0.472 0.006 0.073 0.022 0.122 0.007 0.043 0.097 0.004 
301      418    (0)   16 :  0.006 0.015 0.093 0.003 0.022 0.012 0.010 0.009 0.444 0.050 0.106 0.005 0.006 0.214 0.006 
302      419    (0)   16 :  0.009 0.006 0.094 0.004 0.007 0.004 0.006 0.007 0.495 0.003 0.105 0.004 0.005 0.243 0.006 
303      420    (0)   16 :  0.045 0.016 0.122 0.011 0.002 0.043 0.068 0.026 0.239 0.061 0.143 0.049 0.006 0.160 0.011 
304      409    (0)   17 :  0.010 0.011 0.245 0.006 0.104 0.008 0.036 0.022 0.203 0.003 0.137 0.002 0.005 0.204 0.007 
305      414    (0)   17 :  0.007 0.013 0.300 0.007 0.016 0.015 0.007 0.009 0.213 0.007 0.152 0.002 0.002 0.241 0.007 
306      415    (2)   17 :  0.005 0.012 0.263 0.010 0.004 0.006 0.029 0.010 0.136 0.015 0.248 0.003 0.014 0.217 0.029 
307      416    (0)   17 :  0.018 0.010 0.118 0.025 0.070 0.023 0.009 0.018 0.379 0.010 0.113 0.003 0.002 0.198 0.004 
308      571    (0)    2 :  0.022 0.027 0.006 0.017 0.004 0.855 0.005 0.008 0.007 0.004 0.006 0.004 0.002 0.006 0.029 
309      572    (0)    2 :  0.003 0.037 0.016 0.047 0.008 0.807 0.007 0.003 0.016 0.004 0.015 0.006 0.004 0.015 0.012 
310      573    (2)    2 :  0.005 0.003 0.006 0.006 0.004 0.937 0.004 0.004 0.005 0.003 0.007 0.001 0.001 0.006 0.009 
311      574    (0)    2 :  0.006 0.005 0.009 0.008 0.014 0.904 0.006 0.006 0.009 0.002 0.010 0.003 0.007 0.009 0.004 
312      575    (2)    2 :  0.008 0.060 0.014 0.014 0.006 0.818 0.006 0.005 0.014 0.007 0.014 0.008 0.006 0.014 0.006 
313      576    (0)    2 :  0.003 0.003 0.003 0.005 0.003 0.964 0.002 0.002 0.003 0.002 0.003 0.001 0.001 0.003 0.002 
314      577    (0)    2 :  0.007 0.006 0.007 0.016 0.008 0.902 0.004 0.007 0.008 0.008 0.007 0.002 0.002 0.007 0.010 
315      578    (0)    2 :  0.005 0.004 0.003 0.004 0.047 0.904 0.002 0.005 0.004 0.007 0.003 0.002 0.001 0.003 0.004 
316      579    (0)    2 :  0.007 0.004 0.004 0.003 0.008 0.942 0.003 0.012 0.003 0.004 0.003 0.002 0.001 0.003 0.002 
317      580    (0)    2 :  0.003 0.003 0.003 0.003 0.002 0.964 0.003 0.003 0.003 0.002 0.003 0.002 0.001 0.003 0.002 
318      581    (0)    2 :  0.005 0.002 0.003 0.006 0.015 0.944 0.002 0.005 0.003 0.002 0.003 0.002 0.001 0.003 0.002 
319      582    (4)    2 :  0.019 0.007 0.023 0.013 0.003 0.769 0.013 0.018 0.019 0.018 0.024 0.050 0.004 0.020 0.002 
320      583    (0)    2 :  0.021 0.038 0.079 0.009 0.004 0.507 0.027 0.023 0.072 0.016 0.098 0.010 0.002 0.078 0.016 
321      584    (0)    2 :  0.052 0.007 0.009 0.007 0.014 0.858 0.007 0.008 0.007 0.007 0.008 0.003 0.001 0.008 0.005 
322      585    (0)    2 :  0.007 0.006 0.004 0.011 0.002 0.935 0.003 0.007 0.004 0.002 0.004 0.002 0.001 0.004 0.009 
323      586    (2)    2 :  0.007 0.006 0.004 0.007 0.004 0.935 0.003 0.006 0.004 0.010 0.004 0.002 0.001 0.004 0.004 
324      587    (0)    2 :  0.003 0.003 0.003 0.003 0.009 0.959 0.003 0.003 0.003 0.002 0.003 0.002 0.001 0.003 0.002 
325      588    (0)    2 :  0.009 0.012 0.026 0.008 0.005 0.817 0.008 0.006 0.015 0.010 0.021 0.010 0.008 0.023 0.022 
326      589    (0)    2 :  0.034 0.054 0.034 0.011 0.020 0.713 0.009 0.008 0.024 0.019 0.030 0.004 0.006 0.030 0.005 
327      590    (0)    2 :  0.006 0.003 0.007 0.040 0.037 0.800 0.004 0.010 0.006 0.011 0.007 0.010 0.004 0.006 0.049 
328      001    (0)    3 :  0.002 0.002 0.004 0.003 0.003 0.003 0.003 0.002 0.003 0.001 0.004 0.003 0.961 0.004 0.002 
329      005    (0)    3 :  0.002 0.002 0.002 0.002 0.001 0.001 0.002 0.001 0.002 0.003 0.002 0.006 0.969 0.002 0.002 
330      106    (0)    3 :  0.002 0.003 0.003 0.003 0.003 0.005 0.003 0.002 0.003 0.003 0.003 0.002 0.962 0.003 0.002 
331      192    (0)    3 :  0.005 0.009 0.019 0.004 0.006 0.006 0.008 0.004 0.014 0.012 0.015 0.005 0.872 0.017 0.003 
332      229    (0)    3 :  0.005 0.007 0.005 0.007 0.003 0.003 0.006 0.004 0.005 0.004 0.005 0.043 0.894 0.006 0.005 
333      319    (0)    3 :  0.002 0.002 0.004 0.003 0.002 0.002 0.007 0.003 0.004 0.002 0.004 0.005 0.954 0.004 0.002 
334      327    (0)    3 :  0.002 0.003 0.003 0.002 0.002 0.003 0.005 0.002 0.002 0.003 0.003 0.002 0.963 0.003 0.002 
335      340    (0)    3 :  0.002 0.003 0.005 0.004 0.001 0.003 0.005 0.003 0.004 0.003 0.005 0.004 0.950 0.005 0.004 
336      345    (0)    3 :  0.002 0.005 0.005 0.004 0.001 0.004 0.010 0.006 0.005 0.003 0.005 0.011 0.932 0.005 0.002 
337      375    (0)    3 :  0.002 0.004 0.003 0.002 0.001 0.002 0.003 0.003 0.003 0.005 0.003 0.003 0.960 0.003 0.002 
338      501    (4)    3 :  0.002 0.004 0.003 0.002 0.001 0.002 0.004 0.003 0.003 0.002 0.003 0.003 0.957 0.003 0.008 
339      502    (0)    3 :  0.002 0.008 0.005 0.004 0.003 0.004 0.003 0.010 0.004 0.003 0.005 0.009 0.925 0.004 0.011 
340      503    (2)    3 :  0.001 0.002 0.002 0.003 0.002 0.004 0.002 0.001 0.002 0.002 0.002 0.002 0.964 0.002 0.006 
341      504    (0)    3 :  0.007 0.003 0.005 0.002 0.004 0.002 0.002 0.007 0.005 0.004 0.005 0.016 0.931 0.005 0.002 
342      505    (0)    3 :  0.002 0.007 0.007 0.012 0.007 0.006 0.009 0.003 0.006 0.003 0.008 0.049 0.871 0.007 0.002 
343      506    (2)    3 :  0.004 0.006 0.006 0.002 0.002 0.002 0.006 0.004 0.005 0.002 0.006 0.005 0.939 0.006 0.005 
344      507    (4)    3 :  0.002 0.005 0.003 0.003 0.001 0.002 0.004 0.003 0.003 0.002 0.003 0.004 0.959 0.003 0.004 
345      508    (0)    3 :  0.005 0.005 0.007 0.006 0.002 0.004 0.008 0.005 0.006 0.002 0.006 0.003 0.912 0.006 0.023 
346      509    (2)    3 :  0.003 0.003 0.003 0.003 0.001 0.002 0.003 0.002 0.003 0.004 0.003 0.003 0.962 0.003 0.003 
347      510    (2)    3 :  0.008 0.003 0.005 0.002 0.003 0.002 0.003 0.005 0.005 0.020 0.005 0.003 0.928 0.005 0.004 
348      511    (4)    3 :  0.003 0.002 0.003 0.002 0.003 0.003 0.002 0.003 0.003 0.002 0.003 0.002 0.963 0.003 0.005 
349      512    (4)    3 :  0.003 0.004 0.003 0.002 0.002 0.002 0.004 0.003 0.003 0.003 0.003 0.006 0.957 0.003 0.002 
350      513    (0)    3 :  0.003 0.003 0.003 0.002 0.002 0.002 0.003 0.002 0.003 0.019 0.004 0.008 0.941 0.003 0.002 
351      514    (0)    3 :  0.004 0.002 0.004 0.002 0.001 0.001 0.002 0.003 0.004 0.002 0.004 0.002 0.963 0.004 0.002 
352      515    (2)    3 :  0.002 0.002 0.003 0.003 0.001 0.002 0.002 0.002 0.002 0.003 0.002 0.004 0.966 0.002 0.002 
353      516    (2)    3 :  0.004 0.005 0.005 0.004 0.003 0.003 0.003 0.008 0.005 0.007 0.005 0.004 0.930 0.005 0.008 
354      517    (0)    3 :  0.007 0.002 0.002 0.001 0.001 0.001 0.002 0.002 0.002 0.002 0.002 0.005 0.968 0.002 0.002 
355      518    (0)    3 :  0.004 0.004 0.006 0.006 0.002 0.003 0.005 0.005 0.007 0.003 0.006 0.003 0.935 0.007 0.004 
356      519    (0)    3 :  0.002 0.002 0.003 0.003 0.003 0.003 0.003 0.002 0.003 0.003 0.003 0.002 0.959 0.003 0.004 
357      520    (2)    3 :  0.005 0.003 0.003 0.002 0.004 0.003 0.002 0.003 0.003 0.006 0.003 0.002 0.954 0.003 0.002 
358      521    (2)    3 :  0.002 0.003 0.002 0.003 0.008 0.003 0.003 0.002 0.002 0.003 0.003 0.006 0.956 0.002 0.002 
359      522    (0)    3 :  0.006 0.004 0.006 0.004 0.014 0.006 0.003 0.018 0.006 0.005 0.006 0.001 0.904 0.006 0.010 
360      523    (2)    3 :  0.005 0.005 0.007 0.008 0.004 0.005 0.006 0.004 0.007 0.002 0.007 0.004 0.926 0.007 0.005 
361      524    (0)    3 :  0.004 0.006 0.008 0.025 0.012 0.008 0.010 0.014 0.012 0.006 0.009 0.003 0.805 0.010 0.069 
362      525    (0)    3 :  0.002 0.002 0.003 0.001 0.001 0.002 0.003 0.003 0.003 0.003 0.003 0.001 0.969 0.003 0.002 
363      526    (2)    3 :  0.003 0.002 0.002 0.002 0.002 0.002 0.002 0.002 0.002 0.002 0.003 0.012 0.958 0.002 0.002 
364      527    (2)    4 :  0.007 0.005 0.009 0.025 0.002 0.882 0.004 0.009 0.008 0.010 0.008 0.005 0.007 0.008 0.011 
365      528    (4)    4 :  0.004 0.335 0.021 0.082 0.018 0.425 0.019 0.014 0.021 0.008 0.024 0.003 0.002 0.022 0.003 
366      529    (4)    4 :  0.019 0.104 0.014 0.014 0.016 0.735 0.009 0.015 0.021 0.004 0.016 0.009 0.003 0.016 0.006 
367      530    (0)    4 :  0.003 0.010 0.008 0.007 0.004 0.911 0.012 0.003 0.006 0.005 0.007 0.004 0.007 0.007 0.005 
368      531    (2)    4 :  0.006 0.021 0.006 0.010 0.011 0.896 0.010 0.004 0.006 0.004 0.007 0.006 0.004 0.007 0.003 
369      532    (4)    4 :  0.004 0.097 0.014 0.018 0.003 0.760 0.023 0.004 0.010 0.002 0.015 0.002 0.003 0.012 0.033 
370      533    (0)    4 :  0.013 0.014 0.052 0.042 0.021 0.587 0.028 0.022 0.102 0.002 0.048 0.003 0.007 0.056 0.002 
371      534    (2)    4 :  0.005 0.007 0.007 0.077 0.012 0.844 0.006 0.004 0.009 0.006 0.008 0.002 0.003 0.008 0.003 
372      535    (2)    4 :  0.006 0.024 0.012 0.009 0.004 0.874 0.009 0.008 0.010 0.002 0.011 0.005 0.002 0.011 0.011 
373      536    (2)    4 :  0.005 0.003 0.005 0.009 0.029 0.901 0.007 0.003 0.005 0.002 0.006 0.012 0.002 0.005 0.004 
374      537    (2)    4 :  0.008 0.006 0.006 0.007 0.008 0.917 0.004 0.006 0.007 0.014 0.006 0.002 0.002 0.006 0.002 
375      538    (2)    4 :  0.013 0.005 0.041 0.045 0.003 0.696 0.042 0.029 0.039 0.004 0.036 0.002 0.006 0.035 0.004 
376      539    (2)    4 :  0.003 0.006 0.005 0.143 0.003 0.806 0.004 0.007 0.006 0.002 0.005 0.002 0.001 0.005 0.004 
377      540    (2)    4 :  0.011 0.006 0.013 0.012 0.011 0.859 0.021 0.011 0.020 0.002 0.013 0.001 0.001 0.014 0.005 
378      541    (2)    4 :  0.041 0.047 0.009 0.061 0.008 0.764 0.021 0.010 0.009 0.003 0.009 0.002 0.003 0.009 0.005 
379      542    (2)    4 :  0.022 0.014 0.018 0.075 0.010 0.695 0.018 0.074 0.018 0.009 0.018 0.004 0.002 0.018 0.005 
380      543    (0)    4 :  0.046 0.010 0.052 0.036 0.021 0.615 0.019 0.014 0.051 0.014 0.062 0.002 0.003 0.054 0.003 
381      544    (2)    4 :  0.003 0.003 0.004 0.021 0.005 0.935 0.007 0.003 0.004 0.002 0.004 0.002 0.003 0.004 0.001 
382      545    (2)    4 :  0.005 0.005 0.009 0.886 0.004 0.033 0.005 0.013 0.008 0.002 0.008 0.001 0.002 0.008 0.009 
383      546    (4)    4 :  0.004 0.004 0.023 0.849 0.005 0.016 0.006 0.019 0.019 0.002 0.019 0.002 0.002 0.019 0.013 
384      547    (6)    4 :  0.021 0.010 0.042 0.010 0.010 0.674 0.028 0.009 0.026 0.031 0.047 0.015 0.004 0.039 0.034 
385      019    (0)    5 :  0.051 0.018 0.008 0.800 0.008 0.070 0.007 0.004 0.007 0.004 0.007 0.004 0.002 0.007 0.003 
386      064    (0)    5 :  0.003 0.002 0.002 0.943 0.002 0.029 0.002 0.002 0.002 0.002 0.002 0.001 0.001 0.002 0.003 
387      065    (0)    5 :  0.003 0.003 0.002 0.026 0.005 0.944 0.003 0.002 0.002 0.002 0.002 0.001 0.001 0.002 0.002 
388      066    (0)    5 :  0.020 0.004 0.009 0.601 0.006 0.293 0.010 0.008 0.011 0.002 0.010 0.002 0.002 0.010 0.011 
389      067    (0)    5 :  0.026 0.017 0.007 0.876 0.007 0.010 0.005 0.005 0.008 0.009 0.008 0.006 0.005 0.007 0.004 
390      068    (0)    5 :  0.009 0.018 0.008 0.027 0.008 0.834 0.007 0.010 0.008 0.029 0.008 0.002 0.002 0.008 0.020 
391      069    (0)    5 :  0.004 0.008 0.006 0.787 0.012 0.130 0.006 0.008 0.006 0.004 0.005 0.001 0.001 0.005 0.017 
392      107    (0)    5 :  0.006 0.004 0.005 0.521 0.003 0.431 0.003 0.005 0.004 0.002 0.004 0.001 0.001 0.004 0.005 
393      110    (0)    5 :  0.002 0.007 0.002 0.964 0.002 0.003 0.002 0.002 0.002 0.001 0.002 0.003 0.001 0.002 0.003 
394      121    (0)    5 :  0.005 0.012 0.005 0.023 0.002 0.925 0.003 0.005 0.004 0.003 0.004 0.001 0.001 0.004 0.003 
395      137    (0)    5 :  0.007 0.004 0.009 0.911 0.005 0.008 0.005 0.009 0.008 0.002 0.009 0.009 0.002 0.008 0.004 
396      146    (0)    5 :  0.004 0.005 0.011 0.592 0.019 0.256 0.064 0.006 0.010 0.004 0.011 0.003 0.004 0.010 0.002 
397      149    (0)    5 :  0.006 0.005 0.004 0.948 0.002 0.005 0.004 0.005 0.004 0.002 0.004 0.003 0.001 0.004 0.002 
398      154    (0)    5 :  0.007 0.005 0.007 0.718 0.157 0.055 0.003 0.005 0.006 0.017 0.006 0.002 0.002 0.006 0.003 
399      179    (0)    5 :  0.005 0.004 0.004 0.549 0.004 0.397 0.004 0.006 0.004 0.004 0.004 0.002 0.002 0.004 0.007 
400      181    (0)    5 :  0.002 0.003 0.004 0.781 0.004 0.179 0.003 0.003 0.005 0.002 0.004 0.002 0.001 0.004 0.002 
401      182    (0)    5 :  0.006 0.028 0.012 0.104 0.007 0.754 0.014 0.005 0.011 0.014 0.012 0.002 0.004 0.012 0.017 
402      186    (0)    5 :  0.008 0.090 0.017 0.622 0.004 0.143 0.029 0.014 0.013 0.004 0.020 0.006 0.005 0.017 0.008 
403      193    (0)    5 :  0.010 0.007 0.008 0.419 0.008 0.500 0.008 0.004 0.009 0.004 0.008 0.002 0.003 0.008 0.005 
404      320    (0)    5 :  0.006 0.007 0.005 0.892 0.009 0.032 0.011 0.004 0.006 0.010 0.005 0.003 0.001 0.005 0.003 
405      341    (0)    5 :  0.010 0.004 0.006 0.042 0.003 0.888 0.007 0.009 0.006 0.004 0.006 0.002 0.001 0.006 0.006 
406      376    (0)    5 :  0.004 0.024 0.009 0.216 0.009 0.626 0.013 0.007 0.012 0.003 0.011 0.003 0.037 0.011 0.017 
407      395    (0)    5 :  0.010 0.011 0.006 0.663 0.057 0.185 0.005 0.024 0.008 0.004 0.007 0.006 0.001 0.007 0.004 
408      396    (0)    5 :  0.002 0.002 0.003 0.037 0.003 0.925 0.004 0.004 0.003 0.001 0.003 0.003 0.002 0.003 0.004 
409      397    (0)    5 :  0.004 0.005 0.005 0.070 0.010 0.866 0.004 0.003 0.005 0.006 0.005 0.009 0.001 0.005 0.002 
410      398    (0)    5 :  0.005 0.011 0.005 0.453 0.064 0.418 0.010 0.002 0.005 0.004 0.006 0.004 0.002 0.005 0.005 
411      399    (0)    5 :  0.003 0.012 0.005 0.007 0.002 0.933 0.008 0.003 0.004 0.003 0.005 0.002 0.002 0.005 0.006 
412      400    (0)    5 :  0.003 0.010 0.006 0.901 0.007 0.022 0.014 0.003 0.006 0.002 0.006 0.002 0.001 0.006 0.009 
413      401    (0)    5 :  0.005 0.004 0.012 0.824 0.005 0.084 0.009 0.006 0.010 0.002 0.013 0.003 0.004 0.012 0.007 
414      402    (0)    5 :  0.002 0.007 0.003 0.958 0.002 0.003 0.003 0.003 0.003 0.003 0.003 0.002 0.003 0.003 0.003 
415      403    (0)    5 :  0.015 0.020 0.009 0.415 0.004 0.441 0.031 0.012 0.009 0.004 0.009 0.011 0.002 0.009 0.010 
416      073    (0)    6 :  0.006 0.006 0.004 0.005 0.001 0.949 0.003 0.004 0.004 0.002 0.004 0.002 0.002 0.004 0.003 
417      074    (0)    6 :  0.005 0.002 0.007 0.004 0.039 0.898 0.004 0.003 0.008 0.005 0.008 0.002 0.006 0.007 0.002 
418      075    (0)    6 :  0.006 0.005 0.005 0.009 0.006 0.926 0.009 0.008 0.005 0.004 0.005 0.003 0.002 0.005 0.002 
419      076    (0)    6 :  0.005 0.012 0.006 0.009 0.004 0.913 0.005 0.009 0.006 0.006 0.006 0.005 0.004 0.006 0.003 
420      077    (0)    6 :  0.012 0.005 0.008 0.013 0.003 0.905 0.005 0.010 0.007 0.008 0.008 0.003 0.001 0.007 0.006 
421      078    (0)    6 :  0.007 0.005 0.034 0.010 0.005 0.812 0.020 0.010 0.028 0.005 0.026 0.005 0.003 0.026 0.004 
422      079    (0)    6 :  0.006 0.007 0.011 0.013 0.003 0.897 0.006 0.006 0.012 0.002 0.013 0.001 0.002 0.013 0.008 
423      080    (0)    6 :  0.004 0.013 0.006 0.005 0.003 0.918 0.004 0.003 0.005 0.018 0.005 0.002 0.003 0.006 0.004 
424      081    (0)    6 :  0.023 0.008 0.011 0.042 0.013 0.824 0.005 0.010 0.014 0.003 0.011 0.016 0.004 0.011 0.005 
425      082    (0)    6 :  0.003 0.005 0.003 0.021 0.003 0.938 0.004 0.002 0.003 0.003 0.003 0.002 0.001 0.003 0.005 
426      083    (0)    6 :  0.003 0.005 0.008 0.021 0.011 0.907 0.005 0.005 0.006 0.002 0.008 0.003 0.002 0.007 0.008 
427      084    (0)    6 :  0.012 0.003 0.005 0.013 0.098 0.832 0.004 0.007 0.005 0.002 0.005 0.005 0.004 0.005 0.002 
428      085    (0)    6 :  0.023 0.007 0.014 0.056 0.009 0.550 0.011 0.252 0.016 0.003 0.014 0.015 0.002 0.014 0.017 
429      404    (0)    6 :  0.006 0.005 0.004 0.010 0.020 0.925 0.004 0.004 0.005 0.003 0.004 0.003 0.001 0.004 0.003 
430      405    (0)    6 :  0.009 0.004 0.005 0.006 0.005 0.931 0.005 0.004 0.006 0.002 0.005 0.009 0.002 0.005 0.002 
431      406    (0)    6 :  0.003 0.006 0.011 0.004 0.008 0.908 0.006 0.004 0.010 0.003 0.009 0.007 0.005 0.009 0.006 
432      407    (0)    6 :  0.006 0.003 0.005 0.086 0.004 0.856 0.004 0.010 0.006 0.003 0.005 0.003 0.001 0.006 0.002 
433      408    (0)    6 :  0.004 0.003 0.004 0.004 0.006 0.947 0.004 0.004 0.005 0.005 0.004 0.001 0.001 0.004 0.002 
434      411    (2)    6 :  0.004 0.002 0.003 0.006 0.005 0.957 0.002 0.003 0.003 0.003 0.003 0.002 0.001 0.003 0.002 
435      412    (0)    6 :  0.010 0.010 0.008 0.008 0.004 0.872 0.005 0.013 0.009 0.006 0.008 0.005 0.028 0.008 0.006 
436      413    (0)    6 :  0.004 0.002 0.008 0.012 0.004 0.937 0.004 0.004 0.005 0.002 0.006 0.002 0.001 0.006 0.002 
437      591    (0)    7 :  0.009 0.914 0.006 0.002 0.008 0.004 0.007 0.005 0.006 0.004 0.006 0.006 0.014 0.006 0.004 
438      592    (0)    7 :  0.078 0.825 0.008 0.004 0.006 0.011 0.015 0.014 0.007 0.005 0.008 0.003 0.003 0.008 0.006 
439      593    (0)    7 :  0.007 0.921 0.007 0.006 0.004 0.009 0.006 0.005 0.007 0.002 0.007 0.006 0.002 0.007 0.005 
440      594    (0)    7 :  0.043 0.766 0.020 0.009 0.007 0.037 0.029 0.007 0.016 0.010 0.021 0.004 0.003 0.023 0.004 
441      595    (0)    7 :  0.005 0.862 0.021 0.014 0.003 0.010 0.006 0.007 0.014 0.011 0.017 0.004 0.005 0.017 0.004 
442      596    (0)    7 :  0.004 0.913 0.006 0.005 0.002 0.006 0.007 0.005 0.006 0.019 0.006 0.006 0.002 0.006 0.007 
443      597    (0)    7 :  0.007 0.836 0.012 0.025 0.003 0.031 0.008 0.032 0.011 0.006 0.014 0.002 0.001 0.010 0.003 
444      598    (0)    7 :  0.007 0.577 0.042 0.032 0.003 0.006 0.082 0.086 0.032 0.027 0.051 0.002 0.002 0.041 0.010 
445      599    (0)    7 :  0.172 0.748 0.008 0.003 0.003 0.005 0.004 0.017 0.008 0.003 0.007 0.006 0.003 0.008 0.005 
446      600    (0)    7 :  0.004 0.931 0.006 0.007 0.001 0.004 0.005 0.006 0.005 0.011 0.006 0.004 0.002 0.005 0.003 
447      601    (0)    7 :  0.019 0.809 0.016 0.026 0.002 0.021 0.009 0.037 0.016 0.002 0.016 0.002 0.002 0.016 0.005 
448      602    (0)    7 :  0.008 0.878 0.013 0.014 0.004 0.006 0.004 0.018 0.011 0.006 0.013 0.004 0.004 0.012 0.004 
449      603    (0)    7 :  0.080 0.112 0.030 0.004 0.008 0.007 0.006 0.610 0.046 0.008 0.036 0.007 0.002 0.035 0.008 
450      604    (0)    7 :  0.004 0.890 0.012 0.006 0.003 0.009 0.013 0.004 0.009 0.008 0.013 0.003 0.003 0.012 0.011 
451      605    (0)    7 :  0.011 0.744 0.023 0.006 0.002 0.008 0.080 0.008 0.021 0.023 0.024 0.004 0.019 0.022 0.004 
452      606    (0)    7 :  0.011 0.889 0.008 0.003 0.004 0.004 0.011 0.006 0.011 0.007 0.010 0.021 0.004 0.009 0.003 
453      607    (0)    7 :  0.002 0.829 0.005 0.014 0.002 0.009 0.008 0.008 0.004 0.008 0.005 0.003 0.003 0.005 0.095 
454      608    (0)    7 :  0.009 0.917 0.005 0.004 0.005 0.005 0.007 0.009 0.005 0.003 0.005 0.002 0.001 0.005 0.017 
455      609    (0)    7 :  0.005 0.922 0.008 0.004 0.003 0.004 0.008 0.005 0.007 0.003 0.008 0.004 0.002 0.008 0.008 
456      610    (0)    7 :  0.015 0.440 0.081 0.008 0.009 0.020 0.017 0.066 0.099 0.009 0.108 0.003 0.004 0.105 0.016 
457      611    (2)    7 :  0.003 0.889 0.009 0.008 0.011 0.011 0.007 0.005 0.007 0.007 0.009 0.003 0.002 0.008 0.022 
458      612    (0)    7 :  0.009 0.745 0.021 0.060 0.003 0.008 0.009 0.015 0.013 0.041 0.020 0.002 0.004 0.023 0.027 
459      755    (0)    7 :  0.007 0.425 0.025 0.009 0.030 0.017 0.016 0.015 0.042 0.042 0.028 0.002 0.028 0.031 0.282 
460      756    (0)    7 :  0.008 0.905 0.006 0.003 0.008 0.012 0.007 0.010 0.005 0.003 0.006 0.004 0.002 0.006 0.014 
461      757    (0)    7 :  0.009 0.888 0.011 0.005 0.004 0.009 0.017 0.006 0.012 0.005 0.009 0.002 0.003 0.011 0.009 
462      002    (0)    8 :  0.004 0.006 0.008 0.394 0.020 0.508 0.010 0.017 0.006 0.002 0.008 0.003 0.003 0.007 0.005 
463      099    (2)    8 :  0.060 0.008 0.032 0.005 0.008 0.004 0.015 0.004 0.028 0.041 0.032 0.004 0.714 0.033 0.014 
464      641    (2)    8 :  0.009 0.054 0.120 0.247 0.012 0.187 0.043 0.011 0.083 0.004 0.093 0.016 0.016 0.083 0.024 
465      642    (0)    8 :  0.017 0.019 0.008 0.005 0.008 0.881 0.015 0.010 0.008 0.003 0.008 0.003 0.003 0.008 0.004 
466      643    (2)    8 :  0.018 0.024 0.013 0.008 0.016 0.783 0.059 0.024 0.016 0.003 0.014 0.003 0.004 0.013 0.004 
467      644    (0)    8 :  0.019 0.006 0.008 0.023 0.007 0.856 0.018 0.013 0.010 0.008 0.008 0.004 0.003 0.009 0.009 
468      645    (0)    8 :  0.018 0.035 0.025 0.014 0.018 0.433 0.179 0.021 0.029 0.003 0.032 0.038 0.002 0.031 0.121 
469      646    (0)    8 :  0.006 0.012 0.052 0.398 0.012 0.058 0.045 0.073 0.068 0.009 0.054 0.010 0.004 0.052 0.146 
470      006    (0)    9 :  0.007 0.006 0.020 0.008 0.631 0.226 0.007 0.007 0.026 0.003 0.024 0.003 0.005 0.022 0.005 
471      011    (0)    9 :  0.003 0.003 0.003 0.003 0.009 0.956 0.003 0.003 0.003 0.003 0.003 0.002 0.001 0.003 0.002 
472      033    (2)    9 :  0.004 0.021 0.005 0.018 0.632 0.260 0.004 0.028 0.007 0.002 0.005 0.002 0.001 0.006 0.004 
473      048    (0)    9 :  0.281 0.015 0.019 0.013 0.048 0.521 0.007 0.017 0.021 0.005 0.017 0.008 0.002 0.020 0.006 
474      061    (0)    9 :  0.002 0.001 0.002 0.002 0.974 0.002 0.002 0.001 0.002 0.001 0.002 0.003 0.001 0.002 0.003 
475      088    (0)    9 :  0.019 0.013 0.013 0.018 0.023 0.828 0.015 0.012 0.016 0.007 0.013 0.005 0.003 0.014 0.003 
476      091    (0)    9 :  0.003 0.005 0.004 0.003 0.945 0.009 0.003 0.003 0.004 0.005 0.004 0.002 0.001 0.004 0.006 
477      098    (0)    9 :  0.019 0.020 0.006 0.015 0.008 0.878 0.004 0.008 0.007 0.003 0.006 0.012 0.001 0.007 0.006 
478      104    (0)    9 :  0.004 0.002 0.003 0.041 0.003 0.923 0.002 0.003 0.003 0.002 0.003 0.002 0.001 0.003 0.002 
479      196    (0)    9 :  0.010 0.010 0.005 0.020 0.582 0.330 0.006 0.006 0.007 0.005 0.005 0.005 0.001 0.005 0.002 
480      197    (0)    9 :  0.010 0.011 0.023 0.020 0.266 0.546 0.007 0.019 0.020 0.014 0.025 0.008 0.003 0.024 0.003 
481      201    (0)    9 :  0.005 0.005 0.006 0.013 0.595 0.337 0.012 0.005 0.005 0.001 0.006 0.001 0.001 0.005 0.002 
482      202    (0)    9 :  0.027 0.005 0.015 0.018 0.033 0.797 0.010 0.013 0.011 0.012 0.014 0.020 0.009 0.014 0.002 
483      204    (0)    9 :  0.005 0.003 0.003 0.034 0.386 0.528 0.005 0.010 0.004 0.002 0.003 0.002 0.001 0.003 0.009 
484      231    (0)    9 :  0.013 0.009 0.005 0.064 0.008 0.850 0.005 0.015 0.006 0.005 0.004 0.001 0.001 0.005 0.008 
485      328    (0)    9 :  0.004 0.005 0.004 0.003 0.253 0.698 0.005 0.007 0.004 0.002 0.004 0.005 0.001 0.004 0.002 
486      346    (0)    9 :  0.004 0.008 0.005 0.008 0.315 0.625 0.004 0.003 0.004 0.007 0.004 0.003 0.002 0.004 0.003 


Estimated Allele Frequencies in each cluster
First column gives estimated ancestral frequencies


Locus 1 : 1 
4 alleles
0.0% missing data
  89   (0.532) 0.589 0.552 0.549 0.294 0.695 0.623 0.498 0.460 0.569 0.640 0.549 0.066 0.294 0.548 0.821 
  91   (0.386) 0.342 0.431 0.378 0.583 0.296 0.315 0.447 0.517 0.346 0.312 0.378 0.706 0.668 0.372 0.159 
  93   (0.067) 0.055 0.014 0.061 0.122 0.008 0.061 0.051 0.017 0.052 0.046 0.061 0.098 0.037 0.061 0.015 
  99   (0.016) 0.014 0.002 0.012 0.001 0.001 0.000 0.004 0.006 0.033 0.001 0.012 0.129 0.001 0.019 0.004 

Locus 2 : 2 
6 alleles
1.0% missing data
 136   (0.352) 0.059 0.415 0.365 0.724 0.110 0.551 0.548 0.177 0.304 0.459 0.369 0.190 0.452 0.343 0.143 
 134   (0.233) 0.264 0.403 0.202 0.163 0.210 0.144 0.210 0.224 0.217 0.379 0.210 0.027 0.196 0.213 0.671 
 138   (0.299) 0.505 0.149 0.320 0.101 0.246 0.255 0.173 0.478 0.368 0.155 0.309 0.771 0.219 0.328 0.128 
 140   (0.067) 0.040 0.016 0.065 0.008 0.429 0.049 0.038 0.056 0.061 0.004 0.065 0.008 0.122 0.065 0.018 
 132   (0.021) 0.003 0.003 0.030 0.002 0.002 0.000 0.006 0.005 0.033 0.001 0.026 0.002 0.001 0.032 0.004 
 142   (0.028) 0.130 0.014 0.018 0.003 0.003 0.001 0.025 0.060 0.018 0.002 0.020 0.003 0.010 0.019 0.036 

Locus 3 : 3 
6 alleles
0.0% missing data
 181   (0.253) 0.417 0.402 0.254 0.095 0.075 0.231 0.189 0.149 0.246 0.067 0.260 0.180 0.073 0.247 0.354 
 187   (0.346) 0.155 0.167 0.366 0.545 0.685 0.515 0.350 0.328 0.332 0.259 0.361 0.774 0.345 0.352 0.119 
 179   (0.242) 0.196 0.397 0.240 0.344 0.224 0.229 0.289 0.314 0.269 0.015 0.235 0.028 0.052 0.253 0.339 
 191   (0.032) 0.009 0.006 0.031 0.003 0.004 0.022 0.011 0.007 0.031 0.198 0.030 0.004 0.009 0.032 0.009 
 185   (0.077) 0.090 0.019 0.071 0.008 0.007 0.002 0.057 0.088 0.083 0.457 0.071 0.008 0.285 0.076 0.130 
 175   (0.050) 0.133 0.009 0.038 0.004 0.005 0.001 0.104 0.115 0.039 0.003 0.042 0.006 0.237 0.040 0.049 

Locus 4 : 4 
12 alleles
0.2% missing data
 253   (0.488) 0.524 0.610 0.512 0.451 0.635 0.753 0.511 0.503 0.537 0.463 0.499 0.597 0.170 0.520 0.627 
 249   (0.028) 0.003 0.005 0.025 0.019 0.306 0.058 0.009 0.005 0.019 0.002 0.025 0.004 0.066 0.024 0.005 
 271   (0.042) 0.005 0.009 0.037 0.052 0.005 0.028 0.030 0.025 0.044 0.003 0.040 0.005 0.110 0.040 0.010 
 241   (0.157) 0.138 0.145 0.143 0.362 0.022 0.022 0.187 0.185 0.123 0.150 0.149 0.182 0.528 0.138 0.096 
 257   (0.006) 0.001 0.001 0.004 0.003 0.000 0.000 0.005 0.002 0.004 0.000 0.004 0.001 0.000 0.004 0.001 
 269   (0.173) 0.283 0.186 0.178 0.090 0.020 0.136 0.156 0.230 0.156 0.101 0.177 0.200 0.031 0.169 0.234 
 247   (0.066) 0.040 0.034 0.076 0.007 0.008 0.002 0.054 0.032 0.094 0.279 0.077 0.007 0.027 0.080 0.017 
 245   (0.009) 0.001 0.001 0.005 0.001 0.001 0.000 0.002 0.002 0.005 0.001 0.007 0.001 0.066 0.006 0.001 
 239   (0.011) 0.001 0.003 0.007 0.001 0.001 0.000 0.020 0.002 0.007 0.001 0.009 0.001 0.001 0.008 0.003 
 273   (0.008) 0.001 0.001 0.004 0.001 0.001 0.000 0.022 0.001 0.004 0.000 0.005 0.001 0.001 0.005 0.001 
 267   (0.006) 0.001 0.001 0.004 0.013 0.001 0.000 0.002 0.001 0.003 0.000 0.004 0.001 0.000 0.004 0.002 
 255   (0.006) 0.001 0.002 0.004 0.001 0.001 0.000 0.002 0.011 0.004 0.000 0.004 0.001 0.000 0.004 0.001 

Locus 5 : 5 
6 alleles
0.6% missing data
 103   (0.850) 0.970 0.928 0.821 0.964 0.985 0.993 0.856 0.918 0.811 0.979 0.833 0.983 0.738 0.826 0.951 
 104   (0.062) 0.018 0.027 0.085 0.028 0.007 0.005 0.055 0.043 0.109 0.004 0.075 0.007 0.071 0.085 0.028 
 101   (0.009) 0.001 0.002 0.006 0.001 0.001 0.000 0.003 0.003 0.005 0.013 0.007 0.001 0.001 0.006 0.005 
 105   (0.048) 0.007 0.036 0.057 0.005 0.005 0.001 0.071 0.024 0.052 0.003 0.053 0.005 0.164 0.055 0.011 
 102   (0.015) 0.002 0.005 0.019 0.001 0.001 0.000 0.006 0.009 0.013 0.001 0.018 0.002 0.001 0.016 0.003 
 107   (0.015) 0.002 0.003 0.012 0.001 0.001 0.000 0.010 0.003 0.010 0.001 0.014 0.001 0.025 0.012 0.002 

Locus 6 : 6 
5 alleles
0.2% missing data
 141   (0.272) 0.166 0.306 0.252 0.316 0.841 0.586 0.208 0.309 0.308 0.132 0.256 0.031 0.112 0.270 0.779 
 145   (0.398) 0.647 0.445 0.453 0.122 0.071 0.183 0.523 0.478 0.373 0.261 0.435 0.411 0.023 0.425 0.135 
 135   (0.237) 0.174 0.137 0.216 0.363 0.072 0.191 0.200 0.177 0.251 0.288 0.225 0.547 0.635 0.227 0.066 
 147   (0.082) 0.011 0.111 0.072 0.196 0.014 0.040 0.058 0.035 0.062 0.318 0.075 0.010 0.127 0.070 0.018 
 137   (0.012) 0.002 0.002 0.007 0.002 0.001 0.000 0.011 0.002 0.007 0.001 0.008 0.001 0.103 0.007 0.002 

Locus 7 : 7 
10 alleles
1.2% missing data
  93   (0.227) 0.273 0.212 0.189 0.401 0.620 0.331 0.272 0.326 0.204 0.066 0.202 0.795 0.113 0.194 0.307 
 103   (0.300) 0.356 0.533 0.333 0.276 0.079 0.403 0.294 0.374 0.332 0.513 0.320 0.041 0.017 0.334 0.125 
  91   (0.070) 0.039 0.041 0.071 0.007 0.007 0.034 0.059 0.017 0.056 0.156 0.070 0.010 0.060 0.068 0.059 
  97   (0.193) 0.191 0.157 0.209 0.173 0.026 0.164 0.121 0.049 0.191 0.252 0.201 0.127 0.263 0.203 0.242 
  85   (0.046) 0.052 0.014 0.045 0.009 0.005 0.046 0.049 0.012 0.042 0.003 0.048 0.006 0.003 0.043 0.010 
  89   (0.082) 0.055 0.029 0.065 0.127 0.255 0.020 0.069 0.195 0.057 0.005 0.071 0.011 0.301 0.063 0.241 
  83   (0.049) 0.030 0.009 0.060 0.004 0.005 0.001 0.126 0.021 0.091 0.003 0.060 0.006 0.003 0.067 0.010 
 105   (0.014) 0.002 0.002 0.013 0.001 0.001 0.000 0.004 0.003 0.015 0.001 0.014 0.002 0.089 0.013 0.003 
 101   (0.009) 0.001 0.001 0.008 0.001 0.001 0.000 0.003 0.002 0.006 0.001 0.008 0.001 0.125 0.007 0.002 
  99   (0.010) 0.001 0.001 0.007 0.001 0.001 0.000 0.003 0.002 0.006 0.001 0.007 0.001 0.025 0.007 0.002 

Locus 8 : 8 
8 alleles
0.0% missing data
 129   (0.551) 0.722 0.407 0.597 0.481 0.669 0.705 0.638 0.742 0.527 0.639 0.574 0.199 0.302 0.566 0.466 
 141   (0.054) 0.010 0.093 0.046 0.142 0.008 0.098 0.021 0.023 0.049 0.214 0.050 0.006 0.003 0.048 0.011 
 149   (0.079) 0.053 0.018 0.066 0.033 0.011 0.142 0.056 0.080 0.091 0.012 0.072 0.009 0.302 0.077 0.276 
 143   (0.263) 0.199 0.474 0.246 0.338 0.307 0.054 0.249 0.142 0.292 0.130 0.258 0.699 0.297 0.264 0.207 
 127   (0.018) 0.002 0.003 0.017 0.002 0.001 0.000 0.005 0.004 0.013 0.001 0.017 0.046 0.094 0.016 0.003 
 131   (0.012) 0.010 0.002 0.009 0.001 0.001 0.000 0.003 0.002 0.007 0.002 0.009 0.038 0.001 0.008 0.003 
 133   (0.017) 0.002 0.003 0.015 0.002 0.001 0.000 0.023 0.006 0.016 0.001 0.016 0.002 0.001 0.017 0.033 
 145   (0.006) 0.001 0.001 0.004 0.001 0.000 0.000 0.004 0.001 0.004 0.000 0.005 0.001 0.000 0.004 0.001 

Locus 9 : 9 
5 alleles
0.0% missing data
 191   (0.392) 0.331 0.477 0.392 0.595 0.845 0.562 0.351 0.172 0.421 0.544 0.388 0.339 0.339 0.397 0.585 
 195   (0.143) 0.378 0.246 0.120 0.038 0.031 0.189 0.132 0.064 0.156 0.052 0.125 0.354 0.331 0.134 0.034 
 189   (0.452) 0.290 0.275 0.481 0.366 0.122 0.247 0.503 0.761 0.417 0.404 0.478 0.305 0.330 0.462 0.379 
 197   (0.006) 0.001 0.001 0.003 0.001 0.001 0.000 0.011 0.001 0.003 0.000 0.004 0.001 0.000 0.004 0.001 
 193   (0.006) 0.001 0.001 0.004 0.001 0.001 0.002 0.002 0.001 0.004 0.000 0.004 0.001 0.000 0.004 0.002 

Locus 10 : 10 
7 alleles
0.4% missing data
 232   (0.249) 0.192 0.154 0.281 0.371 0.575 0.286 0.292 0.072 0.260 0.277 0.270 0.218 0.126 0.270 0.063 
 238   (0.559) 0.723 0.671 0.557 0.446 0.133 0.592 0.494 0.868 0.558 0.343 0.556 0.368 0.748 0.560 0.841 
 252   (0.106) 0.075 0.122 0.087 0.174 0.276 0.106 0.162 0.043 0.113 0.033 0.094 0.016 0.014 0.095 0.081 
 254   (0.048) 0.006 0.046 0.040 0.005 0.013 0.014 0.036 0.009 0.036 0.263 0.042 0.393 0.081 0.040 0.009 
 248   (0.018) 0.002 0.003 0.018 0.002 0.001 0.000 0.008 0.004 0.013 0.083 0.019 0.002 0.001 0.017 0.003 
 250   (0.014) 0.002 0.002 0.013 0.001 0.001 0.000 0.004 0.002 0.015 0.001 0.013 0.002 0.029 0.013 0.002 
 236   (0.006) 0.001 0.002 0.005 0.001 0.001 0.000 0.003 0.001 0.004 0.001 0.005 0.001 0.000 0.005 0.001 

Locus 11 : 11 
4 alleles
0.0% missing data
  87   (0.690) 0.867 0.644 0.700 0.563 0.345 0.645 0.690 0.784 0.708 0.534 0.700 0.964 0.496 0.707 0.866 
  89   (0.240) 0.105 0.343 0.248 0.360 0.630 0.301 0.216 0.196 0.232 0.384 0.243 0.028 0.153 0.238 0.086 
  91   (0.054) 0.027 0.010 0.040 0.076 0.023 0.053 0.078 0.017 0.049 0.081 0.044 0.006 0.182 0.043 0.014 
  85   (0.016) 0.002 0.003 0.012 0.001 0.002 0.000 0.016 0.003 0.011 0.001 0.012 0.002 0.169 0.012 0.034 

Locus 12 : 12 
13 alleles
0.4% missing data
 160   (0.215) 0.292 0.061 0.232 0.190 0.037 0.110 0.215 0.256 0.187 0.719 0.220 0.596 0.425 0.211 0.193 
 162   (0.248) 0.222 0.481 0.240 0.095 0.758 0.210 0.248 0.318 0.284 0.231 0.240 0.065 0.015 0.260 0.385 
 147   (0.049) 0.018 0.088 0.042 0.355 0.094 0.117 0.018 0.072 0.035 0.003 0.043 0.005 0.003 0.040 0.014 
 158   (0.231) 0.233 0.189 0.251 0.321 0.080 0.532 0.282 0.101 0.224 0.022 0.249 0.028 0.097 0.244 0.102 
 161   (0.107) 0.113 0.151 0.089 0.024 0.015 0.022 0.114 0.128 0.113 0.016 0.096 0.117 0.273 0.095 0.033 
 170   (0.050) 0.018 0.009 0.055 0.005 0.006 0.007 0.058 0.058 0.068 0.003 0.056 0.006 0.027 0.059 0.012 
 143   (0.032) 0.004 0.005 0.030 0.003 0.003 0.001 0.038 0.006 0.042 0.002 0.031 0.175 0.156 0.033 0.009 
 154   (0.016) 0.002 0.006 0.024 0.002 0.002 0.000 0.006 0.004 0.014 0.001 0.023 0.002 0.001 0.020 0.005 
 149   (0.019) 0.083 0.004 0.014 0.002 0.002 0.000 0.005 0.004 0.014 0.001 0.016 0.002 0.001 0.015 0.242 
 153   (0.012) 0.001 0.003 0.011 0.001 0.001 0.000 0.009 0.002 0.009 0.001 0.012 0.001 0.001 0.011 0.002 
 150   (0.006) 0.011 0.001 0.003 0.001 0.001 0.000 0.002 0.001 0.003 0.000 0.004 0.001 0.000 0.003 0.001 
 159   (0.007) 0.002 0.001 0.004 0.001 0.001 0.000 0.003 0.048 0.004 0.000 0.004 0.001 0.000 0.004 0.001 
 164   (0.007) 0.001 0.001 0.005 0.001 0.001 0.000 0.002 0.001 0.004 0.000 0.005 0.001 0.000 0.005 0.001 

Locus 13 : 13 
5 alleles
0.0% missing data
 108   (0.202) 0.096 0.147 0.207 0.152 0.408 0.163 0.280 0.144 0.163 0.200 0.210 0.336 0.297 0.198 0.051 
 115   (0.448) 0.543 0.500 0.439 0.313 0.528 0.580 0.468 0.482 0.458 0.285 0.444 0.090 0.378 0.444 0.703 
 113   (0.337) 0.359 0.351 0.344 0.534 0.063 0.257 0.249 0.371 0.367 0.514 0.336 0.572 0.325 0.348 0.244 
 109   (0.006) 0.001 0.001 0.005 0.001 0.001 0.000 0.002 0.001 0.005 0.000 0.006 0.001 0.000 0.005 0.001 
 110   (0.006) 0.001 0.001 0.004 0.001 0.000 0.000 0.002 0.001 0.007 0.000 0.005 0.001 0.000 0.005 0.001 

Locus 14 : 14 
5 alleles
1.2% missing data
 227   (0.137) 0.328 0.037 0.138 0.327 0.063 0.259 0.075 0.302 0.147 0.017 0.137 0.255 0.008 0.139 0.063 
 231   (0.158) 0.025 0.454 0.165 0.104 0.026 0.094 0.148 0.043 0.139 0.352 0.160 0.272 0.355 0.160 0.040 
 229   (0.506) 0.536 0.288 0.511 0.446 0.860 0.463 0.678 0.440 0.507 0.416 0.515 0.094 0.469 0.507 0.849 
 225   (0.136) 0.062 0.148 0.137 0.024 0.019 0.088 0.073 0.197 0.136 0.211 0.136 0.227 0.059 0.134 0.033 
 233   (0.063) 0.049 0.073 0.049 0.099 0.033 0.096 0.026 0.018 0.072 0.004 0.052 0.152 0.108 0.059 0.015 

Locus 15 : 15 
5 alleles
0.4% missing data
 143   (0.840) 0.843 0.873 0.837 0.976 0.983 0.969 0.882 0.942 0.854 0.817 0.836 0.718 0.622 0.840 0.932 
 157   (0.007) 0.001 0.001 0.003 0.001 0.001 0.018 0.002 0.001 0.003 0.000 0.004 0.001 0.000 0.004 0.001 
 145   (0.089) 0.071 0.115 0.094 0.017 0.010 0.011 0.051 0.038 0.089 0.006 0.093 0.274 0.183 0.092 0.053 
 147   (0.049) 0.084 0.009 0.055 0.005 0.005 0.001 0.026 0.016 0.046 0.145 0.055 0.006 0.194 0.053 0.011 
 133   (0.014) 0.002 0.002 0.011 0.001 0.002 0.000 0.040 0.003 0.008 0.032 0.011 0.001 0.001 0.010 0.003 

Locus 16 : 16 
5 alleles
0.2% missing data
 156   (0.225) 0.259 0.324 0.194 0.084 0.199 0.304 0.387 0.170 0.215 0.500 0.204 0.514 0.162 0.206 0.052 
 158   (0.538) 0.631 0.471 0.569 0.731 0.325 0.499 0.461 0.599 0.587 0.199 0.560 0.252 0.315 0.565 0.627 
 160   (0.141) 0.084 0.147 0.138 0.175 0.464 0.152 0.100 0.181 0.111 0.113 0.136 0.016 0.119 0.133 0.295 
 154   (0.086) 0.018 0.056 0.095 0.010 0.011 0.045 0.049 0.031 0.082 0.188 0.095 0.216 0.404 0.091 0.024 
 152   (0.009) 0.009 0.001 0.005 0.001 0.001 0.000 0.003 0.020 0.004 0.001 0.005 0.001 0.001 0.005 0.002 

Locus 17 : 17 
5 alleles
0.0% missing data
 102   (0.199) 0.127 0.181 0.184 0.167 0.093 0.249 0.099 0.422 0.210 0.199 0.191 0.024 0.039 0.194 0.324 
  90   (0.682) 0.851 0.796 0.674 0.805 0.615 0.722 0.817 0.541 0.654 0.793 0.675 0.578 0.324 0.664 0.395 
  88   (0.070) 0.009 0.013 0.076 0.023 0.287 0.029 0.033 0.021 0.087 0.005 0.076 0.008 0.466 0.082 0.271 
 100   (0.043) 0.006 0.009 0.062 0.004 0.004 0.001 0.049 0.012 0.045 0.003 0.054 0.389 0.171 0.057 0.008 
 104   (0.007) 0.007 0.001 0.004 0.001 0.001 0.000 0.002 0.004 0.003 0.000 0.004 0.001 0.000 0.004 0.001 

Locus 18 : 18 
7 alleles
0.0% missing data
 142   (0.123) 0.067 0.024 0.118 0.387 0.792 0.418 0.172 0.059 0.156 0.008 0.123 0.015 0.018 0.130 0.082 
 146   (0.074) 0.014 0.083 0.058 0.024 0.034 0.191 0.062 0.234 0.096 0.226 0.063 0.008 0.004 0.071 0.101 
 140   (0.293) 0.279 0.502 0.322 0.416 0.045 0.088 0.235 0.208 0.259 0.177 0.306 0.276 0.298 0.299 0.512 
 127   (0.303) 0.334 0.231 0.326 0.099 0.079 0.228 0.401 0.298 0.292 0.060 0.318 0.547 0.385 0.311 0.194 
 148   (0.099) 0.067 0.115 0.088 0.047 0.034 0.055 0.038 0.135 0.083 0.218 0.094 0.011 0.067 0.089 0.026 
 150   (0.053) 0.193 0.012 0.041 0.005 0.006 0.001 0.052 0.027 0.071 0.308 0.043 0.005 0.224 0.052 0.068 
 138   (0.055) 0.045 0.033 0.048 0.021 0.011 0.018 0.038 0.038 0.042 0.004 0.052 0.138 0.003 0.047 0.016 

Locus 19 : 19 
8 alleles
0.2% missing data
 188   (0.181) 0.195 0.067 0.198 0.177 0.559 0.096 0.191 0.087 0.192 0.170 0.200 0.019 0.011 0.198 0.044 
 190   (0.122) 0.236 0.244 0.090 0.324 0.014 0.417 0.102 0.072 0.087 0.201 0.097 0.013 0.041 0.092 0.391 
 194   (0.578) 0.535 0.598 0.596 0.487 0.417 0.484 0.631 0.569 0.604 0.479 0.587 0.956 0.555 0.597 0.190 
 202   (0.017) 0.002 0.003 0.012 0.001 0.001 0.000 0.006 0.003 0.014 0.145 0.013 0.002 0.042 0.012 0.003 
 200   (0.083) 0.031 0.081 0.093 0.008 0.007 0.002 0.058 0.265 0.093 0.005 0.089 0.008 0.313 0.089 0.368 
 192   (0.006) 0.001 0.004 0.005 0.001 0.000 0.000 0.002 0.001 0.004 0.000 0.005 0.001 0.000 0.005 0.001 
 196   (0.006) 0.001 0.001 0.004 0.001 0.000 0.000 0.008 0.001 0.003 0.000 0.004 0.001 0.000 0.004 0.001 
 198   (0.007) 0.001 0.001 0.003 0.001 0.000 0.000 0.002 0.001 0.003 0.000 0.004 0.001 0.038 0.003 0.001 

Locus 20 : 20 
6 alleles
0.8% missing data
 252   (0.695) 0.749 0.743 0.720 0.710 0.812 0.848 0.828 0.834 0.729 0.729 0.722 0.385 0.075 0.724 0.554 
 250   (0.085) 0.093 0.070 0.078 0.050 0.010 0.100 0.030 0.030 0.065 0.140 0.077 0.348 0.428 0.074 0.130 
 244   (0.022) 0.006 0.008 0.015 0.002 0.154 0.007 0.009 0.007 0.015 0.002 0.017 0.005 0.047 0.015 0.006 
 254   (0.080) 0.090 0.055 0.060 0.010 0.010 0.031 0.064 0.096 0.085 0.081 0.066 0.100 0.242 0.069 0.018 
 246   (0.095) 0.058 0.120 0.087 0.224 0.010 0.004 0.058 0.025 0.075 0.047 0.087 0.160 0.207 0.085 0.286 
 248   (0.022) 0.003 0.004 0.041 0.003 0.003 0.009 0.010 0.008 0.031 0.001 0.031 0.002 0.001 0.033 0.004 

Locus 21 : 21 
7 alleles
0.2% missing data
 173   (0.288) 0.593 0.315 0.248 0.148 0.152 0.374 0.350 0.460 0.292 0.212 0.265 0.121 0.209 0.268 0.072 
 177   (0.268) 0.222 0.082 0.305 0.635 0.178 0.276 0.215 0.252 0.297 0.168 0.293 0.272 0.042 0.297 0.502 
 175   (0.140) 0.075 0.319 0.125 0.024 0.017 0.026 0.127 0.085 0.122 0.257 0.132 0.484 0.502 0.126 0.040 
 167   (0.195) 0.091 0.142 0.194 0.177 0.642 0.318 0.259 0.171 0.184 0.123 0.187 0.111 0.069 0.190 0.096 
 163   (0.039) 0.010 0.015 0.037 0.004 0.004 0.002 0.023 0.011 0.034 0.226 0.039 0.004 0.107 0.037 0.008 
 165   (0.049) 0.006 0.123 0.055 0.009 0.005 0.003 0.021 0.013 0.050 0.013 0.052 0.006 0.070 0.052 0.277 
 159   (0.019) 0.002 0.003 0.034 0.002 0.002 0.000 0.006 0.009 0.021 0.001 0.034 0.002 0.001 0.031 0.004 

Locus 22 : 22 
11 alleles
0.6% missing data
 146   (0.233) 0.252 0.167 0.223 0.216 0.836 0.229 0.209 0.341 0.281 0.138 0.230 0.072 0.014 0.244 0.294 
 154   (0.007) 0.001 0.001 0.004 0.002 0.001 0.069 0.002 0.001 0.003 0.000 0.004 0.001 0.000 0.004 0.001 
 166   (0.090) 0.023 0.078 0.115 0.263 0.010 0.029 0.045 0.033 0.109 0.006 0.108 0.113 0.005 0.108 0.023 
 152   (0.419) 0.654 0.510 0.416 0.449 0.125 0.639 0.552 0.540 0.367 0.369 0.413 0.504 0.101 0.398 0.593 
 150   (0.030) 0.005 0.005 0.029 0.008 0.004 0.006 0.010 0.014 0.042 0.002 0.027 0.111 0.102 0.033 0.007 
 164   (0.035) 0.006 0.056 0.027 0.043 0.004 0.011 0.029 0.010 0.023 0.002 0.029 0.005 0.067 0.027 0.008 
 156   (0.019) 0.018 0.004 0.012 0.002 0.002 0.000 0.005 0.004 0.010 0.300 0.014 0.002 0.113 0.012 0.004 
 162   (0.053) 0.011 0.045 0.058 0.005 0.005 0.001 0.039 0.030 0.047 0.072 0.059 0.007 0.138 0.057 0.020 
 158   (0.089) 0.017 0.131 0.098 0.009 0.012 0.015 0.101 0.022 0.088 0.109 0.097 0.011 0.431 0.096 0.046 
 148   (0.009) 0.001 0.001 0.005 0.001 0.001 0.000 0.003 0.001 0.005 0.001 0.006 0.173 0.000 0.005 0.001 
 142   (0.016) 0.011 0.003 0.013 0.001 0.001 0.000 0.005 0.003 0.023 0.001 0.014 0.002 0.027 0.015 0.003 

Locus 23 : 23 
7 alleles
0.8% missing data
 152   (0.013) 0.002 0.002 0.008 0.089 0.001 0.062 0.003 0.003 0.007 0.001 0.008 0.001 0.001 0.008 0.002 
 156   (0.122) 0.047 0.125 0.126 0.091 0.012 0.034 0.253 0.042 0.119 0.030 0.124 0.015 0.431 0.123 0.029 
 144   (0.177) 0.303 0.193 0.168 0.153 0.025 0.185 0.108 0.181 0.153 0.640 0.166 0.603 0.245 0.161 0.053 
 160   (0.105) 0.115 0.138 0.100 0.299 0.012 0.181 0.049 0.130 0.082 0.104 0.099 0.013 0.012 0.091 0.310 
 154   (0.547) 0.529 0.531 0.560 0.364 0.923 0.535 0.573 0.634 0.605 0.222 0.563 0.364 0.172 0.580 0.598 
 158   (0.028) 0.004 0.010 0.031 0.003 0.025 0.003 0.009 0.008 0.028 0.002 0.031 0.003 0.138 0.030 0.006 
 146   (0.008) 0.001 0.001 0.007 0.001 0.001 0.000 0.004 0.001 0.005 0.000 0.008 0.001 0.000 0.006 0.001 

Locus 24 : 24 
4 alleles
0.4% missing data
  77   (0.079) 0.058 0.085 0.064 0.024 0.029 0.326 0.108 0.151 0.053 0.049 0.069 0.009 0.005 0.061 0.032 
  83   (0.464) 0.482 0.602 0.462 0.581 0.228 0.485 0.394 0.352 0.435 0.920 0.454 0.689 0.589 0.451 0.748 
  81   (0.372) 0.338 0.271 0.397 0.359 0.732 0.168 0.351 0.430 0.429 0.025 0.393 0.293 0.378 0.409 0.199 
  85   (0.085) 0.122 0.042 0.078 0.037 0.011 0.021 0.147 0.066 0.082 0.006 0.083 0.010 0.029 0.079 0.021 

Locus 25 : 25 
6 alleles
0.4% missing data
 132   (0.314) 0.346 0.452 0.335 0.127 0.910 0.530 0.229 0.261 0.346 0.455 0.326 0.180 0.021 0.339 0.221 
 124   (0.534) 0.523 0.422 0.525 0.833 0.067 0.396 0.709 0.580 0.502 0.536 0.528 0.417 0.470 0.523 0.741 
 126   (0.025) 0.003 0.005 0.019 0.026 0.003 0.058 0.009 0.005 0.015 0.001 0.022 0.003 0.011 0.019 0.005 
 122   (0.094) 0.123 0.101 0.094 0.011 0.017 0.015 0.041 0.145 0.113 0.006 0.095 0.108 0.474 0.093 0.027 
 120   (0.019) 0.002 0.004 0.015 0.002 0.002 0.000 0.008 0.004 0.012 0.001 0.017 0.291 0.022 0.015 0.003 
 136   (0.015) 0.002 0.015 0.012 0.002 0.001 0.001 0.004 0.004 0.010 0.001 0.013 0.002 0.002 0.012 0.003 

Locus 26 : 26 
7 alleles
0.2% missing data
 165   (0.248) 0.294 0.337 0.247 0.156 0.688 0.118 0.226 0.217 0.234 0.054 0.245 0.323 0.115 0.239 0.207 
 183   (0.354) 0.335 0.463 0.369 0.457 0.202 0.581 0.333 0.265 0.320 0.425 0.358 0.295 0.211 0.354 0.628 
 179   (0.087) 0.023 0.018 0.076 0.099 0.016 0.056 0.069 0.167 0.075 0.005 0.083 0.343 0.281 0.077 0.047 
 175   (0.242) 0.341 0.153 0.238 0.282 0.087 0.243 0.212 0.328 0.320 0.451 0.245 0.031 0.015 0.264 0.106 
 181   (0.052) 0.006 0.026 0.059 0.005 0.005 0.001 0.154 0.021 0.041 0.064 0.057 0.007 0.263 0.055 0.010 
 185   (0.010) 0.001 0.002 0.006 0.001 0.001 0.000 0.004 0.002 0.005 0.001 0.007 0.001 0.114 0.006 0.002 
 157   (0.006) 0.001 0.001 0.005 0.001 0.001 0.000 0.002 0.001 0.004 0.000 0.005 0.001 0.000 0.005 0.001 

Locus 27 : 27 
4 alleles
0.2% missing data
 142   (0.642) 0.804 0.681 0.665 0.605 0.337 0.706 0.594 0.671 0.666 0.743 0.659 0.307 0.522 0.662 0.724 
 148   (0.204) 0.103 0.249 0.199 0.183 0.368 0.076 0.228 0.112 0.201 0.065 0.203 0.675 0.266 0.203 0.052 
 138   (0.046) 0.021 0.017 0.034 0.200 0.285 0.208 0.021 0.014 0.032 0.003 0.036 0.006 0.048 0.033 0.023 
 150   (0.109) 0.073 0.053 0.101 0.012 0.011 0.011 0.158 0.203 0.101 0.189 0.101 0.012 0.163 0.102 0.202 

Locus 28 : 28 
6 alleles
0.8% missing data
 260   (0.384) 0.509 0.297 0.421 0.507 0.281 0.343 0.221 0.523 0.422 0.378 0.403 0.134 0.219 0.416 0.494 
 262   (0.509) 0.382 0.662 0.470 0.482 0.706 0.651 0.688 0.396 0.493 0.548 0.488 0.853 0.693 0.481 0.478 
 256   (0.076) 0.065 0.036 0.082 0.008 0.010 0.006 0.065 0.070 0.063 0.072 0.080 0.011 0.086 0.078 0.022 
 258   (0.010) 0.001 0.002 0.012 0.001 0.001 0.000 0.003 0.002 0.010 0.001 0.013 0.001 0.001 0.011 0.002 
 266   (0.006) 0.009 0.001 0.003 0.001 0.001 0.000 0.002 0.002 0.003 0.000 0.004 0.001 0.000 0.004 0.001 
 264   (0.015) 0.034 0.002 0.011 0.001 0.001 0.000 0.022 0.007 0.009 0.001 0.012 0.001 0.001 0.011 0.003 

Locus 29 : 29 
7 alleles
0.2% missing data
 146   (0.282) 0.263 0.347 0.315 0.309 0.084 0.171 0.258 0.213 0.273 0.334 0.302 0.035 0.325 0.296 0.463 
 150   (0.435) 0.516 0.407 0.425 0.424 0.159 0.705 0.583 0.551 0.481 0.290 0.430 0.141 0.239 0.442 0.179 
 140   (0.174) 0.147 0.168 0.168 0.032 0.692 0.080 0.117 0.206 0.160 0.056 0.172 0.812 0.389 0.168 0.121 
 148   (0.063) 0.032 0.052 0.050 0.221 0.059 0.037 0.023 0.016 0.047 0.317 0.054 0.007 0.035 0.050 0.152 
 152   (0.029) 0.040 0.005 0.032 0.003 0.005 0.001 0.013 0.009 0.030 0.002 0.031 0.003 0.010 0.034 0.066 
 151   (0.009) 0.001 0.002 0.005 0.010 0.002 0.005 0.003 0.004 0.005 0.001 0.006 0.001 0.001 0.006 0.006 
 142   (0.008) 0.001 0.019 0.004 0.001 0.001 0.001 0.003 0.002 0.004 0.000 0.005 0.001 0.000 0.004 0.013 

Locus 30 : 30 
6 alleles
0.2% missing data
 125   (0.285) 0.071 0.306 0.331 0.298 0.618 0.474 0.347 0.106 0.289 0.029 0.321 0.137 0.140 0.308 0.095 
 129   (0.427) 0.631 0.421 0.402 0.640 0.317 0.475 0.392 0.577 0.411 0.787 0.408 0.211 0.080 0.414 0.461 
 123   (0.154) 0.264 0.110 0.143 0.050 0.050 0.048 0.184 0.193 0.163 0.102 0.144 0.018 0.111 0.149 0.110 
 127   (0.086) 0.022 0.153 0.082 0.008 0.011 0.002 0.048 0.061 0.066 0.079 0.082 0.589 0.529 0.080 0.324 
 121   (0.012) 0.002 0.003 0.009 0.001 0.001 0.000 0.005 0.003 0.011 0.001 0.010 0.040 0.001 0.010 0.002 
 131   (0.036) 0.010 0.007 0.033 0.003 0.003 0.001 0.025 0.059 0.060 0.002 0.035 0.004 0.139 0.040 0.007 

Locus 31 : 31 
6 alleles
0.2% missing data
 159   (0.171) 0.271 0.299 0.148 0.114 0.058 0.139 0.276 0.293 0.165 0.011 0.159 0.020 0.200 0.157 0.047 
 155   (0.547) 0.469 0.422 0.592 0.846 0.591 0.687 0.471 0.315 0.587 0.708 0.576 0.522 0.422 0.585 0.499 
 157   (0.180) 0.147 0.252 0.166 0.030 0.304 0.092 0.203 0.327 0.166 0.020 0.171 0.115 0.061 0.168 0.433 
 153   (0.064) 0.107 0.013 0.064 0.006 0.042 0.079 0.025 0.057 0.057 0.004 0.062 0.098 0.307 0.061 0.013 
 151   (0.031) 0.004 0.013 0.025 0.003 0.004 0.002 0.022 0.007 0.021 0.256 0.027 0.244 0.009 0.025 0.007 
 163   (0.007) 0.002 0.001 0.004 0.001 0.001 0.001 0.002 0.001 0.004 0.001 0.005 0.001 0.000 0.004 0.001 

Locus 32 : 32 
5 alleles
0.0% missing data
 146   (0.320) 0.372 0.265 0.355 0.051 0.064 0.068 0.363 0.290 0.331 0.312 0.340 0.583 0.650 0.341 0.228 
 150   (0.570) 0.569 0.510 0.550 0.870 0.925 0.856 0.595 0.660 0.571 0.639 0.560 0.405 0.252 0.560 0.406 
 148   (0.060) 0.010 0.117 0.052 0.073 0.006 0.075 0.018 0.032 0.040 0.045 0.054 0.007 0.033 0.050 0.354 
 154   (0.037) 0.006 0.106 0.035 0.005 0.004 0.001 0.019 0.012 0.042 0.002 0.037 0.004 0.064 0.037 0.009 
 152   (0.013) 0.043 0.002 0.009 0.001 0.001 0.000 0.005 0.007 0.016 0.001 0.010 0.001 0.001 0.012 0.004 

Locus 33 : 33 
7 alleles
0.0% missing data
 180   (0.467) 0.307 0.526 0.483 0.369 0.425 0.607 0.414 0.406 0.482 0.671 0.477 0.700 0.357 0.481 0.515 
 196   (0.111) 0.162 0.049 0.110 0.203 0.112 0.188 0.103 0.132 0.115 0.007 0.111 0.013 0.026 0.106 0.024 
 184   (0.195) 0.406 0.278 0.190 0.125 0.435 0.148 0.205 0.076 0.159 0.071 0.191 0.263 0.186 0.184 0.092 
 194   (0.010) 0.001 0.002 0.005 0.033 0.001 0.039 0.003 0.002 0.005 0.001 0.006 0.001 0.001 0.006 0.002 
 192   (0.134) 0.111 0.101 0.133 0.013 0.016 0.005 0.199 0.269 0.137 0.183 0.137 0.015 0.165 0.140 0.347 
 198   (0.066) 0.009 0.020 0.069 0.256 0.009 0.013 0.057 0.023 0.092 0.067 0.067 0.007 0.265 0.074 0.016 
 190   (0.016) 0.004 0.023 0.010 0.002 0.002 0.000 0.019 0.092 0.010 0.001 0.012 0.002 0.001 0.010 0.003 

Locus 34 : 34 
6 alleles
0.0% missing data
 110   (0.191) 0.065 0.220 0.194 0.168 0.270 0.367 0.115 0.203 0.170 0.073 0.194 0.213 0.110 0.188 0.164 
 112   (0.348) 0.404 0.293 0.374 0.730 0.066 0.514 0.336 0.317 0.376 0.057 0.367 0.040 0.049 0.376 0.422 
 106   (0.276) 0.439 0.411 0.235 0.080 0.585 0.093 0.395 0.359 0.288 0.709 0.246 0.224 0.248 0.251 0.158 
  90   (0.039) 0.005 0.008 0.029 0.006 0.062 0.019 0.037 0.022 0.033 0.002 0.032 0.404 0.002 0.032 0.221 
 108   (0.136) 0.086 0.066 0.161 0.015 0.016 0.007 0.113 0.098 0.126 0.113 0.153 0.118 0.590 0.147 0.031 
  96   (0.010) 0.001 0.002 0.006 0.001 0.001 0.000 0.004 0.002 0.006 0.046 0.007 0.001 0.001 0.007 0.003 

Locus 35 : 35 
9 alleles
0.0% missing data
 166   (0.057) 0.122 0.055 0.043 0.179 0.009 0.285 0.019 0.032 0.062 0.004 0.046 0.007 0.003 0.048 0.118 
 176   (0.099) 0.012 0.219 0.094 0.369 0.021 0.129 0.131 0.026 0.082 0.016 0.093 0.012 0.098 0.090 0.033 
 172   (0.320) 0.444 0.135 0.344 0.215 0.452 0.454 0.207 0.405 0.365 0.587 0.331 0.040 0.166 0.351 0.256 
 170   (0.272) 0.237 0.518 0.259 0.155 0.482 0.124 0.257 0.220 0.225 0.323 0.263 0.613 0.348 0.251 0.202 
 174   (0.134) 0.100 0.048 0.132 0.016 0.013 0.005 0.306 0.245 0.141 0.063 0.141 0.015 0.042 0.129 0.364 
 178   (0.038) 0.024 0.007 0.044 0.059 0.016 0.002 0.025 0.014 0.039 0.002 0.043 0.005 0.002 0.046 0.010 
 168   (0.053) 0.017 0.013 0.058 0.005 0.005 0.001 0.048 0.017 0.067 0.003 0.057 0.305 0.320 0.061 0.012 
 186   (0.020) 0.042 0.003 0.020 0.002 0.002 0.000 0.005 0.040 0.015 0.001 0.020 0.002 0.020 0.018 0.004 
 158   (0.007) 0.001 0.001 0.005 0.001 0.000 0.000 0.002 0.001 0.004 0.000 0.006 0.001 0.000 0.005 0.001 

Locus 36 : 36 
6 alleles
0.0% missing data
  89   (0.570) 0.655 0.499 0.597 0.719 0.225 0.662 0.547 0.724 0.598 0.509 0.585 0.374 0.603 0.594 0.645 
  95   (0.062) 0.092 0.084 0.052 0.022 0.040 0.081 0.023 0.052 0.051 0.005 0.056 0.007 0.027 0.052 0.016 
  85   (0.160) 0.172 0.147 0.136 0.218 0.267 0.224 0.211 0.062 0.159 0.234 0.145 0.492 0.014 0.145 0.279 
  81   (0.062) 0.018 0.177 0.065 0.006 0.008 0.006 0.139 0.030 0.056 0.004 0.065 0.008 0.004 0.065 0.016 
  83   (0.128) 0.056 0.090 0.137 0.034 0.458 0.027 0.074 0.128 0.122 0.247 0.134 0.014 0.326 0.129 0.040 
  91   (0.019) 0.007 0.003 0.014 0.002 0.002 0.000 0.005 0.004 0.015 0.001 0.015 0.105 0.026 0.015 0.004 

Locus 37 : 37 
10 alleles
0.0% missing data
 161   (0.351) 0.216 0.397 0.336 0.526 0.094 0.572 0.521 0.293 0.314 0.375 0.340 0.432 0.708 0.331 0.429 
 165   (0.233) 0.294 0.186 0.261 0.276 0.059 0.167 0.147 0.185 0.253 0.101 0.252 0.132 0.113 0.255 0.094 
 159   (0.012) 0.002 0.002 0.009 0.008 0.001 0.035 0.003 0.002 0.020 0.001 0.009 0.001 0.001 0.013 0.002 
 173   (0.252) 0.275 0.386 0.239 0.083 0.167 0.128 0.201 0.373 0.262 0.514 0.249 0.223 0.170 0.246 0.410 
 169   (0.097) 0.149 0.020 0.100 0.101 0.675 0.088 0.105 0.122 0.101 0.006 0.094 0.205 0.006 0.100 0.053 
 167   (0.017) 0.002 0.003 0.015 0.002 0.002 0.009 0.008 0.017 0.023 0.002 0.015 0.002 0.001 0.018 0.004 
 168   (0.011) 0.001 0.002 0.012 0.001 0.001 0.000 0.003 0.002 0.009 0.001 0.013 0.001 0.001 0.011 0.002 
 155   (0.013) 0.002 0.002 0.021 0.001 0.001 0.000 0.006 0.003 0.012 0.001 0.018 0.001 0.001 0.018 0.002 
 177   (0.006) 0.001 0.001 0.004 0.001 0.000 0.000 0.003 0.002 0.004 0.000 0.005 0.001 0.000 0.004 0.002 
 175   (0.007) 0.059 0.001 0.003 0.001 0.000 0.000 0.002 0.001 0.003 0.000 0.004 0.001 0.000 0.003 0.001 

Locus 38 : 38 
6 alleles
0.6% missing data
  87   (0.094) 0.023 0.111 0.070 0.137 0.012 0.169 0.060 0.135 0.066 0.129 0.077 0.553 0.437 0.070 0.021 
  89   (0.440) 0.590 0.218 0.474 0.671 0.751 0.588 0.531 0.465 0.488 0.092 0.466 0.051 0.227 0.468 0.403 
  91   (0.165) 0.051 0.207 0.170 0.026 0.196 0.131 0.168 0.153 0.180 0.185 0.166 0.209 0.100 0.173 0.091 
  81   (0.116) 0.061 0.216 0.114 0.084 0.011 0.080 0.064 0.053 0.120 0.116 0.118 0.013 0.007 0.121 0.431 
  85   (0.178) 0.273 0.246 0.167 0.081 0.028 0.029 0.175 0.192 0.143 0.477 0.169 0.173 0.228 0.165 0.052 
  83   (0.007) 0.001 0.001 0.004 0.001 0.001 0.003 0.002 0.001 0.003 0.000 0.004 0.001 0.000 0.004 0.002 

Locus 39 : 39 
4 alleles
0.6% missing data
 167   (0.783) 0.779 0.948 0.773 0.927 0.929 0.911 0.871 0.851 0.794 0.859 0.773 0.687 0.394 0.780 0.794 
 161   (0.179) 0.160 0.045 0.195 0.069 0.062 0.088 0.112 0.116 0.163 0.138 0.194 0.309 0.456 0.184 0.192 
 165   (0.031) 0.060 0.006 0.025 0.003 0.009 0.001 0.015 0.031 0.039 0.002 0.027 0.003 0.149 0.031 0.013 
 177   (0.007) 0.001 0.001 0.006 0.001 0.001 0.000 0.002 0.002 0.004 0.001 0.006 0.001 0.000 0.005 0.001 

Locus 40 : 40 
6 alleles
0.4% missing data
 228   (0.418) 0.530 0.442 0.393 0.661 0.730 0.523 0.391 0.452 0.411 0.233 0.400 0.550 0.119 0.403 0.643 
 238   (0.334) 0.300 0.267 0.359 0.264 0.067 0.323 0.431 0.318 0.362 0.116 0.356 0.081 0.069 0.361 0.086 
 224   (0.024) 0.003 0.014 0.015 0.046 0.003 0.090 0.007 0.005 0.013 0.002 0.016 0.003 0.011 0.014 0.218 
 236   (0.106) 0.037 0.113 0.099 0.017 0.189 0.061 0.054 0.087 0.092 0.388 0.099 0.353 0.285 0.096 0.026 
 232   (0.012) 0.001 0.002 0.009 0.003 0.001 0.000 0.038 0.003 0.007 0.001 0.009 0.001 0.001 0.009 0.002 
 240   (0.106) 0.129 0.162 0.125 0.010 0.011 0.002 0.079 0.135 0.114 0.261 0.119 0.012 0.515 0.117 0.025 

Locus 41 : 41 
7 alleles
0.0% missing data
 128   (0.117) 0.203 0.073 0.105 0.063 0.237 0.138 0.143 0.142 0.126 0.032 0.108 0.013 0.007 0.111 0.251 
 130   (0.530) 0.422 0.516 0.555 0.591 0.692 0.612 0.551 0.515 0.541 0.780 0.544 0.060 0.738 0.548 0.500 
 114   (0.052) 0.006 0.077 0.045 0.038 0.030 0.109 0.031 0.015 0.041 0.003 0.048 0.500 0.003 0.046 0.010 
 132   (0.123) 0.247 0.154 0.119 0.289 0.019 0.133 0.146 0.155 0.113 0.049 0.120 0.014 0.007 0.119 0.027 
 118   (0.061) 0.070 0.011 0.050 0.006 0.009 0.002 0.050 0.105 0.065 0.129 0.054 0.205 0.071 0.055 0.031 
 134   (0.111) 0.051 0.168 0.121 0.012 0.013 0.007 0.077 0.068 0.110 0.007 0.122 0.207 0.173 0.117 0.181 
 136   (0.006) 0.001 0.001 0.005 0.001 0.001 0.000 0.002 0.001 0.004 0.000 0.005 0.001 0.000 0.005 0.001 

Locus 42 : 42 
6 alleles
1.2% missing data
 102   (0.265) 0.349 0.414 0.274 0.430 0.075 0.416 0.166 0.370 0.255 0.475 0.263 0.571 0.015 0.264 0.213 
 104   (0.406) 0.452 0.322 0.434 0.150 0.105 0.198 0.409 0.514 0.467 0.413 0.434 0.050 0.231 0.445 0.694 
  92   (0.111) 0.067 0.086 0.096 0.283 0.013 0.105 0.227 0.051 0.099 0.007 0.101 0.052 0.316 0.097 0.034 
  96   (0.075) 0.021 0.055 0.068 0.066 0.705 0.061 0.083 0.019 0.062 0.005 0.069 0.096 0.176 0.066 0.019 
  98   (0.136) 0.110 0.121 0.124 0.070 0.101 0.220 0.113 0.045 0.113 0.099 0.127 0.230 0.261 0.123 0.039 
 106   (0.006) 0.001 0.002 0.005 0.001 0.001 0.001 0.002 0.002 0.004 0.000 0.005 0.001 0.000 0.004 0.002 

Locus 43 : 43 
6 alleles
1.4% missing data
 101   (0.301) 0.298 0.468 0.278 0.215 0.085 0.470 0.413 0.282 0.311 0.182 0.287 0.035 0.368 0.284 0.212 
 103   (0.315) 0.434 0.279 0.338 0.374 0.459 0.178 0.182 0.430 0.330 0.351 0.331 0.228 0.109 0.339 0.131 
  99   (0.143) 0.082 0.065 0.148 0.213 0.074 0.031 0.217 0.053 0.116 0.009 0.150 0.413 0.181 0.143 0.592 
  95   (0.216) 0.183 0.184 0.213 0.195 0.380 0.319 0.179 0.231 0.223 0.456 0.208 0.171 0.335 0.213 0.061 
  97   (0.018) 0.002 0.003 0.017 0.002 0.002 0.000 0.008 0.003 0.014 0.001 0.018 0.152 0.006 0.016 0.003 
  91   (0.007) 0.001 0.001 0.006 0.001 0.001 0.000 0.002 0.001 0.005 0.000 0.006 0.001 0.000 0.005 0.001 

Locus 44 : 44 
7 alleles
0.2% missing data
 177   (0.080) 0.034 0.062 0.084 0.160 0.010 0.063 0.031 0.063 0.091 0.005 0.082 0.010 0.110 0.083 0.017 
 191   (0.287) 0.109 0.301 0.330 0.113 0.055 0.185 0.266 0.329 0.290 0.099 0.313 0.280 0.634 0.321 0.329 
 181   (0.565) 0.792 0.621 0.532 0.720 0.929 0.750 0.672 0.595 0.544 0.862 0.544 0.521 0.138 0.533 0.573 
 189   (0.007) 0.001 0.001 0.003 0.001 0.000 0.000 0.002 0.001 0.003 0.030 0.004 0.001 0.000 0.003 0.001 
 179   (0.042) 0.005 0.011 0.039 0.004 0.003 0.001 0.023 0.009 0.058 0.003 0.043 0.187 0.107 0.046 0.075 
 183   (0.009) 0.002 0.002 0.007 0.001 0.001 0.000 0.003 0.002 0.008 0.001 0.008 0.001 0.001 0.008 0.002 
 193   (0.011) 0.058 0.002 0.005 0.001 0.001 0.000 0.003 0.002 0.007 0.001 0.006 0.001 0.010 0.006 0.002 

Locus 45 : 45 
6 alleles
0.8% missing data
 205   (0.458) 0.554 0.539 0.490 0.542 0.869 0.505 0.364 0.412 0.495 0.406 0.483 0.250 0.312 0.492 0.527 
 211   (0.231) 0.149 0.185 0.225 0.110 0.045 0.250 0.360 0.153 0.225 0.273 0.227 0.340 0.391 0.228 0.284 
 207   (0.141) 0.231 0.090 0.138 0.192 0.064 0.127 0.094 0.182 0.125 0.201 0.139 0.017 0.072 0.132 0.054 
 201   (0.075) 0.019 0.081 0.060 0.118 0.012 0.068 0.101 0.168 0.058 0.005 0.063 0.381 0.040 0.061 0.024 
 215   (0.085) 0.045 0.103 0.072 0.037 0.010 0.049 0.077 0.082 0.087 0.115 0.075 0.011 0.178 0.074 0.108 
 202   (0.011) 0.002 0.002 0.015 0.001 0.001 0.000 0.004 0.002 0.010 0.001 0.012 0.001 0.008 0.012 0.002 

Locus 46 : 46 
10 alleles
1.0% missing data
 144   (0.065) 0.015 0.014 0.052 0.079 0.050 0.251 0.100 0.070 0.068 0.129 0.056 0.008 0.007 0.057 0.074 
 158   (0.154) 0.035 0.264 0.150 0.390 0.033 0.114 0.127 0.197 0.121 0.083 0.156 0.021 0.123 0.145 0.194 
 168   (0.141) 0.030 0.134 0.169 0.064 0.053 0.221 0.111 0.065 0.129 0.107 0.160 0.216 0.216 0.144 0.032 
 166   (0.140) 0.254 0.092 0.124 0.123 0.474 0.321 0.099 0.082 0.123 0.388 0.129 0.124 0.025 0.129 0.039 
 142   (0.358) 0.605 0.436 0.382 0.310 0.374 0.088 0.286 0.498 0.438 0.286 0.370 0.047 0.143 0.400 0.634 
 170   (0.016) 0.002 0.004 0.010 0.002 0.002 0.001 0.040 0.003 0.011 0.001 0.011 0.002 0.047 0.011 0.004 
 156   (0.028) 0.004 0.005 0.027 0.015 0.002 0.001 0.009 0.030 0.022 0.002 0.028 0.467 0.083 0.026 0.005 
 162   (0.047) 0.041 0.038 0.037 0.004 0.005 0.001 0.071 0.015 0.050 0.003 0.041 0.109 0.162 0.043 0.009 
 164   (0.043) 0.014 0.011 0.044 0.012 0.005 0.001 0.156 0.039 0.032 0.003 0.044 0.005 0.194 0.041 0.008 
 160   (0.007) 0.001 0.002 0.005 0.001 0.001 0.000 0.002 0.001 0.004 0.000 0.005 0.001 0.000 0.005 0.001 

Locus 47 : 47 
7 alleles
9.9% missing data
 149   (0.350) 0.393 0.083 0.365 0.187 0.476 0.211 0.298 0.319 0.394 0.336 0.359 0.347 0.769 0.371 0.503 
 151   (0.185) 0.116 0.370 0.170 0.577 0.121 0.207 0.162 0.211 0.152 0.012 0.175 0.084 0.088 0.167 0.347 
 153   (0.190) 0.393 0.184 0.189 0.130 0.102 0.364 0.146 0.289 0.209 0.025 0.189 0.029 0.042 0.199 0.079 
 147   (0.028) 0.003 0.005 0.022 0.029 0.003 0.034 0.068 0.008 0.020 0.002 0.023 0.004 0.002 0.023 0.007 
 145   (0.225) 0.092 0.354 0.239 0.073 0.296 0.182 0.289 0.168 0.210 0.624 0.236 0.532 0.042 0.223 0.057 
 152   (0.007) 0.001 0.002 0.004 0.001 0.001 0.002 0.003 0.002 0.004 0.000 0.004 0.001 0.001 0.004 0.003 
 143   (0.017) 0.002 0.003 0.012 0.002 0.001 0.000 0.033 0.003 0.011 0.001 0.013 0.002 0.057 0.013 0.003 

Values of parameters used in structure:
DATAFILE=temp2.str,	OUTFILE=k15/temp2_k15_run10,	NUMINDS=486,	NUMLOCI=47,	MISSING=-9,	LABEL=1,	POPDATA=1,	POPFLAG=0,	PHENOTYPE=0,	EXTRACOLS=0,	MAXPOPS=15,	BURNIN=500000,	NUMREPS=750000,	USEPOPINFO=0,	INFERALPHA=1,	INFERLAMBDA=0,	POPSPECIFICLAMBDA=0,	POPALPHAS=0,	COMPUTEPROB=1,	NOADMIX=0,	ADMBURNIN=500,	UPDATEFREQ=100,	PRINTLIKES=0,	INTERMEDSAVE=0,	PRINTKLD=0,	PRINTNET=1,	PRINTLAMBDA=1,	ANCESTDIST=0,	NUMBOXES=1000,	ANCESTPINT=0.90000,	GENSBACK=2,	MIGRPRIOR=0.01000,	PRINTQHAT=0,	PRINTQSUM=1,	ALPHA=1.0000,	FREQSCORR=1,	FPRIORMEAN=0.0100,	FPRIORSD=0.0500,	ONEFST=0,	LAMBDA=1.0000,	UNIFPRIORALPHA=1,	ALPHAMAX=10.0000,	ALPHAPRIORA=1.0000,	ALPHAPRIORB=2.0000,	ALPHAPROPSD=0.0250,	STARTATPOPINFO=0,	RANDOMIZE=0,	LINKAGE=0,	METROFREQ=10,	REPORTHITRATE=0,	MARKOVPHASE=0,	PHASED=1,	PLOIDY=2,	PHASEINFO=0	LOCPRIOR=0, 	LOCPRIORINIT=1.000000, 	LOCDATA=0, 	LOCISPOP=1, 	LOCPRIORSTEP=0.100000, 	MAXLOCPRIOR=20.000000, 	SEED=628471,	
[STRAT parameters]:    NUMSIMSTATS=1000,	PHENOTYPECOL=-9,	POOLFREQ=10,	LOCUSxONLY=0,	EMERROR=0.00100,	MISSINGPHENO=-9,	