

----------------------------------------------------
STRUCTURE by Pritchard, Stephens and Donnelly (2000)
     and Falush, Stephens and Pritchard (2003)
       Code by Pritchard, Falush and Hubisz
             Version 2.3.4 (Jul 2012)
----------------------------------------------------



Command line arguments:   structure -D 964431 -K 17 -m mainparams -o k17/temp2_k17_run8 
Input File:    temp2.str

Run parameters:
   486 individuals
   47 loci
   17 populations assumed
   500000 Burn-in period
   750000 Reps
RANDOMIZE turned off


--------------------------------------------
Proportion of membership of each pre-defined
 population in each of the 17 clusters

Given    Inferred Clusters                                                                                                         Number of
 Pop       1      2      3      4      5      6      7      8      9     10     11     12     13     14     15     16     17      Individuals

  1:     0.004  0.009  0.010  0.011  0.006  0.009  0.030  0.003  0.010  0.012  0.012  0.802  0.011  0.011  0.042  0.009  0.010       63
  2:     0.006  0.007  0.006  0.007  0.006  0.009  0.013  0.002  0.006  0.008  0.005  0.059  0.007  0.007  0.842  0.005  0.007       20
  3:     0.007  0.003  0.004  0.004  0.006  0.003  0.004  0.933  0.004  0.004  0.004  0.003  0.004  0.004  0.003  0.004  0.004       36
  4:     0.005  0.010  0.014  0.021  0.008  0.012  0.097  0.003  0.019  0.040  0.014  0.600  0.024  0.021  0.092  0.006  0.016       21
  5:     0.003  0.014  0.010  0.007  0.006  0.008  0.506  0.003  0.006  0.011  0.006  0.358  0.006  0.007  0.035  0.005  0.007       31
  6:     0.005  0.014  0.005  0.011  0.005  0.009  0.019  0.003  0.008  0.006  0.021  0.827  0.013  0.008  0.033  0.004  0.008       21
  7:     0.004  0.005  0.015  0.016  0.023  0.020  0.012  0.005  0.016  0.763  0.039  0.011  0.014  0.021  0.010  0.011  0.015       25
  8:     0.010  0.012  0.041  0.037  0.040  0.018  0.106  0.092  0.025  0.019  0.019  0.468  0.035  0.027  0.019  0.009  0.023        8
  9:     0.005  0.333  0.005  0.007  0.004  0.025  0.015  0.002  0.009  0.008  0.010  0.511  0.007  0.009  0.037  0.005  0.008       17
 10:     0.003  0.003  0.005  0.005  0.005  0.005  0.004  0.003  0.004  0.006  0.004  0.004  0.005  0.005  0.006  0.929  0.005       29
 11:     0.960  0.003  0.002  0.003  0.002  0.002  0.002  0.006  0.002  0.002  0.002  0.002  0.003  0.003  0.002  0.002  0.003        9
 12:     0.009  0.009  0.089  0.145  0.027  0.020  0.014  0.018  0.109  0.051  0.052  0.010  0.108  0.163  0.008  0.013  0.153       26
 13:     0.009  0.012  0.158  0.078  0.046  0.138  0.012  0.012  0.102  0.025  0.110  0.011  0.068  0.103  0.011  0.011  0.093       74
 14:     0.006  0.010  0.056  0.065  0.070  0.334  0.011  0.012  0.075  0.019  0.112  0.017  0.056  0.065  0.010  0.012  0.071       35
 15:     0.008  0.007  0.018  0.032  0.015  0.442  0.015  0.008  0.060  0.023  0.203  0.029  0.028  0.043  0.012  0.007  0.051       24
 16:     0.009  0.006  0.131  0.130  0.011  0.026  0.011  0.022  0.117  0.034  0.046  0.020  0.110  0.152  0.010  0.025  0.139       43
 17:     0.003  0.045  0.017  0.160  0.012  0.009  0.011  0.006  0.236  0.012  0.013  0.010  0.111  0.125  0.031  0.009  0.190        4
--------------------------------------------

Allele-freq. divergence among pops (Net nucleotide distance),
computed using point estimates of P.

      1       2       3       4       5       6       7       8       9      10      11      12      13      14      15      16      17      
 1      -    0.2041  0.1120  0.1017  0.1703  0.1312  0.1473  0.1140  0.1084  0.1081  0.1273  0.1433  0.1060  0.0978  0.1762  0.1346  0.1031  
 2   0.2041     -    0.1144  0.1090  0.1536  0.1320  0.1403  0.2182  0.0988  0.1239  0.1303  0.1068  0.1134  0.1020  0.1287  0.1628  0.1055  
 3   0.1120  0.1144     -    0.0140  0.0672  0.0328  0.0519  0.0958  0.0160  0.0280  0.0288  0.0351  0.0179  0.0110  0.0677  0.0685  0.0135  
 4   0.1017  0.1090  0.0140     -    0.0533  0.0244  0.0432  0.0843  0.0065  0.0255  0.0217  0.0339  0.0010  0.0029  0.0558  0.0576  0.0029  
 5   0.1703  0.1536  0.0672  0.0533     -    0.0675  0.0851  0.1350  0.0508  0.0619  0.0602  0.0802  0.0567  0.0493  0.0952  0.1098  0.0511  
 6   0.1312  0.1320  0.0328  0.0244  0.0675     -    0.0678  0.1289  0.0201  0.0393  0.0234  0.0507  0.0275  0.0203  0.0644  0.0725  0.0191  
 7   0.1473  0.1403  0.0519  0.0432  0.0851  0.0678     -    0.1425  0.0463  0.0606  0.0646  0.0451  0.0469  0.0407  0.0717  0.0985  0.0430  
 8   0.1140  0.2182  0.0958  0.0843  0.1350  0.1289  0.1425     -    0.0908  0.1062  0.1144  0.1444  0.0884  0.0820  0.1776  0.1237  0.0868  
 9   0.1084  0.0988  0.0160  0.0065  0.0508  0.0201  0.0463  0.0908     -    0.0233  0.0172  0.0322  0.0099  0.0026  0.0563  0.0598  0.0023  
10   0.1081  0.1239  0.0280  0.0255  0.0619  0.0393  0.0606  0.1062  0.0233     -    0.0392  0.0458  0.0315  0.0185  0.0684  0.0623  0.0211  
11   0.1273  0.1303  0.0288  0.0217  0.0602  0.0234  0.0646  0.1144  0.0172  0.0392     -    0.0504  0.0245  0.0172  0.0690  0.0758  0.0169  
12   0.1433  0.1068  0.0351  0.0339  0.0802  0.0507  0.0451  0.1444  0.0322  0.0458  0.0504     -    0.0382  0.0293  0.0352  0.0830  0.0328  
13   0.1060  0.1134  0.0179  0.0010  0.0567  0.0275  0.0469  0.0884  0.0099  0.0315  0.0245  0.0382     -    0.0065  0.0588  0.0614  0.0059  
14   0.0978  0.1020  0.0110  0.0029  0.0493  0.0203  0.0407  0.0820  0.0026  0.0185  0.0172  0.0293  0.0065     -    0.0530  0.0538  0.0008  
15   0.1762  0.1287  0.0677  0.0558  0.0952  0.0644  0.0717  0.1776  0.0563  0.0684  0.0690  0.0352  0.0588  0.0530     -    0.0983  0.0558  
16   0.1346  0.1628  0.0685  0.0576  0.1098  0.0725  0.0985  0.1237  0.0598  0.0623  0.0758  0.0830  0.0614  0.0538  0.0983     -    0.0567  
17   0.1031  0.1055  0.0135  0.0029  0.0511  0.0191  0.0430  0.0868  0.0023  0.0211  0.0169  0.0328  0.0059  0.0008  0.0558  0.0567     -    

Average distances (expected heterozygosity) between individuals in same cluster:
cluster  1  : 0.5318 
cluster  2  : 0.4291 
cluster  3  : 0.6022 
cluster  4  : 0.6322 
cluster  5  : 0.5327 
cluster  6  : 0.5625 
cluster  7  : 0.5324 
cluster  8  : 0.6310 
cluster  9  : 0.6327 
cluster 10  : 0.5937 
cluster 11  : 0.5804 
cluster 12  : 0.5415 
cluster 13  : 0.6206 
cluster 14  : 0.6462 
cluster 15  : 0.4779 
cluster 16  : 0.5434 
cluster 17  : 0.6347 

--------------------------------------------
Estimated Ln Prob of Data   = -53048.0
Mean value of ln likelihood = -49948.6
Variance of ln likelihood   = 6198.8
Mean value of alpha         = 0.0342

Mean value of Fst_1         = 0.3118
Mean value of Fst_2         = 0.4133
Mean value of Fst_3         = 0.0651
Mean value of Fst_4         = 0.0746
Mean value of Fst_5         = 0.2488
Mean value of Fst_6         = 0.1052
Mean value of Fst_7         = 0.1924
Mean value of Fst_8         = 0.1919
Mean value of Fst_9         = 0.0439
Mean value of Fst_10         = 0.0963
Mean value of Fst_11         = 0.1055
Mean value of Fst_12         = 0.1464
Mean value of Fst_13         = 0.1178
Mean value of Fst_14         = 0.0069
Mean value of Fst_15         = 0.2300
Mean value of Fst_16         = 0.2170
Mean value of Fst_17         = 0.0461


Inferred ancestry of individuals:
        Label (%Miss) Pop:  Inferred clusters
  1      221    (0)    1 :  0.003 0.004 0.007 0.006 0.003 0.007 0.006 0.003 0.006 0.014 0.006 0.910 0.006 0.006 0.006 0.002 0.006 
  2      222    (0)    1 :  0.004 0.006 0.008 0.012 0.010 0.006 0.473 0.004 0.007 0.007 0.007 0.389 0.011 0.011 0.028 0.009 0.008 
  3      223    (0)    1 :  0.003 0.006 0.020 0.008 0.005 0.007 0.005 0.005 0.008 0.007 0.008 0.884 0.008 0.008 0.007 0.003 0.007 
  4      224    (0)    1 :  0.001 0.006 0.003 0.003 0.004 0.003 0.005 0.001 0.003 0.004 0.002 0.915 0.003 0.003 0.035 0.005 0.003 
  5      225    (0)    1 :  0.002 0.003 0.004 0.005 0.003 0.003 0.005 0.002 0.004 0.003 0.003 0.941 0.005 0.004 0.005 0.003 0.004 
  6      226    (0)    1 :  0.006 0.004 0.011 0.004 0.007 0.003 0.003 0.001 0.004 0.012 0.003 0.915 0.004 0.005 0.011 0.002 0.004 
  7      227    (0)    1 :  0.017 0.005 0.017 0.010 0.004 0.005 0.003 0.008 0.010 0.040 0.006 0.819 0.009 0.013 0.020 0.005 0.010 
  8      228    (0)    1 :  0.003 0.015 0.010 0.014 0.011 0.016 0.007 0.005 0.012 0.008 0.013 0.714 0.014 0.013 0.129 0.005 0.011 
  9      234    (0)    1 :  0.002 0.004 0.004 0.004 0.004 0.005 0.007 0.001 0.004 0.003 0.004 0.934 0.004 0.004 0.009 0.002 0.004 
 10      235    (0)    1 :  0.003 0.004 0.002 0.003 0.002 0.003 0.007 0.001 0.004 0.004 0.003 0.941 0.003 0.003 0.010 0.002 0.003 
 11      236    (0)    1 :  0.002 0.020 0.003 0.003 0.002 0.002 0.003 0.002 0.003 0.005 0.002 0.905 0.003 0.003 0.039 0.002 0.003 
 12      237    (0)    1 :  0.001 0.002 0.006 0.004 0.004 0.004 0.008 0.002 0.004 0.003 0.006 0.932 0.003 0.004 0.010 0.002 0.004 
 13      238    (0)    1 :  0.003 0.003 0.008 0.008 0.004 0.005 0.032 0.006 0.008 0.022 0.013 0.838 0.007 0.010 0.013 0.013 0.008 
 14      239    (0)    1 :  0.005 0.025 0.060 0.032 0.010 0.013 0.013 0.002 0.019 0.090 0.009 0.323 0.025 0.034 0.299 0.011 0.029 
 15      240    (0)    1 :  0.002 0.007 0.003 0.003 0.004 0.004 0.005 0.001 0.005 0.006 0.003 0.931 0.003 0.004 0.010 0.003 0.004 
 16      242    (0)    1 :  0.001 0.003 0.116 0.057 0.007 0.012 0.207 0.001 0.036 0.010 0.024 0.335 0.039 0.098 0.014 0.002 0.035 
 17      243    (0)    1 :  0.016 0.006 0.012 0.013 0.009 0.005 0.016 0.002 0.023 0.029 0.008 0.688 0.013 0.018 0.104 0.019 0.018 
 18      244    (0)    1 :  0.010 0.002 0.014 0.008 0.003 0.002 0.010 0.003 0.005 0.018 0.003 0.890 0.007 0.007 0.007 0.003 0.007 
 19      245    (0)    1 :  0.008 0.048 0.007 0.012 0.006 0.016 0.004 0.018 0.020 0.013 0.013 0.776 0.010 0.015 0.013 0.006 0.014 
 20      246    (0)    1 :  0.004 0.003 0.003 0.004 0.003 0.002 0.009 0.003 0.005 0.003 0.003 0.934 0.004 0.004 0.009 0.003 0.004 
 21      248    (0)    1 :  0.002 0.007 0.006 0.006 0.002 0.003 0.024 0.002 0.005 0.004 0.005 0.894 0.005 0.006 0.005 0.017 0.006 
 22      249    (0)    1 :  0.001 0.002 0.003 0.002 0.004 0.002 0.002 0.001 0.002 0.004 0.002 0.956 0.002 0.002 0.010 0.002 0.002 
 23      250    (0)    1 :  0.005 0.015 0.014 0.018 0.006 0.011 0.005 0.005 0.020 0.012 0.026 0.424 0.014 0.019 0.380 0.008 0.018 
 24      251    (0)    1 :  0.004 0.006 0.006 0.006 0.002 0.009 0.015 0.001 0.006 0.004 0.008 0.891 0.007 0.005 0.022 0.003 0.005 
 25      252    (0)    1 :  0.001 0.005 0.007 0.006 0.008 0.011 0.003 0.002 0.008 0.006 0.023 0.843 0.006 0.008 0.019 0.035 0.008 
 26      253    (0)    1 :  0.003 0.008 0.021 0.021 0.004 0.003 0.003 0.016 0.034 0.010 0.006 0.444 0.022 0.032 0.316 0.027 0.031 
 27      254    (0)    1 :  0.002 0.003 0.007 0.007 0.003 0.004 0.004 0.001 0.005 0.008 0.005 0.914 0.007 0.005 0.015 0.003 0.006 
 28      255    (0)    1 :  0.002 0.017 0.010 0.018 0.004 0.007 0.170 0.003 0.013 0.040 0.007 0.646 0.014 0.017 0.009 0.006 0.016 
 29      256    (0)    1 :  0.002 0.003 0.004 0.007 0.012 0.004 0.037 0.004 0.011 0.003 0.008 0.874 0.007 0.010 0.005 0.002 0.008 
 30      257    (0)    1 :  0.003 0.003 0.008 0.007 0.003 0.008 0.005 0.002 0.006 0.014 0.007 0.905 0.008 0.006 0.003 0.008 0.006 
 31      258    (0)    1 :  0.002 0.009 0.007 0.008 0.003 0.012 0.019 0.004 0.009 0.010 0.011 0.863 0.007 0.009 0.016 0.003 0.007 
 32      259    (0)    1 :  0.002 0.002 0.007 0.044 0.005 0.008 0.008 0.002 0.010 0.006 0.005 0.775 0.064 0.008 0.040 0.003 0.013 
 33      260    (0)    1 :  0.006 0.030 0.004 0.005 0.003 0.005 0.005 0.002 0.007 0.034 0.006 0.743 0.005 0.008 0.046 0.086 0.006 
 34      261    (0)    1 :  0.002 0.003 0.004 0.013 0.005 0.061 0.006 0.002 0.020 0.020 0.075 0.693 0.014 0.017 0.032 0.010 0.025 
 35      262    (0)    1 :  0.001 0.002 0.002 0.002 0.003 0.003 0.006 0.001 0.002 0.002 0.002 0.950 0.003 0.002 0.015 0.002 0.002 
 36      263    (0)    1 :  0.004 0.005 0.005 0.005 0.004 0.004 0.010 0.003 0.005 0.036 0.006 0.869 0.004 0.005 0.007 0.022 0.005 
 37      264    (0)    1 :  0.001 0.003 0.004 0.006 0.014 0.006 0.009 0.001 0.005 0.007 0.005 0.892 0.006 0.005 0.027 0.003 0.005 
 38      265    (0)    1 :  0.002 0.007 0.003 0.006 0.004 0.006 0.024 0.001 0.006 0.021 0.004 0.831 0.006 0.006 0.019 0.049 0.006 
 39      266    (0)    1 :  0.001 0.007 0.003 0.004 0.003 0.003 0.008 0.001 0.004 0.003 0.004 0.832 0.004 0.004 0.111 0.003 0.004 
 40      267    (0)    1 :  0.002 0.002 0.005 0.003 0.003 0.003 0.018 0.001 0.003 0.003 0.002 0.940 0.003 0.003 0.006 0.001 0.003 
 41      268    (0)    1 :  0.008 0.003 0.007 0.006 0.004 0.005 0.004 0.001 0.008 0.008 0.011 0.791 0.006 0.008 0.058 0.064 0.008 
 42      269    (0)    1 :  0.002 0.021 0.003 0.003 0.002 0.004 0.007 0.001 0.004 0.004 0.003 0.910 0.003 0.003 0.024 0.002 0.003 
 43      270    (0)    1 :  0.002 0.003 0.004 0.003 0.018 0.004 0.003 0.001 0.003 0.005 0.003 0.935 0.003 0.003 0.005 0.002 0.002 
 44      271    (0)    1 :  0.003 0.059 0.013 0.019 0.006 0.011 0.009 0.007 0.023 0.012 0.027 0.712 0.024 0.022 0.006 0.010 0.037 
 45      272    (0)    1 :  0.006 0.013 0.009 0.039 0.022 0.026 0.382 0.001 0.037 0.008 0.010 0.314 0.040 0.037 0.022 0.004 0.029 
 46      273    (0)    1 :  0.002 0.011 0.018 0.016 0.023 0.017 0.014 0.003 0.013 0.047 0.007 0.719 0.014 0.017 0.060 0.003 0.016 
 47      274    (0)    1 :  0.003 0.006 0.004 0.004 0.003 0.008 0.003 0.002 0.004 0.007 0.006 0.925 0.004 0.004 0.007 0.005 0.005 
 48      275    (2)    1 :  0.001 0.003 0.004 0.003 0.003 0.003 0.006 0.001 0.003 0.005 0.003 0.947 0.004 0.003 0.003 0.002 0.003 
 49      276    (0)    1 :  0.002 0.004 0.005 0.005 0.004 0.007 0.004 0.001 0.005 0.004 0.009 0.925 0.005 0.005 0.006 0.004 0.005 
 50      277    (0)    1 :  0.001 0.015 0.006 0.010 0.007 0.026 0.003 0.001 0.041 0.008 0.110 0.704 0.010 0.013 0.024 0.002 0.018 
 51      278    (0)    1 :  0.007 0.005 0.009 0.011 0.002 0.014 0.013 0.001 0.008 0.005 0.059 0.813 0.016 0.007 0.010 0.005 0.015 
 52      279    (0)    1 :  0.002 0.003 0.010 0.017 0.005 0.005 0.020 0.002 0.018 0.007 0.009 0.728 0.017 0.016 0.120 0.003 0.020 
 53      280    (0)    1 :  0.003 0.076 0.014 0.017 0.003 0.021 0.007 0.002 0.015 0.025 0.020 0.680 0.018 0.014 0.066 0.006 0.014 
 54      287    (0)    1 :  0.005 0.003 0.008 0.017 0.007 0.009 0.004 0.003 0.018 0.015 0.010 0.810 0.020 0.019 0.030 0.006 0.016 
 55      290    (0)    1 :  0.006 0.005 0.007 0.012 0.014 0.009 0.040 0.002 0.011 0.008 0.007 0.837 0.011 0.010 0.007 0.003 0.011 
 56      291    (0)    1 :  0.003 0.015 0.005 0.031 0.004 0.027 0.003 0.002 0.012 0.007 0.018 0.765 0.039 0.011 0.040 0.007 0.012 
 57      295    (0)    1 :  0.001 0.003 0.003 0.004 0.004 0.028 0.008 0.001 0.005 0.006 0.009 0.757 0.004 0.005 0.153 0.003 0.005 
 58      296    (0)    1 :  0.004 0.004 0.007 0.004 0.010 0.003 0.007 0.002 0.005 0.003 0.005 0.925 0.003 0.004 0.008 0.004 0.003 
 59      872    (2)    1 :  0.007 0.004 0.004 0.006 0.005 0.004 0.112 0.005 0.005 0.005 0.007 0.749 0.006 0.007 0.059 0.008 0.006 
 60      873    (4)    1 :  0.004 0.009 0.008 0.015 0.014 0.003 0.017 0.003 0.008 0.011 0.008 0.850 0.016 0.015 0.010 0.003 0.008 
 61      874    (2)    1 :  0.001 0.002 0.007 0.008 0.004 0.009 0.010 0.001 0.004 0.005 0.020 0.890 0.010 0.004 0.017 0.003 0.005 
 62      875    (0)    1 :  0.017 0.006 0.005 0.005 0.003 0.005 0.014 0.003 0.005 0.006 0.004 0.896 0.006 0.006 0.009 0.002 0.005 
 63      876    (6)    1 :  0.001 0.005 0.015 0.006 0.004 0.011 0.004 0.002 0.007 0.019 0.011 0.880 0.006 0.007 0.007 0.010 0.007 
 64      212    (0)   10 :  0.001 0.002 0.003 0.003 0.003 0.004 0.003 0.002 0.003 0.002 0.004 0.002 0.003 0.002 0.002 0.959 0.003 
 65      213    (0)   10 :  0.003 0.008 0.006 0.004 0.003 0.006 0.002 0.002 0.004 0.003 0.007 0.006 0.004 0.004 0.002 0.933 0.004 
 66      214    (0)   10 :  0.001 0.002 0.006 0.005 0.002 0.004 0.006 0.003 0.004 0.006 0.004 0.005 0.005 0.005 0.002 0.933 0.006 
 67      215    (0)   10 :  0.003 0.003 0.004 0.004 0.003 0.006 0.004 0.002 0.003 0.004 0.004 0.005 0.005 0.004 0.005 0.935 0.003 
 68      216    (0)   10 :  0.002 0.004 0.002 0.003 0.003 0.005 0.002 0.001 0.004 0.003 0.004 0.004 0.003 0.003 0.009 0.945 0.003 
 69      217    (0)   10 :  0.002 0.004 0.010 0.005 0.006 0.004 0.004 0.002 0.005 0.003 0.004 0.004 0.005 0.005 0.006 0.924 0.006 
 70      218    (0)   10 :  0.002 0.002 0.003 0.003 0.004 0.003 0.002 0.003 0.003 0.003 0.003 0.003 0.003 0.003 0.005 0.954 0.003 
 71      332    (0)   10 :  0.005 0.003 0.011 0.006 0.031 0.008 0.007 0.002 0.010 0.014 0.008 0.009 0.006 0.007 0.011 0.853 0.007 
 72      333    (0)   10 :  0.010 0.004 0.009 0.011 0.006 0.006 0.014 0.008 0.009 0.025 0.004 0.009 0.013 0.013 0.013 0.834 0.012 
 73      334    (0)   10 :  0.003 0.003 0.005 0.004 0.006 0.004 0.002 0.002 0.003 0.006 0.005 0.005 0.005 0.004 0.028 0.909 0.004 
 74      335    (0)   10 :  0.002 0.001 0.003 0.003 0.002 0.005 0.002 0.002 0.003 0.003 0.002 0.002 0.003 0.003 0.003 0.959 0.003 
 75      336    (0)   10 :  0.014 0.004 0.002 0.002 0.003 0.002 0.005 0.002 0.002 0.005 0.003 0.003 0.002 0.003 0.003 0.942 0.002 
 76      337    (0)   10 :  0.002 0.002 0.006 0.005 0.002 0.003 0.008 0.002 0.004 0.010 0.003 0.007 0.005 0.005 0.014 0.918 0.005 
 77      673    (0)   10 :  0.001 0.001 0.001 0.001 0.001 0.002 0.001 0.002 0.001 0.002 0.001 0.002 0.001 0.001 0.002 0.977 0.001 
 78      674    (0)   10 :  0.002 0.002 0.003 0.006 0.007 0.004 0.005 0.002 0.004 0.005 0.004 0.003 0.006 0.005 0.004 0.933 0.005 
 79      675    (0)   10 :  0.004 0.004 0.003 0.004 0.003 0.005 0.002 0.002 0.004 0.005 0.005 0.003 0.004 0.004 0.003 0.940 0.004 
 80      676    (0)   10 :  0.001 0.001 0.008 0.004 0.005 0.008 0.002 0.002 0.004 0.006 0.006 0.003 0.004 0.004 0.003 0.931 0.005 
 81      677    (0)   10 :  0.002 0.002 0.005 0.004 0.002 0.004 0.002 0.002 0.003 0.004 0.003 0.005 0.004 0.003 0.010 0.939 0.004 
 82      678    (0)   10 :  0.004 0.004 0.006 0.011 0.003 0.007 0.011 0.003 0.009 0.003 0.006 0.007 0.009 0.010 0.005 0.892 0.010 
 83      679    (0)   10 :  0.002 0.001 0.004 0.006 0.014 0.003 0.002 0.024 0.007 0.006 0.004 0.004 0.005 0.006 0.006 0.900 0.006 
 84      680    (0)   10 :  0.005 0.003 0.004 0.005 0.006 0.007 0.003 0.002 0.006 0.011 0.007 0.004 0.005 0.005 0.011 0.912 0.006 
 85      681    (0)   10 :  0.002 0.002 0.008 0.006 0.004 0.004 0.003 0.002 0.005 0.006 0.005 0.006 0.005 0.005 0.010 0.922 0.005 
 86      682    (0)   10 :  0.004 0.003 0.002 0.002 0.002 0.002 0.002 0.002 0.002 0.002 0.002 0.002 0.002 0.002 0.002 0.964 0.002 
 87      683    (0)   10 :  0.002 0.003 0.004 0.005 0.006 0.004 0.003 0.002 0.006 0.007 0.004 0.004 0.006 0.005 0.014 0.918 0.007 
 88      684    (0)   10 :  0.003 0.002 0.003 0.006 0.003 0.006 0.003 0.002 0.004 0.006 0.005 0.002 0.006 0.005 0.003 0.935 0.006 
 89      685    (0)   10 :  0.003 0.003 0.004 0.006 0.003 0.003 0.006 0.005 0.005 0.009 0.003 0.003 0.006 0.005 0.002 0.928 0.006 
 90      686    (0)   10 :  0.003 0.002 0.002 0.002 0.002 0.002 0.002 0.004 0.002 0.003 0.002 0.002 0.002 0.002 0.002 0.963 0.002 
 91      687    (0)   10 :  0.002 0.002 0.002 0.002 0.002 0.003 0.002 0.001 0.002 0.003 0.002 0.002 0.002 0.002 0.002 0.965 0.002 
 92      688    (0)   10 :  0.002 0.003 0.004 0.003 0.004 0.007 0.004 0.001 0.003 0.006 0.007 0.008 0.003 0.004 0.003 0.933 0.004 
 93      070    (0)   11 :  0.948 0.001 0.003 0.004 0.002 0.003 0.003 0.008 0.003 0.003 0.003 0.002 0.004 0.005 0.002 0.002 0.004 
 94      071    (0)   11 :  0.953 0.006 0.003 0.003 0.002 0.003 0.002 0.001 0.003 0.004 0.003 0.002 0.003 0.003 0.002 0.005 0.003 
 95      072    (0)   11 :  0.969 0.003 0.002 0.002 0.001 0.002 0.002 0.005 0.002 0.002 0.001 0.002 0.002 0.002 0.001 0.001 0.002 
 96      151    (0)   11 :  0.976 0.001 0.001 0.002 0.001 0.002 0.001 0.002 0.001 0.002 0.002 0.001 0.002 0.001 0.001 0.001 0.002 
 97      152    (0)   11 :  0.940 0.005 0.004 0.006 0.002 0.005 0.002 0.002 0.004 0.004 0.003 0.002 0.005 0.005 0.003 0.002 0.005 
 98      153    (2)   11 :  0.977 0.001 0.001 0.002 0.001 0.001 0.002 0.002 0.001 0.002 0.001 0.001 0.001 0.001 0.001 0.001 0.002 
 99      788    (4)   11 :  0.935 0.003 0.002 0.002 0.001 0.003 0.001 0.029 0.003 0.002 0.003 0.002 0.002 0.003 0.003 0.002 0.003 
100      789    (2)   11 :  0.968 0.002 0.002 0.002 0.001 0.002 0.002 0.002 0.002 0.002 0.002 0.002 0.002 0.002 0.002 0.003 0.002 
101      790    (0)   11 :  0.970 0.003 0.002 0.002 0.001 0.002 0.002 0.001 0.002 0.002 0.001 0.002 0.002 0.002 0.002 0.001 0.002 
102      010    (0)   12 :  0.002 0.008 0.014 0.168 0.006 0.004 0.007 0.014 0.125 0.010 0.009 0.005 0.168 0.102 0.003 0.004 0.350 
103      024    (0)   12 :  0.005 0.005 0.014 0.199 0.007 0.015 0.006 0.041 0.104 0.010 0.013 0.006 0.147 0.311 0.005 0.009 0.103 
104      051    (0)   12 :  0.012 0.004 0.022 0.149 0.005 0.005 0.007 0.045 0.087 0.246 0.007 0.005 0.098 0.144 0.005 0.008 0.148 
105      090    (0)   12 :  0.007 0.003 0.066 0.139 0.012 0.013 0.009 0.023 0.140 0.064 0.013 0.007 0.112 0.227 0.005 0.005 0.155 
106      102    (0)   12 :  0.002 0.004 0.028 0.080 0.012 0.036 0.031 0.001 0.270 0.018 0.143 0.030 0.075 0.119 0.013 0.003 0.136 
107      111    (0)   12 :  0.002 0.073 0.078 0.180 0.005 0.010 0.022 0.004 0.106 0.010 0.018 0.006 0.137 0.143 0.003 0.004 0.200 
108      113    (0)   12 :  0.006 0.003 0.043 0.220 0.007 0.035 0.033 0.005 0.086 0.083 0.035 0.005 0.121 0.130 0.006 0.005 0.178 
109      138    (0)   12 :  0.048 0.003 0.522 0.052 0.003 0.011 0.003 0.005 0.049 0.017 0.011 0.011 0.046 0.079 0.003 0.078 0.058 
110      150    (0)   12 :  0.015 0.002 0.070 0.018 0.006 0.034 0.006 0.030 0.038 0.073 0.612 0.024 0.016 0.028 0.005 0.004 0.019 
111      173    (2)   12 :  0.021 0.007 0.019 0.166 0.035 0.030 0.006 0.018 0.050 0.159 0.016 0.005 0.094 0.282 0.008 0.011 0.073 
112      174    (2)   12 :  0.023 0.004 0.232 0.202 0.005 0.005 0.028 0.028 0.054 0.014 0.004 0.009 0.104 0.102 0.004 0.003 0.178 
113      175    (0)   12 :  0.006 0.002 0.019 0.220 0.006 0.005 0.012 0.064 0.097 0.023 0.018 0.003 0.118 0.221 0.002 0.003 0.180 
114      176    (0)   12 :  0.005 0.006 0.014 0.251 0.003 0.005 0.016 0.004 0.094 0.007 0.018 0.014 0.156 0.173 0.012 0.010 0.211 
115      177    (0)   12 :  0.003 0.002 0.045 0.180 0.004 0.021 0.008 0.009 0.074 0.252 0.009 0.003 0.092 0.161 0.003 0.002 0.132 
116      180    (0)   12 :  0.004 0.004 0.093 0.171 0.005 0.005 0.098 0.002 0.076 0.102 0.005 0.020 0.103 0.160 0.013 0.006 0.134 
117      184    (0)   12 :  0.015 0.005 0.411 0.064 0.042 0.018 0.004 0.010 0.072 0.016 0.088 0.005 0.068 0.109 0.009 0.006 0.057 
118      195    (0)   12 :  0.005 0.031 0.012 0.192 0.006 0.012 0.003 0.007 0.113 0.014 0.015 0.004 0.133 0.197 0.013 0.014 0.228 
119      198    (0)   12 :  0.003 0.034 0.252 0.118 0.003 0.006 0.017 0.009 0.096 0.019 0.014 0.010 0.108 0.166 0.005 0.007 0.133 
120      203    (0)   12 :  0.009 0.003 0.009 0.086 0.008 0.007 0.008 0.002 0.152 0.010 0.027 0.006 0.191 0.107 0.009 0.005 0.359 
121      211    (0)   12 :  0.003 0.003 0.024 0.230 0.004 0.018 0.004 0.004 0.070 0.008 0.044 0.019 0.121 0.208 0.030 0.075 0.135 
122      220    (0)   12 :  0.002 0.007 0.036 0.074 0.011 0.027 0.009 0.005 0.181 0.078 0.194 0.005 0.095 0.130 0.003 0.010 0.134 
123      233    (0)   12 :  0.006 0.002 0.015 0.148 0.033 0.170 0.003 0.002 0.096 0.017 0.005 0.007 0.110 0.231 0.015 0.039 0.102 
124      331    (0)   12 :  0.007 0.009 0.018 0.137 0.008 0.006 0.005 0.027 0.155 0.032 0.015 0.005 0.142 0.184 0.006 0.004 0.239 
125      349    (0)   12 :  0.009 0.006 0.010 0.063 0.460 0.008 0.009 0.106 0.071 0.035 0.008 0.009 0.049 0.080 0.004 0.006 0.068 
126      410    (0)   12 :  0.003 0.002 0.166 0.159 0.005 0.004 0.010 0.006 0.070 0.016 0.005 0.009 0.115 0.300 0.004 0.024 0.103 
127      417    (2)   12 :  0.002 0.006 0.080 0.099 0.009 0.005 0.007 0.005 0.312 0.006 0.015 0.022 0.097 0.153 0.016 0.005 0.161 
128      421    (0)   13 :  0.002 0.091 0.009 0.006 0.011 0.806 0.003 0.001 0.009 0.004 0.007 0.008 0.009 0.007 0.008 0.004 0.014 
129      423    (0)   13 :  0.008 0.003 0.030 0.197 0.026 0.004 0.009 0.008 0.131 0.010 0.019 0.006 0.129 0.220 0.004 0.002 0.195 
130      424    (0)   13 :  0.002 0.004 0.168 0.085 0.007 0.007 0.030 0.010 0.064 0.348 0.006 0.013 0.061 0.107 0.014 0.003 0.071 
131      433    (0)   13 :  0.002 0.002 0.104 0.023 0.004 0.115 0.004 0.008 0.335 0.007 0.193 0.004 0.036 0.046 0.004 0.015 0.098 
132      462    (0)   13 :  0.002 0.007 0.064 0.181 0.014 0.067 0.009 0.005 0.149 0.083 0.033 0.009 0.088 0.157 0.003 0.022 0.108 
133      463    (0)   13 :  0.003 0.020 0.076 0.169 0.053 0.007 0.005 0.030 0.103 0.008 0.013 0.015 0.127 0.214 0.006 0.004 0.149 
134      467    (0)   13 :  0.008 0.004 0.007 0.015 0.012 0.665 0.005 0.008 0.015 0.013 0.106 0.013 0.016 0.016 0.066 0.011 0.022 
135      468    (0)   13 :  0.003 0.028 0.007 0.007 0.799 0.039 0.007 0.002 0.013 0.007 0.031 0.018 0.007 0.009 0.011 0.002 0.010 
136      469    (0)   13 :  0.002 0.028 0.050 0.058 0.003 0.127 0.007 0.002 0.339 0.005 0.089 0.055 0.045 0.069 0.009 0.002 0.109 
137      472    (0)   13 :  0.004 0.013 0.017 0.224 0.007 0.011 0.002 0.023 0.100 0.010 0.021 0.006 0.196 0.265 0.009 0.007 0.085 
138      473    (0)   13 :  0.003 0.005 0.018 0.019 0.802 0.007 0.004 0.011 0.029 0.007 0.009 0.002 0.020 0.022 0.007 0.008 0.027 
139      474    (0)   13 :  0.001 0.002 0.004 0.003 0.014 0.004 0.003 0.001 0.003 0.003 0.937 0.005 0.003 0.003 0.005 0.006 0.003 
140      475    (0)   13 :  0.003 0.003 0.028 0.121 0.032 0.161 0.006 0.009 0.119 0.009 0.063 0.004 0.099 0.113 0.003 0.003 0.223 
141      476    (2)   13 :  0.008 0.002 0.003 0.005 0.016 0.007 0.006 0.012 0.006 0.004 0.899 0.003 0.006 0.005 0.003 0.011 0.006 
142      477    (0)   13 :  0.005 0.003 0.008 0.047 0.011 0.008 0.005 0.010 0.533 0.008 0.011 0.007 0.065 0.101 0.002 0.018 0.158 
143      478    (0)   13 :  0.002 0.003 0.007 0.142 0.004 0.058 0.071 0.002 0.122 0.015 0.010 0.009 0.127 0.233 0.039 0.002 0.153 
144      479    (0)   13 :  0.003 0.015 0.316 0.010 0.004 0.011 0.004 0.001 0.011 0.009 0.558 0.012 0.010 0.013 0.008 0.003 0.010 
145      480    (0)   13 :  0.002 0.001 0.007 0.007 0.014 0.918 0.004 0.002 0.006 0.004 0.008 0.002 0.006 0.006 0.002 0.002 0.008 
146      481    (0)   13 :  0.043 0.003 0.145 0.136 0.017 0.014 0.010 0.008 0.088 0.012 0.108 0.005 0.103 0.212 0.008 0.003 0.084 
147      482    (0)   13 :  0.002 0.068 0.082 0.150 0.004 0.092 0.004 0.005 0.078 0.015 0.010 0.004 0.107 0.142 0.004 0.052 0.181 
148      489    (0)   13 :  0.004 0.006 0.037 0.209 0.025 0.029 0.005 0.029 0.120 0.008 0.007 0.005 0.124 0.205 0.003 0.014 0.170 
149      490    (0)   13 :  0.003 0.005 0.861 0.014 0.004 0.012 0.007 0.005 0.007 0.011 0.005 0.014 0.012 0.016 0.008 0.003 0.012 
150      491    (0)   13 :  0.009 0.009 0.092 0.104 0.009 0.014 0.004 0.002 0.082 0.080 0.029 0.005 0.117 0.187 0.003 0.116 0.139 
151      492    (0)   13 :  0.003 0.003 0.007 0.012 0.021 0.007 0.037 0.006 0.010 0.006 0.823 0.011 0.011 0.012 0.012 0.009 0.011 
152      493    (0)   13 :  0.008 0.005 0.005 0.023 0.004 0.016 0.003 0.015 0.101 0.017 0.684 0.006 0.022 0.030 0.015 0.005 0.040 
153      494    (0)   13 :  0.024 0.012 0.240 0.080 0.012 0.210 0.003 0.027 0.061 0.018 0.030 0.005 0.058 0.104 0.004 0.045 0.067 
154      498    (0)   13 :  0.007 0.003 0.091 0.151 0.044 0.006 0.012 0.012 0.066 0.007 0.111 0.022 0.112 0.272 0.009 0.004 0.070 
155      499    (0)   13 :  0.003 0.003 0.018 0.105 0.005 0.010 0.005 0.007 0.128 0.040 0.026 0.010 0.159 0.138 0.012 0.006 0.323 
156      709    (0)   13 :  0.077 0.017 0.132 0.143 0.004 0.009 0.008 0.016 0.114 0.011 0.023 0.009 0.100 0.229 0.006 0.010 0.090 
157      710    (4)   13 :  0.005 0.009 0.012 0.048 0.006 0.069 0.003 0.033 0.494 0.003 0.025 0.007 0.062 0.062 0.005 0.002 0.154 
158      711    (2)   13 :  0.007 0.022 0.037 0.121 0.007 0.012 0.058 0.004 0.146 0.100 0.012 0.010 0.126 0.169 0.043 0.004 0.124 
159      712    (4)   13 :  0.002 0.004 0.906 0.007 0.003 0.007 0.007 0.002 0.010 0.009 0.005 0.006 0.009 0.007 0.004 0.003 0.008 
160      713    (0)   13 :  0.004 0.023 0.012 0.101 0.009 0.004 0.005 0.031 0.142 0.008 0.007 0.005 0.179 0.168 0.003 0.008 0.292 
161      714    (2)   13 :  0.012 0.006 0.006 0.029 0.056 0.206 0.007 0.006 0.043 0.022 0.491 0.014 0.029 0.035 0.006 0.002 0.031 
162      715    (4)   13 :  0.011 0.011 0.017 0.014 0.002 0.719 0.010 0.004 0.009 0.018 0.013 0.016 0.016 0.011 0.090 0.027 0.012 
163      716    (0)   13 :  0.002 0.004 0.009 0.011 0.004 0.067 0.005 0.002 0.019 0.005 0.823 0.003 0.010 0.013 0.004 0.003 0.016 
164      717    (2)   13 :  0.003 0.007 0.011 0.051 0.009 0.141 0.132 0.006 0.174 0.010 0.021 0.005 0.096 0.067 0.009 0.012 0.246 
165      718    (4)   13 :  0.002 0.010 0.810 0.014 0.004 0.011 0.005 0.003 0.044 0.016 0.016 0.014 0.011 0.017 0.004 0.002 0.017 
166      719    (0)   13 :  0.002 0.004 0.004 0.004 0.004 0.949 0.002 0.002 0.004 0.002 0.004 0.003 0.004 0.004 0.003 0.002 0.004 
167      720    (2)   13 :  0.002 0.010 0.006 0.021 0.011 0.458 0.005 0.006 0.293 0.008 0.016 0.007 0.019 0.033 0.006 0.007 0.091 
168      721    (0)   13 :  0.037 0.012 0.017 0.039 0.025 0.023 0.005 0.007 0.154 0.020 0.487 0.004 0.039 0.051 0.003 0.006 0.071 
169      722    (4)   13 :  0.002 0.026 0.010 0.004 0.056 0.761 0.006 0.002 0.048 0.006 0.017 0.009 0.005 0.006 0.019 0.002 0.023 
170      723    (0)   13 :  0.008 0.002 0.007 0.020 0.003 0.817 0.007 0.004 0.020 0.003 0.035 0.004 0.015 0.031 0.002 0.006 0.016 
171      724    (0)   13 :  0.005 0.075 0.007 0.017 0.010 0.573 0.008 0.025 0.016 0.007 0.162 0.012 0.019 0.023 0.016 0.009 0.017 
172      725    (0)   13 :  0.004 0.009 0.017 0.233 0.018 0.031 0.009 0.021 0.083 0.012 0.009 0.005 0.139 0.229 0.004 0.011 0.166 
173      726    (0)   13 :  0.005 0.009 0.010 0.047 0.026 0.017 0.002 0.009 0.408 0.006 0.082 0.003 0.091 0.107 0.005 0.005 0.166 
174      727    (0)   13 :  0.010 0.008 0.059 0.102 0.007 0.012 0.003 0.002 0.083 0.013 0.380 0.004 0.087 0.090 0.006 0.011 0.122 
175      728    (2)   13 :  0.099 0.009 0.008 0.170 0.003 0.012 0.014 0.006 0.144 0.010 0.010 0.009 0.132 0.221 0.006 0.006 0.142 
176      729    (6)   13 :  0.005 0.004 0.039 0.098 0.003 0.037 0.005 0.004 0.330 0.015 0.008 0.006 0.111 0.212 0.004 0.005 0.115 
177      730    (2)   13 :  0.007 0.013 0.695 0.042 0.002 0.084 0.009 0.004 0.015 0.011 0.007 0.010 0.039 0.027 0.007 0.005 0.024 
178      731    (2)   13 :  0.002 0.004 0.862 0.017 0.006 0.004 0.004 0.004 0.026 0.005 0.007 0.009 0.015 0.017 0.004 0.002 0.013 
179      732    (0)   13 :  0.002 0.006 0.010 0.195 0.008 0.016 0.011 0.008 0.147 0.010 0.146 0.007 0.113 0.148 0.019 0.006 0.147 
180      733    (0)   13 :  0.004 0.036 0.059 0.070 0.003 0.028 0.009 0.014 0.361 0.012 0.019 0.014 0.083 0.130 0.004 0.003 0.151 
181      734    (2)   13 :  0.008 0.001 0.047 0.110 0.004 0.018 0.007 0.039 0.104 0.084 0.042 0.010 0.117 0.161 0.008 0.083 0.157 
182      735    (4)   13 :  0.003 0.007 0.095 0.098 0.056 0.034 0.008 0.002 0.133 0.036 0.009 0.006 0.128 0.162 0.003 0.008 0.211 
183      736    (2)   13 :  0.019 0.003 0.263 0.099 0.004 0.005 0.005 0.011 0.084 0.018 0.026 0.005 0.112 0.110 0.003 0.025 0.210 
184      737    (0)   13 :  0.013 0.004 0.708 0.048 0.015 0.004 0.030 0.003 0.020 0.017 0.011 0.011 0.034 0.047 0.005 0.003 0.025 
185      738    (2)   13 :  0.003 0.003 0.454 0.118 0.004 0.008 0.004 0.005 0.048 0.089 0.014 0.007 0.062 0.096 0.009 0.005 0.072 
186      739    (8)   13 :  0.015 0.004 0.742 0.036 0.011 0.030 0.004 0.002 0.022 0.012 0.014 0.011 0.020 0.040 0.003 0.006 0.028 
187      740    (4)   13 :  0.002 0.016 0.664 0.045 0.004 0.032 0.004 0.005 0.045 0.003 0.034 0.006 0.038 0.060 0.004 0.003 0.035 
188      741    (2)   13 :  0.002 0.023 0.183 0.094 0.028 0.054 0.076 0.012 0.084 0.010 0.018 0.051 0.078 0.145 0.041 0.028 0.073 
189      742    (4)   13 :  0.006 0.002 0.367 0.090 0.006 0.010 0.019 0.007 0.071 0.089 0.012 0.013 0.075 0.093 0.006 0.005 0.127 
190      743    (2)   13 :  0.002 0.002 0.012 0.009 0.003 0.802 0.005 0.003 0.015 0.006 0.047 0.005 0.011 0.010 0.005 0.009 0.053 
191      744    (0)   13 :  0.023 0.004 0.029 0.158 0.004 0.136 0.005 0.089 0.075 0.007 0.052 0.004 0.103 0.161 0.007 0.004 0.138 
192      745    (0)   13 :  0.013 0.020 0.026 0.070 0.008 0.451 0.019 0.003 0.071 0.007 0.010 0.036 0.063 0.098 0.028 0.005 0.072 
193      746    (2)   13 :  0.004 0.010 0.316 0.106 0.004 0.006 0.041 0.005 0.087 0.011 0.005 0.004 0.105 0.164 0.004 0.005 0.122 
194      747    (2)   13 :  0.006 0.006 0.400 0.085 0.017 0.008 0.007 0.006 0.059 0.077 0.017 0.039 0.071 0.088 0.013 0.024 0.078 
195      748    (0)   13 :  0.005 0.013 0.024 0.107 0.095 0.004 0.018 0.012 0.060 0.063 0.102 0.066 0.083 0.225 0.050 0.015 0.058 
196      749    (2)   13 :  0.009 0.042 0.020 0.118 0.003 0.014 0.011 0.141 0.073 0.090 0.004 0.012 0.111 0.175 0.014 0.020 0.141 
197      750    (4)   13 :  0.005 0.006 0.090 0.195 0.005 0.015 0.023 0.012 0.091 0.013 0.007 0.009 0.129 0.283 0.007 0.005 0.105 
198      751    (0)   13 :  0.016 0.008 0.044 0.160 0.011 0.022 0.007 0.002 0.095 0.066 0.008 0.010 0.119 0.314 0.009 0.007 0.100 
199      752    (2)   13 :  0.001 0.003 0.022 0.007 0.798 0.064 0.004 0.002 0.010 0.006 0.041 0.012 0.007 0.008 0.007 0.003 0.006 
200      753    (4)   13 :  0.012 0.014 0.012 0.092 0.066 0.027 0.006 0.004 0.163 0.035 0.023 0.019 0.113 0.121 0.036 0.031 0.227 
201      754    (2)   13 :  0.003 0.002 0.939 0.005 0.002 0.004 0.003 0.005 0.004 0.004 0.005 0.003 0.004 0.005 0.003 0.003 0.005 
202      155    (0)   14 :  0.004 0.006 0.012 0.218 0.006 0.010 0.005 0.011 0.085 0.008 0.024 0.029 0.114 0.316 0.005 0.030 0.118 
203      156    (2)   14 :  0.099 0.006 0.010 0.269 0.004 0.018 0.006 0.011 0.065 0.008 0.005 0.012 0.142 0.142 0.007 0.005 0.193 
204      157    (2)   14 :  0.002 0.004 0.771 0.025 0.018 0.011 0.005 0.037 0.026 0.008 0.007 0.004 0.033 0.019 0.005 0.011 0.016 
205      158    (0)   14 :  0.004 0.006 0.012 0.231 0.003 0.012 0.009 0.005 0.102 0.035 0.033 0.008 0.134 0.252 0.005 0.007 0.140 
206      159    (0)   14 :  0.010 0.103 0.075 0.142 0.009 0.008 0.006 0.016 0.095 0.012 0.031 0.013 0.118 0.246 0.005 0.003 0.106 
207      160    (0)   14 :  0.003 0.004 0.120 0.016 0.005 0.017 0.002 0.003 0.041 0.032 0.661 0.015 0.015 0.025 0.011 0.009 0.022 
208      161    (0)   14 :  0.003 0.008 0.317 0.031 0.007 0.017 0.003 0.219 0.196 0.009 0.038 0.006 0.031 0.044 0.004 0.008 0.058 
209      162    (0)   14 :  0.005 0.002 0.004 0.050 0.011 0.036 0.006 0.002 0.109 0.011 0.239 0.006 0.141 0.052 0.007 0.005 0.315 
210      163    (2)   14 :  0.008 0.002 0.078 0.261 0.012 0.009 0.007 0.003 0.086 0.050 0.003 0.004 0.110 0.127 0.003 0.003 0.232 
211      164    (0)   14 :  0.002 0.004 0.032 0.107 0.027 0.016 0.010 0.017 0.134 0.013 0.007 0.045 0.153 0.177 0.013 0.016 0.226 
212      165    (2)   14 :  0.003 0.003 0.006 0.372 0.003 0.003 0.003 0.013 0.019 0.002 0.003 0.003 0.414 0.014 0.004 0.003 0.131 
213      427    (0)   14 :  0.010 0.037 0.008 0.013 0.004 0.749 0.003 0.004 0.019 0.017 0.030 0.007 0.013 0.016 0.004 0.054 0.013 
214      428    (0)   14 :  0.003 0.026 0.004 0.014 0.029 0.627 0.004 0.003 0.052 0.040 0.094 0.007 0.011 0.020 0.036 0.005 0.026 
215      429    (0)   14 :  0.003 0.005 0.004 0.007 0.006 0.891 0.008 0.002 0.007 0.005 0.007 0.004 0.006 0.009 0.005 0.003 0.030 
216      430    (0)   14 :  0.002 0.004 0.029 0.088 0.027 0.018 0.048 0.006 0.206 0.075 0.074 0.020 0.094 0.174 0.015 0.004 0.116 
217      431    (0)   14 :  0.002 0.006 0.013 0.023 0.005 0.383 0.019 0.003 0.037 0.012 0.351 0.025 0.018 0.027 0.042 0.004 0.030 
218      435    (0)   14 :  0.003 0.003 0.005 0.005 0.009 0.873 0.004 0.001 0.012 0.004 0.043 0.003 0.005 0.006 0.003 0.002 0.018 
219      436    (0)   14 :  0.002 0.007 0.005 0.004 0.003 0.199 0.003 0.002 0.009 0.003 0.732 0.006 0.005 0.005 0.005 0.003 0.006 
220      437    (0)   14 :  0.002 0.028 0.009 0.013 0.009 0.067 0.005 0.003 0.120 0.004 0.587 0.038 0.013 0.021 0.037 0.004 0.041 
221      438    (0)   14 :  0.008 0.014 0.016 0.019 0.060 0.191 0.016 0.004 0.244 0.017 0.204 0.055 0.022 0.044 0.014 0.002 0.072 
222      439    (0)   14 :  0.006 0.004 0.155 0.079 0.039 0.266 0.029 0.002 0.072 0.015 0.059 0.012 0.077 0.104 0.004 0.004 0.071 
223      441    (0)   14 :  0.001 0.001 0.002 0.002 0.954 0.005 0.004 0.002 0.003 0.003 0.004 0.003 0.002 0.003 0.005 0.003 0.003 
224      442    (0)   14 :  0.005 0.003 0.004 0.012 0.015 0.708 0.003 0.002 0.021 0.009 0.008 0.009 0.009 0.016 0.011 0.149 0.015 
225      443    (4)   14 :  0.003 0.004 0.023 0.007 0.023 0.848 0.004 0.002 0.011 0.016 0.013 0.013 0.008 0.009 0.007 0.002 0.008 
226      444    (4)   14 :  0.004 0.010 0.004 0.007 0.002 0.908 0.003 0.006 0.005 0.006 0.006 0.007 0.007 0.007 0.004 0.008 0.007 
227      445    (2)   14 :  0.005 0.008 0.005 0.022 0.012 0.081 0.003 0.002 0.546 0.003 0.013 0.018 0.050 0.069 0.010 0.003 0.151 
228      446    (0)   14 :  0.003 0.001 0.004 0.004 0.003 0.892 0.003 0.003 0.005 0.005 0.007 0.002 0.004 0.004 0.002 0.005 0.052 
229      447    (0)   14 :  0.004 0.006 0.012 0.010 0.003 0.826 0.003 0.001 0.013 0.007 0.025 0.011 0.010 0.010 0.029 0.004 0.026 
230      449    (0)   14 :  0.002 0.003 0.003 0.004 0.004 0.920 0.005 0.002 0.006 0.004 0.016 0.008 0.004 0.005 0.003 0.007 0.004 
231      460    (0)   14 :  0.002 0.008 0.007 0.021 0.105 0.688 0.006 0.005 0.040 0.007 0.018 0.016 0.024 0.018 0.008 0.005 0.024 
232      461    (0)   14 :  0.002 0.008 0.099 0.056 0.006 0.137 0.013 0.005 0.090 0.050 0.294 0.026 0.049 0.096 0.011 0.008 0.049 
233      484    (0)   14 :  0.007 0.003 0.075 0.085 0.015 0.094 0.111 0.004 0.038 0.156 0.005 0.136 0.064 0.127 0.020 0.012 0.046 
234      485    (0)   14 :  0.002 0.003 0.024 0.014 0.015 0.709 0.004 0.004 0.037 0.003 0.120 0.005 0.014 0.016 0.006 0.005 0.022 
235      486    (0)   14 :  0.001 0.001 0.001 0.002 0.973 0.002 0.002 0.001 0.002 0.002 0.002 0.002 0.002 0.002 0.002 0.002 0.002 
236      487    (0)   14 :  0.003 0.006 0.019 0.043 0.012 0.457 0.007 0.002 0.068 0.014 0.142 0.006 0.055 0.056 0.008 0.011 0.090 
237      178    (0)   15 :  0.004 0.003 0.017 0.020 0.008 0.113 0.003 0.010 0.395 0.011 0.140 0.004 0.064 0.068 0.004 0.006 0.130 
238      422    (0)   15 :  0.003 0.003 0.029 0.007 0.003 0.860 0.005 0.001 0.011 0.005 0.017 0.009 0.006 0.007 0.008 0.003 0.024 
239      425    (0)   15 :  0.001 0.004 0.020 0.020 0.005 0.644 0.003 0.002 0.020 0.009 0.140 0.004 0.022 0.029 0.014 0.003 0.057 
240      426    (0)   15 :  0.106 0.003 0.040 0.086 0.003 0.050 0.004 0.028 0.053 0.243 0.062 0.003 0.074 0.136 0.006 0.023 0.079 
241      432    (0)   15 :  0.009 0.009 0.014 0.120 0.011 0.363 0.009 0.006 0.069 0.040 0.017 0.009 0.073 0.164 0.010 0.009 0.067 
242      434    (0)   15 :  0.002 0.004 0.005 0.003 0.003 0.883 0.010 0.002 0.004 0.004 0.006 0.004 0.004 0.004 0.006 0.004 0.053 
243      440    (0)   15 :  0.002 0.002 0.006 0.064 0.022 0.300 0.007 0.003 0.190 0.036 0.106 0.004 0.066 0.066 0.004 0.011 0.112 
244      448    (2)   15 :  0.002 0.048 0.009 0.006 0.008 0.815 0.026 0.002 0.012 0.009 0.008 0.014 0.006 0.009 0.004 0.012 0.008 
245      456    (0)   15 :  0.003 0.004 0.008 0.155 0.005 0.035 0.079 0.003 0.069 0.019 0.180 0.038 0.090 0.175 0.041 0.009 0.087 
246      457    (0)   15 :  0.005 0.010 0.016 0.052 0.034 0.353 0.022 0.003 0.069 0.019 0.191 0.017 0.051 0.081 0.017 0.004 0.055 
247      458    (0)   15 :  0.008 0.005 0.072 0.055 0.009 0.019 0.004 0.004 0.024 0.038 0.540 0.007 0.040 0.079 0.052 0.015 0.030 
248      459    (0)   15 :  0.003 0.002 0.015 0.011 0.010 0.855 0.004 0.004 0.020 0.010 0.014 0.006 0.010 0.015 0.007 0.004 0.012 
249      464    (0)   15 :  0.005 0.003 0.006 0.012 0.013 0.584 0.004 0.014 0.028 0.005 0.250 0.003 0.014 0.015 0.006 0.009 0.028 
250      465    (0)   15 :  0.001 0.002 0.014 0.008 0.005 0.129 0.006 0.003 0.013 0.004 0.748 0.003 0.010 0.009 0.005 0.002 0.037 
251      466    (0)   15 :  0.001 0.013 0.017 0.016 0.014 0.305 0.005 0.001 0.347 0.008 0.045 0.011 0.020 0.034 0.056 0.004 0.101 
252      470    (0)   15 :  0.002 0.003 0.008 0.007 0.140 0.361 0.006 0.003 0.008 0.009 0.422 0.004 0.006 0.007 0.003 0.006 0.008 
253      471    (0)   15 :  0.018 0.017 0.007 0.018 0.005 0.751 0.024 0.004 0.015 0.035 0.013 0.006 0.014 0.020 0.010 0.003 0.041 
254      483    (0)   15 :  0.003 0.002 0.042 0.010 0.004 0.814 0.004 0.011 0.007 0.010 0.006 0.004 0.008 0.010 0.003 0.007 0.057 
255      488    (0)   15 :  0.002 0.002 0.009 0.005 0.004 0.006 0.003 0.002 0.006 0.005 0.925 0.006 0.005 0.006 0.005 0.003 0.006 
256      495    (0)   15 :  0.001 0.002 0.022 0.009 0.003 0.733 0.029 0.003 0.011 0.009 0.080 0.019 0.008 0.012 0.006 0.003 0.049 
257      496    (0)   15 :  0.002 0.004 0.010 0.009 0.003 0.015 0.004 0.003 0.005 0.004 0.905 0.002 0.012 0.006 0.002 0.002 0.011 
258      497    (0)   15 :  0.003 0.003 0.005 0.009 0.003 0.739 0.082 0.004 0.014 0.003 0.008 0.005 0.014 0.014 0.004 0.026 0.064 
259      500    (0)   15 :  0.004 0.013 0.037 0.053 0.040 0.020 0.014 0.061 0.051 0.007 0.036 0.507 0.036 0.058 0.018 0.003 0.043 
260      879    (0)   15 :  0.002 0.002 0.009 0.006 0.005 0.871 0.003 0.004 0.005 0.010 0.005 0.003 0.006 0.005 0.003 0.008 0.053 
261      036    (0)   16 :  0.004 0.011 0.018 0.218 0.005 0.013 0.003 0.003 0.080 0.005 0.012 0.005 0.133 0.391 0.005 0.002 0.092 
262      063    (2)   16 :  0.004 0.003 0.050 0.202 0.011 0.020 0.028 0.003 0.182 0.042 0.017 0.013 0.131 0.123 0.008 0.015 0.149 
263      094    (4)   16 :  0.005 0.011 0.276 0.083 0.007 0.014 0.012 0.013 0.047 0.019 0.153 0.076 0.069 0.139 0.013 0.009 0.055 
264      103    (4)   16 :  0.002 0.003 0.008 0.369 0.004 0.004 0.012 0.007 0.018 0.002 0.003 0.003 0.414 0.014 0.004 0.003 0.131 
265      112    (0)   16 :  0.004 0.003 0.356 0.114 0.012 0.006 0.007 0.007 0.077 0.047 0.006 0.008 0.085 0.113 0.003 0.006 0.146 
266      114    (2)   16 :  0.002 0.008 0.090 0.144 0.015 0.011 0.004 0.003 0.108 0.004 0.073 0.004 0.136 0.200 0.004 0.004 0.192 
267      120    (0)   16 :  0.002 0.011 0.833 0.016 0.005 0.007 0.005 0.003 0.013 0.013 0.022 0.010 0.014 0.015 0.013 0.004 0.014 
268      127    (2)   16 :  0.003 0.005 0.038 0.157 0.073 0.004 0.005 0.006 0.067 0.064 0.106 0.007 0.099 0.269 0.009 0.006 0.082 
269      147    (0)   16 :  0.046 0.005 0.019 0.160 0.007 0.012 0.005 0.007 0.068 0.234 0.010 0.002 0.118 0.185 0.002 0.006 0.112 
270      166    (0)   16 :  0.026 0.004 0.041 0.112 0.004 0.016 0.011 0.077 0.070 0.108 0.156 0.005 0.090 0.138 0.007 0.018 0.117 
271      167    (0)   16 :  0.004 0.009 0.014 0.059 0.012 0.032 0.070 0.003 0.114 0.006 0.142 0.005 0.143 0.068 0.007 0.004 0.307 
272      168    (0)   16 :  0.003 0.016 0.013 0.104 0.003 0.010 0.004 0.013 0.157 0.003 0.008 0.004 0.176 0.176 0.004 0.004 0.301 
273      169    (2)   16 :  0.005 0.006 0.033 0.071 0.004 0.076 0.005 0.004 0.095 0.043 0.221 0.008 0.114 0.082 0.008 0.004 0.221 
274      170    (0)   16 :  0.005 0.004 0.056 0.188 0.022 0.015 0.006 0.039 0.077 0.016 0.005 0.021 0.128 0.172 0.015 0.034 0.197 
275      171    (2)   16 :  0.011 0.003 0.017 0.257 0.003 0.005 0.008 0.006 0.077 0.033 0.006 0.044 0.148 0.107 0.057 0.004 0.215 
276      172    (0)   16 :  0.014 0.011 0.808 0.015 0.002 0.009 0.010 0.004 0.012 0.014 0.023 0.012 0.017 0.017 0.017 0.004 0.013 
277      185    (0)   16 :  0.005 0.002 0.009 0.120 0.016 0.067 0.008 0.004 0.132 0.031 0.014 0.005 0.169 0.093 0.002 0.005 0.317 
278      199    (2)   16 :  0.005 0.005 0.005 0.081 0.008 0.005 0.003 0.011 0.131 0.007 0.024 0.006 0.128 0.103 0.004 0.203 0.270 
279      339    (0)   16 :  0.005 0.002 0.005 0.032 0.005 0.024 0.011 0.002 0.087 0.007 0.393 0.004 0.110 0.035 0.007 0.005 0.266 
280      355    (0)   16 :  0.013 0.002 0.005 0.115 0.004 0.003 0.006 0.038 0.134 0.008 0.004 0.003 0.161 0.128 0.003 0.073 0.300 
281      356    (0)   16 :  0.003 0.006 0.611 0.026 0.018 0.005 0.003 0.175 0.018 0.006 0.020 0.004 0.024 0.056 0.004 0.005 0.016 
282      357    (0)   16 :  0.013 0.009 0.061 0.193 0.026 0.006 0.004 0.006 0.091 0.016 0.032 0.006 0.137 0.283 0.010 0.017 0.089 
283      358    (0)   16 :  0.006 0.002 0.007 0.194 0.018 0.010 0.042 0.004 0.089 0.010 0.008 0.007 0.129 0.393 0.006 0.004 0.072 
284      359    (0)   16 :  0.002 0.002 0.253 0.158 0.003 0.008 0.019 0.005 0.090 0.020 0.007 0.004 0.101 0.172 0.003 0.010 0.144 
285      360    (0)   16 :  0.009 0.006 0.020 0.228 0.006 0.037 0.003 0.022 0.099 0.021 0.020 0.013 0.116 0.257 0.010 0.004 0.127 
286      361    (0)   16 :  0.002 0.003 0.766 0.018 0.004 0.038 0.006 0.003 0.028 0.011 0.038 0.005 0.018 0.022 0.005 0.003 0.029 
287      362    (0)   16 :  0.005 0.002 0.044 0.120 0.003 0.084 0.010 0.012 0.068 0.072 0.018 0.143 0.093 0.183 0.038 0.005 0.098 
288      363    (0)   16 :  0.012 0.005 0.025 0.104 0.010 0.012 0.009 0.007 0.050 0.353 0.017 0.006 0.091 0.154 0.004 0.041 0.099 
289      364    (0)   16 :  0.003 0.003 0.024 0.107 0.017 0.005 0.007 0.065 0.049 0.013 0.084 0.237 0.077 0.172 0.038 0.040 0.059 
290      365    (0)   16 :  0.012 0.002 0.015 0.131 0.009 0.019 0.004 0.074 0.180 0.006 0.103 0.033 0.089 0.245 0.004 0.003 0.071 
291      366    (0)   16 :  0.027 0.001 0.081 0.218 0.003 0.005 0.011 0.005 0.077 0.015 0.009 0.004 0.130 0.331 0.003 0.003 0.079 
292      367    (0)   16 :  0.010 0.005 0.014 0.174 0.037 0.007 0.016 0.002 0.162 0.005 0.005 0.011 0.143 0.187 0.011 0.003 0.209 
293      368    (0)   16 :  0.012 0.007 0.007 0.225 0.044 0.004 0.015 0.063 0.076 0.006 0.005 0.028 0.158 0.166 0.008 0.003 0.172 
294      369    (0)   16 :  0.004 0.002 0.009 0.285 0.003 0.004 0.004 0.015 0.115 0.007 0.005 0.003 0.125 0.133 0.002 0.004 0.280 
295      370    (0)   16 :  0.011 0.012 0.396 0.083 0.005 0.014 0.048 0.084 0.055 0.017 0.022 0.006 0.064 0.116 0.005 0.008 0.059 
296      371    (0)   16 :  0.003 0.005 0.009 0.202 0.003 0.010 0.009 0.002 0.144 0.004 0.006 0.018 0.155 0.239 0.004 0.006 0.179 
297      372    (0)   16 :  0.004 0.003 0.013 0.019 0.002 0.397 0.003 0.007 0.012 0.063 0.090 0.013 0.015 0.020 0.010 0.312 0.016 
298      373    (0)   16 :  0.003 0.003 0.052 0.064 0.003 0.025 0.008 0.090 0.386 0.006 0.008 0.007 0.073 0.081 0.007 0.047 0.137 
299      380    (0)   16 :  0.006 0.038 0.050 0.166 0.002 0.006 0.008 0.011 0.104 0.034 0.033 0.015 0.134 0.277 0.012 0.009 0.095 
300      388    (0)   16 :  0.007 0.005 0.418 0.094 0.003 0.007 0.011 0.044 0.050 0.024 0.007 0.008 0.061 0.181 0.023 0.021 0.037 
301      418    (0)   16 :  0.006 0.020 0.009 0.031 0.006 0.005 0.003 0.006 0.523 0.016 0.008 0.010 0.066 0.074 0.014 0.058 0.145 
302      419    (0)   16 :  0.004 0.007 0.006 0.025 0.006 0.007 0.004 0.006 0.607 0.005 0.006 0.004 0.070 0.066 0.003 0.002 0.169 
303      420    (0)   16 :  0.049 0.002 0.052 0.123 0.009 0.037 0.009 0.006 0.203 0.015 0.025 0.032 0.077 0.174 0.031 0.061 0.095 
304      409    (0)   17 :  0.002 0.104 0.032 0.188 0.007 0.010 0.005 0.005 0.193 0.012 0.021 0.006 0.116 0.093 0.014 0.003 0.189 
305      414    (0)   17 :  0.002 0.013 0.007 0.209 0.007 0.006 0.006 0.003 0.170 0.014 0.009 0.008 0.130 0.125 0.090 0.007 0.193 
306      415    (2)   17 :  0.003 0.004 0.022 0.209 0.032 0.005 0.010 0.014 0.105 0.011 0.010 0.007 0.135 0.189 0.006 0.015 0.223 
307      416    (0)   17 :  0.003 0.061 0.007 0.035 0.004 0.015 0.022 0.002 0.476 0.009 0.014 0.020 0.064 0.094 0.013 0.009 0.155 
308      571    (0)    2 :  0.004 0.004 0.006 0.009 0.032 0.027 0.036 0.002 0.008 0.034 0.009 0.344 0.009 0.008 0.454 0.004 0.008 
309      572    (0)    2 :  0.005 0.013 0.009 0.009 0.005 0.003 0.080 0.002 0.011 0.015 0.003 0.044 0.008 0.009 0.773 0.002 0.008 
310      573    (2)    2 :  0.001 0.003 0.003 0.005 0.004 0.003 0.004 0.001 0.003 0.002 0.002 0.112 0.004 0.006 0.841 0.002 0.004 
311      574    (0)    2 :  0.002 0.011 0.006 0.008 0.004 0.004 0.013 0.006 0.008 0.004 0.004 0.022 0.008 0.008 0.883 0.002 0.008 
312      575    (2)    2 :  0.005 0.004 0.003 0.004 0.003 0.003 0.004 0.003 0.005 0.015 0.002 0.005 0.004 0.005 0.926 0.004 0.005 
313      576    (0)    2 :  0.001 0.003 0.003 0.004 0.003 0.003 0.008 0.002 0.004 0.004 0.003 0.364 0.004 0.004 0.583 0.003 0.004 
314      577    (0)    2 :  0.001 0.004 0.002 0.003 0.003 0.002 0.003 0.001 0.003 0.002 0.002 0.004 0.003 0.002 0.960 0.003 0.002 
315      578    (0)    2 :  0.001 0.007 0.002 0.002 0.002 0.002 0.002 0.001 0.002 0.002 0.002 0.005 0.002 0.002 0.961 0.003 0.002 
316      579    (0)    2 :  0.001 0.002 0.002 0.002 0.001 0.003 0.002 0.001 0.002 0.002 0.004 0.005 0.003 0.002 0.963 0.002 0.002 
317      580    (0)    2 :  0.001 0.002 0.002 0.002 0.002 0.003 0.003 0.001 0.003 0.002 0.002 0.008 0.002 0.002 0.959 0.001 0.002 
318      581    (0)    2 :  0.005 0.020 0.003 0.004 0.002 0.009 0.011 0.002 0.005 0.003 0.008 0.068 0.004 0.005 0.841 0.002 0.005 
319      582    (4)    2 :  0.039 0.002 0.010 0.013 0.002 0.009 0.020 0.003 0.010 0.006 0.008 0.059 0.015 0.014 0.756 0.013 0.018 
320      583    (0)    2 :  0.008 0.002 0.018 0.017 0.009 0.009 0.004 0.002 0.013 0.010 0.008 0.005 0.015 0.022 0.834 0.010 0.014 
321      584    (0)    2 :  0.006 0.016 0.013 0.012 0.004 0.059 0.007 0.002 0.009 0.008 0.007 0.038 0.010 0.010 0.779 0.009 0.013 
322      585    (0)    2 :  0.002 0.002 0.004 0.005 0.007 0.006 0.016 0.001 0.005 0.010 0.006 0.041 0.006 0.005 0.878 0.002 0.005 
323      586    (2)    2 :  0.004 0.003 0.003 0.004 0.003 0.005 0.007 0.001 0.004 0.004 0.006 0.014 0.004 0.003 0.926 0.005 0.004 
324      587    (0)    2 :  0.002 0.020 0.006 0.004 0.002 0.002 0.008 0.002 0.003 0.004 0.003 0.023 0.004 0.004 0.907 0.002 0.003 
325      588    (0)    2 :  0.015 0.003 0.005 0.015 0.008 0.004 0.004 0.007 0.007 0.006 0.003 0.014 0.018 0.010 0.866 0.005 0.010 
326      589    (0)    2 :  0.005 0.008 0.007 0.010 0.002 0.015 0.008 0.003 0.008 0.022 0.005 0.009 0.009 0.011 0.856 0.011 0.010 
327      590    (0)    2 :  0.010 0.016 0.003 0.004 0.030 0.003 0.009 0.002 0.003 0.002 0.005 0.005 0.003 0.004 0.893 0.004 0.003 
328      001    (0)    3 :  0.003 0.003 0.002 0.003 0.002 0.002 0.003 0.956 0.003 0.002 0.002 0.003 0.003 0.004 0.004 0.001 0.003 
329      005    (0)    3 :  0.006 0.001 0.002 0.002 0.002 0.002 0.002 0.965 0.002 0.002 0.001 0.001 0.002 0.002 0.001 0.003 0.002 
330      106    (0)    3 :  0.002 0.003 0.003 0.003 0.002 0.002 0.002 0.954 0.003 0.003 0.002 0.005 0.003 0.003 0.005 0.002 0.003 
331      192    (0)    3 :  0.005 0.006 0.006 0.017 0.003 0.005 0.004 0.863 0.010 0.009 0.004 0.006 0.016 0.015 0.007 0.011 0.013 
332      229    (0)    3 :  0.042 0.003 0.006 0.005 0.005 0.004 0.007 0.887 0.005 0.007 0.004 0.003 0.005 0.005 0.003 0.004 0.006 
333      319    (0)    3 :  0.005 0.002 0.007 0.004 0.002 0.002 0.003 0.948 0.004 0.002 0.003 0.002 0.004 0.004 0.002 0.002 0.004 
334      327    (0)    3 :  0.002 0.002 0.006 0.003 0.002 0.002 0.002 0.956 0.002 0.003 0.002 0.003 0.003 0.003 0.003 0.003 0.003 
335      340    (0)    3 :  0.003 0.001 0.004 0.007 0.004 0.002 0.004 0.938 0.004 0.002 0.003 0.003 0.008 0.004 0.003 0.003 0.005 
336      345    (0)    3 :  0.011 0.001 0.011 0.005 0.002 0.002 0.004 0.924 0.005 0.005 0.006 0.004 0.005 0.005 0.003 0.003 0.005 
337      375    (0)    3 :  0.003 0.001 0.003 0.003 0.002 0.002 0.002 0.956 0.003 0.004 0.003 0.002 0.003 0.003 0.002 0.005 0.003 
338      501    (4)    3 :  0.003 0.001 0.004 0.003 0.009 0.003 0.002 0.952 0.003 0.004 0.003 0.002 0.003 0.003 0.002 0.002 0.003 
339      502    (0)    3 :  0.008 0.003 0.003 0.005 0.012 0.002 0.004 0.915 0.004 0.008 0.011 0.003 0.005 0.005 0.004 0.003 0.004 
340      503    (2)    3 :  0.002 0.002 0.002 0.002 0.007 0.001 0.004 0.959 0.002 0.002 0.001 0.005 0.002 0.002 0.002 0.002 0.002 
341      504    (0)    3 :  0.016 0.004 0.002 0.004 0.002 0.007 0.002 0.924 0.005 0.003 0.008 0.002 0.004 0.005 0.003 0.004 0.004 
342      505    (0)    3 :  0.048 0.007 0.009 0.007 0.002 0.002 0.011 0.865 0.006 0.007 0.002 0.006 0.005 0.007 0.005 0.004 0.007 
343      506    (2)    3 :  0.005 0.002 0.006 0.006 0.005 0.004 0.002 0.933 0.004 0.006 0.004 0.002 0.005 0.006 0.001 0.002 0.006 
344      507    (4)    3 :  0.004 0.001 0.004 0.003 0.004 0.002 0.003 0.954 0.003 0.005 0.002 0.002 0.003 0.003 0.002 0.002 0.003 
345      508    (0)    3 :  0.003 0.002 0.007 0.006 0.022 0.005 0.006 0.905 0.005 0.005 0.005 0.004 0.007 0.006 0.003 0.002 0.005 
346      509    (2)    3 :  0.003 0.001 0.003 0.005 0.003 0.003 0.003 0.953 0.002 0.003 0.002 0.002 0.005 0.003 0.002 0.004 0.003 
347      510    (2)    3 :  0.003 0.003 0.003 0.005 0.004 0.008 0.002 0.920 0.005 0.003 0.005 0.002 0.006 0.006 0.001 0.020 0.004 
348      511    (4)    3 :  0.002 0.003 0.002 0.003 0.005 0.003 0.002 0.956 0.003 0.002 0.003 0.002 0.003 0.003 0.004 0.002 0.003 
349      512    (4)    3 :  0.006 0.002 0.004 0.003 0.002 0.003 0.002 0.952 0.003 0.004 0.003 0.002 0.003 0.003 0.002 0.003 0.003 
350      513    (0)    3 :  0.007 0.002 0.003 0.003 0.002 0.003 0.002 0.933 0.003 0.003 0.002 0.002 0.004 0.004 0.004 0.019 0.003 
351      514    (0)    3 :  0.002 0.001 0.002 0.004 0.002 0.004 0.002 0.958 0.004 0.002 0.003 0.001 0.003 0.004 0.001 0.003 0.005 
352      515    (2)    3 :  0.004 0.001 0.002 0.004 0.003 0.002 0.003 0.959 0.002 0.002 0.002 0.002 0.004 0.002 0.002 0.003 0.002 
353      516    (2)    3 :  0.004 0.003 0.003 0.005 0.008 0.004 0.004 0.922 0.005 0.005 0.009 0.003 0.004 0.005 0.003 0.007 0.005 
354      517    (0)    3 :  0.005 0.001 0.002 0.002 0.002 0.008 0.001 0.964 0.002 0.002 0.002 0.001 0.002 0.002 0.001 0.002 0.002 
355      518    (0)    3 :  0.003 0.002 0.006 0.006 0.004 0.004 0.007 0.926 0.008 0.004 0.005 0.003 0.006 0.006 0.002 0.003 0.007 
356      519    (0)    3 :  0.002 0.003 0.003 0.004 0.005 0.002 0.003 0.952 0.003 0.002 0.002 0.003 0.004 0.003 0.002 0.004 0.003 
357      520    (2)    3 :  0.002 0.004 0.002 0.004 0.002 0.005 0.002 0.946 0.003 0.003 0.003 0.003 0.004 0.003 0.005 0.006 0.003 
358      521    (2)    3 :  0.006 0.007 0.003 0.003 0.002 0.002 0.003 0.952 0.002 0.003 0.002 0.003 0.002 0.002 0.002 0.003 0.002 
359      522    (0)    3 :  0.001 0.013 0.003 0.005 0.010 0.006 0.004 0.895 0.005 0.004 0.020 0.006 0.005 0.006 0.005 0.005 0.006 
360      523    (2)    3 :  0.004 0.004 0.007 0.006 0.005 0.005 0.008 0.917 0.006 0.004 0.004 0.004 0.005 0.007 0.006 0.002 0.006 
361      524    (0)    3 :  0.003 0.012 0.009 0.007 0.070 0.004 0.021 0.799 0.012 0.006 0.012 0.008 0.007 0.010 0.006 0.005 0.008 
362      525    (0)    3 :  0.001 0.001 0.002 0.003 0.002 0.002 0.001 0.964 0.003 0.002 0.003 0.002 0.003 0.003 0.002 0.003 0.003 
363      526    (2)    3 :  0.012 0.003 0.003 0.002 0.002 0.003 0.002 0.954 0.002 0.002 0.002 0.002 0.002 0.003 0.001 0.002 0.002 
364      527    (2)    4 :  0.017 0.002 0.004 0.017 0.013 0.009 0.026 0.012 0.011 0.009 0.018 0.284 0.018 0.013 0.523 0.012 0.013 
365      528    (4)    4 :  0.003 0.017 0.018 0.022 0.004 0.004 0.069 0.002 0.018 0.379 0.014 0.200 0.020 0.029 0.175 0.008 0.020 
366      529    (4)    4 :  0.012 0.014 0.009 0.027 0.005 0.021 0.011 0.002 0.032 0.141 0.019 0.241 0.020 0.041 0.383 0.004 0.018 
367      530    (0)    4 :  0.004 0.003 0.007 0.005 0.005 0.003 0.005 0.005 0.004 0.008 0.002 0.925 0.005 0.005 0.004 0.004 0.005 
368      531    (2)    4 :  0.006 0.012 0.011 0.008 0.004 0.005 0.013 0.005 0.007 0.034 0.005 0.840 0.007 0.010 0.019 0.006 0.007 
369      532    (4)    4 :  0.002 0.003 0.022 0.012 0.033 0.003 0.013 0.002 0.007 0.087 0.004 0.766 0.010 0.015 0.009 0.002 0.008 
370      533    (0)    4 :  0.002 0.019 0.022 0.046 0.002 0.010 0.026 0.006 0.098 0.012 0.020 0.591 0.048 0.034 0.020 0.002 0.042 
371      534    (2)    4 :  0.002 0.015 0.005 0.007 0.003 0.004 0.041 0.003 0.009 0.006 0.004 0.867 0.007 0.008 0.007 0.006 0.007 
372      535    (2)    4 :  0.004 0.006 0.014 0.015 0.011 0.008 0.016 0.003 0.015 0.043 0.011 0.365 0.013 0.018 0.441 0.002 0.015 
373      536    (2)    4 :  0.015 0.026 0.008 0.006 0.004 0.006 0.009 0.002 0.005 0.003 0.003 0.879 0.005 0.007 0.014 0.002 0.006 
374      537    (2)    4 :  0.002 0.008 0.004 0.005 0.002 0.007 0.005 0.002 0.006 0.005 0.005 0.919 0.005 0.005 0.004 0.010 0.005 
375      538    (2)    4 :  0.002 0.003 0.046 0.050 0.004 0.013 0.073 0.005 0.041 0.005 0.024 0.459 0.053 0.041 0.135 0.003 0.043 
376      539    (2)    4 :  0.002 0.003 0.003 0.004 0.003 0.002 0.061 0.001 0.004 0.005 0.005 0.887 0.004 0.004 0.005 0.002 0.004 
377      540    (2)    4 :  0.001 0.010 0.019 0.010 0.005 0.009 0.008 0.001 0.022 0.006 0.010 0.848 0.010 0.010 0.014 0.002 0.015 
378      541    (2)    4 :  0.002 0.008 0.020 0.008 0.005 0.045 0.052 0.003 0.011 0.050 0.011 0.745 0.007 0.010 0.010 0.003 0.010 
379      542    (2)    4 :  0.004 0.011 0.015 0.018 0.005 0.022 0.061 0.002 0.019 0.015 0.090 0.657 0.014 0.023 0.017 0.009 0.019 
380      543    (0)    4 :  0.002 0.018 0.015 0.045 0.003 0.043 0.025 0.003 0.033 0.008 0.012 0.636 0.031 0.080 0.008 0.011 0.027 
381      544    (2)    4 :  0.002 0.004 0.005 0.003 0.001 0.003 0.010 0.003 0.003 0.003 0.003 0.942 0.004 0.003 0.006 0.002 0.003 
382      545    (2)    4 :  0.001 0.004 0.005 0.035 0.009 0.004 0.784 0.002 0.007 0.005 0.013 0.029 0.061 0.008 0.021 0.002 0.008 
383      546    (4)    4 :  0.002 0.004 0.004 0.066 0.010 0.003 0.710 0.001 0.012 0.004 0.015 0.011 0.109 0.016 0.018 0.002 0.012 
384      547    (6)    4 :  0.015 0.010 0.029 0.042 0.036 0.021 0.011 0.004 0.026 0.010 0.009 0.511 0.044 0.062 0.095 0.030 0.046 
385      019    (0)    5 :  0.004 0.007 0.006 0.007 0.003 0.036 0.718 0.002 0.007 0.016 0.004 0.039 0.006 0.007 0.129 0.004 0.008 
386      064    (0)    5 :  0.001 0.003 0.002 0.003 0.004 0.003 0.916 0.001 0.002 0.002 0.002 0.045 0.003 0.002 0.007 0.002 0.002 
387      065    (0)    5 :  0.001 0.005 0.002 0.002 0.002 0.003 0.014 0.001 0.002 0.002 0.002 0.951 0.002 0.002 0.004 0.001 0.002 
388      066    (0)    5 :  0.002 0.005 0.009 0.009 0.011 0.019 0.534 0.002 0.012 0.004 0.008 0.331 0.008 0.011 0.022 0.003 0.010 
389      067    (0)    5 :  0.006 0.010 0.005 0.008 0.004 0.027 0.848 0.005 0.010 0.018 0.005 0.011 0.008 0.009 0.008 0.010 0.008 
390      068    (0)    5 :  0.002 0.008 0.007 0.008 0.020 0.009 0.023 0.002 0.008 0.016 0.010 0.812 0.008 0.009 0.019 0.029 0.009 
391      069    (0)    5 :  0.001 0.013 0.006 0.009 0.016 0.004 0.727 0.001 0.006 0.007 0.008 0.155 0.012 0.005 0.021 0.004 0.005 
392      107    (0)    5 :  0.001 0.003 0.003 0.005 0.005 0.006 0.541 0.001 0.004 0.005 0.005 0.380 0.006 0.005 0.022 0.002 0.005 
393      110    (0)    5 :  0.003 0.002 0.003 0.003 0.003 0.002 0.954 0.001 0.002 0.008 0.002 0.003 0.003 0.003 0.004 0.001 0.003 
394      121    (0)    5 :  0.002 0.002 0.003 0.005 0.003 0.005 0.020 0.001 0.004 0.013 0.006 0.903 0.004 0.005 0.016 0.003 0.005 
395      137    (0)    5 :  0.010 0.006 0.005 0.009 0.005 0.008 0.885 0.002 0.009 0.004 0.009 0.012 0.010 0.010 0.004 0.002 0.011 
396      146    (0)    5 :  0.003 0.022 0.069 0.012 0.002 0.004 0.494 0.004 0.009 0.005 0.005 0.314 0.012 0.012 0.018 0.004 0.012 
397      149    (0)    5 :  0.003 0.002 0.004 0.004 0.002 0.006 0.936 0.001 0.004 0.005 0.005 0.005 0.004 0.005 0.008 0.002 0.005 
398      154    (0)    5 :  0.002 0.165 0.003 0.006 0.003 0.006 0.688 0.002 0.005 0.004 0.005 0.040 0.006 0.006 0.032 0.016 0.007 
399      179    (0)    5 :  0.002 0.004 0.004 0.004 0.006 0.004 0.513 0.002 0.004 0.004 0.006 0.233 0.004 0.004 0.196 0.004 0.004 
400      181    (0)    5 :  0.002 0.004 0.003 0.003 0.002 0.002 0.769 0.001 0.004 0.003 0.003 0.058 0.003 0.004 0.134 0.002 0.003 
401      182    (0)    5 :  0.002 0.005 0.011 0.010 0.016 0.006 0.056 0.003 0.008 0.024 0.004 0.799 0.008 0.011 0.012 0.013 0.009 
402      186    (0)    5 :  0.005 0.004 0.029 0.017 0.009 0.008 0.562 0.005 0.011 0.087 0.013 0.183 0.013 0.021 0.014 0.004 0.014 
403      193    (0)    5 :  0.002 0.008 0.007 0.008 0.005 0.009 0.389 0.003 0.008 0.006 0.004 0.500 0.007 0.008 0.025 0.004 0.008 
404      320    (0)    5 :  0.003 0.011 0.013 0.006 0.003 0.007 0.844 0.001 0.007 0.008 0.004 0.053 0.005 0.006 0.010 0.012 0.006 
405      341    (0)    5 :  0.002 0.003 0.007 0.006 0.005 0.011 0.087 0.002 0.006 0.004 0.009 0.675 0.005 0.007 0.160 0.004 0.007 
406      376    (0)    5 :  0.003 0.009 0.017 0.010 0.018 0.004 0.240 0.042 0.014 0.026 0.007 0.445 0.009 0.015 0.127 0.003 0.011 
407      395    (0)    5 :  0.005 0.051 0.005 0.007 0.004 0.010 0.555 0.001 0.007 0.011 0.022 0.292 0.006 0.007 0.008 0.004 0.006 
408      396    (0)    5 :  0.003 0.003 0.003 0.003 0.004 0.002 0.020 0.002 0.002 0.002 0.003 0.939 0.003 0.003 0.003 0.002 0.003 
409      397    (0)    5 :  0.009 0.009 0.003 0.004 0.002 0.004 0.042 0.001 0.005 0.005 0.003 0.888 0.004 0.005 0.006 0.006 0.005 
410      398    (0)    5 :  0.004 0.056 0.009 0.005 0.006 0.005 0.396 0.002 0.005 0.012 0.002 0.459 0.005 0.006 0.019 0.004 0.005 
411      399    (0)    5 :  0.002 0.002 0.008 0.005 0.007 0.003 0.006 0.002 0.004 0.012 0.003 0.909 0.006 0.005 0.017 0.003 0.005 
412      400    (0)    5 :  0.002 0.007 0.016 0.007 0.011 0.003 0.867 0.001 0.006 0.012 0.003 0.038 0.006 0.008 0.003 0.002 0.006 
413      401    (0)    5 :  0.003 0.005 0.008 0.011 0.007 0.006 0.786 0.003 0.009 0.004 0.006 0.104 0.010 0.013 0.010 0.002 0.012 
414      402    (0)    5 :  0.002 0.002 0.003 0.004 0.003 0.002 0.949 0.003 0.003 0.007 0.003 0.003 0.003 0.004 0.003 0.003 0.003 
415      403    (0)    5 :  0.009 0.004 0.026 0.009 0.012 0.012 0.323 0.003 0.007 0.015 0.009 0.534 0.009 0.009 0.008 0.004 0.008 
416      073    (0)    6 :  0.002 0.001 0.003 0.004 0.003 0.006 0.004 0.001 0.003 0.005 0.004 0.944 0.004 0.004 0.005 0.002 0.004 
417      074    (0)    6 :  0.002 0.038 0.003 0.008 0.002 0.005 0.004 0.006 0.007 0.002 0.003 0.877 0.007 0.008 0.016 0.004 0.007 
418      075    (0)    6 :  0.003 0.007 0.009 0.008 0.002 0.006 0.008 0.002 0.005 0.005 0.009 0.892 0.010 0.005 0.019 0.004 0.005 
419      076    (0)    6 :  0.004 0.004 0.004 0.005 0.003 0.005 0.006 0.004 0.006 0.010 0.009 0.909 0.005 0.006 0.010 0.005 0.005 
420      077    (0)    6 :  0.003 0.003 0.005 0.009 0.005 0.012 0.011 0.001 0.006 0.005 0.010 0.890 0.012 0.007 0.007 0.008 0.007 
421      078    (0)    6 :  0.005 0.005 0.012 0.055 0.003 0.006 0.007 0.002 0.014 0.005 0.007 0.740 0.075 0.014 0.029 0.005 0.017 
422      079    (0)    6 :  0.001 0.003 0.006 0.011 0.008 0.007 0.010 0.002 0.012 0.007 0.007 0.881 0.009 0.015 0.010 0.002 0.010 
423      080    (0)    6 :  0.002 0.003 0.003 0.005 0.004 0.004 0.004 0.002 0.005 0.012 0.003 0.911 0.005 0.005 0.010 0.015 0.006 
424      081    (0)    6 :  0.016 0.016 0.005 0.014 0.005 0.033 0.067 0.004 0.019 0.009 0.013 0.671 0.012 0.017 0.080 0.005 0.014 
425      082    (0)    6 :  0.002 0.003 0.004 0.003 0.005 0.003 0.015 0.002 0.003 0.005 0.002 0.934 0.003 0.003 0.007 0.003 0.003 
426      083    (0)    6 :  0.003 0.015 0.005 0.010 0.010 0.004 0.044 0.002 0.009 0.007 0.006 0.739 0.010 0.013 0.109 0.002 0.012 
427      084    (0)    6 :  0.006 0.126 0.004 0.006 0.002 0.015 0.016 0.004 0.005 0.003 0.008 0.698 0.005 0.006 0.088 0.002 0.006 
428      085    (0)    6 :  0.015 0.010 0.011 0.017 0.018 0.023 0.048 0.002 0.020 0.007 0.310 0.415 0.017 0.018 0.056 0.003 0.012 
429      404    (0)    6 :  0.003 0.028 0.005 0.006 0.003 0.009 0.012 0.001 0.006 0.006 0.005 0.865 0.006 0.005 0.031 0.003 0.005 
430      405    (0)    6 :  0.011 0.006 0.005 0.008 0.002 0.011 0.006 0.002 0.008 0.004 0.005 0.889 0.011 0.005 0.018 0.002 0.006 
431      406    (0)    6 :  0.009 0.009 0.006 0.018 0.006 0.004 0.004 0.004 0.011 0.006 0.004 0.862 0.023 0.010 0.011 0.004 0.010 
432      407    (0)    6 :  0.003 0.006 0.004 0.005 0.002 0.007 0.097 0.001 0.006 0.003 0.010 0.821 0.005 0.006 0.014 0.003 0.006 
433      408    (0)    6 :  0.002 0.006 0.003 0.005 0.002 0.005 0.005 0.001 0.006 0.004 0.005 0.914 0.005 0.005 0.022 0.005 0.005 
434      411    (2)    6 :  0.002 0.006 0.002 0.003 0.002 0.005 0.006 0.001 0.003 0.002 0.003 0.927 0.003 0.003 0.025 0.003 0.003 
435      412    (0)    6 :  0.005 0.004 0.006 0.008 0.006 0.013 0.009 0.027 0.010 0.012 0.016 0.762 0.007 0.012 0.089 0.006 0.008 
436      413    (0)    6 :  0.002 0.003 0.004 0.030 0.002 0.005 0.018 0.001 0.004 0.002 0.004 0.832 0.049 0.005 0.030 0.002 0.006 
437      591    (0)    7 :  0.007 0.008 0.007 0.005 0.004 0.009 0.002 0.014 0.006 0.906 0.005 0.005 0.005 0.006 0.002 0.004 0.005 
438      592    (0)    7 :  0.002 0.005 0.014 0.007 0.006 0.082 0.004 0.003 0.007 0.804 0.015 0.010 0.006 0.010 0.011 0.005 0.008 
439      593    (0)    7 :  0.006 0.004 0.006 0.008 0.005 0.007 0.005 0.002 0.007 0.898 0.005 0.008 0.009 0.006 0.014 0.002 0.007 
440      594    (0)    7 :  0.005 0.007 0.024 0.018 0.005 0.043 0.008 0.003 0.015 0.743 0.006 0.042 0.018 0.023 0.011 0.010 0.020 
441      595    (0)    7 :  0.004 0.003 0.005 0.015 0.004 0.005 0.014 0.005 0.014 0.834 0.007 0.010 0.017 0.020 0.006 0.012 0.024 
442      596    (0)    7 :  0.006 0.002 0.007 0.006 0.007 0.004 0.005 0.002 0.005 0.906 0.005 0.006 0.005 0.006 0.005 0.018 0.006 
443      597    (0)    7 :  0.002 0.003 0.008 0.013 0.003 0.007 0.026 0.001 0.010 0.803 0.031 0.024 0.010 0.014 0.028 0.006 0.010 
444      598    (0)    7 :  0.002 0.003 0.085 0.044 0.010 0.007 0.034 0.002 0.027 0.528 0.081 0.006 0.033 0.069 0.009 0.027 0.032 
445      599    (0)    7 :  0.006 0.003 0.003 0.008 0.005 0.151 0.003 0.003 0.008 0.722 0.019 0.004 0.006 0.008 0.034 0.003 0.014 
446      600    (0)    7 :  0.004 0.001 0.006 0.006 0.003 0.004 0.008 0.002 0.004 0.922 0.006 0.004 0.005 0.006 0.002 0.011 0.006 
447      601    (0)    7 :  0.002 0.002 0.009 0.014 0.006 0.019 0.024 0.002 0.017 0.791 0.035 0.024 0.012 0.015 0.008 0.002 0.016 
448      602    (0)    7 :  0.004 0.004 0.005 0.012 0.005 0.008 0.014 0.004 0.012 0.859 0.017 0.007 0.011 0.016 0.004 0.006 0.012 
449      603    (0)    7 :  0.007 0.007 0.006 0.028 0.007 0.068 0.004 0.002 0.047 0.112 0.595 0.006 0.024 0.044 0.007 0.008 0.029 
450      604    (0)    7 :  0.003 0.003 0.012 0.013 0.011 0.003 0.007 0.003 0.009 0.868 0.004 0.009 0.011 0.014 0.008 0.008 0.013 
451      605    (0)    7 :  0.004 0.003 0.080 0.018 0.004 0.010 0.006 0.020 0.021 0.718 0.009 0.013 0.019 0.026 0.003 0.022 0.025 
452      606    (0)    7 :  0.020 0.004 0.011 0.009 0.003 0.011 0.004 0.004 0.012 0.871 0.006 0.003 0.007 0.010 0.011 0.007 0.008 
453      607    (0)    7 :  0.003 0.002 0.008 0.005 0.094 0.002 0.015 0.003 0.004 0.821 0.007 0.013 0.004 0.006 0.002 0.008 0.004 
454      608    (0)    7 :  0.002 0.005 0.007 0.005 0.017 0.009 0.004 0.001 0.005 0.905 0.009 0.005 0.005 0.005 0.005 0.003 0.006 
455      609    (0)    7 :  0.004 0.003 0.008 0.007 0.008 0.005 0.004 0.002 0.008 0.912 0.005 0.003 0.007 0.008 0.005 0.003 0.008 
456      610    (0)    7 :  0.003 0.009 0.015 0.079 0.016 0.015 0.007 0.004 0.093 0.411 0.058 0.022 0.065 0.128 0.005 0.009 0.060 
457      611    (2)    7 :  0.003 0.011 0.007 0.011 0.022 0.003 0.008 0.002 0.007 0.870 0.004 0.010 0.009 0.008 0.010 0.006 0.009 
458      612    (0)    7 :  0.002 0.003 0.008 0.028 0.030 0.009 0.072 0.004 0.009 0.701 0.015 0.010 0.016 0.025 0.004 0.043 0.021 
459      755    (0)    7 :  0.002 0.025 0.014 0.023 0.269 0.007 0.008 0.027 0.047 0.413 0.014 0.013 0.019 0.036 0.019 0.043 0.021 
460      756    (0)    7 :  0.003 0.008 0.007 0.006 0.014 0.008 0.003 0.002 0.005 0.875 0.010 0.009 0.006 0.006 0.027 0.003 0.006 
461      757    (0)    7 :  0.002 0.004 0.016 0.010 0.010 0.009 0.006 0.004 0.013 0.871 0.006 0.009 0.009 0.010 0.006 0.005 0.011 
462      002    (0)    8 :  0.003 0.018 0.009 0.008 0.004 0.003 0.318 0.003 0.005 0.005 0.014 0.577 0.006 0.008 0.009 0.002 0.006 
463      099    (2)    8 :  0.004 0.008 0.012 0.021 0.014 0.055 0.005 0.705 0.027 0.008 0.004 0.004 0.024 0.027 0.005 0.042 0.039 
464      641    (2)    8 :  0.014 0.012 0.042 0.135 0.022 0.010 0.176 0.014 0.052 0.054 0.012 0.150 0.114 0.059 0.071 0.004 0.061 
465      642    (0)    8 :  0.003 0.008 0.015 0.008 0.004 0.017 0.004 0.003 0.009 0.018 0.010 0.859 0.007 0.009 0.014 0.003 0.008 
466      643    (2)    8 :  0.002 0.012 0.045 0.011 0.004 0.014 0.006 0.003 0.015 0.019 0.020 0.803 0.009 0.012 0.009 0.003 0.011 
467      644    (0)    8 :  0.004 0.006 0.016 0.009 0.008 0.018 0.016 0.003 0.009 0.006 0.012 0.852 0.010 0.008 0.007 0.008 0.008 
468      645    (0)    8 :  0.038 0.018 0.156 0.023 0.127 0.019 0.010 0.002 0.028 0.033 0.019 0.423 0.025 0.031 0.023 0.003 0.024 
469      646    (0)    8 :  0.010 0.012 0.036 0.077 0.137 0.005 0.315 0.004 0.055 0.012 0.061 0.077 0.087 0.066 0.013 0.008 0.026 
470      006    (0)    9 :  0.003 0.619 0.005 0.015 0.006 0.006 0.005 0.005 0.023 0.006 0.006 0.245 0.013 0.020 0.005 0.003 0.015 
471      011    (0)    9 :  0.002 0.011 0.003 0.003 0.002 0.004 0.003 0.001 0.003 0.003 0.003 0.936 0.003 0.003 0.014 0.003 0.003 
472      033    (2)    9 :  0.002 0.645 0.004 0.005 0.004 0.004 0.016 0.001 0.009 0.020 0.026 0.142 0.005 0.007 0.102 0.002 0.006 
473      048    (0)    9 :  0.008 0.050 0.007 0.015 0.005 0.288 0.010 0.002 0.025 0.014 0.016 0.474 0.016 0.018 0.021 0.005 0.025 
474      061    (0)    9 :  0.004 0.969 0.002 0.002 0.003 0.002 0.002 0.001 0.002 0.001 0.001 0.002 0.002 0.002 0.002 0.001 0.002 
475      088    (0)    9 :  0.005 0.025 0.010 0.011 0.003 0.017 0.011 0.002 0.013 0.010 0.010 0.835 0.011 0.012 0.007 0.007 0.011 
476      091    (0)    9 :  0.002 0.920 0.002 0.005 0.006 0.003 0.003 0.001 0.004 0.004 0.003 0.007 0.006 0.003 0.023 0.004 0.004 
477      098    (0)    9 :  0.013 0.008 0.003 0.004 0.006 0.015 0.009 0.001 0.006 0.014 0.006 0.893 0.004 0.005 0.004 0.003 0.006 
478      104    (0)    9 :  0.002 0.003 0.002 0.003 0.002 0.004 0.021 0.001 0.003 0.002 0.003 0.938 0.003 0.003 0.005 0.002 0.003 
479      196    (0)    9 :  0.005 0.574 0.005 0.005 0.002 0.010 0.014 0.001 0.007 0.008 0.005 0.323 0.004 0.005 0.019 0.005 0.006 
480      197    (0)    9 :  0.008 0.268 0.007 0.022 0.003 0.009 0.018 0.003 0.023 0.014 0.024 0.450 0.023 0.034 0.049 0.018 0.027 
481      201    (0)    9 :  0.001 0.603 0.012 0.005 0.002 0.005 0.011 0.001 0.005 0.006 0.005 0.178 0.005 0.005 0.149 0.001 0.005 
482      202    (0)    9 :  0.020 0.027 0.008 0.014 0.002 0.025 0.012 0.008 0.010 0.005 0.013 0.789 0.013 0.013 0.018 0.012 0.012 
483      204    (0)    9 :  0.002 0.400 0.005 0.004 0.011 0.006 0.029 0.001 0.005 0.003 0.012 0.442 0.003 0.004 0.066 0.002 0.004 
484      231    (0)    9 :  0.001 0.010 0.005 0.005 0.010 0.015 0.076 0.001 0.007 0.011 0.021 0.696 0.005 0.005 0.121 0.005 0.005 
485      328    (0)    9 :  0.005 0.222 0.005 0.004 0.002 0.004 0.003 0.001 0.004 0.006 0.006 0.710 0.004 0.004 0.016 0.002 0.004 
486      346    (0)    9 :  0.003 0.308 0.004 0.004 0.003 0.004 0.006 0.002 0.004 0.007 0.003 0.627 0.004 0.004 0.008 0.007 0.004 


Estimated Allele Frequencies in each cluster
First column gives estimated ancestral frequencies


Locus 1 : 1 
4 alleles
0.0% missing data
  89   (0.539) 0.066 0.698 0.493 0.551 0.826 0.588 0.271 0.293 0.575 0.552 0.462 0.620 0.545 0.543 0.633 0.644 0.540 
  91   (0.378) 0.708 0.293 0.453 0.389 0.155 0.347 0.588 0.670 0.332 0.432 0.516 0.347 0.392 0.376 0.205 0.312 0.374 
  93   (0.068) 0.097 0.008 0.050 0.051 0.015 0.052 0.140 0.036 0.049 0.014 0.016 0.033 0.054 0.066 0.162 0.044 0.071 
  99   (0.014) 0.129 0.001 0.004 0.008 0.004 0.014 0.001 0.001 0.044 0.002 0.006 0.000 0.009 0.014 0.001 0.001 0.015 

Locus 2 : 2 
6 alleles
1.0% missing data
 136   (0.356) 0.188 0.109 0.567 0.374 0.140 0.057 0.726 0.453 0.277 0.416 0.176 0.577 0.340 0.363 0.441 0.460 0.326 
 134   (0.231) 0.026 0.205 0.206 0.182 0.680 0.266 0.166 0.197 0.223 0.409 0.224 0.153 0.177 0.224 0.110 0.382 0.211 
 138   (0.296) 0.772 0.247 0.163 0.341 0.123 0.503 0.094 0.218 0.388 0.143 0.478 0.226 0.394 0.296 0.369 0.151 0.355 
 140   (0.069) 0.008 0.434 0.035 0.062 0.018 0.038 0.009 0.123 0.060 0.015 0.055 0.043 0.052 0.069 0.078 0.004 0.060 
 132   (0.021) 0.002 0.002 0.006 0.024 0.004 0.003 0.002 0.001 0.035 0.004 0.005 0.001 0.021 0.024 0.002 0.001 0.030 
 142   (0.026) 0.003 0.003 0.024 0.017 0.035 0.134 0.002 0.009 0.018 0.013 0.062 0.001 0.016 0.024 0.002 0.002 0.017 

Locus 3 : 3 
6 alleles
0.0% missing data
 181   (0.257) 0.181 0.068 0.189 0.226 0.357 0.423 0.088 0.072 0.243 0.402 0.139 0.251 0.207 0.257 0.161 0.066 0.270 
 187   (0.346) 0.774 0.674 0.341 0.437 0.115 0.148 0.541 0.343 0.310 0.160 0.334 0.477 0.490 0.345 0.667 0.255 0.342 
 179   (0.243) 0.028 0.242 0.296 0.216 0.341 0.195 0.355 0.051 0.293 0.405 0.315 0.241 0.194 0.247 0.160 0.015 0.250 
 191   (0.032) 0.003 0.004 0.010 0.025 0.009 0.008 0.003 0.009 0.029 0.006 0.007 0.027 0.025 0.030 0.003 0.200 0.028 
 185   (0.074) 0.008 0.007 0.054 0.062 0.130 0.087 0.008 0.287 0.089 0.018 0.084 0.002 0.054 0.074 0.006 0.461 0.078 
 175   (0.048) 0.005 0.005 0.110 0.035 0.048 0.139 0.004 0.239 0.036 0.009 0.121 0.001 0.030 0.046 0.003 0.003 0.032 

Locus 4 : 4 
12 alleles
0.2% missing data
 253   (0.493) 0.600 0.628 0.511 0.463 0.641 0.537 0.441 0.168 0.559 0.617 0.514 0.803 0.407 0.502 0.531 0.464 0.509 
 249   (0.029) 0.004 0.316 0.008 0.024 0.005 0.003 0.019 0.066 0.016 0.005 0.005 0.069 0.020 0.028 0.003 0.002 0.020 
 271   (0.042) 0.005 0.005 0.030 0.032 0.010 0.005 0.051 0.111 0.045 0.009 0.024 0.035 0.031 0.041 0.003 0.003 0.036 
 241   (0.155) 0.181 0.021 0.193 0.139 0.091 0.137 0.392 0.530 0.111 0.145 0.183 0.015 0.145 0.150 0.057 0.150 0.146 
 257   (0.006) 0.001 0.000 0.005 0.004 0.001 0.001 0.003 0.000 0.003 0.001 0.002 0.000 0.003 0.005 0.000 0.000 0.003 
 269   (0.173) 0.200 0.020 0.153 0.247 0.227 0.273 0.073 0.029 0.141 0.182 0.224 0.074 0.313 0.168 0.397 0.097 0.190 
 247   (0.064) 0.007 0.007 0.053 0.063 0.017 0.039 0.007 0.026 0.106 0.032 0.030 0.002 0.055 0.071 0.005 0.282 0.078 
 245   (0.008) 0.001 0.001 0.002 0.005 0.001 0.001 0.001 0.066 0.004 0.001 0.001 0.000 0.005 0.008 0.001 0.000 0.004 
 239   (0.011) 0.001 0.001 0.020 0.007 0.003 0.001 0.001 0.001 0.005 0.003 0.002 0.000 0.006 0.010 0.001 0.001 0.006 
 273   (0.007) 0.001 0.001 0.022 0.004 0.001 0.001 0.001 0.001 0.003 0.001 0.001 0.000 0.004 0.007 0.000 0.000 0.003 
 267   (0.006) 0.001 0.001 0.002 0.007 0.001 0.001 0.012 0.000 0.003 0.001 0.001 0.000 0.009 0.005 0.001 0.000 0.003 
 255   (0.006) 0.001 0.001 0.002 0.004 0.001 0.001 0.001 0.000 0.003 0.002 0.011 0.000 0.003 0.005 0.000 0.000 0.003 

Locus 5 : 5 
6 alleles
0.6% missing data
 103   (0.860) 0.984 0.986 0.867 0.733 0.958 0.972 0.975 0.737 0.819 0.931 0.924 0.993 0.677 0.857 0.989 0.979 0.853 
 104   (0.053) 0.006 0.005 0.044 0.179 0.022 0.016 0.017 0.069 0.108 0.024 0.038 0.004 0.258 0.053 0.005 0.003 0.067 
 101   (0.009) 0.001 0.001 0.003 0.006 0.004 0.001 0.001 0.001 0.004 0.002 0.003 0.000 0.005 0.008 0.001 0.012 0.005 
 105   (0.047) 0.005 0.005 0.070 0.053 0.011 0.007 0.004 0.166 0.051 0.035 0.023 0.001 0.039 0.051 0.003 0.003 0.052 
 102   (0.016) 0.002 0.001 0.006 0.018 0.003 0.002 0.001 0.001 0.010 0.005 0.009 0.000 0.013 0.017 0.001 0.001 0.014 
 107   (0.015) 0.001 0.001 0.011 0.012 0.002 0.002 0.001 0.026 0.008 0.003 0.003 0.000 0.009 0.014 0.001 0.001 0.009 

Locus 6 : 6 
5 alleles
0.2% missing data
 141   (0.277) 0.031 0.843 0.208 0.238 0.784 0.160 0.291 0.110 0.339 0.309 0.321 0.606 0.229 0.273 0.500 0.129 0.247 
 145   (0.396) 0.409 0.072 0.529 0.495 0.133 0.660 0.119 0.023 0.337 0.450 0.469 0.172 0.533 0.406 0.203 0.260 0.463 
 135   (0.234) 0.548 0.068 0.196 0.195 0.064 0.169 0.368 0.637 0.266 0.136 0.175 0.207 0.177 0.233 0.147 0.289 0.222 
 147   (0.081) 0.010 0.016 0.056 0.065 0.017 0.011 0.220 0.127 0.052 0.103 0.033 0.015 0.056 0.079 0.150 0.321 0.063 
 137   (0.011) 0.001 0.001 0.011 0.007 0.002 0.001 0.001 0.104 0.006 0.002 0.002 0.000 0.006 0.010 0.001 0.001 0.006 

Locus 7 : 7 
10 alleles
1.2% missing data
  93   (0.228) 0.795 0.631 0.282 0.187 0.305 0.274 0.408 0.112 0.205 0.216 0.333 0.333 0.183 0.218 0.308 0.065 0.184 
 103   (0.303) 0.040 0.076 0.286 0.365 0.120 0.355 0.271 0.017 0.332 0.530 0.364 0.370 0.406 0.308 0.555 0.513 0.344 
  91   (0.072) 0.010 0.007 0.056 0.068 0.059 0.039 0.007 0.059 0.053 0.041 0.017 0.029 0.058 0.073 0.049 0.157 0.067 
  97   (0.195) 0.128 0.026 0.119 0.186 0.245 0.190 0.169 0.263 0.191 0.159 0.049 0.184 0.181 0.197 0.071 0.253 0.221 
  85   (0.045) 0.006 0.005 0.049 0.044 0.010 0.051 0.008 0.003 0.038 0.014 0.011 0.055 0.035 0.047 0.004 0.003 0.044 
  89   (0.080) 0.011 0.248 0.064 0.066 0.245 0.058 0.129 0.301 0.049 0.028 0.201 0.026 0.058 0.077 0.008 0.005 0.053 
  83   (0.046) 0.005 0.005 0.135 0.050 0.009 0.030 0.004 0.003 0.108 0.008 0.019 0.001 0.041 0.051 0.003 0.003 0.062 
 105   (0.014) 0.002 0.001 0.004 0.011 0.003 0.002 0.001 0.090 0.016 0.002 0.003 0.000 0.009 0.014 0.001 0.001 0.012 
 101   (0.009) 0.001 0.001 0.002 0.017 0.001 0.001 0.001 0.126 0.004 0.001 0.001 0.000 0.022 0.008 0.001 0.000 0.005 
  99   (0.009) 0.001 0.001 0.002 0.006 0.001 0.001 0.001 0.025 0.005 0.001 0.002 0.000 0.006 0.008 0.001 0.001 0.007 

Locus 8 : 8 
8 alleles
0.0% missing data
 129   (0.553) 0.198 0.660 0.642 0.638 0.463 0.729 0.453 0.299 0.488 0.399 0.751 0.705 0.674 0.555 0.705 0.638 0.588 
 141   (0.057) 0.006 0.010 0.022 0.044 0.012 0.011 0.154 0.003 0.053 0.096 0.023 0.108 0.041 0.055 0.041 0.217 0.045 
 149   (0.082) 0.009 0.012 0.056 0.061 0.276 0.051 0.026 0.303 0.105 0.018 0.079 0.138 0.056 0.080 0.161 0.012 0.070 
 143   (0.257) 0.703 0.313 0.248 0.215 0.208 0.195 0.361 0.298 0.319 0.478 0.133 0.048 0.196 0.259 0.090 0.129 0.259 
 127   (0.017) 0.044 0.001 0.005 0.017 0.003 0.002 0.002 0.095 0.011 0.003 0.003 0.000 0.012 0.018 0.001 0.001 0.014 
 131   (0.011) 0.038 0.001 0.003 0.008 0.003 0.010 0.001 0.001 0.006 0.002 0.002 0.000 0.006 0.011 0.001 0.002 0.006 
 133   (0.017) 0.002 0.001 0.022 0.013 0.034 0.002 0.002 0.001 0.016 0.003 0.007 0.000 0.012 0.017 0.001 0.001 0.016 
 145   (0.006) 0.001 0.000 0.004 0.004 0.001 0.001 0.001 0.000 0.003 0.001 0.001 0.000 0.003 0.005 0.000 0.000 0.003 

Locus 9 : 9 
5 alleles
0.0% missing data
 191   (0.391) 0.338 0.840 0.349 0.396 0.583 0.326 0.590 0.338 0.431 0.481 0.161 0.558 0.391 0.388 0.600 0.545 0.388 
 195   (0.144) 0.355 0.032 0.132 0.105 0.033 0.378 0.035 0.331 0.176 0.245 0.062 0.179 0.106 0.140 0.234 0.050 0.138 
 189   (0.452) 0.306 0.127 0.505 0.491 0.381 0.294 0.374 0.330 0.387 0.272 0.774 0.261 0.496 0.462 0.165 0.404 0.468 
 197   (0.006) 0.001 0.001 0.012 0.004 0.001 0.001 0.001 0.000 0.003 0.001 0.001 0.000 0.003 0.005 0.000 0.000 0.003 
 193   (0.006) 0.001 0.001 0.002 0.004 0.002 0.001 0.001 0.000 0.003 0.001 0.001 0.003 0.003 0.005 0.001 0.000 0.003 

Locus 10 : 10 
7 alleles
0.4% missing data
 232   (0.247) 0.218 0.586 0.289 0.292 0.063 0.190 0.376 0.125 0.253 0.151 0.070 0.325 0.290 0.254 0.137 0.277 0.272 
 238   (0.561) 0.367 0.131 0.494 0.561 0.843 0.728 0.441 0.749 0.559 0.674 0.871 0.551 0.568 0.561 0.749 0.339 0.563 
 252   (0.107) 0.016 0.266 0.169 0.082 0.080 0.072 0.175 0.014 0.123 0.120 0.042 0.113 0.082 0.103 0.089 0.031 0.091 
 254   (0.047) 0.394 0.014 0.034 0.035 0.009 0.006 0.005 0.082 0.036 0.049 0.009 0.009 0.032 0.046 0.023 0.268 0.039 
 248   (0.018) 0.002 0.002 0.007 0.014 0.003 0.002 0.002 0.001 0.012 0.003 0.004 0.000 0.014 0.018 0.001 0.083 0.018 
 250   (0.013) 0.002 0.001 0.004 0.011 0.002 0.002 0.001 0.030 0.015 0.002 0.002 0.000 0.010 0.013 0.001 0.001 0.014 
 236   (0.006) 0.001 0.001 0.003 0.004 0.001 0.001 0.001 0.000 0.003 0.002 0.001 0.000 0.004 0.006 0.000 0.001 0.004 

Locus 11 : 11 
4 alleles
0.0% missing data
  87   (0.688) 0.964 0.342 0.688 0.727 0.869 0.873 0.561 0.494 0.712 0.646 0.793 0.656 0.751 0.690 0.580 0.533 0.711 
  89   (0.244) 0.029 0.636 0.220 0.225 0.083 0.099 0.361 0.152 0.228 0.341 0.188 0.278 0.203 0.246 0.414 0.384 0.239 
  91   (0.052) 0.006 0.020 0.076 0.037 0.013 0.026 0.076 0.184 0.050 0.010 0.015 0.066 0.036 0.049 0.005 0.082 0.040 
  85   (0.016) 0.002 0.002 0.016 0.011 0.035 0.002 0.001 0.171 0.010 0.003 0.003 0.000 0.010 0.015 0.001 0.001 0.011 

Locus 12 : 12 
13 alleles
0.4% missing data
 160   (0.213) 0.597 0.034 0.214 0.257 0.184 0.295 0.189 0.426 0.157 0.058 0.251 0.089 0.273 0.210 0.228 0.721 0.214 
 162   (0.251) 0.065 0.749 0.250 0.206 0.386 0.221 0.089 0.015 0.316 0.487 0.326 0.201 0.195 0.254 0.246 0.230 0.251 
 147   (0.053) 0.006 0.111 0.018 0.042 0.015 0.018 0.369 0.003 0.035 0.088 0.071 0.119 0.039 0.052 0.100 0.003 0.044 
 158   (0.232) 0.028 0.076 0.283 0.297 0.104 0.234 0.317 0.095 0.207 0.187 0.100 0.555 0.311 0.237 0.404 0.021 0.239 
 161   (0.105) 0.115 0.014 0.112 0.081 0.032 0.111 0.022 0.273 0.116 0.151 0.132 0.028 0.069 0.103 0.008 0.016 0.092 
 170   (0.048) 0.006 0.006 0.058 0.041 0.012 0.015 0.005 0.027 0.080 0.009 0.056 0.007 0.043 0.051 0.008 0.003 0.070 
 143   (0.030) 0.177 0.003 0.039 0.024 0.009 0.004 0.003 0.158 0.046 0.005 0.006 0.001 0.022 0.030 0.002 0.002 0.030 
 154   (0.016) 0.002 0.002 0.005 0.019 0.005 0.002 0.001 0.001 0.014 0.005 0.004 0.000 0.017 0.018 0.001 0.001 0.024 
 149   (0.019) 0.002 0.002 0.005 0.013 0.248 0.086 0.002 0.001 0.012 0.004 0.004 0.000 0.011 0.018 0.001 0.001 0.016 
 153   (0.011) 0.001 0.001 0.010 0.009 0.002 0.001 0.001 0.001 0.008 0.003 0.002 0.000 0.008 0.011 0.001 0.001 0.011 
 150   (0.006) 0.001 0.001 0.002 0.003 0.001 0.011 0.001 0.000 0.003 0.001 0.001 0.000 0.003 0.005 0.000 0.000 0.003 
 159   (0.007) 0.001 0.001 0.003 0.004 0.001 0.002 0.001 0.000 0.003 0.001 0.047 0.000 0.003 0.006 0.001 0.000 0.004 
 164   (0.006) 0.001 0.000 0.002 0.004 0.001 0.001 0.001 0.000 0.003 0.001 0.001 0.000 0.003 0.006 0.000 0.000 0.003 

Locus 13 : 13 
5 alleles
0.0% missing data
 108   (0.203) 0.337 0.404 0.280 0.231 0.051 0.094 0.161 0.297 0.141 0.143 0.137 0.168 0.249 0.202 0.136 0.199 0.211 
 115   (0.455) 0.089 0.533 0.477 0.394 0.705 0.543 0.291 0.377 0.469 0.502 0.482 0.531 0.361 0.456 0.793 0.283 0.442 
 113   (0.329) 0.573 0.062 0.240 0.366 0.243 0.361 0.547 0.325 0.379 0.353 0.379 0.300 0.380 0.331 0.071 0.517 0.341 
 109   (0.006) 0.001 0.001 0.002 0.005 0.001 0.001 0.001 0.000 0.004 0.001 0.001 0.000 0.005 0.005 0.000 0.000 0.003 
 110   (0.006) 0.001 0.000 0.002 0.004 0.001 0.001 0.001 0.000 0.007 0.001 0.001 0.000 0.004 0.006 0.000 0.000 0.004 

Locus 14 : 14 
5 alleles
1.2% missing data
 227   (0.141) 0.256 0.061 0.074 0.126 0.062 0.327 0.337 0.008 0.153 0.037 0.309 0.260 0.118 0.141 0.244 0.016 0.154 
 231   (0.157) 0.275 0.026 0.146 0.138 0.039 0.025 0.104 0.357 0.133 0.461 0.042 0.104 0.126 0.159 0.060 0.354 0.162 
 229   (0.500) 0.092 0.861 0.685 0.575 0.854 0.543 0.437 0.468 0.498 0.286 0.433 0.488 0.607 0.501 0.339 0.414 0.497 
 225   (0.137) 0.223 0.018 0.068 0.118 0.030 0.057 0.022 0.058 0.133 0.142 0.197 0.044 0.106 0.137 0.299 0.211 0.134 
 233   (0.065) 0.154 0.035 0.026 0.044 0.015 0.048 0.100 0.109 0.084 0.074 0.019 0.103 0.042 0.062 0.058 0.004 0.053 

Locus 15 : 15 
5 alleles
0.4% missing data
 143   (0.840) 0.718 0.983 0.888 0.843 0.936 0.847 0.977 0.619 0.858 0.877 0.941 0.972 0.864 0.838 0.951 0.815 0.833 
 157   (0.008) 0.001 0.001 0.002 0.005 0.001 0.001 0.001 0.000 0.004 0.003 0.002 0.020 0.004 0.007 0.003 0.000 0.003 
 145   (0.090) 0.273 0.010 0.047 0.092 0.050 0.070 0.016 0.185 0.085 0.109 0.039 0.007 0.085 0.091 0.042 0.006 0.089 
 147   (0.047) 0.006 0.005 0.022 0.050 0.010 0.080 0.005 0.195 0.046 0.008 0.016 0.001 0.039 0.051 0.003 0.147 0.064 
 133   (0.014) 0.001 0.002 0.041 0.010 0.002 0.002 0.001 0.001 0.007 0.002 0.003 0.000 0.008 0.013 0.001 0.032 0.010 

Locus 16 : 16 
5 alleles
0.2% missing data
 156   (0.223) 0.515 0.192 0.396 0.181 0.051 0.257 0.069 0.162 0.221 0.328 0.169 0.316 0.166 0.218 0.261 0.502 0.200 
 158   (0.540) 0.250 0.326 0.456 0.570 0.628 0.637 0.743 0.313 0.594 0.468 0.600 0.499 0.575 0.549 0.498 0.196 0.565 
 160   (0.143) 0.016 0.471 0.101 0.128 0.296 0.081 0.178 0.118 0.104 0.147 0.182 0.139 0.117 0.140 0.205 0.113 0.140 
 154   (0.086) 0.218 0.011 0.044 0.116 0.023 0.017 0.009 0.406 0.076 0.056 0.029 0.046 0.138 0.086 0.036 0.189 0.091 
 152   (0.009) 0.001 0.001 0.002 0.005 0.001 0.008 0.001 0.000 0.004 0.001 0.020 0.000 0.004 0.007 0.001 0.001 0.004 

Locus 17 : 17 
5 alleles
0.0% missing data
 102   (0.204) 0.025 0.091 0.094 0.187 0.325 0.121 0.152 0.038 0.218 0.184 0.437 0.247 0.179 0.203 0.255 0.199 0.180 
  90   (0.682) 0.577 0.622 0.829 0.664 0.391 0.858 0.821 0.322 0.646 0.794 0.529 0.717 0.668 0.678 0.736 0.794 0.682 
  88   (0.068) 0.007 0.283 0.030 0.056 0.275 0.008 0.023 0.469 0.095 0.013 0.019 0.035 0.058 0.070 0.006 0.005 0.084 
 100   (0.040) 0.390 0.004 0.046 0.089 0.008 0.006 0.004 0.171 0.037 0.008 0.011 0.001 0.092 0.044 0.003 0.002 0.050 
 104   (0.006) 0.001 0.001 0.002 0.004 0.001 0.007 0.001 0.000 0.003 0.001 0.003 0.000 0.003 0.005 0.000 0.000 0.004 

Locus 18 : 18 
7 alleles
0.0% missing data
 142   (0.127) 0.015 0.794 0.176 0.104 0.081 0.062 0.393 0.017 0.168 0.024 0.057 0.417 0.105 0.126 0.420 0.008 0.132 
 146   (0.077) 0.008 0.033 0.061 0.053 0.096 0.014 0.020 0.004 0.115 0.083 0.236 0.154 0.051 0.074 0.332 0.226 0.060 
 140   (0.288) 0.276 0.045 0.228 0.340 0.522 0.278 0.432 0.298 0.232 0.508 0.207 0.102 0.318 0.294 0.044 0.177 0.300 
 127   (0.305) 0.549 0.076 0.410 0.353 0.191 0.341 0.081 0.385 0.278 0.226 0.301 0.250 0.383 0.307 0.126 0.058 0.319 
 148   (0.097) 0.010 0.032 0.035 0.074 0.026 0.067 0.047 0.067 0.084 0.116 0.141 0.066 0.071 0.096 0.009 0.218 0.088 
 150   (0.051) 0.005 0.006 0.051 0.034 0.068 0.195 0.005 0.225 0.084 0.012 0.027 0.001 0.033 0.050 0.004 0.310 0.049 
 138   (0.055) 0.137 0.014 0.039 0.041 0.016 0.043 0.022 0.003 0.039 0.032 0.031 0.009 0.040 0.053 0.066 0.004 0.052 

Locus 19 : 19 
8 alleles
0.2% missing data
 188   (0.181) 0.019 0.558 0.189 0.183 0.044 0.194 0.170 0.011 0.196 0.066 0.085 0.117 0.160 0.192 0.024 0.171 0.208 
 190   (0.127) 0.013 0.015 0.103 0.109 0.388 0.236 0.331 0.040 0.081 0.241 0.067 0.371 0.115 0.117 0.589 0.197 0.088 
 194   (0.574) 0.956 0.418 0.636 0.608 0.188 0.536 0.489 0.555 0.610 0.602 0.567 0.509 0.636 0.574 0.378 0.479 0.596 
 202   (0.016) 0.002 0.001 0.005 0.011 0.003 0.002 0.001 0.042 0.012 0.003 0.003 0.000 0.010 0.015 0.001 0.147 0.010 
 200   (0.083) 0.008 0.007 0.056 0.078 0.374 0.030 0.008 0.314 0.092 0.083 0.275 0.002 0.069 0.085 0.006 0.005 0.089 
 192   (0.006) 0.001 0.000 0.002 0.005 0.001 0.001 0.001 0.000 0.003 0.004 0.001 0.000 0.004 0.006 0.000 0.000 0.004 
 196   (0.006) 0.001 0.000 0.008 0.004 0.001 0.001 0.001 0.000 0.003 0.001 0.001 0.000 0.003 0.006 0.000 0.000 0.003 
 198   (0.006) 0.001 0.000 0.002 0.004 0.001 0.001 0.001 0.038 0.003 0.001 0.001 0.000 0.003 0.005 0.000 0.000 0.002 

Locus 20 : 20 
6 alleles
0.8% missing data
 252   (0.700) 0.382 0.820 0.842 0.691 0.548 0.749 0.702 0.072 0.745 0.744 0.833 0.834 0.680 0.709 0.923 0.728 0.741 
 250   (0.083) 0.349 0.011 0.027 0.073 0.130 0.091 0.049 0.429 0.059 0.070 0.028 0.119 0.071 0.079 0.011 0.140 0.081 
 244   (0.022) 0.004 0.145 0.009 0.015 0.005 0.006 0.002 0.047 0.013 0.006 0.007 0.002 0.014 0.020 0.038 0.001 0.012 
 254   (0.080) 0.103 0.011 0.061 0.056 0.018 0.091 0.010 0.244 0.096 0.056 0.101 0.032 0.051 0.076 0.018 0.082 0.061 
 246   (0.093) 0.160 0.010 0.053 0.082 0.295 0.061 0.235 0.207 0.066 0.120 0.024 0.006 0.070 0.093 0.007 0.047 0.078 
 248   (0.021) 0.002 0.003 0.007 0.083 0.004 0.003 0.003 0.001 0.022 0.004 0.007 0.007 0.114 0.022 0.002 0.001 0.028 

Locus 21 : 21 
7 alleles
0.2% missing data
 173   (0.294) 0.120 0.155 0.356 0.232 0.073 0.601 0.138 0.208 0.307 0.315 0.473 0.359 0.223 0.288 0.411 0.211 0.274 
 177   (0.265) 0.274 0.174 0.203 0.369 0.507 0.216 0.651 0.039 0.300 0.080 0.246 0.302 0.413 0.272 0.153 0.167 0.305 
 175   (0.139) 0.486 0.017 0.130 0.121 0.040 0.074 0.024 0.506 0.117 0.324 0.083 0.017 0.103 0.138 0.069 0.258 0.109 
 167   (0.198) 0.109 0.644 0.268 0.171 0.095 0.091 0.174 0.068 0.180 0.143 0.170 0.317 0.161 0.194 0.308 0.122 0.189 
 163   (0.039) 0.004 0.004 0.020 0.034 0.008 0.010 0.004 0.107 0.032 0.015 0.011 0.003 0.031 0.038 0.003 0.229 0.035 
 165   (0.047) 0.005 0.004 0.018 0.050 0.274 0.006 0.007 0.070 0.042 0.119 0.011 0.001 0.043 0.047 0.055 0.012 0.045 
 159   (0.019) 0.002 0.002 0.005 0.024 0.004 0.002 0.002 0.001 0.022 0.003 0.007 0.000 0.025 0.023 0.001 0.001 0.043 

Locus 22 : 22 
11 alleles
0.6% missing data
 146   (0.233) 0.072 0.834 0.209 0.187 0.296 0.258 0.220 0.014 0.309 0.170 0.346 0.270 0.182 0.233 0.054 0.139 0.243 
 154   (0.009) 0.001 0.001 0.002 0.005 0.002 0.001 0.002 0.000 0.003 0.001 0.002 0.082 0.004 0.007 0.009 0.000 0.003 
 166   (0.091) 0.112 0.010 0.044 0.110 0.022 0.022 0.275 0.005 0.108 0.077 0.032 0.035 0.091 0.101 0.009 0.006 0.102 
 152   (0.423) 0.505 0.128 0.555 0.491 0.594 0.653 0.432 0.097 0.339 0.507 0.543 0.574 0.533 0.414 0.907 0.365 0.409 
 150   (0.029) 0.111 0.003 0.009 0.025 0.007 0.004 0.008 0.103 0.050 0.005 0.013 0.007 0.023 0.030 0.003 0.002 0.028 
 164   (0.035) 0.005 0.004 0.028 0.026 0.007 0.005 0.045 0.068 0.021 0.057 0.010 0.012 0.022 0.033 0.004 0.002 0.024 
 156   (0.018) 0.002 0.002 0.005 0.012 0.004 0.017 0.002 0.113 0.008 0.004 0.003 0.000 0.009 0.016 0.001 0.304 0.010 
 162   (0.052) 0.006 0.005 0.038 0.044 0.020 0.010 0.005 0.139 0.044 0.042 0.026 0.001 0.046 0.055 0.003 0.072 0.067 
 158   (0.087) 0.010 0.011 0.103 0.084 0.043 0.015 0.009 0.433 0.087 0.132 0.021 0.018 0.073 0.090 0.007 0.109 0.098 
 148   (0.009) 0.174 0.001 0.003 0.005 0.001 0.001 0.001 0.000 0.004 0.001 0.001 0.000 0.004 0.008 0.001 0.000 0.004 
 142   (0.015) 0.002 0.001 0.004 0.012 0.003 0.012 0.001 0.027 0.026 0.002 0.003 0.000 0.013 0.014 0.001 0.001 0.012 

Locus 23 : 23 
7 alleles
0.8% missing data
 152   (0.013) 0.001 0.001 0.003 0.008 0.002 0.001 0.093 0.001 0.006 0.002 0.003 0.075 0.007 0.011 0.001 0.001 0.006 
 156   (0.116) 0.014 0.012 0.260 0.160 0.028 0.045 0.088 0.433 0.110 0.126 0.039 0.042 0.183 0.116 0.011 0.029 0.111 
 144   (0.177) 0.609 0.027 0.104 0.151 0.053 0.313 0.151 0.245 0.146 0.199 0.185 0.208 0.136 0.173 0.067 0.647 0.170 
 160   (0.107) 0.013 0.012 0.047 0.153 0.313 0.112 0.308 0.012 0.069 0.135 0.135 0.192 0.182 0.103 0.113 0.104 0.091 
 154   (0.550) 0.359 0.922 0.574 0.493 0.597 0.525 0.356 0.170 0.636 0.528 0.629 0.481 0.465 0.558 0.795 0.217 0.587 
 158   (0.028) 0.003 0.027 0.009 0.029 0.006 0.004 0.003 0.138 0.029 0.009 0.007 0.001 0.022 0.031 0.013 0.002 0.030 
 146   (0.008) 0.001 0.001 0.004 0.007 0.001 0.001 0.001 0.000 0.004 0.001 0.001 0.000 0.005 0.008 0.001 0.000 0.005 

Locus 24 : 24 
4 alleles
0.4% missing data
  77   (0.085) 0.009 0.032 0.112 0.064 0.032 0.056 0.018 0.005 0.049 0.086 0.156 0.363 0.055 0.080 0.138 0.049 0.059 
  83   (0.464) 0.689 0.221 0.387 0.464 0.750 0.478 0.594 0.589 0.410 0.603 0.344 0.438 0.450 0.459 0.715 0.922 0.446 
  81   (0.368) 0.292 0.736 0.350 0.398 0.197 0.341 0.357 0.378 0.462 0.273 0.436 0.173 0.435 0.376 0.139 0.024 0.415 
  85   (0.083) 0.009 0.011 0.151 0.074 0.021 0.124 0.031 0.029 0.079 0.038 0.065 0.027 0.060 0.085 0.007 0.005 0.080 

Locus 25 : 25 
6 alleles
0.4% missing data
 132   (0.318) 0.179 0.910 0.221 0.282 0.218 0.349 0.111 0.021 0.367 0.454 0.251 0.513 0.267 0.321 0.591 0.455 0.356 
 124   (0.531) 0.415 0.067 0.722 0.581 0.745 0.523 0.853 0.469 0.483 0.420 0.585 0.416 0.620 0.528 0.312 0.535 0.517 
 126   (0.027) 0.003 0.003 0.009 0.019 0.005 0.003 0.023 0.011 0.014 0.005 0.005 0.051 0.015 0.026 0.086 0.002 0.015 
 122   (0.091) 0.106 0.017 0.037 0.094 0.026 0.121 0.010 0.476 0.117 0.101 0.151 0.019 0.077 0.093 0.008 0.006 0.091 
 120   (0.018) 0.294 0.002 0.007 0.014 0.003 0.002 0.002 0.022 0.010 0.004 0.004 0.000 0.011 0.017 0.001 0.001 0.012 
 136   (0.015) 0.002 0.001 0.004 0.011 0.003 0.002 0.002 0.001 0.009 0.015 0.004 0.001 0.009 0.014 0.001 0.001 0.010 

Locus 26 : 26 
7 alleles
0.2% missing data
 165   (0.245) 0.323 0.693 0.227 0.271 0.210 0.301 0.153 0.114 0.224 0.342 0.218 0.137 0.285 0.243 0.030 0.053 0.222 
 183   (0.355) 0.293 0.204 0.330 0.381 0.627 0.333 0.457 0.208 0.299 0.458 0.255 0.532 0.388 0.354 0.790 0.422 0.368 
 179   (0.087) 0.345 0.016 0.069 0.069 0.046 0.024 0.102 0.283 0.072 0.019 0.172 0.067 0.064 0.085 0.010 0.005 0.069 
 175   (0.246) 0.031 0.081 0.205 0.213 0.105 0.334 0.282 0.015 0.363 0.153 0.332 0.263 0.212 0.250 0.166 0.454 0.279 
 181   (0.051) 0.006 0.005 0.164 0.055 0.009 0.006 0.005 0.264 0.034 0.025 0.020 0.001 0.042 0.053 0.003 0.065 0.053 
 185   (0.009) 0.001 0.001 0.003 0.006 0.001 0.001 0.001 0.115 0.004 0.001 0.002 0.000 0.005 0.009 0.001 0.001 0.005 
 157   (0.006) 0.001 0.001 0.002 0.004 0.001 0.001 0.001 0.000 0.003 0.001 0.001 0.000 0.003 0.006 0.000 0.000 0.003 

Locus 27 : 27 
4 alleles
0.2% missing data
 142   (0.640) 0.305 0.346 0.587 0.684 0.722 0.808 0.605 0.522 0.671 0.683 0.661 0.719 0.710 0.643 0.635 0.742 0.682 
 148   (0.206) 0.678 0.385 0.227 0.190 0.052 0.100 0.186 0.268 0.199 0.248 0.114 0.075 0.175 0.207 0.086 0.065 0.197 
 138   (0.049) 0.006 0.259 0.020 0.040 0.021 0.019 0.198 0.047 0.028 0.017 0.014 0.196 0.038 0.045 0.267 0.003 0.029 
 150   (0.106) 0.011 0.011 0.167 0.087 0.205 0.073 0.012 0.163 0.102 0.053 0.211 0.010 0.077 0.105 0.013 0.190 0.093 

Locus 28 : 28 
6 alleles
0.8% missing data
 260   (0.388) 0.132 0.272 0.213 0.426 0.493 0.509 0.513 0.217 0.427 0.296 0.526 0.269 0.428 0.394 0.668 0.377 0.423 
 262   (0.509) 0.855 0.716 0.696 0.483 0.479 0.384 0.476 0.696 0.492 0.664 0.392 0.725 0.485 0.501 0.324 0.549 0.462 
 256   (0.073) 0.010 0.009 0.065 0.068 0.022 0.064 0.008 0.086 0.061 0.035 0.071 0.005 0.068 0.074 0.007 0.072 0.088 
 258   (0.010) 0.001 0.001 0.003 0.010 0.002 0.001 0.001 0.001 0.009 0.002 0.002 0.000 0.008 0.011 0.001 0.001 0.012 
 266   (0.006) 0.001 0.000 0.002 0.004 0.001 0.009 0.001 0.000 0.003 0.001 0.002 0.000 0.003 0.005 0.000 0.000 0.003 
 264   (0.014) 0.001 0.001 0.022 0.010 0.003 0.034 0.001 0.001 0.008 0.002 0.007 0.000 0.008 0.013 0.001 0.001 0.012 

Locus 29 : 29 
7 alleles
0.2% missing data
 146   (0.280) 0.034 0.076 0.251 0.394 0.459 0.253 0.304 0.325 0.248 0.347 0.201 0.134 0.449 0.281 0.315 0.334 0.315 
 150   (0.438) 0.139 0.167 0.596 0.379 0.176 0.524 0.423 0.238 0.508 0.408 0.556 0.732 0.346 0.440 0.581 0.288 0.429 
 140   (0.178) 0.816 0.698 0.115 0.151 0.125 0.147 0.030 0.392 0.158 0.171 0.216 0.076 0.131 0.177 0.096 0.056 0.164 
 148   (0.061) 0.007 0.052 0.021 0.045 0.155 0.032 0.234 0.035 0.046 0.049 0.015 0.048 0.040 0.059 0.005 0.319 0.044 
 152   (0.027) 0.003 0.005 0.012 0.021 0.067 0.041 0.003 0.009 0.032 0.004 0.008 0.001 0.025 0.028 0.002 0.002 0.040 
 151   (0.009) 0.001 0.002 0.003 0.006 0.005 0.001 0.005 0.001 0.004 0.002 0.003 0.008 0.005 0.008 0.001 0.001 0.004 
 142   (0.008) 0.001 0.001 0.003 0.004 0.013 0.001 0.001 0.000 0.003 0.019 0.001 0.001 0.004 0.007 0.001 0.000 0.003 

Locus 30 : 30 
6 alleles
0.2% missing data
 125   (0.290) 0.137 0.627 0.348 0.383 0.095 0.069 0.273 0.139 0.268 0.308 0.105 0.512 0.388 0.299 0.302 0.029 0.294 
 129   (0.431) 0.210 0.309 0.396 0.355 0.456 0.634 0.669 0.078 0.425 0.417 0.575 0.431 0.338 0.427 0.665 0.787 0.432 
 123   (0.150) 0.018 0.049 0.187 0.158 0.109 0.266 0.047 0.110 0.168 0.109 0.193 0.054 0.180 0.145 0.024 0.101 0.150 
 127   (0.083) 0.592 0.010 0.041 0.069 0.331 0.022 0.007 0.532 0.059 0.157 0.065 0.002 0.062 0.082 0.006 0.080 0.077 
 121   (0.012) 0.040 0.001 0.005 0.007 0.002 0.002 0.001 0.001 0.011 0.003 0.002 0.000 0.008 0.011 0.001 0.001 0.008 
 131   (0.034) 0.004 0.003 0.023 0.027 0.007 0.008 0.003 0.140 0.070 0.007 0.060 0.001 0.025 0.035 0.002 0.002 0.038 

Locus 31 : 31 
6 alleles
0.2% missing data
 159   (0.168) 0.019 0.066 0.291 0.137 0.046 0.271 0.108 0.201 0.176 0.302 0.295 0.168 0.116 0.166 0.020 0.011 0.161 
 155   (0.551) 0.523 0.579 0.456 0.636 0.493 0.468 0.855 0.419 0.580 0.416 0.303 0.633 0.668 0.558 0.929 0.707 0.573 
 157   (0.177) 0.114 0.303 0.203 0.143 0.440 0.150 0.027 0.060 0.166 0.256 0.331 0.109 0.144 0.175 0.019 0.019 0.170 
 153   (0.067) 0.100 0.046 0.025 0.058 0.014 0.106 0.007 0.310 0.056 0.013 0.063 0.087 0.047 0.066 0.028 0.004 0.069 
 151   (0.031) 0.244 0.004 0.023 0.022 0.007 0.004 0.003 0.009 0.018 0.012 0.007 0.002 0.021 0.029 0.005 0.258 0.023 
 163   (0.006) 0.001 0.001 0.002 0.004 0.001 0.001 0.001 0.000 0.003 0.001 0.001 0.001 0.003 0.006 0.000 0.000 0.003 

Locus 32 : 32 
5 alleles
0.0% missing data
 146   (0.314) 0.585 0.058 0.362 0.379 0.225 0.377 0.046 0.654 0.310 0.265 0.287 0.077 0.372 0.322 0.045 0.314 0.334 
 150   (0.573) 0.403 0.931 0.598 0.529 0.405 0.564 0.874 0.249 0.583 0.509 0.669 0.852 0.527 0.568 0.872 0.639 0.561 
 148   (0.064) 0.007 0.006 0.018 0.053 0.358 0.011 0.074 0.032 0.041 0.119 0.027 0.069 0.067 0.060 0.080 0.044 0.059 
 154   (0.037) 0.004 0.004 0.018 0.032 0.009 0.006 0.005 0.065 0.045 0.105 0.012 0.001 0.026 0.038 0.003 0.002 0.032 
 152   (0.012) 0.001 0.001 0.004 0.007 0.004 0.042 0.001 0.001 0.021 0.002 0.006 0.000 0.008 0.012 0.001 0.001 0.013 

Locus 33 : 33 
7 alleles
0.0% missing data
 180   (0.469) 0.700 0.423 0.412 0.478 0.514 0.305 0.356 0.356 0.492 0.526 0.406 0.667 0.489 0.473 0.328 0.672 0.482 
 196   (0.115) 0.013 0.124 0.104 0.106 0.025 0.161 0.211 0.025 0.114 0.048 0.124 0.166 0.095 0.113 0.279 0.007 0.109 
 184   (0.197) 0.264 0.428 0.206 0.188 0.091 0.410 0.120 0.187 0.144 0.285 0.078 0.132 0.152 0.199 0.222 0.070 0.185 
 194   (0.014) 0.001 0.001 0.005 0.008 0.002 0.002 0.027 0.001 0.006 0.003 0.003 0.025 0.006 0.012 0.093 0.001 0.006 
 192   (0.130) 0.014 0.015 0.205 0.104 0.351 0.110 0.012 0.166 0.144 0.099 0.274 0.006 0.105 0.131 0.009 0.184 0.150 
 198   (0.061) 0.006 0.008 0.049 0.107 0.014 0.008 0.272 0.266 0.092 0.017 0.020 0.003 0.144 0.059 0.068 0.065 0.061 
 190   (0.016) 0.001 0.002 0.020 0.010 0.003 0.004 0.002 0.001 0.008 0.023 0.095 0.000 0.008 0.014 0.001 0.001 0.008 

Locus 34 : 34 
6 alleles
0.0% missing data
 110   (0.192) 0.213 0.252 0.109 0.238 0.158 0.060 0.150 0.109 0.157 0.217 0.201 0.315 0.270 0.189 0.596 0.067 0.180 
 112   (0.357) 0.040 0.075 0.334 0.326 0.429 0.406 0.759 0.047 0.396 0.293 0.313 0.551 0.312 0.365 0.308 0.056 0.417 
 106   (0.264) 0.222 0.594 0.401 0.256 0.153 0.443 0.070 0.248 0.295 0.418 0.366 0.113 0.264 0.256 0.025 0.715 0.228 
  90   (0.039) 0.409 0.063 0.037 0.030 0.227 0.005 0.005 0.002 0.035 0.008 0.023 0.016 0.027 0.038 0.028 0.002 0.026 
 108   (0.137) 0.115 0.015 0.115 0.144 0.031 0.085 0.015 0.594 0.113 0.062 0.096 0.005 0.121 0.144 0.043 0.112 0.142 
  96   (0.009) 0.001 0.001 0.004 0.006 0.003 0.001 0.001 0.001 0.005 0.002 0.002 0.000 0.005 0.009 0.001 0.047 0.006 

Locus 35 : 35 
9 alleles
0.0% missing data
 166   (0.061) 0.008 0.010 0.019 0.043 0.112 0.119 0.178 0.003 0.069 0.052 0.032 0.265 0.037 0.057 0.366 0.004 0.043 
 176   (0.103) 0.013 0.023 0.134 0.086 0.035 0.013 0.398 0.097 0.077 0.223 0.026 0.138 0.074 0.101 0.086 0.015 0.084 
 172   (0.323) 0.040 0.446 0.192 0.417 0.251 0.445 0.188 0.163 0.374 0.133 0.410 0.443 0.482 0.325 0.478 0.587 0.343 
 170   (0.269) 0.612 0.487 0.254 0.233 0.206 0.241 0.157 0.350 0.212 0.522 0.218 0.145 0.200 0.267 0.040 0.325 0.259 
 174   (0.132) 0.015 0.012 0.327 0.118 0.371 0.103 0.016 0.042 0.138 0.047 0.253 0.005 0.096 0.133 0.022 0.062 0.118 
 178   (0.037) 0.005 0.014 0.022 0.035 0.009 0.021 0.055 0.002 0.040 0.007 0.013 0.002 0.047 0.038 0.003 0.002 0.058 
 168   (0.051) 0.306 0.005 0.045 0.049 0.012 0.016 0.005 0.322 0.074 0.012 0.015 0.001 0.043 0.054 0.003 0.003 0.058 
 186   (0.019) 0.002 0.002 0.005 0.015 0.003 0.041 0.002 0.020 0.013 0.003 0.032 0.000 0.017 0.018 0.001 0.001 0.033 
 158   (0.006) 0.001 0.000 0.002 0.005 0.001 0.001 0.001 0.000 0.004 0.001 0.001 0.000 0.004 0.006 0.000 0.000 0.004 

Locus 36 : 36 
6 alleles
0.0% missing data
  89   (0.567) 0.371 0.223 0.540 0.591 0.645 0.655 0.716 0.603 0.604 0.491 0.725 0.671 0.595 0.571 0.633 0.508 0.615 
  95   (0.064) 0.007 0.045 0.023 0.054 0.016 0.095 0.019 0.027 0.049 0.087 0.051 0.090 0.045 0.064 0.034 0.005 0.046 
  85   (0.162) 0.494 0.268 0.219 0.124 0.281 0.169 0.227 0.014 0.169 0.148 0.060 0.216 0.116 0.157 0.252 0.234 0.140 
  81   (0.062) 0.008 0.008 0.145 0.054 0.016 0.018 0.006 0.004 0.052 0.182 0.031 0.006 0.048 0.064 0.005 0.004 0.064 
  83   (0.126) 0.014 0.454 0.068 0.165 0.038 0.055 0.031 0.327 0.114 0.089 0.130 0.016 0.186 0.127 0.075 0.248 0.123 
  91   (0.018) 0.106 0.002 0.005 0.012 0.004 0.007 0.002 0.026 0.012 0.003 0.004 0.001 0.011 0.017 0.001 0.001 0.011 

Locus 37 : 37 
10 alleles
0.0% missing data
 161   (0.353) 0.433 0.094 0.532 0.360 0.426 0.212 0.527 0.709 0.291 0.397 0.300 0.579 0.359 0.348 0.537 0.373 0.307 
 165   (0.232) 0.132 0.059 0.138 0.296 0.094 0.299 0.284 0.112 0.248 0.186 0.183 0.192 0.310 0.239 0.040 0.099 0.252 
 159   (0.015) 0.001 0.001 0.004 0.009 0.003 0.002 0.007 0.001 0.026 0.002 0.003 0.031 0.008 0.014 0.047 0.001 0.011 
 173   (0.251) 0.224 0.153 0.199 0.209 0.415 0.274 0.073 0.170 0.276 0.386 0.364 0.133 0.200 0.249 0.138 0.517 0.267 
 169   (0.098) 0.205 0.689 0.107 0.086 0.053 0.146 0.104 0.006 0.105 0.020 0.124 0.054 0.079 0.098 0.236 0.006 0.103 
 167   (0.017) 0.002 0.002 0.007 0.012 0.004 0.002 0.002 0.001 0.028 0.003 0.018 0.010 0.012 0.017 0.001 0.002 0.017 
 168   (0.010) 0.001 0.001 0.003 0.009 0.002 0.001 0.001 0.001 0.008 0.002 0.002 0.000 0.009 0.011 0.001 0.001 0.011 
 155   (0.012) 0.001 0.001 0.006 0.012 0.002 0.002 0.001 0.001 0.013 0.002 0.002 0.000 0.016 0.013 0.001 0.001 0.027 
 177   (0.006) 0.001 0.000 0.003 0.004 0.002 0.001 0.001 0.000 0.003 0.001 0.002 0.000 0.004 0.006 0.000 0.000 0.003 
 175   (0.006) 0.001 0.000 0.001 0.003 0.001 0.061 0.001 0.000 0.002 0.001 0.001 0.000 0.003 0.005 0.000 0.000 0.002 

Locus 38 : 38 
6 alleles
0.6% missing data
  87   (0.095) 0.555 0.012 0.057 0.076 0.021 0.022 0.136 0.440 0.059 0.109 0.133 0.160 0.077 0.088 0.210 0.128 0.062 
  89   (0.443) 0.051 0.769 0.543 0.464 0.409 0.599 0.678 0.225 0.498 0.217 0.468 0.607 0.446 0.454 0.465 0.090 0.482 
  91   (0.166) 0.206 0.179 0.165 0.210 0.083 0.047 0.024 0.099 0.183 0.204 0.150 0.106 0.247 0.164 0.244 0.185 0.159 
  81   (0.113) 0.013 0.011 0.058 0.104 0.435 0.058 0.079 0.007 0.126 0.223 0.053 0.098 0.096 0.116 0.010 0.116 0.115 
  85   (0.176) 0.174 0.028 0.176 0.143 0.052 0.273 0.082 0.228 0.132 0.245 0.194 0.029 0.132 0.172 0.056 0.479 0.179 
  83   (0.006) 0.001 0.001 0.002 0.004 0.001 0.001 0.001 0.000 0.003 0.001 0.001 0.000 0.003 0.005 0.015 0.000 0.002 

Locus 39 : 39 
4 alleles
0.6% missing data
 167   (0.784) 0.685 0.931 0.880 0.801 0.795 0.773 0.933 0.391 0.791 0.949 0.855 0.923 0.830 0.777 0.846 0.860 0.779 
 161   (0.180) 0.311 0.060 0.104 0.173 0.191 0.164 0.063 0.458 0.159 0.044 0.113 0.076 0.147 0.187 0.151 0.137 0.191 
 165   (0.030) 0.003 0.008 0.014 0.020 0.012 0.062 0.003 0.150 0.046 0.006 0.030 0.001 0.019 0.030 0.002 0.002 0.027 
 177   (0.006) 0.001 0.000 0.002 0.006 0.001 0.001 0.001 0.000 0.003 0.001 0.002 0.000 0.004 0.006 0.000 0.001 0.004 

Locus 40 : 40 
6 alleles
0.4% missing data
 228   (0.422) 0.550 0.730 0.394 0.417 0.641 0.522 0.666 0.115 0.419 0.441 0.460 0.483 0.438 0.414 0.696 0.227 0.397 
 238   (0.339) 0.080 0.070 0.435 0.327 0.086 0.305 0.261 0.068 0.371 0.266 0.312 0.334 0.303 0.350 0.276 0.114 0.368 
 224   (0.023) 0.002 0.003 0.006 0.016 0.222 0.003 0.046 0.010 0.011 0.014 0.005 0.109 0.013 0.020 0.002 0.001 0.011 
 236   (0.104) 0.355 0.186 0.050 0.091 0.025 0.036 0.015 0.287 0.087 0.113 0.091 0.070 0.075 0.102 0.018 0.393 0.089 
 232   (0.012) 0.001 0.001 0.041 0.009 0.002 0.001 0.002 0.001 0.006 0.002 0.002 0.000 0.007 0.011 0.001 0.001 0.007 
 240   (0.102) 0.012 0.010 0.074 0.141 0.024 0.132 0.009 0.519 0.106 0.164 0.130 0.003 0.164 0.102 0.007 0.263 0.127 

Locus 41 : 41 
7 alleles
0.0% missing data
 128   (0.111) 0.012 0.238 0.145 0.129 0.253 0.212 0.049 0.006 0.125 0.070 0.145 0.172 0.145 0.107 0.008 0.031 0.091 
 130   (0.539) 0.061 0.692 0.553 0.573 0.504 0.411 0.596 0.738 0.545 0.516 0.523 0.539 0.584 0.542 0.879 0.781 0.548 
 114   (0.056) 0.504 0.031 0.030 0.043 0.011 0.007 0.036 0.003 0.039 0.079 0.015 0.119 0.041 0.054 0.053 0.003 0.044 
 132   (0.118) 0.013 0.017 0.149 0.100 0.027 0.248 0.301 0.007 0.115 0.154 0.144 0.164 0.097 0.118 0.010 0.048 0.148 
 118   (0.060) 0.205 0.009 0.049 0.043 0.030 0.073 0.006 0.072 0.067 0.011 0.106 0.002 0.042 0.057 0.004 0.130 0.051 
 134   (0.111) 0.205 0.012 0.074 0.108 0.175 0.048 0.012 0.174 0.107 0.169 0.065 0.004 0.088 0.117 0.045 0.007 0.115 
 136   (0.006) 0.001 0.001 0.002 0.004 0.001 0.001 0.001 0.000 0.003 0.001 0.001 0.000 0.003 0.006 0.000 0.000 0.003 

Locus 42 : 42 
6 alleles
1.2% missing data
 102   (0.268) 0.573 0.069 0.159 0.261 0.211 0.348 0.437 0.015 0.246 0.414 0.371 0.392 0.224 0.271 0.532 0.476 0.270 
 104   (0.403) 0.049 0.104 0.406 0.421 0.698 0.454 0.150 0.230 0.490 0.323 0.515 0.189 0.444 0.411 0.222 0.414 0.458 
  92   (0.111) 0.051 0.015 0.236 0.090 0.034 0.065 0.289 0.317 0.100 0.086 0.052 0.123 0.080 0.109 0.042 0.007 0.097 
  96   (0.073) 0.095 0.723 0.083 0.112 0.018 0.021 0.059 0.176 0.053 0.054 0.018 0.066 0.143 0.069 0.020 0.004 0.055 
  98   (0.139) 0.231 0.088 0.114 0.112 0.038 0.111 0.064 0.261 0.108 0.122 0.044 0.230 0.105 0.135 0.173 0.099 0.118 
 106   (0.006) 0.001 0.001 0.002 0.004 0.002 0.001 0.001 0.000 0.003 0.001 0.001 0.000 0.003 0.005 0.011 0.000 0.003 

Locus 43 : 43 
6 alleles
1.4% missing data
 101   (0.307) 0.035 0.080 0.428 0.262 0.208 0.290 0.205 0.369 0.321 0.468 0.282 0.435 0.227 0.306 0.621 0.178 0.276 
 103   (0.316) 0.227 0.458 0.176 0.275 0.129 0.440 0.387 0.108 0.341 0.280 0.421 0.178 0.282 0.318 0.193 0.352 0.381 
  99   (0.140) 0.416 0.071 0.216 0.173 0.600 0.083 0.224 0.182 0.097 0.063 0.051 0.030 0.179 0.141 0.052 0.009 0.130 
  95   (0.214) 0.169 0.388 0.172 0.267 0.059 0.184 0.181 0.335 0.224 0.185 0.242 0.357 0.297 0.211 0.132 0.459 0.194 
  97   (0.017) 0.152 0.002 0.006 0.017 0.003 0.002 0.002 0.006 0.012 0.003 0.003 0.000 0.012 0.018 0.001 0.001 0.015 
  91   (0.006) 0.001 0.000 0.002 0.005 0.001 0.001 0.001 0.000 0.003 0.001 0.001 0.000 0.004 0.006 0.000 0.000 0.004 

Locus 44 : 44 
7 alleles
0.2% missing data
 177   (0.078) 0.010 0.010 0.029 0.067 0.017 0.035 0.177 0.110 0.094 0.065 0.057 0.073 0.064 0.078 0.012 0.005 0.091 
 191   (0.280) 0.280 0.053 0.257 0.310 0.333 0.105 0.109 0.636 0.289 0.306 0.328 0.213 0.331 0.290 0.052 0.097 0.347 
 181   (0.574) 0.519 0.931 0.685 0.576 0.568 0.792 0.708 0.136 0.536 0.614 0.602 0.712 0.563 0.566 0.932 0.864 0.510 
 189   (0.007) 0.001 0.000 0.002 0.003 0.001 0.001 0.001 0.000 0.003 0.001 0.001 0.000 0.003 0.006 0.000 0.030 0.002 
 179   (0.042) 0.188 0.003 0.022 0.032 0.077 0.005 0.004 0.107 0.066 0.011 0.009 0.001 0.029 0.043 0.003 0.003 0.038 
 183   (0.009) 0.001 0.001 0.003 0.006 0.002 0.002 0.001 0.001 0.006 0.002 0.002 0.000 0.006 0.009 0.001 0.001 0.007 
 193   (0.010) 0.001 0.001 0.003 0.006 0.002 0.060 0.001 0.010 0.007 0.002 0.002 0.000 0.005 0.009 0.001 0.001 0.005 

Locus 45 : 45 
6 alleles
0.8% missing data
 205   (0.458) 0.245 0.867 0.351 0.502 0.527 0.550 0.552 0.309 0.503 0.534 0.403 0.453 0.520 0.466 0.734 0.403 0.509 
 211   (0.230) 0.341 0.047 0.376 0.199 0.287 0.148 0.102 0.393 0.233 0.184 0.149 0.269 0.195 0.230 0.163 0.274 0.229 
 207   (0.143) 0.018 0.064 0.092 0.128 0.057 0.236 0.196 0.072 0.119 0.095 0.190 0.141 0.105 0.144 0.065 0.202 0.133 
 201   (0.076) 0.385 0.011 0.101 0.075 0.023 0.018 0.115 0.040 0.054 0.082 0.174 0.075 0.087 0.072 0.029 0.005 0.057 
 215   (0.082) 0.010 0.009 0.076 0.069 0.104 0.046 0.035 0.180 0.084 0.103 0.082 0.061 0.058 0.079 0.008 0.116 0.061 
 202   (0.010) 0.001 0.001 0.003 0.026 0.002 0.002 0.001 0.007 0.006 0.002 0.002 0.000 0.036 0.009 0.001 0.001 0.011 

Locus 46 : 46 
10 alleles
1.0% missing data
 144   (0.067) 0.008 0.049 0.100 0.079 0.071 0.014 0.051 0.007 0.069 0.014 0.069 0.280 0.095 0.063 0.142 0.128 0.046 
 158   (0.152) 0.020 0.041 0.123 0.144 0.195 0.034 0.414 0.123 0.111 0.263 0.200 0.138 0.130 0.154 0.016 0.082 0.143 
 168   (0.148) 0.216 0.056 0.110 0.222 0.034 0.031 0.065 0.216 0.105 0.134 0.064 0.177 0.229 0.151 0.370 0.104 0.135 
 166   (0.143) 0.124 0.467 0.095 0.111 0.041 0.260 0.117 0.025 0.124 0.092 0.081 0.348 0.110 0.138 0.206 0.391 0.129 
 142   (0.353) 0.046 0.373 0.278 0.344 0.634 0.601 0.321 0.141 0.475 0.439 0.512 0.052 0.336 0.364 0.255 0.286 0.416 
 170   (0.016) 0.002 0.002 0.042 0.010 0.004 0.002 0.001 0.047 0.010 0.004 0.003 0.001 0.009 0.014 0.003 0.001 0.008 
 156   (0.027) 0.469 0.002 0.008 0.020 0.005 0.004 0.015 0.083 0.020 0.005 0.023 0.001 0.023 0.027 0.002 0.002 0.032 
 162   (0.045) 0.108 0.005 0.077 0.032 0.009 0.042 0.004 0.163 0.053 0.037 0.013 0.001 0.030 0.043 0.003 0.003 0.036 
 164   (0.041) 0.005 0.005 0.166 0.034 0.007 0.013 0.011 0.195 0.029 0.010 0.032 0.001 0.035 0.041 0.003 0.002 0.051 
 160   (0.006) 0.001 0.001 0.002 0.004 0.001 0.001 0.001 0.000 0.003 0.002 0.001 0.000 0.004 0.006 0.000 0.000 0.003 

Locus 47 : 47 
7 alleles
9.9% missing data
 149   (0.348) 0.347 0.489 0.294 0.398 0.495 0.395 0.182 0.771 0.414 0.082 0.316 0.189 0.442 0.351 0.288 0.335 0.366 
 151   (0.185) 0.083 0.117 0.161 0.159 0.357 0.114 0.594 0.087 0.142 0.373 0.210 0.244 0.149 0.183 0.052 0.012 0.177 
 153   (0.193) 0.029 0.101 0.140 0.168 0.078 0.396 0.133 0.041 0.223 0.177 0.300 0.332 0.153 0.194 0.494 0.025 0.202 
 147   (0.027) 0.004 0.003 0.072 0.021 0.007 0.003 0.027 0.002 0.017 0.005 0.007 0.041 0.022 0.025 0.002 0.002 0.019 
 145   (0.225) 0.533 0.287 0.300 0.238 0.056 0.089 0.061 0.041 0.192 0.359 0.163 0.192 0.219 0.226 0.162 0.626 0.225 
 152   (0.006) 0.001 0.001 0.003 0.005 0.002 0.001 0.001 0.001 0.003 0.001 0.002 0.003 0.005 0.006 0.001 0.000 0.003 
 143   (0.016) 0.002 0.001 0.030 0.012 0.003 0.002 0.002 0.058 0.009 0.003 0.003 0.000 0.011 0.015 0.001 0.001 0.010 

Values of parameters used in structure:
DATAFILE=temp2.str,	OUTFILE=k17/temp2_k17_run8,	NUMINDS=486,	NUMLOCI=47,	MISSING=-9,	LABEL=1,	POPDATA=1,	POPFLAG=0,	PHENOTYPE=0,	EXTRACOLS=0,	MAXPOPS=17,	BURNIN=500000,	NUMREPS=750000,	USEPOPINFO=0,	INFERALPHA=1,	INFERLAMBDA=0,	POPSPECIFICLAMBDA=0,	POPALPHAS=0,	COMPUTEPROB=1,	NOADMIX=0,	ADMBURNIN=500,	UPDATEFREQ=100,	PRINTLIKES=0,	INTERMEDSAVE=0,	PRINTKLD=0,	PRINTNET=1,	PRINTLAMBDA=1,	ANCESTDIST=0,	NUMBOXES=1000,	ANCESTPINT=0.90000,	GENSBACK=2,	MIGRPRIOR=0.01000,	PRINTQHAT=0,	PRINTQSUM=1,	ALPHA=1.0000,	FREQSCORR=1,	FPRIORMEAN=0.0100,	FPRIORSD=0.0500,	ONEFST=0,	LAMBDA=1.0000,	UNIFPRIORALPHA=1,	ALPHAMAX=10.0000,	ALPHAPRIORA=1.0000,	ALPHAPRIORB=2.0000,	ALPHAPROPSD=0.0250,	STARTATPOPINFO=0,	RANDOMIZE=0,	LINKAGE=0,	METROFREQ=10,	REPORTHITRATE=0,	MARKOVPHASE=0,	PHASED=1,	PLOIDY=2,	PHASEINFO=0	LOCPRIOR=0, 	LOCPRIORINIT=1.000000, 	LOCDATA=0, 	LOCISPOP=1, 	LOCPRIORSTEP=0.100000, 	MAXLOCPRIOR=20.000000, 	SEED=964431,	
[STRAT parameters]:    NUMSIMSTATS=1000,	PHENOTYPECOL=-9,	POOLFREQ=10,	LOCUSxONLY=0,	EMERROR=0.00100,	MISSINGPHENO=-9,	