

----------------------------------------------------
STRUCTURE by Pritchard, Stephens and Donnelly (2000)
     and Falush, Stephens and Pritchard (2003)
       Code by Pritchard, Falush and Hubisz
             Version 2.3.4 (Jul 2012)
----------------------------------------------------



Command line arguments:   structure -D 264706 -K 17 -m mainparams -o k17/temp2_k17_run5 
Input File:    temp2.str

Run parameters:
   486 individuals
   47 loci
   17 populations assumed
   500000 Burn-in period
   750000 Reps
RANDOMIZE turned off


--------------------------------------------
Proportion of membership of each pre-defined
 population in each of the 17 clusters

Given    Inferred Clusters                                                                                                         Number of
 Pop       1      2      3      4      5      6      7      8      9     10     11     12     13     14     15     16     17      Individuals

  1:     0.010  0.010  0.012  0.008  0.009  0.003  0.010  0.009  0.004  0.006  0.837  0.010  0.010  0.009  0.010  0.010  0.034       63
  2:     0.012  0.011  0.014  0.007  0.009  0.003  0.012  0.012  0.006  0.010  0.842  0.007  0.006  0.010  0.014  0.013  0.011       20
  3:     0.004  0.004  0.004  0.004  0.004  0.932  0.004  0.003  0.007  0.006  0.003  0.004  0.004  0.003  0.004  0.004  0.004       36
  4:     0.018  0.020  0.036  0.006  0.009  0.003  0.017  0.011  0.004  0.008  0.690  0.013  0.014  0.010  0.019  0.026  0.097       21
  5:     0.007  0.006  0.011  0.005  0.007  0.003  0.007  0.008  0.003  0.006  0.359  0.006  0.010  0.014  0.007  0.006  0.534       31
  6:     0.007  0.009  0.006  0.004  0.009  0.004  0.007  0.006  0.004  0.005  0.863  0.018  0.005  0.013  0.008  0.014  0.016       21
  7:     0.018  0.016  0.760  0.011  0.022  0.005  0.019  0.015  0.004  0.022  0.011  0.034  0.016  0.005  0.019  0.011  0.012       25
  8:     0.022  0.029  0.021  0.009  0.015  0.092  0.025  0.015  0.009  0.039  0.447  0.021  0.048  0.013  0.029  0.039  0.128        8
  9:     0.009  0.008  0.008  0.005  0.022  0.002  0.009  0.009  0.005  0.004  0.538  0.009  0.006  0.333  0.008  0.007  0.017       17
 10:     0.005  0.004  0.006  0.931  0.004  0.003  0.005  0.005  0.003  0.005  0.005  0.004  0.005  0.003  0.005  0.004  0.004       29
 11:     0.003  0.003  0.003  0.002  0.002  0.006  0.003  0.002  0.959  0.002  0.002  0.002  0.002  0.003  0.003  0.003  0.002        9
 12:     0.141  0.134  0.052  0.014  0.018  0.018  0.160  0.017  0.009  0.026  0.010  0.053  0.092  0.009  0.140  0.090  0.016       26
 13:     0.099  0.087  0.025  0.011  0.129  0.012  0.097  0.040  0.009  0.045  0.012  0.107  0.156  0.012  0.095  0.053  0.012       74
 14:     0.066  0.066  0.019  0.014  0.275  0.011  0.066  0.088  0.007  0.069  0.017  0.106  0.057  0.009  0.063  0.054  0.012       35
 15:     0.050  0.042  0.022  0.007  0.192  0.007  0.044  0.296  0.009  0.013  0.029  0.187  0.017  0.007  0.046  0.019  0.013       24
 16:     0.135  0.126  0.034  0.026  0.024  0.022  0.145  0.020  0.009  0.010  0.025  0.039  0.131  0.007  0.138  0.100  0.011       43
 17:     0.172  0.194  0.012  0.009  0.012  0.006  0.186  0.009  0.003  0.012  0.013  0.016  0.018  0.048  0.157  0.123  0.012        4
--------------------------------------------

Allele-freq. divergence among pops (Net nucleotide distance),
computed using point estimates of P.

      1       2       3       4       5       6       7       8       9      10      11      12      13      14      15      16      17      
 1      -    0.0012  0.0202  0.0559  0.0205  0.0859  0.0003  0.0305  0.1022  0.0509  0.0315  0.0165  0.0126  0.1012  0.0006  0.0133  0.0412  
 2   0.0012     -    0.0231  0.0567  0.0228  0.0852  0.0008  0.0318  0.1028  0.0520  0.0327  0.0185  0.0130  0.1045  0.0003  0.0068  0.0412  
 3   0.0202  0.0231     -    0.0619  0.0434  0.1064  0.0196  0.0460  0.1081  0.0628  0.0461  0.0396  0.0279  0.1243  0.0202  0.0395  0.0581  
 4   0.0559  0.0567  0.0619     -    0.0774  0.1237  0.0550  0.0801  0.1345  0.1098  0.0820  0.0750  0.0681  0.1624  0.0544  0.0671  0.0960  
 5   0.0205  0.0228  0.0434  0.0774     -    0.1332  0.0219  0.0330  0.1331  0.0706  0.0476  0.0267  0.0348  0.1257  0.0218  0.0362  0.0692  
 6   0.0859  0.0852  0.1064  0.1237  0.1332     -    0.0833  0.1318  0.1141  0.1359  0.1474  0.1135  0.0954  0.2182  0.0829  0.0938  0.1409  
 7   0.0003  0.0008  0.0196  0.0550  0.0219  0.0833     -    0.0312  0.1002  0.0510  0.0315  0.0174  0.0115  0.1027  0.0002  0.0116  0.0401  
 8   0.0305  0.0318  0.0460  0.0801  0.0330  0.1318  0.0312     -    0.1393  0.0783  0.0653  0.0340  0.0426  0.1561  0.0304  0.0424  0.0702  
 9   0.1022  0.1028  0.1081  0.1345  0.1331  0.1141  0.1002  0.1393     -    0.1718  0.1463  0.1278  0.1115  0.2044  0.0997  0.1122  0.1450  
10   0.0509  0.0520  0.0628  0.1098  0.0706  0.1359  0.0510  0.0783  0.1718     -    0.0801  0.0609  0.0683  0.1555  0.0507  0.0635  0.0842  
11   0.0315  0.0327  0.0461  0.0820  0.0476  0.1474  0.0315  0.0653  0.1463  0.0801     -    0.0498  0.0371  0.1071  0.0312  0.0449  0.0420  
12   0.0165  0.0185  0.0396  0.0750  0.0267  0.1135  0.0174  0.0340  0.1278  0.0609  0.0498     -    0.0285  0.1306  0.0173  0.0310  0.0633  
13   0.0126  0.0130  0.0279  0.0681  0.0348  0.0954  0.0115  0.0426  0.1115  0.0683  0.0371  0.0285     -    0.1151  0.0114  0.0240  0.0492  
14   0.1012  0.1045  0.1243  0.1624  0.1257  0.2182  0.1027  0.1561  0.2044  0.1555  0.1071  0.1306  0.1151     -    0.1030  0.1220  0.1370  
15   0.0006  0.0003  0.0202  0.0544  0.0218  0.0829  0.0002  0.0304  0.0997  0.0507  0.0312  0.0173  0.0114  0.1030     -    0.0093  0.0399  
16   0.0133  0.0068  0.0395  0.0671  0.0362  0.0938  0.0116  0.0424  0.1122  0.0635  0.0449  0.0310  0.0240  0.1220  0.0093     -    0.0506  
17   0.0412  0.0412  0.0581  0.0960  0.0692  0.1409  0.0401  0.0702  0.1450  0.0842  0.0420  0.0633  0.0492  0.1370  0.0399  0.0506     -    

Average distances (expected heterozygosity) between individuals in same cluster:
cluster  1  : 0.6399 
cluster  2  : 0.6349 
cluster  3  : 0.5937 
cluster  4  : 0.5433 
cluster  5  : 0.5535 
cluster  6  : 0.6310 
cluster  7  : 0.6421 
cluster  8  : 0.5566 
cluster  9  : 0.5319 
cluster 10  : 0.5308 
cluster 11  : 0.5365 
cluster 12  : 0.5807 
cluster 13  : 0.6027 
cluster 14  : 0.4294 
cluster 15  : 0.6422 
cluster 16  : 0.6043 
cluster 17  : 0.5357 

--------------------------------------------
Estimated Ln Prob of Data   = -53076.3
Mean value of ln likelihood = -50048.7
Variance of ln likelihood   = 6055.2
Mean value of alpha         = 0.0342

Mean value of Fst_1         = 0.0303
Mean value of Fst_2         = 0.0634
Mean value of Fst_3         = 0.0965
Mean value of Fst_4         = 0.2165
Mean value of Fst_5         = 0.1240
Mean value of Fst_6         = 0.1910
Mean value of Fst_7         = 0.0248
Mean value of Fst_8         = 0.1659
Mean value of Fst_9         = 0.3119
Mean value of Fst_10         = 0.2534
Mean value of Fst_11         = 0.1471
Mean value of Fst_12         = 0.1093
Mean value of Fst_13         = 0.0649
Mean value of Fst_14         = 0.4161
Mean value of Fst_15         = 0.0329
Mean value of Fst_16         = 0.1578
Mean value of Fst_17         = 0.1861


Inferred ancestry of individuals:
        Label (%Miss) Pop:  Inferred clusters
  1      221    (0)    1 :  0.007 0.007 0.018 0.002 0.009 0.003 0.007 0.007 0.003 0.003 0.893 0.006 0.010 0.004 0.007 0.007 0.008 
  2      222    (0)    1 :  0.009 0.010 0.007 0.009 0.009 0.004 0.009 0.004 0.004 0.011 0.379 0.007 0.008 0.006 0.010 0.011 0.505 
  3      223    (0)    1 :  0.010 0.010 0.008 0.003 0.011 0.006 0.009 0.005 0.003 0.006 0.858 0.010 0.030 0.008 0.009 0.009 0.007 
  4      224    (0)    1 :  0.003 0.003 0.004 0.005 0.003 0.001 0.003 0.002 0.001 0.004 0.951 0.002 0.003 0.005 0.003 0.003 0.005 
  5      225    (0)    1 :  0.005 0.006 0.003 0.004 0.004 0.002 0.006 0.003 0.002 0.004 0.929 0.004 0.006 0.004 0.006 0.007 0.006 
  6      226    (0)    1 :  0.004 0.004 0.013 0.002 0.003 0.001 0.005 0.002 0.006 0.007 0.923 0.004 0.011 0.004 0.005 0.003 0.003 
  7      227    (0)    1 :  0.010 0.009 0.037 0.004 0.005 0.007 0.011 0.005 0.015 0.004 0.844 0.006 0.017 0.005 0.010 0.007 0.003 
  8      228    (0)    1 :  0.009 0.010 0.006 0.005 0.030 0.004 0.009 0.004 0.003 0.010 0.851 0.010 0.009 0.012 0.010 0.013 0.006 
  9      234    (0)    1 :  0.004 0.004 0.003 0.002 0.005 0.001 0.004 0.004 0.003 0.004 0.938 0.004 0.004 0.004 0.004 0.004 0.008 
 10      235    (0)    1 :  0.004 0.004 0.004 0.002 0.003 0.001 0.004 0.002 0.004 0.002 0.946 0.003 0.002 0.004 0.004 0.004 0.008 
 11      236    (0)    1 :  0.003 0.002 0.005 0.002 0.002 0.001 0.003 0.002 0.002 0.002 0.950 0.002 0.003 0.014 0.003 0.002 0.004 
 12      237    (0)    1 :  0.004 0.004 0.003 0.002 0.004 0.002 0.004 0.005 0.002 0.003 0.938 0.006 0.006 0.002 0.004 0.003 0.008 
 13      238    (0)    1 :  0.009 0.008 0.024 0.011 0.005 0.006 0.009 0.006 0.003 0.004 0.835 0.013 0.009 0.003 0.009 0.007 0.040 
 14      239    (0)    1 :  0.020 0.022 0.073 0.014 0.017 0.002 0.026 0.010 0.007 0.007 0.667 0.008 0.041 0.024 0.025 0.020 0.016 
 15      240    (0)    1 :  0.004 0.004 0.006 0.003 0.003 0.001 0.004 0.004 0.002 0.004 0.942 0.003 0.003 0.006 0.004 0.003 0.006 
 16      242    (0)    1 :  0.060 0.039 0.011 0.002 0.017 0.001 0.065 0.008 0.001 0.007 0.315 0.022 0.123 0.003 0.074 0.020 0.231 
 17      243    (0)    1 :  0.015 0.014 0.021 0.015 0.005 0.002 0.015 0.005 0.016 0.009 0.826 0.007 0.010 0.006 0.014 0.008 0.013 
 18      244    (0)    1 :  0.007 0.008 0.022 0.003 0.003 0.003 0.008 0.003 0.012 0.003 0.877 0.003 0.017 0.002 0.007 0.008 0.015 
 19      245    (0)    1 :  0.015 0.013 0.013 0.007 0.008 0.024 0.014 0.022 0.009 0.006 0.771 0.015 0.008 0.047 0.016 0.008 0.004 
 20      246    (0)    1 :  0.005 0.004 0.003 0.003 0.003 0.003 0.005 0.002 0.005 0.003 0.937 0.003 0.003 0.003 0.004 0.004 0.011 
 21      248    (0)    1 :  0.007 0.007 0.005 0.020 0.004 0.003 0.008 0.004 0.003 0.002 0.857 0.005 0.009 0.009 0.007 0.006 0.046 
 22      249    (0)    1 :  0.002 0.002 0.004 0.002 0.002 0.001 0.002 0.002 0.001 0.004 0.963 0.002 0.003 0.002 0.002 0.002 0.002 
 23      250    (0)    1 :  0.015 0.014 0.009 0.009 0.010 0.006 0.015 0.006 0.006 0.006 0.834 0.020 0.009 0.013 0.014 0.010 0.005 
 24      251    (0)    1 :  0.005 0.006 0.004 0.003 0.011 0.001 0.005 0.006 0.004 0.002 0.906 0.008 0.006 0.005 0.005 0.008 0.015 
 25      252    (0)    1 :  0.009 0.007 0.006 0.037 0.010 0.002 0.008 0.010 0.001 0.008 0.852 0.023 0.007 0.005 0.008 0.005 0.003 
 26      253    (0)    1 :  0.023 0.020 0.007 0.022 0.004 0.015 0.023 0.002 0.003 0.004 0.808 0.005 0.021 0.006 0.022 0.013 0.003 
 27      254    (0)    1 :  0.005 0.006 0.008 0.003 0.004 0.002 0.005 0.005 0.002 0.003 0.924 0.005 0.007 0.004 0.005 0.008 0.004 
 28      255    (0)    1 :  0.016 0.019 0.054 0.006 0.011 0.003 0.018 0.005 0.003 0.004 0.529 0.007 0.014 0.017 0.016 0.015 0.264 
 29      256    (0)    1 :  0.012 0.009 0.003 0.002 0.004 0.004 0.011 0.004 0.002 0.013 0.851 0.008 0.005 0.003 0.010 0.006 0.054 
 30      257    (0)    1 :  0.009 0.009 0.018 0.009 0.010 0.002 0.008 0.011 0.003 0.003 0.868 0.009 0.011 0.003 0.009 0.010 0.007 
 31      258    (0)    1 :  0.011 0.009 0.011 0.003 0.009 0.005 0.010 0.014 0.002 0.003 0.851 0.011 0.008 0.010 0.010 0.006 0.028 
 32      259    (0)    1 :  0.007 0.027 0.005 0.002 0.005 0.002 0.009 0.013 0.002 0.004 0.814 0.004 0.006 0.002 0.016 0.075 0.007 
 33      260    (0)    1 :  0.006 0.006 0.026 0.071 0.005 0.002 0.006 0.003 0.006 0.003 0.818 0.006 0.004 0.022 0.006 0.004 0.005 
 34      261    (0)    1 :  0.014 0.011 0.014 0.008 0.014 0.002 0.013 0.111 0.002 0.005 0.721 0.052 0.004 0.003 0.012 0.009 0.005 
 35      262    (0)    1 :  0.002 0.002 0.002 0.002 0.003 0.001 0.002 0.002 0.001 0.003 0.962 0.002 0.002 0.002 0.002 0.003 0.006 
 36      263    (0)    1 :  0.006 0.005 0.045 0.024 0.003 0.004 0.006 0.005 0.005 0.005 0.854 0.006 0.005 0.005 0.006 0.004 0.014 
 37      264    (0)    1 :  0.004 0.005 0.006 0.003 0.004 0.001 0.004 0.009 0.001 0.013 0.917 0.005 0.004 0.003 0.004 0.006 0.009 
 38      265    (0)    1 :  0.005 0.006 0.021 0.038 0.006 0.001 0.006 0.007 0.002 0.005 0.860 0.004 0.003 0.007 0.006 0.005 0.019 
 39      266    (0)    1 :  0.003 0.003 0.002 0.002 0.003 0.001 0.003 0.002 0.001 0.002 0.953 0.003 0.003 0.005 0.003 0.003 0.006 
 40      267    (0)    1 :  0.003 0.003 0.003 0.001 0.004 0.001 0.003 0.002 0.002 0.003 0.935 0.002 0.005 0.002 0.003 0.003 0.024 
 41      268    (0)    1 :  0.007 0.006 0.006 0.050 0.005 0.001 0.007 0.004 0.008 0.004 0.869 0.009 0.007 0.003 0.006 0.005 0.004 
 42      269    (0)    1 :  0.003 0.003 0.004 0.002 0.003 0.001 0.003 0.006 0.001 0.002 0.931 0.004 0.004 0.020 0.003 0.002 0.008 
 43      270    (0)    1 :  0.003 0.003 0.007 0.002 0.004 0.001 0.003 0.003 0.002 0.023 0.927 0.003 0.005 0.003 0.003 0.003 0.004 
 44      271    (0)    1 :  0.030 0.024 0.011 0.010 0.007 0.006 0.024 0.023 0.003 0.007 0.685 0.025 0.014 0.074 0.023 0.026 0.010 
 45      272    (0)    1 :  0.028 0.030 0.008 0.005 0.008 0.001 0.026 0.100 0.006 0.019 0.285 0.008 0.008 0.014 0.032 0.029 0.392 
 46      273    (0)    1 :  0.013 0.013 0.037 0.002 0.016 0.004 0.015 0.010 0.002 0.020 0.799 0.007 0.017 0.010 0.013 0.010 0.013 
 47      274    (0)    1 :  0.005 0.005 0.009 0.006 0.006 0.002 0.005 0.016 0.003 0.003 0.911 0.006 0.005 0.006 0.005 0.004 0.004 
 48      275    (2)    1 :  0.004 0.004 0.007 0.002 0.005 0.002 0.004 0.003 0.002 0.003 0.935 0.003 0.005 0.003 0.004 0.005 0.008 
 49      276    (0)    1 :  0.006 0.006 0.005 0.004 0.006 0.001 0.006 0.009 0.002 0.004 0.910 0.011 0.007 0.005 0.006 0.006 0.006 
 50      277    (0)    1 :  0.021 0.015 0.008 0.002 0.041 0.001 0.014 0.008 0.001 0.007 0.773 0.067 0.006 0.012 0.013 0.008 0.003 
 51      278    (0)    1 :  0.012 0.012 0.005 0.004 0.019 0.001 0.009 0.011 0.008 0.002 0.805 0.048 0.011 0.005 0.009 0.023 0.016 
 52      279    (0)    1 :  0.015 0.017 0.006 0.002 0.005 0.002 0.014 0.004 0.002 0.005 0.867 0.008 0.009 0.003 0.013 0.014 0.016 
 53      280    (0)    1 :  0.012 0.013 0.019 0.005 0.024 0.002 0.011 0.009 0.002 0.003 0.777 0.014 0.011 0.064 0.011 0.016 0.007 
 54      287    (0)    1 :  0.016 0.016 0.012 0.006 0.010 0.003 0.015 0.006 0.004 0.006 0.853 0.009 0.007 0.003 0.015 0.016 0.004 
 55      290    (0)    1 :  0.013 0.014 0.010 0.002 0.009 0.002 0.013 0.012 0.006 0.016 0.777 0.008 0.008 0.006 0.011 0.014 0.079 
 56      291    (0)    1 :  0.009 0.019 0.006 0.006 0.029 0.002 0.009 0.009 0.003 0.003 0.816 0.014 0.005 0.014 0.013 0.040 0.003 
 57      295    (0)    1 :  0.004 0.004 0.004 0.003 0.030 0.001 0.004 0.006 0.001 0.003 0.917 0.006 0.003 0.003 0.004 0.003 0.005 
 58      296    (0)    1 :  0.004 0.004 0.004 0.004 0.003 0.002 0.004 0.003 0.003 0.009 0.925 0.005 0.009 0.005 0.004 0.003 0.009 
 59      872    (2)    1 :  0.006 0.005 0.005 0.007 0.004 0.005 0.006 0.004 0.006 0.005 0.835 0.006 0.004 0.004 0.005 0.006 0.087 
 60      873    (4)    1 :  0.013 0.013 0.013 0.003 0.003 0.003 0.014 0.003 0.004 0.018 0.818 0.009 0.011 0.010 0.018 0.021 0.027 
 61      874    (2)    1 :  0.004 0.006 0.005 0.002 0.007 0.001 0.004 0.009 0.001 0.004 0.899 0.020 0.007 0.002 0.005 0.011 0.012 
 62      875    (0)    1 :  0.005 0.005 0.006 0.002 0.005 0.003 0.006 0.004 0.017 0.003 0.903 0.004 0.006 0.005 0.005 0.005 0.015 
 63      876    (6)    1 :  0.008 0.007 0.022 0.010 0.014 0.002 0.008 0.007 0.001 0.004 0.862 0.013 0.019 0.005 0.008 0.006 0.005 
 64      212    (0)   10 :  0.003 0.003 0.002 0.958 0.004 0.002 0.002 0.003 0.001 0.002 0.002 0.004 0.003 0.002 0.003 0.003 0.003 
 65      213    (0)   10 :  0.004 0.004 0.003 0.931 0.007 0.002 0.004 0.003 0.003 0.003 0.005 0.008 0.006 0.008 0.004 0.003 0.002 
 66      214    (0)   10 :  0.005 0.005 0.006 0.930 0.002 0.003 0.005 0.007 0.001 0.002 0.004 0.004 0.006 0.002 0.005 0.006 0.006 
 67      215    (0)   10 :  0.004 0.004 0.004 0.935 0.008 0.002 0.004 0.003 0.003 0.003 0.005 0.004 0.004 0.003 0.004 0.005 0.004 
 68      216    (0)   10 :  0.003 0.003 0.003 0.950 0.005 0.001 0.003 0.003 0.002 0.004 0.004 0.004 0.002 0.004 0.003 0.003 0.002 
 69      217    (0)   10 :  0.006 0.005 0.003 0.926 0.004 0.002 0.005 0.005 0.002 0.006 0.004 0.004 0.010 0.004 0.005 0.005 0.004 
 70      218    (0)   10 :  0.003 0.003 0.003 0.956 0.003 0.003 0.003 0.003 0.002 0.004 0.003 0.003 0.003 0.002 0.003 0.003 0.002 
 71      332    (0)   10 :  0.008 0.007 0.015 0.853 0.007 0.002 0.007 0.010 0.005 0.033 0.010 0.008 0.011 0.003 0.007 0.005 0.007 
 72      333    (0)   10 :  0.012 0.010 0.027 0.837 0.006 0.008 0.013 0.008 0.010 0.006 0.010 0.004 0.009 0.004 0.012 0.012 0.012 
 73      334    (0)   10 :  0.004 0.004 0.007 0.927 0.004 0.002 0.004 0.004 0.003 0.007 0.007 0.006 0.005 0.003 0.004 0.005 0.002 
 74      335    (0)   10 :  0.003 0.003 0.003 0.958 0.005 0.002 0.003 0.005 0.002 0.002 0.002 0.002 0.003 0.001 0.003 0.003 0.002 
 75      336    (0)   10 :  0.003 0.002 0.005 0.943 0.002 0.002 0.003 0.002 0.014 0.003 0.003 0.003 0.002 0.004 0.003 0.002 0.005 
 76      337    (0)   10 :  0.005 0.005 0.011 0.925 0.003 0.002 0.005 0.003 0.002 0.002 0.009 0.003 0.006 0.002 0.005 0.005 0.008 
 77      673    (0)   10 :  0.001 0.001 0.002 0.977 0.002 0.001 0.001 0.002 0.001 0.001 0.002 0.001 0.001 0.001 0.001 0.001 0.001 
 78      674    (0)   10 :  0.005 0.005 0.005 0.932 0.003 0.002 0.005 0.004 0.002 0.007 0.004 0.005 0.003 0.002 0.006 0.006 0.005 
 79      675    (0)   10 :  0.004 0.004 0.005 0.938 0.007 0.002 0.004 0.003 0.004 0.003 0.003 0.005 0.003 0.004 0.004 0.004 0.002 
 80      676    (0)   10 :  0.005 0.004 0.006 0.928 0.008 0.002 0.004 0.007 0.001 0.005 0.003 0.006 0.008 0.001 0.004 0.004 0.002 
 81      677    (0)   10 :  0.003 0.004 0.004 0.945 0.003 0.001 0.003 0.004 0.003 0.002 0.006 0.003 0.005 0.002 0.003 0.005 0.003 
 82      678    (0)   10 :  0.010 0.010 0.003 0.890 0.008 0.003 0.010 0.006 0.004 0.002 0.007 0.006 0.007 0.004 0.009 0.009 0.011 
 83      679    (0)   10 :  0.007 0.006 0.007 0.900 0.002 0.024 0.007 0.004 0.002 0.014 0.004 0.005 0.005 0.001 0.007 0.005 0.002 
 84      680    (0)   10 :  0.005 0.005 0.013 0.914 0.006 0.002 0.005 0.009 0.005 0.007 0.004 0.007 0.004 0.003 0.005 0.004 0.003 
 85      681    (0)   10 :  0.005 0.005 0.006 0.927 0.004 0.002 0.005 0.003 0.002 0.004 0.007 0.005 0.008 0.002 0.005 0.005 0.003 
 86      682    (0)   10 :  0.002 0.002 0.002 0.964 0.002 0.002 0.002 0.002 0.004 0.002 0.002 0.002 0.002 0.003 0.002 0.002 0.002 
 87      683    (0)   10 :  0.006 0.005 0.007 0.927 0.004 0.003 0.006 0.004 0.002 0.007 0.005 0.004 0.004 0.004 0.005 0.006 0.003 
 88      684    (0)   10 :  0.004 0.006 0.006 0.932 0.005 0.002 0.005 0.008 0.002 0.003 0.002 0.005 0.003 0.002 0.005 0.007 0.003 
 89      685    (0)   10 :  0.006 0.006 0.009 0.927 0.003 0.004 0.006 0.003 0.003 0.003 0.003 0.003 0.005 0.003 0.005 0.006 0.006 
 90      686    (0)   10 :  0.002 0.002 0.003 0.962 0.002 0.004 0.002 0.002 0.003 0.002 0.002 0.002 0.002 0.002 0.002 0.002 0.002 
 91      687    (0)   10 :  0.002 0.002 0.004 0.965 0.004 0.001 0.002 0.002 0.002 0.002 0.002 0.002 0.002 0.002 0.002 0.002 0.002 
 92      688    (0)   10 :  0.004 0.003 0.006 0.928 0.004 0.001 0.003 0.014 0.002 0.004 0.007 0.007 0.004 0.003 0.003 0.003 0.004 
 93      070    (0)   11 :  0.004 0.004 0.003 0.001 0.002 0.008 0.004 0.003 0.948 0.002 0.002 0.003 0.003 0.001 0.004 0.004 0.003 
 94      071    (0)   11 :  0.003 0.003 0.004 0.006 0.003 0.001 0.003 0.003 0.952 0.002 0.002 0.003 0.003 0.006 0.003 0.003 0.002 
 95      072    (0)   11 :  0.002 0.002 0.002 0.001 0.002 0.006 0.002 0.002 0.968 0.001 0.001 0.001 0.002 0.003 0.002 0.001 0.002 
 96      151    (0)   11 :  0.001 0.001 0.002 0.001 0.002 0.002 0.001 0.002 0.976 0.001 0.001 0.002 0.001 0.001 0.001 0.002 0.001 
 97      152    (0)   11 :  0.005 0.005 0.004 0.002 0.005 0.002 0.005 0.004 0.940 0.002 0.002 0.003 0.005 0.004 0.005 0.005 0.002 
 98      153    (2)   11 :  0.001 0.001 0.002 0.001 0.001 0.002 0.001 0.001 0.977 0.001 0.001 0.001 0.001 0.001 0.001 0.002 0.002 
 99      788    (4)   11 :  0.003 0.003 0.002 0.002 0.003 0.032 0.003 0.003 0.931 0.001 0.002 0.003 0.002 0.003 0.003 0.002 0.001 
100      789    (2)   11 :  0.002 0.002 0.002 0.003 0.002 0.002 0.002 0.002 0.967 0.001 0.002 0.002 0.002 0.002 0.002 0.002 0.002 
101      790    (0)   11 :  0.002 0.002 0.002 0.001 0.002 0.001 0.002 0.001 0.971 0.001 0.002 0.001 0.002 0.003 0.002 0.002 0.002 
102      010    (0)   12 :  0.172 0.181 0.009 0.004 0.005 0.013 0.212 0.004 0.002 0.006 0.005 0.009 0.015 0.007 0.121 0.228 0.007 
103      024    (0)   12 :  0.196 0.133 0.010 0.009 0.009 0.045 0.189 0.041 0.006 0.007 0.006 0.011 0.012 0.005 0.240 0.074 0.006 
104      051    (0)   12 :  0.112 0.141 0.254 0.008 0.005 0.046 0.170 0.005 0.013 0.005 0.005 0.009 0.025 0.004 0.113 0.077 0.007 
105      090    (0)   12 :  0.184 0.122 0.065 0.005 0.013 0.022 0.201 0.008 0.007 0.012 0.007 0.013 0.078 0.003 0.173 0.079 0.009 
106      102    (0)   12 :  0.174 0.144 0.018 0.003 0.061 0.002 0.153 0.013 0.002 0.011 0.027 0.154 0.033 0.004 0.132 0.039 0.032 
107      111    (0)   12 :  0.132 0.189 0.011 0.004 0.006 0.004 0.178 0.028 0.002 0.005 0.006 0.020 0.082 0.073 0.129 0.108 0.025 
108      113    (0)   12 :  0.112 0.159 0.090 0.005 0.021 0.005 0.154 0.051 0.006 0.007 0.005 0.031 0.057 0.003 0.127 0.133 0.034 
109      138    (0)   12 :  0.067 0.056 0.016 0.080 0.012 0.006 0.067 0.006 0.047 0.003 0.009 0.013 0.504 0.003 0.072 0.035 0.003 
110      150    (0)   12 :  0.032 0.025 0.063 0.004 0.033 0.025 0.022 0.021 0.015 0.006 0.016 0.628 0.064 0.002 0.027 0.011 0.007 
111      173    (2)   12 :  0.154 0.095 0.160 0.011 0.012 0.017 0.158 0.034 0.021 0.034 0.005 0.015 0.021 0.007 0.197 0.052 0.006 
112      174    (2)   12 :  0.090 0.134 0.015 0.003 0.003 0.029 0.138 0.015 0.023 0.005 0.007 0.004 0.272 0.004 0.092 0.139 0.027 
113      175    (0)   12 :  0.164 0.190 0.024 0.003 0.007 0.064 0.207 0.004 0.006 0.005 0.003 0.014 0.020 0.002 0.171 0.103 0.014 
114      176    (0)   12 :  0.154 0.204 0.008 0.010 0.005 0.004 0.181 0.007 0.005 0.003 0.015 0.016 0.015 0.007 0.173 0.175 0.018 
115      177    (0)   12 :  0.117 0.139 0.240 0.002 0.009 0.009 0.159 0.048 0.003 0.004 0.003 0.009 0.045 0.002 0.137 0.065 0.009 
116      180    (0)   12 :  0.110 0.138 0.109 0.007 0.005 0.002 0.166 0.006 0.004 0.004 0.023 0.005 0.105 0.004 0.121 0.076 0.116 
117      184    (0)   12 :  0.086 0.075 0.015 0.006 0.017 0.010 0.098 0.016 0.016 0.039 0.006 0.097 0.374 0.005 0.101 0.035 0.004 
118      195    (0)   12 :  0.168 0.182 0.014 0.014 0.011 0.007 0.220 0.008 0.005 0.006 0.005 0.013 0.013 0.033 0.174 0.120 0.004 
119      198    (0)   12 :  0.145 0.110 0.020 0.007 0.007 0.009 0.154 0.005 0.003 0.003 0.011 0.013 0.250 0.033 0.149 0.066 0.017 
120      203    (0)   12 :  0.216 0.144 0.010 0.005 0.006 0.002 0.208 0.010 0.009 0.008 0.008 0.026 0.009 0.003 0.103 0.224 0.009 
121      211    (0)   12 :  0.139 0.161 0.008 0.078 0.010 0.004 0.156 0.034 0.003 0.003 0.026 0.046 0.024 0.003 0.193 0.107 0.004 
122      220    (0)   12 :  0.133 0.125 0.075 0.010 0.020 0.005 0.147 0.041 0.002 0.010 0.004 0.197 0.040 0.008 0.114 0.059 0.009 
123      233    (0)   12 :  0.164 0.116 0.017 0.043 0.168 0.002 0.166 0.019 0.005 0.031 0.008 0.004 0.015 0.002 0.180 0.056 0.004 
124      331    (0)   12 :  0.192 0.173 0.032 0.004 0.005 0.028 0.222 0.010 0.007 0.007 0.005 0.014 0.019 0.009 0.143 0.124 0.006 
125      349    (0)   12 :  0.074 0.070 0.036 0.006 0.012 0.096 0.089 0.005 0.009 0.444 0.008 0.008 0.011 0.006 0.083 0.035 0.010 
126      410    (0)   12 :  0.163 0.099 0.016 0.023 0.003 0.006 0.172 0.007 0.003 0.005 0.008 0.005 0.204 0.003 0.209 0.065 0.010 
127      417    (2)   12 :  0.214 0.187 0.006 0.005 0.007 0.005 0.179 0.004 0.002 0.009 0.026 0.017 0.090 0.007 0.175 0.060 0.008 
128      421    (0)   13 :  0.009 0.006 0.004 0.005 0.853 0.001 0.007 0.009 0.002 0.009 0.007 0.005 0.007 0.058 0.006 0.007 0.003 
129      423    (0)   13 :  0.156 0.210 0.009 0.002 0.004 0.008 0.226 0.003 0.008 0.023 0.005 0.020 0.025 0.003 0.182 0.106 0.009 
130      424    (0)   13 :  0.089 0.084 0.334 0.002 0.005 0.010 0.103 0.018 0.002 0.007 0.015 0.006 0.158 0.004 0.087 0.044 0.031 
131      433    (0)   13 :  0.156 0.129 0.008 0.015 0.153 0.008 0.090 0.028 0.002 0.003 0.004 0.171 0.115 0.002 0.098 0.016 0.004 
132      462    (0)   13 :  0.157 0.153 0.076 0.020 0.078 0.005 0.141 0.015 0.002 0.012 0.007 0.029 0.057 0.007 0.156 0.077 0.008 
133      463    (0)   13 :  0.157 0.153 0.007 0.003 0.006 0.030 0.188 0.007 0.003 0.048 0.014 0.014 0.072 0.020 0.173 0.100 0.005 
134      467    (0)   13 :  0.022 0.017 0.014 0.011 0.360 0.008 0.021 0.227 0.007 0.018 0.028 0.208 0.008 0.004 0.023 0.020 0.005 
135      468    (0)   13 :  0.011 0.008 0.007 0.002 0.086 0.003 0.008 0.011 0.003 0.769 0.015 0.026 0.006 0.026 0.008 0.006 0.007 
136      469    (0)   13 :  0.216 0.176 0.005 0.002 0.098 0.002 0.104 0.046 0.002 0.003 0.051 0.076 0.048 0.028 0.107 0.027 0.007 
137      472    (0)   13 :  0.135 0.151 0.010 0.007 0.036 0.026 0.160 0.004 0.004 0.007 0.007 0.020 0.019 0.015 0.234 0.163 0.002 
138      473    (0)   13 :  0.025 0.023 0.007 0.008 0.006 0.011 0.028 0.009 0.003 0.801 0.003 0.008 0.019 0.005 0.023 0.019 0.004 
139      474    (0)   13 :  0.003 0.003 0.003 0.005 0.004 0.001 0.003 0.004 0.001 0.014 0.005 0.939 0.004 0.002 0.003 0.003 0.003 
140      475    (0)   13 :  0.117 0.101 0.008 0.003 0.305 0.014 0.123 0.022 0.003 0.024 0.004 0.042 0.030 0.003 0.091 0.105 0.006 
141      476    (2)   13 :  0.005 0.005 0.004 0.009 0.004 0.011 0.005 0.010 0.007 0.016 0.003 0.898 0.003 0.002 0.005 0.006 0.005 
142      477    (0)   13 :  0.238 0.214 0.007 0.019 0.012 0.011 0.213 0.006 0.005 0.012 0.007 0.013 0.009 0.003 0.195 0.031 0.005 
143      478    (0)   13 :  0.141 0.126 0.016 0.003 0.020 0.003 0.185 0.185 0.002 0.004 0.012 0.012 0.008 0.003 0.163 0.064 0.053 
144      479    (0)   13 :  0.014 0.012 0.008 0.003 0.055 0.001 0.012 0.003 0.003 0.004 0.012 0.506 0.327 0.014 0.012 0.008 0.005 
145      480    (0)   13 :  0.007 0.006 0.005 0.002 0.896 0.002 0.007 0.019 0.002 0.020 0.002 0.008 0.007 0.001 0.006 0.005 0.004 
146      481    (0)   13 :  0.141 0.114 0.013 0.003 0.023 0.008 0.149 0.007 0.040 0.016 0.006 0.093 0.134 0.004 0.182 0.059 0.009 
147      482    (0)   13 :  0.122 0.103 0.017 0.051 0.024 0.005 0.119 0.146 0.002 0.004 0.004 0.009 0.086 0.082 0.115 0.107 0.005 
148      489    (0)   13 :  0.159 0.202 0.007 0.013 0.020 0.027 0.203 0.017 0.004 0.024 0.004 0.008 0.031 0.006 0.171 0.100 0.006 
149      490    (0)   13 :  0.011 0.015 0.012 0.003 0.008 0.005 0.018 0.021 0.003 0.004 0.016 0.005 0.841 0.005 0.013 0.013 0.008 
150      491    (0)   13 :  0.159 0.088 0.076 0.107 0.022 0.002 0.140 0.007 0.009 0.008 0.005 0.026 0.075 0.008 0.163 0.101 0.004 
151      492    (0)   13 :  0.012 0.011 0.006 0.009 0.005 0.006 0.011 0.012 0.003 0.022 0.013 0.821 0.008 0.003 0.012 0.012 0.036 
152      493    (0)   13 :  0.063 0.049 0.018 0.005 0.071 0.015 0.038 0.004 0.008 0.004 0.008 0.650 0.006 0.005 0.036 0.016 0.004 
153      494    (0)   13 :  0.069 0.066 0.016 0.038 0.273 0.025 0.088 0.011 0.025 0.010 0.005 0.027 0.221 0.012 0.081 0.032 0.004 
154      498    (0)   13 :  0.152 0.110 0.007 0.004 0.009 0.011 0.157 0.006 0.007 0.036 0.022 0.088 0.096 0.003 0.217 0.060 0.013 
155      499    (0)   13 :  0.199 0.149 0.041 0.007 0.008 0.007 0.184 0.023 0.003 0.006 0.011 0.023 0.020 0.003 0.106 0.204 0.005 
156      709    (0)   13 :  0.148 0.112 0.012 0.011 0.006 0.016 0.165 0.016 0.077 0.004 0.009 0.030 0.134 0.018 0.179 0.056 0.009 
157      710    (4)   13 :  0.188 0.181 0.003 0.003 0.246 0.059 0.106 0.004 0.005 0.006 0.007 0.018 0.014 0.010 0.105 0.040 0.004 
158      711    (2)   13 :  0.150 0.143 0.104 0.003 0.023 0.003 0.161 0.006 0.006 0.006 0.016 0.011 0.037 0.024 0.158 0.086 0.061 
159      712    (4)   13 :  0.008 0.008 0.008 0.003 0.009 0.002 0.008 0.006 0.002 0.003 0.006 0.006 0.905 0.004 0.008 0.008 0.006 
160      713    (0)   13 :  0.188 0.156 0.008 0.008 0.003 0.031 0.219 0.006 0.004 0.010 0.005 0.007 0.012 0.026 0.139 0.175 0.005 
161      714    (2)   13 :  0.028 0.025 0.019 0.002 0.401 0.009 0.024 0.015 0.014 0.036 0.011 0.351 0.006 0.005 0.026 0.021 0.007 
162      715    (4)   13 :  0.013 0.019 0.024 0.033 0.639 0.004 0.013 0.090 0.014 0.003 0.032 0.017 0.026 0.014 0.018 0.028 0.013 
163      716    (0)   13 :  0.023 0.020 0.005 0.004 0.141 0.002 0.016 0.017 0.002 0.004 0.003 0.718 0.009 0.004 0.015 0.012 0.005 
164      717    (2)   13 :  0.158 0.088 0.009 0.009 0.017 0.005 0.083 0.310 0.003 0.010 0.007 0.019 0.012 0.008 0.061 0.118 0.084 
165      718    (4)   13 :  0.024 0.026 0.016 0.002 0.018 0.003 0.018 0.005 0.002 0.004 0.011 0.013 0.809 0.009 0.024 0.009 0.006 
166      719    (0)   13 :  0.003 0.003 0.002 0.002 0.953 0.002 0.003 0.005 0.001 0.003 0.003 0.004 0.003 0.004 0.003 0.003 0.002 
167      720    (2)   13 :  0.183 0.133 0.008 0.012 0.373 0.007 0.078 0.057 0.002 0.010 0.007 0.018 0.006 0.008 0.076 0.016 0.006 
168      721    (0)   13 :  0.099 0.082 0.018 0.006 0.023 0.007 0.088 0.018 0.034 0.026 0.004 0.455 0.018 0.012 0.075 0.029 0.005 
169      722    (4)   13 :  0.069 0.049 0.006 0.002 0.483 0.002 0.019 0.165 0.002 0.086 0.011 0.047 0.013 0.020 0.019 0.004 0.006 
170      723    (0)   13 :  0.013 0.012 0.003 0.005 0.869 0.003 0.013 0.008 0.007 0.002 0.003 0.024 0.005 0.001 0.016 0.009 0.006 
171      724    (0)   13 :  0.015 0.014 0.007 0.009 0.658 0.017 0.015 0.014 0.005 0.009 0.013 0.120 0.007 0.057 0.016 0.015 0.011 
172      725    (0)   13 :  0.162 0.160 0.013 0.010 0.028 0.021 0.195 0.015 0.004 0.018 0.005 0.008 0.018 0.010 0.205 0.122 0.008 
173      726    (0)   13 :  0.207 0.177 0.006 0.005 0.012 0.010 0.161 0.011 0.006 0.027 0.003 0.180 0.012 0.009 0.146 0.025 0.003 
174      727    (0)   13 :  0.085 0.093 0.013 0.011 0.014 0.002 0.095 0.013 0.010 0.006 0.005 0.383 0.060 0.009 0.095 0.100 0.003 
175      728    (2)   13 :  0.187 0.132 0.010 0.006 0.009 0.006 0.192 0.010 0.094 0.003 0.008 0.009 0.007 0.011 0.213 0.089 0.012 
176      729    (6)   13 :  0.213 0.160 0.015 0.004 0.020 0.004 0.212 0.040 0.005 0.003 0.005 0.010 0.032 0.004 0.235 0.033 0.005 
177      730    (2)   13 :  0.024 0.035 0.013 0.005 0.039 0.003 0.035 0.040 0.007 0.002 0.011 0.008 0.678 0.014 0.033 0.045 0.009 
178      731    (2)   13 :  0.016 0.019 0.005 0.002 0.005 0.004 0.017 0.003 0.002 0.006 0.008 0.007 0.865 0.004 0.025 0.008 0.004 
179      732    (0)   13 :  0.138 0.181 0.011 0.006 0.012 0.009 0.156 0.015 0.002 0.008 0.009 0.159 0.011 0.007 0.165 0.099 0.013 
180      733    (0)   13 :  0.222 0.185 0.013 0.003 0.023 0.013 0.168 0.021 0.005 0.003 0.011 0.021 0.058 0.036 0.165 0.042 0.009 
181      734    (2)   13 :  0.133 0.109 0.089 0.087 0.007 0.041 0.120 0.080 0.008 0.004 0.012 0.040 0.046 0.001 0.119 0.097 0.007 
182      735    (4)   13 :  0.167 0.120 0.031 0.008 0.048 0.002 0.179 0.010 0.003 0.051 0.005 0.009 0.115 0.008 0.136 0.100 0.007 
183      736    (2)   13 :  0.124 0.125 0.016 0.024 0.006 0.011 0.158 0.006 0.018 0.004 0.005 0.023 0.254 0.003 0.100 0.119 0.005 
184      737    (0)   13 :  0.028 0.042 0.016 0.004 0.003 0.003 0.042 0.005 0.013 0.014 0.011 0.014 0.704 0.004 0.050 0.019 0.029 
185      738    (2)   13 :  0.071 0.109 0.086 0.005 0.007 0.004 0.100 0.006 0.003 0.004 0.008 0.013 0.415 0.003 0.104 0.057 0.004 
186      739    (8)   13 :  0.025 0.025 0.012 0.006 0.035 0.002 0.027 0.011 0.015 0.010 0.008 0.013 0.747 0.004 0.036 0.020 0.004 
187      740    (4)   13 :  0.059 0.048 0.003 0.002 0.075 0.006 0.053 0.006 0.002 0.004 0.005 0.031 0.593 0.015 0.069 0.024 0.005 
188      741    (2)   13 :  0.109 0.088 0.011 0.026 0.019 0.012 0.094 0.087 0.002 0.031 0.067 0.019 0.171 0.028 0.105 0.044 0.087 
189      742    (4)   13 :  0.084 0.090 0.084 0.005 0.016 0.008 0.113 0.006 0.006 0.006 0.012 0.012 0.385 0.002 0.081 0.070 0.019 
190      743    (2)   13 :  0.023 0.013 0.007 0.012 0.087 0.002 0.013 0.725 0.002 0.003 0.006 0.059 0.010 0.003 0.015 0.013 0.004 
191      744    (0)   13 :  0.109 0.129 0.007 0.005 0.194 0.096 0.133 0.015 0.026 0.004 0.005 0.045 0.026 0.004 0.132 0.066 0.005 
192      745    (0)   13 :  0.092 0.076 0.007 0.005 0.395 0.003 0.094 0.042 0.014 0.010 0.047 0.010 0.026 0.016 0.090 0.050 0.024 
193      746    (2)   13 :  0.134 0.101 0.010 0.005 0.011 0.005 0.153 0.003 0.004 0.004 0.004 0.005 0.309 0.011 0.138 0.061 0.041 
194      747    (2)   13 :  0.071 0.068 0.068 0.025 0.015 0.005 0.085 0.004 0.006 0.018 0.038 0.017 0.441 0.006 0.074 0.053 0.008 
195      748    (0)   13 :  0.118 0.063 0.076 0.015 0.005 0.013 0.113 0.004 0.005 0.106 0.094 0.119 0.026 0.016 0.157 0.046 0.025 
196      749    (2)   13 :  0.140 0.102 0.090 0.019 0.010 0.138 0.140 0.025 0.009 0.003 0.015 0.004 0.016 0.048 0.138 0.093 0.010 
197      750    (4)   13 :  0.154 0.141 0.012 0.005 0.007 0.013 0.195 0.056 0.005 0.005 0.009 0.007 0.089 0.006 0.202 0.069 0.026 
198      751    (0)   13 :  0.180 0.122 0.055 0.007 0.013 0.002 0.199 0.025 0.016 0.012 0.011 0.007 0.039 0.009 0.229 0.069 0.007 
199      752    (2)   13 :  0.009 0.007 0.005 0.003 0.081 0.002 0.007 0.008 0.001 0.786 0.012 0.039 0.020 0.003 0.007 0.005 0.005 
200      753    (4)   13 :  0.174 0.135 0.033 0.027 0.051 0.004 0.171 0.008 0.010 0.058 0.022 0.019 0.010 0.014 0.122 0.135 0.006 
201      754    (2)   13 :  0.004 0.005 0.004 0.003 0.003 0.005 0.005 0.009 0.003 0.002 0.003 0.005 0.934 0.001 0.005 0.004 0.003 
202      155    (0)   14 :  0.176 0.154 0.007 0.031 0.008 0.009 0.214 0.010 0.004 0.005 0.022 0.028 0.012 0.006 0.234 0.075 0.006 
203      156    (2)   14 :  0.109 0.181 0.008 0.005 0.011 0.012 0.182 0.039 0.112 0.004 0.015 0.005 0.015 0.006 0.121 0.167 0.007 
204      157    (2)   14 :  0.017 0.024 0.007 0.011 0.008 0.036 0.019 0.024 0.002 0.017 0.004 0.006 0.759 0.004 0.021 0.036 0.005 
205      158    (0)   14 :  0.175 0.165 0.033 0.007 0.029 0.005 0.194 0.005 0.004 0.003 0.007 0.024 0.013 0.006 0.221 0.102 0.009 
206      159    (0)   14 :  0.130 0.110 0.012 0.003 0.011 0.015 0.187 0.005 0.010 0.009 0.012 0.032 0.086 0.112 0.195 0.063 0.007 
207      160    (0)   14 :  0.032 0.021 0.031 0.010 0.014 0.003 0.024 0.014 0.003 0.004 0.016 0.672 0.114 0.004 0.025 0.011 0.003 
208      161    (0)   14 :  0.111 0.094 0.009 0.008 0.014 0.213 0.072 0.018 0.003 0.007 0.006 0.029 0.318 0.008 0.074 0.013 0.003 
209      162    (0)   14 :  0.161 0.113 0.013 0.005 0.023 0.002 0.106 0.108 0.005 0.012 0.007 0.169 0.004 0.002 0.069 0.198 0.006 
210      163    (2)   14 :  0.121 0.205 0.049 0.003 0.006 0.003 0.193 0.015 0.009 0.013 0.003 0.003 0.102 0.002 0.126 0.135 0.008 
211      164    (0)   14 :  0.172 0.117 0.014 0.018 0.026 0.018 0.191 0.008 0.002 0.027 0.051 0.007 0.041 0.005 0.165 0.128 0.011 
212      165    (2)   14 :  0.004 0.221 0.002 0.003 0.003 0.012 0.044 0.002 0.002 0.002 0.003 0.003 0.004 0.002 0.111 0.578 0.003 
213      427    (0)   14 :  0.014 0.012 0.016 0.090 0.743 0.005 0.014 0.013 0.009 0.004 0.006 0.018 0.007 0.024 0.014 0.010 0.003 
214      428    (0)   14 :  0.016 0.014 0.037 0.005 0.794 0.002 0.011 0.007 0.003 0.023 0.008 0.042 0.004 0.014 0.010 0.006 0.005 
215      429    (0)   14 :  0.011 0.008 0.005 0.003 0.351 0.001 0.010 0.550 0.003 0.008 0.005 0.008 0.005 0.007 0.011 0.005 0.007 
216      430    (0)   14 :  0.150 0.124 0.070 0.004 0.012 0.006 0.159 0.025 0.002 0.025 0.022 0.137 0.023 0.004 0.146 0.039 0.051 
217      431    (0)   14 :  0.041 0.033 0.012 0.005 0.165 0.003 0.032 0.198 0.002 0.006 0.049 0.363 0.013 0.007 0.034 0.014 0.023 
218      435    (0)   14 :  0.009 0.007 0.004 0.002 0.555 0.002 0.007 0.315 0.002 0.008 0.003 0.061 0.007 0.003 0.007 0.004 0.004 
219      436    (0)   14 :  0.007 0.006 0.003 0.003 0.176 0.002 0.006 0.024 0.002 0.003 0.007 0.737 0.004 0.007 0.006 0.004 0.004 
220      437    (0)   14 :  0.095 0.069 0.004 0.005 0.133 0.003 0.024 0.009 0.002 0.008 0.053 0.519 0.009 0.027 0.027 0.007 0.006 
221      438    (0)   14 :  0.097 0.065 0.016 0.002 0.459 0.004 0.041 0.010 0.008 0.039 0.038 0.129 0.014 0.013 0.035 0.010 0.020 
222      439    (0)   14 :  0.091 0.077 0.015 0.004 0.181 0.002 0.105 0.036 0.005 0.037 0.011 0.084 0.152 0.004 0.102 0.068 0.027 
223      441    (0)   14 :  0.003 0.003 0.003 0.003 0.006 0.002 0.003 0.003 0.001 0.955 0.003 0.004 0.002 0.001 0.003 0.002 0.004 
224      442    (0)   14 :  0.028 0.016 0.012 0.180 0.566 0.002 0.019 0.101 0.005 0.016 0.011 0.009 0.004 0.002 0.017 0.008 0.003 
225      443    (4)   14 :  0.006 0.006 0.011 0.002 0.902 0.002 0.006 0.004 0.002 0.012 0.008 0.009 0.013 0.003 0.006 0.005 0.004 
226      444    (4)   14 :  0.006 0.006 0.007 0.008 0.907 0.005 0.006 0.010 0.004 0.002 0.006 0.006 0.004 0.008 0.006 0.008 0.002 
227      445    (2)   14 :  0.220 0.171 0.004 0.003 0.261 0.002 0.127 0.005 0.005 0.009 0.030 0.014 0.005 0.008 0.111 0.020 0.004 
228      446    (0)   14 :  0.004 0.004 0.004 0.004 0.007 0.002 0.004 0.942 0.003 0.002 0.002 0.005 0.004 0.002 0.004 0.003 0.002 
229      447    (0)   14 :  0.020 0.016 0.008 0.006 0.489 0.001 0.019 0.306 0.004 0.003 0.023 0.045 0.017 0.008 0.017 0.013 0.003 
230      449    (0)   14 :  0.004 0.004 0.003 0.005 0.939 0.001 0.004 0.005 0.002 0.003 0.005 0.010 0.003 0.003 0.004 0.003 0.004 
231      460    (0)   14 :  0.033 0.036 0.007 0.006 0.539 0.005 0.032 0.088 0.002 0.136 0.017 0.019 0.007 0.007 0.030 0.031 0.007 
232      461    (0)   14 :  0.093 0.079 0.053 0.008 0.134 0.005 0.084 0.022 0.002 0.006 0.025 0.233 0.106 0.008 0.102 0.026 0.013 
233      484    (0)   14 :  0.073 0.055 0.155 0.013 0.037 0.004 0.077 0.071 0.008 0.016 0.121 0.006 0.078 0.004 0.090 0.042 0.151 
234      485    (0)   14 :  0.021 0.018 0.003 0.004 0.779 0.003 0.016 0.013 0.002 0.011 0.004 0.078 0.018 0.002 0.015 0.009 0.004 
235      486    (0)   14 :  0.002 0.002 0.002 0.002 0.002 0.001 0.002 0.002 0.001 0.973 0.002 0.002 0.002 0.002 0.002 0.002 0.002 
236      487    (0)   14 :  0.069 0.057 0.013 0.011 0.327 0.002 0.083 0.088 0.003 0.011 0.006 0.185 0.021 0.006 0.059 0.052 0.007 
237      178    (0)   15 :  0.167 0.154 0.009 0.006 0.097 0.011 0.124 0.031 0.005 0.009 0.004 0.225 0.017 0.003 0.121 0.016 0.003 
238      422    (0)   15 :  0.015 0.014 0.005 0.003 0.495 0.001 0.012 0.317 0.003 0.004 0.016 0.045 0.043 0.003 0.012 0.007 0.006 
239      425    (0)   15 :  0.022 0.014 0.006 0.003 0.047 0.002 0.017 0.670 0.001 0.005 0.005 0.157 0.013 0.006 0.018 0.013 0.002 
240      426    (0)   15 :  0.090 0.069 0.224 0.022 0.014 0.025 0.100 0.085 0.106 0.004 0.004 0.058 0.035 0.003 0.105 0.052 0.005 
241      432    (0)   15 :  0.129 0.095 0.036 0.009 0.265 0.005 0.152 0.027 0.007 0.010 0.010 0.019 0.018 0.008 0.158 0.045 0.009 
242      434    (0)   15 :  0.003 0.003 0.003 0.003 0.005 0.001 0.003 0.952 0.002 0.002 0.003 0.004 0.003 0.004 0.003 0.002 0.004 
243      440    (0)   15 :  0.094 0.100 0.030 0.012 0.064 0.003 0.095 0.304 0.002 0.023 0.004 0.116 0.006 0.002 0.093 0.045 0.007 
244      448    (2)   15 :  0.011 0.008 0.010 0.012 0.811 0.002 0.008 0.021 0.002 0.006 0.011 0.007 0.011 0.039 0.008 0.005 0.028 
245      456    (0)   15 :  0.109 0.115 0.018 0.009 0.027 0.003 0.134 0.037 0.003 0.005 0.065 0.163 0.008 0.004 0.157 0.065 0.079 
246      457    (0)   15 :  0.085 0.068 0.021 0.005 0.275 0.003 0.084 0.037 0.005 0.036 0.017 0.197 0.016 0.009 0.081 0.040 0.022 
247      458    (0)   15 :  0.080 0.052 0.041 0.018 0.020 0.004 0.073 0.024 0.007 0.010 0.012 0.452 0.074 0.005 0.095 0.029 0.004 
248      459    (0)   15 :  0.012 0.011 0.011 0.005 0.871 0.005 0.011 0.009 0.003 0.008 0.007 0.009 0.014 0.002 0.011 0.007 0.004 
249      464    (0)   15 :  0.029 0.021 0.005 0.011 0.538 0.015 0.019 0.108 0.005 0.013 0.003 0.188 0.006 0.003 0.019 0.014 0.004 
250      465    (0)   15 :  0.010 0.008 0.003 0.002 0.010 0.002 0.008 0.393 0.001 0.006 0.004 0.520 0.010 0.002 0.008 0.007 0.005 
251      466    (0)   15 :  0.201 0.143 0.008 0.004 0.316 0.001 0.075 0.043 0.001 0.015 0.018 0.046 0.017 0.012 0.083 0.010 0.006 
252      470    (0)   15 :  0.008 0.007 0.012 0.006 0.439 0.003 0.008 0.018 0.002 0.097 0.004 0.366 0.009 0.003 0.008 0.005 0.006 
253      471    (0)   15 :  0.035 0.033 0.043 0.003 0.171 0.004 0.035 0.479 0.035 0.006 0.008 0.019 0.009 0.025 0.038 0.023 0.032 
254      483    (0)   15 :  0.005 0.007 0.007 0.006 0.020 0.005 0.005 0.904 0.002 0.004 0.003 0.004 0.013 0.002 0.005 0.005 0.003 
255      488    (0)   15 :  0.007 0.006 0.005 0.004 0.012 0.002 0.006 0.003 0.002 0.004 0.008 0.916 0.010 0.002 0.006 0.004 0.003 
256      495    (0)   15 :  0.012 0.009 0.006 0.002 0.030 0.003 0.009 0.785 0.001 0.003 0.015 0.068 0.021 0.002 0.010 0.007 0.016 
257      496    (0)   15 :  0.009 0.009 0.005 0.002 0.012 0.003 0.007 0.040 0.002 0.004 0.002 0.860 0.012 0.004 0.009 0.015 0.004 
258      497    (0)   15 :  0.010 0.007 0.002 0.025 0.011 0.003 0.008 0.874 0.002 0.002 0.005 0.006 0.004 0.004 0.008 0.007 0.024 
259      500    (0)   15 :  0.059 0.051 0.007 0.003 0.040 0.060 0.057 0.008 0.003 0.036 0.471 0.040 0.040 0.014 0.055 0.031 0.026 
260      879    (0)   15 :  0.003 0.005 0.006 0.006 0.020 0.003 0.004 0.924 0.002 0.005 0.003 0.004 0.005 0.001 0.004 0.004 0.002 
261      036    (0)   16 :  0.186 0.116 0.005 0.002 0.015 0.003 0.234 0.009 0.004 0.005 0.006 0.011 0.020 0.011 0.302 0.067 0.004 
262      063    (2)   16 :  0.158 0.223 0.042 0.014 0.028 0.003 0.139 0.010 0.004 0.010 0.012 0.015 0.046 0.003 0.138 0.129 0.028 
263      094    (4)   16 :  0.089 0.056 0.018 0.009 0.023 0.013 0.092 0.007 0.005 0.006 0.080 0.133 0.297 0.011 0.106 0.042 0.012 
264      103    (4)   16 :  0.005 0.221 0.002 0.003 0.004 0.006 0.043 0.003 0.002 0.004 0.002 0.003 0.005 0.002 0.112 0.575 0.008 
265      112    (0)   16 :  0.106 0.094 0.045 0.006 0.006 0.007 0.128 0.007 0.004 0.011 0.007 0.006 0.376 0.003 0.104 0.085 0.007 
266      114    (2)   16 :  0.162 0.142 0.004 0.004 0.010 0.003 0.196 0.010 0.002 0.014 0.004 0.056 0.079 0.008 0.185 0.118 0.004 
267      120    (0)   16 :  0.019 0.015 0.013 0.004 0.006 0.003 0.018 0.006 0.002 0.005 0.013 0.026 0.823 0.012 0.018 0.012 0.006 
268      127    (2)   16 :  0.152 0.093 0.068 0.006 0.004 0.006 0.171 0.005 0.003 0.072 0.007 0.116 0.031 0.005 0.207 0.048 0.005 
269      147    (0)   16 :  0.142 0.110 0.205 0.006 0.013 0.007 0.153 0.011 0.044 0.007 0.002 0.009 0.017 0.005 0.175 0.089 0.005 
270      166    (0)   16 :  0.108 0.093 0.117 0.017 0.025 0.078 0.117 0.006 0.027 0.004 0.005 0.136 0.036 0.004 0.126 0.088 0.011 
271      167    (0)   16 :  0.160 0.108 0.006 0.004 0.012 0.004 0.103 0.133 0.005 0.016 0.006 0.102 0.014 0.010 0.075 0.189 0.053 
272      168    (0)   16 :  0.201 0.132 0.004 0.004 0.012 0.012 0.216 0.007 0.003 0.003 0.004 0.007 0.013 0.016 0.173 0.190 0.004 
273      169    (2)   16 :  0.144 0.107 0.043 0.004 0.038 0.003 0.106 0.101 0.005 0.004 0.008 0.160 0.033 0.006 0.088 0.144 0.005 
274      170    (0)   16 :  0.142 0.142 0.016 0.035 0.017 0.041 0.198 0.009 0.005 0.020 0.024 0.005 0.053 0.004 0.139 0.142 0.006 
275      171    (2)   16 :  0.103 0.214 0.036 0.004 0.008 0.006 0.157 0.005 0.011 0.004 0.075 0.005 0.021 0.003 0.124 0.214 0.009 
276      172    (0)   16 :  0.021 0.016 0.014 0.004 0.006 0.004 0.017 0.014 0.014 0.002 0.014 0.024 0.795 0.012 0.018 0.015 0.010 
277      185    (0)   16 :  0.176 0.128 0.031 0.005 0.066 0.004 0.156 0.030 0.004 0.016 0.004 0.013 0.008 0.002 0.121 0.228 0.009 
278      199    (2)   16 :  0.149 0.138 0.006 0.203 0.007 0.010 0.174 0.004 0.005 0.007 0.006 0.021 0.006 0.006 0.102 0.154 0.003 
279      339    (0)   16 :  0.135 0.083 0.008 0.006 0.011 0.002 0.069 0.141 0.005 0.005 0.005 0.294 0.005 0.002 0.045 0.172 0.011 
280      355    (0)   16 :  0.176 0.177 0.008 0.074 0.004 0.034 0.208 0.003 0.013 0.004 0.003 0.004 0.005 0.002 0.119 0.160 0.006 
281      356    (0)   16 :  0.032 0.024 0.007 0.005 0.004 0.165 0.040 0.005 0.003 0.018 0.004 0.022 0.612 0.006 0.038 0.012 0.003 
282      357    (0)   16 :  0.166 0.135 0.016 0.017 0.007 0.006 0.181 0.006 0.012 0.025 0.007 0.032 0.065 0.010 0.229 0.083 0.004 
283      358    (0)   16 :  0.209 0.114 0.010 0.003 0.012 0.004 0.218 0.007 0.006 0.018 0.008 0.007 0.007 0.002 0.267 0.059 0.048 
284      359    (0)   16 :  0.139 0.120 0.018 0.009 0.005 0.005 0.167 0.015 0.002 0.003 0.004 0.007 0.242 0.001 0.155 0.087 0.020 
285      360    (0)   16 :  0.167 0.171 0.019 0.005 0.017 0.020 0.201 0.023 0.009 0.006 0.014 0.017 0.020 0.005 0.215 0.089 0.003 
286      361    (0)   16 :  0.023 0.023 0.011 0.003 0.015 0.003 0.024 0.049 0.002 0.004 0.005 0.039 0.754 0.003 0.022 0.014 0.006 
287      362    (0)   16 :  0.099 0.071 0.079 0.005 0.020 0.012 0.117 0.119 0.005 0.003 0.209 0.019 0.050 0.002 0.122 0.058 0.011 
288      363    (0)   16 :  0.106 0.083 0.373 0.044 0.014 0.007 0.111 0.007 0.012 0.010 0.006 0.018 0.024 0.005 0.104 0.062 0.011 
289      364    (0)   16 :  0.079 0.058 0.014 0.039 0.008 0.092 0.106 0.004 0.003 0.014 0.333 0.079 0.024 0.003 0.100 0.036 0.008 
290      365    (0)   16 :  0.213 0.133 0.006 0.003 0.022 0.062 0.166 0.010 0.011 0.009 0.019 0.086 0.016 0.002 0.195 0.042 0.005 
291      366    (0)   16 :  0.187 0.103 0.013 0.003 0.004 0.005 0.216 0.004 0.025 0.003 0.004 0.009 0.070 0.001 0.278 0.065 0.010 
292      367    (0)   16 :  0.162 0.204 0.005 0.003 0.007 0.002 0.258 0.005 0.010 0.030 0.012 0.005 0.015 0.006 0.155 0.105 0.017 
293      368    (0)   16 :  0.113 0.193 0.006 0.003 0.005 0.063 0.180 0.004 0.011 0.045 0.029 0.005 0.007 0.008 0.143 0.169 0.016 
294      369    (0)   16 :  0.149 0.250 0.007 0.004 0.004 0.015 0.239 0.005 0.004 0.003 0.003 0.005 0.010 0.002 0.135 0.161 0.004 
295      370    (0)   16 :  0.081 0.065 0.016 0.007 0.014 0.080 0.083 0.011 0.011 0.005 0.005 0.020 0.398 0.012 0.098 0.053 0.042 
296      371    (0)   16 :  0.164 0.225 0.004 0.006 0.010 0.002 0.247 0.009 0.003 0.003 0.016 0.007 0.009 0.006 0.186 0.094 0.009 
297      372    (0)   16 :  0.012 0.013 0.048 0.329 0.453 0.005 0.013 0.012 0.004 0.002 0.012 0.054 0.012 0.003 0.015 0.009 0.003 
298      373    (0)   16 :  0.211 0.182 0.005 0.043 0.019 0.089 0.143 0.017 0.003 0.002 0.007 0.008 0.055 0.004 0.154 0.049 0.009 
299      380    (0)   16 :  0.183 0.134 0.034 0.010 0.009 0.011 0.188 0.005 0.006 0.002 0.018 0.034 0.050 0.040 0.206 0.060 0.009 
300      388    (0)   16 :  0.094 0.058 0.024 0.020 0.006 0.042 0.120 0.006 0.007 0.004 0.011 0.007 0.422 0.005 0.132 0.031 0.012 
301      418    (0)   16 :  0.241 0.236 0.016 0.054 0.006 0.006 0.183 0.004 0.006 0.006 0.012 0.009 0.011 0.023 0.167 0.015 0.004 
302      419    (0)   16 :  0.273 0.260 0.005 0.002 0.011 0.006 0.196 0.005 0.005 0.006 0.004 0.008 0.008 0.008 0.180 0.018 0.004 
303      420    (0)   16 :  0.186 0.137 0.015 0.063 0.041 0.005 0.149 0.015 0.047 0.009 0.039 0.024 0.052 0.002 0.157 0.046 0.011 
304      409    (0)   17 :  0.129 0.178 0.012 0.003 0.020 0.005 0.156 0.005 0.002 0.007 0.008 0.024 0.036 0.102 0.134 0.173 0.006 
305      414    (0)   17 :  0.138 0.212 0.016 0.008 0.006 0.003 0.206 0.012 0.002 0.008 0.015 0.010 0.006 0.016 0.169 0.167 0.007 
306      415    (2)   17 :  0.174 0.182 0.011 0.014 0.005 0.015 0.214 0.007 0.003 0.030 0.006 0.010 0.022 0.004 0.161 0.130 0.011 
307      416    (0)   17 :  0.248 0.205 0.010 0.009 0.017 0.002 0.168 0.011 0.003 0.004 0.022 0.018 0.007 0.068 0.162 0.023 0.022 
308      571    (0)    2 :  0.006 0.007 0.027 0.004 0.020 0.002 0.007 0.013 0.004 0.029 0.834 0.008 0.005 0.004 0.007 0.007 0.016 
309      572    (0)    2 :  0.015 0.015 0.037 0.004 0.003 0.004 0.016 0.005 0.006 0.011 0.792 0.003 0.007 0.008 0.015 0.015 0.046 
310      573    (2)    2 :  0.006 0.006 0.003 0.002 0.005 0.001 0.007 0.005 0.001 0.010 0.924 0.004 0.004 0.004 0.007 0.006 0.006 
311      574    (0)    2 :  0.009 0.010 0.004 0.002 0.005 0.007 0.010 0.008 0.003 0.003 0.888 0.006 0.005 0.012 0.010 0.009 0.008 
312      575    (2)    2 :  0.015 0.014 0.062 0.008 0.008 0.006 0.014 0.006 0.007 0.006 0.797 0.005 0.005 0.005 0.014 0.014 0.015 
313      576    (0)    2 :  0.003 0.003 0.003 0.002 0.002 0.001 0.003 0.003 0.001 0.002 0.958 0.003 0.002 0.003 0.003 0.003 0.005 
314      577    (0)    2 :  0.008 0.010 0.006 0.008 0.004 0.002 0.007 0.011 0.002 0.011 0.872 0.006 0.003 0.008 0.009 0.018 0.014 
315      578    (0)    2 :  0.003 0.004 0.004 0.008 0.004 0.001 0.003 0.006 0.002 0.004 0.894 0.005 0.002 0.046 0.004 0.005 0.004 
316      579    (0)    2 :  0.004 0.004 0.004 0.004 0.007 0.001 0.004 0.008 0.002 0.002 0.926 0.012 0.003 0.008 0.004 0.007 0.003 
317      580    (0)    2 :  0.003 0.003 0.003 0.002 0.003 0.001 0.003 0.004 0.002 0.003 0.956 0.003 0.003 0.002 0.003 0.003 0.003 
318      581    (0)    2 :  0.003 0.003 0.003 0.002 0.005 0.001 0.003 0.007 0.003 0.002 0.935 0.005 0.002 0.015 0.003 0.002 0.007 
319      582    (4)    2 :  0.022 0.020 0.006 0.017 0.013 0.003 0.019 0.027 0.048 0.002 0.739 0.013 0.012 0.003 0.018 0.024 0.014 
320      583    (0)    2 :  0.079 0.053 0.034 0.015 0.009 0.002 0.080 0.047 0.009 0.015 0.473 0.016 0.020 0.004 0.100 0.037 0.009 
321      584    (0)    2 :  0.007 0.008 0.006 0.007 0.030 0.002 0.007 0.042 0.003 0.005 0.830 0.007 0.007 0.014 0.008 0.010 0.006 
322      585    (0)    2 :  0.004 0.005 0.006 0.002 0.005 0.001 0.004 0.012 0.002 0.009 0.917 0.007 0.004 0.002 0.004 0.008 0.010 
323      586    (2)    2 :  0.004 0.004 0.006 0.010 0.006 0.001 0.004 0.008 0.002 0.004 0.920 0.006 0.003 0.004 0.004 0.005 0.007 
324      587    (0)    2 :  0.003 0.003 0.003 0.002 0.002 0.001 0.003 0.003 0.002 0.002 0.950 0.004 0.003 0.009 0.003 0.004 0.003 
325      588    (0)    2 :  0.014 0.024 0.011 0.010 0.010 0.007 0.018 0.005 0.009 0.018 0.771 0.006 0.007 0.004 0.021 0.057 0.008 
326      589    (0)    2 :  0.028 0.024 0.047 0.017 0.039 0.005 0.028 0.022 0.004 0.005 0.679 0.007 0.009 0.018 0.031 0.025 0.013 
327      590    (0)    2 :  0.006 0.006 0.003 0.011 0.006 0.004 0.007 0.006 0.010 0.056 0.786 0.012 0.004 0.034 0.007 0.007 0.035 
328      001    (0)    3 :  0.003 0.003 0.002 0.001 0.002 0.956 0.004 0.002 0.003 0.002 0.003 0.002 0.003 0.004 0.004 0.003 0.003 
329      005    (0)    3 :  0.002 0.002 0.002 0.003 0.002 0.965 0.002 0.002 0.005 0.002 0.001 0.001 0.002 0.001 0.002 0.002 0.002 
330      106    (0)    3 :  0.003 0.003 0.003 0.003 0.002 0.956 0.003 0.002 0.002 0.002 0.005 0.002 0.003 0.003 0.003 0.003 0.002 
331      192    (0)    3 :  0.013 0.013 0.009 0.012 0.006 0.865 0.014 0.004 0.005 0.003 0.006 0.004 0.007 0.006 0.015 0.016 0.004 
332      229    (0)    3 :  0.005 0.005 0.007 0.004 0.004 0.884 0.005 0.007 0.043 0.005 0.003 0.004 0.006 0.003 0.005 0.005 0.007 
333      319    (0)    3 :  0.004 0.004 0.002 0.002 0.002 0.948 0.004 0.002 0.005 0.002 0.002 0.003 0.007 0.002 0.004 0.003 0.003 
334      327    (0)    3 :  0.003 0.003 0.003 0.003 0.002 0.957 0.003 0.002 0.002 0.002 0.003 0.002 0.005 0.002 0.003 0.003 0.002 
335      340    (0)    3 :  0.004 0.006 0.002 0.003 0.002 0.938 0.005 0.003 0.004 0.004 0.003 0.003 0.004 0.001 0.005 0.010 0.004 
336      345    (0)    3 :  0.005 0.005 0.005 0.003 0.003 0.924 0.005 0.002 0.011 0.002 0.004 0.006 0.011 0.001 0.005 0.004 0.004 
337      375    (0)    3 :  0.003 0.003 0.004 0.005 0.002 0.955 0.003 0.002 0.003 0.002 0.002 0.003 0.003 0.001 0.003 0.003 0.002 
338      501    (4)    3 :  0.003 0.003 0.004 0.002 0.003 0.952 0.003 0.002 0.003 0.008 0.002 0.003 0.004 0.001 0.003 0.003 0.002 
339      502    (0)    3 :  0.005 0.005 0.009 0.003 0.002 0.914 0.004 0.003 0.008 0.012 0.003 0.012 0.003 0.003 0.005 0.006 0.004 
340      503    (2)    3 :  0.002 0.002 0.002 0.002 0.001 0.959 0.002 0.002 0.002 0.007 0.004 0.001 0.002 0.002 0.002 0.002 0.003 
341      504    (0)    3 :  0.005 0.005 0.003 0.004 0.009 0.922 0.005 0.005 0.016 0.002 0.002 0.007 0.002 0.004 0.005 0.004 0.002 
342      505    (0)    3 :  0.006 0.007 0.007 0.003 0.002 0.866 0.008 0.003 0.047 0.002 0.006 0.003 0.010 0.007 0.007 0.005 0.012 
343      506    (2)    3 :  0.006 0.005 0.006 0.002 0.005 0.930 0.006 0.004 0.005 0.005 0.002 0.004 0.006 0.002 0.006 0.005 0.002 
344      507    (4)    3 :  0.003 0.003 0.005 0.002 0.002 0.953 0.003 0.002 0.004 0.004 0.002 0.003 0.005 0.001 0.003 0.003 0.003 
345      508    (0)    3 :  0.006 0.006 0.005 0.002 0.006 0.905 0.006 0.004 0.003 0.021 0.004 0.005 0.008 0.002 0.006 0.006 0.006 
346      509    (2)    3 :  0.002 0.004 0.003 0.004 0.002 0.951 0.003 0.004 0.003 0.003 0.002 0.002 0.003 0.001 0.003 0.006 0.003 
347      510    (2)    3 :  0.005 0.005 0.003 0.019 0.008 0.920 0.005 0.004 0.003 0.004 0.002 0.005 0.002 0.003 0.006 0.005 0.001 
348      511    (4)    3 :  0.003 0.003 0.002 0.002 0.004 0.957 0.003 0.003 0.002 0.004 0.003 0.003 0.002 0.003 0.003 0.003 0.002 
349      512    (4)    3 :  0.003 0.003 0.004 0.003 0.003 0.952 0.003 0.002 0.006 0.002 0.002 0.003 0.004 0.002 0.003 0.003 0.002 
350      513    (0)    3 :  0.003 0.003 0.003 0.019 0.003 0.934 0.003 0.003 0.007 0.002 0.002 0.003 0.003 0.002 0.003 0.004 0.002 
351      514    (0)    3 :  0.004 0.004 0.002 0.002 0.002 0.954 0.004 0.008 0.002 0.002 0.001 0.002 0.002 0.001 0.004 0.003 0.002 
352      515    (2)    3 :  0.002 0.003 0.002 0.003 0.002 0.958 0.003 0.003 0.004 0.002 0.002 0.002 0.002 0.001 0.003 0.005 0.003 
353      516    (2)    3 :  0.005 0.005 0.005 0.007 0.004 0.921 0.005 0.004 0.004 0.008 0.003 0.008 0.004 0.003 0.005 0.004 0.004 
354      517    (0)    3 :  0.002 0.002 0.002 0.002 0.009 0.962 0.002 0.001 0.005 0.002 0.001 0.002 0.002 0.001 0.002 0.002 0.001 
355      518    (0)    3 :  0.006 0.006 0.004 0.003 0.005 0.927 0.007 0.003 0.003 0.004 0.003 0.005 0.005 0.002 0.006 0.005 0.006 
356      519    (0)    3 :  0.003 0.003 0.002 0.003 0.003 0.952 0.003 0.002 0.002 0.004 0.003 0.002 0.003 0.003 0.003 0.004 0.003 
357      520    (2)    3 :  0.003 0.004 0.003 0.006 0.006 0.946 0.003 0.003 0.002 0.002 0.003 0.002 0.002 0.004 0.003 0.005 0.002 
358      521    (2)    3 :  0.002 0.002 0.003 0.003 0.002 0.951 0.002 0.002 0.006 0.002 0.003 0.002 0.004 0.007 0.002 0.002 0.003 
359      522    (0)    3 :  0.006 0.005 0.004 0.005 0.007 0.895 0.006 0.004 0.001 0.010 0.006 0.020 0.003 0.013 0.006 0.005 0.004 
360      523    (2)    3 :  0.007 0.006 0.004 0.002 0.004 0.917 0.007 0.005 0.004 0.005 0.005 0.004 0.006 0.004 0.007 0.005 0.008 
361      524    (0)    3 :  0.011 0.009 0.006 0.006 0.006 0.797 0.009 0.004 0.003 0.067 0.008 0.013 0.010 0.013 0.009 0.006 0.024 
362      525    (0)    3 :  0.003 0.003 0.002 0.003 0.002 0.964 0.003 0.002 0.001 0.002 0.002 0.003 0.002 0.001 0.003 0.003 0.001 
363      526    (2)    3 :  0.003 0.002 0.002 0.002 0.003 0.954 0.003 0.002 0.012 0.002 0.002 0.002 0.003 0.002 0.002 0.002 0.002 
364      527    (2)    4 :  0.008 0.011 0.006 0.010 0.006 0.008 0.007 0.010 0.005 0.011 0.851 0.009 0.003 0.002 0.009 0.020 0.023 
365      528    (4)    4 :  0.021 0.019 0.350 0.008 0.004 0.002 0.023 0.005 0.003 0.004 0.404 0.014 0.018 0.016 0.021 0.014 0.074 
366      529    (4)    4 :  0.023 0.017 0.106 0.004 0.012 0.003 0.018 0.018 0.009 0.006 0.702 0.016 0.009 0.015 0.020 0.009 0.013 
367      530    (0)    4 :  0.007 0.007 0.010 0.005 0.003 0.008 0.007 0.003 0.004 0.006 0.897 0.003 0.013 0.004 0.007 0.007 0.009 
368      531    (2)    4 :  0.007 0.007 0.023 0.004 0.006 0.004 0.008 0.004 0.006 0.003 0.881 0.004 0.010 0.011 0.007 0.005 0.010 
369      532    (4)    4 :  0.011 0.011 0.103 0.002 0.003 0.003 0.014 0.005 0.002 0.032 0.739 0.004 0.026 0.003 0.015 0.010 0.018 
370      533    (0)    4 :  0.058 0.065 0.013 0.002 0.006 0.007 0.043 0.025 0.003 0.002 0.578 0.017 0.023 0.020 0.048 0.056 0.034 
371      534    (2)    4 :  0.008 0.008 0.007 0.006 0.005 0.003 0.009 0.005 0.002 0.003 0.829 0.005 0.005 0.013 0.009 0.006 0.078 
372      535    (2)    4 :  0.010 0.011 0.025 0.002 0.007 0.002 0.012 0.005 0.005 0.011 0.860 0.009 0.009 0.004 0.010 0.008 0.009 
373      536    (2)    4 :  0.006 0.005 0.003 0.002 0.005 0.002 0.006 0.005 0.012 0.004 0.891 0.003 0.008 0.028 0.006 0.005 0.009 
374      537    (2)    4 :  0.006 0.007 0.007 0.013 0.008 0.002 0.006 0.007 0.002 0.002 0.901 0.006 0.004 0.008 0.007 0.006 0.006 
375      538    (2)    4 :  0.031 0.036 0.005 0.004 0.009 0.006 0.030 0.024 0.002 0.004 0.660 0.027 0.036 0.003 0.030 0.047 0.048 
376      539    (2)    4 :  0.005 0.005 0.007 0.002 0.003 0.001 0.005 0.002 0.002 0.003 0.814 0.008 0.004 0.004 0.005 0.005 0.125 
377      540    (2)    4 :  0.020 0.015 0.006 0.002 0.013 0.001 0.014 0.007 0.001 0.005 0.839 0.010 0.020 0.011 0.013 0.010 0.012 
378      541    (2)    4 :  0.010 0.009 0.045 0.003 0.028 0.003 0.010 0.025 0.002 0.005 0.751 0.008 0.021 0.008 0.009 0.006 0.056 
379      542    (2)    4 :  0.020 0.017 0.015 0.010 0.021 0.002 0.019 0.017 0.004 0.004 0.680 0.068 0.017 0.010 0.021 0.011 0.064 
380      543    (0)    4 :  0.057 0.041 0.010 0.014 0.033 0.003 0.060 0.014 0.002 0.003 0.592 0.012 0.016 0.020 0.073 0.018 0.032 
381      544    (2)    4 :  0.004 0.004 0.003 0.002 0.003 0.003 0.004 0.003 0.002 0.001 0.926 0.003 0.007 0.005 0.004 0.004 0.022 
382      545    (2)    4 :  0.008 0.032 0.005 0.002 0.003 0.002 0.009 0.009 0.001 0.010 0.038 0.014 0.006 0.004 0.017 0.099 0.740 
383      546    (4)    4 :  0.013 0.054 0.004 0.002 0.003 0.001 0.015 0.006 0.002 0.010 0.017 0.016 0.004 0.004 0.034 0.163 0.652 
384      547    (6)    4 :  0.035 0.034 0.009 0.030 0.012 0.004 0.043 0.021 0.015 0.035 0.646 0.009 0.023 0.010 0.037 0.027 0.011 
385      019    (0)    5 :  0.007 0.007 0.017 0.004 0.032 0.002 0.007 0.032 0.004 0.003 0.073 0.004 0.006 0.008 0.007 0.007 0.779 
386      064    (0)    5 :  0.002 0.002 0.002 0.002 0.003 0.001 0.002 0.003 0.001 0.003 0.031 0.002 0.002 0.002 0.002 0.003 0.935 
387      065    (0)    5 :  0.002 0.002 0.003 0.001 0.003 0.001 0.002 0.004 0.001 0.002 0.936 0.002 0.003 0.005 0.002 0.002 0.026 
388      066    (0)    5 :  0.011 0.010 0.004 0.003 0.013 0.002 0.011 0.019 0.002 0.011 0.285 0.009 0.010 0.006 0.011 0.007 0.587 
389      067    (0)    5 :  0.008 0.008 0.016 0.009 0.012 0.005 0.008 0.025 0.006 0.004 0.011 0.005 0.005 0.010 0.009 0.007 0.851 
390      068    (0)    5 :  0.009 0.008 0.017 0.031 0.009 0.002 0.009 0.009 0.002 0.021 0.811 0.011 0.007 0.008 0.009 0.008 0.028 
391      069    (0)    5 :  0.005 0.008 0.007 0.004 0.005 0.001 0.005 0.003 0.001 0.017 0.130 0.008 0.006 0.011 0.006 0.013 0.767 
392      107    (0)    5 :  0.005 0.005 0.005 0.002 0.008 0.001 0.004 0.004 0.001 0.006 0.436 0.005 0.003 0.003 0.005 0.007 0.500 
393      110    (0)    5 :  0.002 0.003 0.009 0.002 0.002 0.002 0.002 0.003 0.003 0.004 0.003 0.002 0.003 0.002 0.003 0.004 0.951 
394      121    (0)    5 :  0.004 0.004 0.013 0.003 0.004 0.001 0.004 0.009 0.001 0.003 0.912 0.005 0.003 0.002 0.004 0.004 0.024 
395      137    (0)    5 :  0.010 0.009 0.004 0.002 0.008 0.002 0.009 0.010 0.010 0.004 0.009 0.008 0.005 0.005 0.008 0.008 0.889 
396      146    (0)    5 :  0.011 0.010 0.005 0.003 0.005 0.004 0.010 0.006 0.003 0.002 0.280 0.004 0.064 0.020 0.009 0.012 0.553 
397      149    (0)    5 :  0.005 0.004 0.005 0.002 0.005 0.001 0.005 0.009 0.003 0.002 0.005 0.005 0.004 0.002 0.004 0.004 0.935 
398      154    (0)    5 :  0.006 0.006 0.005 0.015 0.006 0.002 0.006 0.008 0.002 0.003 0.050 0.005 0.003 0.160 0.006 0.007 0.710 
399      179    (0)    5 :  0.004 0.004 0.004 0.004 0.005 0.002 0.004 0.004 0.002 0.006 0.364 0.006 0.004 0.004 0.004 0.004 0.574 
400      181    (0)    5 :  0.005 0.004 0.003 0.002 0.003 0.001 0.004 0.002 0.002 0.002 0.185 0.003 0.003 0.004 0.004 0.003 0.770 
401      182    (0)    5 :  0.011 0.011 0.028 0.014 0.004 0.003 0.012 0.011 0.002 0.016 0.731 0.005 0.013 0.007 0.012 0.009 0.110 
402      186    (0)    5 :  0.017 0.014 0.085 0.004 0.008 0.005 0.017 0.009 0.006 0.008 0.140 0.013 0.030 0.004 0.016 0.011 0.613 
403      193    (0)    5 :  0.008 0.008 0.006 0.004 0.014 0.003 0.008 0.006 0.002 0.004 0.461 0.004 0.008 0.008 0.008 0.007 0.441 
404      320    (0)    5 :  0.006 0.006 0.007 0.011 0.005 0.001 0.006 0.009 0.003 0.003 0.032 0.005 0.012 0.009 0.006 0.005 0.874 
405      341    (0)    5 :  0.006 0.005 0.004 0.003 0.008 0.001 0.006 0.011 0.002 0.006 0.875 0.009 0.007 0.002 0.006 0.004 0.043 
406      376    (0)    5 :  0.011 0.010 0.024 0.003 0.005 0.038 0.011 0.003 0.003 0.017 0.586 0.006 0.014 0.009 0.011 0.006 0.244 
407      395    (0)    5 :  0.007 0.008 0.011 0.004 0.019 0.001 0.008 0.005 0.006 0.004 0.190 0.026 0.006 0.053 0.007 0.005 0.641 
408      396    (0)    5 :  0.003 0.003 0.002 0.002 0.003 0.002 0.003 0.003 0.003 0.005 0.912 0.004 0.004 0.003 0.003 0.003 0.043 
409      397    (0)    5 :  0.005 0.004 0.005 0.006 0.004 0.001 0.005 0.004 0.009 0.002 0.841 0.003 0.003 0.010 0.005 0.004 0.086 
410      398    (0)    5 :  0.006 0.005 0.010 0.004 0.006 0.002 0.005 0.003 0.004 0.005 0.399 0.002 0.010 0.059 0.005 0.004 0.472 
411      399    (0)    5 :  0.005 0.005 0.013 0.003 0.002 0.002 0.005 0.005 0.002 0.006 0.920 0.003 0.008 0.002 0.005 0.006 0.007 
412      400    (0)    5 :  0.006 0.006 0.010 0.002 0.003 0.001 0.007 0.003 0.002 0.010 0.022 0.003 0.015 0.006 0.006 0.005 0.891 
413      401    (0)    5 :  0.012 0.010 0.004 0.002 0.005 0.003 0.012 0.007 0.003 0.008 0.074 0.006 0.008 0.006 0.011 0.008 0.822 
414      402    (0)    5 :  0.003 0.003 0.007 0.003 0.002 0.003 0.003 0.002 0.002 0.003 0.003 0.003 0.003 0.002 0.003 0.003 0.952 
415      403    (0)    5 :  0.008 0.009 0.018 0.004 0.010 0.003 0.008 0.027 0.011 0.010 0.408 0.011 0.031 0.004 0.009 0.008 0.422 
416      073    (0)    6 :  0.004 0.004 0.006 0.002 0.006 0.002 0.004 0.006 0.002 0.003 0.937 0.004 0.004 0.001 0.004 0.005 0.005 
417      074    (0)    6 :  0.008 0.007 0.002 0.005 0.005 0.007 0.008 0.004 0.002 0.002 0.884 0.003 0.004 0.041 0.008 0.006 0.004 
418      075    (0)    6 :  0.005 0.006 0.006 0.004 0.005 0.002 0.005 0.008 0.003 0.002 0.904 0.008 0.009 0.006 0.006 0.012 0.008 
419      076    (0)    6 :  0.007 0.006 0.012 0.006 0.004 0.005 0.006 0.010 0.005 0.003 0.897 0.009 0.005 0.004 0.006 0.005 0.008 
420      077    (0)    6 :  0.007 0.009 0.005 0.008 0.014 0.001 0.008 0.007 0.003 0.006 0.881 0.009 0.006 0.003 0.008 0.014 0.012 
421      078    (0)    6 :  0.012 0.039 0.005 0.005 0.006 0.002 0.015 0.006 0.005 0.003 0.750 0.007 0.012 0.005 0.027 0.092 0.008 
422      079    (0)    6 :  0.012 0.010 0.007 0.002 0.005 0.002 0.013 0.009 0.001 0.008 0.882 0.007 0.006 0.003 0.014 0.008 0.011 
423      080    (0)    6 :  0.006 0.006 0.014 0.019 0.003 0.003 0.006 0.008 0.002 0.004 0.903 0.003 0.004 0.003 0.006 0.006 0.005 
424      081    (0)    6 :  0.013 0.011 0.008 0.003 0.049 0.004 0.012 0.006 0.016 0.004 0.786 0.009 0.005 0.013 0.011 0.008 0.042 
425      082    (0)    6 :  0.004 0.003 0.005 0.003 0.003 0.001 0.003 0.002 0.002 0.005 0.931 0.002 0.004 0.003 0.003 0.003 0.022 
426      083    (0)    6 :  0.008 0.007 0.005 0.002 0.004 0.002 0.008 0.004 0.003 0.008 0.895 0.005 0.005 0.011 0.007 0.007 0.021 
427      084    (0)    6 :  0.005 0.005 0.003 0.002 0.010 0.004 0.005 0.011 0.005 0.002 0.811 0.006 0.004 0.106 0.005 0.005 0.011 
428      085    (0)    6 :  0.016 0.015 0.007 0.003 0.030 0.002 0.015 0.009 0.015 0.018 0.514 0.253 0.011 0.009 0.016 0.016 0.051 
429      404    (0)    6 :  0.004 0.005 0.005 0.003 0.005 0.001 0.004 0.006 0.003 0.003 0.913 0.004 0.004 0.021 0.004 0.006 0.009 
430      405    (0)    6 :  0.006 0.007 0.004 0.002 0.011 0.002 0.006 0.005 0.009 0.002 0.913 0.004 0.005 0.005 0.006 0.009 0.006 
431      406    (0)    6 :  0.009 0.015 0.007 0.003 0.003 0.005 0.010 0.003 0.007 0.007 0.868 0.004 0.006 0.008 0.013 0.026 0.005 
432      407    (0)    6 :  0.006 0.005 0.003 0.003 0.006 0.002 0.006 0.006 0.003 0.002 0.849 0.010 0.004 0.005 0.006 0.004 0.082 
433      408    (0)    6 :  0.005 0.004 0.004 0.005 0.006 0.001 0.005 0.003 0.001 0.003 0.938 0.004 0.003 0.005 0.005 0.004 0.004 
434      411    (2)    6 :  0.003 0.003 0.002 0.003 0.005 0.001 0.003 0.004 0.002 0.002 0.951 0.003 0.002 0.005 0.003 0.003 0.006 
435      412    (0)    6 :  0.009 0.007 0.011 0.006 0.012 0.028 0.009 0.006 0.004 0.006 0.856 0.016 0.005 0.004 0.008 0.004 0.008 
436      413    (0)    6 :  0.004 0.019 0.002 0.002 0.004 0.001 0.005 0.004 0.002 0.002 0.863 0.004 0.004 0.003 0.011 0.058 0.012 
437      591    (0)    7 :  0.006 0.005 0.897 0.004 0.009 0.015 0.006 0.010 0.007 0.004 0.004 0.005 0.007 0.008 0.006 0.005 0.002 
438      592    (0)    7 :  0.007 0.007 0.747 0.006 0.151 0.003 0.007 0.009 0.003 0.005 0.010 0.011 0.013 0.005 0.007 0.005 0.004 
439      593    (0)    7 :  0.006 0.008 0.906 0.002 0.006 0.002 0.006 0.006 0.006 0.005 0.009 0.005 0.006 0.003 0.007 0.011 0.005 
440      594    (0)    7 :  0.020 0.017 0.716 0.011 0.062 0.003 0.022 0.011 0.005 0.004 0.039 0.007 0.030 0.007 0.023 0.017 0.009 
441      595    (0)    7 :  0.020 0.019 0.829 0.011 0.004 0.005 0.023 0.007 0.004 0.004 0.010 0.008 0.006 0.003 0.017 0.016 0.014 
442      596    (0)    7 :  0.006 0.006 0.906 0.019 0.005 0.002 0.006 0.003 0.006 0.006 0.006 0.005 0.006 0.002 0.006 0.005 0.005 
443      597    (0)    7 :  0.012 0.012 0.811 0.006 0.006 0.001 0.012 0.007 0.002 0.003 0.032 0.035 0.008 0.003 0.015 0.007 0.027 
444      598    (0)    7 :  0.045 0.032 0.536 0.028 0.008 0.002 0.047 0.005 0.002 0.010 0.006 0.090 0.078 0.003 0.053 0.022 0.033 
445      599    (0)    7 :  0.009 0.008 0.698 0.003 0.051 0.003 0.010 0.162 0.007 0.005 0.006 0.017 0.003 0.003 0.008 0.006 0.003 
446      600    (0)    7 :  0.006 0.005 0.919 0.011 0.003 0.002 0.006 0.006 0.004 0.003 0.004 0.006 0.006 0.001 0.005 0.005 0.007 
447      601    (0)    7 :  0.017 0.015 0.789 0.002 0.019 0.002 0.017 0.018 0.002 0.005 0.019 0.031 0.009 0.002 0.016 0.011 0.026 
448      602    (0)    7 :  0.014 0.011 0.857 0.005 0.008 0.004 0.016 0.007 0.004 0.004 0.006 0.017 0.004 0.005 0.014 0.007 0.015 
449      603    (0)    7 :  0.048 0.038 0.134 0.009 0.130 0.002 0.042 0.024 0.007 0.008 0.006 0.466 0.006 0.008 0.050 0.017 0.004 
450      604    (0)    7 :  0.012 0.013 0.875 0.008 0.003 0.003 0.013 0.003 0.003 0.012 0.009 0.004 0.013 0.003 0.012 0.010 0.006 
451      605    (0)    7 :  0.026 0.020 0.709 0.024 0.009 0.019 0.021 0.009 0.004 0.004 0.009 0.009 0.087 0.003 0.023 0.018 0.006 
452      606    (0)    7 :  0.011 0.010 0.868 0.007 0.008 0.004 0.011 0.012 0.020 0.003 0.004 0.006 0.012 0.004 0.011 0.006 0.003 
453      607    (0)    7 :  0.005 0.004 0.824 0.008 0.002 0.003 0.005 0.002 0.003 0.090 0.009 0.007 0.008 0.002 0.006 0.004 0.017 
454      608    (0)    7 :  0.005 0.006 0.893 0.003 0.005 0.001 0.005 0.020 0.002 0.018 0.006 0.008 0.007 0.005 0.005 0.006 0.004 
455      609    (0)    7 :  0.007 0.008 0.912 0.003 0.005 0.002 0.009 0.004 0.004 0.008 0.004 0.006 0.008 0.003 0.007 0.006 0.004 
456      610    (0)    7 :  0.097 0.085 0.418 0.009 0.008 0.004 0.105 0.020 0.003 0.016 0.018 0.059 0.014 0.009 0.098 0.031 0.007 
457      611    (2)    7 :  0.008 0.009 0.877 0.007 0.004 0.002 0.008 0.002 0.003 0.021 0.011 0.005 0.007 0.011 0.009 0.009 0.008 
458      612    (0)    7 :  0.017 0.020 0.704 0.038 0.006 0.004 0.023 0.010 0.002 0.029 0.008 0.014 0.008 0.002 0.021 0.020 0.072 
459      755    (0)    7 :  0.031 0.030 0.418 0.042 0.012 0.026 0.033 0.003 0.002 0.264 0.016 0.015 0.015 0.028 0.038 0.018 0.009 
460      756    (0)    7 :  0.006 0.006 0.894 0.003 0.009 0.002 0.006 0.005 0.004 0.013 0.012 0.011 0.007 0.008 0.006 0.006 0.003 
461      757    (0)    7 :  0.013 0.010 0.865 0.005 0.010 0.003 0.012 0.005 0.002 0.010 0.009 0.005 0.019 0.004 0.012 0.007 0.006 
462      002    (0)    8 :  0.007 0.007 0.006 0.002 0.004 0.003 0.008 0.003 0.003 0.004 0.497 0.017 0.009 0.020 0.007 0.005 0.397 
463      099    (2)    8 :  0.032 0.021 0.007 0.039 0.032 0.700 0.028 0.045 0.003 0.013 0.004 0.004 0.012 0.007 0.024 0.022 0.005 
464      641    (2)    8 :  0.040 0.090 0.059 0.004 0.008 0.014 0.057 0.009 0.013 0.022 0.175 0.011 0.034 0.012 0.072 0.149 0.230 
465      642    (0)    8 :  0.008 0.008 0.019 0.003 0.013 0.003 0.008 0.015 0.003 0.004 0.857 0.011 0.018 0.009 0.008 0.006 0.005 
466      643    (2)    8 :  0.016 0.015 0.024 0.003 0.017 0.004 0.015 0.011 0.003 0.004 0.745 0.025 0.068 0.016 0.016 0.010 0.009 
467      644    (0)    8 :  0.009 0.010 0.006 0.008 0.013 0.003 0.009 0.019 0.004 0.009 0.831 0.013 0.018 0.007 0.010 0.010 0.022 
468      645    (0)    8 :  0.028 0.023 0.034 0.003 0.027 0.002 0.030 0.007 0.036 0.119 0.407 0.024 0.183 0.018 0.031 0.016 0.013 
469      646    (0)    8 :  0.036 0.058 0.012 0.008 0.004 0.004 0.042 0.008 0.010 0.140 0.058 0.067 0.038 0.013 0.062 0.095 0.345 
470      006    (0)    9 :  0.024 0.019 0.006 0.003 0.007 0.005 0.025 0.005 0.003 0.006 0.213 0.010 0.007 0.628 0.022 0.009 0.007 
471      011    (0)    9 :  0.003 0.003 0.003 0.003 0.004 0.001 0.003 0.003 0.002 0.002 0.951 0.003 0.003 0.009 0.003 0.003 0.003 
472      033    (2)    9 :  0.007 0.006 0.019 0.002 0.006 0.001 0.007 0.003 0.002 0.004 0.264 0.025 0.004 0.623 0.006 0.004 0.017 
473      048    (0)    9 :  0.026 0.016 0.015 0.005 0.227 0.002 0.018 0.060 0.008 0.005 0.508 0.014 0.007 0.043 0.017 0.017 0.011 
474      061    (0)    9 :  0.002 0.002 0.001 0.001 0.002 0.001 0.002 0.001 0.004 0.003 0.002 0.002 0.002 0.970 0.002 0.002 0.002 
475      088    (0)    9 :  0.017 0.014 0.013 0.008 0.019 0.003 0.014 0.015 0.005 0.003 0.801 0.010 0.013 0.024 0.013 0.012 0.016 
476      091    (0)    9 :  0.003 0.005 0.004 0.004 0.003 0.001 0.004 0.003 0.002 0.006 0.009 0.003 0.003 0.934 0.004 0.008 0.003 
477      098    (0)    9 :  0.008 0.006 0.019 0.003 0.027 0.001 0.006 0.011 0.012 0.006 0.855 0.007 0.004 0.008 0.006 0.005 0.015 
478      104    (0)    9 :  0.003 0.003 0.002 0.002 0.005 0.001 0.003 0.003 0.003 0.002 0.917 0.003 0.003 0.003 0.003 0.003 0.041 
479      196    (0)    9 :  0.007 0.005 0.009 0.005 0.010 0.001 0.006 0.008 0.005 0.002 0.322 0.006 0.006 0.578 0.006 0.004 0.019 
480      197    (0)    9 :  0.024 0.020 0.011 0.014 0.007 0.003 0.026 0.009 0.008 0.003 0.529 0.023 0.006 0.266 0.023 0.014 0.014 
481      201    (0)    9 :  0.005 0.006 0.005 0.001 0.006 0.001 0.005 0.003 0.001 0.002 0.332 0.004 0.013 0.592 0.005 0.004 0.014 
482      202    (0)    9 :  0.012 0.013 0.005 0.012 0.027 0.008 0.014 0.015 0.019 0.002 0.768 0.013 0.009 0.032 0.014 0.015 0.023 
483      204    (0)    9 :  0.005 0.004 0.003 0.002 0.008 0.001 0.004 0.003 0.002 0.010 0.527 0.010 0.005 0.379 0.004 0.003 0.030 
484      231    (0)    9 :  0.006 0.005 0.010 0.005 0.012 0.001 0.005 0.008 0.001 0.010 0.837 0.016 0.005 0.008 0.005 0.004 0.063 
485      328    (0)    9 :  0.004 0.004 0.006 0.002 0.005 0.001 0.004 0.004 0.005 0.002 0.692 0.007 0.005 0.249 0.004 0.003 0.003 
486      346    (0)    9 :  0.004 0.004 0.008 0.007 0.005 0.002 0.004 0.004 0.003 0.003 0.619 0.003 0.004 0.313 0.004 0.003 0.009 


Estimated Allele Frequencies in each cluster
First column gives estimated ancestral frequencies


Locus 1 : 1 
4 alleles
0.0% missing data
  89   (0.537) 0.557 0.564 0.553 0.643 0.584 0.293 0.551 0.541 0.066 0.832 0.625 0.467 0.496 0.698 0.551 0.541 0.285 
  91   (0.383) 0.359 0.368 0.430 0.311 0.372 0.670 0.370 0.338 0.708 0.150 0.313 0.511 0.449 0.293 0.374 0.408 0.593 
  93   (0.066) 0.061 0.050 0.014 0.045 0.021 0.036 0.062 0.114 0.098 0.015 0.061 0.017 0.051 0.008 0.058 0.047 0.120 
  99   (0.015) 0.023 0.019 0.002 0.001 0.023 0.001 0.017 0.007 0.129 0.003 0.000 0.005 0.004 0.001 0.017 0.005 0.001 

Locus 2 : 2 
6 alleles
1.0% missing data
 136   (0.350) 0.316 0.346 0.417 0.461 0.066 0.454 0.359 0.075 0.189 0.141 0.558 0.185 0.565 0.113 0.348 0.352 0.726 
 134   (0.234) 0.224 0.197 0.409 0.380 0.287 0.195 0.214 0.223 0.027 0.687 0.142 0.219 0.209 0.202 0.216 0.157 0.166 
 138   (0.298) 0.349 0.352 0.143 0.152 0.464 0.217 0.308 0.597 0.771 0.118 0.249 0.462 0.161 0.242 0.322 0.411 0.096 
 140   (0.067) 0.062 0.060 0.016 0.004 0.032 0.123 0.067 0.042 0.008 0.018 0.049 0.064 0.036 0.438 0.065 0.049 0.008 
 132   (0.021) 0.028 0.028 0.004 0.001 0.003 0.001 0.031 0.006 0.002 0.004 0.000 0.005 0.006 0.002 0.026 0.020 0.002 
 142   (0.028) 0.020 0.017 0.012 0.002 0.148 0.009 0.021 0.058 0.003 0.032 0.001 0.066 0.023 0.003 0.023 0.012 0.002 

Locus 3 : 3 
6 alleles
0.0% missing data
 181   (0.258) 0.258 0.238 0.402 0.066 0.451 0.072 0.251 0.343 0.180 0.345 0.231 0.126 0.187 0.071 0.243 0.188 0.091 
 187   (0.341) 0.331 0.390 0.163 0.256 0.155 0.344 0.347 0.168 0.775 0.115 0.516 0.348 0.345 0.689 0.366 0.550 0.543 
 179   (0.245) 0.258 0.239 0.402 0.015 0.172 0.051 0.257 0.261 0.028 0.352 0.228 0.324 0.299 0.223 0.246 0.173 0.351 
 191   (0.032) 0.031 0.027 0.006 0.200 0.009 0.009 0.030 0.007 0.003 0.009 0.022 0.007 0.010 0.004 0.030 0.023 0.003 
 185   (0.075) 0.080 0.070 0.018 0.459 0.027 0.286 0.075 0.203 0.008 0.134 0.002 0.074 0.054 0.007 0.073 0.044 0.007 
 175   (0.049) 0.041 0.035 0.009 0.003 0.186 0.238 0.039 0.018 0.005 0.046 0.001 0.122 0.106 0.005 0.041 0.022 0.004 

Locus 4 : 4 
12 alleles
0.2% missing data
 253   (0.490) 0.519 0.491 0.616 0.464 0.705 0.168 0.517 0.275 0.597 0.621 0.762 0.498 0.515 0.620 0.494 0.379 0.467 
 249   (0.029) 0.021 0.020 0.005 0.002 0.004 0.067 0.024 0.005 0.004 0.005 0.058 0.005 0.009 0.321 0.024 0.017 0.020 
 271   (0.042) 0.041 0.037 0.009 0.003 0.006 0.110 0.041 0.008 0.005 0.010 0.028 0.031 0.030 0.005 0.040 0.024 0.056 
 241   (0.158) 0.140 0.134 0.142 0.150 0.089 0.530 0.142 0.205 0.184 0.098 0.020 0.187 0.190 0.022 0.143 0.144 0.372 
 257   (0.006) 0.004 0.003 0.001 0.000 0.001 0.000 0.004 0.001 0.001 0.001 0.000 0.001 0.005 0.000 0.004 0.002 0.003 
 269   (0.171) 0.163 0.211 0.183 0.098 0.138 0.030 0.163 0.480 0.199 0.241 0.130 0.225 0.150 0.020 0.189 0.365 0.063 
 247   (0.065) 0.087 0.081 0.033 0.281 0.051 0.026 0.082 0.019 0.007 0.016 0.001 0.037 0.053 0.008 0.075 0.045 0.007 
 245   (0.009) 0.006 0.005 0.001 0.001 0.001 0.067 0.006 0.001 0.001 0.001 0.000 0.002 0.002 0.001 0.007 0.003 0.001 
 239   (0.011) 0.008 0.007 0.003 0.001 0.001 0.001 0.008 0.002 0.001 0.003 0.000 0.002 0.021 0.001 0.009 0.005 0.001 
 273   (0.007) 0.005 0.004 0.001 0.000 0.001 0.001 0.005 0.001 0.001 0.001 0.000 0.001 0.022 0.001 0.006 0.002 0.001 
 267   (0.006) 0.004 0.005 0.001 0.000 0.001 0.000 0.004 0.001 0.001 0.001 0.000 0.001 0.002 0.001 0.005 0.011 0.010 
 255   (0.006) 0.004 0.003 0.003 0.000 0.002 0.000 0.004 0.001 0.001 0.001 0.000 0.009 0.002 0.001 0.005 0.002 0.001 

Locus 5 : 5 
6 alleles
0.6% missing data
 103   (0.859) 0.849 0.773 0.930 0.980 0.968 0.737 0.843 0.953 0.984 0.958 0.995 0.928 0.866 0.986 0.812 0.615 0.977 
 104   (0.053) 0.069 0.146 0.024 0.003 0.015 0.070 0.069 0.031 0.006 0.022 0.003 0.033 0.043 0.005 0.101 0.325 0.015 
 101   (0.009) 0.006 0.005 0.002 0.012 0.001 0.001 0.007 0.002 0.001 0.005 0.000 0.003 0.003 0.001 0.007 0.004 0.001 
 105   (0.047) 0.051 0.051 0.036 0.003 0.011 0.166 0.054 0.009 0.005 0.011 0.001 0.024 0.072 0.005 0.050 0.038 0.004 
 102   (0.016) 0.014 0.014 0.005 0.001 0.002 0.001 0.016 0.003 0.002 0.003 0.000 0.009 0.006 0.001 0.016 0.012 0.001 
 107   (0.015) 0.010 0.010 0.003 0.001 0.002 0.025 0.012 0.002 0.001 0.002 0.000 0.003 0.010 0.001 0.013 0.007 0.001 

Locus 6 : 6 
5 alleles
0.2% missing data
 141   (0.267) 0.289 0.270 0.310 0.131 0.241 0.110 0.270 0.068 0.030 0.784 0.595 0.330 0.207 0.839 0.269 0.210 0.312 
 145   (0.405) 0.396 0.444 0.443 0.260 0.652 0.023 0.418 0.587 0.410 0.131 0.173 0.455 0.526 0.072 0.425 0.579 0.117 
 135   (0.234) 0.239 0.217 0.136 0.288 0.093 0.637 0.230 0.324 0.548 0.064 0.192 0.177 0.200 0.073 0.226 0.155 0.365 
 147   (0.083) 0.069 0.063 0.109 0.320 0.013 0.127 0.073 0.018 0.010 0.018 0.039 0.035 0.056 0.015 0.073 0.051 0.205 
 137   (0.011) 0.008 0.006 0.002 0.001 0.002 0.103 0.008 0.003 0.001 0.002 0.000 0.002 0.011 0.001 0.009 0.005 0.001 

Locus 7 : 7 
10 alleles
1.2% missing data
  93   (0.226) 0.209 0.193 0.217 0.065 0.348 0.112 0.199 0.119 0.797 0.305 0.334 0.328 0.282 0.616 0.206 0.166 0.406 
 103   (0.302) 0.322 0.351 0.532 0.514 0.381 0.017 0.321 0.322 0.040 0.123 0.403 0.368 0.288 0.079 0.328 0.445 0.274 
  91   (0.069) 0.062 0.060 0.039 0.156 0.055 0.060 0.068 0.016 0.010 0.057 0.034 0.017 0.058 0.007 0.064 0.053 0.007 
  97   (0.195) 0.201 0.191 0.157 0.253 0.089 0.262 0.204 0.364 0.127 0.254 0.163 0.049 0.119 0.027 0.195 0.180 0.165 
  85   (0.045) 0.043 0.043 0.014 0.003 0.010 0.003 0.046 0.126 0.006 0.010 0.046 0.011 0.047 0.005 0.043 0.028 0.008 
  89   (0.082) 0.063 0.061 0.028 0.005 0.078 0.302 0.069 0.032 0.011 0.235 0.019 0.199 0.065 0.258 0.070 0.050 0.132 
  83   (0.048) 0.074 0.072 0.009 0.003 0.034 0.003 0.066 0.016 0.006 0.010 0.001 0.023 0.133 0.005 0.063 0.036 0.004 
 105   (0.014) 0.013 0.013 0.002 0.001 0.003 0.091 0.014 0.002 0.002 0.003 0.000 0.003 0.004 0.001 0.013 0.007 0.001 
 101   (0.009) 0.005 0.011 0.001 0.001 0.001 0.125 0.006 0.001 0.001 0.001 0.000 0.002 0.002 0.001 0.010 0.028 0.001 
  99   (0.009) 0.007 0.005 0.001 0.001 0.001 0.025 0.007 0.001 0.001 0.001 0.000 0.002 0.002 0.001 0.007 0.005 0.001 

Locus 8 : 8 
8 alleles
0.0% missing data
 129   (0.552) 0.530 0.587 0.400 0.638 0.716 0.299 0.557 0.725 0.198 0.460 0.705 0.743 0.643 0.668 0.571 0.735 0.466 
 141   (0.054) 0.053 0.045 0.093 0.217 0.011 0.003 0.049 0.019 0.006 0.011 0.099 0.022 0.021 0.008 0.049 0.030 0.149 
 149   (0.079) 0.086 0.074 0.017 0.012 0.066 0.304 0.079 0.030 0.009 0.279 0.144 0.081 0.054 0.011 0.077 0.042 0.034 
 143   (0.262) 0.288 0.255 0.480 0.128 0.191 0.298 0.268 0.212 0.702 0.209 0.051 0.141 0.248 0.309 0.258 0.166 0.345 
 127   (0.018) 0.014 0.014 0.003 0.001 0.002 0.094 0.017 0.003 0.046 0.003 0.000 0.004 0.005 0.001 0.015 0.010 0.002 
 131   (0.012) 0.008 0.007 0.002 0.002 0.010 0.001 0.009 0.005 0.037 0.003 0.000 0.002 0.003 0.001 0.009 0.005 0.001 
 133   (0.017) 0.016 0.014 0.003 0.001 0.003 0.001 0.017 0.005 0.002 0.033 0.000 0.007 0.023 0.002 0.016 0.010 0.002 
 145   (0.006) 0.004 0.003 0.001 0.000 0.001 0.000 0.005 0.001 0.001 0.001 0.000 0.001 0.004 0.000 0.005 0.002 0.001 

Locus 9 : 9 
5 alleles
0.0% missing data
 191   (0.390) 0.405 0.407 0.483 0.547 0.328 0.339 0.392 0.325 0.339 0.591 0.567 0.157 0.351 0.848 0.398 0.401 0.601 
 195   (0.146) 0.152 0.128 0.244 0.050 0.341 0.331 0.139 0.347 0.356 0.034 0.188 0.081 0.132 0.032 0.141 0.084 0.036 
 189   (0.452) 0.435 0.459 0.271 0.402 0.329 0.330 0.461 0.325 0.304 0.372 0.243 0.759 0.505 0.119 0.452 0.510 0.361 
 197   (0.006) 0.004 0.003 0.001 0.000 0.001 0.000 0.004 0.001 0.001 0.001 0.000 0.001 0.011 0.001 0.005 0.002 0.001 
 193   (0.006) 0.004 0.003 0.001 0.000 0.001 0.000 0.004 0.002 0.001 0.002 0.002 0.001 0.002 0.001 0.005 0.003 0.001 

Locus 10 : 10 
7 alleles
0.4% missing data
 232   (0.249) 0.261 0.279 0.152 0.277 0.207 0.125 0.266 0.164 0.218 0.062 0.287 0.070 0.291 0.575 0.262 0.307 0.386 
 238   (0.560) 0.561 0.561 0.672 0.342 0.732 0.748 0.556 0.700 0.366 0.843 0.592 0.866 0.492 0.128 0.562 0.571 0.431 
 252   (0.107) 0.104 0.094 0.121 0.031 0.049 0.014 0.099 0.122 0.016 0.080 0.106 0.047 0.168 0.281 0.101 0.070 0.175 
 254   (0.047) 0.039 0.036 0.048 0.265 0.007 0.082 0.043 0.008 0.395 0.009 0.014 0.009 0.035 0.013 0.041 0.025 0.005 
 248   (0.018) 0.016 0.014 0.003 0.083 0.002 0.001 0.018 0.003 0.002 0.003 0.000 0.004 0.007 0.002 0.016 0.012 0.002 
 250   (0.014) 0.014 0.012 0.002 0.001 0.002 0.029 0.013 0.002 0.002 0.002 0.000 0.002 0.004 0.001 0.013 0.010 0.001 
 236   (0.006) 0.005 0.004 0.002 0.001 0.001 0.000 0.005 0.001 0.001 0.001 0.000 0.001 0.003 0.001 0.005 0.003 0.001 

Locus 11 : 11 
4 alleles
0.0% missing data
  87   (0.686) 0.699 0.715 0.641 0.531 0.861 0.494 0.694 0.875 0.964 0.866 0.642 0.794 0.685 0.339 0.699 0.763 0.555 
  89   (0.244) 0.241 0.234 0.346 0.387 0.113 0.152 0.246 0.092 0.029 0.085 0.305 0.187 0.220 0.635 0.240 0.199 0.363 
  91   (0.054) 0.048 0.041 0.011 0.081 0.024 0.183 0.046 0.030 0.006 0.014 0.053 0.016 0.079 0.024 0.048 0.030 0.080 
  85   (0.016) 0.012 0.010 0.003 0.001 0.002 0.171 0.013 0.003 0.002 0.035 0.000 0.003 0.016 0.002 0.013 0.008 0.001 

Locus 12 : 12 
13 alleles
0.4% missing data
 160   (0.215) 0.196 0.225 0.060 0.721 0.351 0.424 0.202 0.139 0.598 0.190 0.106 0.255 0.215 0.036 0.218 0.313 0.191 
 162   (0.248) 0.272 0.242 0.485 0.230 0.289 0.014 0.261 0.137 0.064 0.372 0.210 0.335 0.251 0.760 0.249 0.164 0.094 
 147   (0.050) 0.041 0.038 0.089 0.003 0.014 0.003 0.043 0.035 0.005 0.013 0.118 0.072 0.017 0.095 0.042 0.035 0.365 
 158   (0.230) 0.219 0.258 0.188 0.021 0.208 0.094 0.237 0.310 0.028 0.099 0.536 0.102 0.281 0.077 0.245 0.334 0.313 
 161   (0.108) 0.108 0.094 0.148 0.016 0.046 0.273 0.100 0.232 0.114 0.032 0.021 0.130 0.113 0.015 0.102 0.053 0.023 
 170   (0.050) 0.072 0.059 0.009 0.003 0.018 0.027 0.060 0.019 0.006 0.011 0.007 0.050 0.056 0.006 0.054 0.041 0.005 
 143   (0.030) 0.034 0.031 0.005 0.002 0.007 0.161 0.032 0.005 0.176 0.009 0.001 0.006 0.039 0.003 0.031 0.018 0.003 
 154   (0.017) 0.018 0.020 0.005 0.001 0.002 0.001 0.022 0.003 0.002 0.005 0.000 0.004 0.006 0.002 0.017 0.018 0.002 
 149   (0.022) 0.018 0.015 0.004 0.001 0.057 0.001 0.018 0.084 0.002 0.264 0.000 0.006 0.006 0.002 0.018 0.009 0.002 
 153   (0.012) 0.010 0.009 0.003 0.001 0.002 0.001 0.011 0.002 0.001 0.002 0.000 0.002 0.010 0.001 0.010 0.008 0.001 
 150   (0.006) 0.004 0.003 0.001 0.000 0.005 0.000 0.004 0.015 0.001 0.001 0.000 0.001 0.002 0.001 0.004 0.002 0.001 
 159   (0.008) 0.005 0.004 0.001 0.000 0.001 0.000 0.005 0.018 0.001 0.002 0.000 0.037 0.003 0.001 0.006 0.003 0.001 
 164   (0.006) 0.004 0.004 0.001 0.000 0.001 0.000 0.005 0.001 0.001 0.001 0.000 0.001 0.002 0.000 0.005 0.002 0.001 

Locus 13 : 13 
5 alleles
0.0% missing data
 108   (0.201) 0.179 0.198 0.143 0.199 0.070 0.297 0.192 0.171 0.337 0.049 0.163 0.133 0.278 0.409 0.197 0.268 0.155 
 115   (0.452) 0.463 0.426 0.503 0.284 0.577 0.378 0.453 0.447 0.089 0.712 0.582 0.492 0.476 0.528 0.441 0.325 0.318 
 113   (0.336) 0.348 0.367 0.351 0.517 0.350 0.324 0.346 0.380 0.573 0.237 0.255 0.373 0.243 0.062 0.351 0.400 0.527 
 109   (0.006) 0.004 0.005 0.001 0.000 0.001 0.000 0.005 0.001 0.001 0.001 0.000 0.001 0.002 0.001 0.006 0.005 0.001 
 110   (0.006) 0.005 0.005 0.001 0.000 0.001 0.000 0.005 0.001 0.001 0.001 0.000 0.001 0.002 0.000 0.006 0.002 0.001 

Locus 14 : 14 
5 alleles
1.2% missing data
 227   (0.139) 0.146 0.133 0.037 0.016 0.338 0.008 0.134 0.312 0.256 0.055 0.260 0.289 0.075 0.062 0.133 0.107 0.332 
 231   (0.156) 0.152 0.139 0.464 0.353 0.028 0.357 0.160 0.034 0.273 0.038 0.094 0.041 0.149 0.026 0.146 0.120 0.110 
 229   (0.504) 0.497 0.545 0.283 0.413 0.526 0.467 0.509 0.528 0.091 0.860 0.462 0.450 0.681 0.863 0.526 0.644 0.429 
 225   (0.139) 0.140 0.129 0.142 0.213 0.049 0.059 0.136 0.107 0.226 0.033 0.088 0.201 0.070 0.019 0.134 0.097 0.024 
 233   (0.062) 0.066 0.054 0.074 0.004 0.060 0.109 0.062 0.019 0.154 0.014 0.097 0.018 0.025 0.030 0.060 0.031 0.105 

Locus 15 : 15 
5 alleles
0.4% missing data
 143   (0.841) 0.847 0.851 0.875 0.816 0.903 0.620 0.842 0.753 0.718 0.937 0.970 0.943 0.888 0.983 0.848 0.868 0.978 
 157   (0.007) 0.004 0.003 0.001 0.000 0.001 0.000 0.004 0.001 0.001 0.001 0.018 0.001 0.002 0.001 0.005 0.002 0.001 
 145   (0.090) 0.088 0.089 0.113 0.006 0.079 0.185 0.091 0.055 0.274 0.050 0.010 0.037 0.046 0.010 0.089 0.086 0.015 
 147   (0.048) 0.051 0.048 0.008 0.145 0.015 0.194 0.052 0.188 0.006 0.010 0.001 0.016 0.022 0.005 0.046 0.037 0.005 
 133   (0.014) 0.010 0.009 0.003 0.032 0.002 0.001 0.011 0.004 0.001 0.002 0.000 0.003 0.041 0.002 0.011 0.007 0.001 

Locus 16 : 16 
5 alleles
0.2% missing data
 156   (0.225) 0.218 0.195 0.327 0.504 0.226 0.161 0.211 0.275 0.516 0.053 0.307 0.179 0.398 0.194 0.210 0.144 0.081 
 158   (0.543) 0.569 0.580 0.467 0.195 0.685 0.312 0.561 0.596 0.251 0.615 0.497 0.579 0.454 0.319 0.566 0.583 0.726 
 160   (0.140) 0.127 0.119 0.149 0.112 0.057 0.118 0.133 0.103 0.016 0.308 0.152 0.191 0.102 0.475 0.128 0.111 0.183 
 154   (0.084) 0.081 0.102 0.056 0.188 0.019 0.407 0.089 0.024 0.216 0.023 0.044 0.030 0.044 0.011 0.090 0.159 0.009 
 152   (0.009) 0.005 0.004 0.001 0.001 0.013 0.000 0.005 0.001 0.001 0.001 0.000 0.020 0.002 0.001 0.006 0.003 0.001 

Locus 17 : 17 
5 alleles
0.0% missing data
 102   (0.201) 0.202 0.198 0.183 0.198 0.069 0.038 0.199 0.240 0.024 0.335 0.250 0.444 0.094 0.092 0.201 0.174 0.146 
  90   (0.682) 0.671 0.658 0.794 0.794 0.909 0.321 0.668 0.722 0.574 0.377 0.721 0.518 0.826 0.607 0.669 0.657 0.826 
  88   (0.069) 0.084 0.074 0.013 0.005 0.011 0.470 0.079 0.015 0.007 0.279 0.028 0.022 0.031 0.296 0.072 0.053 0.024 
 100   (0.042) 0.039 0.067 0.009 0.002 0.009 0.171 0.050 0.007 0.395 0.008 0.001 0.012 0.048 0.004 0.053 0.113 0.004 
 104   (0.006) 0.004 0.003 0.001 0.000 0.001 0.000 0.004 0.016 0.001 0.001 0.000 0.004 0.002 0.001 0.005 0.002 0.001 

Locus 18 : 18 
7 alleles
0.0% missing data
 142   (0.122) 0.148 0.128 0.023 0.008 0.047 0.018 0.127 0.138 0.015 0.083 0.425 0.057 0.177 0.798 0.123 0.094 0.384 
 146   (0.074) 0.083 0.071 0.084 0.228 0.025 0.004 0.072 0.019 0.008 0.103 0.194 0.247 0.063 0.032 0.074 0.035 0.023 
 140   (0.295) 0.272 0.302 0.505 0.177 0.200 0.298 0.297 0.421 0.278 0.526 0.084 0.198 0.229 0.045 0.298 0.340 0.421 
 127   (0.301) 0.294 0.326 0.229 0.057 0.426 0.385 0.308 0.184 0.548 0.179 0.223 0.285 0.409 0.074 0.314 0.413 0.098 
 148   (0.099) 0.093 0.081 0.115 0.217 0.068 0.067 0.095 0.049 0.011 0.026 0.054 0.154 0.036 0.034 0.089 0.059 0.048 
 150   (0.055) 0.063 0.049 0.012 0.309 0.209 0.225 0.052 0.114 0.006 0.068 0.001 0.030 0.050 0.006 0.053 0.025 0.005 
 138   (0.054) 0.049 0.043 0.032 0.004 0.025 0.003 0.049 0.075 0.136 0.016 0.018 0.030 0.037 0.011 0.048 0.035 0.021 

Locus 19 : 19 
8 alleles
0.2% missing data
 188   (0.183) 0.192 0.189 0.066 0.169 0.118 0.011 0.202 0.316 0.019 0.045 0.095 0.089 0.190 0.569 0.187 0.144 0.175 
 190   (0.125) 0.095 0.096 0.243 0.200 0.241 0.041 0.100 0.202 0.013 0.400 0.422 0.067 0.101 0.014 0.109 0.119 0.329 
 194   (0.573) 0.601 0.610 0.600 0.479 0.568 0.553 0.586 0.459 0.956 0.185 0.481 0.566 0.637 0.408 0.591 0.659 0.486 
 202   (0.016) 0.013 0.011 0.003 0.146 0.002 0.042 0.012 0.003 0.002 0.002 0.000 0.003 0.005 0.001 0.014 0.007 0.001 
 200   (0.084) 0.087 0.084 0.082 0.005 0.068 0.315 0.085 0.017 0.008 0.364 0.002 0.271 0.056 0.007 0.085 0.064 0.008 
 192   (0.006) 0.004 0.004 0.003 0.000 0.001 0.000 0.005 0.002 0.001 0.001 0.000 0.001 0.002 0.000 0.005 0.003 0.001 
 196   (0.006) 0.004 0.003 0.001 0.000 0.001 0.000 0.004 0.001 0.001 0.001 0.000 0.001 0.008 0.000 0.005 0.002 0.001 
 198   (0.007) 0.004 0.003 0.001 0.000 0.001 0.038 0.004 0.001 0.001 0.001 0.000 0.001 0.002 0.000 0.004 0.002 0.001 

Locus 20 : 20 
6 alleles
0.8% missing data
 252   (0.700) 0.729 0.715 0.746 0.728 0.744 0.073 0.722 0.768 0.384 0.543 0.852 0.843 0.838 0.818 0.708 0.669 0.711 
 250   (0.083) 0.070 0.069 0.068 0.142 0.026 0.429 0.074 0.186 0.350 0.141 0.100 0.028 0.028 0.010 0.074 0.071 0.046 
 244   (0.023) 0.016 0.015 0.007 0.001 0.011 0.047 0.016 0.006 0.005 0.007 0.007 0.007 0.009 0.148 0.018 0.013 0.002 
 254   (0.079) 0.084 0.068 0.056 0.081 0.129 0.243 0.071 0.018 0.099 0.019 0.031 0.091 0.061 0.010 0.073 0.037 0.009 
 246   (0.094) 0.080 0.075 0.119 0.046 0.087 0.207 0.088 0.019 0.160 0.286 0.004 0.024 0.056 0.010 0.085 0.065 0.228 
 248   (0.021) 0.021 0.059 0.004 0.001 0.003 0.001 0.027 0.004 0.002 0.004 0.005 0.008 0.008 0.003 0.041 0.144 0.002 

Locus 21 : 21 
7 alleles
0.2% missing data
 173   (0.292) 0.287 0.256 0.311 0.212 0.567 0.207 0.277 0.572 0.119 0.072 0.374 0.477 0.356 0.150 0.275 0.191 0.139 
 177   (0.265) 0.287 0.337 0.081 0.166 0.220 0.039 0.284 0.250 0.271 0.503 0.274 0.247 0.203 0.177 0.299 0.463 0.640 
 175   (0.143) 0.124 0.120 0.323 0.258 0.081 0.505 0.133 0.065 0.487 0.040 0.024 0.086 0.127 0.017 0.132 0.089 0.025 
 167   (0.195) 0.191 0.175 0.142 0.122 0.113 0.069 0.186 0.089 0.111 0.091 0.322 0.161 0.268 0.645 0.186 0.150 0.181 
 163   (0.038) 0.035 0.034 0.015 0.229 0.008 0.108 0.038 0.011 0.004 0.008 0.002 0.011 0.021 0.004 0.037 0.027 0.004 
 165   (0.049) 0.049 0.051 0.126 0.012 0.007 0.070 0.050 0.010 0.006 0.283 0.003 0.013 0.019 0.005 0.050 0.052 0.009 
 159   (0.018) 0.029 0.028 0.003 0.001 0.002 0.001 0.032 0.004 0.002 0.003 0.000 0.006 0.005 0.002 0.022 0.027 0.002 

Locus 22 : 22 
11 alleles
0.6% missing data
 146   (0.232) 0.271 0.230 0.168 0.137 0.327 0.014 0.239 0.129 0.071 0.289 0.231 0.348 0.207 0.839 0.232 0.157 0.218 
 154   (0.007) 0.004 0.003 0.001 0.000 0.001 0.000 0.004 0.001 0.001 0.001 0.071 0.001 0.002 0.001 0.005 0.002 0.002 
 166   (0.092) 0.100 0.113 0.077 0.006 0.023 0.005 0.111 0.024 0.112 0.022 0.028 0.041 0.044 0.010 0.104 0.090 0.269 
 152   (0.422) 0.383 0.433 0.507 0.365 0.574 0.097 0.398 0.756 0.505 0.602 0.638 0.531 0.555 0.122 0.425 0.581 0.442 
 150   (0.029) 0.035 0.032 0.005 0.002 0.005 0.103 0.033 0.012 0.112 0.007 0.006 0.013 0.009 0.004 0.032 0.019 0.007 
 164   (0.035) 0.026 0.023 0.057 0.002 0.007 0.068 0.028 0.009 0.005 0.007 0.010 0.011 0.029 0.005 0.029 0.017 0.044 
 156   (0.019) 0.012 0.010 0.004 0.306 0.008 0.113 0.013 0.021 0.002 0.004 0.000 0.004 0.005 0.002 0.014 0.007 0.002 
 162   (0.053) 0.055 0.048 0.043 0.071 0.010 0.138 0.058 0.021 0.007 0.020 0.001 0.025 0.038 0.005 0.050 0.043 0.005 
 158   (0.088) 0.093 0.088 0.133 0.109 0.017 0.434 0.096 0.023 0.011 0.044 0.014 0.022 0.104 0.012 0.088 0.072 0.009 
 148   (0.009) 0.006 0.004 0.001 0.000 0.001 0.000 0.006 0.001 0.173 0.001 0.000 0.001 0.003 0.001 0.007 0.003 0.001 
 142   (0.014) 0.015 0.014 0.002 0.001 0.027 0.028 0.013 0.002 0.001 0.003 0.000 0.003 0.004 0.001 0.014 0.009 0.001 

Locus 23 : 23 
7 alleles
0.8% missing data
 152   (0.013) 0.008 0.007 0.002 0.001 0.002 0.001 0.008 0.002 0.001 0.002 0.062 0.003 0.003 0.001 0.009 0.005 0.092 
 156   (0.118) 0.108 0.140 0.126 0.028 0.027 0.433 0.120 0.097 0.014 0.027 0.033 0.047 0.257 0.012 0.131 0.212 0.086 
 144   (0.177) 0.161 0.147 0.195 0.644 0.326 0.244 0.162 0.251 0.606 0.050 0.186 0.177 0.102 0.026 0.163 0.123 0.153 
 160   (0.106) 0.085 0.119 0.137 0.105 0.060 0.012 0.094 0.170 0.013 0.319 0.180 0.145 0.047 0.012 0.109 0.204 0.295 
 154   (0.550) 0.603 0.553 0.530 0.220 0.580 0.171 0.576 0.473 0.361 0.595 0.536 0.616 0.578 0.924 0.552 0.434 0.370 
 158   (0.028) 0.029 0.029 0.009 0.002 0.004 0.140 0.032 0.006 0.003 0.006 0.003 0.011 0.008 0.024 0.028 0.018 0.003 
 146   (0.008) 0.006 0.005 0.001 0.000 0.001 0.000 0.007 0.001 0.001 0.001 0.000 0.001 0.004 0.001 0.007 0.004 0.001 

Locus 24 : 24 
4 alleles
0.4% missing data
  77   (0.081) 0.062 0.057 0.087 0.048 0.050 0.005 0.067 0.049 0.009 0.032 0.332 0.161 0.116 0.031 0.069 0.045 0.023 
  83   (0.464) 0.440 0.450 0.608 0.922 0.435 0.588 0.450 0.517 0.689 0.762 0.485 0.353 0.392 0.227 0.454 0.457 0.597 
  81   (0.367) 0.415 0.416 0.266 0.024 0.413 0.378 0.397 0.287 0.292 0.183 0.164 0.424 0.343 0.730 0.394 0.447 0.343 
  85   (0.088) 0.083 0.078 0.039 0.006 0.102 0.029 0.086 0.147 0.010 0.023 0.020 0.062 0.149 0.012 0.083 0.051 0.037 

Locus 25 : 25 
6 alleles
0.4% missing data
 132   (0.315) 0.354 0.316 0.458 0.457 0.426 0.021 0.329 0.214 0.181 0.207 0.536 0.241 0.224 0.910 0.315 0.250 0.128 
 124   (0.532) 0.500 0.544 0.417 0.534 0.450 0.468 0.527 0.650 0.414 0.755 0.391 0.589 0.718 0.066 0.538 0.648 0.830 
 126   (0.025) 0.017 0.015 0.005 0.001 0.003 0.011 0.020 0.006 0.003 0.005 0.059 0.005 0.008 0.003 0.020 0.011 0.028 
 122   (0.096) 0.104 0.103 0.101 0.006 0.116 0.476 0.096 0.122 0.107 0.027 0.014 0.156 0.039 0.018 0.099 0.075 0.011 
 120   (0.018) 0.014 0.013 0.004 0.001 0.002 0.022 0.016 0.003 0.293 0.003 0.000 0.004 0.007 0.002 0.016 0.009 0.002 
 136   (0.014) 0.011 0.010 0.015 0.001 0.002 0.002 0.013 0.005 0.002 0.003 0.001 0.005 0.004 0.001 0.012 0.007 0.002 

Locus 26 : 26 
7 alleles
0.2% missing data
 165   (0.249) 0.230 0.254 0.339 0.053 0.381 0.114 0.241 0.109 0.323 0.208 0.115 0.218 0.227 0.692 0.253 0.289 0.158 
 183   (0.351) 0.334 0.353 0.464 0.424 0.341 0.209 0.345 0.380 0.293 0.630 0.585 0.244 0.331 0.196 0.347 0.421 0.459 
 179   (0.088) 0.077 0.073 0.018 0.005 0.036 0.283 0.081 0.028 0.345 0.043 0.056 0.167 0.069 0.017 0.080 0.055 0.103 
 175   (0.245) 0.303 0.266 0.151 0.453 0.233 0.015 0.267 0.472 0.031 0.107 0.242 0.347 0.205 0.089 0.259 0.188 0.274 
 181   (0.052) 0.046 0.046 0.025 0.065 0.007 0.264 0.053 0.009 0.007 0.009 0.001 0.022 0.164 0.005 0.049 0.041 0.005 
 185   (0.009) 0.006 0.005 0.001 0.001 0.001 0.115 0.007 0.002 0.001 0.001 0.000 0.002 0.003 0.001 0.007 0.003 0.001 
 157   (0.006) 0.004 0.004 0.001 0.000 0.001 0.000 0.005 0.001 0.001 0.001 0.000 0.001 0.002 0.001 0.005 0.003 0.001 

Locus 27 : 27 
4 alleles
0.2% missing data
 142   (0.641) 0.660 0.680 0.681 0.742 0.833 0.522 0.651 0.762 0.305 0.724 0.704 0.642 0.589 0.337 0.658 0.732 0.601 
 148   (0.205) 0.203 0.195 0.247 0.064 0.066 0.267 0.210 0.171 0.677 0.052 0.075 0.117 0.227 0.381 0.200 0.164 0.179 
 138   (0.046) 0.033 0.032 0.017 0.003 0.031 0.047 0.035 0.012 0.006 0.022 0.211 0.015 0.020 0.271 0.039 0.037 0.208 
 150   (0.109) 0.103 0.092 0.054 0.190 0.071 0.164 0.103 0.056 0.012 0.201 0.010 0.227 0.164 0.011 0.102 0.067 0.012 

Locus 28 : 28 
6 alleles
0.8% missing data
 260   (0.386) 0.416 0.434 0.298 0.377 0.546 0.217 0.407 0.415 0.132 0.499 0.341 0.519 0.214 0.276 0.410 0.462 0.501 
 262   (0.507) 0.484 0.474 0.662 0.550 0.387 0.696 0.487 0.431 0.855 0.471 0.654 0.396 0.698 0.711 0.493 0.456 0.488 
 256   (0.075) 0.076 0.069 0.035 0.072 0.045 0.085 0.078 0.085 0.010 0.024 0.005 0.074 0.064 0.010 0.071 0.066 0.008 
 258   (0.010) 0.010 0.011 0.002 0.001 0.001 0.001 0.013 0.002 0.001 0.002 0.000 0.002 0.003 0.001 0.010 0.007 0.001 
 266   (0.006) 0.004 0.003 0.001 0.000 0.013 0.000 0.004 0.001 0.001 0.001 0.000 0.002 0.002 0.000 0.004 0.002 0.001 
 264   (0.015) 0.010 0.009 0.002 0.001 0.007 0.001 0.012 0.067 0.001 0.002 0.000 0.008 0.020 0.001 0.012 0.007 0.001 

Locus 29 : 29 
7 alleles
0.2% missing data
 146   (0.282) 0.274 0.339 0.349 0.334 0.145 0.324 0.283 0.460 0.035 0.475 0.164 0.194 0.249 0.081 0.308 0.517 0.286 
 150   (0.435) 0.463 0.426 0.406 0.288 0.603 0.239 0.446 0.382 0.139 0.169 0.712 0.554 0.599 0.157 0.435 0.308 0.438 
 140   (0.177) 0.169 0.157 0.168 0.057 0.143 0.392 0.176 0.132 0.815 0.120 0.080 0.223 0.114 0.697 0.165 0.113 0.032 
 148   (0.062) 0.051 0.045 0.049 0.318 0.047 0.035 0.054 0.013 0.007 0.154 0.038 0.016 0.021 0.059 0.054 0.031 0.231 
 152   (0.027) 0.034 0.025 0.004 0.002 0.061 0.009 0.029 0.011 0.003 0.065 0.001 0.007 0.011 0.003 0.026 0.024 0.003 
 151   (0.009) 0.006 0.005 0.003 0.001 0.001 0.001 0.006 0.001 0.001 0.006 0.005 0.004 0.003 0.002 0.007 0.004 0.009 
 142   (0.008) 0.004 0.004 0.020 0.000 0.001 0.000 0.005 0.001 0.001 0.013 0.001 0.001 0.003 0.001 0.005 0.003 0.001 

Locus 30 : 30 
6 alleles
0.2% missing data
 125   (0.285) 0.283 0.344 0.309 0.029 0.073 0.139 0.309 0.078 0.137 0.093 0.477 0.103 0.352 0.630 0.312 0.427 0.291 
 129   (0.430) 0.426 0.382 0.418 0.789 0.605 0.078 0.418 0.660 0.210 0.465 0.476 0.574 0.392 0.308 0.408 0.304 0.648 
 123   (0.154) 0.154 0.158 0.107 0.100 0.273 0.110 0.142 0.237 0.018 0.099 0.045 0.192 0.185 0.048 0.155 0.189 0.048 
 127   (0.085) 0.074 0.066 0.156 0.079 0.037 0.532 0.081 0.015 0.591 0.335 0.002 0.065 0.044 0.010 0.075 0.055 0.008 
 121   (0.012) 0.010 0.008 0.003 0.001 0.002 0.001 0.010 0.002 0.040 0.002 0.000 0.003 0.004 0.001 0.010 0.006 0.001 
 131   (0.035) 0.052 0.042 0.007 0.002 0.011 0.140 0.040 0.007 0.004 0.007 0.001 0.064 0.023 0.003 0.039 0.019 0.003 

Locus 31 : 31 
6 alleles
0.2% missing data
 159   (0.175) 0.173 0.152 0.298 0.011 0.182 0.200 0.163 0.393 0.020 0.047 0.139 0.298 0.289 0.061 0.163 0.097 0.114 
 155   (0.543) 0.567 0.613 0.422 0.708 0.608 0.421 0.575 0.244 0.525 0.494 0.689 0.289 0.460 0.591 0.577 0.717 0.847 
 157   (0.182) 0.174 0.156 0.255 0.019 0.179 0.060 0.171 0.118 0.114 0.438 0.091 0.336 0.205 0.301 0.171 0.128 0.029 
 153   (0.063) 0.057 0.054 0.012 0.004 0.025 0.309 0.060 0.237 0.095 0.013 0.079 0.068 0.023 0.042 0.059 0.038 0.006 
 151   (0.031) 0.025 0.022 0.012 0.256 0.004 0.009 0.026 0.006 0.245 0.007 0.002 0.007 0.021 0.004 0.026 0.017 0.003 
 163   (0.006) 0.004 0.004 0.001 0.000 0.002 0.000 0.005 0.001 0.001 0.001 0.001 0.001 0.002 0.001 0.005 0.002 0.001 

Locus 32 : 32 
5 alleles
0.0% missing data
 146   (0.323) 0.314 0.356 0.263 0.312 0.352 0.653 0.339 0.402 0.585 0.211 0.063 0.272 0.366 0.065 0.339 0.397 0.050 
 150   (0.566) 0.576 0.545 0.509 0.640 0.617 0.249 0.558 0.512 0.403 0.409 0.861 0.679 0.594 0.923 0.557 0.505 0.879 
 148   (0.059) 0.053 0.049 0.121 0.045 0.011 0.032 0.051 0.017 0.006 0.366 0.075 0.025 0.017 0.006 0.052 0.073 0.065 
 154   (0.037) 0.041 0.036 0.105 0.002 0.006 0.065 0.038 0.008 0.004 0.009 0.001 0.012 0.018 0.004 0.038 0.020 0.005 
 152   (0.014) 0.016 0.013 0.002 0.001 0.014 0.001 0.014 0.060 0.001 0.006 0.000 0.012 0.005 0.001 0.014 0.005 0.001 

Locus 33 : 33 
7 alleles
0.0% missing data
 180   (0.464) 0.482 0.482 0.531 0.673 0.401 0.357 0.478 0.174 0.699 0.515 0.610 0.407 0.412 0.424 0.474 0.487 0.364 
 196   (0.116) 0.120 0.113 0.050 0.007 0.126 0.025 0.109 0.223 0.013 0.025 0.188 0.104 0.106 0.117 0.113 0.093 0.204 
 184   (0.197) 0.164 0.167 0.278 0.070 0.346 0.186 0.187 0.470 0.264 0.086 0.146 0.079 0.205 0.433 0.181 0.137 0.125 
 194   (0.010) 0.006 0.005 0.002 0.001 0.001 0.001 0.006 0.002 0.001 0.002 0.040 0.002 0.003 0.001 0.007 0.003 0.032 
 192   (0.135) 0.144 0.123 0.098 0.182 0.110 0.165 0.141 0.113 0.014 0.353 0.005 0.290 0.203 0.015 0.129 0.095 0.013 
 198   (0.062) 0.073 0.101 0.020 0.066 0.011 0.266 0.068 0.013 0.007 0.015 0.011 0.020 0.052 0.009 0.083 0.179 0.261 
 190   (0.016) 0.011 0.009 0.022 0.001 0.005 0.001 0.011 0.005 0.002 0.003 0.000 0.098 0.019 0.002 0.012 0.006 0.002 

Locus 34 : 34 
6 alleles
0.0% missing data
 110   (0.188) 0.174 0.212 0.225 0.070 0.076 0.109 0.189 0.053 0.214 0.158 0.370 0.202 0.108 0.271 0.198 0.311 0.155 
 112   (0.349) 0.385 0.351 0.288 0.055 0.382 0.047 0.371 0.446 0.039 0.427 0.517 0.307 0.334 0.067 0.350 0.290 0.748 
 106   (0.278) 0.269 0.264 0.414 0.713 0.434 0.247 0.255 0.414 0.222 0.149 0.088 0.369 0.403 0.585 0.273 0.258 0.076 
  90   (0.037) 0.032 0.028 0.008 0.002 0.006 0.002 0.032 0.007 0.406 0.232 0.018 0.028 0.038 0.061 0.034 0.020 0.006 
 108   (0.139) 0.134 0.140 0.064 0.113 0.101 0.594 0.146 0.078 0.118 0.031 0.007 0.092 0.113 0.016 0.138 0.117 0.015 
  96   (0.010) 0.007 0.005 0.002 0.046 0.001 0.001 0.007 0.001 0.001 0.003 0.000 0.002 0.004 0.001 0.007 0.004 0.001 

Locus 35 : 35 
9 alleles
0.0% missing data
 166   (0.057) 0.058 0.049 0.054 0.004 0.151 0.003 0.050 0.035 0.007 0.120 0.290 0.033 0.019 0.009 0.052 0.027 0.190 
 176   (0.099) 0.085 0.081 0.224 0.015 0.014 0.098 0.093 0.021 0.012 0.033 0.130 0.027 0.134 0.022 0.091 0.064 0.388 
 172   (0.320) 0.335 0.392 0.132 0.587 0.432 0.164 0.340 0.419 0.040 0.251 0.451 0.434 0.188 0.448 0.360 0.535 0.200 
 170   (0.277) 0.252 0.230 0.520 0.326 0.222 0.350 0.262 0.291 0.614 0.204 0.121 0.197 0.261 0.486 0.250 0.180 0.159 
 174   (0.133) 0.139 0.130 0.047 0.061 0.149 0.042 0.130 0.035 0.015 0.368 0.005 0.253 0.321 0.012 0.131 0.080 0.015 
 178   (0.038) 0.047 0.040 0.007 0.002 0.009 0.002 0.043 0.054 0.005 0.010 0.001 0.016 0.024 0.016 0.039 0.056 0.041 
 168   (0.053) 0.061 0.058 0.012 0.003 0.020 0.323 0.061 0.016 0.305 0.012 0.001 0.020 0.046 0.005 0.058 0.038 0.005 
 186   (0.017) 0.019 0.015 0.003 0.001 0.002 0.018 0.015 0.128 0.002 0.003 0.000 0.019 0.004 0.001 0.015 0.017 0.002 
 158   (0.006) 0.005 0.005 0.001 0.000 0.001 0.000 0.006 0.001 0.001 0.001 0.000 0.001 0.002 0.000 0.005 0.003 0.001 

Locus 36 : 36 
6 alleles
0.0% missing data
  89   (0.572) 0.592 0.600 0.491 0.508 0.560 0.602 0.588 0.777 0.373 0.647 0.663 0.745 0.543 0.230 0.585 0.612 0.712 
  95   (0.061) 0.053 0.050 0.084 0.004 0.133 0.027 0.055 0.017 0.007 0.015 0.082 0.046 0.021 0.038 0.054 0.035 0.019 
  85   (0.162) 0.161 0.140 0.148 0.235 0.166 0.014 0.152 0.160 0.494 0.284 0.225 0.061 0.216 0.265 0.152 0.094 0.228 
  81   (0.062) 0.060 0.053 0.182 0.004 0.028 0.004 0.065 0.014 0.008 0.015 0.005 0.031 0.147 0.008 0.059 0.041 0.006 
  83   (0.124) 0.118 0.144 0.090 0.247 0.104 0.327 0.125 0.030 0.014 0.036 0.024 0.114 0.067 0.457 0.134 0.210 0.034 
  91   (0.019) 0.015 0.012 0.003 0.001 0.009 0.026 0.015 0.004 0.104 0.004 0.000 0.004 0.005 0.002 0.016 0.008 0.002 

Locus 37 : 37 
10 alleles
0.0% missing data
 161   (0.345) 0.314 0.329 0.397 0.374 0.266 0.710 0.332 0.119 0.431 0.425 0.578 0.322 0.532 0.086 0.338 0.368 0.536 
 165   (0.235) 0.241 0.272 0.182 0.098 0.339 0.112 0.247 0.248 0.132 0.091 0.164 0.171 0.141 0.059 0.253 0.327 0.272 
 159   (0.012) 0.015 0.012 0.002 0.001 0.003 0.001 0.013 0.002 0.001 0.002 0.036 0.002 0.003 0.001 0.013 0.005 0.008 
 173   (0.254) 0.269 0.244 0.389 0.517 0.186 0.169 0.252 0.429 0.224 0.416 0.126 0.368 0.197 0.162 0.246 0.178 0.082 
 169   (0.101) 0.103 0.096 0.021 0.006 0.125 0.006 0.101 0.184 0.206 0.055 0.087 0.111 0.107 0.687 0.100 0.082 0.096 
 167   (0.016) 0.021 0.017 0.003 0.002 0.003 0.001 0.018 0.003 0.002 0.004 0.009 0.018 0.007 0.002 0.018 0.010 0.002 
 168   (0.011) 0.010 0.010 0.002 0.001 0.001 0.001 0.012 0.002 0.001 0.002 0.000 0.002 0.003 0.001 0.010 0.007 0.001 
 155   (0.012) 0.018 0.013 0.002 0.001 0.002 0.001 0.017 0.002 0.001 0.002 0.000 0.002 0.006 0.001 0.012 0.018 0.001 
 177   (0.006) 0.004 0.004 0.001 0.000 0.001 0.000 0.004 0.001 0.001 0.002 0.000 0.002 0.003 0.000 0.005 0.003 0.001 
 175   (0.007) 0.004 0.003 0.001 0.000 0.074 0.000 0.004 0.009 0.001 0.001 0.000 0.001 0.002 0.001 0.005 0.002 0.001 

Locus 38 : 38 
6 alleles
0.6% missing data
  87   (0.093) 0.073 0.070 0.113 0.129 0.030 0.441 0.074 0.024 0.556 0.021 0.170 0.137 0.058 0.012 0.080 0.080 0.136 
  89   (0.440) 0.477 0.476 0.213 0.089 0.676 0.225 0.462 0.422 0.051 0.401 0.590 0.459 0.541 0.754 0.457 0.436 0.676 
  91   (0.162) 0.166 0.196 0.208 0.187 0.041 0.099 0.167 0.081 0.208 0.086 0.130 0.162 0.163 0.194 0.182 0.275 0.024 
  81   (0.117) 0.118 0.113 0.219 0.115 0.068 0.007 0.124 0.064 0.013 0.436 0.081 0.052 0.061 0.012 0.115 0.085 0.081 
  85   (0.182) 0.162 0.142 0.246 0.479 0.184 0.227 0.169 0.408 0.172 0.054 0.026 0.189 0.175 0.028 0.162 0.122 0.082 
  83   (0.006) 0.004 0.003 0.001 0.000 0.001 0.000 0.004 0.001 0.001 0.002 0.003 0.001 0.002 0.001 0.005 0.003 0.001 

Locus 39 : 39 
4 alleles
0.6% missing data
 167   (0.788) 0.786 0.797 0.949 0.859 0.677 0.391 0.777 0.936 0.684 0.804 0.911 0.867 0.880 0.934 0.792 0.848 0.926 
 161   (0.176) 0.175 0.170 0.044 0.138 0.229 0.460 0.187 0.057 0.312 0.184 0.088 0.106 0.105 0.059 0.172 0.136 0.071 
 165   (0.030) 0.035 0.029 0.006 0.002 0.094 0.149 0.031 0.006 0.003 0.012 0.001 0.025 0.013 0.006 0.030 0.013 0.003 
 177   (0.006) 0.004 0.005 0.001 0.001 0.001 0.000 0.005 0.001 0.001 0.001 0.000 0.002 0.002 0.000 0.006 0.003 0.001 

Locus 40 : 40 
6 alleles
0.4% missing data
 228   (0.417) 0.406 0.411 0.442 0.230 0.453 0.116 0.403 0.672 0.549 0.638 0.521 0.455 0.389 0.729 0.414 0.443 0.661 
 238   (0.337) 0.366 0.351 0.266 0.116 0.348 0.068 0.365 0.202 0.080 0.085 0.324 0.310 0.439 0.067 0.346 0.290 0.262 
 224   (0.023) 0.014 0.013 0.014 0.001 0.003 0.011 0.016 0.004 0.002 0.224 0.092 0.005 0.006 0.003 0.017 0.011 0.048 
 236   (0.105) 0.095 0.088 0.115 0.391 0.041 0.287 0.098 0.026 0.355 0.025 0.061 0.099 0.052 0.190 0.096 0.065 0.016 
 232   (0.012) 0.008 0.007 0.002 0.001 0.002 0.001 0.009 0.002 0.001 0.002 0.000 0.002 0.041 0.001 0.009 0.006 0.002 
 240   (0.107) 0.111 0.130 0.161 0.262 0.153 0.518 0.109 0.094 0.012 0.025 0.002 0.130 0.073 0.011 0.118 0.185 0.010 

Locus 41 : 41 
7 alleles
0.0% missing data
 128   (0.113) 0.111 0.122 0.070 0.031 0.296 0.006 0.104 0.047 0.012 0.242 0.138 0.137 0.145 0.232 0.116 0.153 0.062 
 130   (0.533) 0.539 0.565 0.516 0.782 0.384 0.738 0.553 0.474 0.060 0.512 0.611 0.538 0.554 0.695 0.550 0.597 0.586 
 114   (0.052) 0.046 0.039 0.077 0.003 0.007 0.003 0.048 0.011 0.500 0.010 0.110 0.015 0.030 0.032 0.046 0.032 0.041 
 132   (0.123) 0.126 0.109 0.153 0.046 0.161 0.007 0.115 0.409 0.014 0.029 0.132 0.127 0.146 0.019 0.114 0.094 0.292 
 118   (0.061) 0.059 0.050 0.011 0.130 0.098 0.071 0.053 0.020 0.204 0.029 0.002 0.110 0.049 0.008 0.056 0.034 0.006 
 134   (0.112) 0.115 0.112 0.171 0.007 0.053 0.174 0.122 0.039 0.209 0.177 0.006 0.072 0.075 0.013 0.113 0.087 0.012 
 136   (0.006) 0.004 0.004 0.001 0.000 0.001 0.000 0.005 0.001 0.001 0.001 0.000 0.001 0.002 0.001 0.005 0.002 0.001 

Locus 42 : 42 
6 alleles
1.2% missing data
 102   (0.270) 0.256 0.255 0.415 0.478 0.292 0.015 0.267 0.448 0.574 0.220 0.417 0.365 0.162 0.073 0.263 0.221 0.448 
 104   (0.406) 0.463 0.453 0.322 0.412 0.552 0.229 0.438 0.265 0.050 0.689 0.194 0.511 0.406 0.097 0.430 0.453 0.139 
  92   (0.108) 0.098 0.090 0.085 0.007 0.026 0.317 0.099 0.146 0.051 0.033 0.106 0.052 0.238 0.013 0.098 0.065 0.289 
  96   (0.073) 0.059 0.088 0.054 0.004 0.027 0.176 0.065 0.015 0.094 0.018 0.060 0.019 0.079 0.717 0.079 0.168 0.051 
  98   (0.138) 0.120 0.109 0.123 0.098 0.103 0.262 0.127 0.124 0.231 0.038 0.222 0.052 0.114 0.099 0.125 0.090 0.071 
 106   (0.006) 0.004 0.004 0.002 0.000 0.001 0.000 0.005 0.002 0.001 0.002 0.000 0.001 0.002 0.001 0.005 0.003 0.001 

Locus 43 : 43 
6 alleles
1.4% missing data
 101   (0.305) 0.308 0.278 0.472 0.181 0.219 0.369 0.293 0.435 0.035 0.207 0.473 0.287 0.425 0.087 0.293 0.187 0.225 
 103   (0.317) 0.343 0.312 0.280 0.350 0.460 0.108 0.330 0.415 0.228 0.126 0.176 0.406 0.178 0.463 0.312 0.270 0.372 
  99   (0.141) 0.122 0.147 0.064 0.009 0.100 0.182 0.145 0.039 0.417 0.602 0.029 0.051 0.215 0.074 0.144 0.200 0.221 
  95   (0.213) 0.208 0.243 0.181 0.459 0.217 0.336 0.210 0.107 0.168 0.061 0.321 0.252 0.173 0.374 0.229 0.329 0.179 
  97   (0.017) 0.015 0.016 0.003 0.001 0.002 0.006 0.017 0.003 0.152 0.003 0.000 0.003 0.007 0.001 0.016 0.010 0.002 
  91   (0.006) 0.005 0.005 0.001 0.000 0.001 0.000 0.005 0.001 0.001 0.001 0.000 0.001 0.002 0.001 0.006 0.003 0.001 

Locus 44 : 44 
7 alleles
0.2% missing data
 177   (0.078) 0.090 0.077 0.064 0.005 0.052 0.111 0.080 0.024 0.010 0.016 0.064 0.050 0.029 0.010 0.077 0.059 0.167 
 191   (0.283) 0.306 0.308 0.304 0.097 0.129 0.636 0.307 0.126 0.279 0.328 0.184 0.335 0.265 0.053 0.294 0.356 0.110 
 181   (0.571) 0.536 0.555 0.618 0.864 0.730 0.136 0.546 0.839 0.521 0.575 0.751 0.602 0.677 0.932 0.563 0.557 0.716 
 189   (0.007) 0.004 0.003 0.001 0.030 0.001 0.000 0.004 0.001 0.001 0.001 0.000 0.001 0.002 0.000 0.004 0.002 0.001 
 179   (0.042) 0.050 0.046 0.011 0.003 0.005 0.107 0.048 0.007 0.188 0.075 0.001 0.009 0.022 0.003 0.045 0.020 0.004 
 183   (0.009) 0.008 0.006 0.002 0.001 0.003 0.001 0.008 0.002 0.001 0.002 0.000 0.002 0.003 0.001 0.008 0.004 0.001 
 193   (0.010) 0.008 0.006 0.002 0.001 0.080 0.009 0.007 0.002 0.001 0.002 0.000 0.002 0.003 0.001 0.008 0.003 0.001 

Locus 45 : 45 
6 alleles
0.8% missing data
 205   (0.458) 0.488 0.505 0.536 0.405 0.552 0.310 0.488 0.528 0.247 0.533 0.504 0.407 0.352 0.868 0.481 0.537 0.553 
 211   (0.227) 0.228 0.212 0.183 0.274 0.101 0.394 0.229 0.226 0.341 0.293 0.251 0.163 0.373 0.045 0.222 0.178 0.112 
 207   (0.146) 0.135 0.126 0.092 0.201 0.232 0.071 0.139 0.209 0.018 0.055 0.127 0.182 0.093 0.065 0.135 0.090 0.192 
 201   (0.075) 0.063 0.068 0.082 0.005 0.022 0.039 0.062 0.020 0.382 0.022 0.068 0.176 0.101 0.012 0.071 0.099 0.104 
 215   (0.083) 0.078 0.071 0.104 0.114 0.092 0.179 0.073 0.015 0.010 0.096 0.049 0.069 0.078 0.010 0.077 0.051 0.038 
 202   (0.011) 0.008 0.018 0.002 0.001 0.002 0.007 0.009 0.002 0.001 0.002 0.000 0.002 0.003 0.001 0.014 0.045 0.001 

Locus 46 : 46 
10 alleles
1.0% missing data
 144   (0.064) 0.064 0.071 0.014 0.129 0.021 0.007 0.056 0.014 0.008 0.069 0.254 0.073 0.103 0.052 0.067 0.101 0.076 
 158   (0.157) 0.138 0.137 0.267 0.082 0.031 0.122 0.154 0.079 0.021 0.192 0.113 0.197 0.127 0.035 0.144 0.128 0.400 
 168   (0.142) 0.124 0.177 0.137 0.107 0.039 0.217 0.146 0.033 0.216 0.032 0.221 0.062 0.108 0.055 0.157 0.243 0.065 
 166   (0.138) 0.133 0.115 0.084 0.390 0.350 0.025 0.129 0.067 0.123 0.037 0.325 0.073 0.093 0.461 0.125 0.098 0.130 
 142   (0.361) 0.412 0.391 0.440 0.285 0.487 0.141 0.391 0.719 0.047 0.644 0.082 0.535 0.282 0.383 0.384 0.341 0.297 
 170   (0.016) 0.012 0.010 0.004 0.001 0.002 0.047 0.012 0.003 0.002 0.004 0.001 0.003 0.043 0.002 0.013 0.007 0.001 
 156   (0.028) 0.028 0.023 0.005 0.002 0.004 0.084 0.025 0.012 0.469 0.005 0.001 0.019 0.008 0.002 0.024 0.023 0.014 
 162   (0.046) 0.045 0.040 0.037 0.003 0.058 0.163 0.043 0.009 0.108 0.008 0.001 0.013 0.073 0.005 0.044 0.023 0.004 
 164   (0.041) 0.040 0.034 0.010 0.002 0.005 0.194 0.039 0.063 0.005 0.007 0.001 0.023 0.161 0.005 0.036 0.034 0.011 
 160   (0.006) 0.004 0.004 0.001 0.000 0.001 0.000 0.005 0.001 0.001 0.001 0.000 0.001 0.002 0.001 0.005 0.003 0.001 

Locus 47 : 47 
7 alleles
9.9% missing data
 149   (0.349) 0.375 0.398 0.082 0.334 0.400 0.771 0.363 0.362 0.346 0.507 0.206 0.323 0.292 0.472 0.376 0.465 0.181 
 151   (0.186) 0.170 0.154 0.372 0.012 0.108 0.087 0.171 0.167 0.083 0.355 0.207 0.208 0.160 0.120 0.168 0.138 0.584 
 153   (0.191) 0.206 0.186 0.177 0.024 0.420 0.042 0.201 0.310 0.029 0.070 0.367 0.296 0.142 0.102 0.189 0.141 0.132 
 147   (0.028) 0.022 0.020 0.005 0.002 0.004 0.002 0.023 0.006 0.004 0.007 0.034 0.007 0.071 0.003 0.024 0.019 0.030 
 145   (0.224) 0.211 0.228 0.360 0.627 0.065 0.041 0.225 0.152 0.534 0.055 0.183 0.160 0.300 0.301 0.224 0.224 0.070 
 152   (0.006) 0.004 0.004 0.001 0.000 0.001 0.001 0.004 0.001 0.001 0.003 0.002 0.002 0.003 0.001 0.005 0.005 0.001 
 143   (0.016) 0.012 0.010 0.003 0.001 0.002 0.057 0.013 0.003 0.002 0.003 0.000 0.003 0.032 0.001 0.014 0.008 0.001 

Values of parameters used in structure:
DATAFILE=temp2.str,	OUTFILE=k17/temp2_k17_run5,	NUMINDS=486,	NUMLOCI=47,	MISSING=-9,	LABEL=1,	POPDATA=1,	POPFLAG=0,	PHENOTYPE=0,	EXTRACOLS=0,	MAXPOPS=17,	BURNIN=500000,	NUMREPS=750000,	USEPOPINFO=0,	INFERALPHA=1,	INFERLAMBDA=0,	POPSPECIFICLAMBDA=0,	POPALPHAS=0,	COMPUTEPROB=1,	NOADMIX=0,	ADMBURNIN=500,	UPDATEFREQ=100,	PRINTLIKES=0,	INTERMEDSAVE=0,	PRINTKLD=0,	PRINTNET=1,	PRINTLAMBDA=1,	ANCESTDIST=0,	NUMBOXES=1000,	ANCESTPINT=0.90000,	GENSBACK=2,	MIGRPRIOR=0.01000,	PRINTQHAT=0,	PRINTQSUM=1,	ALPHA=1.0000,	FREQSCORR=1,	FPRIORMEAN=0.0100,	FPRIORSD=0.0500,	ONEFST=0,	LAMBDA=1.0000,	UNIFPRIORALPHA=1,	ALPHAMAX=10.0000,	ALPHAPRIORA=1.0000,	ALPHAPRIORB=2.0000,	ALPHAPROPSD=0.0250,	STARTATPOPINFO=0,	RANDOMIZE=0,	LINKAGE=0,	METROFREQ=10,	REPORTHITRATE=0,	MARKOVPHASE=0,	PHASED=1,	PLOIDY=2,	PHASEINFO=0	LOCPRIOR=0, 	LOCPRIORINIT=1.000000, 	LOCDATA=0, 	LOCISPOP=1, 	LOCPRIORSTEP=0.100000, 	MAXLOCPRIOR=20.000000, 	SEED=264706,	
[STRAT parameters]:    NUMSIMSTATS=1000,	PHENOTYPECOL=-9,	POOLFREQ=10,	LOCUSxONLY=0,	EMERROR=0.00100,	MISSINGPHENO=-9,	