

----------------------------------------------------
STRUCTURE by Pritchard, Stephens and Donnelly (2000)
     and Falush, Stephens and Pritchard (2003)
       Code by Pritchard, Falush and Hubisz
             Version 2.3.4 (Jul 2012)
----------------------------------------------------



Command line arguments:   structure -D 787515 -K 16 -m mainparams -o k16/temp2_k16_run10 
Input File:    temp2.str

Run parameters:
   486 individuals
   47 loci
   16 populations assumed
   500000 Burn-in period
   750000 Reps
RANDOMIZE turned off


--------------------------------------------
Proportion of membership of each pre-defined
 population in each of the 16 clusters

Given    Inferred Clusters                                                                                                  Number of
 Pop       1      2      3      4      5      6      7      8      9     10     11     12     13     14     15     16      Individuals

  1:     0.030  0.042  0.010  0.006  0.010  0.010  0.010  0.812  0.012  0.009  0.010  0.009  0.010  0.013  0.004  0.003       63
  2:     0.012  0.852  0.006  0.006  0.007  0.006  0.007  0.056  0.005  0.009  0.006  0.004  0.006  0.008  0.006  0.002       20
  3:     0.004  0.003  0.004  0.006  0.003  0.004  0.004  0.003  0.004  0.003  0.004  0.004  0.004  0.004  0.007  0.937       36
  4:     0.107  0.093  0.016  0.008  0.010  0.019  0.019  0.609  0.015  0.012  0.020  0.006  0.017  0.041  0.005  0.003       21
  5:     0.503  0.035  0.009  0.006  0.014  0.006  0.007  0.369  0.006  0.008  0.006  0.005  0.008  0.012  0.003  0.003       31
  6:     0.018  0.032  0.006  0.005  0.014  0.009  0.008  0.844  0.020  0.009  0.009  0.004  0.007  0.006  0.005  0.003       21
  7:     0.011  0.010  0.016  0.023  0.005  0.015  0.018  0.011  0.042  0.020  0.017  0.011  0.017  0.774  0.004  0.005       25
  8:     0.108  0.019  0.036  0.042  0.012  0.039  0.032  0.477  0.021  0.018  0.035  0.009  0.030  0.019  0.010  0.093        8
  9:     0.014  0.036  0.007  0.004  0.337  0.008  0.008  0.515  0.010  0.025  0.008  0.005  0.008  0.008  0.005  0.002       17
 10:     0.004  0.006  0.005  0.005  0.003  0.004  0.005  0.004  0.004  0.005  0.004  0.934  0.005  0.006  0.003  0.003       29
 11:     0.002  0.002  0.002  0.002  0.003  0.003  0.003  0.002  0.002  0.002  0.003  0.002  0.003  0.002  0.962  0.006        9
 12:     0.015  0.008  0.133  0.028  0.009  0.147  0.167  0.010  0.055  0.021  0.141  0.014  0.165  0.059  0.009  0.019       26
 13:     0.013  0.012  0.148  0.047  0.012  0.098  0.109  0.012  0.114  0.143  0.102  0.012  0.131  0.027  0.009  0.012       74
 14:     0.011  0.011  0.066  0.070  0.010  0.084  0.073  0.018  0.119  0.344  0.077  0.012  0.067  0.020  0.007  0.012       35
 15:     0.015  0.013  0.025  0.015  0.007  0.048  0.043  0.030  0.213  0.465  0.048  0.008  0.029  0.026  0.008  0.008       24
 16:     0.012  0.011  0.157  0.011  0.007  0.140  0.164  0.022  0.049  0.027  0.144  0.025  0.164  0.036  0.009  0.023       43
 17:     0.011  0.027  0.069  0.013  0.046  0.288  0.183  0.011  0.015  0.009  0.202  0.009  0.097  0.011  0.002  0.006        4
--------------------------------------------

Allele-freq. divergence among pops (Net nucleotide distance),
computed using point estimates of P.

      1       2       3       4       5       6       7       8       9      10      11      12      13      14      15      16      
 1      -    0.0707  0.0443  0.0830  0.1380  0.0422  0.0410  0.0447  0.0630  0.0664  0.0419  0.0974  0.0421  0.0596  0.1465  0.1409  
 2   0.0707     -    0.0591  0.0933  0.1259  0.0540  0.0533  0.0345  0.0675  0.0633  0.0535  0.0970  0.0565  0.0672  0.1747  0.1757  
 3   0.0443  0.0591     -    0.0562  0.1052  0.0053  0.0041  0.0302  0.0207  0.0247  0.0049  0.0598  0.0008  0.0213  0.1037  0.0871  
 4   0.0830  0.0933  0.0562     -    0.1504  0.0498  0.0488  0.0785  0.0586  0.0660  0.0491  0.1080  0.0524  0.0607  0.1684  0.1330  
 5   0.1380  0.1259  0.1052  0.1504     -    0.1010  0.1004  0.1045  0.1270  0.1295  0.0999  0.1602  0.1031  0.1214  0.2019  0.2155  
 6   0.0422  0.0540  0.0053  0.0498  0.1010     -    0.0003  0.0310  0.0172  0.0201  0.0001  0.0563  0.0024  0.0213  0.1031  0.0853  
 7   0.0410  0.0533  0.0041  0.0488  0.1004  0.0003     -    0.0299  0.0168  0.0201  0.0003  0.0548  0.0015  0.0194  0.0998  0.0829  
 8   0.0447  0.0345  0.0302  0.0785  0.1045  0.0310  0.0299     -    0.0490  0.0498  0.0303  0.0821  0.0298  0.0448  0.1422  0.1429  
 9   0.0630  0.0675  0.0207  0.0586  0.1270  0.0172  0.0168  0.0490     -    0.0226  0.0169  0.0748  0.0182  0.0378  0.1259  0.1129  
10   0.0664  0.0633  0.0247  0.0660  0.1295  0.0201  0.0201  0.0498  0.0226     -    0.0200  0.0714  0.0221  0.0383  0.1302  0.1274  
11   0.0419  0.0535  0.0049  0.0491  0.0999  0.0001  0.0003  0.0303  0.0169  0.0200     -    0.0560  0.0023  0.0212  0.1021  0.0845  
12   0.0974  0.0970  0.0598  0.1080  0.1602  0.0563  0.0548  0.0821  0.0748  0.0714  0.0560     -    0.0571  0.0615  0.1339  0.1228  
13   0.0421  0.0565  0.0008  0.0524  0.1031  0.0024  0.0015  0.0298  0.0182  0.0221  0.0023  0.0571     -    0.0196  0.1011  0.0843  
14   0.0596  0.0672  0.0213  0.0607  0.1214  0.0213  0.0194  0.0448  0.0378  0.0383  0.0212  0.0615  0.0196     -    0.1073  0.1050  
15   0.1465  0.1747  0.1037  0.1684  0.2019  0.1031  0.0998  0.1422  0.1259  0.1302  0.1021  0.1339  0.1011  0.1073     -    0.1135  
16   0.1409  0.1757  0.0871  0.1330  0.2155  0.0853  0.0829  0.1429  0.1129  0.1274  0.0845  0.1228  0.0843  0.1050  0.1135     -    

Average distances (expected heterozygosity) between individuals in same cluster:
cluster  1  : 0.5335 
cluster  2  : 0.4796 
cluster  3  : 0.6239 
cluster  4  : 0.5354 
cluster  5  : 0.4327 
cluster  6  : 0.6362 
cluster  7  : 0.6416 
cluster  8  : 0.5428 
cluster  9  : 0.5823 
cluster 10  : 0.5643 
cluster 11  : 0.6384 
cluster 12  : 0.5440 
cluster 13  : 0.6333 
cluster 14  : 0.5954 
cluster 15  : 0.5324 
cluster 16  : 0.6316 

--------------------------------------------
Estimated Ln Prob of Data   = -52314.5
Mean value of ln likelihood = -49976.6
Variance of ln likelihood   = 4675.9
Mean value of alpha         = 0.0341

Mean value of Fst_1         = 0.1889
Mean value of Fst_2         = 0.2260
Mean value of Fst_3         = 0.0454
Mean value of Fst_4         = 0.2436
Mean value of Fst_5         = 0.4070
Mean value of Fst_6         = 0.0385
Mean value of Fst_7         = 0.0231
Mean value of Fst_8         = 0.1432
Mean value of Fst_9         = 0.1005
Mean value of Fst_10         = 0.1009
Mean value of Fst_11         = 0.0405
Mean value of Fst_12         = 0.2149
Mean value of Fst_13         = 0.0369
Mean value of Fst_14         = 0.0935
Mean value of Fst_15         = 0.3107
Mean value of Fst_16         = 0.1904


Inferred ancestry of individuals:
        Label (%Miss) Pop:  Inferred clusters
  1      221    (0)    1 :  0.006 0.006 0.006 0.003 0.004 0.006 0.006 0.917 0.006 0.007 0.006 0.002 0.006 0.014 0.003 0.003 
  2      222    (0)    1 :  0.459 0.028 0.008 0.010 0.006 0.010 0.010 0.416 0.007 0.006 0.010 0.009 0.008 0.006 0.004 0.004 
  3      223    (0)    1 :  0.005 0.007 0.014 0.005 0.006 0.008 0.008 0.897 0.008 0.007 0.008 0.002 0.011 0.007 0.003 0.005 
  4      224    (0)    1 :  0.005 0.035 0.003 0.004 0.006 0.003 0.003 0.917 0.002 0.003 0.003 0.006 0.003 0.004 0.001 0.001 
  5      225    (0)    1 :  0.005 0.005 0.005 0.003 0.003 0.004 0.004 0.947 0.003 0.003 0.004 0.003 0.004 0.003 0.002 0.002 
  6      226    (0)    1 :  0.003 0.010 0.009 0.007 0.004 0.004 0.005 0.919 0.003 0.003 0.004 0.002 0.007 0.012 0.006 0.001 
  7      227    (0)    1 :  0.003 0.020 0.016 0.004 0.005 0.010 0.011 0.824 0.007 0.005 0.010 0.005 0.014 0.041 0.017 0.008 
  8      228    (0)    1 :  0.007 0.118 0.011 0.011 0.015 0.012 0.012 0.741 0.013 0.015 0.014 0.005 0.011 0.008 0.003 0.005 
  9      234    (0)    1 :  0.007 0.010 0.004 0.004 0.004 0.004 0.004 0.937 0.004 0.005 0.004 0.002 0.004 0.003 0.002 0.001 
 10      235    (0)    1 :  0.007 0.009 0.003 0.002 0.004 0.004 0.004 0.946 0.003 0.003 0.004 0.002 0.003 0.004 0.003 0.001 
 11      236    (0)    1 :  0.003 0.040 0.003 0.002 0.020 0.003 0.003 0.907 0.002 0.002 0.003 0.002 0.003 0.005 0.002 0.002 
 12      237    (0)    1 :  0.008 0.010 0.004 0.004 0.003 0.004 0.004 0.937 0.006 0.004 0.004 0.002 0.004 0.003 0.001 0.002 
 13      238    (0)    1 :  0.031 0.012 0.009 0.004 0.003 0.007 0.008 0.845 0.013 0.005 0.008 0.012 0.008 0.024 0.003 0.006 
 14      239    (0)    1 :  0.013 0.307 0.055 0.010 0.025 0.027 0.031 0.323 0.009 0.013 0.026 0.011 0.045 0.099 0.006 0.002 
 15      240    (0)    1 :  0.005 0.010 0.004 0.004 0.007 0.004 0.004 0.935 0.003 0.004 0.004 0.003 0.003 0.006 0.002 0.001 
 16      242    (0)    1 :  0.211 0.015 0.108 0.008 0.003 0.038 0.060 0.358 0.027 0.013 0.052 0.002 0.089 0.012 0.001 0.001 
 17      243    (0)    1 :  0.017 0.109 0.015 0.010 0.006 0.019 0.018 0.693 0.008 0.005 0.018 0.019 0.016 0.028 0.016 0.002 
 18      244    (0)    1 :  0.011 0.007 0.012 0.003 0.002 0.007 0.007 0.895 0.003 0.002 0.006 0.003 0.009 0.019 0.011 0.003 
 19      245    (0)    1 :  0.004 0.014 0.010 0.007 0.051 0.016 0.014 0.783 0.012 0.017 0.016 0.007 0.010 0.012 0.009 0.019 
 20      246    (0)    1 :  0.009 0.009 0.003 0.003 0.003 0.005 0.004 0.937 0.003 0.002 0.005 0.003 0.003 0.003 0.004 0.003 
 21      248    (0)    1 :  0.021 0.005 0.007 0.002 0.007 0.006 0.006 0.901 0.004 0.003 0.006 0.018 0.006 0.004 0.002 0.002 
 22      249    (0)    1 :  0.002 0.010 0.002 0.004 0.002 0.002 0.002 0.958 0.002 0.002 0.002 0.002 0.002 0.004 0.001 0.001 
 23      250    (0)    1 :  0.006 0.382 0.015 0.005 0.015 0.022 0.021 0.428 0.028 0.012 0.020 0.008 0.017 0.012 0.005 0.005 
 24      251    (0)    1 :  0.014 0.024 0.005 0.002 0.006 0.006 0.005 0.898 0.008 0.009 0.006 0.003 0.005 0.004 0.004 0.001 
 25      252    (0)    1 :  0.003 0.018 0.008 0.009 0.005 0.007 0.008 0.848 0.022 0.011 0.007 0.037 0.008 0.006 0.001 0.002 
 26      253    (0)    1 :  0.003 0.317 0.027 0.004 0.009 0.025 0.032 0.458 0.006 0.003 0.028 0.028 0.028 0.011 0.004 0.016 
 27      254    (0)    1 :  0.004 0.015 0.006 0.003 0.004 0.007 0.006 0.921 0.005 0.004 0.006 0.003 0.006 0.008 0.002 0.001 
 28      255    (0)    1 :  0.153 0.009 0.013 0.004 0.018 0.016 0.018 0.675 0.007 0.007 0.014 0.006 0.014 0.041 0.002 0.003 
 29      256    (0)    1 :  0.037 0.005 0.006 0.011 0.003 0.009 0.009 0.881 0.008 0.004 0.009 0.002 0.007 0.003 0.002 0.004 
 30      257    (0)    1 :  0.004 0.003 0.007 0.003 0.003 0.007 0.006 0.915 0.007 0.009 0.007 0.008 0.007 0.012 0.003 0.002 
 31      258    (0)    1 :  0.019 0.015 0.008 0.003 0.010 0.008 0.008 0.872 0.011 0.011 0.008 0.003 0.008 0.010 0.002 0.004 
 32      259    (0)    1 :  0.011 0.053 0.011 0.005 0.002 0.024 0.016 0.812 0.007 0.010 0.025 0.003 0.010 0.007 0.002 0.002 
 33      260    (0)    1 :  0.005 0.043 0.005 0.003 0.033 0.006 0.007 0.747 0.007 0.004 0.007 0.090 0.006 0.031 0.006 0.002 
 34      261    (0)    1 :  0.006 0.030 0.010 0.006 0.003 0.016 0.017 0.707 0.074 0.069 0.015 0.011 0.014 0.021 0.002 0.002 
 35      262    (0)    1 :  0.006 0.015 0.002 0.002 0.002 0.002 0.002 0.952 0.002 0.003 0.002 0.002 0.002 0.002 0.001 0.001 
 36      263    (0)    1 :  0.011 0.007 0.005 0.004 0.005 0.005 0.005 0.876 0.006 0.004 0.005 0.022 0.005 0.034 0.004 0.003 
 37      264    (0)    1 :  0.009 0.029 0.004 0.014 0.003 0.005 0.005 0.898 0.005 0.006 0.005 0.003 0.005 0.006 0.001 0.001 
 38      265    (0)    1 :  0.023 0.019 0.004 0.005 0.007 0.006 0.006 0.838 0.004 0.007 0.005 0.047 0.005 0.022 0.001 0.001 
 39      266    (0)    1 :  0.008 0.110 0.003 0.003 0.007 0.004 0.004 0.837 0.003 0.003 0.004 0.003 0.004 0.003 0.001 0.001 
 40      267    (0)    1 :  0.017 0.006 0.004 0.003 0.002 0.003 0.003 0.943 0.002 0.003 0.003 0.001 0.004 0.003 0.002 0.001 
 41      268    (0)    1 :  0.004 0.056 0.009 0.004 0.004 0.007 0.008 0.797 0.012 0.005 0.007 0.063 0.007 0.008 0.008 0.001 
 42      269    (0)    1 :  0.007 0.023 0.003 0.002 0.020 0.003 0.003 0.915 0.003 0.004 0.003 0.003 0.003 0.004 0.001 0.001 
 43      270    (0)    1 :  0.003 0.005 0.003 0.018 0.003 0.003 0.003 0.939 0.003 0.004 0.003 0.002 0.003 0.005 0.002 0.001 
 44      271    (0)    1 :  0.009 0.007 0.023 0.006 0.060 0.024 0.025 0.724 0.027 0.012 0.021 0.011 0.031 0.012 0.003 0.007 
 45      272    (0)    1 :  0.421 0.023 0.016 0.021 0.013 0.040 0.035 0.309 0.011 0.028 0.038 0.004 0.023 0.008 0.007 0.001 
 46      273    (0)    1 :  0.013 0.057 0.017 0.021 0.011 0.016 0.016 0.739 0.007 0.017 0.015 0.003 0.016 0.046 0.002 0.003 
 47      274    (0)    1 :  0.003 0.007 0.004 0.003 0.006 0.004 0.004 0.929 0.006 0.007 0.004 0.005 0.004 0.007 0.003 0.002 
 48      275    (2)    1 :  0.006 0.003 0.004 0.003 0.003 0.003 0.003 0.951 0.003 0.004 0.003 0.002 0.004 0.005 0.001 0.001 
 49      276    (0)    1 :  0.004 0.005 0.005 0.004 0.004 0.005 0.005 0.931 0.009 0.007 0.005 0.004 0.005 0.004 0.002 0.001 
 50      277    (0)    1 :  0.003 0.023 0.009 0.008 0.016 0.024 0.016 0.718 0.108 0.027 0.022 0.002 0.010 0.009 0.001 0.001 
 51      278    (0)    1 :  0.012 0.009 0.010 0.002 0.005 0.010 0.008 0.839 0.054 0.014 0.008 0.005 0.012 0.005 0.007 0.001 
 52      279    (0)    1 :  0.021 0.121 0.013 0.005 0.003 0.019 0.017 0.741 0.009 0.005 0.017 0.003 0.016 0.007 0.002 0.002 
 53      280    (0)    1 :  0.007 0.070 0.015 0.003 0.078 0.015 0.015 0.690 0.018 0.022 0.016 0.006 0.014 0.024 0.003 0.002 
 54      287    (0)    1 :  0.004 0.032 0.011 0.006 0.003 0.019 0.017 0.824 0.010 0.009 0.020 0.006 0.013 0.016 0.005 0.003 
 55      290    (0)    1 :  0.037 0.006 0.007 0.013 0.005 0.014 0.010 0.853 0.008 0.009 0.011 0.002 0.008 0.009 0.006 0.002 
 56      291    (0)    1 :  0.003 0.043 0.008 0.003 0.016 0.016 0.013 0.799 0.020 0.029 0.019 0.007 0.009 0.008 0.003 0.002 
 57      295    (0)    1 :  0.008 0.146 0.004 0.004 0.003 0.005 0.005 0.771 0.009 0.024 0.005 0.003 0.005 0.006 0.001 0.001 
 58      296    (0)    1 :  0.006 0.008 0.006 0.010 0.005 0.004 0.004 0.929 0.005 0.003 0.004 0.004 0.005 0.003 0.003 0.002 
 59      872    (2)    1 :  0.114 0.059 0.005 0.005 0.004 0.005 0.006 0.753 0.007 0.004 0.006 0.008 0.006 0.005 0.007 0.005 
 60      873    (4)    1 :  0.019 0.010 0.009 0.017 0.009 0.009 0.011 0.866 0.008 0.003 0.011 0.003 0.009 0.011 0.004 0.003 
 61      874    (2)    1 :  0.012 0.018 0.006 0.004 0.002 0.005 0.004 0.901 0.019 0.009 0.005 0.003 0.005 0.005 0.001 0.001 
 62      875    (0)    1 :  0.014 0.009 0.005 0.003 0.006 0.005 0.005 0.904 0.004 0.005 0.005 0.002 0.006 0.006 0.017 0.003 
 63      876    (6)    1 :  0.004 0.007 0.012 0.004 0.004 0.007 0.007 0.885 0.011 0.011 0.006 0.011 0.010 0.019 0.001 0.002 
 64      212    (0)   10 :  0.004 0.003 0.003 0.003 0.002 0.003 0.003 0.002 0.003 0.004 0.003 0.962 0.003 0.002 0.001 0.002 
 65      213    (0)   10 :  0.002 0.002 0.005 0.003 0.008 0.004 0.004 0.006 0.007 0.006 0.004 0.937 0.004 0.003 0.003 0.002 
 66      214    (0)   10 :  0.006 0.002 0.006 0.002 0.002 0.005 0.005 0.004 0.004 0.004 0.005 0.939 0.006 0.006 0.001 0.003 
 67      215    (0)   10 :  0.004 0.005 0.004 0.003 0.003 0.004 0.004 0.006 0.004 0.006 0.004 0.940 0.004 0.004 0.003 0.002 
 68      216    (0)   10 :  0.002 0.009 0.003 0.003 0.004 0.003 0.003 0.004 0.004 0.004 0.004 0.948 0.003 0.003 0.002 0.001 
 69      217    (0)   10 :  0.004 0.006 0.008 0.006 0.004 0.005 0.005 0.004 0.004 0.004 0.005 0.930 0.007 0.003 0.002 0.002 
 70      218    (0)   10 :  0.002 0.005 0.003 0.004 0.002 0.003 0.003 0.003 0.003 0.003 0.003 0.957 0.003 0.003 0.002 0.003 
 71      332    (0)   10 :  0.007 0.011 0.009 0.032 0.003 0.008 0.007 0.008 0.008 0.009 0.008 0.858 0.008 0.015 0.005 0.002 
 72      333    (0)   10 :  0.015 0.013 0.012 0.006 0.004 0.010 0.012 0.009 0.004 0.007 0.010 0.841 0.013 0.025 0.010 0.008 
 73      334    (0)   10 :  0.002 0.025 0.005 0.006 0.003 0.004 0.004 0.005 0.005 0.005 0.004 0.916 0.005 0.007 0.003 0.002 
 74      335    (0)   10 :  0.002 0.003 0.003 0.002 0.001 0.003 0.003 0.002 0.002 0.006 0.003 0.962 0.003 0.003 0.002 0.002 
 75      336    (0)   10 :  0.005 0.003 0.002 0.003 0.004 0.002 0.002 0.003 0.003 0.002 0.002 0.945 0.002 0.005 0.014 0.002 
 76      337    (0)   10 :  0.008 0.014 0.005 0.002 0.002 0.004 0.004 0.007 0.003 0.003 0.004 0.924 0.005 0.010 0.002 0.003 
 77      673    (0)   10 :  0.001 0.002 0.001 0.001 0.001 0.001 0.001 0.002 0.001 0.002 0.001 0.979 0.001 0.002 0.001 0.001 
 78      674    (0)   10 :  0.005 0.005 0.004 0.008 0.002 0.005 0.005 0.003 0.004 0.004 0.005 0.938 0.004 0.005 0.002 0.002 
 79      675    (0)   10 :  0.002 0.003 0.003 0.003 0.004 0.004 0.004 0.003 0.006 0.005 0.004 0.942 0.004 0.005 0.004 0.002 
 80      676    (0)   10 :  0.002 0.003 0.006 0.005 0.001 0.004 0.004 0.003 0.006 0.009 0.004 0.936 0.006 0.006 0.001 0.002 
 81      677    (0)   10 :  0.002 0.011 0.004 0.002 0.002 0.003 0.003 0.005 0.003 0.004 0.003 0.944 0.004 0.004 0.003 0.002 
 82      678    (0)   10 :  0.011 0.005 0.008 0.003 0.004 0.012 0.010 0.008 0.007 0.007 0.011 0.897 0.008 0.003 0.004 0.003 
 83      679    (0)   10 :  0.002 0.006 0.005 0.014 0.001 0.006 0.006 0.004 0.005 0.003 0.007 0.902 0.006 0.007 0.002 0.025 
 84      680    (0)   10 :  0.003 0.010 0.004 0.007 0.003 0.005 0.005 0.004 0.007 0.007 0.005 0.917 0.005 0.012 0.005 0.002 
 85      681    (0)   10 :  0.003 0.010 0.007 0.005 0.002 0.005 0.005 0.006 0.005 0.004 0.005 0.927 0.006 0.006 0.002 0.002 
 86      682    (0)   10 :  0.002 0.002 0.002 0.002 0.003 0.002 0.002 0.002 0.002 0.002 0.002 0.967 0.002 0.002 0.004 0.002 
 87      683    (0)   10 :  0.003 0.013 0.005 0.006 0.003 0.005 0.006 0.004 0.004 0.004 0.005 0.925 0.006 0.007 0.002 0.002 
 88      684    (0)   10 :  0.003 0.003 0.004 0.003 0.002 0.005 0.005 0.002 0.005 0.006 0.005 0.940 0.005 0.006 0.003 0.002 
 89      685    (0)   10 :  0.006 0.002 0.005 0.003 0.003 0.006 0.006 0.003 0.003 0.003 0.006 0.933 0.005 0.009 0.003 0.004 
 90      686    (0)   10 :  0.002 0.002 0.002 0.002 0.002 0.002 0.002 0.002 0.002 0.002 0.002 0.965 0.002 0.003 0.003 0.004 
 91      687    (0)   10 :  0.002 0.002 0.002 0.002 0.002 0.002 0.002 0.002 0.002 0.003 0.002 0.967 0.002 0.004 0.002 0.001 
 92      688    (0)   10 :  0.004 0.003 0.004 0.004 0.003 0.003 0.003 0.008 0.006 0.008 0.003 0.936 0.004 0.006 0.002 0.001 
 93      070    (0)   11 :  0.004 0.002 0.004 0.002 0.001 0.004 0.004 0.003 0.003 0.003 0.004 0.002 0.004 0.003 0.951 0.008 
 94      071    (0)   11 :  0.002 0.002 0.003 0.002 0.005 0.003 0.003 0.002 0.003 0.003 0.003 0.006 0.003 0.004 0.955 0.001 
 95      072    (0)   11 :  0.002 0.001 0.002 0.001 0.003 0.002 0.002 0.002 0.001 0.002 0.002 0.001 0.002 0.002 0.971 0.005 
 96      151    (0)   11 :  0.001 0.001 0.001 0.001 0.001 0.001 0.001 0.001 0.002 0.002 0.001 0.002 0.001 0.002 0.978 0.002 
 97      152    (0)   11 :  0.002 0.003 0.005 0.002 0.005 0.005 0.005 0.003 0.003 0.005 0.005 0.002 0.005 0.004 0.944 0.002 
 98      153    (2)   11 :  0.002 0.001 0.001 0.001 0.001 0.001 0.001 0.001 0.001 0.001 0.001 0.001 0.001 0.002 0.978 0.002 
 99      788    (4)   11 :  0.001 0.003 0.002 0.001 0.003 0.003 0.003 0.002 0.003 0.003 0.003 0.002 0.002 0.002 0.939 0.027 
100      789    (2)   11 :  0.002 0.002 0.002 0.001 0.002 0.002 0.002 0.002 0.002 0.002 0.002 0.003 0.002 0.002 0.971 0.002 
101      790    (0)   11 :  0.002 0.002 0.002 0.001 0.003 0.002 0.002 0.002 0.001 0.002 0.002 0.001 0.002 0.002 0.972 0.001 
102      010    (0)   12 :  0.007 0.003 0.130 0.007 0.007 0.227 0.180 0.005 0.009 0.004 0.139 0.004 0.254 0.009 0.002 0.012 
103      024    (0)   12 :  0.006 0.005 0.094 0.008 0.005 0.153 0.259 0.006 0.015 0.016 0.194 0.010 0.171 0.010 0.006 0.044 
104      051    (0)   12 :  0.007 0.005 0.095 0.005 0.004 0.125 0.126 0.005 0.008 0.006 0.114 0.008 0.162 0.269 0.012 0.050 
105      090    (0)   12 :  0.009 0.005 0.149 0.013 0.003 0.153 0.201 0.007 0.012 0.012 0.154 0.005 0.181 0.065 0.007 0.024 
106      102    (0)   12 :  0.030 0.013 0.076 0.012 0.004 0.201 0.152 0.030 0.146 0.036 0.187 0.003 0.089 0.017 0.002 0.002 
107      111    (0)   12 :  0.022 0.003 0.123 0.005 0.073 0.193 0.180 0.006 0.017 0.011 0.145 0.004 0.201 0.011 0.002 0.004 
108      113    (0)   12 :  0.036 0.006 0.091 0.007 0.003 0.242 0.154 0.005 0.035 0.038 0.165 0.005 0.117 0.084 0.006 0.005 
109      138    (0)   12 :  0.003 0.003 0.383 0.003 0.002 0.047 0.084 0.011 0.011 0.012 0.058 0.078 0.236 0.017 0.045 0.006 
110      150    (0)   12 :  0.006 0.004 0.044 0.005 0.002 0.024 0.022 0.023 0.653 0.031 0.028 0.004 0.036 0.073 0.015 0.030 
111      173    (2)   12 :  0.007 0.009 0.058 0.042 0.007 0.084 0.185 0.005 0.018 0.040 0.163 0.013 0.104 0.221 0.021 0.023 
112      174    (2)   12 :  0.027 0.004 0.219 0.005 0.004 0.209 0.131 0.008 0.004 0.005 0.145 0.003 0.170 0.014 0.022 0.028 
113      175    (0)   12 :  0.014 0.002 0.084 0.006 0.002 0.156 0.229 0.003 0.019 0.006 0.189 0.003 0.178 0.033 0.006 0.071 
114      176    (0)   12 :  0.014 0.011 0.057 0.003 0.006 0.311 0.219 0.014 0.017 0.005 0.213 0.010 0.105 0.007 0.004 0.004 
115      177    (0)   12 :  0.008 0.003 0.086 0.004 0.002 0.166 0.140 0.003 0.009 0.022 0.128 0.002 0.119 0.296 0.003 0.009 
116      180    (0)   12 :  0.101 0.013 0.143 0.005 0.005 0.115 0.139 0.024 0.005 0.005 0.122 0.007 0.177 0.135 0.004 0.002 
117      184    (0)   12 :  0.004 0.009 0.319 0.041 0.005 0.056 0.113 0.005 0.081 0.017 0.095 0.005 0.210 0.015 0.015 0.010 
118      195    (0)   12 :  0.003 0.013 0.116 0.006 0.031 0.146 0.226 0.004 0.018 0.012 0.159 0.014 0.224 0.014 0.005 0.007 
119      198    (0)   12 :  0.017 0.005 0.258 0.003 0.035 0.118 0.156 0.011 0.014 0.006 0.108 0.006 0.233 0.019 0.003 0.009 
120      203    (0)   12 :  0.009 0.009 0.155 0.008 0.003 0.137 0.207 0.006 0.023 0.007 0.090 0.005 0.321 0.010 0.008 0.002 
121      211    (0)   12 :  0.004 0.028 0.055 0.004 0.003 0.218 0.204 0.020 0.046 0.020 0.201 0.076 0.107 0.008 0.003 0.004 
122      220    (0)   12 :  0.009 0.003 0.092 0.010 0.007 0.114 0.146 0.004 0.227 0.028 0.123 0.010 0.133 0.085 0.002 0.005 
123      233    (0)   12 :  0.003 0.015 0.077 0.032 0.002 0.100 0.208 0.008 0.005 0.192 0.158 0.043 0.128 0.019 0.006 0.002 
124      331    (0)   12 :  0.006 0.007 0.136 0.008 0.009 0.153 0.220 0.005 0.014 0.006 0.132 0.004 0.236 0.032 0.007 0.026 
125      349    (0)   12 :  0.010 0.004 0.039 0.476 0.006 0.062 0.082 0.010 0.009 0.009 0.078 0.006 0.055 0.040 0.009 0.106 
126      410    (0)   12 :  0.011 0.004 0.252 0.005 0.003 0.071 0.206 0.010 0.005 0.005 0.149 0.027 0.224 0.020 0.003 0.006 
127      417    (2)   12 :  0.007 0.017 0.137 0.008 0.006 0.241 0.164 0.025 0.015 0.005 0.230 0.005 0.127 0.007 0.002 0.005 
128      421    (0)   13 :  0.003 0.007 0.011 0.010 0.091 0.009 0.009 0.008 0.007 0.815 0.007 0.004 0.010 0.004 0.002 0.001 
129      423    (0)   13 :  0.009 0.004 0.122 0.024 0.003 0.105 0.262 0.006 0.019 0.004 0.187 0.002 0.229 0.009 0.008 0.008 
130      424    (0)   13 :  0.030 0.015 0.147 0.007 0.005 0.057 0.098 0.013 0.007 0.008 0.082 0.003 0.120 0.395 0.002 0.011 
131      433    (0)   13 :  0.004 0.004 0.103 0.004 0.002 0.168 0.076 0.004 0.230 0.123 0.164 0.016 0.084 0.008 0.002 0.008 
132      462    (0)   13 :  0.009 0.003 0.091 0.014 0.007 0.176 0.177 0.009 0.034 0.065 0.176 0.023 0.123 0.084 0.002 0.005 
133      463    (0)   13 :  0.005 0.006 0.133 0.060 0.020 0.156 0.189 0.016 0.013 0.007 0.157 0.004 0.192 0.008 0.003 0.032 
134      467    (0)   13 :  0.005 0.061 0.009 0.012 0.004 0.013 0.014 0.012 0.093 0.712 0.014 0.011 0.010 0.012 0.009 0.008 
135      468    (0)   13 :  0.006 0.012 0.007 0.806 0.028 0.009 0.010 0.019 0.033 0.037 0.009 0.002 0.009 0.008 0.003 0.002 
136      469    (0)   13 :  0.008 0.010 0.067 0.004 0.031 0.174 0.128 0.056 0.108 0.128 0.198 0.002 0.077 0.005 0.002 0.002 
137      472    (0)   13 :  0.002 0.009 0.088 0.007 0.014 0.222 0.234 0.007 0.021 0.010 0.253 0.007 0.087 0.010 0.004 0.023 
138      473    (0)   13 :  0.004 0.008 0.023 0.810 0.005 0.027 0.026 0.002 0.009 0.007 0.025 0.008 0.024 0.006 0.003 0.011 
139      474    (0)   13 :  0.003 0.005 0.003 0.015 0.002 0.003 0.003 0.005 0.939 0.004 0.003 0.005 0.003 0.004 0.001 0.001 
140      475    (0)   13 :  0.006 0.003 0.105 0.031 0.003 0.168 0.148 0.004 0.057 0.167 0.122 0.003 0.162 0.010 0.003 0.009 
141      476    (2)   13 :  0.006 0.003 0.004 0.019 0.002 0.006 0.006 0.003 0.895 0.008 0.005 0.011 0.006 0.005 0.008 0.012 
142      477    (0)   13 :  0.004 0.003 0.063 0.012 0.003 0.326 0.179 0.007 0.012 0.009 0.306 0.018 0.036 0.007 0.005 0.010 
143      478    (0)   13 :  0.076 0.042 0.069 0.005 0.003 0.184 0.210 0.009 0.012 0.062 0.177 0.002 0.128 0.016 0.002 0.003 
144      479    (0)   13 :  0.004 0.008 0.193 0.005 0.015 0.011 0.012 0.013 0.602 0.012 0.013 0.003 0.096 0.009 0.003 0.001 
145      480    (0)   13 :  0.004 0.002 0.007 0.014 0.001 0.006 0.007 0.003 0.009 0.924 0.006 0.002 0.007 0.005 0.002 0.001 
146      481    (0)   13 :  0.011 0.008 0.164 0.016 0.004 0.095 0.174 0.006 0.136 0.015 0.158 0.003 0.141 0.014 0.046 0.008 
147      482    (0)   13 :  0.005 0.004 0.131 0.004 0.071 0.174 0.145 0.004 0.011 0.105 0.115 0.054 0.154 0.017 0.002 0.005 
148      489    (0)   13 :  0.006 0.003 0.111 0.024 0.006 0.132 0.235 0.005 0.008 0.036 0.192 0.015 0.186 0.007 0.004 0.029 
149      490    (0)   13 :  0.007 0.008 0.553 0.004 0.005 0.018 0.014 0.016 0.005 0.013 0.013 0.003 0.321 0.011 0.003 0.005 
150      491    (0)   13 :  0.004 0.004 0.165 0.009 0.009 0.090 0.167 0.005 0.031 0.015 0.102 0.122 0.175 0.089 0.010 0.001 
151      492    (0)   13 :  0.041 0.011 0.009 0.024 0.003 0.012 0.011 0.012 0.822 0.007 0.010 0.009 0.012 0.007 0.003 0.006 
152      493    (0)   13 :  0.003 0.015 0.014 0.004 0.005 0.050 0.030 0.006 0.746 0.014 0.046 0.005 0.021 0.017 0.008 0.016 
153      494    (0)   13 :  0.004 0.004 0.218 0.012 0.012 0.070 0.082 0.004 0.029 0.211 0.073 0.043 0.167 0.018 0.023 0.028 
154      498    (0)   13 :  0.013 0.010 0.122 0.048 0.003 0.123 0.193 0.026 0.117 0.007 0.175 0.004 0.131 0.007 0.008 0.013 
155      499    (0)   13 :  0.005 0.012 0.136 0.006 0.003 0.137 0.212 0.010 0.023 0.011 0.107 0.006 0.278 0.043 0.003 0.007 
156      709    (0)   13 :  0.009 0.007 0.175 0.004 0.018 0.101 0.196 0.009 0.025 0.010 0.172 0.011 0.153 0.012 0.081 0.017 
157      710    (4)   13 :  0.004 0.005 0.089 0.006 0.009 0.231 0.166 0.007 0.030 0.055 0.280 0.002 0.079 0.003 0.005 0.029 
158      711    (2)   13 :  0.063 0.046 0.083 0.007 0.022 0.159 0.174 0.011 0.014 0.011 0.169 0.004 0.119 0.110 0.007 0.004 
159      712    (4)   13 :  0.006 0.004 0.584 0.003 0.004 0.008 0.008 0.006 0.005 0.008 0.008 0.003 0.338 0.009 0.002 0.002 
160      713    (0)   13 :  0.005 0.003 0.139 0.009 0.022 0.117 0.226 0.005 0.007 0.004 0.107 0.008 0.306 0.008 0.004 0.030 
161      714    (2)   13 :  0.007 0.006 0.015 0.056 0.006 0.037 0.035 0.014 0.517 0.206 0.038 0.002 0.020 0.023 0.012 0.006 
162      715    (4)   13 :  0.011 0.093 0.014 0.002 0.010 0.012 0.011 0.017 0.016 0.731 0.013 0.027 0.011 0.017 0.011 0.004 
163      716    (0)   13 :  0.005 0.004 0.009 0.003 0.004 0.016 0.013 0.003 0.849 0.055 0.015 0.003 0.012 0.004 0.002 0.002 
164      717    (2)   13 :  0.141 0.010 0.077 0.009 0.006 0.137 0.138 0.005 0.019 0.179 0.095 0.012 0.154 0.009 0.003 0.006 
165      718    (4)   13 :  0.005 0.004 0.520 0.005 0.010 0.022 0.028 0.014 0.018 0.010 0.031 0.002 0.308 0.017 0.002 0.003 
166      719    (0)   13 :  0.002 0.002 0.004 0.004 0.004 0.004 0.004 0.003 0.004 0.952 0.004 0.002 0.004 0.002 0.002 0.002 
167      720    (2)   13 :  0.005 0.007 0.018 0.011 0.011 0.139 0.071 0.008 0.019 0.529 0.137 0.007 0.023 0.009 0.002 0.006 
168      721    (0)   13 :  0.005 0.003 0.035 0.023 0.011 0.100 0.072 0.004 0.531 0.021 0.089 0.006 0.033 0.019 0.038 0.007 
169      722    (4)   13 :  0.006 0.018 0.008 0.054 0.026 0.019 0.010 0.009 0.014 0.795 0.022 0.002 0.009 0.005 0.002 0.002 
170      723    (0)   13 :  0.007 0.002 0.011 0.003 0.002 0.019 0.024 0.004 0.039 0.832 0.022 0.006 0.014 0.003 0.008 0.004 
171      724    (0)   13 :  0.009 0.018 0.014 0.010 0.075 0.019 0.019 0.012 0.160 0.581 0.019 0.009 0.017 0.007 0.005 0.026 
172      725    (0)   13 :  0.009 0.004 0.078 0.019 0.009 0.256 0.229 0.005 0.008 0.032 0.192 0.010 0.112 0.012 0.004 0.020 
173      726    (0)   13 :  0.003 0.005 0.070 0.026 0.009 0.264 0.167 0.004 0.077 0.018 0.242 0.005 0.091 0.007 0.005 0.008 
174      727    (0)   13 :  0.003 0.006 0.079 0.006 0.008 0.159 0.114 0.004 0.366 0.013 0.117 0.011 0.087 0.014 0.010 0.002 
175      728    (2)   13 :  0.016 0.005 0.078 0.003 0.010 0.183 0.215 0.009 0.010 0.012 0.185 0.006 0.146 0.012 0.103 0.006 
176      729    (6)   13 :  0.005 0.003 0.101 0.003 0.004 0.235 0.205 0.006 0.009 0.042 0.264 0.005 0.093 0.016 0.005 0.004 
177      730    (2)   13 :  0.009 0.007 0.459 0.002 0.013 0.045 0.032 0.011 0.006 0.076 0.035 0.005 0.279 0.011 0.006 0.003 
178      731    (2)   13 :  0.004 0.004 0.559 0.006 0.004 0.013 0.024 0.009 0.007 0.004 0.027 0.002 0.327 0.005 0.002 0.004 
179      732    (0)   13 :  0.010 0.019 0.033 0.008 0.006 0.263 0.200 0.007 0.134 0.017 0.208 0.005 0.066 0.011 0.002 0.009 
180      733    (0)   13 :  0.010 0.004 0.086 0.003 0.040 0.252 0.165 0.015 0.024 0.035 0.223 0.003 0.107 0.014 0.004 0.015 
181      734    (2)   13 :  0.007 0.008 0.093 0.004 0.001 0.178 0.155 0.011 0.036 0.019 0.135 0.085 0.118 0.102 0.008 0.038 
182      735    (4)   13 :  0.008 0.003 0.175 0.052 0.007 0.113 0.192 0.006 0.008 0.034 0.118 0.008 0.237 0.033 0.003 0.002 
183      736    (2)   13 :  0.004 0.003 0.286 0.004 0.003 0.113 0.128 0.005 0.026 0.006 0.088 0.024 0.261 0.020 0.017 0.011 
184      737    (0)   13 :  0.031 0.006 0.469 0.014 0.004 0.035 0.050 0.013 0.011 0.004 0.043 0.003 0.286 0.016 0.013 0.003 
185      738    (2)   13 :  0.005 0.009 0.301 0.004 0.003 0.089 0.119 0.007 0.013 0.007 0.135 0.005 0.214 0.081 0.003 0.004 
186      739    (8)   13 :  0.004 0.004 0.499 0.011 0.004 0.030 0.028 0.011 0.014 0.028 0.031 0.006 0.302 0.012 0.014 0.002 
187      740    (4)   13 :  0.005 0.004 0.447 0.004 0.015 0.037 0.063 0.006 0.038 0.033 0.063 0.003 0.271 0.004 0.002 0.005 
188      741    (2)   13 :  0.083 0.045 0.152 0.029 0.023 0.105 0.126 0.053 0.018 0.058 0.106 0.029 0.150 0.010 0.002 0.012 
189      742    (4)   13 :  0.017 0.006 0.325 0.006 0.002 0.080 0.110 0.015 0.012 0.010 0.078 0.005 0.237 0.084 0.006 0.007 
190      743    (2)   13 :  0.005 0.005 0.011 0.003 0.002 0.013 0.012 0.005 0.041 0.857 0.013 0.010 0.011 0.006 0.002 0.003 
191      744    (0)   13 :  0.005 0.008 0.078 0.004 0.004 0.138 0.170 0.005 0.062 0.129 0.144 0.004 0.134 0.006 0.022 0.087 
192      745    (0)   13 :  0.018 0.029 0.059 0.009 0.020 0.081 0.102 0.037 0.010 0.444 0.083 0.005 0.080 0.008 0.013 0.003 
193      746    (2)   13 :  0.046 0.004 0.317 0.004 0.011 0.087 0.143 0.005 0.006 0.006 0.112 0.005 0.234 0.010 0.004 0.005 
194      747    (2)   13 :  0.007 0.012 0.366 0.017 0.006 0.072 0.087 0.035 0.015 0.008 0.068 0.023 0.207 0.066 0.006 0.005 
195      748    (0)   13 :  0.022 0.063 0.064 0.120 0.016 0.080 0.130 0.081 0.123 0.004 0.096 0.017 0.081 0.082 0.006 0.015 
196      749    (2)   13 :  0.011 0.015 0.093 0.003 0.041 0.094 0.175 0.012 0.004 0.016 0.114 0.020 0.148 0.105 0.010 0.139 
197      750    (4)   13 :  0.025 0.008 0.158 0.005 0.006 0.135 0.224 0.010 0.008 0.017 0.175 0.005 0.191 0.014 0.005 0.014 
198      751    (0)   13 :  0.008 0.010 0.124 0.013 0.009 0.102 0.258 0.011 0.008 0.024 0.189 0.007 0.147 0.072 0.017 0.002 
199      752    (2)   13 :  0.005 0.007 0.015 0.804 0.003 0.008 0.008 0.013 0.044 0.062 0.008 0.003 0.012 0.006 0.002 0.002 
200      753    (4)   13 :  0.005 0.039 0.110 0.065 0.013 0.142 0.191 0.018 0.023 0.025 0.122 0.029 0.168 0.034 0.011 0.004 
201      754    (2)   13 :  0.003 0.003 0.607 0.003 0.002 0.004 0.005 0.003 0.006 0.004 0.005 0.003 0.341 0.004 0.003 0.005 
202      155    (0)   14 :  0.006 0.005 0.085 0.006 0.006 0.122 0.259 0.029 0.028 0.011 0.217 0.035 0.168 0.008 0.004 0.011 
203      156    (2)   14 :  0.006 0.007 0.049 0.004 0.005 0.288 0.199 0.011 0.004 0.020 0.192 0.005 0.094 0.007 0.097 0.011 
204      157    (2)   14 :  0.005 0.005 0.520 0.019 0.004 0.028 0.022 0.004 0.006 0.011 0.027 0.010 0.297 0.007 0.002 0.034 
205      158    (0)   14 :  0.009 0.005 0.058 0.003 0.006 0.239 0.239 0.008 0.032 0.012 0.225 0.007 0.113 0.036 0.004 0.005 
206      159    (0)   14 :  0.007 0.005 0.135 0.010 0.111 0.122 0.202 0.013 0.033 0.007 0.161 0.003 0.150 0.013 0.010 0.017 
207      160    (0)   14 :  0.003 0.011 0.084 0.005 0.004 0.028 0.023 0.016 0.683 0.016 0.028 0.010 0.051 0.033 0.003 0.003 
208      161    (0)   14 :  0.003 0.004 0.235 0.007 0.009 0.090 0.061 0.007 0.047 0.022 0.108 0.008 0.158 0.010 0.003 0.228 
209      162    (0)   14 :  0.007 0.007 0.110 0.011 0.002 0.153 0.129 0.006 0.245 0.044 0.057 0.005 0.204 0.014 0.005 0.002 
210      163    (2)   14 :  0.008 0.003 0.141 0.013 0.002 0.249 0.151 0.004 0.003 0.009 0.163 0.003 0.182 0.056 0.009 0.003 
211      164    (0)   14 :  0.010 0.013 0.149 0.028 0.005 0.123 0.207 0.047 0.008 0.018 0.122 0.018 0.221 0.014 0.002 0.017 
212      165    (2)   14 :  0.005 0.007 0.068 0.004 0.004 0.381 0.156 0.005 0.005 0.004 0.283 0.004 0.049 0.003 0.004 0.018 
213      427    (0)   14 :  0.003 0.004 0.010 0.004 0.038 0.015 0.014 0.007 0.028 0.772 0.014 0.050 0.012 0.015 0.010 0.004 
214      428    (0)   14 :  0.004 0.035 0.009 0.029 0.025 0.028 0.019 0.007 0.117 0.640 0.027 0.004 0.010 0.039 0.003 0.003 
215      429    (0)   14 :  0.007 0.005 0.005 0.006 0.005 0.006 0.007 0.004 0.007 0.925 0.006 0.003 0.005 0.005 0.003 0.002 
216      430    (0)   14 :  0.045 0.015 0.081 0.029 0.004 0.167 0.160 0.022 0.071 0.019 0.172 0.004 0.127 0.075 0.002 0.006 
217      431    (0)   14 :  0.018 0.041 0.014 0.005 0.007 0.027 0.027 0.027 0.378 0.390 0.028 0.004 0.017 0.011 0.002 0.003 
218      435    (0)   14 :  0.003 0.003 0.005 0.008 0.003 0.008 0.007 0.003 0.043 0.895 0.008 0.002 0.005 0.004 0.003 0.001 
219      436    (0)   14 :  0.003 0.005 0.005 0.003 0.008 0.007 0.006 0.006 0.730 0.207 0.006 0.003 0.005 0.003 0.002 0.002 
220      437    (0)   14 :  0.006 0.038 0.012 0.009 0.028 0.056 0.026 0.039 0.635 0.060 0.058 0.004 0.020 0.004 0.002 0.003 
221      438    (0)   14 :  0.014 0.016 0.028 0.061 0.016 0.111 0.063 0.064 0.255 0.208 0.105 0.002 0.027 0.017 0.009 0.004 
222      439    (0)   14 :  0.034 0.005 0.151 0.039 0.004 0.087 0.105 0.012 0.056 0.279 0.088 0.004 0.112 0.015 0.006 0.002 
223      441    (0)   14 :  0.004 0.005 0.002 0.958 0.001 0.003 0.003 0.003 0.004 0.005 0.003 0.003 0.002 0.003 0.001 0.002 
224      442    (0)   14 :  0.003 0.011 0.007 0.013 0.003 0.015 0.016 0.009 0.009 0.723 0.017 0.149 0.009 0.009 0.005 0.002 
225      443    (4)   14 :  0.004 0.008 0.017 0.022 0.004 0.008 0.009 0.014 0.013 0.857 0.010 0.002 0.012 0.015 0.003 0.002 
226      444    (4)   14 :  0.002 0.004 0.005 0.002 0.010 0.007 0.007 0.007 0.007 0.913 0.007 0.008 0.006 0.006 0.004 0.006 
227      445    (2)   14 :  0.003 0.012 0.047 0.011 0.009 0.307 0.152 0.021 0.015 0.081 0.300 0.003 0.028 0.004 0.005 0.002 
228      446    (0)   14 :  0.003 0.002 0.004 0.003 0.001 0.005 0.004 0.002 0.007 0.944 0.005 0.005 0.004 0.005 0.003 0.003 
229      447    (0)   14 :  0.003 0.028 0.012 0.003 0.006 0.011 0.012 0.012 0.032 0.845 0.010 0.004 0.011 0.006 0.004 0.001 
230      449    (0)   14 :  0.005 0.003 0.004 0.004 0.003 0.005 0.004 0.009 0.016 0.925 0.005 0.007 0.004 0.004 0.002 0.002 
231      460    (0)   14 :  0.006 0.008 0.013 0.101 0.008 0.030 0.022 0.017 0.018 0.712 0.031 0.005 0.015 0.007 0.002 0.005 
232      461    (0)   14 :  0.014 0.012 0.086 0.007 0.009 0.063 0.076 0.028 0.352 0.137 0.076 0.008 0.076 0.051 0.002 0.005 
233      484    (0)   14 :  0.127 0.022 0.076 0.016 0.004 0.060 0.083 0.152 0.006 0.109 0.075 0.012 0.070 0.176 0.008 0.004 
234      485    (0)   14 :  0.004 0.005 0.020 0.013 0.002 0.026 0.020 0.005 0.126 0.722 0.025 0.004 0.019 0.003 0.002 0.004 
235      486    (0)   14 :  0.002 0.002 0.002 0.975 0.001 0.002 0.002 0.002 0.002 0.002 0.002 0.002 0.002 0.002 0.001 0.001 
236      487    (0)   14 :  0.008 0.008 0.054 0.011 0.006 0.061 0.073 0.005 0.136 0.484 0.051 0.011 0.074 0.013 0.003 0.002 
237      178    (0)   15 :  0.003 0.004 0.053 0.009 0.003 0.234 0.118 0.004 0.141 0.136 0.216 0.006 0.049 0.011 0.005 0.010 
238      422    (0)   15 :  0.005 0.007 0.020 0.003 0.003 0.008 0.007 0.009 0.014 0.889 0.009 0.003 0.013 0.004 0.003 0.001 
239      425    (0)   15 :  0.003 0.014 0.020 0.005 0.005 0.021 0.025 0.004 0.121 0.719 0.022 0.003 0.023 0.010 0.001 0.002 
240      426    (0)   15 :  0.004 0.006 0.067 0.003 0.003 0.069 0.104 0.003 0.064 0.056 0.081 0.022 0.082 0.293 0.111 0.030 
241      432    (0)   15 :  0.010 0.011 0.053 0.012 0.009 0.082 0.135 0.010 0.021 0.395 0.107 0.010 0.085 0.044 0.009 0.006 
242      434    (0)   15 :  0.009 0.006 0.005 0.003 0.004 0.004 0.004 0.004 0.005 0.935 0.003 0.004 0.005 0.004 0.002 0.002 
243      440    (0)   15 :  0.009 0.004 0.037 0.022 0.002 0.152 0.091 0.004 0.105 0.337 0.137 0.012 0.048 0.035 0.002 0.003 
244      448    (2)   15 :  0.025 0.004 0.008 0.008 0.046 0.009 0.008 0.013 0.009 0.827 0.009 0.012 0.008 0.009 0.002 0.002 
245      456    (0)   15 :  0.081 0.040 0.031 0.005 0.004 0.155 0.155 0.048 0.214 0.036 0.133 0.009 0.061 0.021 0.003 0.003 
246      457    (0)   15 :  0.025 0.017 0.042 0.036 0.010 0.061 0.081 0.017 0.215 0.346 0.061 0.004 0.053 0.022 0.006 0.003 
247      458    (0)   15 :  0.004 0.053 0.056 0.009 0.006 0.036 0.044 0.007 0.601 0.019 0.040 0.015 0.056 0.042 0.008 0.004 
248      459    (0)   15 :  0.004 0.007 0.014 0.010 0.002 0.015 0.015 0.006 0.016 0.861 0.017 0.004 0.013 0.011 0.003 0.004 
249      464    (0)   15 :  0.004 0.006 0.010 0.012 0.003 0.023 0.020 0.004 0.266 0.587 0.019 0.009 0.014 0.005 0.005 0.014 
250      465    (0)   15 :  0.007 0.005 0.012 0.005 0.002 0.012 0.009 0.003 0.798 0.118 0.009 0.002 0.011 0.004 0.001 0.003 
251      466    (0)   15 :  0.005 0.060 0.024 0.015 0.014 0.157 0.072 0.013 0.061 0.368 0.167 0.004 0.029 0.008 0.001 0.002 
252      470    (0)   15 :  0.006 0.003 0.007 0.135 0.003 0.007 0.007 0.004 0.465 0.329 0.007 0.006 0.008 0.010 0.002 0.002 
253      471    (0)   15 :  0.023 0.010 0.010 0.005 0.016 0.015 0.017 0.006 0.012 0.797 0.016 0.003 0.013 0.034 0.018 0.004 
254      483    (0)   15 :  0.004 0.003 0.028 0.004 0.002 0.010 0.011 0.004 0.006 0.865 0.011 0.007 0.020 0.011 0.003 0.011 
255      488    (0)   15 :  0.003 0.005 0.008 0.005 0.002 0.005 0.006 0.006 0.932 0.006 0.005 0.003 0.007 0.005 0.002 0.002 
256      495    (0)   15 :  0.028 0.006 0.018 0.003 0.002 0.010 0.011 0.019 0.073 0.790 0.010 0.002 0.015 0.010 0.001 0.003 
257      496    (0)   15 :  0.004 0.002 0.010 0.004 0.004 0.008 0.007 0.002 0.919 0.015 0.007 0.002 0.009 0.004 0.002 0.003 
258      497    (0)   15 :  0.089 0.004 0.010 0.003 0.003 0.011 0.015 0.005 0.008 0.793 0.011 0.025 0.013 0.003 0.003 0.004 
259      500    (0)   15 :  0.014 0.019 0.047 0.040 0.013 0.053 0.058 0.520 0.036 0.018 0.055 0.003 0.047 0.007 0.004 0.068 
260      879    (0)   15 :  0.003 0.003 0.007 0.004 0.002 0.006 0.006 0.003 0.005 0.921 0.008 0.008 0.007 0.010 0.003 0.004 
261      036    (0)   16 :  0.003 0.005 0.103 0.005 0.012 0.126 0.300 0.006 0.014 0.013 0.226 0.002 0.171 0.005 0.004 0.003 
262      063    (2)   16 :  0.029 0.007 0.080 0.011 0.003 0.220 0.192 0.012 0.017 0.020 0.238 0.014 0.114 0.035 0.004 0.003 
263      094    (4)   16 :  0.013 0.014 0.263 0.008 0.012 0.051 0.090 0.081 0.168 0.014 0.069 0.009 0.175 0.017 0.005 0.012 
264      103    (4)   16 :  0.020 0.006 0.069 0.006 0.003 0.379 0.152 0.004 0.004 0.006 0.281 0.004 0.051 0.003 0.003 0.010 
265      112    (0)   16 :  0.007 0.003 0.326 0.011 0.003 0.103 0.138 0.008 0.006 0.006 0.091 0.006 0.234 0.046 0.004 0.007 
266      114    (2)   16 :  0.004 0.004 0.142 0.014 0.008 0.122 0.228 0.004 0.061 0.011 0.187 0.004 0.199 0.004 0.002 0.003 
267      120    (0)   16 :  0.005 0.014 0.538 0.005 0.012 0.017 0.020 0.012 0.024 0.007 0.016 0.004 0.305 0.014 0.002 0.003 
268      127    (2)   16 :  0.005 0.010 0.088 0.088 0.005 0.081 0.186 0.007 0.135 0.004 0.146 0.007 0.138 0.090 0.003 0.007 
269      147    (0)   16 :  0.005 0.002 0.077 0.007 0.005 0.111 0.177 0.002 0.010 0.013 0.168 0.006 0.142 0.222 0.045 0.007 
270      166    (0)   16 :  0.012 0.007 0.088 0.004 0.004 0.112 0.132 0.005 0.176 0.016 0.101 0.017 0.117 0.103 0.026 0.080 
271      167    (0)   16 :  0.073 0.007 0.118 0.012 0.009 0.161 0.143 0.005 0.131 0.039 0.067 0.004 0.216 0.006 0.004 0.004 
272      168    (0)   16 :  0.004 0.004 0.156 0.003 0.015 0.152 0.239 0.004 0.008 0.009 0.137 0.004 0.245 0.003 0.003 0.014 
273      169    (2)   16 :  0.006 0.008 0.095 0.004 0.006 0.127 0.132 0.008 0.214 0.089 0.093 0.004 0.158 0.047 0.005 0.004 
274      170    (0)   16 :  0.006 0.015 0.124 0.020 0.004 0.172 0.196 0.020 0.006 0.014 0.157 0.035 0.172 0.016 0.005 0.038 
275      171    (2)   16 :  0.007 0.049 0.061 0.003 0.003 0.334 0.169 0.042 0.005 0.005 0.205 0.004 0.073 0.023 0.010 0.005 
276      172    (0)   16 :  0.010 0.016 0.524 0.002 0.011 0.016 0.023 0.011 0.022 0.009 0.016 0.004 0.303 0.014 0.014 0.004 
277      185    (0)   16 :  0.009 0.002 0.110 0.015 0.002 0.215 0.167 0.005 0.013 0.070 0.143 0.005 0.206 0.026 0.005 0.004 
278      199    (2)   16 :  0.003 0.004 0.115 0.009 0.006 0.128 0.178 0.006 0.024 0.005 0.091 0.208 0.201 0.007 0.005 0.010 
279      339    (0)   16 :  0.013 0.008 0.088 0.005 0.002 0.126 0.089 0.004 0.411 0.031 0.044 0.005 0.159 0.008 0.005 0.002 
280      355    (0)   16 :  0.006 0.003 0.134 0.004 0.002 0.154 0.186 0.003 0.004 0.003 0.109 0.069 0.267 0.009 0.012 0.036 
281      356    (0)   16 :  0.003 0.004 0.435 0.018 0.006 0.016 0.027 0.004 0.017 0.005 0.021 0.005 0.264 0.006 0.003 0.166 
282      357    (0)   16 :  0.004 0.012 0.136 0.029 0.010 0.134 0.240 0.006 0.035 0.007 0.191 0.019 0.136 0.021 0.014 0.007 
283      358    (0)   16 :  0.050 0.006 0.073 0.020 0.002 0.131 0.288 0.008 0.010 0.010 0.204 0.004 0.172 0.011 0.006 0.004 
284      359    (0)   16 :  0.020 0.003 0.250 0.003 0.002 0.108 0.192 0.004 0.008 0.009 0.142 0.009 0.226 0.018 0.002 0.005 
285      360    (0)   16 :  0.003 0.009 0.066 0.006 0.006 0.202 0.245 0.013 0.023 0.037 0.213 0.005 0.119 0.022 0.010 0.022 
286      361    (0)   16 :  0.006 0.005 0.520 0.004 0.003 0.024 0.026 0.005 0.038 0.040 0.023 0.003 0.286 0.012 0.002 0.003 
287      362    (0)   16 :  0.010 0.038 0.099 0.003 0.002 0.080 0.156 0.163 0.018 0.103 0.104 0.005 0.118 0.083 0.005 0.013 
288      363    (0)   16 :  0.010 0.004 0.059 0.011 0.005 0.068 0.129 0.007 0.017 0.012 0.088 0.043 0.093 0.434 0.012 0.007 
289      364    (0)   16 :  0.007 0.044 0.065 0.018 0.004 0.066 0.120 0.262 0.090 0.006 0.097 0.042 0.086 0.014 0.003 0.076 
290      365    (0)   16 :  0.005 0.004 0.060 0.010 0.002 0.165 0.185 0.038 0.141 0.021 0.169 0.003 0.099 0.006 0.013 0.080 
291      366    (0)   16 :  0.012 0.003 0.162 0.003 0.002 0.097 0.256 0.004 0.009 0.005 0.197 0.003 0.200 0.014 0.028 0.005 
292      367    (0)   16 :  0.016 0.010 0.116 0.034 0.006 0.165 0.244 0.011 0.005 0.007 0.172 0.003 0.194 0.005 0.010 0.002 
293      368    (0)   16 :  0.014 0.008 0.073 0.046 0.007 0.218 0.184 0.028 0.004 0.004 0.197 0.003 0.136 0.006 0.011 0.060 
294      369    (0)   16 :  0.005 0.002 0.081 0.003 0.002 0.251 0.224 0.003 0.005 0.004 0.211 0.004 0.176 0.008 0.004 0.016 
295      370    (0)   16 :  0.046 0.004 0.344 0.005 0.012 0.062 0.086 0.005 0.021 0.014 0.075 0.007 0.215 0.014 0.011 0.079 
296      371    (0)   16 :  0.009 0.004 0.109 0.003 0.005 0.164 0.257 0.019 0.006 0.011 0.177 0.006 0.218 0.004 0.003 0.002 
297      372    (0)   16 :  0.003 0.011 0.014 0.002 0.003 0.015 0.017 0.014 0.116 0.384 0.016 0.312 0.016 0.064 0.004 0.006 
298      373    (0)   16 :  0.009 0.007 0.095 0.002 0.003 0.249 0.139 0.007 0.009 0.027 0.239 0.043 0.069 0.006 0.003 0.093 
299      380    (0)   16 :  0.008 0.013 0.126 0.002 0.042 0.119 0.215 0.017 0.037 0.006 0.179 0.011 0.161 0.045 0.006 0.012 
300      388    (0)   16 :  0.011 0.025 0.353 0.004 0.005 0.060 0.101 0.008 0.007 0.007 0.083 0.021 0.235 0.027 0.008 0.045 
301      418    (0)   16 :  0.003 0.015 0.068 0.006 0.023 0.256 0.193 0.010 0.009 0.006 0.294 0.052 0.036 0.016 0.005 0.006 
302      419    (0)   16 :  0.004 0.004 0.072 0.006 0.008 0.301 0.203 0.004 0.007 0.007 0.337 0.003 0.029 0.006 0.004 0.005 
303      420    (0)   16 :  0.010 0.035 0.096 0.009 0.002 0.147 0.174 0.033 0.031 0.043 0.175 0.066 0.105 0.016 0.052 0.006 
304      409    (0)   17 :  0.005 0.013 0.074 0.007 0.104 0.305 0.169 0.006 0.022 0.009 0.187 0.003 0.077 0.012 0.002 0.005 
305      414    (0)   17 :  0.006 0.078 0.051 0.007 0.013 0.344 0.196 0.008 0.009 0.006 0.207 0.007 0.051 0.012 0.002 0.003 
306      415    (2)   17 :  0.011 0.006 0.100 0.034 0.004 0.204 0.217 0.007 0.011 0.006 0.156 0.015 0.198 0.012 0.003 0.016 
307      416    (0)   17 :  0.022 0.013 0.050 0.004 0.065 0.298 0.150 0.021 0.018 0.015 0.260 0.009 0.061 0.010 0.003 0.002 
308      571    (0)    2 :  0.037 0.461 0.007 0.031 0.004 0.008 0.008 0.350 0.009 0.026 0.009 0.004 0.007 0.034 0.004 0.002 
309      572    (0)    2 :  0.073 0.783 0.009 0.006 0.013 0.010 0.009 0.049 0.003 0.003 0.009 0.002 0.008 0.015 0.005 0.002 
310      573    (2)    2 :  0.004 0.856 0.004 0.005 0.003 0.004 0.004 0.103 0.002 0.003 0.004 0.002 0.003 0.002 0.001 0.001 
311      574    (0)    2 :  0.012 0.891 0.006 0.004 0.011 0.008 0.008 0.022 0.004 0.004 0.008 0.002 0.008 0.004 0.002 0.006 
312      575    (2)    2 :  0.004 0.931 0.004 0.003 0.004 0.005 0.004 0.005 0.002 0.003 0.004 0.004 0.004 0.014 0.005 0.003 
313      576    (0)    2 :  0.008 0.631 0.004 0.003 0.003 0.004 0.004 0.319 0.003 0.003 0.004 0.003 0.004 0.004 0.001 0.002 
314      577    (0)    2 :  0.003 0.963 0.002 0.003 0.004 0.002 0.002 0.004 0.002 0.002 0.002 0.003 0.002 0.002 0.001 0.001 
315      578    (0)    2 :  0.002 0.963 0.002 0.002 0.007 0.002 0.002 0.005 0.002 0.002 0.002 0.003 0.002 0.002 0.001 0.001 
316      579    (0)    2 :  0.002 0.966 0.002 0.001 0.003 0.002 0.002 0.004 0.004 0.003 0.002 0.002 0.002 0.002 0.001 0.001 
317      580    (0)    2 :  0.003 0.962 0.002 0.002 0.002 0.002 0.002 0.008 0.002 0.003 0.003 0.001 0.002 0.002 0.001 0.001 
318      581    (0)    2 :  0.010 0.848 0.004 0.002 0.022 0.005 0.005 0.064 0.008 0.010 0.005 0.002 0.004 0.004 0.006 0.002 
319      582    (4)    2 :  0.019 0.775 0.013 0.002 0.003 0.014 0.015 0.053 0.008 0.010 0.014 0.013 0.016 0.006 0.038 0.003 
320      583    (0)    2 :  0.004 0.850 0.018 0.009 0.002 0.014 0.019 0.005 0.008 0.009 0.015 0.010 0.016 0.011 0.008 0.002 
321      584    (0)    2 :  0.007 0.785 0.012 0.004 0.017 0.011 0.011 0.036 0.007 0.062 0.010 0.009 0.012 0.008 0.006 0.002 
322      585    (0)    2 :  0.016 0.887 0.004 0.007 0.002 0.005 0.005 0.037 0.006 0.006 0.005 0.002 0.004 0.010 0.002 0.001 
323      586    (2)    2 :  0.007 0.932 0.003 0.003 0.003 0.003 0.003 0.014 0.006 0.005 0.004 0.005 0.003 0.004 0.004 0.001 
324      587    (0)    2 :  0.008 0.914 0.005 0.002 0.019 0.003 0.003 0.021 0.003 0.002 0.004 0.002 0.004 0.004 0.002 0.002 
325      588    (0)    2 :  0.004 0.883 0.007 0.008 0.003 0.010 0.010 0.013 0.003 0.004 0.010 0.006 0.009 0.007 0.015 0.007 
326      589    (0)    2 :  0.008 0.863 0.009 0.002 0.008 0.010 0.011 0.010 0.005 0.014 0.010 0.011 0.008 0.021 0.005 0.004 
327      590    (0)    2 :  0.009 0.899 0.003 0.029 0.016 0.003 0.003 0.005 0.004 0.003 0.003 0.004 0.003 0.002 0.010 0.002 
328      001    (0)    3 :  0.003 0.004 0.003 0.002 0.003 0.003 0.004 0.003 0.002 0.002 0.003 0.001 0.003 0.002 0.003 0.958 
329      005    (0)    3 :  0.002 0.001 0.002 0.002 0.001 0.002 0.002 0.001 0.001 0.002 0.002 0.003 0.002 0.002 0.006 0.968 
330      106    (0)    3 :  0.002 0.005 0.003 0.002 0.003 0.003 0.003 0.005 0.002 0.002 0.003 0.003 0.003 0.003 0.002 0.957 
331      192    (0)    3 :  0.004 0.007 0.010 0.003 0.006 0.017 0.015 0.006 0.004 0.005 0.016 0.012 0.012 0.009 0.005 0.869 
332      229    (0)    3 :  0.007 0.004 0.006 0.005 0.003 0.005 0.005 0.003 0.004 0.005 0.005 0.004 0.005 0.008 0.042 0.891 
333      319    (0)    3 :  0.003 0.002 0.006 0.002 0.002 0.004 0.004 0.002 0.003 0.002 0.004 0.002 0.005 0.002 0.005 0.951 
334      327    (0)    3 :  0.002 0.003 0.005 0.002 0.002 0.002 0.003 0.003 0.002 0.002 0.003 0.003 0.004 0.003 0.002 0.960 
335      340    (0)    3 :  0.004 0.003 0.004 0.004 0.001 0.005 0.005 0.003 0.003 0.002 0.005 0.003 0.005 0.002 0.004 0.946 
336      345    (0)    3 :  0.004 0.003 0.008 0.002 0.001 0.005 0.005 0.004 0.006 0.002 0.005 0.003 0.007 0.005 0.011 0.928 
337      375    (0)    3 :  0.002 0.002 0.003 0.002 0.001 0.003 0.004 0.002 0.003 0.002 0.003 0.005 0.003 0.004 0.003 0.957 
338      501    (4)    3 :  0.002 0.002 0.003 0.008 0.001 0.003 0.003 0.002 0.003 0.003 0.003 0.002 0.003 0.004 0.003 0.955 
339      502    (0)    3 :  0.004 0.004 0.004 0.012 0.003 0.004 0.005 0.003 0.010 0.002 0.004 0.003 0.004 0.008 0.008 0.921 
340      503    (2)    3 :  0.003 0.002 0.002 0.006 0.002 0.002 0.002 0.004 0.001 0.001 0.002 0.002 0.002 0.002 0.002 0.962 
341      504    (0)    3 :  0.002 0.002 0.003 0.002 0.004 0.005 0.005 0.002 0.008 0.007 0.005 0.004 0.004 0.003 0.016 0.928 
342      505    (0)    3 :  0.011 0.005 0.009 0.002 0.007 0.006 0.007 0.006 0.003 0.002 0.006 0.003 0.008 0.007 0.047 0.869 
343      506    (2)    3 :  0.002 0.001 0.006 0.005 0.002 0.006 0.006 0.002 0.004 0.004 0.006 0.002 0.006 0.006 0.005 0.937 
344      507    (4)    3 :  0.003 0.002 0.004 0.004 0.001 0.003 0.003 0.002 0.003 0.002 0.003 0.002 0.004 0.005 0.004 0.957 
345      508    (0)    3 :  0.006 0.003 0.007 0.022 0.002 0.006 0.006 0.005 0.005 0.005 0.006 0.002 0.007 0.005 0.003 0.910 
346      509    (2)    3 :  0.003 0.002 0.003 0.003 0.001 0.003 0.003 0.002 0.002 0.003 0.003 0.004 0.003 0.003 0.003 0.959 
347      510    (2)    3 :  0.002 0.001 0.004 0.004 0.003 0.005 0.005 0.002 0.005 0.008 0.005 0.020 0.004 0.003 0.003 0.925 
348      511    (4)    3 :  0.002 0.004 0.003 0.004 0.003 0.003 0.003 0.002 0.003 0.003 0.003 0.002 0.003 0.002 0.002 0.959 
349      512    (4)    3 :  0.002 0.002 0.004 0.002 0.002 0.003 0.003 0.002 0.003 0.003 0.003 0.003 0.004 0.004 0.006 0.955 
350      513    (0)    3 :  0.002 0.004 0.003 0.002 0.002 0.003 0.003 0.002 0.002 0.003 0.003 0.020 0.003 0.003 0.008 0.937 
351      514    (0)    3 :  0.002 0.001 0.003 0.002 0.001 0.004 0.004 0.001 0.003 0.004 0.004 0.003 0.003 0.002 0.002 0.962 
352      515    (2)    3 :  0.003 0.002 0.002 0.002 0.001 0.003 0.002 0.002 0.002 0.002 0.003 0.003 0.002 0.002 0.004 0.964 
353      516    (2)    3 :  0.004 0.003 0.004 0.008 0.003 0.005 0.005 0.003 0.008 0.004 0.005 0.007 0.005 0.005 0.004 0.927 
354      517    (0)    3 :  0.001 0.001 0.002 0.002 0.001 0.002 0.002 0.001 0.002 0.008 0.002 0.002 0.002 0.002 0.005 0.967 
355      518    (0)    3 :  0.007 0.002 0.006 0.004 0.002 0.006 0.006 0.004 0.005 0.004 0.007 0.003 0.006 0.004 0.003 0.932 
356      519    (0)    3 :  0.003 0.002 0.003 0.004 0.003 0.003 0.003 0.003 0.002 0.002 0.003 0.003 0.003 0.002 0.002 0.956 
357      520    (2)    3 :  0.002 0.005 0.003 0.002 0.004 0.003 0.003 0.003 0.002 0.005 0.003 0.006 0.003 0.003 0.002 0.950 
358      521    (2)    3 :  0.003 0.002 0.003 0.002 0.007 0.002 0.002 0.003 0.002 0.002 0.002 0.003 0.003 0.003 0.006 0.954 
359      522    (0)    3 :  0.004 0.005 0.004 0.010 0.013 0.005 0.006 0.006 0.019 0.006 0.005 0.005 0.005 0.005 0.001 0.900 
360      523    (2)    3 :  0.008 0.007 0.006 0.005 0.004 0.007 0.006 0.004 0.004 0.005 0.007 0.002 0.006 0.004 0.004 0.921 
361      524    (0)    3 :  0.021 0.006 0.010 0.069 0.012 0.009 0.009 0.008 0.013 0.005 0.010 0.006 0.009 0.007 0.003 0.804 
362      525    (0)    3 :  0.001 0.002 0.003 0.002 0.001 0.003 0.003 0.002 0.003 0.002 0.003 0.003 0.003 0.002 0.001 0.967 
363      526    (2)    3 :  0.002 0.001 0.002 0.002 0.002 0.002 0.002 0.002 0.002 0.003 0.002 0.002 0.003 0.002 0.012 0.957 
364      527    (2)    4 :  0.028 0.544 0.007 0.012 0.002 0.014 0.013 0.278 0.018 0.010 0.014 0.012 0.010 0.009 0.017 0.013 
365      528    (4)    4 :  0.069 0.188 0.026 0.003 0.018 0.020 0.025 0.187 0.015 0.004 0.023 0.008 0.025 0.384 0.003 0.002 
366      529    (4)    4 :  0.011 0.380 0.016 0.005 0.014 0.019 0.028 0.265 0.022 0.023 0.027 0.004 0.018 0.152 0.012 0.003 
367      530    (0)    4 :  0.005 0.004 0.007 0.005 0.003 0.006 0.005 0.930 0.003 0.003 0.005 0.004 0.006 0.007 0.003 0.005 
368      531    (2)    4 :  0.013 0.018 0.010 0.004 0.013 0.008 0.009 0.847 0.005 0.005 0.008 0.006 0.010 0.035 0.006 0.005 
369      532    (4)    4 :  0.014 0.009 0.015 0.032 0.003 0.009 0.011 0.781 0.004 0.003 0.010 0.002 0.013 0.089 0.002 0.002 
370      533    (0)    4 :  0.028 0.020 0.032 0.002 0.021 0.080 0.045 0.608 0.022 0.011 0.077 0.002 0.028 0.014 0.002 0.007 
371      534    (2)    4 :  0.037 0.007 0.006 0.003 0.016 0.007 0.007 0.879 0.004 0.004 0.007 0.006 0.006 0.006 0.002 0.003 
372      535    (2)    4 :  0.015 0.417 0.015 0.010 0.006 0.017 0.018 0.401 0.012 0.009 0.016 0.002 0.015 0.040 0.004 0.003 
373      536    (2)    4 :  0.009 0.014 0.007 0.005 0.026 0.005 0.006 0.884 0.003 0.006 0.006 0.002 0.007 0.003 0.014 0.002 
374      537    (2)    4 :  0.005 0.004 0.004 0.002 0.008 0.005 0.005 0.927 0.005 0.007 0.005 0.010 0.004 0.005 0.002 0.002 
375      538    (2)    4 :  0.077 0.141 0.052 0.004 0.003 0.054 0.048 0.466 0.024 0.014 0.050 0.004 0.051 0.005 0.002 0.006 
376      539    (2)    4 :  0.058 0.006 0.004 0.004 0.003 0.004 0.004 0.892 0.006 0.002 0.004 0.002 0.004 0.005 0.002 0.001 
377      540    (2)    4 :  0.007 0.015 0.015 0.005 0.011 0.016 0.011 0.859 0.010 0.009 0.014 0.002 0.015 0.006 0.001 0.001 
378      541    (2)    4 :  0.053 0.010 0.015 0.005 0.009 0.010 0.009 0.756 0.010 0.045 0.009 0.003 0.013 0.047 0.002 0.003 
379      542    (2)    4 :  0.069 0.018 0.018 0.005 0.012 0.019 0.020 0.655 0.094 0.022 0.019 0.009 0.018 0.015 0.004 0.002 
380      543    (0)    4 :  0.026 0.007 0.029 0.004 0.020 0.036 0.053 0.657 0.014 0.046 0.046 0.013 0.035 0.010 0.002 0.003 
381      544    (2)    4 :  0.010 0.006 0.004 0.001 0.004 0.003 0.003 0.947 0.003 0.003 0.003 0.002 0.004 0.003 0.002 0.003 
382      545    (2)    4 :  0.866 0.021 0.006 0.009 0.005 0.008 0.008 0.030 0.012 0.005 0.013 0.002 0.008 0.005 0.001 0.002 
383      546    (4)    4 :  0.830 0.020 0.009 0.011 0.004 0.021 0.018 0.012 0.018 0.004 0.031 0.002 0.012 0.004 0.002 0.002 
384      547    (6)    4 :  0.011 0.099 0.041 0.039 0.010 0.031 0.058 0.528 0.009 0.024 0.039 0.031 0.049 0.010 0.017 0.004 
385      019    (0)    5 :  0.714 0.132 0.006 0.003 0.007 0.008 0.007 0.040 0.004 0.042 0.007 0.004 0.007 0.015 0.004 0.002 
386      064    (0)    5 :  0.921 0.007 0.002 0.004 0.002 0.002 0.002 0.044 0.002 0.003 0.002 0.002 0.002 0.002 0.001 0.001 
387      065    (0)    5 :  0.014 0.004 0.002 0.002 0.005 0.002 0.002 0.954 0.002 0.003 0.002 0.001 0.002 0.002 0.001 0.001 
388      066    (0)    5 :  0.528 0.021 0.010 0.011 0.006 0.010 0.009 0.346 0.008 0.020 0.010 0.003 0.010 0.004 0.002 0.002 
389      067    (0)    5 :  0.858 0.008 0.006 0.004 0.008 0.008 0.008 0.012 0.005 0.028 0.008 0.010 0.007 0.018 0.006 0.005 
390      068    (0)    5 :  0.022 0.018 0.007 0.019 0.008 0.009 0.008 0.824 0.010 0.010 0.008 0.030 0.008 0.016 0.002 0.002 
391      069    (0)    5 :  0.731 0.022 0.006 0.017 0.013 0.007 0.005 0.162 0.008 0.004 0.007 0.004 0.006 0.008 0.001 0.001 
392      107    (0)    5 :  0.557 0.024 0.003 0.005 0.003 0.004 0.004 0.370 0.005 0.006 0.004 0.002 0.004 0.004 0.001 0.001 
393      110    (0)    5 :  0.960 0.004 0.002 0.003 0.002 0.002 0.002 0.003 0.002 0.003 0.002 0.001 0.002 0.008 0.003 0.001 
394      121    (0)    5 :  0.021 0.018 0.004 0.003 0.003 0.005 0.004 0.903 0.006 0.005 0.005 0.003 0.004 0.014 0.001 0.001 
395      137    (0)    5 :  0.898 0.004 0.007 0.005 0.005 0.009 0.010 0.011 0.008 0.008 0.008 0.002 0.009 0.004 0.010 0.002 
396      146    (0)    5 :  0.480 0.017 0.050 0.002 0.021 0.011 0.011 0.339 0.005 0.004 0.010 0.003 0.033 0.006 0.003 0.004 
397      149    (0)    5 :  0.939 0.008 0.004 0.002 0.002 0.004 0.004 0.005 0.005 0.006 0.004 0.002 0.004 0.005 0.004 0.001 
398      154    (0)    5 :  0.688 0.037 0.005 0.003 0.165 0.006 0.006 0.041 0.005 0.007 0.006 0.016 0.006 0.005 0.002 0.003 
399      179    (0)    5 :  0.512 0.212 0.004 0.006 0.004 0.004 0.004 0.224 0.006 0.004 0.004 0.004 0.004 0.004 0.002 0.002 
400      181    (0)    5 :  0.764 0.140 0.003 0.002 0.004 0.004 0.004 0.060 0.002 0.002 0.004 0.002 0.003 0.003 0.002 0.001 
401      182    (0)    5 :  0.061 0.013 0.010 0.017 0.006 0.010 0.010 0.802 0.005 0.006 0.009 0.013 0.011 0.023 0.002 0.003 
402      186    (0)    5 :  0.566 0.015 0.026 0.009 0.005 0.013 0.017 0.187 0.014 0.008 0.014 0.004 0.020 0.092 0.005 0.005 
403      193    (0)    5 :  0.347 0.022 0.007 0.005 0.008 0.009 0.008 0.551 0.004 0.009 0.008 0.004 0.007 0.006 0.002 0.003 
404      320    (0)    5 :  0.852 0.010 0.010 0.003 0.010 0.006 0.006 0.053 0.004 0.007 0.007 0.012 0.008 0.008 0.003 0.001 
405      341    (0)    5 :  0.081 0.153 0.007 0.005 0.003 0.006 0.007 0.693 0.010 0.011 0.006 0.004 0.007 0.004 0.002 0.001 
406      376    (0)    5 :  0.194 0.108 0.015 0.017 0.009 0.011 0.013 0.522 0.007 0.004 0.012 0.003 0.015 0.027 0.003 0.042 
407      395    (0)    5 :  0.548 0.007 0.005 0.004 0.050 0.007 0.007 0.308 0.021 0.009 0.007 0.004 0.006 0.011 0.005 0.001 
408      396    (0)    5 :  0.020 0.003 0.003 0.004 0.003 0.003 0.003 0.942 0.003 0.002 0.003 0.002 0.003 0.002 0.003 0.002 
409      397    (0)    5 :  0.036 0.006 0.004 0.002 0.010 0.004 0.005 0.898 0.003 0.004 0.004 0.006 0.004 0.005 0.009 0.001 
410      398    (0)    5 :  0.345 0.018 0.008 0.006 0.053 0.005 0.006 0.517 0.002 0.005 0.005 0.004 0.007 0.012 0.004 0.002 
411      399    (0)    5 :  0.006 0.019 0.006 0.006 0.002 0.004 0.005 0.915 0.003 0.003 0.005 0.003 0.006 0.012 0.002 0.002 
412      400    (0)    5 :  0.868 0.004 0.013 0.011 0.007 0.007 0.007 0.042 0.003 0.004 0.007 0.002 0.010 0.012 0.002 0.001 
413      401    (0)    5 :  0.781 0.010 0.011 0.007 0.005 0.010 0.012 0.117 0.006 0.005 0.010 0.002 0.013 0.004 0.003 0.003 
414      402    (0)    5 :  0.952 0.003 0.003 0.003 0.002 0.003 0.003 0.003 0.003 0.002 0.003 0.003 0.003 0.007 0.002 0.003 
415      403    (0)    5 :  0.329 0.008 0.019 0.010 0.004 0.008 0.009 0.538 0.009 0.012 0.008 0.004 0.014 0.016 0.010 0.003 
416      073    (0)    6 :  0.004 0.005 0.003 0.003 0.001 0.004 0.004 0.949 0.004 0.006 0.004 0.002 0.004 0.005 0.002 0.002 
417      074    (0)    6 :  0.004 0.016 0.005 0.002 0.038 0.009 0.008 0.883 0.004 0.005 0.007 0.005 0.006 0.002 0.002 0.006 
418      075    (0)    6 :  0.009 0.020 0.007 0.002 0.007 0.005 0.005 0.903 0.008 0.006 0.006 0.004 0.007 0.005 0.003 0.002 
419      076    (0)    6 :  0.006 0.009 0.005 0.003 0.004 0.005 0.005 0.916 0.009 0.005 0.005 0.005 0.005 0.009 0.004 0.004 
420      077    (0)    6 :  0.010 0.007 0.005 0.005 0.003 0.007 0.007 0.903 0.009 0.011 0.007 0.009 0.006 0.005 0.003 0.001 
421      078    (0)    6 :  0.009 0.034 0.016 0.004 0.005 0.038 0.026 0.780 0.010 0.007 0.038 0.005 0.016 0.005 0.005 0.002 
422      079    (0)    6 :  0.012 0.010 0.008 0.008 0.003 0.010 0.012 0.891 0.007 0.007 0.011 0.002 0.009 0.007 0.001 0.002 
423      080    (0)    6 :  0.004 0.010 0.004 0.004 0.003 0.005 0.005 0.917 0.003 0.004 0.005 0.014 0.005 0.012 0.002 0.003 
424      081    (0)    6 :  0.063 0.076 0.008 0.005 0.016 0.015 0.016 0.693 0.013 0.033 0.016 0.004 0.010 0.010 0.017 0.004 
425      082    (0)    6 :  0.014 0.007 0.004 0.005 0.003 0.003 0.003 0.937 0.002 0.003 0.003 0.003 0.004 0.005 0.002 0.001 
426      083    (0)    6 :  0.037 0.099 0.008 0.010 0.015 0.009 0.011 0.768 0.006 0.004 0.009 0.002 0.010 0.007 0.003 0.002 
427      084    (0)    6 :  0.017 0.088 0.005 0.002 0.126 0.006 0.006 0.701 0.008 0.015 0.006 0.002 0.005 0.003 0.006 0.003 
428      085    (0)    6 :  0.046 0.053 0.012 0.018 0.010 0.017 0.016 0.457 0.292 0.022 0.017 0.003 0.012 0.008 0.015 0.002 
429      404    (0)    6 :  0.012 0.029 0.005 0.003 0.029 0.006 0.005 0.874 0.005 0.009 0.005 0.003 0.005 0.006 0.003 0.001 
430      405    (0)    6 :  0.006 0.018 0.005 0.002 0.006 0.007 0.006 0.903 0.005 0.010 0.008 0.002 0.005 0.004 0.011 0.002 
431      406    (0)    6 :  0.004 0.011 0.007 0.006 0.009 0.013 0.010 0.890 0.005 0.004 0.012 0.004 0.007 0.006 0.009 0.004 
432      407    (0)    6 :  0.090 0.013 0.005 0.002 0.006 0.005 0.006 0.834 0.010 0.007 0.005 0.003 0.005 0.003 0.003 0.001 
433      408    (0)    6 :  0.005 0.021 0.004 0.003 0.006 0.005 0.005 0.921 0.005 0.005 0.005 0.005 0.005 0.004 0.002 0.001 
434      411    (2)    6 :  0.005 0.026 0.003 0.003 0.006 0.003 0.003 0.930 0.003 0.005 0.003 0.003 0.003 0.002 0.002 0.001 
435      412    (0)    6 :  0.009 0.089 0.007 0.007 0.004 0.009 0.009 0.770 0.016 0.013 0.009 0.006 0.008 0.012 0.005 0.027 
436      413    (0)    6 :  0.018 0.026 0.004 0.002 0.004 0.009 0.007 0.897 0.005 0.005 0.012 0.002 0.005 0.002 0.002 0.001 
437      591    (0)    7 :  0.002 0.002 0.006 0.004 0.008 0.005 0.005 0.005 0.005 0.009 0.006 0.004 0.006 0.911 0.007 0.014 
438      592    (0)    7 :  0.004 0.011 0.012 0.007 0.006 0.007 0.008 0.010 0.014 0.081 0.007 0.006 0.012 0.809 0.002 0.003 
439      593    (0)    7 :  0.005 0.014 0.006 0.005 0.004 0.007 0.007 0.007 0.006 0.007 0.007 0.002 0.007 0.907 0.005 0.002 
440      594    (0)    7 :  0.009 0.011 0.026 0.004 0.007 0.017 0.022 0.041 0.007 0.042 0.018 0.010 0.024 0.754 0.005 0.003 
441      595    (0)    7 :  0.013 0.006 0.011 0.004 0.003 0.016 0.018 0.010 0.007 0.005 0.014 0.011 0.020 0.854 0.004 0.004 
442      596    (0)    7 :  0.005 0.005 0.006 0.007 0.002 0.006 0.006 0.006 0.005 0.004 0.006 0.020 0.006 0.907 0.006 0.002 
443      597    (0)    7 :  0.023 0.028 0.009 0.003 0.003 0.009 0.013 0.024 0.032 0.007 0.011 0.006 0.010 0.820 0.002 0.001 
444      598    (0)    7 :  0.032 0.010 0.072 0.010 0.003 0.028 0.049 0.006 0.084 0.007 0.039 0.029 0.060 0.568 0.002 0.002 
445      599    (0)    7 :  0.003 0.035 0.005 0.005 0.003 0.008 0.007 0.004 0.019 0.162 0.009 0.003 0.006 0.722 0.006 0.003 
446      600    (0)    7 :  0.008 0.002 0.006 0.003 0.001 0.005 0.005 0.004 0.006 0.004 0.005 0.012 0.006 0.927 0.004 0.002 
447      601    (0)    7 :  0.023 0.008 0.012 0.005 0.002 0.015 0.017 0.023 0.035 0.019 0.017 0.002 0.016 0.802 0.002 0.002 
448      602    (0)    7 :  0.014 0.004 0.008 0.005 0.005 0.011 0.016 0.007 0.017 0.007 0.013 0.005 0.010 0.871 0.004 0.004 
449      603    (0)    7 :  0.004 0.006 0.014 0.007 0.007 0.035 0.032 0.006 0.641 0.067 0.034 0.009 0.022 0.106 0.007 0.002 
450      604    (0)    7 :  0.007 0.008 0.012 0.012 0.003 0.011 0.013 0.009 0.004 0.003 0.011 0.008 0.013 0.879 0.003 0.004 
451      605    (0)    7 :  0.006 0.003 0.059 0.003 0.003 0.020 0.022 0.013 0.008 0.011 0.021 0.022 0.044 0.742 0.004 0.019 
452      606    (0)    7 :  0.004 0.010 0.011 0.003 0.004 0.009 0.010 0.003 0.006 0.011 0.010 0.008 0.009 0.876 0.020 0.004 
453      607    (0)    7 :  0.014 0.003 0.006 0.096 0.002 0.004 0.005 0.012 0.007 0.002 0.004 0.008 0.006 0.824 0.003 0.003 
454      608    (0)    7 :  0.004 0.005 0.007 0.017 0.005 0.006 0.005 0.005 0.009 0.008 0.005 0.003 0.006 0.911 0.002 0.001 
455      609    (0)    7 :  0.004 0.005 0.009 0.008 0.003 0.008 0.008 0.003 0.005 0.004 0.008 0.003 0.009 0.917 0.004 0.002 
456      610    (0)    7 :  0.007 0.006 0.042 0.017 0.009 0.077 0.104 0.023 0.073 0.015 0.093 0.009 0.071 0.447 0.003 0.004 
457      611    (2)    7 :  0.008 0.010 0.007 0.020 0.011 0.009 0.009 0.010 0.004 0.003 0.010 0.007 0.008 0.878 0.003 0.002 
458      612    (0)    7 :  0.057 0.004 0.012 0.027 0.003 0.019 0.019 0.011 0.015 0.008 0.015 0.045 0.014 0.746 0.002 0.004 
459      755    (0)    7 :  0.008 0.019 0.019 0.276 0.025 0.031 0.034 0.013 0.015 0.007 0.038 0.043 0.020 0.421 0.002 0.028 
460      756    (0)    7 :  0.003 0.027 0.007 0.014 0.008 0.006 0.006 0.009 0.010 0.007 0.006 0.003 0.007 0.881 0.003 0.002 
461      757    (0)    7 :  0.005 0.006 0.016 0.009 0.004 0.011 0.011 0.010 0.006 0.009 0.010 0.005 0.012 0.881 0.002 0.004 
462      002    (0)    8 :  0.305 0.011 0.008 0.005 0.018 0.006 0.008 0.594 0.014 0.003 0.007 0.002 0.008 0.006 0.003 0.004 
463      099    (2)    8 :  0.005 0.005 0.021 0.014 0.007 0.031 0.029 0.004 0.004 0.061 0.024 0.042 0.031 0.008 0.004 0.711 
464      641    (2)    8 :  0.178 0.076 0.051 0.021 0.012 0.149 0.103 0.145 0.011 0.010 0.118 0.004 0.044 0.050 0.015 0.014 
465      642    (0)    8 :  0.004 0.013 0.012 0.005 0.008 0.009 0.008 0.868 0.010 0.017 0.009 0.003 0.010 0.019 0.003 0.003 
466      643    (2)    8 :  0.006 0.008 0.027 0.004 0.013 0.013 0.012 0.821 0.020 0.014 0.012 0.003 0.022 0.020 0.002 0.003 
467      644    (0)    8 :  0.014 0.007 0.011 0.008 0.006 0.009 0.008 0.869 0.012 0.018 0.009 0.008 0.010 0.006 0.004 0.003 
468      645    (0)    8 :  0.010 0.021 0.116 0.129 0.018 0.027 0.029 0.437 0.019 0.016 0.027 0.003 0.075 0.032 0.037 0.002 
469      646    (0)    8 :  0.345 0.014 0.046 0.150 0.012 0.064 0.057 0.077 0.081 0.006 0.076 0.009 0.037 0.012 0.011 0.005 
470      006    (0)    9 :  0.005 0.005 0.010 0.005 0.623 0.019 0.018 0.254 0.006 0.006 0.018 0.003 0.015 0.005 0.003 0.005 
471      011    (0)    9 :  0.003 0.014 0.003 0.002 0.012 0.003 0.003 0.938 0.003 0.004 0.003 0.003 0.003 0.003 0.002 0.001 
472      033    (2)    9 :  0.015 0.094 0.004 0.004 0.654 0.006 0.006 0.145 0.029 0.004 0.006 0.002 0.005 0.020 0.003 0.001 
473      048    (0)    9 :  0.010 0.020 0.013 0.006 0.052 0.019 0.019 0.487 0.016 0.292 0.019 0.005 0.018 0.014 0.008 0.002 
474      061    (0)    9 :  0.002 0.002 0.002 0.003 0.972 0.002 0.002 0.002 0.001 0.002 0.002 0.001 0.002 0.001 0.004 0.001 
475      088    (0)    9 :  0.010 0.007 0.011 0.003 0.023 0.011 0.010 0.851 0.010 0.016 0.012 0.007 0.011 0.010 0.005 0.002 
476      091    (0)    9 :  0.003 0.022 0.003 0.006 0.927 0.004 0.004 0.007 0.003 0.003 0.004 0.004 0.003 0.004 0.002 0.001 
477      098    (0)    9 :  0.009 0.004 0.004 0.006 0.008 0.005 0.005 0.900 0.006 0.014 0.006 0.003 0.005 0.013 0.012 0.001 
478      104    (0)    9 :  0.021 0.005 0.002 0.002 0.003 0.003 0.003 0.941 0.003 0.004 0.003 0.002 0.002 0.002 0.002 0.001 
479      196    (0)    9 :  0.013 0.019 0.005 0.002 0.580 0.006 0.005 0.323 0.006 0.011 0.006 0.005 0.005 0.009 0.005 0.001 
480      197    (0)    9 :  0.020 0.050 0.018 0.003 0.283 0.022 0.032 0.445 0.026 0.010 0.024 0.017 0.026 0.013 0.009 0.003 
481      201    (0)    9 :  0.011 0.140 0.010 0.002 0.611 0.006 0.006 0.181 0.005 0.005 0.005 0.001 0.008 0.006 0.001 0.001 
482      202    (0)    9 :  0.013 0.018 0.011 0.002 0.028 0.014 0.012 0.795 0.013 0.026 0.012 0.012 0.011 0.005 0.019 0.008 
483      204    (0)    9 :  0.026 0.059 0.004 0.010 0.406 0.004 0.004 0.452 0.012 0.006 0.005 0.002 0.004 0.003 0.002 0.001 
484      231    (0)    9 :  0.075 0.119 0.005 0.009 0.011 0.007 0.005 0.703 0.020 0.015 0.006 0.005 0.005 0.011 0.001 0.001 
485      328    (0)    9 :  0.003 0.018 0.004 0.002 0.229 0.004 0.004 0.703 0.007 0.004 0.004 0.002 0.004 0.005 0.005 0.001 
486      346    (0)    9 :  0.006 0.008 0.004 0.003 0.311 0.004 0.004 0.628 0.003 0.004 0.004 0.006 0.004 0.007 0.003 0.002 


Estimated Allele Frequencies in each cluster
First column gives estimated ancestral frequencies


Locus 1 : 1 
4 alleles
0.0% missing data
  89   (0.530) 0.276 0.633 0.512 0.822 0.697 0.564 0.550 0.617 0.466 0.587 0.566 0.642 0.523 0.552 0.065 0.293 
  91   (0.385) 0.589 0.208 0.419 0.159 0.293 0.362 0.370 0.347 0.511 0.346 0.361 0.313 0.402 0.431 0.708 0.669 
  93   (0.069) 0.133 0.158 0.061 0.016 0.008 0.051 0.062 0.036 0.017 0.053 0.049 0.045 0.068 0.014 0.097 0.037 
  99   (0.015) 0.001 0.001 0.008 0.004 0.002 0.022 0.017 0.000 0.007 0.014 0.025 0.001 0.007 0.002 0.130 0.001 

Locus 2 : 2 
6 alleles
1.0% missing data
 136   (0.353) 0.724 0.441 0.477 0.144 0.111 0.333 0.357 0.574 0.178 0.057 0.333 0.458 0.428 0.416 0.188 0.452 
 134   (0.232) 0.166 0.109 0.213 0.671 0.206 0.204 0.212 0.152 0.225 0.264 0.207 0.381 0.214 0.404 0.027 0.197 
 138   (0.299) 0.097 0.370 0.226 0.127 0.249 0.347 0.316 0.229 0.476 0.506 0.348 0.153 0.265 0.147 0.772 0.219 
 140   (0.069) 0.009 0.076 0.047 0.019 0.429 0.065 0.066 0.043 0.056 0.039 0.064 0.004 0.054 0.016 0.008 0.122 
 132   (0.020) 0.002 0.001 0.014 0.004 0.002 0.035 0.030 0.001 0.005 0.002 0.030 0.001 0.019 0.003 0.002 0.001 
 142   (0.027) 0.002 0.002 0.022 0.036 0.003 0.016 0.019 0.001 0.061 0.132 0.018 0.002 0.020 0.014 0.003 0.009 

Locus 3 : 3 
6 alleles
0.0% missing data
 181   (0.253) 0.089 0.163 0.216 0.354 0.068 0.241 0.256 0.249 0.138 0.420 0.243 0.066 0.243 0.400 0.181 0.073 
 187   (0.348) 0.543 0.664 0.350 0.120 0.670 0.356 0.350 0.480 0.330 0.151 0.361 0.256 0.355 0.165 0.774 0.344 
 179   (0.245) 0.353 0.161 0.274 0.339 0.246 0.262 0.247 0.240 0.313 0.197 0.255 0.015 0.254 0.402 0.029 0.051 
 191   (0.031) 0.003 0.003 0.019 0.009 0.004 0.027 0.032 0.027 0.007 0.008 0.028 0.200 0.023 0.006 0.003 0.009 
 185   (0.074) 0.008 0.006 0.061 0.131 0.007 0.077 0.075 0.002 0.089 0.091 0.075 0.459 0.063 0.019 0.008 0.286 
 175   (0.048) 0.004 0.003 0.080 0.047 0.005 0.035 0.040 0.001 0.124 0.133 0.037 0.003 0.061 0.009 0.005 0.238 

Locus 4 : 4 
12 alleles
0.2% missing data
 253   (0.492) 0.425 0.529 0.508 0.635 0.628 0.534 0.513 0.799 0.518 0.525 0.520 0.464 0.500 0.611 0.599 0.169 
 249   (0.028) 0.018 0.003 0.014 0.005 0.314 0.022 0.025 0.069 0.005 0.003 0.022 0.002 0.017 0.005 0.004 0.066 
 271   (0.041) 0.050 0.003 0.033 0.010 0.005 0.040 0.040 0.035 0.025 0.005 0.040 0.003 0.037 0.009 0.005 0.111 
 241   (0.155) 0.389 0.060 0.175 0.093 0.021 0.121 0.142 0.016 0.180 0.140 0.127 0.150 0.168 0.149 0.181 0.529 
 257   (0.006) 0.003 0.000 0.005 0.001 0.000 0.003 0.004 0.001 0.002 0.001 0.003 0.000 0.004 0.001 0.001 0.000 
 269   (0.175) 0.091 0.397 0.164 0.230 0.021 0.170 0.171 0.078 0.222 0.281 0.178 0.098 0.171 0.181 0.201 0.031 
 247   (0.063) 0.007 0.005 0.061 0.017 0.007 0.089 0.078 0.002 0.030 0.040 0.085 0.281 0.069 0.033 0.007 0.026 
 245   (0.009) 0.001 0.001 0.004 0.001 0.001 0.005 0.006 0.000 0.002 0.001 0.005 0.001 0.005 0.001 0.001 0.066 
 239   (0.010) 0.001 0.001 0.016 0.003 0.001 0.006 0.009 0.000 0.002 0.001 0.007 0.001 0.013 0.004 0.001 0.001 
 273   (0.007) 0.001 0.000 0.016 0.001 0.001 0.003 0.005 0.000 0.001 0.001 0.004 0.000 0.011 0.001 0.001 0.001 
 267   (0.006) 0.014 0.001 0.002 0.002 0.001 0.003 0.004 0.000 0.001 0.001 0.004 0.000 0.003 0.001 0.001 0.000 
 255   (0.007) 0.001 0.000 0.002 0.001 0.001 0.003 0.004 0.000 0.012 0.001 0.004 0.000 0.003 0.002 0.001 0.000 

Locus 5 : 5 
6 alleles
0.6% missing data
 103   (0.856) 0.965 0.988 0.855 0.953 0.985 0.798 0.833 0.991 0.919 0.970 0.788 0.979 0.862 0.928 0.983 0.736 
 104   (0.059) 0.027 0.006 0.057 0.026 0.006 0.113 0.079 0.006 0.042 0.018 0.126 0.004 0.050 0.026 0.007 0.071 
 101   (0.009) 0.001 0.001 0.004 0.006 0.001 0.005 0.007 0.000 0.003 0.001 0.006 0.013 0.005 0.003 0.001 0.001 
 105   (0.046) 0.004 0.003 0.064 0.011 0.005 0.058 0.051 0.001 0.025 0.007 0.051 0.003 0.058 0.036 0.005 0.166 
 102   (0.015) 0.001 0.001 0.010 0.002 0.001 0.017 0.018 0.000 0.008 0.002 0.017 0.001 0.012 0.005 0.002 0.001 
 107   (0.015) 0.001 0.001 0.011 0.002 0.001 0.009 0.013 0.000 0.003 0.002 0.012 0.001 0.011 0.003 0.001 0.025 

Locus 6 : 6 
5 alleles
0.2% missing data
 141   (0.278) 0.293 0.498 0.226 0.777 0.838 0.277 0.273 0.601 0.321 0.161 0.290 0.130 0.234 0.305 0.032 0.111 
 145   (0.395) 0.121 0.202 0.493 0.136 0.073 0.424 0.420 0.178 0.467 0.654 0.407 0.261 0.479 0.450 0.410 0.023 
 135   (0.236) 0.367 0.150 0.208 0.067 0.071 0.230 0.227 0.205 0.177 0.173 0.233 0.289 0.213 0.137 0.547 0.637 
 147   (0.081) 0.218 0.148 0.063 0.018 0.017 0.063 0.072 0.016 0.032 0.011 0.063 0.319 0.065 0.106 0.010 0.127 
 137   (0.012) 0.002 0.001 0.010 0.002 0.001 0.006 0.008 0.000 0.002 0.002 0.007 0.001 0.009 0.002 0.001 0.103 

Locus 7 : 7 
10 alleles
1.2% missing data
  93   (0.231) 0.405 0.306 0.246 0.307 0.625 0.186 0.200 0.334 0.338 0.270 0.197 0.066 0.226 0.213 0.795 0.113 
 103   (0.302) 0.267 0.554 0.304 0.122 0.079 0.357 0.321 0.371 0.360 0.355 0.339 0.512 0.308 0.528 0.040 0.017 
  91   (0.071) 0.008 0.049 0.064 0.061 0.007 0.063 0.069 0.029 0.018 0.039 0.062 0.157 0.067 0.043 0.010 0.060 
  97   (0.192) 0.174 0.073 0.155 0.241 0.026 0.192 0.204 0.184 0.048 0.194 0.191 0.253 0.183 0.158 0.129 0.264 
  85   (0.044) 0.008 0.004 0.046 0.010 0.005 0.044 0.046 0.054 0.012 0.052 0.043 0.003 0.047 0.015 0.006 0.003 
  89   (0.079) 0.131 0.008 0.067 0.244 0.250 0.054 0.066 0.026 0.198 0.055 0.059 0.005 0.067 0.029 0.011 0.301 
  83   (0.047) 0.004 0.003 0.102 0.009 0.005 0.079 0.066 0.001 0.020 0.031 0.081 0.003 0.079 0.008 0.005 0.003 
 105   (0.014) 0.001 0.001 0.008 0.003 0.001 0.011 0.014 0.000 0.003 0.002 0.013 0.001 0.011 0.002 0.002 0.089 
 101   (0.009) 0.001 0.001 0.004 0.002 0.001 0.008 0.007 0.000 0.002 0.001 0.009 0.001 0.004 0.001 0.001 0.125 
  99   (0.010) 0.001 0.001 0.005 0.002 0.001 0.005 0.007 0.000 0.002 0.001 0.006 0.001 0.006 0.001 0.001 0.026 

Locus 8 : 8 
8 alleles
0.0% missing data
 129   (0.552) 0.462 0.704 0.609 0.461 0.661 0.572 0.565 0.705 0.746 0.724 0.559 0.638 0.596 0.406 0.197 0.300 
 141   (0.057) 0.154 0.043 0.033 0.012 0.010 0.048 0.050 0.106 0.024 0.011 0.049 0.216 0.041 0.094 0.006 0.003 
 149   (0.082) 0.024 0.159 0.063 0.278 0.012 0.077 0.078 0.138 0.079 0.051 0.083 0.013 0.066 0.019 0.009 0.302 
 143   (0.257) 0.355 0.091 0.256 0.208 0.313 0.262 0.260 0.050 0.137 0.199 0.267 0.129 0.256 0.472 0.702 0.298 
 127   (0.017) 0.002 0.001 0.008 0.003 0.001 0.016 0.016 0.000 0.004 0.002 0.014 0.001 0.012 0.003 0.045 0.095 
 131   (0.012) 0.001 0.001 0.005 0.003 0.001 0.007 0.009 0.000 0.002 0.010 0.008 0.002 0.006 0.002 0.038 0.001 
 133   (0.016) 0.002 0.001 0.022 0.033 0.002 0.016 0.016 0.000 0.007 0.002 0.015 0.001 0.018 0.003 0.002 0.001 
 145   (0.006) 0.001 0.000 0.005 0.001 0.000 0.003 0.005 0.000 0.001 0.001 0.004 0.000 0.005 0.001 0.001 0.000 

Locus 9 : 9 
5 alleles
0.0% missing data
 191   (0.398) 0.584 0.597 0.363 0.582 0.837 0.408 0.398 0.556 0.171 0.329 0.412 0.544 0.369 0.474 0.340 0.339 
 195   (0.146) 0.036 0.233 0.131 0.034 0.033 0.137 0.133 0.178 0.061 0.379 0.142 0.051 0.129 0.243 0.354 0.330 
 189   (0.444) 0.379 0.169 0.495 0.382 0.128 0.449 0.461 0.263 0.765 0.291 0.439 0.404 0.493 0.281 0.305 0.330 
 197   (0.006) 0.001 0.000 0.008 0.001 0.001 0.003 0.004 0.000 0.001 0.001 0.004 0.000 0.006 0.001 0.001 0.000 
 193   (0.006) 0.001 0.001 0.003 0.002 0.001 0.003 0.004 0.003 0.001 0.001 0.003 0.000 0.003 0.001 0.001 0.000 

Locus 10 : 10 
7 alleles
0.4% missing data
 232   (0.247) 0.367 0.140 0.280 0.064 0.583 0.281 0.265 0.325 0.072 0.193 0.268 0.277 0.275 0.154 0.218 0.126 
 238   (0.559) 0.453 0.744 0.516 0.840 0.133 0.558 0.558 0.551 0.869 0.722 0.559 0.340 0.536 0.670 0.368 0.748 
 252   (0.108) 0.172 0.090 0.139 0.080 0.265 0.096 0.099 0.113 0.043 0.074 0.105 0.032 0.115 0.122 0.016 0.014 
 254   (0.048) 0.005 0.024 0.040 0.010 0.015 0.034 0.042 0.010 0.010 0.006 0.036 0.267 0.041 0.047 0.393 0.081 
 248   (0.018) 0.002 0.001 0.013 0.003 0.002 0.013 0.018 0.000 0.003 0.002 0.014 0.083 0.018 0.003 0.002 0.001 
 250   (0.014) 0.001 0.001 0.008 0.002 0.001 0.014 0.012 0.000 0.002 0.002 0.013 0.001 0.011 0.002 0.002 0.029 
 236   (0.006) 0.001 0.000 0.004 0.001 0.001 0.004 0.005 0.000 0.001 0.001 0.004 0.001 0.005 0.002 0.001 0.000 

Locus 11 : 11 
4 alleles
0.0% missing data
  87   (0.689) 0.569 0.582 0.696 0.867 0.349 0.707 0.703 0.656 0.790 0.869 0.714 0.534 0.696 0.644 0.964 0.496 
  89   (0.243) 0.359 0.412 0.223 0.085 0.629 0.244 0.242 0.277 0.191 0.102 0.233 0.383 0.233 0.343 0.029 0.152 
  91   (0.052) 0.070 0.005 0.065 0.013 0.020 0.039 0.042 0.067 0.016 0.027 0.042 0.082 0.057 0.010 0.006 0.183 
  85   (0.016) 0.001 0.001 0.015 0.035 0.002 0.010 0.013 0.000 0.003 0.002 0.011 0.001 0.014 0.003 0.002 0.170 

Locus 12 : 12 
13 alleles
0.4% missing data
 160   (0.214) 0.189 0.230 0.210 0.184 0.035 0.219 0.212 0.091 0.249 0.291 0.209 0.720 0.211 0.060 0.597 0.425 
 162   (0.249) 0.089 0.243 0.252 0.388 0.743 0.261 0.253 0.201 0.324 0.220 0.260 0.231 0.247 0.483 0.065 0.015 
 147   (0.055) 0.365 0.100 0.030 0.015 0.115 0.037 0.044 0.118 0.070 0.019 0.038 0.003 0.039 0.089 0.006 0.003 
 158   (0.232) 0.320 0.404 0.265 0.105 0.077 0.250 0.244 0.552 0.100 0.234 0.248 0.022 0.253 0.187 0.028 0.096 
 161   (0.103) 0.023 0.008 0.105 0.031 0.014 0.094 0.097 0.028 0.135 0.113 0.102 0.016 0.096 0.151 0.116 0.273 
 170   (0.050) 0.005 0.009 0.061 0.012 0.006 0.059 0.057 0.007 0.057 0.017 0.059 0.003 0.065 0.009 0.006 0.027 
 143   (0.032) 0.003 0.002 0.037 0.010 0.003 0.032 0.033 0.001 0.006 0.004 0.035 0.002 0.034 0.005 0.175 0.157 
 154   (0.016) 0.001 0.001 0.013 0.006 0.002 0.018 0.019 0.000 0.004 0.002 0.016 0.001 0.021 0.006 0.002 0.001 
 149   (0.019) 0.002 0.001 0.009 0.244 0.002 0.012 0.016 0.001 0.004 0.085 0.013 0.001 0.012 0.004 0.002 0.001 
 153   (0.011) 0.001 0.001 0.011 0.002 0.001 0.009 0.012 0.000 0.002 0.001 0.010 0.001 0.011 0.003 0.001 0.001 
 150   (0.006) 0.001 0.000 0.002 0.001 0.001 0.003 0.004 0.000 0.001 0.011 0.003 0.000 0.003 0.001 0.001 0.000 
 159   (0.007) 0.001 0.001 0.003 0.001 0.001 0.003 0.004 0.000 0.047 0.002 0.003 0.000 0.003 0.001 0.001 0.000 
 164   (0.006) 0.001 0.000 0.003 0.001 0.000 0.004 0.005 0.000 0.001 0.001 0.004 0.000 0.004 0.001 0.001 0.000 

Locus 13 : 13 
5 alleles
0.0% missing data
 108   (0.205) 0.158 0.137 0.257 0.052 0.401 0.191 0.198 0.169 0.133 0.097 0.188 0.199 0.240 0.146 0.336 0.297 
 115   (0.452) 0.286 0.789 0.459 0.700 0.535 0.435 0.449 0.530 0.490 0.539 0.436 0.283 0.457 0.499 0.089 0.377 
 113   (0.331) 0.555 0.073 0.278 0.246 0.063 0.363 0.342 0.301 0.375 0.362 0.364 0.517 0.296 0.352 0.573 0.326 
 109   (0.006) 0.001 0.000 0.003 0.001 0.001 0.005 0.006 0.000 0.001 0.001 0.006 0.000 0.003 0.001 0.001 0.000 
 110   (0.006) 0.001 0.000 0.003 0.001 0.000 0.006 0.005 0.000 0.001 0.001 0.006 0.000 0.003 0.001 0.001 0.000 

Locus 14 : 14 
5 alleles
1.2% missing data
 227   (0.141) 0.332 0.244 0.096 0.063 0.063 0.148 0.141 0.259 0.309 0.325 0.142 0.017 0.116 0.038 0.255 0.008 
 231   (0.156) 0.103 0.061 0.158 0.039 0.026 0.145 0.156 0.104 0.043 0.024 0.138 0.353 0.165 0.455 0.275 0.356 
 229   (0.503) 0.452 0.341 0.615 0.851 0.856 0.512 0.506 0.488 0.436 0.542 0.524 0.415 0.567 0.289 0.093 0.469 
 225   (0.134) 0.022 0.297 0.093 0.031 0.018 0.134 0.136 0.045 0.193 0.060 0.132 0.211 0.109 0.145 0.223 0.058 
 233   (0.067) 0.092 0.057 0.038 0.016 0.037 0.061 0.060 0.104 0.020 0.048 0.063 0.005 0.043 0.074 0.154 0.109 

Locus 15 : 15 
5 alleles
0.4% missing data
 143   (0.841) 0.977 0.950 0.869 0.934 0.983 0.842 0.839 0.971 0.941 0.843 0.846 0.815 0.855 0.874 0.719 0.620 
 157   (0.008) 0.001 0.003 0.003 0.001 0.001 0.004 0.005 0.020 0.002 0.001 0.004 0.000 0.004 0.004 0.001 0.000 
 145   (0.088) 0.016 0.043 0.064 0.052 0.010 0.094 0.093 0.007 0.039 0.070 0.092 0.006 0.075 0.111 0.272 0.184 
 147   (0.048) 0.005 0.003 0.034 0.011 0.005 0.052 0.052 0.001 0.015 0.084 0.049 0.146 0.045 0.008 0.006 0.195 
 133   (0.014) 0.001 0.001 0.029 0.003 0.002 0.009 0.010 0.000 0.003 0.002 0.009 0.032 0.021 0.002 0.001 0.001 

Locus 16 : 16 
5 alleles
0.2% missing data
 156   (0.226) 0.069 0.260 0.321 0.052 0.193 0.198 0.206 0.314 0.169 0.258 0.204 0.501 0.267 0.325 0.514 0.162 
 158   (0.532) 0.751 0.498 0.495 0.626 0.330 0.583 0.565 0.499 0.606 0.631 0.582 0.197 0.516 0.469 0.250 0.314 
 160   (0.146) 0.170 0.203 0.113 0.297 0.465 0.127 0.134 0.140 0.176 0.084 0.120 0.113 0.130 0.148 0.016 0.119 
 154   (0.087) 0.009 0.039 0.067 0.024 0.011 0.087 0.090 0.046 0.029 0.018 0.090 0.189 0.082 0.056 0.218 0.405 
 152   (0.009) 0.001 0.001 0.003 0.002 0.001 0.004 0.005 0.000 0.020 0.009 0.005 0.001 0.004 0.001 0.001 0.001 

Locus 17 : 17 
5 alleles
0.0% missing data
 102   (0.201) 0.163 0.252 0.132 0.323 0.094 0.193 0.198 0.246 0.432 0.125 0.202 0.199 0.150 0.184 0.024 0.039 
  90   (0.683) 0.811 0.739 0.768 0.395 0.623 0.658 0.671 0.717 0.534 0.852 0.659 0.793 0.737 0.793 0.578 0.323 
  88   (0.068) 0.022 0.006 0.051 0.272 0.279 0.079 0.076 0.036 0.018 0.009 0.076 0.005 0.066 0.013 0.007 0.466 
 100   (0.042) 0.004 0.003 0.046 0.008 0.004 0.067 0.050 0.001 0.012 0.006 0.060 0.002 0.045 0.009 0.390 0.171 
 104   (0.007) 0.001 0.001 0.003 0.001 0.001 0.003 0.004 0.000 0.003 0.008 0.003 0.000 0.003 0.001 0.001 0.000 

Locus 18 : 18 
7 alleles
0.0% missing data
 142   (0.128) 0.390 0.421 0.157 0.081 0.789 0.133 0.129 0.412 0.059 0.064 0.135 0.008 0.147 0.024 0.016 0.018 
 146   (0.079) 0.020 0.328 0.063 0.097 0.036 0.076 0.072 0.153 0.236 0.014 0.084 0.226 0.059 0.082 0.008 0.004 
 140   (0.287) 0.435 0.044 0.252 0.514 0.046 0.304 0.295 0.104 0.211 0.281 0.291 0.177 0.267 0.503 0.276 0.298 
 127   (0.302) 0.080 0.129 0.372 0.196 0.077 0.316 0.313 0.253 0.299 0.336 0.310 0.058 0.349 0.230 0.548 0.385 
 148   (0.096) 0.047 0.009 0.060 0.027 0.032 0.075 0.091 0.066 0.136 0.067 0.079 0.218 0.081 0.117 0.010 0.067 
 150   (0.052) 0.005 0.004 0.050 0.068 0.006 0.056 0.050 0.001 0.028 0.193 0.058 0.309 0.046 0.012 0.005 0.225 
 138   (0.055) 0.022 0.065 0.046 0.017 0.015 0.040 0.050 0.010 0.031 0.044 0.042 0.004 0.051 0.033 0.137 0.003 

Locus 19 : 19 
8 alleles
0.2% missing data
 188   (0.176) 0.170 0.024 0.192 0.043 0.554 0.202 0.195 0.117 0.087 0.197 0.191 0.171 0.198 0.067 0.019 0.010 
 190   (0.128) 0.328 0.586 0.099 0.385 0.015 0.083 0.099 0.369 0.070 0.233 0.094 0.198 0.097 0.240 0.013 0.040 
 194   (0.580) 0.492 0.382 0.622 0.193 0.421 0.596 0.593 0.510 0.569 0.537 0.602 0.480 0.610 0.603 0.956 0.555 
 202   (0.017) 0.001 0.001 0.008 0.003 0.001 0.012 0.013 0.000 0.003 0.002 0.013 0.146 0.009 0.003 0.002 0.042 
 200   (0.079) 0.007 0.006 0.067 0.373 0.007 0.096 0.088 0.002 0.267 0.029 0.090 0.005 0.074 0.080 0.008 0.314 
 192   (0.006) 0.001 0.000 0.003 0.001 0.000 0.005 0.005 0.000 0.001 0.001 0.004 0.000 0.004 0.004 0.001 0.000 
 196   (0.007) 0.001 0.001 0.007 0.001 0.000 0.003 0.004 0.000 0.001 0.001 0.004 0.000 0.006 0.001 0.001 0.000 
 198   (0.007) 0.001 0.000 0.002 0.001 0.000 0.003 0.004 0.000 0.001 0.001 0.003 0.000 0.003 0.001 0.001 0.038 

Locus 20 : 20 
6 alleles
0.8% missing data
 252   (0.698) 0.700 0.922 0.792 0.550 0.821 0.722 0.723 0.830 0.828 0.748 0.719 0.729 0.771 0.740 0.382 0.073 
 250   (0.085) 0.048 0.011 0.047 0.131 0.011 0.070 0.074 0.118 0.028 0.094 0.069 0.140 0.060 0.072 0.347 0.428 
 244   (0.023) 0.002 0.039 0.011 0.005 0.143 0.014 0.016 0.002 0.007 0.006 0.016 0.001 0.012 0.007 0.005 0.047 
 254   (0.081) 0.010 0.019 0.066 0.019 0.011 0.071 0.069 0.032 0.104 0.090 0.075 0.082 0.064 0.056 0.103 0.244 
 246   (0.092) 0.236 0.007 0.069 0.291 0.010 0.077 0.086 0.006 0.025 0.059 0.076 0.047 0.077 0.121 0.161 0.207 
 248   (0.022) 0.003 0.002 0.014 0.004 0.003 0.046 0.032 0.011 0.008 0.003 0.045 0.001 0.016 0.004 0.002 0.001 

Locus 21 : 21 
7 alleles
0.2% missing data
 173   (0.293) 0.142 0.408 0.322 0.073 0.161 0.258 0.274 0.358 0.472 0.596 0.271 0.211 0.297 0.315 0.121 0.208 
 177   (0.269) 0.653 0.159 0.241 0.509 0.176 0.323 0.289 0.304 0.244 0.221 0.318 0.168 0.261 0.082 0.274 0.041 
 175   (0.136) 0.022 0.069 0.126 0.040 0.017 0.119 0.130 0.018 0.086 0.073 0.125 0.257 0.124 0.324 0.484 0.504 
 167   (0.197) 0.170 0.305 0.236 0.095 0.636 0.187 0.193 0.316 0.168 0.092 0.183 0.123 0.217 0.143 0.110 0.068 
 163   (0.038) 0.004 0.003 0.029 0.008 0.004 0.035 0.037 0.003 0.010 0.010 0.036 0.229 0.033 0.015 0.004 0.107 
 165   (0.047) 0.007 0.055 0.028 0.272 0.004 0.053 0.048 0.001 0.012 0.006 0.047 0.012 0.035 0.117 0.005 0.071 
 159   (0.019) 0.002 0.001 0.018 0.004 0.002 0.025 0.029 0.000 0.007 0.002 0.020 0.001 0.033 0.003 0.002 0.001 

Locus 22 : 22 
11 alleles
0.6% missing data
 146   (0.231) 0.215 0.055 0.222 0.294 0.829 0.247 0.240 0.269 0.345 0.255 0.248 0.139 0.230 0.170 0.072 0.014 
 154   (0.009) 0.002 0.010 0.003 0.002 0.001 0.004 0.005 0.080 0.002 0.001 0.004 0.001 0.004 0.001 0.001 0.000 
 166   (0.087) 0.273 0.008 0.064 0.022 0.010 0.122 0.111 0.036 0.030 0.023 0.114 0.005 0.078 0.077 0.113 0.005 
 152   (0.425) 0.437 0.905 0.495 0.592 0.132 0.394 0.401 0.574 0.542 0.653 0.405 0.366 0.455 0.503 0.505 0.100 
 150   (0.030) 0.008 0.004 0.015 0.007 0.004 0.040 0.031 0.007 0.015 0.005 0.037 0.002 0.018 0.005 0.111 0.103 
 164   (0.036) 0.045 0.005 0.029 0.008 0.005 0.024 0.029 0.012 0.011 0.006 0.025 0.003 0.028 0.057 0.005 0.067 
 156   (0.019) 0.002 0.001 0.007 0.004 0.002 0.009 0.013 0.001 0.004 0.018 0.011 0.302 0.009 0.004 0.002 0.113 
 162   (0.051) 0.005 0.004 0.051 0.021 0.005 0.049 0.055 0.001 0.025 0.011 0.044 0.072 0.061 0.047 0.006 0.138 
 158   (0.087) 0.009 0.007 0.102 0.046 0.011 0.091 0.094 0.018 0.021 0.017 0.086 0.109 0.102 0.131 0.010 0.432 
 148   (0.009) 0.001 0.001 0.004 0.001 0.001 0.004 0.006 0.000 0.002 0.001 0.005 0.001 0.005 0.001 0.173 0.000 
 142   (0.016) 0.001 0.001 0.008 0.003 0.001 0.017 0.015 0.000 0.004 0.012 0.020 0.001 0.009 0.003 0.002 0.027 

Locus 23 : 23 
7 alleles
0.8% missing data
 152   (0.013) 0.093 0.001 0.005 0.002 0.001 0.007 0.008 0.074 0.004 0.002 0.007 0.001 0.006 0.002 0.001 0.001 
 156   (0.117) 0.092 0.011 0.203 0.028 0.012 0.126 0.121 0.043 0.039 0.047 0.130 0.030 0.162 0.124 0.014 0.432 
 144   (0.179) 0.152 0.069 0.129 0.055 0.028 0.159 0.167 0.206 0.185 0.309 0.157 0.644 0.147 0.196 0.607 0.245 
 160   (0.109) 0.311 0.112 0.064 0.311 0.012 0.096 0.098 0.194 0.129 0.115 0.103 0.104 0.077 0.139 0.013 0.012 
 154   (0.545) 0.348 0.793 0.577 0.597 0.919 0.577 0.569 0.481 0.636 0.524 0.568 0.219 0.576 0.528 0.360 0.171 
 158   (0.028) 0.003 0.013 0.017 0.006 0.028 0.031 0.030 0.001 0.007 0.004 0.029 0.002 0.024 0.010 0.003 0.138 
 146   (0.008) 0.001 0.000 0.006 0.001 0.001 0.005 0.008 0.000 0.001 0.001 0.006 0.000 0.007 0.001 0.001 0.000 

Locus 24 : 24 
4 alleles
0.4% missing data
  77   (0.084) 0.018 0.136 0.093 0.035 0.033 0.056 0.070 0.359 0.154 0.057 0.061 0.049 0.081 0.085 0.009 0.005 
  83   (0.467) 0.586 0.714 0.413 0.744 0.224 0.449 0.456 0.437 0.342 0.480 0.443 0.921 0.426 0.600 0.689 0.588 
  81   (0.367) 0.366 0.142 0.373 0.200 0.731 0.418 0.395 0.177 0.437 0.340 0.419 0.024 0.389 0.272 0.293 0.378 
  85   (0.082) 0.030 0.007 0.121 0.021 0.011 0.078 0.079 0.027 0.066 0.123 0.078 0.005 0.105 0.043 0.009 0.029 

Locus 25 : 25 
6 alleles
0.4% missing data
 132   (0.317) 0.106 0.589 0.270 0.222 0.909 0.346 0.329 0.509 0.256 0.345 0.326 0.455 0.301 0.451 0.179 0.021 
 124   (0.533) 0.859 0.314 0.644 0.741 0.068 0.511 0.525 0.420 0.582 0.525 0.522 0.536 0.593 0.423 0.416 0.470 
 126   (0.027) 0.021 0.087 0.014 0.005 0.003 0.015 0.022 0.051 0.005 0.003 0.019 0.002 0.017 0.005 0.003 0.011 
 122   (0.091) 0.010 0.008 0.054 0.026 0.017 0.106 0.095 0.019 0.149 0.122 0.108 0.006 0.066 0.101 0.107 0.475 
 120   (0.018) 0.002 0.001 0.011 0.003 0.002 0.011 0.015 0.000 0.004 0.002 0.013 0.001 0.013 0.004 0.294 0.022 
 136   (0.014) 0.002 0.001 0.007 0.003 0.001 0.011 0.013 0.001 0.005 0.002 0.011 0.001 0.010 0.015 0.002 0.001 

Locus 26 : 26 
7 alleles
0.2% missing data
 165   (0.242) 0.152 0.030 0.226 0.207 0.684 0.243 0.245 0.140 0.217 0.296 0.249 0.054 0.228 0.343 0.322 0.115 
 183   (0.362) 0.458 0.789 0.345 0.628 0.211 0.351 0.350 0.530 0.257 0.332 0.336 0.422 0.355 0.457 0.294 0.210 
 179   (0.085) 0.099 0.009 0.072 0.047 0.016 0.066 0.080 0.067 0.176 0.023 0.075 0.005 0.077 0.019 0.345 0.282 
 175   (0.243) 0.285 0.167 0.231 0.106 0.082 0.281 0.259 0.262 0.326 0.341 0.283 0.453 0.241 0.154 0.031 0.015 
 181   (0.051) 0.005 0.003 0.118 0.009 0.005 0.052 0.053 0.001 0.021 0.006 0.047 0.065 0.090 0.026 0.006 0.263 
 185   (0.010) 0.001 0.001 0.005 0.002 0.001 0.005 0.007 0.000 0.002 0.001 0.006 0.001 0.005 0.002 0.001 0.114 
 157   (0.007) 0.001 0.000 0.003 0.001 0.001 0.004 0.005 0.000 0.001 0.001 0.005 0.000 0.004 0.001 0.001 0.000 

Locus 27 : 27 
4 alleles
0.2% missing data
 142   (0.643) 0.601 0.634 0.617 0.722 0.350 0.673 0.657 0.721 0.663 0.807 0.668 0.742 0.639 0.679 0.306 0.523 
 148   (0.203) 0.189 0.086 0.218 0.052 0.384 0.198 0.203 0.076 0.116 0.102 0.197 0.065 0.210 0.251 0.676 0.267 
 138   (0.049) 0.198 0.267 0.026 0.022 0.256 0.033 0.038 0.193 0.014 0.018 0.036 0.003 0.030 0.017 0.006 0.047 
 150   (0.106) 0.012 0.013 0.139 0.204 0.011 0.096 0.102 0.011 0.207 0.072 0.098 0.189 0.121 0.053 0.012 0.163 

Locus 28 : 28 
6 alleles
0.8% missing data
 260   (0.387) 0.517 0.661 0.286 0.490 0.276 0.439 0.412 0.271 0.523 0.504 0.425 0.377 0.333 0.294 0.133 0.218 
 262   (0.508) 0.472 0.330 0.615 0.482 0.712 0.473 0.483 0.722 0.399 0.384 0.487 0.549 0.554 0.665 0.854 0.695 
 256   (0.073) 0.008 0.007 0.073 0.022 0.010 0.067 0.077 0.006 0.068 0.066 0.066 0.072 0.084 0.036 0.010 0.086 
 258   (0.010) 0.001 0.001 0.007 0.002 0.001 0.009 0.012 0.000 0.002 0.001 0.009 0.001 0.011 0.002 0.001 0.001 
 266   (0.006) 0.001 0.000 0.002 0.001 0.001 0.003 0.004 0.000 0.002 0.009 0.003 0.000 0.003 0.001 0.001 0.000 
 264   (0.015) 0.001 0.001 0.018 0.003 0.001 0.008 0.012 0.000 0.006 0.035 0.010 0.001 0.015 0.002 0.001 0.001 

Locus 29 : 29 
7 alleles
0.2% missing data
 146   (0.281) 0.318 0.316 0.269 0.459 0.078 0.314 0.293 0.139 0.198 0.263 0.310 0.334 0.281 0.345 0.035 0.325 
 150   (0.437) 0.413 0.580 0.528 0.176 0.171 0.449 0.441 0.727 0.562 0.515 0.450 0.288 0.483 0.407 0.139 0.239 
 140   (0.175) 0.030 0.095 0.139 0.124 0.691 0.155 0.175 0.077 0.212 0.147 0.158 0.056 0.154 0.170 0.814 0.390 
 148   (0.062) 0.230 0.005 0.033 0.154 0.053 0.044 0.051 0.048 0.016 0.033 0.047 0.318 0.042 0.051 0.007 0.035 
 152   (0.028) 0.003 0.002 0.023 0.066 0.005 0.030 0.030 0.001 0.007 0.040 0.026 0.002 0.031 0.005 0.003 0.010 
 151   (0.009) 0.005 0.001 0.004 0.007 0.002 0.005 0.006 0.008 0.004 0.001 0.005 0.001 0.005 0.002 0.001 0.001 
 142   (0.008) 0.001 0.001 0.003 0.013 0.001 0.003 0.005 0.001 0.001 0.001 0.004 0.000 0.004 0.019 0.001 0.000 

Locus 30 : 30 
6 alleles
0.2% missing data
 125   (0.286) 0.278 0.304 0.331 0.097 0.627 0.320 0.316 0.510 0.109 0.069 0.320 0.029 0.319 0.307 0.137 0.140 
 129   (0.433) 0.665 0.663 0.404 0.458 0.309 0.402 0.412 0.430 0.570 0.633 0.395 0.786 0.414 0.420 0.210 0.079 
 123   (0.152) 0.045 0.025 0.167 0.109 0.049 0.153 0.148 0.056 0.193 0.265 0.161 0.102 0.155 0.110 0.018 0.111 
 127   (0.083) 0.008 0.006 0.062 0.326 0.010 0.067 0.077 0.002 0.065 0.022 0.066 0.080 0.075 0.153 0.590 0.530 
 121   (0.012) 0.001 0.001 0.008 0.002 0.001 0.009 0.010 0.000 0.002 0.002 0.010 0.001 0.008 0.003 0.041 0.001 
 131   (0.035) 0.003 0.002 0.028 0.007 0.003 0.048 0.037 0.001 0.061 0.009 0.047 0.002 0.030 0.007 0.004 0.140 

Locus 31 : 31 
6 alleles
0.2% missing data
 159   (0.168) 0.105 0.020 0.227 0.047 0.067 0.153 0.158 0.168 0.296 0.275 0.158 0.011 0.199 0.301 0.019 0.201 
 155   (0.551) 0.857 0.928 0.513 0.494 0.581 0.598 0.576 0.633 0.315 0.462 0.593 0.707 0.537 0.417 0.522 0.420 
 157   (0.176) 0.027 0.019 0.192 0.437 0.298 0.163 0.170 0.110 0.321 0.149 0.163 0.020 0.186 0.254 0.114 0.061 
 153   (0.067) 0.007 0.028 0.038 0.014 0.048 0.063 0.065 0.086 0.060 0.109 0.061 0.004 0.047 0.014 0.101 0.308 
 151   (0.031) 0.003 0.005 0.026 0.007 0.004 0.020 0.027 0.002 0.007 0.004 0.022 0.257 0.027 0.014 0.243 0.009 
 163   (0.006) 0.001 0.000 0.003 0.001 0.001 0.004 0.004 0.001 0.002 0.002 0.004 0.000 0.003 0.001 0.001 0.000 

Locus 32 : 32 
5 alleles
0.0% missing data
 146   (0.310) 0.046 0.045 0.347 0.225 0.058 0.352 0.335 0.080 0.296 0.375 0.346 0.314 0.332 0.265 0.584 0.652 
 150   (0.577) 0.867 0.868 0.586 0.407 0.930 0.555 0.563 0.850 0.659 0.565 0.558 0.639 0.579 0.508 0.403 0.250 
 148   (0.064) 0.081 0.083 0.036 0.355 0.007 0.043 0.054 0.069 0.028 0.011 0.043 0.045 0.052 0.118 0.007 0.033 
 154   (0.036) 0.005 0.003 0.025 0.009 0.004 0.038 0.038 0.001 0.012 0.006 0.040 0.002 0.029 0.107 0.004 0.064 
 152   (0.012) 0.001 0.001 0.007 0.003 0.001 0.013 0.011 0.000 0.005 0.043 0.014 0.001 0.007 0.002 0.001 0.001 

Locus 33 : 33 
7 alleles
0.0% missing data
 180   (0.467) 0.359 0.329 0.442 0.512 0.425 0.486 0.482 0.666 0.403 0.306 0.482 0.672 0.461 0.526 0.700 0.356 
 196   (0.114) 0.213 0.278 0.100 0.025 0.126 0.112 0.112 0.165 0.129 0.160 0.115 0.007 0.103 0.049 0.013 0.025 
 184   (0.198) 0.115 0.221 0.196 0.092 0.423 0.180 0.186 0.133 0.078 0.409 0.176 0.071 0.190 0.280 0.264 0.186 
 194   (0.014) 0.025 0.091 0.005 0.003 0.001 0.006 0.008 0.026 0.003 0.002 0.007 0.001 0.006 0.003 0.001 0.001 
 192   (0.129) 0.013 0.009 0.182 0.351 0.015 0.125 0.135 0.006 0.269 0.111 0.122 0.183 0.172 0.102 0.014 0.165 
 198   (0.063) 0.274 0.070 0.060 0.015 0.008 0.084 0.067 0.003 0.023 0.009 0.090 0.066 0.056 0.017 0.007 0.266 
 190   (0.016) 0.002 0.001 0.015 0.003 0.001 0.009 0.011 0.000 0.095 0.004 0.010 0.001 0.012 0.023 0.001 0.001 

Locus 34 : 34 
6 alleles
0.0% missing data
 110   (0.196) 0.160 0.594 0.144 0.163 0.257 0.177 0.189 0.313 0.200 0.062 0.188 0.069 0.166 0.215 0.214 0.110 
 112   (0.354) 0.747 0.308 0.362 0.424 0.076 0.381 0.375 0.550 0.308 0.406 0.364 0.057 0.377 0.299 0.040 0.048 
 106   (0.267) 0.073 0.025 0.333 0.157 0.589 0.254 0.247 0.115 0.370 0.441 0.270 0.713 0.282 0.412 0.223 0.248 
  90   (0.041) 0.005 0.028 0.035 0.223 0.063 0.033 0.034 0.016 0.022 0.006 0.034 0.002 0.033 0.009 0.408 0.002 
 108   (0.132) 0.014 0.043 0.121 0.030 0.015 0.150 0.149 0.005 0.098 0.085 0.138 0.112 0.135 0.064 0.114 0.591 
  96   (0.010) 0.001 0.001 0.005 0.003 0.001 0.005 0.007 0.000 0.002 0.001 0.006 0.046 0.006 0.002 0.001 0.001 

Locus 35 : 35 
9 alleles
0.0% missing data
 166   (0.062) 0.172 0.364 0.029 0.111 0.011 0.052 0.052 0.263 0.033 0.118 0.056 0.004 0.034 0.054 0.008 0.004 
 176   (0.103) 0.389 0.087 0.118 0.035 0.024 0.087 0.095 0.138 0.027 0.013 0.088 0.015 0.108 0.219 0.012 0.097 
 172   (0.325) 0.201 0.479 0.254 0.255 0.447 0.375 0.341 0.445 0.404 0.445 0.377 0.587 0.276 0.136 0.041 0.165 
 170   (0.268) 0.154 0.040 0.256 0.205 0.484 0.235 0.251 0.146 0.225 0.240 0.226 0.324 0.262 0.519 0.612 0.349 
 174   (0.129) 0.016 0.022 0.239 0.369 0.012 0.124 0.137 0.005 0.251 0.100 0.137 0.062 0.196 0.047 0.015 0.042 
 178   (0.037) 0.062 0.003 0.038 0.009 0.015 0.036 0.044 0.002 0.013 0.023 0.034 0.002 0.049 0.007 0.005 0.002 
 168   (0.051) 0.005 0.003 0.051 0.012 0.005 0.068 0.057 0.001 0.015 0.017 0.064 0.003 0.052 0.013 0.305 0.320 
 186   (0.020) 0.002 0.001 0.012 0.004 0.002 0.019 0.018 0.001 0.032 0.043 0.014 0.001 0.018 0.003 0.002 0.020 
 158   (0.006) 0.001 0.000 0.003 0.001 0.000 0.004 0.006 0.000 0.001 0.001 0.004 0.000 0.005 0.001 0.001 0.000 

Locus 36 : 36 
6 alleles
0.0% missing data
  89   (0.568) 0.721 0.634 0.559 0.647 0.227 0.609 0.585 0.670 0.716 0.657 0.596 0.509 0.567 0.496 0.372 0.602 
  95   (0.063) 0.019 0.034 0.033 0.017 0.047 0.050 0.057 0.089 0.056 0.092 0.053 0.005 0.043 0.088 0.007 0.027 
  85   (0.165) 0.223 0.250 0.186 0.278 0.267 0.140 0.150 0.217 0.062 0.171 0.150 0.234 0.171 0.146 0.493 0.014 
  81   (0.059) 0.006 0.005 0.118 0.015 0.008 0.055 0.063 0.006 0.031 0.018 0.053 0.004 0.096 0.178 0.008 0.003 
  83   (0.126) 0.030 0.076 0.095 0.039 0.450 0.134 0.130 0.018 0.130 0.055 0.134 0.248 0.112 0.090 0.014 0.326 
  91   (0.018) 0.002 0.001 0.009 0.004 0.002 0.013 0.015 0.001 0.004 0.008 0.014 0.001 0.012 0.003 0.106 0.026 

Locus 37 : 37 
10 alleles
0.0% missing data
 161   (0.352) 0.519 0.536 0.451 0.427 0.098 0.324 0.334 0.578 0.299 0.211 0.325 0.373 0.397 0.397 0.433 0.708 
 165   (0.228) 0.290 0.040 0.183 0.093 0.059 0.267 0.250 0.193 0.187 0.298 0.268 0.101 0.207 0.188 0.132 0.112 
 159   (0.015) 0.007 0.047 0.006 0.003 0.001 0.016 0.013 0.031 0.003 0.002 0.017 0.001 0.007 0.002 0.002 0.001 
 173   (0.252) 0.073 0.140 0.222 0.413 0.156 0.241 0.250 0.132 0.362 0.278 0.245 0.515 0.242 0.384 0.224 0.170 
 169   (0.100) 0.106 0.233 0.101 0.054 0.682 0.102 0.100 0.054 0.124 0.146 0.097 0.006 0.096 0.020 0.204 0.006 
 167   (0.017) 0.002 0.001 0.011 0.004 0.002 0.020 0.017 0.010 0.018 0.002 0.020 0.002 0.012 0.003 0.002 0.001 
 168   (0.010) 0.001 0.001 0.007 0.002 0.001 0.009 0.011 0.000 0.002 0.001 0.009 0.001 0.011 0.002 0.001 0.001 
 155   (0.012) 0.001 0.001 0.013 0.002 0.001 0.014 0.016 0.000 0.002 0.002 0.011 0.001 0.021 0.002 0.001 0.001 
 177   (0.007) 0.001 0.000 0.004 0.002 0.001 0.004 0.005 0.000 0.002 0.001 0.005 0.000 0.004 0.001 0.001 0.000 
 175   (0.007) 0.001 0.000 0.002 0.001 0.001 0.003 0.004 0.000 0.001 0.059 0.003 0.000 0.003 0.001 0.001 0.000 

Locus 38 : 38 
6 alleles
0.6% missing data
  87   (0.096) 0.138 0.208 0.065 0.021 0.012 0.062 0.075 0.159 0.131 0.022 0.069 0.128 0.069 0.109 0.554 0.439 
  89   (0.443) 0.673 0.463 0.507 0.404 0.762 0.495 0.474 0.607 0.461 0.593 0.484 0.092 0.488 0.222 0.052 0.226 
  91   (0.167) 0.025 0.245 0.164 0.090 0.186 0.186 0.168 0.106 0.153 0.050 0.188 0.185 0.159 0.205 0.207 0.100 
  81   (0.112) 0.081 0.011 0.085 0.432 0.011 0.111 0.117 0.097 0.057 0.060 0.114 0.116 0.102 0.219 0.013 0.007 
  85   (0.175) 0.082 0.057 0.176 0.052 0.028 0.143 0.163 0.030 0.197 0.274 0.141 0.478 0.178 0.244 0.174 0.228 
  83   (0.007) 0.001 0.015 0.002 0.001 0.001 0.003 0.004 0.000 0.001 0.001 0.003 0.000 0.003 0.001 0.001 0.000 

Locus 39 : 39 
4 alleles
0.6% missing data
 167   (0.784) 0.935 0.848 0.835 0.795 0.930 0.785 0.783 0.922 0.848 0.779 0.791 0.859 0.803 0.948 0.686 0.393 
 161   (0.178) 0.061 0.149 0.143 0.190 0.061 0.178 0.183 0.076 0.117 0.161 0.170 0.138 0.172 0.045 0.311 0.457 
 165   (0.031) 0.003 0.002 0.019 0.013 0.008 0.032 0.029 0.001 0.034 0.060 0.033 0.002 0.022 0.006 0.003 0.150 
 177   (0.006) 0.001 0.001 0.003 0.001 0.001 0.006 0.006 0.000 0.002 0.001 0.005 0.001 0.004 0.001 0.001 0.000 

Locus 40 : 40 
6 alleles
0.4% missing data
 228   (0.422) 0.667 0.696 0.391 0.640 0.727 0.396 0.407 0.484 0.463 0.526 0.412 0.229 0.390 0.441 0.550 0.117 
 238   (0.335) 0.261 0.275 0.410 0.086 0.072 0.366 0.357 0.334 0.312 0.302 0.352 0.115 0.392 0.269 0.080 0.069 
 224   (0.024) 0.044 0.002 0.010 0.220 0.003 0.013 0.016 0.108 0.005 0.003 0.014 0.002 0.012 0.014 0.003 0.011 
 236   (0.105) 0.015 0.019 0.067 0.027 0.187 0.094 0.100 0.070 0.089 0.037 0.092 0.392 0.080 0.113 0.354 0.286 
 232   (0.012) 0.002 0.001 0.028 0.002 0.001 0.009 0.009 0.000 0.003 0.002 0.008 0.001 0.019 0.002 0.001 0.001 
 240   (0.103) 0.010 0.007 0.094 0.025 0.011 0.123 0.112 0.003 0.128 0.131 0.121 0.262 0.107 0.161 0.012 0.517 

Locus 41 : 41 
7 alleles
0.0% missing data
 128   (0.113) 0.049 0.009 0.124 0.252 0.236 0.115 0.106 0.172 0.151 0.204 0.122 0.032 0.109 0.072 0.012 0.006 
 130   (0.537) 0.601 0.877 0.552 0.504 0.693 0.552 0.551 0.540 0.518 0.417 0.554 0.780 0.549 0.516 0.061 0.738 
 114   (0.055) 0.036 0.054 0.041 0.011 0.032 0.042 0.049 0.118 0.015 0.007 0.042 0.003 0.047 0.078 0.502 0.003 
 132   (0.120) 0.295 0.010 0.136 0.027 0.018 0.121 0.114 0.164 0.144 0.250 0.109 0.048 0.134 0.154 0.014 0.007 
 118   (0.060) 0.006 0.004 0.053 0.033 0.009 0.056 0.055 0.003 0.103 0.071 0.058 0.130 0.052 0.011 0.206 0.071 
 134   (0.109) 0.012 0.045 0.092 0.173 0.012 0.111 0.119 0.004 0.067 0.050 0.110 0.007 0.106 0.168 0.205 0.174 
 136   (0.006) 0.001 0.000 0.003 0.001 0.001 0.004 0.005 0.000 0.001 0.001 0.005 0.000 0.004 0.001 0.001 0.000 

Locus 42 : 42 
6 alleles
1.2% missing data
 102   (0.267) 0.426 0.527 0.195 0.212 0.071 0.279 0.264 0.390 0.371 0.347 0.261 0.475 0.218 0.412 0.572 0.015 
 104   (0.401) 0.159 0.222 0.430 0.693 0.107 0.442 0.435 0.191 0.513 0.451 0.445 0.414 0.441 0.322 0.049 0.231 
  92   (0.112) 0.280 0.043 0.179 0.036 0.015 0.095 0.102 0.124 0.051 0.068 0.097 0.007 0.145 0.087 0.052 0.317 
  96   (0.076) 0.071 0.021 0.076 0.020 0.715 0.066 0.067 0.067 0.019 0.022 0.075 0.005 0.071 0.056 0.096 0.177 
  98   (0.138) 0.064 0.175 0.118 0.039 0.092 0.115 0.128 0.228 0.043 0.111 0.119 0.099 0.122 0.122 0.230 0.260 
 106   (0.006) 0.001 0.012 0.003 0.002 0.001 0.003 0.004 0.000 0.001 0.001 0.003 0.000 0.003 0.001 0.001 0.000 

Locus 43 : 43 
6 alleles
1.4% missing data
 101   (0.304) 0.195 0.617 0.360 0.210 0.083 0.293 0.290 0.434 0.284 0.297 0.297 0.179 0.326 0.467 0.035 0.368 
 103   (0.313) 0.388 0.193 0.253 0.129 0.454 0.324 0.335 0.179 0.419 0.434 0.313 0.352 0.305 0.278 0.227 0.108 
  99   (0.141) 0.223 0.055 0.188 0.595 0.072 0.134 0.139 0.030 0.053 0.083 0.134 0.009 0.168 0.065 0.414 0.182 
  95   (0.219) 0.192 0.134 0.185 0.061 0.389 0.229 0.213 0.357 0.238 0.183 0.235 0.459 0.183 0.185 0.171 0.335 
  97   (0.017) 0.002 0.001 0.011 0.003 0.002 0.015 0.017 0.000 0.003 0.002 0.015 0.001 0.014 0.003 0.152 0.006 
  91   (0.007) 0.001 0.000 0.003 0.001 0.001 0.006 0.006 0.000 0.001 0.001 0.006 0.000 0.004 0.001 0.001 0.000 

Locus 44 : 44 
7 alleles
0.2% missing data
 177   (0.079) 0.173 0.011 0.053 0.017 0.011 0.087 0.083 0.074 0.058 0.035 0.083 0.005 0.069 0.063 0.010 0.110 
 191   (0.284) 0.111 0.055 0.293 0.329 0.055 0.317 0.306 0.213 0.322 0.106 0.291 0.098 0.320 0.304 0.281 0.635 
 181   (0.570) 0.710 0.929 0.612 0.569 0.929 0.537 0.545 0.711 0.606 0.792 0.559 0.863 0.563 0.617 0.519 0.137 
 189   (0.007) 0.001 0.000 0.002 0.001 0.000 0.003 0.004 0.000 0.001 0.001 0.003 0.030 0.003 0.001 0.001 0.000 
 179   (0.041) 0.004 0.003 0.031 0.079 0.003 0.045 0.048 0.001 0.009 0.005 0.051 0.003 0.033 0.011 0.187 0.107 
 183   (0.009) 0.001 0.001 0.006 0.002 0.001 0.007 0.008 0.000 0.002 0.002 0.007 0.001 0.007 0.002 0.001 0.001 
 193   (0.010) 0.001 0.001 0.004 0.002 0.001 0.005 0.006 0.000 0.002 0.059 0.006 0.001 0.004 0.002 0.001 0.010 

Locus 45 : 45 
6 alleles
0.8% missing data
 205   (0.458) 0.549 0.735 0.414 0.525 0.865 0.499 0.484 0.453 0.405 0.552 0.489 0.404 0.445 0.535 0.247 0.310 
 211   (0.231) 0.100 0.162 0.314 0.286 0.048 0.224 0.227 0.269 0.144 0.151 0.224 0.273 0.281 0.187 0.341 0.391 
 207   (0.142) 0.194 0.065 0.108 0.057 0.065 0.128 0.140 0.141 0.191 0.232 0.130 0.202 0.122 0.094 0.017 0.072 
 201   (0.076) 0.125 0.030 0.087 0.025 0.012 0.060 0.064 0.075 0.168 0.019 0.063 0.005 0.076 0.081 0.384 0.040 
 215   (0.081) 0.031 0.007 0.071 0.105 0.009 0.076 0.074 0.062 0.089 0.044 0.079 0.115 0.069 0.101 0.010 0.179 
 202   (0.011) 0.001 0.001 0.006 0.002 0.001 0.014 0.011 0.000 0.002 0.002 0.014 0.001 0.008 0.002 0.001 0.008 

Locus 46 : 46 
10 alleles
1.0% missing data
 144   (0.068) 0.051 0.143 0.081 0.073 0.048 0.059 0.058 0.278 0.074 0.014 0.068 0.128 0.066 0.015 0.008 0.007 
 158   (0.150) 0.410 0.015 0.135 0.198 0.040 0.128 0.143 0.139 0.197 0.035 0.128 0.083 0.149 0.267 0.020 0.123 
 168   (0.145) 0.065 0.367 0.120 0.033 0.058 0.158 0.157 0.178 0.065 0.030 0.164 0.105 0.131 0.131 0.217 0.216 
 166   (0.144) 0.113 0.206 0.117 0.040 0.462 0.113 0.132 0.346 0.083 0.254 0.119 0.389 0.126 0.090 0.124 0.025 
 142   (0.354) 0.327 0.257 0.318 0.629 0.375 0.428 0.384 0.054 0.507 0.604 0.407 0.286 0.338 0.436 0.046 0.142 
 170   (0.016) 0.002 0.003 0.029 0.004 0.002 0.009 0.011 0.001 0.003 0.002 0.011 0.001 0.021 0.005 0.002 0.047 
 156   (0.028) 0.016 0.002 0.017 0.005 0.002 0.024 0.026 0.001 0.023 0.004 0.021 0.002 0.025 0.005 0.467 0.084 
 162   (0.046) 0.004 0.003 0.061 0.009 0.005 0.040 0.044 0.001 0.014 0.042 0.046 0.003 0.050 0.038 0.110 0.162 
 164   (0.042) 0.011 0.003 0.118 0.008 0.005 0.035 0.040 0.002 0.033 0.014 0.032 0.003 0.090 0.011 0.005 0.194 
 160   (0.007) 0.001 0.000 0.004 0.001 0.001 0.004 0.006 0.000 0.001 0.001 0.005 0.000 0.004 0.002 0.001 0.000 

Locus 47 : 47 
7 alleles
9.9% missing data
 149   (0.349) 0.188 0.291 0.321 0.498 0.485 0.389 0.368 0.191 0.317 0.397 0.395 0.335 0.335 0.084 0.349 0.770 
 151   (0.184) 0.588 0.053 0.171 0.353 0.116 0.154 0.172 0.244 0.205 0.115 0.152 0.012 0.179 0.374 0.083 0.088 
 153   (0.194) 0.130 0.488 0.163 0.078 0.107 0.197 0.192 0.330 0.302 0.391 0.192 0.025 0.175 0.178 0.030 0.041 
 147   (0.027) 0.029 0.002 0.054 0.007 0.003 0.018 0.023 0.041 0.008 0.003 0.020 0.002 0.040 0.005 0.004 0.002 
 145   (0.224) 0.062 0.163 0.260 0.057 0.286 0.229 0.229 0.191 0.163 0.091 0.225 0.625 0.248 0.356 0.530 0.041 
 152   (0.007) 0.001 0.001 0.003 0.003 0.001 0.003 0.004 0.003 0.002 0.001 0.004 0.000 0.003 0.001 0.001 0.001 
 143   (0.016) 0.002 0.001 0.027 0.003 0.001 0.010 0.013 0.000 0.003 0.002 0.011 0.001 0.020 0.003 0.002 0.056 

Values of parameters used in structure:
DATAFILE=temp2.str,	OUTFILE=k16/temp2_k16_run10,	NUMINDS=486,	NUMLOCI=47,	MISSING=-9,	LABEL=1,	POPDATA=1,	POPFLAG=0,	PHENOTYPE=0,	EXTRACOLS=0,	MAXPOPS=16,	BURNIN=500000,	NUMREPS=750000,	USEPOPINFO=0,	INFERALPHA=1,	INFERLAMBDA=0,	POPSPECIFICLAMBDA=0,	POPALPHAS=0,	COMPUTEPROB=1,	NOADMIX=0,	ADMBURNIN=500,	UPDATEFREQ=100,	PRINTLIKES=0,	INTERMEDSAVE=0,	PRINTKLD=0,	PRINTNET=1,	PRINTLAMBDA=1,	ANCESTDIST=0,	NUMBOXES=1000,	ANCESTPINT=0.90000,	GENSBACK=2,	MIGRPRIOR=0.01000,	PRINTQHAT=0,	PRINTQSUM=1,	ALPHA=1.0000,	FREQSCORR=1,	FPRIORMEAN=0.0100,	FPRIORSD=0.0500,	ONEFST=0,	LAMBDA=1.0000,	UNIFPRIORALPHA=1,	ALPHAMAX=10.0000,	ALPHAPRIORA=1.0000,	ALPHAPRIORB=2.0000,	ALPHAPROPSD=0.0250,	STARTATPOPINFO=0,	RANDOMIZE=0,	LINKAGE=0,	METROFREQ=10,	REPORTHITRATE=0,	MARKOVPHASE=0,	PHASED=1,	PLOIDY=2,	PHASEINFO=0	LOCPRIOR=0, 	LOCPRIORINIT=1.000000, 	LOCDATA=0, 	LOCISPOP=1, 	LOCPRIORSTEP=0.100000, 	MAXLOCPRIOR=20.000000, 	SEED=787515,	
[STRAT parameters]:    NUMSIMSTATS=1000,	PHENOTYPECOL=-9,	POOLFREQ=10,	LOCUSxONLY=0,	EMERROR=0.00100,	MISSINGPHENO=-9,	