

----------------------------------------------------
STRUCTURE by Pritchard, Stephens and Donnelly (2000)
     and Falush, Stephens and Pritchard (2003)
       Code by Pritchard, Falush and Hubisz
             Version 2.3.4 (Jul 2012)
----------------------------------------------------



Command line arguments:   structure -D 927714 -K 17 -m mainparams -o k17/temp2_k17_run2 
Input File:    temp2.str

Run parameters:
   486 individuals
   47 loci
   17 populations assumed
   500000 Burn-in period
   750000 Reps
RANDOMIZE turned off


--------------------------------------------
Proportion of membership of each pre-defined
 population in each of the 17 clusters

Given    Inferred Clusters                                                                                                         Number of
 Pop       1      2      3      4      5      6      7      8      9     10     11     12     13     14     15     16     17      Individuals

  1:     0.009  0.010  0.837  0.012  0.004  0.009  0.009  0.010  0.006  0.009  0.034  0.010  0.009  0.009  0.003  0.010  0.008       63
  2:     0.011  0.007  0.842  0.014  0.006  0.010  0.011  0.014  0.010  0.011  0.011  0.005  0.011  0.013  0.003  0.014  0.007       20
  3:     0.003  0.004  0.003  0.004  0.007  0.004  0.004  0.004  0.006  0.003  0.004  0.004  0.004  0.004  0.932  0.004  0.004       36
  4:     0.011  0.013  0.690  0.036  0.004  0.010  0.017  0.018  0.008  0.010  0.099  0.014  0.017  0.016  0.003  0.030  0.006       21
  5:     0.008  0.006  0.360  0.011  0.003  0.007  0.007  0.007  0.006  0.014  0.532  0.010  0.007  0.007  0.003  0.006  0.005       31
  6:     0.006  0.019  0.862  0.006  0.005  0.009  0.007  0.007  0.004  0.012  0.016  0.005  0.007  0.007  0.004  0.019  0.004       21
  7:     0.016  0.035  0.011  0.758  0.004  0.022  0.018  0.020  0.022  0.005  0.012  0.016  0.017  0.019  0.005  0.008  0.011       25
  8:     0.014  0.021  0.448  0.021  0.009  0.015  0.022  0.025  0.039  0.013  0.128  0.046  0.023  0.023  0.092  0.052  0.009        8
  9:     0.009  0.010  0.536  0.008  0.005  0.024  0.009  0.009  0.004  0.333  0.018  0.006  0.009  0.009  0.002  0.006  0.005       17
 10:     0.005  0.004  0.004  0.006  0.003  0.004  0.005  0.005  0.005  0.003  0.004  0.005  0.005  0.005  0.003  0.004  0.931       29
 11:     0.002  0.002  0.002  0.002  0.959  0.002  0.003  0.003  0.001  0.003  0.002  0.002  0.003  0.003  0.006  0.002  0.002        9
 12:     0.017  0.053  0.010  0.053  0.009  0.018  0.159  0.145  0.026  0.009  0.015  0.095  0.151  0.167  0.018  0.041  0.014       26
 13:     0.039  0.108  0.012  0.025  0.009  0.129  0.098  0.103  0.045  0.012  0.012  0.158  0.099  0.098  0.012  0.029  0.011       74
 14:     0.083  0.110  0.018  0.019  0.007  0.279  0.068  0.064  0.069  0.009  0.012  0.057  0.067  0.063  0.011  0.051  0.014       35
 15:     0.292  0.194  0.029  0.021  0.008  0.193  0.044  0.051  0.013  0.007  0.013  0.017  0.050  0.039  0.007  0.014  0.007       24
 16:     0.017  0.040  0.025  0.034  0.009  0.024  0.149  0.141  0.010  0.007  0.011  0.135  0.135  0.156  0.022  0.060  0.025       43
 17:     0.009  0.017  0.013  0.012  0.003  0.011  0.189  0.154  0.012  0.048  0.012  0.019  0.237  0.129  0.006  0.120  0.009        4
--------------------------------------------

Allele-freq. divergence among pops (Net nucleotide distance),
computed using point estimates of P.

      1       2       3       4       5       6       7       8       9      10      11      12      13      14      15      16      17      
 1      -    0.0349  0.0667  0.0472  0.1404  0.0345  0.0328  0.0315  0.0798  0.1579  0.0716  0.0435  0.0328  0.0327  0.1327  0.0622  0.0811  
 2   0.0349     -    0.0494  0.0393  0.1276  0.0262  0.0168  0.0162  0.0613  0.1304  0.0629  0.0280  0.0167  0.0172  0.1134  0.0515  0.0748  
 3   0.0667  0.0494     -    0.0461  0.1463  0.0475  0.0321  0.0309  0.0806  0.1072  0.0422  0.0370  0.0319  0.0325  0.1474  0.0643  0.0820  
 4   0.0472  0.0393  0.0461     -    0.1080  0.0434  0.0202  0.0192  0.0632  0.1245  0.0581  0.0277  0.0207  0.0195  0.1064  0.0635  0.0618  
 5   0.1404  0.1276  0.1463  0.1080     -    0.1331  0.1017  0.1000  0.1723  0.2045  0.1451  0.1112  0.1033  0.0992  0.1140  0.1316  0.1344  
 6   0.0345  0.0262  0.0475  0.0434  0.1331     -    0.0214  0.0208  0.0710  0.1253  0.0692  0.0347  0.0209  0.0219  0.1331  0.0570  0.0775  
 7   0.0328  0.0168  0.0321  0.0202  0.1017  0.0214     -    0.0002  0.0518  0.1030  0.0409  0.0118  0.0001  0.0003  0.0848  0.0326  0.0559  
 8   0.0315  0.0162  0.0309  0.0192  0.1000  0.0208  0.0002     -    0.0509  0.1015  0.0403  0.0114  0.0002  0.0005  0.0837  0.0327  0.0544  
 9   0.0798  0.0613  0.0806  0.0632  0.1723  0.0710  0.0518  0.0509     -    0.1560  0.0847  0.0685  0.0517  0.0523  0.1362  0.0830  0.1102  
10   0.1579  0.1304  0.1072  0.1245  0.2045  0.1253  0.1030  0.1015  0.1560     -    0.1373  0.1151  0.1017  0.1048  0.2184  0.1440  0.1625  
11   0.0716  0.0629  0.0422  0.0581  0.1451  0.0692  0.0409  0.0403  0.0847  0.1373     -    0.0491  0.0415  0.0404  0.1410  0.0696  0.0961  
12   0.0435  0.0280  0.0370  0.0277  0.1112  0.0347  0.0118  0.0114  0.0685  0.1151  0.0491     -    0.0125  0.0115  0.0950  0.0429  0.0677  
13   0.0328  0.0167  0.0319  0.0207  0.1033  0.0209  0.0001  0.0002  0.0517  0.1017  0.0415  0.0125     -    0.0007  0.0860  0.0333  0.0566  
14   0.0327  0.0172  0.0325  0.0195  0.0992  0.0219  0.0003  0.0005  0.0523  0.1048  0.0404  0.0115  0.0007     -    0.0832  0.0316  0.0549  
15   0.1327  0.1134  0.1474  0.1064  0.1140  0.1331  0.0848  0.0837  0.1362  0.2184  0.1410  0.0950  0.0860  0.0832     -    0.1114  0.1237  
16   0.0622  0.0515  0.0643  0.0635  0.1316  0.0570  0.0326  0.0327  0.0830  0.1440  0.0696  0.0429  0.0333  0.0316  0.1114     -    0.0858  
17   0.0811  0.0748  0.0820  0.0618  0.1344  0.0775  0.0559  0.0544  0.1102  0.1625  0.0961  0.0677  0.0566  0.0549  0.1237  0.0858     -    

Average distances (expected heterozygosity) between individuals in same cluster:
cluster  1  : 0.5542 
cluster  2  : 0.5814 
cluster  3  : 0.5365 
cluster  4  : 0.5937 
cluster  5  : 0.5319 
cluster  6  : 0.5539 
cluster  7  : 0.6398 
cluster  8  : 0.6437 
cluster  9  : 0.5300 
cluster 10  : 0.4292 
cluster 11  : 0.5356 
cluster 12  : 0.6038 
cluster 13  : 0.6385 
cluster 14  : 0.6417 
cluster 15  : 0.6311 
cluster 16  : 0.5599 
cluster 17  : 0.5433 

--------------------------------------------
Estimated Ln Prob of Data   = -53094.3
Mean value of ln likelihood = -50027.5
Variance of ln likelihood   = 6133.7
Mean value of alpha         = 0.0341

Mean value of Fst_1         = 0.1702
Mean value of Fst_2         = 0.1077
Mean value of Fst_3         = 0.1472
Mean value of Fst_4         = 0.0968
Mean value of Fst_5         = 0.3118
Mean value of Fst_6         = 0.1232
Mean value of Fst_7         = 0.0302
Mean value of Fst_8         = 0.0179
Mean value of Fst_9         = 0.2555
Mean value of Fst_10         = 0.4168
Mean value of Fst_11         = 0.1865
Mean value of Fst_12         = 0.0633
Mean value of Fst_13         = 0.0338
Mean value of Fst_14         = 0.0220
Mean value of Fst_15         = 0.1909
Mean value of Fst_16         = 0.2375
Mean value of Fst_17         = 0.2162


Inferred ancestry of individuals:
        Label (%Miss) Pop:  Inferred clusters
  1      221    (0)    1 :  0.006 0.006 0.891 0.019 0.003 0.009 0.007 0.007 0.003 0.004 0.009 0.009 0.006 0.007 0.003 0.008 0.002 
  2      222    (0)    1 :  0.003 0.007 0.396 0.006 0.004 0.008 0.008 0.009 0.010 0.006 0.492 0.008 0.008 0.009 0.004 0.013 0.009 
  3      223    (0)    1 :  0.004 0.010 0.858 0.008 0.003 0.011 0.009 0.010 0.006 0.008 0.008 0.028 0.010 0.010 0.006 0.009 0.003 
  4      224    (0)    1 :  0.002 0.002 0.951 0.004 0.001 0.003 0.003 0.003 0.004 0.005 0.005 0.003 0.003 0.003 0.001 0.003 0.004 
  5      225    (0)    1 :  0.003 0.004 0.929 0.003 0.002 0.004 0.006 0.005 0.004 0.004 0.006 0.006 0.005 0.006 0.002 0.007 0.004 
  6      226    (0)    1 :  0.002 0.003 0.923 0.013 0.006 0.003 0.005 0.005 0.007 0.004 0.003 0.011 0.004 0.005 0.001 0.002 0.002 
  7      227    (0)    1 :  0.005 0.006 0.845 0.036 0.015 0.005 0.011 0.010 0.004 0.005 0.003 0.018 0.010 0.010 0.007 0.005 0.005 
  8      228    (0)    1 :  0.004 0.009 0.852 0.006 0.003 0.029 0.009 0.009 0.009 0.012 0.006 0.009 0.009 0.009 0.004 0.014 0.005 
  9      234    (0)    1 :  0.004 0.003 0.939 0.003 0.003 0.005 0.004 0.004 0.004 0.004 0.007 0.004 0.004 0.004 0.001 0.003 0.002 
 10      235    (0)    1 :  0.002 0.003 0.946 0.004 0.004 0.003 0.004 0.004 0.002 0.004 0.008 0.003 0.004 0.003 0.001 0.004 0.002 
 11      236    (0)    1 :  0.002 0.002 0.951 0.004 0.002 0.002 0.003 0.003 0.002 0.014 0.003 0.003 0.003 0.002 0.001 0.002 0.002 
 12      237    (0)    1 :  0.004 0.007 0.937 0.003 0.002 0.004 0.004 0.004 0.004 0.002 0.009 0.006 0.004 0.004 0.002 0.003 0.002 
 13      238    (0)    1 :  0.006 0.014 0.837 0.025 0.003 0.005 0.009 0.010 0.004 0.003 0.037 0.009 0.008 0.009 0.006 0.005 0.013 
 14      239    (0)    1 :  0.010 0.008 0.663 0.072 0.006 0.017 0.022 0.026 0.007 0.025 0.017 0.040 0.021 0.028 0.002 0.019 0.014 
 15      240    (0)    1 :  0.004 0.003 0.943 0.006 0.002 0.003 0.004 0.004 0.003 0.006 0.005 0.003 0.004 0.003 0.001 0.003 0.003 
 16      242    (0)    1 :  0.007 0.023 0.307 0.011 0.001 0.018 0.048 0.083 0.007 0.003 0.246 0.136 0.041 0.058 0.001 0.008 0.002 
 17      243    (0)    1 :  0.006 0.006 0.829 0.020 0.015 0.005 0.015 0.016 0.008 0.005 0.014 0.009 0.016 0.013 0.002 0.005 0.015 
 18      244    (0)    1 :  0.003 0.003 0.878 0.023 0.012 0.002 0.007 0.007 0.003 0.002 0.014 0.018 0.007 0.008 0.003 0.008 0.003 
 19      245    (0)    1 :  0.022 0.015 0.772 0.013 0.009 0.008 0.014 0.016 0.007 0.046 0.004 0.008 0.016 0.013 0.024 0.007 0.007 
 20      246    (0)    1 :  0.002 0.003 0.937 0.003 0.005 0.003 0.004 0.005 0.003 0.003 0.011 0.003 0.005 0.004 0.003 0.004 0.003 
 21      248    (0)    1 :  0.004 0.005 0.857 0.005 0.003 0.004 0.007 0.007 0.002 0.009 0.046 0.009 0.007 0.007 0.003 0.005 0.021 
 22      249    (0)    1 :  0.002 0.002 0.963 0.004 0.001 0.002 0.002 0.002 0.004 0.002 0.002 0.003 0.002 0.002 0.001 0.002 0.002 
 23      250    (0)    1 :  0.005 0.021 0.835 0.009 0.006 0.011 0.014 0.015 0.006 0.012 0.005 0.009 0.014 0.015 0.006 0.008 0.009 
 24      251    (0)    1 :  0.005 0.008 0.906 0.004 0.004 0.010 0.005 0.005 0.002 0.005 0.016 0.006 0.005 0.005 0.001 0.009 0.003 
 25      252    (0)    1 :  0.011 0.021 0.852 0.007 0.001 0.009 0.008 0.008 0.008 0.005 0.004 0.007 0.008 0.008 0.002 0.003 0.038 
 26      253    (0)    1 :  0.002 0.005 0.807 0.007 0.003 0.004 0.025 0.024 0.004 0.006 0.003 0.021 0.024 0.022 0.014 0.005 0.022 
 27      254    (0)    1 :  0.004 0.005 0.923 0.008 0.002 0.003 0.005 0.005 0.003 0.004 0.004 0.008 0.005 0.005 0.002 0.009 0.003 
 28      255    (0)    1 :  0.005 0.007 0.535 0.052 0.003 0.012 0.017 0.016 0.004 0.016 0.262 0.014 0.018 0.019 0.003 0.012 0.006 
 29      256    (0)    1 :  0.004 0.008 0.854 0.004 0.002 0.005 0.010 0.011 0.013 0.002 0.055 0.005 0.011 0.008 0.004 0.004 0.002 
 30      257    (0)    1 :  0.010 0.010 0.868 0.019 0.003 0.010 0.008 0.009 0.003 0.003 0.007 0.010 0.008 0.008 0.002 0.013 0.009 
 31      258    (0)    1 :  0.013 0.012 0.851 0.011 0.002 0.010 0.010 0.011 0.003 0.009 0.027 0.008 0.010 0.010 0.005 0.004 0.003 
 32      259    (0)    1 :  0.013 0.004 0.810 0.005 0.002 0.004 0.006 0.007 0.004 0.002 0.006 0.006 0.007 0.007 0.002 0.115 0.002 
 33      260    (0)    1 :  0.003 0.006 0.815 0.026 0.005 0.005 0.006 0.007 0.003 0.023 0.005 0.004 0.006 0.006 0.002 0.002 0.073 
 34      261    (0)    1 :  0.104 0.056 0.724 0.014 0.002 0.015 0.013 0.013 0.005 0.003 0.005 0.004 0.012 0.013 0.002 0.005 0.008 
 35      262    (0)    1 :  0.003 0.002 0.962 0.002 0.001 0.002 0.002 0.002 0.003 0.002 0.006 0.002 0.002 0.002 0.001 0.003 0.002 
 36      263    (0)    1 :  0.004 0.006 0.856 0.043 0.005 0.003 0.006 0.006 0.005 0.005 0.014 0.005 0.005 0.006 0.003 0.003 0.025 
 37      264    (0)    1 :  0.009 0.005 0.918 0.006 0.001 0.004 0.004 0.004 0.013 0.003 0.009 0.004 0.004 0.005 0.001 0.006 0.003 
 38      265    (0)    1 :  0.007 0.004 0.864 0.019 0.002 0.006 0.006 0.006 0.005 0.007 0.019 0.003 0.006 0.005 0.001 0.005 0.037 
 39      266    (0)    1 :  0.002 0.003 0.953 0.002 0.001 0.003 0.003 0.003 0.002 0.005 0.006 0.003 0.003 0.003 0.001 0.004 0.002 
 40      267    (0)    1 :  0.002 0.002 0.935 0.003 0.002 0.004 0.003 0.003 0.003 0.002 0.025 0.005 0.003 0.003 0.001 0.003 0.001 
 41      268    (0)    1 :  0.004 0.009 0.869 0.006 0.008 0.005 0.007 0.007 0.004 0.003 0.004 0.006 0.007 0.007 0.001 0.003 0.052 
 42      269    (0)    1 :  0.006 0.003 0.933 0.004 0.001 0.003 0.003 0.003 0.002 0.018 0.008 0.004 0.003 0.003 0.001 0.002 0.002 
 43      270    (0)    1 :  0.003 0.003 0.928 0.006 0.002 0.004 0.003 0.003 0.023 0.003 0.004 0.005 0.003 0.003 0.001 0.003 0.002 
 44      271    (0)    1 :  0.021 0.026 0.685 0.011 0.003 0.007 0.029 0.025 0.007 0.075 0.010 0.015 0.024 0.034 0.006 0.012 0.009 
 45      272    (0)    1 :  0.097 0.008 0.293 0.008 0.006 0.008 0.027 0.029 0.019 0.014 0.388 0.008 0.029 0.025 0.001 0.036 0.005 
 46      273    (0)    1 :  0.009 0.006 0.796 0.037 0.002 0.017 0.015 0.013 0.019 0.010 0.015 0.016 0.014 0.015 0.003 0.009 0.003 
 47      274    (0)    1 :  0.015 0.006 0.912 0.009 0.003 0.006 0.005 0.005 0.003 0.006 0.004 0.005 0.005 0.005 0.002 0.003 0.006 
 48      275    (2)    1 :  0.003 0.003 0.935 0.007 0.002 0.005 0.004 0.004 0.004 0.003 0.008 0.005 0.004 0.004 0.002 0.005 0.002 
 49      276    (0)    1 :  0.009 0.011 0.911 0.005 0.002 0.006 0.006 0.006 0.004 0.005 0.006 0.007 0.006 0.006 0.001 0.005 0.004 
 50      277    (0)    1 :  0.008 0.070 0.776 0.007 0.001 0.044 0.014 0.015 0.007 0.012 0.003 0.005 0.017 0.011 0.001 0.007 0.002 
 51      278    (0)    1 :  0.009 0.056 0.798 0.005 0.008 0.019 0.012 0.009 0.002 0.005 0.016 0.011 0.010 0.016 0.001 0.019 0.005 
 52      279    (0)    1 :  0.004 0.008 0.867 0.006 0.002 0.006 0.016 0.012 0.005 0.003 0.016 0.009 0.017 0.016 0.002 0.011 0.003 
 53      280    (0)    1 :  0.008 0.014 0.774 0.018 0.003 0.027 0.011 0.011 0.003 0.065 0.007 0.012 0.011 0.011 0.002 0.017 0.005 
 54      287    (0)    1 :  0.006 0.008 0.853 0.012 0.004 0.011 0.014 0.016 0.006 0.003 0.004 0.007 0.014 0.014 0.003 0.019 0.006 
 55      290    (0)    1 :  0.012 0.008 0.777 0.010 0.005 0.009 0.012 0.012 0.017 0.006 0.079 0.008 0.013 0.011 0.002 0.017 0.003 
 56      291    (0)    1 :  0.009 0.014 0.810 0.007 0.003 0.030 0.008 0.008 0.003 0.013 0.003 0.005 0.009 0.008 0.002 0.062 0.006 
 57      295    (0)    1 :  0.005 0.006 0.917 0.004 0.001 0.031 0.004 0.004 0.003 0.003 0.006 0.003 0.004 0.004 0.001 0.003 0.003 
 58      296    (0)    1 :  0.003 0.005 0.925 0.003 0.003 0.003 0.004 0.004 0.010 0.005 0.009 0.009 0.004 0.004 0.002 0.003 0.004 
 59      872    (2)    1 :  0.004 0.007 0.836 0.005 0.007 0.004 0.006 0.006 0.005 0.004 0.086 0.004 0.005 0.006 0.005 0.005 0.007 
 60      873    (4)    1 :  0.003 0.009 0.820 0.013 0.004 0.003 0.011 0.015 0.019 0.010 0.026 0.011 0.010 0.013 0.003 0.026 0.003 
 61      874    (2)    1 :  0.009 0.020 0.899 0.005 0.001 0.007 0.004 0.004 0.004 0.002 0.011 0.007 0.004 0.004 0.001 0.015 0.002 
 62      875    (0)    1 :  0.004 0.004 0.903 0.006 0.018 0.005 0.005 0.005 0.003 0.006 0.014 0.005 0.005 0.005 0.003 0.004 0.002 
 63      876    (6)    1 :  0.007 0.013 0.862 0.020 0.001 0.014 0.008 0.007 0.004 0.005 0.005 0.020 0.008 0.008 0.002 0.004 0.011 
 64      212    (0)   10 :  0.003 0.004 0.002 0.002 0.001 0.004 0.003 0.003 0.003 0.002 0.004 0.003 0.003 0.003 0.002 0.004 0.957 
 65      213    (0)   10 :  0.003 0.007 0.004 0.003 0.003 0.007 0.004 0.004 0.003 0.008 0.002 0.006 0.004 0.004 0.002 0.003 0.932 
 66      214    (0)   10 :  0.007 0.004 0.004 0.006 0.001 0.003 0.005 0.005 0.002 0.002 0.006 0.006 0.005 0.006 0.003 0.005 0.931 
 67      215    (0)   10 :  0.003 0.004 0.005 0.004 0.003 0.008 0.003 0.004 0.003 0.003 0.004 0.004 0.004 0.004 0.002 0.006 0.935 
 68      216    (0)   10 :  0.003 0.004 0.004 0.003 0.002 0.005 0.003 0.003 0.004 0.004 0.002 0.002 0.003 0.003 0.001 0.004 0.949 
 69      217    (0)   10 :  0.005 0.004 0.005 0.003 0.002 0.003 0.006 0.005 0.006 0.004 0.004 0.010 0.005 0.005 0.002 0.005 0.926 
 70      218    (0)   10 :  0.003 0.003 0.003 0.003 0.002 0.003 0.003 0.003 0.004 0.002 0.002 0.003 0.003 0.003 0.003 0.003 0.956 
 71      332    (0)   10 :  0.009 0.009 0.009 0.015 0.005 0.007 0.007 0.008 0.033 0.003 0.007 0.010 0.008 0.006 0.002 0.006 0.854 
 72      333    (0)   10 :  0.008 0.004 0.010 0.026 0.010 0.006 0.013 0.012 0.006 0.004 0.012 0.009 0.012 0.014 0.007 0.011 0.837 
 73      334    (0)   10 :  0.004 0.006 0.007 0.007 0.003 0.004 0.004 0.004 0.006 0.003 0.002 0.005 0.004 0.005 0.002 0.005 0.928 
 74      335    (0)   10 :  0.005 0.002 0.002 0.003 0.002 0.005 0.003 0.003 0.002 0.001 0.002 0.003 0.003 0.003 0.002 0.003 0.958 
 75      336    (0)   10 :  0.002 0.003 0.003 0.005 0.014 0.002 0.002 0.003 0.003 0.004 0.005 0.002 0.003 0.003 0.002 0.002 0.942 
 76      337    (0)   10 :  0.003 0.003 0.009 0.010 0.002 0.003 0.005 0.004 0.002 0.002 0.008 0.006 0.005 0.005 0.003 0.005 0.926 
 77      673    (0)   10 :  0.002 0.001 0.002 0.002 0.001 0.002 0.001 0.001 0.001 0.001 0.001 0.001 0.001 0.001 0.001 0.001 0.978 
 78      674    (0)   10 :  0.005 0.004 0.003 0.005 0.002 0.003 0.005 0.005 0.007 0.002 0.005 0.003 0.005 0.005 0.002 0.007 0.932 
 79      675    (0)   10 :  0.003 0.005 0.003 0.005 0.004 0.007 0.004 0.004 0.003 0.004 0.002 0.003 0.004 0.004 0.002 0.003 0.939 
 80      676    (0)   10 :  0.007 0.006 0.003 0.006 0.001 0.008 0.004 0.004 0.005 0.001 0.002 0.008 0.005 0.005 0.002 0.004 0.929 
 81      677    (0)   10 :  0.004 0.003 0.006 0.004 0.002 0.003 0.003 0.003 0.002 0.002 0.002 0.005 0.003 0.004 0.001 0.006 0.944 
 82      678    (0)   10 :  0.006 0.006 0.007 0.003 0.004 0.009 0.010 0.009 0.002 0.004 0.011 0.007 0.010 0.010 0.003 0.009 0.890 
 83      679    (0)   10 :  0.004 0.005 0.004 0.006 0.002 0.002 0.007 0.007 0.014 0.001 0.002 0.005 0.007 0.006 0.024 0.004 0.901 
 84      680    (0)   10 :  0.010 0.007 0.004 0.012 0.005 0.005 0.005 0.005 0.006 0.003 0.003 0.004 0.005 0.005 0.002 0.004 0.914 
 85      681    (0)   10 :  0.003 0.005 0.007 0.006 0.002 0.005 0.005 0.005 0.004 0.002 0.004 0.008 0.005 0.006 0.002 0.005 0.927 
 86      682    (0)   10 :  0.002 0.002 0.002 0.002 0.004 0.002 0.002 0.002 0.002 0.003 0.002 0.002 0.002 0.002 0.002 0.002 0.965 
 87      683    (0)   10 :  0.004 0.004 0.005 0.007 0.002 0.003 0.006 0.006 0.006 0.003 0.003 0.004 0.006 0.007 0.002 0.004 0.927 
 88      684    (0)   10 :  0.007 0.005 0.002 0.006 0.003 0.005 0.005 0.004 0.003 0.002 0.003 0.003 0.005 0.005 0.002 0.008 0.932 
 89      685    (0)   10 :  0.003 0.003 0.003 0.009 0.003 0.003 0.006 0.006 0.003 0.003 0.006 0.004 0.006 0.006 0.004 0.005 0.927 
 90      686    (0)   10 :  0.002 0.002 0.002 0.003 0.003 0.002 0.002 0.002 0.002 0.002 0.002 0.002 0.002 0.002 0.004 0.002 0.963 
 91      687    (0)   10 :  0.002 0.002 0.002 0.004 0.002 0.004 0.002 0.002 0.002 0.002 0.002 0.002 0.002 0.002 0.001 0.002 0.964 
 92      688    (0)   10 :  0.014 0.006 0.006 0.005 0.002 0.004 0.003 0.004 0.005 0.003 0.004 0.004 0.003 0.004 0.001 0.003 0.929 
 93      070    (0)   11 :  0.003 0.003 0.002 0.003 0.947 0.002 0.004 0.004 0.002 0.001 0.003 0.003 0.004 0.005 0.008 0.003 0.002 
 94      071    (0)   11 :  0.003 0.003 0.002 0.004 0.952 0.003 0.003 0.003 0.002 0.006 0.002 0.003 0.003 0.003 0.001 0.003 0.005 
 95      072    (0)   11 :  0.002 0.001 0.001 0.002 0.969 0.002 0.002 0.002 0.001 0.003 0.002 0.002 0.002 0.002 0.005 0.001 0.001 
 96      151    (0)   11 :  0.002 0.002 0.001 0.002 0.976 0.002 0.001 0.001 0.001 0.001 0.001 0.001 0.001 0.001 0.002 0.002 0.002 
 97      152    (0)   11 :  0.003 0.003 0.002 0.004 0.941 0.005 0.005 0.005 0.002 0.005 0.002 0.004 0.005 0.005 0.002 0.005 0.002 
 98      153    (2)   11 :  0.001 0.001 0.001 0.002 0.977 0.001 0.001 0.001 0.001 0.001 0.002 0.001 0.001 0.001 0.002 0.002 0.001 
 99      788    (4)   11 :  0.003 0.003 0.002 0.002 0.935 0.003 0.003 0.003 0.001 0.003 0.001 0.002 0.003 0.003 0.029 0.002 0.002 
100      789    (2)   11 :  0.002 0.002 0.002 0.002 0.968 0.002 0.002 0.002 0.001 0.002 0.002 0.002 0.002 0.002 0.002 0.003 0.003 
101      790    (0)   11 :  0.001 0.001 0.002 0.002 0.971 0.002 0.002 0.002 0.001 0.003 0.002 0.002 0.002 0.002 0.001 0.002 0.001 
102      010    (0)   12 :  0.004 0.009 0.005 0.011 0.002 0.005 0.223 0.112 0.006 0.008 0.007 0.014 0.223 0.291 0.013 0.063 0.004 
103      024    (0)   12 :  0.038 0.012 0.006 0.010 0.006 0.009 0.172 0.273 0.008 0.005 0.006 0.013 0.133 0.227 0.044 0.030 0.009 
104      051    (0)   12 :  0.005 0.009 0.005 0.262 0.013 0.006 0.152 0.118 0.005 0.004 0.007 0.026 0.133 0.162 0.050 0.035 0.008 
105      090    (0)   12 :  0.008 0.013 0.007 0.062 0.007 0.013 0.181 0.195 0.012 0.003 0.009 0.084 0.186 0.178 0.021 0.017 0.005 
106      102    (0)   12 :  0.012 0.145 0.029 0.017 0.002 0.060 0.174 0.164 0.011 0.004 0.033 0.035 0.206 0.090 0.002 0.014 0.003 
107      111    (0)   12 :  0.027 0.017 0.005 0.012 0.002 0.006 0.209 0.118 0.005 0.072 0.023 0.077 0.169 0.182 0.004 0.068 0.004 
108      113    (0)   12 :  0.051 0.032 0.005 0.098 0.006 0.022 0.135 0.103 0.007 0.003 0.034 0.053 0.153 0.153 0.005 0.135 0.005 
109      138    (0)   12 :  0.006 0.012 0.009 0.017 0.047 0.013 0.076 0.070 0.003 0.002 0.003 0.514 0.062 0.069 0.005 0.012 0.078 
110      150    (0)   12 :  0.021 0.638 0.016 0.064 0.015 0.029 0.023 0.030 0.005 0.002 0.008 0.063 0.029 0.020 0.026 0.008 0.004 
111      173    (2)   12 :  0.037 0.017 0.005 0.166 0.021 0.013 0.128 0.208 0.036 0.007 0.006 0.025 0.109 0.174 0.018 0.019 0.011 
112      174    (2)   12 :  0.017 0.004 0.007 0.016 0.023 0.003 0.111 0.070 0.005 0.004 0.027 0.295 0.136 0.135 0.029 0.116 0.003 
113      175    (0)   12 :  0.004 0.014 0.003 0.027 0.006 0.007 0.229 0.160 0.005 0.002 0.014 0.019 0.186 0.230 0.064 0.027 0.003 
114      176    (0)   12 :  0.006 0.017 0.014 0.007 0.005 0.005 0.200 0.141 0.003 0.007 0.018 0.016 0.178 0.208 0.004 0.162 0.010 
115      177    (0)   12 :  0.048 0.010 0.003 0.231 0.003 0.009 0.148 0.118 0.004 0.002 0.008 0.043 0.156 0.168 0.008 0.039 0.002 
116      180    (0)   12 :  0.006 0.005 0.024 0.125 0.004 0.005 0.145 0.113 0.004 0.004 0.115 0.117 0.138 0.156 0.002 0.029 0.007 
117      184    (0)   12 :  0.013 0.084 0.006 0.014 0.014 0.018 0.100 0.126 0.039 0.005 0.004 0.365 0.092 0.091 0.010 0.013 0.005 
118      195    (0)   12 :  0.008 0.015 0.005 0.013 0.005 0.011 0.208 0.184 0.005 0.032 0.003 0.013 0.209 0.242 0.007 0.025 0.014 
119      198    (0)   12 :  0.004 0.014 0.011 0.019 0.003 0.007 0.149 0.144 0.003 0.035 0.017 0.254 0.127 0.177 0.009 0.022 0.006 
120      203    (0)   12 :  0.009 0.025 0.008 0.010 0.009 0.006 0.247 0.129 0.008 0.003 0.008 0.010 0.209 0.299 0.002 0.012 0.005 
121      211    (0)   12 :  0.036 0.048 0.026 0.008 0.003 0.010 0.154 0.161 0.003 0.003 0.004 0.022 0.132 0.190 0.004 0.116 0.079 
122      220    (0)   12 :  0.034 0.186 0.004 0.071 0.002 0.022 0.165 0.146 0.009 0.008 0.008 0.039 0.141 0.141 0.005 0.008 0.009 
123      233    (0)   12 :  0.021 0.005 0.009 0.020 0.006 0.171 0.145 0.203 0.032 0.002 0.004 0.015 0.150 0.161 0.002 0.014 0.041 
124      331    (0)   12 :  0.010 0.014 0.005 0.037 0.007 0.005 0.238 0.173 0.008 0.008 0.005 0.021 0.191 0.225 0.030 0.019 0.004 
125      349    (0)   12 :  0.005 0.007 0.008 0.036 0.009 0.011 0.088 0.091 0.444 0.006 0.010 0.010 0.083 0.079 0.097 0.011 0.006 
126      410    (0)   12 :  0.007 0.005 0.008 0.015 0.003 0.003 0.134 0.223 0.004 0.003 0.010 0.231 0.122 0.185 0.006 0.015 0.025 
127      417    (2)   12 :  0.004 0.018 0.026 0.006 0.002 0.007 0.192 0.202 0.009 0.006 0.008 0.100 0.262 0.107 0.005 0.042 0.005 
128      421    (0)   13 :  0.007 0.006 0.007 0.004 0.002 0.858 0.008 0.007 0.008 0.054 0.003 0.007 0.007 0.011 0.001 0.004 0.005 
129      423    (0)   13 :  0.003 0.019 0.005 0.009 0.008 0.004 0.295 0.146 0.021 0.003 0.010 0.027 0.194 0.230 0.008 0.016 0.002 
130      424    (0)   13 :  0.017 0.006 0.015 0.340 0.002 0.005 0.095 0.097 0.007 0.005 0.031 0.159 0.091 0.110 0.010 0.007 0.003 
131      433    (0)   13 :  0.031 0.184 0.004 0.008 0.002 0.149 0.116 0.129 0.003 0.002 0.004 0.115 0.177 0.036 0.007 0.018 0.015 
132      462    (0)   13 :  0.015 0.031 0.007 0.075 0.002 0.077 0.177 0.140 0.011 0.007 0.008 0.056 0.172 0.141 0.005 0.055 0.021 
133      463    (0)   13 :  0.007 0.012 0.013 0.007 0.003 0.007 0.177 0.180 0.048 0.021 0.005 0.072 0.166 0.213 0.029 0.038 0.003 
134      467    (0)   13 :  0.239 0.227 0.028 0.014 0.007 0.338 0.017 0.021 0.018 0.004 0.005 0.008 0.017 0.017 0.008 0.022 0.011 
135      468    (0)   13 :  0.011 0.026 0.016 0.008 0.003 0.090 0.009 0.009 0.764 0.025 0.007 0.007 0.009 0.008 0.002 0.003 0.002 
136      469    (0)   13 :  0.038 0.082 0.046 0.005 0.002 0.114 0.162 0.150 0.003 0.030 0.008 0.045 0.220 0.077 0.002 0.014 0.002 
137      472    (0)   13 :  0.004 0.021 0.007 0.011 0.005 0.041 0.105 0.202 0.006 0.016 0.002 0.021 0.090 0.141 0.028 0.291 0.008 
138      473    (0)   13 :  0.009 0.008 0.003 0.007 0.003 0.006 0.033 0.026 0.794 0.005 0.004 0.017 0.030 0.021 0.011 0.015 0.008 
139      474    (0)   13 :  0.004 0.937 0.005 0.003 0.001 0.004 0.003 0.003 0.015 0.002 0.003 0.004 0.003 0.003 0.001 0.003 0.005 
140      475    (0)   13 :  0.020 0.038 0.004 0.009 0.003 0.315 0.128 0.088 0.024 0.003 0.006 0.031 0.141 0.145 0.015 0.029 0.003 
141      476    (2)   13 :  0.011 0.895 0.003 0.004 0.007 0.004 0.006 0.005 0.017 0.002 0.005 0.003 0.005 0.005 0.011 0.005 0.009 
142      477    (0)   13 :  0.006 0.014 0.007 0.008 0.005 0.013 0.221 0.254 0.013 0.003 0.005 0.011 0.299 0.082 0.011 0.031 0.018 
143      478    (0)   13 :  0.168 0.010 0.012 0.016 0.002 0.021 0.157 0.197 0.004 0.003 0.058 0.009 0.148 0.157 0.003 0.034 0.003 
144      479    (0)   13 :  0.003 0.527 0.012 0.009 0.003 0.041 0.012 0.013 0.004 0.015 0.005 0.320 0.013 0.012 0.001 0.006 0.003 
145      480    (0)   13 :  0.021 0.009 0.002 0.005 0.002 0.895 0.007 0.006 0.020 0.001 0.004 0.007 0.007 0.006 0.002 0.004 0.002 
146      481    (0)   13 :  0.008 0.092 0.006 0.012 0.040 0.022 0.127 0.183 0.017 0.004 0.009 0.135 0.133 0.163 0.008 0.039 0.003 
147      482    (0)   13 :  0.151 0.010 0.004 0.020 0.002 0.023 0.115 0.101 0.004 0.092 0.005 0.093 0.102 0.158 0.005 0.058 0.056 
148      489    (0)   13 :  0.017 0.008 0.004 0.007 0.004 0.020 0.249 0.157 0.023 0.006 0.006 0.034 0.194 0.202 0.028 0.030 0.013 
149      490    (0)   13 :  0.020 0.005 0.015 0.011 0.003 0.007 0.013 0.012 0.003 0.005 0.007 0.851 0.011 0.015 0.005 0.011 0.003 
150      491    (0)   13 :  0.007 0.026 0.005 0.077 0.009 0.020 0.121 0.199 0.009 0.008 0.004 0.079 0.110 0.198 0.002 0.017 0.110 
151      492    (0)   13 :  0.012 0.821 0.012 0.007 0.003 0.005 0.012 0.012 0.021 0.003 0.036 0.008 0.010 0.012 0.006 0.011 0.009 
152      493    (0)   13 :  0.004 0.661 0.007 0.018 0.008 0.064 0.048 0.048 0.004 0.005 0.003 0.006 0.059 0.029 0.015 0.016 0.005 
153      494    (0)   13 :  0.011 0.031 0.004 0.016 0.025 0.264 0.066 0.087 0.010 0.012 0.004 0.236 0.067 0.083 0.025 0.018 0.041 
154      498    (0)   13 :  0.006 0.092 0.023 0.007 0.007 0.009 0.121 0.214 0.039 0.003 0.013 0.108 0.113 0.168 0.012 0.061 0.004 
155      499    (0)   13 :  0.021 0.026 0.012 0.045 0.003 0.008 0.210 0.130 0.006 0.003 0.006 0.025 0.196 0.278 0.008 0.019 0.006 
156      709    (0)   13 :  0.016 0.025 0.009 0.011 0.073 0.006 0.155 0.204 0.004 0.017 0.009 0.128 0.138 0.151 0.016 0.030 0.011 
157      710    (4)   13 :  0.005 0.020 0.008 0.003 0.005 0.252 0.146 0.151 0.005 0.010 0.004 0.013 0.212 0.072 0.061 0.031 0.003 
158      711    (2)   13 :  0.006 0.013 0.016 0.108 0.006 0.022 0.142 0.168 0.007 0.025 0.061 0.036 0.155 0.150 0.003 0.078 0.004 
159      712    (4)   13 :  0.006 0.005 0.006 0.008 0.002 0.008 0.007 0.008 0.003 0.004 0.006 0.905 0.008 0.007 0.002 0.009 0.003 
160      713    (0)   13 :  0.006 0.007 0.004 0.008 0.004 0.003 0.234 0.168 0.010 0.024 0.005 0.011 0.188 0.277 0.030 0.014 0.008 
161      714    (2)   13 :  0.014 0.356 0.010 0.019 0.015 0.407 0.025 0.024 0.034 0.005 0.007 0.006 0.023 0.023 0.009 0.022 0.002 
162      715    (4)   13 :  0.092 0.021 0.033 0.024 0.013 0.632 0.012 0.015 0.003 0.014 0.013 0.026 0.012 0.013 0.004 0.041 0.033 
163      716    (0)   13 :  0.015 0.742 0.003 0.004 0.002 0.123 0.019 0.018 0.004 0.005 0.005 0.009 0.021 0.016 0.002 0.008 0.004 
164      717    (2)   13 :  0.271 0.022 0.007 0.011 0.003 0.020 0.138 0.088 0.009 0.008 0.092 0.012 0.129 0.166 0.005 0.012 0.010 
165      718    (4)   13 :  0.004 0.015 0.011 0.018 0.002 0.020 0.026 0.022 0.004 0.009 0.006 0.808 0.026 0.020 0.003 0.005 0.002 
166      719    (0)   13 :  0.005 0.004 0.003 0.002 0.001 0.952 0.003 0.003 0.003 0.004 0.002 0.003 0.003 0.003 0.002 0.003 0.002 
167      720    (2)   13 :  0.054 0.023 0.007 0.008 0.002 0.396 0.118 0.121 0.012 0.008 0.006 0.006 0.178 0.033 0.007 0.009 0.012 
168      721    (0)   13 :  0.016 0.455 0.004 0.019 0.034 0.026 0.092 0.104 0.023 0.012 0.005 0.017 0.104 0.053 0.007 0.021 0.006 
169      722    (4)   13 :  0.186 0.048 0.011 0.006 0.002 0.475 0.031 0.029 0.095 0.020 0.006 0.014 0.061 0.007 0.002 0.005 0.002 
170      723    (0)   13 :  0.008 0.023 0.003 0.003 0.007 0.872 0.012 0.017 0.002 0.001 0.006 0.005 0.012 0.014 0.003 0.008 0.004 
171      724    (0)   13 :  0.012 0.114 0.013 0.006 0.005 0.666 0.013 0.018 0.009 0.056 0.011 0.007 0.012 0.015 0.019 0.015 0.008 
172      725    (0)   13 :  0.014 0.008 0.005 0.012 0.004 0.028 0.161 0.210 0.017 0.009 0.009 0.019 0.135 0.214 0.020 0.126 0.010 
173      726    (0)   13 :  0.012 0.171 0.003 0.006 0.006 0.013 0.178 0.196 0.029 0.009 0.003 0.012 0.245 0.093 0.011 0.010 0.005 
174      727    (0)   13 :  0.012 0.362 0.005 0.013 0.010 0.013 0.098 0.099 0.006 0.008 0.003 0.056 0.095 0.126 0.002 0.081 0.011 
175      728    (2)   13 :  0.009 0.009 0.009 0.011 0.093 0.010 0.167 0.219 0.003 0.010 0.013 0.007 0.159 0.225 0.006 0.043 0.006 
176      729    (6)   13 :  0.040 0.009 0.005 0.015 0.005 0.022 0.155 0.294 0.004 0.004 0.004 0.041 0.217 0.156 0.004 0.021 0.004 
177      730    (2)   13 :  0.038 0.007 0.011 0.012 0.007 0.040 0.026 0.029 0.002 0.013 0.009 0.690 0.021 0.030 0.003 0.056 0.005 
178      731    (2)   13 :  0.003 0.008 0.008 0.005 0.002 0.005 0.017 0.021 0.006 0.004 0.004 0.876 0.017 0.016 0.004 0.003 0.002 
179      732    (0)   13 :  0.015 0.186 0.009 0.010 0.002 0.012 0.151 0.143 0.008 0.006 0.012 0.011 0.170 0.133 0.008 0.118 0.006 
180      733    (0)   13 :  0.023 0.023 0.012 0.013 0.004 0.022 0.169 0.212 0.003 0.037 0.009 0.062 0.246 0.118 0.013 0.029 0.003 
181      734    (2)   13 :  0.065 0.040 0.011 0.084 0.008 0.007 0.122 0.140 0.003 0.001 0.007 0.048 0.120 0.155 0.038 0.061 0.087 
182      735    (4)   13 :  0.009 0.008 0.005 0.030 0.003 0.046 0.180 0.164 0.050 0.007 0.008 0.116 0.162 0.192 0.002 0.011 0.008 
183      736    (2)   13 :  0.006 0.020 0.004 0.017 0.018 0.006 0.158 0.104 0.004 0.003 0.005 0.259 0.148 0.189 0.010 0.027 0.023 
184      737    (0)   13 :  0.005 0.014 0.011 0.017 0.013 0.003 0.049 0.035 0.014 0.004 0.028 0.704 0.031 0.036 0.003 0.030 0.003 
185      738    (2)   13 :  0.006 0.012 0.008 0.080 0.003 0.007 0.139 0.083 0.004 0.003 0.004 0.397 0.086 0.101 0.004 0.056 0.005 
186      739    (8)   13 :  0.011 0.013 0.008 0.011 0.015 0.032 0.026 0.033 0.010 0.004 0.005 0.753 0.027 0.029 0.003 0.016 0.006 
187      740    (4)   13 :  0.006 0.033 0.006 0.003 0.002 0.078 0.053 0.065 0.004 0.015 0.005 0.599 0.055 0.057 0.006 0.012 0.003 
188      741    (2)   13 :  0.090 0.019 0.067 0.010 0.002 0.019 0.089 0.127 0.030 0.029 0.086 0.175 0.088 0.100 0.012 0.033 0.025 
189      742    (4)   13 :  0.006 0.012 0.012 0.083 0.006 0.016 0.118 0.078 0.006 0.002 0.020 0.388 0.099 0.115 0.007 0.027 0.005 
190      743    (2)   13 :  0.706 0.070 0.007 0.007 0.002 0.094 0.016 0.016 0.003 0.003 0.004 0.010 0.016 0.020 0.003 0.009 0.013 
191      744    (0)   13 :  0.012 0.046 0.005 0.006 0.025 0.197 0.150 0.114 0.004 0.004 0.005 0.025 0.113 0.160 0.098 0.031 0.004 
192      745    (0)   13 :  0.045 0.010 0.046 0.007 0.013 0.382 0.099 0.097 0.009 0.017 0.022 0.027 0.092 0.104 0.003 0.021 0.005 
193      746    (2)   13 :  0.003 0.006 0.004 0.011 0.004 0.010 0.147 0.140 0.004 0.011 0.038 0.320 0.141 0.141 0.005 0.010 0.005 
194      747    (2)   13 :  0.004 0.016 0.035 0.072 0.005 0.014 0.074 0.071 0.018 0.006 0.008 0.455 0.075 0.077 0.005 0.041 0.024 
195      748    (0)   13 :  0.003 0.124 0.101 0.076 0.006 0.006 0.084 0.152 0.108 0.015 0.028 0.025 0.090 0.136 0.013 0.018 0.016 
196      749    (2)   13 :  0.024 0.004 0.014 0.092 0.010 0.009 0.135 0.158 0.003 0.049 0.010 0.020 0.119 0.181 0.134 0.019 0.019 
197      750    (4)   13 :  0.065 0.007 0.010 0.012 0.005 0.006 0.155 0.214 0.005 0.006 0.024 0.095 0.141 0.203 0.014 0.032 0.005 
198      751    (0)   13 :  0.025 0.008 0.011 0.058 0.016 0.014 0.181 0.248 0.011 0.009 0.007 0.041 0.153 0.191 0.002 0.019 0.006 
199      752    (2)   13 :  0.009 0.038 0.011 0.005 0.001 0.081 0.008 0.008 0.785 0.003 0.005 0.020 0.008 0.007 0.002 0.006 0.003 
200      753    (4)   13 :  0.007 0.016 0.022 0.033 0.010 0.057 0.179 0.147 0.053 0.013 0.006 0.011 0.195 0.194 0.004 0.026 0.027 
201      754    (2)   13 :  0.009 0.005 0.003 0.004 0.003 0.003 0.005 0.005 0.002 0.002 0.003 0.936 0.004 0.005 0.005 0.003 0.003 
202      155    (0)   14 :  0.009 0.025 0.022 0.007 0.004 0.007 0.212 0.224 0.005 0.006 0.006 0.011 0.150 0.223 0.010 0.046 0.032 
203      156    (2)   14 :  0.039 0.005 0.014 0.009 0.111 0.011 0.161 0.115 0.004 0.006 0.006 0.015 0.150 0.164 0.012 0.173 0.005 
204      157    (2)   14 :  0.026 0.006 0.004 0.007 0.002 0.008 0.016 0.019 0.018 0.004 0.005 0.754 0.018 0.015 0.035 0.052 0.011 
205      158    (0)   14 :  0.004 0.024 0.007 0.031 0.004 0.029 0.175 0.207 0.003 0.006 0.009 0.014 0.161 0.216 0.004 0.098 0.006 
206      159    (0)   14 :  0.004 0.030 0.012 0.012 0.010 0.012 0.174 0.190 0.009 0.107 0.007 0.083 0.142 0.151 0.016 0.038 0.003 
207      160    (0)   14 :  0.013 0.676 0.016 0.029 0.003 0.014 0.026 0.029 0.004 0.004 0.003 0.116 0.029 0.019 0.003 0.006 0.010 
208      161    (0)   14 :  0.020 0.037 0.006 0.009 0.003 0.014 0.098 0.090 0.007 0.008 0.003 0.319 0.105 0.048 0.214 0.010 0.008 
209      162    (0)   14 :  0.055 0.180 0.007 0.012 0.004 0.024 0.188 0.091 0.010 0.002 0.006 0.004 0.148 0.258 0.002 0.007 0.004 
210      163    (2)   14 :  0.014 0.003 0.003 0.051 0.009 0.006 0.203 0.089 0.013 0.002 0.008 0.108 0.190 0.196 0.003 0.097 0.003 
211      164    (0)   14 :  0.007 0.007 0.048 0.014 0.002 0.027 0.202 0.172 0.026 0.005 0.010 0.039 0.182 0.213 0.017 0.012 0.017 
212      165    (2)   14 :  0.002 0.003 0.003 0.002 0.002 0.003 0.003 0.009 0.002 0.002 0.002 0.004 0.003 0.021 0.011 0.926 0.002 
213      427    (0)   14 :  0.013 0.017 0.006 0.015 0.009 0.749 0.012 0.015 0.004 0.022 0.003 0.007 0.014 0.012 0.005 0.010 0.087 
214      428    (0)   14 :  0.006 0.043 0.008 0.036 0.003 0.801 0.012 0.013 0.022 0.014 0.005 0.004 0.016 0.009 0.002 0.004 0.004 
215      429    (0)   14 :  0.531 0.010 0.005 0.006 0.003 0.368 0.008 0.012 0.008 0.007 0.008 0.005 0.009 0.011 0.002 0.004 0.003 
216      430    (0)   14 :  0.028 0.122 0.022 0.071 0.002 0.011 0.155 0.169 0.025 0.004 0.049 0.027 0.169 0.125 0.006 0.010 0.004 
217      431    (0)   14 :  0.185 0.394 0.048 0.012 0.002 0.160 0.034 0.034 0.006 0.007 0.024 0.013 0.034 0.028 0.003 0.011 0.005 
218      435    (0)   14 :  0.279 0.070 0.003 0.004 0.002 0.582 0.008 0.008 0.008 0.003 0.004 0.007 0.008 0.007 0.002 0.003 0.002 
219      436    (0)   14 :  0.025 0.740 0.007 0.003 0.002 0.174 0.006 0.006 0.002 0.007 0.004 0.005 0.007 0.005 0.002 0.003 0.003 
220      437    (0)   14 :  0.008 0.539 0.055 0.004 0.002 0.131 0.049 0.048 0.009 0.027 0.007 0.009 0.084 0.017 0.003 0.005 0.004 
221      438    (0)   14 :  0.009 0.142 0.036 0.016 0.007 0.474 0.058 0.062 0.037 0.013 0.019 0.013 0.081 0.020 0.004 0.005 0.002 
222      439    (0)   14 :  0.032 0.084 0.009 0.015 0.005 0.183 0.091 0.107 0.038 0.004 0.028 0.157 0.082 0.094 0.002 0.064 0.004 
223      441    (0)   14 :  0.003 0.004 0.003 0.003 0.001 0.005 0.003 0.003 0.955 0.001 0.004 0.002 0.003 0.003 0.002 0.002 0.003 
224      442    (0)   14 :  0.071 0.010 0.011 0.011 0.005 0.597 0.018 0.024 0.016 0.002 0.003 0.004 0.020 0.017 0.002 0.004 0.184 
225      443    (4)   14 :  0.004 0.008 0.008 0.011 0.002 0.903 0.006 0.006 0.012 0.003 0.004 0.013 0.006 0.006 0.002 0.005 0.002 
226      444    (4)   14 :  0.009 0.006 0.006 0.006 0.003 0.907 0.006 0.007 0.002 0.008 0.003 0.004 0.006 0.007 0.005 0.007 0.007 
227      445    (2)   14 :  0.005 0.016 0.034 0.004 0.005 0.288 0.148 0.165 0.009 0.008 0.004 0.005 0.246 0.028 0.002 0.028 0.003 
228      446    (0)   14 :  0.946 0.005 0.002 0.004 0.003 0.006 0.004 0.004 0.002 0.002 0.002 0.004 0.004 0.004 0.002 0.003 0.004 
229      447    (0)   14 :  0.266 0.056 0.022 0.008 0.004 0.513 0.024 0.019 0.003 0.007 0.003 0.017 0.020 0.023 0.001 0.007 0.007 
230      449    (0)   14 :  0.005 0.010 0.005 0.003 0.002 0.939 0.004 0.004 0.003 0.003 0.004 0.003 0.004 0.003 0.002 0.003 0.005 
231      460    (0)   14 :  0.082 0.021 0.017 0.007 0.002 0.546 0.029 0.030 0.142 0.006 0.007 0.008 0.035 0.026 0.005 0.033 0.006 
232      461    (0)   14 :  0.022 0.258 0.026 0.051 0.002 0.140 0.072 0.105 0.006 0.008 0.015 0.099 0.083 0.080 0.005 0.021 0.008 
233      484    (0)   14 :  0.076 0.006 0.126 0.165 0.008 0.035 0.058 0.094 0.015 0.004 0.152 0.075 0.048 0.073 0.004 0.048 0.013 
234      485    (0)   14 :  0.012 0.092 0.004 0.003 0.002 0.771 0.018 0.016 0.011 0.002 0.004 0.018 0.020 0.013 0.003 0.007 0.004 
235      486    (0)   14 :  0.002 0.002 0.002 0.002 0.001 0.002 0.002 0.002 0.973 0.001 0.002 0.002 0.002 0.002 0.001 0.002 0.002 
236      487    (0)   14 :  0.084 0.193 0.006 0.013 0.003 0.333 0.083 0.058 0.011 0.006 0.007 0.022 0.073 0.080 0.002 0.016 0.010 
237      178    (0)   15 :  0.033 0.221 0.004 0.010 0.004 0.100 0.140 0.156 0.009 0.003 0.003 0.019 0.212 0.055 0.011 0.014 0.006 
238      422    (0)   15 :  0.313 0.057 0.015 0.006 0.003 0.488 0.013 0.013 0.004 0.003 0.006 0.044 0.013 0.010 0.002 0.007 0.003 
239      425    (0)   15 :  0.640 0.187 0.004 0.007 0.001 0.048 0.017 0.020 0.004 0.006 0.002 0.014 0.015 0.021 0.002 0.008 0.003 
240      426    (0)   15 :  0.085 0.062 0.004 0.205 0.104 0.014 0.094 0.125 0.003 0.003 0.005 0.034 0.082 0.127 0.024 0.011 0.020 
241      432    (0)   15 :  0.027 0.021 0.010 0.036 0.007 0.260 0.128 0.165 0.009 0.008 0.008 0.016 0.118 0.156 0.004 0.016 0.009 
242      434    (0)   15 :  0.952 0.004 0.003 0.003 0.002 0.005 0.003 0.003 0.002 0.004 0.004 0.003 0.003 0.003 0.001 0.002 0.003 
243      440    (0)   15 :  0.304 0.123 0.004 0.031 0.002 0.060 0.090 0.096 0.023 0.002 0.006 0.006 0.129 0.066 0.003 0.043 0.011 
244      448    (2)   15 :  0.019 0.007 0.011 0.010 0.002 0.815 0.008 0.010 0.007 0.038 0.028 0.011 0.009 0.007 0.002 0.004 0.013 
245      456    (0)   15 :  0.033 0.196 0.067 0.018 0.003 0.026 0.113 0.129 0.005 0.004 0.088 0.009 0.110 0.115 0.003 0.074 0.009 
246      457    (0)   15 :  0.034 0.186 0.017 0.020 0.005 0.272 0.088 0.103 0.035 0.009 0.021 0.014 0.093 0.079 0.003 0.015 0.005 
247      458    (0)   15 :  0.024 0.475 0.011 0.042 0.008 0.020 0.056 0.104 0.010 0.005 0.004 0.073 0.051 0.074 0.004 0.023 0.017 
248      459    (0)   15 :  0.010 0.009 0.007 0.011 0.003 0.869 0.012 0.013 0.008 0.002 0.004 0.015 0.012 0.011 0.005 0.006 0.005 
249      464    (0)   15 :  0.074 0.206 0.003 0.005 0.005 0.560 0.022 0.020 0.013 0.003 0.004 0.006 0.024 0.020 0.015 0.009 0.011 
250      465    (0)   15 :  0.363 0.553 0.004 0.003 0.001 0.010 0.008 0.009 0.006 0.002 0.005 0.009 0.008 0.009 0.003 0.006 0.002 
251      466    (0)   15 :  0.047 0.059 0.021 0.008 0.001 0.330 0.115 0.124 0.017 0.013 0.006 0.021 0.194 0.027 0.001 0.010 0.004 
252      470    (0)   15 :  0.017 0.351 0.004 0.012 0.002 0.456 0.008 0.007 0.097 0.003 0.006 0.008 0.008 0.008 0.003 0.004 0.006 
253      471    (0)   15 :  0.464 0.020 0.008 0.044 0.034 0.187 0.036 0.037 0.006 0.025 0.033 0.010 0.031 0.040 0.004 0.016 0.003 
254      483    (0)   15 :  0.926 0.004 0.003 0.006 0.002 0.006 0.004 0.005 0.004 0.002 0.003 0.011 0.004 0.005 0.005 0.004 0.006 
255      488    (0)   15 :  0.003 0.917 0.007 0.005 0.002 0.011 0.006 0.007 0.004 0.002 0.003 0.010 0.006 0.007 0.002 0.003 0.004 
256      495    (0)   15 :  0.775 0.080 0.015 0.006 0.001 0.030 0.011 0.010 0.003 0.002 0.016 0.020 0.009 0.010 0.003 0.005 0.002 
257      496    (0)   15 :  0.036 0.864 0.002 0.004 0.002 0.011 0.008 0.007 0.004 0.005 0.004 0.011 0.008 0.011 0.003 0.018 0.002 
258      497    (0)   15 :  0.869 0.006 0.005 0.002 0.002 0.011 0.010 0.009 0.002 0.003 0.025 0.004 0.008 0.011 0.003 0.003 0.025 
259      500    (0)   15 :  0.007 0.039 0.474 0.007 0.004 0.039 0.059 0.055 0.037 0.015 0.022 0.044 0.058 0.054 0.059 0.024 0.003 
260      879    (0)   15 :  0.946 0.003 0.002 0.005 0.002 0.004 0.003 0.003 0.004 0.001 0.002 0.004 0.003 0.003 0.003 0.004 0.005 
261      036    (0)   16 :  0.009 0.012 0.005 0.005 0.004 0.014 0.180 0.296 0.005 0.011 0.003 0.021 0.139 0.241 0.003 0.049 0.002 
262      063    (2)   16 :  0.009 0.016 0.013 0.041 0.004 0.029 0.203 0.127 0.010 0.003 0.030 0.050 0.164 0.133 0.003 0.152 0.014 
263      094    (4)   16 :  0.007 0.129 0.077 0.018 0.005 0.022 0.077 0.111 0.006 0.011 0.012 0.315 0.071 0.098 0.012 0.020 0.009 
264      103    (4)   16 :  0.003 0.003 0.003 0.002 0.002 0.004 0.004 0.007 0.004 0.002 0.007 0.004 0.004 0.023 0.005 0.922 0.003 
265      112    (0)   16 :  0.007 0.006 0.007 0.046 0.004 0.006 0.127 0.098 0.010 0.003 0.007 0.406 0.112 0.118 0.007 0.030 0.006 
266      114    (2)   16 :  0.010 0.057 0.004 0.004 0.002 0.010 0.216 0.166 0.014 0.008 0.004 0.078 0.156 0.231 0.003 0.034 0.004 
267      120    (0)   16 :  0.006 0.028 0.012 0.014 0.002 0.006 0.020 0.019 0.006 0.012 0.005 0.815 0.019 0.020 0.003 0.009 0.004 
268      127    (2)   16 :  0.005 0.121 0.008 0.067 0.003 0.004 0.143 0.210 0.070 0.005 0.005 0.032 0.106 0.200 0.006 0.011 0.006 
269      147    (0)   16 :  0.011 0.008 0.002 0.197 0.043 0.011 0.151 0.175 0.007 0.005 0.005 0.015 0.103 0.209 0.007 0.045 0.006 
270      166    (0)   16 :  0.006 0.131 0.006 0.112 0.026 0.026 0.123 0.120 0.004 0.004 0.011 0.040 0.099 0.156 0.077 0.041 0.018 
271      167    (0)   16 :  0.085 0.106 0.006 0.006 0.005 0.013 0.175 0.096 0.013 0.009 0.055 0.013 0.149 0.250 0.004 0.012 0.004 
272      168    (0)   16 :  0.005 0.008 0.004 0.003 0.003 0.012 0.251 0.182 0.003 0.015 0.004 0.013 0.189 0.282 0.013 0.008 0.004 
273      169    (2)   16 :  0.071 0.176 0.008 0.045 0.005 0.044 0.150 0.098 0.004 0.006 0.006 0.033 0.123 0.196 0.003 0.030 0.004 
274      170    (0)   16 :  0.009 0.005 0.022 0.017 0.005 0.019 0.163 0.142 0.022 0.004 0.007 0.065 0.150 0.215 0.041 0.079 0.034 
275      171    (2)   16 :  0.005 0.006 0.076 0.037 0.011 0.007 0.144 0.085 0.003 0.003 0.009 0.022 0.185 0.151 0.006 0.244 0.004 
276      172    (0)   16 :  0.014 0.026 0.013 0.014 0.014 0.006 0.020 0.017 0.002 0.012 0.010 0.800 0.016 0.017 0.004 0.012 0.004 
277      185    (0)   16 :  0.026 0.014 0.004 0.036 0.004 0.062 0.180 0.120 0.016 0.002 0.009 0.008 0.168 0.249 0.004 0.091 0.005 
278      199    (2)   16 :  0.003 0.022 0.006 0.007 0.005 0.007 0.188 0.122 0.007 0.006 0.003 0.006 0.171 0.218 0.010 0.015 0.203 
279      339    (0)   16 :  0.080 0.302 0.005 0.008 0.005 0.012 0.151 0.071 0.005 0.002 0.010 0.005 0.117 0.212 0.002 0.007 0.006 
280      355    (0)   16 :  0.002 0.003 0.003 0.008 0.013 0.004 0.237 0.121 0.004 0.002 0.006 0.005 0.205 0.263 0.034 0.016 0.073 
281      356    (0)   16 :  0.005 0.020 0.004 0.006 0.004 0.005 0.022 0.036 0.017 0.006 0.003 0.643 0.023 0.026 0.168 0.006 0.005 
282      357    (0)   16 :  0.006 0.033 0.007 0.016 0.012 0.007 0.150 0.243 0.023 0.009 0.004 0.072 0.150 0.185 0.006 0.061 0.016 
283      358    (0)   16 :  0.007 0.009 0.008 0.010 0.006 0.012 0.151 0.303 0.019 0.002 0.048 0.006 0.147 0.253 0.004 0.013 0.003 
284      359    (0)   16 :  0.015 0.008 0.004 0.018 0.002 0.005 0.170 0.157 0.003 0.002 0.019 0.240 0.142 0.178 0.005 0.024 0.010 
285      360    (0)   16 :  0.023 0.018 0.014 0.021 0.009 0.019 0.208 0.194 0.006 0.005 0.003 0.021 0.155 0.210 0.020 0.070 0.004 
286      361    (0)   16 :  0.050 0.039 0.005 0.010 0.002 0.014 0.022 0.023 0.004 0.004 0.006 0.761 0.025 0.023 0.003 0.006 0.003 
287      362    (0)   16 :  0.120 0.017 0.210 0.076 0.005 0.020 0.118 0.128 0.003 0.002 0.011 0.049 0.091 0.116 0.012 0.018 0.005 
288      363    (0)   16 :  0.007 0.018 0.006 0.374 0.012 0.015 0.102 0.118 0.010 0.005 0.010 0.026 0.091 0.145 0.007 0.011 0.042 
289      364    (0)   16 :  0.004 0.075 0.326 0.012 0.003 0.008 0.084 0.106 0.015 0.003 0.008 0.027 0.077 0.107 0.088 0.017 0.039 
290      365    (0)   16 :  0.010 0.089 0.018 0.006 0.012 0.023 0.155 0.249 0.008 0.002 0.005 0.018 0.167 0.154 0.060 0.022 0.003 
291      366    (0)   16 :  0.004 0.008 0.004 0.013 0.025 0.004 0.166 0.267 0.003 0.001 0.010 0.083 0.108 0.270 0.005 0.025 0.003 
292      367    (0)   16 :  0.005 0.005 0.012 0.005 0.009 0.007 0.292 0.162 0.030 0.005 0.017 0.014 0.228 0.178 0.002 0.027 0.002 
293      368    (0)   16 :  0.004 0.005 0.031 0.007 0.012 0.005 0.182 0.105 0.046 0.008 0.017 0.007 0.155 0.178 0.066 0.170 0.003 
294      369    (0)   16 :  0.005 0.005 0.003 0.007 0.004 0.004 0.289 0.097 0.003 0.002 0.005 0.010 0.241 0.227 0.016 0.078 0.004 
295      370    (0)   16 :  0.009 0.021 0.005 0.016 0.012 0.014 0.063 0.106 0.005 0.012 0.042 0.415 0.066 0.088 0.081 0.039 0.007 
296      371    (0)   16 :  0.009 0.006 0.015 0.004 0.003 0.010 0.277 0.187 0.003 0.005 0.009 0.009 0.218 0.212 0.002 0.023 0.007 
297      372    (0)   16 :  0.011 0.050 0.012 0.050 0.004 0.458 0.012 0.012 0.002 0.003 0.003 0.011 0.013 0.013 0.005 0.011 0.331 
298      373    (0)   16 :  0.021 0.009 0.007 0.006 0.003 0.022 0.180 0.198 0.002 0.004 0.009 0.050 0.223 0.084 0.089 0.053 0.041 
299      380    (0)   16 :  0.005 0.037 0.017 0.035 0.006 0.008 0.171 0.224 0.002 0.040 0.009 0.058 0.145 0.201 0.012 0.019 0.010 
300      388    (0)   16 :  0.006 0.007 0.011 0.027 0.007 0.007 0.065 0.137 0.003 0.005 0.012 0.457 0.066 0.111 0.040 0.019 0.020 
301      418    (0)   16 :  0.004 0.010 0.013 0.016 0.006 0.007 0.222 0.224 0.006 0.023 0.003 0.013 0.321 0.063 0.006 0.014 0.050 
302      419    (0)   16 :  0.005 0.008 0.004 0.006 0.005 0.013 0.251 0.230 0.006 0.008 0.004 0.009 0.362 0.064 0.006 0.018 0.003 
303      420    (0)   16 :  0.016 0.027 0.040 0.015 0.050 0.044 0.168 0.196 0.010 0.003 0.011 0.053 0.161 0.121 0.006 0.023 0.057 
304      409    (0)   17 :  0.006 0.029 0.007 0.013 0.002 0.019 0.153 0.113 0.007 0.106 0.006 0.038 0.200 0.096 0.005 0.197 0.003 
305      414    (0)   17 :  0.012 0.012 0.015 0.016 0.002 0.006 0.204 0.137 0.007 0.016 0.007 0.007 0.224 0.112 0.002 0.212 0.007 
306      415    (2)   17 :  0.007 0.010 0.007 0.011 0.003 0.004 0.210 0.154 0.032 0.004 0.011 0.025 0.213 0.232 0.015 0.049 0.015 
307      416    (0)   17 :  0.011 0.018 0.023 0.009 0.003 0.017 0.190 0.213 0.004 0.065 0.024 0.007 0.311 0.074 0.002 0.020 0.009 
308      571    (0)    2 :  0.014 0.008 0.834 0.025 0.004 0.022 0.007 0.007 0.029 0.003 0.016 0.005 0.007 0.006 0.002 0.009 0.003 
309      572    (0)    2 :  0.004 0.003 0.794 0.038 0.006 0.003 0.014 0.016 0.011 0.008 0.046 0.007 0.014 0.014 0.004 0.014 0.004 
310      573    (2)    2 :  0.005 0.004 0.925 0.003 0.001 0.005 0.006 0.007 0.009 0.004 0.005 0.004 0.006 0.006 0.001 0.007 0.003 
311      574    (0)    2 :  0.007 0.006 0.888 0.004 0.003 0.005 0.010 0.009 0.004 0.012 0.008 0.006 0.010 0.009 0.008 0.009 0.002 
312      575    (2)    2 :  0.005 0.005 0.797 0.063 0.008 0.008 0.013 0.014 0.006 0.005 0.015 0.005 0.014 0.014 0.006 0.014 0.008 
313      576    (0)    2 :  0.003 0.003 0.958 0.003 0.001 0.003 0.003 0.003 0.003 0.003 0.005 0.002 0.003 0.003 0.001 0.003 0.002 
314      577    (0)    2 :  0.011 0.006 0.871 0.006 0.002 0.005 0.007 0.007 0.011 0.008 0.015 0.004 0.007 0.006 0.002 0.025 0.008 
315      578    (0)    2 :  0.006 0.006 0.892 0.004 0.002 0.005 0.003 0.003 0.004 0.048 0.004 0.002 0.003 0.003 0.001 0.006 0.008 
316      579    (0)    2 :  0.007 0.012 0.924 0.004 0.002 0.007 0.004 0.004 0.002 0.008 0.003 0.002 0.003 0.004 0.001 0.009 0.004 
317      580    (0)    2 :  0.004 0.003 0.955 0.003 0.002 0.003 0.003 0.003 0.002 0.002 0.004 0.002 0.003 0.003 0.001 0.004 0.002 
318      581    (0)    2 :  0.007 0.005 0.935 0.003 0.002 0.005 0.003 0.003 0.002 0.015 0.007 0.002 0.003 0.003 0.001 0.002 0.002 
319      582    (4)    2 :  0.020 0.016 0.742 0.006 0.049 0.013 0.022 0.019 0.002 0.003 0.013 0.012 0.021 0.026 0.003 0.016 0.018 
320      583    (0)    2 :  0.042 0.018 0.480 0.034 0.010 0.009 0.070 0.107 0.015 0.004 0.009 0.020 0.056 0.085 0.002 0.024 0.015 
321      584    (0)    2 :  0.042 0.007 0.829 0.007 0.003 0.032 0.007 0.007 0.005 0.014 0.006 0.006 0.007 0.008 0.002 0.011 0.007 
322      585    (0)    2 :  0.011 0.007 0.915 0.006 0.002 0.005 0.004 0.004 0.009 0.002 0.010 0.003 0.004 0.004 0.001 0.010 0.002 
323      586    (2)    2 :  0.007 0.006 0.921 0.006 0.003 0.006 0.004 0.004 0.004 0.004 0.007 0.002 0.004 0.004 0.001 0.005 0.011 
324      587    (0)    2 :  0.004 0.004 0.950 0.003 0.002 0.002 0.003 0.003 0.002 0.009 0.003 0.003 0.003 0.003 0.001 0.004 0.002 
325      588    (0)    2 :  0.005 0.006 0.767 0.011 0.009 0.010 0.016 0.015 0.018 0.005 0.007 0.006 0.013 0.018 0.007 0.077 0.010 
326      589    (0)    2 :  0.019 0.007 0.684 0.051 0.004 0.040 0.024 0.030 0.004 0.019 0.012 0.008 0.026 0.033 0.005 0.016 0.018 
327      590    (0)    2 :  0.005 0.013 0.785 0.003 0.010 0.006 0.006 0.007 0.055 0.035 0.035 0.004 0.006 0.006 0.004 0.007 0.012 
328      001    (0)    3 :  0.002 0.002 0.003 0.002 0.003 0.002 0.004 0.004 0.002 0.003 0.003 0.003 0.003 0.004 0.956 0.003 0.001 
329      005    (0)    3 :  0.002 0.001 0.001 0.002 0.006 0.002 0.002 0.002 0.002 0.001 0.002 0.002 0.002 0.002 0.965 0.002 0.003 
330      106    (0)    3 :  0.002 0.002 0.005 0.003 0.002 0.002 0.003 0.003 0.002 0.003 0.003 0.003 0.003 0.003 0.957 0.003 0.003 
331      192    (0)    3 :  0.004 0.004 0.006 0.009 0.005 0.006 0.012 0.013 0.003 0.006 0.004 0.007 0.011 0.015 0.866 0.018 0.012 
332      229    (0)    3 :  0.007 0.004 0.003 0.007 0.041 0.004 0.005 0.005 0.005 0.003 0.007 0.006 0.005 0.006 0.885 0.004 0.004 
333      319    (0)    3 :  0.002 0.003 0.002 0.002 0.005 0.002 0.004 0.004 0.002 0.002 0.003 0.007 0.004 0.004 0.948 0.003 0.002 
334      327    (0)    3 :  0.002 0.002 0.003 0.003 0.002 0.002 0.003 0.003 0.002 0.002 0.002 0.006 0.003 0.003 0.957 0.003 0.003 
335      340    (0)    3 :  0.003 0.003 0.003 0.002 0.003 0.002 0.004 0.004 0.004 0.001 0.004 0.004 0.004 0.004 0.937 0.013 0.003 
336      345    (0)    3 :  0.002 0.006 0.004 0.005 0.010 0.003 0.006 0.005 0.002 0.001 0.004 0.011 0.005 0.005 0.925 0.004 0.003 
337      375    (0)    3 :  0.002 0.003 0.002 0.005 0.003 0.002 0.003 0.003 0.002 0.001 0.002 0.003 0.003 0.004 0.955 0.003 0.005 
338      501    (4)    3 :  0.002 0.003 0.002 0.004 0.003 0.003 0.003 0.003 0.008 0.001 0.002 0.004 0.003 0.003 0.952 0.003 0.002 
339      502    (0)    3 :  0.003 0.011 0.003 0.008 0.008 0.002 0.004 0.005 0.012 0.003 0.004 0.003 0.004 0.005 0.915 0.006 0.003 
340      503    (2)    3 :  0.002 0.001 0.004 0.002 0.002 0.001 0.002 0.002 0.007 0.002 0.003 0.002 0.002 0.002 0.960 0.002 0.002 
341      504    (0)    3 :  0.005 0.007 0.002 0.003 0.016 0.008 0.004 0.005 0.002 0.004 0.002 0.002 0.005 0.005 0.923 0.003 0.004 
342      505    (0)    3 :  0.003 0.002 0.006 0.007 0.048 0.002 0.008 0.007 0.002 0.007 0.012 0.010 0.007 0.007 0.866 0.004 0.003 
343      506    (2)    3 :  0.004 0.004 0.002 0.005 0.006 0.004 0.006 0.005 0.005 0.002 0.002 0.006 0.006 0.006 0.930 0.004 0.002 
344      507    (4)    3 :  0.002 0.003 0.002 0.005 0.004 0.002 0.003 0.003 0.004 0.001 0.003 0.004 0.003 0.003 0.953 0.002 0.002 
345      508    (0)    3 :  0.004 0.005 0.004 0.005 0.003 0.006 0.006 0.006 0.021 0.002 0.006 0.007 0.006 0.006 0.905 0.007 0.002 
346      509    (2)    3 :  0.004 0.002 0.002 0.003 0.003 0.002 0.003 0.003 0.003 0.001 0.003 0.003 0.003 0.003 0.950 0.009 0.004 
347      510    (2)    3 :  0.004 0.005 0.002 0.003 0.003 0.008 0.005 0.005 0.004 0.003 0.002 0.002 0.005 0.005 0.920 0.006 0.019 
348      511    (4)    3 :  0.003 0.003 0.003 0.002 0.002 0.003 0.003 0.003 0.005 0.003 0.002 0.002 0.003 0.003 0.957 0.003 0.002 
349      512    (4)    3 :  0.002 0.003 0.002 0.004 0.006 0.003 0.003 0.003 0.002 0.002 0.002 0.004 0.003 0.003 0.952 0.002 0.003 
350      513    (0)    3 :  0.003 0.002 0.002 0.003 0.008 0.003 0.003 0.004 0.002 0.002 0.002 0.003 0.003 0.004 0.934 0.004 0.019 
351      514    (0)    3 :  0.008 0.003 0.001 0.002 0.002 0.002 0.004 0.003 0.002 0.001 0.002 0.002 0.004 0.004 0.954 0.003 0.002 
352      515    (2)    3 :  0.003 0.002 0.002 0.002 0.004 0.002 0.002 0.002 0.002 0.001 0.003 0.002 0.002 0.002 0.957 0.006 0.003 
353      516    (2)    3 :  0.004 0.008 0.003 0.005 0.004 0.005 0.005 0.005 0.008 0.003 0.004 0.003 0.005 0.006 0.922 0.004 0.007 
354      517    (0)    3 :  0.001 0.002 0.001 0.002 0.005 0.009 0.002 0.002 0.002 0.001 0.001 0.002 0.002 0.002 0.963 0.002 0.002 
355      518    (0)    3 :  0.003 0.005 0.003 0.004 0.003 0.005 0.006 0.006 0.004 0.002 0.006 0.005 0.006 0.006 0.927 0.005 0.003 
356      519    (0)    3 :  0.002 0.002 0.003 0.002 0.002 0.003 0.003 0.003 0.004 0.003 0.003 0.003 0.003 0.003 0.953 0.004 0.003 
357      520    (2)    3 :  0.003 0.003 0.003 0.003 0.002 0.006 0.003 0.003 0.002 0.004 0.002 0.002 0.003 0.003 0.946 0.006 0.006 
358      521    (2)    3 :  0.002 0.002 0.003 0.003 0.006 0.002 0.002 0.002 0.002 0.007 0.003 0.003 0.002 0.002 0.951 0.003 0.003 
359      522    (0)    3 :  0.004 0.021 0.006 0.004 0.001 0.007 0.006 0.006 0.010 0.013 0.004 0.003 0.006 0.006 0.895 0.004 0.005 
360      523    (2)    3 :  0.005 0.004 0.005 0.004 0.004 0.004 0.007 0.007 0.005 0.004 0.008 0.007 0.007 0.006 0.917 0.004 0.002 
361      524    (0)    3 :  0.003 0.013 0.008 0.006 0.003 0.006 0.010 0.011 0.065 0.013 0.023 0.010 0.010 0.009 0.799 0.005 0.006 
362      525    (0)    3 :  0.002 0.003 0.002 0.002 0.001 0.002 0.003 0.003 0.002 0.001 0.001 0.003 0.003 0.003 0.964 0.003 0.003 
363      526    (2)    3 :  0.002 0.002 0.002 0.002 0.013 0.003 0.002 0.003 0.002 0.002 0.002 0.003 0.002 0.002 0.953 0.002 0.002 
364      527    (2)    4 :  0.009 0.010 0.852 0.006 0.005 0.006 0.007 0.008 0.011 0.002 0.023 0.004 0.007 0.007 0.007 0.026 0.010 
365      528    (4)    4 :  0.005 0.014 0.414 0.337 0.003 0.004 0.023 0.022 0.003 0.017 0.075 0.020 0.020 0.022 0.002 0.011 0.008 
366      529    (4)    4 :  0.019 0.016 0.700 0.110 0.009 0.012 0.018 0.022 0.006 0.016 0.013 0.009 0.021 0.015 0.003 0.008 0.004 
367      530    (0)    4 :  0.003 0.003 0.898 0.011 0.004 0.003 0.007 0.006 0.006 0.004 0.009 0.012 0.007 0.007 0.008 0.006 0.005 
368      531    (2)    4 :  0.004 0.004 0.882 0.024 0.006 0.006 0.007 0.008 0.003 0.011 0.010 0.010 0.007 0.008 0.004 0.004 0.004 
369      532    (4)    4 :  0.005 0.004 0.744 0.104 0.002 0.003 0.011 0.013 0.030 0.003 0.016 0.026 0.010 0.013 0.003 0.009 0.002 
370      533    (0)    4 :  0.027 0.019 0.575 0.013 0.002 0.006 0.048 0.051 0.002 0.021 0.037 0.022 0.065 0.028 0.007 0.073 0.002 
371      534    (2)    4 :  0.005 0.005 0.823 0.007 0.002 0.005 0.009 0.010 0.003 0.013 0.083 0.005 0.009 0.008 0.003 0.006 0.006 
372      535    (2)    4 :  0.005 0.009 0.859 0.027 0.005 0.007 0.011 0.011 0.010 0.004 0.009 0.009 0.011 0.011 0.002 0.006 0.002 
373      536    (2)    4 :  0.005 0.003 0.890 0.003 0.013 0.005 0.006 0.006 0.004 0.028 0.009 0.008 0.005 0.006 0.002 0.004 0.002 
374      537    (2)    4 :  0.007 0.007 0.901 0.007 0.002 0.008 0.006 0.006 0.002 0.008 0.006 0.004 0.006 0.006 0.002 0.007 0.015 
375      538    (2)    4 :  0.023 0.026 0.662 0.005 0.002 0.009 0.033 0.029 0.003 0.003 0.046 0.037 0.030 0.032 0.006 0.051 0.004 
376      539    (2)    4 :  0.002 0.008 0.798 0.006 0.002 0.003 0.006 0.005 0.004 0.003 0.140 0.004 0.006 0.005 0.001 0.004 0.002 
377      540    (2)    4 :  0.006 0.011 0.838 0.006 0.001 0.016 0.016 0.016 0.005 0.011 0.012 0.020 0.019 0.013 0.001 0.007 0.002 
378      541    (2)    4 :  0.025 0.009 0.744 0.046 0.002 0.029 0.010 0.010 0.005 0.007 0.062 0.022 0.010 0.009 0.003 0.004 0.003 
379      542    (2)    4 :  0.016 0.068 0.686 0.014 0.004 0.023 0.020 0.021 0.004 0.010 0.059 0.017 0.018 0.019 0.002 0.008 0.009 
380      543    (0)    4 :  0.014 0.012 0.593 0.009 0.002 0.037 0.052 0.076 0.003 0.020 0.034 0.016 0.049 0.058 0.003 0.009 0.014 
381      544    (2)    4 :  0.003 0.003 0.926 0.003 0.002 0.003 0.004 0.004 0.001 0.005 0.022 0.007 0.004 0.004 0.003 0.005 0.002 
382      545    (2)    4 :  0.009 0.013 0.037 0.005 0.001 0.003 0.008 0.009 0.010 0.004 0.748 0.006 0.008 0.008 0.002 0.127 0.002 
383      546    (4)    4 :  0.006 0.014 0.015 0.004 0.002 0.002 0.011 0.013 0.010 0.004 0.659 0.004 0.010 0.011 0.001 0.232 0.002 
384      547    (6)    4 :  0.020 0.008 0.645 0.008 0.015 0.012 0.043 0.040 0.034 0.010 0.010 0.023 0.036 0.047 0.004 0.014 0.030 
385      019    (0)    5 :  0.034 0.004 0.073 0.017 0.004 0.033 0.007 0.007 0.003 0.008 0.778 0.006 0.007 0.006 0.002 0.006 0.004 
386      064    (0)    5 :  0.003 0.002 0.031 0.002 0.001 0.003 0.002 0.002 0.003 0.002 0.935 0.002 0.002 0.002 0.001 0.003 0.002 
387      065    (0)    5 :  0.004 0.002 0.937 0.003 0.001 0.003 0.002 0.002 0.002 0.005 0.027 0.003 0.002 0.002 0.001 0.002 0.001 
388      066    (0)    5 :  0.018 0.009 0.293 0.004 0.002 0.013 0.011 0.011 0.011 0.006 0.581 0.009 0.011 0.010 0.002 0.006 0.003 
389      067    (0)    5 :  0.024 0.005 0.011 0.016 0.006 0.011 0.008 0.009 0.004 0.010 0.852 0.005 0.008 0.008 0.005 0.007 0.010 
390      068    (0)    5 :  0.010 0.011 0.811 0.018 0.002 0.008 0.008 0.009 0.020 0.008 0.029 0.007 0.008 0.008 0.002 0.008 0.032 
391      069    (0)    5 :  0.003 0.008 0.133 0.008 0.001 0.005 0.005 0.005 0.017 0.011 0.762 0.006 0.005 0.005 0.001 0.020 0.004 
392      107    (0)    5 :  0.005 0.005 0.434 0.004 0.001 0.007 0.005 0.004 0.006 0.003 0.504 0.003 0.005 0.005 0.001 0.006 0.002 
393      110    (0)    5 :  0.003 0.002 0.003 0.009 0.003 0.002 0.002 0.003 0.003 0.002 0.953 0.003 0.002 0.003 0.002 0.004 0.002 
394      121    (0)    5 :  0.008 0.005 0.913 0.012 0.001 0.004 0.004 0.004 0.003 0.002 0.024 0.003 0.004 0.004 0.001 0.003 0.003 
395      137    (0)    5 :  0.008 0.008 0.008 0.004 0.010 0.007 0.010 0.009 0.004 0.005 0.890 0.005 0.009 0.011 0.002 0.006 0.002 
396      146    (0)    5 :  0.006 0.005 0.273 0.006 0.003 0.005 0.010 0.010 0.002 0.020 0.558 0.064 0.009 0.011 0.004 0.011 0.004 
397      149    (0)    5 :  0.008 0.005 0.005 0.005 0.003 0.005 0.005 0.005 0.002 0.002 0.936 0.004 0.004 0.005 0.001 0.003 0.002 
398      154    (0)    5 :  0.008 0.005 0.054 0.005 0.002 0.006 0.006 0.006 0.003 0.161 0.703 0.003 0.006 0.007 0.002 0.006 0.017 
399      179    (0)    5 :  0.004 0.006 0.375 0.004 0.002 0.005 0.004 0.004 0.007 0.004 0.562 0.004 0.004 0.004 0.002 0.003 0.004 
400      181    (0)    5 :  0.002 0.003 0.189 0.003 0.002 0.003 0.004 0.004 0.002 0.004 0.765 0.003 0.004 0.004 0.001 0.003 0.002 
401      182    (0)    5 :  0.011 0.005 0.738 0.028 0.002 0.004 0.011 0.012 0.017 0.006 0.103 0.013 0.011 0.012 0.003 0.009 0.014 
402      186    (0)    5 :  0.009 0.014 0.143 0.086 0.005 0.008 0.016 0.018 0.008 0.004 0.613 0.029 0.015 0.018 0.005 0.006 0.004 
403      193    (0)    5 :  0.006 0.004 0.469 0.006 0.002 0.013 0.007 0.009 0.004 0.008 0.438 0.008 0.008 0.007 0.003 0.006 0.004 
404      320    (0)    5 :  0.010 0.004 0.032 0.007 0.003 0.004 0.006 0.006 0.003 0.010 0.875 0.012 0.006 0.005 0.001 0.005 0.011 
405      341    (0)    5 :  0.011 0.009 0.875 0.003 0.002 0.008 0.006 0.006 0.006 0.003 0.043 0.007 0.005 0.006 0.001 0.003 0.004 
406      376    (0)    5 :  0.003 0.007 0.594 0.023 0.003 0.005 0.011 0.012 0.017 0.009 0.236 0.013 0.011 0.011 0.038 0.004 0.003 
407      395    (0)    5 :  0.005 0.025 0.188 0.012 0.006 0.018 0.007 0.007 0.004 0.054 0.644 0.006 0.008 0.007 0.001 0.005 0.004 
408      396    (0)    5 :  0.003 0.004 0.912 0.002 0.003 0.003 0.003 0.003 0.005 0.003 0.043 0.004 0.003 0.003 0.002 0.004 0.002 
409      397    (0)    5 :  0.004 0.003 0.841 0.005 0.009 0.004 0.005 0.005 0.002 0.010 0.085 0.003 0.005 0.006 0.001 0.003 0.006 
410      398    (0)    5 :  0.003 0.002 0.395 0.011 0.004 0.005 0.005 0.006 0.005 0.059 0.475 0.010 0.005 0.005 0.002 0.003 0.004 
411      399    (0)    5 :  0.006 0.003 0.921 0.012 0.002 0.002 0.005 0.005 0.007 0.002 0.006 0.008 0.004 0.005 0.002 0.006 0.004 
412      400    (0)    5 :  0.003 0.003 0.022 0.011 0.002 0.003 0.007 0.007 0.009 0.006 0.892 0.014 0.007 0.006 0.001 0.004 0.002 
413      401    (0)    5 :  0.007 0.006 0.078 0.004 0.003 0.005 0.013 0.012 0.007 0.006 0.816 0.008 0.011 0.016 0.003 0.004 0.002 
414      402    (0)    5 :  0.002 0.003 0.003 0.007 0.002 0.002 0.003 0.003 0.003 0.002 0.951 0.003 0.003 0.003 0.003 0.003 0.003 
415      403    (0)    5 :  0.026 0.011 0.412 0.019 0.011 0.010 0.009 0.009 0.010 0.004 0.419 0.030 0.008 0.009 0.002 0.007 0.004 
416      073    (0)    6 :  0.006 0.004 0.938 0.006 0.002 0.006 0.004 0.004 0.003 0.001 0.005 0.004 0.004 0.004 0.002 0.005 0.002 
417      074    (0)    6 :  0.004 0.003 0.885 0.002 0.002 0.005 0.008 0.008 0.002 0.040 0.004 0.004 0.008 0.007 0.007 0.006 0.005 
418      075    (0)    6 :  0.008 0.008 0.904 0.005 0.003 0.005 0.005 0.005 0.002 0.006 0.008 0.010 0.005 0.005 0.002 0.014 0.004 
419      076    (0)    6 :  0.010 0.010 0.897 0.013 0.005 0.004 0.006 0.007 0.003 0.005 0.009 0.005 0.006 0.006 0.005 0.004 0.007 
420      077    (0)    6 :  0.006 0.009 0.884 0.005 0.003 0.014 0.007 0.007 0.006 0.003 0.012 0.006 0.006 0.008 0.001 0.016 0.008 
421      078    (0)    6 :  0.006 0.007 0.749 0.004 0.005 0.006 0.012 0.012 0.003 0.005 0.008 0.011 0.011 0.011 0.002 0.142 0.005 
422      079    (0)    6 :  0.010 0.007 0.882 0.007 0.001 0.005 0.011 0.014 0.008 0.003 0.011 0.007 0.012 0.012 0.002 0.007 0.002 
423      080    (0)    6 :  0.008 0.003 0.903 0.015 0.002 0.003 0.006 0.006 0.004 0.003 0.005 0.004 0.006 0.006 0.003 0.004 0.020 
424      081    (0)    6 :  0.007 0.009 0.789 0.008 0.016 0.047 0.011 0.013 0.004 0.013 0.041 0.005 0.012 0.011 0.004 0.007 0.004 
425      082    (0)    6 :  0.002 0.002 0.931 0.006 0.002 0.003 0.003 0.003 0.005 0.003 0.021 0.004 0.004 0.003 0.001 0.002 0.003 
426      083    (0)    6 :  0.004 0.005 0.897 0.006 0.003 0.004 0.009 0.008 0.008 0.011 0.020 0.004 0.007 0.009 0.002 0.004 0.002 
427      084    (0)    6 :  0.011 0.007 0.815 0.003 0.005 0.010 0.005 0.005 0.002 0.102 0.011 0.004 0.005 0.005 0.004 0.005 0.002 
428      085    (0)    6 :  0.008 0.269 0.500 0.007 0.015 0.031 0.014 0.016 0.017 0.009 0.052 0.010 0.014 0.014 0.002 0.019 0.003 
429      404    (0)    6 :  0.006 0.004 0.912 0.005 0.003 0.005 0.004 0.004 0.003 0.020 0.010 0.004 0.004 0.004 0.001 0.006 0.003 
430      405    (0)    6 :  0.005 0.004 0.912 0.004 0.009 0.012 0.005 0.006 0.002 0.005 0.005 0.005 0.006 0.005 0.002 0.011 0.002 
431      406    (0)    6 :  0.002 0.005 0.866 0.007 0.008 0.004 0.009 0.010 0.007 0.008 0.005 0.006 0.010 0.008 0.005 0.037 0.003 
432      407    (0)    6 :  0.005 0.010 0.844 0.003 0.003 0.006 0.006 0.006 0.002 0.004 0.087 0.004 0.006 0.006 0.001 0.003 0.003 
433      408    (0)    6 :  0.003 0.004 0.938 0.004 0.001 0.006 0.005 0.005 0.002 0.006 0.004 0.003 0.005 0.004 0.001 0.004 0.005 
434      411    (2)    6 :  0.004 0.003 0.951 0.002 0.002 0.005 0.003 0.003 0.003 0.005 0.006 0.002 0.003 0.003 0.001 0.002 0.003 
435      412    (0)    6 :  0.006 0.015 0.857 0.011 0.004 0.012 0.008 0.009 0.006 0.004 0.008 0.005 0.009 0.007 0.029 0.003 0.006 
436      413    (0)    6 :  0.004 0.004 0.852 0.002 0.002 0.004 0.004 0.004 0.002 0.003 0.011 0.004 0.004 0.004 0.001 0.093 0.002 
437      591    (0)    7 :  0.010 0.006 0.004 0.897 0.006 0.009 0.005 0.006 0.004 0.009 0.002 0.006 0.005 0.005 0.015 0.005 0.004 
438      592    (0)    7 :  0.009 0.011 0.010 0.738 0.003 0.159 0.007 0.008 0.005 0.005 0.004 0.013 0.006 0.009 0.003 0.004 0.006 
439      593    (0)    7 :  0.006 0.005 0.010 0.905 0.006 0.006 0.007 0.007 0.005 0.004 0.005 0.006 0.007 0.006 0.002 0.012 0.002 
440      594    (0)    7 :  0.012 0.006 0.040 0.703 0.005 0.060 0.023 0.024 0.004 0.007 0.009 0.029 0.023 0.027 0.003 0.013 0.011 
441      595    (0)    7 :  0.007 0.008 0.009 0.832 0.004 0.005 0.021 0.019 0.004 0.003 0.013 0.006 0.020 0.027 0.005 0.006 0.011 
442      596    (0)    7 :  0.003 0.005 0.006 0.905 0.006 0.005 0.007 0.006 0.007 0.002 0.005 0.006 0.006 0.006 0.002 0.004 0.019 
443      597    (0)    7 :  0.008 0.039 0.033 0.804 0.002 0.006 0.014 0.014 0.003 0.003 0.028 0.008 0.013 0.014 0.001 0.004 0.006 
444      598    (0)    7 :  0.005 0.089 0.007 0.521 0.002 0.008 0.051 0.056 0.010 0.003 0.032 0.082 0.036 0.062 0.002 0.009 0.027 
445      599    (0)    7 :  0.182 0.016 0.005 0.683 0.006 0.049 0.009 0.009 0.005 0.003 0.003 0.003 0.009 0.008 0.003 0.005 0.003 
446      600    (0)    7 :  0.005 0.006 0.004 0.920 0.004 0.003 0.006 0.006 0.003 0.001 0.007 0.006 0.006 0.006 0.002 0.004 0.011 
447      601    (0)    7 :  0.017 0.033 0.021 0.781 0.002 0.019 0.020 0.018 0.005 0.002 0.025 0.010 0.018 0.017 0.002 0.007 0.002 
448      602    (0)    7 :  0.008 0.017 0.006 0.855 0.004 0.008 0.015 0.016 0.004 0.004 0.014 0.004 0.015 0.015 0.004 0.003 0.006 
449      603    (0)    7 :  0.026 0.483 0.007 0.135 0.007 0.133 0.035 0.051 0.007 0.008 0.005 0.006 0.039 0.035 0.002 0.014 0.009 
450      604    (0)    7 :  0.003 0.004 0.009 0.877 0.002 0.003 0.012 0.012 0.011 0.003 0.007 0.013 0.012 0.012 0.004 0.007 0.008 
451      605    (0)    7 :  0.009 0.008 0.009 0.705 0.004 0.010 0.024 0.029 0.003 0.002 0.006 0.086 0.022 0.029 0.019 0.009 0.024 
452      606    (0)    7 :  0.012 0.006 0.004 0.867 0.019 0.008 0.012 0.012 0.003 0.004 0.003 0.012 0.011 0.009 0.004 0.005 0.008 
453      607    (0)    7 :  0.002 0.007 0.009 0.827 0.003 0.002 0.004 0.005 0.091 0.002 0.016 0.009 0.004 0.005 0.003 0.003 0.008 
454      608    (0)    7 :  0.021 0.008 0.005 0.891 0.002 0.006 0.005 0.005 0.018 0.005 0.004 0.007 0.005 0.006 0.001 0.006 0.003 
455      609    (0)    7 :  0.004 0.005 0.004 0.912 0.004 0.004 0.009 0.008 0.008 0.003 0.004 0.008 0.008 0.008 0.002 0.005 0.003 
456      610    (0)    7 :  0.020 0.057 0.019 0.411 0.003 0.008 0.099 0.117 0.016 0.008 0.007 0.016 0.093 0.101 0.004 0.013 0.009 
457      611    (2)    7 :  0.002 0.005 0.011 0.880 0.003 0.003 0.008 0.008 0.022 0.011 0.008 0.007 0.008 0.007 0.002 0.009 0.006 
458      612    (0)    7 :  0.010 0.015 0.008 0.714 0.002 0.006 0.021 0.019 0.029 0.002 0.069 0.009 0.016 0.022 0.004 0.012 0.041 
459      755    (0)    7 :  0.003 0.016 0.015 0.414 0.002 0.011 0.028 0.040 0.268 0.029 0.009 0.014 0.033 0.028 0.026 0.018 0.045 
460      756    (0)    7 :  0.006 0.010 0.013 0.893 0.003 0.009 0.006 0.006 0.013 0.008 0.003 0.007 0.006 0.006 0.002 0.006 0.003 
461      757    (0)    7 :  0.005 0.005 0.009 0.866 0.003 0.011 0.012 0.011 0.010 0.004 0.006 0.018 0.013 0.011 0.003 0.005 0.006 
462      002    (0)    8 :  0.003 0.017 0.497 0.006 0.003 0.004 0.009 0.007 0.004 0.020 0.395 0.010 0.007 0.008 0.003 0.004 0.002 
463      099    (2)    8 :  0.045 0.004 0.004 0.008 0.004 0.030 0.031 0.029 0.012 0.007 0.005 0.013 0.029 0.033 0.700 0.006 0.041 
464      641    (2)    8 :  0.008 0.011 0.176 0.057 0.014 0.008 0.042 0.051 0.022 0.013 0.229 0.032 0.050 0.048 0.015 0.220 0.004 
465      642    (0)    8 :  0.015 0.012 0.858 0.020 0.003 0.014 0.008 0.009 0.004 0.008 0.005 0.016 0.008 0.007 0.003 0.007 0.003 
466      643    (2)    8 :  0.010 0.026 0.753 0.023 0.003 0.018 0.015 0.015 0.004 0.016 0.009 0.064 0.015 0.014 0.003 0.010 0.003 
467      644    (0)    8 :  0.018 0.013 0.830 0.006 0.004 0.014 0.008 0.010 0.009 0.007 0.022 0.018 0.009 0.008 0.004 0.012 0.008 
468      645    (0)    8 :  0.006 0.025 0.403 0.035 0.036 0.029 0.029 0.033 0.119 0.017 0.014 0.175 0.032 0.031 0.002 0.011 0.003 
469      646    (0)    8 :  0.007 0.063 0.062 0.012 0.010 0.005 0.033 0.049 0.137 0.013 0.345 0.036 0.034 0.034 0.004 0.147 0.008 
470      006    (0)    9 :  0.005 0.009 0.210 0.006 0.003 0.007 0.023 0.027 0.005 0.629 0.007 0.007 0.025 0.022 0.005 0.006 0.003 
471      011    (0)    9 :  0.003 0.003 0.951 0.003 0.002 0.004 0.003 0.003 0.002 0.008 0.003 0.003 0.003 0.003 0.001 0.002 0.003 
472      033    (2)    9 :  0.003 0.027 0.255 0.022 0.002 0.006 0.007 0.007 0.004 0.626 0.019 0.004 0.007 0.005 0.001 0.003 0.002 
473      048    (0)    9 :  0.049 0.015 0.504 0.015 0.009 0.241 0.022 0.019 0.006 0.044 0.011 0.007 0.021 0.023 0.002 0.009 0.005 
474      061    (0)    9 :  0.001 0.001 0.002 0.001 0.004 0.002 0.002 0.002 0.003 0.970 0.002 0.002 0.002 0.002 0.001 0.002 0.001 
475      088    (0)    9 :  0.015 0.010 0.799 0.013 0.005 0.020 0.015 0.015 0.003 0.023 0.018 0.014 0.014 0.014 0.003 0.011 0.008 
476      091    (0)    9 :  0.003 0.003 0.010 0.005 0.002 0.003 0.004 0.004 0.006 0.933 0.003 0.003 0.004 0.004 0.001 0.010 0.005 
477      098    (0)    9 :  0.010 0.007 0.846 0.020 0.012 0.034 0.007 0.007 0.006 0.008 0.017 0.004 0.007 0.007 0.001 0.003 0.003 
478      104    (0)    9 :  0.003 0.003 0.916 0.002 0.003 0.006 0.003 0.003 0.002 0.003 0.041 0.002 0.003 0.003 0.001 0.003 0.002 
479      196    (0)    9 :  0.008 0.006 0.322 0.009 0.005 0.011 0.006 0.006 0.002 0.578 0.019 0.006 0.006 0.005 0.001 0.004 0.005 
480      197    (0)    9 :  0.010 0.028 0.528 0.011 0.007 0.007 0.026 0.025 0.003 0.263 0.015 0.006 0.023 0.023 0.003 0.008 0.014 
481      201    (0)    9 :  0.003 0.005 0.331 0.006 0.001 0.006 0.005 0.005 0.002 0.593 0.014 0.013 0.005 0.005 0.001 0.004 0.001 
482      202    (0)    9 :  0.016 0.013 0.766 0.005 0.019 0.029 0.012 0.013 0.002 0.032 0.022 0.009 0.013 0.012 0.008 0.017 0.012 
483      204    (0)    9 :  0.003 0.012 0.521 0.003 0.002 0.009 0.004 0.004 0.010 0.379 0.034 0.005 0.004 0.003 0.001 0.003 0.002 
484      231    (0)    9 :  0.008 0.019 0.833 0.010 0.001 0.012 0.005 0.005 0.009 0.008 0.065 0.005 0.005 0.005 0.001 0.004 0.005 
485      328    (0)    9 :  0.004 0.007 0.697 0.006 0.005 0.005 0.004 0.004 0.002 0.245 0.003 0.005 0.004 0.004 0.001 0.003 0.002 
486      346    (0)    9 :  0.004 0.003 0.621 0.008 0.003 0.005 0.004 0.004 0.003 0.311 0.008 0.005 0.004 0.005 0.002 0.003 0.007 


Estimated Allele Frequencies in each cluster
First column gives estimated ancestral frequencies


Locus 1 : 1 
4 alleles
0.0% missing data
  89   (0.534) 0.546 0.472 0.625 0.553 0.066 0.582 0.551 0.552 0.832 0.697 0.285 0.497 0.562 0.535 0.293 0.561 0.643 
  91   (0.385) 0.336 0.506 0.313 0.430 0.707 0.372 0.366 0.366 0.150 0.294 0.593 0.448 0.356 0.384 0.671 0.413 0.311 
  93   (0.066) 0.112 0.017 0.061 0.014 0.098 0.021 0.065 0.061 0.015 0.008 0.120 0.052 0.058 0.071 0.036 0.023 0.045 
  99   (0.015) 0.006 0.005 0.000 0.002 0.129 0.024 0.018 0.021 0.003 0.001 0.001 0.004 0.024 0.010 0.001 0.004 0.001 

Locus 2 : 2 
6 alleles
1.0% missing data
 136   (0.350) 0.075 0.184 0.558 0.418 0.189 0.066 0.351 0.332 0.139 0.112 0.728 0.561 0.332 0.357 0.454 0.347 0.460 
 134   (0.235) 0.223 0.218 0.143 0.409 0.027 0.287 0.214 0.227 0.690 0.202 0.164 0.211 0.216 0.220 0.196 0.121 0.380 
 138   (0.299) 0.598 0.461 0.249 0.143 0.771 0.468 0.323 0.323 0.118 0.243 0.095 0.162 0.337 0.314 0.217 0.464 0.152 
 140   (0.067) 0.041 0.065 0.049 0.016 0.008 0.031 0.062 0.065 0.017 0.437 0.008 0.037 0.064 0.063 0.123 0.041 0.004 
 132   (0.021) 0.005 0.005 0.000 0.004 0.002 0.003 0.031 0.028 0.004 0.002 0.002 0.006 0.032 0.025 0.001 0.015 0.001 
 142   (0.028) 0.058 0.067 0.001 0.011 0.003 0.145 0.018 0.024 0.032 0.003 0.002 0.024 0.018 0.020 0.009 0.011 0.002 

Locus 3 : 3 
6 alleles
0.0% missing data
 181   (0.256) 0.334 0.130 0.231 0.400 0.180 0.454 0.267 0.251 0.342 0.071 0.092 0.188 0.253 0.272 0.072 0.128 0.066 
 187   (0.342) 0.170 0.345 0.515 0.165 0.774 0.152 0.335 0.334 0.114 0.691 0.541 0.347 0.331 0.351 0.344 0.669 0.257 
 179   (0.246) 0.266 0.320 0.229 0.402 0.029 0.171 0.254 0.259 0.354 0.221 0.352 0.295 0.268 0.235 0.051 0.138 0.015 
 191   (0.032) 0.007 0.007 0.022 0.006 0.003 0.010 0.031 0.032 0.008 0.004 0.003 0.010 0.031 0.032 0.009 0.016 0.200 
 185   (0.075) 0.205 0.077 0.002 0.018 0.008 0.028 0.075 0.079 0.134 0.007 0.007 0.054 0.080 0.068 0.286 0.033 0.459 
 175   (0.049) 0.018 0.121 0.001 0.009 0.005 0.185 0.038 0.043 0.047 0.005 0.004 0.106 0.037 0.041 0.238 0.015 0.003 

Locus 4 : 4 
12 alleles
0.2% missing data
 253   (0.488) 0.272 0.497 0.762 0.617 0.597 0.709 0.513 0.510 0.621 0.622 0.469 0.514 0.533 0.499 0.168 0.303 0.465 
 249   (0.029) 0.005 0.005 0.059 0.005 0.004 0.004 0.022 0.024 0.005 0.318 0.019 0.009 0.021 0.024 0.066 0.016 0.002 
 271   (0.042) 0.008 0.030 0.028 0.009 0.005 0.006 0.041 0.043 0.010 0.005 0.055 0.030 0.042 0.039 0.110 0.016 0.003 
 241   (0.159) 0.201 0.186 0.020 0.142 0.183 0.090 0.148 0.145 0.097 0.022 0.372 0.189 0.133 0.161 0.530 0.126 0.150 
 257   (0.006) 0.001 0.002 0.000 0.001 0.001 0.001 0.004 0.005 0.001 0.000 0.003 0.005 0.003 0.004 0.000 0.001 0.000 
 269   (0.171) 0.487 0.227 0.129 0.182 0.199 0.133 0.163 0.162 0.241 0.020 0.062 0.149 0.153 0.174 0.029 0.482 0.098 
 247   (0.065) 0.018 0.037 0.001 0.033 0.007 0.051 0.085 0.080 0.017 0.008 0.007 0.053 0.094 0.070 0.026 0.031 0.281 
 245   (0.009) 0.001 0.002 0.000 0.001 0.001 0.001 0.005 0.007 0.001 0.001 0.001 0.002 0.005 0.006 0.066 0.002 0.001 
 239   (0.011) 0.002 0.002 0.000 0.003 0.001 0.001 0.008 0.009 0.002 0.001 0.001 0.022 0.007 0.009 0.001 0.003 0.001 
 273   (0.007) 0.001 0.001 0.000 0.001 0.001 0.001 0.004 0.006 0.001 0.001 0.001 0.023 0.004 0.005 0.001 0.002 0.000 
 267   (0.006) 0.001 0.001 0.000 0.001 0.001 0.001 0.003 0.004 0.001 0.001 0.010 0.002 0.003 0.004 0.000 0.015 0.000 
 255   (0.006) 0.001 0.009 0.000 0.003 0.001 0.002 0.003 0.005 0.001 0.001 0.001 0.002 0.003 0.004 0.000 0.002 0.000 

Locus 5 : 5 
6 alleles
0.6% missing data
 103   (0.860) 0.953 0.928 0.995 0.930 0.984 0.968 0.853 0.848 0.958 0.986 0.978 0.867 0.842 0.865 0.737 0.439 0.980 
 104   (0.053) 0.031 0.033 0.003 0.023 0.006 0.015 0.059 0.067 0.022 0.005 0.014 0.041 0.072 0.046 0.070 0.511 0.003 
 101   (0.009) 0.002 0.003 0.000 0.002 0.001 0.001 0.006 0.007 0.004 0.001 0.001 0.003 0.005 0.007 0.001 0.003 0.012 
 105   (0.048) 0.009 0.024 0.001 0.037 0.005 0.011 0.053 0.050 0.011 0.005 0.004 0.074 0.057 0.050 0.166 0.031 0.003 
 102   (0.015) 0.003 0.009 0.000 0.005 0.002 0.002 0.016 0.015 0.002 0.001 0.001 0.006 0.013 0.018 0.001 0.011 0.001 
 107   (0.015) 0.002 0.003 0.000 0.003 0.001 0.002 0.012 0.012 0.002 0.001 0.001 0.010 0.010 0.013 0.025 0.006 0.001 

Locus 6 : 6 
5 alleles
0.2% missing data
 141   (0.269) 0.068 0.324 0.596 0.310 0.030 0.246 0.273 0.284 0.787 0.838 0.313 0.208 0.289 0.245 0.110 0.199 0.131 
 145   (0.403) 0.584 0.459 0.173 0.443 0.409 0.644 0.420 0.393 0.129 0.072 0.116 0.525 0.398 0.451 0.023 0.636 0.259 
 135   (0.235) 0.327 0.179 0.192 0.135 0.549 0.095 0.229 0.240 0.064 0.074 0.364 0.200 0.240 0.218 0.637 0.123 0.289 
 147   (0.082) 0.017 0.035 0.039 0.109 0.010 0.013 0.071 0.074 0.018 0.014 0.204 0.056 0.066 0.078 0.127 0.038 0.320 
 137   (0.011) 0.003 0.002 0.000 0.002 0.001 0.002 0.007 0.009 0.002 0.001 0.001 0.011 0.007 0.008 0.103 0.004 0.001 

Locus 7 : 7 
10 alleles
1.2% missing data
  93   (0.226) 0.118 0.331 0.334 0.217 0.797 0.345 0.198 0.211 0.306 0.619 0.406 0.281 0.196 0.203 0.112 0.152 0.065 
 103   (0.302) 0.310 0.367 0.403 0.530 0.040 0.383 0.316 0.317 0.123 0.079 0.275 0.288 0.324 0.324 0.017 0.512 0.515 
  91   (0.069) 0.016 0.017 0.034 0.039 0.010 0.055 0.066 0.065 0.057 0.007 0.007 0.059 0.065 0.071 0.060 0.042 0.156 
  97   (0.194) 0.374 0.048 0.163 0.158 0.126 0.089 0.209 0.197 0.252 0.027 0.165 0.120 0.203 0.209 0.261 0.147 0.253 
  85   (0.045) 0.130 0.011 0.046 0.014 0.006 0.009 0.046 0.044 0.010 0.005 0.007 0.047 0.045 0.045 0.003 0.021 0.003 
  89   (0.083) 0.030 0.196 0.019 0.028 0.011 0.079 0.065 0.070 0.236 0.255 0.132 0.067 0.062 0.069 0.302 0.046 0.005 
  83   (0.049) 0.016 0.024 0.001 0.009 0.006 0.034 0.074 0.068 0.010 0.005 0.004 0.130 0.083 0.052 0.003 0.031 0.003 
 105   (0.014) 0.002 0.003 0.000 0.002 0.002 0.003 0.014 0.013 0.003 0.001 0.001 0.004 0.013 0.013 0.091 0.004 0.001 
 101   (0.009) 0.001 0.002 0.000 0.001 0.001 0.001 0.004 0.006 0.001 0.001 0.001 0.002 0.004 0.006 0.125 0.043 0.001 
  99   (0.010) 0.002 0.002 0.000 0.001 0.001 0.001 0.007 0.008 0.001 0.001 0.001 0.003 0.006 0.009 0.025 0.002 0.001 

Locus 8 : 8 
8 alleles
0.0% missing data
 129   (0.553) 0.726 0.742 0.705 0.400 0.197 0.712 0.549 0.538 0.457 0.668 0.466 0.641 0.533 0.576 0.299 0.820 0.638 
 141   (0.054) 0.018 0.023 0.099 0.092 0.006 0.011 0.049 0.052 0.011 0.008 0.149 0.021 0.050 0.049 0.003 0.021 0.217 
 149   (0.079) 0.029 0.083 0.144 0.017 0.009 0.068 0.079 0.084 0.280 0.011 0.034 0.054 0.085 0.070 0.304 0.028 0.012 
 143   (0.262) 0.214 0.140 0.051 0.481 0.702 0.193 0.278 0.279 0.213 0.308 0.347 0.248 0.288 0.259 0.298 0.112 0.128 
 127   (0.018) 0.003 0.004 0.000 0.003 0.046 0.002 0.016 0.016 0.003 0.001 0.002 0.005 0.015 0.017 0.094 0.007 0.001 
 131   (0.012) 0.004 0.002 0.000 0.002 0.038 0.011 0.008 0.009 0.003 0.001 0.001 0.003 0.007 0.009 0.001 0.004 0.002 
 133   (0.017) 0.005 0.006 0.000 0.003 0.002 0.003 0.017 0.017 0.032 0.001 0.002 0.024 0.017 0.015 0.001 0.006 0.001 
 145   (0.006) 0.001 0.001 0.000 0.001 0.001 0.001 0.004 0.005 0.001 0.000 0.001 0.005 0.004 0.005 0.000 0.001 0.000 

Locus 9 : 9 
5 alleles
0.0% missing data
 191   (0.391) 0.325 0.162 0.567 0.483 0.339 0.330 0.395 0.398 0.595 0.848 0.603 0.351 0.404 0.381 0.339 0.420 0.547 
 195   (0.146) 0.355 0.082 0.188 0.244 0.356 0.340 0.136 0.152 0.034 0.031 0.036 0.131 0.148 0.129 0.331 0.065 0.050 
 189   (0.451) 0.318 0.754 0.242 0.270 0.304 0.327 0.462 0.441 0.368 0.119 0.360 0.505 0.441 0.482 0.329 0.512 0.402 
 197   (0.006) 0.001 0.001 0.000 0.001 0.001 0.001 0.003 0.005 0.001 0.001 0.001 0.011 0.003 0.004 0.000 0.001 0.000 
 193   (0.006) 0.002 0.001 0.002 0.001 0.001 0.001 0.004 0.005 0.002 0.001 0.001 0.002 0.003 0.004 0.000 0.002 0.000 

Locus 10 : 10 
7 alleles
0.4% missing data
 232   (0.249) 0.167 0.072 0.287 0.154 0.218 0.208 0.265 0.252 0.062 0.577 0.385 0.293 0.265 0.263 0.125 0.330 0.277 
 238   (0.559) 0.694 0.864 0.592 0.671 0.366 0.731 0.560 0.562 0.843 0.128 0.431 0.491 0.558 0.562 0.748 0.578 0.342 
 252   (0.107) 0.125 0.047 0.106 0.121 0.016 0.049 0.097 0.109 0.080 0.279 0.175 0.166 0.103 0.092 0.014 0.065 0.032 
 254   (0.047) 0.008 0.009 0.014 0.048 0.395 0.007 0.042 0.042 0.009 0.013 0.005 0.035 0.040 0.042 0.082 0.015 0.265 
 248   (0.018) 0.003 0.003 0.000 0.003 0.002 0.002 0.018 0.017 0.003 0.002 0.002 0.007 0.016 0.021 0.001 0.005 0.083 
 250   (0.014) 0.002 0.002 0.000 0.002 0.002 0.002 0.014 0.014 0.002 0.001 0.001 0.004 0.014 0.015 0.029 0.006 0.001 
 236   (0.006) 0.001 0.001 0.000 0.002 0.001 0.001 0.005 0.005 0.001 0.001 0.001 0.003 0.004 0.006 0.000 0.002 0.001 

Locus 11 : 11 
4 alleles
0.0% missing data
  87   (0.686) 0.878 0.793 0.642 0.641 0.964 0.860 0.696 0.692 0.868 0.338 0.555 0.686 0.697 0.690 0.494 0.810 0.531 
  89   (0.243) 0.088 0.187 0.305 0.346 0.029 0.114 0.246 0.245 0.084 0.636 0.364 0.219 0.245 0.253 0.152 0.160 0.386 
  91   (0.054) 0.031 0.016 0.053 0.011 0.006 0.023 0.045 0.050 0.013 0.024 0.079 0.079 0.046 0.045 0.183 0.024 0.081 
  85   (0.016) 0.003 0.003 0.000 0.003 0.002 0.002 0.012 0.013 0.034 0.002 0.001 0.016 0.012 0.013 0.171 0.006 0.001 

Locus 12 : 12 
13 alleles
0.4% missing data
 160   (0.215) 0.129 0.255 0.106 0.060 0.599 0.350 0.202 0.199 0.189 0.037 0.190 0.214 0.187 0.226 0.424 0.367 0.721 
 162   (0.247) 0.136 0.333 0.210 0.487 0.064 0.290 0.261 0.266 0.373 0.761 0.094 0.251 0.277 0.240 0.014 0.119 0.230 
 147   (0.050) 0.034 0.070 0.118 0.089 0.005 0.015 0.043 0.043 0.013 0.095 0.367 0.017 0.039 0.047 0.003 0.022 0.003 
 158   (0.228) 0.313 0.100 0.536 0.187 0.028 0.207 0.228 0.227 0.096 0.077 0.312 0.282 0.227 0.231 0.094 0.398 0.021 
 161   (0.108) 0.238 0.132 0.021 0.146 0.115 0.046 0.101 0.110 0.031 0.015 0.023 0.113 0.106 0.095 0.272 0.039 0.016 
 170   (0.050) 0.017 0.052 0.007 0.009 0.006 0.019 0.068 0.061 0.011 0.006 0.005 0.056 0.071 0.064 0.027 0.018 0.003 
 143   (0.031) 0.005 0.006 0.001 0.005 0.176 0.007 0.033 0.034 0.009 0.003 0.003 0.039 0.035 0.030 0.161 0.012 0.002 
 154   (0.017) 0.003 0.004 0.000 0.006 0.002 0.002 0.022 0.016 0.005 0.002 0.002 0.006 0.020 0.023 0.001 0.011 0.001 
 149   (0.022) 0.089 0.006 0.000 0.004 0.002 0.054 0.017 0.019 0.267 0.002 0.002 0.006 0.017 0.017 0.001 0.005 0.001 
 153   (0.011) 0.002 0.002 0.000 0.003 0.001 0.001 0.012 0.011 0.002 0.001 0.001 0.009 0.010 0.012 0.001 0.004 0.001 
 150   (0.007) 0.016 0.001 0.000 0.001 0.001 0.006 0.003 0.005 0.001 0.001 0.001 0.002 0.003 0.004 0.000 0.001 0.000 
 159   (0.007) 0.018 0.038 0.000 0.001 0.001 0.001 0.004 0.006 0.001 0.001 0.001 0.003 0.004 0.005 0.000 0.002 0.000 
 164   (0.006) 0.001 0.001 0.000 0.001 0.001 0.001 0.004 0.005 0.001 0.000 0.001 0.002 0.004 0.005 0.000 0.001 0.000 

Locus 13 : 13 
5 alleles
0.0% missing data
 108   (0.200) 0.165 0.133 0.163 0.142 0.336 0.071 0.190 0.184 0.049 0.408 0.155 0.280 0.174 0.218 0.298 0.289 0.199 
 115   (0.451) 0.452 0.495 0.583 0.502 0.089 0.574 0.460 0.459 0.712 0.529 0.315 0.472 0.464 0.447 0.378 0.252 0.284 
 113   (0.337) 0.381 0.371 0.254 0.354 0.573 0.353 0.342 0.345 0.237 0.061 0.529 0.245 0.353 0.326 0.324 0.449 0.517 
 109   (0.006) 0.001 0.001 0.000 0.001 0.001 0.001 0.004 0.005 0.001 0.001 0.001 0.002 0.004 0.004 0.000 0.009 0.000 
 110   (0.006) 0.001 0.001 0.000 0.001 0.001 0.001 0.005 0.006 0.001 0.000 0.001 0.002 0.005 0.005 0.000 0.002 0.000 

Locus 14 : 14 
5 alleles
1.2% missing data
 227   (0.140) 0.304 0.292 0.259 0.037 0.256 0.339 0.142 0.141 0.054 0.061 0.333 0.074 0.140 0.139 0.008 0.090 0.016 
 231   (0.155) 0.034 0.041 0.094 0.466 0.272 0.028 0.157 0.152 0.038 0.026 0.110 0.151 0.152 0.172 0.357 0.074 0.353 
 229   (0.504) 0.539 0.447 0.462 0.284 0.091 0.522 0.499 0.500 0.862 0.864 0.429 0.679 0.503 0.496 0.467 0.743 0.414 
 225   (0.138) 0.103 0.202 0.088 0.140 0.226 0.050 0.142 0.140 0.032 0.019 0.023 0.070 0.138 0.142 0.059 0.072 0.213 
 233   (0.063) 0.019 0.019 0.097 0.074 0.154 0.060 0.060 0.067 0.014 0.030 0.105 0.025 0.066 0.052 0.109 0.021 0.004 

Locus 15 : 15 
5 alleles
0.4% missing data
 143   (0.840) 0.750 0.942 0.970 0.874 0.718 0.901 0.844 0.847 0.937 0.982 0.978 0.886 0.847 0.838 0.620 0.889 0.816 
 157   (0.007) 0.001 0.001 0.018 0.002 0.001 0.001 0.003 0.005 0.001 0.001 0.001 0.002 0.003 0.004 0.000 0.002 0.000 
 145   (0.090) 0.052 0.037 0.010 0.113 0.274 0.081 0.090 0.089 0.049 0.010 0.015 0.046 0.088 0.093 0.185 0.082 0.006 
 147   (0.049) 0.192 0.017 0.001 0.008 0.006 0.015 0.053 0.048 0.011 0.005 0.005 0.023 0.053 0.054 0.194 0.023 0.145 
 133   (0.014) 0.004 0.003 0.000 0.003 0.001 0.002 0.009 0.011 0.002 0.002 0.001 0.042 0.009 0.011 0.001 0.005 0.032 

Locus 16 : 16 
5 alleles
0.2% missing data
 156   (0.226) 0.281 0.176 0.307 0.328 0.516 0.226 0.207 0.222 0.053 0.195 0.082 0.398 0.214 0.205 0.162 0.114 0.504 
 158   (0.540) 0.595 0.583 0.497 0.464 0.251 0.684 0.570 0.564 0.611 0.318 0.726 0.454 0.575 0.554 0.312 0.606 0.195 
 160   (0.140) 0.098 0.191 0.152 0.150 0.016 0.058 0.132 0.127 0.311 0.475 0.182 0.101 0.125 0.146 0.119 0.081 0.113 
 154   (0.084) 0.024 0.030 0.044 0.056 0.216 0.018 0.087 0.081 0.023 0.011 0.009 0.045 0.082 0.089 0.407 0.197 0.188 
 152   (0.009) 0.001 0.020 0.000 0.001 0.001 0.013 0.004 0.006 0.001 0.001 0.001 0.002 0.004 0.005 0.001 0.002 0.001 

Locus 17 : 17 
5 alleles
0.0% missing data
 102   (0.200) 0.242 0.440 0.250 0.183 0.024 0.069 0.202 0.207 0.335 0.092 0.148 0.094 0.207 0.183 0.038 0.168 0.198 
  90   (0.683) 0.721 0.522 0.721 0.794 0.574 0.909 0.668 0.670 0.375 0.605 0.824 0.825 0.660 0.688 0.321 0.641 0.794 
  88   (0.068) 0.014 0.021 0.028 0.013 0.007 0.010 0.084 0.078 0.280 0.298 0.023 0.032 0.085 0.080 0.470 0.028 0.005 
 100   (0.042) 0.007 0.012 0.001 0.009 0.394 0.010 0.043 0.040 0.008 0.004 0.004 0.048 0.044 0.044 0.171 0.161 0.003 
 104   (0.006) 0.016 0.004 0.000 0.001 0.001 0.001 0.003 0.005 0.001 0.001 0.001 0.002 0.003 0.004 0.000 0.002 0.000 

Locus 18 : 18 
7 alleles
0.0% missing data
 142   (0.122) 0.138 0.057 0.426 0.023 0.015 0.048 0.137 0.136 0.083 0.798 0.384 0.176 0.146 0.122 0.017 0.070 0.008 
 146   (0.074) 0.018 0.248 0.194 0.085 0.008 0.024 0.071 0.082 0.103 0.033 0.023 0.063 0.084 0.058 0.004 0.030 0.228 
 140   (0.295) 0.437 0.201 0.084 0.503 0.277 0.199 0.283 0.278 0.527 0.046 0.421 0.230 0.278 0.297 0.298 0.372 0.178 
 127   (0.300) 0.179 0.283 0.223 0.229 0.548 0.423 0.305 0.297 0.177 0.072 0.098 0.406 0.294 0.320 0.385 0.462 0.057 
 148   (0.100) 0.048 0.149 0.054 0.116 0.011 0.069 0.096 0.095 0.026 0.034 0.049 0.036 0.092 0.100 0.067 0.030 0.217 
 150   (0.055) 0.111 0.032 0.001 0.013 0.006 0.211 0.053 0.060 0.068 0.006 0.005 0.051 0.060 0.044 0.225 0.018 0.309 
 138   (0.054) 0.069 0.030 0.018 0.031 0.135 0.026 0.054 0.051 0.016 0.011 0.021 0.037 0.046 0.059 0.003 0.019 0.004 

Locus 19 : 19 
8 alleles
0.2% missing data
 188   (0.183) 0.320 0.092 0.095 0.067 0.019 0.119 0.201 0.191 0.045 0.570 0.175 0.190 0.201 0.196 0.011 0.115 0.169 
 190   (0.125) 0.208 0.068 0.421 0.243 0.013 0.239 0.090 0.106 0.401 0.014 0.330 0.100 0.088 0.098 0.041 0.136 0.200 
 194   (0.574) 0.450 0.566 0.481 0.600 0.956 0.570 0.597 0.588 0.185 0.406 0.485 0.636 0.599 0.591 0.553 0.689 0.479 
 202   (0.017) 0.003 0.003 0.000 0.003 0.002 0.002 0.012 0.015 0.003 0.001 0.001 0.005 0.012 0.013 0.042 0.005 0.146 
 200   (0.083) 0.015 0.268 0.002 0.082 0.008 0.068 0.088 0.086 0.364 0.007 0.008 0.056 0.088 0.089 0.315 0.050 0.005 
 192   (0.006) 0.001 0.001 0.000 0.003 0.001 0.001 0.005 0.005 0.001 0.000 0.001 0.002 0.005 0.005 0.000 0.002 0.000 
 196   (0.006) 0.001 0.001 0.000 0.001 0.001 0.001 0.004 0.005 0.001 0.000 0.001 0.008 0.003 0.004 0.000 0.002 0.000 
 198   (0.007) 0.001 0.001 0.000 0.001 0.001 0.001 0.003 0.005 0.001 0.000 0.001 0.002 0.003 0.004 0.038 0.001 0.000 

Locus 20 : 20 
6 alleles
0.8% missing data
 252   (0.699) 0.766 0.840 0.853 0.745 0.383 0.744 0.738 0.719 0.541 0.817 0.710 0.834 0.734 0.730 0.073 0.621 0.728 
 250   (0.085) 0.187 0.028 0.100 0.069 0.350 0.027 0.071 0.075 0.142 0.010 0.047 0.029 0.068 0.080 0.429 0.063 0.142 
 244   (0.023) 0.006 0.007 0.007 0.007 0.004 0.011 0.015 0.019 0.007 0.150 0.002 0.009 0.014 0.017 0.047 0.014 0.002 
 254   (0.079) 0.019 0.093 0.031 0.057 0.099 0.129 0.072 0.080 0.019 0.010 0.010 0.064 0.079 0.064 0.243 0.027 0.081 
 246   (0.093) 0.019 0.023 0.004 0.119 0.160 0.086 0.082 0.085 0.287 0.010 0.229 0.057 0.081 0.089 0.207 0.050 0.046 
 248   (0.021) 0.004 0.009 0.005 0.004 0.002 0.003 0.022 0.022 0.004 0.003 0.002 0.008 0.024 0.020 0.001 0.226 0.001 

Locus 21 : 21 
7 alleles
0.2% missing data
 173   (0.292) 0.580 0.476 0.374 0.309 0.119 0.565 0.280 0.291 0.072 0.149 0.139 0.354 0.286 0.266 0.208 0.150 0.211 
 177   (0.265) 0.244 0.247 0.274 0.082 0.271 0.223 0.282 0.273 0.505 0.177 0.640 0.205 0.286 0.278 0.039 0.576 0.166 
 175   (0.142) 0.066 0.086 0.024 0.323 0.487 0.080 0.128 0.136 0.039 0.017 0.025 0.127 0.124 0.131 0.505 0.075 0.258 
 167   (0.194) 0.085 0.162 0.322 0.141 0.111 0.114 0.188 0.191 0.089 0.645 0.181 0.267 0.185 0.197 0.069 0.118 0.122 
 163   (0.039) 0.011 0.011 0.002 0.015 0.004 0.008 0.036 0.037 0.008 0.004 0.004 0.021 0.036 0.038 0.108 0.023 0.229 
 165   (0.049) 0.010 0.013 0.003 0.127 0.006 0.008 0.049 0.050 0.283 0.005 0.009 0.020 0.050 0.050 0.070 0.052 0.013 
 159   (0.019) 0.003 0.006 0.000 0.003 0.002 0.002 0.037 0.023 0.003 0.002 0.002 0.005 0.032 0.039 0.001 0.007 0.001 

Locus 22 : 22 
11 alleles
0.6% missing data
 146   (0.232) 0.117 0.345 0.231 0.169 0.071 0.333 0.254 0.257 0.289 0.839 0.218 0.208 0.264 0.240 0.014 0.101 0.137 
 154   (0.007) 0.001 0.001 0.071 0.001 0.001 0.001 0.003 0.005 0.001 0.001 0.002 0.002 0.003 0.004 0.000 0.001 0.000 
 166   (0.092) 0.024 0.040 0.028 0.077 0.112 0.023 0.112 0.101 0.022 0.010 0.270 0.044 0.114 0.100 0.005 0.086 0.006 
 152   (0.421) 0.770 0.534 0.637 0.508 0.505 0.567 0.383 0.390 0.603 0.122 0.441 0.553 0.372 0.405 0.096 0.697 0.366 
 150   (0.030) 0.012 0.014 0.006 0.005 0.112 0.005 0.031 0.036 0.007 0.004 0.008 0.009 0.037 0.023 0.103 0.019 0.002 
 164   (0.035) 0.009 0.010 0.011 0.057 0.005 0.007 0.026 0.029 0.007 0.005 0.043 0.029 0.024 0.029 0.068 0.012 0.002 
 156   (0.019) 0.022 0.004 0.000 0.004 0.002 0.008 0.012 0.015 0.004 0.002 0.002 0.005 0.011 0.014 0.113 0.005 0.306 
 162   (0.052) 0.018 0.025 0.001 0.042 0.007 0.010 0.061 0.054 0.019 0.005 0.005 0.039 0.056 0.069 0.138 0.016 0.071 
 158   (0.089) 0.023 0.022 0.014 0.133 0.011 0.017 0.099 0.091 0.044 0.012 0.009 0.104 0.099 0.100 0.434 0.047 0.109 
 148   (0.009) 0.001 0.002 0.000 0.001 0.173 0.001 0.005 0.007 0.001 0.001 0.001 0.003 0.005 0.007 0.001 0.002 0.001 
 142   (0.014) 0.002 0.003 0.000 0.002 0.002 0.027 0.012 0.015 0.003 0.001 0.001 0.004 0.015 0.011 0.028 0.013 0.001 

Locus 23 : 23 
7 alleles
0.8% missing data
 152   (0.013) 0.002 0.003 0.063 0.002 0.001 0.002 0.007 0.009 0.002 0.001 0.093 0.003 0.006 0.008 0.001 0.004 0.001 
 156   (0.119) 0.101 0.046 0.033 0.126 0.014 0.026 0.110 0.117 0.027 0.012 0.086 0.256 0.110 0.109 0.432 0.281 0.028 
 144   (0.179) 0.256 0.176 0.186 0.195 0.606 0.322 0.164 0.167 0.049 0.026 0.153 0.103 0.156 0.173 0.244 0.093 0.644 
 160   (0.106) 0.172 0.144 0.180 0.138 0.013 0.061 0.086 0.091 0.320 0.012 0.294 0.047 0.081 0.094 0.012 0.279 0.105 
 154   (0.547) 0.462 0.619 0.536 0.529 0.361 0.585 0.594 0.580 0.595 0.923 0.370 0.578 0.609 0.578 0.171 0.328 0.220 
 158   (0.028) 0.006 0.011 0.003 0.009 0.003 0.004 0.032 0.029 0.006 0.024 0.003 0.009 0.032 0.030 0.140 0.011 0.002 
 146   (0.008) 0.001 0.001 0.000 0.001 0.001 0.001 0.007 0.007 0.001 0.001 0.001 0.004 0.005 0.008 0.000 0.002 0.000 

Locus 24 : 24 
4 alleles
0.4% missing data
  77   (0.081) 0.047 0.161 0.332 0.087 0.009 0.050 0.066 0.070 0.032 0.030 0.024 0.114 0.059 0.072 0.005 0.033 0.049 
  83   (0.464) 0.514 0.355 0.485 0.610 0.690 0.433 0.445 0.448 0.761 0.227 0.595 0.395 0.437 0.451 0.588 0.469 0.921 
  81   (0.367) 0.291 0.423 0.163 0.265 0.291 0.413 0.403 0.396 0.184 0.731 0.344 0.342 0.419 0.392 0.378 0.464 0.024 
  85   (0.088) 0.149 0.061 0.020 0.038 0.010 0.103 0.086 0.086 0.022 0.012 0.036 0.148 0.085 0.085 0.029 0.034 0.006 

Locus 25 : 25 
6 alleles
0.4% missing data
 132   (0.315) 0.197 0.245 0.536 0.459 0.181 0.431 0.342 0.334 0.206 0.911 0.127 0.226 0.349 0.344 0.021 0.177 0.457 
 124   (0.531) 0.660 0.586 0.391 0.417 0.415 0.446 0.514 0.515 0.755 0.066 0.831 0.716 0.504 0.517 0.468 0.727 0.534 
 126   (0.024) 0.006 0.005 0.059 0.005 0.003 0.003 0.019 0.021 0.005 0.003 0.027 0.008 0.016 0.021 0.011 0.008 0.001 
 122   (0.097) 0.129 0.155 0.014 0.100 0.107 0.115 0.098 0.100 0.028 0.017 0.011 0.039 0.105 0.088 0.476 0.078 0.006 
 120   (0.019) 0.003 0.004 0.000 0.004 0.292 0.002 0.015 0.016 0.003 0.002 0.002 0.007 0.014 0.017 0.022 0.006 0.001 
 136   (0.014) 0.005 0.005 0.001 0.015 0.002 0.002 0.012 0.013 0.003 0.001 0.002 0.004 0.011 0.013 0.002 0.004 0.001 

Locus 26 : 26 
7 alleles
0.2% missing data
 165   (0.248) 0.106 0.218 0.115 0.339 0.323 0.379 0.235 0.241 0.208 0.691 0.158 0.225 0.230 0.238 0.113 0.339 0.053 
 183   (0.353) 0.379 0.244 0.586 0.465 0.293 0.341 0.340 0.336 0.631 0.199 0.458 0.332 0.333 0.365 0.209 0.437 0.424 
 179   (0.088) 0.025 0.168 0.056 0.018 0.345 0.036 0.082 0.082 0.043 0.016 0.103 0.068 0.076 0.081 0.283 0.044 0.005 
 175   (0.244) 0.478 0.346 0.243 0.150 0.031 0.234 0.281 0.282 0.107 0.088 0.275 0.207 0.304 0.247 0.015 0.147 0.453 
 181   (0.052) 0.009 0.021 0.001 0.025 0.007 0.007 0.052 0.047 0.009 0.005 0.005 0.163 0.048 0.058 0.264 0.029 0.065 
 185   (0.009) 0.002 0.002 0.000 0.001 0.001 0.001 0.006 0.007 0.001 0.001 0.001 0.003 0.005 0.007 0.115 0.002 0.001 
 157   (0.006) 0.001 0.001 0.000 0.001 0.001 0.001 0.005 0.005 0.001 0.001 0.001 0.002 0.004 0.005 0.000 0.002 0.000 

Locus 27 : 27 
4 alleles
0.2% missing data
 142   (0.642) 0.758 0.646 0.704 0.683 0.305 0.833 0.660 0.649 0.724 0.337 0.600 0.590 0.659 0.658 0.521 0.772 0.742 
 148   (0.205) 0.178 0.118 0.075 0.246 0.677 0.064 0.206 0.207 0.051 0.379 0.181 0.227 0.208 0.203 0.267 0.137 0.064 
 138   (0.045) 0.012 0.014 0.211 0.017 0.006 0.030 0.031 0.038 0.022 0.273 0.207 0.020 0.031 0.036 0.047 0.043 0.003 
 150   (0.108) 0.053 0.222 0.010 0.054 0.012 0.073 0.103 0.106 0.203 0.011 0.012 0.162 0.103 0.103 0.164 0.048 0.190 

Locus 28 : 28 
6 alleles
0.8% missing data
 260   (0.386) 0.408 0.520 0.340 0.297 0.132 0.547 0.412 0.404 0.500 0.277 0.503 0.215 0.420 0.399 0.217 0.493 0.377 
 262   (0.507) 0.438 0.394 0.654 0.663 0.855 0.385 0.479 0.497 0.470 0.711 0.487 0.697 0.479 0.483 0.696 0.458 0.550 
 256   (0.076) 0.085 0.074 0.005 0.035 0.010 0.046 0.080 0.072 0.024 0.010 0.008 0.064 0.076 0.090 0.085 0.041 0.071 
 258   (0.010) 0.002 0.002 0.000 0.002 0.001 0.001 0.014 0.010 0.002 0.001 0.001 0.003 0.012 0.012 0.001 0.003 0.001 
 266   (0.006) 0.001 0.002 0.000 0.001 0.001 0.013 0.003 0.005 0.001 0.000 0.001 0.002 0.003 0.004 0.000 0.002 0.000 
 264   (0.015) 0.067 0.009 0.000 0.002 0.001 0.007 0.011 0.012 0.003 0.001 0.001 0.020 0.010 0.012 0.001 0.004 0.001 

Locus 29 : 29 
7 alleles
0.2% missing data
 146   (0.281) 0.461 0.196 0.163 0.350 0.035 0.144 0.278 0.273 0.478 0.082 0.285 0.249 0.267 0.299 0.324 0.644 0.333 
 150   (0.436) 0.382 0.555 0.712 0.405 0.139 0.602 0.450 0.458 0.169 0.159 0.438 0.599 0.469 0.425 0.239 0.248 0.288 
 140   (0.177) 0.131 0.220 0.080 0.168 0.815 0.146 0.178 0.173 0.119 0.694 0.032 0.114 0.173 0.174 0.392 0.074 0.057 
 148   (0.063) 0.013 0.016 0.038 0.050 0.007 0.046 0.051 0.056 0.153 0.059 0.231 0.022 0.050 0.054 0.035 0.021 0.318 
 152   (0.027) 0.010 0.007 0.001 0.004 0.003 0.060 0.033 0.029 0.064 0.003 0.003 0.012 0.032 0.036 0.010 0.008 0.002 
 151   (0.009) 0.001 0.004 0.005 0.002 0.001 0.001 0.005 0.007 0.006 0.002 0.010 0.003 0.005 0.006 0.000 0.003 0.001 
 142   (0.008) 0.001 0.001 0.001 0.020 0.001 0.001 0.004 0.005 0.012 0.001 0.001 0.003 0.004 0.005 0.000 0.002 0.000 

Locus 30 : 30 
6 alleles
0.2% missing data
 125   (0.283) 0.077 0.105 0.477 0.310 0.137 0.074 0.306 0.283 0.092 0.634 0.290 0.350 0.296 0.301 0.139 0.509 0.028 
 129   (0.431) 0.663 0.571 0.476 0.418 0.209 0.603 0.418 0.431 0.466 0.306 0.650 0.394 0.423 0.427 0.078 0.219 0.789 
 123   (0.154) 0.235 0.195 0.045 0.106 0.018 0.273 0.144 0.152 0.098 0.046 0.048 0.184 0.145 0.143 0.110 0.224 0.100 
 127   (0.085) 0.015 0.063 0.002 0.156 0.592 0.037 0.079 0.076 0.335 0.009 0.008 0.044 0.074 0.086 0.532 0.033 0.079 
 121   (0.012) 0.002 0.002 0.000 0.003 0.040 0.002 0.009 0.012 0.002 0.001 0.001 0.005 0.010 0.010 0.001 0.003 0.001 
 131   (0.035) 0.008 0.064 0.001 0.007 0.004 0.011 0.044 0.046 0.007 0.003 0.003 0.023 0.052 0.032 0.140 0.013 0.002 

Locus 31 : 31 
6 alleles
0.2% missing data
 159   (0.175) 0.396 0.301 0.139 0.298 0.020 0.184 0.165 0.171 0.047 0.061 0.115 0.287 0.167 0.161 0.201 0.067 0.012 
 155   (0.542) 0.236 0.290 0.689 0.422 0.525 0.609 0.575 0.559 0.492 0.590 0.846 0.462 0.578 0.567 0.421 0.793 0.708 
 157   (0.182) 0.112 0.333 0.091 0.255 0.114 0.179 0.172 0.179 0.440 0.299 0.029 0.204 0.170 0.181 0.060 0.099 0.020 
 153   (0.063) 0.249 0.068 0.079 0.012 0.095 0.022 0.058 0.059 0.013 0.044 0.006 0.023 0.057 0.059 0.308 0.029 0.004 
 151   (0.031) 0.006 0.007 0.002 0.012 0.245 0.004 0.026 0.028 0.007 0.004 0.003 0.021 0.024 0.029 0.009 0.010 0.256 
 163   (0.006) 0.001 0.001 0.001 0.001 0.001 0.002 0.004 0.005 0.001 0.001 0.001 0.002 0.004 0.005 0.000 0.002 0.000 

Locus 32 : 32 
5 alleles
0.0% missing data
 146   (0.322) 0.405 0.273 0.063 0.264 0.584 0.354 0.328 0.322 0.209 0.064 0.050 0.364 0.328 0.325 0.653 0.454 0.312 
 150   (0.567) 0.510 0.678 0.861 0.510 0.404 0.614 0.565 0.569 0.411 0.925 0.879 0.596 0.566 0.565 0.249 0.467 0.640 
 148   (0.059) 0.014 0.025 0.075 0.120 0.007 0.011 0.053 0.053 0.365 0.006 0.065 0.017 0.048 0.064 0.032 0.062 0.045 
 154   (0.037) 0.009 0.012 0.001 0.104 0.004 0.006 0.040 0.041 0.009 0.004 0.005 0.018 0.042 0.036 0.065 0.014 0.002 
 152   (0.014) 0.062 0.012 0.000 0.002 0.001 0.014 0.013 0.016 0.006 0.001 0.001 0.005 0.016 0.010 0.001 0.004 0.001 

Locus 33 : 33 
7 alleles
0.0% missing data
 180   (0.463) 0.168 0.403 0.610 0.532 0.699 0.400 0.486 0.475 0.517 0.423 0.363 0.412 0.487 0.482 0.357 0.478 0.673 
 196   (0.115) 0.222 0.111 0.189 0.049 0.013 0.128 0.112 0.115 0.025 0.117 0.205 0.106 0.113 0.109 0.025 0.084 0.007 
 184   (0.197) 0.477 0.079 0.146 0.276 0.264 0.348 0.174 0.178 0.085 0.433 0.125 0.205 0.168 0.184 0.186 0.125 0.070 
 194   (0.010) 0.002 0.002 0.040 0.002 0.001 0.001 0.005 0.007 0.002 0.001 0.032 0.003 0.005 0.006 0.001 0.002 0.001 
 192   (0.136) 0.113 0.285 0.005 0.098 0.015 0.107 0.148 0.142 0.353 0.015 0.013 0.203 0.143 0.153 0.166 0.045 0.182 
 198   (0.063) 0.013 0.021 0.011 0.020 0.007 0.010 0.065 0.071 0.015 0.009 0.260 0.052 0.073 0.055 0.265 0.261 0.066 
 190   (0.016) 0.005 0.099 0.000 0.022 0.001 0.004 0.010 0.012 0.003 0.001 0.002 0.019 0.010 0.011 0.001 0.005 0.001 

Locus 34 : 34 
6 alleles
0.0% missing data
 110   (0.188) 0.051 0.201 0.370 0.225 0.214 0.076 0.185 0.180 0.157 0.267 0.156 0.109 0.176 0.191 0.109 0.374 0.071 
 112   (0.348) 0.440 0.307 0.517 0.290 0.039 0.385 0.389 0.367 0.429 0.067 0.747 0.334 0.388 0.388 0.047 0.198 0.055 
 106   (0.278) 0.424 0.369 0.088 0.412 0.222 0.431 0.249 0.274 0.149 0.587 0.076 0.403 0.259 0.233 0.246 0.306 0.713 
  90   (0.038) 0.008 0.027 0.018 0.008 0.406 0.006 0.030 0.036 0.232 0.062 0.006 0.037 0.031 0.031 0.002 0.019 0.002 
 108   (0.138) 0.076 0.094 0.007 0.063 0.118 0.100 0.142 0.136 0.030 0.016 0.014 0.113 0.140 0.150 0.594 0.101 0.113 
  96   (0.010) 0.001 0.002 0.000 0.002 0.001 0.001 0.007 0.008 0.003 0.001 0.001 0.004 0.006 0.008 0.001 0.002 0.046 

Locus 35 : 35 
9 alleles
0.0% missing data
 166   (0.057) 0.035 0.036 0.290 0.053 0.007 0.153 0.049 0.056 0.122 0.009 0.191 0.019 0.054 0.043 0.003 0.023 0.004 
 176   (0.098) 0.021 0.026 0.130 0.224 0.012 0.014 0.090 0.091 0.032 0.021 0.389 0.134 0.086 0.093 0.098 0.048 0.015 
 172   (0.322) 0.421 0.428 0.451 0.132 0.040 0.430 0.327 0.338 0.250 0.449 0.197 0.190 0.341 0.317 0.164 0.679 0.586 
 170   (0.277) 0.294 0.201 0.121 0.521 0.616 0.224 0.259 0.256 0.202 0.486 0.159 0.260 0.250 0.275 0.349 0.116 0.326 
 174   (0.131) 0.035 0.253 0.005 0.047 0.015 0.147 0.142 0.134 0.369 0.012 0.015 0.318 0.137 0.132 0.042 0.058 0.061 
 178   (0.038) 0.052 0.015 0.001 0.007 0.005 0.009 0.049 0.041 0.009 0.015 0.042 0.025 0.044 0.055 0.002 0.039 0.002 
 168   (0.053) 0.016 0.019 0.001 0.012 0.304 0.020 0.059 0.061 0.012 0.005 0.005 0.047 0.067 0.056 0.323 0.029 0.003 
 186   (0.017) 0.126 0.021 0.000 0.003 0.002 0.002 0.019 0.016 0.003 0.001 0.002 0.005 0.016 0.024 0.018 0.006 0.001 
 158   (0.006) 0.001 0.001 0.000 0.001 0.001 0.001 0.006 0.005 0.001 0.001 0.001 0.002 0.005 0.005 0.000 0.002 0.000 

Locus 36 : 36 
6 alleles
0.0% missing data
  89   (0.573) 0.774 0.744 0.663 0.491 0.373 0.560 0.595 0.585 0.646 0.228 0.712 0.544 0.597 0.592 0.603 0.608 0.508 
  95   (0.061) 0.016 0.047 0.082 0.084 0.007 0.132 0.054 0.056 0.015 0.037 0.021 0.022 0.052 0.054 0.027 0.028 0.004 
  85   (0.162) 0.165 0.061 0.226 0.149 0.494 0.167 0.150 0.161 0.286 0.263 0.226 0.215 0.158 0.145 0.014 0.070 0.235 
  81   (0.061) 0.014 0.031 0.005 0.183 0.008 0.028 0.066 0.061 0.014 0.008 0.006 0.147 0.062 0.068 0.004 0.022 0.004 
  83   (0.124) 0.028 0.113 0.024 0.090 0.014 0.104 0.120 0.121 0.035 0.461 0.033 0.068 0.117 0.126 0.327 0.267 0.247 
  91   (0.019) 0.004 0.004 0.000 0.003 0.105 0.009 0.015 0.017 0.004 0.002 0.002 0.005 0.014 0.016 0.025 0.005 0.001 

Locus 37 : 37 
10 alleles
0.0% missing data
 161   (0.345) 0.118 0.320 0.578 0.397 0.432 0.266 0.321 0.326 0.426 0.086 0.535 0.530 0.315 0.331 0.709 0.394 0.375 
 165   (0.233) 0.253 0.171 0.164 0.183 0.132 0.336 0.242 0.238 0.090 0.059 0.272 0.141 0.245 0.242 0.112 0.392 0.098 
 159   (0.013) 0.002 0.002 0.036 0.002 0.001 0.004 0.012 0.015 0.002 0.001 0.008 0.003 0.015 0.008 0.001 0.004 0.001 
 173   (0.254) 0.428 0.365 0.126 0.388 0.224 0.188 0.265 0.262 0.416 0.160 0.082 0.199 0.265 0.260 0.169 0.123 0.516 
 169   (0.101) 0.182 0.115 0.087 0.021 0.206 0.125 0.103 0.104 0.054 0.690 0.097 0.106 0.103 0.098 0.006 0.069 0.006 
 167   (0.017) 0.003 0.018 0.009 0.003 0.002 0.003 0.018 0.021 0.004 0.002 0.002 0.008 0.021 0.015 0.001 0.006 0.002 
 168   (0.011) 0.002 0.002 0.000 0.002 0.001 0.001 0.013 0.010 0.002 0.001 0.001 0.003 0.011 0.012 0.001 0.003 0.001 
 155   (0.013) 0.002 0.003 0.000 0.002 0.001 0.002 0.019 0.014 0.002 0.001 0.001 0.006 0.017 0.024 0.001 0.005 0.001 
 177   (0.006) 0.001 0.002 0.000 0.001 0.001 0.001 0.004 0.005 0.002 0.000 0.001 0.003 0.004 0.005 0.000 0.002 0.000 
 175   (0.007) 0.008 0.001 0.000 0.001 0.001 0.074 0.003 0.005 0.001 0.001 0.001 0.002 0.003 0.004 0.000 0.001 0.000 

Locus 38 : 38 
6 alleles
0.6% missing data
  87   (0.094) 0.022 0.135 0.170 0.113 0.556 0.030 0.071 0.080 0.021 0.012 0.135 0.058 0.065 0.079 0.441 0.081 0.129 
  89   (0.440) 0.414 0.464 0.589 0.214 0.051 0.677 0.480 0.459 0.402 0.755 0.678 0.538 0.484 0.461 0.226 0.412 0.089 
  91   (0.161) 0.079 0.162 0.130 0.209 0.208 0.042 0.156 0.166 0.085 0.192 0.024 0.163 0.166 0.151 0.099 0.365 0.186 
  81   (0.117) 0.063 0.052 0.081 0.218 0.013 0.069 0.123 0.120 0.437 0.012 0.082 0.062 0.122 0.121 0.007 0.065 0.116 
  85   (0.181) 0.420 0.184 0.026 0.247 0.172 0.182 0.166 0.170 0.053 0.028 0.082 0.176 0.160 0.184 0.227 0.074 0.480 
  83   (0.006) 0.001 0.001 0.003 0.001 0.001 0.001 0.003 0.005 0.002 0.001 0.001 0.002 0.003 0.004 0.000 0.002 0.000 

Locus 39 : 39 
4 alleles
0.6% missing data
 167   (0.787) 0.935 0.866 0.911 0.948 0.684 0.679 0.780 0.788 0.803 0.933 0.926 0.877 0.778 0.773 0.391 0.897 0.859 
 161   (0.176) 0.057 0.106 0.088 0.045 0.312 0.226 0.186 0.173 0.184 0.060 0.071 0.108 0.182 0.197 0.460 0.091 0.138 
 165   (0.030) 0.006 0.026 0.001 0.006 0.003 0.094 0.030 0.034 0.012 0.006 0.003 0.014 0.036 0.025 0.149 0.008 0.002 
 177   (0.006) 0.001 0.002 0.000 0.001 0.001 0.001 0.005 0.005 0.001 0.000 0.001 0.002 0.004 0.005 0.000 0.003 0.001 

Locus 40 : 40 
6 alleles
0.4% missing data
 228   (0.418) 0.684 0.453 0.521 0.443 0.549 0.456 0.396 0.414 0.638 0.730 0.660 0.386 0.400 0.390 0.116 0.485 0.230 
 238   (0.335) 0.190 0.312 0.324 0.266 0.080 0.348 0.373 0.355 0.084 0.066 0.263 0.440 0.377 0.364 0.068 0.232 0.116 
 224   (0.023) 0.004 0.005 0.091 0.014 0.003 0.003 0.013 0.017 0.226 0.003 0.048 0.006 0.013 0.016 0.011 0.010 0.001 
 236   (0.106) 0.026 0.100 0.061 0.114 0.355 0.040 0.096 0.098 0.025 0.190 0.017 0.053 0.096 0.099 0.286 0.048 0.390 
 232   (0.012) 0.002 0.002 0.000 0.002 0.001 0.002 0.008 0.009 0.002 0.001 0.002 0.041 0.007 0.009 0.001 0.005 0.001 
 240   (0.107) 0.094 0.127 0.002 0.160 0.012 0.151 0.114 0.106 0.025 0.011 0.010 0.073 0.107 0.122 0.518 0.220 0.262 

Locus 41 : 41 
7 alleles
0.0% missing data
 128   (0.113) 0.043 0.137 0.138 0.071 0.012 0.297 0.100 0.112 0.242 0.235 0.062 0.143 0.104 0.096 0.006 0.205 0.031 
 130   (0.532) 0.480 0.537 0.612 0.516 0.060 0.384 0.548 0.538 0.511 0.693 0.585 0.553 0.551 0.538 0.737 0.627 0.783 
 114   (0.052) 0.011 0.015 0.111 0.077 0.500 0.007 0.047 0.049 0.010 0.032 0.040 0.030 0.045 0.052 0.003 0.020 0.003 
 132   (0.125) 0.409 0.130 0.132 0.152 0.014 0.161 0.120 0.122 0.029 0.019 0.295 0.146 0.120 0.132 0.007 0.059 0.047 
 118   (0.060) 0.018 0.107 0.002 0.012 0.204 0.097 0.056 0.061 0.029 0.008 0.006 0.049 0.057 0.056 0.071 0.023 0.130 
 134   (0.111) 0.038 0.073 0.006 0.172 0.209 0.053 0.124 0.113 0.178 0.013 0.012 0.076 0.119 0.121 0.174 0.064 0.007 
 136   (0.006) 0.001 0.001 0.000 0.001 0.001 0.001 0.005 0.005 0.001 0.001 0.001 0.002 0.004 0.005 0.000 0.002 0.000 

Locus 42 : 42 
6 alleles
1.2% missing data
 102   (0.270) 0.453 0.370 0.417 0.415 0.575 0.290 0.258 0.264 0.220 0.074 0.449 0.162 0.260 0.264 0.015 0.201 0.478 
 104   (0.405) 0.258 0.506 0.194 0.321 0.049 0.554 0.461 0.436 0.690 0.097 0.139 0.407 0.463 0.443 0.230 0.440 0.412 
  92   (0.108) 0.146 0.053 0.106 0.085 0.051 0.027 0.098 0.102 0.033 0.013 0.290 0.238 0.097 0.097 0.317 0.050 0.007 
  96   (0.073) 0.014 0.018 0.060 0.054 0.094 0.027 0.058 0.064 0.018 0.718 0.050 0.079 0.057 0.062 0.176 0.236 0.005 
  98   (0.138) 0.128 0.051 0.222 0.123 0.230 0.101 0.121 0.129 0.038 0.098 0.071 0.113 0.119 0.128 0.262 0.071 0.098 
 106   (0.006) 0.002 0.001 0.000 0.002 0.001 0.001 0.005 0.005 0.002 0.001 0.001 0.002 0.004 0.005 0.000 0.002 0.000 

Locus 43 : 43 
6 alleles
1.4% missing data
 101   (0.303) 0.443 0.290 0.474 0.473 0.035 0.220 0.293 0.305 0.206 0.086 0.224 0.423 0.301 0.277 0.369 0.155 0.181 
 103   (0.317) 0.404 0.404 0.176 0.279 0.227 0.461 0.353 0.330 0.124 0.461 0.375 0.179 0.342 0.363 0.108 0.176 0.350 
  99   (0.141) 0.039 0.052 0.029 0.064 0.416 0.099 0.130 0.130 0.604 0.074 0.221 0.216 0.128 0.142 0.182 0.234 0.009 
  95   (0.215) 0.111 0.250 0.320 0.179 0.168 0.216 0.201 0.213 0.061 0.376 0.179 0.174 0.208 0.194 0.335 0.426 0.459 
  97   (0.017) 0.003 0.003 0.000 0.003 0.152 0.002 0.018 0.015 0.003 0.002 0.002 0.007 0.016 0.017 0.006 0.006 0.001 
  91   (0.006) 0.001 0.001 0.000 0.001 0.001 0.001 0.005 0.006 0.001 0.001 0.001 0.002 0.005 0.006 0.000 0.003 0.000 

Locus 44 : 44 
7 alleles
0.2% missing data
 177   (0.078) 0.020 0.052 0.064 0.064 0.009 0.051 0.089 0.083 0.016 0.009 0.167 0.029 0.087 0.090 0.111 0.033 0.005 
 191   (0.284) 0.117 0.330 0.184 0.304 0.279 0.131 0.313 0.291 0.327 0.053 0.111 0.267 0.307 0.330 0.636 0.338 0.097 
 181   (0.570) 0.851 0.604 0.751 0.617 0.521 0.729 0.530 0.554 0.577 0.933 0.716 0.673 0.534 0.522 0.135 0.612 0.864 
 189   (0.007) 0.001 0.001 0.000 0.001 0.001 0.001 0.003 0.005 0.001 0.000 0.001 0.002 0.003 0.004 0.000 0.001 0.030 
 179   (0.042) 0.007 0.009 0.001 0.011 0.188 0.005 0.051 0.050 0.074 0.003 0.004 0.022 0.054 0.040 0.107 0.012 0.003 
 183   (0.009) 0.002 0.002 0.000 0.002 0.001 0.003 0.008 0.008 0.002 0.001 0.001 0.003 0.008 0.008 0.001 0.002 0.001 
 193   (0.010) 0.002 0.002 0.000 0.002 0.001 0.080 0.006 0.008 0.002 0.001 0.001 0.003 0.006 0.006 0.009 0.002 0.001 

Locus 45 : 45 
6 alleles
0.8% missing data
 205   (0.458) 0.521 0.408 0.504 0.536 0.248 0.558 0.493 0.478 0.531 0.869 0.551 0.352 0.499 0.485 0.310 0.563 0.405 
 211   (0.229) 0.226 0.162 0.251 0.184 0.341 0.100 0.228 0.231 0.296 0.044 0.112 0.369 0.229 0.230 0.394 0.145 0.274 
 207   (0.145) 0.216 0.183 0.127 0.091 0.018 0.228 0.141 0.136 0.055 0.064 0.193 0.093 0.134 0.139 0.071 0.066 0.201 
 201   (0.075) 0.019 0.174 0.068 0.082 0.382 0.021 0.059 0.067 0.022 0.012 0.106 0.103 0.057 0.066 0.039 0.110 0.005 
 215   (0.083) 0.015 0.071 0.050 0.105 0.010 0.091 0.072 0.080 0.094 0.009 0.038 0.079 0.074 0.070 0.179 0.048 0.114 
 202   (0.011) 0.002 0.002 0.000 0.002 0.001 0.002 0.008 0.009 0.002 0.001 0.001 0.003 0.007 0.010 0.007 0.067 0.001 

Locus 46 : 46 
10 alleles
1.0% missing data
 144   (0.064) 0.014 0.073 0.254 0.014 0.008 0.021 0.054 0.063 0.068 0.053 0.075 0.102 0.059 0.049 0.007 0.144 0.128 
 158   (0.157) 0.078 0.196 0.114 0.268 0.021 0.032 0.148 0.143 0.192 0.034 0.399 0.128 0.139 0.162 0.123 0.099 0.082 
 168   (0.141) 0.033 0.063 0.221 0.137 0.217 0.039 0.141 0.131 0.031 0.055 0.064 0.108 0.130 0.143 0.217 0.323 0.107 
 166   (0.137) 0.062 0.075 0.325 0.083 0.123 0.351 0.132 0.132 0.037 0.458 0.129 0.093 0.129 0.137 0.025 0.066 0.390 
 142   (0.362) 0.730 0.533 0.082 0.440 0.047 0.486 0.393 0.398 0.647 0.384 0.300 0.284 0.419 0.368 0.141 0.322 0.285 
 170   (0.016) 0.003 0.003 0.001 0.004 0.002 0.002 0.011 0.013 0.004 0.002 0.001 0.042 0.011 0.012 0.047 0.006 0.001 
 156   (0.028) 0.008 0.019 0.001 0.005 0.469 0.004 0.029 0.027 0.005 0.002 0.014 0.008 0.026 0.035 0.084 0.009 0.002 
 162   (0.047) 0.009 0.013 0.001 0.037 0.108 0.058 0.044 0.048 0.009 0.005 0.004 0.072 0.046 0.040 0.163 0.016 0.003 
 164   (0.042) 0.062 0.024 0.001 0.010 0.005 0.005 0.042 0.039 0.007 0.005 0.011 0.160 0.038 0.049 0.194 0.015 0.003 
 160   (0.006) 0.001 0.001 0.000 0.001 0.001 0.001 0.005 0.005 0.001 0.001 0.001 0.002 0.004 0.005 0.000 0.002 0.000 

Locus 47 : 47 
7 alleles
9.9% missing data
 149   (0.348) 0.361 0.324 0.206 0.081 0.345 0.401 0.364 0.367 0.510 0.469 0.180 0.290 0.377 0.347 0.771 0.546 0.334 
 151   (0.187) 0.162 0.206 0.207 0.373 0.083 0.109 0.174 0.174 0.353 0.121 0.586 0.161 0.164 0.190 0.087 0.098 0.012 
 153   (0.192) 0.316 0.298 0.368 0.176 0.029 0.419 0.197 0.201 0.070 0.102 0.131 0.144 0.209 0.190 0.042 0.108 0.025 
 147   (0.027) 0.006 0.007 0.034 0.005 0.004 0.004 0.022 0.024 0.007 0.003 0.029 0.071 0.021 0.024 0.002 0.016 0.002 
 145   (0.223) 0.152 0.160 0.183 0.360 0.535 0.064 0.227 0.216 0.054 0.302 0.071 0.298 0.214 0.232 0.041 0.219 0.626 
 152   (0.007) 0.001 0.002 0.002 0.001 0.001 0.001 0.004 0.005 0.003 0.001 0.001 0.003 0.003 0.004 0.001 0.005 0.000 
 143   (0.016) 0.002 0.003 0.000 0.003 0.002 0.002 0.012 0.014 0.003 0.001 0.001 0.034 0.011 0.013 0.057 0.007 0.001 

Values of parameters used in structure:
DATAFILE=temp2.str,	OUTFILE=k17/temp2_k17_run2,	NUMINDS=486,	NUMLOCI=47,	MISSING=-9,	LABEL=1,	POPDATA=1,	POPFLAG=0,	PHENOTYPE=0,	EXTRACOLS=0,	MAXPOPS=17,	BURNIN=500000,	NUMREPS=750000,	USEPOPINFO=0,	INFERALPHA=1,	INFERLAMBDA=0,	POPSPECIFICLAMBDA=0,	POPALPHAS=0,	COMPUTEPROB=1,	NOADMIX=0,	ADMBURNIN=500,	UPDATEFREQ=100,	PRINTLIKES=0,	INTERMEDSAVE=0,	PRINTKLD=0,	PRINTNET=1,	PRINTLAMBDA=1,	ANCESTDIST=0,	NUMBOXES=1000,	ANCESTPINT=0.90000,	GENSBACK=2,	MIGRPRIOR=0.01000,	PRINTQHAT=0,	PRINTQSUM=1,	ALPHA=1.0000,	FREQSCORR=1,	FPRIORMEAN=0.0100,	FPRIORSD=0.0500,	ONEFST=0,	LAMBDA=1.0000,	UNIFPRIORALPHA=1,	ALPHAMAX=10.0000,	ALPHAPRIORA=1.0000,	ALPHAPRIORB=2.0000,	ALPHAPROPSD=0.0250,	STARTATPOPINFO=0,	RANDOMIZE=0,	LINKAGE=0,	METROFREQ=10,	REPORTHITRATE=0,	MARKOVPHASE=0,	PHASED=1,	PLOIDY=2,	PHASEINFO=0	LOCPRIOR=0, 	LOCPRIORINIT=1.000000, 	LOCDATA=0, 	LOCISPOP=1, 	LOCPRIORSTEP=0.100000, 	MAXLOCPRIOR=20.000000, 	SEED=927714,	
[STRAT parameters]:    NUMSIMSTATS=1000,	PHENOTYPECOL=-9,	POOLFREQ=10,	LOCUSxONLY=0,	EMERROR=0.00100,	MISSINGPHENO=-9,	