

----------------------------------------------------
STRUCTURE by Pritchard, Stephens and Donnelly (2000)
     and Falush, Stephens and Pritchard (2003)
       Code by Pritchard, Falush and Hubisz
             Version 2.3.4 (Jul 2012)
----------------------------------------------------



Command line arguments:   structure -D 954792 -K 15 -m mainparams -o k15/temp2_k15_run1 
Input File:    temp2.str

Run parameters:
   486 individuals
   47 loci
   15 populations assumed
   500000 Burn-in period
   750000 Reps
RANDOMIZE turned off


--------------------------------------------
Proportion of membership of each pre-defined
 population in each of the 15 clusters

Given    Inferred Clusters                                                                                           Number of
 Pop       1      2      3      4      5      6      7      8      9     10     11     12     13     14     15      Individuals

  1:     0.854  0.009  0.009  0.010  0.035  0.012  0.010  0.008  0.009  0.010  0.011  0.003  0.004  0.009  0.006       63
  2:     0.861  0.012  0.012  0.007  0.012  0.014  0.006  0.007  0.010  0.013  0.017  0.003  0.006  0.009  0.010       20
  3:     0.003  0.005  0.005  0.004  0.004  0.004  0.004  0.004  0.003  0.003  0.005  0.940  0.007  0.004  0.006       36
  4:     0.707  0.018  0.019  0.014  0.115  0.036  0.015  0.006  0.010  0.012  0.021  0.003  0.004  0.010  0.008       21
  5:     0.369  0.006  0.007  0.006  0.536  0.012  0.010  0.005  0.014  0.008  0.007  0.003  0.003  0.008  0.007       31
  6:     0.887  0.008  0.008  0.017  0.016  0.006  0.006  0.004  0.012  0.006  0.007  0.004  0.004  0.009  0.005       21
  7:     0.011  0.016  0.016  0.039  0.012  0.785  0.016  0.011  0.006  0.014  0.021  0.005  0.004  0.022  0.023       25
  8:     0.467  0.035  0.034  0.025  0.135  0.021  0.047  0.009  0.013  0.019  0.029  0.094  0.010  0.017  0.043        8
  9:     0.551  0.008  0.008  0.010  0.017  0.009  0.006  0.005  0.333  0.010  0.009  0.002  0.005  0.024  0.004       17
 10:     0.005  0.005  0.005  0.004  0.004  0.006  0.005  0.939  0.003  0.005  0.005  0.003  0.003  0.004  0.005       29
 11:     0.002  0.003  0.003  0.002  0.002  0.002  0.002  0.002  0.003  0.002  0.003  0.006  0.964  0.002  0.002        9
 12:     0.011  0.203  0.206  0.063  0.016  0.058  0.106  0.014  0.009  0.048  0.188  0.018  0.008  0.024  0.028       26
 13:     0.013  0.109  0.113  0.119  0.013  0.028  0.173  0.012  0.012  0.064  0.128  0.013  0.009  0.149  0.046       74
 14:     0.019  0.087  0.082  0.122  0.013  0.020  0.067  0.013  0.010  0.102  0.075  0.012  0.007  0.301  0.070       35
 15:     0.031  0.039  0.039  0.200  0.013  0.025  0.019  0.008  0.007  0.257  0.053  0.007  0.009  0.280  0.014       24
 16:     0.026  0.185  0.180  0.043  0.012  0.038  0.151  0.025  0.007  0.061  0.200  0.023  0.009  0.027  0.012       43
 17:     0.015  0.300  0.345  0.025  0.014  0.012  0.021  0.009  0.052  0.066  0.105  0.006  0.003  0.016  0.012        4
--------------------------------------------

Allele-freq. divergence among pops (Net nucleotide distance),
computed using point estimates of P.

      1       2       3       4       5       6       7       8       9      10      11      12      13      14      15      
 1      -    0.0319  0.0318  0.0467  0.0404  0.0445  0.0350  0.0803  0.1058  0.0484  0.0298  0.1445  0.1442  0.0440  0.0775  
 2   0.0319     -    0.0001  0.0172  0.0390  0.0206  0.0101  0.0554  0.1045  0.0170  0.0010  0.0821  0.1005  0.0202  0.0507  
 3   0.0318  0.0001     -    0.0166  0.0391  0.0203  0.0102  0.0552  0.1034  0.0167  0.0009  0.0825  0.1009  0.0198  0.0504  
 4   0.0467  0.0172  0.0166     -    0.0592  0.0361  0.0245  0.0721  0.1264  0.0199  0.0150  0.1093  0.1244  0.0216  0.0576  
 5   0.0404  0.0390  0.0391  0.0592     -    0.0562  0.0459  0.0937  0.1350  0.0533  0.0376  0.1376  0.1433  0.0632  0.0807  
 6   0.0445  0.0206  0.0203  0.0361  0.0562     -    0.0254  0.0608  0.1227  0.0320  0.0173  0.1042  0.1069  0.0386  0.0607  
 7   0.0350  0.0101  0.0102  0.0245  0.0459  0.0254     -    0.0649  0.1123  0.0265  0.0085  0.0914  0.1087  0.0292  0.0637  
 8   0.0803  0.0554  0.0552  0.0721  0.0937  0.0608  0.0649     -    0.1607  0.0670  0.0519  0.1221  0.1333  0.0731  0.1069  
 9   0.1058  0.1045  0.1034  0.1264  0.1350  0.1227  0.1123  0.1607     -    0.1336  0.1018  0.2159  0.2027  0.1211  0.1524  
10   0.0484  0.0170  0.0167  0.0199  0.0533  0.0320  0.0265  0.0670  0.1336     -    0.0151  0.1131  0.1232  0.0169  0.0630  
11   0.0298  0.0010  0.0009  0.0150  0.0376  0.0173  0.0085  0.0519  0.1018  0.0151     -    0.0794  0.0956  0.0183  0.0482  
12   0.1445  0.0821  0.0825  0.1093  0.1376  0.1042  0.0914  0.1221  0.2159  0.1131  0.0794     -    0.1129  0.1267  0.1325  
13   0.1442  0.1005  0.1009  0.1244  0.1433  0.1069  0.1087  0.1333  0.2027  0.1232  0.0956  0.1129     -    0.1292  0.1687  
14   0.0440  0.0202  0.0198  0.0216  0.0632  0.0386  0.0292  0.0731  0.1211  0.0169  0.0183  0.1267  0.1292     -    0.0640  
15   0.0775  0.0507  0.0504  0.0576  0.0807  0.0607  0.0637  0.1069  0.1524  0.0630  0.0482  0.1325  0.1687  0.0640     -    

Average distances (expected heterozygosity) between individuals in same cluster:
cluster  1  : 0.5387 
cluster  2  : 0.6383 
cluster  3  : 0.6385 
cluster  4  : 0.5864 
cluster  5  : 0.5389 
cluster  6  : 0.5959 
cluster  7  : 0.6094 
cluster  8  : 0.5444 
cluster  9  : 0.4309 
cluster 10  : 0.5911 
cluster 11  : 0.6495 
cluster 12  : 0.6323 
cluster 13  : 0.5328 
cluster 14  : 0.5642 
cluster 15  : 0.5350 

--------------------------------------------
Estimated Ln Prob of Data   = -52167.8
Mean value of ln likelihood = -50228.6
Variance of ln likelihood   = 3878.4
Mean value of alpha         = 0.0340

Mean value of Fst_1         = 0.1428
Mean value of Fst_2         = 0.0281
Mean value of Fst_3         = 0.0267
Mean value of Fst_4         = 0.0958
Mean value of Fst_5         = 0.1790
Mean value of Fst_6         = 0.0927
Mean value of Fst_7         = 0.0538
Mean value of Fst_8         = 0.2140
Mean value of Fst_9         = 0.4134
Mean value of Fst_10         = 0.1163
Mean value of Fst_11         = 0.0000
Mean value of Fst_12         = 0.1874
Mean value of Fst_13         = 0.3101
Mean value of Fst_14         = 0.1078
Mean value of Fst_15         = 0.2456


Inferred ancestry of individuals:
        Label (%Miss) Pop:  Inferred clusters
  1      221    (0)    1 :  0.909 0.007 0.007 0.007 0.008 0.017 0.009 0.002 0.005 0.007 0.007 0.003 0.003 0.008 0.003 
  2      222    (0)    1 :  0.402 0.009 0.010 0.007 0.502 0.007 0.008 0.009 0.006 0.004 0.010 0.004 0.004 0.008 0.010 
  3      223    (0)    1 :  0.880 0.009 0.010 0.010 0.008 0.008 0.026 0.003 0.007 0.006 0.009 0.006 0.003 0.009 0.006 
  4      224    (0)    1 :  0.957 0.003 0.003 0.002 0.005 0.004 0.003 0.004 0.005 0.002 0.003 0.001 0.001 0.003 0.004 
  5      225    (0)    1 :  0.942 0.006 0.006 0.004 0.006 0.003 0.005 0.004 0.003 0.004 0.005 0.002 0.002 0.003 0.004 
  6      226    (0)    1 :  0.932 0.004 0.004 0.004 0.003 0.012 0.010 0.002 0.004 0.003 0.005 0.001 0.006 0.003 0.007 
  7      227    (0)    1 :  0.860 0.010 0.010 0.006 0.003 0.035 0.018 0.004 0.005 0.006 0.012 0.007 0.015 0.005 0.004 
  8      228    (0)    1 :  0.877 0.010 0.009 0.010 0.007 0.006 0.009 0.005 0.012 0.006 0.008 0.004 0.003 0.026 0.010 
  9      234    (0)    1 :  0.946 0.004 0.004 0.003 0.008 0.003 0.004 0.002 0.004 0.004 0.004 0.001 0.002 0.005 0.004 
 10      235    (0)    1 :  0.953 0.004 0.004 0.003 0.008 0.004 0.003 0.002 0.004 0.002 0.003 0.001 0.004 0.003 0.002 
 11      236    (0)    1 :  0.956 0.002 0.002 0.002 0.003 0.005 0.003 0.002 0.014 0.002 0.003 0.001 0.002 0.002 0.002 
 12      237    (0)    1 :  0.947 0.004 0.004 0.006 0.008 0.003 0.006 0.002 0.002 0.004 0.004 0.002 0.002 0.004 0.003 
 13      238    (0)    1 :  0.849 0.007 0.008 0.013 0.039 0.026 0.009 0.012 0.003 0.007 0.010 0.006 0.003 0.005 0.004 
 14      239    (0)    1 :  0.695 0.025 0.025 0.008 0.012 0.082 0.044 0.015 0.024 0.012 0.027 0.002 0.007 0.015 0.008 
 15      240    (0)    1 :  0.950 0.004 0.004 0.003 0.006 0.006 0.003 0.002 0.006 0.003 0.004 0.001 0.002 0.003 0.003 
 16      242    (0)    1 :  0.297 0.041 0.039 0.027 0.263 0.011 0.126 0.002 0.003 0.018 0.144 0.001 0.001 0.018 0.008 
 17      243    (0)    1 :  0.847 0.012 0.016 0.008 0.013 0.021 0.010 0.015 0.005 0.008 0.014 0.002 0.016 0.005 0.009 
 18      244    (0)    1 :  0.893 0.008 0.008 0.003 0.014 0.022 0.016 0.003 0.002 0.004 0.008 0.003 0.012 0.002 0.003 
 19      245    (0)    1 :  0.791 0.014 0.013 0.014 0.004 0.013 0.009 0.007 0.048 0.017 0.016 0.026 0.010 0.011 0.007 
 20      246    (0)    1 :  0.945 0.004 0.005 0.003 0.011 0.003 0.003 0.003 0.003 0.003 0.004 0.003 0.005 0.003 0.003 
 21      248    (0)    1 :  0.870 0.008 0.008 0.005 0.043 0.005 0.009 0.020 0.009 0.005 0.007 0.003 0.003 0.004 0.002 
 22      249    (0)    1 :  0.968 0.002 0.002 0.002 0.002 0.004 0.003 0.002 0.002 0.002 0.002 0.001 0.001 0.002 0.004 
 23      250    (0)    1 :  0.850 0.016 0.015 0.020 0.005 0.010 0.010 0.009 0.012 0.008 0.013 0.006 0.006 0.012 0.006 
 24      251    (0)    1 :  0.920 0.005 0.005 0.008 0.016 0.004 0.005 0.003 0.005 0.006 0.005 0.001 0.004 0.011 0.002 
 25      252    (0)    1 :  0.863 0.008 0.008 0.020 0.004 0.007 0.008 0.037 0.005 0.009 0.009 0.002 0.001 0.011 0.009 
 26      253    (0)    1 :  0.830 0.020 0.020 0.005 0.003 0.007 0.025 0.022 0.007 0.007 0.026 0.016 0.003 0.004 0.004 
 27      254    (0)    1 :  0.939 0.005 0.005 0.005 0.004 0.008 0.007 0.003 0.004 0.005 0.004 0.002 0.002 0.004 0.003 
 28      255    (0)    1 :  0.559 0.022 0.018 0.007 0.251 0.058 0.015 0.006 0.017 0.009 0.017 0.003 0.003 0.010 0.004 
 29      256    (0)    1 :  0.868 0.008 0.009 0.007 0.053 0.004 0.005 0.002 0.003 0.006 0.010 0.004 0.002 0.005 0.014 
 30      257    (0)    1 :  0.890 0.008 0.008 0.009 0.006 0.018 0.010 0.009 0.003 0.011 0.008 0.002 0.003 0.010 0.003 
 31      258    (0)    1 :  0.869 0.009 0.008 0.011 0.028 0.011 0.009 0.003 0.010 0.011 0.011 0.005 0.002 0.011 0.003 
 32      259    (0)    1 :  0.887 0.017 0.016 0.005 0.010 0.006 0.010 0.003 0.002 0.016 0.010 0.002 0.002 0.007 0.005 
 33      260    (0)    1 :  0.829 0.005 0.006 0.006 0.005 0.026 0.004 0.071 0.022 0.004 0.007 0.002 0.005 0.005 0.003 
 34      261    (0)    1 :  0.746 0.012 0.013 0.049 0.005 0.015 0.005 0.009 0.003 0.094 0.014 0.002 0.002 0.026 0.005 
 35      262    (0)    1 :  0.967 0.002 0.002 0.002 0.006 0.002 0.002 0.002 0.002 0.002 0.002 0.001 0.001 0.003 0.003 
 36      263    (0)    1 :  0.865 0.005 0.005 0.006 0.014 0.044 0.005 0.025 0.005 0.004 0.006 0.003 0.005 0.003 0.005 
 37      264    (0)    1 :  0.927 0.004 0.004 0.005 0.010 0.006 0.004 0.003 0.003 0.008 0.005 0.001 0.001 0.005 0.014 
 38      265    (0)    1 :  0.874 0.006 0.006 0.004 0.019 0.019 0.003 0.036 0.007 0.006 0.006 0.001 0.002 0.006 0.005 
 39      266    (0)    1 :  0.959 0.003 0.003 0.003 0.006 0.002 0.003 0.002 0.006 0.003 0.003 0.001 0.001 0.003 0.002 
 40      267    (0)    1 :  0.945 0.003 0.003 0.002 0.021 0.003 0.005 0.001 0.002 0.003 0.003 0.001 0.002 0.003 0.003 
 41      268    (0)    1 :  0.881 0.005 0.006 0.009 0.003 0.007 0.007 0.050 0.003 0.005 0.006 0.001 0.008 0.005 0.004 
 42      269    (0)    1 :  0.940 0.003 0.003 0.003 0.008 0.004 0.003 0.002 0.018 0.005 0.003 0.001 0.001 0.003 0.002 
 43      270    (0)    1 :  0.935 0.003 0.003 0.003 0.004 0.006 0.005 0.002 0.003 0.003 0.003 0.001 0.002 0.004 0.022 
 44      271    (0)    1 :  0.714 0.024 0.027 0.026 0.010 0.013 0.015 0.010 0.075 0.032 0.026 0.007 0.003 0.009 0.007 
 45      272    (0)    1 :  0.317 0.030 0.030 0.010 0.433 0.008 0.009 0.005 0.012 0.070 0.032 0.001 0.006 0.015 0.021 
 46      273    (0)    1 :  0.818 0.014 0.015 0.007 0.014 0.041 0.016 0.002 0.011 0.010 0.013 0.003 0.002 0.015 0.019 
 47      274    (0)    1 :  0.926 0.005 0.005 0.006 0.004 0.008 0.004 0.006 0.006 0.010 0.005 0.002 0.003 0.006 0.003 
 48      275    (2)    1 :  0.943 0.004 0.004 0.003 0.009 0.007 0.005 0.002 0.003 0.003 0.004 0.002 0.002 0.005 0.004 
 49      276    (0)    1 :  0.924 0.006 0.006 0.010 0.005 0.005 0.007 0.004 0.005 0.008 0.006 0.001 0.002 0.007 0.004 
 50      277    (0)    1 :  0.800 0.012 0.012 0.071 0.003 0.008 0.006 0.002 0.012 0.015 0.009 0.001 0.001 0.040 0.008 
 51      278    (0)    1 :  0.844 0.010 0.010 0.049 0.015 0.006 0.010 0.005 0.004 0.015 0.008 0.001 0.007 0.014 0.002 
 52      279    (0)    1 :  0.888 0.017 0.017 0.008 0.016 0.006 0.010 0.003 0.003 0.007 0.011 0.002 0.002 0.006 0.005 
 53      280    (0)    1 :  0.801 0.011 0.010 0.014 0.007 0.019 0.011 0.005 0.066 0.011 0.010 0.002 0.003 0.026 0.003 
 54      287    (0)    1 :  0.881 0.014 0.015 0.009 0.005 0.013 0.008 0.006 0.003 0.008 0.015 0.003 0.004 0.010 0.006 
 55      290    (0)    1 :  0.792 0.014 0.012 0.008 0.088 0.010 0.008 0.002 0.006 0.013 0.011 0.002 0.006 0.010 0.017 
 56      291    (0)    1 :  0.867 0.011 0.011 0.016 0.004 0.007 0.005 0.006 0.014 0.011 0.009 0.002 0.003 0.031 0.003 
 57      295    (0)    1 :  0.933 0.004 0.004 0.005 0.006 0.004 0.003 0.003 0.003 0.006 0.003 0.001 0.001 0.021 0.003 
 58      296    (0)    1 :  0.933 0.004 0.004 0.005 0.009 0.004 0.008 0.004 0.005 0.003 0.005 0.002 0.003 0.003 0.010 
 59      872    (2)    1 :  0.840 0.005 0.005 0.006 0.093 0.005 0.004 0.007 0.004 0.005 0.006 0.005 0.006 0.004 0.005 
 60      873    (4)    1 :  0.846 0.011 0.012 0.009 0.028 0.014 0.011 0.003 0.009 0.005 0.022 0.003 0.004 0.003 0.019 
 61      874    (2)    1 :  0.922 0.004 0.004 0.016 0.012 0.005 0.007 0.002 0.002 0.008 0.004 0.001 0.001 0.007 0.004 
 62      875    (0)    1 :  0.915 0.005 0.005 0.004 0.014 0.006 0.005 0.002 0.006 0.005 0.006 0.003 0.017 0.005 0.003 
 63      876    (6)    1 :  0.876 0.007 0.008 0.013 0.005 0.021 0.017 0.011 0.005 0.008 0.008 0.002 0.001 0.013 0.004 
 64      212    (0)   10 :  0.002 0.003 0.003 0.004 0.003 0.002 0.003 0.964 0.002 0.003 0.002 0.002 0.001 0.004 0.003 
 65      213    (0)   10 :  0.004 0.004 0.004 0.007 0.002 0.003 0.006 0.940 0.008 0.003 0.004 0.002 0.003 0.007 0.003 
 66      214    (0)   10 :  0.004 0.005 0.005 0.004 0.006 0.006 0.007 0.940 0.002 0.007 0.005 0.003 0.001 0.003 0.002 
 67      215    (0)   10 :  0.005 0.004 0.004 0.004 0.004 0.004 0.004 0.944 0.003 0.003 0.004 0.002 0.003 0.008 0.003 
 68      216    (0)   10 :  0.004 0.003 0.003 0.004 0.002 0.003 0.002 0.956 0.004 0.004 0.003 0.001 0.002 0.005 0.003 
 69      217    (0)   10 :  0.005 0.005 0.005 0.004 0.004 0.003 0.010 0.937 0.004 0.005 0.005 0.002 0.002 0.004 0.006 
 70      218    (0)   10 :  0.003 0.003 0.003 0.003 0.002 0.003 0.003 0.962 0.002 0.003 0.003 0.003 0.002 0.003 0.004 
 71      332    (0)   10 :  0.010 0.006 0.006 0.009 0.007 0.016 0.011 0.866 0.003 0.009 0.007 0.002 0.005 0.008 0.032 
 72      333    (0)   10 :  0.010 0.011 0.012 0.005 0.014 0.028 0.010 0.851 0.004 0.009 0.016 0.008 0.010 0.007 0.006 
 73      334    (0)   10 :  0.007 0.004 0.004 0.006 0.002 0.007 0.005 0.937 0.003 0.004 0.004 0.002 0.003 0.004 0.006 
 74      335    (0)   10 :  0.002 0.003 0.003 0.002 0.002 0.003 0.003 0.964 0.001 0.004 0.003 0.002 0.002 0.004 0.002 
 75      336    (0)   10 :  0.003 0.002 0.002 0.003 0.005 0.005 0.002 0.948 0.004 0.002 0.003 0.002 0.014 0.002 0.003 
 76      337    (0)   10 :  0.009 0.005 0.005 0.003 0.008 0.010 0.006 0.934 0.002 0.003 0.005 0.003 0.002 0.003 0.002 
 77      673    (0)   10 :  0.002 0.001 0.001 0.001 0.001 0.002 0.001 0.980 0.001 0.002 0.001 0.001 0.001 0.002 0.001 
 78      674    (0)   10 :  0.004 0.005 0.005 0.004 0.005 0.005 0.003 0.943 0.002 0.005 0.006 0.002 0.002 0.004 0.007 
 79      675    (0)   10 :  0.003 0.004 0.004 0.006 0.002 0.005 0.003 0.945 0.004 0.003 0.004 0.002 0.004 0.006 0.003 
 80      676    (0)   10 :  0.003 0.004 0.004 0.006 0.002 0.006 0.007 0.939 0.001 0.006 0.004 0.002 0.001 0.008 0.005 
 81      677    (0)   10 :  0.006 0.004 0.003 0.003 0.003 0.004 0.005 0.953 0.002 0.004 0.003 0.002 0.002 0.004 0.002 
 82      678    (0)   10 :  0.008 0.013 0.011 0.006 0.012 0.003 0.007 0.899 0.004 0.007 0.010 0.003 0.004 0.009 0.003 
 83      679    (0)   10 :  0.004 0.007 0.007 0.005 0.002 0.007 0.005 0.906 0.001 0.004 0.007 0.026 0.002 0.003 0.015 
 84      680    (0)   10 :  0.004 0.005 0.005 0.007 0.003 0.012 0.004 0.926 0.003 0.007 0.005 0.002 0.005 0.006 0.007 
 85      681    (0)   10 :  0.006 0.005 0.005 0.005 0.003 0.006 0.008 0.938 0.002 0.003 0.005 0.002 0.002 0.004 0.004 
 86      682    (0)   10 :  0.002 0.002 0.002 0.002 0.002 0.002 0.002 0.969 0.003 0.002 0.002 0.002 0.004 0.002 0.002 
 87      683    (0)   10 :  0.005 0.005 0.005 0.004 0.003 0.007 0.004 0.937 0.004 0.005 0.005 0.003 0.002 0.004 0.006 
 88      684    (0)   10 :  0.002 0.006 0.005 0.005 0.003 0.006 0.004 0.943 0.002 0.006 0.005 0.002 0.003 0.005 0.003 
 89      685    (0)   10 :  0.003 0.006 0.006 0.003 0.006 0.009 0.005 0.936 0.003 0.004 0.005 0.004 0.003 0.003 0.003 
 90      686    (0)   10 :  0.002 0.002 0.002 0.002 0.002 0.003 0.002 0.967 0.002 0.002 0.002 0.004 0.003 0.002 0.002 
 91      687    (0)   10 :  0.002 0.002 0.002 0.002 0.002 0.004 0.002 0.969 0.002 0.002 0.002 0.001 0.002 0.003 0.002 
 92      688    (0)   10 :  0.007 0.003 0.003 0.006 0.004 0.006 0.004 0.936 0.003 0.013 0.004 0.001 0.002 0.004 0.004 
 93      070    (0)   11 :  0.002 0.005 0.004 0.003 0.003 0.003 0.003 0.002 0.001 0.003 0.005 0.008 0.954 0.002 0.002 
 94      071    (0)   11 :  0.002 0.003 0.003 0.003 0.002 0.004 0.003 0.006 0.006 0.003 0.003 0.001 0.958 0.003 0.002 
 95      072    (0)   11 :  0.001 0.002 0.002 0.001 0.002 0.002 0.002 0.001 0.003 0.002 0.002 0.005 0.972 0.002 0.001 
 96      151    (0)   11 :  0.001 0.001 0.001 0.002 0.001 0.002 0.001 0.001 0.001 0.002 0.001 0.002 0.979 0.002 0.001 
 97      152    (0)   11 :  0.003 0.006 0.005 0.003 0.002 0.004 0.005 0.002 0.005 0.004 0.006 0.002 0.948 0.005 0.002 
 98      153    (2)   11 :  0.001 0.002 0.001 0.001 0.002 0.002 0.001 0.001 0.001 0.001 0.001 0.002 0.980 0.001 0.001 
 99      788    (4)   11 :  0.002 0.003 0.003 0.003 0.001 0.002 0.002 0.002 0.003 0.003 0.003 0.029 0.939 0.003 0.001 
100      789    (2)   11 :  0.002 0.002 0.002 0.002 0.002 0.002 0.002 0.003 0.002 0.002 0.002 0.002 0.973 0.002 0.001 
101      790    (0)   11 :  0.002 0.002 0.002 0.001 0.002 0.002 0.002 0.001 0.003 0.002 0.002 0.001 0.975 0.002 0.001 
102      010    (0)   12 :  0.005 0.366 0.408 0.011 0.007 0.010 0.028 0.004 0.008 0.051 0.078 0.011 0.002 0.005 0.007 
103      024    (0)   12 :  0.006 0.144 0.164 0.016 0.006 0.010 0.013 0.009 0.005 0.074 0.488 0.040 0.006 0.010 0.008 
104      051    (0)   12 :  0.005 0.206 0.219 0.012 0.008 0.277 0.032 0.008 0.004 0.038 0.121 0.046 0.013 0.006 0.005 
105      090    (0)   12 :  0.007 0.149 0.235 0.015 0.009 0.063 0.106 0.005 0.003 0.050 0.299 0.021 0.007 0.018 0.013 
106      102    (0)   12 :  0.029 0.136 0.213 0.239 0.035 0.018 0.047 0.003 0.004 0.063 0.118 0.002 0.002 0.080 0.012 
107      111    (0)   12 :  0.006 0.304 0.296 0.022 0.024 0.011 0.086 0.004 0.070 0.064 0.095 0.004 0.002 0.007 0.005 
108      113    (0)   12 :  0.006 0.296 0.249 0.029 0.034 0.085 0.069 0.005 0.003 0.073 0.108 0.005 0.006 0.024 0.007 
109      138    (0)   12 :  0.009 0.074 0.071 0.015 0.003 0.017 0.542 0.075 0.003 0.023 0.101 0.006 0.045 0.013 0.003 
110      150    (0)   12 :  0.015 0.020 0.013 0.699 0.007 0.062 0.044 0.004 0.002 0.020 0.027 0.025 0.015 0.041 0.006 
111      173    (2)   12 :  0.005 0.112 0.085 0.015 0.007 0.196 0.025 0.011 0.007 0.043 0.395 0.019 0.021 0.020 0.038 
112      174    (2)   12 :  0.007 0.296 0.235 0.004 0.027 0.015 0.271 0.003 0.004 0.028 0.054 0.025 0.023 0.004 0.005 
113      175    (0)   12 :  0.003 0.304 0.194 0.015 0.014 0.034 0.025 0.003 0.002 0.038 0.283 0.069 0.006 0.007 0.005 
114      176    (0)   12 :  0.017 0.414 0.305 0.020 0.019 0.007 0.017 0.010 0.007 0.021 0.147 0.004 0.005 0.005 0.003 
115      177    (0)   12 :  0.003 0.194 0.175 0.013 0.008 0.296 0.056 0.002 0.002 0.061 0.163 0.009 0.003 0.011 0.004 
116      180    (0)   12 :  0.026 0.184 0.174 0.006 0.125 0.145 0.134 0.007 0.005 0.036 0.141 0.002 0.004 0.006 0.004 
117      184    (0)   12 :  0.006 0.090 0.076 0.091 0.004 0.016 0.431 0.006 0.005 0.035 0.158 0.009 0.014 0.017 0.042 
118      195    (0)   12 :  0.005 0.279 0.282 0.016 0.003 0.014 0.019 0.014 0.034 0.055 0.250 0.007 0.005 0.010 0.006 
119      198    (0)   12 :  0.011 0.152 0.203 0.019 0.017 0.020 0.303 0.007 0.036 0.032 0.177 0.009 0.003 0.007 0.003 
120      203    (0)   12 :  0.008 0.304 0.362 0.029 0.010 0.010 0.012 0.005 0.003 0.066 0.165 0.002 0.009 0.007 0.009 
121      211    (0)   12 :  0.029 0.318 0.210 0.045 0.004 0.008 0.027 0.077 0.003 0.031 0.225 0.003 0.003 0.013 0.003 
122      220    (0)   12 :  0.004 0.142 0.156 0.250 0.009 0.087 0.048 0.010 0.008 0.100 0.148 0.005 0.002 0.023 0.010 
123      233    (0)   12 :  0.009 0.119 0.145 0.005 0.004 0.019 0.017 0.054 0.002 0.047 0.277 0.002 0.005 0.264 0.031 
124      331    (0)   12 :  0.005 0.263 0.353 0.015 0.006 0.033 0.023 0.004 0.008 0.065 0.181 0.024 0.007 0.006 0.008 
125      349    (0)   12 :  0.009 0.089 0.090 0.009 0.011 0.040 0.013 0.006 0.007 0.022 0.096 0.112 0.009 0.012 0.475 
126      410    (0)   12 :  0.008 0.127 0.120 0.006 0.010 0.015 0.230 0.023 0.003 0.026 0.417 0.005 0.003 0.004 0.005 
127      417    (2)   12 :  0.031 0.201 0.314 0.027 0.008 0.007 0.133 0.005 0.007 0.073 0.170 0.005 0.002 0.009 0.008 
128      421    (0)   13 :  0.008 0.007 0.008 0.006 0.003 0.004 0.008 0.005 0.067 0.017 0.007 0.001 0.002 0.847 0.009 
129      423    (0)   13 :  0.006 0.327 0.254 0.020 0.010 0.010 0.042 0.002 0.003 0.056 0.222 0.008 0.008 0.004 0.027 
130      424    (0)   13 :  0.016 0.090 0.077 0.006 0.032 0.403 0.187 0.002 0.005 0.034 0.119 0.011 0.002 0.006 0.008 
131      433    (0)   13 :  0.004 0.081 0.081 0.296 0.004 0.008 0.164 0.017 0.003 0.058 0.056 0.009 0.002 0.213 0.004 
132      462    (0)   13 :  0.007 0.217 0.171 0.039 0.009 0.095 0.097 0.023 0.007 0.044 0.174 0.005 0.002 0.098 0.012 
133      463    (0)   13 :  0.012 0.248 0.198 0.013 0.006 0.008 0.105 0.004 0.020 0.039 0.256 0.028 0.003 0.007 0.053 
134      467    (0)   13 :  0.029 0.015 0.016 0.192 0.006 0.015 0.009 0.011 0.004 0.163 0.026 0.008 0.008 0.483 0.016 
135      468    (0)   13 :  0.017 0.009 0.008 0.028 0.007 0.008 0.007 0.002 0.025 0.012 0.008 0.002 0.003 0.087 0.777 
136      469    (0)   13 :  0.059 0.132 0.111 0.133 0.010 0.006 0.093 0.002 0.033 0.091 0.122 0.002 0.002 0.199 0.004 
137      472    (0)   13 :  0.007 0.189 0.172 0.021 0.003 0.010 0.028 0.007 0.014 0.036 0.456 0.020 0.004 0.027 0.006 
138      473    (0)   13 :  0.003 0.025 0.031 0.008 0.004 0.007 0.020 0.008 0.006 0.021 0.025 0.010 0.003 0.006 0.824 
139      474    (0)   13 :  0.005 0.003 0.003 0.942 0.003 0.003 0.004 0.006 0.002 0.004 0.003 0.001 0.001 0.005 0.016 
140      475    (0)   13 :  0.004 0.185 0.175 0.050 0.006 0.010 0.039 0.003 0.003 0.064 0.076 0.015 0.003 0.339 0.028 
141      476    (2)   13 :  0.003 0.006 0.005 0.903 0.006 0.004 0.003 0.010 0.002 0.010 0.006 0.011 0.008 0.005 0.018 
142      477    (0)   13 :  0.007 0.205 0.291 0.019 0.005 0.007 0.015 0.017 0.004 0.093 0.290 0.009 0.004 0.021 0.013 
143      478    (0)   13 :  0.013 0.161 0.218 0.014 0.053 0.018 0.009 0.002 0.003 0.291 0.181 0.003 0.002 0.027 0.004 
144      479    (0)   13 :  0.014 0.016 0.012 0.564 0.005 0.010 0.267 0.003 0.014 0.005 0.013 0.001 0.003 0.068 0.004 
145      480    (0)   13 :  0.002 0.006 0.006 0.008 0.004 0.005 0.007 0.002 0.001 0.012 0.005 0.002 0.002 0.926 0.012 
146      481    (0)   13 :  0.006 0.128 0.139 0.111 0.010 0.014 0.158 0.003 0.004 0.032 0.302 0.008 0.042 0.026 0.017 
147      482    (0)   13 :  0.004 0.172 0.177 0.009 0.005 0.018 0.115 0.052 0.086 0.162 0.148 0.005 0.002 0.040 0.004 
148      489    (0)   13 :  0.005 0.289 0.221 0.009 0.006 0.008 0.060 0.014 0.006 0.060 0.222 0.031 0.004 0.040 0.024 
149      490    (0)   13 :  0.016 0.016 0.015 0.006 0.008 0.012 0.865 0.003 0.005 0.018 0.015 0.005 0.003 0.009 0.004 
150      491    (0)   13 :  0.005 0.099 0.123 0.032 0.004 0.090 0.109 0.114 0.009 0.030 0.343 0.002 0.009 0.022 0.009 
151      492    (0)   13 :  0.013 0.012 0.011 0.824 0.042 0.007 0.008 0.009 0.003 0.015 0.014 0.006 0.003 0.006 0.026 
152      493    (0)   13 :  0.008 0.048 0.045 0.708 0.004 0.019 0.006 0.006 0.005 0.016 0.031 0.015 0.008 0.079 0.004 
153      494    (0)   13 :  0.005 0.067 0.084 0.041 0.004 0.017 0.249 0.038 0.012 0.030 0.087 0.027 0.026 0.305 0.010 
154      498    (0)   13 :  0.024 0.152 0.112 0.093 0.013 0.007 0.118 0.004 0.003 0.023 0.384 0.011 0.007 0.008 0.041 
155      499    (0)   13 :  0.011 0.272 0.289 0.022 0.005 0.054 0.030 0.007 0.003 0.096 0.186 0.007 0.004 0.008 0.006 
156      709    (0)   13 :  0.009 0.155 0.133 0.026 0.009 0.011 0.171 0.010 0.018 0.046 0.317 0.015 0.071 0.006 0.004 
157      710    (4)   13 :  0.009 0.143 0.162 0.031 0.005 0.003 0.021 0.003 0.012 0.072 0.081 0.085 0.005 0.363 0.007 
158      711    (2)   13 :  0.017 0.192 0.266 0.014 0.062 0.104 0.045 0.003 0.025 0.051 0.183 0.003 0.006 0.020 0.007 
159      712    (4)   13 :  0.006 0.010 0.008 0.007 0.007 0.008 0.917 0.003 0.004 0.007 0.007 0.002 0.002 0.009 0.003 
160      713    (0)   13 :  0.004 0.290 0.328 0.008 0.005 0.008 0.011 0.008 0.021 0.060 0.217 0.024 0.004 0.003 0.010 
161      714    (2)   13 :  0.011 0.029 0.022 0.404 0.008 0.020 0.007 0.002 0.005 0.022 0.025 0.008 0.016 0.379 0.041 
162      715    (4)   13 :  0.037 0.016 0.016 0.026 0.015 0.024 0.025 0.037 0.015 0.082 0.018 0.004 0.013 0.669 0.003 
163      716    (0)   13 :  0.003 0.017 0.015 0.751 0.005 0.005 0.009 0.003 0.005 0.022 0.014 0.002 0.002 0.143 0.004 
164      717    (2)   13 :  0.008 0.088 0.124 0.018 0.089 0.013 0.016 0.009 0.009 0.503 0.047 0.005 0.003 0.058 0.010 
165      718    (4)   13 :  0.011 0.030 0.016 0.017 0.006 0.017 0.830 0.002 0.009 0.010 0.020 0.003 0.002 0.023 0.004 
166      719    (0)   13 :  0.003 0.004 0.004 0.004 0.002 0.002 0.003 0.002 0.004 0.005 0.003 0.002 0.002 0.958 0.003 
167      720    (2)   13 :  0.008 0.061 0.054 0.036 0.006 0.010 0.008 0.015 0.010 0.120 0.038 0.010 0.002 0.610 0.013 
168      721    (0)   13 :  0.004 0.081 0.104 0.519 0.005 0.018 0.022 0.006 0.014 0.050 0.078 0.007 0.035 0.033 0.025 
169      722    (4)   13 :  0.009 0.009 0.006 0.038 0.005 0.005 0.009 0.002 0.017 0.064 0.006 0.001 0.002 0.775 0.050 
170      723    (0)   13 :  0.003 0.013 0.015 0.034 0.006 0.003 0.006 0.005 0.001 0.015 0.026 0.003 0.007 0.861 0.002 
171      724    (0)   13 :  0.015 0.013 0.017 0.192 0.011 0.007 0.008 0.009 0.066 0.028 0.023 0.020 0.005 0.578 0.009 
172      725    (0)   13 :  0.005 0.279 0.279 0.008 0.009 0.011 0.023 0.010 0.009 0.032 0.270 0.018 0.004 0.026 0.018 
173      726    (0)   13 :  0.004 0.116 0.206 0.326 0.003 0.007 0.016 0.005 0.011 0.091 0.141 0.013 0.007 0.023 0.032 
174      727    (0)   13 :  0.005 0.180 0.169 0.410 0.003 0.013 0.064 0.011 0.009 0.035 0.069 0.002 0.010 0.013 0.007 
175      728    (2)   13 :  0.008 0.195 0.228 0.012 0.014 0.011 0.011 0.006 0.011 0.040 0.351 0.006 0.092 0.012 0.003 
176      729    (6)   13 :  0.005 0.132 0.171 0.013 0.005 0.015 0.057 0.004 0.005 0.108 0.447 0.004 0.005 0.025 0.004 
177      730    (2)   13 :  0.010 0.053 0.042 0.008 0.009 0.012 0.731 0.005 0.012 0.027 0.035 0.003 0.006 0.043 0.002 
178      731    (2)   13 :  0.008 0.028 0.017 0.007 0.004 0.005 0.877 0.002 0.004 0.006 0.024 0.003 0.002 0.005 0.006 
179      732    (0)   13 :  0.011 0.292 0.236 0.199 0.014 0.012 0.013 0.005 0.006 0.039 0.135 0.008 0.002 0.019 0.008 
180      733    (0)   13 :  0.013 0.191 0.212 0.039 0.010 0.016 0.100 0.003 0.045 0.084 0.211 0.016 0.004 0.052 0.003 
181      734    (2)   13 :  0.011 0.146 0.162 0.045 0.007 0.095 0.055 0.092 0.001 0.171 0.149 0.044 0.009 0.008 0.004 
182      735    (4)   13 :  0.005 0.165 0.242 0.011 0.008 0.033 0.142 0.008 0.008 0.049 0.212 0.002 0.003 0.058 0.055 
183      736    (2)   13 :  0.004 0.190 0.211 0.030 0.005 0.022 0.337 0.024 0.003 0.041 0.098 0.011 0.018 0.005 0.004 
184      737    (0)   13 :  0.012 0.053 0.033 0.015 0.029 0.016 0.747 0.003 0.004 0.009 0.045 0.003 0.013 0.003 0.014 
185      738    (2)   13 :  0.008 0.168 0.100 0.014 0.005 0.086 0.480 0.005 0.003 0.015 0.097 0.005 0.003 0.007 0.004 
186      739    (8)   13 :  0.008 0.033 0.028 0.013 0.004 0.011 0.787 0.006 0.004 0.014 0.034 0.002 0.014 0.031 0.010 
187      740    (4)   13 :  0.005 0.054 0.042 0.031 0.005 0.004 0.649 0.002 0.014 0.016 0.087 0.006 0.002 0.079 0.004 
188      741    (2)   13 :  0.076 0.093 0.092 0.022 0.094 0.011 0.197 0.029 0.029 0.115 0.157 0.013 0.002 0.038 0.033 
189      742    (4)   13 :  0.012 0.133 0.135 0.013 0.021 0.088 0.448 0.005 0.002 0.032 0.078 0.007 0.006 0.014 0.005 
190      743    (2)   13 :  0.006 0.011 0.010 0.036 0.004 0.007 0.009 0.010 0.003 0.679 0.009 0.002 0.002 0.209 0.003 
191      744    (0)   13 :  0.005 0.171 0.133 0.061 0.005 0.007 0.032 0.005 0.004 0.049 0.157 0.113 0.026 0.229 0.004 
192      745    (0)   13 :  0.049 0.071 0.106 0.011 0.028 0.008 0.028 0.005 0.017 0.048 0.097 0.003 0.015 0.508 0.008 
193      746    (2)   13 :  0.004 0.124 0.188 0.007 0.041 0.011 0.355 0.005 0.011 0.029 0.201 0.005 0.004 0.009 0.005 
194      747    (2)   13 :  0.039 0.085 0.105 0.016 0.008 0.067 0.497 0.023 0.005 0.025 0.089 0.005 0.006 0.015 0.016 
195      748    (0)   13 :  0.095 0.080 0.076 0.117 0.029 0.075 0.033 0.016 0.017 0.019 0.306 0.013 0.006 0.006 0.115 
196      749    (2)   13 :  0.016 0.145 0.133 0.004 0.012 0.126 0.027 0.020 0.052 0.058 0.230 0.149 0.010 0.014 0.003 
197      750    (4)   13 :  0.010 0.177 0.180 0.009 0.025 0.014 0.126 0.005 0.006 0.072 0.342 0.013 0.005 0.010 0.005 
198      751    (0)   13 :  0.011 0.163 0.177 0.008 0.007 0.069 0.051 0.007 0.009 0.048 0.406 0.002 0.015 0.016 0.012 
199      752    (2)   13 :  0.011 0.006 0.006 0.036 0.005 0.006 0.018 0.003 0.003 0.008 0.008 0.002 0.001 0.097 0.790 
200      753    (4)   13 :  0.029 0.232 0.272 0.023 0.006 0.042 0.014 0.033 0.015 0.055 0.134 0.004 0.012 0.051 0.077 
201      754    (2)   13 :  0.003 0.005 0.005 0.006 0.003 0.004 0.943 0.003 0.002 0.007 0.005 0.005 0.003 0.003 0.002 
202      155    (0)   14 :  0.024 0.230 0.167 0.026 0.007 0.008 0.015 0.031 0.006 0.040 0.417 0.010 0.004 0.009 0.006 
203      156    (2)   14 :  0.014 0.377 0.295 0.005 0.007 0.008 0.020 0.005 0.006 0.038 0.097 0.011 0.103 0.011 0.004 
204      157    (2)   14 :  0.004 0.018 0.022 0.006 0.005 0.008 0.818 0.010 0.004 0.021 0.022 0.032 0.002 0.008 0.020 
205      158    (0)   14 :  0.007 0.308 0.225 0.037 0.010 0.036 0.018 0.007 0.006 0.020 0.289 0.005 0.004 0.025 0.003 
206      159    (0)   14 :  0.014 0.139 0.182 0.035 0.008 0.011 0.101 0.003 0.105 0.030 0.325 0.016 0.009 0.013 0.010 
207      160    (0)   14 :  0.016 0.018 0.021 0.729 0.003 0.032 0.100 0.009 0.004 0.020 0.022 0.003 0.003 0.015 0.004 
208      161    (0)   14 :  0.006 0.066 0.047 0.054 0.003 0.011 0.424 0.008 0.008 0.038 0.074 0.227 0.003 0.024 0.008 
209      162    (0)   14 :  0.008 0.166 0.143 0.180 0.007 0.018 0.006 0.005 0.002 0.352 0.058 0.002 0.005 0.030 0.017 
210      163    (2)   14 :  0.003 0.351 0.291 0.004 0.008 0.057 0.139 0.003 0.002 0.038 0.071 0.003 0.009 0.007 0.014 
211      164    (0)   14 :  0.055 0.183 0.256 0.009 0.011 0.015 0.054 0.018 0.005 0.042 0.273 0.017 0.002 0.030 0.030 
212      165    (2)   14 :  0.006 0.407 0.377 0.008 0.006 0.003 0.073 0.004 0.004 0.028 0.053 0.018 0.004 0.005 0.004 
213      427    (0)   14 :  0.005 0.011 0.013 0.020 0.003 0.013 0.007 0.077 0.024 0.015 0.014 0.004 0.008 0.781 0.004 
214      428    (0)   14 :  0.008 0.018 0.011 0.052 0.005 0.032 0.004 0.004 0.017 0.014 0.010 0.002 0.003 0.799 0.021 
215      429    (0)   14 :  0.004 0.007 0.007 0.008 0.007 0.005 0.005 0.003 0.006 0.487 0.013 0.001 0.003 0.435 0.007 
216      430    (0)   14 :  0.024 0.122 0.184 0.202 0.053 0.081 0.034 0.004 0.004 0.062 0.180 0.006 0.002 0.016 0.024 
217      431    (0)   14 :  0.046 0.029 0.021 0.368 0.023 0.012 0.013 0.005 0.007 0.204 0.028 0.003 0.002 0.233 0.006 
218      435    (0)   14 :  0.003 0.005 0.005 0.050 0.004 0.004 0.006 0.002 0.003 0.322 0.006 0.002 0.002 0.579 0.007 
219      436    (0)   14 :  0.007 0.005 0.005 0.753 0.003 0.003 0.004 0.003 0.007 0.021 0.006 0.002 0.002 0.177 0.003 
220      437    (0)   14 :  0.059 0.029 0.016 0.606 0.007 0.005 0.008 0.004 0.029 0.021 0.017 0.003 0.002 0.186 0.008 
221      438    (0)   14 :  0.039 0.041 0.031 0.182 0.019 0.018 0.015 0.002 0.014 0.040 0.029 0.004 0.008 0.514 0.045 
222      439    (0)   14 :  0.011 0.089 0.105 0.122 0.034 0.015 0.177 0.004 0.004 0.053 0.148 0.002 0.006 0.190 0.040 
223      441    (0)   14 :  0.003 0.003 0.003 0.004 0.004 0.003 0.002 0.003 0.001 0.003 0.003 0.002 0.001 0.005 0.960 
224      442    (0)   14 :  0.010 0.014 0.013 0.011 0.003 0.011 0.004 0.183 0.003 0.103 0.021 0.002 0.006 0.599 0.017 
225      443    (4)   14 :  0.009 0.006 0.006 0.009 0.004 0.011 0.012 0.002 0.003 0.005 0.006 0.002 0.002 0.911 0.012 
226      444    (4)   14 :  0.007 0.007 0.006 0.007 0.003 0.007 0.004 0.009 0.008 0.012 0.008 0.005 0.004 0.911 0.002 
227      445    (2)   14 :  0.051 0.099 0.132 0.033 0.005 0.004 0.007 0.004 0.010 0.093 0.073 0.002 0.007 0.468 0.012 
228      446    (0)   14 :  0.003 0.004 0.004 0.006 0.003 0.005 0.005 0.004 0.002 0.749 0.005 0.002 0.003 0.201 0.002 
229      447    (0)   14 :  0.023 0.014 0.013 0.044 0.003 0.008 0.016 0.006 0.008 0.384 0.015 0.001 0.004 0.458 0.003 
230      449    (0)   14 :  0.005 0.004 0.004 0.010 0.004 0.003 0.003 0.005 0.003 0.006 0.004 0.002 0.002 0.942 0.003 
231      460    (0)   14 :  0.018 0.032 0.031 0.021 0.008 0.007 0.009 0.006 0.007 0.083 0.025 0.005 0.002 0.619 0.127 
232      461    (0)   14 :  0.026 0.072 0.060 0.318 0.015 0.054 0.131 0.007 0.008 0.035 0.133 0.005 0.002 0.127 0.006 
233      484    (0)   14 :  0.143 0.068 0.059 0.007 0.174 0.187 0.086 0.012 0.004 0.055 0.115 0.004 0.008 0.064 0.015 
234      485    (0)   14 :  0.004 0.013 0.012 0.092 0.004 0.003 0.016 0.004 0.002 0.013 0.009 0.003 0.002 0.815 0.009 
235      486    (0)   14 :  0.002 0.002 0.002 0.002 0.002 0.002 0.002 0.002 0.002 0.002 0.002 0.001 0.001 0.002 0.976 
236      487    (0)   14 :  0.007 0.071 0.098 0.242 0.007 0.015 0.024 0.010 0.006 0.116 0.050 0.002 0.003 0.336 0.012 
237      178    (0)   15 :  0.004 0.077 0.134 0.390 0.003 0.010 0.027 0.006 0.003 0.098 0.056 0.013 0.005 0.166 0.010 
238      422    (0)   15 :  0.015 0.010 0.010 0.044 0.006 0.006 0.036 0.003 0.003 0.226 0.009 0.001 0.003 0.625 0.003 
239      425    (0)   15 :  0.004 0.011 0.013 0.115 0.002 0.006 0.012 0.003 0.005 0.641 0.019 0.002 0.001 0.159 0.004 
240      426    (0)   15 :  0.004 0.072 0.072 0.071 0.005 0.263 0.039 0.022 0.003 0.105 0.184 0.026 0.110 0.023 0.003 
241      432    (0)   15 :  0.011 0.115 0.126 0.024 0.010 0.047 0.020 0.009 0.009 0.037 0.268 0.005 0.008 0.302 0.010 
242      434    (0)   15 :  0.003 0.003 0.003 0.004 0.005 0.004 0.004 0.003 0.004 0.769 0.003 0.001 0.002 0.190 0.003 
243      440    (0)   15 :  0.005 0.103 0.118 0.136 0.008 0.038 0.008 0.013 0.002 0.374 0.056 0.003 0.002 0.107 0.027 
244      448    (2)   15 :  0.010 0.006 0.006 0.008 0.021 0.009 0.010 0.013 0.037 0.019 0.009 0.002 0.002 0.842 0.007 
245      456    (0)   15 :  0.083 0.164 0.127 0.205 0.086 0.021 0.010 0.009 0.004 0.063 0.183 0.003 0.003 0.036 0.005 
246      457    (0)   15 :  0.019 0.069 0.083 0.196 0.028 0.021 0.016 0.005 0.009 0.051 0.095 0.003 0.006 0.364 0.035 
247      458    (0)   15 :  0.012 0.055 0.053 0.483 0.005 0.050 0.083 0.017 0.005 0.029 0.166 0.004 0.007 0.022 0.010 
248      459    (0)   15 :  0.007 0.010 0.009 0.010 0.004 0.011 0.013 0.005 0.002 0.010 0.011 0.004 0.003 0.894 0.008 
249      464    (0)   15 :  0.004 0.018 0.019 0.195 0.004 0.005 0.007 0.010 0.003 0.148 0.014 0.014 0.005 0.542 0.013 
250      465    (0)   15 :  0.004 0.008 0.009 0.525 0.006 0.004 0.010 0.002 0.002 0.381 0.008 0.003 0.001 0.030 0.006 
251      466    (0)   15 :  0.024 0.052 0.031 0.083 0.006 0.009 0.024 0.005 0.016 0.062 0.033 0.002 0.002 0.637 0.015 
252      470    (0)   15 :  0.004 0.007 0.007 0.385 0.007 0.011 0.008 0.006 0.003 0.014 0.008 0.003 0.002 0.439 0.097 
253      471    (0)   15 :  0.007 0.032 0.030 0.021 0.027 0.046 0.011 0.003 0.019 0.401 0.034 0.004 0.032 0.326 0.006 
254      483    (0)   15 :  0.004 0.009 0.008 0.005 0.004 0.009 0.026 0.007 0.002 0.618 0.008 0.007 0.003 0.287 0.005 
255      488    (0)   15 :  0.008 0.006 0.006 0.925 0.003 0.005 0.011 0.003 0.002 0.005 0.008 0.002 0.002 0.010 0.005 
256      495    (0)   15 :  0.014 0.007 0.007 0.044 0.018 0.007 0.016 0.002 0.002 0.696 0.009 0.003 0.001 0.171 0.003 
257      496    (0)   15 :  0.002 0.009 0.008 0.873 0.004 0.005 0.012 0.002 0.004 0.051 0.008 0.003 0.002 0.013 0.004 
258      497    (0)   15 :  0.005 0.007 0.010 0.007 0.031 0.002 0.004 0.025 0.003 0.723 0.009 0.003 0.002 0.166 0.002 
259      500    (0)   15 :  0.491 0.079 0.051 0.044 0.022 0.008 0.051 0.003 0.015 0.016 0.060 0.064 0.004 0.054 0.039 
260      879    (0)   15 :  0.003 0.006 0.005 0.005 0.002 0.009 0.012 0.007 0.001 0.628 0.006 0.004 0.002 0.304 0.005 
261      036    (0)   16 :  0.006 0.155 0.128 0.013 0.004 0.005 0.025 0.002 0.011 0.025 0.598 0.003 0.004 0.017 0.005 
262      063    (2)   16 :  0.013 0.334 0.246 0.023 0.037 0.044 0.074 0.015 0.003 0.038 0.114 0.003 0.004 0.041 0.010 
263      094    (4)   16 :  0.082 0.071 0.080 0.141 0.013 0.018 0.341 0.009 0.011 0.021 0.173 0.012 0.005 0.018 0.007 
264      103    (4)   16 :  0.004 0.411 0.376 0.007 0.022 0.003 0.071 0.005 0.004 0.026 0.045 0.010 0.002 0.006 0.007 
265      112    (0)   16 :  0.007 0.146 0.138 0.006 0.007 0.045 0.436 0.006 0.003 0.040 0.138 0.007 0.004 0.006 0.012 
266      114    (2)   16 :  0.005 0.262 0.180 0.053 0.004 0.004 0.121 0.004 0.008 0.050 0.279 0.003 0.002 0.011 0.015 
267      120    (0)   16 :  0.013 0.024 0.025 0.036 0.006 0.015 0.815 0.004 0.012 0.007 0.025 0.003 0.002 0.007 0.006 
268      127    (2)   16 :  0.008 0.129 0.113 0.106 0.005 0.075 0.044 0.006 0.005 0.027 0.388 0.006 0.003 0.004 0.082 
269      147    (0)   16 :  0.002 0.167 0.120 0.010 0.005 0.255 0.029 0.007 0.005 0.030 0.289 0.008 0.049 0.016 0.008 
270      166    (0)   16 :  0.006 0.155 0.158 0.151 0.012 0.112 0.055 0.018 0.004 0.025 0.169 0.076 0.030 0.024 0.005 
271      167    (0)   16 :  0.007 0.139 0.145 0.102 0.057 0.007 0.022 0.005 0.014 0.362 0.080 0.006 0.005 0.023 0.025 
272      168    (0)   16 :  0.004 0.229 0.350 0.009 0.004 0.004 0.019 0.004 0.016 0.053 0.276 0.013 0.003 0.013 0.003 
273      169    (2)   16 :  0.009 0.153 0.141 0.163 0.006 0.052 0.045 0.004 0.006 0.270 0.092 0.004 0.006 0.044 0.004 
274      170    (0)   16 :  0.023 0.246 0.261 0.006 0.006 0.019 0.085 0.037 0.004 0.042 0.185 0.038 0.005 0.018 0.023 
275      171    (2)   16 :  0.066 0.434 0.350 0.005 0.009 0.022 0.022 0.004 0.003 0.019 0.040 0.005 0.010 0.006 0.003 
276      172    (0)   16 :  0.015 0.019 0.022 0.031 0.011 0.016 0.802 0.004 0.012 0.014 0.027 0.004 0.013 0.008 0.002 
277      185    (0)   16 :  0.004 0.328 0.294 0.017 0.009 0.030 0.013 0.005 0.002 0.064 0.133 0.005 0.005 0.074 0.016 
278      199    (2)   16 :  0.006 0.229 0.332 0.025 0.003 0.007 0.007 0.203 0.006 0.048 0.104 0.010 0.005 0.005 0.008 
279      339    (0)   16 :  0.006 0.100 0.094 0.306 0.015 0.010 0.007 0.008 0.002 0.383 0.037 0.002 0.006 0.017 0.006 
280      355    (0)   16 :  0.003 0.306 0.360 0.004 0.005 0.009 0.007 0.076 0.002 0.052 0.123 0.032 0.012 0.004 0.004 
281      356    (0)   16 :  0.004 0.021 0.020 0.017 0.003 0.006 0.668 0.005 0.006 0.010 0.056 0.157 0.003 0.004 0.018 
282      357    (0)   16 :  0.008 0.190 0.163 0.029 0.004 0.017 0.086 0.017 0.010 0.032 0.392 0.006 0.012 0.007 0.027 
283      358    (0)   16 :  0.009 0.134 0.141 0.009 0.047 0.011 0.007 0.003 0.002 0.038 0.559 0.004 0.006 0.012 0.017 
284      359    (0)   16 :  0.004 0.210 0.164 0.008 0.021 0.019 0.299 0.010 0.001 0.043 0.206 0.005 0.002 0.005 0.003 
285      360    (0)   16 :  0.014 0.292 0.222 0.022 0.003 0.021 0.024 0.004 0.005 0.033 0.299 0.019 0.009 0.025 0.006 
286      361    (0)   16 :  0.005 0.019 0.027 0.042 0.007 0.013 0.781 0.003 0.004 0.049 0.023 0.003 0.002 0.020 0.004 
287      362    (0)   16 :  0.234 0.111 0.119 0.020 0.011 0.086 0.057 0.005 0.002 0.108 0.184 0.013 0.005 0.042 0.003 
288      363    (0)   16 :  0.006 0.086 0.089 0.021 0.010 0.474 0.026 0.048 0.005 0.029 0.161 0.008 0.013 0.013 0.010 
289      364    (0)   16 :  0.350 0.095 0.081 0.078 0.008 0.014 0.033 0.039 0.003 0.017 0.159 0.095 0.003 0.008 0.015 
290      365    (0)   16 :  0.025 0.113 0.119 0.123 0.006 0.006 0.021 0.003 0.002 0.040 0.419 0.064 0.011 0.039 0.009 
291      366    (0)   16 :  0.004 0.137 0.098 0.010 0.012 0.015 0.125 0.003 0.001 0.022 0.534 0.005 0.027 0.004 0.003 
292      367    (0)   16 :  0.011 0.290 0.395 0.005 0.016 0.005 0.015 0.002 0.005 0.064 0.140 0.002 0.009 0.008 0.033 
293      368    (0)   16 :  0.032 0.360 0.267 0.005 0.019 0.006 0.008 0.004 0.007 0.026 0.135 0.065 0.012 0.005 0.049 
294      369    (0)   16 :  0.003 0.485 0.358 0.005 0.004 0.008 0.011 0.004 0.002 0.037 0.056 0.015 0.004 0.004 0.003 
295      370    (0)   16 :  0.006 0.067 0.064 0.020 0.044 0.016 0.486 0.007 0.012 0.024 0.148 0.077 0.012 0.015 0.005 
296      371    (0)   16 :  0.017 0.270 0.333 0.007 0.010 0.004 0.012 0.006 0.005 0.062 0.253 0.002 0.003 0.011 0.003 
297      372    (0)   16 :  0.012 0.017 0.017 0.088 0.003 0.060 0.013 0.335 0.003 0.013 0.015 0.006 0.004 0.412 0.002 
298      373    (0)   16 :  0.007 0.187 0.210 0.011 0.009 0.006 0.113 0.033 0.004 0.070 0.205 0.104 0.003 0.036 0.002 
299      380    (0)   16 :  0.020 0.157 0.162 0.044 0.009 0.044 0.080 0.010 0.040 0.039 0.367 0.011 0.006 0.008 0.002 
300      388    (0)   16 :  0.011 0.061 0.056 0.008 0.012 0.027 0.467 0.021 0.006 0.020 0.251 0.041 0.007 0.008 0.003 
301      418    (0)   16 :  0.016 0.210 0.267 0.018 0.004 0.018 0.025 0.043 0.029 0.096 0.243 0.006 0.006 0.012 0.009 
302      419    (0)   16 :  0.005 0.251 0.321 0.019 0.005 0.007 0.020 0.003 0.010 0.112 0.200 0.006 0.006 0.025 0.010 
303      420    (0)   16 :  0.047 0.135 0.122 0.036 0.012 0.015 0.083 0.063 0.003 0.056 0.299 0.006 0.045 0.068 0.010 
304      409    (0)   17 :  0.007 0.329 0.341 0.026 0.005 0.011 0.037 0.003 0.105 0.057 0.048 0.005 0.002 0.017 0.007 
305      414    (0)   17 :  0.015 0.382 0.413 0.011 0.007 0.012 0.007 0.007 0.015 0.055 0.059 0.002 0.002 0.006 0.007 
306      415    (2)   17 :  0.006 0.314 0.338 0.011 0.011 0.011 0.026 0.015 0.004 0.054 0.158 0.014 0.003 0.005 0.031 
307      416    (0)   17 :  0.029 0.178 0.288 0.052 0.033 0.012 0.012 0.011 0.082 0.098 0.158 0.003 0.003 0.036 0.004 
308      571    (0)    2 :  0.853 0.006 0.006 0.008 0.017 0.025 0.005 0.004 0.004 0.011 0.006 0.002 0.004 0.020 0.028 
309      572    (0)    2 :  0.809 0.017 0.017 0.003 0.047 0.039 0.008 0.004 0.008 0.007 0.014 0.004 0.006 0.003 0.012 
310      573    (2)    2 :  0.935 0.006 0.006 0.004 0.006 0.003 0.004 0.003 0.004 0.005 0.009 0.001 0.001 0.005 0.009 
311      574    (0)    2 :  0.903 0.011 0.010 0.007 0.009 0.005 0.006 0.002 0.013 0.008 0.009 0.008 0.002 0.005 0.004 
312      575    (2)    2 :  0.818 0.014 0.016 0.005 0.014 0.063 0.006 0.007 0.006 0.008 0.014 0.006 0.008 0.009 0.006 
313      576    (0)    2 :  0.964 0.003 0.003 0.003 0.005 0.003 0.002 0.002 0.003 0.003 0.002 0.001 0.001 0.003 0.003 
314      577    (0)    2 :  0.900 0.007 0.007 0.007 0.016 0.006 0.004 0.007 0.009 0.012 0.006 0.002 0.002 0.005 0.011 
315      578    (0)    2 :  0.904 0.003 0.003 0.005 0.004 0.004 0.002 0.008 0.046 0.006 0.003 0.001 0.002 0.004 0.004 
316      579    (0)    2 :  0.941 0.003 0.003 0.011 0.003 0.004 0.002 0.004 0.008 0.007 0.003 0.001 0.002 0.006 0.002 
317      580    (0)    2 :  0.963 0.003 0.003 0.003 0.003 0.003 0.002 0.002 0.002 0.004 0.003 0.001 0.002 0.003 0.003 
318      581    (0)    2 :  0.943 0.003 0.003 0.005 0.006 0.003 0.002 0.002 0.015 0.006 0.003 0.001 0.002 0.005 0.002 
319      582    (4)    2 :  0.767 0.021 0.020 0.014 0.012 0.007 0.013 0.018 0.003 0.042 0.017 0.003 0.050 0.012 0.002 
320      583    (0)    2 :  0.502 0.070 0.060 0.019 0.008 0.034 0.027 0.016 0.004 0.058 0.162 0.002 0.009 0.013 0.017 
321      584    (0)    2 :  0.857 0.008 0.008 0.008 0.006 0.007 0.007 0.007 0.014 0.027 0.008 0.002 0.003 0.035 0.005 
322      585    (0)    2 :  0.931 0.004 0.004 0.007 0.011 0.006 0.003 0.002 0.002 0.009 0.004 0.001 0.002 0.006 0.009 
323      586    (2)    2 :  0.932 0.004 0.004 0.006 0.007 0.006 0.003 0.010 0.004 0.007 0.004 0.001 0.002 0.006 0.004 
324      587    (0)    2 :  0.959 0.003 0.003 0.004 0.003 0.003 0.003 0.002 0.008 0.003 0.003 0.001 0.002 0.002 0.002 
325      588    (0)    2 :  0.819 0.025 0.023 0.006 0.008 0.012 0.008 0.011 0.005 0.007 0.020 0.008 0.010 0.012 0.023 
326      589    (0)    2 :  0.713 0.029 0.031 0.008 0.012 0.052 0.010 0.019 0.019 0.028 0.034 0.006 0.004 0.029 0.005 
327      590    (0)    2 :  0.800 0.006 0.006 0.015 0.037 0.003 0.005 0.011 0.034 0.006 0.008 0.004 0.010 0.006 0.051 
328      001    (0)    3 :  0.003 0.004 0.003 0.002 0.003 0.002 0.003 0.001 0.003 0.002 0.004 0.962 0.003 0.002 0.002 
329      005    (0)    3 :  0.001 0.002 0.002 0.001 0.002 0.002 0.002 0.003 0.001 0.002 0.002 0.970 0.005 0.002 0.002 
330      106    (0)    3 :  0.005 0.003 0.003 0.002 0.003 0.003 0.003 0.003 0.003 0.002 0.003 0.962 0.002 0.002 0.002 
331      192    (0)    3 :  0.006 0.020 0.020 0.004 0.004 0.009 0.008 0.011 0.006 0.006 0.018 0.873 0.005 0.006 0.003 
332      229    (0)    3 :  0.003 0.005 0.006 0.004 0.007 0.008 0.006 0.004 0.003 0.006 0.005 0.891 0.043 0.004 0.005 
333      319    (0)    3 :  0.002 0.004 0.004 0.003 0.003 0.002 0.007 0.002 0.002 0.003 0.004 0.955 0.005 0.002 0.002 
334      327    (0)    3 :  0.003 0.003 0.003 0.002 0.002 0.003 0.005 0.003 0.002 0.002 0.003 0.963 0.002 0.002 0.002 
335      340    (0)    3 :  0.003 0.006 0.006 0.003 0.004 0.003 0.005 0.003 0.001 0.003 0.004 0.950 0.004 0.002 0.004 
336      345    (0)    3 :  0.004 0.005 0.005 0.006 0.004 0.005 0.010 0.003 0.001 0.003 0.005 0.933 0.010 0.003 0.002 
337      375    (0)    3 :  0.002 0.004 0.003 0.003 0.002 0.004 0.003 0.004 0.001 0.002 0.003 0.960 0.003 0.002 0.002 
338      501    (4)    3 :  0.002 0.003 0.003 0.003 0.002 0.004 0.004 0.002 0.001 0.002 0.003 0.957 0.003 0.003 0.008 
339      502    (0)    3 :  0.004 0.004 0.005 0.010 0.004 0.008 0.003 0.003 0.003 0.003 0.005 0.925 0.009 0.002 0.012 
340      503    (2)    3 :  0.004 0.002 0.002 0.001 0.003 0.002 0.002 0.002 0.002 0.002 0.003 0.964 0.002 0.001 0.007 
341      504    (0)    3 :  0.002 0.005 0.004 0.007 0.002 0.003 0.002 0.004 0.004 0.005 0.005 0.931 0.016 0.008 0.002 
342      505    (0)    3 :  0.006 0.008 0.008 0.003 0.012 0.007 0.010 0.004 0.007 0.003 0.008 0.874 0.048 0.002 0.002 
343      506    (2)    3 :  0.002 0.006 0.006 0.004 0.002 0.006 0.006 0.002 0.002 0.004 0.006 0.940 0.006 0.004 0.005 
344      507    (4)    3 :  0.002 0.003 0.003 0.002 0.003 0.005 0.004 0.002 0.001 0.002 0.003 0.959 0.004 0.002 0.004 
345      508    (0)    3 :  0.004 0.007 0.006 0.005 0.006 0.005 0.008 0.002 0.002 0.004 0.006 0.913 0.003 0.006 0.022 
346      509    (2)    3 :  0.002 0.003 0.003 0.002 0.003 0.003 0.003 0.004 0.001 0.003 0.003 0.961 0.003 0.002 0.003 
347      510    (2)    3 :  0.002 0.005 0.005 0.005 0.002 0.003 0.003 0.020 0.003 0.004 0.006 0.928 0.003 0.008 0.004 
348      511    (4)    3 :  0.003 0.003 0.003 0.003 0.002 0.002 0.002 0.002 0.003 0.003 0.003 0.962 0.002 0.003 0.004 
349      512    (4)    3 :  0.002 0.003 0.003 0.003 0.002 0.004 0.004 0.003 0.002 0.003 0.003 0.958 0.006 0.003 0.002 
350      513    (0)    3 :  0.002 0.003 0.003 0.002 0.002 0.003 0.003 0.019 0.002 0.003 0.004 0.942 0.007 0.003 0.002 
351      514    (0)    3 :  0.001 0.004 0.004 0.003 0.002 0.002 0.002 0.002 0.001 0.008 0.003 0.961 0.002 0.003 0.002 
352      515    (2)    3 :  0.002 0.003 0.002 0.002 0.003 0.002 0.002 0.003 0.001 0.002 0.003 0.966 0.004 0.002 0.002 
353      516    (2)    3 :  0.003 0.005 0.005 0.008 0.004 0.005 0.003 0.007 0.003 0.005 0.005 0.930 0.004 0.004 0.008 
354      517    (0)    3 :  0.001 0.002 0.002 0.002 0.001 0.002 0.002 0.002 0.001 0.002 0.003 0.966 0.005 0.009 0.002 
355      518    (0)    3 :  0.003 0.006 0.007 0.005 0.006 0.004 0.005 0.003 0.002 0.004 0.006 0.937 0.003 0.005 0.004 
356      519    (0)    3 :  0.003 0.003 0.003 0.002 0.003 0.002 0.003 0.003 0.003 0.002 0.003 0.959 0.002 0.003 0.004 
357      520    (2)    3 :  0.003 0.003 0.003 0.002 0.002 0.003 0.003 0.006 0.004 0.004 0.003 0.954 0.002 0.005 0.002 
358      521    (2)    3 :  0.003 0.002 0.002 0.002 0.003 0.002 0.003 0.003 0.007 0.002 0.003 0.957 0.006 0.002 0.002 
359      522    (0)    3 :  0.006 0.006 0.006 0.020 0.004 0.004 0.004 0.005 0.013 0.005 0.006 0.904 0.001 0.007 0.010 
360      523    (2)    3 :  0.005 0.007 0.006 0.004 0.008 0.005 0.006 0.002 0.004 0.005 0.007 0.927 0.004 0.005 0.005 
361      524    (0)    3 :  0.009 0.008 0.008 0.014 0.024 0.006 0.010 0.006 0.012 0.005 0.012 0.807 0.003 0.007 0.068 
362      525    (0)    3 :  0.002 0.003 0.003 0.003 0.001 0.002 0.002 0.003 0.001 0.002 0.003 0.969 0.001 0.002 0.002 
363      526    (2)    3 :  0.002 0.002 0.002 0.002 0.002 0.002 0.003 0.002 0.002 0.002 0.003 0.960 0.011 0.003 0.002 
364      527    (2)    4 :  0.880 0.009 0.008 0.009 0.026 0.005 0.004 0.009 0.002 0.008 0.008 0.007 0.005 0.007 0.011 
365      528    (4)    4 :  0.407 0.023 0.025 0.015 0.088 0.355 0.019 0.008 0.017 0.007 0.023 0.002 0.003 0.004 0.004 
366      529    (4)    4 :  0.736 0.014 0.015 0.019 0.013 0.102 0.009 0.004 0.016 0.018 0.020 0.003 0.009 0.017 0.005 
367      530    (0)    4 :  0.914 0.008 0.008 0.003 0.008 0.010 0.010 0.005 0.004 0.003 0.007 0.007 0.004 0.003 0.006 
368      531    (2)    4 :  0.896 0.006 0.007 0.005 0.010 0.022 0.009 0.004 0.010 0.004 0.008 0.004 0.006 0.006 0.003 
369      532    (4)    4 :  0.761 0.013 0.010 0.004 0.017 0.098 0.023 0.002 0.003 0.005 0.021 0.003 0.002 0.004 0.032 
370      533    (0)    4 :  0.612 0.069 0.072 0.030 0.044 0.016 0.035 0.002 0.020 0.032 0.043 0.008 0.003 0.011 0.003 
371      534    (2)    4 :  0.849 0.008 0.009 0.005 0.074 0.007 0.005 0.006 0.012 0.005 0.008 0.003 0.002 0.005 0.003 
372      535    (2)    4 :  0.876 0.011 0.011 0.009 0.009 0.025 0.010 0.002 0.004 0.007 0.011 0.002 0.005 0.007 0.011 
373      536    (2)    4 :  0.902 0.006 0.005 0.003 0.009 0.003 0.007 0.002 0.028 0.005 0.006 0.002 0.012 0.005 0.004 
374      537    (2)    4 :  0.915 0.006 0.006 0.007 0.007 0.007 0.004 0.014 0.008 0.006 0.006 0.002 0.002 0.008 0.002 
375      538    (2)    4 :  0.696 0.047 0.043 0.028 0.045 0.005 0.047 0.004 0.003 0.028 0.031 0.006 0.002 0.011 0.004 
376      539    (2)    4 :  0.806 0.005 0.005 0.007 0.144 0.006 0.003 0.002 0.004 0.003 0.005 0.001 0.002 0.003 0.004 
377      540    (2)    4 :  0.864 0.013 0.014 0.011 0.011 0.006 0.020 0.002 0.011 0.011 0.011 0.001 0.001 0.019 0.005 
378      541    (2)    4 :  0.772 0.009 0.009 0.009 0.053 0.045 0.019 0.003 0.008 0.023 0.010 0.003 0.002 0.031 0.005 
379      542    (2)    4 :  0.693 0.017 0.018 0.075 0.075 0.015 0.018 0.009 0.010 0.017 0.021 0.002 0.004 0.020 0.005 
380      543    (0)    4 :  0.612 0.044 0.044 0.017 0.033 0.011 0.018 0.015 0.021 0.022 0.120 0.003 0.002 0.035 0.004 
381      544    (2)    4 :  0.937 0.004 0.004 0.003 0.021 0.003 0.007 0.002 0.004 0.003 0.004 0.003 0.002 0.003 0.002 
382      545    (2)    4 :  0.032 0.010 0.010 0.014 0.881 0.005 0.006 0.002 0.005 0.009 0.008 0.002 0.001 0.004 0.010 
383      546    (4)    4 :  0.017 0.025 0.026 0.019 0.841 0.004 0.006 0.002 0.005 0.010 0.024 0.002 0.002 0.003 0.013 
384      547    (6)    4 :  0.675 0.041 0.043 0.010 0.011 0.009 0.027 0.031 0.009 0.026 0.047 0.004 0.016 0.012 0.038 
385      019    (0)    5 :  0.077 0.007 0.007 0.004 0.785 0.018 0.006 0.004 0.008 0.030 0.007 0.002 0.004 0.039 0.003 
386      064    (0)    5 :  0.029 0.002 0.002 0.002 0.943 0.002 0.002 0.002 0.002 0.002 0.002 0.001 0.001 0.003 0.003 
387      065    (0)    5 :  0.944 0.002 0.002 0.002 0.025 0.003 0.003 0.001 0.005 0.003 0.002 0.001 0.001 0.003 0.002 
388      066    (0)    5 :  0.285 0.010 0.010 0.009 0.601 0.004 0.010 0.003 0.006 0.016 0.011 0.002 0.002 0.020 0.011 
389      067    (0)    5 :  0.010 0.007 0.007 0.005 0.870 0.017 0.005 0.009 0.008 0.023 0.009 0.004 0.006 0.014 0.004 
390      068    (0)    5 :  0.829 0.008 0.009 0.011 0.029 0.017 0.008 0.030 0.007 0.008 0.009 0.002 0.002 0.008 0.022 
391      069    (0)    5 :  0.134 0.006 0.005 0.008 0.784 0.007 0.006 0.004 0.012 0.004 0.005 0.001 0.001 0.005 0.017 
392      107    (0)    5 :  0.424 0.004 0.004 0.005 0.526 0.004 0.003 0.003 0.003 0.005 0.004 0.001 0.001 0.007 0.006 
393      110    (0)    5 :  0.003 0.002 0.002 0.002 0.963 0.007 0.002 0.001 0.002 0.003 0.002 0.002 0.003 0.002 0.003 
394      121    (0)    5 :  0.924 0.005 0.004 0.005 0.022 0.012 0.003 0.003 0.002 0.007 0.004 0.001 0.001 0.004 0.003 
395      137    (0)    5 :  0.008 0.008 0.008 0.007 0.908 0.004 0.005 0.002 0.005 0.014 0.008 0.002 0.009 0.007 0.005 
396      146    (0)    5 :  0.281 0.010 0.010 0.005 0.572 0.006 0.060 0.004 0.020 0.009 0.011 0.004 0.003 0.005 0.002 
397      149    (0)    5 :  0.005 0.004 0.004 0.004 0.945 0.005 0.004 0.002 0.002 0.009 0.004 0.001 0.003 0.005 0.002 
398      154    (0)    5 :  0.057 0.006 0.006 0.005 0.719 0.005 0.004 0.017 0.155 0.007 0.006 0.003 0.002 0.006 0.003 
399      179    (0)    5 :  0.400 0.004 0.004 0.006 0.546 0.004 0.004 0.004 0.004 0.004 0.004 0.002 0.002 0.005 0.007 
400      181    (0)    5 :  0.190 0.004 0.004 0.003 0.771 0.003 0.003 0.002 0.004 0.003 0.004 0.001 0.002 0.003 0.002 
401      182    (0)    5 :  0.747 0.012 0.012 0.005 0.111 0.028 0.014 0.014 0.006 0.008 0.013 0.003 0.002 0.005 0.018 
402      186    (0)    5 :  0.141 0.017 0.015 0.014 0.626 0.096 0.029 0.004 0.004 0.009 0.018 0.005 0.005 0.008 0.008 
403      193    (0)    5 :  0.503 0.008 0.008 0.004 0.416 0.006 0.008 0.004 0.008 0.007 0.008 0.003 0.002 0.012 0.004 
404      320    (0)    5 :  0.033 0.005 0.005 0.005 0.890 0.007 0.010 0.011 0.009 0.007 0.005 0.001 0.003 0.005 0.003 
405      341    (0)    5 :  0.889 0.006 0.006 0.009 0.039 0.004 0.008 0.003 0.002 0.010 0.006 0.001 0.002 0.009 0.006 
406      376    (0)    5 :  0.627 0.009 0.010 0.007 0.218 0.024 0.014 0.003 0.009 0.005 0.012 0.037 0.003 0.005 0.018 
407      395    (0)    5 :  0.183 0.007 0.006 0.023 0.660 0.012 0.005 0.004 0.056 0.005 0.007 0.001 0.006 0.019 0.004 
408      396    (0)    5 :  0.924 0.003 0.003 0.004 0.038 0.002 0.004 0.002 0.003 0.003 0.003 0.002 0.003 0.003 0.004 
409      397    (0)    5 :  0.861 0.005 0.005 0.003 0.075 0.005 0.004 0.006 0.010 0.005 0.005 0.001 0.009 0.004 0.002 
410      398    (0)    5 :  0.447 0.005 0.005 0.002 0.433 0.011 0.009 0.004 0.057 0.004 0.006 0.002 0.004 0.005 0.006 
411      399    (0)    5 :  0.931 0.005 0.005 0.004 0.007 0.013 0.008 0.003 0.002 0.005 0.005 0.002 0.002 0.003 0.007 
412      400    (0)    5 :  0.022 0.006 0.006 0.003 0.900 0.011 0.014 0.002 0.007 0.004 0.007 0.001 0.002 0.003 0.009 
413      401    (0)    5 :  0.086 0.012 0.013 0.006 0.822 0.004 0.009 0.002 0.006 0.008 0.012 0.004 0.003 0.005 0.007 
414      402    (0)    5 :  0.003 0.003 0.003 0.003 0.958 0.006 0.003 0.003 0.002 0.002 0.003 0.003 0.002 0.002 0.003 
415      403    (0)    5 :  0.445 0.008 0.008 0.011 0.409 0.019 0.028 0.004 0.004 0.019 0.010 0.003 0.011 0.011 0.011 
416      073    (0)    6 :  0.948 0.004 0.004 0.005 0.006 0.006 0.004 0.002 0.002 0.005 0.004 0.002 0.002 0.006 0.003 
417      074    (0)    6 :  0.901 0.008 0.008 0.004 0.004 0.002 0.004 0.005 0.037 0.004 0.007 0.007 0.002 0.006 0.002 
418      075    (0)    6 :  0.923 0.005 0.005 0.008 0.010 0.005 0.009 0.004 0.006 0.007 0.005 0.002 0.003 0.005 0.002 
419      076    (0)    6 :  0.912 0.006 0.006 0.009 0.008 0.012 0.005 0.006 0.004 0.008 0.007 0.004 0.005 0.004 0.003 
420      077    (0)    6 :  0.905 0.008 0.007 0.009 0.013 0.005 0.005 0.008 0.003 0.007 0.007 0.001 0.003 0.012 0.006 
421      078    (0)    6 :  0.820 0.038 0.035 0.009 0.011 0.005 0.020 0.005 0.005 0.011 0.021 0.003 0.005 0.007 0.004 
422      079    (0)    6 :  0.896 0.011 0.012 0.007 0.012 0.007 0.006 0.002 0.003 0.010 0.017 0.002 0.001 0.005 0.009 
423      080    (0)    6 :  0.917 0.006 0.006 0.003 0.005 0.014 0.004 0.018 0.003 0.006 0.006 0.003 0.002 0.003 0.004 
424      081    (0)    6 :  0.807 0.009 0.010 0.009 0.041 0.007 0.005 0.004 0.013 0.008 0.012 0.004 0.015 0.050 0.004 
425      082    (0)    6 :  0.939 0.003 0.003 0.002 0.020 0.005 0.003 0.003 0.003 0.002 0.003 0.001 0.002 0.003 0.005 
426      083    (0)    6 :  0.908 0.007 0.007 0.005 0.021 0.005 0.005 0.002 0.010 0.006 0.008 0.002 0.003 0.003 0.008 
427      084    (0)    6 :  0.833 0.005 0.005 0.006 0.011 0.003 0.004 0.002 0.098 0.010 0.005 0.004 0.005 0.008 0.002 
428      085    (0)    6 :  0.573 0.013 0.013 0.234 0.052 0.007 0.010 0.003 0.008 0.010 0.013 0.002 0.015 0.029 0.017 
429      404    (0)    6 :  0.924 0.004 0.004 0.004 0.010 0.005 0.005 0.003 0.020 0.005 0.004 0.001 0.003 0.005 0.003 
430      405    (0)    6 :  0.930 0.005 0.005 0.004 0.005 0.004 0.005 0.002 0.005 0.005 0.005 0.002 0.009 0.013 0.002 
431      406    (0)    6 :  0.913 0.010 0.010 0.005 0.004 0.006 0.006 0.003 0.008 0.004 0.008 0.005 0.007 0.004 0.007 
432      407    (0)    6 :  0.860 0.005 0.005 0.010 0.082 0.003 0.004 0.003 0.004 0.006 0.005 0.001 0.003 0.006 0.002 
433      408    (0)    6 :  0.947 0.004 0.004 0.004 0.004 0.003 0.004 0.005 0.005 0.003 0.005 0.001 0.001 0.005 0.003 
434      411    (2)    6 :  0.956 0.003 0.003 0.003 0.006 0.002 0.003 0.003 0.005 0.003 0.003 0.001 0.002 0.005 0.003 
435      412    (0)    6 :  0.871 0.007 0.008 0.013 0.008 0.011 0.006 0.006 0.004 0.006 0.009 0.027 0.005 0.012 0.006 
436      413    (0)    6 :  0.940 0.008 0.006 0.004 0.012 0.002 0.004 0.002 0.003 0.005 0.004 0.001 0.002 0.004 0.002 
437      591    (0)    7 :  0.004 0.005 0.005 0.006 0.002 0.912 0.007 0.004 0.008 0.007 0.006 0.014 0.007 0.008 0.004 
438      592    (0)    7 :  0.010 0.007 0.007 0.012 0.004 0.788 0.015 0.006 0.005 0.011 0.010 0.003 0.003 0.113 0.005 
439      593    (0)    7 :  0.009 0.007 0.007 0.005 0.006 0.923 0.006 0.002 0.004 0.006 0.006 0.002 0.006 0.006 0.005 
440      594    (0)    7 :  0.035 0.020 0.020 0.007 0.009 0.764 0.028 0.010 0.007 0.012 0.024 0.003 0.005 0.052 0.004 
441      595    (0)    7 :  0.010 0.022 0.020 0.008 0.013 0.867 0.006 0.011 0.003 0.009 0.015 0.005 0.004 0.004 0.004 
442      596    (0)    7 :  0.006 0.007 0.006 0.005 0.005 0.912 0.007 0.020 0.002 0.004 0.006 0.002 0.007 0.005 0.007 
443      597    (0)    7 :  0.032 0.011 0.010 0.039 0.028 0.827 0.008 0.006 0.003 0.008 0.016 0.001 0.002 0.006 0.003 
444      598    (0)    7 :  0.006 0.033 0.031 0.095 0.033 0.590 0.080 0.029 0.003 0.014 0.062 0.002 0.002 0.008 0.010 
445      599    (0)    7 :  0.006 0.007 0.008 0.018 0.003 0.761 0.004 0.003 0.003 0.078 0.007 0.003 0.006 0.086 0.005 
446      600    (0)    7 :  0.004 0.006 0.005 0.005 0.008 0.930 0.006 0.011 0.001 0.005 0.006 0.002 0.004 0.003 0.003 
447      601    (0)    7 :  0.022 0.014 0.016 0.036 0.027 0.810 0.010 0.002 0.002 0.020 0.015 0.002 0.002 0.018 0.005 
448      602    (0)    7 :  0.006 0.011 0.012 0.016 0.014 0.881 0.005 0.005 0.004 0.010 0.015 0.004 0.004 0.008 0.005 
449      603    (0)    7 :  0.007 0.036 0.031 0.546 0.005 0.115 0.006 0.009 0.009 0.024 0.050 0.002 0.007 0.147 0.007 
450      604    (0)    7 :  0.009 0.013 0.013 0.004 0.007 0.893 0.012 0.008 0.003 0.005 0.012 0.004 0.002 0.004 0.012 
451      605    (0)    7 :  0.009 0.019 0.019 0.008 0.006 0.756 0.079 0.022 0.002 0.014 0.029 0.019 0.005 0.009 0.004 
452      606    (0)    7 :  0.004 0.008 0.008 0.006 0.003 0.890 0.012 0.007 0.004 0.010 0.011 0.004 0.020 0.010 0.003 
453      607    (0)    7 :  0.010 0.005 0.005 0.007 0.016 0.826 0.008 0.008 0.002 0.003 0.006 0.003 0.003 0.002 0.096 
454      608    (0)    7 :  0.005 0.005 0.006 0.009 0.004 0.908 0.007 0.003 0.005 0.015 0.005 0.001 0.003 0.006 0.017 
455      609    (0)    7 :  0.004 0.008 0.008 0.006 0.004 0.924 0.009 0.003 0.003 0.005 0.007 0.002 0.004 0.004 0.008 
456      610    (0)    7 :  0.019 0.080 0.091 0.072 0.007 0.480 0.019 0.010 0.010 0.043 0.135 0.004 0.003 0.010 0.017 
457      611    (2)    7 :  0.011 0.010 0.010 0.005 0.009 0.889 0.007 0.007 0.011 0.004 0.008 0.002 0.003 0.004 0.022 
458      612    (0)    7 :  0.009 0.022 0.025 0.014 0.060 0.746 0.009 0.041 0.003 0.009 0.020 0.004 0.002 0.006 0.030 
459      755    (0)    7 :  0.017 0.026 0.026 0.020 0.009 0.427 0.018 0.045 0.031 0.011 0.047 0.028 0.002 0.012 0.281 
460      756    (0)    7 :  0.012 0.005 0.005 0.011 0.003 0.907 0.007 0.003 0.008 0.005 0.006 0.002 0.003 0.009 0.014 
461      757    (0)    7 :  0.009 0.010 0.010 0.006 0.006 0.891 0.016 0.005 0.004 0.007 0.010 0.003 0.002 0.011 0.009 
462      002    (0)    8 :  0.513 0.007 0.006 0.016 0.393 0.006 0.010 0.002 0.020 0.004 0.009 0.003 0.003 0.004 0.005 
463      099    (2)    8 :  0.004 0.024 0.032 0.004 0.005 0.008 0.014 0.044 0.008 0.050 0.025 0.718 0.004 0.044 0.015 
464      641    (2)    8 :  0.195 0.142 0.128 0.013 0.243 0.059 0.052 0.004 0.012 0.024 0.062 0.017 0.015 0.008 0.027 
465      642    (0)    8 :  0.880 0.008 0.007 0.011 0.005 0.018 0.015 0.003 0.009 0.013 0.008 0.003 0.003 0.014 0.004 
466      643    (2)    8 :  0.790 0.015 0.013 0.026 0.008 0.024 0.054 0.003 0.016 0.012 0.013 0.004 0.003 0.017 0.004 
467      644    (0)    8 :  0.856 0.008 0.008 0.015 0.022 0.007 0.016 0.008 0.007 0.016 0.009 0.004 0.004 0.015 0.009 
468      645    (0)    8 :  0.444 0.023 0.028 0.029 0.014 0.037 0.168 0.003 0.017 0.014 0.031 0.002 0.039 0.025 0.125 
469      646    (0)    8 :  0.058 0.056 0.052 0.092 0.395 0.013 0.050 0.009 0.012 0.019 0.072 0.004 0.011 0.006 0.151 
470      006    (0)    9 :  0.234 0.021 0.021 0.014 0.008 0.006 0.008 0.003 0.631 0.008 0.025 0.005 0.003 0.008 0.005 
471      011    (0)    9 :  0.956 0.003 0.003 0.003 0.003 0.003 0.003 0.003 0.009 0.003 0.003 0.001 0.002 0.004 0.002 
472      033    (2)    9 :  0.275 0.006 0.005 0.021 0.017 0.021 0.004 0.002 0.624 0.004 0.006 0.001 0.002 0.006 0.004 
473      048    (0)    9 :  0.519 0.016 0.016 0.015 0.012 0.016 0.007 0.005 0.046 0.068 0.017 0.002 0.009 0.247 0.006 
474      061    (0)    9 :  0.002 0.002 0.002 0.001 0.002 0.001 0.002 0.001 0.973 0.002 0.002 0.001 0.004 0.002 0.003 
475      088    (0)    9 :  0.829 0.013 0.012 0.011 0.017 0.013 0.014 0.008 0.023 0.015 0.015 0.003 0.005 0.019 0.003 
476      091    (0)    9 :  0.011 0.004 0.004 0.003 0.003 0.004 0.003 0.005 0.943 0.004 0.004 0.002 0.002 0.003 0.007 
477      098    (0)    9 :  0.869 0.006 0.005 0.008 0.014 0.019 0.004 0.003 0.009 0.010 0.007 0.001 0.012 0.027 0.006 
478      104    (0)    9 :  0.926 0.003 0.003 0.003 0.038 0.002 0.002 0.002 0.003 0.003 0.003 0.001 0.002 0.005 0.002 
479      196    (0)    9 :  0.333 0.005 0.005 0.007 0.019 0.009 0.006 0.005 0.579 0.008 0.006 0.001 0.005 0.009 0.002 
480      197    (0)    9 :  0.551 0.022 0.027 0.028 0.016 0.012 0.008 0.014 0.262 0.014 0.025 0.003 0.007 0.007 0.003 
481      201    (0)    9 :  0.341 0.006 0.005 0.005 0.013 0.005 0.013 0.001 0.592 0.004 0.005 0.001 0.001 0.005 0.002 
482      202    (0)    9 :  0.794 0.014 0.014 0.012 0.019 0.005 0.009 0.012 0.032 0.017 0.014 0.009 0.020 0.027 0.002 
483      204    (0)    9 :  0.538 0.003 0.003 0.010 0.030 0.003 0.004 0.002 0.378 0.003 0.004 0.001 0.002 0.008 0.009 
484      231    (0)    9 :  0.853 0.005 0.005 0.015 0.061 0.009 0.005 0.005 0.008 0.006 0.005 0.001 0.001 0.013 0.009 
485      328    (0)    9 :  0.703 0.004 0.004 0.006 0.003 0.006 0.005 0.002 0.246 0.004 0.004 0.001 0.004 0.005 0.002 
486      346    (0)    9 :  0.630 0.004 0.004 0.003 0.008 0.009 0.004 0.007 0.310 0.004 0.004 0.002 0.003 0.004 0.003 


Estimated Allele Frequencies in each cluster
First column gives estimated ancestral frequencies


Locus 1 : 1 
4 alleles
0.0% missing data
  89   (0.539) 0.624 0.560 0.555 0.477 0.296 0.555 0.502 0.642 0.698 0.528 0.539 0.295 0.066 0.589 0.828 
  91   (0.380) 0.315 0.374 0.369 0.500 0.588 0.428 0.441 0.311 0.293 0.349 0.380 0.668 0.706 0.357 0.153 
  93   (0.065) 0.061 0.052 0.061 0.017 0.115 0.014 0.052 0.046 0.008 0.111 0.065 0.036 0.098 0.027 0.015 
  99   (0.016) 0.000 0.013 0.015 0.007 0.001 0.003 0.005 0.001 0.002 0.012 0.016 0.001 0.130 0.027 0.004 

Locus 2 : 2 
6 alleles
1.0% missing data
 136   (0.351) 0.553 0.380 0.366 0.190 0.725 0.415 0.541 0.458 0.111 0.130 0.351 0.453 0.189 0.066 0.147 
 134   (0.234) 0.143 0.192 0.201 0.222 0.164 0.401 0.212 0.379 0.205 0.219 0.234 0.195 0.027 0.276 0.676 
 138   (0.298) 0.254 0.313 0.310 0.457 0.099 0.151 0.179 0.155 0.245 0.537 0.298 0.220 0.771 0.494 0.122 
 140   (0.067) 0.049 0.067 0.068 0.061 0.008 0.016 0.038 0.004 0.433 0.050 0.067 0.121 0.008 0.033 0.018 
 132   (0.021) 0.000 0.031 0.038 0.007 0.002 0.004 0.007 0.001 0.002 0.014 0.021 0.001 0.002 0.003 0.004 
 142   (0.029) 0.001 0.017 0.018 0.063 0.003 0.013 0.024 0.002 0.003 0.051 0.029 0.009 0.003 0.128 0.032 

Locus 3 : 3 
6 alleles
0.0% missing data
 181   (0.262) 0.230 0.256 0.242 0.132 0.094 0.402 0.194 0.068 0.074 0.348 0.262 0.074 0.180 0.424 0.346 
 187   (0.339) 0.517 0.367 0.368 0.350 0.545 0.168 0.348 0.259 0.688 0.195 0.339 0.346 0.775 0.165 0.120 
 179   (0.242) 0.228 0.243 0.253 0.317 0.345 0.396 0.291 0.015 0.221 0.247 0.242 0.052 0.028 0.192 0.348 
 191   (0.032) 0.022 0.029 0.031 0.007 0.003 0.006 0.011 0.199 0.004 0.012 0.032 0.009 0.004 0.010 0.010 
 185   (0.076) 0.002 0.070 0.072 0.074 0.008 0.019 0.060 0.456 0.008 0.176 0.076 0.284 0.008 0.040 0.134 
 175   (0.049) 0.001 0.035 0.035 0.119 0.004 0.009 0.097 0.003 0.005 0.021 0.049 0.236 0.005 0.169 0.042 

Locus 4 : 4 
12 alleles
0.2% missing data
 253   (0.490) 0.756 0.531 0.528 0.499 0.451 0.608 0.514 0.463 0.629 0.338 0.490 0.171 0.597 0.637 0.623 
 249   (0.029) 0.058 0.024 0.024 0.006 0.020 0.005 0.010 0.002 0.310 0.008 0.029 0.066 0.004 0.004 0.005 
 271   (0.044) 0.028 0.038 0.039 0.038 0.054 0.010 0.030 0.003 0.005 0.017 0.044 0.109 0.005 0.006 0.011 
 241   (0.157) 0.021 0.134 0.132 0.174 0.362 0.148 0.184 0.149 0.023 0.207 0.157 0.528 0.183 0.099 0.097 
 257   (0.006) 0.000 0.003 0.003 0.002 0.003 0.001 0.005 0.000 0.000 0.002 0.006 0.000 0.001 0.001 0.001 
 269   (0.171) 0.135 0.167 0.168 0.216 0.087 0.185 0.156 0.100 0.021 0.383 0.171 0.031 0.201 0.188 0.238 
 247   (0.064) 0.001 0.080 0.084 0.050 0.007 0.034 0.055 0.280 0.009 0.037 0.064 0.027 0.007 0.059 0.017 
 245   (0.008) 0.000 0.004 0.005 0.002 0.001 0.001 0.002 0.000 0.001 0.002 0.008 0.066 0.001 0.001 0.001 
 239   (0.011) 0.000 0.007 0.006 0.002 0.001 0.003 0.020 0.001 0.001 0.003 0.011 0.001 0.001 0.001 0.003 
 273   (0.007) 0.000 0.004 0.004 0.001 0.001 0.001 0.021 0.000 0.001 0.002 0.007 0.001 0.001 0.001 0.001 
 267   (0.006) 0.000 0.003 0.003 0.002 0.013 0.001 0.002 0.000 0.001 0.002 0.006 0.000 0.001 0.001 0.002 
 255   (0.006) 0.000 0.003 0.003 0.010 0.001 0.002 0.002 0.000 0.001 0.002 0.006 0.000 0.001 0.002 0.001 

Locus 5 : 5 
6 alleles
0.6% missing data
 103   (0.844) 0.992 0.804 0.815 0.920 0.962 0.924 0.846 0.978 0.984 0.920 0.844 0.736 0.982 0.960 0.948 
 104   (0.067) 0.006 0.096 0.095 0.038 0.030 0.028 0.060 0.004 0.007 0.050 0.067 0.074 0.008 0.021 0.031 
 101   (0.009) 0.000 0.005 0.005 0.003 0.001 0.002 0.003 0.013 0.001 0.002 0.009 0.001 0.001 0.001 0.005 
 105   (0.048) 0.001 0.062 0.059 0.026 0.005 0.037 0.072 0.003 0.005 0.019 0.048 0.164 0.005 0.013 0.011 
 102   (0.016) 0.000 0.021 0.017 0.010 0.001 0.005 0.007 0.001 0.001 0.005 0.016 0.001 0.003 0.002 0.003 
 107   (0.015) 0.000 0.012 0.010 0.003 0.001 0.003 0.011 0.001 0.001 0.004 0.015 0.025 0.001 0.002 0.002 

Locus 6 : 6 
5 alleles
0.2% missing data
 141   (0.267) 0.587 0.251 0.251 0.331 0.317 0.305 0.208 0.132 0.836 0.116 0.267 0.111 0.030 0.262 0.773 
 145   (0.406) 0.182 0.458 0.452 0.444 0.122 0.444 0.517 0.262 0.073 0.553 0.406 0.024 0.410 0.609 0.139 
 135   (0.235) 0.191 0.216 0.222 0.189 0.360 0.138 0.205 0.287 0.075 0.296 0.235 0.636 0.548 0.115 0.067 
 147   (0.080) 0.040 0.069 0.069 0.034 0.199 0.111 0.058 0.318 0.015 0.030 0.080 0.127 0.010 0.013 0.020 
 137   (0.011) 0.000 0.006 0.006 0.002 0.002 0.002 0.011 0.001 0.001 0.004 0.011 0.102 0.001 0.002 0.002 

Locus 7 : 7 
10 alleles
1.2% missing data
  93   (0.220) 0.332 0.178 0.177 0.323 0.402 0.211 0.264 0.065 0.618 0.147 0.220 0.113 0.795 0.336 0.297 
 103   (0.299) 0.403 0.329 0.341 0.375 0.273 0.528 0.291 0.514 0.081 0.381 0.299 0.017 0.040 0.347 0.129 
  91   (0.069) 0.034 0.071 0.066 0.018 0.007 0.044 0.059 0.155 0.007 0.024 0.069 0.061 0.010 0.054 0.061 
  97   (0.198) 0.164 0.209 0.211 0.053 0.172 0.158 0.127 0.253 0.028 0.284 0.198 0.261 0.128 0.125 0.252 
  85   (0.046) 0.046 0.048 0.046 0.013 0.009 0.015 0.048 0.003 0.005 0.084 0.047 0.003 0.006 0.024 0.011 
  89   (0.083) 0.020 0.065 0.062 0.180 0.129 0.030 0.069 0.005 0.253 0.041 0.083 0.299 0.011 0.070 0.235 
  83   (0.052) 0.001 0.074 0.068 0.032 0.005 0.009 0.132 0.003 0.005 0.030 0.052 0.003 0.006 0.039 0.010 
 105   (0.013) 0.000 0.013 0.012 0.003 0.001 0.002 0.004 0.001 0.001 0.005 0.013 0.092 0.002 0.003 0.003 
 101   (0.009) 0.000 0.008 0.008 0.002 0.001 0.001 0.003 0.001 0.001 0.002 0.009 0.125 0.001 0.001 0.001 
  99   (0.009) 0.000 0.006 0.007 0.002 0.001 0.001 0.003 0.001 0.001 0.003 0.009 0.025 0.001 0.001 0.001 

Locus 8 : 8 
8 alleles
0.0% missing data
 129   (0.551) 0.705 0.594 0.588 0.728 0.482 0.408 0.628 0.639 0.663 0.669 0.551 0.302 0.199 0.680 0.463 
 141   (0.054) 0.098 0.044 0.046 0.026 0.146 0.093 0.023 0.215 0.009 0.028 0.054 0.003 0.006 0.012 0.011 
 149   (0.080) 0.142 0.070 0.070 0.074 0.033 0.018 0.058 0.013 0.012 0.045 0.080 0.302 0.009 0.074 0.276 
 143   (0.262) 0.054 0.247 0.251 0.156 0.335 0.472 0.255 0.129 0.312 0.238 0.262 0.298 0.700 0.218 0.209 
 127   (0.018) 0.000 0.018 0.017 0.004 0.002 0.003 0.005 0.001 0.001 0.005 0.018 0.094 0.046 0.002 0.003 
 131   (0.012) 0.000 0.009 0.008 0.002 0.001 0.002 0.003 0.002 0.001 0.005 0.012 0.001 0.038 0.010 0.003 
 133   (0.017) 0.000 0.015 0.018 0.008 0.002 0.003 0.023 0.001 0.002 0.010 0.017 0.001 0.002 0.003 0.034 
 145   (0.006) 0.000 0.004 0.004 0.001 0.001 0.001 0.004 0.000 0.000 0.001 0.006 0.000 0.001 0.001 0.001 

Locus 9 : 9 
5 alleles
0.0% missing data
 191   (0.391) 0.563 0.400 0.397 0.178 0.595 0.475 0.356 0.545 0.848 0.339 0.391 0.340 0.338 0.346 0.587 
 195   (0.144) 0.187 0.114 0.123 0.096 0.036 0.243 0.131 0.051 0.032 0.282 0.144 0.329 0.354 0.338 0.034 
 189   (0.452) 0.248 0.479 0.473 0.723 0.367 0.280 0.501 0.404 0.120 0.376 0.452 0.330 0.306 0.313 0.376 
 197   (0.006) 0.000 0.003 0.003 0.001 0.001 0.001 0.011 0.000 0.001 0.001 0.006 0.000 0.001 0.001 0.001 
 193   (0.006) 0.002 0.003 0.003 0.001 0.001 0.001 0.002 0.000 0.001 0.002 0.006 0.000 0.001 0.001 0.002 

Locus 10 : 10 
7 alleles
0.4% missing data
 232   (0.249) 0.287 0.292 0.286 0.077 0.373 0.155 0.291 0.278 0.575 0.179 0.249 0.126 0.219 0.223 0.063 
 238   (0.557) 0.591 0.551 0.549 0.855 0.447 0.669 0.496 0.344 0.131 0.683 0.557 0.747 0.368 0.703 0.837 
 252   (0.108) 0.107 0.084 0.087 0.050 0.172 0.124 0.159 0.033 0.278 0.111 0.108 0.014 0.016 0.062 0.084 
 254   (0.047) 0.014 0.038 0.041 0.010 0.005 0.046 0.037 0.262 0.013 0.015 0.047 0.082 0.393 0.007 0.009 
 248   (0.019) 0.000 0.018 0.018 0.004 0.002 0.003 0.009 0.082 0.002 0.006 0.019 0.001 0.002 0.002 0.003 
 250   (0.013) 0.000 0.014 0.015 0.002 0.001 0.002 0.005 0.001 0.001 0.004 0.013 0.029 0.002 0.002 0.002 
 236   (0.007) 0.000 0.004 0.004 0.002 0.001 0.002 0.003 0.001 0.001 0.002 0.007 0.000 0.001 0.001 0.001 

Locus 11 : 11 
4 alleles
0.0% missing data
  87   (0.692) 0.644 0.699 0.702 0.786 0.563 0.641 0.688 0.533 0.344 0.821 0.692 0.497 0.964 0.854 0.862 
  89   (0.239) 0.302 0.252 0.247 0.192 0.360 0.346 0.215 0.385 0.631 0.142 0.239 0.153 0.028 0.118 0.088 
  91   (0.053) 0.054 0.039 0.039 0.019 0.075 0.010 0.081 0.081 0.023 0.032 0.053 0.182 0.006 0.026 0.013 
  85   (0.017) 0.000 0.010 0.012 0.003 0.001 0.003 0.016 0.001 0.002 0.005 0.017 0.168 0.002 0.002 0.037 

Locus 12 : 12 
13 alleles
0.4% missing data
 160   (0.215) 0.110 0.228 0.216 0.252 0.192 0.062 0.211 0.720 0.036 0.184 0.215 0.421 0.597 0.309 0.197 
 162   (0.244) 0.210 0.235 0.253 0.338 0.095 0.479 0.244 0.230 0.762 0.186 0.244 0.014 0.065 0.278 0.376 
 147   (0.049) 0.117 0.040 0.039 0.067 0.357 0.087 0.018 0.003 0.092 0.041 0.049 0.003 0.005 0.015 0.013 
 158   (0.232) 0.531 0.256 0.249 0.110 0.318 0.189 0.282 0.022 0.079 0.274 0.232 0.096 0.028 0.204 0.107 
 161   (0.109) 0.022 0.091 0.088 0.128 0.024 0.151 0.117 0.016 0.015 0.176 0.109 0.272 0.116 0.068 0.033 
 170   (0.052) 0.007 0.059 0.061 0.052 0.005 0.010 0.061 0.003 0.007 0.041 0.052 0.028 0.006 0.028 0.013 
 143   (0.030) 0.001 0.031 0.032 0.006 0.003 0.005 0.038 0.002 0.003 0.012 0.030 0.162 0.176 0.008 0.010 
 154   (0.016) 0.000 0.025 0.025 0.004 0.001 0.005 0.006 0.001 0.002 0.006 0.016 0.001 0.002 0.002 0.005 
 149   (0.021) 0.000 0.014 0.015 0.005 0.002 0.004 0.006 0.001 0.002 0.046 0.020 0.001 0.002 0.078 0.241 
 153   (0.011) 0.000 0.010 0.011 0.002 0.001 0.003 0.010 0.001 0.001 0.003 0.011 0.001 0.001 0.001 0.002 
 150   (0.007) 0.000 0.003 0.003 0.001 0.001 0.001 0.002 0.000 0.001 0.012 0.007 0.000 0.001 0.006 0.001 
 159   (0.008) 0.000 0.004 0.004 0.034 0.001 0.001 0.003 0.000 0.001 0.016 0.008 0.000 0.001 0.001 0.001 
 164   (0.006) 0.000 0.004 0.004 0.001 0.001 0.001 0.002 0.000 0.000 0.002 0.006 0.000 0.001 0.001 0.001 

Locus 13 : 13 
5 alleles
0.0% missing data
 108   (0.203) 0.163 0.202 0.196 0.128 0.152 0.149 0.277 0.199 0.409 0.204 0.204 0.297 0.337 0.074 0.052 
 115   (0.446) 0.580 0.433 0.440 0.503 0.313 0.499 0.463 0.285 0.526 0.418 0.446 0.378 0.090 0.584 0.702 
 113   (0.338) 0.256 0.357 0.356 0.367 0.535 0.350 0.256 0.515 0.064 0.373 0.338 0.324 0.572 0.340 0.244 
 109   (0.006) 0.000 0.004 0.004 0.001 0.001 0.001 0.002 0.000 0.001 0.002 0.006 0.000 0.001 0.001 0.001 
 110   (0.006) 0.000 0.004 0.004 0.001 0.001 0.001 0.002 0.000 0.000 0.003 0.006 0.000 0.001 0.001 0.001 

Locus 14 : 14 
5 alleles
1.2% missing data
 227   (0.131) 0.258 0.133 0.130 0.284 0.321 0.036 0.074 0.016 0.059 0.308 0.131 0.008 0.255 0.307 0.055 
 231   (0.159) 0.094 0.163 0.167 0.045 0.107 0.457 0.148 0.351 0.027 0.059 0.159 0.354 0.273 0.029 0.040 
 229   (0.509) 0.464 0.522 0.516 0.452 0.449 0.289 0.678 0.416 0.865 0.481 0.509 0.470 0.094 0.538 0.857 
 225   (0.138) 0.088 0.134 0.129 0.201 0.024 0.146 0.073 0.213 0.019 0.123 0.138 0.060 0.226 0.062 0.034 
 233   (0.063) 0.097 0.049 0.058 0.019 0.099 0.073 0.027 0.004 0.030 0.030 0.063 0.108 0.153 0.064 0.014 

Locus 15 : 15 
5 alleles
0.4% missing data
 143   (0.844) 0.969 0.834 0.843 0.941 0.977 0.871 0.882 0.817 0.983 0.781 0.844 0.622 0.719 0.885 0.933 
 157   (0.007) 0.018 0.003 0.003 0.001 0.001 0.001 0.002 0.000 0.001 0.002 0.007 0.000 0.001 0.001 0.001 
 145   (0.088) 0.011 0.096 0.093 0.040 0.016 0.117 0.052 0.006 0.010 0.068 0.088 0.183 0.273 0.077 0.053 
 147   (0.047) 0.001 0.058 0.052 0.015 0.005 0.008 0.025 0.145 0.005 0.145 0.047 0.194 0.006 0.036 0.010 
 133   (0.014) 0.000 0.010 0.010 0.003 0.001 0.002 0.039 0.032 0.002 0.005 0.014 0.001 0.001 0.002 0.002 

Locus 16 : 16 
5 alleles
0.2% missing data
 156   (0.226) 0.304 0.193 0.197 0.182 0.081 0.322 0.381 0.501 0.198 0.244 0.226 0.162 0.514 0.236 0.052 
 158   (0.543) 0.498 0.572 0.564 0.587 0.734 0.476 0.467 0.199 0.325 0.588 0.543 0.314 0.253 0.673 0.621 
 160   (0.139) 0.152 0.137 0.136 0.181 0.175 0.145 0.099 0.113 0.466 0.123 0.139 0.118 0.016 0.060 0.302 
 154   (0.084) 0.046 0.094 0.100 0.032 0.009 0.056 0.051 0.187 0.011 0.043 0.084 0.405 0.216 0.020 0.024 
 152   (0.009) 0.000 0.004 0.004 0.019 0.001 0.001 0.002 0.001 0.001 0.002 0.009 0.000 0.001 0.011 0.001 

Locus 17 : 17 
5 alleles
0.0% missing data
 102   (0.204) 0.249 0.188 0.190 0.417 0.166 0.183 0.104 0.199 0.093 0.234 0.204 0.039 0.024 0.092 0.334 
  90   (0.679) 0.721 0.663 0.659 0.539 0.806 0.795 0.810 0.794 0.605 0.704 0.679 0.323 0.577 0.883 0.379 
  88   (0.070) 0.029 0.075 0.085 0.028 0.023 0.013 0.036 0.005 0.298 0.033 0.070 0.467 0.007 0.011 0.278 
 100   (0.041) 0.001 0.071 0.063 0.014 0.004 0.009 0.048 0.002 0.004 0.015 0.041 0.171 0.391 0.012 0.008 
 104   (0.007) 0.000 0.003 0.003 0.003 0.001 0.001 0.002 0.000 0.001 0.014 0.007 0.000 0.001 0.002 0.001 

Locus 18 : 18 
7 alleles
0.0% missing data
 142   (0.125) 0.419 0.119 0.129 0.064 0.380 0.024 0.170 0.008 0.794 0.140 0.125 0.019 0.015 0.072 0.082 
 146   (0.074) 0.191 0.059 0.061 0.243 0.024 0.082 0.062 0.226 0.034 0.036 0.074 0.004 0.008 0.032 0.103 
 140   (0.291) 0.087 0.330 0.311 0.205 0.422 0.499 0.236 0.179 0.045 0.323 0.291 0.298 0.277 0.236 0.512 
 127   (0.301) 0.228 0.322 0.325 0.282 0.099 0.235 0.398 0.059 0.075 0.232 0.301 0.385 0.548 0.381 0.189 
 148   (0.101) 0.055 0.086 0.088 0.143 0.049 0.116 0.041 0.216 0.035 0.063 0.101 0.067 0.011 0.064 0.027 
 150   (0.055) 0.001 0.040 0.044 0.035 0.005 0.013 0.053 0.308 0.006 0.114 0.055 0.223 0.006 0.193 0.070 
 138   (0.053) 0.018 0.043 0.042 0.029 0.021 0.033 0.040 0.004 0.010 0.092 0.053 0.003 0.135 0.022 0.017 

Locus 19 : 19 
8 alleles
0.2% missing data
 188   (0.182) 0.097 0.201 0.204 0.100 0.174 0.068 0.190 0.169 0.564 0.277 0.182 0.011 0.019 0.142 0.045 
 190   (0.121) 0.415 0.083 0.087 0.069 0.325 0.241 0.099 0.200 0.013 0.153 0.121 0.041 0.012 0.229 0.390 
 194   (0.577) 0.485 0.599 0.599 0.566 0.490 0.601 0.633 0.480 0.413 0.520 0.577 0.555 0.956 0.560 0.195 
 202   (0.017) 0.000 0.011 0.012 0.003 0.001 0.003 0.006 0.144 0.001 0.005 0.017 0.042 0.002 0.002 0.003 
 200   (0.084) 0.002 0.095 0.087 0.258 0.008 0.080 0.060 0.005 0.007 0.040 0.084 0.312 0.009 0.064 0.364 
 192   (0.006) 0.000 0.005 0.005 0.001 0.001 0.004 0.002 0.000 0.000 0.002 0.006 0.000 0.001 0.001 0.001 
 196   (0.006) 0.000 0.003 0.003 0.001 0.001 0.001 0.008 0.000 0.000 0.001 0.006 0.000 0.001 0.001 0.001 
 198   (0.006) 0.000 0.003 0.003 0.001 0.001 0.001 0.002 0.000 0.000 0.001 0.006 0.038 0.001 0.001 0.001 

Locus 20 : 20 
6 alleles
0.8% missing data
 252   (0.698) 0.848 0.725 0.724 0.833 0.711 0.743 0.825 0.729 0.818 0.776 0.698 0.075 0.386 0.740 0.550 
 250   (0.084) 0.099 0.074 0.075 0.029 0.047 0.070 0.030 0.141 0.010 0.148 0.084 0.427 0.349 0.039 0.139 
 244   (0.022) 0.007 0.013 0.013 0.008 0.002 0.007 0.010 0.001 0.149 0.008 0.022 0.047 0.005 0.008 0.006 
 254   (0.078) 0.031 0.059 0.058 0.094 0.010 0.056 0.064 0.081 0.010 0.029 0.078 0.243 0.099 0.135 0.017 
 246   (0.094) 0.004 0.084 0.088 0.025 0.227 0.120 0.061 0.046 0.010 0.030 0.094 0.207 0.159 0.076 0.283 
 248   (0.022) 0.010 0.044 0.042 0.009 0.003 0.004 0.011 0.001 0.003 0.009 0.022 0.001 0.002 0.003 0.004 

Locus 21 : 21 
7 alleles
0.2% missing data
 173   (0.288) 0.373 0.238 0.254 0.480 0.146 0.313 0.339 0.212 0.146 0.467 0.288 0.208 0.120 0.556 0.070 
 177   (0.265) 0.276 0.309 0.297 0.243 0.638 0.082 0.220 0.168 0.184 0.285 0.265 0.041 0.272 0.243 0.506 
 175   (0.143) 0.026 0.126 0.122 0.086 0.024 0.321 0.129 0.257 0.017 0.072 0.143 0.502 0.485 0.081 0.040 
 167   (0.195) 0.319 0.192 0.193 0.158 0.177 0.143 0.260 0.122 0.641 0.125 0.195 0.069 0.111 0.103 0.093 
 163   (0.040) 0.002 0.038 0.038 0.012 0.004 0.016 0.024 0.227 0.004 0.019 0.040 0.107 0.004 0.008 0.008 
 165   (0.049) 0.003 0.059 0.058 0.014 0.009 0.122 0.022 0.013 0.005 0.018 0.049 0.071 0.006 0.007 0.279 
 159   (0.020) 0.000 0.038 0.040 0.007 0.002 0.003 0.006 0.001 0.002 0.014 0.020 0.001 0.002 0.003 0.004 

Locus 22 : 22 
11 alleles
0.6% missing data
 146   (0.234) 0.230 0.217 0.225 0.344 0.215 0.169 0.210 0.138 0.841 0.197 0.234 0.014 0.072 0.325 0.295 
 154   (0.007) 0.069 0.003 0.003 0.001 0.002 0.001 0.002 0.000 0.001 0.002 0.007 0.000 0.001 0.001 0.001 
 166   (0.092) 0.029 0.126 0.121 0.053 0.267 0.077 0.048 0.006 0.010 0.042 0.092 0.005 0.112 0.025 0.023 
 152   (0.421) 0.638 0.417 0.404 0.515 0.447 0.507 0.544 0.368 0.120 0.614 0.421 0.100 0.506 0.569 0.592 
 150   (0.030) 0.006 0.031 0.034 0.018 0.008 0.005 0.011 0.002 0.004 0.019 0.030 0.102 0.111 0.006 0.007 
 164   (0.035) 0.011 0.025 0.024 0.011 0.043 0.055 0.030 0.002 0.005 0.012 0.035 0.068 0.005 0.007 0.007 
 156   (0.019) 0.000 0.011 0.010 0.004 0.002 0.004 0.005 0.302 0.002 0.018 0.019 0.112 0.002 0.010 0.004 
 162   (0.053) 0.001 0.053 0.060 0.027 0.005 0.047 0.041 0.072 0.005 0.045 0.053 0.138 0.007 0.010 0.020 
 158   (0.087) 0.015 0.101 0.103 0.023 0.009 0.131 0.102 0.109 0.012 0.044 0.087 0.430 0.010 0.019 0.046 
 148   (0.009) 0.000 0.004 0.004 0.002 0.001 0.001 0.003 0.000 0.001 0.002 0.009 0.000 0.173 0.001 0.001 
 142   (0.014) 0.000 0.011 0.011 0.003 0.001 0.002 0.004 0.001 0.001 0.006 0.014 0.028 0.001 0.027 0.003 

Locus 23 : 23 
7 alleles
0.8% missing data
 152   (0.012) 0.061 0.007 0.006 0.003 0.089 0.002 0.003 0.001 0.001 0.003 0.012 0.001 0.001 0.002 0.002 
 156   (0.122) 0.034 0.128 0.128 0.056 0.092 0.124 0.247 0.030 0.013 0.088 0.122 0.430 0.015 0.037 0.029 
 144   (0.175) 0.185 0.163 0.159 0.178 0.153 0.192 0.110 0.638 0.025 0.210 0.174 0.244 0.604 0.300 0.051 
 160   (0.103) 0.181 0.102 0.095 0.134 0.297 0.139 0.050 0.106 0.012 0.142 0.103 0.012 0.012 0.069 0.314 
 154   (0.551) 0.536 0.562 0.573 0.612 0.365 0.531 0.574 0.223 0.923 0.544 0.551 0.174 0.363 0.586 0.597 
 158   (0.028) 0.003 0.033 0.033 0.015 0.003 0.010 0.010 0.002 0.026 0.011 0.028 0.139 0.003 0.004 0.006 
 146   (0.008) 0.000 0.006 0.005 0.002 0.001 0.001 0.005 0.000 0.001 0.002 0.009 0.000 0.001 0.001 0.001 

Locus 24 : 24 
4 alleles
0.4% missing data
  77   (0.081) 0.326 0.063 0.058 0.149 0.024 0.085 0.107 0.049 0.029 0.060 0.081 0.005 0.009 0.045 0.033 
  83   (0.463) 0.485 0.456 0.452 0.348 0.581 0.599 0.397 0.921 0.228 0.510 0.463 0.586 0.689 0.440 0.755 
  81   (0.368) 0.169 0.399 0.409 0.436 0.359 0.272 0.351 0.024 0.732 0.313 0.368 0.380 0.292 0.416 0.189 
  85   (0.088) 0.021 0.083 0.080 0.068 0.036 0.044 0.145 0.006 0.012 0.117 0.088 0.029 0.010 0.100 0.023 

Locus 25 : 25 
6 alleles
0.4% missing data
 132   (0.312) 0.530 0.330 0.336 0.246 0.124 0.453 0.232 0.455 0.911 0.301 0.312 0.021 0.181 0.396 0.212 
 124   (0.535) 0.396 0.524 0.529 0.589 0.837 0.421 0.702 0.535 0.066 0.589 0.535 0.468 0.415 0.463 0.750 
 126   (0.025) 0.058 0.017 0.016 0.005 0.025 0.005 0.009 0.001 0.003 0.007 0.025 0.011 0.003 0.003 0.005 
 122   (0.094) 0.015 0.104 0.093 0.151 0.011 0.101 0.044 0.006 0.017 0.090 0.094 0.475 0.108 0.133 0.027 
 120   (0.019) 0.000 0.014 0.014 0.004 0.002 0.004 0.008 0.001 0.002 0.005 0.019 0.022 0.291 0.002 0.003 
 136   (0.014) 0.001 0.011 0.011 0.005 0.002 0.016 0.005 0.001 0.001 0.008 0.014 0.002 0.002 0.002 0.003 

Locus 26 : 26 
7 alleles
0.2% missing data
 165   (0.248) 0.118 0.245 0.239 0.230 0.156 0.340 0.228 0.054 0.689 0.149 0.248 0.116 0.324 0.334 0.206 
 183   (0.343) 0.582 0.361 0.357 0.239 0.456 0.456 0.326 0.425 0.195 0.375 0.342 0.211 0.293 0.340 0.628 
 179   (0.090) 0.056 0.075 0.074 0.158 0.101 0.019 0.070 0.005 0.016 0.042 0.090 0.281 0.343 0.038 0.046 
 175   (0.252) 0.242 0.247 0.263 0.348 0.280 0.157 0.223 0.451 0.094 0.415 0.252 0.016 0.032 0.280 0.108 
 181   (0.052) 0.001 0.063 0.059 0.022 0.005 0.026 0.149 0.064 0.005 0.015 0.052 0.262 0.007 0.007 0.009 
 185   (0.010) 0.000 0.006 0.006 0.002 0.001 0.001 0.004 0.001 0.001 0.003 0.010 0.114 0.001 0.001 0.002 
 157   (0.006) 0.000 0.004 0.004 0.001 0.001 0.001 0.002 0.000 0.001 0.001 0.006 0.000 0.001 0.001 0.001 

Locus 27 : 27 
4 alleles
0.2% missing data
 142   (0.640) 0.705 0.661 0.659 0.640 0.601 0.678 0.597 0.742 0.338 0.764 0.640 0.523 0.308 0.824 0.722 
 148   (0.207) 0.076 0.208 0.210 0.124 0.184 0.252 0.224 0.065 0.378 0.152 0.207 0.266 0.675 0.085 0.053 
 138   (0.045) 0.208 0.032 0.032 0.017 0.203 0.017 0.021 0.003 0.273 0.015 0.045 0.048 0.005 0.025 0.023 
 150   (0.109) 0.011 0.099 0.100 0.219 0.012 0.054 0.158 0.189 0.011 0.069 0.109 0.163 0.012 0.066 0.202 

Locus 28 : 28 
6 alleles
0.8% missing data
 260   (0.386) 0.343 0.428 0.424 0.509 0.504 0.299 0.230 0.377 0.279 0.447 0.386 0.219 0.134 0.529 0.496 
 262   (0.506) 0.651 0.464 0.467 0.412 0.485 0.660 0.680 0.549 0.708 0.406 0.506 0.694 0.852 0.400 0.473 
 256   (0.076) 0.005 0.082 0.082 0.069 0.008 0.036 0.065 0.072 0.010 0.087 0.076 0.085 0.011 0.047 0.025 
 258   (0.010) 0.000 0.012 0.015 0.002 0.001 0.002 0.003 0.001 0.001 0.004 0.010 0.001 0.001 0.001 0.002 
 266   (0.006) 0.000 0.003 0.003 0.002 0.001 0.001 0.002 0.000 0.000 0.002 0.006 0.000 0.001 0.011 0.001 
 264   (0.015) 0.000 0.010 0.009 0.005 0.001 0.002 0.021 0.001 0.001 0.054 0.015 0.001 0.001 0.011 0.002 

Locus 29 : 29 
7 alleles
0.2% missing data
 146   (0.280) 0.171 0.318 0.301 0.193 0.302 0.348 0.262 0.333 0.085 0.427 0.280 0.324 0.035 0.177 0.471 
 150   (0.436) 0.705 0.425 0.433 0.562 0.428 0.407 0.578 0.290 0.160 0.392 0.436 0.241 0.141 0.581 0.171 
 140   (0.178) 0.080 0.174 0.175 0.214 0.032 0.169 0.118 0.057 0.691 0.135 0.178 0.389 0.813 0.140 0.121 
 148   (0.062) 0.037 0.047 0.051 0.018 0.223 0.050 0.023 0.316 0.058 0.021 0.062 0.035 0.007 0.041 0.150 
 152   (0.028) 0.001 0.027 0.032 0.007 0.003 0.005 0.013 0.002 0.004 0.021 0.028 0.010 0.003 0.059 0.067 
 151   (0.009) 0.005 0.005 0.005 0.004 0.010 0.002 0.003 0.001 0.002 0.002 0.009 0.001 0.001 0.001 0.006 
 142   (0.008) 0.001 0.004 0.004 0.002 0.001 0.019 0.003 0.000 0.001 0.002 0.008 0.000 0.001 0.001 0.013 

Locus 30 : 30 
6 alleles
0.2% missing data
 125   (0.287) 0.475 0.353 0.335 0.114 0.303 0.308 0.351 0.029 0.628 0.126 0.287 0.142 0.138 0.076 0.099 
 129   (0.426) 0.474 0.386 0.401 0.563 0.639 0.420 0.388 0.787 0.311 0.591 0.425 0.080 0.211 0.603 0.466 
 123   (0.152) 0.048 0.138 0.135 0.185 0.047 0.111 0.180 0.101 0.047 0.233 0.152 0.111 0.018 0.269 0.099 
 127   (0.086) 0.002 0.078 0.081 0.065 0.008 0.151 0.049 0.079 0.010 0.027 0.086 0.527 0.588 0.034 0.327 
 121   (0.013) 0.000 0.008 0.009 0.003 0.001 0.003 0.005 0.001 0.001 0.004 0.013 0.001 0.041 0.002 0.002 
 131   (0.037) 0.001 0.036 0.040 0.070 0.003 0.008 0.026 0.002 0.003 0.019 0.037 0.140 0.004 0.017 0.007 

Locus 31 : 31 
6 alleles
0.2% missing data
 159   (0.173) 0.139 0.150 0.143 0.291 0.111 0.296 0.271 0.011 0.060 0.331 0.173 0.200 0.020 0.203 0.048 
 155   (0.546) 0.688 0.604 0.605 0.313 0.850 0.424 0.477 0.709 0.589 0.347 0.546 0.423 0.525 0.579 0.496 
 157   (0.180) 0.092 0.155 0.162 0.324 0.029 0.252 0.200 0.020 0.302 0.154 0.180 0.061 0.115 0.160 0.435 
 153   (0.063) 0.078 0.064 0.062 0.064 0.006 0.012 0.027 0.004 0.043 0.157 0.063 0.305 0.097 0.051 0.013 
 151   (0.032) 0.002 0.024 0.024 0.007 0.003 0.014 0.023 0.255 0.005 0.010 0.032 0.010 0.243 0.004 0.007 
 163   (0.006) 0.001 0.004 0.004 0.002 0.001 0.001 0.002 0.000 0.001 0.002 0.006 0.000 0.001 0.002 0.001 

Locus 32 : 32 
5 alleles
0.0% missing data
 146   (0.325) 0.068 0.370 0.356 0.283 0.053 0.266 0.364 0.313 0.064 0.364 0.325 0.650 0.584 0.344 0.221 
 150   (0.562) 0.856 0.539 0.548 0.658 0.867 0.508 0.590 0.638 0.924 0.544 0.562 0.253 0.404 0.611 0.408 
 148   (0.060) 0.075 0.045 0.049 0.025 0.074 0.117 0.019 0.045 0.006 0.035 0.060 0.033 0.007 0.012 0.357 
 154   (0.038) 0.001 0.036 0.037 0.016 0.005 0.106 0.021 0.002 0.005 0.016 0.038 0.064 0.004 0.008 0.009 
 152   (0.014) 0.000 0.009 0.011 0.018 0.001 0.002 0.005 0.001 0.001 0.041 0.014 0.001 0.001 0.025 0.005 

Locus 33 : 33 
7 alleles
0.0% missing data
 180   (0.461) 0.608 0.475 0.482 0.415 0.368 0.527 0.415 0.671 0.425 0.287 0.461 0.358 0.698 0.393 0.513 
 196   (0.112) 0.188 0.113 0.102 0.110 0.205 0.049 0.105 0.007 0.115 0.184 0.112 0.025 0.013 0.142 0.025 
 184   (0.197) 0.147 0.191 0.181 0.082 0.122 0.277 0.205 0.071 0.431 0.369 0.196 0.185 0.265 0.333 0.087 
 194   (0.010) 0.039 0.005 0.005 0.002 0.031 0.002 0.003 0.001 0.001 0.002 0.010 0.001 0.001 0.001 0.002 
 192   (0.138) 0.005 0.132 0.143 0.274 0.013 0.101 0.194 0.182 0.016 0.121 0.138 0.165 0.015 0.112 0.353 
 198   (0.067) 0.013 0.075 0.079 0.027 0.259 0.021 0.062 0.067 0.010 0.029 0.067 0.266 0.007 0.012 0.017 
 190   (0.016) 0.000 0.010 0.009 0.090 0.002 0.023 0.017 0.001 0.001 0.007 0.016 0.001 0.001 0.006 0.003 

Locus 34 : 34 
6 alleles
0.0% missing data
 110   (0.191) 0.367 0.197 0.197 0.193 0.170 0.222 0.121 0.072 0.270 0.090 0.191 0.111 0.215 0.076 0.172 
 112   (0.347) 0.514 0.373 0.376 0.309 0.729 0.294 0.337 0.057 0.066 0.459 0.347 0.049 0.039 0.381 0.418 
 106   (0.275) 0.093 0.233 0.234 0.369 0.079 0.408 0.389 0.709 0.587 0.333 0.275 0.248 0.224 0.444 0.153 
  90   (0.037) 0.019 0.027 0.028 0.034 0.006 0.008 0.036 0.002 0.060 0.013 0.037 0.002 0.403 0.006 0.223 
 108   (0.140) 0.007 0.165 0.159 0.093 0.015 0.067 0.113 0.113 0.016 0.102 0.141 0.590 0.118 0.092 0.032 
  96   (0.010) 0.000 0.006 0.006 0.002 0.001 0.002 0.004 0.046 0.001 0.002 0.010 0.001 0.001 0.001 0.003 

Locus 35 : 35 
9 alleles
0.0% missing data
 166   (0.054) 0.285 0.041 0.039 0.035 0.183 0.054 0.019 0.004 0.009 0.036 0.054 0.003 0.007 0.153 0.114 
 176   (0.099) 0.130 0.093 0.091 0.028 0.372 0.217 0.130 0.016 0.021 0.035 0.099 0.097 0.012 0.014 0.034 
 172   (0.324) 0.453 0.348 0.356 0.427 0.218 0.138 0.212 0.586 0.448 0.405 0.324 0.167 0.041 0.423 0.261 
 170   (0.271) 0.124 0.257 0.256 0.202 0.154 0.517 0.253 0.325 0.485 0.261 0.271 0.348 0.614 0.216 0.205 
 174   (0.135) 0.005 0.140 0.123 0.242 0.016 0.048 0.305 0.063 0.013 0.053 0.135 0.043 0.015 0.152 0.358 
 178   (0.040) 0.002 0.040 0.048 0.019 0.050 0.008 0.026 0.003 0.017 0.065 0.040 0.002 0.005 0.012 0.010 
 168   (0.054) 0.001 0.061 0.065 0.027 0.005 0.014 0.048 0.003 0.006 0.032 0.054 0.319 0.305 0.019 0.013 
 186   (0.016) 0.000 0.016 0.015 0.019 0.002 0.003 0.005 0.001 0.001 0.112 0.016 0.019 0.002 0.010 0.003 
 158   (0.006) 0.000 0.005 0.006 0.001 0.001 0.001 0.002 0.000 0.000 0.002 0.006 0.000 0.001 0.001 0.001 

Locus 36 : 36 
6 alleles
0.0% missing data
  89   (0.568) 0.661 0.606 0.597 0.726 0.717 0.498 0.549 0.509 0.231 0.748 0.568 0.603 0.374 0.566 0.649 
  95   (0.061) 0.081 0.052 0.049 0.049 0.021 0.085 0.024 0.005 0.038 0.027 0.061 0.027 0.007 0.114 0.015 
  85   (0.161) 0.224 0.135 0.141 0.067 0.220 0.146 0.209 0.234 0.261 0.136 0.161 0.014 0.493 0.186 0.278 
  81   (0.064) 0.006 0.061 0.067 0.035 0.006 0.176 0.136 0.004 0.009 0.024 0.064 0.004 0.008 0.028 0.015 
  83   (0.127) 0.027 0.134 0.133 0.119 0.034 0.092 0.077 0.247 0.459 0.059 0.127 0.325 0.014 0.094 0.038 
  91   (0.019) 0.000 0.012 0.013 0.004 0.002 0.003 0.005 0.001 0.002 0.006 0.019 0.026 0.104 0.012 0.004 

Locus 37 : 37 
10 alleles
0.0% missing data
 161   (0.344) 0.573 0.334 0.331 0.323 0.527 0.396 0.513 0.375 0.085 0.167 0.344 0.707 0.431 0.250 0.420 
 165   (0.231) 0.166 0.261 0.252 0.177 0.278 0.187 0.152 0.101 0.060 0.240 0.231 0.113 0.132 0.343 0.091 
 159   (0.013) 0.035 0.010 0.011 0.003 0.009 0.002 0.004 0.001 0.001 0.006 0.013 0.001 0.001 0.006 0.003 
 173   (0.256) 0.127 0.239 0.240 0.363 0.083 0.385 0.202 0.514 0.165 0.388 0.256 0.170 0.224 0.214 0.418 
 169   (0.100) 0.088 0.102 0.106 0.107 0.098 0.021 0.106 0.006 0.684 0.170 0.100 0.006 0.205 0.118 0.057 
 167   (0.017) 0.009 0.015 0.020 0.019 0.002 0.003 0.008 0.001 0.002 0.008 0.017 0.001 0.002 0.003 0.004 
 168   (0.011) 0.000 0.012 0.013 0.002 0.001 0.002 0.003 0.001 0.001 0.004 0.011 0.001 0.001 0.001 0.002 
 155   (0.014) 0.000 0.020 0.021 0.003 0.001 0.003 0.007 0.001 0.001 0.006 0.014 0.001 0.001 0.002 0.002 
 177   (0.006) 0.000 0.004 0.004 0.002 0.001 0.001 0.003 0.000 0.000 0.001 0.006 0.000 0.001 0.001 0.002 
 175   (0.007) 0.000 0.003 0.003 0.001 0.001 0.001 0.002 0.000 0.001 0.010 0.007 0.000 0.001 0.063 0.001 

Locus 38 : 38 
6 alleles
0.6% missing data
  87   (0.094) 0.169 0.065 0.064 0.127 0.139 0.112 0.060 0.128 0.012 0.039 0.094 0.437 0.553 0.028 0.021 
  89   (0.435) 0.588 0.483 0.470 0.455 0.669 0.219 0.529 0.092 0.747 0.468 0.435 0.227 0.051 0.656 0.392 
  91   (0.164) 0.131 0.169 0.177 0.169 0.026 0.206 0.166 0.186 0.200 0.111 0.164 0.100 0.209 0.053 0.094 
  81   (0.117) 0.080 0.116 0.117 0.059 0.083 0.219 0.069 0.116 0.012 0.087 0.117 0.008 0.013 0.065 0.435 
  85   (0.185) 0.029 0.163 0.169 0.189 0.082 0.243 0.174 0.478 0.029 0.294 0.185 0.227 0.173 0.197 0.056 
  83   (0.006) 0.003 0.003 0.003 0.001 0.001 0.001 0.002 0.000 0.001 0.002 0.006 0.000 0.001 0.001 0.002 

Locus 39 : 39 
4 alleles
0.6% missing data
 167   (0.786) 0.910 0.768 0.776 0.853 0.927 0.946 0.868 0.859 0.931 0.898 0.786 0.394 0.684 0.709 0.804 
 161   (0.177) 0.088 0.200 0.191 0.109 0.070 0.047 0.114 0.138 0.060 0.087 0.177 0.457 0.312 0.210 0.182 
 165   (0.031) 0.001 0.025 0.028 0.036 0.003 0.006 0.016 0.002 0.008 0.013 0.031 0.149 0.003 0.079 0.012 
 177   (0.006) 0.000 0.007 0.005 0.002 0.001 0.001 0.002 0.001 0.000 0.002 0.006 0.000 0.001 0.001 0.001 

Locus 40 : 40 
6 alleles
0.4% missing data
 228   (0.415) 0.522 0.386 0.388 0.456 0.657 0.441 0.384 0.233 0.728 0.574 0.415 0.118 0.551 0.480 0.637 
 238   (0.337) 0.324 0.361 0.369 0.310 0.268 0.270 0.430 0.117 0.067 0.279 0.337 0.069 0.082 0.336 0.087 
 224   (0.022) 0.090 0.014 0.013 0.005 0.046 0.013 0.007 0.001 0.003 0.005 0.022 0.011 0.002 0.003 0.221 
 236   (0.106) 0.061 0.103 0.096 0.094 0.017 0.114 0.057 0.387 0.190 0.037 0.106 0.285 0.352 0.039 0.026 
 232   (0.012) 0.000 0.009 0.009 0.003 0.002 0.002 0.037 0.001 0.001 0.003 0.012 0.001 0.001 0.002 0.002 
 240   (0.108) 0.002 0.128 0.125 0.133 0.010 0.159 0.086 0.261 0.011 0.102 0.108 0.516 0.013 0.140 0.026 

Locus 41 : 41 
7 alleles
0.0% missing data
 128   (0.115) 0.138 0.104 0.101 0.143 0.064 0.073 0.137 0.032 0.237 0.064 0.115 0.007 0.012 0.266 0.241 
 130   (0.533) 0.612 0.566 0.567 0.526 0.594 0.517 0.556 0.781 0.690 0.475 0.533 0.737 0.061 0.402 0.510 
 114   (0.053) 0.109 0.043 0.046 0.017 0.040 0.076 0.033 0.003 0.031 0.017 0.053 0.003 0.499 0.007 0.010 
 132   (0.120) 0.132 0.111 0.113 0.128 0.283 0.151 0.141 0.047 0.019 0.348 0.120 0.007 0.014 0.176 0.028 
 118   (0.062) 0.002 0.050 0.050 0.105 0.006 0.012 0.053 0.130 0.009 0.037 0.062 0.072 0.204 0.083 0.032 
 134   (0.111) 0.007 0.123 0.119 0.080 0.012 0.171 0.079 0.007 0.013 0.058 0.111 0.174 0.210 0.064 0.179 
 136   (0.006) 0.000 0.004 0.004 0.001 0.001 0.001 0.002 0.000 0.001 0.001 0.006 0.000 0.001 0.001 0.001 

Locus 42 : 42 
6 alleles
1.2% missing data
 102   (0.267) 0.415 0.279 0.271 0.350 0.432 0.410 0.167 0.476 0.074 0.381 0.267 0.015 0.573 0.291 0.219 
 104   (0.408) 0.198 0.435 0.443 0.519 0.152 0.325 0.416 0.413 0.102 0.342 0.408 0.232 0.050 0.545 0.687 
  92   (0.108) 0.106 0.095 0.094 0.050 0.277 0.086 0.220 0.007 0.013 0.146 0.108 0.316 0.051 0.031 0.034 
  96   (0.073) 0.061 0.069 0.065 0.020 0.067 0.055 0.083 0.005 0.710 0.023 0.073 0.176 0.096 0.027 0.019 
  98   (0.138) 0.220 0.118 0.123 0.059 0.072 0.122 0.111 0.099 0.100 0.105 0.138 0.261 0.229 0.105 0.039 
 106   (0.007) 0.001 0.004 0.004 0.002 0.001 0.002 0.002 0.001 0.001 0.003 0.007 0.000 0.001 0.001 0.002 

Locus 43 : 43 
6 alleles
1.4% missing data
 101   (0.301) 0.470 0.278 0.269 0.294 0.218 0.468 0.412 0.182 0.086 0.370 0.301 0.368 0.035 0.264 0.206 
 103   (0.319) 0.178 0.325 0.339 0.404 0.370 0.279 0.190 0.351 0.461 0.443 0.319 0.109 0.228 0.425 0.133 
  99   (0.142) 0.031 0.153 0.155 0.055 0.215 0.065 0.210 0.009 0.075 0.057 0.142 0.181 0.416 0.094 0.596 
  95   (0.213) 0.321 0.219 0.215 0.242 0.195 0.183 0.178 0.457 0.376 0.123 0.213 0.335 0.170 0.213 0.061 
  97   (0.018) 0.000 0.019 0.016 0.004 0.002 0.003 0.008 0.001 0.002 0.005 0.018 0.006 0.151 0.002 0.003 
  91   (0.006) 0.000 0.006 0.005 0.001 0.001 0.001 0.002 0.000 0.001 0.002 0.006 0.000 0.001 0.001 0.001 

Locus 44 : 44 
7 alleles
0.2% missing data
 177   (0.080) 0.064 0.084 0.083 0.052 0.162 0.063 0.035 0.005 0.010 0.050 0.080 0.112 0.010 0.053 0.017 
 191   (0.285) 0.185 0.323 0.339 0.334 0.112 0.300 0.267 0.099 0.053 0.210 0.285 0.632 0.280 0.124 0.331 
 181   (0.565) 0.749 0.536 0.517 0.600 0.720 0.620 0.665 0.862 0.931 0.714 0.565 0.138 0.521 0.741 0.566 
 189   (0.007) 0.000 0.003 0.003 0.001 0.001 0.001 0.002 0.030 0.000 0.001 0.007 0.000 0.001 0.001 0.001 
 179   (0.045) 0.001 0.044 0.045 0.010 0.004 0.012 0.025 0.003 0.004 0.019 0.045 0.107 0.186 0.006 0.081 
 183   (0.009) 0.000 0.007 0.008 0.002 0.001 0.002 0.004 0.001 0.001 0.003 0.009 0.001 0.001 0.004 0.002 
 193   (0.010) 0.000 0.005 0.004 0.002 0.001 0.002 0.003 0.001 0.001 0.003 0.010 0.009 0.001 0.071 0.002 

Locus 45 : 45 
6 alleles
0.8% missing data
 205   (0.460) 0.504 0.496 0.504 0.407 0.543 0.538 0.371 0.406 0.871 0.551 0.460 0.311 0.249 0.533 0.533 
 211   (0.228) 0.250 0.218 0.226 0.169 0.110 0.188 0.349 0.274 0.045 0.227 0.228 0.392 0.341 0.119 0.291 
 207   (0.140) 0.127 0.140 0.131 0.177 0.190 0.090 0.098 0.200 0.061 0.156 0.140 0.071 0.017 0.241 0.052 
 201   (0.077) 0.069 0.059 0.059 0.163 0.118 0.081 0.099 0.005 0.012 0.036 0.077 0.040 0.381 0.023 0.024 
 215   (0.083) 0.050 0.072 0.066 0.082 0.037 0.101 0.079 0.114 0.009 0.026 0.083 0.178 0.010 0.083 0.097 
 202   (0.011) 0.000 0.015 0.014 0.002 0.001 0.002 0.004 0.001 0.001 0.003 0.011 0.008 0.001 0.002 0.002 

Locus 46 : 46 
10 alleles
1.0% missing data
 144   (0.063) 0.252 0.052 0.050 0.077 0.079 0.014 0.095 0.128 0.050 0.023 0.063 0.007 0.008 0.032 0.070 
 158   (0.155) 0.114 0.152 0.149 0.180 0.392 0.268 0.131 0.083 0.034 0.095 0.155 0.122 0.021 0.034 0.197 
 168   (0.142) 0.222 0.182 0.158 0.065 0.066 0.134 0.114 0.107 0.053 0.048 0.142 0.216 0.216 0.038 0.032 
 166   (0.140) 0.322 0.118 0.126 0.081 0.123 0.089 0.099 0.388 0.460 0.089 0.140 0.026 0.123 0.300 0.040 
 142   (0.361) 0.087 0.385 0.404 0.537 0.306 0.434 0.287 0.285 0.388 0.619 0.361 0.143 0.047 0.528 0.634 
 170   (0.016) 0.001 0.009 0.009 0.003 0.001 0.004 0.040 0.001 0.002 0.004 0.016 0.047 0.002 0.002 0.004 
 156   (0.028) 0.001 0.023 0.024 0.019 0.015 0.005 0.009 0.002 0.002 0.032 0.028 0.084 0.468 0.004 0.005 
 162   (0.047) 0.001 0.037 0.039 0.014 0.004 0.039 0.071 0.003 0.005 0.021 0.047 0.162 0.109 0.053 0.009 
 164   (0.041) 0.001 0.038 0.037 0.023 0.012 0.011 0.150 0.002 0.005 0.067 0.041 0.193 0.005 0.008 0.007 
 160   (0.006) 0.000 0.004 0.004 0.001 0.001 0.002 0.002 0.000 0.001 0.002 0.006 0.000 0.001 0.001 0.001 

Locus 47 : 47 
7 alleles
9.9% missing data
 149   (0.351) 0.211 0.363 0.366 0.338 0.189 0.085 0.300 0.336 0.475 0.373 0.351 0.769 0.349 0.413 0.507 
 151   (0.181) 0.208 0.159 0.161 0.195 0.572 0.371 0.160 0.012 0.117 0.191 0.181 0.087 0.084 0.104 0.352 
 153   (0.192) 0.363 0.192 0.202 0.293 0.131 0.181 0.150 0.025 0.104 0.257 0.192 0.043 0.029 0.402 0.072 
 147   (0.028) 0.034 0.020 0.022 0.008 0.030 0.005 0.066 0.002 0.003 0.008 0.028 0.002 0.004 0.004 0.007 
 145   (0.224) 0.183 0.251 0.234 0.161 0.074 0.353 0.289 0.624 0.299 0.166 0.224 0.042 0.531 0.074 0.055 
 152   (0.007) 0.002 0.003 0.004 0.002 0.001 0.001 0.003 0.000 0.001 0.002 0.007 0.001 0.001 0.001 0.003 
 143   (0.016) 0.000 0.011 0.011 0.003 0.002 0.003 0.032 0.001 0.001 0.004 0.016 0.056 0.002 0.002 0.003 

Values of parameters used in structure:
DATAFILE=temp2.str,	OUTFILE=k15/temp2_k15_run1,	NUMINDS=486,	NUMLOCI=47,	MISSING=-9,	LABEL=1,	POPDATA=1,	POPFLAG=0,	PHENOTYPE=0,	EXTRACOLS=0,	MAXPOPS=15,	BURNIN=500000,	NUMREPS=750000,	USEPOPINFO=0,	INFERALPHA=1,	INFERLAMBDA=0,	POPSPECIFICLAMBDA=0,	POPALPHAS=0,	COMPUTEPROB=1,	NOADMIX=0,	ADMBURNIN=500,	UPDATEFREQ=100,	PRINTLIKES=0,	INTERMEDSAVE=0,	PRINTKLD=0,	PRINTNET=1,	PRINTLAMBDA=1,	ANCESTDIST=0,	NUMBOXES=1000,	ANCESTPINT=0.90000,	GENSBACK=2,	MIGRPRIOR=0.01000,	PRINTQHAT=0,	PRINTQSUM=1,	ALPHA=1.0000,	FREQSCORR=1,	FPRIORMEAN=0.0100,	FPRIORSD=0.0500,	ONEFST=0,	LAMBDA=1.0000,	UNIFPRIORALPHA=1,	ALPHAMAX=10.0000,	ALPHAPRIORA=1.0000,	ALPHAPRIORB=2.0000,	ALPHAPROPSD=0.0250,	STARTATPOPINFO=0,	RANDOMIZE=0,	LINKAGE=0,	METROFREQ=10,	REPORTHITRATE=0,	MARKOVPHASE=0,	PHASED=1,	PLOIDY=2,	PHASEINFO=0	LOCPRIOR=0, 	LOCPRIORINIT=1.000000, 	LOCDATA=0, 	LOCISPOP=1, 	LOCPRIORSTEP=0.100000, 	MAXLOCPRIOR=20.000000, 	SEED=954792,	
[STRAT parameters]:    NUMSIMSTATS=1000,	PHENOTYPECOL=-9,	POOLFREQ=10,	LOCUSxONLY=0,	EMERROR=0.00100,	MISSINGPHENO=-9,	