

----------------------------------------------------
STRUCTURE by Pritchard, Stephens and Donnelly (2000)
     and Falush, Stephens and Pritchard (2003)
       Code by Pritchard, Falush and Hubisz
             Version 2.3.4 (Jul 2012)
----------------------------------------------------



Command line arguments:   structure -D 718471 -K 16 -m mainparams -o k16/temp2_k16_run4 
Input File:    temp2.str

Run parameters:
   486 individuals
   47 loci
   16 populations assumed
   500000 Burn-in period
   750000 Reps
RANDOMIZE turned off


--------------------------------------------
Proportion of membership of each pre-defined
 population in each of the 16 clusters

Given    Inferred Clusters                                                                                                  Number of
 Pop       1      2      3      4      5      6      7      8      9     10     11     12     13     14     15     16      Individuals

  1:     0.009  0.009  0.006  0.004  0.009  0.003  0.010  0.009  0.846  0.035  0.008  0.010  0.010  0.012  0.009  0.011       63
  2:     0.009  0.012  0.010  0.006  0.012  0.003  0.014  0.012  0.852  0.012  0.007  0.006  0.014  0.014  0.011  0.007       20
  3:     0.004  0.003  0.006  0.007  0.004  0.936  0.005  0.004  0.003  0.004  0.004  0.004  0.004  0.004  0.003  0.004       36
  4:     0.010  0.011  0.008  0.004  0.018  0.003  0.019  0.018  0.697  0.112  0.006  0.014  0.020  0.037  0.010  0.013       21
  5:     0.007  0.008  0.006  0.003  0.007  0.003  0.007  0.007  0.366  0.533  0.005  0.010  0.007  0.012  0.014  0.006       31
  6:     0.010  0.006  0.004  0.005  0.007  0.004  0.009  0.008  0.877  0.017  0.004  0.006  0.009  0.006  0.012  0.017       21
  7:     0.023  0.014  0.023  0.004  0.018  0.005  0.017  0.017  0.011  0.011  0.011  0.017  0.017  0.770  0.006  0.033       25
  8:     0.015  0.015  0.041  0.010  0.026  0.093  0.037  0.030  0.453  0.134  0.009  0.049  0.032  0.020  0.013  0.023        8
  9:     0.024  0.009  0.004  0.005  0.009  0.002  0.008  0.009  0.543  0.017  0.005  0.006  0.008  0.009  0.334  0.009       17
 10:     0.004  0.005  0.005  0.003  0.004  0.003  0.005  0.005  0.005  0.004  0.935  0.005  0.005  0.006  0.003  0.004       29
 11:     0.002  0.002  0.002  0.962  0.003  0.006  0.003  0.003  0.002  0.002  0.002  0.002  0.003  0.002  0.003  0.002        9
 12:     0.022  0.017  0.027  0.009  0.167  0.018  0.166  0.166  0.010  0.016  0.014  0.096  0.153  0.056  0.009  0.054       26
 13:     0.139  0.042  0.046  0.009  0.104  0.012  0.100  0.102  0.013  0.013  0.011  0.163  0.099  0.026  0.012  0.109       74
 14:     0.291  0.089  0.069  0.007  0.070  0.012  0.076  0.072  0.019  0.013  0.014  0.061  0.069  0.020  0.009  0.110       35
 15:     0.208  0.298  0.013  0.009  0.044  0.007  0.041  0.044  0.030  0.013  0.007  0.019  0.041  0.024  0.007  0.195       24
 16:     0.025  0.022  0.011  0.009  0.156  0.022  0.161  0.154  0.025  0.012  0.025  0.140  0.152  0.035  0.007  0.043       43
 17:     0.014  0.009  0.012  0.003  0.203  0.006  0.208  0.242  0.013  0.013  0.009  0.018  0.170  0.011  0.049  0.019        4
--------------------------------------------

Allele-freq. divergence among pops (Net nucleotide distance),
computed using point estimates of P.

      1       2       3       4       5       6       7       8       9      10      11      12      13      14      15      16      
 1      -    0.0316  0.0680  0.1317  0.0204  0.1307  0.0215  0.0206  0.0459  0.0666  0.0765  0.0329  0.0213  0.0419  0.1220  0.0247  
 2   0.0316     -    0.0765  0.1376  0.0303  0.1299  0.0306  0.0303  0.0635  0.0677  0.0785  0.0409  0.0299  0.0446  0.1534  0.0321  
 3   0.0680  0.0765     -    0.1702  0.0503  0.1339  0.0512  0.0505  0.0788  0.0820  0.1081  0.0664  0.0505  0.0618  0.1535  0.0593  
 4   0.1317  0.1376  0.1702     -    0.1008  0.1135  0.0997  0.1010  0.1451  0.1441  0.1338  0.1104  0.0996  0.1074  0.2028  0.1264  
 5   0.0204  0.0303  0.0503  0.1008     -    0.0835  0.0003  0.0000  0.0313  0.0396  0.0552  0.0111  0.0003  0.0202  0.1015  0.0163  
 6   0.1307  0.1299  0.1339  0.1135  0.0835     -    0.0823  0.0833  0.1459  0.1390  0.1229  0.0938  0.0824  0.1054  0.2164  0.1116  
 7   0.0215  0.0306  0.0512  0.0997  0.0003  0.0823     -    0.0002  0.0314  0.0390  0.0545  0.0111  0.0001  0.0203  0.1033  0.0173  
 8   0.0206  0.0303  0.0505  0.1010  0.0000  0.0833  0.0002     -    0.0314  0.0394  0.0551  0.0113  0.0002  0.0202  0.1023  0.0165  
 9   0.0459  0.0635  0.0788  0.1451  0.0313  0.1459  0.0314  0.0314     -    0.0410  0.0811  0.0360  0.0314  0.0453  0.1057  0.0486  
10   0.0666  0.0677  0.0820  0.1441  0.0396  0.1390  0.0390  0.0394  0.0410     -    0.0946  0.0477  0.0389  0.0571  0.1351  0.0606  
11   0.0765  0.0785  0.1081  0.1338  0.0552  0.1229  0.0545  0.0551  0.0811  0.0946     -    0.0667  0.0545  0.0613  0.1609  0.0732  
12   0.0329  0.0409  0.0664  0.1104  0.0111  0.0938  0.0111  0.0113  0.0360  0.0477  0.0667     -    0.0110  0.0269  0.1131  0.0267  
13   0.0213  0.0299  0.0505  0.0996  0.0003  0.0824  0.0001  0.0002  0.0314  0.0389  0.0545  0.0110     -    0.0207  0.1033  0.0169  
14   0.0419  0.0446  0.0618  0.1074  0.0202  0.1054  0.0203  0.0202  0.0453  0.0571  0.0613  0.0269  0.0207     -    0.1228  0.0379  
15   0.1220  0.1534  0.1535  0.2028  0.1015  0.2164  0.1033  0.1023  0.1057  0.1351  0.1609  0.1131  0.1033  0.1228     -    0.1288  
16   0.0247  0.0321  0.0593  0.1264  0.0163  0.1116  0.0173  0.0165  0.0486  0.0606  0.0732  0.0267  0.0169  0.0379  0.1288     -    

Average distances (expected heterozygosity) between individuals in same cluster:
cluster  1  : 0.5575 
cluster  2  : 0.5593 
cluster  3  : 0.5334 
cluster  4  : 0.5324 
cluster  5  : 0.6403 
cluster  6  : 0.6316 
cluster  7  : 0.6405 
cluster  8  : 0.6400 
cluster  9  : 0.5377 
cluster 10  : 0.5378 
cluster 11  : 0.5438 
cluster 12  : 0.6054 
cluster 13  : 0.6403 
cluster 14  : 0.5947 
cluster 15  : 0.4315 
cluster 16  : 0.5834 

--------------------------------------------
Estimated Ln Prob of Data   = -52938.9
Mean value of ln likelihood = -50117.4
Variance of ln likelihood   = 5643.0
Mean value of alpha         = 0.0340

Mean value of Fst_1         = 0.1169
Mean value of Fst_2         = 0.1609
Mean value of Fst_3         = 0.2496
Mean value of Fst_4         = 0.3109
Mean value of Fst_5         = 0.0306
Mean value of Fst_6         = 0.1895
Mean value of Fst_7         = 0.0261
Mean value of Fst_8         = 0.0287
Mean value of Fst_9         = 0.1441
Mean value of Fst_10         = 0.1808
Mean value of Fst_11         = 0.2153
Mean value of Fst_12         = 0.0603
Mean value of Fst_13         = 0.0379
Mean value of Fst_14         = 0.0949
Mean value of Fst_15         = 0.4125
Mean value of Fst_16         = 0.1044


Inferred ancestry of individuals:
        Label (%Miss) Pop:  Inferred clusters
  1      221    (0)    1 :  0.008 0.006 0.003 0.003 0.006 0.003 0.007 0.007 0.902 0.008 0.002 0.009 0.007 0.018 0.004 0.006 
  2      222    (0)    1 :  0.008 0.003 0.010 0.004 0.009 0.004 0.010 0.009 0.411 0.487 0.008 0.007 0.010 0.007 0.005 0.006 
  3      223    (0)    1 :  0.010 0.005 0.005 0.003 0.009 0.006 0.010 0.010 0.870 0.008 0.003 0.027 0.009 0.008 0.008 0.010 
  4      224    (0)    1 :  0.003 0.002 0.004 0.001 0.003 0.001 0.003 0.003 0.954 0.005 0.005 0.003 0.003 0.004 0.005 0.002 
  5      225    (0)    1 :  0.004 0.003 0.004 0.002 0.006 0.002 0.006 0.005 0.936 0.006 0.004 0.006 0.006 0.003 0.003 0.004 
  6      226    (0)    1 :  0.003 0.002 0.007 0.006 0.004 0.001 0.004 0.004 0.928 0.003 0.002 0.011 0.004 0.013 0.004 0.003 
  7      227    (0)    1 :  0.005 0.005 0.004 0.015 0.010 0.007 0.010 0.010 0.851 0.003 0.005 0.016 0.010 0.036 0.005 0.006 
  8      228    (0)    1 :  0.028 0.004 0.009 0.003 0.009 0.004 0.010 0.009 0.865 0.007 0.005 0.009 0.010 0.006 0.012 0.009 
  9      234    (0)    1 :  0.005 0.004 0.004 0.002 0.004 0.001 0.004 0.004 0.942 0.007 0.002 0.004 0.004 0.003 0.004 0.004 
 10      235    (0)    1 :  0.003 0.002 0.002 0.004 0.004 0.001 0.004 0.004 0.950 0.009 0.002 0.002 0.003 0.004 0.004 0.003 
 11      236    (0)    1 :  0.002 0.002 0.002 0.002 0.003 0.001 0.003 0.002 0.953 0.003 0.002 0.003 0.003 0.004 0.014 0.002 
 12      237    (0)    1 :  0.004 0.004 0.004 0.002 0.004 0.002 0.004 0.004 0.943 0.008 0.002 0.006 0.003 0.003 0.002 0.006 
 13      238    (0)    1 :  0.005 0.006 0.004 0.003 0.009 0.006 0.009 0.008 0.841 0.039 0.012 0.009 0.008 0.025 0.003 0.013 
 14      239    (0)    1 :  0.016 0.009 0.007 0.007 0.026 0.002 0.027 0.024 0.680 0.014 0.014 0.043 0.024 0.074 0.025 0.008 
 15      240    (0)    1 :  0.003 0.004 0.004 0.002 0.004 0.001 0.004 0.004 0.946 0.006 0.003 0.003 0.004 0.006 0.006 0.003 
 16      242    (0)    1 :  0.022 0.007 0.008 0.001 0.052 0.001 0.055 0.045 0.298 0.266 0.002 0.139 0.062 0.012 0.003 0.026 
 17      243    (0)    1 :  0.005 0.005 0.009 0.015 0.014 0.002 0.013 0.015 0.838 0.013 0.015 0.010 0.013 0.021 0.006 0.007 
 18      244    (0)    1 :  0.003 0.002 0.003 0.012 0.007 0.003 0.008 0.007 0.886 0.014 0.003 0.016 0.008 0.021 0.002 0.003 
 19      245    (0)    1 :  0.008 0.021 0.007 0.009 0.014 0.025 0.015 0.014 0.778 0.004 0.007 0.009 0.014 0.013 0.047 0.015 
 20      246    (0)    1 :  0.003 0.002 0.003 0.005 0.005 0.003 0.004 0.005 0.941 0.011 0.003 0.003 0.004 0.003 0.003 0.003 
 21      248    (0)    1 :  0.004 0.004 0.002 0.003 0.007 0.003 0.008 0.007 0.864 0.045 0.020 0.009 0.007 0.005 0.009 0.006 
 22      249    (0)    1 :  0.002 0.002 0.004 0.001 0.002 0.001 0.002 0.002 0.966 0.002 0.002 0.003 0.002 0.003 0.002 0.002 
 23      250    (0)    1 :  0.012 0.006 0.006 0.006 0.014 0.007 0.015 0.014 0.843 0.005 0.009 0.010 0.014 0.009 0.012 0.019 
 24      251    (0)    1 :  0.010 0.006 0.002 0.004 0.005 0.001 0.005 0.005 0.914 0.016 0.003 0.006 0.006 0.004 0.005 0.008 
 25      252    (0)    1 :  0.009 0.010 0.008 0.001 0.009 0.002 0.008 0.008 0.857 0.003 0.038 0.007 0.008 0.007 0.005 0.021 
 26      253    (0)    1 :  0.004 0.003 0.004 0.003 0.023 0.015 0.022 0.021 0.818 0.003 0.022 0.023 0.021 0.008 0.006 0.006 
 27      254    (0)    1 :  0.003 0.005 0.003 0.002 0.005 0.002 0.006 0.005 0.931 0.004 0.003 0.007 0.006 0.008 0.004 0.005 
 28      255    (0)    1 :  0.011 0.005 0.004 0.003 0.017 0.003 0.022 0.019 0.549 0.254 0.006 0.014 0.018 0.052 0.018 0.007 
 29      256    (0)    1 :  0.005 0.004 0.013 0.002 0.010 0.004 0.009 0.010 0.860 0.055 0.002 0.005 0.009 0.003 0.002 0.007 
 30      257    (0)    1 :  0.010 0.011 0.003 0.003 0.008 0.002 0.009 0.008 0.880 0.007 0.009 0.011 0.009 0.019 0.003 0.009 
 31      258    (0)    1 :  0.010 0.013 0.003 0.002 0.009 0.005 0.009 0.009 0.860 0.027 0.003 0.008 0.009 0.012 0.010 0.010 
 32      259    (0)    1 :  0.005 0.018 0.005 0.002 0.014 0.002 0.018 0.014 0.865 0.009 0.003 0.008 0.023 0.006 0.002 0.005 
 33      260    (0)    1 :  0.005 0.003 0.003 0.006 0.006 0.002 0.005 0.006 0.822 0.005 0.071 0.004 0.006 0.028 0.022 0.006 
 34      261    (0)    1 :  0.015 0.103 0.005 0.002 0.013 0.002 0.012 0.012 0.731 0.005 0.008 0.004 0.012 0.014 0.003 0.060 
 35      262    (0)    1 :  0.003 0.002 0.003 0.001 0.002 0.001 0.002 0.002 0.965 0.006 0.002 0.002 0.002 0.002 0.002 0.002 
 36      263    (0)    1 :  0.003 0.004 0.005 0.005 0.006 0.003 0.005 0.005 0.863 0.013 0.024 0.005 0.005 0.043 0.005 0.006 
 37      264    (0)    1 :  0.004 0.009 0.013 0.001 0.004 0.001 0.004 0.004 0.923 0.009 0.003 0.004 0.005 0.006 0.003 0.005 
 38      265    (0)    1 :  0.005 0.007 0.005 0.002 0.006 0.001 0.006 0.006 0.868 0.019 0.037 0.003 0.006 0.019 0.007 0.004 
 39      266    (0)    1 :  0.003 0.002 0.002 0.001 0.003 0.001 0.003 0.003 0.957 0.005 0.002 0.003 0.003 0.002 0.005 0.003 
 40      267    (0)    1 :  0.004 0.002 0.003 0.002 0.003 0.001 0.003 0.003 0.941 0.022 0.001 0.005 0.003 0.003 0.002 0.002 
 41      268    (0)    1 :  0.005 0.004 0.004 0.007 0.006 0.001 0.006 0.006 0.874 0.003 0.053 0.007 0.006 0.006 0.003 0.009 
 42      269    (0)    1 :  0.003 0.006 0.002 0.001 0.003 0.001 0.003 0.003 0.935 0.007 0.002 0.003 0.003 0.004 0.019 0.003 
 43      270    (0)    1 :  0.004 0.003 0.022 0.002 0.003 0.001 0.003 0.003 0.932 0.004 0.002 0.005 0.003 0.006 0.003 0.003 
 44      271    (0)    1 :  0.008 0.025 0.007 0.003 0.027 0.006 0.024 0.025 0.697 0.011 0.010 0.014 0.025 0.012 0.075 0.032 
 45      272    (0)    1 :  0.009 0.096 0.019 0.006 0.030 0.001 0.028 0.029 0.301 0.412 0.005 0.008 0.028 0.008 0.013 0.008 
 46      273    (0)    1 :  0.015 0.009 0.018 0.002 0.013 0.004 0.015 0.014 0.810 0.013 0.003 0.015 0.013 0.038 0.011 0.007 
 47      274    (0)    1 :  0.006 0.013 0.003 0.003 0.005 0.002 0.005 0.005 0.918 0.004 0.006 0.005 0.005 0.008 0.006 0.006 
 48      275    (2)    1 :  0.005 0.003 0.003 0.002 0.004 0.002 0.004 0.004 0.939 0.009 0.002 0.005 0.004 0.007 0.003 0.003 
 49      276    (0)    1 :  0.006 0.009 0.004 0.002 0.006 0.001 0.006 0.006 0.917 0.005 0.004 0.007 0.006 0.005 0.005 0.010 
 50      277    (0)    1 :  0.043 0.008 0.007 0.001 0.013 0.001 0.011 0.014 0.791 0.003 0.002 0.006 0.010 0.008 0.012 0.069 
 51      278    (0)    1 :  0.017 0.010 0.002 0.007 0.009 0.001 0.011 0.010 0.817 0.016 0.004 0.011 0.010 0.006 0.005 0.063 
 52      279    (0)    1 :  0.006 0.004 0.005 0.002 0.015 0.002 0.016 0.014 0.878 0.017 0.002 0.009 0.013 0.007 0.003 0.008 
 53      280    (0)    1 :  0.026 0.008 0.003 0.003 0.010 0.002 0.012 0.012 0.793 0.007 0.005 0.011 0.012 0.019 0.063 0.015 
 54      287    (0)    1 :  0.010 0.006 0.006 0.004 0.015 0.003 0.016 0.015 0.869 0.004 0.006 0.007 0.015 0.013 0.003 0.008 
 55      290    (0)    1 :  0.010 0.013 0.015 0.006 0.013 0.002 0.014 0.014 0.789 0.078 0.002 0.008 0.013 0.010 0.006 0.008 
 56      291    (0)    1 :  0.034 0.010 0.003 0.003 0.010 0.002 0.012 0.011 0.851 0.003 0.006 0.005 0.014 0.006 0.015 0.014 
 57      295    (0)    1 :  0.028 0.005 0.003 0.001 0.004 0.001 0.004 0.004 0.923 0.006 0.003 0.003 0.003 0.004 0.003 0.006 
 58      296    (0)    1 :  0.003 0.003 0.010 0.003 0.004 0.002 0.004 0.004 0.929 0.008 0.004 0.009 0.004 0.004 0.005 0.005 
 59      872    (2)    1 :  0.004 0.004 0.005 0.006 0.005 0.005 0.005 0.005 0.834 0.094 0.007 0.004 0.006 0.005 0.004 0.007 
 60      873    (4)    1 :  0.003 0.003 0.019 0.004 0.012 0.003 0.014 0.012 0.838 0.029 0.003 0.011 0.016 0.013 0.010 0.009 
 61      874    (2)    1 :  0.007 0.009 0.004 0.001 0.004 0.001 0.004 0.004 0.913 0.012 0.002 0.007 0.005 0.005 0.002 0.019 
 62      875    (0)    1 :  0.005 0.004 0.003 0.017 0.005 0.003 0.005 0.005 0.910 0.014 0.002 0.005 0.005 0.006 0.006 0.004 
 63      876    (6)    1 :  0.013 0.007 0.004 0.001 0.008 0.002 0.007 0.008 0.868 0.005 0.011 0.019 0.008 0.021 0.005 0.014 
 64      212    (0)   10 :  0.004 0.003 0.003 0.001 0.002 0.002 0.003 0.003 0.002 0.003 0.961 0.003 0.003 0.002 0.002 0.004 
 65      213    (0)   10 :  0.007 0.003 0.003 0.003 0.004 0.002 0.004 0.004 0.005 0.002 0.935 0.006 0.004 0.003 0.008 0.007 
 66      214    (0)   10 :  0.002 0.007 0.002 0.001 0.005 0.003 0.005 0.005 0.004 0.006 0.935 0.006 0.005 0.006 0.002 0.004 
 67      215    (0)   10 :  0.008 0.003 0.003 0.004 0.004 0.002 0.004 0.004 0.005 0.004 0.940 0.004 0.004 0.004 0.003 0.004 
 68      216    (0)   10 :  0.005 0.003 0.003 0.002 0.003 0.001 0.003 0.003 0.005 0.002 0.953 0.002 0.003 0.003 0.004 0.004 
 69      217    (0)   10 :  0.004 0.005 0.006 0.002 0.005 0.002 0.005 0.005 0.005 0.004 0.932 0.009 0.005 0.003 0.004 0.004 
 70      218    (0)   10 :  0.003 0.003 0.004 0.002 0.003 0.003 0.003 0.003 0.003 0.002 0.959 0.003 0.003 0.003 0.002 0.003 
 71      332    (0)   10 :  0.007 0.010 0.032 0.005 0.007 0.002 0.006 0.007 0.010 0.007 0.860 0.011 0.007 0.016 0.003 0.010 
 72      333    (0)   10 :  0.007 0.008 0.006 0.010 0.012 0.008 0.011 0.012 0.011 0.013 0.845 0.010 0.013 0.027 0.004 0.005 
 73      334    (0)   10 :  0.004 0.004 0.006 0.003 0.004 0.002 0.004 0.004 0.007 0.002 0.933 0.005 0.004 0.007 0.003 0.006 
 74      335    (0)   10 :  0.004 0.005 0.002 0.002 0.003 0.002 0.003 0.003 0.002 0.002 0.962 0.003 0.003 0.003 0.001 0.002 
 75      336    (0)   10 :  0.002 0.002 0.003 0.014 0.002 0.002 0.002 0.002 0.003 0.005 0.946 0.002 0.003 0.005 0.004 0.003 
 76      337    (0)   10 :  0.003 0.003 0.002 0.002 0.005 0.003 0.005 0.005 0.009 0.008 0.931 0.006 0.005 0.010 0.002 0.003 
 77      673    (0)   10 :  0.002 0.002 0.001 0.001 0.001 0.002 0.001 0.001 0.002 0.001 0.979 0.001 0.001 0.002 0.001 0.001 
 78      674    (0)   10 :  0.003 0.005 0.007 0.002 0.005 0.002 0.005 0.005 0.004 0.005 0.938 0.002 0.005 0.005 0.002 0.005 
 79      675    (0)   10 :  0.007 0.003 0.003 0.004 0.004 0.002 0.004 0.004 0.003 0.002 0.942 0.003 0.004 0.005 0.004 0.005 
 80      676    (0)   10 :  0.008 0.006 0.005 0.001 0.004 0.002 0.004 0.005 0.003 0.002 0.934 0.007 0.004 0.006 0.001 0.006 
 81      677    (0)   10 :  0.003 0.004 0.002 0.003 0.003 0.002 0.004 0.004 0.006 0.003 0.950 0.004 0.004 0.004 0.002 0.003 
 82      678    (0)   10 :  0.009 0.006 0.002 0.004 0.010 0.003 0.012 0.011 0.007 0.012 0.894 0.007 0.010 0.003 0.004 0.005 
 83      679    (0)   10 :  0.002 0.004 0.015 0.002 0.006 0.024 0.007 0.007 0.004 0.002 0.904 0.005 0.006 0.007 0.001 0.005 
 84      680    (0)   10 :  0.006 0.009 0.006 0.005 0.005 0.002 0.005 0.005 0.004 0.003 0.919 0.004 0.005 0.012 0.003 0.007 
 85      681    (0)   10 :  0.005 0.003 0.004 0.002 0.006 0.002 0.005 0.005 0.007 0.003 0.932 0.008 0.005 0.007 0.002 0.005 
 86      682    (0)   10 :  0.002 0.002 0.002 0.004 0.002 0.002 0.002 0.002 0.002 0.002 0.966 0.002 0.002 0.002 0.003 0.002 
 87      683    (0)   10 :  0.004 0.004 0.006 0.002 0.005 0.003 0.005 0.006 0.005 0.003 0.932 0.004 0.005 0.007 0.004 0.004 
 88      684    (0)   10 :  0.005 0.008 0.003 0.003 0.005 0.002 0.005 0.005 0.002 0.003 0.937 0.003 0.005 0.006 0.002 0.005 
 89      685    (0)   10 :  0.003 0.003 0.003 0.003 0.006 0.005 0.006 0.006 0.003 0.006 0.932 0.005 0.006 0.009 0.003 0.003 
 90      686    (0)   10 :  0.002 0.002 0.002 0.003 0.002 0.004 0.002 0.002 0.002 0.002 0.965 0.002 0.002 0.003 0.002 0.002 
 91      687    (0)   10 :  0.004 0.002 0.002 0.002 0.002 0.001 0.002 0.002 0.002 0.002 0.967 0.002 0.002 0.003 0.002 0.002 
 92      688    (0)   10 :  0.004 0.015 0.005 0.002 0.003 0.001 0.003 0.003 0.007 0.004 0.931 0.004 0.003 0.006 0.003 0.007 
 93      070    (0)   11 :  0.002 0.003 0.002 0.951 0.004 0.008 0.004 0.004 0.002 0.003 0.002 0.003 0.004 0.003 0.001 0.003 
 94      071    (0)   11 :  0.003 0.003 0.002 0.954 0.003 0.001 0.003 0.003 0.002 0.002 0.006 0.003 0.003 0.004 0.006 0.003 
 95      072    (0)   11 :  0.002 0.002 0.001 0.970 0.002 0.005 0.002 0.002 0.002 0.002 0.001 0.002 0.002 0.002 0.003 0.001 
 96      151    (0)   11 :  0.002 0.002 0.001 0.978 0.001 0.002 0.001 0.001 0.001 0.001 0.001 0.001 0.001 0.002 0.001 0.002 
 97      152    (0)   11 :  0.005 0.004 0.002 0.945 0.005 0.002 0.006 0.005 0.003 0.002 0.002 0.004 0.006 0.003 0.004 0.003 
 98      153    (2)   11 :  0.001 0.001 0.001 0.979 0.001 0.002 0.002 0.001 0.001 0.002 0.001 0.001 0.001 0.002 0.001 0.001 
 99      788    (4)   11 :  0.003 0.003 0.001 0.937 0.003 0.029 0.003 0.003 0.002 0.001 0.002 0.002 0.003 0.002 0.003 0.003 
100      789    (2)   11 :  0.002 0.002 0.001 0.970 0.002 0.002 0.002 0.002 0.002 0.002 0.003 0.002 0.002 0.002 0.002 0.002 
101      790    (0)   11 :  0.002 0.001 0.001 0.973 0.002 0.001 0.002 0.002 0.002 0.002 0.001 0.002 0.002 0.002 0.003 0.001 
102      010    (0)   12 :  0.005 0.004 0.006 0.002 0.268 0.012 0.236 0.225 0.005 0.007 0.004 0.018 0.180 0.010 0.007 0.011 
103      024    (0)   12 :  0.010 0.043 0.008 0.006 0.217 0.046 0.185 0.203 0.006 0.006 0.010 0.012 0.217 0.010 0.005 0.015 
104      051    (0)   12 :  0.006 0.005 0.005 0.012 0.169 0.047 0.142 0.155 0.005 0.007 0.008 0.025 0.126 0.273 0.004 0.010 
105      090    (0)   12 :  0.015 0.008 0.013 0.007 0.191 0.021 0.155 0.207 0.007 0.008 0.005 0.093 0.195 0.058 0.003 0.013 
106      102    (0)   12 :  0.077 0.013 0.011 0.002 0.175 0.002 0.116 0.178 0.030 0.035 0.003 0.035 0.138 0.018 0.004 0.165 
107      111    (0)   12 :  0.006 0.028 0.005 0.002 0.167 0.004 0.202 0.218 0.006 0.023 0.004 0.077 0.159 0.010 0.069 0.021 
108      113    (0)   12 :  0.020 0.052 0.006 0.006 0.151 0.005 0.203 0.189 0.006 0.034 0.005 0.048 0.154 0.089 0.003 0.031 
109      138    (0)   12 :  0.012 0.007 0.003 0.047 0.079 0.005 0.061 0.070 0.009 0.003 0.078 0.519 0.074 0.016 0.003 0.014 
110      150    (0)   12 :  0.053 0.021 0.006 0.015 0.023 0.025 0.023 0.028 0.018 0.007 0.004 0.071 0.022 0.066 0.002 0.616 
111      173    (2)   12 :  0.015 0.038 0.037 0.021 0.141 0.019 0.151 0.135 0.005 0.007 0.012 0.026 0.175 0.194 0.007 0.015 
112      174    (2)   12 :  0.004 0.015 0.005 0.023 0.134 0.027 0.195 0.156 0.007 0.027 0.003 0.258 0.125 0.014 0.004 0.004 
113      175    (0)   12 :  0.008 0.005 0.005 0.006 0.191 0.071 0.219 0.210 0.003 0.014 0.003 0.023 0.188 0.034 0.002 0.018 
114      176    (0)   12 :  0.005 0.007 0.003 0.005 0.150 0.004 0.330 0.206 0.015 0.017 0.010 0.015 0.201 0.007 0.006 0.019 
115      177    (0)   12 :  0.009 0.047 0.004 0.004 0.137 0.009 0.164 0.146 0.003 0.008 0.002 0.048 0.138 0.268 0.002 0.011 
116      180    (0)   12 :  0.005 0.007 0.004 0.004 0.146 0.002 0.144 0.154 0.026 0.116 0.007 0.116 0.124 0.134 0.005 0.005 
117      184    (0)   12 :  0.016 0.014 0.039 0.014 0.094 0.010 0.097 0.091 0.006 0.004 0.005 0.374 0.120 0.015 0.004 0.097 
118      195    (0)   12 :  0.011 0.009 0.006 0.005 0.266 0.007 0.212 0.206 0.005 0.004 0.014 0.016 0.180 0.014 0.033 0.014 
119      198    (0)   12 :  0.007 0.005 0.003 0.003 0.167 0.009 0.147 0.164 0.011 0.017 0.006 0.264 0.128 0.019 0.033 0.017 
120      203    (0)   12 :  0.007 0.010 0.008 0.009 0.269 0.002 0.196 0.241 0.008 0.009 0.005 0.010 0.182 0.010 0.003 0.031 
121      211    (0)   12 :  0.009 0.034 0.004 0.003 0.120 0.003 0.271 0.182 0.025 0.004 0.079 0.021 0.199 0.008 0.003 0.034 
122      220    (0)   12 :  0.026 0.037 0.009 0.002 0.173 0.005 0.132 0.137 0.004 0.008 0.009 0.037 0.142 0.077 0.007 0.193 
123      233    (0)   12 :  0.206 0.019 0.030 0.006 0.175 0.002 0.136 0.151 0.009 0.004 0.048 0.017 0.172 0.018 0.002 0.004 
124      331    (0)   12 :  0.005 0.011 0.008 0.007 0.235 0.026 0.192 0.231 0.005 0.006 0.005 0.024 0.191 0.033 0.008 0.015 
125      349    (0)   12 :  0.012 0.005 0.449 0.009 0.089 0.095 0.088 0.078 0.008 0.010 0.006 0.011 0.087 0.040 0.006 0.008 
126      410    (0)   12 :  0.003 0.007 0.005 0.003 0.185 0.005 0.173 0.146 0.008 0.010 0.026 0.216 0.189 0.017 0.003 0.005 
127      417    (2)   12 :  0.008 0.004 0.008 0.002 0.240 0.005 0.155 0.219 0.029 0.007 0.005 0.122 0.161 0.006 0.007 0.021 
128      421    (0)   13 :  0.864 0.008 0.008 0.002 0.007 0.001 0.007 0.007 0.008 0.003 0.005 0.008 0.007 0.004 0.056 0.006 
129      423    (0)   13 :  0.004 0.003 0.023 0.007 0.256 0.008 0.224 0.211 0.005 0.010 0.002 0.029 0.184 0.010 0.003 0.020 
130      424    (0)   13 :  0.006 0.018 0.008 0.002 0.099 0.010 0.082 0.082 0.015 0.032 0.003 0.167 0.091 0.374 0.005 0.006 
131      433    (0)   13 :  0.178 0.030 0.003 0.002 0.137 0.008 0.082 0.109 0.004 0.004 0.016 0.146 0.077 0.008 0.002 0.194 
132      462    (0)   13 :  0.093 0.016 0.011 0.002 0.167 0.005 0.168 0.162 0.007 0.009 0.020 0.065 0.157 0.081 0.006 0.031 
133      463    (0)   13 :  0.007 0.007 0.051 0.003 0.184 0.029 0.215 0.176 0.014 0.006 0.003 0.082 0.183 0.007 0.020 0.013 
134      467    (0)   13 :  0.367 0.231 0.017 0.008 0.021 0.008 0.020 0.018 0.029 0.006 0.012 0.008 0.021 0.016 0.004 0.215 
135      468    (0)   13 :  0.094 0.011 0.769 0.003 0.009 0.002 0.008 0.008 0.016 0.006 0.002 0.006 0.008 0.008 0.026 0.023 
136      469    (0)   13 :  0.151 0.042 0.003 0.002 0.184 0.002 0.124 0.137 0.050 0.008 0.002 0.060 0.117 0.005 0.030 0.082 
137      472    (0)   13 :  0.037 0.004 0.006 0.004 0.166 0.024 0.250 0.182 0.007 0.003 0.007 0.025 0.237 0.010 0.015 0.023 
138      473    (0)   13 :  0.006 0.010 0.811 0.003 0.027 0.010 0.025 0.027 0.003 0.004 0.008 0.019 0.027 0.007 0.005 0.009 
139      474    (0)   13 :  0.005 0.004 0.013 0.001 0.003 0.001 0.003 0.003 0.005 0.003 0.005 0.004 0.003 0.003 0.002 0.942 
140      475    (0)   13 :  0.353 0.023 0.023 0.003 0.130 0.015 0.107 0.140 0.004 0.005 0.003 0.030 0.104 0.010 0.003 0.048 
141      476    (2)   13 :  0.004 0.012 0.014 0.008 0.005 0.011 0.005 0.005 0.003 0.005 0.009 0.003 0.005 0.004 0.002 0.904 
142      477    (0)   13 :  0.018 0.006 0.013 0.005 0.242 0.010 0.178 0.266 0.007 0.005 0.018 0.013 0.192 0.007 0.003 0.017 
143      478    (0)   13 :  0.021 0.193 0.004 0.002 0.158 0.002 0.155 0.184 0.012 0.053 0.003 0.008 0.172 0.018 0.003 0.013 
144      479    (0)   13 :  0.084 0.004 0.005 0.003 0.013 0.001 0.013 0.014 0.014 0.005 0.003 0.350 0.012 0.009 0.014 0.456 
145      480    (0)   13 :  0.910 0.018 0.016 0.002 0.006 0.002 0.006 0.006 0.003 0.004 0.002 0.006 0.006 0.005 0.001 0.008 
146      481    (0)   13 :  0.025 0.008 0.017 0.041 0.154 0.007 0.156 0.152 0.006 0.010 0.003 0.143 0.170 0.013 0.004 0.089 
147      482    (0)   13 :  0.022 0.156 0.004 0.002 0.132 0.005 0.156 0.133 0.005 0.005 0.052 0.086 0.132 0.019 0.083 0.010 
148      489    (0)   13 :  0.025 0.017 0.024 0.004 0.230 0.028 0.219 0.197 0.004 0.006 0.015 0.037 0.173 0.008 0.006 0.008 
149      490    (0)   13 :  0.007 0.024 0.004 0.004 0.014 0.005 0.016 0.017 0.016 0.008 0.003 0.844 0.016 0.012 0.005 0.006 
150      491    (0)   13 :  0.020 0.008 0.009 0.009 0.155 0.002 0.147 0.148 0.005 0.004 0.111 0.087 0.174 0.079 0.009 0.034 
151      492    (0)   13 :  0.006 0.013 0.021 0.003 0.012 0.006 0.013 0.011 0.013 0.038 0.008 0.008 0.013 0.007 0.004 0.825 
152      493    (0)   13 :  0.100 0.004 0.004 0.008 0.065 0.015 0.041 0.052 0.008 0.004 0.006 0.006 0.039 0.018 0.005 0.624 
153      494    (0)   13 :  0.284 0.009 0.010 0.024 0.086 0.027 0.069 0.077 0.005 0.004 0.039 0.236 0.070 0.017 0.012 0.031 
154      498    (0)   13 :  0.010 0.006 0.042 0.007 0.131 0.012 0.197 0.132 0.023 0.014 0.004 0.120 0.202 0.007 0.003 0.090 
155      499    (0)   13 :  0.008 0.026 0.006 0.003 0.230 0.007 0.189 0.223 0.011 0.006 0.006 0.022 0.186 0.046 0.003 0.029 
156      709    (0)   13 :  0.006 0.017 0.004 0.073 0.163 0.016 0.166 0.149 0.009 0.009 0.011 0.131 0.188 0.011 0.017 0.031 
157      710    (4)   13 :  0.300 0.005 0.006 0.005 0.184 0.068 0.110 0.138 0.008 0.004 0.003 0.019 0.116 0.003 0.011 0.019 
158      711    (2)   13 :  0.021 0.006 0.007 0.006 0.174 0.003 0.175 0.179 0.017 0.062 0.004 0.039 0.168 0.102 0.024 0.012 
159      712    (4)   13 :  0.008 0.006 0.003 0.002 0.008 0.002 0.007 0.008 0.006 0.007 0.003 0.913 0.008 0.008 0.004 0.006 
160      713    (0)   13 :  0.003 0.006 0.010 0.004 0.263 0.026 0.192 0.234 0.004 0.005 0.007 0.010 0.197 0.008 0.022 0.009 
161      714    (2)   13 :  0.440 0.016 0.037 0.016 0.026 0.009 0.030 0.027 0.010 0.008 0.002 0.007 0.028 0.019 0.005 0.320 
162      715    (4)   13 :  0.622 0.109 0.003 0.014 0.016 0.004 0.019 0.017 0.036 0.014 0.036 0.029 0.019 0.027 0.014 0.021 
163      716    (0)   13 :  0.181 0.016 0.004 0.002 0.018 0.002 0.019 0.021 0.003 0.005 0.004 0.009 0.015 0.005 0.005 0.690 
164      717    (2)   13 :  0.024 0.367 0.012 0.003 0.115 0.005 0.096 0.106 0.008 0.094 0.011 0.015 0.099 0.013 0.009 0.025 
165      718    (4)   13 :  0.023 0.004 0.004 0.002 0.019 0.003 0.019 0.014 0.010 0.005 0.002 0.838 0.017 0.016 0.010 0.014 
166      719    (0)   13 :  0.955 0.005 0.003 0.001 0.003 0.002 0.003 0.004 0.003 0.002 0.002 0.003 0.003 0.002 0.004 0.004 
167      720    (2)   13 :  0.492 0.068 0.012 0.002 0.125 0.009 0.056 0.096 0.007 0.006 0.014 0.006 0.064 0.009 0.008 0.025 
168      721    (0)   13 :  0.033 0.019 0.025 0.033 0.108 0.007 0.073 0.097 0.005 0.005 0.007 0.019 0.077 0.020 0.013 0.457 
169      722    (4)   13 :  0.593 0.158 0.071 0.002 0.025 0.002 0.009 0.020 0.010 0.006 0.002 0.012 0.013 0.006 0.020 0.051 
170      723    (0)   13 :  0.875 0.009 0.002 0.007 0.013 0.003 0.015 0.014 0.003 0.006 0.005 0.006 0.013 0.003 0.001 0.025 
171      724    (0)   13 :  0.641 0.016 0.009 0.005 0.014 0.019 0.014 0.015 0.013 0.012 0.009 0.007 0.014 0.006 0.060 0.146 
172      725    (0)   13 :  0.025 0.015 0.017 0.004 0.140 0.020 0.260 0.215 0.005 0.009 0.010 0.020 0.230 0.012 0.009 0.008 
173      726    (0)   13 :  0.016 0.014 0.032 0.006 0.172 0.012 0.108 0.200 0.004 0.003 0.005 0.015 0.134 0.007 0.010 0.263 
174      727    (0)   13 :  0.013 0.013 0.007 0.010 0.091 0.002 0.147 0.117 0.005 0.003 0.011 0.061 0.109 0.013 0.008 0.389 
175      728    (2)   13 :  0.010 0.011 0.003 0.100 0.202 0.006 0.207 0.195 0.008 0.015 0.006 0.009 0.197 0.011 0.010 0.010 
176      729    (6)   13 :  0.020 0.043 0.003 0.004 0.218 0.004 0.197 0.192 0.005 0.005 0.004 0.043 0.231 0.015 0.004 0.010 
177      730    (2)   13 :  0.034 0.038 0.002 0.007 0.034 0.003 0.047 0.037 0.010 0.009 0.005 0.701 0.039 0.012 0.014 0.007 
178      731    (2)   13 :  0.005 0.003 0.005 0.002 0.015 0.004 0.016 0.014 0.007 0.004 0.002 0.890 0.017 0.005 0.004 0.007 
179      732    (0)   13 :  0.015 0.015 0.008 0.002 0.128 0.008 0.257 0.177 0.010 0.012 0.005 0.011 0.177 0.010 0.007 0.158 
180      733    (0)   13 :  0.033 0.029 0.003 0.004 0.184 0.015 0.158 0.195 0.013 0.010 0.003 0.086 0.177 0.015 0.042 0.033 
181      734    (2)   13 :  0.007 0.080 0.004 0.008 0.133 0.040 0.149 0.140 0.012 0.007 0.086 0.048 0.141 0.094 0.001 0.050 
182      735    (4)   13 :  0.052 0.011 0.050 0.003 0.175 0.002 0.143 0.191 0.005 0.008 0.008 0.133 0.173 0.029 0.007 0.009 
183      736    (2)   13 :  0.005 0.006 0.004 0.018 0.175 0.010 0.151 0.146 0.005 0.005 0.023 0.283 0.126 0.019 0.003 0.022 
184      737    (0)   13 :  0.003 0.005 0.014 0.013 0.037 0.003 0.051 0.032 0.011 0.030 0.003 0.715 0.047 0.016 0.004 0.015 
185      738    (2)   13 :  0.007 0.006 0.004 0.003 0.092 0.005 0.131 0.098 0.008 0.005 0.005 0.427 0.114 0.083 0.003 0.011 
186      739    (8)   13 :  0.033 0.011 0.010 0.015 0.029 0.002 0.036 0.032 0.008 0.005 0.006 0.753 0.031 0.011 0.004 0.014 
187      740    (4)   13 :  0.090 0.006 0.004 0.002 0.056 0.006 0.053 0.047 0.006 0.005 0.003 0.622 0.054 0.004 0.015 0.029 
188      741    (2)   13 :  0.021 0.099 0.029 0.002 0.098 0.012 0.093 0.095 0.067 0.096 0.027 0.192 0.107 0.010 0.029 0.022 
189      742    (4)   13 :  0.015 0.006 0.006 0.006 0.099 0.007 0.112 0.115 0.012 0.019 0.005 0.403 0.093 0.086 0.002 0.012 
190      743    (2)   13 :  0.087 0.735 0.003 0.002 0.013 0.003 0.013 0.014 0.007 0.004 0.012 0.010 0.013 0.007 0.003 0.075 
191      744    (0)   13 :  0.196 0.014 0.004 0.025 0.149 0.100 0.133 0.147 0.005 0.005 0.004 0.028 0.123 0.007 0.004 0.056 
192      745    (0)   13 :  0.435 0.045 0.008 0.014 0.094 0.003 0.073 0.093 0.049 0.026 0.005 0.028 0.090 0.008 0.017 0.010 
193      746    (2)   13 :  0.010 0.003 0.004 0.004 0.148 0.005 0.133 0.157 0.004 0.038 0.005 0.306 0.157 0.011 0.010 0.006 
194      747    (2)   13 :  0.016 0.004 0.017 0.006 0.085 0.005 0.082 0.081 0.036 0.008 0.024 0.464 0.087 0.066 0.006 0.014 
195      748    (0)   13 :  0.006 0.004 0.121 0.006 0.098 0.013 0.106 0.085 0.103 0.033 0.017 0.028 0.126 0.082 0.018 0.155 
196      749    (2)   13 :  0.011 0.028 0.003 0.009 0.147 0.145 0.142 0.132 0.016 0.011 0.019 0.019 0.156 0.109 0.048 0.004 
197      750    (4)   13 :  0.007 0.063 0.005 0.005 0.180 0.014 0.178 0.196 0.009 0.028 0.005 0.102 0.180 0.014 0.006 0.007 
198      751    (0)   13 :  0.014 0.026 0.012 0.016 0.203 0.002 0.172 0.174 0.011 0.008 0.007 0.043 0.230 0.066 0.009 0.008 
199      752    (2)   13 :  0.090 0.008 0.788 0.002 0.007 0.002 0.006 0.007 0.012 0.005 0.003 0.019 0.007 0.005 0.003 0.036 
200      753    (4)   13 :  0.053 0.009 0.060 0.010 0.202 0.004 0.168 0.192 0.023 0.006 0.029 0.011 0.166 0.035 0.014 0.019 
201      754    (2)   13 :  0.003 0.008 0.002 0.003 0.005 0.005 0.005 0.005 0.003 0.003 0.003 0.938 0.005 0.004 0.002 0.006 
202      155    (0)   14 :  0.008 0.010 0.005 0.004 0.220 0.010 0.217 0.190 0.024 0.007 0.032 0.013 0.221 0.008 0.006 0.025 
203      156    (2)   14 :  0.009 0.035 0.004 0.107 0.136 0.011 0.266 0.198 0.014 0.007 0.005 0.013 0.176 0.008 0.006 0.005 
204      157    (2)   14 :  0.008 0.026 0.019 0.002 0.024 0.036 0.028 0.022 0.004 0.005 0.011 0.773 0.024 0.008 0.004 0.006 
205      158    (0)   14 :  0.027 0.004 0.003 0.004 0.169 0.004 0.285 0.189 0.007 0.009 0.006 0.014 0.216 0.032 0.006 0.025 
206      159    (0)   14 :  0.013 0.004 0.009 0.010 0.155 0.016 0.170 0.164 0.013 0.007 0.003 0.093 0.190 0.011 0.110 0.029 
207      160    (0)   14 :  0.014 0.014 0.004 0.003 0.022 0.003 0.018 0.027 0.016 0.003 0.009 0.129 0.021 0.027 0.004 0.685 
208      161    (0)   14 :  0.015 0.019 0.007 0.003 0.093 0.215 0.067 0.071 0.006 0.003 0.008 0.365 0.077 0.010 0.008 0.032 
209      162    (0)   14 :  0.028 0.124 0.013 0.005 0.142 0.002 0.122 0.148 0.008 0.007 0.005 0.004 0.125 0.014 0.002 0.250 
210      163    (2)   14 :  0.006 0.015 0.013 0.009 0.181 0.004 0.231 0.214 0.004 0.007 0.003 0.098 0.151 0.057 0.002 0.003 
211      164    (0)   14 :  0.028 0.008 0.029 0.002 0.201 0.017 0.173 0.192 0.055 0.010 0.017 0.047 0.193 0.014 0.005 0.008 
212      165    (2)   14 :  0.004 0.004 0.004 0.003 0.158 0.017 0.320 0.208 0.005 0.005 0.004 0.013 0.243 0.003 0.004 0.005 
213      427    (0)   14 :  0.762 0.014 0.004 0.009 0.012 0.004 0.011 0.013 0.005 0.003 0.089 0.007 0.013 0.015 0.023 0.017 
214      428    (0)   14 :  0.825 0.006 0.019 0.003 0.011 0.002 0.008 0.010 0.007 0.005 0.004 0.004 0.009 0.036 0.013 0.036 
215      429    (0)   14 :  0.353 0.559 0.007 0.003 0.008 0.002 0.009 0.009 0.005 0.007 0.003 0.005 0.009 0.006 0.007 0.009 
216      430    (0)   14 :  0.013 0.023 0.026 0.002 0.157 0.006 0.113 0.161 0.024 0.050 0.004 0.027 0.133 0.078 0.005 0.178 
217      431    (0)   14 :  0.206 0.193 0.006 0.002 0.036 0.003 0.035 0.035 0.045 0.024 0.005 0.014 0.029 0.013 0.007 0.347 
218      435    (0)   14 :  0.569 0.308 0.008 0.002 0.008 0.002 0.006 0.007 0.003 0.004 0.002 0.006 0.006 0.004 0.003 0.062 
219      436    (0)   14 :  0.217 0.023 0.002 0.002 0.006 0.003 0.006 0.006 0.007 0.004 0.003 0.004 0.005 0.003 0.007 0.703 
220      437    (0)   14 :  0.210 0.008 0.008 0.002 0.042 0.003 0.025 0.043 0.061 0.007 0.004 0.008 0.027 0.005 0.028 0.519 
221      438    (0)   14 :  0.545 0.011 0.037 0.008 0.069 0.004 0.028 0.045 0.036 0.018 0.002 0.015 0.034 0.017 0.013 0.118 
222      439    (0)   14 :  0.185 0.036 0.040 0.006 0.081 0.002 0.095 0.108 0.011 0.033 0.004 0.162 0.112 0.016 0.004 0.106 
223      441    (0)   14 :  0.006 0.003 0.958 0.001 0.003 0.001 0.003 0.003 0.003 0.004 0.003 0.002 0.002 0.003 0.001 0.004 
224      442    (0)   14 :  0.589 0.087 0.016 0.005 0.020 0.002 0.015 0.018 0.011 0.003 0.187 0.004 0.018 0.013 0.002 0.009 
225      443    (4)   14 :  0.914 0.004 0.011 0.002 0.005 0.002 0.005 0.006 0.008 0.004 0.002 0.012 0.005 0.011 0.003 0.007 
226      444    (4)   14 :  0.909 0.011 0.002 0.004 0.006 0.005 0.007 0.006 0.006 0.003 0.008 0.004 0.008 0.007 0.008 0.007 
227      445    (2)   14 :  0.407 0.005 0.010 0.006 0.168 0.002 0.082 0.146 0.043 0.004 0.004 0.006 0.083 0.004 0.009 0.018 
228      446    (0)   14 :  0.007 0.947 0.002 0.003 0.004 0.002 0.004 0.004 0.002 0.002 0.004 0.004 0.004 0.005 0.002 0.005 
229      447    (0)   14 :  0.474 0.323 0.003 0.004 0.019 0.001 0.017 0.019 0.025 0.003 0.006 0.017 0.019 0.008 0.008 0.053 
230      449    (0)   14 :  0.943 0.005 0.003 0.002 0.004 0.001 0.004 0.003 0.005 0.004 0.005 0.003 0.003 0.003 0.003 0.009 
231      460    (0)   14 :  0.565 0.088 0.131 0.002 0.039 0.005 0.030 0.034 0.017 0.008 0.006 0.008 0.032 0.007 0.007 0.021 
232      461    (0)   14 :  0.155 0.024 0.006 0.002 0.082 0.005 0.090 0.082 0.027 0.014 0.008 0.124 0.083 0.054 0.008 0.235 
233      484    (0)   14 :  0.039 0.079 0.017 0.008 0.063 0.004 0.079 0.061 0.131 0.167 0.013 0.084 0.077 0.168 0.004 0.006 
234      485    (0)   14 :  0.792 0.011 0.010 0.002 0.014 0.003 0.014 0.016 0.004 0.004 0.004 0.016 0.013 0.003 0.002 0.093 
235      486    (0)   14 :  0.002 0.002 0.975 0.001 0.002 0.001 0.002 0.002 0.002 0.002 0.002 0.002 0.002 0.002 0.001 0.002 
236      487    (0)   14 :  0.324 0.091 0.011 0.003 0.082 0.002 0.065 0.076 0.006 0.008 0.010 0.019 0.064 0.013 0.006 0.221 
237      178    (0)   15 :  0.132 0.036 0.010 0.005 0.124 0.012 0.072 0.151 0.004 0.003 0.006 0.024 0.089 0.010 0.003 0.319 
238      422    (0)   15 :  0.501 0.311 0.004 0.003 0.011 0.001 0.012 0.012 0.016 0.006 0.003 0.043 0.011 0.006 0.003 0.057 
239      425    (0)   15 :  0.046 0.661 0.004 0.001 0.015 0.002 0.014 0.015 0.004 0.002 0.003 0.012 0.016 0.007 0.005 0.193 
240      426    (0)   15 :  0.014 0.086 0.004 0.110 0.093 0.026 0.090 0.085 0.004 0.004 0.021 0.033 0.104 0.251 0.003 0.073 
241      432    (0)   15 :  0.281 0.027 0.010 0.008 0.130 0.005 0.142 0.137 0.010 0.009 0.009 0.018 0.145 0.040 0.009 0.021 
242      434    (0)   15 :  0.005 0.955 0.002 0.002 0.003 0.001 0.002 0.003 0.003 0.004 0.003 0.003 0.003 0.003 0.004 0.004 
243      440    (0)   15 :  0.058 0.331 0.025 0.002 0.098 0.003 0.087 0.107 0.005 0.008 0.012 0.006 0.074 0.033 0.002 0.149 
244      448    (2)   15 :  0.832 0.018 0.007 0.002 0.008 0.002 0.007 0.007 0.010 0.024 0.012 0.010 0.008 0.011 0.037 0.007 
245      456    (0)   15 :  0.039 0.035 0.005 0.003 0.099 0.003 0.179 0.125 0.073 0.085 0.009 0.011 0.146 0.019 0.004 0.163 
246      457    (0)   15 :  0.321 0.035 0.033 0.005 0.091 0.003 0.070 0.080 0.017 0.026 0.005 0.015 0.085 0.022 0.008 0.183 
247      458    (0)   15 :  0.021 0.026 0.010 0.007 0.078 0.004 0.085 0.067 0.012 0.005 0.018 0.097 0.080 0.051 0.005 0.435 
248      459    (0)   15 :  0.878 0.010 0.007 0.003 0.013 0.005 0.010 0.011 0.007 0.004 0.005 0.014 0.011 0.011 0.002 0.010 
249      464    (0)   15 :  0.563 0.095 0.013 0.005 0.023 0.014 0.017 0.022 0.003 0.004 0.010 0.006 0.017 0.005 0.003 0.199 
250      465    (0)   15 :  0.011 0.387 0.006 0.001 0.008 0.002 0.008 0.008 0.004 0.006 0.002 0.010 0.008 0.003 0.002 0.535 
251      466    (0)   15 :  0.476 0.044 0.016 0.001 0.110 0.001 0.049 0.093 0.022 0.006 0.005 0.022 0.061 0.009 0.016 0.066 
252      470    (0)   15 :  0.495 0.018 0.088 0.002 0.008 0.003 0.008 0.008 0.004 0.006 0.006 0.008 0.007 0.012 0.003 0.326 
253      471    (0)   15 :  0.190 0.483 0.006 0.037 0.033 0.004 0.035 0.033 0.008 0.031 0.003 0.010 0.032 0.047 0.025 0.022 
254      483    (0)   15 :  0.010 0.922 0.004 0.002 0.005 0.005 0.005 0.005 0.003 0.003 0.006 0.012 0.005 0.007 0.002 0.004 
255      488    (0)   15 :  0.012 0.003 0.005 0.002 0.006 0.002 0.006 0.007 0.007 0.003 0.003 0.011 0.006 0.005 0.002 0.920 
256      495    (0)   15 :  0.031 0.789 0.003 0.001 0.009 0.003 0.008 0.009 0.015 0.016 0.002 0.018 0.008 0.007 0.002 0.080 
257      496    (0)   15 :  0.013 0.043 0.004 0.002 0.008 0.003 0.009 0.009 0.002 0.004 0.002 0.014 0.010 0.004 0.004 0.868 
258      497    (0)   15 :  0.012 0.879 0.003 0.002 0.009 0.003 0.007 0.008 0.005 0.023 0.025 0.004 0.008 0.002 0.004 0.006 
259      500    (0)   15 :  0.050 0.008 0.036 0.004 0.063 0.059 0.055 0.061 0.476 0.023 0.003 0.045 0.058 0.007 0.015 0.037 
260      879    (0)   15 :  0.010 0.940 0.005 0.002 0.004 0.003 0.003 0.004 0.003 0.002 0.006 0.004 0.003 0.006 0.001 0.004 
261      036    (0)   16 :  0.015 0.009 0.005 0.004 0.190 0.003 0.247 0.195 0.006 0.003 0.002 0.021 0.271 0.005 0.012 0.012 
262      063    (2)   16 :  0.030 0.010 0.010 0.004 0.179 0.003 0.238 0.193 0.012 0.030 0.014 0.050 0.167 0.039 0.003 0.018 
263      094    (4)   16 :  0.022 0.007 0.007 0.005 0.089 0.012 0.097 0.083 0.076 0.012 0.009 0.334 0.106 0.017 0.011 0.113 
264      103    (4)   16 :  0.006 0.005 0.006 0.002 0.158 0.009 0.317 0.204 0.004 0.017 0.004 0.016 0.240 0.003 0.003 0.004 
265      112    (0)   16 :  0.006 0.007 0.011 0.004 0.135 0.007 0.126 0.131 0.007 0.007 0.006 0.374 0.126 0.046 0.003 0.006 
266      114    (2)   16 :  0.010 0.012 0.013 0.002 0.190 0.003 0.201 0.188 0.004 0.004 0.004 0.093 0.201 0.004 0.008 0.062 
267      120    (0)   16 :  0.006 0.006 0.006 0.002 0.015 0.003 0.020 0.017 0.012 0.006 0.004 0.840 0.017 0.013 0.011 0.023 
268      127    (2)   16 :  0.004 0.005 0.082 0.003 0.160 0.006 0.168 0.146 0.008 0.005 0.006 0.044 0.169 0.078 0.005 0.112 
269      147    (0)   16 :  0.013 0.011 0.007 0.046 0.172 0.007 0.162 0.152 0.002 0.005 0.006 0.022 0.170 0.212 0.005 0.009 
270      166    (0)   16 :  0.026 0.007 0.004 0.026 0.124 0.078 0.130 0.146 0.006 0.012 0.018 0.045 0.133 0.110 0.004 0.132 
271      167    (0)   16 :  0.015 0.166 0.019 0.005 0.140 0.004 0.119 0.143 0.007 0.059 0.004 0.017 0.125 0.006 0.012 0.158 
272      168    (0)   16 :  0.013 0.008 0.003 0.003 0.232 0.012 0.219 0.226 0.004 0.004 0.004 0.013 0.230 0.003 0.015 0.009 
273      169    (2)   16 :  0.042 0.113 0.004 0.005 0.124 0.004 0.146 0.115 0.009 0.006 0.004 0.043 0.123 0.046 0.006 0.209 
274      170    (0)   16 :  0.017 0.009 0.020 0.005 0.202 0.037 0.203 0.190 0.022 0.006 0.035 0.056 0.171 0.017 0.004 0.006 
275      171    (2)   16 :  0.006 0.005 0.003 0.010 0.140 0.005 0.299 0.235 0.062 0.009 0.004 0.014 0.175 0.025 0.003 0.005 
276      172    (0)   16 :  0.006 0.013 0.002 0.013 0.015 0.004 0.021 0.017 0.012 0.011 0.004 0.816 0.019 0.014 0.011 0.021 
277      185    (0)   16 :  0.074 0.033 0.016 0.005 0.177 0.004 0.221 0.206 0.004 0.009 0.005 0.008 0.190 0.030 0.002 0.015 
278      199    (2)   16 :  0.007 0.004 0.007 0.005 0.208 0.010 0.162 0.191 0.005 0.003 0.201 0.005 0.153 0.007 0.006 0.025 
279      339    (0)   16 :  0.013 0.162 0.006 0.005 0.097 0.002 0.081 0.108 0.005 0.012 0.006 0.006 0.091 0.009 0.002 0.394 
280      355    (0)   16 :  0.004 0.003 0.004 0.013 0.236 0.032 0.192 0.238 0.003 0.005 0.072 0.006 0.179 0.008 0.002 0.004 
281      356    (0)   16 :  0.004 0.005 0.017 0.004 0.028 0.165 0.027 0.023 0.004 0.003 0.005 0.639 0.037 0.006 0.006 0.026 
282      357    (0)   16 :  0.007 0.006 0.025 0.013 0.185 0.006 0.216 0.173 0.007 0.004 0.017 0.076 0.212 0.016 0.009 0.029 
283      358    (0)   16 :  0.012 0.008 0.018 0.006 0.209 0.004 0.187 0.223 0.009 0.052 0.004 0.007 0.239 0.011 0.002 0.009 
284      359    (0)   16 :  0.005 0.015 0.003 0.002 0.165 0.005 0.169 0.175 0.004 0.020 0.009 0.234 0.168 0.018 0.002 0.007 
285      360    (0)   16 :  0.018 0.023 0.006 0.010 0.181 0.019 0.261 0.194 0.014 0.004 0.004 0.022 0.202 0.021 0.005 0.015 
286      361    (0)   16 :  0.016 0.050 0.004 0.002 0.028 0.003 0.022 0.022 0.005 0.006 0.003 0.764 0.020 0.011 0.004 0.041 
287      362    (0)   16 :  0.021 0.119 0.003 0.005 0.107 0.013 0.112 0.115 0.217 0.011 0.005 0.045 0.125 0.082 0.002 0.018 
288      363    (0)   16 :  0.016 0.008 0.010 0.012 0.111 0.008 0.100 0.094 0.006 0.010 0.045 0.025 0.106 0.425 0.005 0.019 
289      364    (0)   16 :  0.009 0.004 0.015 0.003 0.087 0.089 0.102 0.088 0.329 0.008 0.038 0.035 0.105 0.013 0.003 0.071 
290      365    (0)   16 :  0.033 0.010 0.009 0.012 0.197 0.066 0.174 0.171 0.024 0.005 0.003 0.020 0.186 0.006 0.002 0.083 
291      366    (0)   16 :  0.004 0.004 0.003 0.029 0.191 0.005 0.221 0.165 0.004 0.012 0.003 0.108 0.227 0.013 0.001 0.009 
292      367    (0)   16 :  0.007 0.005 0.030 0.009 0.263 0.002 0.200 0.244 0.011 0.016 0.003 0.013 0.181 0.005 0.005 0.005 
293      368    (0)   16 :  0.005 0.004 0.048 0.012 0.154 0.064 0.248 0.208 0.032 0.017 0.003 0.007 0.179 0.006 0.007 0.005 
294      369    (0)   16 :  0.004 0.005 0.003 0.004 0.230 0.016 0.281 0.247 0.003 0.005 0.004 0.010 0.173 0.007 0.002 0.005 
295      370    (0)   16 :  0.015 0.010 0.005 0.011 0.079 0.080 0.082 0.078 0.005 0.041 0.007 0.450 0.090 0.015 0.013 0.020 
296      371    (0)   16 :  0.010 0.009 0.003 0.003 0.255 0.002 0.212 0.244 0.016 0.009 0.006 0.009 0.204 0.004 0.006 0.007 
297      372    (0)   16 :  0.448 0.012 0.002 0.004 0.014 0.006 0.015 0.014 0.011 0.003 0.335 0.011 0.013 0.054 0.003 0.056 
298      373    (0)   16 :  0.024 0.022 0.002 0.003 0.219 0.087 0.177 0.174 0.007 0.009 0.036 0.069 0.153 0.005 0.004 0.008 
299      380    (0)   16 :  0.008 0.005 0.002 0.006 0.204 0.012 0.176 0.171 0.019 0.009 0.010 0.069 0.191 0.039 0.042 0.037 
300      388    (0)   16 :  0.007 0.006 0.003 0.008 0.078 0.041 0.095 0.076 0.011 0.012 0.022 0.497 0.106 0.026 0.005 0.007 
301      418    (0)   16 :  0.009 0.004 0.007 0.006 0.275 0.005 0.162 0.217 0.015 0.004 0.043 0.014 0.187 0.016 0.024 0.012 
302      419    (0)   16 :  0.017 0.005 0.008 0.005 0.296 0.006 0.176 0.235 0.005 0.005 0.003 0.009 0.205 0.006 0.009 0.011 
303      420    (0)   16 :  0.057 0.017 0.010 0.046 0.188 0.006 0.152 0.148 0.042 0.011 0.064 0.060 0.156 0.016 0.003 0.025 
304      409    (0)   17 :  0.019 0.005 0.007 0.002 0.173 0.005 0.197 0.244 0.007 0.006 0.004 0.035 0.159 0.011 0.104 0.022 
305      414    (0)   17 :  0.005 0.011 0.007 0.002 0.174 0.002 0.268 0.273 0.015 0.007 0.007 0.006 0.186 0.012 0.015 0.010 
306      415    (2)   17 :  0.005 0.007 0.032 0.003 0.234 0.014 0.230 0.215 0.007 0.011 0.015 0.023 0.180 0.011 0.004 0.010 
307      416    (0)   17 :  0.027 0.014 0.004 0.003 0.231 0.003 0.137 0.237 0.024 0.028 0.010 0.008 0.157 0.011 0.074 0.033 
308      571    (0)    2 :  0.020 0.014 0.027 0.004 0.006 0.002 0.006 0.006 0.843 0.017 0.003 0.005 0.006 0.027 0.004 0.008 
309      572    (0)    2 :  0.003 0.004 0.012 0.006 0.016 0.004 0.018 0.016 0.803 0.044 0.004 0.007 0.015 0.037 0.008 0.003 
310      573    (2)    2 :  0.005 0.005 0.010 0.001 0.006 0.001 0.007 0.006 0.931 0.006 0.003 0.004 0.007 0.003 0.004 0.004 
311      574    (0)    2 :  0.005 0.007 0.003 0.002 0.010 0.008 0.009 0.010 0.896 0.008 0.002 0.005 0.009 0.005 0.013 0.007 
312      575    (2)    2 :  0.008 0.005 0.006 0.008 0.014 0.006 0.015 0.015 0.807 0.014 0.007 0.005 0.015 0.065 0.005 0.005 
313      576    (0)    2 :  0.003 0.003 0.003 0.001 0.003 0.001 0.003 0.003 0.961 0.005 0.002 0.002 0.003 0.003 0.003 0.003 
314      577    (0)    2 :  0.005 0.011 0.011 0.002 0.008 0.002 0.007 0.008 0.890 0.016 0.007 0.004 0.009 0.006 0.008 0.007 
315      578    (0)    2 :  0.004 0.006 0.004 0.002 0.003 0.001 0.004 0.004 0.899 0.004 0.008 0.002 0.004 0.004 0.047 0.005 
316      579    (0)    2 :  0.007 0.007 0.002 0.002 0.004 0.001 0.004 0.004 0.934 0.003 0.004 0.002 0.004 0.004 0.007 0.012 
317      580    (0)    2 :  0.003 0.004 0.003 0.002 0.003 0.001 0.003 0.003 0.959 0.003 0.002 0.003 0.003 0.003 0.002 0.003 
318      581    (0)    2 :  0.004 0.007 0.002 0.002 0.003 0.001 0.003 0.003 0.939 0.006 0.002 0.002 0.003 0.003 0.015 0.004 
319      582    (4)    2 :  0.012 0.027 0.002 0.050 0.019 0.003 0.022 0.019 0.755 0.012 0.018 0.013 0.021 0.007 0.003 0.016 
320      583    (0)    2 :  0.009 0.046 0.016 0.010 0.074 0.002 0.088 0.069 0.491 0.009 0.015 0.025 0.090 0.033 0.004 0.020 
321      584    (0)    2 :  0.031 0.040 0.005 0.003 0.007 0.001 0.008 0.008 0.841 0.006 0.007 0.007 0.009 0.007 0.014 0.007 
322      585    (0)    2 :  0.005 0.011 0.009 0.002 0.004 0.001 0.004 0.004 0.926 0.011 0.002 0.003 0.004 0.006 0.002 0.006 
323      586    (2)    2 :  0.006 0.007 0.004 0.003 0.004 0.001 0.004 0.004 0.927 0.007 0.010 0.003 0.004 0.006 0.004 0.006 
324      587    (0)    2 :  0.002 0.003 0.002 0.002 0.003 0.001 0.003 0.003 0.955 0.003 0.002 0.003 0.003 0.003 0.009 0.004 
325      588    (0)    2 :  0.012 0.005 0.021 0.010 0.021 0.008 0.025 0.021 0.803 0.009 0.011 0.007 0.026 0.012 0.005 0.006 
326      589    (0)    2 :  0.037 0.022 0.005 0.004 0.028 0.005 0.035 0.027 0.691 0.011 0.018 0.009 0.030 0.050 0.019 0.007 
327      590    (0)    2 :  0.006 0.005 0.052 0.010 0.006 0.004 0.007 0.007 0.789 0.039 0.012 0.005 0.007 0.003 0.037 0.013 
328      001    (0)    3 :  0.002 0.002 0.002 0.003 0.004 0.959 0.004 0.004 0.003 0.003 0.001 0.002 0.004 0.002 0.003 0.002 
329      005    (0)    3 :  0.002 0.002 0.002 0.006 0.002 0.966 0.002 0.002 0.001 0.001 0.003 0.002 0.002 0.002 0.001 0.001 
330      106    (0)    3 :  0.002 0.002 0.002 0.002 0.003 0.959 0.003 0.003 0.005 0.003 0.002 0.003 0.003 0.003 0.003 0.002 
331      192    (0)    3 :  0.006 0.004 0.003 0.005 0.015 0.869 0.018 0.016 0.006 0.004 0.012 0.007 0.017 0.009 0.006 0.004 
332      229    (0)    3 :  0.004 0.007 0.005 0.044 0.005 0.886 0.005 0.005 0.003 0.007 0.004 0.006 0.005 0.007 0.003 0.004 
333      319    (0)    3 :  0.002 0.002 0.002 0.005 0.004 0.951 0.004 0.004 0.002 0.003 0.002 0.007 0.004 0.002 0.002 0.003 
334      327    (0)    3 :  0.002 0.002 0.002 0.002 0.003 0.960 0.003 0.003 0.003 0.002 0.003 0.005 0.003 0.003 0.002 0.002 
335      340    (0)    3 :  0.002 0.003 0.004 0.004 0.005 0.946 0.006 0.005 0.003 0.004 0.003 0.004 0.005 0.002 0.001 0.003 
336      345    (0)    3 :  0.003 0.002 0.002 0.010 0.005 0.929 0.005 0.005 0.004 0.004 0.003 0.010 0.005 0.005 0.001 0.006 
337      375    (0)    3 :  0.002 0.002 0.002 0.003 0.003 0.957 0.003 0.003 0.002 0.002 0.005 0.003 0.003 0.004 0.001 0.003 
338      501    (4)    3 :  0.003 0.002 0.008 0.003 0.003 0.954 0.003 0.003 0.002 0.002 0.002 0.004 0.003 0.004 0.001 0.003 
339      502    (0)    3 :  0.002 0.003 0.012 0.008 0.005 0.919 0.004 0.005 0.003 0.004 0.003 0.003 0.005 0.008 0.003 0.011 
340      503    (2)    3 :  0.001 0.002 0.007 0.002 0.002 0.962 0.002 0.002 0.004 0.003 0.002 0.002 0.002 0.002 0.002 0.001 
341      504    (0)    3 :  0.008 0.005 0.002 0.017 0.005 0.925 0.005 0.005 0.002 0.002 0.004 0.002 0.005 0.003 0.004 0.006 
342      505    (0)    3 :  0.002 0.003 0.002 0.048 0.007 0.870 0.008 0.007 0.006 0.012 0.004 0.009 0.007 0.007 0.007 0.002 
343      506    (2)    3 :  0.005 0.004 0.005 0.005 0.006 0.935 0.006 0.006 0.002 0.002 0.002 0.006 0.006 0.005 0.002 0.004 
344      507    (4)    3 :  0.002 0.002 0.004 0.004 0.003 0.956 0.003 0.003 0.002 0.003 0.002 0.004 0.003 0.005 0.001 0.003 
345      508    (0)    3 :  0.006 0.004 0.022 0.003 0.006 0.909 0.007 0.006 0.004 0.006 0.002 0.008 0.006 0.005 0.002 0.005 
346      509    (2)    3 :  0.002 0.004 0.003 0.003 0.003 0.957 0.003 0.003 0.002 0.003 0.004 0.003 0.003 0.003 0.001 0.002 
347      510    (2)    3 :  0.008 0.004 0.004 0.003 0.005 0.924 0.005 0.005 0.002 0.002 0.020 0.003 0.006 0.003 0.003 0.005 
348      511    (4)    3 :  0.003 0.003 0.005 0.002 0.003 0.960 0.003 0.003 0.003 0.002 0.002 0.002 0.003 0.002 0.003 0.003 
349      512    (4)    3 :  0.003 0.002 0.002 0.006 0.003 0.955 0.003 0.003 0.002 0.002 0.003 0.004 0.003 0.004 0.002 0.003 
350      513    (0)    3 :  0.003 0.003 0.002 0.008 0.003 0.938 0.003 0.003 0.002 0.002 0.019 0.003 0.004 0.003 0.002 0.003 
351      514    (0)    3 :  0.002 0.008 0.002 0.002 0.004 0.957 0.004 0.004 0.001 0.002 0.002 0.002 0.004 0.002 0.001 0.003 
352      515    (2)    3 :  0.002 0.003 0.002 0.004 0.002 0.963 0.003 0.002 0.002 0.003 0.003 0.002 0.003 0.002 0.001 0.002 
353      516    (2)    3 :  0.004 0.004 0.008 0.004 0.005 0.925 0.005 0.005 0.003 0.004 0.007 0.004 0.005 0.005 0.003 0.008 
354      517    (0)    3 :  0.009 0.001 0.002 0.005 0.002 0.965 0.002 0.002 0.001 0.001 0.002 0.002 0.002 0.002 0.001 0.002 
355      518    (0)    3 :  0.005 0.003 0.004 0.003 0.006 0.932 0.006 0.006 0.003 0.006 0.003 0.005 0.006 0.004 0.002 0.005 
356      519    (0)    3 :  0.003 0.002 0.004 0.002 0.003 0.956 0.003 0.003 0.003 0.003 0.003 0.003 0.003 0.002 0.003 0.002 
357      520    (2)    3 :  0.005 0.003 0.002 0.002 0.003 0.951 0.003 0.003 0.003 0.002 0.006 0.003 0.003 0.003 0.004 0.003 
358      521    (2)    3 :  0.002 0.002 0.002 0.006 0.002 0.955 0.002 0.002 0.003 0.003 0.003 0.003 0.002 0.003 0.007 0.002 
359      522    (0)    3 :  0.007 0.004 0.010 0.001 0.006 0.899 0.005 0.006 0.006 0.004 0.005 0.003 0.006 0.004 0.013 0.021 
360      523    (2)    3 :  0.005 0.005 0.005 0.004 0.006 0.922 0.007 0.007 0.005 0.008 0.002 0.007 0.007 0.004 0.004 0.004 
361      524    (0)    3 :  0.006 0.004 0.068 0.003 0.010 0.802 0.008 0.010 0.008 0.023 0.006 0.010 0.009 0.007 0.012 0.013 
362      525    (0)    3 :  0.002 0.002 0.002 0.001 0.003 0.967 0.003 0.003 0.002 0.001 0.003 0.003 0.003 0.002 0.001 0.003 
363      526    (2)    3 :  0.003 0.002 0.002 0.012 0.002 0.956 0.002 0.002 0.002 0.002 0.002 0.002 0.003 0.002 0.002 0.002 
364      527    (2)    4 :  0.006 0.009 0.011 0.005 0.008 0.007 0.009 0.008 0.870 0.025 0.010 0.004 0.010 0.006 0.002 0.010 
365      528    (4)    4 :  0.004 0.005 0.004 0.003 0.024 0.002 0.021 0.023 0.406 0.083 0.008 0.020 0.021 0.347 0.017 0.012 
366      529    (4)    4 :  0.013 0.019 0.006 0.008 0.017 0.003 0.015 0.017 0.715 0.014 0.004 0.009 0.015 0.114 0.015 0.017 
367      530    (0)    4 :  0.003 0.003 0.006 0.004 0.007 0.008 0.008 0.007 0.905 0.008 0.005 0.012 0.007 0.011 0.004 0.003 
368      531    (2)    4 :  0.006 0.004 0.003 0.006 0.007 0.004 0.007 0.007 0.887 0.010 0.004 0.010 0.007 0.024 0.011 0.004 
369      532    (4)    4 :  0.003 0.005 0.034 0.002 0.012 0.003 0.014 0.011 0.752 0.017 0.002 0.024 0.012 0.101 0.003 0.004 
370      533    (0)    4 :  0.007 0.026 0.002 0.003 0.061 0.007 0.065 0.062 0.583 0.038 0.002 0.027 0.057 0.015 0.022 0.021 
371      534    (2)    4 :  0.005 0.005 0.003 0.002 0.009 0.003 0.009 0.008 0.842 0.073 0.006 0.005 0.008 0.007 0.013 0.005 
372      535    (2)    4 :  0.008 0.004 0.011 0.005 0.011 0.002 0.012 0.011 0.867 0.009 0.002 0.010 0.010 0.025 0.004 0.009 
373      536    (2)    4 :  0.005 0.005 0.004 0.012 0.006 0.002 0.006 0.005 0.896 0.009 0.002 0.008 0.006 0.003 0.027 0.003 
374      537    (2)    4 :  0.008 0.007 0.002 0.002 0.006 0.002 0.007 0.007 0.908 0.007 0.014 0.004 0.006 0.006 0.008 0.007 
375      538    (2)    4 :  0.008 0.023 0.004 0.002 0.035 0.006 0.045 0.039 0.671 0.049 0.004 0.036 0.041 0.005 0.003 0.029 
376      539    (2)    4 :  0.003 0.002 0.004 0.002 0.005 0.001 0.005 0.005 0.800 0.142 0.002 0.004 0.005 0.006 0.004 0.008 
377      540    (2)    4 :  0.017 0.007 0.005 0.001 0.016 0.001 0.014 0.014 0.854 0.010 0.002 0.020 0.012 0.006 0.011 0.010 
378      541    (2)    4 :  0.028 0.026 0.005 0.002 0.008 0.003 0.008 0.009 0.756 0.057 0.003 0.022 0.009 0.047 0.008 0.009 
379      542    (2)    4 :  0.024 0.017 0.004 0.005 0.018 0.002 0.019 0.020 0.683 0.074 0.009 0.018 0.019 0.015 0.010 0.062 
380      543    (0)    4 :  0.036 0.014 0.004 0.002 0.051 0.003 0.060 0.052 0.607 0.031 0.015 0.019 0.061 0.010 0.020 0.013 
381      544    (2)    4 :  0.003 0.003 0.002 0.002 0.004 0.003 0.004 0.004 0.931 0.022 0.002 0.007 0.004 0.003 0.004 0.003 
382      545    (2)    4 :  0.004 0.010 0.010 0.001 0.011 0.002 0.010 0.010 0.036 0.853 0.002 0.006 0.023 0.005 0.005 0.014 
383      546    (4)    4 :  0.003 0.008 0.013 0.002 0.022 0.002 0.024 0.022 0.016 0.808 0.002 0.005 0.045 0.004 0.005 0.019 
384      547    (6)    4 :  0.011 0.022 0.035 0.015 0.040 0.004 0.039 0.041 0.658 0.010 0.030 0.023 0.042 0.009 0.009 0.010 
385      019    (0)    5 :  0.033 0.035 0.003 0.004 0.007 0.002 0.008 0.007 0.073 0.782 0.004 0.006 0.007 0.017 0.008 0.004 
386      064    (0)    5 :  0.003 0.002 0.003 0.001 0.002 0.001 0.002 0.002 0.030 0.939 0.002 0.002 0.002 0.002 0.002 0.002 
387      065    (0)    5 :  0.003 0.004 0.002 0.001 0.002 0.001 0.002 0.002 0.941 0.025 0.001 0.003 0.002 0.002 0.005 0.002 
388      066    (0)    5 :  0.015 0.017 0.010 0.002 0.011 0.002 0.010 0.010 0.287 0.593 0.002 0.009 0.010 0.004 0.006 0.009 
389      067    (0)    5 :  0.011 0.026 0.004 0.006 0.007 0.005 0.008 0.008 0.010 0.865 0.009 0.005 0.008 0.015 0.008 0.005 
390      068    (0)    5 :  0.009 0.010 0.021 0.002 0.009 0.002 0.009 0.009 0.819 0.029 0.029 0.007 0.008 0.017 0.008 0.011 
391      069    (0)    5 :  0.005 0.003 0.017 0.001 0.005 0.001 0.005 0.005 0.137 0.776 0.004 0.007 0.006 0.007 0.011 0.008 
392      107    (0)    5 :  0.008 0.004 0.006 0.001 0.004 0.001 0.004 0.004 0.422 0.524 0.002 0.003 0.005 0.004 0.002 0.005 
393      110    (0)    5 :  0.002 0.003 0.003 0.003 0.002 0.001 0.002 0.002 0.003 0.960 0.001 0.003 0.002 0.008 0.002 0.002 
394      121    (0)    5 :  0.004 0.008 0.003 0.001 0.004 0.001 0.004 0.004 0.915 0.025 0.003 0.003 0.004 0.012 0.002 0.005 
395      137    (0)    5 :  0.007 0.010 0.004 0.009 0.008 0.002 0.008 0.009 0.008 0.902 0.002 0.005 0.008 0.004 0.005 0.008 
396      146    (0)    5 :  0.005 0.007 0.002 0.003 0.010 0.004 0.010 0.010 0.293 0.549 0.003 0.064 0.010 0.006 0.020 0.005 
397      149    (0)    5 :  0.005 0.009 0.002 0.003 0.004 0.001 0.004 0.004 0.005 0.941 0.002 0.004 0.004 0.005 0.002 0.005 
398      154    (0)    5 :  0.006 0.008 0.003 0.002 0.006 0.003 0.006 0.006 0.054 0.713 0.017 0.004 0.006 0.004 0.158 0.004 
399      179    (0)    5 :  0.005 0.004 0.007 0.002 0.004 0.002 0.004 0.004 0.385 0.557 0.004 0.004 0.004 0.004 0.004 0.006 
400      181    (0)    5 :  0.003 0.003 0.002 0.002 0.004 0.001 0.004 0.004 0.189 0.769 0.002 0.003 0.004 0.003 0.004 0.003 
401      182    (0)    5 :  0.005 0.011 0.017 0.002 0.011 0.003 0.013 0.013 0.745 0.102 0.014 0.013 0.012 0.027 0.007 0.005 
402      186    (0)    5 :  0.008 0.008 0.008 0.005 0.017 0.005 0.015 0.015 0.138 0.618 0.004 0.030 0.016 0.096 0.004 0.013 
403      193    (0)    5 :  0.013 0.006 0.004 0.002 0.008 0.003 0.008 0.008 0.493 0.417 0.004 0.008 0.008 0.007 0.008 0.004 
404      320    (0)    5 :  0.005 0.009 0.003 0.003 0.006 0.001 0.006 0.006 0.031 0.883 0.011 0.012 0.005 0.007 0.009 0.004 
405      341    (0)    5 :  0.009 0.011 0.006 0.002 0.006 0.001 0.006 0.006 0.881 0.041 0.003 0.007 0.006 0.003 0.003 0.009 
406      376    (0)    5 :  0.005 0.003 0.017 0.003 0.011 0.039 0.010 0.010 0.624 0.213 0.003 0.014 0.010 0.024 0.008 0.006 
407      395    (0)    5 :  0.019 0.005 0.004 0.006 0.007 0.001 0.007 0.007 0.187 0.654 0.004 0.006 0.007 0.011 0.055 0.020 
408      396    (0)    5 :  0.003 0.003 0.004 0.003 0.003 0.002 0.003 0.003 0.921 0.038 0.001 0.004 0.003 0.002 0.003 0.004 
409      397    (0)    5 :  0.004 0.004 0.002 0.009 0.005 0.001 0.005 0.005 0.853 0.078 0.007 0.004 0.005 0.005 0.010 0.003 
410      398    (0)    5 :  0.006 0.003 0.006 0.004 0.005 0.002 0.005 0.005 0.426 0.446 0.004 0.010 0.005 0.012 0.060 0.002 
411      399    (0)    5 :  0.003 0.005 0.007 0.002 0.005 0.002 0.005 0.005 0.926 0.007 0.003 0.008 0.005 0.012 0.002 0.003 
412      400    (0)    5 :  0.003 0.003 0.010 0.002 0.007 0.001 0.007 0.006 0.022 0.895 0.002 0.014 0.007 0.011 0.007 0.003 
413      401    (0)    5 :  0.005 0.007 0.007 0.003 0.012 0.003 0.012 0.013 0.081 0.819 0.002 0.008 0.011 0.004 0.005 0.006 
414      402    (0)    5 :  0.002 0.002 0.003 0.002 0.003 0.003 0.003 0.003 0.003 0.955 0.003 0.003 0.003 0.006 0.002 0.003 
415      403    (0)    5 :  0.010 0.025 0.010 0.011 0.008 0.003 0.009 0.009 0.434 0.406 0.004 0.029 0.009 0.019 0.004 0.010 
416      073    (0)    6 :  0.006 0.006 0.003 0.002 0.004 0.002 0.004 0.004 0.944 0.005 0.002 0.004 0.004 0.006 0.001 0.004 
417      074    (0)    6 :  0.006 0.004 0.002 0.002 0.007 0.007 0.008 0.008 0.892 0.004 0.005 0.004 0.008 0.002 0.038 0.003 
418      075    (0)    6 :  0.005 0.008 0.002 0.003 0.005 0.002 0.006 0.005 0.917 0.009 0.004 0.009 0.006 0.005 0.006 0.008 
419      076    (0)    6 :  0.004 0.010 0.003 0.005 0.006 0.005 0.006 0.006 0.905 0.008 0.006 0.005 0.006 0.012 0.005 0.008 
420      077    (0)    6 :  0.014 0.007 0.005 0.003 0.006 0.001 0.008 0.008 0.896 0.013 0.008 0.005 0.008 0.005 0.003 0.009 
421      078    (0)    6 :  0.007 0.008 0.004 0.005 0.026 0.003 0.039 0.027 0.793 0.010 0.005 0.016 0.038 0.005 0.005 0.009 
422      079    (0)    6 :  0.005 0.010 0.009 0.001 0.012 0.002 0.012 0.012 0.888 0.012 0.002 0.006 0.012 0.007 0.003 0.007 
423      080    (0)    6 :  0.003 0.007 0.004 0.002 0.006 0.003 0.006 0.006 0.909 0.005 0.018 0.004 0.006 0.015 0.003 0.003 
424      081    (0)    6 :  0.055 0.006 0.004 0.015 0.010 0.004 0.011 0.011 0.795 0.040 0.004 0.005 0.010 0.008 0.012 0.009 
425      082    (0)    6 :  0.003 0.002 0.005 0.002 0.003 0.001 0.003 0.003 0.937 0.020 0.003 0.004 0.003 0.006 0.003 0.002 
426      083    (0)    6 :  0.003 0.004 0.008 0.003 0.007 0.002 0.008 0.007 0.904 0.020 0.002 0.005 0.007 0.005 0.010 0.005 
427      084    (0)    6 :  0.010 0.011 0.002 0.005 0.005 0.003 0.005 0.005 0.821 0.012 0.002 0.004 0.005 0.003 0.101 0.007 
428      085    (0)    6 :  0.035 0.009 0.017 0.015 0.012 0.002 0.015 0.016 0.547 0.055 0.003 0.012 0.015 0.008 0.009 0.232 
429      404    (0)    6 :  0.005 0.006 0.003 0.003 0.004 0.001 0.004 0.004 0.919 0.010 0.003 0.004 0.004 0.005 0.020 0.004 
430      405    (0)    6 :  0.011 0.004 0.002 0.009 0.005 0.002 0.005 0.005 0.924 0.005 0.002 0.005 0.006 0.004 0.005 0.004 
431      406    (0)    6 :  0.004 0.003 0.007 0.007 0.009 0.005 0.011 0.010 0.899 0.005 0.003 0.006 0.011 0.006 0.008 0.005 
432      407    (0)    6 :  0.006 0.005 0.002 0.003 0.005 0.001 0.006 0.005 0.853 0.084 0.003 0.004 0.005 0.003 0.005 0.009 
433      408    (0)    6 :  0.006 0.003 0.002 0.001 0.005 0.001 0.005 0.005 0.942 0.004 0.005 0.004 0.005 0.004 0.005 0.004 
434      411    (2)    6 :  0.004 0.004 0.002 0.002 0.003 0.001 0.003 0.003 0.953 0.006 0.003 0.002 0.003 0.002 0.005 0.003 
435      412    (0)    6 :  0.013 0.006 0.007 0.005 0.008 0.029 0.008 0.008 0.863 0.008 0.006 0.006 0.007 0.012 0.004 0.013 
436      413    (0)    6 :  0.004 0.005 0.002 0.002 0.007 0.001 0.008 0.007 0.925 0.012 0.002 0.004 0.012 0.002 0.003 0.004 
437      591    (0)    7 :  0.008 0.009 0.004 0.007 0.006 0.014 0.006 0.005 0.004 0.002 0.004 0.007 0.006 0.903 0.008 0.006 
438      592    (0)    7 :  0.139 0.010 0.005 0.003 0.007 0.003 0.008 0.007 0.010 0.004 0.006 0.013 0.007 0.764 0.005 0.011 
439      593    (0)    7 :  0.006 0.006 0.005 0.006 0.007 0.002 0.007 0.007 0.009 0.005 0.002 0.006 0.007 0.915 0.003 0.005 
440      594    (0)    7 :  0.060 0.012 0.004 0.005 0.024 0.003 0.021 0.023 0.037 0.009 0.010 0.030 0.023 0.726 0.007 0.007 
441      595    (0)    7 :  0.005 0.007 0.004 0.004 0.021 0.005 0.019 0.020 0.010 0.013 0.011 0.006 0.017 0.847 0.003 0.008 
442      596    (0)    7 :  0.005 0.003 0.007 0.007 0.006 0.002 0.006 0.006 0.006 0.005 0.019 0.007 0.006 0.907 0.002 0.005 
443      597    (0)    7 :  0.007 0.007 0.003 0.002 0.011 0.001 0.011 0.012 0.033 0.028 0.006 0.009 0.014 0.819 0.003 0.034 
444      598    (0)    7 :  0.009 0.006 0.010 0.002 0.045 0.002 0.041 0.039 0.006 0.032 0.027 0.091 0.048 0.545 0.003 0.093 
445      599    (0)    7 :  0.053 0.145 0.005 0.006 0.008 0.003 0.008 0.007 0.006 0.003 0.003 0.004 0.008 0.723 0.003 0.016 
446      600    (0)    7 :  0.003 0.005 0.003 0.004 0.006 0.002 0.006 0.006 0.004 0.007 0.012 0.006 0.006 0.923 0.001 0.006 
447      601    (0)    7 :  0.019 0.018 0.005 0.002 0.017 0.002 0.015 0.016 0.020 0.025 0.002 0.009 0.017 0.801 0.002 0.030 
448      602    (0)    7 :  0.008 0.008 0.004 0.004 0.014 0.004 0.013 0.013 0.006 0.014 0.005 0.005 0.013 0.870 0.004 0.015 
449      603    (0)    7 :  0.182 0.026 0.007 0.007 0.039 0.003 0.037 0.040 0.007 0.005 0.008 0.006 0.041 0.145 0.009 0.440 
450      604    (0)    7 :  0.004 0.003 0.012 0.002 0.011 0.003 0.014 0.012 0.009 0.007 0.008 0.014 0.012 0.883 0.003 0.004 
451      605    (0)    7 :  0.008 0.009 0.004 0.004 0.022 0.020 0.020 0.023 0.008 0.006 0.024 0.095 0.021 0.723 0.003 0.010 
452      606    (0)    7 :  0.008 0.012 0.003 0.020 0.009 0.004 0.009 0.010 0.004 0.003 0.007 0.013 0.010 0.877 0.004 0.006 
453      607    (0)    7 :  0.002 0.002 0.099 0.003 0.004 0.003 0.005 0.004 0.009 0.014 0.009 0.010 0.004 0.822 0.002 0.007 
454      608    (0)    7 :  0.005 0.020 0.018 0.003 0.005 0.001 0.005 0.005 0.005 0.004 0.003 0.007 0.005 0.899 0.005 0.008 
455      609    (0)    7 :  0.004 0.004 0.008 0.004 0.008 0.002 0.008 0.008 0.004 0.004 0.003 0.009 0.008 0.917 0.003 0.006 
456      610    (0)    7 :  0.008 0.021 0.017 0.003 0.106 0.004 0.091 0.092 0.020 0.007 0.010 0.017 0.088 0.446 0.009 0.061 
457      611    (2)    7 :  0.003 0.002 0.021 0.003 0.007 0.002 0.009 0.009 0.010 0.008 0.006 0.006 0.008 0.886 0.011 0.005 
458      612    (0)    7 :  0.007 0.010 0.032 0.002 0.022 0.004 0.025 0.020 0.008 0.062 0.041 0.008 0.018 0.723 0.003 0.014 
459      755    (0)    7 :  0.013 0.004 0.280 0.002 0.031 0.027 0.031 0.030 0.016 0.009 0.044 0.017 0.031 0.419 0.029 0.019 
460      756    (0)    7 :  0.010 0.005 0.013 0.004 0.006 0.002 0.006 0.006 0.012 0.003 0.003 0.007 0.006 0.899 0.008 0.010 
461      757    (0)    7 :  0.011 0.005 0.010 0.002 0.011 0.003 0.010 0.011 0.009 0.006 0.005 0.020 0.011 0.876 0.004 0.006 
462      002    (0)    8 :  0.004 0.003 0.005 0.003 0.008 0.003 0.008 0.007 0.503 0.395 0.002 0.010 0.008 0.006 0.020 0.016 
463      099    (2)    8 :  0.032 0.051 0.013 0.003 0.029 0.706 0.029 0.030 0.004 0.005 0.042 0.011 0.025 0.008 0.008 0.004 
464      641    (2)    8 :  0.008 0.009 0.025 0.014 0.069 0.015 0.137 0.090 0.173 0.243 0.004 0.038 0.101 0.051 0.012 0.012 
465      642    (0)    8 :  0.013 0.015 0.004 0.003 0.008 0.003 0.009 0.008 0.866 0.005 0.003 0.017 0.008 0.020 0.009 0.011 
466      643    (2)    8 :  0.017 0.010 0.004 0.003 0.013 0.004 0.015 0.014 0.761 0.008 0.003 0.069 0.014 0.024 0.016 0.025 
467      644    (0)    8 :  0.013 0.017 0.009 0.004 0.008 0.004 0.009 0.009 0.847 0.021 0.008 0.018 0.009 0.006 0.006 0.013 
468      645    (0)    8 :  0.027 0.007 0.119 0.038 0.028 0.002 0.026 0.033 0.416 0.014 0.003 0.182 0.028 0.034 0.017 0.028 
469      646    (0)    8 :  0.005 0.009 0.149 0.010 0.049 0.004 0.064 0.053 0.058 0.384 0.009 0.048 0.061 0.012 0.013 0.072 
470      006    (0)    9 :  0.007 0.005 0.005 0.003 0.024 0.005 0.021 0.025 0.218 0.008 0.003 0.007 0.020 0.006 0.631 0.012 
471      011    (0)    9 :  0.004 0.003 0.002 0.002 0.003 0.001 0.003 0.003 0.953 0.003 0.003 0.003 0.003 0.003 0.009 0.003 
472      033    (2)    9 :  0.006 0.003 0.004 0.002 0.006 0.001 0.005 0.006 0.267 0.017 0.002 0.004 0.005 0.021 0.629 0.021 
473      048    (0)    9 :  0.246 0.053 0.005 0.008 0.019 0.002 0.017 0.018 0.508 0.012 0.005 0.007 0.019 0.017 0.047 0.015 
474      061    (0)    9 :  0.002 0.001 0.003 0.004 0.002 0.001 0.002 0.002 0.002 0.002 0.001 0.002 0.002 0.001 0.972 0.002 
475      088    (0)    9 :  0.020 0.015 0.003 0.005 0.016 0.003 0.014 0.014 0.812 0.016 0.008 0.014 0.013 0.013 0.024 0.010 
476      091    (0)    9 :  0.003 0.003 0.007 0.002 0.004 0.001 0.004 0.004 0.010 0.003 0.005 0.003 0.004 0.005 0.940 0.003 
477      098    (0)    9 :  0.027 0.011 0.006 0.012 0.007 0.001 0.006 0.006 0.858 0.015 0.003 0.004 0.006 0.020 0.009 0.008 
478      104    (0)    9 :  0.006 0.003 0.002 0.002 0.003 0.001 0.003 0.003 0.923 0.038 0.002 0.002 0.003 0.002 0.003 0.003 
479      196    (0)    9 :  0.010 0.007 0.002 0.005 0.006 0.001 0.006 0.005 0.325 0.020 0.005 0.006 0.006 0.009 0.581 0.006 
480      197    (0)    9 :  0.007 0.010 0.003 0.007 0.023 0.003 0.023 0.025 0.538 0.016 0.013 0.007 0.026 0.011 0.263 0.025 
481      201    (0)    9 :  0.006 0.003 0.002 0.001 0.005 0.001 0.005 0.005 0.337 0.013 0.001 0.012 0.005 0.005 0.593 0.005 
482      202    (0)    9 :  0.025 0.016 0.002 0.020 0.013 0.009 0.014 0.014 0.784 0.018 0.012 0.009 0.013 0.005 0.033 0.013 
483      204    (0)    9 :  0.009 0.003 0.009 0.002 0.004 0.001 0.004 0.004 0.530 0.030 0.002 0.005 0.004 0.003 0.383 0.009 
484      231    (0)    9 :  0.012 0.007 0.008 0.001 0.005 0.001 0.005 0.005 0.840 0.067 0.005 0.005 0.005 0.010 0.008 0.015 
485      328    (0)    9 :  0.005 0.004 0.002 0.005 0.004 0.001 0.004 0.004 0.699 0.003 0.002 0.005 0.004 0.006 0.248 0.006 
486      346    (0)    9 :  0.005 0.004 0.003 0.003 0.004 0.002 0.005 0.004 0.625 0.008 0.007 0.005 0.004 0.008 0.312 0.003 


Estimated Allele Frequencies in each cluster
First column gives estimated ancestral frequencies


Locus 1 : 1 
4 alleles
0.0% missing data
  89   (0.533) 0.583 0.538 0.830 0.065 0.557 0.293 0.557 0.558 0.624 0.293 0.642 0.501 0.552 0.552 0.697 0.462 
  91   (0.385) 0.368 0.338 0.151 0.708 0.365 0.670 0.374 0.367 0.314 0.590 0.312 0.443 0.376 0.431 0.294 0.515 
  93   (0.066) 0.022 0.117 0.015 0.098 0.059 0.036 0.056 0.059 0.062 0.116 0.046 0.052 0.058 0.014 0.008 0.018 
  99   (0.015) 0.027 0.006 0.003 0.129 0.019 0.001 0.013 0.017 0.000 0.001 0.001 0.004 0.014 0.002 0.001 0.005 

Locus 2 : 2 
6 alleles
1.0% missing data
 136   (0.349) 0.066 0.077 0.146 0.189 0.344 0.453 0.368 0.350 0.555 0.727 0.459 0.557 0.353 0.416 0.112 0.183 
 134   (0.236) 0.283 0.226 0.680 0.027 0.214 0.196 0.204 0.211 0.143 0.164 0.380 0.210 0.209 0.404 0.204 0.220 
 138   (0.298) 0.478 0.593 0.119 0.771 0.328 0.219 0.314 0.321 0.252 0.097 0.154 0.168 0.327 0.148 0.245 0.462 
 140   (0.067) 0.032 0.041 0.018 0.008 0.066 0.122 0.066 0.066 0.049 0.008 0.004 0.036 0.063 0.016 0.434 0.062 
 132   (0.021) 0.003 0.006 0.004 0.002 0.029 0.001 0.029 0.033 0.000 0.002 0.001 0.006 0.027 0.003 0.002 0.005 
 142   (0.029) 0.138 0.057 0.033 0.003 0.019 0.009 0.019 0.019 0.001 0.003 0.002 0.023 0.020 0.012 0.003 0.067 

Locus 3 : 3 
6 alleles
0.0% missing data
 181   (0.254) 0.441 0.340 0.342 0.180 0.250 0.072 0.251 0.246 0.230 0.092 0.066 0.187 0.243 0.401 0.071 0.139 
 187   (0.345) 0.158 0.173 0.121 0.774 0.356 0.345 0.370 0.354 0.517 0.546 0.258 0.349 0.379 0.167 0.686 0.350 
 179   (0.246) 0.179 0.260 0.349 0.029 0.248 0.052 0.240 0.257 0.227 0.347 0.015 0.294 0.238 0.399 0.226 0.320 
 191   (0.032) 0.009 0.007 0.009 0.003 0.031 0.009 0.031 0.030 0.022 0.003 0.199 0.010 0.031 0.006 0.004 0.007 
 185   (0.075) 0.029 0.203 0.136 0.008 0.076 0.285 0.071 0.074 0.002 0.008 0.457 0.054 0.071 0.019 0.007 0.074 
 175   (0.048) 0.184 0.018 0.044 0.005 0.039 0.237 0.037 0.038 0.001 0.004 0.003 0.105 0.038 0.008 0.005 0.111 

Locus 4 : 4 
12 alleles
0.2% missing data
 253   (0.485) 0.694 0.277 0.616 0.596 0.514 0.169 0.512 0.517 0.758 0.454 0.464 0.511 0.489 0.612 0.624 0.477 
 249   (0.029) 0.004 0.005 0.005 0.004 0.022 0.066 0.025 0.024 0.058 0.019 0.002 0.009 0.025 0.005 0.315 0.006 
 271   (0.042) 0.006 0.009 0.010 0.005 0.040 0.110 0.039 0.040 0.028 0.054 0.003 0.030 0.038 0.009 0.005 0.033 
 241   (0.158) 0.090 0.205 0.100 0.183 0.143 0.529 0.141 0.138 0.020 0.366 0.150 0.186 0.145 0.145 0.023 0.190 
 257   (0.006) 0.001 0.001 0.001 0.001 0.004 0.000 0.004 0.004 0.000 0.003 0.000 0.005 0.004 0.001 0.000 0.002 
 269   (0.174) 0.144 0.476 0.242 0.200 0.170 0.031 0.177 0.169 0.133 0.081 0.099 0.155 0.199 0.184 0.021 0.233 
 247   (0.065) 0.055 0.020 0.017 0.007 0.082 0.026 0.076 0.084 0.002 0.007 0.280 0.053 0.070 0.034 0.008 0.044 
 245   (0.009) 0.001 0.001 0.001 0.001 0.006 0.066 0.005 0.006 0.000 0.001 0.001 0.002 0.006 0.001 0.001 0.002 
 239   (0.011) 0.001 0.002 0.003 0.001 0.008 0.001 0.008 0.008 0.000 0.001 0.001 0.021 0.008 0.004 0.001 0.002 
 273   (0.008) 0.001 0.001 0.001 0.001 0.005 0.001 0.005 0.004 0.000 0.001 0.000 0.023 0.005 0.001 0.001 0.002 
 267   (0.006) 0.001 0.001 0.002 0.001 0.004 0.000 0.004 0.004 0.000 0.013 0.000 0.002 0.005 0.001 0.001 0.002 
 255   (0.007) 0.003 0.001 0.001 0.001 0.004 0.000 0.004 0.004 0.000 0.001 0.000 0.002 0.004 0.003 0.001 0.009 

Locus 5 : 5 
6 alleles
0.6% missing data
 103   (0.852) 0.964 0.947 0.951 0.983 0.822 0.736 0.812 0.823 0.993 0.966 0.979 0.859 0.797 0.927 0.985 0.925 
 104   (0.062) 0.018 0.036 0.029 0.007 0.091 0.072 0.095 0.087 0.005 0.026 0.004 0.050 0.117 0.026 0.007 0.036 
 101   (0.009) 0.001 0.002 0.005 0.001 0.006 0.001 0.006 0.006 0.000 0.001 0.012 0.003 0.006 0.002 0.001 0.003 
 105   (0.047) 0.013 0.009 0.011 0.005 0.055 0.165 0.054 0.056 0.001 0.004 0.003 0.072 0.050 0.036 0.005 0.023 
 102   (0.015) 0.002 0.003 0.002 0.002 0.014 0.001 0.020 0.017 0.000 0.001 0.001 0.007 0.017 0.005 0.001 0.009 
 107   (0.015) 0.002 0.002 0.002 0.001 0.012 0.025 0.012 0.011 0.000 0.001 0.001 0.010 0.012 0.003 0.001 0.003 

Locus 6 : 6 
5 alleles
0.2% missing data
 141   (0.268) 0.266 0.069 0.778 0.030 0.271 0.111 0.254 0.267 0.590 0.318 0.132 0.209 0.258 0.308 0.836 0.320 
 145   (0.403) 0.621 0.587 0.135 0.411 0.422 0.023 0.446 0.428 0.179 0.119 0.261 0.520 0.443 0.443 0.072 0.461 
 135   (0.235) 0.099 0.321 0.066 0.548 0.230 0.637 0.218 0.228 0.191 0.362 0.288 0.203 0.218 0.137 0.076 0.181 
 147   (0.082) 0.013 0.019 0.019 0.010 0.070 0.126 0.075 0.070 0.040 0.200 0.319 0.056 0.073 0.110 0.015 0.036 
 137   (0.011) 0.002 0.003 0.002 0.001 0.007 0.103 0.007 0.007 0.000 0.002 0.001 0.012 0.008 0.002 0.001 0.002 

Locus 7 : 7 
10 alleles
1.2% missing data
  93   (0.224) 0.350 0.123 0.303 0.797 0.195 0.113 0.190 0.192 0.333 0.405 0.065 0.282 0.195 0.214 0.617 0.316 
 103   (0.303) 0.371 0.324 0.128 0.040 0.327 0.017 0.334 0.331 0.403 0.274 0.514 0.289 0.337 0.530 0.081 0.386 
  91   (0.069) 0.056 0.016 0.057 0.010 0.065 0.060 0.069 0.066 0.034 0.007 0.155 0.056 0.066 0.041 0.007 0.017 
  97   (0.194) 0.093 0.359 0.252 0.127 0.205 0.262 0.201 0.204 0.163 0.170 0.253 0.120 0.199 0.157 0.028 0.051 
  85   (0.044) 0.010 0.125 0.010 0.006 0.046 0.003 0.045 0.046 0.046 0.008 0.003 0.046 0.042 0.014 0.005 0.011 
  89   (0.083) 0.080 0.032 0.234 0.011 0.065 0.301 0.067 0.065 0.019 0.129 0.005 0.068 0.068 0.029 0.254 0.187 
  83   (0.050) 0.036 0.016 0.010 0.006 0.070 0.003 0.067 0.071 0.001 0.005 0.003 0.130 0.062 0.009 0.005 0.026 
 105   (0.014) 0.003 0.002 0.003 0.002 0.014 0.091 0.012 0.012 0.000 0.001 0.001 0.004 0.012 0.002 0.001 0.003 
 101   (0.009) 0.001 0.002 0.001 0.001 0.007 0.125 0.009 0.007 0.000 0.001 0.001 0.003 0.010 0.001 0.001 0.002 
  99   (0.010) 0.001 0.002 0.002 0.001 0.007 0.025 0.007 0.007 0.000 0.001 0.001 0.003 0.007 0.001 0.001 0.002 

Locus 8 : 8 
8 alleles
0.0% missing data
 129   (0.553) 0.697 0.721 0.458 0.198 0.557 0.301 0.593 0.568 0.704 0.479 0.639 0.638 0.590 0.404 0.666 0.731 
 141   (0.054) 0.012 0.019 0.011 0.006 0.050 0.003 0.045 0.049 0.099 0.146 0.216 0.021 0.046 0.092 0.009 0.024 
 149   (0.079) 0.071 0.029 0.280 0.009 0.079 0.302 0.070 0.075 0.143 0.033 0.013 0.055 0.072 0.018 0.012 0.081 
 143   (0.262) 0.204 0.217 0.211 0.701 0.270 0.298 0.247 0.263 0.052 0.337 0.129 0.251 0.248 0.476 0.310 0.150 
 127   (0.018) 0.002 0.003 0.003 0.046 0.016 0.094 0.017 0.016 0.000 0.002 0.001 0.005 0.015 0.003 0.001 0.004 
 131   (0.012) 0.010 0.005 0.003 0.038 0.008 0.001 0.009 0.008 0.000 0.001 0.002 0.003 0.009 0.002 0.001 0.002 
 133   (0.017) 0.003 0.005 0.033 0.002 0.016 0.001 0.015 0.017 0.000 0.002 0.001 0.022 0.016 0.003 0.002 0.006 
 145   (0.006) 0.001 0.001 0.001 0.001 0.005 0.000 0.004 0.004 0.000 0.001 0.000 0.004 0.005 0.001 0.000 0.001 

Locus 9 : 9 
5 alleles
0.0% missing data
 191   (0.391) 0.335 0.329 0.589 0.339 0.399 0.339 0.397 0.396 0.565 0.597 0.546 0.352 0.398 0.478 0.846 0.164 
 195   (0.147) 0.330 0.344 0.035 0.355 0.133 0.330 0.123 0.133 0.187 0.037 0.051 0.132 0.128 0.244 0.033 0.095 
 189   (0.450) 0.332 0.324 0.373 0.305 0.461 0.330 0.472 0.464 0.246 0.365 0.403 0.503 0.465 0.276 0.120 0.738 
 197   (0.006) 0.002 0.001 0.001 0.001 0.004 0.000 0.004 0.003 0.000 0.001 0.000 0.011 0.004 0.001 0.001 0.001 
 193   (0.006) 0.001 0.002 0.002 0.001 0.004 0.000 0.004 0.004 0.002 0.001 0.000 0.002 0.004 0.001 0.001 0.001 

Locus 10 : 10 
7 alleles
0.4% missing data
 232   (0.248) 0.214 0.168 0.063 0.219 0.265 0.126 0.280 0.272 0.287 0.376 0.278 0.292 0.270 0.154 0.576 0.072 
 238   (0.559) 0.723 0.695 0.839 0.367 0.557 0.748 0.554 0.558 0.591 0.444 0.343 0.495 0.559 0.671 0.130 0.862 
 252   (0.107) 0.052 0.121 0.083 0.016 0.100 0.014 0.091 0.094 0.107 0.172 0.032 0.163 0.096 0.122 0.278 0.048 
 254   (0.047) 0.007 0.008 0.009 0.393 0.041 0.082 0.038 0.040 0.014 0.005 0.263 0.035 0.040 0.046 0.013 0.010 
 248   (0.018) 0.002 0.003 0.003 0.002 0.018 0.001 0.017 0.018 0.000 0.002 0.083 0.008 0.017 0.003 0.002 0.004 
 250   (0.014) 0.002 0.002 0.002 0.002 0.015 0.029 0.014 0.013 0.000 0.001 0.001 0.004 0.013 0.002 0.001 0.002 
 236   (0.006) 0.001 0.001 0.001 0.001 0.005 0.000 0.005 0.004 0.000 0.001 0.001 0.003 0.005 0.002 0.001 0.002 

Locus 11 : 11 
4 alleles
0.0% missing data
  87   (0.689) 0.856 0.872 0.865 0.964 0.706 0.496 0.694 0.699 0.643 0.559 0.532 0.683 0.705 0.640 0.343 0.792 
  89   (0.241) 0.119 0.095 0.086 0.029 0.237 0.153 0.251 0.246 0.303 0.364 0.386 0.222 0.238 0.346 0.631 0.188 
  91   (0.055) 0.024 0.031 0.014 0.006 0.046 0.182 0.043 0.043 0.054 0.076 0.081 0.080 0.044 0.011 0.024 0.017 
  85   (0.016) 0.002 0.003 0.035 0.002 0.012 0.170 0.012 0.012 0.000 0.001 0.001 0.016 0.013 0.003 0.002 0.003 

Locus 12 : 12 
13 alleles
0.4% missing data
 160   (0.214) 0.336 0.146 0.194 0.599 0.202 0.423 0.233 0.211 0.108 0.192 0.721 0.213 0.230 0.060 0.036 0.257 
 162   (0.245) 0.293 0.140 0.377 0.064 0.253 0.014 0.234 0.256 0.210 0.094 0.229 0.248 0.234 0.484 0.759 0.336 
 147   (0.050) 0.016 0.035 0.013 0.005 0.041 0.003 0.041 0.041 0.117 0.361 0.003 0.018 0.041 0.089 0.096 0.069 
 158   (0.230) 0.201 0.304 0.099 0.028 0.241 0.095 0.251 0.242 0.534 0.316 0.022 0.277 0.255 0.188 0.078 0.107 
 161   (0.109) 0.051 0.226 0.032 0.115 0.102 0.271 0.096 0.097 0.022 0.023 0.016 0.117 0.096 0.148 0.015 0.124 
 170   (0.052) 0.025 0.022 0.012 0.006 0.066 0.027 0.056 0.060 0.007 0.005 0.003 0.059 0.054 0.010 0.007 0.051 
 143   (0.031) 0.007 0.005 0.009 0.175 0.033 0.161 0.029 0.032 0.001 0.003 0.002 0.040 0.029 0.005 0.003 0.006 
 154   (0.016) 0.002 0.003 0.005 0.002 0.021 0.001 0.021 0.022 0.000 0.001 0.001 0.006 0.018 0.006 0.002 0.004 
 149   (0.022) 0.061 0.081 0.254 0.002 0.017 0.001 0.015 0.016 0.000 0.002 0.001 0.006 0.017 0.005 0.002 0.006 
 153   (0.011) 0.001 0.002 0.002 0.001 0.011 0.001 0.010 0.010 0.000 0.001 0.001 0.009 0.011 0.003 0.001 0.002 
 150   (0.007) 0.005 0.016 0.001 0.001 0.003 0.000 0.004 0.003 0.000 0.001 0.000 0.002 0.004 0.001 0.001 0.001 
 159   (0.008) 0.001 0.019 0.002 0.001 0.005 0.000 0.005 0.004 0.000 0.001 0.000 0.003 0.005 0.001 0.001 0.036 
 164   (0.007) 0.001 0.001 0.001 0.001 0.005 0.000 0.005 0.005 0.000 0.001 0.000 0.002 0.005 0.001 0.001 0.001 

Locus 13 : 13 
5 alleles
0.0% missing data
 108   (0.201) 0.071 0.174 0.050 0.337 0.193 0.297 0.204 0.190 0.163 0.153 0.199 0.275 0.207 0.144 0.410 0.144 
 115   (0.449) 0.581 0.442 0.706 0.089 0.447 0.377 0.435 0.449 0.581 0.312 0.284 0.473 0.428 0.502 0.526 0.482 
 113   (0.338) 0.346 0.382 0.241 0.572 0.350 0.324 0.350 0.351 0.256 0.535 0.516 0.248 0.353 0.351 0.063 0.372 
 109   (0.006) 0.001 0.001 0.001 0.001 0.005 0.000 0.006 0.005 0.000 0.001 0.000 0.002 0.006 0.001 0.001 0.001 
 110   (0.006) 0.001 0.001 0.001 0.001 0.005 0.000 0.005 0.005 0.000 0.001 0.000 0.002 0.005 0.001 0.000 0.001 

Locus 14 : 14 
5 alleles
1.2% missing data
 227   (0.138) 0.330 0.315 0.055 0.255 0.132 0.008 0.139 0.137 0.258 0.325 0.016 0.076 0.133 0.037 0.061 0.279 
 231   (0.156) 0.029 0.034 0.039 0.273 0.157 0.355 0.157 0.157 0.093 0.107 0.352 0.148 0.152 0.460 0.027 0.042 
 229   (0.507) 0.522 0.527 0.858 0.093 0.520 0.469 0.516 0.511 0.463 0.444 0.415 0.677 0.530 0.286 0.862 0.453 
 225   (0.136) 0.055 0.104 0.033 0.226 0.131 0.059 0.137 0.135 0.088 0.024 0.213 0.073 0.131 0.143 0.019 0.208 
 233   (0.063) 0.063 0.020 0.014 0.154 0.060 0.108 0.051 0.059 0.097 0.100 0.004 0.026 0.054 0.073 0.031 0.018 

Locus 15 : 15 
5 alleles
0.4% missing data
 143   (0.842) 0.900 0.752 0.935 0.718 0.846 0.621 0.837 0.846 0.970 0.977 0.817 0.887 0.846 0.872 0.983 0.943 
 157   (0.007) 0.001 0.001 0.001 0.001 0.004 0.000 0.004 0.003 0.018 0.001 0.000 0.002 0.004 0.001 0.001 0.001 
 145   (0.088) 0.081 0.055 0.051 0.274 0.089 0.184 0.097 0.090 0.011 0.016 0.006 0.048 0.091 0.115 0.010 0.036 
 147   (0.048) 0.017 0.188 0.010 0.006 0.051 0.194 0.052 0.051 0.001 0.005 0.145 0.023 0.048 0.008 0.005 0.017 
 133   (0.015) 0.002 0.004 0.002 0.001 0.010 0.001 0.010 0.010 0.000 0.001 0.032 0.040 0.011 0.003 0.002 0.003 

Locus 16 : 16 
5 alleles
0.2% missing data
 156   (0.228) 0.225 0.276 0.052 0.516 0.211 0.162 0.198 0.204 0.305 0.081 0.503 0.393 0.201 0.325 0.196 0.181 
 158   (0.538) 0.685 0.593 0.615 0.252 0.564 0.313 0.568 0.571 0.498 0.733 0.197 0.457 0.567 0.469 0.321 0.572 
 160   (0.140) 0.059 0.104 0.308 0.016 0.126 0.118 0.136 0.129 0.152 0.176 0.112 0.102 0.128 0.148 0.470 0.195 
 154   (0.085) 0.019 0.025 0.024 0.215 0.094 0.407 0.092 0.091 0.045 0.009 0.188 0.046 0.098 0.056 0.011 0.032 
 152   (0.009) 0.013 0.002 0.001 0.001 0.005 0.000 0.005 0.005 0.000 0.001 0.001 0.002 0.005 0.001 0.001 0.020 

Locus 17 : 17 
5 alleles
0.0% missing data
 102   (0.200) 0.079 0.239 0.333 0.024 0.202 0.038 0.191 0.199 0.249 0.162 0.198 0.097 0.198 0.183 0.094 0.428 
  90   (0.681) 0.898 0.722 0.378 0.577 0.661 0.322 0.669 0.663 0.721 0.810 0.794 0.822 0.667 0.794 0.607 0.529 
  88   (0.070) 0.011 0.016 0.279 0.007 0.081 0.468 0.074 0.078 0.029 0.023 0.005 0.033 0.073 0.013 0.295 0.026 
 100   (0.042) 0.011 0.007 0.008 0.391 0.052 0.171 0.062 0.056 0.001 0.004 0.002 0.047 0.059 0.009 0.004 0.013 
 104   (0.007) 0.001 0.016 0.001 0.001 0.003 0.000 0.004 0.003 0.000 0.001 0.000 0.002 0.004 0.001 0.001 0.005 

Locus 18 : 18 
7 alleles
0.0% missing data
 142   (0.124) 0.057 0.140 0.082 0.015 0.137 0.018 0.120 0.129 0.422 0.381 0.008 0.174 0.123 0.024 0.794 0.059 
 146   (0.077) 0.032 0.020 0.105 0.008 0.073 0.004 0.064 0.071 0.193 0.024 0.227 0.066 0.066 0.083 0.035 0.238 
 140   (0.291) 0.203 0.413 0.518 0.276 0.288 0.298 0.317 0.300 0.085 0.421 0.178 0.227 0.306 0.502 0.045 0.195 
 127   (0.301) 0.413 0.187 0.183 0.547 0.306 0.385 0.322 0.313 0.226 0.099 0.058 0.407 0.324 0.230 0.074 0.288 
 148   (0.099) 0.067 0.049 0.026 0.011 0.094 0.067 0.086 0.090 0.054 0.048 0.216 0.037 0.087 0.115 0.035 0.150 
 150   (0.055) 0.205 0.113 0.069 0.006 0.053 0.224 0.043 0.051 0.001 0.005 0.309 0.052 0.047 0.012 0.006 0.034 
 138   (0.053) 0.023 0.078 0.016 0.137 0.048 0.003 0.047 0.047 0.018 0.021 0.004 0.037 0.047 0.032 0.011 0.036 

Locus 19 : 19 
8 alleles
0.2% missing data
 188   (0.182) 0.121 0.317 0.045 0.019 0.196 0.011 0.196 0.200 0.095 0.172 0.169 0.189 0.186 0.067 0.566 0.093 
 190   (0.125) 0.231 0.198 0.396 0.013 0.095 0.041 0.093 0.093 0.418 0.328 0.200 0.101 0.104 0.242 0.014 0.069 
 194   (0.575) 0.571 0.461 0.189 0.956 0.601 0.554 0.591 0.596 0.484 0.489 0.480 0.633 0.600 0.601 0.410 0.569 
 202   (0.017) 0.002 0.003 0.003 0.002 0.013 0.042 0.013 0.012 0.000 0.001 0.145 0.006 0.013 0.003 0.001 0.003 
 200   (0.082) 0.073 0.018 0.364 0.008 0.083 0.314 0.095 0.088 0.002 0.008 0.005 0.058 0.085 0.080 0.007 0.262 
 192   (0.006) 0.001 0.002 0.001 0.001 0.005 0.000 0.005 0.005 0.000 0.001 0.000 0.002 0.005 0.004 0.000 0.001 
 196   (0.006) 0.001 0.001 0.001 0.001 0.004 0.000 0.004 0.004 0.000 0.001 0.000 0.009 0.004 0.001 0.000 0.001 
 198   (0.006) 0.001 0.001 0.001 0.001 0.003 0.038 0.003 0.003 0.000 0.001 0.000 0.002 0.004 0.001 0.000 0.001 

Locus 20 : 20 
6 alleles
0.8% missing data
 252   (0.700) 0.737 0.771 0.544 0.385 0.730 0.074 0.718 0.723 0.849 0.711 0.728 0.831 0.712 0.743 0.816 0.845 
 250   (0.085) 0.026 0.183 0.143 0.348 0.071 0.428 0.077 0.074 0.100 0.047 0.142 0.029 0.075 0.069 0.010 0.030 
 244   (0.023) 0.010 0.006 0.007 0.005 0.015 0.047 0.017 0.015 0.007 0.002 0.002 0.009 0.017 0.007 0.150 0.008 
 254   (0.078) 0.140 0.018 0.018 0.099 0.070 0.243 0.062 0.067 0.031 0.010 0.081 0.065 0.065 0.057 0.010 0.085 
 246   (0.093) 0.084 0.019 0.284 0.161 0.083 0.207 0.084 0.086 0.004 0.228 0.046 0.057 0.084 0.119 0.010 0.024 
 248   (0.022) 0.003 0.004 0.004 0.002 0.031 0.001 0.043 0.035 0.009 0.003 0.001 0.009 0.047 0.004 0.003 0.008 

Locus 21 : 21 
7 alleles
0.2% missing data
 173   (0.291) 0.558 0.561 0.071 0.120 0.272 0.208 0.250 0.266 0.373 0.144 0.212 0.355 0.262 0.312 0.150 0.466 
 177   (0.267) 0.233 0.256 0.503 0.271 0.294 0.041 0.298 0.299 0.276 0.638 0.167 0.205 0.310 0.082 0.182 0.258 
 175   (0.140) 0.079 0.065 0.039 0.486 0.127 0.504 0.129 0.127 0.025 0.024 0.258 0.129 0.128 0.323 0.017 0.082 
 167   (0.195) 0.112 0.092 0.092 0.111 0.184 0.069 0.197 0.189 0.320 0.179 0.122 0.263 0.187 0.141 0.640 0.161 
 163   (0.039) 0.008 0.012 0.008 0.004 0.037 0.108 0.038 0.037 0.002 0.004 0.228 0.022 0.036 0.015 0.004 0.012 
 165   (0.048) 0.007 0.010 0.283 0.006 0.051 0.070 0.058 0.052 0.003 0.009 0.013 0.020 0.052 0.124 0.005 0.013 
 159   (0.020) 0.002 0.005 0.004 0.002 0.034 0.001 0.030 0.031 0.000 0.002 0.001 0.006 0.026 0.003 0.002 0.008 

Locus 22 : 22 
11 alleles
0.6% missing data
 146   (0.231) 0.339 0.133 0.287 0.071 0.249 0.014 0.221 0.238 0.230 0.215 0.138 0.210 0.226 0.169 0.837 0.345 
 154   (0.007) 0.001 0.001 0.001 0.001 0.004 0.000 0.004 0.004 0.070 0.002 0.000 0.002 0.004 0.001 0.001 0.001 
 166   (0.089) 0.023 0.024 0.022 0.113 0.104 0.005 0.117 0.115 0.029 0.267 0.005 0.043 0.104 0.077 0.010 0.046 
 152   (0.423) 0.560 0.748 0.599 0.504 0.398 0.099 0.421 0.401 0.638 0.446 0.367 0.551 0.434 0.507 0.123 0.521 
 150   (0.030) 0.006 0.012 0.007 0.110 0.032 0.103 0.031 0.035 0.006 0.008 0.002 0.010 0.029 0.005 0.004 0.015 
 164   (0.035) 0.007 0.009 0.008 0.005 0.027 0.068 0.027 0.026 0.011 0.043 0.002 0.028 0.028 0.056 0.005 0.010 
 156   (0.019) 0.008 0.022 0.004 0.002 0.012 0.113 0.012 0.011 0.000 0.002 0.304 0.005 0.013 0.004 0.002 0.004 
 162   (0.053) 0.010 0.022 0.020 0.007 0.058 0.138 0.054 0.056 0.001 0.005 0.071 0.039 0.053 0.045 0.005 0.030 
 158   (0.089) 0.018 0.025 0.048 0.011 0.097 0.432 0.096 0.096 0.014 0.009 0.109 0.103 0.090 0.131 0.012 0.024 
 148   (0.009) 0.001 0.001 0.001 0.174 0.005 0.000 0.005 0.005 0.000 0.001 0.000 0.003 0.006 0.001 0.001 0.002 
 142   (0.014) 0.027 0.002 0.003 0.001 0.014 0.028 0.013 0.013 0.000 0.001 0.001 0.004 0.013 0.002 0.001 0.003 

Locus 23 : 23 
7 alleles
0.8% missing data
 152   (0.013) 0.002 0.002 0.002 0.001 0.007 0.001 0.008 0.007 0.062 0.090 0.001 0.003 0.008 0.002 0.001 0.003 
 156   (0.120) 0.027 0.100 0.028 0.015 0.121 0.432 0.126 0.126 0.033 0.090 0.029 0.251 0.134 0.125 0.013 0.051 
 144   (0.179) 0.313 0.250 0.051 0.605 0.156 0.243 0.169 0.160 0.185 0.153 0.641 0.106 0.162 0.193 0.026 0.173 
 160   (0.106) 0.059 0.170 0.319 0.013 0.093 0.012 0.104 0.094 0.181 0.297 0.106 0.048 0.113 0.139 0.013 0.145 
 154   (0.546) 0.594 0.472 0.593 0.362 0.586 0.172 0.558 0.575 0.535 0.366 0.221 0.578 0.549 0.530 0.922 0.612 
 158   (0.028) 0.004 0.006 0.006 0.003 0.030 0.140 0.029 0.031 0.003 0.003 0.002 0.009 0.027 0.010 0.025 0.014 
 146   (0.008) 0.001 0.001 0.001 0.001 0.007 0.000 0.007 0.006 0.000 0.001 0.000 0.005 0.007 0.001 0.001 0.001 

Locus 24 : 24 
4 alleles
0.4% missing data
  77   (0.081) 0.048 0.050 0.034 0.009 0.062 0.005 0.067 0.063 0.328 0.024 0.049 0.114 0.066 0.086 0.031 0.157 
  83   (0.463) 0.426 0.520 0.758 0.689 0.444 0.588 0.461 0.452 0.485 0.584 0.921 0.393 0.456 0.604 0.228 0.358 
  81   (0.368) 0.427 0.286 0.186 0.292 0.409 0.379 0.388 0.403 0.167 0.356 0.024 0.346 0.398 0.268 0.729 0.424 
  85   (0.088) 0.099 0.144 0.023 0.010 0.085 0.029 0.083 0.082 0.020 0.036 0.006 0.147 0.079 0.041 0.012 0.061 

Locus 25 : 25 
6 alleles
0.4% missing data
 132   (0.314) 0.421 0.220 0.208 0.181 0.333 0.021 0.331 0.334 0.532 0.125 0.456 0.228 0.317 0.456 0.909 0.250 
 124   (0.533) 0.448 0.646 0.754 0.415 0.525 0.469 0.522 0.523 0.395 0.835 0.535 0.711 0.540 0.419 0.067 0.588 
 126   (0.024) 0.003 0.005 0.005 0.003 0.019 0.011 0.019 0.018 0.058 0.026 0.001 0.009 0.019 0.005 0.003 0.005 
 122   (0.096) 0.123 0.120 0.028 0.108 0.097 0.475 0.102 0.099 0.014 0.011 0.006 0.041 0.096 0.101 0.018 0.149 
 120   (0.019) 0.002 0.003 0.003 0.292 0.015 0.022 0.015 0.014 0.000 0.002 0.001 0.007 0.015 0.004 0.002 0.004 
 136   (0.014) 0.002 0.005 0.003 0.002 0.012 0.002 0.012 0.012 0.001 0.002 0.001 0.004 0.012 0.015 0.001 0.004 

Locus 26 : 26 
7 alleles
0.2% missing data
 165   (0.247) 0.366 0.112 0.208 0.323 0.237 0.115 0.251 0.242 0.117 0.157 0.053 0.226 0.253 0.339 0.686 0.220 
 183   (0.351) 0.339 0.382 0.628 0.293 0.341 0.211 0.356 0.348 0.584 0.457 0.425 0.328 0.356 0.462 0.199 0.251 
 179   (0.089) 0.041 0.027 0.045 0.345 0.081 0.281 0.078 0.077 0.056 0.102 0.005 0.071 0.078 0.019 0.017 0.156 
 175   (0.246) 0.245 0.466 0.108 0.031 0.281 0.015 0.245 0.269 0.242 0.278 0.452 0.212 0.249 0.153 0.092 0.349 
 181   (0.052) 0.007 0.009 0.009 0.007 0.049 0.263 0.059 0.053 0.001 0.005 0.064 0.157 0.052 0.026 0.005 0.021 
 185   (0.010) 0.001 0.002 0.002 0.001 0.006 0.114 0.006 0.006 0.000 0.001 0.001 0.004 0.006 0.002 0.001 0.002 
 157   (0.006) 0.001 0.001 0.001 0.001 0.005 0.000 0.005 0.004 0.000 0.001 0.000 0.002 0.005 0.001 0.001 0.001 

Locus 27 : 27 
4 alleles
0.2% missing data
 142   (0.642) 0.831 0.763 0.721 0.307 0.659 0.523 0.658 0.659 0.705 0.601 0.743 0.592 0.664 0.681 0.338 0.651 
 148   (0.204) 0.067 0.169 0.052 0.676 0.208 0.266 0.206 0.204 0.075 0.182 0.065 0.226 0.200 0.249 0.379 0.114 
 138   (0.045) 0.028 0.013 0.024 0.006 0.033 0.048 0.037 0.034 0.209 0.206 0.003 0.021 0.038 0.017 0.273 0.016 
 150   (0.108) 0.073 0.055 0.203 0.012 0.099 0.164 0.099 0.103 0.010 0.012 0.190 0.161 0.098 0.053 0.011 0.219 

Locus 28 : 28 
6 alleles
0.8% missing data
 260   (0.386) 0.548 0.417 0.496 0.133 0.409 0.218 0.420 0.421 0.342 0.507 0.377 0.220 0.414 0.298 0.277 0.513 
 262   (0.507) 0.387 0.430 0.474 0.854 0.486 0.695 0.477 0.476 0.653 0.483 0.549 0.692 0.485 0.661 0.710 0.397 
 256   (0.076) 0.044 0.084 0.024 0.010 0.078 0.085 0.077 0.077 0.005 0.008 0.072 0.064 0.075 0.035 0.010 0.077 
 258   (0.010) 0.001 0.002 0.002 0.001 0.013 0.001 0.011 0.012 0.000 0.001 0.001 0.003 0.010 0.002 0.001 0.002 
 266   (0.007) 0.013 0.001 0.001 0.001 0.003 0.000 0.004 0.003 0.000 0.001 0.000 0.002 0.004 0.001 0.001 0.002 
 264   (0.015) 0.007 0.066 0.003 0.001 0.011 0.001 0.011 0.010 0.000 0.001 0.001 0.020 0.011 0.002 0.001 0.009 

Locus 29 : 29 
7 alleles
0.2% missing data
 146   (0.280) 0.147 0.462 0.477 0.035 0.287 0.324 0.318 0.292 0.168 0.299 0.334 0.253 0.328 0.349 0.084 0.210 
 150   (0.436) 0.598 0.382 0.168 0.139 0.449 0.239 0.425 0.447 0.708 0.429 0.289 0.595 0.420 0.406 0.160 0.546 
 140   (0.177) 0.146 0.128 0.117 0.814 0.173 0.390 0.171 0.171 0.080 0.032 0.057 0.113 0.165 0.169 0.692 0.213 
 148   (0.063) 0.045 0.013 0.153 0.007 0.052 0.035 0.049 0.051 0.038 0.225 0.317 0.022 0.049 0.050 0.059 0.017 
 152   (0.027) 0.062 0.013 0.065 0.003 0.030 0.010 0.027 0.030 0.001 0.003 0.002 0.012 0.027 0.004 0.004 0.008 
 151   (0.009) 0.001 0.001 0.007 0.001 0.005 0.001 0.006 0.005 0.005 0.010 0.001 0.003 0.006 0.003 0.002 0.005 
 142   (0.008) 0.001 0.001 0.014 0.001 0.004 0.000 0.004 0.004 0.001 0.001 0.000 0.003 0.005 0.019 0.001 0.002 

Locus 30 : 30 
6 alleles
0.2% missing data
 125   (0.282) 0.075 0.079 0.095 0.138 0.311 0.140 0.335 0.317 0.476 0.299 0.029 0.348 0.327 0.309 0.628 0.102 
 129   (0.430) 0.595 0.655 0.467 0.210 0.409 0.079 0.397 0.410 0.474 0.642 0.788 0.391 0.395 0.420 0.308 0.581 
 123   (0.154) 0.275 0.239 0.098 0.018 0.146 0.111 0.146 0.145 0.046 0.047 0.101 0.186 0.155 0.108 0.049 0.188 
 127   (0.085) 0.038 0.015 0.331 0.590 0.078 0.529 0.077 0.078 0.002 0.008 0.079 0.045 0.076 0.153 0.010 0.062 
 121   (0.012) 0.002 0.002 0.002 0.040 0.010 0.001 0.009 0.009 0.000 0.001 0.001 0.005 0.010 0.003 0.001 0.003 
 131   (0.036) 0.015 0.008 0.007 0.004 0.046 0.140 0.036 0.042 0.001 0.003 0.002 0.024 0.036 0.007 0.003 0.065 

Locus 31 : 31 
6 alleles
0.2% missing data
 159   (0.174) 0.188 0.387 0.049 0.020 0.160 0.200 0.154 0.155 0.139 0.111 0.011 0.285 0.152 0.297 0.061 0.294 
 155   (0.543) 0.608 0.253 0.494 0.525 0.587 0.422 0.589 0.587 0.689 0.849 0.708 0.465 0.591 0.424 0.592 0.293 
 157   (0.181) 0.174 0.118 0.436 0.115 0.166 0.061 0.165 0.170 0.091 0.030 0.020 0.203 0.167 0.253 0.299 0.339 
 153   (0.063) 0.024 0.235 0.013 0.096 0.057 0.307 0.063 0.059 0.078 0.006 0.004 0.023 0.058 0.012 0.042 0.065 
 151   (0.031) 0.004 0.006 0.007 0.244 0.026 0.010 0.025 0.024 0.002 0.003 0.256 0.021 0.027 0.013 0.004 0.007 
 163   (0.006) 0.002 0.002 0.001 0.001 0.004 0.000 0.004 0.004 0.001 0.001 0.000 0.002 0.005 0.001 0.001 0.002 

Locus 32 : 32 
5 alleles
0.0% missing data
 146   (0.321) 0.347 0.399 0.214 0.584 0.338 0.652 0.361 0.343 0.066 0.051 0.312 0.360 0.349 0.265 0.064 0.267 
 150   (0.567) 0.618 0.515 0.406 0.403 0.559 0.251 0.546 0.555 0.858 0.870 0.639 0.599 0.549 0.509 0.924 0.674 
 148   (0.060) 0.012 0.018 0.365 0.007 0.051 0.032 0.048 0.050 0.075 0.073 0.045 0.018 0.055 0.119 0.006 0.030 
 154   (0.037) 0.007 0.009 0.009 0.004 0.040 0.064 0.036 0.039 0.001 0.005 0.002 0.018 0.036 0.105 0.004 0.013 
 152   (0.014) 0.017 0.059 0.006 0.002 0.012 0.001 0.010 0.013 0.000 0.001 0.001 0.005 0.011 0.002 0.001 0.016 

Locus 33 : 33 
7 alleles
0.0% missing data
 180   (0.461) 0.409 0.185 0.514 0.698 0.477 0.357 0.473 0.480 0.609 0.367 0.672 0.413 0.474 0.530 0.425 0.413 
 196   (0.114) 0.129 0.220 0.025 0.013 0.109 0.025 0.117 0.110 0.188 0.205 0.007 0.105 0.112 0.050 0.118 0.104 
 184   (0.197) 0.334 0.460 0.085 0.264 0.176 0.185 0.188 0.181 0.146 0.122 0.071 0.201 0.178 0.276 0.430 0.079 
 194   (0.010) 0.001 0.002 0.002 0.001 0.005 0.001 0.006 0.005 0.040 0.031 0.001 0.003 0.006 0.002 0.001 0.002 
 192   (0.136) 0.107 0.114 0.354 0.015 0.142 0.165 0.130 0.137 0.005 0.013 0.182 0.201 0.130 0.099 0.015 0.290 
 198   (0.066) 0.011 0.014 0.016 0.007 0.080 0.266 0.076 0.076 0.012 0.260 0.067 0.055 0.088 0.021 0.009 0.022 
 190   (0.016) 0.008 0.005 0.003 0.002 0.010 0.001 0.011 0.010 0.000 0.002 0.001 0.020 0.011 0.022 0.002 0.090 

Locus 34 : 34 
6 alleles
0.0% missing data
 110   (0.190) 0.079 0.055 0.164 0.215 0.192 0.110 0.194 0.188 0.370 0.168 0.072 0.113 0.206 0.224 0.271 0.201 
 112   (0.348) 0.382 0.447 0.423 0.039 0.373 0.048 0.365 0.371 0.515 0.732 0.056 0.331 0.354 0.293 0.067 0.318 
 106   (0.279) 0.434 0.408 0.152 0.223 0.259 0.247 0.247 0.253 0.090 0.079 0.711 0.403 0.259 0.410 0.583 0.358 
  90   (0.038) 0.006 0.008 0.227 0.405 0.029 0.002 0.030 0.031 0.018 0.006 0.002 0.037 0.031 0.008 0.063 0.032 
 108   (0.135) 0.097 0.081 0.030 0.118 0.140 0.592 0.158 0.150 0.007 0.014 0.113 0.112 0.144 0.064 0.016 0.090 
  96   (0.010) 0.002 0.002 0.003 0.001 0.007 0.001 0.006 0.007 0.000 0.001 0.046 0.004 0.007 0.002 0.001 0.002 

Locus 35 : 35 
9 alleles
0.0% missing data
 166   (0.056) 0.154 0.034 0.118 0.007 0.049 0.003 0.045 0.047 0.287 0.185 0.004 0.019 0.047 0.055 0.009 0.033 
 176   (0.098) 0.014 0.021 0.034 0.012 0.086 0.098 0.093 0.093 0.130 0.377 0.015 0.133 0.090 0.220 0.021 0.027 
 172   (0.324) 0.424 0.417 0.256 0.040 0.351 0.165 0.347 0.351 0.453 0.213 0.586 0.197 0.367 0.134 0.450 0.438 
 170   (0.276) 0.219 0.288 0.203 0.614 0.254 0.349 0.258 0.253 0.122 0.154 0.326 0.258 0.248 0.520 0.483 0.191 
 174   (0.130) 0.156 0.035 0.363 0.014 0.133 0.042 0.135 0.129 0.005 0.015 0.062 0.315 0.127 0.046 0.012 0.242 
 178   (0.039) 0.010 0.059 0.010 0.005 0.046 0.002 0.041 0.044 0.002 0.049 0.003 0.025 0.045 0.008 0.016 0.017 
 168   (0.053) 0.020 0.017 0.012 0.305 0.061 0.321 0.059 0.063 0.001 0.005 0.003 0.046 0.055 0.013 0.005 0.025 
 186   (0.017) 0.002 0.128 0.003 0.002 0.015 0.019 0.017 0.016 0.000 0.002 0.001 0.005 0.016 0.003 0.001 0.026 
 158   (0.006) 0.001 0.001 0.001 0.001 0.005 0.000 0.005 0.005 0.000 0.001 0.000 0.002 0.005 0.001 0.001 0.001 

Locus 36 : 36 
6 alleles
0.0% missing data
  89   (0.573) 0.555 0.774 0.648 0.374 0.588 0.602 0.604 0.593 0.662 0.716 0.509 0.544 0.594 0.495 0.231 0.743 
  95   (0.060) 0.126 0.017 0.015 0.007 0.054 0.027 0.053 0.052 0.081 0.022 0.004 0.022 0.052 0.085 0.038 0.045 
  85   (0.163) 0.173 0.160 0.282 0.492 0.150 0.014 0.140 0.145 0.225 0.221 0.234 0.215 0.142 0.147 0.265 0.063 
  81   (0.061) 0.029 0.014 0.015 0.008 0.064 0.004 0.059 0.064 0.006 0.006 0.004 0.142 0.061 0.179 0.008 0.029 
  83   (0.125) 0.107 0.031 0.037 0.014 0.129 0.327 0.130 0.131 0.026 0.033 0.247 0.071 0.137 0.091 0.456 0.116 
  91   (0.019) 0.010 0.004 0.004 0.106 0.015 0.026 0.014 0.014 0.000 0.002 0.001 0.005 0.015 0.003 0.002 0.004 

Locus 37 : 37 
10 alleles
0.0% missing data
 161   (0.345) 0.267 0.122 0.423 0.432 0.326 0.708 0.341 0.325 0.576 0.530 0.375 0.525 0.340 0.397 0.087 0.314 
 165   (0.231) 0.342 0.250 0.091 0.132 0.250 0.112 0.255 0.252 0.165 0.277 0.100 0.141 0.259 0.184 0.059 0.169 
 159   (0.013) 0.005 0.002 0.003 0.001 0.013 0.001 0.010 0.013 0.036 0.008 0.001 0.004 0.011 0.002 0.001 0.003 
 173   (0.255) 0.190 0.423 0.417 0.224 0.256 0.169 0.240 0.249 0.126 0.082 0.515 0.199 0.239 0.387 0.163 0.379 
 169   (0.102) 0.120 0.185 0.056 0.206 0.099 0.006 0.102 0.104 0.087 0.097 0.006 0.109 0.100 0.021 0.684 0.108 
 167   (0.017) 0.003 0.003 0.004 0.002 0.019 0.001 0.015 0.019 0.009 0.002 0.002 0.008 0.016 0.003 0.002 0.019 
 168   (0.010) 0.001 0.002 0.002 0.001 0.012 0.001 0.010 0.012 0.000 0.001 0.001 0.003 0.010 0.002 0.001 0.002 
 155   (0.014) 0.002 0.003 0.002 0.001 0.018 0.001 0.017 0.018 0.000 0.001 0.001 0.006 0.016 0.003 0.001 0.003 
 177   (0.006) 0.001 0.001 0.002 0.001 0.004 0.000 0.005 0.004 0.000 0.001 0.000 0.003 0.005 0.001 0.000 0.002 
 175   (0.008) 0.069 0.010 0.001 0.001 0.004 0.000 0.004 0.004 0.000 0.001 0.000 0.002 0.004 0.001 0.001 0.001 

Locus 38 : 38 
6 alleles
0.6% missing data
  87   (0.094) 0.029 0.025 0.021 0.554 0.072 0.439 0.072 0.070 0.170 0.138 0.129 0.060 0.078 0.113 0.012 0.135 
  89   (0.437) 0.676 0.423 0.394 0.051 0.463 0.226 0.473 0.472 0.589 0.673 0.090 0.536 0.457 0.215 0.748 0.463 
  91   (0.164) 0.048 0.082 0.093 0.209 0.170 0.100 0.171 0.172 0.131 0.025 0.186 0.167 0.184 0.208 0.199 0.167 
  81   (0.116) 0.069 0.065 0.434 0.013 0.122 0.007 0.114 0.118 0.080 0.082 0.116 0.064 0.113 0.218 0.012 0.052 
  85   (0.183) 0.176 0.403 0.055 0.172 0.168 0.227 0.166 0.165 0.027 0.081 0.478 0.172 0.165 0.245 0.029 0.181 
  83   (0.006) 0.001 0.001 0.002 0.001 0.004 0.000 0.004 0.003 0.003 0.001 0.000 0.002 0.004 0.001 0.001 0.001 

Locus 39 : 39 
4 alleles
0.6% missing data
 167   (0.788) 0.684 0.933 0.806 0.684 0.782 0.393 0.782 0.780 0.911 0.927 0.859 0.875 0.795 0.947 0.933 0.867 
 161   (0.175) 0.224 0.059 0.181 0.312 0.184 0.458 0.186 0.185 0.088 0.070 0.138 0.109 0.172 0.046 0.060 0.103 
 165   (0.030) 0.091 0.006 0.012 0.003 0.030 0.149 0.025 0.030 0.001 0.003 0.002 0.014 0.027 0.006 0.007 0.029 
 177   (0.007) 0.001 0.001 0.001 0.001 0.004 0.000 0.007 0.005 0.000 0.001 0.001 0.002 0.006 0.001 0.001 0.002 

Locus 40 : 40 
6 alleles
0.4% missing data
 228   (0.418) 0.463 0.668 0.634 0.550 0.403 0.117 0.394 0.398 0.522 0.658 0.232 0.387 0.409 0.444 0.728 0.444 
 238   (0.334) 0.347 0.203 0.086 0.081 0.364 0.069 0.354 0.368 0.323 0.266 0.116 0.438 0.345 0.267 0.067 0.316 
 224   (0.023) 0.003 0.004 0.226 0.002 0.014 0.011 0.015 0.014 0.091 0.047 0.001 0.007 0.015 0.014 0.003 0.005 
 236   (0.105) 0.041 0.026 0.026 0.353 0.094 0.286 0.102 0.095 0.061 0.017 0.388 0.053 0.095 0.115 0.190 0.096 
 232   (0.012) 0.002 0.002 0.002 0.001 0.008 0.001 0.010 0.009 0.000 0.002 0.001 0.040 0.009 0.002 0.001 0.003 
 240   (0.108) 0.144 0.098 0.026 0.012 0.118 0.517 0.126 0.116 0.002 0.010 0.262 0.076 0.126 0.159 0.011 0.137 

Locus 41 : 41 
7 alleles
0.0% missing data
 128   (0.114) 0.291 0.046 0.239 0.012 0.110 0.007 0.108 0.106 0.138 0.063 0.031 0.145 0.115 0.072 0.235 0.129 
 130   (0.534) 0.390 0.472 0.511 0.060 0.552 0.738 0.559 0.555 0.612 0.593 0.781 0.555 0.556 0.515 0.693 0.532 
 114   (0.052) 0.007 0.011 0.010 0.500 0.047 0.003 0.045 0.046 0.110 0.040 0.003 0.030 0.045 0.077 0.031 0.016 
 132   (0.123) 0.159 0.410 0.029 0.014 0.113 0.007 0.115 0.116 0.132 0.286 0.047 0.144 0.113 0.152 0.020 0.138 
 118   (0.060) 0.092 0.022 0.031 0.204 0.055 0.071 0.054 0.052 0.002 0.006 0.130 0.049 0.054 0.011 0.008 0.113 
 134   (0.110) 0.060 0.039 0.179 0.209 0.119 0.174 0.116 0.120 0.006 0.012 0.007 0.075 0.112 0.171 0.013 0.071 
 136   (0.006) 0.001 0.001 0.001 0.001 0.005 0.000 0.005 0.004 0.000 0.001 0.000 0.002 0.005 0.001 0.001 0.001 

Locus 42 : 42 
6 alleles
1.2% missing data
 102   (0.267) 0.285 0.443 0.221 0.573 0.257 0.015 0.279 0.271 0.416 0.434 0.477 0.164 0.261 0.414 0.074 0.353 
 104   (0.406) 0.562 0.270 0.685 0.050 0.454 0.231 0.427 0.442 0.196 0.149 0.413 0.408 0.434 0.322 0.100 0.515 
  92   (0.108) 0.025 0.147 0.034 0.051 0.096 0.316 0.096 0.096 0.106 0.281 0.007 0.232 0.095 0.086 0.013 0.053 
  96   (0.074) 0.028 0.015 0.019 0.095 0.069 0.177 0.071 0.065 0.061 0.065 0.005 0.081 0.083 0.055 0.712 0.019 
  98   (0.137) 0.099 0.123 0.039 0.230 0.120 0.261 0.122 0.122 0.220 0.071 0.099 0.113 0.122 0.121 0.100 0.058 
 106   (0.007) 0.001 0.002 0.002 0.001 0.005 0.000 0.005 0.004 0.001 0.001 0.000 0.002 0.005 0.002 0.001 0.002 

Locus 43 : 43 
6 alleles
1.4% missing data
 101   (0.301) 0.229 0.429 0.207 0.035 0.288 0.368 0.282 0.289 0.471 0.217 0.181 0.420 0.278 0.470 0.088 0.289 
 103   (0.317) 0.448 0.419 0.128 0.227 0.331 0.108 0.325 0.332 0.177 0.371 0.351 0.181 0.321 0.279 0.459 0.414 
  99   (0.141) 0.099 0.040 0.598 0.417 0.144 0.181 0.149 0.140 0.031 0.217 0.009 0.214 0.150 0.064 0.075 0.051 
  95   (0.217) 0.221 0.109 0.063 0.170 0.214 0.336 0.220 0.218 0.321 0.193 0.458 0.177 0.230 0.182 0.376 0.242 
  97   (0.018) 0.002 0.003 0.003 0.151 0.017 0.006 0.017 0.017 0.000 0.002 0.001 0.007 0.016 0.003 0.002 0.003 
  91   (0.006) 0.001 0.001 0.001 0.001 0.005 0.000 0.007 0.005 0.000 0.001 0.000 0.002 0.006 0.001 0.001 0.001 

Locus 44 : 44 
7 alleles
0.2% missing data
 177   (0.079) 0.054 0.025 0.017 0.010 0.083 0.111 0.084 0.082 0.064 0.164 0.005 0.031 0.080 0.063 0.010 0.054 
 191   (0.286) 0.133 0.133 0.328 0.280 0.310 0.635 0.312 0.319 0.185 0.112 0.098 0.267 0.308 0.302 0.053 0.344 
 181   (0.567) 0.727 0.831 0.573 0.521 0.539 0.137 0.546 0.536 0.750 0.719 0.863 0.671 0.551 0.620 0.932 0.588 
 189   (0.007) 0.001 0.001 0.001 0.001 0.003 0.000 0.003 0.003 0.000 0.001 0.030 0.002 0.004 0.001 0.001 0.001 
 179   (0.042) 0.005 0.007 0.077 0.187 0.051 0.107 0.042 0.046 0.001 0.004 0.003 0.023 0.044 0.011 0.003 0.010 
 183   (0.009) 0.003 0.002 0.002 0.001 0.008 0.001 0.007 0.008 0.000 0.001 0.001 0.003 0.008 0.002 0.001 0.002 
 193   (0.010) 0.077 0.002 0.002 0.001 0.006 0.010 0.006 0.006 0.000 0.001 0.001 0.003 0.006 0.002 0.001 0.002 

Locus 45 : 45 
6 alleles
0.8% missing data
 205   (0.460) 0.547 0.531 0.531 0.249 0.502 0.311 0.488 0.492 0.504 0.546 0.406 0.355 0.488 0.539 0.868 0.413 
 211   (0.229) 0.100 0.226 0.294 0.341 0.222 0.393 0.218 0.228 0.250 0.110 0.274 0.365 0.217 0.184 0.045 0.175 
 207   (0.144) 0.235 0.204 0.052 0.017 0.131 0.071 0.140 0.137 0.127 0.191 0.201 0.095 0.133 0.091 0.065 0.169 
 201   (0.075) 0.023 0.021 0.024 0.381 0.060 0.040 0.064 0.060 0.068 0.117 0.005 0.102 0.072 0.081 0.012 0.174 
 215   (0.082) 0.093 0.015 0.097 0.010 0.074 0.178 0.076 0.072 0.050 0.036 0.114 0.079 0.073 0.103 0.010 0.066 
 202   (0.011) 0.002 0.002 0.002 0.001 0.011 0.007 0.014 0.012 0.000 0.001 0.001 0.003 0.016 0.002 0.001 0.002 

Locus 46 : 46 
10 alleles
1.0% missing data
 144   (0.064) 0.029 0.014 0.071 0.008 0.061 0.007 0.056 0.056 0.253 0.078 0.129 0.102 0.064 0.014 0.052 0.069 
 158   (0.156) 0.033 0.078 0.195 0.021 0.149 0.122 0.149 0.144 0.114 0.395 0.082 0.128 0.144 0.268 0.035 0.192 
 168   (0.140) 0.039 0.033 0.032 0.216 0.144 0.217 0.174 0.152 0.222 0.065 0.107 0.109 0.164 0.135 0.055 0.060 
 166   (0.139) 0.333 0.067 0.038 0.123 0.130 0.025 0.122 0.127 0.323 0.125 0.389 0.095 0.126 0.086 0.457 0.077 
 142   (0.362) 0.496 0.714 0.638 0.047 0.392 0.142 0.381 0.399 0.084 0.305 0.285 0.288 0.378 0.437 0.385 0.530 
 170   (0.016) 0.002 0.003 0.004 0.002 0.011 0.047 0.011 0.010 0.001 0.002 0.001 0.041 0.012 0.004 0.002 0.003 
 156   (0.028) 0.004 0.014 0.005 0.468 0.026 0.083 0.024 0.027 0.001 0.015 0.002 0.009 0.026 0.005 0.002 0.025 
 162   (0.047) 0.057 0.010 0.009 0.109 0.044 0.162 0.040 0.041 0.001 0.004 0.003 0.072 0.042 0.037 0.005 0.014 
 164   (0.042) 0.005 0.065 0.007 0.005 0.039 0.194 0.038 0.039 0.001 0.011 0.003 0.153 0.039 0.011 0.005 0.029 
 160   (0.007) 0.001 0.001 0.001 0.001 0.005 0.000 0.005 0.005 0.000 0.001 0.000 0.002 0.005 0.002 0.001 0.001 

Locus 47 : 47 
7 alleles
9.9% missing data
 149   (0.348) 0.409 0.361 0.511 0.346 0.370 0.770 0.360 0.372 0.209 0.187 0.335 0.295 0.377 0.083 0.470 0.336 
 151   (0.186) 0.106 0.172 0.351 0.084 0.167 0.087 0.167 0.166 0.207 0.577 0.012 0.163 0.167 0.372 0.121 0.209 
 153   (0.194) 0.414 0.303 0.070 0.030 0.205 0.042 0.189 0.198 0.365 0.130 0.025 0.145 0.187 0.179 0.103 0.281 
 147   (0.028) 0.004 0.006 0.007 0.004 0.022 0.002 0.022 0.022 0.034 0.030 0.002 0.068 0.024 0.005 0.003 0.008 
 145   (0.222) 0.064 0.155 0.055 0.532 0.219 0.041 0.245 0.226 0.183 0.073 0.625 0.294 0.228 0.357 0.300 0.161 
 152   (0.007) 0.001 0.001 0.003 0.001 0.004 0.001 0.004 0.004 0.002 0.001 0.000 0.003 0.005 0.001 0.001 0.002 
 143   (0.016) 0.002 0.003 0.003 0.002 0.013 0.057 0.013 0.012 0.000 0.002 0.001 0.032 0.013 0.003 0.001 0.003 

Values of parameters used in structure:
DATAFILE=temp2.str,	OUTFILE=k16/temp2_k16_run4,	NUMINDS=486,	NUMLOCI=47,	MISSING=-9,	LABEL=1,	POPDATA=1,	POPFLAG=0,	PHENOTYPE=0,	EXTRACOLS=0,	MAXPOPS=16,	BURNIN=500000,	NUMREPS=750000,	USEPOPINFO=0,	INFERALPHA=1,	INFERLAMBDA=0,	POPSPECIFICLAMBDA=0,	POPALPHAS=0,	COMPUTEPROB=1,	NOADMIX=0,	ADMBURNIN=500,	UPDATEFREQ=100,	PRINTLIKES=0,	INTERMEDSAVE=0,	PRINTKLD=0,	PRINTNET=1,	PRINTLAMBDA=1,	ANCESTDIST=0,	NUMBOXES=1000,	ANCESTPINT=0.90000,	GENSBACK=2,	MIGRPRIOR=0.01000,	PRINTQHAT=0,	PRINTQSUM=1,	ALPHA=1.0000,	FREQSCORR=1,	FPRIORMEAN=0.0100,	FPRIORSD=0.0500,	ONEFST=0,	LAMBDA=1.0000,	UNIFPRIORALPHA=1,	ALPHAMAX=10.0000,	ALPHAPRIORA=1.0000,	ALPHAPRIORB=2.0000,	ALPHAPROPSD=0.0250,	STARTATPOPINFO=0,	RANDOMIZE=0,	LINKAGE=0,	METROFREQ=10,	REPORTHITRATE=0,	MARKOVPHASE=0,	PHASED=1,	PLOIDY=2,	PHASEINFO=0	LOCPRIOR=0, 	LOCPRIORINIT=1.000000, 	LOCDATA=0, 	LOCISPOP=1, 	LOCPRIORSTEP=0.100000, 	MAXLOCPRIOR=20.000000, 	SEED=718471,	
[STRAT parameters]:    NUMSIMSTATS=1000,	PHENOTYPECOL=-9,	POOLFREQ=10,	LOCUSxONLY=0,	EMERROR=0.00100,	MISSINGPHENO=-9,	