

----------------------------------------------------
STRUCTURE by Pritchard, Stephens and Donnelly (2000)
     and Falush, Stephens and Pritchard (2003)
       Code by Pritchard, Falush and Hubisz
             Version 2.3.4 (Jul 2012)
----------------------------------------------------



Command line arguments:   structure -D 223276 -K 15 -m mainparams -o k15/temp2_k15_run7 
Input File:    temp2.str

Run parameters:
   486 individuals
   47 loci
   15 populations assumed
   500000 Burn-in period
   750000 Reps
RANDOMIZE turned off


--------------------------------------------
Proportion of membership of each pre-defined
 population in each of the 15 clusters

Given    Inferred Clusters                                                                                           Number of
 Pop       1      2      3      4      5      6      7      8      9     10     11     12     13     14     15      Individuals

  1:     0.009  0.011  0.009  0.396  0.469  0.010  0.010  0.006  0.010  0.010  0.010  0.004  0.032  0.003  0.012       63
  2:     0.010  0.006  0.006  0.036  0.856  0.011  0.009  0.008  0.010  0.006  0.011  0.006  0.011  0.003  0.011       20
  3:     0.003  0.004  0.004  0.003  0.003  0.004  0.004  0.006  0.005  0.004  0.004  0.007  0.004  0.940  0.004       36
  4:     0.012  0.015  0.006  0.308  0.409  0.019  0.018  0.008  0.019  0.015  0.014  0.004  0.111  0.003  0.038       21
  5:     0.008  0.006  0.005  0.187  0.214  0.007  0.007  0.007  0.007  0.009  0.010  0.003  0.515  0.003  0.011       31
  6:     0.008  0.020  0.004  0.401  0.492  0.008  0.008  0.005  0.008  0.006  0.010  0.005  0.017  0.004  0.006       21
  7:     0.020  0.043  0.011  0.008  0.010  0.018  0.016  0.024  0.018  0.016  0.013  0.004  0.012  0.005  0.782       25
  8:     0.019  0.022  0.009  0.248  0.248  0.033  0.037  0.044  0.033  0.041  0.023  0.010  0.120  0.094  0.020        8
  9:     0.025  0.010  0.005  0.442  0.300  0.009  0.008  0.004  0.008  0.006  0.152  0.005  0.015  0.002  0.008       17
 10:     0.005  0.004  0.939  0.003  0.005  0.005  0.005  0.005  0.005  0.005  0.004  0.003  0.004  0.003  0.006       29
 11:     0.002  0.002  0.002  0.002  0.002  0.003  0.002  0.002  0.003  0.002  0.003  0.965  0.002  0.006  0.002        9
 12:     0.022  0.061  0.014  0.010  0.009  0.188  0.148  0.028  0.186  0.130  0.104  0.008  0.015  0.018  0.059       26
 13:     0.149  0.121  0.011  0.012  0.012  0.117  0.126  0.047  0.116  0.163  0.065  0.009  0.013  0.011  0.027       74
 14:     0.352  0.129  0.012  0.014  0.015  0.080  0.082  0.070  0.080  0.069  0.046  0.007  0.012  0.012  0.020       35
 15:     0.478  0.227  0.008  0.019  0.022  0.040  0.045  0.015  0.040  0.023  0.025  0.008  0.016  0.008  0.026       24
 16:     0.028  0.050  0.025  0.014  0.019  0.181  0.151  0.011  0.180  0.158  0.102  0.009  0.012  0.022  0.037       43
 17:     0.011  0.019  0.009  0.030  0.022  0.190  0.260  0.013  0.205  0.082  0.125  0.003  0.012  0.006  0.011        4
--------------------------------------------

Allele-freq. divergence among pops (Net nucleotide distance),
computed using point estimates of P.

      1       2       3       4       5       6       7       8       9      10      11      12      13      14      15      
 1      -    0.0210  0.0704  0.0628  0.0479  0.0196  0.0192  0.0637  0.0197  0.0268  0.0413  0.1292  0.0638  0.1259  0.0372  
 2   0.0210     -    0.0733  0.0616  0.0500  0.0160  0.0155  0.0567  0.0161  0.0225  0.0386  0.1248  0.0607  0.1109  0.0364  
 3   0.0704  0.0733     -    0.0952  0.0816  0.0541  0.0561  0.1061  0.0543  0.0617  0.0751  0.1333  0.0953  0.1220  0.0609  
 4   0.0628  0.0616  0.0952     -    0.0345  0.0408  0.0392  0.0878  0.0407  0.0444  0.0090  0.1461  0.0643  0.1530  0.0576  
 5   0.0479  0.0500  0.0816  0.0345     -    0.0355  0.0354  0.0773  0.0355  0.0402  0.0420  0.1517  0.0491  0.1525  0.0488  
 6   0.0196  0.0160  0.0541  0.0408  0.0355     -    0.0007  0.0483  0.0000  0.0067  0.0190  0.0989  0.0398  0.0820  0.0194  
 7   0.0192  0.0155  0.0561  0.0392  0.0354  0.0007     -    0.0489  0.0006  0.0051  0.0183  0.1028  0.0409  0.0851  0.0201  
 8   0.0637  0.0567  0.1061  0.0878  0.0773  0.0483  0.0489     -    0.0482  0.0584  0.0668  0.1668  0.0808  0.1313  0.0595  
 9   0.0197  0.0161  0.0543  0.0407  0.0355  0.0000  0.0006  0.0482     -    0.0066  0.0189  0.0992  0.0398  0.0819  0.0194  
10   0.0268  0.0225  0.0617  0.0444  0.0402  0.0067  0.0051  0.0584  0.0066     -    0.0252  0.1056  0.0449  0.0885  0.0231  
11   0.0413  0.0386  0.0751  0.0090  0.0420  0.0190  0.0183  0.0668  0.0189  0.0252     -    0.1184  0.0563  0.1140  0.0384  
12   0.1292  0.1248  0.1333  0.1461  0.1517  0.0989  0.1028  0.1668  0.0992  0.1056  0.1184     -    0.1448  0.1129  0.1069  
13   0.0638  0.0607  0.0953  0.0643  0.0491  0.0398  0.0409  0.0808  0.0398  0.0449  0.0563  0.1448     -    0.1389  0.0579  
14   0.1259  0.1109  0.1220  0.1530  0.1525  0.0820  0.0851  0.1313  0.0819  0.0885  0.1140  0.1129  0.1389     -    0.1044  
15   0.0372  0.0364  0.0609  0.0576  0.0488  0.0194  0.0201  0.0595  0.0194  0.0231  0.0384  0.1069  0.0579  0.1044     -    

Average distances (expected heterozygosity) between individuals in same cluster:
cluster  1  : 0.5667 
cluster  2  : 0.5848 
cluster  3  : 0.5445 
cluster  4  : 0.5391 
cluster  5  : 0.5238 
cluster  6  : 0.6413 
cluster  7  : 0.6349 
cluster  8  : 0.5375 
cluster  9  : 0.6415 
cluster 10  : 0.6174 
cluster 11  : 0.6016 
cluster 12  : 0.5328 
cluster 13  : 0.5363 
cluster 14  : 0.6322 
cluster 15  : 0.5955 

--------------------------------------------
Estimated Ln Prob of Data   = -54873.5
Mean value of ln likelihood = -50162.1
Variance of ln likelihood   = 9422.7
Mean value of alpha         = 0.0338

Mean value of Fst_1         = 0.0973
Mean value of Fst_2         = 0.0937
Mean value of Fst_3         = 0.2137
Mean value of Fst_4         = 0.2768
Mean value of Fst_5         = 0.1798
Mean value of Fst_6         = 0.0207
Mean value of Fst_7         = 0.0366
Mean value of Fst_8         = 0.2397
Mean value of Fst_9         = 0.0219
Mean value of Fst_10         = 0.0490
Mean value of Fst_11         = 0.1883
Mean value of Fst_12         = 0.3096
Mean value of Fst_13         = 0.1837
Mean value of Fst_14         = 0.1881
Mean value of Fst_15         = 0.0926


Inferred ancestry of individuals:
        Label (%Miss) Pop:  Inferred clusters
  1      221    (0)    1 :  0.008 0.006 0.002 0.460 0.462 0.006 0.006 0.003 0.007 0.007 0.005 0.003 0.007 0.003 0.015 
  2      222    (0)    1 :  0.006 0.008 0.009 0.199 0.246 0.009 0.008 0.011 0.008 0.009 0.008 0.004 0.465 0.003 0.006 
  3      223    (0)    1 :  0.007 0.009 0.003 0.444 0.456 0.009 0.011 0.005 0.008 0.019 0.008 0.003 0.006 0.005 0.007 
  4      224    (0)    1 :  0.003 0.002 0.005 0.437 0.522 0.003 0.003 0.004 0.003 0.003 0.004 0.001 0.005 0.001 0.004 
  5      225    (0)    1 :  0.003 0.003 0.004 0.455 0.495 0.005 0.005 0.003 0.005 0.005 0.004 0.002 0.005 0.002 0.003 
  6      226    (0)    1 :  0.003 0.003 0.002 0.442 0.492 0.005 0.006 0.007 0.004 0.009 0.004 0.006 0.003 0.001 0.012 
  7      227    (0)    1 :  0.005 0.006 0.005 0.397 0.463 0.012 0.012 0.004 0.011 0.015 0.008 0.015 0.003 0.007 0.037 
  8      228    (0)    1 :  0.014 0.010 0.005 0.382 0.504 0.011 0.010 0.010 0.010 0.009 0.012 0.003 0.007 0.004 0.007 
  9      234    (0)    1 :  0.005 0.004 0.002 0.459 0.493 0.004 0.004 0.004 0.004 0.004 0.004 0.002 0.007 0.001 0.003 
 10      235    (0)    1 :  0.003 0.003 0.002 0.439 0.518 0.003 0.004 0.002 0.003 0.003 0.004 0.003 0.008 0.001 0.004 
 11      236    (0)    1 :  0.002 0.002 0.002 0.444 0.516 0.003 0.003 0.002 0.003 0.003 0.010 0.002 0.003 0.001 0.005 
 12      237    (0)    1 :  0.004 0.006 0.002 0.446 0.505 0.004 0.004 0.004 0.004 0.005 0.003 0.002 0.008 0.002 0.003 
 13      238    (0)    1 :  0.005 0.013 0.012 0.399 0.460 0.009 0.008 0.004 0.009 0.008 0.006 0.003 0.035 0.006 0.023 
 14      239    (0)    1 :  0.013 0.009 0.013 0.198 0.487 0.028 0.031 0.009 0.029 0.045 0.027 0.006 0.013 0.002 0.089 
 15      240    (0)    1 :  0.004 0.003 0.003 0.440 0.513 0.004 0.004 0.004 0.004 0.003 0.005 0.002 0.005 0.001 0.006 
 16      242    (0)    1 :  0.015 0.031 0.002 0.152 0.175 0.067 0.055 0.008 0.068 0.127 0.036 0.001 0.250 0.001 0.012 
 17      243    (0)    1 :  0.005 0.008 0.017 0.346 0.495 0.015 0.017 0.009 0.014 0.010 0.009 0.015 0.014 0.002 0.024 
 18      244    (0)    1 :  0.002 0.003 0.003 0.427 0.475 0.007 0.007 0.003 0.008 0.014 0.006 0.011 0.012 0.003 0.019 
 19      245    (0)    1 :  0.016 0.012 0.007 0.398 0.425 0.015 0.017 0.007 0.015 0.010 0.029 0.009 0.004 0.023 0.013 
 20      246    (0)    1 :  0.002 0.003 0.003 0.444 0.505 0.004 0.004 0.003 0.004 0.003 0.004 0.004 0.010 0.003 0.003 
 21      248    (0)    1 :  0.004 0.005 0.019 0.443 0.453 0.007 0.006 0.002 0.007 0.008 0.007 0.003 0.030 0.003 0.005 
 22      249    (0)    1 :  0.002 0.002 0.002 0.452 0.518 0.002 0.002 0.004 0.002 0.003 0.002 0.001 0.002 0.001 0.004 
 23      250    (0)    1 :  0.011 0.024 0.009 0.245 0.603 0.017 0.015 0.006 0.016 0.012 0.016 0.005 0.005 0.006 0.010 
 24      251    (0)    1 :  0.009 0.009 0.003 0.428 0.500 0.005 0.005 0.002 0.005 0.005 0.005 0.004 0.015 0.001 0.004 
 25      252    (0)    1 :  0.011 0.022 0.038 0.404 0.466 0.008 0.008 0.008 0.008 0.007 0.007 0.001 0.003 0.002 0.007 
 26      253    (0)    1 :  0.003 0.006 0.025 0.246 0.566 0.029 0.025 0.005 0.025 0.025 0.015 0.003 0.003 0.016 0.009 
 27      254    (0)    1 :  0.004 0.005 0.003 0.436 0.505 0.006 0.006 0.003 0.006 0.006 0.004 0.002 0.004 0.001 0.008 
 28      255    (0)    1 :  0.007 0.007 0.006 0.354 0.305 0.018 0.015 0.004 0.018 0.013 0.019 0.002 0.185 0.002 0.043 
 29      256    (0)    1 :  0.004 0.008 0.002 0.420 0.461 0.009 0.009 0.012 0.008 0.005 0.006 0.002 0.047 0.004 0.004 
 30      257    (0)    1 :  0.009 0.008 0.009 0.442 0.465 0.008 0.008 0.003 0.007 0.009 0.006 0.003 0.006 0.002 0.016 
 31      258    (0)    1 :  0.011 0.012 0.003 0.434 0.454 0.009 0.008 0.003 0.009 0.008 0.009 0.002 0.023 0.005 0.011 
 32      259    (0)    1 :  0.009 0.006 0.003 0.393 0.494 0.017 0.016 0.005 0.016 0.011 0.009 0.002 0.011 0.002 0.006 
 33      260    (0)    1 :  0.004 0.006 0.078 0.371 0.457 0.006 0.006 0.003 0.007 0.005 0.017 0.006 0.005 0.002 0.028 
 34      261    (0)    1 :  0.063 0.065 0.010 0.344 0.420 0.017 0.014 0.005 0.016 0.007 0.009 0.002 0.005 0.002 0.020 
 35      262    (0)    1 :  0.003 0.002 0.002 0.447 0.523 0.002 0.002 0.003 0.002 0.002 0.002 0.001 0.006 0.001 0.002 
 36      263    (0)    1 :  0.004 0.006 0.024 0.413 0.468 0.005 0.005 0.005 0.005 0.005 0.005 0.005 0.012 0.003 0.037 
 37      264    (0)    1 :  0.006 0.005 0.003 0.421 0.512 0.005 0.005 0.013 0.005 0.004 0.004 0.001 0.009 0.001 0.006 
 38      265    (0)    1 :  0.006 0.004 0.042 0.399 0.474 0.005 0.005 0.005 0.006 0.004 0.006 0.002 0.020 0.001 0.020 
 39      266    (0)    1 :  0.003 0.003 0.002 0.401 0.559 0.004 0.004 0.002 0.004 0.003 0.005 0.001 0.006 0.001 0.002 
 40      267    (0)    1 :  0.003 0.002 0.001 0.470 0.480 0.003 0.003 0.003 0.003 0.004 0.003 0.002 0.019 0.001 0.003 
 41      268    (0)    1 :  0.005 0.009 0.058 0.380 0.494 0.006 0.006 0.004 0.007 0.006 0.005 0.008 0.004 0.001 0.007 
 42      269    (0)    1 :  0.004 0.003 0.002 0.467 0.485 0.003 0.003 0.002 0.003 0.003 0.010 0.001 0.007 0.001 0.004 
 43      270    (0)    1 :  0.004 0.003 0.002 0.439 0.505 0.003 0.003 0.019 0.003 0.004 0.003 0.002 0.003 0.001 0.006 
 44      271    (0)    1 :  0.012 0.025 0.011 0.390 0.383 0.030 0.022 0.006 0.028 0.017 0.042 0.003 0.010 0.007 0.013 
 45      272    (0)    1 :  0.028 0.012 0.004 0.167 0.190 0.030 0.032 0.021 0.032 0.015 0.026 0.007 0.427 0.001 0.009 
 46      273    (0)    1 :  0.016 0.007 0.003 0.377 0.443 0.015 0.014 0.020 0.015 0.017 0.013 0.002 0.013 0.004 0.041 
 47      274    (0)    1 :  0.008 0.006 0.006 0.446 0.492 0.005 0.004 0.003 0.005 0.004 0.005 0.003 0.004 0.002 0.008 
 48      275    (2)    1 :  0.004 0.003 0.002 0.456 0.495 0.004 0.004 0.004 0.004 0.005 0.004 0.001 0.007 0.001 0.006 
 49      276    (0)    1 :  0.007 0.009 0.004 0.466 0.471 0.005 0.005 0.004 0.006 0.006 0.005 0.002 0.005 0.001 0.004 
 50      277    (0)    1 :  0.025 0.093 0.002 0.348 0.445 0.013 0.019 0.008 0.012 0.007 0.013 0.001 0.003 0.001 0.008 
 51      278    (0)    1 :  0.013 0.051 0.005 0.400 0.456 0.011 0.009 0.002 0.010 0.010 0.007 0.007 0.014 0.001 0.005 
 52      279    (0)    1 :  0.005 0.009 0.003 0.373 0.511 0.016 0.014 0.005 0.015 0.012 0.010 0.002 0.018 0.002 0.007 
 53      280    (0)    1 :  0.019 0.016 0.005 0.388 0.445 0.012 0.013 0.003 0.012 0.012 0.041 0.003 0.007 0.002 0.021 
 54      287    (0)    1 :  0.009 0.010 0.007 0.393 0.483 0.016 0.016 0.007 0.016 0.010 0.009 0.005 0.004 0.003 0.014 
 55      290    (0)    1 :  0.010 0.008 0.003 0.416 0.423 0.011 0.013 0.015 0.012 0.009 0.009 0.005 0.055 0.002 0.009 
 56      291    (0)    1 :  0.029 0.017 0.006 0.400 0.475 0.012 0.011 0.003 0.012 0.006 0.013 0.003 0.003 0.002 0.007 
 57      295    (0)    1 :  0.020 0.007 0.003 0.367 0.567 0.004 0.004 0.003 0.004 0.003 0.004 0.001 0.006 0.001 0.005 
 58      296    (0)    1 :  0.003 0.005 0.004 0.446 0.494 0.004 0.005 0.010 0.004 0.007 0.004 0.003 0.007 0.002 0.003 
 59      872    (2)    1 :  0.004 0.006 0.008 0.350 0.480 0.006 0.005 0.005 0.006 0.004 0.005 0.006 0.105 0.005 0.005 
 60      873    (4)    1 :  0.003 0.008 0.003 0.410 0.459 0.013 0.010 0.018 0.012 0.010 0.011 0.004 0.023 0.003 0.012 
 61      874    (2)    1 :  0.008 0.017 0.003 0.420 0.507 0.004 0.005 0.004 0.004 0.006 0.004 0.001 0.011 0.001 0.005 
 62      875    (0)    1 :  0.005 0.004 0.002 0.429 0.492 0.005 0.005 0.003 0.005 0.005 0.006 0.017 0.014 0.003 0.005 
 63      876    (6)    1 :  0.011 0.012 0.011 0.438 0.451 0.007 0.009 0.004 0.008 0.015 0.006 0.001 0.005 0.002 0.019 
 64      212    (0)   10 :  0.004 0.003 0.965 0.002 0.002 0.003 0.003 0.002 0.003 0.003 0.002 0.001 0.003 0.002 0.002 
 65      213    (0)   10 :  0.006 0.008 0.940 0.007 0.003 0.004 0.004 0.003 0.004 0.005 0.006 0.003 0.002 0.002 0.003 
 66      214    (0)   10 :  0.004 0.004 0.943 0.003 0.003 0.006 0.005 0.002 0.006 0.006 0.004 0.001 0.006 0.003 0.006 
 67      215    (0)   10 :  0.006 0.004 0.945 0.004 0.005 0.004 0.004 0.003 0.004 0.004 0.003 0.003 0.004 0.002 0.004 
 68      216    (0)   10 :  0.004 0.004 0.955 0.004 0.006 0.003 0.003 0.003 0.003 0.002 0.003 0.002 0.002 0.001 0.003 
 69      217    (0)   10 :  0.004 0.004 0.937 0.004 0.005 0.005 0.006 0.006 0.005 0.009 0.004 0.002 0.004 0.002 0.003 
 70      218    (0)   10 :  0.003 0.003 0.961 0.002 0.004 0.003 0.003 0.004 0.003 0.003 0.002 0.002 0.002 0.003 0.003 
 71      332    (0)   10 :  0.009 0.009 0.867 0.006 0.011 0.007 0.009 0.031 0.007 0.011 0.005 0.005 0.007 0.002 0.015 
 72      333    (0)   10 :  0.007 0.004 0.850 0.006 0.012 0.013 0.012 0.006 0.013 0.010 0.009 0.010 0.014 0.008 0.027 
 73      334    (0)   10 :  0.004 0.005 0.930 0.004 0.016 0.004 0.004 0.006 0.004 0.005 0.003 0.003 0.002 0.002 0.007 
 74      335    (0)   10 :  0.005 0.002 0.965 0.002 0.002 0.003 0.003 0.002 0.003 0.003 0.002 0.002 0.002 0.002 0.003 
 75      336    (0)   10 :  0.002 0.003 0.949 0.003 0.003 0.002 0.002 0.003 0.002 0.002 0.003 0.013 0.005 0.002 0.005 
 76      337    (0)   10 :  0.003 0.003 0.931 0.005 0.011 0.005 0.005 0.002 0.005 0.006 0.003 0.002 0.008 0.003 0.010 
 77      673    (0)   10 :  0.002 0.001 0.980 0.001 0.002 0.001 0.001 0.001 0.001 0.001 0.001 0.001 0.001 0.001 0.002 
 78      674    (0)   10 :  0.004 0.004 0.943 0.003 0.004 0.005 0.004 0.008 0.005 0.003 0.004 0.002 0.005 0.002 0.005 
 79      675    (0)   10 :  0.006 0.006 0.946 0.004 0.003 0.004 0.004 0.003 0.004 0.003 0.004 0.004 0.002 0.002 0.005 
 80      676    (0)   10 :  0.008 0.006 0.941 0.002 0.003 0.004 0.005 0.005 0.004 0.007 0.003 0.001 0.002 0.002 0.006 
 81      677    (0)   10 :  0.004 0.003 0.951 0.003 0.008 0.003 0.003 0.002 0.003 0.004 0.003 0.002 0.002 0.001 0.004 
 82      678    (0)   10 :  0.007 0.007 0.902 0.006 0.006 0.011 0.010 0.003 0.011 0.008 0.008 0.004 0.011 0.004 0.003 
 83      679    (0)   10 :  0.003 0.005 0.906 0.003 0.005 0.006 0.007 0.015 0.006 0.005 0.004 0.002 0.002 0.025 0.007 
 84      680    (0)   10 :  0.007 0.007 0.925 0.003 0.007 0.005 0.005 0.007 0.005 0.004 0.004 0.005 0.003 0.002 0.012 
 85      681    (0)   10 :  0.004 0.005 0.935 0.004 0.008 0.005 0.005 0.004 0.005 0.008 0.004 0.002 0.003 0.002 0.007 
 86      682    (0)   10 :  0.002 0.002 0.969 0.003 0.002 0.002 0.002 0.002 0.002 0.002 0.003 0.004 0.002 0.002 0.002 
 87      683    (0)   10 :  0.004 0.004 0.934 0.004 0.009 0.006 0.006 0.006 0.005 0.004 0.004 0.002 0.003 0.003 0.007 
 88      684    (0)   10 :  0.006 0.005 0.945 0.002 0.002 0.005 0.005 0.003 0.005 0.004 0.004 0.003 0.003 0.002 0.006 
 89      685    (0)   10 :  0.003 0.003 0.937 0.003 0.002 0.006 0.006 0.003 0.006 0.005 0.005 0.003 0.006 0.004 0.009 
 90      686    (0)   10 :  0.002 0.002 0.967 0.002 0.002 0.002 0.002 0.002 0.002 0.002 0.002 0.003 0.002 0.004 0.003 
 91      687    (0)   10 :  0.003 0.002 0.970 0.002 0.002 0.002 0.002 0.002 0.002 0.002 0.002 0.002 0.002 0.001 0.003 
 92      688    (0)   10 :  0.007 0.006 0.943 0.005 0.005 0.003 0.003 0.004 0.003 0.004 0.003 0.002 0.004 0.001 0.005 
 93      070    (0)   11 :  0.003 0.003 0.001 0.002 0.002 0.005 0.004 0.002 0.005 0.003 0.003 0.954 0.003 0.007 0.003 
 94      071    (0)   11 :  0.003 0.003 0.005 0.004 0.002 0.003 0.003 0.002 0.003 0.003 0.004 0.958 0.002 0.001 0.004 
 95      072    (0)   11 :  0.002 0.001 0.001 0.002 0.001 0.002 0.002 0.001 0.002 0.002 0.002 0.972 0.002 0.005 0.002 
 96      151    (0)   11 :  0.002 0.002 0.001 0.001 0.001 0.001 0.001 0.001 0.001 0.001 0.001 0.979 0.001 0.002 0.002 
 97      152    (0)   11 :  0.005 0.003 0.002 0.003 0.003 0.005 0.005 0.002 0.005 0.005 0.005 0.949 0.002 0.002 0.004 
 98      153    (2)   11 :  0.001 0.001 0.001 0.001 0.001 0.001 0.001 0.001 0.001 0.001 0.001 0.980 0.002 0.002 0.002 
 99      788    (4)   11 :  0.003 0.003 0.002 0.003 0.002 0.002 0.003 0.001 0.002 0.002 0.003 0.942 0.001 0.027 0.002 
100      789    (2)   11 :  0.002 0.002 0.003 0.002 0.002 0.002 0.002 0.001 0.002 0.002 0.002 0.973 0.002 0.002 0.002 
101      790    (0)   11 :  0.001 0.001 0.001 0.002 0.002 0.002 0.002 0.001 0.002 0.002 0.002 0.975 0.002 0.001 0.002 
102      010    (0)   12 :  0.004 0.008 0.004 0.007 0.004 0.287 0.157 0.007 0.280 0.113 0.097 0.002 0.007 0.012 0.010 
103      024    (0)   12 :  0.016 0.016 0.010 0.006 0.006 0.246 0.137 0.008 0.254 0.075 0.163 0.006 0.006 0.042 0.011 
104      051    (0)   12 :  0.006 0.009 0.008 0.005 0.005 0.141 0.117 0.005 0.171 0.077 0.118 0.012 0.008 0.047 0.271 
105      090    (0)   12 :  0.012 0.012 0.005 0.005 0.006 0.210 0.229 0.012 0.194 0.115 0.104 0.007 0.008 0.022 0.059 
106      102    (0)   12 :  0.042 0.189 0.003 0.017 0.023 0.151 0.232 0.012 0.148 0.059 0.073 0.002 0.032 0.002 0.016 
107      111    (0)   12 :  0.010 0.017 0.004 0.038 0.004 0.193 0.158 0.005 0.213 0.123 0.193 0.002 0.024 0.004 0.011 
108      113    (0)   12 :  0.036 0.036 0.005 0.004 0.006 0.187 0.151 0.007 0.187 0.121 0.127 0.006 0.035 0.005 0.086 
109      138    (0)   12 :  0.012 0.012 0.077 0.007 0.006 0.082 0.165 0.003 0.087 0.432 0.045 0.045 0.003 0.006 0.017 
110      150    (0)   12 :  0.028 0.702 0.004 0.013 0.011 0.018 0.034 0.006 0.018 0.042 0.011 0.015 0.006 0.029 0.065 
111      173    (2)   12 :  0.042 0.019 0.012 0.006 0.007 0.200 0.071 0.043 0.180 0.054 0.096 0.022 0.007 0.022 0.220 
112      174    (2)   12 :  0.005 0.004 0.003 0.006 0.006 0.146 0.153 0.006 0.158 0.341 0.082 0.021 0.026 0.028 0.015 
113      175    (0)   12 :  0.006 0.019 0.003 0.002 0.002 0.236 0.130 0.006 0.239 0.068 0.170 0.006 0.013 0.066 0.035 
114      176    (0)   12 :  0.005 0.021 0.010 0.011 0.014 0.279 0.162 0.003 0.259 0.063 0.142 0.004 0.016 0.004 0.007 
115      177    (0)   12 :  0.020 0.010 0.002 0.003 0.003 0.153 0.114 0.004 0.153 0.091 0.118 0.003 0.008 0.009 0.308 
116      180    (0)   12 :  0.006 0.005 0.007 0.014 0.020 0.157 0.122 0.005 0.152 0.159 0.108 0.004 0.108 0.002 0.130 
117      184    (0)   12 :  0.017 0.072 0.005 0.005 0.007 0.116 0.163 0.044 0.119 0.349 0.058 0.014 0.004 0.009 0.016 
118      195    (0)   12 :  0.011 0.019 0.014 0.020 0.009 0.259 0.157 0.006 0.276 0.077 0.119 0.005 0.003 0.007 0.015 
119      198    (0)   12 :  0.006 0.017 0.006 0.022 0.008 0.160 0.193 0.003 0.163 0.258 0.117 0.003 0.016 0.008 0.020 
120      203    (0)   12 :  0.008 0.024 0.005 0.005 0.008 0.295 0.143 0.008 0.290 0.069 0.114 0.009 0.009 0.002 0.011 
121      211    (0)   12 :  0.021 0.047 0.080 0.011 0.032 0.242 0.112 0.004 0.222 0.067 0.145 0.003 0.004 0.004 0.007 
122      220    (0)   12 :  0.030 0.269 0.010 0.006 0.004 0.157 0.146 0.011 0.152 0.054 0.066 0.002 0.009 0.005 0.078 
123      233    (0)   12 :  0.200 0.005 0.042 0.005 0.012 0.212 0.127 0.033 0.186 0.050 0.096 0.006 0.004 0.002 0.020 
124      331    (0)   12 :  0.007 0.013 0.004 0.006 0.005 0.251 0.196 0.008 0.237 0.084 0.121 0.007 0.006 0.026 0.029 
125      349    (0)   12 :  0.009 0.009 0.006 0.008 0.006 0.092 0.069 0.473 0.093 0.025 0.046 0.009 0.011 0.105 0.039 
126      410    (0)   12 :  0.004 0.006 0.025 0.006 0.006 0.227 0.122 0.005 0.211 0.246 0.105 0.003 0.011 0.005 0.018 
127      417    (2)   12 :  0.005 0.018 0.005 0.016 0.023 0.178 0.292 0.009 0.192 0.164 0.080 0.002 0.007 0.005 0.006 
128      421    (0)   13 :  0.829 0.008 0.004 0.051 0.008 0.010 0.010 0.010 0.010 0.009 0.041 0.002 0.003 0.001 0.004 
129      423    (0)   13 :  0.004 0.018 0.003 0.004 0.005 0.266 0.149 0.023 0.284 0.067 0.143 0.008 0.010 0.007 0.010 
130      424    (0)   13 :  0.008 0.007 0.003 0.009 0.015 0.098 0.097 0.008 0.103 0.155 0.061 0.002 0.030 0.011 0.394 
131      433    (0)   13 :  0.137 0.300 0.017 0.003 0.004 0.065 0.204 0.004 0.060 0.145 0.040 0.002 0.004 0.009 0.008 
132      462    (0)   13 :  0.069 0.037 0.024 0.008 0.005 0.174 0.164 0.013 0.169 0.101 0.136 0.002 0.009 0.005 0.083 
133      463    (0)   13 :  0.008 0.013 0.004 0.019 0.010 0.214 0.140 0.058 0.230 0.136 0.124 0.003 0.005 0.029 0.008 
134      467    (0)   13 :  0.707 0.121 0.011 0.009 0.044 0.014 0.013 0.012 0.017 0.009 0.009 0.009 0.005 0.008 0.013 
135      468    (0)   13 :  0.040 0.035 0.002 0.025 0.015 0.009 0.009 0.812 0.008 0.007 0.016 0.003 0.007 0.002 0.008 
136      469    (0)   13 :  0.168 0.147 0.002 0.049 0.030 0.110 0.193 0.004 0.108 0.066 0.105 0.002 0.008 0.002 0.006 
137      472    (0)   13 :  0.010 0.022 0.007 0.012 0.008 0.274 0.166 0.007 0.275 0.060 0.124 0.004 0.002 0.021 0.009 
138      473    (0)   13 :  0.007 0.009 0.008 0.004 0.005 0.030 0.038 0.816 0.027 0.019 0.014 0.003 0.004 0.010 0.007 
139      474    (0)   13 :  0.004 0.941 0.006 0.003 0.005 0.003 0.003 0.016 0.003 0.004 0.002 0.001 0.003 0.001 0.003 
140      475    (0)   13 :  0.190 0.059 0.003 0.004 0.004 0.176 0.153 0.033 0.177 0.074 0.100 0.003 0.006 0.010 0.010 
141      476    (2)   13 :  0.008 0.901 0.011 0.003 0.003 0.006 0.005 0.020 0.006 0.004 0.004 0.007 0.006 0.012 0.005 
142      477    (0)   13 :  0.012 0.016 0.018 0.006 0.004 0.200 0.409 0.013 0.197 0.046 0.056 0.005 0.005 0.009 0.007 
143      478    (0)   13 :  0.063 0.014 0.003 0.006 0.028 0.212 0.198 0.004 0.217 0.052 0.110 0.002 0.074 0.002 0.016 
144      479    (0)   13 :  0.011 0.631 0.003 0.015 0.010 0.012 0.063 0.004 0.013 0.204 0.015 0.003 0.005 0.001 0.009 
145      480    (0)   13 :  0.931 0.008 0.002 0.002 0.002 0.006 0.006 0.013 0.006 0.007 0.004 0.002 0.004 0.002 0.004 
146      481    (0)   13 :  0.015 0.144 0.003 0.005 0.007 0.176 0.135 0.017 0.166 0.170 0.083 0.045 0.011 0.008 0.015 
147      482    (0)   13 :  0.094 0.011 0.048 0.037 0.004 0.176 0.134 0.004 0.188 0.153 0.123 0.002 0.005 0.005 0.016 
148      489    (0)   13 :  0.040 0.009 0.014 0.006 0.004 0.225 0.143 0.025 0.245 0.087 0.157 0.004 0.006 0.030 0.008 
149      490    (0)   13 :  0.012 0.006 0.003 0.010 0.012 0.018 0.166 0.003 0.017 0.715 0.011 0.003 0.007 0.005 0.011 
150      491    (0)   13 :  0.014 0.027 0.117 0.007 0.004 0.218 0.118 0.009 0.191 0.104 0.084 0.009 0.004 0.001 0.093 
151      492    (0)   13 :  0.007 0.831 0.009 0.007 0.013 0.012 0.010 0.024 0.013 0.008 0.008 0.003 0.042 0.006 0.007 
152      493    (0)   13 :  0.015 0.770 0.005 0.005 0.012 0.034 0.047 0.004 0.032 0.013 0.020 0.008 0.003 0.014 0.017 
153      494    (0)   13 :  0.217 0.036 0.043 0.008 0.004 0.075 0.118 0.012 0.089 0.261 0.063 0.024 0.004 0.028 0.017 
154      498    (0)   13 :  0.007 0.112 0.004 0.013 0.016 0.203 0.123 0.051 0.202 0.137 0.091 0.008 0.014 0.012 0.007 
155      499    (0)   13 :  0.012 0.021 0.006 0.006 0.012 0.261 0.124 0.006 0.274 0.090 0.128 0.003 0.006 0.007 0.044 
156      709    (0)   13 :  0.010 0.024 0.011 0.013 0.008 0.175 0.162 0.004 0.192 0.181 0.108 0.077 0.009 0.015 0.011 
157      710    (4)   13 :  0.082 0.040 0.003 0.009 0.006 0.190 0.325 0.007 0.164 0.040 0.087 0.005 0.004 0.034 0.003 
158      711    (2)   13 :  0.012 0.012 0.003 0.019 0.031 0.181 0.166 0.007 0.185 0.090 0.101 0.007 0.066 0.003 0.116 
159      712    (4)   13 :  0.008 0.006 0.003 0.005 0.005 0.007 0.180 0.003 0.007 0.750 0.006 0.002 0.006 0.002 0.009 
160      713    (0)   13 :  0.004 0.007 0.008 0.014 0.004 0.290 0.112 0.010 0.294 0.071 0.142 0.004 0.005 0.028 0.008 
161      714    (2)   13 :  0.201 0.549 0.002 0.009 0.009 0.035 0.027 0.057 0.033 0.010 0.020 0.012 0.007 0.006 0.022 
162      715    (4)   13 :  0.759 0.016 0.028 0.016 0.065 0.012 0.013 0.003 0.011 0.018 0.011 0.012 0.012 0.004 0.019 
163      716    (0)   13 :  0.052 0.869 0.003 0.004 0.004 0.012 0.012 0.003 0.012 0.008 0.009 0.002 0.005 0.002 0.004 
164      717    (2)   13 :  0.260 0.020 0.012 0.006 0.008 0.151 0.127 0.009 0.135 0.042 0.061 0.003 0.148 0.006 0.010 
165      718    (4)   13 :  0.011 0.019 0.002 0.013 0.007 0.016 0.179 0.005 0.026 0.679 0.016 0.002 0.005 0.003 0.016 
166      719    (0)   13 :  0.955 0.004 0.002 0.004 0.003 0.004 0.004 0.004 0.004 0.004 0.004 0.002 0.002 0.002 0.002 
167      720    (2)   13 :  0.672 0.027 0.007 0.009 0.007 0.038 0.117 0.012 0.046 0.012 0.028 0.002 0.005 0.007 0.010 
168      721    (0)   13 :  0.025 0.569 0.006 0.008 0.004 0.055 0.115 0.023 0.063 0.027 0.035 0.038 0.005 0.007 0.019 
169      722    (4)   13 :  0.852 0.013 0.002 0.016 0.013 0.005 0.016 0.043 0.006 0.007 0.013 0.002 0.005 0.002 0.005 
170      723    (0)   13 :  0.836 0.042 0.006 0.003 0.003 0.026 0.018 0.003 0.021 0.010 0.011 0.007 0.007 0.004 0.003 
171      724    (0)   13 :  0.581 0.174 0.009 0.051 0.017 0.021 0.019 0.010 0.020 0.010 0.041 0.005 0.009 0.026 0.007 
172      725    (0)   13 :  0.030 0.009 0.010 0.007 0.005 0.258 0.143 0.017 0.238 0.081 0.157 0.004 0.009 0.020 0.012 
173      726    (0)   13 :  0.027 0.156 0.005 0.006 0.005 0.163 0.279 0.031 0.174 0.048 0.078 0.006 0.003 0.010 0.007 
174      727    (0)   13 :  0.012 0.361 0.011 0.006 0.005 0.149 0.127 0.007 0.144 0.082 0.068 0.009 0.003 0.002 0.013 
175      728    (2)   13 :  0.013 0.010 0.006 0.009 0.007 0.277 0.133 0.003 0.231 0.058 0.131 0.092 0.014 0.006 0.011 
176      729    (6)   13 :  0.041 0.010 0.004 0.005 0.005 0.247 0.242 0.004 0.239 0.070 0.104 0.005 0.005 0.004 0.016 
177      730    (2)   13 :  0.067 0.007 0.005 0.012 0.009 0.039 0.160 0.002 0.037 0.604 0.026 0.007 0.009 0.003 0.011 
178      731    (2)   13 :  0.004 0.008 0.002 0.007 0.006 0.015 0.180 0.006 0.033 0.711 0.014 0.002 0.004 0.004 0.005 
179      732    (0)   13 :  0.018 0.192 0.006 0.007 0.015 0.212 0.158 0.008 0.186 0.046 0.119 0.002 0.011 0.008 0.011 
180      733    (0)   13 :  0.046 0.031 0.003 0.027 0.009 0.170 0.261 0.003 0.187 0.115 0.104 0.004 0.009 0.015 0.015 
181      734    (2)   13 :  0.018 0.043 0.082 0.006 0.009 0.187 0.143 0.004 0.191 0.089 0.082 0.008 0.007 0.035 0.096 
182      735    (4)   13 :  0.036 0.009 0.008 0.006 0.004 0.226 0.203 0.051 0.188 0.131 0.094 0.003 0.008 0.002 0.031 
183      736    (2)   13 :  0.005 0.026 0.023 0.004 0.004 0.173 0.176 0.004 0.162 0.304 0.067 0.018 0.004 0.010 0.019 
184      737    (0)   13 :  0.004 0.011 0.003 0.007 0.009 0.036 0.162 0.015 0.043 0.615 0.034 0.012 0.029 0.003 0.016 
185      738    (2)   13 :  0.007 0.012 0.005 0.005 0.008 0.113 0.141 0.004 0.125 0.381 0.099 0.003 0.005 0.004 0.088 
186      739    (8)   13 :  0.027 0.013 0.006 0.007 0.006 0.029 0.169 0.010 0.033 0.648 0.021 0.013 0.004 0.002 0.011 
187      740    (4)   13 :  0.035 0.040 0.002 0.011 0.005 0.048 0.170 0.004 0.063 0.568 0.039 0.002 0.004 0.005 0.004 
188      741    (2)   13 :  0.079 0.020 0.028 0.038 0.057 0.101 0.111 0.032 0.133 0.216 0.075 0.002 0.085 0.012 0.011 
189      742    (4)   13 :  0.010 0.013 0.005 0.007 0.010 0.104 0.173 0.006 0.117 0.383 0.057 0.007 0.017 0.007 0.084 
190      743    (2)   13 :  0.854 0.052 0.010 0.004 0.005 0.011 0.014 0.003 0.011 0.012 0.007 0.002 0.005 0.003 0.006 
191      744    (0)   13 :  0.140 0.065 0.004 0.004 0.006 0.157 0.100 0.004 0.198 0.067 0.132 0.022 0.005 0.090 0.006 
192      745    (0)   13 :  0.460 0.011 0.005 0.028 0.037 0.115 0.110 0.008 0.092 0.035 0.060 0.012 0.018 0.003 0.007 
193      746    (2)   13 :  0.006 0.006 0.005 0.007 0.004 0.166 0.204 0.004 0.154 0.301 0.078 0.004 0.045 0.005 0.011 
194      747    (2)   13 :  0.008 0.016 0.023 0.021 0.026 0.090 0.158 0.016 0.088 0.419 0.053 0.006 0.007 0.005 0.066 
195      748    (0)   13 :  0.005 0.106 0.017 0.053 0.085 0.145 0.085 0.129 0.140 0.050 0.066 0.006 0.024 0.013 0.075 
196      749    (2)   13 :  0.017 0.004 0.020 0.030 0.016 0.183 0.096 0.003 0.185 0.051 0.107 0.009 0.011 0.140 0.127 
197      750    (4)   13 :  0.017 0.008 0.005 0.008 0.009 0.235 0.130 0.005 0.221 0.161 0.145 0.005 0.025 0.012 0.014 
198      751    (0)   13 :  0.023 0.008 0.007 0.010 0.011 0.263 0.155 0.012 0.227 0.082 0.101 0.017 0.008 0.002 0.075 
199      752    (2)   13 :  0.063 0.046 0.003 0.007 0.009 0.007 0.011 0.811 0.008 0.017 0.005 0.001 0.005 0.002 0.006 
200      753    (4)   13 :  0.028 0.021 0.031 0.017 0.033 0.218 0.206 0.068 0.185 0.049 0.085 0.011 0.006 0.004 0.037 
201      754    (2)   13 :  0.004 0.005 0.003 0.002 0.003 0.005 0.175 0.002 0.005 0.775 0.003 0.003 0.003 0.005 0.004 
202      155    (0)   14 :  0.011 0.027 0.033 0.017 0.014 0.240 0.120 0.006 0.288 0.051 0.164 0.004 0.006 0.011 0.008 
203      156    (2)   14 :  0.019 0.005 0.005 0.009 0.011 0.206 0.145 0.004 0.237 0.074 0.159 0.102 0.006 0.011 0.008 
204      157    (2)   14 :  0.011 0.006 0.010 0.004 0.004 0.018 0.174 0.018 0.022 0.673 0.012 0.002 0.005 0.032 0.008 
205      158    (0)   14 :  0.011 0.038 0.007 0.006 0.006 0.285 0.149 0.003 0.249 0.057 0.140 0.004 0.008 0.004 0.032 
206      159    (0)   14 :  0.008 0.034 0.003 0.064 0.010 0.205 0.166 0.011 0.182 0.118 0.154 0.010 0.007 0.016 0.011 
207      160    (0)   14 :  0.016 0.702 0.009 0.010 0.015 0.021 0.051 0.005 0.022 0.095 0.011 0.003 0.003 0.003 0.033 
208      161    (0)   14 :  0.025 0.055 0.008 0.008 0.005 0.051 0.152 0.008 0.054 0.349 0.043 0.003 0.003 0.225 0.010 
209      162    (0)   14 :  0.063 0.230 0.005 0.005 0.007 0.227 0.117 0.012 0.202 0.034 0.067 0.005 0.007 0.002 0.016 
210      163    (2)   14 :  0.009 0.004 0.003 0.003 0.003 0.189 0.164 0.013 0.203 0.181 0.153 0.008 0.008 0.003 0.054 
211      164    (0)   14 :  0.017 0.007 0.019 0.023 0.036 0.264 0.180 0.029 0.202 0.082 0.100 0.002 0.010 0.016 0.013 
212      165    (2)   14 :  0.005 0.006 0.004 0.005 0.007 0.231 0.220 0.004 0.271 0.104 0.112 0.004 0.006 0.018 0.003 
213      427    (0)   14 :  0.787 0.027 0.051 0.021 0.005 0.013 0.017 0.004 0.014 0.009 0.021 0.010 0.003 0.004 0.015 
214      428    (0)   14 :  0.686 0.106 0.005 0.018 0.021 0.016 0.027 0.029 0.016 0.006 0.019 0.003 0.004 0.003 0.041 
215      429    (0)   14 :  0.934 0.006 0.003 0.004 0.004 0.006 0.005 0.005 0.006 0.004 0.006 0.003 0.007 0.001 0.005 
216      430    (0)   14 :  0.020 0.120 0.004 0.013 0.020 0.167 0.171 0.029 0.176 0.063 0.080 0.002 0.046 0.006 0.082 
217      431    (0)   14 :  0.392 0.418 0.004 0.017 0.036 0.023 0.020 0.006 0.021 0.012 0.016 0.002 0.019 0.003 0.011 
218      435    (0)   14 :  0.904 0.041 0.002 0.003 0.003 0.005 0.008 0.009 0.006 0.005 0.004 0.003 0.003 0.001 0.004 
219      436    (0)   14 :  0.195 0.748 0.003 0.008 0.006 0.005 0.006 0.003 0.005 0.004 0.006 0.002 0.003 0.002 0.003 
220      437    (0)   14 :  0.080 0.683 0.005 0.037 0.049 0.018 0.053 0.008 0.019 0.009 0.024 0.002 0.006 0.003 0.004 
221      438    (0)   14 :  0.262 0.279 0.002 0.042 0.038 0.051 0.118 0.070 0.042 0.021 0.031 0.009 0.017 0.004 0.018 
222      439    (0)   14 :  0.260 0.092 0.004 0.008 0.008 0.098 0.126 0.038 0.100 0.155 0.053 0.006 0.034 0.002 0.015 
223      441    (0)   14 :  0.004 0.004 0.003 0.002 0.004 0.003 0.003 0.962 0.003 0.002 0.002 0.001 0.004 0.002 0.003 
224      442    (0)   14 :  0.743 0.009 0.144 0.005 0.010 0.015 0.017 0.013 0.012 0.005 0.008 0.005 0.002 0.002 0.009 
225      443    (4)   14 :  0.872 0.012 0.002 0.008 0.010 0.008 0.012 0.020 0.008 0.017 0.006 0.003 0.004 0.002 0.015 
226      444    (4)   14 :  0.920 0.007 0.008 0.008 0.005 0.007 0.005 0.002 0.007 0.004 0.008 0.004 0.002 0.005 0.006 
227      445    (2)   14 :  0.159 0.032 0.004 0.027 0.026 0.135 0.371 0.014 0.148 0.022 0.046 0.006 0.004 0.002 0.004 
228      446    (0)   14 :  0.947 0.007 0.005 0.002 0.002 0.005 0.005 0.003 0.004 0.004 0.003 0.003 0.003 0.003 0.005 
229      447    (0)   14 :  0.869 0.030 0.004 0.009 0.021 0.011 0.011 0.003 0.010 0.010 0.008 0.004 0.003 0.001 0.007 
230      449    (0)   14 :  0.929 0.017 0.007 0.006 0.005 0.004 0.005 0.004 0.004 0.004 0.004 0.002 0.004 0.002 0.004 
231      460    (0)   14 :  0.733 0.020 0.005 0.012 0.012 0.023 0.032 0.097 0.023 0.010 0.013 0.002 0.006 0.005 0.007 
232      461    (0)   14 :  0.125 0.388 0.008 0.017 0.019 0.070 0.081 0.006 0.071 0.096 0.047 0.002 0.015 0.005 0.051 
233      484    (0)   14 :  0.104 0.006 0.013 0.077 0.083 0.087 0.059 0.015 0.085 0.090 0.049 0.008 0.144 0.004 0.175 
234      485    (0)   14 :  0.731 0.143 0.004 0.004 0.006 0.017 0.024 0.012 0.017 0.019 0.011 0.002 0.004 0.004 0.003 
235      486    (0)   14 :  0.002 0.002 0.002 0.002 0.002 0.002 0.002 0.977 0.002 0.002 0.002 0.001 0.002 0.001 0.002 
236      487    (0)   14 :  0.478 0.188 0.011 0.006 0.007 0.071 0.065 0.012 0.067 0.032 0.035 0.003 0.008 0.002 0.015 
237      178    (0)   15 :  0.163 0.256 0.006 0.003 0.004 0.097 0.244 0.010 0.109 0.036 0.042 0.005 0.003 0.012 0.011 
238      422    (0)   15 :  0.894 0.021 0.003 0.006 0.009 0.007 0.011 0.003 0.007 0.021 0.005 0.003 0.005 0.001 0.004 
239      425    (0)   15 :  0.716 0.135 0.004 0.005 0.010 0.024 0.021 0.005 0.027 0.023 0.015 0.001 0.003 0.002 0.009 
240      426    (0)   15 :  0.052 0.071 0.022 0.003 0.005 0.127 0.071 0.003 0.099 0.051 0.055 0.111 0.004 0.029 0.297 
241      432    (0)   15 :  0.406 0.022 0.010 0.010 0.011 0.121 0.083 0.012 0.133 0.040 0.078 0.009 0.011 0.006 0.049 
242      434    (0)   15 :  0.943 0.005 0.004 0.004 0.005 0.004 0.004 0.003 0.004 0.005 0.004 0.002 0.008 0.002 0.004 
243      440    (0)   15 :  0.363 0.146 0.012 0.003 0.004 0.091 0.139 0.021 0.099 0.030 0.040 0.002 0.008 0.003 0.038 
244      448    (2)   15 :  0.841 0.009 0.012 0.030 0.008 0.007 0.009 0.008 0.007 0.009 0.022 0.002 0.024 0.002 0.010 
245      456    (0)   15 :  0.040 0.262 0.009 0.027 0.062 0.147 0.080 0.005 0.123 0.031 0.100 0.003 0.090 0.003 0.019 
246      457    (0)   15 :  0.368 0.211 0.005 0.014 0.020 0.084 0.075 0.035 0.070 0.024 0.040 0.006 0.025 0.003 0.021 
247      458    (0)   15 :  0.019 0.623 0.016 0.006 0.029 0.048 0.033 0.009 0.053 0.067 0.033 0.008 0.004 0.004 0.045 
248      459    (0)   15 :  0.874 0.015 0.004 0.004 0.006 0.013 0.016 0.010 0.013 0.014 0.009 0.003 0.003 0.004 0.012 
249      464    (0)   15 :  0.595 0.280 0.009 0.003 0.005 0.015 0.019 0.012 0.017 0.007 0.010 0.005 0.004 0.014 0.005 
250      465    (0)   15 :  0.101 0.824 0.002 0.003 0.004 0.011 0.009 0.005 0.011 0.010 0.006 0.001 0.006 0.003 0.004 
251      466    (0)   15 :  0.540 0.079 0.005 0.018 0.046 0.036 0.136 0.018 0.044 0.026 0.037 0.001 0.006 0.002 0.008 
252      470    (0)   15 :  0.318 0.489 0.006 0.003 0.003 0.007 0.007 0.126 0.007 0.007 0.005 0.002 0.006 0.003 0.011 
253      471    (0)   15 :  0.810 0.012 0.003 0.010 0.008 0.016 0.015 0.005 0.016 0.009 0.016 0.017 0.024 0.004 0.034 
254      483    (0)   15 :  0.868 0.006 0.007 0.003 0.004 0.012 0.015 0.004 0.011 0.036 0.007 0.003 0.004 0.012 0.010 
255      488    (0)   15 :  0.006 0.935 0.003 0.004 0.006 0.006 0.007 0.005 0.005 0.008 0.004 0.002 0.003 0.002 0.005 
256      495    (0)   15 :  0.795 0.071 0.002 0.011 0.011 0.011 0.011 0.003 0.010 0.021 0.008 0.001 0.030 0.003 0.010 
257      496    (0)   15 :  0.014 0.926 0.002 0.003 0.002 0.008 0.007 0.004 0.008 0.009 0.005 0.002 0.004 0.003 0.004 
258      497    (0)   15 :  0.811 0.009 0.024 0.005 0.005 0.016 0.013 0.003 0.012 0.006 0.010 0.003 0.079 0.004 0.003 
259      500    (0)   15 :  0.020 0.041 0.003 0.272 0.262 0.056 0.058 0.041 0.059 0.051 0.043 0.004 0.017 0.067 0.007 
260      879    (0)   15 :  0.925 0.005 0.008 0.002 0.003 0.006 0.006 0.004 0.006 0.009 0.004 0.002 0.003 0.004 0.011 
261      036    (0)   16 :  0.014 0.014 0.002 0.008 0.006 0.286 0.123 0.005 0.278 0.066 0.181 0.004 0.003 0.003 0.005 
262      063    (2)   16 :  0.022 0.020 0.015 0.008 0.010 0.199 0.170 0.011 0.219 0.096 0.154 0.003 0.031 0.003 0.038 
263      094    (4)   16 :  0.013 0.168 0.009 0.046 0.048 0.099 0.126 0.007 0.097 0.280 0.059 0.005 0.012 0.012 0.018 
264      103    (4)   16 :  0.006 0.005 0.005 0.004 0.005 0.234 0.218 0.007 0.264 0.106 0.110 0.002 0.021 0.010 0.003 
265      112    (0)   16 :  0.006 0.006 0.006 0.006 0.005 0.140 0.176 0.011 0.154 0.340 0.090 0.004 0.007 0.007 0.044 
266      114    (2)   16 :  0.012 0.064 0.004 0.006 0.004 0.236 0.130 0.015 0.252 0.133 0.131 0.002 0.004 0.003 0.004 
267      120    (0)   16 :  0.008 0.021 0.004 0.013 0.013 0.021 0.162 0.006 0.021 0.687 0.020 0.002 0.005 0.003 0.014 
268      127    (2)   16 :  0.005 0.123 0.007 0.006 0.009 0.193 0.091 0.085 0.208 0.066 0.110 0.003 0.005 0.007 0.083 
269      147    (0)   16 :  0.014 0.010 0.006 0.004 0.002 0.184 0.086 0.008 0.211 0.066 0.117 0.047 0.005 0.007 0.233 
270      166    (0)   16 :  0.016 0.175 0.018 0.005 0.006 0.149 0.096 0.004 0.138 0.069 0.099 0.027 0.012 0.079 0.108 
271      167    (0)   16 :  0.056 0.118 0.004 0.007 0.007 0.225 0.137 0.013 0.213 0.054 0.075 0.005 0.076 0.004 0.006 
272      168    (0)   16 :  0.010 0.009 0.004 0.010 0.004 0.324 0.207 0.003 0.237 0.064 0.104 0.003 0.004 0.013 0.003 
273      169    (2)   16 :  0.098 0.221 0.004 0.007 0.009 0.171 0.110 0.004 0.176 0.064 0.066 0.005 0.006 0.003 0.055 
274      170    (0)   16 :  0.018 0.006 0.037 0.014 0.022 0.194 0.129 0.022 0.224 0.152 0.115 0.005 0.006 0.040 0.017 
275      171    (2)   16 :  0.005 0.006 0.004 0.025 0.059 0.230 0.167 0.003 0.230 0.088 0.133 0.011 0.008 0.006 0.025 
276      172    (0)   16 :  0.009 0.023 0.004 0.012 0.016 0.023 0.156 0.002 0.023 0.668 0.020 0.013 0.011 0.004 0.015 
277      185    (0)   16 :  0.074 0.015 0.005 0.004 0.003 0.262 0.156 0.014 0.255 0.066 0.100 0.005 0.009 0.004 0.027 
278      199    (2)   16 :  0.005 0.021 0.216 0.006 0.005 0.231 0.150 0.009 0.196 0.057 0.079 0.006 0.003 0.011 0.007 
279      339    (0)   16 :  0.044 0.411 0.006 0.003 0.007 0.167 0.099 0.006 0.151 0.023 0.053 0.005 0.014 0.002 0.009 
280      355    (0)   16 :  0.003 0.004 0.071 0.003 0.003 0.239 0.135 0.004 0.246 0.083 0.149 0.013 0.005 0.033 0.009 
281      356    (0)   16 :  0.004 0.016 0.005 0.005 0.004 0.026 0.141 0.018 0.027 0.567 0.017 0.003 0.003 0.157 0.006 
282      357    (0)   16 :  0.006 0.033 0.017 0.008 0.009 0.249 0.152 0.026 0.229 0.107 0.120 0.013 0.004 0.006 0.020 
283      358    (0)   16 :  0.010 0.010 0.004 0.006 0.007 0.259 0.109 0.019 0.275 0.053 0.179 0.006 0.047 0.004 0.011 
284      359    (0)   16 :  0.008 0.008 0.009 0.003 0.003 0.183 0.153 0.003 0.202 0.249 0.131 0.002 0.021 0.005 0.019 
285      360    (0)   16 :  0.040 0.023 0.005 0.010 0.013 0.248 0.126 0.005 0.227 0.064 0.183 0.010 0.003 0.022 0.021 
286      361    (0)   16 :  0.038 0.037 0.003 0.004 0.005 0.024 0.177 0.004 0.023 0.648 0.014 0.002 0.006 0.002 0.011 
287      362    (0)   16 :  0.090 0.020 0.006 0.087 0.140 0.165 0.106 0.004 0.124 0.069 0.081 0.005 0.010 0.014 0.078 
288      363    (0)   16 :  0.012 0.019 0.045 0.006 0.005 0.130 0.063 0.011 0.126 0.042 0.065 0.012 0.009 0.007 0.448 
289      364    (0)   16 :  0.005 0.079 0.040 0.127 0.202 0.125 0.068 0.017 0.121 0.050 0.058 0.003 0.007 0.085 0.014 
290      365    (0)   16 :  0.022 0.170 0.003 0.021 0.013 0.170 0.128 0.010 0.178 0.052 0.136 0.012 0.005 0.074 0.006 
291      366    (0)   16 :  0.005 0.009 0.003 0.003 0.004 0.239 0.109 0.003 0.268 0.141 0.158 0.028 0.012 0.005 0.014 
292      367    (0)   16 :  0.007 0.005 0.003 0.008 0.011 0.251 0.237 0.035 0.212 0.076 0.124 0.010 0.016 0.002 0.005 
293      368    (0)   16 :  0.004 0.004 0.003 0.018 0.020 0.215 0.128 0.047 0.236 0.059 0.171 0.012 0.016 0.059 0.006 
294      369    (0)   16 :  0.004 0.005 0.004 0.003 0.003 0.257 0.173 0.003 0.269 0.080 0.168 0.004 0.005 0.015 0.008 
295      370    (0)   16 :  0.013 0.019 0.007 0.008 0.005 0.079 0.151 0.004 0.086 0.433 0.052 0.011 0.042 0.075 0.014 
296      371    (0)   16 :  0.011 0.007 0.007 0.013 0.010 0.253 0.154 0.003 0.261 0.078 0.185 0.003 0.009 0.002 0.004 
297      372    (0)   16 :  0.374 0.127 0.320 0.008 0.013 0.018 0.015 0.002 0.017 0.015 0.010 0.004 0.003 0.006 0.066 
298      373    (0)   16 :  0.036 0.012 0.035 0.006 0.007 0.184 0.258 0.002 0.164 0.101 0.081 0.003 0.008 0.097 0.006 
299      380    (0)   16 :  0.007 0.039 0.010 0.029 0.015 0.229 0.116 0.002 0.242 0.096 0.148 0.006 0.008 0.011 0.041 
300      388    (0)   16 :  0.007 0.007 0.021 0.007 0.017 0.112 0.142 0.003 0.107 0.427 0.063 0.007 0.011 0.043 0.025 
301      418    (0)   16 :  0.007 0.013 0.044 0.017 0.017 0.177 0.370 0.008 0.193 0.040 0.083 0.006 0.003 0.005 0.016 
302      419    (0)   16 :  0.011 0.014 0.003 0.007 0.004 0.191 0.424 0.009 0.206 0.036 0.076 0.005 0.005 0.005 0.006 
303      420    (0)   16 :  0.053 0.033 0.064 0.020 0.040 0.177 0.174 0.011 0.163 0.082 0.104 0.046 0.011 0.006 0.016 
304      409    (0)   17 :  0.010 0.024 0.004 0.055 0.011 0.174 0.272 0.007 0.184 0.097 0.138 0.002 0.006 0.005 0.011 
305      414    (0)   17 :  0.007 0.009 0.007 0.011 0.051 0.204 0.270 0.007 0.222 0.069 0.118 0.002 0.007 0.003 0.012 
306      415    (2)   17 :  0.006 0.010 0.014 0.006 0.006 0.234 0.161 0.034 0.232 0.112 0.143 0.003 0.010 0.015 0.012 
307      416    (0)   17 :  0.022 0.033 0.011 0.047 0.021 0.148 0.335 0.004 0.184 0.050 0.102 0.003 0.026 0.003 0.011 
308      571    (0)    2 :  0.025 0.008 0.004 0.183 0.659 0.007 0.007 0.031 0.007 0.006 0.005 0.004 0.023 0.002 0.030 
309      572    (0)    2 :  0.003 0.003 0.003 0.026 0.800 0.012 0.013 0.009 0.013 0.008 0.014 0.005 0.060 0.003 0.026 
310      573    (2)    2 :  0.004 0.003 0.002 0.057 0.893 0.006 0.005 0.007 0.005 0.004 0.005 0.001 0.005 0.001 0.002 
311      574    (0)    2 :  0.005 0.005 0.002 0.020 0.898 0.008 0.008 0.004 0.009 0.006 0.011 0.002 0.010 0.007 0.005 
312      575    (2)    2 :  0.005 0.004 0.006 0.005 0.875 0.010 0.010 0.005 0.010 0.005 0.008 0.006 0.008 0.004 0.038 
313      576    (0)    2 :  0.003 0.003 0.003 0.183 0.779 0.003 0.003 0.003 0.003 0.003 0.003 0.001 0.006 0.001 0.004 
314      577    (0)    2 :  0.005 0.004 0.005 0.006 0.932 0.005 0.006 0.007 0.005 0.003 0.005 0.002 0.010 0.001 0.004 
315      578    (0)    2 :  0.004 0.004 0.006 0.026 0.935 0.003 0.003 0.003 0.003 0.002 0.005 0.001 0.003 0.001 0.003 
316      579    (0)    2 :  0.005 0.008 0.003 0.006 0.955 0.003 0.003 0.002 0.003 0.002 0.003 0.001 0.002 0.001 0.003 
317      580    (0)    2 :  0.003 0.002 0.002 0.006 0.963 0.003 0.003 0.002 0.003 0.002 0.003 0.001 0.003 0.001 0.003 
318      581    (0)    2 :  0.007 0.006 0.002 0.044 0.897 0.004 0.004 0.002 0.004 0.003 0.011 0.004 0.008 0.002 0.003 
319      582    (4)    2 :  0.014 0.010 0.016 0.031 0.772 0.021 0.016 0.002 0.021 0.012 0.014 0.045 0.016 0.003 0.007 
320      583    (0)    2 :  0.016 0.013 0.013 0.005 0.668 0.064 0.039 0.012 0.055 0.023 0.050 0.009 0.006 0.002 0.026 
321      584    (0)    2 :  0.054 0.007 0.008 0.025 0.830 0.010 0.009 0.004 0.010 0.010 0.012 0.004 0.006 0.002 0.007 
322      585    (0)    2 :  0.007 0.006 0.002 0.023 0.911 0.004 0.004 0.008 0.004 0.004 0.003 0.002 0.012 0.001 0.008 
323      586    (2)    2 :  0.006 0.006 0.008 0.009 0.934 0.004 0.004 0.003 0.004 0.003 0.003 0.003 0.007 0.001 0.005 
324      587    (0)    2 :  0.003 0.003 0.002 0.016 0.938 0.003 0.003 0.002 0.003 0.004 0.010 0.002 0.006 0.001 0.004 
325      588    (0)    2 :  0.007 0.005 0.009 0.010 0.850 0.016 0.012 0.015 0.018 0.008 0.015 0.013 0.006 0.008 0.010 
326      589    (0)    2 :  0.024 0.006 0.015 0.017 0.786 0.025 0.017 0.003 0.023 0.009 0.020 0.005 0.009 0.005 0.037 
327      590    (0)    2 :  0.005 0.007 0.008 0.024 0.851 0.005 0.005 0.040 0.005 0.004 0.011 0.010 0.020 0.003 0.003 
328      001    (0)    3 :  0.002 0.002 0.001 0.003 0.004 0.004 0.003 0.002 0.004 0.003 0.004 0.003 0.003 0.961 0.002 
329      005    (0)    3 :  0.002 0.001 0.003 0.001 0.001 0.002 0.002 0.002 0.002 0.002 0.002 0.005 0.002 0.969 0.002 
330      106    (0)    3 :  0.002 0.002 0.003 0.004 0.005 0.003 0.003 0.002 0.003 0.003 0.003 0.002 0.002 0.961 0.003 
331      192    (0)    3 :  0.005 0.004 0.011 0.006 0.007 0.017 0.015 0.003 0.019 0.010 0.012 0.005 0.004 0.873 0.009 
332      229    (0)    3 :  0.005 0.004 0.004 0.003 0.003 0.006 0.005 0.005 0.005 0.006 0.004 0.042 0.007 0.894 0.008 
333      319    (0)    3 :  0.002 0.003 0.002 0.002 0.002 0.004 0.004 0.002 0.004 0.006 0.003 0.005 0.003 0.955 0.002 
334      327    (0)    3 :  0.002 0.002 0.003 0.003 0.003 0.003 0.003 0.002 0.003 0.005 0.002 0.002 0.002 0.963 0.003 
335      340    (0)    3 :  0.002 0.003 0.003 0.002 0.003 0.005 0.004 0.004 0.005 0.005 0.003 0.004 0.004 0.950 0.002 
336      345    (0)    3 :  0.002 0.006 0.003 0.003 0.003 0.005 0.006 0.002 0.005 0.010 0.003 0.010 0.004 0.933 0.005 
337      375    (0)    3 :  0.002 0.003 0.005 0.001 0.002 0.003 0.003 0.002 0.003 0.003 0.002 0.003 0.002 0.961 0.004 
338      501    (4)    3 :  0.002 0.003 0.002 0.001 0.002 0.003 0.003 0.008 0.003 0.004 0.002 0.003 0.002 0.958 0.004 
339      502    (0)    3 :  0.002 0.009 0.003 0.003 0.004 0.005 0.004 0.011 0.005 0.004 0.004 0.009 0.004 0.926 0.008 
340      503    (2)    3 :  0.001 0.001 0.002 0.003 0.003 0.002 0.002 0.007 0.002 0.002 0.002 0.002 0.003 0.964 0.002 
341      504    (0)    3 :  0.007 0.007 0.004 0.003 0.002 0.005 0.004 0.002 0.005 0.003 0.005 0.016 0.002 0.932 0.003 
342      505    (0)    3 :  0.002 0.003 0.004 0.006 0.005 0.007 0.007 0.002 0.007 0.009 0.007 0.049 0.012 0.873 0.007 
343      506    (2)    3 :  0.004 0.004 0.002 0.002 0.002 0.006 0.005 0.005 0.006 0.006 0.004 0.005 0.002 0.941 0.006 
344      507    (4)    3 :  0.002 0.002 0.002 0.002 0.002 0.003 0.003 0.004 0.003 0.004 0.002 0.004 0.003 0.959 0.005 
345      508    (0)    3 :  0.005 0.005 0.002 0.003 0.004 0.006 0.006 0.022 0.006 0.007 0.005 0.003 0.006 0.914 0.005 
346      509    (2)    3 :  0.003 0.002 0.004 0.002 0.002 0.003 0.003 0.003 0.003 0.003 0.002 0.003 0.003 0.962 0.003 
347      510    (2)    3 :  0.008 0.005 0.020 0.002 0.002 0.005 0.005 0.004 0.005 0.003 0.004 0.003 0.002 0.929 0.003 
348      511    (4)    3 :  0.003 0.003 0.002 0.002 0.003 0.003 0.003 0.005 0.003 0.002 0.003 0.002 0.002 0.962 0.002 
349      512    (4)    3 :  0.003 0.002 0.003 0.002 0.002 0.003 0.003 0.002 0.003 0.004 0.003 0.006 0.002 0.958 0.004 
350      513    (0)    3 :  0.003 0.002 0.019 0.002 0.003 0.004 0.003 0.002 0.003 0.003 0.003 0.007 0.002 0.941 0.003 
351      514    (0)    3 :  0.004 0.003 0.002 0.001 0.001 0.004 0.004 0.002 0.004 0.003 0.003 0.002 0.002 0.964 0.002 
352      515    (2)    3 :  0.002 0.002 0.003 0.002 0.002 0.003 0.002 0.002 0.002 0.002 0.002 0.004 0.003 0.966 0.002 
353      516    (2)    3 :  0.004 0.008 0.007 0.003 0.003 0.005 0.005 0.008 0.005 0.004 0.004 0.004 0.004 0.931 0.005 
354      517    (0)    3 :  0.008 0.002 0.002 0.001 0.001 0.002 0.002 0.002 0.002 0.002 0.002 0.005 0.001 0.968 0.002 
355      518    (0)    3 :  0.004 0.005 0.003 0.003 0.003 0.007 0.007 0.004 0.006 0.006 0.004 0.003 0.006 0.937 0.004 
356      519    (0)    3 :  0.003 0.002 0.003 0.003 0.002 0.003 0.003 0.005 0.003 0.003 0.003 0.002 0.003 0.959 0.002 
357      520    (2)    3 :  0.005 0.003 0.006 0.003 0.004 0.003 0.003 0.002 0.003 0.003 0.003 0.002 0.002 0.954 0.003 
358      521    (2)    3 :  0.002 0.002 0.003 0.005 0.002 0.002 0.002 0.002 0.002 0.003 0.004 0.006 0.003 0.957 0.003 
359      522    (0)    3 :  0.006 0.019 0.005 0.010 0.005 0.006 0.006 0.010 0.006 0.004 0.009 0.001 0.004 0.904 0.005 
360      523    (2)    3 :  0.005 0.005 0.002 0.004 0.005 0.007 0.006 0.005 0.007 0.006 0.005 0.004 0.009 0.927 0.004 
361      524    (0)    3 :  0.005 0.014 0.006 0.011 0.007 0.009 0.010 0.072 0.008 0.009 0.009 0.003 0.023 0.806 0.007 
362      525    (0)    3 :  0.002 0.003 0.003 0.002 0.002 0.003 0.003 0.002 0.003 0.003 0.002 0.001 0.001 0.970 0.002 
363      526    (2)    3 :  0.003 0.002 0.002 0.002 0.001 0.002 0.002 0.002 0.002 0.002 0.002 0.012 0.002 0.960 0.002 
364      527    (2)    4 :  0.009 0.013 0.011 0.133 0.727 0.010 0.010 0.012 0.011 0.006 0.005 0.011 0.027 0.009 0.007 
365      528    (4)    4 :  0.004 0.016 0.008 0.108 0.302 0.023 0.021 0.004 0.025 0.021 0.022 0.003 0.074 0.002 0.365 
366      529    (4)    4 :  0.021 0.020 0.004 0.144 0.567 0.020 0.021 0.005 0.022 0.012 0.015 0.010 0.012 0.003 0.123 
367      530    (0)    4 :  0.003 0.003 0.005 0.444 0.482 0.006 0.006 0.005 0.006 0.009 0.005 0.004 0.006 0.006 0.009 
368      531    (2)    4 :  0.006 0.004 0.005 0.426 0.463 0.008 0.007 0.003 0.008 0.009 0.010 0.006 0.012 0.004 0.028 
369      532    (4)    4 :  0.004 0.004 0.002 0.375 0.405 0.012 0.010 0.034 0.012 0.019 0.009 0.002 0.014 0.003 0.094 
370      533    (0)    4 :  0.013 0.027 0.002 0.332 0.313 0.052 0.077 0.003 0.051 0.032 0.038 0.003 0.034 0.008 0.016 
371      534    (2)    4 :  0.004 0.004 0.006 0.448 0.435 0.008 0.007 0.003 0.008 0.005 0.011 0.002 0.051 0.003 0.006 
372      535    (2)    4 :  0.008 0.010 0.002 0.195 0.662 0.014 0.013 0.011 0.014 0.011 0.009 0.005 0.011 0.003 0.032 
373      536    (2)    4 :  0.005 0.003 0.002 0.451 0.469 0.006 0.006 0.004 0.006 0.007 0.013 0.013 0.009 0.002 0.003 
374      537    (2)    4 :  0.008 0.006 0.012 0.456 0.475 0.005 0.006 0.002 0.005 0.004 0.007 0.002 0.006 0.002 0.005 
375      538    (2)    4 :  0.015 0.028 0.004 0.225 0.437 0.047 0.047 0.004 0.048 0.048 0.024 0.002 0.059 0.006 0.005 
376      539    (2)    4 :  0.002 0.006 0.002 0.450 0.414 0.005 0.005 0.004 0.004 0.003 0.004 0.002 0.092 0.001 0.005 
377      540    (2)    4 :  0.011 0.011 0.002 0.445 0.441 0.011 0.016 0.005 0.011 0.017 0.012 0.001 0.008 0.001 0.006 
378      541    (2)    4 :  0.044 0.010 0.003 0.388 0.395 0.009 0.010 0.005 0.009 0.018 0.008 0.002 0.052 0.003 0.044 
379      542    (2)    4 :  0.021 0.089 0.010 0.339 0.359 0.018 0.018 0.005 0.019 0.016 0.016 0.004 0.070 0.002 0.014 
380      543    (0)    4 :  0.046 0.016 0.014 0.341 0.315 0.063 0.041 0.004 0.055 0.024 0.037 0.002 0.030 0.003 0.010 
381      544    (2)    4 :  0.003 0.003 0.002 0.471 0.479 0.003 0.004 0.001 0.004 0.006 0.004 0.002 0.014 0.003 0.003 
382      545    (2)    4 :  0.005 0.012 0.002 0.015 0.028 0.009 0.008 0.009 0.008 0.006 0.007 0.001 0.884 0.002 0.005 
383      546    (4)    4 :  0.004 0.018 0.002 0.008 0.019 0.020 0.017 0.011 0.021 0.008 0.015 0.002 0.850 0.002 0.004 
384      547    (6)    4 :  0.020 0.009 0.031 0.266 0.399 0.048 0.030 0.036 0.053 0.034 0.032 0.017 0.010 0.004 0.010 
385      019    (0)    5 :  0.047 0.004 0.004 0.029 0.108 0.007 0.007 0.003 0.007 0.007 0.008 0.004 0.746 0.002 0.017 
386      064    (0)    5 :  0.003 0.002 0.002 0.020 0.020 0.002 0.002 0.004 0.002 0.002 0.002 0.001 0.934 0.001 0.002 
387      065    (0)    5 :  0.003 0.002 0.001 0.470 0.485 0.002 0.002 0.002 0.002 0.003 0.004 0.001 0.019 0.001 0.002 
388      066    (0)    5 :  0.020 0.008 0.003 0.171 0.171 0.010 0.011 0.011 0.011 0.009 0.008 0.002 0.559 0.002 0.004 
389      067    (0)    5 :  0.026 0.005 0.010 0.011 0.010 0.008 0.008 0.004 0.008 0.005 0.008 0.007 0.869 0.005 0.017 
390      068    (0)    5 :  0.009 0.011 0.029 0.400 0.444 0.008 0.008 0.020 0.008 0.007 0.009 0.002 0.026 0.002 0.017 
391      069    (0)    5 :  0.004 0.008 0.003 0.082 0.092 0.005 0.006 0.017 0.006 0.006 0.008 0.001 0.751 0.001 0.008 
392      107    (0)    5 :  0.006 0.005 0.002 0.180 0.234 0.005 0.004 0.005 0.004 0.003 0.004 0.001 0.541 0.001 0.004 
393      110    (0)    5 :  0.002 0.002 0.002 0.002 0.003 0.002 0.002 0.003 0.002 0.002 0.002 0.003 0.963 0.001 0.007 
394      121    (0)    5 :  0.005 0.005 0.003 0.443 0.485 0.005 0.004 0.003 0.004 0.004 0.003 0.001 0.021 0.001 0.013 
395      137    (0)    5 :  0.007 0.008 0.002 0.008 0.006 0.010 0.008 0.005 0.009 0.005 0.007 0.009 0.909 0.002 0.004 
396      146    (0)    5 :  0.004 0.006 0.003 0.173 0.175 0.010 0.022 0.002 0.012 0.058 0.015 0.003 0.506 0.004 0.005 
397      149    (0)    5 :  0.006 0.004 0.002 0.003 0.006 0.004 0.004 0.002 0.004 0.004 0.003 0.003 0.946 0.001 0.005 
398      154    (0)    5 :  0.007 0.005 0.017 0.103 0.056 0.007 0.006 0.003 0.006 0.004 0.076 0.002 0.701 0.003 0.005 
399      179    (0)    5 :  0.005 0.006 0.004 0.115 0.312 0.004 0.004 0.007 0.004 0.004 0.004 0.002 0.523 0.002 0.004 
400      181    (0)    5 :  0.002 0.003 0.002 0.034 0.167 0.004 0.004 0.002 0.004 0.003 0.004 0.002 0.766 0.001 0.003 
401      182    (0)    5 :  0.006 0.005 0.014 0.385 0.408 0.012 0.010 0.017 0.012 0.012 0.009 0.002 0.079 0.003 0.025 
402      186    (0)    5 :  0.008 0.015 0.004 0.100 0.088 0.015 0.015 0.009 0.017 0.027 0.014 0.006 0.587 0.005 0.091 
403      193    (0)    5 :  0.009 0.004 0.004 0.282 0.290 0.008 0.008 0.005 0.008 0.008 0.008 0.002 0.357 0.003 0.006 
404      320    (0)    5 :  0.006 0.005 0.011 0.030 0.023 0.006 0.007 0.003 0.006 0.011 0.008 0.003 0.873 0.001 0.008 
405      341    (0)    5 :  0.011 0.010 0.004 0.326 0.549 0.007 0.006 0.006 0.006 0.007 0.005 0.002 0.058 0.002 0.004 
406      376    (0)    5 :  0.004 0.007 0.003 0.252 0.408 0.011 0.012 0.019 0.011 0.013 0.009 0.003 0.183 0.039 0.025 
407      395    (0)    5 :  0.009 0.023 0.004 0.191 0.106 0.006 0.007 0.004 0.007 0.006 0.026 0.006 0.594 0.001 0.011 
408      396    (0)    5 :  0.002 0.003 0.002 0.465 0.473 0.003 0.003 0.004 0.003 0.003 0.003 0.003 0.029 0.002 0.002 
409      397    (0)    5 :  0.004 0.003 0.006 0.442 0.456 0.005 0.004 0.002 0.005 0.004 0.007 0.009 0.048 0.001 0.005 
410      398    (0)    5 :  0.005 0.002 0.004 0.292 0.247 0.005 0.005 0.006 0.005 0.009 0.025 0.004 0.377 0.002 0.011 
411      399    (0)    5 :  0.003 0.003 0.003 0.433 0.504 0.005 0.005 0.007 0.005 0.007 0.004 0.002 0.007 0.002 0.011 
412      400    (0)    5 :  0.004 0.003 0.002 0.024 0.015 0.007 0.008 0.010 0.007 0.014 0.007 0.002 0.886 0.001 0.011 
413      401    (0)    5 :  0.005 0.006 0.002 0.061 0.053 0.013 0.010 0.007 0.013 0.010 0.009 0.003 0.801 0.004 0.004 
414      402    (0)    5 :  0.002 0.003 0.003 0.002 0.003 0.003 0.003 0.003 0.003 0.003 0.003 0.002 0.957 0.003 0.006 
415      403    (0)    5 :  0.013 0.011 0.004 0.268 0.242 0.009 0.011 0.010 0.009 0.026 0.006 0.011 0.361 0.003 0.018 
416      073    (0)    6 :  0.006 0.004 0.002 0.442 0.513 0.004 0.004 0.003 0.004 0.003 0.003 0.002 0.005 0.002 0.005 
417      074    (0)    6 :  0.005 0.004 0.005 0.427 0.496 0.007 0.007 0.002 0.007 0.004 0.021 0.002 0.004 0.006 0.002 
418      075    (0)    6 :  0.006 0.008 0.004 0.426 0.504 0.005 0.006 0.002 0.005 0.008 0.006 0.003 0.009 0.002 0.005 
419      076    (0)    6 :  0.005 0.009 0.006 0.436 0.487 0.006 0.006 0.003 0.006 0.005 0.005 0.004 0.007 0.004 0.011 
420      077    (0)    6 :  0.011 0.009 0.008 0.421 0.493 0.007 0.006 0.006 0.007 0.006 0.005 0.003 0.011 0.001 0.005 
421      078    (0)    6 :  0.007 0.010 0.005 0.372 0.455 0.030 0.028 0.004 0.029 0.020 0.016 0.005 0.010 0.003 0.006 
422      079    (0)    6 :  0.006 0.007 0.002 0.414 0.492 0.012 0.011 0.008 0.012 0.007 0.007 0.001 0.012 0.002 0.007 
423      080    (0)    6 :  0.004 0.003 0.016 0.426 0.500 0.006 0.005 0.004 0.006 0.004 0.004 0.002 0.005 0.003 0.012 
424      081    (0)    6 :  0.031 0.012 0.004 0.324 0.489 0.013 0.012 0.005 0.012 0.006 0.013 0.016 0.050 0.004 0.008 
425      082    (0)    6 :  0.003 0.002 0.003 0.466 0.480 0.003 0.003 0.005 0.003 0.004 0.003 0.002 0.017 0.001 0.005 
426      083    (0)    6 :  0.004 0.006 0.002 0.358 0.540 0.009 0.007 0.009 0.009 0.006 0.011 0.003 0.029 0.002 0.006 
427      084    (0)    6 :  0.013 0.007 0.002 0.405 0.470 0.006 0.005 0.002 0.005 0.004 0.057 0.006 0.013 0.003 0.003 
428      085    (0)    6 :  0.024 0.280 0.003 0.211 0.327 0.014 0.016 0.018 0.014 0.011 0.012 0.015 0.047 0.002 0.007 
429      404    (0)    6 :  0.007 0.004 0.003 0.414 0.515 0.004 0.005 0.003 0.005 0.005 0.014 0.003 0.011 0.001 0.006 
430      405    (0)    6 :  0.010 0.005 0.002 0.420 0.515 0.005 0.006 0.002 0.005 0.005 0.006 0.010 0.006 0.002 0.004 
431      406    (0)    6 :  0.003 0.005 0.003 0.419 0.499 0.009 0.009 0.006 0.009 0.006 0.009 0.008 0.004 0.005 0.006 
432      407    (0)    6 :  0.006 0.010 0.003 0.392 0.472 0.006 0.005 0.002 0.005 0.004 0.005 0.003 0.081 0.001 0.003 
433      408    (0)    6 :  0.004 0.005 0.005 0.427 0.524 0.005 0.005 0.003 0.005 0.003 0.005 0.002 0.004 0.001 0.004 
434      411    (2)    6 :  0.004 0.003 0.003 0.433 0.528 0.003 0.003 0.003 0.003 0.003 0.004 0.002 0.006 0.001 0.002 
435      412    (0)    6 :  0.013 0.014 0.006 0.359 0.512 0.009 0.008 0.007 0.008 0.006 0.006 0.005 0.009 0.027 0.011 
436      413    (0)    6 :  0.004 0.005 0.002 0.420 0.521 0.006 0.005 0.002 0.006 0.005 0.005 0.002 0.014 0.001 0.002 
437      591    (0)    7 :  0.009 0.005 0.004 0.007 0.003 0.005 0.005 0.004 0.005 0.007 0.006 0.007 0.003 0.014 0.915 
438      592    (0)    7 :  0.071 0.016 0.005 0.008 0.011 0.007 0.009 0.006 0.008 0.014 0.007 0.002 0.004 0.003 0.829 
439      593    (0)    7 :  0.007 0.005 0.002 0.006 0.011 0.007 0.007 0.005 0.007 0.006 0.006 0.005 0.005 0.002 0.919 
440      594    (0)    7 :  0.041 0.007 0.010 0.025 0.025 0.024 0.020 0.004 0.018 0.024 0.015 0.005 0.009 0.003 0.771 
441      595    (0)    7 :  0.005 0.007 0.011 0.006 0.008 0.023 0.014 0.004 0.018 0.008 0.012 0.004 0.014 0.005 0.861 
442      596    (0)    7 :  0.004 0.005 0.017 0.004 0.005 0.006 0.006 0.007 0.006 0.007 0.005 0.006 0.005 0.002 0.915 
443      597    (0)    7 :  0.007 0.034 0.006 0.015 0.029 0.011 0.009 0.003 0.011 0.008 0.009 0.002 0.025 0.001 0.830 
444      598    (0)    7 :  0.007 0.078 0.027 0.004 0.008 0.049 0.041 0.010 0.051 0.073 0.036 0.002 0.034 0.002 0.578 
445      599    (0)    7 :  0.158 0.019 0.003 0.003 0.018 0.008 0.007 0.005 0.007 0.004 0.006 0.006 0.003 0.003 0.749 
446      600    (0)    7 :  0.004 0.006 0.011 0.003 0.003 0.006 0.005 0.003 0.006 0.006 0.004 0.004 0.008 0.002 0.931 
447      601    (0)    7 :  0.019 0.040 0.002 0.013 0.014 0.015 0.016 0.005 0.016 0.010 0.010 0.002 0.024 0.002 0.811 
448      602    (0)    7 :  0.007 0.017 0.005 0.006 0.005 0.012 0.012 0.005 0.014 0.006 0.009 0.004 0.014 0.004 0.880 
449      603    (0)    7 :  0.068 0.667 0.008 0.007 0.007 0.032 0.026 0.007 0.031 0.012 0.020 0.007 0.004 0.002 0.102 
450      604    (0)    7 :  0.004 0.004 0.008 0.005 0.009 0.012 0.011 0.012 0.013 0.013 0.009 0.002 0.007 0.003 0.889 
451      605    (0)    7 :  0.011 0.008 0.023 0.008 0.006 0.025 0.031 0.004 0.024 0.074 0.013 0.004 0.006 0.020 0.745 
452      606    (0)    7 :  0.011 0.006 0.008 0.004 0.007 0.008 0.009 0.003 0.009 0.011 0.007 0.021 0.003 0.004 0.889 
453      607    (0)    7 :  0.002 0.007 0.008 0.007 0.006 0.006 0.005 0.103 0.005 0.006 0.003 0.003 0.014 0.003 0.823 
454      608    (0)    7 :  0.009 0.009 0.003 0.005 0.005 0.005 0.005 0.017 0.005 0.007 0.005 0.003 0.004 0.001 0.917 
455      609    (0)    7 :  0.005 0.005 0.003 0.003 0.004 0.008 0.009 0.008 0.008 0.008 0.006 0.004 0.004 0.002 0.923 
456      610    (0)    7 :  0.015 0.075 0.009 0.016 0.014 0.104 0.081 0.018 0.109 0.032 0.069 0.003 0.007 0.004 0.442 
457      611    (2)    7 :  0.003 0.005 0.006 0.011 0.011 0.009 0.007 0.022 0.008 0.007 0.010 0.003 0.008 0.002 0.889 
458      612    (0)    7 :  0.008 0.015 0.040 0.006 0.007 0.021 0.012 0.030 0.019 0.012 0.012 0.002 0.066 0.004 0.746 
459      755    (0)    7 :  0.008 0.016 0.044 0.022 0.018 0.029 0.038 0.290 0.030 0.019 0.027 0.002 0.008 0.029 0.419 
460      756    (0)    7 :  0.007 0.010 0.003 0.009 0.019 0.006 0.006 0.014 0.006 0.006 0.007 0.003 0.003 0.002 0.898 
461      757    (0)    7 :  0.009 0.006 0.005 0.007 0.007 0.010 0.012 0.010 0.010 0.015 0.007 0.002 0.005 0.003 0.891 
462      002    (0)    8 :  0.004 0.015 0.002 0.316 0.274 0.008 0.006 0.005 0.007 0.008 0.013 0.003 0.330 0.004 0.005 
463      099    (2)    8 :  0.067 0.004 0.043 0.006 0.005 0.030 0.028 0.015 0.031 0.017 0.022 0.004 0.005 0.715 0.009 
464      641    (2)    8 :  0.010 0.012 0.004 0.086 0.125 0.115 0.100 0.024 0.107 0.057 0.060 0.014 0.215 0.015 0.055 
465      642    (0)    8 :  0.017 0.009 0.003 0.443 0.452 0.007 0.008 0.004 0.008 0.013 0.008 0.003 0.004 0.003 0.018 
466      643    (2)    8 :  0.016 0.022 0.003 0.429 0.398 0.012 0.017 0.004 0.012 0.039 0.013 0.002 0.006 0.003 0.023 
467      644    (0)    8 :  0.018 0.013 0.009 0.419 0.456 0.009 0.010 0.008 0.008 0.013 0.007 0.004 0.016 0.003 0.006 
468      645    (0)    8 :  0.016 0.019 0.003 0.245 0.238 0.027 0.059 0.127 0.027 0.128 0.026 0.039 0.011 0.002 0.033 
469      646    (0)    8 :  0.006 0.084 0.009 0.042 0.038 0.057 0.065 0.161 0.062 0.049 0.031 0.010 0.371 0.004 0.012 
470      006    (0)    9 :  0.006 0.008 0.003 0.478 0.122 0.020 0.021 0.006 0.020 0.008 0.287 0.003 0.007 0.005 0.005 
471      011    (0)    9 :  0.004 0.003 0.003 0.453 0.508 0.003 0.003 0.002 0.003 0.003 0.006 0.002 0.003 0.001 0.003 
472      033    (2)    9 :  0.004 0.027 0.002 0.429 0.182 0.006 0.007 0.004 0.006 0.004 0.289 0.003 0.015 0.001 0.021 
473      048    (0)    9 :  0.290 0.017 0.004 0.284 0.271 0.020 0.016 0.006 0.017 0.008 0.032 0.008 0.010 0.002 0.014 
474      061    (0)    9 :  0.002 0.002 0.002 0.529 0.012 0.003 0.006 0.003 0.003 0.002 0.427 0.004 0.002 0.001 0.002 
475      088    (0)    9 :  0.018 0.010 0.007 0.445 0.422 0.011 0.013 0.003 0.012 0.011 0.018 0.005 0.012 0.002 0.011 
476      091    (0)    9 :  0.003 0.003 0.004 0.519 0.030 0.004 0.006 0.006 0.004 0.003 0.407 0.002 0.003 0.001 0.004 
477      098    (0)    9 :  0.019 0.007 0.003 0.454 0.443 0.006 0.005 0.006 0.005 0.004 0.007 0.012 0.010 0.001 0.016 
478      104    (0)    9 :  0.004 0.003 0.002 0.468 0.472 0.003 0.003 0.002 0.003 0.002 0.003 0.002 0.029 0.001 0.002 
479      196    (0)    9 :  0.010 0.006 0.005 0.484 0.182 0.005 0.006 0.002 0.005 0.006 0.256 0.005 0.016 0.002 0.009 
480      197    (0)    9 :  0.010 0.026 0.016 0.365 0.308 0.029 0.022 0.003 0.028 0.012 0.136 0.008 0.021 0.003 0.013 
481      201    (0)    9 :  0.005 0.005 0.001 0.427 0.245 0.005 0.006 0.002 0.006 0.011 0.268 0.001 0.011 0.001 0.006 
482      202    (0)    9 :  0.024 0.014 0.012 0.411 0.421 0.014 0.012 0.002 0.013 0.010 0.021 0.020 0.014 0.009 0.005 
483      204    (0)    9 :  0.006 0.011 0.002 0.439 0.304 0.004 0.004 0.009 0.003 0.004 0.179 0.002 0.028 0.001 0.003 
484      231    (0)    9 :  0.014 0.017 0.004 0.361 0.488 0.005 0.005 0.008 0.005 0.005 0.007 0.001 0.068 0.001 0.010 
485      328    (0)    9 :  0.005 0.007 0.002 0.483 0.368 0.004 0.004 0.002 0.004 0.005 0.103 0.005 0.003 0.001 0.005 
486      346    (0)    9 :  0.004 0.003 0.007 0.491 0.321 0.004 0.004 0.003 0.005 0.004 0.135 0.003 0.006 0.002 0.007 


Estimated Allele Frequencies in each cluster
First column gives estimated ancestral frequencies


Locus 1 : 1 
4 alleles
0.0% missing data
  89   (0.532) 0.588 0.474 0.641 0.657 0.626 0.547 0.547 0.819 0.549 0.508 0.619 0.066 0.285 0.294 0.551 
  91   (0.384) 0.341 0.503 0.312 0.322 0.266 0.374 0.369 0.161 0.376 0.432 0.337 0.707 0.588 0.668 0.432 
  93   (0.068) 0.055 0.016 0.046 0.020 0.107 0.065 0.058 0.015 0.061 0.054 0.037 0.097 0.125 0.036 0.014 
  99   (0.016) 0.016 0.007 0.001 0.001 0.001 0.014 0.025 0.005 0.014 0.006 0.008 0.130 0.001 0.001 0.003 

Locus 2 : 2 
6 alleles
1.0% missing data
 136   (0.352) 0.058 0.180 0.458 0.341 0.495 0.356 0.358 0.147 0.359 0.510 0.260 0.189 0.723 0.451 0.414 
 134   (0.233) 0.266 0.223 0.379 0.179 0.128 0.211 0.210 0.666 0.211 0.209 0.207 0.027 0.165 0.196 0.402 
 138   (0.300) 0.511 0.470 0.155 0.238 0.310 0.321 0.321 0.130 0.317 0.202 0.283 0.771 0.099 0.220 0.150 
 140   (0.068) 0.038 0.059 0.004 0.238 0.064 0.064 0.059 0.018 0.067 0.046 0.223 0.008 0.008 0.122 0.016 
 132   (0.020) 0.002 0.005 0.001 0.001 0.001 0.029 0.033 0.004 0.028 0.011 0.016 0.002 0.002 0.001 0.003 
 142   (0.027) 0.125 0.063 0.002 0.002 0.001 0.018 0.019 0.035 0.019 0.023 0.012 0.003 0.002 0.010 0.014 

Locus 3 : 3 
6 alleles
0.0% missing data
 181   (0.253) 0.417 0.141 0.067 0.163 0.197 0.259 0.230 0.353 0.257 0.199 0.178 0.180 0.092 0.073 0.402 
 187   (0.347) 0.154 0.329 0.259 0.581 0.585 0.359 0.340 0.123 0.361 0.356 0.489 0.775 0.542 0.344 0.166 
 179   (0.244) 0.199 0.310 0.015 0.233 0.198 0.239 0.279 0.336 0.241 0.281 0.244 0.029 0.350 0.052 0.398 
 191   (0.032) 0.009 0.007 0.198 0.015 0.014 0.033 0.028 0.009 0.030 0.014 0.018 0.004 0.003 0.009 0.006 
 185   (0.075) 0.091 0.088 0.457 0.005 0.004 0.071 0.075 0.132 0.072 0.063 0.044 0.008 0.008 0.285 0.019 
 175   (0.049) 0.130 0.124 0.003 0.003 0.002 0.039 0.047 0.046 0.039 0.088 0.026 0.005 0.004 0.237 0.009 

Locus 4 : 4 
12 alleles
0.2% missing data
 253   (0.489) 0.522 0.515 0.463 0.716 0.645 0.506 0.535 0.629 0.505 0.516 0.557 0.598 0.432 0.170 0.610 
 249   (0.028) 0.003 0.005 0.002 0.189 0.035 0.025 0.019 0.005 0.024 0.012 0.150 0.004 0.019 0.066 0.005 
 271   (0.042) 0.005 0.030 0.003 0.020 0.017 0.040 0.038 0.011 0.040 0.031 0.024 0.005 0.051 0.110 0.009 
 241   (0.155) 0.139 0.173 0.150 0.020 0.040 0.148 0.134 0.098 0.148 0.173 0.092 0.182 0.378 0.527 0.147 
 257   (0.006) 0.001 0.002 0.000 0.000 0.000 0.004 0.003 0.001 0.004 0.005 0.003 0.001 0.003 0.000 0.001 
 269   (0.174) 0.281 0.219 0.100 0.048 0.259 0.177 0.160 0.230 0.176 0.158 0.108 0.201 0.092 0.031 0.184 
 247   (0.065) 0.044 0.039 0.280 0.005 0.003 0.073 0.085 0.018 0.076 0.061 0.049 0.007 0.007 0.027 0.034 
 245   (0.009) 0.001 0.002 0.001 0.000 0.000 0.006 0.004 0.001 0.006 0.003 0.004 0.001 0.001 0.066 0.001 
 239   (0.011) 0.001 0.002 0.001 0.001 0.000 0.009 0.009 0.003 0.009 0.018 0.005 0.001 0.001 0.001 0.004 
 273   (0.007) 0.001 0.001 0.000 0.000 0.000 0.005 0.007 0.001 0.005 0.019 0.003 0.001 0.001 0.001 0.001 
 267   (0.006) 0.001 0.001 0.000 0.000 0.000 0.004 0.003 0.002 0.004 0.002 0.002 0.001 0.014 0.000 0.001 
 255   (0.006) 0.001 0.011 0.000 0.000 0.000 0.004 0.003 0.001 0.004 0.002 0.002 0.001 0.001 0.000 0.002 

Locus 5 : 5 
6 alleles
0.6% missing data
 103   (0.850) 0.968 0.916 0.978 0.987 0.990 0.831 0.816 0.950 0.826 0.848 0.896 0.982 0.962 0.737 0.927 
 104   (0.063) 0.019 0.044 0.004 0.007 0.006 0.081 0.099 0.028 0.083 0.060 0.045 0.008 0.030 0.072 0.027 
 101   (0.009) 0.001 0.003 0.013 0.001 0.000 0.007 0.005 0.005 0.007 0.004 0.004 0.001 0.001 0.001 0.002 
 105   (0.047) 0.008 0.026 0.003 0.003 0.002 0.051 0.058 0.011 0.052 0.069 0.035 0.005 0.005 0.165 0.036 
 102   (0.015) 0.002 0.008 0.001 0.001 0.001 0.018 0.012 0.003 0.018 0.009 0.012 0.002 0.001 0.001 0.005 
 107   (0.015) 0.002 0.003 0.001 0.001 0.001 0.012 0.010 0.002 0.013 0.010 0.009 0.001 0.001 0.025 0.003 

Locus 6 : 6 
5 alleles
0.2% missing data
 141   (0.275) 0.177 0.323 0.132 0.720 0.545 0.257 0.280 0.773 0.259 0.214 0.507 0.031 0.302 0.112 0.304 
 145   (0.397) 0.637 0.458 0.261 0.123 0.194 0.441 0.419 0.138 0.439 0.506 0.278 0.410 0.122 0.023 0.449 
 135   (0.236) 0.174 0.185 0.288 0.141 0.169 0.220 0.233 0.068 0.221 0.208 0.160 0.548 0.365 0.635 0.138 
 147   (0.081) 0.011 0.032 0.318 0.015 0.091 0.074 0.060 0.018 0.073 0.060 0.049 0.010 0.209 0.127 0.108 
 137   (0.011) 0.002 0.002 0.001 0.001 0.001 0.007 0.007 0.002 0.008 0.012 0.005 0.001 0.002 0.103 0.002 

Locus 7 : 7 
10 alleles
1.2% missing data
  93   (0.227) 0.275 0.331 0.066 0.478 0.320 0.195 0.202 0.309 0.196 0.253 0.383 0.795 0.401 0.114 0.212 
 103   (0.302) 0.352 0.365 0.513 0.225 0.472 0.329 0.334 0.127 0.331 0.302 0.212 0.041 0.270 0.018 0.530 
  91   (0.070) 0.041 0.018 0.156 0.018 0.041 0.069 0.059 0.061 0.069 0.062 0.044 0.010 0.008 0.060 0.044 
  97   (0.193) 0.191 0.050 0.252 0.102 0.122 0.206 0.187 0.239 0.204 0.136 0.126 0.128 0.175 0.263 0.158 
  85   (0.045) 0.051 0.013 0.003 0.028 0.027 0.045 0.042 0.010 0.044 0.049 0.033 0.006 0.009 0.003 0.014 
  89   (0.081) 0.055 0.190 0.005 0.144 0.015 0.066 0.058 0.238 0.066 0.068 0.149 0.011 0.129 0.300 0.029 
  83   (0.048) 0.032 0.026 0.003 0.003 0.002 0.060 0.094 0.010 0.062 0.116 0.038 0.006 0.004 0.003 0.009 
 105   (0.014) 0.002 0.003 0.001 0.001 0.001 0.014 0.013 0.003 0.014 0.006 0.008 0.002 0.001 0.089 0.002 
 101   (0.009) 0.001 0.002 0.001 0.000 0.000 0.008 0.006 0.002 0.008 0.004 0.004 0.001 0.001 0.125 0.001 
  99   (0.010) 0.001 0.002 0.001 0.001 0.000 0.008 0.006 0.002 0.007 0.003 0.004 0.001 0.001 0.025 0.001 

Locus 8 : 8 
8 alleles
0.0% missing data
 129   (0.551) 0.709 0.739 0.639 0.685 0.703 0.582 0.558 0.463 0.579 0.622 0.608 0.199 0.472 0.302 0.408 
 141   (0.055) 0.011 0.026 0.215 0.056 0.072 0.047 0.044 0.011 0.048 0.028 0.033 0.006 0.149 0.003 0.093 
 149   (0.081) 0.055 0.078 0.013 0.074 0.149 0.072 0.081 0.277 0.074 0.060 0.046 0.009 0.027 0.302 0.018 
 143   (0.259) 0.210 0.143 0.130 0.182 0.073 0.253 0.276 0.209 0.253 0.252 0.283 0.700 0.347 0.297 0.472 
 127   (0.018) 0.002 0.004 0.001 0.001 0.001 0.016 0.012 0.003 0.016 0.008 0.011 0.046 0.002 0.094 0.003 
 131   (0.012) 0.010 0.002 0.002 0.001 0.001 0.009 0.006 0.003 0.008 0.004 0.006 0.039 0.001 0.001 0.002 
 133   (0.017) 0.002 0.007 0.001 0.001 0.001 0.016 0.020 0.032 0.016 0.020 0.010 0.002 0.002 0.001 0.003 
 145   (0.006) 0.001 0.001 0.000 0.000 0.000 0.005 0.004 0.001 0.005 0.005 0.003 0.001 0.001 0.000 0.001 

Locus 9 : 9 
5 alleles
0.0% missing data
 191   (0.394) 0.336 0.180 0.543 0.703 0.576 0.393 0.402 0.582 0.391 0.362 0.584 0.339 0.589 0.339 0.474 
 195   (0.145) 0.374 0.074 0.052 0.103 0.211 0.129 0.145 0.034 0.129 0.128 0.084 0.354 0.037 0.330 0.244 
 189   (0.447) 0.288 0.744 0.404 0.192 0.211 0.471 0.445 0.381 0.472 0.497 0.327 0.305 0.373 0.330 0.280 
 197   (0.006) 0.001 0.001 0.000 0.000 0.000 0.004 0.005 0.001 0.004 0.010 0.002 0.001 0.001 0.000 0.001 
 193   (0.006) 0.001 0.001 0.000 0.002 0.002 0.004 0.003 0.002 0.004 0.002 0.002 0.001 0.001 0.000 0.001 

Locus 10 : 10 
7 alleles
0.4% missing data
 232   (0.247) 0.200 0.076 0.277 0.452 0.220 0.269 0.271 0.065 0.269 0.292 0.405 0.218 0.368 0.126 0.153 
 238   (0.560) 0.715 0.863 0.343 0.336 0.661 0.556 0.548 0.836 0.557 0.505 0.376 0.368 0.452 0.747 0.671 
 252   (0.108) 0.074 0.044 0.033 0.198 0.099 0.095 0.117 0.083 0.095 0.146 0.166 0.016 0.172 0.014 0.123 
 254   (0.048) 0.006 0.010 0.264 0.012 0.018 0.041 0.037 0.010 0.041 0.036 0.031 0.393 0.005 0.081 0.047 
 248   (0.018) 0.002 0.003 0.083 0.001 0.001 0.018 0.012 0.003 0.019 0.010 0.011 0.002 0.002 0.001 0.003 
 250   (0.014) 0.002 0.002 0.001 0.001 0.001 0.015 0.012 0.002 0.014 0.007 0.007 0.002 0.001 0.029 0.002 
 236   (0.006) 0.001 0.001 0.001 0.000 0.000 0.005 0.004 0.001 0.005 0.003 0.003 0.001 0.001 0.000 0.002 

Locus 11 : 11 
4 alleles
0.0% missing data
  87   (0.690) 0.863 0.787 0.534 0.500 0.616 0.700 0.709 0.864 0.701 0.690 0.548 0.964 0.568 0.497 0.643 
  89   (0.241) 0.108 0.192 0.384 0.455 0.352 0.245 0.230 0.087 0.245 0.221 0.412 0.028 0.360 0.153 0.344 
  91   (0.053) 0.027 0.018 0.081 0.044 0.032 0.042 0.049 0.014 0.042 0.074 0.032 0.006 0.070 0.182 0.010 
  85   (0.016) 0.002 0.003 0.001 0.001 0.001 0.013 0.012 0.035 0.012 0.015 0.008 0.002 0.001 0.169 0.003 

Locus 12 : 12 
13 alleles
0.4% missing data
 160   (0.216) 0.287 0.247 0.719 0.065 0.166 0.227 0.192 0.189 0.222 0.212 0.140 0.596 0.192 0.425 0.061 
 162   (0.248) 0.225 0.326 0.231 0.485 0.226 0.243 0.282 0.391 0.244 0.248 0.457 0.066 0.091 0.015 0.480 
 147   (0.051) 0.018 0.068 0.003 0.109 0.107 0.044 0.033 0.014 0.043 0.023 0.073 0.005 0.360 0.003 0.088 
 158   (0.231) 0.231 0.103 0.022 0.305 0.474 0.241 0.239 0.104 0.249 0.277 0.178 0.028 0.319 0.097 0.188 
 161   (0.106) 0.112 0.135 0.016 0.021 0.016 0.094 0.103 0.033 0.094 0.112 0.061 0.117 0.024 0.273 0.151 
 170   (0.051) 0.023 0.058 0.003 0.007 0.008 0.057 0.064 0.013 0.058 0.059 0.033 0.006 0.006 0.028 0.010 
 143   (0.031) 0.004 0.006 0.002 0.002 0.001 0.032 0.040 0.010 0.031 0.036 0.019 0.175 0.003 0.157 0.005 
 154   (0.016) 0.002 0.004 0.001 0.001 0.001 0.021 0.014 0.005 0.022 0.009 0.015 0.002 0.001 0.001 0.006 
 149   (0.019) 0.084 0.004 0.001 0.001 0.001 0.016 0.013 0.236 0.015 0.007 0.009 0.002 0.002 0.001 0.004 
 153   (0.011) 0.001 0.002 0.001 0.001 0.000 0.012 0.010 0.002 0.011 0.010 0.007 0.001 0.001 0.001 0.003 
 150   (0.006) 0.011 0.001 0.000 0.000 0.000 0.004 0.003 0.001 0.004 0.002 0.002 0.001 0.001 0.000 0.001 
 159   (0.007) 0.002 0.045 0.000 0.000 0.000 0.004 0.003 0.001 0.004 0.003 0.003 0.001 0.001 0.000 0.001 
 164   (0.006) 0.001 0.001 0.000 0.000 0.000 0.005 0.003 0.001 0.005 0.002 0.003 0.001 0.001 0.000 0.001 

Locus 13 : 13 
5 alleles
0.0% missing data
 108   (0.203) 0.097 0.128 0.199 0.289 0.152 0.208 0.192 0.053 0.211 0.270 0.286 0.336 0.155 0.297 0.148 
 115   (0.448) 0.543 0.498 0.285 0.532 0.673 0.442 0.453 0.698 0.438 0.455 0.486 0.090 0.295 0.378 0.499 
 113   (0.336) 0.359 0.372 0.515 0.178 0.174 0.340 0.346 0.248 0.340 0.270 0.222 0.572 0.549 0.325 0.351 
 109   (0.006) 0.001 0.001 0.000 0.000 0.000 0.006 0.004 0.001 0.006 0.002 0.003 0.001 0.001 0.000 0.001 
 110   (0.006) 0.001 0.001 0.000 0.000 0.000 0.005 0.005 0.001 0.005 0.002 0.003 0.001 0.001 0.000 0.001 

Locus 14 : 14 
5 alleles
1.2% missing data
 227   (0.138) 0.323 0.306 0.017 0.158 0.251 0.138 0.129 0.064 0.138 0.086 0.107 0.255 0.329 0.008 0.038 
 231   (0.158) 0.025 0.044 0.352 0.066 0.079 0.163 0.146 0.041 0.161 0.153 0.101 0.274 0.104 0.355 0.452 
 229   (0.505) 0.538 0.440 0.416 0.678 0.406 0.506 0.536 0.847 0.511 0.650 0.662 0.094 0.451 0.469 0.290 
 225   (0.135) 0.064 0.191 0.211 0.032 0.184 0.138 0.122 0.033 0.136 0.080 0.086 0.225 0.023 0.059 0.147 
 233   (0.065) 0.050 0.019 0.004 0.066 0.079 0.055 0.066 0.016 0.054 0.031 0.044 0.153 0.093 0.108 0.073 

Locus 15 : 15 
5 alleles
0.4% missing data
 143   (0.841) 0.840 0.939 0.816 0.977 0.959 0.840 0.858 0.931 0.838 0.871 0.900 0.720 0.976 0.621 0.874 
 157   (0.008) 0.001 0.001 0.000 0.010 0.011 0.004 0.003 0.001 0.004 0.002 0.003 0.001 0.001 0.000 0.002 
 145   (0.088) 0.072 0.041 0.006 0.009 0.027 0.094 0.083 0.054 0.093 0.060 0.057 0.272 0.016 0.183 0.113 
 147   (0.048) 0.086 0.016 0.146 0.003 0.002 0.051 0.043 0.011 0.054 0.033 0.034 0.006 0.005 0.194 0.009 
 133   (0.015) 0.002 0.003 0.032 0.001 0.001 0.011 0.014 0.003 0.011 0.034 0.007 0.001 0.001 0.001 0.003 

Locus 16 : 16 
5 alleles
0.2% missing data
 156   (0.225) 0.258 0.168 0.500 0.253 0.283 0.201 0.239 0.052 0.203 0.356 0.197 0.515 0.074 0.162 0.323 
 158   (0.536) 0.632 0.610 0.199 0.410 0.500 0.563 0.561 0.626 0.560 0.475 0.468 0.252 0.745 0.315 0.472 
 160   (0.143) 0.084 0.173 0.113 0.307 0.175 0.139 0.114 0.297 0.137 0.108 0.275 0.016 0.171 0.119 0.147 
 154   (0.087) 0.018 0.030 0.188 0.029 0.041 0.092 0.081 0.024 0.095 0.059 0.057 0.217 0.010 0.404 0.056 
 152   (0.009) 0.009 0.019 0.001 0.001 0.000 0.005 0.004 0.002 0.005 0.003 0.003 0.001 0.001 0.001 0.001 

Locus 17 : 17 
5 alleles
0.0% missing data
 102   (0.200) 0.129 0.418 0.199 0.169 0.250 0.189 0.188 0.320 0.189 0.115 0.153 0.024 0.166 0.039 0.183 
  90   (0.681) 0.848 0.544 0.793 0.666 0.729 0.677 0.680 0.398 0.674 0.787 0.647 0.577 0.807 0.324 0.794 
  88   (0.070) 0.009 0.021 0.005 0.162 0.019 0.079 0.078 0.272 0.078 0.043 0.163 0.007 0.022 0.465 0.013 
 100   (0.042) 0.007 0.013 0.003 0.003 0.002 0.051 0.052 0.008 0.055 0.053 0.034 0.390 0.004 0.171 0.009 
 104   (0.007) 0.007 0.003 0.000 0.000 0.000 0.004 0.003 0.001 0.004 0.002 0.002 0.001 0.001 0.000 0.001 

Locus 18 : 18 
7 alleles
0.0% missing data
 142   (0.126) 0.072 0.062 0.008 0.604 0.420 0.126 0.151 0.083 0.124 0.164 0.412 0.015 0.388 0.018 0.024 
 146   (0.077) 0.015 0.239 0.226 0.091 0.254 0.064 0.083 0.101 0.065 0.060 0.050 0.008 0.021 0.004 0.081 
 140   (0.288) 0.278 0.217 0.178 0.074 0.068 0.299 0.262 0.505 0.304 0.253 0.198 0.276 0.428 0.298 0.503 
 127   (0.303) 0.330 0.288 0.059 0.165 0.183 0.323 0.323 0.198 0.319 0.385 0.212 0.548 0.086 0.385 0.231 
 148   (0.098) 0.066 0.132 0.217 0.051 0.032 0.092 0.075 0.027 0.093 0.048 0.067 0.011 0.048 0.067 0.116 
 150   (0.053) 0.194 0.032 0.309 0.004 0.002 0.045 0.063 0.069 0.045 0.051 0.027 0.005 0.005 0.224 0.012 
 138   (0.055) 0.045 0.030 0.004 0.011 0.040 0.052 0.043 0.017 0.051 0.040 0.035 0.137 0.022 0.003 0.033 

Locus 19 : 19 
8 alleles
0.2% missing data
 188   (0.179) 0.195 0.094 0.170 0.344 0.064 0.194 0.197 0.044 0.197 0.193 0.355 0.019 0.175 0.011 0.067 
 190   (0.124) 0.229 0.074 0.199 0.187 0.492 0.095 0.087 0.384 0.096 0.101 0.060 0.013 0.323 0.041 0.241 
 194   (0.579) 0.540 0.566 0.480 0.463 0.438 0.593 0.608 0.195 0.592 0.623 0.518 0.956 0.490 0.555 0.601 
 202   (0.017) 0.002 0.003 0.144 0.001 0.001 0.014 0.011 0.003 0.013 0.007 0.008 0.002 0.001 0.042 0.003 
 200   (0.081) 0.031 0.259 0.005 0.005 0.004 0.091 0.086 0.370 0.089 0.063 0.051 0.008 0.008 0.313 0.080 
 192   (0.006) 0.001 0.001 0.000 0.000 0.000 0.005 0.004 0.001 0.005 0.003 0.003 0.001 0.001 0.000 0.004 
 196   (0.006) 0.001 0.001 0.000 0.000 0.000 0.004 0.004 0.001 0.004 0.008 0.003 0.001 0.001 0.000 0.001 
 198   (0.007) 0.001 0.001 0.000 0.000 0.000 0.004 0.003 0.001 0.004 0.002 0.002 0.001 0.001 0.038 0.001 

Locus 20 : 20 
6 alleles
0.8% missing data
 252   (0.696) 0.747 0.825 0.729 0.821 0.880 0.721 0.746 0.554 0.724 0.805 0.766 0.384 0.703 0.075 0.742 
 250   (0.085) 0.092 0.029 0.140 0.064 0.058 0.079 0.061 0.132 0.076 0.039 0.046 0.348 0.049 0.427 0.071 
 244   (0.023) 0.006 0.007 0.001 0.080 0.023 0.016 0.013 0.006 0.016 0.011 0.071 0.005 0.002 0.047 0.007 
 254   (0.080) 0.095 0.104 0.081 0.020 0.027 0.064 0.073 0.019 0.065 0.065 0.042 0.101 0.010 0.243 0.055 
 246   (0.093) 0.057 0.026 0.047 0.008 0.006 0.087 0.076 0.285 0.086 0.066 0.055 0.160 0.232 0.207 0.120 
 248   (0.022) 0.003 0.010 0.001 0.007 0.006 0.033 0.031 0.004 0.034 0.015 0.020 0.002 0.003 0.001 0.004 

Locus 21 : 21 
7 alleles
0.2% missing data
 173   (0.290) 0.583 0.475 0.212 0.254 0.387 0.265 0.293 0.072 0.260 0.324 0.219 0.121 0.145 0.209 0.315 
 177   (0.268) 0.232 0.240 0.169 0.243 0.221 0.288 0.289 0.504 0.297 0.235 0.247 0.273 0.644 0.042 0.082 
 175   (0.139) 0.074 0.087 0.257 0.019 0.045 0.127 0.120 0.040 0.128 0.128 0.085 0.483 0.022 0.502 0.321 
 167   (0.197) 0.092 0.167 0.123 0.477 0.314 0.196 0.197 0.097 0.193 0.247 0.379 0.111 0.174 0.069 0.144 
 163   (0.039) 0.010 0.011 0.227 0.004 0.003 0.039 0.033 0.008 0.039 0.027 0.022 0.004 0.004 0.107 0.016 
 165   (0.048) 0.006 0.013 0.012 0.003 0.028 0.051 0.045 0.274 0.051 0.028 0.031 0.006 0.008 0.070 0.119 
 159   (0.019) 0.002 0.007 0.001 0.001 0.001 0.034 0.023 0.004 0.033 0.012 0.017 0.002 0.002 0.001 0.003 

Locus 22 : 22 
11 alleles
0.6% missing data
 146   (0.233) 0.262 0.340 0.139 0.556 0.151 0.236 0.260 0.295 0.235 0.209 0.489 0.072 0.214 0.014 0.169 
 154   (0.008) 0.001 0.001 0.000 0.040 0.040 0.005 0.003 0.001 0.004 0.002 0.002 0.001 0.002 0.000 0.001 
 166   (0.089) 0.023 0.038 0.005 0.023 0.020 0.107 0.100 0.023 0.107 0.058 0.071 0.113 0.270 0.005 0.078 
 152   (0.421) 0.642 0.536 0.368 0.346 0.760 0.407 0.398 0.589 0.409 0.525 0.290 0.504 0.442 0.101 0.506 
 150   (0.030) 0.005 0.017 0.002 0.006 0.005 0.028 0.037 0.007 0.029 0.014 0.017 0.111 0.009 0.103 0.005 
 164   (0.035) 0.006 0.011 0.002 0.008 0.008 0.028 0.024 0.008 0.029 0.029 0.018 0.005 0.044 0.067 0.056 
 156   (0.019) 0.018 0.004 0.300 0.001 0.001 0.013 0.009 0.004 0.013 0.006 0.008 0.002 0.002 0.113 0.004 
 162   (0.052) 0.011 0.026 0.072 0.003 0.002 0.060 0.052 0.021 0.058 0.043 0.033 0.007 0.005 0.138 0.047 
 158   (0.088) 0.019 0.021 0.109 0.015 0.012 0.096 0.095 0.048 0.095 0.103 0.059 0.011 0.010 0.431 0.130 
 148   (0.009) 0.001 0.001 0.000 0.000 0.000 0.006 0.004 0.001 0.006 0.004 0.004 0.173 0.001 0.000 0.001 
 142   (0.016) 0.013 0.004 0.001 0.001 0.001 0.015 0.018 0.003 0.014 0.006 0.008 0.002 0.001 0.027 0.003 

Locus 23 : 23 
7 alleles
0.8% missing data
 152   (0.013) 0.002 0.004 0.001 0.036 0.033 0.008 0.005 0.002 0.008 0.004 0.005 0.001 0.092 0.001 0.002 
 156   (0.120) 0.047 0.044 0.030 0.028 0.023 0.121 0.146 0.029 0.125 0.226 0.075 0.014 0.093 0.431 0.124 
 144   (0.178) 0.299 0.184 0.641 0.114 0.131 0.169 0.145 0.054 0.166 0.121 0.105 0.605 0.152 0.245 0.193 
 160   (0.106) 0.115 0.124 0.105 0.097 0.151 0.098 0.076 0.310 0.099 0.060 0.062 0.013 0.305 0.012 0.138 
 154   (0.546) 0.534 0.634 0.221 0.712 0.653 0.567 0.596 0.597 0.565 0.569 0.716 0.362 0.354 0.173 0.531 
 158   (0.028) 0.004 0.009 0.002 0.014 0.008 0.029 0.026 0.006 0.031 0.014 0.032 0.003 0.003 0.138 0.010 
 146   (0.008) 0.001 0.001 0.000 0.000 0.000 0.007 0.005 0.001 0.007 0.005 0.005 0.001 0.001 0.000 0.001 

Locus 24 : 24 
4 alleles
0.4% missing data
  77   (0.082) 0.056 0.146 0.049 0.192 0.232 0.068 0.062 0.035 0.068 0.096 0.053 0.009 0.020 0.005 0.084 
  83   (0.466) 0.478 0.345 0.920 0.327 0.595 0.459 0.435 0.741 0.454 0.408 0.356 0.688 0.586 0.587 0.599 
  81   (0.369) 0.346 0.442 0.025 0.460 0.159 0.394 0.413 0.202 0.398 0.362 0.537 0.293 0.361 0.379 0.273 
  85   (0.083) 0.120 0.067 0.006 0.021 0.014 0.079 0.089 0.021 0.080 0.133 0.053 0.009 0.033 0.029 0.043 

Locus 25 : 25 
6 alleles
0.4% missing data
 132   (0.316) 0.352 0.257 0.454 0.716 0.554 0.334 0.325 0.222 0.333 0.249 0.576 0.180 0.114 0.021 0.452 
 124   (0.533) 0.516 0.583 0.536 0.236 0.362 0.524 0.548 0.739 0.525 0.674 0.328 0.415 0.849 0.469 0.422 
 126   (0.026) 0.003 0.005 0.002 0.027 0.070 0.020 0.014 0.005 0.021 0.011 0.014 0.003 0.022 0.011 0.005 
 122   (0.093) 0.125 0.147 0.006 0.020 0.012 0.093 0.092 0.027 0.093 0.051 0.064 0.107 0.010 0.474 0.101 
 120   (0.019) 0.002 0.004 0.001 0.001 0.001 0.015 0.012 0.003 0.016 0.009 0.009 0.293 0.002 0.022 0.004 
 136   (0.014) 0.002 0.004 0.001 0.001 0.001 0.013 0.010 0.003 0.013 0.006 0.008 0.002 0.002 0.002 0.015 

Locus 26 : 26 
7 alleles
0.2% missing data
 165   (0.244) 0.292 0.223 0.054 0.418 0.079 0.243 0.232 0.207 0.244 0.225 0.435 0.323 0.155 0.115 0.340 
 183   (0.357) 0.333 0.250 0.423 0.363 0.676 0.361 0.337 0.625 0.359 0.339 0.292 0.294 0.455 0.211 0.459 
 179   (0.085) 0.024 0.172 0.005 0.040 0.035 0.078 0.070 0.048 0.078 0.069 0.052 0.344 0.098 0.281 0.018 
 175   (0.245) 0.344 0.331 0.452 0.175 0.208 0.251 0.288 0.108 0.251 0.226 0.178 0.031 0.285 0.015 0.155 
 181   (0.052) 0.006 0.021 0.065 0.003 0.002 0.056 0.064 0.010 0.055 0.135 0.035 0.007 0.005 0.263 0.026 
 185   (0.010) 0.001 0.002 0.001 0.001 0.000 0.007 0.005 0.002 0.007 0.004 0.004 0.001 0.001 0.114 0.002 
 157   (0.006) 0.001 0.001 0.000 0.000 0.000 0.005 0.003 0.001 0.005 0.002 0.004 0.001 0.001 0.000 0.001 

Locus 27 : 27 
4 alleles
0.2% missing data
 142   (0.642) 0.806 0.662 0.742 0.524 0.671 0.660 0.655 0.722 0.662 0.607 0.524 0.307 0.601 0.522 0.680 
 148   (0.204) 0.103 0.120 0.065 0.226 0.082 0.202 0.205 0.053 0.202 0.224 0.283 0.675 0.187 0.267 0.250 
 138   (0.047) 0.019 0.015 0.003 0.238 0.235 0.038 0.029 0.024 0.037 0.024 0.130 0.006 0.199 0.048 0.017 
 150   (0.107) 0.072 0.204 0.189 0.011 0.012 0.100 0.112 0.201 0.099 0.145 0.063 0.012 0.012 0.163 0.053 

Locus 28 : 28 
6 alleles
0.8% missing data
 260   (0.385) 0.509 0.518 0.378 0.277 0.493 0.408 0.392 0.489 0.410 0.259 0.353 0.134 0.515 0.219 0.297 
 262   (0.509) 0.383 0.405 0.548 0.713 0.499 0.484 0.519 0.483 0.483 0.644 0.582 0.852 0.474 0.694 0.661 
 256   (0.075) 0.065 0.068 0.072 0.008 0.006 0.080 0.065 0.022 0.080 0.071 0.049 0.010 0.008 0.086 0.037 
 258   (0.010) 0.001 0.002 0.001 0.001 0.000 0.012 0.010 0.002 0.011 0.005 0.007 0.001 0.001 0.001 0.002 
 266   (0.006) 0.009 0.002 0.000 0.000 0.000 0.004 0.003 0.001 0.004 0.002 0.002 0.001 0.001 0.000 0.001 
 264   (0.015) 0.034 0.006 0.001 0.001 0.001 0.011 0.011 0.003 0.012 0.020 0.007 0.001 0.001 0.001 0.002 

Locus 29 : 29 
7 alleles
0.2% missing data
 146   (0.282) 0.264 0.199 0.334 0.111 0.239 0.305 0.276 0.457 0.308 0.274 0.205 0.035 0.315 0.325 0.347 
 150   (0.436) 0.515 0.565 0.289 0.435 0.646 0.429 0.488 0.179 0.430 0.550 0.322 0.141 0.416 0.240 0.406 
 140   (0.175) 0.146 0.208 0.056 0.392 0.087 0.172 0.155 0.124 0.169 0.125 0.396 0.813 0.030 0.389 0.169 
 148   (0.062) 0.032 0.016 0.317 0.053 0.022 0.051 0.043 0.152 0.052 0.029 0.052 0.007 0.227 0.035 0.051 
 152   (0.028) 0.041 0.007 0.002 0.003 0.001 0.033 0.030 0.066 0.031 0.016 0.018 0.003 0.003 0.010 0.005 
 151   (0.009) 0.001 0.003 0.001 0.005 0.003 0.006 0.005 0.007 0.006 0.003 0.004 0.001 0.007 0.001 0.002 
 142   (0.008) 0.001 0.001 0.000 0.001 0.001 0.005 0.003 0.014 0.004 0.003 0.003 0.001 0.001 0.000 0.019 

Locus 30 : 30 
6 alleles
0.2% missing data
 125   (0.286) 0.071 0.114 0.029 0.565 0.394 0.314 0.306 0.099 0.318 0.344 0.461 0.138 0.288 0.140 0.306 
 129   (0.428) 0.630 0.562 0.786 0.371 0.563 0.411 0.410 0.462 0.409 0.396 0.358 0.211 0.654 0.080 0.420 
 123   (0.153) 0.264 0.192 0.102 0.055 0.037 0.148 0.161 0.109 0.146 0.173 0.103 0.018 0.046 0.111 0.111 
 127   (0.085) 0.023 0.064 0.080 0.007 0.004 0.081 0.066 0.321 0.080 0.054 0.052 0.589 0.008 0.528 0.152 
 121   (0.012) 0.002 0.002 0.001 0.001 0.001 0.011 0.009 0.002 0.010 0.006 0.006 0.040 0.001 0.001 0.003 
 131   (0.036) 0.012 0.065 0.002 0.002 0.002 0.035 0.047 0.007 0.036 0.028 0.022 0.004 0.003 0.140 0.007 

Locus 31 : 31 
6 alleles
0.2% missing data
 159   (0.169) 0.274 0.297 0.011 0.115 0.082 0.151 0.172 0.048 0.153 0.253 0.119 0.019 0.109 0.200 0.299 
 155   (0.550) 0.470 0.320 0.708 0.609 0.799 0.582 0.577 0.498 0.580 0.496 0.580 0.523 0.852 0.421 0.421 
 157   (0.179) 0.146 0.315 0.020 0.209 0.059 0.172 0.173 0.432 0.174 0.192 0.225 0.115 0.028 0.062 0.251 
 153   (0.065) 0.104 0.060 0.004 0.062 0.056 0.063 0.053 0.014 0.062 0.034 0.057 0.099 0.007 0.307 0.013 
 151   (0.031) 0.004 0.007 0.256 0.003 0.003 0.028 0.022 0.007 0.027 0.022 0.016 0.243 0.003 0.010 0.014 
 163   (0.006) 0.002 0.002 0.001 0.001 0.001 0.004 0.004 0.001 0.004 0.003 0.003 0.001 0.001 0.000 0.001 

Locus 32 : 32 
5 alleles
0.0% missing data
 146   (0.316) 0.368 0.303 0.313 0.074 0.058 0.339 0.341 0.228 0.339 0.360 0.220 0.583 0.049 0.650 0.266 
 150   (0.572) 0.571 0.649 0.639 0.887 0.861 0.559 0.571 0.407 0.560 0.587 0.718 0.404 0.867 0.252 0.509 
 148   (0.062) 0.011 0.026 0.045 0.036 0.078 0.057 0.039 0.353 0.055 0.025 0.032 0.007 0.078 0.033 0.116 
 154   (0.037) 0.006 0.013 0.002 0.003 0.002 0.035 0.036 0.009 0.037 0.022 0.025 0.004 0.005 0.064 0.106 
 152   (0.012) 0.043 0.009 0.001 0.001 0.001 0.010 0.013 0.003 0.010 0.005 0.006 0.001 0.001 0.001 0.002 

Locus 33 : 33 
7 alleles
0.0% missing data
 180   (0.467) 0.314 0.404 0.671 0.541 0.478 0.484 0.476 0.513 0.481 0.426 0.456 0.699 0.362 0.357 0.525 
 196   (0.111) 0.164 0.134 0.007 0.141 0.228 0.107 0.102 0.025 0.108 0.103 0.119 0.013 0.209 0.026 0.049 
 184   (0.196) 0.399 0.081 0.071 0.287 0.182 0.181 0.172 0.093 0.187 0.208 0.293 0.264 0.118 0.186 0.280 
 194   (0.012) 0.001 0.002 0.001 0.013 0.063 0.007 0.005 0.002 0.007 0.005 0.004 0.001 0.027 0.001 0.002 
 192   (0.133) 0.109 0.260 0.183 0.011 0.007 0.141 0.152 0.348 0.137 0.184 0.080 0.014 0.013 0.165 0.102 
 198   (0.065) 0.009 0.026 0.066 0.006 0.040 0.069 0.083 0.016 0.070 0.059 0.041 0.007 0.268 0.265 0.019 
 190   (0.016) 0.004 0.092 0.001 0.001 0.001 0.010 0.010 0.003 0.010 0.016 0.007 0.001 0.002 0.001 0.023 

Locus 34 : 34 
6 alleles
0.0% missing data
 110   (0.193) 0.064 0.193 0.071 0.287 0.474 0.191 0.170 0.165 0.193 0.132 0.218 0.214 0.166 0.110 0.218 
 112   (0.352) 0.404 0.313 0.057 0.304 0.416 0.382 0.376 0.420 0.376 0.343 0.239 0.040 0.737 0.049 0.297 
 106   (0.272) 0.440 0.369 0.710 0.357 0.061 0.240 0.288 0.161 0.240 0.360 0.395 0.224 0.076 0.248 0.410 
  90   (0.040) 0.006 0.024 0.002 0.040 0.023 0.031 0.033 0.221 0.032 0.036 0.046 0.405 0.006 0.002 0.008 
 108   (0.134) 0.086 0.099 0.113 0.011 0.025 0.148 0.126 0.031 0.152 0.125 0.098 0.116 0.015 0.590 0.066 
  96   (0.010) 0.001 0.002 0.046 0.001 0.000 0.007 0.006 0.003 0.007 0.004 0.004 0.001 0.001 0.001 0.002 

Locus 35 : 35 
9 alleles
0.0% missing data
 166   (0.059) 0.122 0.037 0.004 0.133 0.320 0.046 0.049 0.114 0.046 0.024 0.030 0.007 0.176 0.003 0.055 
 176   (0.100) 0.013 0.026 0.015 0.081 0.107 0.095 0.095 0.035 0.094 0.122 0.064 0.012 0.379 0.097 0.217 
 172   (0.324) 0.441 0.401 0.586 0.446 0.467 0.338 0.347 0.260 0.345 0.233 0.383 0.041 0.208 0.166 0.137 
 170   (0.269) 0.235 0.225 0.324 0.318 0.086 0.257 0.231 0.203 0.254 0.256 0.356 0.613 0.153 0.349 0.518 
 174   (0.131) 0.104 0.244 0.063 0.009 0.013 0.131 0.156 0.361 0.133 0.274 0.088 0.015 0.016 0.042 0.048 
 178   (0.038) 0.025 0.015 0.002 0.009 0.002 0.047 0.039 0.009 0.044 0.028 0.030 0.005 0.061 0.002 0.008 
 168   (0.053) 0.018 0.019 0.003 0.003 0.002 0.057 0.065 0.012 0.058 0.052 0.034 0.304 0.005 0.319 0.013 
 186   (0.020) 0.042 0.030 0.001 0.001 0.001 0.022 0.015 0.004 0.021 0.008 0.011 0.002 0.002 0.020 0.003 
 158   (0.007) 0.001 0.001 0.000 0.000 0.000 0.005 0.004 0.001 0.005 0.003 0.004 0.001 0.001 0.000 0.001 

Locus 36 : 36 
6 alleles
0.0% missing data
  89   (0.571) 0.648 0.716 0.509 0.445 0.648 0.593 0.590 0.647 0.589 0.557 0.428 0.374 0.722 0.603 0.499 
  95   (0.062) 0.092 0.056 0.005 0.064 0.058 0.053 0.042 0.016 0.055 0.029 0.054 0.007 0.020 0.027 0.085 
  85   (0.161) 0.177 0.064 0.234 0.240 0.237 0.142 0.161 0.277 0.143 0.199 0.195 0.493 0.219 0.014 0.146 
  81   (0.061) 0.018 0.033 0.004 0.007 0.005 0.065 0.075 0.016 0.064 0.120 0.042 0.008 0.006 0.004 0.176 
  83   (0.126) 0.057 0.127 0.247 0.242 0.051 0.131 0.119 0.040 0.135 0.087 0.271 0.014 0.031 0.326 0.090 
  91   (0.019) 0.008 0.004 0.001 0.001 0.001 0.016 0.012 0.004 0.015 0.007 0.010 0.104 0.002 0.026 0.003 

Locus 37 : 37 
10 alleles
0.0% missing data
 161   (0.351) 0.212 0.304 0.374 0.332 0.552 0.337 0.350 0.425 0.335 0.482 0.230 0.431 0.520 0.707 0.396 
 165   (0.229) 0.299 0.189 0.101 0.127 0.107 0.250 0.235 0.093 0.250 0.170 0.174 0.132 0.285 0.113 0.187 
 159   (0.014) 0.002 0.003 0.001 0.015 0.041 0.011 0.017 0.003 0.011 0.005 0.006 0.001 0.008 0.001 0.002 
 173   (0.254) 0.277 0.358 0.513 0.150 0.135 0.249 0.244 0.414 0.250 0.210 0.208 0.224 0.078 0.170 0.385 
 169   (0.099) 0.146 0.121 0.006 0.369 0.158 0.097 0.107 0.054 0.097 0.105 0.352 0.205 0.104 0.006 0.020 
 167   (0.017) 0.002 0.017 0.002 0.006 0.006 0.016 0.021 0.004 0.016 0.010 0.009 0.002 0.002 0.001 0.003 
 168   (0.010) 0.001 0.002 0.001 0.001 0.000 0.011 0.008 0.002 0.011 0.005 0.008 0.001 0.001 0.001 0.002 
 155   (0.013) 0.002 0.002 0.001 0.001 0.001 0.020 0.012 0.002 0.020 0.009 0.010 0.001 0.001 0.001 0.002 
 177   (0.006) 0.001 0.002 0.000 0.000 0.000 0.005 0.004 0.002 0.005 0.003 0.003 0.001 0.001 0.000 0.001 
 175   (0.007) 0.058 0.001 0.000 0.000 0.000 0.004 0.003 0.001 0.004 0.002 0.002 0.001 0.001 0.000 0.001 

Locus 38 : 38 
6 alleles
0.6% missing data
  87   (0.095) 0.023 0.126 0.128 0.083 0.187 0.075 0.062 0.021 0.075 0.062 0.049 0.553 0.137 0.437 0.111 
  89   (0.441) 0.595 0.461 0.093 0.686 0.524 0.469 0.494 0.401 0.467 0.519 0.599 0.051 0.670 0.227 0.221 
  91   (0.167) 0.053 0.156 0.185 0.150 0.187 0.167 0.181 0.094 0.171 0.169 0.173 0.208 0.026 0.100 0.205 
  81   (0.114) 0.061 0.061 0.116 0.051 0.049 0.115 0.109 0.429 0.116 0.076 0.071 0.013 0.084 0.007 0.218 
  85   (0.177) 0.266 0.194 0.477 0.029 0.043 0.171 0.151 0.053 0.167 0.171 0.106 0.173 0.083 0.228 0.245 
  83   (0.006) 0.001 0.001 0.000 0.001 0.009 0.004 0.003 0.002 0.004 0.002 0.002 0.001 0.001 0.000 0.001 

Locus 39 : 39 
4 alleles
0.6% missing data
 167   (0.784) 0.780 0.844 0.859 0.924 0.881 0.780 0.805 0.796 0.776 0.849 0.841 0.686 0.933 0.394 0.947 
 161   (0.178) 0.160 0.118 0.138 0.070 0.117 0.187 0.158 0.189 0.191 0.131 0.137 0.311 0.063 0.456 0.046 
 165   (0.032) 0.059 0.037 0.002 0.005 0.002 0.027 0.033 0.014 0.028 0.017 0.018 0.003 0.003 0.149 0.006 
 177   (0.006) 0.001 0.002 0.001 0.000 0.000 0.006 0.004 0.001 0.006 0.003 0.004 0.001 0.001 0.000 0.001 

Locus 40 : 40 
6 alleles
0.4% missing data
 228   (0.419) 0.529 0.465 0.231 0.611 0.603 0.396 0.403 0.639 0.400 0.388 0.538 0.550 0.664 0.119 0.443 
 238   (0.334) 0.302 0.311 0.116 0.200 0.299 0.356 0.381 0.087 0.356 0.419 0.237 0.081 0.263 0.069 0.267 
 224   (0.024) 0.003 0.005 0.001 0.051 0.051 0.016 0.011 0.219 0.016 0.008 0.010 0.003 0.045 0.011 0.013 
 236   (0.106) 0.036 0.089 0.389 0.130 0.042 0.100 0.084 0.027 0.098 0.062 0.138 0.353 0.016 0.285 0.112 
 232   (0.012) 0.002 0.003 0.001 0.001 0.001 0.010 0.012 0.002 0.009 0.033 0.006 0.001 0.003 0.001 0.002 
 240   (0.105) 0.128 0.127 0.261 0.007 0.005 0.123 0.109 0.025 0.121 0.090 0.071 0.012 0.010 0.515 0.162 

Locus 41 : 41 
7 alleles
0.0% missing data
 128   (0.115) 0.202 0.154 0.032 0.205 0.078 0.104 0.121 0.248 0.106 0.130 0.163 0.012 0.055 0.007 0.073 
 130   (0.534) 0.420 0.514 0.779 0.617 0.734 0.548 0.551 0.504 0.549 0.555 0.610 0.061 0.599 0.737 0.515 
 114   (0.053) 0.007 0.016 0.003 0.072 0.083 0.049 0.040 0.011 0.048 0.035 0.042 0.501 0.037 0.003 0.077 
 132   (0.121) 0.248 0.143 0.049 0.091 0.076 0.121 0.119 0.027 0.120 0.141 0.073 0.014 0.291 0.007 0.154 
 118   (0.061) 0.070 0.098 0.129 0.006 0.003 0.057 0.059 0.034 0.055 0.052 0.034 0.205 0.006 0.071 0.011 
 134   (0.109) 0.053 0.074 0.007 0.008 0.025 0.116 0.107 0.176 0.118 0.085 0.074 0.207 0.012 0.174 0.169 
 136   (0.006) 0.001 0.001 0.000 0.000 0.000 0.005 0.003 0.001 0.005 0.002 0.004 0.001 0.001 0.000 0.001 

Locus 42 : 42 
6 alleles
1.2% missing data
 102   (0.266) 0.342 0.365 0.475 0.230 0.465 0.268 0.246 0.214 0.266 0.184 0.184 0.571 0.426 0.015 0.411 
 104   (0.404) 0.459 0.517 0.414 0.148 0.210 0.434 0.452 0.690 0.433 0.416 0.292 0.050 0.156 0.231 0.324 
  92   (0.112) 0.067 0.051 0.007 0.067 0.077 0.100 0.119 0.035 0.101 0.202 0.064 0.052 0.280 0.316 0.087 
  96   (0.075) 0.022 0.020 0.005 0.393 0.044 0.067 0.065 0.020 0.069 0.082 0.347 0.097 0.070 0.176 0.056 
  98   (0.137) 0.109 0.046 0.099 0.162 0.198 0.127 0.115 0.039 0.126 0.115 0.110 0.229 0.067 0.261 0.121 
 106   (0.006) 0.001 0.001 0.000 0.000 0.006 0.005 0.003 0.002 0.004 0.003 0.003 0.001 0.001 0.000 0.002 

Locus 43 : 43 
6 alleles
1.4% missing data
 101   (0.301) 0.304 0.290 0.181 0.258 0.535 0.277 0.307 0.213 0.281 0.391 0.205 0.035 0.202 0.367 0.466 
 103   (0.315) 0.429 0.417 0.352 0.321 0.187 0.346 0.315 0.131 0.338 0.209 0.380 0.228 0.383 0.109 0.279 
  99   (0.142) 0.082 0.055 0.009 0.054 0.042 0.143 0.141 0.589 0.146 0.206 0.112 0.415 0.219 0.182 0.065 
  95   (0.218) 0.183 0.234 0.457 0.366 0.235 0.210 0.219 0.062 0.212 0.182 0.288 0.170 0.193 0.335 0.185 
  97   (0.017) 0.002 0.003 0.001 0.001 0.001 0.017 0.013 0.003 0.017 0.010 0.012 0.151 0.002 0.006 0.003 
  91   (0.007) 0.001 0.001 0.000 0.000 0.000 0.006 0.004 0.001 0.006 0.002 0.004 0.001 0.001 0.000 0.001 

Locus 44 : 44 
7 alleles
0.2% missing data
 177   (0.080) 0.036 0.059 0.005 0.040 0.040 0.088 0.077 0.018 0.084 0.042 0.051 0.010 0.168 0.111 0.063 
 191   (0.287) 0.111 0.319 0.099 0.133 0.123 0.320 0.304 0.329 0.319 0.279 0.199 0.281 0.114 0.633 0.302 
 181   (0.566) 0.787 0.608 0.862 0.823 0.834 0.530 0.553 0.570 0.535 0.645 0.713 0.520 0.713 0.138 0.619 
 189   (0.007) 0.001 0.001 0.030 0.000 0.000 0.004 0.003 0.001 0.004 0.002 0.002 0.001 0.001 0.000 0.001 
 179   (0.042) 0.005 0.009 0.003 0.002 0.002 0.044 0.051 0.078 0.044 0.026 0.026 0.187 0.004 0.107 0.012 
 183   (0.009) 0.002 0.002 0.001 0.000 0.000 0.008 0.008 0.002 0.008 0.004 0.005 0.001 0.001 0.001 0.002 
 193   (0.010) 0.058 0.002 0.001 0.001 0.000 0.006 0.005 0.002 0.006 0.003 0.004 0.001 0.001 0.010 0.002 

Locus 45 : 45 
6 alleles
0.8% missing data
 205   (0.459) 0.555 0.406 0.405 0.669 0.607 0.488 0.482 0.524 0.487 0.391 0.646 0.249 0.547 0.311 0.539 
 211   (0.231) 0.150 0.148 0.273 0.152 0.211 0.226 0.251 0.285 0.229 0.332 0.149 0.341 0.104 0.391 0.186 
 207   (0.141) 0.229 0.189 0.201 0.102 0.099 0.136 0.118 0.054 0.135 0.100 0.112 0.017 0.193 0.072 0.092 
 201   (0.076) 0.019 0.161 0.005 0.042 0.052 0.065 0.065 0.025 0.064 0.093 0.039 0.381 0.123 0.040 0.081 
 215   (0.082) 0.045 0.094 0.115 0.034 0.031 0.072 0.074 0.110 0.071 0.079 0.047 0.010 0.032 0.179 0.101 
 202   (0.011) 0.002 0.002 0.001 0.001 0.001 0.013 0.010 0.002 0.013 0.005 0.007 0.001 0.001 0.008 0.002 

Locus 46 : 46 
10 alleles
1.0% missing data
 144   (0.066) 0.017 0.076 0.128 0.167 0.198 0.054 0.068 0.075 0.055 0.087 0.052 0.008 0.061 0.007 0.014 
 158   (0.152) 0.036 0.189 0.083 0.083 0.070 0.147 0.125 0.198 0.149 0.137 0.104 0.020 0.401 0.122 0.265 
 168   (0.144) 0.030 0.067 0.106 0.114 0.287 0.158 0.126 0.033 0.158 0.121 0.121 0.217 0.065 0.216 0.132 
 166   (0.141) 0.251 0.084 0.388 0.408 0.269 0.131 0.123 0.040 0.127 0.102 0.269 0.125 0.116 0.026 0.092 
 142   (0.357) 0.604 0.513 0.286 0.218 0.168 0.378 0.410 0.626 0.380 0.306 0.376 0.047 0.322 0.144 0.434 
 170   (0.016) 0.002 0.003 0.001 0.001 0.002 0.011 0.015 0.004 0.011 0.035 0.007 0.002 0.002 0.047 0.005 
 156   (0.028) 0.004 0.022 0.002 0.002 0.001 0.029 0.021 0.005 0.029 0.012 0.017 0.467 0.017 0.083 0.005 
 162   (0.047) 0.041 0.014 0.003 0.003 0.002 0.042 0.052 0.009 0.042 0.065 0.025 0.109 0.004 0.162 0.039 
 164   (0.043) 0.014 0.031 0.003 0.003 0.002 0.044 0.056 0.008 0.044 0.133 0.026 0.005 0.012 0.194 0.011 
 160   (0.006) 0.001 0.001 0.000 0.000 0.000 0.005 0.004 0.001 0.005 0.003 0.003 0.001 0.001 0.000 0.002 

Locus 47 : 47 
7 alleles
9.9% missing data
 149   (0.349) 0.401 0.326 0.336 0.338 0.248 0.359 0.378 0.501 0.363 0.306 0.420 0.349 0.189 0.769 0.084 
 151   (0.185) 0.116 0.198 0.012 0.186 0.133 0.175 0.157 0.348 0.173 0.163 0.149 0.084 0.582 0.088 0.371 
 153   (0.191) 0.386 0.301 0.025 0.211 0.422 0.189 0.196 0.080 0.190 0.160 0.150 0.029 0.129 0.042 0.182 
 147   (0.027) 0.003 0.008 0.002 0.021 0.019 0.024 0.029 0.007 0.023 0.059 0.014 0.004 0.030 0.002 0.005 
 145   (0.225) 0.091 0.163 0.624 0.241 0.175 0.236 0.223 0.057 0.235 0.280 0.257 0.530 0.067 0.042 0.354 
 152   (0.007) 0.001 0.002 0.000 0.002 0.002 0.004 0.003 0.003 0.004 0.003 0.003 0.001 0.001 0.001 0.001 
 143   (0.016) 0.002 0.003 0.001 0.001 0.001 0.013 0.014 0.003 0.013 0.029 0.008 0.002 0.002 0.056 0.003 

Values of parameters used in structure:
DATAFILE=temp2.str,	OUTFILE=k15/temp2_k15_run7,	NUMINDS=486,	NUMLOCI=47,	MISSING=-9,	LABEL=1,	POPDATA=1,	POPFLAG=0,	PHENOTYPE=0,	EXTRACOLS=0,	MAXPOPS=15,	BURNIN=500000,	NUMREPS=750000,	USEPOPINFO=0,	INFERALPHA=1,	INFERLAMBDA=0,	POPSPECIFICLAMBDA=0,	POPALPHAS=0,	COMPUTEPROB=1,	NOADMIX=0,	ADMBURNIN=500,	UPDATEFREQ=100,	PRINTLIKES=0,	INTERMEDSAVE=0,	PRINTKLD=0,	PRINTNET=1,	PRINTLAMBDA=1,	ANCESTDIST=0,	NUMBOXES=1000,	ANCESTPINT=0.90000,	GENSBACK=2,	MIGRPRIOR=0.01000,	PRINTQHAT=0,	PRINTQSUM=1,	ALPHA=1.0000,	FREQSCORR=1,	FPRIORMEAN=0.0100,	FPRIORSD=0.0500,	ONEFST=0,	LAMBDA=1.0000,	UNIFPRIORALPHA=1,	ALPHAMAX=10.0000,	ALPHAPRIORA=1.0000,	ALPHAPRIORB=2.0000,	ALPHAPROPSD=0.0250,	STARTATPOPINFO=0,	RANDOMIZE=0,	LINKAGE=0,	METROFREQ=10,	REPORTHITRATE=0,	MARKOVPHASE=0,	PHASED=1,	PLOIDY=2,	PHASEINFO=0	LOCPRIOR=0, 	LOCPRIORINIT=1.000000, 	LOCDATA=0, 	LOCISPOP=1, 	LOCPRIORSTEP=0.100000, 	MAXLOCPRIOR=20.000000, 	SEED=223276,	
[STRAT parameters]:    NUMSIMSTATS=1000,	PHENOTYPECOL=-9,	POOLFREQ=10,	LOCUSxONLY=0,	EMERROR=0.00100,	MISSINGPHENO=-9,	