

----------------------------------------------------
STRUCTURE by Pritchard, Stephens and Donnelly (2000)
     and Falush, Stephens and Pritchard (2003)
       Code by Pritchard, Falush and Hubisz
             Version 2.3.4 (Jul 2012)
----------------------------------------------------



Command line arguments:   structure -D 936122 -K 15 -m mainparams -o k15/temp2_k15_run2 
Input File:    temp2.str

Run parameters:
   486 individuals
   47 loci
   15 populations assumed
   500000 Burn-in period
   750000 Reps
RANDOMIZE turned off


--------------------------------------------
Proportion of membership of each pre-defined
 population in each of the 15 clusters

Given    Inferred Clusters                                                                                           Number of
 Pop       1      2      3      4      5      6      7      8      9     10     11     12     13     14     15      Individuals

  1:     0.008  0.010  0.010  0.009  0.010  0.009  0.004  0.037  0.852  0.003  0.010  0.010  0.009  0.012  0.006       63
  2:     0.007  0.013  0.007  0.013  0.014  0.008  0.006  0.012  0.859  0.003  0.010  0.013  0.010  0.015  0.010       20
  3:     0.004  0.005  0.004  0.005  0.005  0.004  0.007  0.004  0.003  0.939  0.004  0.003  0.003  0.004  0.006       36
  4:     0.006  0.019  0.014  0.018  0.020  0.011  0.004  0.118  0.703  0.003  0.016  0.012  0.010  0.037  0.009       21
  5:     0.005  0.007  0.008  0.006  0.007  0.007  0.003  0.544  0.361  0.003  0.008  0.008  0.014  0.012  0.007       31
  6:     0.004  0.008  0.009  0.008  0.008  0.011  0.005  0.018  0.889  0.004  0.007  0.006  0.012  0.006  0.005       21
  7:     0.011  0.020  0.023  0.018  0.021  0.035  0.004  0.012  0.011  0.005  0.017  0.013  0.006  0.775  0.029       25
  8:     0.009  0.030  0.045  0.033  0.032  0.014  0.010  0.139  0.455  0.094  0.039  0.017  0.013  0.021  0.049        8
  9:     0.005  0.009  0.007  0.008  0.009  0.022  0.005  0.018  0.550  0.002  0.008  0.010  0.334  0.009  0.005       17
 10:     0.939  0.005  0.005  0.005  0.005  0.004  0.003  0.004  0.005  0.003  0.005  0.005  0.003  0.006  0.005       29
 11:     0.002  0.003  0.002  0.003  0.003  0.002  0.964  0.002  0.002  0.006  0.002  0.002  0.003  0.002  0.002        9
 12:     0.013  0.178  0.097  0.191  0.170  0.037  0.008  0.016  0.010  0.018  0.141  0.031  0.009  0.054  0.026       26
 13:     0.012  0.108  0.150  0.106  0.114  0.177  0.009  0.013  0.013  0.013  0.125  0.052  0.012  0.026  0.072       74
 14:     0.014  0.074  0.084  0.079  0.070  0.362  0.006  0.014  0.018  0.012  0.073  0.093  0.009  0.019  0.071       35
 15:     0.008  0.045  0.077  0.046  0.056  0.311  0.009  0.013  0.031  0.007  0.035  0.310  0.006  0.024  0.022       24
 16:     0.025  0.170  0.121  0.165  0.163  0.031  0.009  0.012  0.026  0.022  0.156  0.046  0.007  0.034  0.014       43
 17:     0.009  0.214  0.056  0.229  0.191  0.016  0.003  0.013  0.014  0.006  0.148  0.025  0.049  0.011  0.015        4
--------------------------------------------

Allele-freq. divergence among pops (Net nucleotide distance),
computed using point estimates of P.

      1       2       3       4       5       6       7       8       9      10      11      12      13      14      15      
 1      -    0.0543  0.0613  0.0545  0.0531  0.0740  0.1332  0.0931  0.0803  0.1222  0.0561  0.0719  0.1602  0.0611  0.0934  
 2   0.0543     -    0.0054  0.0002  0.0001  0.0176  0.0995  0.0382  0.0309  0.0819  0.0012  0.0215  0.1020  0.0194  0.0387  
 3   0.0613  0.0054     -    0.0058  0.0051  0.0193  0.1076  0.0439  0.0326  0.0913  0.0024  0.0238  0.1094  0.0231  0.0422  
 4   0.0545  0.0002  0.0058     -    0.0003  0.0184  0.0997  0.0382  0.0315  0.0822  0.0012  0.0216  0.1038  0.0199  0.0397  
 5   0.0531  0.0001  0.0051  0.0003     -    0.0172  0.0982  0.0377  0.0301  0.0814  0.0012  0.0209  0.1011  0.0185  0.0381  
 6   0.0740  0.0176  0.0193  0.0184  0.0172     -    0.1291  0.0621  0.0435  0.1249  0.0195  0.0213  0.1198  0.0384  0.0519  
 7   0.1332  0.0995  0.1076  0.0997  0.0982  0.1291     -    0.1428  0.1442  0.1131  0.1011  0.1291  0.2023  0.1071  0.1554  
 8   0.0931  0.0382  0.0439  0.0382  0.0377  0.0621  0.1428     -    0.0394  0.1374  0.0389  0.0584  0.1334  0.0560  0.0694  
 9   0.0803  0.0309  0.0326  0.0315  0.0301  0.0435  0.1442  0.0394     -    0.1447  0.0307  0.0553  0.1054  0.0447  0.0668  
10   0.1222  0.0819  0.0913  0.0822  0.0814  0.1249  0.1131  0.1374  0.1447     -    0.0842  0.1197  0.2155  0.1050  0.1212  
11   0.0561  0.0012  0.0024  0.0012  0.0012  0.0195  0.1011  0.0389  0.0307  0.0842     -    0.0227  0.1048  0.0200  0.0416  
12   0.0719  0.0215  0.0238  0.0216  0.0209  0.0213  0.1291  0.0584  0.0553  0.1197  0.0227     -    0.1437  0.0374  0.0551  
13   0.1602  0.1020  0.1094  0.1038  0.1011  0.1198  0.2023  0.1334  0.1054  0.2155  0.1048  0.1437     -    0.1222  0.1451  
14   0.0611  0.0194  0.0231  0.0199  0.0185  0.0384  0.1071  0.0560  0.0447  0.1050  0.0200  0.0374  0.1222     -    0.0530  
15   0.0934  0.0387  0.0422  0.0397  0.0381  0.0519  0.1554  0.0694  0.0668  0.1212  0.0416  0.0551  0.1451  0.0530     -    

Average distances (expected heterozygosity) between individuals in same cluster:
cluster  1  : 0.5443 
cluster  2  : 0.6419 
cluster  3  : 0.6151 
cluster  4  : 0.6398 
cluster  5  : 0.6444 
cluster  6  : 0.5680 
cluster  7  : 0.5327 
cluster  8  : 0.5401 
cluster  9  : 0.5385 
cluster 10  : 0.6321 
cluster 11  : 0.6312 
cluster 12  : 0.5766 
cluster 13  : 0.4317 
cluster 14  : 0.5946 
cluster 15  : 0.5517 

--------------------------------------------
Estimated Ln Prob of Data   = -53164.5
Mean value of ln likelihood = -50239.3
Variance of ln likelihood   = 5850.3
Mean value of alpha         = 0.0339

Mean value of Fst_1         = 0.2138
Mean value of Fst_2         = 0.0219
Mean value of Fst_3         = 0.0630
Mean value of Fst_4         = 0.0270
Mean value of Fst_5         = 0.0145
Mean value of Fst_6         = 0.0974
Mean value of Fst_7         = 0.3096
Mean value of Fst_8         = 0.1760
Mean value of Fst_9         = 0.1420
Mean value of Fst_10         = 0.1880
Mean value of Fst_11         = 0.0418
Mean value of Fst_12         = 0.1306
Mean value of Fst_13         = 0.4112
Mean value of Fst_14         = 0.0939
Mean value of Fst_15         = 0.2108


Inferred ancestry of individuals:
        Label (%Miss) Pop:  Inferred clusters
  1      221    (0)    1 :  0.002 0.007 0.007 0.007 0.006 0.009 0.003 0.008 0.908 0.003 0.008 0.007 0.004 0.018 0.003 
  2      222    (0)    1 :  0.008 0.009 0.008 0.009 0.010 0.009 0.004 0.513 0.391 0.004 0.008 0.004 0.006 0.007 0.010 
  3      223    (0)    1 :  0.003 0.010 0.021 0.009 0.009 0.010 0.003 0.008 0.878 0.006 0.015 0.005 0.007 0.008 0.007 
  4      224    (0)    1 :  0.004 0.003 0.003 0.003 0.003 0.002 0.001 0.005 0.957 0.001 0.003 0.002 0.005 0.004 0.004 
  5      225    (0)    1 :  0.004 0.006 0.005 0.006 0.005 0.003 0.002 0.007 0.940 0.002 0.006 0.004 0.004 0.003 0.004 
  6      226    (0)    1 :  0.002 0.005 0.008 0.004 0.005 0.003 0.006 0.003 0.932 0.001 0.007 0.002 0.004 0.013 0.006 
  7      227    (0)    1 :  0.004 0.012 0.014 0.010 0.011 0.005 0.015 0.003 0.856 0.007 0.013 0.005 0.005 0.036 0.005 
  8      228    (0)    1 :  0.005 0.009 0.009 0.009 0.009 0.027 0.003 0.007 0.878 0.004 0.010 0.005 0.012 0.006 0.008 
  9      234    (0)    1 :  0.002 0.004 0.004 0.004 0.004 0.005 0.002 0.008 0.947 0.001 0.004 0.004 0.004 0.003 0.004 
 10      235    (0)    1 :  0.002 0.004 0.003 0.004 0.003 0.003 0.004 0.009 0.952 0.001 0.003 0.002 0.004 0.004 0.002 
 11      236    (0)    1 :  0.002 0.002 0.003 0.002 0.003 0.002 0.002 0.003 0.956 0.001 0.003 0.002 0.013 0.005 0.002 
 12      237    (0)    1 :  0.002 0.004 0.006 0.004 0.004 0.004 0.002 0.008 0.948 0.002 0.004 0.004 0.002 0.003 0.004 
 13      238    (0)    1 :  0.012 0.009 0.010 0.008 0.010 0.005 0.003 0.042 0.846 0.006 0.009 0.007 0.003 0.024 0.006 
 14      239    (0)    1 :  0.015 0.027 0.026 0.027 0.026 0.014 0.007 0.016 0.692 0.002 0.029 0.011 0.025 0.079 0.005 
 15      240    (0)    1 :  0.002 0.004 0.003 0.004 0.004 0.003 0.002 0.006 0.949 0.001 0.003 0.003 0.006 0.006 0.003 
 16      242    (0)    1 :  0.002 0.060 0.101 0.048 0.078 0.024 0.001 0.286 0.287 0.001 0.076 0.012 0.004 0.012 0.008 
 17      243    (0)    1 :  0.014 0.016 0.011 0.013 0.015 0.005 0.016 0.013 0.843 0.002 0.012 0.006 0.005 0.021 0.008 
 18      244    (0)    1 :  0.003 0.008 0.012 0.007 0.008 0.002 0.012 0.015 0.890 0.003 0.010 0.003 0.002 0.022 0.003 
 19      245    (0)    1 :  0.007 0.014 0.011 0.015 0.017 0.011 0.010 0.004 0.788 0.026 0.012 0.016 0.047 0.013 0.010 
 20      246    (0)    1 :  0.003 0.005 0.003 0.004 0.005 0.002 0.005 0.011 0.944 0.003 0.004 0.003 0.003 0.003 0.003 
 21      248    (0)    1 :  0.020 0.007 0.008 0.007 0.007 0.004 0.003 0.050 0.862 0.003 0.008 0.004 0.009 0.005 0.002 
 22      249    (0)    1 :  0.002 0.002 0.003 0.002 0.002 0.002 0.001 0.002 0.968 0.001 0.002 0.002 0.002 0.004 0.004 
 23      250    (0)    1 :  0.009 0.014 0.013 0.015 0.014 0.017 0.006 0.005 0.851 0.007 0.013 0.007 0.013 0.009 0.008 
 24      251    (0)    1 :  0.003 0.005 0.006 0.005 0.005 0.013 0.004 0.017 0.918 0.001 0.005 0.006 0.005 0.004 0.002 
 25      252    (0)    1 :  0.037 0.008 0.011 0.008 0.009 0.012 0.001 0.004 0.864 0.002 0.009 0.009 0.005 0.007 0.014 
 26      253    (0)    1 :  0.022 0.022 0.018 0.020 0.024 0.004 0.003 0.003 0.828 0.015 0.019 0.004 0.006 0.008 0.004 
 27      254    (0)    1 :  0.003 0.005 0.007 0.005 0.005 0.003 0.002 0.005 0.937 0.002 0.006 0.005 0.004 0.007 0.003 
 28      255    (0)    1 :  0.006 0.017 0.012 0.020 0.015 0.011 0.003 0.271 0.544 0.003 0.017 0.007 0.018 0.053 0.005 
 29      256    (0)    1 :  0.002 0.010 0.007 0.008 0.010 0.005 0.002 0.057 0.867 0.004 0.007 0.004 0.003 0.004 0.010 
 30      257    (0)    1 :  0.009 0.008 0.010 0.008 0.008 0.010 0.003 0.007 0.889 0.002 0.010 0.011 0.003 0.018 0.004 
 31      258    (0)    1 :  0.003 0.010 0.009 0.009 0.010 0.010 0.002 0.028 0.868 0.005 0.008 0.013 0.010 0.011 0.004 
 32      259    (0)    1 :  0.003 0.014 0.008 0.016 0.013 0.005 0.002 0.010 0.879 0.002 0.015 0.020 0.002 0.006 0.004 
 33      260    (0)    1 :  0.067 0.006 0.005 0.005 0.007 0.005 0.006 0.005 0.833 0.002 0.005 0.003 0.022 0.026 0.004 
 34      261    (0)    1 :  0.008 0.013 0.016 0.012 0.012 0.022 0.002 0.006 0.736 0.002 0.010 0.136 0.003 0.015 0.008 
 35      262    (0)    1 :  0.002 0.002 0.002 0.002 0.002 0.002 0.001 0.006 0.967 0.001 0.002 0.002 0.002 0.002 0.003 
 36      263    (0)    1 :  0.025 0.006 0.005 0.005 0.006 0.004 0.005 0.015 0.867 0.003 0.005 0.004 0.005 0.041 0.005 
 37      264    (0)    1 :  0.003 0.005 0.004 0.004 0.005 0.004 0.001 0.010 0.929 0.001 0.005 0.008 0.003 0.006 0.012 
 38      265    (0)    1 :  0.036 0.006 0.004 0.006 0.005 0.005 0.002 0.021 0.870 0.001 0.005 0.006 0.007 0.020 0.006 
 39      266    (0)    1 :  0.002 0.003 0.003 0.003 0.003 0.003 0.001 0.006 0.960 0.001 0.003 0.002 0.005 0.002 0.003 
 40      267    (0)    1 :  0.001 0.003 0.004 0.003 0.003 0.003 0.002 0.022 0.944 0.001 0.003 0.003 0.002 0.003 0.003 
 41      268    (0)    1 :  0.051 0.007 0.007 0.006 0.006 0.005 0.008 0.004 0.880 0.001 0.006 0.004 0.003 0.007 0.004 
 42      269    (0)    1 :  0.002 0.003 0.003 0.003 0.003 0.003 0.001 0.008 0.937 0.001 0.003 0.005 0.020 0.004 0.003 
 43      270    (0)    1 :  0.002 0.003 0.004 0.003 0.003 0.004 0.002 0.004 0.942 0.001 0.003 0.003 0.003 0.007 0.015 
 44      271    (0)    1 :  0.010 0.027 0.021 0.025 0.023 0.008 0.003 0.011 0.704 0.006 0.027 0.038 0.073 0.012 0.012 
 45      272    (0)    1 :  0.004 0.030 0.011 0.032 0.029 0.011 0.006 0.438 0.290 0.001 0.019 0.088 0.013 0.008 0.019 
 46      273    (0)    1 :  0.003 0.014 0.012 0.015 0.013 0.013 0.002 0.015 0.821 0.004 0.015 0.010 0.011 0.039 0.013 
 47      274    (0)    1 :  0.006 0.005 0.005 0.005 0.005 0.005 0.003 0.004 0.923 0.002 0.005 0.013 0.006 0.008 0.004 
 48      275    (2)    1 :  0.002 0.004 0.004 0.004 0.004 0.005 0.002 0.009 0.944 0.001 0.005 0.003 0.003 0.007 0.003 
 49      276    (0)    1 :  0.004 0.006 0.008 0.006 0.006 0.007 0.002 0.006 0.924 0.001 0.006 0.008 0.005 0.005 0.006 
 50      277    (0)    1 :  0.002 0.014 0.024 0.011 0.014 0.063 0.001 0.003 0.817 0.001 0.011 0.010 0.012 0.009 0.008 
 51      278    (0)    1 :  0.004 0.009 0.021 0.012 0.008 0.018 0.008 0.015 0.855 0.001 0.015 0.019 0.004 0.006 0.003 
 52      279    (0)    1 :  0.003 0.014 0.009 0.017 0.013 0.006 0.002 0.017 0.886 0.002 0.014 0.005 0.003 0.006 0.004 
 53      280    (0)    1 :  0.005 0.011 0.013 0.011 0.010 0.023 0.003 0.007 0.804 0.002 0.012 0.010 0.067 0.018 0.004 
 54      287    (0)    1 :  0.006 0.015 0.009 0.013 0.015 0.009 0.004 0.004 0.881 0.003 0.012 0.007 0.003 0.013 0.005 
 55      290    (0)    1 :  0.003 0.013 0.009 0.013 0.012 0.010 0.006 0.095 0.786 0.002 0.011 0.012 0.006 0.010 0.013 
 56      291    (0)    1 :  0.006 0.010 0.008 0.011 0.010 0.033 0.003 0.004 0.867 0.002 0.010 0.012 0.014 0.007 0.004 
 57      295    (0)    1 :  0.002 0.004 0.004 0.004 0.003 0.022 0.001 0.006 0.934 0.001 0.003 0.006 0.003 0.004 0.003 
 58      296    (0)    1 :  0.004 0.004 0.007 0.004 0.004 0.003 0.003 0.009 0.934 0.002 0.005 0.003 0.004 0.004 0.009 
 59      872    (2)    1 :  0.007 0.005 0.005 0.005 0.005 0.004 0.006 0.096 0.837 0.005 0.005 0.005 0.004 0.005 0.006 
 60      873    (4)    1 :  0.003 0.014 0.010 0.012 0.017 0.003 0.004 0.037 0.838 0.003 0.010 0.004 0.010 0.013 0.022 
 61      874    (2)    1 :  0.002 0.004 0.010 0.004 0.004 0.007 0.001 0.012 0.925 0.001 0.005 0.010 0.002 0.005 0.007 
 62      875    (0)    1 :  0.002 0.005 0.005 0.005 0.005 0.004 0.017 0.015 0.914 0.003 0.005 0.004 0.006 0.006 0.003 
 63      876    (6)    1 :  0.011 0.008 0.016 0.008 0.008 0.013 0.001 0.005 0.875 0.002 0.012 0.007 0.005 0.022 0.006 
 64      212    (0)   10 :  0.965 0.003 0.003 0.003 0.002 0.004 0.001 0.003 0.002 0.001 0.003 0.003 0.002 0.002 0.003 
 65      213    (0)   10 :  0.940 0.004 0.006 0.004 0.004 0.007 0.003 0.002 0.005 0.002 0.005 0.003 0.008 0.003 0.004 
 66      214    (0)   10 :  0.940 0.005 0.005 0.006 0.005 0.003 0.001 0.006 0.004 0.003 0.006 0.007 0.002 0.005 0.002 
 67      215    (0)   10 :  0.945 0.004 0.004 0.004 0.004 0.007 0.003 0.005 0.005 0.002 0.004 0.003 0.003 0.004 0.003 
 68      216    (0)   10 :  0.956 0.003 0.003 0.003 0.003 0.005 0.002 0.002 0.005 0.001 0.003 0.003 0.004 0.003 0.004 
 69      217    (0)   10 :  0.937 0.005 0.007 0.005 0.005 0.004 0.002 0.004 0.005 0.002 0.006 0.004 0.004 0.003 0.006 
 70      218    (0)   10 :  0.962 0.003 0.003 0.003 0.003 0.003 0.002 0.002 0.003 0.003 0.003 0.003 0.002 0.003 0.003 
 71      332    (0)   10 :  0.866 0.007 0.011 0.007 0.007 0.008 0.005 0.007 0.010 0.002 0.009 0.010 0.003 0.016 0.032 
 72      333    (0)   10 :  0.850 0.014 0.008 0.012 0.014 0.006 0.010 0.013 0.010 0.008 0.011 0.008 0.004 0.027 0.006 
 73      334    (0)   10 :  0.938 0.004 0.005 0.004 0.004 0.004 0.003 0.002 0.007 0.002 0.005 0.004 0.003 0.007 0.008 
 74      335    (0)   10 :  0.965 0.003 0.003 0.003 0.003 0.004 0.002 0.002 0.002 0.002 0.003 0.004 0.001 0.003 0.002 
 75      336    (0)   10 :  0.948 0.003 0.002 0.002 0.002 0.002 0.014 0.005 0.003 0.002 0.002 0.002 0.004 0.004 0.004 
 76      337    (0)   10 :  0.934 0.005 0.005 0.005 0.004 0.003 0.002 0.008 0.009 0.003 0.005 0.003 0.002 0.011 0.002 
 77      673    (0)   10 :  0.980 0.001 0.001 0.001 0.001 0.002 0.001 0.001 0.002 0.002 0.001 0.002 0.001 0.002 0.001 
 78      674    (0)   10 :  0.942 0.005 0.003 0.005 0.005 0.003 0.001 0.005 0.004 0.002 0.004 0.004 0.002 0.005 0.009 
 79      675    (0)   10 :  0.945 0.004 0.004 0.004 0.004 0.007 0.004 0.002 0.003 0.002 0.004 0.003 0.004 0.005 0.003 
 80      676    (0)   10 :  0.939 0.004 0.007 0.004 0.004 0.008 0.001 0.002 0.003 0.002 0.005 0.006 0.001 0.006 0.006 
 81      677    (0)   10 :  0.953 0.004 0.004 0.004 0.004 0.003 0.002 0.003 0.006 0.002 0.004 0.004 0.002 0.004 0.002 
 82      678    (0)   10 :  0.899 0.011 0.007 0.012 0.010 0.008 0.004 0.012 0.007 0.003 0.010 0.007 0.004 0.003 0.003 
 83      679    (0)   10 :  0.904 0.007 0.005 0.007 0.007 0.003 0.002 0.002 0.004 0.025 0.006 0.004 0.001 0.006 0.017 
 84      680    (0)   10 :  0.925 0.005 0.005 0.006 0.005 0.006 0.005 0.003 0.004 0.002 0.005 0.008 0.003 0.011 0.008 
 85      681    (0)   10 :  0.937 0.005 0.006 0.005 0.005 0.005 0.002 0.003 0.007 0.002 0.006 0.003 0.002 0.006 0.005 
 86      682    (0)   10 :  0.969 0.002 0.002 0.002 0.002 0.002 0.004 0.002 0.002 0.002 0.002 0.002 0.003 0.002 0.002 
 87      683    (0)   10 :  0.937 0.005 0.004 0.005 0.005 0.004 0.002 0.003 0.005 0.002 0.005 0.005 0.003 0.007 0.005 
 88      684    (0)   10 :  0.942 0.005 0.004 0.005 0.005 0.004 0.003 0.003 0.002 0.002 0.005 0.007 0.002 0.006 0.004 
 89      685    (0)   10 :  0.935 0.006 0.004 0.006 0.005 0.003 0.003 0.007 0.003 0.005 0.006 0.003 0.003 0.009 0.003 
 90      686    (0)   10 :  0.967 0.002 0.002 0.002 0.002 0.002 0.003 0.002 0.002 0.004 0.002 0.002 0.002 0.003 0.002 
 91      687    (0)   10 :  0.970 0.002 0.002 0.002 0.002 0.003 0.002 0.002 0.002 0.001 0.002 0.002 0.002 0.003 0.002 
 92      688    (0)   10 :  0.937 0.003 0.004 0.003 0.003 0.004 0.002 0.004 0.007 0.001 0.003 0.014 0.003 0.005 0.005 
 93      070    (0)   11 :  0.002 0.004 0.003 0.004 0.005 0.002 0.953 0.003 0.002 0.008 0.004 0.003 0.001 0.003 0.002 
 94      071    (0)   11 :  0.006 0.003 0.003 0.003 0.003 0.003 0.957 0.002 0.002 0.001 0.003 0.003 0.006 0.004 0.002 
 95      072    (0)   11 :  0.001 0.002 0.002 0.002 0.002 0.002 0.972 0.002 0.001 0.005 0.002 0.002 0.003 0.002 0.001 
 96      151    (0)   11 :  0.001 0.001 0.001 0.001 0.001 0.002 0.979 0.001 0.001 0.002 0.001 0.002 0.001 0.002 0.001 
 97      152    (0)   11 :  0.002 0.005 0.004 0.005 0.005 0.004 0.948 0.002 0.003 0.002 0.005 0.004 0.005 0.004 0.002 
 98      153    (2)   11 :  0.001 0.001 0.001 0.001 0.001 0.001 0.980 0.002 0.001 0.002 0.001 0.001 0.001 0.002 0.001 
 99      788    (4)   11 :  0.002 0.003 0.002 0.002 0.003 0.003 0.941 0.001 0.002 0.028 0.002 0.003 0.003 0.002 0.001 
100      789    (2)   11 :  0.003 0.002 0.002 0.002 0.002 0.002 0.973 0.002 0.002 0.002 0.002 0.002 0.002 0.002 0.001 
101      790    (0)   11 :  0.001 0.002 0.002 0.002 0.002 0.002 0.975 0.002 0.002 0.001 0.002 0.001 0.003 0.002 0.001 
102      010    (0)   12 :  0.004 0.196 0.043 0.313 0.139 0.005 0.002 0.007 0.005 0.011 0.209 0.039 0.008 0.009 0.008 
103      024    (0)   12 :  0.010 0.236 0.030 0.192 0.288 0.012 0.005 0.006 0.006 0.044 0.085 0.062 0.005 0.010 0.008 
104      051    (0)   12 :  0.008 0.194 0.033 0.195 0.129 0.006 0.012 0.008 0.005 0.044 0.094 0.017 0.004 0.244 0.007 
105      090    (0)   12 :  0.004 0.250 0.078 0.167 0.232 0.013 0.007 0.008 0.007 0.020 0.127 0.017 0.003 0.053 0.013 
106      102    (0)   12 :  0.003 0.179 0.108 0.139 0.158 0.205 0.002 0.033 0.026 0.002 0.092 0.020 0.004 0.018 0.013 
107      111    (0)   12 :  0.004 0.207 0.073 0.252 0.129 0.007 0.002 0.025 0.005 0.004 0.163 0.045 0.068 0.011 0.005 
108      113    (0)   12 :  0.005 0.191 0.047 0.233 0.140 0.025 0.006 0.034 0.006 0.005 0.144 0.075 0.003 0.077 0.010 
109      138    (0)   12 :  0.076 0.072 0.372 0.058 0.077 0.012 0.050 0.003 0.009 0.006 0.234 0.010 0.002 0.016 0.003 
110      150    (0)   12 :  0.004 0.032 0.275 0.044 0.048 0.341 0.015 0.009 0.021 0.033 0.056 0.024 0.002 0.086 0.011 
111      173    (2)   12 :  0.011 0.166 0.023 0.164 0.259 0.017 0.020 0.007 0.005 0.018 0.054 0.039 0.007 0.177 0.034 
112      174    (2)   12 :  0.003 0.147 0.127 0.255 0.118 0.003 0.022 0.028 0.007 0.025 0.214 0.028 0.004 0.014 0.005 
113      175    (0)   12 :  0.003 0.215 0.026 0.263 0.207 0.008 0.006 0.013 0.003 0.065 0.137 0.020 0.002 0.026 0.006 
114      176    (0)   12 :  0.009 0.148 0.031 0.332 0.160 0.005 0.004 0.017 0.015 0.004 0.220 0.038 0.006 0.007 0.004 
115      177    (0)   12 :  0.002 0.140 0.041 0.217 0.148 0.010 0.003 0.008 0.003 0.008 0.107 0.042 0.002 0.264 0.004 
116      180    (0)   12 :  0.007 0.163 0.069 0.188 0.139 0.005 0.004 0.119 0.025 0.002 0.127 0.016 0.005 0.127 0.004 
117      184    (0)   12 :  0.005 0.084 0.329 0.083 0.116 0.026 0.015 0.004 0.006 0.009 0.215 0.023 0.005 0.014 0.066 
118      195    (0)   12 :  0.013 0.236 0.038 0.249 0.220 0.012 0.005 0.004 0.005 0.007 0.139 0.021 0.032 0.013 0.006 
119      198    (0)   12 :  0.007 0.185 0.195 0.162 0.152 0.008 0.003 0.016 0.012 0.009 0.180 0.017 0.034 0.019 0.003 
120      203    (0)   12 :  0.005 0.256 0.046 0.233 0.141 0.009 0.009 0.009 0.008 0.002 0.210 0.042 0.003 0.010 0.018 
121      211    (0)   12 :  0.079 0.174 0.035 0.248 0.192 0.013 0.003 0.005 0.027 0.003 0.160 0.047 0.003 0.007 0.005 
122      220    (0)   12 :  0.009 0.179 0.126 0.148 0.171 0.049 0.002 0.009 0.004 0.005 0.122 0.073 0.007 0.076 0.017 
123      233    (0)   12 :  0.039 0.191 0.035 0.162 0.264 0.144 0.005 0.004 0.010 0.002 0.085 0.020 0.002 0.020 0.016 
124      331    (0)   12 :  0.005 0.257 0.055 0.220 0.186 0.006 0.007 0.006 0.006 0.026 0.143 0.034 0.008 0.032 0.010 
125      349    (0)   12 :  0.006 0.112 0.024 0.093 0.121 0.010 0.007 0.010 0.008 0.091 0.065 0.009 0.006 0.045 0.393 
126      410    (0)   12 :  0.024 0.188 0.131 0.167 0.281 0.004 0.003 0.010 0.008 0.005 0.139 0.015 0.003 0.017 0.005 
127      417    (2)   12 :  0.005 0.236 0.136 0.180 0.216 0.011 0.002 0.008 0.031 0.005 0.138 0.013 0.007 0.006 0.007 
128      421    (0)   13 :  0.005 0.009 0.009 0.009 0.009 0.830 0.002 0.004 0.010 0.001 0.012 0.019 0.069 0.005 0.007 
129      423    (0)   13 :  0.002 0.233 0.047 0.245 0.212 0.005 0.008 0.010 0.005 0.008 0.166 0.015 0.003 0.009 0.030 
130      424    (0)   13 :  0.002 0.100 0.113 0.105 0.106 0.006 0.002 0.032 0.015 0.010 0.102 0.020 0.005 0.375 0.006 
131      433    (0)   13 :  0.016 0.097 0.196 0.087 0.101 0.341 0.002 0.005 0.004 0.011 0.102 0.025 0.002 0.007 0.005 
132      462    (0)   13 :  0.021 0.149 0.065 0.187 0.165 0.131 0.002 0.009 0.007 0.005 0.121 0.028 0.006 0.085 0.019 
133      463    (0)   13 :  0.003 0.203 0.072 0.202 0.185 0.007 0.003 0.006 0.013 0.028 0.124 0.021 0.021 0.007 0.105 
134      467    (0)   13 :  0.013 0.017 0.042 0.019 0.019 0.652 0.007 0.006 0.023 0.008 0.013 0.143 0.004 0.015 0.020 
135      468    (0)   13 :  0.002 0.008 0.012 0.008 0.008 0.088 0.003 0.007 0.016 0.002 0.007 0.010 0.025 0.008 0.796 
136      469    (0)   13 :  0.002 0.123 0.106 0.114 0.131 0.278 0.002 0.009 0.053 0.002 0.088 0.051 0.031 0.006 0.004 
137      472    (0)   13 :  0.007 0.206 0.034 0.205 0.301 0.030 0.004 0.003 0.007 0.022 0.130 0.021 0.015 0.009 0.007 
138      473    (0)   13 :  0.008 0.041 0.024 0.027 0.033 0.006 0.003 0.005 0.003 0.013 0.029 0.015 0.006 0.008 0.779 
139      474    (0)   13 :  0.018 0.008 0.251 0.009 0.009 0.130 0.002 0.004 0.017 0.002 0.015 0.020 0.002 0.008 0.504 
140      475    (0)   13 :  0.003 0.134 0.045 0.129 0.090 0.394 0.003 0.006 0.004 0.013 0.094 0.046 0.003 0.010 0.027 
141      476    (2)   13 :  0.016 0.016 0.216 0.014 0.013 0.033 0.015 0.007 0.004 0.022 0.015 0.092 0.003 0.007 0.528 
142      477    (0)   13 :  0.018 0.251 0.072 0.159 0.297 0.022 0.004 0.006 0.008 0.010 0.122 0.008 0.003 0.007 0.013 
143      478    (0)   13 :  0.002 0.183 0.035 0.141 0.192 0.024 0.002 0.054 0.013 0.002 0.089 0.239 0.003 0.017 0.004 
144      479    (0)   13 :  0.003 0.013 0.437 0.014 0.014 0.327 0.004 0.005 0.014 0.002 0.136 0.004 0.011 0.010 0.006 
145      480    (0)   13 :  0.002 0.006 0.006 0.006 0.006 0.922 0.002 0.004 0.003 0.002 0.006 0.014 0.001 0.005 0.015 
146      481    (0)   13 :  0.003 0.184 0.161 0.140 0.220 0.052 0.037 0.010 0.006 0.008 0.131 0.015 0.003 0.013 0.016 
147      482    (0)   13 :  0.052 0.136 0.060 0.166 0.124 0.026 0.002 0.005 0.004 0.004 0.143 0.170 0.085 0.018 0.004 
148      489    (0)   13 :  0.014 0.204 0.044 0.262 0.207 0.033 0.004 0.006 0.005 0.029 0.132 0.027 0.006 0.007 0.019 
149      490    (0)   13 :  0.003 0.020 0.541 0.023 0.017 0.006 0.003 0.008 0.016 0.005 0.317 0.020 0.005 0.010 0.004 
150      491    (0)   13 :  0.118 0.158 0.086 0.126 0.211 0.018 0.009 0.004 0.005 0.002 0.131 0.024 0.009 0.086 0.012 
151      492    (0)   13 :  0.011 0.033 0.211 0.032 0.034 0.039 0.005 0.032 0.013 0.016 0.025 0.066 0.003 0.009 0.471 
152      493    (0)   13 :  0.006 0.078 0.187 0.077 0.085 0.428 0.010 0.004 0.011 0.018 0.044 0.008 0.005 0.019 0.019 
153      494    (0)   13 :  0.039 0.085 0.163 0.093 0.093 0.293 0.024 0.004 0.005 0.025 0.126 0.013 0.012 0.017 0.010 
154      498    (0)   13 :  0.004 0.171 0.120 0.167 0.248 0.012 0.007 0.014 0.023 0.010 0.137 0.015 0.003 0.007 0.062 
155      499    (0)   13 :  0.007 0.213 0.044 0.227 0.141 0.007 0.003 0.005 0.011 0.008 0.185 0.090 0.003 0.048 0.007 
156      709    (0)   13 :  0.011 0.164 0.134 0.141 0.229 0.007 0.072 0.009 0.008 0.015 0.145 0.029 0.018 0.011 0.006 
157      710    (4)   13 :  0.002 0.143 0.054 0.106 0.141 0.332 0.005 0.004 0.007 0.080 0.095 0.008 0.012 0.003 0.006 
158      711    (2)   13 :  0.003 0.195 0.064 0.167 0.200 0.015 0.007 0.063 0.017 0.003 0.117 0.019 0.023 0.100 0.006 
159      712    (4)   13 :  0.003 0.008 0.593 0.009 0.009 0.007 0.002 0.007 0.006 0.002 0.331 0.006 0.004 0.008 0.003 
160      713    (0)   13 :  0.008 0.276 0.041 0.224 0.166 0.003 0.004 0.005 0.004 0.026 0.173 0.028 0.022 0.007 0.013 
161      714    (2)   13 :  0.002 0.021 0.106 0.024 0.020 0.670 0.015 0.008 0.009 0.009 0.018 0.016 0.005 0.017 0.062 
162      715    (4)   13 :  0.038 0.020 0.029 0.021 0.023 0.637 0.012 0.016 0.038 0.004 0.020 0.098 0.015 0.027 0.003 
163      716    (0)   13 :  0.004 0.016 0.197 0.028 0.019 0.652 0.003 0.005 0.003 0.002 0.023 0.031 0.005 0.005 0.009 
164      717    (2)   13 :  0.010 0.077 0.031 0.094 0.069 0.035 0.003 0.091 0.007 0.005 0.099 0.447 0.009 0.011 0.010 
165      718    (4)   13 :  0.002 0.018 0.552 0.026 0.019 0.025 0.002 0.006 0.011 0.003 0.300 0.005 0.010 0.015 0.005 
166      719    (0)   13 :  0.002 0.004 0.004 0.004 0.004 0.957 0.002 0.002 0.003 0.002 0.004 0.005 0.004 0.002 0.003 
167      720    (2)   13 :  0.017 0.052 0.029 0.054 0.060 0.655 0.002 0.006 0.007 0.008 0.024 0.054 0.009 0.010 0.013 
168      721    (0)   13 :  0.007 0.118 0.176 0.121 0.150 0.089 0.025 0.006 0.004 0.006 0.086 0.042 0.013 0.022 0.134 
169      722    (4)   13 :  0.002 0.008 0.017 0.017 0.013 0.785 0.002 0.006 0.009 0.001 0.009 0.067 0.017 0.006 0.041 
170      723    (0)   13 :  0.006 0.015 0.014 0.015 0.018 0.879 0.007 0.007 0.003 0.003 0.011 0.014 0.002 0.003 0.003 
171      724    (0)   13 :  0.008 0.017 0.043 0.017 0.017 0.722 0.005 0.012 0.015 0.019 0.013 0.021 0.062 0.007 0.022 
172      725    (0)   13 :  0.010 0.194 0.030 0.241 0.229 0.022 0.004 0.009 0.005 0.021 0.159 0.041 0.010 0.012 0.013 
173      726    (0)   13 :  0.005 0.215 0.117 0.153 0.206 0.040 0.006 0.003 0.004 0.010 0.102 0.025 0.010 0.007 0.097 
174      727    (0)   13 :  0.011 0.138 0.167 0.218 0.142 0.026 0.008 0.003 0.005 0.002 0.206 0.038 0.007 0.012 0.017 
175      728    (2)   13 :  0.006 0.186 0.022 0.247 0.236 0.010 0.093 0.014 0.009 0.006 0.124 0.024 0.010 0.010 0.004 
176      729    (6)   13 :  0.004 0.208 0.065 0.177 0.326 0.021 0.005 0.005 0.005 0.004 0.102 0.055 0.004 0.016 0.003 
177      730    (2)   13 :  0.005 0.041 0.459 0.054 0.043 0.027 0.007 0.009 0.010 0.003 0.287 0.028 0.013 0.011 0.003 
178      731    (2)   13 :  0.002 0.017 0.577 0.028 0.020 0.005 0.002 0.004 0.007 0.004 0.317 0.004 0.004 0.004 0.005 
179      732    (0)   13 :  0.005 0.165 0.068 0.285 0.191 0.041 0.002 0.011 0.010 0.008 0.154 0.029 0.006 0.010 0.013 
180      733    (0)   13 :  0.003 0.185 0.101 0.168 0.207 0.059 0.004 0.011 0.014 0.017 0.134 0.036 0.042 0.016 0.004 
181      734    (2)   13 :  0.083 0.126 0.060 0.151 0.135 0.009 0.008 0.007 0.011 0.040 0.136 0.150 0.001 0.079 0.004 
182      735    (4)   13 :  0.008 0.230 0.103 0.155 0.169 0.042 0.003 0.008 0.005 0.002 0.179 0.018 0.008 0.034 0.037 
183      736    (2)   13 :  0.023 0.126 0.213 0.216 0.115 0.006 0.017 0.004 0.004 0.010 0.212 0.028 0.003 0.017 0.005 
184      737    (0)   13 :  0.003 0.033 0.495 0.041 0.042 0.003 0.012 0.032 0.011 0.003 0.282 0.006 0.004 0.016 0.017 
185      738    (2)   13 :  0.005 0.094 0.305 0.116 0.104 0.009 0.003 0.005 0.009 0.005 0.245 0.012 0.003 0.083 0.004 
186      739    (8)   13 :  0.006 0.035 0.498 0.039 0.035 0.028 0.014 0.005 0.008 0.003 0.291 0.016 0.004 0.011 0.009 
187      740    (4)   13 :  0.002 0.047 0.427 0.048 0.059 0.120 0.002 0.005 0.006 0.006 0.247 0.008 0.016 0.004 0.003 
188      741    (2)   13 :  0.029 0.110 0.129 0.101 0.119 0.029 0.002 0.105 0.069 0.012 0.126 0.105 0.028 0.011 0.024 
189      742    (4)   13 :  0.005 0.112 0.259 0.132 0.090 0.015 0.006 0.020 0.013 0.008 0.229 0.018 0.002 0.085 0.005 
190      743    (2)   13 :  0.010 0.009 0.015 0.010 0.010 0.132 0.002 0.004 0.006 0.002 0.011 0.776 0.003 0.006 0.004 
191      744    (0)   13 :  0.004 0.162 0.036 0.166 0.137 0.209 0.023 0.005 0.005 0.101 0.103 0.034 0.004 0.006 0.005 
192      745    (0)   13 :  0.005 0.113 0.033 0.087 0.104 0.419 0.015 0.025 0.053 0.003 0.070 0.040 0.016 0.008 0.008 
193      746    (2)   13 :  0.005 0.186 0.235 0.125 0.158 0.009 0.004 0.038 0.004 0.005 0.191 0.013 0.010 0.010 0.004 
194      747    (2)   13 :  0.023 0.098 0.298 0.098 0.093 0.017 0.006 0.008 0.035 0.005 0.224 0.010 0.006 0.066 0.013 
195      748    (0)   13 :  0.016 0.102 0.065 0.082 0.139 0.008 0.006 0.032 0.117 0.012 0.055 0.010 0.019 0.069 0.269 
196      749    (2)   13 :  0.021 0.148 0.021 0.134 0.168 0.010 0.009 0.012 0.017 0.152 0.086 0.041 0.052 0.127 0.003 
197      750    (4)   13 :  0.005 0.222 0.081 0.193 0.239 0.008 0.005 0.025 0.009 0.013 0.125 0.052 0.006 0.013 0.005 
198      751    (0)   13 :  0.007 0.218 0.057 0.148 0.302 0.012 0.015 0.008 0.010 0.002 0.108 0.026 0.009 0.069 0.009 
199      752    (2)   13 :  0.003 0.007 0.019 0.006 0.007 0.101 0.001 0.005 0.012 0.002 0.010 0.007 0.003 0.005 0.813 
200      753    (4)   13 :  0.027 0.196 0.056 0.166 0.164 0.033 0.009 0.006 0.024 0.003 0.187 0.027 0.014 0.037 0.050 
201      754    (2)   13 :  0.003 0.005 0.605 0.005 0.005 0.003 0.003 0.003 0.003 0.005 0.342 0.008 0.002 0.004 0.003 
202      155    (0)   14 :  0.032 0.267 0.031 0.208 0.258 0.011 0.004 0.007 0.023 0.010 0.107 0.020 0.006 0.007 0.009 
203      156    (2)   14 :  0.005 0.185 0.022 0.299 0.148 0.009 0.099 0.006 0.012 0.011 0.141 0.047 0.006 0.007 0.003 
204      157    (2)   14 :  0.011 0.023 0.507 0.021 0.025 0.007 0.002 0.006 0.004 0.038 0.301 0.028 0.004 0.008 0.014 
205      158    (0)   14 :  0.007 0.159 0.031 0.286 0.213 0.030 0.004 0.008 0.007 0.004 0.192 0.026 0.006 0.026 0.003 
206      159    (0)   14 :  0.003 0.222 0.105 0.134 0.197 0.021 0.010 0.008 0.013 0.015 0.126 0.015 0.110 0.012 0.010 
207      160    (0)   14 :  0.009 0.050 0.481 0.042 0.056 0.104 0.003 0.003 0.017 0.003 0.123 0.035 0.004 0.042 0.030 
208      161    (0)   14 :  0.008 0.059 0.294 0.061 0.084 0.033 0.003 0.003 0.007 0.232 0.170 0.019 0.008 0.010 0.009 
209      162    (0)   14 :  0.005 0.106 0.067 0.149 0.058 0.030 0.005 0.006 0.008 0.002 0.200 0.329 0.002 0.015 0.018 
210      163    (2)   14 :  0.003 0.224 0.056 0.302 0.128 0.005 0.008 0.008 0.003 0.003 0.173 0.025 0.002 0.050 0.008 
211      164    (0)   14 :  0.018 0.238 0.070 0.168 0.180 0.020 0.002 0.010 0.056 0.016 0.142 0.022 0.005 0.014 0.038 
212      165    (2)   14 :  0.004 0.200 0.032 0.297 0.140 0.005 0.004 0.006 0.005 0.017 0.231 0.048 0.004 0.003 0.005 
213      427    (0)   14 :  0.090 0.013 0.013 0.011 0.013 0.777 0.008 0.003 0.006 0.004 0.010 0.014 0.021 0.014 0.004 
214      428    (0)   14 :  0.004 0.011 0.018 0.007 0.008 0.875 0.003 0.004 0.007 0.002 0.006 0.006 0.013 0.025 0.012 
215      429    (0)   14 :  0.003 0.010 0.006 0.010 0.013 0.455 0.003 0.009 0.005 0.002 0.007 0.459 0.006 0.006 0.007 
216      430    (0)   14 :  0.004 0.185 0.093 0.157 0.185 0.021 0.002 0.041 0.023 0.006 0.093 0.030 0.004 0.074 0.081 
217      431    (0)   14 :  0.004 0.022 0.103 0.036 0.029 0.507 0.002 0.024 0.045 0.003 0.018 0.181 0.007 0.013 0.006 
218      435    (0)   14 :  0.002 0.006 0.014 0.006 0.006 0.683 0.002 0.004 0.003 0.001 0.005 0.252 0.003 0.004 0.009 
219      436    (0)   14 :  0.004 0.007 0.173 0.008 0.008 0.723 0.002 0.004 0.010 0.003 0.007 0.029 0.006 0.004 0.011 
220      437    (0)   14 :  0.005 0.027 0.167 0.040 0.036 0.572 0.002 0.006 0.061 0.003 0.020 0.012 0.024 0.005 0.020 
221      438    (0)   14 :  0.002 0.041 0.059 0.023 0.030 0.704 0.006 0.018 0.032 0.004 0.015 0.009 0.013 0.016 0.029 
222      439    (0)   14 :  0.004 0.107 0.144 0.095 0.115 0.249 0.005 0.034 0.010 0.002 0.118 0.051 0.004 0.016 0.046 
223      441    (0)   14 :  0.002 0.003 0.002 0.003 0.003 0.006 0.001 0.006 0.003 0.002 0.003 0.003 0.001 0.003 0.958 
224      442    (0)   14 :  0.196 0.017 0.007 0.016 0.020 0.625 0.006 0.003 0.011 0.002 0.012 0.060 0.003 0.012 0.011 
225      443    (4)   14 :  0.002 0.006 0.009 0.005 0.006 0.925 0.002 0.004 0.008 0.002 0.008 0.004 0.003 0.009 0.008 
226      444    (4)   14 :  0.010 0.007 0.005 0.008 0.007 0.905 0.004 0.003 0.006 0.005 0.007 0.014 0.009 0.007 0.002 
227      445    (2)   14 :  0.003 0.114 0.038 0.064 0.127 0.538 0.007 0.005 0.035 0.002 0.039 0.006 0.008 0.004 0.008 
228      446    (0)   14 :  0.004 0.004 0.005 0.005 0.004 0.087 0.003 0.003 0.003 0.002 0.004 0.867 0.002 0.005 0.002 
229      447    (0)   14 :  0.006 0.015 0.024 0.016 0.015 0.515 0.004 0.003 0.024 0.001 0.018 0.340 0.008 0.008 0.004 
230      449    (0)   14 :  0.005 0.003 0.005 0.003 0.003 0.951 0.002 0.004 0.005 0.001 0.003 0.005 0.003 0.003 0.003 
231      460    (0)   14 :  0.006 0.036 0.017 0.031 0.040 0.592 0.002 0.008 0.018 0.006 0.028 0.109 0.007 0.007 0.092 
232      461    (0)   14 :  0.008 0.078 0.196 0.073 0.098 0.306 0.002 0.016 0.025 0.005 0.093 0.029 0.007 0.056 0.008 
233      484    (0)   14 :  0.013 0.076 0.057 0.079 0.101 0.042 0.008 0.191 0.130 0.004 0.061 0.044 0.004 0.178 0.012 
234      485    (0)   14 :  0.004 0.010 0.027 0.010 0.009 0.895 0.002 0.003 0.004 0.002 0.011 0.010 0.002 0.003 0.008 
235      486    (0)   14 :  0.002 0.002 0.002 0.002 0.002 0.002 0.001 0.002 0.002 0.001 0.002 0.002 0.001 0.002 0.977 
236      487    (0)   14 :  0.011 0.072 0.072 0.083 0.069 0.453 0.003 0.007 0.006 0.002 0.067 0.120 0.006 0.013 0.016 
237      178    (0)   15 :  0.006 0.123 0.132 0.099 0.141 0.315 0.007 0.003 0.004 0.012 0.072 0.045 0.003 0.011 0.028 
238      422    (0)   15 :  0.003 0.009 0.030 0.010 0.010 0.683 0.003 0.006 0.015 0.002 0.019 0.197 0.003 0.005 0.004 
239      425    (0)   15 :  0.003 0.012 0.036 0.013 0.015 0.108 0.001 0.002 0.004 0.002 0.011 0.772 0.006 0.006 0.008 
240      426    (0)   15 :  0.022 0.105 0.055 0.109 0.139 0.017 0.103 0.005 0.004 0.025 0.072 0.111 0.003 0.228 0.005 
241      432    (0)   15 :  0.009 0.150 0.029 0.126 0.182 0.316 0.008 0.010 0.010 0.005 0.072 0.025 0.009 0.039 0.009 
242      434    (0)   15 :  0.003 0.003 0.004 0.003 0.003 0.081 0.002 0.004 0.003 0.001 0.003 0.880 0.004 0.004 0.003 
243      440    (0)   15 :  0.013 0.092 0.052 0.091 0.096 0.102 0.002 0.007 0.005 0.003 0.057 0.414 0.002 0.035 0.027 
244      448    (2)   15 :  0.016 0.007 0.010 0.007 0.008 0.843 0.002 0.021 0.010 0.002 0.008 0.019 0.032 0.010 0.006 
245      456    (0)   15 :  0.009 0.119 0.072 0.173 0.166 0.123 0.003 0.080 0.073 0.003 0.082 0.067 0.004 0.021 0.006 
246      457    (0)   15 :  0.005 0.080 0.069 0.063 0.088 0.491 0.005 0.028 0.017 0.003 0.046 0.033 0.008 0.022 0.042 
247      458    (0)   15 :  0.017 0.125 0.246 0.113 0.199 0.054 0.006 0.004 0.013 0.004 0.086 0.054 0.005 0.052 0.021 
248      459    (0)   15 :  0.005 0.011 0.012 0.010 0.012 0.890 0.003 0.004 0.007 0.004 0.011 0.010 0.002 0.012 0.006 
249      464    (0)   15 :  0.010 0.015 0.055 0.019 0.016 0.643 0.005 0.004 0.004 0.011 0.015 0.182 0.003 0.005 0.014 
250      465    (0)   15 :  0.002 0.010 0.163 0.012 0.013 0.061 0.001 0.007 0.006 0.003 0.015 0.674 0.002 0.004 0.026 
251      466    (0)   15 :  0.005 0.054 0.043 0.044 0.054 0.690 0.001 0.007 0.019 0.001 0.025 0.025 0.015 0.008 0.010 
252      470    (0)   15 :  0.005 0.006 0.099 0.006 0.007 0.757 0.002 0.005 0.003 0.003 0.007 0.013 0.002 0.010 0.073 
253      471    (0)   15 :  0.003 0.031 0.015 0.037 0.037 0.266 0.033 0.028 0.008 0.004 0.024 0.438 0.021 0.047 0.007 
254      483    (0)   15 :  0.007 0.008 0.009 0.020 0.007 0.115 0.002 0.004 0.004 0.005 0.014 0.791 0.002 0.008 0.005 
255      488    (0)   15 :  0.006 0.033 0.353 0.032 0.040 0.290 0.003 0.004 0.019 0.002 0.076 0.011 0.002 0.015 0.114 
256      495    (0)   15 :  0.002 0.007 0.019 0.007 0.007 0.102 0.001 0.015 0.013 0.003 0.009 0.804 0.002 0.006 0.003 
257      496    (0)   15 :  0.002 0.025 0.280 0.033 0.025 0.253 0.002 0.005 0.003 0.004 0.054 0.240 0.006 0.007 0.061 
258      497    (0)   15 :  0.024 0.007 0.005 0.008 0.008 0.075 0.002 0.025 0.005 0.003 0.006 0.823 0.003 0.002 0.003 
259      500    (0)   15 :  0.003 0.050 0.048 0.064 0.061 0.071 0.004 0.022 0.487 0.062 0.054 0.011 0.014 0.008 0.042 
260      879    (0)   15 :  0.007 0.006 0.005 0.017 0.005 0.124 0.002 0.002 0.003 0.003 0.008 0.803 0.001 0.009 0.005 
261      036    (0)   16 :  0.002 0.283 0.034 0.197 0.313 0.019 0.004 0.004 0.006 0.003 0.096 0.017 0.011 0.005 0.005 
262      063    (2)   16 :  0.015 0.178 0.053 0.256 0.157 0.030 0.004 0.031 0.013 0.003 0.178 0.023 0.003 0.043 0.013 
263      094    (4)   16 :  0.009 0.104 0.316 0.074 0.118 0.039 0.005 0.011 0.077 0.012 0.182 0.014 0.010 0.017 0.010 
264      103    (4)   16 :  0.004 0.198 0.034 0.293 0.136 0.005 0.002 0.018 0.004 0.010 0.234 0.048 0.004 0.003 0.007 
265      112    (0)   16 :  0.006 0.159 0.229 0.132 0.128 0.006 0.004 0.007 0.006 0.007 0.234 0.020 0.003 0.049 0.010 
266      114    (2)   16 :  0.004 0.206 0.097 0.208 0.208 0.016 0.002 0.004 0.005 0.003 0.182 0.039 0.008 0.004 0.014 
267      120    (0)   16 :  0.004 0.026 0.559 0.017 0.017 0.007 0.002 0.005 0.012 0.003 0.308 0.008 0.011 0.012 0.008 
268      127    (2)   16 :  0.007 0.201 0.072 0.154 0.249 0.006 0.003 0.005 0.008 0.006 0.081 0.014 0.005 0.069 0.120 
269      147    (0)   16 :  0.006 0.206 0.022 0.159 0.197 0.011 0.047 0.005 0.002 0.007 0.091 0.022 0.005 0.213 0.007 
270      166    (0)   16 :  0.018 0.174 0.083 0.148 0.150 0.040 0.025 0.012 0.005 0.071 0.137 0.024 0.004 0.103 0.006 
271      167    (0)   16 :  0.005 0.098 0.047 0.138 0.056 0.016 0.005 0.049 0.007 0.005 0.182 0.347 0.014 0.006 0.027 
272      168    (0)   16 :  0.004 0.234 0.059 0.197 0.222 0.012 0.003 0.004 0.004 0.014 0.193 0.030 0.016 0.004 0.003 
273      169    (2)   16 :  0.004 0.100 0.084 0.151 0.099 0.058 0.005 0.005 0.009 0.004 0.167 0.260 0.006 0.041 0.006 
274      170    (0)   16 :  0.034 0.216 0.053 0.225 0.161 0.013 0.005 0.006 0.025 0.039 0.147 0.032 0.004 0.017 0.022 
275      171    (2)   16 :  0.004 0.174 0.034 0.291 0.122 0.006 0.010 0.009 0.066 0.005 0.212 0.038 0.003 0.021 0.003 
276      172    (0)   16 :  0.004 0.019 0.548 0.017 0.018 0.007 0.013 0.011 0.012 0.004 0.308 0.011 0.012 0.013 0.002 
277      185    (0)   16 :  0.005 0.176 0.032 0.238 0.120 0.054 0.005 0.009 0.004 0.004 0.231 0.080 0.002 0.027 0.012 
278      199    (2)   16 :  0.197 0.218 0.057 0.165 0.131 0.006 0.005 0.003 0.005 0.010 0.160 0.020 0.006 0.007 0.013 
279      339    (0)   16 :  0.008 0.084 0.090 0.117 0.038 0.021 0.005 0.014 0.006 0.002 0.179 0.409 0.002 0.010 0.014 
280      355    (0)   16 :  0.076 0.274 0.034 0.239 0.144 0.003 0.012 0.006 0.003 0.033 0.140 0.022 0.002 0.008 0.004 
281      356    (0)   16 :  0.005 0.030 0.417 0.027 0.042 0.005 0.003 0.003 0.004 0.162 0.251 0.008 0.006 0.006 0.031 
282      357    (0)   16 :  0.016 0.197 0.076 0.194 0.282 0.009 0.012 0.004 0.007 0.006 0.126 0.015 0.010 0.017 0.029 
283      358    (0)   16 :  0.004 0.267 0.020 0.192 0.321 0.011 0.006 0.049 0.008 0.004 0.072 0.019 0.002 0.011 0.015 
284      359    (0)   16 :  0.009 0.221 0.161 0.171 0.163 0.005 0.002 0.019 0.004 0.005 0.186 0.030 0.001 0.018 0.004 
285      360    (0)   16 :  0.004 0.210 0.032 0.256 0.225 0.028 0.010 0.004 0.015 0.020 0.129 0.033 0.006 0.022 0.006 
286      361    (0)   16 :  0.003 0.026 0.524 0.024 0.022 0.027 0.002 0.006 0.005 0.002 0.288 0.050 0.003 0.012 0.005 
287      362    (0)   16 :  0.005 0.148 0.047 0.110 0.139 0.036 0.005 0.011 0.221 0.013 0.090 0.093 0.002 0.075 0.004 
288      363    (0)   16 :  0.044 0.113 0.030 0.113 0.136 0.014 0.013 0.009 0.006 0.007 0.066 0.016 0.005 0.416 0.011 
289      364    (0)   16 :  0.038 0.111 0.054 0.086 0.127 0.013 0.003 0.008 0.343 0.093 0.058 0.011 0.004 0.013 0.037 
290      365    (0)   16 :  0.003 0.205 0.066 0.180 0.265 0.069 0.010 0.006 0.023 0.066 0.071 0.016 0.002 0.006 0.013 
291      366    (0)   16 :  0.003 0.260 0.068 0.171 0.299 0.005 0.027 0.011 0.004 0.005 0.118 0.011 0.001 0.013 0.003 
292      367    (0)   16 :  0.003 0.264 0.057 0.242 0.196 0.008 0.009 0.016 0.011 0.002 0.141 0.018 0.005 0.005 0.024 
293      368    (0)   16 :  0.004 0.234 0.023 0.238 0.132 0.005 0.012 0.019 0.034 0.066 0.144 0.024 0.008 0.006 0.053 
294      369    (0)   16 :  0.004 0.214 0.031 0.356 0.139 0.004 0.004 0.005 0.003 0.015 0.188 0.024 0.002 0.008 0.003 
295      370    (0)   16 :  0.007 0.093 0.312 0.077 0.099 0.015 0.011 0.042 0.005 0.074 0.216 0.016 0.012 0.015 0.005 
296      371    (0)   16 :  0.006 0.267 0.038 0.268 0.227 0.012 0.003 0.010 0.016 0.002 0.117 0.021 0.005 0.004 0.003 
297      372    (0)   16 :  0.330 0.012 0.025 0.016 0.014 0.499 0.004 0.003 0.011 0.005 0.013 0.010 0.003 0.051 0.003 
298      373    (0)   16 :  0.034 0.160 0.086 0.197 0.211 0.029 0.003 0.010 0.007 0.095 0.134 0.023 0.004 0.005 0.003 
299      380    (0)   16 :  0.009 0.209 0.071 0.193 0.254 0.012 0.006 0.009 0.017 0.011 0.114 0.016 0.041 0.036 0.003 
300      388    (0)   16 :  0.022 0.104 0.304 0.075 0.149 0.007 0.008 0.013 0.011 0.044 0.218 0.010 0.005 0.026 0.004 
301      418    (0)   16 :  0.040 0.227 0.081 0.156 0.285 0.012 0.006 0.004 0.015 0.005 0.113 0.005 0.025 0.017 0.008 
302      419    (0)   16 :  0.003 0.241 0.085 0.165 0.301 0.026 0.005 0.005 0.005 0.006 0.129 0.007 0.009 0.006 0.007 
303      420    (0)   16 :  0.066 0.165 0.066 0.156 0.193 0.095 0.046 0.012 0.044 0.006 0.096 0.022 0.003 0.015 0.013 
304      409    (0)   17 :  0.003 0.202 0.063 0.225 0.167 0.021 0.002 0.005 0.008 0.005 0.163 0.020 0.099 0.011 0.007 
305      414    (0)   17 :  0.007 0.216 0.049 0.255 0.198 0.006 0.002 0.007 0.015 0.002 0.177 0.031 0.015 0.012 0.007 
306      415    (2)   17 :  0.014 0.205 0.049 0.265 0.187 0.005 0.003 0.010 0.007 0.014 0.155 0.029 0.004 0.011 0.042 
307      416    (0)   17 :  0.011 0.234 0.065 0.171 0.213 0.034 0.003 0.029 0.027 0.003 0.097 0.020 0.078 0.011 0.005 
308      571    (0)    2 :  0.003 0.007 0.006 0.006 0.006 0.018 0.004 0.017 0.857 0.002 0.006 0.011 0.004 0.028 0.026 
309      572    (0)    2 :  0.004 0.015 0.007 0.017 0.017 0.003 0.006 0.050 0.801 0.004 0.014 0.005 0.008 0.039 0.010 
310      573    (2)    2 :  0.003 0.007 0.004 0.006 0.007 0.005 0.001 0.006 0.937 0.001 0.005 0.005 0.004 0.003 0.008 
311      574    (0)    2 :  0.002 0.010 0.006 0.009 0.009 0.005 0.003 0.009 0.902 0.008 0.008 0.008 0.013 0.005 0.005 
312      575    (2)    2 :  0.007 0.015 0.006 0.013 0.015 0.008 0.008 0.015 0.812 0.006 0.012 0.006 0.006 0.067 0.005 
313      576    (0)    2 :  0.002 0.003 0.002 0.003 0.003 0.003 0.001 0.005 0.964 0.001 0.003 0.003 0.003 0.003 0.002 
314      577    (0)    2 :  0.007 0.007 0.005 0.007 0.007 0.005 0.002 0.017 0.899 0.002 0.006 0.012 0.008 0.006 0.009 
315      578    (0)    2 :  0.007 0.003 0.003 0.003 0.003 0.005 0.002 0.004 0.904 0.001 0.003 0.005 0.047 0.004 0.004 
316      579    (0)    2 :  0.004 0.004 0.005 0.004 0.003 0.007 0.002 0.003 0.943 0.001 0.003 0.008 0.007 0.004 0.002 
317      580    (0)    2 :  0.002 0.003 0.003 0.003 0.003 0.003 0.002 0.004 0.962 0.001 0.003 0.004 0.002 0.003 0.002 
318      581    (0)    2 :  0.002 0.003 0.003 0.003 0.003 0.005 0.003 0.006 0.944 0.001 0.003 0.006 0.014 0.003 0.002 
319      582    (4)    2 :  0.017 0.020 0.012 0.022 0.017 0.010 0.050 0.012 0.757 0.004 0.023 0.045 0.003 0.006 0.003 
320      583    (0)    2 :  0.015 0.082 0.025 0.081 0.108 0.012 0.010 0.009 0.497 0.002 0.050 0.048 0.004 0.035 0.022 
321      584    (0)    2 :  0.007 0.007 0.007 0.008 0.008 0.026 0.003 0.007 0.861 0.001 0.008 0.031 0.014 0.007 0.005 
322      585    (0)    2 :  0.002 0.004 0.004 0.004 0.004 0.005 0.002 0.012 0.931 0.001 0.004 0.009 0.002 0.007 0.009 
323      586    (2)    2 :  0.010 0.004 0.003 0.004 0.004 0.006 0.002 0.008 0.931 0.001 0.003 0.007 0.004 0.006 0.004 
324      587    (0)    2 :  0.002 0.003 0.003 0.003 0.003 0.003 0.002 0.003 0.958 0.001 0.003 0.003 0.009 0.003 0.002 
325      588    (0)    2 :  0.011 0.022 0.008 0.024 0.019 0.010 0.010 0.009 0.818 0.008 0.019 0.007 0.005 0.013 0.017 
326      589    (0)    2 :  0.018 0.029 0.013 0.031 0.033 0.023 0.005 0.011 0.707 0.006 0.025 0.027 0.018 0.050 0.005 
327      590    (0)    2 :  0.011 0.006 0.007 0.006 0.007 0.006 0.009 0.038 0.792 0.004 0.006 0.005 0.034 0.003 0.066 
328      001    (0)    3 :  0.002 0.004 0.003 0.004 0.004 0.002 0.003 0.003 0.003 0.961 0.003 0.002 0.003 0.002 0.002 
329      005    (0)    3 :  0.003 0.002 0.002 0.002 0.002 0.001 0.006 0.002 0.001 0.969 0.002 0.002 0.001 0.002 0.002 
330      106    (0)    3 :  0.003 0.003 0.003 0.003 0.003 0.002 0.002 0.003 0.005 0.961 0.003 0.002 0.003 0.003 0.002 
331      192    (0)    3 :  0.011 0.016 0.008 0.019 0.017 0.005 0.005 0.004 0.007 0.871 0.015 0.005 0.006 0.009 0.003 
332      229    (0)    3 :  0.004 0.005 0.005 0.005 0.006 0.004 0.041 0.007 0.003 0.893 0.005 0.006 0.003 0.008 0.004 
333      319    (0)    3 :  0.002 0.004 0.006 0.004 0.004 0.002 0.005 0.003 0.002 0.955 0.005 0.003 0.002 0.002 0.002 
334      327    (0)    3 :  0.003 0.003 0.004 0.003 0.003 0.002 0.002 0.002 0.003 0.963 0.004 0.002 0.002 0.002 0.002 
335      340    (0)    3 :  0.003 0.005 0.004 0.005 0.004 0.002 0.004 0.004 0.003 0.949 0.005 0.003 0.001 0.002 0.004 
336      345    (0)    3 :  0.003 0.005 0.009 0.005 0.005 0.003 0.010 0.004 0.004 0.933 0.007 0.002 0.001 0.005 0.003 
337      375    (0)    3 :  0.005 0.003 0.003 0.003 0.003 0.002 0.003 0.002 0.002 0.960 0.003 0.002 0.001 0.004 0.003 
338      501    (4)    3 :  0.002 0.003 0.004 0.003 0.003 0.003 0.003 0.002 0.002 0.959 0.003 0.002 0.001 0.004 0.007 
339      502    (0)    3 :  0.003 0.005 0.005 0.004 0.005 0.002 0.008 0.004 0.003 0.915 0.004 0.003 0.003 0.007 0.028 
340      503    (2)    3 :  0.002 0.002 0.002 0.002 0.002 0.001 0.002 0.003 0.004 0.964 0.002 0.002 0.002 0.002 0.005 
341      504    (0)    3 :  0.004 0.005 0.004 0.005 0.005 0.008 0.015 0.002 0.002 0.932 0.004 0.005 0.004 0.003 0.003 
342      505    (0)    3 :  0.004 0.007 0.007 0.008 0.007 0.002 0.047 0.012 0.006 0.873 0.008 0.003 0.007 0.007 0.002 
343      506    (2)    3 :  0.002 0.006 0.005 0.007 0.006 0.004 0.005 0.002 0.002 0.939 0.006 0.004 0.002 0.006 0.004 
344      507    (4)    3 :  0.002 0.003 0.004 0.003 0.003 0.002 0.004 0.003 0.002 0.959 0.003 0.002 0.001 0.005 0.004 
345      508    (0)    3 :  0.002 0.006 0.007 0.006 0.006 0.006 0.003 0.006 0.004 0.915 0.007 0.004 0.002 0.005 0.020 
346      509    (2)    3 :  0.004 0.003 0.003 0.003 0.003 0.002 0.003 0.003 0.002 0.961 0.003 0.004 0.001 0.003 0.003 
347      510    (2)    3 :  0.020 0.005 0.003 0.005 0.006 0.007 0.003 0.002 0.002 0.927 0.004 0.005 0.003 0.003 0.004 
348      511    (4)    3 :  0.002 0.003 0.003 0.003 0.003 0.003 0.002 0.002 0.003 0.962 0.003 0.003 0.003 0.002 0.005 
349      512    (4)    3 :  0.003 0.003 0.003 0.003 0.003 0.003 0.006 0.002 0.002 0.957 0.003 0.002 0.002 0.004 0.002 
350      513    (0)    3 :  0.019 0.003 0.003 0.003 0.004 0.003 0.007 0.002 0.002 0.941 0.003 0.003 0.002 0.003 0.002 
351      514    (0)    3 :  0.002 0.004 0.003 0.004 0.003 0.002 0.002 0.002 0.001 0.959 0.004 0.010 0.001 0.002 0.002 
352      515    (2)    3 :  0.003 0.002 0.002 0.003 0.002 0.002 0.004 0.003 0.002 0.965 0.002 0.003 0.001 0.002 0.003 
353      516    (2)    3 :  0.007 0.005 0.005 0.006 0.005 0.004 0.004 0.004 0.003 0.929 0.005 0.005 0.003 0.005 0.010 
354      517    (0)    3 :  0.002 0.002 0.002 0.002 0.002 0.008 0.004 0.001 0.001 0.967 0.002 0.001 0.001 0.002 0.002 
355      518    (0)    3 :  0.003 0.006 0.005 0.006 0.006 0.005 0.003 0.006 0.003 0.935 0.006 0.004 0.002 0.004 0.005 
356      519    (0)    3 :  0.003 0.003 0.003 0.003 0.003 0.003 0.002 0.003 0.003 0.960 0.003 0.002 0.003 0.002 0.004 
357      520    (2)    3 :  0.006 0.003 0.003 0.003 0.003 0.005 0.002 0.002 0.003 0.955 0.003 0.003 0.004 0.003 0.002 
358      521    (2)    3 :  0.003 0.002 0.003 0.002 0.002 0.002 0.006 0.003 0.003 0.957 0.003 0.002 0.007 0.003 0.002 
359      522    (0)    3 :  0.005 0.006 0.008 0.006 0.006 0.009 0.001 0.004 0.006 0.904 0.005 0.004 0.013 0.004 0.019 
360      523    (2)    3 :  0.002 0.007 0.006 0.007 0.007 0.005 0.004 0.008 0.005 0.927 0.006 0.005 0.004 0.004 0.004 
361      524    (0)    3 :  0.006 0.011 0.012 0.009 0.011 0.009 0.003 0.027 0.009 0.809 0.009 0.004 0.013 0.006 0.060 
362      525    (0)    3 :  0.003 0.003 0.003 0.003 0.003 0.002 0.001 0.001 0.002 0.969 0.003 0.002 0.001 0.002 0.003 
363      526    (2)    3 :  0.002 0.002 0.002 0.002 0.002 0.003 0.012 0.002 0.002 0.959 0.002 0.002 0.002 0.002 0.002 
364      527    (2)    4 :  0.010 0.008 0.005 0.008 0.008 0.007 0.005 0.026 0.875 0.007 0.006 0.009 0.002 0.006 0.018 
365      528    (4)    4 :  0.008 0.026 0.020 0.023 0.024 0.005 0.003 0.094 0.399 0.002 0.022 0.007 0.016 0.347 0.004 
366      529    (4)    4 :  0.004 0.018 0.013 0.015 0.020 0.017 0.009 0.014 0.720 0.003 0.012 0.016 0.016 0.117 0.006 
367      530    (0)    4 :  0.005 0.007 0.008 0.008 0.006 0.003 0.004 0.008 0.912 0.007 0.009 0.003 0.004 0.010 0.005 
368      531    (2)    4 :  0.004 0.007 0.008 0.007 0.007 0.006 0.005 0.011 0.894 0.004 0.007 0.004 0.010 0.023 0.003 
369      532    (4)    4 :  0.002 0.013 0.018 0.013 0.014 0.004 0.002 0.020 0.761 0.003 0.016 0.005 0.003 0.102 0.024 
370      533    (0)    4 :  0.002 0.063 0.031 0.060 0.061 0.011 0.003 0.042 0.601 0.008 0.048 0.029 0.022 0.017 0.003 
371      534    (2)    4 :  0.006 0.008 0.005 0.008 0.008 0.005 0.002 0.082 0.840 0.003 0.007 0.005 0.013 0.007 0.003 
372      535    (2)    4 :  0.002 0.011 0.010 0.011 0.011 0.008 0.005 0.010 0.873 0.002 0.011 0.005 0.004 0.027 0.008 
373      536    (2)    4 :  0.002 0.005 0.006 0.006 0.006 0.005 0.012 0.010 0.903 0.002 0.006 0.005 0.026 0.003 0.004 
374      537    (2)    4 :  0.013 0.006 0.005 0.006 0.006 0.008 0.002 0.007 0.915 0.002 0.005 0.007 0.008 0.006 0.003 
375      538    (2)    4 :  0.004 0.038 0.034 0.044 0.034 0.012 0.002 0.049 0.684 0.006 0.045 0.035 0.003 0.005 0.005 
376      539    (2)    4 :  0.002 0.005 0.005 0.005 0.005 0.003 0.002 0.155 0.794 0.001 0.005 0.003 0.003 0.006 0.005 
377      540    (2)    4 :  0.002 0.013 0.016 0.014 0.013 0.016 0.001 0.011 0.866 0.001 0.015 0.009 0.011 0.006 0.006 
378      541    (2)    4 :  0.003 0.009 0.017 0.008 0.009 0.026 0.002 0.063 0.765 0.003 0.013 0.023 0.008 0.047 0.005 
379      542    (2)    4 :  0.010 0.020 0.033 0.020 0.021 0.035 0.004 0.079 0.704 0.002 0.020 0.020 0.010 0.016 0.006 
380      543    (0)    4 :  0.014 0.068 0.022 0.052 0.081 0.034 0.002 0.038 0.604 0.003 0.031 0.015 0.020 0.011 0.005 
381      544    (2)    4 :  0.002 0.004 0.005 0.004 0.004 0.003 0.002 0.022 0.935 0.003 0.005 0.003 0.004 0.003 0.002 
382      545    (2)    4 :  0.002 0.009 0.008 0.009 0.010 0.005 0.001 0.881 0.032 0.002 0.008 0.010 0.004 0.005 0.013 
383      546    (4)    4 :  0.002 0.022 0.011 0.022 0.024 0.004 0.002 0.837 0.016 0.002 0.017 0.012 0.005 0.004 0.021 
384      547    (6)    4 :  0.029 0.045 0.019 0.040 0.039 0.010 0.016 0.011 0.673 0.004 0.036 0.027 0.009 0.009 0.035 
385      019    (0)    5 :  0.004 0.007 0.006 0.007 0.007 0.026 0.004 0.803 0.075 0.002 0.007 0.024 0.008 0.018 0.003 
386      064    (0)    5 :  0.002 0.002 0.002 0.002 0.002 0.002 0.001 0.944 0.028 0.001 0.002 0.002 0.002 0.002 0.003 
387      065    (0)    5 :  0.001 0.002 0.003 0.002 0.002 0.003 0.001 0.026 0.943 0.001 0.002 0.003 0.005 0.003 0.002 
388      066    (0)    5 :  0.003 0.011 0.010 0.010 0.011 0.015 0.002 0.616 0.275 0.003 0.010 0.015 0.006 0.004 0.009 
389      067    (0)    5 :  0.009 0.007 0.005 0.007 0.008 0.011 0.006 0.874 0.011 0.005 0.006 0.023 0.008 0.015 0.005 
390      068    (0)    5 :  0.028 0.009 0.008 0.008 0.009 0.008 0.002 0.029 0.822 0.002 0.007 0.009 0.008 0.016 0.034 
391      069    (0)    5 :  0.004 0.005 0.007 0.005 0.005 0.006 0.001 0.797 0.120 0.001 0.006 0.003 0.011 0.008 0.021 
392      107    (0)    5 :  0.002 0.004 0.003 0.004 0.004 0.007 0.001 0.526 0.425 0.001 0.004 0.005 0.003 0.004 0.005 
393      110    (0)    5 :  0.001 0.002 0.002 0.002 0.002 0.002 0.003 0.963 0.003 0.001 0.002 0.003 0.002 0.008 0.003 
394      121    (0)    5 :  0.003 0.004 0.004 0.005 0.004 0.004 0.001 0.024 0.921 0.001 0.004 0.008 0.002 0.011 0.003 
395      137    (0)    5 :  0.002 0.008 0.005 0.008 0.008 0.006 0.009 0.909 0.008 0.002 0.007 0.014 0.005 0.004 0.004 
396      146    (0)    5 :  0.004 0.010 0.039 0.009 0.009 0.004 0.003 0.583 0.272 0.004 0.027 0.008 0.019 0.006 0.002 
397      149    (0)    5 :  0.002 0.004 0.004 0.004 0.004 0.004 0.003 0.946 0.005 0.001 0.004 0.009 0.002 0.005 0.002 
398      154    (0)    5 :  0.016 0.007 0.004 0.006 0.006 0.006 0.002 0.718 0.058 0.003 0.006 0.008 0.153 0.005 0.003 
399      179    (0)    5 :  0.004 0.004 0.004 0.004 0.004 0.005 0.002 0.559 0.386 0.002 0.004 0.004 0.004 0.004 0.009 
400      181    (0)    5 :  0.002 0.004 0.003 0.004 0.004 0.003 0.002 0.784 0.177 0.001 0.004 0.003 0.004 0.003 0.002 
401      182    (0)    5 :  0.014 0.013 0.010 0.012 0.013 0.005 0.002 0.117 0.740 0.003 0.012 0.008 0.006 0.026 0.017 
402      186    (0)    5 :  0.004 0.016 0.024 0.016 0.016 0.009 0.006 0.634 0.132 0.005 0.020 0.010 0.004 0.092 0.011 
403      193    (0)    5 :  0.004 0.007 0.006 0.007 0.007 0.011 0.002 0.448 0.473 0.003 0.007 0.006 0.008 0.006 0.004 
404      320    (0)    5 :  0.010 0.005 0.009 0.006 0.005 0.005 0.003 0.895 0.028 0.001 0.008 0.007 0.009 0.007 0.003 
405      341    (0)    5 :  0.004 0.005 0.008 0.006 0.006 0.011 0.002 0.041 0.886 0.001 0.007 0.010 0.003 0.004 0.006 
406      376    (0)    5 :  0.003 0.010 0.011 0.010 0.011 0.006 0.003 0.249 0.600 0.037 0.010 0.004 0.009 0.024 0.013 
407      395    (0)    5 :  0.004 0.007 0.010 0.006 0.007 0.032 0.006 0.676 0.169 0.001 0.006 0.005 0.055 0.012 0.005 
408      396    (0)    5 :  0.002 0.003 0.004 0.003 0.003 0.003 0.003 0.037 0.925 0.002 0.003 0.003 0.003 0.002 0.006 
409      397    (0)    5 :  0.007 0.005 0.004 0.005 0.005 0.003 0.010 0.077 0.856 0.001 0.005 0.005 0.011 0.005 0.002 
410      398    (0)    5 :  0.004 0.006 0.007 0.005 0.006 0.005 0.004 0.471 0.407 0.002 0.006 0.003 0.059 0.012 0.004 
411      399    (0)    5 :  0.003 0.005 0.006 0.005 0.005 0.003 0.002 0.007 0.931 0.002 0.006 0.005 0.002 0.012 0.007 
412      400    (0)    5 :  0.002 0.006 0.010 0.006 0.007 0.003 0.002 0.904 0.022 0.001 0.008 0.004 0.006 0.010 0.010 
413      401    (0)    5 :  0.002 0.013 0.008 0.012 0.012 0.004 0.003 0.828 0.078 0.004 0.011 0.008 0.006 0.004 0.007 
414      402    (0)    5 :  0.003 0.003 0.003 0.003 0.003 0.002 0.002 0.957 0.003 0.003 0.003 0.002 0.002 0.006 0.004 
415      403    (0)    5 :  0.004 0.008 0.022 0.008 0.009 0.011 0.012 0.434 0.419 0.002 0.016 0.021 0.004 0.021 0.009 
416      073    (0)    6 :  0.002 0.004 0.004 0.004 0.004 0.006 0.002 0.006 0.948 0.002 0.004 0.005 0.001 0.006 0.003 
417      074    (0)    6 :  0.005 0.008 0.004 0.007 0.007 0.006 0.002 0.004 0.897 0.007 0.006 0.004 0.040 0.002 0.002 
418      075    (0)    6 :  0.004 0.005 0.008 0.005 0.005 0.005 0.003 0.009 0.925 0.002 0.006 0.008 0.006 0.005 0.003 
419      076    (0)    6 :  0.006 0.006 0.006 0.006 0.006 0.004 0.005 0.008 0.912 0.005 0.006 0.009 0.004 0.012 0.004 
420      077    (0)    6 :  0.008 0.006 0.006 0.007 0.007 0.011 0.003 0.012 0.908 0.001 0.007 0.008 0.003 0.005 0.007 
421      078    (0)    6 :  0.005 0.026 0.017 0.033 0.028 0.006 0.005 0.011 0.809 0.003 0.030 0.013 0.006 0.005 0.004 
422      079    (0)    6 :  0.002 0.012 0.007 0.011 0.014 0.005 0.001 0.013 0.896 0.002 0.009 0.009 0.003 0.007 0.008 
423      080    (0)    6 :  0.019 0.006 0.004 0.006 0.005 0.003 0.002 0.006 0.914 0.003 0.005 0.007 0.003 0.013 0.005 
424      081    (0)    6 :  0.003 0.011 0.007 0.010 0.011 0.047 0.016 0.046 0.806 0.004 0.008 0.007 0.012 0.008 0.004 
425      082    (0)    6 :  0.003 0.003 0.003 0.003 0.003 0.003 0.002 0.022 0.939 0.001 0.003 0.002 0.003 0.005 0.004 
426      083    (0)    6 :  0.002 0.008 0.005 0.008 0.007 0.004 0.003 0.022 0.907 0.002 0.007 0.005 0.011 0.005 0.007 
427      084    (0)    6 :  0.002 0.005 0.004 0.005 0.005 0.009 0.005 0.013 0.826 0.004 0.005 0.011 0.101 0.003 0.002 
428      085    (0)    6 :  0.003 0.016 0.068 0.015 0.018 0.068 0.016 0.055 0.666 0.002 0.016 0.012 0.008 0.008 0.029 
429      404    (0)    6 :  0.003 0.004 0.004 0.004 0.004 0.005 0.003 0.010 0.923 0.001 0.004 0.006 0.019 0.005 0.003 
430      405    (0)    6 :  0.002 0.005 0.004 0.005 0.005 0.010 0.010 0.006 0.930 0.002 0.005 0.004 0.005 0.004 0.002 
431      406    (0)    6 :  0.003 0.009 0.006 0.009 0.009 0.004 0.008 0.004 0.909 0.005 0.009 0.004 0.008 0.007 0.006 
432      407    (0)    6 :  0.003 0.006 0.005 0.005 0.006 0.007 0.003 0.091 0.852 0.001 0.005 0.006 0.005 0.003 0.002 
433      408    (0)    6 :  0.005 0.005 0.004 0.004 0.004 0.005 0.001 0.004 0.948 0.001 0.004 0.003 0.006 0.004 0.002 
434      411    (2)    6 :  0.003 0.003 0.003 0.003 0.003 0.004 0.002 0.006 0.957 0.001 0.003 0.003 0.005 0.002 0.003 
435      412    (0)    6 :  0.006 0.008 0.008 0.007 0.009 0.017 0.005 0.008 0.870 0.027 0.006 0.005 0.004 0.011 0.009 
436      413    (0)    6 :  0.002 0.005 0.004 0.007 0.005 0.004 0.002 0.013 0.937 0.001 0.006 0.005 0.003 0.002 0.002 
437      591    (0)    7 :  0.004 0.005 0.006 0.005 0.006 0.008 0.006 0.003 0.004 0.015 0.006 0.008 0.008 0.913 0.005 
438      592    (0)    7 :  0.005 0.007 0.015 0.008 0.008 0.101 0.003 0.004 0.010 0.003 0.010 0.013 0.005 0.803 0.005 
439      593    (0)    7 :  0.002 0.007 0.006 0.007 0.007 0.006 0.006 0.006 0.009 0.002 0.007 0.007 0.004 0.921 0.005 
440      594    (0)    7 :  0.010 0.020 0.019 0.018 0.022 0.037 0.005 0.009 0.038 0.003 0.025 0.011 0.007 0.771 0.004 
441      595    (0)    7 :  0.012 0.025 0.009 0.025 0.020 0.004 0.004 0.014 0.010 0.005 0.018 0.009 0.003 0.835 0.006 
442      596    (0)    7 :  0.019 0.006 0.006 0.006 0.006 0.005 0.006 0.005 0.005 0.002 0.007 0.004 0.002 0.915 0.006 
443      597    (0)    7 :  0.006 0.013 0.016 0.016 0.016 0.013 0.002 0.027 0.033 0.001 0.011 0.008 0.003 0.830 0.004 
444      598    (0)    7 :  0.030 0.056 0.094 0.048 0.062 0.014 0.002 0.033 0.007 0.002 0.062 0.011 0.003 0.555 0.021 
445      599    (0)    7 :  0.003 0.008 0.008 0.008 0.008 0.082 0.006 0.003 0.005 0.003 0.006 0.088 0.003 0.767 0.004 
446      600    (0)    7 :  0.011 0.006 0.006 0.006 0.006 0.003 0.004 0.007 0.004 0.002 0.006 0.006 0.001 0.928 0.004 
447      601    (0)    7 :  0.002 0.017 0.018 0.019 0.017 0.025 0.002 0.026 0.022 0.002 0.016 0.021 0.002 0.803 0.006 
448      602    (0)    7 :  0.005 0.015 0.009 0.014 0.016 0.009 0.004 0.015 0.006 0.004 0.010 0.010 0.004 0.871 0.007 
449      603    (0)    7 :  0.009 0.039 0.149 0.039 0.052 0.470 0.008 0.004 0.007 0.003 0.028 0.028 0.010 0.140 0.014 
450      604    (0)    7 :  0.008 0.012 0.010 0.013 0.012 0.003 0.002 0.006 0.009 0.004 0.013 0.004 0.003 0.892 0.009 
451      605    (0)    7 :  0.024 0.023 0.072 0.022 0.026 0.007 0.004 0.007 0.009 0.019 0.047 0.012 0.003 0.722 0.004 
452      606    (0)    7 :  0.007 0.009 0.009 0.009 0.010 0.009 0.020 0.003 0.004 0.004 0.010 0.009 0.004 0.889 0.003 
453      607    (0)    7 :  0.008 0.004 0.007 0.005 0.005 0.002 0.003 0.014 0.009 0.003 0.006 0.003 0.002 0.796 0.135 
454      608    (0)    7 :  0.003 0.006 0.007 0.006 0.005 0.006 0.002 0.004 0.005 0.001 0.006 0.021 0.005 0.903 0.019 
455      609    (0)    7 :  0.003 0.009 0.008 0.008 0.008 0.004 0.004 0.004 0.004 0.002 0.008 0.005 0.004 0.921 0.008 
456      610    (0)    7 :  0.009 0.118 0.043 0.105 0.120 0.013 0.003 0.007 0.020 0.004 0.061 0.026 0.009 0.429 0.032 
457      611    (2)    7 :  0.007 0.009 0.007 0.009 0.008 0.004 0.003 0.008 0.011 0.002 0.008 0.003 0.012 0.888 0.022 
458      612    (0)    7 :  0.038 0.023 0.011 0.023 0.018 0.007 0.002 0.061 0.009 0.004 0.017 0.011 0.003 0.624 0.150 
459      755    (0)    7 :  0.041 0.036 0.021 0.028 0.044 0.017 0.002 0.009 0.018 0.027 0.022 0.004 0.028 0.458 0.244 
460      756    (0)    7 :  0.003 0.005 0.008 0.005 0.006 0.010 0.003 0.003 0.012 0.002 0.006 0.005 0.008 0.910 0.012 
461      757    (0)    7 :  0.005 0.011 0.012 0.009 0.011 0.010 0.003 0.006 0.009 0.003 0.013 0.006 0.004 0.889 0.008 
462      002    (0)    8 :  0.002 0.008 0.012 0.008 0.008 0.005 0.003 0.407 0.496 0.003 0.008 0.003 0.022 0.006 0.009 
463      099    (2)    8 :  0.045 0.028 0.011 0.030 0.027 0.023 0.004 0.005 0.004 0.713 0.026 0.055 0.008 0.008 0.013 
464      641    (2)    8 :  0.004 0.085 0.036 0.119 0.084 0.008 0.015 0.255 0.174 0.015 0.093 0.019 0.012 0.051 0.031 
465      642    (0)    8 :  0.003 0.008 0.014 0.008 0.009 0.013 0.003 0.005 0.878 0.003 0.010 0.014 0.009 0.019 0.005 
466      643    (2)    8 :  0.003 0.012 0.053 0.016 0.015 0.020 0.003 0.008 0.776 0.004 0.032 0.012 0.016 0.027 0.005 
467      644    (0)    8 :  0.008 0.009 0.017 0.009 0.009 0.014 0.004 0.028 0.849 0.003 0.012 0.016 0.007 0.006 0.010 
468      645    (0)    8 :  0.003 0.032 0.149 0.027 0.035 0.025 0.037 0.015 0.408 0.002 0.087 0.009 0.017 0.038 0.116 
469      646    (0)    8 :  0.009 0.056 0.066 0.049 0.069 0.007 0.010 0.391 0.055 0.004 0.047 0.011 0.012 0.012 0.202 
470      006    (0)    9 :  0.003 0.024 0.010 0.024 0.023 0.008 0.003 0.008 0.225 0.005 0.014 0.006 0.632 0.006 0.009 
471      011    (0)    9 :  0.003 0.003 0.003 0.003 0.003 0.004 0.002 0.003 0.956 0.001 0.003 0.003 0.009 0.003 0.002 
472      033    (2)    9 :  0.002 0.006 0.010 0.006 0.006 0.009 0.002 0.022 0.274 0.001 0.005 0.004 0.625 0.021 0.005 
473      048    (0)    9 :  0.005 0.017 0.011 0.018 0.018 0.214 0.009 0.011 0.544 0.002 0.016 0.068 0.044 0.016 0.007 
474      061    (0)    9 :  0.001 0.002 0.002 0.002 0.002 0.002 0.004 0.002 0.002 0.001 0.002 0.001 0.974 0.001 0.002 
475      088    (0)    9 :  0.007 0.013 0.013 0.013 0.014 0.018 0.005 0.016 0.829 0.003 0.014 0.016 0.023 0.013 0.004 
476      091    (0)    9 :  0.005 0.004 0.003 0.004 0.004 0.003 0.002 0.003 0.010 0.001 0.004 0.003 0.945 0.005 0.006 
477      098    (0)    9 :  0.003 0.006 0.005 0.006 0.006 0.020 0.012 0.016 0.871 0.001 0.005 0.011 0.008 0.021 0.007 
478      104    (0)    9 :  0.002 0.003 0.003 0.003 0.003 0.006 0.002 0.044 0.920 0.001 0.003 0.003 0.003 0.002 0.002 
479      196    (0)    9 :  0.005 0.006 0.006 0.005 0.006 0.010 0.005 0.023 0.327 0.001 0.005 0.008 0.581 0.009 0.003 
480      197    (0)    9 :  0.013 0.026 0.014 0.022 0.027 0.012 0.008 0.018 0.545 0.003 0.020 0.012 0.264 0.012 0.004 
481      201    (0)    9 :  0.001 0.006 0.009 0.005 0.005 0.005 0.001 0.013 0.340 0.001 0.008 0.003 0.594 0.005 0.002 
482      202    (0)    9 :  0.013 0.014 0.010 0.014 0.014 0.022 0.020 0.020 0.794 0.009 0.013 0.017 0.032 0.005 0.003 
483      204    (0)    9 :  0.002 0.004 0.006 0.003 0.004 0.011 0.002 0.035 0.536 0.001 0.004 0.003 0.377 0.003 0.009 
484      231    (0)    9 :  0.005 0.005 0.007 0.005 0.005 0.015 0.001 0.066 0.852 0.001 0.005 0.007 0.008 0.010 0.010 
485      328    (0)    9 :  0.002 0.004 0.005 0.004 0.004 0.005 0.005 0.003 0.700 0.001 0.004 0.004 0.250 0.006 0.002 
486      346    (0)    9 :  0.007 0.004 0.004 0.004 0.005 0.005 0.003 0.009 0.624 0.002 0.004 0.004 0.314 0.008 0.003 


Estimated Allele Frequencies in each cluster
First column gives estimated ancestral frequencies


Locus 1 : 1 
4 alleles
0.0% missing data
  89   (0.532) 0.642 0.551 0.502 0.555 0.546 0.591 0.065 0.300 0.625 0.295 0.529 0.498 0.698 0.551 0.702 
  91   (0.386) 0.312 0.373 0.448 0.378 0.376 0.360 0.708 0.582 0.314 0.668 0.405 0.390 0.293 0.432 0.281 
  93   (0.066) 0.046 0.061 0.043 0.055 0.059 0.022 0.098 0.116 0.061 0.036 0.057 0.107 0.008 0.014 0.014 
  99   (0.015) 0.001 0.016 0.007 0.011 0.018 0.027 0.129 0.001 0.000 0.001 0.009 0.005 0.001 0.002 0.003 

Locus 2 : 2 
6 alleles
1.0% missing data
 136   (0.351) 0.458 0.356 0.437 0.370 0.348 0.071 0.188 0.724 0.552 0.452 0.422 0.101 0.113 0.414 0.142 
 134   (0.235) 0.380 0.217 0.210 0.203 0.221 0.266 0.027 0.165 0.143 0.196 0.204 0.216 0.205 0.402 0.613 
 138   (0.297) 0.155 0.309 0.267 0.312 0.309 0.496 0.772 0.099 0.255 0.219 0.280 0.564 0.245 0.151 0.186 
 140   (0.068) 0.004 0.067 0.045 0.068 0.070 0.039 0.008 0.008 0.049 0.122 0.053 0.045 0.433 0.016 0.020 
 132   (0.021) 0.001 0.030 0.010 0.028 0.028 0.003 0.002 0.002 0.000 0.001 0.022 0.008 0.002 0.003 0.004 
 142   (0.028) 0.002 0.020 0.031 0.019 0.024 0.126 0.003 0.003 0.001 0.009 0.019 0.066 0.003 0.014 0.035 

Locus 3 : 3 
6 alleles
0.0% missing data
 181   (0.254) 0.068 0.245 0.175 0.253 0.244 0.382 0.180 0.094 0.231 0.073 0.229 0.331 0.074 0.405 0.270 
 187   (0.346) 0.258 0.357 0.343 0.368 0.350 0.178 0.775 0.546 0.516 0.345 0.364 0.193 0.688 0.166 0.231 
 179   (0.247) 0.015 0.257 0.303 0.245 0.256 0.205 0.029 0.346 0.228 0.052 0.262 0.263 0.222 0.397 0.339 
 191   (0.032) 0.199 0.030 0.013 0.028 0.033 0.007 0.003 0.003 0.022 0.009 0.024 0.008 0.004 0.006 0.007 
 185   (0.075) 0.457 0.073 0.064 0.070 0.077 0.042 0.008 0.008 0.002 0.284 0.064 0.188 0.007 0.018 0.119 
 175   (0.046) 0.003 0.038 0.102 0.036 0.041 0.186 0.005 0.004 0.001 0.236 0.057 0.016 0.004 0.008 0.034 

Locus 4 : 4 
12 alleles
0.2% missing data
 253   (0.490) 0.464 0.513 0.510 0.520 0.515 0.641 0.595 0.459 0.757 0.170 0.515 0.303 0.623 0.614 0.536 
 249   (0.029) 0.002 0.025 0.009 0.023 0.025 0.004 0.004 0.020 0.058 0.066 0.017 0.007 0.316 0.005 0.005 
 271   (0.043) 0.003 0.041 0.034 0.040 0.042 0.008 0.005 0.053 0.028 0.110 0.035 0.012 0.005 0.010 0.015 
 241   (0.155) 0.149 0.143 0.177 0.137 0.140 0.103 0.183 0.356 0.021 0.528 0.159 0.210 0.023 0.139 0.170 
 257   (0.006) 0.000 0.004 0.004 0.004 0.005 0.001 0.001 0.003 0.000 0.000 0.004 0.001 0.001 0.001 0.001 
 269   (0.173) 0.100 0.169 0.174 0.169 0.165 0.180 0.201 0.086 0.134 0.031 0.172 0.433 0.021 0.187 0.247 
 247   (0.065) 0.279 0.078 0.054 0.083 0.075 0.056 0.007 0.007 0.002 0.026 0.067 0.026 0.008 0.033 0.018 
 245   (0.009) 0.001 0.006 0.002 0.005 0.007 0.001 0.001 0.001 0.000 0.066 0.004 0.002 0.001 0.001 0.001 
 239   (0.011) 0.001 0.008 0.013 0.008 0.010 0.001 0.001 0.001 0.000 0.001 0.011 0.002 0.001 0.003 0.002 
 273   (0.008) 0.000 0.005 0.014 0.004 0.006 0.001 0.001 0.001 0.000 0.001 0.010 0.001 0.001 0.001 0.001 
 267   (0.006) 0.000 0.004 0.002 0.003 0.005 0.001 0.001 0.013 0.000 0.000 0.003 0.001 0.001 0.001 0.002 
 255   (0.006) 0.000 0.004 0.004 0.004 0.005 0.005 0.001 0.001 0.000 0.000 0.003 0.002 0.001 0.003 0.001 

Locus 5 : 5 
6 alleles
0.6% missing data
 103   (0.850) 0.979 0.826 0.871 0.821 0.827 0.962 0.983 0.964 0.993 0.736 0.832 0.923 0.985 0.928 0.954 
 104   (0.063) 0.004 0.082 0.055 0.085 0.084 0.017 0.007 0.028 0.005 0.073 0.079 0.055 0.007 0.027 0.025 
 101   (0.010) 0.013 0.007 0.003 0.006 0.008 0.001 0.001 0.001 0.000 0.001 0.004 0.002 0.001 0.002 0.005 
 105   (0.048) 0.003 0.056 0.055 0.056 0.052 0.017 0.005 0.004 0.001 0.164 0.058 0.013 0.005 0.035 0.011 
 102   (0.015) 0.001 0.016 0.007 0.020 0.016 0.002 0.002 0.001 0.000 0.001 0.016 0.004 0.001 0.004 0.002 
 107   (0.015) 0.001 0.013 0.008 0.012 0.013 0.002 0.001 0.001 0.000 0.025 0.011 0.003 0.001 0.003 0.002 

Locus 6 : 6 
5 alleles
0.2% missing data
 141   (0.265) 0.133 0.263 0.248 0.244 0.270 0.288 0.030 0.323 0.588 0.112 0.233 0.082 0.834 0.309 0.733 
 145   (0.404) 0.262 0.427 0.490 0.457 0.412 0.577 0.409 0.122 0.182 0.023 0.488 0.587 0.073 0.445 0.127 
 135   (0.236) 0.287 0.230 0.202 0.218 0.233 0.122 0.550 0.358 0.190 0.636 0.205 0.300 0.076 0.139 0.101 
 147   (0.083) 0.317 0.072 0.051 0.074 0.076 0.012 0.010 0.195 0.039 0.126 0.066 0.027 0.015 0.105 0.038 
 137   (0.011) 0.001 0.008 0.008 0.007 0.009 0.001 0.001 0.002 0.000 0.102 0.008 0.004 0.001 0.002 0.002 

Locus 7 : 7 
10 alleles
1.2% missing data
  93   (0.220) 0.066 0.196 0.278 0.184 0.202 0.359 0.795 0.404 0.333 0.113 0.215 0.124 0.615 0.215 0.305 
 103   (0.302) 0.514 0.322 0.323 0.338 0.321 0.351 0.040 0.276 0.403 0.017 0.332 0.380 0.081 0.527 0.157 
  91   (0.069) 0.154 0.069 0.044 0.069 0.066 0.047 0.010 0.007 0.034 0.060 0.060 0.019 0.007 0.043 0.041 
  97   (0.198) 0.253 0.206 0.112 0.201 0.199 0.089 0.128 0.170 0.163 0.262 0.178 0.303 0.028 0.158 0.193 
  85   (0.046) 0.003 0.047 0.036 0.050 0.045 0.015 0.007 0.009 0.045 0.003 0.043 0.096 0.006 0.014 0.010 
  89   (0.083) 0.005 0.069 0.097 0.066 0.072 0.094 0.011 0.127 0.020 0.300 0.065 0.053 0.255 0.029 0.279 
  83   (0.049) 0.003 0.064 0.099 0.066 0.065 0.041 0.006 0.005 0.001 0.003 0.087 0.017 0.005 0.009 0.010 
 105   (0.013) 0.001 0.013 0.005 0.012 0.013 0.002 0.002 0.001 0.000 0.092 0.009 0.003 0.001 0.002 0.002 
 101   (0.009) 0.001 0.007 0.003 0.008 0.008 0.001 0.001 0.001 0.000 0.124 0.006 0.002 0.001 0.001 0.001 
  99   (0.009) 0.001 0.007 0.003 0.006 0.008 0.001 0.001 0.001 0.000 0.025 0.005 0.002 0.001 0.001 0.001 

Locus 8 : 8 
8 alleles
0.0% missing data
 129   (0.554) 0.639 0.567 0.644 0.591 0.558 0.698 0.201 0.485 0.705 0.302 0.616 0.710 0.668 0.403 0.542 
 141   (0.054) 0.215 0.050 0.026 0.046 0.051 0.015 0.006 0.144 0.098 0.003 0.034 0.024 0.008 0.092 0.011 
 149   (0.077) 0.012 0.075 0.065 0.068 0.079 0.076 0.008 0.035 0.143 0.302 0.062 0.039 0.011 0.018 0.238 
 143   (0.262) 0.129 0.261 0.234 0.250 0.265 0.196 0.698 0.331 0.053 0.297 0.249 0.211 0.308 0.479 0.178 
 127   (0.018) 0.001 0.016 0.006 0.018 0.016 0.002 0.045 0.002 0.000 0.094 0.011 0.004 0.001 0.003 0.003 
 131   (0.012) 0.002 0.008 0.003 0.008 0.009 0.009 0.039 0.001 0.000 0.001 0.006 0.004 0.001 0.002 0.002 
 133   (0.017) 0.001 0.018 0.018 0.015 0.017 0.003 0.002 0.002 0.000 0.001 0.018 0.007 0.002 0.003 0.025 
 145   (0.006) 0.000 0.005 0.003 0.004 0.005 0.001 0.001 0.001 0.000 0.000 0.004 0.001 0.000 0.001 0.001 

Locus 9 : 9 
5 alleles
0.0% missing data
 191   (0.391) 0.546 0.392 0.311 0.387 0.396 0.314 0.338 0.597 0.562 0.341 0.375 0.312 0.847 0.484 0.445 
 195   (0.146) 0.051 0.132 0.121 0.123 0.140 0.300 0.356 0.038 0.188 0.329 0.123 0.282 0.032 0.245 0.036 
 189   (0.451) 0.402 0.468 0.558 0.483 0.454 0.384 0.305 0.364 0.248 0.330 0.493 0.403 0.120 0.269 0.516 
 197   (0.006) 0.000 0.004 0.008 0.003 0.005 0.001 0.001 0.001 0.000 0.000 0.006 0.001 0.001 0.001 0.001 
 193   (0.006) 0.000 0.004 0.002 0.004 0.005 0.001 0.001 0.001 0.002 0.000 0.003 0.002 0.001 0.001 0.002 

Locus 10 : 10 
7 alleles
0.4% missing data
 232   (0.248) 0.278 0.264 0.226 0.280 0.255 0.188 0.219 0.374 0.286 0.126 0.280 0.161 0.575 0.148 0.066 
 238   (0.559) 0.345 0.560 0.605 0.560 0.563 0.739 0.367 0.446 0.593 0.748 0.543 0.717 0.131 0.674 0.856 
 252   (0.107) 0.033 0.097 0.125 0.086 0.105 0.062 0.016 0.172 0.106 0.014 0.111 0.102 0.278 0.125 0.063 
 254   (0.047) 0.261 0.043 0.028 0.038 0.042 0.006 0.394 0.005 0.014 0.082 0.036 0.011 0.013 0.047 0.009 
 248   (0.018) 0.082 0.019 0.008 0.017 0.017 0.002 0.002 0.002 0.000 0.001 0.015 0.004 0.002 0.003 0.003 
 250   (0.013) 0.001 0.013 0.005 0.015 0.014 0.002 0.002 0.001 0.000 0.029 0.011 0.003 0.001 0.002 0.002 
 236   (0.006) 0.001 0.005 0.003 0.004 0.005 0.001 0.001 0.001 0.000 0.000 0.004 0.001 0.001 0.002 0.001 

Locus 11 : 11 
4 alleles
0.0% missing data
  87   (0.689) 0.534 0.701 0.709 0.694 0.695 0.848 0.964 0.559 0.645 0.496 0.693 0.849 0.349 0.642 0.886 
  89   (0.241) 0.385 0.242 0.220 0.252 0.243 0.127 0.028 0.361 0.302 0.152 0.242 0.117 0.625 0.345 0.075 
  91   (0.055) 0.081 0.044 0.059 0.043 0.048 0.023 0.006 0.079 0.053 0.182 0.052 0.030 0.024 0.011 0.013 
  85   (0.016) 0.001 0.013 0.012 0.011 0.013 0.002 0.002 0.001 0.000 0.169 0.013 0.004 0.002 0.003 0.026 

Locus 12 : 12 
13 alleles
0.4% missing data
 160   (0.211) 0.720 0.205 0.212 0.226 0.205 0.300 0.598 0.189 0.110 0.422 0.228 0.168 0.036 0.058 0.268 
 162   (0.244) 0.230 0.254 0.279 0.238 0.255 0.304 0.065 0.097 0.211 0.014 0.242 0.159 0.758 0.485 0.362 
 147   (0.051) 0.003 0.043 0.032 0.042 0.044 0.030 0.006 0.356 0.116 0.003 0.035 0.044 0.095 0.089 0.012 
 158   (0.232) 0.022 0.242 0.225 0.248 0.236 0.177 0.028 0.320 0.531 0.096 0.254 0.283 0.079 0.188 0.105 
 161   (0.108) 0.016 0.099 0.125 0.097 0.108 0.078 0.115 0.024 0.023 0.271 0.101 0.194 0.015 0.149 0.031 
 170   (0.052) 0.003 0.059 0.059 0.060 0.057 0.034 0.006 0.005 0.007 0.028 0.059 0.030 0.007 0.010 0.015 
 143   (0.030) 0.002 0.033 0.030 0.028 0.031 0.006 0.175 0.003 0.001 0.162 0.033 0.007 0.003 0.005 0.007 
 154   (0.016) 0.001 0.023 0.007 0.023 0.016 0.002 0.002 0.002 0.000 0.001 0.016 0.004 0.002 0.005 0.005 
 149   (0.022) 0.001 0.018 0.007 0.017 0.020 0.060 0.002 0.002 0.001 0.001 0.012 0.058 0.002 0.005 0.187 
 153   (0.011) 0.001 0.011 0.008 0.010 0.011 0.001 0.001 0.001 0.000 0.001 0.011 0.003 0.001 0.003 0.002 
 150   (0.006) 0.000 0.004 0.002 0.003 0.005 0.005 0.001 0.001 0.000 0.000 0.002 0.012 0.001 0.001 0.001 
 159   (0.009) 0.000 0.006 0.013 0.005 0.007 0.002 0.001 0.001 0.000 0.000 0.004 0.037 0.001 0.002 0.003 
 164   (0.006) 0.000 0.005 0.002 0.004 0.005 0.001 0.001 0.001 0.000 0.000 0.003 0.001 0.000 0.001 0.001 

Locus 13 : 13 
5 alleles
0.0% missing data
 108   (0.201) 0.199 0.195 0.219 0.205 0.193 0.076 0.335 0.151 0.163 0.296 0.233 0.210 0.408 0.146 0.049 
 115   (0.449) 0.285 0.450 0.486 0.439 0.449 0.590 0.090 0.321 0.581 0.379 0.449 0.393 0.527 0.506 0.602 
 113   (0.337) 0.516 0.345 0.291 0.346 0.346 0.332 0.574 0.526 0.256 0.324 0.310 0.394 0.064 0.347 0.347 
 109   (0.006) 0.000 0.005 0.002 0.005 0.006 0.001 0.001 0.001 0.000 0.000 0.004 0.001 0.001 0.001 0.001 
 110   (0.006) 0.000 0.005 0.002 0.004 0.006 0.001 0.001 0.001 0.000 0.000 0.003 0.002 0.000 0.001 0.001 

Locus 14 : 14 
5 alleles
1.2% missing data
 227   (0.133) 0.016 0.130 0.135 0.136 0.131 0.345 0.255 0.322 0.259 0.008 0.118 0.310 0.059 0.037 0.054 
 231   (0.158) 0.351 0.161 0.119 0.159 0.155 0.026 0.271 0.106 0.093 0.354 0.159 0.046 0.027 0.457 0.039 
 229   (0.505) 0.417 0.514 0.597 0.515 0.510 0.498 0.093 0.445 0.463 0.470 0.561 0.496 0.864 0.289 0.830 
 225   (0.140) 0.212 0.135 0.119 0.142 0.141 0.077 0.227 0.025 0.088 0.060 0.121 0.128 0.020 0.147 0.062 
 233   (0.063) 0.004 0.060 0.030 0.049 0.063 0.054 0.155 0.102 0.096 0.108 0.040 0.020 0.030 0.071 0.015 

Locus 15 : 15 
5 alleles
0.4% missing data
 143   (0.842) 0.817 0.848 0.901 0.836 0.845 0.895 0.720 0.977 0.969 0.622 0.860 0.784 0.982 0.872 0.943 
 157   (0.007) 0.000 0.004 0.002 0.003 0.005 0.001 0.001 0.001 0.018 0.000 0.003 0.001 0.001 0.002 0.001 
 145   (0.088) 0.006 0.088 0.050 0.096 0.090 0.075 0.272 0.016 0.011 0.183 0.077 0.053 0.010 0.115 0.044 
 147   (0.048) 0.145 0.049 0.023 0.055 0.048 0.027 0.006 0.005 0.001 0.193 0.041 0.157 0.005 0.009 0.010 
 133   (0.015) 0.032 0.011 0.025 0.010 0.012 0.002 0.001 0.001 0.000 0.001 0.020 0.005 0.002 0.003 0.003 

Locus 16 : 16 
5 alleles
0.2% missing data
 156   (0.230) 0.502 0.212 0.320 0.201 0.222 0.219 0.515 0.085 0.304 0.162 0.264 0.233 0.196 0.326 0.066 
 158   (0.538) 0.198 0.562 0.505 0.567 0.558 0.671 0.253 0.730 0.499 0.315 0.530 0.606 0.321 0.476 0.550 
 160   (0.139) 0.112 0.129 0.121 0.135 0.128 0.075 0.016 0.175 0.152 0.117 0.123 0.125 0.471 0.141 0.357 
 154   (0.086) 0.187 0.092 0.047 0.093 0.086 0.020 0.215 0.010 0.045 0.405 0.078 0.035 0.011 0.057 0.024 
 152   (0.008) 0.000 0.005 0.008 0.004 0.006 0.015 0.001 0.001 0.000 0.000 0.004 0.002 0.001 0.001 0.003 

Locus 17 : 17 
5 alleles
0.0% missing data
 102   (0.204) 0.199 0.203 0.202 0.194 0.210 0.146 0.025 0.166 0.249 0.039 0.160 0.252 0.094 0.183 0.398 
  90   (0.677) 0.794 0.661 0.721 0.665 0.662 0.830 0.579 0.806 0.721 0.323 0.719 0.696 0.606 0.794 0.372 
  88   (0.070) 0.005 0.079 0.039 0.075 0.075 0.010 0.008 0.024 0.029 0.467 0.064 0.023 0.295 0.013 0.220 
 100   (0.042) 0.003 0.053 0.036 0.062 0.048 0.011 0.388 0.004 0.001 0.170 0.054 0.012 0.004 0.009 0.009 
 104   (0.006) 0.000 0.004 0.002 0.003 0.005 0.002 0.001 0.001 0.000 0.000 0.002 0.017 0.001 0.001 0.001 

Locus 18 : 18 
7 alleles
0.0% missing data
 142   (0.124) 0.008 0.128 0.138 0.122 0.127 0.065 0.015 0.379 0.419 0.018 0.135 0.129 0.794 0.024 0.084 
 146   (0.080) 0.225 0.074 0.126 0.067 0.082 0.080 0.009 0.026 0.192 0.005 0.067 0.034 0.036 0.085 0.128 
 140   (0.292) 0.179 0.296 0.223 0.318 0.292 0.227 0.276 0.418 0.087 0.298 0.279 0.359 0.046 0.502 0.408 
 127   (0.299) 0.059 0.311 0.363 0.318 0.304 0.366 0.548 0.103 0.229 0.385 0.360 0.222 0.075 0.229 0.176 
 148   (0.099) 0.217 0.094 0.067 0.088 0.093 0.066 0.011 0.048 0.055 0.067 0.069 0.061 0.034 0.116 0.139 
 150   (0.053) 0.309 0.049 0.046 0.041 0.053 0.175 0.005 0.005 0.001 0.225 0.043 0.109 0.006 0.013 0.049 
 138   (0.053) 0.004 0.047 0.037 0.047 0.049 0.021 0.136 0.021 0.018 0.003 0.047 0.086 0.010 0.032 0.016 

Locus 19 : 19 
8 alleles
0.2% missing data
 188   (0.180) 0.169 0.195 0.162 0.203 0.188 0.130 0.019 0.173 0.096 0.011 0.188 0.272 0.564 0.065 0.045 
 190   (0.124) 0.201 0.099 0.091 0.090 0.106 0.198 0.013 0.328 0.416 0.041 0.089 0.177 0.014 0.247 0.304 
 194   (0.578) 0.480 0.597 0.615 0.587 0.589 0.561 0.956 0.488 0.486 0.555 0.615 0.508 0.412 0.600 0.241 
 202   (0.017) 0.144 0.013 0.006 0.013 0.015 0.002 0.002 0.001 0.000 0.042 0.009 0.004 0.001 0.003 0.003 
 200   (0.081) 0.005 0.084 0.117 0.095 0.087 0.107 0.008 0.008 0.002 0.313 0.087 0.036 0.007 0.078 0.405 
 192   (0.006) 0.000 0.005 0.002 0.005 0.005 0.001 0.001 0.001 0.000 0.000 0.004 0.002 0.000 0.004 0.001 
 196   (0.006) 0.000 0.004 0.006 0.004 0.005 0.001 0.001 0.001 0.000 0.000 0.005 0.001 0.001 0.001 0.001 
 198   (0.006) 0.000 0.004 0.002 0.003 0.004 0.001 0.001 0.001 0.000 0.038 0.002 0.001 0.000 0.001 0.001 

Locus 20 : 20 
6 alleles
0.8% missing data
 252   (0.700) 0.728 0.722 0.822 0.727 0.715 0.747 0.385 0.713 0.848 0.075 0.768 0.786 0.816 0.745 0.651 
 250   (0.085) 0.142 0.076 0.034 0.073 0.076 0.030 0.349 0.049 0.099 0.427 0.060 0.158 0.010 0.066 0.112 
 244   (0.023) 0.001 0.016 0.010 0.015 0.019 0.008 0.005 0.002 0.007 0.047 0.012 0.007 0.150 0.007 0.007 
 254   (0.075) 0.081 0.065 0.072 0.060 0.070 0.144 0.100 0.010 0.032 0.243 0.058 0.018 0.009 0.056 0.017 
 246   (0.095) 0.047 0.090 0.050 0.087 0.090 0.069 0.159 0.224 0.004 0.207 0.073 0.022 0.010 0.122 0.208 
 248   (0.022) 0.001 0.031 0.012 0.039 0.030 0.003 0.002 0.003 0.009 0.001 0.030 0.008 0.004 0.004 0.004 

Locus 21 : 21 
7 alleles
0.2% missing data
 173   (0.292) 0.213 0.275 0.387 0.255 0.282 0.570 0.121 0.149 0.374 0.209 0.284 0.493 0.149 0.319 0.100 
 177   (0.264) 0.168 0.289 0.216 0.295 0.275 0.226 0.273 0.632 0.276 0.041 0.271 0.279 0.184 0.080 0.513 
 175   (0.142) 0.257 0.132 0.115 0.129 0.137 0.083 0.483 0.025 0.025 0.502 0.121 0.063 0.017 0.320 0.035 
 167   (0.194) 0.122 0.187 0.229 0.193 0.193 0.105 0.111 0.179 0.319 0.069 0.224 0.127 0.638 0.144 0.089 
 163   (0.039) 0.228 0.037 0.021 0.038 0.039 0.007 0.004 0.004 0.002 0.107 0.030 0.015 0.004 0.015 0.008 
 165   (0.048) 0.012 0.050 0.022 0.055 0.051 0.007 0.006 0.009 0.003 0.070 0.043 0.014 0.005 0.118 0.252 
 159   (0.020) 0.001 0.030 0.009 0.034 0.023 0.002 0.002 0.002 0.000 0.001 0.027 0.010 0.002 0.003 0.004 

Locus 22 : 22 
11 alleles
0.6% missing data
 146   (0.230) 0.138 0.236 0.256 0.224 0.238 0.356 0.072 0.218 0.230 0.014 0.228 0.155 0.838 0.171 0.266 
 154   (0.007) 0.000 0.004 0.002 0.003 0.005 0.001 0.001 0.002 0.069 0.000 0.003 0.001 0.001 0.001 0.001 
 166   (0.091) 0.006 0.109 0.053 0.119 0.104 0.027 0.113 0.262 0.029 0.005 0.089 0.031 0.010 0.075 0.024 
 152   (0.421) 0.368 0.404 0.516 0.416 0.406 0.547 0.507 0.449 0.639 0.100 0.459 0.694 0.122 0.509 0.623 
 150   (0.030) 0.002 0.033 0.016 0.030 0.035 0.007 0.108 0.008 0.006 0.103 0.022 0.014 0.004 0.006 0.008 
 164   (0.035) 0.002 0.028 0.023 0.026 0.030 0.006 0.005 0.042 0.011 0.068 0.026 0.011 0.005 0.056 0.007 
 156   (0.019) 0.303 0.013 0.005 0.012 0.015 0.007 0.002 0.002 0.000 0.113 0.008 0.019 0.002 0.004 0.004 
 162   (0.053) 0.071 0.057 0.038 0.057 0.054 0.010 0.007 0.005 0.001 0.137 0.053 0.037 0.005 0.043 0.018 
 158   (0.089) 0.108 0.096 0.082 0.096 0.092 0.018 0.011 0.009 0.015 0.430 0.098 0.033 0.012 0.131 0.046 
 148   (0.009) 0.001 0.006 0.003 0.005 0.007 0.001 0.173 0.001 0.000 0.000 0.004 0.002 0.001 0.001 0.001 
 142   (0.015) 0.001 0.013 0.005 0.011 0.015 0.021 0.002 0.001 0.000 0.029 0.009 0.003 0.001 0.002 0.003 

Locus 23 : 23 
7 alleles
0.8% missing data
 152   (0.013) 0.001 0.008 0.004 0.008 0.010 0.002 0.001 0.089 0.061 0.001 0.005 0.003 0.001 0.002 0.002 
 156   (0.122) 0.030 0.126 0.181 0.124 0.125 0.030 0.015 0.090 0.034 0.431 0.168 0.087 0.013 0.126 0.027 
 144   (0.175) 0.639 0.157 0.131 0.164 0.165 0.295 0.605 0.154 0.185 0.244 0.147 0.226 0.025 0.194 0.047 
 160   (0.105) 0.106 0.095 0.074 0.102 0.097 0.071 0.013 0.294 0.182 0.012 0.082 0.147 0.012 0.137 0.336 
 154   (0.549) 0.222 0.575 0.593 0.564 0.567 0.598 0.362 0.369 0.536 0.174 0.570 0.527 0.923 0.530 0.578 
 158   (0.028) 0.002 0.031 0.013 0.033 0.029 0.004 0.003 0.003 0.003 0.138 0.022 0.007 0.025 0.009 0.009 
 146   (0.008) 0.000 0.008 0.004 0.006 0.007 0.001 0.001 0.001 0.000 0.000 0.005 0.002 0.001 0.001 0.001 

Locus 24 : 24 
4 alleles
0.4% missing data
  77   (0.083) 0.049 0.067 0.121 0.065 0.072 0.064 0.009 0.026 0.327 0.005 0.082 0.064 0.031 0.086 0.073 
  83   (0.464) 0.920 0.449 0.381 0.454 0.457 0.411 0.689 0.580 0.484 0.587 0.436 0.494 0.230 0.600 0.700 
  81   (0.366) 0.024 0.400 0.382 0.393 0.385 0.432 0.292 0.359 0.169 0.379 0.381 0.320 0.727 0.273 0.205 
  85   (0.087) 0.006 0.084 0.116 0.088 0.086 0.093 0.010 0.036 0.021 0.029 0.101 0.122 0.012 0.041 0.022 

Locus 25 : 25 
6 alleles
0.4% missing data
 132   (0.312) 0.456 0.326 0.250 0.325 0.322 0.376 0.181 0.129 0.530 0.021 0.303 0.271 0.910 0.455 0.190 
 124   (0.535) 0.535 0.529 0.656 0.528 0.528 0.477 0.415 0.831 0.396 0.468 0.586 0.613 0.067 0.419 0.741 
 126   (0.025) 0.001 0.021 0.008 0.018 0.021 0.003 0.003 0.026 0.058 0.011 0.014 0.006 0.003 0.005 0.004 
 122   (0.095) 0.006 0.096 0.073 0.104 0.098 0.140 0.110 0.011 0.015 0.475 0.077 0.100 0.017 0.102 0.057 
 120   (0.019) 0.001 0.016 0.008 0.014 0.017 0.002 0.290 0.002 0.000 0.022 0.011 0.004 0.002 0.004 0.003 
 136   (0.015) 0.001 0.013 0.005 0.011 0.013 0.002 0.002 0.002 0.001 0.002 0.008 0.006 0.001 0.015 0.004 

Locus 26 : 26 
7 alleles
0.2% missing data
 165   (0.247) 0.054 0.241 0.224 0.246 0.246 0.326 0.323 0.157 0.118 0.116 0.239 0.136 0.690 0.336 0.208 
 183   (0.350) 0.425 0.346 0.304 0.352 0.341 0.303 0.294 0.457 0.583 0.212 0.351 0.375 0.194 0.462 0.553 
 179   (0.090) 0.005 0.085 0.104 0.077 0.085 0.066 0.343 0.102 0.056 0.280 0.076 0.046 0.017 0.019 0.047 
 175   (0.247) 0.450 0.265 0.253 0.256 0.265 0.295 0.031 0.278 0.242 0.015 0.236 0.426 0.093 0.154 0.181 
 181   (0.051) 0.064 0.053 0.110 0.059 0.050 0.007 0.006 0.005 0.001 0.262 0.090 0.013 0.005 0.025 0.009 
 185   (0.010) 0.001 0.007 0.003 0.006 0.008 0.001 0.001 0.001 0.000 0.114 0.005 0.002 0.001 0.002 0.002 
 157   (0.006) 0.000 0.005 0.002 0.004 0.005 0.001 0.001 0.001 0.000 0.000 0.003 0.001 0.001 0.001 0.001 

Locus 27 : 27 
4 alleles
0.2% missing data
 142   (0.641) 0.743 0.654 0.610 0.654 0.647 0.789 0.309 0.603 0.705 0.523 0.643 0.785 0.339 0.683 0.689 
 148   (0.206) 0.065 0.205 0.195 0.214 0.210 0.084 0.674 0.182 0.076 0.265 0.208 0.146 0.374 0.248 0.050 
 138   (0.045) 0.003 0.035 0.020 0.035 0.039 0.022 0.006 0.203 0.208 0.048 0.028 0.013 0.276 0.018 0.022 
 150   (0.107) 0.189 0.106 0.175 0.097 0.104 0.105 0.012 0.012 0.011 0.163 0.122 0.055 0.011 0.052 0.239 

Locus 28 : 28 
6 alleles
0.8% missing data
 260   (0.384) 0.378 0.407 0.317 0.414 0.403 0.562 0.134 0.502 0.344 0.219 0.355 0.425 0.276 0.301 0.477 
 262   (0.508) 0.549 0.487 0.596 0.481 0.496 0.377 0.852 0.488 0.650 0.694 0.545 0.405 0.711 0.659 0.480 
 256   (0.076) 0.072 0.079 0.066 0.080 0.074 0.040 0.010 0.008 0.005 0.086 0.077 0.107 0.010 0.035 0.038 
 258   (0.010) 0.001 0.013 0.004 0.012 0.011 0.001 0.001 0.001 0.000 0.001 0.008 0.002 0.001 0.002 0.002 
 266   (0.006) 0.000 0.004 0.002 0.003 0.005 0.010 0.001 0.001 0.000 0.000 0.002 0.001 0.000 0.001 0.001 
 264   (0.015) 0.001 0.012 0.015 0.010 0.012 0.009 0.001 0.001 0.000 0.001 0.013 0.059 0.001 0.002 0.003 

Locus 29 : 29 
7 alleles
0.2% missing data
 146   (0.279) 0.334 0.286 0.234 0.313 0.284 0.159 0.035 0.301 0.170 0.324 0.301 0.456 0.085 0.349 0.383 
 150   (0.437) 0.291 0.448 0.573 0.430 0.447 0.587 0.141 0.431 0.706 0.240 0.479 0.382 0.159 0.407 0.256 
 140   (0.177) 0.056 0.172 0.150 0.171 0.174 0.170 0.812 0.033 0.080 0.389 0.150 0.125 0.690 0.171 0.154 
 148   (0.063) 0.315 0.055 0.024 0.050 0.056 0.035 0.007 0.220 0.037 0.035 0.037 0.016 0.059 0.046 0.133 
 152   (0.027) 0.002 0.029 0.013 0.027 0.027 0.047 0.003 0.003 0.001 0.011 0.025 0.018 0.004 0.004 0.054 
 151   (0.009) 0.001 0.006 0.003 0.005 0.007 0.001 0.001 0.010 0.005 0.000 0.004 0.002 0.002 0.002 0.009 
 142   (0.008) 0.000 0.005 0.003 0.004 0.006 0.001 0.001 0.001 0.001 0.000 0.003 0.002 0.001 0.019 0.010 

Locus 30 : 30 
6 alleles
0.2% missing data
 125   (0.286) 0.029 0.312 0.279 0.330 0.301 0.078 0.138 0.304 0.474 0.141 0.332 0.099 0.627 0.310 0.087 
 129   (0.431) 0.787 0.415 0.440 0.405 0.422 0.577 0.211 0.635 0.475 0.080 0.405 0.638 0.311 0.419 0.515 
 123   (0.150) 0.101 0.141 0.184 0.137 0.146 0.275 0.018 0.049 0.048 0.111 0.159 0.227 0.047 0.110 0.080 
 127   (0.085) 0.079 0.082 0.054 0.079 0.078 0.037 0.589 0.008 0.002 0.527 0.066 0.022 0.010 0.151 0.296 
 121   (0.012) 0.001 0.010 0.005 0.009 0.011 0.002 0.040 0.001 0.000 0.001 0.007 0.003 0.001 0.003 0.002 
 131   (0.036) 0.002 0.040 0.039 0.040 0.041 0.031 0.004 0.003 0.001 0.140 0.031 0.011 0.003 0.007 0.020 

Locus 31 : 31 
6 alleles
0.2% missing data
 159   (0.174) 0.011 0.157 0.269 0.156 0.165 0.221 0.020 0.113 0.139 0.200 0.193 0.357 0.061 0.293 0.125 
 155   (0.542) 0.709 0.578 0.433 0.584 0.563 0.544 0.522 0.847 0.687 0.422 0.544 0.285 0.588 0.425 0.411 
 157   (0.183) 0.020 0.175 0.241 0.170 0.177 0.183 0.115 0.030 0.093 0.061 0.190 0.166 0.301 0.254 0.429 
 153   (0.064) 0.004 0.059 0.036 0.063 0.062 0.047 0.097 0.006 0.078 0.306 0.048 0.183 0.044 0.012 0.026 
 151   (0.031) 0.255 0.026 0.018 0.024 0.028 0.004 0.245 0.003 0.002 0.010 0.023 0.007 0.005 0.014 0.007 
 163   (0.006) 0.000 0.005 0.002 0.004 0.005 0.001 0.001 0.001 0.001 0.000 0.003 0.002 0.001 0.001 0.001 

Locus 32 : 32 
5 alleles
0.0% missing data
 146   (0.324) 0.313 0.342 0.338 0.356 0.336 0.339 0.582 0.054 0.067 0.651 0.355 0.374 0.066 0.267 0.198 
 150   (0.564) 0.639 0.554 0.610 0.548 0.560 0.619 0.405 0.867 0.856 0.252 0.567 0.541 0.922 0.511 0.489 
 148   (0.060) 0.045 0.051 0.023 0.048 0.050 0.011 0.007 0.072 0.075 0.033 0.041 0.031 0.006 0.118 0.295 
 154   (0.038) 0.002 0.040 0.021 0.038 0.040 0.009 0.004 0.005 0.001 0.064 0.028 0.010 0.005 0.102 0.011 
 152   (0.014) 0.001 0.012 0.009 0.011 0.014 0.023 0.002 0.001 0.000 0.001 0.008 0.045 0.001 0.002 0.007 

Locus 33 : 33 
7 alleles
0.0% missing data
 180   (0.459) 0.670 0.472 0.421 0.472 0.468 0.402 0.698 0.370 0.609 0.358 0.459 0.244 0.426 0.523 0.491 
 196   (0.112) 0.007 0.106 0.105 0.115 0.111 0.132 0.013 0.203 0.188 0.025 0.107 0.211 0.112 0.050 0.025 
 184   (0.198) 0.072 0.187 0.160 0.187 0.186 0.290 0.265 0.125 0.147 0.185 0.181 0.386 0.433 0.278 0.075 
 194   (0.010) 0.001 0.006 0.003 0.005 0.007 0.001 0.001 0.033 0.039 0.001 0.004 0.002 0.001 0.002 0.002 
 192   (0.137) 0.182 0.143 0.218 0.137 0.139 0.128 0.015 0.013 0.005 0.165 0.168 0.124 0.015 0.102 0.388 
 198   (0.066) 0.067 0.075 0.053 0.072 0.074 0.012 0.007 0.254 0.013 0.265 0.067 0.020 0.010 0.021 0.015 
 190   (0.017) 0.001 0.012 0.040 0.012 0.014 0.033 0.002 0.002 0.000 0.001 0.014 0.012 0.002 0.025 0.004 

Locus 34 : 34 
6 alleles
0.0% missing data
 110   (0.191) 0.072 0.194 0.149 0.189 0.189 0.094 0.215 0.169 0.368 0.110 0.172 0.074 0.272 0.225 0.195 
 112   (0.346) 0.057 0.361 0.327 0.372 0.355 0.379 0.039 0.728 0.513 0.048 0.363 0.451 0.067 0.288 0.380 
 106   (0.279) 0.711 0.258 0.376 0.245 0.271 0.429 0.225 0.081 0.092 0.248 0.292 0.362 0.585 0.413 0.205 
  90   (0.038) 0.002 0.032 0.036 0.031 0.035 0.007 0.402 0.006 0.019 0.002 0.031 0.010 0.059 0.008 0.189 
 108   (0.136) 0.113 0.148 0.109 0.157 0.142 0.090 0.118 0.015 0.007 0.591 0.136 0.102 0.016 0.064 0.030 
  96   (0.010) 0.046 0.007 0.004 0.006 0.008 0.001 0.001 0.001 0.000 0.001 0.005 0.002 0.001 0.002 0.002 

Locus 35 : 35 
9 alleles
0.0% missing data
 166   (0.055) 0.004 0.046 0.026 0.043 0.052 0.144 0.007 0.185 0.285 0.003 0.031 0.025 0.009 0.055 0.079 
 176   (0.100) 0.015 0.095 0.099 0.091 0.093 0.013 0.012 0.368 0.129 0.097 0.105 0.028 0.021 0.218 0.032 
 172   (0.326) 0.586 0.351 0.281 0.343 0.347 0.411 0.041 0.218 0.454 0.167 0.302 0.411 0.450 0.136 0.342 
 170   (0.276) 0.325 0.256 0.238 0.264 0.258 0.214 0.615 0.157 0.123 0.349 0.253 0.281 0.484 0.520 0.165 
 174   (0.129) 0.063 0.128 0.278 0.133 0.131 0.183 0.014 0.015 0.005 0.043 0.194 0.041 0.012 0.047 0.357 
 178   (0.039) 0.002 0.044 0.025 0.042 0.039 0.011 0.005 0.049 0.002 0.002 0.040 0.061 0.016 0.008 0.009 
 168   (0.054) 0.003 0.062 0.042 0.062 0.060 0.018 0.303 0.005 0.001 0.320 0.054 0.023 0.005 0.013 0.014 
 186   (0.016) 0.001 0.013 0.009 0.017 0.013 0.005 0.002 0.001 0.000 0.018 0.017 0.127 0.001 0.002 0.003 
 158   (0.007) 0.000 0.006 0.002 0.006 0.006 0.001 0.001 0.001 0.000 0.000 0.003 0.001 0.001 0.001 0.001 

Locus 36 : 36 
6 alleles
0.0% missing data
  89   (0.571) 0.509 0.580 0.599 0.601 0.586 0.593 0.374 0.713 0.662 0.603 0.593 0.769 0.234 0.497 0.709 
  95   (0.061) 0.005 0.054 0.033 0.054 0.056 0.106 0.007 0.023 0.081 0.027 0.038 0.021 0.039 0.082 0.021 
  85   (0.164) 0.234 0.152 0.171 0.139 0.156 0.153 0.493 0.223 0.224 0.015 0.160 0.135 0.261 0.149 0.218 
  81   (0.062) 0.004 0.069 0.103 0.061 0.060 0.030 0.008 0.006 0.006 0.004 0.088 0.017 0.008 0.177 0.013 
  83   (0.124) 0.247 0.130 0.089 0.130 0.125 0.110 0.014 0.034 0.027 0.325 0.110 0.053 0.455 0.091 0.035 
  91   (0.019) 0.001 0.015 0.006 0.015 0.017 0.008 0.104 0.002 0.000 0.026 0.010 0.004 0.002 0.003 0.003 

Locus 37 : 37 
10 alleles
0.0% missing data
 161   (0.344) 0.375 0.328 0.437 0.340 0.334 0.281 0.432 0.529 0.573 0.707 0.393 0.136 0.086 0.394 0.430 
 165   (0.231) 0.101 0.251 0.158 0.252 0.239 0.321 0.132 0.275 0.166 0.113 0.211 0.240 0.060 0.183 0.083 
 159   (0.013) 0.001 0.012 0.005 0.009 0.014 0.006 0.001 0.009 0.035 0.001 0.007 0.002 0.001 0.002 0.002 
 173   (0.258) 0.514 0.251 0.257 0.250 0.257 0.217 0.224 0.085 0.127 0.170 0.239 0.415 0.166 0.391 0.426 
 169   (0.099) 0.006 0.101 0.112 0.097 0.104 0.112 0.205 0.096 0.088 0.006 0.105 0.186 0.682 0.021 0.048 
 167   (0.017) 0.001 0.019 0.016 0.015 0.019 0.003 0.002 0.002 0.009 0.001 0.014 0.004 0.002 0.003 0.004 
 168   (0.010) 0.001 0.012 0.004 0.012 0.010 0.001 0.001 0.001 0.000 0.001 0.007 0.003 0.001 0.002 0.002 
 155   (0.014) 0.001 0.018 0.007 0.018 0.013 0.002 0.001 0.001 0.000 0.001 0.018 0.005 0.001 0.003 0.002 
 177   (0.006) 0.000 0.005 0.003 0.005 0.005 0.001 0.001 0.001 0.000 0.000 0.004 0.001 0.000 0.001 0.002 
 175   (0.007) 0.000 0.004 0.002 0.003 0.005 0.056 0.001 0.001 0.000 0.000 0.002 0.006 0.001 0.001 0.001 

Locus 38 : 38 
6 alleles
0.6% missing data
  87   (0.097) 0.129 0.077 0.081 0.074 0.084 0.036 0.555 0.140 0.169 0.438 0.068 0.040 0.012 0.115 0.060 
  89   (0.431) 0.091 0.453 0.501 0.472 0.449 0.645 0.050 0.670 0.588 0.227 0.494 0.444 0.745 0.216 0.387 
  91   (0.164) 0.186 0.169 0.172 0.167 0.170 0.074 0.209 0.026 0.131 0.100 0.168 0.105 0.202 0.209 0.100 
  81   (0.118) 0.115 0.124 0.069 0.115 0.120 0.067 0.013 0.083 0.081 0.008 0.096 0.071 0.012 0.221 0.335 
  85   (0.185) 0.479 0.173 0.175 0.169 0.173 0.177 0.172 0.081 0.029 0.227 0.171 0.339 0.029 0.239 0.116 
  83   (0.006) 0.000 0.004 0.002 0.003 0.005 0.001 0.001 0.001 0.003 0.000 0.003 0.001 0.001 0.001 0.002 

Locus 39 : 39 
4 alleles
0.6% missing data
 167   (0.789) 0.859 0.780 0.862 0.779 0.789 0.719 0.686 0.924 0.911 0.394 0.817 0.919 0.932 0.948 0.844 
 161   (0.176) 0.138 0.186 0.115 0.190 0.175 0.199 0.311 0.072 0.088 0.458 0.158 0.073 0.062 0.045 0.145 
 165   (0.029) 0.002 0.029 0.022 0.025 0.030 0.081 0.003 0.003 0.001 0.148 0.020 0.007 0.006 0.006 0.010 
 177   (0.006) 0.001 0.005 0.002 0.006 0.006 0.001 0.001 0.001 0.000 0.000 0.004 0.002 0.001 0.001 0.001 

Locus 40 : 40 
6 alleles
0.4% missing data
 228   (0.417) 0.233 0.402 0.409 0.389 0.412 0.481 0.550 0.655 0.523 0.119 0.384 0.594 0.726 0.443 0.609 
 238   (0.335) 0.117 0.366 0.396 0.360 0.350 0.331 0.081 0.268 0.324 0.069 0.387 0.255 0.068 0.268 0.091 
 224   (0.024) 0.001 0.016 0.007 0.014 0.018 0.003 0.003 0.047 0.090 0.011 0.011 0.005 0.003 0.014 0.181 
 236   (0.106) 0.387 0.096 0.066 0.101 0.100 0.048 0.353 0.017 0.061 0.285 0.080 0.031 0.192 0.114 0.071 
 232   (0.012) 0.001 0.009 0.025 0.009 0.010 0.002 0.001 0.003 0.000 0.001 0.019 0.003 0.001 0.002 0.002 
 240   (0.107) 0.261 0.112 0.097 0.127 0.110 0.135 0.012 0.010 0.002 0.516 0.119 0.112 0.011 0.159 0.047 

Locus 41 : 41 
7 alleles
0.0% missing data
 128   (0.112) 0.032 0.107 0.138 0.103 0.111 0.259 0.012 0.067 0.138 0.007 0.114 0.047 0.234 0.072 0.225 
 130   (0.538) 0.779 0.556 0.550 0.554 0.548 0.415 0.062 0.592 0.613 0.738 0.558 0.479 0.693 0.514 0.533 
 114   (0.053) 0.003 0.048 0.028 0.048 0.049 0.007 0.498 0.040 0.109 0.003 0.039 0.014 0.032 0.076 0.011 
 132   (0.119) 0.047 0.109 0.134 0.115 0.111 0.163 0.014 0.283 0.131 0.007 0.129 0.384 0.019 0.153 0.025 
 118   (0.061) 0.131 0.055 0.069 0.054 0.060 0.084 0.204 0.006 0.002 0.071 0.056 0.031 0.009 0.011 0.068 
 134   (0.111) 0.007 0.120 0.078 0.121 0.115 0.071 0.209 0.012 0.007 0.174 0.101 0.044 0.013 0.173 0.136 
 136   (0.006) 0.000 0.005 0.002 0.004 0.005 0.001 0.001 0.001 0.000 0.000 0.003 0.001 0.001 0.001 0.001 

Locus 42 : 42 
6 alleles
1.2% missing data
 102   (0.269) 0.476 0.266 0.227 0.281 0.270 0.304 0.572 0.431 0.416 0.016 0.237 0.407 0.074 0.408 0.250 
 104   (0.404) 0.414 0.437 0.439 0.433 0.423 0.557 0.050 0.151 0.199 0.232 0.435 0.321 0.100 0.328 0.651 
  92   (0.108) 0.007 0.097 0.167 0.095 0.102 0.030 0.051 0.279 0.105 0.315 0.138 0.141 0.013 0.086 0.033 
  96   (0.074) 0.005 0.068 0.062 0.066 0.069 0.025 0.096 0.066 0.061 0.176 0.069 0.019 0.711 0.055 0.021 
  98   (0.139) 0.099 0.127 0.103 0.121 0.130 0.083 0.230 0.073 0.219 0.261 0.117 0.108 0.101 0.121 0.043 
 106   (0.006) 0.000 0.005 0.002 0.004 0.005 0.001 0.001 0.001 0.001 0.000 0.003 0.002 0.001 0.002 0.002 

Locus 43 : 43 
6 alleles
1.4% missing data
 101   (0.300) 0.182 0.289 0.370 0.283 0.293 0.252 0.035 0.221 0.468 0.367 0.316 0.384 0.088 0.464 0.282 
 103   (0.315) 0.351 0.329 0.255 0.323 0.320 0.437 0.228 0.366 0.178 0.109 0.295 0.451 0.465 0.279 0.170 
  99   (0.146) 0.009 0.146 0.161 0.154 0.146 0.085 0.415 0.214 0.031 0.182 0.168 0.050 0.076 0.067 0.460 
  95   (0.215) 0.457 0.214 0.206 0.215 0.219 0.223 0.170 0.197 0.322 0.334 0.204 0.110 0.369 0.186 0.085 
  97   (0.018) 0.001 0.017 0.007 0.018 0.017 0.002 0.151 0.002 0.000 0.006 0.013 0.004 0.002 0.003 0.003 
  91   (0.007) 0.000 0.005 0.002 0.006 0.006 0.001 0.001 0.001 0.000 0.000 0.005 0.001 0.001 0.001 0.001 

Locus 44 : 44 
7 alleles
0.2% missing data
 177   (0.078) 0.005 0.078 0.042 0.083 0.078 0.057 0.009 0.160 0.063 0.112 0.069 0.040 0.009 0.063 0.015 
 191   (0.288) 0.099 0.317 0.286 0.320 0.295 0.151 0.280 0.111 0.185 0.633 0.318 0.198 0.053 0.300 0.369 
 181   (0.566) 0.863 0.539 0.639 0.539 0.556 0.725 0.520 0.722 0.750 0.138 0.567 0.748 0.932 0.621 0.555 
 189   (0.007) 0.030 0.004 0.002 0.003 0.005 0.001 0.001 0.001 0.000 0.000 0.002 0.001 0.000 0.001 0.001 
 179   (0.043) 0.003 0.048 0.025 0.042 0.050 0.005 0.187 0.004 0.001 0.106 0.035 0.009 0.004 0.012 0.057 
 183   (0.009) 0.001 0.008 0.003 0.007 0.009 0.002 0.001 0.001 0.000 0.001 0.005 0.002 0.001 0.002 0.002 
 193   (0.010) 0.001 0.006 0.003 0.005 0.008 0.060 0.001 0.001 0.000 0.010 0.004 0.002 0.001 0.002 0.002 

Locus 45 : 45 
6 alleles
0.8% missing data
 205   (0.462) 0.406 0.488 0.382 0.494 0.483 0.517 0.249 0.542 0.504 0.311 0.448 0.529 0.870 0.537 0.510 
 211   (0.227) 0.274 0.230 0.298 0.216 0.224 0.096 0.342 0.112 0.250 0.393 0.268 0.232 0.045 0.185 0.291 
 207   (0.141) 0.200 0.135 0.120 0.137 0.134 0.245 0.017 0.189 0.128 0.071 0.120 0.178 0.062 0.093 0.045 
 201   (0.078) 0.005 0.064 0.120 0.065 0.071 0.048 0.381 0.117 0.069 0.039 0.082 0.037 0.012 0.082 0.066 
 215   (0.081) 0.114 0.071 0.077 0.074 0.078 0.092 0.010 0.039 0.050 0.178 0.070 0.019 0.009 0.102 0.085 
 202   (0.011) 0.001 0.011 0.004 0.013 0.011 0.002 0.001 0.001 0.000 0.007 0.012 0.004 0.001 0.002 0.002 

Locus 46 : 46 
10 alleles
1.0% missing data
 144   (0.063) 0.129 0.055 0.091 0.053 0.060 0.048 0.008 0.086 0.251 0.007 0.065 0.016 0.051 0.014 0.055 
 158   (0.157) 0.082 0.153 0.142 0.154 0.148 0.044 0.021 0.388 0.114 0.122 0.137 0.106 0.035 0.255 0.272 
 168   (0.142) 0.107 0.147 0.099 0.168 0.145 0.041 0.217 0.066 0.221 0.217 0.146 0.044 0.055 0.136 0.031 
 166   (0.138) 0.387 0.132 0.102 0.116 0.129 0.270 0.124 0.125 0.322 0.025 0.116 0.073 0.457 0.092 0.033 
 142   (0.361) 0.286 0.391 0.365 0.390 0.390 0.539 0.047 0.303 0.088 0.144 0.357 0.637 0.387 0.444 0.583 
 170   (0.016) 0.001 0.011 0.027 0.010 0.013 0.002 0.002 0.002 0.001 0.047 0.020 0.004 0.002 0.004 0.003 
 156   (0.028) 0.002 0.026 0.013 0.026 0.025 0.004 0.467 0.015 0.001 0.083 0.023 0.029 0.003 0.005 0.005 
 162   (0.047) 0.003 0.042 0.056 0.037 0.047 0.044 0.108 0.004 0.001 0.162 0.050 0.014 0.005 0.037 0.008 
 164   (0.042) 0.002 0.038 0.102 0.041 0.037 0.006 0.005 0.011 0.001 0.193 0.081 0.077 0.005 0.011 0.007 
 160   (0.006) 0.000 0.005 0.002 0.004 0.006 0.001 0.001 0.001 0.000 0.000 0.003 0.001 0.001 0.002 0.001 

Locus 47 : 47 
7 alleles
9.9% missing data
 149   (0.348) 0.336 0.366 0.318 0.356 0.361 0.393 0.346 0.187 0.211 0.769 0.337 0.379 0.471 0.084 0.472 
 151   (0.185) 0.012 0.170 0.175 0.169 0.173 0.100 0.084 0.569 0.206 0.087 0.170 0.199 0.119 0.368 0.363 
 153   (0.190) 0.025 0.198 0.187 0.192 0.197 0.424 0.029 0.134 0.364 0.042 0.172 0.250 0.102 0.183 0.092 
 147   (0.028) 0.002 0.025 0.047 0.021 0.025 0.004 0.004 0.030 0.033 0.002 0.037 0.007 0.003 0.005 0.007 
 145   (0.225) 0.623 0.224 0.250 0.245 0.224 0.077 0.532 0.076 0.183 0.042 0.263 0.161 0.301 0.357 0.059 
 152   (0.007) 0.000 0.004 0.003 0.004 0.005 0.001 0.001 0.001 0.002 0.001 0.003 0.001 0.001 0.001 0.003 
 143   (0.017) 0.001 0.013 0.020 0.012 0.015 0.002 0.002 0.002 0.000 0.057 0.018 0.003 0.001 0.003 0.003 

Values of parameters used in structure:
DATAFILE=temp2.str,	OUTFILE=k15/temp2_k15_run2,	NUMINDS=486,	NUMLOCI=47,	MISSING=-9,	LABEL=1,	POPDATA=1,	POPFLAG=0,	PHENOTYPE=0,	EXTRACOLS=0,	MAXPOPS=15,	BURNIN=500000,	NUMREPS=750000,	USEPOPINFO=0,	INFERALPHA=1,	INFERLAMBDA=0,	POPSPECIFICLAMBDA=0,	POPALPHAS=0,	COMPUTEPROB=1,	NOADMIX=0,	ADMBURNIN=500,	UPDATEFREQ=100,	PRINTLIKES=0,	INTERMEDSAVE=0,	PRINTKLD=0,	PRINTNET=1,	PRINTLAMBDA=1,	ANCESTDIST=0,	NUMBOXES=1000,	ANCESTPINT=0.90000,	GENSBACK=2,	MIGRPRIOR=0.01000,	PRINTQHAT=0,	PRINTQSUM=1,	ALPHA=1.0000,	FREQSCORR=1,	FPRIORMEAN=0.0100,	FPRIORSD=0.0500,	ONEFST=0,	LAMBDA=1.0000,	UNIFPRIORALPHA=1,	ALPHAMAX=10.0000,	ALPHAPRIORA=1.0000,	ALPHAPRIORB=2.0000,	ALPHAPROPSD=0.0250,	STARTATPOPINFO=0,	RANDOMIZE=0,	LINKAGE=0,	METROFREQ=10,	REPORTHITRATE=0,	MARKOVPHASE=0,	PHASED=1,	PLOIDY=2,	PHASEINFO=0	LOCPRIOR=0, 	LOCPRIORINIT=1.000000, 	LOCDATA=0, 	LOCISPOP=1, 	LOCPRIORSTEP=0.100000, 	MAXLOCPRIOR=20.000000, 	SEED=936122,	
[STRAT parameters]:    NUMSIMSTATS=1000,	PHENOTYPECOL=-9,	POOLFREQ=10,	LOCUSxONLY=0,	EMERROR=0.00100,	MISSINGPHENO=-9,	