

----------------------------------------------------
STRUCTURE by Pritchard, Stephens and Donnelly (2000)
     and Falush, Stephens and Pritchard (2003)
       Code by Pritchard, Falush and Hubisz
             Version 2.3.4 (Jul 2012)
----------------------------------------------------



Command line arguments:   structure -D 119778 -K 16 -m mainparams -o k16/temp2_k16_run6 
Input File:    temp2.str

Run parameters:
   486 individuals
   47 loci
   16 populations assumed
   500000 Burn-in period
   750000 Reps
RANDOMIZE turned off


--------------------------------------------
Proportion of membership of each pre-defined
 population in each of the 16 clusters

Given    Inferred Clusters                                                                                                  Number of
 Pop       1      2      3      4      5      6      7      8      9     10     11     12     13     14     15     16      Individuals

  1:     0.009  0.010  0.010  0.013  0.009  0.846  0.009  0.003  0.009  0.010  0.010  0.009  0.008  0.004  0.034  0.006       63
  2:     0.012  0.007  0.006  0.015  0.012  0.853  0.011  0.003  0.012  0.012  0.014  0.009  0.007  0.006  0.011  0.010       20
  3:     0.003  0.004  0.004  0.004  0.005  0.003  0.003  0.936  0.004  0.004  0.005  0.004  0.004  0.007  0.004  0.006       36
  4:     0.011  0.013  0.014  0.037  0.017  0.698  0.010  0.003  0.019  0.018  0.020  0.010  0.006  0.004  0.113  0.008       21
  5:     0.008  0.006  0.010  0.012  0.006  0.371  0.014  0.003  0.006  0.007  0.007  0.007  0.005  0.003  0.528  0.006       31
  6:     0.006  0.017  0.006  0.006  0.008  0.878  0.012  0.004  0.009  0.007  0.008  0.010  0.004  0.004  0.016  0.004       21
  7:     0.015  0.036  0.016  0.769  0.016  0.011  0.006  0.005  0.015  0.018  0.021  0.023  0.011  0.004  0.011  0.023       25
  8:     0.014  0.024  0.049  0.021  0.035  0.457  0.013  0.093  0.039  0.026  0.027  0.016  0.009  0.010  0.128  0.039        8
  9:     0.009  0.010  0.006  0.009  0.008  0.540  0.336  0.002  0.008  0.009  0.009  0.023  0.005  0.005  0.017  0.004       17
 10:     0.005  0.004  0.005  0.006  0.005  0.005  0.003  0.003  0.005  0.005  0.005  0.004  0.935  0.003  0.004  0.005       29
 11:     0.002  0.002  0.002  0.002  0.003  0.002  0.003  0.006  0.003  0.003  0.003  0.002  0.002  0.962  0.002  0.002        9
 12:     0.018  0.058  0.097  0.054  0.149  0.010  0.009  0.018  0.160  0.176  0.166  0.020  0.014  0.008  0.015  0.027       26
 13:     0.043  0.112  0.163  0.026  0.097  0.013  0.012  0.012  0.090  0.105  0.111  0.137  0.011  0.009  0.013  0.046       74
 14:     0.093  0.115  0.061  0.019  0.073  0.018  0.010  0.012  0.078  0.069  0.066  0.284  0.014  0.007  0.013  0.069       35
 15:     0.308  0.193  0.019  0.023  0.043  0.030  0.007  0.007  0.039  0.040  0.047  0.202  0.007  0.009  0.013  0.013       24
 16:     0.023  0.042  0.139  0.035  0.144  0.025  0.007  0.022  0.146  0.167  0.170  0.025  0.025  0.009  0.012  0.011       43
 17:     0.010  0.021  0.018  0.011  0.247  0.013  0.049  0.006  0.303  0.168  0.104  0.013  0.009  0.002  0.013  0.012        4
--------------------------------------------

Allele-freq. divergence among pops (Net nucleotide distance),
computed using point estimates of P.

      1       2       3       4       5       6       7       8       9      10      11      12      13      14      15      16      
 1      -    0.0315  0.0408  0.0446  0.0301  0.0632  0.1526  0.1300  0.0313  0.0300  0.0286  0.0315  0.0787  0.1380  0.0678  0.0765  
 2   0.0315     -    0.0263  0.0377  0.0163  0.0480  0.1267  0.1109  0.0184  0.0161  0.0155  0.0245  0.0730  0.1258  0.0606  0.0591  
 3   0.0408  0.0263     -    0.0271  0.0118  0.0361  0.1123  0.0938  0.0122  0.0110  0.0100  0.0331  0.0668  0.1106  0.0480  0.0667  
 4   0.0446  0.0377  0.0271     -    0.0209  0.0453  0.1220  0.1055  0.0223  0.0198  0.0181  0.0422  0.0613  0.1075  0.0574  0.0622  
 5   0.0301  0.0163  0.0118  0.0209     -    0.0316  0.1014  0.0843  0.0004  0.0002  0.0006  0.0207  0.0554  0.1018  0.0400  0.0512  
 6   0.0632  0.0480  0.0361  0.0453  0.0316     -    0.1048  0.1458  0.0323  0.0316  0.0303  0.0460  0.0811  0.1451  0.0415  0.0790  
 7   0.1526  0.1267  0.1123  0.1220  0.1014  0.1048     -    0.2156  0.1035  0.1017  0.1008  0.1210  0.1601  0.2022  0.1346  0.1528  
 8   0.1300  0.1109  0.0938  0.1055  0.0843  0.1458  0.2156     -    0.0838  0.0830  0.0809  0.1309  0.1229  0.1135  0.1391  0.1343  
 9   0.0313  0.0184  0.0122  0.0223  0.0004  0.0323  0.1035  0.0838     -    0.0009  0.0013  0.0225  0.0562  0.1022  0.0400  0.0522  
10   0.0300  0.0161  0.0110  0.0198  0.0002  0.0316  0.1017  0.0830  0.0009     -    0.0003  0.0208  0.0549  0.0999  0.0396  0.0506  
11   0.0286  0.0155  0.0100  0.0181  0.0006  0.0303  0.1008  0.0809  0.0013  0.0003     -    0.0205  0.0528  0.0969  0.0385  0.0497  
12   0.0315  0.0245  0.0331  0.0422  0.0207  0.0460  0.1210  0.1309  0.0225  0.0208  0.0205     -    0.0767  0.1317  0.0670  0.0683  
13   0.0787  0.0730  0.0668  0.0613  0.0554  0.0811  0.1601  0.1229  0.0562  0.0549  0.0528  0.0767     -    0.1339  0.0950  0.1084  
14   0.1380  0.1258  0.1106  0.1075  0.1018  0.1451  0.2022  0.1135  0.1022  0.0999  0.0969  0.1317  0.1339     -    0.1444  0.1706  
15   0.0678  0.0606  0.0480  0.0574  0.0400  0.0415  0.1346  0.1391  0.0400  0.0396  0.0385  0.0670  0.0950  0.1444     -    0.0824  
16   0.0765  0.0591  0.0667  0.0622  0.0512  0.0790  0.1528  0.1343  0.0522  0.0506  0.0497  0.0683  0.1084  0.1706  0.0824     -    

Average distances (expected heterozygosity) between individuals in same cluster:
cluster  1  : 0.5593 
cluster  2  : 0.5845 
cluster  3  : 0.6051 
cluster  4  : 0.5945 
cluster  5  : 0.6376 
cluster  6  : 0.5377 
cluster  7  : 0.4331 
cluster  8  : 0.6316 
cluster  9  : 0.6353 
cluster 10  : 0.6413 
cluster 11  : 0.6473 
cluster 12  : 0.5571 
cluster 13  : 0.5438 
cluster 14  : 0.5323 
cluster 15  : 0.5373 
cluster 16  : 0.5327 

--------------------------------------------
Estimated Ln Prob of Data   = -53066.7
Mean value of ln likelihood = -50141.8
Variance of ln likelihood   = 5849.9
Mean value of alpha         = 0.0340

Mean value of Fst_1         = 0.1581
Mean value of Fst_2         = 0.1016
Mean value of Fst_3         = 0.0604
Mean value of Fst_4         = 0.0953
Mean value of Fst_5         = 0.0348
Mean value of Fst_6         = 0.1442
Mean value of Fst_7         = 0.4090
Mean value of Fst_8         = 0.1895
Mean value of Fst_9         = 0.0439
Mean value of Fst_10         = 0.0232
Mean value of Fst_11         = 0.0054
Mean value of Fst_12         = 0.1181
Mean value of Fst_13         = 0.2152
Mean value of Fst_14         = 0.3110
Mean value of Fst_15         = 0.1817
Mean value of Fst_16         = 0.2504


Inferred ancestry of individuals:
        Label (%Miss) Pop:  Inferred clusters
  1      221    (0)    1 :  0.007 0.006 0.009 0.017 0.007 0.903 0.004 0.003 0.008 0.006 0.006 0.009 0.002 0.003 0.007 0.003 
  2      222    (0)    1 :  0.004 0.007 0.008 0.007 0.009 0.404 0.006 0.004 0.011 0.009 0.009 0.008 0.009 0.004 0.493 0.010 
  3      223    (0)    1 :  0.005 0.010 0.028 0.008 0.010 0.869 0.007 0.006 0.009 0.010 0.009 0.011 0.003 0.003 0.007 0.005 
  4      224    (0)    1 :  0.002 0.002 0.003 0.004 0.003 0.954 0.005 0.001 0.003 0.003 0.003 0.003 0.004 0.001 0.005 0.004 
  5      225    (0)    1 :  0.003 0.004 0.006 0.003 0.006 0.936 0.004 0.002 0.006 0.006 0.005 0.004 0.004 0.002 0.006 0.004 
  6      226    (0)    1 :  0.002 0.003 0.011 0.013 0.004 0.926 0.004 0.001 0.004 0.005 0.005 0.003 0.002 0.006 0.003 0.007 
  7      227    (0)    1 :  0.004 0.006 0.018 0.038 0.010 0.850 0.005 0.007 0.008 0.011 0.012 0.005 0.005 0.015 0.003 0.004 
  8      228    (0)    1 :  0.004 0.010 0.009 0.006 0.008 0.865 0.012 0.004 0.010 0.009 0.008 0.031 0.005 0.003 0.007 0.009 
  9      234    (0)    1 :  0.004 0.004 0.004 0.004 0.004 0.942 0.004 0.001 0.004 0.004 0.004 0.005 0.002 0.002 0.007 0.004 
 10      235    (0)    1 :  0.002 0.003 0.003 0.004 0.004 0.950 0.004 0.001 0.004 0.004 0.003 0.003 0.002 0.004 0.008 0.002 
 11      236    (0)    1 :  0.002 0.002 0.003 0.005 0.002 0.953 0.014 0.001 0.002 0.002 0.003 0.002 0.002 0.002 0.003 0.002 
 12      237    (0)    1 :  0.004 0.006 0.006 0.003 0.003 0.943 0.002 0.002 0.004 0.003 0.004 0.004 0.002 0.002 0.008 0.003 
 13      238    (0)    1 :  0.006 0.013 0.009 0.028 0.008 0.839 0.003 0.006 0.007 0.009 0.010 0.004 0.011 0.003 0.039 0.004 
 14      239    (0)    1 :  0.010 0.008 0.042 0.080 0.022 0.679 0.024 0.002 0.024 0.026 0.027 0.017 0.014 0.006 0.013 0.007 
 15      240    (0)    1 :  0.004 0.003 0.003 0.006 0.004 0.946 0.006 0.001 0.004 0.003 0.004 0.003 0.002 0.002 0.006 0.003 
 16      242    (0)    1 :  0.007 0.023 0.130 0.012 0.038 0.299 0.003 0.001 0.031 0.057 0.110 0.021 0.002 0.001 0.257 0.007 
 17      243    (0)    1 :  0.005 0.007 0.010 0.020 0.014 0.838 0.005 0.002 0.011 0.015 0.014 0.005 0.015 0.016 0.013 0.008 
 18      244    (0)    1 :  0.003 0.003 0.017 0.025 0.008 0.882 0.002 0.003 0.008 0.008 0.008 0.002 0.003 0.012 0.014 0.003 
 19      245    (0)    1 :  0.020 0.016 0.009 0.013 0.015 0.780 0.046 0.024 0.014 0.012 0.016 0.009 0.007 0.009 0.004 0.006 
 20      246    (0)    1 :  0.002 0.003 0.003 0.003 0.005 0.941 0.003 0.003 0.005 0.004 0.004 0.003 0.003 0.005 0.011 0.003 
 21      248    (0)    1 :  0.004 0.005 0.009 0.005 0.007 0.869 0.009 0.003 0.007 0.007 0.007 0.004 0.020 0.003 0.040 0.002 
 22      249    (0)    1 :  0.002 0.002 0.003 0.004 0.002 0.965 0.002 0.001 0.002 0.002 0.002 0.002 0.002 0.001 0.002 0.004 
 23      250    (0)    1 :  0.006 0.020 0.010 0.009 0.014 0.842 0.013 0.006 0.016 0.013 0.014 0.012 0.009 0.006 0.005 0.006 
 24      251    (0)    1 :  0.006 0.008 0.006 0.004 0.005 0.915 0.005 0.001 0.005 0.005 0.005 0.011 0.003 0.004 0.015 0.002 
 25      252    (0)    1 :  0.010 0.021 0.007 0.007 0.008 0.857 0.005 0.002 0.007 0.009 0.008 0.010 0.037 0.001 0.003 0.008 
 26      253    (0)    1 :  0.002 0.005 0.023 0.008 0.021 0.818 0.006 0.015 0.017 0.023 0.025 0.004 0.022 0.003 0.003 0.004 
 27      254    (0)    1 :  0.005 0.005 0.007 0.008 0.006 0.933 0.004 0.001 0.006 0.005 0.005 0.003 0.003 0.002 0.004 0.003 
 28      255    (0)    1 :  0.005 0.006 0.014 0.056 0.018 0.559 0.016 0.003 0.020 0.018 0.016 0.011 0.006 0.003 0.244 0.004 
 29      256    (0)    1 :  0.004 0.007 0.005 0.004 0.010 0.861 0.003 0.004 0.008 0.010 0.010 0.005 0.002 0.002 0.053 0.013 
 30      257    (0)    1 :  0.011 0.009 0.011 0.020 0.008 0.879 0.003 0.002 0.009 0.008 0.009 0.010 0.009 0.003 0.006 0.003 
 31      258    (0)    1 :  0.013 0.011 0.009 0.012 0.008 0.859 0.010 0.005 0.009 0.009 0.011 0.010 0.003 0.002 0.026 0.003 
 32      259    (0)    1 :  0.019 0.005 0.009 0.006 0.018 0.870 0.002 0.002 0.025 0.011 0.009 0.006 0.003 0.002 0.009 0.004 
 33      260    (0)    1 :  0.003 0.006 0.004 0.030 0.005 0.820 0.024 0.002 0.005 0.006 0.006 0.005 0.070 0.005 0.005 0.003 
 34      261    (0)    1 :  0.112 0.049 0.004 0.015 0.011 0.731 0.003 0.002 0.010 0.014 0.013 0.014 0.008 0.002 0.005 0.005 
 35      262    (0)    1 :  0.002 0.002 0.002 0.002 0.002 0.965 0.002 0.001 0.002 0.002 0.002 0.003 0.002 0.001 0.006 0.003 
 36      263    (0)    1 :  0.004 0.006 0.005 0.046 0.005 0.861 0.005 0.004 0.005 0.005 0.006 0.003 0.025 0.005 0.013 0.005 
 37      264    (0)    1 :  0.008 0.004 0.004 0.006 0.004 0.926 0.003 0.001 0.004 0.004 0.004 0.004 0.003 0.001 0.009 0.013 
 38      265    (0)    1 :  0.007 0.004 0.003 0.021 0.006 0.867 0.007 0.001 0.006 0.006 0.006 0.006 0.036 0.002 0.019 0.005 
 39      266    (0)    1 :  0.002 0.003 0.003 0.002 0.003 0.957 0.005 0.001 0.003 0.003 0.003 0.003 0.002 0.001 0.005 0.002 
 40      267    (0)    1 :  0.002 0.002 0.005 0.003 0.003 0.941 0.002 0.001 0.003 0.003 0.003 0.003 0.001 0.002 0.021 0.003 
 41      268    (0)    1 :  0.004 0.009 0.007 0.006 0.006 0.874 0.003 0.001 0.005 0.007 0.007 0.005 0.050 0.008 0.004 0.004 
 42      269    (0)    1 :  0.006 0.003 0.003 0.004 0.003 0.936 0.018 0.001 0.003 0.003 0.003 0.003 0.002 0.001 0.007 0.002 
 43      270    (0)    1 :  0.003 0.003 0.005 0.007 0.003 0.933 0.003 0.001 0.003 0.003 0.003 0.004 0.002 0.002 0.004 0.021 
 44      271    (0)    1 :  0.023 0.026 0.015 0.012 0.026 0.696 0.076 0.007 0.019 0.033 0.027 0.008 0.010 0.003 0.011 0.007 
 45      272    (0)    1 :  0.095 0.009 0.008 0.008 0.029 0.292 0.014 0.001 0.030 0.027 0.029 0.008 0.005 0.007 0.421 0.019 
 46      273    (0)    1 :  0.009 0.007 0.015 0.039 0.014 0.808 0.011 0.004 0.015 0.013 0.013 0.017 0.002 0.002 0.013 0.018 
 47      274    (0)    1 :  0.014 0.006 0.005 0.009 0.005 0.917 0.006 0.002 0.004 0.005 0.005 0.006 0.006 0.003 0.004 0.003 
 48      275    (2)    1 :  0.003 0.003 0.005 0.007 0.004 0.940 0.003 0.002 0.004 0.004 0.004 0.005 0.002 0.002 0.008 0.003 
 49      276    (0)    1 :  0.008 0.011 0.007 0.005 0.006 0.916 0.005 0.001 0.007 0.006 0.005 0.006 0.004 0.002 0.006 0.004 
 50      277    (0)    1 :  0.008 0.068 0.006 0.007 0.014 0.790 0.012 0.001 0.013 0.012 0.010 0.046 0.002 0.001 0.003 0.007 
 51      278    (0)    1 :  0.011 0.052 0.011 0.006 0.012 0.824 0.005 0.001 0.010 0.011 0.008 0.018 0.004 0.008 0.015 0.002 
 52      279    (0)    1 :  0.004 0.008 0.009 0.006 0.016 0.880 0.003 0.002 0.016 0.015 0.012 0.006 0.002 0.002 0.015 0.005 
 53      280    (0)    1 :  0.008 0.014 0.013 0.019 0.012 0.791 0.064 0.002 0.011 0.011 0.011 0.027 0.005 0.002 0.007 0.003 
 54      287    (0)    1 :  0.006 0.009 0.007 0.013 0.015 0.868 0.003 0.003 0.015 0.015 0.015 0.011 0.006 0.004 0.004 0.006 
 55      290    (0)    1 :  0.011 0.008 0.008 0.010 0.013 0.794 0.006 0.002 0.017 0.012 0.011 0.009 0.002 0.006 0.074 0.016 
 56      291    (0)    1 :  0.010 0.015 0.005 0.007 0.011 0.854 0.014 0.002 0.014 0.009 0.009 0.035 0.006 0.003 0.003 0.003 
 57      295    (0)    1 :  0.006 0.006 0.003 0.005 0.004 0.922 0.003 0.001 0.004 0.004 0.004 0.028 0.003 0.001 0.005 0.003 
 58      296    (0)    1 :  0.003 0.005 0.009 0.003 0.004 0.929 0.005 0.002 0.004 0.004 0.004 0.003 0.004 0.003 0.008 0.010 
 59      872    (2)    1 :  0.004 0.006 0.004 0.005 0.005 0.838 0.004 0.005 0.005 0.006 0.005 0.004 0.007 0.007 0.091 0.005 
 60      873    (4)    1 :  0.003 0.009 0.011 0.014 0.012 0.842 0.010 0.003 0.011 0.013 0.019 0.003 0.003 0.004 0.026 0.018 
 61      874    (2)    1 :  0.009 0.018 0.007 0.005 0.004 0.915 0.002 0.001 0.005 0.004 0.004 0.007 0.002 0.001 0.011 0.004 
 62      875    (0)    1 :  0.004 0.004 0.006 0.006 0.005 0.909 0.006 0.004 0.004 0.005 0.006 0.005 0.002 0.017 0.014 0.003 
 63      876    (6)    1 :  0.007 0.013 0.019 0.022 0.008 0.866 0.005 0.002 0.007 0.008 0.008 0.013 0.011 0.001 0.005 0.004 
 64      212    (0)   10 :  0.003 0.004 0.003 0.002 0.003 0.002 0.002 0.002 0.003 0.002 0.002 0.004 0.961 0.001 0.003 0.002 
 65      213    (0)   10 :  0.003 0.007 0.006 0.003 0.004 0.004 0.008 0.002 0.004 0.004 0.004 0.007 0.937 0.003 0.002 0.003 
 66      214    (0)   10 :  0.007 0.004 0.006 0.006 0.005 0.004 0.002 0.003 0.005 0.005 0.005 0.003 0.935 0.001 0.006 0.002 
 67      215    (0)   10 :  0.003 0.004 0.004 0.004 0.004 0.005 0.003 0.002 0.004 0.003 0.004 0.008 0.941 0.003 0.004 0.003 
 68      216    (0)   10 :  0.003 0.004 0.002 0.003 0.003 0.004 0.004 0.001 0.003 0.003 0.003 0.005 0.953 0.002 0.002 0.004 
 69      217    (0)   10 :  0.005 0.004 0.010 0.003 0.005 0.005 0.004 0.002 0.005 0.005 0.005 0.004 0.931 0.002 0.004 0.006 
 70      218    (0)   10 :  0.003 0.003 0.002 0.003 0.003 0.003 0.002 0.003 0.003 0.003 0.003 0.003 0.959 0.002 0.002 0.004 
 71      332    (0)   10 :  0.010 0.009 0.010 0.015 0.007 0.010 0.003 0.002 0.006 0.007 0.007 0.007 0.860 0.005 0.007 0.034 
 72      333    (0)   10 :  0.008 0.005 0.010 0.027 0.011 0.010 0.004 0.008 0.010 0.013 0.014 0.007 0.844 0.010 0.013 0.006 
 73      334    (0)   10 :  0.004 0.006 0.005 0.007 0.004 0.007 0.003 0.002 0.004 0.004 0.004 0.004 0.933 0.003 0.002 0.006 
 74      335    (0)   10 :  0.005 0.002 0.003 0.003 0.003 0.002 0.002 0.002 0.003 0.003 0.003 0.004 0.961 0.002 0.002 0.002 
 75      336    (0)   10 :  0.002 0.003 0.002 0.005 0.002 0.003 0.004 0.002 0.002 0.002 0.003 0.002 0.945 0.013 0.005 0.003 
 76      337    (0)   10 :  0.003 0.003 0.006 0.010 0.005 0.009 0.002 0.003 0.005 0.005 0.005 0.003 0.930 0.002 0.008 0.002 
 77      673    (0)   10 :  0.002 0.001 0.001 0.002 0.001 0.002 0.001 0.001 0.001 0.001 0.001 0.002 0.979 0.001 0.001 0.001 
 78      674    (0)   10 :  0.005 0.004 0.003 0.005 0.005 0.003 0.002 0.002 0.005 0.005 0.006 0.003 0.938 0.002 0.005 0.007 
 79      675    (0)   10 :  0.003 0.006 0.003 0.005 0.004 0.003 0.004 0.002 0.004 0.004 0.004 0.006 0.941 0.004 0.002 0.003 
 80      676    (0)   10 :  0.007 0.006 0.008 0.006 0.004 0.003 0.001 0.002 0.004 0.004 0.004 0.008 0.933 0.001 0.002 0.005 
 81      677    (0)   10 :  0.004 0.003 0.004 0.004 0.004 0.006 0.002 0.001 0.004 0.003 0.003 0.003 0.950 0.002 0.003 0.002 
 82      678    (0)   10 :  0.006 0.006 0.007 0.004 0.012 0.007 0.004 0.003 0.013 0.009 0.010 0.008 0.893 0.004 0.011 0.002 
 83      679    (0)   10 :  0.004 0.005 0.005 0.006 0.007 0.004 0.001 0.024 0.007 0.006 0.007 0.002 0.904 0.002 0.002 0.015 
 84      680    (0)   10 :  0.008 0.007 0.004 0.012 0.005 0.004 0.003 0.002 0.005 0.005 0.005 0.005 0.920 0.005 0.003 0.007 
 85      681    (0)   10 :  0.003 0.005 0.008 0.007 0.005 0.007 0.002 0.002 0.005 0.005 0.005 0.005 0.932 0.002 0.003 0.004 
 86      682    (0)   10 :  0.002 0.002 0.002 0.002 0.002 0.002 0.003 0.002 0.002 0.002 0.002 0.002 0.967 0.004 0.002 0.002 
 87      683    (0)   10 :  0.004 0.004 0.004 0.007 0.006 0.005 0.003 0.003 0.005 0.006 0.006 0.004 0.931 0.002 0.003 0.006 
 88      684    (0)   10 :  0.007 0.005 0.003 0.006 0.005 0.002 0.002 0.002 0.006 0.005 0.005 0.005 0.937 0.003 0.003 0.003 
 89      685    (0)   10 :  0.003 0.003 0.005 0.009 0.006 0.003 0.003 0.004 0.006 0.006 0.005 0.003 0.931 0.003 0.006 0.003 
 90      686    (0)   10 :  0.002 0.002 0.002 0.003 0.002 0.002 0.002 0.004 0.002 0.002 0.002 0.002 0.966 0.003 0.002 0.002 
 91      687    (0)   10 :  0.002 0.002 0.002 0.003 0.002 0.002 0.002 0.001 0.002 0.002 0.002 0.004 0.967 0.002 0.002 0.002 
 92      688    (0)   10 :  0.014 0.006 0.004 0.005 0.004 0.007 0.003 0.001 0.003 0.003 0.004 0.004 0.932 0.002 0.004 0.005 
 93      070    (0)   11 :  0.003 0.003 0.003 0.003 0.004 0.002 0.001 0.008 0.004 0.004 0.005 0.002 0.002 0.951 0.003 0.002 
 94      071    (0)   11 :  0.003 0.003 0.003 0.004 0.003 0.002 0.006 0.001 0.003 0.003 0.003 0.003 0.005 0.955 0.002 0.002 
 95      072    (0)   11 :  0.002 0.001 0.002 0.002 0.002 0.001 0.003 0.005 0.002 0.002 0.002 0.002 0.001 0.970 0.002 0.001 
 96      151    (0)   11 :  0.002 0.002 0.001 0.002 0.001 0.001 0.001 0.002 0.001 0.001 0.001 0.002 0.001 0.978 0.001 0.001 
 97      152    (0)   11 :  0.004 0.003 0.004 0.004 0.005 0.003 0.005 0.002 0.005 0.005 0.005 0.005 0.002 0.944 0.002 0.002 
 98      153    (2)   11 :  0.001 0.001 0.001 0.002 0.001 0.001 0.001 0.002 0.001 0.001 0.001 0.001 0.001 0.979 0.002 0.001 
 99      788    (4)   11 :  0.003 0.003 0.002 0.002 0.003 0.002 0.003 0.028 0.003 0.002 0.003 0.003 0.002 0.938 0.001 0.001 
100      789    (2)   11 :  0.002 0.002 0.002 0.002 0.002 0.002 0.002 0.002 0.002 0.002 0.002 0.002 0.003 0.970 0.002 0.001 
101      790    (0)   11 :  0.001 0.001 0.002 0.002 0.002 0.002 0.003 0.001 0.002 0.002 0.002 0.002 0.001 0.973 0.002 0.001 
102      010    (0)   12 :  0.004 0.012 0.015 0.009 0.254 0.005 0.008 0.013 0.268 0.285 0.104 0.005 0.004 0.002 0.007 0.006 
103      024    (0)   12 :  0.044 0.014 0.013 0.010 0.112 0.006 0.005 0.045 0.125 0.231 0.355 0.010 0.009 0.006 0.006 0.008 
104      051    (0)   12 :  0.005 0.011 0.030 0.263 0.122 0.005 0.004 0.048 0.173 0.166 0.135 0.006 0.008 0.012 0.007 0.005 
105      090    (0)   12 :  0.009 0.014 0.090 0.058 0.173 0.007 0.003 0.021 0.125 0.197 0.253 0.017 0.005 0.007 0.008 0.013 
106      102    (0)   12 :  0.014 0.194 0.037 0.018 0.156 0.031 0.004 0.002 0.130 0.164 0.126 0.075 0.003 0.002 0.034 0.012 
107      111    (0)   12 :  0.028 0.024 0.091 0.011 0.178 0.006 0.072 0.004 0.240 0.194 0.111 0.006 0.004 0.002 0.023 0.005 
108      113    (0)   12 :  0.054 0.028 0.053 0.076 0.171 0.006 0.003 0.005 0.279 0.143 0.108 0.021 0.005 0.005 0.036 0.006 
109      138    (0)   12 :  0.007 0.014 0.518 0.017 0.067 0.009 0.003 0.005 0.051 0.084 0.083 0.012 0.079 0.044 0.003 0.003 
110      150    (0)   12 :  0.021 0.664 0.059 0.059 0.021 0.016 0.002 0.025 0.016 0.020 0.025 0.041 0.004 0.015 0.007 0.006 
111      173    (2)   12 :  0.035 0.015 0.025 0.181 0.078 0.005 0.008 0.018 0.092 0.142 0.310 0.014 0.011 0.021 0.006 0.037 
112      174    (2)   12 :  0.016 0.004 0.243 0.014 0.169 0.006 0.004 0.026 0.284 0.117 0.057 0.003 0.004 0.021 0.027 0.005 
113      175    (0)   12 :  0.005 0.016 0.020 0.030 0.153 0.003 0.002 0.069 0.189 0.226 0.252 0.007 0.003 0.006 0.014 0.005 
114      176    (0)   12 :  0.007 0.021 0.015 0.007 0.277 0.016 0.007 0.004 0.329 0.173 0.105 0.005 0.009 0.005 0.018 0.003 
115      177    (0)   12 :  0.050 0.011 0.046 0.251 0.125 0.003 0.002 0.009 0.184 0.137 0.156 0.009 0.002 0.003 0.008 0.004 
116      180    (0)   12 :  0.006 0.005 0.117 0.138 0.106 0.026 0.005 0.002 0.145 0.170 0.144 0.005 0.007 0.004 0.114 0.004 
117      184    (0)   12 :  0.016 0.101 0.399 0.015 0.090 0.006 0.005 0.009 0.058 0.092 0.130 0.017 0.005 0.014 0.004 0.039 
118      195    (0)   12 :  0.009 0.016 0.014 0.014 0.186 0.005 0.033 0.007 0.207 0.275 0.194 0.011 0.015 0.005 0.003 0.006 
119      198    (0)   12 :  0.005 0.017 0.287 0.020 0.125 0.011 0.034 0.009 0.119 0.166 0.171 0.007 0.006 0.003 0.016 0.003 
120      203    (0)   12 :  0.010 0.030 0.011 0.011 0.228 0.007 0.003 0.002 0.137 0.368 0.154 0.006 0.005 0.009 0.009 0.008 
121      211    (0)   12 :  0.031 0.037 0.022 0.008 0.195 0.023 0.003 0.003 0.274 0.146 0.165 0.010 0.073 0.003 0.004 0.003 
122      220    (0)   12 :  0.045 0.206 0.039 0.076 0.138 0.004 0.007 0.005 0.102 0.171 0.153 0.024 0.010 0.002 0.009 0.009 
123      233    (0)   12 :  0.019 0.005 0.015 0.018 0.116 0.008 0.002 0.002 0.096 0.198 0.239 0.195 0.048 0.005 0.004 0.031 
124      331    (0)   12 :  0.010 0.015 0.021 0.032 0.192 0.005 0.009 0.027 0.156 0.293 0.211 0.005 0.004 0.006 0.005 0.007 
125      349    (0)   12 :  0.005 0.009 0.012 0.039 0.076 0.008 0.006 0.102 0.067 0.087 0.096 0.012 0.006 0.009 0.010 0.457 
126      410    (0)   12 :  0.007 0.005 0.210 0.015 0.123 0.008 0.003 0.005 0.087 0.168 0.326 0.003 0.023 0.003 0.010 0.005 
127      417    (2)   12 :  0.004 0.022 0.111 0.006 0.233 0.030 0.007 0.005 0.225 0.169 0.158 0.008 0.005 0.002 0.008 0.008 
128      421    (0)   13 :  0.009 0.006 0.008 0.004 0.008 0.007 0.052 0.001 0.006 0.007 0.006 0.865 0.005 0.002 0.003 0.009 
129      423    (0)   13 :  0.003 0.022 0.032 0.009 0.177 0.006 0.003 0.008 0.185 0.314 0.193 0.004 0.002 0.008 0.010 0.023 
130      424    (0)   13 :  0.019 0.006 0.161 0.374 0.074 0.015 0.005 0.011 0.065 0.105 0.117 0.006 0.002 0.002 0.030 0.008 
131      433    (0)   13 :  0.032 0.235 0.142 0.008 0.131 0.004 0.003 0.008 0.104 0.079 0.064 0.166 0.016 0.002 0.004 0.003 
132      462    (0)   13 :  0.016 0.035 0.069 0.079 0.139 0.007 0.007 0.005 0.192 0.151 0.162 0.095 0.021 0.002 0.009 0.012 
133      463    (0)   13 :  0.007 0.013 0.085 0.008 0.167 0.013 0.020 0.028 0.185 0.187 0.215 0.007 0.004 0.003 0.005 0.054 
134      467    (0)   13 :  0.254 0.241 0.008 0.015 0.018 0.031 0.004 0.008 0.019 0.018 0.023 0.319 0.011 0.008 0.005 0.018 
135      468    (0)   13 :  0.012 0.024 0.006 0.008 0.008 0.016 0.026 0.002 0.008 0.008 0.009 0.093 0.002 0.003 0.007 0.768 
136      469    (0)   13 :  0.047 0.100 0.066 0.005 0.164 0.052 0.032 0.002 0.136 0.132 0.090 0.157 0.002 0.002 0.008 0.004 
137      472    (0)   13 :  0.004 0.021 0.021 0.009 0.165 0.007 0.015 0.021 0.201 0.147 0.338 0.032 0.007 0.004 0.002 0.006 
138      473    (0)   13 :  0.011 0.009 0.019 0.007 0.029 0.003 0.005 0.010 0.021 0.030 0.024 0.006 0.007 0.003 0.004 0.812 
139      474    (0)   13 :  0.004 0.935 0.004 0.004 0.003 0.005 0.002 0.001 0.003 0.003 0.003 0.005 0.005 0.001 0.003 0.019 
140      475    (0)   13 :  0.021 0.045 0.032 0.009 0.128 0.004 0.003 0.016 0.124 0.130 0.082 0.370 0.003 0.003 0.006 0.025 
141      476    (2)   13 :  0.011 0.896 0.003 0.004 0.005 0.003 0.002 0.011 0.005 0.005 0.006 0.004 0.009 0.007 0.006 0.022 
142      477    (0)   13 :  0.007 0.019 0.012 0.007 0.259 0.007 0.003 0.010 0.215 0.195 0.206 0.018 0.018 0.005 0.005 0.013 
143      478    (0)   13 :  0.214 0.012 0.008 0.017 0.145 0.012 0.003 0.003 0.134 0.175 0.197 0.020 0.003 0.002 0.052 0.004 
144      479    (0)   13 :  0.003 0.501 0.322 0.009 0.012 0.013 0.014 0.001 0.010 0.012 0.012 0.074 0.003 0.003 0.005 0.004 
145      480    (0)   13 :  0.019 0.008 0.006 0.005 0.006 0.002 0.001 0.002 0.006 0.006 0.005 0.907 0.002 0.002 0.004 0.017 
146      481    (0)   13 :  0.008 0.097 0.137 0.013 0.123 0.006 0.004 0.008 0.112 0.150 0.249 0.024 0.003 0.040 0.010 0.016 
147      482    (0)   13 :  0.149 0.009 0.094 0.019 0.136 0.004 0.084 0.005 0.146 0.137 0.135 0.020 0.052 0.002 0.005 0.004 
148      489    (0)   13 :  0.017 0.008 0.047 0.008 0.168 0.004 0.006 0.031 0.198 0.253 0.188 0.025 0.014 0.004 0.006 0.025 
149      490    (0)   13 :  0.019 0.006 0.855 0.011 0.014 0.015 0.005 0.005 0.018 0.013 0.014 0.007 0.003 0.003 0.008 0.003 
150      491    (0)   13 :  0.008 0.029 0.092 0.074 0.132 0.005 0.008 0.001 0.069 0.169 0.264 0.020 0.108 0.008 0.004 0.008 
151      492    (0)   13 :  0.012 0.818 0.008 0.006 0.011 0.013 0.003 0.006 0.013 0.012 0.013 0.006 0.009 0.003 0.039 0.027 
152      493    (0)   13 :  0.004 0.670 0.006 0.019 0.045 0.008 0.005 0.015 0.046 0.040 0.031 0.089 0.005 0.009 0.003 0.004 
153      494    (0)   13 :  0.010 0.040 0.241 0.016 0.061 0.005 0.012 0.027 0.067 0.088 0.088 0.269 0.037 0.025 0.004 0.010 
154      498    (0)   13 :  0.006 0.086 0.109 0.007 0.117 0.022 0.003 0.011 0.127 0.140 0.298 0.009 0.004 0.007 0.013 0.041 
155      499    (0)   13 :  0.027 0.023 0.021 0.048 0.188 0.011 0.003 0.008 0.147 0.312 0.184 0.007 0.007 0.003 0.005 0.006 
156      709    (0)   13 :  0.017 0.028 0.134 0.011 0.132 0.009 0.018 0.015 0.121 0.160 0.253 0.006 0.011 0.073 0.009 0.004 
157      710    (4)   13 :  0.005 0.021 0.016 0.003 0.181 0.008 0.011 0.072 0.139 0.129 0.078 0.319 0.002 0.005 0.004 0.006 
158      711    (2)   13 :  0.007 0.012 0.040 0.098 0.179 0.016 0.024 0.003 0.179 0.160 0.181 0.021 0.003 0.006 0.064 0.007 
159      712    (4)   13 :  0.006 0.006 0.915 0.008 0.008 0.006 0.004 0.002 0.009 0.007 0.007 0.008 0.003 0.002 0.007 0.003 
160      713    (0)   13 :  0.006 0.009 0.011 0.008 0.185 0.004 0.021 0.027 0.140 0.354 0.206 0.003 0.007 0.004 0.005 0.009 
161      714    (2)   13 :  0.018 0.348 0.007 0.020 0.024 0.010 0.005 0.009 0.026 0.023 0.025 0.425 0.002 0.016 0.007 0.035 
162      715    (4)   13 :  0.110 0.024 0.028 0.027 0.019 0.036 0.014 0.004 0.020 0.015 0.017 0.616 0.038 0.013 0.015 0.003 
163      716    (0)   13 :  0.017 0.710 0.009 0.005 0.017 0.003 0.005 0.002 0.017 0.015 0.014 0.172 0.004 0.002 0.005 0.004 
164      717    (2)   13 :  0.370 0.015 0.014 0.013 0.132 0.007 0.009 0.005 0.078 0.132 0.077 0.025 0.010 0.003 0.098 0.011 
165      718    (4)   13 :  0.004 0.015 0.835 0.016 0.022 0.010 0.010 0.003 0.018 0.015 0.016 0.021 0.002 0.002 0.005 0.004 
166      719    (0)   13 :  0.005 0.004 0.003 0.002 0.003 0.003 0.004 0.002 0.003 0.003 0.003 0.955 0.002 0.001 0.002 0.003 
167      720    (2)   13 :  0.072 0.028 0.007 0.010 0.108 0.007 0.009 0.009 0.100 0.079 0.048 0.492 0.014 0.002 0.006 0.012 
168      721    (0)   13 :  0.019 0.460 0.021 0.018 0.102 0.004 0.012 0.007 0.093 0.081 0.083 0.030 0.006 0.032 0.005 0.026 
169      722    (4)   13 :  0.140 0.061 0.011 0.006 0.036 0.010 0.018 0.002 0.031 0.018 0.008 0.568 0.002 0.002 0.006 0.081 
170      723    (0)   13 :  0.010 0.027 0.005 0.003 0.012 0.003 0.001 0.003 0.012 0.013 0.019 0.871 0.004 0.007 0.006 0.002 
171      724    (0)   13 :  0.015 0.155 0.007 0.007 0.014 0.014 0.059 0.018 0.012 0.015 0.018 0.632 0.009 0.005 0.011 0.009 
172      725    (0)   13 :  0.015 0.008 0.020 0.013 0.216 0.005 0.009 0.019 0.259 0.156 0.213 0.025 0.010 0.004 0.009 0.019 
173      726    (0)   13 :  0.015 0.300 0.014 0.007 0.199 0.004 0.011 0.012 0.142 0.140 0.101 0.013 0.005 0.006 0.003 0.030 
174      727    (0)   13 :  0.013 0.382 0.058 0.013 0.152 0.005 0.008 0.002 0.155 0.100 0.070 0.013 0.011 0.009 0.003 0.007 
175      728    (2)   13 :  0.011 0.011 0.007 0.011 0.166 0.009 0.010 0.006 0.161 0.190 0.293 0.010 0.006 0.093 0.014 0.003 
176      729    (6)   13 :  0.045 0.012 0.042 0.016 0.193 0.005 0.004 0.004 0.140 0.189 0.312 0.020 0.004 0.005 0.005 0.004 
177      730    (2)   13 :  0.032 0.007 0.713 0.011 0.041 0.010 0.013 0.003 0.053 0.029 0.032 0.031 0.005 0.007 0.009 0.002 
178      731    (2)   13 :  0.003 0.007 0.882 0.005 0.021 0.008 0.004 0.004 0.013 0.014 0.021 0.005 0.002 0.002 0.004 0.006 
179      732    (0)   13 :  0.017 0.183 0.011 0.010 0.205 0.010 0.007 0.008 0.268 0.121 0.120 0.013 0.005 0.002 0.012 0.008 
180      733    (0)   13 :  0.028 0.032 0.075 0.015 0.210 0.013 0.043 0.015 0.190 0.157 0.166 0.035 0.003 0.004 0.010 0.003 
181      734    (2)   13 :  0.092 0.039 0.049 0.088 0.156 0.011 0.001 0.039 0.148 0.126 0.142 0.007 0.083 0.008 0.007 0.004 
182      735    (4)   13 :  0.011 0.011 0.117 0.034 0.172 0.005 0.008 0.002 0.105 0.228 0.186 0.050 0.007 0.003 0.008 0.052 
183      736    (2)   13 :  0.006 0.023 0.293 0.017 0.153 0.004 0.003 0.011 0.135 0.189 0.112 0.006 0.023 0.018 0.004 0.004 
184      737    (0)   13 :  0.005 0.015 0.728 0.016 0.039 0.011 0.004 0.003 0.038 0.037 0.039 0.003 0.003 0.013 0.031 0.014 
185      738    (2)   13 :  0.006 0.013 0.443 0.081 0.101 0.008 0.003 0.005 0.123 0.101 0.092 0.007 0.005 0.003 0.005 0.004 
186      739    (8)   13 :  0.012 0.014 0.757 0.011 0.028 0.009 0.004 0.003 0.033 0.031 0.035 0.031 0.006 0.015 0.004 0.010 
187      740    (4)   13 :  0.006 0.029 0.619 0.003 0.047 0.006 0.014 0.006 0.040 0.056 0.074 0.086 0.003 0.002 0.005 0.004 
188      741    (2)   13 :  0.100 0.023 0.185 0.011 0.086 0.069 0.028 0.012 0.088 0.101 0.125 0.022 0.027 0.002 0.090 0.031 
189      742    (4)   13 :  0.006 0.014 0.409 0.088 0.098 0.013 0.002 0.007 0.098 0.125 0.089 0.015 0.005 0.006 0.019 0.006 
190      743    (2)   13 :  0.776 0.043 0.010 0.008 0.015 0.006 0.003 0.002 0.011 0.015 0.012 0.076 0.012 0.002 0.004 0.003 
191      744    (0)   13 :  0.015 0.059 0.029 0.007 0.104 0.005 0.004 0.104 0.137 0.149 0.140 0.207 0.005 0.025 0.005 0.004 
192      745    (0)   13 :  0.041 0.010 0.028 0.008 0.086 0.050 0.016 0.003 0.057 0.106 0.101 0.442 0.005 0.014 0.024 0.009 
193      746    (2)   13 :  0.003 0.007 0.330 0.011 0.137 0.004 0.011 0.005 0.084 0.162 0.176 0.011 0.005 0.004 0.045 0.004 
194      747    (2)   13 :  0.004 0.015 0.446 0.063 0.078 0.038 0.006 0.005 0.097 0.090 0.090 0.015 0.022 0.006 0.008 0.016 
195      748    (0)   13 :  0.004 0.124 0.029 0.076 0.074 0.094 0.016 0.013 0.056 0.114 0.233 0.006 0.015 0.005 0.029 0.112 
196      749    (2)   13 :  0.029 0.004 0.018 0.102 0.116 0.017 0.049 0.144 0.094 0.166 0.207 0.010 0.020 0.009 0.011 0.003 
197      750    (4)   13 :  0.052 0.008 0.091 0.012 0.123 0.010 0.006 0.014 0.131 0.205 0.300 0.007 0.005 0.005 0.027 0.005 
198      751    (0)   13 :  0.023 0.007 0.038 0.056 0.144 0.011 0.009 0.002 0.109 0.212 0.335 0.014 0.006 0.014 0.007 0.012 
199      752    (2)   13 :  0.008 0.038 0.019 0.005 0.007 0.012 0.003 0.002 0.006 0.007 0.008 0.086 0.003 0.001 0.005 0.789 
200      753    (4)   13 :  0.008 0.020 0.011 0.037 0.213 0.025 0.014 0.004 0.149 0.216 0.134 0.059 0.029 0.011 0.006 0.063 
201      754    (2)   13 :  0.009 0.006 0.936 0.004 0.005 0.003 0.002 0.005 0.007 0.005 0.005 0.003 0.003 0.003 0.003 0.002 
202      155    (0)   14 :  0.010 0.027 0.013 0.008 0.139 0.022 0.006 0.010 0.154 0.236 0.318 0.009 0.032 0.004 0.006 0.005 
203      156    (2)   14 :  0.030 0.004 0.011 0.008 0.212 0.012 0.006 0.010 0.349 0.141 0.090 0.008 0.005 0.102 0.006 0.004 
204      157    (2)   14 :  0.026 0.006 0.777 0.008 0.025 0.004 0.005 0.035 0.031 0.018 0.020 0.008 0.010 0.002 0.005 0.020 
205      158    (0)   14 :  0.005 0.031 0.014 0.033 0.212 0.007 0.006 0.005 0.246 0.168 0.222 0.029 0.007 0.004 0.009 0.003 
206      159    (0)   14 :  0.004 0.031 0.094 0.011 0.129 0.012 0.111 0.015 0.108 0.176 0.266 0.013 0.003 0.010 0.007 0.009 
207      160    (0)   14 :  0.015 0.689 0.122 0.030 0.026 0.016 0.004 0.003 0.019 0.021 0.021 0.014 0.010 0.003 0.003 0.005 
208      161    (0)   14 :  0.020 0.040 0.374 0.009 0.085 0.006 0.009 0.223 0.072 0.061 0.063 0.017 0.008 0.003 0.003 0.007 
209      162    (0)   14 :  0.141 0.202 0.005 0.013 0.187 0.008 0.002 0.002 0.074 0.212 0.099 0.025 0.005 0.005 0.006 0.014 
210      163    (2)   14 :  0.013 0.003 0.098 0.054 0.177 0.003 0.002 0.003 0.318 0.193 0.095 0.007 0.003 0.009 0.007 0.013 
211      164    (0)   14 :  0.008 0.008 0.047 0.013 0.183 0.053 0.005 0.017 0.103 0.245 0.231 0.028 0.017 0.002 0.010 0.029 
212      165    (2)   14 :  0.005 0.005 0.024 0.003 0.300 0.005 0.004 0.017 0.475 0.107 0.034 0.005 0.004 0.004 0.005 0.004 
213      427    (0)   14 :  0.014 0.017 0.007 0.014 0.012 0.005 0.023 0.004 0.010 0.012 0.012 0.767 0.087 0.009 0.003 0.004 
214      428    (0)   14 :  0.006 0.037 0.004 0.034 0.011 0.007 0.013 0.002 0.011 0.010 0.009 0.824 0.004 0.003 0.004 0.020 
215      429    (0)   14 :  0.567 0.009 0.005 0.005 0.008 0.005 0.007 0.001 0.008 0.008 0.013 0.341 0.003 0.003 0.008 0.008 
216      430    (0)   14 :  0.027 0.195 0.029 0.073 0.136 0.022 0.005 0.007 0.107 0.150 0.151 0.013 0.004 0.002 0.053 0.025 
217      431    (0)   14 :  0.207 0.372 0.013 0.012 0.028 0.049 0.007 0.003 0.028 0.028 0.032 0.186 0.005 0.002 0.024 0.006 
218      435    (0)   14 :  0.331 0.053 0.007 0.004 0.006 0.003 0.003 0.001 0.006 0.007 0.006 0.555 0.002 0.002 0.004 0.008 
219      436    (0)   14 :  0.026 0.742 0.005 0.003 0.006 0.007 0.007 0.003 0.006 0.005 0.005 0.175 0.003 0.002 0.003 0.002 
220      437    (0)   14 :  0.007 0.552 0.009 0.004 0.047 0.057 0.029 0.003 0.040 0.029 0.020 0.181 0.004 0.002 0.007 0.008 
221      438    (0)   14 :  0.012 0.129 0.014 0.017 0.052 0.036 0.013 0.004 0.048 0.037 0.028 0.545 0.002 0.007 0.017 0.038 
222      439    (0)   14 :  0.037 0.115 0.164 0.015 0.092 0.011 0.004 0.002 0.087 0.094 0.129 0.173 0.004 0.005 0.031 0.037 
223      441    (0)   14 :  0.003 0.004 0.002 0.003 0.003 0.003 0.001 0.002 0.002 0.003 0.003 0.006 0.003 0.001 0.004 0.958 
224      442    (0)   14 :  0.102 0.011 0.004 0.011 0.017 0.012 0.002 0.002 0.018 0.017 0.020 0.567 0.191 0.005 0.003 0.017 
225      443    (4)   14 :  0.004 0.007 0.011 0.010 0.005 0.008 0.003 0.002 0.005 0.006 0.006 0.913 0.002 0.002 0.004 0.012 
226      444    (4)   14 :  0.010 0.007 0.004 0.006 0.007 0.006 0.008 0.005 0.007 0.007 0.007 0.909 0.008 0.004 0.003 0.002 
227      445    (2)   14 :  0.006 0.021 0.007 0.004 0.161 0.042 0.009 0.002 0.136 0.109 0.067 0.411 0.004 0.006 0.004 0.011 
228      446    (0)   14 :  0.948 0.005 0.004 0.005 0.004 0.002 0.002 0.002 0.004 0.004 0.004 0.006 0.004 0.003 0.003 0.002 
229      447    (0)   14 :  0.343 0.051 0.019 0.009 0.019 0.024 0.008 0.001 0.017 0.019 0.018 0.456 0.006 0.004 0.003 0.003 
230      449    (0)   14 :  0.005 0.010 0.003 0.003 0.004 0.005 0.003 0.001 0.004 0.003 0.003 0.942 0.005 0.002 0.004 0.003 
231      460    (0)   14 :  0.095 0.019 0.008 0.007 0.033 0.018 0.007 0.005 0.034 0.035 0.028 0.558 0.006 0.002 0.007 0.138 
232      461    (0)   14 :  0.023 0.260 0.128 0.056 0.079 0.026 0.008 0.005 0.063 0.076 0.109 0.136 0.007 0.002 0.014 0.006 
233      484    (0)   14 :  0.071 0.006 0.077 0.162 0.060 0.131 0.004 0.004 0.064 0.069 0.119 0.039 0.013 0.008 0.158 0.015 
234      485    (0)   14 :  0.013 0.106 0.016 0.003 0.017 0.005 0.002 0.003 0.016 0.014 0.011 0.775 0.004 0.002 0.004 0.010 
235      486    (0)   14 :  0.002 0.002 0.002 0.002 0.002 0.002 0.001 0.001 0.002 0.002 0.002 0.002 0.002 0.001 0.002 0.975 
236      487    (0)   14 :  0.107 0.236 0.022 0.013 0.072 0.006 0.006 0.002 0.059 0.088 0.058 0.298 0.011 0.003 0.008 0.011 
237      178    (0)   15 :  0.037 0.356 0.022 0.010 0.157 0.004 0.003 0.012 0.114 0.091 0.051 0.122 0.006 0.005 0.003 0.009 
238      422    (0)   15 :  0.333 0.066 0.044 0.005 0.013 0.018 0.003 0.002 0.014 0.012 0.009 0.466 0.003 0.003 0.006 0.004 
239      425    (0)   15 :  0.721 0.143 0.012 0.006 0.015 0.004 0.006 0.002 0.012 0.015 0.018 0.034 0.003 0.001 0.002 0.005 
240      426    (0)   15 :  0.094 0.071 0.035 0.230 0.081 0.004 0.003 0.026 0.059 0.097 0.151 0.013 0.021 0.108 0.005 0.004 
241      432    (0)   15 :  0.028 0.024 0.018 0.042 0.108 0.011 0.009 0.005 0.086 0.139 0.218 0.277 0.009 0.007 0.009 0.010 
242      434    (0)   15 :  0.956 0.003 0.003 0.003 0.003 0.003 0.004 0.001 0.002 0.003 0.003 0.005 0.003 0.002 0.004 0.002 
243      440    (0)   15 :  0.369 0.131 0.006 0.032 0.107 0.004 0.002 0.003 0.108 0.080 0.057 0.051 0.013 0.002 0.008 0.026 
244      448    (2)   15 :  0.020 0.008 0.011 0.010 0.007 0.010 0.037 0.002 0.007 0.008 0.009 0.827 0.013 0.002 0.024 0.006 
245      456    (0)   15 :  0.036 0.181 0.009 0.019 0.119 0.072 0.004 0.003 0.153 0.113 0.160 0.033 0.009 0.003 0.082 0.005 
246      457    (0)   15 :  0.035 0.191 0.016 0.020 0.079 0.017 0.008 0.003 0.052 0.102 0.100 0.307 0.005 0.005 0.025 0.035 
247      458    (0)   15 :  0.030 0.439 0.094 0.047 0.054 0.012 0.005 0.004 0.053 0.073 0.130 0.021 0.017 0.007 0.005 0.010 
248      459    (0)   15 :  0.010 0.010 0.015 0.011 0.012 0.007 0.002 0.005 0.011 0.011 0.011 0.877 0.005 0.003 0.004 0.007 
249      464    (0)   15 :  0.120 0.191 0.006 0.005 0.022 0.003 0.003 0.014 0.020 0.019 0.015 0.551 0.010 0.005 0.004 0.013 
250      465    (0)   15 :  0.428 0.493 0.010 0.003 0.009 0.004 0.002 0.003 0.007 0.007 0.008 0.010 0.002 0.001 0.006 0.007 
251      466    (0)   15 :  0.046 0.069 0.024 0.008 0.117 0.021 0.015 0.002 0.097 0.065 0.035 0.472 0.005 0.001 0.006 0.016 
252      470    (0)   15 :  0.018 0.354 0.009 0.012 0.008 0.004 0.003 0.003 0.007 0.008 0.008 0.460 0.006 0.002 0.006 0.094 
253      471    (0)   15 :  0.481 0.021 0.010 0.048 0.033 0.008 0.023 0.004 0.036 0.036 0.037 0.186 0.003 0.035 0.032 0.006 
254      483    (0)   15 :  0.923 0.004 0.012 0.007 0.005 0.004 0.002 0.005 0.005 0.005 0.005 0.007 0.006 0.002 0.003 0.005 
255      488    (0)   15 :  0.003 0.917 0.012 0.005 0.007 0.007 0.002 0.002 0.005 0.006 0.007 0.013 0.003 0.002 0.003 0.005 
256      495    (0)   15 :  0.822 0.050 0.018 0.007 0.008 0.015 0.002 0.003 0.008 0.009 0.009 0.026 0.002 0.001 0.017 0.003 
257      496    (0)   15 :  0.046 0.866 0.012 0.005 0.009 0.002 0.005 0.003 0.009 0.009 0.008 0.015 0.002 0.002 0.004 0.004 
258      497    (0)   15 :  0.878 0.006 0.004 0.002 0.009 0.005 0.004 0.003 0.006 0.009 0.009 0.012 0.024 0.002 0.026 0.002 
259      500    (0)   15 :  0.007 0.040 0.048 0.007 0.054 0.476 0.015 0.061 0.063 0.052 0.055 0.054 0.003 0.004 0.024 0.036 
260      879    (0)   15 :  0.943 0.004 0.005 0.006 0.004 0.003 0.001 0.003 0.004 0.003 0.003 0.007 0.006 0.002 0.002 0.005 
261      036    (0)   16 :  0.008 0.013 0.022 0.005 0.122 0.006 0.011 0.003 0.131 0.209 0.440 0.016 0.002 0.004 0.003 0.004 
262      063    (2)   16 :  0.010 0.020 0.059 0.041 0.197 0.012 0.003 0.003 0.283 0.174 0.104 0.031 0.015 0.004 0.034 0.010 
263      094    (4)   16 :  0.007 0.127 0.325 0.018 0.070 0.081 0.011 0.013 0.056 0.086 0.152 0.021 0.009 0.005 0.012 0.007 
264      103    (4)   16 :  0.005 0.004 0.026 0.003 0.300 0.004 0.003 0.010 0.467 0.109 0.031 0.006 0.004 0.002 0.018 0.006 
265      112    (0)   16 :  0.007 0.006 0.385 0.042 0.112 0.007 0.003 0.007 0.107 0.152 0.139 0.006 0.006 0.004 0.007 0.011 
266      114    (2)   16 :  0.012 0.054 0.098 0.004 0.154 0.004 0.008 0.003 0.153 0.249 0.226 0.010 0.004 0.002 0.004 0.014 
267      120    (0)   16 :  0.006 0.027 0.834 0.012 0.019 0.012 0.012 0.003 0.016 0.018 0.019 0.006 0.004 0.002 0.005 0.005 
268      127    (2)   16 :  0.006 0.115 0.042 0.069 0.105 0.008 0.005 0.006 0.088 0.157 0.303 0.004 0.006 0.003 0.005 0.078 
269      147    (0)   16 :  0.012 0.009 0.021 0.218 0.106 0.002 0.005 0.007 0.128 0.179 0.234 0.013 0.006 0.047 0.005 0.007 
270      166    (0)   16 :  0.007 0.132 0.049 0.108 0.114 0.005 0.004 0.076 0.122 0.148 0.148 0.028 0.016 0.027 0.012 0.004 
271      167    (0)   16 :  0.172 0.118 0.017 0.007 0.183 0.006 0.011 0.005 0.073 0.200 0.112 0.014 0.004 0.005 0.054 0.019 
272      168    (0)   16 :  0.007 0.011 0.014 0.003 0.227 0.004 0.016 0.013 0.119 0.303 0.256 0.013 0.004 0.003 0.004 0.003 
273      169    (2)   16 :  0.120 0.174 0.046 0.047 0.148 0.008 0.006 0.004 0.108 0.163 0.111 0.046 0.004 0.005 0.006 0.004 
274      170    (0)   16 :  0.010 0.006 0.063 0.017 0.167 0.024 0.004 0.041 0.213 0.207 0.162 0.019 0.035 0.005 0.006 0.022 
275      171    (2)   16 :  0.005 0.005 0.014 0.023 0.265 0.060 0.003 0.005 0.418 0.128 0.044 0.006 0.004 0.010 0.007 0.003 
276      172    (0)   16 :  0.013 0.025 0.809 0.013 0.016 0.014 0.012 0.004 0.017 0.019 0.022 0.006 0.004 0.014 0.011 0.002 
277      185    (0)   16 :  0.031 0.018 0.008 0.029 0.240 0.004 0.002 0.004 0.207 0.232 0.120 0.070 0.005 0.005 0.009 0.016 
278      199    (2)   16 :  0.004 0.025 0.006 0.007 0.207 0.005 0.006 0.011 0.135 0.246 0.120 0.007 0.205 0.005 0.003 0.007 
279      339    (0)   16 :  0.179 0.331 0.006 0.009 0.144 0.006 0.002 0.002 0.046 0.162 0.071 0.013 0.006 0.005 0.013 0.006 
280      355    (0)   16 :  0.003 0.004 0.006 0.009 0.193 0.003 0.002 0.034 0.200 0.311 0.137 0.004 0.072 0.012 0.005 0.004 
281      356    (0)   16 :  0.006 0.023 0.636 0.006 0.026 0.004 0.006 0.166 0.018 0.028 0.048 0.005 0.005 0.003 0.003 0.017 
282      357    (0)   16 :  0.006 0.029 0.069 0.018 0.164 0.007 0.009 0.006 0.155 0.175 0.298 0.006 0.016 0.012 0.004 0.025 
283      358    (0)   16 :  0.008 0.009 0.007 0.010 0.126 0.008 0.002 0.004 0.098 0.214 0.427 0.012 0.004 0.006 0.049 0.018 
284      359    (0)   16 :  0.016 0.007 0.259 0.017 0.123 0.004 0.001 0.005 0.131 0.198 0.199 0.005 0.009 0.002 0.021 0.003 
285      360    (0)   16 :  0.022 0.019 0.023 0.020 0.179 0.015 0.006 0.020 0.233 0.186 0.238 0.018 0.004 0.010 0.003 0.006 
286      361    (0)   16 :  0.049 0.042 0.762 0.012 0.025 0.005 0.003 0.003 0.022 0.025 0.023 0.014 0.003 0.002 0.006 0.004 
287      362    (0)   16 :  0.125 0.019 0.053 0.078 0.083 0.227 0.002 0.013 0.068 0.120 0.167 0.020 0.005 0.005 0.011 0.003 
288      363    (0)   16 :  0.008 0.018 0.025 0.417 0.083 0.006 0.005 0.008 0.071 0.129 0.144 0.015 0.042 0.012 0.009 0.009 
289      364    (0)   16 :  0.004 0.072 0.031 0.014 0.070 0.328 0.004 0.089 0.068 0.094 0.152 0.008 0.040 0.003 0.008 0.014 
290      365    (0)   16 :  0.010 0.092 0.019 0.006 0.130 0.020 0.002 0.062 0.115 0.170 0.314 0.033 0.003 0.011 0.005 0.009 
291      366    (0)   16 :  0.004 0.009 0.094 0.014 0.095 0.004 0.001 0.005 0.103 0.206 0.416 0.004 0.003 0.026 0.012 0.003 
292      367    (0)   16 :  0.005 0.005 0.014 0.005 0.196 0.011 0.005 0.002 0.184 0.337 0.168 0.007 0.003 0.010 0.018 0.030 
293      368    (0)   16 :  0.004 0.005 0.007 0.006 0.190 0.030 0.008 0.063 0.317 0.168 0.117 0.005 0.003 0.012 0.016 0.047 
294      369    (0)   16 :  0.005 0.006 0.009 0.008 0.221 0.003 0.002 0.017 0.370 0.252 0.089 0.004 0.004 0.004 0.005 0.003 
295      370    (0)   16 :  0.011 0.018 0.432 0.016 0.062 0.005 0.013 0.080 0.065 0.082 0.134 0.015 0.007 0.012 0.045 0.005 
296      371    (0)   16 :  0.009 0.007 0.009 0.004 0.163 0.015 0.006 0.002 0.199 0.310 0.244 0.011 0.006 0.003 0.009 0.003 
297      372    (0)   16 :  0.012 0.069 0.012 0.058 0.014 0.011 0.003 0.006 0.016 0.013 0.014 0.432 0.329 0.004 0.003 0.002 
298      373    (0)   16 :  0.023 0.011 0.066 0.005 0.219 0.007 0.003 0.093 0.215 0.142 0.141 0.024 0.037 0.003 0.009 0.002 
299      380    (0)   16 :  0.005 0.045 0.064 0.041 0.145 0.018 0.044 0.011 0.117 0.182 0.292 0.008 0.010 0.006 0.009 0.002 
300      388    (0)   16 :  0.006 0.007 0.450 0.025 0.068 0.010 0.005 0.042 0.056 0.080 0.202 0.007 0.020 0.007 0.011 0.004 
301      418    (0)   16 :  0.005 0.013 0.014 0.016 0.272 0.014 0.027 0.006 0.201 0.209 0.153 0.009 0.045 0.006 0.004 0.007 
302      419    (0)   16 :  0.006 0.012 0.009 0.006 0.310 0.005 0.009 0.006 0.224 0.227 0.144 0.020 0.003 0.005 0.005 0.008 
303      420    (0)   16 :  0.018 0.028 0.059 0.016 0.124 0.043 0.003 0.006 0.131 0.164 0.225 0.055 0.064 0.045 0.011 0.010 
304      409    (0)   17 :  0.005 0.022 0.032 0.011 0.254 0.007 0.099 0.005 0.353 0.127 0.051 0.018 0.003 0.002 0.005 0.007 
305      414    (0)   17 :  0.011 0.010 0.006 0.012 0.299 0.014 0.016 0.002 0.407 0.136 0.059 0.005 0.007 0.002 0.006 0.007 
306      415    (2)   17 :  0.007 0.011 0.024 0.011 0.197 0.007 0.004 0.015 0.247 0.241 0.170 0.005 0.015 0.003 0.011 0.031 
307      416    (0)   17 :  0.015 0.042 0.010 0.011 0.239 0.025 0.078 0.003 0.205 0.168 0.134 0.025 0.010 0.003 0.028 0.004 
308      571    (0)    2 :  0.012 0.009 0.006 0.028 0.007 0.845 0.004 0.002 0.007 0.006 0.006 0.019 0.004 0.004 0.015 0.028 
309      572    (0)    2 :  0.004 0.003 0.007 0.041 0.016 0.804 0.008 0.004 0.018 0.015 0.013 0.003 0.004 0.006 0.042 0.011 
310      573    (2)    2 :  0.005 0.004 0.004 0.003 0.006 0.930 0.004 0.001 0.006 0.006 0.008 0.005 0.003 0.001 0.005 0.009 
311      574    (0)    2 :  0.007 0.007 0.005 0.005 0.009 0.897 0.013 0.008 0.009 0.009 0.009 0.005 0.002 0.003 0.008 0.003 
312      575    (2)    2 :  0.005 0.005 0.005 0.067 0.015 0.806 0.006 0.006 0.015 0.014 0.014 0.008 0.007 0.008 0.014 0.006 
313      576    (0)    2 :  0.003 0.003 0.002 0.003 0.003 0.961 0.003 0.001 0.003 0.003 0.002 0.003 0.002 0.001 0.005 0.003 
314      577    (0)    2 :  0.012 0.007 0.004 0.006 0.008 0.891 0.008 0.002 0.009 0.007 0.007 0.005 0.007 0.002 0.015 0.011 
315      578    (0)    2 :  0.006 0.005 0.002 0.004 0.004 0.899 0.046 0.001 0.004 0.003 0.003 0.004 0.008 0.002 0.004 0.004 
316      579    (0)    2 :  0.007 0.012 0.003 0.004 0.004 0.934 0.008 0.001 0.004 0.003 0.003 0.007 0.004 0.002 0.003 0.002 
317      580    (0)    2 :  0.004 0.003 0.003 0.003 0.003 0.960 0.002 0.001 0.003 0.003 0.003 0.003 0.002 0.002 0.003 0.002 
318      581    (0)    2 :  0.006 0.005 0.002 0.003 0.003 0.939 0.015 0.001 0.003 0.003 0.003 0.005 0.002 0.002 0.006 0.002 
319      582    (4)    2 :  0.031 0.015 0.012 0.007 0.023 0.755 0.003 0.003 0.019 0.021 0.019 0.012 0.018 0.048 0.012 0.002 
320      583    (0)    2 :  0.047 0.019 0.024 0.036 0.067 0.487 0.004 0.002 0.056 0.080 0.122 0.009 0.015 0.010 0.008 0.015 
321      584    (0)    2 :  0.038 0.007 0.007 0.007 0.008 0.843 0.013 0.001 0.009 0.007 0.007 0.030 0.007 0.003 0.006 0.005 
322      585    (0)    2 :  0.011 0.006 0.003 0.006 0.004 0.927 0.002 0.001 0.004 0.004 0.004 0.005 0.002 0.002 0.010 0.009 
323      586    (2)    2 :  0.008 0.006 0.003 0.007 0.004 0.927 0.004 0.001 0.004 0.004 0.004 0.006 0.010 0.002 0.007 0.004 
324      587    (0)    2 :  0.003 0.004 0.003 0.003 0.003 0.955 0.009 0.001 0.003 0.003 0.003 0.002 0.002 0.002 0.003 0.002 
325      588    (0)    2 :  0.005 0.006 0.007 0.012 0.022 0.804 0.005 0.008 0.030 0.021 0.018 0.011 0.011 0.010 0.008 0.021 
326      589    (0)    2 :  0.022 0.007 0.008 0.053 0.032 0.691 0.019 0.005 0.029 0.027 0.033 0.035 0.018 0.004 0.011 0.005 
327      590    (0)    2 :  0.005 0.013 0.005 0.003 0.006 0.795 0.036 0.004 0.006 0.006 0.007 0.006 0.012 0.010 0.032 0.053 
328      001    (0)    3 :  0.002 0.002 0.003 0.002 0.003 0.003 0.003 0.959 0.003 0.004 0.004 0.002 0.001 0.003 0.003 0.002 
329      005    (0)    3 :  0.002 0.001 0.002 0.002 0.002 0.001 0.001 0.967 0.002 0.002 0.002 0.002 0.003 0.006 0.001 0.002 
330      106    (0)    3 :  0.002 0.002 0.003 0.003 0.003 0.005 0.003 0.959 0.003 0.003 0.003 0.002 0.003 0.002 0.003 0.002 
331      192    (0)    3 :  0.004 0.004 0.007 0.009 0.019 0.006 0.006 0.867 0.019 0.015 0.016 0.006 0.011 0.005 0.004 0.003 
332      229    (0)    3 :  0.007 0.004 0.006 0.007 0.005 0.003 0.003 0.888 0.005 0.006 0.005 0.004 0.004 0.043 0.006 0.004 
333      319    (0)    3 :  0.002 0.003 0.007 0.002 0.004 0.002 0.002 0.952 0.004 0.004 0.004 0.002 0.002 0.005 0.003 0.002 
334      327    (0)    3 :  0.002 0.002 0.005 0.003 0.003 0.003 0.002 0.961 0.003 0.003 0.003 0.002 0.003 0.002 0.002 0.002 
335      340    (0)    3 :  0.003 0.003 0.004 0.002 0.006 0.003 0.001 0.946 0.006 0.005 0.004 0.002 0.003 0.003 0.004 0.004 
336      345    (0)    3 :  0.002 0.006 0.011 0.005 0.005 0.004 0.001 0.929 0.005 0.005 0.005 0.003 0.003 0.010 0.004 0.002 
337      375    (0)    3 :  0.002 0.003 0.003 0.004 0.003 0.002 0.001 0.957 0.003 0.004 0.004 0.002 0.005 0.003 0.002 0.002 
338      501    (4)    3 :  0.002 0.003 0.004 0.004 0.003 0.002 0.001 0.954 0.003 0.003 0.003 0.003 0.002 0.003 0.002 0.008 
339      502    (0)    3 :  0.003 0.011 0.003 0.008 0.005 0.003 0.003 0.920 0.004 0.005 0.005 0.002 0.003 0.009 0.004 0.012 
340      503    (2)    3 :  0.002 0.001 0.002 0.002 0.002 0.004 0.002 0.962 0.002 0.002 0.003 0.001 0.002 0.002 0.003 0.007 
341      504    (0)    3 :  0.005 0.007 0.002 0.003 0.005 0.002 0.004 0.925 0.005 0.005 0.005 0.008 0.004 0.016 0.002 0.002 
342      505    (0)    3 :  0.003 0.002 0.009 0.007 0.007 0.006 0.007 0.870 0.007 0.008 0.008 0.002 0.004 0.047 0.011 0.002 
343      506    (2)    3 :  0.004 0.004 0.006 0.005 0.006 0.002 0.002 0.935 0.006 0.006 0.006 0.005 0.002 0.005 0.002 0.005 
344      507    (4)    3 :  0.002 0.003 0.004 0.005 0.003 0.002 0.001 0.956 0.003 0.003 0.003 0.002 0.002 0.004 0.003 0.004 
345      508    (0)    3 :  0.004 0.005 0.008 0.005 0.006 0.004 0.002 0.909 0.007 0.006 0.006 0.006 0.002 0.003 0.006 0.022 
346      509    (2)    3 :  0.004 0.002 0.003 0.003 0.003 0.002 0.001 0.957 0.004 0.003 0.003 0.002 0.004 0.003 0.003 0.003 
347      510    (2)    3 :  0.004 0.005 0.003 0.003 0.006 0.002 0.003 0.924 0.005 0.005 0.006 0.008 0.020 0.003 0.002 0.004 
348      511    (4)    3 :  0.003 0.003 0.002 0.002 0.003 0.003 0.003 0.960 0.003 0.003 0.003 0.003 0.002 0.002 0.002 0.004 
349      512    (4)    3 :  0.002 0.003 0.004 0.004 0.003 0.002 0.002 0.955 0.003 0.003 0.003 0.003 0.003 0.006 0.002 0.002 
350      513    (0)    3 :  0.003 0.002 0.003 0.003 0.003 0.002 0.002 0.938 0.003 0.003 0.004 0.003 0.019 0.007 0.002 0.002 
351      514    (0)    3 :  0.008 0.003 0.002 0.002 0.004 0.001 0.001 0.958 0.004 0.004 0.003 0.002 0.002 0.002 0.002 0.002 
352      515    (2)    3 :  0.003 0.002 0.002 0.002 0.002 0.002 0.001 0.963 0.003 0.002 0.002 0.002 0.003 0.004 0.003 0.002 
353      516    (2)    3 :  0.004 0.008 0.003 0.005 0.005 0.003 0.003 0.926 0.005 0.005 0.005 0.004 0.007 0.004 0.004 0.008 
354      517    (0)    3 :  0.001 0.002 0.002 0.002 0.002 0.001 0.001 0.964 0.002 0.002 0.002 0.010 0.002 0.005 0.001 0.002 
355      518    (0)    3 :  0.003 0.005 0.005 0.004 0.006 0.003 0.002 0.931 0.006 0.006 0.006 0.005 0.003 0.003 0.006 0.004 
356      519    (0)    3 :  0.002 0.002 0.003 0.002 0.003 0.003 0.003 0.956 0.003 0.003 0.003 0.003 0.003 0.002 0.003 0.004 
357      520    (2)    3 :  0.003 0.003 0.002 0.003 0.003 0.003 0.004 0.951 0.003 0.003 0.003 0.006 0.006 0.002 0.002 0.002 
358      521    (2)    3 :  0.002 0.002 0.003 0.003 0.002 0.003 0.007 0.955 0.002 0.002 0.002 0.002 0.003 0.006 0.003 0.002 
359      522    (0)    3 :  0.004 0.020 0.003 0.004 0.006 0.006 0.013 0.899 0.005 0.006 0.006 0.007 0.005 0.001 0.004 0.010 
360      523    (2)    3 :  0.005 0.004 0.006 0.004 0.007 0.005 0.004 0.921 0.007 0.006 0.007 0.004 0.002 0.004 0.008 0.005 
361      524    (0)    3 :  0.004 0.013 0.010 0.006 0.009 0.008 0.013 0.802 0.008 0.010 0.011 0.006 0.006 0.003 0.024 0.067 
362      525    (0)    3 :  0.002 0.003 0.002 0.002 0.003 0.002 0.001 0.967 0.003 0.003 0.003 0.002 0.003 0.001 0.001 0.002 
363      526    (2)    3 :  0.002 0.002 0.003 0.002 0.002 0.002 0.002 0.956 0.002 0.002 0.003 0.003 0.002 0.012 0.002 0.002 
364      527    (2)    4 :  0.009 0.009 0.004 0.006 0.008 0.872 0.002 0.007 0.010 0.008 0.007 0.006 0.010 0.005 0.027 0.011 
365      528    (4)    4 :  0.005 0.014 0.019 0.350 0.020 0.398 0.018 0.002 0.022 0.022 0.025 0.004 0.008 0.003 0.087 0.004 
366      529    (4)    4 :  0.018 0.019 0.009 0.110 0.017 0.714 0.016 0.003 0.015 0.016 0.020 0.012 0.004 0.009 0.013 0.006 
367      530    (0)    4 :  0.003 0.003 0.012 0.011 0.007 0.906 0.004 0.007 0.008 0.007 0.007 0.003 0.005 0.004 0.008 0.005 
368      531    (2)    4 :  0.004 0.004 0.010 0.025 0.006 0.886 0.011 0.004 0.006 0.007 0.008 0.006 0.004 0.006 0.010 0.003 
369      532    (4)    4 :  0.005 0.004 0.024 0.101 0.011 0.754 0.003 0.003 0.011 0.012 0.017 0.003 0.002 0.002 0.017 0.029 
370      533    (0)    4 :  0.029 0.023 0.028 0.015 0.066 0.583 0.023 0.008 0.082 0.046 0.043 0.007 0.002 0.003 0.041 0.002 
371      534    (2)    4 :  0.004 0.005 0.005 0.007 0.008 0.848 0.013 0.003 0.008 0.008 0.009 0.005 0.006 0.002 0.067 0.003 
372      535    (2)    4 :  0.005 0.009 0.010 0.027 0.011 0.866 0.004 0.002 0.011 0.011 0.011 0.007 0.002 0.005 0.009 0.011 
373      536    (2)    4 :  0.005 0.003 0.008 0.003 0.005 0.896 0.028 0.002 0.006 0.006 0.006 0.005 0.002 0.012 0.009 0.004 
374      537    (2)    4 :  0.007 0.007 0.004 0.006 0.007 0.907 0.008 0.002 0.007 0.006 0.006 0.008 0.014 0.002 0.007 0.002 
375      538    (2)    4 :  0.025 0.027 0.041 0.005 0.041 0.675 0.003 0.006 0.042 0.038 0.030 0.008 0.004 0.002 0.049 0.004 
376      539    (2)    4 :  0.002 0.008 0.004 0.006 0.005 0.812 0.004 0.001 0.005 0.005 0.005 0.003 0.002 0.002 0.133 0.004 
377      540    (2)    4 :  0.007 0.010 0.021 0.006 0.015 0.853 0.012 0.001 0.015 0.013 0.012 0.018 0.002 0.001 0.010 0.005 
378      541    (2)    4 :  0.026 0.009 0.022 0.047 0.008 0.756 0.008 0.003 0.007 0.010 0.011 0.028 0.003 0.002 0.056 0.005 
379      542    (2)    4 :  0.017 0.065 0.019 0.015 0.016 0.689 0.010 0.002 0.018 0.018 0.020 0.021 0.010 0.004 0.071 0.005 
380      543    (0)    4 :  0.013 0.014 0.017 0.010 0.044 0.592 0.021 0.003 0.035 0.059 0.103 0.034 0.015 0.002 0.035 0.003 
381      544    (2)    4 :  0.003 0.003 0.007 0.003 0.003 0.934 0.004 0.003 0.004 0.004 0.004 0.003 0.002 0.002 0.020 0.001 
382      545    (2)    4 :  0.010 0.013 0.006 0.005 0.010 0.036 0.005 0.002 0.016 0.009 0.009 0.004 0.002 0.001 0.863 0.010 
383      546    (4)    4 :  0.009 0.019 0.005 0.004 0.024 0.018 0.004 0.002 0.036 0.018 0.022 0.003 0.002 0.002 0.820 0.013 
384      547    (6)    4 :  0.022 0.009 0.025 0.009 0.032 0.658 0.009 0.004 0.032 0.047 0.050 0.011 0.030 0.015 0.011 0.036 
385      019    (0)    5 :  0.034 0.004 0.006 0.017 0.007 0.078 0.008 0.002 0.008 0.007 0.007 0.036 0.004 0.004 0.775 0.003 
386      064    (0)    5 :  0.003 0.002 0.002 0.002 0.002 0.031 0.002 0.001 0.002 0.002 0.002 0.003 0.002 0.001 0.939 0.003 
387      065    (0)    5 :  0.004 0.002 0.003 0.003 0.002 0.942 0.005 0.001 0.002 0.002 0.002 0.003 0.001 0.001 0.023 0.002 
388      066    (0)    5 :  0.017 0.009 0.010 0.004 0.010 0.293 0.006 0.003 0.010 0.010 0.011 0.014 0.003 0.002 0.588 0.011 
389      067    (0)    5 :  0.028 0.005 0.005 0.016 0.008 0.010 0.008 0.005 0.007 0.007 0.009 0.011 0.010 0.006 0.863 0.004 
390      068    (0)    5 :  0.009 0.011 0.007 0.018 0.008 0.821 0.008 0.002 0.008 0.008 0.009 0.008 0.031 0.002 0.028 0.020 
391      069    (0)    5 :  0.003 0.007 0.007 0.008 0.006 0.138 0.012 0.001 0.006 0.005 0.005 0.005 0.004 0.001 0.774 0.018 
392      107    (0)    5 :  0.004 0.004 0.003 0.004 0.005 0.427 0.003 0.001 0.004 0.005 0.005 0.007 0.002 0.001 0.519 0.005 
393      110    (0)    5 :  0.003 0.002 0.003 0.007 0.002 0.003 0.002 0.001 0.002 0.002 0.002 0.002 0.002 0.003 0.960 0.003 
394      121    (0)    5 :  0.008 0.005 0.003 0.012 0.004 0.918 0.002 0.001 0.005 0.004 0.004 0.004 0.003 0.001 0.022 0.003 
395      137    (0)    5 :  0.009 0.007 0.005 0.004 0.008 0.008 0.005 0.002 0.007 0.010 0.009 0.007 0.002 0.009 0.902 0.004 
396      146    (0)    5 :  0.007 0.005 0.065 0.006 0.010 0.300 0.019 0.004 0.010 0.011 0.010 0.005 0.003 0.003 0.541 0.002 
397      149    (0)    5 :  0.009 0.004 0.004 0.005 0.004 0.005 0.002 0.001 0.004 0.004 0.004 0.005 0.002 0.003 0.941 0.002 
398      154    (0)    5 :  0.008 0.005 0.004 0.005 0.007 0.058 0.156 0.003 0.006 0.006 0.006 0.007 0.017 0.002 0.710 0.003 
399      179    (0)    5 :  0.004 0.006 0.004 0.004 0.004 0.409 0.004 0.002 0.004 0.004 0.004 0.005 0.004 0.002 0.533 0.006 
400      181    (0)    5 :  0.003 0.003 0.003 0.003 0.004 0.196 0.004 0.001 0.004 0.004 0.004 0.003 0.002 0.002 0.763 0.002 
401      182    (0)    5 :  0.009 0.005 0.014 0.028 0.012 0.750 0.006 0.003 0.013 0.011 0.013 0.005 0.014 0.003 0.099 0.016 
402      186    (0)    5 :  0.008 0.013 0.032 0.091 0.013 0.146 0.004 0.005 0.014 0.017 0.018 0.008 0.004 0.006 0.612 0.008 
403      193    (0)    5 :  0.006 0.004 0.008 0.006 0.008 0.514 0.008 0.003 0.009 0.007 0.008 0.013 0.004 0.002 0.396 0.004 
404      320    (0)    5 :  0.009 0.004 0.011 0.007 0.006 0.033 0.009 0.001 0.006 0.005 0.006 0.005 0.011 0.003 0.881 0.003 
405      341    (0)    5 :  0.011 0.009 0.008 0.003 0.006 0.884 0.003 0.001 0.005 0.006 0.006 0.009 0.003 0.002 0.038 0.006 
406      376    (0)    5 :  0.004 0.006 0.014 0.026 0.010 0.644 0.009 0.037 0.008 0.011 0.012 0.005 0.003 0.003 0.190 0.017 
407      395    (0)    5 :  0.005 0.022 0.005 0.012 0.007 0.191 0.054 0.001 0.007 0.006 0.007 0.021 0.004 0.006 0.647 0.004 
408      396    (0)    5 :  0.003 0.004 0.004 0.002 0.003 0.923 0.003 0.002 0.003 0.003 0.003 0.003 0.002 0.003 0.035 0.004 
409      397    (0)    5 :  0.004 0.003 0.004 0.005 0.005 0.853 0.011 0.001 0.005 0.006 0.005 0.004 0.007 0.010 0.076 0.002 
410      398    (0)    5 :  0.003 0.002 0.010 0.011 0.005 0.442 0.059 0.002 0.004 0.006 0.006 0.006 0.004 0.004 0.429 0.006 
411      399    (0)    5 :  0.005 0.003 0.008 0.013 0.005 0.926 0.002 0.002 0.004 0.005 0.005 0.002 0.003 0.002 0.007 0.007 
412      400    (0)    5 :  0.004 0.003 0.014 0.012 0.006 0.024 0.006 0.001 0.006 0.007 0.007 0.003 0.002 0.002 0.893 0.010 
413      401    (0)    5 :  0.007 0.006 0.009 0.004 0.011 0.085 0.006 0.004 0.011 0.013 0.013 0.005 0.002 0.003 0.815 0.007 
414      402    (0)    5 :  0.002 0.003 0.003 0.007 0.003 0.003 0.002 0.003 0.003 0.003 0.003 0.002 0.003 0.002 0.955 0.003 
415      403    (0)    5 :  0.023 0.011 0.028 0.019 0.008 0.438 0.004 0.002 0.008 0.009 0.011 0.010 0.004 0.011 0.402 0.010 
416      073    (0)    6 :  0.005 0.004 0.004 0.006 0.004 0.943 0.002 0.002 0.004 0.004 0.004 0.006 0.002 0.002 0.005 0.003 
417      074    (0)    6 :  0.004 0.003 0.004 0.002 0.008 0.890 0.041 0.007 0.008 0.007 0.007 0.006 0.005 0.002 0.004 0.002 
418      075    (0)    6 :  0.008 0.008 0.009 0.006 0.005 0.917 0.006 0.002 0.006 0.005 0.005 0.005 0.004 0.003 0.009 0.002 
419      076    (0)    6 :  0.009 0.009 0.005 0.013 0.006 0.903 0.005 0.004 0.006 0.006 0.006 0.004 0.006 0.005 0.008 0.003 
420      077    (0)    6 :  0.007 0.008 0.005 0.006 0.008 0.898 0.003 0.001 0.008 0.008 0.007 0.013 0.008 0.003 0.012 0.005 
421      078    (0)    6 :  0.008 0.009 0.018 0.006 0.033 0.801 0.005 0.003 0.046 0.021 0.020 0.007 0.005 0.005 0.010 0.004 
422      079    (0)    6 :  0.010 0.007 0.006 0.006 0.011 0.889 0.003 0.002 0.010 0.012 0.016 0.005 0.002 0.001 0.011 0.008 
423      080    (0)    6 :  0.007 0.003 0.004 0.015 0.006 0.909 0.003 0.003 0.006 0.006 0.006 0.003 0.019 0.002 0.005 0.004 
424      081    (0)    6 :  0.006 0.008 0.005 0.008 0.011 0.791 0.013 0.004 0.010 0.011 0.012 0.055 0.003 0.015 0.042 0.004 
425      082    (0)    6 :  0.002 0.002 0.004 0.006 0.003 0.936 0.003 0.001 0.003 0.003 0.003 0.003 0.003 0.002 0.019 0.005 
426      083    (0)    6 :  0.004 0.005 0.005 0.005 0.007 0.903 0.011 0.002 0.006 0.008 0.009 0.003 0.002 0.003 0.019 0.008 
427      084    (0)    6 :  0.011 0.006 0.004 0.003 0.005 0.820 0.102 0.004 0.005 0.005 0.005 0.009 0.002 0.005 0.012 0.002 
428      085    (0)    6 :  0.009 0.231 0.011 0.007 0.016 0.546 0.009 0.002 0.017 0.014 0.015 0.035 0.003 0.015 0.053 0.017 
429      404    (0)    6 :  0.006 0.004 0.004 0.005 0.004 0.918 0.020 0.001 0.005 0.004 0.004 0.005 0.003 0.003 0.010 0.003 
430      405    (0)    6 :  0.004 0.004 0.005 0.004 0.006 0.923 0.005 0.002 0.006 0.005 0.005 0.012 0.002 0.009 0.006 0.002 
431      406    (0)    6 :  0.002 0.005 0.006 0.007 0.011 0.900 0.008 0.005 0.013 0.009 0.008 0.004 0.003 0.007 0.004 0.007 
432      407    (0)    6 :  0.006 0.010 0.004 0.003 0.005 0.853 0.005 0.001 0.005 0.005 0.006 0.007 0.003 0.003 0.083 0.002 
433      408    (0)    6 :  0.003 0.004 0.003 0.004 0.004 0.943 0.005 0.001 0.004 0.005 0.005 0.006 0.005 0.001 0.004 0.002 
434      411    (2)    6 :  0.004 0.003 0.002 0.002 0.003 0.953 0.005 0.001 0.003 0.003 0.003 0.005 0.003 0.002 0.006 0.002 
435      412    (0)    6 :  0.006 0.013 0.005 0.012 0.007 0.863 0.004 0.029 0.007 0.008 0.009 0.013 0.006 0.004 0.007 0.006 
436      413    (0)    6 :  0.005 0.004 0.004 0.002 0.008 0.929 0.003 0.001 0.013 0.005 0.004 0.004 0.002 0.002 0.012 0.002 
437      591    (0)    7 :  0.009 0.006 0.007 0.905 0.005 0.004 0.008 0.014 0.005 0.006 0.006 0.009 0.004 0.007 0.003 0.004 
438      592    (0)    7 :  0.010 0.011 0.013 0.757 0.007 0.010 0.005 0.003 0.006 0.007 0.009 0.144 0.006 0.003 0.004 0.005 
439      593    (0)    7 :  0.006 0.005 0.006 0.916 0.007 0.009 0.004 0.002 0.008 0.007 0.006 0.006 0.002 0.005 0.005 0.005 
440      594    (0)    7 :  0.012 0.007 0.027 0.737 0.019 0.036 0.007 0.003 0.018 0.021 0.025 0.060 0.010 0.005 0.009 0.004 
441      595    (0)    7 :  0.007 0.008 0.006 0.848 0.019 0.010 0.003 0.004 0.018 0.022 0.017 0.004 0.011 0.004 0.014 0.004 
442      596    (0)    7 :  0.003 0.005 0.007 0.909 0.006 0.006 0.002 0.002 0.006 0.006 0.006 0.005 0.018 0.006 0.005 0.007 
443      597    (0)    7 :  0.007 0.039 0.008 0.818 0.009 0.031 0.003 0.001 0.011 0.012 0.015 0.006 0.006 0.002 0.028 0.003 
444      598    (0)    7 :  0.006 0.098 0.083 0.550 0.034 0.006 0.003 0.002 0.032 0.045 0.059 0.008 0.028 0.002 0.033 0.010 
445      599    (0)    7 :  0.156 0.017 0.003 0.709 0.008 0.006 0.003 0.003 0.009 0.008 0.008 0.053 0.003 0.006 0.003 0.005 
446      600    (0)    7 :  0.005 0.006 0.006 0.924 0.006 0.004 0.001 0.002 0.005 0.006 0.006 0.003 0.011 0.004 0.007 0.003 
447      601    (0)    7 :  0.018 0.035 0.009 0.797 0.017 0.021 0.002 0.002 0.014 0.017 0.015 0.018 0.002 0.002 0.026 0.005 
448      602    (0)    7 :  0.008 0.017 0.005 0.867 0.012 0.006 0.004 0.004 0.010 0.014 0.017 0.008 0.005 0.004 0.014 0.004 
449      603    (0)    7 :  0.024 0.484 0.006 0.122 0.033 0.007 0.009 0.002 0.034 0.040 0.051 0.160 0.008 0.007 0.004 0.007 
450      604    (0)    7 :  0.003 0.004 0.013 0.884 0.012 0.009 0.003 0.004 0.013 0.012 0.012 0.003 0.008 0.002 0.006 0.011 
451      605    (0)    7 :  0.009 0.009 0.089 0.727 0.022 0.008 0.003 0.020 0.017 0.022 0.028 0.009 0.023 0.004 0.006 0.004 
452      606    (0)    7 :  0.012 0.006 0.012 0.875 0.010 0.004 0.004 0.004 0.009 0.010 0.011 0.009 0.007 0.020 0.003 0.003 
453      607    (0)    7 :  0.002 0.007 0.008 0.827 0.005 0.009 0.002 0.003 0.005 0.005 0.006 0.002 0.008 0.003 0.015 0.094 
454      608    (0)    7 :  0.021 0.008 0.007 0.897 0.006 0.005 0.005 0.001 0.005 0.005 0.005 0.005 0.003 0.003 0.004 0.017 
455      609    (0)    7 :  0.004 0.006 0.008 0.919 0.008 0.004 0.003 0.002 0.007 0.008 0.007 0.004 0.003 0.004 0.004 0.008 
456      610    (0)    7 :  0.022 0.064 0.015 0.441 0.081 0.019 0.009 0.004 0.071 0.110 0.121 0.008 0.009 0.003 0.006 0.016 
457      611    (2)    7 :  0.003 0.005 0.007 0.886 0.008 0.011 0.012 0.002 0.011 0.008 0.007 0.004 0.006 0.003 0.008 0.019 
458      612    (0)    7 :  0.010 0.015 0.008 0.731 0.022 0.008 0.003 0.004 0.024 0.019 0.021 0.006 0.042 0.002 0.057 0.028 
459      755    (0)    7 :  0.004 0.020 0.015 0.416 0.034 0.016 0.029 0.027 0.026 0.028 0.039 0.013 0.043 0.002 0.008 0.279 
460      756    (0)    7 :  0.005 0.010 0.007 0.899 0.006 0.012 0.008 0.002 0.005 0.006 0.006 0.009 0.003 0.003 0.003 0.014 
461      757    (0)    7 :  0.005 0.006 0.016 0.876 0.012 0.009 0.004 0.004 0.011 0.011 0.011 0.011 0.005 0.002 0.006 0.009 
462      002    (0)    8 :  0.003 0.017 0.010 0.006 0.006 0.518 0.020 0.004 0.007 0.008 0.008 0.004 0.002 0.003 0.380 0.004 
463      099    (2)    8 :  0.046 0.004 0.013 0.008 0.031 0.004 0.007 0.708 0.020 0.033 0.025 0.037 0.043 0.004 0.005 0.013 
464      641    (2)    8 :  0.009 0.013 0.039 0.052 0.127 0.184 0.012 0.015 0.159 0.062 0.054 0.008 0.004 0.015 0.224 0.025 
465      642    (0)    8 :  0.015 0.011 0.015 0.019 0.008 0.867 0.008 0.003 0.009 0.008 0.009 0.014 0.003 0.003 0.005 0.004 
466      643    (2)    8 :  0.011 0.026 0.066 0.025 0.015 0.761 0.016 0.004 0.016 0.013 0.013 0.017 0.003 0.003 0.008 0.004 
467      644    (0)    8 :  0.017 0.014 0.018 0.007 0.009 0.849 0.007 0.003 0.009 0.008 0.009 0.013 0.008 0.004 0.018 0.008 
468      645    (0)    8 :  0.007 0.029 0.187 0.036 0.027 0.413 0.018 0.002 0.026 0.026 0.032 0.028 0.003 0.037 0.013 0.116 
469      646    (0)    8 :  0.008 0.075 0.047 0.013 0.057 0.062 0.013 0.004 0.067 0.047 0.067 0.005 0.008 0.011 0.373 0.141 
470      006    (0)    9 :  0.005 0.013 0.008 0.006 0.021 0.213 0.636 0.005 0.020 0.022 0.023 0.008 0.003 0.003 0.007 0.005 
471      011    (0)    9 :  0.003 0.003 0.003 0.003 0.003 0.953 0.009 0.001 0.003 0.003 0.003 0.004 0.003 0.002 0.003 0.002 
472      033    (2)    9 :  0.003 0.023 0.004 0.023 0.006 0.256 0.632 0.001 0.006 0.006 0.006 0.007 0.002 0.002 0.018 0.004 
473      048    (0)    9 :  0.060 0.015 0.007 0.015 0.019 0.515 0.043 0.002 0.015 0.021 0.020 0.236 0.005 0.009 0.011 0.005 
474      061    (0)    9 :  0.001 0.001 0.002 0.001 0.002 0.002 0.972 0.001 0.002 0.002 0.002 0.002 0.001 0.004 0.002 0.003 
475      088    (0)    9 :  0.015 0.010 0.014 0.013 0.014 0.812 0.026 0.003 0.012 0.015 0.016 0.020 0.007 0.005 0.016 0.003 
476      091    (0)    9 :  0.003 0.003 0.003 0.005 0.004 0.010 0.941 0.001 0.004 0.004 0.004 0.003 0.005 0.002 0.003 0.006 
477      098    (0)    9 :  0.012 0.008 0.004 0.021 0.006 0.856 0.009 0.001 0.005 0.007 0.007 0.028 0.003 0.012 0.015 0.006 
478      104    (0)    9 :  0.003 0.003 0.003 0.002 0.003 0.925 0.003 0.001 0.003 0.003 0.003 0.006 0.002 0.003 0.036 0.002 
479      196    (0)    9 :  0.008 0.007 0.006 0.009 0.006 0.321 0.583 0.002 0.006 0.006 0.006 0.010 0.005 0.005 0.018 0.002 
480      197    (0)    9 :  0.010 0.026 0.006 0.012 0.021 0.533 0.270 0.003 0.017 0.027 0.026 0.007 0.014 0.008 0.017 0.003 
481      201    (0)    9 :  0.003 0.005 0.014 0.006 0.006 0.326 0.599 0.001 0.006 0.006 0.005 0.006 0.001 0.001 0.014 0.002 
482      202    (0)    9 :  0.016 0.012 0.010 0.005 0.014 0.783 0.032 0.008 0.015 0.013 0.013 0.026 0.012 0.020 0.018 0.002 
483      204    (0)    9 :  0.003 0.010 0.005 0.003 0.004 0.523 0.386 0.001 0.003 0.004 0.004 0.010 0.002 0.002 0.032 0.009 
484      231    (0)    9 :  0.007 0.017 0.005 0.010 0.005 0.840 0.008 0.001 0.005 0.005 0.005 0.012 0.004 0.001 0.066 0.009 
485      328    (0)    9 :  0.004 0.006 0.005 0.006 0.004 0.695 0.251 0.001 0.003 0.004 0.004 0.005 0.002 0.005 0.003 0.002 
486      346    (0)    9 :  0.004 0.003 0.004 0.008 0.004 0.624 0.312 0.002 0.004 0.004 0.004 0.005 0.007 0.003 0.008 0.003 


Estimated Allele Frequencies in each cluster
First column gives estimated ancestral frequencies


Locus 1 : 1 
4 alleles
0.0% missing data
  89   (0.537) 0.540 0.472 0.498 0.553 0.557 0.624 0.698 0.294 0.570 0.545 0.540 0.581 0.642 0.066 0.292 0.830 
  91   (0.382) 0.339 0.506 0.445 0.430 0.367 0.314 0.293 0.669 0.370 0.372 0.378 0.370 0.311 0.708 0.592 0.151 
  93   (0.066) 0.114 0.017 0.052 0.014 0.057 0.062 0.008 0.036 0.045 0.067 0.067 0.022 0.045 0.098 0.115 0.015 
  99   (0.015) 0.006 0.005 0.004 0.002 0.018 0.000 0.001 0.001 0.015 0.015 0.015 0.028 0.001 0.129 0.001 0.003 

Locus 2 : 2 
6 alleles
1.0% missing data
 136   (0.350) 0.075 0.186 0.558 0.416 0.343 0.556 0.115 0.453 0.369 0.355 0.350 0.067 0.459 0.189 0.726 0.143 
 134   (0.235) 0.220 0.220 0.210 0.406 0.207 0.143 0.202 0.196 0.189 0.215 0.231 0.284 0.380 0.027 0.164 0.682 
 138   (0.299) 0.591 0.458 0.168 0.146 0.336 0.252 0.244 0.219 0.325 0.318 0.303 0.480 0.154 0.772 0.097 0.121 
 140   (0.067) 0.044 0.064 0.036 0.016 0.065 0.049 0.435 0.122 0.068 0.062 0.066 0.031 0.004 0.008 0.008 0.018 
 132   (0.022) 0.006 0.006 0.006 0.004 0.033 0.000 0.002 0.001 0.032 0.031 0.024 0.003 0.001 0.002 0.002 0.004 
 142   (0.028) 0.063 0.066 0.023 0.012 0.018 0.001 0.003 0.009 0.016 0.020 0.026 0.135 0.002 0.003 0.003 0.032 

Locus 3 : 3 
6 alleles
0.0% missing data
 181   (0.257) 0.345 0.132 0.188 0.401 0.243 0.230 0.072 0.073 0.237 0.263 0.259 0.444 0.066 0.180 0.092 0.342 
 187   (0.342) 0.168 0.354 0.346 0.166 0.362 0.518 0.686 0.345 0.386 0.349 0.341 0.157 0.258 0.775 0.546 0.119 
 179   (0.245) 0.260 0.318 0.296 0.400 0.254 0.227 0.226 0.051 0.246 0.245 0.246 0.180 0.015 0.029 0.347 0.350 
 191   (0.032) 0.007 0.007 0.010 0.006 0.031 0.022 0.004 0.009 0.027 0.032 0.033 0.009 0.200 0.004 0.003 0.009 
 185   (0.075) 0.202 0.071 0.055 0.018 0.074 0.002 0.007 0.285 0.072 0.072 0.075 0.029 0.457 0.008 0.008 0.135 
 175   (0.048) 0.018 0.118 0.104 0.008 0.034 0.001 0.005 0.237 0.033 0.039 0.046 0.181 0.003 0.005 0.004 0.045 

Locus 4 : 4 
12 alleles
0.2% missing data
 253   (0.488) 0.279 0.485 0.511 0.613 0.522 0.758 0.624 0.169 0.530 0.506 0.491 0.700 0.464 0.596 0.450 0.617 
 249   (0.029) 0.005 0.006 0.009 0.005 0.023 0.058 0.315 0.066 0.024 0.022 0.028 0.004 0.002 0.004 0.020 0.005 
 271   (0.042) 0.009 0.036 0.030 0.009 0.039 0.028 0.005 0.110 0.035 0.039 0.042 0.006 0.003 0.005 0.054 0.010 
 241   (0.157) 0.206 0.182 0.188 0.145 0.134 0.021 0.023 0.529 0.123 0.152 0.157 0.089 0.150 0.183 0.367 0.097 
 257   (0.006) 0.001 0.002 0.005 0.001 0.003 0.000 0.001 0.000 0.003 0.004 0.006 0.001 0.000 0.001 0.003 0.001 
 269   (0.173) 0.474 0.225 0.154 0.184 0.174 0.133 0.021 0.031 0.182 0.170 0.173 0.139 0.099 0.201 0.083 0.245 
 247   (0.065) 0.020 0.049 0.055 0.033 0.082 0.001 0.008 0.026 0.082 0.079 0.067 0.054 0.280 0.007 0.007 0.017 
 245   (0.008) 0.001 0.002 0.002 0.001 0.004 0.000 0.001 0.066 0.004 0.006 0.008 0.001 0.000 0.001 0.001 0.001 
 239   (0.011) 0.002 0.002 0.021 0.003 0.007 0.000 0.001 0.001 0.006 0.008 0.011 0.001 0.001 0.001 0.001 0.003 
 273   (0.007) 0.001 0.002 0.022 0.001 0.004 0.000 0.001 0.001 0.004 0.005 0.007 0.001 0.000 0.001 0.001 0.001 
 267   (0.006) 0.001 0.002 0.002 0.001 0.003 0.000 0.001 0.000 0.004 0.004 0.006 0.001 0.000 0.001 0.013 0.002 
 255   (0.006) 0.001 0.009 0.002 0.003 0.003 0.000 0.001 0.000 0.003 0.004 0.006 0.002 0.000 0.001 0.001 0.001 

Locus 5 : 5 
6 alleles
0.6% missing data
 103   (0.850) 0.945 0.925 0.858 0.928 0.810 0.993 0.985 0.735 0.773 0.845 0.850 0.962 0.979 0.983 0.965 0.951 
 104   (0.063) 0.039 0.035 0.052 0.027 0.103 0.005 0.007 0.073 0.130 0.069 0.063 0.019 0.004 0.007 0.027 0.029 
 101   (0.009) 0.002 0.003 0.003 0.002 0.005 0.000 0.001 0.001 0.005 0.006 0.009 0.001 0.012 0.001 0.001 0.005 
 105   (0.047) 0.009 0.025 0.071 0.035 0.055 0.001 0.005 0.165 0.063 0.051 0.048 0.013 0.003 0.005 0.004 0.010 
 102   (0.016) 0.003 0.009 0.006 0.005 0.017 0.000 0.001 0.001 0.020 0.016 0.016 0.002 0.001 0.002 0.001 0.003 
 107   (0.015) 0.002 0.003 0.010 0.003 0.010 0.000 0.001 0.025 0.011 0.012 0.015 0.002 0.001 0.001 0.001 0.002 

Locus 6 : 6 
5 alleles
0.2% missing data
 141   (0.267) 0.068 0.327 0.209 0.308 0.265 0.590 0.835 0.110 0.254 0.261 0.266 0.265 0.132 0.030 0.316 0.780 
 145   (0.405) 0.592 0.452 0.522 0.444 0.437 0.179 0.073 0.023 0.455 0.434 0.411 0.622 0.260 0.410 0.119 0.134 
 135   (0.235) 0.318 0.183 0.203 0.136 0.222 0.191 0.076 0.637 0.218 0.225 0.233 0.099 0.288 0.549 0.362 0.065 
 147   (0.082) 0.018 0.035 0.056 0.111 0.069 0.040 0.015 0.127 0.067 0.073 0.079 0.013 0.319 0.010 0.201 0.019 
 137   (0.011) 0.003 0.002 0.011 0.002 0.007 0.000 0.001 0.103 0.006 0.008 0.010 0.002 0.001 0.001 0.002 0.002 

Locus 7 : 7 
10 alleles
1.2% missing data
  93   (0.224) 0.121 0.324 0.278 0.214 0.186 0.333 0.612 0.113 0.179 0.198 0.217 0.350 0.065 0.797 0.405 0.302 
 103   (0.303) 0.341 0.375 0.289 0.530 0.346 0.403 0.083 0.017 0.352 0.318 0.307 0.370 0.515 0.040 0.271 0.127 
  91   (0.068) 0.015 0.017 0.056 0.041 0.064 0.033 0.007 0.060 0.066 0.067 0.069 0.057 0.155 0.010 0.007 0.058 
  97   (0.195) 0.348 0.051 0.120 0.157 0.201 0.163 0.028 0.262 0.196 0.213 0.198 0.095 0.253 0.127 0.171 0.253 
  85   (0.046) 0.120 0.012 0.047 0.015 0.042 0.045 0.006 0.003 0.045 0.046 0.046 0.010 0.003 0.006 0.008 0.010 
  89   (0.082) 0.034 0.185 0.067 0.029 0.059 0.020 0.257 0.301 0.060 0.066 0.079 0.079 0.005 0.011 0.130 0.234 
  83   (0.050) 0.017 0.030 0.133 0.009 0.075 0.001 0.005 0.003 0.075 0.063 0.053 0.034 0.003 0.006 0.005 0.010 
 105   (0.013) 0.002 0.003 0.004 0.002 0.012 0.000 0.001 0.092 0.011 0.014 0.013 0.003 0.001 0.002 0.001 0.002 
 101   (0.009) 0.001 0.002 0.003 0.001 0.008 0.000 0.001 0.125 0.010 0.006 0.008 0.001 0.001 0.001 0.001 0.001 
  99   (0.009) 0.002 0.002 0.002 0.001 0.007 0.000 0.001 0.025 0.005 0.008 0.009 0.001 0.001 0.001 0.001 0.001 

Locus 8 : 8 
8 alleles
0.0% missing data
 129   (0.552) 0.724 0.730 0.636 0.404 0.579 0.705 0.665 0.300 0.602 0.565 0.551 0.695 0.639 0.198 0.477 0.458 
 141   (0.054) 0.020 0.024 0.022 0.093 0.044 0.098 0.009 0.003 0.043 0.049 0.053 0.012 0.216 0.006 0.148 0.011 
 149   (0.079) 0.031 0.079 0.056 0.018 0.075 0.144 0.012 0.303 0.068 0.076 0.079 0.071 0.012 0.009 0.031 0.279 
 143   (0.263) 0.211 0.152 0.252 0.476 0.260 0.052 0.310 0.298 0.245 0.265 0.265 0.207 0.128 0.702 0.339 0.211 
 127   (0.018) 0.003 0.004 0.005 0.003 0.015 0.000 0.001 0.094 0.017 0.016 0.018 0.002 0.001 0.046 0.002 0.003 
 131   (0.012) 0.005 0.002 0.003 0.002 0.008 0.000 0.001 0.001 0.008 0.008 0.011 0.010 0.002 0.038 0.001 0.003 
 133   (0.017) 0.005 0.007 0.022 0.003 0.016 0.000 0.001 0.001 0.014 0.017 0.017 0.003 0.001 0.002 0.002 0.033 
 145   (0.006) 0.001 0.001 0.004 0.001 0.004 0.000 0.000 0.000 0.003 0.004 0.006 0.001 0.000 0.001 0.001 0.001 

Locus 9 : 9 
5 alleles
0.0% missing data
 191   (0.388) 0.320 0.168 0.350 0.479 0.404 0.565 0.845 0.340 0.408 0.392 0.387 0.337 0.546 0.339 0.596 0.591 
 195   (0.145) 0.350 0.098 0.131 0.244 0.133 0.187 0.032 0.330 0.116 0.130 0.141 0.328 0.050 0.355 0.036 0.034 
 189   (0.454) 0.327 0.731 0.506 0.275 0.457 0.246 0.121 0.330 0.470 0.470 0.460 0.332 0.403 0.304 0.367 0.372 
 197   (0.006) 0.001 0.001 0.011 0.001 0.003 0.000 0.001 0.000 0.003 0.004 0.006 0.001 0.000 0.001 0.001 0.001 
 193   (0.006) 0.002 0.001 0.002 0.001 0.003 0.002 0.001 0.000 0.003 0.004 0.006 0.001 0.000 0.001 0.001 0.002 

Locus 10 : 10 
7 alleles
0.4% missing data
 232   (0.249) 0.163 0.075 0.291 0.154 0.278 0.287 0.572 0.126 0.299 0.267 0.250 0.216 0.277 0.219 0.376 0.062 
 238   (0.559) 0.704 0.857 0.496 0.669 0.557 0.591 0.132 0.748 0.552 0.553 0.560 0.723 0.343 0.367 0.445 0.840 
 252   (0.108) 0.118 0.051 0.163 0.123 0.095 0.107 0.279 0.014 0.085 0.097 0.106 0.050 0.032 0.016 0.171 0.082 
 254   (0.047) 0.008 0.010 0.035 0.047 0.037 0.014 0.014 0.082 0.034 0.044 0.046 0.007 0.263 0.394 0.005 0.009 
 248   (0.018) 0.003 0.004 0.008 0.003 0.015 0.000 0.002 0.001 0.014 0.021 0.019 0.002 0.083 0.002 0.002 0.003 
 250   (0.013) 0.002 0.002 0.004 0.002 0.014 0.000 0.001 0.029 0.014 0.014 0.013 0.002 0.001 0.002 0.001 0.002 
 236   (0.006) 0.001 0.001 0.003 0.002 0.004 0.000 0.001 0.000 0.003 0.005 0.006 0.001 0.001 0.001 0.001 0.001 

Locus 11 : 11 
4 alleles
0.0% missing data
  87   (0.689) 0.872 0.791 0.684 0.640 0.697 0.643 0.346 0.496 0.703 0.699 0.692 0.855 0.533 0.964 0.561 0.865 
  89   (0.241) 0.095 0.188 0.220 0.347 0.249 0.303 0.628 0.152 0.249 0.243 0.241 0.120 0.385 0.029 0.362 0.086 
  91   (0.054) 0.031 0.018 0.080 0.011 0.042 0.054 0.024 0.182 0.039 0.045 0.052 0.024 0.081 0.006 0.075 0.014 
  85   (0.016) 0.003 0.003 0.016 0.003 0.011 0.000 0.002 0.169 0.009 0.013 0.016 0.002 0.001 0.002 0.001 0.036 

Locus 12 : 12 
13 alleles
0.4% missing data
 160   (0.216) 0.146 0.257 0.214 0.060 0.223 0.109 0.036 0.422 0.233 0.209 0.214 0.336 0.721 0.597 0.190 0.194 
 162   (0.246) 0.146 0.338 0.248 0.484 0.254 0.209 0.754 0.014 0.236 0.252 0.247 0.294 0.230 0.065 0.093 0.371 
 147   (0.049) 0.036 0.069 0.017 0.089 0.037 0.117 0.098 0.003 0.035 0.045 0.048 0.015 0.003 0.005 0.363 0.012 
 158   (0.230) 0.302 0.108 0.279 0.188 0.239 0.534 0.080 0.095 0.266 0.235 0.232 0.204 0.022 0.028 0.316 0.100 
 161   (0.109) 0.225 0.125 0.115 0.149 0.096 0.021 0.015 0.272 0.093 0.095 0.107 0.050 0.016 0.116 0.023 0.032 
 170   (0.051) 0.022 0.049 0.060 0.010 0.063 0.007 0.007 0.028 0.055 0.065 0.054 0.025 0.003 0.006 0.005 0.012 
 143   (0.030) 0.005 0.006 0.039 0.005 0.032 0.001 0.003 0.161 0.029 0.032 0.030 0.007 0.002 0.176 0.003 0.009 
 154   (0.016) 0.003 0.004 0.006 0.005 0.020 0.000 0.002 0.001 0.023 0.023 0.017 0.002 0.001 0.002 0.002 0.005 
 149   (0.021) 0.077 0.006 0.006 0.004 0.015 0.000 0.002 0.001 0.013 0.019 0.021 0.060 0.001 0.002 0.002 0.258 
 153   (0.011) 0.002 0.002 0.010 0.003 0.010 0.000 0.001 0.001 0.008 0.012 0.012 0.002 0.001 0.001 0.001 0.002 
 150   (0.006) 0.015 0.001 0.002 0.001 0.003 0.000 0.001 0.000 0.003 0.004 0.005 0.005 0.000 0.001 0.001 0.001 
 159   (0.008) 0.021 0.033 0.003 0.001 0.004 0.000 0.001 0.000 0.003 0.005 0.007 0.001 0.000 0.001 0.001 0.002 
 164   (0.006) 0.001 0.001 0.002 0.001 0.004 0.000 0.000 0.000 0.003 0.005 0.006 0.001 0.000 0.001 0.001 0.001 

Locus 13 : 13 
5 alleles
0.0% missing data
 108   (0.202) 0.178 0.135 0.275 0.144 0.194 0.163 0.405 0.298 0.199 0.200 0.202 0.071 0.199 0.337 0.152 0.051 
 115   (0.449) 0.435 0.497 0.473 0.501 0.443 0.581 0.530 0.377 0.425 0.450 0.448 0.579 0.283 0.090 0.309 0.706 
 113   (0.337) 0.385 0.366 0.248 0.352 0.353 0.256 0.064 0.324 0.366 0.341 0.338 0.348 0.517 0.572 0.538 0.242 
 109   (0.006) 0.001 0.001 0.002 0.001 0.005 0.000 0.001 0.000 0.005 0.004 0.006 0.001 0.000 0.001 0.001 0.001 
 110   (0.006) 0.001 0.001 0.002 0.001 0.005 0.000 0.000 0.000 0.004 0.005 0.006 0.001 0.000 0.001 0.001 0.001 

Locus 14 : 14 
5 alleles
1.2% missing data
 227   (0.137) 0.323 0.279 0.075 0.037 0.138 0.259 0.063 0.008 0.136 0.134 0.136 0.328 0.016 0.255 0.325 0.054 
 231   (0.157) 0.034 0.044 0.147 0.461 0.156 0.093 0.027 0.355 0.149 0.166 0.159 0.029 0.352 0.272 0.107 0.039 
 229   (0.506) 0.517 0.455 0.681 0.286 0.511 0.463 0.860 0.469 0.537 0.506 0.505 0.524 0.415 0.092 0.447 0.860 
 225   (0.137) 0.108 0.203 0.071 0.142 0.136 0.088 0.019 0.059 0.130 0.135 0.137 0.054 0.213 0.226 0.023 0.033 
 233   (0.063) 0.018 0.019 0.026 0.074 0.058 0.097 0.031 0.108 0.049 0.059 0.062 0.065 0.004 0.154 0.098 0.014 

Locus 15 : 15 
5 alleles
0.4% missing data
 143   (0.842) 0.755 0.943 0.888 0.873 0.844 0.970 0.982 0.621 0.837 0.844 0.843 0.899 0.817 0.719 0.978 0.935 
 157   (0.007) 0.001 0.001 0.002 0.001 0.003 0.018 0.001 0.000 0.003 0.004 0.006 0.001 0.000 0.001 0.001 0.001 
 145   (0.088) 0.056 0.037 0.048 0.115 0.093 0.011 0.010 0.184 0.096 0.089 0.088 0.081 0.006 0.273 0.015 0.051 
 147   (0.048) 0.185 0.016 0.023 0.008 0.050 0.001 0.005 0.194 0.055 0.052 0.049 0.017 0.145 0.006 0.005 0.010 
 133   (0.014) 0.004 0.003 0.040 0.002 0.009 0.000 0.002 0.001 0.009 0.011 0.014 0.002 0.032 0.001 0.001 0.002 

Locus 16 : 16 
5 alleles
0.2% missing data
 156   (0.228) 0.267 0.182 0.391 0.325 0.204 0.304 0.196 0.162 0.195 0.207 0.223 0.223 0.503 0.515 0.079 0.053 
 158   (0.540) 0.600 0.578 0.458 0.469 0.571 0.498 0.323 0.313 0.575 0.557 0.546 0.688 0.196 0.253 0.736 0.615 
 160   (0.139) 0.106 0.189 0.101 0.148 0.131 0.153 0.469 0.118 0.129 0.135 0.136 0.057 0.112 0.016 0.174 0.307 
 154   (0.085) 0.026 0.032 0.047 0.056 0.090 0.045 0.011 0.407 0.096 0.096 0.086 0.019 0.188 0.215 0.009 0.024 
 152   (0.009) 0.002 0.020 0.002 0.001 0.004 0.000 0.001 0.000 0.004 0.005 0.008 0.013 0.001 0.001 0.001 0.001 

Locus 17 : 17 
5 alleles
0.0% missing data
 102   (0.203) 0.243 0.425 0.098 0.183 0.190 0.249 0.097 0.039 0.192 0.197 0.203 0.076 0.198 0.024 0.164 0.336 
  90   (0.681) 0.718 0.532 0.821 0.794 0.666 0.721 0.605 0.322 0.655 0.671 0.679 0.901 0.794 0.578 0.810 0.377 
  88   (0.069) 0.015 0.027 0.033 0.013 0.082 0.029 0.294 0.468 0.070 0.083 0.072 0.011 0.005 0.007 0.022 0.279 
 100   (0.040) 0.007 0.012 0.046 0.008 0.058 0.001 0.004 0.171 0.081 0.046 0.040 0.011 0.002 0.390 0.004 0.008 
 104   (0.006) 0.017 0.004 0.002 0.001 0.003 0.000 0.001 0.000 0.003 0.004 0.006 0.001 0.000 0.001 0.001 0.001 

Locus 18 : 18 
7 alleles
0.0% missing data
 142   (0.124) 0.135 0.061 0.174 0.024 0.131 0.422 0.792 0.018 0.120 0.132 0.127 0.058 0.008 0.015 0.382 0.083 
 146   (0.074) 0.020 0.244 0.064 0.084 0.071 0.192 0.035 0.004 0.063 0.066 0.072 0.031 0.226 0.008 0.024 0.103 
 140   (0.291) 0.407 0.200 0.227 0.501 0.298 0.086 0.046 0.298 0.339 0.288 0.288 0.199 0.178 0.277 0.424 0.518 
 127   (0.302) 0.188 0.282 0.408 0.231 0.321 0.227 0.075 0.386 0.323 0.313 0.304 0.417 0.058 0.549 0.095 0.181 
 148   (0.100) 0.051 0.148 0.037 0.116 0.084 0.054 0.035 0.067 0.075 0.100 0.101 0.067 0.216 0.011 0.049 0.028 
 150   (0.055) 0.119 0.033 0.051 0.012 0.049 0.001 0.006 0.224 0.043 0.048 0.054 0.206 0.309 0.005 0.005 0.070 
 138   (0.054) 0.081 0.032 0.038 0.032 0.046 0.018 0.011 0.003 0.038 0.053 0.054 0.022 0.004 0.135 0.021 0.016 

Locus 19 : 19 
8 alleles
0.2% missing data
 188   (0.183) 0.311 0.096 0.190 0.067 0.194 0.095 0.565 0.011 0.199 0.199 0.186 0.119 0.169 0.020 0.172 0.045 
 190   (0.123) 0.200 0.069 0.100 0.243 0.086 0.418 0.014 0.041 0.085 0.097 0.117 0.232 0.200 0.013 0.327 0.396 
 194   (0.576) 0.464 0.567 0.635 0.601 0.605 0.483 0.411 0.554 0.603 0.596 0.581 0.573 0.480 0.956 0.490 0.190 
 202   (0.017) 0.003 0.004 0.006 0.003 0.012 0.000 0.001 0.042 0.011 0.012 0.016 0.002 0.145 0.002 0.001 0.003 
 200   (0.083) 0.018 0.261 0.058 0.080 0.093 0.002 0.007 0.314 0.091 0.083 0.083 0.072 0.005 0.008 0.008 0.364 
 192   (0.006) 0.002 0.001 0.002 0.004 0.004 0.000 0.000 0.000 0.005 0.005 0.006 0.001 0.000 0.001 0.001 0.001 
 196   (0.006) 0.001 0.001 0.008 0.001 0.003 0.000 0.001 0.000 0.003 0.004 0.006 0.001 0.000 0.001 0.001 0.001 
 198   (0.007) 0.001 0.001 0.002 0.001 0.003 0.000 0.000 0.038 0.003 0.004 0.006 0.001 0.000 0.001 0.001 0.001 

Locus 20 : 20 
6 alleles
0.8% missing data
 252   (0.701) 0.777 0.840 0.835 0.745 0.724 0.849 0.818 0.074 0.715 0.733 0.709 0.736 0.728 0.385 0.710 0.545 
 250   (0.084) 0.178 0.029 0.028 0.069 0.073 0.100 0.010 0.428 0.073 0.075 0.081 0.026 0.142 0.349 0.045 0.141 
 244   (0.023) 0.006 0.008 0.009 0.007 0.014 0.007 0.149 0.047 0.014 0.015 0.021 0.010 0.002 0.005 0.002 0.007 
 254   (0.078) 0.018 0.090 0.062 0.056 0.066 0.031 0.010 0.243 0.060 0.067 0.076 0.140 0.081 0.100 0.010 0.018 
 246   (0.093) 0.018 0.025 0.056 0.119 0.081 0.004 0.010 0.207 0.081 0.085 0.092 0.085 0.046 0.159 0.230 0.285 
 248   (0.022) 0.004 0.008 0.009 0.004 0.042 0.009 0.004 0.001 0.058 0.025 0.021 0.003 0.001 0.002 0.003 0.004 

Locus 21 : 21 
7 alleles
0.2% missing data
 173   (0.291) 0.560 0.477 0.351 0.311 0.257 0.372 0.155 0.208 0.234 0.273 0.289 0.554 0.212 0.120 0.145 0.071 
 177   (0.266) 0.257 0.247 0.207 0.081 0.302 0.277 0.181 0.041 0.331 0.285 0.268 0.236 0.167 0.272 0.640 0.508 
 175   (0.142) 0.064 0.087 0.129 0.323 0.121 0.025 0.017 0.504 0.121 0.128 0.140 0.079 0.257 0.486 0.023 0.039 
 167   (0.195) 0.093 0.157 0.265 0.142 0.195 0.320 0.636 0.069 0.188 0.188 0.193 0.114 0.122 0.111 0.178 0.091 
 163   (0.039) 0.012 0.011 0.022 0.015 0.035 0.002 0.004 0.107 0.036 0.037 0.039 0.008 0.228 0.004 0.004 0.008 
 165   (0.048) 0.010 0.013 0.020 0.125 0.057 0.003 0.005 0.070 0.061 0.049 0.048 0.008 0.013 0.006 0.009 0.279 
 159   (0.020) 0.005 0.007 0.005 0.003 0.032 0.000 0.002 0.001 0.028 0.041 0.023 0.003 0.001 0.002 0.002 0.004 

Locus 22 : 22 
11 alleles
0.6% missing data
 146   (0.232) 0.135 0.346 0.210 0.169 0.242 0.230 0.837 0.014 0.211 0.243 0.238 0.340 0.138 0.072 0.214 0.289 
 154   (0.007) 0.001 0.001 0.002 0.001 0.003 0.070 0.001 0.000 0.003 0.004 0.006 0.001 0.000 0.001 0.002 0.001 
 166   (0.091) 0.024 0.050 0.045 0.076 0.115 0.029 0.010 0.005 0.128 0.105 0.093 0.023 0.006 0.112 0.269 0.022 
 152   (0.422) 0.745 0.518 0.550 0.509 0.401 0.638 0.124 0.099 0.430 0.401 0.414 0.558 0.367 0.506 0.445 0.600 
 150   (0.030) 0.013 0.016 0.010 0.005 0.035 0.006 0.004 0.103 0.036 0.029 0.030 0.006 0.002 0.111 0.008 0.007 
 164   (0.035) 0.009 0.011 0.029 0.057 0.024 0.011 0.005 0.068 0.023 0.027 0.033 0.007 0.002 0.005 0.044 0.007 
 156   (0.019) 0.021 0.004 0.005 0.004 0.010 0.000 0.002 0.113 0.010 0.013 0.018 0.008 0.304 0.002 0.002 0.004 
 162   (0.053) 0.024 0.028 0.039 0.044 0.056 0.001 0.005 0.138 0.046 0.063 0.056 0.010 0.071 0.007 0.005 0.020 
 158   (0.088) 0.025 0.023 0.103 0.132 0.097 0.014 0.012 0.432 0.097 0.098 0.091 0.018 0.109 0.011 0.009 0.046 
 148   (0.009) 0.001 0.001 0.003 0.001 0.004 0.000 0.001 0.000 0.004 0.006 0.008 0.001 0.000 0.173 0.001 0.001 
 142   (0.014) 0.002 0.003 0.004 0.002 0.013 0.000 0.001 0.028 0.012 0.012 0.014 0.028 0.001 0.001 0.001 0.003 

Locus 23 : 23 
7 alleles
0.8% missing data
 152   (0.013) 0.002 0.003 0.003 0.002 0.007 0.062 0.001 0.001 0.007 0.008 0.011 0.002 0.001 0.001 0.091 0.002 
 156   (0.120) 0.095 0.054 0.252 0.125 0.124 0.033 0.013 0.432 0.138 0.117 0.118 0.027 0.030 0.014 0.092 0.028 
 144   (0.176) 0.245 0.177 0.106 0.193 0.161 0.185 0.026 0.244 0.155 0.163 0.172 0.315 0.641 0.605 0.152 0.050 
 160   (0.105) 0.165 0.141 0.048 0.139 0.094 0.182 0.012 0.012 0.112 0.092 0.101 0.058 0.106 0.013 0.299 0.318 
 154   (0.550) 0.485 0.608 0.577 0.529 0.581 0.535 0.922 0.172 0.553 0.583 0.561 0.593 0.221 0.362 0.362 0.596 
 158   (0.028) 0.006 0.015 0.009 0.010 0.028 0.003 0.026 0.140 0.031 0.031 0.028 0.004 0.002 0.003 0.003 0.006 
 146   (0.008) 0.001 0.002 0.004 0.001 0.005 0.000 0.001 0.000 0.005 0.007 0.008 0.001 0.000 0.001 0.001 0.001 

Locus 24 : 24 
4 alleles
0.4% missing data
  77   (0.082) 0.052 0.154 0.114 0.087 0.060 0.328 0.032 0.005 0.056 0.067 0.079 0.047 0.049 0.009 0.023 0.032 
  83   (0.463) 0.519 0.355 0.391 0.606 0.453 0.485 0.229 0.587 0.461 0.448 0.459 0.424 0.921 0.689 0.583 0.759 
  81   (0.368) 0.289 0.428 0.348 0.267 0.408 0.167 0.727 0.379 0.403 0.401 0.374 0.430 0.024 0.292 0.358 0.186 
  85   (0.088) 0.140 0.063 0.147 0.041 0.078 0.020 0.012 0.029 0.080 0.085 0.088 0.099 0.006 0.010 0.036 0.023 

Locus 25 : 25 
6 alleles
0.4% missing data
 132   (0.314) 0.226 0.245 0.228 0.457 0.347 0.531 0.909 0.021 0.327 0.333 0.319 0.424 0.456 0.180 0.123 0.209 
 124   (0.533) 0.644 0.588 0.712 0.419 0.513 0.395 0.067 0.469 0.525 0.529 0.531 0.446 0.535 0.414 0.838 0.752 
 126   (0.024) 0.005 0.005 0.008 0.005 0.015 0.058 0.003 0.011 0.015 0.019 0.024 0.003 0.001 0.003 0.025 0.005 
 122   (0.096) 0.116 0.153 0.040 0.099 0.102 0.014 0.017 0.475 0.111 0.091 0.093 0.122 0.006 0.108 0.011 0.028 
 120   (0.019) 0.003 0.004 0.007 0.004 0.013 0.000 0.002 0.022 0.013 0.016 0.018 0.002 0.001 0.293 0.002 0.003 
 136   (0.014) 0.005 0.005 0.004 0.015 0.010 0.001 0.001 0.002 0.010 0.012 0.014 0.002 0.001 0.002 0.002 0.003 

Locus 26 : 26 
7 alleles
0.2% missing data
 165   (0.248) 0.113 0.225 0.229 0.341 0.242 0.117 0.683 0.115 0.248 0.239 0.245 0.370 0.053 0.323 0.157 0.207 
 183   (0.348) 0.377 0.242 0.327 0.460 0.352 0.584 0.200 0.211 0.364 0.347 0.346 0.343 0.424 0.292 0.456 0.629 
 179   (0.089) 0.029 0.158 0.070 0.019 0.071 0.056 0.017 0.282 0.068 0.084 0.087 0.040 0.005 0.345 0.101 0.043 
 175   (0.248) 0.470 0.351 0.212 0.153 0.272 0.242 0.093 0.015 0.252 0.265 0.254 0.238 0.452 0.031 0.280 0.109 
 181   (0.051) 0.009 0.021 0.157 0.025 0.054 0.001 0.005 0.263 0.059 0.053 0.052 0.007 0.064 0.006 0.005 0.009 
 185   (0.009) 0.002 0.002 0.003 0.001 0.005 0.000 0.001 0.114 0.005 0.006 0.009 0.001 0.001 0.001 0.001 0.001 
 157   (0.006) 0.001 0.001 0.002 0.001 0.004 0.000 0.001 0.000 0.004 0.005 0.006 0.001 0.000 0.001 0.001 0.001 

Locus 27 : 27 
4 alleles
0.2% missing data
 142   (0.642) 0.766 0.643 0.591 0.681 0.664 0.705 0.339 0.522 0.670 0.661 0.644 0.834 0.742 0.307 0.601 0.722 
 148   (0.205) 0.166 0.119 0.226 0.249 0.204 0.075 0.379 0.266 0.205 0.205 0.206 0.066 0.065 0.676 0.184 0.052 
 138   (0.046) 0.012 0.016 0.020 0.017 0.033 0.210 0.271 0.048 0.033 0.034 0.043 0.029 0.003 0.006 0.204 0.023 
 150   (0.107) 0.056 0.221 0.163 0.053 0.099 0.010 0.011 0.164 0.093 0.100 0.106 0.070 0.190 0.012 0.012 0.202 

Locus 28 : 28 
6 alleles
0.8% missing data
 260   (0.384) 0.417 0.515 0.220 0.297 0.429 0.342 0.277 0.218 0.443 0.404 0.388 0.546 0.377 0.133 0.507 0.498 
 262   (0.507) 0.422 0.403 0.692 0.663 0.473 0.652 0.710 0.695 0.464 0.480 0.503 0.390 0.549 0.853 0.482 0.471 
 256   (0.077) 0.091 0.072 0.064 0.035 0.075 0.005 0.011 0.085 0.072 0.086 0.078 0.044 0.072 0.010 0.008 0.025 
 258   (0.010) 0.002 0.002 0.003 0.002 0.010 0.000 0.001 0.001 0.010 0.015 0.011 0.001 0.001 0.001 0.001 0.002 
 266   (0.006) 0.001 0.002 0.002 0.001 0.003 0.000 0.000 0.000 0.003 0.004 0.006 0.013 0.000 0.001 0.001 0.001 
 264   (0.015) 0.068 0.007 0.020 0.002 0.009 0.000 0.001 0.001 0.009 0.012 0.014 0.006 0.001 0.001 0.001 0.003 

Locus 29 : 29 
7 alleles
0.2% missing data
 146   (0.281) 0.464 0.197 0.253 0.349 0.308 0.169 0.084 0.325 0.336 0.286 0.282 0.146 0.334 0.035 0.301 0.478 
 150   (0.436) 0.379 0.555 0.592 0.406 0.440 0.707 0.163 0.239 0.428 0.439 0.437 0.599 0.289 0.140 0.427 0.170 
 140   (0.177) 0.131 0.217 0.115 0.168 0.166 0.079 0.688 0.390 0.161 0.177 0.177 0.143 0.057 0.813 0.032 0.119 
 148   (0.062) 0.013 0.018 0.022 0.051 0.047 0.037 0.060 0.035 0.044 0.053 0.060 0.045 0.317 0.007 0.227 0.151 
 152   (0.026) 0.011 0.007 0.012 0.004 0.031 0.001 0.003 0.010 0.022 0.034 0.028 0.064 0.002 0.003 0.003 0.065 
 151   (0.009) 0.001 0.004 0.003 0.002 0.005 0.005 0.002 0.001 0.004 0.006 0.008 0.001 0.001 0.001 0.010 0.006 
 142   (0.008) 0.001 0.002 0.003 0.020 0.004 0.001 0.001 0.000 0.003 0.005 0.007 0.001 0.000 0.001 0.001 0.012 

Locus 30 : 30 
6 alleles
0.2% missing data
 125   (0.283) 0.078 0.107 0.350 0.309 0.322 0.476 0.630 0.141 0.360 0.307 0.287 0.075 0.029 0.137 0.298 0.094 
 129   (0.431) 0.655 0.570 0.391 0.419 0.406 0.474 0.308 0.079 0.378 0.419 0.428 0.597 0.788 0.211 0.643 0.466 
 123   (0.154) 0.241 0.188 0.185 0.108 0.148 0.046 0.049 0.111 0.144 0.143 0.152 0.274 0.101 0.018 0.046 0.098 
 127   (0.085) 0.015 0.064 0.045 0.154 0.072 0.002 0.010 0.529 0.070 0.083 0.085 0.038 0.079 0.590 0.008 0.332 
 121   (0.012) 0.002 0.003 0.005 0.003 0.009 0.000 0.001 0.001 0.007 0.010 0.012 0.002 0.001 0.040 0.001 0.002 
 131   (0.036) 0.008 0.068 0.024 0.007 0.043 0.001 0.003 0.140 0.041 0.039 0.037 0.014 0.002 0.004 0.003 0.007 

Locus 31 : 31 
6 alleles
0.2% missing data
 159   (0.174) 0.387 0.293 0.284 0.296 0.153 0.139 0.062 0.200 0.148 0.159 0.170 0.186 0.011 0.020 0.110 0.048 
 155   (0.544) 0.252 0.300 0.465 0.425 0.594 0.689 0.590 0.422 0.617 0.578 0.552 0.613 0.709 0.525 0.851 0.494 
 157   (0.182) 0.125 0.332 0.203 0.253 0.168 0.091 0.298 0.061 0.152 0.173 0.181 0.173 0.020 0.115 0.029 0.438 
 153   (0.062) 0.230 0.066 0.024 0.012 0.058 0.078 0.043 0.307 0.060 0.058 0.061 0.022 0.004 0.096 0.006 0.013 
 151   (0.031) 0.006 0.007 0.022 0.013 0.024 0.002 0.004 0.010 0.020 0.028 0.031 0.004 0.255 0.244 0.003 0.007 
 163   (0.006) 0.001 0.001 0.002 0.001 0.004 0.001 0.001 0.000 0.003 0.004 0.006 0.002 0.001 0.001 0.001 0.001 

Locus 32 : 32 
5 alleles
0.0% missing data
 146   (0.323) 0.397 0.272 0.362 0.263 0.348 0.066 0.065 0.651 0.380 0.333 0.324 0.345 0.313 0.585 0.051 0.214 
 150   (0.566) 0.519 0.669 0.596 0.511 0.555 0.857 0.924 0.251 0.535 0.560 0.565 0.621 0.639 0.403 0.869 0.409 
 148   (0.059) 0.019 0.027 0.018 0.119 0.047 0.075 0.006 0.033 0.038 0.059 0.060 0.011 0.045 0.007 0.073 0.362 
 154   (0.038) 0.009 0.014 0.019 0.105 0.037 0.001 0.005 0.064 0.037 0.038 0.039 0.007 0.002 0.004 0.005 0.009 
 152   (0.014) 0.056 0.018 0.005 0.002 0.013 0.000 0.001 0.001 0.011 0.011 0.013 0.016 0.001 0.001 0.001 0.006 

Locus 33 : 33 
7 alleles
0.0% missing data
 180   (0.463) 0.187 0.415 0.414 0.532 0.483 0.609 0.425 0.357 0.475 0.482 0.467 0.410 0.672 0.699 0.364 0.514 
 196   (0.114) 0.223 0.103 0.105 0.049 0.111 0.187 0.121 0.025 0.115 0.108 0.113 0.128 0.007 0.013 0.207 0.025 
 184   (0.195) 0.454 0.080 0.202 0.275 0.170 0.146 0.426 0.185 0.190 0.176 0.190 0.338 0.071 0.264 0.121 0.084 
 194   (0.010) 0.002 0.002 0.003 0.002 0.005 0.040 0.001 0.001 0.004 0.006 0.009 0.001 0.001 0.001 0.030 0.002 
 192   (0.137) 0.115 0.284 0.200 0.099 0.138 0.005 0.015 0.165 0.116 0.150 0.141 0.105 0.182 0.015 0.013 0.356 
 198   (0.066) 0.014 0.023 0.057 0.021 0.083 0.012 0.010 0.266 0.090 0.068 0.066 0.011 0.067 0.007 0.263 0.016 
 190   (0.016) 0.005 0.093 0.019 0.022 0.009 0.000 0.002 0.001 0.009 0.011 0.015 0.007 0.001 0.001 0.002 0.003 

Locus 34 : 34 
6 alleles
0.0% missing data
 110   (0.189) 0.054 0.198 0.114 0.225 0.189 0.369 0.271 0.111 0.200 0.194 0.188 0.079 0.071 0.215 0.168 0.166 
 112   (0.349) 0.451 0.312 0.332 0.292 0.380 0.515 0.068 0.048 0.356 0.382 0.358 0.380 0.056 0.039 0.733 0.422 
 106   (0.278) 0.402 0.365 0.401 0.410 0.248 0.090 0.581 0.247 0.247 0.243 0.271 0.436 0.712 0.222 0.078 0.153 
  90   (0.038) 0.008 0.033 0.037 0.008 0.030 0.018 0.063 0.002 0.028 0.030 0.036 0.006 0.002 0.404 0.006 0.226 
 108   (0.137) 0.083 0.091 0.112 0.064 0.147 0.007 0.016 0.592 0.163 0.144 0.138 0.097 0.112 0.118 0.015 0.031 
  96   (0.010) 0.001 0.002 0.004 0.002 0.006 0.000 0.001 0.001 0.005 0.007 0.009 0.001 0.046 0.001 0.001 0.003 

Locus 35 : 35 
9 alleles
0.0% missing data
 166   (0.055) 0.034 0.036 0.019 0.054 0.046 0.287 0.009 0.003 0.045 0.046 0.053 0.153 0.004 0.007 0.183 0.118 
 176   (0.098) 0.021 0.028 0.133 0.221 0.088 0.130 0.022 0.097 0.086 0.091 0.097 0.014 0.015 0.012 0.378 0.033 
 172   (0.325) 0.420 0.433 0.199 0.135 0.363 0.453 0.450 0.165 0.380 0.331 0.325 0.428 0.586 0.040 0.212 0.257 
 170   (0.275) 0.286 0.193 0.256 0.519 0.244 0.122 0.482 0.349 0.245 0.267 0.273 0.217 0.326 0.615 0.154 0.202 
 174   (0.131) 0.034 0.244 0.317 0.047 0.128 0.005 0.012 0.042 0.129 0.134 0.131 0.155 0.062 0.015 0.015 0.363 
 178   (0.039) 0.058 0.017 0.025 0.008 0.044 0.002 0.017 0.002 0.034 0.051 0.043 0.009 0.003 0.005 0.051 0.010 
 168   (0.054) 0.019 0.026 0.046 0.013 0.063 0.001 0.005 0.321 0.064 0.057 0.054 0.020 0.003 0.305 0.005 0.013 
 186   (0.017) 0.127 0.020 0.004 0.003 0.019 0.000 0.001 0.019 0.013 0.019 0.018 0.002 0.001 0.002 0.002 0.003 
 158   (0.006) 0.001 0.001 0.002 0.001 0.004 0.000 0.000 0.000 0.005 0.006 0.006 0.001 0.000 0.001 0.001 0.001 

Locus 36 : 36 
6 alleles
0.0% missing data
  89   (0.571) 0.779 0.737 0.544 0.493 0.608 0.662 0.234 0.603 0.612 0.587 0.573 0.550 0.508 0.373 0.717 0.648 
  95   (0.061) 0.018 0.047 0.022 0.086 0.047 0.081 0.040 0.027 0.050 0.055 0.060 0.128 0.005 0.007 0.021 0.015 
  85   (0.162) 0.155 0.065 0.214 0.148 0.145 0.225 0.263 0.014 0.133 0.149 0.158 0.174 0.234 0.494 0.222 0.282 
  81   (0.062) 0.014 0.031 0.142 0.179 0.059 0.006 0.008 0.004 0.055 0.067 0.065 0.030 0.004 0.008 0.006 0.015 
  83   (0.126) 0.031 0.117 0.072 0.091 0.127 0.026 0.452 0.327 0.140 0.127 0.126 0.108 0.247 0.014 0.033 0.037 
  91   (0.019) 0.004 0.004 0.005 0.003 0.013 0.000 0.002 0.026 0.012 0.015 0.018 0.010 0.001 0.104 0.002 0.004 

Locus 37 : 37 
10 alleles
0.0% missing data
 161   (0.346) 0.123 0.322 0.525 0.397 0.327 0.576 0.087 0.708 0.336 0.327 0.341 0.263 0.374 0.432 0.528 0.423 
 165   (0.232) 0.250 0.173 0.142 0.184 0.251 0.165 0.060 0.112 0.275 0.241 0.235 0.345 0.099 0.131 0.279 0.091 
 159   (0.013) 0.002 0.003 0.003 0.002 0.012 0.036 0.001 0.001 0.011 0.011 0.013 0.005 0.001 0.001 0.008 0.003 
 173   (0.254) 0.423 0.370 0.200 0.387 0.250 0.126 0.165 0.170 0.225 0.260 0.255 0.188 0.515 0.224 0.081 0.416 
 169   (0.102) 0.184 0.105 0.108 0.021 0.106 0.087 0.682 0.006 0.105 0.099 0.101 0.121 0.006 0.206 0.098 0.056 
 167   (0.017) 0.003 0.019 0.008 0.003 0.019 0.009 0.002 0.001 0.016 0.017 0.017 0.003 0.002 0.002 0.002 0.004 
 168   (0.010) 0.002 0.002 0.003 0.002 0.009 0.000 0.001 0.001 0.010 0.014 0.011 0.001 0.001 0.001 0.001 0.002 
 155   (0.013) 0.002 0.003 0.006 0.002 0.018 0.000 0.001 0.001 0.014 0.023 0.015 0.002 0.001 0.001 0.001 0.002 
 177   (0.006) 0.001 0.002 0.003 0.001 0.004 0.000 0.000 0.000 0.004 0.004 0.006 0.001 0.000 0.001 0.001 0.002 
 175   (0.008) 0.010 0.001 0.002 0.001 0.003 0.000 0.001 0.000 0.003 0.004 0.007 0.071 0.000 0.001 0.001 0.001 

Locus 38 : 38 
6 alleles
0.6% missing data
  87   (0.094) 0.025 0.132 0.059 0.113 0.064 0.170 0.012 0.439 0.064 0.075 0.090 0.029 0.129 0.555 0.138 0.021 
  89   (0.437) 0.427 0.461 0.536 0.214 0.481 0.589 0.747 0.227 0.487 0.462 0.442 0.678 0.090 0.051 0.672 0.395 
  91   (0.164) 0.085 0.169 0.166 0.208 0.178 0.131 0.200 0.100 0.188 0.161 0.162 0.048 0.186 0.209 0.025 0.091 
  81   (0.116) 0.069 0.054 0.064 0.219 0.113 0.080 0.012 0.007 0.111 0.123 0.118 0.068 0.116 0.013 0.082 0.436 
  85   (0.183) 0.392 0.184 0.174 0.245 0.161 0.027 0.029 0.227 0.148 0.175 0.183 0.176 0.479 0.172 0.081 0.055 
  83   (0.006) 0.001 0.001 0.002 0.001 0.003 0.003 0.001 0.000 0.003 0.004 0.006 0.001 0.000 0.001 0.001 0.002 

Locus 39 : 39 
4 alleles
0.6% missing data
 167   (0.787) 0.934 0.862 0.876 0.948 0.787 0.911 0.931 0.393 0.781 0.776 0.785 0.681 0.859 0.685 0.928 0.805 
 161   (0.176) 0.059 0.106 0.108 0.046 0.178 0.088 0.061 0.458 0.186 0.191 0.179 0.227 0.138 0.312 0.069 0.182 
 165   (0.030) 0.006 0.031 0.014 0.006 0.030 0.001 0.007 0.149 0.026 0.028 0.030 0.091 0.002 0.003 0.003 0.012 
 177   (0.006) 0.001 0.002 0.002 0.001 0.005 0.000 0.001 0.000 0.006 0.005 0.006 0.001 0.001 0.001 0.001 0.001 

Locus 40 : 40 
6 alleles
0.4% missing data
 228   (0.416) 0.661 0.449 0.387 0.442 0.394 0.523 0.727 0.118 0.393 0.395 0.411 0.461 0.232 0.551 0.658 0.636 
 238   (0.338) 0.212 0.311 0.436 0.268 0.363 0.323 0.069 0.069 0.360 0.368 0.347 0.349 0.116 0.081 0.267 0.086 
 224   (0.023) 0.004 0.005 0.006 0.014 0.013 0.091 0.003 0.011 0.013 0.015 0.021 0.003 0.001 0.002 0.046 0.225 
 236   (0.104) 0.025 0.097 0.053 0.115 0.096 0.061 0.189 0.285 0.096 0.097 0.103 0.040 0.389 0.352 0.016 0.025 
 232   (0.012) 0.002 0.002 0.039 0.002 0.008 0.000 0.001 0.001 0.009 0.008 0.011 0.002 0.001 0.001 0.002 0.002 
 240   (0.107) 0.097 0.135 0.078 0.159 0.126 0.002 0.011 0.517 0.129 0.117 0.109 0.146 0.261 0.012 0.010 0.026 

Locus 41 : 41 
7 alleles
0.0% missing data
 128   (0.114) 0.047 0.134 0.144 0.071 0.107 0.138 0.232 0.007 0.112 0.100 0.111 0.294 0.032 0.012 0.062 0.240 
 130   (0.534) 0.475 0.533 0.555 0.517 0.559 0.612 0.693 0.737 0.571 0.550 0.535 0.386 0.781 0.060 0.594 0.512 
 114   (0.052) 0.011 0.017 0.031 0.077 0.044 0.109 0.034 0.003 0.039 0.049 0.052 0.007 0.003 0.500 0.040 0.010 
 132   (0.121) 0.406 0.130 0.143 0.151 0.119 0.132 0.020 0.007 0.110 0.118 0.121 0.160 0.047 0.014 0.286 0.028 
 118   (0.061) 0.022 0.109 0.050 0.011 0.055 0.002 0.008 0.072 0.048 0.054 0.061 0.093 0.130 0.204 0.006 0.030 
 134   (0.112) 0.039 0.077 0.075 0.172 0.113 0.006 0.013 0.174 0.117 0.125 0.115 0.060 0.007 0.210 0.012 0.178 
 136   (0.006) 0.001 0.001 0.002 0.001 0.004 0.000 0.001 0.000 0.004 0.005 0.006 0.001 0.000 0.001 0.001 0.001 

Locus 42 : 42 
6 alleles
1.2% missing data
 102   (0.268) 0.439 0.354 0.162 0.414 0.271 0.416 0.075 0.015 0.284 0.257 0.266 0.285 0.477 0.572 0.432 0.220 
 104   (0.406) 0.274 0.516 0.411 0.322 0.447 0.196 0.102 0.231 0.432 0.453 0.418 0.560 0.413 0.050 0.150 0.689 
  92   (0.107) 0.151 0.051 0.231 0.086 0.093 0.107 0.014 0.316 0.090 0.097 0.105 0.025 0.007 0.051 0.280 0.033 
  96   (0.074) 0.015 0.019 0.082 0.055 0.066 0.061 0.709 0.176 0.078 0.064 0.070 0.028 0.005 0.096 0.066 0.018 
  98   (0.138) 0.120 0.059 0.113 0.122 0.118 0.220 0.101 0.261 0.112 0.124 0.135 0.102 0.099 0.230 0.071 0.038 
 106   (0.006) 0.002 0.002 0.002 0.002 0.004 0.000 0.001 0.000 0.004 0.005 0.006 0.001 0.000 0.001 0.001 0.002 

Locus 43 : 43 
6 alleles
1.4% missing data
 101   (0.301) 0.429 0.290 0.422 0.471 0.280 0.471 0.090 0.368 0.282 0.278 0.297 0.228 0.181 0.035 0.214 0.206 
 103   (0.318) 0.421 0.408 0.182 0.279 0.340 0.177 0.457 0.108 0.299 0.352 0.328 0.448 0.351 0.228 0.372 0.129 
  99   (0.142) 0.039 0.052 0.212 0.064 0.141 0.030 0.075 0.182 0.157 0.143 0.140 0.099 0.009 0.415 0.219 0.598 
  95   (0.215) 0.107 0.245 0.175 0.182 0.219 0.321 0.377 0.335 0.239 0.203 0.211 0.221 0.458 0.170 0.194 0.062 
  97   (0.018) 0.003 0.004 0.007 0.003 0.015 0.000 0.002 0.006 0.017 0.018 0.018 0.002 0.001 0.151 0.002 0.003 
  91   (0.006) 0.001 0.001 0.002 0.001 0.005 0.000 0.001 0.000 0.006 0.005 0.006 0.001 0.000 0.001 0.001 0.001 

Locus 44 : 44 
7 alleles
0.2% missing data
 177   (0.078) 0.025 0.053 0.031 0.063 0.087 0.064 0.010 0.112 0.078 0.086 0.081 0.054 0.005 0.010 0.163 0.017 
 191   (0.285) 0.137 0.337 0.264 0.303 0.325 0.185 0.053 0.634 0.319 0.322 0.292 0.132 0.098 0.280 0.112 0.328 
 181   (0.568) 0.827 0.595 0.674 0.619 0.527 0.750 0.931 0.137 0.550 0.526 0.559 0.725 0.863 0.521 0.718 0.573 
 189   (0.007) 0.001 0.001 0.002 0.001 0.003 0.000 0.000 0.000 0.003 0.004 0.006 0.001 0.030 0.001 0.001 0.001 
 179   (0.043) 0.007 0.010 0.023 0.011 0.046 0.001 0.004 0.107 0.040 0.049 0.045 0.006 0.003 0.187 0.004 0.078 
 183   (0.009) 0.002 0.002 0.003 0.002 0.007 0.000 0.001 0.001 0.006 0.009 0.009 0.003 0.001 0.001 0.001 0.002 
 193   (0.010) 0.002 0.002 0.003 0.002 0.005 0.000 0.001 0.009 0.005 0.006 0.009 0.079 0.001 0.001 0.001 0.002 

Locus 45 : 45 
6 alleles
0.8% missing data
 205   (0.461) 0.534 0.409 0.356 0.538 0.500 0.504 0.866 0.311 0.501 0.496 0.469 0.548 0.406 0.248 0.547 0.533 
 211   (0.227) 0.227 0.172 0.365 0.184 0.224 0.250 0.046 0.393 0.213 0.225 0.227 0.101 0.274 0.341 0.107 0.294 
 207   (0.144) 0.199 0.176 0.095 0.091 0.130 0.127 0.065 0.071 0.133 0.138 0.143 0.234 0.200 0.017 0.192 0.054 
 201   (0.074) 0.022 0.169 0.102 0.082 0.060 0.069 0.012 0.040 0.060 0.061 0.072 0.022 0.005 0.382 0.119 0.022 
 215   (0.082) 0.015 0.072 0.079 0.104 0.072 0.050 0.010 0.178 0.074 0.069 0.080 0.092 0.114 0.010 0.035 0.094 
 202   (0.011) 0.002 0.002 0.003 0.002 0.014 0.000 0.001 0.007 0.018 0.011 0.010 0.002 0.001 0.001 0.001 0.002 

Locus 46 : 46 
10 alleles
1.0% missing data
 144   (0.064) 0.014 0.073 0.100 0.014 0.057 0.253 0.054 0.007 0.060 0.054 0.062 0.028 0.129 0.008 0.075 0.070 
 158   (0.157) 0.082 0.186 0.129 0.269 0.138 0.114 0.035 0.123 0.143 0.155 0.156 0.033 0.082 0.021 0.396 0.193 
 168   (0.140) 0.032 0.063 0.111 0.136 0.153 0.222 0.057 0.217 0.187 0.144 0.139 0.039 0.107 0.217 0.066 0.031 
 166   (0.139) 0.068 0.078 0.096 0.086 0.124 0.323 0.458 0.025 0.108 0.136 0.138 0.338 0.389 0.123 0.123 0.038 
 142   (0.362) 0.711 0.537 0.283 0.437 0.409 0.084 0.379 0.142 0.403 0.380 0.366 0.491 0.285 0.047 0.307 0.641 
 170   (0.016) 0.003 0.003 0.042 0.004 0.009 0.001 0.002 0.047 0.009 0.011 0.015 0.002 0.001 0.002 0.001 0.004 
 156   (0.028) 0.015 0.021 0.009 0.005 0.026 0.001 0.002 0.083 0.019 0.030 0.029 0.004 0.002 0.468 0.015 0.005 
 162   (0.047) 0.010 0.014 0.073 0.037 0.042 0.001 0.005 0.162 0.035 0.042 0.046 0.058 0.003 0.109 0.004 0.009 
 164   (0.042) 0.065 0.024 0.155 0.011 0.038 0.001 0.005 0.194 0.032 0.044 0.043 0.005 0.002 0.005 0.011 0.007 
 160   (0.006) 0.001 0.001 0.002 0.001 0.004 0.000 0.001 0.000 0.004 0.005 0.006 0.001 0.000 0.001 0.001 0.001 

Locus 47 : 47 
7 alleles
9.9% missing data
 149   (0.350) 0.365 0.334 0.297 0.082 0.372 0.209 0.467 0.770 0.378 0.358 0.353 0.412 0.334 0.348 0.187 0.511 
 151   (0.186) 0.169 0.203 0.161 0.373 0.163 0.208 0.122 0.087 0.152 0.176 0.186 0.107 0.012 0.084 0.578 0.352 
 153   (0.192) 0.304 0.290 0.144 0.178 0.198 0.364 0.106 0.042 0.193 0.198 0.192 0.411 0.025 0.029 0.130 0.070 
 147   (0.028) 0.005 0.008 0.069 0.005 0.021 0.034 0.003 0.002 0.018 0.023 0.027 0.004 0.002 0.004 0.031 0.007 
 145   (0.222) 0.153 0.160 0.295 0.358 0.230 0.182 0.299 0.041 0.245 0.228 0.221 0.063 0.625 0.531 0.072 0.054 
 152   (0.007) 0.001 0.002 0.003 0.001 0.004 0.002 0.001 0.001 0.003 0.004 0.006 0.001 0.000 0.001 0.001 0.003 
 143   (0.016) 0.003 0.003 0.031 0.003 0.011 0.000 0.001 0.057 0.011 0.012 0.016 0.002 0.001 0.002 0.002 0.003 

Values of parameters used in structure:
DATAFILE=temp2.str,	OUTFILE=k16/temp2_k16_run6,	NUMINDS=486,	NUMLOCI=47,	MISSING=-9,	LABEL=1,	POPDATA=1,	POPFLAG=0,	PHENOTYPE=0,	EXTRACOLS=0,	MAXPOPS=16,	BURNIN=500000,	NUMREPS=750000,	USEPOPINFO=0,	INFERALPHA=1,	INFERLAMBDA=0,	POPSPECIFICLAMBDA=0,	POPALPHAS=0,	COMPUTEPROB=1,	NOADMIX=0,	ADMBURNIN=500,	UPDATEFREQ=100,	PRINTLIKES=0,	INTERMEDSAVE=0,	PRINTKLD=0,	PRINTNET=1,	PRINTLAMBDA=1,	ANCESTDIST=0,	NUMBOXES=1000,	ANCESTPINT=0.90000,	GENSBACK=2,	MIGRPRIOR=0.01000,	PRINTQHAT=0,	PRINTQSUM=1,	ALPHA=1.0000,	FREQSCORR=1,	FPRIORMEAN=0.0100,	FPRIORSD=0.0500,	ONEFST=0,	LAMBDA=1.0000,	UNIFPRIORALPHA=1,	ALPHAMAX=10.0000,	ALPHAPRIORA=1.0000,	ALPHAPRIORB=2.0000,	ALPHAPROPSD=0.0250,	STARTATPOPINFO=0,	RANDOMIZE=0,	LINKAGE=0,	METROFREQ=10,	REPORTHITRATE=0,	MARKOVPHASE=0,	PHASED=1,	PLOIDY=2,	PHASEINFO=0	LOCPRIOR=0, 	LOCPRIORINIT=1.000000, 	LOCDATA=0, 	LOCISPOP=1, 	LOCPRIORSTEP=0.100000, 	MAXLOCPRIOR=20.000000, 	SEED=119778,	
[STRAT parameters]:    NUMSIMSTATS=1000,	PHENOTYPECOL=-9,	POOLFREQ=10,	LOCUSxONLY=0,	EMERROR=0.00100,	MISSINGPHENO=-9,	