

----------------------------------------------------
STRUCTURE by Pritchard, Stephens and Donnelly (2000)
     and Falush, Stephens and Pritchard (2003)
       Code by Pritchard, Falush and Hubisz
             Version 2.3.4 (Jul 2012)
----------------------------------------------------



Command line arguments:   structure -D 583781 -K 16 -m mainparams -o k16/temp2_k16_run8 
Input File:    temp2.str

Run parameters:
   486 individuals
   47 loci
   16 populations assumed
   500000 Burn-in period
   750000 Reps
RANDOMIZE turned off


--------------------------------------------
Proportion of membership of each pre-defined
 population in each of the 16 clusters

Given    Inferred Clusters                                                                                                  Number of
 Pop       1      2      3      4      5      6      7      8      9     10     11     12     13     14     15     16      Individuals

  1:     0.010  0.037  0.004  0.843  0.009  0.009  0.010  0.009  0.006  0.003  0.012  0.010  0.008  0.009  0.010  0.011       63
  2:     0.012  0.012  0.006  0.852  0.012  0.011  0.007  0.011  0.010  0.003  0.014  0.014  0.007  0.009  0.006  0.015       20
  3:     0.003  0.004  0.007  0.003  0.004  0.004  0.004  0.003  0.006  0.936  0.004  0.005  0.004  0.004  0.004  0.005       36
  4:     0.011  0.118  0.004  0.692  0.017  0.018  0.013  0.010  0.008  0.003  0.036  0.019  0.006  0.010  0.014  0.021       21
  5:     0.008  0.546  0.003  0.353  0.006  0.007  0.006  0.014  0.006  0.003  0.012  0.007  0.005  0.007  0.009  0.007       31
  6:     0.006  0.018  0.004  0.877  0.008  0.008  0.016  0.012  0.004  0.004  0.006  0.008  0.004  0.010  0.006  0.007       21
  7:     0.015  0.012  0.004  0.011  0.015  0.016  0.031  0.006  0.023  0.005  0.770  0.020  0.011  0.023  0.017  0.022       25
  8:     0.015  0.137  0.010  0.450  0.035  0.036  0.024  0.013  0.039  0.093  0.020  0.028  0.009  0.015  0.047  0.030        8
  9:     0.009  0.019  0.005  0.537  0.008  0.008  0.010  0.336  0.004  0.002  0.009  0.009  0.005  0.025  0.006  0.009       17
 10:     0.005  0.004  0.003  0.005  0.005  0.005  0.004  0.003  0.005  0.003  0.006  0.005  0.935  0.004  0.005  0.005       29
 11:     0.002  0.002  0.962  0.002  0.003  0.003  0.002  0.003  0.002  0.006  0.002  0.003  0.002  0.002  0.002  0.003        9
 12:     0.018  0.015  0.008  0.010  0.165  0.165  0.066  0.009  0.026  0.018  0.051  0.163  0.014  0.022  0.089  0.159       26
 13:     0.041  0.012  0.009  0.012  0.092  0.098  0.112  0.012  0.045  0.013  0.025  0.105  0.011  0.147  0.157  0.110       74
 14:     0.085  0.013  0.007  0.019  0.073  0.073  0.110  0.009  0.069  0.012  0.019  0.066  0.014  0.302  0.066  0.064       35
 15:     0.298  0.013  0.008  0.030  0.033  0.034  0.181  0.007  0.013  0.007  0.022  0.044  0.008  0.219  0.034  0.049       24
 16:     0.021  0.012  0.009  0.025  0.156  0.151  0.049  0.007  0.011  0.023  0.033  0.161  0.025  0.025  0.127  0.166       43
 17:     0.010  0.013  0.003  0.014  0.248  0.287  0.044  0.050  0.012  0.006  0.011  0.158  0.009  0.015  0.018  0.101        4
--------------------------------------------

Allele-freq. divergence among pops (Net nucleotide distance),
computed using point estimates of P.

      1       2       3       4       5       6       7       8       9      10      11      12      13      14      15      16      
 1      -    0.0679  0.1387  0.0643  0.0325  0.0320  0.0310  0.1535  0.0782  0.1307  0.0454  0.0302  0.0793  0.0323  0.0389  0.0294  
 2   0.0679     -    0.1436  0.0396  0.0392  0.0384  0.0568  0.1325  0.0824  0.1385  0.0564  0.0377  0.0938  0.0650  0.0460  0.0373  
 3   0.1387  0.1436     -    0.1453  0.1017  0.1013  0.1230  0.2020  0.1717  0.1136  0.1077  0.0980  0.1340  0.1319  0.1105  0.0965  
 4   0.0643  0.0396  0.1453     -    0.0329  0.0317  0.0455  0.1046  0.0800  0.1459  0.0453  0.0306  0.0811  0.0454  0.0353  0.0300  
 5   0.0325  0.0392  0.1017  0.0329     -    0.0002  0.0151  0.1039  0.0533  0.0842  0.0218  0.0008  0.0559  0.0219  0.0109  0.0013  
 6   0.0320  0.0384  0.1013  0.0317  0.0002     -    0.0147  0.1029  0.0531  0.0836  0.0207  0.0004  0.0555  0.0217  0.0089  0.0009  
 7   0.0310  0.0568  0.1230  0.0455  0.0151  0.0147     -    0.1232  0.0580  0.1075  0.0350  0.0133  0.0702  0.0223  0.0201  0.0131  
 8   0.1535  0.1325  0.2020  0.1046  0.1039  0.1029  0.1232     -    0.1538  0.2154  0.1217  0.1008  0.1598  0.1190  0.1114  0.1003  
 9   0.0782  0.0824  0.1717  0.0800  0.0533  0.0531  0.0580  0.1538     -    0.1351  0.0628  0.0508  0.1092  0.0682  0.0653  0.0504  
10   0.1307  0.1385  0.1136  0.1459  0.0842  0.0836  0.1075  0.2154  0.1351     -    0.1056  0.0815  0.1230  0.1304  0.0939  0.0806  
11   0.0454  0.0564  0.1077  0.0453  0.0218  0.0207  0.0350  0.1217  0.0628  0.1056     -    0.0185  0.0614  0.0418  0.0261  0.0178  
12   0.0302  0.0377  0.0980  0.0306  0.0008  0.0004  0.0133  0.1008  0.0508  0.0815  0.0185     -    0.0532  0.0203  0.0089  0.0001  
13   0.0793  0.0938  0.1340  0.0811  0.0559  0.0555  0.0702  0.1598  0.1092  0.1230  0.0614  0.0532     -    0.0769  0.0657  0.0522  
14   0.0323  0.0650  0.1319  0.0454  0.0219  0.0217  0.0223  0.1190  0.0682  0.1304  0.0418  0.0203  0.0769     -    0.0300  0.0201  
15   0.0389  0.0460  0.1105  0.0353  0.0109  0.0089  0.0201  0.1114  0.0653  0.0939  0.0261  0.0089  0.0657  0.0300     -    0.0085  
16   0.0294  0.0373  0.0965  0.0300  0.0013  0.0009  0.0131  0.1003  0.0504  0.0806  0.0178  0.0001  0.0522  0.0201  0.0085     -    

Average distances (expected heterozygosity) between individuals in same cluster:
cluster  1  : 0.5577 
cluster  2  : 0.5390 
cluster  3  : 0.5322 
cluster  4  : 0.5375 
cluster  5  : 0.6349 
cluster  6  : 0.6358 
cluster  7  : 0.5912 
cluster  8  : 0.4333 
cluster  9  : 0.5310 
cluster 10  : 0.6316 
cluster 11  : 0.5942 
cluster 12  : 0.6451 
cluster 13  : 0.5438 
cluster 14  : 0.5587 
cluster 15  : 0.6065 
cluster 16  : 0.6483 

--------------------------------------------
Estimated Ln Prob of Data   = -52762.9
Mean value of ln likelihood = -50200.0
Variance of ln likelihood   = 5125.8
Mean value of alpha         = 0.0341

Mean value of Fst_1         = 0.1637
Mean value of Fst_2         = 0.1778
Mean value of Fst_3         = 0.3116
Mean value of Fst_4         = 0.1441
Mean value of Fst_5         = 0.0384
Mean value of Fst_6         = 0.0348
Mean value of Fst_7         = 0.0964
Mean value of Fst_8         = 0.4081
Mean value of Fst_9         = 0.2546
Mean value of Fst_10         = 0.1898
Mean value of Fst_11         = 0.0950
Mean value of Fst_12         = 0.0105
Mean value of Fst_13         = 0.2149
Mean value of Fst_14         = 0.1138
Mean value of Fst_15         = 0.0646
Mean value of Fst_16         = 0.0001


Inferred ancestry of individuals:
        Label (%Miss) Pop:  Inferred clusters
  1      221    (0)    1 :  0.007 0.008 0.003 0.899 0.007 0.008 0.006 0.005 0.003 0.003 0.018 0.007 0.002 0.009 0.009 0.007 
  2      222    (0)    1 :  0.003 0.535 0.004 0.361 0.009 0.009 0.007 0.006 0.011 0.004 0.007 0.009 0.009 0.009 0.008 0.010 
  3      223    (0)    1 :  0.005 0.008 0.003 0.871 0.009 0.010 0.010 0.007 0.005 0.006 0.008 0.010 0.003 0.010 0.025 0.010 
  4      224    (0)    1 :  0.002 0.006 0.001 0.953 0.003 0.003 0.002 0.005 0.004 0.001 0.004 0.003 0.004 0.003 0.003 0.003 
  5      225    (0)    1 :  0.003 0.007 0.002 0.935 0.006 0.005 0.004 0.004 0.004 0.002 0.003 0.006 0.004 0.004 0.006 0.006 
  6      226    (0)    1 :  0.002 0.003 0.006 0.927 0.004 0.004 0.004 0.004 0.007 0.001 0.013 0.005 0.002 0.003 0.010 0.005 
  7      227    (0)    1 :  0.005 0.003 0.015 0.851 0.009 0.010 0.006 0.005 0.004 0.007 0.037 0.011 0.004 0.005 0.016 0.011 
  8      228    (0)    1 :  0.004 0.007 0.003 0.865 0.010 0.009 0.009 0.012 0.009 0.004 0.006 0.009 0.005 0.030 0.009 0.009 
  9      234    (0)    1 :  0.004 0.008 0.002 0.942 0.004 0.004 0.004 0.004 0.004 0.001 0.003 0.004 0.002 0.005 0.004 0.004 
 10      235    (0)    1 :  0.002 0.009 0.004 0.949 0.003 0.004 0.003 0.004 0.002 0.001 0.004 0.003 0.002 0.003 0.003 0.003 
 11      236    (0)    1 :  0.002 0.004 0.002 0.953 0.002 0.002 0.002 0.014 0.002 0.001 0.004 0.003 0.002 0.002 0.003 0.003 
 12      237    (0)    1 :  0.004 0.009 0.002 0.942 0.003 0.004 0.006 0.002 0.003 0.002 0.003 0.004 0.002 0.004 0.006 0.004 
 13      238    (0)    1 :  0.006 0.044 0.003 0.836 0.008 0.008 0.013 0.003 0.004 0.006 0.024 0.010 0.011 0.005 0.009 0.011 
 14      239    (0)    1 :  0.010 0.019 0.007 0.674 0.022 0.027 0.009 0.025 0.007 0.002 0.073 0.028 0.014 0.015 0.039 0.029 
 15      240    (0)    1 :  0.004 0.006 0.002 0.946 0.003 0.004 0.003 0.006 0.003 0.001 0.006 0.004 0.003 0.003 0.003 0.003 
 16      242    (0)    1 :  0.007 0.279 0.001 0.273 0.032 0.038 0.022 0.003 0.007 0.001 0.011 0.080 0.002 0.021 0.107 0.115 
 17      243    (0)    1 :  0.006 0.014 0.016 0.833 0.013 0.014 0.008 0.006 0.008 0.002 0.020 0.014 0.015 0.005 0.010 0.015 
 18      244    (0)    1 :  0.003 0.015 0.012 0.882 0.008 0.009 0.003 0.002 0.003 0.003 0.022 0.008 0.003 0.003 0.016 0.008 
 19      245    (0)    1 :  0.023 0.004 0.009 0.779 0.013 0.013 0.015 0.047 0.006 0.025 0.012 0.015 0.007 0.008 0.009 0.016 
 20      246    (0)    1 :  0.002 0.011 0.005 0.940 0.005 0.004 0.003 0.003 0.004 0.003 0.003 0.005 0.003 0.003 0.003 0.004 
 21      248    (0)    1 :  0.004 0.050 0.003 0.859 0.007 0.007 0.006 0.009 0.002 0.003 0.005 0.007 0.020 0.004 0.008 0.007 
 22      249    (0)    1 :  0.002 0.002 0.001 0.965 0.002 0.002 0.002 0.002 0.004 0.001 0.004 0.002 0.002 0.002 0.003 0.002 
 23      250    (0)    1 :  0.006 0.005 0.006 0.842 0.014 0.015 0.020 0.013 0.006 0.006 0.009 0.014 0.009 0.013 0.011 0.013 
 24      251    (0)    1 :  0.006 0.017 0.004 0.913 0.005 0.005 0.008 0.005 0.002 0.001 0.004 0.005 0.003 0.012 0.006 0.005 
 25      252    (0)    1 :  0.009 0.004 0.001 0.858 0.008 0.008 0.020 0.005 0.008 0.002 0.007 0.008 0.038 0.009 0.008 0.008 
 26      253    (0)    1 :  0.002 0.003 0.003 0.817 0.020 0.020 0.007 0.006 0.004 0.014 0.007 0.025 0.021 0.004 0.021 0.026 
 27      254    (0)    1 :  0.004 0.004 0.002 0.932 0.006 0.006 0.005 0.004 0.003 0.002 0.008 0.005 0.003 0.004 0.007 0.005 
 28      255    (0)    1 :  0.005 0.274 0.003 0.526 0.020 0.019 0.007 0.017 0.004 0.002 0.056 0.017 0.006 0.011 0.014 0.017 
 29      256    (0)    1 :  0.004 0.056 0.002 0.859 0.008 0.009 0.007 0.003 0.013 0.004 0.004 0.010 0.002 0.005 0.005 0.010 
 30      257    (0)    1 :  0.011 0.007 0.003 0.878 0.009 0.009 0.010 0.003 0.003 0.002 0.019 0.009 0.009 0.010 0.010 0.008 
 31      258    (0)    1 :  0.013 0.030 0.002 0.855 0.008 0.008 0.010 0.010 0.003 0.005 0.011 0.011 0.003 0.010 0.008 0.011 
 32      259    (0)    1 :  0.020 0.009 0.002 0.872 0.021 0.018 0.006 0.002 0.004 0.002 0.006 0.011 0.003 0.005 0.009 0.009 
 33      260    (0)    1 :  0.003 0.005 0.006 0.817 0.005 0.005 0.006 0.024 0.003 0.002 0.030 0.007 0.070 0.005 0.004 0.007 
 34      261    (0)    1 :  0.117 0.005 0.002 0.726 0.012 0.010 0.050 0.003 0.005 0.002 0.014 0.012 0.008 0.014 0.009 0.012 
 35      262    (0)    1 :  0.003 0.007 0.001 0.964 0.002 0.002 0.002 0.002 0.003 0.001 0.002 0.002 0.002 0.003 0.002 0.002 
 36      263    (0)    1 :  0.005 0.015 0.005 0.859 0.005 0.005 0.006 0.005 0.005 0.003 0.043 0.006 0.025 0.003 0.005 0.006 
 37      264    (0)    1 :  0.009 0.010 0.001 0.922 0.005 0.005 0.005 0.003 0.014 0.001 0.006 0.005 0.003 0.004 0.004 0.005 
 38      265    (0)    1 :  0.008 0.020 0.002 0.866 0.006 0.006 0.004 0.007 0.005 0.001 0.020 0.006 0.035 0.005 0.003 0.006 
 39      266    (0)    1 :  0.002 0.006 0.001 0.956 0.003 0.003 0.003 0.005 0.002 0.001 0.002 0.003 0.002 0.003 0.003 0.003 
 40      267    (0)    1 :  0.002 0.023 0.002 0.940 0.003 0.003 0.002 0.002 0.003 0.001 0.003 0.003 0.001 0.003 0.005 0.003 
 41      268    (0)    1 :  0.004 0.004 0.008 0.875 0.006 0.006 0.009 0.003 0.004 0.001 0.006 0.007 0.049 0.005 0.007 0.007 
 42      269    (0)    1 :  0.006 0.008 0.001 0.934 0.003 0.003 0.003 0.020 0.002 0.001 0.004 0.003 0.002 0.003 0.004 0.003 
 43      270    (0)    1 :  0.003 0.004 0.002 0.931 0.003 0.003 0.003 0.003 0.023 0.001 0.006 0.003 0.002 0.004 0.004 0.003 
 44      271    (0)    1 :  0.026 0.012 0.003 0.692 0.029 0.026 0.029 0.075 0.007 0.006 0.012 0.027 0.009 0.007 0.016 0.024 
 45      272    (0)    1 :  0.104 0.424 0.006 0.275 0.028 0.029 0.010 0.014 0.020 0.001 0.008 0.029 0.004 0.009 0.008 0.031 
 46      273    (0)    1 :  0.009 0.014 0.002 0.806 0.015 0.014 0.007 0.010 0.019 0.004 0.040 0.014 0.003 0.015 0.016 0.014 
 47      274    (0)    1 :  0.015 0.004 0.003 0.916 0.005 0.005 0.006 0.006 0.003 0.002 0.008 0.005 0.006 0.006 0.005 0.005 
 48      275    (2)    1 :  0.003 0.010 0.002 0.939 0.004 0.004 0.003 0.003 0.003 0.002 0.007 0.004 0.002 0.005 0.005 0.004 
 49      276    (0)    1 :  0.008 0.006 0.002 0.916 0.006 0.006 0.010 0.005 0.004 0.001 0.005 0.006 0.004 0.006 0.007 0.005 
 50      277    (0)    1 :  0.008 0.003 0.001 0.796 0.011 0.012 0.061 0.012 0.007 0.001 0.008 0.011 0.002 0.046 0.011 0.009 
 51      278    (0)    1 :  0.010 0.017 0.007 0.822 0.014 0.014 0.051 0.004 0.002 0.001 0.005 0.009 0.004 0.016 0.015 0.007 
 52      279    (0)    1 :  0.004 0.018 0.002 0.875 0.019 0.016 0.008 0.003 0.004 0.002 0.006 0.013 0.003 0.006 0.009 0.011 
 53      280    (0)    1 :  0.008 0.007 0.003 0.791 0.012 0.011 0.014 0.065 0.003 0.002 0.018 0.011 0.005 0.027 0.013 0.010 
 54      287    (0)    1 :  0.006 0.005 0.004 0.869 0.014 0.014 0.009 0.003 0.006 0.003 0.013 0.015 0.006 0.010 0.007 0.015 
 55      290    (0)    1 :  0.013 0.089 0.006 0.775 0.016 0.016 0.008 0.006 0.016 0.002 0.010 0.011 0.003 0.010 0.009 0.011 
 56      291    (0)    1 :  0.010 0.003 0.003 0.855 0.012 0.011 0.015 0.014 0.003 0.002 0.007 0.009 0.006 0.035 0.006 0.009 
 57      295    (0)    1 :  0.005 0.006 0.001 0.924 0.004 0.004 0.005 0.003 0.003 0.001 0.004 0.004 0.003 0.027 0.003 0.003 
 58      296    (0)    1 :  0.003 0.010 0.003 0.928 0.003 0.004 0.005 0.005 0.010 0.002 0.003 0.004 0.004 0.003 0.008 0.005 
 59      872    (2)    1 :  0.004 0.099 0.006 0.827 0.005 0.005 0.006 0.004 0.005 0.005 0.005 0.006 0.007 0.004 0.004 0.006 
 60      873    (4)    1 :  0.003 0.031 0.004 0.833 0.011 0.011 0.009 0.010 0.017 0.003 0.013 0.018 0.003 0.003 0.011 0.021 
 61      874    (2)    1 :  0.009 0.012 0.001 0.914 0.005 0.004 0.017 0.002 0.004 0.001 0.005 0.004 0.002 0.007 0.008 0.004 
 62      875    (0)    1 :  0.004 0.015 0.017 0.908 0.005 0.005 0.004 0.006 0.003 0.004 0.006 0.005 0.002 0.004 0.005 0.006 
 63      876    (6)    1 :  0.007 0.005 0.001 0.868 0.007 0.008 0.013 0.005 0.004 0.002 0.022 0.008 0.011 0.013 0.018 0.008 
 64      212    (0)   10 :  0.003 0.004 0.001 0.002 0.003 0.003 0.004 0.002 0.002 0.002 0.002 0.003 0.961 0.004 0.003 0.003 
 65      213    (0)   10 :  0.003 0.002 0.003 0.004 0.004 0.004 0.007 0.008 0.003 0.002 0.003 0.004 0.936 0.007 0.006 0.004 
 66      214    (0)   10 :  0.007 0.006 0.001 0.004 0.006 0.005 0.005 0.002 0.002 0.003 0.006 0.005 0.934 0.002 0.006 0.005 
 67      215    (0)   10 :  0.003 0.005 0.003 0.005 0.004 0.004 0.004 0.003 0.003 0.002 0.004 0.004 0.941 0.008 0.004 0.004 
 68      216    (0)   10 :  0.003 0.002 0.002 0.004 0.003 0.003 0.004 0.004 0.003 0.001 0.003 0.003 0.953 0.005 0.003 0.003 
 69      217    (0)   10 :  0.005 0.004 0.002 0.005 0.005 0.005 0.004 0.004 0.006 0.002 0.003 0.005 0.931 0.004 0.009 0.005 
 70      218    (0)   10 :  0.003 0.002 0.002 0.003 0.003 0.003 0.003 0.002 0.004 0.003 0.003 0.003 0.959 0.003 0.003 0.003 
 71      332    (0)   10 :  0.009 0.008 0.005 0.009 0.006 0.006 0.009 0.003 0.034 0.002 0.016 0.007 0.860 0.008 0.010 0.007 
 72      333    (0)   10 :  0.008 0.013 0.010 0.011 0.011 0.011 0.005 0.004 0.006 0.008 0.028 0.014 0.842 0.006 0.009 0.014 
 73      334    (0)   10 :  0.004 0.002 0.003 0.007 0.004 0.004 0.005 0.003 0.006 0.002 0.008 0.004 0.933 0.004 0.005 0.004 
 74      335    (0)   10 :  0.005 0.002 0.002 0.002 0.003 0.003 0.002 0.001 0.002 0.002 0.003 0.003 0.961 0.005 0.003 0.003 
 75      336    (0)   10 :  0.002 0.005 0.014 0.003 0.002 0.002 0.003 0.004 0.003 0.002 0.005 0.003 0.945 0.002 0.002 0.003 
 76      337    (0)   10 :  0.003 0.008 0.002 0.009 0.005 0.005 0.003 0.002 0.002 0.003 0.011 0.005 0.930 0.003 0.006 0.005 
 77      673    (0)   10 :  0.002 0.001 0.001 0.002 0.001 0.001 0.001 0.001 0.001 0.002 0.002 0.001 0.979 0.002 0.001 0.001 
 78      674    (0)   10 :  0.005 0.005 0.002 0.003 0.005 0.005 0.004 0.002 0.007 0.002 0.005 0.006 0.938 0.003 0.003 0.006 
 79      675    (0)   10 :  0.003 0.002 0.004 0.003 0.004 0.004 0.005 0.004 0.003 0.002 0.005 0.004 0.942 0.006 0.003 0.004 
 80      676    (0)   10 :  0.007 0.002 0.001 0.003 0.004 0.004 0.006 0.001 0.005 0.002 0.006 0.004 0.934 0.008 0.008 0.004 
 81      677    (0)   10 :  0.004 0.003 0.003 0.006 0.004 0.004 0.003 0.002 0.002 0.001 0.004 0.003 0.950 0.003 0.004 0.003 
 82      678    (0)   10 :  0.006 0.011 0.004 0.007 0.012 0.011 0.006 0.004 0.002 0.003 0.004 0.010 0.895 0.009 0.006 0.010 
 83      679    (0)   10 :  0.004 0.002 0.002 0.004 0.006 0.007 0.005 0.001 0.015 0.024 0.007 0.007 0.903 0.002 0.005 0.007 
 84      680    (0)   10 :  0.009 0.003 0.005 0.004 0.005 0.005 0.007 0.003 0.007 0.002 0.012 0.005 0.918 0.006 0.004 0.005 
 85      681    (0)   10 :  0.003 0.003 0.002 0.007 0.005 0.005 0.005 0.002 0.004 0.002 0.007 0.005 0.932 0.004 0.008 0.005 
 86      682    (0)   10 :  0.002 0.002 0.004 0.002 0.002 0.002 0.002 0.003 0.002 0.002 0.002 0.002 0.966 0.002 0.002 0.002 
 87      683    (0)   10 :  0.004 0.003 0.002 0.005 0.006 0.006 0.004 0.004 0.006 0.003 0.007 0.006 0.932 0.004 0.004 0.006 
 88      684    (0)   10 :  0.007 0.003 0.003 0.002 0.006 0.006 0.005 0.002 0.003 0.002 0.006 0.005 0.937 0.004 0.004 0.005 
 89      685    (0)   10 :  0.003 0.006 0.003 0.003 0.006 0.006 0.003 0.003 0.003 0.005 0.009 0.005 0.931 0.003 0.004 0.005 
 90      686    (0)   10 :  0.002 0.002 0.003 0.002 0.002 0.002 0.002 0.002 0.002 0.004 0.003 0.002 0.965 0.002 0.002 0.002 
 91      687    (0)   10 :  0.002 0.002 0.002 0.002 0.002 0.002 0.002 0.002 0.002 0.001 0.003 0.002 0.967 0.004 0.002 0.002 
 92      688    (0)   10 :  0.015 0.004 0.002 0.007 0.003 0.003 0.006 0.003 0.005 0.001 0.006 0.003 0.931 0.004 0.004 0.004 
 93      070    (0)   11 :  0.003 0.003 0.950 0.002 0.004 0.004 0.003 0.001 0.002 0.008 0.003 0.005 0.001 0.002 0.003 0.005 
 94      071    (0)   11 :  0.003 0.002 0.955 0.002 0.003 0.003 0.003 0.006 0.002 0.001 0.004 0.003 0.005 0.003 0.003 0.003 
 95      072    (0)   11 :  0.002 0.002 0.970 0.001 0.002 0.002 0.001 0.003 0.001 0.005 0.002 0.002 0.001 0.002 0.002 0.002 
 96      151    (0)   11 :  0.002 0.001 0.978 0.001 0.001 0.001 0.002 0.001 0.001 0.002 0.002 0.001 0.001 0.002 0.001 0.001 
 97      152    (0)   11 :  0.003 0.002 0.944 0.003 0.006 0.006 0.003 0.005 0.002 0.002 0.004 0.005 0.002 0.005 0.004 0.005 
 98      153    (2)   11 :  0.001 0.002 0.979 0.001 0.002 0.002 0.001 0.001 0.001 0.002 0.002 0.001 0.001 0.001 0.001 0.001 
 99      788    (4)   11 :  0.003 0.002 0.938 0.002 0.003 0.003 0.003 0.003 0.001 0.028 0.002 0.003 0.002 0.003 0.002 0.003 
100      789    (2)   11 :  0.002 0.002 0.971 0.002 0.002 0.002 0.002 0.002 0.001 0.002 0.002 0.002 0.003 0.002 0.002 0.002 
101      790    (0)   11 :  0.001 0.002 0.973 0.002 0.002 0.002 0.001 0.003 0.001 0.001 0.002 0.002 0.001 0.002 0.002 0.002 
102      010    (0)   12 :  0.004 0.007 0.002 0.004 0.394 0.283 0.038 0.008 0.006 0.012 0.009 0.150 0.004 0.005 0.016 0.058 
103      024    (0)   12 :  0.045 0.006 0.006 0.006 0.105 0.122 0.019 0.005 0.008 0.042 0.010 0.245 0.009 0.010 0.011 0.352 
104      051    (0)   12 :  0.005 0.007 0.013 0.005 0.172 0.178 0.016 0.004 0.005 0.046 0.253 0.147 0.008 0.006 0.025 0.110 
105      090    (0)   12 :  0.009 0.008 0.007 0.007 0.134 0.149 0.041 0.003 0.013 0.020 0.061 0.217 0.005 0.015 0.081 0.231 
106      102    (0)   12 :  0.014 0.034 0.002 0.028 0.112 0.132 0.215 0.004 0.012 0.002 0.018 0.143 0.003 0.097 0.048 0.137 
107      111    (0)   12 :  0.030 0.023 0.002 0.006 0.218 0.244 0.035 0.070 0.005 0.004 0.010 0.153 0.004 0.006 0.071 0.118 
108      113    (0)   12 :  0.050 0.034 0.006 0.005 0.246 0.237 0.037 0.003 0.007 0.005 0.078 0.121 0.005 0.021 0.047 0.097 
109      138    (0)   12 :  0.006 0.004 0.045 0.009 0.063 0.100 0.018 0.003 0.003 0.006 0.018 0.083 0.077 0.012 0.458 0.097 
110      150    (0)   12 :  0.019 0.007 0.015 0.016 0.013 0.019 0.593 0.002 0.006 0.025 0.061 0.025 0.004 0.061 0.107 0.028 
111      173    (2)   12 :  0.032 0.006 0.020 0.005 0.069 0.075 0.014 0.007 0.033 0.017 0.159 0.219 0.011 0.014 0.020 0.299 
112      174    (2)   12 :  0.016 0.027 0.022 0.007 0.239 0.237 0.015 0.004 0.005 0.027 0.015 0.091 0.003 0.003 0.233 0.056 
113      175    (0)   12 :  0.005 0.013 0.006 0.003 0.180 0.180 0.017 0.002 0.005 0.067 0.030 0.229 0.003 0.008 0.020 0.233 
114      176    (0)   12 :  0.007 0.018 0.004 0.017 0.306 0.282 0.042 0.007 0.003 0.004 0.007 0.156 0.010 0.005 0.018 0.114 
115      177    (0)   12 :  0.050 0.008 0.003 0.003 0.143 0.162 0.016 0.002 0.004 0.008 0.243 0.159 0.002 0.008 0.040 0.148 
116      180    (0)   12 :  0.006 0.117 0.004 0.024 0.143 0.151 0.010 0.004 0.005 0.002 0.123 0.158 0.007 0.005 0.106 0.135 
117      184    (0)   12 :  0.015 0.004 0.015 0.006 0.077 0.097 0.103 0.005 0.039 0.010 0.015 0.115 0.005 0.017 0.343 0.133 
118      195    (0)   12 :  0.008 0.003 0.005 0.005 0.252 0.202 0.028 0.033 0.006 0.007 0.013 0.217 0.014 0.010 0.012 0.183 
119      198    (0)   12 :  0.005 0.017 0.003 0.011 0.137 0.150 0.033 0.035 0.003 0.009 0.020 0.156 0.006 0.007 0.239 0.169 
120      203    (0)   12 :  0.010 0.009 0.009 0.008 0.295 0.241 0.058 0.003 0.008 0.002 0.011 0.200 0.005 0.007 0.013 0.120 
121      211    (0)   12 :  0.037 0.005 0.003 0.026 0.187 0.188 0.045 0.003 0.003 0.004 0.008 0.177 0.080 0.010 0.025 0.199 
122      220    (0)   12 :  0.044 0.008 0.002 0.004 0.130 0.132 0.210 0.007 0.010 0.005 0.073 0.146 0.009 0.026 0.051 0.143 
123      233    (0)   12 :  0.018 0.004 0.005 0.009 0.103 0.102 0.014 0.002 0.029 0.002 0.016 0.201 0.044 0.192 0.015 0.243 
124      331    (0)   12 :  0.010 0.005 0.007 0.005 0.230 0.228 0.034 0.008 0.007 0.026 0.033 0.213 0.004 0.006 0.020 0.164 
125      349    (0)   12 :  0.005 0.010 0.009 0.008 0.080 0.069 0.013 0.006 0.447 0.097 0.033 0.101 0.006 0.013 0.011 0.091 
126      410    (0)   12 :  0.007 0.009 0.003 0.008 0.088 0.113 0.008 0.003 0.004 0.005 0.016 0.236 0.023 0.003 0.167 0.309 
127      417    (2)   12 :  0.004 0.007 0.002 0.031 0.175 0.213 0.046 0.008 0.008 0.005 0.006 0.190 0.005 0.009 0.121 0.170 
128      421    (0)   13 :  0.009 0.003 0.002 0.008 0.009 0.008 0.006 0.052 0.008 0.001 0.004 0.007 0.005 0.865 0.007 0.006 
129      423    (0)   13 :  0.003 0.010 0.008 0.006 0.245 0.193 0.020 0.003 0.025 0.008 0.010 0.241 0.002 0.004 0.029 0.194 
130      424    (0)   13 :  0.018 0.032 0.002 0.015 0.071 0.086 0.008 0.005 0.008 0.010 0.350 0.122 0.002 0.006 0.144 0.122 
131      433    (0)   13 :  0.032 0.004 0.002 0.004 0.077 0.075 0.242 0.003 0.003 0.010 0.007 0.070 0.017 0.211 0.174 0.069 
132      462    (0)   13 :  0.016 0.009 0.002 0.007 0.151 0.172 0.041 0.007 0.012 0.005 0.085 0.155 0.021 0.104 0.061 0.153 
133      463    (0)   13 :  0.007 0.006 0.002 0.012 0.173 0.177 0.018 0.020 0.049 0.027 0.008 0.199 0.004 0.007 0.072 0.219 
134      467    (0)   13 :  0.217 0.006 0.008 0.029 0.016 0.017 0.212 0.004 0.017 0.008 0.015 0.024 0.012 0.368 0.023 0.026 
135      468    (0)   13 :  0.011 0.007 0.003 0.017 0.007 0.008 0.021 0.026 0.758 0.002 0.008 0.008 0.002 0.107 0.008 0.008 
136      469    (0)   13 :  0.055 0.010 0.002 0.056 0.098 0.096 0.124 0.034 0.004 0.002 0.006 0.114 0.002 0.211 0.076 0.109 
137      472    (0)   13 :  0.004 0.003 0.004 0.007 0.162 0.138 0.031 0.014 0.006 0.021 0.009 0.233 0.007 0.035 0.020 0.307 
138      473    (0)   13 :  0.011 0.004 0.003 0.003 0.028 0.027 0.012 0.005 0.811 0.011 0.007 0.027 0.007 0.006 0.017 0.022 
139      474    (0)   13 :  0.004 0.003 0.001 0.005 0.003 0.003 0.859 0.002 0.019 0.001 0.003 0.003 0.006 0.005 0.080 0.003 
140      475    (0)   13 :  0.022 0.005 0.003 0.004 0.134 0.127 0.054 0.003 0.024 0.017 0.010 0.100 0.003 0.394 0.033 0.066 
141      476    (2)   13 :  0.014 0.006 0.008 0.003 0.005 0.006 0.816 0.002 0.023 0.011 0.004 0.006 0.010 0.005 0.075 0.006 
142      477    (0)   13 :  0.007 0.005 0.004 0.008 0.164 0.192 0.044 0.003 0.013 0.009 0.007 0.241 0.017 0.021 0.013 0.252 
143      478    (0)   13 :  0.202 0.049 0.002 0.011 0.127 0.136 0.031 0.003 0.004 0.003 0.015 0.194 0.002 0.018 0.008 0.193 
144      479    (0)   13 :  0.003 0.005 0.004 0.014 0.010 0.037 0.440 0.014 0.004 0.001 0.010 0.012 0.003 0.102 0.326 0.014 
145      480    (0)   13 :  0.016 0.004 0.002 0.002 0.006 0.006 0.008 0.001 0.015 0.002 0.004 0.006 0.002 0.912 0.006 0.006 
146      481    (0)   13 :  0.008 0.010 0.039 0.006 0.105 0.105 0.088 0.004 0.016 0.008 0.013 0.194 0.003 0.026 0.133 0.243 
147      482    (0)   13 :  0.144 0.005 0.002 0.004 0.165 0.148 0.020 0.081 0.004 0.005 0.016 0.127 0.051 0.020 0.077 0.130 
148      489    (0)   13 :  0.017 0.006 0.004 0.004 0.197 0.196 0.012 0.006 0.024 0.029 0.007 0.223 0.013 0.030 0.039 0.192 
149      490    (0)   13 :  0.021 0.008 0.003 0.014 0.015 0.080 0.006 0.005 0.003 0.005 0.011 0.015 0.003 0.007 0.786 0.016 
150      491    (0)   13 :  0.007 0.004 0.009 0.005 0.112 0.097 0.043 0.008 0.008 0.001 0.071 0.190 0.103 0.019 0.066 0.258 
151      492    (0)   13 :  0.013 0.039 0.003 0.013 0.011 0.011 0.751 0.003 0.028 0.006 0.007 0.012 0.009 0.006 0.074 0.012 
152      493    (0)   13 :  0.004 0.004 0.009 0.008 0.038 0.048 0.601 0.005 0.004 0.015 0.019 0.037 0.006 0.113 0.057 0.033 
153      494    (0)   13 :  0.009 0.004 0.026 0.005 0.068 0.081 0.042 0.011 0.010 0.026 0.016 0.086 0.038 0.284 0.210 0.087 
154      498    (0)   13 :  0.006 0.013 0.007 0.020 0.123 0.091 0.081 0.003 0.038 0.010 0.007 0.215 0.004 0.009 0.098 0.274 
155      499    (0)   13 :  0.030 0.005 0.004 0.011 0.250 0.209 0.050 0.003 0.006 0.008 0.048 0.198 0.007 0.007 0.024 0.140 
156      709    (0)   13 :  0.016 0.008 0.071 0.009 0.111 0.112 0.035 0.017 0.004 0.015 0.011 0.219 0.010 0.006 0.112 0.246 
157      710    (4)   13 :  0.005 0.005 0.006 0.010 0.137 0.098 0.028 0.012 0.006 0.096 0.003 0.087 0.003 0.420 0.018 0.066 
158      711    (2)   13 :  0.006 0.060 0.006 0.015 0.164 0.181 0.026 0.024 0.006 0.003 0.099 0.171 0.003 0.019 0.038 0.179 
159      712    (4)   13 :  0.006 0.006 0.002 0.006 0.008 0.079 0.007 0.004 0.003 0.002 0.008 0.008 0.003 0.008 0.842 0.006 
160      713    (0)   13 :  0.006 0.005 0.004 0.004 0.243 0.209 0.026 0.022 0.009 0.027 0.008 0.219 0.008 0.003 0.011 0.198 
161      714    (2)   13 :  0.015 0.008 0.017 0.010 0.025 0.021 0.279 0.005 0.032 0.010 0.020 0.023 0.002 0.476 0.035 0.022 
162      715    (4)   13 :  0.108 0.015 0.013 0.036 0.018 0.020 0.023 0.015 0.003 0.004 0.029 0.018 0.038 0.611 0.028 0.020 
163      716    (0)   13 :  0.016 0.005 0.003 0.003 0.018 0.016 0.620 0.005 0.004 0.002 0.004 0.016 0.004 0.201 0.069 0.015 
164      717    (2)   13 :  0.333 0.091 0.003 0.007 0.156 0.131 0.050 0.009 0.011 0.005 0.012 0.085 0.011 0.029 0.017 0.050 
165      718    (4)   13 :  0.004 0.006 0.002 0.010 0.020 0.078 0.015 0.009 0.004 0.003 0.016 0.016 0.002 0.027 0.768 0.017 
166      719    (0)   13 :  0.005 0.002 0.001 0.003 0.004 0.004 0.004 0.004 0.003 0.002 0.002 0.004 0.002 0.954 0.003 0.003 
167      720    (2)   13 :  0.072 0.006 0.002 0.007 0.053 0.048 0.041 0.009 0.013 0.010 0.010 0.043 0.016 0.616 0.009 0.043 
168      721    (0)   13 :  0.019 0.006 0.033 0.004 0.082 0.086 0.450 0.013 0.025 0.007 0.020 0.084 0.006 0.037 0.053 0.075 
169      722    (4)   13 :  0.130 0.005 0.002 0.009 0.008 0.007 0.053 0.017 0.063 0.001 0.006 0.006 0.002 0.670 0.014 0.007 
170      723    (0)   13 :  0.009 0.007 0.007 0.003 0.012 0.011 0.028 0.001 0.002 0.003 0.003 0.020 0.005 0.857 0.007 0.024 
171      724    (0)   13 :  0.017 0.011 0.005 0.014 0.014 0.013 0.159 0.058 0.009 0.018 0.007 0.018 0.009 0.616 0.012 0.021 
172      725    (0)   13 :  0.014 0.009 0.004 0.005 0.205 0.197 0.022 0.009 0.017 0.019 0.012 0.204 0.010 0.021 0.016 0.236 
173      726    (0)   13 :  0.016 0.003 0.007 0.004 0.097 0.128 0.343 0.011 0.034 0.013 0.007 0.135 0.005 0.021 0.035 0.142 
174      727    (0)   13 :  0.012 0.003 0.010 0.005 0.155 0.139 0.379 0.008 0.007 0.002 0.012 0.092 0.011 0.014 0.079 0.072 
175      728    (2)   13 :  0.009 0.013 0.089 0.008 0.166 0.149 0.022 0.010 0.003 0.006 0.010 0.232 0.006 0.010 0.008 0.260 
176      729    (6)   13 :  0.043 0.005 0.004 0.005 0.127 0.114 0.022 0.004 0.004 0.004 0.013 0.258 0.004 0.020 0.035 0.338 
177      730    (2)   13 :  0.034 0.009 0.007 0.010 0.045 0.098 0.011 0.012 0.002 0.003 0.010 0.037 0.005 0.028 0.656 0.033 
178      731    (2)   13 :  0.003 0.004 0.002 0.007 0.017 0.083 0.008 0.004 0.006 0.004 0.005 0.018 0.002 0.005 0.809 0.023 
179      732    (0)   13 :  0.016 0.012 0.002 0.010 0.209 0.205 0.177 0.007 0.008 0.008 0.010 0.149 0.005 0.017 0.023 0.142 
180      733    (0)   13 :  0.030 0.010 0.004 0.013 0.129 0.168 0.055 0.042 0.003 0.016 0.015 0.180 0.003 0.043 0.083 0.208 
181      734    (2)   13 :  0.077 0.007 0.008 0.011 0.155 0.140 0.066 0.001 0.003 0.037 0.076 0.142 0.084 0.007 0.044 0.143 
182      735    (4)   13 :  0.010 0.008 0.003 0.005 0.155 0.157 0.035 0.008 0.053 0.002 0.034 0.178 0.008 0.049 0.110 0.185 
183      736    (2)   13 :  0.006 0.005 0.019 0.004 0.191 0.183 0.041 0.003 0.004 0.011 0.020 0.128 0.023 0.006 0.268 0.089 
184      737    (0)   13 :  0.005 0.030 0.013 0.011 0.040 0.093 0.016 0.004 0.014 0.003 0.017 0.045 0.003 0.003 0.650 0.051 
185      738    (2)   13 :  0.006 0.005 0.003 0.009 0.102 0.139 0.017 0.003 0.004 0.005 0.090 0.095 0.005 0.007 0.412 0.098 
186      739    (8)   13 :  0.011 0.005 0.015 0.008 0.032 0.090 0.015 0.004 0.009 0.002 0.011 0.034 0.006 0.033 0.688 0.038 
187      740    (4)   13 :  0.006 0.005 0.002 0.005 0.044 0.086 0.028 0.014 0.004 0.006 0.004 0.061 0.003 0.094 0.567 0.073 
188      741    (2)   13 :  0.088 0.093 0.002 0.070 0.078 0.090 0.030 0.028 0.029 0.012 0.010 0.116 0.027 0.024 0.160 0.144 
189      742    (4)   13 :  0.006 0.019 0.006 0.013 0.111 0.149 0.019 0.002 0.006 0.008 0.082 0.100 0.005 0.015 0.378 0.080 
190      743    (2)   13 :  0.751 0.004 0.002 0.007 0.015 0.014 0.056 0.003 0.003 0.002 0.007 0.012 0.012 0.080 0.018 0.012 
191      744    (0)   13 :  0.012 0.005 0.025 0.005 0.145 0.114 0.058 0.004 0.004 0.109 0.006 0.131 0.004 0.226 0.029 0.122 
192      745    (0)   13 :  0.039 0.029 0.016 0.048 0.065 0.074 0.024 0.015 0.008 0.003 0.008 0.086 0.005 0.473 0.023 0.085 
193      746    (2)   13 :  0.003 0.036 0.004 0.004 0.106 0.147 0.027 0.010 0.004 0.005 0.011 0.163 0.005 0.011 0.285 0.179 
194      747    (2)   13 :  0.004 0.008 0.006 0.037 0.084 0.124 0.022 0.006 0.017 0.005 0.065 0.089 0.024 0.015 0.401 0.092 
195      748    (0)   13 :  0.004 0.029 0.005 0.087 0.063 0.057 0.116 0.016 0.103 0.012 0.068 0.168 0.014 0.006 0.034 0.217 
196      749    (2)   13 :  0.025 0.011 0.009 0.015 0.120 0.093 0.013 0.047 0.003 0.135 0.093 0.183 0.020 0.010 0.017 0.207 
197      750    (4)   13 :  0.052 0.023 0.005 0.009 0.121 0.126 0.013 0.006 0.005 0.012 0.012 0.226 0.005 0.007 0.082 0.296 
198      751    (0)   13 :  0.023 0.007 0.015 0.010 0.117 0.117 0.015 0.008 0.011 0.002 0.055 0.255 0.006 0.013 0.031 0.313 
199      752    (2)   13 :  0.008 0.005 0.001 0.011 0.006 0.007 0.033 0.003 0.777 0.002 0.006 0.007 0.003 0.103 0.020 0.008 
200      753    (4)   13 :  0.009 0.006 0.011 0.023 0.225 0.200 0.039 0.014 0.060 0.004 0.035 0.174 0.030 0.048 0.013 0.109 
201      754    (2)   13 :  0.008 0.003 0.003 0.003 0.005 0.080 0.005 0.002 0.002 0.005 0.004 0.005 0.003 0.003 0.863 0.005 
202      155    (0)   14 :  0.010 0.006 0.004 0.023 0.123 0.141 0.030 0.006 0.005 0.010 0.008 0.267 0.031 0.008 0.013 0.314 
203      156    (2)   14 :  0.037 0.007 0.108 0.014 0.268 0.260 0.020 0.006 0.004 0.011 0.008 0.135 0.005 0.009 0.013 0.096 
204      157    (2)   14 :  0.026 0.005 0.002 0.004 0.024 0.081 0.007 0.004 0.018 0.035 0.008 0.024 0.010 0.008 0.722 0.021 
205      158    (0)   14 :  0.004 0.009 0.004 0.007 0.215 0.195 0.042 0.006 0.003 0.004 0.030 0.214 0.007 0.026 0.014 0.220 
206      159    (0)   14 :  0.005 0.008 0.010 0.013 0.093 0.122 0.048 0.107 0.009 0.015 0.012 0.204 0.003 0.014 0.083 0.253 
207      160    (0)   14 :  0.014 0.003 0.003 0.016 0.016 0.029 0.655 0.004 0.004 0.003 0.027 0.022 0.009 0.015 0.157 0.023 
208      161    (0)   14 :  0.020 0.003 0.003 0.007 0.057 0.074 0.044 0.008 0.007 0.230 0.010 0.061 0.008 0.021 0.377 0.069 
209      162    (0)   14 :  0.106 0.006 0.005 0.008 0.266 0.138 0.214 0.002 0.012 0.002 0.014 0.116 0.005 0.023 0.033 0.051 
210      163    (2)   14 :  0.015 0.007 0.009 0.003 0.283 0.282 0.013 0.002 0.014 0.004 0.055 0.138 0.003 0.006 0.094 0.070 
211      164    (0)   14 :  0.008 0.010 0.002 0.053 0.174 0.161 0.035 0.004 0.027 0.017 0.014 0.202 0.017 0.027 0.036 0.212 
212      165    (2)   14 :  0.005 0.005 0.004 0.006 0.415 0.349 0.031 0.004 0.004 0.017 0.003 0.083 0.004 0.005 0.028 0.039 
213      427    (0)   14 :  0.013 0.003 0.008 0.005 0.010 0.009 0.016 0.021 0.004 0.005 0.013 0.013 0.088 0.770 0.007 0.015 
214      428    (0)   14 :  0.007 0.004 0.003 0.007 0.009 0.011 0.032 0.013 0.016 0.002 0.032 0.011 0.004 0.833 0.006 0.008 
215      429    (0)   14 :  0.524 0.008 0.003 0.005 0.008 0.008 0.009 0.007 0.007 0.001 0.005 0.012 0.003 0.379 0.006 0.015 
216      430    (0)   14 :  0.026 0.052 0.002 0.023 0.086 0.121 0.208 0.005 0.026 0.006 0.076 0.152 0.004 0.013 0.036 0.164 
217      431    (0)   14 :  0.188 0.025 0.002 0.048 0.025 0.027 0.307 0.007 0.006 0.003 0.012 0.028 0.005 0.244 0.045 0.030 
218      435    (0)   14 :  0.278 0.004 0.002 0.003 0.005 0.006 0.053 0.003 0.007 0.001 0.004 0.007 0.003 0.601 0.015 0.006 
219      436    (0)   14 :  0.021 0.004 0.002 0.007 0.005 0.005 0.643 0.007 0.003 0.002 0.003 0.006 0.003 0.224 0.062 0.005 
220      437    (0)   14 :  0.009 0.007 0.002 0.061 0.014 0.015 0.499 0.029 0.008 0.003 0.005 0.019 0.005 0.254 0.052 0.019 
221      438    (0)   14 :  0.011 0.019 0.008 0.033 0.029 0.028 0.105 0.013 0.032 0.005 0.018 0.024 0.002 0.628 0.026 0.021 
222      439    (0)   14 :  0.030 0.032 0.005 0.010 0.078 0.094 0.126 0.004 0.036 0.002 0.015 0.112 0.004 0.176 0.143 0.132 
223      441    (0)   14 :  0.003 0.005 0.001 0.003 0.003 0.003 0.004 0.001 0.957 0.002 0.003 0.003 0.003 0.006 0.002 0.003 
224      442    (0)   14 :  0.068 0.003 0.006 0.010 0.012 0.016 0.011 0.002 0.014 0.002 0.011 0.018 0.193 0.607 0.005 0.022 
225      443    (4)   14 :  0.004 0.004 0.002 0.008 0.004 0.005 0.007 0.003 0.010 0.002 0.010 0.005 0.002 0.917 0.011 0.006 
226      444    (4)   14 :  0.012 0.003 0.004 0.006 0.008 0.008 0.007 0.008 0.002 0.005 0.007 0.007 0.009 0.902 0.005 0.008 
227      445    (2)   14 :  0.006 0.005 0.008 0.058 0.070 0.076 0.047 0.010 0.010 0.003 0.004 0.080 0.004 0.553 0.008 0.058 
228      446    (0)   14 :  0.947 0.002 0.003 0.002 0.004 0.004 0.005 0.002 0.002 0.002 0.005 0.004 0.004 0.006 0.004 0.004 
229      447    (0)   14 :  0.304 0.003 0.004 0.026 0.021 0.017 0.047 0.008 0.003 0.001 0.008 0.019 0.006 0.486 0.026 0.019 
230      449    (0)   14 :  0.005 0.004 0.002 0.005 0.004 0.003 0.009 0.003 0.003 0.001 0.003 0.004 0.005 0.943 0.003 0.004 
231      460    (0)   14 :  0.090 0.007 0.002 0.017 0.032 0.034 0.022 0.007 0.129 0.005 0.007 0.031 0.006 0.574 0.010 0.026 
232      461    (0)   14 :  0.023 0.014 0.002 0.025 0.052 0.066 0.227 0.008 0.006 0.004 0.053 0.113 0.007 0.135 0.138 0.128 
233      484    (0)   14 :  0.067 0.167 0.008 0.121 0.053 0.065 0.009 0.004 0.015 0.004 0.154 0.097 0.012 0.038 0.069 0.118 
234      485    (0)   14 :  0.009 0.004 0.002 0.004 0.013 0.012 0.091 0.002 0.008 0.003 0.003 0.009 0.004 0.805 0.022 0.009 
235      486    (0)   14 :  0.002 0.002 0.001 0.002 0.002 0.002 0.002 0.002 0.975 0.001 0.002 0.002 0.002 0.002 0.002 0.002 
236      487    (0)   14 :  0.082 0.008 0.003 0.006 0.074 0.072 0.239 0.006 0.010 0.002 0.013 0.063 0.010 0.326 0.037 0.050 
237      178    (0)   15 :  0.038 0.003 0.005 0.004 0.067 0.078 0.401 0.003 0.010 0.014 0.011 0.073 0.006 0.163 0.050 0.075 
238      422    (0)   15 :  0.284 0.006 0.003 0.017 0.011 0.014 0.063 0.003 0.004 0.002 0.006 0.011 0.003 0.521 0.043 0.010 
239      425    (0)   15 :  0.672 0.002 0.001 0.004 0.012 0.014 0.163 0.005 0.004 0.002 0.006 0.017 0.003 0.040 0.034 0.019 
240      426    (0)   15 :  0.085 0.004 0.103 0.004 0.078 0.064 0.071 0.003 0.003 0.025 0.212 0.122 0.022 0.012 0.036 0.157 
241      432    (0)   15 :  0.024 0.008 0.007 0.010 0.080 0.094 0.027 0.009 0.009 0.004 0.036 0.190 0.009 0.251 0.017 0.223 
242      434    (0)   15 :  0.954 0.004 0.002 0.003 0.003 0.003 0.003 0.004 0.002 0.001 0.003 0.003 0.003 0.005 0.003 0.003 
243      440    (0)   15 :  0.355 0.007 0.002 0.005 0.099 0.100 0.145 0.002 0.025 0.003 0.036 0.070 0.013 0.057 0.023 0.058 
244      448    (2)   15 :  0.019 0.022 0.002 0.010 0.006 0.006 0.007 0.032 0.007 0.002 0.010 0.007 0.014 0.839 0.009 0.008 
245      456    (0)   15 :  0.037 0.078 0.003 0.069 0.115 0.125 0.152 0.004 0.005 0.003 0.019 0.141 0.009 0.043 0.023 0.175 
246      457    (0)   15 :  0.034 0.027 0.005 0.017 0.067 0.063 0.165 0.008 0.032 0.003 0.020 0.089 0.005 0.346 0.028 0.089 
247      458    (0)   15 :  0.028 0.005 0.007 0.012 0.046 0.058 0.375 0.005 0.009 0.004 0.043 0.109 0.018 0.021 0.109 0.151 
248      459    (0)   15 :  0.009 0.004 0.003 0.008 0.009 0.010 0.009 0.002 0.007 0.004 0.011 0.010 0.005 0.884 0.014 0.010 
249      464    (0)   15 :  0.098 0.004 0.005 0.004 0.017 0.016 0.179 0.003 0.012 0.014 0.005 0.017 0.010 0.577 0.025 0.015 
250      465    (0)   15 :  0.424 0.006 0.001 0.004 0.008 0.008 0.445 0.002 0.006 0.003 0.004 0.008 0.002 0.013 0.058 0.008 
251      466    (0)   15 :  0.044 0.007 0.002 0.024 0.033 0.029 0.085 0.018 0.016 0.002 0.009 0.033 0.005 0.624 0.030 0.040 
252      470    (0)   15 :  0.017 0.007 0.002 0.003 0.008 0.007 0.294 0.003 0.091 0.003 0.012 0.007 0.006 0.497 0.035 0.008 
253      471    (0)   15 :  0.462 0.031 0.034 0.008 0.037 0.031 0.022 0.025 0.006 0.004 0.045 0.038 0.003 0.201 0.011 0.041 
254      483    (0)   15 :  0.917 0.003 0.002 0.003 0.005 0.006 0.004 0.002 0.004 0.005 0.006 0.005 0.006 0.015 0.012 0.005 
255      488    (0)   15 :  0.003 0.003 0.002 0.008 0.007 0.006 0.839 0.002 0.005 0.002 0.006 0.007 0.004 0.013 0.087 0.007 
256      495    (0)   15 :  0.789 0.017 0.001 0.016 0.008 0.009 0.062 0.002 0.003 0.003 0.006 0.009 0.002 0.031 0.031 0.010 
257      496    (0)   15 :  0.047 0.004 0.002 0.002 0.012 0.009 0.789 0.005 0.004 0.003 0.005 0.008 0.002 0.014 0.085 0.008 
258      497    (0)   15 :  0.872 0.026 0.002 0.005 0.008 0.007 0.007 0.003 0.002 0.003 0.002 0.008 0.026 0.015 0.004 0.009 
259      500    (0)   15 :  0.007 0.025 0.004 0.475 0.056 0.057 0.040 0.015 0.037 0.061 0.007 0.057 0.003 0.059 0.043 0.054 
260      879    (0)   15 :  0.935 0.002 0.002 0.002 0.004 0.004 0.004 0.001 0.005 0.003 0.006 0.004 0.006 0.014 0.005 0.003 
261      036    (0)   16 :  0.009 0.004 0.004 0.005 0.069 0.109 0.022 0.010 0.004 0.003 0.005 0.293 0.002 0.016 0.018 0.426 
262      063    (2)   16 :  0.010 0.031 0.004 0.012 0.252 0.247 0.027 0.003 0.010 0.003 0.040 0.139 0.015 0.033 0.060 0.113 
263      094    (4)   16 :  0.008 0.013 0.005 0.082 0.051 0.089 0.115 0.011 0.007 0.013 0.016 0.122 0.009 0.020 0.287 0.154 
264      103    (4)   16 :  0.005 0.018 0.002 0.004 0.414 0.345 0.030 0.004 0.006 0.010 0.003 0.088 0.004 0.006 0.029 0.032 
265      112    (0)   16 :  0.007 0.007 0.004 0.007 0.116 0.144 0.014 0.003 0.011 0.007 0.048 0.139 0.006 0.006 0.341 0.140 
266      114    (2)   16 :  0.011 0.004 0.002 0.005 0.186 0.150 0.067 0.008 0.014 0.003 0.004 0.224 0.004 0.012 0.092 0.214 
267      120    (0)   16 :  0.006 0.006 0.002 0.013 0.017 0.079 0.029 0.012 0.005 0.003 0.012 0.019 0.004 0.006 0.767 0.020 
268      127    (2)   16 :  0.005 0.005 0.003 0.008 0.081 0.091 0.095 0.005 0.071 0.006 0.063 0.218 0.006 0.004 0.041 0.298 
269      147    (0)   16 :  0.013 0.005 0.046 0.002 0.114 0.118 0.016 0.005 0.007 0.008 0.209 0.199 0.006 0.015 0.020 0.219 
270      166    (0)   16 :  0.007 0.012 0.027 0.005 0.136 0.119 0.126 0.004 0.004 0.076 0.110 0.139 0.017 0.026 0.054 0.139 
271      167    (0)   16 :  0.140 0.053 0.005 0.007 0.251 0.134 0.144 0.011 0.016 0.004 0.006 0.117 0.004 0.015 0.033 0.059 
272      168    (0)   16 :  0.006 0.004 0.003 0.004 0.258 0.214 0.041 0.014 0.003 0.012 0.004 0.207 0.004 0.013 0.014 0.198 
273      169    (2)   16 :  0.098 0.006 0.005 0.009 0.216 0.139 0.180 0.006 0.004 0.003 0.039 0.113 0.004 0.038 0.058 0.082 
274      170    (0)   16 :  0.010 0.007 0.005 0.025 0.218 0.188 0.020 0.005 0.021 0.041 0.016 0.184 0.033 0.017 0.049 0.162 
275      171    (2)   16 :  0.005 0.009 0.010 0.062 0.376 0.325 0.029 0.003 0.003 0.005 0.022 0.096 0.004 0.006 0.014 0.032 
276      172    (0)   16 :  0.014 0.011 0.014 0.014 0.018 0.080 0.026 0.012 0.002 0.004 0.015 0.021 0.004 0.006 0.737 0.022 
277      185    (0)   16 :  0.033 0.009 0.005 0.004 0.296 0.228 0.044 0.002 0.016 0.005 0.028 0.154 0.005 0.065 0.010 0.096 
278      199    (2)   16 :  0.004 0.003 0.005 0.006 0.237 0.191 0.043 0.006 0.008 0.010 0.007 0.158 0.211 0.006 0.008 0.098 
279      339    (0)   16 :  0.145 0.013 0.005 0.005 0.211 0.106 0.328 0.002 0.006 0.002 0.009 0.078 0.006 0.011 0.045 0.030 
280      355    (0)   16 :  0.002 0.005 0.013 0.003 0.284 0.231 0.017 0.002 0.004 0.034 0.009 0.185 0.079 0.004 0.006 0.122 
281      356    (0)   16 :  0.005 0.004 0.003 0.004 0.021 0.076 0.025 0.006 0.018 0.167 0.006 0.046 0.005 0.004 0.552 0.058 
282      357    (0)   16 :  0.006 0.004 0.012 0.007 0.124 0.128 0.026 0.009 0.023 0.006 0.015 0.232 0.015 0.007 0.051 0.336 
283      358    (0)   16 :  0.007 0.043 0.006 0.008 0.079 0.094 0.013 0.002 0.017 0.004 0.010 0.286 0.004 0.012 0.007 0.409 
284      359    (0)   16 :  0.015 0.020 0.002 0.004 0.115 0.168 0.015 0.002 0.003 0.005 0.018 0.199 0.010 0.005 0.225 0.194 
285      360    (0)   16 :  0.021 0.003 0.009 0.015 0.179 0.185 0.023 0.005 0.006 0.020 0.020 0.211 0.004 0.020 0.019 0.261 
286      361    (0)   16 :  0.045 0.006 0.002 0.005 0.016 0.080 0.040 0.003 0.004 0.003 0.010 0.022 0.003 0.016 0.722 0.022 
287      362    (0)   16 :  0.114 0.011 0.005 0.208 0.073 0.081 0.031 0.002 0.003 0.012 0.081 0.143 0.005 0.022 0.042 0.168 
288      363    (0)   16 :  0.008 0.010 0.013 0.006 0.077 0.076 0.021 0.005 0.010 0.007 0.386 0.144 0.044 0.014 0.023 0.157 
289      364    (0)   16 :  0.004 0.008 0.003 0.326 0.053 0.066 0.066 0.004 0.015 0.090 0.014 0.126 0.038 0.008 0.032 0.148 
290      365    (0)   16 :  0.011 0.005 0.009 0.021 0.063 0.091 0.100 0.002 0.009 0.060 0.006 0.232 0.003 0.040 0.025 0.323 
291      366    (0)   16 :  0.004 0.013 0.025 0.004 0.077 0.104 0.015 0.001 0.003 0.005 0.014 0.277 0.003 0.005 0.079 0.372 
292      367    (0)   16 :  0.005 0.017 0.010 0.011 0.251 0.259 0.022 0.005 0.031 0.002 0.005 0.215 0.003 0.008 0.013 0.144 
293      368    (0)   16 :  0.004 0.019 0.012 0.030 0.274 0.242 0.014 0.008 0.045 0.065 0.007 0.160 0.003 0.004 0.006 0.108 
294      369    (0)   16 :  0.005 0.005 0.004 0.003 0.366 0.328 0.014 0.002 0.003 0.017 0.008 0.157 0.004 0.004 0.009 0.071 
295      370    (0)   16 :  0.009 0.042 0.011 0.005 0.065 0.094 0.022 0.012 0.005 0.080 0.014 0.102 0.007 0.015 0.387 0.128 
296      371    (0)   16 :  0.009 0.010 0.003 0.015 0.204 0.221 0.012 0.005 0.003 0.002 0.004 0.241 0.006 0.011 0.009 0.244 
297      372    (0)   16 :  0.011 0.003 0.004 0.012 0.016 0.015 0.071 0.003 0.002 0.006 0.055 0.014 0.337 0.417 0.016 0.016 
298      373    (0)   16 :  0.025 0.009 0.003 0.007 0.171 0.165 0.016 0.004 0.002 0.104 0.005 0.172 0.029 0.031 0.076 0.182 
299      380    (0)   16 :  0.005 0.009 0.006 0.018 0.106 0.134 0.041 0.043 0.002 0.011 0.031 0.240 0.009 0.009 0.054 0.284 
300      388    (0)   16 :  0.006 0.011 0.007 0.010 0.040 0.096 0.009 0.005 0.004 0.041 0.025 0.143 0.020 0.007 0.364 0.211 
301      418    (0)   16 :  0.005 0.004 0.006 0.015 0.192 0.162 0.036 0.028 0.009 0.006 0.016 0.237 0.038 0.013 0.016 0.218 
302      419    (0)   16 :  0.006 0.006 0.005 0.005 0.225 0.196 0.041 0.010 0.010 0.006 0.007 0.231 0.003 0.027 0.011 0.210 
303      420    (0)   16 :  0.018 0.011 0.043 0.043 0.099 0.107 0.032 0.003 0.010 0.006 0.014 0.183 0.061 0.073 0.061 0.235 
304      409    (0)   17 :  0.005 0.006 0.002 0.007 0.281 0.326 0.044 0.101 0.007 0.005 0.011 0.111 0.003 0.019 0.033 0.039 
305      414    (0)   17 :  0.011 0.006 0.002 0.015 0.314 0.370 0.032 0.015 0.007 0.002 0.012 0.136 0.007 0.005 0.006 0.057 
306      415    (2)   17 :  0.008 0.010 0.003 0.006 0.248 0.247 0.025 0.004 0.031 0.014 0.010 0.198 0.014 0.005 0.021 0.154 
307      416    (0)   17 :  0.017 0.031 0.003 0.026 0.150 0.204 0.073 0.080 0.004 0.003 0.012 0.188 0.011 0.032 0.012 0.154 
308      571    (0)    2 :  0.012 0.016 0.004 0.845 0.007 0.006 0.009 0.004 0.027 0.002 0.027 0.006 0.004 0.020 0.006 0.007 
309      572    (0)    2 :  0.004 0.046 0.006 0.801 0.017 0.017 0.004 0.008 0.011 0.004 0.036 0.017 0.004 0.003 0.007 0.014 
310      573    (2)    2 :  0.005 0.006 0.001 0.929 0.006 0.006 0.004 0.004 0.009 0.001 0.003 0.008 0.003 0.005 0.004 0.009 
311      574    (0)    2 :  0.007 0.009 0.003 0.896 0.010 0.009 0.007 0.013 0.003 0.008 0.005 0.009 0.002 0.005 0.006 0.009 
312      575    (2)    2 :  0.005 0.015 0.008 0.809 0.016 0.014 0.006 0.006 0.006 0.006 0.060 0.015 0.008 0.008 0.005 0.013 
313      576    (0)    2 :  0.003 0.005 0.001 0.960 0.003 0.003 0.003 0.003 0.002 0.001 0.003 0.003 0.002 0.003 0.002 0.003 
314      577    (0)    2 :  0.012 0.017 0.002 0.890 0.009 0.008 0.007 0.008 0.010 0.002 0.006 0.007 0.008 0.005 0.004 0.006 
315      578    (0)    2 :  0.006 0.004 0.002 0.899 0.004 0.004 0.005 0.046 0.004 0.001 0.004 0.003 0.008 0.004 0.003 0.003 
316      579    (0)    2 :  0.007 0.003 0.002 0.935 0.004 0.004 0.010 0.008 0.002 0.001 0.004 0.003 0.004 0.006 0.003 0.003 
317      580    (0)    2 :  0.004 0.004 0.002 0.960 0.003 0.003 0.003 0.002 0.002 0.001 0.003 0.003 0.002 0.003 0.002 0.003 
318      581    (0)    2 :  0.007 0.007 0.002 0.938 0.003 0.003 0.004 0.015 0.002 0.001 0.003 0.003 0.002 0.005 0.003 0.003 
319      582    (4)    2 :  0.026 0.013 0.050 0.751 0.029 0.021 0.015 0.003 0.002 0.004 0.007 0.020 0.018 0.011 0.013 0.017 
320      583    (0)    2 :  0.042 0.009 0.009 0.481 0.054 0.054 0.018 0.004 0.015 0.002 0.032 0.105 0.014 0.010 0.020 0.131 
321      584    (0)    2 :  0.040 0.006 0.003 0.844 0.009 0.008 0.007 0.014 0.005 0.001 0.007 0.007 0.007 0.028 0.007 0.007 
322      585    (0)    2 :  0.011 0.011 0.002 0.926 0.004 0.004 0.006 0.002 0.009 0.001 0.006 0.004 0.002 0.005 0.004 0.004 
323      586    (2)    2 :  0.007 0.008 0.002 0.927 0.004 0.004 0.005 0.004 0.004 0.001 0.006 0.004 0.010 0.006 0.003 0.004 
324      587    (0)    2 :  0.003 0.004 0.002 0.955 0.003 0.003 0.003 0.009 0.002 0.001 0.003 0.003 0.002 0.002 0.003 0.003 
325      588    (0)    2 :  0.005 0.009 0.009 0.806 0.026 0.022 0.008 0.004 0.022 0.008 0.011 0.020 0.011 0.011 0.007 0.020 
326      589    (0)    2 :  0.021 0.011 0.004 0.697 0.029 0.028 0.009 0.019 0.005 0.005 0.049 0.031 0.018 0.029 0.008 0.034 
327      590    (0)    2 :  0.005 0.038 0.010 0.789 0.006 0.006 0.014 0.036 0.052 0.004 0.003 0.008 0.011 0.006 0.005 0.008 
328      001    (0)    3 :  0.002 0.003 0.003 0.003 0.003 0.003 0.002 0.003 0.002 0.959 0.002 0.004 0.001 0.002 0.003 0.004 
329      005    (0)    3 :  0.002 0.002 0.005 0.001 0.002 0.002 0.001 0.001 0.002 0.967 0.002 0.002 0.003 0.002 0.002 0.002 
330      106    (0)    3 :  0.002 0.003 0.002 0.005 0.003 0.003 0.002 0.003 0.002 0.959 0.003 0.003 0.003 0.002 0.003 0.003 
331      192    (0)    3 :  0.004 0.004 0.005 0.006 0.018 0.017 0.005 0.006 0.003 0.866 0.008 0.017 0.012 0.006 0.007 0.017 
332      229    (0)    3 :  0.007 0.006 0.042 0.003 0.006 0.005 0.004 0.003 0.005 0.889 0.007 0.005 0.004 0.004 0.005 0.006 
333      319    (0)    3 :  0.002 0.003 0.005 0.002 0.004 0.004 0.003 0.002 0.002 0.951 0.002 0.004 0.002 0.002 0.007 0.004 
334      327    (0)    3 :  0.002 0.002 0.002 0.003 0.003 0.003 0.002 0.002 0.002 0.960 0.003 0.003 0.003 0.002 0.005 0.003 
335      340    (0)    3 :  0.003 0.004 0.004 0.003 0.006 0.006 0.003 0.001 0.004 0.946 0.003 0.004 0.003 0.002 0.004 0.004 
336      345    (0)    3 :  0.002 0.004 0.010 0.004 0.005 0.006 0.006 0.001 0.002 0.929 0.005 0.005 0.003 0.003 0.010 0.005 
337      375    (0)    3 :  0.002 0.002 0.003 0.002 0.003 0.003 0.003 0.001 0.002 0.958 0.004 0.003 0.005 0.002 0.003 0.003 
338      501    (4)    3 :  0.002 0.002 0.003 0.002 0.003 0.003 0.003 0.001 0.008 0.955 0.004 0.003 0.002 0.003 0.004 0.003 
339      502    (0)    3 :  0.003 0.004 0.008 0.003 0.005 0.004 0.010 0.003 0.012 0.919 0.008 0.005 0.003 0.002 0.004 0.005 
340      503    (2)    3 :  0.002 0.003 0.002 0.004 0.002 0.002 0.001 0.002 0.007 0.961 0.002 0.002 0.002 0.001 0.002 0.003 
341      504    (0)    3 :  0.005 0.002 0.016 0.002 0.004 0.005 0.007 0.004 0.002 0.926 0.003 0.005 0.004 0.008 0.003 0.005 
342      505    (0)    3 :  0.003 0.012 0.047 0.006 0.007 0.007 0.003 0.008 0.002 0.870 0.007 0.007 0.003 0.002 0.009 0.007 
343      506    (2)    3 :  0.004 0.002 0.005 0.002 0.006 0.006 0.004 0.002 0.005 0.935 0.006 0.006 0.002 0.004 0.006 0.006 
344      507    (4)    3 :  0.002 0.003 0.004 0.002 0.003 0.003 0.003 0.001 0.004 0.955 0.005 0.003 0.002 0.002 0.004 0.003 
345      508    (0)    3 :  0.004 0.006 0.003 0.004 0.007 0.007 0.005 0.002 0.022 0.908 0.005 0.006 0.002 0.006 0.007 0.006 
346      509    (2)    3 :  0.004 0.003 0.003 0.002 0.003 0.003 0.002 0.002 0.003 0.957 0.003 0.003 0.004 0.002 0.003 0.003 
347      510    (2)    3 :  0.004 0.002 0.003 0.002 0.005 0.005 0.005 0.003 0.004 0.924 0.003 0.005 0.020 0.008 0.003 0.006 
348      511    (4)    3 :  0.003 0.002 0.002 0.002 0.003 0.003 0.003 0.003 0.005 0.960 0.002 0.003 0.002 0.003 0.002 0.003 
349      512    (4)    3 :  0.002 0.002 0.006 0.002 0.003 0.003 0.003 0.002 0.002 0.955 0.004 0.003 0.003 0.003 0.004 0.003 
350      513    (0)    3 :  0.003 0.002 0.007 0.002 0.003 0.003 0.003 0.002 0.002 0.938 0.003 0.003 0.019 0.003 0.003 0.004 
351      514    (0)    3 :  0.009 0.002 0.002 0.001 0.004 0.004 0.003 0.001 0.002 0.957 0.002 0.003 0.002 0.002 0.002 0.003 
352      515    (2)    3 :  0.003 0.003 0.004 0.002 0.003 0.003 0.002 0.001 0.002 0.962 0.002 0.003 0.003 0.002 0.002 0.003 
353      516    (2)    3 :  0.004 0.004 0.004 0.003 0.005 0.005 0.008 0.003 0.008 0.925 0.005 0.005 0.007 0.004 0.004 0.005 
354      517    (0)    3 :  0.001 0.001 0.005 0.001 0.002 0.002 0.002 0.001 0.002 0.964 0.002 0.002 0.002 0.010 0.002 0.002 
355      518    (0)    3 :  0.003 0.006 0.003 0.003 0.006 0.006 0.006 0.002 0.004 0.932 0.004 0.006 0.003 0.005 0.005 0.006 
356      519    (0)    3 :  0.002 0.003 0.002 0.003 0.003 0.003 0.002 0.003 0.004 0.956 0.002 0.003 0.003 0.003 0.003 0.003 
357      520    (2)    3 :  0.003 0.002 0.002 0.003 0.003 0.003 0.003 0.004 0.002 0.951 0.003 0.003 0.006 0.005 0.002 0.003 
358      521    (2)    3 :  0.002 0.003 0.006 0.003 0.002 0.002 0.002 0.008 0.002 0.954 0.003 0.002 0.003 0.002 0.003 0.003 
359      522    (0)    3 :  0.004 0.004 0.001 0.006 0.006 0.006 0.020 0.013 0.010 0.898 0.004 0.006 0.005 0.007 0.004 0.006 
360      523    (2)    3 :  0.005 0.008 0.004 0.005 0.006 0.007 0.004 0.004 0.005 0.921 0.004 0.007 0.002 0.005 0.007 0.007 
361      524    (0)    3 :  0.004 0.026 0.003 0.008 0.008 0.007 0.013 0.013 0.065 0.803 0.006 0.010 0.006 0.007 0.010 0.011 
362      525    (0)    3 :  0.002 0.001 0.001 0.002 0.003 0.003 0.003 0.001 0.002 0.967 0.002 0.003 0.003 0.002 0.003 0.003 
363      526    (2)    3 :  0.002 0.002 0.012 0.002 0.002 0.002 0.002 0.002 0.002 0.956 0.003 0.003 0.002 0.003 0.002 0.003 
364      527    (2)    4 :  0.009 0.026 0.005 0.871 0.009 0.008 0.009 0.002 0.012 0.008 0.006 0.008 0.010 0.006 0.004 0.008 
365      528    (4)    4 :  0.005 0.096 0.003 0.389 0.020 0.025 0.014 0.019 0.004 0.002 0.345 0.024 0.008 0.004 0.019 0.024 
366      529    (4)    4 :  0.019 0.013 0.009 0.712 0.013 0.013 0.018 0.015 0.005 0.003 0.108 0.020 0.004 0.015 0.009 0.023 
367      530    (0)    4 :  0.003 0.010 0.004 0.902 0.008 0.009 0.003 0.004 0.006 0.008 0.011 0.007 0.005 0.003 0.011 0.007 
368      531    (2)    4 :  0.004 0.011 0.006 0.887 0.006 0.007 0.004 0.011 0.003 0.004 0.022 0.007 0.004 0.006 0.009 0.008 
369      532    (4)    4 :  0.005 0.020 0.002 0.746 0.011 0.013 0.004 0.003 0.033 0.003 0.100 0.015 0.002 0.003 0.022 0.018 
370      533    (0)    4 :  0.030 0.046 0.003 0.584 0.063 0.066 0.025 0.025 0.002 0.008 0.015 0.049 0.002 0.009 0.030 0.042 
371      534    (2)    4 :  0.005 0.090 0.002 0.825 0.008 0.008 0.005 0.013 0.003 0.003 0.007 0.008 0.006 0.005 0.005 0.009 
372      535    (2)    4 :  0.005 0.009 0.005 0.866 0.011 0.012 0.009 0.004 0.011 0.002 0.026 0.011 0.002 0.008 0.009 0.011 
373      536    (2)    4 :  0.005 0.009 0.012 0.893 0.006 0.006 0.003 0.029 0.004 0.002 0.003 0.006 0.002 0.005 0.007 0.006 
374      537    (2)    4 :  0.007 0.007 0.002 0.908 0.006 0.006 0.007 0.008 0.002 0.002 0.007 0.006 0.014 0.007 0.004 0.006 
375      538    (2)    4 :  0.024 0.050 0.002 0.672 0.046 0.044 0.029 0.003 0.004 0.006 0.005 0.033 0.004 0.009 0.039 0.032 
376      539    (2)    4 :  0.002 0.176 0.002 0.770 0.005 0.005 0.007 0.004 0.003 0.001 0.006 0.005 0.002 0.003 0.004 0.005 
377      540    (2)    4 :  0.007 0.014 0.001 0.851 0.014 0.014 0.011 0.012 0.005 0.001 0.006 0.013 0.002 0.020 0.020 0.011 
378      541    (2)    4 :  0.025 0.062 0.002 0.754 0.008 0.009 0.009 0.008 0.005 0.003 0.045 0.009 0.003 0.029 0.020 0.010 
379      542    (2)    4 :  0.018 0.081 0.004 0.679 0.015 0.019 0.059 0.010 0.004 0.002 0.015 0.020 0.009 0.023 0.020 0.020 
380      543    (0)    4 :  0.012 0.037 0.002 0.578 0.031 0.036 0.015 0.021 0.003 0.003 0.009 0.085 0.014 0.030 0.014 0.108 
381      544    (2)    4 :  0.004 0.025 0.002 0.928 0.004 0.004 0.003 0.005 0.001 0.003 0.003 0.004 0.002 0.003 0.007 0.004 
382      545    (2)    4 :  0.011 0.871 0.001 0.032 0.010 0.010 0.014 0.004 0.011 0.002 0.005 0.009 0.002 0.004 0.006 0.009 
383      546    (4)    4 :  0.009 0.821 0.002 0.016 0.026 0.024 0.019 0.005 0.014 0.002 0.004 0.023 0.002 0.003 0.006 0.023 
384      547    (6)    4 :  0.023 0.011 0.015 0.659 0.036 0.032 0.012 0.009 0.035 0.004 0.009 0.041 0.030 0.010 0.024 0.049 
385      019    (0)    5 :  0.033 0.793 0.004 0.064 0.007 0.007 0.004 0.008 0.003 0.002 0.016 0.007 0.004 0.034 0.006 0.007 
386      064    (0)    5 :  0.003 0.944 0.001 0.026 0.002 0.002 0.002 0.002 0.003 0.001 0.002 0.002 0.002 0.003 0.002 0.002 
387      065    (0)    5 :  0.004 0.028 0.001 0.938 0.002 0.002 0.002 0.005 0.002 0.001 0.003 0.002 0.001 0.003 0.003 0.002 
388      066    (0)    5 :  0.018 0.620 0.002 0.257 0.009 0.010 0.010 0.006 0.011 0.002 0.004 0.010 0.003 0.015 0.009 0.012 
389      067    (0)    5 :  0.027 0.865 0.006 0.010 0.007 0.007 0.006 0.007 0.004 0.004 0.016 0.008 0.009 0.011 0.005 0.009 
390      068    (0)    5 :  0.009 0.031 0.002 0.820 0.008 0.008 0.011 0.008 0.020 0.002 0.017 0.009 0.030 0.008 0.007 0.009 
391      069    (0)    5 :  0.003 0.799 0.001 0.115 0.006 0.006 0.007 0.011 0.017 0.001 0.008 0.005 0.004 0.005 0.006 0.005 
392      107    (0)    5 :  0.004 0.534 0.001 0.413 0.005 0.004 0.004 0.003 0.005 0.001 0.004 0.004 0.002 0.007 0.003 0.004 
393      110    (0)    5 :  0.003 0.960 0.003 0.003 0.002 0.002 0.002 0.002 0.003 0.001 0.007 0.002 0.002 0.002 0.002 0.002 
394      121    (0)    5 :  0.008 0.024 0.001 0.916 0.004 0.004 0.005 0.002 0.003 0.001 0.012 0.004 0.003 0.004 0.003 0.004 
395      137    (0)    5 :  0.009 0.903 0.009 0.008 0.009 0.008 0.007 0.005 0.004 0.002 0.004 0.009 0.002 0.007 0.005 0.009 
396      146    (0)    5 :  0.007 0.589 0.003 0.253 0.011 0.013 0.005 0.019 0.002 0.004 0.006 0.010 0.003 0.005 0.059 0.010 
397      149    (0)    5 :  0.008 0.942 0.003 0.005 0.004 0.004 0.004 0.002 0.002 0.001 0.005 0.004 0.002 0.004 0.004 0.004 
398      154    (0)    5 :  0.008 0.725 0.002 0.050 0.006 0.006 0.005 0.148 0.003 0.003 0.005 0.006 0.016 0.006 0.004 0.007 
399      179    (0)    5 :  0.004 0.589 0.002 0.352 0.004 0.004 0.006 0.004 0.006 0.002 0.004 0.004 0.004 0.006 0.004 0.004 
400      181    (0)    5 :  0.003 0.783 0.002 0.174 0.004 0.004 0.003 0.004 0.002 0.001 0.003 0.004 0.002 0.003 0.003 0.005 
401      182    (0)    5 :  0.010 0.125 0.002 0.724 0.011 0.013 0.005 0.006 0.016 0.003 0.027 0.013 0.014 0.004 0.013 0.013 
402      186    (0)    5 :  0.009 0.635 0.005 0.121 0.014 0.016 0.013 0.004 0.008 0.005 0.093 0.018 0.004 0.008 0.028 0.018 
403      193    (0)    5 :  0.006 0.453 0.002 0.458 0.008 0.008 0.004 0.008 0.004 0.003 0.006 0.007 0.004 0.014 0.008 0.008 
404      320    (0)    5 :  0.009 0.888 0.003 0.027 0.005 0.006 0.004 0.009 0.003 0.001 0.007 0.005 0.010 0.004 0.012 0.006 
405      341    (0)    5 :  0.011 0.041 0.002 0.880 0.006 0.006 0.008 0.003 0.006 0.001 0.003 0.006 0.004 0.008 0.007 0.007 
406      376    (0)    5 :  0.003 0.247 0.003 0.590 0.009 0.009 0.007 0.009 0.017 0.037 0.023 0.011 0.003 0.005 0.014 0.012 
407      395    (0)    5 :  0.005 0.674 0.006 0.160 0.007 0.007 0.018 0.058 0.004 0.001 0.012 0.007 0.004 0.024 0.007 0.007 
408      396    (0)    5 :  0.003 0.043 0.003 0.915 0.003 0.003 0.004 0.003 0.005 0.002 0.002 0.003 0.002 0.003 0.004 0.003 
409      397    (0)    5 :  0.005 0.088 0.009 0.842 0.005 0.005 0.004 0.010 0.002 0.001 0.005 0.005 0.007 0.004 0.004 0.005 
410      398    (0)    5 :  0.003 0.478 0.004 0.394 0.005 0.005 0.003 0.060 0.005 0.002 0.011 0.006 0.004 0.006 0.009 0.006 
411      399    (0)    5 :  0.006 0.007 0.002 0.926 0.005 0.005 0.004 0.002 0.006 0.002 0.012 0.005 0.003 0.003 0.007 0.005 
412      400    (0)    5 :  0.003 0.900 0.002 0.019 0.006 0.007 0.003 0.006 0.010 0.001 0.010 0.007 0.002 0.003 0.013 0.007 
413      401    (0)    5 :  0.008 0.830 0.003 0.072 0.012 0.011 0.007 0.006 0.007 0.003 0.004 0.012 0.002 0.004 0.008 0.011 
414      402    (0)    5 :  0.002 0.956 0.002 0.003 0.003 0.003 0.003 0.002 0.003 0.003 0.006 0.003 0.003 0.002 0.003 0.003 
415      403    (0)    5 :  0.026 0.433 0.011 0.404 0.008 0.011 0.010 0.004 0.010 0.002 0.021 0.010 0.004 0.010 0.026 0.010 
416      073    (0)    6 :  0.006 0.006 0.002 0.943 0.004 0.004 0.004 0.002 0.003 0.002 0.006 0.004 0.002 0.006 0.004 0.004 
417      074    (0)    6 :  0.004 0.004 0.002 0.892 0.007 0.007 0.004 0.040 0.002 0.007 0.002 0.007 0.005 0.006 0.004 0.007 
418      075    (0)    6 :  0.008 0.009 0.003 0.917 0.006 0.006 0.007 0.006 0.002 0.002 0.005 0.005 0.004 0.005 0.009 0.005 
419      076    (0)    6 :  0.010 0.009 0.005 0.904 0.005 0.006 0.009 0.004 0.003 0.004 0.012 0.007 0.006 0.004 0.005 0.007 
420      077    (0)    6 :  0.007 0.013 0.003 0.896 0.008 0.007 0.009 0.003 0.006 0.001 0.005 0.007 0.008 0.013 0.006 0.008 
421      078    (0)    6 :  0.009 0.011 0.005 0.804 0.039 0.033 0.011 0.005 0.004 0.003 0.005 0.022 0.005 0.007 0.017 0.020 
422      079    (0)    6 :  0.010 0.012 0.001 0.887 0.010 0.011 0.007 0.003 0.008 0.002 0.007 0.014 0.002 0.004 0.006 0.016 
423      080    (0)    6 :  0.008 0.006 0.002 0.909 0.006 0.006 0.004 0.003 0.004 0.003 0.013 0.006 0.019 0.003 0.004 0.005 
424      081    (0)    6 :  0.006 0.049 0.015 0.787 0.009 0.009 0.009 0.012 0.004 0.004 0.008 0.011 0.004 0.058 0.005 0.012 
425      082    (0)    6 :  0.002 0.024 0.002 0.932 0.003 0.003 0.002 0.003 0.005 0.001 0.006 0.003 0.003 0.004 0.004 0.003 
426      083    (0)    6 :  0.004 0.024 0.003 0.898 0.008 0.007 0.005 0.011 0.008 0.002 0.005 0.008 0.002 0.004 0.005 0.007 
427      084    (0)    6 :  0.011 0.015 0.005 0.819 0.005 0.005 0.006 0.100 0.002 0.004 0.003 0.005 0.002 0.009 0.004 0.005 
428      085    (0)    6 :  0.009 0.056 0.015 0.553 0.015 0.014 0.209 0.009 0.017 0.002 0.008 0.015 0.003 0.034 0.027 0.014 
429      404    (0)    6 :  0.006 0.010 0.003 0.919 0.005 0.004 0.004 0.020 0.003 0.001 0.005 0.004 0.003 0.005 0.004 0.004 
430      405    (0)    6 :  0.004 0.006 0.009 0.925 0.005 0.005 0.005 0.005 0.002 0.002 0.004 0.005 0.002 0.012 0.004 0.005 
431      406    (0)    6 :  0.002 0.005 0.008 0.902 0.011 0.011 0.005 0.008 0.007 0.005 0.007 0.009 0.003 0.004 0.006 0.008 
432      407    (0)    6 :  0.005 0.095 0.003 0.841 0.005 0.005 0.009 0.005 0.002 0.001 0.003 0.006 0.003 0.006 0.004 0.006 
433      408    (0)    6 :  0.003 0.004 0.001 0.944 0.004 0.004 0.004 0.006 0.002 0.001 0.004 0.005 0.005 0.006 0.003 0.004 
434      411    (2)    6 :  0.004 0.006 0.002 0.953 0.003 0.003 0.003 0.005 0.002 0.001 0.002 0.003 0.003 0.005 0.002 0.003 
435      412    (0)    6 :  0.006 0.008 0.004 0.863 0.007 0.007 0.012 0.004 0.006 0.028 0.011 0.009 0.006 0.013 0.006 0.009 
436      413    (0)    6 :  0.005 0.014 0.002 0.930 0.009 0.008 0.005 0.003 0.002 0.001 0.002 0.005 0.002 0.004 0.004 0.004 
437      591    (0)    7 :  0.009 0.002 0.007 0.004 0.005 0.005 0.006 0.008 0.004 0.015 0.905 0.006 0.004 0.008 0.007 0.006 
438      592    (0)    7 :  0.009 0.004 0.003 0.010 0.007 0.006 0.010 0.005 0.005 0.003 0.771 0.008 0.006 0.131 0.014 0.009 
439      593    (0)    7 :  0.006 0.006 0.006 0.009 0.008 0.007 0.005 0.004 0.005 0.002 0.917 0.007 0.002 0.006 0.006 0.006 
440      594    (0)    7 :  0.011 0.009 0.005 0.036 0.019 0.021 0.008 0.007 0.004 0.003 0.740 0.024 0.010 0.052 0.026 0.025 
441      595    (0)    7 :  0.007 0.015 0.004 0.010 0.020 0.020 0.009 0.003 0.004 0.005 0.845 0.020 0.011 0.004 0.006 0.017 
442      596    (0)    7 :  0.003 0.005 0.006 0.006 0.007 0.006 0.005 0.002 0.007 0.002 0.910 0.006 0.018 0.005 0.007 0.006 
443      597    (0)    7 :  0.007 0.027 0.002 0.032 0.010 0.010 0.033 0.003 0.003 0.001 0.822 0.012 0.006 0.006 0.011 0.014 
444      598    (0)    7 :  0.006 0.032 0.002 0.006 0.030 0.036 0.081 0.003 0.011 0.002 0.538 0.060 0.028 0.009 0.085 0.072 
445      599    (0)    7 :  0.148 0.003 0.007 0.005 0.008 0.008 0.015 0.003 0.005 0.003 0.716 0.008 0.003 0.056 0.004 0.008 
446      600    (0)    7 :  0.006 0.007 0.004 0.004 0.006 0.006 0.006 0.001 0.003 0.002 0.924 0.006 0.011 0.003 0.006 0.005 
447      601    (0)    7 :  0.018 0.026 0.002 0.021 0.015 0.017 0.032 0.002 0.005 0.002 0.799 0.016 0.002 0.019 0.011 0.015 
448      602    (0)    7 :  0.008 0.013 0.004 0.006 0.011 0.012 0.015 0.004 0.005 0.004 0.866 0.017 0.005 0.008 0.005 0.017 
449      603    (0)    7 :  0.026 0.005 0.007 0.006 0.028 0.030 0.400 0.009 0.007 0.002 0.136 0.046 0.008 0.192 0.042 0.056 
450      604    (0)    7 :  0.003 0.007 0.002 0.009 0.013 0.014 0.005 0.003 0.012 0.004 0.881 0.013 0.008 0.004 0.012 0.012 
451      605    (0)    7 :  0.010 0.006 0.004 0.009 0.021 0.027 0.011 0.003 0.003 0.020 0.739 0.024 0.022 0.009 0.067 0.025 
452      606    (0)    7 :  0.012 0.003 0.021 0.004 0.009 0.009 0.006 0.004 0.003 0.004 0.876 0.010 0.007 0.010 0.012 0.010 
453      607    (0)    7 :  0.003 0.015 0.003 0.009 0.005 0.005 0.006 0.002 0.097 0.003 0.824 0.005 0.008 0.002 0.008 0.006 
454      608    (0)    7 :  0.021 0.004 0.002 0.006 0.006 0.006 0.008 0.005 0.019 0.001 0.896 0.006 0.003 0.006 0.007 0.005 
455      609    (0)    7 :  0.004 0.004 0.004 0.004 0.008 0.008 0.006 0.003 0.008 0.002 0.917 0.008 0.003 0.004 0.008 0.008 
456      610    (0)    7 :  0.022 0.007 0.003 0.020 0.067 0.072 0.064 0.009 0.017 0.004 0.431 0.118 0.009 0.009 0.020 0.127 
457      611    (2)    7 :  0.002 0.008 0.003 0.011 0.009 0.009 0.005 0.012 0.022 0.002 0.884 0.008 0.006 0.004 0.006 0.008 
458      612    (0)    7 :  0.010 0.066 0.002 0.009 0.022 0.021 0.015 0.003 0.032 0.004 0.719 0.021 0.039 0.006 0.009 0.022 
459      755    (0)    7 :  0.003 0.009 0.002 0.016 0.025 0.024 0.019 0.030 0.275 0.026 0.412 0.039 0.043 0.013 0.017 0.046 
460      756    (0)    7 :  0.005 0.003 0.003 0.012 0.005 0.006 0.010 0.009 0.013 0.002 0.900 0.006 0.003 0.009 0.007 0.006 
461      757    (0)    7 :  0.005 0.006 0.002 0.009 0.010 0.011 0.007 0.004 0.010 0.004 0.874 0.011 0.005 0.012 0.018 0.011 
462      002    (0)    8 :  0.003 0.418 0.003 0.480 0.007 0.007 0.015 0.021 0.005 0.003 0.006 0.008 0.002 0.005 0.010 0.009 
463      099    (2)    8 :  0.052 0.005 0.004 0.004 0.030 0.028 0.007 0.007 0.013 0.706 0.007 0.028 0.040 0.032 0.012 0.023 
464      641    (2)    8 :  0.008 0.234 0.015 0.181 0.135 0.125 0.017 0.012 0.023 0.015 0.048 0.068 0.003 0.008 0.041 0.065 
465      642    (0)    8 :  0.015 0.005 0.003 0.867 0.008 0.009 0.011 0.009 0.004 0.003 0.019 0.008 0.003 0.014 0.015 0.008 
466      643    (2)    8 :  0.010 0.008 0.003 0.760 0.014 0.019 0.025 0.016 0.004 0.004 0.023 0.014 0.003 0.018 0.065 0.015 
467      644    (0)    8 :  0.017 0.023 0.003 0.842 0.008 0.009 0.014 0.007 0.008 0.003 0.006 0.009 0.008 0.013 0.018 0.011 
468      645    (0)    8 :  0.007 0.014 0.038 0.414 0.021 0.041 0.033 0.018 0.118 0.002 0.037 0.029 0.003 0.027 0.164 0.034 
469      646    (0)    8 :  0.008 0.389 0.010 0.051 0.055 0.053 0.068 0.013 0.136 0.004 0.012 0.062 0.008 0.005 0.049 0.075 
470      006    (0)    9 :  0.005 0.009 0.003 0.214 0.017 0.018 0.015 0.637 0.005 0.005 0.006 0.022 0.003 0.008 0.007 0.025 
471      011    (0)    9 :  0.003 0.003 0.002 0.952 0.003 0.003 0.003 0.009 0.002 0.001 0.003 0.003 0.003 0.004 0.003 0.003 
472      033    (2)    9 :  0.003 0.019 0.002 0.260 0.005 0.005 0.020 0.631 0.004 0.001 0.022 0.006 0.002 0.007 0.005 0.006 
473      048    (0)    9 :  0.050 0.013 0.009 0.502 0.017 0.019 0.015 0.042 0.005 0.002 0.015 0.018 0.005 0.265 0.008 0.016 
474      061    (0)    9 :  0.001 0.002 0.004 0.002 0.002 0.002 0.002 0.972 0.003 0.001 0.001 0.002 0.001 0.002 0.002 0.002 
475      088    (0)    9 :  0.015 0.019 0.005 0.807 0.013 0.014 0.010 0.024 0.003 0.003 0.013 0.015 0.007 0.021 0.014 0.016 
476      091    (0)    9 :  0.003 0.003 0.002 0.010 0.004 0.004 0.003 0.942 0.007 0.001 0.004 0.004 0.004 0.003 0.003 0.003 
477      098    (0)    9 :  0.011 0.017 0.012 0.854 0.006 0.006 0.008 0.008 0.006 0.001 0.021 0.006 0.003 0.030 0.004 0.007 
478      104    (0)    9 :  0.003 0.047 0.003 0.913 0.003 0.003 0.003 0.004 0.002 0.001 0.002 0.003 0.002 0.006 0.003 0.003 
479      196    (0)    9 :  0.009 0.023 0.005 0.313 0.005 0.006 0.008 0.585 0.002 0.001 0.010 0.005 0.005 0.010 0.006 0.006 
480      197    (0)    9 :  0.010 0.018 0.007 0.526 0.021 0.023 0.026 0.270 0.003 0.003 0.011 0.026 0.013 0.007 0.008 0.026 
481      201    (0)    9 :  0.003 0.015 0.001 0.328 0.006 0.006 0.004 0.599 0.002 0.001 0.006 0.005 0.001 0.006 0.012 0.005 
482      202    (0)    9 :  0.016 0.020 0.020 0.782 0.014 0.015 0.012 0.034 0.002 0.009 0.005 0.014 0.012 0.024 0.009 0.013 
483      204    (0)    9 :  0.004 0.034 0.002 0.521 0.003 0.003 0.010 0.383 0.010 0.001 0.003 0.004 0.002 0.010 0.005 0.004 
484      231    (0)    9 :  0.008 0.068 0.001 0.838 0.005 0.005 0.015 0.008 0.009 0.001 0.010 0.005 0.005 0.012 0.006 0.005 
485      328    (0)    9 :  0.004 0.003 0.005 0.691 0.004 0.004 0.006 0.254 0.002 0.001 0.006 0.004 0.002 0.005 0.005 0.004 
486      346    (0)    9 :  0.004 0.009 0.003 0.622 0.004 0.005 0.003 0.313 0.003 0.002 0.008 0.004 0.007 0.005 0.004 0.005 


Estimated Allele Frequencies in each cluster
First column gives estimated ancestral frequencies


Locus 1 : 1 
4 alleles
0.0% missing data
  89   (0.541) 0.542 0.299 0.066 0.626 0.552 0.551 0.477 0.700 0.835 0.294 0.553 0.544 0.643 0.586 0.498 0.542 
  91   (0.378) 0.338 0.583 0.706 0.313 0.377 0.380 0.495 0.291 0.147 0.669 0.431 0.375 0.311 0.361 0.450 0.378 
  93   (0.065) 0.115 0.116 0.098 0.061 0.058 0.058 0.022 0.008 0.015 0.036 0.014 0.065 0.045 0.021 0.048 0.065 
  99   (0.016) 0.005 0.001 0.129 0.000 0.013 0.012 0.006 0.002 0.003 0.001 0.002 0.015 0.001 0.033 0.004 0.016 

Locus 2 : 2 
6 alleles
1.0% missing data
 136   (0.355) 0.077 0.725 0.189 0.554 0.364 0.385 0.198 0.118 0.144 0.453 0.416 0.359 0.460 0.065 0.526 0.355 
 134   (0.235) 0.223 0.165 0.027 0.142 0.196 0.198 0.219 0.202 0.688 0.195 0.407 0.224 0.380 0.278 0.212 0.235 
 138   (0.293) 0.595 0.098 0.771 0.253 0.328 0.302 0.448 0.243 0.116 0.219 0.145 0.299 0.154 0.493 0.193 0.293 
 140   (0.066) 0.042 0.008 0.008 0.049 0.064 0.066 0.062 0.433 0.017 0.122 0.015 0.066 0.004 0.031 0.037 0.066 
 132   (0.022) 0.006 0.002 0.002 0.001 0.032 0.032 0.009 0.002 0.004 0.001 0.004 0.027 0.001 0.003 0.006 0.022 
 142   (0.028) 0.058 0.002 0.003 0.001 0.016 0.018 0.064 0.003 0.030 0.009 0.012 0.024 0.002 0.130 0.026 0.028 

Locus 3 : 3 
6 alleles
0.0% missing data
 181   (0.261) 0.336 0.094 0.180 0.231 0.254 0.241 0.142 0.074 0.342 0.073 0.402 0.260 0.067 0.441 0.186 0.261 
 187   (0.338) 0.170 0.549 0.775 0.518 0.380 0.368 0.355 0.684 0.117 0.345 0.165 0.343 0.259 0.156 0.342 0.338 
 179   (0.246) 0.268 0.343 0.029 0.227 0.237 0.255 0.317 0.226 0.354 0.051 0.400 0.248 0.015 0.182 0.301 0.246 
 191   (0.032) 0.007 0.003 0.003 0.022 0.029 0.028 0.009 0.004 0.009 0.009 0.006 0.032 0.199 0.009 0.010 0.032 
 185   (0.076) 0.205 0.007 0.008 0.002 0.069 0.070 0.071 0.008 0.137 0.285 0.018 0.075 0.458 0.031 0.057 0.076 
 175   (0.047) 0.015 0.004 0.005 0.001 0.031 0.038 0.106 0.004 0.041 0.237 0.008 0.042 0.003 0.182 0.104 0.047 

Locus 4 : 4 
12 alleles
0.2% missing data
 253   (0.490) 0.279 0.462 0.597 0.758 0.521 0.524 0.483 0.626 0.620 0.169 0.614 0.501 0.464 0.687 0.511 0.490 
 249   (0.028) 0.005 0.022 0.004 0.058 0.021 0.022 0.007 0.312 0.005 0.066 0.005 0.026 0.002 0.004 0.009 0.028 
 271   (0.043) 0.009 0.054 0.005 0.028 0.035 0.036 0.037 0.005 0.010 0.110 0.009 0.041 0.003 0.006 0.031 0.043 
 241   (0.157) 0.203 0.356 0.182 0.020 0.141 0.139 0.176 0.023 0.094 0.529 0.142 0.153 0.149 0.092 0.189 0.157 
 257   (0.006) 0.001 0.003 0.001 0.000 0.003 0.003 0.002 0.000 0.001 0.000 0.001 0.005 0.000 0.001 0.004 0.006 
 269   (0.172) 0.476 0.081 0.201 0.134 0.183 0.173 0.223 0.021 0.243 0.031 0.185 0.171 0.099 0.147 0.159 0.172 
 247   (0.066) 0.020 0.007 0.007 0.002 0.077 0.079 0.056 0.009 0.017 0.027 0.034 0.071 0.280 0.058 0.054 0.066 
 245   (0.008) 0.001 0.001 0.001 0.000 0.004 0.004 0.002 0.001 0.001 0.066 0.001 0.007 0.000 0.001 0.002 0.008 
 239   (0.011) 0.002 0.001 0.001 0.000 0.006 0.008 0.002 0.001 0.002 0.001 0.003 0.010 0.001 0.001 0.019 0.011 
 273   (0.007) 0.001 0.001 0.001 0.000 0.003 0.005 0.002 0.001 0.001 0.001 0.001 0.006 0.000 0.001 0.019 0.007 
 267   (0.006) 0.001 0.012 0.001 0.000 0.003 0.003 0.002 0.001 0.002 0.000 0.001 0.005 0.000 0.001 0.002 0.006 
 255   (0.006) 0.001 0.001 0.001 0.000 0.003 0.003 0.008 0.001 0.001 0.000 0.003 0.005 0.000 0.002 0.002 0.006 

Locus 5 : 5 
6 alleles
0.6% missing data
 103   (0.848) 0.943 0.965 0.982 0.993 0.802 0.811 0.916 0.984 0.951 0.734 0.927 0.841 0.979 0.961 0.861 0.848 
 104   (0.065) 0.041 0.027 0.008 0.005 0.109 0.095 0.040 0.007 0.029 0.074 0.027 0.071 0.004 0.020 0.053 0.065 
 101   (0.009) 0.002 0.001 0.001 0.000 0.005 0.005 0.003 0.001 0.004 0.001 0.002 0.008 0.012 0.001 0.003 0.009 
 105   (0.047) 0.009 0.004 0.005 0.001 0.058 0.062 0.027 0.005 0.011 0.165 0.036 0.050 0.003 0.014 0.067 0.047 
 102   (0.016) 0.003 0.001 0.002 0.000 0.017 0.017 0.010 0.001 0.003 0.001 0.005 0.016 0.001 0.002 0.007 0.016 
 107   (0.015) 0.002 0.001 0.001 0.000 0.009 0.010 0.003 0.001 0.002 0.025 0.003 0.014 0.001 0.002 0.010 0.015 

Locus 6 : 6 
5 alleles
0.2% missing data
 141   (0.268) 0.069 0.323 0.030 0.591 0.241 0.245 0.321 0.835 0.781 0.110 0.310 0.264 0.132 0.285 0.216 0.268 
 145   (0.405) 0.587 0.120 0.409 0.180 0.476 0.466 0.452 0.073 0.134 0.023 0.444 0.420 0.261 0.596 0.518 0.405 
 135   (0.234) 0.323 0.360 0.549 0.190 0.209 0.215 0.187 0.076 0.064 0.637 0.136 0.228 0.288 0.105 0.203 0.234 
 147   (0.083) 0.018 0.196 0.010 0.039 0.068 0.068 0.038 0.015 0.019 0.126 0.109 0.079 0.318 0.012 0.054 0.083 
 137   (0.011) 0.003 0.001 0.001 0.000 0.006 0.006 0.002 0.001 0.002 0.103 0.002 0.009 0.001 0.001 0.010 0.011 

Locus 7 : 7 
10 alleles
1.2% missing data
  93   (0.218) 0.112 0.406 0.796 0.332 0.178 0.185 0.301 0.613 0.298 0.112 0.214 0.205 0.065 0.356 0.279 0.218 
 103   (0.305) 0.328 0.275 0.041 0.404 0.357 0.343 0.386 0.084 0.127 0.017 0.530 0.316 0.515 0.362 0.299 0.305 
  91   (0.069) 0.016 0.007 0.010 0.034 0.065 0.066 0.021 0.007 0.058 0.060 0.040 0.069 0.155 0.057 0.053 0.069 
  97   (0.197) 0.363 0.169 0.127 0.164 0.204 0.200 0.065 0.028 0.254 0.261 0.158 0.203 0.253 0.093 0.114 0.197 
  85   (0.047) 0.126 0.008 0.006 0.046 0.042 0.045 0.014 0.006 0.010 0.003 0.014 0.046 0.003 0.010 0.045 0.047 
  89   (0.081) 0.033 0.128 0.011 0.019 0.058 0.063 0.170 0.254 0.238 0.301 0.029 0.075 0.005 0.079 0.072 0.081 
  83   (0.052) 0.017 0.005 0.006 0.001 0.068 0.074 0.037 0.005 0.010 0.003 0.009 0.057 0.003 0.038 0.128 0.052 
 105   (0.013) 0.002 0.001 0.001 0.000 0.013 0.011 0.003 0.001 0.002 0.093 0.002 0.013 0.001 0.003 0.004 0.013 
 101   (0.009) 0.001 0.001 0.001 0.000 0.009 0.008 0.002 0.001 0.001 0.125 0.001 0.008 0.000 0.001 0.003 0.009 
  99   (0.009) 0.001 0.001 0.001 0.000 0.006 0.006 0.002 0.001 0.001 0.025 0.001 0.008 0.001 0.001 0.002 0.009 

Locus 8 : 8 
8 alleles
0.0% missing data
 129   (0.551) 0.722 0.484 0.199 0.705 0.608 0.600 0.712 0.667 0.459 0.300 0.403 0.561 0.639 0.680 0.648 0.551 
 141   (0.052) 0.021 0.145 0.006 0.098 0.041 0.042 0.027 0.009 0.011 0.003 0.093 0.050 0.216 0.012 0.021 0.052 
 149   (0.080) 0.030 0.036 0.009 0.143 0.067 0.066 0.078 0.012 0.278 0.303 0.018 0.078 0.013 0.077 0.057 0.080 
 143   (0.264) 0.214 0.329 0.701 0.052 0.245 0.250 0.167 0.307 0.211 0.298 0.477 0.262 0.128 0.215 0.243 0.265 
 127   (0.017) 0.003 0.002 0.046 0.000 0.015 0.015 0.004 0.001 0.003 0.094 0.003 0.017 0.001 0.002 0.005 0.017 
 131   (0.011) 0.004 0.001 0.038 0.000 0.007 0.007 0.003 0.001 0.003 0.001 0.002 0.010 0.002 0.010 0.003 0.011 
 133   (0.017) 0.005 0.002 0.002 0.000 0.014 0.016 0.009 0.002 0.034 0.001 0.003 0.017 0.001 0.003 0.021 0.017 
 145   (0.006) 0.001 0.001 0.001 0.000 0.003 0.004 0.001 0.000 0.001 0.000 0.001 0.005 0.000 0.001 0.003 0.006 

Locus 9 : 9 
5 alleles
0.0% missing data
 191   (0.389) 0.322 0.598 0.339 0.564 0.401 0.396 0.186 0.846 0.589 0.340 0.481 0.390 0.546 0.342 0.340 0.389 
 195   (0.145) 0.347 0.036 0.356 0.188 0.111 0.117 0.110 0.032 0.034 0.330 0.245 0.135 0.051 0.326 0.128 0.145 
 189   (0.454) 0.328 0.365 0.304 0.246 0.482 0.480 0.702 0.120 0.374 0.329 0.272 0.465 0.403 0.329 0.521 0.454 
 197   (0.006) 0.001 0.000 0.001 0.000 0.003 0.004 0.001 0.001 0.001 0.000 0.001 0.005 0.000 0.001 0.010 0.006 
 193   (0.006) 0.002 0.001 0.001 0.002 0.003 0.003 0.002 0.001 0.002 0.000 0.001 0.005 0.000 0.001 0.002 0.006 

Locus 10 : 10 
7 alleles
0.4% missing data
 232   (0.249) 0.164 0.378 0.218 0.286 0.289 0.291 0.092 0.570 0.061 0.126 0.154 0.258 0.277 0.221 0.275 0.249 
 238   (0.557) 0.701 0.444 0.367 0.593 0.552 0.549 0.832 0.133 0.841 0.748 0.671 0.557 0.343 0.714 0.523 0.558 
 252   (0.108) 0.120 0.170 0.016 0.106 0.086 0.090 0.054 0.280 0.082 0.014 0.121 0.103 0.032 0.054 0.157 0.108 
 254   (0.047) 0.008 0.005 0.395 0.014 0.037 0.038 0.012 0.014 0.009 0.082 0.047 0.045 0.263 0.007 0.032 0.047 
 248   (0.018) 0.003 0.002 0.002 0.000 0.017 0.015 0.005 0.002 0.003 0.001 0.003 0.019 0.083 0.002 0.007 0.018 
 250   (0.014) 0.002 0.001 0.002 0.000 0.015 0.013 0.003 0.001 0.002 0.029 0.002 0.014 0.001 0.002 0.004 0.014 
 236   (0.006) 0.001 0.000 0.001 0.000 0.004 0.004 0.002 0.001 0.001 0.000 0.002 0.005 0.001 0.001 0.002 0.006 

Locus 11 : 11 
4 alleles
0.0% missing data
  87   (0.688) 0.875 0.558 0.964 0.644 0.700 0.696 0.784 0.349 0.867 0.495 0.643 0.692 0.532 0.853 0.693 0.688 
  89   (0.243) 0.092 0.361 0.029 0.303 0.252 0.250 0.192 0.625 0.085 0.152 0.345 0.245 0.386 0.122 0.216 0.243 
  91   (0.053) 0.030 0.080 0.006 0.053 0.038 0.042 0.020 0.024 0.013 0.183 0.010 0.048 0.081 0.023 0.077 0.053 
  85   (0.016) 0.003 0.001 0.002 0.000 0.010 0.011 0.004 0.002 0.035 0.170 0.003 0.014 0.001 0.002 0.015 0.016 

Locus 12 : 12 
13 alleles
0.4% missing data
 160   (0.215) 0.135 0.188 0.598 0.109 0.238 0.226 0.251 0.036 0.196 0.422 0.060 0.213 0.721 0.325 0.217 0.215 
 162   (0.246) 0.141 0.095 0.064 0.210 0.232 0.245 0.336 0.755 0.375 0.014 0.484 0.248 0.229 0.298 0.255 0.246 
 147   (0.048) 0.035 0.360 0.005 0.115 0.040 0.038 0.065 0.098 0.012 0.003 0.089 0.047 0.003 0.015 0.022 0.048 
 158   (0.231) 0.311 0.320 0.028 0.535 0.253 0.255 0.122 0.079 0.100 0.095 0.189 0.235 0.022 0.197 0.264 0.232 
 161   (0.109) 0.231 0.023 0.115 0.022 0.085 0.091 0.120 0.015 0.032 0.271 0.148 0.104 0.016 0.054 0.116 0.109 
 170   (0.051) 0.021 0.005 0.006 0.007 0.064 0.059 0.052 0.007 0.012 0.028 0.010 0.056 0.003 0.030 0.060 0.051 
 143   (0.031) 0.005 0.003 0.176 0.001 0.031 0.030 0.008 0.003 0.009 0.164 0.005 0.031 0.002 0.008 0.037 0.031 
 154   (0.016) 0.003 0.002 0.002 0.000 0.025 0.023 0.005 0.002 0.005 0.001 0.005 0.019 0.001 0.002 0.005 0.016 
 149   (0.021) 0.079 0.002 0.002 0.000 0.013 0.014 0.006 0.002 0.254 0.001 0.004 0.019 0.001 0.063 0.006 0.021 
 153   (0.011) 0.002 0.001 0.001 0.000 0.010 0.010 0.003 0.001 0.002 0.001 0.003 0.011 0.001 0.001 0.009 0.011 
 150   (0.006) 0.015 0.001 0.001 0.000 0.003 0.003 0.001 0.001 0.001 0.000 0.001 0.005 0.000 0.005 0.002 0.006 
 159   (0.008) 0.022 0.001 0.001 0.000 0.004 0.004 0.030 0.001 0.001 0.000 0.001 0.006 0.000 0.001 0.005 0.008 
 164   (0.006) 0.001 0.001 0.001 0.000 0.003 0.003 0.001 0.000 0.001 0.000 0.001 0.005 0.000 0.001 0.002 0.006 

Locus 13 : 13 
5 alleles
0.0% missing data
 108   (0.200) 0.173 0.151 0.337 0.163 0.215 0.207 0.142 0.407 0.049 0.297 0.143 0.201 0.199 0.069 0.264 0.200 
 115   (0.451) 0.435 0.322 0.090 0.580 0.424 0.437 0.491 0.528 0.708 0.377 0.501 0.448 0.284 0.585 0.476 0.451 
 113   (0.338) 0.390 0.526 0.572 0.256 0.352 0.349 0.365 0.064 0.241 0.324 0.354 0.341 0.517 0.344 0.256 0.338 
 109   (0.006) 0.001 0.000 0.001 0.000 0.005 0.004 0.001 0.001 0.001 0.000 0.001 0.005 0.000 0.001 0.002 0.006 
 110   (0.006) 0.001 0.000 0.001 0.000 0.004 0.003 0.001 0.000 0.001 0.000 0.001 0.005 0.000 0.001 0.002 0.006 

Locus 14 : 14 
5 alleles
1.2% missing data
 227   (0.136) 0.316 0.321 0.256 0.259 0.134 0.131 0.265 0.062 0.052 0.008 0.037 0.134 0.016 0.327 0.093 0.136 
 231   (0.156) 0.034 0.108 0.272 0.093 0.165 0.163 0.052 0.027 0.038 0.355 0.461 0.161 0.352 0.028 0.137 0.156 
 229   (0.508) 0.527 0.444 0.092 0.464 0.521 0.528 0.460 0.860 0.863 0.470 0.287 0.508 0.415 0.520 0.666 0.508 
 225   (0.137) 0.104 0.024 0.225 0.088 0.132 0.127 0.201 0.019 0.033 0.059 0.141 0.136 0.213 0.061 0.080 0.137 
 233   (0.063) 0.019 0.103 0.154 0.096 0.049 0.051 0.022 0.031 0.014 0.108 0.074 0.061 0.004 0.064 0.025 0.063 

Locus 15 : 15 
5 alleles
0.4% missing data
 143   (0.843) 0.755 0.978 0.718 0.969 0.839 0.844 0.934 0.983 0.938 0.622 0.875 0.842 0.817 0.894 0.893 0.843 
 157   (0.007) 0.001 0.001 0.001 0.018 0.003 0.003 0.001 0.001 0.001 0.000 0.001 0.005 0.000 0.001 0.002 0.007 
 145   (0.088) 0.051 0.016 0.274 0.011 0.095 0.089 0.042 0.010 0.048 0.183 0.113 0.090 0.006 0.084 0.046 0.088 
 147   (0.048) 0.189 0.005 0.006 0.001 0.054 0.051 0.019 0.005 0.010 0.194 0.008 0.050 0.145 0.019 0.022 0.048 
 133   (0.014) 0.004 0.001 0.001 0.000 0.009 0.012 0.003 0.002 0.002 0.001 0.002 0.012 0.032 0.002 0.036 0.014 

Locus 16 : 16 
5 alleles
0.2% missing data
 156   (0.225) 0.267 0.083 0.515 0.305 0.194 0.212 0.187 0.197 0.051 0.161 0.325 0.217 0.502 0.223 0.375 0.225 
 158   (0.546) 0.606 0.728 0.253 0.498 0.563 0.559 0.572 0.323 0.617 0.314 0.470 0.553 0.198 0.689 0.469 0.547 
 160   (0.135) 0.100 0.179 0.015 0.151 0.138 0.132 0.186 0.468 0.307 0.117 0.147 0.134 0.112 0.058 0.108 0.135 
 154   (0.085) 0.025 0.010 0.216 0.046 0.101 0.093 0.037 0.011 0.023 0.407 0.056 0.089 0.187 0.019 0.045 0.085 
 152   (0.009) 0.001 0.001 0.001 0.000 0.004 0.004 0.018 0.001 0.001 0.000 0.001 0.007 0.001 0.012 0.004 0.009 

Locus 17 : 17 
5 alleles
0.0% missing data
 102   (0.204) 0.247 0.165 0.024 0.249 0.178 0.181 0.402 0.098 0.339 0.038 0.184 0.200 0.198 0.085 0.123 0.204 
  90   (0.679) 0.715 0.807 0.576 0.721 0.667 0.676 0.543 0.603 0.370 0.321 0.793 0.675 0.794 0.891 0.799 0.679 
  88   (0.071) 0.015 0.024 0.008 0.028 0.081 0.073 0.034 0.294 0.283 0.469 0.013 0.075 0.005 0.011 0.032 0.071 
 100   (0.040) 0.007 0.004 0.392 0.001 0.071 0.067 0.016 0.004 0.008 0.171 0.008 0.045 0.002 0.012 0.044 0.040 
 104   (0.006) 0.016 0.001 0.001 0.000 0.003 0.003 0.004 0.001 0.001 0.000 0.001 0.005 0.000 0.001 0.002 0.006 

Locus 18 : 18 
7 alleles
0.0% missing data
 142   (0.126) 0.140 0.384 0.015 0.422 0.119 0.126 0.068 0.792 0.081 0.018 0.024 0.126 0.008 0.068 0.168 0.126 
 146   (0.076) 0.021 0.025 0.008 0.193 0.057 0.060 0.228 0.036 0.107 0.004 0.084 0.071 0.226 0.039 0.078 0.076 
 140   (0.288) 0.416 0.415 0.277 0.084 0.319 0.314 0.203 0.045 0.521 0.298 0.501 0.292 0.178 0.205 0.224 0.288 
 127   (0.302) 0.183 0.103 0.550 0.227 0.335 0.334 0.286 0.075 0.178 0.385 0.231 0.310 0.059 0.396 0.398 0.302 
 148   (0.100) 0.050 0.048 0.011 0.054 0.083 0.081 0.144 0.035 0.028 0.067 0.116 0.098 0.216 0.066 0.045 0.100 
 150   (0.055) 0.115 0.005 0.005 0.001 0.038 0.042 0.038 0.006 0.070 0.225 0.013 0.051 0.309 0.204 0.049 0.055 
 138   (0.053) 0.076 0.020 0.134 0.018 0.048 0.043 0.034 0.011 0.016 0.003 0.032 0.052 0.004 0.022 0.037 0.053 

Locus 19 : 19 
8 alleles
0.2% missing data
 188   (0.187) 0.316 0.170 0.020 0.095 0.197 0.201 0.107 0.565 0.046 0.011 0.068 0.192 0.169 0.123 0.181 0.187 
 190   (0.119) 0.202 0.331 0.012 0.418 0.081 0.085 0.068 0.014 0.397 0.041 0.242 0.107 0.200 0.222 0.096 0.119 
 194   (0.578) 0.459 0.489 0.956 0.484 0.608 0.606 0.574 0.412 0.187 0.554 0.601 0.587 0.481 0.575 0.634 0.578 
 202   (0.016) 0.003 0.001 0.002 0.000 0.011 0.011 0.004 0.001 0.002 0.042 0.003 0.014 0.144 0.002 0.005 0.016 
 200   (0.082) 0.017 0.008 0.008 0.002 0.094 0.086 0.244 0.007 0.365 0.314 0.081 0.084 0.005 0.076 0.073 0.082 
 192   (0.006) 0.002 0.001 0.001 0.000 0.004 0.004 0.001 0.000 0.001 0.000 0.003 0.005 0.000 0.001 0.002 0.006 
 196   (0.006) 0.001 0.001 0.001 0.000 0.003 0.004 0.001 0.000 0.001 0.000 0.001 0.005 0.000 0.001 0.007 0.006 
 198   (0.006) 0.001 0.001 0.001 0.000 0.002 0.003 0.001 0.000 0.001 0.038 0.001 0.005 0.000 0.001 0.001 0.006 

Locus 20 : 20 
6 alleles
0.8% missing data
 252   (0.703) 0.772 0.716 0.385 0.849 0.732 0.733 0.834 0.819 0.543 0.074 0.747 0.714 0.728 0.738 0.838 0.704 
 250   (0.082) 0.182 0.047 0.349 0.099 0.078 0.071 0.033 0.010 0.140 0.427 0.067 0.080 0.142 0.025 0.028 0.082 
 244   (0.022) 0.006 0.002 0.005 0.007 0.013 0.013 0.009 0.148 0.006 0.047 0.007 0.019 0.001 0.009 0.009 0.022 
 254   (0.077) 0.017 0.010 0.100 0.031 0.051 0.056 0.085 0.010 0.018 0.243 0.057 0.070 0.081 0.146 0.062 0.077 
 246   (0.093) 0.018 0.222 0.159 0.004 0.079 0.082 0.029 0.010 0.288 0.207 0.118 0.091 0.046 0.079 0.054 0.093 
 248   (0.022) 0.004 0.003 0.002 0.009 0.047 0.043 0.011 0.003 0.004 0.001 0.004 0.026 0.001 0.003 0.009 0.022 

Locus 21 : 21 
7 alleles
0.2% missing data
 173   (0.292) 0.562 0.147 0.119 0.373 0.232 0.249 0.459 0.154 0.070 0.208 0.313 0.278 0.212 0.553 0.362 0.292 
 177   (0.263) 0.254 0.633 0.272 0.275 0.319 0.302 0.256 0.182 0.508 0.040 0.081 0.275 0.167 0.245 0.210 0.263 
 175   (0.143) 0.065 0.025 0.486 0.025 0.117 0.122 0.086 0.018 0.039 0.504 0.322 0.137 0.258 0.076 0.124 0.143 
 167   (0.195) 0.092 0.181 0.111 0.321 0.194 0.200 0.160 0.635 0.090 0.069 0.142 0.193 0.122 0.109 0.259 0.195 
 163   (0.039) 0.012 0.004 0.004 0.002 0.037 0.036 0.013 0.004 0.008 0.107 0.015 0.039 0.228 0.008 0.020 0.039 
 165   (0.049) 0.010 0.009 0.006 0.003 0.058 0.057 0.016 0.005 0.282 0.070 0.125 0.051 0.012 0.007 0.019 0.049 
 159   (0.019) 0.004 0.002 0.002 0.000 0.042 0.034 0.010 0.002 0.004 0.001 0.003 0.027 0.001 0.002 0.006 0.019 

Locus 22 : 22 
11 alleles
0.6% missing data
 146   (0.235) 0.122 0.219 0.072 0.229 0.222 0.220 0.337 0.836 0.288 0.014 0.169 0.235 0.138 0.354 0.219 0.235 
 154   (0.007) 0.001 0.002 0.001 0.070 0.003 0.003 0.001 0.001 0.001 0.000 0.001 0.006 0.000 0.001 0.002 0.007 
 166   (0.094) 0.025 0.263 0.113 0.028 0.118 0.117 0.059 0.010 0.023 0.005 0.076 0.100 0.006 0.024 0.045 0.094 
 152   (0.421) 0.760 0.448 0.506 0.639 0.416 0.423 0.502 0.124 0.602 0.098 0.510 0.413 0.366 0.541 0.551 0.420 
 150   (0.029) 0.013 0.008 0.111 0.006 0.030 0.032 0.018 0.004 0.007 0.103 0.005 0.030 0.002 0.006 0.011 0.029 
 164   (0.034) 0.009 0.042 0.005 0.010 0.024 0.025 0.011 0.005 0.007 0.068 0.057 0.031 0.002 0.007 0.026 0.034 
 156   (0.018) 0.021 0.002 0.002 0.000 0.009 0.009 0.004 0.002 0.003 0.113 0.004 0.015 0.305 0.007 0.005 0.018 
 162   (0.053) 0.021 0.005 0.007 0.001 0.061 0.055 0.032 0.005 0.019 0.137 0.042 0.057 0.071 0.010 0.039 0.053 
 158   (0.087) 0.024 0.009 0.010 0.015 0.102 0.101 0.030 0.012 0.045 0.432 0.132 0.093 0.108 0.019 0.096 0.087 
 148   (0.008) 0.001 0.001 0.173 0.000 0.004 0.004 0.002 0.001 0.001 0.000 0.001 0.007 0.000 0.001 0.002 0.008 
 142   (0.013) 0.002 0.001 0.001 0.000 0.011 0.009 0.003 0.001 0.002 0.029 0.002 0.012 0.001 0.030 0.004 0.013 

Locus 23 : 23 
7 alleles
0.8% missing data
 152   (0.012) 0.002 0.088 0.001 0.062 0.006 0.006 0.003 0.001 0.002 0.001 0.002 0.010 0.001 0.002 0.003 0.012 
 156   (0.121) 0.099 0.090 0.015 0.033 0.128 0.140 0.063 0.013 0.028 0.432 0.127 0.121 0.029 0.027 0.237 0.121 
 144   (0.175) 0.252 0.154 0.605 0.184 0.159 0.156 0.171 0.026 0.049 0.244 0.195 0.170 0.640 0.300 0.111 0.175 
 160   (0.104) 0.166 0.294 0.012 0.182 0.103 0.097 0.137 0.012 0.323 0.012 0.137 0.099 0.106 0.059 0.054 0.103 
 154   (0.552) 0.473 0.370 0.362 0.536 0.569 0.566 0.606 0.922 0.590 0.172 0.529 0.563 0.221 0.608 0.582 0.552 
 158   (0.028) 0.006 0.003 0.003 0.003 0.030 0.030 0.017 0.026 0.006 0.140 0.009 0.029 0.002 0.004 0.009 0.028 
 146   (0.009) 0.001 0.001 0.001 0.000 0.005 0.005 0.002 0.001 0.001 0.000 0.001 0.008 0.000 0.001 0.004 0.009 

Locus 24 : 24 
4 alleles
0.4% missing data
  77   (0.081) 0.049 0.026 0.009 0.329 0.058 0.064 0.143 0.032 0.031 0.005 0.087 0.074 0.049 0.045 0.117 0.081 
  83   (0.463) 0.515 0.580 0.688 0.485 0.463 0.458 0.365 0.229 0.764 0.586 0.604 0.460 0.921 0.418 0.386 0.463 
  81   (0.368) 0.291 0.357 0.293 0.166 0.401 0.392 0.428 0.726 0.182 0.380 0.269 0.379 0.024 0.441 0.356 0.369 
  85   (0.088) 0.145 0.037 0.010 0.020 0.078 0.085 0.063 0.012 0.023 0.029 0.039 0.087 0.006 0.096 0.142 0.088 

Locus 25 : 25 
6 alleles
0.4% missing data
 132   (0.317) 0.216 0.131 0.181 0.533 0.344 0.328 0.257 0.909 0.203 0.021 0.456 0.326 0.456 0.424 0.230 0.317 
 124   (0.530) 0.650 0.827 0.414 0.394 0.523 0.540 0.585 0.067 0.759 0.468 0.420 0.527 0.535 0.440 0.702 0.530 
 126   (0.025) 0.006 0.027 0.003 0.058 0.014 0.015 0.006 0.003 0.005 0.011 0.005 0.022 0.001 0.003 0.008 0.025 
 122   (0.096) 0.120 0.011 0.108 0.014 0.096 0.094 0.143 0.018 0.027 0.476 0.100 0.094 0.006 0.128 0.049 0.096 
 120   (0.018) 0.003 0.002 0.292 0.000 0.013 0.013 0.005 0.002 0.003 0.022 0.004 0.017 0.001 0.002 0.007 0.018 
 136   (0.015) 0.005 0.002 0.002 0.001 0.010 0.010 0.005 0.001 0.003 0.002 0.016 0.014 0.001 0.002 0.004 0.015 

Locus 26 : 26 
7 alleles
0.2% missing data
 165   (0.250) 0.112 0.155 0.323 0.117 0.242 0.238 0.227 0.684 0.210 0.115 0.340 0.245 0.053 0.353 0.228 0.250 
 183   (0.342) 0.377 0.459 0.292 0.584 0.373 0.366 0.250 0.195 0.628 0.211 0.460 0.347 0.424 0.337 0.315 0.342 
 179   (0.088) 0.029 0.103 0.345 0.055 0.071 0.070 0.144 0.017 0.042 0.282 0.019 0.085 0.005 0.044 0.076 0.088 
 175   (0.253) 0.470 0.276 0.032 0.242 0.246 0.250 0.351 0.097 0.108 0.016 0.154 0.256 0.452 0.258 0.228 0.253 
 181   (0.052) 0.009 0.005 0.007 0.001 0.059 0.067 0.024 0.005 0.009 0.263 0.025 0.053 0.064 0.007 0.147 0.052 
 185   (0.009) 0.002 0.001 0.001 0.000 0.005 0.005 0.002 0.001 0.001 0.114 0.001 0.008 0.001 0.001 0.003 0.009 
 157   (0.006) 0.001 0.000 0.001 0.000 0.003 0.003 0.001 0.001 0.001 0.000 0.001 0.005 0.000 0.001 0.002 0.006 

Locus 27 : 27 
4 alleles
0.2% missing data
 142   (0.641) 0.764 0.606 0.307 0.705 0.677 0.659 0.644 0.339 0.721 0.523 0.683 0.648 0.742 0.831 0.596 0.641 
 148   (0.207) 0.171 0.180 0.676 0.075 0.201 0.208 0.126 0.380 0.053 0.266 0.247 0.207 0.064 0.069 0.218 0.207 
 138   (0.046) 0.013 0.203 0.006 0.210 0.032 0.032 0.018 0.270 0.022 0.048 0.017 0.041 0.003 0.026 0.019 0.046 
 150   (0.106) 0.052 0.012 0.012 0.010 0.091 0.101 0.212 0.011 0.204 0.164 0.053 0.104 0.190 0.073 0.167 0.106 

Locus 28 : 28 
6 alleles
0.8% missing data
 260   (0.386) 0.412 0.499 0.133 0.343 0.435 0.417 0.503 0.277 0.500 0.218 0.298 0.398 0.378 0.548 0.244 0.386 
 262   (0.508) 0.430 0.491 0.854 0.652 0.459 0.480 0.410 0.710 0.471 0.695 0.663 0.494 0.548 0.392 0.666 0.508 
 256   (0.075) 0.090 0.008 0.010 0.005 0.082 0.078 0.075 0.010 0.024 0.085 0.035 0.078 0.072 0.041 0.066 0.075 
 258   (0.010) 0.002 0.001 0.001 0.000 0.012 0.012 0.003 0.001 0.002 0.001 0.002 0.011 0.001 0.001 0.003 0.010 
 266   (0.006) 0.001 0.001 0.001 0.000 0.003 0.003 0.002 0.000 0.001 0.000 0.001 0.005 0.000 0.012 0.002 0.006 
 264   (0.015) 0.066 0.001 0.001 0.000 0.009 0.010 0.008 0.001 0.003 0.001 0.002 0.013 0.001 0.006 0.020 0.015 

Locus 29 : 29 
7 alleles
0.2% missing data
 146   (0.283) 0.465 0.297 0.035 0.169 0.334 0.313 0.211 0.084 0.481 0.324 0.348 0.289 0.333 0.147 0.250 0.284 
 150   (0.436) 0.382 0.434 0.140 0.709 0.417 0.437 0.544 0.163 0.168 0.240 0.408 0.435 0.289 0.598 0.593 0.436 
 140   (0.177) 0.125 0.033 0.814 0.079 0.166 0.168 0.209 0.689 0.116 0.390 0.169 0.177 0.057 0.150 0.120 0.177 
 148   (0.061) 0.013 0.221 0.007 0.037 0.044 0.046 0.020 0.058 0.152 0.035 0.050 0.057 0.318 0.041 0.021 0.061 
 152   (0.026) 0.012 0.003 0.003 0.001 0.031 0.028 0.011 0.003 0.065 0.010 0.004 0.028 0.002 0.063 0.011 0.026 
 151   (0.009) 0.001 0.011 0.001 0.005 0.004 0.004 0.004 0.002 0.005 0.001 0.002 0.007 0.001 0.001 0.003 0.009 
 142   (0.007) 0.001 0.001 0.001 0.001 0.003 0.003 0.002 0.001 0.013 0.000 0.019 0.006 0.000 0.001 0.002 0.007 

Locus 30 : 30 
6 alleles
0.2% missing data
 125   (0.290) 0.079 0.304 0.138 0.477 0.346 0.348 0.123 0.631 0.096 0.141 0.310 0.305 0.029 0.077 0.330 0.291 
 129   (0.427) 0.657 0.636 0.209 0.474 0.395 0.394 0.562 0.307 0.464 0.078 0.416 0.422 0.788 0.588 0.405 0.427 
 123   (0.150) 0.238 0.047 0.018 0.046 0.142 0.141 0.180 0.048 0.094 0.110 0.108 0.145 0.101 0.278 0.186 0.150 
 127   (0.083) 0.015 0.007 0.591 0.002 0.074 0.073 0.064 0.010 0.337 0.529 0.155 0.082 0.079 0.036 0.045 0.083 
 121   (0.012) 0.002 0.001 0.040 0.000 0.008 0.008 0.003 0.001 0.002 0.001 0.003 0.011 0.001 0.002 0.004 0.012 
 131   (0.037) 0.009 0.003 0.004 0.001 0.035 0.036 0.068 0.004 0.007 0.141 0.007 0.036 0.002 0.019 0.029 0.037 

Locus 31 : 31 
6 alleles
0.2% missing data
 159   (0.172) 0.391 0.111 0.020 0.138 0.142 0.155 0.280 0.062 0.048 0.200 0.296 0.162 0.011 0.193 0.288 0.172 
 155   (0.547) 0.246 0.849 0.525 0.689 0.614 0.599 0.321 0.591 0.491 0.423 0.425 0.565 0.709 0.609 0.452 0.547 
 157   (0.181) 0.119 0.030 0.114 0.091 0.160 0.163 0.325 0.298 0.441 0.060 0.253 0.176 0.020 0.168 0.212 0.181 
 153   (0.062) 0.236 0.006 0.096 0.079 0.058 0.056 0.064 0.043 0.013 0.307 0.012 0.061 0.004 0.024 0.027 0.062 
 151   (0.031) 0.006 0.003 0.245 0.002 0.023 0.023 0.009 0.004 0.007 0.010 0.012 0.029 0.255 0.004 0.019 0.031 
 163   (0.006) 0.001 0.001 0.001 0.001 0.003 0.003 0.002 0.001 0.001 0.000 0.001 0.006 0.000 0.001 0.002 0.006 

Locus 32 : 32 
5 alleles
0.0% missing data
 146   (0.325) 0.401 0.052 0.585 0.066 0.366 0.365 0.271 0.066 0.213 0.651 0.263 0.333 0.313 0.343 0.358 0.325 
 150   (0.565) 0.515 0.870 0.403 0.858 0.542 0.546 0.663 0.923 0.406 0.251 0.511 0.561 0.639 0.620 0.599 0.565 
 148   (0.058) 0.017 0.071 0.007 0.075 0.051 0.045 0.029 0.006 0.366 0.032 0.120 0.057 0.045 0.011 0.018 0.058 
 154   (0.038) 0.009 0.005 0.004 0.001 0.032 0.035 0.017 0.005 0.009 0.064 0.104 0.038 0.002 0.008 0.019 0.038 
 152   (0.014) 0.057 0.001 0.001 0.000 0.008 0.009 0.020 0.001 0.006 0.001 0.002 0.012 0.001 0.018 0.006 0.014 

Locus 33 : 33 
7 alleles
0.0% missing data
 180   (0.465) 0.183 0.374 0.698 0.609 0.485 0.476 0.425 0.427 0.516 0.357 0.531 0.473 0.672 0.410 0.414 0.465 
 196   (0.113) 0.224 0.203 0.013 0.188 0.105 0.106 0.104 0.119 0.024 0.025 0.049 0.109 0.007 0.134 0.107 0.113 
 184   (0.191) 0.458 0.122 0.264 0.146 0.176 0.185 0.085 0.426 0.081 0.185 0.276 0.185 0.070 0.330 0.190 0.191 
 194   (0.010) 0.002 0.033 0.001 0.039 0.004 0.004 0.002 0.001 0.002 0.001 0.002 0.008 0.001 0.001 0.003 0.010 
 192   (0.138) 0.113 0.013 0.015 0.005 0.139 0.141 0.275 0.016 0.357 0.165 0.098 0.142 0.182 0.105 0.207 0.138 
 198   (0.068) 0.015 0.253 0.007 0.012 0.083 0.077 0.029 0.010 0.017 0.267 0.021 0.069 0.067 0.012 0.055 0.068 
 190   (0.016) 0.005 0.002 0.001 0.000 0.009 0.010 0.080 0.002 0.003 0.001 0.023 0.013 0.001 0.009 0.025 0.016 

Locus 34 : 34 
6 alleles
0.0% missing data
 110   (0.189) 0.053 0.169 0.215 0.371 0.205 0.193 0.193 0.270 0.163 0.110 0.225 0.194 0.071 0.077 0.121 0.189 
 112   (0.351) 0.444 0.732 0.039 0.513 0.382 0.373 0.324 0.068 0.425 0.048 0.290 0.362 0.056 0.385 0.333 0.351 
 106   (0.274) 0.412 0.079 0.222 0.090 0.225 0.246 0.351 0.583 0.149 0.247 0.412 0.258 0.711 0.439 0.395 0.274 
  90   (0.038) 0.008 0.006 0.404 0.018 0.025 0.028 0.036 0.062 0.230 0.002 0.008 0.034 0.002 0.006 0.036 0.038 
 108   (0.139) 0.081 0.015 0.118 0.007 0.157 0.155 0.095 0.016 0.030 0.592 0.064 0.144 0.113 0.091 0.111 0.139 
  96   (0.009) 0.001 0.001 0.001 0.000 0.005 0.006 0.002 0.001 0.003 0.001 0.002 0.008 0.046 0.001 0.004 0.009 

Locus 35 : 35 
9 alleles
0.0% missing data
 166   (0.054) 0.030 0.188 0.007 0.287 0.038 0.038 0.033 0.009 0.114 0.003 0.053 0.049 0.004 0.160 0.020 0.054 
 176   (0.097) 0.021 0.370 0.012 0.129 0.087 0.094 0.033 0.022 0.033 0.098 0.223 0.095 0.015 0.013 0.123 0.097 
 172   (0.326) 0.422 0.218 0.041 0.454 0.362 0.347 0.436 0.451 0.258 0.166 0.134 0.334 0.586 0.422 0.217 0.326 
 170   (0.274) 0.290 0.154 0.616 0.121 0.255 0.257 0.193 0.482 0.203 0.349 0.520 0.269 0.326 0.211 0.250 0.274 
 174   (0.133) 0.034 0.015 0.015 0.005 0.124 0.138 0.228 0.013 0.366 0.043 0.047 0.132 0.062 0.162 0.315 0.133 
 178   (0.039) 0.056 0.048 0.005 0.002 0.046 0.044 0.022 0.016 0.010 0.002 0.008 0.042 0.003 0.009 0.023 0.039 
 168   (0.054) 0.019 0.005 0.303 0.001 0.060 0.061 0.032 0.006 0.013 0.321 0.013 0.056 0.003 0.019 0.045 0.054 
 186   (0.016) 0.129 0.002 0.002 0.000 0.022 0.017 0.021 0.001 0.003 0.018 0.003 0.017 0.001 0.002 0.007 0.016 
 158   (0.006) 0.001 0.001 0.001 0.000 0.004 0.005 0.001 0.000 0.001 0.000 0.001 0.006 0.000 0.001 0.001 0.006 

Locus 36 : 36 
6 alleles
0.0% missing data
  89   (0.571) 0.776 0.714 0.373 0.662 0.619 0.605 0.728 0.236 0.648 0.603 0.493 0.580 0.509 0.551 0.560 0.570 
  95   (0.061) 0.018 0.023 0.007 0.081 0.047 0.047 0.044 0.040 0.015 0.027 0.085 0.057 0.005 0.123 0.024 0.061 
  85   (0.161) 0.158 0.221 0.494 0.225 0.129 0.139 0.072 0.262 0.283 0.014 0.148 0.153 0.234 0.179 0.203 0.161 
  81   (0.064) 0.014 0.006 0.008 0.006 0.058 0.069 0.036 0.009 0.015 0.004 0.181 0.065 0.004 0.030 0.134 0.064 
  83   (0.125) 0.031 0.034 0.014 0.026 0.135 0.129 0.115 0.451 0.036 0.326 0.091 0.128 0.247 0.107 0.075 0.125 
  91   (0.018) 0.003 0.002 0.104 0.000 0.011 0.012 0.005 0.002 0.003 0.025 0.003 0.016 0.001 0.010 0.005 0.018 

Locus 37 : 37 
10 alleles
0.0% missing data
 161   (0.345) 0.117 0.533 0.431 0.575 0.329 0.347 0.318 0.088 0.422 0.708 0.397 0.338 0.374 0.266 0.508 0.345 
 165   (0.233) 0.251 0.273 0.132 0.165 0.259 0.245 0.178 0.061 0.089 0.113 0.184 0.237 0.100 0.348 0.146 0.233 
 159   (0.012) 0.002 0.009 0.001 0.036 0.009 0.009 0.004 0.001 0.002 0.001 0.002 0.012 0.001 0.006 0.003 0.012 
 173   (0.257) 0.428 0.084 0.224 0.126 0.245 0.235 0.365 0.166 0.420 0.170 0.387 0.255 0.515 0.192 0.212 0.257 
 169   (0.100) 0.186 0.096 0.206 0.088 0.103 0.111 0.105 0.679 0.055 0.006 0.021 0.102 0.006 0.113 0.110 0.100 
 167   (0.017) 0.003 0.002 0.002 0.009 0.016 0.017 0.019 0.002 0.004 0.001 0.003 0.018 0.001 0.003 0.009 0.017 
 168   (0.010) 0.002 0.001 0.001 0.000 0.011 0.011 0.002 0.001 0.002 0.001 0.002 0.011 0.001 0.001 0.003 0.010 
 155   (0.013) 0.003 0.001 0.001 0.000 0.022 0.019 0.005 0.001 0.002 0.001 0.003 0.017 0.001 0.002 0.006 0.013 
 177   (0.006) 0.001 0.001 0.001 0.000 0.004 0.003 0.002 0.000 0.002 0.000 0.001 0.005 0.000 0.001 0.003 0.006 
 175   (0.007) 0.008 0.001 0.001 0.000 0.003 0.003 0.002 0.001 0.001 0.000 0.001 0.006 0.000 0.068 0.002 0.007 

Locus 38 : 38 
6 alleles
0.6% missing data
  87   (0.091) 0.024 0.140 0.554 0.170 0.063 0.064 0.124 0.012 0.021 0.439 0.112 0.083 0.128 0.028 0.064 0.091 
  89   (0.436) 0.416 0.672 0.051 0.588 0.484 0.483 0.463 0.747 0.392 0.227 0.215 0.447 0.090 0.684 0.533 0.436 
  91   (0.165) 0.084 0.026 0.210 0.132 0.174 0.174 0.173 0.200 0.092 0.100 0.208 0.166 0.186 0.053 0.166 0.165 
  81   (0.118) 0.068 0.081 0.013 0.081 0.116 0.113 0.058 0.012 0.439 0.008 0.218 0.121 0.116 0.068 0.064 0.118 
  85   (0.183) 0.407 0.080 0.171 0.027 0.160 0.163 0.181 0.028 0.054 0.226 0.245 0.178 0.479 0.166 0.172 0.183 
  83   (0.006) 0.001 0.001 0.001 0.003 0.003 0.003 0.001 0.001 0.002 0.000 0.001 0.005 0.000 0.001 0.002 0.006 

Locus 39 : 39 
4 alleles
0.6% missing data
 167   (0.788) 0.935 0.925 0.685 0.911 0.777 0.786 0.858 0.932 0.806 0.392 0.949 0.782 0.859 0.692 0.876 0.788 
 161   (0.175) 0.058 0.071 0.312 0.088 0.194 0.185 0.107 0.061 0.181 0.459 0.045 0.184 0.138 0.220 0.107 0.175 
 165   (0.030) 0.006 0.003 0.003 0.001 0.023 0.024 0.033 0.007 0.012 0.149 0.006 0.029 0.002 0.087 0.015 0.030 
 177   (0.006) 0.001 0.001 0.001 0.000 0.005 0.005 0.002 0.001 0.001 0.000 0.001 0.006 0.001 0.001 0.002 0.006 

Locus 40 : 40 
6 alleles
0.4% missing data
 228   (0.416) 0.669 0.655 0.550 0.522 0.380 0.388 0.441 0.725 0.634 0.117 0.441 0.407 0.231 0.473 0.390 0.416 
 238   (0.339) 0.203 0.269 0.081 0.323 0.366 0.372 0.320 0.069 0.085 0.069 0.268 0.352 0.117 0.346 0.428 0.339 
 224   (0.022) 0.004 0.047 0.002 0.091 0.013 0.013 0.005 0.003 0.228 0.010 0.014 0.019 0.001 0.003 0.006 0.022 
 236   (0.105) 0.026 0.017 0.354 0.061 0.094 0.093 0.094 0.191 0.026 0.285 0.115 0.102 0.388 0.039 0.056 0.105 
 232   (0.012) 0.002 0.002 0.001 0.000 0.008 0.011 0.003 0.001 0.002 0.001 0.002 0.011 0.001 0.002 0.036 0.012 
 240   (0.106) 0.096 0.010 0.012 0.002 0.140 0.123 0.138 0.011 0.025 0.518 0.161 0.110 0.262 0.137 0.083 0.106 

Locus 41 : 41 
7 alleles
0.0% missing data
 128   (0.112) 0.043 0.067 0.012 0.138 0.101 0.105 0.130 0.233 0.239 0.006 0.071 0.107 0.032 0.293 0.141 0.112 
 130   (0.535) 0.475 0.591 0.061 0.613 0.562 0.566 0.534 0.692 0.513 0.737 0.518 0.545 0.782 0.388 0.555 0.535 
 114   (0.052) 0.011 0.041 0.499 0.110 0.042 0.042 0.019 0.034 0.010 0.003 0.077 0.050 0.003 0.007 0.028 0.052 
 132   (0.121) 0.410 0.282 0.014 0.131 0.123 0.119 0.131 0.020 0.028 0.007 0.151 0.119 0.046 0.157 0.144 0.121 
 118   (0.060) 0.021 0.006 0.203 0.002 0.052 0.049 0.105 0.008 0.029 0.072 0.011 0.057 0.130 0.089 0.054 0.060 
 134   (0.112) 0.039 0.012 0.210 0.006 0.117 0.116 0.079 0.013 0.180 0.174 0.170 0.117 0.007 0.064 0.075 0.113 
 136   (0.006) 0.001 0.001 0.001 0.000 0.003 0.003 0.001 0.001 0.001 0.000 0.001 0.005 0.000 0.001 0.002 0.006 

Locus 42 : 42 
6 alleles
1.2% missing data
 102   (0.270) 0.446 0.433 0.574 0.416 0.273 0.272 0.341 0.076 0.221 0.015 0.413 0.269 0.477 0.276 0.178 0.270 
 104   (0.404) 0.265 0.148 0.049 0.197 0.448 0.434 0.512 0.102 0.688 0.231 0.323 0.420 0.413 0.575 0.417 0.404 
  92   (0.109) 0.148 0.279 0.051 0.105 0.091 0.104 0.055 0.014 0.033 0.316 0.086 0.104 0.007 0.025 0.217 0.108 
  96   (0.073) 0.015 0.065 0.095 0.061 0.071 0.069 0.022 0.706 0.018 0.176 0.054 0.069 0.005 0.027 0.078 0.073 
  98   (0.139) 0.125 0.073 0.230 0.220 0.113 0.117 0.068 0.101 0.038 0.261 0.123 0.132 0.098 0.096 0.108 0.139 
 106   (0.006) 0.002 0.001 0.001 0.000 0.004 0.004 0.002 0.001 0.002 0.000 0.002 0.005 0.000 0.001 0.002 0.006 

Locus 43 : 43 
6 alleles
1.4% missing data
 101   (0.302) 0.431 0.224 0.035 0.471 0.259 0.284 0.292 0.091 0.205 0.368 0.470 0.291 0.181 0.244 0.415 0.302 
 103   (0.319) 0.419 0.367 0.228 0.176 0.347 0.319 0.403 0.456 0.128 0.108 0.280 0.330 0.351 0.438 0.199 0.319 
  99   (0.142) 0.038 0.212 0.416 0.030 0.156 0.157 0.059 0.075 0.603 0.181 0.064 0.144 0.009 0.094 0.199 0.142 
  95   (0.213) 0.108 0.194 0.169 0.322 0.216 0.219 0.241 0.376 0.061 0.335 0.182 0.211 0.457 0.220 0.178 0.213 
  97   (0.017) 0.003 0.002 0.151 0.000 0.017 0.016 0.004 0.002 0.003 0.006 0.003 0.017 0.001 0.002 0.007 0.017 
  91   (0.006) 0.001 0.001 0.001 0.000 0.005 0.005 0.002 0.001 0.001 0.000 0.001 0.006 0.000 0.001 0.002 0.006 

Locus 44 : 44 
7 alleles
0.2% missing data
 177   (0.078) 0.024 0.161 0.010 0.063 0.087 0.078 0.054 0.010 0.016 0.113 0.063 0.079 0.005 0.057 0.034 0.078 
 191   (0.282) 0.130 0.111 0.279 0.185 0.341 0.331 0.348 0.053 0.332 0.634 0.304 0.300 0.098 0.132 0.267 0.282 
 181   (0.570) 0.835 0.722 0.521 0.750 0.516 0.538 0.580 0.932 0.569 0.137 0.617 0.553 0.863 0.726 0.671 0.570 
 189   (0.007) 0.001 0.001 0.001 0.000 0.003 0.003 0.001 0.000 0.001 0.000 0.001 0.005 0.030 0.001 0.002 0.007 
 179   (0.045) 0.007 0.004 0.188 0.001 0.042 0.040 0.013 0.004 0.079 0.107 0.011 0.047 0.003 0.006 0.022 0.045 
 183   (0.009) 0.002 0.001 0.001 0.000 0.006 0.007 0.002 0.001 0.002 0.001 0.002 0.009 0.001 0.003 0.003 0.009 
 193   (0.009) 0.002 0.001 0.001 0.000 0.004 0.004 0.002 0.001 0.002 0.009 0.001 0.007 0.001 0.075 0.002 0.009 

Locus 45 : 45 
6 alleles
0.8% missing data
 205   (0.463) 0.529 0.543 0.249 0.504 0.514 0.495 0.419 0.867 0.536 0.310 0.537 0.479 0.406 0.546 0.363 0.463 
 211   (0.229) 0.229 0.112 0.341 0.251 0.219 0.234 0.185 0.046 0.296 0.393 0.184 0.228 0.274 0.101 0.348 0.229 
 207   (0.143) 0.204 0.191 0.017 0.126 0.124 0.128 0.166 0.065 0.051 0.071 0.092 0.138 0.201 0.236 0.100 0.143 
 201   (0.074) 0.021 0.116 0.381 0.069 0.060 0.062 0.159 0.012 0.022 0.040 0.081 0.068 0.005 0.023 0.104 0.074 
 215   (0.082) 0.015 0.038 0.010 0.049 0.066 0.068 0.068 0.010 0.093 0.178 0.104 0.076 0.114 0.092 0.081 0.082 
 202   (0.010) 0.002 0.001 0.001 0.000 0.017 0.014 0.003 0.001 0.002 0.007 0.002 0.011 0.001 0.002 0.003 0.010 

Locus 46 : 46 
10 alleles
1.0% missing data
 144   (0.063) 0.014 0.087 0.008 0.252 0.050 0.055 0.070 0.056 0.068 0.007 0.014 0.058 0.129 0.034 0.098 0.063 
 158   (0.156) 0.080 0.390 0.021 0.113 0.150 0.147 0.180 0.035 0.194 0.123 0.265 0.155 0.082 0.034 0.132 0.156 
 168   (0.143) 0.033 0.066 0.217 0.223 0.175 0.165 0.067 0.056 0.032 0.217 0.136 0.147 0.107 0.039 0.107 0.143 
 166   (0.139) 0.065 0.129 0.123 0.323 0.121 0.120 0.084 0.454 0.037 0.025 0.088 0.137 0.389 0.320 0.093 0.139 
 142   (0.363) 0.717 0.297 0.047 0.085 0.384 0.388 0.529 0.383 0.643 0.143 0.438 0.371 0.284 0.506 0.304 0.363 
 170   (0.015) 0.003 0.001 0.002 0.001 0.009 0.011 0.003 0.002 0.003 0.046 0.004 0.013 0.001 0.002 0.040 0.015 
 156   (0.027) 0.012 0.014 0.469 0.001 0.029 0.023 0.022 0.002 0.005 0.083 0.005 0.028 0.002 0.004 0.010 0.027 
 162   (0.047) 0.009 0.004 0.108 0.001 0.037 0.039 0.017 0.005 0.009 0.162 0.038 0.044 0.003 0.054 0.068 0.047 
 164   (0.041) 0.065 0.011 0.004 0.001 0.041 0.048 0.026 0.005 0.007 0.194 0.010 0.041 0.002 0.005 0.146 0.041 
 160   (0.006) 0.001 0.001 0.001 0.000 0.004 0.004 0.001 0.001 0.001 0.000 0.001 0.005 0.000 0.001 0.002 0.006 

Locus 47 : 47 
7 alleles
9.9% missing data
 149   (0.350) 0.369 0.187 0.347 0.210 0.358 0.355 0.349 0.466 0.511 0.771 0.082 0.351 0.335 0.419 0.298 0.350 
 151   (0.184) 0.169 0.571 0.083 0.206 0.167 0.166 0.199 0.121 0.354 0.087 0.371 0.181 0.012 0.101 0.162 0.184 
 153   (0.191) 0.299 0.135 0.029 0.365 0.192 0.192 0.274 0.107 0.068 0.042 0.179 0.195 0.025 0.410 0.159 0.191 
 147   (0.027) 0.006 0.030 0.004 0.034 0.020 0.024 0.009 0.003 0.007 0.002 0.005 0.025 0.002 0.004 0.064 0.027 
 145   (0.225) 0.153 0.075 0.533 0.182 0.250 0.247 0.164 0.301 0.054 0.041 0.358 0.228 0.625 0.063 0.288 0.225 
 152   (0.006) 0.001 0.001 0.001 0.002 0.003 0.003 0.002 0.001 0.003 0.001 0.001 0.005 0.000 0.001 0.003 0.006 
 143   (0.016) 0.003 0.002 0.002 0.000 0.010 0.013 0.004 0.001 0.003 0.057 0.003 0.015 0.001 0.002 0.027 0.016 

Values of parameters used in structure:
DATAFILE=temp2.str,	OUTFILE=k16/temp2_k16_run8,	NUMINDS=486,	NUMLOCI=47,	MISSING=-9,	LABEL=1,	POPDATA=1,	POPFLAG=0,	PHENOTYPE=0,	EXTRACOLS=0,	MAXPOPS=16,	BURNIN=500000,	NUMREPS=750000,	USEPOPINFO=0,	INFERALPHA=1,	INFERLAMBDA=0,	POPSPECIFICLAMBDA=0,	POPALPHAS=0,	COMPUTEPROB=1,	NOADMIX=0,	ADMBURNIN=500,	UPDATEFREQ=100,	PRINTLIKES=0,	INTERMEDSAVE=0,	PRINTKLD=0,	PRINTNET=1,	PRINTLAMBDA=1,	ANCESTDIST=0,	NUMBOXES=1000,	ANCESTPINT=0.90000,	GENSBACK=2,	MIGRPRIOR=0.01000,	PRINTQHAT=0,	PRINTQSUM=1,	ALPHA=1.0000,	FREQSCORR=1,	FPRIORMEAN=0.0100,	FPRIORSD=0.0500,	ONEFST=0,	LAMBDA=1.0000,	UNIFPRIORALPHA=1,	ALPHAMAX=10.0000,	ALPHAPRIORA=1.0000,	ALPHAPRIORB=2.0000,	ALPHAPROPSD=0.0250,	STARTATPOPINFO=0,	RANDOMIZE=0,	LINKAGE=0,	METROFREQ=10,	REPORTHITRATE=0,	MARKOVPHASE=0,	PHASED=1,	PLOIDY=2,	PHASEINFO=0	LOCPRIOR=0, 	LOCPRIORINIT=1.000000, 	LOCDATA=0, 	LOCISPOP=1, 	LOCPRIORSTEP=0.100000, 	MAXLOCPRIOR=20.000000, 	SEED=583781,	
[STRAT parameters]:    NUMSIMSTATS=1000,	PHENOTYPECOL=-9,	POOLFREQ=10,	LOCUSxONLY=0,	EMERROR=0.00100,	MISSINGPHENO=-9,	