

----------------------------------------------------
STRUCTURE by Pritchard, Stephens and Donnelly (2000)
     and Falush, Stephens and Pritchard (2003)
       Code by Pritchard, Falush and Hubisz
             Version 2.3.4 (Jul 2012)
----------------------------------------------------



Command line arguments:   structure -D 329015 -K 16 -m mainparams -o k16/temp2_k16_run2 
Input File:    temp2.str

Run parameters:
   486 individuals
   47 loci
   16 populations assumed
   500000 Burn-in period
   750000 Reps
RANDOMIZE turned off


--------------------------------------------
Proportion of membership of each pre-defined
 population in each of the 16 clusters

Given    Inferred Clusters                                                                                                  Number of
 Pop       1      2      3      4      5      6      7      8      9     10     11     12     13     14     15     16      Individuals

  1:     0.010  0.003  0.006  0.009  0.010  0.009  0.845  0.009  0.010  0.004  0.010  0.008  0.035  0.012  0.010  0.009       63
  2:     0.012  0.003  0.010  0.013  0.015  0.011  0.851  0.009  0.007  0.006  0.009  0.007  0.011  0.014  0.011  0.011       20
  3:     0.003  0.936  0.006  0.004  0.005  0.004  0.003  0.004  0.004  0.007  0.004  0.004  0.004  0.004  0.004  0.003       36
  4:     0.011  0.003  0.008  0.019  0.020  0.017  0.696  0.010  0.016  0.004  0.015  0.006  0.113  0.036  0.017  0.010       21
  5:     0.008  0.003  0.007  0.006  0.007  0.007  0.368  0.007  0.008  0.003  0.006  0.005  0.530  0.012  0.008  0.014       31
  6:     0.006  0.004  0.005  0.009  0.008  0.009  0.878  0.010  0.007  0.005  0.015  0.004  0.016  0.006  0.007  0.012       21
  7:     0.014  0.005  0.024  0.016  0.020  0.015  0.011  0.024  0.018  0.004  0.031  0.011  0.011  0.769  0.019  0.006       25
  8:     0.015  0.092  0.041  0.036  0.030  0.041  0.452  0.015  0.036  0.009  0.025  0.009  0.131  0.020  0.033  0.013        8
  9:     0.010  0.002  0.004  0.008  0.009  0.007  0.541  0.023  0.007  0.005  0.009  0.005  0.018  0.009  0.008  0.334       17
 10:     0.005  0.003  0.005  0.005  0.005  0.005  0.004  0.004  0.005  0.003  0.004  0.935  0.004  0.006  0.005  0.003       29
 11:     0.002  0.006  0.002  0.003  0.003  0.003  0.002  0.002  0.002  0.962  0.002  0.002  0.002  0.002  0.003  0.003        9
 12:     0.018  0.018  0.026  0.156  0.170  0.151  0.010  0.022  0.100  0.009  0.077  0.014  0.015  0.054  0.150  0.009       26
 13:     0.044  0.013  0.050  0.091  0.106  0.103  0.013  0.143  0.135  0.009  0.108  0.012  0.013  0.026  0.125  0.012       74
 14:     0.095  0.012  0.069  0.072  0.068  0.072  0.018  0.295  0.072  0.007  0.098  0.014  0.013  0.019  0.067  0.009       35
 15:     0.304  0.007  0.014  0.038  0.046  0.029  0.030  0.220  0.058  0.009  0.153  0.008  0.013  0.023  0.043  0.007       24
 16:     0.026  0.022  0.011  0.149  0.165  0.148  0.025  0.026  0.121  0.009  0.066  0.026  0.012  0.035  0.153  0.007       43
 17:     0.010  0.006  0.013  0.223  0.148  0.196  0.013  0.014  0.095  0.002  0.069  0.009  0.012  0.011  0.130  0.048        4
--------------------------------------------

Allele-freq. divergence among pops (Net nucleotide distance),
computed using point estimates of P.

      1       2       3       4       5       6       7       8       9      10      11      12      13      14      15      16      
 1      -    0.1291  0.0728  0.0298  0.0281  0.0307  0.0623  0.0297  0.0295  0.1368  0.0271  0.0778  0.0665  0.0436  0.0294  0.1519  
 2   0.1291     -    0.1316  0.0835  0.0812  0.0837  0.1460  0.1299  0.0894  0.1135  0.1018  0.1230  0.1391  0.1055  0.0834  0.2162  
 3   0.0728  0.1316     -    0.0494  0.0475  0.0511  0.0766  0.0650  0.0524  0.1675  0.0508  0.1055  0.0798  0.0600  0.0498  0.1517  
 4   0.0298  0.0835  0.0494     -    0.0006  0.0004  0.0322  0.0216  0.0042  0.1012  0.0106  0.0556  0.0397  0.0217  0.0019  0.1041  
 5   0.0281  0.0812  0.0475  0.0006     -    0.0010  0.0306  0.0203  0.0030  0.0977  0.0092  0.0533  0.0385  0.0186  0.0009  0.1019  
 6   0.0307  0.0837  0.0511  0.0004  0.0010     -    0.0321  0.0229  0.0031  0.1011  0.0115  0.0563  0.0398  0.0220  0.0014  0.1057  
 7   0.0623  0.1460  0.0766  0.0322  0.0306  0.0321     -    0.0456  0.0315  0.1452  0.0410  0.0812  0.0413  0.0453  0.0302  0.1054  
 8   0.0297  0.1299  0.0650  0.0216  0.0203  0.0229  0.0456     -    0.0214  0.1313  0.0195  0.0763  0.0662  0.0415  0.0211  0.1212  
 9   0.0295  0.0894  0.0524  0.0042  0.0030  0.0031  0.0315  0.0214     -    0.1060  0.0083  0.0596  0.0428  0.0216  0.0009  0.1054  
10   0.1368  0.1135  0.1675  0.1012  0.0977  0.1011  0.1452  0.1313  0.1060     -    0.1172  0.1339  0.1442  0.1075  0.1002  0.2027  
11   0.0271  0.1018  0.0508  0.0106  0.0092  0.0115  0.0410  0.0195  0.0083  0.1172     -    0.0657  0.0526  0.0304  0.0095  0.1178  
12   0.0778  0.1230  0.1055  0.0556  0.0533  0.0563  0.0812  0.0763  0.0596  0.1339  0.0657     -    0.0948  0.0614  0.0557  0.1606  
13   0.0665  0.1391  0.0798  0.0397  0.0385  0.0398  0.0413  0.0662  0.0428  0.1442  0.0526  0.0948     -    0.0573  0.0395  0.1351  
14   0.0436  0.1055  0.0600  0.0217  0.0186  0.0220  0.0453  0.0415  0.0216  0.1075  0.0304  0.0614  0.0573     -    0.0189  0.1225  
15   0.0294  0.0834  0.0498  0.0019  0.0009  0.0014  0.0302  0.0211  0.0009  0.1002  0.0095  0.0557  0.0395  0.0189     -    0.1023  
16   0.1519  0.2162  0.1517  0.1041  0.1019  0.1057  0.1054  0.1212  0.1054  0.2027  0.1178  0.1606  0.1351  0.1225  0.1023     -    

Average distances (expected heterozygosity) between individuals in same cluster:
cluster  1  : 0.5612 
cluster  2  : 0.6315 
cluster  3  : 0.5370 
cluster  4  : 0.6364 
cluster  5  : 0.6450 
cluster  6  : 0.6318 
cluster  7  : 0.5376 
cluster  8  : 0.5589 
cluster  9  : 0.6226 
cluster 10  : 0.5324 
cluster 11  : 0.6039 
cluster 12  : 0.5438 
cluster 13  : 0.5375 
cluster 14  : 0.5945 
cluster 15  : 0.6375 
cluster 16  : 0.4318 

--------------------------------------------
Estimated Ln Prob of Data   = -52758.7
Mean value of ln likelihood = -50144.4
Variance of ln likelihood   = 5228.7
Mean value of alpha         = 0.0341

Mean value of Fst_1         = 0.1563
Mean value of Fst_2         = 0.1896
Mean value of Fst_3         = 0.2442
Mean value of Fst_4         = 0.0459
Mean value of Fst_5         = 0.0119
Mean value of Fst_6         = 0.0540
Mean value of Fst_7         = 0.1446
Mean value of Fst_8         = 0.1148
Mean value of Fst_9         = 0.0596
Mean value of Fst_10         = 0.3108
Mean value of Fst_11         = 0.0853
Mean value of Fst_12         = 0.2152
Mean value of Fst_13         = 0.1816
Mean value of Fst_14         = 0.0949
Mean value of Fst_15         = 0.0270
Mean value of Fst_16         = 0.4113


Inferred ancestry of individuals:
        Label (%Miss) Pop:  Inferred clusters
  1      221    (0)    1 :  0.007 0.003 0.003 0.008 0.007 0.008 0.901 0.009 0.008 0.003 0.006 0.002 0.008 0.017 0.007 0.004 
  2      222    (0)    1 :  0.003 0.004 0.011 0.010 0.010 0.010 0.404 0.008 0.007 0.004 0.007 0.009 0.491 0.007 0.009 0.006 
  3      223    (0)    1 :  0.005 0.006 0.006 0.010 0.010 0.012 0.868 0.010 0.019 0.003 0.011 0.003 0.007 0.009 0.015 0.008 
  4      224    (0)    1 :  0.002 0.001 0.004 0.003 0.003 0.003 0.954 0.003 0.003 0.001 0.002 0.005 0.005 0.004 0.003 0.005 
  5      225    (0)    1 :  0.003 0.002 0.004 0.006 0.006 0.006 0.937 0.004 0.005 0.002 0.004 0.003 0.006 0.003 0.006 0.004 
  6      226    (0)    1 :  0.002 0.001 0.007 0.004 0.005 0.005 0.927 0.003 0.008 0.006 0.004 0.002 0.003 0.013 0.007 0.004 
  7      227    (0)    1 :  0.004 0.007 0.004 0.009 0.011 0.010 0.850 0.005 0.014 0.016 0.007 0.005 0.003 0.037 0.013 0.005 
  8      228    (0)    1 :  0.004 0.004 0.009 0.011 0.009 0.010 0.864 0.030 0.009 0.003 0.010 0.005 0.006 0.006 0.008 0.012 
  9      234    (0)    1 :  0.004 0.001 0.004 0.004 0.004 0.004 0.942 0.005 0.004 0.002 0.004 0.002 0.008 0.003 0.004 0.004 
 10      235    (0)    1 :  0.002 0.001 0.002 0.004 0.004 0.003 0.950 0.003 0.003 0.004 0.003 0.002 0.009 0.004 0.003 0.004 
 11      236    (0)    1 :  0.002 0.001 0.002 0.002 0.003 0.003 0.953 0.002 0.003 0.002 0.002 0.002 0.003 0.004 0.003 0.014 
 12      237    (0)    1 :  0.004 0.002 0.004 0.004 0.004 0.004 0.942 0.004 0.005 0.002 0.006 0.002 0.008 0.003 0.004 0.002 
 13      238    (0)    1 :  0.006 0.006 0.004 0.008 0.010 0.008 0.840 0.005 0.009 0.003 0.012 0.011 0.040 0.025 0.010 0.003 
 14      239    (0)    1 :  0.009 0.002 0.007 0.025 0.027 0.026 0.680 0.016 0.032 0.007 0.013 0.014 0.013 0.075 0.029 0.025 
 15      240    (0)    1 :  0.004 0.001 0.003 0.004 0.003 0.003 0.946 0.003 0.003 0.002 0.003 0.002 0.005 0.006 0.003 0.006 
 16      242    (0)    1 :  0.008 0.001 0.007 0.040 0.095 0.049 0.302 0.019 0.083 0.001 0.031 0.002 0.251 0.011 0.095 0.003 
 17      243    (0)    1 :  0.006 0.002 0.008 0.012 0.015 0.010 0.834 0.005 0.013 0.016 0.010 0.014 0.014 0.021 0.014 0.006 
 18      244    (0)    1 :  0.003 0.003 0.003 0.008 0.008 0.010 0.885 0.002 0.011 0.012 0.004 0.003 0.014 0.022 0.010 0.002 
 19      245    (0)    1 :  0.020 0.024 0.007 0.013 0.015 0.012 0.777 0.009 0.012 0.009 0.017 0.007 0.004 0.013 0.013 0.048 
 20      246    (0)    1 :  0.002 0.003 0.003 0.005 0.005 0.004 0.940 0.003 0.004 0.005 0.003 0.003 0.011 0.003 0.004 0.003 
 21      248    (0)    1 :  0.004 0.003 0.002 0.007 0.007 0.007 0.867 0.004 0.007 0.003 0.006 0.020 0.042 0.005 0.007 0.009 
 22      249    (0)    1 :  0.002 0.001 0.004 0.002 0.002 0.002 0.965 0.002 0.002 0.001 0.002 0.002 0.002 0.004 0.002 0.002 
 23      250    (0)    1 :  0.006 0.006 0.006 0.014 0.015 0.014 0.841 0.013 0.012 0.006 0.018 0.009 0.005 0.009 0.013 0.013 
 24      251    (0)    1 :  0.006 0.001 0.002 0.005 0.005 0.005 0.912 0.012 0.006 0.004 0.008 0.003 0.016 0.004 0.005 0.005 
 25      252    (0)    1 :  0.010 0.002 0.009 0.008 0.008 0.007 0.856 0.010 0.009 0.001 0.017 0.039 0.004 0.007 0.008 0.005 
 26      253    (0)    1 :  0.003 0.015 0.004 0.019 0.025 0.018 0.817 0.004 0.022 0.003 0.010 0.022 0.003 0.008 0.023 0.006 
 27      254    (0)    1 :  0.005 0.002 0.003 0.006 0.005 0.007 0.932 0.003 0.006 0.002 0.005 0.003 0.004 0.008 0.006 0.004 
 28      255    (0)    1 :  0.006 0.003 0.004 0.019 0.018 0.019 0.550 0.011 0.013 0.003 0.008 0.006 0.254 0.054 0.015 0.016 
 29      256    (0)    1 :  0.004 0.004 0.012 0.009 0.010 0.007 0.859 0.005 0.008 0.002 0.009 0.002 0.054 0.004 0.009 0.002 
 30      257    (0)    1 :  0.011 0.002 0.003 0.009 0.009 0.009 0.878 0.010 0.011 0.003 0.009 0.010 0.007 0.020 0.009 0.003 
 31      258    (0)    1 :  0.013 0.005 0.003 0.010 0.011 0.007 0.858 0.010 0.009 0.002 0.010 0.003 0.027 0.012 0.010 0.009 
 32      259    (0)    1 :  0.017 0.002 0.005 0.025 0.013 0.025 0.863 0.005 0.009 0.002 0.007 0.003 0.009 0.005 0.009 0.002 
 33      260    (0)    1 :  0.003 0.002 0.003 0.005 0.007 0.005 0.821 0.005 0.005 0.006 0.006 0.070 0.005 0.028 0.006 0.023 
 34      261    (0)    1 :  0.115 0.002 0.005 0.011 0.013 0.010 0.725 0.015 0.016 0.002 0.044 0.008 0.005 0.015 0.011 0.003 
 35      262    (0)    1 :  0.002 0.001 0.003 0.002 0.002 0.002 0.964 0.003 0.002 0.001 0.002 0.002 0.006 0.002 0.002 0.002 
 36      263    (0)    1 :  0.004 0.003 0.005 0.005 0.006 0.004 0.859 0.003 0.005 0.005 0.006 0.025 0.014 0.044 0.006 0.005 
 37      264    (0)    1 :  0.008 0.001 0.013 0.004 0.005 0.004 0.923 0.004 0.004 0.001 0.005 0.003 0.010 0.006 0.004 0.003 
 38      265    (0)    1 :  0.007 0.001 0.005 0.006 0.006 0.005 0.868 0.005 0.004 0.002 0.004 0.037 0.018 0.019 0.005 0.007 
 39      266    (0)    1 :  0.002 0.001 0.002 0.003 0.003 0.003 0.957 0.003 0.003 0.001 0.003 0.002 0.005 0.002 0.003 0.005 
 40      267    (0)    1 :  0.003 0.001 0.003 0.003 0.003 0.003 0.940 0.003 0.004 0.002 0.002 0.001 0.022 0.003 0.004 0.002 
 41      268    (0)    1 :  0.004 0.001 0.004 0.006 0.007 0.005 0.874 0.005 0.007 0.008 0.009 0.050 0.003 0.006 0.007 0.003 
 42      269    (0)    1 :  0.006 0.001 0.002 0.003 0.003 0.003 0.935 0.003 0.004 0.001 0.003 0.002 0.007 0.004 0.003 0.019 
 43      270    (0)    1 :  0.003 0.001 0.020 0.003 0.003 0.003 0.933 0.004 0.004 0.002 0.003 0.002 0.004 0.006 0.004 0.003 
 44      271    (0)    1 :  0.026 0.006 0.008 0.024 0.027 0.023 0.693 0.008 0.020 0.003 0.027 0.010 0.011 0.012 0.025 0.077 
 45      272    (0)    1 :  0.093 0.001 0.019 0.029 0.032 0.024 0.277 0.009 0.015 0.006 0.014 0.004 0.433 0.008 0.022 0.013 
 46      273    (0)    1 :  0.010 0.004 0.018 0.015 0.013 0.014 0.808 0.016 0.015 0.002 0.009 0.002 0.013 0.039 0.013 0.010 
 47      274    (0)    1 :  0.014 0.002 0.003 0.005 0.005 0.005 0.916 0.006 0.005 0.003 0.006 0.006 0.004 0.009 0.005 0.006 
 48      275    (2)    1 :  0.003 0.002 0.003 0.004 0.004 0.004 0.939 0.005 0.005 0.002 0.003 0.002 0.009 0.006 0.004 0.003 
 49      276    (0)    1 :  0.009 0.001 0.004 0.006 0.006 0.007 0.916 0.006 0.006 0.002 0.009 0.004 0.006 0.005 0.007 0.005 
 50      277    (0)    1 :  0.009 0.001 0.007 0.012 0.010 0.009 0.794 0.046 0.019 0.001 0.055 0.002 0.003 0.008 0.012 0.012 
 51      278    (0)    1 :  0.012 0.001 0.002 0.013 0.010 0.014 0.823 0.017 0.018 0.007 0.044 0.005 0.015 0.006 0.009 0.005 
 52      279    (0)    1 :  0.004 0.002 0.005 0.017 0.012 0.016 0.877 0.006 0.011 0.002 0.010 0.003 0.017 0.006 0.011 0.003 
 53      280    (0)    1 :  0.010 0.002 0.004 0.012 0.012 0.012 0.791 0.025 0.011 0.002 0.013 0.005 0.007 0.018 0.012 0.065 
 54      287    (0)    1 :  0.006 0.003 0.006 0.015 0.016 0.013 0.868 0.010 0.010 0.004 0.011 0.006 0.004 0.012 0.013 0.003 
 55      290    (0)    1 :  0.013 0.002 0.015 0.015 0.012 0.015 0.789 0.010 0.010 0.006 0.009 0.003 0.077 0.010 0.010 0.006 
 56      291    (0)    1 :  0.010 0.002 0.004 0.015 0.010 0.015 0.849 0.032 0.008 0.003 0.013 0.006 0.003 0.007 0.008 0.014 
 57      295    (0)    1 :  0.006 0.001 0.003 0.004 0.004 0.003 0.924 0.027 0.004 0.001 0.005 0.003 0.006 0.004 0.004 0.003 
 58      296    (0)    1 :  0.003 0.002 0.010 0.004 0.004 0.005 0.929 0.003 0.006 0.003 0.005 0.004 0.008 0.004 0.006 0.005 
 59      872    (2)    1 :  0.004 0.005 0.005 0.005 0.006 0.005 0.836 0.004 0.004 0.007 0.006 0.007 0.091 0.005 0.005 0.004 
 60      873    (4)    1 :  0.003 0.003 0.020 0.013 0.018 0.013 0.832 0.003 0.010 0.004 0.010 0.003 0.031 0.013 0.014 0.010 
 61      874    (2)    1 :  0.009 0.001 0.004 0.005 0.004 0.006 0.915 0.007 0.008 0.001 0.014 0.002 0.011 0.005 0.005 0.002 
 62      875    (0)    1 :  0.004 0.004 0.003 0.005 0.006 0.005 0.908 0.005 0.005 0.017 0.004 0.002 0.015 0.006 0.006 0.005 
 63      876    (6)    1 :  0.007 0.002 0.004 0.007 0.008 0.009 0.868 0.013 0.014 0.001 0.012 0.011 0.005 0.022 0.011 0.005 
 64      212    (0)   10 :  0.003 0.002 0.002 0.003 0.003 0.003 0.002 0.004 0.003 0.001 0.003 0.961 0.003 0.002 0.003 0.002 
 65      213    (0)   10 :  0.003 0.002 0.003 0.004 0.004 0.004 0.004 0.007 0.006 0.003 0.006 0.936 0.002 0.003 0.005 0.008 
 66      214    (0)   10 :  0.007 0.003 0.002 0.005 0.005 0.006 0.004 0.002 0.006 0.001 0.005 0.935 0.006 0.006 0.005 0.002 
 67      215    (0)   10 :  0.003 0.002 0.003 0.004 0.004 0.004 0.005 0.008 0.004 0.004 0.004 0.941 0.004 0.004 0.004 0.003 
 68      216    (0)   10 :  0.003 0.001 0.004 0.003 0.003 0.003 0.004 0.005 0.003 0.002 0.004 0.953 0.002 0.003 0.003 0.004 
 69      217    (0)   10 :  0.005 0.002 0.006 0.005 0.005 0.006 0.004 0.004 0.007 0.002 0.004 0.932 0.004 0.003 0.006 0.004 
 70      218    (0)   10 :  0.003 0.003 0.004 0.003 0.003 0.003 0.003 0.003 0.003 0.002 0.003 0.959 0.002 0.003 0.003 0.002 
 71      332    (0)   10 :  0.010 0.002 0.034 0.006 0.007 0.007 0.009 0.008 0.010 0.005 0.008 0.859 0.007 0.015 0.008 0.003 
 72      333    (0)   10 :  0.008 0.008 0.006 0.010 0.013 0.011 0.010 0.007 0.009 0.010 0.006 0.845 0.013 0.027 0.012 0.004 
 73      334    (0)   10 :  0.004 0.002 0.007 0.004 0.004 0.004 0.007 0.004 0.005 0.003 0.005 0.932 0.002 0.007 0.005 0.003 
 74      335    (0)   10 :  0.005 0.002 0.002 0.003 0.003 0.003 0.002 0.004 0.003 0.002 0.003 0.961 0.002 0.003 0.003 0.001 
 75      336    (0)   10 :  0.002 0.002 0.003 0.002 0.003 0.002 0.003 0.002 0.002 0.014 0.003 0.945 0.005 0.005 0.003 0.004 
 76      337    (0)   10 :  0.003 0.003 0.002 0.005 0.005 0.005 0.009 0.003 0.005 0.002 0.003 0.930 0.008 0.010 0.005 0.002 
 77      673    (0)   10 :  0.002 0.001 0.001 0.001 0.001 0.001 0.002 0.002 0.001 0.001 0.001 0.979 0.001 0.002 0.001 0.001 
 78      674    (0)   10 :  0.005 0.002 0.008 0.005 0.006 0.005 0.003 0.003 0.004 0.002 0.004 0.937 0.005 0.005 0.005 0.002 
 79      675    (0)   10 :  0.003 0.002 0.003 0.004 0.004 0.004 0.003 0.006 0.004 0.004 0.005 0.942 0.002 0.005 0.004 0.004 
 80      676    (0)   10 :  0.006 0.002 0.005 0.004 0.004 0.005 0.003 0.008 0.006 0.001 0.006 0.933 0.002 0.006 0.005 0.001 
 81      677    (0)   10 :  0.004 0.002 0.002 0.004 0.004 0.004 0.006 0.003 0.004 0.003 0.003 0.949 0.003 0.004 0.004 0.002 
 82      678    (0)   10 :  0.006 0.004 0.002 0.012 0.010 0.011 0.007 0.009 0.007 0.004 0.006 0.894 0.012 0.003 0.008 0.004 
 83      679    (0)   10 :  0.004 0.025 0.015 0.007 0.007 0.006 0.004 0.002 0.006 0.002 0.005 0.903 0.002 0.006 0.006 0.001 
 84      680    (0)   10 :  0.009 0.002 0.007 0.005 0.005 0.005 0.004 0.006 0.005 0.005 0.007 0.918 0.003 0.012 0.005 0.003 
 85      681    (0)   10 :  0.003 0.002 0.004 0.005 0.005 0.006 0.006 0.005 0.006 0.002 0.005 0.933 0.003 0.006 0.006 0.002 
 86      682    (0)   10 :  0.002 0.002 0.002 0.002 0.002 0.002 0.002 0.002 0.002 0.004 0.002 0.966 0.002 0.002 0.002 0.003 
 87      683    (0)   10 :  0.004 0.002 0.006 0.005 0.006 0.005 0.005 0.004 0.004 0.002 0.005 0.932 0.003 0.007 0.005 0.004 
 88      684    (0)   10 :  0.007 0.002 0.003 0.006 0.005 0.006 0.002 0.004 0.004 0.003 0.005 0.937 0.003 0.006 0.004 0.002 
 89      685    (0)   10 :  0.003 0.004 0.003 0.006 0.006 0.006 0.003 0.003 0.005 0.003 0.004 0.932 0.006 0.009 0.005 0.003 
 90      686    (0)   10 :  0.002 0.004 0.002 0.002 0.002 0.002 0.002 0.002 0.002 0.003 0.002 0.965 0.002 0.003 0.002 0.002 
 91      687    (0)   10 :  0.002 0.001 0.002 0.002 0.002 0.002 0.002 0.004 0.002 0.002 0.002 0.967 0.002 0.004 0.002 0.002 
 92      688    (0)   10 :  0.015 0.001 0.004 0.003 0.004 0.003 0.007 0.004 0.004 0.002 0.005 0.932 0.004 0.005 0.003 0.003 
 93      070    (0)   11 :  0.003 0.008 0.002 0.004 0.005 0.004 0.002 0.002 0.003 0.950 0.003 0.002 0.003 0.003 0.004 0.001 
 94      071    (0)   11 :  0.003 0.001 0.002 0.003 0.003 0.003 0.002 0.003 0.003 0.954 0.003 0.005 0.002 0.004 0.003 0.006 
 95      072    (0)   11 :  0.002 0.005 0.001 0.002 0.002 0.002 0.001 0.002 0.002 0.970 0.002 0.001 0.002 0.002 0.002 0.003 
 96      151    (0)   11 :  0.002 0.002 0.001 0.001 0.001 0.001 0.001 0.002 0.001 0.978 0.002 0.001 0.001 0.002 0.001 0.001 
 97      152    (0)   11 :  0.004 0.002 0.002 0.006 0.006 0.005 0.003 0.004 0.004 0.944 0.003 0.002 0.002 0.004 0.005 0.005 
 98      153    (2)   11 :  0.001 0.002 0.001 0.001 0.001 0.002 0.001 0.001 0.001 0.979 0.001 0.001 0.002 0.002 0.001 0.001 
 99      788    (4)   11 :  0.003 0.028 0.001 0.003 0.003 0.002 0.002 0.003 0.002 0.937 0.003 0.002 0.001 0.002 0.003 0.003 
100      789    (2)   11 :  0.002 0.002 0.001 0.002 0.002 0.002 0.002 0.002 0.002 0.970 0.002 0.003 0.002 0.002 0.002 0.002 
101      790    (0)   11 :  0.001 0.001 0.001 0.002 0.002 0.002 0.002 0.002 0.002 0.973 0.001 0.001 0.002 0.002 0.002 0.003 
102      010    (0)   12 :  0.004 0.012 0.007 0.249 0.152 0.304 0.005 0.006 0.058 0.002 0.045 0.004 0.007 0.010 0.128 0.008 
103      024    (0)   12 :  0.042 0.042 0.007 0.124 0.322 0.093 0.006 0.010 0.046 0.006 0.042 0.009 0.006 0.010 0.230 0.005 
104      051    (0)   12 :  0.005 0.048 0.005 0.151 0.142 0.137 0.005 0.006 0.051 0.013 0.035 0.008 0.008 0.261 0.123 0.004 
105      090    (0)   12 :  0.010 0.022 0.012 0.126 0.224 0.124 0.007 0.014 0.103 0.007 0.053 0.005 0.008 0.059 0.223 0.003 
106      102    (0)   12 :  0.014 0.002 0.011 0.116 0.143 0.078 0.028 0.089 0.131 0.002 0.188 0.003 0.034 0.018 0.138 0.004 
107      111    (0)   12 :  0.029 0.004 0.005 0.205 0.162 0.187 0.005 0.006 0.077 0.002 0.058 0.004 0.025 0.011 0.155 0.068 
108      113    (0)   12 :  0.058 0.005 0.008 0.217 0.135 0.222 0.006 0.020 0.073 0.006 0.039 0.005 0.035 0.087 0.081 0.003 
109      138    (0)   12 :  0.007 0.006 0.003 0.053 0.090 0.153 0.009 0.012 0.287 0.047 0.023 0.076 0.003 0.017 0.212 0.002 
110      150    (0)   12 :  0.022 0.027 0.007 0.021 0.029 0.025 0.017 0.077 0.131 0.015 0.486 0.004 0.008 0.069 0.060 0.002 
111      173    (2)   12 :  0.034 0.017 0.035 0.099 0.271 0.079 0.005 0.015 0.035 0.021 0.034 0.011 0.006 0.169 0.161 0.007 
112      174    (2)   12 :  0.015 0.027 0.005 0.201 0.088 0.267 0.007 0.003 0.186 0.022 0.026 0.003 0.026 0.014 0.104 0.004 
113      175    (0)   12 :  0.005 0.066 0.005 0.234 0.208 0.146 0.003 0.008 0.045 0.006 0.063 0.003 0.013 0.028 0.165 0.002 
114      176    (0)   12 :  0.008 0.004 0.003 0.296 0.177 0.271 0.015 0.005 0.031 0.005 0.070 0.010 0.017 0.007 0.076 0.007 
115      177    (0)   12 :  0.048 0.009 0.004 0.156 0.147 0.131 0.003 0.008 0.057 0.003 0.044 0.002 0.009 0.251 0.125 0.002 
116      180    (0)   12 :  0.006 0.002 0.004 0.164 0.141 0.146 0.026 0.005 0.093 0.004 0.039 0.007 0.115 0.128 0.115 0.004 
117      184    (0)   12 :  0.016 0.010 0.043 0.090 0.108 0.120 0.006 0.018 0.245 0.015 0.098 0.006 0.004 0.015 0.202 0.004 
118      195    (0)   12 :  0.009 0.007 0.006 0.222 0.215 0.189 0.005 0.011 0.064 0.005 0.052 0.014 0.003 0.014 0.151 0.034 
119      198    (0)   12 :  0.005 0.009 0.003 0.124 0.172 0.168 0.011 0.007 0.170 0.003 0.042 0.007 0.015 0.020 0.209 0.034 
120      203    (0)   12 :  0.011 0.002 0.010 0.196 0.196 0.212 0.008 0.007 0.070 0.009 0.078 0.005 0.009 0.010 0.174 0.003 
121      211    (0)   12 :  0.031 0.003 0.004 0.226 0.201 0.199 0.023 0.011 0.039 0.003 0.063 0.075 0.004 0.008 0.108 0.003 
122      220    (0)   12 :  0.049 0.005 0.011 0.112 0.144 0.092 0.004 0.026 0.123 0.002 0.191 0.010 0.009 0.074 0.140 0.008 
123      233    (0)   12 :  0.019 0.002 0.026 0.116 0.228 0.092 0.009 0.190 0.047 0.005 0.038 0.045 0.004 0.019 0.159 0.002 
124      331    (0)   12 :  0.011 0.027 0.008 0.180 0.205 0.185 0.005 0.005 0.076 0.007 0.051 0.005 0.006 0.034 0.186 0.008 
125      349    (0)   12 :  0.005 0.098 0.442 0.090 0.087 0.050 0.008 0.013 0.042 0.009 0.028 0.006 0.010 0.041 0.066 0.006 
126      410    (0)   12 :  0.007 0.005 0.005 0.122 0.283 0.118 0.008 0.003 0.142 0.003 0.040 0.024 0.010 0.016 0.213 0.003 
127      417    (2)   12 :  0.004 0.005 0.008 0.165 0.155 0.132 0.028 0.008 0.177 0.002 0.087 0.005 0.008 0.006 0.202 0.007 
128      421    (0)   13 :  0.010 0.001 0.008 0.007 0.007 0.008 0.008 0.859 0.007 0.002 0.007 0.005 0.003 0.005 0.007 0.056 
129      423    (0)   13 :  0.004 0.008 0.024 0.247 0.205 0.185 0.005 0.004 0.071 0.008 0.065 0.003 0.010 0.010 0.148 0.003 
130      424    (0)   13 :  0.018 0.011 0.008 0.096 0.097 0.078 0.015 0.006 0.115 0.002 0.028 0.002 0.030 0.372 0.115 0.005 
131      433    (0)   13 :  0.031 0.008 0.004 0.094 0.063 0.061 0.004 0.179 0.212 0.002 0.219 0.015 0.004 0.008 0.094 0.003 
132      462    (0)   13 :  0.018 0.005 0.013 0.176 0.154 0.143 0.007 0.097 0.088 0.002 0.060 0.021 0.009 0.083 0.119 0.007 
133      463    (0)   13 :  0.008 0.028 0.061 0.182 0.212 0.161 0.013 0.007 0.087 0.003 0.043 0.004 0.006 0.008 0.157 0.020 
134      467    (0)   13 :  0.234 0.008 0.019 0.018 0.020 0.015 0.029 0.394 0.041 0.007 0.159 0.011 0.006 0.016 0.019 0.004 
135      468    (0)   13 :  0.012 0.002 0.772 0.007 0.008 0.007 0.016 0.096 0.010 0.003 0.018 0.002 0.007 0.007 0.007 0.025 
136      469    (0)   13 :  0.049 0.002 0.003 0.134 0.101 0.071 0.047 0.170 0.159 0.002 0.115 0.002 0.008 0.005 0.103 0.029 
137      472    (0)   13 :  0.004 0.024 0.006 0.165 0.307 0.175 0.007 0.033 0.036 0.004 0.039 0.007 0.002 0.009 0.166 0.015 
138      473    (0)   13 :  0.012 0.011 0.804 0.025 0.027 0.023 0.003 0.006 0.023 0.003 0.013 0.007 0.004 0.007 0.028 0.005 
139      474    (0)   13 :  0.008 0.001 0.097 0.006 0.004 0.003 0.007 0.017 0.140 0.001 0.690 0.007 0.003 0.004 0.009 0.002 
140      475    (0)   13 :  0.025 0.016 0.024 0.112 0.087 0.118 0.004 0.369 0.061 0.003 0.059 0.003 0.006 0.009 0.103 0.003 
141      476    (2)   13 :  0.027 0.012 0.103 0.006 0.008 0.006 0.003 0.006 0.131 0.009 0.662 0.010 0.005 0.004 0.005 0.002 
142      477    (0)   13 :  0.007 0.010 0.012 0.180 0.182 0.100 0.007 0.019 0.172 0.005 0.107 0.018 0.005 0.007 0.165 0.003 
143      478    (0)   13 :  0.221 0.003 0.004 0.129 0.190 0.091 0.012 0.018 0.061 0.002 0.049 0.002 0.054 0.016 0.146 0.003 
144      479    (0)   13 :  0.004 0.002 0.005 0.012 0.013 0.072 0.013 0.107 0.218 0.003 0.374 0.003 0.005 0.010 0.146 0.014 
145      480    (0)   13 :  0.017 0.002 0.015 0.006 0.006 0.006 0.003 0.911 0.007 0.002 0.008 0.002 0.004 0.005 0.006 0.001 
146      481    (0)   13 :  0.008 0.008 0.017 0.121 0.205 0.122 0.006 0.027 0.132 0.040 0.099 0.003 0.011 0.012 0.184 0.004 
147      482    (0)   13 :  0.153 0.005 0.004 0.139 0.131 0.158 0.004 0.024 0.082 0.002 0.026 0.053 0.005 0.018 0.111 0.086 
148      489    (0)   13 :  0.016 0.031 0.025 0.227 0.190 0.172 0.004 0.029 0.063 0.004 0.057 0.014 0.006 0.007 0.149 0.006 
149      490    (0)   13 :  0.021 0.006 0.003 0.021 0.018 0.170 0.016 0.007 0.451 0.003 0.007 0.003 0.008 0.012 0.248 0.005 
150      491    (0)   13 :  0.009 0.001 0.009 0.091 0.223 0.108 0.005 0.020 0.082 0.009 0.046 0.117 0.004 0.080 0.187 0.008 
151      492    (0)   13 :  0.023 0.008 0.099 0.014 0.015 0.013 0.013 0.008 0.125 0.003 0.611 0.009 0.037 0.007 0.012 0.004 
152      493    (0)   13 :  0.004 0.016 0.006 0.048 0.043 0.030 0.009 0.132 0.135 0.009 0.505 0.006 0.004 0.019 0.029 0.005 
153      494    (0)   13 :  0.010 0.026 0.010 0.063 0.085 0.107 0.004 0.282 0.151 0.024 0.040 0.041 0.004 0.017 0.125 0.012 
154      498    (0)   13 :  0.006 0.011 0.043 0.124 0.255 0.136 0.023 0.010 0.083 0.007 0.097 0.004 0.013 0.007 0.179 0.003 
155      499    (0)   13 :  0.032 0.007 0.006 0.189 0.189 0.197 0.011 0.007 0.066 0.003 0.064 0.007 0.005 0.048 0.164 0.003 
156      709    (0)   13 :  0.019 0.015 0.004 0.122 0.241 0.110 0.009 0.006 0.107 0.073 0.053 0.011 0.009 0.011 0.193 0.018 
157      710    (4)   13 :  0.005 0.074 0.006 0.123 0.076 0.081 0.009 0.321 0.136 0.005 0.072 0.003 0.004 0.003 0.072 0.010 
158      711    (2)   13 :  0.006 0.003 0.006 0.144 0.179 0.137 0.016 0.021 0.080 0.006 0.050 0.004 0.064 0.099 0.160 0.024 
159      712    (4)   13 :  0.006 0.002 0.003 0.009 0.008 0.173 0.006 0.008 0.487 0.002 0.007 0.003 0.007 0.009 0.266 0.004 
160      713    (0)   13 :  0.006 0.026 0.010 0.193 0.231 0.188 0.004 0.003 0.059 0.004 0.053 0.008 0.005 0.008 0.181 0.023 
161      714    (2)   13 :  0.018 0.009 0.043 0.029 0.027 0.022 0.010 0.465 0.060 0.016 0.249 0.002 0.008 0.018 0.019 0.005 
162      715    (4)   13 :  0.108 0.004 0.003 0.019 0.018 0.025 0.036 0.620 0.021 0.013 0.022 0.037 0.015 0.026 0.020 0.014 
163      716    (0)   13 :  0.020 0.002 0.005 0.021 0.018 0.015 0.003 0.242 0.109 0.003 0.527 0.004 0.005 0.005 0.017 0.005 
164      717    (2)   13 :  0.398 0.005 0.011 0.086 0.074 0.091 0.008 0.025 0.054 0.003 0.042 0.010 0.095 0.013 0.076 0.009 
165      718    (4)   13 :  0.005 0.003 0.004 0.024 0.014 0.170 0.011 0.024 0.442 0.002 0.016 0.002 0.006 0.017 0.249 0.009 
166      719    (0)   13 :  0.005 0.002 0.003 0.004 0.003 0.004 0.003 0.955 0.004 0.001 0.004 0.002 0.002 0.002 0.003 0.004 
167      720    (2)   13 :  0.076 0.009 0.012 0.062 0.037 0.029 0.007 0.515 0.095 0.002 0.066 0.014 0.006 0.009 0.051 0.008 
168      721    (0)   13 :  0.024 0.007 0.046 0.077 0.080 0.065 0.004 0.035 0.130 0.032 0.383 0.006 0.005 0.018 0.075 0.013 
169      722    (4)   13 :  0.129 0.002 0.064 0.012 0.007 0.007 0.010 0.645 0.041 0.002 0.037 0.002 0.006 0.006 0.013 0.018 
170      723    (0)   13 :  0.011 0.003 0.002 0.011 0.018 0.012 0.003 0.870 0.011 0.007 0.024 0.005 0.006 0.003 0.014 0.002 
171      724    (0)   13 :  0.021 0.018 0.010 0.012 0.020 0.013 0.014 0.626 0.037 0.005 0.120 0.008 0.011 0.007 0.016 0.060 
172      725    (0)   13 :  0.016 0.020 0.018 0.213 0.246 0.194 0.005 0.025 0.042 0.004 0.037 0.010 0.009 0.013 0.140 0.010 
173      726    (0)   13 :  0.016 0.011 0.037 0.092 0.117 0.075 0.004 0.016 0.159 0.006 0.266 0.005 0.003 0.008 0.177 0.010 
174      727    (0)   13 :  0.016 0.002 0.008 0.133 0.085 0.152 0.005 0.014 0.121 0.010 0.343 0.011 0.003 0.012 0.077 0.008 
175      728    (2)   13 :  0.011 0.006 0.003 0.162 0.232 0.154 0.008 0.010 0.055 0.095 0.067 0.006 0.014 0.011 0.156 0.010 
176      729    (6)   13 :  0.045 0.004 0.003 0.147 0.241 0.091 0.005 0.020 0.138 0.005 0.091 0.004 0.005 0.016 0.182 0.004 
177      730    (2)   13 :  0.032 0.003 0.002 0.052 0.035 0.176 0.010 0.035 0.386 0.007 0.015 0.005 0.009 0.012 0.208 0.012 
178      731    (2)   13 :  0.003 0.004 0.006 0.021 0.019 0.180 0.008 0.005 0.466 0.002 0.008 0.002 0.004 0.005 0.263 0.004 
179      732    (0)   13 :  0.016 0.008 0.009 0.231 0.153 0.186 0.010 0.016 0.064 0.002 0.185 0.005 0.012 0.010 0.086 0.006 
180      733    (0)   13 :  0.026 0.016 0.003 0.148 0.157 0.101 0.013 0.038 0.154 0.004 0.094 0.003 0.010 0.014 0.178 0.040 
181      734    (2)   13 :  0.095 0.039 0.004 0.131 0.141 0.126 0.011 0.007 0.066 0.008 0.066 0.089 0.007 0.089 0.120 0.001 
182      735    (4)   13 :  0.011 0.002 0.051 0.124 0.164 0.150 0.005 0.051 0.120 0.003 0.047 0.008 0.008 0.033 0.215 0.008 
183      736    (2)   13 :  0.007 0.011 0.004 0.171 0.123 0.189 0.004 0.006 0.190 0.017 0.073 0.023 0.004 0.017 0.158 0.003 
184      737    (0)   13 :  0.005 0.003 0.015 0.043 0.049 0.172 0.012 0.003 0.373 0.013 0.023 0.004 0.030 0.017 0.235 0.004 
185      738    (2)   13 :  0.006 0.005 0.004 0.135 0.124 0.175 0.008 0.008 0.215 0.003 0.032 0.005 0.005 0.077 0.196 0.003 
186      739    (8)   13 :  0.012 0.003 0.010 0.035 0.035 0.176 0.008 0.032 0.401 0.015 0.017 0.006 0.004 0.011 0.231 0.004 
187      740    (4)   13 :  0.007 0.006 0.004 0.055 0.059 0.154 0.006 0.089 0.332 0.002 0.032 0.003 0.005 0.003 0.231 0.014 
188      741    (2)   13 :  0.097 0.012 0.028 0.076 0.133 0.103 0.071 0.023 0.120 0.002 0.037 0.027 0.093 0.011 0.136 0.029 
189      742    (4)   13 :  0.007 0.007 0.006 0.107 0.105 0.152 0.013 0.015 0.245 0.006 0.037 0.005 0.019 0.080 0.193 0.002 
190      743    (2)   13 :  0.767 0.002 0.003 0.011 0.011 0.012 0.006 0.070 0.030 0.002 0.046 0.012 0.004 0.007 0.012 0.003 
191      744    (0)   13 :  0.017 0.109 0.004 0.137 0.133 0.112 0.005 0.214 0.049 0.025 0.068 0.005 0.005 0.007 0.105 0.004 
192      745    (0)   13 :  0.040 0.003 0.008 0.070 0.099 0.068 0.050 0.432 0.045 0.014 0.025 0.005 0.025 0.007 0.093 0.016 
193      746    (2)   13 :  0.003 0.005 0.004 0.117 0.159 0.151 0.004 0.010 0.202 0.004 0.038 0.005 0.042 0.010 0.235 0.010 
194      747    (2)   13 :  0.004 0.005 0.016 0.078 0.086 0.164 0.037 0.014 0.278 0.006 0.031 0.023 0.008 0.064 0.181 0.006 
195      748    (0)   13 :  0.004 0.014 0.140 0.068 0.159 0.052 0.102 0.006 0.055 0.006 0.120 0.016 0.031 0.075 0.135 0.017 
196      749    (2)   13 :  0.028 0.145 0.003 0.124 0.178 0.100 0.016 0.012 0.037 0.010 0.029 0.021 0.012 0.112 0.125 0.049 
197      750    (4)   13 :  0.053 0.014 0.005 0.150 0.248 0.139 0.010 0.007 0.091 0.005 0.038 0.005 0.025 0.012 0.192 0.006 
198      751    (0)   13 :  0.023 0.002 0.012 0.141 0.294 0.107 0.011 0.013 0.064 0.016 0.036 0.007 0.008 0.061 0.197 0.009 
199      752    (2)   13 :  0.008 0.002 0.788 0.007 0.006 0.008 0.012 0.096 0.017 0.002 0.028 0.003 0.005 0.006 0.010 0.003 
200      753    (4)   13 :  0.010 0.004 0.062 0.178 0.144 0.163 0.026 0.051 0.075 0.011 0.060 0.031 0.006 0.037 0.126 0.015 
201      754    (2)   13 :  0.010 0.005 0.002 0.006 0.006 0.176 0.003 0.003 0.496 0.003 0.005 0.003 0.003 0.004 0.272 0.002 
202      155    (0)   14 :  0.010 0.010 0.006 0.162 0.296 0.138 0.023 0.008 0.038 0.004 0.049 0.032 0.006 0.008 0.202 0.006 
203      156    (2)   14 :  0.035 0.011 0.004 0.264 0.150 0.244 0.014 0.009 0.039 0.111 0.029 0.005 0.007 0.008 0.064 0.006 
204      157    (2)   14 :  0.023 0.035 0.018 0.028 0.019 0.163 0.004 0.008 0.429 0.002 0.011 0.011 0.005 0.007 0.233 0.004 
205      158    (0)   14 :  0.005 0.004 0.003 0.234 0.209 0.213 0.007 0.027 0.035 0.004 0.082 0.007 0.009 0.029 0.128 0.006 
206      159    (0)   14 :  0.005 0.016 0.010 0.123 0.230 0.097 0.012 0.015 0.093 0.010 0.054 0.003 0.007 0.012 0.204 0.109 
207      160    (0)   14 :  0.019 0.003 0.008 0.026 0.027 0.032 0.015 0.024 0.177 0.003 0.519 0.009 0.003 0.030 0.101 0.004 
208      161    (0)   14 :  0.019 0.218 0.008 0.084 0.053 0.088 0.006 0.020 0.263 0.003 0.068 0.008 0.003 0.010 0.141 0.009 
209      162    (0)   14 :  0.178 0.002 0.015 0.139 0.101 0.152 0.008 0.029 0.072 0.005 0.191 0.005 0.007 0.015 0.078 0.002 
210      163    (2)   14 :  0.015 0.003 0.013 0.259 0.128 0.248 0.003 0.006 0.106 0.009 0.034 0.003 0.008 0.054 0.107 0.002 
211      164    (0)   14 :  0.009 0.017 0.031 0.150 0.216 0.132 0.053 0.029 0.078 0.002 0.046 0.017 0.011 0.014 0.189 0.005 
212      165    (2)   14 :  0.004 0.016 0.004 0.352 0.130 0.389 0.005 0.004 0.036 0.003 0.016 0.004 0.005 0.003 0.025 0.004 
213      427    (0)   14 :  0.013 0.005 0.004 0.011 0.014 0.010 0.005 0.768 0.010 0.008 0.015 0.088 0.003 0.014 0.012 0.022 
214      428    (0)   14 :  0.007 0.002 0.018 0.009 0.009 0.006 0.007 0.833 0.014 0.003 0.031 0.004 0.004 0.031 0.008 0.013 
215      429    (0)   14 :  0.564 0.001 0.007 0.008 0.013 0.007 0.005 0.342 0.007 0.003 0.009 0.003 0.008 0.005 0.010 0.007 
216      430    (0)   14 :  0.025 0.006 0.035 0.092 0.150 0.083 0.023 0.014 0.107 0.002 0.171 0.004 0.049 0.072 0.163 0.004 
217      431    (0)   14 :  0.222 0.003 0.006 0.030 0.031 0.019 0.048 0.226 0.068 0.002 0.267 0.005 0.024 0.012 0.028 0.007 
218      435    (0)   14 :  0.336 0.001 0.008 0.005 0.006 0.005 0.003 0.550 0.023 0.002 0.040 0.002 0.004 0.004 0.007 0.003 
219      436    (0)   14 :  0.030 0.003 0.004 0.007 0.006 0.005 0.007 0.274 0.106 0.002 0.534 0.003 0.004 0.003 0.005 0.007 
220      437    (0)   14 :  0.009 0.003 0.011 0.031 0.024 0.012 0.059 0.253 0.119 0.002 0.406 0.004 0.007 0.005 0.028 0.026 
221      438    (0)   14 :  0.012 0.004 0.033 0.035 0.023 0.019 0.034 0.573 0.074 0.007 0.106 0.002 0.018 0.016 0.031 0.013 
222      439    (0)   14 :  0.039 0.002 0.038 0.076 0.128 0.110 0.011 0.183 0.117 0.005 0.093 0.004 0.034 0.016 0.140 0.004 
223      441    (0)   14 :  0.003 0.002 0.957 0.003 0.003 0.002 0.003 0.006 0.003 0.001 0.004 0.003 0.004 0.003 0.003 0.001 
224      442    (0)   14 :  0.114 0.002 0.014 0.015 0.017 0.010 0.011 0.564 0.013 0.006 0.012 0.192 0.003 0.011 0.013 0.003 
225      443    (4)   14 :  0.004 0.002 0.010 0.005 0.005 0.006 0.008 0.916 0.009 0.002 0.006 0.002 0.004 0.010 0.007 0.003 
226      444    (4)   14 :  0.012 0.005 0.002 0.007 0.007 0.007 0.006 0.907 0.005 0.004 0.007 0.008 0.003 0.007 0.006 0.008 
227      445    (2)   14 :  0.006 0.002 0.009 0.093 0.056 0.047 0.039 0.409 0.133 0.006 0.093 0.004 0.005 0.004 0.086 0.008 
228      446    (0)   14 :  0.942 0.002 0.002 0.004 0.004 0.004 0.003 0.010 0.004 0.003 0.005 0.004 0.003 0.005 0.004 0.002 
229      447    (0)   14 :  0.351 0.001 0.003 0.016 0.018 0.016 0.025 0.452 0.027 0.004 0.044 0.006 0.003 0.009 0.018 0.008 
230      449    (0)   14 :  0.006 0.001 0.003 0.004 0.004 0.003 0.005 0.943 0.004 0.002 0.008 0.005 0.004 0.003 0.003 0.003 
231      460    (0)   14 :  0.097 0.005 0.121 0.033 0.030 0.030 0.018 0.563 0.023 0.002 0.026 0.006 0.007 0.007 0.024 0.007 
232      461    (0)   14 :  0.025 0.005 0.007 0.082 0.099 0.063 0.025 0.162 0.128 0.002 0.204 0.007 0.015 0.056 0.113 0.007 
233      484    (0)   14 :  0.063 0.004 0.014 0.065 0.104 0.065 0.129 0.038 0.059 0.008 0.019 0.013 0.161 0.168 0.087 0.004 
234      485    (0)   14 :  0.012 0.003 0.010 0.014 0.011 0.013 0.004 0.831 0.024 0.002 0.052 0.004 0.004 0.003 0.013 0.002 
235      486    (0)   14 :  0.002 0.001 0.975 0.002 0.002 0.002 0.002 0.002 0.002 0.001 0.002 0.002 0.002 0.002 0.002 0.001 
236      487    (0)   14 :  0.112 0.002 0.011 0.063 0.065 0.065 0.006 0.329 0.073 0.003 0.174 0.010 0.007 0.013 0.059 0.006 
237      178    (0)   15 :  0.037 0.011 0.010 0.067 0.074 0.053 0.004 0.146 0.154 0.005 0.296 0.006 0.003 0.010 0.121 0.003 
238      422    (0)   15 :  0.315 0.002 0.004 0.012 0.011 0.017 0.016 0.516 0.033 0.003 0.035 0.003 0.006 0.006 0.020 0.003 
239      425    (0)   15 :  0.713 0.002 0.005 0.011 0.017 0.012 0.004 0.034 0.047 0.001 0.121 0.003 0.002 0.006 0.015 0.006 
240      426    (0)   15 :  0.095 0.025 0.004 0.077 0.133 0.064 0.004 0.015 0.050 0.109 0.082 0.022 0.005 0.220 0.095 0.003 
241      432    (0)   15 :  0.027 0.005 0.010 0.104 0.187 0.069 0.010 0.274 0.047 0.007 0.045 0.009 0.009 0.040 0.148 0.009 
242      434    (0)   15 :  0.954 0.001 0.003 0.003 0.003 0.003 0.003 0.006 0.003 0.002 0.003 0.003 0.004 0.004 0.003 0.004 
243      440    (0)   15 :  0.357 0.003 0.024 0.084 0.066 0.064 0.005 0.060 0.080 0.002 0.133 0.013 0.008 0.033 0.068 0.002 
244      448    (2)   15 :  0.020 0.002 0.006 0.007 0.008 0.007 0.011 0.833 0.010 0.002 0.008 0.013 0.023 0.010 0.009 0.033 
245      456    (0)   15 :  0.046 0.003 0.005 0.142 0.170 0.106 0.070 0.047 0.046 0.003 0.145 0.009 0.084 0.019 0.102 0.004 
246      457    (0)   15 :  0.036 0.003 0.035 0.063 0.081 0.051 0.018 0.344 0.068 0.005 0.152 0.005 0.026 0.021 0.083 0.008 
247      458    (0)   15 :  0.028 0.004 0.011 0.069 0.141 0.054 0.012 0.023 0.124 0.007 0.348 0.017 0.005 0.046 0.106 0.005 
248      459    (0)   15 :  0.010 0.005 0.007 0.011 0.011 0.011 0.007 0.878 0.014 0.003 0.010 0.005 0.004 0.011 0.011 0.002 
249      464    (0)   15 :  0.127 0.014 0.013 0.018 0.015 0.015 0.003 0.563 0.054 0.005 0.135 0.011 0.004 0.005 0.015 0.003 
250      465    (0)   15 :  0.436 0.003 0.008 0.011 0.009 0.008 0.004 0.016 0.097 0.001 0.384 0.002 0.006 0.004 0.011 0.002 
251      466    (0)   15 :  0.035 0.001 0.015 0.063 0.031 0.023 0.021 0.529 0.110 0.001 0.090 0.004 0.006 0.008 0.049 0.014 
252      470    (0)   15 :  0.017 0.003 0.088 0.008 0.008 0.007 0.004 0.537 0.050 0.002 0.243 0.006 0.006 0.012 0.008 0.003 
253      471    (0)   15 :  0.468 0.004 0.006 0.032 0.037 0.028 0.008 0.209 0.016 0.035 0.024 0.003 0.029 0.047 0.030 0.023 
254      483    (0)   15 :  0.891 0.005 0.005 0.007 0.006 0.007 0.004 0.034 0.009 0.002 0.005 0.006 0.003 0.007 0.007 0.002 
255      488    (0)   15 :  0.005 0.002 0.021 0.018 0.012 0.008 0.009 0.046 0.149 0.002 0.681 0.004 0.003 0.006 0.031 0.002 
256      495    (0)   15 :  0.808 0.003 0.003 0.007 0.008 0.009 0.014 0.025 0.035 0.001 0.049 0.002 0.016 0.006 0.011 0.002 
257      496    (0)   15 :  0.074 0.003 0.013 0.017 0.012 0.013 0.002 0.046 0.133 0.002 0.642 0.002 0.004 0.005 0.026 0.005 
258      497    (0)   15 :  0.879 0.003 0.002 0.006 0.008 0.006 0.005 0.013 0.006 0.002 0.007 0.025 0.024 0.002 0.008 0.004 
259      500    (0)   15 :  0.007 0.058 0.040 0.063 0.054 0.057 0.472 0.056 0.044 0.004 0.041 0.003 0.023 0.007 0.056 0.015 
260      879    (0)   15 :  0.911 0.003 0.005 0.004 0.004 0.004 0.003 0.036 0.004 0.002 0.004 0.006 0.002 0.007 0.004 0.001 
261      036    (0)   16 :  0.009 0.003 0.005 0.127 0.377 0.088 0.005 0.017 0.041 0.004 0.038 0.002 0.004 0.005 0.265 0.011 
262      063    (2)   16 :  0.010 0.003 0.011 0.252 0.132 0.213 0.012 0.031 0.075 0.004 0.066 0.014 0.032 0.041 0.101 0.003 
263      094    (4)   16 :  0.007 0.012 0.007 0.064 0.131 0.111 0.078 0.024 0.201 0.005 0.105 0.009 0.012 0.018 0.205 0.011 
264      103    (4)   16 :  0.005 0.009 0.006 0.347 0.131 0.384 0.004 0.006 0.038 0.002 0.016 0.004 0.018 0.003 0.024 0.003 
265      112    (0)   16 :  0.007 0.007 0.010 0.121 0.137 0.173 0.007 0.006 0.242 0.004 0.024 0.006 0.007 0.044 0.201 0.003 
266      114    (2)   16 :  0.013 0.003 0.014 0.196 0.213 0.179 0.004 0.011 0.098 0.002 0.085 0.004 0.004 0.004 0.161 0.008 
267      120    (0)   16 :  0.006 0.003 0.006 0.017 0.028 0.173 0.012 0.006 0.425 0.002 0.027 0.004 0.006 0.013 0.261 0.012 
268      127    (2)   16 :  0.006 0.006 0.087 0.119 0.260 0.075 0.008 0.004 0.060 0.003 0.107 0.006 0.005 0.074 0.175 0.005 
269      147    (0)   16 :  0.011 0.008 0.007 0.133 0.195 0.103 0.002 0.014 0.046 0.049 0.037 0.006 0.005 0.226 0.153 0.005 
270      166    (0)   16 :  0.008 0.078 0.004 0.126 0.145 0.121 0.006 0.029 0.066 0.027 0.129 0.017 0.012 0.110 0.119 0.004 
271      167    (0)   16 :  0.209 0.005 0.021 0.126 0.098 0.149 0.007 0.017 0.067 0.005 0.121 0.005 0.059 0.007 0.092 0.013 
272      168    (0)   16 :  0.009 0.013 0.003 0.190 0.248 0.182 0.004 0.014 0.071 0.003 0.049 0.004 0.004 0.003 0.186 0.017 
273      169    (2)   16 :  0.141 0.004 0.004 0.136 0.114 0.135 0.008 0.046 0.091 0.005 0.168 0.004 0.006 0.044 0.088 0.006 
274      170    (0)   16 :  0.011 0.040 0.021 0.192 0.164 0.212 0.024 0.017 0.081 0.005 0.030 0.037 0.006 0.017 0.139 0.004 
275      171    (2)   16 :  0.005 0.005 0.003 0.319 0.128 0.324 0.059 0.007 0.040 0.010 0.023 0.004 0.008 0.022 0.041 0.003 
276      172    (0)   16 :  0.013 0.004 0.002 0.016 0.029 0.170 0.013 0.006 0.414 0.014 0.024 0.004 0.011 0.014 0.253 0.011 
277      185    (0)   16 :  0.037 0.004 0.015 0.210 0.172 0.234 0.004 0.067 0.045 0.005 0.052 0.005 0.008 0.029 0.110 0.002 
278      199    (2)   16 :  0.004 0.011 0.009 0.172 0.139 0.165 0.005 0.006 0.070 0.006 0.055 0.207 0.003 0.007 0.133 0.006 
279      339    (0)   16 :  0.226 0.002 0.007 0.096 0.066 0.106 0.006 0.013 0.087 0.005 0.304 0.006 0.014 0.009 0.050 0.002 
280      355    (0)   16 :  0.003 0.033 0.004 0.206 0.170 0.206 0.003 0.004 0.060 0.013 0.041 0.074 0.006 0.009 0.168 0.002 
281      356    (0)   16 :  0.006 0.165 0.020 0.021 0.050 0.135 0.004 0.004 0.341 0.003 0.025 0.005 0.003 0.006 0.205 0.006 
282      357    (0)   16 :  0.006 0.006 0.025 0.195 0.246 0.125 0.007 0.007 0.094 0.012 0.065 0.016 0.004 0.017 0.165 0.010 
283      358    (0)   16 :  0.008 0.004 0.017 0.116 0.356 0.086 0.008 0.012 0.034 0.006 0.035 0.004 0.049 0.010 0.252 0.002 
284      359    (0)   16 :  0.015 0.005 0.003 0.150 0.178 0.161 0.004 0.005 0.178 0.002 0.036 0.010 0.021 0.018 0.211 0.001 
285      360    (0)   16 :  0.023 0.020 0.006 0.214 0.264 0.174 0.015 0.020 0.042 0.009 0.046 0.005 0.003 0.020 0.133 0.005 
286      361    (0)   16 :  0.047 0.003 0.004 0.026 0.021 0.156 0.005 0.016 0.427 0.002 0.035 0.003 0.006 0.011 0.235 0.003 
287      362    (0)   16 :  0.120 0.012 0.003 0.079 0.146 0.074 0.213 0.022 0.060 0.005 0.035 0.005 0.011 0.082 0.132 0.002 
288      363    (0)   16 :  0.009 0.007 0.011 0.101 0.136 0.065 0.006 0.015 0.039 0.013 0.038 0.044 0.010 0.407 0.094 0.005 
289      364    (0)   16 :  0.004 0.089 0.018 0.073 0.132 0.063 0.328 0.010 0.043 0.003 0.076 0.040 0.008 0.014 0.097 0.003 
290      365    (0)   16 :  0.011 0.061 0.009 0.120 0.265 0.078 0.020 0.035 0.086 0.011 0.113 0.003 0.005 0.006 0.176 0.002 
291      366    (0)   16 :  0.004 0.005 0.003 0.118 0.330 0.093 0.004 0.004 0.077 0.025 0.040 0.003 0.012 0.013 0.266 0.001 
292      367    (0)   16 :  0.005 0.002 0.029 0.228 0.199 0.189 0.012 0.008 0.076 0.009 0.053 0.003 0.017 0.005 0.161 0.005 
293      368    (0)   16 :  0.004 0.064 0.049 0.247 0.167 0.236 0.028 0.005 0.031 0.012 0.030 0.004 0.018 0.006 0.092 0.008 
294      369    (0)   16 :  0.005 0.018 0.003 0.319 0.145 0.287 0.003 0.004 0.049 0.004 0.046 0.004 0.005 0.008 0.098 0.002 
295      370    (0)   16 :  0.012 0.078 0.005 0.073 0.119 0.144 0.006 0.014 0.243 0.011 0.033 0.007 0.044 0.015 0.185 0.012 
296      371    (0)   16 :  0.009 0.002 0.003 0.228 0.241 0.158 0.017 0.011 0.055 0.003 0.054 0.007 0.010 0.005 0.193 0.005 
297      372    (0)   16 :  0.012 0.006 0.002 0.016 0.015 0.015 0.013 0.440 0.020 0.004 0.051 0.333 0.003 0.053 0.014 0.003 
298      373    (0)   16 :  0.019 0.088 0.002 0.170 0.135 0.118 0.006 0.024 0.162 0.003 0.102 0.038 0.009 0.006 0.113 0.003 
299      380    (0)   16 :  0.006 0.011 0.002 0.154 0.236 0.110 0.018 0.009 0.083 0.006 0.088 0.009 0.009 0.037 0.181 0.042 
300      388    (0)   16 :  0.006 0.042 0.004 0.054 0.179 0.128 0.011 0.007 0.246 0.008 0.021 0.019 0.012 0.028 0.232 0.005 
301      418    (0)   16 :  0.004 0.005 0.007 0.196 0.150 0.081 0.013 0.008 0.189 0.006 0.112 0.047 0.004 0.015 0.137 0.025 
302      419    (0)   16 :  0.006 0.006 0.007 0.226 0.135 0.092 0.005 0.016 0.213 0.005 0.126 0.003 0.005 0.006 0.142 0.009 
303      420    (0)   16 :  0.019 0.006 0.011 0.130 0.187 0.079 0.044 0.063 0.110 0.048 0.065 0.063 0.011 0.015 0.145 0.003 
304      409    (0)   17 :  0.005 0.005 0.007 0.240 0.115 0.232 0.007 0.020 0.082 0.002 0.062 0.003 0.005 0.010 0.104 0.101 
305      414    (0)   17 :  0.011 0.003 0.007 0.282 0.159 0.258 0.014 0.005 0.066 0.002 0.060 0.007 0.007 0.012 0.090 0.015 
306      415    (2)   17 :  0.007 0.014 0.033 0.233 0.182 0.206 0.006 0.005 0.066 0.003 0.046 0.015 0.011 0.011 0.157 0.004 
307      416    (0)   17 :  0.015 0.003 0.004 0.137 0.136 0.089 0.025 0.024 0.167 0.003 0.107 0.010 0.027 0.010 0.170 0.074 
308      571    (0)    2 :  0.013 0.002 0.027 0.007 0.007 0.006 0.844 0.019 0.006 0.004 0.008 0.004 0.016 0.028 0.006 0.004 
309      572    (0)    2 :  0.005 0.004 0.011 0.017 0.015 0.014 0.801 0.003 0.009 0.006 0.007 0.004 0.044 0.039 0.012 0.008 
310      573    (2)    2 :  0.005 0.001 0.009 0.006 0.008 0.006 0.929 0.005 0.005 0.001 0.005 0.003 0.006 0.003 0.007 0.004 
311      574    (0)    2 :  0.007 0.008 0.004 0.009 0.009 0.009 0.895 0.005 0.007 0.003 0.007 0.002 0.008 0.005 0.009 0.013 
312      575    (2)    2 :  0.005 0.006 0.006 0.014 0.015 0.013 0.805 0.009 0.008 0.008 0.008 0.007 0.014 0.065 0.012 0.006 
313      576    (0)    2 :  0.003 0.001 0.003 0.003 0.003 0.003 0.961 0.003 0.003 0.001 0.003 0.002 0.005 0.003 0.003 0.003 
314      577    (0)    2 :  0.012 0.002 0.010 0.009 0.007 0.009 0.888 0.004 0.006 0.002 0.007 0.007 0.015 0.006 0.006 0.008 
315      578    (0)    2 :  0.006 0.001 0.004 0.004 0.003 0.004 0.898 0.005 0.003 0.002 0.005 0.008 0.004 0.004 0.003 0.047 
316      579    (0)    2 :  0.008 0.001 0.002 0.004 0.003 0.004 0.934 0.007 0.004 0.002 0.010 0.004 0.003 0.004 0.003 0.008 
317      580    (0)    2 :  0.004 0.001 0.002 0.003 0.003 0.003 0.960 0.003 0.003 0.002 0.003 0.002 0.003 0.003 0.003 0.002 
318      581    (0)    2 :  0.006 0.001 0.002 0.003 0.003 0.003 0.938 0.005 0.003 0.002 0.004 0.002 0.006 0.003 0.003 0.015 
319      582    (4)    2 :  0.031 0.004 0.002 0.023 0.022 0.022 0.751 0.011 0.014 0.048 0.016 0.018 0.013 0.006 0.017 0.003 
320      583    (0)    2 :  0.047 0.002 0.016 0.068 0.114 0.053 0.476 0.010 0.029 0.009 0.034 0.015 0.009 0.036 0.079 0.004 
321      584    (0)    2 :  0.038 0.001 0.005 0.009 0.008 0.009 0.842 0.030 0.007 0.003 0.008 0.006 0.006 0.007 0.007 0.014 
322      585    (0)    2 :  0.011 0.001 0.009 0.004 0.004 0.004 0.925 0.005 0.004 0.002 0.006 0.002 0.011 0.006 0.004 0.002 
323      586    (2)    2 :  0.007 0.001 0.004 0.004 0.004 0.004 0.927 0.006 0.004 0.002 0.006 0.010 0.007 0.006 0.004 0.004 
324      587    (0)    2 :  0.003 0.001 0.002 0.003 0.003 0.003 0.955 0.002 0.003 0.002 0.003 0.002 0.003 0.003 0.003 0.009 
325      588    (0)    2 :  0.005 0.008 0.020 0.029 0.021 0.025 0.801 0.012 0.009 0.009 0.009 0.011 0.008 0.012 0.015 0.005 
326      589    (0)    2 :  0.024 0.005 0.005 0.029 0.032 0.027 0.694 0.035 0.012 0.004 0.012 0.018 0.011 0.048 0.023 0.019 
327      590    (0)    2 :  0.005 0.004 0.054 0.006 0.007 0.006 0.792 0.006 0.006 0.010 0.013 0.011 0.035 0.003 0.006 0.035 
328      001    (0)    3 :  0.002 0.959 0.002 0.004 0.004 0.003 0.003 0.002 0.003 0.003 0.002 0.001 0.003 0.002 0.003 0.003 
329      005    (0)    3 :  0.002 0.967 0.002 0.002 0.002 0.002 0.001 0.002 0.002 0.006 0.002 0.003 0.002 0.002 0.002 0.001 
330      106    (0)    3 :  0.002 0.959 0.002 0.003 0.003 0.003 0.005 0.002 0.003 0.002 0.002 0.003 0.002 0.003 0.003 0.003 
331      192    (0)    3 :  0.003 0.867 0.003 0.017 0.017 0.017 0.006 0.006 0.008 0.005 0.007 0.011 0.004 0.009 0.013 0.006 
332      229    (0)    3 :  0.007 0.889 0.005 0.005 0.005 0.005 0.003 0.004 0.005 0.041 0.004 0.004 0.006 0.007 0.005 0.003 
333      319    (0)    3 :  0.002 0.951 0.002 0.004 0.004 0.005 0.002 0.002 0.006 0.005 0.003 0.002 0.003 0.002 0.005 0.002 
334      327    (0)    3 :  0.002 0.961 0.002 0.003 0.003 0.003 0.003 0.002 0.004 0.002 0.002 0.003 0.002 0.003 0.003 0.002 
335      340    (0)    3 :  0.003 0.945 0.004 0.006 0.005 0.007 0.003 0.002 0.004 0.003 0.003 0.003 0.004 0.002 0.004 0.001 
336      345    (0)    3 :  0.002 0.929 0.002 0.005 0.005 0.006 0.004 0.003 0.008 0.011 0.006 0.002 0.004 0.005 0.007 0.001 
337      375    (0)    3 :  0.002 0.958 0.002 0.003 0.003 0.003 0.002 0.002 0.003 0.003 0.003 0.005 0.002 0.004 0.003 0.001 
338      501    (4)    3 :  0.002 0.954 0.008 0.003 0.003 0.003 0.002 0.003 0.004 0.003 0.003 0.002 0.002 0.004 0.003 0.001 
339      502    (0)    3 :  0.003 0.918 0.015 0.005 0.005 0.004 0.003 0.002 0.005 0.008 0.009 0.004 0.004 0.008 0.004 0.003 
340      503    (2)    3 :  0.002 0.961 0.007 0.002 0.002 0.002 0.004 0.001 0.002 0.002 0.001 0.002 0.003 0.002 0.002 0.002 
341      504    (0)    3 :  0.005 0.925 0.002 0.005 0.005 0.004 0.002 0.008 0.004 0.016 0.006 0.004 0.002 0.003 0.004 0.004 
342      505    (0)    3 :  0.003 0.870 0.002 0.008 0.007 0.008 0.006 0.002 0.007 0.048 0.003 0.003 0.011 0.007 0.008 0.007 
343      506    (2)    3 :  0.004 0.935 0.005 0.006 0.006 0.006 0.002 0.005 0.005 0.005 0.004 0.002 0.002 0.006 0.006 0.002 
344      507    (4)    3 :  0.002 0.956 0.004 0.003 0.003 0.003 0.002 0.002 0.004 0.004 0.003 0.002 0.003 0.005 0.004 0.002 
345      508    (0)    3 :  0.004 0.910 0.021 0.007 0.006 0.007 0.004 0.006 0.006 0.003 0.005 0.002 0.006 0.005 0.007 0.002 
346      509    (2)    3 :  0.004 0.957 0.003 0.003 0.003 0.004 0.002 0.002 0.003 0.003 0.002 0.004 0.003 0.003 0.003 0.001 
347      510    (2)    3 :  0.004 0.924 0.004 0.005 0.005 0.004 0.002 0.008 0.004 0.003 0.005 0.019 0.002 0.003 0.005 0.003 
348      511    (4)    3 :  0.003 0.960 0.005 0.003 0.003 0.003 0.002 0.003 0.002 0.002 0.003 0.002 0.002 0.002 0.003 0.003 
349      512    (4)    3 :  0.002 0.955 0.002 0.003 0.003 0.003 0.002 0.003 0.003 0.006 0.003 0.003 0.002 0.004 0.003 0.002 
350      513    (0)    3 :  0.003 0.938 0.002 0.003 0.004 0.003 0.002 0.003 0.003 0.007 0.003 0.019 0.002 0.003 0.003 0.002 
351      514    (0)    3 :  0.008 0.957 0.002 0.004 0.004 0.004 0.001 0.002 0.003 0.002 0.003 0.002 0.002 0.002 0.003 0.001 
352      515    (2)    3 :  0.003 0.963 0.002 0.003 0.002 0.003 0.002 0.002 0.002 0.004 0.002 0.003 0.003 0.002 0.002 0.001 
353      516    (2)    3 :  0.004 0.926 0.009 0.005 0.005 0.005 0.003 0.004 0.004 0.004 0.008 0.007 0.004 0.005 0.005 0.003 
354      517    (0)    3 :  0.001 0.964 0.002 0.002 0.002 0.002 0.001 0.009 0.002 0.004 0.002 0.002 0.001 0.002 0.002 0.001 
355      518    (0)    3 :  0.003 0.931 0.004 0.006 0.006 0.006 0.003 0.005 0.006 0.003 0.006 0.002 0.006 0.004 0.006 0.002 
356      519    (0)    3 :  0.002 0.956 0.004 0.003 0.003 0.003 0.003 0.003 0.003 0.002 0.002 0.003 0.003 0.002 0.003 0.003 
357      520    (2)    3 :  0.003 0.951 0.002 0.003 0.003 0.003 0.003 0.005 0.003 0.002 0.003 0.006 0.002 0.003 0.003 0.004 
358      521    (2)    3 :  0.002 0.954 0.002 0.002 0.002 0.003 0.003 0.002 0.003 0.006 0.002 0.003 0.003 0.003 0.003 0.007 
359      522    (0)    3 :  0.004 0.898 0.011 0.006 0.006 0.005 0.006 0.008 0.007 0.001 0.016 0.005 0.004 0.004 0.005 0.013 
360      523    (2)    3 :  0.005 0.921 0.005 0.006 0.007 0.007 0.005 0.005 0.006 0.004 0.005 0.002 0.008 0.004 0.007 0.004 
361      524    (0)    3 :  0.004 0.802 0.067 0.008 0.011 0.007 0.008 0.007 0.011 0.003 0.012 0.006 0.024 0.006 0.010 0.013 
362      525    (0)    3 :  0.002 0.967 0.002 0.003 0.003 0.003 0.002 0.002 0.003 0.001 0.003 0.003 0.001 0.002 0.003 0.001 
363      526    (2)    3 :  0.002 0.956 0.002 0.002 0.003 0.002 0.002 0.003 0.002 0.012 0.002 0.002 0.002 0.002 0.002 0.002 
364      527    (2)    4 :  0.009 0.007 0.013 0.009 0.008 0.009 0.869 0.007 0.006 0.005 0.009 0.010 0.025 0.006 0.006 0.002 
365      528    (4)    4 :  0.005 0.002 0.003 0.021 0.027 0.020 0.401 0.004 0.019 0.003 0.016 0.008 0.084 0.347 0.023 0.017 
366      529    (4)    4 :  0.018 0.003 0.006 0.014 0.017 0.011 0.714 0.013 0.017 0.009 0.018 0.004 0.013 0.111 0.016 0.015 
367      530    (0)    4 :  0.003 0.007 0.005 0.008 0.007 0.009 0.906 0.003 0.009 0.004 0.004 0.005 0.007 0.010 0.008 0.004 
368      531    (2)    4 :  0.004 0.004 0.003 0.007 0.008 0.006 0.889 0.006 0.008 0.006 0.005 0.004 0.010 0.022 0.008 0.011 
369      532    (4)    4 :  0.005 0.003 0.031 0.012 0.017 0.014 0.753 0.003 0.016 0.002 0.006 0.002 0.017 0.097 0.018 0.003 
370      533    (0)    4 :  0.025 0.007 0.002 0.069 0.046 0.051 0.581 0.008 0.052 0.003 0.038 0.002 0.041 0.014 0.038 0.022 
371      534    (2)    4 :  0.004 0.003 0.003 0.008 0.009 0.007 0.841 0.005 0.006 0.002 0.006 0.006 0.073 0.007 0.008 0.013 
372      535    (2)    4 :  0.005 0.002 0.010 0.011 0.012 0.011 0.865 0.008 0.010 0.005 0.010 0.002 0.009 0.027 0.011 0.004 
373      536    (2)    4 :  0.005 0.002 0.004 0.006 0.006 0.006 0.896 0.005 0.006 0.012 0.004 0.002 0.009 0.003 0.006 0.028 
374      537    (2)    4 :  0.007 0.002 0.002 0.007 0.006 0.006 0.908 0.008 0.006 0.002 0.007 0.014 0.007 0.006 0.005 0.008 
375      538    (2)    4 :  0.024 0.006 0.004 0.042 0.035 0.045 0.674 0.009 0.036 0.002 0.031 0.004 0.046 0.005 0.034 0.003 
376      539    (2)    4 :  0.002 0.001 0.004 0.005 0.005 0.004 0.794 0.003 0.005 0.002 0.007 0.002 0.151 0.006 0.005 0.004 
377      540    (2)    4 :  0.007 0.001 0.005 0.014 0.012 0.014 0.853 0.018 0.020 0.001 0.012 0.002 0.010 0.006 0.015 0.011 
378      541    (2)    4 :  0.024 0.003 0.005 0.008 0.010 0.010 0.755 0.029 0.014 0.002 0.009 0.003 0.060 0.045 0.014 0.007 
379      542    (2)    4 :  0.017 0.002 0.005 0.018 0.023 0.016 0.684 0.023 0.024 0.004 0.053 0.009 0.074 0.015 0.021 0.010 
380      543    (0)    4 :  0.014 0.003 0.004 0.041 0.091 0.032 0.591 0.032 0.029 0.002 0.022 0.015 0.034 0.010 0.061 0.020 
381      544    (2)    4 :  0.003 0.003 0.002 0.004 0.004 0.004 0.932 0.003 0.005 0.002 0.003 0.002 0.021 0.003 0.005 0.004 
382      545    (2)    4 :  0.010 0.002 0.011 0.015 0.010 0.015 0.035 0.004 0.008 0.001 0.012 0.002 0.858 0.005 0.008 0.004 
383      546    (4)    4 :  0.009 0.001 0.014 0.034 0.022 0.033 0.016 0.003 0.011 0.002 0.020 0.002 0.809 0.004 0.016 0.004 
384      547    (6)    4 :  0.023 0.004 0.036 0.038 0.044 0.035 0.658 0.011 0.023 0.016 0.015 0.030 0.011 0.009 0.039 0.009 
385      019    (0)    5 :  0.034 0.002 0.003 0.007 0.007 0.007 0.079 0.033 0.006 0.004 0.005 0.004 0.777 0.018 0.006 0.008 
386      064    (0)    5 :  0.003 0.001 0.003 0.002 0.002 0.002 0.030 0.003 0.002 0.001 0.002 0.002 0.939 0.002 0.002 0.002 
387      065    (0)    5 :  0.004 0.001 0.002 0.002 0.003 0.002 0.940 0.003 0.003 0.001 0.002 0.001 0.026 0.003 0.002 0.005 
388      066    (0)    5 :  0.017 0.002 0.011 0.009 0.011 0.008 0.291 0.015 0.010 0.002 0.009 0.002 0.591 0.004 0.011 0.006 
389      067    (0)    5 :  0.026 0.005 0.004 0.007 0.009 0.007 0.010 0.010 0.006 0.006 0.006 0.009 0.864 0.014 0.007 0.008 
390      068    (0)    5 :  0.009 0.002 0.022 0.008 0.009 0.008 0.819 0.008 0.009 0.002 0.011 0.030 0.029 0.017 0.009 0.008 
391      069    (0)    5 :  0.003 0.001 0.017 0.006 0.005 0.007 0.139 0.005 0.006 0.001 0.007 0.004 0.774 0.007 0.005 0.011 
392      107    (0)    5 :  0.005 0.001 0.006 0.005 0.004 0.004 0.425 0.007 0.003 0.001 0.005 0.002 0.520 0.004 0.004 0.003 
393      110    (0)    5 :  0.003 0.001 0.003 0.002 0.002 0.002 0.003 0.002 0.002 0.003 0.002 0.001 0.960 0.008 0.002 0.002 
394      121    (0)    5 :  0.008 0.001 0.003 0.004 0.004 0.004 0.917 0.004 0.004 0.001 0.005 0.003 0.024 0.012 0.004 0.002 
395      137    (0)    5 :  0.010 0.002 0.005 0.008 0.009 0.008 0.008 0.007 0.006 0.010 0.008 0.002 0.901 0.004 0.008 0.005 
396      146    (0)    5 :  0.007 0.004 0.002 0.010 0.010 0.020 0.296 0.005 0.039 0.003 0.006 0.003 0.545 0.006 0.024 0.019 
397      149    (0)    5 :  0.009 0.001 0.002 0.004 0.004 0.004 0.005 0.005 0.004 0.003 0.005 0.002 0.940 0.005 0.004 0.002 
398      154    (0)    5 :  0.008 0.003 0.003 0.006 0.006 0.006 0.054 0.006 0.004 0.002 0.005 0.016 0.713 0.005 0.006 0.157 
399      179    (0)    5 :  0.004 0.002 0.007 0.004 0.004 0.004 0.397 0.005 0.004 0.002 0.005 0.004 0.546 0.004 0.004 0.004 
400      181    (0)    5 :  0.003 0.001 0.002 0.004 0.004 0.004 0.195 0.003 0.003 0.002 0.003 0.002 0.763 0.003 0.004 0.004 
401      182    (0)    5 :  0.010 0.003 0.017 0.011 0.013 0.013 0.743 0.004 0.011 0.003 0.006 0.014 0.104 0.028 0.013 0.007 
402      186    (0)    5 :  0.008 0.005 0.008 0.014 0.020 0.017 0.137 0.008 0.023 0.005 0.013 0.004 0.615 0.094 0.023 0.004 
403      193    (0)    5 :  0.006 0.003 0.004 0.008 0.008 0.008 0.507 0.012 0.008 0.002 0.005 0.004 0.404 0.006 0.008 0.008 
404      320    (0)    5 :  0.008 0.001 0.003 0.006 0.006 0.007 0.033 0.005 0.009 0.003 0.005 0.011 0.879 0.007 0.007 0.010 
405      341    (0)    5 :  0.011 0.001 0.006 0.006 0.006 0.006 0.885 0.009 0.007 0.002 0.008 0.004 0.037 0.003 0.006 0.003 
406      376    (0)    5 :  0.003 0.038 0.018 0.010 0.012 0.009 0.628 0.006 0.013 0.003 0.007 0.003 0.206 0.024 0.013 0.009 
407      395    (0)    5 :  0.005 0.001 0.004 0.007 0.008 0.006 0.186 0.023 0.008 0.006 0.018 0.004 0.651 0.012 0.007 0.055 
408      396    (0)    5 :  0.002 0.002 0.005 0.003 0.003 0.003 0.920 0.003 0.003 0.003 0.004 0.002 0.038 0.002 0.003 0.003 
409      397    (0)    5 :  0.004 0.001 0.002 0.005 0.005 0.005 0.857 0.004 0.004 0.009 0.004 0.007 0.073 0.005 0.005 0.010 
410      398    (0)    5 :  0.003 0.002 0.005 0.005 0.006 0.005 0.452 0.006 0.007 0.004 0.003 0.004 0.423 0.011 0.006 0.057 
411      399    (0)    5 :  0.005 0.002 0.007 0.005 0.005 0.005 0.926 0.003 0.006 0.002 0.004 0.003 0.007 0.013 0.006 0.002 
412      400    (0)    5 :  0.004 0.001 0.010 0.007 0.007 0.007 0.022 0.003 0.010 0.002 0.004 0.002 0.894 0.011 0.009 0.007 
413      401    (0)    5 :  0.008 0.004 0.008 0.012 0.013 0.011 0.078 0.005 0.009 0.003 0.008 0.002 0.819 0.004 0.012 0.006 
414      402    (0)    5 :  0.002 0.003 0.004 0.003 0.003 0.003 0.003 0.002 0.003 0.002 0.003 0.003 0.955 0.006 0.003 0.002 
415      403    (0)    5 :  0.023 0.003 0.010 0.008 0.010 0.012 0.432 0.010 0.020 0.012 0.010 0.004 0.410 0.018 0.014 0.004 
416      073    (0)    6 :  0.006 0.002 0.003 0.004 0.004 0.004 0.943 0.006 0.004 0.002 0.004 0.002 0.005 0.006 0.004 0.001 
417      074    (0)    6 :  0.004 0.007 0.002 0.008 0.008 0.007 0.890 0.006 0.005 0.002 0.004 0.005 0.004 0.002 0.007 0.040 
418      075    (0)    6 :  0.008 0.002 0.002 0.006 0.005 0.006 0.917 0.005 0.008 0.003 0.007 0.004 0.009 0.005 0.006 0.006 
419      076    (0)    6 :  0.009 0.005 0.003 0.006 0.007 0.006 0.903 0.004 0.006 0.005 0.009 0.006 0.008 0.012 0.006 0.004 
420      077    (0)    6 :  0.007 0.001 0.006 0.008 0.008 0.009 0.898 0.013 0.006 0.003 0.008 0.008 0.012 0.005 0.006 0.003 
421      078    (0)    6 :  0.008 0.003 0.004 0.043 0.026 0.042 0.791 0.007 0.018 0.005 0.013 0.005 0.010 0.005 0.017 0.005 
422      079    (0)    6 :  0.010 0.002 0.008 0.010 0.016 0.009 0.887 0.005 0.008 0.001 0.008 0.002 0.012 0.007 0.012 0.003 
423      080    (0)    6 :  0.007 0.003 0.004 0.006 0.006 0.006 0.909 0.003 0.004 0.002 0.004 0.018 0.005 0.014 0.005 0.003 
424      081    (0)    6 :  0.006 0.004 0.004 0.010 0.012 0.009 0.793 0.054 0.008 0.016 0.010 0.003 0.041 0.008 0.010 0.012 
425      082    (0)    6 :  0.002 0.001 0.005 0.003 0.003 0.003 0.937 0.003 0.003 0.002 0.002 0.003 0.019 0.006 0.003 0.003 
426      083    (0)    6 :  0.004 0.002 0.008 0.007 0.008 0.007 0.904 0.004 0.005 0.003 0.006 0.002 0.019 0.005 0.007 0.010 
427      084    (0)    6 :  0.011 0.004 0.002 0.005 0.005 0.005 0.819 0.010 0.004 0.005 0.006 0.002 0.012 0.003 0.005 0.101 
428      085    (0)    6 :  0.009 0.002 0.019 0.015 0.016 0.014 0.561 0.040 0.038 0.015 0.183 0.003 0.052 0.007 0.016 0.009 
429      404    (0)    6 :  0.006 0.001 0.003 0.004 0.004 0.005 0.919 0.005 0.004 0.003 0.004 0.003 0.010 0.005 0.004 0.020 
430      405    (0)    6 :  0.004 0.002 0.002 0.006 0.005 0.006 0.923 0.012 0.005 0.009 0.005 0.002 0.006 0.004 0.005 0.005 
431      406    (0)    6 :  0.003 0.005 0.006 0.013 0.010 0.013 0.896 0.004 0.007 0.008 0.006 0.003 0.004 0.006 0.008 0.008 
432      407    (0)    6 :  0.005 0.002 0.002 0.005 0.006 0.005 0.858 0.006 0.005 0.003 0.008 0.003 0.078 0.003 0.006 0.005 
433      408    (0)    6 :  0.003 0.001 0.002 0.004 0.005 0.004 0.943 0.006 0.004 0.001 0.004 0.005 0.004 0.003 0.004 0.005 
434      411    (2)    6 :  0.004 0.001 0.002 0.003 0.003 0.003 0.953 0.005 0.003 0.002 0.003 0.003 0.005 0.002 0.003 0.005 
435      412    (0)    6 :  0.005 0.027 0.007 0.007 0.009 0.007 0.863 0.013 0.008 0.005 0.013 0.006 0.007 0.011 0.008 0.004 
436      413    (0)    6 :  0.005 0.001 0.002 0.014 0.006 0.014 0.922 0.004 0.004 0.002 0.004 0.002 0.012 0.002 0.004 0.003 
437      591    (0)    7 :  0.009 0.015 0.004 0.005 0.006 0.006 0.004 0.009 0.007 0.007 0.005 0.004 0.002 0.903 0.006 0.008 
438      592    (0)    7 :  0.011 0.003 0.005 0.007 0.008 0.007 0.010 0.132 0.012 0.003 0.010 0.006 0.004 0.767 0.011 0.005 
439      593    (0)    7 :  0.006 0.002 0.005 0.008 0.007 0.007 0.009 0.006 0.006 0.005 0.006 0.002 0.005 0.915 0.006 0.004 
440      594    (0)    7 :  0.011 0.003 0.004 0.021 0.024 0.024 0.039 0.051 0.024 0.005 0.009 0.010 0.009 0.734 0.025 0.007 
441      595    (0)    7 :  0.007 0.005 0.005 0.020 0.021 0.017 0.010 0.004 0.009 0.004 0.012 0.012 0.014 0.838 0.019 0.003 
442      596    (0)    7 :  0.003 0.002 0.006 0.007 0.006 0.006 0.006 0.005 0.006 0.007 0.005 0.019 0.005 0.908 0.006 0.002 
443      597    (0)    7 :  0.008 0.001 0.003 0.011 0.014 0.010 0.032 0.007 0.012 0.002 0.032 0.006 0.027 0.819 0.012 0.003 
444      598    (0)    7 :  0.006 0.002 0.011 0.034 0.059 0.044 0.006 0.009 0.062 0.002 0.085 0.029 0.032 0.555 0.062 0.003 
445      599    (0)    7 :  0.142 0.003 0.005 0.008 0.008 0.007 0.006 0.057 0.007 0.006 0.013 0.003 0.003 0.723 0.006 0.003 
446      600    (0)    7 :  0.005 0.003 0.003 0.006 0.005 0.006 0.004 0.003 0.006 0.004 0.006 0.012 0.007 0.924 0.006 0.001 
447      601    (0)    7 :  0.018 0.002 0.005 0.014 0.017 0.013 0.021 0.019 0.015 0.002 0.029 0.002 0.025 0.798 0.015 0.002 
448      602    (0)    7 :  0.008 0.004 0.005 0.012 0.016 0.009 0.006 0.008 0.010 0.004 0.016 0.005 0.014 0.866 0.012 0.004 
449      603    (0)    7 :  0.025 0.002 0.009 0.034 0.049 0.028 0.007 0.216 0.079 0.007 0.350 0.009 0.005 0.137 0.035 0.009 
450      604    (0)    7 :  0.003 0.003 0.011 0.013 0.012 0.013 0.009 0.003 0.011 0.002 0.006 0.008 0.007 0.882 0.012 0.003 
451      605    (0)    7 :  0.010 0.020 0.004 0.019 0.026 0.029 0.008 0.009 0.048 0.005 0.013 0.024 0.006 0.732 0.046 0.003 
452      606    (0)    7 :  0.011 0.004 0.003 0.010 0.011 0.008 0.004 0.009 0.010 0.020 0.007 0.008 0.003 0.879 0.011 0.004 
453      607    (0)    7 :  0.002 0.003 0.105 0.005 0.005 0.005 0.009 0.002 0.007 0.003 0.006 0.008 0.014 0.817 0.007 0.002 
454      608    (0)    7 :  0.020 0.001 0.017 0.005 0.005 0.006 0.005 0.006 0.006 0.002 0.008 0.003 0.004 0.900 0.006 0.006 
455      609    (0)    7 :  0.005 0.002 0.008 0.008 0.008 0.008 0.004 0.004 0.008 0.004 0.007 0.003 0.004 0.916 0.008 0.003 
456      610    (0)    7 :  0.023 0.004 0.019 0.087 0.106 0.049 0.020 0.009 0.053 0.003 0.077 0.009 0.007 0.438 0.087 0.009 
457      611    (2)    7 :  0.003 0.002 0.021 0.009 0.008 0.009 0.012 0.004 0.007 0.003 0.006 0.007 0.009 0.884 0.007 0.012 
458      612    (0)    7 :  0.010 0.004 0.054 0.022 0.022 0.021 0.009 0.006 0.012 0.002 0.017 0.043 0.060 0.699 0.017 0.003 
459      755    (0)    7 :  0.004 0.028 0.265 0.029 0.037 0.021 0.016 0.014 0.026 0.002 0.023 0.043 0.009 0.425 0.030 0.029 
460      756    (0)    7 :  0.005 0.002 0.013 0.006 0.006 0.006 0.011 0.009 0.007 0.003 0.009 0.003 0.003 0.900 0.007 0.008 
461      757    (0)    7 :  0.005 0.003 0.009 0.010 0.011 0.012 0.009 0.011 0.014 0.002 0.007 0.005 0.006 0.877 0.013 0.004 
462      002    (0)    8 :  0.003 0.003 0.005 0.008 0.008 0.007 0.508 0.004 0.009 0.003 0.014 0.002 0.390 0.006 0.009 0.020 
463      099    (2)    8 :  0.048 0.706 0.013 0.026 0.027 0.025 0.004 0.032 0.017 0.004 0.011 0.042 0.005 0.008 0.026 0.008 
464      641    (2)    8 :  0.008 0.014 0.025 0.136 0.077 0.132 0.174 0.008 0.042 0.013 0.033 0.004 0.229 0.050 0.043 0.012 
465      642    (0)    8 :  0.015 0.003 0.004 0.008 0.009 0.010 0.866 0.013 0.014 0.003 0.010 0.003 0.005 0.018 0.010 0.008 
466      643    (2)    8 :  0.011 0.004 0.004 0.016 0.013 0.024 0.762 0.017 0.043 0.003 0.024 0.003 0.008 0.024 0.030 0.016 
467      644    (0)    8 :  0.017 0.003 0.008 0.009 0.009 0.010 0.845 0.013 0.014 0.004 0.013 0.008 0.021 0.006 0.012 0.007 
468      645    (0)    8 :  0.007 0.002 0.117 0.026 0.034 0.057 0.407 0.027 0.104 0.037 0.028 0.003 0.013 0.038 0.082 0.018 
469      646    (0)    8 :  0.008 0.004 0.152 0.057 0.067 0.062 0.053 0.005 0.048 0.010 0.069 0.008 0.379 0.012 0.053 0.013 
470      006    (0)    9 :  0.005 0.005 0.006 0.019 0.023 0.015 0.218 0.008 0.014 0.003 0.016 0.003 0.008 0.006 0.019 0.632 
471      011    (0)    9 :  0.003 0.001 0.002 0.003 0.003 0.003 0.953 0.004 0.003 0.002 0.003 0.003 0.003 0.003 0.003 0.009 
472      033    (2)    9 :  0.003 0.001 0.004 0.006 0.006 0.005 0.267 0.007 0.008 0.002 0.018 0.002 0.019 0.021 0.005 0.626 
473      048    (0)    9 :  0.068 0.002 0.006 0.016 0.017 0.015 0.509 0.240 0.013 0.008 0.016 0.005 0.012 0.015 0.014 0.043 
474      061    (0)    9 :  0.001 0.001 0.002 0.002 0.002 0.002 0.002 0.002 0.002 0.004 0.002 0.001 0.002 0.001 0.002 0.972 
475      088    (0)    9 :  0.015 0.003 0.003 0.014 0.014 0.012 0.810 0.020 0.014 0.005 0.013 0.008 0.017 0.013 0.014 0.024 
476      091    (0)    9 :  0.003 0.001 0.006 0.004 0.004 0.004 0.009 0.003 0.003 0.002 0.003 0.005 0.003 0.005 0.003 0.941 
477      098    (0)    9 :  0.011 0.001 0.006 0.006 0.006 0.005 0.858 0.029 0.006 0.012 0.007 0.003 0.015 0.020 0.006 0.009 
478      104    (0)    9 :  0.003 0.001 0.002 0.003 0.003 0.003 0.921 0.005 0.003 0.003 0.003 0.002 0.039 0.002 0.003 0.003 
479      196    (0)    9 :  0.009 0.001 0.002 0.005 0.006 0.005 0.318 0.010 0.006 0.005 0.007 0.005 0.021 0.010 0.006 0.582 
480      197    (0)    9 :  0.010 0.003 0.003 0.022 0.029 0.017 0.531 0.007 0.014 0.008 0.024 0.013 0.017 0.012 0.022 0.267 
481      201    (0)    9 :  0.003 0.001 0.002 0.005 0.005 0.007 0.333 0.006 0.009 0.001 0.005 0.001 0.014 0.005 0.007 0.595 
482      202    (0)    9 :  0.016 0.009 0.002 0.015 0.015 0.014 0.785 0.025 0.010 0.019 0.012 0.012 0.019 0.005 0.012 0.031 
483      204    (0)    9 :  0.003 0.001 0.009 0.004 0.004 0.004 0.529 0.010 0.006 0.002 0.009 0.002 0.032 0.003 0.004 0.378 
484      231    (0)    9 :  0.008 0.001 0.009 0.005 0.005 0.005 0.835 0.014 0.006 0.001 0.014 0.004 0.069 0.010 0.005 0.008 
485      328    (0)    9 :  0.004 0.001 0.002 0.004 0.004 0.004 0.697 0.005 0.005 0.005 0.006 0.002 0.003 0.006 0.004 0.248 
486      346    (0)    9 :  0.004 0.002 0.003 0.004 0.005 0.004 0.620 0.005 0.004 0.003 0.003 0.007 0.008 0.008 0.004 0.316 


Estimated Allele Frequencies in each cluster
First column gives estimated ancestral frequencies


Locus 1 : 1 
4 alleles
0.0% missing data
  89   (0.536) 0.534 0.293 0.810 0.560 0.545 0.544 0.624 0.583 0.518 0.066 0.494 0.642 0.292 0.553 0.530 0.697 
  91   (0.383) 0.343 0.670 0.173 0.374 0.378 0.394 0.314 0.369 0.421 0.707 0.468 0.311 0.592 0.430 0.395 0.293 
  93   (0.066) 0.116 0.036 0.015 0.052 0.064 0.053 0.062 0.021 0.047 0.098 0.027 0.046 0.114 0.014 0.062 0.008 
  99   (0.015) 0.006 0.001 0.003 0.014 0.014 0.008 0.000 0.027 0.015 0.129 0.011 0.001 0.001 0.002 0.013 0.001 

Locus 2 : 2 
6 alleles
1.0% missing data
 136   (0.350) 0.077 0.453 0.144 0.366 0.360 0.403 0.556 0.066 0.411 0.189 0.224 0.459 0.725 0.416 0.410 0.113 
 134   (0.235) 0.222 0.196 0.670 0.194 0.221 0.191 0.143 0.282 0.217 0.027 0.219 0.380 0.165 0.405 0.220 0.204 
 138   (0.297) 0.590 0.219 0.131 0.330 0.302 0.303 0.252 0.481 0.278 0.771 0.430 0.154 0.097 0.147 0.267 0.244 
 140   (0.068) 0.044 0.122 0.019 0.064 0.067 0.059 0.049 0.032 0.049 0.008 0.063 0.004 0.008 0.016 0.058 0.434 
 132   (0.021) 0.006 0.001 0.004 0.030 0.026 0.025 0.000 0.003 0.016 0.002 0.013 0.001 0.002 0.004 0.022 0.002 
 142   (0.029) 0.061 0.009 0.032 0.017 0.024 0.018 0.001 0.136 0.028 0.003 0.052 0.002 0.003 0.012 0.024 0.003 

Locus 3 : 3 
6 alleles
0.0% missing data
 181   (0.257) 0.347 0.073 0.332 0.246 0.254 0.229 0.230 0.431 0.200 0.181 0.162 0.066 0.093 0.402 0.230 0.072 
 187   (0.343) 0.171 0.345 0.138 0.383 0.353 0.401 0.518 0.161 0.337 0.774 0.347 0.258 0.544 0.166 0.344 0.690 
 179   (0.246) 0.256 0.051 0.347 0.240 0.246 0.238 0.228 0.184 0.295 0.029 0.310 0.015 0.348 0.399 0.270 0.221 
 191   (0.032) 0.007 0.009 0.008 0.029 0.031 0.024 0.022 0.009 0.017 0.003 0.013 0.200 0.003 0.006 0.025 0.004 
 185   (0.075) 0.200 0.285 0.133 0.069 0.072 0.062 0.002 0.030 0.071 0.008 0.074 0.457 0.008 0.018 0.068 0.008 
 175   (0.048) 0.018 0.237 0.041 0.033 0.043 0.045 0.001 0.186 0.081 0.005 0.094 0.003 0.004 0.009 0.063 0.005 

Locus 4 : 4 
12 alleles
0.2% missing data
 253   (0.489) 0.283 0.169 0.604 0.514 0.497 0.506 0.759 0.685 0.522 0.596 0.500 0.464 0.452 0.612 0.500 0.623 
 249   (0.029) 0.005 0.066 0.005 0.022 0.027 0.020 0.058 0.004 0.011 0.004 0.009 0.002 0.020 0.005 0.021 0.316 
 271   (0.043) 0.009 0.110 0.011 0.036 0.041 0.033 0.028 0.006 0.035 0.005 0.037 0.003 0.054 0.009 0.040 0.005 
 241   (0.156) 0.208 0.529 0.110 0.136 0.150 0.145 0.020 0.090 0.165 0.183 0.172 0.149 0.367 0.144 0.161 0.023 
 257   (0.006) 0.001 0.000 0.001 0.003 0.005 0.003 0.000 0.001 0.004 0.001 0.002 0.000 0.003 0.001 0.005 0.001 
 269   (0.174) 0.467 0.031 0.245 0.190 0.175 0.198 0.132 0.151 0.162 0.200 0.206 0.099 0.082 0.185 0.166 0.021 
 247   (0.065) 0.020 0.026 0.017 0.076 0.071 0.068 0.001 0.056 0.067 0.007 0.056 0.280 0.007 0.033 0.072 0.008 
 245   (0.009) 0.001 0.066 0.001 0.004 0.007 0.004 0.000 0.001 0.003 0.001 0.002 0.000 0.001 0.001 0.006 0.001 
 239   (0.011) 0.002 0.001 0.003 0.007 0.010 0.009 0.000 0.001 0.013 0.001 0.003 0.001 0.001 0.003 0.012 0.001 
 273   (0.008) 0.001 0.001 0.001 0.004 0.006 0.007 0.000 0.001 0.013 0.001 0.002 0.000 0.001 0.001 0.010 0.001 
 267   (0.006) 0.001 0.000 0.002 0.004 0.005 0.004 0.000 0.001 0.002 0.001 0.002 0.000 0.012 0.001 0.004 0.001 
 255   (0.006) 0.001 0.000 0.001 0.003 0.005 0.003 0.000 0.003 0.003 0.001 0.008 0.000 0.001 0.003 0.004 0.001 

Locus 5 : 5 
6 alleles
0.6% missing data
 103   (0.852) 0.947 0.736 0.952 0.786 0.840 0.787 0.993 0.963 0.852 0.983 0.899 0.979 0.966 0.928 0.854 0.985 
 104   (0.061) 0.036 0.072 0.027 0.123 0.071 0.122 0.005 0.018 0.069 0.007 0.050 0.004 0.025 0.026 0.059 0.006 
 101   (0.009) 0.002 0.001 0.005 0.005 0.008 0.004 0.000 0.001 0.003 0.001 0.004 0.012 0.001 0.002 0.006 0.001 
 105   (0.047) 0.010 0.165 0.011 0.056 0.050 0.060 0.001 0.013 0.059 0.005 0.030 0.003 0.004 0.036 0.056 0.005 
 102   (0.016) 0.003 0.001 0.003 0.018 0.017 0.017 0.000 0.002 0.008 0.002 0.011 0.001 0.001 0.005 0.013 0.001 
 107   (0.015) 0.002 0.025 0.002 0.011 0.014 0.010 0.000 0.002 0.008 0.001 0.005 0.001 0.001 0.003 0.012 0.001 

Locus 6 : 6 
5 alleles
0.2% missing data
 141   (0.268) 0.070 0.111 0.771 0.250 0.264 0.230 0.591 0.273 0.257 0.030 0.315 0.132 0.317 0.309 0.255 0.835 
 145   (0.403) 0.591 0.023 0.133 0.462 0.422 0.495 0.179 0.613 0.463 0.411 0.441 0.261 0.120 0.443 0.442 0.073 
 135   (0.235) 0.317 0.637 0.071 0.213 0.228 0.201 0.191 0.100 0.218 0.548 0.197 0.288 0.362 0.137 0.225 0.076 
 147   (0.082) 0.019 0.126 0.022 0.070 0.077 0.066 0.040 0.013 0.055 0.010 0.044 0.319 0.201 0.109 0.069 0.015 
 137   (0.011) 0.003 0.103 0.002 0.006 0.009 0.007 0.000 0.001 0.008 0.001 0.003 0.001 0.002 0.002 0.009 0.001 

Locus 7 : 7 
10 alleles
1.2% missing data
  93   (0.223) 0.123 0.113 0.302 0.180 0.209 0.195 0.333 0.356 0.252 0.796 0.288 0.065 0.405 0.216 0.231 0.616 
 103   (0.302) 0.345 0.017 0.131 0.347 0.312 0.352 0.403 0.361 0.321 0.040 0.368 0.515 0.272 0.528 0.306 0.082 
  91   (0.069) 0.015 0.060 0.055 0.068 0.068 0.064 0.034 0.056 0.053 0.010 0.028 0.155 0.007 0.042 0.063 0.007 
  97   (0.195) 0.343 0.262 0.243 0.199 0.201 0.185 0.163 0.092 0.135 0.127 0.089 0.252 0.171 0.157 0.180 0.028 
  85   (0.045) 0.118 0.003 0.010 0.045 0.046 0.043 0.045 0.011 0.041 0.006 0.020 0.003 0.008 0.014 0.045 0.005 
  89   (0.083) 0.035 0.300 0.243 0.063 0.076 0.061 0.019 0.083 0.079 0.011 0.153 0.005 0.130 0.029 0.073 0.255 
  83   (0.051) 0.016 0.003 0.010 0.070 0.058 0.074 0.001 0.036 0.105 0.006 0.043 0.003 0.005 0.009 0.080 0.005 
 105   (0.013) 0.002 0.092 0.002 0.012 0.013 0.010 0.000 0.003 0.007 0.002 0.005 0.001 0.001 0.002 0.010 0.001 
 101   (0.009) 0.001 0.125 0.001 0.010 0.009 0.011 0.000 0.001 0.003 0.001 0.002 0.001 0.001 0.001 0.006 0.001 
  99   (0.009) 0.002 0.025 0.001 0.006 0.008 0.005 0.000 0.001 0.003 0.001 0.003 0.001 0.001 0.001 0.007 0.001 

Locus 8 : 8 
8 alleles
0.0% missing data
 129   (0.553) 0.723 0.301 0.473 0.603 0.569 0.636 0.705 0.693 0.608 0.198 0.683 0.639 0.477 0.402 0.572 0.669 
 141   (0.054) 0.019 0.003 0.011 0.042 0.051 0.036 0.098 0.012 0.032 0.006 0.030 0.216 0.148 0.094 0.045 0.009 
 149   (0.078) 0.032 0.303 0.273 0.070 0.074 0.058 0.144 0.073 0.073 0.008 0.081 0.012 0.031 0.018 0.072 0.011 
 143   (0.262) 0.212 0.298 0.204 0.243 0.257 0.231 0.052 0.207 0.254 0.701 0.185 0.129 0.338 0.477 0.266 0.307 
 127   (0.018) 0.003 0.094 0.003 0.017 0.017 0.014 0.000 0.002 0.007 0.047 0.006 0.001 0.002 0.003 0.013 0.001 
 131   (0.012) 0.005 0.001 0.003 0.008 0.010 0.007 0.000 0.010 0.004 0.038 0.004 0.002 0.001 0.002 0.007 0.001 
 133   (0.017) 0.006 0.001 0.031 0.014 0.017 0.015 0.000 0.003 0.018 0.002 0.009 0.001 0.002 0.003 0.020 0.001 
 145   (0.006) 0.001 0.000 0.001 0.004 0.005 0.003 0.000 0.001 0.003 0.001 0.002 0.000 0.001 0.001 0.005 0.000 

Locus 9 : 9 
5 alleles
0.0% missing data
 191   (0.389) 0.322 0.340 0.563 0.401 0.390 0.389 0.565 0.334 0.349 0.339 0.225 0.546 0.597 0.481 0.374 0.846 
 195   (0.146) 0.338 0.330 0.034 0.114 0.136 0.111 0.187 0.325 0.137 0.355 0.109 0.051 0.036 0.244 0.142 0.032 
 189   (0.453) 0.338 0.330 0.400 0.478 0.464 0.493 0.246 0.338 0.504 0.305 0.662 0.403 0.365 0.273 0.473 0.120 
 197   (0.006) 0.001 0.000 0.001 0.003 0.005 0.004 0.000 0.001 0.007 0.001 0.002 0.000 0.001 0.001 0.006 0.001 
 193   (0.006) 0.002 0.000 0.002 0.003 0.005 0.003 0.002 0.001 0.002 0.001 0.002 0.000 0.001 0.001 0.004 0.001 

Locus 10 : 10 
7 alleles
0.4% missing data
 232   (0.247) 0.161 0.125 0.063 0.286 0.260 0.298 0.287 0.214 0.247 0.218 0.122 0.278 0.375 0.153 0.262 0.573 
 238   (0.560) 0.707 0.748 0.843 0.556 0.559 0.542 0.591 0.722 0.568 0.367 0.782 0.343 0.445 0.671 0.548 0.132 
 252   (0.107) 0.117 0.014 0.079 0.089 0.100 0.095 0.106 0.053 0.133 0.016 0.065 0.032 0.172 0.123 0.118 0.279 
 254   (0.047) 0.008 0.082 0.009 0.036 0.044 0.035 0.014 0.007 0.033 0.394 0.017 0.263 0.005 0.047 0.042 0.013 
 248   (0.018) 0.003 0.001 0.003 0.016 0.018 0.015 0.000 0.002 0.009 0.002 0.007 0.083 0.002 0.003 0.016 0.002 
 250   (0.014) 0.002 0.029 0.002 0.013 0.013 0.012 0.000 0.002 0.007 0.002 0.006 0.001 0.001 0.002 0.010 0.001 
 236   (0.006) 0.001 0.000 0.001 0.004 0.005 0.004 0.000 0.001 0.003 0.001 0.002 0.001 0.001 0.002 0.005 0.001 

Locus 11 : 11 
4 alleles
0.0% missing data
  87   (0.689) 0.869 0.496 0.868 0.703 0.691 0.707 0.643 0.854 0.711 0.964 0.763 0.533 0.561 0.641 0.693 0.346 
  89   (0.241) 0.098 0.152 0.085 0.245 0.246 0.239 0.303 0.120 0.215 0.029 0.205 0.385 0.363 0.346 0.237 0.628 
  91   (0.054) 0.030 0.182 0.014 0.041 0.049 0.044 0.054 0.023 0.061 0.006 0.026 0.081 0.075 0.011 0.055 0.024 
  85   (0.016) 0.003 0.170 0.034 0.010 0.014 0.011 0.000 0.002 0.012 0.002 0.005 0.001 0.001 0.003 0.015 0.002 

Locus 12 : 12 
13 alleles
0.4% missing data
 160   (0.213) 0.154 0.423 0.206 0.235 0.217 0.248 0.108 0.329 0.203 0.598 0.239 0.721 0.191 0.060 0.202 0.036 
 162   (0.246) 0.144 0.014 0.373 0.230 0.245 0.225 0.210 0.294 0.277 0.065 0.321 0.230 0.093 0.484 0.263 0.757 
 147   (0.050) 0.037 0.003 0.012 0.039 0.046 0.035 0.117 0.017 0.031 0.005 0.063 0.003 0.362 0.089 0.037 0.095 
 158   (0.230) 0.302 0.095 0.101 0.260 0.238 0.271 0.534 0.197 0.237 0.028 0.135 0.022 0.317 0.188 0.241 0.080 
 161   (0.110) 0.220 0.271 0.033 0.092 0.103 0.086 0.022 0.055 0.117 0.116 0.122 0.016 0.024 0.149 0.109 0.015 
 170   (0.051) 0.023 0.027 0.013 0.058 0.053 0.054 0.007 0.027 0.064 0.006 0.057 0.003 0.005 0.009 0.058 0.007 
 143   (0.030) 0.005 0.162 0.009 0.030 0.030 0.030 0.001 0.007 0.035 0.176 0.013 0.002 0.003 0.005 0.033 0.003 
 154   (0.016) 0.003 0.001 0.006 0.021 0.020 0.020 0.000 0.002 0.008 0.002 0.007 0.001 0.001 0.005 0.016 0.002 
 149   (0.022) 0.074 0.001 0.242 0.014 0.019 0.012 0.000 0.063 0.009 0.002 0.008 0.001 0.002 0.004 0.016 0.002 
 153   (0.012) 0.002 0.001 0.002 0.010 0.012 0.010 0.000 0.002 0.008 0.001 0.004 0.001 0.001 0.003 0.011 0.001 
 150   (0.006) 0.015 0.000 0.001 0.003 0.005 0.003 0.000 0.005 0.002 0.001 0.002 0.000 0.001 0.001 0.004 0.001 
 159   (0.008) 0.021 0.000 0.002 0.004 0.006 0.003 0.000 0.001 0.008 0.001 0.027 0.000 0.001 0.001 0.005 0.001 
 164   (0.006) 0.001 0.000 0.001 0.004 0.006 0.003 0.000 0.001 0.002 0.001 0.002 0.000 0.001 0.001 0.004 0.000 

Locus 13 : 13 
5 alleles
0.0% missing data
 108   (0.201) 0.181 0.297 0.050 0.207 0.200 0.234 0.164 0.071 0.220 0.337 0.146 0.199 0.151 0.145 0.211 0.409 
 115   (0.450) 0.432 0.378 0.689 0.426 0.450 0.422 0.581 0.586 0.468 0.090 0.482 0.284 0.311 0.502 0.468 0.527 
 113   (0.337) 0.384 0.324 0.259 0.358 0.340 0.336 0.255 0.341 0.307 0.572 0.368 0.516 0.536 0.351 0.313 0.063 
 109   (0.006) 0.001 0.000 0.001 0.005 0.006 0.005 0.000 0.001 0.002 0.001 0.002 0.000 0.001 0.001 0.004 0.001 
 110   (0.006) 0.001 0.000 0.001 0.004 0.005 0.003 0.000 0.001 0.004 0.001 0.003 0.000 0.001 0.001 0.004 0.000 

Locus 14 : 14 
5 alleles
1.2% missing data
 227   (0.137) 0.324 0.008 0.054 0.132 0.137 0.119 0.259 0.328 0.127 0.256 0.244 0.016 0.325 0.037 0.120 0.061 
 231   (0.156) 0.034 0.356 0.039 0.153 0.159 0.157 0.093 0.028 0.130 0.273 0.070 0.352 0.107 0.461 0.154 0.027 
 229   (0.507) 0.514 0.469 0.855 0.534 0.508 0.565 0.463 0.524 0.591 0.092 0.464 0.415 0.446 0.286 0.553 0.862 
 225   (0.138) 0.110 0.059 0.037 0.132 0.137 0.118 0.088 0.057 0.110 0.226 0.191 0.213 0.024 0.143 0.119 0.019 
 233   (0.063) 0.018 0.108 0.014 0.049 0.059 0.040 0.097 0.062 0.042 0.154 0.031 0.004 0.098 0.073 0.054 0.030 

Locus 15 : 15 
5 alleles
0.4% missing data
 143   (0.842) 0.757 0.621 0.937 0.840 0.843 0.847 0.970 0.901 0.884 0.719 0.919 0.817 0.978 0.873 0.862 0.983 
 157   (0.007) 0.001 0.000 0.001 0.003 0.005 0.003 0.018 0.001 0.002 0.001 0.002 0.000 0.001 0.001 0.004 0.001 
 145   (0.089) 0.056 0.184 0.049 0.097 0.090 0.087 0.011 0.078 0.060 0.273 0.051 0.006 0.015 0.115 0.074 0.010 
 147   (0.048) 0.182 0.194 0.010 0.052 0.049 0.048 0.001 0.018 0.030 0.006 0.024 0.145 0.005 0.008 0.041 0.005 
 133   (0.014) 0.004 0.001 0.002 0.009 0.012 0.015 0.000 0.002 0.024 0.001 0.004 0.032 0.001 0.002 0.019 0.002 

Locus 16 : 16 
5 alleles
0.2% missing data
 156   (0.227) 0.265 0.162 0.054 0.195 0.213 0.222 0.305 0.224 0.309 0.516 0.190 0.503 0.080 0.326 0.265 0.196 
 158   (0.541) 0.598 0.313 0.604 0.573 0.554 0.547 0.497 0.685 0.514 0.253 0.579 0.197 0.735 0.470 0.530 0.321 
 160   (0.138) 0.110 0.118 0.317 0.129 0.137 0.130 0.153 0.059 0.116 0.016 0.171 0.112 0.175 0.146 0.124 0.471 
 154   (0.084) 0.026 0.407 0.023 0.099 0.089 0.097 0.045 0.019 0.056 0.215 0.044 0.188 0.009 0.056 0.076 0.011 
 152   (0.009) 0.002 0.000 0.002 0.004 0.007 0.004 0.000 0.013 0.005 0.001 0.016 0.001 0.001 0.001 0.005 0.001 

Locus 17 : 17 
5 alleles
0.0% missing data
 102   (0.203) 0.243 0.038 0.346 0.192 0.198 0.160 0.249 0.087 0.188 0.024 0.374 0.198 0.164 0.184 0.175 0.095 
  90   (0.681) 0.717 0.321 0.376 0.662 0.677 0.696 0.722 0.891 0.718 0.576 0.562 0.794 0.809 0.794 0.714 0.604 
  88   (0.069) 0.016 0.468 0.270 0.073 0.072 0.065 0.029 0.011 0.052 0.007 0.041 0.005 0.022 0.013 0.065 0.297 
 100   (0.041) 0.007 0.171 0.008 0.070 0.048 0.077 0.001 0.011 0.040 0.391 0.019 0.002 0.004 0.009 0.042 0.004 
 104   (0.006) 0.016 0.000 0.001 0.003 0.005 0.003 0.000 0.001 0.003 0.001 0.004 0.000 0.001 0.001 0.004 0.001 

Locus 18 : 18 
7 alleles
0.0% missing data
 142   (0.124) 0.137 0.018 0.083 0.119 0.123 0.120 0.422 0.060 0.155 0.015 0.082 0.008 0.382 0.024 0.143 0.795 
 146   (0.076) 0.022 0.004 0.108 0.063 0.070 0.054 0.193 0.037 0.103 0.008 0.204 0.226 0.024 0.084 0.076 0.034 
 140   (0.292) 0.399 0.298 0.502 0.319 0.300 0.319 0.085 0.210 0.231 0.277 0.213 0.178 0.423 0.502 0.265 0.046 
 127   (0.300) 0.191 0.385 0.180 0.333 0.311 0.357 0.227 0.408 0.346 0.548 0.289 0.059 0.097 0.230 0.333 0.074 
 148   (0.099) 0.052 0.067 0.046 0.081 0.096 0.070 0.054 0.066 0.070 0.011 0.134 0.217 0.048 0.116 0.082 0.035 
 150   (0.055) 0.118 0.224 0.065 0.041 0.050 0.038 0.001 0.197 0.057 0.006 0.041 0.309 0.005 0.013 0.054 0.006 
 138   (0.053) 0.082 0.003 0.016 0.044 0.051 0.042 0.018 0.021 0.039 0.136 0.037 0.004 0.021 0.032 0.047 0.011 

Locus 19 : 19 
8 alleles
0.2% missing data
 188   (0.183) 0.310 0.011 0.045 0.193 0.189 0.191 0.095 0.120 0.178 0.019 0.121 0.169 0.172 0.066 0.193 0.566 
 190   (0.124) 0.194 0.041 0.380 0.089 0.110 0.091 0.419 0.227 0.092 0.013 0.073 0.200 0.326 0.244 0.106 0.014 
 194   (0.575) 0.469 0.555 0.197 0.605 0.585 0.613 0.483 0.568 0.619 0.956 0.576 0.480 0.491 0.601 0.599 0.410 
 202   (0.017) 0.003 0.042 0.003 0.011 0.015 0.009 0.000 0.002 0.008 0.002 0.006 0.145 0.001 0.003 0.012 0.001 
 200   (0.083) 0.020 0.313 0.373 0.091 0.085 0.085 0.002 0.080 0.094 0.008 0.218 0.005 0.008 0.080 0.076 0.007 
 192   (0.006) 0.001 0.000 0.001 0.005 0.005 0.004 0.000 0.001 0.002 0.001 0.002 0.000 0.001 0.004 0.004 0.000 
 196   (0.006) 0.001 0.000 0.001 0.003 0.005 0.004 0.000 0.001 0.005 0.001 0.002 0.000 0.001 0.001 0.006 0.000 
 198   (0.006) 0.001 0.038 0.001 0.003 0.005 0.002 0.000 0.001 0.002 0.001 0.002 0.000 0.001 0.001 0.004 0.000 

Locus 20 : 20 
6 alleles
0.8% missing data
 252   (0.700) 0.777 0.074 0.562 0.720 0.711 0.736 0.850 0.737 0.805 0.385 0.813 0.728 0.711 0.746 0.749 0.817 
 250   (0.084) 0.178 0.428 0.137 0.074 0.081 0.069 0.100 0.025 0.040 0.349 0.039 0.142 0.046 0.068 0.063 0.010 
 244   (0.023) 0.006 0.047 0.007 0.014 0.019 0.013 0.007 0.009 0.011 0.005 0.010 0.001 0.002 0.007 0.015 0.149 
 254   (0.078) 0.017 0.243 0.018 0.059 0.070 0.053 0.031 0.143 0.073 0.099 0.086 0.081 0.010 0.056 0.072 0.010 
 246   (0.094) 0.018 0.207 0.272 0.080 0.089 0.076 0.004 0.082 0.058 0.159 0.039 0.046 0.228 0.119 0.082 0.010 
 248   (0.022) 0.004 0.001 0.004 0.054 0.029 0.054 0.008 0.003 0.014 0.002 0.013 0.001 0.003 0.004 0.019 0.004 

Locus 21 : 21 
7 alleles
0.2% missing data
 173   (0.292) 0.554 0.208 0.075 0.241 0.278 0.246 0.373 0.558 0.351 0.120 0.424 0.212 0.145 0.313 0.313 0.152 
 177   (0.264) 0.261 0.041 0.508 0.320 0.278 0.319 0.276 0.233 0.242 0.271 0.257 0.166 0.639 0.081 0.254 0.181 
 175   (0.142) 0.063 0.504 0.038 0.126 0.136 0.117 0.025 0.081 0.119 0.486 0.096 0.257 0.024 0.322 0.131 0.017 
 167   (0.195) 0.095 0.069 0.090 0.188 0.194 0.201 0.320 0.111 0.223 0.111 0.170 0.122 0.178 0.142 0.209 0.639 
 163   (0.039) 0.012 0.108 0.008 0.036 0.038 0.033 0.002 0.008 0.024 0.004 0.018 0.228 0.004 0.015 0.033 0.004 
 165   (0.048) 0.010 0.070 0.277 0.057 0.051 0.052 0.003 0.007 0.029 0.006 0.023 0.013 0.009 0.123 0.039 0.005 
 159   (0.019) 0.005 0.001 0.004 0.032 0.026 0.031 0.000 0.002 0.012 0.002 0.012 0.001 0.002 0.003 0.022 0.002 

Locus 22 : 22 
11 alleles
0.6% missing data
 146   (0.232) 0.142 0.014 0.284 0.219 0.228 0.205 0.230 0.340 0.256 0.072 0.326 0.138 0.214 0.169 0.237 0.838 
 154   (0.007) 0.001 0.000 0.001 0.003 0.005 0.003 0.070 0.001 0.002 0.001 0.002 0.000 0.002 0.001 0.004 0.001 
 166   (0.091) 0.024 0.005 0.022 0.117 0.102 0.104 0.029 0.023 0.065 0.112 0.064 0.006 0.268 0.076 0.086 0.010 
 152   (0.422) 0.735 0.099 0.604 0.430 0.419 0.467 0.638 0.560 0.484 0.506 0.483 0.367 0.446 0.508 0.441 0.123 
 150   (0.030) 0.013 0.103 0.007 0.031 0.030 0.025 0.006 0.006 0.023 0.111 0.022 0.002 0.008 0.005 0.026 0.004 
 164   (0.035) 0.009 0.068 0.007 0.025 0.031 0.025 0.010 0.007 0.024 0.005 0.014 0.002 0.043 0.057 0.030 0.005 
 156   (0.019) 0.021 0.113 0.004 0.010 0.016 0.009 0.000 0.008 0.006 0.002 0.005 0.304 0.002 0.004 0.012 0.002 
 162   (0.053) 0.026 0.138 0.020 0.053 0.055 0.050 0.001 0.010 0.042 0.007 0.035 0.071 0.005 0.044 0.052 0.005 
 158   (0.089) 0.026 0.432 0.046 0.095 0.093 0.099 0.014 0.018 0.086 0.011 0.040 0.109 0.009 0.132 0.096 0.012 
 148   (0.009) 0.001 0.000 0.001 0.004 0.007 0.004 0.000 0.001 0.003 0.173 0.002 0.000 0.001 0.001 0.006 0.001 
 142   (0.014) 0.002 0.028 0.003 0.012 0.013 0.010 0.000 0.027 0.009 0.001 0.006 0.001 0.001 0.002 0.010 0.001 

Locus 23 : 23 
7 alleles
0.8% missing data
 152   (0.013) 0.002 0.001 0.002 0.007 0.010 0.006 0.062 0.002 0.004 0.001 0.004 0.001 0.091 0.002 0.008 0.001 
 156   (0.120) 0.093 0.431 0.028 0.133 0.123 0.165 0.033 0.028 0.177 0.015 0.068 0.029 0.091 0.125 0.156 0.013 
 144   (0.176) 0.242 0.244 0.050 0.159 0.171 0.147 0.185 0.313 0.127 0.605 0.171 0.641 0.152 0.194 0.147 0.026 
 160   (0.105) 0.166 0.012 0.322 0.111 0.103 0.107 0.182 0.058 0.070 0.013 0.128 0.106 0.298 0.138 0.081 0.012 
 154   (0.551) 0.489 0.172 0.591 0.555 0.558 0.546 0.536 0.594 0.601 0.362 0.609 0.221 0.364 0.530 0.576 0.922 
 158   (0.028) 0.006 0.140 0.006 0.029 0.028 0.025 0.003 0.004 0.016 0.003 0.018 0.002 0.003 0.010 0.025 0.025 
 146   (0.008) 0.001 0.000 0.001 0.006 0.008 0.005 0.000 0.001 0.004 0.001 0.003 0.000 0.001 0.001 0.007 0.001 

Locus 24 : 24 
4 alleles
0.4% missing data
  77   (0.082) 0.054 0.005 0.040 0.062 0.076 0.069 0.328 0.049 0.097 0.009 0.131 0.049 0.024 0.087 0.085 0.032 
  83   (0.462) 0.519 0.587 0.751 0.460 0.460 0.454 0.485 0.423 0.397 0.688 0.374 0.921 0.584 0.604 0.429 0.229 
  81   (0.367) 0.288 0.379 0.187 0.397 0.380 0.391 0.167 0.431 0.390 0.292 0.424 0.024 0.356 0.269 0.383 0.727 
  85   (0.088) 0.139 0.029 0.023 0.082 0.084 0.086 0.020 0.097 0.115 0.010 0.070 0.006 0.036 0.041 0.102 0.012 

Locus 25 : 25 
6 alleles
0.4% missing data
 132   (0.312) 0.234 0.021 0.204 0.323 0.320 0.303 0.532 0.416 0.278 0.181 0.269 0.456 0.123 0.457 0.296 0.910 
 124   (0.534) 0.640 0.469 0.753 0.535 0.533 0.575 0.395 0.448 0.619 0.415 0.568 0.534 0.837 0.419 0.583 0.067 
 126   (0.025) 0.006 0.011 0.005 0.016 0.022 0.014 0.058 0.003 0.010 0.003 0.008 0.001 0.025 0.005 0.018 0.003 
 122   (0.096) 0.112 0.475 0.032 0.102 0.094 0.087 0.014 0.129 0.079 0.108 0.142 0.006 0.011 0.100 0.077 0.017 
 120   (0.019) 0.003 0.022 0.003 0.013 0.017 0.012 0.000 0.002 0.008 0.292 0.006 0.001 0.002 0.004 0.014 0.002 
 136   (0.015) 0.005 0.002 0.003 0.010 0.014 0.009 0.001 0.002 0.006 0.002 0.006 0.001 0.002 0.015 0.011 0.001 

Locus 26 : 26 
7 alleles
0.2% missing data
 165   (0.248) 0.115 0.114 0.208 0.254 0.249 0.249 0.117 0.361 0.226 0.323 0.227 0.053 0.156 0.339 0.237 0.687 
 183   (0.350) 0.380 0.211 0.616 0.360 0.352 0.373 0.585 0.334 0.309 0.293 0.264 0.425 0.456 0.461 0.337 0.198 
 179   (0.089) 0.031 0.282 0.045 0.074 0.086 0.070 0.056 0.044 0.084 0.345 0.136 0.005 0.102 0.019 0.084 0.017 
 175   (0.246) 0.463 0.015 0.119 0.246 0.246 0.221 0.241 0.252 0.277 0.031 0.341 0.452 0.279 0.153 0.251 0.092 
 181   (0.051) 0.009 0.263 0.009 0.057 0.054 0.078 0.001 0.007 0.098 0.007 0.027 0.064 0.005 0.026 0.081 0.005 
 185   (0.009) 0.002 0.114 0.001 0.005 0.008 0.005 0.000 0.001 0.004 0.001 0.003 0.001 0.001 0.001 0.006 0.001 
 157   (0.006) 0.001 0.000 0.001 0.004 0.005 0.003 0.000 0.001 0.002 0.001 0.002 0.000 0.001 0.001 0.004 0.001 

Locus 27 : 27 
4 alleles
0.2% missing data
 142   (0.641) 0.768 0.523 0.716 0.667 0.648 0.665 0.705 0.828 0.624 0.307 0.644 0.743 0.600 0.682 0.631 0.339 
 148   (0.205) 0.163 0.266 0.052 0.204 0.205 0.200 0.075 0.070 0.205 0.676 0.145 0.064 0.183 0.248 0.209 0.378 
 138   (0.046) 0.012 0.048 0.022 0.034 0.041 0.031 0.210 0.027 0.022 0.006 0.021 0.003 0.205 0.017 0.033 0.272 
 150   (0.108) 0.057 0.163 0.209 0.094 0.106 0.104 0.010 0.075 0.149 0.012 0.190 0.190 0.012 0.053 0.127 0.011 

Locus 28 : 28 
6 alleles
0.8% missing data
 260   (0.383) 0.423 0.218 0.493 0.430 0.398 0.394 0.342 0.551 0.328 0.133 0.488 0.377 0.506 0.298 0.346 0.277 
 262   (0.510) 0.419 0.695 0.475 0.470 0.495 0.506 0.653 0.388 0.581 0.854 0.424 0.549 0.483 0.662 0.550 0.710 
 256   (0.076) 0.090 0.085 0.027 0.077 0.077 0.076 0.005 0.042 0.068 0.010 0.074 0.072 0.008 0.035 0.075 0.011 
 258   (0.010) 0.002 0.001 0.002 0.011 0.011 0.010 0.000 0.001 0.005 0.001 0.004 0.001 0.001 0.002 0.010 0.001 
 266   (0.006) 0.001 0.000 0.001 0.003 0.005 0.003 0.000 0.012 0.002 0.001 0.002 0.000 0.001 0.001 0.004 0.001 
 264   (0.015) 0.065 0.001 0.003 0.010 0.013 0.011 0.000 0.006 0.016 0.001 0.008 0.001 0.001 0.002 0.015 0.001 

Locus 29 : 29 
7 alleles
0.2% missing data
 146   (0.281) 0.461 0.324 0.461 0.336 0.292 0.341 0.168 0.149 0.250 0.035 0.220 0.334 0.299 0.349 0.263 0.084 
 150   (0.436) 0.380 0.239 0.182 0.419 0.434 0.436 0.708 0.598 0.551 0.140 0.531 0.289 0.427 0.407 0.493 0.161 
 140   (0.177) 0.131 0.390 0.124 0.166 0.176 0.151 0.079 0.147 0.146 0.813 0.203 0.057 0.032 0.169 0.159 0.690 
 148   (0.062) 0.013 0.035 0.150 0.044 0.057 0.040 0.037 0.043 0.030 0.007 0.025 0.317 0.227 0.049 0.048 0.059 
 152   (0.027) 0.013 0.010 0.063 0.026 0.028 0.025 0.001 0.060 0.017 0.003 0.013 0.002 0.003 0.004 0.026 0.004 
 151   (0.009) 0.001 0.001 0.007 0.005 0.007 0.004 0.005 0.001 0.004 0.001 0.005 0.001 0.011 0.002 0.006 0.002 
 142   (0.008) 0.001 0.000 0.013 0.004 0.006 0.003 0.001 0.001 0.003 0.001 0.002 0.000 0.001 0.019 0.005 0.001 

Locus 30 : 30 
6 alleles
0.2% missing data
 125   (0.283) 0.079 0.141 0.094 0.351 0.305 0.363 0.476 0.075 0.289 0.137 0.153 0.029 0.298 0.309 0.307 0.630 
 129   (0.430) 0.653 0.079 0.474 0.385 0.418 0.378 0.474 0.593 0.430 0.210 0.535 0.788 0.644 0.418 0.418 0.309 
 123   (0.153) 0.241 0.111 0.094 0.149 0.148 0.153 0.046 0.276 0.175 0.018 0.178 0.101 0.046 0.109 0.157 0.047 
 127   (0.086) 0.016 0.530 0.327 0.071 0.083 0.069 0.002 0.037 0.055 0.590 0.066 0.079 0.008 0.153 0.074 0.010 
 121   (0.012) 0.002 0.001 0.002 0.008 0.011 0.007 0.000 0.002 0.007 0.040 0.005 0.001 0.001 0.003 0.009 0.001 
 131   (0.036) 0.009 0.140 0.009 0.036 0.036 0.030 0.001 0.017 0.045 0.004 0.064 0.002 0.003 0.007 0.036 0.003 

Locus 31 : 31 
6 alleles
0.2% missing data
 159   (0.175) 0.385 0.200 0.061 0.149 0.166 0.163 0.139 0.190 0.247 0.020 0.261 0.012 0.111 0.295 0.201 0.062 
 155   (0.543) 0.257 0.422 0.479 0.609 0.562 0.596 0.689 0.601 0.480 0.524 0.369 0.709 0.850 0.424 0.529 0.590 
 157   (0.182) 0.128 0.060 0.436 0.156 0.177 0.164 0.091 0.175 0.211 0.114 0.293 0.020 0.029 0.255 0.191 0.299 
 153   (0.063) 0.224 0.307 0.015 0.059 0.062 0.052 0.078 0.028 0.040 0.096 0.063 0.004 0.006 0.012 0.049 0.044 
 151   (0.031) 0.006 0.010 0.007 0.023 0.029 0.022 0.002 0.004 0.020 0.245 0.011 0.256 0.003 0.013 0.026 0.004 
 163   (0.006) 0.001 0.000 0.001 0.004 0.005 0.003 0.001 0.001 0.003 0.001 0.002 0.000 0.001 0.001 0.004 0.001 

Locus 32 : 32 
5 alleles
0.0% missing data
 146   (0.323) 0.394 0.652 0.211 0.369 0.334 0.376 0.065 0.343 0.340 0.585 0.285 0.313 0.051 0.263 0.330 0.065 
 150   (0.566) 0.522 0.251 0.419 0.541 0.559 0.545 0.858 0.620 0.595 0.403 0.646 0.639 0.870 0.511 0.577 0.923 
 148   (0.059) 0.021 0.032 0.355 0.045 0.056 0.042 0.075 0.012 0.027 0.007 0.032 0.045 0.073 0.119 0.046 0.006 
 154   (0.038) 0.009 0.064 0.009 0.035 0.038 0.029 0.001 0.007 0.027 0.004 0.021 0.002 0.005 0.104 0.035 0.004 
 152   (0.014) 0.055 0.001 0.006 0.009 0.013 0.008 0.000 0.018 0.011 0.002 0.016 0.001 0.001 0.002 0.013 0.001 

Locus 33 : 33 
7 alleles
0.0% missing data
 180   (0.461) 0.193 0.357 0.509 0.477 0.469 0.466 0.609 0.411 0.434 0.699 0.432 0.672 0.366 0.528 0.458 0.426 
 196   (0.115) 0.217 0.025 0.025 0.112 0.113 0.107 0.187 0.131 0.109 0.013 0.106 0.007 0.207 0.050 0.106 0.117 
 184   (0.197) 0.451 0.185 0.083 0.180 0.192 0.188 0.146 0.324 0.169 0.264 0.099 0.071 0.121 0.277 0.187 0.430 
 194   (0.010) 0.002 0.001 0.002 0.005 0.008 0.004 0.040 0.001 0.003 0.001 0.003 0.001 0.030 0.002 0.006 0.001 
 192   (0.136) 0.116 0.165 0.362 0.128 0.136 0.138 0.005 0.111 0.196 0.015 0.250 0.182 0.013 0.099 0.161 0.015 
 198   (0.065) 0.014 0.265 0.016 0.088 0.068 0.086 0.012 0.011 0.065 0.007 0.039 0.067 0.261 0.021 0.065 0.009 
 190   (0.016) 0.007 0.001 0.003 0.010 0.014 0.011 0.000 0.011 0.024 0.002 0.072 0.001 0.002 0.023 0.017 0.002 

Locus 34 : 34 
6 alleles
0.0% missing data
 110   (0.189) 0.056 0.110 0.170 0.208 0.191 0.197 0.369 0.081 0.144 0.215 0.192 0.071 0.167 0.225 0.167 0.272 
 112   (0.348) 0.453 0.048 0.417 0.361 0.358 0.353 0.515 0.380 0.352 0.039 0.331 0.056 0.733 0.290 0.354 0.067 
 106   (0.278) 0.398 0.247 0.160 0.246 0.262 0.266 0.090 0.435 0.353 0.223 0.341 0.711 0.079 0.412 0.304 0.583 
  90   (0.038) 0.008 0.002 0.221 0.027 0.034 0.028 0.018 0.006 0.034 0.405 0.033 0.002 0.006 0.008 0.036 0.061 
 108   (0.138) 0.084 0.593 0.031 0.153 0.146 0.151 0.007 0.096 0.113 0.117 0.100 0.113 0.015 0.064 0.132 0.016 
  96   (0.010) 0.001 0.001 0.003 0.005 0.008 0.005 0.000 0.001 0.004 0.001 0.003 0.046 0.001 0.002 0.007 0.001 

Locus 35 : 35 
9 alleles
0.0% missing data
 166   (0.056) 0.035 0.003 0.110 0.043 0.050 0.034 0.287 0.155 0.035 0.007 0.039 0.004 0.185 0.054 0.041 0.009 
 176   (0.098) 0.022 0.098 0.033 0.087 0.096 0.096 0.130 0.014 0.098 0.012 0.042 0.015 0.377 0.221 0.106 0.022 
 172   (0.322) 0.418 0.165 0.271 0.371 0.333 0.351 0.453 0.420 0.291 0.040 0.415 0.586 0.212 0.134 0.296 0.450 
 170   (0.277) 0.284 0.349 0.197 0.248 0.269 0.249 0.122 0.217 0.240 0.614 0.205 0.326 0.155 0.520 0.262 0.483 
 174   (0.132) 0.034 0.042 0.364 0.134 0.132 0.155 0.005 0.163 0.241 0.015 0.217 0.062 0.015 0.047 0.182 0.012 
 178   (0.039) 0.060 0.002 0.010 0.039 0.042 0.040 0.002 0.009 0.029 0.005 0.024 0.003 0.050 0.008 0.041 0.016 
 168   (0.053) 0.018 0.321 0.012 0.056 0.055 0.055 0.001 0.019 0.053 0.305 0.036 0.003 0.005 0.013 0.056 0.005 
 186   (0.017) 0.129 0.019 0.003 0.016 0.017 0.016 0.000 0.002 0.010 0.002 0.021 0.001 0.002 0.003 0.012 0.001 
 158   (0.006) 0.001 0.000 0.001 0.005 0.006 0.004 0.000 0.001 0.002 0.001 0.002 0.000 0.001 0.001 0.005 0.000 

Locus 36 : 36 
6 alleles
0.0% missing data
  89   (0.572) 0.779 0.603 0.658 0.609 0.582 0.599 0.662 0.557 0.594 0.374 0.703 0.509 0.716 0.493 0.563 0.234 
  95   (0.061) 0.019 0.027 0.016 0.051 0.057 0.042 0.081 0.124 0.034 0.007 0.048 0.005 0.021 0.085 0.047 0.039 
  85   (0.162) 0.152 0.014 0.272 0.133 0.152 0.141 0.225 0.173 0.175 0.493 0.088 0.234 0.222 0.148 0.174 0.262 
  81   (0.061) 0.014 0.004 0.015 0.056 0.063 0.072 0.006 0.030 0.097 0.008 0.038 0.004 0.006 0.180 0.091 0.008 
  83   (0.125) 0.033 0.326 0.036 0.139 0.128 0.135 0.026 0.108 0.091 0.014 0.117 0.247 0.033 0.091 0.112 0.456 
  91   (0.019) 0.004 0.026 0.004 0.013 0.017 0.011 0.000 0.010 0.008 0.104 0.007 0.001 0.002 0.003 0.014 0.002 

Locus 37 : 37 
10 alleles
0.0% missing data
 161   (0.346) 0.124 0.708 0.425 0.338 0.341 0.375 0.576 0.268 0.419 0.431 0.319 0.374 0.529 0.396 0.386 0.087 
 165   (0.232) 0.247 0.113 0.089 0.264 0.240 0.253 0.165 0.342 0.183 0.132 0.188 0.099 0.279 0.185 0.207 0.060 
 159   (0.013) 0.002 0.001 0.002 0.010 0.011 0.007 0.036 0.005 0.009 0.001 0.007 0.001 0.008 0.002 0.010 0.001 
 173   (0.256) 0.424 0.170 0.418 0.238 0.250 0.219 0.126 0.194 0.250 0.224 0.346 0.515 0.081 0.388 0.243 0.164 
 169   (0.100) 0.184 0.006 0.054 0.100 0.102 0.101 0.087 0.118 0.105 0.206 0.107 0.006 0.097 0.021 0.105 0.684 
 167   (0.017) 0.003 0.001 0.004 0.016 0.016 0.013 0.009 0.003 0.016 0.002 0.020 0.001 0.002 0.003 0.017 0.002 
 168   (0.011) 0.002 0.001 0.002 0.010 0.011 0.009 0.000 0.001 0.005 0.001 0.004 0.001 0.001 0.002 0.010 0.001 
 155   (0.013) 0.003 0.001 0.002 0.017 0.016 0.017 0.000 0.002 0.008 0.001 0.006 0.001 0.001 0.002 0.014 0.001 
 177   (0.006) 0.001 0.000 0.002 0.004 0.005 0.004 0.000 0.001 0.003 0.001 0.003 0.000 0.001 0.001 0.004 0.000 
 175   (0.008) 0.010 0.000 0.001 0.003 0.006 0.003 0.000 0.067 0.002 0.001 0.002 0.000 0.001 0.001 0.004 0.001 

Locus 38 : 38 
6 alleles
0.6% missing data
  87   (0.094) 0.027 0.439 0.028 0.067 0.084 0.065 0.170 0.030 0.071 0.555 0.117 0.128 0.138 0.113 0.075 0.012 
  89   (0.435) 0.432 0.226 0.393 0.479 0.449 0.486 0.589 0.675 0.505 0.051 0.463 0.090 0.672 0.215 0.469 0.746 
  91   (0.163) 0.085 0.100 0.093 0.181 0.168 0.186 0.131 0.051 0.169 0.208 0.169 0.186 0.025 0.209 0.168 0.200 
  81   (0.117) 0.068 0.007 0.419 0.114 0.117 0.100 0.080 0.067 0.085 0.013 0.071 0.115 0.083 0.219 0.105 0.012 
  85   (0.185) 0.387 0.227 0.066 0.156 0.177 0.161 0.027 0.175 0.168 0.172 0.178 0.479 0.082 0.244 0.178 0.029 
  83   (0.006) 0.001 0.000 0.002 0.003 0.005 0.003 0.003 0.001 0.002 0.001 0.002 0.000 0.001 0.001 0.004 0.001 

Locus 39 : 39 
4 alleles
0.6% missing data
 167   (0.789) 0.934 0.392 0.812 0.787 0.785 0.802 0.911 0.686 0.845 0.685 0.846 0.859 0.928 0.948 0.809 0.932 
 161   (0.175) 0.058 0.459 0.175 0.183 0.181 0.174 0.088 0.223 0.127 0.312 0.121 0.138 0.068 0.045 0.160 0.060 
 165   (0.030) 0.006 0.149 0.011 0.025 0.028 0.019 0.001 0.089 0.026 0.003 0.031 0.002 0.003 0.006 0.027 0.007 
 177   (0.006) 0.001 0.000 0.001 0.006 0.006 0.005 0.000 0.001 0.002 0.001 0.002 0.001 0.001 0.001 0.004 0.000 

Locus 40 : 40 
6 alleles
0.4% missing data
 228   (0.417) 0.653 0.117 0.631 0.395 0.407 0.390 0.523 0.467 0.404 0.549 0.436 0.232 0.658 0.442 0.404 0.727 
 238   (0.336) 0.216 0.069 0.086 0.355 0.348 0.368 0.323 0.343 0.398 0.081 0.328 0.117 0.267 0.269 0.382 0.068 
 224   (0.023) 0.004 0.011 0.218 0.013 0.019 0.012 0.091 0.003 0.008 0.002 0.007 0.001 0.046 0.014 0.014 0.003 
 236   (0.105) 0.026 0.285 0.033 0.097 0.101 0.084 0.061 0.041 0.071 0.354 0.096 0.388 0.017 0.114 0.084 0.191 
 232   (0.012) 0.002 0.001 0.002 0.008 0.011 0.014 0.000 0.002 0.023 0.001 0.004 0.001 0.002 0.002 0.018 0.001 
 240   (0.107) 0.099 0.517 0.029 0.132 0.113 0.133 0.002 0.143 0.096 0.012 0.129 0.262 0.010 0.159 0.098 0.011 

Locus 41 : 41 
7 alleles
0.0% missing data
 128   (0.114) 0.048 0.007 0.238 0.111 0.109 0.118 0.138 0.287 0.130 0.012 0.126 0.032 0.062 0.072 0.119 0.233 
 130   (0.534) 0.471 0.737 0.515 0.565 0.544 0.566 0.612 0.393 0.552 0.060 0.539 0.781 0.593 0.515 0.547 0.693 
 114   (0.053) 0.011 0.003 0.010 0.042 0.051 0.039 0.109 0.007 0.031 0.500 0.025 0.003 0.041 0.076 0.045 0.033 
 132   (0.122) 0.406 0.007 0.028 0.111 0.118 0.120 0.132 0.160 0.132 0.014 0.126 0.047 0.285 0.152 0.125 0.019 
 118   (0.061) 0.024 0.071 0.036 0.051 0.056 0.047 0.002 0.090 0.064 0.204 0.099 0.130 0.006 0.011 0.054 0.009 
 134   (0.112) 0.040 0.174 0.171 0.117 0.116 0.108 0.006 0.062 0.087 0.209 0.084 0.007 0.012 0.172 0.107 0.013 
 136   (0.006) 0.001 0.000 0.001 0.004 0.005 0.003 0.000 0.001 0.002 0.001 0.002 0.000 0.001 0.001 0.004 0.001 

Locus 42 : 42 
6 alleles
1.2% missing data
 102   (0.269) 0.436 0.015 0.227 0.275 0.269 0.254 0.416 0.286 0.220 0.573 0.332 0.477 0.434 0.412 0.234 0.074 
 104   (0.406) 0.282 0.231 0.680 0.438 0.420 0.433 0.196 0.564 0.447 0.050 0.499 0.413 0.149 0.324 0.426 0.100 
  92   (0.107) 0.147 0.316 0.033 0.092 0.102 0.111 0.106 0.024 0.163 0.051 0.064 0.007 0.280 0.086 0.137 0.013 
  96   (0.073) 0.015 0.176 0.019 0.079 0.071 0.084 0.061 0.027 0.065 0.095 0.029 0.005 0.065 0.055 0.069 0.711 
  98   (0.138) 0.118 0.261 0.039 0.112 0.133 0.114 0.220 0.098 0.103 0.230 0.073 0.099 0.071 0.122 0.129 0.102 
 106   (0.006) 0.002 0.000 0.002 0.004 0.005 0.004 0.000 0.001 0.003 0.001 0.002 0.000 0.001 0.002 0.004 0.001 

Locus 43 : 43 
6 alleles
1.4% missing data
 101   (0.302) 0.420 0.368 0.220 0.274 0.294 0.283 0.471 0.234 0.364 0.035 0.293 0.181 0.215 0.470 0.330 0.089 
 103   (0.317) 0.431 0.108 0.135 0.317 0.325 0.292 0.177 0.446 0.267 0.227 0.389 0.351 0.372 0.279 0.292 0.461 
  99   (0.142) 0.039 0.182 0.575 0.156 0.143 0.177 0.031 0.097 0.160 0.415 0.070 0.009 0.217 0.064 0.158 0.076 
  95   (0.215) 0.106 0.335 0.065 0.230 0.215 0.228 0.321 0.220 0.198 0.169 0.239 0.458 0.193 0.182 0.202 0.373 
  97   (0.018) 0.003 0.006 0.003 0.018 0.017 0.014 0.000 0.002 0.009 0.152 0.006 0.001 0.002 0.003 0.014 0.002 
  91   (0.006) 0.001 0.000 0.001 0.006 0.006 0.005 0.000 0.001 0.002 0.001 0.002 0.000 0.001 0.001 0.004 0.001 

Locus 44 : 44 
7 alleles
0.2% missing data
 177   (0.079) 0.028 0.112 0.016 0.081 0.080 0.070 0.064 0.056 0.054 0.010 0.063 0.005 0.164 0.063 0.065 0.010 
 191   (0.285) 0.144 0.635 0.336 0.315 0.303 0.328 0.184 0.133 0.286 0.279 0.328 0.098 0.112 0.302 0.299 0.053 
 181   (0.568) 0.816 0.137 0.569 0.546 0.553 0.559 0.750 0.727 0.615 0.521 0.579 0.863 0.719 0.619 0.579 0.932 
 189   (0.007) 0.001 0.000 0.001 0.003 0.005 0.002 0.000 0.001 0.002 0.001 0.002 0.030 0.001 0.001 0.004 0.000 
 179   (0.043) 0.007 0.107 0.073 0.044 0.043 0.032 0.001 0.005 0.035 0.187 0.022 0.003 0.004 0.011 0.040 0.004 
 183   (0.009) 0.002 0.001 0.002 0.006 0.008 0.006 0.000 0.003 0.004 0.001 0.003 0.001 0.001 0.002 0.008 0.001 
 193   (0.010) 0.002 0.009 0.002 0.005 0.008 0.004 0.000 0.075 0.004 0.001 0.003 0.001 0.001 0.002 0.006 0.001 

Locus 45 : 45 
6 alleles
0.8% missing data
 205   (0.461) 0.536 0.311 0.530 0.505 0.472 0.481 0.504 0.539 0.419 0.248 0.433 0.406 0.547 0.537 0.440 0.869 
 211   (0.227) 0.226 0.393 0.293 0.211 0.227 0.241 0.251 0.099 0.288 0.342 0.187 0.274 0.107 0.186 0.273 0.045 
 207   (0.143) 0.196 0.071 0.051 0.132 0.142 0.120 0.127 0.241 0.114 0.017 0.161 0.200 0.191 0.091 0.128 0.063 
 201   (0.076) 0.024 0.040 0.031 0.062 0.070 0.070 0.069 0.026 0.096 0.381 0.143 0.005 0.118 0.082 0.078 0.012 
 215   (0.083) 0.015 0.178 0.094 0.072 0.077 0.070 0.050 0.092 0.078 0.010 0.073 0.114 0.035 0.103 0.073 0.010 
 202   (0.011) 0.002 0.007 0.002 0.018 0.012 0.018 0.000 0.002 0.004 0.001 0.004 0.001 0.001 0.002 0.007 0.001 

Locus 46 : 46 
10 alleles
1.0% missing data
 144   (0.065) 0.014 0.007 0.068 0.061 0.059 0.067 0.253 0.032 0.084 0.008 0.070 0.129 0.078 0.014 0.071 0.054 
 158   (0.157) 0.083 0.122 0.210 0.145 0.154 0.145 0.114 0.034 0.138 0.021 0.174 0.082 0.395 0.265 0.145 0.035 
 168   (0.140) 0.032 0.217 0.032 0.182 0.152 0.181 0.222 0.039 0.102 0.216 0.080 0.107 0.066 0.135 0.125 0.056 
 166   (0.138) 0.070 0.025 0.037 0.117 0.133 0.111 0.323 0.325 0.103 0.123 0.087 0.389 0.123 0.087 0.129 0.457 
 142   (0.362) 0.702 0.142 0.628 0.382 0.372 0.358 0.084 0.501 0.377 0.047 0.507 0.285 0.306 0.439 0.359 0.383 
 170   (0.016) 0.003 0.047 0.004 0.010 0.013 0.014 0.001 0.002 0.026 0.002 0.005 0.001 0.002 0.004 0.021 0.002 
 156   (0.028) 0.018 0.084 0.005 0.024 0.027 0.021 0.001 0.004 0.015 0.468 0.023 0.002 0.015 0.005 0.022 0.002 
 162   (0.046) 0.010 0.162 0.009 0.038 0.043 0.039 0.001 0.055 0.057 0.109 0.023 0.003 0.004 0.037 0.052 0.005 
 164   (0.042) 0.067 0.194 0.007 0.038 0.041 0.059 0.001 0.006 0.097 0.005 0.029 0.002 0.011 0.011 0.072 0.005 
 160   (0.006) 0.001 0.000 0.001 0.004 0.006 0.004 0.000 0.001 0.003 0.001 0.002 0.000 0.001 0.001 0.005 0.001 

Locus 47 : 47 
7 alleles
9.9% missing data
 149   (0.349) 0.363 0.771 0.501 0.372 0.356 0.359 0.209 0.409 0.335 0.347 0.345 0.335 0.188 0.083 0.346 0.467 
 151   (0.185) 0.176 0.087 0.356 0.162 0.177 0.159 0.208 0.105 0.164 0.083 0.195 0.012 0.577 0.372 0.174 0.122 
 153   (0.192) 0.298 0.042 0.074 0.189 0.190 0.177 0.365 0.413 0.194 0.029 0.264 0.025 0.130 0.179 0.184 0.104 
 147   (0.028) 0.005 0.002 0.007 0.020 0.026 0.029 0.034 0.004 0.043 0.004 0.011 0.002 0.031 0.005 0.038 0.003 
 145   (0.223) 0.153 0.041 0.055 0.242 0.231 0.259 0.182 0.066 0.240 0.533 0.176 0.625 0.072 0.357 0.236 0.301 
 152   (0.007) 0.001 0.001 0.003 0.004 0.005 0.003 0.002 0.001 0.003 0.001 0.002 0.000 0.001 0.001 0.004 0.001 
 143   (0.016) 0.003 0.057 0.003 0.012 0.015 0.014 0.000 0.002 0.021 0.002 0.006 0.001 0.002 0.003 0.018 0.001 

Values of parameters used in structure:
DATAFILE=temp2.str,	OUTFILE=k16/temp2_k16_run2,	NUMINDS=486,	NUMLOCI=47,	MISSING=-9,	LABEL=1,	POPDATA=1,	POPFLAG=0,	PHENOTYPE=0,	EXTRACOLS=0,	MAXPOPS=16,	BURNIN=500000,	NUMREPS=750000,	USEPOPINFO=0,	INFERALPHA=1,	INFERLAMBDA=0,	POPSPECIFICLAMBDA=0,	POPALPHAS=0,	COMPUTEPROB=1,	NOADMIX=0,	ADMBURNIN=500,	UPDATEFREQ=100,	PRINTLIKES=0,	INTERMEDSAVE=0,	PRINTKLD=0,	PRINTNET=1,	PRINTLAMBDA=1,	ANCESTDIST=0,	NUMBOXES=1000,	ANCESTPINT=0.90000,	GENSBACK=2,	MIGRPRIOR=0.01000,	PRINTQHAT=0,	PRINTQSUM=1,	ALPHA=1.0000,	FREQSCORR=1,	FPRIORMEAN=0.0100,	FPRIORSD=0.0500,	ONEFST=0,	LAMBDA=1.0000,	UNIFPRIORALPHA=1,	ALPHAMAX=10.0000,	ALPHAPRIORA=1.0000,	ALPHAPRIORB=2.0000,	ALPHAPROPSD=0.0250,	STARTATPOPINFO=0,	RANDOMIZE=0,	LINKAGE=0,	METROFREQ=10,	REPORTHITRATE=0,	MARKOVPHASE=0,	PHASED=1,	PLOIDY=2,	PHASEINFO=0	LOCPRIOR=0, 	LOCPRIORINIT=1.000000, 	LOCDATA=0, 	LOCISPOP=1, 	LOCPRIORSTEP=0.100000, 	MAXLOCPRIOR=20.000000, 	SEED=329015,	
[STRAT parameters]:    NUMSIMSTATS=1000,	PHENOTYPECOL=-9,	POOLFREQ=10,	LOCUSxONLY=0,	EMERROR=0.00100,	MISSINGPHENO=-9,	