

----------------------------------------------------
STRUCTURE by Pritchard, Stephens and Donnelly (2000)
     and Falush, Stephens and Pritchard (2003)
       Code by Pritchard, Falush and Hubisz
             Version 2.3.4 (Jul 2012)
----------------------------------------------------



Command line arguments:   structure -D 314413 -K 17 -m mainparams -o k17/temp2_k17_run7 
Input File:    temp2.str

Run parameters:
   486 individuals
   47 loci
   17 populations assumed
   500000 Burn-in period
   750000 Reps
RANDOMIZE turned off


--------------------------------------------
Proportion of membership of each pre-defined
 population in each of the 17 clusters

Given    Inferred Clusters                                                                                                         Number of
 Pop       1      2      3      4      5      6      7      8      9     10     11     12     13     14     15     16     17      Individuals

  1:     0.012  0.010  0.010  0.010  0.009  0.004  0.003  0.006  0.010  0.036  0.008  0.010  0.836  0.010  0.010  0.009  0.009       63
  2:     0.014  0.012  0.012  0.013  0.010  0.006  0.003  0.010  0.013  0.012  0.007  0.007  0.841  0.006  0.012  0.011  0.012       20
  3:     0.004  0.004  0.004  0.004  0.004  0.007  0.932  0.006  0.004  0.004  0.004  0.004  0.003  0.004  0.004  0.003  0.003       36
  4:     0.036  0.017  0.018  0.025  0.010  0.004  0.003  0.008  0.017  0.097  0.006  0.013  0.689  0.014  0.024  0.010  0.010       21
  5:     0.011  0.007  0.007  0.006  0.007  0.003  0.003  0.006  0.007  0.540  0.005  0.006  0.353  0.010  0.006  0.014  0.008       31
  6:     0.006  0.007  0.007  0.016  0.010  0.004  0.004  0.004  0.007  0.018  0.004  0.017  0.861  0.005  0.012  0.012  0.006       21
  7:     0.761  0.019  0.020  0.010  0.022  0.004  0.005  0.023  0.018  0.012  0.011  0.034  0.011  0.016  0.015  0.005  0.015       25
  8:     0.021  0.023  0.024  0.041  0.015  0.010  0.092  0.038  0.022  0.131  0.008  0.021  0.445  0.047  0.033  0.013  0.015        8
  9:     0.008  0.008  0.009  0.006  0.023  0.005  0.002  0.004  0.009  0.018  0.005  0.010  0.539  0.006  0.008  0.332  0.009       17
 10:     0.006  0.005  0.005  0.004  0.004  0.003  0.003  0.005  0.005  0.004  0.931  0.004  0.005  0.005  0.004  0.003  0.005       29
 11:     0.002  0.003  0.003  0.002  0.002  0.959  0.006  0.002  0.003  0.002  0.002  0.002  0.002  0.002  0.002  0.003  0.002        9
 12:     0.050  0.177  0.160  0.075  0.019  0.009  0.018  0.026  0.162  0.016  0.014  0.053  0.010  0.096  0.090  0.009  0.017       26
 13:     0.025  0.101  0.103  0.046  0.131  0.009  0.012  0.045  0.100  0.012  0.011  0.106  0.012  0.158  0.077  0.012  0.040       74
 14:     0.019  0.066  0.065  0.052  0.282  0.007  0.011  0.069  0.066  0.013  0.014  0.108  0.017  0.057  0.063  0.009  0.084       35
 15:     0.022  0.043  0.049  0.018  0.198  0.009  0.007  0.013  0.040  0.013  0.007  0.189  0.029  0.018  0.046  0.007  0.293       24
 16:     0.034  0.155  0.148  0.085  0.024  0.009  0.022  0.010  0.155  0.011  0.025  0.040  0.024  0.134  0.099  0.007  0.018       43
 17:     0.013  0.172  0.184  0.107  0.012  0.003  0.006  0.012  0.151  0.012  0.009  0.016  0.013  0.019  0.213  0.049  0.009        4
--------------------------------------------

Allele-freq. divergence among pops (Net nucleotide distance),
computed using point estimates of P.

      1       2       3       4       5       6       7       8       9      10      11      12      13      14      15      16      17      
 1      -    0.0193  0.0195  0.0496  0.0430  0.1079  0.1064  0.0630  0.0198  0.0576  0.0618  0.0393  0.0461  0.0277  0.0288  0.1245  0.0467  
 2   0.0193     -    0.0002  0.0201  0.0219  0.0993  0.0827  0.0516  0.0001  0.0395  0.0549  0.0174  0.0318  0.0109  0.0044  0.1042  0.0320  
 3   0.0195  0.0002     -    0.0208  0.0211  0.1003  0.0836  0.0511  0.0002  0.0401  0.0549  0.0167  0.0314  0.0114  0.0041  0.1021  0.0317  
 4   0.0496  0.0201  0.0208     -    0.0444  0.1197  0.1008  0.0717  0.0203  0.0588  0.0747  0.0392  0.0533  0.0316  0.0077  0.1311  0.0506  
 5   0.0430  0.0219  0.0211  0.0444     -    0.1329  0.1328  0.0705  0.0212  0.0684  0.0773  0.0261  0.0473  0.0345  0.0253  0.1249  0.0338  
 6   0.1079  0.0993  0.1003  0.1197  0.1329     -    0.1140  0.1720  0.1001  0.1446  0.1344  0.1275  0.1463  0.1111  0.1075  0.2046  0.1397  
 7   0.1064  0.0827  0.0836  0.1008  0.1328  0.1140     -    0.1359  0.0840  0.1408  0.1237  0.1132  0.1474  0.0949  0.0888  0.2183  0.1322  
 8   0.0630  0.0516  0.0511  0.0717  0.0705  0.1720  0.1359     -    0.0518  0.0843  0.1100  0.0611  0.0805  0.0684  0.0546  0.1560  0.0793  
 9   0.0198  0.0001  0.0002  0.0203  0.0212  0.1001  0.0840  0.0518     -    0.0402  0.0551  0.0170  0.0322  0.0118  0.0045  0.1041  0.0320  
10   0.0576  0.0395  0.0401  0.0588  0.0684  0.1446  0.1408  0.0843  0.0402     -    0.0956  0.0627  0.0414  0.0486  0.0440  0.1365  0.0708  
11   0.0618  0.0549  0.0549  0.0747  0.0773  0.1344  0.1237  0.1100  0.0551  0.0956     -    0.0747  0.0820  0.0678  0.0600  0.1625  0.0806  
12   0.0393  0.0174  0.0167  0.0392  0.0261  0.1275  0.1132  0.0611  0.0170  0.0627  0.0747     -    0.0496  0.0280  0.0207  0.1308  0.0345  
13   0.0461  0.0318  0.0314  0.0533  0.0473  0.1463  0.1474  0.0805  0.0322  0.0414  0.0820  0.0496     -    0.0370  0.0355  0.1073  0.0662  
14   0.0277  0.0109  0.0114  0.0316  0.0345  0.1111  0.0949  0.0684  0.0118  0.0486  0.0678  0.0280  0.0370     -    0.0165  0.1150  0.0431  
15   0.0288  0.0044  0.0041  0.0077  0.0253  0.1075  0.0888  0.0546  0.0045  0.0440  0.0600  0.0207  0.0355  0.0165     -    0.1072  0.0346  
16   0.1245  0.1042  0.1021  0.1311  0.1249  0.2046  0.2183  0.1560  0.1041  0.1365  0.1625  0.1308  0.1073  0.1150  0.1072     -    0.1573  
17   0.0467  0.0320  0.0317  0.0506  0.0338  0.1397  0.1322  0.0793  0.0320  0.0708  0.0806  0.0345  0.0662  0.0431  0.0346  0.1573     -    

Average distances (expected heterozygosity) between individuals in same cluster:
cluster  1  : 0.5937 
cluster  2  : 0.6428 
cluster  3  : 0.6429 
cluster  4  : 0.5861 
cluster  5  : 0.5545 
cluster  6  : 0.5320 
cluster  7  : 0.6311 
cluster  8  : 0.5307 
cluster  9  : 0.6408 
cluster 10  : 0.5365 
cluster 11  : 0.5434 
cluster 12  : 0.5815 
cluster 13  : 0.5364 
cluster 14  : 0.6037 
cluster 15  : 0.6251 
cluster 16  : 0.4291 
cluster 17  : 0.5554 

--------------------------------------------
Estimated Ln Prob of Data   = -53369.2
Mean value of ln likelihood = -50022.8
Variance of ln likelihood   = 6692.8
Mean value of alpha         = 0.0341

Mean value of Fst_1         = 0.0968
Mean value of Fst_2         = 0.0198
Mean value of Fst_3         = 0.0213
Mean value of Fst_4         = 0.2007
Mean value of Fst_5         = 0.1218
Mean value of Fst_6         = 0.3115
Mean value of Fst_7         = 0.1908
Mean value of Fst_8         = 0.2546
Mean value of Fst_9         = 0.0245
Mean value of Fst_10         = 0.1842
Mean value of Fst_11         = 0.2162
Mean value of Fst_12         = 0.1083
Mean value of Fst_13         = 0.1472
Mean value of Fst_14         = 0.0637
Mean value of Fst_15         = 0.1116
Mean value of Fst_16         = 0.4164
Mean value of Fst_17         = 0.1694


Inferred ancestry of individuals:
        Label (%Miss) Pop:  Inferred clusters
  1      221    (0)    1 :  0.018 0.007 0.006 0.008 0.009 0.003 0.003 0.003 0.007 0.008 0.002 0.006 0.893 0.009 0.007 0.005 0.007 
  2      222    (0)    1 :  0.007 0.009 0.009 0.013 0.009 0.004 0.003 0.010 0.008 0.506 0.009 0.007 0.381 0.008 0.009 0.006 0.004 
  3      223    (0)    1 :  0.008 0.009 0.010 0.009 0.011 0.003 0.006 0.006 0.009 0.008 0.003 0.010 0.857 0.029 0.010 0.008 0.005 
  4      224    (0)    1 :  0.004 0.003 0.003 0.003 0.003 0.001 0.001 0.004 0.003 0.005 0.004 0.002 0.951 0.003 0.003 0.006 0.002 
  5      225    (0)    1 :  0.003 0.006 0.006 0.007 0.004 0.002 0.002 0.004 0.006 0.006 0.004 0.004 0.928 0.006 0.006 0.004 0.004 
  6      226    (0)    1 :  0.013 0.005 0.005 0.003 0.003 0.006 0.001 0.007 0.005 0.003 0.002 0.003 0.924 0.011 0.004 0.004 0.002 
  7      227    (0)    1 :  0.037 0.011 0.011 0.007 0.005 0.015 0.007 0.004 0.012 0.003 0.004 0.006 0.844 0.017 0.007 0.005 0.005 
  8      228    (0)    1 :  0.007 0.009 0.008 0.012 0.029 0.003 0.004 0.009 0.010 0.007 0.005 0.010 0.850 0.009 0.011 0.013 0.004 
  9      234    (0)    1 :  0.003 0.004 0.004 0.003 0.005 0.003 0.001 0.004 0.004 0.008 0.002 0.004 0.938 0.004 0.004 0.004 0.004 
 10      235    (0)    1 :  0.004 0.003 0.004 0.004 0.003 0.004 0.001 0.002 0.003 0.009 0.002 0.003 0.946 0.003 0.004 0.004 0.002 
 11      236    (0)    1 :  0.005 0.003 0.003 0.002 0.002 0.002 0.001 0.002 0.002 0.004 0.002 0.002 0.950 0.003 0.002 0.014 0.002 
 12      237    (0)    1 :  0.003 0.004 0.004 0.003 0.004 0.002 0.002 0.003 0.004 0.009 0.002 0.006 0.937 0.006 0.004 0.002 0.005 
 13      238    (0)    1 :  0.024 0.009 0.009 0.006 0.004 0.003 0.006 0.004 0.009 0.038 0.011 0.013 0.836 0.009 0.008 0.003 0.006 
 14      239    (0)    1 :  0.074 0.027 0.025 0.019 0.018 0.006 0.002 0.007 0.028 0.020 0.013 0.008 0.660 0.038 0.018 0.026 0.010 
 15      240    (0)    1 :  0.006 0.003 0.004 0.003 0.003 0.002 0.001 0.004 0.003 0.006 0.003 0.003 0.943 0.003 0.004 0.006 0.004 
 16      242    (0)    1 :  0.011 0.069 0.068 0.016 0.019 0.001 0.001 0.007 0.058 0.258 0.002 0.022 0.296 0.128 0.034 0.003 0.007 
 17      243    (0)    1 :  0.020 0.013 0.015 0.007 0.005 0.016 0.002 0.008 0.015 0.015 0.014 0.007 0.829 0.010 0.013 0.006 0.005 
 18      244    (0)    1 :  0.022 0.008 0.007 0.008 0.003 0.012 0.003 0.003 0.008 0.015 0.003 0.003 0.877 0.017 0.007 0.002 0.002 
 19      245    (0)    1 :  0.012 0.013 0.015 0.007 0.008 0.008 0.025 0.007 0.014 0.004 0.007 0.014 0.772 0.008 0.016 0.048 0.022 
 20      246    (0)    1 :  0.003 0.004 0.005 0.004 0.003 0.005 0.003 0.003 0.004 0.011 0.003 0.003 0.937 0.003 0.005 0.003 0.002 
 21      248    (0)    1 :  0.005 0.007 0.008 0.006 0.004 0.003 0.003 0.002 0.007 0.048 0.019 0.005 0.856 0.009 0.006 0.009 0.004 
 22      249    (0)    1 :  0.004 0.002 0.002 0.002 0.002 0.001 0.001 0.004 0.002 0.002 0.002 0.002 0.964 0.003 0.002 0.002 0.002 
 23      250    (0)    1 :  0.009 0.015 0.014 0.008 0.011 0.006 0.006 0.006 0.015 0.005 0.009 0.021 0.834 0.010 0.012 0.013 0.006 
 24      251    (0)    1 :  0.004 0.005 0.005 0.008 0.011 0.004 0.001 0.002 0.005 0.016 0.003 0.009 0.904 0.006 0.007 0.005 0.006 
 25      252    (0)    1 :  0.007 0.007 0.008 0.005 0.010 0.001 0.002 0.008 0.009 0.004 0.037 0.021 0.853 0.007 0.007 0.004 0.010 
 26      253    (0)    1 :  0.007 0.023 0.025 0.010 0.004 0.003 0.014 0.004 0.024 0.003 0.022 0.005 0.811 0.021 0.016 0.006 0.002 
 27      254    (0)    1 :  0.008 0.005 0.005 0.008 0.003 0.002 0.002 0.003 0.005 0.004 0.003 0.005 0.924 0.007 0.006 0.004 0.004 
 28      255    (0)    1 :  0.054 0.020 0.017 0.013 0.012 0.003 0.002 0.004 0.021 0.290 0.006 0.007 0.503 0.013 0.012 0.017 0.005 
 29      256    (0)    1 :  0.003 0.010 0.010 0.005 0.004 0.002 0.004 0.013 0.010 0.055 0.002 0.007 0.853 0.005 0.009 0.003 0.004 
 30      257    (0)    1 :  0.019 0.008 0.008 0.011 0.010 0.003 0.002 0.003 0.008 0.007 0.009 0.010 0.868 0.011 0.010 0.003 0.010 
 31      258    (0)    1 :  0.011 0.011 0.010 0.005 0.010 0.002 0.005 0.003 0.010 0.026 0.003 0.011 0.853 0.009 0.008 0.010 0.013 
 32      259    (0)    1 :  0.004 0.006 0.006 0.088 0.004 0.002 0.001 0.003 0.006 0.006 0.002 0.004 0.802 0.005 0.045 0.002 0.012 
 33      260    (0)    1 :  0.025 0.006 0.007 0.003 0.005 0.006 0.002 0.003 0.006 0.005 0.071 0.006 0.820 0.004 0.005 0.022 0.003 
 34      261    (0)    1 :  0.015 0.012 0.013 0.007 0.014 0.002 0.002 0.005 0.013 0.005 0.008 0.058 0.723 0.004 0.011 0.003 0.106 
 35      262    (0)    1 :  0.002 0.002 0.002 0.003 0.003 0.001 0.001 0.003 0.002 0.006 0.002 0.002 0.962 0.002 0.002 0.002 0.002 
 36      263    (0)    1 :  0.042 0.005 0.006 0.004 0.003 0.005 0.003 0.005 0.006 0.014 0.025 0.006 0.857 0.005 0.005 0.005 0.004 
 37      264    (0)    1 :  0.006 0.005 0.005 0.006 0.004 0.001 0.001 0.013 0.004 0.009 0.003 0.005 0.917 0.004 0.005 0.003 0.009 
 38      265    (0)    1 :  0.019 0.006 0.006 0.005 0.006 0.002 0.001 0.005 0.006 0.019 0.037 0.004 0.864 0.003 0.005 0.007 0.007 
 39      266    (0)    1 :  0.002 0.003 0.003 0.003 0.003 0.001 0.001 0.002 0.003 0.006 0.002 0.003 0.953 0.003 0.003 0.005 0.002 
 40      267    (0)    1 :  0.003 0.003 0.003 0.003 0.004 0.002 0.001 0.003 0.003 0.026 0.001 0.002 0.933 0.005 0.003 0.002 0.002 
 41      268    (0)    1 :  0.006 0.006 0.007 0.004 0.005 0.008 0.001 0.004 0.007 0.004 0.049 0.009 0.870 0.007 0.005 0.003 0.004 
 42      269    (0)    1 :  0.004 0.003 0.003 0.002 0.003 0.001 0.001 0.002 0.003 0.008 0.002 0.003 0.931 0.003 0.003 0.019 0.006 
 43      270    (0)    1 :  0.006 0.003 0.003 0.003 0.004 0.002 0.001 0.022 0.003 0.004 0.002 0.003 0.928 0.005 0.003 0.003 0.003 
 44      271    (0)    1 :  0.012 0.026 0.024 0.021 0.007 0.003 0.006 0.007 0.035 0.010 0.009 0.026 0.682 0.014 0.018 0.076 0.024 
 45      272    (0)    1 :  0.008 0.027 0.028 0.034 0.008 0.006 0.001 0.020 0.024 0.383 0.004 0.009 0.296 0.007 0.032 0.013 0.100 
 46      273    (0)    1 :  0.039 0.015 0.015 0.009 0.016 0.002 0.004 0.019 0.014 0.015 0.002 0.007 0.795 0.016 0.012 0.010 0.010 
 47      274    (0)    1 :  0.009 0.005 0.005 0.003 0.006 0.003 0.002 0.003 0.005 0.004 0.006 0.006 0.912 0.005 0.004 0.006 0.015 
 48      275    (2)    1 :  0.007 0.004 0.004 0.005 0.005 0.002 0.002 0.003 0.004 0.008 0.002 0.003 0.935 0.005 0.005 0.003 0.003 
 49      276    (0)    1 :  0.005 0.007 0.006 0.005 0.006 0.002 0.001 0.004 0.006 0.006 0.004 0.011 0.909 0.008 0.006 0.005 0.008 
 50      277    (0)    1 :  0.008 0.011 0.015 0.008 0.043 0.001 0.001 0.007 0.013 0.003 0.002 0.069 0.775 0.006 0.020 0.012 0.007 
 51      278    (0)    1 :  0.005 0.009 0.008 0.020 0.017 0.007 0.001 0.002 0.014 0.018 0.004 0.054 0.801 0.010 0.012 0.005 0.009 
 52      279    (0)    1 :  0.006 0.016 0.015 0.012 0.006 0.002 0.002 0.004 0.015 0.016 0.003 0.008 0.866 0.009 0.014 0.003 0.004 
 53      280    (0)    1 :  0.019 0.011 0.011 0.016 0.026 0.003 0.002 0.003 0.011 0.007 0.005 0.014 0.773 0.011 0.013 0.066 0.008 
 54      287    (0)    1 :  0.013 0.014 0.015 0.016 0.011 0.004 0.003 0.006 0.015 0.004 0.006 0.009 0.853 0.007 0.016 0.003 0.006 
 55      290    (0)    1 :  0.010 0.012 0.013 0.012 0.010 0.006 0.002 0.016 0.012 0.090 0.003 0.008 0.768 0.009 0.013 0.006 0.012 
 56      291    (0)    1 :  0.006 0.008 0.008 0.051 0.030 0.003 0.002 0.003 0.008 0.003 0.005 0.012 0.807 0.005 0.027 0.012 0.009 
 57      295    (0)    1 :  0.004 0.004 0.004 0.003 0.030 0.001 0.001 0.003 0.004 0.006 0.003 0.006 0.917 0.003 0.004 0.003 0.006 
 58      296    (0)    1 :  0.004 0.004 0.004 0.003 0.003 0.003 0.002 0.010 0.004 0.009 0.005 0.005 0.925 0.009 0.004 0.005 0.003 
 59      872    (2)    1 :  0.005 0.006 0.005 0.005 0.004 0.006 0.005 0.005 0.006 0.096 0.007 0.006 0.827 0.004 0.005 0.004 0.004 
 60      873    (4)    1 :  0.014 0.014 0.013 0.022 0.003 0.004 0.003 0.018 0.013 0.028 0.003 0.009 0.816 0.011 0.017 0.010 0.003 
 61      874    (2)    1 :  0.005 0.004 0.004 0.013 0.007 0.001 0.001 0.004 0.004 0.011 0.002 0.019 0.897 0.007 0.008 0.002 0.009 
 62      875    (0)    1 :  0.006 0.005 0.005 0.004 0.005 0.018 0.004 0.003 0.005 0.015 0.002 0.004 0.904 0.006 0.004 0.006 0.004 
 63      876    (6)    1 :  0.021 0.008 0.008 0.005 0.014 0.001 0.002 0.004 0.008 0.005 0.011 0.013 0.863 0.019 0.007 0.005 0.007 
 64      212    (0)   10 :  0.002 0.003 0.002 0.004 0.004 0.001 0.002 0.003 0.003 0.003 0.957 0.004 0.002 0.003 0.003 0.002 0.003 
 65      213    (0)   10 :  0.003 0.004 0.004 0.003 0.007 0.003 0.002 0.003 0.004 0.002 0.932 0.007 0.004 0.006 0.004 0.008 0.003 
 66      214    (0)   10 :  0.006 0.005 0.005 0.005 0.003 0.001 0.003 0.002 0.005 0.006 0.930 0.004 0.004 0.006 0.005 0.002 0.007 
 67      215    (0)   10 :  0.004 0.004 0.004 0.005 0.008 0.003 0.002 0.003 0.004 0.004 0.935 0.004 0.005 0.004 0.004 0.003 0.003 
 68      216    (0)   10 :  0.003 0.003 0.003 0.004 0.005 0.002 0.001 0.003 0.003 0.002 0.949 0.004 0.004 0.002 0.004 0.004 0.003 
 69      217    (0)   10 :  0.004 0.005 0.005 0.005 0.003 0.002 0.002 0.006 0.005 0.004 0.926 0.004 0.005 0.009 0.005 0.004 0.005 
 70      218    (0)   10 :  0.003 0.003 0.003 0.003 0.003 0.002 0.003 0.004 0.003 0.002 0.956 0.003 0.003 0.003 0.003 0.002 0.003 
 71      332    (0)   10 :  0.014 0.006 0.008 0.006 0.007 0.005 0.002 0.035 0.006 0.007 0.854 0.009 0.010 0.010 0.008 0.003 0.009 
 72      333    (0)   10 :  0.026 0.012 0.012 0.012 0.006 0.010 0.008 0.006 0.014 0.012 0.837 0.004 0.010 0.009 0.010 0.004 0.008 
 73      334    (0)   10 :  0.007 0.004 0.004 0.005 0.004 0.003 0.002 0.006 0.004 0.002 0.927 0.006 0.008 0.005 0.004 0.003 0.004 
 74      335    (0)   10 :  0.003 0.003 0.003 0.003 0.005 0.002 0.002 0.002 0.003 0.002 0.958 0.002 0.002 0.003 0.003 0.001 0.005 
 75      336    (0)   10 :  0.005 0.002 0.003 0.002 0.002 0.014 0.002 0.003 0.002 0.005 0.943 0.003 0.003 0.002 0.002 0.004 0.002 
 76      337    (0)   10 :  0.010 0.005 0.004 0.005 0.003 0.002 0.003 0.002 0.005 0.008 0.926 0.003 0.009 0.006 0.005 0.002 0.003 
 77      673    (0)   10 :  0.002 0.001 0.001 0.001 0.002 0.001 0.001 0.001 0.001 0.001 0.977 0.001 0.002 0.001 0.001 0.001 0.002 
 78      674    (0)   10 :  0.005 0.005 0.005 0.006 0.003 0.002 0.002 0.007 0.005 0.005 0.932 0.004 0.004 0.002 0.005 0.002 0.005 
 79      675    (0)   10 :  0.005 0.004 0.004 0.003 0.007 0.005 0.002 0.003 0.005 0.002 0.938 0.005 0.003 0.003 0.004 0.004 0.003 
 80      676    (0)   10 :  0.006 0.004 0.005 0.004 0.008 0.001 0.002 0.005 0.004 0.002 0.929 0.006 0.003 0.008 0.004 0.001 0.007 
 81      677    (0)   10 :  0.004 0.003 0.003 0.005 0.003 0.002 0.001 0.002 0.003 0.003 0.945 0.003 0.006 0.005 0.004 0.002 0.004 
 82      678    (0)   10 :  0.003 0.011 0.009 0.008 0.008 0.004 0.003 0.003 0.009 0.012 0.892 0.005 0.007 0.007 0.009 0.004 0.006 
 83      679    (0)   10 :  0.006 0.006 0.007 0.004 0.002 0.002 0.024 0.015 0.006 0.002 0.900 0.005 0.004 0.005 0.007 0.001 0.004 
 84      680    (0)   10 :  0.012 0.005 0.005 0.004 0.006 0.005 0.002 0.007 0.005 0.003 0.915 0.007 0.004 0.004 0.005 0.003 0.009 
 85      681    (0)   10 :  0.007 0.006 0.005 0.005 0.005 0.002 0.002 0.004 0.006 0.003 0.927 0.005 0.006 0.008 0.004 0.002 0.003 
 86      682    (0)   10 :  0.002 0.002 0.002 0.002 0.002 0.004 0.002 0.002 0.002 0.002 0.965 0.002 0.002 0.002 0.002 0.003 0.002 
 87      683    (0)   10 :  0.007 0.005 0.006 0.005 0.004 0.002 0.002 0.006 0.007 0.003 0.927 0.004 0.005 0.003 0.005 0.004 0.004 
 88      684    (0)   10 :  0.006 0.005 0.005 0.007 0.005 0.003 0.002 0.003 0.005 0.003 0.931 0.005 0.002 0.003 0.006 0.002 0.008 
 89      685    (0)   10 :  0.009 0.006 0.006 0.006 0.003 0.003 0.005 0.003 0.006 0.006 0.927 0.003 0.003 0.004 0.006 0.003 0.003 
 90      686    (0)   10 :  0.003 0.002 0.002 0.002 0.002 0.003 0.004 0.002 0.002 0.002 0.963 0.002 0.002 0.002 0.002 0.002 0.002 
 91      687    (0)   10 :  0.004 0.002 0.002 0.002 0.004 0.002 0.001 0.002 0.002 0.002 0.965 0.002 0.002 0.002 0.002 0.002 0.002 
 92      688    (0)   10 :  0.006 0.003 0.003 0.003 0.004 0.002 0.001 0.005 0.004 0.004 0.928 0.006 0.007 0.004 0.003 0.003 0.014 
 93      070    (0)   11 :  0.003 0.005 0.004 0.003 0.002 0.947 0.008 0.002 0.004 0.003 0.002 0.003 0.002 0.003 0.003 0.001 0.003 
 94      071    (0)   11 :  0.004 0.003 0.003 0.003 0.003 0.952 0.001 0.002 0.003 0.002 0.005 0.003 0.002 0.003 0.003 0.006 0.003 
 95      072    (0)   11 :  0.002 0.002 0.002 0.001 0.002 0.969 0.005 0.001 0.002 0.002 0.001 0.001 0.001 0.002 0.002 0.003 0.002 
 96      151    (0)   11 :  0.002 0.001 0.001 0.002 0.002 0.976 0.002 0.001 0.002 0.001 0.001 0.002 0.001 0.001 0.001 0.001 0.002 
 97      152    (0)   11 :  0.004 0.006 0.005 0.005 0.005 0.941 0.002 0.002 0.005 0.002 0.002 0.003 0.003 0.004 0.005 0.005 0.003 
 98      153    (2)   11 :  0.002 0.001 0.001 0.001 0.001 0.977 0.002 0.001 0.001 0.002 0.001 0.001 0.001 0.001 0.001 0.001 0.001 
 99      788    (4)   11 :  0.002 0.003 0.003 0.002 0.003 0.934 0.030 0.001 0.003 0.001 0.002 0.003 0.002 0.002 0.003 0.003 0.003 
100      789    (2)   11 :  0.002 0.002 0.002 0.002 0.002 0.968 0.002 0.001 0.002 0.002 0.003 0.002 0.002 0.002 0.002 0.002 0.002 
101      790    (0)   11 :  0.002 0.002 0.002 0.002 0.002 0.971 0.001 0.001 0.002 0.002 0.001 0.001 0.002 0.002 0.002 0.003 0.001 
102      010    (0)   12 :  0.009 0.218 0.197 0.159 0.005 0.002 0.013 0.006 0.255 0.007 0.004 0.009 0.005 0.016 0.083 0.008 0.004 
103      024    (0)   12 :  0.010 0.231 0.227 0.069 0.009 0.006 0.046 0.008 0.202 0.005 0.010 0.013 0.006 0.013 0.098 0.005 0.041 
104      051    (0)   12 :  0.241 0.184 0.149 0.074 0.006 0.013 0.045 0.005 0.132 0.007 0.008 0.009 0.005 0.029 0.085 0.004 0.005 
105      090    (0)   12 :  0.056 0.206 0.187 0.069 0.014 0.007 0.020 0.012 0.202 0.009 0.005 0.013 0.007 0.086 0.097 0.003 0.007 
106      102    (0)   12 :  0.017 0.144 0.149 0.045 0.061 0.002 0.002 0.011 0.123 0.031 0.003 0.150 0.030 0.035 0.180 0.004 0.013 
107      111    (0)   12 :  0.011 0.212 0.163 0.098 0.006 0.002 0.004 0.005 0.168 0.023 0.004 0.019 0.005 0.077 0.107 0.067 0.028 
108      113    (0)   12 :  0.091 0.189 0.134 0.122 0.022 0.006 0.006 0.007 0.141 0.033 0.005 0.031 0.005 0.056 0.096 0.003 0.053 
109      138    (0)   12 :  0.015 0.069 0.074 0.030 0.012 0.050 0.005 0.003 0.065 0.003 0.075 0.012 0.009 0.533 0.035 0.003 0.006 
110      150    (0)   12 :  0.063 0.021 0.028 0.009 0.031 0.015 0.026 0.006 0.021 0.008 0.004 0.630 0.016 0.068 0.031 0.002 0.021 
111      173    (2)   12 :  0.163 0.202 0.169 0.057 0.013 0.021 0.018 0.034 0.153 0.006 0.011 0.015 0.005 0.025 0.068 0.007 0.035 
112      174    (2)   12 :  0.016 0.155 0.124 0.104 0.003 0.024 0.029 0.005 0.121 0.026 0.003 0.004 0.007 0.292 0.066 0.004 0.016 
113      175    (0)   12 :  0.021 0.241 0.204 0.092 0.007 0.006 0.060 0.005 0.218 0.013 0.003 0.016 0.003 0.017 0.088 0.002 0.005 
114      176    (0)   12 :  0.008 0.245 0.165 0.136 0.005 0.005 0.004 0.003 0.207 0.020 0.010 0.016 0.014 0.014 0.134 0.007 0.006 
115      177    (0)   12 :  0.225 0.200 0.143 0.066 0.009 0.003 0.008 0.004 0.150 0.008 0.002 0.009 0.003 0.047 0.074 0.002 0.046 
116      180    (0)   12 :  0.110 0.190 0.134 0.079 0.005 0.004 0.002 0.004 0.136 0.120 0.007 0.005 0.022 0.111 0.061 0.004 0.006 
117      184    (0)   12 :  0.015 0.097 0.106 0.040 0.017 0.014 0.010 0.039 0.095 0.004 0.005 0.095 0.006 0.374 0.066 0.005 0.014 
118      195    (0)   12 :  0.013 0.254 0.213 0.100 0.011 0.005 0.007 0.005 0.217 0.004 0.014 0.014 0.005 0.013 0.085 0.033 0.008 
119      198    (0)   12 :  0.018 0.151 0.153 0.068 0.007 0.003 0.009 0.003 0.145 0.016 0.007 0.015 0.011 0.276 0.080 0.034 0.005 
120      203    (0)   12 :  0.010 0.205 0.198 0.112 0.006 0.009 0.002 0.008 0.315 0.009 0.005 0.029 0.007 0.010 0.064 0.003 0.010 
121      211    (0)   12 :  0.008 0.210 0.168 0.090 0.010 0.003 0.004 0.004 0.179 0.004 0.079 0.046 0.028 0.024 0.107 0.003 0.035 
122      220    (0)   12 :  0.073 0.141 0.149 0.046 0.024 0.002 0.005 0.010 0.152 0.008 0.010 0.184 0.004 0.039 0.107 0.008 0.038 
123      233    (0)   12 :  0.017 0.178 0.190 0.055 0.175 0.005 0.002 0.031 0.175 0.004 0.043 0.004 0.009 0.015 0.076 0.002 0.019 
124      331    (0)   12 :  0.036 0.212 0.211 0.097 0.005 0.006 0.029 0.008 0.238 0.006 0.004 0.014 0.005 0.023 0.088 0.009 0.010 
125      349    (0)   12 :  0.036 0.090 0.088 0.032 0.012 0.009 0.096 0.448 0.076 0.010 0.006 0.007 0.008 0.010 0.062 0.006 0.004 
126      410    (0)   12 :  0.017 0.204 0.227 0.052 0.003 0.003 0.006 0.005 0.162 0.010 0.023 0.005 0.008 0.199 0.067 0.003 0.007 
127      417    (2)   12 :  0.006 0.160 0.214 0.058 0.007 0.002 0.005 0.008 0.153 0.008 0.005 0.016 0.023 0.094 0.229 0.007 0.004 
128      421    (0)   13 :  0.004 0.007 0.006 0.006 0.860 0.002 0.001 0.008 0.010 0.003 0.005 0.006 0.007 0.008 0.006 0.053 0.008 
129      423    (0)   13 :  0.009 0.271 0.200 0.094 0.004 0.008 0.007 0.023 0.218 0.010 0.002 0.019 0.005 0.026 0.097 0.003 0.003 
130      424    (0)   13 :  0.338 0.109 0.099 0.035 0.005 0.002 0.010 0.007 0.095 0.030 0.003 0.007 0.016 0.159 0.063 0.005 0.017 
131      433    (0)   13 :  0.007 0.067 0.135 0.018 0.153 0.002 0.007 0.003 0.076 0.004 0.015 0.163 0.004 0.110 0.203 0.002 0.031 
132      462    (0)   13 :  0.075 0.204 0.147 0.071 0.075 0.002 0.005 0.011 0.140 0.008 0.021 0.030 0.007 0.054 0.130 0.006 0.015 
133      463    (0)   13 :  0.007 0.212 0.201 0.082 0.007 0.003 0.028 0.051 0.187 0.006 0.003 0.013 0.012 0.075 0.085 0.022 0.007 
134      467    (0)   13 :  0.014 0.018 0.021 0.021 0.363 0.007 0.008 0.018 0.018 0.005 0.011 0.212 0.030 0.007 0.022 0.004 0.220 
135      468    (0)   13 :  0.008 0.008 0.009 0.005 0.092 0.003 0.002 0.765 0.008 0.008 0.002 0.025 0.016 0.006 0.008 0.026 0.011 
136      469    (0)   13 :  0.005 0.114 0.137 0.029 0.124 0.002 0.002 0.004 0.101 0.008 0.003 0.077 0.051 0.053 0.216 0.030 0.045 
137      472    (0)   13 :  0.012 0.161 0.173 0.202 0.038 0.004 0.028 0.007 0.147 0.002 0.007 0.022 0.007 0.022 0.148 0.015 0.004 
138      473    (0)   13 :  0.007 0.025 0.027 0.020 0.006 0.003 0.011 0.796 0.027 0.004 0.007 0.008 0.003 0.019 0.024 0.005 0.010 
139      474    (0)   13 :  0.003 0.003 0.003 0.003 0.004 0.001 0.001 0.014 0.003 0.003 0.005 0.938 0.005 0.004 0.003 0.002 0.004 
140      475    (0)   13 :  0.009 0.146 0.115 0.068 0.298 0.003 0.014 0.026 0.148 0.006 0.003 0.042 0.004 0.030 0.064 0.003 0.022 
141      476    (2)   13 :  0.004 0.005 0.005 0.005 0.004 0.008 0.010 0.017 0.006 0.005 0.009 0.895 0.003 0.003 0.005 0.002 0.011 
142      477    (0)   13 :  0.007 0.137 0.243 0.044 0.014 0.005 0.011 0.012 0.139 0.005 0.017 0.013 0.007 0.010 0.327 0.003 0.006 
143      478    (0)   13 :  0.016 0.187 0.158 0.063 0.021 0.002 0.003 0.004 0.169 0.054 0.003 0.011 0.012 0.008 0.106 0.003 0.180 
144      479    (0)   13 :  0.009 0.012 0.013 0.007 0.051 0.003 0.001 0.004 0.012 0.005 0.003 0.495 0.013 0.340 0.012 0.015 0.004 
145      480    (0)   13 :  0.005 0.007 0.007 0.005 0.899 0.002 0.002 0.018 0.006 0.004 0.002 0.008 0.003 0.006 0.005 0.001 0.020 
146      481    (0)   13 :  0.013 0.167 0.182 0.057 0.023 0.040 0.008 0.017 0.149 0.009 0.003 0.092 0.006 0.141 0.081 0.003 0.007 
147      482    (0)   13 :  0.018 0.144 0.111 0.089 0.023 0.002 0.005 0.004 0.144 0.005 0.057 0.008 0.004 0.094 0.054 0.087 0.152 
148      489    (0)   13 :  0.007 0.267 0.187 0.078 0.021 0.004 0.027 0.023 0.196 0.006 0.014 0.008 0.004 0.033 0.101 0.006 0.017 
149      490    (0)   13 :  0.011 0.015 0.014 0.012 0.008 0.003 0.005 0.003 0.014 0.008 0.003 0.006 0.015 0.845 0.010 0.005 0.023 
150      491    (0)   13 :  0.083 0.146 0.145 0.085 0.022 0.009 0.001 0.008 0.194 0.004 0.111 0.027 0.005 0.085 0.059 0.009 0.007 
151      492    (0)   13 :  0.007 0.013 0.012 0.011 0.005 0.003 0.006 0.023 0.011 0.034 0.008 0.817 0.013 0.008 0.011 0.003 0.012 
152      493    (0)   13 :  0.016 0.046 0.051 0.015 0.070 0.009 0.015 0.004 0.043 0.004 0.005 0.637 0.008 0.006 0.063 0.005 0.004 
153      494    (0)   13 :  0.015 0.082 0.091 0.032 0.271 0.024 0.026 0.010 0.073 0.004 0.039 0.031 0.004 0.231 0.045 0.012 0.010 
154      498    (0)   13 :  0.007 0.187 0.192 0.068 0.009 0.007 0.011 0.039 0.155 0.012 0.004 0.091 0.022 0.100 0.085 0.003 0.006 
155      499    (0)   13 :  0.046 0.194 0.187 0.107 0.008 0.003 0.007 0.006 0.293 0.005 0.007 0.025 0.011 0.019 0.056 0.003 0.023 
156      709    (0)   13 :  0.012 0.181 0.175 0.054 0.006 0.075 0.016 0.004 0.160 0.008 0.010 0.028 0.009 0.123 0.106 0.017 0.017 
157      710    (4)   13 :  0.003 0.072 0.132 0.045 0.258 0.005 0.063 0.006 0.114 0.004 0.002 0.018 0.008 0.014 0.241 0.010 0.005 
158      711    (2)   13 :  0.108 0.151 0.180 0.074 0.023 0.007 0.003 0.006 0.152 0.062 0.003 0.012 0.016 0.036 0.135 0.025 0.006 
159      712    (4)   13 :  0.008 0.008 0.009 0.009 0.008 0.002 0.002 0.003 0.009 0.006 0.003 0.006 0.006 0.898 0.011 0.004 0.007 
160      713    (0)   13 :  0.008 0.207 0.230 0.082 0.003 0.004 0.030 0.009 0.295 0.005 0.008 0.007 0.004 0.012 0.065 0.025 0.006 
161      714    (2)   13 :  0.019 0.028 0.027 0.019 0.417 0.015 0.009 0.036 0.023 0.007 0.002 0.340 0.010 0.006 0.023 0.005 0.013 
162      715    (4)   13 :  0.025 0.015 0.014 0.032 0.632 0.013 0.004 0.003 0.014 0.013 0.033 0.018 0.032 0.026 0.024 0.013 0.089 
163      716    (0)   13 :  0.005 0.019 0.017 0.010 0.140 0.002 0.002 0.004 0.020 0.005 0.004 0.713 0.003 0.009 0.025 0.005 0.017 
164      717    (2)   13 :  0.011 0.094 0.095 0.068 0.020 0.003 0.005 0.010 0.157 0.089 0.009 0.019 0.007 0.011 0.086 0.009 0.307 
165      718    (4)   13 :  0.016 0.032 0.019 0.007 0.019 0.002 0.003 0.004 0.020 0.006 0.002 0.014 0.009 0.813 0.019 0.010 0.004 
166      719    (0)   13 :  0.002 0.003 0.003 0.003 0.953 0.001 0.002 0.003 0.003 0.002 0.002 0.004 0.003 0.003 0.003 0.004 0.004 
167      720    (2)   13 :  0.008 0.050 0.109 0.015 0.418 0.002 0.008 0.011 0.063 0.006 0.012 0.022 0.007 0.006 0.195 0.008 0.058 
168      721    (0)   13 :  0.019 0.078 0.102 0.027 0.027 0.035 0.007 0.025 0.064 0.005 0.006 0.438 0.004 0.018 0.115 0.012 0.017 
169      722    (4)   13 :  0.006 0.009 0.027 0.005 0.517 0.002 0.002 0.085 0.018 0.005 0.002 0.050 0.011 0.012 0.060 0.020 0.169 
170      723    (0)   13 :  0.003 0.014 0.014 0.009 0.871 0.007 0.003 0.002 0.014 0.006 0.005 0.024 0.003 0.005 0.010 0.001 0.008 
171      724    (0)   13 :  0.006 0.016 0.015 0.015 0.657 0.005 0.019 0.009 0.015 0.011 0.008 0.121 0.013 0.007 0.013 0.056 0.013 
172      725    (0)   13 :  0.013 0.216 0.199 0.110 0.028 0.004 0.021 0.016 0.204 0.009 0.010 0.008 0.005 0.019 0.115 0.009 0.014 
173      726    (0)   13 :  0.007 0.108 0.190 0.034 0.013 0.006 0.011 0.030 0.105 0.003 0.005 0.192 0.004 0.012 0.261 0.009 0.012 
174      727    (0)   13 :  0.013 0.104 0.100 0.085 0.013 0.010 0.002 0.006 0.108 0.003 0.011 0.367 0.005 0.062 0.089 0.008 0.012 
175      728    (2)   13 :  0.010 0.206 0.213 0.070 0.010 0.089 0.006 0.003 0.205 0.013 0.006 0.009 0.008 0.008 0.124 0.010 0.010 
176      729    (6)   13 :  0.015 0.172 0.241 0.047 0.020 0.005 0.004 0.003 0.178 0.005 0.004 0.010 0.005 0.033 0.217 0.004 0.038 
177      730    (2)   13 :  0.012 0.035 0.029 0.046 0.037 0.007 0.003 0.002 0.027 0.009 0.005 0.007 0.011 0.678 0.033 0.013 0.045 
178      731    (2)   13 :  0.005 0.031 0.021 0.006 0.005 0.002 0.004 0.006 0.017 0.004 0.002 0.007 0.008 0.863 0.012 0.004 0.003 
179      732    (0)   13 :  0.011 0.190 0.147 0.078 0.013 0.002 0.008 0.008 0.148 0.013 0.005 0.158 0.008 0.010 0.178 0.006 0.015 
180      733    (0)   13 :  0.014 0.129 0.199 0.041 0.023 0.005 0.014 0.003 0.136 0.009 0.003 0.025 0.013 0.064 0.261 0.038 0.024 
181      734    (2)   13 :  0.087 0.134 0.128 0.083 0.007 0.008 0.037 0.004 0.141 0.007 0.090 0.040 0.011 0.055 0.095 0.001 0.073 
182      735    (4)   13 :  0.028 0.171 0.155 0.082 0.045 0.003 0.002 0.052 0.227 0.008 0.008 0.008 0.005 0.117 0.072 0.007 0.010 
183      736    (2)   13 :  0.017 0.161 0.161 0.085 0.006 0.017 0.010 0.004 0.160 0.005 0.023 0.022 0.004 0.252 0.064 0.003 0.006 
184      737    (0)   13 :  0.017 0.059 0.039 0.022 0.003 0.013 0.003 0.015 0.038 0.030 0.004 0.013 0.011 0.700 0.025 0.004 0.005 
185      738    (2)   13 :  0.083 0.139 0.099 0.051 0.007 0.003 0.005 0.004 0.099 0.004 0.005 0.014 0.008 0.409 0.062 0.003 0.006 
186      739    (8)   13 :  0.011 0.037 0.030 0.018 0.033 0.015 0.002 0.010 0.035 0.005 0.006 0.013 0.008 0.746 0.016 0.004 0.011 
187      740    (4)   13 :  0.004 0.072 0.068 0.020 0.083 0.002 0.006 0.004 0.050 0.005 0.003 0.030 0.006 0.592 0.036 0.016 0.006 
188      741    (2)   13 :  0.011 0.107 0.112 0.038 0.021 0.002 0.012 0.029 0.094 0.091 0.028 0.021 0.066 0.175 0.070 0.029 0.094 
189      742    (4)   13 :  0.088 0.118 0.103 0.055 0.015 0.006 0.007 0.006 0.107 0.020 0.005 0.013 0.013 0.389 0.046 0.002 0.006 
190      743    (2)   13 :  0.007 0.015 0.014 0.010 0.094 0.002 0.003 0.003 0.017 0.005 0.014 0.061 0.007 0.011 0.015 0.003 0.721 
191      744    (0)   13 :  0.006 0.158 0.129 0.064 0.195 0.025 0.096 0.004 0.156 0.005 0.005 0.044 0.005 0.027 0.066 0.004 0.012 
192      745    (0)   13 :  0.007 0.097 0.096 0.045 0.402 0.014 0.003 0.009 0.105 0.026 0.005 0.010 0.046 0.027 0.046 0.016 0.045 
193      746    (2)   13 :  0.011 0.144 0.160 0.055 0.011 0.004 0.005 0.004 0.135 0.039 0.005 0.006 0.004 0.335 0.068 0.011 0.003 
194      747    (2)   13 :  0.067 0.088 0.083 0.048 0.014 0.006 0.005 0.016 0.083 0.008 0.024 0.015 0.035 0.450 0.048 0.006 0.004 
195      748    (0)   13 :  0.076 0.118 0.133 0.036 0.005 0.006 0.013 0.116 0.113 0.028 0.017 0.130 0.103 0.025 0.061 0.016 0.003 
196      749    (2)   13 :  0.094 0.156 0.151 0.072 0.009 0.010 0.136 0.003 0.170 0.010 0.020 0.004 0.015 0.019 0.060 0.047 0.024 
197      750    (4)   13 :  0.013 0.191 0.217 0.065 0.007 0.005 0.014 0.005 0.175 0.026 0.005 0.007 0.009 0.099 0.089 0.006 0.066 
198      751    (0)   13 :  0.069 0.204 0.222 0.073 0.014 0.017 0.002 0.011 0.191 0.007 0.007 0.007 0.011 0.043 0.089 0.009 0.024 
199      752    (2)   13 :  0.006 0.007 0.007 0.006 0.083 0.001 0.002 0.785 0.007 0.005 0.003 0.039 0.012 0.019 0.008 0.003 0.008 
200      753    (4)   13 :  0.032 0.148 0.154 0.110 0.052 0.010 0.004 0.048 0.220 0.006 0.026 0.017 0.023 0.010 0.122 0.013 0.008 
201      754    (2)   13 :  0.004 0.005 0.005 0.004 0.003 0.003 0.005 0.002 0.005 0.003 0.003 0.005 0.003 0.935 0.004 0.002 0.009 
202      155    (0)   14 :  0.007 0.278 0.208 0.072 0.008 0.004 0.010 0.005 0.214 0.006 0.032 0.025 0.022 0.011 0.083 0.006 0.009 
203      156    (2)   14 :  0.008 0.208 0.152 0.137 0.010 0.111 0.013 0.004 0.164 0.006 0.005 0.005 0.014 0.015 0.102 0.006 0.038 
204      157    (2)   14 :  0.008 0.017 0.016 0.044 0.008 0.002 0.035 0.019 0.016 0.005 0.011 0.006 0.004 0.750 0.030 0.005 0.025 
205      158    (0)   14 :  0.030 0.221 0.198 0.100 0.029 0.004 0.004 0.003 0.205 0.009 0.007 0.025 0.007 0.013 0.136 0.006 0.004 
206      159    (0)   14 :  0.011 0.183 0.181 0.064 0.012 0.010 0.016 0.009 0.168 0.007 0.003 0.030 0.011 0.093 0.088 0.109 0.004 
207      160    (0)   14 :  0.028 0.018 0.025 0.010 0.015 0.003 0.003 0.004 0.022 0.003 0.010 0.680 0.017 0.116 0.028 0.004 0.014 
208      161    (0)   14 :  0.008 0.063 0.081 0.012 0.014 0.003 0.208 0.007 0.077 0.003 0.008 0.037 0.006 0.291 0.152 0.009 0.021 
209      162    (0)   14 :  0.011 0.122 0.095 0.131 0.023 0.004 0.002 0.011 0.257 0.006 0.005 0.198 0.007 0.004 0.046 0.002 0.076 
210      163    (2)   14 :  0.050 0.247 0.150 0.124 0.007 0.009 0.004 0.013 0.180 0.008 0.003 0.003 0.003 0.102 0.081 0.002 0.015 
211      164    (0)   14 :  0.013 0.175 0.183 0.096 0.026 0.002 0.017 0.027 0.239 0.011 0.017 0.008 0.049 0.046 0.080 0.004 0.007 
212      165    (2)   14 :  0.002 0.007 0.003 0.647 0.002 0.002 0.010 0.002 0.008 0.002 0.002 0.002 0.002 0.005 0.300 0.002 0.002 
213      427    (0)   14 :  0.015 0.011 0.012 0.010 0.754 0.009 0.005 0.004 0.013 0.003 0.087 0.017 0.005 0.008 0.013 0.022 0.013 
214      428    (0)   14 :  0.034 0.010 0.013 0.005 0.810 0.003 0.002 0.021 0.010 0.005 0.004 0.038 0.007 0.003 0.014 0.014 0.006 
215      429    (0)   14 :  0.006 0.011 0.011 0.005 0.372 0.003 0.002 0.008 0.011 0.009 0.003 0.011 0.005 0.005 0.007 0.007 0.526 
216      430    (0)   14 :  0.067 0.137 0.177 0.038 0.012 0.002 0.006 0.026 0.112 0.052 0.004 0.140 0.022 0.026 0.147 0.004 0.027 
217      431    (0)   14 :  0.013 0.039 0.034 0.013 0.173 0.002 0.003 0.006 0.033 0.023 0.005 0.356 0.050 0.014 0.036 0.007 0.193 
218      435    (0)   14 :  0.004 0.007 0.008 0.004 0.581 0.002 0.002 0.008 0.007 0.004 0.002 0.070 0.003 0.007 0.008 0.003 0.280 
219      436    (0)   14 :  0.003 0.006 0.006 0.003 0.192 0.002 0.003 0.003 0.006 0.004 0.003 0.724 0.007 0.004 0.006 0.007 0.022 
220      437    (0)   14 :  0.005 0.019 0.042 0.008 0.150 0.002 0.003 0.009 0.027 0.007 0.004 0.528 0.059 0.009 0.094 0.027 0.008 
221      438    (0)   14 :  0.016 0.028 0.057 0.011 0.486 0.007 0.004 0.038 0.038 0.020 0.002 0.129 0.035 0.014 0.094 0.013 0.009 
222      439    (0)   14 :  0.015 0.098 0.097 0.068 0.185 0.005 0.002 0.040 0.093 0.027 0.004 0.083 0.010 0.162 0.073 0.004 0.035 
223      441    (0)   14 :  0.003 0.003 0.003 0.002 0.005 0.001 0.001 0.956 0.003 0.004 0.003 0.004 0.003 0.002 0.003 0.001 0.003 
224      442    (0)   14 :  0.013 0.018 0.019 0.007 0.598 0.005 0.002 0.017 0.019 0.003 0.185 0.010 0.010 0.004 0.016 0.002 0.070 
225      443    (4)   14 :  0.010 0.006 0.006 0.005 0.905 0.002 0.002 0.011 0.006 0.004 0.002 0.008 0.009 0.013 0.006 0.003 0.004 
226      444    (4)   14 :  0.007 0.006 0.006 0.007 0.907 0.004 0.005 0.002 0.007 0.002 0.007 0.006 0.006 0.004 0.006 0.008 0.009 
227      445    (2)   14 :  0.004 0.057 0.164 0.036 0.295 0.005 0.002 0.009 0.075 0.005 0.003 0.014 0.033 0.005 0.280 0.008 0.005 
228      446    (0)   14 :  0.004 0.004 0.004 0.003 0.006 0.003 0.002 0.002 0.003 0.002 0.004 0.005 0.002 0.004 0.004 0.002 0.945 
229      447    (0)   14 :  0.008 0.019 0.019 0.013 0.509 0.004 0.001 0.003 0.021 0.003 0.006 0.049 0.024 0.018 0.017 0.007 0.279 
230      449    (0)   14 :  0.003 0.004 0.004 0.003 0.940 0.002 0.002 0.003 0.004 0.004 0.005 0.009 0.005 0.003 0.004 0.003 0.005 
231      460    (0)   14 :  0.007 0.029 0.031 0.031 0.550 0.002 0.005 0.130 0.028 0.006 0.006 0.019 0.016 0.007 0.040 0.007 0.084 
232      461    (0)   14 :  0.053 0.093 0.088 0.024 0.141 0.002 0.005 0.006 0.074 0.015 0.008 0.244 0.025 0.109 0.085 0.008 0.022 
233      484    (0)   14 :  0.165 0.082 0.077 0.046 0.038 0.008 0.004 0.015 0.070 0.165 0.012 0.006 0.112 0.081 0.045 0.004 0.070 
234      485    (0)   14 :  0.003 0.014 0.016 0.009 0.778 0.002 0.003 0.011 0.015 0.004 0.004 0.087 0.004 0.017 0.020 0.002 0.011 
235      486    (0)   14 :  0.002 0.002 0.002 0.002 0.002 0.001 0.001 0.973 0.002 0.002 0.002 0.002 0.002 0.001 0.002 0.001 0.002 
236      487    (0)   14 :  0.013 0.068 0.075 0.039 0.342 0.003 0.002 0.011 0.084 0.007 0.010 0.190 0.006 0.019 0.045 0.006 0.079 
237      178    (0)   15 :  0.009 0.074 0.148 0.027 0.100 0.005 0.011 0.009 0.072 0.003 0.006 0.233 0.003 0.018 0.246 0.003 0.032 
238      422    (0)   15 :  0.005 0.012 0.011 0.008 0.498 0.003 0.002 0.004 0.013 0.006 0.003 0.054 0.015 0.044 0.015 0.003 0.305 
239      425    (0)   15 :  0.007 0.017 0.016 0.010 0.051 0.001 0.002 0.005 0.018 0.002 0.003 0.188 0.004 0.013 0.014 0.006 0.643 
240      426    (0)   15 :  0.213 0.117 0.110 0.042 0.014 0.106 0.024 0.004 0.107 0.005 0.021 0.066 0.004 0.036 0.051 0.003 0.079 
241      432    (0)   15 :  0.038 0.157 0.157 0.045 0.280 0.007 0.004 0.010 0.134 0.008 0.009 0.018 0.010 0.018 0.070 0.009 0.026 
242      434    (0)   15 :  0.003 0.003 0.003 0.002 0.005 0.002 0.001 0.002 0.003 0.004 0.002 0.004 0.003 0.003 0.002 0.004 0.952 
243      440    (0)   15 :  0.031 0.077 0.107 0.041 0.060 0.002 0.003 0.024 0.071 0.006 0.012 0.119 0.004 0.006 0.133 0.002 0.302 
244      448    (2)   15 :  0.010 0.007 0.009 0.004 0.819 0.002 0.002 0.007 0.008 0.026 0.013 0.008 0.010 0.012 0.008 0.036 0.020 
245      456    (0)   15 :  0.020 0.164 0.130 0.056 0.030 0.003 0.003 0.005 0.130 0.084 0.009 0.166 0.064 0.009 0.089 0.004 0.036 
246      457    (0)   15 :  0.020 0.078 0.094 0.034 0.297 0.005 0.003 0.034 0.085 0.023 0.005 0.186 0.017 0.017 0.058 0.008 0.035 
247      458    (0)   15 :  0.045 0.098 0.090 0.027 0.020 0.007 0.004 0.010 0.074 0.004 0.017 0.437 0.011 0.084 0.039 0.005 0.027 
248      459    (0)   15 :  0.011 0.010 0.012 0.007 0.871 0.003 0.005 0.008 0.011 0.004 0.005 0.009 0.007 0.014 0.012 0.002 0.009 
249      464    (0)   15 :  0.005 0.017 0.020 0.012 0.564 0.005 0.015 0.013 0.020 0.004 0.011 0.194 0.003 0.006 0.021 0.003 0.087 
250      465    (0)   15 :  0.004 0.009 0.009 0.006 0.011 0.001 0.003 0.005 0.009 0.005 0.002 0.530 0.004 0.010 0.009 0.002 0.383 
251      466    (0)   15 :  0.008 0.038 0.110 0.014 0.361 0.001 0.001 0.016 0.062 0.006 0.005 0.049 0.021 0.021 0.222 0.013 0.051 
252      470    (0)   15 :  0.012 0.008 0.008 0.005 0.465 0.002 0.003 0.095 0.009 0.006 0.006 0.343 0.004 0.008 0.006 0.003 0.019 
253      471    (0)   15 :  0.047 0.035 0.037 0.021 0.189 0.034 0.004 0.006 0.034 0.032 0.003 0.020 0.009 0.010 0.023 0.025 0.471 
254      483    (0)   15 :  0.006 0.005 0.005 0.004 0.006 0.002 0.005 0.004 0.005 0.003 0.006 0.004 0.003 0.012 0.004 0.002 0.923 
255      488    (0)   15 :  0.005 0.006 0.007 0.004 0.011 0.002 0.002 0.004 0.007 0.003 0.003 0.917 0.007 0.010 0.005 0.002 0.003 
256      495    (0)   15 :  0.006 0.010 0.009 0.006 0.033 0.001 0.003 0.003 0.010 0.017 0.002 0.085 0.015 0.018 0.008 0.002 0.770 
257      496    (0)   15 :  0.005 0.008 0.007 0.016 0.011 0.002 0.003 0.004 0.009 0.004 0.002 0.859 0.002 0.012 0.011 0.005 0.041 
258      497    (0)   15 :  0.002 0.009 0.008 0.006 0.011 0.002 0.003 0.002 0.010 0.025 0.025 0.006 0.005 0.004 0.007 0.004 0.872 
259      500    (0)   15 :  0.007 0.060 0.057 0.028 0.040 0.004 0.060 0.038 0.051 0.024 0.003 0.041 0.477 0.046 0.042 0.015 0.007 
260      879    (0)   15 :  0.006 0.003 0.003 0.004 0.005 0.002 0.003 0.004 0.003 0.002 0.006 0.003 0.003 0.004 0.003 0.001 0.943 
261      036    (0)   16 :  0.005 0.272 0.264 0.072 0.015 0.004 0.003 0.004 0.218 0.003 0.002 0.011 0.006 0.019 0.081 0.011 0.008 
262      063    (2)   16 :  0.045 0.185 0.137 0.123 0.033 0.004 0.003 0.010 0.143 0.029 0.014 0.015 0.012 0.045 0.188 0.003 0.010 
263      094    (4)   16 :  0.017 0.099 0.103 0.040 0.021 0.005 0.012 0.007 0.081 0.012 0.009 0.131 0.079 0.320 0.044 0.011 0.007 
264      103    (4)   16 :  0.002 0.008 0.003 0.645 0.003 0.002 0.004 0.003 0.008 0.005 0.002 0.002 0.002 0.006 0.299 0.002 0.003 
265      112    (0)   16 :  0.045 0.149 0.106 0.067 0.006 0.004 0.007 0.010 0.143 0.007 0.006 0.005 0.006 0.380 0.049 0.003 0.007 
266      114    (2)   16 :  0.004 0.207 0.189 0.089 0.010 0.002 0.003 0.014 0.233 0.004 0.004 0.055 0.004 0.077 0.088 0.008 0.010 
267      120    (0)   16 :  0.012 0.020 0.020 0.009 0.006 0.002 0.003 0.006 0.016 0.005 0.004 0.029 0.012 0.825 0.013 0.012 0.006 
268      127    (2)   16 :  0.067 0.195 0.190 0.047 0.004 0.003 0.006 0.073 0.163 0.005 0.006 0.117 0.008 0.040 0.066 0.005 0.005 
269      147    (0)   16 :  0.201 0.184 0.165 0.073 0.012 0.043 0.007 0.007 0.173 0.005 0.006 0.010 0.002 0.019 0.076 0.005 0.011 
270      166    (0)   16 :  0.116 0.137 0.126 0.068 0.025 0.025 0.078 0.004 0.142 0.011 0.018 0.132 0.006 0.042 0.062 0.004 0.006 
271      167    (0)   16 :  0.006 0.123 0.098 0.126 0.013 0.005 0.004 0.015 0.248 0.060 0.004 0.117 0.006 0.015 0.047 0.010 0.105 
272      168    (0)   16 :  0.003 0.193 0.205 0.126 0.012 0.003 0.013 0.003 0.302 0.004 0.004 0.008 0.004 0.013 0.086 0.015 0.006 
273      169    (2)   16 :  0.044 0.128 0.100 0.097 0.041 0.005 0.004 0.004 0.184 0.006 0.004 0.187 0.008 0.031 0.064 0.006 0.086 
274      170    (0)   16 :  0.017 0.188 0.194 0.114 0.017 0.005 0.043 0.021 0.184 0.006 0.034 0.006 0.025 0.065 0.067 0.004 0.010 
275      171    (2)   16 :  0.040 0.180 0.130 0.183 0.008 0.013 0.006 0.003 0.183 0.010 0.004 0.006 0.078 0.021 0.127 0.003 0.005 
276      172    (0)   16 :  0.014 0.017 0.023 0.013 0.006 0.014 0.004 0.002 0.015 0.009 0.004 0.026 0.013 0.802 0.013 0.012 0.014 
277      185    (0)   16 :  0.042 0.168 0.132 0.148 0.067 0.004 0.004 0.016 0.263 0.009 0.005 0.014 0.004 0.009 0.085 0.002 0.028 
278      199    (2)   16 :  0.006 0.154 0.170 0.100 0.007 0.005 0.010 0.007 0.223 0.003 0.197 0.021 0.005 0.006 0.075 0.006 0.004 
279      339    (0)   16 :  0.008 0.086 0.066 0.110 0.011 0.005 0.002 0.005 0.212 0.011 0.006 0.326 0.005 0.006 0.034 0.002 0.105 
280      355    (0)   16 :  0.008 0.214 0.199 0.100 0.004 0.013 0.034 0.004 0.254 0.006 0.070 0.004 0.003 0.006 0.077 0.002 0.002 
281      356    (0)   16 :  0.007 0.036 0.032 0.011 0.004 0.003 0.169 0.018 0.030 0.003 0.005 0.023 0.004 0.627 0.016 0.006 0.005 
282      357    (0)   16 :  0.017 0.214 0.219 0.068 0.007 0.012 0.006 0.021 0.173 0.004 0.016 0.032 0.007 0.059 0.130 0.010 0.006 
283      358    (0)   16 :  0.010 0.232 0.260 0.053 0.012 0.006 0.004 0.018 0.222 0.049 0.004 0.008 0.008 0.006 0.098 0.002 0.008 
284      359    (0)   16 :  0.019 0.201 0.145 0.072 0.005 0.002 0.005 0.003 0.177 0.019 0.010 0.007 0.004 0.251 0.065 0.001 0.015 
285      360    (0)   16 :  0.020 0.249 0.182 0.086 0.018 0.010 0.020 0.006 0.196 0.003 0.004 0.018 0.014 0.020 0.125 0.005 0.022 
286      361    (0)   16 :  0.011 0.027 0.024 0.014 0.015 0.002 0.003 0.004 0.026 0.006 0.003 0.042 0.005 0.751 0.017 0.004 0.046 
287      362    (0)   16 :  0.076 0.130 0.117 0.052 0.021 0.005 0.011 0.003 0.127 0.011 0.005 0.018 0.205 0.049 0.053 0.002 0.116 
288      363    (0)   16 :  0.381 0.123 0.123 0.046 0.016 0.012 0.007 0.010 0.117 0.011 0.042 0.019 0.006 0.026 0.048 0.005 0.007 
289      364    (0)   16 :  0.013 0.115 0.108 0.038 0.008 0.003 0.084 0.014 0.095 0.008 0.039 0.077 0.317 0.028 0.046 0.003 0.004 
290      365    (0)   16 :  0.006 0.174 0.232 0.035 0.026 0.012 0.064 0.008 0.145 0.005 0.003 0.082 0.020 0.018 0.159 0.002 0.010 
291      366    (0)   16 :  0.013 0.264 0.231 0.055 0.004 0.027 0.005 0.003 0.196 0.010 0.003 0.009 0.004 0.094 0.077 0.001 0.004 
292      367    (0)   16 :  0.005 0.244 0.229 0.099 0.007 0.010 0.002 0.029 0.205 0.018 0.003 0.004 0.011 0.014 0.109 0.005 0.005 
293      368    (0)   16 :  0.006 0.194 0.155 0.151 0.005 0.012 0.065 0.045 0.182 0.018 0.004 0.005 0.029 0.008 0.110 0.008 0.004 
294      369    (0)   16 :  0.007 0.297 0.183 0.131 0.004 0.004 0.015 0.003 0.214 0.004 0.004 0.005 0.003 0.009 0.111 0.002 0.005 
295      370    (0)   16 :  0.016 0.094 0.090 0.047 0.013 0.012 0.080 0.005 0.085 0.044 0.007 0.019 0.005 0.412 0.049 0.012 0.010 
296      371    (0)   16 :  0.004 0.274 0.224 0.084 0.010 0.003 0.002 0.003 0.232 0.009 0.006 0.006 0.014 0.009 0.106 0.005 0.008 
297      372    (0)   16 :  0.051 0.015 0.012 0.010 0.455 0.004 0.005 0.002 0.013 0.003 0.331 0.054 0.011 0.011 0.010 0.003 0.009 
298      373    (0)   16 :  0.006 0.121 0.191 0.043 0.020 0.003 0.086 0.002 0.132 0.009 0.041 0.008 0.007 0.051 0.258 0.003 0.019 
299      380    (0)   16 :  0.035 0.213 0.223 0.058 0.008 0.006 0.011 0.002 0.170 0.009 0.010 0.036 0.016 0.051 0.106 0.042 0.005 
300      388    (0)   16 :  0.025 0.107 0.117 0.031 0.007 0.007 0.040 0.004 0.101 0.012 0.021 0.007 0.010 0.451 0.049 0.005 0.006 
301      418    (0)   16 :  0.015 0.122 0.225 0.030 0.007 0.006 0.005 0.006 0.133 0.003 0.052 0.009 0.013 0.011 0.337 0.022 0.004 
302      419    (0)   16 :  0.005 0.125 0.244 0.031 0.012 0.004 0.006 0.006 0.142 0.004 0.003 0.007 0.004 0.007 0.386 0.008 0.005 
303      420    (0)   16 :  0.015 0.166 0.172 0.044 0.043 0.045 0.006 0.009 0.147 0.012 0.061 0.024 0.039 0.052 0.147 0.003 0.015 
304      409    (0)   17 :  0.014 0.139 0.130 0.156 0.020 0.002 0.005 0.007 0.123 0.006 0.003 0.024 0.008 0.038 0.208 0.110 0.006 
305      414    (0)   17 :  0.017 0.190 0.159 0.137 0.006 0.002 0.003 0.007 0.164 0.007 0.008 0.012 0.016 0.006 0.237 0.016 0.013 
306      415    (2)   17 :  0.012 0.234 0.229 0.099 0.005 0.003 0.015 0.032 0.202 0.010 0.014 0.010 0.007 0.026 0.091 0.004 0.007 
307      416    (0)   17 :  0.009 0.124 0.216 0.037 0.017 0.003 0.002 0.004 0.113 0.023 0.009 0.020 0.023 0.007 0.317 0.064 0.011 
308      571    (0)    2 :  0.028 0.006 0.006 0.008 0.021 0.004 0.002 0.030 0.006 0.017 0.004 0.008 0.831 0.005 0.008 0.004 0.013 
309      572    (0)    2 :  0.038 0.015 0.014 0.014 0.003 0.006 0.004 0.011 0.014 0.049 0.004 0.003 0.791 0.007 0.015 0.008 0.004 
310      573    (2)    2 :  0.003 0.007 0.006 0.006 0.005 0.001 0.001 0.009 0.007 0.005 0.003 0.004 0.925 0.004 0.006 0.004 0.005 
311      574    (0)    2 :  0.004 0.009 0.009 0.009 0.005 0.002 0.008 0.003 0.009 0.008 0.002 0.006 0.889 0.005 0.009 0.012 0.008 
312      575    (2)    2 :  0.062 0.014 0.014 0.014 0.009 0.007 0.006 0.006 0.015 0.016 0.008 0.005 0.795 0.005 0.014 0.006 0.005 
313      576    (0)    2 :  0.003 0.003 0.003 0.003 0.003 0.001 0.001 0.003 0.003 0.005 0.002 0.003 0.958 0.002 0.003 0.003 0.003 
314      577    (0)    2 :  0.006 0.006 0.007 0.021 0.005 0.002 0.002 0.011 0.007 0.014 0.007 0.007 0.869 0.004 0.014 0.008 0.011 
315      578    (0)    2 :  0.004 0.004 0.003 0.005 0.005 0.002 0.001 0.004 0.003 0.004 0.008 0.005 0.889 0.002 0.004 0.051 0.006 
316      579    (0)    2 :  0.004 0.003 0.003 0.008 0.007 0.002 0.001 0.002 0.004 0.003 0.004 0.013 0.923 0.002 0.006 0.008 0.007 
317      580    (0)    2 :  0.003 0.003 0.003 0.004 0.003 0.002 0.001 0.002 0.003 0.004 0.002 0.003 0.955 0.003 0.003 0.002 0.004 
318      581    (0)    2 :  0.003 0.003 0.003 0.002 0.005 0.002 0.001 0.002 0.003 0.007 0.002 0.005 0.935 0.002 0.003 0.015 0.007 
319      582    (4)    2 :  0.006 0.020 0.018 0.019 0.013 0.050 0.003 0.002 0.027 0.012 0.017 0.015 0.745 0.012 0.014 0.003 0.022 
320      583    (0)    2 :  0.034 0.084 0.088 0.036 0.009 0.010 0.002 0.015 0.093 0.008 0.015 0.020 0.473 0.021 0.049 0.004 0.041 
321      584    (0)    2 :  0.006 0.007 0.007 0.010 0.033 0.003 0.001 0.005 0.008 0.006 0.007 0.008 0.828 0.007 0.008 0.014 0.043 
322      585    (0)    2 :  0.006 0.004 0.004 0.008 0.005 0.002 0.001 0.009 0.004 0.011 0.002 0.007 0.915 0.003 0.006 0.002 0.011 
323      586    (2)    2 :  0.006 0.004 0.004 0.005 0.006 0.003 0.001 0.004 0.004 0.007 0.010 0.006 0.920 0.003 0.005 0.004 0.007 
324      587    (0)    2 :  0.003 0.003 0.003 0.004 0.002 0.002 0.001 0.002 0.003 0.003 0.002 0.004 0.950 0.003 0.003 0.009 0.004 
325      588    (0)    2 :  0.010 0.018 0.015 0.062 0.010 0.009 0.007 0.018 0.017 0.008 0.009 0.006 0.762 0.006 0.034 0.004 0.005 
326      589    (0)    2 :  0.047 0.031 0.028 0.019 0.037 0.004 0.005 0.005 0.033 0.013 0.018 0.008 0.683 0.009 0.021 0.018 0.021 
327      590    (0)    2 :  0.003 0.007 0.006 0.006 0.006 0.010 0.004 0.053 0.007 0.040 0.012 0.013 0.782 0.005 0.006 0.036 0.005 
328      001    (0)    3 :  0.002 0.004 0.004 0.003 0.002 0.003 0.956 0.002 0.004 0.003 0.001 0.002 0.003 0.003 0.003 0.004 0.002 
329      005    (0)    3 :  0.002 0.002 0.002 0.002 0.002 0.006 0.965 0.002 0.002 0.002 0.003 0.001 0.001 0.002 0.002 0.001 0.002 
330      106    (0)    3 :  0.003 0.003 0.003 0.003 0.002 0.002 0.957 0.002 0.003 0.003 0.003 0.002 0.005 0.003 0.003 0.003 0.002 
331      192    (0)    3 :  0.009 0.012 0.014 0.015 0.006 0.005 0.867 0.003 0.013 0.004 0.013 0.004 0.007 0.007 0.013 0.006 0.004 
332      229    (0)    3 :  0.007 0.005 0.006 0.005 0.003 0.042 0.885 0.005 0.005 0.007 0.004 0.004 0.003 0.006 0.005 0.003 0.007 
333      319    (0)    3 :  0.002 0.004 0.004 0.003 0.002 0.005 0.948 0.002 0.004 0.003 0.002 0.003 0.002 0.007 0.004 0.002 0.002 
334      327    (0)    3 :  0.003 0.003 0.003 0.003 0.002 0.002 0.957 0.002 0.003 0.002 0.003 0.002 0.003 0.005 0.003 0.002 0.002 
335      340    (0)    3 :  0.002 0.004 0.004 0.012 0.002 0.003 0.937 0.004 0.004 0.004 0.003 0.003 0.003 0.004 0.007 0.001 0.003 
336      345    (0)    3 :  0.005 0.006 0.006 0.004 0.003 0.010 0.925 0.002 0.005 0.004 0.003 0.006 0.004 0.011 0.005 0.001 0.002 
337      375    (0)    3 :  0.004 0.004 0.004 0.003 0.002 0.003 0.954 0.002 0.003 0.002 0.005 0.003 0.002 0.003 0.003 0.001 0.002 
338      501    (4)    3 :  0.004 0.003 0.003 0.003 0.003 0.003 0.952 0.008 0.003 0.002 0.002 0.003 0.002 0.004 0.003 0.001 0.002 
339      502    (0)    3 :  0.008 0.005 0.005 0.006 0.002 0.009 0.914 0.012 0.005 0.004 0.003 0.012 0.003 0.003 0.005 0.003 0.003 
340      503    (2)    3 :  0.002 0.002 0.002 0.002 0.001 0.002 0.960 0.007 0.002 0.003 0.002 0.001 0.004 0.002 0.002 0.002 0.002 
341      504    (0)    3 :  0.003 0.005 0.005 0.003 0.009 0.016 0.922 0.002 0.005 0.002 0.004 0.007 0.002 0.002 0.004 0.004 0.005 
342      505    (0)    3 :  0.007 0.008 0.007 0.005 0.002 0.047 0.866 0.002 0.008 0.011 0.003 0.002 0.006 0.010 0.006 0.007 0.003 
343      506    (2)    3 :  0.006 0.006 0.006 0.004 0.004 0.005 0.930 0.005 0.006 0.002 0.002 0.004 0.002 0.006 0.004 0.002 0.004 
344      507    (4)    3 :  0.005 0.003 0.003 0.002 0.002 0.004 0.953 0.004 0.003 0.003 0.002 0.003 0.002 0.004 0.002 0.001 0.002 
345      508    (0)    3 :  0.005 0.006 0.006 0.007 0.005 0.003 0.904 0.021 0.006 0.006 0.002 0.005 0.004 0.008 0.006 0.002 0.004 
346      509    (2)    3 :  0.003 0.003 0.003 0.008 0.002 0.003 0.949 0.003 0.003 0.003 0.004 0.002 0.002 0.003 0.005 0.001 0.004 
347      510    (2)    3 :  0.003 0.005 0.005 0.006 0.008 0.003 0.919 0.004 0.005 0.002 0.019 0.005 0.002 0.003 0.006 0.003 0.004 
348      511    (4)    3 :  0.002 0.003 0.003 0.003 0.003 0.002 0.957 0.005 0.003 0.002 0.002 0.003 0.002 0.002 0.003 0.003 0.003 
349      512    (4)    3 :  0.004 0.003 0.003 0.003 0.003 0.006 0.952 0.002 0.003 0.002 0.003 0.003 0.002 0.004 0.003 0.002 0.002 
350      513    (0)    3 :  0.003 0.003 0.003 0.004 0.003 0.008 0.934 0.002 0.003 0.002 0.019 0.002 0.002 0.003 0.003 0.002 0.003 
351      514    (0)    3 :  0.002 0.004 0.004 0.003 0.002 0.002 0.954 0.002 0.004 0.002 0.002 0.003 0.001 0.002 0.003 0.001 0.008 
352      515    (2)    3 :  0.002 0.002 0.002 0.006 0.002 0.004 0.957 0.002 0.002 0.003 0.003 0.002 0.002 0.002 0.004 0.001 0.003 
353      516    (2)    3 :  0.005 0.005 0.005 0.004 0.004 0.004 0.921 0.008 0.005 0.004 0.007 0.008 0.003 0.003 0.005 0.003 0.004 
354      517    (0)    3 :  0.002 0.002 0.002 0.002 0.009 0.005 0.963 0.001 0.002 0.001 0.002 0.002 0.001 0.002 0.002 0.001 0.001 
355      518    (0)    3 :  0.004 0.006 0.006 0.005 0.005 0.003 0.928 0.004 0.006 0.006 0.003 0.005 0.003 0.005 0.006 0.002 0.003 
356      519    (0)    3 :  0.002 0.003 0.003 0.004 0.003 0.002 0.952 0.004 0.003 0.003 0.003 0.002 0.003 0.003 0.004 0.003 0.002 
357      520    (2)    3 :  0.003 0.003 0.003 0.006 0.006 0.002 0.945 0.002 0.003 0.002 0.006 0.002 0.003 0.002 0.004 0.004 0.003 
358      521    (2)    3 :  0.003 0.002 0.002 0.002 0.002 0.006 0.951 0.002 0.002 0.003 0.003 0.002 0.003 0.003 0.002 0.007 0.002 
359      522    (0)    3 :  0.004 0.006 0.006 0.004 0.007 0.001 0.895 0.010 0.006 0.004 0.005 0.021 0.006 0.003 0.005 0.013 0.004 
360      523    (2)    3 :  0.004 0.007 0.007 0.004 0.004 0.004 0.918 0.005 0.007 0.008 0.002 0.004 0.005 0.006 0.006 0.004 0.005 
361      524    (0)    3 :  0.006 0.009 0.011 0.006 0.006 0.003 0.799 0.063 0.009 0.024 0.006 0.012 0.008 0.010 0.010 0.013 0.004 
362      525    (0)    3 :  0.002 0.003 0.003 0.003 0.002 0.001 0.964 0.002 0.003 0.001 0.003 0.003 0.002 0.002 0.003 0.001 0.002 
363      526    (2)    3 :  0.002 0.003 0.003 0.002 0.003 0.012 0.954 0.002 0.002 0.002 0.002 0.002 0.002 0.002 0.002 0.002 0.002 
364      527    (2)    4 :  0.006 0.007 0.008 0.021 0.006 0.006 0.007 0.011 0.007 0.022 0.010 0.010 0.850 0.004 0.015 0.002 0.009 
365      528    (4)    4 :  0.335 0.026 0.025 0.014 0.004 0.003 0.002 0.003 0.023 0.080 0.008 0.014 0.401 0.020 0.020 0.017 0.005 
366      529    (4)    4 :  0.110 0.017 0.020 0.009 0.013 0.009 0.003 0.006 0.017 0.014 0.004 0.016 0.700 0.009 0.020 0.015 0.019 
367      530    (0)    4 :  0.011 0.007 0.007 0.007 0.003 0.004 0.008 0.006 0.007 0.009 0.005 0.003 0.898 0.012 0.006 0.004 0.003 
368      531    (2)    4 :  0.023 0.008 0.008 0.005 0.006 0.006 0.004 0.003 0.007 0.010 0.004 0.004 0.880 0.010 0.006 0.011 0.004 
369      532    (4)    4 :  0.104 0.014 0.012 0.010 0.003 0.002 0.003 0.030 0.012 0.017 0.002 0.004 0.744 0.026 0.009 0.003 0.005 
370      533    (0)    4 :  0.013 0.035 0.054 0.054 0.007 0.002 0.007 0.002 0.037 0.036 0.002 0.017 0.579 0.022 0.086 0.020 0.025 
371      534    (2)    4 :  0.007 0.008 0.009 0.006 0.005 0.002 0.003 0.003 0.008 0.085 0.006 0.005 0.822 0.005 0.009 0.014 0.004 
372      535    (2)    4 :  0.025 0.011 0.011 0.007 0.008 0.005 0.002 0.011 0.011 0.011 0.002 0.009 0.860 0.010 0.009 0.004 0.004 
373      536    (2)    4 :  0.003 0.006 0.006 0.005 0.005 0.013 0.002 0.004 0.006 0.009 0.002 0.003 0.890 0.008 0.005 0.028 0.005 
374      537    (2)    4 :  0.006 0.006 0.006 0.005 0.008 0.002 0.002 0.002 0.006 0.006 0.014 0.007 0.903 0.004 0.007 0.008 0.007 
375      538    (2)    4 :  0.005 0.031 0.030 0.045 0.009 0.002 0.006 0.003 0.033 0.049 0.004 0.026 0.658 0.034 0.039 0.003 0.023 
376      539    (2)    4 :  0.006 0.006 0.006 0.004 0.003 0.002 0.001 0.004 0.005 0.132 0.002 0.007 0.808 0.004 0.005 0.003 0.002 
377      540    (2)    4 :  0.006 0.014 0.016 0.009 0.017 0.001 0.001 0.005 0.015 0.013 0.002 0.010 0.838 0.021 0.016 0.011 0.007 
378      541    (2)    4 :  0.046 0.010 0.010 0.005 0.028 0.002 0.003 0.005 0.010 0.065 0.003 0.009 0.743 0.023 0.007 0.007 0.024 
379      542    (2)    4 :  0.015 0.021 0.019 0.010 0.020 0.004 0.002 0.005 0.019 0.066 0.009 0.071 0.678 0.018 0.016 0.010 0.018 
380      543    (0)    4 :  0.009 0.063 0.066 0.018 0.037 0.002 0.003 0.003 0.055 0.034 0.014 0.013 0.601 0.015 0.034 0.020 0.013 
381      544    (2)    4 :  0.003 0.004 0.004 0.005 0.003 0.002 0.003 0.002 0.004 0.023 0.002 0.003 0.925 0.007 0.004 0.004 0.003 
382      545    (2)    4 :  0.005 0.008 0.008 0.097 0.003 0.001 0.002 0.010 0.009 0.726 0.002 0.013 0.036 0.005 0.062 0.004 0.009 
383      546    (4)    4 :  0.003 0.010 0.010 0.178 0.003 0.002 0.001 0.010 0.010 0.628 0.002 0.013 0.014 0.004 0.103 0.004 0.006 
384      547    (6)    4 :  0.009 0.044 0.044 0.021 0.012 0.015 0.004 0.036 0.048 0.011 0.030 0.009 0.643 0.024 0.019 0.010 0.021 
385      019    (0)    5 :  0.016 0.007 0.007 0.006 0.033 0.004 0.002 0.003 0.007 0.789 0.004 0.004 0.067 0.006 0.007 0.008 0.031 
386      064    (0)    5 :  0.002 0.002 0.002 0.003 0.003 0.001 0.001 0.003 0.002 0.937 0.002 0.002 0.029 0.002 0.002 0.002 0.003 
387      065    (0)    5 :  0.003 0.002 0.002 0.002 0.003 0.001 0.001 0.002 0.002 0.026 0.001 0.002 0.938 0.003 0.002 0.005 0.004 
388      066    (0)    5 :  0.004 0.011 0.011 0.007 0.014 0.002 0.002 0.011 0.011 0.594 0.002 0.009 0.278 0.010 0.010 0.006 0.019 
389      067    (0)    5 :  0.015 0.008 0.008 0.007 0.012 0.006 0.005 0.004 0.008 0.852 0.009 0.005 0.010 0.005 0.008 0.010 0.025 
390      068    (0)    5 :  0.018 0.008 0.009 0.008 0.008 0.002 0.002 0.020 0.008 0.029 0.030 0.010 0.813 0.008 0.008 0.008 0.010 
391      069    (0)    5 :  0.008 0.005 0.005 0.015 0.005 0.001 0.001 0.017 0.005 0.774 0.004 0.008 0.123 0.006 0.010 0.011 0.003 
392      107    (0)    5 :  0.004 0.005 0.005 0.006 0.008 0.001 0.001 0.006 0.006 0.496 0.003 0.005 0.439 0.003 0.005 0.003 0.005 
393      110    (0)    5 :  0.009 0.002 0.003 0.003 0.002 0.003 0.001 0.003 0.003 0.952 0.002 0.002 0.003 0.003 0.003 0.002 0.003 
394      121    (0)    5 :  0.013 0.004 0.004 0.004 0.004 0.001 0.001 0.003 0.004 0.023 0.003 0.005 0.914 0.003 0.004 0.002 0.008 
395      137    (0)    5 :  0.004 0.010 0.009 0.007 0.007 0.010 0.002 0.004 0.010 0.890 0.002 0.008 0.008 0.005 0.007 0.005 0.010 
396      146    (0)    5 :  0.005 0.009 0.010 0.011 0.005 0.003 0.004 0.002 0.010 0.586 0.003 0.004 0.251 0.060 0.009 0.020 0.006 
397      149    (0)    5 :  0.005 0.004 0.004 0.003 0.005 0.003 0.001 0.002 0.005 0.937 0.002 0.005 0.005 0.004 0.004 0.002 0.009 
398      154    (0)    5 :  0.005 0.006 0.005 0.006 0.006 0.002 0.003 0.003 0.007 0.706 0.016 0.005 0.054 0.004 0.006 0.159 0.008 
399      179    (0)    5 :  0.004 0.004 0.004 0.003 0.006 0.002 0.002 0.007 0.004 0.578 0.004 0.006 0.361 0.004 0.004 0.004 0.004 
400      181    (0)    5 :  0.003 0.004 0.004 0.003 0.003 0.002 0.001 0.002 0.004 0.778 0.002 0.003 0.176 0.003 0.004 0.004 0.002 
401      182    (0)    5 :  0.027 0.012 0.012 0.009 0.005 0.002 0.003 0.016 0.011 0.122 0.013 0.004 0.724 0.013 0.009 0.006 0.011 
402      186    (0)    5 :  0.089 0.020 0.019 0.008 0.008 0.005 0.005 0.008 0.016 0.615 0.004 0.013 0.135 0.031 0.009 0.004 0.009 
403      193    (0)    5 :  0.006 0.007 0.008 0.006 0.013 0.002 0.003 0.005 0.007 0.469 0.004 0.004 0.439 0.007 0.007 0.008 0.006 
404      320    (0)    5 :  0.007 0.006 0.006 0.004 0.005 0.003 0.001 0.003 0.006 0.878 0.010 0.004 0.031 0.012 0.006 0.010 0.009 
405      341    (0)    5 :  0.004 0.006 0.006 0.004 0.009 0.002 0.001 0.006 0.006 0.046 0.003 0.009 0.873 0.007 0.005 0.003 0.011 
406      376    (0)    5 :  0.024 0.011 0.012 0.006 0.005 0.003 0.038 0.017 0.011 0.273 0.003 0.006 0.558 0.013 0.009 0.009 0.004 
407      395    (0)    5 :  0.012 0.007 0.007 0.005 0.019 0.006 0.001 0.004 0.007 0.651 0.004 0.024 0.184 0.006 0.007 0.051 0.005 
408      396    (0)    5 :  0.002 0.003 0.003 0.004 0.003 0.003 0.002 0.004 0.003 0.043 0.002 0.004 0.912 0.004 0.003 0.003 0.003 
409      397    (0)    5 :  0.005 0.005 0.005 0.003 0.004 0.010 0.001 0.002 0.006 0.097 0.007 0.003 0.830 0.004 0.004 0.010 0.004 
410      398    (0)    5 :  0.011 0.005 0.005 0.003 0.006 0.004 0.002 0.005 0.005 0.505 0.004 0.002 0.370 0.010 0.004 0.057 0.003 
411      399    (0)    5 :  0.012 0.005 0.005 0.006 0.003 0.002 0.002 0.006 0.005 0.006 0.003 0.003 0.921 0.008 0.005 0.002 0.006 
412      400    (0)    5 :  0.011 0.006 0.007 0.005 0.003 0.002 0.001 0.009 0.007 0.896 0.002 0.003 0.019 0.014 0.005 0.006 0.003 
413      401    (0)    5 :  0.004 0.013 0.012 0.007 0.005 0.003 0.004 0.007 0.013 0.827 0.002 0.006 0.069 0.008 0.008 0.005 0.007 
414      402    (0)    5 :  0.006 0.003 0.003 0.003 0.002 0.003 0.003 0.003 0.003 0.951 0.003 0.003 0.003 0.003 0.003 0.002 0.002 
415      403    (0)    5 :  0.019 0.009 0.008 0.008 0.010 0.012 0.002 0.010 0.008 0.426 0.004 0.011 0.405 0.030 0.008 0.004 0.026 
416      073    (0)    6 :  0.006 0.004 0.004 0.005 0.006 0.002 0.002 0.003 0.004 0.006 0.002 0.004 0.938 0.004 0.004 0.002 0.006 
417      074    (0)    6 :  0.002 0.008 0.007 0.006 0.005 0.002 0.007 0.002 0.007 0.005 0.005 0.004 0.886 0.004 0.007 0.040 0.004 
418      075    (0)    6 :  0.005 0.005 0.005 0.013 0.005 0.003 0.002 0.002 0.005 0.008 0.004 0.008 0.901 0.009 0.009 0.006 0.008 
419      076    (0)    6 :  0.013 0.006 0.006 0.005 0.004 0.005 0.005 0.003 0.006 0.009 0.006 0.010 0.897 0.005 0.006 0.005 0.010 
420      077    (0)    6 :  0.005 0.007 0.007 0.014 0.014 0.003 0.001 0.006 0.007 0.015 0.008 0.009 0.878 0.006 0.010 0.003 0.007 
421      078    (0)    6 :  0.004 0.011 0.011 0.106 0.006 0.004 0.002 0.003 0.010 0.007 0.005 0.007 0.744 0.009 0.060 0.005 0.006 
422      079    (0)    6 :  0.007 0.013 0.013 0.007 0.005 0.001 0.002 0.008 0.012 0.011 0.002 0.007 0.882 0.006 0.011 0.003 0.010 
423      080    (0)    6 :  0.014 0.006 0.006 0.005 0.003 0.002 0.003 0.004 0.006 0.005 0.019 0.003 0.904 0.004 0.005 0.003 0.008 
424      081    (0)    6 :  0.008 0.011 0.012 0.008 0.052 0.015 0.004 0.004 0.011 0.045 0.003 0.009 0.783 0.005 0.012 0.012 0.006 
425      082    (0)    6 :  0.006 0.003 0.003 0.002 0.003 0.002 0.001 0.005 0.003 0.024 0.003 0.002 0.930 0.004 0.003 0.003 0.002 
426      083    (0)    6 :  0.005 0.009 0.008 0.005 0.004 0.003 0.002 0.008 0.009 0.025 0.002 0.005 0.891 0.005 0.006 0.011 0.004 
427      084    (0)    6 :  0.003 0.005 0.005 0.005 0.010 0.005 0.003 0.002 0.005 0.013 0.002 0.007 0.814 0.004 0.005 0.102 0.011 
428      085    (0)    6 :  0.007 0.014 0.016 0.016 0.031 0.015 0.002 0.018 0.013 0.054 0.003 0.242 0.521 0.011 0.020 0.009 0.009 
429      404    (0)    6 :  0.005 0.004 0.004 0.006 0.005 0.003 0.001 0.003 0.004 0.010 0.002 0.004 0.912 0.004 0.005 0.020 0.006 
430      405    (0)    6 :  0.004 0.005 0.005 0.010 0.012 0.010 0.002 0.002 0.005 0.006 0.002 0.004 0.911 0.005 0.008 0.005 0.005 
431      406    (0)    6 :  0.007 0.010 0.010 0.031 0.004 0.007 0.005 0.007 0.010 0.005 0.003 0.005 0.860 0.006 0.020 0.008 0.002 
432      407    (0)    6 :  0.003 0.006 0.006 0.004 0.006 0.003 0.002 0.002 0.006 0.093 0.003 0.009 0.839 0.004 0.005 0.004 0.005 
433      408    (0)    6 :  0.004 0.005 0.005 0.004 0.006 0.001 0.001 0.002 0.005 0.004 0.005 0.004 0.938 0.004 0.005 0.006 0.003 
434      411    (2)    6 :  0.002 0.003 0.003 0.002 0.005 0.002 0.001 0.002 0.003 0.006 0.003 0.003 0.950 0.002 0.003 0.005 0.004 
435      412    (0)    6 :  0.011 0.008 0.009 0.004 0.012 0.004 0.028 0.006 0.008 0.009 0.006 0.015 0.857 0.005 0.007 0.004 0.005 
436      413    (0)    6 :  0.002 0.004 0.004 0.075 0.004 0.002 0.001 0.002 0.004 0.013 0.002 0.004 0.836 0.004 0.037 0.003 0.004 
437      591    (0)    7 :  0.897 0.006 0.006 0.005 0.009 0.006 0.015 0.005 0.006 0.002 0.004 0.005 0.004 0.007 0.005 0.008 0.010 
438      592    (0)    7 :  0.744 0.008 0.008 0.005 0.154 0.003 0.003 0.005 0.009 0.004 0.005 0.010 0.010 0.013 0.005 0.005 0.009 
439      593    (0)    7 :  0.906 0.006 0.006 0.011 0.006 0.005 0.002 0.005 0.007 0.005 0.002 0.005 0.009 0.005 0.009 0.004 0.006 
440      594    (0)    7 :  0.719 0.022 0.021 0.014 0.061 0.005 0.003 0.004 0.022 0.009 0.010 0.007 0.040 0.029 0.015 0.007 0.011 
441      595    (0)    7 :  0.832 0.023 0.021 0.012 0.005 0.004 0.004 0.004 0.021 0.013 0.011 0.007 0.010 0.006 0.016 0.003 0.007 
442      596    (0)    7 :  0.905 0.007 0.006 0.004 0.005 0.006 0.002 0.007 0.006 0.005 0.019 0.005 0.006 0.006 0.005 0.002 0.003 
443      597    (0)    7 :  0.805 0.015 0.013 0.006 0.006 0.002 0.001 0.003 0.014 0.030 0.006 0.036 0.032 0.009 0.009 0.003 0.007 
444      598    (0)    7 :  0.526 0.051 0.058 0.017 0.008 0.002 0.002 0.010 0.051 0.035 0.026 0.089 0.006 0.085 0.026 0.003 0.006 
445      599    (0)    7 :  0.702 0.009 0.008 0.006 0.052 0.006 0.003 0.005 0.008 0.003 0.003 0.016 0.005 0.003 0.007 0.003 0.160 
446      600    (0)    7 :  0.920 0.007 0.006 0.004 0.003 0.004 0.002 0.003 0.006 0.007 0.011 0.007 0.004 0.006 0.005 0.001 0.005 
447      601    (0)    7 :  0.788 0.016 0.018 0.011 0.018 0.002 0.002 0.005 0.017 0.025 0.002 0.031 0.021 0.010 0.015 0.002 0.018 
448      602    (0)    7 :  0.855 0.016 0.017 0.006 0.008 0.004 0.004 0.004 0.015 0.015 0.006 0.016 0.006 0.005 0.012 0.005 0.007 
449      603    (0)    7 :  0.144 0.039 0.045 0.018 0.138 0.007 0.002 0.007 0.035 0.005 0.008 0.463 0.006 0.006 0.043 0.008 0.026 
450      604    (0)    7 :  0.879 0.013 0.012 0.008 0.004 0.003 0.003 0.011 0.012 0.007 0.008 0.004 0.008 0.013 0.009 0.003 0.003 
451      605    (0)    7 :  0.713 0.025 0.025 0.014 0.009 0.004 0.020 0.003 0.023 0.006 0.023 0.010 0.008 0.090 0.017 0.003 0.009 
452      606    (0)    7 :  0.867 0.011 0.011 0.005 0.009 0.021 0.004 0.003 0.010 0.003 0.008 0.006 0.004 0.012 0.010 0.004 0.013 
453      607    (0)    7 :  0.824 0.005 0.005 0.003 0.002 0.003 0.003 0.092 0.005 0.016 0.008 0.007 0.009 0.009 0.003 0.002 0.002 
454      608    (0)    7 :  0.892 0.005 0.005 0.006 0.006 0.003 0.001 0.019 0.005 0.004 0.003 0.009 0.005 0.007 0.005 0.005 0.020 
455      609    (0)    7 :  0.915 0.008 0.008 0.006 0.004 0.004 0.002 0.008 0.008 0.004 0.003 0.005 0.004 0.008 0.007 0.003 0.004 
456      610    (0)    7 :  0.418 0.100 0.112 0.032 0.008 0.003 0.004 0.016 0.092 0.007 0.009 0.053 0.019 0.015 0.084 0.009 0.020 
457      611    (2)    7 :  0.877 0.010 0.008 0.009 0.004 0.003 0.002 0.021 0.009 0.008 0.007 0.005 0.010 0.007 0.008 0.011 0.003 
458      612    (0)    7 :  0.708 0.024 0.020 0.015 0.007 0.002 0.004 0.030 0.023 0.069 0.039 0.016 0.008 0.009 0.013 0.002 0.010 
459      755    (0)    7 :  0.419 0.028 0.034 0.016 0.012 0.002 0.026 0.271 0.028 0.009 0.040 0.016 0.016 0.015 0.037 0.028 0.003 
460      756    (0)    7 :  0.894 0.006 0.006 0.006 0.009 0.003 0.002 0.014 0.006 0.004 0.003 0.010 0.012 0.007 0.005 0.008 0.005 
461      757    (0)    7 :  0.866 0.012 0.012 0.006 0.011 0.003 0.004 0.010 0.011 0.006 0.005 0.005 0.009 0.020 0.011 0.004 0.005 
462      002    (0)    8 :  0.006 0.009 0.008 0.005 0.004 0.003 0.003 0.005 0.008 0.408 0.002 0.017 0.485 0.010 0.005 0.020 0.003 
463      099    (2)    8 :  0.008 0.030 0.029 0.016 0.032 0.004 0.700 0.012 0.031 0.005 0.039 0.004 0.004 0.012 0.018 0.008 0.048 
464      641    (2)    8 :  0.059 0.052 0.048 0.155 0.008 0.014 0.015 0.023 0.046 0.234 0.004 0.011 0.174 0.031 0.108 0.012 0.008 
465      642    (0)    8 :  0.020 0.008 0.008 0.006 0.013 0.003 0.003 0.004 0.008 0.005 0.003 0.012 0.856 0.018 0.008 0.008 0.016 
466      643    (2)    8 :  0.024 0.014 0.015 0.009 0.018 0.002 0.003 0.004 0.014 0.010 0.003 0.026 0.749 0.068 0.014 0.016 0.011 
467      644    (0)    8 :  0.007 0.009 0.009 0.011 0.013 0.003 0.003 0.009 0.009 0.024 0.008 0.012 0.828 0.020 0.011 0.007 0.018 
468      645    (0)    8 :  0.035 0.028 0.032 0.013 0.030 0.037 0.002 0.115 0.030 0.013 0.003 0.027 0.403 0.184 0.024 0.017 0.006 
469      646    (0)    8 :  0.013 0.036 0.041 0.111 0.005 0.010 0.004 0.135 0.033 0.347 0.007 0.062 0.061 0.036 0.078 0.013 0.007 
470      006    (0)    9 :  0.006 0.021 0.025 0.009 0.007 0.003 0.005 0.006 0.019 0.009 0.003 0.011 0.213 0.007 0.023 0.629 0.005 
471      011    (0)    9 :  0.003 0.003 0.003 0.002 0.004 0.002 0.001 0.002 0.003 0.003 0.003 0.003 0.951 0.003 0.003 0.009 0.003 
472      033    (2)    9 :  0.020 0.006 0.006 0.003 0.006 0.002 0.001 0.004 0.005 0.017 0.002 0.021 0.273 0.004 0.007 0.620 0.003 
473      048    (0)    9 :  0.015 0.018 0.018 0.014 0.240 0.009 0.002 0.005 0.024 0.012 0.005 0.016 0.508 0.007 0.016 0.043 0.048 
474      061    (0)    9 :  0.002 0.002 0.002 0.002 0.002 0.004 0.001 0.003 0.002 0.002 0.001 0.002 0.002 0.002 0.002 0.969 0.001 
475      088    (0)    9 :  0.012 0.013 0.014 0.012 0.020 0.005 0.003 0.003 0.015 0.018 0.008 0.011 0.801 0.014 0.012 0.023 0.015 
476      091    (0)    9 :  0.005 0.004 0.004 0.009 0.003 0.002 0.001 0.006 0.004 0.003 0.004 0.003 0.010 0.003 0.006 0.931 0.003 
477      098    (0)    9 :  0.021 0.007 0.007 0.004 0.028 0.013 0.001 0.006 0.007 0.017 0.003 0.008 0.852 0.004 0.006 0.009 0.009 
478      104    (0)    9 :  0.002 0.003 0.003 0.003 0.005 0.002 0.001 0.002 0.003 0.045 0.002 0.003 0.913 0.002 0.003 0.003 0.003 
479      196    (0)    9 :  0.009 0.005 0.006 0.004 0.010 0.005 0.002 0.002 0.006 0.023 0.005 0.007 0.316 0.006 0.006 0.579 0.009 
480      197    (0)    9 :  0.011 0.025 0.024 0.011 0.007 0.008 0.003 0.003 0.024 0.014 0.013 0.025 0.539 0.007 0.017 0.261 0.009 
481      201    (0)    9 :  0.005 0.006 0.005 0.004 0.006 0.001 0.001 0.002 0.005 0.015 0.001 0.005 0.334 0.012 0.004 0.591 0.003 
482      202    (0)    9 :  0.005 0.013 0.013 0.015 0.026 0.019 0.009 0.002 0.013 0.022 0.012 0.013 0.771 0.009 0.013 0.031 0.015 
483      204    (0)    9 :  0.003 0.004 0.004 0.003 0.009 0.002 0.001 0.010 0.004 0.029 0.002 0.010 0.532 0.005 0.004 0.376 0.003 
484      231    (0)    9 :  0.010 0.005 0.005 0.004 0.013 0.001 0.001 0.009 0.005 0.064 0.004 0.016 0.836 0.005 0.005 0.008 0.008 
485      328    (0)    9 :  0.006 0.004 0.004 0.003 0.005 0.005 0.001 0.002 0.004 0.003 0.002 0.007 0.696 0.005 0.004 0.246 0.004 
486      346    (0)    9 :  0.008 0.004 0.004 0.003 0.005 0.003 0.002 0.003 0.005 0.009 0.007 0.003 0.622 0.004 0.004 0.310 0.004 


Estimated Allele Frequencies in each cluster
First column gives estimated ancestral frequencies


Locus 1 : 1 
4 alleles
0.0% missing data
  89   (0.536) 0.553 0.548 0.555 0.544 0.584 0.066 0.293 0.832 0.543 0.287 0.643 0.467 0.626 0.495 0.572 0.698 0.542 
  91   (0.383) 0.431 0.376 0.365 0.413 0.370 0.708 0.671 0.150 0.373 0.588 0.311 0.511 0.313 0.449 0.365 0.293 0.337 
  93   (0.066) 0.014 0.063 0.061 0.038 0.022 0.098 0.036 0.015 0.070 0.123 0.045 0.017 0.061 0.052 0.039 0.008 0.114 
  99   (0.015) 0.002 0.012 0.020 0.005 0.024 0.129 0.001 0.003 0.014 0.001 0.001 0.005 0.000 0.004 0.025 0.001 0.006 

Locus 2 : 2 
6 alleles
1.0% missing data
 136   (0.349) 0.416 0.371 0.346 0.338 0.065 0.189 0.454 0.141 0.345 0.727 0.460 0.184 0.558 0.566 0.316 0.112 0.075 
 134   (0.235) 0.409 0.215 0.222 0.143 0.287 0.027 0.196 0.687 0.221 0.165 0.380 0.219 0.143 0.208 0.185 0.202 0.225 
 138   (0.300) 0.145 0.298 0.315 0.448 0.467 0.771 0.217 0.118 0.324 0.096 0.153 0.463 0.249 0.161 0.399 0.243 0.598 
 140   (0.067) 0.016 0.068 0.066 0.043 0.032 0.008 0.123 0.017 0.062 0.008 0.004 0.063 0.049 0.036 0.056 0.439 0.041 
 132   (0.021) 0.004 0.028 0.028 0.017 0.003 0.002 0.001 0.004 0.029 0.002 0.001 0.005 0.000 0.006 0.028 0.002 0.006 
 142   (0.028) 0.012 0.021 0.022 0.012 0.145 0.003 0.009 0.033 0.020 0.002 0.002 0.066 0.001 0.023 0.016 0.003 0.056 

Locus 3 : 3 
6 alleles
0.0% missing data
 181   (0.257) 0.402 0.266 0.252 0.162 0.450 0.180 0.072 0.344 0.270 0.093 0.066 0.133 0.232 0.186 0.198 0.071 0.333 
 187   (0.343) 0.164 0.344 0.340 0.604 0.153 0.775 0.344 0.116 0.343 0.542 0.256 0.346 0.514 0.347 0.442 0.691 0.171 
 179   (0.245) 0.401 0.246 0.258 0.156 0.173 0.028 0.051 0.351 0.245 0.350 0.015 0.321 0.229 0.297 0.234 0.221 0.266 
 191   (0.032) 0.006 0.030 0.031 0.020 0.009 0.003 0.009 0.008 0.033 0.003 0.200 0.007 0.022 0.010 0.026 0.004 0.006 
 185   (0.075) 0.018 0.072 0.077 0.038 0.028 0.008 0.286 0.136 0.072 0.007 0.459 0.073 0.002 0.053 0.070 0.007 0.207 
 175   (0.048) 0.008 0.041 0.041 0.019 0.186 0.005 0.238 0.045 0.039 0.004 0.003 0.119 0.001 0.107 0.030 0.005 0.017 

Locus 4 : 4 
12 alleles
0.2% missing data
 253   (0.489) 0.617 0.512 0.518 0.333 0.703 0.598 0.168 0.620 0.509 0.475 0.465 0.491 0.763 0.514 0.457 0.622 0.274 
 249   (0.029) 0.005 0.026 0.024 0.016 0.004 0.004 0.066 0.005 0.024 0.020 0.002 0.006 0.059 0.009 0.016 0.318 0.005 
 271   (0.042) 0.009 0.040 0.043 0.020 0.006 0.005 0.110 0.010 0.039 0.056 0.003 0.031 0.028 0.030 0.035 0.005 0.008 
 241   (0.158) 0.142 0.149 0.142 0.140 0.090 0.184 0.530 0.098 0.154 0.368 0.150 0.189 0.020 0.190 0.121 0.023 0.202 
 257   (0.006) 0.001 0.004 0.004 0.002 0.001 0.001 0.000 0.001 0.004 0.003 0.000 0.002 0.000 0.005 0.003 0.000 0.001 
 269   (0.170) 0.183 0.160 0.157 0.426 0.138 0.199 0.029 0.241 0.170 0.058 0.097 0.229 0.129 0.151 0.265 0.020 0.483 
 247   (0.065) 0.033 0.079 0.084 0.039 0.052 0.007 0.026 0.017 0.073 0.007 0.281 0.038 0.001 0.052 0.080 0.008 0.019 
 245   (0.009) 0.001 0.007 0.006 0.003 0.001 0.001 0.067 0.001 0.006 0.001 0.001 0.002 0.000 0.002 0.004 0.001 0.001 
 239   (0.010) 0.003 0.009 0.009 0.004 0.001 0.001 0.001 0.002 0.008 0.001 0.001 0.002 0.000 0.021 0.005 0.001 0.002 
 273   (0.007) 0.001 0.005 0.005 0.002 0.001 0.001 0.001 0.001 0.005 0.001 0.000 0.002 0.000 0.022 0.003 0.001 0.001 
 267   (0.007) 0.001 0.004 0.004 0.013 0.001 0.001 0.000 0.001 0.004 0.010 0.000 0.001 0.000 0.002 0.008 0.001 0.001 
 255   (0.006) 0.003 0.004 0.004 0.002 0.002 0.001 0.000 0.001 0.004 0.001 0.000 0.009 0.000 0.002 0.003 0.001 0.001 

Locus 5 : 5 
6 alleles
0.6% missing data
 103   (0.861) 0.931 0.853 0.849 0.533 0.969 0.984 0.738 0.960 0.862 0.981 0.980 0.929 0.996 0.869 0.688 0.986 0.954 
 104   (0.051) 0.023 0.050 0.063 0.414 0.015 0.006 0.069 0.020 0.052 0.012 0.003 0.031 0.002 0.039 0.245 0.005 0.030 
 101   (0.009) 0.002 0.007 0.007 0.003 0.001 0.001 0.001 0.005 0.007 0.001 0.012 0.003 0.000 0.003 0.004 0.001 0.002 
 105   (0.048) 0.036 0.057 0.052 0.033 0.011 0.005 0.166 0.011 0.051 0.004 0.003 0.024 0.001 0.073 0.044 0.005 0.009 
 102   (0.016) 0.005 0.018 0.015 0.011 0.002 0.002 0.001 0.002 0.016 0.001 0.001 0.009 0.000 0.006 0.012 0.001 0.003 
 107   (0.015) 0.003 0.014 0.013 0.006 0.002 0.001 0.025 0.002 0.012 0.001 0.001 0.003 0.000 0.010 0.007 0.001 0.002 

Locus 6 : 6 
5 alleles
0.2% missing data
 141   (0.268) 0.310 0.258 0.278 0.201 0.250 0.030 0.110 0.785 0.258 0.316 0.131 0.324 0.596 0.208 0.282 0.837 0.068 
 145   (0.403) 0.443 0.431 0.403 0.609 0.641 0.409 0.023 0.130 0.437 0.117 0.259 0.459 0.172 0.524 0.448 0.073 0.584 
 135   (0.234) 0.136 0.226 0.237 0.140 0.095 0.549 0.637 0.065 0.222 0.363 0.288 0.179 0.192 0.200 0.213 0.074 0.328 
 147   (0.083) 0.109 0.076 0.074 0.045 0.013 0.010 0.127 0.019 0.075 0.202 0.320 0.036 0.039 0.057 0.052 0.015 0.018 
 137   (0.012) 0.002 0.008 0.008 0.004 0.002 0.001 0.103 0.002 0.008 0.002 0.001 0.002 0.000 0.011 0.005 0.001 0.003 

Locus 7 : 7 
10 alleles
1.2% missing data
  93   (0.225) 0.217 0.200 0.202 0.157 0.349 0.797 0.112 0.306 0.202 0.408 0.065 0.326 0.333 0.282 0.184 0.617 0.117 
 103   (0.302) 0.531 0.309 0.317 0.477 0.379 0.040 0.017 0.124 0.320 0.278 0.515 0.373 0.403 0.287 0.389 0.080 0.311 
  91   (0.069) 0.039 0.072 0.067 0.047 0.054 0.010 0.060 0.057 0.068 0.007 0.155 0.017 0.034 0.058 0.050 0.007 0.016 
  97   (0.196) 0.158 0.207 0.203 0.164 0.090 0.126 0.262 0.250 0.212 0.164 0.253 0.050 0.163 0.119 0.178 0.027 0.372 
  85   (0.044) 0.013 0.049 0.046 0.026 0.009 0.006 0.003 0.010 0.043 0.007 0.003 0.011 0.046 0.047 0.035 0.005 0.132 
  89   (0.083) 0.028 0.073 0.069 0.050 0.079 0.011 0.301 0.238 0.067 0.129 0.005 0.195 0.019 0.067 0.053 0.255 0.032 
  83   (0.048) 0.009 0.064 0.069 0.032 0.034 0.006 0.003 0.010 0.060 0.004 0.003 0.023 0.001 0.131 0.078 0.005 0.016 
 105   (0.014) 0.002 0.014 0.014 0.007 0.003 0.002 0.091 0.003 0.013 0.001 0.001 0.003 0.000 0.004 0.010 0.001 0.002 
 101   (0.009) 0.001 0.006 0.006 0.035 0.001 0.001 0.125 0.001 0.005 0.001 0.001 0.002 0.000 0.002 0.018 0.001 0.001 
  99   (0.010) 0.001 0.007 0.007 0.004 0.001 0.001 0.025 0.001 0.009 0.001 0.001 0.002 0.000 0.003 0.004 0.001 0.002 

Locus 8 : 8 
8 alleles
0.0% missing data
 129   (0.554) 0.401 0.563 0.543 0.766 0.709 0.198 0.299 0.454 0.570 0.467 0.638 0.741 0.704 0.640 0.608 0.667 0.724 
 141   (0.054) 0.092 0.050 0.052 0.027 0.011 0.006 0.003 0.011 0.048 0.146 0.217 0.023 0.100 0.021 0.042 0.008 0.019 
 149   (0.079) 0.017 0.074 0.083 0.037 0.069 0.009 0.304 0.283 0.074 0.036 0.012 0.081 0.144 0.054 0.075 0.011 0.029 
 143   (0.261) 0.480 0.263 0.276 0.146 0.195 0.702 0.298 0.212 0.264 0.345 0.129 0.142 0.050 0.250 0.243 0.309 0.216 
 127   (0.018) 0.003 0.018 0.017 0.009 0.002 0.046 0.094 0.003 0.016 0.002 0.001 0.004 0.000 0.005 0.010 0.001 0.003 
 131   (0.012) 0.002 0.009 0.009 0.004 0.011 0.038 0.001 0.003 0.008 0.001 0.002 0.002 0.000 0.003 0.006 0.001 0.004 
 133   (0.017) 0.003 0.017 0.016 0.009 0.003 0.002 0.001 0.032 0.016 0.002 0.001 0.007 0.000 0.023 0.013 0.001 0.005 
 145   (0.006) 0.001 0.005 0.005 0.002 0.001 0.001 0.000 0.001 0.005 0.001 0.000 0.001 0.000 0.004 0.003 0.000 0.001 

Locus 9 : 9 
5 alleles
0.0% missing data
 191   (0.390) 0.484 0.387 0.392 0.408 0.332 0.339 0.339 0.593 0.390 0.604 0.547 0.160 0.567 0.349 0.422 0.848 0.326 
 195   (0.146) 0.244 0.129 0.146 0.079 0.339 0.356 0.331 0.034 0.132 0.036 0.050 0.084 0.189 0.132 0.135 0.032 0.348 
 189   (0.451) 0.269 0.476 0.454 0.508 0.326 0.303 0.329 0.370 0.470 0.359 0.402 0.753 0.242 0.506 0.437 0.119 0.324 
 197   (0.006) 0.001 0.004 0.004 0.002 0.001 0.001 0.000 0.001 0.004 0.001 0.000 0.001 0.000 0.011 0.003 0.001 0.001 
 193   (0.006) 0.001 0.004 0.004 0.002 0.001 0.001 0.000 0.002 0.004 0.001 0.000 0.001 0.002 0.002 0.003 0.001 0.002 

Locus 10 : 10 
7 alleles
0.4% missing data
 232   (0.249) 0.153 0.266 0.257 0.315 0.208 0.218 0.125 0.062 0.264 0.387 0.278 0.072 0.286 0.293 0.276 0.577 0.167 
 238   (0.560) 0.672 0.561 0.559 0.573 0.730 0.366 0.749 0.843 0.558 0.427 0.342 0.864 0.593 0.492 0.574 0.128 0.695 
 252   (0.106) 0.121 0.093 0.104 0.071 0.050 0.016 0.014 0.080 0.095 0.177 0.031 0.047 0.106 0.165 0.098 0.278 0.123 
 254   (0.047) 0.047 0.043 0.042 0.022 0.007 0.396 0.082 0.009 0.043 0.005 0.265 0.010 0.014 0.036 0.028 0.013 0.008 
 248   (0.018) 0.003 0.019 0.018 0.009 0.002 0.002 0.001 0.003 0.020 0.002 0.083 0.004 0.000 0.008 0.010 0.002 0.003 
 250   (0.014) 0.002 0.013 0.014 0.008 0.002 0.002 0.029 0.002 0.014 0.001 0.001 0.002 0.000 0.004 0.011 0.001 0.002 
 236   (0.006) 0.002 0.005 0.005 0.003 0.001 0.001 0.000 0.001 0.005 0.000 0.001 0.001 0.000 0.003 0.003 0.001 0.001 

Locus 11 : 11 
4 alleles
0.0% missing data
  87   (0.686) 0.641 0.691 0.693 0.791 0.859 0.964 0.494 0.867 0.692 0.551 0.531 0.795 0.642 0.684 0.737 0.339 0.877 
  89   (0.243) 0.346 0.250 0.244 0.173 0.116 0.029 0.152 0.085 0.249 0.365 0.386 0.185 0.305 0.223 0.214 0.635 0.090 
  91   (0.055) 0.011 0.046 0.050 0.028 0.023 0.006 0.183 0.014 0.046 0.083 0.081 0.016 0.053 0.077 0.041 0.024 0.030 
  85   (0.016) 0.003 0.013 0.013 0.008 0.002 0.002 0.171 0.034 0.013 0.001 0.001 0.003 0.000 0.016 0.008 0.002 0.003 

Locus 12 : 12 
13 alleles
0.4% missing data
 160   (0.217) 0.060 0.211 0.196 0.338 0.349 0.598 0.424 0.189 0.216 0.190 0.722 0.256 0.106 0.216 0.235 0.037 0.132 
 162   (0.243) 0.487 0.244 0.265 0.144 0.289 0.064 0.014 0.376 0.246 0.096 0.229 0.334 0.211 0.251 0.237 0.764 0.133 
 147   (0.050) 0.088 0.046 0.043 0.029 0.015 0.005 0.003 0.013 0.046 0.364 0.003 0.071 0.118 0.017 0.031 0.092 0.034 
 158   (0.230) 0.188 0.242 0.230 0.358 0.204 0.028 0.094 0.097 0.231 0.313 0.021 0.103 0.536 0.279 0.279 0.077 0.313 
 161   (0.109) 0.147 0.102 0.106 0.048 0.048 0.115 0.272 0.032 0.097 0.023 0.016 0.130 0.021 0.113 0.094 0.015 0.237 
 170   (0.050) 0.009 0.059 0.064 0.031 0.020 0.006 0.027 0.012 0.065 0.005 0.003 0.050 0.007 0.057 0.055 0.006 0.019 
 143   (0.030) 0.005 0.030 0.032 0.017 0.007 0.176 0.162 0.008 0.032 0.003 0.002 0.006 0.001 0.039 0.030 0.003 0.005 
 154   (0.016) 0.005 0.022 0.020 0.013 0.002 0.002 0.001 0.005 0.022 0.001 0.001 0.004 0.000 0.006 0.012 0.002 0.003 
 149   (0.022) 0.004 0.018 0.018 0.008 0.057 0.002 0.001 0.262 0.018 0.002 0.001 0.006 0.000 0.006 0.012 0.002 0.087 
 153   (0.012) 0.003 0.011 0.011 0.006 0.002 0.001 0.001 0.002 0.012 0.001 0.001 0.002 0.000 0.010 0.007 0.001 0.002 
 150   (0.006) 0.001 0.004 0.004 0.002 0.006 0.001 0.000 0.001 0.004 0.001 0.000 0.001 0.000 0.002 0.002 0.001 0.015 
 159   (0.008) 0.001 0.005 0.005 0.002 0.001 0.001 0.000 0.001 0.005 0.001 0.000 0.037 0.000 0.003 0.003 0.001 0.019 
 164   (0.006) 0.001 0.005 0.005 0.002 0.001 0.001 0.000 0.001 0.005 0.001 0.000 0.001 0.000 0.002 0.003 0.001 0.001 

Locus 13 : 13 
5 alleles
0.0% missing data
 108   (0.200) 0.142 0.200 0.186 0.281 0.071 0.337 0.298 0.050 0.206 0.157 0.199 0.136 0.163 0.278 0.190 0.409 0.167 
 115   (0.450) 0.503 0.452 0.457 0.292 0.578 0.089 0.378 0.709 0.452 0.321 0.284 0.489 0.583 0.475 0.394 0.528 0.450 
 113   (0.337) 0.353 0.338 0.346 0.418 0.349 0.573 0.324 0.239 0.332 0.521 0.517 0.372 0.254 0.243 0.405 0.062 0.380 
 109   (0.006) 0.001 0.005 0.005 0.007 0.001 0.001 0.000 0.001 0.004 0.001 0.000 0.001 0.000 0.002 0.005 0.001 0.001 
 110   (0.006) 0.001 0.005 0.006 0.002 0.001 0.001 0.000 0.001 0.005 0.001 0.000 0.001 0.000 0.002 0.005 0.000 0.001 

Locus 14 : 14 
5 alleles
1.2% missing data
 227   (0.140) 0.038 0.138 0.137 0.096 0.338 0.256 0.008 0.055 0.140 0.334 0.016 0.287 0.260 0.075 0.127 0.060 0.308 
 231   (0.155) 0.465 0.161 0.158 0.097 0.028 0.273 0.357 0.038 0.169 0.110 0.353 0.042 0.094 0.150 0.110 0.026 0.034 
 229   (0.503) 0.283 0.507 0.504 0.692 0.521 0.091 0.467 0.860 0.493 0.423 0.413 0.449 0.462 0.677 0.590 0.865 0.536 
 225   (0.139) 0.141 0.140 0.137 0.086 0.051 0.226 0.059 0.033 0.142 0.024 0.213 0.204 0.088 0.072 0.115 0.020 0.103 
 233   (0.063) 0.074 0.054 0.064 0.029 0.062 0.154 0.109 0.014 0.056 0.109 0.004 0.018 0.096 0.025 0.058 0.028 0.019 

Locus 15 : 15 
5 alleles
0.4% missing data
 143   (0.841) 0.873 0.838 0.844 0.882 0.901 0.718 0.620 0.937 0.843 0.978 0.816 0.943 0.970 0.888 0.870 0.983 0.751 
 157   (0.007) 0.002 0.004 0.004 0.002 0.001 0.001 0.000 0.001 0.004 0.001 0.000 0.001 0.018 0.002 0.003 0.001 0.001 
 145   (0.089) 0.114 0.092 0.091 0.081 0.082 0.274 0.185 0.049 0.089 0.016 0.006 0.036 0.010 0.046 0.084 0.010 0.052 
 147   (0.048) 0.008 0.055 0.051 0.029 0.015 0.006 0.194 0.010 0.052 0.005 0.146 0.017 0.001 0.023 0.037 0.005 0.193 
 133   (0.014) 0.003 0.011 0.011 0.006 0.002 0.001 0.001 0.002 0.011 0.001 0.032 0.003 0.000 0.041 0.006 0.002 0.004 

Locus 16 : 16 
5 alleles
0.2% missing data
 156   (0.226) 0.328 0.208 0.218 0.133 0.227 0.517 0.162 0.052 0.207 0.085 0.504 0.178 0.307 0.396 0.184 0.195 0.278 
 158   (0.540) 0.466 0.561 0.563 0.591 0.682 0.251 0.312 0.612 0.559 0.720 0.195 0.577 0.497 0.455 0.601 0.316 0.596 
 160   (0.141) 0.149 0.137 0.129 0.094 0.059 0.016 0.119 0.311 0.140 0.185 0.113 0.194 0.152 0.101 0.095 0.477 0.100 
 154   (0.085) 0.056 0.087 0.085 0.179 0.019 0.215 0.407 0.023 0.089 0.009 0.188 0.031 0.044 0.045 0.117 0.011 0.024 
 152   (0.009) 0.001 0.005 0.006 0.003 0.013 0.001 0.000 0.001 0.005 0.001 0.001 0.020 0.000 0.002 0.003 0.001 0.001 

Locus 17 : 17 
5 alleles
0.0% missing data
 102   (0.200) 0.183 0.200 0.205 0.166 0.072 0.024 0.038 0.334 0.189 0.144 0.198 0.440 0.251 0.095 0.211 0.092 0.240 
  90   (0.681) 0.795 0.673 0.667 0.656 0.906 0.574 0.321 0.376 0.682 0.826 0.794 0.520 0.720 0.823 0.640 0.605 0.723 
  88   (0.069) 0.013 0.074 0.079 0.044 0.010 0.007 0.470 0.281 0.082 0.025 0.005 0.023 0.028 0.032 0.069 0.299 0.015 
 100   (0.043) 0.009 0.049 0.044 0.132 0.010 0.394 0.171 0.008 0.043 0.004 0.003 0.012 0.001 0.048 0.078 0.004 0.007 
 104   (0.007) 0.001 0.004 0.004 0.002 0.001 0.001 0.000 0.001 0.004 0.001 0.000 0.005 0.000 0.002 0.003 0.001 0.016 

Locus 18 : 18 
7 alleles
0.0% missing data
 142   (0.123) 0.023 0.125 0.135 0.083 0.050 0.015 0.018 0.082 0.130 0.384 0.008 0.058 0.426 0.175 0.131 0.798 0.141 
 146   (0.074) 0.084 0.065 0.078 0.034 0.025 0.008 0.004 0.103 0.064 0.024 0.227 0.245 0.195 0.064 0.082 0.032 0.019 
 140   (0.295) 0.504 0.307 0.286 0.342 0.201 0.278 0.298 0.526 0.289 0.416 0.177 0.197 0.084 0.230 0.291 0.046 0.430 
 127   (0.300) 0.230 0.306 0.299 0.440 0.422 0.547 0.385 0.178 0.315 0.102 0.057 0.285 0.222 0.407 0.340 0.074 0.182 
 148   (0.099) 0.115 0.097 0.097 0.048 0.069 0.011 0.067 0.027 0.098 0.049 0.217 0.152 0.055 0.036 0.066 0.034 0.048 
 150   (0.055) 0.012 0.047 0.056 0.023 0.209 0.005 0.225 0.068 0.048 0.005 0.310 0.031 0.001 0.051 0.056 0.006 0.112 
 138   (0.054) 0.031 0.052 0.050 0.030 0.026 0.136 0.003 0.016 0.055 0.021 0.004 0.032 0.018 0.038 0.034 0.011 0.069 

Locus 19 : 19 
8 alleles
0.2% missing data
 188   (0.182) 0.066 0.203 0.198 0.132 0.119 0.019 0.011 0.045 0.195 0.176 0.169 0.090 0.095 0.191 0.165 0.569 0.320 
 190   (0.124) 0.244 0.098 0.100 0.126 0.238 0.013 0.041 0.400 0.095 0.331 0.200 0.067 0.421 0.100 0.106 0.014 0.205 
 194   (0.574) 0.599 0.583 0.588 0.675 0.570 0.956 0.553 0.183 0.596 0.483 0.479 0.568 0.481 0.636 0.635 0.407 0.453 
 202   (0.017) 0.003 0.013 0.014 0.006 0.002 0.002 0.042 0.003 0.013 0.001 0.146 0.003 0.000 0.005 0.010 0.001 0.003 
 200   (0.084) 0.082 0.088 0.087 0.054 0.069 0.008 0.315 0.366 0.089 0.008 0.005 0.268 0.002 0.056 0.075 0.007 0.016 
 192   (0.006) 0.003 0.006 0.005 0.002 0.001 0.001 0.000 0.001 0.005 0.001 0.000 0.001 0.000 0.002 0.003 0.000 0.001 
 196   (0.007) 0.001 0.004 0.005 0.002 0.001 0.001 0.000 0.001 0.004 0.001 0.000 0.001 0.000 0.008 0.003 0.001 0.001 
 198   (0.007) 0.001 0.004 0.004 0.002 0.001 0.001 0.038 0.001 0.004 0.001 0.000 0.001 0.000 0.002 0.002 0.000 0.001 

Locus 20 : 20 
6 alleles
0.8% missing data
 252   (0.699) 0.745 0.727 0.724 0.649 0.743 0.384 0.073 0.540 0.729 0.713 0.728 0.842 0.853 0.834 0.694 0.817 0.767 
 250   (0.085) 0.069 0.075 0.073 0.065 0.027 0.350 0.429 0.142 0.079 0.047 0.142 0.029 0.100 0.029 0.059 0.010 0.186 
 244   (0.023) 0.007 0.017 0.017 0.013 0.011 0.005 0.047 0.007 0.016 0.002 0.002 0.007 0.007 0.009 0.014 0.150 0.006 
 254   (0.079) 0.057 0.067 0.077 0.034 0.132 0.099 0.243 0.019 0.067 0.010 0.081 0.090 0.031 0.064 0.072 0.010 0.019 
 246   (0.093) 0.119 0.091 0.087 0.056 0.085 0.159 0.207 0.288 0.087 0.226 0.046 0.023 0.004 0.057 0.064 0.010 0.018 
 248   (0.021) 0.004 0.024 0.022 0.182 0.003 0.002 0.001 0.004 0.022 0.002 0.001 0.008 0.004 0.008 0.097 0.003 0.004 

Locus 21 : 21 
7 alleles
0.2% missing data
 173   (0.292) 0.310 0.274 0.284 0.177 0.565 0.119 0.208 0.071 0.274 0.139 0.211 0.474 0.375 0.356 0.252 0.148 0.574 
 177   (0.264) 0.081 0.277 0.275 0.517 0.223 0.272 0.039 0.505 0.278 0.637 0.165 0.248 0.273 0.205 0.386 0.177 0.248 
 175   (0.142) 0.322 0.138 0.135 0.083 0.081 0.486 0.505 0.039 0.128 0.026 0.258 0.084 0.024 0.127 0.108 0.017 0.065 
 167   (0.195) 0.142 0.189 0.188 0.129 0.113 0.111 0.069 0.089 0.196 0.183 0.123 0.162 0.323 0.266 0.161 0.647 0.088 
 163   (0.038) 0.015 0.039 0.039 0.025 0.008 0.004 0.108 0.008 0.037 0.004 0.229 0.011 0.002 0.021 0.029 0.004 0.011 
 165   (0.049) 0.126 0.051 0.050 0.049 0.007 0.006 0.070 0.284 0.050 0.009 0.012 0.013 0.003 0.020 0.049 0.005 0.010 
 159   (0.019) 0.003 0.033 0.029 0.019 0.002 0.002 0.001 0.003 0.037 0.002 0.001 0.007 0.000 0.005 0.015 0.002 0.004 

Locus 22 : 22 
11 alleles
0.6% missing data
 146   (0.231) 0.168 0.233 0.252 0.138 0.333 0.071 0.014 0.288 0.246 0.222 0.137 0.347 0.231 0.209 0.224 0.839 0.120 
 154   (0.007) 0.001 0.004 0.004 0.002 0.001 0.001 0.000 0.001 0.004 0.002 0.000 0.001 0.071 0.002 0.002 0.001 0.001 
 166   (0.092) 0.077 0.112 0.106 0.080 0.023 0.112 0.005 0.022 0.102 0.267 0.006 0.041 0.028 0.044 0.104 0.010 0.024 
 152   (0.422) 0.509 0.402 0.391 0.633 0.568 0.504 0.096 0.602 0.398 0.441 0.365 0.530 0.637 0.552 0.475 0.122 0.766 
 150   (0.029) 0.005 0.028 0.034 0.017 0.005 0.112 0.103 0.007 0.027 0.007 0.002 0.013 0.006 0.009 0.038 0.004 0.012 
 164   (0.035) 0.057 0.029 0.028 0.015 0.007 0.005 0.068 0.007 0.028 0.043 0.002 0.010 0.011 0.029 0.019 0.005 0.009 
 156   (0.019) 0.004 0.014 0.014 0.006 0.008 0.002 0.113 0.004 0.013 0.002 0.306 0.004 0.000 0.005 0.008 0.002 0.022 
 162   (0.053) 0.042 0.060 0.057 0.034 0.010 0.007 0.138 0.020 0.065 0.005 0.071 0.027 0.001 0.039 0.035 0.005 0.019 
 158   (0.089) 0.133 0.099 0.096 0.060 0.017 0.011 0.434 0.046 0.098 0.009 0.109 0.023 0.014 0.104 0.074 0.012 0.023 
 148   (0.009) 0.001 0.006 0.006 0.003 0.001 0.174 0.000 0.001 0.006 0.001 0.000 0.002 0.000 0.003 0.003 0.001 0.001 
 142   (0.014) 0.002 0.011 0.013 0.011 0.026 0.002 0.028 0.003 0.012 0.001 0.001 0.003 0.000 0.004 0.017 0.001 0.002 

Locus 23 : 23 
7 alleles
0.8% missing data
 152   (0.013) 0.002 0.009 0.008 0.005 0.002 0.001 0.001 0.002 0.008 0.091 0.001 0.003 0.063 0.003 0.006 0.001 0.002 
 156   (0.118) 0.126 0.112 0.114 0.244 0.026 0.014 0.433 0.027 0.109 0.084 0.028 0.047 0.032 0.255 0.172 0.012 0.102 
 144   (0.180) 0.196 0.169 0.163 0.108 0.320 0.606 0.244 0.050 0.170 0.153 0.644 0.178 0.186 0.102 0.131 0.026 0.258 
 160   (0.106) 0.137 0.095 0.089 0.240 0.060 0.013 0.012 0.321 0.089 0.292 0.105 0.145 0.179 0.046 0.150 0.012 0.170 
 154   (0.548) 0.528 0.575 0.588 0.385 0.588 0.361 0.171 0.593 0.588 0.375 0.220 0.614 0.537 0.580 0.513 0.923 0.462 
 158   (0.028) 0.009 0.032 0.031 0.016 0.004 0.003 0.140 0.006 0.029 0.003 0.002 0.012 0.003 0.009 0.024 0.025 0.006 
 146   (0.008) 0.001 0.008 0.007 0.003 0.001 0.001 0.000 0.001 0.007 0.001 0.000 0.001 0.000 0.004 0.004 0.001 0.001 

Locus 24 : 24 
4 alleles
0.4% missing data
  77   (0.081) 0.088 0.073 0.067 0.040 0.050 0.009 0.005 0.032 0.069 0.025 0.048 0.162 0.333 0.115 0.045 0.031 0.047 
  83   (0.465) 0.608 0.455 0.442 0.460 0.432 0.690 0.588 0.761 0.454 0.597 0.922 0.355 0.485 0.393 0.436 0.227 0.516 
  81   (0.366) 0.267 0.382 0.403 0.456 0.415 0.291 0.378 0.184 0.393 0.341 0.024 0.423 0.162 0.344 0.454 0.731 0.288 
  85   (0.088) 0.038 0.091 0.088 0.045 0.102 0.010 0.029 0.023 0.083 0.037 0.006 0.060 0.020 0.148 0.065 0.012 0.149 

Locus 25 : 25 
6 alleles
0.4% missing data
 132   (0.315) 0.459 0.325 0.335 0.213 0.429 0.181 0.021 0.207 0.345 0.132 0.457 0.246 0.537 0.227 0.289 0.910 0.205 
 124   (0.531) 0.416 0.526 0.518 0.689 0.446 0.414 0.468 0.754 0.515 0.826 0.533 0.586 0.390 0.714 0.576 0.066 0.654 
 126   (0.025) 0.005 0.022 0.020 0.010 0.003 0.003 0.011 0.005 0.020 0.028 0.001 0.005 0.058 0.008 0.012 0.003 0.006 
 122   (0.096) 0.101 0.096 0.098 0.073 0.117 0.107 0.476 0.027 0.091 0.011 0.006 0.155 0.014 0.039 0.104 0.018 0.128 
 120   (0.019) 0.004 0.017 0.016 0.008 0.002 0.293 0.022 0.003 0.015 0.002 0.001 0.004 0.000 0.007 0.010 0.002 0.003 
 136   (0.014) 0.015 0.013 0.013 0.006 0.002 0.002 0.002 0.003 0.013 0.002 0.001 0.005 0.001 0.004 0.008 0.001 0.005 

Locus 26 : 26 
7 alleles
0.2% missing data
 165   (0.247) 0.340 0.241 0.237 0.317 0.377 0.323 0.113 0.207 0.233 0.158 0.052 0.217 0.115 0.226 0.270 0.690 0.109 
 183   (0.353) 0.464 0.349 0.336 0.424 0.339 0.293 0.209 0.631 0.359 0.459 0.424 0.247 0.585 0.333 0.346 0.197 0.379 
 179   (0.088) 0.018 0.084 0.082 0.051 0.038 0.345 0.283 0.043 0.081 0.104 0.005 0.164 0.056 0.069 0.062 0.017 0.027 
 175   (0.244) 0.150 0.255 0.282 0.170 0.238 0.031 0.015 0.107 0.261 0.274 0.453 0.349 0.243 0.203 0.283 0.090 0.473 
 181   (0.052) 0.025 0.058 0.050 0.033 0.007 0.007 0.265 0.009 0.054 0.005 0.065 0.021 0.001 0.164 0.032 0.005 0.009 
 185   (0.010) 0.002 0.007 0.007 0.003 0.001 0.001 0.115 0.002 0.007 0.001 0.001 0.002 0.000 0.003 0.004 0.001 0.002 
 157   (0.006) 0.001 0.005 0.005 0.002 0.001 0.001 0.000 0.001 0.005 0.001 0.000 0.001 0.000 0.002 0.003 0.001 0.001 

Locus 27 : 27 
4 alleles
0.2% missing data
 142   (0.641) 0.683 0.649 0.647 0.755 0.832 0.306 0.522 0.722 0.661 0.603 0.742 0.645 0.704 0.589 0.693 0.337 0.760 
 148   (0.206) 0.246 0.211 0.212 0.147 0.065 0.676 0.267 0.052 0.202 0.178 0.064 0.115 0.075 0.226 0.187 0.380 0.176 
 138   (0.046) 0.017 0.036 0.036 0.039 0.030 0.006 0.047 0.023 0.035 0.208 0.003 0.015 0.211 0.020 0.035 0.272 0.012 
 150   (0.108) 0.054 0.104 0.104 0.059 0.073 0.012 0.164 0.203 0.102 0.012 0.190 0.225 0.010 0.164 0.084 0.011 0.052 

Locus 28 : 28 
6 alleles
0.8% missing data
 260   (0.386) 0.298 0.402 0.402 0.466 0.549 0.132 0.217 0.498 0.408 0.499 0.377 0.518 0.340 0.215 0.454 0.278 0.410 
 262   (0.506) 0.662 0.488 0.492 0.467 0.384 0.855 0.696 0.472 0.477 0.490 0.550 0.394 0.654 0.697 0.474 0.709 0.437 
 256   (0.077) 0.035 0.081 0.079 0.054 0.046 0.010 0.085 0.024 0.088 0.008 0.071 0.075 0.005 0.063 0.055 0.011 0.085 
 258   (0.011) 0.002 0.013 0.012 0.006 0.001 0.001 0.001 0.002 0.012 0.001 0.001 0.002 0.000 0.003 0.007 0.001 0.002 
 266   (0.006) 0.001 0.004 0.004 0.002 0.013 0.001 0.000 0.001 0.004 0.001 0.000 0.002 0.000 0.002 0.002 0.001 0.001 
 264   (0.015) 0.002 0.012 0.011 0.006 0.007 0.001 0.001 0.003 0.012 0.001 0.001 0.009 0.000 0.020 0.007 0.001 0.066 

Locus 29 : 29 
7 alleles
0.2% missing data
 146   (0.281) 0.350 0.287 0.273 0.573 0.145 0.035 0.324 0.478 0.287 0.282 0.334 0.198 0.162 0.248 0.393 0.081 0.461 
 150   (0.436) 0.406 0.438 0.455 0.279 0.600 0.139 0.239 0.168 0.438 0.443 0.289 0.552 0.713 0.599 0.409 0.159 0.384 
 140   (0.178) 0.169 0.180 0.175 0.096 0.147 0.814 0.392 0.118 0.176 0.033 0.057 0.221 0.080 0.114 0.133 0.696 0.128 
 148   (0.063) 0.049 0.055 0.056 0.028 0.046 0.007 0.035 0.154 0.052 0.229 0.318 0.017 0.038 0.022 0.038 0.058 0.013 
 152   (0.027) 0.004 0.029 0.030 0.018 0.060 0.003 0.009 0.064 0.036 0.003 0.002 0.007 0.001 0.012 0.020 0.004 0.011 
 151   (0.009) 0.003 0.006 0.007 0.004 0.001 0.001 0.001 0.006 0.006 0.009 0.001 0.004 0.005 0.003 0.004 0.001 0.001 
 142   (0.008) 0.020 0.005 0.005 0.003 0.001 0.001 0.000 0.012 0.005 0.001 0.000 0.001 0.001 0.003 0.003 0.001 0.001 

Locus 30 : 30 
6 alleles
0.2% missing data
 125   (0.283) 0.309 0.315 0.295 0.458 0.074 0.137 0.139 0.093 0.298 0.292 0.029 0.103 0.476 0.351 0.359 0.634 0.077 
 129   (0.430) 0.418 0.415 0.425 0.265 0.603 0.210 0.078 0.467 0.425 0.647 0.789 0.575 0.477 0.392 0.351 0.305 0.661 
 123   (0.154) 0.107 0.139 0.144 0.209 0.274 0.018 0.110 0.097 0.146 0.050 0.100 0.192 0.044 0.184 0.184 0.047 0.237 
 127   (0.085) 0.156 0.085 0.080 0.045 0.037 0.591 0.533 0.334 0.085 0.008 0.079 0.064 0.002 0.045 0.049 0.010 0.015 
 121   (0.012) 0.003 0.010 0.011 0.005 0.002 0.040 0.001 0.002 0.011 0.001 0.001 0.003 0.000 0.005 0.008 0.001 0.002 
 131   (0.035) 0.007 0.037 0.045 0.017 0.011 0.004 0.140 0.007 0.037 0.003 0.002 0.064 0.001 0.023 0.049 0.003 0.008 

Locus 31 : 31 
6 alleles
0.2% missing data
 159   (0.175) 0.297 0.167 0.168 0.084 0.184 0.020 0.201 0.047 0.159 0.116 0.011 0.299 0.139 0.288 0.141 0.062 0.396 
 155   (0.542) 0.421 0.568 0.566 0.749 0.608 0.524 0.421 0.489 0.571 0.845 0.708 0.287 0.688 0.461 0.650 0.590 0.239 
 157   (0.182) 0.256 0.172 0.175 0.117 0.178 0.115 0.060 0.443 0.178 0.030 0.020 0.338 0.091 0.204 0.143 0.299 0.113 
 153   (0.063) 0.012 0.061 0.059 0.033 0.024 0.095 0.308 0.013 0.058 0.006 0.004 0.067 0.079 0.023 0.046 0.043 0.245 
 151   (0.031) 0.013 0.028 0.027 0.015 0.004 0.246 0.009 0.007 0.028 0.003 0.256 0.007 0.002 0.021 0.017 0.004 0.006 
 163   (0.006) 0.001 0.005 0.005 0.002 0.002 0.001 0.000 0.001 0.004 0.001 0.000 0.002 0.001 0.002 0.003 0.001 0.001 

Locus 32 : 32 
5 alleles
0.0% missing data
 146   (0.322) 0.263 0.339 0.329 0.421 0.353 0.585 0.653 0.208 0.327 0.051 0.312 0.268 0.063 0.363 0.358 0.065 0.403 
 150   (0.566) 0.510 0.556 0.565 0.490 0.614 0.403 0.250 0.411 0.562 0.880 0.640 0.680 0.861 0.596 0.541 0.924 0.511 
 148   (0.059) 0.121 0.053 0.052 0.065 0.011 0.007 0.032 0.366 0.063 0.063 0.045 0.026 0.075 0.018 0.050 0.006 0.015 
 154   (0.038) 0.104 0.041 0.040 0.018 0.007 0.004 0.065 0.009 0.036 0.005 0.002 0.012 0.001 0.018 0.035 0.004 0.008 
 152   (0.014) 0.002 0.011 0.014 0.005 0.015 0.001 0.001 0.006 0.011 0.001 0.001 0.013 0.000 0.005 0.016 0.001 0.062 

Locus 33 : 33 
7 alleles
0.0% missing data
 180   (0.463) 0.532 0.475 0.477 0.485 0.401 0.699 0.357 0.515 0.484 0.366 0.673 0.407 0.610 0.411 0.483 0.425 0.171 
 196   (0.115) 0.050 0.115 0.111 0.083 0.129 0.013 0.025 0.025 0.109 0.202 0.007 0.106 0.189 0.106 0.110 0.115 0.223 
 184   (0.197) 0.276 0.195 0.181 0.126 0.346 0.264 0.186 0.085 0.177 0.127 0.071 0.080 0.146 0.206 0.134 0.434 0.473 
 194   (0.010) 0.002 0.006 0.006 0.003 0.001 0.001 0.001 0.002 0.006 0.035 0.001 0.002 0.039 0.003 0.004 0.001 0.002 
 192   (0.136) 0.097 0.140 0.144 0.076 0.107 0.015 0.166 0.356 0.153 0.013 0.182 0.289 0.005 0.202 0.106 0.015 0.113 
 198   (0.062) 0.020 0.057 0.069 0.221 0.010 0.007 0.265 0.015 0.058 0.255 0.066 0.020 0.010 0.052 0.153 0.009 0.013 
 190   (0.016) 0.022 0.012 0.012 0.006 0.005 0.002 0.001 0.003 0.011 0.002 0.001 0.096 0.000 0.020 0.008 0.002 0.005 

Locus 34 : 34 
6 alleles
0.0% missing data
 110   (0.188) 0.224 0.188 0.182 0.344 0.076 0.214 0.109 0.156 0.188 0.154 0.070 0.202 0.370 0.108 0.243 0.268 0.051 
 112   (0.349) 0.289 0.373 0.373 0.247 0.384 0.040 0.047 0.429 0.390 0.749 0.055 0.310 0.516 0.334 0.314 0.067 0.441 
 106   (0.277) 0.414 0.246 0.262 0.287 0.433 0.221 0.246 0.150 0.238 0.076 0.713 0.365 0.088 0.403 0.297 0.586 0.421 
  90   (0.038) 0.008 0.032 0.033 0.020 0.006 0.406 0.002 0.232 0.030 0.006 0.002 0.028 0.018 0.037 0.029 0.062 0.008 
 108   (0.138) 0.064 0.154 0.143 0.099 0.100 0.118 0.594 0.031 0.147 0.014 0.113 0.092 0.007 0.114 0.113 0.016 0.078 
  96   (0.010) 0.002 0.007 0.007 0.004 0.001 0.001 0.001 0.003 0.008 0.001 0.046 0.002 0.000 0.004 0.004 0.001 0.001 

Locus 35 : 35 
9 alleles
0.0% missing data
 166   (0.057) 0.053 0.048 0.053 0.026 0.153 0.007 0.003 0.120 0.046 0.192 0.004 0.034 0.290 0.019 0.051 0.009 0.033 
 176   (0.098) 0.224 0.096 0.091 0.056 0.014 0.012 0.098 0.033 0.094 0.387 0.015 0.027 0.130 0.135 0.066 0.021 0.021 
 172   (0.319) 0.131 0.315 0.334 0.604 0.428 0.040 0.163 0.249 0.321 0.198 0.586 0.431 0.450 0.191 0.476 0.451 0.420 
 170   (0.278) 0.522 0.274 0.261 0.152 0.224 0.615 0.350 0.201 0.268 0.160 0.327 0.197 0.121 0.261 0.184 0.484 0.293 
 174   (0.131) 0.047 0.142 0.134 0.069 0.149 0.015 0.042 0.371 0.132 0.015 0.061 0.253 0.005 0.316 0.115 0.012 0.035 
 178   (0.039) 0.008 0.044 0.044 0.045 0.009 0.005 0.002 0.010 0.054 0.041 0.002 0.015 0.002 0.025 0.040 0.016 0.055 
 168   (0.053) 0.012 0.057 0.063 0.033 0.020 0.304 0.323 0.012 0.056 0.005 0.003 0.021 0.001 0.047 0.057 0.005 0.016 
 186   (0.018) 0.003 0.017 0.015 0.013 0.002 0.002 0.019 0.003 0.023 0.002 0.001 0.022 0.000 0.005 0.009 0.001 0.127 
 158   (0.006) 0.001 0.006 0.005 0.002 0.001 0.001 0.000 0.001 0.005 0.001 0.000 0.001 0.000 0.002 0.003 0.000 0.001 

Locus 36 : 36 
6 alleles
0.0% missing data
  89   (0.575) 0.493 0.587 0.587 0.601 0.561 0.373 0.603 0.647 0.593 0.709 0.508 0.747 0.663 0.543 0.608 0.228 0.774 
  95   (0.060) 0.084 0.058 0.056 0.031 0.131 0.007 0.027 0.015 0.053 0.020 0.004 0.045 0.082 0.022 0.043 0.037 0.016 
  85   (0.162) 0.149 0.147 0.157 0.086 0.168 0.494 0.014 0.285 0.149 0.229 0.235 0.061 0.226 0.216 0.133 0.263 0.165 
  81   (0.061) 0.181 0.068 0.062 0.035 0.027 0.008 0.003 0.014 0.068 0.006 0.004 0.030 0.005 0.148 0.040 0.008 0.013 
  83   (0.123) 0.090 0.123 0.121 0.239 0.103 0.014 0.327 0.035 0.122 0.035 0.247 0.114 0.023 0.067 0.165 0.463 0.029 
  91   (0.019) 0.003 0.016 0.016 0.007 0.009 0.104 0.026 0.004 0.015 0.002 0.001 0.004 0.000 0.005 0.011 0.002 0.004 

Locus 37 : 37 
10 alleles
0.0% missing data
 161   (0.346) 0.397 0.338 0.329 0.379 0.268 0.431 0.709 0.427 0.323 0.536 0.375 0.319 0.578 0.530 0.335 0.085 0.116 
 165   (0.233) 0.183 0.246 0.240 0.356 0.336 0.132 0.112 0.090 0.242 0.269 0.098 0.170 0.163 0.142 0.290 0.059 0.250 
 159   (0.012) 0.002 0.010 0.014 0.005 0.004 0.001 0.001 0.002 0.010 0.009 0.001 0.002 0.036 0.003 0.016 0.001 0.002 
 173   (0.254) 0.388 0.253 0.260 0.158 0.189 0.224 0.169 0.416 0.260 0.085 0.516 0.370 0.126 0.198 0.222 0.160 0.430 
 169   (0.101) 0.021 0.098 0.101 0.072 0.124 0.207 0.006 0.054 0.101 0.096 0.006 0.112 0.087 0.106 0.097 0.690 0.185 
 167   (0.017) 0.003 0.016 0.020 0.009 0.003 0.002 0.001 0.004 0.018 0.002 0.002 0.019 0.009 0.008 0.019 0.002 0.003 
 168   (0.010) 0.002 0.013 0.011 0.006 0.001 0.001 0.001 0.002 0.012 0.001 0.001 0.002 0.000 0.003 0.007 0.001 0.002 
 155   (0.013) 0.003 0.018 0.016 0.011 0.002 0.001 0.001 0.002 0.024 0.001 0.001 0.003 0.000 0.006 0.008 0.001 0.002 
 177   (0.006) 0.001 0.005 0.005 0.002 0.001 0.001 0.000 0.002 0.005 0.001 0.000 0.002 0.000 0.003 0.003 0.000 0.001 
 175   (0.008) 0.001 0.005 0.005 0.002 0.073 0.001 0.000 0.001 0.004 0.001 0.000 0.002 0.000 0.002 0.003 0.001 0.009 

Locus 38 : 38 
6 alleles
0.6% missing data
  87   (0.094) 0.113 0.078 0.076 0.078 0.030 0.555 0.441 0.021 0.077 0.135 0.129 0.136 0.170 0.059 0.071 0.012 0.023 
  89   (0.441) 0.213 0.467 0.462 0.420 0.676 0.052 0.226 0.398 0.469 0.678 0.090 0.463 0.590 0.537 0.462 0.755 0.416 
  91   (0.161) 0.208 0.153 0.164 0.321 0.042 0.208 0.099 0.086 0.153 0.024 0.187 0.163 0.130 0.165 0.247 0.192 0.080 
  81   (0.116) 0.219 0.122 0.123 0.077 0.069 0.013 0.007 0.440 0.120 0.081 0.115 0.052 0.081 0.061 0.103 0.012 0.062 
  85   (0.181) 0.247 0.175 0.172 0.101 0.182 0.172 0.227 0.053 0.178 0.081 0.479 0.185 0.027 0.177 0.115 0.028 0.417 
  83   (0.006) 0.001 0.004 0.004 0.003 0.001 0.001 0.000 0.002 0.004 0.001 0.000 0.001 0.003 0.002 0.003 0.001 0.001 

Locus 39 : 39 
4 alleles
0.6% missing data
 167   (0.787) 0.949 0.771 0.777 0.873 0.681 0.685 0.391 0.804 0.777 0.924 0.859 0.867 0.911 0.877 0.833 0.933 0.936 
 161   (0.176) 0.045 0.196 0.185 0.112 0.226 0.312 0.460 0.183 0.191 0.073 0.138 0.105 0.088 0.108 0.131 0.060 0.057 
 165   (0.030) 0.006 0.027 0.033 0.012 0.093 0.003 0.149 0.012 0.026 0.003 0.002 0.026 0.001 0.014 0.033 0.006 0.006 
 177   (0.006) 0.001 0.006 0.005 0.003 0.001 0.001 0.000 0.001 0.005 0.001 0.001 0.002 0.000 0.002 0.004 0.000 0.001 

Locus 40 : 40 
6 alleles
0.4% missing data
 228   (0.417) 0.443 0.395 0.405 0.467 0.458 0.549 0.116 0.637 0.390 0.658 0.230 0.451 0.520 0.386 0.448 0.729 0.680 
 238   (0.335) 0.265 0.366 0.364 0.258 0.348 0.080 0.068 0.084 0.369 0.264 0.116 0.312 0.324 0.442 0.317 0.066 0.194 
 224   (0.023) 0.014 0.016 0.016 0.010 0.003 0.002 0.011 0.226 0.015 0.049 0.001 0.005 0.091 0.006 0.011 0.003 0.004 
 236   (0.106) 0.115 0.103 0.099 0.055 0.041 0.355 0.286 0.025 0.098 0.017 0.390 0.099 0.061 0.052 0.076 0.191 0.026 
 232   (0.012) 0.002 0.009 0.009 0.005 0.002 0.001 0.001 0.002 0.009 0.002 0.001 0.002 0.000 0.041 0.006 0.001 0.002 
 240   (0.108) 0.161 0.110 0.107 0.204 0.149 0.012 0.518 0.025 0.119 0.010 0.262 0.131 0.002 0.073 0.143 0.011 0.095 

Locus 41 : 41 
7 alleles
0.0% missing data
 128   (0.113) 0.070 0.099 0.105 0.180 0.295 0.012 0.006 0.243 0.096 0.064 0.031 0.134 0.138 0.145 0.148 0.233 0.043 
 130   (0.534) 0.516 0.547 0.547 0.606 0.386 0.060 0.737 0.509 0.547 0.583 0.782 0.536 0.612 0.551 0.579 0.695 0.476 
 114   (0.052) 0.077 0.049 0.050 0.027 0.007 0.500 0.003 0.010 0.048 0.041 0.003 0.015 0.111 0.030 0.033 0.032 0.011 
 132   (0.124) 0.153 0.118 0.118 0.076 0.160 0.014 0.007 0.029 0.127 0.294 0.046 0.132 0.132 0.147 0.094 0.019 0.411 
 118   (0.061) 0.011 0.054 0.058 0.030 0.096 0.204 0.071 0.030 0.057 0.006 0.130 0.110 0.002 0.049 0.049 0.008 0.019 
 134   (0.111) 0.172 0.127 0.118 0.077 0.055 0.209 0.174 0.178 0.120 0.012 0.007 0.071 0.006 0.076 0.094 0.013 0.039 
 136   (0.006) 0.001 0.005 0.005 0.002 0.001 0.001 0.000 0.001 0.005 0.001 0.000 0.001 0.000 0.002 0.003 0.001 0.001 

Locus 42 : 42 
6 alleles
1.2% missing data
 102   (0.272) 0.414 0.273 0.264 0.202 0.290 0.575 0.016 0.221 0.264 0.451 0.478 0.364 0.417 0.163 0.232 0.074 0.451 
 104   (0.404) 0.322 0.432 0.440 0.456 0.556 0.050 0.229 0.687 0.448 0.137 0.412 0.508 0.194 0.407 0.463 0.097 0.259 
  92   (0.108) 0.085 0.101 0.101 0.058 0.026 0.050 0.316 0.033 0.097 0.292 0.007 0.054 0.106 0.235 0.081 0.013 0.146 
  96   (0.072) 0.054 0.062 0.062 0.201 0.027 0.094 0.176 0.018 0.059 0.047 0.004 0.019 0.060 0.078 0.124 0.718 0.015 
  98   (0.138) 0.123 0.127 0.128 0.080 0.100 0.231 0.262 0.038 0.126 0.073 0.098 0.054 0.222 0.114 0.096 0.098 0.128 
 106   (0.006) 0.002 0.005 0.005 0.003 0.001 0.001 0.000 0.002 0.005 0.001 0.000 0.002 0.000 0.002 0.003 0.001 0.002 

Locus 43 : 43 
6 alleles
1.4% missing data
 101   (0.302) 0.470 0.295 0.301 0.169 0.222 0.035 0.369 0.208 0.280 0.230 0.181 0.291 0.473 0.422 0.265 0.088 0.440 
 103   (0.318) 0.281 0.334 0.330 0.229 0.458 0.228 0.108 0.126 0.367 0.373 0.350 0.406 0.176 0.178 0.274 0.463 0.410 
  99   (0.142) 0.064 0.142 0.139 0.218 0.100 0.417 0.182 0.601 0.136 0.218 0.009 0.051 0.029 0.216 0.151 0.074 0.039 
  95   (0.215) 0.181 0.203 0.208 0.372 0.216 0.169 0.335 0.060 0.196 0.177 0.458 0.247 0.321 0.176 0.296 0.373 0.108 
  97   (0.017) 0.003 0.020 0.017 0.009 0.002 0.151 0.006 0.003 0.017 0.002 0.001 0.003 0.000 0.007 0.011 0.002 0.003 
  91   (0.006) 0.001 0.006 0.005 0.003 0.001 0.001 0.000 0.001 0.005 0.001 0.000 0.001 0.000 0.002 0.004 0.001 0.001 

Locus 44 : 44 
7 alleles
0.2% missing data
 177   (0.079) 0.064 0.082 0.082 0.047 0.052 0.009 0.111 0.016 0.091 0.166 0.005 0.052 0.064 0.029 0.070 0.010 0.022 
 191   (0.285) 0.304 0.304 0.301 0.345 0.130 0.279 0.637 0.327 0.328 0.111 0.097 0.337 0.184 0.268 0.297 0.053 0.122 
 181   (0.569) 0.617 0.550 0.547 0.580 0.730 0.520 0.135 0.576 0.519 0.717 0.864 0.598 0.751 0.673 0.573 0.932 0.845 
 189   (0.007) 0.001 0.004 0.004 0.002 0.001 0.001 0.000 0.001 0.004 0.001 0.030 0.001 0.000 0.002 0.002 0.000 0.001 
 179   (0.042) 0.011 0.045 0.051 0.019 0.005 0.188 0.107 0.075 0.043 0.004 0.003 0.009 0.001 0.022 0.047 0.003 0.007 
 183   (0.009) 0.002 0.008 0.008 0.004 0.003 0.001 0.001 0.002 0.009 0.001 0.001 0.002 0.000 0.003 0.005 0.001 0.001 
 193   (0.010) 0.002 0.006 0.007 0.003 0.079 0.001 0.010 0.002 0.006 0.001 0.001 0.002 0.000 0.003 0.006 0.001 0.002 

Locus 45 : 45 
6 alleles
0.8% missing data
 205   (0.458) 0.536 0.482 0.486 0.556 0.555 0.247 0.310 0.530 0.488 0.550 0.405 0.408 0.504 0.351 0.515 0.870 0.520 
 211   (0.228) 0.184 0.224 0.230 0.163 0.099 0.341 0.394 0.295 0.230 0.116 0.274 0.166 0.251 0.372 0.198 0.044 0.228 
 207   (0.145) 0.091 0.148 0.136 0.078 0.231 0.018 0.071 0.054 0.139 0.191 0.201 0.180 0.127 0.094 0.106 0.063 0.215 
 201   (0.075) 0.082 0.063 0.063 0.098 0.022 0.382 0.039 0.023 0.063 0.101 0.005 0.176 0.068 0.103 0.083 0.012 0.020 
 215   (0.083) 0.105 0.076 0.077 0.048 0.091 0.010 0.179 0.096 0.070 0.041 0.114 0.068 0.049 0.078 0.071 0.010 0.015 
 202   (0.011) 0.002 0.008 0.008 0.056 0.002 0.001 0.007 0.002 0.009 0.001 0.001 0.002 0.000 0.003 0.028 0.001 0.002 

Locus 46 : 46 
10 alleles
1.0% missing data
 144   (0.065) 0.014 0.053 0.060 0.125 0.022 0.008 0.007 0.067 0.051 0.080 0.129 0.072 0.254 0.102 0.097 0.052 0.014 
 158   (0.155) 0.266 0.160 0.151 0.113 0.032 0.021 0.122 0.194 0.150 0.398 0.082 0.196 0.113 0.129 0.113 0.034 0.077 
 168   (0.142) 0.137 0.154 0.135 0.281 0.039 0.216 0.217 0.032 0.139 0.064 0.107 0.062 0.222 0.107 0.184 0.055 0.033 
 166   (0.137) 0.084 0.128 0.130 0.088 0.347 0.123 0.025 0.037 0.139 0.132 0.389 0.075 0.325 0.095 0.102 0.458 0.064 
 142   (0.363) 0.441 0.375 0.396 0.319 0.490 0.047 0.141 0.646 0.382 0.294 0.285 0.531 0.082 0.283 0.414 0.385 0.726 
 170   (0.016) 0.004 0.012 0.012 0.007 0.002 0.002 0.047 0.004 0.012 0.001 0.001 0.003 0.001 0.042 0.009 0.002 0.003 
 156   (0.028) 0.005 0.027 0.026 0.017 0.004 0.469 0.084 0.005 0.034 0.014 0.002 0.021 0.001 0.008 0.016 0.002 0.010 
 162   (0.046) 0.036 0.042 0.046 0.021 0.058 0.108 0.163 0.008 0.042 0.004 0.003 0.013 0.001 0.073 0.040 0.005 0.009 
 164   (0.042) 0.010 0.043 0.039 0.026 0.005 0.005 0.194 0.007 0.047 0.011 0.003 0.025 0.001 0.159 0.023 0.005 0.063 
 160   (0.007) 0.002 0.005 0.005 0.003 0.001 0.001 0.000 0.001 0.005 0.001 0.000 0.001 0.000 0.002 0.003 0.001 0.001 

Locus 47 : 47 
7 alleles
9.9% missing data
 149   (0.346) 0.081 0.348 0.364 0.511 0.400 0.344 0.770 0.509 0.353 0.179 0.334 0.325 0.206 0.292 0.457 0.470 0.363 
 151   (0.186) 0.372 0.180 0.172 0.122 0.107 0.083 0.087 0.353 0.184 0.583 0.012 0.208 0.207 0.161 0.130 0.120 0.167 
 153   (0.192) 0.178 0.193 0.204 0.125 0.421 0.029 0.042 0.070 0.194 0.133 0.025 0.295 0.368 0.142 0.178 0.102 0.309 
 147   (0.028) 0.005 0.024 0.024 0.019 0.004 0.004 0.002 0.007 0.023 0.029 0.002 0.008 0.034 0.072 0.018 0.003 0.006 
 145   (0.225) 0.361 0.236 0.218 0.211 0.065 0.535 0.041 0.055 0.229 0.073 0.627 0.160 0.183 0.298 0.204 0.303 0.152 
 152   (0.007) 0.001 0.004 0.005 0.005 0.001 0.001 0.001 0.003 0.004 0.001 0.000 0.002 0.002 0.003 0.004 0.001 0.001 
 143   (0.017) 0.003 0.014 0.014 0.007 0.002 0.002 0.057 0.003 0.013 0.002 0.001 0.003 0.000 0.032 0.009 0.001 0.003 

Values of parameters used in structure:
DATAFILE=temp2.str,	OUTFILE=k17/temp2_k17_run7,	NUMINDS=486,	NUMLOCI=47,	MISSING=-9,	LABEL=1,	POPDATA=1,	POPFLAG=0,	PHENOTYPE=0,	EXTRACOLS=0,	MAXPOPS=17,	BURNIN=500000,	NUMREPS=750000,	USEPOPINFO=0,	INFERALPHA=1,	INFERLAMBDA=0,	POPSPECIFICLAMBDA=0,	POPALPHAS=0,	COMPUTEPROB=1,	NOADMIX=0,	ADMBURNIN=500,	UPDATEFREQ=100,	PRINTLIKES=0,	INTERMEDSAVE=0,	PRINTKLD=0,	PRINTNET=1,	PRINTLAMBDA=1,	ANCESTDIST=0,	NUMBOXES=1000,	ANCESTPINT=0.90000,	GENSBACK=2,	MIGRPRIOR=0.01000,	PRINTQHAT=0,	PRINTQSUM=1,	ALPHA=1.0000,	FREQSCORR=1,	FPRIORMEAN=0.0100,	FPRIORSD=0.0500,	ONEFST=0,	LAMBDA=1.0000,	UNIFPRIORALPHA=1,	ALPHAMAX=10.0000,	ALPHAPRIORA=1.0000,	ALPHAPRIORB=2.0000,	ALPHAPROPSD=0.0250,	STARTATPOPINFO=0,	RANDOMIZE=0,	LINKAGE=0,	METROFREQ=10,	REPORTHITRATE=0,	MARKOVPHASE=0,	PHASED=1,	PLOIDY=2,	PHASEINFO=0	LOCPRIOR=0, 	LOCPRIORINIT=1.000000, 	LOCDATA=0, 	LOCISPOP=1, 	LOCPRIORSTEP=0.100000, 	MAXLOCPRIOR=20.000000, 	SEED=314413,	
[STRAT parameters]:    NUMSIMSTATS=1000,	PHENOTYPECOL=-9,	POOLFREQ=10,	LOCUSxONLY=0,	EMERROR=0.00100,	MISSINGPHENO=-9,	