

----------------------------------------------------
STRUCTURE by Pritchard, Stephens and Donnelly (2000)
     and Falush, Stephens and Pritchard (2003)
       Code by Pritchard, Falush and Hubisz
             Version 2.3.4 (Jul 2012)
----------------------------------------------------



Command line arguments:   structure -D 586233 -K 17 -m mainparams -o k17/temp2_k17_run1 
Input File:    temp2.str

Run parameters:
   486 individuals
   47 loci
   17 populations assumed
   500000 Burn-in period
   750000 Reps
RANDOMIZE turned off


--------------------------------------------
Proportion of membership of each pre-defined
 population in each of the 17 clusters

Given    Inferred Clusters                                                                                                         Number of
 Pop       1      2      3      4      5      6      7      8      9     10     11     12     13     14     15     16     17      Individuals

  1:     0.835  0.010  0.008  0.009  0.009  0.010  0.009  0.010  0.004  0.006  0.009  0.010  0.003  0.010  0.037  0.012  0.010       63
  2:     0.843  0.005  0.007  0.009  0.011  0.013  0.012  0.007  0.006  0.010  0.011  0.013  0.003  0.012  0.012  0.014  0.013       20
  3:     0.003  0.004  0.004  0.004  0.003  0.004  0.003  0.004  0.007  0.006  0.004  0.004  0.932  0.004  0.004  0.004  0.004       36
  4:     0.687  0.013  0.006  0.010  0.010  0.018  0.011  0.013  0.004  0.008  0.018  0.025  0.003  0.020  0.104  0.036  0.016       21
  5:     0.350  0.009  0.005  0.007  0.014  0.007  0.008  0.006  0.003  0.006  0.007  0.006  0.003  0.007  0.543  0.012  0.007       31
  6:     0.863  0.005  0.004  0.010  0.012  0.007  0.006  0.018  0.005  0.004  0.007  0.015  0.004  0.009  0.017  0.006  0.007       21
  7:     0.011  0.016  0.011  0.022  0.005  0.019  0.015  0.034  0.004  0.022  0.018  0.012  0.005  0.017  0.012  0.758  0.018       25
  8:     0.444  0.047  0.009  0.015  0.013  0.024  0.014  0.022  0.009  0.038  0.023  0.042  0.092  0.028  0.135  0.021  0.026        8
  9:     0.535  0.006  0.005  0.024  0.334  0.009  0.009  0.009  0.005  0.004  0.009  0.007  0.002  0.008  0.018  0.008  0.009       17
 10:     0.004  0.005  0.931  0.004  0.003  0.005  0.005  0.004  0.003  0.005  0.005  0.004  0.003  0.005  0.004  0.006  0.005       29
 11:     0.002  0.002  0.002  0.002  0.003  0.003  0.002  0.002  0.959  0.001  0.003  0.003  0.006  0.003  0.002  0.002  0.003        9
 12:     0.010  0.088  0.014  0.018  0.009  0.153  0.017  0.054  0.009  0.026  0.137  0.080  0.018  0.143  0.016  0.049  0.160       26
 13:     0.012  0.155  0.011  0.131  0.012  0.100  0.039  0.107  0.009  0.045  0.097  0.052  0.012  0.086  0.012  0.025  0.095       74
 14:     0.017  0.056  0.014  0.280  0.009  0.064  0.086  0.107  0.007  0.069  0.067  0.054  0.011  0.061  0.013  0.019  0.065       35
 15:     0.029  0.018  0.008  0.197  0.007  0.044  0.298  0.185  0.009  0.013  0.051  0.025  0.007  0.037  0.013  0.022  0.038       24
 16:     0.024  0.131  0.025  0.024  0.007  0.149  0.019  0.037  0.009  0.010  0.132  0.090  0.022  0.130  0.011  0.033  0.148       43
 17:     0.013  0.018  0.009  0.011  0.048  0.143  0.009  0.017  0.003  0.012  0.200  0.152  0.006  0.184  0.012  0.012  0.152        4
--------------------------------------------

Allele-freq. divergence among pops (Net nucleotide distance),
computed using point estimates of P.

      1       2       3       4       5       6       7       8       9      10      11      12      13      14      15      16      17      
 1      -    0.0371  0.0819  0.0474  0.1065  0.0315  0.0660  0.0498  0.1463  0.0811  0.0317  0.0457  0.1474  0.0326  0.0409  0.0462  0.0324  
 2   0.0371     -    0.0681  0.0349  0.1144  0.0116  0.0432  0.0286  0.1116  0.0695  0.0130  0.0249  0.0954  0.0127  0.0484  0.0281  0.0120  
 3   0.0819  0.0681     -    0.0777  0.1618  0.0548  0.0806  0.0750  0.1345  0.1106  0.0565  0.0677  0.1237  0.0560  0.0952  0.0619  0.0550  
 4   0.0474  0.0349  0.0777     -    0.1242  0.0212  0.0336  0.0265  0.1331  0.0712  0.0205  0.0374  0.1331  0.0228  0.0680  0.0434  0.0218  
 5   0.1065  0.1144  0.1618  0.1242     -    0.1022  0.1566  0.1301  0.2040  0.1562  0.1005  0.1218  0.2178  0.1045  0.1352  0.1238  0.1043  
 6   0.0315  0.0116  0.0548  0.0212  0.1022     -    0.0314  0.0170  0.1001  0.0519  0.0004  0.0140  0.0837  0.0009  0.0395  0.0196  0.0002  
 7   0.0660  0.0432  0.0806  0.0336  0.1566  0.0314     -    0.0346  0.1400  0.0798  0.0316  0.0440  0.1324  0.0325  0.0704  0.0468  0.0319  
 8   0.0498  0.0286  0.0750  0.0265  0.1301  0.0170  0.0346     -    0.1279  0.0618  0.0168  0.0328  0.1134  0.0184  0.0625  0.0398  0.0176  
 9   0.1463  0.1116  0.1345  0.1331  0.2040  0.1001  0.1400  0.1279     -    0.1729  0.1035  0.1132  0.1141  0.1017  0.1446  0.1081  0.0997  
10   0.0811  0.0695  0.1106  0.0712  0.1562  0.0519  0.0798  0.0618  0.1729     -    0.0520  0.0654  0.1366  0.0529  0.0844  0.0637  0.0528  
11   0.0317  0.0130  0.0565  0.0205  0.1005  0.0004  0.0316  0.0168  0.1035  0.0520     -    0.0150  0.0866  0.0013  0.0408  0.0208  0.0009  
12   0.0457  0.0249  0.0677  0.0374  0.1218  0.0140  0.0440  0.0328  0.1132  0.0654  0.0150     -    0.0944  0.0081  0.0514  0.0411  0.0127  
13   0.1474  0.0954  0.1237  0.1331  0.2178  0.0837  0.1324  0.1134  0.1141  0.1366  0.0866  0.0944     -    0.0845  0.1404  0.1066  0.0836  
14   0.0326  0.0127  0.0560  0.0228  0.1045  0.0009  0.0325  0.0184  0.1017  0.0529  0.0013  0.0081  0.0845     -    0.0399  0.0226  0.0007  
15   0.0409  0.0484  0.0952  0.0680  0.1352  0.0395  0.0704  0.0625  0.1446  0.0844  0.0408  0.0514  0.1404  0.0399     -    0.0575  0.0397  
16   0.0462  0.0281  0.0619  0.0434  0.1238  0.0196  0.0468  0.0398  0.1081  0.0637  0.0208  0.0411  0.1066  0.0226  0.0575     -    0.0200  
17   0.0324  0.0120  0.0550  0.0218  0.1043  0.0002  0.0319  0.0176  0.0997  0.0528  0.0009  0.0127  0.0836  0.0007  0.0397  0.0200     -    

Average distances (expected heterozygosity) between individuals in same cluster:
cluster  1  : 0.5364 
cluster  2  : 0.6025 
cluster  3  : 0.5433 
cluster  4  : 0.5543 
cluster  5  : 0.4304 
cluster  6  : 0.6425 
cluster  7  : 0.5552 
cluster  8  : 0.5808 
cluster  9  : 0.5318 
cluster 10  : 0.5294 
cluster 11  : 0.6388 
cluster 12  : 0.6030 
cluster 13  : 0.6310 
cluster 14  : 0.6360 
cluster 15  : 0.5372 
cluster 16  : 0.5934 
cluster 17  : 0.6404 

--------------------------------------------
Estimated Ln Prob of Data   = -53615.1
Mean value of ln likelihood = -50043.6
Variance of ln likelihood   = 7143.1
Mean value of alpha         = 0.0341

Mean value of Fst_1         = 0.1468
Mean value of Fst_2         = 0.0655
Mean value of Fst_3         = 0.2162
Mean value of Fst_4         = 0.1230
Mean value of Fst_5         = 0.4140
Mean value of Fst_6         = 0.0213
Mean value of Fst_7         = 0.1677
Mean value of Fst_8         = 0.1099
Mean value of Fst_9         = 0.3120
Mean value of Fst_10         = 0.2574
Mean value of Fst_11         = 0.0345
Mean value of Fst_12         = 0.1590
Mean value of Fst_13         = 0.1913
Mean value of Fst_14         = 0.0594
Mean value of Fst_15         = 0.1822
Mean value of Fst_16         = 0.0974
Mean value of Fst_17         = 0.0261


Inferred ancestry of individuals:
        Label (%Miss) Pop:  Inferred clusters
  1      221    (0)    1 :  0.893 0.010 0.002 0.009 0.004 0.006 0.006 0.006 0.003 0.003 0.007 0.007 0.003 0.007 0.009 0.018 0.007 
  2      222    (0)    1 :  0.368 0.008 0.008 0.008 0.006 0.009 0.003 0.007 0.004 0.009 0.008 0.013 0.003 0.010 0.519 0.007 0.009 
  3      223    (0)    1 :  0.858 0.028 0.003 0.010 0.007 0.009 0.005 0.010 0.003 0.006 0.009 0.010 0.006 0.010 0.008 0.008 0.010 
  4      224    (0)    1 :  0.951 0.003 0.004 0.003 0.005 0.003 0.002 0.002 0.001 0.004 0.003 0.003 0.001 0.003 0.005 0.004 0.003 
  5      225    (0)    1 :  0.929 0.006 0.004 0.004 0.004 0.006 0.003 0.004 0.002 0.004 0.005 0.006 0.002 0.006 0.006 0.004 0.006 
  6      226    (0)    1 :  0.923 0.011 0.002 0.003 0.004 0.005 0.002 0.003 0.006 0.007 0.004 0.003 0.001 0.004 0.003 0.013 0.005 
  7      227    (0)    1 :  0.844 0.017 0.005 0.005 0.005 0.011 0.005 0.006 0.015 0.004 0.010 0.007 0.007 0.010 0.003 0.035 0.012 
  8      228    (0)    1 :  0.852 0.009 0.005 0.030 0.013 0.010 0.004 0.010 0.003 0.009 0.009 0.012 0.004 0.010 0.007 0.006 0.009 
  9      234    (0)    1 :  0.938 0.004 0.002 0.005 0.004 0.004 0.004 0.004 0.002 0.004 0.004 0.003 0.001 0.004 0.008 0.003 0.004 
 10      235    (0)    1 :  0.945 0.003 0.002 0.003 0.004 0.004 0.002 0.003 0.004 0.002 0.004 0.004 0.001 0.004 0.009 0.004 0.004 
 11      236    (0)    1 :  0.950 0.003 0.002 0.002 0.014 0.003 0.002 0.002 0.002 0.002 0.002 0.002 0.001 0.002 0.004 0.004 0.003 
 12      237    (0)    1 :  0.936 0.006 0.002 0.004 0.002 0.004 0.005 0.006 0.002 0.003 0.004 0.004 0.002 0.004 0.010 0.003 0.004 
 13      238    (0)    1 :  0.832 0.009 0.011 0.005 0.003 0.009 0.006 0.013 0.003 0.004 0.008 0.006 0.006 0.009 0.043 0.024 0.009 
 14      239    (0)    1 :  0.665 0.037 0.014 0.017 0.025 0.025 0.010 0.009 0.006 0.007 0.021 0.020 0.002 0.024 0.018 0.072 0.027 
 15      240    (0)    1 :  0.942 0.003 0.003 0.003 0.006 0.004 0.004 0.003 0.002 0.004 0.004 0.003 0.001 0.004 0.006 0.006 0.003 
 16      242    (0)    1 :  0.275 0.132 0.002 0.020 0.003 0.060 0.007 0.023 0.001 0.007 0.046 0.033 0.001 0.046 0.280 0.011 0.053 
 17      243    (0)    1 :  0.828 0.009 0.015 0.005 0.006 0.015 0.006 0.007 0.016 0.008 0.016 0.008 0.002 0.013 0.013 0.020 0.015 
 18      244    (0)    1 :  0.877 0.017 0.003 0.002 0.002 0.008 0.003 0.003 0.012 0.003 0.007 0.008 0.003 0.008 0.015 0.023 0.008 
 19      245    (0)    1 :  0.771 0.008 0.007 0.008 0.046 0.015 0.022 0.015 0.009 0.006 0.016 0.010 0.024 0.013 0.004 0.013 0.013 
 20      246    (0)    1 :  0.937 0.003 0.003 0.003 0.003 0.004 0.002 0.002 0.005 0.003 0.005 0.004 0.003 0.004 0.011 0.003 0.004 
 21      248    (0)    1 :  0.856 0.008 0.020 0.004 0.009 0.007 0.003 0.005 0.003 0.002 0.006 0.005 0.003 0.007 0.049 0.005 0.007 
 22      249    (0)    1 :  0.963 0.003 0.002 0.002 0.002 0.002 0.002 0.002 0.001 0.004 0.002 0.002 0.001 0.002 0.003 0.004 0.002 
 23      250    (0)    1 :  0.833 0.010 0.008 0.012 0.013 0.015 0.005 0.020 0.006 0.006 0.014 0.010 0.006 0.013 0.005 0.009 0.014 
 24      251    (0)    1 :  0.905 0.006 0.003 0.011 0.005 0.005 0.006 0.008 0.004 0.002 0.005 0.008 0.001 0.006 0.016 0.004 0.005 
 25      252    (0)    1 :  0.852 0.007 0.037 0.009 0.005 0.008 0.010 0.022 0.001 0.008 0.009 0.005 0.002 0.007 0.004 0.006 0.008 
 26      253    (0)    1 :  0.809 0.021 0.022 0.004 0.006 0.024 0.002 0.005 0.003 0.004 0.023 0.011 0.014 0.021 0.003 0.007 0.021 
 27      254    (0)    1 :  0.925 0.007 0.003 0.003 0.004 0.005 0.005 0.005 0.002 0.003 0.005 0.007 0.002 0.006 0.004 0.007 0.005 
 28      255    (0)    1 :  0.491 0.016 0.006 0.012 0.018 0.019 0.005 0.007 0.003 0.004 0.016 0.013 0.002 0.018 0.298 0.054 0.020 
 29      256    (0)    1 :  0.851 0.005 0.002 0.005 0.003 0.010 0.004 0.007 0.002 0.013 0.011 0.006 0.004 0.009 0.057 0.004 0.009 
 30      257    (0)    1 :  0.867 0.011 0.010 0.010 0.003 0.008 0.011 0.010 0.003 0.003 0.008 0.011 0.002 0.009 0.007 0.019 0.008 
 31      258    (0)    1 :  0.847 0.008 0.003 0.010 0.010 0.011 0.014 0.011 0.002 0.003 0.010 0.006 0.005 0.009 0.029 0.011 0.010 
 32      259    (0)    1 :  0.822 0.007 0.002 0.004 0.002 0.007 0.014 0.004 0.002 0.004 0.008 0.076 0.002 0.025 0.007 0.004 0.010 
 33      260    (0)    1 :  0.817 0.004 0.070 0.005 0.022 0.006 0.003 0.006 0.006 0.003 0.006 0.004 0.002 0.006 0.005 0.028 0.006 
 34      261    (0)    1 :  0.724 0.004 0.008 0.014 0.003 0.014 0.109 0.052 0.002 0.005 0.012 0.008 0.002 0.012 0.006 0.014 0.013 
 35      262    (0)    1 :  0.962 0.002 0.002 0.003 0.002 0.002 0.003 0.002 0.001 0.003 0.002 0.003 0.001 0.002 0.006 0.002 0.002 
 36      263    (0)    1 :  0.854 0.005 0.026 0.003 0.005 0.006 0.004 0.006 0.005 0.005 0.006 0.004 0.003 0.005 0.014 0.045 0.005 
 37      264    (0)    1 :  0.918 0.004 0.003 0.004 0.003 0.005 0.009 0.005 0.001 0.013 0.004 0.006 0.001 0.005 0.009 0.006 0.005 
 38      265    (0)    1 :  0.862 0.003 0.037 0.005 0.007 0.006 0.008 0.004 0.002 0.005 0.006 0.006 0.001 0.006 0.019 0.019 0.006 
 39      266    (0)    1 :  0.953 0.003 0.002 0.003 0.005 0.003 0.002 0.003 0.001 0.002 0.003 0.003 0.001 0.003 0.006 0.002 0.003 
 40      267    (0)    1 :  0.932 0.005 0.001 0.004 0.002 0.003 0.002 0.002 0.002 0.003 0.003 0.003 0.001 0.003 0.027 0.003 0.003 
 41      268    (0)    1 :  0.870 0.007 0.049 0.005 0.003 0.007 0.004 0.009 0.008 0.004 0.007 0.004 0.001 0.006 0.004 0.006 0.007 
 42      269    (0)    1 :  0.930 0.003 0.002 0.003 0.020 0.003 0.006 0.004 0.001 0.002 0.003 0.002 0.001 0.003 0.008 0.004 0.003 
 43      270    (0)    1 :  0.927 0.005 0.002 0.004 0.003 0.003 0.003 0.003 0.002 0.024 0.003 0.003 0.001 0.003 0.004 0.006 0.003 
 44      271    (0)    1 :  0.682 0.013 0.009 0.007 0.074 0.029 0.022 0.025 0.003 0.007 0.025 0.015 0.006 0.027 0.010 0.011 0.034 
 45      272    (0)    1 :  0.290 0.007 0.005 0.008 0.013 0.027 0.103 0.008 0.006 0.019 0.028 0.035 0.001 0.028 0.387 0.007 0.026 
 46      273    (0)    1 :  0.795 0.015 0.003 0.017 0.010 0.015 0.009 0.006 0.002 0.018 0.014 0.011 0.003 0.015 0.014 0.038 0.015 
 47      274    (0)    1 :  0.912 0.005 0.006 0.006 0.006 0.005 0.014 0.006 0.003 0.003 0.005 0.004 0.002 0.005 0.004 0.009 0.005 
 48      275    (2)    1 :  0.934 0.005 0.002 0.005 0.003 0.004 0.003 0.003 0.002 0.003 0.004 0.005 0.002 0.004 0.009 0.007 0.004 
 49      276    (0)    1 :  0.910 0.007 0.004 0.007 0.005 0.006 0.009 0.011 0.002 0.004 0.006 0.005 0.001 0.006 0.006 0.005 0.006 
 50      277    (0)    1 :  0.777 0.006 0.002 0.043 0.012 0.013 0.008 0.068 0.001 0.007 0.018 0.009 0.001 0.014 0.003 0.008 0.011 
 51      278    (0)    1 :  0.806 0.011 0.005 0.018 0.005 0.011 0.010 0.051 0.007 0.002 0.010 0.016 0.001 0.013 0.016 0.005 0.014 
 52      279    (0)    1 :  0.866 0.009 0.003 0.005 0.003 0.014 0.004 0.008 0.002 0.004 0.016 0.011 0.002 0.016 0.016 0.006 0.015 
 53      280    (0)    1 :  0.774 0.012 0.005 0.025 0.067 0.011 0.008 0.015 0.003 0.003 0.011 0.015 0.002 0.012 0.008 0.017 0.012 
 54      287    (0)    1 :  0.854 0.007 0.006 0.010 0.003 0.015 0.006 0.009 0.004 0.006 0.015 0.016 0.003 0.015 0.004 0.012 0.014 
 55      290    (0)    1 :  0.761 0.008 0.003 0.009 0.006 0.012 0.012 0.008 0.006 0.016 0.015 0.015 0.002 0.014 0.092 0.011 0.012 
 56      291    (0)    1 :  0.819 0.005 0.006 0.031 0.014 0.008 0.010 0.013 0.003 0.003 0.009 0.042 0.002 0.016 0.004 0.006 0.009 
 57      295    (0)    1 :  0.919 0.003 0.003 0.029 0.003 0.004 0.006 0.005 0.001 0.003 0.004 0.003 0.001 0.004 0.006 0.004 0.004 
 58      296    (0)    1 :  0.923 0.009 0.005 0.003 0.005 0.004 0.003 0.005 0.003 0.010 0.004 0.003 0.002 0.004 0.010 0.004 0.004 
 59      872    (2)    1 :  0.825 0.004 0.007 0.004 0.004 0.006 0.004 0.006 0.007 0.005 0.005 0.005 0.005 0.005 0.099 0.005 0.006 
 60      873    (4)    1 :  0.823 0.010 0.003 0.003 0.010 0.013 0.003 0.009 0.004 0.016 0.011 0.021 0.003 0.015 0.028 0.014 0.013 
 61      874    (2)    1 :  0.903 0.007 0.003 0.007 0.002 0.004 0.009 0.018 0.001 0.004 0.004 0.011 0.001 0.006 0.011 0.005 0.004 
 62      875    (0)    1 :  0.902 0.005 0.002 0.005 0.005 0.006 0.005 0.004 0.017 0.003 0.005 0.005 0.004 0.005 0.015 0.006 0.006 
 63      876    (6)    1 :  0.862 0.019 0.011 0.014 0.005 0.008 0.008 0.013 0.001 0.004 0.007 0.005 0.002 0.007 0.005 0.021 0.008 
 64      212    (0)   10 :  0.002 0.003 0.957 0.004 0.002 0.003 0.003 0.004 0.001 0.002 0.002 0.004 0.002 0.003 0.003 0.002 0.003 
 65      213    (0)   10 :  0.004 0.006 0.932 0.007 0.008 0.004 0.003 0.007 0.003 0.003 0.004 0.003 0.002 0.004 0.002 0.003 0.004 
 66      214    (0)   10 :  0.004 0.006 0.930 0.003 0.002 0.005 0.007 0.004 0.001 0.002 0.005 0.006 0.003 0.005 0.006 0.005 0.006 
 67      215    (0)   10 :  0.005 0.004 0.935 0.008 0.003 0.004 0.003 0.004 0.003 0.003 0.003 0.005 0.002 0.004 0.004 0.004 0.004 
 68      216    (0)   10 :  0.004 0.002 0.949 0.005 0.004 0.003 0.003 0.004 0.002 0.003 0.003 0.004 0.001 0.003 0.002 0.003 0.003 
 69      217    (0)   10 :  0.005 0.009 0.927 0.003 0.004 0.005 0.005 0.004 0.002 0.006 0.005 0.005 0.002 0.005 0.004 0.003 0.005 
 70      218    (0)   10 :  0.003 0.003 0.955 0.003 0.002 0.003 0.003 0.003 0.002 0.004 0.003 0.003 0.003 0.003 0.002 0.003 0.003 
 71      332    (0)   10 :  0.009 0.011 0.853 0.007 0.003 0.008 0.010 0.009 0.005 0.033 0.008 0.006 0.002 0.007 0.007 0.016 0.007 
 72      333    (0)   10 :  0.010 0.009 0.836 0.006 0.004 0.013 0.008 0.004 0.010 0.006 0.011 0.011 0.008 0.012 0.013 0.026 0.014 
 73      334    (0)   10 :  0.007 0.005 0.926 0.004 0.003 0.004 0.004 0.005 0.003 0.006 0.004 0.005 0.002 0.005 0.002 0.008 0.005 
 74      335    (0)   10 :  0.002 0.003 0.958 0.005 0.001 0.003 0.005 0.002 0.002 0.002 0.003 0.003 0.002 0.003 0.002 0.003 0.003 
 75      336    (0)   10 :  0.003 0.002 0.943 0.002 0.004 0.002 0.002 0.003 0.014 0.003 0.003 0.002 0.002 0.002 0.005 0.005 0.003 
 76      337    (0)   10 :  0.009 0.006 0.925 0.003 0.002 0.004 0.003 0.003 0.002 0.002 0.004 0.005 0.003 0.005 0.008 0.011 0.005 
 77      673    (0)   10 :  0.002 0.001 0.978 0.002 0.001 0.001 0.002 0.001 0.001 0.001 0.001 0.001 0.001 0.001 0.001 0.002 0.001 
 78      674    (0)   10 :  0.004 0.002 0.933 0.004 0.002 0.005 0.005 0.005 0.002 0.007 0.005 0.006 0.002 0.005 0.005 0.005 0.005 
 79      675    (0)   10 :  0.003 0.003 0.939 0.006 0.004 0.004 0.003 0.005 0.005 0.003 0.004 0.003 0.002 0.004 0.002 0.005 0.004 
 80      676    (0)   10 :  0.003 0.007 0.930 0.008 0.001 0.004 0.007 0.006 0.001 0.005 0.004 0.004 0.002 0.004 0.002 0.006 0.004 
 81      677    (0)   10 :  0.006 0.005 0.945 0.003 0.002 0.003 0.004 0.003 0.003 0.002 0.003 0.005 0.001 0.004 0.003 0.004 0.004 
 82      678    (0)   10 :  0.007 0.007 0.891 0.008 0.004 0.010 0.006 0.006 0.004 0.002 0.009 0.010 0.003 0.010 0.011 0.003 0.010 
 83      679    (0)   10 :  0.004 0.005 0.900 0.002 0.001 0.007 0.004 0.005 0.002 0.015 0.007 0.005 0.023 0.006 0.002 0.006 0.006 
 84      680    (0)   10 :  0.004 0.004 0.915 0.005 0.003 0.005 0.009 0.007 0.005 0.006 0.005 0.004 0.002 0.005 0.003 0.012 0.005 
 85      681    (0)   10 :  0.006 0.008 0.928 0.005 0.002 0.005 0.003 0.005 0.002 0.004 0.005 0.005 0.002 0.005 0.003 0.007 0.005 
 86      682    (0)   10 :  0.002 0.002 0.964 0.002 0.003 0.002 0.002 0.002 0.004 0.002 0.002 0.002 0.002 0.002 0.002 0.002 0.002 
 87      683    (0)   10 :  0.005 0.004 0.926 0.004 0.004 0.006 0.004 0.004 0.002 0.006 0.006 0.004 0.002 0.006 0.003 0.007 0.006 
 88      684    (0)   10 :  0.002 0.003 0.932 0.005 0.002 0.005 0.008 0.005 0.002 0.003 0.005 0.006 0.002 0.005 0.003 0.006 0.005 
 89      685    (0)   10 :  0.003 0.004 0.926 0.003 0.003 0.006 0.003 0.003 0.003 0.003 0.006 0.005 0.004 0.006 0.006 0.010 0.006 
 90      686    (0)   10 :  0.002 0.002 0.963 0.002 0.002 0.002 0.002 0.002 0.003 0.002 0.002 0.002 0.004 0.002 0.002 0.003 0.002 
 91      687    (0)   10 :  0.002 0.002 0.965 0.004 0.002 0.002 0.002 0.002 0.002 0.002 0.002 0.002 0.001 0.002 0.002 0.003 0.002 
 92      688    (0)   10 :  0.007 0.004 0.928 0.004 0.003 0.004 0.014 0.006 0.002 0.005 0.003 0.003 0.001 0.003 0.004 0.006 0.004 
 93      070    (0)   11 :  0.002 0.003 0.002 0.002 0.001 0.004 0.003 0.003 0.947 0.002 0.004 0.003 0.008 0.004 0.003 0.003 0.005 
 94      071    (0)   11 :  0.002 0.003 0.005 0.003 0.006 0.003 0.003 0.003 0.951 0.002 0.003 0.003 0.001 0.003 0.002 0.004 0.003 
 95      072    (0)   11 :  0.001 0.002 0.001 0.002 0.003 0.002 0.002 0.001 0.968 0.001 0.002 0.001 0.005 0.002 0.002 0.002 0.002 
 96      151    (0)   11 :  0.001 0.001 0.001 0.002 0.001 0.001 0.002 0.002 0.976 0.001 0.001 0.002 0.002 0.001 0.001 0.002 0.001 
 97      152    (0)   11 :  0.003 0.005 0.002 0.005 0.005 0.005 0.004 0.003 0.940 0.002 0.005 0.005 0.002 0.005 0.002 0.004 0.005 
 98      153    (2)   11 :  0.001 0.001 0.001 0.001 0.001 0.001 0.001 0.001 0.977 0.001 0.001 0.002 0.002 0.001 0.002 0.002 0.001 
 99      788    (4)   11 :  0.002 0.002 0.002 0.003 0.003 0.003 0.003 0.003 0.933 0.001 0.003 0.002 0.030 0.003 0.002 0.002 0.003 
100      789    (2)   11 :  0.002 0.002 0.003 0.002 0.002 0.002 0.002 0.002 0.968 0.001 0.002 0.002 0.002 0.002 0.002 0.002 0.002 
101      790    (0)   11 :  0.002 0.002 0.001 0.002 0.003 0.002 0.001 0.001 0.971 0.001 0.002 0.002 0.001 0.002 0.002 0.002 0.002 
102      010    (0)   12 :  0.005 0.014 0.004 0.005 0.008 0.191 0.004 0.009 0.002 0.006 0.143 0.089 0.013 0.227 0.007 0.010 0.263 
103      024    (0)   12 :  0.006 0.014 0.010 0.009 0.005 0.214 0.041 0.012 0.006 0.008 0.155 0.114 0.046 0.141 0.006 0.010 0.205 
104      051    (0)   12 :  0.005 0.023 0.008 0.006 0.004 0.131 0.005 0.010 0.013 0.005 0.125 0.070 0.047 0.141 0.007 0.242 0.159 
105      090    (0)   12 :  0.007 0.068 0.004 0.013 0.003 0.197 0.008 0.013 0.007 0.012 0.158 0.074 0.020 0.156 0.008 0.057 0.196 
106      102    (0)   12 :  0.027 0.030 0.003 0.062 0.004 0.138 0.012 0.159 0.002 0.011 0.195 0.070 0.002 0.136 0.034 0.017 0.098 
107      111    (0)   12 :  0.005 0.074 0.004 0.006 0.070 0.163 0.027 0.019 0.002 0.005 0.151 0.095 0.004 0.161 0.022 0.010 0.182 
108      113    (0)   12 :  0.005 0.049 0.005 0.022 0.003 0.117 0.050 0.028 0.006 0.007 0.123 0.144 0.005 0.145 0.035 0.086 0.170 
109      138    (0)   12 :  0.009 0.498 0.077 0.012 0.002 0.072 0.006 0.013 0.048 0.003 0.063 0.041 0.005 0.061 0.004 0.016 0.068 
110      150    (0)   12 :  0.016 0.058 0.004 0.029 0.002 0.022 0.020 0.657 0.015 0.006 0.026 0.013 0.026 0.018 0.008 0.061 0.020 
111      173    (2)   12 :  0.005 0.020 0.011 0.013 0.007 0.177 0.034 0.014 0.020 0.034 0.125 0.092 0.018 0.129 0.006 0.151 0.144 
112      174    (2)   12 :  0.007 0.272 0.004 0.003 0.004 0.088 0.016 0.003 0.022 0.005 0.100 0.116 0.029 0.133 0.029 0.014 0.153 
113      175    (0)   12 :  0.003 0.016 0.003 0.007 0.002 0.200 0.005 0.014 0.005 0.005 0.183 0.078 0.063 0.182 0.013 0.025 0.196 
114      176    (0)   12 :  0.014 0.015 0.010 0.005 0.007 0.176 0.006 0.015 0.005 0.003 0.158 0.162 0.004 0.193 0.019 0.008 0.201 
115      177    (0)   12 :  0.003 0.044 0.002 0.009 0.002 0.137 0.049 0.009 0.003 0.004 0.137 0.079 0.008 0.116 0.008 0.220 0.169 
116      180    (0)   12 :  0.023 0.103 0.006 0.005 0.005 0.138 0.006 0.005 0.004 0.004 0.122 0.064 0.002 0.133 0.115 0.115 0.150 
117      184    (0)   12 :  0.006 0.342 0.006 0.016 0.004 0.104 0.014 0.095 0.014 0.038 0.100 0.042 0.010 0.083 0.004 0.015 0.106 
118      195    (0)   12 :  0.005 0.011 0.014 0.010 0.034 0.197 0.009 0.014 0.005 0.006 0.171 0.070 0.007 0.213 0.004 0.014 0.216 
119      198    (0)   12 :  0.010 0.255 0.006 0.007 0.033 0.150 0.005 0.014 0.003 0.003 0.111 0.065 0.009 0.138 0.016 0.019 0.158 
120      203    (0)   12 :  0.008 0.010 0.005 0.006 0.003 0.234 0.010 0.027 0.010 0.008 0.155 0.039 0.002 0.203 0.009 0.010 0.263 
121      211    (0)   12 :  0.027 0.025 0.080 0.010 0.003 0.168 0.033 0.043 0.003 0.003 0.135 0.144 0.004 0.145 0.004 0.008 0.163 
122      220    (0)   12 :  0.004 0.033 0.010 0.022 0.007 0.149 0.037 0.181 0.002 0.009 0.155 0.052 0.005 0.132 0.008 0.071 0.125 
123      233    (0)   12 :  0.009 0.014 0.040 0.161 0.002 0.180 0.019 0.004 0.005 0.030 0.136 0.079 0.002 0.133 0.004 0.017 0.164 
124      331    (0)   12 :  0.005 0.021 0.004 0.005 0.008 0.205 0.010 0.014 0.007 0.007 0.163 0.071 0.030 0.184 0.005 0.034 0.228 
125      349    (0)   12 :  0.008 0.010 0.006 0.011 0.005 0.079 0.005 0.008 0.009 0.441 0.095 0.033 0.096 0.075 0.010 0.035 0.074 
126      410    (0)   12 :  0.008 0.184 0.024 0.003 0.003 0.189 0.007 0.005 0.003 0.005 0.141 0.089 0.005 0.152 0.010 0.015 0.156 
127      417    (2)   12 :  0.026 0.097 0.005 0.007 0.007 0.164 0.004 0.018 0.002 0.008 0.230 0.106 0.005 0.174 0.008 0.006 0.134 
128      421    (0)   13 :  0.008 0.007 0.005 0.858 0.052 0.008 0.008 0.005 0.002 0.008 0.008 0.005 0.001 0.008 0.003 0.004 0.009 
129      423    (0)   13 :  0.006 0.028 0.002 0.004 0.003 0.225 0.003 0.020 0.008 0.022 0.199 0.056 0.008 0.213 0.010 0.009 0.186 
130      424    (0)   13 :  0.015 0.157 0.003 0.005 0.005 0.102 0.018 0.006 0.002 0.007 0.101 0.034 0.010 0.075 0.033 0.331 0.096 
131      433    (0)   13 :  0.004 0.112 0.015 0.137 0.002 0.102 0.031 0.178 0.002 0.003 0.199 0.040 0.007 0.103 0.004 0.008 0.055 
132      462    (0)   13 :  0.007 0.057 0.021 0.078 0.006 0.165 0.015 0.027 0.002 0.011 0.164 0.082 0.005 0.145 0.008 0.073 0.134 
133      463    (0)   13 :  0.012 0.070 0.003 0.007 0.021 0.187 0.007 0.012 0.003 0.050 0.151 0.093 0.028 0.162 0.005 0.007 0.182 
134      467    (0)   13 :  0.030 0.008 0.011 0.342 0.004 0.019 0.241 0.212 0.007 0.017 0.020 0.022 0.008 0.021 0.006 0.014 0.019 
135      468    (0)   13 :  0.016 0.006 0.002 0.097 0.026 0.009 0.011 0.023 0.003 0.759 0.010 0.005 0.002 0.008 0.007 0.007 0.008 
136      469    (0)   13 :  0.054 0.053 0.002 0.119 0.027 0.138 0.038 0.077 0.002 0.003 0.231 0.045 0.002 0.122 0.008 0.005 0.074 
137      472    (0)   13 :  0.007 0.022 0.007 0.035 0.015 0.164 0.004 0.021 0.005 0.007 0.109 0.248 0.027 0.145 0.002 0.010 0.171 
138      473    (0)   13 :  0.003 0.018 0.007 0.006 0.005 0.027 0.010 0.008 0.003 0.795 0.029 0.020 0.011 0.024 0.004 0.007 0.025 
139      474    (0)   13 :  0.005 0.004 0.005 0.004 0.002 0.003 0.004 0.941 0.001 0.012 0.003 0.003 0.001 0.003 0.003 0.003 0.003 
140      475    (0)   13 :  0.004 0.026 0.003 0.316 0.003 0.119 0.019 0.043 0.003 0.023 0.106 0.043 0.015 0.100 0.006 0.009 0.163 
141      476    (2)   13 :  0.003 0.003 0.009 0.004 0.002 0.005 0.012 0.899 0.008 0.014 0.005 0.005 0.010 0.005 0.005 0.004 0.006 
142      477    (0)   13 :  0.007 0.010 0.019 0.014 0.003 0.185 0.006 0.013 0.005 0.012 0.325 0.105 0.010 0.169 0.005 0.007 0.106 
143      478    (0)   13 :  0.012 0.008 0.003 0.020 0.003 0.162 0.171 0.011 0.002 0.004 0.155 0.084 0.003 0.143 0.053 0.015 0.152 
144      479    (0)   13 :  0.013 0.321 0.003 0.057 0.014 0.015 0.003 0.509 0.003 0.004 0.013 0.008 0.001 0.010 0.005 0.009 0.011 
145      480    (0)   13 :  0.002 0.006 0.002 0.900 0.001 0.006 0.020 0.009 0.002 0.018 0.006 0.005 0.002 0.006 0.004 0.004 0.006 
146      481    (0)   13 :  0.006 0.134 0.003 0.023 0.004 0.158 0.008 0.094 0.041 0.016 0.129 0.090 0.008 0.120 0.009 0.013 0.144 
147      482    (0)   13 :  0.004 0.082 0.054 0.022 0.086 0.114 0.143 0.009 0.002 0.004 0.092 0.092 0.005 0.107 0.005 0.018 0.164 
148      489    (0)   13 :  0.004 0.037 0.014 0.023 0.006 0.198 0.016 0.008 0.004 0.024 0.190 0.066 0.029 0.200 0.006 0.007 0.168 
149      490    (0)   13 :  0.015 0.843 0.003 0.007 0.005 0.014 0.020 0.005 0.003 0.003 0.013 0.016 0.005 0.011 0.008 0.011 0.016 
150      491    (0)   13 :  0.005 0.082 0.108 0.020 0.008 0.166 0.007 0.024 0.009 0.008 0.113 0.062 0.001 0.106 0.004 0.075 0.202 
151      492    (0)   13 :  0.012 0.008 0.009 0.005 0.003 0.012 0.012 0.822 0.003 0.021 0.010 0.010 0.006 0.011 0.037 0.006 0.011 
152      493    (0)   13 :  0.008 0.005 0.005 0.077 0.005 0.039 0.004 0.646 0.008 0.004 0.056 0.023 0.015 0.050 0.003 0.017 0.035 
153      494    (0)   13 :  0.005 0.215 0.038 0.261 0.012 0.076 0.010 0.032 0.023 0.010 0.069 0.045 0.026 0.074 0.004 0.016 0.083 
154      498    (0)   13 :  0.024 0.110 0.004 0.010 0.003 0.173 0.006 0.090 0.007 0.040 0.122 0.118 0.012 0.119 0.013 0.007 0.141 
155      499    (0)   13 :  0.012 0.017 0.007 0.008 0.003 0.195 0.022 0.023 0.003 0.006 0.159 0.057 0.007 0.176 0.005 0.044 0.257 
156      709    (0)   13 :  0.009 0.130 0.011 0.006 0.018 0.168 0.015 0.026 0.078 0.004 0.143 0.080 0.015 0.122 0.009 0.011 0.155 
157      710    (4)   13 :  0.008 0.015 0.003 0.252 0.010 0.127 0.005 0.019 0.005 0.006 0.240 0.043 0.060 0.125 0.004 0.003 0.075 
158      711    (2)   13 :  0.016 0.040 0.004 0.022 0.024 0.150 0.006 0.011 0.006 0.007 0.133 0.118 0.003 0.154 0.061 0.106 0.139 
159      712    (4)   13 :  0.006 0.902 0.003 0.008 0.004 0.007 0.007 0.006 0.002 0.003 0.008 0.010 0.002 0.008 0.006 0.009 0.008 
160      713    (0)   13 :  0.004 0.010 0.008 0.003 0.025 0.238 0.006 0.008 0.004 0.009 0.161 0.057 0.030 0.184 0.005 0.008 0.239 
161      714    (2)   13 :  0.011 0.006 0.002 0.414 0.005 0.026 0.016 0.342 0.015 0.033 0.025 0.021 0.009 0.026 0.008 0.018 0.023 
162      715    (4)   13 :  0.034 0.027 0.034 0.621 0.013 0.014 0.100 0.018 0.013 0.003 0.014 0.032 0.004 0.020 0.013 0.026 0.014 
163      716    (0)   13 :  0.003 0.009 0.004 0.149 0.005 0.018 0.016 0.710 0.002 0.004 0.023 0.011 0.002 0.017 0.005 0.005 0.017 
164      717    (2)   13 :  0.006 0.012 0.009 0.022 0.008 0.121 0.292 0.014 0.003 0.010 0.120 0.026 0.005 0.110 0.087 0.011 0.144 
165      718    (4)   13 :  0.010 0.794 0.002 0.022 0.010 0.028 0.004 0.014 0.002 0.004 0.032 0.010 0.003 0.021 0.006 0.018 0.018 
166      719    (0)   13 :  0.003 0.003 0.002 0.953 0.004 0.003 0.005 0.004 0.001 0.003 0.003 0.003 0.002 0.003 0.002 0.002 0.003 
167      720    (2)   13 :  0.007 0.006 0.012 0.426 0.008 0.085 0.054 0.022 0.002 0.012 0.198 0.031 0.008 0.077 0.006 0.009 0.037 
168      721    (0)   13 :  0.004 0.017 0.006 0.026 0.012 0.073 0.018 0.440 0.032 0.026 0.124 0.044 0.007 0.084 0.005 0.019 0.063 
169      722    (4)   13 :  0.010 0.012 0.002 0.524 0.020 0.021 0.171 0.051 0.002 0.082 0.057 0.009 0.002 0.018 0.005 0.006 0.008 
170      723    (0)   13 :  0.003 0.005 0.005 0.869 0.001 0.014 0.009 0.024 0.007 0.002 0.012 0.011 0.003 0.012 0.006 0.003 0.014 
171      724    (0)   13 :  0.013 0.007 0.009 0.637 0.061 0.016 0.016 0.134 0.005 0.009 0.014 0.015 0.018 0.014 0.011 0.006 0.018 
172      725    (0)   13 :  0.005 0.019 0.010 0.029 0.010 0.177 0.015 0.008 0.004 0.018 0.145 0.150 0.021 0.158 0.009 0.013 0.211 
173      726    (0)   13 :  0.003 0.010 0.005 0.012 0.009 0.146 0.014 0.216 0.006 0.029 0.223 0.063 0.010 0.123 0.003 0.007 0.121 
174      727    (0)   13 :  0.005 0.059 0.011 0.013 0.008 0.094 0.012 0.366 0.010 0.006 0.083 0.091 0.002 0.100 0.003 0.014 0.123 
175      728    (2)   13 :  0.009 0.007 0.006 0.010 0.010 0.196 0.009 0.009 0.090 0.003 0.153 0.095 0.006 0.171 0.012 0.010 0.204 
176      729    (6)   13 :  0.005 0.031 0.004 0.020 0.004 0.201 0.037 0.010 0.005 0.003 0.260 0.092 0.004 0.141 0.005 0.014 0.164 
177      730    (2)   13 :  0.010 0.687 0.005 0.037 0.014 0.027 0.040 0.007 0.006 0.002 0.025 0.055 0.003 0.029 0.009 0.011 0.031 
178      731    (2)   13 :  0.008 0.849 0.002 0.005 0.004 0.030 0.003 0.007 0.002 0.006 0.020 0.009 0.004 0.024 0.005 0.005 0.019 
179      732    (0)   13 :  0.009 0.010 0.005 0.013 0.006 0.149 0.016 0.161 0.002 0.008 0.159 0.136 0.009 0.161 0.012 0.010 0.134 
180      733    (0)   13 :  0.012 0.074 0.003 0.026 0.038 0.169 0.022 0.025 0.004 0.003 0.227 0.091 0.014 0.133 0.010 0.014 0.135 
181      734    (2)   13 :  0.011 0.055 0.084 0.007 0.001 0.141 0.071 0.037 0.008 0.004 0.107 0.081 0.039 0.115 0.006 0.079 0.153 
182      735    (4)   13 :  0.005 0.099 0.008 0.048 0.007 0.195 0.009 0.009 0.003 0.050 0.140 0.056 0.002 0.144 0.008 0.028 0.189 
183      736    (2)   13 :  0.004 0.263 0.024 0.006 0.003 0.138 0.006 0.023 0.018 0.004 0.115 0.050 0.010 0.153 0.005 0.018 0.161 
184      737    (0)   13 :  0.010 0.683 0.004 0.003 0.004 0.047 0.005 0.014 0.013 0.014 0.036 0.034 0.003 0.039 0.031 0.016 0.044 
185      738    (2)   13 :  0.008 0.401 0.005 0.008 0.003 0.116 0.006 0.012 0.003 0.004 0.091 0.067 0.005 0.094 0.004 0.088 0.086 
186      739    (8)   13 :  0.008 0.734 0.006 0.034 0.004 0.032 0.012 0.012 0.015 0.009 0.024 0.026 0.002 0.031 0.005 0.011 0.034 
187      740    (4)   13 :  0.005 0.610 0.003 0.083 0.015 0.058 0.006 0.032 0.002 0.004 0.051 0.025 0.006 0.040 0.005 0.004 0.054 
188      741    (2)   13 :  0.068 0.186 0.026 0.019 0.028 0.098 0.088 0.020 0.002 0.031 0.084 0.061 0.012 0.089 0.089 0.010 0.087 
189      742    (4)   13 :  0.012 0.362 0.005 0.015 0.002 0.092 0.006 0.012 0.006 0.005 0.092 0.054 0.007 0.108 0.021 0.091 0.109 
190      743    (2)   13 :  0.007 0.011 0.013 0.089 0.003 0.017 0.725 0.053 0.002 0.003 0.022 0.010 0.003 0.014 0.004 0.008 0.016 
191      744    (0)   13 :  0.005 0.024 0.005 0.190 0.004 0.126 0.012 0.044 0.024 0.004 0.126 0.060 0.095 0.112 0.005 0.006 0.159 
192      745    (0)   13 :  0.043 0.027 0.005 0.393 0.016 0.102 0.042 0.010 0.014 0.009 0.075 0.053 0.003 0.079 0.025 0.007 0.098 
193      746    (2)   13 :  0.004 0.308 0.006 0.011 0.010 0.164 0.003 0.006 0.004 0.004 0.103 0.062 0.005 0.122 0.038 0.011 0.141 
194      747    (2)   13 :  0.038 0.418 0.025 0.015 0.005 0.080 0.004 0.014 0.006 0.016 0.072 0.063 0.005 0.074 0.008 0.069 0.086 
195      748    (0)   13 :  0.094 0.027 0.016 0.006 0.016 0.121 0.003 0.126 0.005 0.106 0.088 0.061 0.013 0.089 0.031 0.079 0.118 
196      749    (2)   13 :  0.016 0.017 0.020 0.009 0.049 0.166 0.025 0.004 0.010 0.003 0.109 0.055 0.141 0.112 0.010 0.091 0.163 
197      750    (4)   13 :  0.010 0.090 0.005 0.007 0.006 0.195 0.056 0.007 0.005 0.004 0.143 0.097 0.013 0.135 0.023 0.012 0.193 
198      751    (0)   13 :  0.011 0.037 0.007 0.013 0.009 0.207 0.023 0.007 0.015 0.011 0.159 0.100 0.002 0.140 0.007 0.064 0.186 
199      752    (2)   13 :  0.012 0.019 0.003 0.086 0.003 0.007 0.009 0.038 0.001 0.782 0.008 0.007 0.002 0.007 0.005 0.005 0.007 
200      753    (4)   13 :  0.021 0.010 0.025 0.046 0.013 0.176 0.008 0.017 0.009 0.048 0.172 0.062 0.004 0.162 0.006 0.033 0.187 
201      754    (2)   13 :  0.003 0.930 0.003 0.003 0.002 0.005 0.009 0.006 0.003 0.002 0.005 0.007 0.005 0.005 0.003 0.004 0.005 
202      155    (0)   14 :  0.020 0.010 0.032 0.008 0.006 0.225 0.008 0.025 0.004 0.005 0.164 0.108 0.010 0.183 0.006 0.008 0.178 
203      156    (2)   14 :  0.014 0.015 0.005 0.010 0.006 0.135 0.037 0.005 0.108 0.004 0.133 0.147 0.012 0.162 0.006 0.008 0.195 
204      157    (2)   14 :  0.004 0.753 0.011 0.008 0.004 0.017 0.025 0.006 0.002 0.018 0.021 0.046 0.035 0.020 0.005 0.007 0.017 
205      158    (0)   14 :  0.007 0.013 0.007 0.027 0.006 0.193 0.004 0.024 0.004 0.003 0.160 0.138 0.005 0.168 0.009 0.033 0.199 
206      159    (0)   14 :  0.012 0.074 0.003 0.013 0.108 0.183 0.004 0.035 0.009 0.009 0.144 0.095 0.016 0.122 0.007 0.012 0.154 
207      160    (0)   14 :  0.015 0.120 0.010 0.013 0.004 0.024 0.014 0.676 0.003 0.004 0.030 0.013 0.003 0.020 0.003 0.028 0.021 
208      161    (0)   14 :  0.006 0.335 0.008 0.013 0.009 0.069 0.019 0.036 0.003 0.007 0.131 0.028 0.218 0.063 0.003 0.009 0.042 
209      162    (0)   14 :  0.007 0.004 0.005 0.021 0.002 0.164 0.089 0.163 0.004 0.011 0.115 0.015 0.002 0.130 0.006 0.011 0.249 
210      163    (2)   14 :  0.003 0.090 0.003 0.006 0.002 0.139 0.015 0.003 0.009 0.013 0.171 0.103 0.004 0.177 0.007 0.054 0.200 
211      164    (0)   14 :  0.052 0.036 0.017 0.025 0.005 0.214 0.007 0.008 0.002 0.027 0.151 0.060 0.017 0.145 0.010 0.014 0.210 
212      165    (2)   14 :  0.003 0.013 0.003 0.003 0.002 0.006 0.003 0.003 0.002 0.003 0.011 0.654 0.012 0.178 0.003 0.002 0.099 
213      427    (0)   14 :  0.005 0.007 0.089 0.749 0.023 0.013 0.013 0.018 0.009 0.004 0.014 0.011 0.005 0.012 0.003 0.015 0.012 
214      428    (0)   14 :  0.007 0.004 0.004 0.804 0.014 0.013 0.006 0.040 0.003 0.020 0.017 0.007 0.002 0.010 0.005 0.036 0.009 
215      429    (0)   14 :  0.005 0.005 0.003 0.366 0.007 0.010 0.537 0.009 0.003 0.007 0.009 0.006 0.001 0.008 0.007 0.005 0.010 
216      430    (0)   14 :  0.023 0.023 0.004 0.011 0.004 0.139 0.027 0.159 0.002 0.026 0.145 0.049 0.006 0.124 0.052 0.072 0.132 
217      431    (0)   14 :  0.046 0.014 0.005 0.182 0.007 0.036 0.188 0.359 0.002 0.006 0.042 0.018 0.003 0.028 0.024 0.012 0.026 
218      435    (0)   14 :  0.003 0.006 0.002 0.574 0.003 0.007 0.303 0.053 0.002 0.008 0.011 0.005 0.002 0.006 0.004 0.004 0.006 
219      436    (0)   14 :  0.007 0.004 0.003 0.179 0.007 0.006 0.026 0.734 0.002 0.003 0.007 0.004 0.002 0.005 0.004 0.003 0.005 
220      437    (0)   14 :  0.056 0.009 0.004 0.161 0.028 0.032 0.008 0.528 0.002 0.009 0.083 0.014 0.003 0.035 0.007 0.004 0.017 
221      438    (0)   14 :  0.035 0.013 0.002 0.493 0.013 0.044 0.010 0.132 0.008 0.035 0.096 0.018 0.004 0.038 0.020 0.017 0.023 
222      439    (0)   14 :  0.010 0.146 0.004 0.176 0.004 0.101 0.036 0.085 0.005 0.039 0.084 0.074 0.002 0.096 0.027 0.014 0.096 
223      441    (0)   14 :  0.003 0.002 0.003 0.005 0.001 0.003 0.003 0.004 0.001 0.955 0.003 0.002 0.002 0.003 0.004 0.003 0.003 
224      442    (0)   14 :  0.011 0.004 0.187 0.567 0.002 0.021 0.091 0.009 0.005 0.015 0.026 0.011 0.002 0.018 0.003 0.011 0.015 
225      443    (4)   14 :  0.008 0.012 0.002 0.905 0.003 0.006 0.004 0.008 0.002 0.011 0.006 0.005 0.002 0.005 0.004 0.011 0.006 
226      444    (4)   14 :  0.006 0.004 0.008 0.904 0.008 0.007 0.010 0.006 0.004 0.002 0.006 0.007 0.005 0.006 0.003 0.007 0.008 
227      445    (2)   14 :  0.034 0.005 0.004 0.295 0.008 0.109 0.005 0.016 0.005 0.009 0.273 0.070 0.002 0.104 0.005 0.004 0.051 
228      446    (0)   14 :  0.002 0.003 0.004 0.006 0.002 0.004 0.945 0.005 0.003 0.002 0.004 0.003 0.002 0.004 0.002 0.004 0.004 
229      447    (0)   14 :  0.022 0.018 0.007 0.505 0.007 0.022 0.288 0.040 0.004 0.003 0.022 0.011 0.001 0.017 0.003 0.007 0.021 
230      449    (0)   14 :  0.005 0.003 0.005 0.939 0.003 0.004 0.005 0.009 0.002 0.003 0.004 0.003 0.001 0.003 0.004 0.003 0.003 
231      460    (0)   14 :  0.018 0.007 0.006 0.531 0.007 0.029 0.091 0.018 0.002 0.134 0.041 0.035 0.005 0.036 0.007 0.007 0.027 
232      461    (0)   14 :  0.025 0.105 0.008 0.148 0.008 0.100 0.023 0.237 0.002 0.006 0.087 0.042 0.005 0.064 0.015 0.056 0.070 
233      484    (0)   14 :  0.124 0.071 0.013 0.035 0.004 0.080 0.069 0.006 0.008 0.015 0.055 0.058 0.004 0.067 0.161 0.164 0.069 
234      485    (0)   14 :  0.004 0.018 0.004 0.779 0.002 0.016 0.012 0.082 0.002 0.011 0.021 0.010 0.003 0.016 0.004 0.003 0.014 
235      486    (0)   14 :  0.002 0.002 0.002 0.002 0.001 0.002 0.002 0.002 0.001 0.973 0.002 0.002 0.001 0.002 0.002 0.002 0.002 
236      487    (0)   14 :  0.006 0.018 0.010 0.322 0.006 0.069 0.097 0.186 0.003 0.011 0.067 0.031 0.002 0.076 0.007 0.012 0.076 
237      178    (0)   15 :  0.003 0.020 0.006 0.094 0.003 0.114 0.036 0.263 0.004 0.008 0.195 0.050 0.011 0.103 0.003 0.010 0.078 
238      422    (0)   15 :  0.016 0.046 0.003 0.487 0.003 0.013 0.324 0.041 0.003 0.004 0.016 0.009 0.002 0.011 0.006 0.005 0.011 
239      425    (0)   15 :  0.004 0.012 0.003 0.047 0.006 0.018 0.663 0.164 0.001 0.004 0.019 0.011 0.002 0.017 0.002 0.007 0.018 
240      426    (0)   15 :  0.004 0.033 0.022 0.014 0.003 0.110 0.085 0.061 0.104 0.003 0.076 0.049 0.025 0.081 0.005 0.210 0.117 
241      432    (0)   15 :  0.010 0.016 0.009 0.275 0.009 0.163 0.025 0.020 0.007 0.010 0.113 0.061 0.005 0.114 0.008 0.037 0.120 
242      434    (0)   15 :  0.003 0.003 0.003 0.006 0.004 0.003 0.951 0.004 0.002 0.002 0.003 0.002 0.001 0.003 0.005 0.003 0.003 
243      440    (0)   15 :  0.004 0.006 0.012 0.060 0.002 0.079 0.318 0.115 0.002 0.024 0.120 0.057 0.003 0.089 0.007 0.033 0.069 
244      448    (2)   15 :  0.010 0.011 0.012 0.818 0.039 0.008 0.020 0.008 0.002 0.006 0.010 0.005 0.002 0.007 0.024 0.010 0.007 
245      456    (0)   15 :  0.066 0.009 0.009 0.030 0.004 0.126 0.034 0.175 0.003 0.005 0.118 0.098 0.003 0.100 0.085 0.018 0.118 
246      457    (0)   15 :  0.016 0.016 0.005 0.284 0.008 0.080 0.036 0.188 0.005 0.033 0.087 0.045 0.003 0.074 0.022 0.021 0.077 
247      458    (0)   15 :  0.012 0.080 0.018 0.021 0.005 0.084 0.027 0.427 0.007 0.009 0.069 0.056 0.004 0.061 0.004 0.042 0.074 
248      459    (0)   15 :  0.007 0.014 0.005 0.869 0.002 0.012 0.010 0.009 0.003 0.008 0.014 0.008 0.005 0.010 0.004 0.011 0.010 
249      464    (0)   15 :  0.004 0.006 0.011 0.558 0.003 0.021 0.103 0.171 0.005 0.013 0.027 0.013 0.015 0.021 0.004 0.005 0.021 
250      465    (0)   15 :  0.004 0.010 0.002 0.011 0.002 0.009 0.413 0.494 0.001 0.006 0.011 0.008 0.003 0.009 0.005 0.003 0.009 
251      466    (0)   15 :  0.020 0.021 0.004 0.389 0.013 0.084 0.046 0.055 0.001 0.017 0.206 0.028 0.001 0.068 0.007 0.009 0.031 
252      470    (0)   15 :  0.004 0.008 0.006 0.454 0.003 0.008 0.018 0.349 0.002 0.098 0.008 0.005 0.003 0.008 0.006 0.012 0.008 
253      471    (0)   15 :  0.008 0.010 0.003 0.180 0.025 0.036 0.474 0.020 0.035 0.006 0.032 0.025 0.004 0.032 0.031 0.044 0.035 
254      483    (0)   15 :  0.003 0.013 0.006 0.006 0.002 0.005 0.922 0.004 0.002 0.004 0.004 0.005 0.005 0.004 0.003 0.006 0.005 
255      488    (0)   15 :  0.007 0.010 0.004 0.012 0.002 0.007 0.003 0.913 0.002 0.004 0.008 0.004 0.002 0.007 0.003 0.005 0.007 
256      495    (0)   15 :  0.014 0.020 0.002 0.035 0.002 0.010 0.784 0.064 0.001 0.003 0.013 0.006 0.003 0.008 0.018 0.006 0.010 
257      496    (0)   15 :  0.002 0.013 0.002 0.013 0.005 0.009 0.042 0.854 0.002 0.004 0.008 0.016 0.003 0.009 0.004 0.004 0.011 
258      497    (0)   15 :  0.005 0.004 0.025 0.011 0.004 0.009 0.867 0.006 0.002 0.002 0.009 0.005 0.003 0.009 0.026 0.002 0.010 
259      500    (0)   15 :  0.468 0.044 0.003 0.044 0.015 0.057 0.007 0.037 0.004 0.038 0.054 0.036 0.058 0.050 0.024 0.007 0.055 
260      879    (0)   15 :  0.003 0.005 0.006 0.006 0.001 0.003 0.942 0.003 0.002 0.005 0.003 0.004 0.003 0.003 0.002 0.006 0.003 
261      036    (0)   16 :  0.005 0.016 0.002 0.016 0.011 0.237 0.008 0.012 0.004 0.004 0.164 0.128 0.003 0.164 0.003 0.005 0.217 
262      063    (2)   16 :  0.012 0.055 0.014 0.029 0.003 0.146 0.010 0.017 0.004 0.010 0.164 0.153 0.003 0.183 0.031 0.045 0.122 
263      094    (4)   16 :  0.082 0.295 0.009 0.021 0.011 0.109 0.007 0.123 0.005 0.007 0.068 0.057 0.012 0.077 0.012 0.017 0.089 
264      103    (4)   16 :  0.003 0.014 0.003 0.004 0.002 0.006 0.003 0.003 0.002 0.004 0.012 0.651 0.006 0.177 0.008 0.002 0.099 
265      112    (0)   16 :  0.007 0.352 0.006 0.006 0.003 0.132 0.007 0.006 0.004 0.010 0.102 0.067 0.007 0.105 0.007 0.045 0.134 
266      114    (2)   16 :  0.004 0.082 0.004 0.009 0.008 0.220 0.010 0.049 0.002 0.014 0.155 0.076 0.003 0.173 0.004 0.004 0.182 
267      120    (0)   16 :  0.011 0.835 0.004 0.006 0.011 0.018 0.006 0.023 0.002 0.006 0.013 0.011 0.003 0.016 0.005 0.012 0.017 
268      127    (2)   16 :  0.008 0.032 0.006 0.004 0.005 0.186 0.005 0.113 0.003 0.071 0.137 0.078 0.006 0.119 0.005 0.066 0.158 
269      147    (0)   16 :  0.002 0.019 0.006 0.012 0.005 0.148 0.011 0.009 0.045 0.007 0.131 0.092 0.007 0.127 0.005 0.201 0.173 
270      166    (0)   16 :  0.006 0.038 0.018 0.026 0.004 0.130 0.006 0.123 0.027 0.004 0.105 0.066 0.077 0.105 0.012 0.112 0.144 
271      167    (0)   16 :  0.006 0.014 0.004 0.011 0.010 0.157 0.113 0.094 0.005 0.015 0.116 0.018 0.004 0.132 0.052 0.006 0.243 
272      168    (0)   16 :  0.004 0.013 0.004 0.012 0.015 0.227 0.006 0.007 0.003 0.003 0.182 0.049 0.013 0.194 0.004 0.004 0.261 
273      169    (2)   16 :  0.008 0.032 0.004 0.042 0.006 0.135 0.089 0.155 0.005 0.004 0.119 0.049 0.004 0.126 0.005 0.041 0.178 
274      170    (0)   16 :  0.022 0.058 0.035 0.018 0.004 0.147 0.009 0.005 0.005 0.021 0.129 0.123 0.040 0.157 0.006 0.017 0.202 
275      171    (2)   16 :  0.065 0.018 0.004 0.007 0.003 0.120 0.005 0.006 0.011 0.003 0.122 0.224 0.006 0.173 0.010 0.033 0.188 
276      172    (0)   16 :  0.013 0.809 0.004 0.006 0.012 0.019 0.013 0.022 0.015 0.002 0.013 0.014 0.004 0.015 0.010 0.014 0.017 
277      185    (0)   16 :  0.004 0.008 0.005 0.064 0.002 0.183 0.029 0.014 0.005 0.016 0.130 0.106 0.004 0.155 0.009 0.034 0.232 
278      199    (2)   16 :  0.006 0.006 0.200 0.006 0.006 0.169 0.004 0.021 0.005 0.007 0.141 0.046 0.010 0.164 0.003 0.007 0.200 
279      339    (0)   16 :  0.005 0.006 0.006 0.010 0.002 0.123 0.118 0.283 0.005 0.005 0.095 0.013 0.002 0.101 0.011 0.008 0.206 
280      355    (0)   16 :  0.003 0.005 0.071 0.004 0.002 0.214 0.002 0.003 0.012 0.004 0.158 0.050 0.035 0.195 0.006 0.008 0.225 
281      356    (0)   16 :  0.004 0.612 0.005 0.004 0.006 0.033 0.005 0.022 0.003 0.017 0.024 0.026 0.168 0.029 0.003 0.006 0.032 
282      357    (0)   16 :  0.007 0.059 0.016 0.007 0.009 0.205 0.006 0.033 0.012 0.022 0.168 0.111 0.006 0.146 0.004 0.016 0.172 
283      358    (0)   16 :  0.008 0.006 0.003 0.011 0.002 0.248 0.007 0.007 0.006 0.018 0.157 0.107 0.004 0.147 0.046 0.010 0.211 
284      359    (0)   16 :  0.004 0.206 0.009 0.005 0.001 0.188 0.016 0.007 0.002 0.003 0.148 0.083 0.005 0.132 0.018 0.018 0.156 
285      360    (0)   16 :  0.015 0.020 0.005 0.018 0.005 0.210 0.023 0.017 0.009 0.005 0.163 0.116 0.020 0.171 0.003 0.020 0.180 
286      361    (0)   16 :  0.005 0.751 0.003 0.014 0.004 0.023 0.050 0.038 0.002 0.004 0.024 0.018 0.003 0.023 0.006 0.011 0.022 
287      362    (0)   16 :  0.202 0.044 0.005 0.021 0.002 0.138 0.113 0.017 0.005 0.003 0.082 0.056 0.013 0.092 0.011 0.077 0.118 
288      363    (0)   16 :  0.006 0.022 0.043 0.015 0.005 0.124 0.007 0.017 0.012 0.010 0.085 0.051 0.007 0.097 0.010 0.367 0.122 
289      364    (0)   16 :  0.324 0.026 0.037 0.008 0.003 0.107 0.004 0.077 0.003 0.013 0.073 0.048 0.089 0.080 0.008 0.013 0.084 
290      365    (0)   16 :  0.019 0.016 0.003 0.024 0.002 0.207 0.010 0.082 0.011 0.008 0.176 0.085 0.061 0.136 0.005 0.005 0.147 
291      366    (0)   16 :  0.004 0.080 0.003 0.004 0.001 0.209 0.004 0.009 0.026 0.003 0.144 0.105 0.005 0.140 0.011 0.013 0.239 
292      367    (0)   16 :  0.010 0.013 0.003 0.007 0.005 0.198 0.004 0.005 0.009 0.028 0.199 0.090 0.002 0.206 0.018 0.005 0.197 
293      368    (0)   16 :  0.029 0.007 0.004 0.004 0.008 0.163 0.004 0.005 0.012 0.045 0.127 0.170 0.062 0.170 0.017 0.006 0.168 
294      369    (0)   16 :  0.003 0.010 0.004 0.004 0.002 0.185 0.005 0.005 0.004 0.003 0.202 0.100 0.016 0.223 0.005 0.007 0.224 
295      370    (0)   16 :  0.005 0.417 0.007 0.013 0.012 0.087 0.009 0.017 0.011 0.004 0.061 0.061 0.079 0.074 0.042 0.014 0.087 
296      371    (0)   16 :  0.014 0.009 0.006 0.010 0.005 0.229 0.009 0.006 0.003 0.003 0.205 0.090 0.002 0.190 0.009 0.004 0.206 
297      372    (0)   16 :  0.011 0.011 0.335 0.449 0.003 0.014 0.011 0.052 0.004 0.002 0.011 0.012 0.005 0.012 0.003 0.050 0.014 
298      373    (0)   16 :  0.007 0.049 0.040 0.020 0.003 0.157 0.021 0.009 0.003 0.002 0.247 0.092 0.086 0.144 0.009 0.006 0.106 
299      380    (0)   16 :  0.017 0.052 0.009 0.008 0.041 0.214 0.005 0.034 0.006 0.002 0.146 0.085 0.011 0.151 0.010 0.034 0.175 
300      388    (0)   16 :  0.011 0.442 0.021 0.007 0.005 0.119 0.006 0.007 0.007 0.004 0.064 0.055 0.040 0.075 0.012 0.025 0.100 
301      418    (0)   16 :  0.013 0.010 0.046 0.008 0.024 0.167 0.004 0.009 0.006 0.006 0.348 0.076 0.006 0.161 0.003 0.015 0.100 
302      419    (0)   16 :  0.004 0.006 0.003 0.011 0.008 0.188 0.005 0.008 0.005 0.006 0.390 0.078 0.006 0.176 0.004 0.005 0.095 
303      420    (0)   16 :  0.039 0.049 0.061 0.045 0.003 0.164 0.017 0.025 0.047 0.009 0.189 0.069 0.006 0.136 0.011 0.015 0.116 
304      409    (0)   17 :  0.008 0.033 0.003 0.018 0.106 0.099 0.005 0.025 0.002 0.007 0.163 0.213 0.005 0.163 0.005 0.012 0.132 
305      414    (0)   17 :  0.015 0.006 0.008 0.005 0.016 0.132 0.011 0.010 0.002 0.007 0.185 0.219 0.002 0.206 0.006 0.015 0.153 
306      415    (2)   17 :  0.006 0.026 0.014 0.005 0.004 0.178 0.007 0.010 0.003 0.031 0.163 0.092 0.015 0.198 0.011 0.012 0.224 
307      416    (0)   17 :  0.024 0.007 0.009 0.017 0.066 0.161 0.012 0.025 0.003 0.004 0.287 0.082 0.002 0.168 0.025 0.011 0.098 
308      571    (0)    2 :  0.836 0.005 0.004 0.020 0.004 0.007 0.014 0.009 0.004 0.028 0.007 0.007 0.002 0.007 0.016 0.027 0.006 
309      572    (0)    2 :  0.790 0.007 0.004 0.003 0.008 0.014 0.004 0.003 0.006 0.011 0.014 0.015 0.004 0.016 0.051 0.036 0.015 
310      573    (2)    2 :  0.926 0.004 0.003 0.005 0.004 0.006 0.005 0.004 0.001 0.009 0.006 0.006 0.001 0.006 0.006 0.003 0.006 
311      574    (0)    2 :  0.888 0.006 0.002 0.005 0.012 0.009 0.007 0.007 0.003 0.003 0.009 0.009 0.008 0.009 0.008 0.004 0.010 
312      575    (2)    2 :  0.798 0.005 0.007 0.009 0.005 0.014 0.005 0.004 0.008 0.006 0.014 0.014 0.006 0.014 0.015 0.061 0.014 
313      576    (0)    2 :  0.958 0.002 0.002 0.003 0.003 0.003 0.003 0.003 0.001 0.002 0.003 0.003 0.001 0.003 0.005 0.003 0.003 
314      577    (0)    2 :  0.874 0.004 0.007 0.005 0.008 0.007 0.011 0.006 0.002 0.011 0.008 0.018 0.002 0.010 0.015 0.006 0.007 
315      578    (0)    2 :  0.893 0.002 0.007 0.004 0.049 0.003 0.006 0.005 0.002 0.003 0.003 0.005 0.001 0.004 0.004 0.004 0.003 
316      579    (0)    2 :  0.926 0.002 0.004 0.007 0.008 0.004 0.007 0.012 0.002 0.002 0.003 0.007 0.001 0.004 0.003 0.004 0.004 
317      580    (0)    2 :  0.956 0.003 0.002 0.003 0.002 0.003 0.004 0.003 0.002 0.002 0.003 0.004 0.001 0.003 0.004 0.003 0.003 
318      581    (0)    2 :  0.934 0.002 0.002 0.005 0.015 0.003 0.007 0.005 0.002 0.002 0.003 0.003 0.001 0.003 0.007 0.002 0.003 
319      582    (4)    2 :  0.742 0.011 0.017 0.013 0.003 0.022 0.023 0.014 0.048 0.002 0.018 0.017 0.003 0.019 0.012 0.006 0.028 
320      583    (0)    2 :  0.469 0.020 0.015 0.009 0.004 0.087 0.043 0.017 0.009 0.014 0.063 0.051 0.002 0.071 0.009 0.035 0.080 
321      584    (0)    2 :  0.833 0.006 0.007 0.031 0.014 0.007 0.040 0.008 0.003 0.004 0.007 0.010 0.001 0.008 0.006 0.006 0.008 
322      585    (0)    2 :  0.917 0.003 0.002 0.005 0.002 0.004 0.011 0.007 0.002 0.009 0.004 0.007 0.001 0.005 0.011 0.006 0.004 
323      586    (2)    2 :  0.921 0.003 0.010 0.006 0.004 0.004 0.008 0.006 0.003 0.004 0.004 0.005 0.001 0.005 0.007 0.006 0.004 
324      587    (0)    2 :  0.951 0.003 0.002 0.002 0.009 0.003 0.003 0.004 0.002 0.002 0.003 0.004 0.001 0.003 0.003 0.003 0.003 
325      588    (0)    2 :  0.776 0.006 0.010 0.011 0.004 0.016 0.005 0.006 0.009 0.018 0.013 0.055 0.007 0.026 0.007 0.011 0.019 
326      589    (0)    2 :  0.685 0.009 0.018 0.037 0.018 0.030 0.020 0.007 0.004 0.004 0.025 0.020 0.005 0.026 0.012 0.047 0.032 
327      590    (0)    2 :  0.782 0.005 0.011 0.006 0.036 0.007 0.005 0.014 0.010 0.054 0.006 0.007 0.004 0.007 0.038 0.003 0.007 
328      001    (0)    3 :  0.003 0.003 0.001 0.002 0.003 0.004 0.002 0.002 0.003 0.002 0.003 0.003 0.956 0.003 0.003 0.002 0.004 
329      005    (0)    3 :  0.001 0.002 0.003 0.002 0.001 0.002 0.002 0.001 0.006 0.002 0.002 0.002 0.964 0.002 0.002 0.002 0.002 
330      106    (0)    3 :  0.005 0.003 0.003 0.002 0.003 0.003 0.002 0.002 0.002 0.002 0.003 0.003 0.956 0.003 0.003 0.003 0.003 
331      192    (0)    3 :  0.006 0.007 0.012 0.006 0.006 0.013 0.004 0.004 0.005 0.003 0.012 0.018 0.864 0.014 0.004 0.009 0.014 
332      229    (0)    3 :  0.003 0.006 0.004 0.003 0.003 0.005 0.007 0.004 0.043 0.005 0.005 0.005 0.884 0.005 0.006 0.007 0.006 
333      319    (0)    3 :  0.002 0.008 0.002 0.002 0.002 0.004 0.002 0.003 0.005 0.002 0.004 0.003 0.947 0.004 0.003 0.002 0.004 
334      327    (0)    3 :  0.003 0.006 0.003 0.002 0.002 0.003 0.002 0.002 0.002 0.002 0.003 0.003 0.957 0.003 0.002 0.003 0.003 
335      340    (0)    3 :  0.003 0.004 0.003 0.002 0.001 0.004 0.003 0.003 0.004 0.004 0.004 0.010 0.938 0.006 0.004 0.002 0.005 
336      345    (0)    3 :  0.004 0.011 0.003 0.003 0.001 0.005 0.002 0.006 0.010 0.002 0.005 0.004 0.924 0.005 0.004 0.005 0.005 
337      375    (0)    3 :  0.002 0.003 0.005 0.002 0.001 0.003 0.002 0.003 0.003 0.002 0.003 0.003 0.955 0.003 0.002 0.004 0.004 
338      501    (4)    3 :  0.002 0.004 0.002 0.003 0.001 0.003 0.002 0.003 0.003 0.008 0.003 0.003 0.951 0.003 0.002 0.004 0.003 
339      502    (0)    3 :  0.003 0.003 0.003 0.002 0.003 0.005 0.003 0.012 0.008 0.012 0.004 0.006 0.914 0.005 0.004 0.008 0.005 
340      503    (2)    3 :  0.004 0.002 0.002 0.001 0.002 0.002 0.002 0.001 0.002 0.007 0.002 0.002 0.959 0.002 0.003 0.002 0.002 
341      504    (0)    3 :  0.002 0.002 0.004 0.008 0.004 0.005 0.005 0.006 0.016 0.002 0.005 0.004 0.921 0.004 0.002 0.003 0.005 
342      505    (0)    3 :  0.006 0.009 0.004 0.002 0.007 0.007 0.003 0.002 0.048 0.002 0.007 0.005 0.866 0.007 0.012 0.007 0.007 
343      506    (2)    3 :  0.002 0.006 0.002 0.005 0.002 0.006 0.004 0.003 0.005 0.005 0.005 0.005 0.930 0.006 0.002 0.006 0.006 
344      507    (4)    3 :  0.002 0.004 0.002 0.002 0.001 0.003 0.002 0.002 0.004 0.004 0.003 0.002 0.953 0.003 0.003 0.005 0.003 
345      508    (0)    3 :  0.004 0.008 0.002 0.005 0.002 0.006 0.004 0.005 0.003 0.022 0.006 0.007 0.903 0.006 0.006 0.005 0.006 
346      509    (2)    3 :  0.002 0.003 0.004 0.002 0.001 0.003 0.004 0.002 0.003 0.003 0.003 0.007 0.951 0.004 0.003 0.003 0.003 
347      510    (2)    3 :  0.002 0.002 0.019 0.008 0.003 0.005 0.004 0.005 0.003 0.004 0.005 0.006 0.920 0.005 0.001 0.003 0.005 
348      511    (4)    3 :  0.003 0.002 0.002 0.003 0.003 0.003 0.003 0.003 0.002 0.005 0.003 0.003 0.957 0.003 0.002 0.002 0.003 
349      512    (4)    3 :  0.002 0.004 0.003 0.003 0.002 0.003 0.002 0.002 0.006 0.002 0.003 0.003 0.952 0.003 0.002 0.004 0.003 
350      513    (0)    3 :  0.002 0.002 0.019 0.003 0.002 0.003 0.003 0.002 0.008 0.002 0.003 0.004 0.935 0.004 0.002 0.003 0.004 
351      514    (0)    3 :  0.001 0.002 0.003 0.002 0.001 0.004 0.009 0.003 0.002 0.002 0.004 0.003 0.954 0.004 0.002 0.002 0.004 
352      515    (2)    3 :  0.002 0.002 0.003 0.002 0.001 0.002 0.003 0.002 0.004 0.003 0.002 0.005 0.958 0.003 0.003 0.002 0.002 
353      516    (2)    3 :  0.003 0.003 0.007 0.005 0.003 0.005 0.004 0.008 0.004 0.008 0.005 0.004 0.921 0.005 0.004 0.005 0.006 
354      517    (0)    3 :  0.001 0.002 0.002 0.009 0.001 0.002 0.001 0.002 0.005 0.002 0.002 0.002 0.962 0.002 0.001 0.002 0.002 
355      518    (0)    3 :  0.003 0.005 0.003 0.005 0.002 0.006 0.003 0.005 0.003 0.004 0.007 0.005 0.926 0.006 0.006 0.004 0.006 
356      519    (0)    3 :  0.003 0.003 0.004 0.003 0.003 0.003 0.002 0.002 0.002 0.005 0.003 0.004 0.952 0.003 0.003 0.002 0.003 
357      520    (2)    3 :  0.003 0.002 0.006 0.006 0.004 0.003 0.003 0.002 0.002 0.002 0.003 0.005 0.946 0.003 0.002 0.002 0.003 
358      521    (2)    3 :  0.003 0.004 0.003 0.002 0.007 0.002 0.002 0.002 0.006 0.002 0.002 0.002 0.951 0.002 0.003 0.003 0.002 
359      522    (0)    3 :  0.006 0.003 0.005 0.008 0.013 0.006 0.004 0.021 0.001 0.010 0.006 0.004 0.894 0.005 0.004 0.004 0.006 
360      523    (2)    3 :  0.005 0.007 0.002 0.005 0.004 0.007 0.005 0.004 0.004 0.005 0.007 0.005 0.916 0.006 0.008 0.005 0.007 
361      524    (0)    3 :  0.008 0.010 0.006 0.006 0.013 0.010 0.004 0.013 0.003 0.065 0.012 0.007 0.797 0.009 0.023 0.006 0.009 
362      525    (0)    3 :  0.002 0.002 0.003 0.002 0.001 0.003 0.002 0.003 0.001 0.002 0.003 0.003 0.964 0.003 0.001 0.002 0.003 
363      526    (2)    3 :  0.002 0.003 0.002 0.003 0.002 0.002 0.002 0.002 0.012 0.002 0.002 0.002 0.954 0.002 0.002 0.002 0.002 
364      527    (2)    4 :  0.856 0.004 0.010 0.006 0.002 0.007 0.009 0.010 0.005 0.011 0.007 0.018 0.007 0.010 0.024 0.006 0.008 
365      528    (4)    4 :  0.400 0.018 0.008 0.004 0.017 0.023 0.005 0.015 0.003 0.003 0.023 0.017 0.002 0.021 0.083 0.336 0.022 
366      529    (4)    4 :  0.699 0.008 0.004 0.012 0.015 0.019 0.018 0.016 0.009 0.006 0.023 0.012 0.003 0.015 0.014 0.113 0.014 
367      530    (0)    4 :  0.897 0.013 0.005 0.003 0.004 0.007 0.003 0.003 0.004 0.005 0.006 0.007 0.008 0.007 0.009 0.011 0.008 
368      531    (2)    4 :  0.881 0.010 0.004 0.006 0.011 0.007 0.004 0.004 0.006 0.003 0.007 0.005 0.004 0.007 0.011 0.022 0.007 
369      532    (4)    4 :  0.742 0.024 0.002 0.003 0.003 0.013 0.005 0.004 0.002 0.032 0.011 0.011 0.003 0.012 0.018 0.101 0.013 
370      533    (0)    4 :  0.562 0.025 0.002 0.006 0.022 0.045 0.026 0.018 0.002 0.002 0.074 0.064 0.007 0.058 0.038 0.013 0.034 
371      534    (2)    4 :  0.822 0.005 0.006 0.005 0.013 0.008 0.005 0.005 0.002 0.003 0.009 0.007 0.003 0.008 0.086 0.006 0.008 
372      535    (2)    4 :  0.859 0.009 0.002 0.007 0.004 0.011 0.004 0.009 0.005 0.011 0.011 0.008 0.002 0.011 0.010 0.026 0.010 
373      536    (2)    4 :  0.889 0.008 0.002 0.005 0.028 0.006 0.005 0.003 0.013 0.004 0.006 0.005 0.002 0.006 0.010 0.003 0.006 
374      537    (2)    4 :  0.901 0.004 0.014 0.008 0.008 0.006 0.007 0.007 0.002 0.002 0.007 0.007 0.002 0.006 0.007 0.006 0.006 
375      538    (2)    4 :  0.662 0.035 0.004 0.008 0.003 0.032 0.025 0.025 0.002 0.004 0.032 0.045 0.006 0.035 0.048 0.005 0.032 
376      539    (2)    4 :  0.782 0.004 0.002 0.003 0.003 0.005 0.002 0.008 0.002 0.003 0.005 0.004 0.001 0.005 0.158 0.006 0.005 
377      540    (2)    4 :  0.837 0.021 0.002 0.017 0.012 0.014 0.007 0.010 0.001 0.005 0.018 0.009 0.001 0.014 0.013 0.006 0.013 
378      541    (2)    4 :  0.743 0.022 0.003 0.029 0.008 0.009 0.024 0.009 0.002 0.005 0.010 0.005 0.003 0.008 0.067 0.043 0.009 
379      542    (2)    4 :  0.684 0.016 0.009 0.022 0.010 0.021 0.018 0.067 0.004 0.004 0.019 0.012 0.002 0.017 0.060 0.015 0.018 
380      543    (0)    4 :  0.589 0.015 0.015 0.034 0.020 0.064 0.013 0.013 0.002 0.003 0.052 0.028 0.003 0.048 0.036 0.009 0.056 
381      544    (2)    4 :  0.924 0.007 0.002 0.003 0.005 0.004 0.003 0.003 0.002 0.001 0.004 0.005 0.003 0.004 0.024 0.003 0.004 
382      545    (2)    4 :  0.034 0.006 0.002 0.003 0.004 0.009 0.010 0.013 0.001 0.010 0.008 0.079 0.002 0.036 0.770 0.005 0.009 
383      546    (4)    4 :  0.016 0.005 0.002 0.003 0.004 0.015 0.007 0.015 0.002 0.010 0.013 0.150 0.001 0.056 0.685 0.004 0.014 
384      547    (6)    4 :  0.647 0.022 0.029 0.011 0.009 0.041 0.022 0.009 0.015 0.036 0.033 0.022 0.004 0.038 0.011 0.009 0.043 
385      019    (0)    5 :  0.066 0.006 0.004 0.032 0.008 0.007 0.033 0.004 0.004 0.003 0.007 0.007 0.002 0.007 0.788 0.016 0.006 
386      064    (0)    5 :  0.030 0.002 0.002 0.003 0.002 0.002 0.003 0.002 0.001 0.003 0.002 0.003 0.001 0.002 0.937 0.002 0.002 
387      065    (0)    5 :  0.936 0.003 0.001 0.003 0.005 0.002 0.004 0.002 0.001 0.002 0.002 0.002 0.001 0.002 0.027 0.003 0.002 
388      066    (0)    5 :  0.261 0.010 0.002 0.014 0.006 0.012 0.019 0.009 0.002 0.011 0.011 0.008 0.002 0.011 0.608 0.004 0.010 
389      067    (0)    5 :  0.010 0.005 0.009 0.011 0.009 0.008 0.025 0.005 0.006 0.004 0.008 0.008 0.005 0.008 0.855 0.016 0.008 
390      068    (0)    5 :  0.810 0.007 0.029 0.008 0.008 0.008 0.010 0.011 0.002 0.020 0.008 0.009 0.002 0.008 0.031 0.018 0.008 
391      069    (0)    5 :  0.120 0.006 0.004 0.005 0.011 0.005 0.003 0.008 0.001 0.018 0.005 0.013 0.001 0.008 0.779 0.008 0.005 
392      107    (0)    5 :  0.424 0.003 0.003 0.008 0.003 0.005 0.004 0.005 0.001 0.006 0.005 0.006 0.001 0.005 0.512 0.004 0.005 
393      110    (0)    5 :  0.003 0.003 0.002 0.002 0.002 0.002 0.003 0.002 0.003 0.003 0.002 0.003 0.001 0.003 0.953 0.009 0.003 
394      121    (0)    5 :  0.913 0.003 0.003 0.004 0.002 0.004 0.008 0.005 0.001 0.003 0.004 0.004 0.001 0.004 0.025 0.012 0.005 
395      137    (0)    5 :  0.008 0.005 0.002 0.007 0.005 0.010 0.009 0.008 0.010 0.005 0.009 0.007 0.002 0.009 0.889 0.004 0.011 
396      146    (0)    5 :  0.240 0.060 0.003 0.005 0.020 0.009 0.006 0.004 0.003 0.002 0.009 0.011 0.004 0.010 0.597 0.005 0.011 
397      149    (0)    5 :  0.005 0.004 0.002 0.005 0.002 0.004 0.008 0.004 0.003 0.002 0.004 0.004 0.001 0.004 0.937 0.005 0.004 
398      154    (0)    5 :  0.047 0.004 0.016 0.007 0.156 0.006 0.008 0.004 0.002 0.003 0.006 0.007 0.002 0.006 0.715 0.005 0.006 
399      179    (0)    5 :  0.353 0.004 0.004 0.006 0.004 0.004 0.004 0.006 0.002 0.007 0.004 0.003 0.002 0.004 0.586 0.004 0.004 
400      181    (0)    5 :  0.170 0.003 0.002 0.003 0.004 0.004 0.003 0.003 0.002 0.002 0.004 0.004 0.001 0.004 0.783 0.003 0.004 
401      182    (0)    5 :  0.726 0.012 0.013 0.005 0.007 0.012 0.010 0.005 0.002 0.016 0.011 0.011 0.003 0.011 0.117 0.027 0.012 
402      186    (0)    5 :  0.129 0.032 0.004 0.008 0.004 0.018 0.009 0.014 0.005 0.008 0.015 0.010 0.005 0.015 0.620 0.090 0.017 
403      193    (0)    5 :  0.432 0.008 0.004 0.013 0.008 0.007 0.006 0.004 0.002 0.004 0.008 0.007 0.003 0.008 0.473 0.006 0.008 
404      320    (0)    5 :  0.031 0.011 0.011 0.004 0.009 0.006 0.009 0.004 0.003 0.003 0.006 0.005 0.001 0.005 0.879 0.007 0.005 
405      341    (0)    5 :  0.870 0.007 0.003 0.008 0.002 0.006 0.011 0.009 0.002 0.005 0.006 0.004 0.001 0.006 0.049 0.004 0.006 
406      376    (0)    5 :  0.553 0.012 0.003 0.005 0.009 0.010 0.004 0.006 0.003 0.017 0.012 0.006 0.036 0.010 0.279 0.025 0.010 
407      395    (0)    5 :  0.170 0.006 0.004 0.020 0.052 0.007 0.005 0.025 0.006 0.004 0.007 0.006 0.001 0.007 0.661 0.012 0.007 
408      396    (0)    5 :  0.912 0.004 0.001 0.003 0.003 0.003 0.003 0.004 0.003 0.004 0.003 0.003 0.002 0.003 0.043 0.002 0.003 
409      397    (0)    5 :  0.832 0.003 0.007 0.004 0.010 0.006 0.004 0.003 0.009 0.002 0.005 0.003 0.001 0.005 0.094 0.005 0.006 
410      398    (0)    5 :  0.371 0.010 0.004 0.006 0.060 0.005 0.003 0.002 0.004 0.005 0.005 0.004 0.002 0.004 0.500 0.011 0.005 
411      399    (0)    5 :  0.921 0.008 0.003 0.003 0.002 0.005 0.006 0.003 0.002 0.006 0.005 0.006 0.002 0.005 0.007 0.012 0.005 
412      400    (0)    5 :  0.021 0.014 0.002 0.003 0.006 0.007 0.004 0.003 0.002 0.009 0.006 0.005 0.001 0.006 0.894 0.010 0.006 
413      401    (0)    5 :  0.071 0.008 0.002 0.005 0.005 0.012 0.007 0.006 0.003 0.007 0.011 0.007 0.003 0.011 0.827 0.004 0.011 
414      402    (0)    5 :  0.003 0.003 0.003 0.002 0.002 0.003 0.002 0.003 0.002 0.003 0.003 0.004 0.003 0.003 0.951 0.007 0.003 
415      403    (0)    5 :  0.400 0.028 0.004 0.010 0.004 0.009 0.025 0.011 0.011 0.010 0.008 0.009 0.002 0.008 0.430 0.020 0.009 
416      073    (0)    6 :  0.937 0.003 0.002 0.007 0.001 0.004 0.006 0.004 0.002 0.003 0.004 0.005 0.002 0.005 0.006 0.006 0.004 
417      074    (0)    6 :  0.885 0.004 0.005 0.006 0.039 0.008 0.004 0.004 0.002 0.002 0.008 0.006 0.007 0.007 0.005 0.002 0.008 
418      075    (0)    6 :  0.905 0.009 0.004 0.005 0.006 0.005 0.008 0.008 0.003 0.002 0.005 0.011 0.002 0.006 0.009 0.005 0.005 
419      076    (0)    6 :  0.897 0.005 0.006 0.004 0.005 0.006 0.010 0.010 0.005 0.003 0.006 0.005 0.005 0.006 0.009 0.013 0.006 
420      077    (0)    6 :  0.882 0.006 0.008 0.013 0.003 0.007 0.007 0.008 0.003 0.006 0.007 0.012 0.001 0.008 0.014 0.005 0.008 
421      078    (0)    6 :  0.757 0.013 0.005 0.006 0.005 0.014 0.006 0.007 0.005 0.003 0.014 0.095 0.002 0.036 0.009 0.005 0.017 
422      079    (0)    6 :  0.881 0.006 0.002 0.005 0.003 0.013 0.009 0.008 0.001 0.008 0.012 0.009 0.002 0.012 0.012 0.007 0.012 
423      080    (0)    6 :  0.903 0.004 0.019 0.003 0.003 0.006 0.008 0.003 0.002 0.004 0.006 0.005 0.003 0.006 0.005 0.014 0.007 
424      081    (0)    6 :  0.787 0.005 0.003 0.051 0.012 0.012 0.006 0.008 0.016 0.004 0.013 0.009 0.004 0.011 0.042 0.008 0.010 
425      082    (0)    6 :  0.930 0.004 0.003 0.003 0.003 0.003 0.002 0.002 0.002 0.005 0.003 0.002 0.001 0.003 0.024 0.006 0.003 
426      083    (0)    6 :  0.891 0.005 0.002 0.004 0.011 0.008 0.003 0.005 0.003 0.008 0.007 0.005 0.002 0.008 0.023 0.006 0.009 
427      084    (0)    6 :  0.810 0.004 0.002 0.009 0.104 0.005 0.011 0.006 0.006 0.002 0.005 0.005 0.004 0.005 0.013 0.003 0.005 
428      085    (0)    6 :  0.510 0.011 0.003 0.034 0.009 0.015 0.008 0.256 0.015 0.017 0.015 0.017 0.002 0.016 0.054 0.007 0.012 
429      404    (0)    6 :  0.912 0.004 0.003 0.006 0.021 0.004 0.006 0.004 0.003 0.003 0.004 0.006 0.001 0.004 0.010 0.005 0.005 
430      405    (0)    6 :  0.913 0.005 0.002 0.011 0.005 0.006 0.004 0.004 0.009 0.002 0.006 0.009 0.002 0.006 0.006 0.004 0.005 
431      406    (0)    6 :  0.873 0.006 0.003 0.004 0.008 0.009 0.002 0.005 0.008 0.007 0.009 0.027 0.005 0.014 0.005 0.006 0.010 
432      407    (0)    6 :  0.839 0.004 0.003 0.006 0.004 0.006 0.006 0.010 0.003 0.002 0.006 0.004 0.002 0.006 0.092 0.003 0.006 
433      408    (0)    6 :  0.938 0.003 0.005 0.006 0.005 0.005 0.003 0.004 0.001 0.002 0.005 0.004 0.001 0.005 0.004 0.004 0.004 
434      411    (2)    6 :  0.950 0.003 0.003 0.005 0.005 0.003 0.004 0.003 0.002 0.003 0.003 0.003 0.001 0.003 0.006 0.002 0.003 
435      412    (0)    6 :  0.856 0.005 0.006 0.013 0.004 0.009 0.006 0.015 0.004 0.006 0.008 0.005 0.027 0.008 0.008 0.011 0.008 
436      413    (0)    6 :  0.868 0.004 0.002 0.004 0.003 0.004 0.005 0.004 0.002 0.002 0.004 0.059 0.001 0.018 0.013 0.002 0.006 
437      591    (0)    7 :  0.004 0.006 0.004 0.009 0.009 0.006 0.010 0.006 0.007 0.004 0.005 0.005 0.015 0.005 0.002 0.896 0.006 
438      592    (0)    7 :  0.010 0.012 0.006 0.148 0.005 0.009 0.009 0.010 0.003 0.005 0.007 0.005 0.003 0.007 0.004 0.750 0.008 
439      593    (0)    7 :  0.009 0.006 0.002 0.006 0.004 0.006 0.006 0.005 0.006 0.005 0.007 0.011 0.002 0.007 0.005 0.905 0.008 
440      594    (0)    7 :  0.039 0.030 0.011 0.061 0.007 0.025 0.012 0.006 0.005 0.004 0.020 0.016 0.003 0.021 0.009 0.706 0.025 
441      595    (0)    7 :  0.010 0.006 0.011 0.004 0.003 0.025 0.007 0.008 0.004 0.004 0.019 0.011 0.005 0.021 0.013 0.826 0.024 
442      596    (0)    7 :  0.006 0.007 0.019 0.005 0.002 0.006 0.003 0.005 0.006 0.007 0.006 0.005 0.002 0.006 0.005 0.905 0.006 
443      597    (0)    7 :  0.032 0.008 0.006 0.006 0.003 0.015 0.007 0.038 0.002 0.003 0.013 0.008 0.001 0.011 0.029 0.804 0.013 
444      598    (0)    7 :  0.006 0.081 0.028 0.008 0.003 0.055 0.006 0.094 0.002 0.010 0.041 0.025 0.002 0.037 0.032 0.521 0.048 
445      599    (0)    7 :  0.006 0.003 0.003 0.053 0.003 0.008 0.171 0.015 0.006 0.005 0.009 0.006 0.003 0.008 0.003 0.691 0.007 
446      600    (0)    7 :  0.004 0.006 0.012 0.003 0.001 0.006 0.005 0.006 0.004 0.003 0.006 0.005 0.002 0.006 0.007 0.918 0.006 
447      601    (0)    7 :  0.021 0.009 0.002 0.018 0.002 0.018 0.017 0.031 0.002 0.005 0.015 0.010 0.002 0.016 0.027 0.787 0.018 
448      602    (0)    7 :  0.007 0.005 0.006 0.008 0.004 0.015 0.008 0.015 0.004 0.004 0.016 0.008 0.004 0.013 0.015 0.854 0.015 
449      603    (0)    7 :  0.007 0.006 0.009 0.147 0.009 0.043 0.026 0.456 0.007 0.007 0.042 0.024 0.002 0.038 0.005 0.138 0.036 
450      604    (0)    7 :  0.009 0.013 0.008 0.003 0.003 0.012 0.003 0.004 0.002 0.011 0.011 0.009 0.003 0.012 0.007 0.876 0.013 
451      605    (0)    7 :  0.008 0.089 0.022 0.009 0.003 0.023 0.009 0.009 0.005 0.003 0.020 0.013 0.021 0.022 0.006 0.711 0.027 
452      606    (0)    7 :  0.004 0.014 0.007 0.009 0.004 0.010 0.012 0.006 0.021 0.003 0.012 0.008 0.004 0.009 0.003 0.865 0.009 
453      607    (0)    7 :  0.009 0.008 0.008 0.002 0.002 0.005 0.002 0.007 0.003 0.092 0.004 0.004 0.003 0.004 0.016 0.825 0.005 
454      608    (0)    7 :  0.005 0.007 0.003 0.005 0.005 0.005 0.020 0.008 0.002 0.018 0.005 0.006 0.001 0.005 0.004 0.894 0.006 
455      609    (0)    7 :  0.003 0.008 0.003 0.004 0.003 0.008 0.004 0.005 0.004 0.008 0.008 0.006 0.002 0.007 0.005 0.913 0.009 
456      610    (0)    7 :  0.019 0.015 0.009 0.008 0.009 0.099 0.020 0.058 0.003 0.016 0.103 0.047 0.004 0.093 0.007 0.406 0.085 
457      611    (2)    7 :  0.011 0.006 0.007 0.003 0.011 0.008 0.002 0.005 0.003 0.020 0.008 0.009 0.002 0.009 0.008 0.879 0.008 
458      612    (0)    7 :  0.009 0.008 0.041 0.006 0.002 0.019 0.010 0.016 0.002 0.029 0.018 0.021 0.004 0.022 0.072 0.699 0.022 
459      755    (0)    7 :  0.016 0.014 0.041 0.011 0.029 0.033 0.003 0.017 0.002 0.268 0.035 0.025 0.026 0.026 0.008 0.415 0.029 
460      756    (0)    7 :  0.012 0.007 0.003 0.009 0.008 0.006 0.006 0.011 0.003 0.013 0.006 0.006 0.002 0.006 0.003 0.892 0.006 
461      757    (0)    7 :  0.010 0.018 0.005 0.012 0.004 0.013 0.005 0.006 0.002 0.009 0.013 0.008 0.004 0.011 0.006 0.863 0.011 
462      002    (0)    8 :  0.470 0.010 0.002 0.005 0.022 0.008 0.002 0.017 0.003 0.004 0.007 0.006 0.003 0.006 0.423 0.006 0.007 
463      099    (2)    8 :  0.004 0.011 0.040 0.030 0.007 0.029 0.046 0.003 0.004 0.013 0.026 0.012 0.699 0.026 0.005 0.008 0.036 
464      641    (2)    8 :  0.180 0.038 0.003 0.008 0.012 0.045 0.008 0.011 0.014 0.022 0.051 0.164 0.014 0.082 0.231 0.053 0.064 
465      642    (0)    8 :  0.858 0.018 0.003 0.014 0.009 0.008 0.014 0.012 0.003 0.004 0.008 0.007 0.003 0.008 0.005 0.019 0.008 
466      643    (2)    8 :  0.749 0.068 0.003 0.018 0.016 0.014 0.010 0.025 0.003 0.004 0.016 0.011 0.004 0.013 0.009 0.025 0.014 
467      644    (0)    8 :  0.828 0.020 0.008 0.013 0.007 0.009 0.017 0.014 0.004 0.009 0.009 0.011 0.003 0.009 0.025 0.006 0.008 
468      645    (0)    8 :  0.405 0.175 0.003 0.029 0.017 0.032 0.007 0.026 0.036 0.115 0.028 0.018 0.002 0.025 0.014 0.035 0.031 
469      646    (0)    8 :  0.055 0.038 0.008 0.004 0.013 0.045 0.007 0.065 0.010 0.133 0.038 0.110 0.004 0.056 0.365 0.013 0.037 
470      006    (0)    9 :  0.210 0.007 0.003 0.007 0.631 0.023 0.005 0.010 0.003 0.005 0.024 0.011 0.005 0.020 0.008 0.006 0.022 
471      011    (0)    9 :  0.951 0.003 0.003 0.004 0.009 0.003 0.003 0.003 0.002 0.002 0.003 0.003 0.001 0.003 0.003 0.003 0.003 
472      033    (2)    9 :  0.260 0.004 0.002 0.006 0.626 0.006 0.003 0.024 0.002 0.004 0.007 0.004 0.001 0.006 0.017 0.022 0.005 
473      048    (0)    9 :  0.494 0.007 0.005 0.247 0.045 0.021 0.050 0.014 0.009 0.005 0.023 0.012 0.002 0.019 0.012 0.014 0.023 
474      061    (0)    9 :  0.002 0.002 0.001 0.002 0.970 0.002 0.001 0.001 0.004 0.003 0.002 0.002 0.001 0.002 0.002 0.001 0.002 
475      088    (0)    9 :  0.796 0.013 0.008 0.019 0.025 0.015 0.015 0.010 0.005 0.003 0.016 0.012 0.003 0.014 0.019 0.012 0.014 
476      091    (0)    9 :  0.010 0.002 0.004 0.003 0.934 0.004 0.003 0.003 0.002 0.006 0.004 0.008 0.001 0.005 0.003 0.004 0.004 
477      098    (0)    9 :  0.849 0.004 0.003 0.031 0.008 0.007 0.011 0.007 0.012 0.006 0.007 0.004 0.001 0.005 0.016 0.020 0.007 
478      104    (0)    9 :  0.915 0.003 0.002 0.005 0.003 0.003 0.003 0.003 0.003 0.002 0.003 0.003 0.001 0.003 0.042 0.002 0.003 
479      196    (0)    9 :  0.318 0.005 0.005 0.010 0.580 0.006 0.007 0.007 0.005 0.002 0.007 0.004 0.001 0.006 0.020 0.010 0.005 
480      197    (0)    9 :  0.535 0.007 0.013 0.007 0.263 0.024 0.009 0.023 0.008 0.003 0.021 0.013 0.003 0.022 0.015 0.011 0.024 
481      201    (0)    9 :  0.322 0.014 0.001 0.006 0.597 0.005 0.003 0.005 0.001 0.002 0.006 0.005 0.001 0.005 0.015 0.005 0.006 
482      202    (0)    9 :  0.768 0.009 0.012 0.027 0.035 0.013 0.015 0.012 0.019 0.002 0.012 0.016 0.008 0.013 0.021 0.005 0.013 
483      204    (0)    9 :  0.525 0.005 0.002 0.009 0.381 0.004 0.003 0.010 0.002 0.010 0.004 0.003 0.001 0.004 0.030 0.003 0.003 
484      231    (0)    9 :  0.831 0.005 0.004 0.013 0.008 0.005 0.008 0.018 0.001 0.009 0.005 0.005 0.001 0.005 0.068 0.009 0.005 
485      328    (0)    9 :  0.688 0.005 0.002 0.005 0.253 0.004 0.004 0.007 0.005 0.002 0.004 0.004 0.001 0.004 0.003 0.006 0.004 
486      346    (0)    9 :  0.620 0.004 0.007 0.005 0.312 0.004 0.004 0.003 0.003 0.003 0.004 0.003 0.002 0.004 0.008 0.008 0.005 


Estimated Allele Frequencies in each cluster
First column gives estimated ancestral frequencies


Locus 1 : 1 
4 alleles
0.0% missing data
  89   (0.536) 0.626 0.498 0.643 0.583 0.697 0.550 0.542 0.469 0.066 0.834 0.563 0.555 0.293 0.552 0.291 0.551 0.538 
  91   (0.384) 0.313 0.449 0.311 0.371 0.294 0.368 0.341 0.510 0.708 0.148 0.353 0.401 0.671 0.377 0.586 0.432 0.381 
  93   (0.066) 0.060 0.050 0.045 0.021 0.007 0.065 0.111 0.016 0.098 0.015 0.056 0.035 0.036 0.057 0.122 0.014 0.070 
  99   (0.015) 0.000 0.004 0.001 0.025 0.001 0.016 0.006 0.005 0.129 0.003 0.028 0.009 0.001 0.014 0.001 0.002 0.011 

Locus 2 : 2 
6 alleles
1.0% missing data
 136   (0.351) 0.557 0.566 0.461 0.065 0.115 0.347 0.074 0.184 0.189 0.140 0.322 0.343 0.454 0.353 0.728 0.417 0.351 
 134   (0.235) 0.142 0.207 0.380 0.287 0.201 0.222 0.222 0.220 0.027 0.691 0.219 0.157 0.196 0.199 0.165 0.409 0.219 
 138   (0.298) 0.250 0.163 0.152 0.469 0.243 0.318 0.597 0.461 0.771 0.116 0.346 0.412 0.217 0.339 0.095 0.143 0.321 
 140   (0.067) 0.049 0.035 0.004 0.032 0.437 0.064 0.041 0.064 0.008 0.017 0.062 0.053 0.123 0.063 0.008 0.015 0.062 
 132   (0.021) 0.000 0.006 0.001 0.003 0.002 0.027 0.005 0.005 0.002 0.004 0.032 0.021 0.001 0.028 0.002 0.003 0.026 
 142   (0.028) 0.001 0.023 0.002 0.144 0.003 0.021 0.061 0.065 0.003 0.032 0.020 0.015 0.009 0.019 0.002 0.012 0.020 

Locus 3 : 3 
6 alleles
0.0% missing data
 181   (0.256) 0.231 0.186 0.066 0.452 0.072 0.264 0.338 0.125 0.180 0.344 0.255 0.168 0.072 0.238 0.092 0.401 0.265 
 187   (0.343) 0.516 0.350 0.257 0.151 0.690 0.340 0.169 0.352 0.775 0.114 0.321 0.555 0.344 0.397 0.546 0.163 0.355 
 179   (0.245) 0.228 0.294 0.015 0.174 0.222 0.249 0.264 0.323 0.029 0.353 0.271 0.181 0.051 0.234 0.347 0.403 0.240 
 191   (0.032) 0.022 0.010 0.200 0.009 0.004 0.032 0.007 0.007 0.003 0.008 0.032 0.021 0.009 0.029 0.003 0.006 0.032 
 185   (0.075) 0.002 0.054 0.459 0.028 0.007 0.074 0.204 0.071 0.008 0.136 0.083 0.049 0.286 0.068 0.007 0.018 0.069 
 175   (0.049) 0.001 0.107 0.003 0.186 0.005 0.041 0.019 0.122 0.005 0.045 0.038 0.025 0.238 0.035 0.004 0.009 0.039 

Locus 4 : 4 
12 alleles
0.2% missing data
 253   (0.489) 0.761 0.512 0.465 0.703 0.624 0.505 0.274 0.494 0.597 0.621 0.535 0.381 0.168 0.485 0.472 0.617 0.498 
 249   (0.029) 0.058 0.009 0.002 0.004 0.316 0.024 0.005 0.006 0.004 0.005 0.020 0.019 0.067 0.021 0.021 0.005 0.024 
 271   (0.042) 0.028 0.029 0.003 0.006 0.005 0.042 0.008 0.033 0.005 0.010 0.041 0.024 0.110 0.036 0.055 0.009 0.039 
 241   (0.159) 0.019 0.192 0.150 0.090 0.023 0.151 0.202 0.186 0.183 0.096 0.134 0.134 0.530 0.141 0.364 0.142 0.156 
 257   (0.006) 0.000 0.005 0.000 0.001 0.000 0.004 0.001 0.002 0.001 0.001 0.004 0.003 0.000 0.004 0.003 0.001 0.004 
 269   (0.170) 0.131 0.152 0.098 0.138 0.020 0.167 0.484 0.225 0.199 0.241 0.152 0.366 0.030 0.210 0.065 0.184 0.180 
 247   (0.066) 0.002 0.054 0.281 0.051 0.008 0.078 0.019 0.040 0.007 0.017 0.090 0.048 0.026 0.076 0.007 0.033 0.073 
 245   (0.009) 0.000 0.002 0.000 0.001 0.001 0.006 0.001 0.001 0.001 0.001 0.005 0.004 0.067 0.005 0.001 0.001 0.006 
 239   (0.011) 0.000 0.020 0.001 0.001 0.001 0.009 0.002 0.002 0.001 0.002 0.008 0.005 0.001 0.008 0.001 0.003 0.008 
 273   (0.007) 0.000 0.022 0.000 0.001 0.001 0.005 0.001 0.001 0.001 0.001 0.004 0.003 0.001 0.004 0.001 0.001 0.005 
 267   (0.006) 0.000 0.002 0.000 0.001 0.001 0.004 0.001 0.001 0.001 0.001 0.003 0.011 0.000 0.005 0.010 0.001 0.004 
 255   (0.006) 0.000 0.002 0.000 0.002 0.001 0.004 0.001 0.009 0.001 0.001 0.004 0.003 0.000 0.003 0.001 0.003 0.004 

Locus 5 : 5 
6 alleles
0.6% missing data
 103   (0.859) 0.995 0.866 0.979 0.968 0.986 0.854 0.951 0.930 0.984 0.958 0.836 0.579 0.737 0.786 0.976 0.931 0.852 
 104   (0.054) 0.003 0.044 0.003 0.015 0.006 0.059 0.033 0.032 0.006 0.023 0.081 0.355 0.070 0.132 0.016 0.024 0.061 
 101   (0.009) 0.000 0.003 0.012 0.001 0.001 0.007 0.002 0.003 0.001 0.004 0.006 0.004 0.001 0.006 0.001 0.002 0.006 
 105   (0.048) 0.001 0.071 0.003 0.012 0.005 0.051 0.009 0.024 0.005 0.011 0.053 0.040 0.166 0.051 0.004 0.035 0.052 
 102   (0.016) 0.000 0.006 0.001 0.002 0.001 0.016 0.003 0.009 0.002 0.003 0.014 0.013 0.001 0.015 0.001 0.005 0.017 
 107   (0.015) 0.000 0.010 0.001 0.002 0.001 0.013 0.002 0.003 0.001 0.002 0.011 0.008 0.025 0.011 0.001 0.003 0.011 

Locus 6 : 6 
5 alleles
0.2% missing data
 141   (0.267) 0.595 0.207 0.131 0.251 0.837 0.268 0.068 0.331 0.030 0.787 0.298 0.221 0.110 0.258 0.319 0.311 0.246 
 145   (0.404) 0.174 0.522 0.260 0.640 0.072 0.417 0.589 0.452 0.409 0.130 0.387 0.562 0.023 0.456 0.117 0.444 0.453 
 135   (0.234) 0.191 0.204 0.289 0.095 0.074 0.232 0.323 0.180 0.550 0.063 0.242 0.160 0.637 0.212 0.362 0.135 0.218 
 147   (0.083) 0.039 0.057 0.320 0.013 0.015 0.075 0.017 0.035 0.010 0.018 0.065 0.052 0.127 0.066 0.200 0.108 0.075 
 137   (0.011) 0.000 0.011 0.001 0.001 0.001 0.008 0.003 0.002 0.001 0.002 0.007 0.005 0.103 0.007 0.001 0.002 0.008 

Locus 7 : 7 
10 alleles
1.2% missing data
  93   (0.225) 0.333 0.284 0.065 0.351 0.615 0.205 0.116 0.330 0.798 0.304 0.199 0.170 0.112 0.191 0.408 0.218 0.200 
 103   (0.303) 0.403 0.291 0.514 0.378 0.081 0.314 0.319 0.368 0.040 0.123 0.321 0.446 0.017 0.350 0.278 0.531 0.336 
  91   (0.069) 0.034 0.056 0.156 0.056 0.007 0.067 0.016 0.017 0.010 0.056 0.064 0.050 0.060 0.062 0.007 0.038 0.069 
  97   (0.194) 0.164 0.117 0.253 0.088 0.027 0.206 0.366 0.049 0.126 0.253 0.198 0.165 0.262 0.200 0.164 0.158 0.204 
  85   (0.045) 0.046 0.048 0.003 0.009 0.005 0.046 0.128 0.011 0.006 0.010 0.044 0.029 0.003 0.042 0.007 0.013 0.043 
  89   (0.083) 0.019 0.065 0.005 0.080 0.257 0.070 0.033 0.195 0.011 0.239 0.062 0.055 0.302 0.063 0.128 0.029 0.067 
  83   (0.049) 0.001 0.131 0.003 0.033 0.005 0.065 0.016 0.024 0.006 0.010 0.087 0.044 0.003 0.063 0.004 0.009 0.055 
 105   (0.014) 0.000 0.004 0.001 0.003 0.001 0.013 0.002 0.003 0.002 0.003 0.014 0.007 0.091 0.012 0.001 0.002 0.012 
 101   (0.009) 0.000 0.002 0.001 0.001 0.001 0.006 0.001 0.002 0.001 0.001 0.005 0.030 0.125 0.011 0.001 0.001 0.007 
  99   (0.009) 0.000 0.002 0.001 0.001 0.001 0.008 0.002 0.002 0.001 0.001 0.006 0.004 0.025 0.006 0.001 0.001 0.008 

Locus 8 : 8 
8 alleles
0.0% missing data
 129   (0.553) 0.705 0.643 0.638 0.708 0.669 0.554 0.727 0.741 0.197 0.455 0.522 0.727 0.299 0.600 0.473 0.399 0.579 
 141   (0.054) 0.100 0.021 0.217 0.011 0.008 0.050 0.019 0.023 0.006 0.011 0.050 0.032 0.003 0.045 0.146 0.093 0.048 
 149   (0.078) 0.144 0.054 0.012 0.069 0.011 0.078 0.030 0.080 0.008 0.283 0.091 0.046 0.304 0.069 0.037 0.017 0.069 
 143   (0.262) 0.050 0.248 0.128 0.197 0.308 0.272 0.211 0.143 0.703 0.211 0.294 0.166 0.298 0.245 0.340 0.482 0.260 
 127   (0.018) 0.000 0.005 0.001 0.002 0.001 0.015 0.003 0.004 0.046 0.003 0.014 0.010 0.094 0.014 0.002 0.003 0.016 
 131   (0.012) 0.000 0.003 0.002 0.010 0.001 0.009 0.004 0.002 0.037 0.003 0.008 0.006 0.001 0.008 0.001 0.002 0.008 
 133   (0.017) 0.000 0.022 0.001 0.003 0.001 0.017 0.005 0.007 0.002 0.033 0.016 0.010 0.001 0.015 0.002 0.003 0.015 
 145   (0.006) 0.000 0.004 0.000 0.001 0.000 0.005 0.001 0.001 0.001 0.001 0.004 0.003 0.000 0.004 0.001 0.001 0.004 

Locus 9 : 9 
5 alleles
0.0% missing data
 191   (0.389) 0.566 0.352 0.547 0.330 0.847 0.390 0.323 0.158 0.339 0.594 0.412 0.411 0.339 0.398 0.603 0.485 0.383 
 195   (0.145) 0.188 0.131 0.050 0.339 0.032 0.140 0.353 0.086 0.356 0.034 0.150 0.091 0.331 0.123 0.036 0.245 0.130 
 189   (0.453) 0.243 0.504 0.402 0.329 0.120 0.461 0.321 0.754 0.303 0.370 0.431 0.493 0.329 0.472 0.360 0.268 0.479 
 197   (0.006) 0.000 0.011 0.000 0.001 0.001 0.004 0.001 0.001 0.001 0.001 0.003 0.002 0.000 0.003 0.001 0.001 0.004 
 193   (0.006) 0.002 0.002 0.000 0.001 0.001 0.004 0.002 0.001 0.001 0.002 0.004 0.003 0.000 0.004 0.001 0.001 0.004 

Locus 10 : 10 
7 alleles
0.4% missing data
 232   (0.249) 0.286 0.294 0.277 0.211 0.574 0.258 0.163 0.071 0.218 0.062 0.258 0.311 0.125 0.274 0.386 0.153 0.267 
 238   (0.559) 0.594 0.492 0.342 0.729 0.128 0.560 0.700 0.865 0.366 0.844 0.559 0.567 0.748 0.565 0.432 0.672 0.560 
 252   (0.107) 0.106 0.167 0.031 0.048 0.281 0.101 0.123 0.047 0.016 0.079 0.111 0.076 0.014 0.092 0.175 0.121 0.093 
 254   (0.047) 0.014 0.033 0.264 0.007 0.013 0.043 0.008 0.010 0.395 0.009 0.040 0.025 0.082 0.037 0.005 0.048 0.042 
 248   (0.018) 0.000 0.007 0.083 0.002 0.002 0.019 0.003 0.003 0.002 0.003 0.015 0.009 0.001 0.016 0.002 0.003 0.019 
 250   (0.013) 0.000 0.004 0.001 0.002 0.001 0.014 0.002 0.002 0.002 0.002 0.013 0.008 0.029 0.013 0.001 0.002 0.014 
 236   (0.006) 0.000 0.003 0.001 0.001 0.001 0.005 0.001 0.001 0.001 0.001 0.004 0.003 0.000 0.004 0.001 0.002 0.006 

Locus 11 : 11 
4 alleles
0.0% missing data
  87   (0.687) 0.643 0.683 0.531 0.859 0.341 0.692 0.878 0.797 0.964 0.868 0.699 0.770 0.494 0.710 0.553 0.641 0.695 
  89   (0.243) 0.304 0.224 0.386 0.116 0.632 0.247 0.089 0.184 0.029 0.084 0.241 0.190 0.152 0.236 0.363 0.346 0.249 
  91   (0.054) 0.053 0.078 0.081 0.023 0.024 0.048 0.030 0.016 0.006 0.013 0.048 0.032 0.183 0.043 0.083 0.011 0.043 
  85   (0.016) 0.000 0.016 0.001 0.002 0.002 0.013 0.003 0.003 0.002 0.035 0.011 0.009 0.171 0.011 0.001 0.003 0.013 

Locus 12 : 12 
13 alleles
0.4% missing data
 160   (0.214) 0.106 0.217 0.721 0.347 0.036 0.206 0.133 0.255 0.598 0.190 0.184 0.313 0.424 0.227 0.188 0.059 0.227 
 162   (0.246) 0.210 0.249 0.230 0.290 0.758 0.253 0.137 0.339 0.064 0.374 0.276 0.170 0.014 0.238 0.095 0.488 0.243 
 147   (0.050) 0.117 0.017 0.003 0.015 0.097 0.044 0.034 0.071 0.005 0.013 0.039 0.029 0.003 0.041 0.365 0.088 0.045 
 158   (0.232) 0.537 0.279 0.021 0.204 0.078 0.232 0.310 0.102 0.028 0.097 0.226 0.338 0.094 0.259 0.316 0.188 0.239 
 161   (0.108) 0.021 0.116 0.016 0.048 0.015 0.104 0.235 0.129 0.115 0.032 0.110 0.062 0.272 0.091 0.022 0.147 0.092 
 170   (0.050) 0.007 0.057 0.003 0.021 0.006 0.063 0.018 0.049 0.006 0.012 0.073 0.030 0.027 0.059 0.005 0.009 0.060 
 143   (0.031) 0.001 0.039 0.002 0.007 0.003 0.033 0.005 0.006 0.176 0.008 0.037 0.018 0.161 0.029 0.003 0.005 0.029 
 154   (0.016) 0.000 0.005 0.001 0.002 0.002 0.021 0.003 0.004 0.002 0.005 0.017 0.013 0.001 0.020 0.001 0.005 0.022 
 149   (0.022) 0.000 0.006 0.001 0.057 0.002 0.018 0.085 0.006 0.002 0.264 0.017 0.011 0.001 0.016 0.002 0.004 0.017 
 153   (0.011) 0.000 0.009 0.001 0.001 0.001 0.012 0.002 0.002 0.001 0.002 0.010 0.006 0.001 0.010 0.001 0.003 0.012 
 150   (0.006) 0.000 0.002 0.000 0.006 0.001 0.004 0.015 0.001 0.001 0.001 0.003 0.002 0.000 0.003 0.001 0.001 0.004 
 159   (0.008) 0.000 0.003 0.000 0.001 0.001 0.005 0.021 0.035 0.001 0.001 0.004 0.003 0.000 0.004 0.001 0.001 0.005 
 164   (0.006) 0.000 0.002 0.000 0.001 0.000 0.005 0.001 0.001 0.001 0.001 0.004 0.003 0.000 0.004 0.001 0.001 0.005 

Locus 13 : 13 
5 alleles
0.0% missing data
 108   (0.200) 0.163 0.279 0.199 0.071 0.409 0.194 0.168 0.131 0.336 0.049 0.171 0.256 0.298 0.205 0.154 0.142 0.217 
 115   (0.451) 0.582 0.475 0.283 0.579 0.528 0.458 0.446 0.494 0.089 0.712 0.462 0.322 0.378 0.424 0.323 0.503 0.444 
 113   (0.336) 0.255 0.243 0.517 0.348 0.062 0.338 0.384 0.373 0.573 0.237 0.357 0.411 0.324 0.361 0.522 0.353 0.329 
 109   (0.006) 0.000 0.002 0.000 0.001 0.001 0.005 0.001 0.001 0.001 0.001 0.004 0.007 0.000 0.005 0.001 0.001 0.005 
 110   (0.006) 0.000 0.002 0.000 0.001 0.000 0.005 0.001 0.001 0.001 0.001 0.006 0.003 0.000 0.004 0.001 0.001 0.005 

Locus 14 : 14 
5 alleles
1.2% missing data
 227   (0.139) 0.259 0.075 0.016 0.338 0.061 0.140 0.310 0.286 0.256 0.053 0.143 0.106 0.008 0.131 0.330 0.037 0.138 
 231   (0.156) 0.093 0.149 0.353 0.028 0.027 0.160 0.034 0.041 0.273 0.037 0.148 0.103 0.357 0.146 0.110 0.466 0.169 
 229   (0.504) 0.463 0.681 0.414 0.523 0.863 0.500 0.534 0.452 0.091 0.864 0.502 0.660 0.468 0.541 0.429 0.283 0.498 
 225   (0.138) 0.088 0.070 0.213 0.050 0.019 0.140 0.105 0.203 0.226 0.032 0.138 0.094 0.059 0.128 0.024 0.140 0.142 
 233   (0.063) 0.096 0.025 0.004 0.060 0.030 0.060 0.018 0.018 0.154 0.014 0.069 0.036 0.108 0.053 0.108 0.074 0.053 

Locus 15 : 15 
5 alleles
0.4% missing data
 143   (0.841) 0.970 0.888 0.816 0.901 0.983 0.844 0.754 0.944 0.718 0.938 0.848 0.874 0.620 0.850 0.978 0.875 0.841 
 157   (0.007) 0.018 0.002 0.000 0.001 0.001 0.004 0.001 0.001 0.001 0.001 0.003 0.003 0.000 0.003 0.001 0.001 0.004 
 145   (0.089) 0.010 0.047 0.006 0.080 0.010 0.091 0.052 0.036 0.274 0.048 0.088 0.084 0.185 0.091 0.015 0.113 0.090 
 147   (0.048) 0.001 0.023 0.145 0.016 0.005 0.051 0.189 0.016 0.006 0.010 0.051 0.032 0.194 0.047 0.005 0.008 0.053 
 133   (0.014) 0.000 0.041 0.032 0.002 0.002 0.011 0.004 0.003 0.001 0.002 0.009 0.008 0.001 0.009 0.001 0.002 0.011 

Locus 16 : 16 
5 alleles
0.2% missing data
 156   (0.226) 0.307 0.400 0.504 0.224 0.197 0.211 0.275 0.178 0.517 0.052 0.220 0.153 0.161 0.194 0.084 0.329 0.205 
 158   (0.540) 0.497 0.453 0.195 0.686 0.316 0.564 0.599 0.579 0.251 0.613 0.576 0.586 0.312 0.572 0.722 0.465 0.556 
 160   (0.140) 0.152 0.100 0.113 0.058 0.475 0.134 0.101 0.193 0.016 0.310 0.119 0.098 0.118 0.125 0.184 0.149 0.143 
 154   (0.085) 0.044 0.044 0.188 0.018 0.011 0.086 0.024 0.030 0.215 0.023 0.080 0.159 0.408 0.104 0.009 0.056 0.091 
 152   (0.009) 0.000 0.002 0.001 0.013 0.001 0.006 0.001 0.020 0.001 0.001 0.005 0.004 0.000 0.004 0.001 0.001 0.005 

Locus 17 : 17 
5 alleles
0.0% missing data
 102   (0.201) 0.250 0.092 0.198 0.072 0.093 0.199 0.241 0.443 0.024 0.335 0.213 0.178 0.038 0.198 0.151 0.183 0.182 
  90   (0.681) 0.721 0.827 0.794 0.907 0.607 0.677 0.721 0.518 0.576 0.374 0.655 0.653 0.321 0.664 0.820 0.794 0.684 
  88   (0.069) 0.028 0.031 0.005 0.010 0.295 0.079 0.014 0.023 0.007 0.282 0.085 0.044 0.470 0.073 0.025 0.013 0.080 
 100   (0.042) 0.001 0.048 0.003 0.010 0.004 0.041 0.007 0.012 0.392 0.008 0.043 0.122 0.171 0.063 0.004 0.009 0.050 
 104   (0.006) 0.000 0.002 0.000 0.001 0.001 0.004 0.016 0.004 0.001 0.001 0.003 0.003 0.000 0.003 0.001 0.001 0.004 

Locus 18 : 18 
7 alleles
0.0% missing data
 142   (0.123) 0.425 0.178 0.008 0.051 0.796 0.133 0.136 0.058 0.015 0.081 0.148 0.088 0.018 0.126 0.385 0.023 0.122 
 146   (0.074) 0.195 0.061 0.227 0.025 0.033 0.072 0.019 0.251 0.008 0.103 0.089 0.045 0.004 0.064 0.024 0.085 0.060 
 140   (0.295) 0.084 0.229 0.178 0.200 0.046 0.285 0.429 0.197 0.277 0.529 0.270 0.349 0.298 0.303 0.415 0.504 0.299 
 127   (0.300) 0.223 0.409 0.057 0.422 0.074 0.306 0.180 0.282 0.548 0.176 0.289 0.407 0.385 0.330 0.103 0.229 0.324 
 148   (0.099) 0.054 0.035 0.217 0.069 0.035 0.098 0.049 0.153 0.011 0.026 0.091 0.052 0.067 0.085 0.048 0.115 0.096 
 150   (0.055) 0.001 0.051 0.310 0.209 0.006 0.053 0.114 0.031 0.005 0.069 0.065 0.031 0.225 0.046 0.005 0.012 0.044 
 138   (0.054) 0.018 0.037 0.004 0.025 0.011 0.053 0.072 0.029 0.136 0.016 0.047 0.029 0.003 0.047 0.020 0.031 0.056 

Locus 19 : 19 
8 alleles
0.2% missing data
 188   (0.183) 0.095 0.188 0.169 0.119 0.570 0.195 0.316 0.090 0.019 0.044 0.198 0.142 0.011 0.185 0.173 0.066 0.195 
 190   (0.125) 0.421 0.101 0.200 0.238 0.014 0.100 0.207 0.066 0.013 0.402 0.090 0.125 0.041 0.101 0.332 0.244 0.095 
 194   (0.573) 0.482 0.638 0.479 0.570 0.407 0.591 0.455 0.565 0.956 0.181 0.601 0.654 0.553 0.609 0.484 0.599 0.593 
 202   (0.017) 0.000 0.005 0.146 0.002 0.001 0.014 0.003 0.003 0.002 0.003 0.013 0.008 0.042 0.011 0.001 0.003 0.013 
 200   (0.083) 0.002 0.055 0.005 0.069 0.007 0.088 0.016 0.271 0.008 0.367 0.088 0.062 0.315 0.082 0.008 0.082 0.090 
 192   (0.006) 0.000 0.002 0.000 0.001 0.000 0.005 0.001 0.001 0.001 0.001 0.004 0.003 0.000 0.004 0.001 0.003 0.005 
 196   (0.006) 0.000 0.008 0.000 0.001 0.000 0.005 0.001 0.001 0.001 0.001 0.004 0.003 0.000 0.004 0.001 0.001 0.004 
 198   (0.007) 0.000 0.002 0.000 0.001 0.000 0.004 0.001 0.001 0.001 0.001 0.003 0.002 0.038 0.003 0.001 0.001 0.004 

Locus 20 : 20 
6 alleles
0.8% missing data
 252   (0.700) 0.852 0.838 0.728 0.740 0.817 0.726 0.770 0.841 0.384 0.539 0.738 0.655 0.073 0.715 0.714 0.747 0.727 
 250   (0.084) 0.100 0.028 0.142 0.026 0.010 0.076 0.184 0.028 0.350 0.142 0.067 0.067 0.429 0.072 0.048 0.068 0.080 
 244   (0.022) 0.007 0.009 0.001 0.010 0.150 0.017 0.005 0.007 0.005 0.007 0.015 0.015 0.047 0.015 0.002 0.007 0.016 
 254   (0.078) 0.031 0.063 0.081 0.135 0.010 0.074 0.018 0.092 0.099 0.018 0.081 0.043 0.243 0.063 0.010 0.056 0.063 
 246   (0.094) 0.004 0.054 0.046 0.086 0.010 0.087 0.018 0.024 0.160 0.290 0.078 0.064 0.207 0.081 0.223 0.119 0.088 
 248   (0.021) 0.006 0.008 0.001 0.003 0.003 0.022 0.004 0.008 0.002 0.004 0.022 0.156 0.001 0.055 0.002 0.004 0.027 

Locus 21 : 21 
7 alleles
0.2% missing data
 173   (0.292) 0.374 0.357 0.211 0.564 0.151 0.282 0.574 0.480 0.120 0.070 0.290 0.191 0.207 0.257 0.141 0.311 0.265 
 177   (0.265) 0.273 0.203 0.166 0.226 0.178 0.275 0.248 0.246 0.272 0.506 0.285 0.474 0.039 0.325 0.636 0.081 0.289 
 175   (0.142) 0.024 0.126 0.258 0.079 0.017 0.133 0.065 0.085 0.486 0.038 0.129 0.095 0.505 0.121 0.026 0.323 0.127 
 167   (0.194) 0.323 0.268 0.122 0.114 0.642 0.192 0.088 0.159 0.110 0.089 0.185 0.147 0.069 0.178 0.182 0.141 0.194 
 163   (0.038) 0.002 0.021 0.229 0.008 0.004 0.037 0.011 0.011 0.004 0.008 0.035 0.028 0.108 0.035 0.004 0.015 0.037 
 165   (0.049) 0.003 0.020 0.013 0.007 0.005 0.049 0.010 0.013 0.006 0.285 0.048 0.052 0.070 0.052 0.009 0.126 0.051 
 159   (0.020) 0.000 0.005 0.001 0.002 0.002 0.031 0.004 0.006 0.002 0.004 0.027 0.013 0.001 0.031 0.002 0.003 0.037 

Locus 22 : 22 
11 alleles
0.6% missing data
 146   (0.231) 0.230 0.206 0.137 0.330 0.837 0.250 0.123 0.348 0.071 0.286 0.272 0.149 0.014 0.225 0.222 0.168 0.240 
 154   (0.007) 0.071 0.002 0.000 0.001 0.001 0.004 0.001 0.001 0.001 0.001 0.003 0.003 0.000 0.003 0.002 0.001 0.004 
 166   (0.092) 0.028 0.043 0.006 0.022 0.010 0.103 0.024 0.043 0.112 0.022 0.108 0.095 0.005 0.108 0.266 0.077 0.102 
 152   (0.423) 0.639 0.558 0.366 0.572 0.123 0.395 0.765 0.528 0.506 0.605 0.371 0.595 0.097 0.436 0.444 0.510 0.406 
 150   (0.029) 0.006 0.009 0.002 0.005 0.004 0.030 0.012 0.014 0.111 0.007 0.039 0.024 0.103 0.030 0.007 0.005 0.026 
 164   (0.035) 0.011 0.028 0.002 0.007 0.005 0.029 0.009 0.010 0.005 0.007 0.026 0.019 0.068 0.024 0.042 0.058 0.028 
 156   (0.019) 0.000 0.005 0.306 0.008 0.002 0.013 0.021 0.004 0.002 0.004 0.011 0.008 0.113 0.011 0.002 0.004 0.012 
 162   (0.053) 0.001 0.038 0.071 0.010 0.005 0.060 0.020 0.025 0.007 0.019 0.054 0.028 0.138 0.055 0.005 0.041 0.066 
 158   (0.088) 0.014 0.104 0.108 0.017 0.012 0.096 0.022 0.022 0.010 0.045 0.094 0.064 0.434 0.090 0.009 0.133 0.099 
 148   (0.009) 0.000 0.003 0.000 0.001 0.001 0.006 0.001 0.001 0.174 0.001 0.005 0.004 0.000 0.005 0.001 0.001 0.006 
 142   (0.014) 0.000 0.004 0.001 0.026 0.001 0.013 0.002 0.003 0.001 0.003 0.016 0.012 0.028 0.012 0.001 0.002 0.011 

Locus 23 : 23 
7 alleles
0.8% missing data
 152   (0.013) 0.063 0.003 0.001 0.002 0.001 0.008 0.002 0.003 0.001 0.002 0.007 0.006 0.001 0.007 0.090 0.002 0.008 
 156   (0.119) 0.033 0.257 0.028 0.026 0.012 0.113 0.099 0.049 0.014 0.027 0.110 0.229 0.433 0.137 0.086 0.126 0.115 
 144   (0.178) 0.186 0.103 0.643 0.321 0.026 0.167 0.253 0.178 0.607 0.049 0.156 0.118 0.244 0.152 0.153 0.197 0.168 
 160   (0.105) 0.181 0.047 0.106 0.059 0.012 0.091 0.170 0.147 0.013 0.323 0.081 0.214 0.012 0.119 0.293 0.137 0.094 
 154   (0.549) 0.535 0.578 0.220 0.587 0.924 0.585 0.469 0.609 0.360 0.592 0.610 0.411 0.171 0.552 0.374 0.528 0.577 
 158   (0.028) 0.003 0.009 0.002 0.004 0.024 0.029 0.006 0.013 0.003 0.006 0.030 0.017 0.140 0.027 0.003 0.009 0.031 
 146   (0.008) 0.000 0.004 0.000 0.001 0.001 0.007 0.001 0.001 0.001 0.001 0.006 0.004 0.000 0.006 0.001 0.001 0.007 

Locus 24 : 24 
4 alleles
0.4% missing data
  77   (0.082) 0.333 0.114 0.048 0.050 0.032 0.071 0.048 0.160 0.009 0.032 0.060 0.046 0.005 0.061 0.026 0.088 0.069 
  83   (0.465) 0.485 0.391 0.922 0.430 0.227 0.449 0.514 0.352 0.690 0.764 0.437 0.466 0.588 0.451 0.590 0.609 0.458 
  81   (0.366) 0.162 0.344 0.024 0.420 0.729 0.394 0.290 0.427 0.291 0.181 0.416 0.436 0.378 0.411 0.346 0.266 0.391 
  85   (0.088) 0.019 0.150 0.006 0.100 0.012 0.085 0.147 0.061 0.010 0.022 0.087 0.052 0.029 0.078 0.038 0.037 0.082 

Locus 25 : 25 
6 alleles
0.4% missing data
 132   (0.315) 0.536 0.223 0.456 0.429 0.910 0.338 0.207 0.239 0.180 0.204 0.351 0.230 0.021 0.315 0.131 0.460 0.344 
 124   (0.532) 0.391 0.718 0.534 0.444 0.066 0.517 0.655 0.591 0.414 0.758 0.500 0.656 0.468 0.549 0.827 0.416 0.521 
 126   (0.025) 0.058 0.008 0.001 0.003 0.003 0.021 0.005 0.005 0.003 0.005 0.017 0.013 0.011 0.017 0.028 0.005 0.020 
 122   (0.096) 0.014 0.039 0.006 0.119 0.018 0.096 0.125 0.157 0.107 0.027 0.107 0.085 0.476 0.094 0.011 0.100 0.088 
 120   (0.018) 0.000 0.007 0.001 0.002 0.002 0.016 0.003 0.004 0.294 0.003 0.014 0.009 0.022 0.013 0.002 0.004 0.015 
 136   (0.014) 0.001 0.004 0.001 0.002 0.001 0.013 0.005 0.005 0.002 0.003 0.011 0.007 0.002 0.011 0.002 0.015 0.012 

Locus 26 : 26 
7 alleles
0.2% missing data
 165   (0.247) 0.115 0.226 0.053 0.378 0.687 0.239 0.107 0.221 0.323 0.209 0.233 0.306 0.113 0.250 0.157 0.339 0.237 
 183   (0.352) 0.586 0.329 0.424 0.339 0.200 0.345 0.377 0.242 0.293 0.632 0.322 0.406 0.209 0.360 0.459 0.465 0.370 
 179   (0.088) 0.055 0.069 0.005 0.038 0.016 0.083 0.027 0.165 0.345 0.042 0.078 0.057 0.283 0.075 0.105 0.018 0.077 
 175   (0.245) 0.242 0.206 0.453 0.236 0.090 0.270 0.477 0.349 0.031 0.106 0.312 0.187 0.015 0.258 0.274 0.150 0.248 
 181   (0.052) 0.001 0.165 0.065 0.007 0.005 0.051 0.009 0.021 0.007 0.009 0.045 0.037 0.264 0.048 0.005 0.025 0.057 
 185   (0.010) 0.000 0.003 0.001 0.001 0.001 0.007 0.002 0.002 0.001 0.001 0.006 0.004 0.115 0.005 0.001 0.001 0.007 
 157   (0.006) 0.000 0.002 0.000 0.001 0.001 0.005 0.001 0.001 0.001 0.001 0.004 0.003 0.000 0.004 0.001 0.001 0.005 

Locus 27 : 27 
4 alleles
0.2% missing data
 142   (0.642) 0.704 0.589 0.742 0.834 0.336 0.653 0.761 0.641 0.306 0.722 0.659 0.732 0.521 0.671 0.606 0.683 0.664 
 148   (0.205) 0.075 0.228 0.064 0.065 0.378 0.205 0.174 0.115 0.677 0.051 0.208 0.160 0.267 0.201 0.177 0.246 0.200 
 138   (0.045) 0.212 0.020 0.003 0.029 0.275 0.037 0.012 0.015 0.006 0.022 0.031 0.039 0.048 0.035 0.205 0.017 0.036 
 150   (0.108) 0.010 0.163 0.190 0.072 0.011 0.105 0.053 0.228 0.012 0.204 0.102 0.068 0.164 0.093 0.011 0.053 0.100 

Locus 28 : 28 
6 alleles
0.8% missing data
 260   (0.385) 0.341 0.213 0.377 0.550 0.277 0.402 0.410 0.520 0.132 0.499 0.421 0.464 0.217 0.424 0.498 0.298 0.407 
 262   (0.507) 0.654 0.698 0.550 0.385 0.710 0.490 0.433 0.396 0.855 0.471 0.483 0.468 0.696 0.478 0.491 0.662 0.482 
 256   (0.076) 0.005 0.065 0.072 0.044 0.010 0.080 0.087 0.073 0.010 0.024 0.072 0.053 0.085 0.075 0.008 0.035 0.084 
 258   (0.010) 0.000 0.003 0.001 0.001 0.001 0.012 0.002 0.002 0.001 0.002 0.011 0.006 0.001 0.011 0.001 0.002 0.012 
 266   (0.006) 0.000 0.002 0.000 0.013 0.000 0.004 0.001 0.002 0.001 0.001 0.003 0.003 0.000 0.003 0.001 0.001 0.004 
 264   (0.015) 0.000 0.020 0.001 0.007 0.001 0.012 0.068 0.008 0.001 0.003 0.010 0.007 0.001 0.010 0.001 0.002 0.011 

Locus 29 : 29 
7 alleles
0.2% missing data
 146   (0.280) 0.164 0.250 0.334 0.145 0.082 0.281 0.462 0.190 0.035 0.481 0.268 0.514 0.324 0.338 0.286 0.350 0.303 
 150   (0.437) 0.712 0.601 0.288 0.600 0.160 0.447 0.382 0.557 0.139 0.167 0.472 0.322 0.239 0.417 0.440 0.406 0.427 
 140   (0.177) 0.079 0.111 0.057 0.146 0.694 0.176 0.130 0.223 0.815 0.115 0.173 0.109 0.392 0.160 0.033 0.168 0.171 
 148   (0.062) 0.037 0.021 0.318 0.046 0.059 0.054 0.013 0.017 0.007 0.154 0.049 0.033 0.035 0.048 0.226 0.049 0.051 
 152   (0.027) 0.001 0.011 0.002 0.061 0.003 0.032 0.010 0.007 0.003 0.065 0.029 0.014 0.009 0.028 0.003 0.004 0.037 
 151   (0.009) 0.005 0.003 0.001 0.001 0.002 0.006 0.001 0.004 0.001 0.005 0.005 0.004 0.000 0.005 0.011 0.002 0.006 
 142   (0.008) 0.001 0.003 0.000 0.001 0.001 0.005 0.001 0.001 0.001 0.013 0.004 0.003 0.000 0.004 0.001 0.020 0.005 

Locus 30 : 30 
6 alleles
0.2% missing data
 125   (0.285) 0.477 0.351 0.029 0.074 0.631 0.297 0.076 0.102 0.137 0.092 0.290 0.435 0.139 0.338 0.296 0.310 0.305 
 129   (0.430) 0.475 0.393 0.789 0.601 0.307 0.423 0.663 0.572 0.210 0.466 0.422 0.289 0.078 0.390 0.644 0.418 0.423 
 123   (0.153) 0.045 0.186 0.100 0.275 0.048 0.148 0.236 0.192 0.018 0.096 0.154 0.199 0.110 0.154 0.049 0.106 0.145 
 127   (0.085) 0.002 0.042 0.079 0.036 0.010 0.081 0.015 0.065 0.591 0.337 0.070 0.049 0.532 0.072 0.008 0.156 0.083 
 121   (0.012) 0.000 0.005 0.001 0.002 0.001 0.011 0.002 0.002 0.040 0.002 0.010 0.006 0.001 0.009 0.001 0.003 0.011 
 131   (0.035) 0.001 0.023 0.002 0.012 0.003 0.041 0.008 0.066 0.004 0.007 0.053 0.023 0.140 0.038 0.003 0.007 0.033 

Locus 31 : 31 
6 alleles
0.2% missing data
 159   (0.175) 0.139 0.291 0.011 0.186 0.062 0.166 0.393 0.301 0.020 0.047 0.173 0.102 0.201 0.146 0.115 0.298 0.156 
 155   (0.544) 0.689 0.459 0.708 0.608 0.590 0.565 0.240 0.287 0.524 0.490 0.575 0.714 0.421 0.613 0.846 0.422 0.574 
 157   (0.181) 0.091 0.204 0.019 0.178 0.300 0.177 0.117 0.337 0.114 0.443 0.167 0.125 0.060 0.160 0.030 0.255 0.180 
 153   (0.063) 0.079 0.023 0.004 0.023 0.043 0.059 0.243 0.068 0.095 0.013 0.057 0.041 0.309 0.054 0.006 0.012 0.058 
 151   (0.031) 0.002 0.020 0.256 0.004 0.004 0.028 0.006 0.007 0.246 0.007 0.024 0.016 0.010 0.024 0.003 0.012 0.028 
 163   (0.006) 0.001 0.002 0.000 0.002 0.001 0.005 0.001 0.001 0.001 0.001 0.004 0.003 0.000 0.004 0.001 0.001 0.004 

Locus 32 : 32 
5 alleles
0.0% missing data
 146   (0.323) 0.063 0.362 0.312 0.351 0.065 0.326 0.403 0.269 0.585 0.209 0.328 0.415 0.653 0.350 0.051 0.263 0.331 
 150   (0.566) 0.860 0.598 0.640 0.617 0.924 0.565 0.511 0.680 0.402 0.408 0.567 0.499 0.249 0.548 0.877 0.510 0.561 
 148   (0.059) 0.075 0.017 0.044 0.011 0.006 0.057 0.016 0.024 0.007 0.369 0.046 0.055 0.032 0.055 0.065 0.121 0.062 
 154   (0.038) 0.001 0.017 0.002 0.007 0.004 0.039 0.008 0.012 0.004 0.008 0.043 0.023 0.065 0.036 0.005 0.104 0.035 
 152   (0.014) 0.000 0.005 0.001 0.014 0.001 0.013 0.062 0.014 0.001 0.006 0.016 0.007 0.001 0.011 0.001 0.002 0.011 

Locus 33 : 33 
7 alleles
0.0% missing data
 180   (0.463) 0.610 0.412 0.673 0.402 0.424 0.480 0.171 0.408 0.699 0.515 0.480 0.476 0.357 0.482 0.369 0.532 0.483 
 196   (0.115) 0.189 0.106 0.007 0.130 0.118 0.113 0.225 0.101 0.013 0.025 0.117 0.095 0.025 0.109 0.201 0.050 0.106 
 184   (0.198) 0.146 0.203 0.070 0.344 0.431 0.178 0.470 0.079 0.264 0.084 0.167 0.149 0.186 0.169 0.126 0.277 0.183 
 194   (0.010) 0.039 0.003 0.001 0.001 0.001 0.006 0.002 0.002 0.001 0.002 0.005 0.004 0.001 0.005 0.036 0.002 0.006 
 192   (0.135) 0.005 0.204 0.182 0.106 0.015 0.145 0.114 0.291 0.014 0.356 0.143 0.075 0.166 0.130 0.013 0.097 0.149 
 198   (0.063) 0.011 0.052 0.066 0.010 0.009 0.066 0.013 0.020 0.007 0.015 0.077 0.194 0.266 0.096 0.253 0.020 0.062 
 190   (0.016) 0.000 0.019 0.001 0.006 0.001 0.012 0.005 0.100 0.001 0.003 0.010 0.007 0.001 0.009 0.002 0.022 0.011 

Locus 34 : 34 
6 alleles
0.0% missing data
 110   (0.188) 0.371 0.109 0.070 0.076 0.270 0.184 0.052 0.202 0.215 0.155 0.176 0.308 0.109 0.216 0.158 0.226 0.191 
 112   (0.349) 0.515 0.330 0.055 0.383 0.068 0.379 0.444 0.307 0.039 0.430 0.385 0.255 0.047 0.355 0.744 0.288 0.387 
 106   (0.277) 0.088 0.405 0.713 0.433 0.584 0.255 0.418 0.369 0.222 0.149 0.270 0.292 0.247 0.257 0.077 0.414 0.235 
  90   (0.038) 0.018 0.037 0.002 0.006 0.062 0.032 0.008 0.030 0.405 0.233 0.031 0.024 0.002 0.028 0.006 0.008 0.031 
 108   (0.138) 0.007 0.115 0.113 0.100 0.016 0.143 0.077 0.090 0.118 0.031 0.131 0.118 0.594 0.138 0.014 0.063 0.148 
  96   (0.010) 0.000 0.004 0.046 0.001 0.001 0.008 0.001 0.002 0.001 0.003 0.006 0.004 0.001 0.006 0.001 0.002 0.007 

Locus 35 : 35 
9 alleles
0.0% missing data
 166   (0.057) 0.290 0.019 0.004 0.153 0.009 0.051 0.035 0.034 0.007 0.120 0.059 0.034 0.003 0.045 0.191 0.053 0.043 
 176   (0.098) 0.130 0.132 0.015 0.014 0.022 0.094 0.021 0.027 0.012 0.032 0.085 0.066 0.098 0.084 0.383 0.225 0.093 
 172   (0.321) 0.452 0.189 0.586 0.428 0.449 0.325 0.419 0.436 0.040 0.249 0.346 0.561 0.164 0.384 0.203 0.131 0.333 
 170   (0.278) 0.121 0.261 0.327 0.222 0.485 0.264 0.293 0.193 0.616 0.202 0.246 0.169 0.350 0.240 0.157 0.522 0.270 
 174   (0.131) 0.005 0.323 0.061 0.152 0.012 0.137 0.034 0.255 0.015 0.371 0.139 0.083 0.042 0.124 0.015 0.047 0.122 
 178   (0.038) 0.001 0.023 0.002 0.009 0.016 0.048 0.053 0.015 0.005 0.009 0.042 0.036 0.002 0.048 0.043 0.007 0.052 
 168   (0.053) 0.001 0.047 0.003 0.020 0.005 0.058 0.017 0.022 0.304 0.012 0.065 0.040 0.323 0.055 0.005 0.012 0.058 
 186   (0.017) 0.000 0.004 0.001 0.002 0.001 0.019 0.128 0.018 0.002 0.003 0.015 0.009 0.018 0.016 0.002 0.003 0.025 
 158   (0.006) 0.000 0.002 0.000 0.001 0.000 0.006 0.001 0.001 0.001 0.001 0.005 0.003 0.000 0.005 0.001 0.001 0.005 

Locus 36 : 36 
6 alleles
0.0% missing data
  89   (0.572) 0.663 0.543 0.509 0.557 0.230 0.586 0.777 0.745 0.373 0.646 0.600 0.595 0.603 0.599 0.709 0.490 0.595 
  95   (0.061) 0.082 0.022 0.005 0.132 0.038 0.055 0.016 0.045 0.007 0.015 0.053 0.038 0.027 0.050 0.022 0.084 0.051 
  85   (0.162) 0.226 0.215 0.234 0.171 0.263 0.154 0.162 0.061 0.495 0.286 0.160 0.101 0.014 0.137 0.226 0.150 0.142 
  81   (0.062) 0.005 0.145 0.004 0.028 0.008 0.066 0.013 0.031 0.008 0.014 0.059 0.037 0.004 0.057 0.006 0.182 0.068 
  83   (0.124) 0.024 0.069 0.247 0.103 0.458 0.122 0.029 0.114 0.014 0.035 0.114 0.220 0.327 0.143 0.035 0.090 0.129 
  91   (0.019) 0.000 0.005 0.001 0.009 0.002 0.016 0.004 0.004 0.104 0.004 0.014 0.009 0.026 0.013 0.002 0.003 0.015 

Locus 37 : 37 
10 alleles
0.0% missing data
 161   (0.345) 0.578 0.532 0.375 0.266 0.086 0.327 0.118 0.325 0.431 0.425 0.310 0.372 0.710 0.336 0.537 0.397 0.330 
 165   (0.233) 0.164 0.139 0.098 0.340 0.060 0.240 0.249 0.169 0.132 0.090 0.244 0.339 0.112 0.265 0.269 0.182 0.245 
 159   (0.013) 0.036 0.003 0.001 0.004 0.001 0.012 0.002 0.003 0.001 0.002 0.018 0.008 0.001 0.011 0.009 0.002 0.009 
 173   (0.255) 0.126 0.197 0.516 0.187 0.162 0.262 0.429 0.368 0.224 0.418 0.271 0.165 0.169 0.241 0.085 0.388 0.259 
 169   (0.101) 0.087 0.109 0.006 0.124 0.685 0.101 0.184 0.109 0.206 0.054 0.103 0.084 0.006 0.097 0.095 0.021 0.099 
 167   (0.017) 0.009 0.008 0.002 0.003 0.002 0.018 0.003 0.019 0.002 0.004 0.022 0.011 0.001 0.017 0.002 0.003 0.016 
 168   (0.011) 0.000 0.003 0.001 0.001 0.001 0.012 0.002 0.002 0.001 0.002 0.010 0.006 0.001 0.011 0.001 0.002 0.012 
 155   (0.013) 0.000 0.005 0.001 0.002 0.001 0.019 0.002 0.003 0.001 0.002 0.015 0.008 0.001 0.016 0.001 0.002 0.022 
 177   (0.006) 0.000 0.003 0.000 0.001 0.000 0.005 0.001 0.002 0.001 0.002 0.004 0.003 0.000 0.004 0.001 0.001 0.004 
 175   (0.007) 0.000 0.002 0.000 0.074 0.001 0.004 0.009 0.001 0.001 0.001 0.003 0.003 0.000 0.003 0.001 0.001 0.004 

Locus 38 : 38 
6 alleles
0.6% missing data
  87   (0.094) 0.170 0.058 0.129 0.029 0.012 0.077 0.024 0.136 0.556 0.020 0.068 0.078 0.441 0.075 0.138 0.112 0.077 
  89   (0.441) 0.589 0.542 0.090 0.680 0.752 0.465 0.418 0.459 0.051 0.399 0.483 0.430 0.225 0.462 0.676 0.212 0.467 
  91   (0.161) 0.131 0.166 0.186 0.043 0.194 0.158 0.080 0.166 0.208 0.086 0.165 0.296 0.099 0.190 0.024 0.208 0.159 
  81   (0.117) 0.081 0.060 0.115 0.069 0.012 0.121 0.064 0.051 0.013 0.440 0.125 0.084 0.007 0.115 0.081 0.219 0.115 
  85   (0.181) 0.027 0.172 0.479 0.178 0.029 0.174 0.414 0.185 0.171 0.053 0.155 0.109 0.227 0.155 0.080 0.247 0.178 
  83   (0.006) 0.003 0.002 0.000 0.001 0.001 0.004 0.001 0.001 0.001 0.002 0.003 0.003 0.000 0.003 0.001 0.001 0.004 

Locus 39 : 39 
4 alleles
0.6% missing data
 167   (0.787) 0.911 0.879 0.859 0.680 0.933 0.781 0.936 0.867 0.684 0.803 0.786 0.857 0.391 0.795 0.924 0.949 0.778 
 161   (0.177) 0.088 0.105 0.138 0.226 0.060 0.184 0.057 0.104 0.312 0.184 0.174 0.122 0.460 0.174 0.072 0.045 0.191 
 165   (0.030) 0.001 0.014 0.002 0.094 0.006 0.030 0.006 0.027 0.003 0.011 0.036 0.016 0.149 0.026 0.003 0.006 0.026 
 177   (0.006) 0.000 0.002 0.001 0.001 0.000 0.005 0.001 0.002 0.001 0.001 0.004 0.004 0.000 0.005 0.001 0.001 0.005 

Locus 40 : 40 
6 alleles
0.4% missing data
 228   (0.416) 0.521 0.388 0.230 0.460 0.729 0.400 0.675 0.454 0.550 0.636 0.408 0.459 0.116 0.409 0.656 0.442 0.388 
 238   (0.337) 0.323 0.440 0.116 0.347 0.067 0.364 0.198 0.309 0.080 0.084 0.371 0.275 0.068 0.349 0.267 0.265 0.367 
 224   (0.023) 0.092 0.006 0.001 0.003 0.003 0.016 0.004 0.005 0.002 0.228 0.013 0.012 0.010 0.013 0.048 0.014 0.015 
 236   (0.105) 0.061 0.051 0.390 0.041 0.190 0.099 0.026 0.100 0.354 0.025 0.095 0.065 0.286 0.090 0.017 0.115 0.097 
 232   (0.011) 0.000 0.042 0.001 0.002 0.001 0.009 0.002 0.002 0.001 0.002 0.007 0.007 0.001 0.008 0.002 0.002 0.009 
 240   (0.107) 0.002 0.073 0.262 0.147 0.011 0.112 0.096 0.130 0.012 0.025 0.106 0.183 0.519 0.130 0.010 0.162 0.124 

Locus 41 : 41 
7 alleles
0.0% missing data
 128   (0.114) 0.138 0.146 0.031 0.297 0.232 0.103 0.044 0.135 0.012 0.243 0.111 0.170 0.006 0.117 0.065 0.070 0.100 
 130   (0.533) 0.612 0.553 0.782 0.384 0.695 0.544 0.477 0.538 0.060 0.509 0.548 0.599 0.737 0.563 0.586 0.516 0.541 
 114   (0.052) 0.111 0.029 0.003 0.007 0.032 0.050 0.011 0.015 0.499 0.010 0.042 0.029 0.003 0.044 0.040 0.077 0.049 
 132   (0.123) 0.131 0.149 0.046 0.161 0.019 0.122 0.410 0.126 0.014 0.028 0.116 0.079 0.007 0.109 0.290 0.152 0.133 
 118   (0.060) 0.002 0.048 0.130 0.095 0.008 0.057 0.019 0.110 0.204 0.029 0.060 0.034 0.071 0.051 0.006 0.011 0.055 
 134   (0.112) 0.006 0.073 0.007 0.054 0.013 0.118 0.037 0.074 0.209 0.180 0.118 0.084 0.174 0.112 0.012 0.172 0.117 
 136   (0.006) 0.000 0.002 0.000 0.001 0.001 0.005 0.001 0.001 0.001 0.001 0.004 0.003 0.000 0.004 0.001 0.001 0.005 

Locus 42 : 42 
6 alleles
1.2% missing data
 102   (0.271) 0.417 0.161 0.478 0.289 0.075 0.263 0.450 0.364 0.574 0.220 0.259 0.226 0.015 0.254 0.444 0.414 0.267 
 104   (0.405) 0.195 0.405 0.412 0.556 0.098 0.442 0.264 0.510 0.050 0.690 0.464 0.434 0.229 0.451 0.140 0.322 0.442 
  92   (0.108) 0.105 0.237 0.007 0.026 0.013 0.101 0.146 0.051 0.051 0.033 0.100 0.068 0.317 0.091 0.291 0.085 0.096 
  96   (0.072) 0.060 0.081 0.004 0.027 0.716 0.062 0.014 0.019 0.094 0.017 0.058 0.176 0.176 0.087 0.052 0.054 0.063 
  98   (0.137) 0.222 0.115 0.098 0.101 0.098 0.127 0.124 0.054 0.231 0.038 0.114 0.091 0.262 0.113 0.072 0.124 0.127 
 106   (0.006) 0.000 0.002 0.000 0.001 0.001 0.005 0.002 0.001 0.001 0.002 0.004 0.003 0.000 0.004 0.001 0.002 0.005 

Locus 43 : 43 
6 alleles
1.4% missing data
 101   (0.304) 0.473 0.426 0.181 0.224 0.088 0.296 0.438 0.292 0.035 0.205 0.308 0.206 0.369 0.269 0.229 0.472 0.275 
 103   (0.315) 0.176 0.175 0.350 0.456 0.461 0.345 0.411 0.403 0.227 0.124 0.338 0.224 0.108 0.321 0.371 0.279 0.360 
  99   (0.142) 0.029 0.218 0.009 0.100 0.074 0.134 0.039 0.051 0.416 0.607 0.121 0.205 0.181 0.152 0.216 0.064 0.143 
  95   (0.215) 0.322 0.173 0.459 0.217 0.375 0.203 0.109 0.251 0.169 0.060 0.212 0.351 0.336 0.238 0.181 0.180 0.200 
  97   (0.017) 0.000 0.007 0.001 0.002 0.002 0.017 0.003 0.003 0.152 0.003 0.016 0.009 0.006 0.016 0.002 0.003 0.016 
  91   (0.007) 0.000 0.002 0.000 0.001 0.001 0.005 0.001 0.001 0.001 0.001 0.005 0.004 0.000 0.005 0.001 0.001 0.005 

Locus 44 : 44 
7 alleles
0.2% missing data
 177   (0.078) 0.064 0.029 0.005 0.052 0.010 0.086 0.022 0.050 0.009 0.016 0.089 0.048 0.111 0.077 0.165 0.064 0.089 
 191   (0.285) 0.184 0.264 0.097 0.130 0.053 0.307 0.122 0.337 0.279 0.329 0.292 0.328 0.636 0.316 0.110 0.304 0.337 
 181   (0.570) 0.751 0.678 0.864 0.729 0.933 0.541 0.845 0.599 0.520 0.576 0.543 0.589 0.135 0.550 0.719 0.617 0.518 
 189   (0.007) 0.000 0.002 0.030 0.001 0.000 0.004 0.001 0.001 0.001 0.001 0.003 0.002 0.000 0.003 0.001 0.001 0.004 
 179   (0.041) 0.001 0.021 0.003 0.005 0.003 0.047 0.007 0.009 0.188 0.075 0.058 0.024 0.107 0.042 0.004 0.011 0.039 
 183   (0.009) 0.000 0.003 0.001 0.003 0.001 0.008 0.001 0.002 0.001 0.002 0.007 0.004 0.001 0.007 0.001 0.002 0.008 
 193   (0.010) 0.000 0.003 0.001 0.080 0.001 0.007 0.002 0.002 0.001 0.002 0.007 0.004 0.009 0.005 0.001 0.002 0.006 

Locus 45 : 45 
6 alleles
0.8% missing data
 205   (0.459) 0.504 0.351 0.405 0.553 0.870 0.482 0.524 0.405 0.247 0.532 0.498 0.536 0.310 0.502 0.547 0.536 0.490 
 211   (0.228) 0.251 0.373 0.274 0.098 0.045 0.229 0.226 0.168 0.341 0.296 0.224 0.175 0.394 0.213 0.114 0.183 0.231 
 207   (0.145) 0.127 0.091 0.201 0.234 0.063 0.141 0.212 0.180 0.018 0.053 0.134 0.091 0.071 0.126 0.191 0.091 0.134 
 201   (0.075) 0.069 0.104 0.005 0.021 0.012 0.065 0.020 0.175 0.382 0.022 0.059 0.091 0.039 0.071 0.106 0.082 0.066 
 215   (0.083) 0.049 0.078 0.114 0.091 0.010 0.075 0.015 0.070 0.010 0.094 0.077 0.058 0.179 0.071 0.041 0.105 0.068 
 202   (0.011) 0.000 0.003 0.001 0.002 0.001 0.009 0.002 0.002 0.001 0.002 0.007 0.049 0.007 0.017 0.001 0.002 0.012 

Locus 46 : 46 
10 alleles
1.0% missing data
 144   (0.065) 0.254 0.101 0.129 0.023 0.053 0.057 0.014 0.075 0.008 0.068 0.063 0.113 0.007 0.068 0.083 0.014 0.051 
 158   (0.157) 0.113 0.126 0.082 0.032 0.035 0.150 0.079 0.195 0.021 0.192 0.136 0.118 0.123 0.146 0.398 0.267 0.155 
 168   (0.141) 0.222 0.110 0.107 0.039 0.056 0.139 0.032 0.061 0.217 0.031 0.125 0.263 0.217 0.169 0.065 0.137 0.143 
 166   (0.137) 0.325 0.093 0.389 0.347 0.459 0.137 0.064 0.073 0.123 0.036 0.128 0.088 0.025 0.121 0.131 0.084 0.135 
 142   (0.362) 0.082 0.285 0.284 0.489 0.382 0.383 0.723 0.537 0.047 0.647 0.422 0.344 0.140 0.382 0.293 0.440 0.377 
 170   (0.016) 0.001 0.043 0.001 0.002 0.002 0.012 0.003 0.003 0.002 0.004 0.011 0.008 0.047 0.010 0.001 0.004 0.011 
 156   (0.027) 0.001 0.008 0.002 0.004 0.002 0.030 0.011 0.018 0.469 0.005 0.024 0.014 0.084 0.024 0.014 0.005 0.035 
 162   (0.046) 0.001 0.072 0.003 0.058 0.005 0.045 0.009 0.013 0.108 0.008 0.049 0.026 0.163 0.038 0.004 0.037 0.040 
 164   (0.042) 0.001 0.160 0.003 0.005 0.005 0.043 0.064 0.023 0.005 0.007 0.037 0.024 0.195 0.037 0.011 0.010 0.049 
 160   (0.006) 0.000 0.002 0.000 0.001 0.001 0.005 0.001 0.001 0.001 0.001 0.005 0.003 0.000 0.004 0.001 0.002 0.005 

Locus 47 : 47 
7 alleles
9.9% missing data
 149   (0.347) 0.207 0.292 0.334 0.403 0.467 0.360 0.363 0.326 0.345 0.511 0.383 0.481 0.771 0.386 0.180 0.081 0.354 
 151   (0.186) 0.206 0.160 0.012 0.107 0.122 0.178 0.163 0.208 0.083 0.354 0.163 0.123 0.087 0.163 0.581 0.372 0.186 
 153   (0.192) 0.367 0.142 0.025 0.420 0.105 0.195 0.312 0.297 0.029 0.068 0.208 0.143 0.042 0.186 0.135 0.177 0.190 
 147   (0.028) 0.034 0.072 0.002 0.004 0.003 0.025 0.005 0.007 0.004 0.007 0.020 0.019 0.002 0.021 0.029 0.005 0.023 
 145   (0.224) 0.183 0.300 0.626 0.063 0.300 0.225 0.152 0.157 0.535 0.054 0.211 0.219 0.041 0.227 0.073 0.361 0.231 
 152   (0.007) 0.002 0.003 0.000 0.001 0.001 0.004 0.001 0.002 0.001 0.003 0.004 0.005 0.001 0.004 0.001 0.001 0.004 
 143   (0.016) 0.000 0.031 0.001 0.002 0.001 0.013 0.003 0.003 0.002 0.003 0.012 0.009 0.057 0.012 0.002 0.003 0.013 

Values of parameters used in structure:
DATAFILE=temp2.str,	OUTFILE=k17/temp2_k17_run1,	NUMINDS=486,	NUMLOCI=47,	MISSING=-9,	LABEL=1,	POPDATA=1,	POPFLAG=0,	PHENOTYPE=0,	EXTRACOLS=0,	MAXPOPS=17,	BURNIN=500000,	NUMREPS=750000,	USEPOPINFO=0,	INFERALPHA=1,	INFERLAMBDA=0,	POPSPECIFICLAMBDA=0,	POPALPHAS=0,	COMPUTEPROB=1,	NOADMIX=0,	ADMBURNIN=500,	UPDATEFREQ=100,	PRINTLIKES=0,	INTERMEDSAVE=0,	PRINTKLD=0,	PRINTNET=1,	PRINTLAMBDA=1,	ANCESTDIST=0,	NUMBOXES=1000,	ANCESTPINT=0.90000,	GENSBACK=2,	MIGRPRIOR=0.01000,	PRINTQHAT=0,	PRINTQSUM=1,	ALPHA=1.0000,	FREQSCORR=1,	FPRIORMEAN=0.0100,	FPRIORSD=0.0500,	ONEFST=0,	LAMBDA=1.0000,	UNIFPRIORALPHA=1,	ALPHAMAX=10.0000,	ALPHAPRIORA=1.0000,	ALPHAPRIORB=2.0000,	ALPHAPROPSD=0.0250,	STARTATPOPINFO=0,	RANDOMIZE=0,	LINKAGE=0,	METROFREQ=10,	REPORTHITRATE=0,	MARKOVPHASE=0,	PHASED=1,	PLOIDY=2,	PHASEINFO=0	LOCPRIOR=0, 	LOCPRIORINIT=1.000000, 	LOCDATA=0, 	LOCISPOP=1, 	LOCPRIORSTEP=0.100000, 	MAXLOCPRIOR=20.000000, 	SEED=586233,	
[STRAT parameters]:    NUMSIMSTATS=1000,	PHENOTYPECOL=-9,	POOLFREQ=10,	LOCUSxONLY=0,	EMERROR=0.00100,	MISSINGPHENO=-9,	