

----------------------------------------------------
STRUCTURE by Pritchard, Stephens and Donnelly (2000)
     and Falush, Stephens and Pritchard (2003)
       Code by Pritchard, Falush and Hubisz
             Version 2.3.4 (Jul 2012)
----------------------------------------------------



Command line arguments:   structure -D 686470 -K 17 -m mainparams -o k17/temp2_k17_run3 
Input File:    temp2.str

Run parameters:
   486 individuals
   47 loci
   17 populations assumed
   500000 Burn-in period
   750000 Reps
RANDOMIZE turned off


--------------------------------------------
Proportion of membership of each pre-defined
 population in each of the 17 clusters

Given    Inferred Clusters                                                                                                         Number of
 Pop       1      2      3      4      5      6      7      8      9     10     11     12     13     14     15     16     17      Individuals

  1:     0.003  0.009  0.008  0.010  0.006  0.010  0.009  0.010  0.034  0.010  0.010  0.010  0.012  0.004  0.009  0.838  0.009       63
  2:     0.003  0.010  0.007  0.007  0.010  0.012  0.011  0.013  0.011  0.013  0.005  0.014  0.014  0.006  0.012  0.842  0.009       20
  3:     0.932  0.003  0.004  0.004  0.006  0.004  0.004  0.004  0.004  0.004  0.004  0.004  0.004  0.007  0.003  0.003  0.004       36
  4:     0.003  0.010  0.006  0.013  0.008  0.022  0.017  0.018  0.099  0.022  0.013  0.020  0.037  0.004  0.011  0.690  0.009       21
  5:     0.003  0.014  0.005  0.006  0.007  0.006  0.007  0.007  0.526  0.006  0.010  0.007  0.012  0.003  0.008  0.366  0.007       31
  6:     0.004  0.012  0.004  0.018  0.004  0.011  0.007  0.007  0.015  0.011  0.005  0.008  0.006  0.004  0.006  0.866  0.010       21
  7:     0.005  0.006  0.011  0.034  0.022  0.014  0.018  0.019  0.012  0.015  0.015  0.021  0.756  0.004  0.015  0.011  0.022       25
  8:     0.092  0.012  0.009  0.022  0.038  0.039  0.023  0.024  0.124  0.034  0.044  0.028  0.020  0.010  0.015  0.451  0.015        8
  9:     0.002  0.331  0.005  0.010  0.004  0.007  0.009  0.009  0.017  0.007  0.006  0.008  0.008  0.005  0.009  0.540  0.023       17
 10:     0.003  0.003  0.931  0.004  0.005  0.005  0.004  0.005  0.004  0.005  0.005  0.005  0.006  0.003  0.005  0.005  0.004       29
 11:     0.006  0.003  0.002  0.002  0.002  0.003  0.003  0.003  0.002  0.003  0.002  0.003  0.002  0.959  0.002  0.002  0.002        9
 12:     0.017  0.009  0.013  0.055  0.026  0.119  0.140  0.156  0.015  0.115  0.088  0.145  0.048  0.008  0.017  0.010  0.018       26
 13:     0.012  0.011  0.011  0.108  0.045  0.072  0.097  0.097  0.012  0.069  0.154  0.095  0.024  0.009  0.040  0.012  0.133       74
 14:     0.012  0.009  0.014  0.110  0.069  0.066  0.064  0.062  0.012  0.056  0.056  0.061  0.019  0.007  0.089  0.018  0.278       35
 15:     0.007  0.007  0.007  0.188  0.013  0.032  0.046  0.044  0.012  0.028  0.017  0.045  0.021  0.008  0.297  0.029  0.198       24
 16:     0.022  0.007  0.025  0.038  0.010  0.116  0.136  0.143  0.011  0.114  0.127  0.141  0.032  0.009  0.021  0.024  0.025       43
 17:     0.006  0.048  0.009  0.016  0.012  0.226  0.197  0.155  0.012  0.145  0.018  0.104  0.012  0.003  0.009  0.013  0.013        4
--------------------------------------------

Allele-freq. divergence among pops (Net nucleotide distance),
computed using point estimates of P.

      1       2       3       4       5       6       7       8       9      10      11      12      13      14      15      16      17      
 1      -    0.2188  0.1237  0.1139  0.1367  0.0866  0.0859  0.0831  0.1413  0.0869  0.0959  0.0815  0.1067  0.1143  0.1319  0.1474  0.1328  
 2   0.2188     -    0.1630  0.1313  0.1570  0.1095  0.1021  0.1035  0.1385  0.1129  0.1161  0.1040  0.1250  0.2051  0.1567  0.1078  0.1249  
 3   0.1237  0.1630     -    0.0754  0.1106  0.0586  0.0561  0.0544  0.0963  0.0597  0.0684  0.0533  0.0620  0.1346  0.0801  0.0820  0.0774  
 4   0.1139  0.1313  0.0754     -    0.0621  0.0220  0.0169  0.0172  0.0639  0.0237  0.0289  0.0176  0.0401  0.1285  0.0339  0.0498  0.0263  
 5   0.1367  0.1570  0.1106  0.0621     -    0.0555  0.0520  0.0516  0.0853  0.0568  0.0697  0.0512  0.0636  0.1731  0.0790  0.0810  0.0707  
 6   0.0866  0.1095  0.0586  0.0220  0.0555     -    0.0036  0.0033  0.0428  0.0005  0.0155  0.0023  0.0270  0.1050  0.0341  0.0351  0.0257  
 7   0.0859  0.1021  0.0561  0.0169  0.0520  0.0036     -    0.0002  0.0415  0.0058  0.0129  0.0008  0.0205  0.1028  0.0310  0.0319  0.0205  
 8   0.0831  0.1035  0.0544  0.0172  0.0516  0.0033  0.0002     -    0.0404  0.0052  0.0117  0.0003  0.0192  0.0995  0.0305  0.0314  0.0210  
 9   0.1413  0.1385  0.0963  0.0639  0.0853  0.0428  0.0415  0.0404     -    0.0444  0.0501  0.0396  0.0588  0.1456  0.0703  0.0427  0.0691  
10   0.0869  0.1129  0.0597  0.0237  0.0568  0.0005  0.0058  0.0052  0.0444     -    0.0166  0.0036  0.0296  0.1051  0.0353  0.0373  0.0278  
11   0.0959  0.1161  0.0684  0.0289  0.0697  0.0155  0.0129  0.0117  0.0501  0.0166     -    0.0111  0.0283  0.1123  0.0426  0.0374  0.0347  
12   0.0815  0.1040  0.0533  0.0176  0.0512  0.0023  0.0008  0.0003  0.0396  0.0036  0.0111     -    0.0194  0.0976  0.0300  0.0310  0.0217  
13   0.1067  0.1250  0.0620  0.0401  0.0636  0.0270  0.0205  0.0192  0.0588  0.0296  0.0283  0.0194     -    0.1084  0.0461  0.0462  0.0432  
14   0.1143  0.2051  0.1346  0.1285  0.1731  0.1050  0.1028  0.0995  0.1456  0.1051  0.1123  0.0976  0.1084     -    0.1396  0.1464  0.1332  
15   0.1319  0.1567  0.0801  0.0339  0.0790  0.0341  0.0310  0.0305  0.0703  0.0353  0.0426  0.0300  0.0461  0.1396     -    0.0652  0.0327  
16   0.1474  0.1078  0.0820  0.0498  0.0810  0.0351  0.0319  0.0314  0.0427  0.0373  0.0374  0.0310  0.0462  0.1464  0.0652     -    0.0472  
17   0.1328  0.1249  0.0774  0.0263  0.0707  0.0257  0.0205  0.0210  0.0691  0.0278  0.0347  0.0217  0.0432  0.1332  0.0327  0.0472     -    

Average distances (expected heterozygosity) between individuals in same cluster:
cluster  1  : 0.6310 
cluster  2  : 0.4281 
cluster  3  : 0.5433 
cluster  4  : 0.5800 
cluster  5  : 0.5291 
cluster  6  : 0.6270 
cluster  7  : 0.6390 
cluster  8  : 0.6433 
cluster  9  : 0.5348 
cluster 10  : 0.6243 
cluster 11  : 0.6016 
cluster 12  : 0.6453 
cluster 13  : 0.5931 
cluster 14  : 0.5315 
cluster 15  : 0.5568 
cluster 16  : 0.5365 
cluster 17  : 0.5546 

--------------------------------------------
Estimated Ln Prob of Data   = -55311.8
Mean value of ln likelihood = -50128.6
Variance of ln likelihood   = 10366.4
Mean value of alpha         = 0.0341

Mean value of Fst_1         = 0.1914
Mean value of Fst_2         = 0.4178
Mean value of Fst_3         = 0.2164
Mean value of Fst_4         = 0.1090
Mean value of Fst_5         = 0.2572
Mean value of Fst_6         = 0.0853
Mean value of Fst_7         = 0.0304
Mean value of Fst_8         = 0.0152
Mean value of Fst_9         = 0.1875
Mean value of Fst_10         = 0.1051
Mean value of Fst_11         = 0.0666
Mean value of Fst_12         = 0.0178
Mean value of Fst_13         = 0.0973
Mean value of Fst_14         = 0.3132
Mean value of Fst_15         = 0.1663
Mean value of Fst_16         = 0.1472
Mean value of Fst_17         = 0.1221


Inferred ancestry of individuals:
        Label (%Miss) Pop:  Inferred clusters
  1      221    (0)    1 :  0.003 0.004 0.002 0.006 0.003 0.008 0.007 0.007 0.008 0.007 0.009 0.006 0.019 0.003 0.007 0.893 0.009 
  2      222    (0)    1 :  0.004 0.006 0.009 0.007 0.010 0.011 0.007 0.009 0.478 0.011 0.008 0.010 0.007 0.004 0.003 0.410 0.008 
  3      223    (0)    1 :  0.006 0.007 0.003 0.010 0.005 0.010 0.009 0.009 0.007 0.009 0.027 0.010 0.009 0.003 0.005 0.860 0.010 
  4      224    (0)    1 :  0.001 0.005 0.005 0.002 0.004 0.003 0.003 0.003 0.005 0.003 0.003 0.003 0.004 0.001 0.002 0.951 0.003 
  5      225    (0)    1 :  0.002 0.004 0.004 0.004 0.004 0.006 0.006 0.006 0.006 0.006 0.006 0.006 0.004 0.002 0.003 0.929 0.004 
  6      226    (0)    1 :  0.001 0.004 0.002 0.003 0.007 0.004 0.004 0.005 0.003 0.004 0.011 0.005 0.013 0.006 0.002 0.922 0.003 
  7      227    (0)    1 :  0.007 0.005 0.005 0.006 0.004 0.008 0.010 0.011 0.003 0.008 0.017 0.011 0.037 0.015 0.005 0.844 0.005 
  8      228    (0)    1 :  0.004 0.012 0.005 0.010 0.010 0.011 0.009 0.008 0.006 0.010 0.009 0.009 0.006 0.003 0.004 0.854 0.029 
  9      234    (0)    1 :  0.001 0.004 0.002 0.004 0.004 0.004 0.004 0.004 0.007 0.004 0.004 0.004 0.004 0.002 0.004 0.939 0.005 
 10      235    (0)    1 :  0.001 0.004 0.002 0.003 0.002 0.004 0.004 0.004 0.008 0.003 0.002 0.003 0.004 0.004 0.002 0.947 0.003 
 11      236    (0)    1 :  0.001 0.014 0.002 0.002 0.002 0.002 0.002 0.002 0.003 0.002 0.003 0.003 0.005 0.002 0.002 0.950 0.002 
 12      237    (0)    1 :  0.002 0.002 0.002 0.007 0.003 0.004 0.004 0.004 0.008 0.003 0.006 0.004 0.003 0.002 0.004 0.939 0.004 
 13      238    (0)    1 :  0.006 0.003 0.011 0.013 0.004 0.007 0.009 0.010 0.037 0.008 0.008 0.010 0.023 0.003 0.006 0.836 0.005 
 14      239    (0)    1 :  0.002 0.024 0.014 0.008 0.007 0.025 0.021 0.027 0.015 0.022 0.036 0.028 0.072 0.006 0.010 0.667 0.017 
 15      240    (0)    1 :  0.001 0.006 0.003 0.003 0.004 0.004 0.004 0.004 0.005 0.003 0.003 0.003 0.006 0.002 0.004 0.942 0.003 
 16      242    (0)    1 :  0.001 0.003 0.002 0.021 0.007 0.031 0.046 0.075 0.229 0.042 0.105 0.091 0.011 0.001 0.007 0.311 0.018 
 17      243    (0)    1 :  0.002 0.006 0.015 0.007 0.008 0.011 0.016 0.016 0.013 0.010 0.010 0.014 0.022 0.016 0.005 0.824 0.005 
 18      244    (0)    1 :  0.003 0.002 0.003 0.003 0.003 0.008 0.007 0.008 0.014 0.008 0.017 0.008 0.023 0.012 0.003 0.877 0.002 
 19      245    (0)    1 :  0.025 0.045 0.007 0.015 0.007 0.012 0.016 0.016 0.004 0.010 0.008 0.016 0.013 0.009 0.021 0.772 0.008 
 20      246    (0)    1 :  0.003 0.003 0.003 0.003 0.003 0.005 0.004 0.004 0.010 0.004 0.003 0.005 0.003 0.005 0.002 0.936 0.003 
 21      248    (0)    1 :  0.003 0.009 0.020 0.005 0.002 0.007 0.007 0.007 0.040 0.007 0.009 0.007 0.005 0.003 0.004 0.863 0.004 
 22      249    (0)    1 :  0.001 0.002 0.002 0.002 0.004 0.002 0.002 0.002 0.002 0.002 0.003 0.002 0.004 0.001 0.002 0.963 0.003 
 23      250    (0)    1 :  0.006 0.013 0.009 0.020 0.006 0.013 0.014 0.014 0.004 0.011 0.009 0.013 0.009 0.005 0.006 0.835 0.011 
 24      251    (0)    1 :  0.001 0.005 0.003 0.008 0.002 0.006 0.005 0.005 0.015 0.007 0.006 0.005 0.004 0.004 0.006 0.906 0.011 
 25      252    (0)    1 :  0.002 0.004 0.038 0.022 0.008 0.006 0.009 0.008 0.004 0.006 0.007 0.008 0.006 0.001 0.010 0.851 0.009 
 26      253    (0)    1 :  0.014 0.006 0.022 0.005 0.004 0.016 0.024 0.024 0.003 0.016 0.022 0.023 0.007 0.003 0.002 0.805 0.004 
 27      254    (0)    1 :  0.002 0.004 0.003 0.005 0.003 0.007 0.005 0.005 0.004 0.007 0.007 0.005 0.008 0.002 0.005 0.924 0.003 
 28      255    (0)    1 :  0.003 0.017 0.006 0.007 0.004 0.018 0.017 0.017 0.263 0.016 0.014 0.017 0.056 0.003 0.005 0.526 0.012 
 29      256    (0)    1 :  0.004 0.003 0.002 0.007 0.013 0.008 0.011 0.011 0.053 0.008 0.004 0.010 0.004 0.002 0.004 0.853 0.005 
 30      257    (0)    1 :  0.002 0.003 0.010 0.010 0.003 0.009 0.008 0.008 0.006 0.010 0.010 0.009 0.020 0.003 0.011 0.868 0.011 
 31      258    (0)    1 :  0.005 0.010 0.003 0.011 0.003 0.007 0.010 0.010 0.024 0.008 0.008 0.010 0.012 0.002 0.014 0.853 0.009 
 32      259    (0)    1 :  0.002 0.002 0.002 0.004 0.004 0.043 0.008 0.007 0.007 0.049 0.007 0.015 0.005 0.002 0.015 0.823 0.005 
 33      260    (0)    1 :  0.002 0.022 0.070 0.006 0.003 0.005 0.006 0.007 0.005 0.005 0.004 0.006 0.029 0.006 0.003 0.817 0.005 
 34      261    (0)    1 :  0.002 0.003 0.008 0.053 0.005 0.010 0.014 0.013 0.005 0.010 0.004 0.012 0.015 0.002 0.110 0.720 0.015 
 35      262    (0)    1 :  0.001 0.002 0.002 0.002 0.003 0.002 0.002 0.002 0.006 0.002 0.002 0.002 0.002 0.001 0.003 0.962 0.003 
 36      263    (0)    1 :  0.003 0.005 0.025 0.006 0.005 0.005 0.006 0.006 0.013 0.005 0.005 0.006 0.042 0.005 0.004 0.857 0.003 
 37      264    (0)    1 :  0.001 0.003 0.003 0.004 0.013 0.005 0.004 0.004 0.009 0.005 0.004 0.005 0.006 0.001 0.008 0.918 0.004 
 38      265    (0)    1 :  0.001 0.007 0.037 0.004 0.005 0.006 0.005 0.006 0.019 0.005 0.003 0.006 0.022 0.002 0.007 0.861 0.005 
 39      266    (0)    1 :  0.001 0.005 0.002 0.003 0.002 0.003 0.003 0.003 0.005 0.003 0.003 0.003 0.002 0.001 0.002 0.954 0.003 
 40      267    (0)    1 :  0.001 0.002 0.001 0.002 0.003 0.003 0.003 0.003 0.024 0.003 0.005 0.003 0.003 0.002 0.002 0.935 0.004 
 41      268    (0)    1 :  0.001 0.003 0.050 0.009 0.004 0.005 0.007 0.007 0.004 0.005 0.007 0.007 0.006 0.008 0.004 0.868 0.005 
 42      269    (0)    1 :  0.001 0.020 0.002 0.003 0.002 0.003 0.003 0.003 0.007 0.003 0.003 0.003 0.004 0.001 0.006 0.931 0.003 
 43      270    (0)    1 :  0.001 0.003 0.002 0.003 0.023 0.003 0.003 0.003 0.004 0.003 0.005 0.003 0.007 0.002 0.003 0.928 0.004 
 44      271    (0)    1 :  0.006 0.075 0.010 0.024 0.007 0.020 0.029 0.029 0.010 0.023 0.014 0.025 0.012 0.003 0.022 0.684 0.007 
 45      272    (0)    1 :  0.001 0.013 0.005 0.008 0.020 0.033 0.027 0.026 0.399 0.031 0.007 0.031 0.008 0.006 0.092 0.284 0.008 
 46      273    (0)    1 :  0.004 0.010 0.002 0.007 0.020 0.013 0.014 0.014 0.014 0.013 0.016 0.014 0.038 0.002 0.009 0.795 0.016 
 47      274    (0)    1 :  0.002 0.006 0.006 0.006 0.003 0.004 0.005 0.005 0.004 0.004 0.004 0.005 0.009 0.003 0.015 0.911 0.006 
 48      275    (2)    1 :  0.002 0.003 0.002 0.003 0.003 0.004 0.004 0.004 0.009 0.005 0.006 0.004 0.007 0.002 0.003 0.934 0.005 
 49      276    (0)    1 :  0.001 0.005 0.004 0.011 0.004 0.006 0.006 0.006 0.005 0.005 0.007 0.006 0.005 0.002 0.009 0.910 0.006 
 50      277    (0)    1 :  0.001 0.012 0.002 0.070 0.007 0.012 0.018 0.013 0.003 0.010 0.006 0.010 0.008 0.001 0.008 0.774 0.044 
 51      278    (0)    1 :  0.001 0.005 0.004 0.055 0.002 0.013 0.013 0.011 0.016 0.013 0.011 0.009 0.006 0.008 0.011 0.803 0.019 
 52      279    (0)    1 :  0.002 0.003 0.003 0.007 0.004 0.015 0.018 0.013 0.015 0.014 0.009 0.012 0.006 0.002 0.004 0.868 0.006 
 53      280    (0)    1 :  0.002 0.066 0.005 0.015 0.003 0.013 0.011 0.011 0.007 0.015 0.012 0.011 0.020 0.002 0.009 0.773 0.025 
 54      287    (0)    1 :  0.003 0.003 0.006 0.009 0.006 0.015 0.014 0.015 0.004 0.016 0.007 0.016 0.013 0.004 0.006 0.853 0.010 
 55      290    (0)    1 :  0.002 0.006 0.003 0.008 0.016 0.015 0.012 0.011 0.072 0.013 0.009 0.011 0.010 0.006 0.012 0.786 0.010 
 56      291    (0)    1 :  0.002 0.014 0.005 0.015 0.003 0.022 0.009 0.008 0.003 0.029 0.005 0.012 0.007 0.003 0.010 0.820 0.033 
 57      295    (0)    1 :  0.001 0.003 0.003 0.006 0.003 0.003 0.004 0.004 0.006 0.004 0.003 0.004 0.005 0.001 0.006 0.917 0.029 
 58      296    (0)    1 :  0.002 0.005 0.004 0.005 0.010 0.004 0.004 0.004 0.009 0.004 0.009 0.005 0.003 0.003 0.003 0.924 0.003 
 59      872    (2)    1 :  0.005 0.004 0.007 0.006 0.005 0.005 0.006 0.006 0.091 0.006 0.004 0.006 0.005 0.006 0.004 0.831 0.004 
 60      873    (4)    1 :  0.003 0.010 0.003 0.009 0.016 0.015 0.011 0.015 0.025 0.018 0.010 0.020 0.014 0.004 0.003 0.821 0.003 
 61      874    (2)    1 :  0.001 0.002 0.002 0.021 0.004 0.008 0.004 0.004 0.011 0.008 0.007 0.005 0.005 0.001 0.009 0.901 0.007 
 62      875    (0)    1 :  0.004 0.006 0.002 0.004 0.003 0.005 0.005 0.006 0.015 0.005 0.005 0.006 0.006 0.017 0.004 0.902 0.005 
 63      876    (6)    1 :  0.002 0.005 0.011 0.013 0.004 0.006 0.007 0.008 0.005 0.007 0.019 0.008 0.021 0.001 0.007 0.862 0.014 
 64      212    (0)   10 :  0.002 0.002 0.957 0.004 0.003 0.003 0.003 0.002 0.003 0.003 0.003 0.003 0.002 0.001 0.003 0.002 0.004 
 65      213    (0)   10 :  0.002 0.008 0.931 0.007 0.003 0.004 0.004 0.004 0.002 0.004 0.006 0.004 0.003 0.003 0.003 0.004 0.008 
 66      214    (0)   10 :  0.003 0.002 0.930 0.004 0.002 0.005 0.005 0.005 0.006 0.005 0.006 0.005 0.006 0.001 0.007 0.004 0.002 
 67      215    (0)   10 :  0.002 0.003 0.935 0.004 0.003 0.004 0.003 0.004 0.004 0.004 0.004 0.004 0.004 0.003 0.003 0.005 0.008 
 68      216    (0)   10 :  0.001 0.004 0.949 0.004 0.003 0.004 0.003 0.003 0.002 0.003 0.002 0.003 0.003 0.002 0.003 0.004 0.005 
 69      217    (0)   10 :  0.002 0.004 0.927 0.004 0.006 0.005 0.005 0.005 0.004 0.005 0.009 0.005 0.003 0.002 0.005 0.005 0.004 
 70      218    (0)   10 :  0.003 0.002 0.956 0.003 0.004 0.003 0.003 0.003 0.002 0.003 0.002 0.003 0.003 0.002 0.003 0.003 0.003 
 71      332    (0)   10 :  0.002 0.003 0.855 0.008 0.033 0.006 0.008 0.007 0.007 0.006 0.010 0.007 0.015 0.005 0.010 0.010 0.007 
 72      333    (0)   10 :  0.008 0.004 0.838 0.004 0.006 0.011 0.011 0.013 0.012 0.012 0.009 0.013 0.026 0.010 0.007 0.010 0.007 
 73      334    (0)   10 :  0.002 0.003 0.928 0.006 0.006 0.005 0.004 0.004 0.002 0.005 0.005 0.005 0.007 0.003 0.004 0.007 0.004 
 74      335    (0)   10 :  0.002 0.001 0.958 0.002 0.002 0.003 0.003 0.003 0.002 0.003 0.003 0.003 0.003 0.002 0.005 0.002 0.005 
 75      336    (0)   10 :  0.002 0.004 0.942 0.003 0.003 0.002 0.002 0.002 0.005 0.002 0.002 0.003 0.005 0.014 0.002 0.003 0.002 
 76      337    (0)   10 :  0.002 0.002 0.926 0.003 0.002 0.005 0.004 0.005 0.008 0.005 0.006 0.005 0.011 0.002 0.003 0.008 0.003 
 77      673    (0)   10 :  0.001 0.001 0.977 0.001 0.001 0.001 0.001 0.001 0.001 0.001 0.001 0.001 0.002 0.001 0.002 0.002 0.002 
 78      674    (0)   10 :  0.002 0.002 0.933 0.004 0.007 0.005 0.005 0.005 0.005 0.006 0.003 0.006 0.005 0.002 0.004 0.004 0.003 
 79      675    (0)   10 :  0.002 0.004 0.938 0.006 0.003 0.004 0.004 0.004 0.002 0.004 0.003 0.004 0.004 0.004 0.003 0.003 0.006 
 80      676    (0)   10 :  0.002 0.001 0.929 0.006 0.005 0.004 0.004 0.004 0.002 0.004 0.008 0.004 0.006 0.001 0.006 0.003 0.008 
 81      677    (0)   10 :  0.001 0.002 0.945 0.003 0.002 0.004 0.003 0.004 0.003 0.004 0.005 0.004 0.004 0.003 0.004 0.006 0.003 
 82      678    (0)   10 :  0.003 0.004 0.890 0.006 0.002 0.011 0.009 0.009 0.011 0.009 0.007 0.009 0.003 0.004 0.006 0.007 0.009 
 83      679    (0)   10 :  0.023 0.001 0.901 0.005 0.015 0.006 0.007 0.007 0.002 0.005 0.005 0.007 0.006 0.002 0.004 0.004 0.002 
 84      680    (0)   10 :  0.002 0.003 0.915 0.007 0.007 0.005 0.005 0.006 0.003 0.005 0.004 0.005 0.011 0.005 0.009 0.004 0.006 
 85      681    (0)   10 :  0.002 0.002 0.927 0.005 0.004 0.005 0.005 0.005 0.003 0.005 0.009 0.005 0.006 0.002 0.003 0.007 0.005 
 86      682    (0)   10 :  0.002 0.003 0.964 0.002 0.002 0.002 0.002 0.002 0.002 0.002 0.002 0.002 0.002 0.004 0.002 0.002 0.002 
 87      683    (0)   10 :  0.002 0.004 0.926 0.004 0.006 0.005 0.007 0.006 0.003 0.005 0.004 0.006 0.007 0.002 0.004 0.005 0.004 
 88      684    (0)   10 :  0.002 0.002 0.932 0.005 0.003 0.006 0.004 0.005 0.003 0.006 0.003 0.005 0.006 0.003 0.007 0.002 0.005 
 89      685    (0)   10 :  0.004 0.003 0.927 0.003 0.003 0.006 0.006 0.006 0.006 0.006 0.004 0.005 0.009 0.003 0.003 0.003 0.003 
 90      686    (0)   10 :  0.004 0.002 0.963 0.002 0.002 0.002 0.002 0.002 0.002 0.002 0.002 0.002 0.003 0.003 0.002 0.002 0.002 
 91      687    (0)   10 :  0.001 0.002 0.965 0.002 0.002 0.002 0.002 0.002 0.002 0.002 0.002 0.002 0.003 0.002 0.002 0.002 0.004 
 92      688    (0)   10 :  0.001 0.003 0.928 0.006 0.005 0.003 0.003 0.004 0.004 0.003 0.004 0.003 0.006 0.002 0.015 0.007 0.004 
 93      070    (0)   11 :  0.008 0.001 0.001 0.003 0.002 0.004 0.004 0.004 0.003 0.004 0.003 0.005 0.003 0.947 0.003 0.002 0.002 
 94      071    (0)   11 :  0.001 0.006 0.006 0.003 0.002 0.003 0.003 0.003 0.002 0.003 0.003 0.003 0.004 0.951 0.003 0.002 0.003 
 95      072    (0)   11 :  0.005 0.003 0.001 0.001 0.001 0.002 0.002 0.002 0.002 0.002 0.002 0.002 0.002 0.968 0.002 0.001 0.002 
 96      151    (0)   11 :  0.002 0.001 0.001 0.002 0.001 0.001 0.001 0.001 0.001 0.002 0.001 0.001 0.002 0.976 0.002 0.001 0.002 
 97      152    (0)   11 :  0.002 0.004 0.002 0.003 0.002 0.005 0.005 0.005 0.002 0.005 0.005 0.005 0.004 0.940 0.004 0.002 0.005 
 98      153    (2)   11 :  0.002 0.001 0.001 0.001 0.001 0.001 0.001 0.001 0.002 0.001 0.001 0.001 0.002 0.977 0.001 0.001 0.001 
 99      788    (4)   11 :  0.030 0.003 0.002 0.003 0.001 0.003 0.003 0.003 0.001 0.003 0.002 0.003 0.002 0.933 0.003 0.002 0.003 
100      789    (2)   11 :  0.002 0.002 0.003 0.002 0.001 0.002 0.002 0.002 0.002 0.002 0.002 0.002 0.002 0.968 0.002 0.002 0.002 
101      790    (0)   11 :  0.001 0.003 0.001 0.001 0.001 0.002 0.002 0.002 0.002 0.002 0.002 0.002 0.002 0.971 0.001 0.002 0.002 
102      010    (0)   12 :  0.013 0.008 0.004 0.009 0.006 0.230 0.209 0.201 0.007 0.191 0.019 0.078 0.009 0.002 0.004 0.005 0.005 
103      024    (0)   12 :  0.039 0.005 0.009 0.012 0.007 0.101 0.131 0.216 0.006 0.118 0.011 0.279 0.010 0.006 0.037 0.006 0.009 
104      051    (0)   12 :  0.045 0.004 0.008 0.008 0.005 0.117 0.109 0.151 0.007 0.134 0.028 0.121 0.235 0.013 0.005 0.005 0.005 
105      090    (0)   12 :  0.020 0.003 0.005 0.013 0.012 0.101 0.141 0.202 0.009 0.126 0.074 0.201 0.060 0.006 0.008 0.007 0.012 
106      102    (0)   12 :  0.002 0.004 0.003 0.173 0.011 0.107 0.182 0.138 0.031 0.086 0.032 0.108 0.017 0.002 0.013 0.028 0.064 
107      111    (0)   12 :  0.004 0.070 0.004 0.018 0.005 0.160 0.169 0.149 0.023 0.146 0.083 0.118 0.010 0.002 0.028 0.005 0.006 
108      113    (0)   12 :  0.005 0.003 0.005 0.029 0.007 0.202 0.101 0.134 0.035 0.145 0.056 0.107 0.089 0.006 0.051 0.005 0.020 
109      138    (0)   12 :  0.005 0.003 0.075 0.014 0.003 0.045 0.071 0.076 0.003 0.056 0.475 0.083 0.015 0.047 0.007 0.009 0.012 
110      150    (0)   12 :  0.027 0.002 0.004 0.663 0.005 0.017 0.024 0.022 0.007 0.014 0.050 0.028 0.061 0.015 0.020 0.015 0.028 
111      173    (2)   12 :  0.016 0.007 0.011 0.014 0.033 0.067 0.100 0.181 0.006 0.088 0.019 0.248 0.141 0.020 0.032 0.005 0.012 
112      174    (2)   12 :  0.029 0.004 0.003 0.003 0.005 0.198 0.076 0.112 0.027 0.117 0.285 0.076 0.014 0.023 0.016 0.007 0.003 
113      175    (0)   12 :  0.062 0.002 0.003 0.014 0.005 0.125 0.182 0.199 0.013 0.153 0.017 0.183 0.024 0.006 0.005 0.003 0.007 
114      176    (0)   12 :  0.004 0.007 0.010 0.016 0.003 0.243 0.196 0.147 0.020 0.138 0.015 0.161 0.008 0.005 0.007 0.015 0.005 
115      177    (0)   12 :  0.008 0.002 0.002 0.009 0.004 0.120 0.124 0.147 0.008 0.109 0.043 0.140 0.219 0.003 0.049 0.003 0.008 
116      180    (0)   12 :  0.002 0.004 0.007 0.005 0.004 0.102 0.111 0.146 0.112 0.122 0.108 0.129 0.109 0.004 0.006 0.024 0.005 
117      184    (0)   12 :  0.009 0.004 0.005 0.092 0.041 0.059 0.086 0.108 0.004 0.068 0.339 0.118 0.014 0.015 0.015 0.006 0.017 
118      195    (0)   12 :  0.007 0.033 0.014 0.013 0.005 0.120 0.195 0.212 0.004 0.165 0.014 0.177 0.012 0.005 0.008 0.005 0.011 
119      198    (0)   12 :  0.009 0.033 0.006 0.015 0.003 0.096 0.128 0.154 0.016 0.120 0.233 0.143 0.019 0.003 0.005 0.011 0.007 
120      203    (0)   12 :  0.002 0.003 0.005 0.029 0.008 0.136 0.253 0.222 0.009 0.162 0.009 0.120 0.010 0.009 0.010 0.008 0.006 
121      211    (0)   12 :  0.004 0.003 0.079 0.044 0.003 0.171 0.145 0.152 0.005 0.103 0.025 0.186 0.008 0.003 0.034 0.026 0.010 
122      220    (0)   12 :  0.005 0.007 0.010 0.192 0.009 0.082 0.165 0.135 0.008 0.085 0.038 0.126 0.070 0.002 0.041 0.004 0.021 
123      233    (0)   12 :  0.002 0.002 0.040 0.004 0.031 0.078 0.128 0.181 0.004 0.109 0.013 0.199 0.015 0.005 0.019 0.008 0.160 
124      331    (0)   12 :  0.026 0.008 0.005 0.013 0.007 0.130 0.214 0.204 0.005 0.153 0.018 0.160 0.030 0.007 0.010 0.005 0.005 
125      349    (0)   12 :  0.096 0.006 0.006 0.008 0.439 0.053 0.078 0.083 0.009 0.061 0.010 0.083 0.036 0.009 0.005 0.007 0.012 
126      410    (0)   12 :  0.005 0.003 0.022 0.005 0.005 0.076 0.118 0.197 0.009 0.103 0.167 0.255 0.014 0.003 0.007 0.008 0.003 
127      417    (2)   12 :  0.005 0.007 0.005 0.020 0.008 0.146 0.215 0.180 0.008 0.129 0.098 0.133 0.006 0.002 0.004 0.028 0.007 
128      421    (0)   13 :  0.001 0.054 0.005 0.005 0.008 0.007 0.009 0.008 0.003 0.006 0.008 0.006 0.004 0.002 0.008 0.007 0.858 
129      423    (0)   13 :  0.008 0.003 0.003 0.020 0.023 0.115 0.248 0.194 0.009 0.160 0.028 0.162 0.010 0.007 0.003 0.006 0.004 
130      424    (0)   13 :  0.009 0.005 0.003 0.006 0.007 0.064 0.096 0.103 0.029 0.070 0.148 0.099 0.324 0.002 0.018 0.013 0.005 
131      433    (0)   13 :  0.009 0.003 0.015 0.202 0.003 0.082 0.137 0.077 0.004 0.047 0.151 0.052 0.008 0.002 0.029 0.004 0.175 
132      462    (0)   13 :  0.005 0.006 0.021 0.030 0.012 0.129 0.155 0.137 0.009 0.110 0.054 0.145 0.079 0.002 0.016 0.007 0.083 
133      463    (0)   13 :  0.027 0.019 0.003 0.011 0.047 0.109 0.153 0.185 0.005 0.135 0.070 0.200 0.007 0.003 0.007 0.012 0.006 
134      467    (0)   13 :  0.008 0.004 0.011 0.226 0.017 0.020 0.019 0.019 0.005 0.020 0.008 0.023 0.014 0.007 0.227 0.028 0.344 
135      468    (0)   13 :  0.002 0.026 0.002 0.026 0.760 0.008 0.009 0.009 0.007 0.006 0.006 0.008 0.008 0.003 0.011 0.016 0.094 
136      469    (0)   13 :  0.002 0.031 0.002 0.091 0.004 0.104 0.192 0.109 0.008 0.073 0.058 0.089 0.005 0.002 0.050 0.054 0.127 
137      472    (0)   13 :  0.023 0.014 0.007 0.018 0.006 0.170 0.085 0.159 0.002 0.182 0.018 0.257 0.010 0.004 0.004 0.007 0.034 
138      473    (0)   13 :  0.011 0.005 0.007 0.008 0.800 0.022 0.030 0.024 0.004 0.020 0.016 0.023 0.007 0.003 0.010 0.003 0.006 
139      474    (0)   13 :  0.001 0.002 0.005 0.941 0.012 0.003 0.003 0.003 0.003 0.003 0.004 0.003 0.003 0.001 0.004 0.005 0.004 
140      475    (0)   13 :  0.015 0.003 0.003 0.045 0.025 0.099 0.110 0.122 0.006 0.115 0.029 0.064 0.009 0.003 0.023 0.004 0.327 
141      476    (2)   13 :  0.010 0.002 0.009 0.902 0.014 0.005 0.005 0.005 0.006 0.005 0.003 0.006 0.004 0.008 0.010 0.003 0.004 
142      477    (0)   13 :  0.011 0.003 0.018 0.015 0.012 0.168 0.268 0.191 0.005 0.106 0.010 0.153 0.007 0.005 0.006 0.007 0.016 
143      478    (0)   13 :  0.003 0.003 0.002 0.011 0.004 0.105 0.148 0.161 0.053 0.099 0.007 0.177 0.015 0.002 0.178 0.012 0.020 
144      479    (0)   13 :  0.001 0.014 0.003 0.538 0.004 0.012 0.012 0.012 0.005 0.010 0.297 0.013 0.009 0.003 0.003 0.013 0.051 
145      480    (0)   13 :  0.002 0.001 0.002 0.009 0.019 0.006 0.006 0.007 0.004 0.006 0.006 0.006 0.005 0.002 0.020 0.003 0.898 
146      481    (0)   13 :  0.008 0.003 0.003 0.088 0.015 0.082 0.114 0.160 0.009 0.098 0.114 0.219 0.013 0.038 0.007 0.006 0.022 
147      482    (0)   13 :  0.005 0.079 0.050 0.009 0.004 0.114 0.099 0.135 0.005 0.114 0.093 0.111 0.016 0.002 0.140 0.004 0.022 
148      489    (0)   13 :  0.028 0.006 0.013 0.008 0.023 0.122 0.199 0.183 0.006 0.146 0.039 0.174 0.007 0.004 0.017 0.004 0.021 
149      490    (0)   13 :  0.005 0.005 0.003 0.005 0.003 0.015 0.011 0.014 0.008 0.014 0.847 0.014 0.011 0.003 0.019 0.015 0.008 
150      491    (0)   13 :  0.002 0.008 0.105 0.024 0.008 0.077 0.106 0.180 0.004 0.091 0.074 0.207 0.075 0.008 0.007 0.005 0.019 
151      492    (0)   13 :  0.005 0.003 0.009 0.821 0.021 0.011 0.010 0.011 0.039 0.012 0.007 0.012 0.006 0.003 0.011 0.012 0.005 
152      493    (0)   13 :  0.016 0.005 0.005 0.679 0.003 0.037 0.053 0.034 0.003 0.026 0.006 0.025 0.018 0.008 0.004 0.008 0.069 
153      494    (0)   13 :  0.025 0.011 0.037 0.030 0.009 0.052 0.060 0.084 0.004 0.064 0.234 0.084 0.016 0.023 0.010 0.005 0.254 
154      498    (0)   13 :  0.010 0.003 0.004 0.079 0.035 0.093 0.112 0.162 0.012 0.104 0.088 0.250 0.006 0.007 0.006 0.021 0.009 
155      499    (0)   13 :  0.007 0.003 0.006 0.024 0.006 0.132 0.201 0.215 0.005 0.164 0.021 0.126 0.044 0.003 0.024 0.011 0.008 
156      709    (0)   13 :  0.014 0.017 0.010 0.025 0.004 0.086 0.140 0.170 0.009 0.104 0.101 0.207 0.011 0.072 0.017 0.009 0.006 
157      710    (4)   13 :  0.075 0.011 0.003 0.021 0.006 0.120 0.189 0.102 0.004 0.061 0.015 0.056 0.003 0.005 0.005 0.008 0.316 
158      711    (2)   13 :  0.003 0.025 0.003 0.011 0.006 0.134 0.159 0.143 0.059 0.108 0.033 0.163 0.101 0.006 0.006 0.015 0.023 
159      712    (4)   13 :  0.002 0.004 0.003 0.006 0.003 0.009 0.008 0.007 0.006 0.010 0.904 0.007 0.008 0.002 0.006 0.006 0.009 
160      713    (0)   13 :  0.027 0.022 0.008 0.008 0.009 0.116 0.231 0.212 0.005 0.154 0.011 0.174 0.007 0.004 0.006 0.004 0.003 
161      714    (2)   13 :  0.009 0.005 0.002 0.356 0.032 0.023 0.028 0.023 0.007 0.021 0.006 0.026 0.018 0.015 0.016 0.010 0.401 
162      715    (4)   13 :  0.004 0.014 0.034 0.018 0.003 0.023 0.013 0.015 0.013 0.023 0.026 0.019 0.026 0.013 0.086 0.034 0.637 
163      716    (0)   13 :  0.002 0.005 0.004 0.726 0.004 0.018 0.021 0.016 0.005 0.012 0.009 0.015 0.005 0.002 0.017 0.003 0.136 
164      717    (2)   13 :  0.005 0.008 0.010 0.017 0.010 0.081 0.169 0.114 0.091 0.069 0.012 0.043 0.012 0.003 0.331 0.007 0.020 
165      718    (4)   13 :  0.003 0.009 0.002 0.015 0.004 0.022 0.032 0.018 0.006 0.017 0.800 0.014 0.018 0.002 0.005 0.011 0.020 
166      719    (0)   13 :  0.002 0.004 0.002 0.004 0.003 0.004 0.003 0.003 0.002 0.003 0.003 0.003 0.002 0.001 0.005 0.003 0.952 
167      720    (2)   13 :  0.008 0.008 0.013 0.024 0.012 0.082 0.157 0.070 0.006 0.036 0.006 0.036 0.009 0.002 0.070 0.007 0.454 
168      721    (0)   13 :  0.007 0.012 0.006 0.443 0.023 0.077 0.108 0.083 0.005 0.052 0.018 0.066 0.018 0.032 0.018 0.004 0.029 
169      722    (4)   13 :  0.002 0.019 0.002 0.045 0.082 0.032 0.051 0.020 0.005 0.008 0.012 0.007 0.006 0.002 0.164 0.011 0.530 
170      723    (0)   13 :  0.003 0.001 0.005 0.023 0.002 0.010 0.014 0.016 0.006 0.012 0.005 0.018 0.003 0.006 0.008 0.003 0.865 
171      724    (0)   13 :  0.018 0.060 0.008 0.117 0.009 0.014 0.014 0.018 0.011 0.016 0.007 0.019 0.007 0.005 0.014 0.013 0.651 
172      725    (0)   13 :  0.019 0.009 0.010 0.008 0.017 0.177 0.132 0.181 0.008 0.130 0.016 0.233 0.013 0.004 0.014 0.005 0.025 
173      726    (0)   13 :  0.011 0.010 0.005 0.180 0.030 0.113 0.224 0.165 0.003 0.095 0.012 0.107 0.007 0.006 0.014 0.004 0.014 
174      727    (0)   13 :  0.002 0.008 0.012 0.357 0.007 0.144 0.102 0.087 0.003 0.081 0.062 0.081 0.013 0.010 0.012 0.005 0.015 
175      728    (2)   13 :  0.006 0.010 0.006 0.009 0.003 0.137 0.171 0.179 0.013 0.123 0.007 0.211 0.010 0.087 0.010 0.008 0.010 
176      729    (6)   13 :  0.004 0.004 0.004 0.009 0.003 0.110 0.190 0.191 0.005 0.106 0.032 0.254 0.014 0.005 0.042 0.006 0.021 
177      730    (2)   13 :  0.003 0.013 0.005 0.007 0.002 0.047 0.021 0.030 0.009 0.044 0.684 0.033 0.012 0.007 0.037 0.010 0.036 
178      731    (2)   13 :  0.004 0.004 0.002 0.007 0.006 0.016 0.025 0.021 0.004 0.016 0.852 0.021 0.005 0.002 0.003 0.008 0.005 
179      732    (0)   13 :  0.009 0.006 0.006 0.173 0.007 0.186 0.164 0.134 0.013 0.103 0.011 0.138 0.010 0.002 0.015 0.009 0.013 
180      733    (0)   13 :  0.013 0.039 0.003 0.023 0.003 0.132 0.219 0.171 0.010 0.106 0.061 0.138 0.014 0.005 0.025 0.011 0.028 
181      734    (2)   13 :  0.037 0.001 0.081 0.032 0.003 0.115 0.117 0.140 0.007 0.109 0.045 0.136 0.078 0.008 0.073 0.010 0.007 
182      735    (4)   13 :  0.002 0.007 0.008 0.009 0.052 0.081 0.156 0.193 0.008 0.120 0.110 0.149 0.032 0.003 0.010 0.005 0.054 
183      736    (2)   13 :  0.011 0.003 0.024 0.019 0.004 0.109 0.140 0.139 0.005 0.117 0.285 0.094 0.016 0.019 0.006 0.004 0.006 
184      737    (0)   13 :  0.003 0.004 0.004 0.013 0.014 0.035 0.039 0.042 0.030 0.037 0.688 0.042 0.017 0.014 0.005 0.011 0.003 
185      738    (2)   13 :  0.005 0.003 0.005 0.014 0.004 0.087 0.106 0.087 0.005 0.078 0.402 0.090 0.091 0.003 0.006 0.008 0.007 
186      739    (8)   13 :  0.003 0.004 0.006 0.013 0.010 0.028 0.025 0.032 0.004 0.026 0.739 0.033 0.011 0.015 0.011 0.008 0.032 
187      740    (4)   13 :  0.005 0.015 0.003 0.031 0.004 0.042 0.062 0.060 0.005 0.041 0.567 0.067 0.003 0.002 0.006 0.005 0.083 
188      741    (2)   13 :  0.011 0.028 0.026 0.018 0.030 0.068 0.089 0.105 0.085 0.072 0.165 0.119 0.010 0.002 0.089 0.064 0.019 
189      742    (4)   13 :  0.007 0.002 0.005 0.012 0.005 0.082 0.102 0.107 0.019 0.087 0.370 0.079 0.081 0.006 0.006 0.012 0.015 
190      743    (2)   13 :  0.003 0.003 0.013 0.057 0.003 0.013 0.021 0.015 0.004 0.011 0.011 0.012 0.007 0.002 0.729 0.007 0.088 
191      744    (0)   13 :  0.097 0.004 0.004 0.046 0.004 0.096 0.117 0.137 0.005 0.113 0.027 0.115 0.006 0.024 0.013 0.005 0.187 
192      745    (0)   13 :  0.003 0.016 0.005 0.010 0.009 0.060 0.077 0.102 0.024 0.071 0.024 0.087 0.007 0.014 0.041 0.047 0.402 
193      746    (2)   13 :  0.005 0.010 0.005 0.006 0.004 0.082 0.148 0.148 0.039 0.106 0.253 0.164 0.011 0.004 0.003 0.004 0.010 
194      747    (2)   13 :  0.005 0.006 0.024 0.017 0.017 0.067 0.062 0.083 0.008 0.077 0.420 0.078 0.072 0.006 0.004 0.039 0.015 
195      748    (0)   13 :  0.011 0.015 0.015 0.094 0.098 0.055 0.086 0.143 0.022 0.075 0.022 0.199 0.063 0.005 0.004 0.086 0.006 
196      749    (2)   13 :  0.129 0.045 0.019 0.004 0.003 0.088 0.125 0.159 0.010 0.109 0.016 0.155 0.082 0.009 0.025 0.014 0.009 
197      750    (4)   13 :  0.012 0.006 0.005 0.007 0.005 0.100 0.125 0.200 0.023 0.120 0.083 0.229 0.012 0.005 0.054 0.009 0.007 
198      751    (0)   13 :  0.002 0.008 0.007 0.007 0.011 0.091 0.134 0.206 0.007 0.110 0.033 0.269 0.052 0.016 0.022 0.011 0.012 
199      752    (2)   13 :  0.002 0.003 0.003 0.040 0.779 0.007 0.008 0.008 0.005 0.007 0.020 0.008 0.006 0.001 0.009 0.012 0.084 
200      753    (4)   13 :  0.004 0.013 0.030 0.020 0.060 0.128 0.201 0.179 0.006 0.105 0.011 0.112 0.036 0.010 0.009 0.024 0.052 
201      754    (2)   13 :  0.005 0.002 0.003 0.006 0.002 0.005 0.005 0.005 0.003 0.004 0.934 0.005 0.004 0.003 0.008 0.003 0.003 
202      155    (0)   14 :  0.010 0.006 0.028 0.023 0.005 0.105 0.150 0.216 0.006 0.136 0.011 0.255 0.007 0.004 0.009 0.022 0.008 
203      156    (2)   14 :  0.013 0.006 0.005 0.005 0.004 0.251 0.119 0.137 0.006 0.147 0.013 0.116 0.008 0.109 0.038 0.014 0.009 
204      157    (2)   14 :  0.036 0.004 0.011 0.005 0.018 0.030 0.015 0.016 0.005 0.030 0.762 0.019 0.007 0.002 0.025 0.004 0.009 
205      158    (0)   14 :  0.005 0.006 0.007 0.024 0.003 0.169 0.180 0.180 0.009 0.119 0.013 0.214 0.029 0.004 0.005 0.007 0.027 
206      159    (0)   14 :  0.015 0.107 0.003 0.032 0.009 0.089 0.117 0.179 0.007 0.096 0.071 0.226 0.012 0.010 0.004 0.012 0.012 
207      160    (0)   14 :  0.003 0.004 0.010 0.694 0.004 0.018 0.026 0.025 0.003 0.016 0.105 0.021 0.028 0.003 0.013 0.016 0.013 
208      161    (0)   14 :  0.219 0.008 0.008 0.038 0.007 0.063 0.104 0.067 0.003 0.035 0.337 0.059 0.009 0.003 0.020 0.006 0.015 
209      162    (0)   14 :  0.002 0.002 0.005 0.151 0.012 0.106 0.193 0.153 0.006 0.137 0.004 0.058 0.014 0.005 0.117 0.007 0.028 
210      163    (2)   14 :  0.004 0.002 0.003 0.003 0.014 0.206 0.139 0.160 0.008 0.171 0.118 0.087 0.053 0.009 0.015 0.003 0.007 
211      164    (0)   14 :  0.017 0.005 0.018 0.007 0.027 0.097 0.164 0.205 0.010 0.129 0.033 0.184 0.014 0.002 0.008 0.051 0.029 
212      165    (2)   14 :  0.012 0.003 0.003 0.003 0.003 0.475 0.007 0.007 0.003 0.373 0.016 0.082 0.002 0.003 0.003 0.003 0.003 
213      427    (0)   14 :  0.005 0.023 0.086 0.015 0.004 0.011 0.013 0.013 0.003 0.011 0.007 0.012 0.015 0.009 0.014 0.005 0.754 
214      428    (0)   14 :  0.002 0.014 0.004 0.038 0.021 0.010 0.015 0.011 0.005 0.008 0.004 0.009 0.036 0.003 0.006 0.008 0.806 
215      429    (0)   14 :  0.002 0.007 0.003 0.010 0.008 0.008 0.009 0.012 0.008 0.008 0.005 0.012 0.006 0.003 0.542 0.004 0.353 
216      430    (0)   14 :  0.006 0.004 0.004 0.129 0.025 0.085 0.158 0.148 0.047 0.090 0.025 0.149 0.066 0.002 0.027 0.022 0.011 
217      431    (0)   14 :  0.003 0.007 0.005 0.378 0.006 0.024 0.036 0.030 0.023 0.020 0.012 0.030 0.012 0.002 0.209 0.050 0.154 
218      435    (0)   14 :  0.002 0.003 0.002 0.066 0.008 0.005 0.009 0.007 0.004 0.005 0.007 0.007 0.004 0.002 0.312 0.003 0.554 
219      436    (0)   14 :  0.002 0.007 0.003 0.767 0.002 0.005 0.006 0.005 0.004 0.004 0.005 0.005 0.003 0.002 0.026 0.007 0.147 
220      437    (0)   14 :  0.003 0.028 0.004 0.565 0.008 0.038 0.065 0.027 0.007 0.014 0.008 0.017 0.004 0.002 0.008 0.059 0.143 
221      438    (0)   14 :  0.004 0.014 0.002 0.142 0.035 0.044 0.078 0.036 0.018 0.019 0.014 0.027 0.017 0.008 0.011 0.035 0.495 
222      439    (0)   14 :  0.002 0.004 0.004 0.076 0.038 0.077 0.089 0.107 0.027 0.083 0.131 0.125 0.015 0.005 0.033 0.009 0.175 
223      441    (0)   14 :  0.002 0.001 0.003 0.004 0.955 0.003 0.003 0.003 0.004 0.002 0.002 0.003 0.003 0.001 0.003 0.003 0.005 
224      442    (0)   14 :  0.002 0.002 0.183 0.011 0.016 0.014 0.022 0.020 0.003 0.012 0.004 0.019 0.010 0.005 0.095 0.011 0.569 
225      443    (4)   14 :  0.002 0.003 0.002 0.008 0.012 0.005 0.006 0.006 0.004 0.005 0.012 0.006 0.011 0.002 0.004 0.009 0.905 
226      444    (4)   14 :  0.005 0.008 0.008 0.006 0.002 0.007 0.006 0.007 0.003 0.007 0.004 0.007 0.007 0.004 0.010 0.006 0.904 
227      445    (2)   14 :  0.002 0.009 0.004 0.019 0.009 0.115 0.207 0.101 0.004 0.055 0.005 0.055 0.004 0.006 0.005 0.041 0.358 
228      446    (0)   14 :  0.002 0.002 0.004 0.006 0.002 0.004 0.004 0.004 0.002 0.004 0.004 0.004 0.005 0.003 0.942 0.002 0.007 
229      447    (0)   14 :  0.001 0.008 0.006 0.052 0.003 0.014 0.021 0.019 0.003 0.014 0.017 0.017 0.008 0.004 0.307 0.023 0.482 
230      449    (0)   14 :  0.002 0.003 0.005 0.010 0.003 0.003 0.004 0.004 0.004 0.003 0.003 0.003 0.003 0.002 0.005 0.005 0.938 
231      460    (0)   14 :  0.005 0.007 0.006 0.021 0.138 0.031 0.031 0.026 0.006 0.030 0.007 0.027 0.007 0.002 0.091 0.017 0.548 
232      461    (0)   14 :  0.005 0.008 0.007 0.250 0.006 0.053 0.088 0.089 0.014 0.054 0.100 0.101 0.052 0.002 0.023 0.025 0.126 
233      484    (0)   14 :  0.004 0.004 0.012 0.005 0.015 0.054 0.055 0.081 0.145 0.054 0.070 0.108 0.161 0.008 0.063 0.127 0.034 
234      485    (0)   14 :  0.003 0.002 0.004 0.091 0.010 0.014 0.019 0.013 0.004 0.011 0.017 0.010 0.003 0.002 0.011 0.004 0.782 
235      486    (0)   14 :  0.001 0.002 0.002 0.002 0.973 0.002 0.002 0.002 0.002 0.002 0.002 0.002 0.002 0.001 0.002 0.002 0.002 
236      487    (0)   14 :  0.002 0.006 0.010 0.194 0.011 0.056 0.079 0.068 0.007 0.059 0.020 0.054 0.013 0.003 0.099 0.006 0.311 
237      178    (0)   15 :  0.012 0.003 0.006 0.246 0.009 0.093 0.183 0.113 0.003 0.057 0.024 0.058 0.011 0.005 0.037 0.004 0.136 
238      422    (0)   15 :  0.002 0.003 0.003 0.056 0.004 0.012 0.014 0.010 0.006 0.009 0.046 0.009 0.005 0.003 0.308 0.016 0.494 
239      425    (0)   15 :  0.002 0.006 0.003 0.157 0.004 0.014 0.015 0.019 0.002 0.013 0.013 0.019 0.007 0.001 0.672 0.005 0.047 
240      426    (0)   15 :  0.024 0.003 0.022 0.054 0.004 0.054 0.086 0.109 0.004 0.069 0.033 0.143 0.197 0.100 0.082 0.003 0.013 
241      432    (0)   15 :  0.004 0.008 0.008 0.020 0.009 0.071 0.114 0.162 0.008 0.092 0.014 0.185 0.033 0.007 0.025 0.010 0.229 
242      434    (0)   15 :  0.001 0.004 0.003 0.003 0.003 0.002 0.003 0.003 0.004 0.003 0.003 0.003 0.003 0.002 0.952 0.003 0.006 
243      440    (0)   15 :  0.003 0.002 0.012 0.109 0.025 0.090 0.108 0.079 0.007 0.065 0.006 0.063 0.035 0.002 0.331 0.004 0.060 
244      448    (2)   15 :  0.002 0.036 0.012 0.007 0.007 0.007 0.008 0.008 0.026 0.006 0.011 0.008 0.010 0.002 0.021 0.010 0.821 
245      456    (0)   15 :  0.003 0.004 0.009 0.168 0.005 0.105 0.103 0.126 0.080 0.081 0.009 0.161 0.018 0.003 0.037 0.063 0.027 
246      457    (0)   15 :  0.003 0.008 0.005 0.213 0.035 0.049 0.081 0.089 0.021 0.050 0.014 0.090 0.020 0.005 0.035 0.017 0.264 
247      458    (0)   15 :  0.004 0.005 0.017 0.432 0.009 0.046 0.058 0.082 0.004 0.051 0.072 0.118 0.041 0.007 0.025 0.011 0.018 
248      459    (0)   15 :  0.005 0.002 0.005 0.010 0.007 0.009 0.012 0.010 0.004 0.008 0.014 0.011 0.011 0.003 0.009 0.007 0.873 
249      464    (0)   15 :  0.015 0.003 0.011 0.180 0.013 0.017 0.023 0.019 0.004 0.015 0.006 0.015 0.005 0.005 0.108 0.004 0.558 
250      465    (0)   15 :  0.003 0.002 0.002 0.505 0.006 0.008 0.009 0.008 0.005 0.008 0.009 0.008 0.003 0.001 0.409 0.004 0.010 
251      466    (0)   15 :  0.001 0.014 0.005 0.053 0.016 0.083 0.155 0.066 0.006 0.033 0.021 0.032 0.009 0.001 0.050 0.021 0.435 
252      470    (0)   15 :  0.003 0.003 0.006 0.379 0.097 0.007 0.008 0.008 0.006 0.006 0.008 0.008 0.012 0.002 0.019 0.004 0.426 
253      471    (0)   15 :  0.004 0.024 0.003 0.018 0.006 0.028 0.035 0.039 0.031 0.027 0.010 0.037 0.049 0.036 0.470 0.008 0.174 
254      483    (0)   15 :  0.005 0.002 0.006 0.004 0.004 0.006 0.005 0.006 0.003 0.005 0.014 0.005 0.007 0.002 0.901 0.003 0.022 
255      488    (0)   15 :  0.002 0.002 0.003 0.916 0.004 0.005 0.007 0.007 0.003 0.005 0.010 0.007 0.005 0.002 0.003 0.007 0.011 
256      495    (0)   15 :  0.003 0.002 0.002 0.069 0.003 0.007 0.010 0.011 0.016 0.007 0.020 0.009 0.006 0.001 0.784 0.016 0.032 
257      496    (0)   15 :  0.003 0.005 0.002 0.860 0.003 0.010 0.009 0.008 0.004 0.012 0.012 0.008 0.005 0.002 0.042 0.002 0.011 
258      497    (0)   15 :  0.003 0.004 0.026 0.006 0.002 0.006 0.009 0.009 0.026 0.007 0.004 0.008 0.002 0.002 0.870 0.005 0.012 
259      500    (0)   15 :  0.056 0.014 0.003 0.041 0.037 0.048 0.052 0.057 0.022 0.044 0.039 0.060 0.007 0.004 0.008 0.468 0.042 
260      879    (0)   15 :  0.003 0.001 0.006 0.004 0.005 0.004 0.004 0.004 0.002 0.004 0.005 0.004 0.006 0.002 0.921 0.003 0.023 
261      036    (0)   16 :  0.003 0.011 0.002 0.012 0.004 0.092 0.121 0.219 0.004 0.129 0.017 0.348 0.005 0.004 0.008 0.005 0.014 
262      063    (2)   16 :  0.003 0.003 0.015 0.016 0.010 0.203 0.187 0.117 0.031 0.142 0.056 0.113 0.048 0.004 0.009 0.012 0.032 
263      094    (4)   16 :  0.012 0.011 0.009 0.140 0.007 0.048 0.074 0.105 0.012 0.065 0.263 0.126 0.017 0.005 0.007 0.078 0.020 
264      103    (4)   16 :  0.006 0.002 0.003 0.003 0.004 0.472 0.007 0.008 0.009 0.371 0.018 0.081 0.002 0.002 0.003 0.003 0.004 
265      112    (0)   16 :  0.007 0.003 0.006 0.005 0.012 0.081 0.092 0.134 0.007 0.101 0.372 0.113 0.044 0.004 0.007 0.006 0.006 
266      114    (2)   16 :  0.003 0.007 0.004 0.049 0.014 0.114 0.191 0.184 0.004 0.134 0.077 0.189 0.004 0.002 0.011 0.004 0.009 
267      120    (0)   16 :  0.003 0.011 0.004 0.029 0.006 0.019 0.018 0.021 0.005 0.019 0.803 0.020 0.014 0.002 0.006 0.013 0.006 
268      127    (2)   16 :  0.006 0.005 0.006 0.109 0.066 0.069 0.119 0.168 0.005 0.102 0.029 0.242 0.056 0.003 0.006 0.007 0.003 
269      147    (0)   16 :  0.007 0.005 0.006 0.008 0.007 0.092 0.119 0.162 0.005 0.123 0.017 0.181 0.198 0.043 0.012 0.002 0.012 
270      166    (0)   16 :  0.075 0.004 0.017 0.122 0.004 0.096 0.105 0.134 0.011 0.098 0.036 0.129 0.107 0.025 0.006 0.005 0.025 
271      167    (0)   16 :  0.004 0.011 0.004 0.081 0.017 0.106 0.178 0.147 0.054 0.131 0.015 0.069 0.006 0.005 0.151 0.006 0.015 
272      168    (0)   16 :  0.012 0.016 0.004 0.008 0.003 0.130 0.230 0.237 0.004 0.131 0.013 0.182 0.003 0.003 0.007 0.004 0.012 
273      169    (2)   16 :  0.003 0.006 0.004 0.150 0.004 0.103 0.166 0.131 0.006 0.103 0.036 0.090 0.042 0.005 0.099 0.009 0.044 
274      170    (0)   16 :  0.039 0.004 0.035 0.005 0.020 0.158 0.135 0.173 0.006 0.160 0.054 0.139 0.017 0.005 0.009 0.023 0.016 
275      171    (2)   16 :  0.006 0.003 0.004 0.006 0.003 0.328 0.120 0.123 0.009 0.176 0.019 0.077 0.034 0.011 0.005 0.069 0.007 
276      172    (0)   16 :  0.004 0.012 0.004 0.025 0.002 0.018 0.017 0.017 0.010 0.021 0.786 0.020 0.014 0.015 0.015 0.014 0.006 
277      185    (0)   16 :  0.004 0.002 0.005 0.015 0.016 0.183 0.181 0.169 0.009 0.146 0.009 0.111 0.036 0.005 0.030 0.004 0.074 
278      199    (2)   16 :  0.011 0.006 0.212 0.023 0.007 0.117 0.192 0.179 0.003 0.127 0.005 0.088 0.007 0.006 0.004 0.006 0.007 
279      339    (0)   16 :  0.002 0.002 0.007 0.297 0.006 0.083 0.144 0.112 0.012 0.105 0.006 0.031 0.009 0.006 0.161 0.005 0.012 
280      355    (0)   16 :  0.034 0.002 0.072 0.003 0.004 0.128 0.209 0.204 0.006 0.183 0.005 0.118 0.008 0.013 0.003 0.003 0.004 
281      356    (0)   16 :  0.167 0.006 0.005 0.021 0.018 0.017 0.031 0.041 0.003 0.030 0.586 0.051 0.007 0.003 0.006 0.004 0.005 
282      357    (0)   16 :  0.006 0.009 0.015 0.029 0.022 0.122 0.147 0.188 0.004 0.111 0.050 0.252 0.015 0.012 0.006 0.007 0.007 
283      358    (0)   16 :  0.004 0.002 0.003 0.007 0.016 0.084 0.141 0.218 0.044 0.123 0.006 0.309 0.009 0.006 0.007 0.008 0.011 
284      359    (0)   16 :  0.005 0.001 0.010 0.007 0.003 0.097 0.128 0.161 0.020 0.123 0.228 0.175 0.018 0.002 0.014 0.004 0.005 
285      360    (0)   16 :  0.020 0.005 0.004 0.018 0.005 0.138 0.166 0.192 0.003 0.131 0.018 0.221 0.019 0.009 0.020 0.013 0.017 
286      361    (0)   16 :  0.003 0.003 0.003 0.041 0.004 0.016 0.022 0.022 0.006 0.017 0.763 0.021 0.011 0.002 0.047 0.005 0.014 
287      362    (0)   16 :  0.012 0.002 0.005 0.019 0.003 0.061 0.089 0.134 0.010 0.074 0.045 0.140 0.075 0.005 0.109 0.198 0.020 
288      363    (0)   16 :  0.007 0.005 0.041 0.017 0.010 0.061 0.090 0.126 0.009 0.088 0.023 0.143 0.343 0.012 0.007 0.006 0.014 
289      364    (0)   16 :  0.081 0.003 0.040 0.078 0.014 0.052 0.073 0.101 0.007 0.070 0.022 0.118 0.013 0.003 0.004 0.314 0.008 
290      365    (0)   16 :  0.060 0.002 0.003 0.087 0.008 0.091 0.147 0.173 0.005 0.101 0.016 0.237 0.006 0.010 0.010 0.020 0.024 
291      366    (0)   16 :  0.005 0.001 0.003 0.009 0.003 0.088 0.129 0.232 0.011 0.113 0.067 0.292 0.013 0.023 0.004 0.004 0.004 
292      367    (0)   16 :  0.002 0.005 0.003 0.005 0.030 0.150 0.223 0.192 0.016 0.155 0.014 0.169 0.005 0.009 0.004 0.011 0.007 
293      368    (0)   16 :  0.064 0.007 0.004 0.005 0.044 0.209 0.133 0.148 0.016 0.169 0.007 0.139 0.006 0.012 0.004 0.028 0.005 
294      369    (0)   16 :  0.017 0.002 0.004 0.005 0.003 0.230 0.224 0.180 0.005 0.202 0.010 0.095 0.007 0.004 0.006 0.003 0.004 
295      370    (0)   16 :  0.076 0.012 0.008 0.018 0.005 0.060 0.062 0.096 0.041 0.077 0.376 0.115 0.014 0.011 0.010 0.005 0.013 
296      371    (0)   16 :  0.002 0.005 0.007 0.006 0.003 0.140 0.196 0.222 0.009 0.163 0.009 0.195 0.004 0.003 0.008 0.016 0.010 
297      372    (0)   16 :  0.005 0.003 0.335 0.060 0.002 0.012 0.012 0.012 0.003 0.012 0.011 0.013 0.045 0.004 0.011 0.012 0.447 
298      373    (0)   16 :  0.101 0.004 0.038 0.009 0.002 0.158 0.204 0.138 0.010 0.093 0.074 0.108 0.006 0.003 0.025 0.007 0.022 
299      380    (0)   16 :  0.009 0.038 0.009 0.033 0.002 0.093 0.155 0.196 0.009 0.106 0.042 0.246 0.028 0.006 0.005 0.016 0.008 
300      388    (0)   16 :  0.041 0.005 0.020 0.007 0.004 0.051 0.072 0.129 0.012 0.071 0.370 0.162 0.026 0.007 0.006 0.010 0.007 
301      418    (0)   16 :  0.006 0.025 0.047 0.012 0.007 0.147 0.310 0.174 0.003 0.095 0.012 0.113 0.017 0.006 0.005 0.014 0.009 
302      419    (0)   16 :  0.006 0.009 0.003 0.011 0.007 0.172 0.353 0.173 0.005 0.113 0.008 0.100 0.006 0.005 0.006 0.005 0.018 
303      420    (0)   16 :  0.006 0.002 0.059 0.026 0.009 0.096 0.156 0.153 0.010 0.092 0.051 0.175 0.014 0.042 0.017 0.043 0.048 
304      409    (0)   17 :  0.005 0.103 0.003 0.025 0.007 0.281 0.149 0.120 0.005 0.152 0.035 0.067 0.013 0.002 0.005 0.007 0.020 
305      414    (0)   17 :  0.003 0.015 0.008 0.010 0.007 0.310 0.188 0.149 0.007 0.146 0.006 0.100 0.016 0.002 0.012 0.015 0.006 
306      415    (2)   17 :  0.014 0.004 0.015 0.009 0.030 0.174 0.180 0.190 0.011 0.172 0.022 0.147 0.011 0.003 0.007 0.006 0.004 
307      416    (0)   17 :  0.003 0.071 0.010 0.021 0.004 0.139 0.271 0.162 0.026 0.111 0.009 0.103 0.010 0.003 0.012 0.024 0.023 
308      571    (0)    2 :  0.002 0.004 0.003 0.008 0.028 0.007 0.006 0.006 0.016 0.007 0.005 0.007 0.028 0.004 0.013 0.835 0.020 
309      572    (0)    2 :  0.004 0.008 0.004 0.003 0.011 0.017 0.016 0.014 0.043 0.015 0.007 0.016 0.037 0.006 0.005 0.793 0.003 
310      573    (2)    2 :  0.001 0.004 0.003 0.004 0.009 0.006 0.006 0.007 0.005 0.007 0.004 0.008 0.003 0.001 0.005 0.924 0.005 
311      574    (0)    2 :  0.008 0.012 0.002 0.006 0.004 0.009 0.009 0.009 0.008 0.009 0.006 0.009 0.005 0.002 0.007 0.890 0.005 
312      575    (2)    2 :  0.006 0.005 0.008 0.005 0.006 0.015 0.015 0.014 0.014 0.014 0.005 0.015 0.061 0.007 0.005 0.797 0.008 
313      576    (0)    2 :  0.001 0.003 0.002 0.003 0.003 0.003 0.003 0.003 0.005 0.003 0.002 0.003 0.003 0.001 0.003 0.958 0.003 
314      577    (0)    2 :  0.002 0.008 0.007 0.006 0.011 0.013 0.008 0.007 0.014 0.015 0.003 0.008 0.006 0.002 0.012 0.873 0.005 
315      578    (0)    2 :  0.001 0.049 0.008 0.005 0.004 0.004 0.003 0.003 0.004 0.004 0.002 0.004 0.004 0.002 0.006 0.891 0.004 
316      579    (0)    2 :  0.001 0.008 0.004 0.013 0.002 0.005 0.004 0.004 0.003 0.006 0.002 0.004 0.004 0.002 0.008 0.925 0.007 
317      580    (0)    2 :  0.001 0.002 0.002 0.003 0.002 0.003 0.003 0.003 0.003 0.003 0.002 0.003 0.003 0.002 0.004 0.956 0.003 
318      581    (0)    2 :  0.001 0.014 0.002 0.005 0.002 0.003 0.003 0.003 0.007 0.003 0.002 0.003 0.003 0.002 0.007 0.935 0.005 
319      582    (4)    2 :  0.003 0.003 0.016 0.013 0.002 0.020 0.022 0.020 0.012 0.021 0.011 0.019 0.006 0.049 0.028 0.741 0.012 
320      583    (0)    2 :  0.002 0.004 0.015 0.016 0.014 0.049 0.064 0.088 0.008 0.052 0.019 0.110 0.031 0.009 0.044 0.468 0.009 
321      584    (0)    2 :  0.001 0.014 0.007 0.007 0.005 0.010 0.007 0.007 0.006 0.009 0.007 0.007 0.007 0.003 0.040 0.832 0.031 
322      585    (0)    2 :  0.001 0.002 0.002 0.007 0.010 0.006 0.004 0.004 0.010 0.006 0.003 0.004 0.006 0.002 0.012 0.917 0.005 
323      586    (2)    2 :  0.001 0.004 0.010 0.006 0.004 0.005 0.004 0.004 0.007 0.005 0.002 0.004 0.006 0.003 0.008 0.921 0.006 
324      587    (0)    2 :  0.001 0.009 0.002 0.004 0.002 0.003 0.003 0.003 0.003 0.003 0.003 0.003 0.003 0.002 0.004 0.951 0.002 
325      588    (0)    2 :  0.007 0.004 0.010 0.006 0.018 0.038 0.014 0.017 0.008 0.042 0.006 0.021 0.011 0.009 0.005 0.773 0.010 
326      589    (0)    2 :  0.005 0.018 0.018 0.007 0.004 0.025 0.026 0.030 0.011 0.022 0.009 0.029 0.048 0.004 0.021 0.684 0.037 
327      590    (0)    2 :  0.004 0.036 0.011 0.013 0.053 0.007 0.006 0.007 0.035 0.006 0.005 0.008 0.003 0.009 0.006 0.785 0.006 
328      001    (0)    3 :  0.956 0.003 0.001 0.002 0.002 0.003 0.003 0.004 0.003 0.003 0.003 0.004 0.002 0.003 0.002 0.003 0.002 
329      005    (0)    3 :  0.965 0.001 0.003 0.001 0.002 0.002 0.002 0.002 0.002 0.002 0.002 0.002 0.002 0.006 0.002 0.001 0.002 
330      106    (0)    3 :  0.956 0.003 0.003 0.002 0.002 0.003 0.003 0.003 0.003 0.003 0.003 0.003 0.003 0.002 0.002 0.005 0.002 
331      192    (0)    3 :  0.862 0.006 0.011 0.004 0.003 0.017 0.012 0.014 0.004 0.015 0.006 0.016 0.009 0.005 0.004 0.006 0.006 
332      229    (0)    3 :  0.884 0.003 0.003 0.004 0.005 0.005 0.006 0.005 0.007 0.005 0.006 0.006 0.007 0.042 0.007 0.003 0.003 
333      319    (0)    3 :  0.947 0.002 0.002 0.003 0.002 0.004 0.004 0.004 0.003 0.004 0.008 0.004 0.002 0.005 0.002 0.002 0.002 
334      327    (0)    3 :  0.957 0.002 0.003 0.002 0.002 0.003 0.003 0.003 0.002 0.003 0.006 0.003 0.003 0.002 0.002 0.003 0.002 
335      340    (0)    3 :  0.939 0.001 0.003 0.003 0.004 0.007 0.004 0.004 0.004 0.008 0.004 0.005 0.002 0.004 0.003 0.003 0.002 
336      345    (0)    3 :  0.924 0.001 0.003 0.006 0.002 0.005 0.005 0.005 0.004 0.005 0.011 0.005 0.005 0.011 0.002 0.004 0.003 
337      375    (0)    3 :  0.955 0.001 0.005 0.003 0.002 0.003 0.003 0.003 0.002 0.003 0.003 0.003 0.004 0.003 0.002 0.002 0.002 
338      501    (4)    3 :  0.952 0.001 0.002 0.003 0.008 0.003 0.003 0.003 0.002 0.003 0.004 0.003 0.004 0.003 0.002 0.002 0.003 
339      502    (0)    3 :  0.914 0.003 0.004 0.011 0.012 0.005 0.004 0.005 0.004 0.005 0.003 0.005 0.008 0.008 0.003 0.003 0.002 
340      503    (2)    3 :  0.959 0.002 0.002 0.001 0.007 0.002 0.002 0.002 0.003 0.002 0.002 0.003 0.002 0.002 0.002 0.004 0.001 
341      504    (0)    3 :  0.921 0.004 0.004 0.007 0.002 0.004 0.005 0.005 0.002 0.004 0.002 0.005 0.003 0.016 0.005 0.002 0.009 
342      505    (0)    3 :  0.867 0.007 0.003 0.002 0.002 0.006 0.007 0.007 0.012 0.006 0.010 0.007 0.007 0.047 0.003 0.005 0.002 
343      506    (2)    3 :  0.930 0.002 0.002 0.003 0.005 0.005 0.005 0.006 0.002 0.005 0.006 0.006 0.006 0.006 0.004 0.002 0.005 
344      507    (4)    3 :  0.953 0.001 0.002 0.003 0.004 0.003 0.003 0.004 0.003 0.003 0.004 0.003 0.005 0.004 0.002 0.002 0.002 
345      508    (0)    3 :  0.904 0.002 0.002 0.005 0.022 0.006 0.006 0.006 0.006 0.006 0.008 0.006 0.005 0.003 0.004 0.004 0.006 
346      509    (2)    3 :  0.951 0.002 0.004 0.002 0.003 0.004 0.003 0.003 0.003 0.005 0.003 0.003 0.003 0.003 0.004 0.002 0.002 
347      510    (2)    3 :  0.919 0.003 0.019 0.005 0.004 0.005 0.005 0.005 0.001 0.006 0.002 0.006 0.003 0.003 0.004 0.002 0.008 
348      511    (4)    3 :  0.957 0.003 0.002 0.003 0.005 0.003 0.003 0.003 0.002 0.003 0.002 0.003 0.002 0.002 0.003 0.002 0.003 
349      512    (4)    3 :  0.952 0.002 0.003 0.003 0.002 0.003 0.003 0.003 0.002 0.003 0.004 0.003 0.004 0.006 0.002 0.002 0.003 
350      513    (0)    3 :  0.934 0.002 0.019 0.002 0.002 0.003 0.003 0.004 0.002 0.004 0.002 0.004 0.003 0.008 0.003 0.002 0.003 
351      514    (0)    3 :  0.954 0.001 0.002 0.002 0.002 0.003 0.004 0.004 0.002 0.004 0.002 0.003 0.002 0.002 0.009 0.001 0.002 
352      515    (2)    3 :  0.958 0.001 0.003 0.002 0.002 0.003 0.002 0.002 0.003 0.004 0.002 0.003 0.002 0.004 0.003 0.002 0.002 
353      516    (2)    3 :  0.921 0.003 0.007 0.008 0.008 0.005 0.005 0.005 0.004 0.004 0.003 0.005 0.005 0.004 0.004 0.003 0.004 
354      517    (0)    3 :  0.962 0.001 0.002 0.002 0.002 0.002 0.002 0.002 0.001 0.002 0.002 0.002 0.002 0.005 0.001 0.001 0.010 
355      518    (0)    3 :  0.927 0.002 0.003 0.005 0.004 0.006 0.006 0.006 0.006 0.006 0.005 0.006 0.004 0.003 0.003 0.003 0.005 
356      519    (0)    3 :  0.953 0.003 0.003 0.002 0.004 0.003 0.003 0.003 0.003 0.004 0.003 0.003 0.002 0.002 0.002 0.003 0.003 
357      520    (2)    3 :  0.947 0.004 0.006 0.002 0.002 0.004 0.003 0.003 0.002 0.004 0.002 0.003 0.003 0.002 0.003 0.003 0.006 
358      521    (2)    3 :  0.951 0.008 0.003 0.002 0.002 0.002 0.002 0.002 0.003 0.002 0.003 0.002 0.003 0.006 0.002 0.003 0.002 
359      522    (0)    3 :  0.894 0.013 0.005 0.021 0.010 0.005 0.006 0.006 0.004 0.005 0.003 0.006 0.004 0.001 0.004 0.006 0.007 
360      523    (2)    3 :  0.916 0.004 0.002 0.004 0.005 0.006 0.007 0.007 0.008 0.006 0.006 0.007 0.004 0.004 0.005 0.005 0.005 
361      524    (0)    3 :  0.797 0.012 0.006 0.014 0.068 0.008 0.010 0.010 0.022 0.008 0.009 0.010 0.006 0.003 0.004 0.008 0.006 
362      525    (0)    3 :  0.964 0.001 0.003 0.003 0.002 0.003 0.003 0.003 0.001 0.003 0.002 0.003 0.002 0.001 0.002 0.002 0.002 
363      526    (2)    3 :  0.953 0.002 0.002 0.002 0.002 0.002 0.002 0.002 0.002 0.002 0.003 0.003 0.002 0.012 0.002 0.002 0.003 
364      527    (2)    4 :  0.007 0.002 0.010 0.009 0.012 0.014 0.007 0.007 0.024 0.015 0.003 0.009 0.006 0.005 0.009 0.853 0.006 
365      528    (4)    4 :  0.002 0.016 0.008 0.014 0.003 0.022 0.023 0.023 0.077 0.018 0.019 0.025 0.334 0.003 0.005 0.404 0.004 
366      529    (4)    4 :  0.003 0.015 0.004 0.016 0.006 0.014 0.021 0.019 0.013 0.013 0.008 0.020 0.113 0.009 0.020 0.694 0.012 
367      530    (0)    4 :  0.008 0.004 0.005 0.003 0.006 0.008 0.007 0.007 0.009 0.007 0.013 0.006 0.011 0.004 0.003 0.897 0.003 
368      531    (2)    4 :  0.004 0.010 0.004 0.004 0.003 0.006 0.007 0.007 0.010 0.006 0.009 0.008 0.025 0.006 0.004 0.881 0.006 
369      532    (4)    4 :  0.003 0.003 0.002 0.004 0.029 0.010 0.011 0.013 0.014 0.011 0.022 0.017 0.109 0.002 0.005 0.741 0.003 
370      533    (0)    4 :  0.007 0.021 0.002 0.020 0.002 0.075 0.058 0.040 0.034 0.047 0.025 0.039 0.013 0.002 0.026 0.581 0.007 
371      534    (2)    4 :  0.003 0.012 0.006 0.005 0.003 0.008 0.009 0.008 0.065 0.007 0.006 0.008 0.007 0.002 0.005 0.841 0.005 
372      535    (2)    4 :  0.002 0.004 0.002 0.009 0.011 0.010 0.011 0.012 0.008 0.008 0.009 0.011 0.028 0.005 0.005 0.859 0.007 
373      536    (2)    4 :  0.002 0.028 0.002 0.003 0.004 0.005 0.006 0.006 0.008 0.005 0.007 0.006 0.003 0.012 0.005 0.891 0.005 
374      537    (2)    4 :  0.002 0.008 0.014 0.007 0.002 0.007 0.006 0.006 0.006 0.006 0.004 0.006 0.007 0.002 0.007 0.900 0.009 
375      538    (2)    4 :  0.006 0.003 0.004 0.025 0.003 0.042 0.033 0.029 0.053 0.042 0.038 0.034 0.005 0.002 0.024 0.649 0.008 
376      539    (2)    4 :  0.001 0.003 0.002 0.007 0.003 0.005 0.006 0.005 0.116 0.005 0.004 0.005 0.006 0.002 0.002 0.825 0.003 
377      540    (2)    4 :  0.001 0.011 0.002 0.009 0.005 0.013 0.017 0.014 0.011 0.011 0.022 0.011 0.006 0.001 0.007 0.842 0.018 
378      541    (2)    4 :  0.003 0.008 0.003 0.009 0.005 0.007 0.009 0.010 0.051 0.007 0.022 0.009 0.050 0.002 0.025 0.753 0.029 
379      542    (2)    4 :  0.002 0.010 0.009 0.069 0.004 0.015 0.018 0.020 0.062 0.016 0.017 0.021 0.015 0.004 0.017 0.679 0.020 
380      543    (0)    4 :  0.003 0.019 0.014 0.012 0.003 0.029 0.046 0.072 0.032 0.037 0.014 0.091 0.009 0.002 0.013 0.576 0.030 
381      544    (2)    4 :  0.003 0.004 0.002 0.003 0.001 0.004 0.004 0.004 0.018 0.004 0.007 0.004 0.003 0.002 0.003 0.930 0.003 
382      545    (2)    4 :  0.002 0.004 0.002 0.013 0.010 0.054 0.008 0.008 0.767 0.057 0.005 0.014 0.005 0.001 0.009 0.036 0.004 
383      546    (4)    4 :  0.001 0.004 0.002 0.015 0.010 0.090 0.014 0.015 0.683 0.102 0.004 0.029 0.004 0.002 0.007 0.015 0.003 
384      547    (6)    4 :  0.004 0.009 0.030 0.008 0.035 0.027 0.035 0.043 0.010 0.032 0.022 0.043 0.009 0.014 0.021 0.646 0.011 
385      019    (0)    5 :  0.002 0.008 0.004 0.004 0.003 0.007 0.007 0.007 0.770 0.006 0.006 0.007 0.017 0.004 0.035 0.076 0.035 
386      064    (0)    5 :  0.001 0.002 0.002 0.002 0.003 0.002 0.002 0.002 0.936 0.003 0.002 0.002 0.002 0.001 0.003 0.030 0.003 
387      065    (0)    5 :  0.001 0.005 0.001 0.002 0.002 0.002 0.002 0.002 0.025 0.002 0.003 0.002 0.003 0.001 0.004 0.939 0.003 
388      066    (0)    5 :  0.002 0.006 0.002 0.009 0.011 0.010 0.010 0.011 0.573 0.009 0.010 0.011 0.004 0.002 0.017 0.298 0.014 
389      067    (0)    5 :  0.005 0.009 0.009 0.005 0.004 0.008 0.008 0.008 0.850 0.008 0.005 0.009 0.017 0.007 0.026 0.011 0.011 
390      068    (0)    5 :  0.002 0.008 0.029 0.011 0.021 0.008 0.008 0.009 0.030 0.009 0.008 0.009 0.018 0.002 0.010 0.812 0.008 
391      069    (0)    5 :  0.001 0.011 0.004 0.008 0.019 0.009 0.005 0.005 0.761 0.011 0.007 0.006 0.008 0.001 0.003 0.138 0.005 
392      107    (0)    5 :  0.001 0.003 0.002 0.005 0.006 0.006 0.004 0.005 0.491 0.006 0.003 0.005 0.004 0.001 0.005 0.445 0.008 
393      110    (0)    5 :  0.002 0.002 0.001 0.002 0.003 0.003 0.002 0.003 0.953 0.003 0.002 0.003 0.009 0.003 0.003 0.003 0.002 
394      121    (0)    5 :  0.001 0.002 0.003 0.005 0.003 0.004 0.004 0.004 0.023 0.004 0.003 0.004 0.013 0.001 0.008 0.913 0.004 
395      137    (0)    5 :  0.002 0.005 0.002 0.007 0.005 0.008 0.010 0.009 0.890 0.008 0.005 0.009 0.004 0.010 0.010 0.008 0.007 
396      146    (0)    5 :  0.004 0.021 0.003 0.004 0.002 0.010 0.009 0.011 0.537 0.011 0.065 0.010 0.005 0.003 0.006 0.293 0.005 
397      149    (0)    5 :  0.001 0.002 0.002 0.004 0.002 0.004 0.005 0.005 0.936 0.004 0.003 0.004 0.005 0.003 0.009 0.005 0.005 
398      154    (0)    5 :  0.003 0.162 0.016 0.004 0.003 0.006 0.006 0.006 0.705 0.006 0.003 0.006 0.004 0.002 0.008 0.054 0.006 
399      179    (0)    5 :  0.002 0.004 0.004 0.006 0.007 0.004 0.004 0.004 0.543 0.004 0.004 0.004 0.004 0.002 0.004 0.394 0.005 
400      181    (0)    5 :  0.001 0.004 0.002 0.003 0.002 0.004 0.004 0.004 0.758 0.004 0.003 0.004 0.003 0.002 0.003 0.198 0.003 
401      182    (0)    5 :  0.003 0.006 0.014 0.005 0.017 0.011 0.011 0.012 0.105 0.010 0.013 0.013 0.028 0.002 0.010 0.735 0.005 
402      186    (0)    5 :  0.005 0.004 0.004 0.014 0.008 0.012 0.016 0.018 0.604 0.013 0.032 0.017 0.093 0.005 0.008 0.139 0.008 
403      193    (0)    5 :  0.003 0.008 0.004 0.004 0.004 0.008 0.007 0.007 0.411 0.007 0.008 0.007 0.006 0.002 0.006 0.496 0.013 
404      320    (0)    5 :  0.001 0.009 0.011 0.004 0.003 0.006 0.006 0.006 0.872 0.005 0.012 0.006 0.007 0.003 0.009 0.034 0.004 
405      341    (0)    5 :  0.001 0.003 0.004 0.009 0.005 0.005 0.006 0.006 0.044 0.005 0.007 0.006 0.004 0.002 0.010 0.876 0.008 
406      376    (0)    5 :  0.039 0.009 0.003 0.006 0.017 0.008 0.012 0.011 0.211 0.008 0.014 0.012 0.024 0.003 0.003 0.616 0.005 
407      395    (0)    5 :  0.001 0.051 0.004 0.025 0.004 0.007 0.007 0.007 0.635 0.006 0.006 0.008 0.011 0.006 0.005 0.197 0.020 
408      396    (0)    5 :  0.002 0.003 0.002 0.004 0.005 0.003 0.003 0.003 0.041 0.003 0.004 0.003 0.002 0.003 0.002 0.914 0.003 
409      397    (0)    5 :  0.001 0.010 0.006 0.003 0.002 0.004 0.005 0.005 0.087 0.004 0.003 0.005 0.005 0.009 0.004 0.841 0.004 
410      398    (0)    5 :  0.002 0.058 0.004 0.002 0.005 0.004 0.005 0.006 0.448 0.004 0.009 0.006 0.011 0.004 0.003 0.422 0.006 
411      399    (0)    5 :  0.002 0.002 0.003 0.003 0.006 0.005 0.005 0.005 0.006 0.005 0.008 0.005 0.014 0.002 0.006 0.920 0.002 
412      400    (0)    5 :  0.001 0.006 0.002 0.003 0.010 0.005 0.007 0.007 0.889 0.006 0.015 0.007 0.011 0.002 0.004 0.022 0.003 
413      401    (0)    5 :  0.004 0.006 0.002 0.006 0.007 0.009 0.012 0.013 0.811 0.010 0.009 0.012 0.004 0.003 0.007 0.081 0.005 
414      402    (0)    5 :  0.003 0.002 0.003 0.003 0.003 0.003 0.003 0.003 0.951 0.003 0.003 0.004 0.007 0.002 0.002 0.003 0.002 
415      403    (0)    5 :  0.002 0.004 0.004 0.010 0.010 0.008 0.008 0.009 0.401 0.009 0.027 0.010 0.018 0.011 0.024 0.434 0.009 
416      073    (0)    6 :  0.002 0.001 0.002 0.004 0.003 0.004 0.004 0.004 0.005 0.005 0.003 0.004 0.006 0.002 0.005 0.939 0.006 
417      074    (0)    6 :  0.007 0.038 0.005 0.003 0.002 0.008 0.008 0.007 0.004 0.006 0.004 0.007 0.002 0.002 0.004 0.887 0.005 
418      075    (0)    6 :  0.002 0.006 0.004 0.008 0.002 0.008 0.005 0.005 0.008 0.008 0.010 0.006 0.005 0.003 0.008 0.906 0.005 
419      076    (0)    6 :  0.004 0.004 0.006 0.010 0.003 0.006 0.007 0.006 0.009 0.005 0.005 0.006 0.013 0.005 0.010 0.897 0.004 
420      077    (0)    6 :  0.001 0.003 0.008 0.009 0.006 0.009 0.007 0.007 0.013 0.011 0.006 0.008 0.006 0.003 0.007 0.885 0.013 
421      078    (0)    6 :  0.002 0.005 0.005 0.008 0.003 0.062 0.013 0.013 0.008 0.062 0.012 0.024 0.005 0.005 0.006 0.760 0.006 
422      079    (0)    6 :  0.002 0.002 0.002 0.007 0.008 0.010 0.012 0.014 0.011 0.010 0.006 0.016 0.007 0.001 0.009 0.879 0.005 
423      080    (0)    6 :  0.003 0.003 0.019 0.003 0.004 0.006 0.006 0.006 0.005 0.005 0.004 0.006 0.015 0.002 0.007 0.902 0.003 
424      081    (0)    6 :  0.004 0.012 0.003 0.009 0.004 0.010 0.012 0.012 0.040 0.010 0.004 0.012 0.008 0.015 0.007 0.787 0.051 
425      082    (0)    6 :  0.001 0.003 0.003 0.002 0.005 0.003 0.004 0.003 0.019 0.003 0.004 0.003 0.006 0.002 0.002 0.934 0.003 
426      083    (0)    6 :  0.002 0.010 0.002 0.005 0.008 0.006 0.008 0.008 0.019 0.007 0.005 0.008 0.006 0.003 0.004 0.896 0.004 
427      084    (0)    6 :  0.004 0.103 0.002 0.006 0.002 0.005 0.005 0.005 0.011 0.005 0.004 0.006 0.003 0.005 0.011 0.814 0.009 
428      085    (0)    6 :  0.002 0.009 0.003 0.249 0.016 0.016 0.015 0.013 0.049 0.015 0.009 0.016 0.007 0.015 0.009 0.523 0.034 
429      404    (0)    6 :  0.001 0.020 0.003 0.004 0.003 0.005 0.004 0.004 0.010 0.005 0.004 0.004 0.005 0.003 0.006 0.913 0.005 
430      405    (0)    6 :  0.002 0.005 0.002 0.004 0.002 0.007 0.006 0.005 0.006 0.007 0.005 0.006 0.004 0.009 0.004 0.915 0.012 
431      406    (0)    6 :  0.005 0.008 0.003 0.005 0.007 0.019 0.009 0.009 0.004 0.019 0.006 0.011 0.007 0.007 0.002 0.873 0.004 
432      407    (0)    6 :  0.001 0.004 0.003 0.010 0.002 0.005 0.006 0.006 0.075 0.005 0.004 0.006 0.003 0.003 0.006 0.856 0.006 
433      408    (0)    6 :  0.001 0.005 0.005 0.004 0.002 0.004 0.005 0.005 0.004 0.004 0.003 0.005 0.004 0.001 0.003 0.938 0.006 
434      411    (2)    6 :  0.001 0.005 0.003 0.003 0.002 0.003 0.003 0.003 0.006 0.003 0.002 0.003 0.002 0.002 0.004 0.950 0.004 
435      412    (0)    6 :  0.028 0.004 0.006 0.015 0.006 0.006 0.009 0.009 0.008 0.006 0.005 0.009 0.011 0.004 0.006 0.856 0.012 
436      413    (0)    6 :  0.001 0.003 0.002 0.004 0.002 0.030 0.004 0.004 0.011 0.039 0.004 0.011 0.002 0.002 0.004 0.873 0.004 
437      591    (0)    7 :  0.015 0.009 0.004 0.005 0.004 0.005 0.005 0.006 0.002 0.005 0.007 0.006 0.898 0.006 0.010 0.004 0.009 
438      592    (0)    7 :  0.003 0.005 0.005 0.011 0.005 0.006 0.008 0.008 0.004 0.006 0.015 0.008 0.744 0.003 0.010 0.011 0.149 
439      593    (0)    7 :  0.002 0.004 0.002 0.005 0.005 0.009 0.006 0.007 0.005 0.009 0.006 0.007 0.906 0.006 0.006 0.009 0.006 
440      594    (0)    7 :  0.003 0.007 0.011 0.006 0.004 0.019 0.020 0.023 0.008 0.019 0.030 0.024 0.707 0.005 0.012 0.039 0.062 
441      595    (0)    7 :  0.004 0.003 0.011 0.007 0.004 0.015 0.022 0.023 0.014 0.018 0.006 0.019 0.827 0.004 0.007 0.009 0.004 
442      596    (0)    7 :  0.002 0.002 0.018 0.005 0.007 0.006 0.006 0.006 0.005 0.005 0.006 0.006 0.907 0.006 0.003 0.006 0.005 
443      597    (0)    7 :  0.001 0.003 0.006 0.040 0.003 0.009 0.013 0.016 0.028 0.011 0.008 0.017 0.797 0.002 0.007 0.033 0.006 
444      598    (0)    7 :  0.002 0.003 0.027 0.092 0.010 0.028 0.044 0.055 0.034 0.040 0.076 0.069 0.500 0.002 0.006 0.006 0.007 
445      599    (0)    7 :  0.003 0.003 0.003 0.016 0.005 0.008 0.009 0.009 0.003 0.007 0.003 0.008 0.687 0.007 0.171 0.005 0.051 
446      600    (0)    7 :  0.003 0.001 0.011 0.006 0.003 0.005 0.006 0.006 0.008 0.005 0.006 0.006 0.918 0.004 0.005 0.004 0.003 
447      601    (0)    7 :  0.002 0.002 0.002 0.032 0.005 0.013 0.017 0.018 0.026 0.014 0.010 0.017 0.782 0.002 0.017 0.022 0.018 
448      602    (0)    7 :  0.004 0.004 0.006 0.017 0.004 0.010 0.015 0.016 0.016 0.012 0.004 0.017 0.849 0.004 0.008 0.007 0.008 
449      603    (0)    7 :  0.002 0.009 0.009 0.468 0.007 0.036 0.037 0.042 0.004 0.028 0.005 0.053 0.125 0.007 0.025 0.006 0.138 
450      604    (0)    7 :  0.003 0.003 0.008 0.004 0.012 0.011 0.012 0.012 0.007 0.011 0.012 0.011 0.876 0.002 0.003 0.008 0.003 
451      605    (0)    7 :  0.020 0.003 0.022 0.008 0.003 0.017 0.022 0.025 0.006 0.020 0.081 0.027 0.716 0.004 0.009 0.008 0.009 
452      606    (0)    7 :  0.004 0.004 0.008 0.006 0.003 0.009 0.012 0.011 0.003 0.008 0.010 0.011 0.865 0.021 0.012 0.004 0.009 
453      607    (0)    7 :  0.003 0.002 0.008 0.007 0.088 0.004 0.004 0.005 0.016 0.004 0.008 0.006 0.830 0.003 0.002 0.009 0.002 
454      608    (0)    7 :  0.001 0.005 0.003 0.009 0.018 0.006 0.005 0.005 0.004 0.006 0.007 0.005 0.891 0.003 0.021 0.005 0.005 
455      609    (0)    7 :  0.002 0.003 0.003 0.005 0.008 0.007 0.007 0.008 0.004 0.007 0.008 0.007 0.913 0.004 0.004 0.004 0.004 
456      610    (0)    7 :  0.004 0.009 0.009 0.058 0.015 0.057 0.097 0.097 0.007 0.070 0.015 0.112 0.401 0.003 0.021 0.018 0.008 
457      611    (2)    7 :  0.002 0.012 0.007 0.005 0.020 0.009 0.008 0.008 0.008 0.008 0.007 0.008 0.879 0.003 0.002 0.011 0.004 
458      612    (0)    7 :  0.004 0.002 0.041 0.016 0.030 0.020 0.017 0.023 0.071 0.019 0.009 0.020 0.703 0.002 0.009 0.008 0.006 
459      755    (0)    7 :  0.026 0.029 0.040 0.016 0.262 0.027 0.030 0.035 0.009 0.026 0.013 0.039 0.414 0.002 0.003 0.017 0.012 
460      756    (0)    7 :  0.002 0.008 0.003 0.011 0.013 0.006 0.005 0.006 0.003 0.006 0.007 0.006 0.892 0.003 0.006 0.013 0.009 
461      757    (0)    7 :  0.003 0.004 0.006 0.006 0.009 0.010 0.011 0.012 0.006 0.010 0.019 0.011 0.864 0.002 0.005 0.010 0.011 
462      002    (0)    8 :  0.003 0.019 0.002 0.017 0.004 0.006 0.008 0.008 0.377 0.006 0.009 0.008 0.006 0.003 0.003 0.518 0.004 
463      099    (2)    8 :  0.700 0.007 0.039 0.004 0.013 0.021 0.029 0.028 0.005 0.022 0.011 0.021 0.008 0.004 0.052 0.004 0.032 
464      641    (2)    8 :  0.013 0.012 0.004 0.011 0.022 0.154 0.047 0.049 0.221 0.108 0.032 0.068 0.053 0.013 0.008 0.175 0.008 
465      642    (0)    8 :  0.003 0.008 0.003 0.011 0.004 0.008 0.008 0.008 0.005 0.007 0.017 0.009 0.020 0.003 0.015 0.857 0.014 
466      643    (2)    8 :  0.003 0.016 0.003 0.027 0.004 0.013 0.015 0.014 0.008 0.011 0.071 0.014 0.025 0.003 0.010 0.745 0.018 
467      644    (0)    8 :  0.004 0.006 0.008 0.013 0.008 0.009 0.009 0.009 0.019 0.010 0.019 0.010 0.007 0.003 0.019 0.834 0.013 
468      645    (0)    8 :  0.002 0.017 0.003 0.025 0.118 0.022 0.027 0.033 0.012 0.025 0.160 0.031 0.033 0.038 0.007 0.418 0.028 
469      646    (0)    8 :  0.004 0.012 0.008 0.067 0.129 0.081 0.038 0.043 0.348 0.078 0.035 0.065 0.013 0.010 0.007 0.057 0.005 
470      006    (0)    9 :  0.004 0.624 0.003 0.010 0.005 0.016 0.022 0.022 0.008 0.016 0.007 0.020 0.006 0.003 0.005 0.223 0.007 
471      011    (0)    9 :  0.001 0.008 0.003 0.003 0.002 0.003 0.003 0.003 0.004 0.003 0.003 0.003 0.003 0.002 0.003 0.951 0.004 
472      033    (2)    9 :  0.001 0.620 0.002 0.024 0.004 0.005 0.007 0.006 0.016 0.005 0.004 0.006 0.021 0.002 0.003 0.268 0.006 
473      048    (0)    9 :  0.002 0.042 0.005 0.015 0.005 0.016 0.022 0.021 0.011 0.015 0.007 0.019 0.015 0.009 0.058 0.502 0.236 
474      061    (0)    9 :  0.001 0.970 0.001 0.002 0.003 0.002 0.002 0.002 0.002 0.002 0.002 0.002 0.001 0.004 0.001 0.002 0.002 
475      088    (0)    9 :  0.003 0.022 0.007 0.011 0.003 0.013 0.015 0.015 0.016 0.013 0.015 0.016 0.012 0.005 0.015 0.800 0.020 
476      091    (0)    9 :  0.001 0.934 0.004 0.003 0.007 0.005 0.004 0.004 0.003 0.006 0.003 0.004 0.005 0.002 0.003 0.010 0.002 
477      098    (0)    9 :  0.001 0.008 0.003 0.007 0.006 0.005 0.007 0.007 0.016 0.005 0.004 0.007 0.021 0.013 0.011 0.847 0.032 
478      104    (0)    9 :  0.001 0.003 0.002 0.003 0.002 0.003 0.003 0.003 0.038 0.003 0.002 0.003 0.002 0.002 0.003 0.919 0.006 
479      196    (0)    9 :  0.001 0.575 0.005 0.007 0.002 0.005 0.006 0.006 0.019 0.005 0.005 0.006 0.009 0.005 0.008 0.327 0.009 
480      197    (0)    9 :  0.003 0.260 0.013 0.025 0.003 0.016 0.024 0.023 0.015 0.017 0.006 0.022 0.011 0.008 0.010 0.538 0.007 
481      201    (0)    9 :  0.001 0.588 0.001 0.004 0.002 0.005 0.005 0.006 0.014 0.005 0.014 0.005 0.005 0.001 0.003 0.335 0.006 
482      202    (0)    9 :  0.008 0.032 0.012 0.013 0.002 0.015 0.012 0.012 0.023 0.014 0.009 0.014 0.005 0.019 0.015 0.767 0.025 
483      204    (0)    9 :  0.001 0.377 0.002 0.012 0.010 0.003 0.004 0.004 0.029 0.003 0.005 0.004 0.003 0.002 0.003 0.530 0.009 
484      231    (0)    9 :  0.001 0.008 0.005 0.018 0.009 0.005 0.005 0.005 0.066 0.005 0.005 0.005 0.010 0.001 0.008 0.833 0.013 
485      328    (0)    9 :  0.001 0.245 0.002 0.007 0.002 0.004 0.004 0.004 0.003 0.004 0.005 0.004 0.006 0.004 0.004 0.697 0.005 
486      346    (0)    9 :  0.002 0.309 0.007 0.003 0.003 0.004 0.004 0.004 0.008 0.004 0.004 0.004 0.008 0.003 0.004 0.623 0.005 


Estimated Allele Frequencies in each cluster
First column gives estimated ancestral frequencies


Locus 1 : 1 
4 alleles
0.0% missing data
  89   (0.541) 0.293 0.700 0.643 0.474 0.835 0.561 0.553 0.543 0.285 0.547 0.495 0.543 0.553 0.066 0.541 0.625 0.585 
  91   (0.379) 0.670 0.291 0.311 0.504 0.147 0.380 0.361 0.374 0.595 0.393 0.452 0.380 0.430 0.707 0.339 0.313 0.368 
  93   (0.066) 0.036 0.008 0.045 0.016 0.015 0.045 0.062 0.067 0.119 0.050 0.049 0.063 0.014 0.098 0.114 0.061 0.021 
  99   (0.015) 0.001 0.001 0.001 0.005 0.003 0.013 0.024 0.016 0.001 0.009 0.004 0.014 0.002 0.130 0.006 0.000 0.026 

Locus 2 : 2 
6 alleles
1.0% missing data
 136   (0.354) 0.454 0.110 0.461 0.184 0.140 0.358 0.334 0.348 0.728 0.354 0.561 0.354 0.417 0.189 0.075 0.558 0.065 
 134   (0.232) 0.195 0.203 0.380 0.217 0.691 0.175 0.216 0.223 0.165 0.181 0.211 0.221 0.410 0.026 0.222 0.142 0.286 
 138   (0.298) 0.218 0.244 0.152 0.465 0.117 0.360 0.337 0.313 0.095 0.371 0.164 0.310 0.142 0.772 0.597 0.249 0.474 
 140   (0.066) 0.123 0.439 0.004 0.063 0.017 0.062 0.062 0.065 0.008 0.055 0.034 0.065 0.015 0.008 0.041 0.049 0.031 
 132   (0.022) 0.001 0.002 0.001 0.006 0.004 0.029 0.031 0.027 0.002 0.021 0.006 0.023 0.004 0.002 0.005 0.000 0.003 
 142   (0.028) 0.009 0.003 0.002 0.065 0.031 0.016 0.020 0.023 0.002 0.018 0.023 0.026 0.012 0.003 0.059 0.001 0.140 

Locus 3 : 3 
6 alleles
0.0% missing data
 181   (0.262) 0.072 0.071 0.066 0.123 0.345 0.214 0.261 0.260 0.092 0.214 0.188 0.252 0.402 0.180 0.343 0.230 0.453 
 187   (0.340) 0.344 0.691 0.257 0.348 0.113 0.440 0.332 0.341 0.542 0.473 0.345 0.362 0.162 0.775 0.167 0.517 0.153 
 179   (0.245) 0.051 0.222 0.015 0.324 0.355 0.227 0.259 0.251 0.352 0.203 0.299 0.239 0.404 0.028 0.262 0.228 0.175 
 191   (0.032) 0.009 0.004 0.200 0.007 0.008 0.025 0.032 0.032 0.003 0.024 0.010 0.031 0.006 0.003 0.007 0.022 0.009 
 185   (0.074) 0.286 0.007 0.459 0.070 0.134 0.065 0.079 0.074 0.007 0.055 0.054 0.071 0.018 0.008 0.204 0.002 0.028 
 175   (0.047) 0.238 0.004 0.003 0.127 0.044 0.029 0.037 0.041 0.004 0.030 0.105 0.044 0.008 0.005 0.018 0.001 0.181 

Locus 4 : 4 
12 alleles
0.2% missing data
 253   (0.489) 0.168 0.621 0.465 0.500 0.623 0.480 0.522 0.506 0.461 0.422 0.517 0.480 0.618 0.597 0.275 0.762 0.701 
 249   (0.028) 0.066 0.319 0.002 0.005 0.005 0.020 0.020 0.024 0.019 0.020 0.009 0.027 0.005 0.004 0.005 0.059 0.004 
 271   (0.043) 0.110 0.005 0.003 0.031 0.010 0.031 0.042 0.041 0.056 0.030 0.030 0.041 0.009 0.005 0.009 0.028 0.006 
 241   (0.159) 0.531 0.023 0.149 0.184 0.095 0.128 0.142 0.151 0.374 0.145 0.189 0.156 0.141 0.183 0.205 0.020 0.088 
 257   (0.006) 0.000 0.000 0.000 0.001 0.001 0.003 0.004 0.005 0.002 0.003 0.004 0.005 0.001 0.001 0.001 0.000 0.001 
 269   (0.170) 0.030 0.020 0.098 0.226 0.241 0.246 0.159 0.167 0.067 0.294 0.149 0.190 0.184 0.200 0.478 0.129 0.139 
 247   (0.066) 0.026 0.008 0.281 0.038 0.017 0.070 0.088 0.075 0.007 0.059 0.056 0.065 0.033 0.007 0.020 0.001 0.055 
 245   (0.008) 0.066 0.001 0.000 0.001 0.001 0.004 0.005 0.007 0.001 0.005 0.002 0.008 0.001 0.001 0.001 0.000 0.001 
 239   (0.011) 0.001 0.001 0.001 0.002 0.002 0.005 0.007 0.009 0.001 0.006 0.020 0.010 0.003 0.001 0.002 0.000 0.001 
 273   (0.007) 0.001 0.001 0.000 0.001 0.001 0.003 0.005 0.006 0.001 0.004 0.021 0.007 0.001 0.001 0.001 0.000 0.001 
 267   (0.006) 0.000 0.001 0.000 0.001 0.001 0.007 0.003 0.004 0.010 0.008 0.001 0.006 0.001 0.001 0.001 0.000 0.001 
 255   (0.006) 0.000 0.001 0.000 0.009 0.001 0.003 0.004 0.005 0.001 0.003 0.001 0.005 0.003 0.001 0.001 0.000 0.002 

Locus 5 : 5 
6 alleles
0.6% missing data
 103   (0.857) 0.736 0.986 0.979 0.928 0.958 0.716 0.848 0.856 0.975 0.692 0.863 0.827 0.930 0.984 0.950 0.995 0.966 
 104   (0.056) 0.072 0.006 0.003 0.032 0.023 0.202 0.071 0.057 0.017 0.235 0.046 0.088 0.024 0.006 0.034 0.003 0.017 
 101   (0.009) 0.000 0.001 0.012 0.003 0.004 0.004 0.006 0.007 0.001 0.005 0.003 0.008 0.002 0.001 0.001 0.000 0.001 
 105   (0.048) 0.166 0.005 0.003 0.025 0.011 0.054 0.050 0.052 0.005 0.045 0.072 0.047 0.036 0.005 0.009 0.001 0.012 
 102   (0.016) 0.001 0.001 0.001 0.009 0.003 0.015 0.015 0.015 0.001 0.013 0.006 0.016 0.005 0.002 0.003 0.000 0.002 
 107   (0.015) 0.025 0.001 0.001 0.003 0.002 0.008 0.011 0.012 0.001 0.009 0.010 0.014 0.003 0.001 0.002 0.000 0.002 

Locus 6 : 6 
5 alleles
0.2% missing data
 141   (0.267) 0.109 0.838 0.131 0.331 0.786 0.247 0.285 0.265 0.311 0.231 0.204 0.262 0.312 0.030 0.068 0.595 0.257 
 145   (0.406) 0.023 0.072 0.260 0.455 0.131 0.489 0.407 0.420 0.117 0.517 0.529 0.424 0.445 0.408 0.587 0.174 0.634 
 135   (0.233) 0.637 0.074 0.289 0.178 0.063 0.199 0.233 0.231 0.365 0.185 0.202 0.226 0.134 0.551 0.324 0.191 0.095 
 147   (0.082) 0.127 0.014 0.320 0.034 0.018 0.059 0.068 0.075 0.206 0.061 0.054 0.078 0.108 0.010 0.018 0.039 0.012 
 137   (0.011) 0.103 0.001 0.001 0.002 0.002 0.006 0.007 0.009 0.001 0.007 0.010 0.010 0.002 0.001 0.003 0.000 0.001 

Locus 7 : 7 
10 alleles
1.2% missing data
  93   (0.221) 0.112 0.619 0.064 0.331 0.301 0.179 0.198 0.207 0.405 0.181 0.279 0.214 0.217 0.798 0.118 0.334 0.348 
 103   (0.303) 0.017 0.078 0.515 0.365 0.123 0.386 0.324 0.317 0.273 0.396 0.291 0.320 0.530 0.040 0.328 0.403 0.377 
  91   (0.069) 0.059 0.007 0.156 0.016 0.057 0.060 0.062 0.068 0.007 0.059 0.056 0.067 0.038 0.010 0.016 0.033 0.057 
  97   (0.198) 0.261 0.027 0.253 0.049 0.256 0.186 0.206 0.206 0.167 0.184 0.120 0.195 0.159 0.126 0.360 0.163 0.091 
  85   (0.045) 0.003 0.005 0.003 0.011 0.010 0.038 0.043 0.044 0.008 0.037 0.049 0.044 0.014 0.006 0.125 0.046 0.010 
  89   (0.082) 0.301 0.255 0.005 0.196 0.238 0.056 0.063 0.071 0.132 0.061 0.061 0.078 0.028 0.011 0.032 0.019 0.077 
  83   (0.052) 0.003 0.005 0.003 0.025 0.010 0.065 0.080 0.060 0.005 0.048 0.135 0.052 0.009 0.006 0.017 0.001 0.037 
 105   (0.013) 0.092 0.001 0.001 0.002 0.002 0.009 0.013 0.013 0.001 0.009 0.004 0.012 0.002 0.001 0.002 0.000 0.003 
 101   (0.009) 0.125 0.001 0.000 0.001 0.001 0.016 0.004 0.006 0.001 0.020 0.002 0.011 0.001 0.001 0.001 0.000 0.001 
  99   (0.009) 0.025 0.001 0.001 0.002 0.001 0.005 0.007 0.008 0.001 0.005 0.002 0.008 0.001 0.001 0.001 0.000 0.001 

Locus 8 : 8 
8 alleles
0.0% missing data
 129   (0.551) 0.299 0.666 0.638 0.745 0.458 0.644 0.536 0.554 0.468 0.661 0.650 0.571 0.399 0.198 0.722 0.704 0.702 
 141   (0.053) 0.003 0.008 0.217 0.023 0.011 0.038 0.049 0.051 0.150 0.040 0.020 0.051 0.093 0.006 0.018 0.099 0.011 
 149   (0.079) 0.304 0.011 0.012 0.079 0.280 0.061 0.086 0.078 0.031 0.056 0.052 0.075 0.017 0.008 0.030 0.144 0.070 
 143   (0.265) 0.298 0.310 0.128 0.139 0.211 0.222 0.287 0.270 0.347 0.208 0.245 0.254 0.482 0.703 0.216 0.051 0.202 
 127   (0.017) 0.094 0.001 0.001 0.003 0.003 0.014 0.014 0.016 0.002 0.013 0.005 0.017 0.003 0.046 0.003 0.000 0.002 
 131   (0.011) 0.001 0.001 0.002 0.002 0.003 0.006 0.008 0.009 0.001 0.007 0.003 0.010 0.002 0.037 0.004 0.000 0.010 
 133   (0.017) 0.001 0.002 0.001 0.007 0.034 0.012 0.017 0.017 0.002 0.013 0.021 0.016 0.003 0.002 0.005 0.000 0.003 
 145   (0.006) 0.000 0.000 0.000 0.001 0.001 0.003 0.004 0.005 0.001 0.003 0.003 0.005 0.001 0.001 0.001 0.000 0.001 

Locus 9 : 9 
5 alleles
0.0% missing data
 191   (0.387) 0.340 0.850 0.546 0.159 0.593 0.410 0.403 0.388 0.600 0.395 0.354 0.389 0.486 0.338 0.324 0.567 0.332 
 195   (0.145) 0.331 0.031 0.050 0.082 0.034 0.109 0.146 0.141 0.035 0.105 0.129 0.138 0.245 0.357 0.349 0.187 0.342 
 189   (0.457) 0.329 0.117 0.403 0.756 0.371 0.476 0.444 0.461 0.363 0.493 0.505 0.461 0.266 0.304 0.325 0.243 0.323 
 197   (0.006) 0.000 0.001 0.000 0.001 0.001 0.003 0.004 0.005 0.001 0.003 0.010 0.006 0.001 0.001 0.001 0.000 0.001 
 193   (0.006) 0.000 0.001 0.000 0.001 0.002 0.003 0.004 0.005 0.001 0.003 0.002 0.006 0.001 0.001 0.001 0.002 0.001 

Locus 10 : 10 
7 alleles
0.4% missing data
 232   (0.248) 0.125 0.577 0.277 0.071 0.061 0.297 0.260 0.257 0.384 0.285 0.294 0.255 0.153 0.219 0.162 0.287 0.215 
 238   (0.561) 0.749 0.128 0.342 0.864 0.844 0.562 0.562 0.561 0.433 0.569 0.488 0.562 0.673 0.366 0.702 0.592 0.724 
 252   (0.107) 0.014 0.279 0.031 0.048 0.080 0.083 0.102 0.101 0.174 0.085 0.170 0.104 0.120 0.016 0.121 0.106 0.050 
 254   (0.047) 0.082 0.013 0.264 0.009 0.009 0.030 0.040 0.044 0.005 0.033 0.034 0.044 0.048 0.395 0.008 0.014 0.007 
 248   (0.018) 0.001 0.001 0.083 0.003 0.003 0.012 0.017 0.018 0.002 0.013 0.007 0.017 0.003 0.002 0.003 0.000 0.002 
 250   (0.013) 0.030 0.001 0.001 0.002 0.002 0.013 0.014 0.013 0.001 0.010 0.004 0.013 0.002 0.002 0.002 0.000 0.002 
 236   (0.006) 0.000 0.001 0.001 0.001 0.001 0.003 0.004 0.005 0.001 0.004 0.003 0.006 0.002 0.001 0.001 0.000 0.001 

Locus 11 : 11 
4 alleles
0.0% missing data
  87   (0.688) 0.494 0.339 0.531 0.797 0.868 0.721 0.695 0.691 0.557 0.740 0.686 0.696 0.642 0.964 0.875 0.642 0.858 
  89   (0.243) 0.152 0.636 0.387 0.184 0.084 0.234 0.248 0.247 0.365 0.213 0.218 0.239 0.345 0.029 0.093 0.304 0.116 
  91   (0.052) 0.184 0.023 0.081 0.016 0.013 0.036 0.045 0.048 0.077 0.037 0.081 0.050 0.010 0.006 0.029 0.054 0.024 
  85   (0.016) 0.171 0.002 0.001 0.003 0.035 0.009 0.011 0.014 0.001 0.010 0.016 0.015 0.003 0.002 0.003 0.000 0.002 

Locus 12 : 12 
13 alleles
0.4% missing data
 160   (0.215) 0.423 0.036 0.722 0.254 0.191 0.257 0.196 0.209 0.191 0.274 0.215 0.225 0.059 0.598 0.138 0.106 0.343 
 162   (0.248) 0.014 0.764 0.229 0.335 0.372 0.219 0.272 0.256 0.092 0.200 0.248 0.241 0.488 0.064 0.139 0.210 0.294 
 147   (0.048) 0.003 0.093 0.003 0.073 0.012 0.035 0.041 0.046 0.367 0.037 0.017 0.046 0.088 0.005 0.035 0.118 0.013 
 158   (0.230) 0.094 0.076 0.021 0.102 0.098 0.288 0.219 0.230 0.313 0.298 0.283 0.242 0.189 0.028 0.308 0.536 0.205 
 161   (0.109) 0.272 0.015 0.016 0.133 0.031 0.080 0.106 0.102 0.023 0.075 0.112 0.104 0.147 0.115 0.233 0.021 0.046 
 170   (0.051) 0.027 0.006 0.003 0.049 0.012 0.049 0.074 0.060 0.005 0.045 0.060 0.049 0.009 0.006 0.021 0.007 0.023 
 143   (0.030) 0.163 0.003 0.002 0.006 0.009 0.026 0.035 0.031 0.003 0.022 0.040 0.029 0.005 0.177 0.005 0.001 0.007 
 154   (0.016) 0.001 0.002 0.001 0.004 0.005 0.019 0.019 0.020 0.001 0.018 0.006 0.017 0.005 0.002 0.003 0.000 0.002 
 149   (0.021) 0.001 0.002 0.001 0.005 0.265 0.012 0.016 0.019 0.002 0.013 0.006 0.020 0.004 0.002 0.082 0.000 0.058 
 153   (0.011) 0.001 0.001 0.001 0.002 0.002 0.008 0.010 0.011 0.001 0.008 0.009 0.011 0.003 0.001 0.002 0.000 0.001 
 150   (0.006) 0.000 0.001 0.000 0.001 0.001 0.003 0.003 0.005 0.001 0.003 0.002 0.006 0.001 0.001 0.015 0.000 0.005 
 159   (0.008) 0.000 0.001 0.000 0.036 0.001 0.003 0.004 0.006 0.001 0.004 0.003 0.007 0.001 0.001 0.019 0.000 0.001 
 164   (0.006) 0.000 0.000 0.000 0.001 0.001 0.003 0.004 0.005 0.001 0.003 0.001 0.006 0.001 0.001 0.001 0.000 0.001 

Locus 13 : 13 
5 alleles
0.0% missing data
 108   (0.200) 0.298 0.409 0.198 0.129 0.049 0.216 0.180 0.197 0.155 0.243 0.280 0.206 0.141 0.336 0.173 0.163 0.069 
 115   (0.454) 0.378 0.528 0.284 0.498 0.714 0.393 0.460 0.456 0.310 0.372 0.477 0.441 0.503 0.089 0.445 0.582 0.578 
 113   (0.334) 0.324 0.062 0.517 0.370 0.235 0.382 0.351 0.337 0.534 0.377 0.240 0.342 0.355 0.574 0.381 0.255 0.350 
 109   (0.006) 0.000 0.001 0.000 0.001 0.001 0.005 0.004 0.005 0.000 0.006 0.002 0.006 0.001 0.001 0.001 0.000 0.001 
 110   (0.006) 0.000 0.000 0.000 0.001 0.001 0.003 0.005 0.005 0.000 0.003 0.002 0.005 0.001 0.001 0.001 0.000 0.001 

Locus 14 : 14 
5 alleles
1.2% missing data
 227   (0.137) 0.008 0.060 0.016 0.290 0.053 0.125 0.143 0.136 0.333 0.115 0.074 0.133 0.037 0.257 0.313 0.259 0.334 
 231   (0.156) 0.357 0.026 0.353 0.041 0.038 0.136 0.154 0.164 0.109 0.128 0.149 0.152 0.465 0.273 0.034 0.093 0.028 
 229   (0.505) 0.468 0.865 0.414 0.450 0.863 0.575 0.497 0.500 0.433 0.602 0.685 0.520 0.285 0.091 0.528 0.462 0.525 
 225   (0.140) 0.059 0.019 0.213 0.201 0.032 0.119 0.141 0.139 0.024 0.112 0.067 0.135 0.139 0.225 0.107 0.087 0.052 
 233   (0.062) 0.109 0.029 0.004 0.018 0.014 0.045 0.065 0.061 0.102 0.043 0.024 0.059 0.074 0.154 0.018 0.098 0.061 

Locus 15 : 15 
5 alleles
0.4% missing data
 143   (0.841) 0.621 0.983 0.816 0.943 0.939 0.851 0.846 0.841 0.978 0.860 0.888 0.844 0.876 0.718 0.752 0.970 0.902 
 157   (0.007) 0.000 0.001 0.000 0.001 0.001 0.003 0.004 0.005 0.001 0.003 0.002 0.006 0.001 0.001 0.001 0.018 0.001 
 145   (0.091) 0.184 0.010 0.006 0.037 0.047 0.093 0.090 0.090 0.015 0.086 0.046 0.091 0.112 0.274 0.054 0.010 0.079 
 147   (0.048) 0.194 0.005 0.145 0.016 0.010 0.046 0.051 0.052 0.005 0.041 0.022 0.046 0.008 0.006 0.189 0.001 0.016 
 133   (0.014) 0.001 0.002 0.032 0.003 0.002 0.008 0.009 0.012 0.001 0.009 0.041 0.013 0.002 0.001 0.004 0.000 0.002 

Locus 16 : 16 
5 alleles
0.2% missing data
 156   (0.221) 0.161 0.195 0.504 0.177 0.052 0.180 0.212 0.215 0.079 0.172 0.402 0.213 0.328 0.516 0.273 0.306 0.225 
 158   (0.547) 0.312 0.318 0.196 0.584 0.616 0.581 0.572 0.555 0.731 0.575 0.449 0.553 0.465 0.252 0.598 0.497 0.689 
 160   (0.139) 0.118 0.476 0.112 0.190 0.308 0.120 0.128 0.138 0.179 0.115 0.101 0.134 0.150 0.016 0.103 0.153 0.055 
 154   (0.084) 0.407 0.011 0.187 0.030 0.023 0.116 0.084 0.086 0.009 0.134 0.045 0.093 0.056 0.215 0.024 0.044 0.019 
 152   (0.008) 0.000 0.001 0.001 0.020 0.001 0.004 0.005 0.006 0.001 0.004 0.002 0.008 0.001 0.001 0.001 0.000 0.013 

Locus 17 : 17 
5 alleles
0.0% missing data
 102   (0.201) 0.038 0.092 0.198 0.446 0.336 0.191 0.202 0.194 0.149 0.183 0.090 0.199 0.183 0.024 0.242 0.250 0.070 
  90   (0.682) 0.320 0.606 0.794 0.517 0.373 0.649 0.668 0.679 0.824 0.664 0.828 0.678 0.795 0.575 0.720 0.721 0.907 
  88   (0.070) 0.471 0.297 0.005 0.022 0.282 0.064 0.088 0.080 0.023 0.059 0.031 0.067 0.013 0.007 0.015 0.028 0.011 
 100   (0.041) 0.171 0.004 0.002 0.012 0.008 0.094 0.039 0.043 0.004 0.091 0.049 0.050 0.009 0.394 0.007 0.001 0.010 
 104   (0.006) 0.000 0.001 0.000 0.004 0.001 0.003 0.003 0.005 0.001 0.003 0.002 0.006 0.001 0.001 0.016 0.000 0.001 

Locus 18 : 18 
7 alleles
0.0% missing data
 142   (0.123) 0.018 0.802 0.008 0.058 0.082 0.113 0.142 0.129 0.384 0.104 0.181 0.119 0.023 0.015 0.139 0.426 0.053 
 146   (0.073) 0.004 0.032 0.227 0.253 0.104 0.057 0.081 0.071 0.023 0.050 0.061 0.070 0.085 0.008 0.019 0.194 0.027 
 140   (0.293) 0.298 0.044 0.178 0.197 0.527 0.335 0.272 0.289 0.424 0.322 0.228 0.298 0.504 0.277 0.419 0.084 0.202 
 127   (0.304) 0.385 0.073 0.058 0.281 0.178 0.352 0.303 0.310 0.095 0.375 0.410 0.316 0.230 0.550 0.183 0.224 0.416 
 148   (0.100) 0.067 0.033 0.217 0.153 0.026 0.066 0.094 0.098 0.049 0.072 0.036 0.095 0.115 0.011 0.049 0.054 0.067 
 150   (0.053) 0.226 0.006 0.309 0.030 0.068 0.039 0.058 0.052 0.005 0.035 0.049 0.050 0.012 0.005 0.115 0.001 0.211 
 138   (0.054) 0.003 0.011 0.004 0.028 0.015 0.037 0.051 0.052 0.021 0.041 0.035 0.051 0.031 0.135 0.077 0.018 0.024 

Locus 19 : 19 
8 alleles
0.2% missing data
 188   (0.186) 0.011 0.571 0.169 0.091 0.045 0.178 0.197 0.195 0.175 0.168 0.191 0.182 0.067 0.020 0.316 0.095 0.117 
 190   (0.121) 0.040 0.013 0.200 0.065 0.402 0.098 0.089 0.104 0.327 0.114 0.099 0.120 0.243 0.012 0.203 0.421 0.236 
 194   (0.574) 0.554 0.407 0.479 0.568 0.183 0.624 0.601 0.588 0.488 0.627 0.638 0.584 0.600 0.956 0.458 0.481 0.573 
 202   (0.016) 0.042 0.001 0.145 0.003 0.002 0.010 0.012 0.014 0.001 0.010 0.005 0.015 0.003 0.002 0.003 0.000 0.002 
 200   (0.085) 0.314 0.007 0.005 0.270 0.364 0.082 0.090 0.085 0.008 0.072 0.056 0.083 0.083 0.009 0.018 0.002 0.069 
 192   (0.006) 0.000 0.000 0.000 0.001 0.001 0.004 0.004 0.005 0.001 0.004 0.002 0.005 0.003 0.001 0.001 0.000 0.001 
 196   (0.006) 0.000 0.000 0.000 0.001 0.001 0.003 0.004 0.005 0.001 0.003 0.007 0.005 0.001 0.001 0.001 0.000 0.001 
 198   (0.006) 0.038 0.000 0.000 0.001 0.001 0.002 0.003 0.005 0.001 0.003 0.001 0.006 0.001 0.001 0.001 0.000 0.001 

Locus 20 : 20 
6 alleles
0.8% missing data
 252   (0.705) 0.073 0.816 0.728 0.843 0.542 0.696 0.739 0.721 0.711 0.687 0.845 0.700 0.748 0.384 0.771 0.852 0.742 
 250   (0.081) 0.429 0.010 0.142 0.027 0.141 0.071 0.069 0.079 0.044 0.070 0.027 0.080 0.067 0.351 0.184 0.100 0.025 
 244   (0.022) 0.047 0.151 0.001 0.007 0.006 0.013 0.014 0.018 0.002 0.015 0.009 0.021 0.006 0.004 0.005 0.007 0.010 
 254   (0.078) 0.243 0.010 0.081 0.092 0.018 0.055 0.077 0.072 0.009 0.052 0.057 0.073 0.056 0.099 0.018 0.031 0.135 
 246   (0.093) 0.207 0.010 0.046 0.023 0.289 0.074 0.078 0.089 0.230 0.074 0.054 0.090 0.118 0.159 0.018 0.004 0.084 
 248   (0.022) 0.001 0.003 0.001 0.008 0.004 0.090 0.023 0.022 0.002 0.101 0.008 0.036 0.004 0.002 0.004 0.006 0.003 

Locus 21 : 21 
7 alleles
0.2% missing data
 173   (0.291) 0.208 0.149 0.212 0.486 0.071 0.224 0.279 0.282 0.137 0.224 0.357 0.279 0.310 0.120 0.568 0.374 0.561 
 177   (0.264) 0.039 0.179 0.166 0.239 0.506 0.378 0.282 0.275 0.644 0.402 0.203 0.286 0.081 0.272 0.254 0.275 0.230 
 175   (0.144) 0.505 0.017 0.258 0.087 0.039 0.111 0.126 0.134 0.024 0.109 0.125 0.139 0.322 0.486 0.064 0.024 0.078 
 167   (0.194) 0.069 0.644 0.122 0.158 0.089 0.173 0.193 0.192 0.180 0.157 0.270 0.189 0.141 0.110 0.089 0.322 0.113 
 163   (0.039) 0.108 0.004 0.229 0.010 0.008 0.032 0.035 0.037 0.004 0.033 0.021 0.037 0.015 0.004 0.012 0.002 0.008 
 165   (0.048) 0.071 0.005 0.012 0.012 0.284 0.058 0.050 0.050 0.009 0.049 0.020 0.050 0.127 0.006 0.009 0.003 0.007 
 159   (0.020) 0.001 0.002 0.001 0.006 0.004 0.025 0.034 0.030 0.002 0.026 0.006 0.021 0.003 0.002 0.004 0.000 0.003 

Locus 22 : 22 
11 alleles
0.6% missing data
 146   (0.234) 0.014 0.841 0.137 0.350 0.291 0.197 0.267 0.244 0.216 0.187 0.205 0.226 0.169 0.072 0.129 0.231 0.334 
 154   (0.007) 0.000 0.001 0.000 0.001 0.001 0.003 0.004 0.005 0.001 0.003 0.002 0.006 0.001 0.001 0.001 0.071 0.001 
 166   (0.095) 0.005 0.010 0.006 0.042 0.023 0.118 0.109 0.101 0.270 0.094 0.045 0.096 0.077 0.112 0.024 0.029 0.023 
 152   (0.417) 0.096 0.119 0.365 0.529 0.601 0.475 0.374 0.398 0.443 0.517 0.557 0.434 0.509 0.506 0.757 0.638 0.564 
 150   (0.029) 0.103 0.004 0.002 0.014 0.007 0.033 0.035 0.031 0.008 0.024 0.010 0.029 0.005 0.111 0.011 0.006 0.006 
 164   (0.034) 0.068 0.004 0.002 0.010 0.007 0.021 0.025 0.030 0.044 0.022 0.028 0.032 0.057 0.005 0.008 0.010 0.007 
 156   (0.018) 0.113 0.002 0.306 0.003 0.003 0.008 0.011 0.014 0.002 0.010 0.005 0.017 0.004 0.002 0.020 0.000 0.008 
 162   (0.054) 0.138 0.005 0.071 0.024 0.020 0.043 0.059 0.060 0.005 0.047 0.040 0.052 0.041 0.007 0.021 0.001 0.010 
 158   (0.089) 0.433 0.012 0.109 0.022 0.044 0.087 0.097 0.096 0.009 0.079 0.102 0.087 0.133 0.011 0.024 0.014 0.018 
 148   (0.009) 0.000 0.001 0.000 0.001 0.001 0.004 0.005 0.007 0.001 0.004 0.003 0.008 0.001 0.173 0.001 0.000 0.001 
 142   (0.014) 0.028 0.001 0.001 0.003 0.003 0.012 0.014 0.013 0.001 0.011 0.004 0.014 0.002 0.001 0.002 0.000 0.029 

Locus 23 : 23 
7 alleles
0.8% missing data
 152   (0.012) 0.001 0.001 0.001 0.003 0.002 0.006 0.007 0.009 0.093 0.007 0.003 0.011 0.002 0.001 0.002 0.062 0.002 
 156   (0.119) 0.432 0.012 0.029 0.047 0.027 0.167 0.109 0.115 0.088 0.181 0.258 0.129 0.127 0.014 0.095 0.032 0.027 
 144   (0.174) 0.244 0.025 0.644 0.180 0.048 0.140 0.160 0.167 0.152 0.134 0.101 0.168 0.196 0.607 0.251 0.185 0.318 
 160   (0.104) 0.011 0.012 0.105 0.144 0.319 0.144 0.084 0.094 0.298 0.167 0.047 0.115 0.135 0.012 0.167 0.180 0.059 
 154   (0.554) 0.171 0.925 0.220 0.614 0.596 0.514 0.603 0.577 0.366 0.483 0.578 0.542 0.529 0.361 0.478 0.536 0.589 
 158   (0.028) 0.140 0.024 0.002 0.011 0.006 0.025 0.030 0.030 0.003 0.024 0.009 0.027 0.009 0.003 0.006 0.003 0.004 
 146   (0.008) 0.000 0.001 0.000 0.001 0.001 0.005 0.006 0.008 0.001 0.005 0.004 0.008 0.001 0.001 0.001 0.000 0.001 

Locus 24 : 24 
4 alleles
0.4% missing data
  77   (0.082) 0.005 0.030 0.048 0.161 0.030 0.051 0.063 0.072 0.023 0.056 0.113 0.077 0.088 0.009 0.049 0.331 0.047 
  83   (0.461) 0.588 0.225 0.921 0.351 0.766 0.458 0.439 0.453 0.596 0.455 0.390 0.462 0.609 0.689 0.513 0.485 0.430 
  81   (0.370) 0.379 0.734 0.024 0.427 0.181 0.422 0.415 0.391 0.346 0.423 0.344 0.376 0.266 0.292 0.292 0.165 0.422 
  85   (0.088) 0.029 0.012 0.006 0.061 0.023 0.069 0.083 0.085 0.035 0.066 0.153 0.084 0.037 0.010 0.146 0.020 0.100 

Locus 25 : 25 
6 alleles
0.4% missing data
 132   (0.316) 0.021 0.911 0.456 0.241 0.205 0.298 0.354 0.337 0.125 0.273 0.224 0.308 0.460 0.181 0.218 0.535 0.427 
 124   (0.532) 0.467 0.065 0.534 0.588 0.758 0.570 0.504 0.520 0.836 0.607 0.718 0.544 0.417 0.414 0.647 0.392 0.446 
 126   (0.024) 0.011 0.003 0.001 0.005 0.004 0.013 0.017 0.021 0.026 0.015 0.008 0.023 0.005 0.003 0.005 0.059 0.003 
 122   (0.096) 0.477 0.017 0.006 0.158 0.027 0.100 0.100 0.093 0.011 0.083 0.039 0.095 0.100 0.107 0.122 0.014 0.120 
 120   (0.018) 0.022 0.002 0.001 0.004 0.003 0.010 0.014 0.016 0.002 0.012 0.006 0.017 0.004 0.293 0.003 0.000 0.002 
 136   (0.014) 0.001 0.001 0.001 0.005 0.003 0.008 0.011 0.013 0.002 0.009 0.004 0.014 0.015 0.002 0.005 0.001 0.002 

Locus 26 : 26 
7 alleles
0.2% missing data
 165   (0.250) 0.114 0.692 0.053 0.220 0.209 0.260 0.234 0.238 0.158 0.276 0.228 0.255 0.339 0.323 0.108 0.115 0.374 
 183   (0.346) 0.209 0.195 0.424 0.238 0.632 0.384 0.330 0.351 0.457 0.389 0.328 0.352 0.465 0.292 0.378 0.586 0.340 
 179   (0.087) 0.283 0.016 0.005 0.167 0.041 0.061 0.078 0.079 0.101 0.065 0.066 0.084 0.018 0.345 0.028 0.056 0.036 
 175   (0.250) 0.015 0.090 0.453 0.351 0.106 0.237 0.300 0.266 0.278 0.218 0.210 0.244 0.150 0.031 0.475 0.242 0.240 
 181   (0.053) 0.264 0.005 0.064 0.022 0.009 0.051 0.049 0.053 0.005 0.043 0.164 0.051 0.025 0.007 0.009 0.001 0.007 
 185   (0.009) 0.115 0.001 0.001 0.002 0.001 0.004 0.006 0.007 0.001 0.005 0.003 0.008 0.001 0.001 0.002 0.000 0.001 
 157   (0.006) 0.000 0.001 0.000 0.001 0.001 0.003 0.004 0.005 0.001 0.004 0.002 0.006 0.001 0.001 0.001 0.000 0.001 

Locus 27 : 27 
4 alleles
0.2% missing data
 142   (0.642) 0.522 0.335 0.742 0.639 0.724 0.691 0.659 0.653 0.600 0.704 0.591 0.652 0.685 0.306 0.764 0.704 0.836 
 148   (0.206) 0.267 0.381 0.064 0.117 0.051 0.190 0.207 0.205 0.181 0.177 0.228 0.201 0.245 0.677 0.170 0.075 0.067 
 138   (0.044) 0.047 0.273 0.003 0.014 0.021 0.036 0.032 0.037 0.208 0.038 0.019 0.044 0.017 0.005 0.012 0.211 0.029 
 150   (0.108) 0.164 0.011 0.191 0.229 0.204 0.083 0.102 0.105 0.012 0.081 0.162 0.103 0.054 0.012 0.054 0.010 0.068 

Locus 28 : 28 
6 alleles
0.8% missing data
 260   (0.386) 0.217 0.277 0.377 0.524 0.501 0.455 0.419 0.402 0.506 0.436 0.214 0.396 0.298 0.132 0.417 0.340 0.544 
 262   (0.506) 0.696 0.711 0.549 0.393 0.469 0.461 0.477 0.489 0.484 0.476 0.697 0.500 0.662 0.855 0.427 0.654 0.391 
 256   (0.077) 0.085 0.010 0.072 0.072 0.024 0.065 0.079 0.081 0.008 0.068 0.064 0.075 0.035 0.010 0.086 0.005 0.045 
 258   (0.011) 0.001 0.001 0.001 0.002 0.002 0.009 0.012 0.012 0.001 0.009 0.003 0.010 0.002 0.001 0.002 0.000 0.001 
 266   (0.006) 0.000 0.000 0.000 0.001 0.001 0.003 0.003 0.005 0.001 0.003 0.002 0.006 0.001 0.001 0.001 0.000 0.013 
 264   (0.014) 0.001 0.001 0.001 0.008 0.002 0.007 0.010 0.012 0.001 0.009 0.021 0.013 0.002 0.001 0.067 0.000 0.007 

Locus 29 : 29 
7 alleles
0.2% missing data
 146   (0.282) 0.324 0.082 0.334 0.185 0.479 0.398 0.276 0.281 0.289 0.428 0.248 0.305 0.351 0.035 0.462 0.164 0.147 
 150   (0.436) 0.239 0.158 0.288 0.564 0.167 0.389 0.456 0.443 0.433 0.363 0.604 0.424 0.407 0.139 0.379 0.712 0.602 
 140   (0.178) 0.391 0.698 0.057 0.224 0.118 0.144 0.175 0.175 0.032 0.134 0.111 0.172 0.167 0.815 0.131 0.079 0.142 
 148   (0.061) 0.035 0.056 0.318 0.016 0.154 0.039 0.050 0.056 0.233 0.042 0.021 0.058 0.048 0.007 0.013 0.038 0.044 
 152   (0.027) 0.010 0.003 0.002 0.007 0.065 0.023 0.033 0.032 0.003 0.024 0.011 0.026 0.004 0.003 0.012 0.001 0.062 
 151   (0.009) 0.000 0.001 0.001 0.003 0.005 0.004 0.006 0.007 0.009 0.005 0.003 0.008 0.002 0.001 0.001 0.005 0.001 
 142   (0.007) 0.000 0.001 0.000 0.001 0.011 0.003 0.004 0.006 0.001 0.004 0.003 0.007 0.020 0.001 0.001 0.001 0.001 

Locus 30 : 30 
6 alleles
0.2% missing data
 125   (0.290) 0.139 0.631 0.029 0.105 0.094 0.382 0.296 0.294 0.292 0.383 0.350 0.308 0.312 0.138 0.078 0.477 0.074 
 129   (0.428) 0.077 0.308 0.789 0.566 0.465 0.354 0.425 0.429 0.649 0.343 0.394 0.413 0.416 0.209 0.660 0.475 0.600 
 123   (0.151) 0.110 0.047 0.100 0.194 0.096 0.162 0.150 0.145 0.047 0.174 0.184 0.155 0.106 0.018 0.237 0.045 0.275 
 127   (0.084) 0.532 0.010 0.079 0.065 0.337 0.060 0.072 0.082 0.008 0.064 0.043 0.080 0.157 0.592 0.015 0.002 0.037 
 121   (0.012) 0.001 0.001 0.001 0.002 0.002 0.007 0.010 0.011 0.001 0.007 0.004 0.011 0.003 0.040 0.002 0.000 0.002 
 131   (0.036) 0.141 0.003 0.002 0.068 0.007 0.035 0.048 0.039 0.003 0.028 0.025 0.034 0.007 0.004 0.008 0.001 0.013 

Locus 31 : 31 
6 alleles
0.2% missing data
 159   (0.172) 0.200 0.060 0.011 0.302 0.045 0.130 0.168 0.164 0.111 0.123 0.291 0.164 0.299 0.019 0.394 0.139 0.183 
 155   (0.546) 0.421 0.593 0.709 0.290 0.493 0.657 0.574 0.565 0.850 0.661 0.459 0.566 0.422 0.525 0.245 0.689 0.610 
 157   (0.182) 0.060 0.301 0.019 0.331 0.441 0.141 0.171 0.179 0.029 0.146 0.206 0.176 0.255 0.115 0.119 0.090 0.177 
 153   (0.062) 0.309 0.041 0.004 0.068 0.013 0.050 0.058 0.059 0.006 0.046 0.023 0.059 0.012 0.095 0.235 0.079 0.024 
 151   (0.031) 0.009 0.004 0.255 0.007 0.007 0.019 0.024 0.029 0.003 0.021 0.020 0.030 0.012 0.246 0.006 0.002 0.004 
 163   (0.006) 0.000 0.001 0.000 0.001 0.001 0.003 0.004 0.005 0.001 0.003 0.002 0.006 0.001 0.001 0.001 0.001 0.001 

Locus 32 : 32 
5 alleles
0.0% missing data
 146   (0.324) 0.653 0.064 0.313 0.273 0.209 0.383 0.320 0.324 0.050 0.373 0.371 0.335 0.263 0.585 0.399 0.063 0.349 
 150   (0.565) 0.249 0.924 0.640 0.679 0.407 0.526 0.572 0.566 0.877 0.528 0.589 0.557 0.510 0.403 0.515 0.861 0.618 
 148   (0.058) 0.032 0.006 0.045 0.024 0.369 0.050 0.052 0.058 0.067 0.061 0.017 0.058 0.122 0.006 0.017 0.075 0.011 
 154   (0.039) 0.065 0.004 0.002 0.013 0.009 0.030 0.041 0.038 0.005 0.028 0.018 0.037 0.103 0.004 0.008 0.001 0.007 
 152   (0.014) 0.001 0.001 0.001 0.012 0.006 0.010 0.015 0.014 0.001 0.009 0.005 0.013 0.002 0.001 0.060 0.000 0.016 

Locus 33 : 33 
7 alleles
0.0% missing data
 180   (0.465) 0.357 0.424 0.673 0.407 0.516 0.483 0.487 0.478 0.361 0.481 0.409 0.468 0.533 0.699 0.177 0.610 0.404 
 196   (0.115) 0.025 0.116 0.007 0.104 0.025 0.107 0.114 0.109 0.207 0.096 0.107 0.111 0.049 0.013 0.222 0.188 0.131 
 184   (0.195) 0.185 0.433 0.070 0.078 0.084 0.168 0.163 0.184 0.123 0.160 0.204 0.189 0.278 0.264 0.468 0.146 0.339 
 194   (0.010) 0.001 0.001 0.001 0.002 0.002 0.004 0.005 0.007 0.030 0.005 0.003 0.009 0.002 0.001 0.002 0.040 0.001 
 192   (0.137) 0.165 0.015 0.183 0.288 0.355 0.107 0.149 0.145 0.013 0.107 0.207 0.132 0.097 0.015 0.113 0.005 0.109 
 198   (0.063) 0.267 0.009 0.066 0.021 0.015 0.123 0.072 0.064 0.265 0.143 0.052 0.077 0.020 0.007 0.013 0.011 0.011 
 190   (0.015) 0.001 0.001 0.001 0.100 0.002 0.008 0.010 0.012 0.002 0.008 0.018 0.014 0.021 0.001 0.005 0.000 0.005 

Locus 34 : 34 
6 alleles
0.0% missing data
 110   (0.188) 0.110 0.269 0.071 0.200 0.158 0.237 0.183 0.188 0.157 0.266 0.107 0.202 0.226 0.215 0.053 0.370 0.076 
 112   (0.353) 0.047 0.066 0.055 0.308 0.431 0.332 0.389 0.375 0.747 0.309 0.336 0.344 0.288 0.040 0.448 0.517 0.384 
 106   (0.273) 0.247 0.586 0.713 0.372 0.146 0.258 0.254 0.253 0.075 0.268 0.404 0.272 0.414 0.221 0.412 0.088 0.435 
  90   (0.037) 0.002 0.062 0.002 0.028 0.232 0.027 0.030 0.033 0.006 0.026 0.037 0.035 0.007 0.406 0.007 0.018 0.006 
 108   (0.140) 0.594 0.016 0.113 0.091 0.031 0.141 0.137 0.143 0.015 0.125 0.113 0.139 0.063 0.118 0.078 0.007 0.098 
  96   (0.009) 0.001 0.001 0.046 0.002 0.002 0.004 0.006 0.008 0.001 0.005 0.004 0.008 0.002 0.001 0.001 0.000 0.001 

Locus 35 : 35 
9 alleles
0.0% missing data
 166   (0.055) 0.003 0.009 0.004 0.035 0.119 0.041 0.054 0.050 0.188 0.037 0.018 0.052 0.052 0.007 0.034 0.290 0.154 
 176   (0.098) 0.098 0.021 0.015 0.026 0.032 0.078 0.085 0.093 0.390 0.075 0.132 0.094 0.226 0.012 0.021 0.130 0.014 
 172   (0.322) 0.164 0.449 0.586 0.433 0.250 0.445 0.336 0.330 0.200 0.467 0.188 0.348 0.130 0.040 0.418 0.452 0.430 
 170   (0.277) 0.349 0.487 0.326 0.198 0.204 0.215 0.250 0.270 0.157 0.211 0.263 0.264 0.522 0.617 0.287 0.120 0.219 
 174   (0.134) 0.042 0.012 0.062 0.256 0.369 0.109 0.140 0.128 0.015 0.101 0.323 0.128 0.047 0.015 0.034 0.005 0.152 
 178   (0.040) 0.002 0.016 0.003 0.015 0.010 0.041 0.049 0.047 0.044 0.044 0.022 0.039 0.008 0.005 0.056 0.002 0.009 
 168   (0.053) 0.323 0.005 0.003 0.020 0.012 0.054 0.062 0.059 0.005 0.047 0.048 0.052 0.012 0.303 0.017 0.001 0.020 
 186   (0.016) 0.018 0.001 0.001 0.017 0.003 0.014 0.019 0.018 0.002 0.016 0.004 0.016 0.003 0.002 0.132 0.000 0.002 
 158   (0.006) 0.000 0.000 0.000 0.001 0.001 0.004 0.005 0.005 0.001 0.004 0.001 0.006 0.001 0.001 0.001 0.000 0.001 

Locus 36 : 36 
6 alleles
0.0% missing data
  89   (0.574) 0.603 0.227 0.508 0.746 0.647 0.617 0.601 0.586 0.714 0.593 0.544 0.579 0.491 0.373 0.779 0.663 0.553 
  95   (0.060) 0.027 0.036 0.004 0.045 0.014 0.043 0.052 0.055 0.019 0.044 0.021 0.057 0.084 0.007 0.016 0.082 0.131 
  85   (0.160) 0.014 0.263 0.235 0.060 0.286 0.120 0.156 0.155 0.227 0.116 0.216 0.153 0.150 0.495 0.158 0.225 0.173 
  81   (0.063) 0.004 0.008 0.004 0.033 0.015 0.048 0.059 0.065 0.006 0.051 0.147 0.061 0.183 0.008 0.014 0.005 0.029 
  83   (0.124) 0.327 0.463 0.247 0.113 0.035 0.162 0.117 0.123 0.032 0.184 0.067 0.133 0.089 0.014 0.030 0.024 0.106 
  91   (0.019) 0.026 0.002 0.001 0.004 0.004 0.010 0.014 0.016 0.002 0.012 0.005 0.018 0.003 0.104 0.004 0.000 0.009 

Locus 37 : 37 
10 alleles
0.0% missing data
 161   (0.344) 0.709 0.084 0.375 0.324 0.424 0.346 0.314 0.329 0.532 0.355 0.533 0.346 0.397 0.431 0.120 0.578 0.261 
 165   (0.234) 0.112 0.058 0.098 0.172 0.090 0.293 0.234 0.237 0.276 0.299 0.142 0.245 0.183 0.132 0.247 0.164 0.346 
 159   (0.012) 0.001 0.001 0.001 0.002 0.002 0.010 0.014 0.012 0.008 0.008 0.003 0.012 0.002 0.001 0.002 0.036 0.004 
 173   (0.256) 0.169 0.163 0.516 0.366 0.419 0.210 0.273 0.260 0.082 0.208 0.196 0.247 0.388 0.224 0.431 0.126 0.187 
 169   (0.100) 0.006 0.689 0.006 0.109 0.055 0.099 0.107 0.103 0.097 0.087 0.106 0.100 0.021 0.207 0.183 0.087 0.122 
 167   (0.016) 0.001 0.002 0.001 0.019 0.004 0.015 0.021 0.019 0.002 0.013 0.007 0.016 0.003 0.002 0.003 0.009 0.003 
 168   (0.011) 0.001 0.001 0.001 0.002 0.002 0.008 0.011 0.011 0.001 0.009 0.003 0.010 0.002 0.001 0.002 0.000 0.001 
 155   (0.013) 0.001 0.001 0.001 0.003 0.002 0.013 0.019 0.018 0.001 0.014 0.006 0.013 0.003 0.001 0.002 0.000 0.002 
 177   (0.006) 0.000 0.000 0.000 0.002 0.001 0.003 0.004 0.005 0.001 0.004 0.003 0.006 0.001 0.001 0.001 0.000 0.001 
 175   (0.007) 0.000 0.001 0.000 0.001 0.001 0.003 0.004 0.005 0.001 0.003 0.002 0.006 0.001 0.001 0.009 0.000 0.073 

Locus 38 : 38 
6 alleles
0.6% missing data
  87   (0.091) 0.441 0.012 0.128 0.136 0.020 0.068 0.068 0.080 0.134 0.079 0.056 0.089 0.111 0.555 0.023 0.171 0.029 
  89   (0.442) 0.226 0.752 0.089 0.463 0.401 0.473 0.480 0.456 0.677 0.440 0.545 0.442 0.214 0.051 0.426 0.590 0.680 
  91   (0.161) 0.099 0.195 0.186 0.162 0.085 0.219 0.165 0.162 0.024 0.241 0.162 0.176 0.207 0.209 0.080 0.130 0.045 
  81   (0.118) 0.007 0.012 0.115 0.053 0.437 0.102 0.123 0.121 0.082 0.100 0.061 0.115 0.220 0.013 0.066 0.080 0.067 
  85   (0.182) 0.227 0.029 0.480 0.186 0.054 0.135 0.160 0.177 0.082 0.137 0.174 0.173 0.247 0.171 0.404 0.026 0.179 
  83   (0.006) 0.000 0.001 0.000 0.001 0.002 0.003 0.003 0.005 0.001 0.003 0.002 0.005 0.001 0.001 0.001 0.002 0.001 

Locus 39 : 39 
4 alleles
0.6% missing data
 167   (0.786) 0.391 0.934 0.859 0.864 0.802 0.813 0.783 0.778 0.928 0.821 0.880 0.793 0.949 0.684 0.936 0.911 0.681 
 161   (0.178) 0.460 0.059 0.138 0.107 0.185 0.160 0.178 0.187 0.069 0.155 0.106 0.173 0.045 0.312 0.057 0.088 0.225 
 165   (0.030) 0.149 0.006 0.002 0.027 0.011 0.022 0.034 0.031 0.003 0.021 0.013 0.028 0.006 0.003 0.006 0.001 0.093 
 177   (0.006) 0.000 0.000 0.001 0.002 0.001 0.005 0.004 0.005 0.001 0.004 0.002 0.006 0.001 0.001 0.001 0.000 0.001 

Locus 40 : 40 
6 alleles
0.4% missing data
 228   (0.414) 0.115 0.729 0.230 0.455 0.637 0.414 0.404 0.402 0.661 0.428 0.386 0.419 0.441 0.550 0.669 0.522 0.460 
 238   (0.342) 0.068 0.067 0.116 0.310 0.085 0.336 0.367 0.362 0.263 0.318 0.440 0.337 0.266 0.080 0.205 0.324 0.346 
 224   (0.022) 0.010 0.003 0.001 0.005 0.226 0.012 0.013 0.018 0.048 0.014 0.006 0.021 0.014 0.002 0.004 0.091 0.003 
 236   (0.105) 0.287 0.190 0.390 0.099 0.024 0.083 0.095 0.099 0.016 0.076 0.052 0.100 0.114 0.355 0.026 0.061 0.039 
 232   (0.011) 0.001 0.001 0.001 0.002 0.002 0.007 0.008 0.009 0.002 0.007 0.041 0.011 0.002 0.001 0.002 0.000 0.002 
 240   (0.105) 0.519 0.010 0.262 0.128 0.025 0.147 0.113 0.109 0.010 0.157 0.076 0.113 0.162 0.012 0.095 0.002 0.151 

Locus 41 : 41 
7 alleles
0.0% missing data
 128   (0.112) 0.006 0.232 0.030 0.139 0.242 0.129 0.104 0.104 0.060 0.142 0.145 0.118 0.070 0.012 0.044 0.138 0.296 
 130   (0.535) 0.738 0.697 0.783 0.539 0.512 0.579 0.551 0.544 0.590 0.574 0.556 0.543 0.517 0.060 0.474 0.611 0.383 
 114   (0.052) 0.003 0.030 0.003 0.015 0.010 0.036 0.045 0.049 0.039 0.038 0.028 0.049 0.077 0.500 0.010 0.110 0.007 
 132   (0.121) 0.007 0.019 0.046 0.124 0.028 0.104 0.121 0.124 0.292 0.101 0.146 0.116 0.152 0.014 0.411 0.132 0.162 
 118   (0.060) 0.072 0.008 0.130 0.107 0.028 0.045 0.057 0.057 0.006 0.042 0.049 0.057 0.011 0.204 0.020 0.002 0.097 
 134   (0.114) 0.174 0.013 0.007 0.075 0.179 0.104 0.118 0.118 0.012 0.100 0.075 0.111 0.172 0.210 0.038 0.006 0.054 
 136   (0.006) 0.000 0.000 0.000 0.001 0.001 0.003 0.004 0.005 0.000 0.003 0.002 0.006 0.001 0.001 0.001 0.000 0.001 

Locus 42 : 42 
6 alleles
1.2% missing data
 102   (0.267) 0.015 0.072 0.478 0.363 0.218 0.262 0.255 0.263 0.447 0.236 0.160 0.264 0.414 0.575 0.445 0.417 0.287 
 104   (0.411) 0.230 0.098 0.413 0.514 0.693 0.441 0.465 0.437 0.141 0.445 0.407 0.414 0.323 0.050 0.272 0.194 0.559 
  92   (0.107) 0.317 0.013 0.007 0.051 0.032 0.082 0.100 0.101 0.288 0.080 0.239 0.102 0.085 0.050 0.145 0.107 0.025 
  96   (0.072) 0.176 0.719 0.004 0.018 0.017 0.110 0.058 0.064 0.054 0.132 0.080 0.082 0.053 0.094 0.014 0.060 0.027 
  98   (0.137) 0.262 0.098 0.098 0.051 0.038 0.102 0.118 0.130 0.070 0.103 0.112 0.131 0.124 0.230 0.121 0.221 0.102 
 106   (0.006) 0.000 0.001 0.000 0.001 0.002 0.003 0.004 0.005 0.001 0.004 0.002 0.006 0.002 0.001 0.002 0.000 0.001 

Locus 43 : 43 
6 alleles
1.4% missing data
 101   (0.304) 0.369 0.086 0.181 0.292 0.203 0.253 0.296 0.293 0.220 0.232 0.429 0.292 0.473 0.035 0.432 0.473 0.228 
 103   (0.321) 0.108 0.463 0.351 0.402 0.127 0.286 0.354 0.343 0.375 0.281 0.177 0.312 0.280 0.228 0.420 0.177 0.454 
  99   (0.141) 0.182 0.074 0.009 0.051 0.607 0.168 0.124 0.139 0.221 0.180 0.216 0.148 0.064 0.418 0.038 0.030 0.097 
  95   (0.211) 0.335 0.375 0.458 0.251 0.059 0.275 0.205 0.203 0.181 0.289 0.169 0.226 0.180 0.168 0.106 0.321 0.218 
  97   (0.017) 0.006 0.002 0.001 0.003 0.003 0.013 0.016 0.017 0.002 0.014 0.007 0.017 0.003 0.151 0.003 0.000 0.002 
  91   (0.006) 0.000 0.000 0.000 0.001 0.001 0.004 0.005 0.005 0.001 0.004 0.002 0.006 0.001 0.001 0.001 0.000 0.001 

Locus 44 : 44 
7 alleles
0.2% missing data
 177   (0.079) 0.112 0.010 0.005 0.051 0.017 0.070 0.090 0.084 0.167 0.063 0.030 0.076 0.064 0.009 0.025 0.064 0.053 
 191   (0.283) 0.636 0.053 0.097 0.331 0.331 0.328 0.310 0.312 0.111 0.328 0.263 0.289 0.304 0.279 0.129 0.183 0.131 
 181   (0.569) 0.135 0.932 0.864 0.604 0.573 0.555 0.529 0.539 0.716 0.563 0.678 0.569 0.616 0.520 0.835 0.751 0.727 
 189   (0.007) 0.000 0.000 0.030 0.001 0.001 0.002 0.003 0.005 0.001 0.003 0.002 0.006 0.001 0.001 0.001 0.000 0.001 
 179   (0.044) 0.107 0.004 0.003 0.009 0.075 0.035 0.055 0.045 0.004 0.032 0.022 0.043 0.011 0.188 0.007 0.001 0.006 
 183   (0.009) 0.001 0.001 0.001 0.002 0.002 0.005 0.007 0.008 0.001 0.006 0.003 0.008 0.002 0.001 0.001 0.000 0.003 
 193   (0.010) 0.009 0.001 0.001 0.002 0.002 0.005 0.006 0.007 0.001 0.005 0.002 0.009 0.002 0.001 0.002 0.000 0.080 

Locus 45 : 45 
6 alleles
0.8% missing data
 205   (0.461) 0.310 0.871 0.405 0.405 0.536 0.517 0.497 0.482 0.552 0.519 0.354 0.471 0.536 0.247 0.529 0.504 0.553 
 211   (0.228) 0.394 0.045 0.274 0.163 0.295 0.200 0.228 0.232 0.109 0.199 0.370 0.223 0.183 0.341 0.225 0.251 0.102 
 207   (0.145) 0.071 0.063 0.201 0.185 0.054 0.114 0.134 0.137 0.193 0.107 0.092 0.138 0.091 0.017 0.209 0.127 0.232 
 201   (0.074) 0.039 0.012 0.005 0.173 0.022 0.075 0.061 0.067 0.108 0.082 0.100 0.075 0.082 0.383 0.020 0.068 0.021 
 215   (0.082) 0.179 0.009 0.114 0.072 0.091 0.067 0.073 0.073 0.036 0.060 0.081 0.079 0.106 0.010 0.015 0.050 0.091 
 202   (0.010) 0.007 0.001 0.001 0.002 0.002 0.027 0.008 0.009 0.001 0.033 0.003 0.014 0.002 0.001 0.002 0.000 0.002 

Locus 46 : 46 
10 alleles
1.0% missing data
 144   (0.063) 0.007 0.050 0.129 0.077 0.068 0.077 0.057 0.056 0.071 0.090 0.101 0.067 0.014 0.008 0.013 0.255 0.024 
 158   (0.157) 0.123 0.034 0.082 0.193 0.190 0.133 0.141 0.155 0.403 0.137 0.126 0.153 0.265 0.021 0.078 0.113 0.032 
 168   (0.144) 0.217 0.055 0.107 0.061 0.032 0.200 0.132 0.136 0.065 0.209 0.111 0.156 0.138 0.217 0.033 0.221 0.039 
 166   (0.137) 0.025 0.460 0.391 0.076 0.037 0.103 0.132 0.136 0.126 0.108 0.088 0.132 0.085 0.123 0.066 0.325 0.344 
 142   (0.363) 0.141 0.386 0.284 0.538 0.648 0.392 0.409 0.385 0.302 0.354 0.284 0.362 0.441 0.047 0.719 0.082 0.491 
 170   (0.015) 0.046 0.002 0.001 0.003 0.003 0.008 0.011 0.013 0.001 0.009 0.044 0.014 0.004 0.002 0.003 0.001 0.002 
 156   (0.027) 0.084 0.002 0.002 0.017 0.005 0.020 0.028 0.029 0.015 0.024 0.008 0.026 0.005 0.470 0.013 0.001 0.004 
 162   (0.046) 0.163 0.005 0.003 0.012 0.008 0.032 0.047 0.043 0.004 0.031 0.072 0.044 0.037 0.108 0.009 0.001 0.058 
 164   (0.041) 0.194 0.005 0.002 0.022 0.007 0.031 0.039 0.043 0.011 0.035 0.164 0.039 0.010 0.005 0.065 0.001 0.005 
 160   (0.006) 0.000 0.001 0.000 0.001 0.001 0.003 0.004 0.005 0.001 0.004 0.002 0.006 0.001 0.001 0.001 0.000 0.001 

Locus 47 : 47 
7 alleles
9.9% missing data
 149   (0.350) 0.771 0.476 0.334 0.323 0.509 0.409 0.370 0.355 0.182 0.432 0.291 0.363 0.081 0.346 0.364 0.207 0.410 
 151   (0.185) 0.086 0.117 0.012 0.204 0.356 0.143 0.171 0.182 0.587 0.151 0.158 0.179 0.372 0.083 0.168 0.208 0.107 
 153   (0.190) 0.041 0.100 0.024 0.304 0.068 0.179 0.203 0.198 0.129 0.161 0.146 0.185 0.176 0.029 0.307 0.367 0.413 
 147   (0.028) 0.002 0.003 0.002 0.007 0.007 0.019 0.022 0.025 0.030 0.022 0.068 0.027 0.005 0.004 0.005 0.034 0.004 
 145   (0.225) 0.041 0.302 0.627 0.156 0.054 0.237 0.220 0.222 0.070 0.219 0.305 0.225 0.362 0.535 0.151 0.182 0.064 
 152   (0.006) 0.001 0.001 0.000 0.002 0.003 0.004 0.004 0.005 0.001 0.005 0.003 0.006 0.001 0.001 0.001 0.002 0.001 
 143   (0.016) 0.057 0.001 0.001 0.003 0.003 0.010 0.011 0.014 0.002 0.011 0.030 0.015 0.003 0.002 0.002 0.000 0.002 

Values of parameters used in structure:
DATAFILE=temp2.str,	OUTFILE=k17/temp2_k17_run3,	NUMINDS=486,	NUMLOCI=47,	MISSING=-9,	LABEL=1,	POPDATA=1,	POPFLAG=0,	PHENOTYPE=0,	EXTRACOLS=0,	MAXPOPS=17,	BURNIN=500000,	NUMREPS=750000,	USEPOPINFO=0,	INFERALPHA=1,	INFERLAMBDA=0,	POPSPECIFICLAMBDA=0,	POPALPHAS=0,	COMPUTEPROB=1,	NOADMIX=0,	ADMBURNIN=500,	UPDATEFREQ=100,	PRINTLIKES=0,	INTERMEDSAVE=0,	PRINTKLD=0,	PRINTNET=1,	PRINTLAMBDA=1,	ANCESTDIST=0,	NUMBOXES=1000,	ANCESTPINT=0.90000,	GENSBACK=2,	MIGRPRIOR=0.01000,	PRINTQHAT=0,	PRINTQSUM=1,	ALPHA=1.0000,	FREQSCORR=1,	FPRIORMEAN=0.0100,	FPRIORSD=0.0500,	ONEFST=0,	LAMBDA=1.0000,	UNIFPRIORALPHA=1,	ALPHAMAX=10.0000,	ALPHAPRIORA=1.0000,	ALPHAPRIORB=2.0000,	ALPHAPROPSD=0.0250,	STARTATPOPINFO=0,	RANDOMIZE=0,	LINKAGE=0,	METROFREQ=10,	REPORTHITRATE=0,	MARKOVPHASE=0,	PHASED=1,	PLOIDY=2,	PHASEINFO=0	LOCPRIOR=0, 	LOCPRIORINIT=1.000000, 	LOCDATA=0, 	LOCISPOP=1, 	LOCPRIORSTEP=0.100000, 	MAXLOCPRIOR=20.000000, 	SEED=686470,	
[STRAT parameters]:    NUMSIMSTATS=1000,	PHENOTYPECOL=-9,	POOLFREQ=10,	LOCUSxONLY=0,	EMERROR=0.00100,	MISSINGPHENO=-9,	