

----------------------------------------------------
STRUCTURE by Pritchard, Stephens and Donnelly (2000)
     and Falush, Stephens and Pritchard (2003)
       Code by Pritchard, Falush and Hubisz
             Version 2.3.4 (Jul 2012)
----------------------------------------------------



Command line arguments:   structure -D 676985 -K 17 -m mainparams -o k17/temp2_k17_run10 
Input File:    temp2.str

Run parameters:
   486 individuals
   47 loci
   17 populations assumed
   500000 Burn-in period
   750000 Reps
RANDOMIZE turned off


--------------------------------------------
Proportion of membership of each pre-defined
 population in each of the 17 clusters

Given    Inferred Clusters                                                                                                         Number of
 Pop       1      2      3      4      5      6      7      8      9     10     11     12     13     14     15     16     17      Individuals

  1:     0.010  0.010  0.008  0.004  0.006  0.035  0.009  0.009  0.012  0.836  0.010  0.010  0.010  0.003  0.010  0.009  0.009       63
  2:     0.011  0.007  0.007  0.006  0.010  0.012  0.010  0.011  0.014  0.842  0.012  0.006  0.014  0.003  0.014  0.011  0.012       20
  3:     0.004  0.004  0.004  0.007  0.006  0.004  0.004  0.003  0.004  0.003  0.004  0.004  0.005  0.932  0.004  0.003  0.004       36
  4:     0.018  0.013  0.006  0.004  0.008  0.100  0.010  0.010  0.036  0.687  0.021  0.014  0.019  0.003  0.023  0.010  0.018       21
  5:     0.007  0.006  0.005  0.003  0.006  0.533  0.007  0.008  0.012  0.359  0.006  0.010  0.007  0.003  0.006  0.014  0.007       31
  6:     0.007  0.018  0.004  0.004  0.004  0.017  0.010  0.006  0.006  0.862  0.011  0.005  0.007  0.004  0.014  0.013  0.007       21
  7:     0.019  0.034  0.011  0.004  0.023  0.012  0.023  0.015  0.760  0.011  0.015  0.015  0.020  0.005  0.011  0.005  0.017       25
  8:     0.023  0.022  0.009  0.009  0.038  0.130  0.015  0.014  0.021  0.444  0.030  0.049  0.023  0.092  0.045  0.013  0.023        8
  9:     0.009  0.010  0.005  0.005  0.004  0.018  0.025  0.009  0.008  0.533  0.008  0.006  0.009  0.002  0.006  0.335  0.009       17
 10:     0.005  0.004  0.931  0.003  0.005  0.004  0.004  0.005  0.006  0.004  0.004  0.005  0.005  0.003  0.005  0.003  0.005       29
 11:     0.003  0.002  0.002  0.959  0.002  0.002  0.002  0.002  0.002  0.002  0.003  0.002  0.003  0.006  0.003  0.003  0.003        9
 12:     0.153  0.053  0.014  0.008  0.026  0.015  0.019  0.017  0.050  0.010  0.127  0.091  0.161  0.018  0.085  0.009  0.143       26
 13:     0.100  0.105  0.011  0.009  0.046  0.012  0.134  0.040  0.025  0.012  0.075  0.156  0.100  0.012  0.051  0.012  0.101       74
 14:     0.066  0.104  0.014  0.007  0.069  0.012  0.286  0.085  0.019  0.018  0.059  0.058  0.064  0.011  0.056  0.009  0.064       35
 15:     0.049  0.181  0.007  0.008  0.013  0.013  0.201  0.298  0.022  0.029  0.032  0.017  0.044  0.007  0.022  0.007  0.049       24
 16:     0.144  0.040  0.025  0.009  0.010  0.011  0.024  0.019  0.034  0.024  0.122  0.132  0.147  0.022  0.093  0.007  0.138       43
 17:     0.185  0.017  0.009  0.003  0.012  0.012  0.013  0.010  0.012  0.013  0.164  0.019  0.130  0.006  0.151  0.047  0.197        4
--------------------------------------------

Allele-freq. divergence among pops (Net nucleotide distance),
computed using point estimates of P.

      1       2       3       4       5       6       7       8       9      10      11      12      13      14      15      16      17      
 1      -    0.0167  0.0553  0.1009  0.0510  0.0405  0.0207  0.0310  0.0196  0.0314  0.0034  0.0116  0.0002  0.0841  0.0142  0.1011  0.0000  
 2   0.0167     -    0.0748  0.1273  0.0611  0.0630  0.0262  0.0342  0.0394  0.0495  0.0209  0.0281  0.0168  0.1133  0.0325  0.1296  0.0165  
 3   0.0553  0.0748     -    0.1344  0.1101  0.0960  0.0775  0.0804  0.0618  0.0821  0.0584  0.0680  0.0539  0.1238  0.0680  0.1617  0.0557  
 4   0.1009  0.1273  0.1344     -    0.1720  0.1450  0.1328  0.1395  0.1079  0.1462  0.1037  0.1114  0.0981  0.1140  0.1134  0.2037  0.1018  
 5   0.0510  0.0611  0.1101  0.1720     -    0.0845  0.0702  0.0789  0.0631  0.0805  0.0544  0.0685  0.0509  0.1360  0.0654  0.1554  0.0515  
 6   0.0405  0.0630  0.0960  0.1450  0.0845     -    0.0686  0.0706  0.0581  0.0421  0.0426  0.0492  0.0396  0.1410  0.0523  0.1364  0.0409  
 7   0.0207  0.0262  0.0775  0.1328  0.0702  0.0686     -    0.0333  0.0430  0.0472  0.0255  0.0342  0.0211  0.1326  0.0371  0.1236  0.0205  
 8   0.0310  0.0342  0.0804  0.1395  0.0789  0.0706  0.0333     -    0.0463  0.0657  0.0342  0.0425  0.0305  0.1318  0.0439  0.1561  0.0312  
 9   0.0196  0.0394  0.0618  0.1079  0.0631  0.0581  0.0430  0.0463     -    0.0460  0.0267  0.0277  0.0186  0.1063  0.0409  0.1236  0.0199  
10   0.0314  0.0495  0.0821  0.1462  0.0805  0.0421  0.0472  0.0657  0.0460     -    0.0352  0.0370  0.0311  0.1474  0.0462  0.1062  0.0316  
11   0.0034  0.0209  0.0584  0.1037  0.0544  0.0426  0.0255  0.0342  0.0267  0.0352     -    0.0148  0.0032  0.0859  0.0038  0.1084  0.0034  
12   0.0116  0.0281  0.0680  0.1114  0.0685  0.0492  0.0342  0.0425  0.0277  0.0370  0.0148     -    0.0108  0.0952  0.0252  0.1140  0.0120  
13   0.0002  0.0168  0.0539  0.0981  0.0509  0.0396  0.0211  0.0305  0.0186  0.0311  0.0032  0.0108     -    0.0823  0.0136  0.1021  0.0003  
14   0.0841  0.1133  0.1238  0.1140  0.1360  0.1410  0.1326  0.1318  0.1063  0.1474  0.0859  0.0952  0.0823     -    0.0950  0.2176  0.0851  
15   0.0142  0.0325  0.0680  0.1134  0.0654  0.0523  0.0371  0.0439  0.0409  0.0462  0.0038  0.0252  0.0136  0.0950     -    0.1228  0.0142  
16   0.1011  0.1296  0.1617  0.2037  0.1554  0.1364  0.1236  0.1561  0.1236  0.1062  0.1084  0.1140  0.1021  0.2176  0.1228     -    0.1011  
17   0.0000  0.0165  0.0557  0.1018  0.0515  0.0409  0.0205  0.0312  0.0199  0.0316  0.0034  0.0120  0.0003  0.0851  0.0142  0.1011     -    

Average distances (expected heterozygosity) between individuals in same cluster:
cluster  1  : 0.6423 
cluster  2  : 0.5814 
cluster  3  : 0.5432 
cluster  4  : 0.5320 
cluster  5  : 0.5305 
cluster  6  : 0.5356 
cluster  7  : 0.5550 
cluster  8  : 0.5562 
cluster  9  : 0.5938 
cluster 10  : 0.5364 
cluster 11  : 0.6285 
cluster 12  : 0.6032 
cluster 13  : 0.6451 
cluster 14  : 0.6310 
cluster 15  : 0.6009 
cluster 16  : 0.4308 
cluster 17  : 0.6405 

--------------------------------------------
Estimated Ln Prob of Data   = -53952.4
Mean value of ln likelihood = -50064.8
Variance of ln likelihood   = 7775.1
Mean value of alpha         = 0.0341

Mean value of Fst_1         = 0.0228
Mean value of Fst_2         = 0.1101
Mean value of Fst_3         = 0.2168
Mean value of Fst_4         = 0.3111
Mean value of Fst_5         = 0.2557
Mean value of Fst_6         = 0.1861
Mean value of Fst_7         = 0.1208
Mean value of Fst_8         = 0.1654
Mean value of Fst_9         = 0.0966
Mean value of Fst_10         = 0.1474
Mean value of Fst_11         = 0.0930
Mean value of Fst_12         = 0.0642
Mean value of Fst_13         = 0.0118
Mean value of Fst_14         = 0.1910
Mean value of Fst_15         = 0.1620
Mean value of Fst_16         = 0.4141
Mean value of Fst_17         = 0.0275


Inferred ancestry of individuals:
        Label (%Miss) Pop:  Inferred clusters
  1      221    (0)    1 :  0.006 0.006 0.002 0.003 0.002 0.008 0.009 0.007 0.018 0.894 0.007 0.009 0.007 0.003 0.008 0.004 0.006 
  2      222    (0)    1 :  0.008 0.007 0.008 0.004 0.010 0.508 0.009 0.004 0.007 0.378 0.010 0.008 0.009 0.004 0.012 0.006 0.008 
  3      223    (0)    1 :  0.009 0.010 0.003 0.003 0.006 0.007 0.010 0.004 0.008 0.858 0.010 0.030 0.009 0.006 0.009 0.008 0.009 
  4      224    (0)    1 :  0.003 0.002 0.004 0.001 0.004 0.005 0.003 0.002 0.004 0.951 0.003 0.003 0.003 0.001 0.003 0.005 0.003 
  5      225    (0)    1 :  0.005 0.004 0.004 0.002 0.004 0.006 0.004 0.003 0.003 0.928 0.006 0.006 0.006 0.002 0.007 0.004 0.006 
  6      226    (0)    1 :  0.005 0.004 0.002 0.006 0.007 0.003 0.003 0.002 0.013 0.922 0.004 0.011 0.005 0.001 0.003 0.004 0.005 
  7      227    (0)    1 :  0.010 0.007 0.004 0.015 0.004 0.003 0.005 0.005 0.037 0.844 0.009 0.018 0.011 0.007 0.007 0.005 0.009 
  8      228    (0)    1 :  0.008 0.010 0.005 0.003 0.009 0.006 0.031 0.004 0.006 0.851 0.010 0.008 0.009 0.004 0.012 0.013 0.009 
  9      234    (0)    1 :  0.004 0.004 0.002 0.002 0.004 0.008 0.005 0.004 0.004 0.938 0.004 0.004 0.004 0.001 0.003 0.004 0.004 
 10      235    (0)    1 :  0.004 0.003 0.002 0.004 0.002 0.009 0.003 0.002 0.004 0.945 0.004 0.003 0.003 0.001 0.004 0.004 0.004 
 11      236    (0)    1 :  0.003 0.002 0.002 0.002 0.002 0.003 0.002 0.002 0.005 0.950 0.002 0.003 0.003 0.001 0.002 0.014 0.002 
 12      237    (0)    1 :  0.004 0.006 0.002 0.002 0.003 0.009 0.004 0.005 0.003 0.938 0.004 0.006 0.004 0.002 0.003 0.002 0.004 
 13      238    (0)    1 :  0.009 0.013 0.012 0.003 0.004 0.039 0.005 0.006 0.024 0.835 0.008 0.009 0.010 0.006 0.006 0.003 0.010 
 14      239    (0)    1 :  0.025 0.008 0.014 0.007 0.007 0.017 0.017 0.009 0.073 0.665 0.021 0.041 0.026 0.002 0.020 0.025 0.022 
 15      240    (0)    1 :  0.004 0.003 0.002 0.002 0.003 0.006 0.003 0.004 0.006 0.943 0.003 0.003 0.003 0.001 0.003 0.006 0.004 
 16      242    (0)    1 :  0.066 0.023 0.002 0.001 0.007 0.249 0.020 0.007 0.011 0.302 0.036 0.116 0.086 0.001 0.018 0.003 0.051 
 17      243    (0)    1 :  0.016 0.007 0.015 0.016 0.008 0.013 0.005 0.005 0.021 0.826 0.012 0.010 0.016 0.002 0.008 0.005 0.015 
 18      244    (0)    1 :  0.007 0.003 0.003 0.012 0.003 0.015 0.003 0.003 0.023 0.876 0.008 0.018 0.008 0.003 0.008 0.002 0.007 
 19      245    (0)    1 :  0.016 0.015 0.007 0.009 0.006 0.004 0.008 0.021 0.013 0.771 0.011 0.008 0.014 0.023 0.009 0.048 0.016 
 20      246    (0)    1 :  0.004 0.003 0.003 0.005 0.003 0.011 0.003 0.002 0.003 0.937 0.004 0.003 0.005 0.003 0.004 0.003 0.005 
 21      248    (0)    1 :  0.007 0.005 0.020 0.003 0.002 0.047 0.004 0.004 0.005 0.857 0.007 0.009 0.007 0.003 0.006 0.009 0.007 
 22      249    (0)    1 :  0.002 0.002 0.002 0.001 0.004 0.002 0.003 0.002 0.004 0.963 0.002 0.003 0.002 0.001 0.002 0.002 0.002 
 23      250    (0)    1 :  0.015 0.021 0.009 0.006 0.006 0.005 0.012 0.005 0.009 0.833 0.012 0.010 0.014 0.006 0.010 0.013 0.015 
 24      251    (0)    1 :  0.005 0.008 0.003 0.004 0.002 0.016 0.011 0.006 0.004 0.904 0.006 0.006 0.005 0.001 0.007 0.005 0.005 
 25      252    (0)    1 :  0.008 0.021 0.036 0.001 0.008 0.003 0.009 0.010 0.007 0.854 0.007 0.007 0.008 0.002 0.005 0.004 0.008 
 26      253    (0)    1 :  0.024 0.006 0.022 0.003 0.004 0.003 0.004 0.002 0.007 0.808 0.017 0.022 0.024 0.015 0.011 0.006 0.023 
 27      254    (0)    1 :  0.005 0.006 0.003 0.002 0.003 0.004 0.003 0.004 0.008 0.923 0.006 0.007 0.005 0.001 0.008 0.004 0.005 
 28      255    (0)    1 :  0.016 0.006 0.006 0.003 0.004 0.269 0.012 0.005 0.055 0.525 0.017 0.013 0.017 0.003 0.016 0.017 0.017 
 29      256    (0)    1 :  0.010 0.007 0.002 0.002 0.013 0.057 0.005 0.004 0.004 0.850 0.008 0.005 0.010 0.004 0.006 0.003 0.011 
 30      257    (0)    1 :  0.009 0.010 0.009 0.003 0.003 0.006 0.011 0.010 0.019 0.867 0.010 0.011 0.008 0.002 0.011 0.003 0.008 
 31      258    (0)    1 :  0.011 0.011 0.003 0.002 0.003 0.027 0.010 0.014 0.011 0.851 0.007 0.008 0.010 0.005 0.005 0.011 0.010 
 32      259    (0)    1 :  0.007 0.004 0.002 0.002 0.003 0.006 0.005 0.013 0.005 0.813 0.041 0.006 0.006 0.002 0.076 0.002 0.007 
 33      260    (0)    1 :  0.006 0.006 0.071 0.006 0.003 0.005 0.005 0.003 0.027 0.817 0.005 0.004 0.007 0.002 0.004 0.022 0.006 
 34      261    (0)    1 :  0.013 0.052 0.008 0.002 0.005 0.005 0.015 0.111 0.014 0.720 0.011 0.004 0.013 0.002 0.009 0.003 0.013 
 35      262    (0)    1 :  0.002 0.002 0.002 0.001 0.003 0.006 0.003 0.003 0.002 0.961 0.002 0.002 0.002 0.001 0.003 0.002 0.002 
 36      263    (0)    1 :  0.006 0.006 0.023 0.005 0.005 0.014 0.003 0.004 0.044 0.856 0.005 0.005 0.006 0.004 0.004 0.005 0.006 
 37      264    (0)    1 :  0.004 0.004 0.003 0.001 0.014 0.009 0.004 0.009 0.006 0.917 0.005 0.004 0.004 0.001 0.006 0.003 0.004 
 38      265    (0)    1 :  0.005 0.004 0.037 0.002 0.005 0.021 0.006 0.007 0.020 0.860 0.006 0.003 0.006 0.001 0.005 0.007 0.006 
 39      266    (0)    1 :  0.003 0.003 0.002 0.001 0.002 0.006 0.003 0.002 0.002 0.953 0.003 0.003 0.003 0.001 0.003 0.005 0.003 
 40      267    (0)    1 :  0.003 0.002 0.001 0.002 0.003 0.024 0.004 0.002 0.003 0.935 0.003 0.005 0.003 0.001 0.003 0.002 0.003 
 41      268    (0)    1 :  0.006 0.009 0.050 0.008 0.004 0.004 0.005 0.004 0.006 0.869 0.006 0.007 0.007 0.001 0.004 0.003 0.007 
 42      269    (0)    1 :  0.003 0.003 0.002 0.001 0.002 0.008 0.003 0.006 0.004 0.932 0.003 0.004 0.003 0.001 0.002 0.019 0.003 
 43      270    (0)    1 :  0.003 0.003 0.002 0.002 0.022 0.004 0.004 0.003 0.006 0.928 0.003 0.005 0.003 0.001 0.003 0.003 0.003 
 44      271    (0)    1 :  0.025 0.026 0.009 0.003 0.007 0.010 0.007 0.023 0.012 0.680 0.026 0.013 0.028 0.006 0.022 0.074 0.027 
 45      272    (0)    1 :  0.030 0.008 0.005 0.006 0.019 0.383 0.008 0.100 0.007 0.299 0.030 0.007 0.028 0.001 0.028 0.013 0.026 
 46      273    (0)    1 :  0.014 0.007 0.003 0.002 0.019 0.014 0.017 0.010 0.039 0.798 0.013 0.015 0.013 0.004 0.011 0.010 0.014 
 47      274    (0)    1 :  0.005 0.006 0.006 0.003 0.003 0.004 0.006 0.014 0.009 0.912 0.004 0.005 0.005 0.002 0.004 0.007 0.005 
 48      275    (2)    1 :  0.004 0.003 0.002 0.002 0.003 0.009 0.005 0.003 0.006 0.935 0.005 0.005 0.004 0.002 0.005 0.003 0.004 
 49      276    (0)    1 :  0.006 0.011 0.004 0.002 0.004 0.006 0.006 0.008 0.005 0.910 0.006 0.007 0.006 0.001 0.006 0.005 0.006 
 50      277    (0)    1 :  0.014 0.066 0.002 0.001 0.007 0.003 0.047 0.008 0.008 0.776 0.012 0.006 0.011 0.001 0.009 0.011 0.018 
 51      278    (0)    1 :  0.009 0.054 0.004 0.007 0.002 0.015 0.018 0.009 0.006 0.803 0.014 0.010 0.009 0.001 0.022 0.005 0.010 
 52      279    (0)    1 :  0.015 0.008 0.003 0.002 0.005 0.016 0.006 0.004 0.006 0.867 0.015 0.009 0.013 0.002 0.012 0.003 0.016 
 53      280    (0)    1 :  0.010 0.015 0.005 0.003 0.003 0.007 0.026 0.008 0.019 0.773 0.013 0.012 0.011 0.002 0.016 0.066 0.011 
 54      287    (0)    1 :  0.015 0.009 0.006 0.004 0.006 0.004 0.011 0.006 0.013 0.852 0.015 0.007 0.016 0.003 0.016 0.003 0.015 
 55      290    (0)    1 :  0.013 0.007 0.003 0.006 0.016 0.084 0.010 0.011 0.009 0.774 0.013 0.008 0.012 0.002 0.015 0.006 0.012 
 56      291    (0)    1 :  0.009 0.014 0.005 0.003 0.003 0.003 0.032 0.009 0.007 0.811 0.024 0.005 0.008 0.002 0.042 0.014 0.009 
 57      295    (0)    1 :  0.004 0.006 0.003 0.001 0.003 0.006 0.031 0.005 0.004 0.917 0.003 0.003 0.004 0.001 0.003 0.003 0.004 
 58      296    (0)    1 :  0.004 0.005 0.004 0.003 0.010 0.009 0.003 0.003 0.004 0.924 0.004 0.009 0.004 0.002 0.003 0.005 0.004 
 59      872    (2)    1 :  0.005 0.007 0.007 0.006 0.005 0.092 0.004 0.004 0.005 0.830 0.006 0.004 0.006 0.005 0.005 0.004 0.005 
 60      873    (4)    1 :  0.014 0.009 0.003 0.004 0.018 0.026 0.003 0.003 0.014 0.820 0.017 0.011 0.016 0.003 0.018 0.010 0.012 
 61      874    (2)    1 :  0.004 0.019 0.002 0.001 0.004 0.011 0.007 0.009 0.005 0.899 0.008 0.007 0.005 0.001 0.010 0.002 0.004 
 62      875    (0)    1 :  0.005 0.004 0.002 0.018 0.003 0.015 0.005 0.004 0.006 0.903 0.005 0.006 0.006 0.004 0.005 0.006 0.005 
 63      876    (6)    1 :  0.008 0.013 0.011 0.001 0.004 0.005 0.014 0.007 0.022 0.861 0.007 0.019 0.008 0.002 0.006 0.005 0.008 
 64      212    (0)   10 :  0.002 0.004 0.957 0.001 0.003 0.004 0.004 0.003 0.002 0.002 0.003 0.003 0.002 0.002 0.003 0.002 0.003 
 65      213    (0)   10 :  0.004 0.007 0.931 0.003 0.003 0.002 0.007 0.003 0.003 0.004 0.004 0.006 0.004 0.002 0.003 0.008 0.004 
 66      214    (0)   10 :  0.005 0.004 0.930 0.001 0.002 0.006 0.003 0.007 0.006 0.004 0.005 0.006 0.005 0.003 0.006 0.002 0.005 
 67      215    (0)   10 :  0.003 0.004 0.936 0.003 0.003 0.004 0.008 0.003 0.004 0.005 0.004 0.004 0.004 0.002 0.005 0.003 0.004 
 68      216    (0)   10 :  0.003 0.004 0.949 0.002 0.004 0.002 0.005 0.003 0.003 0.004 0.003 0.002 0.003 0.001 0.004 0.004 0.003 
 69      217    (0)   10 :  0.005 0.004 0.927 0.002 0.006 0.004 0.004 0.005 0.003 0.005 0.005 0.010 0.005 0.002 0.005 0.004 0.005 
 70      218    (0)   10 :  0.003 0.003 0.956 0.002 0.004 0.002 0.003 0.003 0.003 0.003 0.003 0.002 0.003 0.003 0.003 0.002 0.003 
 71      332    (0)   10 :  0.007 0.009 0.854 0.005 0.033 0.007 0.008 0.010 0.016 0.009 0.006 0.010 0.007 0.002 0.006 0.003 0.008 
 72      333    (0)   10 :  0.012 0.004 0.838 0.010 0.006 0.012 0.006 0.008 0.026 0.010 0.012 0.009 0.013 0.008 0.011 0.004 0.012 
 73      334    (0)   10 :  0.004 0.006 0.927 0.003 0.007 0.002 0.004 0.004 0.007 0.007 0.005 0.005 0.004 0.002 0.005 0.003 0.004 
 74      335    (0)   10 :  0.003 0.002 0.958 0.002 0.002 0.002 0.005 0.005 0.003 0.002 0.003 0.003 0.003 0.002 0.003 0.001 0.003 
 75      336    (0)   10 :  0.003 0.003 0.943 0.014 0.003 0.005 0.002 0.002 0.005 0.003 0.002 0.002 0.003 0.002 0.002 0.004 0.003 
 76      337    (0)   10 :  0.005 0.003 0.926 0.002 0.002 0.008 0.003 0.003 0.010 0.009 0.005 0.006 0.005 0.003 0.005 0.002 0.005 
 77      673    (0)   10 :  0.001 0.001 0.977 0.001 0.001 0.001 0.002 0.002 0.002 0.002 0.001 0.001 0.001 0.002 0.001 0.001 0.001 
 78      674    (0)   10 :  0.005 0.005 0.932 0.002 0.007 0.005 0.003 0.005 0.005 0.003 0.006 0.003 0.005 0.002 0.006 0.002 0.005 
 79      675    (0)   10 :  0.004 0.005 0.938 0.004 0.003 0.002 0.007 0.003 0.005 0.003 0.004 0.003 0.004 0.002 0.003 0.004 0.004 
 80      676    (0)   10 :  0.004 0.006 0.929 0.001 0.005 0.002 0.008 0.007 0.006 0.003 0.004 0.007 0.004 0.002 0.004 0.001 0.005 
 81      677    (0)   10 :  0.003 0.003 0.945 0.002 0.002 0.003 0.003 0.004 0.004 0.006 0.004 0.005 0.003 0.002 0.005 0.002 0.003 
 82      678    (0)   10 :  0.010 0.006 0.890 0.004 0.002 0.011 0.008 0.006 0.003 0.007 0.009 0.007 0.010 0.003 0.010 0.004 0.009 
 83      679    (0)   10 :  0.007 0.005 0.899 0.002 0.015 0.002 0.002 0.004 0.006 0.004 0.005 0.005 0.007 0.024 0.005 0.001 0.007 
 84      680    (0)   10 :  0.005 0.007 0.914 0.005 0.007 0.003 0.005 0.009 0.012 0.004 0.005 0.004 0.005 0.002 0.004 0.003 0.005 
 85      681    (0)   10 :  0.005 0.005 0.927 0.002 0.004 0.004 0.005 0.003 0.007 0.006 0.005 0.008 0.005 0.002 0.005 0.002 0.005 
 86      682    (0)   10 :  0.002 0.002 0.965 0.004 0.002 0.002 0.002 0.002 0.002 0.002 0.002 0.002 0.002 0.002 0.002 0.003 0.002 
 87      683    (0)   10 :  0.006 0.004 0.926 0.002 0.006 0.003 0.004 0.004 0.007 0.005 0.006 0.004 0.006 0.002 0.005 0.004 0.006 
 88      684    (0)   10 :  0.005 0.005 0.931 0.003 0.003 0.003 0.005 0.007 0.006 0.002 0.006 0.003 0.005 0.002 0.007 0.002 0.005 
 89      685    (0)   10 :  0.005 0.003 0.927 0.003 0.003 0.006 0.003 0.003 0.009 0.003 0.006 0.005 0.006 0.005 0.006 0.003 0.006 
 90      686    (0)   10 :  0.002 0.002 0.963 0.003 0.002 0.002 0.002 0.002 0.003 0.002 0.002 0.002 0.002 0.004 0.002 0.002 0.002 
 91      687    (0)   10 :  0.002 0.002 0.964 0.002 0.002 0.002 0.004 0.002 0.004 0.002 0.002 0.002 0.002 0.001 0.002 0.002 0.002 
 92      688    (0)   10 :  0.003 0.007 0.927 0.002 0.005 0.004 0.004 0.014 0.006 0.007 0.003 0.004 0.004 0.001 0.003 0.003 0.004 
 93      070    (0)   11 :  0.004 0.003 0.002 0.948 0.002 0.003 0.002 0.003 0.003 0.002 0.004 0.003 0.005 0.008 0.003 0.001 0.004 
 94      071    (0)   11 :  0.003 0.003 0.006 0.952 0.002 0.002 0.002 0.003 0.004 0.002 0.003 0.003 0.003 0.001 0.003 0.006 0.003 
 95      072    (0)   11 :  0.002 0.001 0.001 0.969 0.001 0.002 0.002 0.002 0.002 0.001 0.002 0.002 0.002 0.005 0.001 0.003 0.002 
 96      151    (0)   11 :  0.001 0.002 0.002 0.976 0.001 0.001 0.002 0.002 0.002 0.001 0.001 0.001 0.002 0.002 0.002 0.001 0.001 
 97      152    (0)   11 :  0.005 0.003 0.002 0.941 0.002 0.002 0.005 0.003 0.004 0.002 0.005 0.004 0.005 0.002 0.005 0.004 0.005 
 98      153    (2)   11 :  0.001 0.001 0.001 0.977 0.001 0.002 0.001 0.001 0.002 0.001 0.001 0.001 0.001 0.002 0.001 0.001 0.001 
 99      788    (4)   11 :  0.003 0.003 0.002 0.933 0.001 0.001 0.003 0.003 0.002 0.002 0.002 0.002 0.003 0.030 0.002 0.003 0.003 
100      789    (2)   11 :  0.002 0.002 0.003 0.968 0.001 0.002 0.002 0.002 0.002 0.002 0.002 0.002 0.002 0.002 0.002 0.002 0.002 
101      790    (0)   11 :  0.002 0.001 0.001 0.971 0.001 0.002 0.002 0.001 0.002 0.002 0.002 0.002 0.002 0.001 0.002 0.003 0.002 
102      010    (0)   12 :  0.177 0.013 0.004 0.002 0.007 0.007 0.005 0.004 0.009 0.005 0.203 0.016 0.150 0.013 0.189 0.007 0.190 
103      024    (0)   12 :  0.199 0.013 0.009 0.006 0.007 0.006 0.009 0.038 0.009 0.006 0.117 0.013 0.300 0.041 0.068 0.005 0.154 
104      051    (0)   12 :  0.149 0.010 0.008 0.012 0.005 0.008 0.005 0.005 0.253 0.005 0.135 0.023 0.127 0.047 0.077 0.004 0.126 
105      090    (0)   12 :  0.193 0.014 0.005 0.007 0.012 0.008 0.014 0.008 0.060 0.007 0.123 0.076 0.216 0.021 0.067 0.003 0.165 
106      102    (0)   12 :  0.167 0.153 0.003 0.002 0.011 0.034 0.070 0.013 0.016 0.028 0.101 0.031 0.133 0.002 0.047 0.004 0.185 
107      111    (0)   12 :  0.171 0.020 0.004 0.002 0.005 0.022 0.006 0.030 0.011 0.006 0.181 0.074 0.129 0.004 0.107 0.071 0.157 
108      113    (0)   12 :  0.152 0.029 0.005 0.006 0.006 0.035 0.021 0.053 0.092 0.005 0.139 0.050 0.132 0.005 0.150 0.003 0.115 
109      138    (0)   12 :  0.073 0.012 0.079 0.046 0.003 0.003 0.012 0.006 0.016 0.008 0.053 0.505 0.078 0.005 0.031 0.002 0.065 
110      150    (0)   12 :  0.027 0.627 0.004 0.015 0.006 0.007 0.040 0.021 0.064 0.017 0.017 0.064 0.025 0.027 0.011 0.002 0.027 
111      173    (2)   12 :  0.166 0.015 0.010 0.020 0.034 0.006 0.012 0.032 0.145 0.005 0.079 0.022 0.250 0.017 0.054 0.007 0.125 
112      174    (2)   12 :  0.117 0.004 0.004 0.022 0.005 0.026 0.003 0.017 0.015 0.007 0.128 0.271 0.098 0.030 0.151 0.004 0.100 
113      175    (0)   12 :  0.198 0.014 0.003 0.005 0.005 0.013 0.007 0.005 0.027 0.003 0.165 0.019 0.210 0.063 0.092 0.002 0.170 
114      176    (0)   12 :  0.154 0.019 0.011 0.005 0.003 0.019 0.005 0.006 0.007 0.015 0.191 0.015 0.150 0.004 0.202 0.007 0.186 
115      177    (0)   12 :  0.148 0.009 0.002 0.003 0.004 0.008 0.008 0.050 0.206 0.003 0.110 0.043 0.172 0.008 0.084 0.002 0.139 
116      180    (0)   12 :  0.145 0.005 0.006 0.004 0.004 0.109 0.005 0.006 0.120 0.023 0.136 0.093 0.139 0.002 0.073 0.004 0.123 
117      184    (0)   12 :  0.085 0.095 0.006 0.014 0.041 0.004 0.017 0.014 0.015 0.006 0.060 0.379 0.117 0.010 0.042 0.004 0.092 
118      195    (0)   12 :  0.195 0.016 0.014 0.005 0.005 0.003 0.011 0.008 0.013 0.005 0.174 0.015 0.205 0.007 0.097 0.034 0.192 
119      198    (0)   12 :  0.140 0.015 0.007 0.003 0.003 0.015 0.007 0.005 0.019 0.011 0.101 0.264 0.177 0.009 0.065 0.033 0.127 
120      203    (0)   12 :  0.165 0.027 0.005 0.009 0.008 0.009 0.006 0.010 0.011 0.008 0.238 0.009 0.157 0.002 0.124 0.003 0.209 
121      211    (0)   12 :  0.152 0.049 0.082 0.003 0.003 0.004 0.010 0.036 0.008 0.026 0.142 0.025 0.184 0.004 0.125 0.003 0.144 
122      220    (0)   12 :  0.157 0.170 0.009 0.002 0.009 0.008 0.023 0.039 0.069 0.004 0.112 0.037 0.147 0.005 0.053 0.007 0.148 
123      233    (0)   12 :  0.166 0.004 0.043 0.005 0.030 0.004 0.168 0.019 0.015 0.009 0.115 0.015 0.204 0.002 0.052 0.002 0.147 
124      331    (0)   12 :  0.190 0.016 0.004 0.007 0.008 0.005 0.005 0.011 0.034 0.005 0.185 0.020 0.202 0.027 0.090 0.009 0.182 
125      349    (0)   12 :  0.096 0.008 0.006 0.009 0.444 0.010 0.012 0.005 0.036 0.008 0.055 0.010 0.090 0.098 0.033 0.006 0.076 
126      410    (0)   12 :  0.173 0.005 0.023 0.003 0.004 0.009 0.003 0.007 0.014 0.008 0.094 0.185 0.263 0.005 0.052 0.003 0.148 
127      417    (2)   12 :  0.217 0.019 0.005 0.002 0.008 0.007 0.007 0.004 0.007 0.025 0.142 0.092 0.141 0.005 0.078 0.007 0.235 
128      421    (0)   13 :  0.007 0.006 0.005 0.002 0.008 0.003 0.859 0.009 0.004 0.007 0.007 0.008 0.007 0.001 0.007 0.052 0.008 
129      423    (0)   13 :  0.210 0.021 0.002 0.008 0.021 0.009 0.004 0.003 0.008 0.006 0.197 0.029 0.176 0.008 0.094 0.003 0.200 
130      424    (0)   13 :  0.096 0.006 0.003 0.002 0.007 0.029 0.005 0.019 0.342 0.014 0.067 0.154 0.111 0.010 0.041 0.005 0.090 
131      433    (0)   13 :  0.137 0.171 0.015 0.002 0.003 0.004 0.161 0.032 0.007 0.004 0.065 0.139 0.062 0.008 0.025 0.002 0.162 
132      462    (0)   13 :  0.178 0.029 0.020 0.002 0.012 0.008 0.084 0.016 0.075 0.006 0.121 0.061 0.147 0.005 0.082 0.006 0.148 
133      463    (0)   13 :  0.165 0.013 0.003 0.003 0.052 0.006 0.007 0.007 0.008 0.013 0.147 0.078 0.200 0.029 0.081 0.020 0.170 
134      467    (0)   13 :  0.020 0.198 0.011 0.007 0.017 0.005 0.372 0.225 0.014 0.028 0.022 0.008 0.024 0.008 0.019 0.004 0.019 
135      468    (0)   13 :  0.009 0.023 0.002 0.003 0.764 0.008 0.091 0.011 0.007 0.016 0.007 0.007 0.009 0.002 0.005 0.026 0.009 
136      469    (0)   13 :  0.183 0.083 0.002 0.002 0.003 0.008 0.138 0.042 0.005 0.050 0.083 0.060 0.092 0.002 0.033 0.032 0.179 
137      472    (0)   13 :  0.145 0.020 0.007 0.004 0.006 0.002 0.034 0.004 0.011 0.007 0.144 0.019 0.221 0.027 0.213 0.016 0.122 
138      473    (0)   13 :  0.025 0.008 0.007 0.003 0.797 0.004 0.006 0.010 0.007 0.003 0.024 0.019 0.027 0.010 0.019 0.005 0.027 
139      474    (0)   13 :  0.003 0.931 0.006 0.001 0.020 0.003 0.006 0.004 0.003 0.005 0.003 0.004 0.003 0.001 0.003 0.002 0.003 
140      475    (0)   13 :  0.116 0.042 0.003 0.003 0.025 0.006 0.331 0.022 0.009 0.004 0.114 0.030 0.096 0.015 0.074 0.003 0.109 
141      476    (2)   13 :  0.005 0.884 0.009 0.008 0.027 0.005 0.004 0.013 0.004 0.003 0.005 0.003 0.006 0.011 0.005 0.002 0.005 
142      477    (0)   13 :  0.257 0.014 0.019 0.005 0.012 0.005 0.015 0.006 0.008 0.007 0.142 0.011 0.148 0.011 0.061 0.003 0.275 
143      478    (0)   13 :  0.166 0.012 0.003 0.002 0.004 0.055 0.021 0.175 0.015 0.012 0.107 0.007 0.191 0.003 0.070 0.003 0.154 
144      479    (0)   13 :  0.015 0.517 0.003 0.003 0.004 0.005 0.059 0.003 0.008 0.013 0.010 0.307 0.015 0.001 0.007 0.015 0.015 
145      480    (0)   13 :  0.006 0.008 0.002 0.001 0.018 0.004 0.901 0.020 0.005 0.002 0.006 0.006 0.006 0.002 0.005 0.001 0.006 
146      481    (0)   13 :  0.155 0.095 0.003 0.041 0.015 0.010 0.022 0.008 0.013 0.006 0.093 0.128 0.197 0.007 0.060 0.004 0.144 
147      482    (0)   13 :  0.108 0.012 0.057 0.002 0.004 0.005 0.023 0.147 0.017 0.004 0.098 0.080 0.134 0.005 0.100 0.087 0.117 
148      489    (0)   13 :  0.200 0.008 0.013 0.004 0.024 0.006 0.022 0.017 0.007 0.004 0.170 0.037 0.178 0.028 0.085 0.006 0.192 
149      490    (0)   13 :  0.015 0.005 0.003 0.003 0.003 0.008 0.007 0.022 0.012 0.016 0.013 0.836 0.015 0.005 0.014 0.005 0.016 
150      491    (0)   13 :  0.136 0.030 0.110 0.009 0.008 0.004 0.020 0.007 0.077 0.005 0.091 0.081 0.195 0.002 0.079 0.008 0.140 
151      492    (0)   13 :  0.012 0.810 0.009 0.003 0.029 0.035 0.006 0.012 0.006 0.013 0.012 0.008 0.012 0.006 0.012 0.004 0.012 
152      493    (0)   13 :  0.056 0.644 0.006 0.009 0.004 0.003 0.076 0.004 0.018 0.008 0.035 0.006 0.033 0.015 0.022 0.005 0.057 
153      494    (0)   13 :  0.087 0.027 0.038 0.024 0.010 0.004 0.270 0.010 0.017 0.004 0.060 0.218 0.087 0.025 0.035 0.012 0.071 
154      498    (0)   13 :  0.157 0.086 0.004 0.007 0.038 0.013 0.009 0.006 0.006 0.022 0.102 0.090 0.230 0.011 0.081 0.003 0.136 
155      499    (0)   13 :  0.166 0.025 0.006 0.003 0.006 0.006 0.008 0.024 0.045 0.012 0.212 0.018 0.144 0.007 0.111 0.003 0.204 
156      709    (0)   13 :  0.151 0.027 0.010 0.076 0.004 0.008 0.006 0.016 0.011 0.008 0.094 0.136 0.204 0.016 0.057 0.018 0.159 
157      710    (4)   13 :  0.149 0.019 0.003 0.005 0.006 0.004 0.279 0.005 0.003 0.008 0.089 0.020 0.084 0.067 0.055 0.011 0.193 
158      711    (2)   13 :  0.162 0.012 0.003 0.007 0.007 0.062 0.024 0.006 0.110 0.015 0.114 0.039 0.157 0.004 0.090 0.025 0.164 
159      712    (4)   13 :  0.008 0.005 0.003 0.002 0.003 0.007 0.008 0.006 0.008 0.006 0.008 0.907 0.007 0.002 0.008 0.004 0.007 
160      713    (0)   13 :  0.193 0.007 0.007 0.004 0.009 0.005 0.003 0.006 0.008 0.004 0.209 0.011 0.195 0.030 0.089 0.024 0.196 
161      714    (2)   13 :  0.027 0.321 0.002 0.016 0.037 0.007 0.436 0.015 0.020 0.010 0.022 0.006 0.025 0.009 0.019 0.005 0.022 
162      715    (4)   13 :  0.015 0.018 0.035 0.013 0.003 0.014 0.622 0.097 0.025 0.032 0.021 0.027 0.015 0.004 0.030 0.014 0.015 
163      716    (0)   13 :  0.019 0.697 0.004 0.002 0.004 0.005 0.159 0.017 0.005 0.003 0.018 0.009 0.016 0.002 0.012 0.005 0.025 
164      717    (2)   13 :  0.099 0.023 0.010 0.003 0.010 0.090 0.020 0.305 0.011 0.007 0.095 0.013 0.098 0.005 0.073 0.008 0.129 
165      718    (4)   13 :  0.019 0.014 0.002 0.002 0.004 0.006 0.021 0.004 0.019 0.011 0.012 0.820 0.016 0.003 0.007 0.010 0.030 
166      719    (0)   13 :  0.003 0.004 0.002 0.001 0.003 0.002 0.952 0.005 0.002 0.003 0.003 0.003 0.003 0.002 0.003 0.004 0.003 
167      720    (2)   13 :  0.134 0.022 0.013 0.002 0.012 0.006 0.448 0.053 0.009 0.007 0.072 0.007 0.051 0.008 0.019 0.008 0.130 
168      721    (0)   13 :  0.104 0.438 0.006 0.033 0.025 0.005 0.030 0.019 0.018 0.004 0.066 0.019 0.079 0.007 0.030 0.013 0.102 
169      722    (4)   13 :  0.044 0.040 0.002 0.002 0.084 0.006 0.545 0.148 0.006 0.011 0.022 0.013 0.013 0.002 0.004 0.020 0.038 
170      723    (0)   13 :  0.015 0.024 0.005 0.007 0.002 0.006 0.863 0.009 0.003 0.003 0.011 0.006 0.018 0.003 0.010 0.001 0.014 
171      724    (0)   13 :  0.016 0.108 0.008 0.005 0.010 0.011 0.664 0.014 0.006 0.013 0.013 0.007 0.017 0.019 0.016 0.059 0.014 
172      725    (0)   13 :  0.194 0.010 0.010 0.004 0.017 0.009 0.027 0.015 0.012 0.005 0.134 0.018 0.226 0.020 0.136 0.010 0.156 
173      726    (0)   13 :  0.209 0.182 0.005 0.006 0.030 0.003 0.014 0.013 0.006 0.004 0.105 0.014 0.124 0.010 0.042 0.010 0.224 
174      727    (0)   13 :  0.088 0.366 0.011 0.010 0.006 0.003 0.014 0.013 0.013 0.005 0.083 0.060 0.090 0.002 0.115 0.008 0.113 
175      728    (2)   13 :  0.205 0.012 0.006 0.091 0.003 0.014 0.010 0.010 0.011 0.008 0.111 0.007 0.222 0.006 0.093 0.010 0.181 
176      729    (6)   13 :  0.220 0.011 0.004 0.005 0.003 0.005 0.021 0.039 0.014 0.005 0.097 0.044 0.244 0.004 0.062 0.004 0.218 
177      730    (2)   13 :  0.027 0.007 0.005 0.007 0.002 0.009 0.038 0.043 0.011 0.011 0.032 0.671 0.033 0.003 0.058 0.013 0.031 
178      731    (2)   13 :  0.019 0.007 0.002 0.002 0.006 0.004 0.005 0.003 0.005 0.007 0.010 0.870 0.017 0.004 0.007 0.004 0.028 
179      732    (0)   13 :  0.165 0.150 0.005 0.002 0.008 0.012 0.013 0.015 0.010 0.008 0.131 0.011 0.140 0.008 0.123 0.006 0.191 
180      733    (0)   13 :  0.221 0.025 0.003 0.005 0.003 0.009 0.026 0.024 0.013 0.012 0.109 0.066 0.150 0.014 0.053 0.037 0.230 
181      734    (2)   13 :  0.114 0.043 0.086 0.008 0.004 0.007 0.007 0.075 0.088 0.011 0.099 0.048 0.134 0.040 0.109 0.001 0.127 
182      735    (4)   13 :  0.151 0.009 0.008 0.003 0.053 0.008 0.047 0.009 0.034 0.005 0.138 0.105 0.179 0.002 0.075 0.008 0.166 
183      736    (2)   13 :  0.126 0.025 0.024 0.018 0.004 0.005 0.006 0.006 0.017 0.004 0.140 0.257 0.116 0.011 0.087 0.003 0.152 
184      737    (0)   13 :  0.042 0.014 0.004 0.012 0.014 0.029 0.003 0.005 0.018 0.011 0.033 0.693 0.043 0.003 0.026 0.004 0.046 
185      738    (2)   13 :  0.094 0.013 0.005 0.003 0.004 0.005 0.007 0.006 0.090 0.008 0.089 0.401 0.100 0.005 0.072 0.003 0.095 
186      739    (8)   13 :  0.031 0.014 0.006 0.015 0.009 0.004 0.034 0.012 0.012 0.008 0.027 0.728 0.035 0.003 0.026 0.004 0.033 
187      740    (4)   13 :  0.059 0.028 0.003 0.002 0.004 0.005 0.081 0.006 0.004 0.005 0.037 0.608 0.064 0.005 0.019 0.015 0.054 
188      741    (2)   13 :  0.110 0.019 0.027 0.002 0.030 0.089 0.021 0.089 0.011 0.063 0.068 0.173 0.116 0.012 0.045 0.028 0.098 
189      742    (4)   13 :  0.098 0.012 0.005 0.006 0.006 0.019 0.016 0.006 0.086 0.012 0.104 0.373 0.093 0.007 0.060 0.002 0.094 
190      743    (2)   13 :  0.013 0.053 0.012 0.002 0.003 0.005 0.076 0.744 0.007 0.006 0.013 0.010 0.015 0.003 0.018 0.003 0.017 
191      744    (0)   13 :  0.139 0.045 0.005 0.026 0.004 0.005 0.194 0.013 0.006 0.005 0.112 0.026 0.134 0.098 0.069 0.004 0.116 
192      745    (0)   13 :  0.087 0.010 0.005 0.013 0.009 0.024 0.405 0.040 0.007 0.046 0.076 0.026 0.107 0.003 0.044 0.016 0.083 
193      746    (2)   13 :  0.138 0.006 0.005 0.004 0.004 0.038 0.010 0.003 0.011 0.004 0.103 0.306 0.161 0.005 0.051 0.011 0.139 
194      747    (2)   13 :  0.071 0.015 0.024 0.005 0.017 0.008 0.014 0.004 0.075 0.036 0.065 0.427 0.090 0.005 0.054 0.006 0.084 
195      748    (0)   13 :  0.122 0.122 0.015 0.005 0.107 0.026 0.005 0.003 0.075 0.094 0.065 0.025 0.166 0.012 0.038 0.017 0.102 
196      749    (2)   13 :  0.132 0.005 0.019 0.009 0.003 0.010 0.010 0.025 0.085 0.015 0.114 0.019 0.179 0.135 0.066 0.049 0.127 
197      750    (4)   13 :  0.192 0.007 0.005 0.005 0.005 0.026 0.007 0.060 0.013 0.009 0.107 0.089 0.236 0.013 0.062 0.006 0.160 
198      751    (0)   13 :  0.179 0.007 0.006 0.016 0.011 0.007 0.013 0.026 0.061 0.011 0.122 0.039 0.271 0.002 0.063 0.008 0.156 
199      752    (2)   13 :  0.008 0.037 0.003 0.002 0.781 0.005 0.089 0.008 0.005 0.011 0.006 0.020 0.007 0.002 0.005 0.003 0.007 
200      753    (4)   13 :  0.148 0.022 0.027 0.010 0.055 0.006 0.048 0.009 0.034 0.022 0.167 0.010 0.128 0.004 0.117 0.014 0.180 
201      754    (2)   13 :  0.005 0.006 0.003 0.003 0.002 0.003 0.003 0.009 0.004 0.003 0.005 0.930 0.005 0.005 0.005 0.002 0.007 
202      155    (0)   14 :  0.218 0.025 0.031 0.004 0.005 0.006 0.008 0.009 0.008 0.021 0.146 0.012 0.264 0.010 0.069 0.006 0.161 
203      156    (2)   14 :  0.159 0.006 0.005 0.113 0.004 0.007 0.010 0.042 0.008 0.016 0.142 0.015 0.155 0.012 0.180 0.006 0.120 
204      157    (2)   14 :  0.017 0.005 0.011 0.002 0.017 0.004 0.008 0.026 0.008 0.004 0.023 0.770 0.014 0.034 0.038 0.004 0.015 
205      158    (0)   14 :  0.173 0.028 0.007 0.004 0.003 0.009 0.029 0.004 0.033 0.007 0.138 0.012 0.219 0.004 0.132 0.006 0.191 
206      159    (0)   14 :  0.173 0.031 0.003 0.010 0.009 0.008 0.012 0.005 0.012 0.011 0.099 0.081 0.227 0.016 0.053 0.109 0.142 
207      160    (0)   14 :  0.028 0.669 0.010 0.003 0.005 0.003 0.016 0.015 0.029 0.016 0.017 0.121 0.022 0.003 0.010 0.004 0.029 
208      161    (0)   14 :  0.099 0.032 0.007 0.003 0.007 0.003 0.017 0.020 0.009 0.006 0.046 0.344 0.053 0.217 0.018 0.008 0.111 
209      162    (0)   14 :  0.096 0.182 0.004 0.004 0.011 0.006 0.023 0.086 0.013 0.007 0.152 0.004 0.097 0.002 0.152 0.002 0.158 
210      163    (2)   14 :  0.184 0.004 0.003 0.009 0.013 0.007 0.006 0.015 0.049 0.003 0.181 0.089 0.131 0.003 0.142 0.002 0.158 
211      164    (0)   14 :  0.162 0.007 0.017 0.002 0.026 0.010 0.027 0.007 0.014 0.050 0.150 0.038 0.202 0.017 0.088 0.005 0.176 
212      165    (2)   14 :  0.005 0.003 0.003 0.002 0.002 0.002 0.003 0.002 0.002 0.003 0.288 0.004 0.005 0.012 0.659 0.002 0.004 
213      427    (0)   14 :  0.013 0.017 0.086 0.009 0.004 0.003 0.752 0.013 0.014 0.006 0.011 0.007 0.014 0.005 0.010 0.023 0.014 
214      428    (0)   14 :  0.012 0.037 0.004 0.003 0.019 0.005 0.812 0.006 0.035 0.007 0.010 0.004 0.010 0.002 0.007 0.013 0.014 
215      429    (0)   14 :  0.010 0.010 0.003 0.003 0.008 0.008 0.370 0.528 0.006 0.005 0.008 0.005 0.013 0.002 0.006 0.008 0.009 
216      430    (0)   14 :  0.153 0.134 0.004 0.002 0.028 0.049 0.012 0.027 0.074 0.023 0.099 0.030 0.152 0.006 0.039 0.004 0.162 
217      431    (0)   14 :  0.035 0.351 0.005 0.002 0.006 0.025 0.184 0.195 0.012 0.047 0.024 0.012 0.039 0.003 0.015 0.007 0.039 
218      435    (0)   14 :  0.009 0.062 0.002 0.002 0.008 0.004 0.587 0.281 0.004 0.003 0.006 0.007 0.008 0.002 0.004 0.003 0.008 
219      436    (0)   14 :  0.006 0.717 0.003 0.002 0.003 0.004 0.198 0.024 0.003 0.007 0.005 0.004 0.006 0.002 0.004 0.007 0.006 
220      437    (0)   14 :  0.060 0.526 0.004 0.002 0.008 0.006 0.165 0.008 0.004 0.057 0.025 0.008 0.026 0.003 0.007 0.029 0.060 
221      438    (0)   14 :  0.069 0.117 0.002 0.007 0.036 0.019 0.517 0.009 0.016 0.035 0.040 0.015 0.031 0.004 0.009 0.013 0.061 
222      439    (0)   14 :  0.102 0.072 0.004 0.005 0.039 0.026 0.184 0.033 0.014 0.010 0.078 0.148 0.125 0.002 0.063 0.004 0.091 
223      441    (0)   14 :  0.003 0.004 0.003 0.001 0.955 0.004 0.005 0.003 0.003 0.003 0.003 0.002 0.003 0.002 0.002 0.001 0.003 
224      442    (0)   14 :  0.022 0.009 0.187 0.006 0.015 0.003 0.593 0.076 0.011 0.010 0.013 0.004 0.020 0.002 0.008 0.002 0.018 
225      443    (4)   14 :  0.006 0.007 0.002 0.002 0.011 0.004 0.907 0.004 0.011 0.008 0.005 0.012 0.006 0.002 0.005 0.003 0.006 
226      444    (4)   14 :  0.006 0.007 0.008 0.004 0.002 0.003 0.904 0.010 0.007 0.006 0.007 0.004 0.007 0.005 0.008 0.008 0.006 
227      445    (2)   14 :  0.174 0.016 0.004 0.006 0.009 0.004 0.335 0.005 0.004 0.038 0.102 0.005 0.071 0.002 0.031 0.009 0.185 
228      446    (0)   14 :  0.004 0.005 0.004 0.003 0.002 0.002 0.006 0.946 0.005 0.002 0.003 0.004 0.004 0.002 0.003 0.002 0.004 
229      447    (0)   14 :  0.020 0.050 0.006 0.004 0.003 0.003 0.501 0.283 0.008 0.023 0.017 0.017 0.021 0.001 0.013 0.007 0.021 
230      449    (0)   14 :  0.004 0.009 0.005 0.002 0.003 0.004 0.941 0.005 0.003 0.005 0.003 0.003 0.004 0.001 0.003 0.003 0.004 
231      460    (0)   14 :  0.031 0.018 0.006 0.002 0.133 0.007 0.549 0.085 0.008 0.017 0.032 0.008 0.027 0.005 0.034 0.007 0.031 
232      461    (0)   14 :  0.091 0.221 0.008 0.002 0.006 0.014 0.149 0.023 0.053 0.025 0.048 0.124 0.097 0.005 0.030 0.008 0.097 
233      484    (0)   14 :  0.075 0.006 0.012 0.008 0.015 0.152 0.037 0.072 0.161 0.125 0.053 0.071 0.095 0.004 0.047 0.004 0.063 
234      485    (0)   14 :  0.017 0.068 0.004 0.002 0.010 0.004 0.803 0.009 0.003 0.004 0.013 0.019 0.012 0.003 0.009 0.002 0.018 
235      486    (0)   14 :  0.002 0.002 0.002 0.001 0.973 0.002 0.002 0.002 0.002 0.002 0.002 0.002 0.002 0.001 0.002 0.002 0.002 
236      487    (0)   14 :  0.072 0.176 0.010 0.003 0.011 0.007 0.341 0.089 0.013 0.006 0.063 0.019 0.066 0.002 0.044 0.006 0.071 
237      178    (0)   15 :  0.169 0.220 0.006 0.005 0.010 0.003 0.115 0.036 0.010 0.003 0.086 0.020 0.073 0.011 0.037 0.003 0.194 
238      422    (0)   15 :  0.014 0.040 0.003 0.003 0.004 0.006 0.518 0.299 0.006 0.016 0.011 0.043 0.011 0.002 0.009 0.003 0.014 
239      425    (0)   15 :  0.019 0.153 0.003 0.001 0.005 0.002 0.040 0.681 0.007 0.004 0.013 0.013 0.019 0.002 0.016 0.006 0.017 
240      426    (0)   15 :  0.098 0.055 0.021 0.102 0.004 0.005 0.014 0.086 0.215 0.004 0.062 0.033 0.129 0.024 0.052 0.003 0.093 
241      432    (0)   15 :  0.151 0.019 0.009 0.007 0.010 0.008 0.268 0.026 0.037 0.010 0.090 0.016 0.165 0.005 0.045 0.008 0.125 
242      434    (0)   15 :  0.003 0.004 0.003 0.002 0.003 0.004 0.005 0.952 0.003 0.003 0.003 0.003 0.003 0.001 0.002 0.004 0.003 
243      440    (0)   15 :  0.100 0.112 0.012 0.002 0.024 0.006 0.055 0.322 0.034 0.004 0.077 0.006 0.070 0.003 0.061 0.002 0.111 
244      448    (2)   15 :  0.009 0.006 0.012 0.002 0.006 0.025 0.824 0.018 0.010 0.010 0.006 0.011 0.008 0.002 0.005 0.036 0.008 
245      456    (0)   15 :  0.128 0.163 0.009 0.003 0.005 0.088 0.030 0.037 0.018 0.063 0.089 0.009 0.149 0.003 0.080 0.004 0.124 
246      457    (0)   15 :  0.077 0.182 0.005 0.005 0.035 0.023 0.300 0.032 0.021 0.017 0.065 0.016 0.095 0.003 0.036 0.009 0.079 
247      458    (0)   15 :  0.081 0.430 0.018 0.007 0.010 0.004 0.020 0.031 0.041 0.011 0.042 0.080 0.112 0.004 0.035 0.005 0.068 
248      459    (0)   15 :  0.012 0.009 0.005 0.003 0.007 0.004 0.872 0.010 0.011 0.007 0.010 0.014 0.011 0.005 0.007 0.002 0.012 
249      464    (0)   15 :  0.021 0.174 0.011 0.005 0.013 0.004 0.567 0.099 0.005 0.003 0.020 0.006 0.017 0.015 0.014 0.003 0.024 
250      465    (0)   15 :  0.009 0.497 0.002 0.001 0.006 0.005 0.010 0.416 0.004 0.004 0.007 0.009 0.008 0.002 0.008 0.002 0.010 
251      466    (0)   15 :  0.146 0.050 0.004 0.001 0.015 0.006 0.399 0.041 0.009 0.020 0.068 0.020 0.048 0.001 0.011 0.014 0.146 
252      470    (0)   15 :  0.007 0.329 0.006 0.002 0.095 0.006 0.482 0.016 0.012 0.004 0.006 0.008 0.008 0.003 0.005 0.003 0.008 
253      471    (0)   15 :  0.038 0.019 0.003 0.035 0.006 0.031 0.183 0.467 0.046 0.008 0.030 0.010 0.038 0.004 0.025 0.024 0.033 
254      483    (0)   15 :  0.005 0.004 0.006 0.002 0.004 0.003 0.006 0.923 0.006 0.003 0.005 0.012 0.005 0.004 0.005 0.002 0.005 
255      488    (0)   15 :  0.007 0.911 0.003 0.002 0.005 0.003 0.015 0.003 0.005 0.007 0.005 0.010 0.007 0.002 0.005 0.002 0.007 
256      495    (0)   15 :  0.010 0.071 0.002 0.001 0.003 0.017 0.025 0.793 0.006 0.015 0.007 0.018 0.009 0.003 0.008 0.002 0.009 
257      496    (0)   15 :  0.008 0.846 0.002 0.002 0.004 0.004 0.020 0.044 0.005 0.002 0.011 0.012 0.009 0.003 0.015 0.005 0.008 
258      497    (0)   15 :  0.009 0.006 0.026 0.002 0.002 0.026 0.012 0.868 0.002 0.005 0.007 0.004 0.010 0.003 0.006 0.004 0.009 
259      500    (0)   15 :  0.057 0.037 0.003 0.004 0.037 0.025 0.043 0.007 0.007 0.467 0.051 0.043 0.055 0.059 0.034 0.015 0.057 
260      879    (0)   15 :  0.003 0.003 0.006 0.002 0.005 0.002 0.006 0.943 0.005 0.002 0.004 0.004 0.004 0.003 0.004 0.001 0.003 
261      036    (0)   16 :  0.246 0.012 0.002 0.004 0.005 0.003 0.015 0.008 0.005 0.005 0.105 0.018 0.337 0.003 0.055 0.011 0.166 
262      063    (2)   16 :  0.154 0.018 0.015 0.004 0.010 0.028 0.031 0.009 0.048 0.012 0.172 0.050 0.109 0.003 0.162 0.003 0.172 
263      094    (4)   16 :  0.092 0.131 0.009 0.005 0.007 0.012 0.022 0.007 0.017 0.074 0.060 0.306 0.122 0.012 0.035 0.011 0.079 
264      103    (4)   16 :  0.004 0.002 0.003 0.002 0.004 0.007 0.004 0.003 0.002 0.003 0.288 0.005 0.006 0.006 0.657 0.002 0.004 
265      112    (0)   16 :  0.125 0.006 0.006 0.004 0.011 0.007 0.006 0.007 0.047 0.006 0.099 0.371 0.127 0.007 0.069 0.003 0.100 
266      114    (2)   16 :  0.165 0.055 0.004 0.002 0.014 0.004 0.011 0.010 0.004 0.004 0.150 0.088 0.203 0.003 0.081 0.008 0.193 
267      120    (0)   16 :  0.020 0.030 0.004 0.002 0.006 0.005 0.006 0.006 0.014 0.013 0.015 0.804 0.025 0.003 0.011 0.011 0.024 
268      127    (2)   16 :  0.178 0.111 0.006 0.003 0.073 0.005 0.004 0.005 0.066 0.007 0.091 0.034 0.225 0.006 0.040 0.005 0.141 
269      147    (0)   16 :  0.160 0.010 0.006 0.046 0.007 0.005 0.012 0.011 0.211 0.002 0.103 0.018 0.195 0.007 0.066 0.005 0.136 
270      166    (0)   16 :  0.125 0.129 0.018 0.026 0.004 0.011 0.024 0.006 0.114 0.005 0.104 0.038 0.135 0.076 0.072 0.004 0.110 
271      167    (0)   16 :  0.096 0.112 0.004 0.005 0.014 0.053 0.012 0.119 0.006 0.006 0.146 0.013 0.105 0.004 0.141 0.010 0.155 
272      168    (0)   16 :  0.182 0.011 0.004 0.003 0.003 0.004 0.012 0.006 0.003 0.004 0.188 0.013 0.207 0.013 0.117 0.015 0.214 
273      169    (2)   16 :  0.095 0.173 0.004 0.005 0.004 0.005 0.040 0.094 0.048 0.008 0.123 0.034 0.117 0.004 0.105 0.006 0.135 
274      170    (0)   16 :  0.167 0.006 0.036 0.005 0.021 0.006 0.019 0.009 0.017 0.024 0.141 0.059 0.174 0.042 0.121 0.004 0.149 
275      171    (2)   16 :  0.131 0.009 0.004 0.011 0.003 0.010 0.007 0.005 0.036 0.072 0.201 0.016 0.091 0.006 0.275 0.003 0.120 
276      172    (0)   16 :  0.018 0.029 0.004 0.014 0.002 0.010 0.006 0.014 0.014 0.014 0.014 0.782 0.026 0.004 0.014 0.012 0.022 
277      185    (0)   16 :  0.132 0.017 0.005 0.005 0.016 0.009 0.066 0.030 0.034 0.004 0.187 0.008 0.133 0.004 0.178 0.002 0.167 
278      199    (2)   16 :  0.141 0.023 0.199 0.005 0.007 0.003 0.007 0.004 0.006 0.006 0.172 0.005 0.131 0.010 0.104 0.006 0.171 
279      339    (0)   16 :  0.069 0.299 0.006 0.005 0.005 0.011 0.011 0.118 0.008 0.005 0.123 0.006 0.071 0.002 0.133 0.002 0.125 
280      355    (0)   16 :  0.186 0.004 0.073 0.013 0.004 0.006 0.004 0.002 0.008 0.003 0.226 0.005 0.143 0.036 0.103 0.002 0.181 
281      356    (0)   16 :  0.036 0.022 0.005 0.003 0.017 0.003 0.004 0.005 0.007 0.004 0.021 0.601 0.047 0.167 0.011 0.006 0.041 
282      357    (0)   16 :  0.175 0.031 0.015 0.012 0.023 0.004 0.007 0.006 0.016 0.007 0.111 0.061 0.262 0.006 0.089 0.009 0.167 
283      358    (0)   16 :  0.241 0.007 0.003 0.006 0.018 0.046 0.011 0.008 0.009 0.008 0.121 0.007 0.283 0.004 0.046 0.002 0.179 
284      359    (0)   16 :  0.166 0.007 0.009 0.002 0.003 0.020 0.005 0.016 0.019 0.004 0.130 0.243 0.174 0.005 0.066 0.001 0.129 
285      360    (0)   16 :  0.213 0.019 0.004 0.009 0.006 0.003 0.017 0.021 0.020 0.014 0.146 0.018 0.215 0.019 0.099 0.006 0.172 
286      361    (0)   16 :  0.024 0.037 0.003 0.002 0.004 0.006 0.014 0.046 0.011 0.005 0.019 0.762 0.023 0.003 0.013 0.003 0.025 
287      362    (0)   16 :  0.115 0.018 0.005 0.005 0.003 0.011 0.019 0.117 0.079 0.203 0.079 0.049 0.138 0.012 0.050 0.002 0.095 
288      363    (0)   16 :  0.105 0.019 0.041 0.012 0.010 0.010 0.015 0.007 0.376 0.006 0.083 0.024 0.132 0.007 0.041 0.005 0.105 
289      364    (0)   16 :  0.087 0.079 0.039 0.003 0.015 0.008 0.009 0.004 0.013 0.318 0.073 0.027 0.112 0.086 0.039 0.003 0.084 
290      365    (0)   16 :  0.228 0.077 0.003 0.010 0.008 0.005 0.024 0.010 0.006 0.019 0.097 0.017 0.225 0.059 0.045 0.002 0.164 
291      366    (0)   16 :  0.226 0.009 0.003 0.025 0.003 0.012 0.004 0.004 0.013 0.004 0.112 0.085 0.287 0.005 0.050 0.001 0.157 
292      367    (0)   16 :  0.209 0.005 0.003 0.009 0.030 0.016 0.007 0.004 0.005 0.012 0.205 0.014 0.186 0.002 0.091 0.005 0.197 
293      368    (0)   16 :  0.160 0.005 0.003 0.011 0.044 0.016 0.005 0.004 0.006 0.028 0.199 0.007 0.125 0.063 0.190 0.008 0.126 
294      369    (0)   16 :  0.216 0.006 0.004 0.004 0.003 0.005 0.004 0.005 0.007 0.003 0.227 0.010 0.145 0.016 0.156 0.002 0.188 
295      370    (0)   16 :  0.091 0.021 0.007 0.011 0.005 0.043 0.014 0.010 0.016 0.005 0.055 0.398 0.114 0.076 0.044 0.012 0.078 
296      371    (0)   16 :  0.230 0.006 0.007 0.003 0.003 0.009 0.010 0.009 0.004 0.014 0.183 0.010 0.229 0.002 0.091 0.006 0.185 
297      372    (0)   16 :  0.012 0.055 0.331 0.004 0.002 0.003 0.449 0.010 0.051 0.011 0.012 0.011 0.014 0.005 0.012 0.003 0.012 
298      373    (0)   16 :  0.192 0.008 0.042 0.003 0.002 0.009 0.020 0.020 0.006 0.007 0.101 0.077 0.117 0.091 0.074 0.003 0.227 
299      380    (0)   16 :  0.175 0.037 0.009 0.006 0.002 0.009 0.008 0.005 0.037 0.018 0.121 0.056 0.230 0.011 0.059 0.042 0.174 
300      388    (0)   16 :  0.115 0.007 0.020 0.007 0.004 0.012 0.007 0.006 0.025 0.010 0.055 0.412 0.156 0.042 0.027 0.005 0.091 
301      418    (0)   16 :  0.239 0.010 0.051 0.006 0.006 0.003 0.009 0.004 0.017 0.013 0.132 0.024 0.128 0.006 0.043 0.024 0.284 
302      419    (0)   16 :  0.264 0.008 0.003 0.005 0.007 0.005 0.017 0.006 0.006 0.005 0.152 0.021 0.121 0.006 0.053 0.009 0.314 
303      420    (0)   16 :  0.184 0.027 0.061 0.045 0.009 0.010 0.045 0.016 0.015 0.042 0.098 0.050 0.178 0.006 0.052 0.003 0.160 
304      409    (0)   17 :  0.141 0.025 0.003 0.002 0.007 0.005 0.020 0.005 0.012 0.007 0.166 0.038 0.087 0.005 0.212 0.103 0.160 
305      414    (0)   17 :  0.172 0.013 0.008 0.002 0.007 0.007 0.005 0.013 0.016 0.014 0.187 0.007 0.121 0.003 0.219 0.016 0.191 
306      415    (2)   17 :  0.186 0.010 0.015 0.003 0.031 0.010 0.005 0.007 0.011 0.007 0.181 0.024 0.193 0.014 0.122 0.004 0.177 
307      416    (0)   17 :  0.240 0.022 0.010 0.003 0.004 0.023 0.020 0.014 0.010 0.023 0.123 0.007 0.120 0.002 0.050 0.066 0.262 
308      571    (0)    2 :  0.006 0.008 0.003 0.004 0.029 0.015 0.021 0.013 0.027 0.835 0.007 0.005 0.007 0.002 0.007 0.004 0.007 
309      572    (0)    2 :  0.015 0.003 0.004 0.006 0.011 0.045 0.003 0.004 0.036 0.795 0.015 0.007 0.015 0.004 0.015 0.008 0.015 
310      573    (2)    2 :  0.006 0.004 0.003 0.001 0.009 0.005 0.005 0.005 0.003 0.924 0.006 0.004 0.008 0.001 0.006 0.004 0.006 
311      574    (0)    2 :  0.010 0.007 0.002 0.003 0.003 0.008 0.005 0.007 0.004 0.888 0.009 0.005 0.010 0.008 0.009 0.012 0.010 
312      575    (2)    2 :  0.014 0.005 0.008 0.008 0.006 0.015 0.008 0.005 0.063 0.796 0.014 0.005 0.013 0.006 0.014 0.006 0.014 
313      576    (0)    2 :  0.003 0.003 0.002 0.001 0.002 0.005 0.003 0.003 0.003 0.958 0.003 0.002 0.003 0.001 0.003 0.003 0.003 
314      577    (0)    2 :  0.008 0.007 0.007 0.002 0.010 0.014 0.005 0.011 0.006 0.873 0.013 0.004 0.006 0.002 0.018 0.008 0.007 
315      578    (0)    2 :  0.003 0.005 0.008 0.002 0.003 0.004 0.005 0.006 0.004 0.892 0.004 0.002 0.003 0.001 0.005 0.048 0.003 
316      579    (0)    2 :  0.003 0.012 0.004 0.002 0.002 0.003 0.007 0.007 0.004 0.925 0.005 0.002 0.003 0.001 0.007 0.008 0.003 
317      580    (0)    2 :  0.003 0.003 0.002 0.002 0.002 0.003 0.003 0.004 0.003 0.956 0.003 0.002 0.003 0.001 0.003 0.002 0.003 
318      581    (0)    2 :  0.003 0.005 0.002 0.002 0.002 0.007 0.005 0.007 0.003 0.934 0.003 0.002 0.003 0.001 0.003 0.015 0.003 
319      582    (4)    2 :  0.018 0.015 0.017 0.049 0.002 0.013 0.012 0.023 0.007 0.740 0.022 0.012 0.019 0.003 0.024 0.003 0.021 
320      583    (0)    2 :  0.070 0.019 0.015 0.009 0.014 0.009 0.010 0.041 0.031 0.469 0.056 0.021 0.111 0.002 0.044 0.004 0.075 
321      584    (0)    2 :  0.007 0.008 0.007 0.003 0.005 0.006 0.031 0.040 0.006 0.831 0.008 0.007 0.007 0.001 0.010 0.014 0.008 
322      585    (0)    2 :  0.004 0.007 0.002 0.002 0.009 0.011 0.005 0.011 0.006 0.916 0.006 0.004 0.004 0.001 0.007 0.002 0.004 
323      586    (2)    2 :  0.004 0.006 0.011 0.003 0.004 0.007 0.006 0.007 0.007 0.922 0.004 0.003 0.004 0.001 0.005 0.004 0.004 
324      587    (0)    2 :  0.003 0.004 0.002 0.002 0.002 0.003 0.002 0.003 0.003 0.950 0.003 0.003 0.003 0.001 0.004 0.009 0.003 
325      588    (0)    2 :  0.016 0.005 0.010 0.009 0.018 0.008 0.011 0.005 0.011 0.768 0.035 0.006 0.016 0.007 0.058 0.004 0.014 
326      589    (0)    2 :  0.027 0.007 0.017 0.004 0.004 0.012 0.038 0.021 0.047 0.681 0.023 0.009 0.031 0.005 0.025 0.020 0.027 
327      590    (0)    2 :  0.006 0.013 0.011 0.010 0.053 0.039 0.006 0.005 0.003 0.782 0.006 0.005 0.008 0.004 0.007 0.035 0.006 
328      001    (0)    3 :  0.003 0.002 0.001 0.003 0.002 0.003 0.002 0.002 0.002 0.003 0.003 0.002 0.004 0.957 0.003 0.003 0.003 
329      005    (0)    3 :  0.002 0.001 0.003 0.006 0.002 0.002 0.002 0.002 0.002 0.001 0.002 0.002 0.002 0.965 0.002 0.001 0.002 
330      106    (0)    3 :  0.003 0.002 0.003 0.002 0.002 0.003 0.002 0.002 0.003 0.005 0.003 0.003 0.003 0.956 0.003 0.003 0.003 
331      192    (0)    3 :  0.013 0.004 0.011 0.005 0.003 0.004 0.006 0.004 0.009 0.006 0.015 0.007 0.015 0.865 0.017 0.006 0.012 
332      229    (0)    3 :  0.005 0.004 0.004 0.042 0.005 0.007 0.004 0.007 0.007 0.003 0.005 0.006 0.006 0.885 0.005 0.003 0.005 
333      319    (0)    3 :  0.004 0.003 0.002 0.005 0.002 0.003 0.002 0.002 0.002 0.002 0.004 0.007 0.004 0.948 0.003 0.002 0.004 
334      327    (0)    3 :  0.003 0.002 0.003 0.002 0.002 0.002 0.002 0.002 0.003 0.003 0.003 0.005 0.003 0.957 0.003 0.002 0.003 
335      340    (0)    3 :  0.004 0.003 0.003 0.003 0.004 0.004 0.002 0.003 0.002 0.003 0.007 0.004 0.004 0.937 0.011 0.001 0.004 
336      345    (0)    3 :  0.005 0.006 0.003 0.010 0.002 0.004 0.003 0.002 0.005 0.004 0.005 0.011 0.005 0.925 0.004 0.001 0.005 
337      375    (0)    3 :  0.003 0.003 0.005 0.003 0.002 0.002 0.002 0.002 0.004 0.002 0.003 0.003 0.003 0.955 0.003 0.001 0.003 
338      501    (4)    3 :  0.003 0.003 0.002 0.003 0.008 0.002 0.003 0.002 0.004 0.002 0.003 0.004 0.003 0.951 0.003 0.001 0.003 
339      502    (0)    3 :  0.005 0.012 0.003 0.009 0.012 0.004 0.002 0.003 0.008 0.004 0.006 0.003 0.005 0.912 0.005 0.003 0.004 
340      503    (2)    3 :  0.002 0.001 0.002 0.002 0.007 0.003 0.001 0.002 0.002 0.004 0.002 0.002 0.003 0.959 0.002 0.002 0.002 
341      504    (0)    3 :  0.005 0.007 0.004 0.016 0.002 0.002 0.008 0.005 0.003 0.002 0.004 0.002 0.005 0.922 0.004 0.004 0.005 
342      505    (0)    3 :  0.007 0.003 0.003 0.047 0.002 0.012 0.002 0.003 0.008 0.006 0.007 0.010 0.007 0.866 0.005 0.007 0.007 
343      506    (2)    3 :  0.006 0.004 0.002 0.005 0.005 0.002 0.004 0.004 0.006 0.002 0.006 0.006 0.006 0.930 0.005 0.002 0.006 
344      507    (4)    3 :  0.003 0.003 0.002 0.004 0.004 0.003 0.002 0.002 0.005 0.002 0.003 0.004 0.003 0.954 0.002 0.001 0.003 
345      508    (0)    3 :  0.006 0.005 0.002 0.003 0.022 0.006 0.005 0.004 0.005 0.004 0.007 0.008 0.006 0.904 0.006 0.002 0.006 
346      509    (2)    3 :  0.003 0.002 0.004 0.003 0.003 0.003 0.002 0.004 0.003 0.002 0.005 0.003 0.003 0.950 0.007 0.002 0.003 
347      510    (2)    3 :  0.005 0.005 0.019 0.003 0.004 0.001 0.008 0.004 0.003 0.002 0.005 0.003 0.005 0.919 0.006 0.003 0.005 
348      511    (4)    3 :  0.003 0.003 0.002 0.002 0.004 0.002 0.003 0.003 0.002 0.003 0.003 0.002 0.003 0.957 0.003 0.003 0.003 
349      512    (4)    3 :  0.003 0.002 0.003 0.006 0.002 0.002 0.003 0.002 0.004 0.002 0.003 0.004 0.003 0.952 0.003 0.002 0.003 
350      513    (0)    3 :  0.003 0.002 0.019 0.008 0.002 0.002 0.003 0.003 0.003 0.002 0.004 0.003 0.004 0.934 0.004 0.002 0.003 
351      514    (0)    3 :  0.004 0.003 0.002 0.002 0.002 0.002 0.002 0.008 0.002 0.001 0.004 0.002 0.003 0.954 0.004 0.001 0.004 
352      515    (2)    3 :  0.002 0.002 0.003 0.004 0.002 0.003 0.002 0.003 0.002 0.002 0.004 0.002 0.002 0.957 0.005 0.001 0.002 
353      516    (2)    3 :  0.005 0.008 0.007 0.004 0.008 0.004 0.004 0.004 0.005 0.003 0.005 0.004 0.006 0.921 0.004 0.003 0.005 
354      517    (0)    3 :  0.002 0.002 0.002 0.005 0.001 0.001 0.009 0.001 0.002 0.001 0.002 0.002 0.002 0.962 0.002 0.001 0.002 
355      518    (0)    3 :  0.006 0.005 0.003 0.003 0.004 0.006 0.005 0.003 0.004 0.003 0.006 0.005 0.006 0.926 0.005 0.002 0.006 
356      519    (0)    3 :  0.003 0.002 0.004 0.002 0.004 0.003 0.003 0.002 0.002 0.003 0.004 0.003 0.003 0.952 0.004 0.003 0.003 
357      520    (2)    3 :  0.003 0.002 0.006 0.002 0.002 0.002 0.006 0.003 0.003 0.003 0.004 0.002 0.003 0.946 0.005 0.004 0.003 
358      521    (2)    3 :  0.002 0.002 0.003 0.006 0.002 0.003 0.002 0.002 0.003 0.003 0.002 0.003 0.002 0.952 0.002 0.007 0.002 
359      522    (0)    3 :  0.006 0.021 0.005 0.001 0.010 0.004 0.007 0.004 0.004 0.006 0.005 0.003 0.006 0.894 0.004 0.013 0.006 
360      523    (2)    3 :  0.007 0.004 0.002 0.004 0.005 0.008 0.004 0.005 0.004 0.005 0.006 0.006 0.007 0.917 0.005 0.004 0.007 
361      524    (0)    3 :  0.010 0.013 0.006 0.003 0.063 0.024 0.006 0.003 0.007 0.008 0.009 0.010 0.010 0.799 0.006 0.013 0.011 
362      525    (0)    3 :  0.003 0.003 0.003 0.001 0.002 0.001 0.002 0.002 0.002 0.002 0.003 0.002 0.003 0.964 0.003 0.001 0.003 
363      526    (2)    3 :  0.003 0.002 0.002 0.012 0.002 0.002 0.003 0.002 0.002 0.002 0.002 0.003 0.003 0.954 0.002 0.002 0.002 
364      527    (2)    4 :  0.007 0.010 0.010 0.005 0.012 0.023 0.006 0.009 0.006 0.853 0.014 0.004 0.007 0.007 0.018 0.002 0.007 
365      528    (4)    4 :  0.024 0.014 0.008 0.003 0.003 0.083 0.004 0.005 0.338 0.395 0.020 0.021 0.025 0.002 0.016 0.017 0.022 
366      529    (4)    4 :  0.020 0.015 0.004 0.009 0.006 0.013 0.013 0.019 0.105 0.702 0.015 0.009 0.020 0.003 0.010 0.016 0.022 
367      530    (0)    4 :  0.007 0.003 0.005 0.004 0.006 0.010 0.003 0.003 0.011 0.896 0.007 0.012 0.007 0.008 0.007 0.004 0.007 
368      531    (2)    4 :  0.008 0.004 0.004 0.006 0.003 0.011 0.006 0.004 0.023 0.882 0.006 0.010 0.008 0.004 0.005 0.011 0.007 
369      532    (4)    4 :  0.012 0.004 0.002 0.002 0.031 0.018 0.003 0.005 0.103 0.740 0.011 0.025 0.015 0.003 0.010 0.003 0.012 
370      533    (0)    4 :  0.059 0.019 0.002 0.002 0.002 0.035 0.007 0.026 0.014 0.572 0.051 0.025 0.038 0.007 0.054 0.023 0.062 
371      534    (2)    4 :  0.008 0.005 0.006 0.002 0.003 0.083 0.005 0.005 0.007 0.824 0.008 0.005 0.009 0.003 0.006 0.013 0.009 
372      535    (2)    4 :  0.011 0.009 0.002 0.005 0.011 0.009 0.008 0.004 0.027 0.858 0.010 0.010 0.012 0.002 0.008 0.004 0.011 
373      536    (2)    4 :  0.006 0.003 0.002 0.012 0.004 0.009 0.005 0.005 0.003 0.890 0.005 0.007 0.006 0.002 0.005 0.028 0.005 
374      537    (2)    4 :  0.007 0.007 0.014 0.002 0.002 0.007 0.008 0.007 0.006 0.901 0.006 0.004 0.006 0.002 0.007 0.008 0.007 
375      538    (2)    4 :  0.030 0.026 0.004 0.002 0.004 0.045 0.009 0.024 0.005 0.661 0.038 0.038 0.029 0.006 0.046 0.003 0.031 
376      539    (2)    4 :  0.005 0.008 0.002 0.002 0.004 0.134 0.003 0.003 0.006 0.805 0.005 0.004 0.005 0.001 0.004 0.004 0.005 
377      540    (2)    4 :  0.017 0.010 0.002 0.001 0.005 0.013 0.016 0.007 0.006 0.839 0.013 0.021 0.012 0.001 0.009 0.011 0.017 
378      541    (2)    4 :  0.009 0.009 0.003 0.002 0.005 0.060 0.030 0.025 0.047 0.746 0.007 0.022 0.010 0.003 0.005 0.008 0.009 
379      542    (2)    4 :  0.020 0.070 0.009 0.004 0.004 0.063 0.023 0.017 0.015 0.676 0.014 0.017 0.022 0.002 0.012 0.011 0.020 
380      543    (0)    4 :  0.065 0.012 0.015 0.002 0.004 0.035 0.033 0.013 0.009 0.578 0.037 0.016 0.084 0.003 0.017 0.021 0.056 
381      544    (2)    4 :  0.004 0.003 0.002 0.002 0.001 0.024 0.003 0.003 0.003 0.923 0.004 0.008 0.004 0.003 0.004 0.005 0.004 
382      545    (2)    4 :  0.007 0.014 0.002 0.001 0.009 0.751 0.004 0.009 0.005 0.036 0.056 0.005 0.008 0.002 0.078 0.004 0.008 
383      546    (4)    4 :  0.013 0.016 0.002 0.002 0.010 0.663 0.003 0.006 0.004 0.015 0.089 0.004 0.014 0.001 0.143 0.004 0.012 
384      547    (6)    4 :  0.038 0.009 0.029 0.015 0.034 0.011 0.011 0.021 0.009 0.642 0.034 0.023 0.049 0.004 0.024 0.009 0.038 
385      019    (0)    5 :  0.007 0.004 0.004 0.004 0.003 0.776 0.033 0.035 0.016 0.075 0.007 0.006 0.007 0.002 0.007 0.008 0.007 
386      064    (0)    5 :  0.002 0.002 0.002 0.001 0.003 0.934 0.003 0.003 0.002 0.032 0.003 0.002 0.002 0.001 0.003 0.002 0.002 
387      065    (0)    5 :  0.002 0.002 0.002 0.001 0.002 0.026 0.003 0.004 0.003 0.937 0.002 0.003 0.002 0.001 0.002 0.005 0.002 
388      066    (0)    5 :  0.011 0.009 0.002 0.002 0.011 0.589 0.014 0.018 0.004 0.284 0.010 0.009 0.011 0.002 0.007 0.006 0.011 
389      067    (0)    5 :  0.008 0.005 0.010 0.006 0.004 0.852 0.011 0.024 0.016 0.011 0.007 0.005 0.009 0.005 0.008 0.010 0.008 
390      068    (0)    5 :  0.008 0.011 0.031 0.002 0.020 0.030 0.008 0.010 0.018 0.810 0.008 0.007 0.009 0.002 0.008 0.008 0.008 
391      069    (0)    5 :  0.005 0.008 0.004 0.001 0.018 0.764 0.005 0.003 0.007 0.134 0.009 0.006 0.005 0.001 0.013 0.011 0.005 
392      107    (0)    5 :  0.004 0.005 0.002 0.001 0.005 0.503 0.008 0.004 0.004 0.436 0.006 0.003 0.004 0.001 0.006 0.003 0.004 
393      110    (0)    5 :  0.002 0.002 0.002 0.003 0.003 0.952 0.002 0.003 0.009 0.003 0.003 0.002 0.003 0.001 0.003 0.002 0.002 
394      121    (0)    5 :  0.004 0.005 0.003 0.001 0.003 0.023 0.004 0.009 0.012 0.913 0.004 0.003 0.004 0.001 0.004 0.002 0.004 
395      137    (0)    5 :  0.009 0.008 0.002 0.010 0.005 0.889 0.008 0.009 0.004 0.009 0.009 0.005 0.010 0.002 0.008 0.005 0.009 
396      146    (0)    5 :  0.010 0.005 0.004 0.003 0.002 0.554 0.005 0.006 0.005 0.277 0.010 0.065 0.010 0.004 0.011 0.020 0.010 
397      149    (0)    5 :  0.004 0.005 0.002 0.003 0.002 0.936 0.005 0.009 0.005 0.005 0.004 0.004 0.005 0.001 0.004 0.002 0.005 
398      154    (0)    5 :  0.006 0.005 0.016 0.002 0.003 0.707 0.006 0.008 0.005 0.051 0.006 0.003 0.006 0.003 0.007 0.161 0.006 
399      179    (0)    5 :  0.004 0.006 0.004 0.002 0.007 0.572 0.005 0.004 0.004 0.367 0.004 0.004 0.004 0.002 0.003 0.004 0.004 
400      181    (0)    5 :  0.004 0.003 0.002 0.002 0.002 0.765 0.003 0.002 0.003 0.190 0.004 0.003 0.004 0.001 0.004 0.004 0.004 
401      182    (0)    5 :  0.012 0.005 0.014 0.002 0.016 0.111 0.004 0.010 0.028 0.732 0.010 0.013 0.012 0.003 0.009 0.007 0.011 
402      186    (0)    5 :  0.017 0.014 0.004 0.005 0.008 0.614 0.008 0.008 0.088 0.134 0.014 0.031 0.019 0.004 0.009 0.004 0.017 
403      193    (0)    5 :  0.008 0.004 0.004 0.002 0.004 0.437 0.013 0.006 0.006 0.468 0.007 0.008 0.008 0.003 0.007 0.008 0.008 
404      320    (0)    5 :  0.006 0.004 0.011 0.003 0.003 0.876 0.005 0.009 0.007 0.031 0.005 0.012 0.006 0.001 0.005 0.009 0.006 
405      341    (0)    5 :  0.006 0.009 0.003 0.002 0.006 0.044 0.008 0.011 0.003 0.875 0.005 0.007 0.006 0.001 0.004 0.003 0.006 
406      376    (0)    5 :  0.011 0.006 0.003 0.003 0.018 0.241 0.005 0.003 0.025 0.588 0.008 0.013 0.012 0.038 0.006 0.009 0.012 
407      395    (0)    5 :  0.007 0.024 0.004 0.006 0.004 0.646 0.019 0.005 0.011 0.187 0.006 0.006 0.007 0.001 0.005 0.054 0.007 
408      396    (0)    5 :  0.003 0.004 0.002 0.003 0.005 0.043 0.003 0.002 0.002 0.912 0.003 0.004 0.003 0.002 0.004 0.003 0.003 
409      397    (0)    5 :  0.005 0.003 0.007 0.009 0.002 0.088 0.004 0.004 0.005 0.839 0.005 0.003 0.005 0.001 0.004 0.010 0.005 
410      398    (0)    5 :  0.005 0.002 0.004 0.004 0.005 0.469 0.006 0.003 0.011 0.401 0.004 0.011 0.006 0.002 0.003 0.059 0.005 
411      399    (0)    5 :  0.005 0.003 0.004 0.002 0.006 0.006 0.003 0.005 0.014 0.920 0.005 0.008 0.005 0.002 0.006 0.002 0.005 
412      400    (0)    5 :  0.007 0.003 0.002 0.002 0.010 0.889 0.003 0.003 0.011 0.023 0.006 0.014 0.007 0.001 0.005 0.006 0.006 
413      401    (0)    5 :  0.012 0.006 0.002 0.003 0.007 0.819 0.005 0.007 0.004 0.074 0.011 0.009 0.013 0.004 0.007 0.006 0.012 
414      402    (0)    5 :  0.003 0.003 0.003 0.002 0.003 0.951 0.002 0.002 0.007 0.003 0.003 0.003 0.003 0.003 0.003 0.002 0.003 
415      403    (0)    5 :  0.009 0.010 0.004 0.011 0.010 0.413 0.010 0.026 0.019 0.418 0.008 0.028 0.010 0.002 0.007 0.004 0.009 
416      073    (0)    6 :  0.004 0.004 0.002 0.002 0.003 0.006 0.007 0.006 0.006 0.937 0.004 0.003 0.004 0.002 0.005 0.001 0.004 
417      074    (0)    6 :  0.008 0.003 0.005 0.002 0.002 0.004 0.005 0.004 0.002 0.884 0.007 0.004 0.008 0.007 0.006 0.042 0.008 
418      075    (0)    6 :  0.005 0.008 0.004 0.003 0.002 0.008 0.005 0.008 0.006 0.902 0.009 0.010 0.005 0.002 0.011 0.006 0.005 
419      076    (0)    6 :  0.007 0.010 0.006 0.005 0.003 0.009 0.004 0.010 0.012 0.897 0.006 0.005 0.006 0.005 0.005 0.005 0.006 
420      077    (0)    6 :  0.007 0.009 0.008 0.003 0.005 0.014 0.013 0.007 0.005 0.883 0.010 0.006 0.007 0.001 0.013 0.003 0.007 
421      078    (0)    6 :  0.013 0.007 0.005 0.005 0.003 0.008 0.006 0.006 0.004 0.753 0.052 0.011 0.012 0.002 0.096 0.005 0.012 
422      079    (0)    6 :  0.014 0.006 0.002 0.001 0.008 0.011 0.005 0.010 0.007 0.882 0.011 0.007 0.014 0.002 0.007 0.003 0.012 
423      080    (0)    6 :  0.006 0.003 0.020 0.002 0.004 0.005 0.003 0.008 0.015 0.902 0.006 0.004 0.006 0.003 0.005 0.003 0.006 
424      081    (0)    6 :  0.012 0.009 0.004 0.015 0.004 0.048 0.049 0.007 0.008 0.781 0.009 0.005 0.013 0.004 0.008 0.012 0.011 
425      082    (0)    6 :  0.003 0.002 0.003 0.002 0.005 0.022 0.003 0.002 0.006 0.931 0.003 0.004 0.003 0.001 0.003 0.003 0.003 
426      083    (0)    6 :  0.008 0.005 0.002 0.003 0.008 0.023 0.004 0.004 0.005 0.893 0.007 0.004 0.008 0.002 0.006 0.011 0.008 
427      084    (0)    6 :  0.005 0.007 0.002 0.006 0.002 0.011 0.010 0.011 0.003 0.814 0.005 0.004 0.005 0.004 0.005 0.103 0.005 
428      085    (0)    6 :  0.015 0.258 0.003 0.015 0.017 0.054 0.034 0.009 0.007 0.507 0.016 0.010 0.014 0.002 0.014 0.009 0.017 
429      404    (0)    6 :  0.004 0.004 0.003 0.003 0.003 0.010 0.005 0.006 0.005 0.913 0.005 0.004 0.004 0.001 0.006 0.020 0.004 
430      405    (0)    6 :  0.006 0.004 0.002 0.009 0.002 0.006 0.011 0.004 0.004 0.912 0.007 0.005 0.005 0.002 0.009 0.005 0.006 
431      406    (0)    6 :  0.009 0.005 0.003 0.007 0.007 0.005 0.004 0.002 0.006 0.867 0.018 0.006 0.009 0.005 0.029 0.009 0.010 
432      407    (0)    6 :  0.005 0.010 0.003 0.003 0.002 0.091 0.006 0.005 0.003 0.841 0.005 0.004 0.006 0.001 0.004 0.005 0.006 
433      408    (0)    6 :  0.005 0.004 0.005 0.001 0.002 0.004 0.006 0.003 0.003 0.939 0.004 0.003 0.005 0.001 0.004 0.005 0.005 
434      411    (2)    6 :  0.003 0.003 0.003 0.002 0.002 0.006 0.005 0.004 0.002 0.951 0.003 0.002 0.003 0.001 0.002 0.005 0.003 
435      412    (0)    6 :  0.009 0.015 0.006 0.004 0.006 0.008 0.013 0.005 0.012 0.855 0.007 0.005 0.009 0.028 0.004 0.004 0.008 
436      413    (0)    6 :  0.004 0.004 0.002 0.002 0.002 0.012 0.004 0.004 0.002 0.856 0.031 0.004 0.004 0.001 0.061 0.003 0.004 
437      591    (0)    7 :  0.006 0.006 0.004 0.006 0.004 0.002 0.009 0.010 0.898 0.004 0.005 0.007 0.006 0.015 0.005 0.008 0.005 
438      592    (0)    7 :  0.007 0.009 0.005 0.003 0.005 0.005 0.150 0.010 0.746 0.010 0.007 0.015 0.008 0.003 0.005 0.005 0.008 
439      593    (0)    7 :  0.006 0.005 0.002 0.006 0.005 0.005 0.006 0.006 0.905 0.009 0.009 0.006 0.006 0.002 0.011 0.004 0.007 
440      594    (0)    7 :  0.022 0.007 0.010 0.004 0.005 0.009 0.058 0.013 0.707 0.040 0.021 0.031 0.025 0.003 0.017 0.007 0.020 
441      595    (0)    7 :  0.021 0.008 0.011 0.004 0.004 0.013 0.004 0.007 0.833 0.010 0.020 0.006 0.019 0.004 0.014 0.003 0.018 
442      596    (0)    7 :  0.006 0.005 0.018 0.006 0.007 0.005 0.005 0.003 0.905 0.006 0.005 0.007 0.006 0.002 0.005 0.002 0.006 
443      597    (0)    7 :  0.013 0.037 0.006 0.002 0.003 0.028 0.006 0.008 0.807 0.033 0.010 0.009 0.016 0.001 0.007 0.003 0.011 
444      598    (0)    7 :  0.052 0.092 0.027 0.002 0.010 0.034 0.008 0.005 0.520 0.006 0.031 0.077 0.061 0.002 0.021 0.003 0.048 
445      599    (0)    7 :  0.009 0.016 0.003 0.007 0.005 0.003 0.057 0.166 0.686 0.006 0.008 0.003 0.009 0.003 0.006 0.003 0.009 
446      600    (0)    7 :  0.006 0.006 0.011 0.004 0.003 0.008 0.003 0.006 0.920 0.004 0.005 0.006 0.006 0.002 0.005 0.001 0.006 
447      601    (0)    7 :  0.019 0.030 0.002 0.002 0.005 0.025 0.019 0.017 0.786 0.021 0.014 0.009 0.017 0.002 0.011 0.002 0.017 
448      602    (0)    7 :  0.015 0.017 0.006 0.004 0.004 0.014 0.008 0.008 0.854 0.006 0.012 0.004 0.016 0.004 0.007 0.004 0.015 
449      603    (0)    7 :  0.043 0.459 0.008 0.007 0.007 0.004 0.154 0.024 0.128 0.007 0.031 0.006 0.051 0.002 0.019 0.009 0.040 
450      604    (0)    7 :  0.013 0.004 0.008 0.002 0.011 0.007 0.003 0.003 0.877 0.009 0.011 0.013 0.013 0.003 0.009 0.003 0.012 
451      605    (0)    7 :  0.021 0.009 0.022 0.004 0.003 0.006 0.009 0.009 0.726 0.008 0.018 0.078 0.026 0.019 0.015 0.003 0.024 
452      606    (0)    7 :  0.012 0.006 0.007 0.021 0.003 0.003 0.008 0.013 0.866 0.004 0.009 0.011 0.010 0.004 0.006 0.004 0.011 
453      607    (0)    7 :  0.005 0.008 0.008 0.003 0.094 0.016 0.002 0.002 0.822 0.009 0.005 0.009 0.005 0.003 0.004 0.002 0.004 
454      608    (0)    7 :  0.005 0.009 0.003 0.002 0.017 0.004 0.005 0.020 0.893 0.005 0.006 0.008 0.005 0.001 0.006 0.005 0.005 
455      609    (0)    7 :  0.008 0.005 0.003 0.004 0.008 0.004 0.004 0.004 0.913 0.003 0.007 0.008 0.008 0.002 0.006 0.003 0.008 
456      610    (0)    7 :  0.105 0.059 0.009 0.003 0.015 0.007 0.008 0.022 0.434 0.019 0.066 0.015 0.104 0.004 0.034 0.009 0.089 
457      611    (2)    7 :  0.008 0.005 0.007 0.003 0.022 0.008 0.003 0.002 0.877 0.011 0.009 0.007 0.008 0.002 0.009 0.011 0.008 
458      612    (0)    7 :  0.022 0.016 0.040 0.002 0.033 0.070 0.006 0.010 0.705 0.008 0.016 0.008 0.022 0.004 0.018 0.003 0.017 
459      755    (0)    7 :  0.034 0.016 0.041 0.002 0.272 0.009 0.012 0.003 0.416 0.016 0.024 0.014 0.034 0.027 0.018 0.028 0.033 
460      756    (0)    7 :  0.006 0.010 0.003 0.003 0.013 0.003 0.009 0.005 0.895 0.012 0.005 0.007 0.006 0.002 0.006 0.008 0.006 
461      757    (0)    7 :  0.012 0.006 0.005 0.002 0.010 0.006 0.012 0.005 0.867 0.009 0.010 0.019 0.011 0.003 0.007 0.004 0.012 
462      002    (0)    8 :  0.007 0.017 0.002 0.003 0.004 0.402 0.004 0.003 0.006 0.491 0.006 0.009 0.009 0.003 0.005 0.020 0.007 
463      099    (2)    8 :  0.027 0.004 0.039 0.004 0.013 0.005 0.031 0.048 0.007 0.004 0.026 0.011 0.027 0.700 0.017 0.007 0.029 
464      641    (2)    8 :  0.042 0.010 0.004 0.014 0.023 0.232 0.008 0.008 0.060 0.175 0.094 0.033 0.045 0.013 0.181 0.012 0.044 
465      642    (0)    8 :  0.008 0.011 0.003 0.003 0.004 0.005 0.013 0.015 0.018 0.857 0.007 0.019 0.008 0.003 0.007 0.008 0.008 
466      643    (2)    8 :  0.015 0.025 0.003 0.003 0.004 0.009 0.018 0.010 0.025 0.741 0.011 0.076 0.013 0.004 0.010 0.017 0.017 
467      644    (0)    8 :  0.010 0.013 0.008 0.003 0.008 0.022 0.014 0.017 0.007 0.828 0.010 0.021 0.009 0.004 0.011 0.007 0.009 
468      645    (0)    8 :  0.030 0.029 0.003 0.036 0.114 0.015 0.026 0.007 0.034 0.398 0.022 0.185 0.034 0.002 0.018 0.018 0.029 
469      646    (0)    8 :  0.043 0.067 0.008 0.010 0.131 0.349 0.005 0.007 0.013 0.060 0.066 0.037 0.042 0.004 0.109 0.013 0.036 
470      006    (0)    9 :  0.025 0.012 0.003 0.003 0.006 0.009 0.007 0.005 0.007 0.205 0.017 0.007 0.023 0.005 0.010 0.632 0.024 
471      011    (0)    9 :  0.003 0.003 0.003 0.002 0.002 0.003 0.004 0.003 0.003 0.951 0.003 0.003 0.003 0.001 0.003 0.009 0.003 
472      033    (2)    9 :  0.007 0.025 0.002 0.002 0.004 0.018 0.006 0.003 0.021 0.257 0.005 0.004 0.006 0.001 0.004 0.628 0.007 
473      048    (0)    9 :  0.019 0.015 0.005 0.009 0.005 0.013 0.254 0.048 0.014 0.494 0.018 0.007 0.021 0.002 0.015 0.042 0.022 
474      061    (0)    9 :  0.002 0.002 0.001 0.004 0.003 0.002 0.002 0.001 0.001 0.002 0.002 0.002 0.002 0.001 0.002 0.970 0.002 
475      088    (0)    9 :  0.014 0.010 0.007 0.005 0.003 0.019 0.020 0.014 0.013 0.796 0.014 0.014 0.015 0.003 0.012 0.025 0.015 
476      091    (0)    9 :  0.003 0.003 0.004 0.002 0.006 0.003 0.003 0.003 0.005 0.009 0.006 0.003 0.004 0.001 0.008 0.934 0.003 
477      098    (0)    9 :  0.007 0.007 0.003 0.012 0.006 0.018 0.032 0.010 0.020 0.846 0.006 0.004 0.007 0.001 0.004 0.009 0.007 
478      104    (0)    9 :  0.003 0.003 0.002 0.003 0.002 0.042 0.006 0.003 0.002 0.915 0.003 0.003 0.003 0.001 0.003 0.003 0.003 
479      196    (0)    9 :  0.006 0.006 0.005 0.005 0.002 0.022 0.010 0.008 0.010 0.316 0.005 0.006 0.006 0.002 0.004 0.580 0.007 
480      197    (0)    9 :  0.025 0.027 0.014 0.007 0.003 0.014 0.007 0.009 0.011 0.521 0.021 0.007 0.027 0.003 0.013 0.267 0.024 
481      201    (0)    9 :  0.005 0.005 0.001 0.001 0.002 0.013 0.006 0.003 0.006 0.326 0.005 0.013 0.005 0.001 0.004 0.597 0.005 
482      202    (0)    9 :  0.013 0.013 0.012 0.019 0.002 0.025 0.027 0.015 0.005 0.763 0.014 0.009 0.013 0.008 0.015 0.033 0.013 
483      204    (0)    9 :  0.005 0.011 0.002 0.002 0.011 0.035 0.010 0.003 0.003 0.517 0.003 0.005 0.004 0.001 0.003 0.381 0.004 
484      231    (0)    9 :  0.006 0.018 0.004 0.001 0.009 0.065 0.013 0.008 0.010 0.832 0.005 0.005 0.005 0.001 0.004 0.008 0.005 
485      328    (0)    9 :  0.004 0.007 0.002 0.005 0.002 0.003 0.005 0.004 0.006 0.686 0.003 0.005 0.004 0.001 0.003 0.255 0.004 
486      346    (0)    9 :  0.004 0.003 0.007 0.003 0.003 0.009 0.005 0.004 0.008 0.618 0.004 0.004 0.005 0.002 0.003 0.314 0.004 


Estimated Allele Frequencies in each cluster
First column gives estimated ancestral frequencies


Locus 1 : 1 
4 alleles
0.0% missing data
  89   (0.538) 0.557 0.470 0.643 0.066 0.832 0.287 0.583 0.542 0.554 0.626 0.550 0.497 0.541 0.293 0.550 0.698 0.556 
  91   (0.381) 0.363 0.508 0.311 0.707 0.150 0.593 0.370 0.339 0.429 0.313 0.384 0.449 0.377 0.670 0.404 0.293 0.362 
  93   (0.066) 0.059 0.017 0.045 0.098 0.015 0.119 0.021 0.112 0.014 0.061 0.054 0.050 0.067 0.036 0.040 0.008 0.060 
  99   (0.015) 0.021 0.005 0.001 0.129 0.003 0.001 0.026 0.006 0.002 0.000 0.013 0.004 0.015 0.001 0.006 0.001 0.021 

Locus 2 : 2 
6 alleles
1.0% missing data
 136   (0.353) 0.342 0.187 0.461 0.189 0.140 0.728 0.065 0.076 0.417 0.558 0.355 0.562 0.354 0.454 0.347 0.115 0.335 
 134   (0.234) 0.223 0.218 0.380 0.027 0.689 0.165 0.285 0.222 0.409 0.143 0.184 0.210 0.226 0.196 0.151 0.201 0.219 
 138   (0.297) 0.319 0.465 0.152 0.771 0.118 0.095 0.471 0.593 0.143 0.249 0.363 0.164 0.303 0.217 0.418 0.244 0.329 
 140   (0.067) 0.065 0.062 0.004 0.008 0.017 0.008 0.032 0.042 0.015 0.049 0.056 0.036 0.066 0.123 0.050 0.435 0.065 
 132   (0.022) 0.029 0.006 0.001 0.002 0.004 0.002 0.003 0.006 0.004 0.000 0.026 0.006 0.026 0.001 0.021 0.002 0.031 
 142   (0.028) 0.022 0.062 0.002 0.003 0.031 0.002 0.144 0.061 0.012 0.001 0.017 0.023 0.025 0.009 0.013 0.003 0.020 

Locus 3 : 3 
6 alleles
0.0% missing data
 181   (0.259) 0.254 0.128 0.066 0.180 0.344 0.092 0.449 0.336 0.400 0.231 0.222 0.188 0.260 0.072 0.183 0.072 0.255 
 187   (0.341) 0.335 0.352 0.256 0.775 0.116 0.542 0.153 0.169 0.165 0.515 0.446 0.343 0.340 0.344 0.554 0.689 0.335 
 179   (0.245) 0.261 0.323 0.015 0.029 0.352 0.352 0.173 0.266 0.402 0.228 0.217 0.296 0.248 0.051 0.175 0.223 0.263 
 191   (0.032) 0.030 0.007 0.200 0.003 0.008 0.003 0.009 0.006 0.006 0.022 0.026 0.010 0.032 0.009 0.022 0.004 0.031 
 185   (0.075) 0.078 0.072 0.459 0.008 0.135 0.007 0.028 0.206 0.018 0.002 0.060 0.055 0.075 0.286 0.045 0.007 0.078 
 175   (0.048) 0.042 0.118 0.003 0.005 0.044 0.004 0.187 0.017 0.009 0.001 0.030 0.107 0.044 0.238 0.021 0.005 0.038 

Locus 4 : 4 
12 alleles
0.2% missing data
 253   (0.490) 0.519 0.496 0.465 0.598 0.621 0.467 0.700 0.276 0.616 0.762 0.449 0.516 0.501 0.168 0.382 0.622 0.523 
 249   (0.028) 0.023 0.006 0.002 0.004 0.005 0.020 0.004 0.005 0.005 0.059 0.019 0.009 0.026 0.067 0.017 0.318 0.021 
 271   (0.043) 0.042 0.031 0.003 0.005 0.010 0.056 0.006 0.009 0.009 0.028 0.033 0.031 0.041 0.110 0.023 0.005 0.042 
 241   (0.158) 0.139 0.189 0.150 0.183 0.097 0.372 0.090 0.204 0.143 0.019 0.141 0.189 0.154 0.530 0.138 0.023 0.139 
 257   (0.006) 0.004 0.002 0.000 0.001 0.001 0.003 0.001 0.001 0.001 0.000 0.003 0.004 0.005 0.000 0.002 0.000 0.004 
 269   (0.170) 0.159 0.226 0.098 0.199 0.241 0.063 0.140 0.480 0.183 0.129 0.263 0.150 0.167 0.029 0.369 0.020 0.157 
 247   (0.065) 0.086 0.036 0.281 0.007 0.017 0.007 0.053 0.019 0.033 0.001 0.068 0.054 0.071 0.026 0.046 0.008 0.087 
 245   (0.009) 0.006 0.002 0.001 0.001 0.001 0.001 0.001 0.001 0.001 0.000 0.004 0.002 0.007 0.066 0.003 0.001 0.005 
 239   (0.011) 0.008 0.002 0.001 0.001 0.002 0.001 0.001 0.002 0.003 0.000 0.006 0.021 0.010 0.001 0.004 0.001 0.008 
 273   (0.007) 0.005 0.002 0.000 0.001 0.001 0.001 0.001 0.001 0.001 0.000 0.004 0.021 0.006 0.001 0.002 0.001 0.005 
 267   (0.006) 0.004 0.001 0.000 0.001 0.001 0.010 0.001 0.001 0.001 0.000 0.008 0.002 0.005 0.000 0.010 0.001 0.004 
 255   (0.006) 0.004 0.009 0.000 0.001 0.001 0.001 0.002 0.001 0.003 0.000 0.003 0.002 0.005 0.000 0.002 0.001 0.004 

Locus 5 : 5 
6 alleles
0.6% missing data
 103   (0.859) 0.846 0.928 0.979 0.984 0.959 0.978 0.967 0.951 0.930 0.995 0.729 0.865 0.858 0.737 0.593 0.986 0.846 
 104   (0.053) 0.065 0.032 0.003 0.006 0.021 0.014 0.015 0.033 0.024 0.003 0.197 0.045 0.054 0.070 0.345 0.005 0.069 
 101   (0.009) 0.007 0.003 0.012 0.001 0.004 0.001 0.001 0.002 0.002 0.000 0.005 0.003 0.008 0.001 0.004 0.001 0.006 
 105   (0.048) 0.055 0.025 0.003 0.005 0.011 0.004 0.012 0.009 0.037 0.001 0.047 0.072 0.050 0.166 0.039 0.005 0.052 
 102   (0.016) 0.015 0.010 0.001 0.002 0.003 0.001 0.002 0.003 0.005 0.000 0.013 0.006 0.016 0.001 0.013 0.001 0.015 
 107   (0.015) 0.012 0.003 0.001 0.001 0.002 0.001 0.002 0.002 0.003 0.000 0.009 0.010 0.014 0.025 0.007 0.001 0.011 

Locus 6 : 6 
5 alleles
0.2% missing data
 141   (0.268) 0.283 0.327 0.131 0.030 0.785 0.312 0.257 0.067 0.311 0.596 0.250 0.206 0.265 0.110 0.208 0.837 0.279 
 145   (0.403) 0.397 0.457 0.260 0.409 0.130 0.116 0.632 0.587 0.444 0.174 0.490 0.522 0.415 0.023 0.582 0.072 0.405 
 135   (0.235) 0.240 0.178 0.289 0.549 0.064 0.366 0.097 0.325 0.134 0.191 0.195 0.205 0.231 0.637 0.154 0.074 0.238 
 147   (0.083) 0.071 0.036 0.320 0.010 0.019 0.205 0.012 0.018 0.108 0.039 0.060 0.057 0.079 0.127 0.051 0.015 0.071 
 137   (0.011) 0.008 0.002 0.001 0.001 0.002 0.002 0.001 0.003 0.002 0.000 0.006 0.011 0.009 0.103 0.005 0.001 0.007 

Locus 7 : 7 
10 alleles
1.2% missing data
  93   (0.225) 0.206 0.329 0.065 0.797 0.304 0.408 0.350 0.115 0.216 0.333 0.183 0.280 0.213 0.112 0.162 0.616 0.202 
 103   (0.301) 0.314 0.369 0.515 0.040 0.123 0.275 0.376 0.323 0.530 0.403 0.375 0.288 0.310 0.017 0.459 0.081 0.322 
  91   (0.069) 0.066 0.017 0.155 0.010 0.057 0.007 0.055 0.016 0.039 0.034 0.060 0.058 0.070 0.060 0.051 0.007 0.063 
  97   (0.196) 0.200 0.050 0.253 0.127 0.252 0.165 0.089 0.365 0.159 0.163 0.196 0.118 0.202 0.261 0.169 0.027 0.202 
  85   (0.045) 0.047 0.011 0.003 0.006 0.010 0.007 0.009 0.128 0.014 0.046 0.037 0.047 0.045 0.003 0.028 0.005 0.043 
  89   (0.082) 0.068 0.195 0.005 0.011 0.239 0.131 0.080 0.033 0.028 0.019 0.060 0.064 0.075 0.301 0.050 0.256 0.064 
  83   (0.050) 0.073 0.022 0.003 0.006 0.010 0.004 0.036 0.016 0.009 0.001 0.056 0.135 0.056 0.003 0.040 0.005 0.078 
 105   (0.014) 0.014 0.003 0.001 0.002 0.002 0.001 0.003 0.002 0.002 0.000 0.011 0.004 0.014 0.092 0.007 0.001 0.014 
 101   (0.009) 0.006 0.002 0.001 0.001 0.001 0.001 0.001 0.001 0.001 0.000 0.016 0.002 0.007 0.125 0.029 0.001 0.005 
  99   (0.009) 0.007 0.002 0.001 0.001 0.001 0.001 0.001 0.002 0.001 0.000 0.006 0.003 0.009 0.025 0.004 0.001 0.007 

Locus 8 : 8 
8 alleles
0.0% missing data
 129   (0.553) 0.536 0.740 0.638 0.197 0.457 0.467 0.705 0.726 0.401 0.704 0.642 0.640 0.553 0.299 0.741 0.669 0.542 
 141   (0.053) 0.052 0.023 0.217 0.006 0.011 0.149 0.011 0.019 0.093 0.099 0.040 0.021 0.052 0.003 0.029 0.009 0.049 
 149   (0.079) 0.083 0.080 0.012 0.009 0.281 0.034 0.071 0.030 0.017 0.144 0.062 0.055 0.077 0.304 0.040 0.011 0.084 
 143   (0.263) 0.283 0.143 0.128 0.702 0.211 0.345 0.197 0.212 0.480 0.051 0.221 0.250 0.268 0.298 0.163 0.306 0.282 
 127   (0.018) 0.016 0.004 0.001 0.046 0.003 0.002 0.002 0.003 0.003 0.000 0.013 0.005 0.017 0.094 0.010 0.001 0.015 
 131   (0.012) 0.009 0.002 0.002 0.038 0.003 0.001 0.010 0.004 0.002 0.000 0.007 0.003 0.010 0.001 0.005 0.001 0.008 
 133   (0.017) 0.017 0.007 0.001 0.002 0.033 0.002 0.003 0.005 0.003 0.000 0.013 0.023 0.018 0.001 0.009 0.002 0.017 
 145   (0.006) 0.004 0.001 0.000 0.001 0.001 0.001 0.001 0.001 0.001 0.000 0.003 0.004 0.005 0.000 0.002 0.000 0.004 

Locus 9 : 9 
5 alleles
0.0% missing data
 191   (0.389) 0.398 0.160 0.547 0.339 0.591 0.602 0.331 0.322 0.484 0.567 0.399 0.353 0.389 0.339 0.405 0.846 0.401 
 195   (0.145) 0.147 0.080 0.050 0.356 0.034 0.036 0.338 0.349 0.244 0.188 0.112 0.131 0.140 0.331 0.084 0.032 0.147 
 189   (0.454) 0.446 0.757 0.402 0.304 0.373 0.361 0.328 0.326 0.270 0.242 0.483 0.503 0.461 0.329 0.506 0.121 0.444 
 197   (0.006) 0.004 0.001 0.000 0.001 0.001 0.001 0.001 0.001 0.001 0.000 0.003 0.011 0.005 0.000 0.002 0.001 0.004 
 193   (0.006) 0.004 0.001 0.000 0.001 0.002 0.001 0.001 0.002 0.001 0.002 0.003 0.002 0.005 0.000 0.002 0.001 0.004 

Locus 10 : 10 
7 alleles
0.4% missing data
 232   (0.249) 0.259 0.073 0.278 0.218 0.062 0.386 0.210 0.163 0.154 0.286 0.287 0.291 0.255 0.125 0.313 0.573 0.260 
 238   (0.560) 0.560 0.863 0.342 0.367 0.843 0.432 0.728 0.701 0.671 0.593 0.564 0.491 0.561 0.748 0.570 0.130 0.561 
 252   (0.107) 0.103 0.048 0.031 0.016 0.079 0.174 0.051 0.121 0.121 0.106 0.086 0.169 0.102 0.014 0.071 0.282 0.103 
 254   (0.047) 0.042 0.010 0.265 0.395 0.009 0.005 0.007 0.008 0.048 0.014 0.034 0.035 0.045 0.082 0.023 0.013 0.040 
 248   (0.018) 0.017 0.004 0.083 0.002 0.003 0.002 0.002 0.003 0.003 0.000 0.015 0.007 0.018 0.001 0.010 0.002 0.017 
 250   (0.014) 0.014 0.002 0.001 0.002 0.002 0.001 0.002 0.002 0.002 0.000 0.011 0.004 0.014 0.029 0.010 0.001 0.014 
 236   (0.006) 0.005 0.001 0.001 0.001 0.001 0.000 0.001 0.001 0.002 0.000 0.003 0.003 0.006 0.000 0.003 0.001 0.005 

Locus 11 : 11 
4 alleles
0.0% missing data
  87   (0.687) 0.694 0.794 0.531 0.964 0.867 0.554 0.859 0.876 0.641 0.642 0.731 0.687 0.692 0.494 0.765 0.343 0.691 
  89   (0.243) 0.245 0.187 0.386 0.029 0.084 0.364 0.116 0.091 0.346 0.304 0.221 0.218 0.245 0.152 0.199 0.631 0.249 
  91   (0.054) 0.048 0.016 0.081 0.006 0.013 0.080 0.023 0.031 0.011 0.053 0.038 0.079 0.049 0.183 0.029 0.024 0.048 
  85   (0.016) 0.012 0.003 0.001 0.002 0.035 0.001 0.002 0.003 0.003 0.000 0.010 0.016 0.015 0.170 0.008 0.002 0.012 

Locus 12 : 12 
13 alleles
0.4% missing data
 160   (0.214) 0.195 0.256 0.722 0.597 0.190 0.191 0.344 0.133 0.059 0.106 0.251 0.212 0.210 0.424 0.326 0.036 0.196 
 162   (0.247) 0.265 0.336 0.230 0.065 0.373 0.093 0.291 0.139 0.487 0.210 0.218 0.250 0.253 0.014 0.161 0.757 0.269 
 147   (0.050) 0.043 0.071 0.003 0.005 0.013 0.367 0.015 0.035 0.089 0.117 0.039 0.017 0.047 0.003 0.030 0.098 0.042 
 158   (0.231) 0.230 0.103 0.021 0.028 0.098 0.313 0.204 0.309 0.188 0.537 0.280 0.280 0.233 0.094 0.336 0.078 0.224 
 161   (0.108) 0.108 0.129 0.016 0.115 0.032 0.023 0.049 0.235 0.147 0.021 0.078 0.115 0.103 0.272 0.055 0.015 0.107 
 170   (0.050) 0.065 0.050 0.003 0.006 0.012 0.005 0.021 0.019 0.009 0.007 0.054 0.059 0.056 0.027 0.034 0.006 0.069 
 143   (0.030) 0.033 0.006 0.002 0.176 0.009 0.003 0.007 0.005 0.005 0.001 0.027 0.040 0.031 0.162 0.019 0.003 0.035 
 154   (0.016) 0.019 0.004 0.001 0.002 0.005 0.001 0.002 0.003 0.005 0.000 0.021 0.005 0.018 0.001 0.016 0.002 0.019 
 149   (0.022) 0.018 0.005 0.001 0.002 0.263 0.002 0.058 0.082 0.004 0.000 0.014 0.006 0.020 0.001 0.009 0.002 0.017 
 153   (0.011) 0.010 0.002 0.001 0.001 0.002 0.001 0.001 0.002 0.003 0.000 0.009 0.009 0.012 0.001 0.007 0.001 0.010 
 150   (0.006) 0.004 0.001 0.000 0.001 0.001 0.001 0.006 0.015 0.001 0.000 0.003 0.002 0.005 0.000 0.002 0.001 0.004 
 159   (0.008) 0.005 0.035 0.000 0.001 0.001 0.001 0.001 0.021 0.001 0.000 0.003 0.003 0.006 0.000 0.003 0.001 0.005 
 164   (0.006) 0.005 0.001 0.000 0.001 0.001 0.001 0.001 0.001 0.001 0.000 0.003 0.002 0.005 0.000 0.002 0.000 0.005 

Locus 13 : 13 
5 alleles
0.0% missing data
 108   (0.201) 0.182 0.136 0.199 0.336 0.049 0.155 0.070 0.171 0.142 0.163 0.219 0.276 0.200 0.298 0.268 0.406 0.183 
 115   (0.452) 0.460 0.493 0.284 0.089 0.709 0.317 0.579 0.443 0.502 0.582 0.396 0.477 0.453 0.378 0.321 0.531 0.460 
 113   (0.335) 0.348 0.369 0.517 0.573 0.240 0.528 0.349 0.384 0.354 0.254 0.376 0.244 0.336 0.324 0.401 0.062 0.347 
 109   (0.006) 0.004 0.001 0.000 0.001 0.001 0.001 0.001 0.001 0.001 0.000 0.005 0.002 0.005 0.000 0.006 0.001 0.004 
 110   (0.006) 0.006 0.001 0.000 0.001 0.001 0.001 0.001 0.001 0.001 0.000 0.003 0.002 0.006 0.000 0.002 0.000 0.005 

Locus 14 : 14 
5 alleles
1.2% missing data
 227   (0.139) 0.141 0.287 0.016 0.257 0.054 0.333 0.337 0.311 0.038 0.259 0.120 0.074 0.140 0.008 0.109 0.062 0.141 
 231   (0.156) 0.153 0.043 0.353 0.272 0.038 0.110 0.028 0.034 0.466 0.093 0.139 0.146 0.159 0.357 0.112 0.027 0.155 
 229   (0.503) 0.504 0.448 0.414 0.091 0.861 0.429 0.522 0.530 0.284 0.462 0.576 0.684 0.501 0.467 0.648 0.861 0.500 
 225   (0.139) 0.138 0.204 0.213 0.226 0.033 0.024 0.052 0.106 0.139 0.088 0.117 0.070 0.139 0.059 0.100 0.019 0.140 
 233   (0.062) 0.064 0.018 0.004 0.154 0.014 0.105 0.061 0.019 0.074 0.097 0.048 0.025 0.061 0.109 0.031 0.030 0.064 

Locus 15 : 15 
5 alleles
0.4% missing data
 143   (0.841) 0.844 0.942 0.816 0.718 0.938 0.978 0.900 0.753 0.874 0.970 0.860 0.889 0.840 0.620 0.869 0.983 0.847 
 157   (0.007) 0.004 0.001 0.000 0.001 0.001 0.001 0.001 0.001 0.001 0.018 0.003 0.002 0.005 0.000 0.002 0.001 0.004 
 145   (0.090) 0.089 0.037 0.006 0.274 0.048 0.015 0.082 0.052 0.113 0.010 0.085 0.046 0.091 0.184 0.088 0.010 0.088 
 147   (0.048) 0.052 0.017 0.145 0.006 0.010 0.005 0.015 0.190 0.008 0.001 0.044 0.023 0.051 0.194 0.035 0.005 0.051 
 133   (0.014) 0.011 0.003 0.032 0.001 0.002 0.001 0.002 0.004 0.003 0.000 0.008 0.040 0.013 0.001 0.007 0.002 0.010 

Locus 16 : 16 
5 alleles
0.2% missing data
 156   (0.225) 0.217 0.178 0.504 0.516 0.052 0.081 0.228 0.272 0.328 0.307 0.176 0.399 0.218 0.162 0.144 0.197 0.216 
 158   (0.543) 0.566 0.578 0.195 0.252 0.612 0.727 0.683 0.602 0.466 0.497 0.578 0.453 0.551 0.312 0.589 0.318 0.570 
 160   (0.139) 0.129 0.193 0.112 0.016 0.311 0.181 0.058 0.101 0.148 0.152 0.118 0.101 0.138 0.118 0.106 0.474 0.128 
 154   (0.084) 0.083 0.031 0.188 0.215 0.023 0.009 0.019 0.024 0.056 0.044 0.124 0.045 0.086 0.407 0.158 0.011 0.082 
 152   (0.009) 0.006 0.020 0.001 0.001 0.001 0.001 0.013 0.001 0.001 0.000 0.004 0.002 0.007 0.000 0.003 0.001 0.005 

Locus 17 : 17 
5 alleles
0.0% missing data
 102   (0.202) 0.205 0.446 0.198 0.024 0.336 0.149 0.074 0.243 0.183 0.250 0.191 0.095 0.201 0.038 0.165 0.095 0.202 
  90   (0.681) 0.666 0.515 0.794 0.574 0.375 0.824 0.905 0.719 0.794 0.721 0.660 0.825 0.675 0.321 0.661 0.605 0.668 
  88   (0.069) 0.080 0.023 0.005 0.007 0.281 0.023 0.011 0.015 0.013 0.028 0.066 0.032 0.075 0.470 0.050 0.296 0.085 
 100   (0.041) 0.045 0.012 0.002 0.393 0.008 0.004 0.010 0.007 0.009 0.001 0.080 0.046 0.043 0.171 0.122 0.004 0.041 
 104   (0.006) 0.004 0.004 0.000 0.001 0.001 0.001 0.001 0.016 0.001 0.000 0.003 0.002 0.005 0.000 0.002 0.001 0.004 

Locus 18 : 18 
7 alleles
0.0% missing data
 142   (0.123) 0.139 0.059 0.008 0.015 0.082 0.384 0.052 0.136 0.024 0.426 0.115 0.177 0.127 0.018 0.087 0.797 0.140 
 146   (0.074) 0.080 0.248 0.227 0.008 0.105 0.023 0.028 0.020 0.084 0.194 0.056 0.065 0.072 0.004 0.037 0.034 0.082 
 140   (0.295) 0.285 0.195 0.178 0.277 0.526 0.420 0.203 0.424 0.502 0.084 0.315 0.228 0.293 0.298 0.346 0.046 0.278 
 127   (0.300) 0.295 0.286 0.057 0.548 0.175 0.098 0.417 0.183 0.231 0.223 0.355 0.406 0.304 0.385 0.420 0.073 0.300 
 148   (0.099) 0.094 0.152 0.217 0.011 0.028 0.048 0.068 0.049 0.115 0.054 0.079 0.036 0.098 0.067 0.051 0.034 0.094 
 150   (0.055) 0.059 0.029 0.310 0.005 0.069 0.005 0.207 0.115 0.012 0.001 0.040 0.051 0.053 0.225 0.025 0.006 0.057 
 138   (0.054) 0.048 0.031 0.004 0.135 0.016 0.021 0.025 0.072 0.032 0.018 0.041 0.038 0.053 0.003 0.034 0.011 0.049 

Locus 19 : 19 
8 alleles
0.2% missing data
 188   (0.183) 0.199 0.091 0.169 0.020 0.045 0.175 0.119 0.315 0.066 0.094 0.172 0.189 0.193 0.011 0.145 0.570 0.198 
 190   (0.123) 0.099 0.065 0.200 0.013 0.399 0.330 0.235 0.205 0.243 0.422 0.106 0.100 0.110 0.040 0.113 0.014 0.093 
 194   (0.575) 0.590 0.568 0.479 0.956 0.184 0.484 0.570 0.457 0.601 0.481 0.627 0.638 0.583 0.553 0.661 0.406 0.594 
 202   (0.016) 0.013 0.003 0.146 0.002 0.002 0.001 0.002 0.003 0.003 0.000 0.010 0.005 0.014 0.042 0.007 0.001 0.013 
 200   (0.083) 0.085 0.270 0.005 0.008 0.367 0.008 0.072 0.017 0.082 0.002 0.076 0.056 0.084 0.315 0.068 0.007 0.090 
 192   (0.006) 0.005 0.001 0.000 0.001 0.001 0.001 0.001 0.001 0.003 0.000 0.004 0.002 0.006 0.000 0.003 0.000 0.005 
 196   (0.006) 0.004 0.001 0.000 0.001 0.001 0.001 0.001 0.001 0.001 0.000 0.003 0.008 0.005 0.000 0.002 0.000 0.004 
 198   (0.006) 0.004 0.001 0.000 0.001 0.001 0.001 0.001 0.001 0.001 0.000 0.003 0.002 0.005 0.038 0.002 0.000 0.004 

Locus 20 : 20 
6 alleles
0.8% missing data
 252   (0.702) 0.725 0.842 0.728 0.385 0.543 0.711 0.743 0.772 0.746 0.853 0.699 0.839 0.716 0.073 0.662 0.817 0.733 
 250   (0.083) 0.072 0.029 0.142 0.350 0.140 0.047 0.026 0.182 0.068 0.100 0.072 0.028 0.078 0.429 0.073 0.010 0.070 
 244   (0.022) 0.017 0.007 0.001 0.005 0.007 0.002 0.010 0.006 0.007 0.007 0.014 0.009 0.019 0.047 0.014 0.150 0.016 
 254   (0.078) 0.080 0.092 0.081 0.099 0.018 0.009 0.133 0.017 0.057 0.031 0.056 0.061 0.074 0.243 0.035 0.010 0.076 
 246   (0.094) 0.085 0.024 0.046 0.160 0.288 0.228 0.085 0.019 0.118 0.004 0.075 0.055 0.091 0.207 0.061 0.010 0.082 
 248   (0.021) 0.022 0.008 0.001 0.002 0.004 0.002 0.003 0.004 0.004 0.005 0.084 0.008 0.021 0.001 0.155 0.003 0.024 

Locus 21 : 21 
7 alleles
0.2% missing data
 173   (0.293) 0.288 0.474 0.211 0.120 0.072 0.140 0.565 0.570 0.310 0.374 0.237 0.356 0.287 0.208 0.181 0.153 0.285 
 177   (0.263) 0.280 0.248 0.166 0.271 0.505 0.639 0.225 0.248 0.080 0.274 0.375 0.202 0.269 0.039 0.475 0.178 0.279 
 175   (0.143) 0.132 0.085 0.258 0.487 0.039 0.025 0.080 0.065 0.324 0.024 0.109 0.126 0.138 0.505 0.091 0.017 0.127 
 167   (0.195) 0.186 0.161 0.122 0.110 0.089 0.181 0.112 0.091 0.142 0.323 0.166 0.269 0.193 0.069 0.148 0.641 0.193 
 163   (0.039) 0.037 0.011 0.229 0.004 0.008 0.004 0.008 0.012 0.015 0.002 0.033 0.020 0.038 0.108 0.028 0.004 0.036 
 165   (0.049) 0.049 0.013 0.012 0.006 0.283 0.009 0.007 0.010 0.126 0.003 0.050 0.020 0.049 0.070 0.056 0.005 0.050 
 159   (0.019) 0.028 0.007 0.001 0.002 0.004 0.002 0.002 0.004 0.003 0.000 0.031 0.005 0.026 0.001 0.022 0.002 0.030 

Locus 22 : 22 
11 alleles
0.6% missing data
 146   (0.232) 0.253 0.348 0.137 0.071 0.287 0.219 0.339 0.121 0.169 0.231 0.202 0.208 0.240 0.014 0.154 0.837 0.257 
 154   (0.007) 0.004 0.001 0.000 0.001 0.001 0.002 0.001 0.001 0.001 0.071 0.003 0.002 0.006 0.000 0.002 0.001 0.004 
 166   (0.092) 0.109 0.041 0.006 0.112 0.022 0.270 0.023 0.024 0.077 0.028 0.103 0.045 0.099 0.005 0.095 0.010 0.109 
 152   (0.421) 0.388 0.528 0.366 0.505 0.604 0.441 0.562 0.764 0.508 0.638 0.485 0.553 0.406 0.096 0.584 0.123 0.384 
 150   (0.029) 0.035 0.014 0.002 0.112 0.007 0.007 0.005 0.012 0.005 0.006 0.026 0.010 0.030 0.103 0.021 0.004 0.036 
 164   (0.035) 0.028 0.010 0.002 0.005 0.007 0.043 0.007 0.009 0.057 0.010 0.022 0.029 0.032 0.068 0.017 0.005 0.026 
 156   (0.019) 0.013 0.004 0.306 0.002 0.003 0.002 0.008 0.021 0.004 0.000 0.009 0.005 0.016 0.113 0.007 0.002 0.012 
 162   (0.053) 0.055 0.026 0.071 0.007 0.019 0.005 0.010 0.020 0.042 0.001 0.050 0.039 0.058 0.138 0.038 0.005 0.057 
 158   (0.089) 0.095 0.023 0.109 0.011 0.045 0.009 0.017 0.023 0.133 0.014 0.085 0.104 0.093 0.433 0.070 0.012 0.095 
 148   (0.009) 0.006 0.002 0.000 0.173 0.001 0.001 0.001 0.001 0.001 0.000 0.004 0.003 0.007 0.000 0.003 0.001 0.005 
 142   (0.014) 0.014 0.003 0.001 0.001 0.003 0.001 0.026 0.002 0.002 0.000 0.012 0.004 0.013 0.028 0.011 0.001 0.015 

Locus 23 : 23 
7 alleles
0.8% missing data
 152   (0.013) 0.008 0.003 0.001 0.001 0.002 0.092 0.002 0.002 0.002 0.063 0.006 0.003 0.010 0.001 0.005 0.001 0.008 
 156   (0.119) 0.114 0.048 0.028 0.014 0.027 0.086 0.026 0.099 0.126 0.032 0.162 0.256 0.116 0.432 0.217 0.012 0.112 
 144   (0.178) 0.162 0.176 0.644 0.606 0.049 0.153 0.317 0.254 0.196 0.186 0.140 0.103 0.170 0.244 0.121 0.026 0.163 
 160   (0.104) 0.088 0.146 0.105 0.013 0.322 0.294 0.061 0.167 0.137 0.180 0.148 0.046 0.096 0.011 0.207 0.012 0.085 
 154   (0.551) 0.588 0.614 0.220 0.361 0.593 0.371 0.590 0.470 0.529 0.536 0.512 0.579 0.570 0.171 0.428 0.924 0.596 
 158   (0.028) 0.032 0.012 0.002 0.003 0.006 0.003 0.004 0.006 0.009 0.003 0.026 0.009 0.030 0.140 0.018 0.024 0.030 
 146   (0.008) 0.007 0.001 0.000 0.001 0.001 0.001 0.001 0.001 0.001 0.000 0.005 0.004 0.008 0.000 0.003 0.001 0.006 

Locus 24 : 24 
4 alleles
0.4% missing data
  77   (0.082) 0.067 0.163 0.048 0.009 0.032 0.024 0.049 0.049 0.088 0.332 0.055 0.115 0.075 0.005 0.045 0.032 0.064 
  83   (0.464) 0.441 0.354 0.922 0.688 0.762 0.595 0.430 0.513 0.608 0.485 0.451 0.389 0.457 0.588 0.471 0.228 0.443 
  81   (0.366) 0.405 0.422 0.024 0.292 0.184 0.343 0.420 0.291 0.267 0.163 0.426 0.345 0.380 0.379 0.433 0.728 0.408 
  85   (0.088) 0.087 0.061 0.006 0.010 0.022 0.037 0.100 0.147 0.037 0.020 0.068 0.151 0.088 0.029 0.051 0.012 0.085 

Locus 25 : 25 
6 alleles
0.4% missing data
 132   (0.314) 0.337 0.243 0.457 0.181 0.205 0.127 0.428 0.210 0.459 0.536 0.289 0.228 0.327 0.021 0.247 0.910 0.345 
 124   (0.532) 0.513 0.587 0.534 0.414 0.756 0.832 0.446 0.654 0.417 0.391 0.587 0.712 0.526 0.468 0.646 0.066 0.508 
 126   (0.025) 0.020 0.005 0.001 0.003 0.005 0.027 0.003 0.006 0.005 0.058 0.015 0.008 0.023 0.011 0.011 0.003 0.018 
 122   (0.096) 0.103 0.156 0.006 0.107 0.028 0.011 0.118 0.123 0.099 0.014 0.088 0.040 0.094 0.477 0.082 0.018 0.103 
 120   (0.018) 0.015 0.004 0.001 0.294 0.003 0.002 0.002 0.003 0.004 0.000 0.012 0.007 0.017 0.022 0.008 0.002 0.014 
 136   (0.014) 0.012 0.005 0.001 0.002 0.003 0.002 0.002 0.005 0.015 0.001 0.009 0.004 0.013 0.002 0.007 0.001 0.012 

Locus 26 : 26 
7 alleles
0.2% missing data
 165   (0.248) 0.236 0.217 0.052 0.323 0.209 0.158 0.372 0.110 0.340 0.115 0.264 0.227 0.242 0.113 0.298 0.687 0.236 
 183   (0.350) 0.332 0.247 0.424 0.293 0.629 0.457 0.337 0.377 0.462 0.586 0.377 0.328 0.349 0.209 0.424 0.200 0.333 
 179   (0.089) 0.081 0.165 0.005 0.345 0.043 0.104 0.039 0.028 0.018 0.056 0.069 0.068 0.085 0.283 0.052 0.017 0.078 
 175   (0.246) 0.289 0.347 0.453 0.031 0.107 0.275 0.243 0.473 0.152 0.242 0.236 0.208 0.257 0.015 0.180 0.090 0.294 
 181   (0.052) 0.050 0.022 0.065 0.007 0.009 0.005 0.007 0.009 0.025 0.001 0.045 0.164 0.053 0.264 0.040 0.005 0.049 
 185   (0.009) 0.007 0.002 0.001 0.001 0.001 0.001 0.001 0.002 0.001 0.000 0.005 0.003 0.008 0.115 0.003 0.001 0.006 
 157   (0.006) 0.005 0.001 0.000 0.001 0.001 0.001 0.001 0.001 0.001 0.000 0.003 0.002 0.006 0.000 0.002 0.001 0.004 

Locus 27 : 27 
4 alleles
0.2% missing data
 142   (0.641) 0.651 0.642 0.742 0.306 0.721 0.601 0.831 0.762 0.683 0.704 0.694 0.590 0.648 0.522 0.740 0.336 0.654 
 148   (0.207) 0.209 0.117 0.064 0.677 0.051 0.179 0.066 0.174 0.247 0.075 0.186 0.225 0.208 0.267 0.158 0.377 0.210 
 138   (0.045) 0.035 0.014 0.003 0.006 0.023 0.208 0.029 0.012 0.017 0.211 0.035 0.020 0.040 0.047 0.037 0.276 0.034 
 150   (0.107) 0.105 0.227 0.190 0.012 0.205 0.011 0.073 0.053 0.054 0.010 0.085 0.165 0.105 0.164 0.065 0.011 0.102 

Locus 28 : 28 
6 alleles
0.8% missing data
 260   (0.385) 0.408 0.519 0.377 0.132 0.499 0.502 0.550 0.408 0.297 0.340 0.437 0.215 0.395 0.217 0.472 0.276 0.413 
 262   (0.509) 0.490 0.396 0.550 0.854 0.472 0.487 0.386 0.433 0.663 0.654 0.468 0.696 0.498 0.696 0.456 0.711 0.485 
 256   (0.076) 0.075 0.074 0.071 0.010 0.024 0.008 0.044 0.089 0.035 0.005 0.073 0.064 0.079 0.085 0.058 0.010 0.077 
 258   (0.010) 0.012 0.002 0.001 0.001 0.002 0.001 0.001 0.002 0.002 0.000 0.011 0.003 0.012 0.001 0.006 0.001 0.011 
 266   (0.006) 0.004 0.002 0.000 0.001 0.001 0.001 0.013 0.001 0.001 0.000 0.003 0.002 0.005 0.000 0.002 0.000 0.004 
 264   (0.015) 0.011 0.008 0.001 0.001 0.003 0.001 0.007 0.067 0.002 0.000 0.009 0.021 0.013 0.001 0.006 0.001 0.011 

Locus 29 : 29 
7 alleles
0.2% missing data
 146   (0.281) 0.273 0.194 0.334 0.035 0.477 0.285 0.145 0.462 0.349 0.164 0.391 0.247 0.283 0.324 0.523 0.081 0.275 
 150   (0.436) 0.459 0.555 0.288 0.139 0.169 0.439 0.600 0.382 0.408 0.712 0.383 0.601 0.440 0.239 0.312 0.162 0.461 
 140   (0.178) 0.173 0.221 0.057 0.815 0.118 0.032 0.148 0.129 0.167 0.079 0.147 0.114 0.177 0.392 0.110 0.693 0.171 
 148   (0.062) 0.054 0.017 0.318 0.007 0.153 0.230 0.045 0.013 0.049 0.038 0.042 0.021 0.057 0.035 0.029 0.057 0.052 
 152   (0.027) 0.029 0.007 0.002 0.003 0.065 0.003 0.060 0.011 0.004 0.001 0.027 0.011 0.030 0.009 0.020 0.003 0.031 
 151   (0.009) 0.006 0.004 0.001 0.001 0.006 0.009 0.001 0.001 0.002 0.005 0.005 0.003 0.007 0.000 0.004 0.002 0.006 
 142   (0.008) 0.005 0.001 0.000 0.001 0.012 0.001 0.001 0.001 0.020 0.001 0.004 0.003 0.006 0.000 0.003 0.001 0.004 

Locus 30 : 30 
6 alleles
0.2% missing data
 125   (0.286) 0.295 0.105 0.029 0.137 0.093 0.292 0.074 0.078 0.310 0.476 0.369 0.350 0.294 0.139 0.440 0.633 0.295 
 129   (0.429) 0.422 0.573 0.789 0.210 0.465 0.649 0.600 0.661 0.418 0.476 0.361 0.392 0.427 0.078 0.293 0.306 0.423 
 123   (0.153) 0.147 0.189 0.100 0.018 0.097 0.048 0.275 0.236 0.107 0.045 0.165 0.186 0.148 0.110 0.192 0.048 0.148 
 127   (0.085) 0.078 0.064 0.079 0.591 0.336 0.008 0.037 0.015 0.156 0.002 0.066 0.043 0.083 0.532 0.048 0.010 0.075 
 121   (0.012) 0.010 0.003 0.001 0.040 0.002 0.001 0.002 0.002 0.003 0.000 0.007 0.005 0.011 0.001 0.006 0.001 0.010 
 131   (0.035) 0.048 0.066 0.002 0.004 0.007 0.003 0.012 0.008 0.007 0.001 0.032 0.024 0.037 0.140 0.021 0.003 0.049 

Locus 31 : 31 
6 alleles
0.2% missing data
 159   (0.174) 0.171 0.299 0.011 0.020 0.048 0.114 0.185 0.394 0.297 0.139 0.130 0.289 0.169 0.201 0.095 0.062 0.168 
 155   (0.543) 0.566 0.290 0.708 0.525 0.489 0.847 0.607 0.240 0.421 0.689 0.649 0.459 0.556 0.421 0.722 0.591 0.569 
 157   (0.182) 0.174 0.335 0.019 0.114 0.442 0.029 0.178 0.119 0.257 0.091 0.148 0.205 0.178 0.060 0.127 0.298 0.176 
 153   (0.063) 0.059 0.067 0.004 0.095 0.013 0.006 0.024 0.240 0.012 0.079 0.048 0.023 0.062 0.309 0.039 0.044 0.059 
 151   (0.031) 0.025 0.007 0.256 0.245 0.007 0.003 0.004 0.006 0.012 0.002 0.021 0.021 0.030 0.009 0.016 0.004 0.025 
 163   (0.006) 0.005 0.001 0.000 0.001 0.001 0.001 0.002 0.001 0.001 0.001 0.003 0.002 0.005 0.000 0.002 0.001 0.004 

Locus 32 : 32 
5 alleles
0.0% missing data
 146   (0.324) 0.325 0.267 0.312 0.585 0.210 0.050 0.351 0.401 0.263 0.063 0.367 0.366 0.327 0.653 0.415 0.065 0.324 
 150   (0.565) 0.566 0.682 0.640 0.403 0.410 0.878 0.615 0.514 0.510 0.861 0.532 0.593 0.565 0.249 0.497 0.923 0.568 
 148   (0.059) 0.050 0.025 0.044 0.007 0.366 0.065 0.011 0.016 0.121 0.075 0.062 0.017 0.057 0.032 0.061 0.006 0.051 
 154   (0.038) 0.042 0.013 0.002 0.004 0.009 0.005 0.007 0.009 0.103 0.001 0.030 0.018 0.039 0.065 0.020 0.004 0.041 
 152   (0.014) 0.016 0.012 0.001 0.001 0.006 0.001 0.015 0.060 0.002 0.000 0.010 0.005 0.013 0.001 0.006 0.001 0.015 

Locus 33 : 33 
7 alleles
0.0% missing data
 180   (0.463) 0.477 0.409 0.673 0.698 0.514 0.364 0.402 0.173 0.533 0.610 0.485 0.412 0.471 0.357 0.486 0.426 0.481 
 196   (0.116) 0.116 0.103 0.007 0.013 0.025 0.206 0.130 0.224 0.049 0.188 0.101 0.107 0.113 0.025 0.090 0.119 0.114 
 184   (0.198) 0.179 0.078 0.070 0.265 0.084 0.125 0.343 0.468 0.277 0.146 0.158 0.203 0.191 0.186 0.143 0.429 0.170 
 194   (0.010) 0.006 0.002 0.001 0.001 0.002 0.032 0.001 0.002 0.002 0.040 0.004 0.003 0.008 0.001 0.003 0.001 0.006 
 192   (0.136) 0.141 0.289 0.182 0.015 0.357 0.013 0.108 0.115 0.097 0.005 0.118 0.202 0.142 0.165 0.085 0.015 0.146 
 198   (0.063) 0.070 0.020 0.066 0.007 0.015 0.259 0.011 0.013 0.020 0.011 0.124 0.054 0.062 0.266 0.187 0.009 0.072 
 190   (0.016) 0.012 0.099 0.001 0.001 0.003 0.002 0.006 0.005 0.022 0.000 0.008 0.019 0.014 0.001 0.006 0.001 0.011 

Locus 34 : 34 
6 alleles
0.0% missing data
 110   (0.187) 0.179 0.204 0.070 0.214 0.157 0.156 0.076 0.052 0.225 0.370 0.249 0.108 0.186 0.109 0.309 0.271 0.179 
 112   (0.349) 0.372 0.306 0.055 0.040 0.430 0.747 0.385 0.445 0.289 0.517 0.331 0.337 0.366 0.047 0.277 0.068 0.383 
 106   (0.277) 0.268 0.368 0.713 0.222 0.149 0.076 0.433 0.415 0.413 0.088 0.258 0.401 0.262 0.247 0.268 0.583 0.260 
  90   (0.038) 0.034 0.029 0.002 0.405 0.231 0.006 0.006 0.008 0.008 0.018 0.025 0.037 0.035 0.002 0.022 0.061 0.032 
 108   (0.140) 0.140 0.092 0.113 0.118 0.031 0.015 0.098 0.080 0.063 0.007 0.131 0.114 0.142 0.594 0.121 0.016 0.139 
  96   (0.009) 0.007 0.002 0.046 0.001 0.003 0.001 0.001 0.001 0.002 0.000 0.005 0.004 0.008 0.001 0.004 0.001 0.007 

Locus 35 : 35 
9 alleles
0.0% missing data
 166   (0.056) 0.055 0.031 0.004 0.007 0.120 0.192 0.156 0.032 0.053 0.290 0.040 0.019 0.052 0.003 0.028 0.009 0.052 
 176   (0.099) 0.090 0.027 0.015 0.012 0.033 0.387 0.014 0.021 0.225 0.130 0.078 0.133 0.095 0.098 0.064 0.022 0.087 
 172   (0.320) 0.334 0.432 0.586 0.040 0.251 0.199 0.426 0.421 0.132 0.451 0.434 0.192 0.325 0.164 0.553 0.451 0.337 
 170   (0.277) 0.259 0.197 0.326 0.615 0.202 0.158 0.220 0.293 0.520 0.121 0.218 0.260 0.273 0.350 0.172 0.483 0.254 
 174   (0.133) 0.137 0.255 0.062 0.015 0.369 0.015 0.153 0.034 0.047 0.005 0.109 0.321 0.131 0.042 0.080 0.012 0.138 
 178   (0.039) 0.043 0.015 0.002 0.005 0.010 0.042 0.009 0.054 0.007 0.001 0.050 0.023 0.045 0.002 0.043 0.015 0.045 
 168   (0.053) 0.063 0.021 0.003 0.304 0.012 0.005 0.019 0.017 0.012 0.001 0.050 0.046 0.056 0.323 0.041 0.005 0.064 
 186   (0.017) 0.015 0.020 0.001 0.002 0.003 0.002 0.002 0.127 0.003 0.000 0.016 0.004 0.017 0.018 0.017 0.001 0.018 
 158   (0.006) 0.006 0.001 0.000 0.001 0.001 0.001 0.001 0.001 0.001 0.000 0.004 0.002 0.006 0.000 0.003 0.000 0.005 

Locus 36 : 36 
6 alleles
0.0% missing data
  89   (0.573) 0.588 0.745 0.508 0.373 0.647 0.712 0.559 0.777 0.491 0.663 0.601 0.543 0.581 0.603 0.614 0.229 0.595 
  95   (0.061) 0.056 0.046 0.004 0.007 0.015 0.020 0.129 0.016 0.085 0.082 0.045 0.022 0.058 0.027 0.035 0.039 0.052 
  85   (0.162) 0.159 0.061 0.235 0.495 0.284 0.226 0.169 0.160 0.149 0.225 0.124 0.217 0.156 0.014 0.091 0.264 0.158 
  81   (0.063) 0.063 0.033 0.004 0.008 0.015 0.006 0.028 0.014 0.182 0.005 0.052 0.145 0.066 0.004 0.037 0.008 0.061 
  83   (0.124) 0.119 0.112 0.247 0.014 0.035 0.033 0.106 0.029 0.090 0.024 0.167 0.068 0.122 0.327 0.216 0.458 0.118 
  91   (0.019) 0.016 0.004 0.001 0.104 0.004 0.002 0.009 0.004 0.003 0.000 0.012 0.005 0.017 0.026 0.008 0.002 0.015 

Locus 37 : 37 
10 alleles
0.0% missing data
 161   (0.347) 0.325 0.319 0.374 0.431 0.427 0.536 0.269 0.117 0.397 0.578 0.344 0.531 0.338 0.709 0.367 0.087 0.319 
 165   (0.234) 0.242 0.171 0.098 0.132 0.090 0.272 0.337 0.250 0.183 0.164 0.284 0.141 0.238 0.112 0.337 0.061 0.237 
 159   (0.012) 0.014 0.002 0.001 0.001 0.002 0.008 0.004 0.002 0.002 0.036 0.009 0.003 0.012 0.001 0.005 0.001 0.014 
 173   (0.254) 0.262 0.369 0.516 0.224 0.417 0.082 0.189 0.430 0.387 0.126 0.220 0.198 0.256 0.169 0.175 0.163 0.266 
 169   (0.101) 0.102 0.112 0.006 0.206 0.054 0.097 0.122 0.185 0.021 0.087 0.091 0.107 0.101 0.006 0.083 0.684 0.107 
 167   (0.017) 0.020 0.019 0.002 0.002 0.004 0.002 0.003 0.003 0.003 0.009 0.015 0.008 0.017 0.001 0.010 0.002 0.021 
 168   (0.011) 0.011 0.002 0.001 0.001 0.002 0.001 0.001 0.002 0.002 0.000 0.010 0.003 0.011 0.001 0.006 0.001 0.010 
 155   (0.012) 0.015 0.003 0.001 0.001 0.002 0.001 0.002 0.002 0.002 0.000 0.018 0.006 0.015 0.001 0.012 0.001 0.018 
 177   (0.006) 0.004 0.002 0.000 0.001 0.002 0.001 0.001 0.001 0.001 0.000 0.003 0.003 0.005 0.000 0.003 0.000 0.004 
 175   (0.007) 0.005 0.001 0.000 0.001 0.001 0.001 0.072 0.008 0.001 0.000 0.003 0.002 0.006 0.000 0.002 0.001 0.004 

Locus 38 : 38 
6 alleles
0.6% missing data
  87   (0.093) 0.074 0.137 0.129 0.555 0.021 0.136 0.029 0.024 0.112 0.170 0.076 0.058 0.084 0.441 0.073 0.012 0.071 
  89   (0.440) 0.468 0.461 0.089 0.052 0.400 0.677 0.679 0.418 0.215 0.590 0.453 0.541 0.452 0.226 0.443 0.753 0.475 
  91   (0.161) 0.165 0.164 0.186 0.208 0.085 0.024 0.043 0.082 0.208 0.130 0.220 0.163 0.160 0.099 0.286 0.194 0.166 
  81   (0.117) 0.123 0.050 0.115 0.013 0.438 0.081 0.069 0.064 0.219 0.081 0.106 0.062 0.120 0.007 0.083 0.012 0.120 
  85   (0.182) 0.166 0.186 0.480 0.171 0.054 0.082 0.179 0.411 0.246 0.026 0.141 0.175 0.179 0.227 0.113 0.029 0.164 
  83   (0.006) 0.004 0.001 0.000 0.001 0.002 0.001 0.001 0.001 0.001 0.003 0.003 0.002 0.005 0.000 0.003 0.001 0.004 

Locus 39 : 39 
4 alleles
0.6% missing data
 167   (0.788) 0.780 0.867 0.859 0.684 0.804 0.926 0.682 0.935 0.948 0.911 0.808 0.879 0.784 0.391 0.853 0.933 0.781 
 161   (0.176) 0.181 0.105 0.138 0.312 0.183 0.070 0.224 0.058 0.045 0.088 0.165 0.105 0.181 0.460 0.130 0.060 0.180 
 165   (0.030) 0.034 0.026 0.002 0.003 0.011 0.003 0.092 0.006 0.006 0.001 0.022 0.014 0.029 0.149 0.013 0.006 0.034 
 177   (0.006) 0.005 0.002 0.001 0.001 0.001 0.001 0.001 0.001 0.001 0.000 0.004 0.002 0.006 0.000 0.004 0.000 0.005 

Locus 40 : 40 
6 alleles
0.4% missing data
 228   (0.415) 0.404 0.451 0.230 0.549 0.636 0.660 0.461 0.673 0.441 0.521 0.422 0.391 0.407 0.115 0.441 0.729 0.399 
 238   (0.339) 0.367 0.312 0.116 0.080 0.084 0.264 0.347 0.200 0.267 0.324 0.333 0.436 0.354 0.068 0.287 0.068 0.369 
 224   (0.023) 0.016 0.005 0.001 0.002 0.227 0.047 0.003 0.004 0.014 0.092 0.013 0.006 0.019 0.011 0.011 0.003 0.014 
 236   (0.105) 0.098 0.099 0.390 0.354 0.026 0.017 0.041 0.026 0.115 0.061 0.081 0.053 0.102 0.286 0.064 0.189 0.097 
 232   (0.012) 0.009 0.002 0.001 0.001 0.002 0.002 0.002 0.002 0.002 0.000 0.007 0.040 0.010 0.001 0.006 0.001 0.008 
 240   (0.106) 0.107 0.131 0.262 0.012 0.025 0.010 0.146 0.096 0.161 0.002 0.145 0.073 0.108 0.519 0.191 0.010 0.112 

Locus 41 : 41 
7 alleles
0.0% missing data
 128   (0.113) 0.108 0.135 0.031 0.012 0.242 0.063 0.296 0.043 0.070 0.138 0.130 0.143 0.107 0.006 0.160 0.233 0.105 
 130   (0.533) 0.544 0.537 0.782 0.060 0.512 0.587 0.386 0.477 0.518 0.611 0.578 0.555 0.539 0.738 0.597 0.694 0.548 
 114   (0.052) 0.047 0.015 0.003 0.500 0.010 0.040 0.007 0.011 0.077 0.111 0.039 0.029 0.051 0.003 0.029 0.033 0.046 
 132   (0.122) 0.119 0.128 0.046 0.014 0.028 0.292 0.160 0.410 0.151 0.132 0.101 0.146 0.122 0.007 0.092 0.019 0.121 
 118   (0.060) 0.057 0.112 0.130 0.204 0.029 0.006 0.094 0.019 0.011 0.002 0.043 0.050 0.057 0.072 0.035 0.008 0.058 
 134   (0.113) 0.120 0.072 0.007 0.209 0.179 0.012 0.056 0.038 0.171 0.006 0.106 0.075 0.119 0.174 0.084 0.013 0.118 
 136   (0.006) 0.005 0.001 0.000 0.001 0.001 0.001 0.001 0.001 0.001 0.000 0.003 0.002 0.006 0.000 0.002 0.001 0.004 

Locus 42 : 42 
6 alleles
1.2% missing data
 102   (0.270) 0.262 0.366 0.478 0.574 0.220 0.448 0.287 0.448 0.413 0.417 0.240 0.163 0.267 0.015 0.231 0.074 0.261 
 104   (0.407) 0.447 0.508 0.412 0.050 0.691 0.139 0.561 0.261 0.322 0.194 0.453 0.406 0.427 0.230 0.444 0.097 0.453 
  92   (0.108) 0.101 0.053 0.007 0.051 0.033 0.290 0.025 0.148 0.086 0.106 0.082 0.237 0.103 0.317 0.064 0.013 0.100 
  96   (0.072) 0.061 0.019 0.004 0.094 0.017 0.051 0.027 0.014 0.054 0.060 0.115 0.079 0.066 0.176 0.169 0.716 0.059 
  98   (0.138) 0.124 0.053 0.098 0.230 0.038 0.072 0.099 0.126 0.124 0.222 0.106 0.113 0.132 0.262 0.087 0.099 0.122 
 106   (0.006) 0.005 0.002 0.000 0.001 0.002 0.001 0.001 0.002 0.002 0.000 0.004 0.002 0.005 0.000 0.003 0.001 0.004 

Locus 43 : 43 
6 alleles
1.4% missing data
 101   (0.304) 0.307 0.289 0.181 0.035 0.208 0.223 0.226 0.439 0.473 0.474 0.242 0.424 0.296 0.369 0.191 0.089 0.300 
 103   (0.318) 0.330 0.402 0.351 0.228 0.126 0.375 0.456 0.410 0.280 0.176 0.303 0.180 0.332 0.108 0.254 0.461 0.344 
  99   (0.142) 0.132 0.052 0.009 0.417 0.602 0.220 0.098 0.039 0.063 0.029 0.165 0.215 0.141 0.182 0.204 0.074 0.128 
  95   (0.213) 0.209 0.252 0.459 0.168 0.060 0.179 0.217 0.108 0.179 0.320 0.271 0.173 0.207 0.335 0.338 0.374 0.207 
  97   (0.017) 0.017 0.003 0.001 0.151 0.003 0.002 0.002 0.003 0.003 0.000 0.014 0.007 0.017 0.006 0.010 0.002 0.016 
  91   (0.006) 0.005 0.001 0.000 0.001 0.001 0.001 0.001 0.001 0.001 0.000 0.004 0.002 0.006 0.000 0.004 0.001 0.005 

Locus 44 : 44 
7 alleles
0.2% missing data
 177   (0.078) 0.084 0.051 0.005 0.009 0.016 0.167 0.053 0.023 0.064 0.064 0.069 0.030 0.081 0.111 0.057 0.009 0.088 
 191   (0.284) 0.300 0.337 0.097 0.279 0.330 0.110 0.131 0.126 0.303 0.184 0.331 0.263 0.301 0.636 0.348 0.053 0.307 
 181   (0.570) 0.547 0.598 0.864 0.521 0.574 0.716 0.729 0.840 0.618 0.751 0.549 0.676 0.551 0.135 0.565 0.932 0.536 
 189   (0.007) 0.004 0.001 0.030 0.001 0.001 0.001 0.001 0.001 0.001 0.000 0.003 0.002 0.005 0.000 0.002 0.000 0.004 
 179   (0.043) 0.050 0.009 0.003 0.188 0.076 0.004 0.005 0.007 0.011 0.001 0.037 0.023 0.045 0.107 0.021 0.004 0.051 
 183   (0.009) 0.008 0.002 0.001 0.001 0.002 0.001 0.003 0.002 0.002 0.000 0.006 0.003 0.009 0.001 0.004 0.001 0.008 
 193   (0.010) 0.007 0.002 0.001 0.001 0.002 0.001 0.078 0.002 0.002 0.000 0.005 0.002 0.008 0.009 0.003 0.001 0.007 

Locus 45 : 45 
6 alleles
0.8% missing data
 205   (0.458) 0.484 0.406 0.405 0.248 0.530 0.552 0.553 0.523 0.534 0.504 0.514 0.354 0.474 0.310 0.545 0.867 0.490 
 211   (0.229) 0.228 0.167 0.274 0.341 0.296 0.111 0.098 0.230 0.186 0.251 0.204 0.370 0.228 0.394 0.179 0.045 0.230 
 207   (0.145) 0.140 0.180 0.201 0.018 0.054 0.193 0.234 0.209 0.091 0.127 0.115 0.093 0.143 0.071 0.087 0.065 0.134 
 201   (0.075) 0.062 0.176 0.005 0.382 0.023 0.105 0.022 0.020 0.083 0.068 0.080 0.101 0.069 0.039 0.089 0.012 0.062 
 215   (0.083) 0.077 0.069 0.114 0.010 0.096 0.038 0.091 0.015 0.105 0.049 0.061 0.080 0.077 0.179 0.053 0.010 0.076 
 202   (0.010) 0.008 0.002 0.001 0.001 0.002 0.001 0.002 0.002 0.002 0.000 0.027 0.003 0.009 0.007 0.048 0.001 0.008 

Locus 46 : 46 
10 alleles
1.0% missing data
 144   (0.064) 0.060 0.074 0.129 0.008 0.067 0.076 0.024 0.014 0.014 0.254 0.081 0.101 0.059 0.007 0.105 0.053 0.058 
 158   (0.157) 0.147 0.197 0.082 0.021 0.195 0.401 0.032 0.081 0.268 0.113 0.138 0.127 0.156 0.123 0.117 0.035 0.141 
 168   (0.142) 0.135 0.063 0.107 0.217 0.031 0.064 0.039 0.033 0.137 0.222 0.194 0.107 0.139 0.217 0.263 0.056 0.132 
 166   (0.137) 0.130 0.074 0.390 0.123 0.037 0.129 0.343 0.063 0.084 0.325 0.114 0.095 0.136 0.025 0.091 0.462 0.130 
 142   (0.361) 0.403 0.530 0.285 0.047 0.645 0.299 0.493 0.720 0.438 0.082 0.368 0.283 0.375 0.141 0.340 0.379 0.411 
 170   (0.016) 0.012 0.003 0.001 0.002 0.003 0.001 0.002 0.003 0.004 0.001 0.009 0.043 0.013 0.047 0.007 0.002 0.011 
 156   (0.028) 0.026 0.020 0.002 0.469 0.005 0.014 0.004 0.011 0.005 0.001 0.023 0.008 0.028 0.084 0.021 0.002 0.027 
 162   (0.047) 0.045 0.014 0.003 0.107 0.008 0.004 0.057 0.009 0.037 0.001 0.033 0.073 0.045 0.163 0.023 0.005 0.046 
 164   (0.042) 0.038 0.024 0.002 0.005 0.007 0.011 0.005 0.064 0.010 0.001 0.035 0.160 0.042 0.194 0.030 0.005 0.039 
 160   (0.006) 0.005 0.001 0.000 0.001 0.001 0.001 0.001 0.001 0.001 0.000 0.004 0.002 0.006 0.000 0.003 0.001 0.004 

Locus 47 : 47 
7 alleles
9.9% missing data
 149   (0.348) 0.370 0.323 0.334 0.347 0.508 0.181 0.403 0.366 0.082 0.207 0.417 0.294 0.353 0.771 0.469 0.468 0.367 
 151   (0.185) 0.169 0.210 0.012 0.083 0.355 0.584 0.106 0.166 0.372 0.207 0.152 0.160 0.183 0.086 0.132 0.121 0.170 
 153   (0.191) 0.202 0.293 0.024 0.029 0.070 0.131 0.420 0.307 0.176 0.367 0.172 0.147 0.195 0.042 0.139 0.105 0.204 
 147   (0.028) 0.023 0.008 0.002 0.004 0.007 0.029 0.004 0.006 0.005 0.034 0.021 0.069 0.026 0.002 0.018 0.003 0.022 
 145   (0.225) 0.219 0.161 0.627 0.533 0.054 0.071 0.064 0.152 0.360 0.183 0.224 0.297 0.224 0.041 0.229 0.301 0.220 
 152   (0.007) 0.004 0.002 0.000 0.001 0.003 0.001 0.001 0.001 0.001 0.002 0.005 0.003 0.005 0.001 0.004 0.001 0.004 
 143   (0.017) 0.012 0.003 0.001 0.002 0.003 0.002 0.002 0.003 0.003 0.000 0.010 0.031 0.015 0.057 0.008 0.001 0.012 

Values of parameters used in structure:
DATAFILE=temp2.str,	OUTFILE=k17/temp2_k17_run10,	NUMINDS=486,	NUMLOCI=47,	MISSING=-9,	LABEL=1,	POPDATA=1,	POPFLAG=0,	PHENOTYPE=0,	EXTRACOLS=0,	MAXPOPS=17,	BURNIN=500000,	NUMREPS=750000,	USEPOPINFO=0,	INFERALPHA=1,	INFERLAMBDA=0,	POPSPECIFICLAMBDA=0,	POPALPHAS=0,	COMPUTEPROB=1,	NOADMIX=0,	ADMBURNIN=500,	UPDATEFREQ=100,	PRINTLIKES=0,	INTERMEDSAVE=0,	PRINTKLD=0,	PRINTNET=1,	PRINTLAMBDA=1,	ANCESTDIST=0,	NUMBOXES=1000,	ANCESTPINT=0.90000,	GENSBACK=2,	MIGRPRIOR=0.01000,	PRINTQHAT=0,	PRINTQSUM=1,	ALPHA=1.0000,	FREQSCORR=1,	FPRIORMEAN=0.0100,	FPRIORSD=0.0500,	ONEFST=0,	LAMBDA=1.0000,	UNIFPRIORALPHA=1,	ALPHAMAX=10.0000,	ALPHAPRIORA=1.0000,	ALPHAPRIORB=2.0000,	ALPHAPROPSD=0.0250,	STARTATPOPINFO=0,	RANDOMIZE=0,	LINKAGE=0,	METROFREQ=10,	REPORTHITRATE=0,	MARKOVPHASE=0,	PHASED=1,	PLOIDY=2,	PHASEINFO=0	LOCPRIOR=0, 	LOCPRIORINIT=1.000000, 	LOCDATA=0, 	LOCISPOP=1, 	LOCPRIORSTEP=0.100000, 	MAXLOCPRIOR=20.000000, 	SEED=676985,	
[STRAT parameters]:    NUMSIMSTATS=1000,	PHENOTYPECOL=-9,	POOLFREQ=10,	LOCUSxONLY=0,	EMERROR=0.00100,	MISSINGPHENO=-9,	