

----------------------------------------------------
STRUCTURE by Pritchard, Stephens and Donnelly (2000)
     and Falush, Stephens and Pritchard (2003)
       Code by Pritchard, Falush and Hubisz
             Version 2.3.4 (Jul 2012)
----------------------------------------------------



Command line arguments:   structure -D 880188 -K 16 -m mainparams -o k16/temp2_k16_run9 
Input File:    temp2.str

Run parameters:
   486 individuals
   47 loci
   16 populations assumed
   500000 Burn-in period
   750000 Reps
RANDOMIZE turned off


--------------------------------------------
Proportion of membership of each pre-defined
 population in each of the 16 clusters

Given    Inferred Clusters                                                                                                  Number of
 Pop       1      2      3      4      5      6      7      8      9     10     11     12     13     14     15     16      Individuals

  1:     0.004  0.003  0.009  0.812  0.011  0.006  0.012  0.010  0.009  0.042  0.010  0.010  0.010  0.010  0.030  0.013       63
  2:     0.006  0.002  0.008  0.054  0.005  0.006  0.007  0.006  0.005  0.854  0.007  0.006  0.006  0.007  0.012  0.008       20
  3:     0.007  0.937  0.004  0.003  0.004  0.006  0.005  0.004  0.004  0.003  0.003  0.004  0.004  0.004  0.004  0.004       36
  4:     0.005  0.003  0.011  0.609  0.013  0.008  0.024  0.018  0.006  0.093  0.010  0.018  0.014  0.018  0.107  0.041       21
  5:     0.003  0.003  0.007  0.374  0.007  0.007  0.007  0.006  0.005  0.033  0.014  0.007  0.010  0.007  0.498  0.011       31
  6:     0.005  0.004  0.010  0.845  0.016  0.005  0.008  0.012  0.004  0.032  0.014  0.008  0.006  0.008  0.018  0.006       21
  7:     0.004  0.005  0.023  0.011  0.029  0.024  0.022  0.023  0.011  0.010  0.005  0.015  0.016  0.017  0.011  0.773       25
  8:     0.010  0.094  0.017  0.479  0.019  0.043  0.032  0.031  0.009  0.020  0.011  0.037  0.044  0.030  0.106  0.019        8
  9:     0.005  0.002  0.024  0.515  0.010  0.004  0.009  0.009  0.005  0.036  0.336  0.008  0.006  0.008  0.015  0.008       17
 10:     0.003  0.003  0.004  0.004  0.004  0.005  0.005  0.004  0.933  0.006  0.003  0.005  0.005  0.005  0.004  0.006       29
 11:     0.962  0.006  0.002  0.002  0.002  0.002  0.003  0.002  0.002  0.002  0.003  0.003  0.002  0.003  0.002  0.002        9
 12:     0.008  0.019  0.024  0.010  0.042  0.028  0.175  0.117  0.014  0.008  0.009  0.187  0.102  0.184  0.015  0.057       26
 13:     0.009  0.012  0.149  0.011  0.089  0.051  0.113  0.112  0.012  0.012  0.012  0.103  0.169  0.106  0.012  0.027       74
 14:     0.007  0.012  0.332  0.018  0.112  0.070  0.070  0.092  0.013  0.011  0.010  0.083  0.064  0.077  0.011  0.020       35
 15:     0.009  0.008  0.375  0.030  0.261  0.016  0.050  0.092  0.008  0.013  0.007  0.040  0.021  0.035  0.014  0.024       24
 16:     0.009  0.023  0.028  0.021  0.045  0.012  0.177  0.108  0.026  0.011  0.007  0.162  0.147  0.176  0.012  0.037       43
 17:     0.003  0.006  0.014  0.011  0.015  0.013  0.099  0.195  0.009  0.030  0.052  0.304  0.021  0.203  0.013  0.012        4
--------------------------------------------

Allele-freq. divergence among pops (Net nucleotide distance),
computed using point estimates of P.

      1       2       3       4       5       6       7       8       9      10      11      12      13      14      15      16      
 1      -    0.1134  0.1292  0.1421  0.1230  0.1658  0.0963  0.1069  0.1339  0.1747  0.2023  0.1017  0.1098  0.1004  0.1467  0.1074  
 2   0.1134     -    0.1265  0.1428  0.1117  0.1305  0.0808  0.0898  0.1228  0.1756  0.2158  0.0837  0.0931  0.0833  0.1409  0.1050  
 3   0.1292  0.1265     -    0.0470  0.0124  0.0617  0.0181  0.0153  0.0723  0.0625  0.1239  0.0197  0.0296  0.0196  0.0660  0.0380  
 4   0.1421  0.1428  0.0470     -    0.0475  0.0764  0.0283  0.0323  0.0822  0.0346  0.1050  0.0315  0.0337  0.0316  0.0449  0.0449  
 5   0.1230  0.1117  0.0124  0.0475     -    0.0542  0.0131  0.0083  0.0688  0.0628  0.1293  0.0149  0.0240  0.0145  0.0573  0.0325  
 6   0.1658  0.1305  0.0617  0.0764  0.0542     -    0.0456  0.0458  0.1051  0.0915  0.1494  0.0480  0.0614  0.0479  0.0807  0.0588  
 7   0.0963  0.0808  0.0181  0.0283  0.0131  0.0456     -    0.0021  0.0525  0.0516  0.1000  0.0011  0.0092  0.0009  0.0400  0.0176  
 8   0.1069  0.0898  0.0153  0.0323  0.0083  0.0458  0.0021     -    0.0584  0.0546  0.1026  0.0025  0.0125  0.0026  0.0456  0.0223  
 9   0.1339  0.1228  0.0723  0.0822  0.0688  0.1051  0.0525  0.0584     -    0.0971  0.1607  0.0562  0.0663  0.0557  0.0977  0.0616  
10   0.1747  0.1756  0.0625  0.0346  0.0628  0.0915  0.0516  0.0546  0.0971     -    0.1264  0.0548  0.0655  0.0551  0.0710  0.0673  
11   0.2023  0.2158  0.1239  0.1050  0.1293  0.1494  0.1000  0.1026  0.1607  0.1264     -    0.1027  0.1115  0.1036  0.1388  0.1217  
12   0.1017  0.0837  0.0197  0.0315  0.0149  0.0480  0.0011  0.0025  0.0562  0.0548  0.1027     -    0.0110  0.0002  0.0419  0.0209  
13   0.1098  0.0931  0.0296  0.0337  0.0240  0.0614  0.0092  0.0125  0.0663  0.0655  0.1115  0.0110     -    0.0108  0.0501  0.0261  
14   0.1004  0.0833  0.0196  0.0316  0.0145  0.0479  0.0009  0.0026  0.0557  0.0551  0.1036  0.0002  0.0108     -    0.0419  0.0204  
15   0.1467  0.1409  0.0660  0.0449  0.0573  0.0807  0.0400  0.0456  0.0977  0.0710  0.1388  0.0419  0.0501  0.0419     -    0.0598  
16   0.1074  0.1050  0.0380  0.0449  0.0325  0.0588  0.0176  0.0223  0.0616  0.0673  0.1217  0.0209  0.0261  0.0204  0.0598     -    

Average distances (expected heterozygosity) between individuals in same cluster:
cluster  1  : 0.5324 
cluster  2  : 0.6317 
cluster  3  : 0.5660 
cluster  4  : 0.5429 
cluster  5  : 0.5894 
cluster  6  : 0.5390 
cluster  7  : 0.6481 
cluster  8  : 0.6289 
cluster  9  : 0.5439 
cluster 10  : 0.4796 
cluster 11  : 0.4320 
cluster 12  : 0.6370 
cluster 13  : 0.6073 
cluster 14  : 0.6382 
cluster 15  : 0.5329 
cluster 16  : 0.5954 

--------------------------------------------
Estimated Ln Prob of Data   = -52399.8
Mean value of ln likelihood = -50025.8
Variance of ln likelihood   = 4747.9
Mean value of alpha         = 0.0342

Mean value of Fst_1         = 0.3106
Mean value of Fst_2         = 0.1903
Mean value of Fst_3         = 0.1040
Mean value of Fst_4         = 0.1432
Mean value of Fst_5         = 0.1140
Mean value of Fst_6         = 0.2390
Mean value of Fst_7         = 0.0003
Mean value of Fst_8         = 0.0500
Mean value of Fst_9         = 0.2153
Mean value of Fst_10         = 0.2262
Mean value of Fst_11         = 0.4083
Mean value of Fst_12         = 0.0321
Mean value of Fst_13         = 0.0570
Mean value of Fst_14         = 0.0291
Mean value of Fst_15         = 0.1906
Mean value of Fst_16         = 0.0934


Inferred ancestry of individuals:
        Label (%Miss) Pop:  Inferred clusters
  1      221    (0)    1 :  0.003 0.003 0.007 0.917 0.006 0.003 0.006 0.005 0.002 0.006 0.004 0.006 0.007 0.006 0.006 0.013 
  2      222    (0)    1 :  0.004 0.004 0.007 0.426 0.006 0.011 0.011 0.008 0.009 0.026 0.006 0.009 0.007 0.009 0.450 0.007 
  3      223    (0)    1 :  0.003 0.005 0.008 0.895 0.007 0.005 0.008 0.008 0.003 0.007 0.006 0.007 0.019 0.007 0.005 0.007 
  4      224    (0)    1 :  0.001 0.001 0.003 0.922 0.002 0.004 0.003 0.003 0.005 0.032 0.005 0.003 0.003 0.003 0.005 0.004 
  5      225    (0)    1 :  0.002 0.002 0.003 0.947 0.003 0.003 0.004 0.004 0.003 0.004 0.003 0.004 0.004 0.004 0.005 0.003 
  6      226    (0)    1 :  0.007 0.001 0.003 0.919 0.003 0.007 0.005 0.004 0.002 0.011 0.004 0.004 0.010 0.004 0.003 0.013 
  7      227    (0)    1 :  0.016 0.008 0.005 0.822 0.006 0.004 0.013 0.009 0.005 0.023 0.005 0.010 0.018 0.011 0.003 0.040 
  8      228    (0)    1 :  0.003 0.005 0.023 0.743 0.009 0.011 0.012 0.012 0.005 0.114 0.014 0.012 0.011 0.012 0.007 0.007 
  9      234    (0)    1 :  0.002 0.001 0.004 0.938 0.004 0.004 0.004 0.004 0.002 0.010 0.004 0.004 0.004 0.004 0.007 0.003 
 10      235    (0)    1 :  0.003 0.001 0.003 0.946 0.003 0.002 0.003 0.004 0.002 0.010 0.004 0.003 0.003 0.003 0.007 0.004 
 11      236    (0)    1 :  0.002 0.002 0.002 0.907 0.002 0.002 0.004 0.003 0.002 0.040 0.020 0.003 0.003 0.003 0.003 0.005 
 12      237    (0)    1 :  0.001 0.002 0.004 0.938 0.006 0.004 0.004 0.005 0.002 0.010 0.002 0.004 0.005 0.004 0.007 0.003 
 13      238    (0)    1 :  0.003 0.006 0.005 0.846 0.011 0.005 0.010 0.009 0.012 0.012 0.003 0.007 0.008 0.009 0.031 0.023 
 14      239    (0)    1 :  0.005 0.002 0.013 0.346 0.010 0.009 0.034 0.020 0.012 0.289 0.025 0.032 0.059 0.031 0.012 0.100 
 15      240    (0)    1 :  0.002 0.001 0.004 0.934 0.003 0.004 0.004 0.004 0.003 0.011 0.007 0.004 0.003 0.004 0.005 0.007 
 16      242    (0)    1 :  0.001 0.001 0.015 0.353 0.019 0.008 0.135 0.037 0.002 0.015 0.003 0.037 0.123 0.041 0.200 0.011 
 17      243    (0)    1 :  0.015 0.002 0.005 0.704 0.008 0.010 0.020 0.019 0.020 0.102 0.006 0.016 0.012 0.017 0.016 0.027 
 18      244    (0)    1 :  0.011 0.003 0.002 0.896 0.003 0.003 0.008 0.005 0.003 0.007 0.002 0.008 0.014 0.008 0.011 0.018 
 19      245    (0)    1 :  0.009 0.019 0.014 0.781 0.014 0.008 0.016 0.016 0.007 0.013 0.051 0.014 0.009 0.013 0.004 0.013 
 20      246    (0)    1 :  0.004 0.003 0.002 0.938 0.003 0.003 0.004 0.004 0.003 0.009 0.003 0.004 0.002 0.004 0.010 0.003 
 21      248    (0)    1 :  0.002 0.002 0.003 0.900 0.004 0.002 0.006 0.005 0.019 0.005 0.007 0.006 0.006 0.006 0.022 0.004 
 22      249    (0)    1 :  0.001 0.001 0.002 0.958 0.002 0.004 0.002 0.002 0.002 0.010 0.002 0.002 0.003 0.002 0.002 0.004 
 23      250    (0)    1 :  0.005 0.005 0.015 0.417 0.019 0.006 0.018 0.023 0.008 0.397 0.015 0.020 0.015 0.018 0.006 0.012 
 24      251    (0)    1 :  0.004 0.001 0.010 0.897 0.007 0.002 0.006 0.006 0.003 0.023 0.006 0.005 0.006 0.005 0.015 0.004 
 25      252    (0)    1 :  0.001 0.002 0.011 0.848 0.016 0.010 0.009 0.011 0.035 0.019 0.005 0.007 0.007 0.008 0.003 0.007 
 26      253    (0)    1 :  0.004 0.018 0.004 0.449 0.005 0.005 0.040 0.024 0.026 0.327 0.008 0.026 0.024 0.029 0.003 0.010 
 27      254    (0)    1 :  0.002 0.001 0.004 0.922 0.005 0.003 0.005 0.006 0.003 0.014 0.004 0.006 0.007 0.006 0.004 0.008 
 28      255    (0)    1 :  0.002 0.003 0.007 0.687 0.007 0.004 0.015 0.011 0.006 0.008 0.018 0.017 0.010 0.018 0.145 0.041 
 29      256    (0)    1 :  0.002 0.004 0.004 0.883 0.006 0.011 0.009 0.010 0.002 0.006 0.003 0.008 0.004 0.008 0.036 0.004 
 30      257    (0)    1 :  0.003 0.002 0.008 0.914 0.008 0.003 0.006 0.006 0.008 0.003 0.003 0.007 0.007 0.006 0.004 0.013 
 31      258    (0)    1 :  0.002 0.004 0.011 0.869 0.011 0.004 0.010 0.008 0.003 0.016 0.010 0.007 0.007 0.008 0.020 0.010 
 32      259    (0)    1 :  0.002 0.002 0.009 0.810 0.015 0.005 0.012 0.014 0.003 0.061 0.002 0.021 0.010 0.017 0.011 0.007 
 33      260    (0)    1 :  0.006 0.002 0.005 0.748 0.005 0.003 0.008 0.007 0.085 0.045 0.031 0.006 0.004 0.006 0.005 0.034 
 34      261    (0)    1 :  0.002 0.001 0.047 0.693 0.104 0.006 0.018 0.026 0.010 0.029 0.003 0.014 0.004 0.015 0.006 0.020 
 35      262    (0)    1 :  0.001 0.001 0.003 0.951 0.002 0.003 0.002 0.002 0.002 0.016 0.002 0.002 0.002 0.002 0.006 0.002 
 36      263    (0)    1 :  0.004 0.003 0.004 0.875 0.006 0.005 0.006 0.005 0.022 0.007 0.005 0.005 0.004 0.005 0.011 0.034 
 37      264    (0)    1 :  0.001 0.001 0.006 0.900 0.007 0.013 0.005 0.005 0.003 0.026 0.003 0.005 0.004 0.005 0.009 0.006 
 38      265    (0)    1 :  0.002 0.001 0.006 0.839 0.005 0.005 0.006 0.005 0.047 0.019 0.007 0.006 0.003 0.006 0.023 0.020 
 39      266    (0)    1 :  0.001 0.001 0.003 0.845 0.003 0.003 0.004 0.004 0.003 0.104 0.007 0.004 0.003 0.004 0.008 0.003 
 40      267    (0)    1 :  0.002 0.001 0.003 0.944 0.002 0.003 0.003 0.003 0.001 0.006 0.002 0.003 0.004 0.003 0.016 0.003 
 41      268    (0)    1 :  0.008 0.001 0.006 0.797 0.009 0.005 0.008 0.008 0.064 0.058 0.004 0.007 0.007 0.008 0.004 0.008 
 42      269    (0)    1 :  0.001 0.001 0.004 0.913 0.005 0.003 0.003 0.003 0.002 0.024 0.020 0.003 0.003 0.003 0.006 0.004 
 43      270    (0)    1 :  0.002 0.001 0.003 0.940 0.003 0.017 0.003 0.003 0.002 0.005 0.003 0.003 0.004 0.003 0.003 0.005 
 44      271    (0)    1 :  0.003 0.007 0.010 0.725 0.031 0.007 0.022 0.024 0.011 0.007 0.061 0.023 0.015 0.032 0.009 0.012 
 45      272    (0)    1 :  0.006 0.001 0.021 0.309 0.046 0.021 0.038 0.031 0.005 0.025 0.012 0.031 0.009 0.027 0.410 0.008 
 46      273    (0)    1 :  0.002 0.003 0.017 0.737 0.009 0.020 0.015 0.012 0.003 0.055 0.010 0.018 0.018 0.017 0.014 0.051 
 47      274    (0)    1 :  0.003 0.002 0.007 0.928 0.007 0.003 0.004 0.004 0.005 0.007 0.006 0.004 0.004 0.005 0.003 0.008 
 48      275    (2)    1 :  0.001 0.001 0.004 0.950 0.003 0.003 0.003 0.003 0.002 0.003 0.003 0.003 0.004 0.003 0.006 0.005 
 49      276    (0)    1 :  0.002 0.001 0.006 0.930 0.008 0.004 0.005 0.006 0.004 0.006 0.004 0.005 0.006 0.005 0.004 0.004 
 50      277    (0)    1 :  0.001 0.001 0.047 0.718 0.076 0.008 0.010 0.050 0.002 0.024 0.016 0.017 0.006 0.011 0.003 0.009 
 51      278    (0)    1 :  0.007 0.001 0.014 0.846 0.042 0.002 0.007 0.015 0.005 0.009 0.004 0.010 0.009 0.012 0.012 0.005 
 52      279    (0)    1 :  0.002 0.002 0.006 0.734 0.008 0.005 0.013 0.014 0.003 0.128 0.003 0.021 0.011 0.022 0.021 0.007 
 53      280    (0)    1 :  0.003 0.003 0.026 0.697 0.018 0.004 0.014 0.016 0.005 0.067 0.076 0.013 0.014 0.014 0.007 0.023 
 54      287    (0)    1 :  0.005 0.003 0.011 0.830 0.009 0.006 0.019 0.017 0.006 0.031 0.003 0.017 0.008 0.016 0.004 0.016 
 55      290    (0)    1 :  0.006 0.002 0.009 0.856 0.009 0.013 0.009 0.009 0.002 0.007 0.005 0.013 0.007 0.010 0.036 0.008 
 56      291    (0)    1 :  0.003 0.002 0.035 0.800 0.018 0.004 0.012 0.017 0.007 0.042 0.016 0.014 0.006 0.013 0.003 0.008 
 57      295    (0)    1 :  0.001 0.001 0.033 0.751 0.009 0.004 0.005 0.006 0.003 0.157 0.003 0.005 0.003 0.005 0.008 0.006 
 58      296    (0)    1 :  0.003 0.002 0.003 0.929 0.004 0.010 0.004 0.005 0.004 0.008 0.005 0.004 0.007 0.004 0.006 0.003 
 59      872    (2)    1 :  0.007 0.005 0.005 0.738 0.006 0.006 0.007 0.006 0.008 0.069 0.004 0.006 0.004 0.007 0.118 0.006 
 60      873    (4)    1 :  0.004 0.003 0.003 0.864 0.006 0.016 0.018 0.009 0.003 0.010 0.009 0.009 0.009 0.009 0.019 0.011 
 61      874    (2)    1 :  0.001 0.001 0.008 0.903 0.016 0.004 0.005 0.007 0.003 0.017 0.002 0.004 0.007 0.004 0.011 0.005 
 62      875    (0)    1 :  0.018 0.003 0.005 0.902 0.004 0.003 0.006 0.005 0.002 0.009 0.006 0.005 0.005 0.005 0.013 0.006 
 63      876    (6)    1 :  0.001 0.002 0.011 0.885 0.010 0.004 0.007 0.008 0.010 0.006 0.005 0.006 0.015 0.007 0.004 0.018 
 64      212    (0)   10 :  0.001 0.002 0.004 0.002 0.004 0.003 0.002 0.003 0.961 0.003 0.002 0.003 0.003 0.003 0.004 0.002 
 65      213    (0)   10 :  0.003 0.002 0.006 0.006 0.006 0.003 0.004 0.005 0.937 0.002 0.008 0.004 0.006 0.004 0.002 0.003 
 66      214    (0)   10 :  0.001 0.003 0.003 0.005 0.005 0.002 0.005 0.005 0.937 0.002 0.002 0.005 0.006 0.006 0.006 0.006 
 67      215    (0)   10 :  0.003 0.002 0.007 0.005 0.004 0.003 0.004 0.004 0.941 0.005 0.003 0.004 0.004 0.004 0.004 0.004 
 68      216    (0)   10 :  0.002 0.001 0.004 0.004 0.004 0.004 0.003 0.004 0.948 0.009 0.004 0.003 0.002 0.003 0.002 0.003 
 69      217    (0)   10 :  0.002 0.002 0.004 0.004 0.004 0.006 0.005 0.005 0.930 0.006 0.004 0.005 0.009 0.005 0.004 0.003 
 70      218    (0)   10 :  0.002 0.003 0.003 0.003 0.003 0.004 0.003 0.003 0.957 0.005 0.002 0.003 0.003 0.003 0.002 0.003 
 71      332    (0)   10 :  0.005 0.002 0.008 0.008 0.009 0.032 0.008 0.009 0.859 0.011 0.003 0.006 0.011 0.006 0.008 0.015 
 72      333    (0)   10 :  0.010 0.008 0.007 0.009 0.005 0.006 0.015 0.009 0.840 0.013 0.004 0.011 0.010 0.013 0.014 0.026 
 73      334    (0)   10 :  0.003 0.002 0.004 0.005 0.005 0.006 0.005 0.004 0.914 0.026 0.003 0.004 0.005 0.004 0.002 0.007 
 74      335    (0)   10 :  0.002 0.002 0.005 0.002 0.003 0.002 0.003 0.003 0.961 0.003 0.002 0.003 0.003 0.003 0.002 0.003 
 75      336    (0)   10 :  0.014 0.002 0.002 0.003 0.002 0.003 0.003 0.002 0.945 0.003 0.004 0.002 0.002 0.002 0.005 0.005 
 76      337    (0)   10 :  0.002 0.003 0.003 0.007 0.003 0.002 0.005 0.004 0.922 0.015 0.002 0.005 0.006 0.005 0.008 0.010 
 77      673    (0)   10 :  0.001 0.001 0.002 0.002 0.002 0.001 0.001 0.001 0.978 0.002 0.001 0.001 0.001 0.001 0.001 0.002 
 78      674    (0)   10 :  0.002 0.002 0.004 0.003 0.005 0.007 0.006 0.004 0.939 0.004 0.002 0.005 0.003 0.005 0.005 0.005 
 79      675    (0)   10 :  0.005 0.002 0.006 0.003 0.004 0.003 0.004 0.005 0.943 0.003 0.004 0.004 0.003 0.004 0.002 0.005 
 80      676    (0)   10 :  0.001 0.002 0.008 0.003 0.006 0.005 0.004 0.005 0.935 0.003 0.001 0.005 0.008 0.004 0.002 0.006 
 81      677    (0)   10 :  0.002 0.002 0.004 0.005 0.004 0.002 0.004 0.003 0.944 0.010 0.002 0.004 0.004 0.004 0.002 0.004 
 82      678    (0)   10 :  0.004 0.003 0.007 0.008 0.006 0.003 0.010 0.009 0.896 0.005 0.004 0.012 0.007 0.011 0.011 0.003 
 83      679    (0)   10 :  0.002 0.025 0.003 0.004 0.004 0.014 0.007 0.006 0.902 0.006 0.001 0.007 0.005 0.006 0.002 0.007 
 84      680    (0)   10 :  0.005 0.002 0.007 0.004 0.007 0.007 0.006 0.006 0.916 0.011 0.003 0.005 0.004 0.005 0.003 0.012 
 85      681    (0)   10 :  0.002 0.002 0.004 0.006 0.004 0.004 0.006 0.005 0.927 0.011 0.002 0.005 0.007 0.005 0.003 0.006 
 86      682    (0)   10 :  0.004 0.002 0.002 0.002 0.002 0.002 0.002 0.002 0.967 0.002 0.003 0.002 0.002 0.002 0.002 0.002 
 87      683    (0)   10 :  0.002 0.002 0.004 0.004 0.005 0.006 0.006 0.005 0.925 0.013 0.003 0.005 0.004 0.006 0.003 0.007 
 88      684    (0)   10 :  0.003 0.002 0.005 0.002 0.006 0.003 0.005 0.005 0.940 0.003 0.002 0.006 0.003 0.006 0.003 0.006 
 89      685    (0)   10 :  0.003 0.004 0.003 0.003 0.003 0.003 0.005 0.005 0.933 0.002 0.003 0.006 0.004 0.006 0.007 0.009 
 90      686    (0)   10 :  0.003 0.004 0.002 0.002 0.002 0.002 0.002 0.002 0.965 0.002 0.002 0.002 0.002 0.002 0.002 0.003 
 91      687    (0)   10 :  0.002 0.001 0.003 0.002 0.002 0.002 0.002 0.002 0.967 0.002 0.002 0.002 0.002 0.002 0.002 0.003 
 92      688    (0)   10 :  0.002 0.001 0.006 0.008 0.010 0.004 0.004 0.004 0.935 0.003 0.003 0.003 0.004 0.003 0.004 0.005 
 93      070    (0)   11 :  0.951 0.008 0.002 0.003 0.003 0.002 0.005 0.004 0.002 0.002 0.001 0.005 0.003 0.005 0.003 0.003 
 94      071    (0)   11 :  0.956 0.001 0.003 0.002 0.003 0.002 0.003 0.003 0.006 0.002 0.006 0.003 0.003 0.003 0.002 0.004 
 95      072    (0)   11 :  0.971 0.005 0.002 0.002 0.002 0.001 0.002 0.002 0.001 0.001 0.003 0.002 0.002 0.002 0.002 0.002 
 96      151    (0)   11 :  0.978 0.002 0.002 0.001 0.002 0.001 0.001 0.001 0.001 0.001 0.001 0.001 0.001 0.001 0.001 0.002 
 97      152    (0)   11 :  0.944 0.002 0.005 0.002 0.003 0.002 0.006 0.004 0.002 0.003 0.005 0.006 0.005 0.006 0.002 0.004 
 98      153    (2)   11 :  0.979 0.002 0.001 0.001 0.001 0.001 0.001 0.001 0.001 0.001 0.001 0.002 0.001 0.002 0.002 0.002 
 99      788    (4)   11 :  0.938 0.028 0.003 0.002 0.003 0.001 0.003 0.003 0.002 0.002 0.003 0.003 0.002 0.002 0.001 0.002 
100      789    (2)   11 :  0.971 0.002 0.002 0.002 0.002 0.001 0.002 0.002 0.003 0.002 0.002 0.002 0.002 0.002 0.002 0.002 
101      790    (0)   11 :  0.972 0.001 0.002 0.002 0.001 0.001 0.002 0.002 0.001 0.002 0.003 0.002 0.002 0.002 0.002 0.002 
102      010    (0)   12 :  0.002 0.012 0.005 0.005 0.008 0.007 0.067 0.115 0.004 0.003 0.007 0.387 0.017 0.345 0.007 0.009 
103      024    (0)   12 :  0.005 0.045 0.016 0.006 0.034 0.007 0.419 0.102 0.009 0.005 0.006 0.150 0.017 0.161 0.006 0.011 
104      051    (0)   12 :  0.013 0.048 0.006 0.005 0.007 0.005 0.112 0.082 0.008 0.005 0.004 0.205 0.025 0.189 0.007 0.279 
105      090    (0)   12 :  0.007 0.023 0.014 0.007 0.013 0.014 0.294 0.141 0.005 0.005 0.003 0.141 0.091 0.168 0.008 0.067 
106      102    (0)   12 :  0.002 0.002 0.076 0.028 0.107 0.013 0.121 0.266 0.003 0.013 0.004 0.157 0.041 0.119 0.030 0.019 
107      111    (0)   12 :  0.002 0.004 0.009 0.006 0.024 0.005 0.099 0.126 0.004 0.003 0.072 0.277 0.077 0.259 0.021 0.011 
108      113    (0)   12 :  0.006 0.005 0.031 0.005 0.047 0.008 0.098 0.091 0.005 0.006 0.003 0.283 0.061 0.231 0.037 0.083 
109      138    (0)   12 :  0.046 0.006 0.011 0.011 0.011 0.003 0.086 0.048 0.076 0.003 0.002 0.059 0.553 0.065 0.003 0.017 
110      150    (0)   12 :  0.015 0.029 0.083 0.023 0.398 0.007 0.028 0.234 0.004 0.005 0.002 0.016 0.070 0.014 0.006 0.067 
111      173    (2)   12 :  0.021 0.019 0.027 0.004 0.024 0.037 0.391 0.051 0.012 0.009 0.007 0.096 0.026 0.097 0.006 0.173 
112      174    (2)   12 :  0.022 0.028 0.005 0.009 0.008 0.005 0.052 0.062 0.004 0.005 0.004 0.288 0.263 0.207 0.026 0.014 
113      175    (0)   12 :  0.006 0.074 0.007 0.003 0.015 0.006 0.225 0.078 0.003 0.002 0.002 0.248 0.023 0.258 0.014 0.037 
114      176    (0)   12 :  0.005 0.004 0.005 0.015 0.015 0.003 0.137 0.138 0.010 0.012 0.007 0.330 0.015 0.283 0.015 0.007 
115      177    (0)   12 :  0.003 0.009 0.016 0.003 0.024 0.005 0.141 0.067 0.002 0.003 0.002 0.216 0.051 0.168 0.008 0.282 
116      180    (0)   12 :  0.004 0.002 0.005 0.023 0.006 0.004 0.138 0.072 0.006 0.014 0.004 0.185 0.119 0.186 0.103 0.129 
117      184    (0)   12 :  0.015 0.010 0.019 0.005 0.062 0.046 0.133 0.074 0.006 0.009 0.005 0.068 0.434 0.094 0.004 0.016 
118      195    (0)   12 :  0.005 0.008 0.011 0.004 0.015 0.006 0.208 0.103 0.014 0.013 0.031 0.267 0.015 0.283 0.003 0.015 
119      198    (0)   12 :  0.003 0.009 0.007 0.013 0.013 0.003 0.169 0.103 0.007 0.005 0.035 0.142 0.314 0.137 0.017 0.021 
120      203    (0)   12 :  0.009 0.002 0.008 0.006 0.023 0.010 0.128 0.151 0.005 0.009 0.003 0.243 0.011 0.372 0.009 0.011 
121      211    (0)   12 :  0.003 0.004 0.015 0.020 0.036 0.004 0.231 0.097 0.076 0.031 0.003 0.238 0.029 0.202 0.004 0.008 
122      220    (0)   12 :  0.002 0.005 0.028 0.005 0.163 0.011 0.125 0.225 0.010 0.003 0.008 0.133 0.041 0.148 0.009 0.084 
123      233    (0)   12 :  0.006 0.002 0.192 0.007 0.008 0.027 0.295 0.112 0.045 0.014 0.002 0.115 0.017 0.136 0.003 0.019 
124      331    (0)   12 :  0.007 0.027 0.006 0.005 0.014 0.008 0.182 0.165 0.005 0.007 0.009 0.221 0.020 0.286 0.006 0.034 
125      349    (0)   12 :  0.009 0.108 0.010 0.010 0.008 0.459 0.088 0.061 0.006 0.004 0.006 0.075 0.012 0.090 0.010 0.045 
126      410    (0)   12 :  0.003 0.005 0.004 0.009 0.006 0.005 0.415 0.054 0.024 0.004 0.003 0.096 0.209 0.138 0.010 0.017 
127      417    (2)   12 :  0.002 0.005 0.007 0.027 0.013 0.008 0.156 0.237 0.005 0.019 0.007 0.234 0.105 0.160 0.007 0.007 
128      421    (0)   13 :  0.002 0.001 0.830 0.008 0.010 0.010 0.007 0.008 0.005 0.008 0.075 0.008 0.009 0.012 0.003 0.004 
129      423    (0)   13 :  0.008 0.008 0.004 0.006 0.013 0.027 0.183 0.117 0.002 0.004 0.003 0.241 0.037 0.326 0.009 0.010 
130      424    (0)   13 :  0.002 0.011 0.006 0.013 0.013 0.008 0.106 0.052 0.003 0.014 0.005 0.069 0.178 0.091 0.029 0.400 
131      433    (0)   13 :  0.002 0.009 0.186 0.004 0.153 0.004 0.041 0.268 0.017 0.004 0.002 0.105 0.145 0.050 0.004 0.007 
132      462    (0)   13 :  0.002 0.006 0.101 0.009 0.028 0.015 0.136 0.123 0.023 0.003 0.006 0.202 0.078 0.163 0.009 0.096 
133      463    (0)   13 :  0.003 0.030 0.007 0.016 0.012 0.065 0.199 0.090 0.004 0.007 0.019 0.213 0.090 0.234 0.005 0.007 
134      467    (0)   13 :  0.008 0.008 0.561 0.013 0.147 0.014 0.021 0.083 0.011 0.077 0.004 0.014 0.008 0.013 0.005 0.013 
135      468    (0)   13 :  0.003 0.002 0.060 0.017 0.024 0.795 0.009 0.014 0.002 0.011 0.026 0.008 0.007 0.008 0.006 0.008 
136      469    (0)   13 :  0.002 0.002 0.180 0.060 0.086 0.004 0.078 0.253 0.002 0.009 0.032 0.116 0.068 0.093 0.008 0.006 
137      472    (0)   13 :  0.004 0.020 0.021 0.006 0.015 0.007 0.416 0.102 0.007 0.009 0.013 0.178 0.025 0.165 0.002 0.009 
138      473    (0)   13 :  0.003 0.011 0.006 0.002 0.012 0.808 0.024 0.026 0.008 0.007 0.005 0.027 0.020 0.028 0.004 0.007 
139      474    (0)   13 :  0.001 0.001 0.020 0.007 0.568 0.104 0.004 0.253 0.007 0.006 0.002 0.004 0.010 0.004 0.003 0.004 
140      475    (0)   13 :  0.003 0.013 0.289 0.004 0.049 0.032 0.076 0.123 0.003 0.003 0.003 0.162 0.035 0.188 0.006 0.011 
141      476    (2)   13 :  0.009 0.013 0.011 0.003 0.553 0.113 0.008 0.243 0.012 0.003 0.002 0.006 0.004 0.007 0.006 0.005 
142      477    (0)   13 :  0.005 0.010 0.017 0.009 0.016 0.013 0.174 0.348 0.018 0.003 0.003 0.224 0.012 0.135 0.005 0.008 
143      478    (0)   13 :  0.002 0.003 0.042 0.009 0.110 0.004 0.227 0.140 0.003 0.034 0.003 0.163 0.009 0.168 0.067 0.016 
144      479    (0)   13 :  0.003 0.001 0.083 0.014 0.341 0.005 0.013 0.161 0.003 0.009 0.015 0.010 0.318 0.010 0.005 0.010 
145      480    (0)   13 :  0.002 0.002 0.923 0.002 0.010 0.014 0.006 0.007 0.002 0.003 0.001 0.006 0.006 0.007 0.004 0.005 
146      481    (0)   13 :  0.045 0.008 0.024 0.005 0.076 0.016 0.266 0.108 0.003 0.008 0.004 0.119 0.175 0.118 0.011 0.014 
147      482    (0)   13 :  0.002 0.005 0.064 0.005 0.087 0.004 0.118 0.080 0.054 0.003 0.077 0.189 0.100 0.191 0.005 0.017 
148      489    (0)   13 :  0.004 0.030 0.035 0.005 0.012 0.025 0.167 0.107 0.014 0.003 0.006 0.256 0.051 0.270 0.006 0.008 
149      490    (0)   13 :  0.003 0.005 0.011 0.017 0.011 0.004 0.015 0.010 0.003 0.008 0.005 0.019 0.845 0.027 0.007 0.011 
150      491    (0)   13 :  0.009 0.002 0.018 0.005 0.025 0.010 0.267 0.073 0.123 0.003 0.009 0.096 0.106 0.159 0.004 0.091 
151      492    (0)   13 :  0.003 0.008 0.011 0.012 0.510 0.106 0.015 0.228 0.010 0.012 0.003 0.015 0.009 0.014 0.037 0.007 
152      493    (0)   13 :  0.008 0.016 0.094 0.007 0.429 0.006 0.033 0.262 0.006 0.017 0.005 0.053 0.006 0.038 0.004 0.017 
153      494    (0)   13 :  0.024 0.027 0.232 0.005 0.025 0.011 0.089 0.070 0.042 0.004 0.012 0.093 0.265 0.079 0.004 0.018 
154      498    (0)   13 :  0.007 0.011 0.008 0.023 0.070 0.048 0.354 0.085 0.004 0.010 0.003 0.119 0.116 0.122 0.013 0.007 
155      499    (0)   13 :  0.003 0.007 0.010 0.010 0.041 0.006 0.153 0.111 0.007 0.012 0.003 0.222 0.024 0.340 0.005 0.046 
156      709    (0)   13 :  0.071 0.016 0.008 0.009 0.026 0.004 0.286 0.093 0.011 0.006 0.018 0.124 0.165 0.142 0.009 0.012 
157      710    (4)   13 :  0.005 0.057 0.208 0.008 0.021 0.006 0.070 0.294 0.003 0.006 0.011 0.174 0.016 0.115 0.004 0.003 
158      711    (2)   13 :  0.006 0.003 0.014 0.010 0.011 0.007 0.192 0.134 0.003 0.045 0.022 0.203 0.040 0.155 0.059 0.096 
159      712    (4)   13 :  0.002 0.002 0.007 0.007 0.006 0.003 0.007 0.010 0.003 0.004 0.004 0.009 0.912 0.008 0.007 0.009 
160      713    (0)   13 :  0.004 0.028 0.003 0.005 0.007 0.010 0.189 0.127 0.008 0.003 0.021 0.226 0.011 0.346 0.005 0.008 
161      714    (2)   13 :  0.014 0.007 0.326 0.013 0.319 0.058 0.027 0.135 0.002 0.006 0.005 0.027 0.007 0.028 0.007 0.020 
162      715    (4)   13 :  0.011 0.004 0.669 0.017 0.045 0.003 0.014 0.016 0.032 0.103 0.011 0.013 0.021 0.011 0.010 0.021 
163      716    (0)   13 :  0.002 0.002 0.183 0.003 0.518 0.005 0.012 0.213 0.004 0.004 0.005 0.016 0.011 0.015 0.005 0.004 
164      717    (2)   13 :  0.003 0.006 0.118 0.006 0.228 0.010 0.055 0.125 0.012 0.010 0.008 0.120 0.014 0.153 0.123 0.011 
165      718    (4)   13 :  0.002 0.003 0.017 0.014 0.012 0.005 0.016 0.029 0.002 0.004 0.010 0.018 0.831 0.016 0.005 0.016 
166      719    (0)   13 :  0.002 0.002 0.954 0.003 0.005 0.003 0.004 0.004 0.002 0.003 0.004 0.004 0.004 0.004 0.002 0.002 
167      720    (2)   13 :  0.002 0.007 0.582 0.008 0.047 0.012 0.032 0.148 0.011 0.007 0.010 0.069 0.007 0.043 0.006 0.010 
168      721    (0)   13 :  0.036 0.007 0.041 0.005 0.329 0.048 0.056 0.245 0.006 0.004 0.013 0.096 0.022 0.066 0.005 0.020 
169      722    (4)   13 :  0.002 0.002 0.763 0.008 0.044 0.054 0.006 0.045 0.002 0.019 0.023 0.008 0.009 0.005 0.005 0.005 
170      723    (0)   13 :  0.007 0.003 0.845 0.004 0.029 0.003 0.029 0.022 0.006 0.002 0.002 0.015 0.006 0.017 0.007 0.003 
171      724    (0)   13 :  0.005 0.022 0.596 0.012 0.115 0.011 0.024 0.066 0.009 0.017 0.066 0.015 0.008 0.015 0.009 0.007 
172      725    (0)   13 :  0.004 0.019 0.028 0.005 0.015 0.016 0.247 0.116 0.010 0.004 0.009 0.266 0.020 0.221 0.008 0.012 
173      726    (0)   13 :  0.006 0.012 0.025 0.003 0.080 0.044 0.125 0.401 0.005 0.005 0.010 0.155 0.018 0.102 0.003 0.007 
174      727    (0)   13 :  0.009 0.002 0.015 0.004 0.241 0.009 0.066 0.205 0.012 0.006 0.008 0.186 0.074 0.146 0.003 0.014 
175      728    (2)   13 :  0.099 0.006 0.012 0.009 0.012 0.003 0.276 0.138 0.006 0.005 0.010 0.193 0.008 0.197 0.015 0.011 
176      729    (6)   13 :  0.005 0.004 0.030 0.006 0.034 0.003 0.335 0.208 0.004 0.003 0.004 0.149 0.051 0.143 0.005 0.015 
177      730    (2)   13 :  0.006 0.003 0.055 0.010 0.016 0.002 0.030 0.022 0.005 0.007 0.013 0.051 0.710 0.050 0.009 0.011 
178      731    (2)   13 :  0.002 0.004 0.005 0.009 0.005 0.006 0.020 0.018 0.002 0.004 0.004 0.012 0.884 0.018 0.004 0.005 
179      732    (0)   13 :  0.002 0.009 0.021 0.007 0.104 0.008 0.134 0.211 0.006 0.021 0.006 0.260 0.011 0.178 0.011 0.010 
180      733    (0)   13 :  0.004 0.016 0.044 0.015 0.029 0.003 0.173 0.240 0.003 0.004 0.043 0.196 0.077 0.127 0.009 0.016 
181      734    (2)   13 :  0.008 0.040 0.013 0.011 0.087 0.004 0.161 0.109 0.086 0.008 0.001 0.148 0.056 0.166 0.007 0.095 
182      735    (4)   13 :  0.003 0.002 0.041 0.006 0.009 0.053 0.172 0.157 0.008 0.003 0.008 0.145 0.137 0.214 0.008 0.035 
183      736    (2)   13 :  0.018 0.011 0.006 0.005 0.021 0.004 0.087 0.082 0.025 0.003 0.003 0.195 0.303 0.214 0.004 0.019 
184      737    (0)   13 :  0.012 0.003 0.003 0.012 0.009 0.015 0.044 0.021 0.004 0.005 0.004 0.043 0.740 0.040 0.028 0.017 
185      738    (2)   13 :  0.003 0.005 0.007 0.007 0.010 0.004 0.093 0.041 0.005 0.009 0.003 0.128 0.466 0.125 0.005 0.088 
186      739    (8)   13 :  0.014 0.002 0.029 0.010 0.015 0.010 0.035 0.019 0.006 0.004 0.004 0.037 0.768 0.031 0.004 0.011 
187      740    (4)   13 :  0.002 0.006 0.063 0.006 0.024 0.004 0.086 0.041 0.002 0.004 0.016 0.046 0.651 0.042 0.005 0.004 
188      741    (2)   13 :  0.002 0.012 0.047 0.051 0.055 0.028 0.172 0.069 0.027 0.043 0.025 0.095 0.191 0.094 0.078 0.011 
189      742    (4)   13 :  0.006 0.007 0.011 0.014 0.011 0.006 0.078 0.071 0.005 0.006 0.002 0.117 0.432 0.126 0.017 0.089 
190      743    (2)   13 :  0.002 0.003 0.530 0.006 0.369 0.003 0.009 0.018 0.010 0.005 0.003 0.009 0.010 0.013 0.004 0.006 
191      744    (0)   13 :  0.024 0.104 0.184 0.004 0.045 0.005 0.137 0.085 0.005 0.008 0.004 0.175 0.033 0.177 0.005 0.007 
192      745    (0)   13 :  0.015 0.003 0.463 0.037 0.020 0.009 0.102 0.090 0.005 0.034 0.019 0.072 0.026 0.079 0.018 0.008 
193      746    (2)   13 :  0.004 0.005 0.009 0.004 0.004 0.005 0.172 0.099 0.005 0.004 0.011 0.102 0.368 0.148 0.047 0.012 
194      747    (2)   13 :  0.006 0.005 0.012 0.034 0.011 0.016 0.077 0.048 0.023 0.013 0.006 0.110 0.469 0.096 0.007 0.067 
195      748    (0)   13 :  0.006 0.012 0.005 0.074 0.065 0.131 0.286 0.082 0.016 0.054 0.014 0.061 0.030 0.085 0.019 0.060 
196      749    (2)   13 :  0.010 0.148 0.013 0.013 0.016 0.003 0.211 0.069 0.020 0.016 0.043 0.114 0.023 0.177 0.011 0.114 
197      750    (4)   13 :  0.005 0.013 0.013 0.010 0.022 0.005 0.331 0.089 0.005 0.008 0.006 0.166 0.106 0.181 0.026 0.014 
198      751    (0)   13 :  0.015 0.002 0.018 0.010 0.013 0.011 0.380 0.101 0.007 0.009 0.009 0.132 0.045 0.175 0.007 0.066 
199      752    (2)   13 :  0.001 0.002 0.076 0.012 0.032 0.798 0.008 0.018 0.003 0.007 0.003 0.007 0.018 0.006 0.004 0.005 
200      753    (4)   13 :  0.011 0.004 0.035 0.017 0.018 0.061 0.121 0.150 0.031 0.037 0.014 0.202 0.014 0.241 0.005 0.038 
201      754    (2)   13 :  0.003 0.005 0.004 0.003 0.007 0.002 0.005 0.005 0.003 0.003 0.002 0.005 0.935 0.010 0.003 0.004 
202      155    (0)   14 :  0.004 0.011 0.010 0.031 0.020 0.006 0.370 0.075 0.033 0.005 0.006 0.191 0.015 0.209 0.006 0.008 
203      156    (2)   14 :  0.102 0.012 0.013 0.012 0.018 0.004 0.087 0.084 0.005 0.008 0.006 0.356 0.014 0.266 0.006 0.008 
204      157    (2)   14 :  0.002 0.035 0.010 0.004 0.016 0.017 0.023 0.021 0.010 0.005 0.004 0.023 0.796 0.022 0.005 0.008 
205      158    (0)   14 :  0.004 0.005 0.020 0.007 0.024 0.003 0.260 0.135 0.007 0.005 0.006 0.237 0.015 0.230 0.009 0.033 
206      159    (0)   14 :  0.010 0.015 0.011 0.014 0.022 0.010 0.305 0.128 0.003 0.005 0.107 0.118 0.090 0.143 0.007 0.012 
207      160    (0)   14 :  0.003 0.003 0.031 0.014 0.424 0.009 0.026 0.230 0.009 0.011 0.004 0.026 0.152 0.022 0.003 0.034 
208      161    (0)   14 :  0.003 0.225 0.024 0.007 0.034 0.008 0.062 0.132 0.008 0.004 0.009 0.058 0.368 0.047 0.003 0.010 
209      162    (0)   14 :  0.005 0.002 0.043 0.007 0.301 0.014 0.053 0.121 0.005 0.008 0.002 0.138 0.005 0.275 0.007 0.015 
210      163    (2)   14 :  0.009 0.003 0.008 0.004 0.008 0.013 0.054 0.080 0.003 0.003 0.002 0.348 0.117 0.282 0.008 0.059 
211      164    (0)   14 :  0.002 0.016 0.022 0.046 0.008 0.030 0.245 0.143 0.017 0.013 0.005 0.156 0.045 0.227 0.011 0.015 
212      165    (2)   14 :  0.004 0.020 0.005 0.005 0.006 0.005 0.043 0.110 0.004 0.008 0.004 0.414 0.057 0.307 0.006 0.003 
213      427    (0)   14 :  0.010 0.004 0.772 0.006 0.022 0.004 0.015 0.016 0.068 0.004 0.031 0.011 0.007 0.011 0.003 0.015 
214      428    (0)   14 :  0.003 0.003 0.724 0.006 0.064 0.023 0.012 0.038 0.005 0.030 0.021 0.017 0.004 0.010 0.004 0.034 
215      429    (0)   14 :  0.003 0.001 0.694 0.004 0.227 0.006 0.012 0.007 0.003 0.006 0.006 0.006 0.004 0.007 0.007 0.005 
216      430    (0)   14 :  0.002 0.006 0.019 0.022 0.069 0.038 0.187 0.226 0.004 0.013 0.005 0.133 0.028 0.128 0.047 0.073 
217      431    (0)   14 :  0.002 0.003 0.350 0.030 0.305 0.005 0.029 0.121 0.004 0.049 0.007 0.027 0.014 0.024 0.018 0.012 
218      435    (0)   14 :  0.002 0.001 0.756 0.003 0.169 0.009 0.006 0.021 0.002 0.003 0.003 0.006 0.005 0.005 0.004 0.004 
219      436    (0)   14 :  0.002 0.003 0.281 0.007 0.453 0.004 0.006 0.207 0.003 0.005 0.008 0.006 0.005 0.005 0.003 0.003 
220      437    (0)   14 :  0.002 0.003 0.184 0.039 0.373 0.010 0.019 0.237 0.004 0.044 0.027 0.025 0.010 0.012 0.005 0.004 
221      438    (0)   14 :  0.008 0.004 0.380 0.053 0.141 0.053 0.032 0.168 0.002 0.014 0.014 0.059 0.015 0.026 0.014 0.017 
222      439    (0)   14 :  0.006 0.002 0.241 0.012 0.060 0.042 0.121 0.114 0.004 0.005 0.004 0.083 0.179 0.079 0.033 0.015 
223      441    (0)   14 :  0.001 0.002 0.005 0.003 0.004 0.956 0.003 0.003 0.003 0.005 0.001 0.003 0.002 0.003 0.005 0.003 
224      442    (0)   14 :  0.005 0.002 0.670 0.009 0.039 0.013 0.016 0.015 0.172 0.011 0.003 0.013 0.004 0.014 0.003 0.011 
225      443    (4)   14 :  0.003 0.002 0.881 0.012 0.009 0.017 0.008 0.008 0.002 0.007 0.004 0.007 0.016 0.007 0.004 0.014 
226      444    (4)   14 :  0.004 0.005 0.911 0.006 0.009 0.002 0.007 0.006 0.009 0.004 0.009 0.007 0.004 0.007 0.003 0.006 
227      445    (2)   14 :  0.006 0.002 0.299 0.031 0.018 0.011 0.071 0.307 0.004 0.017 0.009 0.153 0.006 0.057 0.004 0.004 
228      446    (0)   14 :  0.003 0.003 0.572 0.003 0.379 0.003 0.004 0.005 0.004 0.002 0.002 0.005 0.004 0.005 0.003 0.005 
229      447    (0)   14 :  0.004 0.001 0.677 0.013 0.176 0.003 0.013 0.020 0.005 0.033 0.007 0.012 0.013 0.013 0.003 0.007 
230      449    (0)   14 :  0.002 0.002 0.930 0.007 0.014 0.003 0.004 0.007 0.006 0.003 0.003 0.004 0.003 0.004 0.004 0.004 
231      460    (0)   14 :  0.002 0.005 0.665 0.019 0.054 0.106 0.021 0.031 0.005 0.008 0.007 0.029 0.008 0.026 0.006 0.007 
232      461    (0)   14 :  0.002 0.005 0.157 0.027 0.210 0.007 0.110 0.153 0.008 0.011 0.008 0.057 0.121 0.058 0.014 0.051 
233      484    (0)   14 :  0.008 0.004 0.079 0.150 0.025 0.015 0.146 0.040 0.013 0.021 0.004 0.065 0.081 0.065 0.115 0.169 
234      485    (0)   14 :  0.002 0.003 0.762 0.005 0.080 0.011 0.011 0.055 0.004 0.005 0.002 0.017 0.020 0.016 0.004 0.003 
235      486    (0)   14 :  0.001 0.001 0.002 0.002 0.002 0.975 0.002 0.002 0.002 0.002 0.001 0.002 0.002 0.002 0.002 0.002 
236      487    (0)   14 :  0.003 0.002 0.405 0.006 0.154 0.012 0.051 0.139 0.010 0.008 0.005 0.079 0.022 0.081 0.007 0.014 
237      178    (0)   15 :  0.005 0.012 0.185 0.003 0.139 0.013 0.046 0.369 0.006 0.004 0.003 0.121 0.028 0.051 0.003 0.011 
238      422    (0)   15 :  0.003 0.001 0.730 0.012 0.135 0.004 0.008 0.034 0.003 0.010 0.003 0.009 0.031 0.009 0.005 0.005 
239      425    (0)   15 :  0.001 0.002 0.428 0.004 0.412 0.005 0.025 0.037 0.003 0.013 0.005 0.016 0.015 0.020 0.003 0.008 
240      426    (0)   15 :  0.110 0.028 0.039 0.003 0.093 0.004 0.161 0.061 0.023 0.006 0.003 0.076 0.043 0.085 0.005 0.261 
241      432    (0)   15 :  0.008 0.005 0.324 0.009 0.021 0.011 0.242 0.080 0.009 0.011 0.009 0.097 0.018 0.105 0.009 0.042 
242      434    (0)   15 :  0.002 0.001 0.566 0.004 0.382 0.003 0.003 0.003 0.004 0.006 0.004 0.003 0.004 0.003 0.007 0.004 
243      440    (0)   15 :  0.002 0.003 0.223 0.005 0.267 0.024 0.052 0.145 0.012 0.004 0.002 0.130 0.007 0.077 0.009 0.038 
244      448    (2)   15 :  0.002 0.002 0.831 0.013 0.013 0.007 0.009 0.009 0.013 0.004 0.041 0.006 0.009 0.007 0.024 0.010 
245      456    (0)   15 :  0.003 0.003 0.052 0.046 0.137 0.005 0.190 0.130 0.009 0.041 0.004 0.153 0.010 0.120 0.078 0.018 
246      457    (0)   15 :  0.006 0.003 0.352 0.015 0.141 0.036 0.095 0.129 0.005 0.017 0.010 0.060 0.017 0.073 0.023 0.020 
247      458    (0)   15 :  0.007 0.004 0.025 0.007 0.357 0.011 0.162 0.130 0.016 0.053 0.005 0.045 0.088 0.046 0.004 0.039 
248      459    (0)   15 :  0.003 0.005 0.874 0.007 0.012 0.009 0.013 0.014 0.004 0.007 0.002 0.011 0.013 0.011 0.003 0.011 
249      464    (0)   15 :  0.005 0.013 0.581 0.003 0.235 0.012 0.013 0.068 0.010 0.006 0.003 0.018 0.006 0.017 0.004 0.005 
250      465    (0)   15 :  0.001 0.003 0.087 0.004 0.725 0.009 0.010 0.108 0.002 0.005 0.002 0.009 0.013 0.011 0.007 0.004 
251      466    (0)   15 :  0.001 0.002 0.496 0.012 0.044 0.014 0.030 0.196 0.004 0.067 0.015 0.059 0.019 0.027 0.005 0.008 
252      470    (0)   15 :  0.002 0.003 0.447 0.004 0.276 0.116 0.007 0.093 0.006 0.003 0.003 0.007 0.008 0.007 0.006 0.011 
253      471    (0)   15 :  0.027 0.004 0.547 0.006 0.212 0.006 0.027 0.020 0.003 0.011 0.018 0.023 0.008 0.024 0.023 0.042 
254      483    (0)   15 :  0.003 0.009 0.532 0.004 0.348 0.005 0.009 0.008 0.007 0.003 0.002 0.009 0.028 0.021 0.004 0.010 
255      488    (0)   15 :  0.002 0.002 0.050 0.009 0.565 0.025 0.012 0.253 0.004 0.006 0.002 0.011 0.034 0.016 0.003 0.007 
256      495    (0)   15 :  0.001 0.003 0.481 0.019 0.395 0.003 0.010 0.014 0.002 0.005 0.002 0.008 0.018 0.009 0.022 0.008 
257      496    (0)   15 :  0.002 0.003 0.057 0.002 0.607 0.014 0.009 0.237 0.002 0.002 0.004 0.013 0.027 0.011 0.005 0.005 
258      497    (0)   15 :  0.002 0.003 0.485 0.005 0.359 0.003 0.011 0.010 0.026 0.004 0.003 0.008 0.005 0.011 0.062 0.002 
259      500    (0)   15 :  0.004 0.065 0.034 0.511 0.026 0.041 0.053 0.048 0.003 0.019 0.014 0.062 0.042 0.058 0.015 0.007 
260      879    (0)   15 :  0.002 0.004 0.567 0.003 0.353 0.005 0.005 0.005 0.008 0.003 0.002 0.006 0.008 0.016 0.003 0.010 
261      036    (0)   16 :  0.004 0.003 0.015 0.005 0.011 0.005 0.547 0.084 0.002 0.005 0.011 0.128 0.025 0.145 0.003 0.005 
262      063    (2)   16 :  0.004 0.003 0.026 0.013 0.016 0.010 0.102 0.149 0.015 0.008 0.003 0.279 0.061 0.240 0.032 0.039 
263      094    (4)   16 :  0.005 0.012 0.018 0.077 0.094 0.008 0.162 0.073 0.009 0.014 0.011 0.052 0.356 0.079 0.011 0.017 
264      103    (4)   16 :  0.002 0.011 0.006 0.004 0.005 0.006 0.037 0.110 0.005 0.006 0.004 0.413 0.059 0.304 0.023 0.003 
265      112    (0)   16 :  0.004 0.007 0.006 0.008 0.007 0.012 0.124 0.069 0.006 0.003 0.003 0.115 0.415 0.169 0.007 0.044 
266      114    (2)   16 :  0.002 0.003 0.013 0.005 0.055 0.016 0.230 0.098 0.004 0.004 0.008 0.194 0.126 0.234 0.004 0.004 
267      120    (0)   16 :  0.002 0.003 0.007 0.011 0.014 0.006 0.020 0.024 0.004 0.014 0.012 0.016 0.830 0.017 0.005 0.014 
268      127    (2)   16 :  0.003 0.007 0.004 0.006 0.068 0.087 0.372 0.087 0.007 0.010 0.005 0.097 0.042 0.123 0.005 0.078 
269      147    (0)   16 :  0.049 0.008 0.015 0.003 0.013 0.008 0.240 0.066 0.006 0.002 0.005 0.126 0.029 0.169 0.005 0.257 
270      166    (0)   16 :  0.026 0.082 0.025 0.005 0.109 0.005 0.156 0.106 0.018 0.007 0.004 0.131 0.050 0.145 0.012 0.120 
271      167    (0)   16 :  0.005 0.005 0.031 0.006 0.245 0.020 0.072 0.111 0.004 0.008 0.011 0.128 0.019 0.262 0.067 0.006 
272      168    (0)   16 :  0.003 0.013 0.012 0.004 0.010 0.003 0.215 0.168 0.004 0.004 0.015 0.205 0.018 0.318 0.004 0.004 
273      169    (2)   16 :  0.005 0.004 0.064 0.008 0.252 0.005 0.093 0.106 0.004 0.008 0.006 0.146 0.043 0.204 0.005 0.046 
274      170    (0)   16 :  0.005 0.040 0.015 0.023 0.008 0.022 0.159 0.084 0.036 0.015 0.004 0.241 0.075 0.252 0.006 0.017 
275      171    (2)   16 :  0.011 0.006 0.006 0.046 0.006 0.003 0.041 0.111 0.004 0.053 0.003 0.366 0.019 0.294 0.007 0.025 
276      172    (0)   16 :  0.014 0.004 0.008 0.011 0.017 0.002 0.019 0.021 0.004 0.017 0.011 0.013 0.815 0.017 0.010 0.015 
277      185    (0)   16 :  0.005 0.005 0.075 0.005 0.028 0.016 0.097 0.143 0.005 0.002 0.002 0.252 0.010 0.318 0.009 0.028 
278      199    (2)   16 :  0.005 0.011 0.006 0.006 0.017 0.009 0.088 0.124 0.213 0.004 0.006 0.208 0.007 0.287 0.003 0.007 
279      339    (0)   16 :  0.006 0.002 0.030 0.005 0.441 0.007 0.035 0.131 0.007 0.009 0.002 0.092 0.007 0.204 0.014 0.009 
280      355    (0)   16 :  0.013 0.034 0.004 0.003 0.004 0.004 0.114 0.119 0.076 0.003 0.002 0.262 0.006 0.341 0.006 0.009 
281      356    (0)   16 :  0.003 0.169 0.005 0.004 0.014 0.021 0.042 0.017 0.005 0.004 0.006 0.015 0.663 0.023 0.003 0.006 
282      357    (0)   16 :  0.012 0.006 0.007 0.006 0.021 0.024 0.366 0.099 0.016 0.011 0.009 0.158 0.082 0.162 0.004 0.016 
283      358    (0)   16 :  0.006 0.004 0.011 0.008 0.010 0.017 0.505 0.094 0.004 0.006 0.002 0.112 0.008 0.158 0.046 0.011 
284      359    (0)   16 :  0.002 0.005 0.007 0.005 0.012 0.003 0.174 0.084 0.010 0.003 0.002 0.156 0.295 0.201 0.022 0.020 
285      360    (0)   16 :  0.010 0.022 0.035 0.014 0.020 0.006 0.276 0.098 0.004 0.010 0.006 0.235 0.023 0.217 0.003 0.021 
286      361    (0)   16 :  0.002 0.003 0.031 0.005 0.047 0.004 0.020 0.031 0.003 0.005 0.003 0.022 0.779 0.026 0.006 0.012 
287      362    (0)   16 :  0.005 0.012 0.065 0.157 0.051 0.003 0.239 0.084 0.005 0.039 0.002 0.085 0.049 0.118 0.010 0.075 
288      363    (0)   16 :  0.012 0.008 0.013 0.006 0.017 0.011 0.165 0.054 0.043 0.004 0.005 0.081 0.024 0.119 0.009 0.430 
289      364    (0)   16 :  0.003 0.075 0.007 0.257 0.050 0.022 0.206 0.062 0.041 0.040 0.004 0.078 0.034 0.099 0.007 0.014 
290      365    (0)   16 :  0.012 0.079 0.033 0.039 0.075 0.011 0.313 0.179 0.003 0.004 0.002 0.118 0.020 0.101 0.005 0.006 
291      366    (0)   16 :  0.025 0.005 0.005 0.005 0.007 0.003 0.504 0.064 0.003 0.003 0.002 0.096 0.118 0.131 0.012 0.017 
292      367    (0)   16 :  0.010 0.002 0.007 0.011 0.005 0.031 0.137 0.175 0.003 0.010 0.005 0.269 0.015 0.301 0.016 0.005 
293      368    (0)   16 :  0.012 0.061 0.005 0.030 0.004 0.047 0.136 0.090 0.003 0.008 0.007 0.287 0.008 0.279 0.016 0.006 
294      369    (0)   16 :  0.004 0.016 0.004 0.003 0.005 0.003 0.044 0.111 0.004 0.002 0.002 0.429 0.010 0.349 0.005 0.008 
295      370    (0)   16 :  0.011 0.082 0.015 0.005 0.016 0.005 0.128 0.047 0.007 0.004 0.012 0.078 0.465 0.063 0.044 0.016 
296      371    (0)   16 :  0.003 0.002 0.010 0.020 0.008 0.003 0.225 0.143 0.006 0.004 0.005 0.255 0.009 0.293 0.009 0.004 
297      372    (0)   16 :  0.004 0.006 0.414 0.012 0.064 0.003 0.018 0.031 0.320 0.011 0.003 0.019 0.013 0.015 0.003 0.064 
298      373    (0)   16 :  0.003 0.096 0.031 0.007 0.016 0.002 0.146 0.225 0.038 0.007 0.003 0.213 0.066 0.132 0.009 0.005 
299      380    (0)   16 :  0.006 0.012 0.008 0.016 0.022 0.003 0.359 0.109 0.010 0.012 0.042 0.124 0.063 0.167 0.008 0.039 
300      388    (0)   16 :  0.007 0.046 0.007 0.008 0.007 0.004 0.224 0.042 0.021 0.023 0.005 0.053 0.464 0.054 0.010 0.026 
301      418    (0)   16 :  0.006 0.006 0.009 0.011 0.012 0.007 0.130 0.322 0.046 0.019 0.026 0.214 0.022 0.152 0.003 0.016 
302      419    (0)   16 :  0.005 0.006 0.017 0.005 0.014 0.008 0.101 0.373 0.003 0.004 0.009 0.257 0.015 0.172 0.005 0.006 
303      420    (0)   16 :  0.047 0.006 0.062 0.034 0.023 0.010 0.228 0.144 0.066 0.034 0.003 0.129 0.068 0.121 0.009 0.015 
304      409    (0)   17 :  0.002 0.005 0.016 0.006 0.015 0.007 0.052 0.172 0.004 0.012 0.115 0.329 0.041 0.205 0.006 0.012 
305      414    (0)   17 :  0.002 0.003 0.006 0.009 0.010 0.007 0.067 0.183 0.007 0.086 0.014 0.358 0.007 0.222 0.007 0.012 
306      415    (2)   17 :  0.003 0.015 0.005 0.006 0.010 0.034 0.154 0.104 0.015 0.006 0.004 0.321 0.027 0.275 0.010 0.012 
307      416    (0)   17 :  0.003 0.003 0.027 0.022 0.026 0.004 0.122 0.321 0.011 0.015 0.076 0.209 0.009 0.112 0.029 0.012 
308      571    (0)    2 :  0.004 0.002 0.025 0.341 0.010 0.031 0.009 0.009 0.004 0.467 0.003 0.008 0.006 0.008 0.038 0.034 
309      572    (0)    2 :  0.005 0.002 0.003 0.049 0.004 0.005 0.009 0.008 0.002 0.782 0.014 0.010 0.009 0.009 0.074 0.016 
310      573    (2)    2 :  0.001 0.001 0.003 0.104 0.002 0.004 0.007 0.003 0.002 0.853 0.003 0.004 0.003 0.004 0.004 0.002 
311      574    (0)    2 :  0.002 0.006 0.004 0.022 0.005 0.004 0.008 0.007 0.002 0.890 0.012 0.008 0.006 0.008 0.012 0.005 
312      575    (2)    2 :  0.006 0.003 0.003 0.005 0.003 0.003 0.005 0.004 0.004 0.931 0.004 0.005 0.003 0.005 0.003 0.014 
313      576    (0)    2 :  0.001 0.002 0.003 0.289 0.003 0.003 0.004 0.004 0.003 0.661 0.003 0.004 0.003 0.004 0.008 0.004 
314      577    (0)    2 :  0.001 0.001 0.002 0.004 0.002 0.003 0.002 0.002 0.003 0.963 0.004 0.002 0.002 0.002 0.003 0.002 
315      578    (0)    2 :  0.001 0.001 0.002 0.005 0.002 0.002 0.002 0.002 0.003 0.963 0.007 0.002 0.002 0.002 0.002 0.002 
316      579    (0)    2 :  0.001 0.001 0.003 0.005 0.004 0.001 0.002 0.002 0.002 0.966 0.003 0.002 0.002 0.002 0.002 0.002 
317      580    (0)    2 :  0.001 0.001 0.003 0.008 0.002 0.002 0.002 0.002 0.001 0.962 0.002 0.002 0.002 0.002 0.003 0.002 
318      581    (0)    2 :  0.006 0.002 0.008 0.062 0.008 0.002 0.005 0.006 0.002 0.851 0.021 0.005 0.003 0.004 0.010 0.004 
319      582    (4)    2 :  0.039 0.003 0.008 0.056 0.010 0.002 0.015 0.011 0.013 0.772 0.003 0.013 0.011 0.017 0.020 0.007 
320      583    (0)    2 :  0.008 0.002 0.008 0.005 0.009 0.009 0.026 0.012 0.010 0.846 0.002 0.015 0.018 0.016 0.004 0.010 
321      584    (0)    2 :  0.006 0.002 0.050 0.035 0.017 0.004 0.012 0.010 0.010 0.788 0.017 0.011 0.013 0.011 0.007 0.008 
322      585    (0)    2 :  0.002 0.001 0.006 0.038 0.005 0.007 0.005 0.005 0.002 0.886 0.002 0.005 0.004 0.005 0.016 0.010 
323      586    (2)    2 :  0.004 0.001 0.005 0.014 0.006 0.003 0.004 0.004 0.005 0.931 0.003 0.003 0.003 0.003 0.007 0.004 
324      587    (0)    2 :  0.002 0.002 0.002 0.021 0.003 0.002 0.004 0.003 0.002 0.913 0.020 0.003 0.006 0.004 0.008 0.004 
325      588    (0)    2 :  0.016 0.007 0.005 0.013 0.003 0.007 0.010 0.007 0.006 0.884 0.003 0.010 0.005 0.011 0.004 0.007 
326      589    (0)    2 :  0.005 0.004 0.014 0.009 0.007 0.002 0.011 0.008 0.011 0.863 0.009 0.010 0.007 0.010 0.008 0.022 
327      590    (0)    2 :  0.010 0.002 0.003 0.005 0.004 0.030 0.004 0.004 0.004 0.897 0.016 0.003 0.003 0.003 0.009 0.002 
328      001    (0)    3 :  0.003 0.959 0.002 0.003 0.002 0.002 0.004 0.003 0.001 0.004 0.003 0.003 0.003 0.003 0.003 0.002 
329      005    (0)    3 :  0.006 0.967 0.002 0.001 0.002 0.002 0.002 0.002 0.003 0.001 0.001 0.002 0.002 0.002 0.002 0.002 
330      106    (0)    3 :  0.002 0.957 0.002 0.005 0.002 0.002 0.003 0.003 0.003 0.005 0.003 0.003 0.003 0.003 0.002 0.003 
331      192    (0)    3 :  0.005 0.868 0.005 0.006 0.004 0.003 0.017 0.012 0.011 0.007 0.006 0.019 0.008 0.017 0.004 0.009 
332      229    (0)    3 :  0.044 0.889 0.004 0.003 0.005 0.005 0.005 0.005 0.004 0.004 0.003 0.005 0.005 0.005 0.007 0.007 
333      319    (0)    3 :  0.005 0.952 0.002 0.002 0.003 0.002 0.004 0.004 0.002 0.002 0.002 0.004 0.007 0.004 0.003 0.002 
334      327    (0)    3 :  0.002 0.960 0.002 0.003 0.002 0.002 0.003 0.002 0.003 0.003 0.002 0.003 0.005 0.003 0.002 0.003 
335      340    (0)    3 :  0.004 0.946 0.002 0.003 0.003 0.004 0.004 0.004 0.003 0.003 0.001 0.006 0.004 0.005 0.004 0.003 
336      345    (0)    3 :  0.010 0.930 0.003 0.004 0.004 0.002 0.005 0.005 0.003 0.003 0.002 0.005 0.010 0.005 0.004 0.005 
337      375    (0)    3 :  0.003 0.958 0.002 0.002 0.003 0.002 0.003 0.003 0.005 0.002 0.001 0.003 0.003 0.003 0.002 0.004 
338      501    (4)    3 :  0.003 0.955 0.003 0.002 0.003 0.008 0.003 0.003 0.002 0.002 0.001 0.003 0.004 0.003 0.002 0.004 
339      502    (0)    3 :  0.008 0.919 0.002 0.003 0.007 0.014 0.005 0.005 0.003 0.004 0.003 0.004 0.003 0.005 0.005 0.008 
340      503    (2)    3 :  0.002 0.961 0.001 0.005 0.001 0.007 0.003 0.002 0.002 0.002 0.002 0.002 0.002 0.002 0.003 0.002 
341      504    (0)    3 :  0.016 0.928 0.007 0.002 0.006 0.002 0.005 0.005 0.004 0.003 0.004 0.004 0.002 0.004 0.002 0.003 
342      505    (0)    3 :  0.047 0.870 0.002 0.006 0.002 0.002 0.007 0.005 0.004 0.005 0.007 0.008 0.009 0.008 0.012 0.007 
343      506    (2)    3 :  0.005 0.937 0.004 0.002 0.004 0.005 0.006 0.005 0.002 0.001 0.002 0.006 0.006 0.006 0.002 0.006 
344      507    (4)    3 :  0.004 0.956 0.002 0.002 0.002 0.004 0.003 0.003 0.003 0.002 0.001 0.003 0.004 0.003 0.003 0.005 
345      508    (0)    3 :  0.003 0.911 0.006 0.005 0.004 0.022 0.006 0.005 0.002 0.003 0.002 0.006 0.007 0.006 0.006 0.005 
346      509    (2)    3 :  0.003 0.959 0.003 0.002 0.003 0.003 0.003 0.002 0.004 0.002 0.002 0.003 0.003 0.003 0.003 0.003 
347      510    (2)    3 :  0.003 0.925 0.008 0.002 0.005 0.004 0.006 0.005 0.020 0.001 0.003 0.005 0.003 0.005 0.002 0.003 
348      511    (4)    3 :  0.002 0.959 0.003 0.002 0.003 0.004 0.003 0.003 0.002 0.004 0.003 0.003 0.002 0.003 0.002 0.002 
349      512    (4)    3 :  0.006 0.955 0.003 0.002 0.002 0.002 0.003 0.003 0.003 0.002 0.002 0.003 0.004 0.003 0.002 0.004 
350      513    (0)    3 :  0.008 0.937 0.003 0.002 0.003 0.002 0.004 0.003 0.019 0.004 0.002 0.003 0.003 0.003 0.002 0.003 
351      514    (0)    3 :  0.002 0.960 0.004 0.001 0.005 0.002 0.003 0.003 0.003 0.001 0.001 0.004 0.002 0.004 0.002 0.002 
352      515    (2)    3 :  0.004 0.964 0.002 0.002 0.002 0.003 0.002 0.002 0.003 0.002 0.001 0.003 0.002 0.002 0.003 0.002 
353      516    (2)    3 :  0.004 0.927 0.004 0.003 0.007 0.008 0.005 0.006 0.007 0.003 0.003 0.005 0.003 0.005 0.004 0.005 
354      517    (0)    3 :  0.005 0.966 0.008 0.001 0.002 0.002 0.002 0.002 0.002 0.001 0.001 0.002 0.002 0.002 0.001 0.002 
355      518    (0)    3 :  0.003 0.932 0.005 0.004 0.004 0.004 0.006 0.006 0.003 0.002 0.002 0.007 0.005 0.006 0.007 0.004 
356      519    (0)    3 :  0.002 0.956 0.003 0.003 0.002 0.004 0.003 0.003 0.003 0.002 0.003 0.003 0.003 0.003 0.003 0.002 
357      520    (2)    3 :  0.002 0.950 0.005 0.003 0.003 0.002 0.003 0.003 0.006 0.005 0.004 0.003 0.003 0.003 0.002 0.003 
358      521    (2)    3 :  0.006 0.954 0.002 0.003 0.002 0.002 0.003 0.002 0.003 0.002 0.007 0.002 0.003 0.002 0.003 0.003 
359      522    (0)    3 :  0.001 0.899 0.007 0.006 0.013 0.012 0.006 0.009 0.005 0.005 0.013 0.006 0.003 0.006 0.004 0.004 
360      523    (2)    3 :  0.004 0.921 0.005 0.004 0.005 0.005 0.007 0.006 0.002 0.006 0.004 0.006 0.006 0.006 0.008 0.004 
361      524    (0)    3 :  0.003 0.805 0.006 0.009 0.010 0.066 0.011 0.012 0.006 0.006 0.012 0.008 0.010 0.008 0.022 0.006 
362      525    (0)    3 :  0.001 0.967 0.002 0.002 0.002 0.002 0.003 0.003 0.003 0.002 0.001 0.003 0.003 0.003 0.001 0.002 
363      526    (2)    3 :  0.012 0.957 0.003 0.002 0.002 0.002 0.003 0.002 0.002 0.001 0.002 0.002 0.002 0.002 0.002 0.002 
364      527    (2)    4 :  0.017 0.013 0.009 0.258 0.015 0.016 0.014 0.013 0.013 0.559 0.002 0.014 0.005 0.014 0.028 0.008 
365      528    (4)    4 :  0.003 0.002 0.004 0.179 0.010 0.004 0.027 0.019 0.008 0.193 0.017 0.022 0.020 0.022 0.070 0.399 
366      529    (4)    4 :  0.012 0.003 0.021 0.248 0.020 0.005 0.050 0.027 0.004 0.387 0.014 0.020 0.011 0.020 0.011 0.148 
367      530    (0)    4 :  0.004 0.005 0.003 0.932 0.002 0.004 0.005 0.004 0.004 0.004 0.003 0.005 0.008 0.005 0.005 0.007 
368      531    (2)    4 :  0.006 0.005 0.006 0.848 0.004 0.004 0.011 0.007 0.006 0.018 0.012 0.008 0.011 0.008 0.013 0.034 
369      532    (4)    4 :  0.002 0.003 0.003 0.782 0.004 0.031 0.016 0.007 0.002 0.009 0.003 0.010 0.020 0.009 0.013 0.085 
370      533    (0)    4 :  0.003 0.007 0.010 0.617 0.025 0.003 0.039 0.077 0.002 0.019 0.020 0.065 0.025 0.044 0.030 0.014 
371      534    (2)    4 :  0.002 0.003 0.004 0.885 0.004 0.003 0.007 0.007 0.006 0.007 0.015 0.007 0.004 0.007 0.034 0.006 
372      535    (2)    4 :  0.005 0.003 0.009 0.429 0.009 0.011 0.019 0.015 0.002 0.395 0.005 0.015 0.014 0.017 0.014 0.040 
373      536    (2)    4 :  0.014 0.002 0.005 0.885 0.004 0.004 0.008 0.005 0.002 0.013 0.025 0.006 0.008 0.006 0.009 0.003 
374      537    (2)    4 :  0.002 0.002 0.007 0.926 0.005 0.002 0.005 0.005 0.010 0.004 0.008 0.005 0.003 0.005 0.005 0.005 
375      538    (2)    4 :  0.002 0.006 0.013 0.466 0.028 0.004 0.048 0.041 0.004 0.142 0.003 0.052 0.053 0.053 0.080 0.006 
376      539    (2)    4 :  0.002 0.001 0.003 0.891 0.004 0.003 0.004 0.005 0.002 0.005 0.003 0.004 0.003 0.004 0.062 0.004 
377      540    (2)    4 :  0.001 0.001 0.012 0.865 0.009 0.005 0.010 0.013 0.002 0.015 0.010 0.014 0.017 0.013 0.007 0.006 
378      541    (2)    4 :  0.002 0.003 0.038 0.760 0.018 0.006 0.010 0.010 0.003 0.010 0.008 0.008 0.018 0.009 0.049 0.048 
379      542    (2)    4 :  0.004 0.002 0.027 0.662 0.063 0.005 0.025 0.036 0.009 0.018 0.012 0.019 0.018 0.018 0.065 0.015 
380      543    (0)    4 :  0.002 0.003 0.037 0.646 0.014 0.004 0.105 0.033 0.012 0.007 0.018 0.035 0.015 0.038 0.023 0.008 
381      544    (2)    4 :  0.002 0.003 0.003 0.948 0.003 0.002 0.003 0.003 0.002 0.006 0.004 0.003 0.005 0.003 0.010 0.003 
382      545    (2)    4 :  0.001 0.002 0.005 0.029 0.011 0.009 0.008 0.010 0.002 0.022 0.005 0.009 0.006 0.009 0.867 0.005 
383      546    (4)    4 :  0.002 0.002 0.004 0.013 0.015 0.013 0.024 0.019 0.002 0.021 0.005 0.023 0.006 0.018 0.832 0.004 
384      547    (6)    4 :  0.017 0.004 0.017 0.526 0.015 0.040 0.067 0.028 0.030 0.097 0.010 0.043 0.031 0.054 0.011 0.010 
385      019    (0)    5 :  0.004 0.002 0.036 0.043 0.013 0.003 0.007 0.006 0.004 0.133 0.007 0.008 0.006 0.007 0.707 0.016 
386      064    (0)    5 :  0.001 0.001 0.003 0.043 0.002 0.003 0.002 0.002 0.002 0.007 0.003 0.002 0.002 0.002 0.921 0.002 
387      065    (0)    5 :  0.001 0.001 0.003 0.954 0.002 0.002 0.002 0.002 0.001 0.004 0.005 0.002 0.002 0.002 0.013 0.002 
388      066    (0)    5 :  0.002 0.003 0.017 0.350 0.011 0.010 0.011 0.010 0.003 0.023 0.006 0.010 0.010 0.009 0.522 0.004 
389      067    (0)    5 :  0.006 0.005 0.020 0.011 0.013 0.004 0.009 0.009 0.010 0.009 0.008 0.007 0.005 0.007 0.858 0.017 
390      068    (0)    5 :  0.002 0.002 0.009 0.817 0.010 0.023 0.010 0.009 0.027 0.018 0.008 0.008 0.007 0.008 0.024 0.016 
391      069    (0)    5 :  0.001 0.002 0.005 0.171 0.006 0.017 0.005 0.006 0.004 0.022 0.013 0.006 0.006 0.005 0.725 0.007 
392      107    (0)    5 :  0.001 0.001 0.006 0.379 0.004 0.005 0.005 0.004 0.002 0.022 0.003 0.004 0.003 0.005 0.551 0.004 
393      110    (0)    5 :  0.003 0.002 0.002 0.003 0.002 0.002 0.003 0.002 0.001 0.004 0.002 0.002 0.002 0.002 0.960 0.007 
394      121    (0)    5 :  0.002 0.001 0.005 0.904 0.007 0.003 0.004 0.004 0.003 0.017 0.002 0.005 0.003 0.005 0.022 0.013 
395      137    (0)    5 :  0.009 0.002 0.007 0.011 0.011 0.005 0.009 0.008 0.002 0.004 0.005 0.009 0.005 0.010 0.896 0.004 
396      146    (0)    5 :  0.003 0.004 0.004 0.366 0.007 0.002 0.012 0.008 0.003 0.016 0.022 0.012 0.070 0.013 0.451 0.006 
397      149    (0)    5 :  0.004 0.001 0.005 0.005 0.006 0.002 0.004 0.004 0.002 0.008 0.002 0.004 0.004 0.005 0.938 0.005 
398      154    (0)    5 :  0.002 0.003 0.006 0.040 0.006 0.003 0.006 0.006 0.017 0.035 0.167 0.006 0.004 0.006 0.688 0.005 
399      179    (0)    5 :  0.002 0.002 0.004 0.245 0.005 0.007 0.004 0.004 0.004 0.198 0.004 0.004 0.004 0.004 0.504 0.004 
400      181    (0)    5 :  0.002 0.001 0.002 0.065 0.003 0.002 0.004 0.004 0.002 0.140 0.005 0.004 0.003 0.004 0.759 0.003 
401      182    (0)    5 :  0.002 0.003 0.005 0.803 0.006 0.017 0.012 0.008 0.013 0.012 0.005 0.010 0.011 0.010 0.058 0.025 
402      186    (0)    5 :  0.005 0.005 0.008 0.189 0.012 0.010 0.020 0.013 0.004 0.015 0.004 0.015 0.031 0.017 0.562 0.090 
403      193    (0)    5 :  0.002 0.003 0.010 0.569 0.004 0.004 0.008 0.007 0.004 0.021 0.007 0.009 0.008 0.007 0.331 0.006 
404      320    (0)    5 :  0.003 0.001 0.006 0.054 0.006 0.003 0.006 0.006 0.012 0.011 0.010 0.006 0.013 0.006 0.847 0.008 
405      341    (0)    5 :  0.002 0.002 0.011 0.703 0.011 0.005 0.007 0.007 0.004 0.144 0.003 0.006 0.007 0.007 0.078 0.004 
406      376    (0)    5 :  0.003 0.042 0.005 0.542 0.006 0.018 0.016 0.013 0.003 0.103 0.009 0.010 0.016 0.011 0.179 0.026 
407      395    (0)    5 :  0.006 0.001 0.016 0.307 0.015 0.004 0.007 0.009 0.004 0.008 0.049 0.007 0.005 0.006 0.547 0.011 
408      396    (0)    5 :  0.003 0.002 0.002 0.944 0.003 0.004 0.003 0.003 0.002 0.003 0.003 0.003 0.003 0.003 0.019 0.002 
409      397    (0)    5 :  0.009 0.001 0.004 0.899 0.003 0.002 0.005 0.004 0.006 0.006 0.009 0.005 0.003 0.005 0.035 0.005 
410      398    (0)    5 :  0.005 0.002 0.005 0.535 0.003 0.006 0.007 0.004 0.004 0.017 0.052 0.005 0.010 0.005 0.328 0.012 
411      399    (0)    5 :  0.002 0.002 0.003 0.914 0.004 0.007 0.005 0.004 0.003 0.018 0.002 0.005 0.007 0.005 0.006 0.013 
412      400    (0)    5 :  0.002 0.001 0.003 0.044 0.003 0.010 0.008 0.006 0.002 0.004 0.007 0.006 0.016 0.007 0.867 0.012 
413      401    (0)    5 :  0.003 0.004 0.005 0.124 0.007 0.007 0.013 0.010 0.002 0.009 0.005 0.012 0.009 0.013 0.773 0.004 
414      402    (0)    5 :  0.002 0.003 0.002 0.003 0.003 0.003 0.004 0.003 0.003 0.003 0.002 0.003 0.003 0.004 0.952 0.007 
415      403    (0)    5 :  0.009 0.003 0.010 0.551 0.013 0.011 0.010 0.008 0.004 0.008 0.004 0.008 0.026 0.008 0.313 0.015 
416      073    (0)    6 :  0.002 0.002 0.005 0.950 0.004 0.003 0.004 0.004 0.002 0.004 0.001 0.004 0.003 0.003 0.004 0.005 
417      074    (0)    6 :  0.002 0.006 0.006 0.888 0.003 0.002 0.007 0.006 0.004 0.015 0.036 0.007 0.004 0.007 0.004 0.002 
418      075    (0)    6 :  0.003 0.002 0.006 0.905 0.008 0.002 0.005 0.006 0.004 0.019 0.007 0.005 0.008 0.005 0.008 0.005 
419      076    (0)    6 :  0.004 0.004 0.005 0.915 0.008 0.003 0.006 0.006 0.006 0.010 0.004 0.005 0.004 0.005 0.006 0.010 
420      077    (0)    6 :  0.003 0.001 0.011 0.906 0.009 0.006 0.007 0.007 0.008 0.007 0.003 0.007 0.005 0.007 0.009 0.005 
421      078    (0)    6 :  0.005 0.003 0.007 0.792 0.009 0.004 0.021 0.024 0.005 0.032 0.005 0.034 0.019 0.027 0.009 0.005 
422      079    (0)    6 :  0.001 0.002 0.006 0.887 0.009 0.008 0.016 0.011 0.002 0.010 0.003 0.011 0.006 0.010 0.011 0.007 
423      080    (0)    6 :  0.002 0.002 0.003 0.916 0.005 0.004 0.005 0.005 0.014 0.010 0.003 0.005 0.003 0.005 0.005 0.012 
424      081    (0)    6 :  0.016 0.004 0.049 0.686 0.011 0.005 0.019 0.016 0.004 0.074 0.015 0.013 0.006 0.012 0.060 0.009 
425      082    (0)    6 :  0.002 0.002 0.003 0.938 0.002 0.005 0.003 0.003 0.003 0.007 0.003 0.003 0.003 0.003 0.014 0.005 
426      083    (0)    6 :  0.003 0.002 0.004 0.780 0.007 0.010 0.011 0.008 0.002 0.092 0.014 0.010 0.006 0.011 0.035 0.007 
427      084    (0)    6 :  0.006 0.004 0.014 0.690 0.011 0.002 0.007 0.006 0.002 0.099 0.126 0.005 0.004 0.005 0.015 0.003 
428      085    (0)    6 :  0.015 0.002 0.036 0.469 0.190 0.021 0.018 0.091 0.003 0.050 0.010 0.015 0.012 0.013 0.048 0.007 
429      404    (0)    6 :  0.003 0.001 0.008 0.872 0.006 0.003 0.005 0.005 0.003 0.032 0.028 0.005 0.005 0.005 0.012 0.006 
430      405    (0)    6 :  0.012 0.002 0.012 0.904 0.005 0.002 0.006 0.006 0.002 0.017 0.006 0.006 0.005 0.006 0.006 0.004 
431      406    (0)    6 :  0.009 0.004 0.004 0.895 0.004 0.007 0.009 0.009 0.004 0.011 0.009 0.010 0.006 0.009 0.004 0.007 
432      407    (0)    6 :  0.003 0.001 0.007 0.843 0.009 0.002 0.006 0.007 0.003 0.013 0.006 0.006 0.004 0.005 0.083 0.003 
433      408    (0)    6 :  0.002 0.001 0.005 0.921 0.004 0.003 0.005 0.006 0.005 0.021 0.006 0.005 0.004 0.005 0.004 0.004 
434      411    (2)    6 :  0.002 0.001 0.005 0.930 0.003 0.003 0.003 0.003 0.003 0.025 0.006 0.003 0.003 0.003 0.005 0.002 
435      412    (0)    6 :  0.005 0.028 0.014 0.757 0.012 0.007 0.012 0.011 0.007 0.100 0.005 0.008 0.006 0.008 0.009 0.012 
436      413    (0)    6 :  0.002 0.001 0.005 0.908 0.006 0.002 0.005 0.006 0.002 0.024 0.003 0.008 0.005 0.007 0.016 0.002 
437      591    (0)    7 :  0.007 0.015 0.009 0.004 0.006 0.004 0.006 0.005 0.004 0.002 0.008 0.005 0.006 0.005 0.002 0.910 
438      592    (0)    7 :  0.003 0.003 0.098 0.010 0.015 0.006 0.009 0.009 0.006 0.011 0.005 0.008 0.014 0.008 0.004 0.793 
439      593    (0)    7 :  0.006 0.002 0.006 0.008 0.006 0.005 0.006 0.006 0.002 0.014 0.004 0.007 0.006 0.007 0.005 0.909 
440      594    (0)    7 :  0.005 0.003 0.043 0.045 0.008 0.004 0.023 0.013 0.010 0.011 0.007 0.019 0.029 0.020 0.009 0.750 
441      595    (0)    7 :  0.004 0.004 0.005 0.010 0.007 0.004 0.016 0.015 0.011 0.006 0.003 0.017 0.006 0.024 0.013 0.853 
442      596    (0)    7 :  0.006 0.002 0.005 0.006 0.004 0.006 0.006 0.005 0.019 0.005 0.002 0.006 0.007 0.007 0.005 0.908 
443      597    (0)    7 :  0.002 0.001 0.007 0.026 0.020 0.003 0.016 0.018 0.006 0.027 0.003 0.010 0.008 0.011 0.023 0.816 
444      598    (0)    7 :  0.002 0.002 0.009 0.006 0.050 0.012 0.073 0.045 0.027 0.009 0.003 0.029 0.091 0.040 0.032 0.569 
445      599    (0)    7 :  0.006 0.003 0.114 0.004 0.049 0.005 0.008 0.011 0.003 0.034 0.003 0.007 0.003 0.008 0.003 0.739 
446      600    (0)    7 :  0.004 0.002 0.003 0.004 0.006 0.003 0.005 0.005 0.011 0.002 0.001 0.006 0.005 0.006 0.008 0.928 
447      601    (0)    7 :  0.002 0.002 0.018 0.025 0.030 0.006 0.015 0.021 0.002 0.008 0.002 0.015 0.010 0.017 0.022 0.804 
448      602    (0)    7 :  0.004 0.004 0.008 0.007 0.014 0.005 0.016 0.013 0.005 0.004 0.005 0.010 0.005 0.014 0.013 0.872 
449      603    (0)    7 :  0.007 0.002 0.152 0.006 0.383 0.008 0.051 0.182 0.008 0.007 0.008 0.031 0.007 0.026 0.004 0.117 
450      604    (0)    7 :  0.002 0.003 0.004 0.009 0.004 0.011 0.013 0.008 0.008 0.008 0.003 0.013 0.013 0.013 0.007 0.881 
451      605    (0)    7 :  0.004 0.020 0.010 0.013 0.009 0.004 0.025 0.016 0.022 0.003 0.003 0.016 0.082 0.021 0.006 0.748 
452      606    (0)    7 :  0.020 0.004 0.010 0.003 0.008 0.003 0.012 0.009 0.007 0.010 0.004 0.009 0.012 0.008 0.003 0.877 
453      607    (0)    7 :  0.003 0.003 0.002 0.013 0.005 0.105 0.007 0.005 0.009 0.003 0.002 0.005 0.009 0.005 0.014 0.811 
454      608    (0)    7 :  0.002 0.001 0.007 0.005 0.014 0.018 0.006 0.006 0.003 0.005 0.006 0.005 0.007 0.006 0.004 0.904 
455      609    (0)    7 :  0.004 0.002 0.004 0.004 0.005 0.008 0.008 0.008 0.003 0.005 0.003 0.008 0.008 0.009 0.004 0.917 
456      610    (0)    7 :  0.003 0.004 0.013 0.023 0.052 0.019 0.131 0.088 0.009 0.006 0.009 0.076 0.018 0.098 0.007 0.444 
457      611    (2)    7 :  0.003 0.002 0.003 0.010 0.004 0.022 0.008 0.008 0.007 0.010 0.011 0.011 0.008 0.009 0.008 0.876 
458      612    (0)    7 :  0.002 0.004 0.008 0.011 0.012 0.052 0.019 0.015 0.041 0.004 0.003 0.026 0.009 0.024 0.061 0.708 
459      755    (0)    7 :  0.002 0.028 0.010 0.013 0.010 0.269 0.047 0.036 0.043 0.020 0.025 0.025 0.017 0.023 0.008 0.422 
460      756    (0)    7 :  0.003 0.002 0.008 0.009 0.008 0.014 0.006 0.007 0.003 0.027 0.008 0.005 0.007 0.006 0.003 0.882 
461      757    (0)    7 :  0.002 0.003 0.010 0.010 0.005 0.009 0.010 0.010 0.005 0.006 0.004 0.010 0.017 0.010 0.006 0.882 
462      002    (0)    8 :  0.003 0.004 0.004 0.603 0.009 0.005 0.009 0.007 0.002 0.011 0.017 0.007 0.008 0.007 0.299 0.006 
463      099    (2)    8 :  0.004 0.713 0.051 0.004 0.023 0.014 0.026 0.023 0.044 0.005 0.007 0.027 0.013 0.033 0.004 0.008 
464      641    (2)    8 :  0.015 0.015 0.009 0.155 0.011 0.024 0.072 0.074 0.004 0.077 0.012 0.144 0.052 0.101 0.182 0.053 
465      642    (0)    8 :  0.003 0.003 0.017 0.867 0.011 0.005 0.009 0.009 0.003 0.013 0.008 0.008 0.013 0.008 0.004 0.019 
466      643    (2)    8 :  0.002 0.003 0.015 0.822 0.016 0.004 0.011 0.015 0.003 0.009 0.013 0.012 0.039 0.010 0.006 0.019 
467      644    (0)    8 :  0.004 0.003 0.016 0.868 0.014 0.008 0.008 0.009 0.008 0.007 0.006 0.007 0.014 0.008 0.014 0.006 
468      645    (0)    8 :  0.040 0.002 0.021 0.432 0.014 0.131 0.032 0.034 0.003 0.022 0.018 0.025 0.161 0.023 0.010 0.032 
469      646    (0)    8 :  0.010 0.005 0.006 0.077 0.049 0.154 0.087 0.074 0.009 0.014 0.011 0.063 0.051 0.049 0.329 0.012 
470      006    (0)    9 :  0.003 0.005 0.006 0.251 0.006 0.006 0.020 0.020 0.003 0.005 0.623 0.018 0.006 0.018 0.006 0.006 
471      011    (0)    9 :  0.002 0.001 0.004 0.940 0.003 0.002 0.003 0.003 0.003 0.014 0.011 0.003 0.003 0.003 0.003 0.003 
472      033    (2)    9 :  0.002 0.001 0.006 0.153 0.017 0.004 0.007 0.011 0.002 0.096 0.650 0.006 0.004 0.005 0.015 0.020 
473      048    (0)    9 :  0.008 0.002 0.271 0.491 0.038 0.006 0.019 0.020 0.005 0.020 0.051 0.016 0.007 0.021 0.010 0.014 
474      061    (0)    9 :  0.004 0.001 0.002 0.002 0.001 0.003 0.002 0.002 0.001 0.002 0.971 0.002 0.002 0.002 0.002 0.002 
475      088    (0)    9 :  0.005 0.002 0.017 0.849 0.011 0.003 0.012 0.011 0.007 0.007 0.023 0.011 0.010 0.011 0.010 0.011 
476      091    (0)    9 :  0.002 0.001 0.002 0.007 0.003 0.006 0.004 0.003 0.004 0.023 0.927 0.004 0.003 0.004 0.003 0.004 
477      098    (0)    9 :  0.012 0.001 0.016 0.896 0.008 0.006 0.006 0.007 0.003 0.004 0.007 0.005 0.003 0.005 0.009 0.013 
478      104    (0)    9 :  0.002 0.001 0.004 0.941 0.003 0.002 0.003 0.003 0.002 0.005 0.003 0.003 0.002 0.003 0.020 0.002 
479      196    (0)    9 :  0.005 0.001 0.009 0.326 0.006 0.002 0.005 0.007 0.005 0.019 0.576 0.005 0.005 0.005 0.013 0.008 
480      197    (0)    9 :  0.008 0.003 0.009 0.446 0.020 0.003 0.036 0.033 0.018 0.048 0.278 0.026 0.008 0.031 0.019 0.014 
481      201    (0)    9 :  0.001 0.001 0.005 0.184 0.005 0.002 0.006 0.005 0.001 0.139 0.608 0.006 0.012 0.006 0.011 0.006 
482      202    (0)    9 :  0.021 0.008 0.023 0.795 0.014 0.002 0.013 0.012 0.012 0.018 0.028 0.013 0.009 0.013 0.012 0.005 
483      204    (0)    9 :  0.002 0.001 0.008 0.440 0.008 0.011 0.004 0.006 0.002 0.071 0.403 0.004 0.005 0.004 0.029 0.003 
484      231    (0)    9 :  0.001 0.001 0.015 0.710 0.015 0.010 0.006 0.010 0.005 0.109 0.010 0.005 0.006 0.005 0.082 0.010 
485      328    (0)    9 :  0.005 0.001 0.005 0.702 0.005 0.002 0.004 0.004 0.002 0.020 0.229 0.004 0.005 0.004 0.003 0.005 
486      346    (0)    9 :  0.003 0.002 0.004 0.630 0.003 0.003 0.004 0.003 0.006 0.009 0.308 0.004 0.004 0.004 0.006 0.007 


Estimated Allele Frequencies in each cluster
First column gives estimated ancestral frequencies


Locus 1 : 1 
4 alleles
0.0% missing data
  89   (0.538) 0.066 0.294 0.586 0.617 0.483 0.802 0.539 0.546 0.642 0.636 0.700 0.557 0.496 0.547 0.278 0.554 
  91   (0.378) 0.707 0.669 0.353 0.346 0.456 0.179 0.378 0.383 0.312 0.208 0.290 0.374 0.447 0.378 0.592 0.429 
  93   (0.068) 0.097 0.036 0.040 0.036 0.055 0.015 0.068 0.046 0.044 0.155 0.008 0.053 0.053 0.064 0.129 0.014 
  99   (0.015) 0.130 0.001 0.021 0.000 0.006 0.004 0.015 0.024 0.001 0.001 0.002 0.016 0.004 0.011 0.001 0.002 

Locus 2 : 2 
6 alleles
1.0% missing data
 136   (0.355) 0.188 0.452 0.061 0.574 0.139 0.143 0.355 0.280 0.458 0.442 0.111 0.370 0.550 0.366 0.726 0.417 
 134   (0.232) 0.027 0.196 0.270 0.153 0.222 0.666 0.231 0.215 0.382 0.108 0.203 0.196 0.209 0.206 0.166 0.404 
 138   (0.297) 0.772 0.220 0.504 0.229 0.516 0.135 0.297 0.384 0.153 0.370 0.246 0.317 0.174 0.320 0.095 0.148 
 140   (0.069) 0.008 0.122 0.035 0.043 0.051 0.018 0.069 0.062 0.004 0.076 0.435 0.068 0.037 0.062 0.009 0.016 
 132   (0.021) 0.002 0.001 0.003 0.001 0.006 0.004 0.021 0.029 0.001 0.002 0.002 0.033 0.006 0.029 0.002 0.003 
 142   (0.027) 0.003 0.009 0.127 0.001 0.067 0.034 0.027 0.031 0.002 0.002 0.003 0.017 0.024 0.016 0.002 0.013 

Locus 3 : 3 
6 alleles
0.0% missing data
 181   (0.256) 0.181 0.073 0.419 0.248 0.228 0.339 0.257 0.209 0.067 0.166 0.068 0.247 0.188 0.266 0.089 0.400 
 187   (0.346) 0.774 0.344 0.155 0.482 0.265 0.139 0.346 0.343 0.256 0.663 0.671 0.369 0.347 0.364 0.541 0.164 
 179   (0.246) 0.029 0.051 0.198 0.240 0.292 0.342 0.246 0.286 0.015 0.160 0.246 0.251 0.294 0.238 0.356 0.403 
 191   (0.031) 0.003 0.009 0.008 0.027 0.007 0.008 0.031 0.024 0.200 0.003 0.004 0.027 0.010 0.030 0.003 0.006 
 185   (0.073) 0.008 0.285 0.067 0.002 0.130 0.129 0.073 0.078 0.459 0.006 0.007 0.072 0.056 0.069 0.008 0.018 
 175   (0.047) 0.005 0.238 0.153 0.001 0.079 0.043 0.047 0.060 0.003 0.003 0.004 0.033 0.104 0.033 0.004 0.008 

Locus 4 : 4 
12 alleles
0.2% missing data
 253   (0.493) 0.599 0.169 0.590 0.800 0.422 0.617 0.493 0.524 0.465 0.528 0.625 0.541 0.511 0.512 0.424 0.611 
 249   (0.028) 0.004 0.066 0.003 0.069 0.005 0.005 0.028 0.016 0.002 0.003 0.316 0.023 0.009 0.022 0.018 0.005 
 271   (0.041) 0.005 0.110 0.006 0.035 0.019 0.011 0.041 0.044 0.003 0.003 0.005 0.036 0.030 0.037 0.051 0.009 
 241   (0.154) 0.180 0.529 0.120 0.016 0.196 0.106 0.154 0.134 0.150 0.059 0.021 0.126 0.188 0.150 0.391 0.148 
 257   (0.006) 0.001 0.000 0.001 0.000 0.001 0.001 0.006 0.003 0.000 0.000 0.000 0.003 0.005 0.003 0.003 0.001 
 269   (0.175) 0.201 0.031 0.226 0.077 0.314 0.234 0.175 0.172 0.098 0.399 0.021 0.166 0.157 0.180 0.090 0.182 
 247   (0.064) 0.007 0.027 0.048 0.002 0.029 0.017 0.064 0.088 0.281 0.005 0.008 0.084 0.054 0.074 0.007 0.034 
 245   (0.009) 0.001 0.066 0.001 0.000 0.002 0.001 0.009 0.004 0.001 0.001 0.001 0.005 0.002 0.005 0.001 0.001 
 239   (0.011) 0.001 0.001 0.001 0.000 0.002 0.003 0.011 0.005 0.001 0.001 0.001 0.006 0.020 0.007 0.001 0.003 
 273   (0.008) 0.001 0.001 0.001 0.000 0.001 0.001 0.008 0.003 0.000 0.001 0.001 0.004 0.022 0.004 0.001 0.001 
 267   (0.006) 0.001 0.000 0.001 0.000 0.001 0.002 0.006 0.003 0.000 0.001 0.001 0.003 0.002 0.003 0.014 0.001 
 255   (0.006) 0.001 0.000 0.002 0.000 0.007 0.001 0.006 0.005 0.000 0.000 0.001 0.003 0.002 0.003 0.001 0.003 

Locus 5 : 5 
6 alleles
0.6% missing data
 103   (0.851) 0.983 0.735 0.965 0.990 0.925 0.952 0.851 0.846 0.979 0.988 0.985 0.803 0.853 0.829 0.963 0.926 
 104   (0.063) 0.007 0.073 0.019 0.007 0.045 0.027 0.063 0.084 0.004 0.006 0.007 0.102 0.055 0.081 0.029 0.027 
 101   (0.010) 0.001 0.001 0.001 0.000 0.002 0.005 0.010 0.004 0.013 0.001 0.001 0.005 0.003 0.006 0.001 0.002 
 105   (0.046) 0.005 0.166 0.011 0.001 0.018 0.011 0.046 0.046 0.003 0.003 0.005 0.061 0.071 0.055 0.004 0.037 
 102   (0.016) 0.002 0.001 0.002 0.000 0.007 0.003 0.016 0.013 0.001 0.001 0.001 0.018 0.007 0.018 0.001 0.005 
 107   (0.015) 0.001 0.026 0.002 0.000 0.003 0.002 0.015 0.007 0.001 0.001 0.001 0.011 0.011 0.011 0.001 0.003 

Locus 6 : 6 
5 alleles
0.2% missing data
 141   (0.275) 0.031 0.110 0.215 0.600 0.220 0.770 0.274 0.313 0.130 0.500 0.836 0.254 0.209 0.246 0.294 0.307 
 145   (0.400) 0.410 0.023 0.625 0.179 0.524 0.135 0.400 0.396 0.262 0.202 0.074 0.455 0.525 0.468 0.120 0.450 
 135   (0.234) 0.548 0.637 0.148 0.205 0.226 0.072 0.234 0.233 0.289 0.151 0.072 0.219 0.199 0.210 0.365 0.138 
 147   (0.081) 0.010 0.126 0.011 0.016 0.028 0.021 0.081 0.053 0.319 0.147 0.017 0.066 0.057 0.070 0.219 0.104 
 137   (0.011) 0.001 0.103 0.002 0.000 0.002 0.002 0.011 0.005 0.001 0.001 0.001 0.006 0.011 0.006 0.001 0.002 

Locus 7 : 7 
10 alleles
1.2% missing data
  93   (0.227) 0.795 0.113 0.305 0.334 0.248 0.303 0.227 0.233 0.066 0.305 0.626 0.180 0.273 0.185 0.405 0.213 
 103   (0.302) 0.040 0.017 0.353 0.371 0.376 0.129 0.302 0.343 0.513 0.555 0.081 0.344 0.290 0.334 0.266 0.526 
  91   (0.071) 0.010 0.060 0.046 0.029 0.017 0.058 0.071 0.048 0.156 0.049 0.007 0.068 0.059 0.072 0.008 0.045 
  97   (0.196) 0.129 0.263 0.154 0.183 0.153 0.236 0.196 0.161 0.253 0.074 0.027 0.203 0.122 0.212 0.174 0.159 
  85   (0.045) 0.006 0.003 0.036 0.054 0.047 0.010 0.046 0.035 0.003 0.004 0.005 0.047 0.047 0.047 0.008 0.015 
  89   (0.079) 0.010 0.300 0.068 0.027 0.133 0.248 0.079 0.084 0.005 0.008 0.246 0.059 0.068 0.062 0.132 0.029 
  83   (0.048) 0.006 0.003 0.034 0.001 0.020 0.010 0.048 0.076 0.003 0.003 0.005 0.073 0.132 0.060 0.004 0.009 
 105   (0.013) 0.002 0.091 0.002 0.000 0.002 0.003 0.013 0.011 0.001 0.001 0.001 0.013 0.004 0.014 0.001 0.002 
 101   (0.009) 0.001 0.125 0.001 0.000 0.002 0.001 0.009 0.004 0.000 0.001 0.001 0.008 0.003 0.007 0.001 0.001 
  99   (0.009) 0.001 0.025 0.001 0.000 0.002 0.001 0.009 0.005 0.001 0.001 0.001 0.006 0.003 0.007 0.001 0.001 

Locus 8 : 8 
8 alleles
0.0% missing data
 129   (0.555) 0.199 0.300 0.706 0.705 0.731 0.475 0.556 0.583 0.638 0.703 0.660 0.589 0.633 0.596 0.461 0.403 
 141   (0.057) 0.006 0.003 0.012 0.106 0.024 0.012 0.057 0.044 0.216 0.044 0.011 0.045 0.023 0.045 0.155 0.097 
 149   (0.081) 0.009 0.302 0.060 0.138 0.062 0.268 0.081 0.085 0.012 0.159 0.012 0.071 0.057 0.069 0.023 0.018 
 143   (0.255) 0.701 0.298 0.207 0.050 0.169 0.206 0.255 0.254 0.129 0.090 0.313 0.251 0.251 0.246 0.355 0.473 
 127   (0.017) 0.045 0.095 0.002 0.000 0.003 0.003 0.017 0.010 0.001 0.001 0.001 0.018 0.005 0.016 0.002 0.003 
 131   (0.011) 0.038 0.001 0.010 0.000 0.003 0.003 0.011 0.006 0.002 0.001 0.001 0.008 0.003 0.008 0.001 0.002 
 133   (0.017) 0.002 0.001 0.002 0.000 0.007 0.033 0.017 0.015 0.001 0.001 0.001 0.014 0.024 0.016 0.002 0.003 
 145   (0.006) 0.001 0.000 0.001 0.000 0.001 0.001 0.006 0.003 0.000 0.000 0.000 0.003 0.004 0.004 0.001 0.001 

Locus 9 : 9 
5 alleles
0.0% missing data
 191   (0.390) 0.338 0.339 0.331 0.556 0.226 0.555 0.390 0.352 0.544 0.595 0.838 0.401 0.350 0.388 0.583 0.475 
 195   (0.147) 0.355 0.330 0.349 0.176 0.165 0.035 0.147 0.146 0.051 0.233 0.033 0.119 0.131 0.116 0.036 0.243 
 189   (0.450) 0.306 0.330 0.318 0.264 0.606 0.407 0.451 0.497 0.405 0.170 0.127 0.474 0.507 0.490 0.380 0.280 
 197   (0.006) 0.001 0.000 0.001 0.000 0.001 0.001 0.006 0.003 0.000 0.000 0.001 0.003 0.011 0.003 0.001 0.001 
 193   (0.006) 0.001 0.000 0.001 0.003 0.001 0.002 0.006 0.003 0.000 0.001 0.001 0.003 0.002 0.003 0.001 0.001 

Locus 10 : 10 
7 alleles
0.4% missing data
 232   (0.245) 0.218 0.126 0.201 0.326 0.105 0.063 0.245 0.213 0.277 0.139 0.584 0.287 0.288 0.279 0.368 0.152 
 238   (0.561) 0.368 0.748 0.722 0.550 0.809 0.842 0.561 0.638 0.341 0.744 0.133 0.553 0.499 0.552 0.454 0.671 
 252   (0.109) 0.017 0.014 0.066 0.113 0.070 0.079 0.109 0.093 0.032 0.091 0.266 0.087 0.161 0.089 0.170 0.122 
 254   (0.047) 0.393 0.082 0.006 0.009 0.009 0.010 0.047 0.030 0.266 0.024 0.014 0.038 0.036 0.042 0.005 0.048 
 248   (0.018) 0.002 0.001 0.002 0.000 0.004 0.003 0.018 0.011 0.083 0.001 0.002 0.016 0.009 0.020 0.002 0.003 
 250   (0.013) 0.002 0.029 0.002 0.000 0.002 0.002 0.013 0.011 0.001 0.001 0.001 0.015 0.004 0.014 0.001 0.002 
 236   (0.006) 0.001 0.000 0.001 0.000 0.001 0.001 0.006 0.003 0.001 0.000 0.001 0.004 0.003 0.005 0.001 0.002 

Locus 11 : 11 
4 alleles
0.0% missing data
  87   (0.690) 0.964 0.496 0.862 0.656 0.816 0.870 0.690 0.731 0.534 0.580 0.349 0.704 0.689 0.705 0.570 0.643 
  89   (0.243) 0.029 0.152 0.111 0.276 0.159 0.083 0.243 0.222 0.384 0.414 0.629 0.247 0.218 0.244 0.361 0.345 
  91   (0.052) 0.006 0.183 0.026 0.067 0.021 0.013 0.052 0.038 0.081 0.005 0.020 0.039 0.077 0.039 0.067 0.010 
  85   (0.016) 0.002 0.169 0.002 0.000 0.003 0.034 0.016 0.009 0.001 0.001 0.002 0.010 0.015 0.011 0.001 0.003 

Locus 12 : 12 
13 alleles
0.4% missing data
 160   (0.213) 0.598 0.424 0.298 0.091 0.217 0.200 0.213 0.201 0.720 0.231 0.034 0.221 0.209 0.227 0.191 0.060 
 162   (0.250) 0.065 0.015 0.253 0.202 0.260 0.381 0.249 0.307 0.230 0.242 0.746 0.246 0.251 0.235 0.088 0.481 
 147   (0.053) 0.006 0.003 0.020 0.118 0.059 0.014 0.053 0.044 0.003 0.101 0.113 0.040 0.019 0.046 0.367 0.089 
 158   (0.232) 0.028 0.096 0.217 0.552 0.173 0.105 0.232 0.194 0.022 0.402 0.075 0.255 0.282 0.249 0.317 0.188 
 161   (0.106) 0.115 0.272 0.092 0.028 0.159 0.032 0.106 0.112 0.016 0.008 0.015 0.090 0.115 0.086 0.023 0.152 
 170   (0.050) 0.006 0.028 0.024 0.007 0.047 0.013 0.050 0.063 0.003 0.009 0.007 0.061 0.058 0.063 0.005 0.009 
 143   (0.030) 0.176 0.160 0.005 0.001 0.006 0.009 0.030 0.031 0.002 0.002 0.003 0.031 0.038 0.031 0.003 0.005 
 154   (0.016) 0.002 0.001 0.002 0.000 0.003 0.005 0.016 0.013 0.001 0.001 0.002 0.023 0.006 0.026 0.001 0.006 
 149   (0.019) 0.002 0.001 0.077 0.001 0.026 0.235 0.019 0.012 0.001 0.001 0.002 0.013 0.005 0.014 0.002 0.004 
 153   (0.011) 0.001 0.001 0.001 0.000 0.002 0.002 0.011 0.007 0.001 0.001 0.001 0.010 0.010 0.012 0.001 0.003 
 150   (0.006) 0.001 0.000 0.008 0.000 0.006 0.001 0.006 0.002 0.000 0.000 0.001 0.003 0.002 0.003 0.001 0.001 
 159   (0.008) 0.001 0.000 0.002 0.000 0.040 0.002 0.008 0.009 0.000 0.001 0.001 0.004 0.003 0.004 0.001 0.001 
 164   (0.006) 0.001 0.000 0.001 0.000 0.001 0.001 0.006 0.003 0.000 0.000 0.000 0.003 0.002 0.004 0.001 0.001 

Locus 13 : 13 
5 alleles
0.0% missing data
 108   (0.204) 0.337 0.297 0.087 0.169 0.165 0.051 0.204 0.150 0.199 0.136 0.400 0.205 0.278 0.220 0.158 0.147 
 115   (0.453) 0.090 0.377 0.558 0.531 0.449 0.682 0.453 0.478 0.283 0.789 0.534 0.430 0.468 0.434 0.281 0.501 
 113   (0.332) 0.572 0.325 0.354 0.300 0.383 0.265 0.332 0.364 0.518 0.074 0.065 0.356 0.250 0.338 0.560 0.351 
 109   (0.006) 0.001 0.000 0.001 0.000 0.001 0.001 0.006 0.003 0.000 0.000 0.001 0.005 0.002 0.004 0.001 0.001 
 110   (0.006) 0.001 0.000 0.001 0.000 0.001 0.001 0.006 0.005 0.000 0.000 0.000 0.004 0.002 0.004 0.001 0.001 

Locus 14 : 14 
5 alleles
1.2% missing data
 227   (0.139) 0.255 0.008 0.322 0.259 0.320 0.060 0.139 0.182 0.016 0.244 0.062 0.137 0.076 0.135 0.330 0.037 
 231   (0.157) 0.274 0.355 0.026 0.104 0.040 0.039 0.157 0.118 0.353 0.061 0.026 0.156 0.146 0.172 0.103 0.457 
 229   (0.502) 0.093 0.469 0.534 0.487 0.456 0.850 0.503 0.490 0.415 0.342 0.858 0.525 0.678 0.512 0.454 0.290 
 225   (0.136) 0.222 0.059 0.063 0.045 0.165 0.036 0.136 0.150 0.212 0.297 0.018 0.129 0.073 0.131 0.022 0.143 
 233   (0.066) 0.155 0.108 0.054 0.105 0.020 0.015 0.065 0.060 0.005 0.057 0.035 0.053 0.027 0.050 0.090 0.073 

Locus 15 : 15 
5 alleles
0.4% missing data
 143   (0.843) 0.719 0.620 0.865 0.972 0.871 0.937 0.843 0.876 0.815 0.950 0.983 0.834 0.885 0.836 0.977 0.875 
 157   (0.008) 0.001 0.000 0.001 0.019 0.002 0.001 0.008 0.003 0.000 0.003 0.001 0.004 0.002 0.004 0.001 0.003 
 145   (0.088) 0.272 0.184 0.074 0.007 0.047 0.049 0.088 0.076 0.006 0.043 0.010 0.095 0.050 0.092 0.016 0.111 
 147   (0.046) 0.006 0.195 0.059 0.001 0.077 0.010 0.046 0.037 0.146 0.003 0.005 0.057 0.023 0.057 0.005 0.008 
 133   (0.014) 0.001 0.001 0.002 0.000 0.003 0.002 0.014 0.007 0.032 0.001 0.002 0.009 0.039 0.011 0.001 0.002 

Locus 16 : 16 
5 alleles
0.2% missing data
 156   (0.225) 0.513 0.162 0.241 0.313 0.200 0.054 0.225 0.203 0.501 0.260 0.195 0.197 0.385 0.196 0.066 0.324 
 158   (0.539) 0.252 0.314 0.657 0.499 0.601 0.612 0.540 0.584 0.197 0.498 0.329 0.567 0.463 0.560 0.755 0.474 
 160   (0.142) 0.016 0.117 0.073 0.141 0.157 0.309 0.142 0.135 0.113 0.202 0.464 0.137 0.100 0.140 0.169 0.145 
 154   (0.085) 0.218 0.406 0.018 0.046 0.029 0.024 0.085 0.071 0.189 0.039 0.011 0.095 0.049 0.100 0.009 0.056 
 152   (0.008) 0.001 0.000 0.010 0.000 0.012 0.002 0.008 0.008 0.001 0.001 0.001 0.004 0.003 0.004 0.001 0.001 

Locus 17 : 17 
5 alleles
0.0% missing data
 102   (0.206) 0.025 0.039 0.118 0.246 0.356 0.338 0.206 0.263 0.199 0.252 0.095 0.189 0.105 0.182 0.164 0.185 
  90   (0.681) 0.577 0.322 0.859 0.716 0.605 0.387 0.681 0.625 0.794 0.739 0.617 0.659 0.813 0.675 0.810 0.792 
  88   (0.068) 0.007 0.467 0.010 0.037 0.020 0.266 0.068 0.073 0.005 0.006 0.284 0.077 0.033 0.081 0.021 0.013 
 100   (0.039) 0.390 0.172 0.009 0.001 0.010 0.008 0.039 0.036 0.002 0.003 0.004 0.072 0.047 0.059 0.004 0.008 
 104   (0.006) 0.001 0.000 0.005 0.000 0.009 0.001 0.006 0.003 0.000 0.000 0.001 0.003 0.002 0.003 0.001 0.001 

Locus 18 : 18 
7 alleles
0.0% missing data
 142   (0.128) 0.016 0.018 0.065 0.413 0.086 0.081 0.128 0.131 0.008 0.421 0.792 0.124 0.168 0.122 0.387 0.025 
 146   (0.080) 0.008 0.005 0.030 0.153 0.151 0.103 0.079 0.133 0.225 0.330 0.036 0.065 0.067 0.057 0.021 0.081 
 140   (0.285) 0.276 0.298 0.253 0.104 0.271 0.496 0.285 0.246 0.178 0.044 0.046 0.324 0.233 0.309 0.438 0.504 
 127   (0.304) 0.550 0.385 0.358 0.254 0.265 0.190 0.305 0.295 0.059 0.128 0.076 0.321 0.403 0.331 0.079 0.229 
 148   (0.096) 0.010 0.067 0.065 0.066 0.104 0.048 0.096 0.101 0.217 0.009 0.032 0.081 0.037 0.093 0.048 0.117 
 150   (0.052) 0.005 0.225 0.194 0.001 0.066 0.065 0.052 0.059 0.309 0.004 0.006 0.043 0.051 0.037 0.005 0.012 
 138   (0.055) 0.135 0.003 0.034 0.010 0.057 0.017 0.055 0.036 0.004 0.065 0.014 0.042 0.041 0.050 0.022 0.032 

Locus 19 : 19 
8 alleles
0.2% missing data
 188   (0.180) 0.019 0.011 0.167 0.117 0.171 0.044 0.181 0.174 0.171 0.025 0.557 0.209 0.190 0.200 0.167 0.067 
 190   (0.127) 0.013 0.040 0.222 0.369 0.111 0.368 0.126 0.081 0.197 0.585 0.015 0.084 0.101 0.089 0.327 0.238 
 194   (0.576) 0.956 0.555 0.551 0.511 0.539 0.203 0.576 0.593 0.481 0.382 0.419 0.593 0.632 0.598 0.496 0.606 
 202   (0.016) 0.002 0.042 0.002 0.000 0.003 0.003 0.016 0.010 0.145 0.001 0.001 0.011 0.005 0.011 0.001 0.003 
 200   (0.082) 0.008 0.313 0.055 0.002 0.172 0.379 0.082 0.133 0.005 0.006 0.007 0.092 0.060 0.090 0.008 0.080 
 192   (0.006) 0.001 0.000 0.001 0.000 0.001 0.001 0.006 0.003 0.000 0.000 0.000 0.005 0.002 0.005 0.001 0.004 
 196   (0.006) 0.001 0.000 0.001 0.000 0.001 0.001 0.006 0.003 0.000 0.000 0.000 0.003 0.008 0.003 0.001 0.001 
 198   (0.007) 0.001 0.038 0.001 0.000 0.001 0.001 0.007 0.002 0.000 0.000 0.000 0.003 0.002 0.003 0.001 0.001 

Locus 20 : 20 
6 alleles
0.8% missing data
 252   (0.700) 0.383 0.073 0.742 0.830 0.816 0.567 0.701 0.757 0.728 0.922 0.822 0.728 0.829 0.734 0.701 0.743 
 250   (0.083) 0.348 0.428 0.066 0.118 0.082 0.128 0.083 0.055 0.141 0.011 0.011 0.072 0.029 0.077 0.046 0.070 
 244   (0.023) 0.004 0.046 0.007 0.002 0.007 0.005 0.023 0.012 0.001 0.038 0.143 0.013 0.009 0.014 0.002 0.007 
 254   (0.079) 0.103 0.244 0.115 0.032 0.067 0.018 0.078 0.087 0.081 0.019 0.010 0.060 0.064 0.057 0.010 0.056 
 246   (0.092) 0.160 0.207 0.067 0.006 0.022 0.277 0.093 0.062 0.047 0.007 0.010 0.083 0.059 0.084 0.238 0.121 
 248   (0.022) 0.003 0.001 0.003 0.011 0.007 0.004 0.022 0.026 0.001 0.002 0.003 0.045 0.010 0.035 0.003 0.004 

Locus 21 : 21 
7 alleles
0.2% missing data
 173   (0.294) 0.121 0.208 0.579 0.357 0.488 0.078 0.294 0.346 0.211 0.410 0.158 0.247 0.347 0.250 0.141 0.314 
 177   (0.265) 0.273 0.041 0.232 0.304 0.259 0.512 0.265 0.282 0.168 0.159 0.180 0.313 0.215 0.307 0.654 0.082 
 175   (0.139) 0.485 0.504 0.074 0.018 0.074 0.038 0.139 0.111 0.257 0.068 0.017 0.122 0.130 0.121 0.022 0.326 
 167   (0.198) 0.110 0.068 0.098 0.316 0.149 0.093 0.198 0.177 0.122 0.303 0.635 0.189 0.262 0.193 0.170 0.143 
 163   (0.038) 0.004 0.107 0.009 0.003 0.012 0.008 0.038 0.026 0.229 0.003 0.004 0.038 0.022 0.037 0.004 0.016 
 165   (0.046) 0.005 0.070 0.006 0.001 0.010 0.266 0.046 0.037 0.012 0.055 0.004 0.055 0.019 0.049 0.007 0.116 
 159   (0.019) 0.002 0.001 0.002 0.001 0.008 0.004 0.019 0.021 0.001 0.001 0.002 0.036 0.005 0.043 0.002 0.003 

Locus 22 : 22 
11 alleles
0.6% missing data
 146   (0.232) 0.072 0.014 0.298 0.270 0.273 0.291 0.232 0.297 0.139 0.056 0.832 0.225 0.212 0.230 0.213 0.171 
 154   (0.009) 0.001 0.000 0.001 0.080 0.002 0.002 0.009 0.003 0.000 0.009 0.001 0.004 0.002 0.004 0.002 0.001 
 166   (0.090) 0.113 0.005 0.023 0.037 0.031 0.023 0.091 0.100 0.006 0.009 0.010 0.124 0.046 0.110 0.275 0.077 
 152   (0.424) 0.505 0.099 0.604 0.574 0.599 0.596 0.424 0.401 0.365 0.905 0.128 0.408 0.547 0.413 0.437 0.505 
 150   (0.030) 0.110 0.103 0.006 0.007 0.015 0.008 0.030 0.036 0.002 0.004 0.004 0.034 0.010 0.026 0.009 0.005 
 164   (0.035) 0.005 0.068 0.006 0.012 0.010 0.007 0.035 0.020 0.002 0.005 0.005 0.025 0.029 0.027 0.045 0.056 
 156   (0.018) 0.002 0.113 0.014 0.000 0.010 0.004 0.018 0.008 0.303 0.001 0.002 0.010 0.005 0.011 0.002 0.004 
 162   (0.052) 0.007 0.138 0.010 0.001 0.031 0.020 0.052 0.044 0.072 0.003 0.005 0.054 0.040 0.064 0.005 0.046 
 158   (0.087) 0.010 0.431 0.018 0.018 0.024 0.045 0.087 0.072 0.109 0.007 0.011 0.099 0.102 0.100 0.009 0.131 
 148   (0.009) 0.173 0.000 0.001 0.000 0.001 0.001 0.009 0.003 0.000 0.001 0.001 0.004 0.003 0.005 0.001 0.001 
 142   (0.015) 0.002 0.028 0.019 0.000 0.003 0.003 0.015 0.016 0.001 0.001 0.001 0.013 0.004 0.011 0.001 0.002 

Locus 23 : 23 
7 alleles
0.8% missing data
 152   (0.013) 0.001 0.001 0.002 0.074 0.003 0.002 0.012 0.006 0.001 0.001 0.001 0.007 0.003 0.007 0.093 0.002 
 156   (0.118) 0.014 0.432 0.039 0.043 0.057 0.028 0.118 0.104 0.030 0.011 0.012 0.127 0.250 0.122 0.094 0.124 
 144   (0.177) 0.607 0.244 0.307 0.206 0.203 0.053 0.177 0.162 0.643 0.070 0.027 0.159 0.108 0.167 0.150 0.197 
 160   (0.108) 0.013 0.012 0.092 0.194 0.141 0.316 0.108 0.096 0.105 0.113 0.012 0.101 0.051 0.100 0.310 0.138 
 154   (0.548) 0.360 0.171 0.556 0.482 0.587 0.593 0.549 0.602 0.219 0.792 0.919 0.568 0.574 0.567 0.349 0.527 
 158   (0.028) 0.003 0.139 0.004 0.001 0.007 0.007 0.028 0.027 0.002 0.013 0.028 0.033 0.009 0.031 0.003 0.010 
 146   (0.008) 0.001 0.000 0.001 0.000 0.001 0.001 0.009 0.004 0.000 0.001 0.001 0.005 0.005 0.006 0.001 0.001 

Locus 24 : 24 
4 alleles
0.4% missing data
  77   (0.085) 0.009 0.005 0.054 0.359 0.115 0.040 0.085 0.078 0.049 0.137 0.033 0.059 0.111 0.066 0.017 0.085 
  83   (0.464) 0.688 0.587 0.449 0.436 0.412 0.738 0.463 0.410 0.921 0.714 0.225 0.451 0.392 0.454 0.588 0.597 
  81   (0.367) 0.293 0.380 0.385 0.178 0.384 0.200 0.368 0.439 0.024 0.142 0.731 0.407 0.353 0.399 0.365 0.275 
  85   (0.084) 0.009 0.029 0.112 0.028 0.089 0.021 0.084 0.073 0.006 0.007 0.011 0.083 0.144 0.081 0.030 0.043 

Locus 25 : 25 
6 alleles
0.4% missing data
 132   (0.316) 0.180 0.021 0.368 0.508 0.264 0.212 0.316 0.321 0.455 0.591 0.909 0.332 0.229 0.340 0.106 0.452 
 124   (0.532) 0.415 0.470 0.496 0.420 0.596 0.744 0.532 0.529 0.536 0.313 0.067 0.525 0.709 0.526 0.860 0.422 
 126   (0.027) 0.003 0.011 0.003 0.051 0.005 0.005 0.027 0.013 0.002 0.085 0.003 0.016 0.010 0.018 0.020 0.005 
 122   (0.092) 0.108 0.475 0.128 0.019 0.126 0.032 0.092 0.119 0.006 0.009 0.017 0.102 0.040 0.089 0.010 0.101 
 120   (0.019) 0.292 0.022 0.002 0.001 0.004 0.003 0.019 0.010 0.001 0.001 0.002 0.014 0.008 0.015 0.002 0.004 
 136   (0.015) 0.002 0.001 0.002 0.001 0.005 0.003 0.015 0.009 0.001 0.001 0.001 0.010 0.004 0.011 0.002 0.015 

Locus 26 : 26 
7 alleles
0.2% missing data
 165   (0.243) 0.323 0.115 0.317 0.140 0.183 0.208 0.243 0.236 0.054 0.029 0.683 0.239 0.227 0.241 0.154 0.342 
 183   (0.355) 0.293 0.210 0.331 0.530 0.303 0.612 0.354 0.295 0.422 0.789 0.209 0.362 0.328 0.366 0.456 0.454 
 179   (0.088) 0.345 0.281 0.035 0.067 0.118 0.047 0.088 0.096 0.005 0.010 0.017 0.071 0.072 0.077 0.099 0.020 
 175   (0.248) 0.032 0.015 0.309 0.261 0.378 0.121 0.249 0.329 0.453 0.168 0.085 0.259 0.213 0.247 0.286 0.156 
 181   (0.051) 0.006 0.263 0.006 0.001 0.016 0.009 0.051 0.037 0.064 0.003 0.005 0.059 0.155 0.059 0.005 0.026 
 185   (0.009) 0.001 0.114 0.001 0.000 0.002 0.001 0.009 0.004 0.001 0.001 0.001 0.005 0.003 0.006 0.001 0.001 
 157   (0.006) 0.001 0.000 0.001 0.000 0.001 0.001 0.006 0.003 0.000 0.000 0.001 0.004 0.002 0.004 0.001 0.001 

Locus 27 : 27 
4 alleles
0.2% missing data
 142   (0.640) 0.307 0.523 0.813 0.720 0.714 0.716 0.640 0.653 0.742 0.634 0.350 0.667 0.593 0.668 0.598 0.680 
 148   (0.205) 0.676 0.267 0.091 0.076 0.127 0.052 0.206 0.184 0.065 0.087 0.387 0.208 0.223 0.203 0.190 0.250 
 138   (0.048) 0.006 0.047 0.020 0.193 0.013 0.022 0.048 0.028 0.003 0.266 0.252 0.032 0.020 0.033 0.199 0.017 
 150   (0.106) 0.012 0.163 0.077 0.011 0.145 0.211 0.106 0.135 0.190 0.013 0.011 0.093 0.164 0.096 0.012 0.053 

Locus 28 : 28 
6 alleles
0.8% missing data
 260   (0.388) 0.133 0.218 0.524 0.273 0.488 0.487 0.388 0.447 0.377 0.659 0.274 0.428 0.225 0.415 0.519 0.297 
 262   (0.508) 0.853 0.695 0.387 0.721 0.395 0.482 0.508 0.468 0.549 0.332 0.714 0.469 0.685 0.471 0.470 0.662 
 256   (0.074) 0.010 0.086 0.056 0.006 0.082 0.026 0.074 0.066 0.072 0.007 0.010 0.079 0.065 0.087 0.008 0.036 
 258   (0.010) 0.001 0.001 0.001 0.000 0.002 0.002 0.010 0.009 0.001 0.001 0.001 0.012 0.003 0.014 0.001 0.002 
 266   (0.006) 0.001 0.000 0.010 0.000 0.002 0.001 0.006 0.003 0.000 0.000 0.000 0.003 0.002 0.003 0.001 0.001 
 264   (0.014) 0.001 0.001 0.023 0.000 0.031 0.002 0.014 0.007 0.001 0.001 0.001 0.009 0.021 0.011 0.001 0.002 

Locus 29 : 29 
7 alleles
0.2% missing data
 146   (0.282) 0.035 0.325 0.214 0.140 0.312 0.449 0.282 0.249 0.334 0.315 0.079 0.317 0.259 0.315 0.316 0.348 
 150   (0.437) 0.140 0.239 0.550 0.726 0.482 0.189 0.437 0.502 0.288 0.581 0.172 0.431 0.583 0.419 0.412 0.407 
 140   (0.177) 0.814 0.389 0.149 0.076 0.176 0.129 0.177 0.177 0.057 0.095 0.690 0.168 0.118 0.175 0.030 0.171 
 148   (0.061) 0.007 0.035 0.035 0.048 0.015 0.149 0.061 0.039 0.318 0.005 0.052 0.047 0.022 0.048 0.232 0.050 
 152   (0.027) 0.003 0.010 0.050 0.001 0.011 0.065 0.027 0.025 0.002 0.002 0.004 0.028 0.013 0.034 0.003 0.005 
 151   (0.009) 0.001 0.000 0.001 0.008 0.003 0.006 0.009 0.004 0.001 0.001 0.001 0.004 0.003 0.005 0.005 0.002 
 142   (0.008) 0.001 0.000 0.001 0.001 0.001 0.013 0.008 0.003 0.000 0.001 0.001 0.004 0.003 0.004 0.001 0.018 

Locus 30 : 30 
6 alleles
0.2% missing data
 125   (0.289) 0.138 0.141 0.073 0.511 0.097 0.096 0.289 0.246 0.029 0.305 0.630 0.344 0.350 0.332 0.280 0.309 
 129   (0.432) 0.210 0.079 0.611 0.430 0.602 0.466 0.432 0.455 0.787 0.661 0.307 0.393 0.391 0.405 0.665 0.418 
 123   (0.149) 0.018 0.111 0.271 0.056 0.213 0.101 0.149 0.163 0.101 0.024 0.048 0.138 0.184 0.139 0.043 0.110 
 127   (0.083) 0.590 0.528 0.028 0.002 0.045 0.325 0.083 0.067 0.080 0.006 0.010 0.076 0.046 0.082 0.008 0.153 
 121   (0.012) 0.040 0.001 0.002 0.000 0.003 0.002 0.012 0.008 0.001 0.001 0.001 0.008 0.005 0.009 0.001 0.003 
 131   (0.035) 0.004 0.141 0.015 0.001 0.040 0.009 0.035 0.061 0.002 0.002 0.003 0.041 0.024 0.033 0.003 0.007 

Locus 31 : 31 
6 alleles
0.2% missing data
 159   (0.168) 0.019 0.201 0.246 0.168 0.324 0.062 0.168 0.198 0.011 0.020 0.067 0.149 0.276 0.146 0.103 0.298 
 155   (0.552) 0.523 0.421 0.514 0.634 0.294 0.477 0.552 0.513 0.707 0.928 0.582 0.605 0.470 0.593 0.860 0.419 
 157   (0.178) 0.114 0.061 0.158 0.110 0.258 0.437 0.178 0.208 0.020 0.019 0.297 0.156 0.203 0.168 0.027 0.256 
 153   (0.065) 0.101 0.307 0.076 0.086 0.116 0.017 0.065 0.061 0.004 0.028 0.048 0.064 0.026 0.062 0.007 0.013 
 151   (0.031) 0.243 0.009 0.004 0.002 0.006 0.007 0.031 0.017 0.257 0.005 0.004 0.022 0.023 0.026 0.003 0.014 
 163   (0.006) 0.001 0.000 0.001 0.001 0.001 0.001 0.006 0.003 0.000 0.000 0.001 0.003 0.002 0.004 0.001 0.001 

Locus 32 : 32 
5 alleles
0.0% missing data
 146   (0.315) 0.584 0.652 0.360 0.080 0.328 0.219 0.315 0.312 0.314 0.046 0.059 0.365 0.360 0.350 0.046 0.265 
 150   (0.571) 0.403 0.251 0.588 0.850 0.609 0.422 0.571 0.593 0.638 0.866 0.928 0.545 0.596 0.550 0.867 0.509 
 148   (0.064) 0.007 0.032 0.011 0.069 0.029 0.345 0.064 0.039 0.045 0.085 0.007 0.045 0.019 0.059 0.081 0.118 
 154   (0.037) 0.004 0.064 0.007 0.001 0.011 0.009 0.037 0.036 0.002 0.003 0.005 0.036 0.020 0.034 0.005 0.106 
 152   (0.013) 0.001 0.001 0.034 0.000 0.023 0.005 0.013 0.019 0.001 0.001 0.001 0.010 0.005 0.008 0.001 0.002 

Locus 33 : 33 
7 alleles
0.0% missing data
 180   (0.466) 0.699 0.357 0.352 0.667 0.338 0.511 0.466 0.471 0.672 0.327 0.428 0.481 0.414 0.484 0.357 0.525 
 196   (0.115) 0.013 0.025 0.147 0.164 0.162 0.025 0.115 0.109 0.007 0.282 0.125 0.107 0.103 0.106 0.214 0.048 
 184   (0.196) 0.265 0.186 0.369 0.132 0.211 0.087 0.195 0.138 0.070 0.220 0.421 0.189 0.203 0.183 0.114 0.282 
 194   (0.013) 0.001 0.001 0.002 0.026 0.003 0.002 0.013 0.005 0.001 0.090 0.001 0.006 0.005 0.006 0.023 0.002 
 192   (0.132) 0.014 0.165 0.111 0.007 0.210 0.357 0.132 0.177 0.183 0.009 0.015 0.132 0.198 0.146 0.013 0.101 
 198   (0.063) 0.007 0.266 0.010 0.003 0.019 0.015 0.063 0.070 0.066 0.071 0.008 0.076 0.057 0.067 0.278 0.017 
 190   (0.016) 0.001 0.001 0.009 0.000 0.058 0.003 0.016 0.030 0.001 0.001 0.002 0.009 0.019 0.009 0.002 0.024 

Locus 34 : 34 
6 alleles
0.0% missing data
 110   (0.193) 0.214 0.109 0.069 0.312 0.145 0.167 0.193 0.174 0.068 0.596 0.257 0.192 0.118 0.199 0.162 0.218 
 112   (0.355) 0.040 0.048 0.396 0.551 0.379 0.419 0.355 0.366 0.057 0.306 0.076 0.380 0.334 0.393 0.745 0.295 
 106   (0.266) 0.223 0.248 0.441 0.115 0.362 0.164 0.266 0.300 0.714 0.025 0.589 0.235 0.394 0.221 0.072 0.413 
  90   (0.040) 0.407 0.002 0.006 0.016 0.018 0.217 0.039 0.036 0.002 0.028 0.062 0.030 0.037 0.027 0.005 0.008 
 108   (0.136) 0.115 0.591 0.087 0.006 0.094 0.030 0.137 0.119 0.112 0.044 0.015 0.158 0.112 0.154 0.015 0.064 
  96   (0.010) 0.001 0.001 0.001 0.000 0.002 0.003 0.010 0.005 0.046 0.001 0.001 0.005 0.004 0.006 0.001 0.002 

Locus 35 : 35 
9 alleles
0.0% missing data
 166   (0.060) 0.008 0.003 0.130 0.262 0.031 0.105 0.059 0.052 0.004 0.367 0.010 0.044 0.020 0.040 0.173 0.052 
 176   (0.102) 0.012 0.097 0.013 0.138 0.025 0.035 0.102 0.071 0.015 0.085 0.024 0.087 0.132 0.093 0.392 0.220 
 172   (0.327) 0.041 0.165 0.433 0.445 0.413 0.272 0.327 0.385 0.586 0.477 0.449 0.360 0.208 0.339 0.201 0.138 
 170   (0.267) 0.612 0.349 0.228 0.146 0.242 0.199 0.267 0.217 0.325 0.041 0.483 0.255 0.250 0.263 0.153 0.519 
 174   (0.131) 0.015 0.043 0.132 0.005 0.160 0.363 0.131 0.161 0.063 0.022 0.013 0.127 0.312 0.129 0.016 0.047 
 178   (0.038) 0.005 0.002 0.017 0.002 0.035 0.010 0.038 0.038 0.002 0.003 0.015 0.040 0.025 0.051 0.059 0.008 
 168   (0.051) 0.306 0.320 0.018 0.001 0.019 0.013 0.051 0.058 0.003 0.003 0.005 0.065 0.046 0.057 0.005 0.013 
 186   (0.018) 0.002 0.020 0.027 0.000 0.074 0.003 0.018 0.014 0.001 0.001 0.001 0.016 0.005 0.023 0.002 0.003 
 158   (0.006) 0.001 0.000 0.001 0.000 0.001 0.001 0.006 0.004 0.000 0.000 0.000 0.005 0.002 0.006 0.001 0.001 

Locus 36 : 36 
6 alleles
0.0% missing data
  89   (0.567) 0.372 0.602 0.614 0.669 0.747 0.658 0.567 0.631 0.509 0.635 0.227 0.607 0.544 0.598 0.722 0.493 
  95   (0.063) 0.007 0.027 0.103 0.089 0.039 0.017 0.063 0.049 0.005 0.034 0.045 0.052 0.023 0.053 0.019 0.087 
  85   (0.164) 0.493 0.014 0.171 0.217 0.090 0.268 0.164 0.135 0.234 0.249 0.263 0.138 0.211 0.137 0.223 0.145 
  81   (0.061) 0.008 0.003 0.024 0.007 0.024 0.016 0.061 0.053 0.004 0.005 0.008 0.059 0.141 0.066 0.006 0.180 
  83   (0.126) 0.014 0.327 0.079 0.018 0.097 0.038 0.126 0.121 0.247 0.075 0.454 0.133 0.075 0.133 0.029 0.091 
  91   (0.018) 0.106 0.026 0.009 0.001 0.004 0.004 0.018 0.012 0.001 0.001 0.002 0.012 0.005 0.013 0.002 0.003 

Locus 37 : 37 
10 alleles
0.0% missing data
 161   (0.350) 0.433 0.707 0.232 0.578 0.229 0.424 0.350 0.319 0.373 0.533 0.092 0.332 0.517 0.331 0.521 0.395 
 165   (0.230) 0.132 0.113 0.320 0.193 0.209 0.092 0.231 0.232 0.101 0.042 0.058 0.264 0.148 0.255 0.292 0.188 
 159   (0.015) 0.002 0.001 0.004 0.031 0.003 0.003 0.015 0.015 0.001 0.048 0.001 0.012 0.004 0.009 0.007 0.002 
 173   (0.252) 0.224 0.170 0.245 0.132 0.388 0.417 0.252 0.284 0.516 0.141 0.154 0.239 0.203 0.251 0.071 0.384 
 169   (0.100) 0.204 0.006 0.132 0.055 0.147 0.053 0.100 0.102 0.006 0.234 0.690 0.100 0.107 0.094 0.103 0.020 
 167   (0.017) 0.002 0.001 0.003 0.011 0.012 0.004 0.016 0.023 0.001 0.001 0.002 0.017 0.008 0.015 0.002 0.003 
 168   (0.010) 0.001 0.001 0.001 0.000 0.002 0.002 0.010 0.008 0.001 0.001 0.001 0.011 0.003 0.013 0.001 0.002 
 155   (0.013) 0.001 0.001 0.002 0.000 0.003 0.002 0.013 0.012 0.001 0.001 0.001 0.018 0.007 0.025 0.001 0.002 
 177   (0.006) 0.001 0.000 0.001 0.000 0.002 0.002 0.006 0.003 0.000 0.000 0.000 0.004 0.003 0.004 0.001 0.001 
 175   (0.007) 0.001 0.000 0.061 0.000 0.004 0.001 0.007 0.002 0.000 0.000 0.001 0.003 0.002 0.003 0.001 0.001 

Locus 38 : 38 
6 alleles
0.6% missing data
  87   (0.096) 0.553 0.438 0.025 0.159 0.091 0.028 0.095 0.078 0.128 0.209 0.012 0.064 0.060 0.069 0.137 0.110 
  89   (0.440) 0.051 0.226 0.628 0.607 0.464 0.401 0.440 0.480 0.091 0.464 0.760 0.486 0.531 0.477 0.674 0.222 
  91   (0.167) 0.208 0.100 0.054 0.107 0.129 0.091 0.167 0.180 0.185 0.244 0.188 0.176 0.168 0.162 0.025 0.204 
  81   (0.113) 0.013 0.007 0.061 0.097 0.065 0.415 0.113 0.105 0.116 0.010 0.011 0.116 0.065 0.118 0.080 0.222 
  85   (0.178) 0.174 0.228 0.231 0.030 0.251 0.064 0.178 0.155 0.479 0.057 0.028 0.156 0.175 0.171 0.083 0.242 
  83   (0.006) 0.001 0.000 0.001 0.000 0.001 0.001 0.006 0.002 0.000 0.015 0.001 0.003 0.002 0.003 0.001 0.001 

Locus 39 : 39 
4 alleles
0.6% missing data
 167   (0.786) 0.685 0.393 0.744 0.922 0.882 0.808 0.786 0.808 0.860 0.849 0.932 0.771 0.873 0.770 0.935 0.947 
 161   (0.178) 0.312 0.457 0.184 0.077 0.095 0.179 0.178 0.149 0.138 0.149 0.060 0.197 0.111 0.201 0.061 0.046 
 165   (0.030) 0.003 0.150 0.071 0.001 0.022 0.012 0.030 0.039 0.002 0.002 0.008 0.026 0.015 0.023 0.003 0.006 
 177   (0.006) 0.001 0.000 0.001 0.000 0.001 0.001 0.006 0.003 0.001 0.001 0.000 0.006 0.002 0.005 0.001 0.001 

Locus 40 : 40 
6 alleles
0.4% missing data
 228   (0.422) 0.549 0.117 0.503 0.485 0.519 0.633 0.422 0.423 0.229 0.694 0.727 0.387 0.389 0.385 0.665 0.441 
 238   (0.337) 0.081 0.069 0.320 0.334 0.290 0.088 0.338 0.353 0.115 0.276 0.072 0.364 0.434 0.366 0.264 0.271 
 224   (0.023) 0.002 0.011 0.003 0.108 0.004 0.214 0.023 0.010 0.001 0.002 0.003 0.013 0.007 0.014 0.045 0.014 
 236   (0.105) 0.355 0.286 0.038 0.069 0.063 0.034 0.104 0.092 0.391 0.020 0.187 0.099 0.053 0.097 0.015 0.113 
 232   (0.012) 0.001 0.001 0.002 0.000 0.002 0.002 0.012 0.006 0.001 0.001 0.001 0.008 0.037 0.008 0.002 0.002 
 240   (0.102) 0.012 0.517 0.134 0.003 0.121 0.029 0.102 0.116 0.263 0.007 0.010 0.128 0.080 0.130 0.010 0.160 

Locus 41 : 41 
7 alleles
0.0% missing data
 128   (0.110) 0.012 0.006 0.237 0.172 0.106 0.245 0.110 0.125 0.032 0.008 0.236 0.104 0.139 0.096 0.048 0.072 
 130   (0.542) 0.061 0.738 0.407 0.540 0.497 0.512 0.542 0.544 0.780 0.878 0.693 0.566 0.556 0.558 0.605 0.516 
 114   (0.056) 0.503 0.003 0.007 0.118 0.014 0.011 0.056 0.037 0.003 0.054 0.032 0.044 0.033 0.048 0.036 0.078 
 132   (0.116) 0.013 0.007 0.214 0.164 0.251 0.026 0.116 0.113 0.047 0.010 0.018 0.114 0.142 0.120 0.292 0.153 
 118   (0.060) 0.204 0.071 0.078 0.003 0.074 0.038 0.060 0.071 0.130 0.004 0.009 0.051 0.052 0.052 0.006 0.011 
 134   (0.110) 0.207 0.174 0.056 0.004 0.056 0.167 0.110 0.106 0.007 0.045 0.012 0.119 0.077 0.121 0.012 0.169 
 136   (0.006) 0.001 0.000 0.001 0.000 0.001 0.001 0.006 0.003 0.000 0.000 0.001 0.004 0.002 0.004 0.001 0.001 

Locus 42 : 42 
6 alleles
1.2% missing data
 102   (0.268) 0.573 0.015 0.320 0.390 0.387 0.220 0.268 0.280 0.475 0.528 0.071 0.277 0.165 0.266 0.426 0.410 
 104   (0.402) 0.049 0.231 0.502 0.191 0.433 0.686 0.402 0.480 0.414 0.223 0.105 0.441 0.416 0.445 0.160 0.326 
  92   (0.110) 0.051 0.316 0.049 0.124 0.092 0.034 0.109 0.084 0.007 0.041 0.015 0.095 0.225 0.097 0.277 0.086 
  96   (0.074) 0.096 0.177 0.024 0.067 0.017 0.019 0.074 0.050 0.005 0.020 0.717 0.068 0.082 0.068 0.072 0.056 
  98   (0.140) 0.229 0.260 0.104 0.227 0.069 0.039 0.140 0.104 0.099 0.175 0.091 0.116 0.111 0.121 0.064 0.121 
 106   (0.006) 0.001 0.000 0.001 0.000 0.001 0.002 0.006 0.003 0.000 0.012 0.001 0.003 0.002 0.003 0.001 0.001 

Locus 43 : 43 
6 alleles
1.4% missing data
 101   (0.304) 0.035 0.368 0.274 0.433 0.327 0.222 0.304 0.302 0.179 0.616 0.083 0.275 0.413 0.268 0.195 0.468 
 103   (0.317) 0.227 0.108 0.437 0.179 0.438 0.138 0.317 0.355 0.353 0.192 0.453 0.323 0.185 0.355 0.386 0.278 
  99   (0.141) 0.416 0.182 0.085 0.031 0.047 0.570 0.141 0.101 0.009 0.054 0.072 0.157 0.211 0.150 0.224 0.064 
  95   (0.215) 0.170 0.335 0.200 0.357 0.183 0.065 0.215 0.227 0.458 0.136 0.389 0.222 0.181 0.204 0.193 0.185 
  97   (0.017) 0.151 0.006 0.002 0.000 0.003 0.003 0.017 0.011 0.001 0.001 0.002 0.018 0.007 0.019 0.002 0.003 
  91   (0.006) 0.001 0.000 0.001 0.000 0.001 0.001 0.006 0.004 0.000 0.000 0.001 0.005 0.002 0.006 0.001 0.001 

Locus 44 : 44 
7 alleles
0.2% missing data
 177   (0.078) 0.010 0.111 0.045 0.074 0.050 0.017 0.078 0.079 0.005 0.011 0.010 0.082 0.031 0.088 0.174 0.064 
 191   (0.283) 0.281 0.634 0.120 0.213 0.269 0.341 0.283 0.313 0.099 0.057 0.055 0.327 0.267 0.338 0.111 0.305 
 181   (0.571) 0.520 0.137 0.762 0.711 0.668 0.562 0.571 0.550 0.862 0.928 0.929 0.533 0.670 0.517 0.709 0.615 
 189   (0.006) 0.001 0.000 0.001 0.000 0.001 0.001 0.006 0.002 0.030 0.000 0.000 0.003 0.002 0.003 0.001 0.001 
 179   (0.043) 0.187 0.107 0.005 0.001 0.009 0.075 0.043 0.044 0.003 0.003 0.004 0.043 0.024 0.043 0.004 0.012 
 183   (0.009) 0.001 0.001 0.003 0.000 0.002 0.002 0.009 0.006 0.001 0.001 0.001 0.006 0.004 0.007 0.001 0.002 
 193   (0.010) 0.001 0.010 0.064 0.000 0.002 0.002 0.010 0.005 0.001 0.001 0.001 0.005 0.003 0.005 0.001 0.002 

Locus 45 : 45 
6 alleles
0.8% missing data
 205   (0.460) 0.246 0.310 0.542 0.452 0.462 0.521 0.460 0.469 0.404 0.737 0.866 0.508 0.360 0.501 0.552 0.534 
 211   (0.230) 0.341 0.392 0.132 0.269 0.182 0.291 0.230 0.217 0.274 0.160 0.049 0.217 0.358 0.225 0.098 0.188 
 207   (0.143) 0.018 0.071 0.237 0.141 0.182 0.055 0.143 0.141 0.201 0.064 0.063 0.132 0.098 0.135 0.193 0.096 
 201   (0.076) 0.383 0.040 0.024 0.075 0.115 0.032 0.076 0.085 0.005 0.030 0.012 0.058 0.104 0.061 0.125 0.081 
 215   (0.080) 0.010 0.179 0.064 0.063 0.057 0.099 0.080 0.080 0.115 0.007 0.009 0.070 0.077 0.064 0.030 0.100 
 202   (0.011) 0.001 0.007 0.002 0.000 0.002 0.002 0.011 0.008 0.001 0.001 0.001 0.015 0.004 0.014 0.001 0.002 

Locus 46 : 46 
10 alleles
1.0% missing data
 144   (0.066) 0.008 0.007 0.024 0.278 0.047 0.068 0.066 0.068 0.128 0.144 0.048 0.054 0.098 0.049 0.049 0.014 
 158   (0.152) 0.020 0.122 0.036 0.139 0.154 0.211 0.153 0.135 0.083 0.016 0.041 0.149 0.129 0.153 0.411 0.265 
 168   (0.148) 0.217 0.216 0.035 0.178 0.052 0.034 0.148 0.111 0.105 0.367 0.058 0.170 0.112 0.167 0.067 0.133 
 166   (0.141) 0.123 0.025 0.273 0.347 0.078 0.039 0.141 0.114 0.390 0.203 0.457 0.115 0.100 0.129 0.112 0.089 
 142   (0.357) 0.047 0.142 0.569 0.053 0.571 0.623 0.357 0.475 0.286 0.259 0.381 0.403 0.285 0.373 0.327 0.439 
 170   (0.016) 0.002 0.047 0.002 0.001 0.003 0.004 0.016 0.008 0.001 0.003 0.002 0.009 0.039 0.009 0.002 0.004 
 156   (0.028) 0.468 0.084 0.004 0.001 0.027 0.005 0.028 0.020 0.002 0.002 0.002 0.022 0.009 0.030 0.016 0.005 
 162   (0.045) 0.109 0.162 0.046 0.001 0.013 0.009 0.045 0.038 0.003 0.003 0.005 0.037 0.073 0.037 0.004 0.038 
 164   (0.040) 0.004 0.194 0.011 0.001 0.052 0.007 0.040 0.028 0.002 0.003 0.005 0.037 0.154 0.048 0.010 0.011 
 160   (0.006) 0.001 0.000 0.001 0.000 0.001 0.001 0.006 0.003 0.000 0.000 0.001 0.004 0.002 0.005 0.001 0.002 

Locus 47 : 47 
7 alleles
9.9% missing data
 149   (0.350) 0.349 0.771 0.409 0.191 0.342 0.493 0.351 0.384 0.336 0.293 0.485 0.366 0.301 0.355 0.190 0.085 
 151   (0.183) 0.083 0.087 0.110 0.244 0.203 0.357 0.183 0.160 0.012 0.052 0.115 0.162 0.162 0.177 0.587 0.374 
 153   (0.194) 0.030 0.041 0.394 0.330 0.283 0.080 0.193 0.234 0.025 0.488 0.106 0.198 0.145 0.192 0.129 0.177 
 147   (0.027) 0.004 0.002 0.003 0.041 0.006 0.007 0.027 0.016 0.002 0.002 0.003 0.018 0.069 0.021 0.029 0.005 
 145   (0.224) 0.530 0.041 0.081 0.192 0.161 0.057 0.224 0.194 0.624 0.163 0.287 0.241 0.289 0.240 0.062 0.355 
 152   (0.007) 0.001 0.001 0.001 0.003 0.001 0.003 0.006 0.003 0.000 0.001 0.001 0.003 0.003 0.003 0.001 0.001 
 143   (0.016) 0.002 0.057 0.002 0.000 0.003 0.003 0.016 0.008 0.001 0.001 0.001 0.011 0.031 0.011 0.002 0.003 

Values of parameters used in structure:
DATAFILE=temp2.str,	OUTFILE=k16/temp2_k16_run9,	NUMINDS=486,	NUMLOCI=47,	MISSING=-9,	LABEL=1,	POPDATA=1,	POPFLAG=0,	PHENOTYPE=0,	EXTRACOLS=0,	MAXPOPS=16,	BURNIN=500000,	NUMREPS=750000,	USEPOPINFO=0,	INFERALPHA=1,	INFERLAMBDA=0,	POPSPECIFICLAMBDA=0,	POPALPHAS=0,	COMPUTEPROB=1,	NOADMIX=0,	ADMBURNIN=500,	UPDATEFREQ=100,	PRINTLIKES=0,	INTERMEDSAVE=0,	PRINTKLD=0,	PRINTNET=1,	PRINTLAMBDA=1,	ANCESTDIST=0,	NUMBOXES=1000,	ANCESTPINT=0.90000,	GENSBACK=2,	MIGRPRIOR=0.01000,	PRINTQHAT=0,	PRINTQSUM=1,	ALPHA=1.0000,	FREQSCORR=1,	FPRIORMEAN=0.0100,	FPRIORSD=0.0500,	ONEFST=0,	LAMBDA=1.0000,	UNIFPRIORALPHA=1,	ALPHAMAX=10.0000,	ALPHAPRIORA=1.0000,	ALPHAPRIORB=2.0000,	ALPHAPROPSD=0.0250,	STARTATPOPINFO=0,	RANDOMIZE=0,	LINKAGE=0,	METROFREQ=10,	REPORTHITRATE=0,	MARKOVPHASE=0,	PHASED=1,	PLOIDY=2,	PHASEINFO=0	LOCPRIOR=0, 	LOCPRIORINIT=1.000000, 	LOCDATA=0, 	LOCISPOP=1, 	LOCPRIORSTEP=0.100000, 	MAXLOCPRIOR=20.000000, 	SEED=880188,	
[STRAT parameters]:    NUMSIMSTATS=1000,	PHENOTYPECOL=-9,	POOLFREQ=10,	LOCUSxONLY=0,	EMERROR=0.00100,	MISSINGPHENO=-9,	