

----------------------------------------------------
STRUCTURE by Pritchard, Stephens and Donnelly (2000)
     and Falush, Stephens and Pritchard (2003)
       Code by Pritchard, Falush and Hubisz
             Version 2.3.4 (Jul 2012)
----------------------------------------------------



Command line arguments:   structure -D 402284 -K 15 -m mainparams -o k15/temp2_k15_run4 
Input File:    temp2.str

Run parameters:
   486 individuals
   47 loci
   15 populations assumed
   500000 Burn-in period
   750000 Reps
RANDOMIZE turned off


--------------------------------------------
Proportion of membership of each pre-defined
 population in each of the 15 clusters

Given    Inferred Clusters                                                                                           Number of
 Pop       1      2      3      4      5      6      7      8      9     10     11     12     13     14     15      Individuals

  1:     0.012  0.010  0.011  0.818  0.011  0.010  0.004  0.006  0.003  0.041  0.011  0.011  0.009  0.031  0.013       63
  2:     0.007  0.007  0.007  0.058  0.006  0.007  0.006  0.006  0.002  0.855  0.007  0.006  0.005  0.013  0.008       20
  3:     0.003  0.003  0.005  0.003  0.004  0.005  0.007  0.007  0.940  0.003  0.005  0.004  0.004  0.004  0.004       36
  4:     0.012  0.010  0.022  0.617  0.015  0.022  0.005  0.010  0.004  0.093  0.023  0.012  0.006  0.108  0.042       21
  5:     0.008  0.014  0.007  0.362  0.009  0.007  0.003  0.007  0.003  0.034  0.007  0.007  0.005  0.514  0.011       31
  6:     0.007  0.014  0.009  0.857  0.006  0.009  0.005  0.006  0.003  0.031  0.009  0.014  0.004  0.020  0.006       21
  7:     0.012  0.005  0.020  0.012  0.017  0.018  0.004  0.032  0.005  0.010  0.021  0.041  0.011  0.011  0.780       25
  8:     0.016  0.012  0.036  0.477  0.054  0.038  0.010  0.054  0.095  0.020  0.032  0.015  0.010  0.111  0.021        8
  9:     0.011  0.338  0.009  0.524  0.006  0.008  0.005  0.005  0.002  0.036  0.009  0.019  0.005  0.015  0.008       17
 10:     0.005  0.003  0.005  0.004  0.005  0.005  0.003  0.006  0.003  0.006  0.005  0.004  0.937  0.004  0.006       29
 11:     0.002  0.003  0.003  0.002  0.002  0.003  0.964  0.002  0.006  0.002  0.003  0.002  0.002  0.002  0.003        9
 12:     0.025  0.009  0.216  0.011  0.117  0.217  0.008  0.028  0.019  0.008  0.205  0.046  0.013  0.015  0.062       26
 13:     0.057  0.012  0.120  0.012  0.184  0.117  0.009  0.082  0.014  0.013  0.128  0.199  0.013  0.012  0.029       74
 14:     0.115  0.009  0.087  0.018  0.080  0.085  0.006  0.072  0.013  0.012  0.078  0.377  0.015  0.012  0.021       35
 15:     0.374  0.006  0.046  0.030  0.036  0.044  0.010  0.025  0.008  0.014  0.053  0.310  0.008  0.012  0.026       24
 16:     0.053  0.007  0.197  0.022  0.159  0.193  0.009  0.016  0.024  0.011  0.196  0.035  0.025  0.012  0.039       43
 17:     0.013  0.053  0.270  0.013  0.024  0.291  0.003  0.017  0.006  0.028  0.219  0.028  0.009  0.014  0.012        4
--------------------------------------------

Allele-freq. divergence among pops (Net nucleotide distance),
computed using point estimates of P.

      1       2       3       4       5       6       7       8       9      10      11      12      13      14      15      
 1      -    0.1428  0.0224  0.0580  0.0320  0.0227  0.1308  0.0519  0.1219  0.0695  0.0219  0.0226  0.0733  0.0612  0.0375  
 2   0.1428     -    0.1014  0.1038  0.1094  0.1017  0.2008  0.1418  0.2138  0.1254  0.0992  0.1159  0.1591  0.1355  0.1196  
 3   0.0224  0.1014     -    0.0303  0.0094  0.0000  0.0990  0.0371  0.0814  0.0536  0.0003  0.0184  0.0543  0.0399  0.0190  
 4   0.0580  0.1038  0.0303     -    0.0328  0.0306  0.1412  0.0652  0.1417  0.0344  0.0291  0.0441  0.0815  0.0428  0.0442  
 5   0.0320  0.1094  0.0094  0.0328     -    0.0096  0.1088  0.0472  0.0919  0.0638  0.0087  0.0269  0.0648  0.0485  0.0246  
 6   0.0227  0.1017  0.0000  0.0306  0.0096     -    0.0991  0.0375  0.0813  0.0537  0.0004  0.0188  0.0544  0.0401  0.0194  
 7   0.1308  0.2008  0.0990  0.1412  0.1088  0.0991     -    0.1516  0.1128  0.1735  0.0983  0.1287  0.1332  0.1449  0.1067  
 8   0.0519  0.1418  0.0371  0.0652  0.0472  0.0375  0.1516     -    0.1184  0.0824  0.0357  0.0483  0.0905  0.0689  0.0511  
 9   0.1219  0.2138  0.0814  0.1417  0.0919  0.0813  0.1128  0.1184     -    0.1744  0.0815  0.1232  0.1222  0.1389  0.1040  
10   0.0695  0.1254  0.0536  0.0344  0.0638  0.0537  0.1735  0.0824  0.1744     -    0.0523  0.0624  0.0963  0.0689  0.0664  
11   0.0219  0.0992  0.0003  0.0291  0.0087  0.0004  0.0983  0.0357  0.0815  0.0523     -    0.0171  0.0534  0.0397  0.0179  
12   0.0226  0.1159  0.0184  0.0441  0.0269  0.0188  0.1287  0.0483  0.1232  0.0624  0.0171     -    0.0753  0.0647  0.0379  
13   0.0733  0.1591  0.0543  0.0815  0.0648  0.0544  0.1332  0.0905  0.1222  0.0963  0.0534  0.0753     -    0.0959  0.0611  
14   0.0612  0.1355  0.0399  0.0428  0.0485  0.0401  0.1449  0.0689  0.1389  0.0689  0.0397  0.0647  0.0959     -    0.0579  
15   0.0375  0.1196  0.0190  0.0442  0.0246  0.0194  0.1067  0.0511  0.1040  0.0664  0.0179  0.0379  0.0611  0.0579     -    

Average distances (expected heterozygosity) between individuals in same cluster:
cluster  1  : 0.5740 
cluster  2  : 0.4345 
cluster  3  : 0.6412 
cluster  4  : 0.5434 
cluster  5  : 0.6100 
cluster  6  : 0.6408 
cluster  7  : 0.5329 
cluster  8  : 0.5555 
cluster  9  : 0.6323 
cluster 10  : 0.4808 
cluster 11  : 0.6444 
cluster 12  : 0.5704 
cluster 13  : 0.5442 
cluster 14  : 0.5359 
cluster 15  : 0.5966 

--------------------------------------------
Estimated Ln Prob of Data   = -52465.8
Mean value of ln likelihood = -50101.6
Variance of ln likelihood   = 4728.4
Mean value of alpha         = 0.0343

Mean value of Fst_1         = 0.1165
Mean value of Fst_2         = 0.4035
Mean value of Fst_3         = 0.0194
Mean value of Fst_4         = 0.1413
Mean value of Fst_5         = 0.0516
Mean value of Fst_6         = 0.0210
Mean value of Fst_7         = 0.3094
Mean value of Fst_8         = 0.1947
Mean value of Fst_9         = 0.1889
Mean value of Fst_10         = 0.2235
Mean value of Fst_11         = 0.0118
Mean value of Fst_12         = 0.0910
Mean value of Fst_13         = 0.2140
Mean value of Fst_14         = 0.1844
Mean value of Fst_15         = 0.0902


Inferred ancestry of individuals:
        Label (%Miss) Pop:  Inferred clusters
  1      221    (0)    1 :  0.007 0.004 0.006 0.922 0.006 0.006 0.003 0.003 0.003 0.006 0.006 0.007 0.002 0.006 0.013 
  2      222    (0)    1 :  0.004 0.007 0.010 0.379 0.008 0.010 0.004 0.011 0.004 0.028 0.010 0.009 0.010 0.500 0.007 
  3      223    (0)    1 :  0.005 0.006 0.008 0.902 0.018 0.008 0.003 0.006 0.005 0.007 0.008 0.010 0.003 0.006 0.007 
  4      224    (0)    1 :  0.002 0.005 0.003 0.922 0.003 0.003 0.001 0.004 0.001 0.035 0.003 0.003 0.006 0.005 0.005 
  5      225    (0)    1 :  0.003 0.003 0.005 0.950 0.004 0.004 0.002 0.003 0.002 0.005 0.004 0.003 0.003 0.005 0.003 
  6      226    (0)    1 :  0.002 0.004 0.005 0.926 0.011 0.004 0.006 0.005 0.001 0.010 0.005 0.004 0.002 0.003 0.012 
  7      227    (0)    1 :  0.005 0.005 0.012 0.828 0.018 0.011 0.017 0.005 0.008 0.020 0.014 0.006 0.005 0.003 0.042 
  8      228    (0)    1 :  0.005 0.015 0.013 0.746 0.010 0.011 0.003 0.008 0.005 0.118 0.011 0.033 0.005 0.008 0.007 
  9      234    (0)    1 :  0.004 0.004 0.004 0.942 0.004 0.004 0.002 0.004 0.001 0.010 0.004 0.004 0.002 0.007 0.003 
 10      235    (0)    1 :  0.002 0.004 0.004 0.948 0.003 0.004 0.003 0.002 0.001 0.010 0.003 0.003 0.002 0.007 0.003 
 11      236    (0)    1 :  0.002 0.020 0.003 0.906 0.003 0.003 0.002 0.001 0.002 0.042 0.003 0.002 0.002 0.003 0.005 
 12      237    (0)    1 :  0.005 0.003 0.004 0.940 0.005 0.004 0.001 0.004 0.002 0.011 0.004 0.005 0.002 0.008 0.003 
 13      238    (0)    1 :  0.007 0.003 0.008 0.851 0.009 0.008 0.003 0.006 0.006 0.012 0.009 0.006 0.013 0.034 0.023 
 14      239    (0)    1 :  0.010 0.026 0.033 0.357 0.059 0.032 0.006 0.006 0.002 0.285 0.033 0.013 0.012 0.014 0.112 
 15      240    (0)    1 :  0.004 0.007 0.004 0.939 0.004 0.004 0.002 0.003 0.001 0.011 0.004 0.004 0.003 0.006 0.006 
 16      242    (0)    1 :  0.012 0.003 0.075 0.338 0.140 0.058 0.001 0.009 0.001 0.014 0.085 0.023 0.002 0.225 0.012 
 17      243    (0)    1 :  0.008 0.007 0.018 0.727 0.013 0.017 0.016 0.009 0.002 0.093 0.022 0.006 0.020 0.017 0.028 
 18      244    (0)    1 :  0.003 0.002 0.009 0.902 0.012 0.008 0.010 0.003 0.003 0.007 0.007 0.002 0.003 0.010 0.018 
 19      245    (0)    1 :  0.014 0.052 0.014 0.792 0.010 0.014 0.010 0.013 0.019 0.013 0.015 0.011 0.007 0.004 0.013 
 20      246    (0)    1 :  0.002 0.003 0.005 0.941 0.003 0.004 0.004 0.003 0.003 0.009 0.004 0.003 0.003 0.010 0.003 
 21      248    (0)    1 :  0.004 0.008 0.007 0.903 0.006 0.006 0.002 0.002 0.003 0.005 0.006 0.003 0.019 0.022 0.004 
 22      249    (0)    1 :  0.002 0.002 0.002 0.961 0.003 0.002 0.001 0.004 0.001 0.010 0.002 0.002 0.002 0.002 0.004 
 23      250    (0)    1 :  0.008 0.016 0.021 0.467 0.015 0.020 0.005 0.009 0.006 0.362 0.018 0.027 0.008 0.006 0.012 
 24      251    (0)    1 :  0.006 0.006 0.005 0.897 0.006 0.005 0.004 0.002 0.001 0.026 0.005 0.014 0.003 0.015 0.004 
 25      252    (0)    1 :  0.009 0.005 0.008 0.853 0.008 0.008 0.001 0.016 0.002 0.019 0.009 0.013 0.037 0.003 0.007 
 26      253    (0)    1 :  0.003 0.008 0.034 0.479 0.025 0.028 0.003 0.004 0.018 0.313 0.037 0.005 0.027 0.003 0.010 
 27      254    (0)    1 :  0.006 0.004 0.005 0.927 0.006 0.006 0.002 0.004 0.001 0.015 0.005 0.003 0.003 0.004 0.007 
 28      255    (0)    1 :  0.007 0.019 0.016 0.689 0.010 0.016 0.002 0.005 0.003 0.008 0.014 0.009 0.006 0.157 0.039 
 29      256    (0)    1 :  0.004 0.003 0.008 0.893 0.005 0.008 0.002 0.008 0.004 0.005 0.010 0.005 0.002 0.039 0.004 
 30      257    (0)    1 :  0.009 0.003 0.006 0.919 0.008 0.007 0.003 0.003 0.002 0.003 0.006 0.007 0.008 0.005 0.012 
 31      258    (0)    1 :  0.011 0.009 0.008 0.879 0.007 0.008 0.002 0.005 0.004 0.015 0.009 0.011 0.003 0.019 0.010 
 32      259    (0)    1 :  0.024 0.002 0.018 0.824 0.009 0.019 0.002 0.005 0.002 0.055 0.013 0.006 0.003 0.011 0.007 
 33      260    (0)    1 :  0.004 0.032 0.006 0.758 0.005 0.006 0.006 0.004 0.002 0.043 0.007 0.005 0.084 0.005 0.032 
 34      261    (0)    1 :  0.198 0.003 0.014 0.665 0.005 0.013 0.002 0.009 0.001 0.028 0.015 0.019 0.008 0.005 0.015 
 35      262    (0)    1 :  0.002 0.002 0.002 0.954 0.002 0.002 0.001 0.003 0.001 0.016 0.002 0.002 0.002 0.006 0.002 
 36      263    (0)    1 :  0.005 0.005 0.005 0.879 0.005 0.005 0.004 0.006 0.003 0.007 0.005 0.004 0.024 0.010 0.033 
 37      264    (0)    1 :  0.009 0.003 0.005 0.903 0.004 0.005 0.001 0.013 0.001 0.028 0.005 0.004 0.003 0.009 0.006 
 38      265    (0)    1 :  0.005 0.007 0.006 0.840 0.003 0.006 0.002 0.007 0.001 0.018 0.007 0.004 0.047 0.025 0.021 
 39      266    (0)    1 :  0.003 0.007 0.004 0.842 0.004 0.004 0.001 0.003 0.001 0.110 0.004 0.003 0.003 0.009 0.003 
 40      267    (0)    1 :  0.003 0.002 0.003 0.946 0.004 0.003 0.002 0.003 0.001 0.006 0.003 0.003 0.001 0.017 0.003 
 41      268    (0)    1 :  0.006 0.004 0.007 0.806 0.009 0.007 0.008 0.006 0.001 0.054 0.008 0.007 0.066 0.004 0.008 
 42      269    (0)    1 :  0.006 0.021 0.003 0.915 0.003 0.003 0.002 0.003 0.001 0.024 0.003 0.003 0.003 0.007 0.004 
 43      270    (0)    1 :  0.003 0.003 0.003 0.947 0.004 0.003 0.002 0.011 0.001 0.005 0.003 0.003 0.002 0.003 0.005 
 44      271    (0)    1 :  0.050 0.068 0.024 0.723 0.016 0.023 0.003 0.012 0.007 0.007 0.026 0.008 0.011 0.009 0.012 
 45      272    (0)    1 :  0.094 0.013 0.030 0.328 0.009 0.033 0.006 0.021 0.001 0.021 0.031 0.010 0.005 0.389 0.008 
 46      273    (0)    1 :  0.010 0.011 0.017 0.757 0.017 0.017 0.002 0.012 0.004 0.051 0.016 0.016 0.003 0.015 0.052 
 47      274    (0)    1 :  0.010 0.006 0.004 0.930 0.004 0.004 0.003 0.004 0.002 0.007 0.005 0.005 0.005 0.003 0.007 
 48      275    (2)    1 :  0.003 0.003 0.003 0.954 0.004 0.003 0.001 0.003 0.001 0.004 0.003 0.004 0.002 0.006 0.005 
 49      276    (0)    1 :  0.007 0.004 0.006 0.934 0.006 0.005 0.002 0.006 0.001 0.006 0.005 0.006 0.004 0.004 0.004 
 50      277    (0)    1 :  0.021 0.018 0.014 0.744 0.009 0.012 0.001 0.009 0.001 0.026 0.015 0.114 0.002 0.003 0.010 
 51      278    (0)    1 :  0.022 0.004 0.010 0.877 0.010 0.009 0.007 0.003 0.001 0.008 0.007 0.018 0.005 0.012 0.005 
 52      279    (0)    1 :  0.006 0.003 0.021 0.748 0.011 0.020 0.002 0.006 0.002 0.128 0.017 0.007 0.003 0.021 0.007 
 53      280    (0)    1 :  0.016 0.080 0.014 0.701 0.015 0.013 0.003 0.006 0.002 0.069 0.013 0.032 0.006 0.007 0.023 
 54      287    (0)    1 :  0.008 0.003 0.016 0.842 0.009 0.017 0.005 0.006 0.003 0.032 0.016 0.012 0.007 0.005 0.018 
 55      290    (0)    1 :  0.011 0.005 0.012 0.863 0.007 0.012 0.006 0.010 0.002 0.006 0.009 0.009 0.002 0.040 0.008 
 56      291    (0)    1 :  0.018 0.016 0.014 0.806 0.006 0.013 0.003 0.005 0.002 0.044 0.012 0.041 0.008 0.003 0.009 
 57      295    (0)    1 :  0.009 0.003 0.005 0.777 0.004 0.005 0.001 0.004 0.001 0.140 0.005 0.032 0.003 0.008 0.006 
 58      296    (0)    1 :  0.003 0.004 0.004 0.937 0.007 0.004 0.003 0.008 0.002 0.007 0.004 0.003 0.004 0.006 0.003 
 59      872    (2)    1 :  0.006 0.004 0.006 0.736 0.004 0.006 0.007 0.007 0.005 0.067 0.006 0.005 0.008 0.127 0.006 
 60      873    (4)    1 :  0.003 0.009 0.012 0.864 0.009 0.012 0.004 0.020 0.003 0.011 0.013 0.003 0.003 0.022 0.011 
 61      874    (2)    1 :  0.012 0.002 0.004 0.910 0.008 0.004 0.001 0.008 0.001 0.017 0.004 0.008 0.003 0.011 0.005 
 62      875    (0)    1 :  0.005 0.006 0.006 0.909 0.005 0.005 0.017 0.003 0.003 0.009 0.006 0.005 0.002 0.014 0.005 
 63      876    (6)    1 :  0.007 0.005 0.007 0.891 0.015 0.007 0.001 0.006 0.002 0.007 0.008 0.011 0.011 0.004 0.019 
 64      212    (0)   10 :  0.004 0.002 0.003 0.002 0.003 0.003 0.001 0.003 0.002 0.003 0.002 0.004 0.964 0.003 0.002 
 65      213    (0)   10 :  0.003 0.009 0.004 0.006 0.006 0.004 0.003 0.004 0.002 0.002 0.004 0.008 0.941 0.002 0.003 
 66      214    (0)   10 :  0.008 0.002 0.006 0.005 0.006 0.006 0.001 0.003 0.003 0.002 0.005 0.003 0.940 0.006 0.006 
 67      215    (0)   10 :  0.003 0.003 0.004 0.005 0.004 0.004 0.003 0.003 0.002 0.005 0.004 0.007 0.944 0.004 0.004 
 68      216    (0)   10 :  0.004 0.004 0.003 0.004 0.002 0.003 0.002 0.004 0.001 0.008 0.003 0.005 0.952 0.002 0.003 
 69      217    (0)   10 :  0.004 0.004 0.005 0.004 0.009 0.005 0.002 0.006 0.002 0.006 0.005 0.004 0.935 0.004 0.003 
 70      218    (0)   10 :  0.003 0.002 0.003 0.003 0.003 0.003 0.002 0.003 0.003 0.005 0.003 0.003 0.960 0.002 0.003 
 71      332    (0)   10 :  0.010 0.003 0.006 0.009 0.013 0.006 0.005 0.032 0.002 0.012 0.007 0.009 0.863 0.007 0.015 
 72      333    (0)   10 :  0.007 0.004 0.013 0.009 0.010 0.012 0.010 0.006 0.008 0.013 0.014 0.006 0.848 0.015 0.026 
 73      334    (0)   10 :  0.004 0.003 0.004 0.005 0.005 0.004 0.003 0.008 0.002 0.025 0.004 0.004 0.919 0.002 0.007 
 74      335    (0)   10 :  0.004 0.001 0.003 0.002 0.003 0.003 0.002 0.002 0.002 0.003 0.003 0.004 0.964 0.002 0.003 
 75      336    (0)   10 :  0.002 0.004 0.002 0.003 0.002 0.002 0.014 0.004 0.002 0.003 0.003 0.002 0.947 0.005 0.005 
 76      337    (0)   10 :  0.003 0.002 0.005 0.008 0.006 0.005 0.002 0.002 0.002 0.015 0.005 0.003 0.926 0.008 0.009 
 77      673    (0)   10 :  0.002 0.001 0.001 0.002 0.001 0.001 0.001 0.001 0.001 0.002 0.001 0.002 0.980 0.001 0.002 
 78      674    (0)   10 :  0.004 0.002 0.005 0.003 0.003 0.005 0.002 0.009 0.002 0.004 0.005 0.003 0.941 0.005 0.005 
 79      675    (0)   10 :  0.003 0.004 0.004 0.003 0.003 0.004 0.004 0.003 0.002 0.003 0.004 0.007 0.947 0.002 0.005 
 80      676    (0)   10 :  0.006 0.001 0.004 0.003 0.007 0.004 0.001 0.007 0.002 0.003 0.004 0.008 0.940 0.002 0.006 
 81      677    (0)   10 :  0.004 0.002 0.004 0.005 0.004 0.004 0.003 0.003 0.001 0.011 0.004 0.003 0.947 0.002 0.004 
 82      678    (0)   10 :  0.007 0.004 0.011 0.008 0.007 0.013 0.004 0.003 0.004 0.005 0.010 0.009 0.901 0.012 0.003 
 83      679    (0)   10 :  0.004 0.001 0.007 0.004 0.005 0.007 0.002 0.016 0.027 0.006 0.007 0.003 0.902 0.002 0.007 
 84      680    (0)   10 :  0.007 0.003 0.005 0.004 0.004 0.005 0.005 0.009 0.002 0.011 0.005 0.006 0.921 0.003 0.011 
 85      681    (0)   10 :  0.003 0.002 0.005 0.006 0.007 0.006 0.002 0.005 0.002 0.010 0.005 0.005 0.933 0.003 0.006 
 86      682    (0)   10 :  0.002 0.003 0.002 0.002 0.002 0.002 0.004 0.002 0.002 0.002 0.002 0.002 0.968 0.002 0.002 
 87      683    (0)   10 :  0.005 0.003 0.006 0.004 0.004 0.005 0.002 0.005 0.003 0.014 0.006 0.004 0.929 0.003 0.007 
 88      684    (0)   10 :  0.007 0.002 0.006 0.002 0.003 0.006 0.003 0.004 0.002 0.003 0.005 0.004 0.943 0.003 0.006 
 89      685    (0)   10 :  0.003 0.003 0.006 0.003 0.004 0.006 0.003 0.003 0.005 0.002 0.006 0.003 0.937 0.007 0.009 
 90      686    (0)   10 :  0.002 0.002 0.002 0.002 0.002 0.002 0.003 0.002 0.004 0.002 0.002 0.002 0.967 0.002 0.003 
 91      687    (0)   10 :  0.002 0.002 0.002 0.002 0.002 0.002 0.002 0.002 0.001 0.002 0.002 0.003 0.970 0.002 0.003 
 92      688    (0)   10 :  0.016 0.003 0.003 0.008 0.004 0.003 0.002 0.006 0.001 0.003 0.003 0.004 0.934 0.004 0.005 
 93      070    (0)   11 :  0.003 0.001 0.005 0.003 0.003 0.005 0.953 0.002 0.008 0.002 0.005 0.002 0.001 0.003 0.003 
 94      071    (0)   11 :  0.003 0.006 0.003 0.002 0.003 0.003 0.958 0.002 0.001 0.002 0.003 0.003 0.005 0.002 0.004 
 95      072    (0)   11 :  0.002 0.003 0.002 0.002 0.002 0.002 0.972 0.001 0.005 0.001 0.002 0.002 0.001 0.002 0.002 
 96      151    (0)   11 :  0.002 0.001 0.001 0.001 0.001 0.002 0.979 0.001 0.002 0.001 0.002 0.002 0.001 0.001 0.002 
 97      152    (0)   11 :  0.004 0.005 0.006 0.002 0.004 0.006 0.948 0.003 0.002 0.003 0.005 0.004 0.002 0.002 0.004 
 98      153    (2)   11 :  0.001 0.001 0.001 0.001 0.001 0.002 0.980 0.001 0.002 0.001 0.001 0.001 0.001 0.002 0.002 
 99      788    (4)   11 :  0.003 0.003 0.003 0.002 0.002 0.003 0.942 0.001 0.027 0.003 0.003 0.003 0.002 0.001 0.002 
100      789    (2)   11 :  0.002 0.002 0.002 0.002 0.002 0.002 0.973 0.001 0.002 0.002 0.002 0.002 0.003 0.002 0.002 
101      790    (0)   11 :  0.001 0.003 0.002 0.002 0.002 0.002 0.974 0.001 0.001 0.002 0.002 0.002 0.001 0.002 0.002 
102      010    (0)   12 :  0.007 0.007 0.350 0.005 0.023 0.388 0.002 0.009 0.011 0.004 0.167 0.006 0.004 0.008 0.010 
103      024    (0)   12 :  0.076 0.006 0.233 0.006 0.017 0.243 0.006 0.009 0.049 0.005 0.307 0.014 0.010 0.006 0.011 
104      051    (0)   12 :  0.005 0.004 0.199 0.005 0.027 0.217 0.013 0.008 0.048 0.005 0.167 0.007 0.008 0.007 0.281 
105      090    (0)   12 :  0.014 0.003 0.226 0.007 0.090 0.195 0.007 0.013 0.022 0.005 0.325 0.016 0.005 0.009 0.063 
106      102    (0)   12 :  0.017 0.005 0.166 0.027 0.046 0.135 0.002 0.015 0.002 0.013 0.231 0.293 0.003 0.029 0.019 
107      111    (0)   12 :  0.039 0.073 0.262 0.006 0.092 0.282 0.002 0.006 0.004 0.003 0.185 0.008 0.004 0.023 0.011 
108      113    (0)   12 :  0.072 0.003 0.256 0.005 0.054 0.285 0.006 0.012 0.006 0.006 0.144 0.025 0.005 0.034 0.086 
109      138    (0)   12 :  0.008 0.003 0.059 0.011 0.617 0.062 0.049 0.004 0.005 0.003 0.075 0.013 0.073 0.003 0.016 
110      150    (0)   12 :  0.028 0.002 0.033 0.032 0.168 0.028 0.015 0.015 0.036 0.006 0.040 0.488 0.004 0.008 0.098 
111      173    (2)   12 :  0.038 0.007 0.197 0.005 0.026 0.183 0.020 0.033 0.019 0.008 0.235 0.015 0.011 0.007 0.197 
112      174    (2)   12 :  0.014 0.004 0.258 0.008 0.211 0.295 0.021 0.005 0.027 0.005 0.102 0.003 0.003 0.029 0.015 
113      175    (0)   12 :  0.009 0.002 0.300 0.003 0.027 0.267 0.006 0.007 0.080 0.002 0.230 0.010 0.003 0.014 0.041 
114      176    (0)   12 :  0.012 0.006 0.331 0.014 0.013 0.373 0.005 0.004 0.004 0.011 0.191 0.006 0.009 0.015 0.006 
115      177    (0)   12 :  0.043 0.002 0.211 0.003 0.056 0.205 0.003 0.004 0.009 0.003 0.139 0.010 0.002 0.008 0.302 
116      180    (0)   12 :  0.007 0.005 0.188 0.025 0.109 0.198 0.004 0.004 0.002 0.013 0.176 0.005 0.007 0.112 0.145 
117      184    (0)   12 :  0.025 0.005 0.077 0.005 0.548 0.062 0.015 0.079 0.009 0.009 0.117 0.027 0.006 0.004 0.014 
118      195    (0)   12 :  0.011 0.032 0.277 0.004 0.018 0.295 0.005 0.006 0.008 0.012 0.291 0.012 0.013 0.003 0.013 
119      198    (0)   12 :  0.009 0.037 0.164 0.012 0.348 0.172 0.003 0.004 0.009 0.005 0.183 0.009 0.007 0.017 0.021 
120      203    (0)   12 :  0.017 0.003 0.308 0.006 0.012 0.295 0.008 0.025 0.002 0.009 0.281 0.009 0.005 0.010 0.010 
121      211    (0)   12 :  0.025 0.003 0.281 0.019 0.028 0.308 0.003 0.005 0.004 0.030 0.202 0.011 0.071 0.004 0.008 
122      220    (0)   12 :  0.120 0.008 0.183 0.005 0.067 0.162 0.002 0.021 0.005 0.003 0.239 0.061 0.009 0.009 0.105 
123      233    (0)   12 :  0.014 0.002 0.258 0.008 0.016 0.189 0.005 0.011 0.002 0.016 0.296 0.122 0.037 0.004 0.019 
124      331    (0)   12 :  0.015 0.009 0.250 0.005 0.024 0.279 0.007 0.010 0.024 0.007 0.318 0.007 0.005 0.006 0.036 
125      349    (0)   12 :  0.005 0.006 0.111 0.010 0.013 0.102 0.007 0.411 0.100 0.004 0.138 0.012 0.005 0.010 0.065 
126      410    (0)   12 :  0.007 0.003 0.215 0.009 0.205 0.199 0.003 0.005 0.005 0.004 0.291 0.004 0.024 0.010 0.017 
127      417    (2)   12 :  0.005 0.007 0.214 0.029 0.173 0.235 0.002 0.007 0.005 0.018 0.271 0.014 0.005 0.007 0.007 
128      421    (0)   13 :  0.029 0.068 0.009 0.010 0.009 0.009 0.002 0.007 0.001 0.009 0.009 0.825 0.006 0.004 0.005 
129      423    (0)   13 :  0.005 0.003 0.278 0.006 0.042 0.262 0.008 0.038 0.008 0.004 0.316 0.005 0.002 0.010 0.011 
130      424    (0)   13 :  0.019 0.005 0.085 0.014 0.195 0.075 0.002 0.006 0.012 0.015 0.108 0.006 0.003 0.031 0.424 
131      433    (0)   13 :  0.027 0.003 0.062 0.004 0.214 0.066 0.002 0.006 0.014 0.004 0.083 0.487 0.016 0.006 0.008 
132      462    (0)   13 :  0.021 0.007 0.183 0.010 0.079 0.178 0.002 0.024 0.006 0.003 0.162 0.185 0.023 0.009 0.110 
133      463    (0)   13 :  0.009 0.021 0.224 0.016 0.094 0.237 0.003 0.136 0.030 0.006 0.201 0.007 0.003 0.005 0.007 
134      467    (0)   13 :  0.173 0.003 0.017 0.013 0.009 0.017 0.007 0.021 0.008 0.085 0.019 0.596 0.013 0.005 0.015 
135      468    (0)   13 :  0.010 0.022 0.007 0.015 0.006 0.007 0.003 0.803 0.002 0.011 0.008 0.090 0.002 0.006 0.008 
136      469    (0)   13 :  0.059 0.030 0.090 0.063 0.102 0.088 0.002 0.005 0.002 0.010 0.136 0.394 0.002 0.009 0.007 
137      472    (0)   13 :  0.006 0.014 0.275 0.007 0.035 0.287 0.004 0.008 0.023 0.010 0.268 0.044 0.007 0.002 0.009 
138      473    (0)   13 :  0.017 0.006 0.037 0.003 0.026 0.029 0.003 0.783 0.015 0.007 0.047 0.007 0.008 0.005 0.008 
139      474    (0)   13 :  0.037 0.002 0.008 0.019 0.040 0.007 0.002 0.677 0.002 0.013 0.009 0.149 0.021 0.004 0.010 
140      475    (0)   13 :  0.035 0.003 0.104 0.004 0.035 0.107 0.004 0.024 0.017 0.003 0.073 0.573 0.003 0.006 0.010 
141      476    (2)   13 :  0.131 0.003 0.016 0.005 0.006 0.013 0.018 0.701 0.024 0.005 0.015 0.032 0.018 0.007 0.007 
142      477    (0)   13 :  0.008 0.004 0.236 0.010 0.023 0.251 0.005 0.016 0.010 0.003 0.368 0.037 0.018 0.005 0.007 
143      478    (0)   13 :  0.247 0.003 0.190 0.008 0.009 0.172 0.002 0.004 0.003 0.031 0.244 0.019 0.002 0.050 0.016 
144      479    (0)   13 :  0.005 0.011 0.011 0.016 0.419 0.010 0.004 0.007 0.002 0.011 0.012 0.474 0.003 0.005 0.013 
145      480    (0)   13 :  0.014 0.001 0.006 0.003 0.006 0.006 0.002 0.013 0.002 0.003 0.006 0.927 0.002 0.005 0.005 
146      481    (0)   13 :  0.011 0.003 0.182 0.006 0.244 0.174 0.039 0.014 0.008 0.008 0.206 0.078 0.003 0.010 0.014 
147      482    (0)   13 :  0.217 0.089 0.181 0.005 0.089 0.181 0.002 0.004 0.005 0.003 0.126 0.015 0.057 0.005 0.021 
148      489    (0)   13 :  0.016 0.006 0.277 0.005 0.046 0.259 0.004 0.019 0.031 0.003 0.266 0.040 0.015 0.006 0.008 
149      490    (0)   13 :  0.022 0.005 0.017 0.017 0.855 0.019 0.003 0.004 0.006 0.008 0.014 0.005 0.003 0.008 0.012 
150      491    (0)   13 :  0.019 0.009 0.173 0.005 0.142 0.146 0.009 0.016 0.002 0.003 0.211 0.020 0.133 0.004 0.108 
151      492    (0)   13 :  0.098 0.003 0.037 0.013 0.017 0.035 0.005 0.628 0.021 0.014 0.035 0.042 0.012 0.028 0.010 
152      493    (0)   13 :  0.008 0.005 0.072 0.009 0.010 0.078 0.011 0.023 0.022 0.025 0.081 0.623 0.007 0.005 0.022 
153      494    (0)   13 :  0.009 0.012 0.069 0.005 0.263 0.087 0.027 0.010 0.028 0.004 0.085 0.341 0.039 0.004 0.017 
154      498    (0)   13 :  0.009 0.003 0.198 0.025 0.167 0.215 0.007 0.078 0.010 0.010 0.238 0.016 0.004 0.013 0.007 
155      499    (0)   13 :  0.082 0.003 0.284 0.009 0.027 0.272 0.004 0.008 0.008 0.011 0.221 0.006 0.006 0.005 0.054 
156      709    (0)   13 :  0.030 0.017 0.183 0.009 0.213 0.162 0.071 0.008 0.015 0.006 0.249 0.007 0.011 0.009 0.011 
157      710    (4)   13 :  0.007 0.013 0.095 0.009 0.021 0.081 0.006 0.006 0.118 0.006 0.120 0.508 0.002 0.005 0.003 
158      711    (2)   13 :  0.008 0.021 0.216 0.010 0.047 0.236 0.006 0.006 0.003 0.046 0.228 0.014 0.003 0.059 0.096 
159      712    (4)   13 :  0.006 0.004 0.007 0.007 0.921 0.008 0.002 0.004 0.002 0.005 0.008 0.008 0.003 0.007 0.009 
160      713    (0)   13 :  0.009 0.020 0.308 0.004 0.012 0.283 0.004 0.015 0.026 0.003 0.294 0.003 0.007 0.005 0.007 
161      714    (2)   13 :  0.020 0.005 0.017 0.009 0.007 0.019 0.015 0.074 0.008 0.004 0.016 0.780 0.002 0.008 0.016 
162      715    (4)   13 :  0.106 0.011 0.019 0.017 0.028 0.020 0.011 0.003 0.004 0.129 0.017 0.554 0.044 0.011 0.027 
163      716    (0)   13 :  0.046 0.006 0.015 0.003 0.021 0.016 0.003 0.011 0.002 0.005 0.016 0.844 0.004 0.005 0.005 
164      717    (2)   13 :  0.619 0.009 0.072 0.007 0.013 0.065 0.003 0.010 0.006 0.010 0.063 0.018 0.009 0.083 0.013 
165      718    (4)   13 :  0.005 0.011 0.015 0.015 0.855 0.014 0.002 0.006 0.003 0.004 0.016 0.032 0.002 0.005 0.015 
166      719    (0)   13 :  0.005 0.004 0.004 0.003 0.004 0.004 0.002 0.003 0.002 0.003 0.004 0.957 0.002 0.002 0.003 
167      720    (2)   13 :  0.064 0.009 0.031 0.007 0.007 0.028 0.002 0.015 0.009 0.007 0.036 0.748 0.021 0.006 0.011 
168      721    (0)   13 :  0.060 0.015 0.141 0.006 0.050 0.130 0.027 0.198 0.006 0.004 0.169 0.150 0.007 0.006 0.029 
169      722    (4)   13 :  0.035 0.015 0.005 0.007 0.008 0.005 0.002 0.030 0.001 0.019 0.006 0.856 0.002 0.005 0.005 
170      723    (0)   13 :  0.017 0.002 0.014 0.004 0.008 0.014 0.007 0.003 0.003 0.003 0.016 0.894 0.006 0.008 0.003 
171      724    (0)   13 :  0.030 0.055 0.016 0.014 0.009 0.018 0.005 0.025 0.017 0.021 0.019 0.744 0.009 0.012 0.007 
172      725    (0)   13 :  0.022 0.010 0.313 0.004 0.021 0.316 0.004 0.012 0.020 0.004 0.224 0.019 0.010 0.009 0.012 
173      726    (0)   13 :  0.044 0.011 0.195 0.004 0.035 0.190 0.006 0.133 0.013 0.006 0.280 0.067 0.005 0.003 0.010 
174      727    (0)   13 :  0.047 0.007 0.242 0.005 0.149 0.282 0.008 0.024 0.002 0.006 0.163 0.035 0.012 0.003 0.014 
175      728    (2)   13 :  0.016 0.010 0.277 0.008 0.009 0.266 0.095 0.004 0.006 0.006 0.260 0.011 0.006 0.014 0.011 
176      729    (6)   13 :  0.074 0.004 0.227 0.006 0.072 0.211 0.005 0.004 0.004 0.004 0.345 0.019 0.004 0.005 0.017 
177      730    (2)   13 :  0.023 0.013 0.048 0.010 0.759 0.050 0.007 0.003 0.003 0.007 0.034 0.018 0.005 0.008 0.012 
178      731    (2)   13 :  0.003 0.004 0.015 0.008 0.907 0.014 0.002 0.005 0.004 0.004 0.017 0.006 0.002 0.004 0.004 
179      732    (0)   13 :  0.021 0.006 0.300 0.008 0.013 0.317 0.002 0.014 0.008 0.022 0.217 0.047 0.005 0.009 0.011 
180      733    (0)   13 :  0.037 0.048 0.195 0.018 0.129 0.197 0.005 0.004 0.020 0.005 0.212 0.099 0.003 0.011 0.018 
181      734    (2)   13 :  0.219 0.001 0.140 0.011 0.076 0.152 0.009 0.004 0.048 0.008 0.135 0.009 0.092 0.007 0.089 
182      735    (4)   13 :  0.013 0.008 0.205 0.006 0.128 0.204 0.003 0.034 0.002 0.003 0.302 0.041 0.008 0.008 0.034 
183      736    (2)   13 :  0.010 0.003 0.183 0.005 0.353 0.198 0.017 0.005 0.011 0.003 0.158 0.007 0.023 0.004 0.019 
184      737    (0)   13 :  0.005 0.004 0.037 0.011 0.774 0.034 0.011 0.018 0.003 0.006 0.042 0.003 0.003 0.033 0.015 
185      738    (2)   13 :  0.006 0.003 0.130 0.007 0.480 0.122 0.003 0.005 0.005 0.009 0.120 0.009 0.005 0.005 0.091 
186      739    (8)   13 :  0.016 0.004 0.045 0.012 0.765 0.041 0.014 0.009 0.003 0.003 0.037 0.029 0.006 0.004 0.012 
187      740    (4)   13 :  0.009 0.015 0.046 0.006 0.667 0.041 0.002 0.003 0.006 0.004 0.052 0.138 0.003 0.005 0.004 
188      741    (2)   13 :  0.125 0.029 0.115 0.057 0.198 0.117 0.002 0.023 0.012 0.046 0.124 0.026 0.028 0.086 0.011 
189      742    (4)   13 :  0.008 0.002 0.142 0.014 0.420 0.130 0.006 0.005 0.008 0.006 0.120 0.016 0.005 0.018 0.098 
190      743    (2)   13 :  0.912 0.003 0.007 0.005 0.006 0.007 0.002 0.003 0.002 0.004 0.007 0.025 0.009 0.003 0.006 
191      744    (0)   13 :  0.043 0.004 0.178 0.005 0.034 0.185 0.025 0.006 0.118 0.008 0.135 0.244 0.005 0.005 0.007 
192      745    (0)   13 :  0.042 0.015 0.104 0.041 0.024 0.088 0.016 0.008 0.003 0.040 0.123 0.459 0.005 0.022 0.007 
193      746    (2)   13 :  0.003 0.010 0.153 0.004 0.403 0.128 0.004 0.005 0.005 0.004 0.208 0.012 0.005 0.044 0.011 
194      747    (2)   13 :  0.005 0.006 0.099 0.037 0.516 0.090 0.006 0.012 0.005 0.012 0.097 0.020 0.021 0.007 0.067 
195      748    (0)   13 :  0.006 0.016 0.109 0.103 0.041 0.097 0.006 0.330 0.011 0.050 0.131 0.008 0.016 0.017 0.058 
196      749    (2)   13 :  0.041 0.054 0.163 0.015 0.020 0.140 0.010 0.003 0.168 0.017 0.172 0.009 0.022 0.012 0.154 
197      750    (4)   13 :  0.036 0.006 0.234 0.009 0.126 0.238 0.005 0.005 0.013 0.008 0.267 0.008 0.005 0.026 0.013 
198      751    (0)   13 :  0.017 0.009 0.243 0.011 0.054 0.189 0.015 0.008 0.002 0.010 0.338 0.012 0.007 0.007 0.077 
199      752    (2)   13 :  0.007 0.003 0.006 0.012 0.014 0.006 0.002 0.819 0.002 0.007 0.007 0.106 0.002 0.004 0.005 
200      753    (4)   13 :  0.013 0.014 0.229 0.020 0.017 0.226 0.011 0.056 0.004 0.040 0.263 0.034 0.031 0.006 0.036 
201      754    (2)   13 :  0.008 0.002 0.005 0.003 0.943 0.006 0.003 0.003 0.005 0.003 0.006 0.003 0.003 0.003 0.004 
202      155    (0)   14 :  0.011 0.006 0.285 0.032 0.016 0.265 0.004 0.012 0.011 0.005 0.296 0.012 0.031 0.006 0.008 
203      156    (2)   14 :  0.028 0.006 0.312 0.012 0.012 0.339 0.096 0.003 0.011 0.007 0.148 0.007 0.005 0.006 0.008 
204      157    (2)   14 :  0.025 0.004 0.020 0.005 0.816 0.020 0.002 0.012 0.039 0.005 0.023 0.006 0.010 0.005 0.008 
205      158    (0)   14 :  0.006 0.006 0.308 0.008 0.018 0.309 0.004 0.003 0.005 0.005 0.238 0.042 0.007 0.010 0.032 
206      159    (0)   14 :  0.006 0.107 0.207 0.014 0.128 0.174 0.009 0.010 0.015 0.005 0.280 0.023 0.003 0.007 0.013 
207      160    (0)   14 :  0.056 0.004 0.039 0.015 0.495 0.041 0.003 0.037 0.003 0.013 0.070 0.160 0.007 0.003 0.054 
208      161    (0)   14 :  0.017 0.009 0.056 0.008 0.453 0.051 0.003 0.011 0.246 0.004 0.075 0.046 0.009 0.003 0.010 
209      162    (0)   14 :  0.564 0.003 0.117 0.008 0.007 0.114 0.005 0.027 0.003 0.009 0.082 0.030 0.006 0.007 0.019 
210      163    (2)   14 :  0.012 0.002 0.313 0.004 0.094 0.328 0.009 0.007 0.004 0.003 0.142 0.005 0.003 0.007 0.067 
211      164    (0)   14 :  0.011 0.004 0.247 0.048 0.050 0.205 0.002 0.041 0.016 0.015 0.301 0.019 0.017 0.011 0.014 
212      165    (2)   14 :  0.007 0.004 0.357 0.006 0.036 0.403 0.004 0.005 0.019 0.009 0.133 0.005 0.004 0.006 0.003 
213      427    (0)   14 :  0.016 0.018 0.010 0.006 0.008 0.011 0.008 0.004 0.004 0.004 0.012 0.785 0.098 0.002 0.014 
214      428    (0)   14 :  0.006 0.011 0.005 0.005 0.003 0.005 0.003 0.008 0.002 0.021 0.006 0.898 0.004 0.004 0.018 
215      429    (0)   14 :  0.578 0.007 0.010 0.005 0.005 0.011 0.003 0.007 0.001 0.006 0.012 0.337 0.003 0.008 0.006 
216      430    (0)   14 :  0.028 0.004 0.178 0.019 0.048 0.172 0.002 0.117 0.006 0.015 0.258 0.028 0.004 0.039 0.082 
217      431    (0)   14 :  0.228 0.007 0.022 0.029 0.018 0.020 0.002 0.006 0.004 0.050 0.023 0.555 0.004 0.021 0.012 
218      435    (0)   14 :  0.333 0.003 0.005 0.004 0.007 0.004 0.002 0.011 0.001 0.003 0.006 0.612 0.002 0.004 0.004 
219      436    (0)   14 :  0.042 0.007 0.007 0.011 0.006 0.008 0.002 0.013 0.003 0.006 0.008 0.874 0.004 0.004 0.004 
220      437    (0)   14 :  0.014 0.021 0.016 0.038 0.012 0.013 0.002 0.021 0.003 0.059 0.021 0.765 0.005 0.006 0.006 
221      438    (0)   14 :  0.008 0.012 0.014 0.035 0.011 0.014 0.006 0.021 0.003 0.008 0.017 0.819 0.002 0.014 0.015 
222      439    (0)   14 :  0.064 0.004 0.106 0.013 0.185 0.095 0.005 0.050 0.002 0.005 0.120 0.295 0.004 0.035 0.016 
223      441    (0)   14 :  0.003 0.001 0.003 0.003 0.002 0.003 0.001 0.955 0.002 0.006 0.003 0.007 0.002 0.006 0.003 
224      442    (0)   14 :  0.090 0.003 0.017 0.012 0.005 0.019 0.006 0.011 0.002 0.012 0.021 0.572 0.214 0.003 0.013 
225      443    (4)   14 :  0.004 0.003 0.005 0.008 0.010 0.004 0.002 0.007 0.002 0.005 0.005 0.932 0.002 0.003 0.008 
226      444    (4)   14 :  0.017 0.008 0.008 0.007 0.005 0.008 0.004 0.003 0.005 0.004 0.008 0.901 0.011 0.003 0.008 
227      445    (2)   14 :  0.005 0.008 0.050 0.030 0.007 0.037 0.009 0.007 0.003 0.017 0.071 0.743 0.003 0.005 0.004 
228      446    (0)   14 :  0.947 0.002 0.004 0.003 0.004 0.004 0.003 0.003 0.002 0.003 0.004 0.007 0.005 0.003 0.006 
229      447    (0)   14 :  0.479 0.009 0.013 0.018 0.015 0.014 0.004 0.004 0.001 0.042 0.014 0.371 0.006 0.003 0.008 
230      449    (0)   14 :  0.006 0.003 0.003 0.006 0.003 0.003 0.001 0.003 0.001 0.003 0.003 0.952 0.004 0.005 0.003 
231      460    (0)   14 :  0.135 0.007 0.034 0.022 0.010 0.033 0.003 0.081 0.006 0.009 0.038 0.598 0.007 0.008 0.007 
232      461    (0)   14 :  0.033 0.007 0.077 0.027 0.208 0.071 0.002 0.009 0.005 0.012 0.097 0.375 0.008 0.015 0.054 
233      484    (0)   14 :  0.040 0.004 0.107 0.169 0.075 0.094 0.009 0.010 0.004 0.021 0.104 0.027 0.014 0.132 0.191 
234      485    (0)   14 :  0.010 0.002 0.007 0.004 0.010 0.007 0.002 0.007 0.002 0.004 0.007 0.930 0.004 0.003 0.003 
235      486    (0)   14 :  0.002 0.001 0.002 0.002 0.001 0.002 0.001 0.976 0.001 0.002 0.002 0.002 0.002 0.003 0.002 
236      487    (0)   14 :  0.186 0.006 0.079 0.005 0.029 0.079 0.003 0.021 0.003 0.008 0.093 0.454 0.010 0.008 0.015 
237      178    (0)   15 :  0.063 0.004 0.070 0.004 0.056 0.072 0.009 0.036 0.014 0.005 0.111 0.535 0.006 0.003 0.013 
238      422    (0)   15 :  0.246 0.003 0.010 0.016 0.035 0.009 0.003 0.004 0.002 0.013 0.010 0.634 0.003 0.006 0.006 
239      425    (0)   15 :  0.912 0.006 0.009 0.003 0.008 0.008 0.001 0.007 0.002 0.009 0.009 0.015 0.002 0.002 0.005 
240      426    (0)   15 :  0.188 0.003 0.091 0.004 0.048 0.090 0.119 0.005 0.027 0.007 0.110 0.014 0.020 0.005 0.269 
241      432    (0)   15 :  0.022 0.009 0.165 0.010 0.020 0.165 0.008 0.009 0.005 0.011 0.228 0.290 0.010 0.008 0.041 
242      434    (0)   15 :  0.954 0.004 0.003 0.003 0.003 0.003 0.002 0.003 0.001 0.005 0.003 0.005 0.003 0.004 0.004 
243      440    (0)   15 :  0.568 0.002 0.082 0.005 0.008 0.087 0.002 0.031 0.004 0.004 0.072 0.068 0.016 0.008 0.042 
244      448    (2)   15 :  0.021 0.029 0.006 0.012 0.010 0.006 0.002 0.005 0.002 0.005 0.007 0.849 0.017 0.019 0.010 
245      456    (0)   15 :  0.086 0.004 0.195 0.051 0.011 0.184 0.003 0.006 0.003 0.043 0.173 0.135 0.009 0.077 0.020 
246      457    (0)   15 :  0.038 0.008 0.072 0.012 0.017 0.060 0.005 0.041 0.003 0.017 0.106 0.564 0.005 0.029 0.023 
247      458    (0)   15 :  0.075 0.005 0.163 0.008 0.201 0.142 0.006 0.021 0.004 0.065 0.195 0.048 0.016 0.004 0.049 
248      459    (0)   15 :  0.009 0.002 0.008 0.008 0.011 0.009 0.003 0.006 0.004 0.008 0.009 0.903 0.005 0.004 0.012 
249      464    (0)   15 :  0.292 0.003 0.013 0.003 0.006 0.013 0.005 0.014 0.009 0.006 0.013 0.605 0.009 0.004 0.005 
250      465    (0)   15 :  0.859 0.002 0.010 0.006 0.019 0.009 0.001 0.026 0.003 0.007 0.011 0.035 0.002 0.007 0.004 
251      466    (0)   15 :  0.014 0.014 0.013 0.010 0.014 0.013 0.001 0.007 0.001 0.065 0.018 0.811 0.004 0.006 0.008 
252      470    (0)   15 :  0.015 0.003 0.006 0.003 0.008 0.006 0.002 0.063 0.003 0.002 0.006 0.863 0.005 0.005 0.010 
253      471    (0)   15 :  0.536 0.018 0.034 0.007 0.010 0.033 0.037 0.007 0.004 0.012 0.034 0.194 0.003 0.023 0.048 
254      483    (0)   15 :  0.902 0.002 0.008 0.005 0.012 0.010 0.003 0.006 0.005 0.004 0.007 0.017 0.007 0.004 0.010 
255      488    (0)   15 :  0.023 0.003 0.040 0.026 0.199 0.033 0.003 0.168 0.003 0.012 0.053 0.406 0.007 0.005 0.020 
256      495    (0)   15 :  0.924 0.002 0.005 0.011 0.010 0.005 0.001 0.003 0.003 0.004 0.005 0.010 0.002 0.010 0.004 
257      496    (0)   15 :  0.406 0.006 0.025 0.003 0.101 0.025 0.003 0.079 0.004 0.002 0.021 0.311 0.002 0.006 0.008 
258      497    (0)   15 :  0.899 0.003 0.006 0.005 0.004 0.006 0.002 0.002 0.003 0.003 0.007 0.011 0.024 0.022 0.002 
259      500    (0)   15 :  0.008 0.013 0.060 0.511 0.049 0.062 0.004 0.039 0.071 0.017 0.053 0.087 0.003 0.017 0.007 
260      879    (0)   15 :  0.915 0.002 0.005 0.003 0.007 0.006 0.002 0.007 0.004 0.004 0.006 0.019 0.008 0.003 0.010 
261      036    (0)   16 :  0.010 0.011 0.283 0.006 0.030 0.254 0.004 0.005 0.003 0.005 0.353 0.024 0.002 0.004 0.006 
262      063    (2)   16 :  0.012 0.003 0.280 0.014 0.066 0.285 0.003 0.016 0.003 0.008 0.184 0.036 0.015 0.031 0.043 
263      094    (4)   16 :  0.009 0.011 0.096 0.075 0.469 0.084 0.005 0.011 0.012 0.014 0.141 0.038 0.008 0.010 0.016 
264      103    (4)   16 :  0.007 0.004 0.355 0.004 0.037 0.405 0.002 0.007 0.011 0.006 0.125 0.005 0.005 0.024 0.003 
265      112    (0)   16 :  0.010 0.003 0.178 0.009 0.372 0.158 0.004 0.011 0.007 0.003 0.175 0.006 0.006 0.007 0.051 
266      114    (2)   16 :  0.030 0.008 0.249 0.005 0.175 0.217 0.002 0.016 0.003 0.004 0.257 0.020 0.004 0.004 0.004 
267      120    (0)   16 :  0.006 0.011 0.020 0.011 0.859 0.017 0.002 0.009 0.003 0.013 0.018 0.008 0.004 0.005 0.013 
268      127    (2)   16 :  0.009 0.005 0.205 0.007 0.068 0.176 0.003 0.141 0.006 0.010 0.270 0.007 0.006 0.004 0.084 
269      147    (0)   16 :  0.020 0.005 0.189 0.002 0.030 0.171 0.051 0.007 0.008 0.002 0.204 0.013 0.006 0.006 0.284 
270      166    (0)   16 :  0.019 0.004 0.194 0.005 0.068 0.201 0.027 0.007 0.083 0.007 0.179 0.055 0.017 0.013 0.120 
271      167    (0)   16 :  0.553 0.018 0.092 0.007 0.018 0.095 0.005 0.044 0.007 0.009 0.064 0.016 0.005 0.059 0.007 
272      168    (0)   16 :  0.016 0.016 0.265 0.004 0.019 0.253 0.003 0.004 0.015 0.005 0.373 0.014 0.005 0.005 0.004 
273      169    (2)   16 :  0.429 0.007 0.123 0.009 0.058 0.126 0.007 0.007 0.005 0.008 0.106 0.057 0.004 0.005 0.049 
274      170    (0)   16 :  0.011 0.004 0.248 0.023 0.071 0.289 0.005 0.023 0.042 0.017 0.200 0.010 0.035 0.006 0.016 
275      171    (2)   16 :  0.006 0.003 0.320 0.043 0.015 0.386 0.010 0.003 0.005 0.051 0.117 0.006 0.004 0.008 0.022 
276      172    (0)   16 :  0.012 0.011 0.018 0.011 0.842 0.018 0.013 0.003 0.004 0.015 0.018 0.007 0.004 0.010 0.014 
277      185    (0)   16 :  0.066 0.002 0.332 0.006 0.011 0.296 0.005 0.012 0.005 0.002 0.157 0.060 0.005 0.009 0.031 
278      199    (2)   16 :  0.005 0.006 0.223 0.006 0.009 0.244 0.005 0.017 0.011 0.004 0.249 0.006 0.204 0.003 0.007 
279      339    (0)   16 :  0.697 0.003 0.071 0.006 0.009 0.070 0.007 0.019 0.002 0.010 0.044 0.022 0.010 0.018 0.012 
280      355    (0)   16 :  0.004 0.002 0.275 0.003 0.007 0.318 0.012 0.004 0.033 0.003 0.244 0.004 0.076 0.005 0.010 
281      356    (0)   16 :  0.008 0.005 0.022 0.004 0.690 0.020 0.003 0.036 0.157 0.004 0.033 0.005 0.005 0.003 0.006 
282      357    (0)   16 :  0.007 0.009 0.248 0.006 0.093 0.219 0.012 0.030 0.006 0.011 0.311 0.010 0.016 0.004 0.019 
283      358    (0)   16 :  0.012 0.002 0.274 0.008 0.008 0.246 0.006 0.013 0.004 0.006 0.349 0.011 0.004 0.046 0.011 
284      359    (0)   16 :  0.016 0.002 0.239 0.004 0.259 0.202 0.002 0.004 0.005 0.003 0.208 0.005 0.009 0.021 0.019 
285      360    (0)   16 :  0.017 0.006 0.301 0.014 0.026 0.288 0.010 0.007 0.020 0.010 0.247 0.027 0.005 0.003 0.021 
286      361    (0)   16 :  0.048 0.003 0.022 0.005 0.818 0.019 0.002 0.005 0.003 0.005 0.022 0.028 0.003 0.006 0.011 
287      362    (0)   16 :  0.097 0.002 0.164 0.174 0.052 0.139 0.005 0.004 0.012 0.038 0.195 0.031 0.006 0.010 0.072 
288      363    (0)   16 :  0.012 0.005 0.116 0.007 0.028 0.098 0.013 0.013 0.008 0.004 0.139 0.015 0.045 0.009 0.489 
289      364    (0)   16 :  0.005 0.004 0.127 0.260 0.054 0.131 0.003 0.049 0.079 0.042 0.166 0.016 0.041 0.007 0.016 
290      365    (0)   16 :  0.011 0.002 0.203 0.054 0.028 0.190 0.009 0.017 0.090 0.004 0.262 0.115 0.003 0.005 0.006 
291      366    (0)   16 :  0.004 0.001 0.236 0.005 0.146 0.210 0.028 0.004 0.005 0.003 0.319 0.005 0.003 0.013 0.017 
292      367    (0)   16 :  0.004 0.005 0.256 0.010 0.012 0.302 0.009 0.020 0.002 0.010 0.339 0.007 0.002 0.016 0.005 
293      368    (0)   16 :  0.004 0.008 0.280 0.032 0.008 0.324 0.013 0.055 0.064 0.008 0.173 0.004 0.004 0.017 0.006 
294      369    (0)   16 :  0.006 0.002 0.386 0.003 0.010 0.386 0.004 0.003 0.016 0.002 0.162 0.004 0.004 0.005 0.008 
295      370    (0)   16 :  0.015 0.013 0.083 0.005 0.535 0.078 0.011 0.005 0.078 0.004 0.086 0.019 0.007 0.045 0.017 
296      371    (0)   16 :  0.008 0.006 0.297 0.022 0.009 0.305 0.003 0.003 0.002 0.004 0.309 0.011 0.006 0.010 0.005 
297      372    (0)   16 :  0.012 0.003 0.015 0.011 0.014 0.015 0.004 0.003 0.006 0.009 0.012 0.508 0.339 0.003 0.045 
298      373    (0)   16 :  0.017 0.004 0.224 0.007 0.094 0.231 0.003 0.003 0.108 0.008 0.213 0.042 0.033 0.009 0.005 
299      380    (0)   16 :  0.006 0.043 0.228 0.016 0.092 0.208 0.006 0.004 0.011 0.012 0.303 0.012 0.010 0.008 0.042 
300      388    (0)   16 :  0.007 0.005 0.102 0.008 0.493 0.095 0.008 0.004 0.049 0.026 0.140 0.007 0.020 0.011 0.025 
301      418    (0)   16 :  0.005 0.028 0.233 0.012 0.031 0.190 0.007 0.010 0.006 0.022 0.385 0.016 0.035 0.004 0.017 
302      419    (0)   16 :  0.008 0.011 0.250 0.005 0.022 0.218 0.006 0.008 0.007 0.005 0.397 0.046 0.003 0.006 0.008 
303      420    (0)   16 :  0.022 0.003 0.164 0.037 0.081 0.138 0.057 0.015 0.007 0.036 0.197 0.151 0.066 0.010 0.016 
304      409    (0)   17 :  0.006 0.112 0.285 0.007 0.047 0.294 0.002 0.007 0.005 0.014 0.164 0.036 0.004 0.006 0.013 
305      414    (0)   17 :  0.010 0.013 0.305 0.009 0.007 0.338 0.002 0.006 0.003 0.079 0.199 0.005 0.007 0.006 0.011 
306      415    (2)   17 :  0.009 0.004 0.290 0.007 0.027 0.323 0.003 0.048 0.014 0.006 0.228 0.006 0.014 0.010 0.011 
307      416    (0)   17 :  0.025 0.083 0.202 0.028 0.016 0.210 0.003 0.006 0.004 0.016 0.286 0.064 0.012 0.033 0.013 
308      571    (0)    2 :  0.013 0.004 0.008 0.364 0.006 0.008 0.004 0.031 0.002 0.455 0.008 0.021 0.004 0.038 0.036 
309      572    (0)    2 :  0.004 0.014 0.009 0.048 0.009 0.009 0.005 0.005 0.002 0.783 0.009 0.003 0.002 0.082 0.016 
310      573    (2)    2 :  0.002 0.003 0.005 0.102 0.003 0.004 0.001 0.004 0.001 0.860 0.005 0.003 0.002 0.004 0.002 
311      574    (0)    2 :  0.005 0.012 0.008 0.022 0.007 0.008 0.002 0.005 0.006 0.893 0.008 0.004 0.002 0.013 0.005 
312      575    (2)    2 :  0.003 0.004 0.004 0.005 0.004 0.005 0.005 0.002 0.003 0.936 0.005 0.003 0.004 0.004 0.014 
313      576    (0)    2 :  0.003 0.003 0.004 0.324 0.003 0.004 0.001 0.003 0.002 0.630 0.004 0.003 0.003 0.008 0.004 
314      577    (0)    2 :  0.002 0.004 0.002 0.004 0.002 0.002 0.001 0.003 0.001 0.966 0.002 0.002 0.003 0.003 0.002 
315      578    (0)    2 :  0.002 0.007 0.002 0.005 0.002 0.002 0.001 0.002 0.001 0.965 0.002 0.002 0.003 0.002 0.002 
316      579    (0)    2 :  0.004 0.003 0.002 0.004 0.002 0.002 0.001 0.002 0.001 0.968 0.002 0.003 0.002 0.002 0.002 
317      580    (0)    2 :  0.003 0.002 0.002 0.007 0.002 0.002 0.001 0.002 0.001 0.965 0.003 0.002 0.001 0.003 0.002 
318      581    (0)    2 :  0.009 0.022 0.005 0.063 0.003 0.005 0.005 0.002 0.002 0.854 0.005 0.008 0.002 0.010 0.004 
319      582    (4)    2 :  0.019 0.003 0.015 0.062 0.011 0.013 0.039 0.003 0.003 0.770 0.015 0.006 0.013 0.020 0.007 
320      583    (0)    2 :  0.010 0.003 0.018 0.005 0.018 0.017 0.008 0.011 0.002 0.858 0.020 0.007 0.009 0.004 0.010 
321      584    (0)    2 :  0.028 0.017 0.012 0.040 0.013 0.013 0.006 0.004 0.002 0.798 0.012 0.029 0.010 0.007 0.008 
322      585    (0)    2 :  0.005 0.002 0.005 0.039 0.004 0.005 0.002 0.007 0.001 0.890 0.005 0.007 0.002 0.016 0.011 
323      586    (2)    2 :  0.005 0.003 0.003 0.014 0.003 0.003 0.004 0.004 0.001 0.934 0.003 0.005 0.005 0.007 0.004 
324      587    (0)    2 :  0.003 0.020 0.004 0.021 0.006 0.003 0.002 0.002 0.002 0.916 0.004 0.002 0.002 0.009 0.004 
325      588    (0)    2 :  0.003 0.003 0.011 0.014 0.005 0.011 0.016 0.006 0.008 0.891 0.011 0.004 0.006 0.005 0.007 
326      589    (0)    2 :  0.009 0.008 0.011 0.009 0.007 0.011 0.005 0.002 0.004 0.875 0.011 0.009 0.011 0.008 0.021 
327      590    (0)    2 :  0.003 0.015 0.003 0.005 0.003 0.003 0.011 0.031 0.002 0.900 0.004 0.003 0.004 0.009 0.002 
328      001    (0)    3 :  0.002 0.003 0.004 0.003 0.003 0.004 0.003 0.002 0.961 0.004 0.004 0.002 0.001 0.003 0.002 
329      005    (0)    3 :  0.002 0.001 0.002 0.001 0.002 0.002 0.006 0.002 0.970 0.001 0.002 0.001 0.003 0.002 0.002 
330      106    (0)    3 :  0.002 0.003 0.003 0.005 0.003 0.003 0.002 0.002 0.960 0.005 0.003 0.002 0.003 0.003 0.003 
331      192    (0)    3 :  0.004 0.006 0.020 0.006 0.008 0.022 0.005 0.003 0.873 0.007 0.017 0.005 0.011 0.004 0.009 
332      229    (0)    3 :  0.006 0.003 0.005 0.003 0.005 0.005 0.042 0.004 0.894 0.004 0.006 0.004 0.004 0.007 0.007 
333      319    (0)    3 :  0.002 0.002 0.004 0.002 0.007 0.004 0.005 0.002 0.956 0.002 0.004 0.003 0.002 0.003 0.002 
334      327    (0)    3 :  0.002 0.002 0.003 0.003 0.005 0.003 0.002 0.002 0.963 0.003 0.003 0.002 0.003 0.002 0.003 
335      340    (0)    3 :  0.003 0.001 0.005 0.003 0.004 0.006 0.003 0.004 0.950 0.003 0.004 0.002 0.003 0.004 0.002 
336      345    (0)    3 :  0.002 0.002 0.005 0.005 0.011 0.005 0.011 0.003 0.933 0.003 0.005 0.004 0.003 0.004 0.005 
337      375    (0)    3 :  0.002 0.001 0.004 0.002 0.003 0.003 0.003 0.003 0.961 0.002 0.003 0.002 0.005 0.002 0.004 
338      501    (4)    3 :  0.002 0.001 0.003 0.002 0.004 0.003 0.003 0.007 0.960 0.002 0.003 0.003 0.002 0.002 0.004 
339      502    (0)    3 :  0.003 0.003 0.005 0.003 0.004 0.005 0.008 0.034 0.911 0.004 0.005 0.002 0.003 0.004 0.007 
340      503    (2)    3 :  0.002 0.002 0.002 0.005 0.002 0.002 0.002 0.005 0.965 0.002 0.002 0.001 0.002 0.003 0.002 
341      504    (0)    3 :  0.006 0.004 0.005 0.002 0.003 0.005 0.017 0.003 0.932 0.003 0.005 0.007 0.004 0.002 0.003 
342      505    (0)    3 :  0.002 0.007 0.008 0.006 0.008 0.007 0.050 0.002 0.872 0.005 0.007 0.002 0.004 0.012 0.007 
343      506    (2)    3 :  0.004 0.002 0.006 0.002 0.006 0.006 0.005 0.004 0.942 0.001 0.006 0.004 0.002 0.002 0.006 
344      507    (4)    3 :  0.002 0.002 0.003 0.002 0.004 0.003 0.004 0.004 0.959 0.002 0.003 0.002 0.002 0.003 0.005 
345      508    (0)    3 :  0.004 0.002 0.006 0.005 0.007 0.006 0.003 0.020 0.918 0.003 0.006 0.005 0.002 0.006 0.006 
346      509    (2)    3 :  0.003 0.001 0.003 0.002 0.003 0.003 0.003 0.004 0.962 0.002 0.003 0.002 0.004 0.003 0.003 
347      510    (2)    3 :  0.005 0.003 0.006 0.002 0.003 0.006 0.003 0.004 0.928 0.001 0.006 0.008 0.020 0.002 0.003 
348      511    (4)    3 :  0.003 0.003 0.003 0.002 0.002 0.003 0.002 0.005 0.962 0.004 0.003 0.003 0.002 0.002 0.002 
349      512    (4)    3 :  0.002 0.002 0.003 0.002 0.004 0.003 0.006 0.002 0.958 0.002 0.003 0.003 0.003 0.002 0.004 
350      513    (0)    3 :  0.003 0.002 0.003 0.002 0.003 0.003 0.008 0.002 0.940 0.004 0.004 0.003 0.019 0.002 0.003 
351      514    (0)    3 :  0.010 0.001 0.003 0.001 0.002 0.003 0.002 0.002 0.962 0.001 0.003 0.002 0.002 0.002 0.002 
352      515    (2)    3 :  0.002 0.001 0.003 0.002 0.002 0.003 0.004 0.003 0.966 0.002 0.003 0.002 0.003 0.002 0.002 
353      516    (2)    3 :  0.005 0.003 0.005 0.003 0.004 0.005 0.004 0.012 0.930 0.003 0.005 0.005 0.007 0.004 0.005 
354      517    (0)    3 :  0.001 0.001 0.002 0.001 0.002 0.002 0.005 0.002 0.967 0.001 0.002 0.008 0.002 0.001 0.002 
355      518    (0)    3 :  0.004 0.002 0.006 0.004 0.005 0.006 0.003 0.006 0.938 0.002 0.006 0.005 0.003 0.007 0.004 
356      519    (0)    3 :  0.002 0.003 0.003 0.003 0.003 0.003 0.002 0.004 0.960 0.002 0.003 0.003 0.004 0.003 0.002 
357      520    (2)    3 :  0.003 0.004 0.003 0.003 0.003 0.003 0.002 0.002 0.954 0.005 0.003 0.004 0.006 0.002 0.003 
358      521    (2)    3 :  0.002 0.007 0.002 0.003 0.003 0.002 0.006 0.002 0.957 0.002 0.002 0.002 0.003 0.003 0.002 
359      522    (0)    3 :  0.005 0.013 0.006 0.006 0.004 0.006 0.001 0.022 0.903 0.005 0.007 0.009 0.005 0.004 0.004 
360      523    (2)    3 :  0.005 0.004 0.007 0.004 0.007 0.007 0.004 0.004 0.926 0.007 0.007 0.005 0.002 0.009 0.004 
361      524    (0)    3 :  0.005 0.012 0.009 0.009 0.011 0.008 0.003 0.061 0.814 0.007 0.011 0.011 0.007 0.024 0.007 
362      525    (0)    3 :  0.002 0.001 0.003 0.002 0.003 0.003 0.001 0.003 0.970 0.002 0.003 0.002 0.003 0.001 0.002 
363      526    (2)    3 :  0.002 0.002 0.002 0.002 0.002 0.002 0.012 0.002 0.960 0.001 0.002 0.003 0.002 0.002 0.002 
364      527    (2)    4 :  0.011 0.002 0.014 0.264 0.005 0.014 0.016 0.037 0.013 0.553 0.013 0.010 0.013 0.027 0.009 
365      528    (4)    4 :  0.005 0.016 0.028 0.189 0.024 0.026 0.003 0.004 0.002 0.183 0.030 0.005 0.008 0.070 0.405 
366      529    (4)    4 :  0.018 0.015 0.030 0.251 0.013 0.025 0.012 0.006 0.002 0.393 0.039 0.026 0.004 0.011 0.156 
367      530    (0)    4 :  0.003 0.003 0.006 0.936 0.007 0.005 0.003 0.004 0.005 0.004 0.005 0.003 0.004 0.005 0.007 
368      531    (2)    4 :  0.003 0.012 0.009 0.853 0.011 0.009 0.006 0.004 0.005 0.017 0.010 0.006 0.006 0.014 0.036 
369      532    (4)    4 :  0.004 0.003 0.014 0.795 0.018 0.012 0.002 0.022 0.002 0.008 0.014 0.003 0.002 0.017 0.083 
370      533    (0)    4 :  0.026 0.022 0.063 0.644 0.030 0.069 0.003 0.004 0.008 0.019 0.055 0.012 0.002 0.030 0.015 
371      534    (2)    4 :  0.004 0.015 0.008 0.882 0.005 0.007 0.002 0.003 0.003 0.007 0.007 0.005 0.006 0.040 0.006 
372      535    (2)    4 :  0.007 0.005 0.018 0.416 0.016 0.018 0.005 0.008 0.003 0.412 0.019 0.010 0.003 0.016 0.045 
373      536    (2)    4 :  0.006 0.026 0.007 0.887 0.008 0.006 0.015 0.003 0.002 0.014 0.007 0.004 0.002 0.010 0.003 
374      537    (2)    4 :  0.005 0.008 0.005 0.931 0.004 0.005 0.002 0.002 0.002 0.004 0.005 0.006 0.010 0.005 0.005 
375      538    (2)    4 :  0.039 0.004 0.066 0.465 0.051 0.060 0.002 0.007 0.006 0.146 0.053 0.013 0.004 0.078 0.006 
376      539    (2)    4 :  0.002 0.003 0.004 0.899 0.003 0.004 0.002 0.006 0.001 0.005 0.004 0.003 0.002 0.058 0.005 
377      540    (2)    4 :  0.009 0.010 0.011 0.878 0.016 0.012 0.001 0.006 0.001 0.014 0.011 0.015 0.002 0.008 0.006 
378      541    (2)    4 :  0.026 0.009 0.009 0.768 0.017 0.009 0.002 0.006 0.003 0.010 0.010 0.027 0.003 0.053 0.047 
379      542    (2)    4 :  0.025 0.012 0.024 0.705 0.020 0.020 0.004 0.007 0.002 0.016 0.024 0.046 0.010 0.066 0.016 
380      543    (0)    4 :  0.014 0.019 0.062 0.656 0.016 0.059 0.002 0.005 0.003 0.007 0.079 0.031 0.012 0.025 0.009 
381      544    (2)    4 :  0.003 0.004 0.003 0.949 0.004 0.003 0.002 0.002 0.003 0.006 0.003 0.003 0.002 0.010 0.003 
382      545    (2)    4 :  0.009 0.005 0.010 0.028 0.007 0.009 0.001 0.014 0.002 0.021 0.009 0.005 0.002 0.873 0.005 
383      546    (4)    4 :  0.011 0.005 0.025 0.013 0.006 0.025 0.002 0.021 0.002 0.021 0.023 0.004 0.002 0.836 0.004 
384      547    (6)    4 :  0.030 0.010 0.056 0.538 0.030 0.057 0.017 0.035 0.004 0.099 0.063 0.008 0.030 0.012 0.010 
385      019    (0)    5 :  0.020 0.008 0.006 0.042 0.006 0.007 0.004 0.002 0.002 0.128 0.007 0.019 0.004 0.727 0.016 
386      064    (0)    5 :  0.002 0.002 0.002 0.038 0.002 0.002 0.001 0.003 0.001 0.006 0.002 0.002 0.002 0.929 0.002 
387      065    (0)    5 :  0.003 0.005 0.002 0.955 0.002 0.002 0.001 0.002 0.001 0.004 0.002 0.002 0.001 0.014 0.002 
388      066    (0)    5 :  0.014 0.006 0.011 0.329 0.011 0.010 0.002 0.010 0.003 0.023 0.011 0.015 0.003 0.550 0.005 
389      067    (0)    5 :  0.024 0.008 0.007 0.011 0.005 0.008 0.006 0.006 0.005 0.008 0.009 0.010 0.011 0.866 0.017 
390      068    (0)    5 :  0.008 0.009 0.009 0.815 0.007 0.008 0.002 0.037 0.002 0.019 0.009 0.007 0.028 0.023 0.015 
391      069    (0)    5 :  0.003 0.012 0.006 0.151 0.007 0.005 0.001 0.020 0.001 0.021 0.005 0.006 0.004 0.750 0.007 
392      107    (0)    5 :  0.005 0.003 0.005 0.366 0.003 0.005 0.001 0.005 0.001 0.025 0.005 0.007 0.002 0.563 0.004 
393      110    (0)    5 :  0.003 0.002 0.002 0.003 0.002 0.002 0.003 0.002 0.001 0.004 0.002 0.002 0.001 0.962 0.007 
394      121    (0)    5 :  0.009 0.002 0.005 0.908 0.003 0.005 0.002 0.003 0.001 0.017 0.004 0.004 0.003 0.021 0.012 
395      137    (0)    5 :  0.020 0.005 0.009 0.011 0.005 0.009 0.009 0.005 0.002 0.004 0.009 0.006 0.002 0.899 0.004 
396      146    (0)    5 :  0.010 0.022 0.011 0.322 0.064 0.010 0.003 0.002 0.004 0.017 0.011 0.005 0.004 0.510 0.006 
397      149    (0)    5 :  0.009 0.002 0.004 0.004 0.004 0.004 0.004 0.002 0.001 0.008 0.004 0.004 0.002 0.942 0.005 
398      154    (0)    5 :  0.007 0.156 0.007 0.041 0.004 0.006 0.002 0.004 0.003 0.037 0.006 0.005 0.017 0.700 0.005 
399      179    (0)    5 :  0.004 0.004 0.004 0.229 0.004 0.004 0.002 0.008 0.002 0.196 0.004 0.005 0.004 0.526 0.004 
400      181    (0)    5 :  0.003 0.004 0.004 0.057 0.003 0.004 0.002 0.002 0.001 0.132 0.004 0.003 0.002 0.778 0.003 
401      182    (0)    5 :  0.006 0.006 0.011 0.804 0.010 0.011 0.003 0.018 0.003 0.013 0.011 0.004 0.013 0.064 0.023 
402      186    (0)    5 :  0.010 0.005 0.019 0.182 0.030 0.016 0.005 0.012 0.005 0.015 0.019 0.009 0.004 0.581 0.088 
403      193    (0)    5 :  0.006 0.008 0.008 0.526 0.007 0.008 0.002 0.004 0.003 0.023 0.008 0.010 0.004 0.379 0.006 
404      320    (0)    5 :  0.007 0.010 0.006 0.048 0.013 0.006 0.003 0.003 0.001 0.010 0.006 0.005 0.012 0.862 0.008 
405      341    (0)    5 :  0.013 0.003 0.006 0.682 0.008 0.006 0.002 0.006 0.002 0.160 0.006 0.011 0.004 0.086 0.004 
406      376    (0)    5 :  0.004 0.009 0.012 0.482 0.016 0.011 0.003 0.013 0.042 0.116 0.014 0.007 0.003 0.242 0.026 
407      395    (0)    5 :  0.005 0.049 0.006 0.281 0.005 0.006 0.006 0.005 0.001 0.008 0.007 0.034 0.004 0.572 0.010 
408      396    (0)    5 :  0.003 0.003 0.003 0.945 0.003 0.003 0.003 0.005 0.002 0.003 0.003 0.002 0.002 0.020 0.002 
409      397    (0)    5 :  0.004 0.010 0.005 0.898 0.003 0.004 0.009 0.002 0.001 0.006 0.005 0.003 0.006 0.039 0.005 
410      398    (0)    5 :  0.003 0.056 0.006 0.486 0.009 0.006 0.004 0.003 0.002 0.019 0.006 0.004 0.004 0.379 0.012 
411      399    (0)    5 :  0.005 0.002 0.005 0.919 0.008 0.005 0.002 0.007 0.002 0.018 0.005 0.003 0.003 0.006 0.011 
412      400    (0)    5 :  0.004 0.007 0.007 0.039 0.014 0.007 0.002 0.011 0.001 0.003 0.008 0.003 0.002 0.880 0.012 
413      401    (0)    5 :  0.008 0.006 0.013 0.110 0.008 0.013 0.003 0.007 0.003 0.009 0.014 0.005 0.002 0.793 0.004 
414      402    (0)    5 :  0.002 0.002 0.004 0.003 0.003 0.003 0.002 0.005 0.003 0.003 0.003 0.002 0.003 0.955 0.007 
415      403    (0)    5 :  0.017 0.004 0.008 0.541 0.025 0.009 0.009 0.009 0.003 0.008 0.009 0.009 0.004 0.328 0.016 
416      073    (0)    6 :  0.004 0.001 0.004 0.953 0.003 0.004 0.002 0.003 0.001 0.004 0.004 0.005 0.002 0.005 0.005 
417      074    (0)    6 :  0.003 0.039 0.008 0.892 0.004 0.007 0.002 0.002 0.006 0.013 0.007 0.006 0.005 0.004 0.002 
418      075    (0)    6 :  0.008 0.007 0.005 0.913 0.008 0.005 0.003 0.003 0.002 0.017 0.005 0.005 0.004 0.009 0.005 
419      076    (0)    6 :  0.008 0.004 0.005 0.920 0.005 0.006 0.004 0.004 0.004 0.009 0.005 0.004 0.005 0.006 0.009 
420      077    (0)    6 :  0.008 0.003 0.007 0.913 0.005 0.007 0.003 0.008 0.001 0.007 0.006 0.010 0.008 0.010 0.005 
421      078    (0)    6 :  0.011 0.005 0.030 0.806 0.019 0.033 0.005 0.004 0.003 0.031 0.027 0.006 0.005 0.010 0.006 
422      079    (0)    6 :  0.009 0.003 0.013 0.894 0.006 0.012 0.001 0.008 0.002 0.010 0.015 0.006 0.002 0.013 0.007 
423      080    (0)    6 :  0.007 0.003 0.005 0.917 0.004 0.005 0.002 0.006 0.002 0.011 0.005 0.003 0.014 0.004 0.011 
424      081    (0)    6 :  0.009 0.015 0.014 0.671 0.006 0.012 0.016 0.005 0.004 0.077 0.015 0.069 0.004 0.073 0.009 
425      082    (0)    6 :  0.002 0.003 0.003 0.941 0.003 0.003 0.002 0.004 0.001 0.007 0.003 0.003 0.003 0.015 0.005 
426      083    (0)    6 :  0.008 0.015 0.010 0.763 0.006 0.010 0.003 0.008 0.002 0.105 0.011 0.004 0.002 0.047 0.007 
427      084    (0)    6 :  0.017 0.123 0.006 0.707 0.004 0.006 0.006 0.003 0.004 0.088 0.005 0.009 0.002 0.018 0.003 
428      085    (0)    6 :  0.015 0.010 0.021 0.638 0.017 0.019 0.017 0.035 0.002 0.046 0.021 0.095 0.003 0.053 0.010 
429      404    (0)    6 :  0.008 0.029 0.005 0.877 0.005 0.005 0.003 0.004 0.001 0.030 0.005 0.006 0.003 0.012 0.006 
430      405    (0)    6 :  0.005 0.006 0.005 0.911 0.005 0.005 0.011 0.002 0.002 0.018 0.006 0.011 0.002 0.006 0.004 
431      406    (0)    6 :  0.003 0.009 0.009 0.904 0.006 0.010 0.009 0.006 0.004 0.011 0.009 0.004 0.004 0.004 0.007 
432      407    (0)    6 :  0.008 0.006 0.006 0.832 0.004 0.006 0.003 0.003 0.001 0.014 0.006 0.008 0.003 0.097 0.003 
433      408    (0)    6 :  0.003 0.006 0.005 0.925 0.004 0.005 0.002 0.003 0.001 0.022 0.005 0.006 0.005 0.005 0.003 
434      411    (2)    6 :  0.003 0.005 0.003 0.934 0.003 0.003 0.002 0.003 0.001 0.025 0.003 0.005 0.003 0.006 0.002 
435      412    (0)    6 :  0.006 0.005 0.010 0.778 0.006 0.008 0.005 0.010 0.026 0.087 0.011 0.021 0.006 0.010 0.012 
436      413    (0)    6 :  0.006 0.003 0.007 0.911 0.005 0.007 0.002 0.002 0.001 0.026 0.005 0.004 0.002 0.017 0.002 
437      591    (0)    7 :  0.007 0.008 0.005 0.004 0.007 0.005 0.007 0.005 0.015 0.002 0.006 0.008 0.004 0.002 0.915 
438      592    (0)    7 :  0.016 0.005 0.008 0.010 0.017 0.008 0.003 0.005 0.003 0.010 0.008 0.098 0.006 0.004 0.800 
439      593    (0)    7 :  0.007 0.004 0.007 0.007 0.006 0.007 0.005 0.005 0.002 0.014 0.006 0.006 0.002 0.006 0.916 
440      594    (0)    7 :  0.010 0.007 0.020 0.043 0.030 0.019 0.005 0.004 0.003 0.011 0.021 0.032 0.010 0.009 0.777 
441      595    (0)    7 :  0.007 0.003 0.024 0.010 0.006 0.024 0.004 0.006 0.005 0.006 0.022 0.004 0.012 0.014 0.852 
442      596    (0)    7 :  0.003 0.002 0.006 0.006 0.007 0.006 0.006 0.006 0.002 0.005 0.006 0.005 0.020 0.005 0.914 
443      597    (0)    7 :  0.009 0.003 0.016 0.026 0.009 0.012 0.002 0.004 0.001 0.026 0.016 0.012 0.007 0.024 0.833 
444      598    (0)    7 :  0.011 0.003 0.054 0.006 0.105 0.052 0.002 0.024 0.002 0.010 0.063 0.017 0.030 0.034 0.587 
445      599    (0)    7 :  0.061 0.003 0.008 0.004 0.004 0.008 0.006 0.004 0.003 0.036 0.008 0.071 0.003 0.003 0.779 
446      600    (0)    7 :  0.006 0.001 0.006 0.004 0.006 0.006 0.004 0.004 0.002 0.002 0.005 0.003 0.011 0.008 0.932 
447      601    (0)    7 :  0.024 0.002 0.019 0.025 0.010 0.016 0.002 0.007 0.002 0.008 0.018 0.023 0.002 0.024 0.817 
448      602    (0)    7 :  0.011 0.005 0.013 0.007 0.005 0.012 0.004 0.009 0.004 0.004 0.016 0.009 0.005 0.013 0.884 
449      603    (0)    7 :  0.029 0.010 0.039 0.007 0.007 0.038 0.008 0.015 0.003 0.008 0.044 0.637 0.010 0.005 0.140 
450      604    (0)    7 :  0.003 0.003 0.015 0.009 0.013 0.014 0.003 0.009 0.004 0.008 0.012 0.004 0.008 0.007 0.890 
451      605    (0)    7 :  0.013 0.003 0.022 0.014 0.086 0.021 0.005 0.005 0.019 0.003 0.025 0.007 0.023 0.006 0.749 
452      606    (0)    7 :  0.008 0.004 0.009 0.003 0.012 0.008 0.020 0.003 0.004 0.010 0.009 0.008 0.008 0.003 0.891 
453      607    (0)    7 :  0.003 0.002 0.005 0.011 0.008 0.005 0.003 0.153 0.003 0.002 0.005 0.003 0.009 0.014 0.776 
454      608    (0)    7 :  0.019 0.005 0.006 0.005 0.007 0.006 0.003 0.018 0.001 0.005 0.005 0.005 0.003 0.004 0.909 
455      609    (0)    7 :  0.005 0.004 0.009 0.004 0.009 0.008 0.004 0.008 0.002 0.005 0.010 0.004 0.003 0.004 0.922 
456      610    (0)    7 :  0.029 0.010 0.117 0.024 0.023 0.097 0.004 0.041 0.004 0.006 0.139 0.015 0.010 0.007 0.476 
457      611    (2)    7 :  0.003 0.011 0.010 0.011 0.007 0.011 0.003 0.020 0.002 0.010 0.009 0.004 0.007 0.009 0.885 
458      612    (0)    7 :  0.010 0.003 0.024 0.013 0.009 0.024 0.002 0.183 0.004 0.004 0.019 0.007 0.040 0.057 0.601 
459      755    (0)    7 :  0.004 0.023 0.035 0.015 0.020 0.033 0.002 0.236 0.026 0.019 0.043 0.021 0.044 0.008 0.469 
460      756    (0)    7 :  0.005 0.008 0.005 0.008 0.008 0.005 0.004 0.011 0.002 0.025 0.006 0.012 0.003 0.003 0.894 
461      757    (0)    7 :  0.005 0.004 0.010 0.009 0.015 0.009 0.002 0.007 0.003 0.006 0.009 0.010 0.005 0.006 0.898 
462      002    (0)    8 :  0.003 0.019 0.007 0.588 0.010 0.007 0.003 0.011 0.004 0.010 0.008 0.005 0.002 0.319 0.006 
463      099    (2)    8 :  0.052 0.008 0.031 0.004 0.014 0.029 0.004 0.014 0.723 0.006 0.032 0.021 0.049 0.005 0.008 
464      641    (2)    8 :  0.012 0.012 0.135 0.156 0.054 0.146 0.015 0.035 0.016 0.079 0.084 0.008 0.004 0.188 0.057 
465      642    (0)    8 :  0.013 0.008 0.008 0.877 0.014 0.008 0.003 0.006 0.003 0.013 0.008 0.013 0.003 0.004 0.019 
466      643    (2)    8 :  0.010 0.013 0.011 0.833 0.044 0.012 0.002 0.005 0.004 0.008 0.011 0.018 0.003 0.006 0.020 
467      644    (0)    8 :  0.018 0.005 0.007 0.874 0.015 0.007 0.004 0.009 0.003 0.007 0.008 0.012 0.008 0.016 0.006 
468      645    (0)    8 :  0.009 0.019 0.025 0.411 0.213 0.024 0.041 0.119 0.002 0.022 0.033 0.030 0.003 0.011 0.038 
469      646    (0)    8 :  0.010 0.012 0.064 0.075 0.067 0.075 0.010 0.232 0.005 0.014 0.071 0.009 0.008 0.336 0.012 
470      006    (0)    9 :  0.004 0.626 0.018 0.265 0.007 0.017 0.003 0.009 0.005 0.006 0.019 0.007 0.003 0.006 0.006 
471      011    (0)    9 :  0.003 0.011 0.003 0.942 0.003 0.003 0.002 0.002 0.001 0.014 0.003 0.003 0.003 0.003 0.003 
472      033    (2)    9 :  0.004 0.651 0.006 0.161 0.005 0.006 0.003 0.006 0.001 0.100 0.007 0.010 0.002 0.017 0.021 
473      048    (0)    9 :  0.089 0.053 0.017 0.551 0.007 0.017 0.009 0.008 0.002 0.018 0.018 0.181 0.005 0.010 0.015 
474      061    (0)    9 :  0.001 0.974 0.002 0.002 0.002 0.002 0.004 0.002 0.001 0.002 0.002 0.002 0.001 0.002 0.001 
475      088    (0)    9 :  0.014 0.023 0.011 0.858 0.010 0.011 0.005 0.004 0.003 0.007 0.012 0.014 0.007 0.011 0.011 
476      091    (0)    9 :  0.003 0.933 0.004 0.007 0.003 0.003 0.002 0.005 0.001 0.022 0.003 0.002 0.004 0.003 0.004 
477      098    (0)    9 :  0.010 0.007 0.004 0.903 0.003 0.005 0.012 0.007 0.001 0.004 0.005 0.014 0.003 0.009 0.013 
478      104    (0)    9 :  0.003 0.003 0.003 0.942 0.002 0.003 0.002 0.002 0.001 0.006 0.003 0.005 0.002 0.022 0.002 
479      196    (0)    9 :  0.007 0.581 0.005 0.328 0.005 0.005 0.005 0.003 0.001 0.018 0.005 0.009 0.005 0.014 0.008 
480      197    (0)    9 :  0.011 0.287 0.036 0.445 0.010 0.035 0.008 0.004 0.003 0.053 0.043 0.013 0.018 0.021 0.014 
481      201    (0)    9 :  0.004 0.614 0.006 0.181 0.011 0.006 0.001 0.002 0.001 0.142 0.005 0.006 0.001 0.012 0.006 
482      202    (0)    9 :  0.018 0.028 0.014 0.807 0.009 0.015 0.020 0.003 0.008 0.017 0.013 0.018 0.013 0.013 0.005 
483      204    (0)    9 :  0.004 0.397 0.004 0.462 0.006 0.004 0.002 0.009 0.001 0.062 0.004 0.013 0.002 0.028 0.003 
484      231    (0)    9 :  0.008 0.010 0.005 0.723 0.006 0.006 0.001 0.013 0.001 0.110 0.006 0.017 0.004 0.079 0.011 
485      328    (0)    9 :  0.004 0.234 0.004 0.701 0.005 0.004 0.005 0.002 0.001 0.021 0.004 0.005 0.002 0.003 0.005 
486      346    (0)    9 :  0.004 0.311 0.004 0.630 0.004 0.004 0.003 0.003 0.002 0.009 0.004 0.004 0.006 0.006 0.007 


Estimated Allele Frequencies in each cluster
First column gives estimated ancestral frequencies


Locus 1 : 1 
4 alleles
0.0% missing data
  89   (0.536) 0.483 0.702 0.553 0.620 0.505 0.557 0.066 0.658 0.295 0.632 0.548 0.588 0.642 0.286 0.554 
  91   (0.379) 0.407 0.288 0.376 0.346 0.441 0.376 0.709 0.325 0.667 0.208 0.370 0.365 0.312 0.583 0.429 
  93   (0.069) 0.106 0.008 0.059 0.034 0.050 0.056 0.097 0.014 0.036 0.159 0.066 0.017 0.045 0.129 0.015 
  99   (0.016) 0.005 0.002 0.012 0.000 0.004 0.011 0.128 0.003 0.001 0.001 0.016 0.030 0.001 0.001 0.003 

Locus 2 : 2 
6 alleles
1.0% missing data
 136   (0.354) 0.086 0.115 0.375 0.572 0.537 0.377 0.188 0.145 0.451 0.437 0.360 0.074 0.456 0.725 0.416 
 134   (0.234) 0.222 0.203 0.205 0.153 0.207 0.202 0.027 0.585 0.197 0.110 0.220 0.259 0.383 0.167 0.397 
 138   (0.294) 0.567 0.245 0.301 0.231 0.189 0.301 0.772 0.208 0.221 0.371 0.296 0.507 0.153 0.094 0.153 
 140   (0.070) 0.043 0.433 0.070 0.043 0.039 0.071 0.008 0.021 0.121 0.079 0.070 0.038 0.004 0.009 0.017 
 132   (0.021) 0.007 0.002 0.030 0.001 0.006 0.031 0.002 0.004 0.001 0.002 0.031 0.004 0.001 0.002 0.004 
 142   (0.028) 0.075 0.003 0.019 0.001 0.023 0.019 0.003 0.036 0.009 0.002 0.023 0.117 0.002 0.003 0.013 

Locus 3 : 3 
6 alleles
0.0% missing data
 181   (0.251) 0.351 0.067 0.246 0.249 0.182 0.243 0.181 0.245 0.073 0.163 0.243 0.358 0.068 0.087 0.400 
 187   (0.353) 0.181 0.675 0.369 0.480 0.342 0.379 0.773 0.269 0.345 0.664 0.354 0.188 0.257 0.546 0.166 
 179   (0.249) 0.258 0.242 0.250 0.240 0.302 0.246 0.029 0.334 0.052 0.162 0.257 0.220 0.016 0.353 0.401 
 191   (0.032) 0.007 0.004 0.030 0.027 0.011 0.028 0.003 0.007 0.009 0.003 0.034 0.006 0.199 0.003 0.006 
 185   (0.073) 0.187 0.008 0.070 0.002 0.057 0.070 0.008 0.116 0.284 0.006 0.074 0.038 0.458 0.007 0.019 
 175   (0.042) 0.016 0.004 0.034 0.001 0.105 0.034 0.005 0.030 0.237 0.003 0.038 0.191 0.003 0.004 0.008 

Locus 4 : 4 
12 alleles
0.2% missing data
 253   (0.495) 0.293 0.623 0.527 0.801 0.511 0.528 0.596 0.513 0.171 0.527 0.512 0.653 0.466 0.436 0.611 
 249   (0.028) 0.005 0.315 0.026 0.068 0.009 0.025 0.004 0.005 0.065 0.003 0.026 0.003 0.002 0.021 0.005 
 271   (0.043) 0.011 0.005 0.040 0.035 0.032 0.040 0.005 0.017 0.111 0.004 0.043 0.009 0.003 0.051 0.011 
 241   (0.152) 0.222 0.022 0.136 0.016 0.184 0.132 0.183 0.191 0.527 0.058 0.143 0.098 0.149 0.379 0.144 
 257   (0.006) 0.001 0.000 0.004 0.000 0.005 0.004 0.001 0.001 0.000 0.000 0.005 0.001 0.000 0.003 0.001 
 269   (0.171) 0.435 0.022 0.164 0.077 0.160 0.167 0.201 0.245 0.031 0.400 0.164 0.162 0.098 0.086 0.182 
 247   (0.066) 0.025 0.009 0.077 0.002 0.054 0.080 0.007 0.020 0.027 0.005 0.077 0.063 0.280 0.007 0.036 
 245   (0.009) 0.002 0.001 0.006 0.000 0.002 0.006 0.001 0.001 0.066 0.001 0.007 0.001 0.001 0.001 0.001 
 239   (0.011) 0.002 0.001 0.008 0.000 0.018 0.008 0.001 0.002 0.001 0.001 0.009 0.001 0.001 0.001 0.003 
 273   (0.008) 0.001 0.001 0.005 0.000 0.021 0.005 0.001 0.001 0.001 0.001 0.006 0.001 0.000 0.001 0.001 
 267   (0.006) 0.001 0.001 0.004 0.000 0.002 0.004 0.001 0.002 0.000 0.001 0.005 0.001 0.000 0.014 0.001 
 255   (0.006) 0.001 0.001 0.004 0.000 0.002 0.004 0.001 0.001 0.000 0.000 0.004 0.006 0.000 0.001 0.003 

Locus 5 : 5 
6 alleles
0.6% missing data
 103   (0.849) 0.929 0.984 0.819 0.990 0.855 0.812 0.982 0.954 0.733 0.988 0.836 0.954 0.978 0.962 0.923 
 104   (0.066) 0.053 0.008 0.087 0.008 0.056 0.092 0.008 0.025 0.076 0.007 0.076 0.018 0.004 0.030 0.028 
 101   (0.009) 0.002 0.001 0.006 0.000 0.003 0.006 0.001 0.005 0.001 0.001 0.008 0.001 0.013 0.001 0.002 
 105   (0.046) 0.010 0.005 0.056 0.001 0.068 0.057 0.005 0.010 0.165 0.003 0.050 0.023 0.003 0.004 0.038 
 102   (0.015) 0.003 0.001 0.019 0.000 0.008 0.021 0.002 0.002 0.001 0.001 0.016 0.002 0.001 0.001 0.005 
 107   (0.015) 0.003 0.001 0.013 0.000 0.010 0.012 0.001 0.002 0.025 0.001 0.014 0.002 0.001 0.001 0.003 

Locus 6 : 6 
5 alleles
0.2% missing data
 141   (0.270) 0.073 0.829 0.251 0.599 0.210 0.245 0.031 0.716 0.111 0.495 0.269 0.317 0.131 0.301 0.308 
 145   (0.401) 0.617 0.075 0.451 0.180 0.521 0.457 0.409 0.126 0.023 0.206 0.417 0.542 0.264 0.124 0.449 
 135   (0.237) 0.282 0.077 0.218 0.205 0.201 0.219 0.549 0.114 0.638 0.150 0.230 0.128 0.288 0.359 0.141 
 147   (0.081) 0.024 0.018 0.072 0.015 0.057 0.072 0.010 0.042 0.126 0.148 0.075 0.011 0.317 0.215 0.100 
 137   (0.011) 0.003 0.001 0.007 0.000 0.011 0.007 0.001 0.002 0.102 0.001 0.009 0.001 0.001 0.002 0.002 

Locus 7 : 7 
10 alleles
1.2% missing data
  93   (0.221) 0.134 0.618 0.186 0.334 0.270 0.185 0.792 0.305 0.114 0.304 0.200 0.370 0.065 0.409 0.213 
 103   (0.302) 0.412 0.084 0.327 0.370 0.304 0.333 0.040 0.168 0.017 0.553 0.312 0.343 0.514 0.269 0.520 
  91   (0.070) 0.016 0.008 0.070 0.029 0.053 0.069 0.010 0.037 0.061 0.049 0.068 0.048 0.155 0.007 0.049 
  97   (0.201) 0.274 0.029 0.212 0.183 0.119 0.209 0.132 0.178 0.262 0.075 0.211 0.078 0.253 0.171 0.159 
  85   (0.045) 0.085 0.006 0.047 0.054 0.044 0.048 0.006 0.010 0.003 0.004 0.046 0.011 0.003 0.008 0.015 
  89   (0.080) 0.059 0.247 0.067 0.027 0.074 0.065 0.010 0.287 0.298 0.008 0.072 0.097 0.005 0.128 0.029 
  83   (0.049) 0.014 0.005 0.064 0.001 0.128 0.063 0.006 0.010 0.003 0.003 0.062 0.048 0.003 0.004 0.009 
 105   (0.013) 0.002 0.001 0.012 0.000 0.004 0.012 0.001 0.002 0.094 0.001 0.013 0.002 0.001 0.001 0.002 
 101   (0.009) 0.002 0.001 0.008 0.000 0.003 0.009 0.001 0.001 0.124 0.001 0.007 0.001 0.001 0.001 0.001 
  99   (0.009) 0.002 0.001 0.007 0.000 0.002 0.007 0.001 0.001 0.025 0.001 0.008 0.001 0.001 0.001 0.001 

Locus 8 : 8 
8 alleles
0.0% missing data
 129   (0.555) 0.710 0.661 0.591 0.704 0.621 0.597 0.200 0.562 0.301 0.703 0.561 0.683 0.637 0.467 0.404 
 141   (0.056) 0.026 0.011 0.047 0.106 0.024 0.048 0.006 0.012 0.003 0.044 0.052 0.018 0.216 0.152 0.095 
 149   (0.082) 0.042 0.012 0.071 0.138 0.060 0.070 0.009 0.223 0.301 0.158 0.080 0.075 0.012 0.027 0.019 
 143   (0.256) 0.208 0.312 0.244 0.050 0.260 0.239 0.700 0.173 0.298 0.091 0.258 0.210 0.130 0.348 0.473 
 127   (0.017) 0.003 0.001 0.018 0.000 0.005 0.018 0.044 0.003 0.094 0.001 0.016 0.002 0.001 0.002 0.003 
 131   (0.012) 0.004 0.001 0.009 0.000 0.003 0.009 0.039 0.002 0.001 0.001 0.009 0.008 0.002 0.001 0.002 
 133   (0.016) 0.006 0.002 0.016 0.000 0.024 0.014 0.002 0.024 0.001 0.001 0.019 0.003 0.001 0.002 0.003 
 145   (0.006) 0.001 0.000 0.004 0.000 0.004 0.004 0.001 0.001 0.000 0.000 0.005 0.001 0.000 0.001 0.001 

Locus 9 : 9 
5 alleles
0.0% missing data
 191   (0.394) 0.299 0.838 0.396 0.554 0.342 0.394 0.338 0.393 0.341 0.593 0.394 0.309 0.545 0.585 0.475 
 195   (0.148) 0.277 0.035 0.123 0.176 0.130 0.119 0.354 0.038 0.328 0.235 0.138 0.274 0.051 0.037 0.240 
 189   (0.445) 0.421 0.125 0.473 0.267 0.515 0.480 0.307 0.566 0.330 0.171 0.459 0.414 0.403 0.376 0.282 
 197   (0.006) 0.001 0.001 0.004 0.000 0.010 0.004 0.001 0.001 0.000 0.000 0.004 0.002 0.000 0.001 0.001 
 193   (0.006) 0.001 0.001 0.004 0.003 0.002 0.004 0.001 0.002 0.000 0.001 0.005 0.001 0.000 0.001 0.001 

Locus 10 : 10 
7 alleles
0.4% missing data
 232   (0.248) 0.145 0.579 0.278 0.324 0.274 0.284 0.219 0.068 0.126 0.140 0.256 0.183 0.278 0.369 0.148 
 238   (0.558) 0.744 0.133 0.553 0.553 0.519 0.552 0.368 0.858 0.747 0.743 0.559 0.742 0.342 0.452 0.673 
 252   (0.109) 0.095 0.270 0.089 0.112 0.155 0.086 0.017 0.059 0.014 0.091 0.102 0.064 0.032 0.170 0.125 
 254   (0.048) 0.009 0.015 0.042 0.010 0.035 0.040 0.392 0.009 0.081 0.023 0.046 0.006 0.263 0.005 0.047 
 248   (0.018) 0.003 0.002 0.018 0.000 0.009 0.018 0.002 0.003 0.001 0.001 0.019 0.002 0.082 0.002 0.003 
 250   (0.013) 0.002 0.001 0.015 0.000 0.004 0.016 0.002 0.002 0.029 0.001 0.013 0.002 0.001 0.001 0.002 
 236   (0.006) 0.001 0.001 0.005 0.000 0.003 0.004 0.001 0.001 0.000 0.000 0.005 0.001 0.001 0.001 0.002 

Locus 11 : 11 
4 alleles
0.0% missing data
  87   (0.688) 0.846 0.356 0.695 0.657 0.682 0.694 0.964 0.892 0.497 0.584 0.697 0.842 0.535 0.563 0.641 
  89   (0.243) 0.123 0.620 0.250 0.277 0.228 0.253 0.029 0.072 0.152 0.410 0.243 0.133 0.383 0.361 0.346 
  91   (0.053) 0.028 0.021 0.042 0.065 0.075 0.042 0.006 0.013 0.182 0.005 0.046 0.024 0.081 0.074 0.011 
  85   (0.016) 0.003 0.002 0.012 0.000 0.015 0.011 0.002 0.023 0.168 0.001 0.015 0.002 0.001 0.001 0.003 

Locus 12 : 12 
13 alleles
0.4% missing data
 160   (0.209) 0.192 0.033 0.223 0.092 0.202 0.227 0.598 0.278 0.420 0.232 0.199 0.279 0.720 0.188 0.059 
 162   (0.245) 0.165 0.744 0.237 0.203 0.259 0.235 0.065 0.367 0.014 0.244 0.255 0.326 0.229 0.092 0.481 
 147   (0.055) 0.049 0.114 0.047 0.116 0.020 0.045 0.006 0.013 0.003 0.100 0.048 0.034 0.003 0.363 0.090 
 158   (0.234) 0.256 0.076 0.251 0.548 0.266 0.253 0.028 0.110 0.096 0.399 0.236 0.170 0.022 0.318 0.187 
 161   (0.104) 0.187 0.015 0.092 0.030 0.127 0.091 0.115 0.030 0.270 0.009 0.102 0.078 0.016 0.023 0.151 
 170   (0.052) 0.034 0.007 0.057 0.008 0.060 0.057 0.006 0.017 0.028 0.010 0.058 0.040 0.003 0.006 0.010 
 143   (0.030) 0.005 0.003 0.029 0.001 0.036 0.029 0.175 0.007 0.165 0.002 0.032 0.007 0.002 0.003 0.005 
 154   (0.016) 0.003 0.002 0.023 0.000 0.006 0.024 0.002 0.006 0.001 0.001 0.019 0.002 0.001 0.001 0.006 
 149   (0.023) 0.050 0.002 0.018 0.001 0.006 0.017 0.002 0.164 0.001 0.002 0.021 0.057 0.001 0.002 0.005 
 153   (0.011) 0.002 0.001 0.011 0.000 0.010 0.010 0.001 0.002 0.001 0.001 0.013 0.001 0.001 0.001 0.003 
 150   (0.006) 0.012 0.001 0.004 0.000 0.002 0.003 0.001 0.001 0.000 0.000 0.004 0.004 0.000 0.001 0.001 
 159   (0.009) 0.042 0.001 0.006 0.000 0.005 0.005 0.001 0.003 0.000 0.001 0.007 0.002 0.001 0.001 0.002 
 164   (0.006) 0.001 0.000 0.005 0.000 0.002 0.004 0.001 0.001 0.000 0.000 0.005 0.001 0.000 0.001 0.001 

Locus 13 : 13 
5 alleles
0.0% missing data
 108   (0.201) 0.227 0.403 0.202 0.168 0.267 0.205 0.334 0.049 0.296 0.137 0.191 0.074 0.198 0.157 0.149 
 115   (0.453) 0.376 0.531 0.440 0.532 0.477 0.435 0.091 0.563 0.379 0.788 0.457 0.595 0.284 0.296 0.504 
 113   (0.334) 0.394 0.065 0.348 0.300 0.252 0.350 0.574 0.386 0.325 0.075 0.341 0.329 0.517 0.546 0.345 
 109   (0.006) 0.001 0.001 0.005 0.000 0.002 0.005 0.001 0.001 0.000 0.000 0.005 0.001 0.000 0.001 0.001 
 110   (0.006) 0.002 0.000 0.005 0.000 0.002 0.004 0.001 0.001 0.000 0.000 0.006 0.001 0.000 0.001 0.001 

Locus 14 : 14 
5 alleles
1.2% missing data
 227   (0.134) 0.335 0.061 0.132 0.259 0.081 0.133 0.252 0.054 0.008 0.242 0.130 0.338 0.016 0.325 0.037 
 231   (0.158) 0.037 0.027 0.164 0.104 0.137 0.164 0.274 0.040 0.353 0.062 0.163 0.027 0.351 0.104 0.452 
 229   (0.502) 0.471 0.859 0.514 0.487 0.666 0.516 0.093 0.821 0.471 0.342 0.505 0.493 0.417 0.451 0.294 
 225   (0.139) 0.139 0.019 0.135 0.046 0.089 0.134 0.224 0.069 0.060 0.296 0.135 0.087 0.211 0.022 0.146 
 233   (0.067) 0.019 0.034 0.054 0.103 0.027 0.052 0.157 0.016 0.108 0.057 0.067 0.055 0.005 0.098 0.070 

Locus 15 : 15 
5 alleles
0.4% missing data
 143   (0.844) 0.790 0.982 0.839 0.971 0.888 0.836 0.722 0.945 0.621 0.950 0.849 0.901 0.816 0.977 0.872 
 157   (0.008) 0.002 0.001 0.005 0.019 0.002 0.005 0.001 0.001 0.000 0.003 0.006 0.001 0.000 0.001 0.004 
 145   (0.087) 0.054 0.010 0.092 0.007 0.052 0.095 0.270 0.042 0.183 0.043 0.088 0.073 0.006 0.016 0.113 
 147   (0.046) 0.149 0.005 0.053 0.001 0.022 0.053 0.006 0.009 0.195 0.003 0.045 0.023 0.146 0.005 0.008 
 133   (0.014) 0.004 0.002 0.011 0.000 0.035 0.011 0.001 0.003 0.001 0.001 0.012 0.002 0.032 0.001 0.003 

Locus 16 : 16 
5 alleles
0.2% missing data
 156   (0.230) 0.220 0.199 0.203 0.312 0.384 0.201 0.512 0.071 0.161 0.261 0.219 0.209 0.502 0.071 0.322 
 158   (0.535) 0.606 0.325 0.559 0.501 0.467 0.559 0.252 0.534 0.316 0.499 0.552 0.681 0.198 0.749 0.483 
 160   (0.142) 0.142 0.464 0.139 0.139 0.097 0.140 0.016 0.368 0.116 0.201 0.134 0.073 0.112 0.170 0.137 
 154   (0.086) 0.031 0.011 0.094 0.047 0.047 0.096 0.219 0.024 0.407 0.039 0.090 0.020 0.188 0.009 0.057 
 152   (0.007) 0.002 0.001 0.005 0.000 0.004 0.004 0.001 0.003 0.000 0.001 0.005 0.017 0.000 0.001 0.001 

Locus 17 : 17 
5 alleles
0.0% missing data
 102   (0.209) 0.258 0.099 0.197 0.247 0.127 0.194 0.026 0.415 0.039 0.256 0.212 0.167 0.198 0.162 0.187 
  90   (0.676) 0.695 0.605 0.663 0.716 0.795 0.663 0.579 0.370 0.322 0.735 0.662 0.807 0.794 0.809 0.790 
  88   (0.069) 0.021 0.291 0.075 0.036 0.034 0.074 0.007 0.205 0.468 0.007 0.078 0.011 0.005 0.024 0.013 
 100   (0.040) 0.008 0.004 0.062 0.001 0.042 0.066 0.387 0.009 0.171 0.003 0.043 0.014 0.002 0.004 0.009 
 104   (0.006) 0.018 0.001 0.004 0.000 0.002 0.004 0.001 0.001 0.000 0.000 0.004 0.001 0.000 0.001 0.001 

Locus 18 : 18 
7 alleles
0.0% missing data
 142   (0.129) 0.118 0.788 0.120 0.409 0.158 0.120 0.016 0.085 0.018 0.418 0.132 0.071 0.008 0.382 0.025 
 146   (0.086) 0.037 0.038 0.068 0.154 0.089 0.065 0.009 0.130 0.005 0.331 0.080 0.104 0.224 0.023 0.082 
 140   (0.285) 0.334 0.046 0.318 0.104 0.228 0.324 0.274 0.371 0.298 0.045 0.284 0.220 0.180 0.435 0.500 
 127   (0.299) 0.230 0.075 0.320 0.256 0.396 0.324 0.550 0.177 0.384 0.128 0.310 0.363 0.059 0.085 0.230 
 148   (0.098) 0.062 0.034 0.090 0.066 0.037 0.087 0.011 0.179 0.067 0.009 0.097 0.063 0.216 0.048 0.118 
 150   (0.051) 0.116 0.006 0.040 0.001 0.049 0.038 0.005 0.043 0.224 0.004 0.048 0.166 0.310 0.005 0.013 
 138   (0.052) 0.103 0.014 0.043 0.010 0.043 0.042 0.135 0.016 0.003 0.065 0.048 0.013 0.003 0.022 0.032 

Locus 19 : 19 
8 alleles
0.2% missing data
 188   (0.177) 0.269 0.556 0.198 0.118 0.182 0.202 0.019 0.045 0.011 0.025 0.190 0.123 0.169 0.164 0.066 
 190   (0.132) 0.163 0.015 0.100 0.365 0.098 0.097 0.014 0.265 0.040 0.584 0.111 0.175 0.197 0.332 0.239 
 194   (0.577) 0.519 0.419 0.589 0.514 0.628 0.585 0.956 0.265 0.556 0.383 0.587 0.569 0.483 0.494 0.610 
 202   (0.016) 0.004 0.001 0.013 0.000 0.006 0.013 0.002 0.002 0.042 0.001 0.014 0.002 0.144 0.001 0.003 
 200   (0.079) 0.041 0.007 0.088 0.002 0.074 0.092 0.008 0.419 0.312 0.005 0.083 0.128 0.005 0.008 0.075 
 192   (0.006) 0.001 0.000 0.005 0.000 0.002 0.005 0.001 0.001 0.000 0.000 0.005 0.001 0.000 0.001 0.004 
 196   (0.006) 0.001 0.000 0.004 0.000 0.008 0.004 0.001 0.001 0.000 0.001 0.005 0.001 0.000 0.001 0.001 
 198   (0.006) 0.001 0.000 0.004 0.000 0.002 0.003 0.001 0.001 0.037 0.000 0.004 0.001 0.000 0.001 0.001 

Locus 20 : 20 
6 alleles
0.8% missing data
 252   (0.704) 0.808 0.827 0.722 0.828 0.829 0.720 0.386 0.685 0.075 0.922 0.719 0.741 0.727 0.704 0.741 
 250   (0.084) 0.149 0.011 0.076 0.118 0.029 0.078 0.346 0.105 0.426 0.011 0.077 0.022 0.142 0.046 0.068 
 244   (0.023) 0.007 0.140 0.016 0.002 0.010 0.015 0.005 0.005 0.047 0.039 0.018 0.008 0.001 0.002 0.007 
 254   (0.073) 0.014 0.009 0.058 0.034 0.065 0.057 0.102 0.018 0.244 0.018 0.066 0.158 0.081 0.010 0.056 
 246   (0.094) 0.018 0.011 0.090 0.007 0.057 0.088 0.159 0.183 0.207 0.007 0.092 0.068 0.047 0.234 0.123 
 248   (0.022) 0.004 0.003 0.038 0.012 0.010 0.041 0.002 0.004 0.001 0.002 0.028 0.004 0.001 0.003 0.004 

Locus 21 : 21 
7 alleles
0.2% missing data
 173   (0.297) 0.483 0.159 0.259 0.359 0.360 0.250 0.122 0.110 0.209 0.410 0.291 0.567 0.212 0.145 0.320 
 177   (0.261) 0.294 0.186 0.293 0.304 0.203 0.298 0.274 0.523 0.042 0.157 0.266 0.230 0.168 0.644 0.081 
 175   (0.138) 0.054 0.017 0.128 0.019 0.128 0.127 0.483 0.033 0.504 0.070 0.135 0.083 0.256 0.024 0.326 
 167   (0.199) 0.135 0.628 0.197 0.314 0.262 0.197 0.110 0.088 0.069 0.303 0.195 0.105 0.122 0.174 0.146 
 163   (0.038) 0.015 0.004 0.038 0.003 0.023 0.039 0.004 0.009 0.106 0.003 0.038 0.006 0.229 0.004 0.016 
 165   (0.046) 0.008 0.004 0.051 0.001 0.018 0.054 0.005 0.233 0.070 0.055 0.046 0.006 0.011 0.007 0.108 
 159   (0.021) 0.011 0.002 0.034 0.001 0.006 0.035 0.002 0.004 0.001 0.001 0.029 0.002 0.001 0.002 0.004 

Locus 22 : 22 
11 alleles
0.6% missing data
 146   (0.227) 0.191 0.833 0.216 0.268 0.228 0.212 0.073 0.263 0.014 0.056 0.234 0.380 0.140 0.220 0.175 
 154   (0.009) 0.002 0.001 0.005 0.079 0.002 0.005 0.001 0.002 0.000 0.010 0.006 0.001 0.001 0.003 0.001 
 166   (0.090) 0.028 0.010 0.118 0.036 0.045 0.121 0.115 0.025 0.005 0.009 0.106 0.031 0.005 0.271 0.077 
 152   (0.426) 0.657 0.127 0.420 0.575 0.535 0.423 0.506 0.621 0.100 0.904 0.405 0.514 0.366 0.435 0.500 
 150   (0.031) 0.013 0.004 0.032 0.008 0.012 0.032 0.107 0.009 0.103 0.004 0.033 0.009 0.002 0.009 0.006 
 164   (0.035) 0.011 0.005 0.028 0.012 0.027 0.027 0.005 0.007 0.068 0.005 0.030 0.006 0.002 0.045 0.056 
 156   (0.019) 0.017 0.002 0.012 0.001 0.005 0.012 0.002 0.003 0.112 0.001 0.014 0.006 0.303 0.002 0.004 
 162   (0.052) 0.048 0.005 0.053 0.001 0.040 0.053 0.007 0.018 0.138 0.004 0.058 0.010 0.071 0.005 0.048 
 158   (0.088) 0.030 0.012 0.098 0.019 0.098 0.098 0.011 0.047 0.429 0.007 0.094 0.019 0.109 0.009 0.129 
 148   (0.009) 0.001 0.001 0.006 0.000 0.003 0.005 0.173 0.001 0.000 0.001 0.007 0.001 0.000 0.001 0.001 
 142   (0.014) 0.002 0.001 0.011 0.000 0.004 0.011 0.001 0.002 0.030 0.001 0.012 0.024 0.001 0.001 0.002 

Locus 23 : 23 
7 alleles
0.8% missing data
 152   (0.013) 0.003 0.001 0.008 0.074 0.003 0.008 0.001 0.002 0.001 0.001 0.009 0.002 0.001 0.091 0.002 
 156   (0.119) 0.073 0.013 0.126 0.043 0.235 0.129 0.014 0.027 0.430 0.011 0.121 0.030 0.030 0.093 0.125 
 144   (0.176) 0.218 0.027 0.167 0.205 0.114 0.165 0.605 0.048 0.244 0.071 0.167 0.294 0.640 0.153 0.195 
 160   (0.107) 0.146 0.012 0.104 0.194 0.054 0.106 0.013 0.335 0.012 0.112 0.097 0.060 0.106 0.304 0.138 
 154   (0.549) 0.553 0.916 0.556 0.483 0.579 0.553 0.362 0.576 0.174 0.791 0.567 0.609 0.221 0.355 0.528 
 158   (0.029) 0.006 0.030 0.032 0.001 0.009 0.032 0.003 0.011 0.138 0.013 0.030 0.004 0.002 0.003 0.011 
 146   (0.008) 0.001 0.001 0.007 0.000 0.005 0.006 0.001 0.001 0.000 0.001 0.008 0.001 0.000 0.001 0.001 

Locus 24 : 24 
4 alleles
0.4% missing data
  77   (0.087) 0.075 0.034 0.071 0.359 0.116 0.069 0.009 0.089 0.005 0.134 0.077 0.063 0.049 0.018 0.083 
  83   (0.464) 0.501 0.229 0.454 0.435 0.383 0.454 0.688 0.672 0.585 0.716 0.455 0.387 0.921 0.584 0.590 
  81   (0.365) 0.314 0.726 0.392 0.179 0.361 0.394 0.292 0.217 0.381 0.143 0.385 0.461 0.024 0.367 0.281 
  85   (0.084) 0.110 0.011 0.084 0.028 0.140 0.083 0.010 0.022 0.029 0.008 0.083 0.089 0.006 0.031 0.046 

Locus 25 : 25 
6 alleles
0.4% missing data
 132   (0.314) 0.304 0.909 0.321 0.507 0.235 0.324 0.180 0.185 0.021 0.587 0.321 0.366 0.455 0.111 0.450 
 124   (0.534) 0.596 0.068 0.531 0.421 0.698 0.528 0.414 0.736 0.468 0.316 0.534 0.478 0.536 0.852 0.423 
 126   (0.027) 0.005 0.003 0.021 0.050 0.010 0.020 0.003 0.005 0.011 0.085 0.023 0.003 0.002 0.022 0.005 
 122   (0.092) 0.087 0.017 0.100 0.020 0.043 0.102 0.111 0.067 0.476 0.008 0.091 0.149 0.006 0.011 0.102 
 120   (0.019) 0.003 0.002 0.015 0.001 0.009 0.015 0.290 0.003 0.022 0.001 0.017 0.002 0.001 0.002 0.005 
 136   (0.015) 0.006 0.001 0.012 0.001 0.005 0.012 0.002 0.004 0.001 0.001 0.014 0.002 0.001 0.002 0.016 

Locus 26 : 26 
7 alleles
0.2% missing data
 165   (0.242) 0.139 0.683 0.244 0.141 0.225 0.244 0.324 0.207 0.117 0.030 0.243 0.323 0.054 0.154 0.341 
 183   (0.351) 0.371 0.203 0.356 0.529 0.318 0.358 0.293 0.519 0.212 0.787 0.338 0.293 0.423 0.456 0.450 
 179   (0.090) 0.052 0.018 0.080 0.066 0.087 0.078 0.343 0.050 0.280 0.010 0.089 0.079 0.005 0.104 0.022 
 175   (0.252) 0.427 0.090 0.251 0.262 0.218 0.249 0.032 0.213 0.016 0.168 0.267 0.297 0.452 0.280 0.160 
 181   (0.049) 0.009 0.005 0.058 0.001 0.148 0.060 0.006 0.009 0.262 0.003 0.051 0.007 0.064 0.005 0.026 
 185   (0.010) 0.002 0.001 0.006 0.000 0.004 0.006 0.001 0.002 0.114 0.001 0.008 0.001 0.001 0.001 0.001 
 157   (0.006) 0.001 0.001 0.005 0.000 0.002 0.005 0.001 0.001 0.000 0.000 0.006 0.001 0.000 0.001 0.001 

Locus 27 : 27 
4 alleles
0.2% missing data
 142   (0.640) 0.802 0.354 0.652 0.718 0.589 0.653 0.309 0.677 0.524 0.634 0.641 0.782 0.743 0.602 0.678 
 148   (0.207) 0.128 0.388 0.211 0.077 0.220 0.212 0.674 0.050 0.266 0.087 0.213 0.085 0.065 0.189 0.253 
 138   (0.048) 0.011 0.248 0.037 0.192 0.020 0.037 0.006 0.021 0.048 0.266 0.040 0.018 0.003 0.197 0.018 
 150   (0.105) 0.059 0.011 0.100 0.012 0.171 0.097 0.011 0.252 0.162 0.013 0.105 0.115 0.189 0.012 0.051 

Locus 28 : 28 
6 alleles
0.8% missing data
 260   (0.386) 0.439 0.275 0.413 0.276 0.232 0.416 0.135 0.464 0.218 0.662 0.402 0.564 0.378 0.511 0.302 
 262   (0.508) 0.383 0.712 0.479 0.718 0.680 0.476 0.852 0.488 0.694 0.329 0.492 0.385 0.549 0.478 0.657 
 256   (0.074) 0.117 0.010 0.082 0.005 0.064 0.081 0.010 0.042 0.086 0.007 0.076 0.035 0.071 0.008 0.036 
 258   (0.010) 0.002 0.001 0.012 0.000 0.003 0.012 0.001 0.002 0.001 0.001 0.013 0.001 0.001 0.001 0.002 
 266   (0.006) 0.001 0.001 0.004 0.000 0.002 0.004 0.001 0.001 0.000 0.000 0.005 0.010 0.000 0.001 0.001 
 264   (0.015) 0.058 0.001 0.012 0.000 0.020 0.011 0.001 0.003 0.001 0.001 0.012 0.005 0.001 0.001 0.002 

Locus 29 : 29 
7 alleles
0.2% missing data
 146   (0.276) 0.463 0.081 0.308 0.141 0.251 0.314 0.034 0.354 0.324 0.316 0.274 0.142 0.334 0.311 0.349 
 150   (0.441) 0.382 0.173 0.429 0.724 0.584 0.426 0.142 0.284 0.241 0.581 0.447 0.600 0.289 0.422 0.408 
 140   (0.178) 0.120 0.685 0.175 0.077 0.125 0.174 0.812 0.165 0.387 0.095 0.182 0.174 0.057 0.031 0.174 
 148   (0.061) 0.013 0.054 0.051 0.047 0.022 0.051 0.007 0.126 0.035 0.005 0.056 0.033 0.317 0.227 0.046 
 152   (0.027) 0.018 0.004 0.027 0.001 0.013 0.026 0.003 0.052 0.012 0.002 0.028 0.049 0.002 0.003 0.005 
 151   (0.009) 0.001 0.002 0.005 0.008 0.003 0.005 0.001 0.010 0.001 0.001 0.007 0.001 0.001 0.005 0.002 
 142   (0.008) 0.001 0.001 0.005 0.002 0.003 0.004 0.001 0.010 0.000 0.001 0.005 0.001 0.000 0.001 0.018 

Locus 30 : 30 
6 alleles
0.2% missing data
 125   (0.288) 0.083 0.635 0.334 0.509 0.336 0.339 0.139 0.086 0.142 0.304 0.305 0.082 0.029 0.286 0.310 
 129   (0.435) 0.654 0.303 0.403 0.431 0.396 0.402 0.211 0.531 0.079 0.661 0.425 0.555 0.787 0.657 0.419 
 123   (0.145) 0.233 0.048 0.135 0.057 0.187 0.133 0.017 0.073 0.112 0.025 0.139 0.275 0.101 0.044 0.113 
 127   (0.083) 0.017 0.010 0.082 0.002 0.048 0.080 0.588 0.283 0.524 0.006 0.082 0.042 0.079 0.008 0.147 
 121   (0.012) 0.003 0.001 0.009 0.000 0.006 0.009 0.040 0.002 0.001 0.001 0.011 0.002 0.001 0.001 0.003 
 131   (0.036) 0.010 0.003 0.037 0.001 0.026 0.037 0.004 0.024 0.143 0.003 0.038 0.045 0.002 0.003 0.008 

Locus 31 : 31 
6 alleles
0.2% missing data
 159   (0.169) 0.358 0.070 0.151 0.167 0.269 0.149 0.019 0.151 0.201 0.020 0.158 0.225 0.011 0.105 0.290 
 155   (0.548) 0.272 0.579 0.588 0.632 0.458 0.593 0.521 0.382 0.423 0.926 0.569 0.542 0.707 0.857 0.421 
 157   (0.179) 0.187 0.295 0.167 0.111 0.222 0.165 0.115 0.426 0.061 0.020 0.176 0.188 0.020 0.028 0.258 
 153   (0.066) 0.175 0.050 0.065 0.086 0.026 0.066 0.102 0.033 0.305 0.029 0.064 0.039 0.004 0.007 0.013 
 151   (0.031) 0.006 0.005 0.025 0.002 0.024 0.023 0.242 0.007 0.010 0.005 0.028 0.004 0.256 0.003 0.016 
 163   (0.006) 0.001 0.001 0.004 0.001 0.002 0.004 0.001 0.001 0.000 0.000 0.005 0.001 0.000 0.001 0.001 

Locus 32 : 32 
5 alleles
0.0% missing data
 146   (0.316) 0.368 0.061 0.356 0.081 0.354 0.361 0.584 0.192 0.651 0.048 0.331 0.325 0.314 0.049 0.269 
 150   (0.567) 0.544 0.926 0.544 0.848 0.600 0.542 0.403 0.517 0.252 0.866 0.560 0.628 0.637 0.864 0.509 
 148   (0.065) 0.039 0.007 0.052 0.070 0.019 0.050 0.007 0.272 0.032 0.083 0.057 0.012 0.046 0.080 0.115 
 154   (0.038) 0.008 0.005 0.037 0.001 0.020 0.036 0.004 0.012 0.064 0.003 0.040 0.011 0.002 0.005 0.104 
 152   (0.014) 0.041 0.001 0.010 0.000 0.006 0.010 0.002 0.007 0.001 0.001 0.013 0.025 0.001 0.001 0.003 

Locus 33 : 33 
7 alleles
0.0% missing data
 180   (0.457) 0.261 0.433 0.473 0.667 0.415 0.470 0.697 0.481 0.358 0.327 0.466 0.427 0.670 0.362 0.518 
 196   (0.114) 0.212 0.123 0.111 0.165 0.099 0.113 0.013 0.025 0.025 0.281 0.109 0.119 0.007 0.209 0.049 
 184   (0.199) 0.358 0.417 0.191 0.132 0.192 0.193 0.266 0.072 0.185 0.219 0.186 0.262 0.072 0.116 0.281 
 194   (0.014) 0.003 0.001 0.008 0.025 0.004 0.008 0.001 0.002 0.001 0.090 0.010 0.002 0.001 0.027 0.003 
 192   (0.134) 0.134 0.015 0.134 0.007 0.205 0.132 0.014 0.401 0.165 0.010 0.146 0.135 0.183 0.013 0.105 
 198   (0.065) 0.015 0.009 0.071 0.003 0.060 0.073 0.007 0.015 0.266 0.072 0.070 0.014 0.066 0.270 0.018 
 190   (0.017) 0.016 0.002 0.012 0.000 0.024 0.012 0.002 0.004 0.001 0.001 0.013 0.041 0.001 0.002 0.027 

Locus 34 : 34 
6 alleles
0.0% missing data
 110   (0.195) 0.073 0.259 0.195 0.312 0.129 0.195 0.215 0.208 0.109 0.595 0.195 0.097 0.068 0.162 0.218 
 112   (0.352) 0.471 0.078 0.371 0.549 0.332 0.365 0.040 0.367 0.049 0.306 0.365 0.375 0.058 0.743 0.295 
 106   (0.269) 0.343 0.586 0.240 0.116 0.389 0.238 0.224 0.224 0.249 0.026 0.256 0.430 0.714 0.075 0.412 
  90   (0.040) 0.010 0.061 0.032 0.017 0.038 0.033 0.407 0.170 0.002 0.028 0.035 0.009 0.002 0.005 0.008 
 108   (0.135) 0.101 0.016 0.155 0.006 0.109 0.163 0.113 0.029 0.590 0.045 0.140 0.087 0.112 0.014 0.065 
  96   (0.010) 0.002 0.001 0.007 0.000 0.004 0.006 0.001 0.002 0.001 0.001 0.008 0.001 0.046 0.001 0.002 

Locus 35 : 35 
9 alleles
0.0% missing data
 166   (0.058) 0.024 0.010 0.044 0.261 0.019 0.043 0.008 0.064 0.003 0.362 0.050 0.137 0.004 0.177 0.054 
 176   (0.103) 0.023 0.024 0.098 0.137 0.126 0.096 0.013 0.033 0.096 0.085 0.101 0.013 0.015 0.385 0.214 
 172   (0.333) 0.413 0.446 0.347 0.446 0.228 0.351 0.042 0.369 0.167 0.480 0.343 0.404 0.584 0.206 0.144 
 170   (0.269) 0.278 0.485 0.264 0.147 0.243 0.263 0.611 0.152 0.349 0.041 0.259 0.206 0.327 0.156 0.515 
 174   (0.124) 0.035 0.012 0.125 0.005 0.307 0.124 0.014 0.354 0.044 0.023 0.127 0.207 0.063 0.016 0.047 
 178   (0.039) 0.066 0.016 0.042 0.002 0.025 0.041 0.005 0.009 0.002 0.003 0.045 0.010 0.003 0.053 0.008 
 168   (0.053) 0.026 0.006 0.060 0.001 0.046 0.062 0.306 0.015 0.319 0.004 0.057 0.020 0.003 0.005 0.014 
 186   (0.015) 0.134 0.001 0.014 0.000 0.004 0.014 0.001 0.003 0.019 0.001 0.012 0.002 0.001 0.001 0.002 
 158   (0.006) 0.001 0.000 0.006 0.000 0.002 0.005 0.001 0.001 0.000 0.000 0.006 0.001 0.000 0.001 0.001 

Locus 36 : 36 
6 alleles
0.0% missing data
  89   (0.568) 0.779 0.234 0.593 0.669 0.558 0.597 0.376 0.732 0.603 0.631 0.576 0.587 0.509 0.714 0.498 
  95   (0.062) 0.022 0.046 0.055 0.089 0.025 0.055 0.007 0.023 0.028 0.036 0.057 0.102 0.005 0.019 0.085 
  85   (0.170) 0.123 0.260 0.146 0.216 0.204 0.144 0.492 0.195 0.015 0.251 0.161 0.144 0.234 0.227 0.146 
  81   (0.060) 0.014 0.008 0.062 0.007 0.131 0.059 0.008 0.013 0.003 0.005 0.066 0.036 0.004 0.006 0.176 
  83   (0.122) 0.057 0.450 0.128 0.018 0.077 0.131 0.014 0.034 0.325 0.076 0.122 0.124 0.247 0.032 0.093 
  91   (0.018) 0.004 0.002 0.015 0.001 0.005 0.014 0.104 0.003 0.026 0.001 0.017 0.007 0.001 0.002 0.003 

Locus 37 : 37 
10 alleles
0.0% missing data
 161   (0.347) 0.129 0.089 0.339 0.575 0.496 0.340 0.432 0.424 0.706 0.533 0.339 0.286 0.373 0.524 0.392 
 165   (0.224) 0.236 0.059 0.249 0.193 0.142 0.251 0.131 0.079 0.114 0.040 0.231 0.332 0.101 0.288 0.187 
 159   (0.017) 0.003 0.002 0.012 0.031 0.005 0.011 0.002 0.003 0.001 0.048 0.014 0.008 0.001 0.008 0.003 
 173   (0.258) 0.427 0.159 0.245 0.131 0.220 0.242 0.225 0.436 0.171 0.142 0.258 0.216 0.515 0.075 0.387 
 169   (0.100) 0.185 0.686 0.099 0.057 0.111 0.099 0.204 0.047 0.006 0.234 0.102 0.102 0.006 0.100 0.021 
 167   (0.017) 0.004 0.002 0.016 0.012 0.014 0.016 0.002 0.004 0.001 0.002 0.020 0.004 0.001 0.002 0.004 
 168   (0.010) 0.002 0.001 0.012 0.000 0.003 0.012 0.001 0.002 0.001 0.001 0.012 0.001 0.001 0.001 0.002 
 155   (0.013) 0.004 0.001 0.020 0.000 0.006 0.019 0.001 0.002 0.001 0.001 0.015 0.002 0.001 0.001 0.003 
 177   (0.006) 0.001 0.000 0.005 0.000 0.003 0.005 0.001 0.002 0.000 0.000 0.005 0.001 0.000 0.001 0.001 
 175   (0.008) 0.009 0.001 0.004 0.000 0.002 0.004 0.001 0.001 0.000 0.001 0.005 0.050 0.000 0.001 0.001 

Locus 38 : 38 
6 alleles
0.6% missing data
  87   (0.098) 0.044 0.013 0.076 0.158 0.066 0.075 0.556 0.071 0.437 0.209 0.083 0.037 0.127 0.141 0.112 
  89   (0.430) 0.470 0.755 0.461 0.607 0.518 0.463 0.050 0.384 0.228 0.460 0.446 0.648 0.092 0.670 0.223 
  91   (0.167) 0.101 0.192 0.169 0.107 0.174 0.172 0.207 0.104 0.100 0.245 0.167 0.089 0.184 0.026 0.204 
  81   (0.115) 0.075 0.012 0.117 0.098 0.067 0.115 0.013 0.304 0.007 0.011 0.122 0.065 0.115 0.080 0.226 
  85   (0.182) 0.308 0.028 0.173 0.030 0.173 0.171 0.173 0.136 0.227 0.061 0.177 0.161 0.480 0.082 0.233 
  83   (0.006) 0.001 0.001 0.004 0.000 0.002 0.004 0.001 0.001 0.000 0.015 0.004 0.001 0.000 0.001 0.001 

Locus 39 : 39 
4 alleles
0.6% missing data
 167   (0.789) 0.924 0.930 0.777 0.922 0.869 0.773 0.684 0.860 0.394 0.848 0.787 0.712 0.860 0.931 0.945 
 161   (0.176) 0.069 0.063 0.193 0.076 0.113 0.196 0.312 0.129 0.457 0.149 0.179 0.201 0.137 0.065 0.048 
 165   (0.028) 0.006 0.006 0.024 0.001 0.016 0.024 0.003 0.010 0.148 0.002 0.028 0.086 0.002 0.003 0.005 
 177   (0.006) 0.001 0.001 0.006 0.000 0.002 0.007 0.001 0.001 0.000 0.001 0.006 0.001 0.001 0.001 0.001 

Locus 40 : 40 
6 alleles
0.4% missing data
 228   (0.422) 0.564 0.721 0.393 0.484 0.388 0.391 0.549 0.594 0.118 0.695 0.412 0.476 0.230 0.657 0.442 
 238   (0.337) 0.280 0.074 0.357 0.336 0.431 0.357 0.082 0.095 0.070 0.275 0.356 0.335 0.117 0.269 0.274 
 224   (0.024) 0.004 0.003 0.016 0.107 0.007 0.016 0.003 0.165 0.011 0.002 0.018 0.003 0.002 0.046 0.014 
 236   (0.105) 0.027 0.190 0.104 0.070 0.052 0.103 0.354 0.089 0.285 0.020 0.101 0.049 0.388 0.016 0.112 
 232   (0.012) 0.002 0.001 0.010 0.000 0.035 0.010 0.001 0.002 0.001 0.001 0.010 0.002 0.001 0.002 0.002 
 240   (0.102) 0.124 0.011 0.120 0.003 0.087 0.123 0.012 0.055 0.516 0.007 0.104 0.135 0.263 0.010 0.156 

Locus 41 : 41 
7 alleles
0.0% missing data
 128   (0.107) 0.049 0.234 0.101 0.172 0.133 0.100 0.011 0.221 0.006 0.008 0.103 0.261 0.032 0.053 0.074 
 130   (0.551) 0.460 0.694 0.567 0.543 0.561 0.570 0.063 0.537 0.738 0.877 0.564 0.413 0.779 0.605 0.512 
 114   (0.056) 0.012 0.033 0.050 0.117 0.033 0.049 0.501 0.012 0.003 0.054 0.054 0.007 0.003 0.037 0.077 
 132   (0.109) 0.401 0.017 0.105 0.162 0.137 0.106 0.012 0.023 0.006 0.009 0.099 0.154 0.047 0.287 0.152 
 118   (0.060) 0.038 0.009 0.052 0.003 0.062 0.052 0.205 0.087 0.070 0.005 0.057 0.085 0.132 0.006 0.012 
 134   (0.110) 0.039 0.012 0.120 0.004 0.073 0.118 0.208 0.119 0.175 0.047 0.118 0.079 0.007 0.012 0.173 
 136   (0.006) 0.001 0.001 0.005 0.000 0.002 0.005 0.001 0.001 0.000 0.000 0.006 0.001 0.000 0.001 0.001 

Locus 42 : 42 
6 alleles
1.2% missing data
 102   (0.269) 0.401 0.073 0.277 0.390 0.176 0.281 0.574 0.257 0.015 0.525 0.265 0.295 0.474 0.422 0.402 
 104   (0.399) 0.346 0.105 0.425 0.194 0.418 0.424 0.049 0.639 0.233 0.227 0.425 0.575 0.415 0.162 0.332 
  92   (0.109) 0.140 0.015 0.099 0.122 0.212 0.096 0.051 0.035 0.315 0.042 0.103 0.024 0.007 0.277 0.087 
  96   (0.074) 0.015 0.713 0.069 0.067 0.078 0.069 0.096 0.022 0.176 0.021 0.067 0.026 0.005 0.072 0.057 
  98   (0.142) 0.097 0.094 0.127 0.227 0.114 0.126 0.229 0.045 0.260 0.173 0.135 0.079 0.099 0.066 0.120 
 106   (0.006) 0.001 0.001 0.004 0.000 0.002 0.004 0.001 0.002 0.000 0.012 0.005 0.001 0.000 0.001 0.001 

Locus 43 : 43 
6 alleles
1.4% missing data
 101   (0.302) 0.368 0.086 0.279 0.430 0.405 0.279 0.035 0.305 0.368 0.613 0.289 0.248 0.179 0.201 0.459 
 103   (0.314) 0.487 0.458 0.321 0.179 0.187 0.315 0.227 0.186 0.109 0.193 0.331 0.436 0.353 0.379 0.279 
  99   (0.145) 0.042 0.075 0.154 0.031 0.205 0.159 0.414 0.409 0.183 0.056 0.146 0.081 0.009 0.222 0.068 
  95   (0.216) 0.099 0.379 0.221 0.359 0.194 0.223 0.170 0.095 0.333 0.136 0.211 0.231 0.457 0.195 0.189 
  97   (0.017) 0.003 0.002 0.019 0.000 0.007 0.018 0.153 0.003 0.006 0.001 0.017 0.002 0.001 0.002 0.004 
  91   (0.006) 0.001 0.001 0.006 0.000 0.002 0.006 0.001 0.001 0.000 0.000 0.006 0.001 0.000 0.001 0.001 

Locus 44 : 44 
7 alleles
0.2% missing data
 177   (0.077) 0.048 0.010 0.082 0.073 0.032 0.081 0.010 0.015 0.114 0.011 0.079 0.063 0.005 0.173 0.064 
 191   (0.285) 0.222 0.055 0.323 0.215 0.268 0.327 0.281 0.384 0.631 0.056 0.302 0.164 0.100 0.111 0.301 
 181   (0.568) 0.718 0.929 0.535 0.711 0.667 0.536 0.520 0.542 0.138 0.928 0.546 0.709 0.862 0.710 0.617 
 189   (0.007) 0.001 0.001 0.004 0.000 0.002 0.004 0.001 0.001 0.000 0.000 0.005 0.001 0.030 0.001 0.001 
 179   (0.044) 0.008 0.004 0.043 0.001 0.026 0.041 0.187 0.054 0.107 0.003 0.053 0.005 0.003 0.004 0.013 
 183   (0.009) 0.002 0.001 0.008 0.000 0.003 0.007 0.001 0.002 0.001 0.001 0.010 0.002 0.001 0.001 0.002 
 193   (0.010) 0.002 0.001 0.006 0.000 0.002 0.005 0.001 0.002 0.010 0.001 0.007 0.057 0.001 0.001 0.002 

Locus 45 : 45 
6 alleles
0.8% missing data
 205   (0.462) 0.543 0.867 0.491 0.453 0.356 0.492 0.247 0.500 0.310 0.731 0.482 0.493 0.406 0.546 0.533 
 211   (0.228) 0.231 0.050 0.218 0.268 0.349 0.219 0.343 0.291 0.393 0.163 0.227 0.095 0.274 0.104 0.190 
 207   (0.142) 0.162 0.061 0.141 0.141 0.101 0.139 0.017 0.044 0.071 0.066 0.141 0.249 0.200 0.191 0.097 
 201   (0.080) 0.047 0.013 0.065 0.076 0.116 0.065 0.382 0.084 0.039 0.031 0.070 0.056 0.005 0.123 0.082 
 215   (0.077) 0.015 0.009 0.070 0.062 0.076 0.071 0.009 0.079 0.178 0.007 0.071 0.104 0.114 0.035 0.096 
 202   (0.010) 0.002 0.001 0.014 0.000 0.003 0.015 0.001 0.002 0.008 0.001 0.010 0.002 0.001 0.001 0.002 

Locus 46 : 46 
10 alleles
1.0% missing data
 144   (0.065) 0.013 0.047 0.053 0.277 0.097 0.052 0.008 0.050 0.008 0.142 0.057 0.061 0.127 0.056 0.014 
 158   (0.151) 0.105 0.042 0.152 0.139 0.128 0.154 0.021 0.296 0.121 0.016 0.148 0.047 0.083 0.405 0.256 
 168   (0.146) 0.032 0.059 0.169 0.179 0.111 0.176 0.217 0.032 0.214 0.365 0.148 0.043 0.105 0.067 0.132 
 166   (0.144) 0.075 0.443 0.124 0.345 0.110 0.122 0.123 0.033 0.025 0.203 0.141 0.252 0.390 0.117 0.090 
 142   (0.359) 0.626 0.393 0.386 0.056 0.298 0.385 0.047 0.564 0.145 0.262 0.380 0.544 0.287 0.321 0.445 
 170   (0.016) 0.003 0.002 0.011 0.001 0.037 0.010 0.002 0.003 0.047 0.003 0.013 0.002 0.001 0.002 0.004 
 156   (0.028) 0.043 0.003 0.024 0.001 0.009 0.023 0.466 0.005 0.084 0.002 0.025 0.004 0.002 0.016 0.005 
 162   (0.046) 0.015 0.005 0.039 0.001 0.072 0.036 0.110 0.008 0.161 0.003 0.046 0.042 0.003 0.004 0.039 
 164   (0.039) 0.087 0.005 0.038 0.001 0.138 0.036 0.004 0.007 0.193 0.003 0.036 0.005 0.002 0.011 0.011 
 160   (0.006) 0.001 0.001 0.005 0.000 0.002 0.004 0.001 0.001 0.000 0.000 0.006 0.001 0.000 0.001 0.002 

Locus 47 : 47 
7 alleles
9.9% missing data
 149   (0.347) 0.379 0.476 0.357 0.193 0.304 0.356 0.350 0.456 0.770 0.291 0.356 0.406 0.336 0.190 0.088 
 151   (0.182) 0.214 0.117 0.168 0.243 0.170 0.165 0.083 0.369 0.088 0.052 0.174 0.096 0.012 0.575 0.370 
 153   (0.196) 0.235 0.111 0.195 0.327 0.150 0.195 0.030 0.100 0.042 0.490 0.201 0.416 0.026 0.137 0.179 
 147   (0.026) 0.005 0.003 0.021 0.041 0.065 0.021 0.004 0.007 0.002 0.002 0.025 0.004 0.002 0.029 0.005 
 145   (0.225) 0.163 0.290 0.243 0.193 0.279 0.248 0.529 0.061 0.042 0.163 0.225 0.076 0.623 0.066 0.353 
 152   (0.007) 0.001 0.001 0.004 0.003 0.003 0.004 0.001 0.003 0.001 0.001 0.005 0.001 0.000 0.001 0.001 
 143   (0.016) 0.003 0.001 0.013 0.000 0.029 0.012 0.002 0.003 0.056 0.001 0.015 0.002 0.001 0.002 0.003 

Values of parameters used in structure:
DATAFILE=temp2.str,	OUTFILE=k15/temp2_k15_run4,	NUMINDS=486,	NUMLOCI=47,	MISSING=-9,	LABEL=1,	POPDATA=1,	POPFLAG=0,	PHENOTYPE=0,	EXTRACOLS=0,	MAXPOPS=15,	BURNIN=500000,	NUMREPS=750000,	USEPOPINFO=0,	INFERALPHA=1,	INFERLAMBDA=0,	POPSPECIFICLAMBDA=0,	POPALPHAS=0,	COMPUTEPROB=1,	NOADMIX=0,	ADMBURNIN=500,	UPDATEFREQ=100,	PRINTLIKES=0,	INTERMEDSAVE=0,	PRINTKLD=0,	PRINTNET=1,	PRINTLAMBDA=1,	ANCESTDIST=0,	NUMBOXES=1000,	ANCESTPINT=0.90000,	GENSBACK=2,	MIGRPRIOR=0.01000,	PRINTQHAT=0,	PRINTQSUM=1,	ALPHA=1.0000,	FREQSCORR=1,	FPRIORMEAN=0.0100,	FPRIORSD=0.0500,	ONEFST=0,	LAMBDA=1.0000,	UNIFPRIORALPHA=1,	ALPHAMAX=10.0000,	ALPHAPRIORA=1.0000,	ALPHAPRIORB=2.0000,	ALPHAPROPSD=0.0250,	STARTATPOPINFO=0,	RANDOMIZE=0,	LINKAGE=0,	METROFREQ=10,	REPORTHITRATE=0,	MARKOVPHASE=0,	PHASED=1,	PLOIDY=2,	PHASEINFO=0	LOCPRIOR=0, 	LOCPRIORINIT=1.000000, 	LOCDATA=0, 	LOCISPOP=1, 	LOCPRIORSTEP=0.100000, 	MAXLOCPRIOR=20.000000, 	SEED=402284,	
[STRAT parameters]:    NUMSIMSTATS=1000,	PHENOTYPECOL=-9,	POOLFREQ=10,	LOCUSxONLY=0,	EMERROR=0.00100,	MISSINGPHENO=-9,	