

----------------------------------------------------
STRUCTURE by Pritchard, Stephens and Donnelly (2000)
     and Falush, Stephens and Pritchard (2003)
       Code by Pritchard, Falush and Hubisz
             Version 2.3.4 (Jul 2012)
----------------------------------------------------



Command line arguments:   structure -D 200793 -K 15 -m mainparams -o k15/temp2_k15_run8 
Input File:    temp2.str

Run parameters:
   486 individuals
   47 loci
   15 populations assumed
   500000 Burn-in period
   750000 Reps
RANDOMIZE turned off


--------------------------------------------
Proportion of membership of each pre-defined
 population in each of the 15 clusters

Given    Inferred Clusters                                                                                           Number of
 Pop       1      2      3      4      5      6      7      8      9     10     11     12     13     14     15      Individuals

  1:     0.010  0.009  0.821  0.031  0.010  0.013  0.012  0.011  0.003  0.010  0.004  0.006  0.010  0.040  0.010       63
  2:     0.008  0.005  0.059  0.012  0.006  0.008  0.007  0.006  0.002  0.006  0.006  0.007  0.007  0.855  0.007       20
  3:     0.003  0.004  0.003  0.004  0.005  0.004  0.003  0.004  0.940  0.004  0.007  0.007  0.005  0.003  0.005       36
  4:     0.010  0.006  0.621  0.108  0.021  0.042  0.012  0.015  0.003  0.012  0.005  0.010  0.022  0.091  0.022       21
  5:     0.014  0.005  0.374  0.504  0.007  0.011  0.008  0.009  0.003  0.007  0.003  0.007  0.007  0.034  0.007       31
  6:     0.014  0.004  0.862  0.018  0.008  0.006  0.007  0.006  0.003  0.013  0.005  0.006  0.008  0.030  0.009       21
  7:     0.005  0.011  0.011  0.011  0.019  0.780  0.012  0.018  0.005  0.041  0.004  0.032  0.020  0.010  0.020       25
  8:     0.012  0.010  0.480  0.107  0.033  0.020  0.017  0.051  0.095  0.014  0.010  0.057  0.040  0.020  0.035        8
  9:     0.336  0.005  0.525  0.015  0.009  0.008  0.011  0.006  0.002  0.020  0.005  0.005  0.008  0.036  0.009       17
 10:     0.003  0.937  0.004  0.004  0.005  0.006  0.005  0.005  0.003  0.004  0.003  0.006  0.005  0.006  0.005       29
 11:     0.003  0.002  0.002  0.002  0.003  0.003  0.002  0.002  0.006  0.002  0.964  0.002  0.003  0.002  0.003        9
 12:     0.009  0.013  0.011  0.015  0.225  0.062  0.025  0.118  0.019  0.045  0.009  0.028  0.206  0.008  0.206       26
 13:     0.012  0.012  0.012  0.012  0.120  0.029  0.059  0.179  0.014  0.196  0.009  0.083  0.126  0.013  0.123       74
 14:     0.009  0.015  0.018  0.011  0.084  0.021  0.116  0.080  0.013  0.376  0.006  0.072  0.085  0.012  0.082       35
 15:     0.006  0.008  0.030  0.012  0.045  0.027  0.376  0.040  0.008  0.301  0.009  0.026  0.048  0.014  0.051       24
 16:     0.007  0.025  0.022  0.012  0.197  0.040  0.056  0.157  0.023  0.035  0.009  0.016  0.190  0.011  0.199       43
 17:     0.054  0.009  0.012  0.014  0.273  0.012  0.013  0.032  0.006  0.026  0.003  0.017  0.265  0.029  0.234        4
--------------------------------------------

Allele-freq. divergence among pops (Net nucleotide distance),
computed using point estimates of P.

      1       2       3       4       5       6       7       8       9      10      11      12      13      14      15      
 1      -    0.1598  0.1044  0.1372  0.1017  0.1202  0.1427  0.1088  0.2145  0.1166  0.2014  0.1417  0.1017  0.1262  0.1010  
 2   0.1598     -    0.0815  0.0964  0.0548  0.0610  0.0729  0.0635  0.1222  0.0754  0.1332  0.0894  0.0540  0.0963  0.0536  
 3   0.1044  0.0815     -    0.0436  0.0305  0.0442  0.0575  0.0321  0.1417  0.0442  0.1412  0.0643  0.0295  0.0345  0.0296  
 4   0.1372  0.0964  0.0436     -    0.0408  0.0584  0.0611  0.0482  0.1393  0.0654  0.1454  0.0684  0.0402  0.0698  0.0403  
 5   0.1017  0.0548  0.0305  0.0408     -    0.0191  0.0224  0.0081  0.0816  0.0185  0.0995  0.0362  0.0001  0.0540  0.0001  
 6   0.1202  0.0610  0.0442  0.0584  0.0191     -    0.0371  0.0236  0.1039  0.0380  0.1066  0.0502  0.0185  0.0664  0.0184  
 7   0.1427  0.0729  0.0575  0.0611  0.0224  0.0371     -    0.0304  0.1214  0.0225  0.1302  0.0507  0.0219  0.0691  0.0217  
 8   0.1088  0.0635  0.0321  0.0482  0.0081  0.0236  0.0304     -    0.0909  0.0258  0.1077  0.0448  0.0069  0.0625  0.0079  
 9   0.2145  0.1222  0.1417  0.1393  0.0816  0.1039  0.1214  0.0909     -    0.1236  0.1129  0.1175  0.0814  0.1744  0.0811  
10   0.1166  0.0754  0.0442  0.0654  0.0185  0.0380  0.0225  0.0258  0.1236     -    0.1289  0.0477  0.0184  0.0625  0.0179  
11   0.2014  0.1332  0.1412  0.1454  0.0995  0.1066  0.1302  0.1077  0.1129  0.1289     -    0.1504  0.0987  0.1734  0.0983  
12   0.1417  0.0894  0.0643  0.0684  0.0362  0.0502  0.0507  0.0448  0.1175  0.0477  0.1504     -    0.0362  0.0816  0.0356  
13   0.1017  0.0540  0.0295  0.0402  0.0001  0.0185  0.0219  0.0069  0.0814  0.0184  0.0987  0.0362     -    0.0533  0.0001  
14   0.1262  0.0963  0.0345  0.0698  0.0540  0.0664  0.0691  0.0625  0.1744  0.0625  0.1734  0.0816  0.0533     -    0.0530  
15   0.1010  0.0536  0.0296  0.0403  0.0001  0.0184  0.0217  0.0079  0.0811  0.0179  0.0983  0.0356  0.0001  0.0530     -    

Average distances (expected heterozygosity) between individuals in same cluster:
cluster  1  : 0.4331 
cluster  2  : 0.5442 
cluster  3  : 0.5436 
cluster  4  : 0.5347 
cluster  5  : 0.6409 
cluster  6  : 0.5968 
cluster  7  : 0.5751 
cluster  8  : 0.6132 
cluster  9  : 0.6323 
cluster 10  : 0.5699 
cluster 11  : 0.5329 
cluster 12  : 0.5572 
cluster 13  : 0.6411 
cluster 14  : 0.4807 
cluster 15  : 0.6433 

--------------------------------------------
Estimated Ln Prob of Data   = -52072.1
Mean value of ln likelihood = -50091.4
Variance of ln likelihood   = 3961.4
Mean value of alpha         = 0.0343

Mean value of Fst_1         = 0.4068
Mean value of Fst_2         = 0.2141
Mean value of Fst_3         = 0.1409
Mean value of Fst_4         = 0.1870
Mean value of Fst_5         = 0.0214
Mean value of Fst_6         = 0.0898
Mean value of Fst_7         = 0.1139
Mean value of Fst_8         = 0.0498
Mean value of Fst_9         = 0.1889
Mean value of Fst_10         = 0.0920
Mean value of Fst_11         = 0.3094
Mean value of Fst_12         = 0.1909
Mean value of Fst_13         = 0.0202
Mean value of Fst_14         = 0.2241
Mean value of Fst_15         = 0.0155


Inferred ancestry of individuals:
        Label (%Miss) Pop:  Inferred clusters
  1      221    (0)    1 :  0.004 0.002 0.922 0.006 0.006 0.013 0.007 0.006 0.003 0.007 0.003 0.003 0.006 0.006 0.006 
  2      222    (0)    1 :  0.006 0.010 0.404 0.481 0.010 0.007 0.004 0.008 0.004 0.008 0.004 0.010 0.009 0.026 0.010 
  3      223    (0)    1 :  0.006 0.003 0.902 0.006 0.008 0.007 0.005 0.018 0.004 0.009 0.003 0.006 0.008 0.007 0.008 
  4      224    (0)    1 :  0.005 0.006 0.926 0.005 0.003 0.004 0.002 0.003 0.001 0.003 0.001 0.004 0.003 0.031 0.003 
  5      225    (0)    1 :  0.003 0.003 0.951 0.005 0.004 0.003 0.003 0.004 0.002 0.003 0.002 0.003 0.004 0.004 0.004 
  6      226    (0)    1 :  0.004 0.002 0.927 0.003 0.005 0.013 0.002 0.010 0.001 0.003 0.006 0.005 0.005 0.010 0.005 
  7      227    (0)    1 :  0.005 0.005 0.830 0.003 0.013 0.043 0.005 0.018 0.008 0.006 0.017 0.005 0.012 0.020 0.012 
  8      228    (0)    1 :  0.014 0.005 0.761 0.008 0.011 0.008 0.005 0.011 0.005 0.032 0.003 0.008 0.011 0.108 0.011 
  9      234    (0)    1 :  0.004 0.002 0.941 0.007 0.004 0.003 0.004 0.004 0.001 0.005 0.002 0.004 0.004 0.011 0.004 
 10      235    (0)    1 :  0.004 0.002 0.950 0.007 0.003 0.004 0.002 0.003 0.001 0.003 0.003 0.002 0.003 0.009 0.003 
 11      236    (0)    1 :  0.020 0.002 0.907 0.003 0.003 0.005 0.002 0.003 0.002 0.002 0.002 0.001 0.003 0.043 0.003 
 12      237    (0)    1 :  0.003 0.002 0.942 0.007 0.004 0.003 0.005 0.005 0.002 0.005 0.001 0.004 0.004 0.009 0.004 
 13      238    (0)    1 :  0.003 0.013 0.852 0.033 0.008 0.024 0.007 0.009 0.006 0.005 0.003 0.007 0.008 0.012 0.009 
 14      239    (0)    1 :  0.025 0.012 0.354 0.013 0.033 0.113 0.011 0.058 0.002 0.012 0.006 0.006 0.035 0.286 0.035 
 15      240    (0)    1 :  0.007 0.003 0.939 0.006 0.004 0.006 0.004 0.003 0.001 0.004 0.002 0.003 0.004 0.011 0.004 
 16      242    (0)    1 :  0.003 0.002 0.371 0.195 0.061 0.011 0.014 0.142 0.001 0.023 0.001 0.010 0.074 0.013 0.078 
 17      243    (0)    1 :  0.006 0.020 0.723 0.016 0.019 0.028 0.008 0.013 0.002 0.006 0.016 0.009 0.017 0.097 0.018 
 18      244    (0)    1 :  0.002 0.003 0.904 0.011 0.008 0.018 0.003 0.011 0.003 0.002 0.010 0.003 0.007 0.007 0.008 
 19      245    (0)    1 :  0.051 0.007 0.792 0.004 0.015 0.013 0.014 0.010 0.018 0.011 0.009 0.013 0.015 0.013 0.015 
 20      246    (0)    1 :  0.003 0.003 0.941 0.010 0.004 0.003 0.002 0.003 0.003 0.003 0.004 0.003 0.004 0.009 0.004 
 21      248    (0)    1 :  0.007 0.018 0.904 0.022 0.006 0.005 0.004 0.007 0.002 0.003 0.002 0.003 0.006 0.005 0.006 
 22      249    (0)    1 :  0.002 0.002 0.961 0.002 0.002 0.004 0.002 0.003 0.001 0.002 0.001 0.003 0.002 0.010 0.002 
 23      250    (0)    1 :  0.015 0.009 0.487 0.006 0.020 0.011 0.008 0.015 0.005 0.026 0.005 0.009 0.019 0.345 0.019 
 24      251    (0)    1 :  0.006 0.003 0.899 0.016 0.005 0.004 0.006 0.006 0.001 0.014 0.004 0.002 0.005 0.024 0.005 
 25      252    (0)    1 :  0.005 0.038 0.854 0.003 0.009 0.007 0.009 0.008 0.002 0.013 0.001 0.016 0.008 0.018 0.009 
 26      253    (0)    1 :  0.009 0.028 0.498 0.003 0.030 0.011 0.004 0.026 0.017 0.005 0.004 0.004 0.031 0.296 0.034 
 27      254    (0)    1 :  0.003 0.003 0.927 0.004 0.005 0.008 0.006 0.006 0.001 0.004 0.002 0.004 0.005 0.015 0.005 
 28      255    (0)    1 :  0.018 0.006 0.702 0.150 0.015 0.035 0.006 0.011 0.003 0.010 0.002 0.005 0.014 0.008 0.015 
 29      256    (0)    1 :  0.003 0.002 0.895 0.038 0.009 0.004 0.004 0.005 0.004 0.005 0.002 0.008 0.008 0.005 0.009 
 30      257    (0)    1 :  0.003 0.008 0.919 0.005 0.006 0.013 0.009 0.008 0.002 0.007 0.003 0.003 0.006 0.003 0.006 
 31      258    (0)    1 :  0.009 0.003 0.877 0.020 0.008 0.011 0.011 0.007 0.004 0.010 0.002 0.004 0.008 0.016 0.009 
 32      259    (0)    1 :  0.002 0.003 0.824 0.012 0.016 0.007 0.023 0.010 0.002 0.005 0.002 0.005 0.018 0.055 0.016 
 33      260    (0)    1 :  0.032 0.086 0.757 0.005 0.006 0.033 0.004 0.005 0.002 0.005 0.006 0.004 0.006 0.043 0.007 
 34      261    (0)    1 :  0.003 0.009 0.675 0.005 0.013 0.016 0.188 0.006 0.002 0.018 0.002 0.009 0.013 0.027 0.014 
 35      262    (0)    1 :  0.002 0.002 0.953 0.006 0.002 0.002 0.002 0.002 0.001 0.002 0.001 0.003 0.002 0.016 0.002 
 36      263    (0)    1 :  0.005 0.023 0.880 0.011 0.005 0.034 0.005 0.005 0.003 0.003 0.004 0.005 0.005 0.007 0.005 
 37      264    (0)    1 :  0.003 0.003 0.904 0.010 0.005 0.006 0.008 0.004 0.001 0.004 0.001 0.013 0.005 0.027 0.005 
 38      265    (0)    1 :  0.007 0.047 0.837 0.024 0.006 0.021 0.006 0.003 0.001 0.005 0.002 0.007 0.006 0.021 0.006 
 39      266    (0)    1 :  0.007 0.003 0.852 0.009 0.004 0.003 0.003 0.003 0.001 0.004 0.001 0.003 0.004 0.100 0.004 
 40      267    (0)    1 :  0.002 0.001 0.946 0.018 0.003 0.003 0.003 0.004 0.001 0.003 0.002 0.003 0.003 0.006 0.003 
 41      268    (0)    1 :  0.004 0.066 0.806 0.004 0.007 0.008 0.006 0.009 0.001 0.007 0.008 0.006 0.007 0.055 0.008 
 42      269    (0)    1 :  0.021 0.003 0.916 0.007 0.003 0.004 0.006 0.003 0.001 0.003 0.001 0.003 0.003 0.023 0.003 
 43      270    (0)    1 :  0.003 0.002 0.948 0.003 0.003 0.005 0.002 0.004 0.001 0.003 0.002 0.011 0.003 0.005 0.003 
 44      271    (0)    1 :  0.067 0.010 0.725 0.010 0.025 0.012 0.052 0.016 0.006 0.008 0.003 0.012 0.021 0.006 0.024 
 45      272    (0)    1 :  0.013 0.004 0.314 0.405 0.032 0.008 0.090 0.011 0.001 0.010 0.006 0.019 0.031 0.023 0.032 
 46      273    (0)    1 :  0.011 0.003 0.759 0.014 0.016 0.049 0.011 0.017 0.004 0.015 0.002 0.011 0.017 0.053 0.017 
 47      274    (0)    1 :  0.006 0.006 0.930 0.003 0.004 0.007 0.010 0.004 0.002 0.005 0.003 0.004 0.004 0.007 0.004 
 48      275    (2)    1 :  0.003 0.002 0.954 0.006 0.003 0.005 0.003 0.004 0.001 0.004 0.001 0.003 0.003 0.004 0.003 
 49      276    (0)    1 :  0.004 0.004 0.934 0.004 0.005 0.004 0.007 0.006 0.001 0.006 0.002 0.006 0.005 0.005 0.005 
 50      277    (0)    1 :  0.018 0.002 0.746 0.003 0.013 0.009 0.021 0.010 0.001 0.112 0.001 0.010 0.013 0.025 0.013 
 51      278    (0)    1 :  0.004 0.005 0.876 0.012 0.009 0.005 0.023 0.010 0.001 0.018 0.007 0.003 0.009 0.009 0.008 
 52      279    (0)    1 :  0.003 0.003 0.750 0.022 0.020 0.007 0.006 0.012 0.002 0.007 0.002 0.006 0.019 0.123 0.018 
 53      280    (0)    1 :  0.080 0.006 0.703 0.007 0.013 0.023 0.017 0.014 0.002 0.033 0.003 0.006 0.014 0.066 0.013 
 54      287    (0)    1 :  0.003 0.007 0.844 0.004 0.016 0.018 0.009 0.010 0.003 0.011 0.005 0.006 0.016 0.031 0.017 
 55      290    (0)    1 :  0.006 0.002 0.860 0.042 0.011 0.008 0.011 0.006 0.002 0.009 0.005 0.011 0.011 0.007 0.010 
 56      291    (0)    1 :  0.018 0.007 0.807 0.003 0.012 0.008 0.018 0.007 0.002 0.040 0.003 0.005 0.012 0.045 0.013 
 57      295    (0)    1 :  0.003 0.003 0.775 0.009 0.005 0.006 0.008 0.004 0.001 0.032 0.001 0.004 0.005 0.141 0.004 
 58      296    (0)    1 :  0.005 0.004 0.936 0.006 0.004 0.003 0.003 0.007 0.001 0.003 0.003 0.009 0.004 0.007 0.004 
 59      872    (2)    1 :  0.004 0.008 0.745 0.126 0.006 0.006 0.006 0.004 0.005 0.004 0.007 0.007 0.006 0.060 0.006 
 60      873    (4)    1 :  0.009 0.003 0.871 0.018 0.011 0.011 0.003 0.010 0.003 0.003 0.004 0.021 0.011 0.010 0.013 
 61      874    (2)    1 :  0.002 0.003 0.912 0.010 0.004 0.005 0.012 0.008 0.001 0.008 0.001 0.008 0.005 0.017 0.004 
 62      875    (0)    1 :  0.006 0.003 0.910 0.013 0.005 0.005 0.005 0.005 0.003 0.004 0.017 0.003 0.005 0.009 0.005 
 63      876    (6)    1 :  0.005 0.011 0.889 0.004 0.008 0.019 0.007 0.014 0.002 0.011 0.001 0.006 0.008 0.007 0.007 
 64      212    (0)   10 :  0.002 0.964 0.002 0.004 0.003 0.002 0.004 0.003 0.002 0.004 0.001 0.003 0.003 0.002 0.002 
 65      213    (0)   10 :  0.009 0.941 0.006 0.002 0.004 0.003 0.003 0.006 0.002 0.008 0.003 0.004 0.004 0.002 0.004 
 66      214    (0)   10 :  0.002 0.940 0.005 0.006 0.005 0.005 0.008 0.006 0.003 0.002 0.001 0.003 0.006 0.002 0.005 
 67      215    (0)   10 :  0.003 0.944 0.006 0.004 0.004 0.004 0.003 0.004 0.002 0.008 0.004 0.003 0.004 0.005 0.004 
 68      216    (0)   10 :  0.004 0.951 0.004 0.002 0.003 0.003 0.004 0.003 0.001 0.004 0.002 0.004 0.003 0.009 0.003 
 69      217    (0)   10 :  0.004 0.935 0.004 0.004 0.005 0.003 0.004 0.008 0.002 0.004 0.002 0.006 0.005 0.006 0.005 
 70      218    (0)   10 :  0.002 0.960 0.003 0.002 0.003 0.003 0.003 0.003 0.003 0.003 0.002 0.003 0.003 0.005 0.003 
 71      332    (0)   10 :  0.003 0.865 0.009 0.008 0.006 0.015 0.010 0.011 0.002 0.008 0.005 0.031 0.007 0.011 0.007 
 72      333    (0)   10 :  0.004 0.848 0.009 0.015 0.013 0.027 0.007 0.010 0.009 0.006 0.010 0.006 0.012 0.013 0.013 
 73      334    (0)   10 :  0.003 0.919 0.005 0.002 0.004 0.007 0.004 0.005 0.002 0.004 0.003 0.008 0.004 0.025 0.004 
 74      335    (0)   10 :  0.001 0.964 0.002 0.002 0.003 0.003 0.005 0.003 0.002 0.004 0.002 0.002 0.003 0.003 0.003 
 75      336    (0)   10 :  0.004 0.947 0.003 0.005 0.003 0.004 0.002 0.002 0.002 0.002 0.014 0.004 0.002 0.003 0.003 
 76      337    (0)   10 :  0.002 0.927 0.007 0.008 0.005 0.010 0.003 0.006 0.003 0.003 0.002 0.003 0.005 0.014 0.005 
 77      673    (0)   10 :  0.001 0.980 0.002 0.001 0.001 0.002 0.002 0.001 0.002 0.002 0.001 0.001 0.001 0.002 0.001 
 78      674    (0)   10 :  0.002 0.941 0.003 0.005 0.005 0.005 0.004 0.003 0.002 0.003 0.002 0.010 0.005 0.004 0.005 
 79      675    (0)   10 :  0.004 0.947 0.003 0.002 0.004 0.005 0.003 0.003 0.002 0.007 0.004 0.003 0.004 0.003 0.004 
 80      676    (0)   10 :  0.001 0.940 0.003 0.002 0.004 0.006 0.006 0.007 0.002 0.008 0.001 0.007 0.004 0.003 0.004 
 81      677    (0)   10 :  0.002 0.946 0.005 0.002 0.003 0.004 0.004 0.004 0.002 0.003 0.003 0.002 0.004 0.011 0.004 
 82      678    (0)   10 :  0.004 0.902 0.008 0.011 0.012 0.003 0.007 0.007 0.003 0.009 0.004 0.003 0.011 0.005 0.011 
 83      679    (0)   10 :  0.001 0.902 0.004 0.002 0.007 0.007 0.004 0.006 0.027 0.003 0.002 0.016 0.007 0.007 0.007 
 84      680    (0)   10 :  0.003 0.919 0.004 0.003 0.005 0.012 0.007 0.004 0.002 0.006 0.005 0.009 0.005 0.011 0.005 
 85      681    (0)   10 :  0.002 0.933 0.006 0.003 0.006 0.006 0.003 0.008 0.002 0.005 0.002 0.005 0.005 0.010 0.005 
 86      682    (0)   10 :  0.003 0.968 0.002 0.002 0.002 0.002 0.002 0.002 0.002 0.002 0.004 0.002 0.002 0.002 0.002 
 87      683    (0)   10 :  0.003 0.930 0.004 0.003 0.006 0.007 0.005 0.004 0.002 0.004 0.002 0.005 0.005 0.014 0.006 
 88      684    (0)   10 :  0.002 0.944 0.002 0.003 0.005 0.006 0.007 0.003 0.002 0.004 0.003 0.004 0.005 0.003 0.005 
 89      685    (0)   10 :  0.003 0.937 0.003 0.006 0.006 0.009 0.003 0.005 0.005 0.003 0.003 0.003 0.006 0.002 0.006 
 90      686    (0)   10 :  0.002 0.967 0.002 0.002 0.002 0.003 0.002 0.002 0.004 0.002 0.003 0.003 0.002 0.002 0.002 
 91      687    (0)   10 :  0.002 0.970 0.002 0.002 0.002 0.003 0.003 0.002 0.001 0.003 0.002 0.002 0.002 0.002 0.002 
 92      688    (0)   10 :  0.003 0.934 0.008 0.004 0.003 0.006 0.017 0.004 0.001 0.004 0.002 0.005 0.003 0.003 0.003 
 93      070    (0)   11 :  0.001 0.002 0.003 0.003 0.005 0.003 0.003 0.003 0.008 0.002 0.953 0.002 0.005 0.002 0.005 
 94      071    (0)   11 :  0.006 0.006 0.002 0.002 0.003 0.004 0.003 0.003 0.001 0.003 0.958 0.002 0.003 0.002 0.003 
 95      072    (0)   11 :  0.003 0.001 0.002 0.002 0.002 0.002 0.002 0.002 0.005 0.002 0.972 0.001 0.002 0.001 0.002 
 96      151    (0)   11 :  0.001 0.001 0.001 0.001 0.001 0.002 0.002 0.001 0.002 0.002 0.979 0.001 0.001 0.001 0.001 
 97      152    (0)   11 :  0.005 0.002 0.002 0.002 0.006 0.004 0.004 0.005 0.002 0.004 0.949 0.003 0.006 0.003 0.005 
 98      153    (2)   11 :  0.001 0.001 0.001 0.002 0.001 0.002 0.001 0.001 0.002 0.001 0.980 0.001 0.001 0.001 0.001 
 99      788    (4)   11 :  0.003 0.002 0.002 0.001 0.003 0.002 0.002 0.002 0.027 0.003 0.941 0.001 0.003 0.003 0.003 
100      789    (2)   11 :  0.002 0.003 0.002 0.002 0.002 0.002 0.002 0.002 0.002 0.002 0.972 0.001 0.002 0.002 0.002 
101      790    (0)   11 :  0.003 0.001 0.002 0.002 0.002 0.002 0.001 0.002 0.001 0.002 0.974 0.001 0.002 0.002 0.002 
102      010    (0)   12 :  0.008 0.004 0.005 0.008 0.382 0.010 0.007 0.031 0.011 0.006 0.002 0.009 0.273 0.003 0.240 
103      024    (0)   12 :  0.006 0.011 0.006 0.006 0.197 0.011 0.077 0.035 0.050 0.015 0.006 0.009 0.259 0.005 0.307 
104      051    (0)   12 :  0.004 0.008 0.005 0.007 0.221 0.274 0.005 0.039 0.048 0.007 0.013 0.008 0.190 0.005 0.166 
105      090    (0)   12 :  0.003 0.005 0.007 0.008 0.258 0.063 0.014 0.111 0.022 0.017 0.007 0.014 0.235 0.005 0.230 
106      102    (0)   12 :  0.005 0.003 0.027 0.029 0.196 0.017 0.018 0.054 0.002 0.288 0.002 0.016 0.162 0.012 0.171 
107      111    (0)   12 :  0.072 0.004 0.006 0.023 0.291 0.011 0.039 0.091 0.004 0.007 0.002 0.006 0.226 0.003 0.215 
108      113    (0)   12 :  0.004 0.005 0.005 0.037 0.255 0.082 0.072 0.055 0.005 0.025 0.006 0.012 0.240 0.006 0.191 
109      138    (0)   12 :  0.002 0.074 0.011 0.003 0.080 0.018 0.008 0.562 0.005 0.013 0.050 0.004 0.093 0.003 0.072 
110      150    (0)   12 :  0.002 0.004 0.033 0.008 0.031 0.099 0.032 0.191 0.036 0.453 0.015 0.014 0.039 0.006 0.037 
111      173    (2)   12 :  0.007 0.011 0.005 0.007 0.134 0.223 0.042 0.044 0.021 0.015 0.021 0.034 0.201 0.009 0.227 
112      174    (2)   12 :  0.004 0.003 0.009 0.029 0.267 0.015 0.013 0.167 0.028 0.003 0.020 0.005 0.260 0.005 0.171 
113      175    (0)   12 :  0.002 0.003 0.003 0.014 0.258 0.037 0.008 0.036 0.076 0.010 0.006 0.008 0.264 0.002 0.273 
114      176    (0)   12 :  0.006 0.009 0.014 0.015 0.300 0.007 0.013 0.022 0.004 0.006 0.005 0.004 0.284 0.012 0.299 
115      177    (0)   12 :  0.002 0.002 0.003 0.008 0.196 0.305 0.037 0.049 0.008 0.009 0.003 0.004 0.206 0.003 0.163 
116      180    (0)   12 :  0.005 0.007 0.025 0.112 0.205 0.143 0.007 0.110 0.002 0.006 0.004 0.005 0.183 0.013 0.172 
117      184    (0)   12 :  0.005 0.005 0.005 0.004 0.091 0.015 0.026 0.513 0.009 0.027 0.015 0.078 0.106 0.009 0.092 
118      195    (0)   12 :  0.031 0.013 0.004 0.003 0.327 0.014 0.011 0.045 0.007 0.011 0.005 0.006 0.238 0.012 0.272 
119      198    (0)   12 :  0.035 0.007 0.012 0.018 0.199 0.022 0.009 0.314 0.009 0.009 0.003 0.004 0.195 0.005 0.160 
120      203    (0)   12 :  0.003 0.005 0.006 0.009 0.362 0.010 0.018 0.027 0.002 0.009 0.008 0.024 0.217 0.009 0.289 
121      211    (0)   12 :  0.003 0.070 0.018 0.004 0.234 0.008 0.025 0.044 0.003 0.012 0.003 0.005 0.260 0.030 0.281 
122      220    (0)   12 :  0.008 0.009 0.005 0.008 0.222 0.099 0.117 0.087 0.005 0.057 0.002 0.022 0.157 0.003 0.199 
123      233    (0)   12 :  0.002 0.041 0.008 0.004 0.240 0.019 0.014 0.035 0.002 0.130 0.005 0.011 0.217 0.017 0.256 
124      331    (0)   12 :  0.009 0.005 0.005 0.006 0.341 0.034 0.015 0.037 0.024 0.007 0.007 0.011 0.234 0.007 0.259 
125      349    (0)   12 :  0.006 0.005 0.010 0.010 0.127 0.062 0.005 0.026 0.096 0.011 0.007 0.408 0.102 0.004 0.121 
126      410    (0)   12 :  0.002 0.024 0.010 0.010 0.199 0.017 0.007 0.201 0.005 0.004 0.003 0.005 0.239 0.004 0.271 
127      417    (2)   12 :  0.007 0.005 0.029 0.006 0.247 0.007 0.004 0.152 0.005 0.014 0.002 0.007 0.265 0.019 0.230 
128      421    (0)   13 :  0.068 0.006 0.010 0.004 0.009 0.005 0.032 0.008 0.001 0.823 0.002 0.007 0.009 0.009 0.008 
129      423    (0)   13 :  0.003 0.002 0.006 0.010 0.312 0.010 0.005 0.068 0.008 0.005 0.008 0.036 0.228 0.004 0.294 
130      424    (0)   13 :  0.005 0.003 0.015 0.031 0.088 0.434 0.019 0.173 0.012 0.006 0.002 0.007 0.097 0.015 0.095 
131      433    (0)   13 :  0.003 0.016 0.004 0.005 0.068 0.008 0.024 0.217 0.014 0.478 0.002 0.007 0.078 0.004 0.074 
132      462    (0)   13 :  0.006 0.022 0.009 0.009 0.162 0.110 0.020 0.082 0.006 0.187 0.002 0.025 0.178 0.003 0.177 
133      463    (0)   13 :  0.021 0.003 0.015 0.005 0.211 0.007 0.010 0.114 0.029 0.007 0.003 0.133 0.208 0.006 0.228 
134      467    (0)   13 :  0.004 0.013 0.012 0.005 0.018 0.014 0.169 0.011 0.008 0.596 0.007 0.022 0.018 0.085 0.018 
135      468    (0)   13 :  0.022 0.002 0.016 0.006 0.007 0.008 0.010 0.006 0.002 0.092 0.003 0.803 0.007 0.010 0.007 
136      469    (0)   13 :  0.032 0.002 0.062 0.010 0.099 0.007 0.058 0.108 0.002 0.397 0.002 0.004 0.100 0.010 0.107 
137      472    (0)   13 :  0.014 0.007 0.006 0.002 0.194 0.009 0.007 0.051 0.023 0.042 0.004 0.007 0.279 0.009 0.344 
138      473    (0)   13 :  0.006 0.008 0.003 0.005 0.041 0.008 0.017 0.024 0.015 0.007 0.003 0.785 0.034 0.007 0.037 
139      474    (0)   13 :  0.002 0.021 0.018 0.004 0.012 0.010 0.031 0.042 0.002 0.135 0.002 0.690 0.009 0.014 0.009 
140      475    (0)   13 :  0.003 0.003 0.004 0.006 0.120 0.010 0.036 0.032 0.016 0.562 0.004 0.024 0.093 0.003 0.084 
141      476    (2)   13 :  0.003 0.018 0.004 0.007 0.015 0.008 0.116 0.007 0.024 0.034 0.018 0.713 0.014 0.004 0.015 
142      477    (0)   13 :  0.003 0.019 0.010 0.005 0.253 0.007 0.007 0.052 0.010 0.037 0.005 0.017 0.268 0.003 0.305 
143      478    (0)   13 :  0.003 0.002 0.008 0.052 0.200 0.016 0.271 0.027 0.003 0.016 0.002 0.004 0.186 0.032 0.178 
144      479    (0)   13 :  0.011 0.003 0.016 0.005 0.015 0.012 0.005 0.426 0.002 0.437 0.004 0.007 0.035 0.011 0.013 
145      480    (0)   13 :  0.001 0.002 0.003 0.005 0.006 0.005 0.014 0.006 0.002 0.928 0.002 0.013 0.006 0.003 0.006 
146      481    (0)   13 :  0.003 0.003 0.005 0.010 0.183 0.014 0.010 0.241 0.009 0.073 0.038 0.015 0.187 0.008 0.201 
147      482    (0)   13 :  0.082 0.055 0.005 0.005 0.177 0.020 0.225 0.080 0.005 0.015 0.002 0.005 0.171 0.003 0.151 
148      489    (0)   13 :  0.006 0.015 0.005 0.006 0.287 0.008 0.017 0.062 0.031 0.040 0.004 0.019 0.236 0.003 0.261 
149      490    (0)   13 :  0.005 0.003 0.016 0.008 0.018 0.012 0.022 0.779 0.005 0.005 0.003 0.004 0.090 0.009 0.018 
150      491    (0)   13 :  0.009 0.127 0.005 0.004 0.154 0.109 0.020 0.143 0.002 0.018 0.009 0.017 0.169 0.004 0.210 
151      492    (0)   13 :  0.004 0.011 0.013 0.028 0.033 0.010 0.092 0.018 0.020 0.043 0.005 0.638 0.034 0.014 0.035 
152      493    (0)   13 :  0.005 0.007 0.009 0.005 0.087 0.023 0.008 0.022 0.022 0.592 0.011 0.026 0.081 0.026 0.079 
153      494    (0)   13 :  0.011 0.040 0.005 0.004 0.092 0.016 0.009 0.241 0.027 0.338 0.026 0.010 0.102 0.004 0.076 
154      498    (0)   13 :  0.003 0.004 0.024 0.013 0.160 0.007 0.010 0.190 0.011 0.016 0.007 0.085 0.221 0.010 0.240 
155      499    (0)   13 :  0.003 0.007 0.010 0.005 0.278 0.056 0.104 0.033 0.008 0.006 0.004 0.008 0.216 0.011 0.253 
156      709    (0)   13 :  0.017 0.011 0.008 0.010 0.171 0.011 0.029 0.208 0.015 0.007 0.073 0.008 0.197 0.006 0.229 
157      710    (4)   13 :  0.013 0.002 0.009 0.005 0.120 0.003 0.006 0.038 0.111 0.487 0.006 0.007 0.085 0.006 0.102 
158      711    (2)   13 :  0.021 0.004 0.011 0.060 0.242 0.096 0.009 0.056 0.003 0.013 0.006 0.006 0.212 0.041 0.220 
159      712    (4)   13 :  0.004 0.003 0.007 0.007 0.010 0.009 0.006 0.845 0.002 0.008 0.002 0.004 0.079 0.005 0.008 
160      713    (0)   13 :  0.019 0.007 0.004 0.004 0.348 0.007 0.010 0.026 0.025 0.003 0.004 0.015 0.216 0.003 0.308 
161      714    (2)   13 :  0.005 0.002 0.010 0.008 0.019 0.016 0.016 0.009 0.009 0.772 0.016 0.080 0.016 0.005 0.019 
162      715    (4)   13 :  0.012 0.044 0.018 0.011 0.016 0.028 0.110 0.030 0.004 0.545 0.010 0.003 0.020 0.130 0.018 
163      716    (0)   13 :  0.006 0.004 0.003 0.005 0.015 0.005 0.052 0.027 0.002 0.825 0.003 0.011 0.019 0.005 0.019 
164      717    (2)   13 :  0.010 0.009 0.007 0.078 0.058 0.013 0.661 0.017 0.005 0.018 0.004 0.010 0.049 0.010 0.051 
165      718    (4)   13 :  0.010 0.002 0.015 0.005 0.024 0.016 0.005 0.798 0.003 0.031 0.002 0.006 0.058 0.004 0.021 
166      719    (0)   13 :  0.004 0.002 0.003 0.002 0.004 0.002 0.005 0.004 0.002 0.958 0.002 0.003 0.004 0.003 0.004 
167      720    (2)   13 :  0.009 0.021 0.007 0.006 0.028 0.011 0.066 0.009 0.009 0.752 0.002 0.015 0.028 0.006 0.032 
168      721    (0)   13 :  0.015 0.008 0.006 0.006 0.143 0.026 0.061 0.060 0.007 0.143 0.028 0.205 0.140 0.005 0.148 
169      722    (4)   13 :  0.014 0.002 0.006 0.005 0.005 0.005 0.032 0.009 0.001 0.861 0.002 0.028 0.006 0.019 0.005 
170      723    (0)   13 :  0.002 0.006 0.004 0.008 0.014 0.003 0.017 0.009 0.003 0.889 0.007 0.004 0.015 0.003 0.017 
171      724    (0)   13 :  0.054 0.009 0.014 0.012 0.017 0.007 0.033 0.009 0.017 0.736 0.005 0.026 0.018 0.022 0.020 
172      725    (0)   13 :  0.010 0.010 0.005 0.009 0.261 0.012 0.024 0.035 0.020 0.020 0.004 0.011 0.298 0.004 0.277 
173      726    (0)   13 :  0.010 0.005 0.004 0.003 0.230 0.010 0.045 0.051 0.011 0.063 0.006 0.134 0.209 0.005 0.214 
174      727    (0)   13 :  0.007 0.012 0.005 0.003 0.222 0.014 0.048 0.151 0.002 0.035 0.008 0.025 0.252 0.006 0.211 
175      728    (2)   13 :  0.010 0.006 0.009 0.014 0.249 0.011 0.017 0.026 0.006 0.010 0.095 0.004 0.279 0.005 0.258 
176      729    (6)   13 :  0.004 0.004 0.006 0.005 0.195 0.018 0.078 0.100 0.004 0.021 0.005 0.004 0.261 0.004 0.291 
177      730    (2)   13 :  0.012 0.005 0.011 0.008 0.050 0.012 0.024 0.690 0.003 0.018 0.007 0.003 0.111 0.007 0.040 
178      731    (2)   13 :  0.004 0.002 0.008 0.004 0.023 0.005 0.004 0.847 0.004 0.006 0.002 0.005 0.060 0.004 0.023 
179      732    (0)   13 :  0.006 0.005 0.008 0.009 0.259 0.011 0.020 0.029 0.008 0.043 0.002 0.014 0.293 0.022 0.271 
180      733    (0)   13 :  0.048 0.003 0.018 0.011 0.192 0.018 0.039 0.123 0.019 0.092 0.005 0.004 0.206 0.005 0.217 
181      734    (2)   13 :  0.001 0.090 0.011 0.007 0.125 0.090 0.233 0.078 0.049 0.008 0.008 0.004 0.147 0.008 0.141 
182      735    (4)   13 :  0.008 0.008 0.006 0.008 0.305 0.036 0.014 0.119 0.002 0.040 0.003 0.031 0.199 0.003 0.220 
183      736    (2)   13 :  0.003 0.023 0.005 0.004 0.197 0.019 0.010 0.337 0.011 0.007 0.018 0.005 0.199 0.003 0.158 
184      737    (0)   13 :  0.004 0.003 0.012 0.030 0.037 0.015 0.006 0.737 0.003 0.003 0.011 0.020 0.075 0.006 0.039 
185      738    (2)   13 :  0.003 0.005 0.007 0.005 0.119 0.075 0.006 0.477 0.005 0.008 0.003 0.005 0.138 0.009 0.135 
186      739    (8)   13 :  0.004 0.006 0.012 0.004 0.044 0.012 0.015 0.713 0.003 0.029 0.014 0.009 0.092 0.003 0.040 
187      740    (4)   13 :  0.016 0.003 0.005 0.005 0.040 0.004 0.009 0.650 0.006 0.135 0.002 0.003 0.075 0.004 0.042 
188      741    (2)   13 :  0.029 0.030 0.058 0.083 0.099 0.012 0.146 0.197 0.012 0.024 0.002 0.022 0.125 0.050 0.109 
189      742    (4)   13 :  0.002 0.005 0.014 0.019 0.148 0.093 0.009 0.393 0.008 0.015 0.006 0.006 0.152 0.006 0.126 
190      743    (2)   13 :  0.003 0.009 0.005 0.003 0.007 0.006 0.913 0.006 0.002 0.024 0.002 0.004 0.007 0.004 0.006 
191      744    (0)   13 :  0.004 0.004 0.005 0.005 0.164 0.008 0.042 0.042 0.124 0.262 0.025 0.006 0.152 0.008 0.148 
192      745    (0)   13 :  0.015 0.005 0.042 0.020 0.118 0.008 0.043 0.030 0.003 0.450 0.016 0.008 0.099 0.039 0.104 
193      746    (2)   13 :  0.010 0.005 0.004 0.044 0.213 0.010 0.003 0.356 0.005 0.011 0.004 0.005 0.173 0.004 0.152 
194      747    (2)   13 :  0.006 0.022 0.035 0.007 0.119 0.070 0.005 0.448 0.005 0.019 0.006 0.011 0.143 0.012 0.092 
195      748    (0)   13 :  0.018 0.017 0.103 0.019 0.075 0.057 0.006 0.048 0.011 0.008 0.006 0.359 0.102 0.052 0.120 
196      749    (2)   13 :  0.050 0.022 0.015 0.013 0.148 0.152 0.040 0.033 0.166 0.009 0.010 0.003 0.152 0.017 0.170 
197      750    (4)   13 :  0.006 0.005 0.009 0.026 0.242 0.014 0.033 0.119 0.014 0.008 0.005 0.005 0.249 0.008 0.257 
198      751    (0)   13 :  0.009 0.006 0.011 0.007 0.232 0.076 0.016 0.073 0.002 0.011 0.015 0.008 0.234 0.010 0.289 
199      752    (2)   13 :  0.003 0.002 0.011 0.004 0.005 0.005 0.007 0.014 0.002 0.104 0.002 0.822 0.007 0.007 0.006 
200      753    (4)   13 :  0.014 0.032 0.021 0.006 0.256 0.040 0.013 0.040 0.004 0.037 0.011 0.061 0.200 0.041 0.225 
201      754    (2)   13 :  0.002 0.003 0.003 0.003 0.005 0.004 0.008 0.866 0.005 0.003 0.003 0.003 0.083 0.003 0.005 
202      155    (0)   14 :  0.006 0.032 0.028 0.006 0.242 0.008 0.012 0.037 0.011 0.013 0.004 0.012 0.250 0.005 0.335 
203      156    (2)   14 :  0.006 0.005 0.013 0.006 0.294 0.008 0.026 0.018 0.011 0.007 0.093 0.003 0.282 0.007 0.222 
204      157    (2)   14 :  0.005 0.011 0.005 0.005 0.019 0.008 0.023 0.740 0.041 0.007 0.002 0.013 0.093 0.005 0.025 
205      158    (0)   14 :  0.006 0.007 0.007 0.010 0.256 0.033 0.007 0.031 0.005 0.038 0.004 0.004 0.289 0.005 0.298 
206      159    (0)   14 :  0.104 0.003 0.013 0.007 0.222 0.011 0.006 0.133 0.014 0.024 0.009 0.010 0.203 0.006 0.235 
207      160    (0)   14 :  0.003 0.008 0.014 0.003 0.058 0.050 0.057 0.487 0.003 0.136 0.003 0.040 0.076 0.014 0.047 
208      161    (0)   14 :  0.009 0.008 0.007 0.003 0.053 0.011 0.017 0.433 0.242 0.045 0.003 0.011 0.088 0.004 0.067 
209      162    (0)   14 :  0.003 0.006 0.008 0.007 0.107 0.019 0.603 0.010 0.003 0.029 0.005 0.026 0.074 0.009 0.091 
210      163    (2)   14 :  0.002 0.003 0.004 0.008 0.311 0.067 0.010 0.089 0.003 0.005 0.009 0.007 0.278 0.003 0.200 
211      164    (0)   14 :  0.005 0.017 0.050 0.011 0.271 0.013 0.011 0.060 0.017 0.021 0.002 0.044 0.220 0.014 0.244 
212      165    (2)   14 :  0.004 0.004 0.006 0.006 0.302 0.003 0.007 0.047 0.019 0.005 0.004 0.006 0.320 0.008 0.258 
213      427    (0)   14 :  0.020 0.097 0.006 0.003 0.011 0.012 0.016 0.008 0.004 0.785 0.009 0.004 0.010 0.004 0.012 
214      428    (0)   14 :  0.011 0.004 0.005 0.004 0.005 0.019 0.006 0.004 0.002 0.896 0.003 0.009 0.006 0.021 0.006 
215      429    (0)   14 :  0.007 0.003 0.005 0.008 0.009 0.006 0.570 0.006 0.002 0.347 0.003 0.007 0.011 0.006 0.011 
216      430    (0)   14 :  0.004 0.004 0.019 0.037 0.216 0.080 0.027 0.059 0.006 0.026 0.002 0.113 0.199 0.014 0.194 
217      431    (0)   14 :  0.008 0.004 0.031 0.019 0.020 0.012 0.260 0.019 0.004 0.514 0.002 0.006 0.022 0.058 0.022 
218      435    (0)   14 :  0.002 0.002 0.004 0.004 0.005 0.004 0.329 0.006 0.001 0.618 0.002 0.010 0.005 0.003 0.005 
219      436    (0)   14 :  0.007 0.004 0.011 0.004 0.007 0.004 0.034 0.006 0.004 0.881 0.002 0.014 0.007 0.006 0.008 
220      437    (0)   14 :  0.021 0.005 0.038 0.006 0.016 0.005 0.014 0.014 0.003 0.760 0.002 0.022 0.017 0.063 0.016 
221      438    (0)   14 :  0.012 0.002 0.034 0.014 0.015 0.016 0.008 0.012 0.003 0.820 0.006 0.024 0.012 0.008 0.014 
222      439    (0)   14 :  0.004 0.004 0.013 0.035 0.113 0.016 0.065 0.173 0.002 0.295 0.005 0.051 0.111 0.005 0.107 
223      441    (0)   14 :  0.001 0.002 0.003 0.006 0.003 0.003 0.003 0.002 0.002 0.007 0.001 0.954 0.003 0.006 0.003 
224      442    (0)   14 :  0.003 0.211 0.012 0.003 0.016 0.014 0.086 0.006 0.002 0.585 0.006 0.010 0.018 0.012 0.017 
225      443    (4)   14 :  0.003 0.002 0.008 0.004 0.005 0.008 0.004 0.010 0.002 0.931 0.002 0.007 0.005 0.005 0.005 
226      444    (4)   14 :  0.009 0.011 0.007 0.003 0.008 0.008 0.018 0.005 0.005 0.900 0.004 0.003 0.008 0.004 0.008 
227      445    (2)   14 :  0.008 0.003 0.030 0.004 0.040 0.004 0.006 0.010 0.003 0.758 0.009 0.007 0.044 0.019 0.054 
228      446    (0)   14 :  0.002 0.004 0.003 0.003 0.004 0.006 0.947 0.004 0.002 0.008 0.003 0.003 0.004 0.003 0.004 
229      447    (0)   14 :  0.009 0.006 0.018 0.003 0.013 0.009 0.490 0.014 0.001 0.358 0.004 0.005 0.013 0.042 0.014 
230      449    (0)   14 :  0.003 0.004 0.006 0.005 0.003 0.003 0.006 0.003 0.001 0.953 0.002 0.003 0.003 0.003 0.003 
231      460    (0)   14 :  0.007 0.007 0.024 0.008 0.033 0.008 0.126 0.012 0.007 0.609 0.003 0.080 0.031 0.009 0.037 
232      461    (0)   14 :  0.007 0.008 0.026 0.015 0.075 0.054 0.033 0.213 0.005 0.349 0.002 0.009 0.089 0.012 0.102 
233      484    (0)   14 :  0.003 0.013 0.173 0.126 0.081 0.198 0.041 0.080 0.004 0.028 0.008 0.010 0.106 0.023 0.103 
234      485    (0)   14 :  0.002 0.004 0.003 0.003 0.007 0.003 0.009 0.010 0.002 0.930 0.002 0.007 0.007 0.004 0.007 
235      486    (0)   14 :  0.001 0.002 0.002 0.003 0.002 0.002 0.002 0.002 0.001 0.002 0.001 0.976 0.002 0.002 0.002 
236      487    (0)   14 :  0.006 0.010 0.005 0.007 0.094 0.014 0.187 0.034 0.003 0.452 0.003 0.020 0.071 0.008 0.085 
237      178    (0)   15 :  0.004 0.006 0.004 0.003 0.085 0.013 0.062 0.061 0.014 0.512 0.009 0.036 0.092 0.005 0.095 
238      422    (0)   15 :  0.003 0.004 0.016 0.007 0.009 0.006 0.250 0.033 0.002 0.628 0.003 0.004 0.011 0.013 0.010 
239      425    (0)   15 :  0.005 0.002 0.003 0.002 0.008 0.005 0.916 0.007 0.002 0.014 0.001 0.008 0.008 0.009 0.008 
240      426    (0)   15 :  0.003 0.022 0.003 0.005 0.093 0.277 0.174 0.055 0.027 0.013 0.116 0.006 0.093 0.007 0.105 
241      432    (0)   15 :  0.009 0.009 0.010 0.008 0.174 0.040 0.022 0.033 0.004 0.288 0.008 0.008 0.177 0.011 0.198 
242      434    (0)   15 :  0.004 0.003 0.003 0.004 0.003 0.004 0.954 0.004 0.001 0.005 0.002 0.003 0.003 0.005 0.003 
243      440    (0)   15 :  0.002 0.015 0.005 0.008 0.082 0.045 0.558 0.012 0.004 0.066 0.002 0.030 0.080 0.004 0.086 
244      448    (2)   15 :  0.028 0.016 0.012 0.020 0.006 0.009 0.020 0.009 0.002 0.854 0.002 0.005 0.006 0.005 0.006 
245      456    (0)   15 :  0.004 0.009 0.050 0.080 0.145 0.022 0.103 0.023 0.003 0.128 0.003 0.006 0.189 0.045 0.190 
246      457    (0)   15 :  0.008 0.005 0.012 0.027 0.088 0.022 0.041 0.027 0.003 0.544 0.006 0.044 0.072 0.017 0.084 
247      458    (0)   15 :  0.005 0.016 0.008 0.004 0.129 0.053 0.067 0.201 0.004 0.044 0.006 0.024 0.181 0.059 0.199 
248      459    (0)   15 :  0.002 0.005 0.008 0.004 0.008 0.012 0.009 0.011 0.004 0.902 0.003 0.006 0.009 0.008 0.010 
249      464    (0)   15 :  0.003 0.009 0.003 0.004 0.012 0.005 0.308 0.008 0.010 0.588 0.005 0.015 0.012 0.006 0.013 
250      465    (0)   15 :  0.002 0.002 0.005 0.007 0.010 0.004 0.854 0.020 0.003 0.035 0.001 0.027 0.012 0.006 0.011 
251      466    (0)   15 :  0.013 0.004 0.010 0.006 0.015 0.007 0.014 0.016 0.001 0.807 0.002 0.007 0.015 0.067 0.016 
252      470    (0)   15 :  0.003 0.005 0.003 0.005 0.006 0.010 0.014 0.008 0.003 0.865 0.002 0.060 0.007 0.003 0.006 
253      471    (0)   15 :  0.018 0.003 0.006 0.023 0.030 0.047 0.547 0.011 0.004 0.189 0.037 0.007 0.032 0.012 0.033 
254      483    (0)   15 :  0.002 0.007 0.005 0.004 0.018 0.010 0.897 0.011 0.005 0.013 0.003 0.006 0.009 0.004 0.008 
255      488    (0)   15 :  0.002 0.006 0.025 0.004 0.044 0.020 0.024 0.234 0.002 0.352 0.003 0.189 0.041 0.012 0.042 
256      495    (0)   15 :  0.002 0.002 0.012 0.010 0.005 0.004 0.924 0.009 0.003 0.010 0.001 0.003 0.005 0.004 0.005 
257      496    (0)   15 :  0.006 0.002 0.003 0.005 0.022 0.008 0.436 0.106 0.004 0.265 0.003 0.085 0.028 0.002 0.026 
258      497    (0)   15 :  0.003 0.024 0.005 0.019 0.006 0.002 0.902 0.004 0.003 0.011 0.002 0.003 0.006 0.003 0.006 
259      500    (0)   15 :  0.014 0.003 0.510 0.017 0.059 0.007 0.009 0.048 0.070 0.084 0.004 0.040 0.058 0.018 0.062 
260      879    (0)   15 :  0.002 0.008 0.004 0.003 0.014 0.011 0.909 0.007 0.004 0.014 0.002 0.007 0.006 0.004 0.006 
261      036    (0)   16 :  0.011 0.002 0.006 0.004 0.249 0.006 0.010 0.050 0.003 0.024 0.004 0.005 0.266 0.005 0.356 
262      063    (2)   16 :  0.003 0.016 0.014 0.034 0.253 0.047 0.012 0.073 0.003 0.035 0.004 0.016 0.243 0.008 0.238 
263      094    (4)   16 :  0.010 0.009 0.072 0.010 0.116 0.016 0.009 0.422 0.012 0.041 0.005 0.012 0.131 0.013 0.122 
264      103    (4)   16 :  0.004 0.005 0.004 0.023 0.301 0.003 0.007 0.046 0.011 0.005 0.003 0.007 0.319 0.007 0.255 
265      112    (0)   16 :  0.003 0.006 0.009 0.007 0.210 0.050 0.009 0.307 0.008 0.006 0.004 0.010 0.188 0.003 0.181 
266      114    (2)   16 :  0.008 0.004 0.004 0.004 0.252 0.004 0.032 0.148 0.003 0.019 0.002 0.016 0.237 0.004 0.262 
267      120    (0)   16 :  0.011 0.004 0.011 0.005 0.036 0.012 0.006 0.786 0.003 0.008 0.003 0.010 0.074 0.012 0.019 
268      127    (2)   16 :  0.005 0.006 0.007 0.004 0.185 0.082 0.009 0.085 0.006 0.007 0.003 0.138 0.204 0.010 0.248 
269      147    (0)   16 :  0.005 0.006 0.003 0.006 0.165 0.284 0.019 0.039 0.008 0.013 0.054 0.008 0.181 0.002 0.207 
270      166    (0)   16 :  0.004 0.017 0.005 0.013 0.182 0.124 0.018 0.077 0.084 0.056 0.028 0.008 0.180 0.008 0.197 
271      167    (0)   16 :  0.018 0.005 0.006 0.058 0.079 0.008 0.592 0.019 0.007 0.017 0.006 0.044 0.063 0.009 0.069 
272      168    (0)   16 :  0.015 0.004 0.004 0.004 0.331 0.004 0.016 0.041 0.014 0.013 0.003 0.004 0.252 0.005 0.289 
273      169    (2)   16 :  0.007 0.004 0.009 0.006 0.105 0.051 0.461 0.074 0.005 0.046 0.007 0.007 0.096 0.008 0.115 
274      170    (0)   16 :  0.004 0.035 0.024 0.006 0.288 0.017 0.012 0.068 0.043 0.011 0.005 0.023 0.229 0.017 0.217 
275      171    (2)   16 :  0.003 0.004 0.048 0.008 0.292 0.023 0.006 0.022 0.005 0.006 0.010 0.003 0.274 0.055 0.240 
276      172    (0)   16 :  0.012 0.004 0.011 0.010 0.033 0.014 0.011 0.774 0.004 0.007 0.013 0.003 0.071 0.015 0.018 
277      185    (0)   16 :  0.002 0.005 0.006 0.010 0.272 0.034 0.076 0.016 0.005 0.064 0.005 0.012 0.235 0.002 0.255 
278      199    (2)   16 :  0.006 0.194 0.006 0.003 0.309 0.007 0.005 0.025 0.010 0.007 0.005 0.017 0.182 0.004 0.220 
279      339    (0)   16 :  0.003 0.010 0.006 0.018 0.052 0.012 0.734 0.011 0.002 0.020 0.007 0.019 0.045 0.009 0.052 
280      355    (0)   16 :  0.002 0.075 0.003 0.005 0.351 0.009 0.004 0.023 0.032 0.004 0.012 0.004 0.205 0.003 0.267 
281      356    (0)   16 :  0.006 0.005 0.004 0.003 0.028 0.006 0.009 0.642 0.157 0.005 0.003 0.039 0.060 0.004 0.029 
282      357    (0)   16 :  0.009 0.015 0.006 0.004 0.217 0.019 0.007 0.115 0.006 0.010 0.012 0.032 0.256 0.011 0.280 
283      358    (0)   16 :  0.002 0.004 0.008 0.048 0.227 0.011 0.013 0.035 0.004 0.010 0.006 0.013 0.306 0.006 0.306 
284      359    (0)   16 :  0.002 0.009 0.004 0.022 0.242 0.019 0.016 0.227 0.005 0.005 0.002 0.004 0.199 0.003 0.239 
285      360    (0)   16 :  0.006 0.004 0.014 0.003 0.253 0.022 0.017 0.042 0.019 0.027 0.010 0.007 0.284 0.010 0.281 
286      361    (0)   16 :  0.003 0.003 0.005 0.006 0.022 0.013 0.048 0.745 0.003 0.029 0.002 0.005 0.092 0.005 0.020 
287      362    (0)   16 :  0.002 0.005 0.166 0.010 0.172 0.074 0.097 0.061 0.012 0.029 0.005 0.004 0.151 0.037 0.176 
288      363    (0)   16 :  0.005 0.045 0.007 0.009 0.104 0.490 0.013 0.036 0.008 0.015 0.013 0.013 0.112 0.004 0.126 
289      364    (0)   16 :  0.004 0.041 0.254 0.007 0.123 0.014 0.005 0.057 0.074 0.016 0.003 0.049 0.153 0.042 0.159 
290      365    (0)   16 :  0.002 0.003 0.050 0.005 0.176 0.007 0.010 0.039 0.088 0.117 0.009 0.016 0.233 0.004 0.240 
291      366    (0)   16 :  0.001 0.003 0.005 0.013 0.189 0.017 0.004 0.143 0.005 0.005 0.028 0.004 0.282 0.003 0.298 
292      367    (0)   16 :  0.005 0.002 0.010 0.015 0.383 0.005 0.004 0.035 0.002 0.007 0.009 0.020 0.219 0.010 0.273 
293      368    (0)   16 :  0.008 0.003 0.034 0.019 0.295 0.007 0.004 0.020 0.066 0.004 0.013 0.059 0.215 0.009 0.244 
294      369    (0)   16 :  0.002 0.004 0.003 0.005 0.375 0.007 0.005 0.019 0.015 0.005 0.004 0.003 0.270 0.002 0.280 
295      370    (0)   16 :  0.012 0.007 0.005 0.044 0.066 0.016 0.015 0.513 0.077 0.018 0.011 0.005 0.127 0.004 0.078 
296      371    (0)   16 :  0.005 0.006 0.021 0.009 0.333 0.005 0.008 0.030 0.002 0.012 0.003 0.003 0.256 0.004 0.301 
297      372    (0)   16 :  0.003 0.338 0.010 0.003 0.016 0.048 0.012 0.013 0.005 0.503 0.004 0.003 0.017 0.009 0.015 
298      373    (0)   16 :  0.004 0.032 0.007 0.010 0.188 0.005 0.015 0.100 0.109 0.037 0.003 0.003 0.252 0.007 0.227 
299      380    (0)   16 :  0.041 0.010 0.016 0.008 0.202 0.039 0.006 0.094 0.011 0.013 0.005 0.004 0.261 0.012 0.279 
300      388    (0)   16 :  0.005 0.021 0.009 0.011 0.098 0.026 0.007 0.454 0.048 0.007 0.007 0.004 0.141 0.025 0.137 
301      418    (0)   16 :  0.028 0.038 0.013 0.004 0.269 0.018 0.006 0.074 0.006 0.017 0.006 0.011 0.222 0.023 0.265 
302      419    (0)   16 :  0.011 0.003 0.006 0.006 0.304 0.008 0.008 0.068 0.007 0.044 0.006 0.008 0.236 0.004 0.282 
303      420    (0)   16 :  0.003 0.069 0.036 0.011 0.141 0.016 0.020 0.090 0.006 0.144 0.054 0.016 0.174 0.035 0.187 
304      409    (0)   17 :  0.114 0.003 0.007 0.006 0.260 0.013 0.006 0.045 0.005 0.035 0.002 0.007 0.272 0.013 0.212 
305      414    (0)   17 :  0.013 0.007 0.008 0.006 0.288 0.011 0.011 0.019 0.003 0.006 0.002 0.007 0.277 0.083 0.259 
306      415    (2)   17 :  0.004 0.015 0.007 0.010 0.314 0.011 0.009 0.033 0.014 0.006 0.003 0.050 0.278 0.006 0.242 
307      416    (0)   17 :  0.086 0.011 0.026 0.034 0.230 0.012 0.025 0.032 0.003 0.059 0.003 0.006 0.234 0.016 0.222 
308      571    (0)    2 :  0.004 0.004 0.362 0.038 0.008 0.035 0.012 0.006 0.002 0.021 0.004 0.028 0.008 0.460 0.008 
309      572    (0)    2 :  0.014 0.002 0.049 0.077 0.009 0.016 0.004 0.009 0.002 0.003 0.005 0.005 0.010 0.786 0.009 
310      573    (2)    2 :  0.003 0.002 0.103 0.004 0.004 0.002 0.002 0.003 0.001 0.003 0.001 0.004 0.005 0.858 0.005 
311      574    (0)    2 :  0.013 0.002 0.022 0.013 0.008 0.005 0.005 0.006 0.006 0.004 0.002 0.005 0.008 0.894 0.008 
312      575    (2)    2 :  0.004 0.004 0.005 0.004 0.005 0.014 0.003 0.003 0.003 0.004 0.005 0.002 0.005 0.936 0.004 
313      576    (0)    2 :  0.004 0.003 0.333 0.008 0.004 0.004 0.003 0.003 0.002 0.003 0.001 0.003 0.004 0.622 0.004 
314      577    (0)    2 :  0.004 0.003 0.004 0.003 0.002 0.002 0.002 0.002 0.001 0.002 0.001 0.003 0.002 0.965 0.002 
315      578    (0)    2 :  0.007 0.003 0.005 0.002 0.002 0.002 0.002 0.002 0.001 0.002 0.001 0.002 0.002 0.964 0.002 
316      579    (0)    2 :  0.003 0.002 0.005 0.002 0.002 0.002 0.003 0.002 0.001 0.003 0.001 0.002 0.002 0.968 0.002 
317      580    (0)    2 :  0.002 0.001 0.007 0.003 0.002 0.002 0.003 0.002 0.001 0.002 0.001 0.002 0.003 0.965 0.003 
318      581    (0)    2 :  0.021 0.002 0.067 0.010 0.005 0.004 0.009 0.003 0.002 0.008 0.006 0.002 0.005 0.851 0.005 
319      582    (4)    2 :  0.003 0.013 0.061 0.020 0.014 0.007 0.020 0.011 0.003 0.007 0.040 0.003 0.013 0.773 0.014 
320      583    (0)    2 :  0.003 0.010 0.005 0.004 0.015 0.010 0.010 0.018 0.002 0.007 0.008 0.012 0.020 0.857 0.019 
321      584    (0)    2 :  0.016 0.010 0.040 0.007 0.013 0.008 0.027 0.013 0.002 0.028 0.006 0.004 0.013 0.800 0.013 
322      585    (0)    2 :  0.002 0.002 0.040 0.017 0.005 0.010 0.005 0.004 0.001 0.006 0.002 0.008 0.005 0.889 0.005 
323      586    (2)    2 :  0.003 0.005 0.014 0.007 0.003 0.004 0.005 0.003 0.001 0.006 0.004 0.005 0.003 0.934 0.003 
324      587    (0)    2 :  0.020 0.002 0.021 0.009 0.003 0.004 0.003 0.006 0.002 0.002 0.002 0.002 0.004 0.915 0.004 
325      588    (0)    2 :  0.003 0.006 0.016 0.005 0.011 0.007 0.003 0.005 0.008 0.004 0.016 0.006 0.011 0.889 0.011 
326      589    (0)    2 :  0.008 0.011 0.010 0.008 0.010 0.020 0.010 0.007 0.003 0.010 0.005 0.002 0.011 0.874 0.011 
327      590    (0)    2 :  0.015 0.004 0.005 0.009 0.003 0.002 0.003 0.003 0.002 0.003 0.010 0.032 0.004 0.901 0.004 
328      001    (0)    3 :  0.003 0.001 0.003 0.003 0.004 0.002 0.002 0.002 0.961 0.002 0.003 0.002 0.004 0.004 0.004 
329      005    (0)    3 :  0.001 0.003 0.001 0.002 0.002 0.002 0.002 0.002 0.969 0.001 0.006 0.002 0.002 0.001 0.002 
330      106    (0)    3 :  0.003 0.003 0.005 0.003 0.003 0.003 0.002 0.003 0.960 0.002 0.002 0.002 0.003 0.005 0.003 
331      192    (0)    3 :  0.006 0.012 0.006 0.004 0.019 0.009 0.004 0.008 0.872 0.005 0.005 0.003 0.020 0.008 0.021 
332      229    (0)    3 :  0.003 0.004 0.003 0.007 0.005 0.007 0.006 0.005 0.894 0.004 0.043 0.004 0.006 0.003 0.005 
333      319    (0)    3 :  0.002 0.002 0.002 0.003 0.004 0.002 0.002 0.007 0.956 0.003 0.005 0.002 0.004 0.002 0.004 
334      327    (0)    3 :  0.002 0.003 0.003 0.002 0.003 0.002 0.002 0.005 0.963 0.002 0.002 0.002 0.003 0.003 0.003 
335      340    (0)    3 :  0.001 0.003 0.003 0.004 0.005 0.003 0.003 0.004 0.949 0.002 0.004 0.004 0.005 0.004 0.005 
336      345    (0)    3 :  0.001 0.003 0.005 0.004 0.005 0.005 0.002 0.010 0.934 0.003 0.010 0.003 0.006 0.003 0.005 
337      375    (0)    3 :  0.001 0.005 0.002 0.002 0.003 0.004 0.002 0.003 0.961 0.002 0.003 0.003 0.003 0.002 0.004 
338      501    (4)    3 :  0.001 0.002 0.002 0.002 0.003 0.004 0.002 0.004 0.960 0.003 0.003 0.007 0.003 0.002 0.003 
339      502    (0)    3 :  0.003 0.003 0.003 0.004 0.004 0.007 0.003 0.004 0.911 0.002 0.008 0.034 0.005 0.004 0.005 
340      503    (2)    3 :  0.002 0.002 0.005 0.004 0.002 0.002 0.002 0.002 0.965 0.001 0.002 0.005 0.002 0.002 0.002 
341      504    (0)    3 :  0.004 0.004 0.002 0.002 0.005 0.003 0.006 0.003 0.934 0.007 0.016 0.003 0.005 0.003 0.005 
342      505    (0)    3 :  0.007 0.004 0.006 0.012 0.008 0.007 0.003 0.008 0.873 0.002 0.049 0.002 0.007 0.005 0.008 
343      506    (2)    3 :  0.002 0.002 0.002 0.002 0.006 0.006 0.004 0.006 0.942 0.004 0.005 0.004 0.006 0.001 0.006 
344      507    (4)    3 :  0.001 0.002 0.002 0.003 0.003 0.005 0.002 0.004 0.959 0.002 0.004 0.004 0.003 0.002 0.003 
345      508    (0)    3 :  0.002 0.002 0.005 0.006 0.006 0.006 0.004 0.008 0.917 0.006 0.003 0.020 0.007 0.003 0.006 
346      509    (2)    3 :  0.002 0.004 0.002 0.003 0.003 0.003 0.003 0.003 0.961 0.002 0.003 0.003 0.003 0.002 0.003 
347      510    (2)    3 :  0.003 0.021 0.002 0.002 0.005 0.003 0.005 0.003 0.928 0.008 0.003 0.004 0.005 0.001 0.006 
348      511    (4)    3 :  0.003 0.002 0.002 0.002 0.003 0.002 0.003 0.003 0.961 0.003 0.002 0.005 0.003 0.004 0.003 
349      512    (4)    3 :  0.002 0.003 0.002 0.002 0.003 0.004 0.002 0.004 0.958 0.003 0.006 0.002 0.003 0.002 0.003 
350      513    (0)    3 :  0.002 0.019 0.002 0.002 0.003 0.003 0.003 0.003 0.940 0.003 0.008 0.002 0.003 0.004 0.003 
351      514    (0)    3 :  0.001 0.003 0.001 0.002 0.003 0.002 0.010 0.002 0.961 0.002 0.002 0.002 0.003 0.001 0.003 
352      515    (2)    3 :  0.001 0.003 0.002 0.003 0.002 0.002 0.002 0.002 0.966 0.002 0.004 0.003 0.003 0.002 0.003 
353      516    (2)    3 :  0.003 0.007 0.003 0.004 0.005 0.005 0.005 0.004 0.931 0.005 0.004 0.011 0.005 0.003 0.005 
354      517    (0)    3 :  0.001 0.002 0.001 0.001 0.002 0.002 0.001 0.002 0.967 0.008 0.005 0.002 0.002 0.001 0.002 
355      518    (0)    3 :  0.002 0.003 0.003 0.007 0.006 0.004 0.004 0.005 0.937 0.005 0.003 0.005 0.006 0.002 0.006 
356      519    (0)    3 :  0.003 0.003 0.003 0.003 0.003 0.002 0.002 0.003 0.960 0.003 0.002 0.004 0.003 0.002 0.003 
357      520    (2)    3 :  0.004 0.006 0.003 0.002 0.003 0.003 0.003 0.003 0.953 0.005 0.002 0.002 0.003 0.005 0.003 
358      521    (2)    3 :  0.007 0.003 0.003 0.003 0.002 0.002 0.002 0.003 0.957 0.002 0.006 0.002 0.002 0.002 0.002 
359      522    (0)    3 :  0.013 0.005 0.006 0.004 0.006 0.005 0.005 0.004 0.903 0.010 0.001 0.021 0.006 0.005 0.006 
360      523    (2)    3 :  0.004 0.002 0.004 0.008 0.007 0.004 0.005 0.007 0.927 0.005 0.004 0.004 0.007 0.006 0.007 
361      524    (0)    3 :  0.013 0.007 0.009 0.023 0.009 0.007 0.005 0.012 0.814 0.011 0.003 0.060 0.009 0.007 0.009 
362      525    (0)    3 :  0.001 0.003 0.002 0.001 0.003 0.002 0.002 0.003 0.970 0.002 0.001 0.003 0.003 0.002 0.003 
363      526    (2)    3 :  0.002 0.002 0.002 0.002 0.002 0.002 0.002 0.002 0.960 0.003 0.011 0.002 0.002 0.001 0.002 
364      527    (2)    4 :  0.002 0.013 0.274 0.028 0.013 0.008 0.011 0.005 0.013 0.010 0.017 0.039 0.012 0.542 0.014 
365      528    (4)    4 :  0.017 0.008 0.190 0.076 0.028 0.409 0.005 0.021 0.002 0.005 0.003 0.004 0.029 0.177 0.027 
366      529    (4)    4 :  0.014 0.004 0.265 0.011 0.027 0.154 0.017 0.016 0.003 0.024 0.012 0.007 0.032 0.382 0.033 
367      530    (0)    4 :  0.003 0.004 0.937 0.005 0.006 0.007 0.002 0.006 0.005 0.003 0.003 0.004 0.005 0.004 0.005 
368      531    (2)    4 :  0.013 0.006 0.857 0.014 0.009 0.034 0.003 0.010 0.005 0.006 0.006 0.004 0.008 0.016 0.009 
369      532    (4)    4 :  0.003 0.002 0.799 0.016 0.011 0.083 0.004 0.016 0.002 0.003 0.002 0.024 0.013 0.008 0.013 
370      533    (0)    4 :  0.021 0.002 0.648 0.031 0.061 0.016 0.024 0.031 0.008 0.012 0.003 0.003 0.062 0.019 0.059 
371      534    (2)    4 :  0.015 0.006 0.892 0.033 0.007 0.006 0.004 0.005 0.003 0.005 0.002 0.003 0.007 0.006 0.007 
372      535    (2)    4 :  0.005 0.003 0.430 0.014 0.017 0.045 0.007 0.017 0.003 0.011 0.004 0.007 0.016 0.402 0.018 
373      536    (2)    4 :  0.025 0.002 0.888 0.010 0.006 0.003 0.006 0.007 0.002 0.004 0.014 0.003 0.006 0.014 0.006 
374      537    (2)    4 :  0.008 0.010 0.932 0.005 0.005 0.005 0.005 0.004 0.002 0.006 0.002 0.003 0.005 0.004 0.005 
375      538    (2)    4 :  0.003 0.004 0.467 0.086 0.060 0.006 0.037 0.051 0.006 0.013 0.002 0.007 0.060 0.140 0.057 
376      539    (2)    4 :  0.004 0.002 0.895 0.062 0.004 0.004 0.002 0.003 0.001 0.003 0.002 0.006 0.004 0.005 0.004 
377      540    (2)    4 :  0.010 0.002 0.880 0.007 0.011 0.006 0.009 0.015 0.001 0.016 0.001 0.005 0.012 0.014 0.011 
378      541    (2)    4 :  0.009 0.003 0.772 0.051 0.009 0.047 0.026 0.017 0.003 0.027 0.002 0.006 0.009 0.010 0.009 
379      542    (2)    4 :  0.012 0.011 0.701 0.066 0.022 0.016 0.025 0.022 0.002 0.044 0.004 0.008 0.024 0.019 0.023 
380      543    (0)    4 :  0.019 0.012 0.666 0.025 0.053 0.009 0.014 0.021 0.003 0.034 0.002 0.005 0.063 0.007 0.067 
381      544    (2)    4 :  0.004 0.002 0.950 0.010 0.003 0.003 0.003 0.004 0.003 0.003 0.002 0.002 0.003 0.006 0.003 
382      545    (2)    4 :  0.005 0.002 0.027 0.874 0.011 0.005 0.009 0.006 0.002 0.005 0.001 0.013 0.009 0.022 0.009 
383      546    (4)    4 :  0.005 0.002 0.014 0.837 0.022 0.004 0.011 0.008 0.002 0.004 0.002 0.022 0.024 0.022 0.022 
384      547    (6)    4 :  0.010 0.032 0.555 0.011 0.057 0.010 0.031 0.029 0.004 0.007 0.017 0.034 0.052 0.092 0.058 
385      019    (0)    5 :  0.008 0.004 0.044 0.722 0.007 0.015 0.020 0.005 0.002 0.021 0.004 0.002 0.007 0.132 0.007 
386      064    (0)    5 :  0.002 0.002 0.039 0.928 0.002 0.002 0.002 0.002 0.001 0.003 0.001 0.003 0.002 0.007 0.002 
387      065    (0)    5 :  0.005 0.001 0.956 0.014 0.002 0.002 0.002 0.002 0.001 0.002 0.001 0.002 0.002 0.003 0.002 
388      066    (0)    5 :  0.006 0.003 0.339 0.543 0.011 0.004 0.014 0.009 0.002 0.015 0.002 0.009 0.010 0.022 0.010 
389      067    (0)    5 :  0.008 0.011 0.012 0.863 0.008 0.017 0.024 0.005 0.005 0.010 0.006 0.006 0.008 0.009 0.008 
390      068    (0)    5 :  0.008 0.028 0.815 0.023 0.009 0.015 0.008 0.007 0.002 0.007 0.002 0.036 0.009 0.019 0.010 
391      069    (0)    5 :  0.012 0.004 0.164 0.736 0.005 0.007 0.004 0.007 0.001 0.006 0.001 0.022 0.005 0.021 0.005 
392      107    (0)    5 :  0.003 0.002 0.377 0.553 0.004 0.004 0.005 0.003 0.001 0.007 0.001 0.005 0.004 0.025 0.004 
393      110    (0)    5 :  0.002 0.001 0.003 0.962 0.002 0.007 0.003 0.002 0.001 0.002 0.003 0.002 0.002 0.004 0.002 
394      121    (0)    5 :  0.002 0.003 0.908 0.021 0.005 0.012 0.008 0.004 0.001 0.004 0.002 0.003 0.005 0.018 0.005 
395      137    (0)    5 :  0.005 0.002 0.011 0.899 0.008 0.004 0.021 0.005 0.002 0.006 0.009 0.005 0.009 0.004 0.009 
396      146    (0)    5 :  0.022 0.003 0.383 0.451 0.010 0.005 0.011 0.057 0.004 0.004 0.003 0.002 0.016 0.016 0.011 
397      149    (0)    5 :  0.002 0.002 0.005 0.941 0.004 0.005 0.010 0.004 0.001 0.004 0.003 0.002 0.004 0.008 0.004 
398      154    (0)    5 :  0.159 0.017 0.044 0.695 0.007 0.004 0.008 0.004 0.003 0.005 0.002 0.004 0.006 0.036 0.006 
399      179    (0)    5 :  0.004 0.004 0.244 0.510 0.004 0.004 0.005 0.004 0.002 0.005 0.002 0.009 0.004 0.196 0.004 
400      181    (0)    5 :  0.004 0.002 0.061 0.768 0.003 0.003 0.003 0.003 0.001 0.003 0.002 0.002 0.004 0.138 0.004 
401      182    (0)    5 :  0.005 0.014 0.810 0.058 0.011 0.024 0.006 0.010 0.003 0.004 0.002 0.017 0.012 0.012 0.012 
402      186    (0)    5 :  0.005 0.004 0.191 0.578 0.018 0.088 0.009 0.025 0.005 0.009 0.005 0.012 0.020 0.015 0.017 
403      193    (0)    5 :  0.008 0.004 0.575 0.337 0.007 0.006 0.006 0.007 0.003 0.009 0.002 0.004 0.008 0.019 0.007 
404      320    (0)    5 :  0.011 0.012 0.049 0.860 0.006 0.008 0.007 0.011 0.001 0.005 0.003 0.003 0.007 0.010 0.006 
405      341    (0)    5 :  0.003 0.004 0.701 0.073 0.006 0.004 0.012 0.007 0.002 0.012 0.002 0.006 0.007 0.155 0.007 
406      376    (0)    5 :  0.009 0.003 0.557 0.183 0.012 0.028 0.004 0.016 0.042 0.006 0.003 0.013 0.011 0.101 0.012 
407      395    (0)    5 :  0.047 0.004 0.300 0.556 0.006 0.011 0.005 0.005 0.001 0.033 0.005 0.004 0.007 0.008 0.006 
408      396    (0)    5 :  0.003 0.002 0.946 0.018 0.003 0.002 0.003 0.003 0.002 0.002 0.003 0.005 0.003 0.003 0.003 
409      397    (0)    5 :  0.010 0.006 0.899 0.037 0.005 0.005 0.005 0.003 0.001 0.003 0.009 0.002 0.005 0.006 0.005 
410      398    (0)    5 :  0.054 0.004 0.523 0.345 0.006 0.012 0.003 0.009 0.002 0.004 0.005 0.003 0.006 0.018 0.006 
411      399    (0)    5 :  0.002 0.003 0.918 0.006 0.005 0.012 0.005 0.007 0.002 0.003 0.002 0.007 0.005 0.019 0.005 
412      400    (0)    5 :  0.007 0.003 0.040 0.877 0.008 0.012 0.004 0.014 0.001 0.003 0.002 0.011 0.007 0.003 0.007 
413      401    (0)    5 :  0.005 0.002 0.120 0.782 0.014 0.004 0.008 0.009 0.004 0.005 0.003 0.008 0.013 0.010 0.014 
414      402    (0)    5 :  0.002 0.003 0.003 0.955 0.003 0.007 0.002 0.003 0.003 0.002 0.002 0.005 0.003 0.003 0.003 
415      403    (0)    5 :  0.004 0.004 0.553 0.320 0.008 0.016 0.015 0.023 0.003 0.009 0.009 0.009 0.010 0.008 0.010 
416      073    (0)    6 :  0.002 0.002 0.954 0.004 0.004 0.005 0.004 0.003 0.001 0.005 0.002 0.003 0.004 0.004 0.004 
417      074    (0)    6 :  0.038 0.004 0.892 0.004 0.007 0.002 0.003 0.004 0.006 0.006 0.002 0.002 0.007 0.015 0.007 
418      075    (0)    6 :  0.007 0.004 0.911 0.009 0.005 0.005 0.008 0.008 0.002 0.005 0.003 0.004 0.005 0.018 0.005 
419      076    (0)    6 :  0.004 0.006 0.921 0.006 0.005 0.009 0.008 0.005 0.003 0.004 0.004 0.004 0.006 0.009 0.005 
420      077    (0)    6 :  0.003 0.009 0.914 0.009 0.007 0.005 0.008 0.005 0.001 0.010 0.003 0.007 0.006 0.007 0.006 
421      078    (0)    6 :  0.005 0.005 0.803 0.009 0.028 0.006 0.011 0.020 0.003 0.006 0.005 0.004 0.032 0.032 0.032 
422      079    (0)    6 :  0.003 0.002 0.896 0.013 0.012 0.007 0.009 0.006 0.002 0.006 0.001 0.008 0.012 0.010 0.013 
423      080    (0)    6 :  0.003 0.015 0.918 0.005 0.005 0.011 0.006 0.003 0.002 0.003 0.002 0.006 0.005 0.010 0.005 
424      081    (0)    6 :  0.015 0.004 0.687 0.062 0.012 0.009 0.009 0.007 0.004 0.065 0.016 0.004 0.013 0.077 0.015 
425      082    (0)    6 :  0.003 0.003 0.942 0.014 0.003 0.005 0.002 0.003 0.002 0.003 0.002 0.004 0.003 0.007 0.003 
426      083    (0)    6 :  0.014 0.002 0.791 0.034 0.011 0.006 0.008 0.006 0.002 0.004 0.003 0.008 0.009 0.090 0.011 
427      084    (0)    6 :  0.122 0.002 0.713 0.017 0.005 0.003 0.016 0.004 0.004 0.008 0.006 0.003 0.005 0.084 0.006 
428      085    (0)    6 :  0.010 0.003 0.646 0.050 0.018 0.009 0.014 0.018 0.002 0.087 0.017 0.037 0.020 0.045 0.021 
429      404    (0)    6 :  0.029 0.003 0.879 0.012 0.005 0.006 0.008 0.005 0.001 0.006 0.003 0.003 0.005 0.030 0.005 
430      405    (0)    6 :  0.006 0.002 0.913 0.006 0.005 0.004 0.005 0.005 0.002 0.012 0.011 0.002 0.005 0.016 0.005 
431      406    (0)    6 :  0.009 0.004 0.906 0.004 0.009 0.006 0.004 0.006 0.004 0.004 0.009 0.006 0.009 0.011 0.009 
432      407    (0)    6 :  0.006 0.003 0.850 0.082 0.006 0.003 0.007 0.004 0.001 0.008 0.003 0.003 0.006 0.013 0.006 
433      408    (0)    6 :  0.006 0.005 0.929 0.004 0.005 0.003 0.003 0.004 0.001 0.006 0.002 0.003 0.005 0.019 0.005 
434      411    (2)    6 :  0.006 0.003 0.934 0.006 0.003 0.002 0.004 0.003 0.001 0.005 0.002 0.003 0.003 0.024 0.003 
435      412    (0)    6 :  0.005 0.006 0.793 0.009 0.009 0.012 0.005 0.006 0.025 0.021 0.005 0.010 0.009 0.076 0.009 
436      413    (0)    6 :  0.003 0.002 0.917 0.016 0.006 0.002 0.006 0.005 0.001 0.004 0.002 0.002 0.006 0.023 0.005 
437      591    (0)    7 :  0.008 0.004 0.005 0.002 0.005 0.915 0.007 0.007 0.015 0.008 0.007 0.005 0.006 0.002 0.005 
438      592    (0)    7 :  0.005 0.006 0.010 0.004 0.008 0.795 0.015 0.017 0.003 0.102 0.003 0.005 0.009 0.010 0.009 
439      593    (0)    7 :  0.004 0.002 0.008 0.006 0.006 0.915 0.007 0.006 0.002 0.005 0.006 0.005 0.007 0.015 0.007 
440      594    (0)    7 :  0.007 0.010 0.043 0.009 0.020 0.779 0.009 0.026 0.003 0.034 0.005 0.004 0.020 0.010 0.022 
441      595    (0)    7 :  0.003 0.011 0.010 0.015 0.026 0.854 0.008 0.007 0.005 0.004 0.004 0.007 0.020 0.006 0.021 
442      596    (0)    7 :  0.002 0.018 0.006 0.006 0.006 0.916 0.003 0.007 0.002 0.005 0.006 0.006 0.006 0.005 0.006 
443      597    (0)    7 :  0.003 0.006 0.025 0.025 0.011 0.834 0.009 0.009 0.001 0.012 0.002 0.004 0.016 0.028 0.014 
444      598    (0)    7 :  0.003 0.029 0.005 0.035 0.048 0.598 0.011 0.103 0.003 0.017 0.002 0.025 0.061 0.010 0.051 
445      599    (0)    7 :  0.002 0.003 0.004 0.003 0.007 0.782 0.062 0.004 0.003 0.067 0.006 0.005 0.008 0.037 0.008 
446      600    (0)    7 :  0.001 0.011 0.004 0.008 0.006 0.933 0.005 0.005 0.002 0.003 0.004 0.004 0.006 0.002 0.006 
447      601    (0)    7 :  0.002 0.002 0.026 0.025 0.018 0.813 0.024 0.011 0.002 0.023 0.002 0.007 0.017 0.008 0.018 
448      602    (0)    7 :  0.004 0.005 0.007 0.013 0.013 0.885 0.010 0.006 0.004 0.008 0.004 0.009 0.014 0.004 0.014 
449      603    (0)    7 :  0.010 0.010 0.007 0.005 0.037 0.134 0.031 0.009 0.003 0.633 0.008 0.019 0.043 0.008 0.043 
450      604    (0)    7 :  0.003 0.008 0.009 0.007 0.015 0.889 0.003 0.012 0.004 0.004 0.003 0.009 0.014 0.009 0.014 
451      605    (0)    7 :  0.003 0.024 0.013 0.006 0.021 0.745 0.013 0.090 0.019 0.007 0.004 0.005 0.026 0.003 0.022 
452      606    (0)    7 :  0.004 0.007 0.003 0.004 0.008 0.890 0.008 0.013 0.004 0.009 0.020 0.003 0.009 0.010 0.009 
453      607    (0)    7 :  0.002 0.009 0.011 0.012 0.005 0.773 0.003 0.008 0.003 0.003 0.003 0.157 0.005 0.003 0.005 
454      608    (0)    7 :  0.005 0.003 0.005 0.004 0.005 0.907 0.020 0.007 0.001 0.005 0.003 0.018 0.006 0.005 0.006 
455      609    (0)    7 :  0.004 0.003 0.004 0.004 0.010 0.921 0.005 0.009 0.002 0.004 0.004 0.008 0.009 0.005 0.009 
456      610    (0)    7 :  0.010 0.009 0.026 0.007 0.116 0.467 0.029 0.035 0.004 0.014 0.003 0.042 0.110 0.006 0.121 
457      611    (2)    7 :  0.011 0.006 0.010 0.009 0.010 0.887 0.003 0.007 0.002 0.004 0.003 0.020 0.009 0.010 0.009 
458      612    (0)    7 :  0.003 0.037 0.013 0.052 0.022 0.605 0.010 0.009 0.004 0.007 0.002 0.188 0.023 0.004 0.021 
459      755    (0)    7 :  0.024 0.046 0.015 0.009 0.031 0.479 0.004 0.019 0.026 0.022 0.002 0.235 0.033 0.019 0.035 
460      756    (0)    7 :  0.008 0.003 0.009 0.003 0.005 0.893 0.005 0.008 0.002 0.011 0.003 0.012 0.006 0.026 0.006 
461      757    (0)    7 :  0.004 0.005 0.009 0.005 0.010 0.899 0.005 0.014 0.003 0.010 0.002 0.007 0.010 0.006 0.009 
462      002    (0)    8 :  0.019 0.002 0.598 0.308 0.007 0.005 0.004 0.010 0.004 0.005 0.003 0.011 0.007 0.010 0.008 
463      099    (2)    8 :  0.008 0.048 0.004 0.005 0.031 0.009 0.060 0.013 0.722 0.020 0.004 0.013 0.029 0.006 0.028 
464      641    (2)    8 :  0.012 0.004 0.151 0.186 0.112 0.056 0.012 0.055 0.016 0.008 0.015 0.037 0.136 0.080 0.121 
465      642    (0)    8 :  0.009 0.003 0.877 0.004 0.007 0.020 0.013 0.013 0.003 0.013 0.003 0.006 0.009 0.012 0.008 
466      643    (2)    8 :  0.013 0.003 0.833 0.005 0.011 0.019 0.010 0.042 0.003 0.018 0.002 0.005 0.015 0.009 0.011 
467      644    (0)    8 :  0.005 0.008 0.877 0.014 0.007 0.006 0.017 0.014 0.003 0.013 0.004 0.008 0.007 0.007 0.008 
468      645    (0)    8 :  0.018 0.003 0.421 0.012 0.033 0.036 0.010 0.184 0.002 0.028 0.041 0.123 0.041 0.021 0.028 
469      646    (0)    8 :  0.012 0.009 0.078 0.321 0.056 0.012 0.010 0.074 0.005 0.008 0.010 0.248 0.072 0.015 0.069 
470      006    (0)    9 :  0.622 0.003 0.269 0.005 0.017 0.006 0.005 0.007 0.005 0.007 0.003 0.010 0.018 0.005 0.019 
471      011    (0)    9 :  0.012 0.003 0.942 0.003 0.003 0.003 0.003 0.003 0.001 0.004 0.002 0.002 0.003 0.013 0.003 
472      033    (2)    9 :  0.648 0.002 0.169 0.017 0.006 0.021 0.003 0.005 0.001 0.010 0.002 0.007 0.006 0.096 0.006 
473      048    (0)    9 :  0.053 0.005 0.537 0.011 0.017 0.015 0.085 0.007 0.002 0.200 0.008 0.008 0.017 0.019 0.017 
474      061    (0)    9 :  0.974 0.001 0.002 0.002 0.002 0.001 0.001 0.002 0.001 0.002 0.004 0.002 0.002 0.002 0.002 
475      088    (0)    9 :  0.023 0.007 0.860 0.011 0.010 0.011 0.014 0.010 0.003 0.015 0.005 0.004 0.011 0.007 0.011 
476      091    (0)    9 :  0.929 0.004 0.007 0.003 0.003 0.004 0.003 0.003 0.001 0.002 0.002 0.005 0.003 0.025 0.004 
477      098    (0)    9 :  0.007 0.003 0.906 0.008 0.005 0.013 0.009 0.004 0.001 0.012 0.012 0.007 0.004 0.004 0.005 
478      104    (0)    9 :  0.003 0.002 0.942 0.022 0.003 0.002 0.003 0.002 0.001 0.005 0.002 0.002 0.003 0.005 0.003 
479      196    (0)    9 :  0.579 0.005 0.328 0.014 0.005 0.008 0.007 0.006 0.001 0.009 0.005 0.003 0.006 0.019 0.005 
480      197    (0)    9 :  0.282 0.019 0.457 0.020 0.039 0.014 0.012 0.012 0.003 0.013 0.008 0.004 0.032 0.048 0.036 
481      201    (0)    9 :  0.610 0.001 0.176 0.012 0.006 0.006 0.004 0.011 0.001 0.006 0.001 0.002 0.006 0.150 0.006 
482      202    (0)    9 :  0.028 0.013 0.807 0.012 0.013 0.005 0.017 0.009 0.008 0.019 0.021 0.003 0.014 0.017 0.014 
483      204    (0)    9 :  0.397 0.002 0.458 0.029 0.004 0.003 0.004 0.005 0.001 0.013 0.002 0.009 0.004 0.065 0.004 
484      231    (0)    9 :  0.011 0.005 0.725 0.084 0.006 0.011 0.008 0.005 0.001 0.017 0.001 0.012 0.006 0.103 0.006 
485      328    (0)    9 :  0.230 0.002 0.707 0.003 0.004 0.006 0.004 0.005 0.001 0.005 0.005 0.003 0.004 0.018 0.004 
486      346    (0)    9 :  0.308 0.006 0.634 0.006 0.004 0.007 0.004 0.004 0.002 0.004 0.003 0.003 0.004 0.008 0.004 


Estimated Allele Frequencies in each cluster
First column gives estimated ancestral frequencies


Locus 1 : 1 
4 alleles
0.0% missing data
  89   (0.534) 0.702 0.642 0.619 0.285 0.553 0.554 0.480 0.508 0.295 0.588 0.065 0.653 0.548 0.632 0.551 
  91   (0.382) 0.288 0.312 0.344 0.590 0.373 0.429 0.407 0.436 0.668 0.364 0.709 0.330 0.383 0.209 0.375 
  93   (0.068) 0.008 0.044 0.037 0.124 0.061 0.015 0.108 0.051 0.036 0.017 0.097 0.014 0.057 0.157 0.060 
  99   (0.016) 0.002 0.001 0.000 0.001 0.012 0.003 0.005 0.006 0.001 0.031 0.128 0.003 0.012 0.001 0.014 

Locus 2 : 2 
6 alleles
1.0% missing data
 136   (0.353) 0.111 0.456 0.573 0.725 0.380 0.415 0.087 0.525 0.450 0.072 0.188 0.148 0.381 0.437 0.368 
 134   (0.235) 0.202 0.383 0.153 0.167 0.206 0.398 0.222 0.205 0.197 0.261 0.027 0.577 0.209 0.110 0.213 
 138   (0.293) 0.247 0.154 0.230 0.095 0.293 0.154 0.566 0.200 0.220 0.508 0.772 0.214 0.291 0.371 0.299 
 140   (0.070) 0.435 0.004 0.043 0.009 0.070 0.017 0.044 0.040 0.121 0.037 0.008 0.021 0.070 0.078 0.070 
 132   (0.021) 0.002 0.001 0.001 0.002 0.032 0.004 0.007 0.008 0.001 0.004 0.002 0.004 0.028 0.002 0.029 
 142   (0.028) 0.003 0.002 0.001 0.003 0.019 0.013 0.073 0.022 0.009 0.118 0.003 0.036 0.021 0.002 0.021 

Locus 3 : 3 
6 alleles
0.0% missing data
 181   (0.251) 0.067 0.068 0.248 0.088 0.241 0.402 0.355 0.186 0.073 0.361 0.181 0.242 0.236 0.164 0.247 
 187   (0.352) 0.675 0.257 0.482 0.540 0.371 0.167 0.183 0.341 0.345 0.186 0.774 0.272 0.369 0.663 0.363 
 179   (0.250) 0.243 0.016 0.240 0.357 0.253 0.399 0.253 0.301 0.052 0.218 0.029 0.333 0.256 0.162 0.252 
 191   (0.032) 0.004 0.199 0.027 0.003 0.031 0.006 0.007 0.013 0.009 0.006 0.003 0.007 0.028 0.003 0.031 
 185   (0.073) 0.007 0.458 0.002 0.007 0.071 0.019 0.187 0.057 0.284 0.037 0.008 0.116 0.071 0.006 0.071 
 175   (0.043) 0.004 0.003 0.001 0.004 0.034 0.008 0.016 0.103 0.237 0.192 0.005 0.030 0.040 0.003 0.036 

Locus 4 : 4 
12 alleles
0.2% missing data
 253   (0.493) 0.625 0.466 0.801 0.430 0.525 0.611 0.291 0.510 0.171 0.656 0.596 0.510 0.526 0.524 0.516 
 249   (0.029) 0.314 0.002 0.068 0.020 0.025 0.005 0.005 0.010 0.065 0.004 0.004 0.005 0.024 0.003 0.026 
 271   (0.043) 0.005 0.003 0.035 0.051 0.041 0.010 0.011 0.034 0.110 0.009 0.005 0.017 0.039 0.004 0.042 
 241   (0.153) 0.022 0.149 0.016 0.384 0.136 0.145 0.225 0.181 0.527 0.096 0.183 0.196 0.137 0.059 0.141 
 257   (0.006) 0.001 0.000 0.001 0.003 0.004 0.001 0.001 0.005 0.000 0.001 0.001 0.001 0.004 0.000 0.005 
 269   (0.171) 0.021 0.098 0.077 0.088 0.163 0.182 0.432 0.162 0.031 0.162 0.202 0.243 0.163 0.403 0.165 
 247   (0.065) 0.009 0.280 0.002 0.007 0.081 0.035 0.026 0.055 0.027 0.063 0.007 0.019 0.077 0.005 0.076 
 245   (0.009) 0.001 0.001 0.000 0.001 0.005 0.001 0.002 0.003 0.066 0.001 0.001 0.001 0.006 0.001 0.007 
 239   (0.011) 0.001 0.001 0.000 0.001 0.008 0.004 0.002 0.018 0.001 0.001 0.001 0.002 0.009 0.001 0.009 
 273   (0.007) 0.001 0.000 0.000 0.001 0.005 0.001 0.001 0.019 0.001 0.001 0.001 0.001 0.006 0.001 0.005 
 267   (0.006) 0.001 0.000 0.000 0.014 0.004 0.001 0.001 0.002 0.000 0.001 0.001 0.002 0.004 0.001 0.004 
 255   (0.006) 0.001 0.000 0.000 0.001 0.004 0.003 0.002 0.002 0.000 0.006 0.001 0.002 0.004 0.000 0.004 

Locus 5 : 5 
6 alleles
0.6% missing data
 103   (0.849) 0.984 0.979 0.990 0.962 0.825 0.924 0.932 0.854 0.733 0.955 0.982 0.953 0.817 0.988 0.825 
 104   (0.065) 0.007 0.004 0.008 0.030 0.082 0.028 0.050 0.059 0.075 0.018 0.008 0.026 0.088 0.007 0.084 
 101   (0.009) 0.001 0.013 0.000 0.001 0.006 0.002 0.002 0.004 0.001 0.001 0.001 0.006 0.007 0.001 0.007 
 105   (0.046) 0.005 0.003 0.001 0.004 0.057 0.038 0.010 0.065 0.165 0.023 0.005 0.011 0.057 0.003 0.051 
 102   (0.015) 0.001 0.001 0.000 0.001 0.018 0.006 0.003 0.008 0.001 0.002 0.002 0.003 0.019 0.001 0.019 
 107   (0.015) 0.001 0.001 0.000 0.001 0.012 0.003 0.003 0.011 0.025 0.002 0.001 0.002 0.012 0.001 0.014 

Locus 6 : 6 
5 alleles
0.2% missing data
 141   (0.270) 0.829 0.131 0.599 0.297 0.251 0.306 0.073 0.216 0.111 0.319 0.031 0.710 0.247 0.494 0.260 
 145   (0.401) 0.074 0.264 0.180 0.122 0.450 0.450 0.619 0.516 0.023 0.541 0.409 0.128 0.449 0.206 0.434 
 135   (0.237) 0.077 0.288 0.205 0.362 0.220 0.141 0.280 0.201 0.638 0.128 0.549 0.117 0.222 0.150 0.224 
 147   (0.082) 0.018 0.317 0.016 0.217 0.072 0.100 0.025 0.056 0.126 0.011 0.010 0.043 0.073 0.149 0.074 
 137   (0.011) 0.001 0.001 0.000 0.002 0.007 0.002 0.004 0.011 0.102 0.001 0.001 0.002 0.008 0.001 0.008 

Locus 7 : 7 
10 alleles
1.2% missing data
  93   (0.221) 0.620 0.066 0.335 0.407 0.185 0.213 0.139 0.268 0.114 0.369 0.793 0.308 0.192 0.304 0.194 
 103   (0.301) 0.083 0.513 0.370 0.265 0.322 0.519 0.415 0.306 0.017 0.342 0.040 0.172 0.329 0.553 0.317 
  91   (0.070) 0.008 0.155 0.029 0.008 0.071 0.049 0.016 0.052 0.061 0.048 0.010 0.038 0.070 0.049 0.069 
  97   (0.201) 0.029 0.254 0.182 0.174 0.214 0.160 0.270 0.123 0.262 0.079 0.131 0.175 0.200 0.075 0.211 
  85   (0.045) 0.006 0.003 0.054 0.009 0.049 0.015 0.083 0.043 0.003 0.011 0.006 0.009 0.049 0.004 0.046 
  89   (0.081) 0.247 0.005 0.027 0.131 0.067 0.030 0.058 0.073 0.298 0.098 0.011 0.284 0.068 0.008 0.070 
  83   (0.048) 0.005 0.003 0.001 0.005 0.065 0.009 0.014 0.124 0.003 0.048 0.006 0.010 0.066 0.003 0.064 
 105   (0.013) 0.001 0.001 0.000 0.001 0.013 0.002 0.002 0.005 0.093 0.002 0.001 0.002 0.011 0.001 0.013 
 101   (0.009) 0.001 0.001 0.000 0.001 0.007 0.001 0.002 0.003 0.124 0.001 0.001 0.001 0.008 0.001 0.008 
  99   (0.010) 0.001 0.001 0.000 0.001 0.007 0.001 0.002 0.003 0.025 0.001 0.001 0.001 0.007 0.001 0.008 

Locus 8 : 8 
8 alleles
0.0% missing data
 129   (0.555) 0.660 0.637 0.703 0.465 0.586 0.404 0.709 0.618 0.301 0.682 0.200 0.563 0.589 0.703 0.580 
 141   (0.056) 0.011 0.216 0.105 0.155 0.047 0.095 0.026 0.026 0.003 0.018 0.006 0.012 0.048 0.044 0.050 
 149   (0.080) 0.012 0.012 0.139 0.024 0.071 0.019 0.042 0.063 0.301 0.075 0.009 0.221 0.070 0.158 0.074 
 143   (0.256) 0.313 0.130 0.051 0.351 0.248 0.473 0.209 0.260 0.298 0.210 0.700 0.173 0.245 0.092 0.248 
 127   (0.017) 0.001 0.001 0.000 0.002 0.017 0.003 0.003 0.005 0.094 0.002 0.043 0.003 0.018 0.001 0.017 
 131   (0.012) 0.001 0.002 0.000 0.001 0.008 0.002 0.004 0.004 0.001 0.008 0.039 0.002 0.009 0.001 0.009 
 133   (0.016) 0.002 0.001 0.000 0.002 0.018 0.003 0.006 0.021 0.001 0.003 0.002 0.024 0.017 0.001 0.016 
 145   (0.006) 0.000 0.000 0.000 0.001 0.004 0.001 0.001 0.004 0.000 0.001 0.001 0.001 0.005 0.000 0.005 

Locus 9 : 9 
5 alleles
0.0% missing data
 191   (0.394) 0.841 0.546 0.554 0.584 0.391 0.475 0.302 0.346 0.341 0.311 0.337 0.390 0.391 0.593 0.394 
 195   (0.150) 0.034 0.051 0.175 0.037 0.124 0.240 0.274 0.130 0.328 0.276 0.355 0.038 0.127 0.236 0.131 
 189   (0.444) 0.124 0.402 0.267 0.377 0.478 0.282 0.421 0.512 0.330 0.410 0.307 0.570 0.474 0.170 0.467 
 197   (0.006) 0.001 0.000 0.000 0.001 0.003 0.001 0.001 0.010 0.000 0.002 0.001 0.001 0.004 0.000 0.004 
 193   (0.006) 0.001 0.000 0.003 0.001 0.004 0.001 0.001 0.002 0.000 0.001 0.001 0.002 0.004 0.001 0.004 

Locus 10 : 10 
7 alleles
0.4% missing data
 232   (0.248) 0.580 0.279 0.324 0.369 0.277 0.148 0.146 0.270 0.126 0.186 0.219 0.069 0.274 0.141 0.269 
 238   (0.558) 0.134 0.342 0.552 0.455 0.552 0.672 0.744 0.529 0.747 0.738 0.368 0.856 0.554 0.742 0.555 
 252   (0.109) 0.269 0.032 0.113 0.168 0.088 0.126 0.094 0.151 0.014 0.065 0.017 0.060 0.096 0.091 0.095 
 254   (0.048) 0.015 0.263 0.010 0.005 0.044 0.047 0.009 0.034 0.082 0.006 0.392 0.009 0.040 0.023 0.043 
 248   (0.018) 0.002 0.082 0.000 0.002 0.019 0.003 0.003 0.009 0.001 0.002 0.002 0.003 0.017 0.001 0.019 
 250   (0.013) 0.001 0.001 0.000 0.001 0.015 0.002 0.002 0.005 0.029 0.002 0.002 0.002 0.014 0.001 0.014 
 236   (0.006) 0.001 0.001 0.000 0.001 0.004 0.002 0.001 0.004 0.000 0.001 0.001 0.001 0.004 0.000 0.005 

Locus 11 : 11 
4 alleles
0.0% missing data
  87   (0.689) 0.354 0.535 0.655 0.568 0.699 0.641 0.843 0.681 0.497 0.844 0.964 0.891 0.694 0.585 0.695 
  89   (0.242) 0.623 0.383 0.277 0.362 0.248 0.346 0.127 0.229 0.152 0.131 0.029 0.073 0.248 0.409 0.248 
  91   (0.052) 0.021 0.081 0.067 0.069 0.041 0.011 0.027 0.075 0.182 0.024 0.006 0.013 0.045 0.005 0.045 
  85   (0.016) 0.002 0.001 0.000 0.001 0.012 0.003 0.003 0.015 0.169 0.002 0.002 0.023 0.013 0.001 0.013 

Locus 12 : 12 
13 alleles
0.4% missing data
 160   (0.210) 0.033 0.720 0.091 0.190 0.213 0.060 0.198 0.201 0.421 0.281 0.598 0.278 0.220 0.233 0.214 
 162   (0.244) 0.747 0.229 0.204 0.090 0.245 0.481 0.165 0.259 0.014 0.324 0.065 0.369 0.242 0.243 0.241 
 147   (0.055) 0.112 0.003 0.117 0.367 0.045 0.089 0.049 0.022 0.003 0.034 0.006 0.013 0.044 0.099 0.047 
 158   (0.234) 0.076 0.022 0.548 0.314 0.247 0.186 0.254 0.262 0.096 0.172 0.028 0.111 0.249 0.400 0.244 
 161   (0.106) 0.015 0.016 0.030 0.024 0.093 0.151 0.186 0.126 0.269 0.076 0.115 0.031 0.100 0.009 0.099 
 170   (0.052) 0.007 0.003 0.008 0.006 0.059 0.010 0.036 0.062 0.028 0.040 0.006 0.017 0.056 0.009 0.057 
 143   (0.030) 0.003 0.002 0.001 0.003 0.031 0.005 0.005 0.036 0.164 0.006 0.175 0.008 0.028 0.002 0.030 
 154   (0.015) 0.002 0.001 0.000 0.001 0.025 0.006 0.003 0.007 0.001 0.002 0.002 0.006 0.019 0.001 0.021 
 149   (0.023) 0.002 0.001 0.001 0.002 0.018 0.005 0.049 0.007 0.001 0.058 0.002 0.161 0.017 0.002 0.019 
 153   (0.011) 0.001 0.001 0.000 0.001 0.011 0.003 0.002 0.010 0.001 0.001 0.001 0.002 0.010 0.001 0.011 
 150   (0.006) 0.001 0.000 0.000 0.001 0.003 0.001 0.012 0.002 0.000 0.004 0.001 0.001 0.004 0.000 0.004 
 159   (0.009) 0.001 0.001 0.000 0.001 0.005 0.002 0.040 0.005 0.000 0.002 0.001 0.003 0.006 0.001 0.006 
 164   (0.006) 0.001 0.000 0.000 0.001 0.005 0.001 0.001 0.002 0.000 0.001 0.001 0.001 0.005 0.000 0.005 

Locus 13 : 13 
5 alleles
0.0% missing data
 108   (0.201) 0.404 0.198 0.167 0.158 0.198 0.150 0.231 0.259 0.296 0.075 0.334 0.050 0.207 0.138 0.196 
 115   (0.453) 0.530 0.284 0.533 0.289 0.448 0.504 0.377 0.478 0.379 0.594 0.091 0.561 0.441 0.787 0.446 
 113   (0.334) 0.065 0.517 0.299 0.552 0.345 0.344 0.389 0.258 0.325 0.330 0.574 0.388 0.342 0.074 0.347 
 109   (0.006) 0.001 0.000 0.000 0.001 0.005 0.001 0.001 0.002 0.000 0.001 0.001 0.001 0.005 0.000 0.006 
 110   (0.006) 0.000 0.000 0.000 0.001 0.004 0.001 0.002 0.003 0.000 0.001 0.001 0.001 0.005 0.000 0.005 

Locus 14 : 14 
5 alleles
1.2% missing data
 227   (0.134) 0.059 0.016 0.259 0.326 0.128 0.037 0.339 0.087 0.008 0.337 0.251 0.056 0.128 0.241 0.132 
 231   (0.158) 0.027 0.351 0.104 0.105 0.168 0.451 0.037 0.137 0.353 0.027 0.273 0.042 0.160 0.062 0.163 
 229   (0.503) 0.861 0.417 0.486 0.455 0.517 0.295 0.467 0.654 0.471 0.494 0.093 0.815 0.526 0.342 0.510 
 225   (0.138) 0.019 0.211 0.046 0.022 0.131 0.146 0.137 0.092 0.060 0.087 0.224 0.071 0.132 0.299 0.137 
 233   (0.067) 0.033 0.005 0.105 0.092 0.056 0.071 0.019 0.030 0.108 0.055 0.157 0.017 0.054 0.055 0.058 

Locus 15 : 15 
5 alleles
0.4% missing data
 143   (0.845) 0.982 0.816 0.971 0.978 0.842 0.872 0.789 0.887 0.621 0.901 0.722 0.944 0.843 0.950 0.843 
 157   (0.008) 0.001 0.000 0.019 0.001 0.004 0.004 0.002 0.003 0.000 0.001 0.001 0.001 0.005 0.003 0.005 
 145   (0.087) 0.010 0.006 0.007 0.016 0.090 0.114 0.055 0.055 0.183 0.074 0.270 0.043 0.090 0.043 0.091 
 147   (0.045) 0.005 0.145 0.001 0.005 0.052 0.008 0.150 0.023 0.195 0.022 0.006 0.009 0.049 0.003 0.049 
 133   (0.015) 0.002 0.032 0.000 0.001 0.011 0.003 0.005 0.033 0.001 0.002 0.001 0.003 0.013 0.001 0.011 

Locus 16 : 16 
5 alleles
0.2% missing data
 156   (0.230) 0.197 0.502 0.312 0.069 0.204 0.322 0.218 0.373 0.161 0.210 0.512 0.072 0.223 0.261 0.209 
 158   (0.535) 0.326 0.198 0.500 0.755 0.557 0.483 0.604 0.473 0.316 0.682 0.252 0.533 0.551 0.500 0.558 
 160   (0.142) 0.465 0.112 0.141 0.166 0.138 0.137 0.144 0.100 0.116 0.073 0.016 0.367 0.132 0.200 0.136 
 154   (0.086) 0.011 0.188 0.047 0.009 0.097 0.057 0.032 0.049 0.406 0.020 0.219 0.024 0.089 0.038 0.093 
 152   (0.008) 0.001 0.000 0.000 0.001 0.004 0.001 0.002 0.005 0.000 0.016 0.001 0.004 0.005 0.001 0.005 

Locus 17 : 17 
5 alleles
0.0% missing data
 102   (0.209) 0.098 0.199 0.246 0.164 0.199 0.187 0.254 0.134 0.039 0.163 0.025 0.416 0.195 0.255 0.204 
  90   (0.675) 0.607 0.794 0.716 0.809 0.658 0.790 0.698 0.785 0.323 0.810 0.579 0.373 0.671 0.735 0.664 
  88   (0.069) 0.290 0.005 0.037 0.022 0.080 0.013 0.022 0.037 0.468 0.011 0.007 0.201 0.070 0.006 0.075 
 100   (0.040) 0.004 0.002 0.001 0.004 0.059 0.009 0.008 0.042 0.171 0.014 0.387 0.009 0.060 0.003 0.053 
 104   (0.006) 0.001 0.000 0.000 0.001 0.003 0.001 0.018 0.002 0.000 0.001 0.001 0.001 0.004 0.000 0.004 

Locus 18 : 18 
7 alleles
0.0% missing data
 142   (0.129) 0.791 0.008 0.409 0.380 0.125 0.025 0.119 0.155 0.018 0.072 0.016 0.085 0.127 0.418 0.124 
 146   (0.086) 0.038 0.224 0.153 0.023 0.069 0.082 0.037 0.092 0.005 0.100 0.009 0.131 0.072 0.331 0.074 
 140   (0.285) 0.046 0.180 0.105 0.441 0.311 0.501 0.328 0.228 0.299 0.221 0.274 0.367 0.309 0.045 0.303 
 127   (0.299) 0.074 0.059 0.256 0.081 0.321 0.228 0.235 0.392 0.384 0.362 0.549 0.182 0.322 0.129 0.316 
 148   (0.098) 0.033 0.216 0.066 0.048 0.092 0.118 0.060 0.041 0.066 0.064 0.011 0.177 0.084 0.009 0.093 
 150   (0.052) 0.006 0.310 0.001 0.005 0.039 0.013 0.117 0.049 0.224 0.168 0.005 0.043 0.042 0.004 0.043 
 138   (0.052) 0.013 0.003 0.010 0.022 0.043 0.032 0.104 0.042 0.003 0.013 0.136 0.016 0.043 0.065 0.046 

Locus 19 : 19 
8 alleles
0.2% missing data
 188   (0.178) 0.556 0.170 0.117 0.164 0.204 0.066 0.268 0.181 0.011 0.124 0.019 0.046 0.196 0.025 0.194 
 190   (0.132) 0.015 0.198 0.367 0.327 0.097 0.239 0.161 0.098 0.041 0.177 0.014 0.261 0.102 0.582 0.105 
 194   (0.575) 0.419 0.482 0.512 0.498 0.589 0.610 0.521 0.626 0.556 0.568 0.956 0.269 0.586 0.385 0.585 
 202   (0.017) 0.001 0.144 0.000 0.001 0.012 0.003 0.004 0.006 0.042 0.002 0.002 0.003 0.013 0.001 0.014 
 200   (0.079) 0.007 0.005 0.002 0.008 0.085 0.075 0.043 0.077 0.312 0.127 0.008 0.417 0.088 0.006 0.089 
 192   (0.006) 0.000 0.000 0.000 0.001 0.005 0.004 0.001 0.002 0.000 0.001 0.001 0.001 0.006 0.000 0.005 
 196   (0.006) 0.000 0.000 0.000 0.001 0.004 0.001 0.001 0.008 0.000 0.001 0.001 0.001 0.005 0.001 0.005 
 198   (0.007) 0.000 0.000 0.000 0.001 0.003 0.001 0.001 0.002 0.037 0.001 0.001 0.001 0.004 0.000 0.004 

Locus 20 : 20 
6 alleles
0.8% missing data
 252   (0.703) 0.826 0.727 0.828 0.703 0.725 0.741 0.810 0.825 0.075 0.738 0.386 0.689 0.723 0.922 0.720 
 250   (0.084) 0.011 0.142 0.118 0.045 0.074 0.069 0.147 0.033 0.426 0.023 0.346 0.105 0.072 0.011 0.076 
 244   (0.023) 0.140 0.001 0.002 0.002 0.014 0.007 0.007 0.011 0.047 0.008 0.005 0.005 0.016 0.040 0.017 
 254   (0.073) 0.009 0.081 0.034 0.010 0.059 0.056 0.015 0.064 0.244 0.159 0.102 0.018 0.061 0.018 0.062 
 246   (0.094) 0.011 0.047 0.007 0.238 0.092 0.124 0.018 0.056 0.207 0.069 0.158 0.179 0.091 0.007 0.089 
 248   (0.022) 0.003 0.001 0.012 0.003 0.035 0.004 0.005 0.011 0.001 0.003 0.002 0.004 0.037 0.002 0.035 

Locus 21 : 21 
7 alleles
0.2% missing data
 173   (0.298) 0.158 0.213 0.358 0.144 0.268 0.319 0.477 0.359 0.209 0.568 0.122 0.112 0.268 0.410 0.270 
 177   (0.261) 0.186 0.168 0.304 0.648 0.288 0.082 0.297 0.203 0.041 0.231 0.275 0.518 0.283 0.158 0.281 
 175   (0.138) 0.017 0.256 0.019 0.023 0.127 0.326 0.053 0.130 0.504 0.082 0.482 0.033 0.131 0.070 0.131 
 167   (0.199) 0.629 0.122 0.314 0.173 0.192 0.147 0.139 0.257 0.069 0.104 0.110 0.090 0.203 0.302 0.198 
 163   (0.039) 0.004 0.229 0.003 0.004 0.038 0.016 0.015 0.024 0.106 0.007 0.004 0.009 0.038 0.003 0.039 
 165   (0.046) 0.004 0.011 0.001 0.007 0.049 0.107 0.008 0.019 0.070 0.006 0.005 0.233 0.050 0.056 0.050 
 159   (0.020) 0.002 0.001 0.001 0.002 0.038 0.004 0.012 0.007 0.001 0.002 0.002 0.004 0.027 0.001 0.031 

Locus 22 : 22 
11 alleles
0.6% missing data
 146   (0.226) 0.833 0.140 0.269 0.216 0.221 0.175 0.197 0.231 0.014 0.379 0.072 0.265 0.216 0.055 0.223 
 154   (0.009) 0.001 0.000 0.079 0.002 0.004 0.001 0.002 0.002 0.000 0.001 0.001 0.001 0.005 0.010 0.005 
 166   (0.089) 0.010 0.005 0.037 0.273 0.119 0.077 0.027 0.049 0.005 0.030 0.114 0.025 0.110 0.009 0.112 
 152   (0.429) 0.127 0.366 0.574 0.436 0.414 0.500 0.648 0.523 0.100 0.516 0.507 0.618 0.433 0.904 0.419 
 150   (0.031) 0.004 0.002 0.008 0.009 0.031 0.006 0.013 0.013 0.103 0.009 0.107 0.009 0.032 0.004 0.032 
 164   (0.035) 0.005 0.002 0.012 0.045 0.027 0.055 0.011 0.027 0.069 0.006 0.005 0.007 0.028 0.004 0.029 
 156   (0.019) 0.002 0.303 0.001 0.002 0.012 0.004 0.017 0.006 0.113 0.006 0.002 0.003 0.013 0.001 0.014 
 162   (0.052) 0.005 0.071 0.001 0.005 0.057 0.048 0.050 0.041 0.138 0.010 0.006 0.018 0.052 0.004 0.053 
 158   (0.088) 0.012 0.109 0.019 0.009 0.100 0.130 0.031 0.099 0.428 0.019 0.010 0.048 0.095 0.007 0.094 
 148   (0.009) 0.001 0.000 0.000 0.001 0.005 0.001 0.001 0.003 0.000 0.001 0.173 0.001 0.006 0.001 0.006 
 142   (0.014) 0.001 0.001 0.000 0.001 0.010 0.002 0.002 0.005 0.030 0.024 0.001 0.002 0.011 0.001 0.012 

Locus 23 : 23 
7 alleles
0.8% missing data
 152   (0.013) 0.001 0.001 0.073 0.093 0.007 0.002 0.003 0.004 0.001 0.002 0.001 0.002 0.008 0.001 0.009 
 156   (0.119) 0.012 0.030 0.043 0.095 0.127 0.124 0.072 0.225 0.430 0.029 0.014 0.027 0.136 0.011 0.126 
 144   (0.176) 0.027 0.640 0.204 0.152 0.161 0.195 0.216 0.119 0.244 0.295 0.606 0.049 0.163 0.071 0.169 
 160   (0.107) 0.012 0.106 0.195 0.304 0.098 0.138 0.146 0.059 0.012 0.060 0.013 0.333 0.101 0.113 0.101 
 154   (0.548) 0.917 0.220 0.484 0.352 0.566 0.528 0.555 0.577 0.174 0.609 0.361 0.577 0.554 0.790 0.557 
 158   (0.028) 0.030 0.002 0.001 0.003 0.033 0.011 0.006 0.011 0.139 0.004 0.003 0.011 0.030 0.013 0.031 
 146   (0.008) 0.001 0.000 0.000 0.001 0.007 0.001 0.001 0.005 0.000 0.001 0.001 0.001 0.007 0.001 0.007 

Locus 24 : 24 
4 alleles
0.4% missing data
  77   (0.088) 0.034 0.049 0.357 0.018 0.069 0.082 0.076 0.114 0.005 0.061 0.010 0.093 0.073 0.132 0.075 
  83   (0.464) 0.228 0.921 0.435 0.587 0.447 0.591 0.506 0.386 0.585 0.388 0.688 0.668 0.450 0.717 0.453 
  81   (0.364) 0.727 0.024 0.180 0.366 0.401 0.280 0.311 0.364 0.380 0.461 0.293 0.218 0.386 0.143 0.388 
  85   (0.084) 0.011 0.006 0.028 0.030 0.083 0.047 0.107 0.136 0.029 0.090 0.010 0.022 0.091 0.008 0.083 

Locus 25 : 25 
6 alleles
0.4% missing data
 132   (0.315) 0.909 0.454 0.507 0.108 0.323 0.449 0.312 0.240 0.021 0.367 0.180 0.186 0.314 0.587 0.321 
 124   (0.534) 0.067 0.536 0.422 0.857 0.534 0.423 0.591 0.688 0.468 0.477 0.414 0.733 0.542 0.317 0.531 
 126   (0.027) 0.003 0.002 0.050 0.021 0.020 0.005 0.005 0.010 0.011 0.003 0.003 0.005 0.020 0.085 0.022 
 122   (0.092) 0.017 0.006 0.020 0.011 0.096 0.103 0.083 0.047 0.476 0.149 0.111 0.069 0.097 0.009 0.097 
 120   (0.018) 0.002 0.001 0.001 0.002 0.015 0.004 0.003 0.009 0.022 0.002 0.290 0.003 0.015 0.001 0.016 
 136   (0.014) 0.001 0.001 0.001 0.002 0.012 0.015 0.006 0.005 0.001 0.002 0.002 0.004 0.012 0.001 0.013 

Locus 26 : 26 
7 alleles
0.2% missing data
 165   (0.241) 0.684 0.054 0.141 0.155 0.240 0.340 0.142 0.226 0.117 0.323 0.324 0.205 0.244 0.030 0.246 
 183   (0.353) 0.203 0.424 0.529 0.454 0.350 0.450 0.373 0.317 0.212 0.295 0.294 0.516 0.350 0.788 0.346 
 179   (0.090) 0.017 0.005 0.067 0.101 0.083 0.021 0.052 0.091 0.280 0.075 0.343 0.052 0.079 0.010 0.085 
 175   (0.250) 0.089 0.452 0.261 0.284 0.256 0.160 0.421 0.220 0.016 0.298 0.032 0.215 0.254 0.168 0.255 
 181   (0.050) 0.005 0.064 0.001 0.005 0.060 0.026 0.009 0.140 0.262 0.007 0.006 0.009 0.062 0.003 0.055 
 185   (0.009) 0.001 0.001 0.000 0.001 0.006 0.002 0.002 0.004 0.114 0.001 0.001 0.001 0.007 0.001 0.007 
 157   (0.006) 0.001 0.000 0.000 0.001 0.005 0.001 0.001 0.002 0.000 0.001 0.001 0.001 0.005 0.000 0.005 

Locus 27 : 27 
4 alleles
0.2% missing data
 142   (0.639) 0.354 0.743 0.719 0.598 0.648 0.677 0.804 0.591 0.525 0.784 0.309 0.678 0.642 0.632 0.647 
 148   (0.207) 0.390 0.065 0.077 0.191 0.215 0.253 0.126 0.219 0.266 0.085 0.674 0.051 0.216 0.088 0.212 
 138   (0.048) 0.245 0.003 0.192 0.199 0.035 0.018 0.012 0.021 0.048 0.018 0.006 0.022 0.038 0.267 0.039 
 150   (0.106) 0.011 0.189 0.012 0.012 0.102 0.052 0.059 0.169 0.162 0.113 0.012 0.250 0.104 0.013 0.102 

Locus 28 : 28 
6 alleles
0.8% missing data
 260   (0.386) 0.273 0.377 0.276 0.516 0.407 0.302 0.444 0.246 0.218 0.567 0.135 0.463 0.398 0.664 0.405 
 262   (0.509) 0.714 0.549 0.717 0.473 0.480 0.656 0.381 0.666 0.695 0.383 0.851 0.489 0.499 0.327 0.486 
 256   (0.074) 0.010 0.072 0.006 0.008 0.084 0.037 0.114 0.064 0.086 0.035 0.010 0.043 0.077 0.007 0.080 
 258   (0.010) 0.001 0.001 0.000 0.001 0.014 0.002 0.002 0.003 0.001 0.001 0.001 0.002 0.011 0.001 0.012 
 266   (0.006) 0.000 0.000 0.000 0.001 0.003 0.001 0.001 0.002 0.000 0.010 0.001 0.001 0.004 0.000 0.004 
 264   (0.015) 0.001 0.001 0.000 0.001 0.011 0.002 0.058 0.018 0.001 0.005 0.001 0.003 0.012 0.001 0.012 

Locus 29 : 29 
7 alleles
0.2% missing data
 146   (0.275) 0.080 0.334 0.142 0.311 0.293 0.348 0.464 0.255 0.324 0.141 0.034 0.351 0.302 0.316 0.294 
 150   (0.442) 0.173 0.290 0.723 0.418 0.438 0.408 0.380 0.573 0.241 0.599 0.142 0.289 0.445 0.580 0.436 
 140   (0.178) 0.686 0.057 0.077 0.031 0.180 0.174 0.119 0.130 0.387 0.175 0.812 0.164 0.168 0.095 0.179 
 148   (0.062) 0.054 0.316 0.047 0.230 0.052 0.046 0.013 0.024 0.036 0.033 0.007 0.124 0.051 0.005 0.054 
 152   (0.027) 0.004 0.002 0.001 0.003 0.028 0.005 0.020 0.013 0.012 0.050 0.003 0.050 0.025 0.002 0.026 
 151   (0.009) 0.002 0.001 0.008 0.005 0.005 0.002 0.001 0.003 0.000 0.001 0.001 0.011 0.005 0.001 0.006 
 142   (0.008) 0.001 0.000 0.002 0.001 0.004 0.018 0.001 0.003 0.000 0.001 0.001 0.011 0.005 0.001 0.005 

Locus 30 : 30 
6 alleles
0.2% missing data
 125   (0.289) 0.636 0.029 0.508 0.286 0.336 0.309 0.085 0.330 0.142 0.081 0.139 0.088 0.330 0.305 0.322 
 129   (0.434) 0.303 0.786 0.432 0.659 0.405 0.420 0.650 0.401 0.079 0.556 0.212 0.533 0.406 0.661 0.411 
 123   (0.145) 0.047 0.101 0.057 0.043 0.130 0.113 0.235 0.187 0.111 0.275 0.017 0.073 0.138 0.025 0.139 
 127   (0.083) 0.009 0.079 0.002 0.008 0.084 0.146 0.017 0.049 0.524 0.042 0.588 0.279 0.078 0.006 0.081 
 121   (0.012) 0.001 0.001 0.000 0.001 0.009 0.003 0.003 0.006 0.001 0.002 0.040 0.002 0.009 0.001 0.010 
 131   (0.036) 0.004 0.002 0.001 0.003 0.037 0.008 0.010 0.027 0.143 0.044 0.004 0.025 0.039 0.003 0.037 

Locus 31 : 31 
6 alleles
0.2% missing data
 159   (0.169) 0.070 0.011 0.168 0.102 0.150 0.290 0.356 0.265 0.201 0.224 0.019 0.154 0.159 0.020 0.156 
 155   (0.548) 0.580 0.708 0.633 0.860 0.588 0.422 0.277 0.462 0.422 0.546 0.520 0.381 0.576 0.927 0.575 
 157   (0.179) 0.297 0.021 0.111 0.028 0.168 0.257 0.190 0.218 0.061 0.186 0.115 0.422 0.173 0.019 0.172 
 153   (0.067) 0.048 0.004 0.085 0.007 0.065 0.014 0.170 0.028 0.305 0.040 0.102 0.034 0.063 0.028 0.065 
 151   (0.031) 0.004 0.256 0.002 0.003 0.025 0.016 0.006 0.024 0.010 0.004 0.242 0.007 0.025 0.005 0.027 
 163   (0.006) 0.001 0.000 0.001 0.001 0.004 0.001 0.001 0.002 0.000 0.001 0.001 0.001 0.004 0.000 0.005 

Locus 32 : 32 
5 alleles
0.0% missing data
 146   (0.316) 0.060 0.314 0.081 0.048 0.353 0.270 0.366 0.353 0.651 0.325 0.583 0.194 0.353 0.048 0.346 
 150   (0.568) 0.927 0.637 0.848 0.864 0.548 0.508 0.546 0.598 0.252 0.627 0.404 0.518 0.551 0.866 0.550 
 148   (0.065) 0.007 0.046 0.070 0.082 0.051 0.115 0.040 0.022 0.033 0.012 0.007 0.269 0.049 0.082 0.055 
 154   (0.037) 0.005 0.002 0.001 0.005 0.037 0.105 0.008 0.021 0.064 0.011 0.004 0.011 0.037 0.003 0.038 
 152   (0.015) 0.001 0.001 0.000 0.001 0.010 0.003 0.040 0.006 0.001 0.025 0.002 0.007 0.011 0.001 0.012 

Locus 33 : 33 
7 alleles
0.0% missing data
 180   (0.457) 0.431 0.670 0.667 0.357 0.471 0.517 0.268 0.415 0.358 0.428 0.697 0.483 0.465 0.325 0.469 
 196   (0.114) 0.123 0.007 0.164 0.214 0.107 0.049 0.211 0.100 0.025 0.119 0.013 0.026 0.111 0.282 0.112 
 184   (0.201) 0.419 0.072 0.132 0.116 0.189 0.280 0.353 0.190 0.185 0.266 0.266 0.072 0.193 0.220 0.188 
 194   (0.013) 0.001 0.001 0.026 0.023 0.007 0.003 0.003 0.005 0.001 0.002 0.001 0.002 0.008 0.090 0.009 
 192   (0.133) 0.015 0.183 0.007 0.013 0.145 0.106 0.132 0.204 0.165 0.133 0.014 0.398 0.137 0.010 0.138 
 198   (0.065) 0.009 0.066 0.003 0.276 0.071 0.018 0.014 0.061 0.266 0.014 0.007 0.015 0.073 0.071 0.071 
 190   (0.017) 0.002 0.001 0.000 0.002 0.011 0.027 0.019 0.026 0.001 0.039 0.002 0.004 0.013 0.001 0.013 

Locus 34 : 34 
6 alleles
0.0% missing data
 110   (0.194) 0.258 0.069 0.311 0.164 0.196 0.218 0.076 0.136 0.109 0.095 0.215 0.210 0.186 0.597 0.194 
 112   (0.351) 0.076 0.057 0.550 0.741 0.372 0.296 0.471 0.328 0.049 0.378 0.040 0.364 0.363 0.304 0.365 
 106   (0.271) 0.590 0.714 0.116 0.075 0.240 0.411 0.338 0.381 0.248 0.430 0.224 0.226 0.259 0.026 0.249 
  90   (0.040) 0.061 0.002 0.017 0.005 0.031 0.009 0.010 0.038 0.002 0.009 0.406 0.169 0.034 0.029 0.034 
 108   (0.134) 0.015 0.112 0.006 0.014 0.154 0.065 0.104 0.112 0.591 0.086 0.114 0.029 0.151 0.044 0.150 
  96   (0.010) 0.001 0.046 0.000 0.001 0.007 0.002 0.002 0.004 0.001 0.001 0.001 0.002 0.007 0.001 0.007 

Locus 35 : 35 
9 alleles
0.0% missing data
 166   (0.057) 0.010 0.004 0.261 0.177 0.041 0.055 0.024 0.021 0.003 0.139 0.007 0.062 0.043 0.362 0.047 
 176   (0.104) 0.024 0.015 0.137 0.389 0.098 0.213 0.023 0.123 0.096 0.013 0.013 0.034 0.098 0.086 0.099 
 172   (0.333) 0.446 0.584 0.446 0.204 0.346 0.144 0.410 0.236 0.167 0.404 0.042 0.371 0.343 0.479 0.345 
 170   (0.271) 0.485 0.327 0.148 0.156 0.264 0.515 0.277 0.240 0.350 0.207 0.612 0.153 0.263 0.042 0.262 
 174   (0.123) 0.012 0.063 0.005 0.015 0.125 0.047 0.036 0.301 0.043 0.204 0.014 0.353 0.136 0.023 0.128 
 178   (0.038) 0.015 0.002 0.002 0.052 0.046 0.008 0.068 0.026 0.002 0.010 0.005 0.009 0.038 0.003 0.042 
 168   (0.053) 0.006 0.003 0.001 0.005 0.061 0.014 0.025 0.046 0.319 0.020 0.305 0.015 0.061 0.004 0.059 
 186   (0.014) 0.001 0.001 0.000 0.001 0.011 0.002 0.135 0.004 0.019 0.002 0.001 0.003 0.012 0.001 0.013 
 158   (0.006) 0.001 0.000 0.000 0.001 0.006 0.001 0.001 0.002 0.000 0.001 0.001 0.001 0.005 0.000 0.006 

Locus 36 : 36 
6 alleles
0.0% missing data
  89   (0.567) 0.233 0.509 0.668 0.717 0.587 0.498 0.778 0.561 0.603 0.586 0.375 0.733 0.587 0.633 0.585 
  95   (0.062) 0.046 0.005 0.089 0.019 0.054 0.085 0.022 0.027 0.028 0.102 0.007 0.024 0.054 0.035 0.057 
  85   (0.170) 0.261 0.234 0.216 0.226 0.150 0.145 0.121 0.203 0.015 0.145 0.492 0.193 0.151 0.250 0.153 
  81   (0.060) 0.008 0.004 0.007 0.006 0.068 0.175 0.014 0.125 0.003 0.035 0.008 0.013 0.066 0.005 0.062 
  83   (0.123) 0.451 0.247 0.019 0.030 0.126 0.093 0.061 0.079 0.325 0.123 0.014 0.034 0.127 0.076 0.127 
  91   (0.019) 0.002 0.001 0.001 0.002 0.015 0.003 0.004 0.006 0.026 0.008 0.104 0.003 0.015 0.001 0.016 

Locus 37 : 37 
10 alleles
0.0% missing data
 161   (0.349) 0.088 0.373 0.575 0.521 0.338 0.391 0.130 0.485 0.706 0.286 0.432 0.424 0.356 0.531 0.341 
 165   (0.224) 0.057 0.101 0.193 0.293 0.249 0.188 0.234 0.144 0.114 0.333 0.131 0.079 0.239 0.039 0.238 
 159   (0.016) 0.002 0.001 0.031 0.007 0.011 0.003 0.003 0.005 0.001 0.008 0.002 0.003 0.012 0.049 0.013 
 173   (0.255) 0.158 0.515 0.131 0.073 0.245 0.387 0.426 0.225 0.170 0.214 0.225 0.434 0.239 0.142 0.249 
 169   (0.100) 0.691 0.006 0.057 0.101 0.098 0.021 0.187 0.111 0.006 0.100 0.204 0.048 0.101 0.235 0.101 
 167   (0.017) 0.002 0.001 0.012 0.002 0.018 0.003 0.004 0.014 0.001 0.004 0.002 0.004 0.017 0.002 0.017 
 168   (0.010) 0.001 0.001 0.000 0.001 0.013 0.002 0.002 0.003 0.001 0.001 0.001 0.002 0.011 0.001 0.012 
 155   (0.014) 0.001 0.001 0.000 0.001 0.021 0.003 0.004 0.006 0.001 0.002 0.001 0.002 0.016 0.001 0.019 
 177   (0.006) 0.001 0.000 0.000 0.001 0.004 0.001 0.001 0.004 0.000 0.001 0.001 0.002 0.005 0.000 0.005 
 175   (0.008) 0.001 0.000 0.000 0.001 0.004 0.001 0.009 0.002 0.000 0.051 0.001 0.001 0.004 0.001 0.005 

Locus 38 : 38 
6 alleles
0.6% missing data
  87   (0.099) 0.013 0.128 0.159 0.139 0.072 0.113 0.045 0.068 0.438 0.035 0.556 0.073 0.078 0.207 0.080 
  89   (0.429) 0.755 0.092 0.608 0.671 0.458 0.222 0.474 0.514 0.227 0.650 0.050 0.382 0.462 0.459 0.453 
  91   (0.167) 0.192 0.185 0.106 0.026 0.168 0.204 0.104 0.174 0.100 0.087 0.207 0.107 0.171 0.247 0.169 
  81   (0.115) 0.012 0.116 0.097 0.080 0.121 0.226 0.074 0.071 0.007 0.065 0.013 0.299 0.112 0.011 0.118 
  85   (0.184) 0.029 0.480 0.030 0.083 0.178 0.234 0.301 0.172 0.227 0.162 0.173 0.137 0.173 0.061 0.175 
  83   (0.006) 0.001 0.000 0.000 0.001 0.003 0.001 0.001 0.002 0.000 0.001 0.001 0.001 0.004 0.015 0.004 

Locus 39 : 39 
4 alleles
0.6% missing data
 167   (0.789) 0.932 0.860 0.922 0.932 0.775 0.945 0.922 0.866 0.394 0.710 0.684 0.861 0.787 0.848 0.781 
 161   (0.176) 0.061 0.138 0.077 0.064 0.194 0.049 0.070 0.115 0.457 0.203 0.312 0.128 0.183 0.150 0.187 
 165   (0.028) 0.006 0.002 0.001 0.003 0.026 0.006 0.006 0.017 0.148 0.086 0.003 0.010 0.025 0.002 0.026 
 177   (0.006) 0.001 0.001 0.000 0.001 0.006 0.001 0.001 0.002 0.000 0.001 0.001 0.001 0.006 0.001 0.006 

Locus 40 : 40 
6 alleles
0.4% missing data
 228   (0.423) 0.722 0.231 0.485 0.658 0.393 0.443 0.558 0.391 0.118 0.478 0.549 0.590 0.396 0.696 0.404 
 238   (0.335) 0.073 0.116 0.335 0.269 0.366 0.274 0.283 0.424 0.069 0.335 0.081 0.097 0.361 0.275 0.351 
 224   (0.024) 0.003 0.002 0.107 0.046 0.015 0.014 0.004 0.007 0.011 0.003 0.003 0.162 0.016 0.002 0.017 
 236   (0.104) 0.191 0.388 0.070 0.015 0.100 0.111 0.026 0.055 0.285 0.049 0.353 0.091 0.100 0.019 0.104 
 232   (0.012) 0.001 0.001 0.000 0.002 0.009 0.002 0.002 0.033 0.001 0.002 0.001 0.002 0.012 0.001 0.010 
 240   (0.103) 0.011 0.263 0.003 0.010 0.117 0.156 0.126 0.089 0.516 0.133 0.012 0.057 0.115 0.007 0.114 

Locus 41 : 41 
7 alleles
0.0% missing data
 128   (0.107) 0.236 0.032 0.171 0.050 0.098 0.073 0.048 0.133 0.006 0.263 0.011 0.218 0.104 0.008 0.101 
 130   (0.551) 0.694 0.779 0.543 0.608 0.571 0.512 0.459 0.558 0.738 0.413 0.063 0.538 0.565 0.876 0.567 
 114   (0.056) 0.032 0.003 0.117 0.036 0.051 0.077 0.012 0.034 0.003 0.007 0.501 0.012 0.050 0.054 0.051 
 132   (0.111) 0.017 0.047 0.162 0.287 0.101 0.152 0.400 0.134 0.006 0.154 0.012 0.023 0.108 0.009 0.102 
 118   (0.060) 0.009 0.132 0.003 0.006 0.051 0.012 0.039 0.064 0.070 0.083 0.205 0.092 0.054 0.005 0.055 
 134   (0.109) 0.012 0.007 0.004 0.012 0.123 0.173 0.041 0.075 0.175 0.078 0.207 0.116 0.115 0.047 0.118 
 136   (0.006) 0.001 0.000 0.000 0.001 0.005 0.001 0.001 0.002 0.000 0.001 0.001 0.001 0.005 0.000 0.005 

Locus 42 : 42 
6 alleles
1.2% missing data
 102   (0.270) 0.071 0.474 0.390 0.424 0.270 0.403 0.399 0.183 0.016 0.292 0.573 0.260 0.274 0.526 0.273 
 104   (0.398) 0.104 0.416 0.194 0.162 0.434 0.333 0.349 0.416 0.233 0.579 0.049 0.634 0.417 0.226 0.423 
  92   (0.109) 0.015 0.007 0.123 0.273 0.097 0.087 0.141 0.205 0.315 0.024 0.051 0.036 0.107 0.042 0.100 
  96   (0.074) 0.716 0.005 0.067 0.074 0.066 0.057 0.015 0.078 0.176 0.026 0.097 0.023 0.070 0.021 0.069 
  98   (0.142) 0.093 0.099 0.226 0.066 0.129 0.120 0.095 0.115 0.260 0.078 0.229 0.046 0.128 0.173 0.131 
 106   (0.006) 0.001 0.000 0.000 0.001 0.004 0.001 0.001 0.002 0.000 0.001 0.001 0.002 0.004 0.012 0.004 

Locus 43 : 43 
6 alleles
1.4% missing data
 101   (0.302) 0.085 0.179 0.430 0.198 0.277 0.458 0.363 0.398 0.367 0.249 0.035 0.307 0.293 0.613 0.285 
 103   (0.313) 0.458 0.353 0.180 0.379 0.328 0.279 0.493 0.198 0.109 0.436 0.228 0.189 0.302 0.194 0.323 
  99   (0.145) 0.075 0.009 0.031 0.225 0.159 0.068 0.042 0.197 0.183 0.081 0.414 0.403 0.161 0.056 0.149 
  95   (0.216) 0.380 0.458 0.358 0.196 0.212 0.190 0.098 0.197 0.333 0.231 0.170 0.097 0.219 0.136 0.218 
  97   (0.017) 0.002 0.001 0.000 0.002 0.018 0.004 0.003 0.008 0.006 0.002 0.152 0.003 0.017 0.001 0.018 
  91   (0.006) 0.001 0.000 0.000 0.001 0.006 0.001 0.001 0.002 0.000 0.001 0.001 0.001 0.006 0.000 0.006 

Locus 44 : 44 
7 alleles
0.2% missing data
 177   (0.077) 0.010 0.005 0.074 0.173 0.079 0.064 0.051 0.035 0.113 0.063 0.010 0.015 0.076 0.011 0.081 
 191   (0.286) 0.055 0.100 0.214 0.111 0.329 0.302 0.229 0.265 0.631 0.162 0.281 0.382 0.312 0.055 0.311 
 181   (0.569) 0.930 0.862 0.711 0.710 0.529 0.617 0.707 0.663 0.138 0.710 0.519 0.545 0.553 0.929 0.544 
 189   (0.007) 0.000 0.030 0.000 0.001 0.003 0.001 0.001 0.002 0.000 0.001 0.001 0.001 0.004 0.000 0.004 
 179   (0.043) 0.004 0.003 0.001 0.004 0.047 0.013 0.008 0.028 0.107 0.005 0.187 0.053 0.042 0.003 0.047 
 183   (0.009) 0.001 0.001 0.000 0.001 0.008 0.002 0.002 0.004 0.001 0.002 0.001 0.002 0.007 0.001 0.008 
 193   (0.010) 0.001 0.001 0.000 0.001 0.005 0.002 0.002 0.003 0.010 0.057 0.001 0.002 0.006 0.001 0.006 

Locus 45 : 45 
6 alleles
0.8% missing data
 205   (0.461) 0.867 0.406 0.451 0.553 0.492 0.533 0.542 0.364 0.310 0.497 0.247 0.497 0.481 0.734 0.484 
 211   (0.228) 0.049 0.274 0.268 0.101 0.224 0.191 0.230 0.339 0.393 0.095 0.343 0.287 0.227 0.162 0.221 
 207   (0.143) 0.061 0.200 0.141 0.191 0.141 0.097 0.162 0.103 0.071 0.249 0.017 0.045 0.137 0.066 0.143 
 201   (0.080) 0.013 0.005 0.076 0.124 0.063 0.082 0.049 0.115 0.039 0.053 0.382 0.089 0.070 0.031 0.069 
 215   (0.077) 0.009 0.114 0.063 0.030 0.068 0.096 0.015 0.076 0.178 0.104 0.009 0.080 0.072 0.007 0.072 
 202   (0.011) 0.001 0.001 0.000 0.001 0.012 0.002 0.002 0.004 0.008 0.002 0.001 0.002 0.013 0.001 0.013 

Locus 46 : 46 
10 alleles
1.0% missing data
 144   (0.065) 0.047 0.128 0.277 0.052 0.051 0.015 0.013 0.096 0.008 0.059 0.008 0.050 0.058 0.143 0.055 
 158   (0.151) 0.042 0.083 0.139 0.406 0.155 0.257 0.103 0.130 0.121 0.046 0.021 0.299 0.149 0.015 0.150 
 168   (0.147) 0.058 0.105 0.179 0.069 0.163 0.132 0.033 0.113 0.215 0.043 0.217 0.033 0.164 0.364 0.165 
 166   (0.143) 0.444 0.389 0.345 0.114 0.130 0.090 0.075 0.110 0.025 0.256 0.124 0.034 0.121 0.203 0.130 
 142   (0.358) 0.393 0.287 0.056 0.326 0.388 0.444 0.623 0.303 0.144 0.542 0.047 0.560 0.383 0.264 0.381 
 170   (0.016) 0.002 0.001 0.001 0.002 0.010 0.005 0.003 0.035 0.047 0.002 0.002 0.003 0.014 0.003 0.012 
 156   (0.028) 0.003 0.002 0.001 0.016 0.023 0.005 0.045 0.010 0.085 0.004 0.467 0.005 0.023 0.002 0.023 
 162   (0.046) 0.006 0.003 0.001 0.004 0.039 0.039 0.016 0.072 0.161 0.042 0.110 0.008 0.040 0.003 0.042 
 164   (0.039) 0.005 0.002 0.001 0.010 0.037 0.012 0.088 0.129 0.194 0.005 0.004 0.007 0.044 0.003 0.037 
 160   (0.006) 0.001 0.000 0.000 0.001 0.005 0.002 0.001 0.002 0.000 0.001 0.001 0.001 0.005 0.000 0.005 

Locus 47 : 47 
7 alleles
9.9% missing data
 149   (0.347) 0.479 0.336 0.193 0.192 0.356 0.089 0.375 0.307 0.770 0.409 0.350 0.456 0.352 0.290 0.357 
 151   (0.182) 0.117 0.012 0.243 0.578 0.165 0.370 0.221 0.170 0.087 0.095 0.083 0.367 0.170 0.053 0.168 
 153   (0.196) 0.107 0.026 0.328 0.133 0.202 0.178 0.231 0.152 0.042 0.415 0.030 0.102 0.195 0.490 0.196 
 147   (0.027) 0.003 0.002 0.040 0.029 0.023 0.005 0.005 0.062 0.002 0.004 0.004 0.007 0.024 0.002 0.023 
 145   (0.224) 0.291 0.623 0.192 0.065 0.238 0.353 0.164 0.279 0.041 0.074 0.529 0.062 0.241 0.163 0.238 
 152   (0.007) 0.001 0.000 0.003 0.001 0.004 0.001 0.001 0.003 0.001 0.001 0.001 0.003 0.004 0.001 0.005 
 143   (0.016) 0.001 0.001 0.000 0.002 0.013 0.003 0.003 0.028 0.056 0.002 0.002 0.003 0.014 0.001 0.014 

Values of parameters used in structure:
DATAFILE=temp2.str,	OUTFILE=k15/temp2_k15_run8,	NUMINDS=486,	NUMLOCI=47,	MISSING=-9,	LABEL=1,	POPDATA=1,	POPFLAG=0,	PHENOTYPE=0,	EXTRACOLS=0,	MAXPOPS=15,	BURNIN=500000,	NUMREPS=750000,	USEPOPINFO=0,	INFERALPHA=1,	INFERLAMBDA=0,	POPSPECIFICLAMBDA=0,	POPALPHAS=0,	COMPUTEPROB=1,	NOADMIX=0,	ADMBURNIN=500,	UPDATEFREQ=100,	PRINTLIKES=0,	INTERMEDSAVE=0,	PRINTKLD=0,	PRINTNET=1,	PRINTLAMBDA=1,	ANCESTDIST=0,	NUMBOXES=1000,	ANCESTPINT=0.90000,	GENSBACK=2,	MIGRPRIOR=0.01000,	PRINTQHAT=0,	PRINTQSUM=1,	ALPHA=1.0000,	FREQSCORR=1,	FPRIORMEAN=0.0100,	FPRIORSD=0.0500,	ONEFST=0,	LAMBDA=1.0000,	UNIFPRIORALPHA=1,	ALPHAMAX=10.0000,	ALPHAPRIORA=1.0000,	ALPHAPRIORB=2.0000,	ALPHAPROPSD=0.0250,	STARTATPOPINFO=0,	RANDOMIZE=0,	LINKAGE=0,	METROFREQ=10,	REPORTHITRATE=0,	MARKOVPHASE=0,	PHASED=1,	PLOIDY=2,	PHASEINFO=0	LOCPRIOR=0, 	LOCPRIORINIT=1.000000, 	LOCDATA=0, 	LOCISPOP=1, 	LOCPRIORSTEP=0.100000, 	MAXLOCPRIOR=20.000000, 	SEED=200793,	
[STRAT parameters]:    NUMSIMSTATS=1000,	PHENOTYPECOL=-9,	POOLFREQ=10,	LOCUSxONLY=0,	EMERROR=0.00100,	MISSINGPHENO=-9,	