

----------------------------------------------------
STRUCTURE by Pritchard, Stephens and Donnelly (2000)
     and Falush, Stephens and Pritchard (2003)
       Code by Pritchard, Falush and Hubisz
             Version 2.3.4 (Jul 2012)
----------------------------------------------------



Command line arguments:   structure -D 344833 -K 16 -m mainparams -o k16/temp2_k16_run7 
Input File:    temp2.str

Run parameters:
   486 individuals
   47 loci
   16 populations assumed
   500000 Burn-in period
   750000 Reps
RANDOMIZE turned off


--------------------------------------------
Proportion of membership of each pre-defined
 population in each of the 16 clusters

Given    Inferred Clusters                                                                                                  Number of
 Pop       1      2      3      4      5      6      7      8      9     10     11     12     13     14     15     16      Individuals

  1:     0.010  0.013  0.011  0.010  0.010  0.031  0.011  0.004  0.011  0.011  0.009  0.003  0.048  0.010  0.804  0.006       63
  2:     0.007  0.008  0.006  0.007  0.007  0.012  0.006  0.006  0.007  0.007  0.005  0.002  0.854  0.007  0.053  0.006       20
  3:     0.005  0.004  0.004  0.004  0.004  0.004  0.004  0.007  0.003  0.005  0.004  0.936  0.003  0.003  0.003  0.006       36
  4:     0.020  0.041  0.015  0.011  0.020  0.107  0.017  0.005  0.012  0.024  0.006  0.003  0.096  0.010  0.605  0.009       21
  5:     0.007  0.011  0.010  0.007  0.007  0.508  0.006  0.003  0.008  0.007  0.005  0.004  0.035  0.014  0.362  0.007       31
  6:     0.008  0.006  0.006  0.012  0.008  0.020  0.013  0.005  0.007  0.009  0.004  0.003  0.034  0.014  0.844  0.005       21
  7:     0.017  0.771  0.016  0.031  0.017  0.011  0.026  0.004  0.013  0.021  0.011  0.005  0.010  0.005  0.011  0.028       25
  8:     0.037  0.020  0.049  0.015  0.030  0.108  0.031  0.010  0.015  0.033  0.009  0.093  0.020  0.012  0.471  0.047        8
  9:     0.008  0.008  0.006  0.022  0.009  0.015  0.008  0.005  0.009  0.009  0.005  0.002  0.042  0.337  0.510  0.005       17
 10:     0.005  0.006  0.005  0.004  0.005  0.004  0.005  0.003  0.005  0.005  0.932  0.003  0.006  0.003  0.004  0.005       29
 11:     0.003  0.003  0.002  0.002  0.003  0.002  0.002  0.962  0.002  0.003  0.002  0.006  0.002  0.003  0.002  0.002        9
 12:     0.192  0.059  0.106  0.032  0.186  0.015  0.115  0.009  0.020  0.179  0.013  0.019  0.008  0.010  0.010  0.028       26
 13:     0.107  0.028  0.174  0.166  0.111  0.012  0.107  0.009  0.045  0.117  0.012  0.014  0.013  0.012  0.012  0.063       74
 14:     0.083  0.020  0.070  0.334  0.075  0.011  0.099  0.007  0.094  0.072  0.014  0.013  0.012  0.009  0.018  0.070       35
 15:     0.045  0.025  0.027  0.257  0.042  0.012  0.124  0.009  0.323  0.053  0.008  0.008  0.014  0.006  0.030  0.019       24
 16:     0.172  0.038  0.149  0.029  0.174  0.012  0.101  0.009  0.030  0.184  0.025  0.023  0.011  0.007  0.021  0.013       43
 17:     0.288  0.011  0.019  0.018  0.236  0.013  0.147  0.003  0.010  0.133  0.009  0.006  0.027  0.052  0.012  0.015        4
--------------------------------------------

Allele-freq. divergence among pops (Net nucleotide distance),
computed using point estimates of P.

      1       2       3       4       5       6       7       8       9      10      11      12      13      14      15      16      
 1      -    0.0201  0.0106  0.0200  0.0002  0.0410  0.0040  0.1004  0.0277  0.0006  0.0552  0.0829  0.0538  0.1022  0.0312  0.0425  
 2   0.0201     -    0.0259  0.0401  0.0199  0.0590  0.0242  0.1072  0.0420  0.0177  0.0616  0.1049  0.0668  0.1205  0.0449  0.0547  
 3   0.0106  0.0259     -    0.0299  0.0107  0.0498  0.0133  0.1100  0.0375  0.0092  0.0662  0.0934  0.0646  0.1105  0.0336  0.0551  
 4   0.0200  0.0401  0.0299     -    0.0191  0.0671  0.0158  0.1305  0.0280  0.0186  0.0765  0.1273  0.0632  0.1174  0.0458  0.0566  
 5   0.0002  0.0199  0.0107  0.0191     -    0.0414  0.0037  0.1009  0.0276  0.0005  0.0555  0.0838  0.0538  0.1011  0.0311  0.0418  
 6   0.0410  0.0590  0.0498  0.0671  0.0414     -    0.0473  0.1460  0.0665  0.0397  0.0971  0.1404  0.0694  0.1368  0.0438  0.0747  
 7   0.0040  0.0242  0.0133  0.0158  0.0037  0.0473     -    0.1092  0.0232  0.0037  0.0598  0.0928  0.0560  0.1103  0.0359  0.0393  
 8   0.1004  0.1072  0.1100  0.1305  0.1009  0.1460  0.1092     -    0.1354  0.0971  0.1339  0.1134  0.1745  0.2015  0.1419  0.1590  
 9   0.0277  0.0420  0.0375  0.0280  0.0276  0.0665  0.0232  0.1354     -    0.0261  0.0769  0.1270  0.0729  0.1488  0.0630  0.0637  
10   0.0006  0.0177  0.0092  0.0186  0.0005  0.0397  0.0037  0.0971  0.0261     -    0.0528  0.0814  0.0513  0.0995  0.0287  0.0404  
11   0.0552  0.0616  0.0662  0.0765  0.0555  0.0971  0.0598  0.1339  0.0769  0.0528     -    0.1230  0.0969  0.1599  0.0823  0.0978  
12   0.0829  0.1049  0.0934  0.1273  0.0838  0.1404  0.0928  0.1134  0.1270  0.0814  0.1230     -    0.1753  0.2148  0.1429  0.1245  
13   0.0538  0.0668  0.0646  0.0632  0.0538  0.0694  0.0560  0.1745  0.0729  0.0513  0.0969  0.1753     -    0.1254  0.0341  0.0864  
14   0.1022  0.1205  0.1105  0.1174  0.1011  0.1368  0.1103  0.2015  0.1488  0.0995  0.1599  0.2148  0.1254     -    0.1044  0.1453  
15   0.0312  0.0449  0.0336  0.0458  0.0311  0.0438  0.0359  0.1419  0.0630  0.0287  0.0823  0.1429  0.0341  0.1044     -    0.0711  
16   0.0425  0.0547  0.0551  0.0566  0.0418  0.0747  0.0393  0.1590  0.0637  0.0404  0.0978  0.1245  0.0864  0.1453  0.0711     -    

Average distances (expected heterozygosity) between individuals in same cluster:
cluster  1  : 0.6392 
cluster  2  : 0.5959 
cluster  3  : 0.6076 
cluster  4  : 0.5640 
cluster  5  : 0.6388 
cluster  6  : 0.5342 
cluster  7  : 0.6195 
cluster  8  : 0.5325 
cluster  9  : 0.5649 
cluster 10  : 0.6467 
cluster 11  : 0.5437 
cluster 12  : 0.6317 
cluster 13  : 0.4804 
cluster 14  : 0.4340 
cluster 15  : 0.5429 
cluster 16  : 0.5483 

--------------------------------------------
Estimated Ln Prob of Data   = -52428.6
Mean value of ln likelihood = -50015.2
Variance of ln likelihood   = 4826.8
Mean value of alpha         = 0.0344

Mean value of Fst_1         = 0.0258
Mean value of Fst_2         = 0.0926
Mean value of Fst_3         = 0.0560
Mean value of Fst_4         = 0.1047
Mean value of Fst_5         = 0.0265
Mean value of Fst_6         = 0.1881
Mean value of Fst_7         = 0.0649
Mean value of Fst_8         = 0.3108
Mean value of Fst_9         = 0.1477
Mean value of Fst_10         = 0.0057
Mean value of Fst_11         = 0.2149
Mean value of Fst_12         = 0.1909
Mean value of Fst_13         = 0.2249
Mean value of Fst_14         = 0.4045
Mean value of Fst_15         = 0.1436
Mean value of Fst_16         = 0.2219


Inferred ancestry of individuals:
        Label (%Miss) Pop:  Inferred clusters
  1      221    (0)    1 :  0.006 0.013 0.006 0.007 0.006 0.006 0.006 0.003 0.006 0.006 0.002 0.003 0.006 0.004 0.916 0.003 
  2      222    (0)    1 :  0.009 0.007 0.008 0.009 0.009 0.483 0.008 0.004 0.004 0.011 0.009 0.004 0.028 0.006 0.391 0.010 
  3      223    (0)    1 :  0.007 0.007 0.020 0.010 0.008 0.006 0.008 0.003 0.005 0.008 0.003 0.004 0.008 0.006 0.892 0.006 
  4      224    (0)    1 :  0.003 0.004 0.003 0.003 0.003 0.005 0.003 0.001 0.003 0.003 0.006 0.001 0.036 0.005 0.917 0.004 
  5      225    (0)    1 :  0.005 0.003 0.004 0.003 0.005 0.005 0.004 0.002 0.003 0.004 0.003 0.002 0.005 0.003 0.947 0.003 
  6      226    (0)    1 :  0.004 0.013 0.010 0.003 0.004 0.003 0.004 0.006 0.002 0.005 0.002 0.001 0.011 0.004 0.920 0.007 
  7      227    (0)    1 :  0.010 0.044 0.019 0.005 0.012 0.003 0.009 0.016 0.005 0.013 0.005 0.008 0.021 0.005 0.820 0.004 
  8      228    (0)    1 :  0.011 0.008 0.011 0.038 0.012 0.008 0.012 0.003 0.004 0.011 0.005 0.005 0.164 0.016 0.681 0.009 
  9      234    (0)    1 :  0.004 0.003 0.004 0.004 0.004 0.007 0.004 0.002 0.004 0.004 0.002 0.001 0.010 0.004 0.938 0.004 
 10      235    (0)    1 :  0.003 0.004 0.003 0.003 0.004 0.007 0.003 0.003 0.002 0.003 0.002 0.001 0.011 0.004 0.945 0.002 
 11      236    (0)    1 :  0.003 0.005 0.003 0.002 0.003 0.003 0.002 0.002 0.002 0.003 0.002 0.002 0.045 0.019 0.902 0.002 
 12      237    (0)    1 :  0.004 0.003 0.005 0.004 0.004 0.008 0.005 0.001 0.005 0.004 0.002 0.002 0.011 0.003 0.936 0.004 
 13      238    (0)    1 :  0.008 0.024 0.009 0.005 0.009 0.032 0.010 0.003 0.006 0.010 0.012 0.006 0.015 0.003 0.842 0.005 
 14      239    (0)    1 :  0.032 0.108 0.059 0.015 0.029 0.014 0.019 0.005 0.009 0.032 0.012 0.002 0.294 0.025 0.337 0.007 
 15      240    (0)    1 :  0.004 0.006 0.004 0.004 0.004 0.006 0.004 0.002 0.004 0.004 0.003 0.001 0.012 0.007 0.934 0.004 
 16      242    (0)    1 :  0.049 0.011 0.132 0.020 0.049 0.209 0.033 0.001 0.008 0.108 0.002 0.001 0.015 0.003 0.348 0.008 
 17      243    (0)    1 :  0.017 0.029 0.012 0.006 0.021 0.017 0.013 0.015 0.006 0.021 0.020 0.002 0.121 0.006 0.684 0.010 
 18      244    (0)    1 :  0.008 0.018 0.014 0.002 0.007 0.011 0.005 0.011 0.003 0.007 0.003 0.003 0.007 0.002 0.895 0.003 
 19      245    (0)    1 :  0.014 0.013 0.009 0.010 0.013 0.004 0.015 0.009 0.018 0.015 0.007 0.019 0.014 0.054 0.776 0.010 
 20      246    (0)    1 :  0.004 0.003 0.003 0.003 0.004 0.010 0.003 0.004 0.002 0.004 0.003 0.003 0.009 0.003 0.937 0.003 
 21      248    (0)    1 :  0.006 0.004 0.007 0.003 0.006 0.021 0.006 0.002 0.003 0.006 0.018 0.002 0.005 0.007 0.901 0.002 
 22      249    (0)    1 :  0.002 0.003 0.003 0.002 0.002 0.002 0.002 0.001 0.002 0.002 0.002 0.001 0.010 0.002 0.958 0.004 
 23      250    (0)    1 :  0.019 0.012 0.015 0.022 0.019 0.006 0.022 0.005 0.007 0.019 0.008 0.006 0.400 0.016 0.418 0.007 
 24      251    (0)    1 :  0.005 0.004 0.006 0.013 0.005 0.015 0.007 0.004 0.006 0.005 0.003 0.001 0.027 0.006 0.891 0.002 
 25      252    (0)    1 :  0.008 0.007 0.008 0.011 0.009 0.003 0.014 0.001 0.010 0.008 0.035 0.002 0.021 0.005 0.845 0.012 
 26      253    (0)    1 :  0.028 0.010 0.024 0.005 0.034 0.003 0.015 0.004 0.003 0.037 0.028 0.018 0.358 0.008 0.421 0.004 
 27      254    (0)    1 :  0.006 0.008 0.007 0.003 0.006 0.004 0.006 0.002 0.005 0.005 0.003 0.001 0.017 0.004 0.920 0.004 
 28      255    (0)    1 :  0.015 0.041 0.010 0.010 0.016 0.162 0.012 0.002 0.005 0.015 0.006 0.003 0.010 0.019 0.668 0.004 
 29      256    (0)    1 :  0.009 0.004 0.005 0.005 0.009 0.037 0.008 0.002 0.004 0.009 0.002 0.004 0.006 0.003 0.886 0.010 
 30      257    (0)    1 :  0.006 0.013 0.007 0.007 0.006 0.004 0.007 0.003 0.009 0.006 0.008 0.002 0.003 0.003 0.912 0.003 
 31      258    (0)    1 :  0.008 0.010 0.007 0.010 0.008 0.019 0.008 0.002 0.012 0.010 0.003 0.004 0.017 0.009 0.868 0.004 
 32      259    (0)    1 :  0.020 0.007 0.009 0.006 0.015 0.010 0.015 0.002 0.025 0.013 0.003 0.002 0.062 0.002 0.803 0.005 
 33      260    (0)    1 :  0.007 0.035 0.005 0.005 0.007 0.005 0.006 0.006 0.003 0.008 0.085 0.002 0.061 0.031 0.731 0.004 
 34      261    (0)    1 :  0.013 0.016 0.004 0.016 0.014 0.005 0.043 0.002 0.161 0.014 0.008 0.001 0.029 0.003 0.662 0.007 
 35      262    (0)    1 :  0.002 0.002 0.002 0.003 0.002 0.006 0.002 0.001 0.002 0.002 0.003 0.001 0.018 0.002 0.949 0.003 
 36      263    (0)    1 :  0.005 0.037 0.005 0.003 0.005 0.011 0.006 0.004 0.005 0.006 0.022 0.003 0.008 0.005 0.872 0.005 
 37      264    (0)    1 :  0.005 0.006 0.004 0.005 0.005 0.009 0.005 0.001 0.009 0.004 0.003 0.001 0.028 0.003 0.897 0.014 
 38      265    (0)    1 :  0.006 0.021 0.003 0.005 0.006 0.024 0.005 0.002 0.007 0.006 0.049 0.001 0.021 0.007 0.833 0.005 
 39      266    (0)    1 :  0.004 0.003 0.003 0.004 0.004 0.009 0.004 0.001 0.002 0.004 0.003 0.001 0.136 0.007 0.812 0.003 
 40      267    (0)    1 :  0.003 0.003 0.004 0.003 0.003 0.019 0.003 0.002 0.002 0.003 0.001 0.001 0.006 0.002 0.941 0.003 
 41      268    (0)    1 :  0.007 0.007 0.008 0.006 0.008 0.004 0.010 0.008 0.005 0.008 0.065 0.001 0.070 0.003 0.784 0.005 
 42      269    (0)    1 :  0.003 0.004 0.004 0.003 0.003 0.007 0.003 0.002 0.006 0.003 0.002 0.001 0.028 0.021 0.907 0.003 
 43      270    (0)    1 :  0.003 0.005 0.004 0.004 0.003 0.003 0.003 0.002 0.003 0.003 0.002 0.001 0.005 0.003 0.941 0.014 
 44      271    (0)    1 :  0.023 0.012 0.014 0.008 0.031 0.009 0.027 0.003 0.032 0.025 0.010 0.007 0.007 0.062 0.720 0.009 
 45      272    (0)    1 :  0.028 0.008 0.009 0.009 0.027 0.379 0.018 0.006 0.105 0.031 0.005 0.001 0.023 0.013 0.316 0.021 
 46      273    (0)    1 :  0.018 0.053 0.018 0.017 0.017 0.016 0.013 0.002 0.010 0.016 0.003 0.003 0.076 0.011 0.713 0.017 
 47      274    (0)    1 :  0.004 0.007 0.004 0.005 0.004 0.003 0.005 0.003 0.012 0.005 0.005 0.002 0.008 0.006 0.924 0.003 
 48      275    (2)    1 :  0.003 0.005 0.004 0.004 0.004 0.006 0.003 0.001 0.003 0.003 0.002 0.001 0.004 0.003 0.950 0.003 
 49      276    (0)    1 :  0.005 0.004 0.005 0.006 0.005 0.004 0.007 0.002 0.007 0.005 0.004 0.001 0.006 0.005 0.930 0.005 
 50      277    (0)    1 :  0.014 0.009 0.008 0.085 0.017 0.003 0.058 0.001 0.014 0.014 0.002 0.001 0.025 0.017 0.723 0.009 
 51      278    (0)    1 :  0.011 0.005 0.010 0.017 0.012 0.013 0.031 0.007 0.013 0.007 0.005 0.001 0.009 0.004 0.852 0.003 
 52      279    (0)    1 :  0.021 0.007 0.011 0.007 0.022 0.023 0.016 0.002 0.005 0.015 0.003 0.002 0.159 0.003 0.700 0.005 
 53      280    (0)    1 :  0.014 0.024 0.016 0.034 0.015 0.007 0.017 0.003 0.011 0.013 0.006 0.002 0.082 0.080 0.671 0.005 
 54      287    (0)    1 :  0.016 0.017 0.009 0.011 0.017 0.004 0.014 0.005 0.007 0.018 0.007 0.003 0.035 0.003 0.827 0.007 
 55      290    (0)    1 :  0.011 0.008 0.007 0.009 0.010 0.041 0.010 0.005 0.011 0.009 0.002 0.002 0.007 0.005 0.850 0.012 
 56      291    (0)    1 :  0.014 0.008 0.006 0.041 0.013 0.004 0.019 0.003 0.014 0.012 0.007 0.002 0.051 0.017 0.787 0.004 
 57      295    (0)    1 :  0.005 0.006 0.003 0.041 0.005 0.009 0.007 0.001 0.008 0.005 0.003 0.001 0.197 0.003 0.701 0.004 
 58      296    (0)    1 :  0.004 0.003 0.007 0.003 0.004 0.006 0.004 0.003 0.003 0.005 0.004 0.002 0.008 0.005 0.930 0.009 
 59      872    (2)    1 :  0.006 0.006 0.004 0.005 0.006 0.125 0.007 0.007 0.005 0.007 0.008 0.005 0.069 0.004 0.729 0.006 
 60      873    (4)    1 :  0.010 0.010 0.009 0.003 0.010 0.020 0.009 0.004 0.003 0.017 0.003 0.003 0.010 0.009 0.862 0.018 
 61      874    (2)    1 :  0.005 0.005 0.008 0.007 0.004 0.011 0.011 0.002 0.012 0.004 0.002 0.001 0.019 0.002 0.901 0.006 
 62      875    (0)    1 :  0.006 0.006 0.005 0.005 0.006 0.014 0.005 0.017 0.004 0.006 0.002 0.003 0.011 0.006 0.902 0.003 
 63      876    (6)    1 :  0.007 0.018 0.015 0.011 0.007 0.004 0.009 0.001 0.007 0.007 0.010 0.002 0.007 0.005 0.884 0.005 
 64      212    (0)   10 :  0.003 0.002 0.003 0.004 0.003 0.004 0.003 0.001 0.003 0.003 0.961 0.002 0.003 0.002 0.002 0.003 
 65      213    (0)   10 :  0.004 0.003 0.006 0.008 0.004 0.002 0.005 0.003 0.003 0.004 0.936 0.002 0.002 0.008 0.006 0.004 
 66      214    (0)   10 :  0.006 0.006 0.006 0.002 0.006 0.006 0.005 0.001 0.008 0.005 0.935 0.003 0.002 0.002 0.005 0.002 
 67      215    (0)   10 :  0.004 0.004 0.004 0.008 0.003 0.004 0.004 0.004 0.003 0.004 0.939 0.002 0.005 0.003 0.005 0.003 
 68      216    (0)   10 :  0.003 0.003 0.002 0.005 0.003 0.002 0.004 0.002 0.003 0.003 0.948 0.001 0.009 0.004 0.004 0.004 
 69      217    (0)   10 :  0.005 0.003 0.010 0.004 0.005 0.004 0.005 0.002 0.005 0.005 0.930 0.002 0.006 0.004 0.005 0.006 
 70      218    (0)   10 :  0.003 0.003 0.003 0.003 0.003 0.002 0.003 0.002 0.003 0.003 0.957 0.003 0.005 0.002 0.003 0.004 
 71      332    (0)   10 :  0.007 0.015 0.012 0.008 0.006 0.007 0.008 0.005 0.010 0.008 0.856 0.002 0.012 0.003 0.009 0.032 
 72      333    (0)   10 :  0.011 0.026 0.010 0.007 0.013 0.014 0.008 0.010 0.008 0.015 0.840 0.008 0.012 0.004 0.009 0.006 
 73      334    (0)   10 :  0.004 0.007 0.005 0.004 0.004 0.002 0.005 0.003 0.004 0.004 0.914 0.002 0.026 0.003 0.005 0.007 
 74      335    (0)   10 :  0.003 0.003 0.003 0.004 0.003 0.002 0.003 0.002 0.005 0.003 0.960 0.002 0.003 0.001 0.002 0.002 
 75      336    (0)   10 :  0.002 0.005 0.002 0.002 0.002 0.005 0.002 0.014 0.002 0.003 0.944 0.002 0.003 0.004 0.003 0.004 
 76      337    (0)   10 :  0.005 0.010 0.006 0.003 0.005 0.008 0.004 0.002 0.003 0.005 0.922 0.003 0.015 0.002 0.007 0.002 
 77      673    (0)   10 :  0.001 0.002 0.001 0.002 0.001 0.001 0.001 0.001 0.002 0.001 0.978 0.002 0.002 0.001 0.002 0.001 
 78      674    (0)   10 :  0.005 0.005 0.003 0.003 0.005 0.005 0.005 0.002 0.005 0.006 0.937 0.002 0.004 0.002 0.003 0.008 
 79      675    (0)   10 :  0.004 0.005 0.003 0.007 0.004 0.002 0.005 0.004 0.003 0.004 0.942 0.002 0.003 0.005 0.003 0.003 
 80      676    (0)   10 :  0.004 0.006 0.008 0.008 0.004 0.002 0.005 0.001 0.007 0.004 0.933 0.002 0.003 0.001 0.003 0.006 
 81      677    (0)   10 :  0.004 0.004 0.005 0.003 0.004 0.003 0.004 0.003 0.004 0.003 0.943 0.002 0.011 0.002 0.005 0.002 
 82      678    (0)   10 :  0.012 0.004 0.007 0.009 0.010 0.011 0.009 0.004 0.006 0.009 0.896 0.004 0.005 0.004 0.008 0.003 
 83      679    (0)   10 :  0.007 0.007 0.005 0.002 0.007 0.002 0.006 0.002 0.004 0.007 0.900 0.025 0.006 0.001 0.004 0.015 
 84      680    (0)   10 :  0.005 0.012 0.004 0.006 0.005 0.003 0.006 0.005 0.009 0.005 0.913 0.002 0.011 0.003 0.004 0.008 
 85      681    (0)   10 :  0.005 0.006 0.008 0.005 0.005 0.003 0.005 0.002 0.003 0.005 0.928 0.002 0.010 0.002 0.006 0.005 
 86      682    (0)   10 :  0.002 0.002 0.002 0.002 0.002 0.002 0.002 0.004 0.002 0.002 0.966 0.002 0.002 0.003 0.002 0.002 
 87      683    (0)   10 :  0.005 0.007 0.004 0.004 0.006 0.003 0.005 0.002 0.005 0.006 0.924 0.002 0.014 0.004 0.004 0.006 
 88      684    (0)   10 :  0.006 0.006 0.003 0.004 0.005 0.003 0.006 0.003 0.008 0.005 0.938 0.002 0.003 0.002 0.002 0.004 
 89      685    (0)   10 :  0.006 0.009 0.005 0.003 0.006 0.007 0.005 0.003 0.003 0.005 0.933 0.005 0.002 0.003 0.003 0.003 
 90      686    (0)   10 :  0.002 0.003 0.002 0.002 0.002 0.002 0.002 0.003 0.002 0.002 0.965 0.004 0.002 0.002 0.002 0.002 
 91      687    (0)   10 :  0.002 0.003 0.002 0.003 0.002 0.002 0.002 0.002 0.003 0.002 0.967 0.001 0.002 0.002 0.002 0.002 
 92      688    (0)   10 :  0.003 0.005 0.004 0.004 0.003 0.004 0.005 0.002 0.016 0.003 0.929 0.001 0.003 0.003 0.008 0.005 
 93      070    (0)   11 :  0.005 0.003 0.003 0.002 0.004 0.003 0.004 0.951 0.003 0.005 0.002 0.008 0.002 0.001 0.003 0.002 
 94      071    (0)   11 :  0.003 0.004 0.003 0.003 0.003 0.002 0.003 0.955 0.003 0.003 0.006 0.001 0.002 0.006 0.002 0.002 
 95      072    (0)   11 :  0.002 0.002 0.002 0.002 0.002 0.002 0.002 0.971 0.002 0.002 0.001 0.005 0.001 0.003 0.002 0.001 
 96      151    (0)   11 :  0.001 0.002 0.001 0.002 0.001 0.001 0.002 0.977 0.002 0.001 0.001 0.002 0.001 0.001 0.001 0.001 
 97      152    (0)   11 :  0.006 0.004 0.004 0.004 0.006 0.002 0.004 0.944 0.004 0.006 0.002 0.002 0.003 0.004 0.002 0.002 
 98      153    (2)   11 :  0.001 0.002 0.001 0.001 0.001 0.002 0.001 0.979 0.001 0.001 0.001 0.002 0.001 0.001 0.001 0.001 
 99      788    (4)   11 :  0.002 0.002 0.002 0.003 0.003 0.001 0.003 0.938 0.003 0.003 0.002 0.028 0.003 0.003 0.002 0.001 
100      789    (2)   11 :  0.002 0.002 0.002 0.002 0.002 0.002 0.002 0.970 0.002 0.002 0.003 0.002 0.002 0.002 0.002 0.001 
101      790    (0)   11 :  0.002 0.002 0.002 0.002 0.002 0.002 0.002 0.973 0.001 0.002 0.001 0.001 0.002 0.003 0.002 0.001 
102      010    (0)   12 :  0.363 0.010 0.014 0.005 0.327 0.008 0.127 0.002 0.005 0.100 0.004 0.012 0.003 0.008 0.005 0.008 
103      024    (0)   12 :  0.198 0.010 0.016 0.012 0.165 0.006 0.067 0.006 0.055 0.385 0.010 0.047 0.005 0.006 0.006 0.008 
104      051    (0)   12 :  0.179 0.290 0.024 0.007 0.174 0.007 0.095 0.013 0.005 0.129 0.008 0.049 0.005 0.004 0.005 0.006 
105      090    (0)   12 :  0.154 0.061 0.104 0.017 0.223 0.008 0.086 0.007 0.010 0.274 0.005 0.023 0.005 0.003 0.007 0.013 
106      102    (0)   12 :  0.156 0.018 0.048 0.163 0.190 0.032 0.163 0.002 0.014 0.152 0.003 0.002 0.013 0.004 0.027 0.013 
107      111    (0)   12 :  0.253 0.011 0.076 0.007 0.244 0.022 0.140 0.002 0.034 0.117 0.004 0.004 0.003 0.073 0.006 0.005 
108      113    (0)   12 :  0.246 0.085 0.054 0.023 0.184 0.037 0.165 0.006 0.056 0.109 0.005 0.005 0.006 0.003 0.005 0.009 
109      138    (0)   12 :  0.060 0.017 0.585 0.013 0.066 0.003 0.031 0.049 0.007 0.070 0.074 0.006 0.003 0.003 0.011 0.003 
110      150    (0)   12 :  0.028 0.083 0.132 0.236 0.028 0.007 0.322 0.015 0.025 0.045 0.004 0.029 0.005 0.002 0.029 0.010 
111      173    (2)   12 :  0.147 0.180 0.020 0.013 0.091 0.006 0.057 0.021 0.035 0.346 0.011 0.018 0.009 0.006 0.004 0.035 
112      174    (2)   12 :  0.278 0.015 0.207 0.003 0.161 0.028 0.140 0.022 0.015 0.079 0.003 0.027 0.004 0.004 0.009 0.005 
113      175    (0)   12 :  0.249 0.039 0.023 0.009 0.212 0.014 0.131 0.006 0.006 0.215 0.003 0.079 0.002 0.002 0.003 0.007 
114      176    (0)   12 :  0.349 0.007 0.014 0.005 0.224 0.016 0.187 0.004 0.008 0.137 0.010 0.004 0.012 0.007 0.014 0.003 
115      177    (0)   12 :  0.202 0.290 0.051 0.009 0.139 0.008 0.100 0.003 0.044 0.130 0.002 0.009 0.003 0.002 0.003 0.004 
116      180    (0)   12 :  0.165 0.136 0.127 0.005 0.158 0.109 0.089 0.004 0.006 0.146 0.007 0.002 0.014 0.005 0.023 0.005 
117      184    (0)   12 :  0.071 0.015 0.455 0.022 0.094 0.004 0.093 0.015 0.017 0.117 0.005 0.009 0.009 0.005 0.005 0.064 
118      195    (0)   12 :  0.248 0.014 0.015 0.012 0.278 0.003 0.108 0.005 0.009 0.230 0.013 0.008 0.013 0.033 0.004 0.006 
119      198    (0)   12 :  0.148 0.022 0.317 0.008 0.164 0.018 0.073 0.003 0.006 0.167 0.007 0.009 0.005 0.037 0.012 0.003 
120      203    (0)   12 :  0.248 0.010 0.011 0.008 0.369 0.009 0.100 0.009 0.012 0.183 0.005 0.002 0.009 0.003 0.006 0.013 
121      211    (0)   12 :  0.249 0.008 0.028 0.011 0.148 0.004 0.148 0.003 0.029 0.238 0.075 0.004 0.030 0.003 0.019 0.004 
122      220    (0)   12 :  0.152 0.095 0.052 0.040 0.199 0.008 0.205 0.002 0.066 0.135 0.009 0.005 0.003 0.008 0.005 0.014 
123      233    (0)   12 :  0.158 0.017 0.016 0.167 0.178 0.004 0.056 0.005 0.017 0.291 0.044 0.002 0.015 0.002 0.008 0.020 
124      331    (0)   12 :  0.224 0.038 0.020 0.006 0.328 0.006 0.098 0.007 0.011 0.202 0.005 0.027 0.006 0.009 0.005 0.009 
125      349    (0)   12 :  0.074 0.051 0.012 0.013 0.109 0.010 0.050 0.008 0.005 0.098 0.006 0.104 0.004 0.006 0.010 0.439 
126      410    (0)   12 :  0.158 0.017 0.196 0.003 0.139 0.010 0.056 0.003 0.007 0.362 0.023 0.005 0.004 0.003 0.009 0.005 
127      417    (2)   12 :  0.236 0.007 0.131 0.010 0.243 0.007 0.104 0.002 0.004 0.185 0.005 0.005 0.020 0.007 0.028 0.007 
128      421    (0)   13 :  0.008 0.004 0.008 0.846 0.011 0.003 0.008 0.002 0.013 0.007 0.005 0.001 0.008 0.058 0.009 0.008 
129      423    (0)   13 :  0.237 0.011 0.037 0.005 0.312 0.010 0.122 0.008 0.003 0.202 0.002 0.009 0.004 0.003 0.006 0.030 
130      424    (0)   13 :  0.075 0.418 0.169 0.006 0.086 0.032 0.039 0.002 0.020 0.101 0.002 0.011 0.015 0.005 0.013 0.007 
131      433    (0)   13 :  0.087 0.008 0.186 0.319 0.080 0.005 0.172 0.002 0.031 0.067 0.017 0.011 0.004 0.003 0.004 0.005 
132      462    (0)   13 :  0.182 0.103 0.074 0.138 0.155 0.009 0.110 0.002 0.018 0.143 0.022 0.005 0.003 0.007 0.009 0.019 
133      463    (0)   13 :  0.199 0.008 0.087 0.007 0.205 0.005 0.092 0.003 0.008 0.213 0.003 0.030 0.006 0.020 0.017 0.097 
134      467    (0)   13 :  0.018 0.014 0.009 0.440 0.017 0.005 0.131 0.007 0.188 0.024 0.012 0.009 0.092 0.004 0.013 0.017 
135      468    (0)   13 :  0.007 0.008 0.006 0.098 0.007 0.006 0.014 0.003 0.010 0.008 0.002 0.002 0.010 0.023 0.017 0.781 
136      469    (0)   13 :  0.098 0.007 0.090 0.267 0.136 0.009 0.105 0.002 0.054 0.118 0.002 0.002 0.010 0.033 0.063 0.004 
137      472    (0)   13 :  0.226 0.009 0.026 0.037 0.153 0.002 0.118 0.004 0.004 0.354 0.007 0.022 0.010 0.013 0.006 0.007 
138      473    (0)   13 :  0.026 0.008 0.021 0.006 0.039 0.004 0.022 0.003 0.013 0.025 0.008 0.013 0.007 0.005 0.003 0.797 
139      474    (0)   13 :  0.007 0.007 0.023 0.067 0.009 0.003 0.479 0.002 0.012 0.007 0.014 0.002 0.010 0.002 0.012 0.343 
140      475    (0)   13 :  0.122 0.011 0.032 0.462 0.134 0.006 0.086 0.003 0.025 0.065 0.003 0.018 0.003 0.003 0.004 0.026 
141      476    (2)   13 :  0.013 0.006 0.005 0.016 0.011 0.007 0.457 0.014 0.056 0.012 0.014 0.018 0.004 0.003 0.004 0.364 
142      477    (0)   13 :  0.212 0.007 0.017 0.025 0.263 0.005 0.104 0.005 0.008 0.296 0.018 0.010 0.003 0.004 0.010 0.014 
143      478    (0)   13 :  0.159 0.017 0.009 0.016 0.180 0.055 0.083 0.002 0.194 0.234 0.002 0.003 0.030 0.003 0.008 0.004 
144      479    (0)   13 :  0.011 0.011 0.426 0.243 0.010 0.004 0.227 0.003 0.004 0.014 0.003 0.001 0.010 0.012 0.014 0.005 
145      480    (0)   13 :  0.006 0.005 0.006 0.918 0.006 0.005 0.007 0.002 0.016 0.006 0.002 0.002 0.003 0.001 0.003 0.013 
146      481    (0)   13 :  0.152 0.013 0.184 0.051 0.138 0.010 0.100 0.040 0.009 0.260 0.003 0.009 0.008 0.003 0.005 0.016 
147      482    (0)   13 :  0.179 0.020 0.095 0.019 0.153 0.005 0.089 0.002 0.167 0.114 0.057 0.005 0.003 0.083 0.005 0.004 
148      489    (0)   13 :  0.252 0.008 0.054 0.038 0.234 0.006 0.107 0.004 0.018 0.195 0.015 0.033 0.003 0.006 0.005 0.023 
149      490    (0)   13 :  0.019 0.013 0.840 0.006 0.015 0.008 0.014 0.003 0.022 0.017 0.003 0.006 0.008 0.005 0.017 0.004 
150      491    (0)   13 :  0.130 0.088 0.116 0.020 0.148 0.004 0.066 0.009 0.010 0.253 0.125 0.002 0.004 0.009 0.005 0.012 
151      492    (0)   13 :  0.027 0.008 0.011 0.022 0.022 0.034 0.427 0.004 0.042 0.024 0.010 0.013 0.012 0.004 0.012 0.328 
152      493    (0)   13 :  0.070 0.020 0.009 0.296 0.086 0.004 0.357 0.009 0.006 0.069 0.006 0.018 0.022 0.005 0.008 0.013 
153      494    (0)   13 :  0.076 0.018 0.262 0.296 0.071 0.004 0.055 0.026 0.010 0.085 0.041 0.026 0.004 0.011 0.005 0.010 
154      498    (0)   13 :  0.167 0.007 0.134 0.012 0.130 0.013 0.121 0.007 0.007 0.287 0.004 0.011 0.010 0.003 0.025 0.063 
155      499    (0)   13 :  0.239 0.049 0.022 0.006 0.304 0.005 0.109 0.003 0.042 0.176 0.006 0.008 0.012 0.003 0.010 0.006 
156      709    (0)   13 :  0.152 0.011 0.174 0.006 0.155 0.009 0.073 0.074 0.022 0.260 0.010 0.015 0.007 0.018 0.008 0.006 
157      710    (4)   13 :  0.112 0.003 0.017 0.432 0.148 0.005 0.056 0.006 0.006 0.079 0.003 0.099 0.007 0.012 0.009 0.006 
158      711    (2)   13 :  0.208 0.094 0.039 0.015 0.202 0.059 0.086 0.006 0.007 0.196 0.004 0.003 0.043 0.021 0.011 0.006 
159      712    (4)   13 :  0.008 0.009 0.914 0.008 0.008 0.007 0.007 0.002 0.006 0.007 0.003 0.002 0.005 0.004 0.007 0.003 
160      713    (0)   13 :  0.241 0.008 0.011 0.003 0.357 0.005 0.092 0.004 0.007 0.198 0.008 0.028 0.003 0.021 0.004 0.012 
161      714    (2)   13 :  0.022 0.018 0.007 0.612 0.019 0.008 0.175 0.016 0.014 0.020 0.002 0.009 0.005 0.005 0.011 0.057 
162      715    (4)   13 :  0.018 0.026 0.028 0.560 0.014 0.011 0.022 0.012 0.100 0.018 0.040 0.004 0.117 0.011 0.017 0.003 
163      716    (0)   13 :  0.020 0.005 0.019 0.499 0.019 0.005 0.355 0.003 0.031 0.018 0.004 0.002 0.005 0.006 0.003 0.008 
164      717    (2)   13 :  0.095 0.013 0.014 0.026 0.146 0.099 0.068 0.003 0.424 0.058 0.011 0.006 0.010 0.009 0.007 0.010 
165      718    (4)   13 :  0.012 0.015 0.848 0.028 0.015 0.005 0.012 0.002 0.005 0.020 0.002 0.003 0.004 0.010 0.013 0.005 
166      719    (0)   13 :  0.004 0.002 0.004 0.954 0.004 0.002 0.004 0.002 0.005 0.004 0.002 0.002 0.003 0.004 0.003 0.003 
167      720    (2)   13 :  0.048 0.011 0.008 0.649 0.062 0.006 0.036 0.002 0.075 0.039 0.018 0.010 0.007 0.009 0.007 0.014 
168      721    (0)   13 :  0.113 0.024 0.032 0.078 0.112 0.005 0.328 0.031 0.035 0.094 0.007 0.007 0.004 0.016 0.005 0.109 
169      722    (4)   13 :  0.006 0.005 0.009 0.747 0.014 0.005 0.026 0.002 0.092 0.007 0.002 0.001 0.019 0.017 0.007 0.039 
170      723    (0)   13 :  0.016 0.003 0.007 0.868 0.014 0.007 0.025 0.007 0.011 0.023 0.005 0.003 0.003 0.001 0.004 0.003 
171      724    (0)   13 :  0.018 0.006 0.008 0.671 0.017 0.012 0.096 0.005 0.017 0.024 0.009 0.018 0.019 0.051 0.013 0.016 
172      725    (0)   13 :  0.269 0.013 0.020 0.023 0.197 0.009 0.137 0.004 0.017 0.249 0.010 0.020 0.004 0.010 0.005 0.014 
173      726    (0)   13 :  0.183 0.008 0.020 0.033 0.203 0.003 0.249 0.006 0.022 0.167 0.005 0.012 0.005 0.011 0.004 0.070 
174      727    (0)   13 :  0.214 0.013 0.083 0.020 0.152 0.003 0.350 0.009 0.019 0.093 0.011 0.002 0.006 0.008 0.004 0.014 
175      728    (2)   13 :  0.249 0.011 0.008 0.010 0.204 0.013 0.089 0.097 0.011 0.267 0.006 0.006 0.005 0.010 0.009 0.004 
176      729    (6)   13 :  0.170 0.016 0.052 0.019 0.177 0.005 0.082 0.005 0.051 0.398 0.004 0.004 0.003 0.004 0.006 0.003 
177      730    (2)   13 :  0.052 0.011 0.718 0.023 0.036 0.008 0.041 0.007 0.030 0.033 0.005 0.003 0.007 0.013 0.011 0.002 
178      731    (2)   13 :  0.013 0.004 0.900 0.005 0.012 0.004 0.008 0.002 0.003 0.021 0.002 0.004 0.004 0.004 0.008 0.005 
179      732    (0)   13 :  0.294 0.010 0.012 0.028 0.167 0.009 0.261 0.002 0.016 0.141 0.005 0.009 0.021 0.006 0.008 0.010 
180      733    (0)   13 :  0.186 0.017 0.102 0.059 0.183 0.011 0.093 0.005 0.034 0.213 0.003 0.019 0.005 0.047 0.018 0.004 
181      734    (2)   13 :  0.160 0.092 0.055 0.007 0.144 0.007 0.112 0.008 0.117 0.140 0.086 0.047 0.008 0.001 0.011 0.004 
182      735    (4)   13 :  0.145 0.034 0.135 0.046 0.268 0.008 0.084 0.003 0.011 0.193 0.008 0.002 0.003 0.008 0.006 0.047 
183      736    (2)   13 :  0.193 0.021 0.326 0.007 0.181 0.005 0.092 0.018 0.007 0.099 0.024 0.011 0.003 0.003 0.005 0.005 
184      737    (0)   13 :  0.042 0.017 0.744 0.003 0.028 0.030 0.029 0.012 0.005 0.043 0.003 0.003 0.006 0.004 0.012 0.018 
185      738    (2)   13 :  0.118 0.086 0.466 0.008 0.095 0.005 0.066 0.003 0.007 0.113 0.005 0.005 0.009 0.003 0.007 0.004 
186      739    (8)   13 :  0.035 0.011 0.763 0.031 0.030 0.004 0.026 0.015 0.013 0.036 0.006 0.003 0.003 0.004 0.011 0.010 
187      740    (4)   13 :  0.049 0.004 0.650 0.113 0.037 0.005 0.031 0.002 0.007 0.067 0.003 0.006 0.004 0.014 0.006 0.004 
188      741    (2)   13 :  0.106 0.011 0.180 0.024 0.093 0.083 0.060 0.002 0.099 0.151 0.028 0.012 0.046 0.027 0.051 0.027 
189      742    (4)   13 :  0.112 0.094 0.420 0.015 0.125 0.018 0.071 0.006 0.007 0.092 0.005 0.007 0.006 0.002 0.013 0.006 
190      743    (2)   13 :  0.017 0.007 0.009 0.065 0.012 0.004 0.050 0.002 0.794 0.010 0.012 0.002 0.005 0.003 0.007 0.003 
191      744    (0)   13 :  0.162 0.007 0.033 0.225 0.145 0.005 0.105 0.025 0.021 0.136 0.005 0.111 0.008 0.004 0.004 0.005 
192      745    (0)   13 :  0.083 0.008 0.026 0.453 0.114 0.020 0.042 0.015 0.034 0.100 0.005 0.003 0.036 0.015 0.037 0.008 
193      746    (2)   13 :  0.123 0.011 0.396 0.012 0.163 0.047 0.051 0.004 0.003 0.155 0.005 0.005 0.004 0.011 0.004 0.005 
194      747    (2)   13 :  0.098 0.065 0.473 0.016 0.093 0.007 0.053 0.006 0.004 0.092 0.023 0.005 0.012 0.006 0.033 0.014 
195      748    (0)   13 :  0.082 0.060 0.034 0.007 0.085 0.021 0.102 0.006 0.004 0.209 0.016 0.012 0.055 0.016 0.083 0.211 
196      749    (2)   13 :  0.138 0.138 0.021 0.010 0.134 0.012 0.051 0.010 0.033 0.183 0.021 0.164 0.017 0.049 0.015 0.003 
197      750    (4)   13 :  0.188 0.014 0.110 0.007 0.171 0.025 0.074 0.005 0.052 0.307 0.005 0.014 0.008 0.006 0.009 0.005 
198      751    (0)   13 :  0.165 0.071 0.046 0.013 0.207 0.007 0.064 0.015 0.021 0.345 0.007 0.002 0.009 0.008 0.010 0.010 
199      752    (2)   13 :  0.006 0.005 0.018 0.100 0.006 0.004 0.022 0.002 0.008 0.007 0.003 0.002 0.007 0.003 0.012 0.797 
200      753    (4)   13 :  0.172 0.035 0.013 0.041 0.296 0.006 0.104 0.011 0.010 0.149 0.030 0.004 0.038 0.013 0.017 0.061 
201      754    (2)   13 :  0.006 0.004 0.937 0.003 0.005 0.003 0.005 0.003 0.008 0.005 0.003 0.005 0.003 0.002 0.003 0.003 
202      155    (0)   14 :  0.197 0.008 0.013 0.009 0.190 0.006 0.092 0.004 0.010 0.380 0.031 0.011 0.005 0.006 0.029 0.009 
203      156    (2)   14 :  0.316 0.008 0.012 0.008 0.181 0.006 0.170 0.102 0.031 0.120 0.005 0.011 0.007 0.006 0.012 0.003 
204      157    (2)   14 :  0.020 0.008 0.787 0.008 0.018 0.005 0.018 0.002 0.032 0.022 0.010 0.040 0.005 0.004 0.004 0.016 
205      158    (0)   14 :  0.308 0.031 0.015 0.033 0.197 0.009 0.154 0.004 0.005 0.209 0.007 0.005 0.005 0.006 0.007 0.003 
206      159    (0)   14 :  0.151 0.012 0.114 0.017 0.179 0.007 0.076 0.009 0.005 0.275 0.003 0.015 0.006 0.108 0.014 0.009 
207      160    (0)   14 :  0.041 0.038 0.290 0.062 0.042 0.003 0.386 0.003 0.030 0.043 0.008 0.003 0.011 0.004 0.014 0.020 
208      161    (0)   14 :  0.052 0.010 0.418 0.032 0.053 0.003 0.056 0.003 0.021 0.071 0.008 0.244 0.004 0.009 0.007 0.009 
209      162    (0)   14 :  0.146 0.015 0.006 0.026 0.231 0.007 0.216 0.005 0.236 0.069 0.005 0.002 0.008 0.002 0.007 0.018 
210      163    (2)   14 :  0.294 0.067 0.096 0.006 0.223 0.007 0.170 0.009 0.015 0.087 0.003 0.004 0.003 0.002 0.004 0.011 
211      164    (0)   14 :  0.163 0.014 0.050 0.026 0.265 0.010 0.074 0.002 0.010 0.242 0.017 0.018 0.014 0.004 0.054 0.036 
212      165    (2)   14 :  0.410 0.003 0.017 0.005 0.228 0.005 0.206 0.004 0.005 0.073 0.004 0.019 0.007 0.004 0.005 0.005 
213      427    (0)   14 :  0.011 0.013 0.007 0.775 0.012 0.003 0.013 0.008 0.015 0.013 0.092 0.004 0.004 0.020 0.005 0.004 
214      428    (0)   14 :  0.007 0.026 0.004 0.857 0.007 0.004 0.018 0.003 0.006 0.007 0.004 0.002 0.025 0.012 0.005 0.012 
215      429    (0)   14 :  0.009 0.006 0.005 0.373 0.009 0.008 0.010 0.003 0.532 0.016 0.003 0.002 0.007 0.007 0.005 0.007 
216      430    (0)   14 :  0.151 0.071 0.032 0.018 0.181 0.045 0.164 0.002 0.028 0.196 0.004 0.006 0.014 0.005 0.019 0.065 
217      431    (0)   14 :  0.029 0.013 0.018 0.348 0.024 0.020 0.186 0.002 0.219 0.031 0.004 0.004 0.059 0.007 0.031 0.006 
218      435    (0)   14 :  0.006 0.004 0.007 0.614 0.005 0.004 0.043 0.002 0.288 0.006 0.002 0.001 0.003 0.003 0.004 0.009 
219      436    (0)   14 :  0.007 0.004 0.006 0.548 0.007 0.004 0.353 0.002 0.025 0.007 0.004 0.003 0.006 0.007 0.008 0.008 
220      437    (0)   14 :  0.021 0.005 0.011 0.482 0.033 0.005 0.260 0.002 0.010 0.028 0.004 0.003 0.058 0.023 0.039 0.016 
221      438    (0)   14 :  0.023 0.016 0.013 0.704 0.025 0.015 0.076 0.007 0.009 0.018 0.002 0.004 0.009 0.013 0.037 0.029 
222      439    (0)   14 :  0.113 0.015 0.171 0.226 0.093 0.035 0.110 0.005 0.041 0.120 0.004 0.002 0.005 0.004 0.013 0.043 
223      441    (0)   14 :  0.003 0.003 0.002 0.007 0.003 0.005 0.003 0.001 0.003 0.003 0.002 0.002 0.005 0.001 0.003 0.953 
224      442    (0)   14 :  0.014 0.013 0.004 0.587 0.014 0.003 0.015 0.006 0.085 0.020 0.200 0.002 0.011 0.002 0.010 0.013 
225      443    (4)   14 :  0.005 0.009 0.011 0.921 0.005 0.004 0.006 0.002 0.004 0.005 0.002 0.002 0.005 0.003 0.008 0.009 
226      444    (4)   14 :  0.008 0.008 0.004 0.902 0.008 0.003 0.008 0.004 0.013 0.008 0.010 0.005 0.004 0.008 0.006 0.002 
227      445    (2)   14 :  0.077 0.004 0.007 0.608 0.085 0.004 0.044 0.008 0.006 0.073 0.004 0.003 0.022 0.009 0.036 0.009 
228      446    (0)   14 :  0.004 0.005 0.004 0.007 0.004 0.003 0.005 0.003 0.946 0.004 0.004 0.002 0.003 0.002 0.003 0.002 
229      447    (0)   14 :  0.016 0.008 0.016 0.449 0.017 0.003 0.042 0.004 0.344 0.018 0.006 0.001 0.048 0.008 0.014 0.004 
230      449    (0)   14 :  0.003 0.003 0.003 0.944 0.003 0.004 0.008 0.002 0.006 0.003 0.005 0.001 0.003 0.003 0.006 0.003 
231      460    (0)   14 :  0.034 0.007 0.008 0.582 0.038 0.007 0.029 0.002 0.112 0.033 0.007 0.006 0.008 0.007 0.021 0.100 
232      461    (0)   14 :  0.071 0.053 0.165 0.250 0.070 0.014 0.165 0.002 0.025 0.118 0.008 0.005 0.013 0.007 0.027 0.008 
233      484    (0)   14 :  0.085 0.179 0.084 0.032 0.058 0.122 0.044 0.008 0.056 0.117 0.013 0.004 0.022 0.004 0.159 0.013 
234      485    (0)   14 :  0.009 0.003 0.014 0.856 0.010 0.004 0.061 0.002 0.009 0.008 0.004 0.002 0.005 0.002 0.004 0.008 
235      486    (0)   14 :  0.002 0.002 0.002 0.002 0.002 0.002 0.002 0.001 0.002 0.002 0.002 0.001 0.002 0.001 0.002 0.975 
236      487    (0)   14 :  0.082 0.014 0.025 0.370 0.095 0.008 0.183 0.003 0.112 0.060 0.010 0.002 0.008 0.005 0.006 0.015 
237      178    (0)   15 :  0.120 0.012 0.035 0.282 0.109 0.003 0.263 0.006 0.045 0.075 0.006 0.013 0.004 0.004 0.004 0.020 
238      422    (0)   15 :  0.010 0.006 0.041 0.562 0.010 0.006 0.044 0.003 0.267 0.010 0.004 0.002 0.013 0.003 0.016 0.004 
239      425    (0)   15 :  0.017 0.006 0.010 0.030 0.013 0.002 0.117 0.001 0.757 0.016 0.003 0.002 0.010 0.006 0.004 0.007 
240      426    (0)   15 :  0.096 0.256 0.042 0.014 0.082 0.005 0.088 0.112 0.107 0.131 0.022 0.028 0.006 0.003 0.003 0.004 
241      432    (0)   15 :  0.129 0.041 0.019 0.267 0.147 0.009 0.064 0.008 0.026 0.239 0.009 0.005 0.011 0.009 0.010 0.009 
242      434    (0)   15 :  0.003 0.003 0.003 0.005 0.003 0.004 0.003 0.002 0.952 0.003 0.003 0.001 0.005 0.004 0.003 0.003 
243      440    (0)   15 :  0.106 0.038 0.007 0.064 0.091 0.008 0.145 0.002 0.417 0.066 0.014 0.003 0.004 0.002 0.005 0.027 
244      448    (2)   15 :  0.006 0.010 0.010 0.837 0.008 0.021 0.007 0.002 0.021 0.008 0.015 0.002 0.005 0.030 0.012 0.006 
245      456    (0)   15 :  0.166 0.020 0.010 0.086 0.104 0.078 0.176 0.003 0.055 0.192 0.009 0.003 0.042 0.004 0.047 0.005 
246      457    (0)   15 :  0.067 0.021 0.018 0.438 0.099 0.027 0.108 0.005 0.035 0.098 0.005 0.003 0.018 0.008 0.013 0.036 
247      458    (0)   15 :  0.100 0.045 0.133 0.032 0.073 0.004 0.244 0.006 0.049 0.205 0.016 0.004 0.062 0.005 0.007 0.016 
248      459    (0)   15 :  0.010 0.012 0.013 0.886 0.009 0.004 0.010 0.003 0.009 0.011 0.005 0.004 0.008 0.002 0.007 0.006 
249      464    (0)   15 :  0.020 0.005 0.006 0.605 0.016 0.004 0.123 0.005 0.156 0.012 0.010 0.012 0.006 0.003 0.003 0.014 
250      465    (0)   15 :  0.014 0.004 0.017 0.031 0.011 0.007 0.267 0.001 0.601 0.010 0.002 0.003 0.006 0.002 0.005 0.019 
251      466    (0)   15 :  0.025 0.008 0.019 0.679 0.035 0.006 0.048 0.002 0.030 0.032 0.004 0.002 0.074 0.015 0.011 0.010 
252      470    (0)   15 :  0.007 0.011 0.009 0.691 0.007 0.006 0.154 0.002 0.014 0.007 0.005 0.003 0.003 0.003 0.004 0.076 
253      471    (0)   15 :  0.035 0.049 0.010 0.204 0.035 0.027 0.030 0.036 0.480 0.039 0.003 0.004 0.013 0.021 0.007 0.007 
254      483    (0)   15 :  0.006 0.008 0.012 0.021 0.006 0.003 0.007 0.003 0.904 0.006 0.006 0.005 0.003 0.002 0.004 0.005 
255      488    (0)   15 :  0.030 0.011 0.099 0.159 0.043 0.003 0.498 0.002 0.008 0.035 0.005 0.002 0.008 0.002 0.014 0.078 
256      495    (0)   15 :  0.010 0.006 0.015 0.024 0.007 0.013 0.054 0.001 0.832 0.007 0.002 0.003 0.005 0.002 0.015 0.003 
257      496    (0)   15 :  0.027 0.006 0.059 0.157 0.029 0.005 0.465 0.002 0.170 0.018 0.002 0.003 0.002 0.005 0.003 0.045 
258      497    (0)   15 :  0.007 0.002 0.004 0.013 0.009 0.025 0.007 0.002 0.882 0.008 0.025 0.003 0.004 0.004 0.005 0.002 
259      500    (0)   15 :  0.061 0.007 0.043 0.062 0.049 0.017 0.047 0.004 0.008 0.051 0.003 0.069 0.018 0.014 0.509 0.039 
260      879    (0)   15 :  0.004 0.008 0.005 0.022 0.004 0.002 0.006 0.002 0.921 0.004 0.007 0.003 0.003 0.001 0.003 0.005 
261      036    (0)   16 :  0.170 0.006 0.030 0.020 0.133 0.004 0.073 0.004 0.009 0.521 0.002 0.003 0.005 0.011 0.005 0.005 
262      063    (2)   16 :  0.267 0.043 0.062 0.032 0.214 0.033 0.144 0.004 0.011 0.137 0.015 0.003 0.008 0.003 0.013 0.012 
263      094    (4)   16 :  0.070 0.017 0.409 0.028 0.078 0.011 0.084 0.005 0.008 0.163 0.009 0.011 0.013 0.011 0.071 0.009 
264      103    (4)   16 :  0.409 0.003 0.017 0.005 0.229 0.021 0.207 0.002 0.006 0.066 0.004 0.010 0.006 0.004 0.004 0.007 
265      112    (0)   16 :  0.133 0.048 0.408 0.006 0.141 0.007 0.069 0.004 0.008 0.137 0.006 0.008 0.003 0.003 0.008 0.011 
266      114    (2)   16 :  0.219 0.004 0.119 0.017 0.222 0.004 0.125 0.002 0.016 0.233 0.004 0.003 0.004 0.008 0.004 0.015 
267      120    (0)   16 :  0.016 0.012 0.849 0.007 0.015 0.005 0.022 0.003 0.006 0.017 0.004 0.003 0.013 0.011 0.010 0.007 
268      127    (2)   16 :  0.150 0.079 0.049 0.005 0.147 0.005 0.107 0.003 0.007 0.309 0.006 0.006 0.010 0.005 0.007 0.106 
269      147    (0)   16 :  0.158 0.277 0.026 0.015 0.138 0.006 0.070 0.052 0.015 0.212 0.006 0.008 0.002 0.005 0.003 0.008 
270      166    (0)   16 :  0.149 0.113 0.060 0.038 0.147 0.012 0.153 0.027 0.010 0.171 0.018 0.081 0.007 0.004 0.005 0.006 
271      167    (0)   16 :  0.134 0.006 0.019 0.016 0.205 0.061 0.155 0.005 0.258 0.079 0.005 0.005 0.008 0.012 0.006 0.025 
272      168    (0)   16 :  0.204 0.004 0.016 0.012 0.339 0.004 0.096 0.003 0.009 0.265 0.004 0.014 0.004 0.016 0.004 0.004 
273      169    (2)   16 :  0.151 0.048 0.048 0.048 0.174 0.006 0.199 0.006 0.190 0.096 0.004 0.004 0.008 0.006 0.008 0.006 
274      170    (0)   16 :  0.235 0.018 0.063 0.014 0.210 0.006 0.113 0.005 0.010 0.177 0.036 0.044 0.016 0.004 0.023 0.024 
275      171    (2)   16 :  0.335 0.021 0.013 0.006 0.231 0.008 0.190 0.010 0.006 0.068 0.004 0.005 0.053 0.003 0.044 0.003 
276      172    (0)   16 :  0.015 0.014 0.832 0.006 0.014 0.010 0.018 0.013 0.012 0.017 0.004 0.004 0.016 0.011 0.011 0.002 
277      185    (0)   16 :  0.287 0.032 0.009 0.069 0.283 0.009 0.116 0.005 0.040 0.116 0.005 0.005 0.002 0.002 0.005 0.013 
278      199    (2)   16 :  0.193 0.008 0.008 0.006 0.299 0.003 0.103 0.005 0.004 0.123 0.208 0.011 0.004 0.006 0.006 0.013 
279      339    (0)   16 :  0.109 0.010 0.008 0.015 0.182 0.014 0.275 0.005 0.300 0.046 0.008 0.002 0.009 0.002 0.005 0.010 
280      355    (0)   16 :  0.238 0.009 0.006 0.004 0.348 0.006 0.104 0.013 0.003 0.147 0.077 0.034 0.003 0.002 0.003 0.004 
281      356    (0)   16 :  0.023 0.006 0.649 0.004 0.019 0.003 0.025 0.003 0.007 0.046 0.005 0.167 0.004 0.006 0.004 0.029 
282      357    (0)   16 :  0.186 0.018 0.072 0.008 0.172 0.004 0.107 0.012 0.007 0.338 0.016 0.006 0.010 0.009 0.006 0.029 
283      358    (0)   16 :  0.167 0.011 0.008 0.010 0.172 0.046 0.065 0.006 0.009 0.468 0.003 0.004 0.006 0.002 0.007 0.015 
284      359    (0)   16 :  0.193 0.021 0.284 0.005 0.172 0.022 0.084 0.002 0.018 0.173 0.009 0.005 0.003 0.002 0.004 0.004 
285      360    (0)   16 :  0.251 0.022 0.024 0.025 0.184 0.003 0.128 0.010 0.022 0.271 0.005 0.021 0.010 0.006 0.014 0.006 
286      361    (0)   16 :  0.022 0.012 0.791 0.020 0.020 0.006 0.034 0.002 0.047 0.022 0.003 0.003 0.005 0.003 0.005 0.005 
287      362    (0)   16 :  0.103 0.074 0.053 0.025 0.131 0.011 0.057 0.005 0.111 0.210 0.005 0.011 0.041 0.002 0.158 0.004 
288      363    (0)   16 :  0.087 0.480 0.028 0.015 0.093 0.009 0.056 0.013 0.009 0.131 0.045 0.008 0.004 0.005 0.007 0.011 
289      364    (0)   16 :  0.104 0.015 0.040 0.012 0.106 0.007 0.073 0.003 0.005 0.196 0.040 0.072 0.045 0.004 0.246 0.034 
290      365    (0)   16 :  0.161 0.006 0.021 0.067 0.133 0.005 0.107 0.010 0.011 0.331 0.003 0.082 0.004 0.002 0.043 0.013 
291      366    (0)   16 :  0.175 0.017 0.121 0.005 0.130 0.012 0.061 0.026 0.004 0.429 0.003 0.005 0.003 0.002 0.005 0.003 
292      367    (0)   16 :  0.252 0.005 0.014 0.007 0.361 0.016 0.106 0.009 0.004 0.169 0.003 0.002 0.010 0.005 0.010 0.025 
293      368    (0)   16 :  0.254 0.006 0.008 0.005 0.234 0.016 0.139 0.013 0.004 0.151 0.003 0.065 0.009 0.008 0.033 0.052 
294      369    (0)   16 :  0.381 0.007 0.009 0.004 0.289 0.005 0.181 0.004 0.006 0.084 0.004 0.016 0.002 0.002 0.003 0.003 
295      370    (0)   16 :  0.075 0.016 0.480 0.017 0.068 0.047 0.044 0.011 0.011 0.115 0.007 0.082 0.004 0.011 0.005 0.005 
296      371    (0)   16 :  0.264 0.004 0.009 0.011 0.299 0.009 0.104 0.003 0.009 0.247 0.006 0.002 0.004 0.006 0.020 0.003 
297      372    (0)   16 :  0.018 0.050 0.014 0.455 0.014 0.003 0.048 0.004 0.011 0.016 0.333 0.006 0.010 0.003 0.011 0.002 
298      373    (0)   16 :  0.245 0.005 0.077 0.033 0.177 0.010 0.090 0.003 0.023 0.177 0.033 0.107 0.007 0.004 0.007 0.003 
299      380    (0)   16 :  0.176 0.040 0.082 0.010 0.173 0.009 0.086 0.005 0.006 0.317 0.010 0.011 0.012 0.045 0.015 0.003 
300      388    (0)   16 :  0.072 0.027 0.473 0.008 0.056 0.011 0.032 0.008 0.006 0.200 0.021 0.047 0.024 0.005 0.008 0.004 
301      418    (0)   16 :  0.187 0.017 0.023 0.013 0.277 0.004 0.097 0.007 0.005 0.255 0.039 0.006 0.021 0.027 0.012 0.009 
302      419    (0)   16 :  0.224 0.007 0.017 0.031 0.314 0.006 0.119 0.006 0.007 0.229 0.003 0.006 0.005 0.011 0.005 0.009 
303      420    (0)   16 :  0.139 0.015 0.069 0.092 0.132 0.010 0.069 0.048 0.020 0.254 0.063 0.006 0.034 0.003 0.034 0.012 
304      409    (0)   17 :  0.313 0.011 0.035 0.021 0.223 0.005 0.173 0.002 0.006 0.071 0.004 0.005 0.012 0.106 0.007 0.007 
305      414    (0)   17 :  0.333 0.010 0.006 0.005 0.241 0.006 0.184 0.002 0.010 0.089 0.007 0.003 0.075 0.013 0.008 0.007 
306      415    (2)   17 :  0.299 0.012 0.025 0.005 0.246 0.010 0.122 0.003 0.008 0.183 0.015 0.014 0.006 0.004 0.007 0.041 
307      416    (0)   17 :  0.206 0.012 0.012 0.040 0.236 0.030 0.109 0.003 0.018 0.190 0.012 0.003 0.016 0.084 0.025 0.005 
308      571    (0)    2 :  0.008 0.034 0.006 0.024 0.007 0.040 0.009 0.004 0.013 0.008 0.003 0.002 0.487 0.004 0.322 0.030 
309      572    (0)    2 :  0.009 0.016 0.009 0.003 0.010 0.074 0.007 0.005 0.004 0.009 0.002 0.002 0.784 0.013 0.048 0.005 
310      573    (2)    2 :  0.004 0.002 0.003 0.003 0.004 0.004 0.003 0.001 0.003 0.006 0.002 0.001 0.852 0.003 0.106 0.004 
311      574    (0)    2 :  0.009 0.005 0.006 0.004 0.008 0.012 0.007 0.002 0.005 0.007 0.002 0.006 0.891 0.012 0.021 0.004 
312      575    (2)    2 :  0.005 0.015 0.004 0.004 0.005 0.004 0.004 0.006 0.003 0.005 0.004 0.003 0.929 0.004 0.005 0.003 
313      576    (0)    2 :  0.004 0.004 0.003 0.003 0.004 0.008 0.004 0.001 0.003 0.004 0.003 0.002 0.657 0.003 0.294 0.003 
314      577    (0)    2 :  0.002 0.002 0.002 0.002 0.002 0.003 0.002 0.001 0.002 0.002 0.003 0.001 0.963 0.004 0.004 0.003 
315      578    (0)    2 :  0.002 0.002 0.002 0.002 0.002 0.002 0.002 0.001 0.002 0.002 0.003 0.001 0.963 0.007 0.005 0.002 
316      579    (0)    2 :  0.002 0.002 0.002 0.003 0.002 0.002 0.003 0.001 0.003 0.002 0.002 0.001 0.966 0.003 0.005 0.002 
317      580    (0)    2 :  0.002 0.002 0.002 0.002 0.003 0.003 0.002 0.001 0.003 0.003 0.001 0.001 0.962 0.002 0.007 0.002 
318      581    (0)    2 :  0.005 0.004 0.003 0.007 0.005 0.010 0.005 0.006 0.011 0.005 0.002 0.002 0.853 0.021 0.059 0.002 
319      582    (4)    2 :  0.014 0.007 0.012 0.006 0.016 0.020 0.011 0.038 0.014 0.015 0.013 0.003 0.771 0.003 0.056 0.002 
320      583    (0)    2 :  0.017 0.011 0.019 0.007 0.016 0.004 0.011 0.008 0.010 0.025 0.010 0.002 0.843 0.003 0.005 0.010 
321      584    (0)    2 :  0.012 0.008 0.012 0.032 0.011 0.007 0.010 0.006 0.033 0.012 0.010 0.002 0.789 0.017 0.036 0.004 
322      585    (0)    2 :  0.005 0.010 0.004 0.006 0.005 0.016 0.005 0.002 0.005 0.005 0.002 0.001 0.892 0.002 0.034 0.007 
323      586    (2)    2 :  0.003 0.004 0.003 0.005 0.003 0.006 0.005 0.004 0.004 0.004 0.005 0.001 0.932 0.003 0.014 0.003 
324      587    (0)    2 :  0.004 0.004 0.006 0.002 0.003 0.008 0.003 0.002 0.003 0.004 0.002 0.002 0.915 0.019 0.021 0.002 
325      588    (0)    2 :  0.011 0.007 0.005 0.005 0.010 0.005 0.007 0.016 0.003 0.011 0.006 0.008 0.883 0.003 0.014 0.007 
326      589    (0)    2 :  0.011 0.022 0.007 0.012 0.011 0.007 0.008 0.005 0.009 0.012 0.012 0.004 0.861 0.008 0.009 0.002 
327      590    (0)    2 :  0.003 0.002 0.003 0.003 0.003 0.009 0.005 0.011 0.003 0.004 0.004 0.002 0.896 0.016 0.005 0.030 
328      001    (0)    3 :  0.003 0.002 0.003 0.002 0.003 0.003 0.003 0.003 0.002 0.004 0.001 0.958 0.004 0.003 0.003 0.002 
329      005    (0)    3 :  0.002 0.002 0.002 0.001 0.002 0.002 0.002 0.005 0.002 0.002 0.003 0.967 0.001 0.001 0.001 0.002 
330      106    (0)    3 :  0.003 0.003 0.003 0.002 0.003 0.002 0.003 0.002 0.002 0.003 0.003 0.957 0.005 0.003 0.005 0.002 
331      192    (0)    3 :  0.020 0.008 0.007 0.006 0.017 0.004 0.011 0.005 0.004 0.019 0.011 0.867 0.007 0.006 0.006 0.003 
332      229    (0)    3 :  0.005 0.007 0.005 0.004 0.005 0.007 0.005 0.041 0.007 0.005 0.004 0.890 0.004 0.003 0.003 0.004 
333      319    (0)    3 :  0.004 0.002 0.007 0.003 0.004 0.003 0.004 0.005 0.002 0.004 0.002 0.952 0.002 0.002 0.002 0.002 
334      327    (0)    3 :  0.003 0.003 0.005 0.002 0.003 0.002 0.002 0.002 0.002 0.003 0.003 0.960 0.003 0.002 0.003 0.002 
335      340    (0)    3 :  0.006 0.002 0.004 0.002 0.005 0.004 0.004 0.004 0.003 0.004 0.003 0.946 0.003 0.001 0.003 0.004 
336      345    (0)    3 :  0.005 0.005 0.011 0.003 0.006 0.004 0.006 0.010 0.002 0.005 0.003 0.929 0.003 0.001 0.005 0.003 
337      375    (0)    3 :  0.003 0.004 0.003 0.002 0.003 0.002 0.003 0.003 0.002 0.003 0.005 0.958 0.002 0.001 0.002 0.002 
338      501    (4)    3 :  0.003 0.004 0.004 0.003 0.003 0.002 0.003 0.003 0.002 0.003 0.002 0.956 0.002 0.001 0.002 0.007 
339      502    (0)    3 :  0.005 0.008 0.004 0.002 0.004 0.004 0.007 0.008 0.003 0.005 0.003 0.913 0.004 0.003 0.003 0.024 
340      503    (2)    3 :  0.002 0.002 0.002 0.001 0.002 0.003 0.002 0.002 0.002 0.003 0.002 0.962 0.002 0.002 0.005 0.006 
341      504    (0)    3 :  0.005 0.003 0.002 0.008 0.005 0.002 0.006 0.016 0.005 0.005 0.004 0.928 0.003 0.004 0.002 0.003 
342      505    (0)    3 :  0.007 0.007 0.009 0.002 0.008 0.011 0.005 0.049 0.003 0.007 0.003 0.869 0.005 0.007 0.006 0.002 
343      506    (2)    3 :  0.006 0.006 0.006 0.004 0.006 0.002 0.005 0.005 0.004 0.006 0.002 0.938 0.001 0.002 0.002 0.004 
344      507    (4)    3 :  0.003 0.005 0.004 0.002 0.003 0.003 0.003 0.004 0.002 0.004 0.002 0.956 0.002 0.002 0.002 0.004 
345      508    (0)    3 :  0.006 0.006 0.007 0.006 0.006 0.006 0.006 0.003 0.004 0.006 0.002 0.912 0.003 0.002 0.005 0.021 
346      509    (2)    3 :  0.003 0.003 0.003 0.002 0.003 0.003 0.003 0.003 0.004 0.003 0.004 0.958 0.002 0.001 0.002 0.003 
347      510    (2)    3 :  0.005 0.003 0.003 0.008 0.005 0.002 0.005 0.003 0.005 0.006 0.021 0.925 0.001 0.003 0.002 0.004 
348      511    (4)    3 :  0.003 0.002 0.002 0.003 0.003 0.002 0.003 0.002 0.003 0.003 0.002 0.959 0.004 0.003 0.002 0.005 
349      512    (4)    3 :  0.003 0.004 0.004 0.003 0.003 0.002 0.003 0.006 0.002 0.003 0.003 0.955 0.002 0.002 0.003 0.002 
350      513    (0)    3 :  0.003 0.003 0.003 0.003 0.003 0.002 0.003 0.008 0.003 0.004 0.019 0.937 0.004 0.002 0.002 0.002 
351      514    (0)    3 :  0.004 0.002 0.002 0.002 0.004 0.002 0.003 0.002 0.009 0.003 0.002 0.957 0.001 0.001 0.001 0.002 
352      515    (2)    3 :  0.002 0.002 0.002 0.002 0.002 0.003 0.002 0.004 0.003 0.003 0.003 0.963 0.002 0.001 0.002 0.003 
353      516    (2)    3 :  0.005 0.005 0.003 0.005 0.005 0.004 0.007 0.004 0.004 0.005 0.007 0.925 0.003 0.003 0.003 0.010 
354      517    (0)    3 :  0.002 0.002 0.002 0.009 0.002 0.001 0.002 0.005 0.001 0.002 0.002 0.965 0.001 0.001 0.001 0.002 
355      518    (0)    3 :  0.006 0.004 0.005 0.005 0.006 0.007 0.006 0.003 0.003 0.006 0.003 0.933 0.002 0.002 0.004 0.005 
356      519    (0)    3 :  0.003 0.002 0.003 0.003 0.003 0.003 0.003 0.002 0.002 0.003 0.004 0.957 0.002 0.003 0.003 0.004 
357      520    (2)    3 :  0.003 0.003 0.003 0.005 0.003 0.002 0.003 0.002 0.003 0.003 0.006 0.950 0.005 0.004 0.003 0.002 
358      521    (2)    3 :  0.002 0.002 0.003 0.002 0.002 0.003 0.002 0.006 0.002 0.002 0.003 0.955 0.002 0.007 0.003 0.002 
359      522    (0)    3 :  0.006 0.004 0.004 0.009 0.006 0.004 0.012 0.001 0.004 0.006 0.005 0.899 0.005 0.013 0.006 0.016 
360      523    (2)    3 :  0.007 0.005 0.007 0.005 0.006 0.009 0.005 0.004 0.005 0.007 0.002 0.921 0.007 0.004 0.004 0.004 
361      524    (0)    3 :  0.009 0.007 0.011 0.009 0.009 0.023 0.010 0.003 0.004 0.012 0.006 0.808 0.007 0.012 0.009 0.062 
362      525    (0)    3 :  0.003 0.002 0.003 0.002 0.003 0.002 0.003 0.001 0.002 0.003 0.003 0.967 0.002 0.001 0.002 0.003 
363      526    (2)    3 :  0.002 0.002 0.002 0.003 0.002 0.002 0.002 0.012 0.002 0.003 0.002 0.957 0.001 0.002 0.002 0.002 
364      527    (2)    4 :  0.014 0.009 0.005 0.009 0.013 0.028 0.015 0.016 0.011 0.014 0.012 0.013 0.545 0.002 0.271 0.024 
365      528    (4)    4 :  0.024 0.392 0.022 0.005 0.026 0.069 0.020 0.003 0.005 0.029 0.008 0.002 0.200 0.017 0.176 0.004 
366      529    (4)    4 :  0.024 0.149 0.013 0.021 0.027 0.011 0.021 0.012 0.019 0.045 0.004 0.003 0.390 0.014 0.243 0.005 
367      530    (0)    4 :  0.005 0.007 0.007 0.003 0.005 0.005 0.004 0.003 0.003 0.005 0.004 0.005 0.005 0.003 0.932 0.004 
368      531    (2)    4 :  0.008 0.037 0.011 0.006 0.008 0.013 0.006 0.006 0.004 0.010 0.006 0.005 0.019 0.012 0.844 0.004 
369      532    (4)    4 :  0.011 0.085 0.019 0.003 0.010 0.015 0.007 0.002 0.005 0.016 0.002 0.003 0.010 0.003 0.779 0.029 
370      533    (0)    4 :  0.062 0.015 0.030 0.009 0.051 0.032 0.044 0.003 0.032 0.047 0.002 0.007 0.021 0.021 0.620 0.003 
371      534    (2)    4 :  0.007 0.007 0.004 0.004 0.007 0.039 0.006 0.002 0.004 0.007 0.006 0.003 0.007 0.015 0.878 0.003 
372      535    (2)    4 :  0.017 0.044 0.015 0.010 0.018 0.016 0.015 0.004 0.006 0.020 0.003 0.003 0.432 0.005 0.382 0.009 
373      536    (2)    4 :  0.006 0.003 0.007 0.005 0.006 0.010 0.005 0.015 0.006 0.007 0.002 0.002 0.016 0.027 0.881 0.004 
374      537    (2)    4 :  0.005 0.005 0.004 0.007 0.005 0.005 0.006 0.002 0.006 0.005 0.010 0.002 0.004 0.008 0.924 0.002 
375      538    (2)    4 :  0.060 0.005 0.050 0.011 0.053 0.081 0.042 0.002 0.032 0.049 0.004 0.006 0.158 0.003 0.439 0.006 
376      539    (2)    4 :  0.004 0.005 0.003 0.003 0.004 0.068 0.005 0.002 0.002 0.004 0.002 0.001 0.006 0.003 0.884 0.004 
377      540    (2)    4 :  0.012 0.006 0.016 0.016 0.012 0.008 0.011 0.001 0.008 0.010 0.002 0.001 0.017 0.011 0.863 0.005 
378      541    (2)    4 :  0.009 0.047 0.018 0.032 0.009 0.050 0.009 0.002 0.026 0.010 0.003 0.003 0.011 0.008 0.756 0.006 
379      542    (2)    4 :  0.022 0.015 0.021 0.036 0.022 0.071 0.046 0.004 0.022 0.024 0.010 0.002 0.020 0.012 0.667 0.006 
380      543    (0)    4 :  0.044 0.009 0.016 0.030 0.045 0.023 0.024 0.002 0.014 0.097 0.012 0.003 0.008 0.018 0.651 0.004 
381      544    (2)    4 :  0.003 0.003 0.005 0.003 0.003 0.011 0.003 0.002 0.003 0.003 0.002 0.003 0.006 0.004 0.946 0.002 
382      545    (2)    4 :  0.009 0.005 0.007 0.004 0.010 0.862 0.012 0.001 0.010 0.009 0.002 0.002 0.022 0.005 0.029 0.012 
383      546    (4)    4 :  0.023 0.005 0.006 0.004 0.022 0.820 0.023 0.002 0.010 0.026 0.002 0.002 0.021 0.005 0.014 0.017 
384      547    (6)    4 :  0.048 0.010 0.029 0.009 0.054 0.011 0.025 0.017 0.025 0.065 0.031 0.004 0.101 0.010 0.524 0.036 
385      019    (0)    5 :  0.006 0.016 0.005 0.025 0.006 0.717 0.006 0.004 0.026 0.007 0.004 0.002 0.126 0.007 0.040 0.002 
386      064    (0)    5 :  0.002 0.002 0.002 0.002 0.002 0.925 0.002 0.001 0.003 0.002 0.002 0.001 0.006 0.002 0.040 0.003 
387      065    (0)    5 :  0.002 0.002 0.002 0.002 0.002 0.015 0.002 0.001 0.003 0.002 0.001 0.001 0.003 0.005 0.953 0.002 
388      066    (0)    5 :  0.010 0.004 0.010 0.014 0.011 0.540 0.009 0.002 0.017 0.011 0.003 0.003 0.023 0.006 0.328 0.010 
389      067    (0)    5 :  0.007 0.017 0.005 0.011 0.008 0.856 0.007 0.006 0.027 0.009 0.010 0.005 0.008 0.008 0.011 0.005 
390      068    (0)    5 :  0.008 0.015 0.007 0.008 0.008 0.024 0.010 0.002 0.010 0.010 0.029 0.002 0.019 0.009 0.809 0.030 
391      069    (0)    5 :  0.006 0.007 0.007 0.006 0.006 0.741 0.006 0.001 0.003 0.005 0.004 0.001 0.023 0.012 0.152 0.020 
392      107    (0)    5 :  0.004 0.005 0.003 0.008 0.005 0.560 0.005 0.001 0.004 0.005 0.002 0.001 0.025 0.003 0.365 0.005 
393      110    (0)    5 :  0.002 0.007 0.003 0.002 0.002 0.959 0.002 0.003 0.003 0.002 0.001 0.001 0.004 0.002 0.003 0.003 
394      121    (0)    5 :  0.005 0.013 0.003 0.004 0.004 0.023 0.005 0.002 0.009 0.004 0.003 0.001 0.019 0.003 0.899 0.003 
395      137    (0)    5 :  0.009 0.004 0.005 0.007 0.010 0.895 0.009 0.010 0.013 0.009 0.002 0.002 0.004 0.006 0.011 0.005 
396      146    (0)    5 :  0.011 0.006 0.066 0.005 0.011 0.480 0.008 0.003 0.008 0.012 0.003 0.004 0.017 0.023 0.341 0.002 
397      149    (0)    5 :  0.004 0.005 0.004 0.004 0.004 0.938 0.005 0.003 0.008 0.004 0.002 0.001 0.008 0.002 0.005 0.002 
398      154    (0)    5 :  0.006 0.005 0.004 0.006 0.006 0.693 0.006 0.002 0.008 0.006 0.017 0.002 0.034 0.159 0.042 0.003 
399      179    (0)    5 :  0.004 0.004 0.004 0.005 0.004 0.526 0.005 0.002 0.004 0.004 0.004 0.002 0.197 0.004 0.223 0.007 
400      181    (0)    5 :  0.003 0.003 0.003 0.003 0.004 0.766 0.003 0.002 0.002 0.004 0.002 0.001 0.139 0.004 0.059 0.002 
401      182    (0)    5 :  0.011 0.023 0.010 0.004 0.010 0.061 0.007 0.002 0.008 0.012 0.013 0.003 0.013 0.006 0.798 0.017 
402      186    (0)    5 :  0.015 0.088 0.030 0.008 0.016 0.575 0.013 0.005 0.009 0.020 0.004 0.005 0.016 0.005 0.179 0.010 
403      193    (0)    5 :  0.007 0.006 0.007 0.012 0.007 0.365 0.006 0.002 0.006 0.008 0.004 0.003 0.023 0.008 0.534 0.004 
404      320    (0)    5 :  0.006 0.008 0.013 0.005 0.006 0.854 0.006 0.003 0.009 0.006 0.012 0.001 0.010 0.010 0.049 0.003 
405      341    (0)    5 :  0.006 0.004 0.008 0.010 0.006 0.084 0.007 0.002 0.013 0.007 0.004 0.002 0.155 0.003 0.683 0.006 
406      376    (0)    5 :  0.011 0.026 0.016 0.006 0.012 0.216 0.008 0.003 0.004 0.015 0.003 0.045 0.118 0.009 0.494 0.016 
407      395    (0)    5 :  0.007 0.011 0.006 0.026 0.006 0.564 0.011 0.006 0.005 0.007 0.004 0.001 0.008 0.049 0.286 0.004 
408      396    (0)    5 :  0.003 0.002 0.003 0.002 0.003 0.019 0.003 0.003 0.002 0.003 0.002 0.002 0.003 0.003 0.943 0.005 
409      397    (0)    5 :  0.004 0.005 0.003 0.004 0.005 0.041 0.004 0.009 0.004 0.005 0.006 0.001 0.006 0.010 0.893 0.002 
410      398    (0)    5 :  0.005 0.013 0.010 0.005 0.005 0.369 0.004 0.004 0.003 0.007 0.004 0.002 0.020 0.054 0.490 0.005 
411      399    (0)    5 :  0.004 0.012 0.007 0.003 0.005 0.006 0.004 0.002 0.005 0.005 0.003 0.002 0.020 0.002 0.912 0.007 
412      400    (0)    5 :  0.007 0.012 0.015 0.003 0.007 0.870 0.005 0.002 0.004 0.008 0.002 0.001 0.004 0.007 0.043 0.010 
413      401    (0)    5 :  0.013 0.004 0.009 0.005 0.013 0.786 0.009 0.003 0.008 0.013 0.002 0.003 0.010 0.006 0.109 0.008 
414      402    (0)    5 :  0.003 0.007 0.003 0.002 0.003 0.952 0.003 0.002 0.002 0.003 0.003 0.003 0.003 0.002 0.003 0.004 
415      403    (0)    5 :  0.009 0.016 0.026 0.009 0.008 0.326 0.008 0.009 0.019 0.010 0.004 0.003 0.008 0.004 0.533 0.010 
416      073    (0)    6 :  0.004 0.005 0.003 0.005 0.004 0.005 0.004 0.002 0.005 0.004 0.002 0.002 0.005 0.001 0.948 0.003 
417      074    (0)    6 :  0.007 0.002 0.004 0.007 0.007 0.004 0.005 0.002 0.004 0.007 0.004 0.006 0.017 0.038 0.883 0.002 
418      075    (0)    6 :  0.005 0.005 0.009 0.005 0.006 0.009 0.007 0.003 0.009 0.005 0.004 0.002 0.021 0.007 0.900 0.003 
419      076    (0)    6 :  0.005 0.009 0.004 0.004 0.005 0.006 0.007 0.004 0.009 0.006 0.005 0.003 0.010 0.004 0.913 0.004 
420      077    (0)    6 :  0.007 0.005 0.005 0.011 0.007 0.010 0.008 0.003 0.007 0.007 0.008 0.001 0.007 0.003 0.905 0.006 
421      078    (0)    6 :  0.032 0.006 0.017 0.007 0.028 0.009 0.024 0.005 0.010 0.022 0.005 0.002 0.030 0.005 0.795 0.004 
422      079    (0)    6 :  0.011 0.007 0.006 0.006 0.011 0.012 0.009 0.001 0.011 0.016 0.002 0.002 0.011 0.003 0.885 0.007 
423      080    (0)    6 :  0.005 0.011 0.003 0.003 0.005 0.005 0.004 0.002 0.007 0.005 0.015 0.002 0.011 0.003 0.914 0.005 
424      081    (0)    6 :  0.013 0.010 0.006 0.069 0.013 0.071 0.011 0.016 0.009 0.016 0.004 0.004 0.079 0.015 0.660 0.005 
425      082    (0)    6 :  0.003 0.006 0.004 0.003 0.003 0.016 0.003 0.002 0.002 0.003 0.003 0.002 0.008 0.003 0.936 0.005 
426      083    (0)    6 :  0.010 0.006 0.006 0.004 0.011 0.040 0.009 0.003 0.006 0.012 0.002 0.002 0.106 0.014 0.760 0.009 
427      084    (0)    6 :  0.006 0.003 0.005 0.010 0.006 0.018 0.007 0.006 0.015 0.006 0.002 0.004 0.108 0.127 0.675 0.002 
428      085    (0)    6 :  0.019 0.009 0.016 0.058 0.018 0.053 0.130 0.016 0.011 0.021 0.003 0.002 0.055 0.010 0.552 0.027 
429      404    (0)    6 :  0.005 0.006 0.005 0.007 0.005 0.012 0.005 0.003 0.009 0.005 0.003 0.001 0.031 0.029 0.869 0.004 
430      405    (0)    6 :  0.006 0.004 0.005 0.014 0.006 0.006 0.005 0.012 0.005 0.006 0.002 0.002 0.021 0.006 0.900 0.002 
431      406    (0)    6 :  0.010 0.006 0.006 0.004 0.009 0.004 0.008 0.009 0.003 0.009 0.004 0.004 0.012 0.009 0.895 0.006 
432      407    (0)    6 :  0.005 0.003 0.004 0.007 0.006 0.096 0.007 0.003 0.007 0.006 0.003 0.001 0.016 0.006 0.827 0.002 
433      408    (0)    6 :  0.005 0.004 0.004 0.006 0.005 0.005 0.005 0.002 0.003 0.005 0.005 0.001 0.022 0.006 0.920 0.003 
434      411    (2)    6 :  0.003 0.002 0.002 0.005 0.003 0.005 0.003 0.002 0.003 0.003 0.003 0.001 0.026 0.005 0.929 0.003 
435      412    (0)    6 :  0.009 0.012 0.006 0.019 0.009 0.010 0.011 0.005 0.006 0.011 0.006 0.027 0.100 0.004 0.754 0.008 
436      413    (0)    6 :  0.007 0.002 0.005 0.004 0.006 0.017 0.006 0.002 0.006 0.005 0.002 0.001 0.027 0.003 0.904 0.002 
437      591    (0)    7 :  0.006 0.908 0.006 0.008 0.005 0.002 0.005 0.006 0.008 0.006 0.004 0.015 0.002 0.008 0.005 0.005 
438      592    (0)    7 :  0.007 0.773 0.014 0.120 0.008 0.004 0.011 0.003 0.012 0.009 0.006 0.003 0.011 0.005 0.009 0.005 
439      593    (0)    7 :  0.007 0.909 0.006 0.006 0.008 0.005 0.006 0.005 0.006 0.007 0.002 0.002 0.015 0.004 0.008 0.005 
440      594    (0)    7 :  0.018 0.757 0.026 0.041 0.020 0.009 0.013 0.005 0.011 0.021 0.010 0.003 0.011 0.007 0.045 0.004 
441      595    (0)    7 :  0.018 0.851 0.006 0.004 0.022 0.014 0.015 0.004 0.008 0.018 0.011 0.005 0.006 0.003 0.010 0.005 
442      596    (0)    7 :  0.006 0.909 0.007 0.005 0.006 0.005 0.006 0.006 0.003 0.006 0.019 0.002 0.005 0.002 0.006 0.006 
443      597    (0)    7 :  0.011 0.818 0.009 0.009 0.012 0.025 0.023 0.002 0.008 0.016 0.006 0.001 0.029 0.003 0.025 0.003 
444      598    (0)    7 :  0.040 0.571 0.096 0.012 0.041 0.033 0.067 0.002 0.007 0.065 0.028 0.002 0.010 0.003 0.005 0.017 
445      599    (0)    7 :  0.008 0.731 0.003 0.061 0.007 0.003 0.012 0.006 0.109 0.008 0.003 0.003 0.034 0.003 0.004 0.005 
446      600    (0)    7 :  0.006 0.926 0.006 0.003 0.006 0.008 0.006 0.004 0.006 0.006 0.011 0.003 0.002 0.001 0.004 0.004 
447      601    (0)    7 :  0.015 0.801 0.010 0.021 0.018 0.024 0.024 0.002 0.020 0.018 0.002 0.002 0.008 0.002 0.026 0.006 
448      602    (0)    7 :  0.012 0.876 0.005 0.008 0.012 0.013 0.014 0.004 0.008 0.016 0.005 0.004 0.004 0.005 0.007 0.007 
449      603    (0)    7 :  0.037 0.128 0.007 0.395 0.036 0.005 0.252 0.008 0.026 0.059 0.010 0.003 0.008 0.010 0.007 0.012 
450      604    (0)    7 :  0.014 0.881 0.013 0.004 0.013 0.007 0.009 0.002 0.003 0.014 0.008 0.003 0.008 0.003 0.009 0.010 
451      605    (0)    7 :  0.021 0.744 0.079 0.008 0.022 0.006 0.015 0.004 0.010 0.024 0.023 0.021 0.003 0.003 0.014 0.004 
452      606    (0)    7 :  0.009 0.878 0.011 0.010 0.008 0.004 0.007 0.021 0.010 0.010 0.008 0.004 0.010 0.004 0.003 0.003 
453      607    (0)    7 :  0.005 0.790 0.009 0.003 0.005 0.013 0.005 0.003 0.003 0.006 0.009 0.003 0.003 0.002 0.012 0.132 
454      608    (0)    7 :  0.005 0.896 0.007 0.005 0.006 0.004 0.007 0.003 0.021 0.005 0.003 0.001 0.005 0.006 0.005 0.020 
455      609    (0)    7 :  0.009 0.915 0.009 0.004 0.009 0.004 0.008 0.004 0.005 0.008 0.003 0.002 0.005 0.003 0.004 0.008 
456      610    (0)    7 :  0.090 0.463 0.018 0.011 0.101 0.006 0.076 0.003 0.025 0.127 0.010 0.004 0.006 0.010 0.023 0.027 
457      611    (2)    7 :  0.010 0.878 0.007 0.004 0.009 0.008 0.008 0.003 0.003 0.008 0.007 0.002 0.010 0.012 0.011 0.022 
458      612    (0)    7 :  0.022 0.668 0.008 0.006 0.018 0.053 0.018 0.002 0.010 0.020 0.042 0.004 0.004 0.003 0.012 0.110 
459      755    (0)    7 :  0.030 0.446 0.017 0.017 0.028 0.008 0.023 0.002 0.004 0.042 0.041 0.028 0.019 0.024 0.015 0.255 
460      756    (0)    7 :  0.005 0.885 0.007 0.010 0.006 0.003 0.007 0.003 0.005 0.006 0.003 0.002 0.026 0.008 0.009 0.012 
461      757    (0)    7 :  0.010 0.883 0.016 0.011 0.011 0.006 0.008 0.002 0.005 0.011 0.005 0.003 0.006 0.004 0.009 0.009 
462      002    (0)    8 :  0.006 0.006 0.010 0.005 0.007 0.315 0.010 0.003 0.003 0.009 0.002 0.004 0.013 0.019 0.582 0.008 
463      099    (2)    8 :  0.029 0.008 0.013 0.028 0.033 0.005 0.016 0.004 0.052 0.027 0.043 0.711 0.005 0.008 0.004 0.014 
464      641    (2)    8 :  0.140 0.052 0.046 0.008 0.090 0.181 0.094 0.015 0.010 0.080 0.004 0.016 0.074 0.012 0.149 0.029 
465      642    (0)    8 :  0.008 0.019 0.014 0.015 0.008 0.004 0.010 0.003 0.014 0.009 0.003 0.003 0.014 0.008 0.862 0.005 
466      643    (2)    8 :  0.012 0.020 0.044 0.016 0.011 0.006 0.016 0.002 0.010 0.011 0.003 0.003 0.010 0.013 0.818 0.004 
467      644    (0)    8 :  0.008 0.006 0.015 0.013 0.008 0.014 0.010 0.004 0.018 0.008 0.008 0.003 0.007 0.005 0.865 0.008 
468      645    (0)    8 :  0.027 0.037 0.188 0.027 0.028 0.011 0.027 0.039 0.007 0.034 0.003 0.002 0.023 0.018 0.411 0.118 
469      646    (0)    8 :  0.064 0.012 0.059 0.006 0.054 0.328 0.067 0.010 0.009 0.085 0.009 0.005 0.015 0.012 0.076 0.189 
470      006    (0)    9 :  0.016 0.006 0.007 0.007 0.018 0.006 0.013 0.003 0.004 0.020 0.003 0.005 0.005 0.627 0.254 0.007 
471      011    (0)    9 :  0.003 0.003 0.003 0.004 0.003 0.003 0.003 0.002 0.003 0.003 0.003 0.001 0.016 0.011 0.937 0.002 
472      033    (2)    9 :  0.006 0.023 0.005 0.008 0.006 0.018 0.010 0.003 0.003 0.007 0.002 0.001 0.112 0.649 0.142 0.005 
473      048    (0)    9 :  0.017 0.015 0.007 0.236 0.021 0.010 0.016 0.008 0.063 0.019 0.005 0.002 0.020 0.050 0.504 0.006 
474      061    (0)    9 :  0.002 0.002 0.002 0.002 0.002 0.002 0.002 0.004 0.001 0.002 0.001 0.001 0.002 0.972 0.002 0.003 
475      088    (0)    9 :  0.010 0.011 0.010 0.015 0.010 0.010 0.010 0.005 0.014 0.012 0.007 0.003 0.008 0.025 0.847 0.003 
476      091    (0)    9 :  0.004 0.004 0.002 0.002 0.004 0.003 0.003 0.002 0.003 0.003 0.004 0.001 0.023 0.928 0.007 0.005 
477      098    (0)    9 :  0.005 0.013 0.003 0.016 0.005 0.009 0.005 0.012 0.009 0.005 0.003 0.001 0.004 0.008 0.895 0.006 
478      104    (0)    9 :  0.003 0.002 0.002 0.005 0.003 0.022 0.003 0.002 0.003 0.003 0.002 0.001 0.006 0.003 0.939 0.002 
479      196    (0)    9 :  0.005 0.008 0.005 0.009 0.005 0.013 0.005 0.005 0.007 0.006 0.005 0.001 0.020 0.580 0.322 0.003 
480      197    (0)    9 :  0.031 0.014 0.008 0.009 0.034 0.019 0.028 0.008 0.011 0.036 0.018 0.003 0.057 0.285 0.435 0.004 
481      201    (0)    9 :  0.006 0.006 0.013 0.006 0.006 0.012 0.005 0.001 0.003 0.005 0.001 0.001 0.149 0.611 0.173 0.002 
482      202    (0)    9 :  0.014 0.005 0.009 0.021 0.012 0.013 0.013 0.020 0.016 0.014 0.012 0.008 0.018 0.027 0.796 0.002 
483      204    (0)    9 :  0.004 0.003 0.005 0.011 0.004 0.030 0.007 0.002 0.004 0.004 0.002 0.001 0.081 0.401 0.431 0.010 
484      231    (0)    9 :  0.006 0.012 0.006 0.018 0.006 0.084 0.013 0.001 0.009 0.006 0.005 0.001 0.156 0.010 0.654 0.012 
485      328    (0)    9 :  0.004 0.006 0.005 0.005 0.004 0.003 0.005 0.004 0.004 0.004 0.002 0.001 0.022 0.229 0.700 0.002 
486      346    (0)    9 :  0.004 0.007 0.004 0.004 0.004 0.006 0.003 0.003 0.003 0.004 0.006 0.002 0.008 0.306 0.633 0.003 


Estimated Allele Frequencies in each cluster
First column gives estimated ancestral frequencies


Locus 1 : 1 
4 alleles
0.0% missing data
  89   (0.537) 0.554 0.555 0.502 0.585 0.548 0.282 0.512 0.066 0.517 0.543 0.643 0.294 0.637 0.701 0.618 0.743 
  91   (0.379) 0.379 0.428 0.441 0.365 0.371 0.588 0.444 0.708 0.368 0.376 0.312 0.669 0.205 0.289 0.347 0.239 
  93   (0.068) 0.055 0.014 0.052 0.019 0.066 0.129 0.036 0.097 0.110 0.066 0.044 0.036 0.157 0.008 0.035 0.015 
  99   (0.016) 0.012 0.003 0.004 0.031 0.014 0.001 0.009 0.129 0.005 0.015 0.001 0.001 0.001 0.002 0.000 0.003 

Locus 2 : 2 
6 alleles
1.0% missing data
 136   (0.351) 0.370 0.417 0.548 0.066 0.355 0.727 0.281 0.188 0.079 0.354 0.457 0.451 0.443 0.114 0.575 0.145 
 134   (0.234) 0.199 0.402 0.208 0.274 0.209 0.166 0.207 0.027 0.223 0.228 0.383 0.197 0.111 0.201 0.152 0.635 
 138   (0.296) 0.310 0.149 0.178 0.500 0.319 0.093 0.384 0.772 0.581 0.298 0.152 0.220 0.366 0.246 0.229 0.163 
 140   (0.070) 0.071 0.016 0.036 0.033 0.066 0.009 0.065 0.008 0.043 0.070 0.004 0.122 0.077 0.434 0.043 0.019 
 132   (0.021) 0.031 0.004 0.006 0.003 0.033 0.002 0.019 0.002 0.006 0.024 0.001 0.001 0.002 0.002 0.001 0.004 
 142   (0.028) 0.019 0.013 0.023 0.124 0.018 0.002 0.044 0.003 0.067 0.026 0.002 0.009 0.002 0.003 0.001 0.034 

Locus 3 : 3 
6 alleles
0.0% missing data
 181   (0.256) 0.248 0.401 0.185 0.403 0.253 0.087 0.198 0.182 0.335 0.254 0.066 0.073 0.166 0.067 0.248 0.295 
 187   (0.347) 0.373 0.165 0.341 0.167 0.361 0.545 0.358 0.773 0.174 0.349 0.257 0.345 0.661 0.671 0.482 0.195 
 179   (0.248) 0.247 0.402 0.300 0.200 0.251 0.353 0.285 0.029 0.267 0.250 0.015 0.051 0.162 0.247 0.240 0.341 
 191   (0.032) 0.028 0.006 0.010 0.008 0.032 0.003 0.018 0.003 0.007 0.031 0.200 0.009 0.003 0.004 0.027 0.008 
 185   (0.073) 0.071 0.018 0.055 0.034 0.070 0.007 0.074 0.008 0.202 0.073 0.459 0.285 0.006 0.007 0.002 0.126 
 175   (0.045) 0.033 0.008 0.108 0.188 0.034 0.004 0.068 0.005 0.016 0.043 0.003 0.237 0.003 0.004 0.001 0.035 

Locus 4 : 4 
12 alleles
0.2% missing data
 253   (0.492) 0.527 0.611 0.510 0.674 0.517 0.435 0.503 0.597 0.286 0.499 0.465 0.169 0.535 0.621 0.802 0.571 
 249   (0.028) 0.024 0.005 0.009 0.004 0.022 0.020 0.015 0.004 0.005 0.027 0.002 0.066 0.003 0.318 0.069 0.005 
 271   (0.042) 0.039 0.010 0.031 0.007 0.040 0.051 0.037 0.005 0.009 0.042 0.003 0.110 0.003 0.005 0.035 0.013 
 241   (0.153) 0.134 0.147 0.189 0.094 0.143 0.383 0.157 0.182 0.209 0.149 0.149 0.529 0.057 0.022 0.015 0.141 
 257   (0.006) 0.004 0.001 0.005 0.001 0.004 0.003 0.002 0.001 0.001 0.005 0.000 0.000 0.000 0.000 0.000 0.001 
 269   (0.174) 0.168 0.181 0.157 0.152 0.171 0.084 0.201 0.201 0.461 0.172 0.097 0.030 0.394 0.022 0.076 0.242 
 247   (0.064) 0.081 0.035 0.054 0.060 0.080 0.007 0.067 0.007 0.021 0.068 0.281 0.027 0.005 0.009 0.002 0.017 
 245   (0.008) 0.005 0.001 0.002 0.001 0.005 0.001 0.003 0.001 0.001 0.008 0.000 0.066 0.001 0.001 0.000 0.001 
 239   (0.011) 0.008 0.003 0.019 0.001 0.007 0.001 0.004 0.001 0.002 0.011 0.001 0.001 0.001 0.001 0.000 0.002 
 273   (0.008) 0.004 0.001 0.021 0.001 0.004 0.001 0.003 0.001 0.001 0.007 0.000 0.001 0.001 0.001 0.000 0.002 
 267   (0.006) 0.004 0.001 0.002 0.001 0.003 0.014 0.002 0.001 0.001 0.006 0.000 0.000 0.001 0.001 0.000 0.002 
 255   (0.006) 0.003 0.003 0.002 0.004 0.003 0.001 0.006 0.001 0.001 0.005 0.000 0.000 0.000 0.001 0.000 0.001 

Locus 5 : 5 
6 alleles
0.6% missing data
 103   (0.850) 0.810 0.925 0.858 0.960 0.833 0.964 0.861 0.982 0.935 0.843 0.979 0.733 0.988 0.984 0.990 0.952 
 104   (0.065) 0.096 0.027 0.052 0.019 0.081 0.028 0.070 0.008 0.049 0.070 0.004 0.075 0.006 0.007 0.007 0.028 
 101   (0.009) 0.006 0.002 0.003 0.001 0.006 0.001 0.004 0.001 0.002 0.009 0.013 0.001 0.001 0.001 0.000 0.005 
 105   (0.046) 0.057 0.038 0.070 0.017 0.054 0.004 0.043 0.005 0.009 0.047 0.003 0.166 0.003 0.005 0.001 0.011 
 102   (0.015) 0.020 0.005 0.007 0.002 0.016 0.001 0.016 0.002 0.003 0.016 0.001 0.001 0.001 0.001 0.000 0.003 
 107   (0.015) 0.011 0.003 0.010 0.002 0.011 0.001 0.007 0.001 0.002 0.015 0.001 0.025 0.001 0.001 0.000 0.002 

Locus 6 : 6 
5 alleles
0.2% missing data
 141   (0.272) 0.246 0.308 0.209 0.299 0.260 0.299 0.281 0.031 0.071 0.270 0.130 0.110 0.503 0.832 0.601 0.746 
 145   (0.401) 0.460 0.448 0.524 0.573 0.447 0.121 0.466 0.409 0.597 0.409 0.262 0.023 0.202 0.074 0.178 0.132 
 135   (0.236) 0.217 0.139 0.200 0.114 0.219 0.362 0.198 0.549 0.309 0.233 0.288 0.639 0.150 0.075 0.205 0.089 
 147   (0.080) 0.071 0.104 0.056 0.012 0.068 0.217 0.051 0.010 0.019 0.078 0.319 0.126 0.145 0.018 0.015 0.030 
 137   (0.011) 0.007 0.002 0.011 0.001 0.007 0.002 0.004 0.001 0.003 0.010 0.001 0.103 0.001 0.001 0.000 0.002 

Locus 7 : 7 
10 alleles
1.2% missing data
  93   (0.224) 0.182 0.213 0.277 0.363 0.189 0.410 0.240 0.795 0.119 0.217 0.065 0.113 0.309 0.619 0.334 0.301 
 103   (0.302) 0.344 0.522 0.293 0.349 0.330 0.267 0.377 0.040 0.353 0.308 0.513 0.017 0.550 0.083 0.370 0.144 
  91   (0.070) 0.068 0.048 0.055 0.053 0.066 0.007 0.044 0.010 0.016 0.069 0.156 0.061 0.050 0.007 0.029 0.049 
  97   (0.200) 0.203 0.159 0.120 0.088 0.216 0.171 0.127 0.130 0.334 0.201 0.253 0.262 0.073 0.029 0.183 0.214 
  85   (0.044) 0.046 0.015 0.045 0.010 0.044 0.008 0.029 0.006 0.113 0.045 0.003 0.003 0.004 0.005 0.055 0.010 
  89   (0.080) 0.063 0.029 0.069 0.091 0.063 0.130 0.116 0.011 0.044 0.077 0.005 0.299 0.008 0.248 0.027 0.266 
  83   (0.049) 0.069 0.009 0.132 0.041 0.064 0.005 0.052 0.006 0.015 0.054 0.003 0.003 0.003 0.005 0.001 0.010 
 105   (0.013) 0.012 0.002 0.004 0.003 0.013 0.001 0.007 0.002 0.002 0.012 0.001 0.093 0.001 0.001 0.000 0.002 
 101   (0.009) 0.009 0.001 0.002 0.001 0.007 0.001 0.005 0.001 0.001 0.009 0.000 0.125 0.001 0.001 0.000 0.001 
  99   (0.009) 0.006 0.001 0.002 0.001 0.008 0.001 0.004 0.001 0.002 0.009 0.001 0.025 0.001 0.001 0.000 0.001 

Locus 8 : 8 
8 alleles
0.0% missing data
 129   (0.554) 0.594 0.402 0.628 0.685 0.580 0.465 0.663 0.199 0.717 0.558 0.638 0.300 0.703 0.659 0.704 0.512 
 141   (0.056) 0.047 0.096 0.023 0.015 0.047 0.153 0.034 0.006 0.023 0.055 0.216 0.003 0.045 0.011 0.107 0.012 
 149   (0.082) 0.069 0.019 0.057 0.074 0.074 0.026 0.073 0.009 0.036 0.081 0.012 0.303 0.158 0.012 0.139 0.250 
 143   (0.256) 0.245 0.474 0.256 0.211 0.256 0.351 0.201 0.701 0.212 0.256 0.129 0.298 0.090 0.314 0.049 0.190 
 127   (0.017) 0.018 0.003 0.005 0.002 0.015 0.002 0.010 0.045 0.003 0.017 0.001 0.094 0.001 0.001 0.000 0.003 
 131   (0.011) 0.008 0.002 0.003 0.009 0.007 0.001 0.005 0.038 0.004 0.011 0.002 0.001 0.001 0.001 0.000 0.002 
 133   (0.016) 0.015 0.003 0.025 0.003 0.017 0.002 0.011 0.002 0.005 0.017 0.001 0.001 0.001 0.001 0.000 0.029 
 145   (0.006) 0.004 0.001 0.004 0.001 0.004 0.001 0.002 0.001 0.001 0.006 0.000 0.000 0.000 0.000 0.000 0.001 

Locus 9 : 9 
5 alleles
0.0% missing data
 191   (0.393) 0.394 0.475 0.344 0.327 0.393 0.587 0.283 0.338 0.315 0.392 0.546 0.341 0.596 0.838 0.555 0.487 
 195   (0.148) 0.121 0.241 0.130 0.301 0.126 0.036 0.112 0.355 0.317 0.144 0.050 0.328 0.232 0.035 0.176 0.035 
 189   (0.448) 0.478 0.281 0.513 0.370 0.474 0.376 0.600 0.306 0.366 0.454 0.403 0.330 0.171 0.126 0.266 0.475 
 197   (0.006) 0.003 0.001 0.011 0.002 0.003 0.001 0.002 0.001 0.001 0.006 0.000 0.000 0.000 0.001 0.000 0.001 
 193   (0.006) 0.003 0.001 0.002 0.001 0.003 0.001 0.002 0.001 0.002 0.006 0.000 0.000 0.001 0.001 0.003 0.002 

Locus 10 : 10 
7 alleles
0.4% missing data
 232   (0.246) 0.281 0.151 0.282 0.203 0.268 0.371 0.180 0.219 0.156 0.250 0.278 0.126 0.137 0.581 0.327 0.065 
 238   (0.561) 0.558 0.671 0.507 0.729 0.560 0.452 0.709 0.368 0.717 0.562 0.341 0.748 0.744 0.134 0.550 0.848 
 252   (0.109) 0.086 0.125 0.160 0.058 0.092 0.168 0.068 0.016 0.112 0.106 0.032 0.014 0.091 0.267 0.113 0.072 
 254   (0.047) 0.038 0.047 0.036 0.006 0.042 0.005 0.023 0.393 0.008 0.045 0.265 0.081 0.025 0.014 0.009 0.009 
 248   (0.018) 0.017 0.003 0.008 0.002 0.019 0.002 0.009 0.002 0.003 0.018 0.083 0.001 0.001 0.002 0.000 0.003 
 250   (0.013) 0.016 0.002 0.004 0.002 0.014 0.001 0.008 0.002 0.002 0.013 0.001 0.029 0.001 0.001 0.000 0.002 
 236   (0.006) 0.004 0.002 0.003 0.001 0.004 0.001 0.003 0.001 0.001 0.006 0.001 0.000 0.000 0.001 0.000 0.001 

Locus 11 : 11 
4 alleles
0.0% missing data
  87   (0.690) 0.698 0.640 0.684 0.850 0.704 0.564 0.744 0.964 0.867 0.692 0.534 0.496 0.582 0.354 0.656 0.878 
  89   (0.242) 0.251 0.347 0.223 0.124 0.243 0.362 0.221 0.029 0.100 0.243 0.384 0.152 0.412 0.623 0.277 0.078 
  91   (0.052) 0.041 0.010 0.078 0.023 0.040 0.073 0.028 0.006 0.030 0.050 0.081 0.183 0.005 0.021 0.067 0.013 
  85   (0.016) 0.011 0.003 0.015 0.002 0.012 0.001 0.007 0.002 0.003 0.015 0.001 0.169 0.001 0.002 0.000 0.030 

Locus 12 : 12 
13 alleles
0.4% missing data
 160   (0.210) 0.227 0.059 0.206 0.304 0.210 0.189 0.244 0.598 0.150 0.210 0.721 0.421 0.227 0.034 0.091 0.236 
 162   (0.247) 0.241 0.483 0.255 0.309 0.252 0.090 0.289 0.065 0.148 0.249 0.230 0.014 0.244 0.744 0.202 0.372 
 147   (0.054) 0.043 0.089 0.020 0.025 0.046 0.368 0.054 0.006 0.041 0.051 0.003 0.003 0.104 0.114 0.116 0.013 
 158   (0.234) 0.251 0.186 0.272 0.183 0.237 0.316 0.184 0.028 0.291 0.236 0.022 0.095 0.400 0.077 0.553 0.109 
 161   (0.105) 0.093 0.151 0.120 0.065 0.091 0.023 0.106 0.115 0.216 0.103 0.016 0.271 0.009 0.015 0.029 0.031 
 170   (0.051) 0.059 0.010 0.060 0.034 0.065 0.006 0.054 0.006 0.026 0.053 0.003 0.028 0.010 0.007 0.007 0.015 
 143   (0.030) 0.027 0.005 0.038 0.007 0.033 0.003 0.017 0.176 0.005 0.030 0.002 0.164 0.002 0.003 0.001 0.008 
 154   (0.016) 0.022 0.006 0.005 0.002 0.024 0.001 0.013 0.002 0.003 0.017 0.001 0.001 0.001 0.002 0.000 0.005 
 149   (0.022) 0.015 0.004 0.006 0.062 0.017 0.002 0.010 0.002 0.069 0.021 0.001 0.001 0.001 0.002 0.001 0.204 
 153   (0.011) 0.010 0.003 0.010 0.001 0.012 0.001 0.006 0.001 0.002 0.011 0.001 0.001 0.001 0.001 0.000 0.002 
 150   (0.006) 0.003 0.001 0.002 0.005 0.003 0.001 0.002 0.001 0.014 0.006 0.000 0.000 0.000 0.001 0.000 0.001 
 159   (0.008) 0.005 0.001 0.004 0.002 0.005 0.001 0.018 0.001 0.033 0.008 0.000 0.000 0.001 0.001 0.000 0.002 
 164   (0.006) 0.004 0.001 0.002 0.001 0.004 0.001 0.002 0.001 0.001 0.006 0.000 0.000 0.000 0.000 0.000 0.001 

Locus 13 : 13 
5 alleles
0.0% missing data
 108   (0.203) 0.209 0.148 0.269 0.073 0.201 0.158 0.178 0.335 0.189 0.201 0.199 0.297 0.135 0.400 0.169 0.051 
 115   (0.452) 0.429 0.502 0.478 0.587 0.448 0.290 0.455 0.090 0.412 0.451 0.283 0.378 0.791 0.532 0.529 0.629 
 113   (0.333) 0.352 0.348 0.249 0.339 0.342 0.551 0.360 0.574 0.397 0.336 0.518 0.325 0.074 0.066 0.301 0.318 
 109   (0.006) 0.005 0.001 0.002 0.001 0.004 0.001 0.003 0.001 0.001 0.006 0.000 0.000 0.000 0.001 0.000 0.001 
 110   (0.006) 0.004 0.001 0.002 0.001 0.004 0.001 0.003 0.001 0.001 0.006 0.000 0.000 0.000 0.001 0.000 0.001 

Locus 14 : 14 
5 alleles
1.2% missing data
 227   (0.139) 0.136 0.037 0.080 0.332 0.135 0.328 0.208 0.254 0.318 0.139 0.016 0.008 0.244 0.062 0.259 0.055 
 231   (0.156) 0.157 0.458 0.142 0.027 0.167 0.105 0.101 0.274 0.034 0.155 0.352 0.354 0.060 0.027 0.105 0.040 
 229   (0.502) 0.519 0.291 0.671 0.510 0.507 0.450 0.485 0.092 0.511 0.505 0.415 0.470 0.344 0.858 0.488 0.841 
 225   (0.136) 0.135 0.142 0.080 0.070 0.131 0.021 0.173 0.223 0.118 0.136 0.211 0.059 0.293 0.019 0.045 0.049 
 233   (0.067) 0.052 0.072 0.027 0.060 0.060 0.096 0.034 0.157 0.019 0.065 0.005 0.109 0.058 0.035 0.104 0.016 

Locus 15 : 15 
5 alleles
0.4% missing data
 143   (0.845) 0.836 0.873 0.889 0.899 0.847 0.978 0.887 0.720 0.766 0.845 0.816 0.620 0.952 0.982 0.972 0.940 
 157   (0.008) 0.004 0.003 0.002 0.001 0.004 0.001 0.003 0.001 0.002 0.007 0.000 0.000 0.003 0.001 0.020 0.001 
 145   (0.087) 0.095 0.113 0.049 0.079 0.089 0.016 0.068 0.272 0.052 0.089 0.006 0.184 0.041 0.010 0.007 0.046 
 147   (0.046) 0.055 0.008 0.022 0.020 0.050 0.005 0.036 0.006 0.177 0.046 0.145 0.195 0.003 0.005 0.001 0.010 
 133   (0.014) 0.010 0.002 0.038 0.002 0.010 0.001 0.006 0.001 0.004 0.013 0.032 0.001 0.001 0.002 0.000 0.002 

Locus 16 : 16 
5 alleles
0.2% missing data
 156   (0.229) 0.201 0.324 0.386 0.215 0.203 0.069 0.192 0.513 0.250 0.223 0.503 0.161 0.259 0.194 0.315 0.061 
 158   (0.536) 0.562 0.478 0.465 0.686 0.558 0.750 0.571 0.252 0.607 0.544 0.197 0.314 0.499 0.325 0.499 0.573 
 160   (0.142) 0.138 0.141 0.099 0.066 0.138 0.171 0.163 0.016 0.115 0.139 0.112 0.117 0.203 0.469 0.139 0.340 
 154   (0.085) 0.095 0.056 0.047 0.019 0.096 0.009 0.063 0.218 0.026 0.086 0.188 0.408 0.039 0.011 0.047 0.024 
 152   (0.008) 0.004 0.001 0.003 0.014 0.005 0.001 0.012 0.001 0.002 0.008 0.000 0.000 0.001 0.001 0.000 0.002 

Locus 17 : 17 
5 alleles
0.0% missing data
 102   (0.209) 0.194 0.186 0.112 0.120 0.197 0.162 0.303 0.025 0.255 0.210 0.199 0.038 0.256 0.099 0.246 0.377 
  90   (0.677) 0.661 0.791 0.809 0.856 0.663 0.811 0.599 0.577 0.704 0.673 0.794 0.321 0.734 0.608 0.717 0.371 
  88   (0.068) 0.075 0.013 0.033 0.011 0.085 0.023 0.050 0.007 0.017 0.070 0.005 0.469 0.007 0.289 0.036 0.242 
 100   (0.040) 0.066 0.009 0.044 0.012 0.051 0.004 0.043 0.390 0.007 0.043 0.002 0.171 0.003 0.004 0.001 0.008 
 104   (0.006) 0.003 0.001 0.002 0.001 0.003 0.001 0.004 0.001 0.017 0.006 0.000 0.000 0.000 0.001 0.000 0.001 

Locus 18 : 18 
7 alleles
0.0% missing data
 142   (0.129) 0.122 0.025 0.165 0.066 0.132 0.384 0.087 0.016 0.130 0.130 0.008 0.018 0.415 0.789 0.413 0.082 
 146   (0.083) 0.067 0.082 0.079 0.065 0.069 0.022 0.145 0.009 0.029 0.082 0.225 0.005 0.333 0.037 0.153 0.117 
 140   (0.283) 0.319 0.501 0.226 0.214 0.289 0.435 0.263 0.274 0.390 0.285 0.179 0.298 0.045 0.046 0.102 0.444 
 127   (0.301) 0.322 0.229 0.403 0.386 0.323 0.084 0.312 0.549 0.198 0.305 0.059 0.384 0.130 0.074 0.254 0.180 
 148   (0.097) 0.085 0.118 0.037 0.065 0.094 0.048 0.113 0.010 0.054 0.096 0.217 0.067 0.009 0.033 0.067 0.104 
 150   (0.052) 0.042 0.013 0.049 0.186 0.043 0.005 0.039 0.005 0.117 0.051 0.310 0.225 0.004 0.006 0.001 0.056 
 138   (0.053) 0.045 0.031 0.040 0.018 0.049 0.022 0.041 0.136 0.080 0.052 0.003 0.003 0.065 0.014 0.009 0.016 

Locus 19 : 19 
8 alleles
0.2% missing data
 188   (0.178) 0.202 0.067 0.189 0.123 0.195 0.163 0.149 0.019 0.301 0.183 0.170 0.011 0.025 0.558 0.118 0.045 
 190   (0.129) 0.092 0.238 0.098 0.198 0.092 0.332 0.077 0.013 0.188 0.122 0.197 0.040 0.583 0.015 0.367 0.323 
 194   (0.579) 0.588 0.610 0.630 0.572 0.604 0.495 0.584 0.957 0.480 0.582 0.482 0.556 0.385 0.417 0.512 0.229 
 202   (0.016) 0.013 0.003 0.006 0.002 0.011 0.001 0.007 0.002 0.003 0.015 0.145 0.042 0.001 0.002 0.000 0.002 
 200   (0.079) 0.093 0.076 0.066 0.102 0.087 0.007 0.176 0.008 0.024 0.081 0.005 0.313 0.005 0.007 0.002 0.397 
 192   (0.006) 0.005 0.004 0.002 0.001 0.004 0.001 0.003 0.001 0.002 0.006 0.000 0.000 0.000 0.000 0.000 0.001 
 196   (0.006) 0.004 0.001 0.008 0.001 0.003 0.001 0.002 0.001 0.001 0.006 0.000 0.000 0.000 0.000 0.000 0.001 
 198   (0.006) 0.003 0.001 0.002 0.001 0.003 0.001 0.002 0.001 0.001 0.006 0.000 0.037 0.000 0.000 0.000 0.001 

Locus 20 : 20 
6 alleles
0.8% missing data
 252   (0.706) 0.726 0.743 0.831 0.735 0.735 0.705 0.786 0.385 0.783 0.711 0.727 0.074 0.923 0.826 0.828 0.615 
 250   (0.083) 0.072 0.069 0.028 0.024 0.075 0.044 0.052 0.347 0.173 0.080 0.142 0.426 0.011 0.011 0.119 0.123 
 244   (0.023) 0.015 0.007 0.009 0.008 0.014 0.002 0.011 0.005 0.006 0.021 0.001 0.047 0.038 0.139 0.002 0.005 
 254   (0.075) 0.058 0.056 0.065 0.154 0.060 0.010 0.068 0.102 0.016 0.073 0.081 0.245 0.019 0.010 0.033 0.018 
 246   (0.092) 0.086 0.122 0.057 0.075 0.084 0.236 0.054 0.159 0.018 0.090 0.047 0.207 0.007 0.011 0.006 0.235 
 248   (0.021) 0.043 0.004 0.009 0.003 0.032 0.003 0.028 0.002 0.004 0.024 0.001 0.001 0.002 0.003 0.011 0.004 

Locus 21 : 21 
7 alleles
0.2% missing data
 173   (0.297) 0.250 0.315 0.360 0.561 0.268 0.142 0.353 0.121 0.537 0.292 0.211 0.208 0.409 0.159 0.358 0.090 
 177   (0.262) 0.301 0.081 0.205 0.238 0.291 0.648 0.286 0.274 0.268 0.267 0.167 0.041 0.157 0.183 0.305 0.518 
 175   (0.139) 0.123 0.329 0.128 0.077 0.121 0.023 0.102 0.485 0.060 0.138 0.257 0.505 0.070 0.017 0.017 0.035 
 167   (0.199) 0.198 0.143 0.262 0.108 0.194 0.174 0.181 0.110 0.108 0.198 0.122 0.068 0.308 0.631 0.315 0.090 
 163   (0.038) 0.039 0.016 0.022 0.007 0.037 0.004 0.025 0.004 0.013 0.038 0.230 0.106 0.003 0.004 0.003 0.008 
 165   (0.046) 0.054 0.112 0.017 0.006 0.048 0.007 0.033 0.005 0.008 0.046 0.011 0.070 0.053 0.004 0.001 0.255 
 159   (0.019) 0.035 0.003 0.005 0.002 0.042 0.002 0.020 0.002 0.006 0.022 0.001 0.001 0.001 0.002 0.001 0.004 

Locus 22 : 22 
11 alleles
0.6% missing data
 146   (0.230) 0.219 0.173 0.221 0.368 0.241 0.217 0.280 0.073 0.146 0.232 0.139 0.014 0.059 0.832 0.269 0.276 
 154   (0.008) 0.004 0.001 0.002 0.001 0.004 0.002 0.003 0.001 0.002 0.008 0.000 0.000 0.009 0.001 0.081 0.002 
 166   (0.090) 0.121 0.076 0.045 0.025 0.110 0.274 0.090 0.113 0.025 0.095 0.005 0.005 0.009 0.010 0.036 0.023 
 152   (0.426) 0.418 0.502 0.540 0.529 0.398 0.434 0.462 0.506 0.726 0.422 0.364 0.098 0.901 0.128 0.573 0.611 
 150   (0.030) 0.033 0.006 0.011 0.007 0.030 0.008 0.025 0.109 0.013 0.031 0.002 0.103 0.004 0.004 0.007 0.008 
 164   (0.035) 0.027 0.056 0.028 0.006 0.026 0.045 0.019 0.005 0.010 0.033 0.002 0.068 0.005 0.005 0.012 0.007 
 156   (0.019) 0.011 0.004 0.005 0.007 0.011 0.002 0.007 0.002 0.020 0.017 0.305 0.113 0.001 0.002 0.001 0.004 
 162   (0.052) 0.054 0.048 0.040 0.009 0.062 0.005 0.045 0.007 0.028 0.053 0.071 0.139 0.003 0.005 0.001 0.019 
 158   (0.087) 0.097 0.131 0.100 0.019 0.100 0.009 0.060 0.011 0.027 0.088 0.109 0.430 0.007 0.011 0.019 0.047 
 148   (0.009) 0.005 0.001 0.003 0.001 0.005 0.001 0.003 0.173 0.001 0.008 0.000 0.000 0.001 0.001 0.000 0.001 
 142   (0.014) 0.011 0.002 0.004 0.027 0.011 0.001 0.007 0.001 0.002 0.013 0.001 0.029 0.001 0.001 0.000 0.003 

Locus 23 : 23 
7 alleles
0.8% missing data
 152   (0.012) 0.007 0.002 0.003 0.002 0.007 0.092 0.005 0.001 0.002 0.011 0.001 0.001 0.001 0.001 0.075 0.002 
 156   (0.117) 0.127 0.124 0.243 0.027 0.118 0.092 0.093 0.014 0.090 0.118 0.030 0.431 0.011 0.012 0.043 0.027 
 144   (0.177) 0.165 0.197 0.110 0.302 0.163 0.152 0.167 0.607 0.242 0.174 0.642 0.244 0.070 0.028 0.205 0.050 
 160   (0.107) 0.103 0.140 0.050 0.059 0.094 0.305 0.123 0.013 0.158 0.106 0.106 0.012 0.115 0.012 0.195 0.330 
 154   (0.550) 0.558 0.525 0.579 0.604 0.580 0.355 0.584 0.361 0.500 0.555 0.219 0.172 0.790 0.916 0.480 0.582 
 158   (0.028) 0.032 0.010 0.009 0.004 0.031 0.003 0.023 0.003 0.006 0.028 0.002 0.139 0.012 0.030 0.001 0.008 
 146   (0.008) 0.006 0.001 0.005 0.001 0.006 0.001 0.004 0.001 0.001 0.008 0.000 0.000 0.001 0.001 0.000 0.001 

Locus 24 : 24 
4 alleles
0.4% missing data
  77   (0.087) 0.067 0.084 0.117 0.054 0.067 0.018 0.107 0.010 0.059 0.083 0.049 0.005 0.146 0.035 0.359 0.061 
  83   (0.464) 0.453 0.594 0.384 0.401 0.449 0.585 0.414 0.688 0.502 0.460 0.921 0.586 0.705 0.226 0.436 0.716 
  81   (0.365) 0.397 0.277 0.356 0.453 0.404 0.366 0.407 0.293 0.305 0.372 0.024 0.380 0.142 0.728 0.177 0.201 
  85   (0.084) 0.083 0.045 0.143 0.092 0.079 0.030 0.072 0.010 0.134 0.085 0.006 0.029 0.007 0.011 0.027 0.022 

Locus 25 : 25 
6 alleles
0.4% missing data
 132   (0.316) 0.326 0.454 0.231 0.395 0.339 0.109 0.292 0.180 0.245 0.317 0.455 0.021 0.591 0.908 0.508 0.195 
 124   (0.532) 0.529 0.421 0.706 0.456 0.528 0.855 0.559 0.414 0.633 0.531 0.535 0.468 0.314 0.068 0.421 0.746 
 126   (0.027) 0.018 0.005 0.010 0.003 0.018 0.022 0.011 0.003 0.006 0.026 0.002 0.011 0.084 0.003 0.051 0.005 
 122   (0.092) 0.101 0.100 0.041 0.141 0.089 0.010 0.122 0.109 0.108 0.094 0.006 0.476 0.009 0.017 0.019 0.047 
 120   (0.019) 0.014 0.004 0.008 0.002 0.014 0.002 0.009 0.292 0.003 0.018 0.001 0.022 0.001 0.002 0.001 0.003 
 136   (0.014) 0.011 0.016 0.004 0.002 0.012 0.002 0.007 0.002 0.005 0.014 0.001 0.001 0.001 0.001 0.001 0.004 

Locus 26 : 26 
7 alleles
0.2% missing data
 165   (0.242) 0.244 0.344 0.225 0.343 0.236 0.154 0.237 0.324 0.121 0.242 0.054 0.116 0.030 0.683 0.141 0.208 
 183   (0.352) 0.358 0.450 0.320 0.317 0.353 0.457 0.303 0.293 0.369 0.348 0.423 0.211 0.783 0.203 0.530 0.573 
 179   (0.089) 0.075 0.021 0.079 0.059 0.082 0.103 0.112 0.344 0.040 0.088 0.005 0.281 0.010 0.017 0.067 0.047 
 175   (0.252) 0.255 0.157 0.217 0.273 0.267 0.281 0.301 0.032 0.459 0.257 0.453 0.016 0.173 0.090 0.260 0.160 
 181   (0.049) 0.058 0.026 0.154 0.007 0.052 0.005 0.041 0.006 0.009 0.050 0.064 0.262 0.003 0.005 0.001 0.009 
 185   (0.009) 0.006 0.001 0.003 0.001 0.006 0.001 0.003 0.001 0.002 0.009 0.001 0.114 0.001 0.001 0.000 0.001 
 157   (0.006) 0.004 0.001 0.002 0.001 0.004 0.001 0.002 0.001 0.001 0.006 0.000 0.000 0.000 0.001 0.000 0.001 

Locus 27 : 27 
4 alleles
0.2% missing data
 142   (0.641) 0.658 0.678 0.587 0.810 0.663 0.601 0.657 0.307 0.780 0.643 0.743 0.524 0.639 0.352 0.718 0.698 
 148   (0.205) 0.210 0.252 0.224 0.075 0.203 0.188 0.164 0.675 0.155 0.206 0.064 0.266 0.086 0.392 0.077 0.051 
 138   (0.048) 0.036 0.017 0.020 0.021 0.033 0.199 0.026 0.006 0.012 0.046 0.003 0.047 0.261 0.245 0.195 0.022 
 150   (0.105) 0.095 0.052 0.169 0.095 0.101 0.012 0.153 0.012 0.054 0.105 0.190 0.163 0.014 0.011 0.011 0.229 

Locus 28 : 28 
6 alleles
0.8% missing data
 260   (0.389) 0.420 0.299 0.227 0.558 0.418 0.515 0.468 0.134 0.417 0.395 0.378 0.217 0.657 0.273 0.272 0.478 
 262   (0.506) 0.474 0.660 0.686 0.386 0.470 0.474 0.436 0.853 0.415 0.501 0.549 0.695 0.335 0.715 0.722 0.483 
 256   (0.074) 0.081 0.036 0.063 0.039 0.084 0.008 0.078 0.010 0.101 0.075 0.072 0.086 0.007 0.010 0.005 0.033 
 258   (0.010) 0.012 0.002 0.003 0.001 0.015 0.001 0.006 0.001 0.002 0.010 0.001 0.001 0.001 0.001 0.000 0.002 
 266   (0.006) 0.003 0.001 0.002 0.011 0.003 0.001 0.002 0.001 0.001 0.005 0.000 0.000 0.000 0.000 0.000 0.001 
 264   (0.014) 0.011 0.002 0.020 0.006 0.010 0.001 0.010 0.001 0.064 0.013 0.001 0.001 0.001 0.001 0.000 0.003 

Locus 29 : 29 
7 alleles
0.2% missing data
 146   (0.278) 0.319 0.348 0.247 0.144 0.292 0.310 0.274 0.034 0.459 0.283 0.333 0.325 0.313 0.080 0.139 0.411 
 150   (0.440) 0.427 0.407 0.593 0.597 0.437 0.420 0.482 0.140 0.385 0.441 0.288 0.240 0.584 0.174 0.727 0.227 
 140   (0.179) 0.170 0.172 0.121 0.161 0.178 0.031 0.189 0.814 0.126 0.177 0.057 0.389 0.094 0.688 0.076 0.144 
 148   (0.061) 0.048 0.048 0.022 0.037 0.051 0.229 0.031 0.007 0.013 0.059 0.318 0.035 0.005 0.053 0.048 0.140 
 152   (0.026) 0.027 0.004 0.012 0.058 0.033 0.003 0.017 0.003 0.014 0.026 0.002 0.011 0.002 0.004 0.001 0.058 
 151   (0.009) 0.005 0.002 0.003 0.001 0.005 0.006 0.004 0.001 0.001 0.008 0.001 0.000 0.001 0.001 0.008 0.008 
 142   (0.008) 0.004 0.018 0.003 0.001 0.004 0.001 0.002 0.001 0.001 0.007 0.000 0.000 0.001 0.001 0.001 0.013 

Locus 30 : 30 
6 alleles
0.2% missing data
 125   (0.287) 0.337 0.310 0.345 0.077 0.318 0.285 0.227 0.138 0.080 0.294 0.029 0.141 0.306 0.636 0.512 0.093 
 129   (0.433) 0.400 0.417 0.392 0.573 0.416 0.659 0.489 0.210 0.657 0.428 0.787 0.078 0.660 0.301 0.429 0.494 
 123   (0.149) 0.138 0.112 0.186 0.281 0.138 0.044 0.162 0.018 0.234 0.147 0.101 0.111 0.025 0.049 0.055 0.084 
 127   (0.083) 0.076 0.151 0.047 0.039 0.080 0.008 0.067 0.590 0.016 0.081 0.079 0.527 0.006 0.010 0.002 0.311 
 121   (0.012) 0.008 0.003 0.005 0.002 0.009 0.001 0.005 0.040 0.002 0.011 0.001 0.001 0.001 0.001 0.000 0.002 
 131   (0.036) 0.040 0.008 0.025 0.029 0.039 0.003 0.050 0.004 0.009 0.038 0.002 0.142 0.003 0.003 0.001 0.016 

Locus 31 : 31 
6 alleles
0.2% missing data
 159   (0.169) 0.150 0.294 0.278 0.209 0.148 0.103 0.219 0.019 0.382 0.167 0.011 0.201 0.020 0.070 0.168 0.101 
 155   (0.549) 0.593 0.420 0.461 0.576 0.590 0.859 0.447 0.522 0.250 0.555 0.707 0.422 0.926 0.579 0.632 0.434 
 157   (0.180) 0.166 0.257 0.211 0.177 0.173 0.027 0.252 0.115 0.145 0.179 0.020 0.060 0.019 0.295 0.111 0.433 
 153   (0.065) 0.064 0.013 0.025 0.033 0.059 0.007 0.065 0.101 0.216 0.064 0.004 0.306 0.029 0.049 0.086 0.023 
 151   (0.030) 0.023 0.015 0.023 0.004 0.026 0.003 0.015 0.243 0.006 0.029 0.257 0.010 0.005 0.004 0.002 0.007 
 163   (0.006) 0.004 0.001 0.002 0.001 0.004 0.001 0.003 0.001 0.002 0.006 0.000 0.000 0.000 0.001 0.001 0.001 

Locus 32 : 32 
5 alleles
0.0% missing data
 146   (0.316) 0.358 0.266 0.355 0.338 0.337 0.048 0.322 0.584 0.391 0.321 0.314 0.652 0.045 0.060 0.080 0.206 
 150   (0.569) 0.546 0.509 0.601 0.621 0.557 0.866 0.600 0.403 0.524 0.567 0.638 0.251 0.868 0.928 0.849 0.461 
 148   (0.064) 0.049 0.117 0.019 0.012 0.058 0.080 0.038 0.007 0.024 0.061 0.045 0.032 0.083 0.007 0.069 0.317 
 154   (0.037) 0.037 0.106 0.020 0.009 0.037 0.005 0.025 0.004 0.009 0.038 0.002 0.064 0.003 0.005 0.001 0.010 
 152   (0.014) 0.011 0.002 0.005 0.021 0.011 0.001 0.015 0.001 0.052 0.013 0.001 0.001 0.001 0.001 0.000 0.006 

Locus 33 : 33 
7 alleles
0.0% missing data
 180   (0.460) 0.479 0.524 0.415 0.420 0.484 0.361 0.446 0.698 0.206 0.464 0.672 0.358 0.330 0.432 0.670 0.497 
 196   (0.114) 0.111 0.048 0.102 0.124 0.103 0.211 0.108 0.013 0.221 0.114 0.007 0.025 0.283 0.124 0.163 0.025 
 184   (0.197) 0.185 0.280 0.194 0.301 0.173 0.115 0.138 0.265 0.425 0.193 0.071 0.185 0.218 0.417 0.131 0.078 
 194   (0.013) 0.007 0.003 0.004 0.002 0.007 0.025 0.004 0.001 0.003 0.012 0.001 0.001 0.089 0.001 0.026 0.002 
 192   (0.134) 0.132 0.103 0.202 0.118 0.153 0.013 0.209 0.014 0.121 0.136 0.183 0.165 0.009 0.015 0.007 0.379 
 198   (0.064) 0.076 0.018 0.058 0.012 0.071 0.273 0.049 0.007 0.014 0.066 0.066 0.266 0.069 0.009 0.003 0.015 
 190   (0.017) 0.011 0.025 0.024 0.024 0.010 0.002 0.046 0.002 0.011 0.015 0.001 0.001 0.001 0.002 0.000 0.003 

Locus 34 : 34 
6 alleles
0.0% missing data
 110   (0.194) 0.191 0.218 0.122 0.085 0.199 0.162 0.195 0.215 0.058 0.193 0.068 0.109 0.589 0.258 0.314 0.185 
 112   (0.353) 0.377 0.296 0.332 0.382 0.386 0.745 0.349 0.040 0.453 0.356 0.056 0.048 0.313 0.077 0.550 0.396 
 106   (0.269) 0.237 0.412 0.396 0.436 0.233 0.073 0.294 0.223 0.392 0.265 0.715 0.248 0.026 0.587 0.114 0.188 
  90   (0.039) 0.032 0.008 0.037 0.007 0.029 0.005 0.033 0.407 0.008 0.038 0.002 0.002 0.027 0.062 0.017 0.198 
 108   (0.136) 0.157 0.064 0.109 0.089 0.146 0.015 0.126 0.114 0.086 0.140 0.112 0.592 0.043 0.015 0.006 0.030 
  96   (0.009) 0.006 0.002 0.004 0.001 0.007 0.001 0.004 0.001 0.001 0.009 0.046 0.001 0.001 0.001 0.000 0.002 

Locus 35 : 35 
9 alleles
0.0% missing data
 166   (0.058) 0.043 0.052 0.019 0.147 0.041 0.177 0.037 0.007 0.027 0.055 0.004 0.003 0.365 0.010 0.262 0.085 
 176   (0.102) 0.091 0.218 0.130 0.014 0.093 0.390 0.060 0.012 0.022 0.100 0.015 0.097 0.088 0.024 0.137 0.035 
 172   (0.332) 0.355 0.141 0.213 0.412 0.347 0.202 0.402 0.042 0.419 0.336 0.585 0.165 0.477 0.446 0.446 0.316 
 170   (0.269) 0.259 0.518 0.248 0.213 0.256 0.154 0.221 0.612 0.288 0.264 0.327 0.350 0.042 0.484 0.146 0.179 
 174   (0.127) 0.125 0.047 0.314 0.184 0.126 0.015 0.178 0.014 0.033 0.129 0.062 0.043 0.021 0.012 0.005 0.358 
 178   (0.039) 0.042 0.008 0.025 0.009 0.052 0.053 0.030 0.005 0.060 0.040 0.002 0.002 0.003 0.015 0.002 0.010 
 168   (0.052) 0.063 0.013 0.044 0.019 0.060 0.005 0.046 0.305 0.020 0.054 0.003 0.321 0.003 0.006 0.001 0.013 
 186   (0.016) 0.017 0.003 0.004 0.002 0.019 0.002 0.022 0.002 0.131 0.016 0.001 0.018 0.001 0.001 0.000 0.003 
 158   (0.006) 0.005 0.001 0.002 0.001 0.006 0.001 0.003 0.001 0.001 0.006 0.000 0.000 0.000 0.000 0.000 0.001 

Locus 36 : 36 
6 alleles
0.0% missing data
  89   (0.569) 0.604 0.494 0.548 0.567 0.595 0.717 0.677 0.374 0.777 0.575 0.509 0.602 0.631 0.235 0.670 0.692 
  95   (0.063) 0.053 0.087 0.023 0.113 0.052 0.019 0.048 0.007 0.019 0.061 0.005 0.028 0.039 0.046 0.089 0.019 
  85   (0.167) 0.139 0.145 0.208 0.162 0.146 0.225 0.098 0.493 0.148 0.162 0.234 0.014 0.250 0.261 0.216 0.237 
  81   (0.060) 0.058 0.179 0.142 0.032 0.065 0.006 0.044 0.007 0.014 0.060 0.004 0.003 0.005 0.008 0.007 0.014 
  83   (0.123) 0.133 0.093 0.073 0.116 0.128 0.031 0.125 0.014 0.039 0.124 0.247 0.326 0.074 0.448 0.018 0.035 
  91   (0.018) 0.014 0.003 0.005 0.009 0.014 0.002 0.008 0.105 0.003 0.018 0.001 0.026 0.001 0.002 0.001 0.003 

Locus 37 : 37 
10 alleles
0.0% missing data
 161   (0.347) 0.339 0.394 0.511 0.274 0.324 0.525 0.322 0.432 0.119 0.345 0.373 0.707 0.536 0.089 0.578 0.421 
 165   (0.227) 0.251 0.188 0.142 0.343 0.243 0.289 0.217 0.132 0.246 0.231 0.100 0.113 0.043 0.061 0.192 0.085 
 159   (0.016) 0.011 0.003 0.004 0.007 0.012 0.007 0.007 0.002 0.003 0.015 0.001 0.001 0.048 0.002 0.032 0.003 
 173   (0.255) 0.243 0.386 0.209 0.201 0.258 0.072 0.310 0.224 0.428 0.255 0.516 0.170 0.138 0.156 0.131 0.427 
 169   (0.102) 0.101 0.021 0.110 0.107 0.101 0.101 0.106 0.205 0.187 0.101 0.006 0.006 0.231 0.688 0.055 0.052 
 167   (0.017) 0.017 0.003 0.010 0.003 0.019 0.002 0.018 0.002 0.003 0.017 0.001 0.001 0.002 0.002 0.011 0.004 
 168   (0.010) 0.011 0.002 0.003 0.001 0.013 0.001 0.006 0.001 0.002 0.010 0.001 0.001 0.001 0.001 0.000 0.002 
 155   (0.013) 0.019 0.003 0.006 0.002 0.023 0.001 0.010 0.001 0.003 0.014 0.001 0.001 0.001 0.001 0.000 0.002 
 177   (0.006) 0.004 0.001 0.003 0.001 0.004 0.001 0.003 0.001 0.001 0.006 0.000 0.000 0.000 0.000 0.000 0.002 
 175   (0.007) 0.004 0.001 0.002 0.060 0.003 0.001 0.002 0.001 0.008 0.006 0.000 0.000 0.000 0.001 0.000 0.001 

Locus 38 : 38 
6 alleles
0.6% missing data
  87   (0.097) 0.071 0.112 0.063 0.031 0.071 0.140 0.097 0.555 0.031 0.092 0.127 0.439 0.206 0.012 0.159 0.047 
  89   (0.435) 0.473 0.221 0.526 0.670 0.469 0.674 0.476 0.051 0.436 0.442 0.091 0.227 0.472 0.756 0.605 0.388 
  91   (0.166) 0.176 0.204 0.170 0.066 0.166 0.025 0.170 0.208 0.090 0.168 0.185 0.100 0.241 0.191 0.107 0.097 
  81   (0.114) 0.112 0.225 0.065 0.067 0.120 0.079 0.086 0.013 0.068 0.115 0.116 0.007 0.010 0.012 0.098 0.372 
  85   (0.181) 0.165 0.237 0.175 0.165 0.170 0.082 0.169 0.174 0.374 0.178 0.481 0.227 0.056 0.028 0.029 0.096 
  83   (0.006) 0.003 0.001 0.002 0.001 0.003 0.001 0.002 0.001 0.001 0.006 0.000 0.000 0.015 0.001 0.000 0.001 

Locus 39 : 39 
4 alleles
0.6% missing data
 167   (0.789) 0.779 0.946 0.872 0.698 0.778 0.932 0.824 0.684 0.931 0.788 0.860 0.393 0.848 0.931 0.923 0.835 
 161   (0.176) 0.191 0.048 0.111 0.214 0.191 0.064 0.145 0.313 0.062 0.178 0.138 0.458 0.149 0.062 0.075 0.153 
 165   (0.029) 0.025 0.006 0.015 0.087 0.027 0.003 0.027 0.003 0.006 0.029 0.002 0.149 0.002 0.007 0.001 0.011 
 177   (0.006) 0.006 0.001 0.002 0.001 0.005 0.001 0.004 0.001 0.001 0.006 0.001 0.000 0.000 0.000 0.000 0.001 

Locus 40 : 40 
6 alleles
0.4% missing data
 228   (0.421) 0.389 0.441 0.386 0.473 0.391 0.660 0.410 0.550 0.633 0.417 0.229 0.117 0.689 0.721 0.485 0.614 
 238   (0.337) 0.359 0.273 0.437 0.342 0.369 0.267 0.345 0.080 0.230 0.343 0.116 0.069 0.281 0.074 0.334 0.090 
 224   (0.023) 0.014 0.013 0.007 0.003 0.014 0.046 0.009 0.002 0.004 0.021 0.001 0.011 0.002 0.003 0.109 0.196 
 236   (0.104) 0.101 0.112 0.053 0.044 0.095 0.015 0.096 0.354 0.026 0.103 0.390 0.286 0.020 0.191 0.070 0.058 
 232   (0.012) 0.009 0.002 0.037 0.002 0.008 0.002 0.006 0.001 0.002 0.011 0.001 0.001 0.001 0.001 0.000 0.002 
 240   (0.102) 0.128 0.158 0.081 0.136 0.122 0.010 0.134 0.012 0.105 0.105 0.263 0.517 0.007 0.010 0.003 0.040 

Locus 41 : 41 
7 alleles
0.0% missing data
 128   (0.107) 0.101 0.072 0.138 0.279 0.097 0.051 0.114 0.011 0.043 0.106 0.032 0.006 0.008 0.235 0.173 0.231 
 130   (0.549) 0.564 0.513 0.558 0.399 0.564 0.604 0.549 0.062 0.472 0.552 0.781 0.738 0.880 0.693 0.538 0.528 
 114   (0.056) 0.048 0.078 0.033 0.007 0.049 0.037 0.031 0.501 0.012 0.055 0.003 0.003 0.053 0.033 0.119 0.011 
 132   (0.113) 0.113 0.152 0.139 0.157 0.112 0.290 0.125 0.013 0.408 0.112 0.046 0.006 0.009 0.018 0.164 0.025 
 118   (0.060) 0.053 0.011 0.055 0.087 0.055 0.006 0.083 0.204 0.026 0.059 0.131 0.071 0.004 0.009 0.003 0.058 
 134   (0.109) 0.118 0.172 0.075 0.070 0.119 0.012 0.095 0.207 0.038 0.111 0.007 0.175 0.045 0.012 0.004 0.145 
 136   (0.006) 0.004 0.001 0.002 0.001 0.004 0.001 0.002 0.001 0.001 0.006 0.000 0.000 0.000 0.001 0.000 0.001 

Locus 42 : 42 
6 alleles
1.2% missing data
 102   (0.270) 0.280 0.407 0.171 0.282 0.262 0.425 0.316 0.573 0.432 0.271 0.475 0.015 0.524 0.071 0.391 0.238 
 104   (0.401) 0.430 0.328 0.417 0.578 0.451 0.160 0.474 0.049 0.293 0.407 0.415 0.232 0.229 0.105 0.190 0.664 
  92   (0.108) 0.095 0.087 0.221 0.024 0.096 0.277 0.075 0.051 0.144 0.106 0.007 0.316 0.042 0.015 0.124 0.034 
  96   (0.073) 0.068 0.057 0.078 0.027 0.064 0.072 0.044 0.096 0.015 0.072 0.005 0.177 0.021 0.717 0.067 0.021 
  98   (0.141) 0.123 0.120 0.112 0.088 0.124 0.065 0.090 0.229 0.115 0.138 0.098 0.260 0.173 0.092 0.228 0.041 
 106   (0.006) 0.004 0.001 0.002 0.001 0.003 0.001 0.002 0.001 0.001 0.006 0.000 0.000 0.011 0.001 0.000 0.002 

Locus 43 : 43 
6 alleles
1.4% missing data
 101   (0.302) 0.274 0.465 0.414 0.241 0.268 0.200 0.282 0.035 0.410 0.299 0.178 0.368 0.614 0.086 0.431 0.256 
 103   (0.316) 0.321 0.278 0.185 0.443 0.357 0.381 0.371 0.227 0.441 0.317 0.353 0.108 0.191 0.454 0.179 0.158 
  99   (0.143) 0.157 0.066 0.207 0.088 0.146 0.223 0.102 0.416 0.039 0.144 0.009 0.183 0.053 0.073 0.031 0.504 
  95   (0.216) 0.223 0.187 0.186 0.225 0.208 0.193 0.230 0.170 0.105 0.217 0.458 0.334 0.141 0.385 0.359 0.078 
  97   (0.017) 0.018 0.004 0.007 0.002 0.017 0.002 0.011 0.152 0.003 0.017 0.001 0.006 0.001 0.002 0.000 0.003 
  91   (0.006) 0.006 0.001 0.002 0.001 0.005 0.001 0.004 0.001 0.001 0.006 0.000 0.000 0.000 0.001 0.000 0.001 

Locus 44 : 44 
7 alleles
0.2% missing data
 177   (0.078) 0.083 0.064 0.031 0.059 0.086 0.173 0.068 0.010 0.032 0.078 0.005 0.113 0.011 0.010 0.074 0.016 
 191   (0.286) 0.328 0.303 0.265 0.146 0.337 0.110 0.339 0.280 0.163 0.291 0.099 0.633 0.058 0.054 0.214 0.359 
 181   (0.569) 0.533 0.616 0.672 0.718 0.512 0.710 0.558 0.519 0.793 0.564 0.862 0.136 0.926 0.930 0.710 0.553 
 189   (0.007) 0.003 0.001 0.002 0.001 0.003 0.001 0.002 0.001 0.001 0.006 0.030 0.000 0.000 0.001 0.000 0.001 
 179   (0.043) 0.041 0.012 0.024 0.005 0.049 0.004 0.026 0.188 0.007 0.044 0.003 0.107 0.003 0.004 0.001 0.068 
 183   (0.009) 0.007 0.002 0.004 0.003 0.008 0.001 0.004 0.001 0.002 0.009 0.001 0.001 0.001 0.001 0.000 0.002 
 193   (0.009) 0.005 0.001 0.002 0.067 0.005 0.001 0.003 0.001 0.002 0.008 0.001 0.010 0.001 0.001 0.000 0.002 

Locus 45 : 45 
6 alleles
0.8% missing data
 205   (0.459) 0.496 0.534 0.354 0.520 0.498 0.549 0.458 0.246 0.533 0.464 0.405 0.310 0.735 0.862 0.450 0.516 
 211   (0.229) 0.218 0.190 0.356 0.097 0.227 0.102 0.198 0.343 0.230 0.227 0.274 0.393 0.162 0.050 0.270 0.291 
 207   (0.144) 0.135 0.096 0.101 0.245 0.135 0.192 0.150 0.018 0.191 0.144 0.201 0.071 0.065 0.065 0.141 0.050 
 201   (0.078) 0.065 0.081 0.108 0.038 0.063 0.124 0.117 0.382 0.030 0.076 0.005 0.039 0.031 0.012 0.076 0.054 
 215   (0.079) 0.071 0.098 0.077 0.098 0.064 0.033 0.068 0.010 0.015 0.078 0.114 0.179 0.007 0.009 0.063 0.088 
 202   (0.010) 0.015 0.002 0.003 0.002 0.012 0.001 0.008 0.001 0.002 0.011 0.001 0.007 0.001 0.001 0.000 0.002 

Locus 46 : 46 
10 alleles
1.0% missing data
 144   (0.066) 0.054 0.015 0.101 0.044 0.051 0.054 0.057 0.008 0.014 0.064 0.128 0.008 0.143 0.049 0.280 0.060 
 158   (0.152) 0.151 0.265 0.127 0.039 0.148 0.409 0.164 0.021 0.092 0.151 0.083 0.122 0.017 0.043 0.139 0.252 
 168   (0.146) 0.170 0.132 0.110 0.041 0.152 0.067 0.121 0.217 0.034 0.148 0.105 0.215 0.371 0.059 0.177 0.033 
 166   (0.143) 0.117 0.087 0.105 0.290 0.135 0.117 0.097 0.123 0.069 0.139 0.390 0.025 0.203 0.447 0.348 0.037 
 142   (0.358) 0.396 0.440 0.289 0.526 0.389 0.321 0.469 0.047 0.682 0.366 0.286 0.143 0.255 0.386 0.052 0.594 
 170   (0.016) 0.010 0.004 0.039 0.002 0.009 0.001 0.006 0.002 0.003 0.015 0.001 0.047 0.003 0.002 0.001 0.003 
 156   (0.028) 0.024 0.005 0.009 0.004 0.029 0.015 0.025 0.468 0.022 0.027 0.002 0.084 0.002 0.003 0.001 0.005 
 162   (0.046) 0.037 0.038 0.072 0.049 0.040 0.004 0.026 0.109 0.011 0.045 0.003 0.162 0.003 0.006 0.001 0.008 
 164   (0.040) 0.038 0.011 0.147 0.005 0.041 0.011 0.033 0.004 0.073 0.039 0.002 0.194 0.003 0.005 0.001 0.007 
 160   (0.006) 0.004 0.002 0.002 0.001 0.005 0.001 0.003 0.001 0.001 0.006 0.000 0.000 0.000 0.001 0.000 0.001 

Locus 47 : 47 
7 alleles
9.9% missing data
 149   (0.349) 0.359 0.086 0.301 0.415 0.359 0.189 0.353 0.350 0.377 0.352 0.336 0.771 0.293 0.478 0.190 0.478 
 151   (0.184) 0.165 0.374 0.165 0.099 0.174 0.582 0.185 0.083 0.187 0.180 0.012 0.087 0.053 0.118 0.244 0.366 
 153   (0.195) 0.196 0.176 0.148 0.412 0.199 0.134 0.231 0.030 0.275 0.195 0.025 0.041 0.487 0.109 0.328 0.085 
 147   (0.026) 0.020 0.004 0.068 0.004 0.022 0.028 0.013 0.004 0.005 0.025 0.002 0.002 0.002 0.003 0.041 0.007 
 145   (0.223) 0.245 0.354 0.286 0.068 0.231 0.064 0.208 0.530 0.152 0.226 0.624 0.041 0.162 0.289 0.193 0.058 
 152   (0.007) 0.004 0.001 0.003 0.001 0.004 0.001 0.002 0.001 0.001 0.006 0.000 0.001 0.001 0.001 0.003 0.003 
 143   (0.016) 0.012 0.003 0.029 0.002 0.011 0.002 0.007 0.002 0.003 0.015 0.001 0.057 0.001 0.001 0.000 0.003 

Values of parameters used in structure:
DATAFILE=temp2.str,	OUTFILE=k16/temp2_k16_run7,	NUMINDS=486,	NUMLOCI=47,	MISSING=-9,	LABEL=1,	POPDATA=1,	POPFLAG=0,	PHENOTYPE=0,	EXTRACOLS=0,	MAXPOPS=16,	BURNIN=500000,	NUMREPS=750000,	USEPOPINFO=0,	INFERALPHA=1,	INFERLAMBDA=0,	POPSPECIFICLAMBDA=0,	POPALPHAS=0,	COMPUTEPROB=1,	NOADMIX=0,	ADMBURNIN=500,	UPDATEFREQ=100,	PRINTLIKES=0,	INTERMEDSAVE=0,	PRINTKLD=0,	PRINTNET=1,	PRINTLAMBDA=1,	ANCESTDIST=0,	NUMBOXES=1000,	ANCESTPINT=0.90000,	GENSBACK=2,	MIGRPRIOR=0.01000,	PRINTQHAT=0,	PRINTQSUM=1,	ALPHA=1.0000,	FREQSCORR=1,	FPRIORMEAN=0.0100,	FPRIORSD=0.0500,	ONEFST=0,	LAMBDA=1.0000,	UNIFPRIORALPHA=1,	ALPHAMAX=10.0000,	ALPHAPRIORA=1.0000,	ALPHAPRIORB=2.0000,	ALPHAPROPSD=0.0250,	STARTATPOPINFO=0,	RANDOMIZE=0,	LINKAGE=0,	METROFREQ=10,	REPORTHITRATE=0,	MARKOVPHASE=0,	PHASED=1,	PLOIDY=2,	PHASEINFO=0	LOCPRIOR=0, 	LOCPRIORINIT=1.000000, 	LOCDATA=0, 	LOCISPOP=1, 	LOCPRIORSTEP=0.100000, 	MAXLOCPRIOR=20.000000, 	SEED=344833,	
[STRAT parameters]:    NUMSIMSTATS=1000,	PHENOTYPECOL=-9,	POOLFREQ=10,	LOCUSxONLY=0,	EMERROR=0.00100,	MISSINGPHENO=-9,	