

----------------------------------------------------
STRUCTURE by Pritchard, Stephens and Donnelly (2000)
     and Falush, Stephens and Pritchard (2003)
       Code by Pritchard, Falush and Hubisz
             Version 2.3.4 (Jul 2012)
----------------------------------------------------



Command line arguments:   structure -D 509783 -K 15 -m mainparams -o k15/temp2_k15_run3 
Input File:    temp2.str

Run parameters:
   486 individuals
   47 loci
   15 populations assumed
   500000 Burn-in period
   750000 Reps
RANDOMIZE turned off


--------------------------------------------
Proportion of membership of each pre-defined
 population in each of the 15 clusters

Given    Inferred Clusters                                                                                           Number of
 Pop       1      2      3      4      5      6      7      8      9     10     11     12     13     14     15      Individuals

  1:     0.004  0.855  0.009  0.009  0.010  0.010  0.010  0.011  0.009  0.035  0.012  0.010  0.008  0.003  0.006       63
  2:     0.006  0.860  0.009  0.010  0.014  0.015  0.012  0.006  0.012  0.011  0.015  0.010  0.007  0.003  0.010       20
  3:     0.007  0.003  0.004  0.003  0.005  0.005  0.003  0.004  0.005  0.004  0.004  0.004  0.004  0.940  0.006       36
  4:     0.004  0.708  0.011  0.009  0.020  0.020  0.011  0.015  0.019  0.115  0.036  0.014  0.006  0.003  0.009       21
  5:     0.003  0.372  0.007  0.014  0.007  0.007  0.009  0.010  0.006  0.533  0.012  0.006  0.005  0.003  0.007       31
  6:     0.005  0.891  0.010  0.012  0.008  0.008  0.006  0.006  0.008  0.016  0.006  0.012  0.004  0.004  0.005       21
  7:     0.004  0.011  0.030  0.006  0.020  0.019  0.012  0.016  0.017  0.012  0.782  0.028  0.011  0.005  0.026       25
  8:     0.010  0.466  0.016  0.013  0.034  0.036  0.014  0.050  0.036  0.132  0.022  0.022  0.009  0.094  0.046        8
  9:     0.005  0.554  0.023  0.332  0.008  0.008  0.009  0.006  0.008  0.017  0.008  0.010  0.005  0.002  0.004       17
 10:     0.003  0.005  0.004  0.003  0.005  0.005  0.005  0.005  0.005  0.004  0.006  0.005  0.939  0.003  0.005       29
 11:     0.964  0.002  0.002  0.003  0.003  0.003  0.002  0.002  0.003  0.002  0.002  0.002  0.002  0.006  0.002        9
 12:     0.008  0.010  0.032  0.009  0.194  0.188  0.019  0.112  0.210  0.016  0.058  0.086  0.013  0.018  0.027       26
 13:     0.009  0.013  0.166  0.012  0.118  0.120  0.042  0.175  0.110  0.013  0.027  0.110  0.012  0.013  0.059       74
 14:     0.007  0.019  0.333  0.009  0.077  0.079  0.082  0.071  0.085  0.013  0.020  0.108  0.014  0.012  0.070       35
 15:     0.009  0.031  0.257  0.006  0.048  0.049  0.276  0.026  0.041  0.012  0.025  0.187  0.008  0.007  0.017       24
 16:     0.009  0.026  0.030  0.007  0.187  0.184  0.031  0.153  0.184  0.012  0.037  0.079  0.026  0.022  0.013       43
 17:     0.003  0.014  0.019  0.052  0.234  0.205  0.010  0.026  0.328  0.014  0.012  0.054  0.009  0.006  0.014        4
--------------------------------------------

Allele-freq. divergence among pops (Net nucleotide distance),
computed using point estimates of P.

      1       2       3       4       5       6       7       8       9      10      11      12      13      14      15      
 1      -    0.1442  0.1294  0.2031  0.0981  0.0981  0.1352  0.1090  0.1004  0.1433  0.1069  0.1152  0.1333  0.1130  0.1613  
 2   0.1442     -    0.0436  0.1062  0.0307  0.0303  0.0619  0.0348  0.0316  0.0405  0.0445  0.0400  0.0804  0.1445  0.0714  
 3   0.1294  0.0436     -    0.1195  0.0188  0.0183  0.0306  0.0290  0.0198  0.0632  0.0392  0.0150  0.0750  0.1261  0.0578  
 4   0.2031  0.1062  0.1195     -    0.1030  0.1026  0.1542  0.1126  0.1043  0.1355  0.1228  0.1191  0.1610  0.2161  0.1487  
 5   0.0981  0.0307  0.0188  0.1030     -    0.0000  0.0290  0.0091  0.0002  0.0382  0.0187  0.0080  0.0534  0.0806  0.0432  
 6   0.0981  0.0303  0.0183  0.1026  0.0000     -    0.0286  0.0091  0.0003  0.0382  0.0186  0.0077  0.0531  0.0810  0.0429  
 7   0.1352  0.0619  0.0306  0.1542  0.0290  0.0286     -    0.0376  0.0304  0.0674  0.0419  0.0239  0.0740  0.1276  0.0670  
 8   0.1090  0.0348  0.0290  0.1126  0.0091  0.0091  0.0376     -    0.0099  0.0463  0.0253  0.0169  0.0649  0.0917  0.0566  
 9   0.1004  0.0316  0.0198  0.1043  0.0002  0.0003  0.0304  0.0099     -    0.0388  0.0202  0.0090  0.0551  0.0819  0.0444  
10   0.1433  0.0405  0.0632  0.1355  0.0382  0.0382  0.0674  0.0463  0.0388     -    0.0563  0.0495  0.0938  0.1375  0.0744  
11   0.1069  0.0445  0.0392  0.1228  0.0187  0.0186  0.0419  0.0253  0.0202  0.0563     -    0.0276  0.0609  0.1044  0.0559  
12   0.1152  0.0400  0.0150  0.1191  0.0080  0.0077  0.0239  0.0169  0.0090  0.0495  0.0276     -    0.0639  0.1002  0.0439  
13   0.1333  0.0804  0.0750  0.1610  0.0534  0.0531  0.0740  0.0649  0.0551  0.0938  0.0609  0.0639     -    0.1221  0.0992  
14   0.1130  0.1445  0.1261  0.2161  0.0806  0.0810  0.1276  0.0917  0.0819  0.1375  0.1044  0.1002  0.1221     -    0.1258  
15   0.1613  0.0714  0.0578  0.1487  0.0432  0.0429  0.0670  0.0566  0.0444  0.0744  0.0559  0.0439  0.0992  0.1258     -    

Average distances (expected heterozygosity) between individuals in same cluster:
cluster  1  : 0.5328 
cluster  2  : 0.5387 
cluster  3  : 0.5653 
cluster  4  : 0.4305 
cluster  5  : 0.6440 
cluster  6  : 0.6439 
cluster  7  : 0.5606 
cluster  8  : 0.6094 
cluster  9  : 0.6389 
cluster 10  : 0.5390 
cluster 11  : 0.5957 
cluster 12  : 0.6072 
cluster 13  : 0.5443 
cluster 14  : 0.6322 
cluster 15  : 0.5452 

--------------------------------------------
Estimated Ln Prob of Data   = -52444.1
Mean value of ln likelihood = -50227.8
Variance of ln likelihood   = 4432.7
Mean value of alpha         = 0.0339

Mean value of Fst_1         = 0.3102
Mean value of Fst_2         = 0.1423
Mean value of Fst_3         = 0.1032
Mean value of Fst_4         = 0.4143
Mean value of Fst_5         = 0.0149
Mean value of Fst_6         = 0.0153
Mean value of Fst_7         = 0.1948
Mean value of Fst_8         = 0.0538
Mean value of Fst_9         = 0.0258
Mean value of Fst_10         = 0.1785
Mean value of Fst_11         = 0.0926
Mean value of Fst_12         = 0.0785
Mean value of Fst_13         = 0.2136
Mean value of Fst_14         = 0.1876
Mean value of Fst_15         = 0.2289


Inferred ancestry of individuals:
        Label (%Miss) Pop:  Inferred clusters
  1      221    (0)    1 :  0.003 0.910 0.008 0.004 0.007 0.007 0.006 0.008 0.007 0.008 0.017 0.007 0.002 0.003 0.003 
  2      222    (0)    1 :  0.004 0.412 0.008 0.006 0.009 0.009 0.004 0.007 0.010 0.493 0.007 0.007 0.009 0.004 0.011 
  3      223    (0)    1 :  0.003 0.880 0.010 0.007 0.009 0.010 0.005 0.027 0.010 0.008 0.008 0.009 0.003 0.006 0.006 
  4      224    (0)    1 :  0.001 0.957 0.003 0.005 0.003 0.003 0.002 0.003 0.003 0.005 0.004 0.002 0.004 0.001 0.004 
  5      225    (0)    1 :  0.002 0.942 0.004 0.004 0.005 0.006 0.004 0.005 0.005 0.007 0.003 0.004 0.004 0.002 0.004 
  6      226    (0)    1 :  0.006 0.933 0.003 0.004 0.004 0.004 0.002 0.010 0.004 0.003 0.012 0.003 0.002 0.001 0.006 
  7      227    (0)    1 :  0.015 0.858 0.005 0.005 0.011 0.012 0.005 0.018 0.010 0.003 0.035 0.007 0.005 0.007 0.004 
  8      228    (0)    1 :  0.003 0.880 0.028 0.012 0.009 0.009 0.004 0.009 0.009 0.006 0.006 0.008 0.005 0.004 0.008 
  9      234    (0)    1 :  0.003 0.947 0.005 0.004 0.004 0.004 0.004 0.004 0.004 0.007 0.003 0.004 0.002 0.001 0.004 
 10      235    (0)    1 :  0.004 0.953 0.003 0.004 0.003 0.004 0.002 0.002 0.004 0.009 0.004 0.003 0.002 0.001 0.002 
 11      236    (0)    1 :  0.002 0.956 0.002 0.014 0.002 0.003 0.002 0.003 0.002 0.003 0.005 0.002 0.002 0.001 0.002 
 12      237    (0)    1 :  0.002 0.947 0.004 0.002 0.004 0.004 0.004 0.006 0.004 0.008 0.003 0.005 0.002 0.002 0.003 
 13      238    (0)    1 :  0.003 0.849 0.005 0.003 0.009 0.009 0.006 0.009 0.008 0.039 0.025 0.011 0.012 0.006 0.005 
 14      239    (0)    1 :  0.007 0.695 0.015 0.024 0.026 0.025 0.010 0.043 0.025 0.013 0.081 0.012 0.015 0.002 0.006 
 15      240    (0)    1 :  0.002 0.949 0.003 0.006 0.003 0.004 0.005 0.003 0.004 0.005 0.006 0.003 0.003 0.001 0.003 
 16      242    (0)    1 :  0.001 0.314 0.023 0.003 0.076 0.080 0.008 0.142 0.041 0.256 0.011 0.032 0.002 0.001 0.008 
 17      243    (0)    1 :  0.016 0.846 0.005 0.006 0.014 0.015 0.006 0.011 0.013 0.013 0.022 0.009 0.014 0.002 0.008 
 18      244    (0)    1 :  0.013 0.892 0.002 0.002 0.008 0.008 0.003 0.015 0.008 0.015 0.022 0.004 0.003 0.003 0.003 
 19      245    (0)    1 :  0.009 0.769 0.008 0.048 0.014 0.016 0.047 0.009 0.014 0.004 0.012 0.013 0.007 0.022 0.008 
 20      246    (0)    1 :  0.005 0.945 0.003 0.003 0.004 0.005 0.002 0.003 0.005 0.011 0.003 0.003 0.003 0.003 0.003 
 21      248    (0)    1 :  0.003 0.869 0.004 0.009 0.007 0.008 0.004 0.009 0.007 0.045 0.005 0.006 0.020 0.003 0.002 
 22      249    (0)    1 :  0.001 0.968 0.002 0.002 0.002 0.002 0.002 0.003 0.002 0.002 0.004 0.002 0.002 0.001 0.004 
 23      250    (0)    1 :  0.006 0.854 0.014 0.012 0.015 0.014 0.006 0.010 0.016 0.005 0.010 0.017 0.010 0.007 0.007 
 24      251    (0)    1 :  0.004 0.919 0.012 0.005 0.005 0.005 0.005 0.006 0.005 0.016 0.004 0.007 0.003 0.001 0.002 
 25      252    (0)    1 :  0.001 0.862 0.011 0.005 0.008 0.009 0.014 0.008 0.008 0.004 0.006 0.015 0.038 0.002 0.011 
 26      253    (0)    1 :  0.003 0.831 0.004 0.007 0.023 0.024 0.003 0.024 0.020 0.003 0.008 0.009 0.022 0.016 0.004 
 27      254    (0)    1 :  0.002 0.938 0.004 0.004 0.005 0.005 0.006 0.007 0.005 0.004 0.007 0.005 0.003 0.001 0.003 
 28      255    (0)    1 :  0.003 0.593 0.011 0.018 0.016 0.017 0.005 0.013 0.018 0.234 0.050 0.010 0.006 0.002 0.004 
 29      256    (0)    1 :  0.002 0.869 0.005 0.002 0.010 0.010 0.004 0.005 0.009 0.055 0.004 0.007 0.002 0.004 0.012 
 30      257    (0)    1 :  0.003 0.890 0.009 0.003 0.008 0.009 0.010 0.011 0.008 0.007 0.017 0.009 0.009 0.002 0.004 
 31      258    (0)    1 :  0.002 0.870 0.011 0.009 0.010 0.010 0.010 0.008 0.009 0.027 0.011 0.010 0.003 0.005 0.004 
 32      259    (0)    1 :  0.002 0.882 0.006 0.002 0.013 0.015 0.020 0.009 0.017 0.010 0.006 0.008 0.003 0.002 0.005 
 33      260    (0)    1 :  0.006 0.830 0.005 0.021 0.006 0.006 0.003 0.004 0.006 0.005 0.026 0.005 0.070 0.002 0.003 
 34      261    (0)    1 :  0.002 0.740 0.017 0.003 0.014 0.013 0.110 0.005 0.012 0.005 0.015 0.049 0.008 0.002 0.006 
 35      262    (0)    1 :  0.001 0.966 0.002 0.002 0.002 0.002 0.003 0.002 0.002 0.007 0.002 0.002 0.002 0.001 0.003 
 36      263    (0)    1 :  0.005 0.867 0.003 0.005 0.006 0.005 0.004 0.005 0.005 0.014 0.042 0.006 0.024 0.003 0.005 
 37      264    (0)    1 :  0.001 0.930 0.004 0.003 0.004 0.004 0.007 0.004 0.004 0.009 0.006 0.005 0.003 0.001 0.013 
 38      265    (0)    1 :  0.002 0.873 0.005 0.007 0.006 0.006 0.009 0.003 0.006 0.018 0.020 0.004 0.035 0.001 0.006 
 39      266    (0)    1 :  0.001 0.960 0.003 0.005 0.003 0.003 0.002 0.003 0.003 0.005 0.002 0.003 0.002 0.001 0.002 
 40      267    (0)    1 :  0.002 0.944 0.003 0.002 0.003 0.003 0.002 0.005 0.003 0.022 0.003 0.003 0.001 0.001 0.003 
 41      268    (0)    1 :  0.008 0.882 0.005 0.003 0.006 0.006 0.004 0.007 0.006 0.004 0.006 0.008 0.050 0.001 0.004 
 42      269    (0)    1 :  0.001 0.940 0.003 0.018 0.003 0.003 0.005 0.003 0.003 0.007 0.004 0.004 0.002 0.001 0.002 
 43      270    (0)    1 :  0.002 0.939 0.004 0.003 0.003 0.003 0.004 0.004 0.003 0.004 0.006 0.003 0.002 0.001 0.019 
 44      271    (0)    1 :  0.003 0.706 0.008 0.078 0.026 0.025 0.027 0.016 0.026 0.012 0.012 0.036 0.010 0.006 0.009 
 45      272    (0)    1 :  0.006 0.293 0.009 0.013 0.029 0.027 0.099 0.008 0.029 0.437 0.008 0.016 0.005 0.001 0.018 
 46      273    (0)    1 :  0.002 0.824 0.015 0.010 0.013 0.013 0.009 0.015 0.016 0.013 0.040 0.008 0.003 0.004 0.016 
 47      274    (0)    1 :  0.003 0.922 0.005 0.006 0.005 0.005 0.014 0.005 0.005 0.004 0.009 0.006 0.006 0.002 0.003 
 48      275    (2)    1 :  0.002 0.945 0.005 0.003 0.004 0.004 0.004 0.005 0.004 0.008 0.007 0.003 0.002 0.002 0.003 
 49      276    (0)    1 :  0.002 0.921 0.007 0.005 0.006 0.006 0.010 0.007 0.006 0.006 0.005 0.009 0.004 0.001 0.005 
 50      277    (0)    1 :  0.001 0.810 0.055 0.012 0.011 0.012 0.008 0.007 0.011 0.003 0.008 0.050 0.002 0.001 0.008 
 51      278    (0)    1 :  0.008 0.846 0.018 0.005 0.009 0.009 0.012 0.011 0.010 0.016 0.006 0.043 0.004 0.001 0.002 
 52      279    (0)    1 :  0.002 0.891 0.006 0.003 0.014 0.013 0.004 0.009 0.016 0.016 0.006 0.010 0.003 0.002 0.005 
 53      280    (0)    1 :  0.003 0.805 0.025 0.062 0.011 0.010 0.009 0.012 0.011 0.007 0.018 0.016 0.005 0.002 0.004 
 54      287    (0)    1 :  0.004 0.883 0.010 0.003 0.014 0.016 0.006 0.008 0.013 0.004 0.013 0.010 0.006 0.003 0.006 
 55      290    (0)    1 :  0.006 0.794 0.010 0.006 0.012 0.012 0.011 0.008 0.016 0.085 0.010 0.009 0.003 0.002 0.016 
 56      291    (0)    1 :  0.003 0.867 0.033 0.014 0.010 0.011 0.010 0.006 0.010 0.003 0.006 0.014 0.006 0.002 0.004 
 57      295    (0)    1 :  0.001 0.934 0.021 0.003 0.004 0.004 0.005 0.003 0.004 0.006 0.005 0.005 0.003 0.001 0.003 
 58      296    (0)    1 :  0.003 0.935 0.003 0.005 0.004 0.004 0.003 0.008 0.004 0.008 0.004 0.004 0.004 0.002 0.009 
 59      872    (2)    1 :  0.006 0.841 0.004 0.004 0.005 0.005 0.004 0.004 0.005 0.091 0.005 0.007 0.007 0.005 0.005 
 60      873    (4)    1 :  0.004 0.849 0.003 0.010 0.016 0.016 0.003 0.011 0.013 0.027 0.012 0.009 0.003 0.003 0.020 
 61      874    (2)    1 :  0.001 0.924 0.007 0.002 0.004 0.004 0.008 0.006 0.004 0.012 0.005 0.013 0.002 0.001 0.005 
 62      875    (0)    1 :  0.017 0.915 0.005 0.005 0.005 0.005 0.004 0.005 0.005 0.014 0.005 0.004 0.002 0.003 0.003 
 63      876    (6)    1 :  0.001 0.876 0.013 0.005 0.008 0.008 0.007 0.019 0.008 0.005 0.022 0.011 0.011 0.002 0.005 
 64      212    (0)   10 :  0.001 0.002 0.004 0.002 0.003 0.003 0.003 0.003 0.003 0.003 0.002 0.003 0.964 0.002 0.003 
 65      213    (0)   10 :  0.003 0.004 0.007 0.008 0.004 0.004 0.002 0.006 0.004 0.002 0.003 0.006 0.940 0.002 0.003 
 66      214    (0)   10 :  0.001 0.004 0.003 0.002 0.005 0.005 0.008 0.006 0.005 0.006 0.006 0.005 0.938 0.003 0.002 
 67      215    (0)   10 :  0.003 0.005 0.008 0.003 0.004 0.004 0.003 0.004 0.003 0.005 0.004 0.004 0.945 0.002 0.003 
 68      216    (0)   10 :  0.002 0.004 0.005 0.004 0.003 0.003 0.003 0.002 0.003 0.002 0.003 0.004 0.957 0.001 0.004 
 69      217    (0)   10 :  0.002 0.005 0.004 0.004 0.005 0.005 0.005 0.009 0.005 0.004 0.003 0.005 0.936 0.002 0.006 
 70      218    (0)   10 :  0.002 0.003 0.003 0.002 0.003 0.003 0.003 0.003 0.003 0.002 0.003 0.003 0.962 0.003 0.004 
 71      332    (0)   10 :  0.005 0.010 0.008 0.003 0.007 0.007 0.010 0.011 0.006 0.007 0.016 0.010 0.866 0.002 0.033 
 72      333    (0)   10 :  0.010 0.011 0.006 0.004 0.014 0.013 0.008 0.010 0.011 0.013 0.027 0.007 0.851 0.008 0.007 
 73      334    (0)   10 :  0.003 0.007 0.004 0.003 0.004 0.004 0.004 0.005 0.004 0.002 0.008 0.005 0.937 0.002 0.007 
 74      335    (0)   10 :  0.002 0.002 0.004 0.001 0.003 0.003 0.005 0.003 0.003 0.002 0.003 0.003 0.964 0.002 0.002 
 75      336    (0)   10 :  0.014 0.003 0.002 0.004 0.003 0.003 0.002 0.002 0.002 0.005 0.005 0.003 0.948 0.002 0.003 
 76      337    (0)   10 :  0.002 0.009 0.003 0.002 0.005 0.005 0.003 0.006 0.005 0.008 0.010 0.003 0.935 0.003 0.002 
 77      673    (0)   10 :  0.001 0.002 0.002 0.001 0.001 0.001 0.002 0.001 0.001 0.001 0.002 0.001 0.980 0.002 0.001 
 78      674    (0)   10 :  0.002 0.003 0.003 0.002 0.005 0.005 0.006 0.003 0.005 0.005 0.005 0.005 0.941 0.002 0.008 
 79      675    (0)   10 :  0.004 0.003 0.007 0.004 0.004 0.004 0.003 0.003 0.004 0.002 0.005 0.005 0.945 0.002 0.003 
 80      676    (0)   10 :  0.001 0.003 0.008 0.001 0.004 0.004 0.013 0.007 0.004 0.002 0.006 0.006 0.932 0.002 0.006 
 81      677    (0)   10 :  0.002 0.006 0.003 0.002 0.003 0.003 0.005 0.005 0.003 0.003 0.004 0.003 0.953 0.002 0.002 
 82      678    (0)   10 :  0.004 0.008 0.009 0.004 0.011 0.011 0.006 0.007 0.012 0.012 0.003 0.007 0.900 0.004 0.003 
 83      679    (0)   10 :  0.002 0.004 0.002 0.001 0.007 0.007 0.004 0.005 0.007 0.002 0.007 0.005 0.906 0.025 0.015 
 84      680    (0)   10 :  0.005 0.004 0.006 0.003 0.005 0.005 0.010 0.004 0.005 0.003 0.013 0.007 0.921 0.002 0.008 
 85      681    (0)   10 :  0.002 0.006 0.005 0.002 0.005 0.005 0.003 0.008 0.005 0.003 0.006 0.005 0.938 0.002 0.004 
 86      682    (0)   10 :  0.004 0.002 0.002 0.003 0.002 0.002 0.002 0.002 0.002 0.002 0.002 0.002 0.969 0.002 0.002 
 87      683    (0)   10 :  0.002 0.005 0.004 0.004 0.005 0.005 0.004 0.004 0.005 0.003 0.007 0.005 0.938 0.002 0.006 
 88      684    (0)   10 :  0.003 0.002 0.004 0.002 0.005 0.005 0.007 0.003 0.006 0.003 0.006 0.005 0.943 0.002 0.004 
 89      685    (0)   10 :  0.003 0.003 0.003 0.003 0.006 0.005 0.003 0.005 0.006 0.006 0.009 0.004 0.937 0.005 0.003 
 90      686    (0)   10 :  0.003 0.002 0.002 0.002 0.002 0.002 0.002 0.002 0.002 0.002 0.003 0.002 0.968 0.004 0.002 
 91      687    (0)   10 :  0.002 0.002 0.003 0.002 0.002 0.002 0.002 0.002 0.002 0.002 0.003 0.002 0.970 0.001 0.002 
 92      688    (0)   10 :  0.002 0.007 0.004 0.003 0.003 0.003 0.014 0.004 0.003 0.004 0.005 0.008 0.934 0.001 0.005 
 93      070    (0)   11 :  0.953 0.002 0.002 0.001 0.005 0.005 0.004 0.003 0.005 0.004 0.003 0.003 0.002 0.008 0.002 
 94      071    (0)   11 :  0.957 0.002 0.003 0.006 0.003 0.003 0.003 0.003 0.003 0.002 0.004 0.003 0.006 0.001 0.002 
 95      072    (0)   11 :  0.972 0.001 0.002 0.003 0.002 0.002 0.002 0.002 0.002 0.002 0.002 0.002 0.001 0.005 0.001 
 96      151    (0)   11 :  0.979 0.001 0.002 0.001 0.001 0.001 0.002 0.001 0.001 0.001 0.002 0.002 0.001 0.002 0.001 
 97      152    (0)   11 :  0.948 0.003 0.004 0.005 0.006 0.005 0.003 0.005 0.006 0.002 0.004 0.004 0.002 0.002 0.002 
 98      153    (2)   11 :  0.980 0.001 0.001 0.001 0.001 0.001 0.001 0.001 0.001 0.002 0.002 0.001 0.001 0.002 0.001 
 99      788    (4)   11 :  0.940 0.002 0.003 0.003 0.003 0.003 0.003 0.002 0.003 0.001 0.002 0.002 0.002 0.029 0.001 
100      789    (2)   11 :  0.973 0.002 0.002 0.002 0.002 0.002 0.002 0.002 0.002 0.002 0.002 0.002 0.003 0.002 0.001 
101      790    (0)   11 :  0.975 0.002 0.002 0.003 0.002 0.002 0.001 0.002 0.002 0.002 0.002 0.001 0.001 0.001 0.001 
102      010    (0)   12 :  0.002 0.005 0.005 0.008 0.257 0.180 0.005 0.027 0.388 0.007 0.011 0.082 0.004 0.011 0.007 
103      024    (0)   12 :  0.006 0.006 0.012 0.005 0.307 0.287 0.042 0.015 0.171 0.006 0.010 0.074 0.010 0.042 0.008 
104      051    (0)   12 :  0.013 0.005 0.007 0.004 0.170 0.145 0.005 0.034 0.231 0.007 0.266 0.055 0.007 0.045 0.006 
105      090    (0)   12 :  0.007 0.007 0.018 0.003 0.221 0.248 0.010 0.125 0.194 0.009 0.054 0.064 0.005 0.022 0.014 
106      102    (0)   12 :  0.002 0.029 0.170 0.004 0.155 0.153 0.013 0.048 0.180 0.033 0.017 0.179 0.003 0.002 0.013 
107      111    (0)   12 :  0.002 0.006 0.007 0.071 0.208 0.164 0.029 0.092 0.307 0.024 0.011 0.067 0.004 0.004 0.005 
108      113    (0)   12 :  0.006 0.006 0.024 0.003 0.187 0.166 0.053 0.061 0.285 0.035 0.088 0.067 0.005 0.005 0.009 
109      138    (0)   12 :  0.048 0.009 0.013 0.002 0.074 0.078 0.008 0.566 0.067 0.003 0.017 0.032 0.074 0.005 0.003 
110      150    (0)   12 :  0.015 0.020 0.223 0.002 0.031 0.033 0.019 0.094 0.026 0.009 0.075 0.412 0.004 0.029 0.009 
111      173    (2)   12 :  0.019 0.005 0.014 0.007 0.221 0.253 0.032 0.023 0.111 0.007 0.196 0.048 0.011 0.019 0.033 
112      174    (2)   12 :  0.022 0.007 0.003 0.004 0.157 0.144 0.014 0.259 0.283 0.026 0.014 0.033 0.003 0.026 0.005 
113      175    (0)   12 :  0.006 0.003 0.008 0.002 0.245 0.239 0.005 0.027 0.289 0.014 0.031 0.054 0.003 0.069 0.006 
114      176    (0)   12 :  0.005 0.015 0.005 0.007 0.252 0.258 0.008 0.015 0.359 0.017 0.007 0.036 0.010 0.004 0.003 
115      177    (0)   12 :  0.003 0.003 0.010 0.002 0.167 0.175 0.034 0.053 0.202 0.008 0.285 0.042 0.002 0.009 0.004 
116      180    (0)   12 :  0.004 0.027 0.005 0.005 0.158 0.137 0.010 0.141 0.195 0.117 0.139 0.047 0.007 0.002 0.004 
117      184    (0)   12 :  0.015 0.006 0.021 0.005 0.101 0.135 0.017 0.428 0.083 0.004 0.016 0.103 0.005 0.009 0.053 
118      195    (0)   12 :  0.005 0.005 0.011 0.035 0.255 0.235 0.010 0.018 0.281 0.003 0.016 0.101 0.014 0.007 0.006 
119      198    (0)   12 :  0.003 0.011 0.008 0.035 0.178 0.152 0.006 0.328 0.169 0.017 0.021 0.054 0.007 0.008 0.003 
120      203    (0)   12 :  0.009 0.008 0.008 0.003 0.293 0.226 0.014 0.015 0.272 0.010 0.011 0.110 0.005 0.002 0.014 
121      211    (0)   12 :  0.003 0.025 0.010 0.003 0.229 0.241 0.038 0.024 0.286 0.004 0.007 0.050 0.072 0.004 0.004 
122      220    (0)   12 :  0.002 0.004 0.035 0.008 0.155 0.157 0.050 0.053 0.147 0.009 0.093 0.260 0.009 0.005 0.013 
123      233    (0)   12 :  0.005 0.009 0.171 0.002 0.220 0.247 0.030 0.017 0.157 0.004 0.020 0.052 0.042 0.002 0.021 
124      331    (0)   12 :  0.007 0.005 0.006 0.008 0.260 0.226 0.013 0.027 0.293 0.006 0.032 0.080 0.005 0.024 0.008 
125      349    (0)   12 :  0.008 0.008 0.012 0.006 0.098 0.104 0.005 0.013 0.101 0.011 0.049 0.042 0.006 0.101 0.434 
126      410    (0)   12 :  0.003 0.007 0.004 0.003 0.236 0.272 0.007 0.230 0.135 0.010 0.016 0.045 0.024 0.005 0.005 
127      417    (2)   12 :  0.002 0.028 0.011 0.007 0.212 0.226 0.004 0.180 0.238 0.007 0.007 0.060 0.005 0.004 0.007 
128      421    (0)   13 :  0.002 0.009 0.843 0.062 0.007 0.008 0.014 0.008 0.008 0.003 0.004 0.018 0.005 0.001 0.008 
129      423    (0)   13 :  0.008 0.006 0.005 0.003 0.229 0.240 0.003 0.037 0.301 0.011 0.010 0.109 0.002 0.008 0.029 
130      424    (0)   13 :  0.002 0.017 0.006 0.005 0.095 0.097 0.018 0.180 0.083 0.034 0.404 0.037 0.003 0.011 0.008 
131      433    (0)   13 :  0.002 0.004 0.287 0.003 0.070 0.090 0.028 0.193 0.081 0.005 0.008 0.201 0.016 0.010 0.004 
132      462    (0)   13 :  0.002 0.007 0.131 0.006 0.178 0.166 0.014 0.076 0.213 0.009 0.091 0.064 0.021 0.005 0.015 
133      463    (0)   13 :  0.003 0.013 0.007 0.019 0.233 0.208 0.007 0.096 0.238 0.005 0.008 0.059 0.003 0.026 0.074 
134      467    (0)   13 :  0.007 0.026 0.491 0.004 0.019 0.021 0.190 0.008 0.016 0.005 0.014 0.163 0.012 0.008 0.018 
135      468    (0)   13 :  0.003 0.017 0.099 0.026 0.007 0.008 0.009 0.006 0.007 0.007 0.008 0.018 0.002 0.002 0.781 
136      469    (0)   13 :  0.002 0.057 0.288 0.031 0.100 0.117 0.045 0.089 0.120 0.010 0.006 0.128 0.002 0.002 0.004 
137      472    (0)   13 :  0.004 0.008 0.035 0.015 0.292 0.346 0.004 0.029 0.181 0.003 0.009 0.039 0.007 0.022 0.007 
138      473    (0)   13 :  0.003 0.003 0.006 0.006 0.032 0.029 0.011 0.022 0.032 0.004 0.008 0.018 0.007 0.011 0.806 
139      474    (0)   13 :  0.002 0.012 0.058 0.002 0.006 0.006 0.009 0.018 0.005 0.003 0.006 0.601 0.012 0.002 0.258 
140      475    (0)   13 :  0.004 0.004 0.468 0.003 0.112 0.087 0.022 0.042 0.134 0.005 0.010 0.063 0.003 0.017 0.026 
141      476    (2)   13 :  0.012 0.004 0.020 0.002 0.011 0.010 0.038 0.005 0.010 0.007 0.006 0.577 0.013 0.017 0.270 
142      477    (0)   13 :  0.004 0.008 0.028 0.003 0.274 0.303 0.007 0.017 0.246 0.005 0.007 0.055 0.018 0.010 0.014 
143      478    (0)   13 :  0.002 0.012 0.021 0.003 0.182 0.188 0.201 0.011 0.176 0.053 0.018 0.123 0.002 0.003 0.004 
144      479    (0)   13 :  0.003 0.015 0.232 0.012 0.013 0.011 0.004 0.359 0.013 0.005 0.010 0.313 0.003 0.002 0.005 
145      480    (0)   13 :  0.002 0.003 0.922 0.001 0.006 0.006 0.015 0.006 0.006 0.004 0.005 0.007 0.002 0.002 0.014 
146      481    (0)   13 :  0.038 0.006 0.045 0.004 0.211 0.225 0.008 0.168 0.148 0.010 0.014 0.096 0.003 0.008 0.015 
147      482    (0)   13 :  0.002 0.004 0.020 0.095 0.161 0.135 0.179 0.115 0.155 0.005 0.020 0.043 0.056 0.004 0.004 
148      489    (0)   13 :  0.004 0.004 0.040 0.006 0.224 0.220 0.021 0.056 0.274 0.006 0.008 0.070 0.014 0.030 0.022 
149      490    (0)   13 :  0.003 0.016 0.006 0.005 0.017 0.015 0.026 0.853 0.016 0.008 0.012 0.010 0.003 0.005 0.004 
150      491    (0)   13 :  0.009 0.005 0.018 0.009 0.214 0.236 0.010 0.115 0.100 0.004 0.087 0.065 0.115 0.001 0.010 
151      492    (0)   13 :  0.004 0.013 0.022 0.003 0.024 0.023 0.028 0.012 0.021 0.037 0.009 0.537 0.009 0.011 0.247 
152      493    (0)   13 :  0.009 0.010 0.297 0.005 0.058 0.059 0.005 0.009 0.065 0.004 0.020 0.423 0.006 0.018 0.012 
153      494    (0)   13 :  0.025 0.005 0.294 0.012 0.090 0.079 0.010 0.265 0.078 0.004 0.016 0.050 0.038 0.025 0.010 
154      498    (0)   13 :  0.007 0.023 0.011 0.003 0.222 0.276 0.007 0.142 0.133 0.014 0.007 0.085 0.004 0.011 0.056 
155      499    (0)   13 :  0.004 0.011 0.007 0.003 0.256 0.212 0.042 0.035 0.234 0.006 0.054 0.116 0.007 0.008 0.007 
156      709    (0)   13 :  0.071 0.008 0.007 0.017 0.208 0.240 0.018 0.168 0.147 0.009 0.011 0.066 0.011 0.014 0.005 
157      710    (4)   13 :  0.005 0.008 0.407 0.012 0.099 0.138 0.005 0.026 0.143 0.005 0.003 0.047 0.003 0.092 0.006 
158      711    (2)   13 :  0.007 0.018 0.017 0.024 0.240 0.204 0.008 0.042 0.220 0.062 0.097 0.050 0.003 0.003 0.006 
159      712    (4)   13 :  0.002 0.006 0.008 0.004 0.007 0.008 0.007 0.918 0.010 0.007 0.008 0.006 0.003 0.002 0.003 
160      713    (0)   13 :  0.004 0.004 0.003 0.021 0.294 0.247 0.007 0.011 0.269 0.005 0.008 0.085 0.007 0.024 0.011 
161      714    (2)   13 :  0.016 0.010 0.572 0.005 0.024 0.022 0.014 0.008 0.021 0.008 0.020 0.220 0.002 0.009 0.050 
162      715    (4)   13 :  0.013 0.040 0.585 0.015 0.019 0.019 0.152 0.027 0.018 0.015 0.026 0.025 0.038 0.004 0.003 
163      716    (0)   13 :  0.003 0.003 0.423 0.005 0.015 0.019 0.021 0.015 0.018 0.005 0.005 0.455 0.004 0.002 0.007 
164      717    (2)   13 :  0.003 0.007 0.044 0.009 0.082 0.069 0.389 0.015 0.073 0.086 0.012 0.184 0.009 0.005 0.010 
165      718    (4)   13 :  0.002 0.011 0.026 0.009 0.016 0.018 0.004 0.831 0.027 0.006 0.016 0.024 0.002 0.003 0.005 
166      719    (0)   13 :  0.002 0.003 0.958 0.004 0.004 0.004 0.005 0.003 0.004 0.002 0.002 0.004 0.002 0.002 0.003 
167      720    (2)   13 :  0.002 0.007 0.663 0.009 0.041 0.050 0.066 0.007 0.052 0.006 0.010 0.046 0.017 0.009 0.013 
168      721    (0)   13 :  0.033 0.005 0.069 0.013 0.106 0.104 0.023 0.031 0.112 0.006 0.021 0.382 0.006 0.007 0.083 
169      722    (4)   13 :  0.002 0.008 0.746 0.016 0.006 0.015 0.082 0.008 0.013 0.006 0.005 0.045 0.002 0.001 0.044 
170      723    (0)   13 :  0.007 0.003 0.873 0.002 0.017 0.019 0.011 0.007 0.013 0.007 0.003 0.028 0.005 0.003 0.003 
171      724    (0)   13 :  0.005 0.015 0.675 0.062 0.017 0.019 0.016 0.008 0.012 0.012 0.007 0.112 0.009 0.018 0.015 
172      725    (0)   13 :  0.004 0.005 0.021 0.010 0.283 0.265 0.018 0.020 0.274 0.009 0.012 0.035 0.010 0.019 0.014 
173      726    (0)   13 :  0.006 0.004 0.036 0.011 0.189 0.186 0.017 0.024 0.162 0.003 0.008 0.272 0.005 0.012 0.065 
174      727    (0)   13 :  0.010 0.005 0.019 0.008 0.144 0.155 0.021 0.085 0.199 0.003 0.012 0.313 0.011 0.002 0.013 
175      728    (2)   13 :  0.094 0.008 0.011 0.011 0.262 0.287 0.013 0.008 0.221 0.015 0.011 0.044 0.006 0.006 0.003 
176      729    (6)   13 :  0.005 0.005 0.022 0.004 0.258 0.349 0.047 0.064 0.150 0.005 0.016 0.062 0.004 0.004 0.004 
177      730    (2)   13 :  0.007 0.011 0.026 0.013 0.046 0.041 0.031 0.732 0.047 0.009 0.012 0.015 0.005 0.003 0.002 
178      731    (2)   13 :  0.002 0.008 0.006 0.004 0.016 0.018 0.003 0.879 0.024 0.004 0.005 0.021 0.002 0.004 0.005 
179      732    (0)   13 :  0.002 0.010 0.029 0.006 0.215 0.233 0.016 0.013 0.276 0.012 0.011 0.151 0.006 0.009 0.011 
180      733    (0)   13 :  0.004 0.013 0.057 0.045 0.220 0.214 0.031 0.105 0.196 0.011 0.017 0.063 0.003 0.017 0.003 
181      734    (2)   13 :  0.009 0.011 0.008 0.001 0.152 0.138 0.109 0.065 0.140 0.007 0.085 0.134 0.094 0.043 0.004 
182      735    (4)   13 :  0.003 0.005 0.044 0.008 0.204 0.215 0.014 0.168 0.176 0.008 0.032 0.065 0.008 0.002 0.048 
183      736    (2)   13 :  0.018 0.004 0.006 0.003 0.149 0.133 0.007 0.357 0.192 0.005 0.019 0.069 0.022 0.010 0.005 
184      737    (0)   13 :  0.012 0.012 0.003 0.004 0.050 0.050 0.005 0.725 0.049 0.029 0.016 0.022 0.004 0.003 0.016 
185      738    (2)   13 :  0.003 0.008 0.007 0.003 0.126 0.113 0.008 0.446 0.147 0.005 0.083 0.037 0.005 0.005 0.004 
186      739    (8)   13 :  0.015 0.008 0.031 0.004 0.035 0.036 0.012 0.773 0.033 0.004 0.012 0.021 0.006 0.002 0.009 
187      740    (4)   13 :  0.002 0.005 0.116 0.014 0.063 0.062 0.006 0.611 0.060 0.005 0.004 0.040 0.002 0.006 0.003 
188      741    (2)   13 :  0.002 0.076 0.027 0.032 0.122 0.122 0.092 0.188 0.096 0.096 0.011 0.067 0.029 0.013 0.028 
189      742    (4)   13 :  0.007 0.012 0.015 0.002 0.107 0.092 0.006 0.458 0.137 0.019 0.086 0.041 0.005 0.007 0.006 
190      743    (2)   13 :  0.002 0.006 0.080 0.003 0.009 0.009 0.655 0.008 0.009 0.004 0.006 0.192 0.011 0.002 0.003 
191      744    (0)   13 :  0.026 0.005 0.243 0.004 0.156 0.121 0.018 0.033 0.159 0.005 0.007 0.098 0.005 0.117 0.004 
192      745    (0)   13 :  0.016 0.052 0.483 0.015 0.092 0.096 0.039 0.030 0.090 0.026 0.008 0.039 0.005 0.003 0.008 
193      746    (2)   13 :  0.004 0.004 0.011 0.011 0.184 0.161 0.003 0.368 0.145 0.043 0.011 0.041 0.005 0.005 0.005 
194      747    (2)   13 :  0.006 0.035 0.017 0.006 0.086 0.086 0.005 0.516 0.099 0.008 0.061 0.036 0.022 0.005 0.015 
195      748    (0)   13 :  0.006 0.110 0.007 0.018 0.138 0.165 0.004 0.035 0.073 0.029 0.075 0.113 0.017 0.012 0.199 
196      749    (2)   13 :  0.010 0.017 0.012 0.057 0.179 0.166 0.038 0.021 0.129 0.012 0.133 0.045 0.022 0.157 0.003 
197      750    (4)   13 :  0.005 0.010 0.008 0.006 0.245 0.259 0.051 0.109 0.185 0.026 0.013 0.059 0.005 0.014 0.005 
198      751    (0)   13 :  0.014 0.010 0.014 0.009 0.249 0.291 0.018 0.048 0.187 0.008 0.073 0.059 0.007 0.002 0.011 
199      752    (2)   13 :  0.001 0.011 0.104 0.003 0.006 0.007 0.007 0.017 0.006 0.005 0.006 0.024 0.003 0.002 0.798 
200      753    (4)   13 :  0.011 0.028 0.050 0.015 0.211 0.196 0.011 0.015 0.242 0.006 0.044 0.076 0.033 0.004 0.060 
201      754    (2)   13 :  0.003 0.003 0.003 0.002 0.005 0.005 0.010 0.941 0.005 0.003 0.004 0.006 0.003 0.005 0.003 
202      155    (0)   14 :  0.004 0.022 0.010 0.006 0.284 0.288 0.009 0.015 0.219 0.007 0.007 0.079 0.031 0.010 0.007 
203      156    (2)   14 :  0.105 0.015 0.008 0.006 0.210 0.183 0.035 0.015 0.360 0.006 0.008 0.029 0.005 0.012 0.004 
204      157    (2)   14 :  0.002 0.004 0.007 0.004 0.022 0.027 0.020 0.802 0.024 0.006 0.008 0.011 0.011 0.035 0.016 
205      158    (0)   14 :  0.004 0.007 0.030 0.006 0.243 0.301 0.008 0.019 0.278 0.010 0.034 0.045 0.007 0.005 0.003 
206      159    (0)   14 :  0.010 0.013 0.020 0.111 0.219 0.228 0.005 0.127 0.167 0.008 0.011 0.056 0.003 0.015 0.009 
207      160    (0)   14 :  0.003 0.015 0.058 0.004 0.032 0.042 0.022 0.254 0.028 0.003 0.036 0.475 0.009 0.003 0.017 
208      161    (0)   14 :  0.003 0.006 0.030 0.009 0.065 0.090 0.020 0.409 0.059 0.003 0.010 0.049 0.008 0.231 0.008 
209      162    (0)   14 :  0.005 0.008 0.036 0.002 0.097 0.093 0.256 0.006 0.096 0.007 0.017 0.350 0.005 0.002 0.018 
210      163    (2)   14 :  0.009 0.003 0.006 0.002 0.194 0.152 0.015 0.122 0.355 0.008 0.060 0.055 0.003 0.004 0.011 
211      164    (0)   14 :  0.002 0.061 0.027 0.005 0.246 0.237 0.009 0.064 0.198 0.011 0.015 0.052 0.018 0.017 0.037 
212      165    (2)   14 :  0.004 0.006 0.005 0.004 0.259 0.224 0.006 0.033 0.401 0.006 0.003 0.020 0.005 0.018 0.005 
213      427    (0)   14 :  0.009 0.005 0.778 0.021 0.011 0.013 0.014 0.007 0.011 0.003 0.014 0.015 0.090 0.004 0.004 
214      428    (0)   14 :  0.003 0.007 0.874 0.012 0.007 0.008 0.005 0.003 0.007 0.004 0.026 0.022 0.004 0.002 0.014 
215      429    (0)   14 :  0.003 0.005 0.393 0.006 0.011 0.012 0.445 0.005 0.009 0.008 0.006 0.086 0.003 0.002 0.007 
216      430    (0)   14 :  0.002 0.022 0.020 0.005 0.168 0.186 0.021 0.039 0.158 0.050 0.077 0.187 0.004 0.006 0.055 
217      431    (0)   14 :  0.002 0.047 0.361 0.007 0.022 0.027 0.164 0.015 0.027 0.023 0.012 0.280 0.004 0.003 0.006 
218      435    (0)   14 :  0.002 0.003 0.602 0.003 0.005 0.006 0.247 0.007 0.005 0.004 0.004 0.102 0.002 0.001 0.008 
219      436    (0)   14 :  0.002 0.009 0.482 0.006 0.006 0.007 0.018 0.005 0.006 0.004 0.004 0.440 0.003 0.003 0.006 
220      437    (0)   14 :  0.002 0.058 0.443 0.025 0.019 0.032 0.008 0.011 0.025 0.007 0.005 0.344 0.005 0.002 0.014 
221      438    (0)   14 :  0.007 0.032 0.692 0.012 0.023 0.030 0.008 0.014 0.024 0.018 0.017 0.088 0.002 0.004 0.029 
222      439    (0)   14 :  0.006 0.011 0.227 0.004 0.111 0.119 0.032 0.176 0.100 0.036 0.016 0.115 0.004 0.002 0.040 
223      441    (0)   14 :  0.001 0.003 0.007 0.001 0.003 0.003 0.003 0.002 0.003 0.005 0.003 0.004 0.003 0.002 0.959 
224      442    (0)   14 :  0.006 0.011 0.611 0.002 0.016 0.019 0.068 0.004 0.013 0.003 0.012 0.020 0.199 0.002 0.012 
225      443    (4)   14 :  0.002 0.008 0.926 0.003 0.005 0.005 0.004 0.010 0.005 0.004 0.009 0.006 0.002 0.002 0.009 
226      444    (4)   14 :  0.004 0.007 0.902 0.008 0.008 0.008 0.016 0.005 0.007 0.003 0.007 0.008 0.010 0.005 0.002 
227      445    (2)   14 :  0.008 0.049 0.619 0.008 0.078 0.094 0.005 0.007 0.080 0.005 0.004 0.027 0.004 0.003 0.009 
228      446    (0)   14 :  0.003 0.003 0.048 0.002 0.004 0.004 0.806 0.004 0.004 0.003 0.005 0.105 0.004 0.002 0.002 
229      447    (0)   14 :  0.004 0.024 0.416 0.008 0.015 0.016 0.321 0.016 0.016 0.003 0.009 0.141 0.006 0.001 0.003 
230      449    (0)   14 :  0.002 0.005 0.947 0.003 0.004 0.004 0.005 0.003 0.003 0.005 0.003 0.008 0.005 0.001 0.003 
231      460    (0)   14 :  0.002 0.019 0.609 0.007 0.033 0.032 0.083 0.009 0.036 0.008 0.007 0.035 0.006 0.006 0.107 
232      461    (0)   14 :  0.002 0.027 0.213 0.007 0.100 0.110 0.024 0.153 0.073 0.015 0.058 0.199 0.008 0.005 0.007 
233      484    (0)   14 :  0.008 0.143 0.036 0.004 0.087 0.096 0.087 0.074 0.070 0.170 0.174 0.022 0.013 0.004 0.013 
234      485    (0)   14 :  0.002 0.004 0.844 0.002 0.010 0.010 0.011 0.014 0.010 0.003 0.003 0.073 0.004 0.002 0.008 
235      486    (0)   14 :  0.001 0.002 0.002 0.002 0.002 0.002 0.002 0.001 0.002 0.002 0.002 0.002 0.002 0.001 0.976 
236      487    (0)   14 :  0.003 0.006 0.371 0.006 0.074 0.070 0.086 0.026 0.085 0.007 0.013 0.227 0.010 0.002 0.014 
237      178    (0)   15 :  0.006 0.004 0.271 0.004 0.099 0.104 0.034 0.040 0.098 0.003 0.011 0.288 0.006 0.013 0.019 
238      422    (0)   15 :  0.003 0.016 0.580 0.003 0.010 0.010 0.264 0.031 0.010 0.006 0.006 0.053 0.003 0.001 0.004 
239      425    (0)   15 :  0.001 0.004 0.052 0.005 0.014 0.013 0.609 0.009 0.011 0.002 0.006 0.263 0.003 0.002 0.006 
240      426    (0)   15 :  0.113 0.004 0.014 0.003 0.123 0.126 0.105 0.043 0.071 0.005 0.252 0.090 0.022 0.025 0.004 
241      432    (0)   15 :  0.008 0.010 0.280 0.009 0.180 0.197 0.023 0.020 0.148 0.009 0.042 0.053 0.009 0.005 0.009 
242      434    (0)   15 :  0.002 0.004 0.064 0.004 0.003 0.003 0.758 0.003 0.003 0.004 0.004 0.141 0.003 0.001 0.003 
243      440    (0)   15 :  0.002 0.005 0.069 0.002 0.095 0.096 0.330 0.008 0.107 0.008 0.034 0.201 0.013 0.003 0.027 
244      448    (2)   15 :  0.002 0.010 0.853 0.030 0.007 0.008 0.016 0.009 0.006 0.020 0.010 0.009 0.014 0.002 0.005 
245      456    (0)   15 :  0.003 0.083 0.078 0.004 0.153 0.169 0.044 0.010 0.163 0.083 0.020 0.172 0.010 0.003 0.005 
246      457    (0)   15 :  0.005 0.017 0.445 0.008 0.084 0.087 0.029 0.017 0.075 0.029 0.022 0.136 0.005 0.003 0.037 
247      458    (0)   15 :  0.006 0.012 0.029 0.005 0.163 0.127 0.033 0.127 0.070 0.005 0.054 0.334 0.017 0.004 0.014 
248      459    (0)   15 :  0.003 0.008 0.887 0.002 0.010 0.011 0.012 0.014 0.009 0.004 0.012 0.011 0.005 0.005 0.007 
249      464    (0)   15 :  0.005 0.004 0.541 0.003 0.014 0.015 0.139 0.006 0.015 0.004 0.005 0.216 0.009 0.012 0.013 
250      465    (0)   15 :  0.001 0.005 0.028 0.002 0.010 0.009 0.420 0.014 0.008 0.006 0.004 0.474 0.002 0.003 0.015 
251      466    (0)   15 :  0.001 0.020 0.669 0.015 0.031 0.048 0.045 0.023 0.041 0.006 0.008 0.072 0.005 0.002 0.012 
252      470    (0)   15 :  0.002 0.003 0.634 0.003 0.007 0.007 0.016 0.009 0.007 0.006 0.011 0.205 0.005 0.003 0.083 
253      471    (0)   15 :  0.036 0.008 0.238 0.020 0.036 0.034 0.401 0.010 0.033 0.026 0.046 0.097 0.003 0.004 0.006 
254      483    (0)   15 :  0.002 0.004 0.014 0.002 0.005 0.005 0.919 0.010 0.006 0.003 0.007 0.010 0.006 0.004 0.004 
255      488    (0)   15 :  0.002 0.014 0.132 0.002 0.022 0.027 0.006 0.086 0.016 0.003 0.010 0.612 0.005 0.002 0.061 
256      495    (0)   15 :  0.001 0.013 0.047 0.002 0.007 0.007 0.674 0.014 0.007 0.014 0.006 0.198 0.002 0.003 0.003 
257      496    (0)   15 :  0.002 0.002 0.095 0.005 0.014 0.016 0.110 0.044 0.014 0.004 0.006 0.649 0.002 0.003 0.032 
258      497    (0)   15 :  0.002 0.005 0.066 0.003 0.007 0.006 0.702 0.004 0.006 0.022 0.002 0.143 0.026 0.003 0.002 
259      500    (0)   15 :  0.004 0.479 0.078 0.014 0.059 0.057 0.008 0.058 0.066 0.024 0.007 0.040 0.003 0.061 0.040 
260      879    (0)   15 :  0.002 0.002 0.014 0.001 0.004 0.004 0.934 0.005 0.004 0.002 0.006 0.009 0.006 0.003 0.005 
261      036    (0)   16 :  0.004 0.006 0.019 0.011 0.346 0.341 0.008 0.026 0.169 0.004 0.005 0.051 0.002 0.003 0.005 
262      063    (2)   16 :  0.004 0.013 0.033 0.003 0.208 0.198 0.011 0.064 0.310 0.036 0.043 0.049 0.015 0.003 0.012 
263      094    (4)   16 :  0.005 0.077 0.028 0.010 0.118 0.118 0.007 0.412 0.074 0.011 0.016 0.094 0.009 0.011 0.009 
264      103    (4)   16 :  0.003 0.004 0.006 0.004 0.255 0.219 0.006 0.034 0.401 0.022 0.003 0.021 0.005 0.011 0.007 
265      112    (0)   16 :  0.004 0.006 0.006 0.003 0.139 0.119 0.008 0.445 0.147 0.007 0.045 0.047 0.006 0.007 0.011 
266      114    (2)   16 :  0.002 0.004 0.015 0.008 0.237 0.235 0.015 0.125 0.226 0.004 0.005 0.101 0.004 0.003 0.014 
267      120    (0)   16 :  0.002 0.012 0.007 0.012 0.022 0.023 0.007 0.835 0.020 0.005 0.014 0.027 0.004 0.003 0.007 
268      127    (2)   16 :  0.003 0.008 0.005 0.005 0.222 0.248 0.007 0.049 0.141 0.005 0.071 0.129 0.006 0.006 0.095 
269      147    (0)   16 :  0.047 0.002 0.014 0.005 0.221 0.204 0.013 0.027 0.150 0.005 0.234 0.058 0.007 0.008 0.007 
270      166    (0)   16 :  0.027 0.006 0.036 0.004 0.170 0.159 0.009 0.059 0.167 0.013 0.115 0.134 0.018 0.078 0.005 
271      167    (0)   16 :  0.005 0.007 0.026 0.016 0.106 0.092 0.275 0.021 0.084 0.058 0.006 0.266 0.005 0.006 0.027 
272      168    (0)   16 :  0.003 0.004 0.015 0.015 0.291 0.291 0.011 0.019 0.234 0.004 0.004 0.088 0.004 0.014 0.003 
273      169    (2)   16 :  0.006 0.008 0.045 0.006 0.114 0.102 0.190 0.046 0.105 0.005 0.044 0.314 0.004 0.004 0.005 
274      170    (0)   16 :  0.005 0.026 0.015 0.004 0.242 0.187 0.011 0.078 0.246 0.006 0.020 0.060 0.037 0.041 0.022 
275      171    (2)   16 :  0.010 0.071 0.006 0.003 0.230 0.198 0.005 0.017 0.392 0.008 0.023 0.024 0.004 0.005 0.003 
276      172    (0)   16 :  0.013 0.014 0.007 0.012 0.023 0.022 0.014 0.815 0.019 0.011 0.014 0.026 0.004 0.004 0.002 
277      185    (0)   16 :  0.005 0.004 0.074 0.002 0.246 0.200 0.040 0.013 0.286 0.009 0.032 0.064 0.005 0.005 0.014 
278      199    (2)   16 :  0.005 0.006 0.006 0.007 0.209 0.189 0.004 0.009 0.245 0.003 0.007 0.081 0.208 0.011 0.011 
279      339    (0)   16 :  0.006 0.006 0.023 0.002 0.059 0.057 0.320 0.007 0.051 0.015 0.011 0.425 0.008 0.002 0.010 
280      355    (0)   16 :  0.013 0.003 0.004 0.002 0.269 0.181 0.003 0.007 0.320 0.005 0.009 0.074 0.075 0.031 0.004 
281      356    (0)   16 :  0.003 0.004 0.004 0.006 0.031 0.035 0.006 0.668 0.022 0.003 0.006 0.025 0.005 0.157 0.024 
282      357    (0)   16 :  0.012 0.007 0.008 0.009 0.251 0.304 0.006 0.081 0.188 0.004 0.017 0.066 0.014 0.006 0.026 
283      358    (0)   16 :  0.006 0.008 0.011 0.002 0.318 0.345 0.008 0.008 0.158 0.049 0.011 0.053 0.003 0.004 0.015 
284      359    (0)   16 :  0.002 0.004 0.005 0.002 0.203 0.169 0.015 0.277 0.208 0.021 0.019 0.059 0.009 0.005 0.003 
285      360    (0)   16 :  0.009 0.015 0.023 0.005 0.264 0.245 0.031 0.026 0.271 0.003 0.022 0.056 0.005 0.019 0.006 
286      361    (0)   16 :  0.002 0.005 0.023 0.003 0.021 0.020 0.039 0.797 0.025 0.006 0.011 0.038 0.003 0.002 0.005 
287      362    (0)   16 :  0.005 0.228 0.024 0.002 0.153 0.148 0.116 0.058 0.114 0.011 0.076 0.045 0.005 0.013 0.004 
288      363    (0)   16 :  0.012 0.006 0.016 0.005 0.120 0.118 0.009 0.030 0.091 0.009 0.471 0.046 0.048 0.007 0.011 
289      364    (0)   16 :  0.003 0.332 0.011 0.003 0.131 0.144 0.005 0.045 0.092 0.008 0.014 0.056 0.039 0.091 0.026 
290      365    (0)   16 :  0.011 0.026 0.073 0.002 0.239 0.266 0.011 0.024 0.150 0.006 0.006 0.102 0.003 0.069 0.011 
291      366    (0)   16 :  0.026 0.004 0.005 0.001 0.282 0.319 0.004 0.117 0.143 0.013 0.014 0.061 0.003 0.005 0.003 
292      367    (0)   16 :  0.009 0.011 0.008 0.005 0.237 0.224 0.005 0.015 0.351 0.016 0.005 0.082 0.003 0.002 0.026 
293      368    (0)   16 :  0.012 0.030 0.005 0.008 0.233 0.185 0.004 0.008 0.329 0.020 0.006 0.042 0.004 0.062 0.052 
294      369    (0)   16 :  0.004 0.003 0.004 0.002 0.221 0.175 0.005 0.011 0.475 0.005 0.008 0.065 0.004 0.014 0.003 
295      370    (0)   16 :  0.012 0.005 0.016 0.012 0.098 0.106 0.010 0.485 0.071 0.044 0.016 0.036 0.007 0.076 0.005 
296      371    (0)   16 :  0.003 0.016 0.012 0.006 0.266 0.235 0.008 0.011 0.343 0.010 0.004 0.074 0.007 0.002 0.003 
297      372    (0)   16 :  0.004 0.012 0.457 0.003 0.015 0.015 0.011 0.014 0.016 0.003 0.056 0.052 0.334 0.006 0.002 
298      373    (0)   16 :  0.003 0.007 0.029 0.004 0.203 0.230 0.027 0.105 0.211 0.010 0.005 0.031 0.034 0.100 0.003 
299      380    (0)   16 :  0.005 0.018 0.010 0.043 0.258 0.266 0.006 0.087 0.159 0.009 0.040 0.076 0.010 0.011 0.003 
300      388    (0)   16 :  0.007 0.011 0.008 0.006 0.130 0.157 0.007 0.476 0.073 0.012 0.024 0.023 0.021 0.041 0.004 
301      418    (0)   16 :  0.006 0.016 0.015 0.028 0.237 0.295 0.004 0.030 0.230 0.004 0.018 0.063 0.040 0.006 0.009 
302      419    (0)   16 :  0.006 0.005 0.035 0.011 0.235 0.305 0.006 0.028 0.269 0.006 0.007 0.068 0.003 0.007 0.009 
303      420    (0)   16 :  0.050 0.048 0.105 0.003 0.175 0.206 0.017 0.083 0.147 0.011 0.015 0.058 0.065 0.006 0.012 
304      409    (0)   17 :  0.002 0.008 0.025 0.109 0.204 0.184 0.005 0.051 0.341 0.006 0.012 0.038 0.004 0.005 0.007 
305      414    (0)   17 :  0.002 0.014 0.005 0.015 0.257 0.216 0.011 0.007 0.408 0.007 0.012 0.030 0.007 0.002 0.007 
306      415    (2)   17 :  0.003 0.006 0.005 0.004 0.260 0.203 0.007 0.030 0.333 0.011 0.010 0.064 0.013 0.014 0.036 
307      416    (0)   17 :  0.003 0.029 0.042 0.081 0.215 0.219 0.016 0.015 0.232 0.034 0.012 0.085 0.011 0.003 0.004 
308      571    (0)    2 :  0.004 0.857 0.019 0.004 0.006 0.006 0.011 0.005 0.006 0.016 0.025 0.008 0.003 0.002 0.027 
309      572    (0)    2 :  0.006 0.816 0.003 0.008 0.016 0.017 0.004 0.007 0.016 0.041 0.040 0.006 0.004 0.004 0.011 
310      573    (2)    2 :  0.001 0.935 0.005 0.004 0.007 0.008 0.006 0.004 0.006 0.006 0.003 0.004 0.003 0.001 0.008 
311      574    (0)    2 :  0.003 0.902 0.005 0.014 0.010 0.009 0.007 0.006 0.010 0.008 0.005 0.008 0.002 0.008 0.004 
312      575    (2)    2 :  0.008 0.816 0.009 0.006 0.016 0.014 0.005 0.006 0.014 0.014 0.066 0.008 0.008 0.006 0.006 
313      576    (0)    2 :  0.001 0.964 0.003 0.003 0.003 0.003 0.003 0.002 0.003 0.005 0.003 0.003 0.002 0.001 0.002 
314      577    (0)    2 :  0.002 0.900 0.005 0.008 0.007 0.008 0.011 0.004 0.007 0.015 0.006 0.008 0.007 0.002 0.010 
315      578    (0)    2 :  0.002 0.903 0.004 0.048 0.003 0.003 0.005 0.002 0.003 0.004 0.004 0.005 0.007 0.001 0.004 
316      579    (0)    2 :  0.002 0.940 0.007 0.007 0.004 0.003 0.007 0.003 0.003 0.003 0.004 0.010 0.004 0.001 0.002 
317      580    (0)    2 :  0.002 0.963 0.003 0.002 0.003 0.003 0.004 0.003 0.003 0.003 0.003 0.003 0.002 0.001 0.002 
318      581    (0)    2 :  0.003 0.943 0.005 0.014 0.003 0.003 0.006 0.002 0.003 0.007 0.003 0.004 0.002 0.001 0.002 
319      582    (4)    2 :  0.050 0.760 0.010 0.003 0.018 0.019 0.035 0.012 0.018 0.012 0.007 0.031 0.018 0.004 0.002 
320      583    (0)    2 :  0.010 0.495 0.010 0.004 0.104 0.122 0.045 0.025 0.064 0.008 0.036 0.040 0.016 0.002 0.020 
321      584    (0)    2 :  0.003 0.855 0.026 0.014 0.008 0.008 0.038 0.007 0.008 0.006 0.006 0.009 0.007 0.002 0.005 
322      585    (0)    2 :  0.002 0.932 0.005 0.002 0.004 0.004 0.009 0.003 0.004 0.010 0.006 0.006 0.002 0.001 0.009 
323      586    (2)    2 :  0.003 0.932 0.006 0.004 0.004 0.004 0.007 0.003 0.004 0.007 0.006 0.006 0.010 0.001 0.004 
324      587    (0)    2 :  0.002 0.959 0.003 0.008 0.003 0.003 0.003 0.003 0.003 0.003 0.003 0.003 0.002 0.001 0.002 
325      588    (0)    2 :  0.011 0.820 0.011 0.005 0.022 0.021 0.005 0.008 0.026 0.008 0.013 0.010 0.011 0.008 0.021 
326      589    (0)    2 :  0.005 0.710 0.027 0.018 0.035 0.036 0.023 0.010 0.032 0.011 0.050 0.015 0.018 0.006 0.005 
327      590    (0)    2 :  0.009 0.805 0.006 0.033 0.006 0.008 0.005 0.005 0.006 0.030 0.003 0.011 0.010 0.004 0.059 
328      001    (0)    3 :  0.003 0.003 0.002 0.003 0.004 0.004 0.002 0.003 0.004 0.003 0.002 0.003 0.001 0.962 0.002 
329      005    (0)    3 :  0.006 0.001 0.002 0.001 0.002 0.002 0.002 0.002 0.002 0.002 0.002 0.002 0.003 0.969 0.002 
330      106    (0)    3 :  0.002 0.005 0.002 0.003 0.003 0.003 0.002 0.003 0.003 0.002 0.003 0.002 0.003 0.962 0.002 
331      192    (0)    3 :  0.005 0.006 0.006 0.006 0.019 0.019 0.005 0.008 0.020 0.004 0.009 0.006 0.012 0.872 0.003 
332      229    (0)    3 :  0.043 0.003 0.004 0.003 0.005 0.005 0.007 0.006 0.005 0.007 0.008 0.004 0.004 0.892 0.005 
333      319    (0)    3 :  0.005 0.002 0.003 0.002 0.004 0.004 0.002 0.007 0.004 0.003 0.002 0.003 0.002 0.955 0.002 
334      327    (0)    3 :  0.002 0.003 0.002 0.002 0.003 0.003 0.002 0.005 0.003 0.002 0.003 0.002 0.003 0.964 0.002 
335      340    (0)    3 :  0.004 0.003 0.002 0.001 0.005 0.005 0.003 0.004 0.006 0.004 0.003 0.003 0.003 0.951 0.004 
336      345    (0)    3 :  0.010 0.004 0.003 0.001 0.005 0.005 0.002 0.011 0.005 0.004 0.005 0.005 0.003 0.934 0.002 
337      375    (0)    3 :  0.003 0.002 0.002 0.001 0.003 0.003 0.002 0.003 0.004 0.002 0.004 0.003 0.005 0.960 0.002 
338      501    (4)    3 :  0.003 0.002 0.003 0.001 0.003 0.003 0.002 0.004 0.003 0.002 0.004 0.003 0.002 0.958 0.008 
339      502    (0)    3 :  0.009 0.003 0.002 0.003 0.005 0.005 0.003 0.003 0.005 0.004 0.008 0.008 0.003 0.920 0.019 
340      503    (2)    3 :  0.002 0.004 0.001 0.002 0.002 0.002 0.002 0.002 0.002 0.003 0.002 0.002 0.002 0.964 0.006 
341      504    (0)    3 :  0.016 0.002 0.007 0.004 0.005 0.005 0.005 0.002 0.005 0.002 0.003 0.006 0.004 0.931 0.003 
342      505    (0)    3 :  0.050 0.006 0.002 0.007 0.007 0.007 0.003 0.009 0.008 0.012 0.007 0.004 0.004 0.873 0.002 
343      506    (2)    3 :  0.005 0.002 0.004 0.002 0.006 0.006 0.004 0.006 0.006 0.002 0.006 0.004 0.002 0.940 0.004 
344      507    (4)    3 :  0.004 0.002 0.002 0.001 0.003 0.003 0.002 0.004 0.003 0.003 0.005 0.003 0.002 0.959 0.004 
345      508    (0)    3 :  0.003 0.004 0.005 0.002 0.006 0.006 0.004 0.007 0.007 0.006 0.006 0.005 0.002 0.915 0.021 
346      509    (2)    3 :  0.003 0.002 0.002 0.001 0.003 0.003 0.006 0.003 0.003 0.003 0.003 0.002 0.004 0.959 0.003 
347      510    (2)    3 :  0.003 0.002 0.008 0.003 0.005 0.006 0.004 0.003 0.005 0.002 0.003 0.005 0.020 0.928 0.004 
348      511    (4)    3 :  0.002 0.003 0.003 0.003 0.003 0.003 0.003 0.002 0.003 0.002 0.002 0.003 0.002 0.962 0.004 
349      512    (4)    3 :  0.006 0.002 0.003 0.002 0.003 0.003 0.002 0.004 0.003 0.002 0.004 0.003 0.003 0.958 0.002 
350      513    (0)    3 :  0.007 0.002 0.003 0.002 0.003 0.003 0.003 0.003 0.003 0.002 0.003 0.003 0.019 0.941 0.002 
351      514    (0)    3 :  0.002 0.001 0.002 0.001 0.003 0.003 0.007 0.002 0.003 0.002 0.002 0.004 0.002 0.961 0.002 
352      515    (2)    3 :  0.004 0.002 0.002 0.001 0.003 0.002 0.004 0.002 0.003 0.002 0.002 0.002 0.003 0.964 0.003 
353      516    (2)    3 :  0.004 0.003 0.004 0.003 0.005 0.005 0.004 0.003 0.005 0.004 0.005 0.007 0.007 0.929 0.009 
354      517    (0)    3 :  0.005 0.001 0.009 0.001 0.002 0.002 0.002 0.002 0.002 0.001 0.002 0.002 0.002 0.967 0.002 
355      518    (0)    3 :  0.003 0.003 0.005 0.002 0.006 0.006 0.003 0.006 0.006 0.006 0.004 0.005 0.003 0.937 0.005 
356      519    (0)    3 :  0.002 0.003 0.003 0.003 0.003 0.003 0.002 0.003 0.003 0.003 0.002 0.003 0.004 0.960 0.004 
357      520    (2)    3 :  0.002 0.003 0.005 0.004 0.003 0.003 0.003 0.003 0.003 0.002 0.003 0.003 0.006 0.955 0.002 
358      521    (2)    3 :  0.006 0.003 0.002 0.007 0.002 0.002 0.002 0.003 0.002 0.003 0.002 0.002 0.003 0.957 0.002 
359      522    (0)    3 :  0.001 0.006 0.008 0.013 0.006 0.006 0.004 0.004 0.006 0.004 0.004 0.013 0.005 0.905 0.015 
360      523    (2)    3 :  0.004 0.005 0.005 0.004 0.007 0.007 0.005 0.006 0.007 0.008 0.005 0.005 0.002 0.928 0.005 
361      524    (0)    3 :  0.003 0.009 0.009 0.012 0.010 0.011 0.003 0.011 0.009 0.026 0.007 0.012 0.006 0.808 0.064 
362      525    (0)    3 :  0.001 0.002 0.002 0.001 0.003 0.003 0.002 0.002 0.003 0.001 0.002 0.003 0.003 0.970 0.003 
363      526    (2)    3 :  0.011 0.002 0.003 0.003 0.002 0.002 0.002 0.002 0.002 0.002 0.002 0.002 0.002 0.959 0.002 
364      527    (2)    4 :  0.005 0.878 0.006 0.002 0.008 0.008 0.010 0.004 0.008 0.026 0.006 0.008 0.009 0.007 0.016 
365      528    (4)    4 :  0.003 0.412 0.005 0.017 0.023 0.024 0.005 0.022 0.025 0.085 0.350 0.016 0.008 0.002 0.004 
366      529    (4)    4 :  0.009 0.733 0.017 0.015 0.017 0.018 0.016 0.010 0.014 0.014 0.106 0.017 0.004 0.003 0.006 
367      530    (0)    4 :  0.004 0.911 0.003 0.004 0.007 0.007 0.006 0.011 0.008 0.008 0.010 0.004 0.005 0.007 0.005 
368      531    (2)    4 :  0.006 0.897 0.006 0.010 0.007 0.007 0.004 0.009 0.007 0.010 0.021 0.005 0.004 0.004 0.003 
369      532    (4)    4 :  0.002 0.762 0.004 0.003 0.016 0.015 0.008 0.023 0.013 0.019 0.094 0.006 0.002 0.003 0.031 
370      533    (0)    4 :  0.003 0.614 0.010 0.023 0.057 0.059 0.030 0.034 0.077 0.039 0.016 0.025 0.002 0.008 0.003 
371      534    (2)    4 :  0.002 0.850 0.005 0.012 0.008 0.008 0.004 0.005 0.008 0.075 0.006 0.005 0.006 0.003 0.003 
372      535    (2)    4 :  0.005 0.876 0.008 0.004 0.011 0.011 0.004 0.010 0.012 0.009 0.026 0.009 0.002 0.002 0.010 
373      536    (2)    4 :  0.012 0.903 0.005 0.027 0.006 0.006 0.005 0.008 0.006 0.009 0.003 0.004 0.002 0.002 0.004 
374      537    (2)    4 :  0.002 0.915 0.007 0.007 0.006 0.006 0.008 0.004 0.007 0.007 0.006 0.006 0.014 0.002 0.002 
375      538    (2)    4 :  0.002 0.691 0.011 0.003 0.042 0.039 0.027 0.041 0.045 0.049 0.005 0.030 0.004 0.006 0.004 
376      539    (2)    4 :  0.002 0.810 0.003 0.003 0.005 0.005 0.002 0.004 0.005 0.141 0.005 0.007 0.002 0.001 0.005 
377      540    (2)    4 :  0.001 0.869 0.019 0.011 0.013 0.012 0.007 0.019 0.013 0.011 0.006 0.012 0.002 0.001 0.005 
378      541    (2)    4 :  0.002 0.770 0.030 0.008 0.009 0.009 0.020 0.020 0.008 0.057 0.044 0.013 0.003 0.003 0.005 
379      542    (2)    4 :  0.004 0.706 0.031 0.009 0.019 0.021 0.016 0.020 0.020 0.074 0.015 0.047 0.010 0.002 0.005 
380      543    (0)    4 :  0.002 0.613 0.035 0.019 0.076 0.087 0.012 0.018 0.052 0.032 0.009 0.023 0.014 0.003 0.004 
381      544    (2)    4 :  0.002 0.938 0.003 0.004 0.004 0.004 0.003 0.007 0.004 0.020 0.003 0.003 0.002 0.003 0.002 
382      545    (2)    4 :  0.001 0.035 0.004 0.004 0.009 0.009 0.010 0.006 0.011 0.878 0.005 0.012 0.002 0.002 0.012 
383      546    (4)    4 :  0.002 0.019 0.003 0.004 0.024 0.025 0.008 0.006 0.027 0.838 0.005 0.019 0.002 0.002 0.017 
384      547    (6)    4 :  0.016 0.677 0.009 0.009 0.045 0.044 0.022 0.026 0.040 0.010 0.009 0.021 0.030 0.004 0.036 
385      019    (0)    5 :  0.004 0.079 0.035 0.008 0.007 0.007 0.026 0.007 0.007 0.785 0.018 0.008 0.004 0.002 0.003 
386      064    (0)    5 :  0.001 0.029 0.003 0.002 0.002 0.002 0.003 0.002 0.002 0.943 0.002 0.002 0.002 0.001 0.003 
387      065    (0)    5 :  0.001 0.942 0.003 0.005 0.002 0.002 0.003 0.003 0.002 0.027 0.003 0.002 0.001 0.001 0.002 
388      066    (0)    5 :  0.002 0.295 0.016 0.006 0.011 0.011 0.017 0.009 0.010 0.593 0.004 0.010 0.002 0.002 0.010 
389      067    (0)    5 :  0.006 0.011 0.010 0.008 0.007 0.008 0.023 0.005 0.007 0.873 0.015 0.007 0.010 0.004 0.005 
390      068    (0)    5 :  0.002 0.824 0.007 0.008 0.009 0.009 0.013 0.008 0.009 0.029 0.017 0.010 0.029 0.002 0.026 
391      069    (0)    5 :  0.001 0.134 0.006 0.011 0.005 0.005 0.003 0.007 0.006 0.783 0.008 0.006 0.004 0.001 0.019 
392      107    (0)    5 :  0.001 0.424 0.007 0.003 0.004 0.004 0.004 0.003 0.004 0.527 0.004 0.005 0.003 0.001 0.005 
393      110    (0)    5 :  0.003 0.003 0.002 0.002 0.002 0.002 0.003 0.002 0.002 0.963 0.008 0.002 0.001 0.001 0.003 
394      121    (0)    5 :  0.001 0.923 0.004 0.002 0.004 0.004 0.009 0.003 0.004 0.022 0.012 0.005 0.003 0.001 0.003 
395      137    (0)    5 :  0.009 0.008 0.006 0.005 0.008 0.008 0.012 0.005 0.008 0.907 0.004 0.012 0.002 0.002 0.005 
396      146    (0)    5 :  0.003 0.304 0.005 0.020 0.010 0.010 0.008 0.063 0.010 0.546 0.006 0.007 0.003 0.004 0.002 
397      149    (0)    5 :  0.003 0.005 0.004 0.002 0.004 0.004 0.008 0.004 0.004 0.944 0.005 0.006 0.002 0.001 0.002 
398      154    (0)    5 :  0.002 0.058 0.006 0.156 0.007 0.006 0.009 0.004 0.006 0.715 0.005 0.005 0.016 0.003 0.003 
399      179    (0)    5 :  0.002 0.405 0.005 0.004 0.004 0.004 0.004 0.004 0.004 0.541 0.004 0.005 0.004 0.002 0.008 
400      181    (0)    5 :  0.002 0.194 0.003 0.004 0.004 0.004 0.003 0.003 0.004 0.768 0.003 0.003 0.002 0.001 0.002 
401      182    (0)    5 :  0.002 0.739 0.004 0.007 0.012 0.012 0.026 0.012 0.012 0.108 0.023 0.006 0.013 0.003 0.018 
402      186    (0)    5 :  0.006 0.145 0.008 0.004 0.017 0.015 0.009 0.030 0.015 0.623 0.095 0.014 0.004 0.005 0.009 
403      193    (0)    5 :  0.002 0.517 0.013 0.007 0.008 0.008 0.005 0.008 0.008 0.403 0.006 0.005 0.004 0.003 0.004 
404      320    (0)    5 :  0.003 0.033 0.004 0.009 0.006 0.005 0.010 0.011 0.006 0.887 0.007 0.005 0.010 0.001 0.003 
405      341    (0)    5 :  0.002 0.889 0.010 0.002 0.006 0.006 0.010 0.008 0.006 0.039 0.004 0.008 0.003 0.001 0.006 
406      376    (0)    5 :  0.003 0.652 0.006 0.009 0.011 0.011 0.003 0.014 0.009 0.195 0.023 0.007 0.003 0.039 0.016 
407      395    (0)    5 :  0.006 0.198 0.029 0.050 0.007 0.007 0.005 0.006 0.006 0.651 0.011 0.013 0.004 0.001 0.004 
408      396    (0)    5 :  0.003 0.925 0.003 0.003 0.003 0.003 0.002 0.004 0.003 0.037 0.002 0.003 0.001 0.002 0.005 
409      397    (0)    5 :  0.010 0.860 0.004 0.010 0.005 0.005 0.004 0.004 0.005 0.074 0.005 0.004 0.006 0.001 0.002 
410      398    (0)    5 :  0.004 0.449 0.005 0.057 0.006 0.005 0.003 0.009 0.005 0.431 0.011 0.003 0.004 0.002 0.005 
411      399    (0)    5 :  0.002 0.928 0.003 0.002 0.005 0.005 0.008 0.008 0.004 0.007 0.013 0.004 0.003 0.002 0.007 
412      400    (0)    5 :  0.002 0.023 0.003 0.007 0.007 0.006 0.003 0.013 0.006 0.901 0.011 0.004 0.002 0.001 0.010 
413      401    (0)    5 :  0.003 0.083 0.005 0.006 0.013 0.012 0.007 0.009 0.012 0.824 0.004 0.008 0.002 0.004 0.008 
414      402    (0)    5 :  0.002 0.003 0.002 0.002 0.003 0.003 0.002 0.003 0.003 0.958 0.006 0.003 0.003 0.003 0.004 
415      403    (0)    5 :  0.011 0.448 0.010 0.004 0.009 0.010 0.022 0.027 0.008 0.408 0.019 0.010 0.004 0.002 0.010 
416      073    (0)    6 :  0.002 0.948 0.006 0.001 0.004 0.004 0.006 0.004 0.004 0.005 0.006 0.004 0.002 0.002 0.003 
417      074    (0)    6 :  0.002 0.900 0.006 0.039 0.008 0.007 0.004 0.004 0.008 0.004 0.002 0.004 0.005 0.007 0.002 
418      075    (0)    6 :  0.003 0.926 0.005 0.006 0.005 0.005 0.007 0.008 0.005 0.009 0.006 0.007 0.004 0.002 0.003 
419      076    (0)    6 :  0.005 0.910 0.004 0.004 0.006 0.006 0.011 0.005 0.006 0.008 0.011 0.007 0.006 0.004 0.003 
420      077    (0)    6 :  0.003 0.909 0.012 0.003 0.007 0.007 0.009 0.005 0.007 0.012 0.005 0.007 0.007 0.001 0.006 
421      078    (0)    6 :  0.005 0.816 0.006 0.005 0.031 0.034 0.009 0.019 0.035 0.010 0.005 0.012 0.005 0.003 0.004 
422      079    (0)    6 :  0.001 0.896 0.005 0.003 0.014 0.014 0.008 0.007 0.012 0.012 0.007 0.008 0.002 0.002 0.008 
423      080    (0)    6 :  0.002 0.913 0.003 0.003 0.006 0.006 0.009 0.004 0.006 0.006 0.013 0.004 0.018 0.003 0.005 
424      081    (0)    6 :  0.016 0.810 0.054 0.011 0.010 0.011 0.006 0.005 0.010 0.039 0.008 0.009 0.003 0.004 0.004 
425      082    (0)    6 :  0.002 0.941 0.003 0.003 0.003 0.003 0.002 0.004 0.003 0.019 0.005 0.002 0.003 0.001 0.005 
426      083    (0)    6 :  0.003 0.913 0.004 0.010 0.007 0.007 0.004 0.004 0.007 0.019 0.005 0.007 0.002 0.002 0.007 
427      084    (0)    6 :  0.005 0.832 0.009 0.096 0.005 0.005 0.011 0.003 0.005 0.012 0.003 0.007 0.002 0.004 0.002 
428      085    (0)    6 :  0.015 0.653 0.049 0.008 0.016 0.016 0.010 0.012 0.016 0.047 0.008 0.123 0.003 0.002 0.022 
429      404    (0)    6 :  0.003 0.923 0.005 0.020 0.004 0.004 0.006 0.004 0.004 0.010 0.005 0.004 0.003 0.001 0.003 
430      405    (0)    6 :  0.009 0.930 0.011 0.005 0.005 0.005 0.005 0.005 0.005 0.006 0.004 0.004 0.002 0.002 0.002 
431      406    (0)    6 :  0.008 0.913 0.004 0.008 0.009 0.010 0.003 0.006 0.010 0.004 0.006 0.005 0.003 0.005 0.006 
432      407    (0)    6 :  0.003 0.864 0.006 0.005 0.006 0.006 0.005 0.004 0.005 0.079 0.003 0.008 0.003 0.001 0.002 
433      408    (0)    6 :  0.001 0.948 0.006 0.005 0.004 0.004 0.003 0.004 0.004 0.004 0.003 0.004 0.005 0.001 0.003 
434      411    (2)    6 :  0.002 0.957 0.004 0.005 0.003 0.003 0.003 0.002 0.003 0.006 0.002 0.003 0.003 0.001 0.002 
435      412    (0)    6 :  0.005 0.873 0.015 0.004 0.008 0.008 0.005 0.006 0.007 0.008 0.011 0.010 0.006 0.027 0.007 
436      413    (0)    6 :  0.002 0.940 0.004 0.003 0.006 0.006 0.005 0.004 0.007 0.012 0.002 0.005 0.002 0.001 0.002 
437      591    (0)    7 :  0.007 0.004 0.008 0.008 0.006 0.006 0.009 0.006 0.005 0.002 0.911 0.006 0.004 0.015 0.005 
438      592    (0)    7 :  0.002 0.010 0.114 0.005 0.007 0.008 0.010 0.015 0.007 0.004 0.792 0.012 0.006 0.003 0.005 
439      593    (0)    7 :  0.006 0.009 0.006 0.004 0.006 0.007 0.006 0.006 0.007 0.006 0.922 0.006 0.002 0.002 0.005 
440      594    (0)    7 :  0.005 0.037 0.046 0.007 0.023 0.021 0.011 0.028 0.022 0.009 0.764 0.010 0.010 0.003 0.004 
441      595    (0)    7 :  0.004 0.010 0.004 0.003 0.019 0.020 0.008 0.006 0.023 0.014 0.856 0.012 0.011 0.005 0.005 
442      596    (0)    7 :  0.006 0.006 0.005 0.002 0.006 0.006 0.003 0.006 0.007 0.005 0.915 0.005 0.019 0.002 0.007 
443      597    (0)    7 :  0.002 0.034 0.009 0.003 0.013 0.013 0.008 0.008 0.012 0.028 0.830 0.029 0.006 0.001 0.003 
444      598    (0)    7 :  0.002 0.006 0.012 0.003 0.061 0.054 0.006 0.091 0.035 0.035 0.571 0.079 0.028 0.002 0.016 
445      599    (0)    7 :  0.006 0.005 0.063 0.003 0.007 0.008 0.095 0.004 0.007 0.003 0.776 0.014 0.003 0.003 0.005 
446      600    (0)    7 :  0.004 0.004 0.003 0.001 0.005 0.006 0.005 0.006 0.006 0.007 0.930 0.006 0.011 0.002 0.003 
447      601    (0)    7 :  0.002 0.021 0.022 0.002 0.019 0.016 0.017 0.009 0.017 0.027 0.807 0.030 0.002 0.002 0.006 
448      602    (0)    7 :  0.004 0.007 0.009 0.004 0.013 0.014 0.008 0.005 0.013 0.014 0.879 0.016 0.005 0.003 0.006 
449      603    (0)    7 :  0.008 0.007 0.353 0.010 0.045 0.047 0.021 0.006 0.034 0.005 0.143 0.299 0.009 0.002 0.011 
450      604    (0)    7 :  0.003 0.009 0.003 0.003 0.012 0.012 0.004 0.012 0.013 0.007 0.895 0.006 0.008 0.003 0.010 
451      605    (0)    7 :  0.005 0.009 0.008 0.002 0.026 0.025 0.010 0.088 0.020 0.007 0.737 0.015 0.024 0.020 0.004 
452      606    (0)    7 :  0.020 0.004 0.009 0.004 0.009 0.010 0.013 0.011 0.008 0.003 0.887 0.007 0.007 0.004 0.003 
453      607    (0)    7 :  0.003 0.009 0.003 0.002 0.005 0.005 0.003 0.009 0.005 0.014 0.806 0.005 0.008 0.003 0.122 
454      608    (0)    7 :  0.003 0.005 0.006 0.005 0.005 0.005 0.017 0.007 0.005 0.004 0.906 0.010 0.003 0.001 0.017 
455      609    (0)    7 :  0.004 0.004 0.004 0.003 0.008 0.008 0.005 0.008 0.009 0.004 0.924 0.006 0.003 0.002 0.008 
456      610    (0)    7 :  0.003 0.021 0.011 0.009 0.110 0.104 0.021 0.020 0.098 0.007 0.477 0.081 0.010 0.004 0.024 
457      611    (2)    7 :  0.003 0.011 0.004 0.012 0.009 0.008 0.003 0.007 0.011 0.009 0.889 0.006 0.006 0.002 0.021 
458      612    (0)    7 :  0.002 0.009 0.006 0.003 0.022 0.019 0.010 0.009 0.025 0.061 0.690 0.014 0.038 0.004 0.087 
459      755    (0)    7 :  0.002 0.018 0.016 0.029 0.038 0.039 0.003 0.016 0.031 0.009 0.452 0.019 0.042 0.027 0.260 
460      756    (0)    7 :  0.003 0.012 0.010 0.008 0.006 0.006 0.005 0.007 0.005 0.003 0.909 0.007 0.003 0.002 0.013 
461      757    (0)    7 :  0.003 0.009 0.011 0.004 0.010 0.011 0.005 0.018 0.010 0.006 0.892 0.007 0.005 0.003 0.008 
462      002    (0)    8 :  0.003 0.524 0.005 0.019 0.008 0.008 0.002 0.010 0.007 0.386 0.006 0.011 0.002 0.003 0.007 
463      099    (2)    8 :  0.004 0.005 0.031 0.008 0.030 0.027 0.049 0.015 0.025 0.005 0.008 0.020 0.044 0.717 0.014 
464      641    (2)    8 :  0.015 0.195 0.009 0.013 0.106 0.115 0.009 0.040 0.137 0.237 0.058 0.019 0.004 0.017 0.028 
465      642    (0)    8 :  0.003 0.878 0.014 0.009 0.008 0.008 0.013 0.015 0.008 0.004 0.020 0.010 0.003 0.003 0.005 
466      643    (2)    8 :  0.003 0.786 0.020 0.016 0.015 0.014 0.011 0.057 0.014 0.008 0.027 0.019 0.003 0.004 0.004 
467      644    (0)    8 :  0.003 0.856 0.014 0.007 0.009 0.009 0.015 0.017 0.008 0.022 0.006 0.013 0.008 0.003 0.009 
468      645    (0)    8 :  0.039 0.424 0.028 0.017 0.029 0.031 0.007 0.191 0.029 0.013 0.037 0.027 0.003 0.002 0.123 
469      646    (0)    8 :  0.010 0.061 0.007 0.012 0.067 0.073 0.007 0.053 0.061 0.381 0.012 0.060 0.009 0.004 0.182 
470      006    (0)    9 :  0.003 0.242 0.008 0.628 0.021 0.021 0.004 0.008 0.021 0.008 0.006 0.015 0.003 0.005 0.007 
471      011    (0)    9 :  0.002 0.956 0.003 0.009 0.003 0.003 0.003 0.003 0.003 0.003 0.003 0.003 0.003 0.001 0.002 
472      033    (2)    9 :  0.002 0.290 0.008 0.617 0.006 0.005 0.003 0.004 0.006 0.017 0.019 0.013 0.002 0.001 0.004 
473      048    (0)    9 :  0.008 0.532 0.239 0.042 0.018 0.016 0.052 0.007 0.015 0.012 0.014 0.031 0.005 0.002 0.006 
474      061    (0)    9 :  0.004 0.002 0.002 0.974 0.002 0.002 0.001 0.002 0.002 0.002 0.001 0.002 0.001 0.001 0.002 
475      088    (0)    9 :  0.005 0.832 0.019 0.022 0.014 0.015 0.013 0.014 0.012 0.016 0.014 0.012 0.007 0.003 0.003 
476      091    (0)    9 :  0.002 0.010 0.002 0.944 0.004 0.004 0.004 0.003 0.004 0.003 0.004 0.003 0.005 0.001 0.006 
477      098    (0)    9 :  0.012 0.870 0.026 0.008 0.006 0.006 0.009 0.004 0.005 0.015 0.020 0.008 0.003 0.001 0.006 
478      104    (0)    9 :  0.002 0.926 0.006 0.003 0.003 0.003 0.003 0.003 0.003 0.039 0.002 0.003 0.002 0.001 0.002 
479      196    (0)    9 :  0.005 0.332 0.009 0.579 0.006 0.006 0.008 0.006 0.005 0.020 0.010 0.006 0.005 0.001 0.003 
480      197    (0)    9 :  0.008 0.551 0.009 0.266 0.026 0.026 0.010 0.008 0.024 0.017 0.012 0.024 0.014 0.003 0.004 
481      201    (0)    9 :  0.001 0.342 0.006 0.592 0.005 0.005 0.003 0.012 0.006 0.014 0.005 0.005 0.001 0.001 0.002 
482      202    (0)    9 :  0.020 0.795 0.022 0.032 0.015 0.014 0.015 0.009 0.015 0.020 0.005 0.014 0.013 0.009 0.002 
483      204    (0)    9 :  0.002 0.552 0.010 0.368 0.004 0.004 0.003 0.005 0.003 0.028 0.003 0.007 0.002 0.001 0.008 
484      231    (0)    9 :  0.001 0.850 0.014 0.007 0.005 0.005 0.008 0.005 0.005 0.064 0.010 0.011 0.004 0.001 0.010 
485      328    (0)    9 :  0.005 0.701 0.005 0.250 0.004 0.004 0.004 0.005 0.004 0.003 0.006 0.005 0.002 0.001 0.002 
486      346    (0)    9 :  0.003 0.630 0.005 0.311 0.004 0.004 0.004 0.004 0.004 0.009 0.008 0.004 0.007 0.002 0.003 


Estimated Allele Frequencies in each cluster
First column gives estimated ancestral frequencies


Locus 1 : 1 
4 alleles
0.0% missing data
  89   (0.536) 0.066 0.624 0.584 0.698 0.548 0.550 0.569 0.504 0.560 0.296 0.553 0.481 0.642 0.294 0.767 
  91   (0.382) 0.707 0.314 0.363 0.293 0.378 0.374 0.332 0.439 0.373 0.589 0.430 0.465 0.311 0.668 0.215 
  93   (0.065) 0.098 0.062 0.023 0.007 0.060 0.059 0.095 0.053 0.054 0.113 0.014 0.046 0.046 0.036 0.015 
  99   (0.016) 0.129 0.000 0.031 0.002 0.014 0.016 0.005 0.005 0.013 0.001 0.003 0.007 0.001 0.001 0.003 

Locus 2 : 2 
6 alleles
1.0% missing data
 136   (0.351) 0.189 0.553 0.069 0.111 0.362 0.354 0.084 0.540 0.382 0.724 0.415 0.218 0.458 0.452 0.147 
 134   (0.235) 0.027 0.143 0.270 0.205 0.215 0.217 0.250 0.213 0.195 0.164 0.400 0.214 0.380 0.196 0.645 
 138   (0.296) 0.771 0.253 0.497 0.243 0.304 0.311 0.574 0.180 0.303 0.099 0.153 0.437 0.155 0.220 0.152 
 140   (0.068) 0.008 0.049 0.035 0.436 0.068 0.068 0.038 0.038 0.069 0.008 0.016 0.062 0.004 0.122 0.019 
 132   (0.022) 0.002 0.000 0.003 0.002 0.029 0.028 0.006 0.007 0.034 0.002 0.004 0.013 0.001 0.001 0.004 
 142   (0.029) 0.003 0.001 0.125 0.003 0.022 0.023 0.049 0.023 0.018 0.003 0.013 0.056 0.002 0.009 0.033 

Locus 3 : 3 
6 alleles
0.0% missing data
 181   (0.252) 0.180 0.231 0.407 0.071 0.245 0.245 0.296 0.186 0.243 0.093 0.402 0.214 0.067 0.073 0.306 
 187   (0.348) 0.774 0.517 0.169 0.693 0.363 0.359 0.221 0.347 0.371 0.545 0.169 0.318 0.259 0.346 0.177 
 179   (0.246) 0.029 0.228 0.196 0.219 0.248 0.249 0.301 0.298 0.251 0.347 0.395 0.281 0.015 0.052 0.345 
 191   (0.033) 0.004 0.022 0.008 0.004 0.032 0.033 0.008 0.011 0.030 0.003 0.006 0.013 0.199 0.009 0.008 
 185   (0.075) 0.008 0.002 0.035 0.008 0.073 0.074 0.161 0.058 0.071 0.008 0.019 0.096 0.457 0.284 0.128 
 175   (0.046) 0.005 0.001 0.184 0.004 0.039 0.040 0.014 0.101 0.035 0.004 0.008 0.077 0.003 0.236 0.036 

Locus 4 : 4 
12 alleles
0.2% missing data
 253   (0.486) 0.596 0.757 0.669 0.622 0.507 0.510 0.276 0.514 0.532 0.450 0.611 0.453 0.464 0.170 0.577 
 249   (0.028) 0.004 0.058 0.004 0.315 0.026 0.026 0.005 0.010 0.024 0.019 0.005 0.009 0.002 0.066 0.005 
 271   (0.043) 0.005 0.028 0.007 0.005 0.041 0.042 0.010 0.031 0.038 0.054 0.010 0.036 0.003 0.110 0.012 
 241   (0.157) 0.183 0.021 0.098 0.023 0.144 0.142 0.177 0.184 0.130 0.365 0.144 0.191 0.150 0.527 0.134 
 257   (0.006) 0.001 0.000 0.001 0.000 0.004 0.005 0.001 0.005 0.003 0.003 0.001 0.002 0.000 0.000 0.001 
 269   (0.173) 0.201 0.133 0.157 0.021 0.171 0.170 0.503 0.156 0.164 0.086 0.184 0.235 0.099 0.031 0.244 
 247   (0.066) 0.007 0.002 0.057 0.009 0.076 0.075 0.021 0.056 0.085 0.007 0.035 0.058 0.279 0.027 0.018 
 245   (0.009) 0.001 0.000 0.001 0.001 0.007 0.007 0.001 0.002 0.005 0.001 0.001 0.003 0.001 0.066 0.001 
 239   (0.011) 0.001 0.000 0.001 0.001 0.009 0.009 0.002 0.019 0.007 0.001 0.004 0.004 0.001 0.001 0.002 
 273   (0.008) 0.001 0.000 0.001 0.001 0.006 0.006 0.001 0.021 0.004 0.001 0.001 0.002 0.000 0.001 0.001 
 267   (0.006) 0.001 0.000 0.001 0.001 0.004 0.005 0.001 0.002 0.003 0.013 0.001 0.002 0.000 0.000 0.002 
 255   (0.006) 0.001 0.000 0.004 0.001 0.004 0.005 0.001 0.002 0.003 0.001 0.003 0.006 0.000 0.000 0.001 

Locus 5 : 5 
6 alleles
0.6% missing data
 103   (0.846) 0.982 0.992 0.958 0.984 0.826 0.822 0.945 0.852 0.808 0.962 0.925 0.906 0.978 0.735 0.951 
 104   (0.066) 0.008 0.006 0.020 0.007 0.084 0.089 0.038 0.056 0.095 0.030 0.028 0.045 0.004 0.074 0.029 
 101   (0.009) 0.001 0.000 0.001 0.001 0.007 0.007 0.002 0.003 0.006 0.001 0.002 0.004 0.013 0.001 0.005 
 105   (0.047) 0.005 0.001 0.018 0.005 0.052 0.051 0.010 0.072 0.060 0.005 0.037 0.030 0.003 0.164 0.011 
 102   (0.016) 0.002 0.000 0.002 0.001 0.018 0.018 0.003 0.007 0.019 0.001 0.005 0.010 0.001 0.001 0.003 
 107   (0.015) 0.001 0.000 0.002 0.001 0.013 0.013 0.002 0.010 0.012 0.001 0.003 0.005 0.001 0.025 0.002 

Locus 6 : 6 
5 alleles
0.2% missing data
 141   (0.266) 0.030 0.588 0.297 0.834 0.257 0.264 0.071 0.210 0.250 0.317 0.307 0.267 0.133 0.112 0.751 
 145   (0.405) 0.410 0.181 0.570 0.073 0.432 0.424 0.651 0.518 0.453 0.121 0.442 0.472 0.262 0.024 0.133 
 135   (0.236) 0.549 0.191 0.119 0.077 0.226 0.227 0.253 0.204 0.221 0.360 0.140 0.213 0.288 0.636 0.085 
 147   (0.082) 0.010 0.040 0.012 0.015 0.076 0.076 0.022 0.057 0.070 0.200 0.109 0.044 0.317 0.126 0.029 
 137   (0.011) 0.001 0.000 0.002 0.001 0.009 0.009 0.003 0.011 0.007 0.002 0.002 0.004 0.001 0.102 0.002 

Locus 7 : 7 
10 alleles
1.2% missing data
  93   (0.221) 0.795 0.334 0.358 0.614 0.197 0.200 0.114 0.268 0.179 0.402 0.213 0.262 0.066 0.114 0.302 
 103   (0.301) 0.040 0.403 0.353 0.082 0.321 0.324 0.304 0.298 0.331 0.273 0.528 0.392 0.515 0.018 0.144 
  91   (0.068) 0.010 0.034 0.053 0.007 0.067 0.066 0.016 0.056 0.069 0.007 0.044 0.029 0.155 0.061 0.051 
  97   (0.198) 0.128 0.163 0.094 0.029 0.206 0.200 0.361 0.124 0.210 0.172 0.157 0.113 0.252 0.262 0.224 
  85   (0.045) 0.006 0.045 0.011 0.005 0.046 0.044 0.149 0.045 0.048 0.008 0.015 0.021 0.003 0.003 0.010 
  89   (0.083) 0.011 0.020 0.085 0.255 0.072 0.072 0.035 0.071 0.066 0.130 0.030 0.133 0.005 0.298 0.254 
  83   (0.051) 0.006 0.001 0.041 0.005 0.062 0.064 0.016 0.127 0.072 0.005 0.009 0.038 0.003 0.003 0.010 
 105   (0.013) 0.002 0.000 0.003 0.001 0.012 0.012 0.002 0.004 0.013 0.001 0.002 0.006 0.001 0.092 0.003 
 101   (0.009) 0.001 0.000 0.001 0.001 0.008 0.009 0.001 0.003 0.008 0.001 0.001 0.002 0.001 0.125 0.001 
  99   (0.009) 0.001 0.000 0.001 0.001 0.008 0.008 0.001 0.003 0.006 0.001 0.001 0.003 0.001 0.025 0.001 

Locus 8 : 8 
8 alleles
0.0% missing data
 129   (0.553) 0.200 0.704 0.679 0.666 0.574 0.572 0.753 0.630 0.590 0.480 0.407 0.671 0.638 0.302 0.501 
 141   (0.054) 0.006 0.098 0.015 0.009 0.050 0.048 0.020 0.023 0.045 0.147 0.091 0.032 0.215 0.003 0.011 
 149   (0.079) 0.009 0.143 0.076 0.011 0.074 0.076 0.030 0.057 0.069 0.031 0.018 0.073 0.013 0.302 0.256 
 143   (0.261) 0.699 0.054 0.215 0.310 0.254 0.256 0.183 0.253 0.249 0.336 0.474 0.201 0.129 0.298 0.195 
 127   (0.018) 0.045 0.000 0.002 0.001 0.017 0.017 0.003 0.005 0.019 0.002 0.003 0.006 0.001 0.093 0.003 
 131   (0.012) 0.039 0.000 0.009 0.001 0.010 0.010 0.004 0.003 0.008 0.001 0.002 0.004 0.002 0.001 0.002 
 133   (0.017) 0.002 0.000 0.003 0.002 0.016 0.016 0.005 0.024 0.016 0.002 0.003 0.010 0.001 0.001 0.030 
 145   (0.006) 0.001 0.000 0.001 0.000 0.005 0.005 0.001 0.004 0.004 0.001 0.001 0.002 0.000 0.000 0.001 

Locus 9 : 9 
5 alleles
0.0% missing data
 191   (0.390) 0.338 0.563 0.332 0.849 0.394 0.396 0.334 0.347 0.399 0.594 0.477 0.243 0.545 0.341 0.516 
 195   (0.146) 0.355 0.186 0.302 0.032 0.132 0.136 0.355 0.131 0.118 0.037 0.243 0.129 0.050 0.328 0.036 
 189   (0.452) 0.306 0.249 0.363 0.118 0.465 0.459 0.309 0.511 0.477 0.367 0.278 0.624 0.404 0.330 0.445 
 197   (0.006) 0.001 0.000 0.002 0.001 0.004 0.005 0.001 0.010 0.003 0.001 0.001 0.002 0.000 0.000 0.001 
 193   (0.006) 0.001 0.002 0.001 0.001 0.005 0.005 0.002 0.002 0.003 0.001 0.001 0.002 0.000 0.000 0.002 

Locus 10 : 10 
7 alleles
0.4% missing data
 232   (0.249) 0.219 0.287 0.206 0.575 0.270 0.264 0.183 0.287 0.288 0.373 0.152 0.127 0.278 0.126 0.065 
 238   (0.559) 0.367 0.591 0.722 0.129 0.555 0.558 0.695 0.504 0.553 0.448 0.671 0.774 0.344 0.747 0.845 
 252   (0.107) 0.016 0.107 0.061 0.280 0.095 0.100 0.107 0.157 0.084 0.171 0.124 0.066 0.033 0.014 0.075 
 254   (0.047) 0.393 0.015 0.007 0.013 0.042 0.041 0.008 0.037 0.040 0.005 0.046 0.018 0.261 0.082 0.009 
 248   (0.019) 0.002 0.000 0.002 0.002 0.019 0.017 0.003 0.009 0.017 0.002 0.003 0.008 0.083 0.001 0.003 
 250   (0.013) 0.002 0.000 0.002 0.001 0.014 0.014 0.002 0.004 0.015 0.001 0.002 0.005 0.001 0.029 0.002 
 236   (0.006) 0.001 0.000 0.001 0.001 0.005 0.005 0.001 0.003 0.004 0.001 0.002 0.002 0.001 0.000 0.001 

Locus 11 : 11 
4 alleles
0.0% missing data
  87   (0.690) 0.964 0.643 0.848 0.345 0.694 0.696 0.870 0.685 0.698 0.563 0.640 0.768 0.533 0.497 0.874 
  89   (0.240) 0.028 0.303 0.127 0.630 0.247 0.244 0.098 0.220 0.251 0.360 0.347 0.200 0.385 0.153 0.081 
  91   (0.054) 0.006 0.054 0.023 0.023 0.045 0.047 0.029 0.079 0.040 0.075 0.011 0.026 0.081 0.182 0.013 
  85   (0.016) 0.002 0.000 0.002 0.002 0.013 0.014 0.003 0.016 0.011 0.001 0.003 0.005 0.001 0.169 0.032 

Locus 12 : 12 
13 alleles
0.4% missing data
 160   (0.214) 0.598 0.109 0.307 0.036 0.218 0.219 0.168 0.207 0.220 0.192 0.061 0.237 0.720 0.422 0.231 
 162   (0.243) 0.064 0.211 0.304 0.766 0.244 0.246 0.142 0.254 0.242 0.095 0.481 0.293 0.229 0.014 0.371 
 147   (0.049) 0.005 0.118 0.023 0.089 0.043 0.043 0.036 0.019 0.040 0.358 0.088 0.059 0.003 0.003 0.012 
 158   (0.231) 0.028 0.530 0.191 0.077 0.242 0.238 0.244 0.272 0.254 0.317 0.189 0.166 0.022 0.096 0.104 
 161   (0.110) 0.115 0.022 0.063 0.015 0.099 0.104 0.247 0.122 0.092 0.024 0.149 0.119 0.016 0.270 0.032 
 170   (0.052) 0.006 0.008 0.033 0.007 0.057 0.055 0.025 0.061 0.058 0.005 0.010 0.058 0.003 0.028 0.014 
 143   (0.030) 0.176 0.001 0.007 0.003 0.030 0.031 0.005 0.037 0.031 0.003 0.005 0.013 0.002 0.163 0.009 
 154   (0.016) 0.002 0.000 0.002 0.002 0.021 0.018 0.003 0.006 0.025 0.002 0.005 0.009 0.001 0.001 0.005 
 149   (0.022) 0.002 0.001 0.061 0.002 0.018 0.019 0.095 0.006 0.016 0.002 0.005 0.009 0.001 0.001 0.215 
 153   (0.011) 0.001 0.000 0.001 0.001 0.011 0.011 0.002 0.009 0.011 0.001 0.003 0.005 0.001 0.001 0.002 
 150   (0.006) 0.001 0.000 0.005 0.001 0.004 0.004 0.011 0.002 0.003 0.001 0.001 0.003 0.000 0.000 0.001 
 159   (0.008) 0.001 0.000 0.001 0.001 0.006 0.006 0.020 0.004 0.004 0.001 0.002 0.028 0.000 0.000 0.002 
 164   (0.006) 0.001 0.000 0.001 0.000 0.005 0.005 0.001 0.002 0.004 0.001 0.001 0.002 0.000 0.000 0.001 

Locus 13 : 13 
5 alleles
0.0% missing data
 108   (0.200) 0.336 0.163 0.074 0.411 0.198 0.196 0.166 0.270 0.194 0.152 0.147 0.179 0.199 0.296 0.050 
 115   (0.448) 0.090 0.580 0.587 0.525 0.442 0.442 0.453 0.472 0.439 0.312 0.502 0.464 0.285 0.379 0.654 
 113   (0.340) 0.573 0.256 0.337 0.064 0.349 0.350 0.379 0.254 0.358 0.536 0.349 0.353 0.516 0.324 0.294 
 109   (0.006) 0.001 0.000 0.001 0.001 0.005 0.006 0.001 0.002 0.005 0.001 0.001 0.002 0.000 0.000 0.001 
 110   (0.006) 0.001 0.000 0.001 0.000 0.005 0.006 0.001 0.002 0.004 0.001 0.001 0.002 0.000 0.000 0.001 

Locus 14 : 14 
5 alleles
1.2% missing data
 227   (0.132) 0.254 0.258 0.329 0.060 0.131 0.134 0.269 0.078 0.131 0.322 0.036 0.261 0.016 0.008 0.054 
 231   (0.158) 0.272 0.094 0.029 0.027 0.163 0.158 0.037 0.147 0.162 0.107 0.457 0.073 0.352 0.354 0.040 
 229   (0.508) 0.093 0.462 0.508 0.865 0.512 0.511 0.570 0.669 0.523 0.450 0.289 0.456 0.416 0.470 0.844 
 225   (0.138) 0.227 0.088 0.072 0.019 0.136 0.139 0.104 0.080 0.133 0.024 0.146 0.182 0.212 0.060 0.048 
 233   (0.063) 0.154 0.097 0.063 0.028 0.058 0.059 0.019 0.027 0.052 0.097 0.071 0.027 0.004 0.108 0.015 

Locus 15 : 15 
5 alleles
0.4% missing data
 143   (0.843) 0.719 0.969 0.895 0.983 0.841 0.845 0.757 0.885 0.838 0.977 0.870 0.899 0.817 0.622 0.939 
 157   (0.007) 0.001 0.018 0.001 0.001 0.005 0.005 0.001 0.002 0.003 0.001 0.001 0.002 0.000 0.000 0.001 
 145   (0.088) 0.273 0.011 0.079 0.010 0.091 0.091 0.049 0.051 0.095 0.016 0.117 0.056 0.006 0.183 0.047 
 147   (0.048) 0.006 0.001 0.023 0.005 0.051 0.048 0.189 0.024 0.055 0.005 0.008 0.039 0.145 0.193 0.010 
 133   (0.014) 0.001 0.000 0.002 0.002 0.011 0.011 0.004 0.038 0.009 0.001 0.002 0.005 0.032 0.001 0.002 

Locus 16 : 16 
5 alleles
0.2% missing data
 156   (0.228) 0.513 0.303 0.223 0.202 0.209 0.214 0.230 0.384 0.196 0.082 0.322 0.196 0.502 0.162 0.059 
 158   (0.540) 0.253 0.499 0.678 0.319 0.557 0.558 0.639 0.464 0.568 0.734 0.477 0.568 0.198 0.315 0.585 
 160   (0.139) 0.016 0.152 0.066 0.467 0.136 0.134 0.101 0.099 0.135 0.173 0.143 0.172 0.112 0.117 0.330 
 154   (0.085) 0.217 0.045 0.020 0.011 0.093 0.088 0.029 0.050 0.096 0.010 0.056 0.051 0.187 0.406 0.024 
 152   (0.009) 0.001 0.000 0.013 0.001 0.006 0.006 0.001 0.003 0.004 0.001 0.001 0.013 0.001 0.000 0.002 

Locus 17 : 17 
5 alleles
0.0% missing data
 102   (0.205) 0.025 0.249 0.121 0.093 0.197 0.202 0.205 0.112 0.198 0.166 0.184 0.337 0.199 0.039 0.364 
  90   (0.677) 0.576 0.721 0.853 0.600 0.670 0.666 0.756 0.805 0.654 0.806 0.793 0.595 0.794 0.323 0.373 
  88   (0.070) 0.008 0.029 0.011 0.303 0.076 0.076 0.019 0.036 0.077 0.023 0.013 0.042 0.005 0.467 0.253 
 100   (0.041) 0.391 0.001 0.013 0.004 0.053 0.052 0.007 0.046 0.068 0.004 0.009 0.020 0.002 0.171 0.008 
 104   (0.006) 0.001 0.000 0.001 0.001 0.004 0.005 0.013 0.002 0.003 0.001 0.001 0.006 0.000 0.000 0.001 

Locus 18 : 18 
7 alleles
0.0% missing data
 142   (0.124) 0.015 0.419 0.073 0.797 0.122 0.125 0.111 0.168 0.122 0.379 0.024 0.090 0.008 0.019 0.083 
 146   (0.078) 0.008 0.192 0.062 0.033 0.069 0.075 0.022 0.074 0.064 0.025 0.084 0.165 0.225 0.005 0.117 
 140   (0.291) 0.276 0.086 0.211 0.046 0.306 0.299 0.468 0.230 0.324 0.423 0.499 0.220 0.179 0.298 0.462 
 127   (0.300) 0.548 0.229 0.383 0.075 0.315 0.313 0.184 0.399 0.321 0.098 0.232 0.290 0.060 0.385 0.182 
 148   (0.100) 0.011 0.055 0.066 0.034 0.094 0.091 0.046 0.040 0.087 0.049 0.116 0.124 0.216 0.067 0.081 
 150   (0.054) 0.005 0.001 0.187 0.006 0.046 0.049 0.093 0.050 0.041 0.005 0.013 0.056 0.309 0.224 0.060 
 138   (0.052) 0.136 0.018 0.019 0.010 0.047 0.048 0.076 0.039 0.041 0.021 0.032 0.055 0.003 0.003 0.016 

Locus 19 : 19 
8 alleles
0.2% missing data
 188   (0.181) 0.019 0.095 0.124 0.567 0.193 0.187 0.337 0.187 0.204 0.173 0.067 0.144 0.168 0.011 0.045 
 190   (0.124) 0.013 0.416 0.205 0.014 0.103 0.104 0.212 0.098 0.088 0.324 0.243 0.084 0.200 0.041 0.346 
 194   (0.576) 0.956 0.486 0.573 0.410 0.588 0.589 0.422 0.632 0.596 0.492 0.602 0.578 0.481 0.555 0.217 
 202   (0.017) 0.002 0.000 0.002 0.001 0.014 0.014 0.003 0.006 0.012 0.001 0.003 0.006 0.144 0.042 0.003 
 200   (0.082) 0.008 0.002 0.095 0.007 0.087 0.091 0.023 0.066 0.090 0.008 0.078 0.183 0.005 0.312 0.386 
 192   (0.006) 0.001 0.000 0.001 0.000 0.005 0.005 0.001 0.002 0.005 0.001 0.004 0.002 0.000 0.000 0.001 
 196   (0.006) 0.001 0.000 0.001 0.000 0.005 0.005 0.001 0.008 0.004 0.001 0.001 0.002 0.000 0.000 0.001 
 198   (0.007) 0.001 0.000 0.001 0.000 0.004 0.005 0.001 0.002 0.003 0.001 0.001 0.002 0.000 0.037 0.001 

Locus 20 : 20 
6 alleles
0.8% missing data
 252   (0.700) 0.387 0.848 0.736 0.817 0.715 0.711 0.814 0.824 0.724 0.710 0.743 0.814 0.727 0.075 0.597 
 250   (0.085) 0.348 0.099 0.030 0.010 0.079 0.079 0.138 0.030 0.073 0.047 0.069 0.059 0.142 0.427 0.128 
 244   (0.023) 0.005 0.007 0.009 0.150 0.018 0.019 0.006 0.010 0.014 0.002 0.007 0.009 0.002 0.047 0.007 
 254   (0.076) 0.099 0.032 0.147 0.009 0.065 0.069 0.017 0.064 0.059 0.010 0.056 0.068 0.081 0.243 0.017 
 246   (0.094) 0.159 0.004 0.075 0.010 0.090 0.088 0.021 0.062 0.087 0.228 0.121 0.038 0.046 0.207 0.247 
 248   (0.022) 0.002 0.009 0.003 0.003 0.034 0.035 0.004 0.011 0.043 0.003 0.004 0.012 0.001 0.001 0.004 

Locus 21 : 21 
7 alleles
0.2% missing data
 173   (0.292) 0.121 0.373 0.557 0.146 0.266 0.272 0.513 0.352 0.249 0.146 0.316 0.417 0.212 0.209 0.085 
 177   (0.263) 0.272 0.276 0.238 0.186 0.283 0.279 0.294 0.211 0.300 0.637 0.081 0.266 0.167 0.041 0.511 
 175   (0.142) 0.484 0.026 0.081 0.017 0.134 0.133 0.067 0.127 0.127 0.024 0.321 0.089 0.257 0.502 0.037 
 167   (0.195) 0.111 0.319 0.107 0.640 0.195 0.197 0.097 0.260 0.190 0.178 0.143 0.171 0.122 0.069 0.089 
 163   (0.039) 0.004 0.002 0.008 0.004 0.038 0.039 0.012 0.024 0.038 0.004 0.015 0.018 0.228 0.107 0.008 
 165   (0.048) 0.006 0.003 0.007 0.005 0.054 0.054 0.010 0.020 0.059 0.009 0.120 0.021 0.013 0.070 0.266 
 159   (0.021) 0.002 0.000 0.003 0.002 0.030 0.026 0.007 0.006 0.037 0.002 0.004 0.018 0.001 0.001 0.004 

Locus 22 : 22 
11 alleles
0.6% missing data
 146   (0.230) 0.072 0.230 0.360 0.843 0.225 0.231 0.134 0.218 0.216 0.214 0.171 0.305 0.138 0.014 0.278 
 154   (0.007) 0.001 0.069 0.001 0.001 0.005 0.005 0.001 0.002 0.003 0.002 0.001 0.002 0.000 0.000 0.001 
 166   (0.091) 0.113 0.029 0.026 0.010 0.109 0.107 0.025 0.046 0.127 0.267 0.076 0.061 0.006 0.005 0.023 
 152   (0.422) 0.506 0.637 0.535 0.117 0.415 0.415 0.742 0.540 0.412 0.446 0.506 0.488 0.367 0.100 0.608 
 150   (0.031) 0.110 0.006 0.007 0.004 0.032 0.033 0.013 0.011 0.034 0.009 0.006 0.020 0.002 0.103 0.008 
 164   (0.034) 0.005 0.011 0.006 0.005 0.029 0.029 0.010 0.028 0.025 0.043 0.056 0.015 0.002 0.068 0.007 
 156   (0.019) 0.002 0.000 0.008 0.002 0.014 0.015 0.016 0.005 0.011 0.002 0.004 0.008 0.303 0.113 0.004 
 162   (0.053) 0.007 0.001 0.010 0.005 0.055 0.052 0.029 0.041 0.053 0.005 0.046 0.050 0.071 0.138 0.019 
 158   (0.090) 0.011 0.015 0.020 0.012 0.097 0.093 0.026 0.101 0.103 0.009 0.130 0.045 0.109 0.430 0.048 
 148   (0.009) 0.172 0.000 0.001 0.001 0.006 0.007 0.001 0.003 0.005 0.001 0.001 0.003 0.000 0.000 0.001 
 142   (0.014) 0.001 0.000 0.026 0.001 0.012 0.014 0.002 0.004 0.011 0.001 0.002 0.005 0.001 0.029 0.003 

Locus 23 : 23 
7 alleles
0.8% missing data
 152   (0.013) 0.001 0.061 0.002 0.001 0.009 0.009 0.002 0.003 0.007 0.090 0.002 0.004 0.001 0.001 0.002 
 156   (0.121) 0.015 0.034 0.027 0.013 0.125 0.124 0.143 0.241 0.128 0.092 0.124 0.066 0.030 0.430 0.028 
 144   (0.176) 0.604 0.184 0.295 0.025 0.168 0.170 0.272 0.112 0.161 0.152 0.192 0.166 0.639 0.243 0.049 
 160   (0.104) 0.013 0.181 0.064 0.012 0.101 0.101 0.136 0.050 0.101 0.297 0.139 0.128 0.106 0.012 0.326 
 154   (0.549) 0.363 0.537 0.607 0.921 0.560 0.560 0.440 0.579 0.564 0.365 0.532 0.614 0.223 0.174 0.586 
 158   (0.028) 0.003 0.003 0.004 0.027 0.030 0.029 0.006 0.009 0.034 0.003 0.010 0.018 0.002 0.139 0.008 
 146   (0.008) 0.001 0.000 0.001 0.001 0.007 0.007 0.001 0.005 0.006 0.001 0.001 0.003 0.000 0.000 0.001 

Locus 24 : 24 
4 alleles
0.4% missing data
  77   (0.082) 0.009 0.325 0.051 0.029 0.071 0.072 0.052 0.112 0.062 0.023 0.085 0.122 0.049 0.005 0.053 
  83   (0.462) 0.689 0.484 0.406 0.229 0.456 0.459 0.591 0.391 0.453 0.581 0.597 0.397 0.920 0.586 0.729 
  81   (0.369) 0.292 0.170 0.446 0.730 0.390 0.386 0.250 0.354 0.400 0.360 0.274 0.405 0.025 0.380 0.195 
  85   (0.088) 0.010 0.021 0.097 0.012 0.084 0.083 0.107 0.143 0.085 0.036 0.044 0.076 0.006 0.029 0.022 

Locus 25 : 25 
6 alleles
0.4% missing data
 132   (0.312) 0.181 0.529 0.396 0.911 0.325 0.321 0.225 0.236 0.324 0.124 0.454 0.297 0.456 0.021 0.198 
 124   (0.535) 0.415 0.397 0.462 0.066 0.529 0.529 0.607 0.699 0.530 0.836 0.420 0.569 0.534 0.468 0.749 
 126   (0.025) 0.003 0.058 0.003 0.003 0.021 0.020 0.005 0.009 0.017 0.026 0.005 0.009 0.001 0.011 0.005 
 122   (0.095) 0.109 0.015 0.134 0.017 0.096 0.100 0.155 0.043 0.103 0.011 0.101 0.112 0.006 0.475 0.041 
 120   (0.019) 0.290 0.000 0.002 0.002 0.016 0.016 0.003 0.008 0.014 0.002 0.004 0.007 0.001 0.022 0.003 
 136   (0.015) 0.002 0.001 0.002 0.001 0.013 0.013 0.005 0.005 0.011 0.002 0.016 0.007 0.001 0.002 0.004 

Locus 26 : 26 
7 alleles
0.2% missing data
 165   (0.248) 0.324 0.118 0.336 0.693 0.246 0.248 0.112 0.227 0.243 0.158 0.339 0.221 0.054 0.116 0.208 
 183   (0.346) 0.294 0.582 0.323 0.191 0.351 0.346 0.393 0.324 0.357 0.456 0.457 0.288 0.425 0.212 0.590 
 179   (0.090) 0.343 0.056 0.056 0.017 0.082 0.083 0.030 0.075 0.076 0.101 0.019 0.125 0.005 0.280 0.046 
 175   (0.249) 0.032 0.242 0.276 0.093 0.253 0.258 0.453 0.221 0.253 0.279 0.156 0.334 0.451 0.016 0.145 
 181   (0.052) 0.006 0.001 0.007 0.005 0.055 0.054 0.009 0.148 0.061 0.005 0.026 0.027 0.064 0.262 0.009 
 185   (0.009) 0.001 0.000 0.001 0.001 0.007 0.007 0.002 0.003 0.006 0.001 0.001 0.003 0.001 0.114 0.001 
 157   (0.006) 0.001 0.000 0.001 0.001 0.005 0.005 0.001 0.002 0.004 0.001 0.001 0.002 0.000 0.000 0.001 

Locus 27 : 27 
4 alleles
0.2% missing data
 142   (0.641) 0.308 0.705 0.813 0.338 0.650 0.649 0.721 0.594 0.656 0.601 0.679 0.681 0.743 0.523 0.707 
 148   (0.206) 0.675 0.076 0.075 0.376 0.207 0.207 0.208 0.224 0.211 0.184 0.250 0.135 0.065 0.265 0.052 
 138   (0.045) 0.005 0.207 0.024 0.276 0.038 0.039 0.021 0.020 0.033 0.203 0.017 0.019 0.003 0.048 0.023 
 150   (0.108) 0.012 0.011 0.089 0.011 0.104 0.104 0.049 0.162 0.100 0.012 0.053 0.165 0.189 0.163 0.219 

Locus 28 : 28 
6 alleles
0.8% missing data
 260   (0.383) 0.134 0.344 0.556 0.278 0.405 0.406 0.367 0.231 0.421 0.506 0.301 0.481 0.378 0.219 0.487 
 262   (0.509) 0.853 0.650 0.385 0.708 0.485 0.489 0.498 0.681 0.470 0.483 0.658 0.412 0.548 0.694 0.476 
 256   (0.077) 0.011 0.005 0.040 0.011 0.081 0.077 0.083 0.063 0.081 0.008 0.036 0.083 0.072 0.085 0.031 
 258   (0.010) 0.001 0.000 0.001 0.001 0.012 0.011 0.002 0.003 0.014 0.001 0.002 0.005 0.001 0.001 0.002 
 266   (0.006) 0.001 0.000 0.011 0.000 0.004 0.005 0.001 0.002 0.003 0.001 0.001 0.002 0.000 0.000 0.001 
 264   (0.015) 0.001 0.000 0.007 0.001 0.012 0.012 0.049 0.020 0.010 0.001 0.002 0.018 0.001 0.001 0.003 

Locus 29 : 29 
7 alleles
0.2% missing data
 146   (0.280) 0.035 0.171 0.149 0.086 0.297 0.296 0.464 0.252 0.308 0.301 0.348 0.268 0.334 0.324 0.430 
 150   (0.437) 0.141 0.704 0.592 0.158 0.433 0.436 0.400 0.588 0.431 0.427 0.408 0.495 0.290 0.241 0.212 
 140   (0.177) 0.812 0.081 0.160 0.690 0.175 0.175 0.103 0.119 0.176 0.032 0.170 0.187 0.057 0.388 0.135 
 148   (0.063) 0.007 0.037 0.039 0.060 0.056 0.054 0.015 0.023 0.050 0.225 0.048 0.026 0.316 0.035 0.141 
 152   (0.027) 0.003 0.001 0.058 0.004 0.029 0.027 0.014 0.013 0.026 0.003 0.005 0.017 0.002 0.011 0.061 
 151   (0.009) 0.001 0.005 0.001 0.002 0.006 0.007 0.001 0.003 0.005 0.010 0.002 0.004 0.001 0.001 0.008 
 142   (0.008) 0.001 0.001 0.001 0.001 0.005 0.006 0.002 0.003 0.004 0.001 0.018 0.002 0.000 0.000 0.013 

Locus 30 : 30 
6 alleles
0.2% missing data
 125   (0.285) 0.138 0.475 0.079 0.632 0.317 0.310 0.080 0.344 0.347 0.301 0.309 0.153 0.029 0.142 0.094 
 129   (0.429) 0.210 0.474 0.576 0.307 0.410 0.412 0.688 0.392 0.392 0.639 0.420 0.545 0.787 0.080 0.490 
 123   (0.151) 0.018 0.048 0.276 0.046 0.143 0.148 0.206 0.181 0.134 0.047 0.111 0.187 0.101 0.111 0.087 
 127   (0.086) 0.589 0.002 0.040 0.010 0.082 0.079 0.016 0.051 0.079 0.008 0.150 0.060 0.079 0.526 0.314 
 121   (0.012) 0.040 0.000 0.002 0.001 0.010 0.011 0.002 0.005 0.008 0.001 0.003 0.005 0.001 0.001 0.002 
 131   (0.037) 0.004 0.001 0.028 0.003 0.038 0.039 0.009 0.027 0.039 0.003 0.008 0.051 0.002 0.141 0.014 

Locus 31 : 31 
6 alleles
0.2% missing data
 159   (0.173) 0.020 0.139 0.208 0.060 0.158 0.160 0.303 0.269 0.150 0.111 0.294 0.277 0.011 0.200 0.085 
 155   (0.545) 0.524 0.688 0.584 0.589 0.576 0.573 0.253 0.471 0.603 0.849 0.426 0.371 0.709 0.423 0.454 
 157   (0.182) 0.115 0.093 0.172 0.302 0.172 0.174 0.123 0.211 0.159 0.030 0.253 0.281 0.020 0.061 0.434 
 153   (0.062) 0.097 0.077 0.030 0.042 0.062 0.061 0.313 0.025 0.061 0.006 0.012 0.057 0.004 0.305 0.019 
 151   (0.031) 0.243 0.002 0.004 0.005 0.027 0.027 0.006 0.022 0.024 0.003 0.015 0.012 0.255 0.010 0.007 
 163   (0.006) 0.001 0.001 0.002 0.001 0.005 0.005 0.001 0.002 0.004 0.001 0.001 0.002 0.001 0.000 0.001 

Locus 32 : 32 
5 alleles
0.0% missing data
 146   (0.324) 0.584 0.067 0.334 0.065 0.343 0.344 0.403 0.361 0.368 0.053 0.267 0.295 0.313 0.650 0.207 
 150   (0.563) 0.404 0.856 0.623 0.923 0.553 0.554 0.524 0.595 0.541 0.866 0.510 0.623 0.638 0.253 0.446 
 148   (0.060) 0.007 0.075 0.012 0.006 0.053 0.051 0.024 0.019 0.043 0.074 0.117 0.040 0.046 0.033 0.331 
 154   (0.038) 0.004 0.001 0.009 0.005 0.039 0.038 0.009 0.020 0.038 0.005 0.104 0.021 0.002 0.064 0.010 
 152   (0.014) 0.002 0.000 0.022 0.001 0.012 0.013 0.040 0.006 0.010 0.001 0.002 0.021 0.001 0.001 0.006 

Locus 33 : 33 
7 alleles
0.0% missing data
 180   (0.459) 0.698 0.608 0.416 0.430 0.471 0.469 0.215 0.416 0.476 0.366 0.525 0.412 0.671 0.358 0.504 
 196   (0.112) 0.013 0.187 0.124 0.107 0.109 0.112 0.263 0.102 0.109 0.206 0.049 0.121 0.007 0.025 0.025 
 184   (0.196) 0.264 0.147 0.311 0.434 0.188 0.185 0.346 0.198 0.188 0.122 0.277 0.146 0.072 0.185 0.079 
 194   (0.010) 0.001 0.039 0.001 0.001 0.007 0.007 0.002 0.003 0.005 0.029 0.002 0.003 0.001 0.001 0.002 
 192   (0.139) 0.015 0.005 0.115 0.016 0.138 0.139 0.151 0.200 0.135 0.013 0.102 0.227 0.182 0.165 0.370 
 198   (0.067) 0.007 0.013 0.013 0.010 0.074 0.075 0.016 0.061 0.076 0.261 0.021 0.033 0.067 0.266 0.017 
 190   (0.017) 0.002 0.000 0.020 0.002 0.013 0.013 0.007 0.020 0.010 0.002 0.024 0.059 0.001 0.001 0.003 

Locus 34 : 34 
6 alleles
0.0% missing data
 110   (0.191) 0.215 0.367 0.088 0.274 0.195 0.192 0.062 0.121 0.197 0.170 0.224 0.182 0.072 0.111 0.181 
 112   (0.346) 0.039 0.514 0.383 0.067 0.358 0.358 0.423 0.337 0.366 0.729 0.292 0.361 0.057 0.049 0.400 
 106   (0.278) 0.224 0.092 0.432 0.585 0.253 0.263 0.426 0.392 0.239 0.080 0.409 0.313 0.710 0.247 0.179 
  90   (0.038) 0.403 0.019 0.007 0.058 0.032 0.033 0.008 0.036 0.029 0.005 0.008 0.030 0.002 0.002 0.208 
 108   (0.138) 0.118 0.007 0.089 0.016 0.153 0.146 0.080 0.109 0.163 0.015 0.066 0.111 0.113 0.591 0.030 
  96   (0.010) 0.001 0.000 0.001 0.001 0.007 0.008 0.002 0.004 0.006 0.001 0.002 0.003 0.046 0.001 0.002 

Locus 35 : 35 
9 alleles
0.0% missing data
 166   (0.054) 0.007 0.285 0.152 0.009 0.046 0.049 0.028 0.019 0.041 0.182 0.055 0.035 0.004 0.003 0.095 
 176   (0.099) 0.012 0.129 0.014 0.021 0.095 0.095 0.023 0.129 0.093 0.374 0.217 0.043 0.015 0.097 0.033 
 172   (0.326) 0.041 0.454 0.415 0.451 0.342 0.344 0.422 0.216 0.350 0.216 0.138 0.402 0.586 0.167 0.301 
 170   (0.274) 0.613 0.124 0.208 0.483 0.264 0.258 0.317 0.253 0.261 0.155 0.518 0.219 0.325 0.349 0.184 
 174   (0.131) 0.015 0.005 0.176 0.012 0.130 0.133 0.035 0.303 0.133 0.015 0.048 0.182 0.063 0.043 0.359 
 178   (0.040) 0.005 0.002 0.011 0.017 0.043 0.041 0.051 0.027 0.041 0.050 0.008 0.039 0.003 0.002 0.010 
 168   (0.054) 0.305 0.001 0.019 0.006 0.060 0.059 0.018 0.048 0.063 0.005 0.013 0.036 0.003 0.319 0.013 
 186   (0.016) 0.002 0.000 0.005 0.001 0.015 0.015 0.105 0.004 0.013 0.002 0.002 0.042 0.001 0.019 0.003 
 158   (0.006) 0.001 0.000 0.001 0.000 0.006 0.006 0.001 0.002 0.006 0.001 0.001 0.002 0.000 0.000 0.001 

Locus 36 : 36 
6 alleles
0.0% missing data
  89   (0.570) 0.375 0.661 0.571 0.230 0.586 0.591 0.732 0.550 0.601 0.717 0.499 0.711 0.509 0.603 0.679 
  95   (0.060) 0.007 0.081 0.113 0.037 0.055 0.054 0.019 0.023 0.053 0.021 0.084 0.045 0.005 0.028 0.018 
  85   (0.164) 0.492 0.224 0.163 0.259 0.152 0.152 0.193 0.205 0.140 0.221 0.146 0.089 0.234 0.015 0.249 
  81   (0.062) 0.008 0.006 0.032 0.008 0.063 0.060 0.015 0.139 0.062 0.006 0.175 0.038 0.004 0.004 0.014 
  83   (0.125) 0.014 0.027 0.111 0.464 0.129 0.127 0.037 0.077 0.130 0.033 0.092 0.111 0.247 0.325 0.036 
  91   (0.019) 0.105 0.000 0.010 0.002 0.016 0.017 0.004 0.005 0.014 0.002 0.003 0.007 0.001 0.026 0.004 

Locus 37 : 37 
10 alleles
0.0% missing data
 161   (0.344) 0.431 0.574 0.276 0.084 0.336 0.338 0.116 0.509 0.337 0.526 0.395 0.292 0.375 0.707 0.424 
 165   (0.231) 0.132 0.166 0.336 0.059 0.242 0.242 0.284 0.148 0.256 0.280 0.185 0.190 0.100 0.113 0.087 
 159   (0.013) 0.001 0.035 0.007 0.001 0.011 0.012 0.002 0.004 0.010 0.009 0.002 0.004 0.001 0.001 0.003 
 173   (0.257) 0.224 0.127 0.203 0.166 0.249 0.251 0.420 0.207 0.238 0.083 0.388 0.358 0.514 0.170 0.423 
 169   (0.100) 0.206 0.088 0.111 0.686 0.104 0.102 0.162 0.108 0.104 0.097 0.021 0.121 0.006 0.006 0.052 
 167   (0.017) 0.002 0.009 0.003 0.002 0.018 0.018 0.003 0.011 0.017 0.002 0.003 0.016 0.001 0.001 0.004 
 168   (0.010) 0.001 0.000 0.001 0.001 0.012 0.010 0.002 0.003 0.013 0.001 0.002 0.005 0.001 0.001 0.002 
 155   (0.014) 0.001 0.000 0.002 0.001 0.019 0.016 0.003 0.007 0.019 0.001 0.003 0.008 0.001 0.001 0.002 
 177   (0.006) 0.001 0.000 0.001 0.000 0.005 0.005 0.001 0.003 0.004 0.001 0.001 0.002 0.000 0.000 0.002 
 175   (0.007) 0.001 0.000 0.060 0.001 0.005 0.005 0.007 0.002 0.003 0.001 0.001 0.003 0.000 0.000 0.001 

Locus 38 : 38 
6 alleles
0.6% missing data
  87   (0.095) 0.554 0.169 0.032 0.012 0.080 0.080 0.034 0.063 0.067 0.138 0.114 0.105 0.129 0.437 0.040 
  89   (0.430) 0.050 0.589 0.666 0.742 0.450 0.456 0.380 0.524 0.474 0.669 0.217 0.474 0.092 0.228 0.388 
  91   (0.165) 0.209 0.131 0.066 0.205 0.172 0.170 0.083 0.169 0.172 0.026 0.207 0.160 0.186 0.100 0.099 
  81   (0.119) 0.013 0.080 0.066 0.012 0.118 0.116 0.062 0.069 0.118 0.084 0.222 0.081 0.115 0.008 0.385 
  85   (0.185) 0.173 0.028 0.170 0.029 0.176 0.173 0.439 0.174 0.166 0.082 0.240 0.179 0.478 0.227 0.086 
  83   (0.006) 0.001 0.003 0.001 0.001 0.005 0.005 0.002 0.002 0.003 0.001 0.001 0.002 0.000 0.000 0.002 

Locus 39 : 39 
4 alleles
0.6% missing data
 167   (0.787) 0.685 0.910 0.701 0.932 0.778 0.788 0.931 0.868 0.774 0.926 0.946 0.849 0.859 0.394 0.826 
 161   (0.177) 0.311 0.088 0.214 0.061 0.188 0.178 0.062 0.115 0.194 0.070 0.047 0.121 0.138 0.457 0.162 
 165   (0.030) 0.003 0.001 0.085 0.007 0.028 0.028 0.006 0.015 0.026 0.003 0.006 0.028 0.002 0.148 0.011 
 177   (0.006) 0.001 0.000 0.001 0.001 0.006 0.006 0.001 0.002 0.006 0.001 0.001 0.002 0.001 0.000 0.001 

Locus 40 : 40 
6 alleles
0.4% missing data
 228   (0.418) 0.550 0.522 0.479 0.726 0.402 0.405 0.608 0.382 0.389 0.656 0.443 0.447 0.233 0.119 0.620 
 238   (0.336) 0.082 0.324 0.340 0.067 0.351 0.348 0.212 0.436 0.364 0.268 0.269 0.333 0.117 0.069 0.089 
 224   (0.023) 0.002 0.090 0.003 0.003 0.017 0.018 0.004 0.007 0.014 0.046 0.014 0.007 0.001 0.011 0.204 
 236   (0.105) 0.353 0.061 0.044 0.192 0.102 0.102 0.029 0.055 0.102 0.017 0.114 0.082 0.387 0.285 0.048 
 232   (0.012) 0.001 0.000 0.002 0.001 0.010 0.010 0.002 0.036 0.009 0.002 0.002 0.004 0.001 0.001 0.002 
 240   (0.107) 0.012 0.002 0.132 0.011 0.118 0.117 0.145 0.084 0.123 0.010 0.158 0.128 0.261 0.516 0.037 

Locus 41 : 41 
7 alleles
0.0% missing data
 128   (0.113) 0.012 0.138 0.276 0.233 0.106 0.110 0.045 0.136 0.102 0.064 0.072 0.115 0.032 0.007 0.231 
 130   (0.537) 0.061 0.612 0.401 0.694 0.556 0.553 0.484 0.560 0.568 0.593 0.515 0.518 0.780 0.738 0.524 
 114   (0.052) 0.499 0.109 0.007 0.032 0.048 0.048 0.011 0.033 0.045 0.041 0.076 0.024 0.003 0.003 0.010 
 132   (0.118) 0.013 0.132 0.159 0.019 0.114 0.113 0.389 0.138 0.107 0.283 0.151 0.168 0.047 0.007 0.027 
 118   (0.061) 0.204 0.002 0.084 0.009 0.054 0.059 0.033 0.055 0.049 0.006 0.012 0.088 0.130 0.071 0.051 
 134   (0.112) 0.209 0.007 0.072 0.013 0.117 0.113 0.036 0.078 0.124 0.012 0.173 0.085 0.007 0.175 0.156 
 136   (0.006) 0.001 0.000 0.001 0.001 0.005 0.005 0.001 0.002 0.004 0.001 0.001 0.002 0.000 0.000 0.001 

Locus 42 : 42 
6 alleles
1.2% missing data
 102   (0.268) 0.573 0.416 0.288 0.073 0.271 0.273 0.433 0.172 0.280 0.431 0.409 0.323 0.476 0.016 0.235 
 104   (0.405) 0.050 0.198 0.568 0.101 0.425 0.423 0.264 0.416 0.434 0.153 0.328 0.490 0.414 0.232 0.667 
  92   (0.108) 0.051 0.106 0.026 0.013 0.100 0.100 0.119 0.219 0.095 0.277 0.086 0.082 0.007 0.315 0.034 
  96   (0.074) 0.096 0.061 0.028 0.711 0.070 0.070 0.016 0.078 0.068 0.068 0.055 0.029 0.005 0.176 0.020 
  98   (0.139) 0.229 0.218 0.089 0.101 0.129 0.129 0.165 0.112 0.119 0.072 0.120 0.074 0.098 0.261 0.042 
 106   (0.006) 0.001 0.001 0.001 0.001 0.005 0.005 0.002 0.002 0.004 0.001 0.002 0.002 0.000 0.000 0.002 

Locus 43 : 43 
6 alleles
1.4% missing data
 101   (0.300) 0.035 0.468 0.244 0.088 0.286 0.287 0.472 0.409 0.277 0.215 0.464 0.289 0.181 0.368 0.242 
 103   (0.316) 0.228 0.178 0.438 0.466 0.323 0.323 0.375 0.190 0.318 0.370 0.281 0.423 0.352 0.109 0.151 
  99   (0.145) 0.415 0.031 0.089 0.076 0.151 0.146 0.039 0.207 0.158 0.217 0.066 0.076 0.009 0.182 0.529 
  95   (0.216) 0.170 0.321 0.225 0.369 0.217 0.220 0.110 0.184 0.222 0.196 0.184 0.203 0.457 0.334 0.073 
  97   (0.017) 0.152 0.000 0.002 0.002 0.017 0.017 0.003 0.008 0.019 0.002 0.003 0.007 0.001 0.006 0.003 
  91   (0.006) 0.001 0.000 0.001 0.001 0.006 0.006 0.001 0.002 0.006 0.001 0.001 0.002 0.000 0.000 0.001 

Locus 44 : 44 
7 alleles
0.2% missing data
 177   (0.078) 0.010 0.064 0.058 0.009 0.080 0.082 0.031 0.033 0.081 0.162 0.063 0.064 0.005 0.113 0.016 
 191   (0.286) 0.280 0.185 0.144 0.055 0.313 0.302 0.149 0.272 0.324 0.113 0.300 0.331 0.099 0.632 0.351 
 181   (0.566) 0.521 0.750 0.721 0.930 0.543 0.549 0.808 0.661 0.535 0.718 0.621 0.578 0.862 0.138 0.558 
 189   (0.007) 0.001 0.000 0.001 0.000 0.004 0.004 0.001 0.002 0.003 0.001 0.001 0.002 0.030 0.000 0.001 
 179   (0.044) 0.187 0.001 0.006 0.004 0.045 0.047 0.007 0.025 0.045 0.004 0.012 0.020 0.003 0.107 0.069 
 183   (0.009) 0.001 0.000 0.003 0.001 0.008 0.008 0.002 0.004 0.007 0.001 0.002 0.003 0.001 0.001 0.002 
 193   (0.010) 0.001 0.000 0.067 0.001 0.007 0.007 0.002 0.003 0.005 0.001 0.002 0.003 0.001 0.010 0.002 

Locus 45 : 45 
6 alleles
0.8% missing data
 205   (0.461) 0.249 0.504 0.530 0.872 0.482 0.481 0.474 0.363 0.499 0.546 0.538 0.460 0.407 0.311 0.522 
 211   (0.228) 0.342 0.250 0.100 0.045 0.227 0.222 0.267 0.349 0.218 0.109 0.187 0.193 0.274 0.393 0.291 
 207   (0.143) 0.017 0.127 0.239 0.060 0.138 0.138 0.214 0.100 0.140 0.189 0.092 0.152 0.200 0.071 0.049 
 201   (0.076) 0.380 0.069 0.035 0.012 0.066 0.068 0.027 0.106 0.058 0.118 0.081 0.130 0.005 0.039 0.045 
 215   (0.082) 0.010 0.050 0.094 0.009 0.074 0.079 0.017 0.078 0.071 0.035 0.101 0.061 0.114 0.178 0.091 
 202   (0.011) 0.001 0.000 0.002 0.001 0.013 0.013 0.002 0.003 0.014 0.001 0.002 0.004 0.001 0.008 0.002 

Locus 46 : 46 
10 alleles
1.0% missing data
 144   (0.063) 0.008 0.251 0.046 0.048 0.055 0.059 0.016 0.097 0.052 0.079 0.014 0.056 0.128 0.007 0.062 
 158   (0.156) 0.021 0.115 0.039 0.034 0.154 0.146 0.078 0.130 0.154 0.391 0.263 0.167 0.082 0.122 0.233 
 168   (0.142) 0.216 0.221 0.040 0.053 0.156 0.156 0.038 0.111 0.173 0.067 0.135 0.076 0.107 0.216 0.032 
 166   (0.139) 0.123 0.322 0.293 0.456 0.130 0.129 0.063 0.102 0.119 0.123 0.090 0.095 0.389 0.026 0.036 
 142   (0.362) 0.047 0.087 0.519 0.393 0.382 0.385 0.686 0.294 0.394 0.308 0.439 0.505 0.285 0.143 0.611 
 170   (0.016) 0.002 0.001 0.002 0.002 0.012 0.013 0.003 0.039 0.009 0.002 0.004 0.005 0.001 0.047 0.004 
 156   (0.028) 0.467 0.001 0.005 0.002 0.025 0.025 0.023 0.009 0.021 0.015 0.005 0.032 0.002 0.084 0.005 
 162   (0.047) 0.109 0.001 0.049 0.005 0.043 0.045 0.011 0.069 0.038 0.004 0.038 0.024 0.003 0.162 0.009 
 164   (0.041) 0.005 0.001 0.005 0.005 0.039 0.037 0.082 0.146 0.036 0.011 0.011 0.038 0.002 0.193 0.007 
 160   (0.006) 0.001 0.000 0.001 0.001 0.005 0.005 0.001 0.002 0.005 0.001 0.002 0.002 0.000 0.000 0.001 

Locus 47 : 47 
7 alleles
9.9% missing data
 149   (0.348) 0.348 0.211 0.415 0.470 0.359 0.357 0.306 0.301 0.362 0.189 0.085 0.358 0.336 0.770 0.492 
 151   (0.184) 0.083 0.208 0.103 0.118 0.171 0.171 0.159 0.165 0.161 0.572 0.369 0.205 0.012 0.087 0.356 
 153   (0.194) 0.029 0.362 0.408 0.106 0.196 0.196 0.314 0.153 0.198 0.131 0.183 0.240 0.026 0.043 0.081 
 147   (0.028) 0.004 0.033 0.004 0.003 0.024 0.024 0.006 0.065 0.020 0.031 0.005 0.011 0.002 0.002 0.007 
 145   (0.223) 0.532 0.182 0.067 0.300 0.232 0.233 0.212 0.282 0.244 0.074 0.354 0.178 0.623 0.041 0.057 
 152   (0.007) 0.001 0.002 0.001 0.001 0.005 0.005 0.001 0.003 0.004 0.001 0.001 0.002 0.000 0.001 0.003 
 143   (0.017) 0.002 0.000 0.002 0.001 0.013 0.014 0.002 0.031 0.012 0.002 0.003 0.006 0.001 0.056 0.003 

Values of parameters used in structure:
DATAFILE=temp2.str,	OUTFILE=k15/temp2_k15_run3,	NUMINDS=486,	NUMLOCI=47,	MISSING=-9,	LABEL=1,	POPDATA=1,	POPFLAG=0,	PHENOTYPE=0,	EXTRACOLS=0,	MAXPOPS=15,	BURNIN=500000,	NUMREPS=750000,	USEPOPINFO=0,	INFERALPHA=1,	INFERLAMBDA=0,	POPSPECIFICLAMBDA=0,	POPALPHAS=0,	COMPUTEPROB=1,	NOADMIX=0,	ADMBURNIN=500,	UPDATEFREQ=100,	PRINTLIKES=0,	INTERMEDSAVE=0,	PRINTKLD=0,	PRINTNET=1,	PRINTLAMBDA=1,	ANCESTDIST=0,	NUMBOXES=1000,	ANCESTPINT=0.90000,	GENSBACK=2,	MIGRPRIOR=0.01000,	PRINTQHAT=0,	PRINTQSUM=1,	ALPHA=1.0000,	FREQSCORR=1,	FPRIORMEAN=0.0100,	FPRIORSD=0.0500,	ONEFST=0,	LAMBDA=1.0000,	UNIFPRIORALPHA=1,	ALPHAMAX=10.0000,	ALPHAPRIORA=1.0000,	ALPHAPRIORB=2.0000,	ALPHAPROPSD=0.0250,	STARTATPOPINFO=0,	RANDOMIZE=0,	LINKAGE=0,	METROFREQ=10,	REPORTHITRATE=0,	MARKOVPHASE=0,	PHASED=1,	PLOIDY=2,	PHASEINFO=0	LOCPRIOR=0, 	LOCPRIORINIT=1.000000, 	LOCDATA=0, 	LOCISPOP=1, 	LOCPRIORSTEP=0.100000, 	MAXLOCPRIOR=20.000000, 	SEED=509783,	
[STRAT parameters]:    NUMSIMSTATS=1000,	PHENOTYPECOL=-9,	POOLFREQ=10,	LOCUSxONLY=0,	EMERROR=0.00100,	MISSINGPHENO=-9,	