

----------------------------------------------------
STRUCTURE by Pritchard, Stephens and Donnelly (2000)
     and Falush, Stephens and Pritchard (2003)
       Code by Pritchard, Falush and Hubisz
             Version 2.3.4 (Jul 2012)
----------------------------------------------------



Command line arguments:   structure -D 483800 -K 15 -m mainparams -o k15/temp2_k15_run9 
Input File:    temp2.str

Run parameters:
   486 individuals
   47 loci
   15 populations assumed
   500000 Burn-in period
   750000 Reps
RANDOMIZE turned off


--------------------------------------------
Proportion of membership of each pre-defined
 population in each of the 15 clusters

Given    Inferred Clusters                                                                                           Number of
 Pop       1      2      3      4      5      6      7      8      9     10     11     12     13     14     15      Individuals

  1:     0.008  0.009  0.003  0.010  0.037  0.854  0.010  0.009  0.006  0.004  0.010  0.008  0.012  0.010  0.010       63
  2:     0.012  0.011  0.003  0.013  0.012  0.860  0.007  0.011  0.010  0.006  0.014  0.007  0.014  0.006  0.014       20
  3:     0.003  0.004  0.940  0.004  0.004  0.003  0.004  0.003  0.006  0.007  0.004  0.004  0.004  0.004  0.004       36
  4:     0.012  0.018  0.003  0.019  0.116  0.704  0.014  0.009  0.008  0.004  0.019  0.006  0.036  0.014  0.018       21
  5:     0.008  0.006  0.003  0.006  0.547  0.360  0.006  0.014  0.007  0.003  0.007  0.005  0.012  0.009  0.007       31
  6:     0.008  0.008  0.004  0.009  0.018  0.884  0.019  0.012  0.004  0.004  0.008  0.004  0.006  0.005  0.008       21
  7:     0.021  0.016  0.005  0.016  0.011  0.011  0.041  0.005  0.023  0.004  0.020  0.011  0.783  0.016  0.017       25
  8:     0.019  0.030  0.094  0.034  0.139  0.462  0.022  0.013  0.041  0.010  0.027  0.009  0.021  0.047  0.033        8
  9:     0.025  0.009  0.002  0.008  0.018  0.550  0.009  0.334  0.004  0.005  0.009  0.005  0.008  0.006  0.008       17
 10:     0.005  0.004  0.003  0.005  0.004  0.005  0.004  0.003  0.005  0.003  0.005  0.940  0.006  0.005  0.005       29
 11:     0.002  0.002  0.006  0.003  0.002  0.002  0.002  0.003  0.002  0.965  0.003  0.002  0.002  0.002  0.003        9
 12:     0.021  0.145  0.018  0.161  0.016  0.010  0.057  0.009  0.027  0.008  0.184  0.014  0.057  0.107  0.166       26
 13:     0.146  0.108  0.011  0.100  0.014  0.012  0.114  0.012  0.047  0.009  0.111  0.011  0.027  0.171  0.107       74
 14:     0.350  0.080  0.012  0.076  0.014  0.018  0.118  0.010  0.070  0.006  0.072  0.012  0.020  0.063  0.080       35
 15:     0.474  0.052  0.008  0.039  0.016  0.031  0.211  0.007  0.015  0.008  0.043  0.008  0.025  0.020  0.043       24
 16:     0.027  0.137  0.022  0.152  0.012  0.026  0.051  0.007  0.011  0.009  0.172  0.026  0.037  0.148  0.164       43
 17:     0.009  0.279  0.006  0.198  0.011  0.013  0.015  0.047  0.012  0.002  0.169  0.008  0.011  0.022  0.197        4
--------------------------------------------

Allele-freq. divergence among pops (Net nucleotide distance),
computed using point estimates of P.

      1       2       3       4       5       6       7       8       9      10      11      12      13      14      15      
 1      -    0.0194  0.1266  0.0209  0.0624  0.0474  0.0219  0.1309  0.0653  0.1297  0.0199  0.0707  0.0378  0.0306  0.0198  
 2   0.0194     -    0.0860  0.0011  0.0398  0.0312  0.0157  0.1005  0.0490  0.1041  0.0008  0.0564  0.0212  0.0120  0.0007  
 3   0.1266  0.0860     -    0.0829  0.1375  0.1447  0.1112  0.2162  0.1325  0.1130  0.0812  0.1220  0.1045  0.0922  0.0825  
 4   0.0209  0.0011  0.0829     -    0.0386  0.0319  0.0170  0.1045  0.0498  0.1009  0.0006  0.0555  0.0219  0.0110  0.0003  
 5   0.0624  0.0398  0.1375  0.0386     -    0.0395  0.0586  0.1341  0.0799  0.1429  0.0376  0.0931  0.0557  0.0457  0.0381  
 6   0.0474  0.0312  0.1447  0.0319  0.0395     -    0.0474  0.1058  0.0768  0.1442  0.0305  0.0802  0.0445  0.0352  0.0310  
 7   0.0219  0.0157  0.1112  0.0170  0.0586  0.0474     -    0.1283  0.0577  0.1245  0.0158  0.0731  0.0368  0.0257  0.0160  
 8   0.1309  0.1005  0.2162  0.1045  0.1341  0.1058  0.1283     -    0.1518  0.2028  0.1024  0.1608  0.1231  0.1130  0.1035  
 9   0.0653  0.0490  0.1325  0.0498  0.0799  0.0768  0.0577  0.1518     -    0.1681  0.0483  0.1070  0.0604  0.0636  0.0491  
10   0.1297  0.1041  0.1130  0.1009  0.1429  0.1442  0.1245  0.2028  0.1681     -    0.0983  0.1333  0.1070  0.1091  0.0997  
11   0.0199  0.0008  0.0812  0.0006  0.0376  0.0305  0.0158  0.1024  0.0483  0.0983     -    0.0539  0.0188  0.0097  0.0002  
12   0.0707  0.0564  0.1220  0.0555  0.0931  0.0802  0.0731  0.1608  0.1070  0.1333  0.0539     -    0.0608  0.0656  0.0543  
13   0.0378  0.0212  0.1045  0.0219  0.0557  0.0445  0.0368  0.1231  0.0604  0.1070  0.0188  0.0608     -    0.0259  0.0199  
14   0.0306  0.0120  0.0922  0.0110  0.0457  0.0352  0.0257  0.1130  0.0636  0.1091  0.0097  0.0656  0.0259     -    0.0105  
15   0.0198  0.0007  0.0825  0.0003  0.0381  0.0310  0.0160  0.1035  0.0491  0.0997  0.0002  0.0543  0.0199  0.0105     -    

Average distances (expected heterozygosity) between individuals in same cluster:
cluster  1  : 0.5647 
cluster  2  : 0.6361 
cluster  3  : 0.6320 
cluster  4  : 0.6366 
cluster  5  : 0.5401 
cluster  6  : 0.5386 
cluster  7  : 0.5843 
cluster  8  : 0.4305 
cluster  9  : 0.5352 
cluster 10  : 0.5327 
cluster 11  : 0.6442 
cluster 12  : 0.5445 
cluster 13  : 0.5952 
cluster 14  : 0.6078 
cluster 15  : 0.6403 

--------------------------------------------
Estimated Ln Prob of Data   = -52717.8
Mean value of ln likelihood = -50227.0
Variance of ln likelihood   = 4981.6
Mean value of alpha         = 0.0338

Mean value of Fst_1         = 0.0994
Mean value of Fst_2         = 0.0370
Mean value of Fst_3         = 0.1876
Mean value of Fst_4         = 0.0510
Mean value of Fst_5         = 0.1752
Mean value of Fst_6         = 0.1425
Mean value of Fst_7         = 0.0977
Mean value of Fst_8         = 0.4138
Mean value of Fst_9         = 0.2444
Mean value of Fst_10         = 0.3098
Mean value of Fst_11         = 0.0165
Mean value of Fst_12         = 0.2137
Mean value of Fst_13         = 0.0935
Mean value of Fst_14         = 0.0560
Mean value of Fst_15         = 0.0258


Inferred ancestry of individuals:
        Label (%Miss) Pop:  Inferred clusters
  1      221    (0)    1 :  0.008 0.007 0.003 0.007 0.008 0.910 0.007 0.004 0.003 0.003 0.007 0.002 0.017 0.009 0.007 
  2      222    (0)    1 :  0.006 0.008 0.004 0.009 0.506 0.398 0.007 0.006 0.010 0.004 0.009 0.009 0.007 0.007 0.009 
  3      223    (0)    1 :  0.007 0.010 0.006 0.010 0.008 0.879 0.009 0.007 0.006 0.003 0.010 0.003 0.008 0.026 0.009 
  4      224    (0)    1 :  0.003 0.002 0.001 0.003 0.005 0.957 0.002 0.005 0.004 0.001 0.003 0.004 0.004 0.003 0.003 
  5      225    (0)    1 :  0.004 0.005 0.002 0.005 0.006 0.941 0.004 0.004 0.004 0.002 0.006 0.003 0.003 0.005 0.005 
  6      226    (0)    1 :  0.003 0.004 0.001 0.004 0.003 0.932 0.003 0.004 0.006 0.006 0.005 0.002 0.012 0.010 0.004 
  7      227    (0)    1 :  0.005 0.008 0.007 0.009 0.003 0.861 0.006 0.005 0.004 0.015 0.010 0.005 0.035 0.017 0.010 
  8      228    (0)    1 :  0.012 0.009 0.004 0.010 0.007 0.883 0.010 0.012 0.010 0.003 0.009 0.005 0.006 0.008 0.010 
  9      234    (0)    1 :  0.005 0.004 0.001 0.004 0.008 0.946 0.004 0.004 0.004 0.002 0.004 0.002 0.003 0.004 0.004 
 10      235    (0)    1 :  0.003 0.004 0.001 0.004 0.009 0.951 0.003 0.004 0.002 0.004 0.003 0.002 0.004 0.003 0.003 
 11      236    (0)    1 :  0.002 0.002 0.001 0.003 0.003 0.955 0.002 0.014 0.002 0.002 0.003 0.002 0.005 0.003 0.003 
 12      237    (0)    1 :  0.004 0.004 0.002 0.003 0.008 0.948 0.006 0.002 0.004 0.002 0.004 0.002 0.003 0.006 0.004 
 13      238    (0)    1 :  0.005 0.008 0.006 0.007 0.040 0.847 0.013 0.003 0.004 0.003 0.009 0.012 0.025 0.009 0.008 
 14      239    (0)    1 :  0.013 0.020 0.002 0.025 0.017 0.690 0.009 0.025 0.008 0.007 0.026 0.015 0.079 0.042 0.024 
 15      240    (0)    1 :  0.003 0.004 0.001 0.004 0.006 0.950 0.003 0.006 0.003 0.002 0.003 0.002 0.006 0.003 0.003 
 16      242    (0)    1 :  0.014 0.039 0.001 0.046 0.303 0.274 0.028 0.003 0.008 0.001 0.077 0.002 0.012 0.126 0.066 
 17      243    (0)    1 :  0.004 0.016 0.002 0.012 0.014 0.846 0.007 0.005 0.008 0.015 0.014 0.015 0.020 0.010 0.014 
 18      244    (0)    1 :  0.002 0.006 0.003 0.008 0.015 0.890 0.003 0.002 0.003 0.012 0.008 0.003 0.021 0.018 0.007 
 19      245    (0)    1 :  0.016 0.019 0.025 0.013 0.004 0.790 0.012 0.045 0.007 0.009 0.014 0.007 0.013 0.009 0.016 
 20      246    (0)    1 :  0.002 0.005 0.003 0.004 0.010 0.945 0.003 0.003 0.003 0.005 0.004 0.003 0.003 0.003 0.004 
 21      248    (0)    1 :  0.004 0.006 0.003 0.007 0.055 0.857 0.006 0.009 0.002 0.003 0.007 0.020 0.005 0.009 0.007 
 22      249    (0)    1 :  0.002 0.002 0.001 0.002 0.002 0.968 0.002 0.002 0.004 0.001 0.002 0.002 0.004 0.003 0.002 
 23      250    (0)    1 :  0.009 0.013 0.006 0.014 0.005 0.851 0.021 0.012 0.006 0.006 0.015 0.009 0.009 0.010 0.015 
 24      251    (0)    1 :  0.009 0.005 0.001 0.005 0.017 0.920 0.009 0.005 0.002 0.004 0.005 0.003 0.004 0.006 0.005 
 25      252    (0)    1 :  0.011 0.008 0.002 0.007 0.004 0.865 0.021 0.005 0.008 0.001 0.008 0.038 0.007 0.007 0.008 
 26      253    (0)    1 :  0.003 0.021 0.015 0.019 0.003 0.825 0.006 0.006 0.004 0.003 0.023 0.022 0.007 0.022 0.021 
 27      254    (0)    1 :  0.004 0.006 0.001 0.006 0.004 0.937 0.005 0.003 0.003 0.002 0.005 0.003 0.008 0.007 0.005 
 28      255    (0)    1 :  0.008 0.015 0.003 0.017 0.258 0.561 0.007 0.017 0.004 0.003 0.018 0.006 0.052 0.014 0.017 
 29      256    (0)    1 :  0.004 0.010 0.004 0.009 0.056 0.861 0.008 0.003 0.013 0.002 0.010 0.002 0.004 0.005 0.009 
 30      257    (0)    1 :  0.011 0.009 0.002 0.009 0.007 0.891 0.009 0.003 0.003 0.003 0.008 0.009 0.017 0.010 0.009 
 31      258    (0)    1 :  0.012 0.009 0.005 0.009 0.027 0.872 0.011 0.010 0.003 0.002 0.010 0.003 0.011 0.008 0.009 
 32      259    (0)    1 :  0.008 0.015 0.002 0.027 0.010 0.879 0.006 0.002 0.004 0.002 0.012 0.003 0.005 0.009 0.016 
 33      260    (0)    1 :  0.004 0.006 0.002 0.005 0.005 0.829 0.006 0.023 0.003 0.006 0.006 0.070 0.025 0.004 0.005 
 34      261    (0)    1 :  0.058 0.015 0.002 0.015 0.006 0.779 0.054 0.003 0.005 0.003 0.015 0.009 0.018 0.005 0.014 
 35      262    (0)    1 :  0.003 0.002 0.001 0.002 0.006 0.967 0.002 0.002 0.003 0.001 0.002 0.002 0.002 0.002 0.002 
 36      263    (0)    1 :  0.004 0.005 0.003 0.005 0.014 0.867 0.006 0.005 0.005 0.004 0.006 0.024 0.043 0.005 0.005 
 37      264    (0)    1 :  0.006 0.004 0.001 0.005 0.010 0.931 0.005 0.003 0.012 0.001 0.004 0.003 0.006 0.004 0.004 
 38      265    (0)    1 :  0.007 0.005 0.001 0.006 0.019 0.875 0.004 0.007 0.004 0.002 0.005 0.036 0.020 0.003 0.005 
 39      266    (0)    1 :  0.003 0.003 0.001 0.003 0.005 0.960 0.003 0.005 0.002 0.001 0.003 0.002 0.002 0.003 0.003 
 40      267    (0)    1 :  0.003 0.003 0.001 0.003 0.023 0.943 0.002 0.002 0.003 0.002 0.003 0.001 0.003 0.005 0.003 
 41      268    (0)    1 :  0.004 0.006 0.001 0.006 0.004 0.882 0.008 0.003 0.004 0.008 0.006 0.050 0.006 0.007 0.006 
 42      269    (0)    1 :  0.004 0.003 0.001 0.003 0.008 0.942 0.003 0.018 0.002 0.001 0.003 0.002 0.004 0.003 0.003 
 43      270    (0)    1 :  0.004 0.003 0.001 0.003 0.004 0.937 0.003 0.003 0.022 0.002 0.003 0.002 0.006 0.004 0.003 
 44      271    (0)    1 :  0.012 0.025 0.007 0.026 0.012 0.714 0.029 0.073 0.007 0.003 0.027 0.010 0.013 0.015 0.028 
 45      272    (0)    1 :  0.026 0.034 0.001 0.034 0.437 0.327 0.011 0.013 0.021 0.007 0.034 0.005 0.008 0.009 0.033 
 46      273    (0)    1 :  0.014 0.013 0.004 0.015 0.014 0.819 0.007 0.010 0.019 0.002 0.014 0.002 0.038 0.016 0.013 
 47      274    (0)    1 :  0.009 0.004 0.002 0.004 0.004 0.929 0.006 0.006 0.003 0.003 0.005 0.006 0.008 0.004 0.005 
 48      275    (2)    1 :  0.004 0.004 0.002 0.004 0.009 0.944 0.003 0.003 0.004 0.002 0.004 0.002 0.007 0.005 0.004 
 49      276    (0)    1 :  0.008 0.006 0.001 0.006 0.006 0.925 0.010 0.005 0.004 0.002 0.006 0.004 0.005 0.007 0.006 
 50      277    (0)    1 :  0.020 0.023 0.001 0.014 0.003 0.807 0.072 0.012 0.008 0.001 0.012 0.002 0.008 0.006 0.013 
 51      278    (0)    1 :  0.015 0.009 0.001 0.012 0.016 0.832 0.058 0.005 0.002 0.008 0.009 0.004 0.005 0.010 0.013 
 52      279    (0)    1 :  0.005 0.014 0.002 0.016 0.017 0.884 0.008 0.003 0.005 0.002 0.014 0.003 0.006 0.009 0.014 
 53      280    (0)    1 :  0.016 0.011 0.002 0.013 0.007 0.808 0.015 0.064 0.003 0.002 0.011 0.005 0.019 0.012 0.012 
 54      287    (0)    1 :  0.009 0.015 0.003 0.015 0.005 0.876 0.009 0.003 0.006 0.004 0.015 0.006 0.013 0.007 0.014 
 55      290    (0)    1 :  0.010 0.013 0.002 0.015 0.083 0.792 0.009 0.006 0.017 0.006 0.014 0.002 0.010 0.009 0.012 
 56      291    (0)    1 :  0.024 0.010 0.002 0.017 0.003 0.869 0.015 0.014 0.004 0.003 0.009 0.006 0.007 0.005 0.011 
 57      295    (0)    1 :  0.016 0.004 0.001 0.004 0.006 0.939 0.006 0.003 0.003 0.001 0.004 0.003 0.004 0.003 0.004 
 58      296    (0)    1 :  0.003 0.004 0.002 0.004 0.009 0.932 0.005 0.005 0.010 0.003 0.004 0.004 0.004 0.008 0.004 
 59      872    (2)    1 :  0.004 0.005 0.005 0.006 0.094 0.839 0.006 0.004 0.004 0.006 0.005 0.007 0.005 0.004 0.005 
 60      873    (4)    1 :  0.003 0.010 0.003 0.014 0.033 0.840 0.009 0.010 0.020 0.004 0.015 0.003 0.014 0.010 0.013 
 61      874    (2)    1 :  0.008 0.004 0.001 0.006 0.012 0.922 0.018 0.002 0.004 0.001 0.004 0.003 0.005 0.007 0.004 
 62      875    (0)    1 :  0.005 0.005 0.003 0.005 0.015 0.913 0.004 0.006 0.003 0.017 0.005 0.002 0.006 0.005 0.005 
 63      876    (6)    1 :  0.012 0.007 0.002 0.008 0.005 0.877 0.013 0.005 0.004 0.001 0.008 0.012 0.022 0.018 0.007 
 64      212    (0)   10 :  0.004 0.002 0.002 0.003 0.003 0.002 0.003 0.002 0.002 0.001 0.003 0.965 0.002 0.003 0.003 
 65      213    (0)   10 :  0.005 0.004 0.002 0.004 0.002 0.004 0.007 0.008 0.003 0.003 0.004 0.940 0.003 0.006 0.004 
 66      214    (0)   10 :  0.004 0.005 0.003 0.005 0.006 0.004 0.004 0.002 0.002 0.001 0.005 0.942 0.006 0.006 0.005 
 67      215    (0)   10 :  0.006 0.003 0.002 0.004 0.004 0.005 0.004 0.003 0.003 0.004 0.004 0.946 0.004 0.004 0.004 
 68      216    (0)   10 :  0.004 0.004 0.001 0.003 0.002 0.004 0.004 0.004 0.003 0.002 0.003 0.957 0.003 0.002 0.003 
 69      217    (0)   10 :  0.004 0.005 0.002 0.005 0.004 0.005 0.004 0.004 0.006 0.002 0.005 0.938 0.003 0.009 0.005 
 70      218    (0)   10 :  0.003 0.003 0.003 0.003 0.002 0.003 0.003 0.002 0.004 0.002 0.003 0.962 0.003 0.002 0.003 
 71      332    (0)   10 :  0.008 0.008 0.002 0.007 0.007 0.010 0.008 0.003 0.033 0.005 0.007 0.867 0.016 0.011 0.007 
 72      333    (0)   10 :  0.007 0.011 0.008 0.012 0.013 0.010 0.004 0.004 0.006 0.010 0.014 0.852 0.026 0.010 0.012 
 73      334    (0)   10 :  0.005 0.004 0.002 0.004 0.002 0.007 0.005 0.003 0.006 0.003 0.005 0.937 0.007 0.005 0.004 
 74      335    (0)   10 :  0.005 0.003 0.002 0.003 0.002 0.002 0.002 0.001 0.002 0.002 0.003 0.965 0.003 0.003 0.003 
 75      336    (0)   10 :  0.002 0.002 0.002 0.002 0.005 0.003 0.003 0.004 0.003 0.013 0.002 0.949 0.005 0.002 0.002 
 76      337    (0)   10 :  0.003 0.004 0.003 0.005 0.008 0.009 0.003 0.002 0.002 0.002 0.005 0.933 0.011 0.006 0.005 
 77      673    (0)   10 :  0.002 0.001 0.001 0.001 0.001 0.002 0.001 0.001 0.001 0.001 0.001 0.981 0.002 0.001 0.001 
 78      674    (0)   10 :  0.004 0.005 0.002 0.005 0.005 0.003 0.004 0.002 0.007 0.002 0.006 0.943 0.005 0.003 0.005 
 79      675    (0)   10 :  0.005 0.004 0.002 0.004 0.002 0.003 0.005 0.004 0.003 0.005 0.005 0.945 0.005 0.003 0.004 
 80      676    (0)   10 :  0.008 0.004 0.002 0.004 0.002 0.003 0.005 0.001 0.005 0.001 0.004 0.940 0.006 0.007 0.004 
 81      677    (0)   10 :  0.004 0.003 0.001 0.004 0.003 0.006 0.003 0.002 0.002 0.002 0.003 0.954 0.004 0.004 0.004 
 82      678    (0)   10 :  0.007 0.011 0.003 0.011 0.012 0.007 0.006 0.004 0.003 0.004 0.011 0.900 0.003 0.007 0.012 
 83      679    (0)   10 :  0.003 0.007 0.025 0.006 0.002 0.004 0.004 0.001 0.015 0.002 0.006 0.907 0.006 0.005 0.006 
 84      680    (0)   10 :  0.007 0.005 0.002 0.005 0.003 0.004 0.007 0.003 0.007 0.005 0.005 0.926 0.012 0.004 0.005 
 85      681    (0)   10 :  0.004 0.005 0.002 0.005 0.003 0.007 0.005 0.002 0.004 0.002 0.005 0.937 0.006 0.008 0.005 
 86      682    (0)   10 :  0.002 0.002 0.002 0.002 0.002 0.002 0.002 0.003 0.002 0.004 0.002 0.969 0.002 0.002 0.002 
 87      683    (0)   10 :  0.004 0.006 0.002 0.005 0.003 0.005 0.004 0.003 0.006 0.002 0.006 0.938 0.007 0.004 0.005 
 88      684    (0)   10 :  0.006 0.005 0.002 0.005 0.003 0.002 0.005 0.002 0.003 0.003 0.005 0.944 0.006 0.004 0.005 
 89      685    (0)   10 :  0.003 0.006 0.004 0.006 0.006 0.003 0.003 0.003 0.003 0.003 0.006 0.936 0.009 0.005 0.006 
 90      686    (0)   10 :  0.002 0.002 0.004 0.002 0.002 0.002 0.002 0.002 0.002 0.003 0.002 0.967 0.003 0.002 0.002 
 91      687    (0)   10 :  0.003 0.002 0.001 0.002 0.002 0.002 0.002 0.002 0.002 0.002 0.002 0.970 0.003 0.002 0.002 
 92      688    (0)   10 :  0.007 0.003 0.001 0.003 0.004 0.007 0.006 0.003 0.004 0.002 0.004 0.942 0.005 0.004 0.003 
 93      070    (0)   11 :  0.003 0.004 0.007 0.004 0.003 0.002 0.003 0.001 0.002 0.954 0.005 0.001 0.003 0.003 0.005 
 94      071    (0)   11 :  0.003 0.003 0.001 0.003 0.002 0.002 0.003 0.006 0.002 0.957 0.003 0.005 0.004 0.003 0.003 
 95      072    (0)   11 :  0.002 0.002 0.005 0.002 0.002 0.001 0.001 0.003 0.001 0.972 0.002 0.001 0.002 0.002 0.002 
 96      151    (0)   11 :  0.002 0.001 0.002 0.001 0.001 0.001 0.002 0.001 0.001 0.979 0.001 0.001 0.002 0.001 0.001 
 97      152    (0)   11 :  0.005 0.005 0.002 0.006 0.002 0.003 0.003 0.005 0.002 0.948 0.005 0.002 0.004 0.005 0.005 
 98      153    (2)   11 :  0.001 0.001 0.002 0.001 0.002 0.001 0.001 0.001 0.001 0.980 0.001 0.001 0.002 0.001 0.001 
 99      788    (4)   11 :  0.003 0.003 0.027 0.003 0.001 0.002 0.003 0.003 0.001 0.942 0.003 0.002 0.002 0.002 0.003 
100      789    (2)   11 :  0.002 0.002 0.002 0.002 0.002 0.002 0.002 0.002 0.001 0.973 0.002 0.003 0.002 0.002 0.002 
101      790    (0)   11 :  0.001 0.002 0.001 0.002 0.002 0.002 0.001 0.003 0.001 0.975 0.002 0.001 0.002 0.002 0.002 
102      010    (0)   12 :  0.004 0.204 0.013 0.267 0.007 0.005 0.015 0.007 0.007 0.002 0.193 0.004 0.010 0.019 0.244 
103      024    (0)   12 :  0.015 0.128 0.040 0.159 0.006 0.006 0.014 0.005 0.007 0.006 0.356 0.010 0.010 0.015 0.224 
104      051    (0)   12 :  0.006 0.123 0.048 0.166 0.007 0.006 0.009 0.004 0.005 0.013 0.182 0.008 0.271 0.030 0.124 
105      090    (0)   12 :  0.012 0.166 0.022 0.137 0.008 0.007 0.016 0.003 0.011 0.007 0.230 0.005 0.063 0.111 0.202 
106      102    (0)   12 :  0.037 0.254 0.002 0.118 0.037 0.032 0.159 0.004 0.012 0.002 0.145 0.003 0.017 0.039 0.140 
107      111    (0)   12 :  0.011 0.157 0.004 0.215 0.024 0.006 0.017 0.069 0.005 0.002 0.189 0.004 0.011 0.086 0.201 
108      113    (0)   12 :  0.039 0.155 0.005 0.196 0.038 0.005 0.037 0.003 0.007 0.005 0.172 0.005 0.085 0.067 0.181 
109      138    (0)   12 :  0.011 0.058 0.005 0.058 0.003 0.008 0.011 0.002 0.003 0.045 0.075 0.076 0.017 0.557 0.068 
110      150    (0)   12 :  0.032 0.028 0.028 0.026 0.008 0.017 0.651 0.002 0.006 0.015 0.028 0.004 0.068 0.064 0.025 
111      173    (2)   12 :  0.038 0.076 0.020 0.127 0.006 0.005 0.019 0.007 0.040 0.020 0.240 0.011 0.199 0.026 0.164 
112      174    (2)   12 :  0.005 0.118 0.027 0.181 0.025 0.007 0.004 0.004 0.005 0.022 0.116 0.004 0.014 0.315 0.153 
113      175    (0)   12 :  0.005 0.156 0.064 0.218 0.013 0.003 0.017 0.002 0.006 0.006 0.257 0.003 0.030 0.022 0.200 
114      176    (0)   12 :  0.005 0.190 0.004 0.245 0.018 0.015 0.021 0.006 0.003 0.004 0.161 0.010 0.007 0.015 0.296 
115      177    (0)   12 :  0.021 0.131 0.009 0.169 0.008 0.003 0.009 0.002 0.004 0.003 0.151 0.002 0.291 0.055 0.141 
116      180    (0)   12 :  0.006 0.112 0.002 0.155 0.116 0.025 0.005 0.004 0.005 0.004 0.168 0.007 0.132 0.125 0.134 
117      184    (0)   12 :  0.019 0.084 0.010 0.082 0.004 0.006 0.090 0.005 0.042 0.015 0.104 0.006 0.016 0.425 0.092 
118      195    (0)   12 :  0.011 0.191 0.007 0.238 0.004 0.005 0.021 0.035 0.006 0.005 0.248 0.015 0.015 0.018 0.182 
119      198    (0)   12 :  0.006 0.114 0.008 0.127 0.016 0.011 0.016 0.032 0.003 0.003 0.202 0.007 0.021 0.294 0.142 
120      203    (0)   12 :  0.008 0.178 0.002 0.233 0.009 0.008 0.034 0.003 0.008 0.009 0.242 0.005 0.011 0.011 0.241 
121      211    (0)   12 :  0.020 0.150 0.004 0.211 0.004 0.027 0.053 0.003 0.004 0.003 0.180 0.078 0.008 0.025 0.232 
122      220    (0)   12 :  0.028 0.175 0.005 0.133 0.010 0.004 0.220 0.007 0.010 0.002 0.153 0.010 0.077 0.040 0.125 
123      233    (0)   12 :  0.192 0.129 0.002 0.139 0.004 0.009 0.005 0.002 0.033 0.006 0.226 0.042 0.020 0.018 0.172 
124      331    (0)   12 :  0.006 0.207 0.025 0.207 0.006 0.005 0.017 0.009 0.007 0.007 0.238 0.004 0.031 0.022 0.209 
125      349    (0)   12 :  0.009 0.088 0.103 0.076 0.011 0.008 0.009 0.006 0.460 0.009 0.084 0.006 0.039 0.012 0.080 
126      410    (0)   12 :  0.004 0.097 0.005 0.134 0.011 0.008 0.006 0.003 0.005 0.003 0.261 0.025 0.018 0.247 0.174 
127      417    (2)   12 :  0.005 0.300 0.005 0.160 0.008 0.026 0.014 0.006 0.009 0.002 0.175 0.005 0.007 0.115 0.162 
128      421    (0)   13 :  0.820 0.010 0.001 0.009 0.003 0.008 0.007 0.095 0.010 0.002 0.008 0.004 0.004 0.009 0.010 
129      423    (0)   13 :  0.003 0.187 0.007 0.249 0.010 0.006 0.021 0.003 0.022 0.008 0.268 0.002 0.010 0.030 0.174 
130      424    (0)   13 :  0.008 0.076 0.011 0.082 0.034 0.015 0.007 0.004 0.007 0.002 0.101 0.002 0.394 0.179 0.078 
131      433    (0)   13 :  0.119 0.236 0.007 0.110 0.004 0.004 0.219 0.002 0.003 0.002 0.061 0.015 0.007 0.118 0.093 
132      462    (0)   13 :  0.061 0.171 0.005 0.171 0.009 0.007 0.032 0.007 0.013 0.002 0.175 0.023 0.078 0.078 0.169 
133      463    (0)   13 :  0.008 0.156 0.029 0.193 0.006 0.014 0.013 0.019 0.054 0.003 0.221 0.004 0.008 0.091 0.183 
134      467    (0)   13 :  0.754 0.014 0.008 0.014 0.005 0.023 0.094 0.004 0.013 0.009 0.016 0.011 0.013 0.007 0.014 
135      468    (0)   13 :  0.041 0.011 0.003 0.009 0.008 0.019 0.033 0.030 0.808 0.003 0.009 0.002 0.009 0.007 0.009 
136      469    (0)   13 :  0.133 0.250 0.002 0.139 0.008 0.049 0.101 0.028 0.003 0.002 0.108 0.002 0.005 0.058 0.112 
137      472    (0)   13 :  0.009 0.158 0.021 0.209 0.002 0.007 0.020 0.016 0.007 0.004 0.239 0.007 0.010 0.022 0.268 
138      473    (0)   13 :  0.007 0.036 0.011 0.022 0.004 0.003 0.010 0.005 0.809 0.003 0.027 0.007 0.007 0.022 0.025 
139      474    (0)   13 :  0.005 0.003 0.001 0.004 0.003 0.005 0.934 0.002 0.022 0.001 0.003 0.006 0.004 0.005 0.003 
140      475    (0)   13 :  0.166 0.147 0.009 0.159 0.006 0.004 0.070 0.003 0.033 0.003 0.172 0.003 0.010 0.041 0.174 
141      476    (2)   13 :  0.009 0.005 0.012 0.006 0.005 0.003 0.895 0.002 0.025 0.008 0.006 0.010 0.005 0.003 0.006 
142      477    (0)   13 :  0.008 0.435 0.009 0.169 0.005 0.006 0.010 0.003 0.012 0.005 0.135 0.017 0.008 0.010 0.169 
143      478    (0)   13 :  0.075 0.183 0.003 0.153 0.076 0.014 0.014 0.003 0.004 0.002 0.228 0.003 0.016 0.009 0.217 
144      479    (0)   13 :  0.012 0.010 0.001 0.011 0.005 0.013 0.578 0.015 0.005 0.003 0.013 0.003 0.009 0.312 0.011 
145      480    (0)   13 :  0.927 0.007 0.002 0.007 0.004 0.003 0.008 0.001 0.013 0.002 0.007 0.002 0.004 0.007 0.007 
146      481    (0)   13 :  0.014 0.106 0.008 0.133 0.011 0.006 0.125 0.004 0.018 0.043 0.189 0.003 0.013 0.168 0.158 
147      482    (0)   13 :  0.106 0.123 0.005 0.159 0.005 0.005 0.015 0.072 0.004 0.002 0.157 0.051 0.016 0.107 0.176 
148      489    (0)   13 :  0.035 0.177 0.029 0.231 0.006 0.004 0.009 0.006 0.023 0.004 0.234 0.014 0.007 0.047 0.174 
149      490    (0)   13 :  0.013 0.013 0.005 0.020 0.008 0.015 0.006 0.005 0.003 0.003 0.014 0.003 0.012 0.864 0.016 
150      491    (0)   13 :  0.014 0.102 0.001 0.117 0.004 0.005 0.036 0.008 0.009 0.009 0.193 0.120 0.090 0.107 0.185 
151      492    (0)   13 :  0.007 0.012 0.006 0.013 0.037 0.013 0.827 0.003 0.030 0.003 0.013 0.009 0.007 0.008 0.012 
152      493    (0)   13 :  0.014 0.062 0.014 0.052 0.004 0.008 0.731 0.005 0.004 0.008 0.037 0.005 0.016 0.006 0.032 
153      494    (0)   13 :  0.208 0.066 0.026 0.082 0.004 0.005 0.027 0.011 0.012 0.023 0.108 0.044 0.018 0.289 0.078 
154      498    (0)   13 :  0.006 0.098 0.012 0.133 0.014 0.022 0.118 0.003 0.046 0.007 0.216 0.004 0.007 0.114 0.200 
155      499    (0)   13 :  0.012 0.148 0.007 0.221 0.006 0.011 0.035 0.003 0.006 0.003 0.226 0.007 0.047 0.023 0.246 
156      709    (0)   13 :  0.010 0.127 0.016 0.129 0.009 0.010 0.025 0.019 0.004 0.081 0.211 0.011 0.013 0.178 0.157 
157      710    (4)   13 :  0.046 0.397 0.025 0.177 0.004 0.006 0.028 0.008 0.006 0.005 0.121 0.003 0.003 0.015 0.157 
158      711    (2)   13 :  0.013 0.178 0.003 0.156 0.064 0.017 0.013 0.024 0.007 0.007 0.193 0.004 0.109 0.041 0.171 
159      712    (4)   13 :  0.007 0.009 0.002 0.007 0.006 0.006 0.005 0.004 0.003 0.002 0.007 0.003 0.008 0.922 0.007 
160      713    (0)   13 :  0.004 0.154 0.027 0.236 0.005 0.005 0.010 0.023 0.009 0.004 0.277 0.008 0.008 0.011 0.220 
161      714    (2)   13 :  0.214 0.038 0.006 0.035 0.007 0.013 0.507 0.006 0.057 0.012 0.035 0.002 0.024 0.007 0.036 
162      715    (4)   13 :  0.784 0.010 0.004 0.014 0.016 0.036 0.015 0.014 0.003 0.013 0.012 0.030 0.019 0.018 0.012 
163      716    (0)   13 :  0.064 0.016 0.002 0.016 0.005 0.003 0.841 0.004 0.003 0.002 0.012 0.003 0.005 0.008 0.016 
164      717    (2)   13 :  0.196 0.163 0.006 0.137 0.148 0.006 0.026 0.007 0.009 0.003 0.115 0.011 0.009 0.015 0.149 
165      718    (4)   13 :  0.010 0.027 0.003 0.018 0.006 0.010 0.015 0.009 0.005 0.002 0.014 0.002 0.017 0.849 0.013 
166      719    (0)   13 :  0.956 0.004 0.002 0.004 0.002 0.003 0.004 0.004 0.004 0.002 0.004 0.002 0.002 0.004 0.004 
167      720    (2)   13 :  0.529 0.187 0.006 0.081 0.006 0.008 0.018 0.011 0.011 0.002 0.050 0.007 0.009 0.007 0.069 
168      721    (0)   13 :  0.024 0.129 0.007 0.074 0.005 0.004 0.505 0.012 0.025 0.035 0.070 0.006 0.018 0.020 0.067 
169      722    (4)   13 :  0.808 0.026 0.002 0.017 0.006 0.010 0.015 0.025 0.054 0.002 0.006 0.002 0.005 0.009 0.012 
170      723    (0)   13 :  0.835 0.019 0.004 0.018 0.008 0.003 0.037 0.002 0.003 0.007 0.023 0.006 0.003 0.007 0.025 
171      724    (0)   13 :  0.598 0.017 0.026 0.015 0.009 0.013 0.153 0.087 0.011 0.005 0.021 0.009 0.007 0.008 0.021 
172      725    (0)   13 :  0.028 0.160 0.018 0.209 0.009 0.005 0.009 0.009 0.018 0.004 0.217 0.010 0.013 0.019 0.271 
173      726    (0)   13 :  0.020 0.327 0.010 0.148 0.003 0.004 0.103 0.008 0.029 0.006 0.149 0.005 0.007 0.014 0.167 
174      727    (0)   13 :  0.014 0.130 0.002 0.130 0.003 0.005 0.379 0.008 0.007 0.010 0.089 0.011 0.014 0.058 0.140 
175      728    (2)   13 :  0.012 0.163 0.006 0.177 0.015 0.008 0.013 0.010 0.003 0.098 0.235 0.006 0.011 0.009 0.233 
176      729    (6)   13 :  0.041 0.293 0.004 0.162 0.005 0.005 0.011 0.004 0.003 0.005 0.178 0.004 0.016 0.044 0.224 
177      730    (2)   13 :  0.075 0.035 0.003 0.046 0.010 0.010 0.007 0.013 0.002 0.007 0.029 0.005 0.012 0.712 0.033 
178      731    (2)   13 :  0.004 0.017 0.003 0.016 0.004 0.008 0.007 0.004 0.006 0.002 0.016 0.002 0.004 0.894 0.013 
179      732    (0)   13 :  0.019 0.203 0.009 0.193 0.012 0.010 0.159 0.006 0.009 0.002 0.143 0.006 0.011 0.012 0.207 
180      733    (0)   13 :  0.034 0.289 0.014 0.161 0.010 0.013 0.022 0.036 0.003 0.004 0.157 0.003 0.013 0.069 0.173 
181      734    (2)   13 :  0.019 0.139 0.036 0.142 0.007 0.011 0.042 0.001 0.004 0.008 0.162 0.082 0.097 0.049 0.201 
182      735    (4)   13 :  0.036 0.150 0.002 0.138 0.008 0.005 0.016 0.008 0.055 0.003 0.196 0.008 0.031 0.156 0.188 
183      736    (2)   13 :  0.005 0.132 0.010 0.176 0.005 0.004 0.029 0.003 0.004 0.018 0.130 0.024 0.020 0.306 0.134 
184      737    (0)   13 :  0.004 0.032 0.003 0.043 0.032 0.011 0.012 0.004 0.014 0.012 0.045 0.003 0.017 0.726 0.041 
185      738    (2)   13 :  0.007 0.088 0.005 0.120 0.005 0.008 0.014 0.003 0.004 0.003 0.115 0.005 0.084 0.435 0.104 
186      739    (8)   13 :  0.027 0.024 0.002 0.033 0.004 0.008 0.014 0.004 0.011 0.014 0.031 0.006 0.011 0.780 0.030 
187      740    (4)   13 :  0.030 0.053 0.005 0.061 0.005 0.005 0.034 0.015 0.004 0.002 0.061 0.003 0.004 0.671 0.047 
188      741    (2)   13 :  0.066 0.094 0.012 0.095 0.098 0.067 0.018 0.025 0.030 0.002 0.133 0.029 0.011 0.199 0.122 
189      742    (4)   13 :  0.011 0.085 0.007 0.104 0.021 0.013 0.014 0.002 0.006 0.006 0.102 0.005 0.086 0.441 0.096 
190      743    (2)   13 :  0.862 0.012 0.003 0.013 0.005 0.005 0.040 0.002 0.003 0.002 0.012 0.010 0.006 0.012 0.014 
191      744    (0)   13 :  0.135 0.119 0.087 0.172 0.005 0.005 0.065 0.004 0.004 0.023 0.187 0.005 0.007 0.034 0.147 
192      745    (0)   13 :  0.465 0.092 0.003 0.074 0.024 0.043 0.012 0.020 0.007 0.013 0.108 0.005 0.007 0.032 0.095 
193      746    (2)   13 :  0.006 0.110 0.005 0.109 0.041 0.004 0.007 0.011 0.004 0.004 0.177 0.005 0.011 0.381 0.124 
194      747    (2)   13 :  0.008 0.068 0.005 0.082 0.008 0.036 0.016 0.005 0.018 0.006 0.078 0.024 0.065 0.514 0.069 
195      748    (0)   13 :  0.004 0.070 0.013 0.084 0.032 0.102 0.116 0.015 0.114 0.006 0.170 0.018 0.081 0.031 0.144 
196      749    (2)   13 :  0.016 0.107 0.137 0.144 0.011 0.016 0.006 0.046 0.003 0.009 0.193 0.021 0.110 0.022 0.159 
197      750    (4)   13 :  0.016 0.117 0.013 0.179 0.026 0.010 0.008 0.006 0.005 0.005 0.281 0.005 0.014 0.122 0.193 
198      751    (0)   13 :  0.023 0.143 0.002 0.162 0.008 0.011 0.008 0.009 0.012 0.016 0.278 0.007 0.070 0.053 0.198 
199      752    (2)   13 :  0.062 0.008 0.002 0.007 0.005 0.012 0.043 0.003 0.811 0.001 0.008 0.003 0.006 0.022 0.007 
200      753    (4)   13 :  0.027 0.214 0.004 0.170 0.006 0.027 0.031 0.016 0.068 0.011 0.178 0.033 0.036 0.012 0.167 
201      754    (2)   13 :  0.004 0.005 0.005 0.005 0.003 0.003 0.006 0.002 0.002 0.003 0.005 0.003 0.004 0.945 0.005 
202      155    (0)   14 :  0.010 0.125 0.010 0.200 0.006 0.023 0.029 0.005 0.006 0.004 0.314 0.032 0.007 0.014 0.215 
203      156    (2)   14 :  0.017 0.173 0.011 0.247 0.006 0.013 0.005 0.005 0.004 0.100 0.163 0.005 0.008 0.014 0.229 
204      157    (2)   14 :  0.012 0.023 0.032 0.023 0.005 0.004 0.007 0.004 0.018 0.002 0.020 0.010 0.008 0.803 0.029 
205      158    (0)   14 :  0.012 0.170 0.005 0.226 0.009 0.007 0.033 0.006 0.003 0.004 0.206 0.007 0.033 0.013 0.267 
206      159    (0)   14 :  0.007 0.114 0.016 0.120 0.008 0.013 0.034 0.113 0.010 0.010 0.232 0.003 0.012 0.122 0.185 
207      160    (0)   14 :  0.019 0.037 0.003 0.022 0.003 0.016 0.678 0.004 0.005 0.003 0.024 0.010 0.033 0.122 0.022 
208      161    (0)   14 :  0.020 0.138 0.220 0.077 0.003 0.006 0.042 0.008 0.007 0.003 0.062 0.008 0.010 0.332 0.064 
209      162    (0)   14 :  0.043 0.127 0.002 0.159 0.006 0.007 0.280 0.002 0.011 0.005 0.120 0.005 0.013 0.004 0.216 
210      163    (2)   14 :  0.009 0.173 0.003 0.239 0.008 0.003 0.003 0.002 0.013 0.008 0.174 0.003 0.057 0.128 0.176 
211      164    (0)   14 :  0.018 0.157 0.017 0.153 0.010 0.057 0.014 0.005 0.029 0.002 0.234 0.020 0.015 0.063 0.206 
212      165    (2)   14 :  0.004 0.204 0.017 0.317 0.005 0.005 0.005 0.004 0.004 0.003 0.109 0.004 0.003 0.025 0.291 
213      427    (0)   14 :  0.780 0.018 0.004 0.012 0.003 0.006 0.026 0.036 0.004 0.010 0.013 0.050 0.015 0.008 0.014 
214      428    (0)   14 :  0.675 0.033 0.003 0.021 0.005 0.010 0.101 0.028 0.032 0.003 0.018 0.005 0.041 0.004 0.020 
215      429    (0)   14 :  0.932 0.006 0.002 0.006 0.007 0.004 0.006 0.005 0.005 0.003 0.007 0.002 0.004 0.004 0.006 
216      430    (0)   14 :  0.020 0.194 0.006 0.128 0.050 0.025 0.095 0.004 0.028 0.002 0.184 0.004 0.082 0.033 0.145 
217      431    (0)   14 :  0.415 0.027 0.003 0.028 0.023 0.037 0.377 0.007 0.006 0.002 0.026 0.004 0.012 0.013 0.020 
218      435    (0)   14 :  0.904 0.009 0.001 0.006 0.003 0.003 0.036 0.003 0.009 0.003 0.006 0.002 0.004 0.005 0.006 
219      436    (0)   14 :  0.228 0.007 0.003 0.005 0.004 0.006 0.713 0.007 0.003 0.002 0.005 0.003 0.004 0.005 0.006 
220      437    (0)   14 :  0.066 0.077 0.003 0.054 0.007 0.058 0.618 0.029 0.010 0.002 0.026 0.004 0.004 0.009 0.033 
221      438    (0)   14 :  0.213 0.167 0.004 0.084 0.019 0.052 0.225 0.016 0.065 0.008 0.052 0.002 0.017 0.016 0.063 
222      439    (0)   14 :  0.274 0.087 0.002 0.075 0.033 0.011 0.070 0.004 0.038 0.006 0.098 0.004 0.016 0.181 0.101 
223      441    (0)   14 :  0.004 0.003 0.001 0.003 0.004 0.003 0.004 0.001 0.961 0.001 0.003 0.003 0.003 0.002 0.003 
224      442    (0)   14 :  0.739 0.016 0.002 0.013 0.003 0.009 0.008 0.003 0.014 0.005 0.013 0.145 0.010 0.004 0.015 
225      443    (4)   14 :  0.867 0.009 0.002 0.008 0.004 0.013 0.013 0.004 0.022 0.003 0.009 0.002 0.015 0.021 0.009 
226      444    (4)   14 :  0.918 0.006 0.006 0.006 0.003 0.007 0.007 0.010 0.002 0.004 0.007 0.008 0.006 0.004 0.007 
227      445    (2)   14 :  0.073 0.425 0.002 0.156 0.004 0.023 0.014 0.008 0.012 0.005 0.113 0.003 0.004 0.005 0.153 
228      446    (0)   14 :  0.947 0.005 0.003 0.005 0.003 0.002 0.007 0.001 0.003 0.003 0.004 0.004 0.005 0.004 0.005 
229      447    (0)   14 :  0.881 0.010 0.001 0.010 0.003 0.015 0.026 0.006 0.003 0.004 0.009 0.004 0.007 0.011 0.011 
230      449    (0)   14 :  0.932 0.005 0.002 0.004 0.005 0.007 0.014 0.003 0.004 0.002 0.004 0.007 0.004 0.003 0.005 
231      460    (0)   14 :  0.714 0.037 0.005 0.026 0.007 0.015 0.018 0.008 0.101 0.002 0.022 0.004 0.007 0.007 0.026 
232      461    (0)   14 :  0.134 0.077 0.005 0.063 0.015 0.027 0.342 0.008 0.006 0.002 0.081 0.007 0.051 0.108 0.073 
233      484    (0)   14 :  0.108 0.048 0.004 0.060 0.188 0.129 0.006 0.003 0.014 0.008 0.088 0.013 0.178 0.078 0.074 
234      485    (0)   14 :  0.735 0.029 0.003 0.022 0.004 0.005 0.117 0.003 0.013 0.002 0.016 0.005 0.003 0.021 0.022 
235      486    (0)   14 :  0.002 0.002 0.001 0.002 0.002 0.002 0.002 0.001 0.977 0.001 0.002 0.002 0.002 0.002 0.002 
236      487    (0)   14 :  0.499 0.070 0.002 0.067 0.008 0.006 0.149 0.006 0.012 0.003 0.064 0.011 0.014 0.021 0.066 
237      178    (0)   15 :  0.131 0.296 0.010 0.113 0.003 0.004 0.171 0.003 0.010 0.005 0.093 0.005 0.010 0.019 0.126 
238      422    (0)   15 :  0.901 0.009 0.001 0.008 0.005 0.009 0.013 0.003 0.003 0.003 0.007 0.003 0.005 0.024 0.008 
239      425    (0)   15 :  0.735 0.019 0.002 0.021 0.003 0.005 0.116 0.005 0.005 0.001 0.027 0.004 0.010 0.021 0.026 
240      426    (0)   15 :  0.053 0.064 0.028 0.091 0.004 0.004 0.065 0.003 0.003 0.107 0.131 0.022 0.277 0.040 0.108 
241      432    (0)   15 :  0.412 0.077 0.006 0.093 0.011 0.010 0.020 0.010 0.012 0.009 0.154 0.010 0.047 0.018 0.112 
242      434    (0)   15 :  0.944 0.004 0.002 0.003 0.009 0.004 0.005 0.004 0.003 0.002 0.004 0.004 0.004 0.005 0.004 
243      440    (0)   15 :  0.335 0.163 0.003 0.099 0.008 0.004 0.110 0.002 0.021 0.002 0.090 0.011 0.035 0.006 0.111 
244      448    (2)   15 :  0.836 0.009 0.002 0.007 0.024 0.010 0.008 0.048 0.008 0.002 0.007 0.012 0.009 0.009 0.008 
245      456    (0)   15 :  0.040 0.101 0.003 0.132 0.088 0.074 0.215 0.004 0.005 0.003 0.142 0.009 0.020 0.009 0.157 
246      457    (0)   15 :  0.362 0.080 0.003 0.062 0.027 0.020 0.203 0.010 0.035 0.005 0.084 0.005 0.020 0.016 0.067 
247      458    (0)   15 :  0.022 0.033 0.004 0.042 0.005 0.011 0.604 0.006 0.010 0.008 0.061 0.018 0.045 0.083 0.048 
248      459    (0)   15 :  0.869 0.017 0.004 0.013 0.004 0.007 0.013 0.002 0.010 0.003 0.014 0.004 0.010 0.014 0.016 
249      464    (0)   15 :  0.609 0.024 0.013 0.019 0.004 0.004 0.250 0.003 0.012 0.005 0.017 0.009 0.005 0.006 0.020 
250      465    (0)   15 :  0.127 0.010 0.003 0.010 0.007 0.004 0.791 0.002 0.005 0.001 0.010 0.002 0.004 0.014 0.012 
251      466    (0)   15 :  0.386 0.226 0.001 0.098 0.006 0.022 0.051 0.014 0.017 0.001 0.056 0.004 0.008 0.025 0.083 
252      470    (0)   15 :  0.350 0.008 0.003 0.006 0.006 0.004 0.449 0.003 0.133 0.002 0.007 0.006 0.010 0.008 0.007 
253      471    (0)   15 :  0.804 0.015 0.004 0.016 0.024 0.007 0.012 0.017 0.005 0.017 0.016 0.003 0.036 0.007 0.017 
254      483    (0)   15 :  0.870 0.009 0.011 0.010 0.004 0.004 0.005 0.002 0.004 0.003 0.011 0.007 0.011 0.039 0.011 
255      488    (0)   15 :  0.007 0.007 0.002 0.008 0.003 0.007 0.925 0.002 0.006 0.002 0.006 0.003 0.005 0.013 0.006 
256      495    (0)   15 :  0.802 0.009 0.003 0.010 0.031 0.018 0.067 0.002 0.003 0.001 0.011 0.002 0.009 0.020 0.010 
257      496    (0)   15 :  0.024 0.006 0.003 0.009 0.004 0.002 0.911 0.004 0.004 0.002 0.007 0.002 0.004 0.010 0.009 
258      497    (0)   15 :  0.805 0.014 0.004 0.011 0.079 0.005 0.009 0.003 0.003 0.003 0.015 0.025 0.003 0.005 0.015 
259      500    (0)   15 :  0.020 0.056 0.065 0.060 0.022 0.506 0.040 0.014 0.043 0.004 0.058 0.003 0.007 0.050 0.052 
260      879    (0)   15 :  0.928 0.006 0.004 0.006 0.003 0.003 0.005 0.002 0.004 0.002 0.005 0.008 0.010 0.008 0.006 
261      036    (0)   16 :  0.013 0.094 0.003 0.168 0.004 0.006 0.014 0.011 0.005 0.004 0.387 0.002 0.005 0.025 0.261 
262      063    (2)   16 :  0.020 0.216 0.003 0.228 0.031 0.013 0.017 0.003 0.010 0.004 0.148 0.014 0.043 0.054 0.197 
263      094    (4)   16 :  0.014 0.051 0.012 0.063 0.013 0.083 0.156 0.011 0.007 0.005 0.104 0.009 0.018 0.369 0.084 
264      103    (4)   16 :  0.006 0.202 0.010 0.315 0.018 0.004 0.004 0.003 0.006 0.002 0.109 0.004 0.003 0.027 0.287 
265      112    (0)   16 :  0.006 0.079 0.007 0.107 0.007 0.006 0.009 0.003 0.012 0.004 0.134 0.006 0.042 0.456 0.123 
266      114    (2)   16 :  0.012 0.148 0.003 0.200 0.004 0.004 0.065 0.008 0.014 0.002 0.228 0.004 0.004 0.102 0.200 
267      120    (0)   16 :  0.008 0.013 0.003 0.015 0.005 0.012 0.021 0.012 0.006 0.002 0.021 0.004 0.014 0.846 0.019 
268      127    (2)   16 :  0.004 0.084 0.007 0.132 0.005 0.008 0.124 0.005 0.079 0.003 0.260 0.006 0.084 0.044 0.154 
269      147    (0)   16 :  0.013 0.090 0.007 0.157 0.005 0.002 0.011 0.005 0.008 0.046 0.260 0.006 0.225 0.026 0.137 
270      166    (0)   16 :  0.016 0.091 0.081 0.124 0.012 0.006 0.183 0.004 0.005 0.026 0.140 0.018 0.111 0.046 0.139 
271      167    (0)   16 :  0.035 0.140 0.004 0.160 0.068 0.006 0.164 0.010 0.011 0.005 0.138 0.004 0.006 0.019 0.230 
272      168    (0)   16 :  0.010 0.212 0.013 0.200 0.004 0.004 0.019 0.016 0.003 0.003 0.234 0.004 0.003 0.015 0.260 
273      169    (2)   16 :  0.086 0.117 0.004 0.149 0.006 0.008 0.247 0.006 0.004 0.005 0.108 0.004 0.046 0.036 0.174 
274      170    (0)   16 :  0.016 0.140 0.037 0.213 0.006 0.024 0.008 0.004 0.022 0.005 0.216 0.036 0.018 0.084 0.170 
275      171    (2)   16 :  0.005 0.195 0.005 0.256 0.009 0.063 0.006 0.003 0.003 0.010 0.130 0.004 0.025 0.017 0.268 
276      172    (0)   16 :  0.009 0.014 0.004 0.017 0.011 0.014 0.022 0.011 0.002 0.014 0.020 0.004 0.013 0.823 0.021 
277      185    (0)   16 :  0.065 0.167 0.004 0.209 0.008 0.004 0.021 0.002 0.015 0.004 0.167 0.005 0.031 0.009 0.287 
278      199    (2)   16 :  0.005 0.172 0.010 0.196 0.003 0.006 0.030 0.006 0.008 0.006 0.167 0.217 0.008 0.007 0.160 
279      339    (0)   16 :  0.030 0.100 0.002 0.118 0.013 0.005 0.452 0.002 0.006 0.005 0.083 0.005 0.009 0.006 0.166 
280      355    (0)   16 :  0.003 0.159 0.034 0.244 0.005 0.003 0.006 0.002 0.004 0.013 0.242 0.072 0.009 0.006 0.197 
281      356    (0)   16 :  0.005 0.019 0.161 0.021 0.003 0.004 0.019 0.006 0.018 0.003 0.033 0.005 0.007 0.669 0.028 
282      357    (0)   16 :  0.006 0.138 0.006 0.181 0.004 0.008 0.034 0.010 0.028 0.013 0.234 0.018 0.019 0.094 0.207 
283      358    (0)   16 :  0.010 0.102 0.004 0.160 0.047 0.008 0.009 0.002 0.018 0.006 0.353 0.004 0.011 0.007 0.259 
284      359    (0)   16 :  0.008 0.099 0.005 0.150 0.019 0.004 0.007 0.002 0.003 0.002 0.209 0.010 0.018 0.304 0.160 
285      360    (0)   16 :  0.038 0.152 0.021 0.204 0.003 0.015 0.022 0.005 0.005 0.009 0.232 0.005 0.023 0.022 0.243 
286      361    (0)   16 :  0.036 0.024 0.002 0.022 0.006 0.005 0.036 0.003 0.004 0.002 0.023 0.003 0.011 0.795 0.026 
287      362    (0)   16 :  0.096 0.083 0.014 0.089 0.011 0.236 0.018 0.002 0.003 0.005 0.164 0.006 0.080 0.058 0.137 
288      363    (0)   16 :  0.012 0.067 0.007 0.095 0.010 0.006 0.020 0.005 0.012 0.012 0.129 0.045 0.450 0.031 0.099 
289      364    (0)   16 :  0.006 0.053 0.095 0.073 0.008 0.344 0.083 0.003 0.015 0.003 0.131 0.040 0.014 0.032 0.101 
290      365    (0)   16 :  0.020 0.163 0.060 0.134 0.005 0.017 0.111 0.002 0.009 0.012 0.244 0.003 0.006 0.018 0.195 
291      366    (0)   16 :  0.004 0.076 0.005 0.169 0.013 0.004 0.009 0.001 0.003 0.026 0.369 0.003 0.015 0.114 0.188 
292      367    (0)   16 :  0.007 0.231 0.002 0.230 0.018 0.012 0.005 0.006 0.036 0.010 0.236 0.003 0.005 0.016 0.184 
293      368    (0)   16 :  0.005 0.147 0.061 0.233 0.019 0.030 0.005 0.008 0.043 0.012 0.191 0.003 0.006 0.007 0.229 
294      369    (0)   16 :  0.004 0.223 0.015 0.310 0.005 0.003 0.005 0.002 0.003 0.004 0.192 0.004 0.007 0.010 0.211 
295      370    (0)   16 :  0.014 0.065 0.078 0.076 0.043 0.006 0.022 0.012 0.005 0.011 0.110 0.007 0.015 0.445 0.092 
296      371    (0)   16 :  0.012 0.185 0.002 0.242 0.010 0.015 0.007 0.005 0.003 0.003 0.285 0.006 0.005 0.009 0.211 
297      372    (0)   16 :  0.401 0.014 0.006 0.017 0.003 0.014 0.103 0.003 0.002 0.004 0.016 0.317 0.066 0.014 0.019 
298      373    (0)   16 :  0.026 0.313 0.081 0.171 0.009 0.007 0.008 0.003 0.002 0.003 0.120 0.044 0.006 0.057 0.150 
299      380    (0)   16 :  0.007 0.122 0.011 0.145 0.009 0.019 0.035 0.040 0.002 0.006 0.289 0.010 0.042 0.069 0.193 
300      388    (0)   16 :  0.008 0.053 0.042 0.067 0.012 0.011 0.007 0.005 0.004 0.008 0.148 0.021 0.027 0.479 0.109 
301      418    (0)   16 :  0.006 0.425 0.006 0.171 0.003 0.013 0.010 0.022 0.006 0.006 0.115 0.053 0.016 0.011 0.139 
302      419    (0)   16 :  0.008 0.479 0.006 0.188 0.004 0.004 0.008 0.008 0.006 0.004 0.119 0.003 0.006 0.007 0.151 
303      420    (0)   16 :  0.045 0.188 0.006 0.131 0.012 0.044 0.027 0.002 0.010 0.050 0.176 0.062 0.015 0.066 0.166 
304      409    (0)   17 :  0.010 0.272 0.005 0.195 0.005 0.007 0.023 0.103 0.007 0.002 0.139 0.004 0.012 0.046 0.171 
305      414    (0)   17 :  0.007 0.297 0.003 0.215 0.007 0.015 0.010 0.015 0.007 0.002 0.160 0.007 0.013 0.007 0.237 
306      415    (2)   17 :  0.005 0.173 0.014 0.233 0.010 0.007 0.011 0.004 0.031 0.003 0.239 0.014 0.011 0.029 0.215 
307      416    (0)   17 :  0.016 0.377 0.002 0.148 0.022 0.022 0.015 0.064 0.004 0.002 0.136 0.009 0.009 0.007 0.165 
308      571    (0)    2 :  0.023 0.007 0.002 0.007 0.016 0.852 0.008 0.004 0.031 0.004 0.006 0.004 0.027 0.005 0.006 
309      572    (0)    2 :  0.003 0.016 0.004 0.016 0.049 0.805 0.003 0.008 0.012 0.006 0.014 0.004 0.037 0.008 0.015 
310      573    (2)    2 :  0.005 0.006 0.001 0.006 0.006 0.938 0.004 0.003 0.009 0.001 0.007 0.003 0.003 0.004 0.006 
311      574    (0)    2 :  0.005 0.010 0.008 0.010 0.009 0.903 0.006 0.013 0.004 0.002 0.009 0.002 0.005 0.006 0.010 
312      575    (2)    2 :  0.007 0.016 0.005 0.015 0.014 0.814 0.005 0.006 0.006 0.008 0.015 0.007 0.062 0.005 0.014 
313      576    (0)    2 :  0.003 0.003 0.001 0.003 0.005 0.964 0.003 0.003 0.002 0.001 0.003 0.002 0.003 0.002 0.003 
314      577    (0)    2 :  0.007 0.008 0.002 0.009 0.016 0.901 0.006 0.008 0.010 0.002 0.007 0.008 0.006 0.004 0.007 
315      578    (0)    2 :  0.005 0.003 0.001 0.004 0.004 0.905 0.005 0.046 0.004 0.002 0.003 0.008 0.004 0.002 0.003 
316      579    (0)    2 :  0.007 0.003 0.001 0.004 0.003 0.942 0.011 0.007 0.002 0.002 0.003 0.004 0.004 0.002 0.004 
317      580    (0)    2 :  0.003 0.003 0.001 0.003 0.003 0.964 0.003 0.002 0.002 0.002 0.003 0.002 0.003 0.002 0.003 
318      581    (0)    2 :  0.005 0.003 0.001 0.003 0.006 0.945 0.005 0.014 0.002 0.003 0.003 0.002 0.002 0.002 0.003 
319      582    (4)    2 :  0.018 0.019 0.004 0.022 0.013 0.770 0.015 0.003 0.002 0.049 0.022 0.018 0.007 0.014 0.025 
320      583    (0)    2 :  0.022 0.058 0.002 0.073 0.009 0.505 0.021 0.004 0.015 0.010 0.106 0.016 0.037 0.027 0.095 
321      584    (0)    2 :  0.051 0.007 0.002 0.009 0.007 0.857 0.008 0.014 0.005 0.003 0.008 0.007 0.007 0.007 0.009 
322      585    (0)    2 :  0.007 0.004 0.001 0.005 0.011 0.933 0.007 0.002 0.009 0.002 0.004 0.002 0.006 0.003 0.004 
323      586    (2)    2 :  0.007 0.004 0.001 0.004 0.007 0.933 0.006 0.004 0.004 0.002 0.004 0.010 0.006 0.002 0.004 
324      587    (0)    2 :  0.003 0.003 0.001 0.003 0.003 0.959 0.004 0.008 0.002 0.002 0.003 0.002 0.003 0.003 0.003 
325      588    (0)    2 :  0.009 0.017 0.008 0.029 0.009 0.812 0.007 0.005 0.022 0.010 0.022 0.011 0.012 0.007 0.021 
326      589    (0)    2 :  0.034 0.027 0.005 0.029 0.012 0.712 0.008 0.020 0.005 0.005 0.031 0.019 0.052 0.010 0.033 
327      590    (0)    2 :  0.006 0.006 0.004 0.006 0.044 0.796 0.010 0.039 0.047 0.009 0.007 0.011 0.003 0.005 0.007 
328      001    (0)    3 :  0.002 0.003 0.961 0.003 0.003 0.003 0.002 0.003 0.002 0.003 0.004 0.001 0.002 0.003 0.003 
329      005    (0)    3 :  0.002 0.002 0.969 0.002 0.002 0.001 0.001 0.001 0.002 0.006 0.002 0.003 0.002 0.002 0.002 
330      106    (0)    3 :  0.002 0.003 0.962 0.003 0.003 0.005 0.002 0.003 0.002 0.002 0.003 0.003 0.003 0.003 0.003 
331      192    (0)    3 :  0.005 0.015 0.872 0.017 0.004 0.006 0.004 0.006 0.003 0.005 0.016 0.012 0.009 0.007 0.018 
332      229    (0)    3 :  0.005 0.005 0.894 0.005 0.007 0.003 0.004 0.003 0.005 0.043 0.005 0.004 0.007 0.006 0.005 
333      319    (0)    3 :  0.002 0.004 0.955 0.004 0.003 0.002 0.003 0.002 0.002 0.005 0.004 0.002 0.002 0.007 0.004 
334      327    (0)    3 :  0.002 0.002 0.963 0.003 0.002 0.003 0.002 0.002 0.002 0.002 0.003 0.003 0.003 0.005 0.003 
335      340    (0)    3 :  0.002 0.004 0.949 0.006 0.004 0.003 0.003 0.001 0.004 0.003 0.005 0.003 0.002 0.004 0.005 
336      345    (0)    3 :  0.002 0.005 0.932 0.005 0.004 0.004 0.006 0.001 0.002 0.010 0.005 0.003 0.005 0.010 0.005 
337      375    (0)    3 :  0.002 0.003 0.960 0.003 0.002 0.002 0.003 0.001 0.002 0.003 0.003 0.005 0.004 0.003 0.003 
338      501    (4)    3 :  0.003 0.003 0.957 0.003 0.002 0.002 0.003 0.001 0.008 0.003 0.003 0.002 0.004 0.004 0.003 
339      502    (0)    3 :  0.002 0.004 0.924 0.005 0.004 0.003 0.011 0.003 0.011 0.008 0.005 0.004 0.008 0.003 0.004 
340      503    (2)    3 :  0.001 0.002 0.964 0.002 0.003 0.004 0.001 0.002 0.006 0.002 0.002 0.002 0.002 0.002 0.002 
341      504    (0)    3 :  0.007 0.004 0.932 0.005 0.002 0.002 0.008 0.004 0.002 0.015 0.005 0.004 0.003 0.002 0.005 
342      505    (0)    3 :  0.002 0.007 0.873 0.007 0.012 0.006 0.002 0.007 0.002 0.048 0.007 0.003 0.007 0.010 0.006 
343      506    (2)    3 :  0.004 0.005 0.939 0.006 0.002 0.002 0.004 0.002 0.005 0.005 0.006 0.002 0.005 0.006 0.006 
344      507    (4)    3 :  0.002 0.003 0.959 0.003 0.003 0.002 0.003 0.001 0.004 0.004 0.003 0.002 0.005 0.004 0.003 
345      508    (0)    3 :  0.005 0.006 0.913 0.006 0.006 0.004 0.005 0.002 0.023 0.003 0.006 0.002 0.005 0.007 0.006 
346      509    (2)    3 :  0.003 0.003 0.961 0.004 0.003 0.002 0.002 0.002 0.003 0.003 0.003 0.004 0.003 0.003 0.003 
347      510    (2)    3 :  0.008 0.005 0.928 0.005 0.002 0.002 0.005 0.003 0.004 0.003 0.005 0.020 0.003 0.003 0.005 
348      511    (4)    3 :  0.003 0.003 0.963 0.003 0.002 0.002 0.003 0.003 0.005 0.002 0.003 0.002 0.002 0.002 0.003 
349      512    (4)    3 :  0.003 0.003 0.958 0.003 0.002 0.002 0.002 0.002 0.002 0.006 0.003 0.003 0.004 0.004 0.003 
350      513    (0)    3 :  0.003 0.003 0.941 0.003 0.002 0.002 0.002 0.002 0.002 0.008 0.004 0.019 0.003 0.003 0.003 
351      514    (0)    3 :  0.004 0.004 0.963 0.004 0.002 0.001 0.003 0.001 0.002 0.002 0.004 0.002 0.002 0.002 0.004 
352      515    (2)    3 :  0.002 0.002 0.966 0.003 0.002 0.002 0.002 0.001 0.002 0.004 0.002 0.003 0.002 0.002 0.002 
353      516    (2)    3 :  0.004 0.005 0.930 0.005 0.004 0.003 0.008 0.003 0.008 0.004 0.005 0.007 0.005 0.003 0.005 
354      517    (0)    3 :  0.007 0.002 0.968 0.002 0.001 0.001 0.002 0.001 0.002 0.005 0.002 0.002 0.002 0.002 0.002 
355      518    (0)    3 :  0.004 0.007 0.935 0.007 0.006 0.003 0.005 0.002 0.004 0.003 0.006 0.002 0.004 0.005 0.006 
356      519    (0)    3 :  0.002 0.003 0.959 0.003 0.003 0.003 0.002 0.003 0.004 0.002 0.003 0.004 0.002 0.003 0.003 
357      520    (2)    3 :  0.005 0.003 0.954 0.003 0.002 0.003 0.003 0.004 0.002 0.002 0.003 0.006 0.003 0.003 0.003 
358      521    (2)    3 :  0.002 0.002 0.957 0.002 0.003 0.003 0.002 0.007 0.002 0.006 0.002 0.003 0.002 0.003 0.002 
359      522    (0)    3 :  0.006 0.006 0.905 0.005 0.004 0.006 0.018 0.013 0.010 0.001 0.006 0.005 0.004 0.003 0.006 
360      523    (2)    3 :  0.005 0.007 0.927 0.006 0.008 0.005 0.005 0.003 0.005 0.004 0.007 0.002 0.004 0.007 0.007 
361      524    (0)    3 :  0.004 0.011 0.804 0.009 0.025 0.008 0.013 0.012 0.069 0.003 0.010 0.006 0.006 0.010 0.010 
362      525    (0)    3 :  0.002 0.003 0.969 0.003 0.001 0.002 0.003 0.001 0.002 0.001 0.003 0.003 0.002 0.002 0.003 
363      526    (2)    3 :  0.003 0.002 0.959 0.002 0.002 0.002 0.002 0.002 0.002 0.012 0.002 0.002 0.002 0.002 0.002 
364      527    (2)    4 :  0.008 0.008 0.007 0.009 0.024 0.880 0.009 0.002 0.012 0.005 0.008 0.010 0.006 0.004 0.008 
365      528    (4)    4 :  0.004 0.017 0.002 0.021 0.084 0.421 0.013 0.016 0.003 0.003 0.024 0.009 0.341 0.021 0.020 
366      529    (4)    4 :  0.019 0.020 0.003 0.015 0.014 0.735 0.015 0.016 0.006 0.009 0.017 0.004 0.103 0.008 0.016 
367      530    (0)    4 :  0.003 0.006 0.007 0.007 0.009 0.910 0.003 0.004 0.006 0.004 0.007 0.005 0.010 0.011 0.007 
368      531    (2)    4 :  0.005 0.006 0.004 0.006 0.011 0.894 0.004 0.010 0.003 0.006 0.007 0.004 0.023 0.010 0.007 
369      532    (4)    4 :  0.004 0.009 0.003 0.013 0.019 0.759 0.004 0.003 0.033 0.002 0.015 0.002 0.099 0.023 0.013 
370      533    (0)    4 :  0.011 0.090 0.007 0.065 0.044 0.588 0.021 0.019 0.002 0.003 0.050 0.002 0.015 0.026 0.055 
371      534    (2)    4 :  0.005 0.009 0.003 0.008 0.080 0.841 0.004 0.012 0.003 0.002 0.008 0.006 0.007 0.005 0.008 
372      535    (2)    4 :  0.006 0.011 0.002 0.011 0.009 0.873 0.008 0.004 0.011 0.005 0.011 0.002 0.027 0.009 0.011 
373      536    (2)    4 :  0.005 0.005 0.002 0.005 0.010 0.902 0.003 0.028 0.004 0.012 0.006 0.002 0.003 0.007 0.005 
374      537    (2)    4 :  0.008 0.007 0.002 0.006 0.007 0.917 0.006 0.007 0.002 0.002 0.006 0.013 0.006 0.004 0.006 
375      538    (2)    4 :  0.014 0.036 0.006 0.041 0.046 0.698 0.027 0.003 0.004 0.002 0.034 0.004 0.005 0.041 0.040 
376      539    (2)    4 :  0.003 0.005 0.001 0.005 0.156 0.794 0.006 0.003 0.003 0.002 0.005 0.002 0.006 0.004 0.005 
377      540    (2)    4 :  0.010 0.020 0.001 0.014 0.011 0.861 0.011 0.011 0.005 0.001 0.013 0.002 0.006 0.020 0.013 
378      541    (2)    4 :  0.039 0.008 0.003 0.008 0.063 0.764 0.010 0.008 0.005 0.002 0.010 0.003 0.046 0.022 0.009 
379      542    (2)    4 :  0.021 0.017 0.002 0.016 0.077 0.688 0.082 0.010 0.004 0.004 0.019 0.009 0.014 0.017 0.019 
380      543    (0)    4 :  0.044 0.045 0.003 0.042 0.037 0.608 0.015 0.020 0.004 0.002 0.079 0.015 0.010 0.018 0.058 
381      544    (2)    4 :  0.003 0.004 0.003 0.004 0.023 0.934 0.003 0.005 0.002 0.002 0.004 0.002 0.003 0.007 0.004 
382      545    (2)    4 :  0.005 0.008 0.002 0.019 0.878 0.031 0.012 0.004 0.010 0.001 0.009 0.002 0.005 0.006 0.009 
383      546    (4)    4 :  0.004 0.017 0.002 0.041 0.830 0.017 0.018 0.004 0.012 0.002 0.021 0.002 0.004 0.005 0.021 
384      547    (6)    4 :  0.021 0.029 0.004 0.038 0.012 0.669 0.009 0.010 0.036 0.015 0.048 0.031 0.009 0.027 0.040 
385      019    (0)    5 :  0.047 0.008 0.002 0.007 0.807 0.069 0.004 0.008 0.003 0.004 0.007 0.004 0.016 0.006 0.008 
386      064    (0)    5 :  0.002 0.002 0.001 0.002 0.946 0.027 0.002 0.002 0.003 0.001 0.002 0.002 0.002 0.002 0.002 
387      065    (0)    5 :  0.003 0.002 0.001 0.002 0.026 0.943 0.002 0.005 0.002 0.001 0.002 0.001 0.003 0.003 0.002 
388      066    (0)    5 :  0.021 0.011 0.002 0.011 0.619 0.271 0.008 0.006 0.011 0.002 0.011 0.003 0.004 0.009 0.010 
389      067    (0)    5 :  0.025 0.008 0.005 0.007 0.876 0.010 0.005 0.007 0.004 0.006 0.008 0.009 0.017 0.005 0.008 
390      068    (0)    5 :  0.009 0.009 0.002 0.008 0.028 0.832 0.010 0.008 0.022 0.002 0.008 0.029 0.017 0.007 0.008 
391      069    (0)    5 :  0.004 0.006 0.001 0.007 0.794 0.121 0.007 0.011 0.018 0.001 0.005 0.004 0.007 0.006 0.005 
392      107    (0)    5 :  0.006 0.004 0.001 0.005 0.531 0.420 0.005 0.003 0.005 0.001 0.004 0.002 0.004 0.003 0.005 
393      110    (0)    5 :  0.002 0.002 0.001 0.002 0.963 0.003 0.002 0.002 0.003 0.003 0.002 0.001 0.007 0.002 0.002 
394      121    (0)    5 :  0.005 0.004 0.001 0.004 0.022 0.925 0.005 0.002 0.003 0.001 0.004 0.003 0.013 0.003 0.004 
395      137    (0)    5 :  0.007 0.007 0.002 0.008 0.913 0.008 0.008 0.005 0.005 0.009 0.009 0.002 0.004 0.005 0.009 
396      146    (0)    5 :  0.004 0.009 0.004 0.010 0.597 0.255 0.006 0.019 0.002 0.003 0.010 0.003 0.005 0.060 0.011 
397      149    (0)    5 :  0.006 0.004 0.001 0.004 0.948 0.005 0.005 0.002 0.002 0.003 0.004 0.002 0.005 0.003 0.004 
398      154    (0)    5 :  0.006 0.006 0.003 0.006 0.725 0.052 0.005 0.154 0.003 0.002 0.006 0.016 0.005 0.004 0.006 
399      179    (0)    5 :  0.005 0.004 0.002 0.004 0.579 0.367 0.006 0.004 0.007 0.002 0.004 0.004 0.004 0.004 0.004 
400      181    (0)    5 :  0.002 0.005 0.001 0.004 0.783 0.177 0.003 0.004 0.002 0.002 0.004 0.002 0.003 0.003 0.004 
401      182    (0)    5 :  0.006 0.010 0.003 0.012 0.113 0.747 0.005 0.007 0.017 0.002 0.012 0.013 0.026 0.014 0.012 
402      186    (0)    5 :  0.008 0.012 0.005 0.014 0.633 0.137 0.014 0.004 0.008 0.006 0.018 0.004 0.093 0.030 0.013 
403      193    (0)    5 :  0.010 0.009 0.003 0.007 0.453 0.465 0.004 0.009 0.005 0.002 0.008 0.004 0.006 0.008 0.008 
404      320    (0)    5 :  0.006 0.006 0.001 0.005 0.895 0.030 0.004 0.008 0.003 0.003 0.005 0.010 0.007 0.010 0.005 
405      341    (0)    5 :  0.010 0.006 0.001 0.006 0.046 0.885 0.009 0.003 0.006 0.002 0.006 0.004 0.003 0.007 0.006 
406      376    (0)    5 :  0.004 0.011 0.036 0.009 0.249 0.595 0.007 0.009 0.018 0.003 0.010 0.003 0.023 0.013 0.010 
407      395    (0)    5 :  0.011 0.007 0.001 0.007 0.668 0.175 0.025 0.058 0.004 0.006 0.007 0.004 0.012 0.006 0.007 
408      396    (0)    5 :  0.002 0.003 0.002 0.003 0.037 0.925 0.004 0.003 0.005 0.003 0.003 0.001 0.002 0.004 0.003 
409      397    (0)    5 :  0.004 0.005 0.001 0.005 0.077 0.858 0.003 0.010 0.002 0.010 0.005 0.007 0.005 0.003 0.005 
410      398    (0)    5 :  0.004 0.004 0.002 0.004 0.483 0.392 0.002 0.063 0.005 0.004 0.005 0.004 0.011 0.009 0.005 
411      399    (0)    5 :  0.003 0.004 0.002 0.005 0.007 0.933 0.003 0.002 0.006 0.002 0.005 0.003 0.012 0.007 0.005 
412      400    (0)    5 :  0.003 0.006 0.001 0.006 0.906 0.019 0.003 0.006 0.009 0.002 0.007 0.002 0.010 0.013 0.006 
413      401    (0)    5 :  0.005 0.010 0.004 0.011 0.835 0.075 0.006 0.006 0.007 0.003 0.013 0.002 0.004 0.008 0.011 
414      402    (0)    5 :  0.002 0.003 0.003 0.003 0.958 0.003 0.003 0.002 0.003 0.002 0.003 0.003 0.006 0.003 0.003 
415      403    (0)    5 :  0.015 0.008 0.003 0.009 0.421 0.437 0.012 0.004 0.010 0.012 0.009 0.004 0.019 0.027 0.009 
416      073    (0)    6 :  0.006 0.004 0.002 0.004 0.006 0.948 0.005 0.001 0.003 0.002 0.004 0.002 0.006 0.004 0.004 
417      074    (0)    6 :  0.005 0.007 0.007 0.007 0.004 0.898 0.003 0.039 0.002 0.002 0.008 0.005 0.002 0.004 0.007 
418      075    (0)    6 :  0.006 0.005 0.002 0.006 0.009 0.925 0.008 0.006 0.002 0.003 0.005 0.004 0.005 0.008 0.005 
419      076    (0)    6 :  0.005 0.006 0.004 0.006 0.009 0.913 0.009 0.004 0.003 0.005 0.007 0.006 0.012 0.005 0.006 
420      077    (0)    6 :  0.011 0.007 0.001 0.008 0.013 0.906 0.009 0.003 0.006 0.003 0.007 0.008 0.005 0.005 0.008 
421      078    (0)    6 :  0.007 0.027 0.003 0.043 0.010 0.806 0.010 0.005 0.004 0.005 0.022 0.005 0.005 0.016 0.032 
422      079    (0)    6 :  0.006 0.012 0.002 0.011 0.013 0.897 0.006 0.003 0.008 0.001 0.014 0.002 0.007 0.006 0.012 
423      080    (0)    6 :  0.004 0.005 0.003 0.005 0.005 0.918 0.003 0.003 0.004 0.002 0.006 0.019 0.014 0.004 0.006 
424      081    (0)    6 :  0.026 0.012 0.004 0.010 0.047 0.818 0.010 0.013 0.005 0.015 0.012 0.004 0.008 0.005 0.011 
425      082    (0)    6 :  0.003 0.003 0.001 0.003 0.022 0.937 0.002 0.003 0.005 0.002 0.003 0.003 0.005 0.004 0.003 
426      083    (0)    6 :  0.004 0.006 0.002 0.007 0.025 0.903 0.005 0.010 0.008 0.003 0.008 0.002 0.005 0.005 0.008 
427      084    (0)    6 :  0.011 0.005 0.004 0.005 0.015 0.834 0.007 0.095 0.002 0.005 0.005 0.002 0.003 0.004 0.005 
428      085    (0)    6 :  0.023 0.015 0.002 0.013 0.053 0.537 0.267 0.009 0.017 0.015 0.015 0.003 0.007 0.010 0.014 
429      404    (0)    6 :  0.006 0.004 0.001 0.004 0.010 0.926 0.004 0.019 0.003 0.003 0.004 0.003 0.005 0.004 0.004 
430      405    (0)    6 :  0.009 0.006 0.002 0.006 0.006 0.931 0.004 0.005 0.002 0.009 0.005 0.002 0.004 0.005 0.005 
431      406    (0)    6 :  0.003 0.010 0.005 0.012 0.005 0.904 0.004 0.008 0.006 0.007 0.009 0.004 0.007 0.006 0.011 
432      407    (0)    6 :  0.006 0.006 0.002 0.005 0.090 0.852 0.010 0.004 0.002 0.003 0.006 0.003 0.003 0.004 0.005 
433      408    (0)    6 :  0.004 0.005 0.001 0.004 0.004 0.947 0.004 0.006 0.002 0.001 0.005 0.005 0.003 0.003 0.004 
434      411    (2)    6 :  0.004 0.003 0.001 0.003 0.006 0.957 0.003 0.005 0.003 0.002 0.003 0.003 0.002 0.002 0.003 
435      412    (0)    6 :  0.011 0.007 0.028 0.007 0.009 0.872 0.013 0.004 0.006 0.004 0.008 0.006 0.011 0.005 0.008 
436      413    (0)    6 :  0.004 0.006 0.001 0.016 0.015 0.926 0.004 0.003 0.002 0.002 0.005 0.002 0.002 0.004 0.007 
437      591    (0)    7 :  0.009 0.005 0.014 0.006 0.003 0.004 0.006 0.008 0.004 0.006 0.006 0.004 0.914 0.006 0.005 
438      592    (0)    7 :  0.076 0.007 0.003 0.007 0.004 0.010 0.014 0.006 0.006 0.002 0.008 0.005 0.826 0.016 0.008 
439      593    (0)    7 :  0.006 0.007 0.002 0.008 0.006 0.009 0.005 0.004 0.005 0.005 0.006 0.002 0.921 0.006 0.007 
440      594    (0)    7 :  0.042 0.018 0.003 0.020 0.009 0.038 0.007 0.007 0.004 0.005 0.022 0.010 0.764 0.030 0.020 
441      595    (0)    7 :  0.005 0.014 0.005 0.018 0.013 0.010 0.007 0.003 0.004 0.004 0.020 0.011 0.863 0.006 0.018 
442      596    (0)    7 :  0.004 0.006 0.002 0.006 0.005 0.006 0.005 0.002 0.007 0.007 0.006 0.019 0.914 0.007 0.006 
443      597    (0)    7 :  0.008 0.011 0.001 0.010 0.026 0.033 0.034 0.003 0.003 0.002 0.014 0.006 0.830 0.009 0.012 
444      598    (0)    7 :  0.007 0.031 0.002 0.035 0.032 0.006 0.084 0.003 0.011 0.002 0.061 0.027 0.577 0.079 0.044 
445      599    (0)    7 :  0.172 0.008 0.003 0.007 0.003 0.005 0.018 0.003 0.005 0.006 0.007 0.003 0.748 0.003 0.008 
446      600    (0)    7 :  0.004 0.005 0.002 0.005 0.007 0.004 0.006 0.001 0.003 0.004 0.006 0.012 0.931 0.006 0.005 
447      601    (0)    7 :  0.019 0.017 0.002 0.014 0.026 0.021 0.034 0.002 0.005 0.002 0.019 0.002 0.809 0.010 0.016 
448      602    (0)    7 :  0.008 0.011 0.004 0.010 0.014 0.006 0.017 0.004 0.005 0.004 0.014 0.006 0.881 0.005 0.012 
449      603    (0)    7 :  0.076 0.036 0.002 0.033 0.004 0.007 0.621 0.008 0.007 0.007 0.037 0.008 0.107 0.006 0.040 
450      604    (0)    7 :  0.003 0.010 0.003 0.012 0.007 0.009 0.004 0.003 0.011 0.002 0.011 0.007 0.891 0.013 0.012 
451      605    (0)    7 :  0.010 0.019 0.020 0.019 0.006 0.009 0.008 0.003 0.004 0.004 0.025 0.024 0.744 0.081 0.024 
452      606    (0)    7 :  0.012 0.011 0.004 0.009 0.003 0.004 0.006 0.004 0.003 0.020 0.011 0.007 0.886 0.011 0.010 
453      607    (0)    7 :  0.002 0.004 0.003 0.004 0.015 0.010 0.007 0.002 0.094 0.003 0.005 0.008 0.830 0.009 0.004 
454      608    (0)    7 :  0.008 0.005 0.001 0.005 0.004 0.005 0.009 0.005 0.018 0.003 0.005 0.003 0.916 0.007 0.005 
455      609    (0)    7 :  0.005 0.008 0.002 0.008 0.004 0.004 0.005 0.003 0.008 0.004 0.009 0.003 0.921 0.009 0.008 
456      610    (0)    7 :  0.016 0.085 0.004 0.079 0.007 0.020 0.069 0.009 0.017 0.003 0.119 0.010 0.452 0.018 0.094 
457      611    (2)    7 :  0.003 0.009 0.002 0.009 0.008 0.011 0.004 0.011 0.022 0.003 0.008 0.007 0.888 0.007 0.009 
458      612    (0)    7 :  0.008 0.015 0.004 0.020 0.062 0.008 0.014 0.002 0.029 0.002 0.019 0.043 0.743 0.009 0.021 
459      755    (0)    7 :  0.007 0.036 0.028 0.030 0.009 0.016 0.014 0.030 0.280 0.002 0.036 0.042 0.422 0.015 0.032 
460      756    (0)    7 :  0.007 0.005 0.002 0.006 0.003 0.012 0.010 0.008 0.014 0.003 0.006 0.003 0.908 0.007 0.006 
461      757    (0)    7 :  0.009 0.011 0.003 0.009 0.005 0.008 0.006 0.004 0.009 0.002 0.011 0.005 0.890 0.017 0.010 
462      002    (0)    8 :  0.004 0.006 0.003 0.007 0.408 0.497 0.016 0.021 0.004 0.003 0.009 0.002 0.006 0.009 0.007 
463      099    (2)    8 :  0.062 0.025 0.716 0.027 0.005 0.005 0.005 0.008 0.014 0.004 0.032 0.041 0.008 0.015 0.033 
464      641    (2)    8 :  0.010 0.093 0.015 0.117 0.246 0.189 0.011 0.012 0.024 0.014 0.065 0.004 0.057 0.039 0.104 
465      642    (0)    8 :  0.016 0.008 0.003 0.008 0.005 0.882 0.009 0.008 0.004 0.003 0.008 0.003 0.019 0.016 0.008 
466      643    (2)    8 :  0.018 0.015 0.004 0.015 0.008 0.781 0.025 0.016 0.004 0.003 0.013 0.003 0.026 0.057 0.014 
467      644    (0)    8 :  0.019 0.009 0.003 0.009 0.024 0.856 0.013 0.006 0.008 0.003 0.008 0.008 0.007 0.017 0.010 
468      645    (0)    8 :  0.018 0.028 0.002 0.023 0.014 0.437 0.020 0.018 0.121 0.039 0.028 0.003 0.035 0.187 0.028 
469      646    (0)    8 :  0.006 0.052 0.004 0.065 0.403 0.054 0.075 0.012 0.151 0.010 0.050 0.008 0.013 0.040 0.057 
470      006    (0)    9 :  0.007 0.028 0.005 0.022 0.009 0.218 0.007 0.631 0.006 0.003 0.024 0.003 0.006 0.007 0.023 
471      011    (0)    9 :  0.004 0.003 0.001 0.003 0.003 0.957 0.003 0.009 0.002 0.002 0.003 0.003 0.003 0.003 0.003 
472      033    (2)    9 :  0.004 0.006 0.001 0.006 0.020 0.267 0.027 0.626 0.004 0.002 0.006 0.002 0.019 0.004 0.005 
473      048    (0)    9 :  0.284 0.019 0.002 0.018 0.012 0.527 0.016 0.044 0.005 0.008 0.019 0.005 0.016 0.008 0.019 
474      061    (0)    9 :  0.002 0.002 0.001 0.002 0.002 0.002 0.002 0.974 0.003 0.003 0.002 0.001 0.001 0.002 0.002 
475      088    (0)    9 :  0.019 0.015 0.003 0.013 0.016 0.831 0.011 0.022 0.003 0.005 0.014 0.008 0.013 0.013 0.014 
476      091    (0)    9 :  0.003 0.004 0.001 0.005 0.003 0.010 0.003 0.943 0.006 0.002 0.004 0.005 0.005 0.003 0.004 
477      098    (0)    9 :  0.021 0.006 0.001 0.006 0.015 0.878 0.007 0.009 0.006 0.012 0.007 0.003 0.019 0.004 0.006 
478      104    (0)    9 :  0.004 0.003 0.001 0.003 0.041 0.924 0.003 0.003 0.002 0.002 0.003 0.002 0.002 0.003 0.003 
479      196    (0)    9 :  0.011 0.006 0.002 0.005 0.020 0.334 0.006 0.578 0.002 0.005 0.005 0.005 0.009 0.005 0.006 
480      197    (0)    9 :  0.010 0.021 0.003 0.022 0.019 0.549 0.023 0.263 0.003 0.008 0.027 0.014 0.011 0.007 0.021 
481      201    (0)    9 :  0.005 0.005 0.001 0.005 0.013 0.340 0.005 0.592 0.002 0.001 0.006 0.001 0.005 0.013 0.005 
482      202    (0)    9 :  0.027 0.012 0.009 0.014 0.020 0.795 0.014 0.033 0.002 0.020 0.014 0.012 0.005 0.009 0.013 
483      204    (0)    9 :  0.005 0.004 0.001 0.004 0.031 0.537 0.010 0.380 0.009 0.002 0.004 0.002 0.003 0.004 0.003 
484      231    (0)    9 :  0.013 0.005 0.001 0.005 0.064 0.851 0.015 0.008 0.009 0.001 0.005 0.004 0.009 0.005 0.005 
485      328    (0)    9 :  0.005 0.004 0.001 0.004 0.003 0.701 0.006 0.250 0.002 0.005 0.004 0.002 0.006 0.005 0.004 
486      346    (0)    9 :  0.004 0.004 0.002 0.004 0.008 0.629 0.003 0.311 0.003 0.003 0.005 0.007 0.008 0.004 0.004 


Estimated Allele Frequencies in each cluster
First column gives estimated ancestral frequencies


Locus 1 : 1 
4 alleles
0.0% missing data
  89   (0.534) 0.588 0.563 0.294 0.554 0.297 0.624 0.464 0.693 0.820 0.066 0.545 0.641 0.552 0.497 0.551 
  91   (0.384) 0.343 0.352 0.668 0.377 0.580 0.315 0.512 0.298 0.160 0.706 0.376 0.312 0.431 0.446 0.373 
  93   (0.067) 0.055 0.053 0.037 0.053 0.122 0.061 0.018 0.008 0.015 0.099 0.064 0.046 0.014 0.053 0.060 
  99   (0.015) 0.014 0.031 0.001 0.016 0.001 0.000 0.006 0.001 0.004 0.129 0.015 0.001 0.002 0.004 0.016 

Locus 2 : 2 
6 alleles
1.0% missing data
 136   (0.353) 0.059 0.313 0.452 0.354 0.722 0.551 0.182 0.111 0.142 0.189 0.355 0.459 0.415 0.548 0.342 
 134   (0.233) 0.263 0.210 0.196 0.197 0.164 0.143 0.224 0.209 0.672 0.027 0.217 0.379 0.402 0.212 0.212 
 138   (0.299) 0.506 0.360 0.219 0.344 0.102 0.256 0.472 0.244 0.128 0.771 0.311 0.155 0.150 0.170 0.336 
 140   (0.067) 0.040 0.063 0.122 0.062 0.008 0.049 0.057 0.431 0.018 0.008 0.067 0.004 0.016 0.039 0.062 
 132   (0.021) 0.003 0.037 0.001 0.027 0.002 0.000 0.005 0.002 0.004 0.002 0.028 0.001 0.003 0.006 0.029 
 142   (0.027) 0.131 0.017 0.010 0.017 0.002 0.001 0.059 0.003 0.035 0.003 0.022 0.002 0.014 0.025 0.019 

Locus 3 : 3 
6 alleles
0.0% missing data
 181   (0.255) 0.418 0.243 0.073 0.245 0.095 0.232 0.145 0.076 0.354 0.180 0.255 0.068 0.402 0.189 0.257 
 187   (0.346) 0.155 0.336 0.345 0.390 0.546 0.514 0.333 0.688 0.121 0.774 0.351 0.259 0.167 0.346 0.359 
 179   (0.240) 0.195 0.272 0.052 0.231 0.342 0.229 0.311 0.220 0.339 0.028 0.244 0.015 0.398 0.292 0.241 
 191   (0.032) 0.009 0.031 0.009 0.028 0.003 0.022 0.008 0.004 0.009 0.004 0.031 0.199 0.006 0.011 0.030 
 185   (0.076) 0.091 0.082 0.285 0.069 0.008 0.002 0.086 0.007 0.130 0.008 0.076 0.456 0.019 0.058 0.073 
 175   (0.050) 0.133 0.035 0.237 0.036 0.004 0.001 0.118 0.005 0.048 0.006 0.044 0.003 0.009 0.104 0.039 

Locus 4 : 4 
12 alleles
0.2% missing data
 253   (0.485) 0.523 0.544 0.169 0.496 0.455 0.754 0.511 0.633 0.629 0.597 0.500 0.463 0.609 0.510 0.503 
 249   (0.029) 0.003 0.019 0.066 0.021 0.021 0.058 0.006 0.308 0.005 0.004 0.026 0.002 0.005 0.010 0.025 
 271   (0.043) 0.005 0.042 0.110 0.037 0.052 0.028 0.027 0.005 0.010 0.005 0.041 0.003 0.009 0.030 0.040 
 241   (0.156) 0.138 0.120 0.528 0.138 0.358 0.021 0.182 0.022 0.094 0.183 0.150 0.150 0.146 0.187 0.143 
 257   (0.006) 0.001 0.003 0.000 0.003 0.003 0.000 0.002 0.000 0.001 0.001 0.004 0.000 0.001 0.005 0.004 
 269   (0.175) 0.284 0.157 0.032 0.204 0.088 0.136 0.224 0.020 0.234 0.200 0.173 0.101 0.185 0.156 0.182 
 247   (0.066) 0.040 0.094 0.027 0.077 0.007 0.002 0.032 0.008 0.017 0.007 0.076 0.279 0.034 0.054 0.077 
 245   (0.009) 0.001 0.004 0.066 0.005 0.001 0.000 0.002 0.001 0.001 0.001 0.007 0.001 0.001 0.002 0.006 
 239   (0.011) 0.001 0.006 0.001 0.007 0.001 0.000 0.002 0.001 0.003 0.001 0.010 0.001 0.004 0.021 0.008 
 273   (0.007) 0.001 0.003 0.001 0.004 0.001 0.000 0.001 0.001 0.001 0.001 0.005 0.000 0.001 0.022 0.004 
 267   (0.006) 0.001 0.003 0.000 0.005 0.013 0.000 0.001 0.001 0.002 0.001 0.004 0.000 0.001 0.002 0.004 
 255   (0.006) 0.001 0.003 0.000 0.003 0.001 0.000 0.011 0.001 0.001 0.001 0.004 0.000 0.002 0.002 0.004 

Locus 5 : 5 
6 alleles
0.6% missing data
 103   (0.852) 0.970 0.810 0.738 0.781 0.966 0.993 0.918 0.985 0.953 0.983 0.840 0.979 0.928 0.857 0.824 
 104   (0.060) 0.018 0.107 0.070 0.134 0.026 0.005 0.042 0.006 0.026 0.007 0.069 0.004 0.026 0.050 0.090 
 101   (0.009) 0.001 0.005 0.001 0.005 0.001 0.000 0.003 0.001 0.005 0.001 0.008 0.013 0.002 0.003 0.006 
 105   (0.048) 0.008 0.055 0.165 0.052 0.005 0.001 0.025 0.005 0.011 0.005 0.053 0.003 0.036 0.073 0.051 
 102   (0.015) 0.002 0.014 0.001 0.017 0.001 0.000 0.009 0.001 0.003 0.002 0.017 0.001 0.005 0.007 0.018 
 107   (0.015) 0.002 0.009 0.025 0.011 0.001 0.000 0.003 0.001 0.002 0.001 0.014 0.001 0.003 0.010 0.012 

Locus 6 : 6 
5 alleles
0.2% missing data
 141   (0.272) 0.163 0.299 0.112 0.256 0.317 0.587 0.316 0.842 0.778 0.031 0.267 0.132 0.306 0.209 0.262 
 145   (0.398) 0.650 0.389 0.023 0.456 0.123 0.183 0.470 0.072 0.135 0.410 0.419 0.261 0.445 0.521 0.437 
 135   (0.236) 0.174 0.245 0.635 0.214 0.363 0.190 0.178 0.071 0.066 0.547 0.230 0.288 0.137 0.200 0.221 
 147   (0.082) 0.011 0.061 0.127 0.068 0.195 0.039 0.035 0.014 0.019 0.010 0.075 0.318 0.110 0.059 0.072 
 137   (0.012) 0.002 0.006 0.103 0.007 0.002 0.000 0.002 0.001 0.002 0.001 0.009 0.001 0.002 0.011 0.008 

Locus 7 : 7 
10 alleles
1.2% missing data
  93   (0.226) 0.272 0.189 0.113 0.188 0.403 0.331 0.330 0.620 0.308 0.795 0.207 0.066 0.212 0.271 0.196 
 103   (0.301) 0.356 0.343 0.018 0.352 0.277 0.403 0.366 0.078 0.125 0.040 0.314 0.513 0.531 0.289 0.342 
  91   (0.069) 0.038 0.058 0.060 0.065 0.007 0.034 0.018 0.007 0.059 0.010 0.069 0.156 0.042 0.061 0.065 
  97   (0.194) 0.191 0.198 0.263 0.195 0.171 0.165 0.052 0.026 0.240 0.127 0.203 0.252 0.157 0.124 0.199 
  85   (0.046) 0.052 0.041 0.003 0.044 0.009 0.046 0.012 0.005 0.010 0.007 0.047 0.003 0.015 0.048 0.044 
  89   (0.082) 0.057 0.054 0.301 0.061 0.126 0.020 0.194 0.257 0.242 0.011 0.072 0.005 0.029 0.070 0.064 
  83   (0.048) 0.030 0.090 0.003 0.065 0.004 0.001 0.021 0.005 0.010 0.006 0.058 0.003 0.008 0.128 0.062 
 105   (0.015) 0.002 0.015 0.089 0.013 0.001 0.000 0.003 0.001 0.003 0.002 0.014 0.001 0.002 0.004 0.012 
 101   (0.009) 0.001 0.006 0.125 0.011 0.001 0.000 0.002 0.001 0.002 0.001 0.007 0.001 0.001 0.003 0.009 
  99   (0.010) 0.001 0.006 0.025 0.006 0.001 0.000 0.002 0.001 0.002 0.001 0.008 0.001 0.001 0.003 0.007 

Locus 8 : 8 
8 alleles
0.0% missing data
 129   (0.552) 0.723 0.538 0.302 0.599 0.484 0.705 0.743 0.669 0.467 0.199 0.559 0.640 0.408 0.632 0.583 
 141   (0.054) 0.010 0.047 0.003 0.044 0.142 0.098 0.024 0.008 0.011 0.006 0.053 0.214 0.092 0.022 0.047 
 149   (0.080) 0.054 0.089 0.302 0.071 0.035 0.142 0.078 0.011 0.276 0.009 0.076 0.013 0.018 0.056 0.072 
 143   (0.261) 0.198 0.286 0.297 0.245 0.334 0.054 0.142 0.308 0.206 0.700 0.263 0.130 0.472 0.252 0.254 
 127   (0.018) 0.002 0.013 0.094 0.016 0.002 0.000 0.004 0.001 0.003 0.046 0.017 0.001 0.003 0.005 0.016 
 131   (0.012) 0.010 0.007 0.001 0.008 0.001 0.000 0.002 0.001 0.003 0.039 0.009 0.002 0.002 0.003 0.009 
 133   (0.017) 0.002 0.017 0.001 0.013 0.002 0.000 0.007 0.001 0.032 0.002 0.017 0.001 0.003 0.025 0.016 
 145   (0.006) 0.001 0.003 0.000 0.004 0.001 0.000 0.001 0.000 0.001 0.001 0.005 0.000 0.001 0.005 0.004 

Locus 9 : 9 
5 alleles
0.0% missing data
 191   (0.391) 0.330 0.418 0.339 0.400 0.596 0.562 0.175 0.846 0.582 0.339 0.390 0.543 0.476 0.349 0.395 
 195   (0.142) 0.376 0.150 0.330 0.120 0.038 0.189 0.063 0.031 0.033 0.354 0.132 0.051 0.244 0.133 0.132 
 189   (0.454) 0.292 0.425 0.330 0.474 0.365 0.246 0.759 0.122 0.381 0.305 0.469 0.404 0.277 0.505 0.465 
 197   (0.006) 0.001 0.003 0.000 0.003 0.001 0.000 0.001 0.001 0.001 0.001 0.004 0.000 0.001 0.011 0.004 
 193   (0.007) 0.001 0.003 0.000 0.003 0.001 0.002 0.001 0.001 0.002 0.001 0.005 0.000 0.001 0.002 0.004 

Locus 10 : 10 
7 alleles
0.4% missing data
 232   (0.249) 0.192 0.266 0.126 0.280 0.372 0.286 0.076 0.574 0.063 0.218 0.261 0.277 0.154 0.292 0.273 
 238   (0.560) 0.724 0.560 0.748 0.559 0.446 0.592 0.864 0.132 0.842 0.368 0.561 0.343 0.671 0.494 0.558 
 252   (0.106) 0.074 0.107 0.014 0.090 0.174 0.106 0.043 0.277 0.080 0.016 0.097 0.033 0.122 0.160 0.095 
 254   (0.047) 0.006 0.035 0.081 0.037 0.005 0.015 0.010 0.014 0.009 0.393 0.043 0.263 0.045 0.038 0.038 
 248   (0.018) 0.002 0.013 0.001 0.017 0.002 0.000 0.004 0.002 0.003 0.002 0.020 0.083 0.003 0.008 0.016 
 250   (0.014) 0.002 0.014 0.029 0.013 0.001 0.000 0.003 0.001 0.002 0.002 0.013 0.001 0.002 0.004 0.014 
 236   (0.006) 0.001 0.004 0.000 0.004 0.001 0.000 0.002 0.001 0.001 0.001 0.005 0.001 0.002 0.003 0.005 

Locus 11 : 11 
4 alleles
0.0% missing data
  87   (0.689) 0.868 0.709 0.496 0.714 0.560 0.646 0.784 0.342 0.866 0.964 0.699 0.534 0.643 0.692 0.700 
  89   (0.241) 0.104 0.236 0.153 0.234 0.359 0.301 0.196 0.633 0.085 0.028 0.241 0.384 0.344 0.215 0.245 
  91   (0.054) 0.027 0.045 0.182 0.042 0.079 0.053 0.017 0.023 0.014 0.006 0.046 0.081 0.010 0.076 0.043 
  85   (0.017) 0.002 0.010 0.169 0.010 0.001 0.000 0.003 0.002 0.035 0.002 0.014 0.001 0.003 0.017 0.012 

Locus 12 : 12 
13 alleles
0.4% missing data
 160   (0.215) 0.292 0.188 0.425 0.234 0.190 0.110 0.254 0.036 0.193 0.597 0.209 0.719 0.061 0.211 0.231 
 162   (0.247) 0.221 0.284 0.015 0.234 0.097 0.210 0.320 0.762 0.384 0.065 0.252 0.230 0.481 0.252 0.245 
 147   (0.050) 0.018 0.035 0.003 0.038 0.354 0.116 0.070 0.093 0.014 0.005 0.045 0.003 0.088 0.018 0.042 
 158   (0.230) 0.233 0.230 0.097 0.259 0.322 0.532 0.102 0.079 0.103 0.028 0.239 0.022 0.189 0.282 0.244 
 161   (0.108) 0.113 0.105 0.273 0.091 0.024 0.022 0.130 0.015 0.033 0.117 0.101 0.016 0.151 0.113 0.094 
 170   (0.051) 0.018 0.069 0.027 0.058 0.005 0.007 0.058 0.006 0.012 0.006 0.057 0.003 0.009 0.058 0.056 
 143   (0.031) 0.004 0.040 0.156 0.030 0.003 0.001 0.006 0.003 0.009 0.176 0.032 0.002 0.005 0.039 0.031 
 154   (0.017) 0.002 0.016 0.001 0.021 0.002 0.000 0.004 0.002 0.005 0.002 0.022 0.001 0.006 0.006 0.020 
 149   (0.019) 0.084 0.013 0.001 0.013 0.002 0.000 0.005 0.002 0.241 0.002 0.017 0.001 0.004 0.005 0.014 
 153   (0.012) 0.001 0.010 0.001 0.010 0.001 0.000 0.002 0.001 0.002 0.001 0.011 0.001 0.003 0.010 0.011 
 150   (0.006) 0.011 0.003 0.000 0.003 0.001 0.000 0.001 0.001 0.001 0.001 0.004 0.000 0.001 0.002 0.004 
 159   (0.007) 0.002 0.003 0.000 0.004 0.001 0.000 0.047 0.001 0.001 0.001 0.005 0.000 0.001 0.003 0.004 
 164   (0.007) 0.001 0.003 0.000 0.004 0.001 0.000 0.001 0.001 0.001 0.001 0.006 0.000 0.001 0.002 0.005 

Locus 13 : 13 
5 alleles
0.0% missing data
 108   (0.202) 0.097 0.169 0.297 0.211 0.151 0.163 0.138 0.410 0.051 0.337 0.201 0.200 0.147 0.277 0.205 
 115   (0.450) 0.543 0.454 0.378 0.422 0.320 0.580 0.487 0.527 0.702 0.090 0.450 0.285 0.500 0.469 0.438 
 113   (0.336) 0.358 0.367 0.324 0.357 0.527 0.257 0.372 0.062 0.245 0.571 0.339 0.514 0.351 0.250 0.346 
 109   (0.006) 0.001 0.004 0.000 0.005 0.001 0.000 0.001 0.001 0.001 0.001 0.005 0.000 0.001 0.002 0.006 
 110   (0.006) 0.001 0.006 0.000 0.004 0.001 0.000 0.001 0.000 0.001 0.001 0.005 0.000 0.001 0.002 0.005 

Locus 14 : 14 
5 alleles
1.2% missing data
 227   (0.138) 0.327 0.143 0.008 0.135 0.326 0.258 0.303 0.061 0.063 0.256 0.136 0.017 0.038 0.075 0.145 
 231   (0.157) 0.025 0.144 0.355 0.149 0.105 0.093 0.046 0.026 0.039 0.273 0.161 0.352 0.455 0.149 0.156 
 229   (0.505) 0.537 0.507 0.469 0.538 0.443 0.464 0.439 0.862 0.850 0.094 0.509 0.415 0.288 0.677 0.504 
 225   (0.138) 0.062 0.136 0.059 0.129 0.025 0.089 0.193 0.019 0.034 0.226 0.136 0.212 0.147 0.073 0.141 
 233   (0.063) 0.049 0.071 0.108 0.049 0.101 0.095 0.019 0.032 0.014 0.152 0.058 0.004 0.073 0.026 0.054 

Locus 15 : 15 
5 alleles
0.4% missing data
 143   (0.840) 0.843 0.849 0.621 0.841 0.976 0.969 0.940 0.983 0.932 0.720 0.841 0.817 0.872 0.882 0.840 
 157   (0.007) 0.001 0.003 0.000 0.003 0.001 0.018 0.001 0.001 0.001 0.001 0.005 0.000 0.001 0.002 0.004 
 145   (0.089) 0.070 0.091 0.183 0.094 0.017 0.011 0.040 0.010 0.054 0.272 0.090 0.006 0.116 0.050 0.093 
 147   (0.049) 0.084 0.049 0.194 0.052 0.005 0.001 0.016 0.005 0.011 0.006 0.053 0.145 0.009 0.026 0.052 
 133   (0.014) 0.002 0.008 0.001 0.009 0.001 0.000 0.003 0.002 0.002 0.001 0.011 0.032 0.002 0.040 0.011 

Locus 16 : 16 
5 alleles
0.2% missing data
 156   (0.224) 0.258 0.210 0.162 0.191 0.085 0.304 0.170 0.199 0.052 0.514 0.211 0.500 0.324 0.383 0.198 
 158   (0.539) 0.631 0.585 0.315 0.574 0.726 0.499 0.601 0.323 0.626 0.253 0.557 0.199 0.473 0.464 0.568 
 160   (0.141) 0.084 0.116 0.119 0.126 0.178 0.152 0.178 0.466 0.297 0.016 0.134 0.113 0.146 0.101 0.135 
 154   (0.087) 0.018 0.085 0.404 0.105 0.010 0.045 0.031 0.011 0.024 0.216 0.092 0.187 0.056 0.050 0.093 
 152   (0.009) 0.008 0.004 0.001 0.004 0.001 0.000 0.019 0.001 0.002 0.001 0.006 0.001 0.001 0.003 0.005 

Locus 17 : 17 
5 alleles
0.0% missing data
 102   (0.200) 0.127 0.205 0.039 0.189 0.166 0.249 0.421 0.092 0.326 0.024 0.197 0.199 0.181 0.102 0.186 
  90   (0.681) 0.851 0.651 0.324 0.666 0.806 0.722 0.542 0.616 0.394 0.579 0.674 0.793 0.796 0.814 0.676 
  88   (0.070) 0.009 0.089 0.465 0.075 0.024 0.028 0.022 0.288 0.271 0.008 0.075 0.005 0.013 0.033 0.078 
 100   (0.042) 0.006 0.052 0.171 0.068 0.004 0.001 0.013 0.004 0.008 0.389 0.049 0.003 0.009 0.049 0.057 
 104   (0.006) 0.008 0.003 0.000 0.003 0.001 0.000 0.003 0.001 0.001 0.001 0.005 0.000 0.001 0.002 0.004 

Locus 18 : 18 
7 alleles
0.0% missing data
 142   (0.124) 0.067 0.149 0.018 0.122 0.387 0.419 0.060 0.792 0.083 0.015 0.126 0.008 0.024 0.172 0.126 
 146   (0.074) 0.014 0.090 0.004 0.064 0.024 0.191 0.236 0.033 0.101 0.008 0.067 0.226 0.082 0.063 0.066 
 140   (0.293) 0.280 0.272 0.298 0.311 0.412 0.088 0.211 0.045 0.512 0.277 0.299 0.177 0.501 0.236 0.303 
 127   (0.302) 0.335 0.297 0.386 0.331 0.103 0.227 0.298 0.079 0.193 0.547 0.307 0.060 0.233 0.398 0.321 
 148   (0.099) 0.067 0.083 0.067 0.083 0.047 0.055 0.135 0.034 0.028 0.011 0.098 0.218 0.115 0.038 0.087 
 150   (0.053) 0.192 0.067 0.224 0.044 0.005 0.001 0.027 0.006 0.067 0.005 0.050 0.308 0.012 0.052 0.048 
 138   (0.055) 0.046 0.042 0.003 0.045 0.021 0.019 0.034 0.011 0.016 0.137 0.053 0.004 0.034 0.040 0.050 

Locus 19 : 19 
8 alleles
0.2% missing data
 188   (0.182) 0.194 0.198 0.011 0.194 0.177 0.096 0.090 0.562 0.044 0.019 0.197 0.170 0.068 0.191 0.193 
 190   (0.121) 0.236 0.082 0.041 0.092 0.328 0.416 0.072 0.014 0.390 0.013 0.103 0.200 0.243 0.101 0.094 
 194   (0.577) 0.535 0.606 0.554 0.604 0.484 0.485 0.568 0.415 0.190 0.956 0.588 0.479 0.598 0.633 0.593 
 202   (0.017) 0.002 0.012 0.041 0.011 0.001 0.000 0.003 0.001 0.003 0.002 0.014 0.145 0.003 0.006 0.013 
 200   (0.083) 0.031 0.092 0.313 0.088 0.008 0.002 0.264 0.007 0.369 0.008 0.084 0.005 0.081 0.057 0.095 
 192   (0.006) 0.001 0.004 0.000 0.005 0.001 0.000 0.001 0.000 0.001 0.001 0.005 0.000 0.004 0.002 0.005 
 196   (0.006) 0.001 0.003 0.000 0.003 0.001 0.000 0.001 0.000 0.001 0.001 0.005 0.000 0.001 0.008 0.004 
 198   (0.007) 0.001 0.003 0.038 0.003 0.001 0.000 0.001 0.000 0.001 0.001 0.004 0.000 0.001 0.002 0.004 

Locus 20 : 20 
6 alleles
0.8% missing data
 252   (0.695) 0.751 0.735 0.075 0.718 0.711 0.849 0.830 0.811 0.553 0.384 0.716 0.729 0.742 0.824 0.718 
 250   (0.085) 0.093 0.066 0.428 0.072 0.051 0.100 0.030 0.010 0.130 0.348 0.077 0.140 0.071 0.030 0.077 
 244   (0.023) 0.006 0.014 0.047 0.015 0.002 0.007 0.007 0.155 0.006 0.005 0.017 0.002 0.007 0.009 0.017 
 254   (0.081) 0.089 0.078 0.242 0.063 0.010 0.031 0.098 0.010 0.019 0.100 0.072 0.081 0.055 0.065 0.067 
 246   (0.094) 0.059 0.074 0.207 0.078 0.222 0.004 0.026 0.010 0.288 0.160 0.091 0.047 0.120 0.062 0.083 
 248   (0.022) 0.003 0.034 0.001 0.054 0.003 0.009 0.009 0.003 0.004 0.002 0.027 0.001 0.004 0.009 0.038 

Locus 21 : 21 
7 alleles
0.2% missing data
 173   (0.288) 0.594 0.281 0.209 0.246 0.149 0.374 0.463 0.150 0.072 0.121 0.273 0.212 0.315 0.348 0.259 
 177   (0.268) 0.221 0.303 0.041 0.330 0.632 0.276 0.246 0.178 0.502 0.273 0.287 0.168 0.082 0.218 0.304 
 175   (0.140) 0.075 0.119 0.502 0.121 0.025 0.025 0.087 0.017 0.040 0.484 0.133 0.257 0.320 0.127 0.123 
 167   (0.195) 0.091 0.183 0.069 0.181 0.179 0.318 0.171 0.644 0.096 0.110 0.189 0.123 0.142 0.258 0.194 
 163   (0.039) 0.010 0.035 0.108 0.036 0.004 0.002 0.011 0.004 0.008 0.004 0.038 0.226 0.016 0.023 0.037 
 165   (0.050) 0.006 0.052 0.070 0.054 0.009 0.003 0.013 0.005 0.277 0.006 0.050 0.013 0.123 0.021 0.053 
 159   (0.019) 0.002 0.027 0.001 0.032 0.002 0.000 0.008 0.002 0.004 0.002 0.029 0.001 0.003 0.006 0.030 

Locus 22 : 22 
11 alleles
0.6% missing data
 146   (0.233) 0.252 0.274 0.014 0.224 0.218 0.229 0.339 0.838 0.293 0.072 0.238 0.139 0.167 0.210 0.238 
 154   (0.007) 0.001 0.003 0.000 0.003 0.002 0.069 0.001 0.001 0.001 0.001 0.005 0.000 0.001 0.002 0.004 
 166   (0.091) 0.023 0.114 0.005 0.108 0.262 0.028 0.034 0.010 0.022 0.113 0.104 0.006 0.077 0.046 0.109 
 152   (0.418) 0.655 0.365 0.101 0.435 0.449 0.639 0.540 0.123 0.596 0.505 0.406 0.369 0.509 0.547 0.409 
 150   (0.030) 0.005 0.043 0.102 0.029 0.008 0.006 0.014 0.004 0.007 0.110 0.030 0.002 0.005 0.010 0.031 
 164   (0.035) 0.006 0.023 0.067 0.025 0.042 0.011 0.011 0.004 0.007 0.005 0.030 0.002 0.056 0.030 0.027 
 156   (0.019) 0.018 0.009 0.113 0.011 0.002 0.000 0.004 0.002 0.004 0.002 0.015 0.300 0.004 0.005 0.012 
 162   (0.053) 0.011 0.051 0.138 0.053 0.005 0.001 0.028 0.005 0.020 0.007 0.057 0.072 0.046 0.040 0.056 
 158   (0.089) 0.017 0.093 0.432 0.091 0.009 0.015 0.023 0.012 0.045 0.011 0.095 0.109 0.131 0.103 0.092 
 148   (0.009) 0.001 0.004 0.000 0.005 0.001 0.000 0.002 0.001 0.001 0.173 0.007 0.001 0.001 0.003 0.005 
 142   (0.016) 0.011 0.021 0.027 0.015 0.001 0.000 0.004 0.001 0.003 0.002 0.014 0.001 0.003 0.005 0.016 

Locus 23 : 23 
7 alleles
0.8% missing data
 152   (0.013) 0.002 0.006 0.001 0.007 0.088 0.062 0.003 0.001 0.002 0.001 0.009 0.001 0.002 0.003 0.008 
 156   (0.121) 0.047 0.121 0.431 0.137 0.090 0.034 0.043 0.012 0.029 0.015 0.123 0.030 0.124 0.251 0.123 
 144   (0.177) 0.302 0.152 0.245 0.155 0.154 0.186 0.183 0.025 0.053 0.604 0.165 0.640 0.193 0.107 0.167 
 160   (0.105) 0.115 0.081 0.012 0.114 0.296 0.180 0.130 0.012 0.312 0.013 0.096 0.104 0.139 0.048 0.100 
 154   (0.548) 0.530 0.605 0.173 0.551 0.368 0.535 0.631 0.924 0.597 0.362 0.568 0.223 0.531 0.577 0.567 
 158   (0.028) 0.004 0.031 0.138 0.030 0.003 0.003 0.008 0.025 0.006 0.003 0.031 0.002 0.010 0.009 0.029 
 146   (0.008) 0.001 0.004 0.000 0.006 0.001 0.000 0.001 0.001 0.001 0.001 0.009 0.000 0.001 0.005 0.006 

Locus 24 : 24 
4 alleles
0.4% missing data
  77   (0.079) 0.058 0.050 0.005 0.057 0.025 0.327 0.151 0.028 0.033 0.009 0.068 0.049 0.085 0.111 0.064 
  83   (0.465) 0.482 0.437 0.588 0.450 0.581 0.485 0.349 0.227 0.747 0.689 0.455 0.920 0.601 0.396 0.459 
  81   (0.371) 0.338 0.431 0.378 0.415 0.356 0.167 0.434 0.734 0.199 0.293 0.394 0.025 0.272 0.350 0.399 
  85   (0.085) 0.122 0.081 0.029 0.078 0.037 0.021 0.067 0.012 0.021 0.010 0.083 0.006 0.043 0.143 0.078 

Locus 25 : 25 
6 alleles
0.4% missing data
 132   (0.313) 0.347 0.351 0.021 0.319 0.130 0.531 0.259 0.910 0.220 0.180 0.325 0.455 0.453 0.230 0.338 
 124   (0.534) 0.524 0.505 0.470 0.541 0.829 0.395 0.581 0.067 0.741 0.416 0.528 0.535 0.421 0.708 0.521 
 126   (0.025) 0.003 0.014 0.011 0.017 0.027 0.058 0.005 0.003 0.005 0.003 0.023 0.002 0.005 0.009 0.018 
 122   (0.095) 0.122 0.108 0.473 0.099 0.011 0.015 0.146 0.017 0.028 0.107 0.093 0.006 0.101 0.041 0.097 
 120   (0.019) 0.002 0.012 0.023 0.014 0.002 0.000 0.004 0.002 0.003 0.293 0.017 0.001 0.004 0.008 0.014 
 136   (0.015) 0.002 0.010 0.002 0.010 0.002 0.001 0.005 0.001 0.003 0.002 0.014 0.001 0.016 0.004 0.012 

Locus 26 : 26 
7 alleles
0.2% missing data
 165   (0.248) 0.293 0.233 0.115 0.254 0.156 0.117 0.219 0.693 0.206 0.322 0.242 0.054 0.339 0.225 0.246 
 183   (0.353) 0.335 0.332 0.211 0.360 0.459 0.582 0.261 0.198 0.628 0.295 0.353 0.424 0.461 0.334 0.361 
 179   (0.088) 0.024 0.071 0.281 0.075 0.100 0.056 0.170 0.016 0.047 0.344 0.084 0.005 0.018 0.069 0.074 
 175   (0.243) 0.340 0.310 0.015 0.250 0.279 0.244 0.325 0.086 0.107 0.031 0.255 0.451 0.154 0.211 0.253 
 181   (0.052) 0.006 0.045 0.263 0.052 0.005 0.001 0.022 0.005 0.009 0.007 0.053 0.064 0.026 0.155 0.054 
 185   (0.010) 0.001 0.005 0.114 0.006 0.001 0.000 0.002 0.001 0.002 0.001 0.008 0.001 0.001 0.004 0.006 
 157   (0.007) 0.001 0.003 0.000 0.004 0.001 0.000 0.001 0.001 0.001 0.001 0.006 0.000 0.001 0.002 0.005 

Locus 27 : 27 
4 alleles
0.2% missing data
 142   (0.642) 0.804 0.669 0.522 0.676 0.607 0.705 0.665 0.337 0.724 0.308 0.654 0.742 0.680 0.595 0.667 
 148   (0.205) 0.103 0.202 0.266 0.197 0.180 0.076 0.116 0.369 0.052 0.675 0.204 0.065 0.249 0.225 0.198 
 138   (0.045) 0.020 0.029 0.048 0.034 0.200 0.208 0.014 0.284 0.023 0.006 0.038 0.003 0.017 0.020 0.036 
 150   (0.108) 0.073 0.099 0.164 0.093 0.012 0.011 0.205 0.011 0.202 0.012 0.105 0.189 0.053 0.159 0.099 

Locus 28 : 28 
6 alleles
0.8% missing data
 260   (0.384) 0.508 0.429 0.219 0.423 0.503 0.343 0.521 0.282 0.495 0.133 0.401 0.378 0.297 0.225 0.417 
 262   (0.509) 0.382 0.481 0.693 0.476 0.486 0.651 0.401 0.705 0.476 0.853 0.490 0.548 0.662 0.684 0.481 
 256   (0.076) 0.065 0.067 0.086 0.077 0.008 0.006 0.069 0.010 0.023 0.011 0.081 0.072 0.036 0.065 0.077 
 258   (0.010) 0.001 0.011 0.001 0.011 0.001 0.000 0.002 0.001 0.002 0.001 0.012 0.001 0.002 0.003 0.010 
 266   (0.006) 0.009 0.003 0.000 0.003 0.001 0.000 0.002 0.000 0.001 0.001 0.004 0.000 0.001 0.002 0.004 
 264   (0.015) 0.035 0.008 0.001 0.010 0.001 0.000 0.006 0.001 0.003 0.001 0.012 0.001 0.002 0.022 0.011 

Locus 29 : 29 
7 alleles
0.2% missing data
 146   (0.282) 0.263 0.282 0.324 0.341 0.305 0.170 0.207 0.083 0.460 0.035 0.288 0.334 0.348 0.254 0.315 
 150   (0.433) 0.516 0.471 0.239 0.416 0.429 0.705 0.553 0.157 0.179 0.140 0.440 0.290 0.407 0.585 0.428 
 140   (0.176) 0.147 0.161 0.390 0.159 0.032 0.081 0.210 0.695 0.123 0.813 0.173 0.056 0.168 0.119 0.164 
 148   (0.063) 0.033 0.046 0.035 0.047 0.219 0.037 0.016 0.058 0.152 0.007 0.056 0.316 0.051 0.023 0.049 
 152   (0.029) 0.040 0.032 0.010 0.028 0.003 0.001 0.009 0.005 0.066 0.003 0.031 0.002 0.005 0.014 0.033 
 151   (0.009) 0.001 0.005 0.001 0.005 0.010 0.005 0.003 0.001 0.006 0.001 0.007 0.001 0.002 0.003 0.006 
 142   (0.008) 0.001 0.003 0.000 0.004 0.001 0.001 0.001 0.001 0.013 0.001 0.005 0.000 0.019 0.003 0.005 

Locus 30 : 30 
6 alleles
0.2% missing data
 125   (0.286) 0.071 0.296 0.140 0.340 0.298 0.474 0.110 0.621 0.096 0.138 0.304 0.029 0.305 0.351 0.311 
 129   (0.426) 0.633 0.414 0.080 0.386 0.639 0.475 0.570 0.314 0.462 0.210 0.417 0.786 0.421 0.390 0.410 
 123   (0.154) 0.263 0.157 0.111 0.155 0.051 0.048 0.192 0.049 0.109 0.018 0.147 0.101 0.111 0.181 0.153 
 127   (0.086) 0.022 0.066 0.529 0.073 0.008 0.002 0.066 0.011 0.324 0.589 0.084 0.080 0.153 0.050 0.078 
 121   (0.012) 0.002 0.010 0.001 0.008 0.001 0.000 0.003 0.001 0.002 0.040 0.010 0.001 0.003 0.005 0.010 
 131   (0.035) 0.009 0.056 0.138 0.038 0.003 0.001 0.060 0.003 0.007 0.004 0.038 0.002 0.007 0.024 0.038 

Locus 31 : 31 
6 alleles
0.2% missing data
 159   (0.171) 0.272 0.161 0.200 0.149 0.115 0.139 0.290 0.058 0.048 0.019 0.162 0.011 0.298 0.274 0.152 
 155   (0.547) 0.467 0.593 0.422 0.609 0.845 0.686 0.320 0.589 0.498 0.524 0.570 0.709 0.423 0.472 0.583 
 157   (0.180) 0.149 0.163 0.061 0.157 0.030 0.092 0.322 0.305 0.433 0.115 0.174 0.020 0.252 0.203 0.174 
 153   (0.064) 0.107 0.059 0.307 0.058 0.006 0.079 0.059 0.043 0.013 0.098 0.062 0.004 0.013 0.026 0.062 
 151   (0.031) 0.004 0.021 0.010 0.023 0.003 0.002 0.007 0.004 0.007 0.244 0.028 0.256 0.013 0.023 0.025 
 163   (0.007) 0.002 0.004 0.000 0.004 0.001 0.001 0.002 0.001 0.001 0.001 0.005 0.001 0.001 0.002 0.004 

Locus 32 : 32 
5 alleles
0.0% missing data
 146   (0.321) 0.372 0.337 0.651 0.359 0.053 0.068 0.295 0.064 0.227 0.583 0.330 0.312 0.266 0.362 0.342 
 150   (0.570) 0.569 0.566 0.252 0.548 0.870 0.856 0.657 0.925 0.408 0.405 0.564 0.639 0.510 0.596 0.558 
 148   (0.060) 0.011 0.041 0.033 0.049 0.071 0.075 0.030 0.006 0.352 0.007 0.056 0.045 0.117 0.018 0.054 
 154   (0.037) 0.006 0.041 0.064 0.034 0.005 0.001 0.012 0.004 0.009 0.004 0.039 0.002 0.105 0.019 0.035 
 152   (0.012) 0.042 0.016 0.001 0.010 0.001 0.000 0.007 0.001 0.004 0.001 0.011 0.001 0.002 0.005 0.011 

Locus 33 : 33 
7 alleles
0.0% missing data
 180   (0.467) 0.306 0.486 0.357 0.480 0.373 0.607 0.407 0.424 0.515 0.700 0.476 0.670 0.526 0.414 0.484 
 196   (0.112) 0.163 0.109 0.026 0.108 0.202 0.189 0.130 0.109 0.025 0.013 0.108 0.007 0.049 0.105 0.111 
 184   (0.195) 0.405 0.163 0.186 0.176 0.127 0.148 0.079 0.439 0.091 0.264 0.191 0.071 0.279 0.207 0.179 
 194   (0.010) 0.001 0.004 0.001 0.005 0.034 0.039 0.002 0.001 0.002 0.001 0.007 0.001 0.002 0.003 0.006 
 192   (0.135) 0.111 0.142 0.165 0.128 0.013 0.005 0.267 0.016 0.349 0.015 0.139 0.183 0.101 0.197 0.134 
 198   (0.065) 0.009 0.088 0.265 0.094 0.250 0.013 0.023 0.009 0.016 0.007 0.067 0.067 0.020 0.056 0.075 
 190   (0.016) 0.004 0.009 0.001 0.010 0.002 0.000 0.093 0.002 0.003 0.002 0.012 0.001 0.023 0.018 0.011 

Locus 34 : 34 
6 alleles
0.0% missing data
 110   (0.191) 0.064 0.176 0.111 0.210 0.167 0.367 0.203 0.269 0.165 0.215 0.191 0.073 0.220 0.115 0.187 
 112   (0.347) 0.404 0.382 0.049 0.356 0.730 0.513 0.313 0.066 0.421 0.039 0.364 0.057 0.295 0.338 0.376 
 106   (0.276) 0.438 0.272 0.248 0.253 0.080 0.093 0.360 0.586 0.159 0.224 0.255 0.709 0.409 0.393 0.247 
  90   (0.039) 0.005 0.032 0.002 0.029 0.006 0.019 0.023 0.062 0.221 0.403 0.034 0.002 0.008 0.037 0.032 
 108   (0.137) 0.087 0.133 0.590 0.146 0.015 0.007 0.099 0.016 0.031 0.118 0.148 0.113 0.065 0.113 0.151 
  96   (0.010) 0.001 0.006 0.001 0.006 0.001 0.000 0.002 0.001 0.003 0.001 0.008 0.046 0.002 0.004 0.007 

Locus 35 : 35 
9 alleles
0.0% missing data
 166   (0.057) 0.121 0.057 0.003 0.046 0.182 0.285 0.034 0.009 0.117 0.007 0.050 0.004 0.055 0.020 0.048 
 176   (0.099) 0.012 0.081 0.098 0.083 0.366 0.129 0.027 0.021 0.033 0.012 0.095 0.015 0.218 0.133 0.092 
 172   (0.318) 0.444 0.370 0.166 0.379 0.216 0.454 0.402 0.451 0.257 0.040 0.333 0.587 0.136 0.204 0.345 
 170   (0.273) 0.238 0.228 0.348 0.240 0.156 0.124 0.223 0.482 0.202 0.614 0.261 0.324 0.518 0.258 0.252 
 174   (0.136) 0.101 0.134 0.043 0.131 0.016 0.005 0.246 0.013 0.365 0.015 0.136 0.063 0.049 0.305 0.131 
 178   (0.038) 0.024 0.041 0.002 0.042 0.057 0.002 0.016 0.017 0.010 0.005 0.044 0.002 0.007 0.026 0.044 
 168   (0.052) 0.017 0.070 0.319 0.057 0.005 0.001 0.017 0.005 0.012 0.305 0.057 0.003 0.013 0.047 0.060 
 186   (0.020) 0.042 0.016 0.020 0.018 0.002 0.000 0.035 0.002 0.004 0.002 0.018 0.001 0.003 0.006 0.024 
 158   (0.006) 0.001 0.004 0.000 0.005 0.001 0.000 0.001 0.000 0.001 0.001 0.006 0.000 0.001 0.002 0.005 

Locus 36 : 36 
6 alleles
0.0% missing data
  89   (0.570) 0.655 0.606 0.603 0.600 0.715 0.662 0.719 0.225 0.645 0.373 0.575 0.509 0.499 0.544 0.599 
  95   (0.062) 0.092 0.048 0.027 0.051 0.023 0.081 0.053 0.039 0.016 0.007 0.058 0.005 0.085 0.023 0.052 
  85   (0.160) 0.171 0.154 0.014 0.136 0.219 0.224 0.063 0.266 0.280 0.492 0.150 0.234 0.146 0.211 0.139 
  81   (0.062) 0.018 0.056 0.004 0.056 0.006 0.006 0.032 0.008 0.016 0.008 0.067 0.004 0.176 0.144 0.061 
  83   (0.128) 0.056 0.124 0.326 0.146 0.034 0.027 0.128 0.460 0.040 0.014 0.133 0.247 0.091 0.073 0.134 
  91   (0.019) 0.008 0.013 0.026 0.013 0.002 0.000 0.004 0.002 0.004 0.105 0.017 0.001 0.003 0.006 0.015 

Locus 37 : 37 
10 alleles
0.0% missing data
 161   (0.348) 0.215 0.310 0.708 0.336 0.528 0.572 0.302 0.093 0.428 0.432 0.333 0.375 0.397 0.519 0.331 
 165   (0.234) 0.294 0.254 0.113 0.270 0.274 0.167 0.186 0.059 0.094 0.132 0.249 0.101 0.186 0.151 0.258 
 159   (0.012) 0.002 0.019 0.001 0.010 0.008 0.035 0.002 0.001 0.002 0.001 0.011 0.001 0.002 0.003 0.011 
 173   (0.254) 0.276 0.258 0.170 0.238 0.085 0.128 0.364 0.166 0.412 0.224 0.251 0.514 0.386 0.201 0.247 
 169   (0.097) 0.149 0.107 0.006 0.094 0.100 0.088 0.121 0.676 0.053 0.205 0.099 0.006 0.020 0.103 0.098 
 167   (0.017) 0.002 0.024 0.001 0.016 0.002 0.009 0.017 0.002 0.004 0.002 0.017 0.002 0.003 0.008 0.016 
 168   (0.011) 0.001 0.009 0.001 0.011 0.001 0.000 0.002 0.001 0.002 0.001 0.013 0.001 0.002 0.003 0.011 
 155   (0.013) 0.002 0.014 0.001 0.018 0.001 0.000 0.003 0.001 0.002 0.001 0.018 0.001 0.002 0.007 0.019 
 177   (0.006) 0.001 0.004 0.000 0.004 0.001 0.000 0.002 0.000 0.002 0.001 0.005 0.000 0.001 0.003 0.005 
 175   (0.007) 0.059 0.003 0.000 0.003 0.001 0.000 0.001 0.001 0.001 0.001 0.004 0.000 0.001 0.002 0.004 

Locus 38 : 38 
6 alleles
0.6% missing data
  87   (0.094) 0.024 0.060 0.437 0.070 0.138 0.169 0.132 0.012 0.021 0.554 0.080 0.129 0.112 0.060 0.073 
  89   (0.440) 0.591 0.490 0.227 0.471 0.670 0.588 0.462 0.752 0.404 0.051 0.456 0.093 0.219 0.530 0.475 
  91   (0.165) 0.051 0.182 0.100 0.190 0.026 0.131 0.153 0.195 0.090 0.208 0.166 0.185 0.206 0.165 0.175 
  81   (0.116) 0.060 0.121 0.007 0.114 0.084 0.080 0.057 0.011 0.429 0.013 0.122 0.116 0.217 0.065 0.110 
  85   (0.179) 0.273 0.144 0.228 0.152 0.081 0.029 0.194 0.028 0.053 0.173 0.172 0.477 0.245 0.178 0.164 
  83   (0.007) 0.001 0.003 0.000 0.003 0.001 0.003 0.001 0.001 0.002 0.001 0.005 0.000 0.001 0.002 0.004 

Locus 39 : 39 
4 alleles
0.6% missing data
 167   (0.784) 0.780 0.789 0.394 0.787 0.925 0.911 0.848 0.929 0.795 0.686 0.775 0.858 0.947 0.870 0.783 
 161   (0.178) 0.160 0.169 0.457 0.181 0.071 0.088 0.118 0.062 0.191 0.310 0.190 0.138 0.046 0.113 0.182 
 165   (0.031) 0.059 0.038 0.149 0.027 0.003 0.001 0.032 0.009 0.013 0.003 0.030 0.002 0.006 0.015 0.028 
 177   (0.006) 0.001 0.004 0.000 0.005 0.001 0.000 0.002 0.001 0.001 0.001 0.005 0.001 0.001 0.002 0.006 

Locus 40 : 40 
6 alleles
0.4% missing data
 228   (0.417) 0.527 0.406 0.119 0.407 0.659 0.523 0.460 0.732 0.643 0.551 0.407 0.233 0.442 0.390 0.394 
 238   (0.335) 0.302 0.368 0.069 0.346 0.265 0.323 0.312 0.065 0.085 0.081 0.358 0.116 0.268 0.433 0.357 
 224   (0.024) 0.003 0.012 0.011 0.013 0.046 0.090 0.005 0.003 0.217 0.003 0.017 0.002 0.014 0.007 0.016 
 236   (0.106) 0.037 0.091 0.285 0.092 0.017 0.061 0.089 0.188 0.027 0.352 0.098 0.389 0.113 0.055 0.097 
 232   (0.012) 0.001 0.007 0.001 0.008 0.003 0.000 0.003 0.001 0.002 0.001 0.010 0.001 0.002 0.037 0.010 
 240   (0.106) 0.129 0.116 0.515 0.134 0.010 0.002 0.131 0.011 0.025 0.012 0.110 0.260 0.161 0.079 0.127 

Locus 41 : 41 
7 alleles
0.0% missing data
 128   (0.118) 0.203 0.120 0.007 0.120 0.065 0.138 0.144 0.237 0.250 0.013 0.110 0.032 0.073 0.141 0.111 
 130   (0.528) 0.422 0.547 0.738 0.556 0.589 0.612 0.518 0.692 0.501 0.060 0.540 0.780 0.516 0.552 0.543 
 114   (0.052) 0.006 0.039 0.003 0.042 0.040 0.109 0.015 0.031 0.010 0.499 0.050 0.003 0.076 0.032 0.045 
 132   (0.123) 0.247 0.116 0.007 0.112 0.287 0.132 0.148 0.019 0.028 0.014 0.119 0.049 0.153 0.144 0.128 
 118   (0.061) 0.070 0.061 0.071 0.050 0.006 0.002 0.103 0.009 0.031 0.206 0.054 0.129 0.011 0.050 0.057 
 134   (0.111) 0.051 0.114 0.173 0.115 0.012 0.007 0.070 0.013 0.179 0.207 0.121 0.007 0.170 0.080 0.112 
 136   (0.006) 0.001 0.003 0.000 0.004 0.001 0.000 0.001 0.001 0.001 0.001 0.006 0.000 0.001 0.002 0.005 

Locus 42 : 42 
6 alleles
1.2% missing data
 102   (0.265) 0.350 0.260 0.015 0.259 0.431 0.416 0.368 0.073 0.214 0.571 0.262 0.476 0.413 0.166 0.271 
 104   (0.407) 0.450 0.467 0.231 0.446 0.150 0.198 0.514 0.105 0.693 0.050 0.432 0.413 0.323 0.413 0.435 
  92   (0.111) 0.068 0.096 0.316 0.092 0.282 0.105 0.051 0.014 0.034 0.052 0.103 0.007 0.087 0.226 0.098 
  96   (0.075) 0.021 0.061 0.176 0.085 0.064 0.061 0.019 0.707 0.019 0.096 0.069 0.005 0.055 0.080 0.068 
  98   (0.136) 0.110 0.112 0.261 0.113 0.072 0.220 0.046 0.101 0.038 0.230 0.129 0.099 0.121 0.113 0.123 
 106   (0.007) 0.001 0.004 0.000 0.004 0.001 0.001 0.002 0.001 0.002 0.001 0.005 0.000 0.002 0.002 0.005 

Locus 43 : 43 
6 alleles
1.4% missing data
 101   (0.303) 0.298 0.297 0.368 0.272 0.222 0.470 0.282 0.084 0.212 0.035 0.294 0.182 0.468 0.412 0.283 
 103   (0.315) 0.434 0.337 0.109 0.316 0.372 0.178 0.424 0.461 0.130 0.229 0.331 0.351 0.280 0.187 0.340 
  99   (0.143) 0.083 0.124 0.181 0.155 0.211 0.031 0.055 0.074 0.592 0.414 0.143 0.009 0.065 0.214 0.140 
  95   (0.215) 0.182 0.223 0.335 0.234 0.192 0.320 0.233 0.379 0.061 0.170 0.209 0.456 0.182 0.178 0.215 
  97   (0.018) 0.002 0.015 0.006 0.016 0.002 0.000 0.003 0.002 0.003 0.152 0.018 0.001 0.003 0.008 0.016 
  91   (0.007) 0.001 0.005 0.000 0.005 0.001 0.000 0.001 0.001 0.001 0.001 0.005 0.000 0.001 0.002 0.006 

Locus 44 : 44 
7 alleles
0.2% missing data
 177   (0.080) 0.035 0.089 0.110 0.080 0.160 0.063 0.061 0.010 0.017 0.010 0.080 0.005 0.062 0.031 0.088 
 191   (0.287) 0.108 0.305 0.634 0.318 0.113 0.185 0.325 0.054 0.332 0.281 0.310 0.098 0.300 0.270 0.322 
 181   (0.565) 0.791 0.533 0.139 0.545 0.720 0.750 0.600 0.930 0.571 0.520 0.545 0.863 0.621 0.667 0.531 
 189   (0.007) 0.001 0.003 0.000 0.003 0.001 0.000 0.001 0.000 0.001 0.001 0.004 0.030 0.001 0.002 0.004 
 179   (0.042) 0.005 0.057 0.107 0.042 0.004 0.001 0.010 0.003 0.075 0.187 0.045 0.003 0.011 0.023 0.041 
 183   (0.009) 0.002 0.007 0.001 0.007 0.001 0.000 0.002 0.001 0.002 0.001 0.009 0.001 0.002 0.004 0.008 
 193   (0.011) 0.058 0.006 0.010 0.005 0.001 0.000 0.002 0.001 0.002 0.001 0.007 0.001 0.002 0.003 0.006 

Locus 45 : 45 
6 alleles
0.8% missing data
 205   (0.458) 0.554 0.507 0.312 0.504 0.540 0.505 0.409 0.869 0.527 0.249 0.480 0.406 0.538 0.363 0.485 
 211   (0.230) 0.150 0.227 0.391 0.213 0.113 0.250 0.150 0.044 0.284 0.341 0.231 0.273 0.186 0.357 0.227 
 207   (0.141) 0.231 0.123 0.072 0.127 0.191 0.127 0.187 0.064 0.054 0.017 0.138 0.201 0.090 0.098 0.133 
 201   (0.075) 0.019 0.056 0.040 0.064 0.116 0.068 0.166 0.012 0.024 0.381 0.064 0.005 0.080 0.101 0.065 
 215   (0.085) 0.044 0.078 0.178 0.073 0.039 0.049 0.085 0.010 0.109 0.011 0.076 0.115 0.102 0.078 0.076 
 202   (0.011) 0.002 0.010 0.008 0.018 0.001 0.000 0.002 0.001 0.002 0.001 0.011 0.001 0.002 0.003 0.015 

Locus 46 : 46 
10 alleles
1.0% missing data
 144   (0.065) 0.014 0.063 0.007 0.066 0.083 0.250 0.072 0.050 0.073 0.008 0.057 0.128 0.014 0.099 0.056 
 158   (0.155) 0.036 0.125 0.123 0.143 0.387 0.113 0.195 0.033 0.195 0.021 0.155 0.083 0.266 0.130 0.140 
 168   (0.142) 0.030 0.131 0.217 0.176 0.065 0.222 0.068 0.053 0.032 0.216 0.146 0.107 0.134 0.109 0.157 
 166   (0.139) 0.253 0.122 0.026 0.117 0.127 0.322 0.083 0.474 0.039 0.125 0.133 0.388 0.092 0.103 0.124 
 142   (0.357) 0.604 0.443 0.143 0.383 0.305 0.088 0.501 0.375 0.633 0.047 0.377 0.285 0.434 0.284 0.392 
 170   (0.016) 0.002 0.010 0.047 0.010 0.002 0.001 0.003 0.002 0.004 0.002 0.013 0.001 0.004 0.039 0.011 
 156   (0.029) 0.004 0.022 0.083 0.024 0.015 0.001 0.026 0.002 0.005 0.467 0.028 0.002 0.005 0.009 0.030 
 162   (0.047) 0.041 0.048 0.162 0.038 0.004 0.001 0.015 0.005 0.009 0.109 0.042 0.003 0.038 0.072 0.040 
 164   (0.043) 0.014 0.033 0.194 0.039 0.012 0.001 0.036 0.005 0.008 0.005 0.043 0.003 0.011 0.154 0.044 
 160   (0.006) 0.001 0.004 0.000 0.004 0.001 0.000 0.001 0.001 0.001 0.001 0.005 0.000 0.002 0.002 0.005 

Locus 47 : 47 
7 alleles
9.9% missing data
 149   (0.350) 0.393 0.393 0.769 0.388 0.187 0.211 0.317 0.476 0.501 0.348 0.363 0.336 0.083 0.300 0.371 
 151   (0.185) 0.115 0.152 0.088 0.159 0.572 0.206 0.208 0.120 0.349 0.084 0.177 0.012 0.371 0.161 0.169 
 153   (0.190) 0.394 0.211 0.043 0.187 0.134 0.364 0.295 0.101 0.080 0.029 0.194 0.025 0.183 0.147 0.187 
 147   (0.027) 0.003 0.018 0.002 0.020 0.030 0.034 0.008 0.003 0.007 0.004 0.024 0.002 0.005 0.070 0.022 
 145   (0.225) 0.092 0.213 0.042 0.231 0.074 0.182 0.168 0.297 0.057 0.532 0.223 0.624 0.354 0.285 0.235 
 152   (0.007) 0.001 0.003 0.001 0.004 0.001 0.002 0.002 0.001 0.003 0.001 0.005 0.000 0.002 0.003 0.004 
 143   (0.016) 0.002 0.010 0.056 0.011 0.002 0.000 0.003 0.001 0.003 0.002 0.014 0.001 0.003 0.034 0.012 

Values of parameters used in structure:
DATAFILE=temp2.str,	OUTFILE=k15/temp2_k15_run9,	NUMINDS=486,	NUMLOCI=47,	MISSING=-9,	LABEL=1,	POPDATA=1,	POPFLAG=0,	PHENOTYPE=0,	EXTRACOLS=0,	MAXPOPS=15,	BURNIN=500000,	NUMREPS=750000,	USEPOPINFO=0,	INFERALPHA=1,	INFERLAMBDA=0,	POPSPECIFICLAMBDA=0,	POPALPHAS=0,	COMPUTEPROB=1,	NOADMIX=0,	ADMBURNIN=500,	UPDATEFREQ=100,	PRINTLIKES=0,	INTERMEDSAVE=0,	PRINTKLD=0,	PRINTNET=1,	PRINTLAMBDA=1,	ANCESTDIST=0,	NUMBOXES=1000,	ANCESTPINT=0.90000,	GENSBACK=2,	MIGRPRIOR=0.01000,	PRINTQHAT=0,	PRINTQSUM=1,	ALPHA=1.0000,	FREQSCORR=1,	FPRIORMEAN=0.0100,	FPRIORSD=0.0500,	ONEFST=0,	LAMBDA=1.0000,	UNIFPRIORALPHA=1,	ALPHAMAX=10.0000,	ALPHAPRIORA=1.0000,	ALPHAPRIORB=2.0000,	ALPHAPROPSD=0.0250,	STARTATPOPINFO=0,	RANDOMIZE=0,	LINKAGE=0,	METROFREQ=10,	REPORTHITRATE=0,	MARKOVPHASE=0,	PHASED=1,	PLOIDY=2,	PHASEINFO=0	LOCPRIOR=0, 	LOCPRIORINIT=1.000000, 	LOCDATA=0, 	LOCISPOP=1, 	LOCPRIORSTEP=0.100000, 	MAXLOCPRIOR=20.000000, 	SEED=483800,	
[STRAT parameters]:    NUMSIMSTATS=1000,	PHENOTYPECOL=-9,	POOLFREQ=10,	LOCUSxONLY=0,	EMERROR=0.00100,	MISSINGPHENO=-9,	