1 2 3 4 5 6 7 8 9 10 11 12 13 14 15 16 17 18 19 20 21 22 23 24 25 26 27 28 29 30 31 32 33 34 35 36 37 38 39 40 41 42 43 44 45 46 47
591	1	089	134	181	253	103	141	097	129	195	238	087	162	108	229	143	154	090	140	194	252	173	152	144	081	122	165	142	262	150	127	155	150	184	106	170	085	161	081	167	228	130	092	103	181	211	142	145
591	1	091	134	181	253	103	145	103	143	195	252	089	162	113	231	143	156	102	140	200	252	173	152	156	083	132	165	148	262	150	127	159	150	184	110	172	095	173	087	167	240	132	096	103	191	215	142	151
592	1	091	136	179	253	103	141	103	129	191	238	087	162	108	225	143	156	090	127	190	246	167	152	154	081	132	183	142	262	150	123	155	146	184	106	170	085	161	081	167	240	130	092	101	181	205	166	145
592	1	091	142	181	253	103	145	103	143	191	238	087	162	113	225	143	158	090	140	200	252	173	164	154	083	132	183	142	262	150	127	159	150	184	112	170	089	173	089	167	240	130	102	103	181	215	166	153
593	1	089	136	179	241	103	141	093	129	191	238	087	158	115	229	143	156	090	127	194	252	173	146	144	083	132	165	142	262	140	127	155	148	180	110	170	081	161	087	167	238	114	102	101	181	205	142	151
593	1	091	136	181	269	104	145	103	143	191	238	089	162	115	231	145	158	102	140	194	252	175	152	154	083	132	183	148	262	146	129	155	150	184	112	170	089	173	089	167	240	132	104	101	181	205	142	153
594	1	089	134	179	253	103	135	091	129	191	238	087	158	113	225	143	158	090	140	190	252	167	152	154	081	124	165	142	262	140	125	155	150	180	106	170	089	161	085	167	228	130	102	095	181	205	166	145
594	1	091	134	181	269	103	145	103	143	195	252	087	162	115	229	143	158	090	140	194	252	173	158	156	083	124	165	142	262	150	127	155	150	180	112	170	089	165	087	167	238	132	104	095	191	205	166	153
595	1	089	136	179	253	103	145	097	129	189	232	089	161	113	231	143	158	090	146	190	250	173	152	144	081	124	165	142	262	146	127	155	150	180	108	172	089	165	081	167	228	114	098	103	181	205	158	145
595	1	089	136	187	269	103	147	097	143	195	238	089	162	115	231	143	160	090	148	194	252	175	158	154	083	132	165	148	262	150	129	157	154	192	112	176	089	165	089	167	238	130	102	103	191	205	158	151
596	1	089	134	181	253	103	141	093	129	191	238	087	162	113	231	143	156	090	140	190	246	175	146	154	083	124	165	142	260	146	125	155	146	180	106	170	085	161	081	167	240	130	102	095	177	201	168	145
596	1	091	136	181	253	103	145	097	143	191	254	089	162	115	231	143	158	102	140	194	252	175	152	154	083	132	175	142	262	150	129	159	150	184	110	174	089	161	085	167	240	132	102	103	181	211	168	151
597	1	089	134	179	253	103	145	103	143	191	238	087	147	115	225	143	158	090	140	194	252	173	152	144	077	124	165	142	262	148	125	155	150	190	110	166	083	161	085	167	236	114	102	101	181	205	142	145
597	1	091	136	181	269	103	145	103	143	195	252	087	162	115	229	143	160	102	148	194	252	173	158	154	083	124	175	148	262	150	125	155	154	196	112	176	089	161	091	167	238	130	102	103	191	207	142	151
598	1	089	134	181	241	103	141	093	141	189	238	087	147	108	225	143	156	090	140	190	252	167	152	154	083	124	165	142	260	148	123	155	150	190	106	172	081	165	089	167	238	130	104	101	181	205	142	151
598	1	091	136	187	253	103	147	103	143	191	252	087	160	108	231	143	158	102	148	194	252	173	158	160	085	132	183	148	262	150	129	155	154	192	108	174	089	173	091	167	238	130	104	101	191	211	142	151
599	1	089	138	181	253	103	135	093	129	191	238	087	161	115	225	143	158	090	140	190	246	173	152	154	081	122	175	142	260	140	129	155	146	184	106	170	089	161	081	167	228	130	102	095	181	205	142	153
599	1	091	138	181	269	103	145	103	143	195	238	089	162	115	231	145	158	090	140	190	252	173	152	154	081	124	183	148	262	146	129	159	150	184	110	170	089	173	081	167	236	130	104	101	191	207	168	153
600	1	089	134	179	253	103	135	097	143	189	238	087	158	113	231	143	156	090	140	190	252	175	152	144	077	122	165	142	260	146	125	155	146	192	106	170	081	165	089	167	236	130	102	101	177	201	158	145
600	1	091	136	181	253	103	145	103	143	191	254	089	158	115	231	143	158	090	148	194	252	175	164	160	083	124	183	142	262	146	129	157	146	192	106	176	089	173	091	167	238	132	102	103	181	205	158	151
601	1	089	134	181	253	103	141	103	129	189	238	087	147	115	227	143	154	090	140	194	252	173	152	154	081	124	183	142	260	150	123	157	150	180	106	170	089	161	085	167	228	114	092	101	191	205	142	151
601	1	091	136	181	269	103	141	103	141	189	238	087	162	115	233	143	158	090	140	194	252	175	166	156	083	132	183	142	262	150	125	159	154	196	112	176	089	173	085	167	236	128	104	103	191	205	142	153
602	1	091	134	179	253	103	141	089	141	189	232	087	147	113	231	143	156	090	140	190	252	175	152	154	083	132	175	142	260	140	125	159	146	180	110	170	089	173	081	167	228	132	102	095	181	205	142	151
602	1	091	136	181	253	103	145	103	143	195	252	089	162	113	233	143	156	090	148	200	252	175	162	154	083	136	183	148	262	146	129	159	150	180	112	172	095	173	087	167	228	134	102	103	181	207	162	153
603	1	089	138	181	253	103	135	093	129	189	238	087	162	113	227	143	158	090	127	194	254	173	152	154	081	122	175	142	260	140	125	155	146	180	106	170	083	165	085	167	228	130	102	103	181	207	142	145
603	1	091	138	187	255	103	141	103	129	191	238	087	162	115	231	143	160	102	140	200	254	177	152	154	083	124	183	142	262	150	129	157	150	180	110	170	089	173	091	167	228	132	104	103	181	215	142	153
604	1	089	136	179	253	103	145	097	143	191	232	087	158	113	229	143	158	090	140	190	252	165	146	154	077	132	181	142	260	146	125	155	148	180	106	170	089	173	091	167	228	130	098	099	177	205	142	145
604	1	091	136	187	253	103	147	103	143	195	238	089	161	115	231	143	158	090	148	194	254	175	152	160	083	132	183	148	262	150	129	157	148	180	110	170	089	173	091	167	238	134	104	101	181	207	142	145
605	1	089	134	179	241	103	141	097	129	191	232	089	161	113	231	143	156	090	127	194	252	163	152	144	081	124	165	142	262	146	123	157	148	180	106	170	089	161	089	167	238	128	092	095	181	211	158	151
605	1	091	138	187	269	103	145	103	141	195	238	089	162	113	231	143	156	102	127	194	252	175	158	144	083	132	183	142	262	150	129	157	150	184	108	176	089	173	089	167	238	130	098	101	191	211	162	151
606	1	089	134	179	253	103	135	093	129	191	238	087	161	115	225	143	156	090	138	194	252	167	146	144	083	122	183	142	260	140	129	155	146	180	106	170	085	165	091	167	228	130	104	095	181	205	142	145
606	1	091	136	179	253	103	147	103	143	195	238	087	161	115	229	145	158	090	140	194	254	175	152	156	083	132	183	148	262	146	129	159	150	184	106	176	085	173	091	167	238	134	104	101	181	205	168	151
607	1	089	134	179	241	103	145	093	129	191	232	087	162	113	231	143	158	090	127	200	246	177	152	144	077	124	183	142	262	142	127	159	148	180	106	176	081	161	085	167	224	130	102	101	181	205	158	145
607	1	091	136	181	253	103	145	093	143	191	238	089	162	115	231	143	160	090	146	200	252	177	158	154	083	124	183	142	262	146	129	159	150	180	106	176	089	161	085	167	236	130	102	101	191	215	158	145
608	1	089	134	179	253	103	141	093	129	189	238	087	158	108	229	143	156	090	140	190	250	165	152	154	081	124	183	142	260	146	125	157	146	180	106	170	081	173	085	167	228	128	102	103	181	205	142	145
608	1	091	136	179	269	103	145	103	143	191	238	087	162	113	231	143	156	102	140	194	252	167	152	154	083	132	183	148	262	150	129	159	150	184	112	170	089	173	091	167	228	130	104	103	191	205	142	151
609	1	089	134	179	253	103	145	103	143	191	238	087	162	113	231	143	156	090	127	188	252	165	164	156	083	132	183	142	256	146	125	157	150	180	106	176	083	161	081	167	228	134	098	099	181	201	142	145
609	1	091	138	181	253	103	145	103	143	195	238	087	162	115	233	143	160	090	146	194	252	173	166	156	083	132	183	142	260	150	129	157	150	180	110	176	085	173	085	167	228	134	104	101	181	205	158	151
610	1	089	136	185	241	103	141	085	129	189	238	087	158	113	229	143	158	090	127	194	252	173	146	154	081	124	165	148	262	150	125	157	146	180	106	172	089	161	081	167	228	130	102	103	181	205	142	149
610	1	089	138	187	253	105	141	103	129	191	238	089	162	115	231	145	158	102	138	194	254	175	146	160	083	132	175	148	262	150	129	159	148	180	110	176	095	173	081	167	236	130	102	103	181	211	158	151
611	1	091	134	181	247	103	141	103	129	191	238	087	162	115	229	143	160	090	140	194	-9	173	146	160	083	124	183	142	260	140	125	155	150	180	106	170	081	161	081	167	228	130	096	101	191	201	158	145
611	1	091	134	181	253	103	145	103	143	191	238	087	162	115	229	143	160	090	146	194	-9	175	166	160	083	132	183	142	260	146	125	155	150	184	112	176	085	161	085	167	228	134	098	101	191	215	168	145
612	1	089	134	179	241	103	147	103	129	189	232	087	158	113	229	143	160	090	127	188	250	165	152	154	083	124	165	142	262	148	127	159	150	180	112	170	089	161	085	167	228	130	102	101	181	205	158	151
612	1	089	134	187	253	103	147	103	129	189	232	087	160	113	233	143	160	102	140	194	252	165	152	160	083	132	165	150	262	150	129	159	154	180	112	170	095	165	085	167	240	130	102	101	191	215	158	153
755	1	089	134	187	253	103	141	093	143	191	238	087	162	108	229	143	154	090	146	190	246	167	152	154	081	122	165	138	260	146	123	157	146	180	106	166	083	173	081	167	224	130	104	095	181	211	142	149
755	1	089	136	187	253	103	145	103	143	191	252	089	162	113	231	143	158	102	150	194	252	175	158	160	083	132	183	150	262	150	129	159	150	192	110	176	089	173	081	167	240	134	104	099	181	215	142	149
756	1	089	136	179	253	103	141	093	129	191	238	087	147	115	229	143	156	090	127	190	252	165	146	144	081	124	165	142	262	140	123	155	148	180	106	170	081	161	087	167	228	130	102	101	181	205	142	151
756	1	089	138	179	269	103	141	103	143	191	238	089	158	115	231	145	158	090	140	194	252	173	152	154	083	132	183	150	262	150	127	157	150	184	110	170	083	173	091	167	240	132	104	101	181	211	168	153
757	1	089	134	181	241	103	135	093	129	191	238	087	161	108	231	143	156	090	127	190	246	165	152	154	081	124	165	142	262	146	129	157	146	180	106	166	081	165	089	167	228	130	104	095	181	205	142	145
757	1	089	134	187	253	105	141	103	141	195	238	089	162	113	231	143	158	090	140	194	252	167	158	154	083	132	175	142	262	150	129	159	146	180	112	170	081	173	091	167	228	134	104	101	191	211	166	151
212	2	089	134	185	247	103	147	103	129	191	238	087	160	108	229	143	158	090	150	194	252	175	152	144	083	124	175	142	256	148	123	151	150	180	106	170	083	161	085	167	228	130	102	095	181	207	142	145
212	2	091	136	187	247	103	147	103	129	191	238	087	160	113	231	143	160	090	150	194	252	177	156	144	083	124	175	150	260	150	129	155	150	180	106	172	089	161	089	167	240	130	104	095	181	211	142	149
213	2	089	134	185	247	103	135	091	129	189	232	087	160	113	229	143	156	090	127	194	250	173	146	144	077	124	175	142	262	140	129	151	150	180	106	170	083	173	085	167	236	128	104	095	181	207	142	145
213	2	089	136	185	253	103	135	103	129	191	254	089	160	115	231	143	156	102	148	194	252	177	156	154	083	132	181	150	262	146	129	155	150	180	106	170	089	173	089	167	236	130	104	103	181	215	166	145
214	2	089	134	185	247	103	135	097	129	189	232	089	160	113	229	143	156	090	148	188	252	167	152	144	077	124	175	142	256	146	129	155	146	180	106	170	083	161	081	167	240	118	098	095	181	205	142	145
214	2	089	138	191	253	103	147	103	129	189	254	089	160	115	231	143	160	090	150	202	252	175	162	156	083	132	175	150	262	146	129	155	150	198	112	172	089	161	091	167	240	132	102	103	181	207	158	145
215	2	089	134	185	241	103	145	093	129	191	254	087	160	108	225	143	154	090	140	190	252	175	156	144	083	124	175	142	260	148	123	155	150	180	106	172	085	165	085	161	228	128	102	095	181	205	144	145
215	2	091	136	187	253	103	147	103	129	191	254	089	162	113	229	143	156	102	148	194	252	175	156	144	083	124	183	142	260	148	129	155	150	184	108	172	089	173	087	167	238	130	104	101	181	215	144	145
216	2	089	138	185	247	103	135	091	129	189	238	087	160	113	229	143	156	090	146	194	252	167	152	144	083	132	183	142	262	148	129	155	150	180	106	172	083	173	081	167	236	118	102	095	181	205	142	145
216	2	091	138	191	247	103	141	103	141	191	238	089	160	115	229	143	156	090	146	194	252	177	156	154	083	132	183	142	262	150	129	155	150	184	108	172	089	173	081	167	240	118	104	095	181	205	168	149
217	2	091	134	185	253	103	135	091	129	189	232	087	160	113	229	143	156	090	146	188	252	163	152	144	083	124	175	142	262	148	129	151	146	180	106	172	083	173	085	161	228	130	104	101	181	205	144	145
217	2	093	134	187	269	103	141	103	129	191	252	091	160	115	231	143	158	090	150	188	252	175	158	144	083	124	183	142	262	148	129	155	150	180	106	174	089	173	089	167	236	130	104	103	191	215	168	145
218	2	089	136	185	247	103	135	103	129	189	254	087	160	108	225	143	156	090	146	190	250	173	146	144	083	124	175	142	260	146	123	155	148	180	106	170	089	173	087	161	228	130	104	095	181	211	142	145
218	2	091	136	187	247	103	145	103	129	191	254	091	162	115	229	143	158	090	150	190	252	175	162	154	083	132	175	142	262	148	129	155	150	180	108	172	089	173	087	167	240	130	104	103	181	211	144	149
332	2	089	134	185	247	103	141	103	141	191	232	087	160	113	225	143	156	090	140	190	250	177	146	144	083	124	181	142	262	146	129	151	150	180	106	172	085	161	087	167	228	130	102	095	181	205	166	145
332	2	091	138	185	269	103	147	103	143	195	238	091	162	115	231	143	156	102	150	194	252	177	152	154	083	124	183	142	262	148	129	157	150	198	112	174	085	173	091	167	236	130	104	101	181	211	166	145
333	2	091	134	181	241	103	147	097	129	189	248	087	158	108	225	143	154	090	148	194	252	175	146	144	083	124	183	142	260	148	127	155	148	180	106	172	085	165	085	167	228	130	098	095	181	205	144	145
333	2	093	134	187	253	103	147	103	143	189	254	089	162	115	229	143	158	090	150	194	254	175	156	156	083	132	183	148	262	150	129	155	150	192	106	172	089	173	087	167	228	130	102	103	181	205	166	149
334	2	089	134	187	241	103	141	103	129	189	238	089	160	108	229	143	156	090	148	190	250	173	152	144	083	124	175	142	262	148	127	151	146	180	106	170	083	161	081	161	228	130	104	101	181	205	142	145
334	2	091	134	187	269	103	145	103	129	191	254	089	160	115	229	143	156	090	150	202	252	173	156	154	083	132	183	150	262	150	129	155	150	180	110	172	089	173	085	167	238	130	104	103	181	211	168	145
335	2	089	136	185	241	103	145	103	141	189	238	087	160	113	225	147	154	090	140	190	252	167	156	144	083	124	175	142	260	146	123	155	146	184	106	172	083	161	085	161	236	130	098	103	181	205	142	149
335	2	089	136	191	253	103	145	103	143	191	248	087	160	115	231	147	156	090	146	194	252	173	156	144	083	132	175	142	262	146	129	155	150	192	106	172	085	161	091	167	238	130	104	103	181	207	166	149
336	2	089	134	185	241	103	135	093	129	191	238	087	162	113	225	143	156	090	146	194	246	175	152	144	083	132	175	142	262	148	129	151	146	180	106	170	089	173	085	167	228	118	102	095	181	205	166	145
336	2	091	136	187	253	103	147	097	129	191	254	087	162	113	229	143	160	090	150	194	252	177	158	160	083	132	183	148	262	150	129	155	150	180	106	172	089	173	087	167	236	130	102	103	189	211	166	145
337	2	089	136	185	241	103	135	103	129	189	232	087	160	108	229	143	154	090	140	190	252	175	152	144	083	124	175	142	260	148	129	155	150	180	096	172	085	161	085	167	236	130	102	095	181	205	142	145
337	2	089	138	185	247	103	145	103	141	191	248	089	162	108	229	143	156	090	146	194	254	175	152	144	083	132	183	142	262	150	129	155	150	180	110	176	085	161	085	167	238	130	104	101	191	205	166	149
673	2	089	134	185	247	103	135	103	141	191	238	087	160	113	229	143	156	090	146	188	252	163	152	144	083	124	175	142	256	148	129	151	150	180	106	170	089	173	085	167	236	130	102	095	181	205	166	145
673	2	089	136	185	253	103	135	103	141	195	238	089	160	115	231	143	156	090	150	190	252	163	156	144	083	132	181	150	262	150	129	151	150	180	106	172	089	173	087	167	240	130	102	103	181	207	166	149
674	2	089	134	185	253	101	141	097	129	189	238	087	162	113	231	143	158	090	140	190	252	177	152	144	083	124	183	142	260	148	129	155	150	180	106	170	089	173	085	167	236	130	098	095	181	205	142	145
674	2	091	138	191	253	103	145	103	129	191	254	091	162	113	231	147	160	090	150	194	252	177	156	160	083	132	183	150	262	150	129	155	150	198	106	172	089	173	085	167	240	130	102	103	181	211	168	149
675	2	089	136	185	247	103	135	091	129	189	232	087	160	115	231	143	154	090	140	194	250	163	146	144	083	124	165	142	262	140	129	151	146	180	106	170	089	161	081	167	236	118	104	103	181	207	166	145
675	2	091	138	187	253	103	147	103	141	191	254	089	160	115	231	143	156	102	150	202	252	177	162	154	083	124	183	150	262	146	129	155	150	180	106	172	089	173	085	167	240	130	104	103	181	215	166	153
676	2	089	134	185	247	103	141	103	129	191	232	087	160	113	229	143	156	090	140	188	252	173	152	144	083	124	181	142	260	150	129	151	150	180	106	172	089	165	085	167	240	130	104	095	181	205	158	145
676	2	091	134	185	253	103	145	103	129	195	238	089	162	115	231	147	158	090	150	202	252	177	162	144	083	124	183	150	262	150	129	151	150	192	106	174	089	173	085	167	240	130	104	101	181	211	168	149
677	2	089	134	187	253	103	141	097	129	191	232	087	160	108	225	133	156	090	127	190	252	163	146	144	083	124	175	142	260	146	129	155	146	180	108	170	085	161	085	167	228	130	102	095	181	205	142	145
677	2	091	136	191	269	103	145	103	141	191	254	089	160	113	225	143	156	090	148	194	252	173	152	160	083	132	183	142	262	150	129	155	150	180	108	172	089	173	091	167	240	130	102	101	181	207	144	145
678	2	089	136	185	253	103	135	097	129	189	232	087	160	113	227	133	154	090	150	188	246	163	152	144	083	124	175	142	260	146	123	155	146	180	106	172	083	161	085	167	236	118	102	101	181	207	158	149
678	2	089	138	191	253	103	147	097	143	191	232	089	160	113	231	143	156	102	150	202	252	167	156	154	083	132	183	150	262	150	125	155	150	192	108	172	083	165	089	167	236	118	102	103	181	215	168	149
679	2	089	134	187	247	103	135	091	129	189	232	089	160	113	225	143	154	090	127	194	250	165	156	144	083	124	175	142	256	148	129	155	146	192	096	170	085	161	091	167	240	130	102	095	181	207	142	145
679	2	089	136	191	253	103	135	097	149	191	232	091	161	115	231	143	156	102	148	202	252	167	156	160	083	132	183	142	260	150	129	155	150	192	106	172	089	173	091	167	240	130	102	101	181	211	144	149
680	2	089	136	181	247	103	141	091	129	189	238	087	160	113	229	143	154	090	148	190	252	163	152	154	083	124	175	142	260	150	129	151	146	180	106	170	085	161	085	167	228	130	102	095	181	211	142	145
680	2	089	138	185	269	103	147	091	143	191	238	089	160	115	231	143	160	102	148	194	252	175	156	154	083	132	183	148	262	150	129	155	146	192	106	172	089	165	087	167	236	130	102	103	181	211	142	145
681	2	089	136	185	241	103	135	103	129	191	248	087	160	108	229	143	156	090	140	188	252	173	152	144	083	124	175	142	260	150	129	155	146	180	096	172	083	161	081	167	236	130	102	095	181	205	158	145
681	2	089	136	187	253	103	145	103	129	191	254	087	160	115	229	143	156	090	150	190	254	175	158	154	083	132	183	142	260	150	129	155	150	180	110	174	085	173	085	167	238	130	102	101	191	215	166	149
682	2	089	136	185	241	103	147	093	129	191	232	087	160	113	225	143	154	090	146	188	246	167	152	144	083	132	175	142	260	146	123	151	146	180	106	172	083	161	085	167	228	118	102	095	181	207	166	145
682	2	089	136	191	253	103	147	097	129	191	238	087	162	113	231	147	160	090	148	194	250	175	156	144	083	132	183	148	262	148	129	155	150	192	106	172	089	173	091	167	236	130	104	103	189	211	166	149
683	2	091	134	181	253	103	135	091	129	189	238	089	160	108	225	143	156	090	146	188	252	167	156	144	083	132	175	142	260	146	127	155	148	180	106	172	083	161	085	161	228	130	104	095	181	205	142	145
683	2	093	136	191	253	103	145	097	129	191	252	089	160	113	231	143	158	102	146	194	254	173	158	144	083	132	175	142	262	146	129	155	150	192	110	172	089	173	091	167	240	130	104	103	181	211	166	149
684	2	089	136	187	253	103	147	097	129	189	232	087	160	113	231	143	156	090	148	188	252	163	152	144	083	124	165	142	260	146	129	155	146	184	106	170	083	161	085	161	236	130	102	095	181	205	142	145
684	2	091	136	191	269	103	147	097	129	189	238	087	162	113	231	147	158	102	150	202	252	173	156	154	083	124	183	142	260	148	129	155	146	192	106	172	085	165	091	167	236	130	102	103	191	211	158	149
685	2	089	136	187	247	103	135	097	143	189	232	089	160	113	229	143	156	090	140	194	252	163	152	144	083	124	165	142	262	146	129	151	146	180	106	170	083	161	081	167	236	130	098	095	181	205	144	145
685	2	089	136	191	253	103	147	103	143	189	254	089	162	113	231	147	158	102	146	202	252	175	158	144	083	132	175	150	262	146	129	155	146	198	112	170	089	173	089	167	240	130	104	103	191	207	166	149
686	2	089	134	185	241	103	147	097	141	189	238	087	160	108	229	143	154	090	140	194	252	163	146	144	083	124	183	142	260	140	127	155	146	180	106	172	085	161	085	167	236	130	098	095	181	211	166	145
686	2	091	136	187	253	103	147	103	141	191	248	089	162	113	231	147	154	102	148	194	254	173	156	160	083	124	183	142	262	146	129	155	150	180	106	172	089	173	085	167	238	130	104	095	181	215	166	149
687	2	091	134	181	253	103	145	091	141	189	238	087	160	113	229	143	158	090	146	194	252	163	152	144	083	132	175	142	260	146	129	151	150	180	106	170	083	173	085	161	228	130	102	095	181	205	166	145
687	2	091	136	185	253	103	145	103	143	191	254	089	160	113	229	143	158	090	150	194	252	163	158	144	083	132	183	150	262	148	129	155	150	180	106	172	085	173	091	167	236	130	102	103	181	207	166	145
688	2	089	134	185	247	103	145	093	129	191	232	087	160	108	225	143	156	090	148	194	250	163	146	154	077	124	175	142	260	146	127	155	150	180	106	170	089	161	085	167	236	132	102	095	181	205	142	145
688	2	089	136	185	253	103	147	097	141	191	238	089	160	113	229	147	160	102	150	202	252	173	152	160	083	132	183	142	262	146	129	155	150	192	106	172	089	173	091	167	236	132	104	101	181	211	166	149
070	3	091	136	181	253	103	145	093	127	189	232	087	143	113	227	143	156	090	127	194	250	173	150	144	083	124	165	148	262	140	121	153	150	180	090	168	085	161	085	161	228	114	102	095	181	201	156	145
070	3	091	138	187	269	103	145	093	143	195	238	087	160	113	233	143	158	100	140	194	252	177	152	154	083	124	179	148	262	140	127	155	150	180	090	170	089	161	087	161	236	134	102	099	181	211	168	151
071	3	091	138	187	253	103	135	093	129	189	232	087	160	108	227	143	156	090	127	194	246	175	148	144	081	124	179	148	262	140	127	155	146	180	106	168	085	173	085	167	236	114	096	099	181	201	156	145
071	3	099	138	187	269	103	145	097	143	191	254	087	162	113	231	145	156	090	140	194	252	177	152	154	083	132	179	148	262	150	129	155	146	180	110	170	089	173	091	167	236	118	098	099	181	201	156	145
072	3	091	138	187	241	103	135	093	143	191	238	087	143	108	227	143	156	090	127	194	250	175	146	144	081	132	165	142	262	140	127	155	146	180	090	168	085	161	087	161	228	114	092	097	179	201	156	145
072	3	099	138	187	253	103	135	097	143	195	254	087	161	113	231	143	158	100	127	194	254	175	148	144	083	132	165	148	262	140	127	155	146	180	090	170	085	169	091	167	228	114	102	103	179	201	162	149
151	3	091	138	187	241	103	135	093	143	189	238	087	160	108	225	143	156	090	127	194	246	173	148	144	083	120	179	142	262	140	127	151	146	180	108	168	085	161	087	167	228	114	098	097	179	205	156	145
151	3	091	138	187	269	103	145	093	143	195	238	087	160	113	231	143	156	100	140	194	250	175	152	144	083	120	183	148	262	140	129	157	146	180	110	170	089	165	087	167	228	118	102	099	181	211	156	149
152	3	091	138	187	253	103	135	093	131	189	254	087	160	113	229	143	156	090	127	194	250	167	152	154	083	120	183	142	262	140	125	155	146	184	090	168	089	169	087	161	228	114	098	099	181	205	156	145
152	3	099	138	187	269	103	145	093	143	195	254	087	160	113	231	145	156	100	127	194	252	175	166	154	083	124	183	148	262	140	127	157	150	184	106	170	091	173	087	167	238	134	102	103	191	205	168	149
153	3	091	136	181	241	103	135	093	143	195	238	087	160	108	225	143	154	100	140	194	246	175	148	144	083	120	165	148	262	140	125	151	146	180	090	168	085	161	087	161	228	114	102	097	181	211	156	-9
153	3	091	138	187	253	103	135	093	143	195	254	087	160	113	225	143	156	100	140	194	252	177	152	144	083	124	183	148	262	140	129	155	150	180	108	170	089	165	087	167	228	118	102	099	191	211	156	-9
788	3	091	138	187	253	103	135	-9	129	191	238	087	143	108	225	143	154	090	127	194	250	175	150	144	081	122	179	142	260	140	127	151	146	180	106	170	085	161	087	167	236	114	096	095	179	201	162	-9
788	3	093	138	187	253	103	135	-9	143	195	254	087	161	115	233	145	158	100	138	194	254	175	152	144	083	124	179	148	262	150	127	153	146	184	110	170	085	169	091	167	236	118	102	103	191	201	166	-9
789	3	091	138	187	253	103	135	093	129	191	232	087	143	108	227	143	154	090	127	194	250	175	152	144	081	122	165	148	260	140	127	151	146	180	106	170	085	161	085	167	236	114	102	095	181	201	166	-9
789	3	093	138	187	253	103	145	093	143	191	254	087	160	113	233	145	158	100	138	194	252	177	152	144	083	124	179	148	262	140	127	151	150	184	110	170	089	173	091	167	236	114	102	099	191	211	168	-9
790	3	091	136	181	253	103	135	093	143	189	232	087	160	113	227	143	154	090	127	194	250	167	152	154	081	120	165	142	262	140	127	155	150	180	090	170	085	161	087	161	228	134	098	099	181	205	156	145
790	3	091	138	187	253	103	145	093	143	191	254	087	160	113	231	145	156	090	127	194	252	177	166	154	083	120	183	148	262	140	127	155	150	184	090	170	091	169	087	167	228	134	102	103	191	211	168	149
010	4	089	136	187	253	103	145	097	129	189	238	087	158	108	229	143	160	088	127	188	252	159	146	154	081	124	183	142	262	146	129	155	150	180	112	170	089	161	085	161	240	130	104	099	191	205	158	145
010	4	091	140	187	253	103	145	103	143	191	250	089	160	113	229	145	160	090	140	194	252	173	158	154	081	132	183	142	262	150	131	155	150	180	112	172	089	165	091	167	240	132	104	099	191	205	158	153
024	4	089	132	175	245	103	135	097	141	189	232	087	158	108	229	143	158	090	148	188	252	175	146	154	081	124	165	142	260	140	123	155	148	180	090	170	083	168	087	167	228	132	102	095	181	205	164	149
024	4	089	138	181	269	103	145	103	141	191	238	087	158	113	229	143	158	102	150	188	252	177	152	156	083	124	183	142	262	150	131	159	150	196	108	170	083	173	087	167	228	134	104	101	181	205	168	149
051	4	089	136	179	247	103	135	093	129	189	232	087	154	115	231	143	156	090	140	194	252	173	152	158	081	124	175	142	262	146	127	155	146	180	110	170	081	161	087	161	228	128	096	101	181	205	142	149
051	4	089	138	187	253	105	145	103	143	195	238	089	162	115	231	143	158	100	148	194	252	175	162	160	083	124	183	148	262	148	131	155	146	184	112	172	089	173	089	167	238	130	102	101	191	205	158	151
090	4	089	134	179	249	103	141	097	129	189	238	087	162	115	229	143	156	090	127	194	246	173	158	154	083	122	175	142	260	150	127	155	150	180	106	172	081	161	085	167	238	130	102	101	183	205	142	149
090	4	093	136	179	253	105	145	103	143	191	238	087	170	115	233	143	158	100	150	194	252	177	162	154	083	124	183	150	262	150	129	157	150	184	112	176	089	161	089	167	238	130	102	103	191	211	156	151
102	4	091	132	179	253	103	141	093	129	191	232	087	147	115	227	143	158	088	142	190	252	173	152	144	083	124	175	142	260	150	129	155	150	180	112	170	081	161	089	167	228	128	104	101	181	201	142	145
102	4	091	138	187	253	103	145	103	133	191	238	089	158	115	229	143	158	102	150	194	252	173	166	154	085	124	175	150	260	150	131	157	154	180	112	172	089	165	091	167	238	134	104	103	191	207	142	153
111	4	089	136	179	247	103	145	085	129	189	232	089	154	115	227	143	158	090	127	188	252	173	146	154	081	124	165	142	260	140	125	155	150	180	106	168	083	173	085	167	228	130	092	095	191	207	142	149
111	4	091	136	179	269	103	145	089	129	191	238	089	162	115	229	143	158	090	142	188	252	177	166	160	083	124	183	148	262	146	125	157	150	184	112	170	089	173	089	167	240	130	092	103	191	211	168	149
113	4	089	134	179	253	105	135	093	129	189	238	087	147	113	229	143	156	090	140	194	252	177	152	154	081	124	165	142	260	146	125	155	146	184	108	170	089	165	085	167	228	118	092	101	181	205	158	153
113	4	089	138	185	269	105	141	103	143	189	238	087	160	113	231	143	160	100	140	194	252	177	166	156	083	132	183	142	262	150	129	157	150	184	112	170	089	165	089	167	238	130	104	103	181	205	168	153
138	4	089	136	175	241	103	145	093	129	191	238	087	160	113	225	143	154	090	138	188	252	173	146	154	081	124	181	142	262	150	123	151	150	180	106	172	089	161	085	167	238	130	104	095	179	205	144	145
138	4	091	136	181	253	105	145	097	129	195	254	087	162	115	233	143	156	090	140	194	252	177	152	156	083	124	183	148	262	150	125	157	150	180	112	174	089	173	091	167	238	132	104	095	191	211	166	145
150	4	089	136	175	253	103	145	093	129	189	238	087	147	115	227	143	158	090	140	194	250	173	146	144	081	122	165	142	260	140	123	159	146	190	106	172	089	161	087	167	228	132	102	095	181	205	144	151
150	4	089	138	187	271	103	145	103	143	195	238	087	162	115	229	143	158	090	146	194	252	175	146	156	083	124	175	150	262	150	127	159	150	192	112	174	089	173	091	167	238	134	102	101	191	211	144	153
173	4	091	138	181	239	103	145	-9	129	189	238	087	149	113	225	143	156	090	140	194	250	167	146	154	083	122	165	142	262	140	129	155	146	184	108	166	089	165	081	167	228	130	102	095	181	205	158	145
173	4	091	140	187	253	103	145	-9	129	189	238	089	162	115	229	145	160	102	140	194	252	175	156	154	083	124	183	148	262	146	129	155	154	196	112	170	089	173	087	167	228	134	104	099	181	205	170	151
174	4	091	136	187	253	103	135	091	129	189	232	087	158	108	229	143	156	090	140	194	246	165	152	154	083	124	181	142	256	146	125	155	146	184	108	168	089	161	085	167	228	130	-9	099	181	201	142	145
174	4	091	140	187	253	103	145	103	129	191	232	087	162	108	231	147	158	100	142	194	250	177	152	154	083	124	183	148	262	150	125	159	150	196	112	170	089	165	089	167	238	132	-9	099	191	215	158	153
175	4	089	136	179	253	103	145	089	127	189	232	087	147	113	225	143	158	090	127	194	246	167	152	154	083	122	165	142	256	146	123	155	146	180	112	174	083	173	089	167	236	130	092	097	179	205	158	149
175	4	091	138	181	253	103	145	091	143	189	238	087	162	113	229	147	158	090	140	200	254	175	166	158	085	124	183	142	256	150	125	155	150	180	112	176	095	173	089	167	236	130	102	101	191	207	164	151
176	4	089	136	187	247	103	141	083	129	189	232	087	160	113	225	143	158	090	127	194	248	165	152	144	077	124	165	142	260	140	125	155	146	180	112	176	089	161	089	161	228	130	098	095	177	205	142	145
176	4	091	138	187	271	103	145	103	129	191	232	089	160	115	227	143	160	090	140	200	252	167	166	154	081	132	181	148	262	146	129	155	150	196	112	186	089	173	089	167	236	130	102	103	181	215	168	145
177	4	089	136	181	253	103	135	103	129	189	238	087	158	108	225	143	158	090	140	188	246	173	152	154	085	122	183	142	260	140	125	159	146	184	106	168	089	161	089	167	238	128	102	095	181	205	142	151
177	4	091	136	181	253	103	147	103	143	195	238	089	161	115	229	143	158	090	140	192	252	177	166	158	085	124	183	148	262	146	125	159	154	192	108	170	089	173	091	167	238	132	102	099	191	205	142	153
180	4	089	136	179	253	103	145	085	129	189	232	087	147	108	229	143	156	090	127	188	246	175	152	154	083	124	175	142	262	146	125	155	146	180	110	166	085	165	089	161	238	130	102	101	181	205	142	145
180	4	093	136	187	253	103	145	089	143	189	252	089	162	113	231	143	158	090	148	188	252	177	162	154	083	124	183	148	262	150	129	155	150	180	112	170	089	165	091	167	238	134	104	101	181	215	168	151
184	4	089	136	179	253	103	141	083	143	189	238	087	158	108	229	143	156	090	138	194	252	167	146	154	081	124	165	142	260	140	123	151	146	180	110	172	089	161	085	167	228	118	104	099	181	211	162	149
184	4	091	138	181	269	103	145	089	149	195	252	087	158	115	229	143	158	102	146	200	252	175	152	156	083	124	183	150	262	140	129	155	150	184	112	176	089	173	089	167	240	130	104	103	181	211	164	151
195	4	091	136	187	253	103	145	097	129	191	238	087	158	108	229	143	156	090	140	188	252	159	146	154	081	120	165	142	260	146	129	155	146	184	110	170	083	173	081	161	228	130	102	099	181	205	142	153
195	4	091	140	187	253	105	145	105	129	191	238	089	170	115	229	143	160	090	146	194	252	163	162	154	083	132	183	148	262	150	129	159	150	192	112	172	085	173	085	165	236	130	104	103	181	205	158	153
198	4	091	136	175	247	103	135	093	129	189	232	087	162	115	229	143	158	088	138	188	252	167	158	154	081	132	165	142	260	150	125	153	150	184	106	170	081	161	089	167	228	114	104	095	181	201	158	149
198	4	093	136	187	253	103	145	103	141	189	238	089	162	115	229	143	158	090	140	194	252	167	162	156	083	132	183	150	262	150	129	155	150	198	106	172	083	165	089	167	238	132	104	101	191	211	158	149
203	4	089	134	187	241	103	141	093	129	189	232	087	147	113	225	143	154	090	140	194	252	159	152	154	081	124	175	142	260	150	125	155	148	180	112	170	089	155	085	161	228	114	098	095	191	205	142	145
203	4	093	138	187	241	103	145	097	129	195	238	087	170	115	229	143	158	090	148	194	252	167	152	154	081	124	183	148	262	152	129	155	150	192	112	174	089	173	091	167	236	130	104	103	191	211	142	153
211	4	089	136	187	253	102	145	097	129	189	232	087	160	115	227	143	158	090	127	194	252	167	152	144	081	132	181	142	260	146	129	153	150	184	108	170	089	161	085	167	228	130	102	095	181	207	168	145
211	4	089	138	191	253	103	145	097	129	191	238	089	162	115	229	143	158	102	140	194	252	177	152	160	083	132	183	150	262	150	129	159	150	196	108	174	089	161	091	177	236	130	102	101	191	207	168	149
220	4	089	136	179	241	103	141	093	129	189	238	087	161	115	227	143	158	090	148	188	252	167	162	154	081	124	179	142	260	150	125	155	146	184	106	172	089	161	081	167	228	128	104	103	181	205	142	145
220	4	091	138	185	271	103	141	103	143	189	238	089	162	115	231	143	158	090	150	194	252	173	164	154	083	132	179	148	262	150	129	159	146	192	112	178	089	173	081	167	228	130	104	103	191	205	142	145
233	4	089	138	187	247	103	145	097	129	191	232	087	149	115	225	143	156	090	127	188	252	173	146	154	083	124	183	142	256	150	129	155	146	180	108	166	085	165	081	161	238	130	098	099	181	205	142	145
233	4	089	138	191	253	103	147	097	129	191	238	087	162	115	229	143	158	090	140	190	252	175	152	154	083	124	183	142	262	150	129	159	150	180	112	170	091	173	089	167	238	134	104	103	183	215	162	153
331	4	089	138	179	269	103	135	089	143	189	238	087	162	113	231	143	154	090	140	194	252	159	146	144	083	124	183	142	258	140	125	153	150	192	106	176	081	161	089	167	228	128	104	099	191	211	142	145
331	4	089	138	187	269	103	135	103	149	191	238	087	162	113	231	143	154	090	142	194	254	173	158	158	083	132	183	148	262	146	129	155	150	196	112	178	083	169	091	167	238	130	104	103	191	211	158	153
349	4	089	134	179	253	103	135	091	143	191	238	087	158	113	229	143	158	088	127	194	246	177	158	144	081	124	179	142	260	140	125	155	150	180	106	170	089	161	081	165	228	118	092	099	179	205	142	149
349	4	089	134	181	253	103	141	091	149	191	238	089	158	115	229	145	160	102	140	194	250	177	162	154	083	132	183	148	262	146	129	157	150	192	110	172	089	173	081	167	228	128	104	101	181	207	158	151
410	4	089	134	179	239	103	135	091	129	189	238	087	160	113	229	143	156	090	140	194	252	163	152	144	077	124	175	148	260	146	125	155	146	184	112	174	089	161	081	167	228	114	104	101	177	205	144	143
410	4	089	140	181	253	103	145	097	145	189	238	091	162	115	231	143	158	090	142	194	252	167	158	156	081	124	183	148	262	150	129	155	150	198	112	178	089	173	085	167	236	130	104	103	181	211	158	145
417	4	089	134	179	253	103	141	097	129	189	238	087	161	115	229	143	156	090	142	194	246	163	-9	154	081	124	175	142	260	150	129	155	150	180	106	168	083	161	089	161	238	130	098	099	181	205	142	151
417	4	089	136	187	253	105	145	103	143	189	238	087	161	115	229	143	158	090	142	194	248	167	-9	154	083	132	175	148	260	150	131	155	150	180	112	172	085	167	091	167	238	130	104	101	191	211	144	153
421	5	089	134	181	253	103	145	093	129	189	232	087	158	108	229	143	158	090	127	190	252	167	146	154	081	132	165	142	260	150	129	155	146	184	106	170	085	161	089	161	228	128	102	103	181	205	142	149
421	5	091	138	181	253	103	145	097	129	191	238	089	160	115	229	143	158	090	150	194	252	167	152	154	083	132	165	142	262	152	129	157	150	192	112	172	089	173	089	167	238	130	104	103	181	205	166	149
423	5	089	136	181	241	103	141	097	129	189	238	087	143	115	229	143	158	090	138	194	252	159	146	144	083	124	165	142	260	140	125	155	150	180	106	174	089	161	081	161	238	134	092	097	179	205	168	145
423	5	091	136	187	253	103	141	105	129	191	238	087	147	115	229	143	158	102	148	194	252	177	158	154	085	124	179	142	262	146	129	159	150	192	110	174	089	173	089	167	238	134	104	103	181	205	168	151
424	5	089	136	179	241	103	141	091	143	191	238	089	161	113	225	143	158	090	140	194	252	175	146	154	083	124	175	142	260	146	125	155	150	184	112	170	089	161	089	167	228	130	096	101	179	205	158	151
424	5	089	136	181	241	103	145	097	149	195	252	089	162	115	231	145	158	102	142	194	252	175	152	154	085	124	181	142	262	150	129	155	150	192	112	170	095	165	091	167	238	132	102	101	181	211	164	153
433	5	089	138	179	247	103	135	083	129	189	238	091	158	115	227	143	156	090	140	194	252	173	146	154	083	124	165	142	260	150	129	155	146	192	106	170	089	165	085	161	238	118	104	101	181	215	142	149
433	5	089	138	187	253	103	145	103	129	191	252	091	162	115	229	143	158	090	146	200	252	173	150	154	085	132	175	148	262	150	129	159	146	198	106	172	089	173	089	167	240	130	104	101	181	215	158	153
462	5	089	134	181	247	103	135	089	129	189	232	087	158	113	229	143	158	090	140	194	252	165	146	144	083	124	165	142	260	140	123	155	150	180	106	170	089	161	089	167	236	130	104	095	181	205	166	145
462	5	091	138	187	253	105	141	103	143	189	238	087	158	115	229	143	158	102	150	194	252	177	158	154	083	124	175	142	262	146	125	159	154	184	106	174	089	165	089	167	238	132	104	101	181	207	168	151
463	5	089	136	181	269	103	141	089	129	189	232	087	158	108	229	143	158	090	148	194	252	165	152	154	081	132	175	142	262	146	125	155	146	184	108	168	085	161	081	161	228	128	096	095	181	211	142	149
463	5	091	138	187	271	103	145	097	149	191	238	091	170	115	229	145	160	090	148	200	252	177	158	154	085	132	183	150	262	150	125	155	146	192	112	172	089	169	089	167	236	130	102	101	181	211	158	151
467	5	089	140	175	269	103	145	093	129	195	238	087	160	115	227	143	154	090	140	190	252	173	146	154	083	124	175	142	260	146	123	153	150	180	110	166	089	161	085	161	228	130	102	095	181	201	142	149
467	5	089	142	181	269	103	145	103	149	195	252	087	162	115	229	143	156	102	140	194	252	175	152	160	083	124	175	148	262	150	129	155	150	192	112	172	089	165	089	167	236	130	104	103	181	205	142	153
468	5	089	134	181	253	103	141	089	129	189	238	087	149	115	227	143	158	088	140	190	252	165	146	154	081	124	183	142	262	140	123	155	146	184	090	170	085	161	089	161	228	128	104	099	181	211	142	151
468	5	091	138	181	253	103	141	093	149	191	238	087	162	115	229	143	160	090	142	200	252	177	152	154	083	132	183	142	262	148	127	157	148	192	112	172	089	173	089	167	228	130	104	101	191	215	158	153
469	5	089	138	181	253	103	135	083	141	189	238	087	158	115	227	143	156	090	142	194	252	173	146	154	081	132	175	142	260	150	125	155	150	196	106	174	089	173	089	167	228	128	096	095	177	205	166	149
469	5	089	138	187	269	105	135	085	143	191	238	087	161	115	229	145	158	102	142	194	252	177	152	154	083	132	179	150	262	150	129	159	154	196	112	174	089	173	089	167	238	128	104	103	181	207	166	149
472	5	089	134	181	253	103	141	093	129	189	238	087	158	108	225	143	158	090	127	194	244	163	142	154	083	124	165	142	260	150	123	155	146	180	106	168	083	165	087	167	238	128	098	095	181	205	142	145
472	5	089	136	187	269	104	141	103	129	191	252	087	160	109	229	143	158	090	127	200	252	177	152	156	083	132	179	142	262	150	125	157	150	184	108	172	089	173	091	167	240	130	104	103	191	205	168	149
473	5	089	134	179	253	103	141	097	129	189	238	085	160	115	229	143	158	088	140	190	246	177	146	154	083	124	183	142	260	146	127	155	146	180	110	170	085	169	081	167	228	130	104	099	179	205	142	149
473	5	089	136	185	269	103	145	103	133	191	252	087	162	115	229	143	158	102	150	200	252	177	152	154	083	124	183	142	262	146	127	157	148	180	112	174	089	173	091	167	228	130	104	103	191	205	158	149
474	5	089	134	179	241	103	141	093	129	189	238	087	160	113	229	143	156	102	146	194	252	173	146	154	077	124	175	142	260	150	129	157	150	192	106	172	089	161	085	167	228	118	102	095	181	201	142	149
474	5	091	138	187	253	103	141	103	129	189	238	087	162	115	229	143	160	102	148	200	252	177	152	160	083	124	183	150	262	150	129	159	150	192	110	174	089	173	089	167	240	130	104	101	191	205	158	153
475	5	091	138	179	253	103	135	091	129	189	238	087	158	108	229	143	158	090	127	194	246	173	146	144	081	124	183	142	260	150	127	155	150	180	112	172	081	161	089	161	228	130	098	103	181	205	142	149
475	5	091	138	181	253	105	141	103	143	189	238	087	162	113	229	147	158	090	140	200	252	177	152	154	081	132	183	150	262	152	129	159	150	184	112	174	083	165	089	161	238	132	102	103	191	211	142	149
476	5	091	134	179	241	103	135	089	129	189	238	087	160	113	225	143	158	090	148	194	252	177	152	154	081	122	165	142	260	140	127	153	150	180	106	172	089	161	085	167	228	130	104	101	181	205	142	-9
476	5	091	138	187	269	103	141	093	129	189	238	087	160	113	229	143	160	102	148	200	252	177	152	160	083	124	175	150	262	150	129	159	150	192	112	172	089	173	087	167	236	130	104	103	191	211	158	-9
477	5	089	132	179	253	103	135	083	143	189	232	087	143	113	231	143	158	090	127	188	250	175	146	154	081	124	175	142	260	146	123	155	146	180	106	172	089	159	081	161	228	128	102	095	181	205	142	145
477	5	091	138	179	253	104	141	097	149	191	238	087	162	113	233	143	158	102	150	200	252	177	150	156	083	132	175	150	262	150	129	155	150	192	106	176	089	167	089	167	238	130	102	095	181	211	166	149
478	5	089	132	179	241	103	135	103	129	189	238	087	158	108	227	143	154	090	127	188	252	173	150	154	083	124	165	142	260	146	123	155	150	180	108	172	089	165	081	167	228	130	092	103	181	205	142	149
478	5	093	140	181	253	103	145	103	133	195	238	089	158	113	227	143	158	102	142	190	252	173	162	154	083	136	183	148	260	150	129	155	150	184	112	176	089	165	091	167	228	134	102	103	181	207	142	151
479	5	089	136	175	241	103	141	093	129	189	232	087	160	115	225	143	158	090	127	188	252	173	146	154	077	124	179	142	260	150	125	155	150	180	106	170	081	161	085	167	228	128	102	095	181	207	142	145
479	5	091	138	179	253	103	145	093	129	189	238	089	162	115	227	143	158	090	146	200	254	173	152	154	081	124	183	148	262	150	129	159	150	190	110	174	081	169	089	167	238	128	104	099	181	211	144	149
480	5	089	134	179	241	103	145	091	129	189	238	087	149	113	229	143	156	090	127	190	246	173	152	144	081	124	165	142	260	150	129	155	146	180	112	172	089	165	089	161	238	130	098	099	181	205	142	149
480	5	091	138	181	253	103	145	103	143	189	238	087	162	115	229	143	158	090	148	194	252	177	152	154	083	132	165	142	260	150	129	159	146	184	112	174	089	165	089	167	238	132	104	101	193	207	142	153
481	5	089	138	179	241	103	145	093	129	191	238	087	160	108	229	143	158	102	140	190	246	167	152	154	081	120	179	142	256	146	125	155	146	180	108	168	085	165	085	161	228	130	104	095	181	205	142	147
481	5	091	138	187	253	103	145	103	143	191	252	089	162	115	229	143	158	102	146	194	252	173	152	154	081	122	179	150	262	150	129	155	146	180	110	174	089	165	091	167	238	132	104	099	181	215	162	151
482	5	089	134	185	253	103	145	097	129	189	232	087	160	108	229	133	156	088	140	188	252	167	146	154	081	132	165	142	260	146	125	153	146	180	106	170	081	165	089	161	238	128	102	101	181	205	142	151
482	5	091	138	187	269	103	145	103	129	189	232	087	160	115	231	143	156	090	140	188	252	177	164	154	083	132	175	142	262	148	129	153	150	184	112	172	083	169	091	167	240	130	102	103	181	205	164	153
489	5	089	134	181	241	103	141	083	129	189	232	087	161	108	229	143	154	090	140	188	252	173	146	144	083	122	165	142	260	140	125	153	146	184	106	170	085	161	089	161	238	130	104	099	181	205	144	149
489	5	091	136	181	247	103	145	097	149	191	238	089	170	115	229	147	158	090	148	194	252	177	152	154	083	124	175	148	262	148	127	155	150	196	112	174	089	173	089	161	240	134	104	103	181	205	168	151
490	5	089	134	181	241	103	141	085	129	189	232	087	160	108	229	143	156	090	127	194	252	167	152	156	083	124	165	142	262	146	129	157	146	184	108	170	089	161	085	161	228	130	096	101	181	201	164	149
490	5	091	136	187	253	103	145	103	129	191	238	087	160	115	229	143	158	090	142	194	252	173	152	156	085	132	183	148	262	150	129	159	150	192	112	176	089	161	089	167	238	132	098	101	181	211	168	151
491	5	089	134	187	253	103	145	093	143	189	232	087	158	108	225	143	156	090	140	194	252	163	146	154	081	124	183	142	262	146	121	151	146	180	106	170	081	161	085	167	228	128	104	103	181	201	142	149
491	5	091	134	191	269	103	145	103	143	191	236	087	160	115	229	143	158	090	148	194	252	167	152	154	083	132	183	142	262	150	125	157	150	192	112	172	089	173	089	167	240	130	104	103	191	205	166	151
492	5	091	134	187	253	103	135	089	129	189	238	087	158	113	229	143	158	090	142	194	252	173	152	154	083	122	175	142	256	140	129	157	146	180	106	172	089	161	087	167	228	128	102	101	181	205	142	151
492	5	091	138	187	269	103	147	089	129	189	238	087	160	113	229	143	160	102	148	200	252	177	152	160	083	124	183	142	260	150	131	159	150	180	110	174	089	173	089	167	236	130	104	103	191	211	158	151
493	5	089	138	179	253	103	141	093	129	189	238	087	160	113	227	143	158	102	127	194	252	175	146	154	083	124	175	142	260	140	129	155	150	180	106	172	089	165	087	161	228	130	102	101	181	205	142	153
493	5	091	140	187	253	105	145	093	143	189	238	087	162	115	229	143	158	102	146	194	252	175	152	154	083	132	179	142	262	150	131	155	150	192	108	172	095	165	091	167	240	130	102	103	191	215	158	153
494	5	089	134	175	247	103	145	093	129	189	232	087	158	115	229	143	154	090	127	188	252	173	146	144	081	124	175	142	260	148	127	155	150	184	106	170	089	161	087	161	238	130	104	099	181	211	142	149
494	5	091	142	187	253	103	145	103	143	189	252	087	162	115	229	145	156	100	142	188	252	175	152	156	083	132	183	148	262	150	129	157	150	192	106	172	089	173	089	167	240	134	104	101	181	215	166	153
498	5	089	134	181	253	103	141	093	129	189	232	087	161	108	227	143	158	088	140	200	250	163	152	156	081	124	179	142	260	146	129	155	146	180	106	174	089	161	089	161	228	118	098	101	179	201	168	145
498	5	091	138	187	253	103	145	103	129	189	238	087	162	113	229	143	158	090	142	200	252	167	152	160	083	124	183	142	262	150	129	157	150	196	110	176	089	177	089	167	238	130	104	103	181	215	168	147
499	5	089	138	179	253	103	145	103	129	189	232	087	158	108	231	143	156	090	127	190	252	167	152	154	083	124	165	142	256	140	125	155	148	180	108	170	083	155	085	161	238	130	092	095	191	205	142	151
499	5	091	138	181	253	103	145	103	149	191	238	087	162	113	231	147	158	090	148	194	252	167	152	160	083	124	175	148	260	146	129	157	150	196	110	178	089	173	087	161	238	130	104	103	191	211	164	153
709	5	089	136	179	241	103	141	083	143	189	238	087	161	108	225	143	156	090	138	194	252	177	152	144	077	120	175	142	262	140	125	155	146	180	110	172	089	169	087	167	228	118	098	103	181	205	166	149
709	5	091	140	187	253	104	147	089	143	191	252	087	161	113	231	147	156	090	140	194	252	177	158	156	081	124	183	142	262	150	129	157	150	184	112	174	089	173	089	167	228	130	104	103	191	211	166	149
710	5	089	138	181	253	103	135	093	129	191	238	087	143	113	229	143	154	088	142	194	252	173	142	154	081	122	183	142	262	150	123	155	150	180	106	172	085	165	089	-9	228	118	104	103	177	205	142	-9
710	5	091	138	187	253	104	135	105	143	191	238	087	143	115	229	143	158	090	146	194	252	173	142	154	081	132	183	142	262	150	125	155	150	192	112	174	089	165	089	-9	240	128	104	103	181	211	142	-9
711	5	089	134	187	253	103	145	093	129	191	238	087	162	113	227	143	154	090	127	190	252	167	152	154	081	124	175	142	256	148	125	155	150	196	108	170	085	165	089	167	228	130	098	099	181	205	142	-9
711	5	091	136	187	253	104	145	103	143	195	238	089	162	115	233	143	158	090	140	194	252	167	166	154	081	132	183	148	260	150	129	157	154	198	110	174	085	169	091	167	240	130	098	103	191	211	158	-9
712	5	089	136	175	247	103	145	-9	129	189	238	087	158	113	229	143	156	090	142	194	252	167	152	156	081	124	165	142	262	146	123	155	146	180	106	170	085	161	089	167	228	130	092	101	181	205	142	-9
712	5	091	136	179	253	103	145	-9	143	189	238	087	162	115	229	143	156	090	142	194	252	173	152	156	083	124	165	142	262	150	129	155	150	180	112	174	089	165	091	167	228	130	092	101	191	211	170	-9
713	5	089	134	181	241	103	135	093	129	189	248	087	154	113	227	143	154	088	142	188	252	159	152	154	081	124	165	142	256	140	127	157	146	180	108	172	085	155	081	167	228	130	096	101	181	205	142	145
713	5	089	136	187	271	103	141	097	143	191	252	091	160	115	231	143	160	090	148	194	252	167	152	156	081	132	179	142	256	150	129	159	148	192	112	178	089	173	091	167	240	130	098	103	191	207	168	149
714	5	089	134	181	241	103	141	-9	129	189	238	087	160	113	227	143	158	090	127	194	252	167	146	144	081	124	165	142	262	140	123	153	146	180	110	166	083	161	081	167	228	128	104	101	181	201	142	153
714	5	091	138	187	253	103	141	-9	129	189	238	087	162	113	227	145	158	090	140	200	252	173	152	154	081	132	179	142	262	146	127	155	146	184	112	172	089	165	089	167	228	130	104	103	181	215	158	153
715	5	089	136	181	253	-9	145	093	129	191	232	087	160	113	227	143	158	090	140	190	252	173	152	154	-9	124	165	138	260	150	123	155	146	180	106	170	085	169	085	167	228	118	102	095	181	205	142	145
715	5	089	138	187	269	-9	145	103	129	195	238	087	162	115	229	143	158	090	150	194	252	175	152	156	-9	124	183	142	262	150	129	155	150	196	106	172	095	169	087	167	240	130	104	103	181	211	142	153
716	5	089	134	179	253	103	145	089	129	189	238	087	162	113	227	143	158	090	140	194	252	173	146	144	081	124	165	142	260	140	123	155	150	180	106	174	083	165	089	161	238	130	102	103	177	201	142	153
716	5	089	138	185	269	103	145	093	129	189	238	089	170	115	229	143	160	090	146	200	254	177	152	144	085	124	175	148	260	150	129	157	150	190	112	174	089	169	091	167	238	132	102	103	181	205	168	153
717	5	091	134	185	253	103	135	093	143	191	232	087	160	113	227	145	156	090	142	188	252	167	146	-9	083	132	175	142	260	146	123	155	150	180	108	178	089	161	081	167	228	130	092	101	191	205	142	151
717	5	093	138	187	269	103	145	103	143	191	238	087	170	115	227	147	160	090	150	194	252	177	158	-9	083	132	183	142	260	146	129	159	150	180	112	178	089	169	089	167	228	132	104	103	191	205	142	151
718	5	091	134	175	253	103	141	083	129	189	232	087	143	113	229	-9	160	090	127	194	252	173	146	154	077	124	181	142	260	150	123	159	146	184	106	174	085	161	089	167	228	128	092	101	181	205	144	-9
718	5	091	136	179	253	103	145	093	143	195	232	087	170	115	229	-9	160	090	127	194	252	175	158	154	081	132	183	142	262	150	125	159	150	196	112	176	085	173	091	167	238	130	104	103	181	215	158	-9
719	5	089	134	179	253	103	145	093	129	189	238	087	158	113	229	143	158	090	127	188	252	173	152	144	081	124	165	142	260	150	123	155	150	180	106	172	089	165	089	161	228	128	098	099	181	205	162	149
719	5	091	140	181	253	103	145	103	129	195	238	087	162	115	229	143	158	090	127	190	254	173	152	144	083	132	183	142	262	152	129	159	150	184	108	172	089	175	089	167	240	128	104	103	193	207	166	153
720	5	089	138	181	241	103	141	093	143	191	232	087	160	113	227	143	158	090	140	194	252	173	146	154	081	132	175	142	260	140	129	155	146	180	106	166	085	165	089	167	228	130	104	101	181	205	-9	149
720	5	089	138	185	253	103	141	103	143	195	232	089	170	115	229	147	158	102	150	194	252	177	158	160	083	132	175	142	262	150	131	159	150	180	112	172	095	173	089	167	228	134	104	101	193	205	-9	149
721	5	089	136	185	253	103	141	103	143	189	238	087	162	113	225	143	154	100	140	194	252	167	150	154	081	124	165	142	262	140	127	155	150	192	106	170	089	169	085	167	228	128	102	095	181	205	142	149
721	5	091	142	187	253	103	141	103	143	189	238	087	170	115	229	143	156	102	148	200	252	177	152	154	083	124	175	148	262	150	129	159	150	196	112	172	089	173	089	167	238	128	104	103	191	205	142	151
722	5	089	134	175	269	103	141	093	143	191	232	087	149	115	229	143	156	090	140	188	252	173	152	154	081	122	175	142	260	140	123	-9	150	180	106	166	085	161	089	167	228	130	104	095	181	207	142	-9
722	5	091	138	179	269	103	141	093	143	195	238	087	149	115	229	143	156	090	142	194	254	173	152	154	081	132	183	142	260	146	129	-9	152	180	112	174	089	161	089	167	228	130	104	101	181	207	142	-9
723	5	089	138	175	253	103	145	103	129	189	232	087	158	113	227	143	152	090	127	194	252	173	152	144	081	122	165	142	260	148	129	155	150	180	108	168	085	165	089	167	228	118	102	103	181	205	162	149
723	5	091	138	181	269	103	145	103	129	195	238	087	160	115	229	143	158	090	150	194	252	177	152	144	085	124	165	142	266	150	129	155	150	180	112	172	089	165	089	167	238	130	102	103	181	215	166	151
724	5	089	134	181	253	103	135	093	129	189	238	087	158	113	227	143	156	090	127	188	244	173	146	154	081	124	165	138	260	140	127	155	150	184	106	172	083	161	085	165	228	118	104	095	191	205	142	149
724	5	091	142	187	253	103	141	103	129	195	238	087	160	113	227	143	156	090	150	194	252	173	152	160	085	124	183	138	260	150	129	157	150	192	112	172	083	161	085	167	240	130	104	103	191	205	166	151
725	5	089	132	175	249	103	141	097	129	191	232	087	160	113	227	143	158	090	140	188	246	167	152	144	083	132	165	142	260	146	125	153	146	180	108	172	085	165	089	161	232	130	092	103	181	205	142	149
725	5	091	134	179	253	104	147	103	129	191	238	087	160	115	229	145	160	090	140	194	252	175	152	154	083	132	165	142	262	146	127	155	150	192	108	172	089	173	091	167	238	132	104	103	191	207	168	151
726	5	089	134	179	247	103	135	093	129	195	238	087	160	115	225	143	158	088	146	188	252	173	146	156	081	124	165	142	260	146	129	155	150	180	090	168	085	173	089	167	228	130	098	101	191	211	142	149
726	5	091	138	187	271	103	141	103	143	195	238	087	162	115	229	143	160	090	148	194	252	177	166	158	081	132	175	150	262	150	129	157	152	180	106	172	089	173	091	167	238	134	104	103	191	211	142	149
727	5	091	136	179	253	102	145	103	129	189	238	089	160	108	225	143	156	090	127	188	252	167	146	154	081	122	175	142	262	146	129	155	146	180	090	172	085	161	085	167	228	118	102	095	191	205	142	145
727	5	091	138	187	253	103	145	103	129	189	238	089	162	115	227	145	158	102	127	200	252	177	152	156	085	132	183	148	262	146	129	157	150	192	106	172	089	173	089	167	238	130	104	095	191	205	142	149
728	5	089	138	181	253	103	145	085	129	189	238	087	160	108	229	143	158	090	138	194	246	167	146	154	081	124	175	138	260	140	125	155	150	180	106	168	089	161	085	167	238	114	098	095	177	205	142	-9
728	5	089	138	187	253	103	145	103	143	191	250	089	160	113	229	145	158	102	142	194	252	175	166	160	083	132	175	148	262	146	127	155	150	180	106	178	091	165	089	167	240	118	102	101	191	215	142	-9
729	5	089	134	179	253	103	135	103	129	195	252	087	158	108	229	143	158	090	127	188	252	173	146	144	081	124	165	142	260	146	121	155	146	180	106	168	089	161	085	167	228	118	102	-9	177	-9	142	-9
729	5	089	134	181	271	104	135	103	129	195	252	089	158	110	231	143	158	102	142	194	252	175	146	154	085	132	175	142	262	146	129	157	146	196	112	172	089	173	089	167	238	130	104	-9	179	-9	162	-9
730	5	089	134	179	241	103	141	085	129	189	232	087	160	108	229	143	156	090	127	194	252	167	146	144	081	124	165	148	262	150	123	155	146	184	110	172	089	161	085	167	238	130	096	099	181	205	142	-9
730	5	091	136	181	253	103	145	103	129	195	232	087	160	115	229	143	156	090	127	194	252	175	152	156	085	124	165	148	262	150	129	159	150	198	112	172	089	169	089	167	238	132	102	101	181	211	168	-9
731	5	089	134	179	239	103	145	083	129	189	232	087	143	108	229	143	156	090	127	188	252	167	146	154	077	124	181	142	262	150	123	155	150	192	108	174	085	161	085	167	228	128	092	099	181	211	144	-9
731	5	089	136	181	271	105	145	093	143	191	238	087	158	115	229	143	160	090	146	188	252	173	152	154	083	132	181	150	262	150	129	159	150	196	112	176	085	161	089	167	228	134	092	103	191	215	162	-9
732	5	089	136	179	247	103	135	083	129	189	232	087	160	113	225	143	158	090	140	200	248	167	152	154	081	122	165	138	260	146	123	153	146	180	106	166	089	161	089	167	236	130	102	101	181	205	142	145
732	5	091	140	187	253	103	145	103	149	191	238	089	161	113	229	145	160	090	146	200	252	173	166	160	083	124	175	148	260	146	123	157	150	196	108	170	089	161	089	167	238	134	104	103	181	207	142	149
733	5	089	136	179	253	103	135	093	143	191	232	089	158	113	227	143	158	090	127	188	252	167	146	154	081	122	175	142	260	150	123	157	150	180	108	172	085	161	091	161	228	130	096	101	177	201	142	145
733	5	089	138	179	253	103	135	097	143	195	232	089	162	115	229	147	158	090	140	194	254	177	152	156	081	132	183	142	262	150	125	159	150	192	112	172	089	169	091	165	236	132	104	101	191	211	142	149
734	5	089	136	181	241	103	135	103	129	189	232	087	158	115	225	143	154	090	127	194	250	-9	158	144	083	132	165	142	262	146	129	157	146	180	112	168	089	161	091	167	238	130	092	095	181	201	142	145
734	5	089	138	185	269	103	145	103	141	189	238	087	161	115	227	145	158	090	140	202	252	-9	162	154	083	132	183	142	262	150	129	157	150	198	112	172	089	161	091	167	238	132	102	101	191	211	142	149
735	5	089	134	181	253	103	145	093	129	191	232	087	143	115	-9	143	156	090	127	188	246	173	146	154	083	124	165	142	260	150	127	157	146	192	096	176	081	165	081	167	238	130	102	103	191	207	142	-9
735	5	089	134	187	269	103	145	097	129	195	232	087	162	115	-9	143	160	090	142	194	246	177	146	156	083	124	175	142	262	150	129	157	150	192	110	178	085	165	089	167	238	130	104	103	191	211	166	-9
736	5	089	134	179	247	103	135	103	129	189	232	089	170	108	229	143	156	090	127	188	252	163	152	144	081	124	175	148	262	140	127	155	146	180	112	170	089	161	089	167	228	114	102	099	181	205	164	-9
736	5	091	136	187	253	103	145	103	129	189	238	091	170	113	231	145	158	090	127	200	252	173	162	154	085	124	183	148	262	150	129	157	150	192	112	172	089	161	091	167	240	130	104	103	181	205	168	-9
737	5	091	136	187	253	103	141	083	129	189	238	089	158	108	229	143	156	090	127	188	252	167	164	154	083	124	179	142	262	146	125	157	146	180	090	174	085	161	089	167	228	118	092	095	181	205	158	145
737	5	093	136	187	269	103	145	093	143	191	238	091	158	113	229	143	158	090	140	200	252	173	166	160	083	124	183	142	262	150	125	159	150	184	106	174	089	173	091	167	238	130	104	101	181	211	162	145
738	5	091	136	179	253	103	141	083	129	189	238	087	153	113	-9	143	158	090	127	194	252	175	146	144	077	124	165	142	260	146	125	155	150	180	106	174	085	161	089	167	240	130	098	101	181	205	162	145
738	5	091	136	179	269	107	145	097	143	189	238	089	158	115	-9	143	158	090	140	194	252	175	152	154	083	124	183	150	262	146	125	159	150	184	110	174	089	169	089	167	240	130	104	101	181	207	168	145
739	5	089	138	179	253	103	145	103	129	191	232	087	158	108	229	133	158	090	127	194	252	173	152	154	081	-9	-9	-9	-9	140	129	155	146	180	090	174	085	161	089	167	236	128	092	099	181	207	144	145
739	5	091	142	181	253	103	145	103	129	191	238	091	158	115	231	143	158	100	140	194	252	177	158	154	083	-9	-9	-9	-9	150	129	157	150	192	106	176	089	173	089	167	238	132	104	101	181	211	164	145
740	5	089	136	175	253	103	145	083	129	189	232	087	162	108	229	143	158	090	142	194	252	173	152	154	081	124	179	142	256	146	123	155	150	180	108	172	085	161	089	167	228	128	096	-9	181	205	162	-9
740	5	091	136	181	253	103	145	103	149	197	238	087	170	115	229	143	158	090	150	194	252	177	158	154	085	124	181	148	260	150	129	159	150	190	108	174	085	161	089	167	228	132	096	-9	181	205	166	-9
741	5	089	136	185	247	103	137	093	129	191	232	087	158	108	229	143	156	090	127	190	252	177	146	144	081	124	175	142	260	146	125	155	150	184	108	166	083	173	089	167	228	130	092	-9	181	205	142	145
741	5	091	136	187	269	103	141	093	129	195	238	089	162	115	229	147	158	090	142	194	252	177	146	160	083	124	183	142	262	150	129	157	150	196	108	174	085	173	091	167	228	132	104	-9	191	211	142	151
742	5	091	136	179	253	103	141	083	129	189	232	087	162	115	227	143	154	090	127	194	246	175	152	144	081	124	165	142	260	146	125	155	146	180	106	172	089	161	081	167	238	130	092	-9	191	205	158	-9
742	5	093	136	179	253	103	145	103	129	195	238	091	162	115	231	143	156	090	127	194	252	177	152	154	081	132	175	148	262	146	129	155	150	184	112	174	089	161	087	167	238	134	104	-9	191	207	164	-9
743	5	089	138	179	241	103	135	-9	129	189	238	087	161	108	227	143	158	090	148	188	252	167	152	144	083	124	165	142	256	146	123	155	146	180	112	170	089	165	089	167	228	130	092	101	181	211	142	149
743	5	089	138	185	253	103	145	-9	129	195	238	087	162	113	227	143	158	090	150	194	252	173	152	144	083	132	183	142	260	146	123	159	150	196	112	172	089	173	091	167	238	132	098	103	181	211	142	149
744	5	091	136	175	241	103	145	093	129	189	238	087	158	108	225	143	156	090	140	188	252	175	146	154	081	124	165	142	260	150	129	155	150	180	108	172	089	173	089	161	228	130	104	101	177	205	142	149
744	5	091	138	187	253	103	145	093	149	191	254	087	160	115	229	143	158	100	140	194	252	177	164	158	085	132	183	142	260	150	129	159	150	184	108	172	095	173	089	161	240	134	104	101	181	211	156	149
745	5	091	136	181	253	103	135	093	129	189	238	087	149	115	231	143	158	090	127	194	252	173	146	154	081	124	183	142	262	150	125	155	150	184	106	172	083	161	089	167	238	128	098	095	181	207	142	149
745	5	093	138	187	269	103	145	097	129	191	238	087	160	115	233	143	160	090	142	194	252	177	146	154	083	124	183	142	262	152	129	155	150	184	106	172	091	165	089	167	238	134	102	103	181	211	142	153
746	5	089	136	179	241	103	147	083	133	189	232	087	162	113	229	143	158	090	127	188	246	167	146	154	081	124	165	148	262	140	125	155	150	180	110	172	081	161	085	165	228	114	102	-9	181	205	166	147
746	5	091	136	187	241	103	147	091	143	195	238	089	162	115	229	143	158	090	140	194	254	177	152	154	081	124	181	150	262	152	129	159	150	198	112	178	089	173	091	167	238	130	104	-9	181	211	166	147
747	5	089	134	179	253	103	145	093	129	191	232	087	158	108	229	143	156	090	140	194	252	167	152	154	083	124	175	142	262	150	125	155	146	180	106	170	081	161	089	161	238	130	-9	095	181	205	142	143
747	5	089	136	187	253	103	145	103	143	191	254	087	162	108	229	143	158	102	146	194	254	173	152	154	083	124	183	142	262	150	127	155	150	192	112	172	089	165	089	167	240	130	-9	099	191	205	144	151
748	5	089	136	185	241	103	135	093	143	189	232	087	162	113	225	143	158	090	127	190	252	165	146	154	077	124	175	138	262	146	129	155	148	180	110	172	089	161	091	167	236	118	096	101	181	201	142	149
748	5	091	138	187	241	103	141	103	149	191	238	087	162	115	231	143	160	090	127	200	252	177	158	154	083	132	183	142	262	151	129	157	150	192	112	174	095	161	091	167	238	130	098	103	181	205	158	149
749	5	089	136	181	241	103	135	091	129	191	238	089	-9	115	225	145	154	088	140	194	252	175	146	144	081	132	165	138	262	146	125	151	146	180	108	170	083	161	085	167	228	132	096	101	181	205	162	149
749	5	091	138	187	269	103	141	097	143	195	252	089	-9	115	229	147	158	090	148	194	252	177	162	156	083	132	183	142	262	146	129	155	150	180	112	170	089	165	089	167	238	134	098	103	181	205	164	153
750	5	089	136	185	253	103	135	085	143	189	248	087	143	115	-9	143	156	090	127	188	252	173	146	156	081	122	165	142	260	150	125	155	150	180	112	170	085	165	089	161	228	130	098	099	181	205	158	-9
750	5	089	138	187	269	103	147	103	143	189	252	089	158	115	-9	143	158	102	140	188	252	173	152	156	083	124	185	148	262	150	129	157	150	184	112	172	089	173	089	167	228	132	102	099	191	205	168	-9
751	5	089	136	179	241	103	135	097	129	191	238	087	153	115	229	143	156	090	127	194	252	173	146	154	081	124	183	142	260	140	125	151	146	180	106	170	089	165	081	167	228	130	096	099	179	205	160	149
751	5	091	138	181	253	103	145	103	143	191	252	087	162	115	231	143	158	102	140	194	252	173	152	160	083	124	183	142	262	150	129	155	150	180	112	172	089	169	085	167	238	134	098	103	181	211	168	153
752	5	089	134	175	241	103	141	093	129	191	238	087	149	113	229	143	158	090	127	190	252	165	152	154	-9	124	175	142	260	146	127	155	150	180	090	174	085	161	081	167	224	128	104	099	181	205	142	149
752	5	089	142	181	269	103	141	097	149	191	238	087	162	115	229	143	158	102	140	200	252	167	152	160	-9	132	183	142	262	150	129	157	150	180	106	174	089	165	089	167	228	134	104	101	191	211	144	151
753	5	089	138	179	253	103	141	097	129	189	238	087	143	115	231	143	158	090	127	194	252	165	146	144	083	124	183	142	260	140	129	155	146	180	110	168	085	169	085	-9	228	130	104	-9	181	205	166	151
753	5	091	138	191	253	103	145	097	129	191	238	089	158	115	231	143	158	090	140	194	252	167	146	154	083	132	183	150	260	150	129	155	146	192	110	172	089	173	089	-9	228	130	104	-9	191	205	166	151
754	5	089	136	187	253	103	145	093	129	189	238	087	161	108	227	143	156	090	127	194	252	167	152	154	083	124	183	142	262	150	129	159	146	192	106	168	081	161	085	167	232	130	104	099	181	211	164	-9
754	5	091	136	187	253	103	147	097	129	191	252	087	161	108	229	143	158	090	142	194	252	173	152	156	085	124	183	150	262	150	129	159	146	192	106	170	089	161	089	167	232	130	104	101	191	211	164	-9
155	6	089	136	181	241	103	135	097	129	189	232	087	158	113	227	143	154	090	140	194	252	173	146	154	077	124	175	142	262	148	125	157	146	180	110	172	089	165	089	161	228	130	104	095	181	205	142	145
155	6	091	140	187	253	107	141	097	129	191	238	087	162	115	229	147	158	100	148	194	252	177	156	154	083	126	179	142	262	150	127	159	150	184	110	174	095	173	091	167	238	130	104	103	181	207	158	145
156	6	089	136	179	249	103	145	091	127	189	238	087	158	108	227	145	158	100	127	194	252	175	150	-9	081	124	181	142	260	146	125	155	146	180	090	172	089	165	089	167	236	114	098	099	181	205	142	145
156	6	089	136	181	253	103	145	103	129	191	238	087	158	113	227	147	160	100	140	194	252	175	152	-9	081	132	183	148	262	146	129	155	150	184	112	172	089	165	089	167	236	130	102	101	181	207	142	149
157	6	091	134	179	241	104	135	091	129	191	238	085	158	113	229	143	156	090	140	190	252	167	152	156	081	124	181	142	262	146	125	157	146	180	106	174	083	161	089	167	228	130	092	099	181	205	164	-9
157	6	091	138	185	253	104	135	103	129	191	252	087	162	115	229	143	156	090	150	194	252	167	152	156	085	132	183	150	262	150	129	157	146	184	112	174	089	161	089	167	228	130	102	103	181	211	170	-9
158	6	089	136	181	241	102	145	103	129	189	232	087	160	113	225	143	158	088	127	188	252	167	146	144	083	122	165	142	262	150	125	155	146	180	112	170	083	161	089	167	228	128	102	091	177	201	142	145
158	6	089	138	187	253	103	147	103	129	195	238	089	161	115	231	143	158	090	140	200	252	167	166	144	083	132	165	148	262	150	129	155	150	196	112	174	089	165	089	167	240	130	104	103	181	215	168	153
159	6	089	134	179	241	103	141	089	129	189	232	085	162	108	225	143	158	102	127	188	248	167	146	144	081	124	165	142	260	140	123	155	146	180	110	172	081	161	089	167	228	130	098	101	181	207	162	149
159	6	089	136	179	249	103	145	093	143	191	254	087	162	115	227	143	160	102	142	194	252	173	152	154	081	124	179	142	262	150	127	155	146	184	112	176	085	165	091	167	238	130	104	103	191	211	166	149
160	6	089	136	175	253	103	145	103	129	189	238	087	161	113	225	143	156	090	127	194	252	173	146	154	081	124	179	142	262	140	123	157	146	180	106	172	089	167	089	167	228	130	098	101	181	201	142	149
160	6	091	138	179	269	103	145	103	143	191	238	089	162	115	229	143	156	102	146	200	252	173	152	160	083	132	181	150	262	150	129	157	150	192	112	172	089	173	091	167	238	130	102	101	181	211	166	151
161	6	089	134	185	241	103	135	083	143	191	232	087	161	113	229	143	156	088	127	194	244	167	152	144	081	122	175	142	256	150	123	159	150	180	106	174	089	161	081	167	238	130	096	101	177	211	142	145
161	6	089	138	185	253	103	135	093	149	191	238	091	161	115	229	143	158	090	127	200	252	175	152	144	083	124	175	148	262	150	125	159	150	180	110	174	089	169	089	167	240	130	104	101	181	215	170	153
162	6	089	134	181	241	103	145	093	129	189	238	087	160	108	225	143	158	090	127	194	250	159	146	154	077	124	183	142	260	146	123	155	148	180	110	172	089	165	089	167	238	130	102	103	177	205	156	145
162	6	091	138	181	269	103	145	103	143	191	238	089	160	115	227	143	158	090	138	200	252	177	162	154	083	132	183	142	262	150	129	157	150	192	112	186	089	173	089	167	240	132	104	103	191	205	166	151
163	6	091	134	179	253	103	145	085	129	191	232	087	158	108	229	143	158	090	140	188	252	173	152	154	083	124	175	142	260	146	127	155	146	184	110	168	081	161	081	161	238	130	-9	095	181	205	142	145
163	6	091	136	179	253	105	145	091	143	191	238	089	160	113	229	143	158	100	140	188	252	177	152	160	085	132	181	142	262	150	129	155	146	184	112	170	089	165	081	167	238	134	-9	097	191	205	142	151
164	6	089	136	179	253	103	141	091	129	189	232	085	160	113	229	143	158	090	142	194	250	167	152	154	083	124	175	142	262	150	127	155	146	180	112	172	081	161	085	167	236	130	098	103	177	205	142	147
164	6	093	138	181	253	103	145	097	129	195	238	087	162	115	229	143	160	090	148	200	252	173	158	154	083	132	183	142	262	150	129	155	148	198	112	172	085	165	089	167	238	130	104	103	191	205	166	149
165	6	089	138	187	269	104	145	101	129	189	232	087	158	108	229	143	154	090	127	194	248	177	152	156	081	124	165	142	260	146	123	155	146	180	106	172	083	161	091	167	228	128	096	095	181	205	144	-9
165	6	091	138	187	269	104	145	103	129	191	238	087	160	113	229	143	158	100	140	194	252	177	152	160	083	124	183	142	262	146	125	155	150	198	110	172	089	165	091	167	240	130	104	099	191	205	168	-9
427	6	089	138	179	253	103	145	089	129	191	232	087	160	113	229	143	156	090	127	194	252	173	152	144	081	124	165	142	262	140	129	155	150	180	106	170	085	165	085	167	228	118	104	095	181	205	142	149
427	6	091	138	187	253	103	145	097	129	195	238	089	162	115	233	143	158	090	127	194	254	173	156	154	083	132	183	142	262	146	129	157	150	184	106	172	095	173	091	167	238	128	104	103	191	205	166	153
428	6	089	134	179	253	103	141	093	129	189	238	087	162	115	227	143	156	090	127	194	252	175	152	154	081	122	175	142	260	146	123	155	146	180	106	166	083	169	085	161	228	128	102	103	181	205	166	149
428	6	091	134	181	253	103	145	093	143	191	238	089	162	115	233	145	158	102	150	200	252	177	152	154	083	132	183	142	260	150	129	155	150	184	110	174	095	173	089	165	238	130	102	103	181	205	166	151
429	6	089	134	181	253	103	135	093	129	191	232	087	150	113	227	143	156	090	138	188	250	173	146	154	081	124	165	142	260	140	129	155	146	184	112	170	085	165	085	167	228	128	092	101	181	205	142	149
429	6	089	138	181	269	103	145	097	129	195	238	089	160	115	229	145	160	102	140	194	252	173	152	160	083	124	183	150	260	150	129	159	150	196	112	172	089	175	089	167	228	132	102	103	181	205	142	153
430	6	091	136	181	247	103	141	097	143	189	238	087	162	113	229	143	158	088	140	190	252	173	152	154	081	124	175	142	260	148	129	157	150	184	112	172	089	161	085	167	228	114	098	101	181	205	142	151
430	6	091	140	187	271	103	145	103	143	195	238	087	162	115	229	143	160	090	146	194	254	177	166	158	081	124	175	150	262	150	129	159	150	192	112	176	089	173	089	167	228	130	104	101	191	211	168	153
431	6	089	136	181	241	103	135	093	129	189	238	087	160	115	227	143	158	090	146	188	252	173	152	154	081	124	179	142	260	140	123	159	146	184	106	166	089	161	089	167	228	130	102	095	177	205	142	151
431	6	089	140	187	253	103	145	103	129	191	238	089	161	115	229	147	158	102	150	190	252	177	152	154	083	132	183	142	262	150	125	159	150	190	112	172	089	173	089	167	238	134	104	103	181	207	142	153
435	6	089	138	175	241	103	145	089	129	189	238	087	158	115	227	143	156	090	148	188	252	173	146	154	083	124	175	142	260	140	129	157	146	184	106	172	089	161	081	167	228	128	092	101	181	205	142	153
435	6	099	138	181	253	103	145	103	129	195	238	087	162	115	227	145	160	090	150	194	252	177	146	160	083	124	183	150	264	146	129	159	150	184	112	172	089	175	089	167	238	132	104	103	181	205	166	153
436	6	089	138	175	253	103	135	093	129	189	238	087	147	108	225	143	158	090	127	194	252	173	146	144	077	122	165	142	260	140	123	153	150	184	106	172	089	161	089	167	236	130	104	095	181	205	142	149
436	6	089	142	179	253	103	141	103	129	189	252	087	160	115	227	143	158	102	148	200	252	173	152	154	081	122	175	150	260	150	129	159	150	192	112	172	089	161	089	167	238	130	104	103	181	205	142	153
437	6	089	134	175	253	103	141	089	129	189	238	087	161	108	225	143	158	102	142	188	252	167	152	144	081	122	175	142	260	150	129	155	150	180	110	170	085	165	089	165	228	128	104	095	181	205	144	149
437	6	091	138	187	269	103	145	093	141	191	238	087	162	115	227	143	160	102	146	194	254	173	152	154	081	132	183	150	260	150	131	159	150	196	112	174	089	173	089	167	228	134	104	101	191	207	166	149
438	6	091	134	175	253	103	135	093	129	191	232	087	161	113	227	143	158	090	127	194	252	167	146	154	081	124	179	142	262	140	123	155	146	180	106	166	089	161	081	161	228	130	104	101	181	205	142	153
438	6	099	138	181	253	103	141	103	129	191	238	087	162	115	227	143	158	090	142	200	252	177	146	154	081	132	183	142	262	150	129	155	150	184	112	170	089	161	089	167	228	134	104	101	191	215	158	153
439	6	091	136	181	253	103	135	083	129	189	238	087	158	113	229	143	158	090	127	190	246	173	146	154	081	124	165	142	262	146	125	155	146	180	112	172	089	161	089	167	228	128	102	095	181	201	142	145
439	6	091	142	187	253	103	145	089	143	191	238	087	160	115	229	143	160	090	140	194	252	173	152	154	083	124	183	150	262	146	129	157	152	180	112	178	089	165	091	167	238	134	104	103	181	211	166	149
441	6	089	134	179	253	103	141	089	129	189	238	087	149	113	229	143	158	088	140	190	246	165	152	160	083	124	165	142	260	146	129	155	148	192	112	166	089	161	081	161	224	130	102	099	181	205	142	149
441	6	089	134	185	253	103	141	093	143	191	238	087	162	115	229	143	160	090	146	200	250	177	152	160	083	124	183	150	260	152	129	157	148	192	112	174	089	173	089	167	228	134	104	099	181	205	142	151
442	6	089	134	181	253	103	141	103	131	191	238	087	160	113	225	143	156	090	140	194	250	163	146	154	083	132	175	142	260	140	129	155	146	184	106	166	089	161	085	167	228	128	102	101	181	205	142	153
442	6	089	134	191	253	103	145	103	149	191	238	087	160	113	229	145	158	090	150	194	252	173	146	160	085	132	183	150	260	150	129	155	150	184	112	170	089	173	089	167	238	132	104	103	181	211	166	153
443	6	089	134	179	241	103	141	093	129	191	238	087	158	113	227	143	158	090	127	190	-9	173	-9	144	081	124	165	142	262	150	123	155	150	180	106	172	081	161	081	161	228	128	098	095	181	205	142	153
443	6	089	138	181	253	103	145	093	129	195	238	087	160	115	229	143	158	090	150	194	-9	173	-9	154	081	132	183	142	262	150	129	159	150	180	110	174	089	175	089	167	228	130	104	099	193	207	162	153
444	6	089	134	181	253	103	145	091	129	191	238	087	160	113	227	143	158	090	127	190	252	167	-9	144	077	122	183	142	256	146	123	155	146	180	106	172	089	165	085	161	240	118	096	103	181	-9	166	151
444	6	091	138	187	253	103	145	093	143	195	238	087	162	115	229	143	158	090	140	194	254	173	-9	144	083	132	183	142	260	150	129	155	146	184	106	172	095	169	089	165	240	132	098	103	193	-9	166	153
445	6	089	138	179	253	103	141	097	143	189	232	087	162	113	225	143	158	090	146	188	252	177	146	154	081	124	175	142	260	150	123	155	146	180	106	166	083	159	089	167	228	128	102	095	181	-9	142	149
445	6	099	138	181	253	103	141	103	149	195	252	087	162	115	233	145	158	100	150	194	254	177	146	154	081	124	183	142	262	152	129	155	150	184	112	172	089	165	091	167	238	130	104	095	191	-9	144	149
446	6	089	138	179	253	103	135	085	129	189	238	087	158	113	229	143	156	090	127	194	250	173	152	144	083	124	175	142	260	146	129	153	146	184	106	172	089	173	085	167	228	132	102	095	181	205	142	149
446	6	091	138	185	269	103	145	097	143	191	252	087	161	115	229	147	158	102	140	194	252	175	152	154	085	124	183	148	260	150	129	159	150	184	112	186	089	173	089	167	228	132	104	103	181	205	142	153
447	6	089	134	181	253	103	135	093	129	191	238	087	160	113	227	143	158	090	138	188	252	173	152	154	077	132	165	142	260	150	123	155	146	184	106	170	089	161	089	167	228	118	102	101	181	205	142	145
447	6	093	138	185	269	103	145	103	129	195	238	087	162	115	229	143	158	090	138	194	252	177	152	154	083	132	175	150	262	150	125	159	146	196	112	172	095	169	089	167	238	130	104	103	191	205	166	153
449	6	089	142	175	253	103	145	103	129	191	238	087	160	113	227	143	158	090	127	190	246	167	146	144	083	122	165	142	260	150	129	155	146	180	106	166	089	169	089	167	236	128	104	095	181	207	142	149
449	6	089	142	181	253	103	145	103	129	195	238	087	162	115	227	143	158	090	148	194	254	177	152	154	085	124	175	142	262	150	129	155	150	196	112	172	089	175	089	167	238	132	104	095	181	215	166	151
460	6	089	134	175	253	103	141	097	129	191	238	087	149	113	229	143	158	090	127	190	250	173	146	154	083	124	165	142	256	146	123	155	150	180	110	166	089	165	085	161	238	130	102	095	181	205	142	149
460	6	091	138	179	253	104	141	103	129	191	238	087	158	115	229	143	160	102	150	194	252	177	146	154	085	124	175	142	262	150	127	155	150	184	112	170	089	169	089	167	240	132	104	103	181	211	166	149
461	6	089	134	179	253	103	135	093	129	189	238	087	160	113	229	143	158	090	127	188	252	167	146	144	077	124	165	142	262	146	123	155	146	196	108	170	089	161	081	165	228	130	092	101	181	207	142	153
461	6	091	136	181	269	103	145	103	143	191	238	089	161	115	229	143	158	102	146	194	252	173	152	154	081	132	165	150	262	150	125	157	150	198	110	174	089	173	089	167	236	132	102	103	181	215	166	153
484	6	089	136	179	241	103	141	093	129	191	238	087	160	113	227	143	156	090	127	188	246	173	152	144	083	124	183	138	262	146	125	155	146	180	106	170	085	161	085	161	228	128	098	095	181	205	142	145
484	6	089	138	181	269	103	145	097	129	191	252	091	162	115	231	145	158	090	127	190	252	177	166	160	083	124	183	148	262	146	129	159	154	196	112	172	089	165	089	167	238	130	104	101	181	211	144	151
485	6	089	138	175	247	103	141	083	129	189	232	087	158	115	229	143	158	090	127	194	252	173	152	144	083	124	165	142	260	150	129	155	146	192	108	166	083	165	089	167	228	128	102	101	177	205	166	149
485	6	091	142	187	269	103	145	093	149	195	232	087	160	115	229	143	158	090	140	200	252	175	152	154	083	124	175	142	260	150	129	157	150	192	112	174	089	173	089	167	238	132	104	103	181	207	166	153
486	6	089	134	179	253	103	141	089	129	189	238	087	149	115	229	143	158	088	140	190	246	165	146	154	083	124	165	142	260	146	127	155	148	180	090	172	085	161	081	167	224	128	102	099	181	205	142	149
486	6	089	134	181	269	103	141	097	149	191	238	087	160	115	229	143	160	102	140	200	252	177	152	160	083	124	183	150	262	148	129	157	150	192	112	174	089	173	089	167	228	130	104	099	191	211	142	151
487	6	089	138	175	247	103	141	103	129	191	238	087	158	108	225	143	156	090	127	190	252	173	162	144	077	124	175	142	256	140	129	155	146	184	106	172	089	161	081	167	228	130	104	099	181	205	142	149
487	6	091	142	187	253	103	145	103	129	195	238	087	162	113	229	143	160	090	140	194	252	177	166	154	081	132	175	148	260	140	129	157	150	192	112	178	089	161	089	167	240	130	104	103	181	207	142	153
178	7	089	134	179	247	103	135	083	129	195	238	087	162	113	225	143	158	090	146	194	252	173	152	144	081	124	165	142	262	150	129	157	150	180	090	168	083	161	089	165	228	130	098	103	181	205	142	149
178	7	091	138	187	269	103	141	103	129	195	238	089	162	115	229	143	158	090	150	200	252	173	166	156	083	124	165	142	262	150	131	159	152	180	112	172	089	173	091	167	240	132	104	103	191	211	142	149
422	7	089	138	181	241	103	145	083	129	195	238	087	158	115	227	143	156	090	127	188	252	173	146	154	083	124	175	142	262	146	123	153	146	180	106	166	089	161	089	167	228	128	102	101	181	205	142	145
422	7	091	142	187	269	103	145	093	129	195	252	087	160	115	229	143	158	090	140	194	252	173	152	160	083	132	175	148	262	150	129	155	150	196	112	174	089	173	089	167	238	130	104	103	191	207	166	153
425	7	089	140	181	269	103	135	103	129	189	238	087	158	108	225	143	158	090	127	190	252	173	152	154	081	124	175	142	256	140	123	157	150	184	106	172	089	169	089	167	228	130	092	101	181	205	142	149
425	7	091	142	181	269	103	145	103	129	195	238	087	162	113	229	147	160	104	150	194	252	177	152	154	083	132	175	142	264	146	129	159	150	192	112	172	089	173	091	167	238	130	102	101	191	211	158	153
426	7	089	134	179	241	103	145	103	129	189	232	087	160	108	225	143	156	090	138	194	244	173	162	154	083	122	175	142	256	140	129	153	146	180	090	166	089	161	085	167	228	114	102	095	181	205	158	145
426	7	091	136	181	253	103	145	103	143	189	238	089	161	115	231	143	158	090	140	194	252	175	166	154	083	124	183	148	260	150	129	159	146	192	106	168	089	173	085	167	240	132	104	103	181	211	162	149
432	7	089	136	179	253	103	135	085	129	191	238	087	160	115	229	143	158	090	127	188	246	173	152	154	077	124	165	142	260	148	125	155	150	180	106	170	085	169	081	167	236	130	102	099	181	205	142	153
432	7	091	142	187	269	103	145	097	149	195	238	089	161	115	233	145	160	090	127	194	254	175	166	154	081	132	165	150	260	150	129	155	150	184	108	172	089	173	085	167	238	134	104	103	181	207	166	153
434	7	089	134	181	241	103	135	097	129	189	238	087	158	108	227	143	156	090	140	188	250	173	152	154	081	124	175	142	260	140	123	159	146	184	106	172	085	169	085	167	228	130	102	103	181	205	142	149
434	7	093	138	185	269	103	145	103	143	191	238	087	158	115	229	143	156	090	142	190	252	173	152	160	085	124	183	142	262	150	129	159	150	184	106	186	089	173	085	167	228	132	102	103	181	205	142	151
440	7	089	134	179	253	103	141	103	141	195	238	087	162	113	227	143	158	102	138	188	252	163	152	154	081	124	175	142	256	146	129	153	146	180	108	168	089	161	081	161	228	130	102	095	181	205	142	145
440	7	091	142	179	269	104	145	103	143	195	238	087	162	113	229	143	158	102	140	194	252	177	152	154	081	124	183	142	260	146	129	159	150	180	112	172	089	165	081	167	238	132	104	103	181	205	142	149
448	7	089	134	181	253	103	141	089	143	189	232	087	158	108	229	143	156	090	150	194	252	173	152	144	081	124	165	142	260	148	129	157	150	184	106	170	085	161	085	165	228	130	102	095	177	-9	142	149
448	7	089	142	181	253	103	145	093	143	191	252	089	160	115	229	143	158	090	150	194	252	173	152	154	083	132	183	142	262	150	129	159	150	196	112	172	089	165	089	167	228	132	104	095	181	-9	166	149
456	7	089	136	181	253	103	135	091	129	191	238	087	160	115	227	143	158	090	140	188	248	173	152	152	083	124	165	142	260	150	125	159	146	190	106	166	089	161	089	167	236	130	102	101	177	205	142	149
456	7	091	138	185	269	103	147	093	129	191	238	089	160	115	229	143	158	102	146	188	252	177	166	154	083	132	179	142	260	150	129	159	146	196	112	170	095	169	091	167	238	134	102	103	191	205	168	151
457	7	091	138	175	241	103	141	093	129	189	238	087	149	113	229	143	156	090	127	194	252	173	146	154	081	124	165	142	260	150	129	155	146	180	106	170	089	161	085	161	228	130	096	099	181	205	142	153
457	7	093	138	179	269	103	145	097	129	191	238	089	162	115	233	143	158	102	148	194	252	175	166	154	083	132	179	142	260	150	129	159	148	180	112	172	089	173	089	167	238	130	104	103	181	205	144	153
458	7	089	134	179	253	103	145	089	129	189	238	089	159	115	225	143	156	090	140	190	252	173	152	154	077	124	165	142	260	150	129	155	146	192	106	170	085	161	085	161	228	130	102	095	181	201	158	145
458	7	091	140	185	253	104	145	093	129	189	238	089	170	115	225	143	158	090	146	194	252	175	152	154	085	124	183	148	262	150	129	157	150	196	108	172	095	173	087	167	228	130	104	099	181	205	168	149
459	7	089	134	175	253	103	145	103	129	189	238	087	160	113	227	143	158	090	127	190	246	173	142	144	083	132	165	142	260	150	123	155	150	184	106	170	089	165	089	161	228	128	102	101	181	207	142	149
459	7	091	138	181	253	103	145	103	143	195	238	091	162	115	229	143	158	090	127	190	252	177	152	144	083	132	183	148	262	150	123	157	150	192	112	174	095	173	089	167	238	130	104	101	181	211	168	153
464	7	091	138	181	247	103	145	089	129	189	238	087	160	113	227	143	158	090	140	194	252	173	146	154	081	132	179	142	260	146	129	155	146	196	108	170	083	173	087	167	238	128	102	099	181	205	142	149
464	7	091	138	185	253	103	145	103	149	195	238	087	161	115	229	143	158	090	150	194	252	177	152	154	083	132	183	142	262	150	129	157	150	196	112	172	085	173	089	167	240	130	104	103	191	205	142	153
465	7	091	138	179	253	103	135	089	129	189	238	087	159	113	227	143	158	090	140	190	252	167	152	154	081	124	175	142	260	146	129	157	146	196	106	170	089	169	085	167	228	130	102	101	181	205	158	149
465	7	091	142	185	269	104	145	103	149	189	238	087	159	115	229	143	158	102	146	194	252	173	152	154	081	132	179	142	262	150	129	159	150	196	112	186	089	173	089	167	238	132	104	103	191	207	164	151
466	7	089	134	179	247	103	141	091	143	191	232	087	162	115	225	143	156	090	140	190	254	177	146	154	081	122	165	142	260	146	123	155	150	196	106	172	085	165	089	167	228	130	104	101	181	205	142	149
466	7	089	138	181	269	103	141	093	149	195	238	089	170	115	229	143	158	090	142	194	254	177	152	154	083	122	175	148	260	150	129	159	150	196	106	174	085	165	091	167	238	132	104	101	181	207	144	153
470	7	089	134	175	253	103	141	089	129	189	238	087	147	113	229	143	156	090	127	190	246	173	146	144	083	124	175	142	260	150	123	155	146	180	106	170	089	161	085	161	228	128	104	103	181	207	142	145
470	7	091	138	179	253	103	145	089	129	191	238	087	161	115	229	143	158	090	140	200	252	173	152	154	083	132	183	150	260	150	123	157	146	180	112	174	089	173	089	167	228	130	104	103	191	207	142	149
471	7	091	134	181	241	103	135	093	129	191	232	087	160	113	227	143	158	090	127	194	252	167	146	144	083	122	165	142	260	146	125	155	146	184	106	170	089	169	085	161	228	130	102	099	181	205	142	149
471	7	091	138	187	269	103	145	097	143	195	238	089	161	115	233	143	160	090	140	194	252	173	152	160	085	132	175	142	262	150	129	159	152	184	110	172	089	173	089	167	238	134	102	103	181	205	142	151
483	7	089	134	179	253	103	145	085	129	191	232	087	149	113	229	143	158	090	140	188	252	173	152	144	083	122	175	142	262	146	129	153	146	192	106	170	085	165	085	167	228	130	098	101	181	207	142	145
483	7	091	138	187	269	103	145	097	129	195	238	087	161	115	229	147	158	090	140	190	252	177	152	156	083	124	183	148	262	150	129	153	150	196	112	172	089	173	085	167	240	132	102	101	181	211	164	153
488	7	089	136	179	241	103	141	103	129	189	238	087	162	115	227	143	152	102	127	194	252	167	146	144	077	124	179	142	260	146	123	157	150	192	110	174	089	173	087	167	238	118	092	095	181	201	142	145
488	7	091	138	179	253	103	145	103	149	189	238	087	162	115	229	143	156	102	146	194	252	173	146	154	081	132	183	150	260	150	129	157	150	192	110	174	089	173	089	167	240	118	102	095	191	207	158	153
495	7	089	138	179	241	103	145	097	129	191	232	087	147	108	227	143	158	102	127	194	252	173	152	154	077	124	175	142	262	146	129	157	150	184	108	170	089	165	089	167	228	130	092	101	181	205	142	149
495	7	091	138	181	269	103	145	103	129	195	238	091	161	113	229	147	158	102	150	194	252	173	152	154	081	124	183	142	264	150	129	159	150	184	112	172	089	173	089	167	228	132	104	101	181	211	158	153
496	7	091	134	187	241	103	145	089	129	189	238	087	158	108	227	143	158	090	127	194	252	167	146	154	077	124	165	142	256	146	129	157	146	180	106	170	083	165	089	167	228	130	104	103	181	201	142	149
496	7	091	138	187	269	103	145	093	129	189	238	087	161	113	229	143	160	102	140	200	252	173	152	160	081	124	175	150	262	150	129	159	150	190	108	174	089	169	091	167	240	132	104	103	191	207	142	151
497	7	091	138	181	241	103	135	097	129	189	238	087	158	113	225	143	156	090	142	188	250	173	152	144	081	124	175	142	260	146	123	155	146	184	106	178	089	169	085	167	228	130	102	103	181	207	142	149
497	7	093	138	185	253	103	135	097	143	189	252	087	158	115	229	143	158	102	142	194	250	177	156	160	085	124	183	142	262	150	129	159	152	184	112	186	089	173	089	167	228	132	104	103	181	207	166	151
500	7	089	136	181	253	103	141	089	143	189	232	087	160	108	229	143	158	090	127	194	252	173	146	144	081	124	175	142	262	150	125	155	150	180	106	166	089	161	089	161	228	128	098	095	181	205	166	151
500	7	091	138	187	253	105	141	093	149	191	238	089	161	115	229	147	158	102	142	200	252	177	152	156	083	132	183	142	262	150	129	157	150	196	112	172	089	161	089	167	228	134	102	099	191	205	168	153
879	7	089	134	179	269	103	145	085	129	191	238	087	149	113	229	143	158	090	140	188	252	173	152	144	083	122	175	142	262	146	129	153	146	192	106	170	085	165	085	167	228	130	098	101	181	207	142	145
879	7	089	138	187	269	103	145	097	129	195	238	087	161	115	229	147	158	090	140	190	252	177	152	156	083	124	183	148	262	150	129	153	150	196	106	172	089	173	085	167	240	132	102	101	181	211	142	153
036	8	089	134	181	249	103	141	083	129	189	232	087	158	108	227	143	158	090	127	188	252	173	152	154	081	122	157	142	260	140	123	155	146	180	110	172	081	165	085	167	228	130	104	101	181	211	142	149
036	8	089	136	187	269	107	145	093	143	189	238	089	160	108	229	143	158	102	140	194	252	173	166	154	083	126	179	148	262	146	127	157	150	184	112	172	085	165	089	167	238	136	104	103	191	215	166	149
063	8	089	-9	181	247	103	135	093	143	191	232	087	160	113	227	143	156	090	127	194	252	177	152	156	081	122	175	142	260	146	125	155	146	180	106	174	089	173	081	167	240	130	104	101	181	211	168	145
063	8	091	-9	187	253	103	145	097	143	191	238	087	162	113	229	143	158	090	142	194	252	177	166	160	083	124	183	142	260	150	125	155	150	196	110	174	095	173	089	167	240	130	104	103	181	215	168	151
094	8	089	-9	175	269	103	135	089	129	189	232	087	158	108	229	143	158	090	127	194	252	173	152	144	077	132	181	142	262	150	125	155	150	180	106	170	083	161	081	161	-9	130	092	095	181	201	166	151
094	8	091	-9	187	269	103	141	103	133	189	238	087	161	113	229	143	158	102	146	194	252	173	152	154	085	132	183	148	262	150	127	157	150	198	112	176	085	169	085	167	-9	130	104	095	191	207	166	153
103	8	089	-9	187	241	104	145	103	129	189	232	087	158	108	229	143	154	090	127	190	248	177	152	156	081	124	165	142	260	146	123	155	146	198	106	172	083	161	089	167	228	128	096	095	181	202	-9	149
103	8	091	-9	187	269	104	145	103	129	191	238	087	160	113	229	143	158	100	140	194	252	177	152	160	083	124	183	142	262	146	125	155	150	198	110	172	089	165	091	167	240	130	104	099	191	205	-9	149
112	8	089	134	181	241	103	141	097	129	189	252	087	158	108	229	133	154	090	127	194	246	177	146	154	077	124	165	142	260	150	125	155	146	180	106	170	081	161	085	167	228	130	092	101	191	205	142	149
112	8	091	134	187	253	105	145	097	133	189	254	087	158	113	231	143	158	090	140	194	252	177	152	156	083	132	183	142	262	150	125	157	150	196	112	170	089	161	089	167	236	134	104	103	191	207	164	153
114	8	091	-9	181	253	103	141	083	129	189	238	087	162	108	225	143	158	090	138	194	252	167	152	154	081	124	165	142	256	146	123	153	150	180	112	174	083	165	089	167	228	130	104	099	181	207	166	145
114	8	091	-9	181	253	103	147	097	129	191	248	089	170	108	229	145	160	102	140	200	254	177	152	154	083	124	179	142	264	150	125	157	150	180	112	174	089	169	089	167	238	130	104	103	191	211	168	149
120	8	089	136	179	241	103	135	093	129	189	238	089	160	115	229	143	158	090	127	190	252	173	152	154	077	124	165	148	256	150	125	155	150	180	106	170	081	161	089	167	228	128	098	101	181	211	142	147
120	8	089	136	187	269	103	141	103	129	191	252	089	160	115	231	143	160	100	140	194	252	173	158	154	081	124	175	150	262	150	125	159	150	192	106	174	089	169	089	167	238	130	104	101	181	211	142	149
127	8	089	136	179	253	101	141	089	149	189	238	087	154	108	229	143	158	090	138	190	-9	175	152	144	077	132	179	142	260	146	125	159	150	192	106	174	083	161	085	167	228	128	102	101	179	205	142	145
127	8	089	140	187	269	103	145	093	149	189	238	089	161	115	229	143	158	102	140	194	-9	177	162	154	081	132	183	150	262	148	129	159	154	192	110	176	089	161	091	167	238	134	102	103	181	211	158	149
147	8	089	134	179	241	102	145	091	141	189	238	087	160	108	229	143	156	090	140	194	252	175	152	144	081	120	165	142	256	146	123	155	150	184	106	170	083	161	081	161	228	134	096	095	177	211	158	149
147	8	091	138	181	241	103	145	093	143	191	238	087	161	108	231	143	158	090	140	194	252	177	152	154	081	132	175	148	260	150	129	157	154	184	110	172	085	165	081	167	228	134	104	101	181	211	158	149
166	8	089	134	175	253	103	135	093	129	189	238	087	147	113	229	143	154	090	127	194	252	175	152	154	081	122	165	142	260	146	129	155	146	180	106	172	083	165	085	161	238	114	104	101	181	205	142	145
166	8	091	136	179	253	103	145	103	143	191	238	089	160	115	231	143	158	102	127	194	252	177	158	154	083	124	181	150	262	146	129	159	150	180	110	176	089	169	087	167	240	130	104	103	191	207	156	149
167	8	091	134	181	241	103	145	093	129	189	238	087	160	108	227	143	156	088	127	188	252	177	146	154	083	124	175	142	260	146	123	155	150	180	110	170	089	165	089	167	238	132	102	103	191	205	156	149
167	8	093	138	187	269	103	147	103	143	191	252	089	162	108	229	143	158	090	142	200	252	177	152	154	083	132	183	142	262	152	129	155	150	180	112	186	089	173	089	167	240	132	104	103	191	211	164	151
168	8	091	132	187	269	103	141	099	129	189	232	087	153	108	231	143	158	088	127	194	250	173	152	144	081	132	181	142	260	140	123	155	150	192	112	170	089	161	089	167	228	118	104	103	177	205	142	149
168	8	093	136	191	269	103	145	103	129	191	238	087	162	115	233	143	160	090	142	194	252	173	162	154	081	132	181	148	262	152	125	155	150	192	112	178	089	169	089	167	240	134	104	103	177	207	166	149
169	8	089	136	181	-9	103	145	097	129	189	238	087	162	108	227	143	154	090	127	194	252	167	146	154	083	132	165	142	260	146	123	159	146	180	110	170	089	169	089	161	228	130	102	101	181	201	158	145
169	8	091	138	181	-9	103	145	103	143	191	238	087	170	115	229	143	160	090	127	194	252	167	162	160	083	132	175	142	260	146	129	159	150	196	112	172	089	173	089	167	240	132	104	103	191	201	162	149
170	8	089	134	185	253	103	147	103	129	189	232	087	158	108	229	143	154	088	127	188	252	177	146	154	081	132	181	142	260	146	127	155	146	180	108	172	085	161	081	167	228	130	098	099	181	211	158	153
170	8	091	138	187	253	103	147	103	149	189	238	087	160	108	231	147	156	090	140	190	252	177	152	156	081	132	183	148	262	150	129	159	150	184	110	172	095	165	085	167	238	134	104	099	191	211	166	153
171	8	089	138	187	253	103	141	093	129	189	-9	087	158	115	231	143	156	090	127	194	250	167	158	154	083	124	183	142	260	140	125	155	146	180	108	172	089	161	089	161	238	130	102	101	181	205	168	145
171	8	089	138	187	253	104	145	103	129	191	-9	089	158	115	231	143	158	100	140	200	252	177	166	154	083	132	183	142	260	150	129	155	146	184	112	176	089	165	089	167	238	132	102	103	191	211	168	145
172	8	089	136	187	241	103	135	093	129	189	238	089	158	115	231	143	156	090	127	188	252	173	152	154	081	124	175	142	260	140	123	155	150	192	106	170	081	169	087	167	228	128	098	095	181	201	142	145
172	8	091	136	187	269	103	145	093	129	195	252	089	160	115	231	143	158	090	142	194	252	177	152	156	083	124	181	148	262	150	125	159	150	196	106	174	089	173	089	167	238	132	104	101	191	211	168	149
185	8	089	138	179	253	103	141	097	129	191	232	087	158	113	229	143	158	090	127	194	252	177	146	144	081	124	165	142	256	146	123	155	146	180	112	170	089	155	085	167	228	132	102	095	177	202	142	149
185	8	091	138	181	253	103	145	097	129	195	238	089	160	115	231	143	158	090	140	194	252	177	152	144	081	132	183	150	260	146	127	157	150	180	112	176	089	161	089	167	240	134	104	103	191	211	142	149
199	8	089	-9	187	253	103	135	091	129	189	248	087	158	113	229	143	158	088	127	194	250	165	158	144	081	124	175	142	256	140	125	155	146	180	110	170	085	167	085	167	236	130	102	103	191	205	166	151
199	8	091	-9	187	253	103	145	103	129	189	254	087	160	115	231	143	158	088	127	194	252	173	162	154	081	132	175	150	260	148	129	155	150	192	110	172	089	173	085	167	238	130	104	103	191	205	166	153
339	8	089	138	179	241	103	145	103	129	189	238	087	147	108	225	143	158	090	127	194	252	173	146	144	081	124	183	142	260	146	129	155	148	180	112	172	083	173	087	167	238	118	104	103	177	205	156	145
339	8	091	138	181	269	103	145	103	129	189	238	089	160	113	229	143	160	102	138	194	252	177	152	154	083	132	183	142	260	150	129	157	150	192	112	186	089	173	089	167	238	132	104	103	181	211	164	151
355	8	089	134	181	253	103	135	097	129	189	232	089	154	113	229	143	158	090	127	194	250	175	152	154	081	132	179	142	256	148	127	151	150	180	108	168	089	168	081	161	238	130	104	103	191	205	158	149
355	8	091	136	187	269	103	145	103	141	191	254	089	170	115	231	143	158	090	140	194	252	177	158	154	081	132	183	142	262	150	129	155	150	198	108	170	089	173	089	161	238	130	104	103	191	211	166	149
356	8	089	136	185	253	103	135	089	143	189	238	087	158	108	229	133	156	088	127	190	252	167	146	154	083	124	183	142	262	140	125	155	146	184	106	168	085	173	089	167	238	118	092	101	191	201	158	143
356	8	091	140	187	273	105	145	089	149	195	238	089	162	115	229	143	158	090	150	194	252	177	152	154	083	124	183	142	262	146	129	159	150	192	106	174	089	173	091	167	240	130	104	101	191	201	164	147
357	8	089	134	181	253	103	145	091	129	189	238	087	158	113	229	145	158	102	142	194	252	167	152	154	083	124	165	148	256	140	123	151	146	180	108	170	089	161	089	167	228	130	096	099	181	201	142	143
357	8	089	136	191	253	104	147	097	129	195	238	087	158	113	229	145	158	102	146	200	252	175	164	154	083	132	165	148	260	140	129	155	150	192	110	174	089	173	089	167	228	130	102	103	181	205	144	149
358	8	089	134	185	247	103	135	085	129	189	238	087	158	115	225	143	158	090	140	190	246	175	152	154	081	124	165	138	260	150	123	155	148	180	108	174	083	165	089	161	228	114	092	099	179	205	156	149
358	8	089	138	187	253	103	135	103	143	191	238	089	164	115	229	143	158	090	148	194	252	177	166	160	081	136	175	142	260	150	129	157	150	192	108	176	095	165	089	167	238	132	102	101	181	211	166	151
359	8	091	136	179	241	103	145	083	129	189	238	087	158	113	229	143	158	090	127	188	252	177	164	156	077	124	175	142	262	140	123	155	146	180	106	176	081	155	085	161	228	130	102	095	181	205	158	149
359	8	091	136	185	253	103	145	091	143	191	254	087	160	115	229	143	158	102	148	190	252	177	166	156	081	132	183	150	264	150	125	155	154	196	112	176	089	165	085	167	238	134	104	101	181	207	164	149
360	8	089	134	181	253	103	141	085	131	191	238	087	158	113	225	143	158	088	127	188	252	173	152	144	077	122	165	142	260	140	125	153	146	180	108	170	089	165	087	167	228	128	102	095	181	207	158	145
360	8	089	138	187	269	105	145	097	143	191	238	089	160	115	231	143	158	090	140	194	252	175	158	154	081	124	183	150	260	150	125	155	150	196	112	174	089	169	089	167	240	130	104	101	181	211	168	149
361	8	091	134	175	241	103	135	093	129	189	252	087	162	113	229	143	156	090	140	190	252	167	152	154	081	124	175	142	262	150	129	155	146	180	112	170	081	161	089	167	238	130	092	095	181	205	142	145
361	8	091	138	179	269	103	145	103	129	191	252	087	162	115	229	143	156	090	142	194	252	173	162	154	085	124	181	150	264	150	131	157	146	180	112	174	089	165	091	167	238	130	102	099	181	205	164	153
362	8	089	136	179	253	103	141	093	129	195	232	087	147	115	225	143	158	090	127	194	250	173	158	154	077	124	175	142	262	140	123	153	146	180	106	170	081	165	085	167	228	130	098	095	181	205	158	153
362	8	093	138	185	269	103	145	097	129	195	238	087	160	115	227	143	158	090	127	194	252	173	166	156	083	126	183	150	262	150	129	155	148	180	112	176	089	165	089	167	238	130	098	101	191	205	168	153
363	8	089	134	179	247	103	135	091	129	189	238	087	162	108	229	143	158	090	127	190	246	173	152	160	081	132	165	142	260	140	123	151	150	180	112	170	083	161	087	161	228	130	092	101	181	205	158	145
363	8	091	138	181	253	103	147	103	129	189	252	089	162	115	231	145	158	090	127	194	250	175	162	160	085	132	165	148	262	150	129	157	150	180	112	172	089	173	089	167	236	134	104	103	181	211	158	151
364	8	089	136	187	253	103	141	089	129	189	232	087	160	113	229	143	156	090	127	194	252	163	152	144	077	132	175	142	260	140	127	155	146	180	112	172	083	161	085	161	224	130	092	095	181	205	166	151
364	8	091	136	187	269	103	141	091	129	189	238	087	161	115	229	143	158	102	146	200	252	173	158	154	081	136	183	150	262	150	129	155	150	180	112	176	089	161	091	161	228	130	098	101	181	207	168	153
365	8	089	134	175	253	103	135	085	127	189	238	087	158	113	227	143	158	102	140	194	254	165	146	154	081	124	175	142	260	146	125	155	146	196	106	170	091	161	085	167	238	114	102	101	181	215	144	149
365	8	089	134	187	271	103	141	097	129	189	238	087	160	115	229	143	158	102	142	194	254	173	146	154	083	124	183	148	262	150	131	159	150	198	108	172	095	165	085	167	238	128	104	101	191	215	156	149
366	8	091	136	175	241	102	135	093	141	189	238	087	158	113	229	143	156	090	127	188	246	175	148	146	081	124	165	142	260	146	125	155	150	184	090	172	081	161	081	161	238	128	098	101	191	207	142	151
366	8	091	136	187	269	103	145	093	143	191	248	089	161	115	231	143	156	102	138	194	252	177	166	146	085	126	181	150	262	150	129	159	150	196	106	172	089	165	087	167	238	134	104	101	191	207	158	153
367	8	089	132	179	247	103	135	093	129	189	232	087	149	113	229	143	156	102	127	188	252	159	152	154	081	124	165	142	258	140	125	155	146	180	110	170	085	161	089	167	228	130	104	099	179	205	158	145
367	8	093	136	187	253	103	145	097	143	191	232	087	162	115	233	145	158	102	142	190	252	177	166	156	083	124	179	142	260	150	129	155	146	192	110	172	089	161	089	167	238	134	104	101	191	205	166	153
368	8	089	136	181	241	103	135	089	129	189	232	087	143	113	229	143	160	090	127	194	250	177	152	154	083	122	183	142	260	140	125	155	146	180	108	172	083	165	081	161	224	130	096	101	181	211	166	145
368	8	089	136	187	269	103	141	093	129	189	238	087	154	115	229	145	160	090	140	194	250	177	166	160	083	132	183	150	260	150	125	155	146	184	110	176	089	165	089	161	238	130	102	103	191	211	168	149
369	8	089	136	181	253	103	135	083	129	189	232	087	158	113	225	143	158	100	140	188	252	159	158	154	081	122	181	142	260	140	125	155	146	180	110	170	089	161	089	161	228	130	102	095	177	205	158	145
369	8	089	136	181	253	103	145	097	143	191	238	087	160	115	229	147	160	102	140	194	252	163	166	158	081	124	183	148	262	150	129	159	146	192	112	170	089	165	089	167	238	134	104	103	181	207	168	149
370	8	089	136	187	253	103	135	093	143	189	232	087	160	108	229	143	156	090	127	194	252	173	146	154	081	124	175	142	262	146	123	155	150	184	106	170	083	161	087	167	238	130	104	095	181	205	142	149
370	8	089	138	187	253	103	137	103	143	191	238	091	161	108	229	145	156	090	140	194	254	177	158	156	083	124	179	150	262	146	129	155	150	192	110	176	089	169	089	167	238	132	104	099	181	205	158	151
371	8	089	136	181	247	103	141	085	129	189	232	087	158	113	227	143	154	088	127	188	252	173	152	154	083	124	175	142	258	140	125	155	146	180	108	158	083	161	089	167	228	130	102	095	177	205	142	145
371	8	089	136	181	253	103	145	093	143	189	254	087	158	115	229	143	154	102	142	194	252	173	166	160	085	124	175	142	262	150	129	155	150	180	112	170	095	168	089	167	238	130	104	103	181	207	142	149
372	8	089	136	175	253	103	145	103	129	189	232	087	160	115	227	143	156	090	140	190	252	173	152	154	081	124	175	142	260	140	125	157	146	180	106	170	089	161	085	165	240	130	102	095	181	205	166	145
372	8	091	138	185	253	103	145	103	141	195	238	087	160	115	229	143	156	090	146	194	252	175	152	154	083	124	183	142	262	148	129	159	150	180	108	170	095	165	089	167	240	130	102	103	191	205	168	153
373	8	089	136	181	253	104	145	083	129	191	232	087	161	113	229	143	156	090	142	188	252	165	152	144	081	122	175	142	262	146	131	155	146	198	112	170	085	161	087	167	236	118	092	095	177	205	142	145
373	8	089	138	187	253	104	147	093	129	195	250	091	170	115	229	143	158	090	150	202	254	167	152	154	085	122	175	142	262	150	131	155	150	198	112	172	089	173	089	167	240	130	102	101	181	205	142	153
380	8	089	138	187	241	103	145	089	129	189	232	087	158	113	225	143	156	090	127	194	246	167	146	154	081	124	175	148	262	140	125	155	150	180	106	172	083	161	089	161	228	114	092	101	181	205	168	151
380	8	091	140	187	271	103	147	103	129	195	238	087	161	115	231	143	158	090	148	202	252	173	146	154	083	132	175	148	262	150	125	157	154	180	112	174	083	173	089	167	228	130	104	101	181	207	168	153
388	8	089	136	187	269	103	141	089	129	189	232	087	160	113	225	143	156	090	127	188	254	175	152	154	083	132	175	138	262	146	123	155	150	180	106	170	089	161	089	161	238	130	092	099	181	211	142	149
388	8	093	136	187	273	105	145	093	143	191	238	089	161	113	231	143	158	090	150	196	254	175	152	156	083	132	183	142	262	150	125	159	150	180	106	176	089	161	091	167	238	130	102	101	191	211	142	149
418	8	089	136	185	253	103	141	083	143	191	252	087	161	113	229	143	156	088	146	194	252	167	146	154	083	132	165	142	260	140	125	155	150	192	110	166	085	173	089	167	228	130	092	095	179	205	142	149
418	8	099	138	191	253	104	145	103	149	191	254	087	162	115	231	143	158	102	148	194	252	173	158	154	083	132	175	148	262	150	129	159	150	198	112	172	089	173	091	167	236	130	104	103	181	205	162	153
419	8	091	134	179	253	103	141	083	143	191	238	087	162	113	229	143	156	088	127	194	252	173	146	154	081	124	165	142	260	140	123	153	146	180	112	172	089	165	081	167	228	130	092	103	179	205	142	149
419	8	099	138	185	253	104	141	103	149	191	252	089	170	113	233	143	156	090	146	194	252	175	166	154	083	132	175	148	260	150	125	155	150	198	112	172	089	173	089	167	238	130	104	103	179	205	162	153
420	8	089	138	181	241	103	141	097	143	189	238	087	158	113	225	143	154	090	142	190	252	173	146	154	083	124	175	142	262	146	127	155	146	180	106	166	081	161	087	167	236	118	102	097	181	205	144	145
420	8	091	138	185	253	103	145	103	143	191	252	087	160	113	229	143	158	102	150	194	252	177	152	154	085	132	183	148	262	150	131	155	150	180	112	174	089	165	089	167	238	130	104	101	181	207	168	149
409	9	089	140	179	253	103	135	083	129	189	232	087	162	113	229	143	156	090	127	194	246	167	152	154	083	122	183	142	260	150	125	155	146	180	106	172	083	169	089	167	228	130	102	095	191	205	142	149
409	9	091	140	187	253	105	145	103	129	191	238	089	162	115	229	143	158	102	140	194	252	177	158	156	083	124	183	142	260	150	125	155	150	180	112	172	083	169	089	167	228	134	104	095	191	205	142	153
414	9	089	132	179	253	103	141	097	129	189	232	089	158	113	225	143	158	090	140	194	248	165	150	144	083	124	183	142	260	140	125	155	146	180	108	172	089	169	089	167	228	130	102	095	181	205	142	149
414	9	091	136	185	253	103	145	103	129	191	238	089	162	115	229	143	158	102	140	194	252	167	166	156	083	132	183	148	260	150	129	155	150	184	110	172	089	169	091	167	238	130	104	101	191	211	142	153
415	9	091	136	185	247	103	135	103	127	189	232	087	162	113	229	143	154	090	127	188	246	165	152	144	083	124	175	142	256	150	125	153	150	180	108	170	089	161	085	161	228	130	-9	099	181	205	142	149
415	9	091	136	187	253	103	145	103	141	191	238	087	162	115	229	143	160	102	142	200	252	177	158	154	085	132	183	148	260	152	125	155	150	180	110	174	089	173	091	167	238	132	-9	099	191	205	158	153
416	9	089	134	179	247	103	135	097	129	191	238	087	158	113	227	143	156	090	127	188	252	177	146	154	081	132	175	142	262	148	129	155	150	180	106	168	089	169	089	165	238	130	102	095	181	205	142	149
416	9	089	140	187	247	103	141	103	141	191	238	087	162	113	233	143	158	102	142	194	252	177	150	154	081	132	183	148	262	150	129	157	154	198	110	170	089	169	091	167	238	132	104	101	181	211	142	153
