

----------------------------------------------------
STRUCTURE by Pritchard, Stephens and Donnelly (2000)
     and Falush, Stephens and Pritchard (2003)
       Code by Pritchard, Falush and Hubisz
             Version 2.3.4 (Jul 2012)
----------------------------------------------------



Command line arguments:   structure -D 949861 -K 16 -m mainparams -o k16/temp2_no_plains_k16_run8 
Input File:    temp2_no_plains.str

Run parameters:
   450 individuals
   47 loci
   16 populations assumed
   500000 Burn-in period
   750000 Reps
RANDOMIZE turned off


--------------------------------------------
Proportion of membership of each pre-defined
 population in each of the 16 clusters

Given    Inferred Clusters                                                                                                  Number of
 Pop       1      2      3      4      5      6      7      8      9     10     11     12     13     14     15     16      Individuals

  1:     0.010  0.009  0.012  0.010  0.011  0.009  0.833  0.036  0.010  0.010  0.010  0.006  0.004  0.008  0.012  0.011       63
  2:     0.006  0.011  0.014  0.012  0.012  0.010  0.838  0.012  0.012  0.013  0.012  0.010  0.006  0.007  0.016  0.009       20
  3:     0.014  0.010  0.035  0.011  0.019  0.010  0.682  0.106  0.018  0.019  0.019  0.008  0.004  0.006  0.021  0.018       21
  4:     0.010  0.014  0.012  0.009  0.007  0.007  0.352  0.540  0.007  0.007  0.007  0.007  0.004  0.005  0.008  0.006       31
  5:     0.006  0.013  0.006  0.006  0.014  0.010  0.862  0.018  0.009  0.008  0.008  0.005  0.005  0.004  0.008  0.018       21
  6:     0.016  0.006  0.753  0.016  0.020  0.022  0.011  0.012  0.016  0.020  0.018  0.023  0.005  0.011  0.023  0.028       25
  7:     0.048  0.012  0.020  0.015  0.044  0.012  0.436  0.130  0.052  0.044  0.044  0.037  0.011  0.015  0.046  0.033        8
  8:     0.006  0.337  0.009  0.011  0.008  0.023  0.528  0.020  0.008  0.009  0.009  0.004  0.005  0.005  0.010  0.009       17
  9:     0.005  0.003  0.006  0.005  0.005  0.005  0.005  0.004  0.005  0.005  0.005  0.005  0.003  0.931  0.005  0.005       29
 10:     0.002  0.003  0.003  0.002  0.002  0.002  0.002  0.002  0.003  0.003  0.003  0.002  0.965  0.002  0.003  0.002        9
 11:     0.094  0.009  0.047  0.017  0.099  0.017  0.009  0.014  0.155  0.140  0.134  0.024  0.009  0.014  0.154  0.065       26
 12:     0.154  0.011  0.023  0.040  0.081  0.125  0.011  0.012  0.087  0.099  0.097  0.046  0.010  0.011  0.102  0.090       74
 13:     0.061  0.010  0.018  0.093  0.072  0.272  0.017  0.012  0.065  0.066  0.068  0.070  0.007  0.014  0.064  0.090       35
 14:     0.020  0.007  0.021  0.300  0.073  0.198  0.025  0.013  0.034  0.048  0.049  0.013  0.009  0.008  0.051  0.131       24
 15:     0.131  0.007  0.032  0.020  0.095  0.024  0.020  0.011  0.143  0.134  0.132  0.011  0.009  0.026  0.146  0.059       43
 16:     0.019  0.049  0.012  0.009  0.117  0.011  0.013  0.012  0.195  0.174  0.217  0.012  0.003  0.009  0.089  0.061        4
--------------------------------------------

Allele-freq. divergence among pops (Net nucleotide distance),
computed using point estimates of P.

      1       2       3       4       5       6       7       8       9      10      11      12      13      14      15      16      
 1      -    0.1120  0.0267  0.0396  0.0128  0.0326  0.0361  0.0472  0.0107  0.0101  0.0105  0.0656  0.1092  0.0661  0.0089  0.0184  
 2   0.1120     -    0.1225  0.1522  0.1095  0.1232  0.1049  0.1339  0.1038  0.0991  0.0993  0.1538  0.2016  0.1606  0.0998  0.1185  
 3   0.0267  0.1225     -    0.0453  0.0268  0.0428  0.0462  0.0578  0.0226  0.0199  0.0206  0.0629  0.1075  0.0620  0.0181  0.0328  
 4   0.0396  0.1522  0.0453     -    0.0286  0.0309  0.0640  0.0684  0.0312  0.0291  0.0297  0.0770  0.1378  0.0795  0.0279  0.0287  
 5   0.0128  0.1095  0.0268  0.0286     -    0.0217  0.0353  0.0435  0.0020  0.0031  0.0032  0.0522  0.1058  0.0589  0.0032  0.0029  
 6   0.0326  0.1232  0.0428  0.0309  0.0217     -    0.0472  0.0677  0.0230  0.0202  0.0206  0.0696  0.1315  0.0766  0.0202  0.0223  
 7   0.0361  0.1049  0.0462  0.0640  0.0353  0.0472     -    0.0409  0.0330  0.0308  0.0311  0.0799  0.1453  0.0820  0.0296  0.0411  
 8   0.0472  0.1339  0.0578  0.0684  0.0435  0.0677  0.0409     -    0.0401  0.0398  0.0402  0.0833  0.1440  0.0952  0.0381  0.0512  
 9   0.0107  0.1038  0.0226  0.0312  0.0020  0.0230  0.0330  0.0401     -    0.0010  0.0010  0.0526  0.1007  0.0563  0.0012  0.0087  
10   0.0101  0.0991  0.0199  0.0291  0.0031  0.0202  0.0308  0.0398  0.0010     -    0.0001  0.0506  0.1009  0.0552  0.0004  0.0084  
11   0.0105  0.0993  0.0206  0.0297  0.0032  0.0206  0.0311  0.0402  0.0010  0.0001     -    0.0511  0.1020  0.0559  0.0006  0.0088  
12   0.0656  0.1538  0.0629  0.0770  0.0522  0.0696  0.0799  0.0833  0.0526  0.0506  0.0511     -    0.1709  0.1094  0.0501  0.0547  
13   0.1092  0.2016  0.1075  0.1378  0.1058  0.1315  0.1453  0.1440  0.1007  0.1009  0.1020  0.1709     -    0.1338  0.0975  0.1151  
14   0.0661  0.1606  0.0620  0.0795  0.0589  0.0766  0.0820  0.0952  0.0563  0.0552  0.0559  0.1094  0.1338     -    0.0530  0.0657  
15   0.0089  0.0998  0.0181  0.0279  0.0032  0.0202  0.0296  0.0381  0.0012  0.0004  0.0006  0.0501  0.0975  0.0530     -    0.0084  
16   0.0184  0.1185  0.0328  0.0287  0.0029  0.0223  0.0411  0.0512  0.0087  0.0084  0.0088  0.0547  0.1151  0.0657  0.0084     -    

Average distances (expected heterozygosity) between individuals in same cluster:
cluster  1  : 0.6083 
cluster  2  : 0.4329 
cluster  3  : 0.5932 
cluster  4  : 0.5583 
cluster  5  : 0.6217 
cluster  6  : 0.5552 
cluster  7  : 0.5370 
cluster  8  : 0.5369 
cluster  9  : 0.6360 
cluster 10  : 0.6398 
cluster 11  : 0.6386 
cluster 12  : 0.5320 
cluster 13  : 0.5334 
cluster 14  : 0.5437 
cluster 15  : 0.6438 
cluster 16  : 0.6021 

--------------------------------------------
Estimated Ln Prob of Data   = -49274.0
Mean value of ln likelihood = -46064.9
Variance of ln likelihood   = 6418.3
Mean value of alpha         = 0.0354

Mean value of Fst_1         = 0.0582
Mean value of Fst_2         = 0.4069
Mean value of Fst_3         = 0.0959
Mean value of Fst_4         = 0.1571
Mean value of Fst_5         = 0.0988
Mean value of Fst_6         = 0.1190
Mean value of Fst_7         = 0.1412
Mean value of Fst_8         = 0.1797
Mean value of Fst_9         = 0.0516
Mean value of Fst_10         = 0.0248
Mean value of Fst_11         = 0.0301
Mean value of Fst_12         = 0.2520
Mean value of Fst_13         = 0.3107
Mean value of Fst_14         = 0.2142
Mean value of Fst_15         = 0.0002
Mean value of Fst_16         = 0.1161


Inferred ancestry of individuals:
        Label (%Miss) Pop:  Inferred clusters
  1      221    (0)    1 :  0.010 0.005 0.021 0.007 0.007 0.010 0.888 0.008 0.008 0.007 0.007 0.003 0.003 0.002 0.007 0.007 
  2      222    (0)    1 :  0.008 0.007 0.007 0.004 0.010 0.008 0.370 0.517 0.009 0.008 0.009 0.010 0.004 0.009 0.010 0.009 
  3      223    (0)    1 :  0.028 0.008 0.009 0.005 0.011 0.011 0.858 0.008 0.010 0.010 0.010 0.006 0.003 0.003 0.011 0.010 
  4      224    (0)    1 :  0.003 0.005 0.004 0.003 0.003 0.003 0.950 0.005 0.003 0.003 0.003 0.004 0.001 0.005 0.003 0.002 
  5      225    (0)    1 :  0.006 0.004 0.004 0.003 0.006 0.004 0.928 0.007 0.006 0.006 0.006 0.004 0.002 0.004 0.006 0.005 
  6      226    (0)    1 :  0.010 0.004 0.013 0.002 0.004 0.004 0.921 0.004 0.004 0.005 0.005 0.007 0.006 0.002 0.005 0.004 
  7      227    (0)    1 :  0.018 0.005 0.037 0.005 0.008 0.005 0.845 0.003 0.010 0.010 0.010 0.004 0.015 0.005 0.012 0.007 
  8      228    (0)    1 :  0.009 0.013 0.006 0.004 0.011 0.031 0.851 0.007 0.010 0.009 0.010 0.010 0.003 0.005 0.010 0.011 
  9      234    (0)    1 :  0.004 0.005 0.004 0.004 0.004 0.005 0.937 0.008 0.004 0.005 0.004 0.004 0.003 0.002 0.004 0.004 
 10      235    (0)    1 :  0.003 0.004 0.004 0.002 0.004 0.003 0.945 0.009 0.004 0.004 0.004 0.002 0.004 0.002 0.003 0.004 
 11      236    (0)    1 :  0.003 0.014 0.005 0.002 0.002 0.002 0.949 0.003 0.002 0.003 0.003 0.002 0.002 0.002 0.003 0.002 
 12      237    (0)    1 :  0.006 0.003 0.003 0.005 0.005 0.004 0.936 0.009 0.004 0.004 0.004 0.004 0.002 0.002 0.004 0.006 
 13      238    (0)    1 :  0.009 0.003 0.025 0.006 0.010 0.005 0.832 0.041 0.008 0.010 0.009 0.004 0.003 0.012 0.011 0.011 
 14      239    (0)    1 :  0.041 0.024 0.066 0.009 0.020 0.017 0.655 0.018 0.026 0.024 0.025 0.007 0.006 0.013 0.035 0.012 
 15      240    (0)    1 :  0.003 0.006 0.006 0.004 0.003 0.003 0.941 0.006 0.004 0.004 0.004 0.004 0.002 0.003 0.004 0.003 
 16      242    (0)    1 :  0.103 0.003 0.010 0.008 0.029 0.017 0.282 0.247 0.036 0.057 0.051 0.007 0.001 0.003 0.125 0.021 
 17      243    (0)    1 :  0.010 0.006 0.022 0.006 0.009 0.005 0.824 0.015 0.012 0.016 0.015 0.008 0.018 0.015 0.014 0.007 
 18      244    (0)    1 :  0.017 0.002 0.025 0.003 0.007 0.003 0.874 0.015 0.009 0.008 0.007 0.003 0.013 0.003 0.008 0.005 
 19      245    (0)    1 :  0.011 0.046 0.014 0.023 0.014 0.010 0.769 0.004 0.015 0.018 0.019 0.007 0.010 0.007 0.019 0.014 
 20      246    (0)    1 :  0.003 0.003 0.003 0.002 0.004 0.003 0.937 0.011 0.004 0.005 0.005 0.003 0.006 0.003 0.005 0.003 
 21      248    (0)    1 :  0.009 0.009 0.006 0.004 0.007 0.004 0.851 0.049 0.008 0.007 0.007 0.002 0.003 0.021 0.007 0.006 
 22      249    (0)    1 :  0.003 0.002 0.004 0.002 0.002 0.002 0.963 0.002 0.002 0.002 0.002 0.004 0.001 0.002 0.003 0.002 
 23      250    (0)    1 :  0.010 0.013 0.010 0.006 0.016 0.011 0.829 0.005 0.015 0.014 0.016 0.006 0.006 0.009 0.015 0.018 
 24      251    (0)    1 :  0.006 0.006 0.004 0.006 0.007 0.011 0.907 0.014 0.005 0.005 0.005 0.002 0.005 0.003 0.005 0.008 
 25      252    (0)    1 :  0.008 0.005 0.006 0.010 0.010 0.011 0.849 0.004 0.007 0.008 0.008 0.008 0.001 0.037 0.009 0.017 
 26      253    (0)    1 :  0.030 0.006 0.008 0.003 0.014 0.004 0.800 0.003 0.020 0.024 0.025 0.004 0.003 0.024 0.024 0.007 
 27      254    (0)    1 :  0.007 0.004 0.008 0.005 0.007 0.004 0.924 0.005 0.006 0.006 0.005 0.003 0.002 0.003 0.005 0.006 
 28      255    (0)    1 :  0.013 0.019 0.054 0.006 0.015 0.012 0.501 0.281 0.020 0.017 0.019 0.004 0.003 0.006 0.020 0.010 
 29      256    (0)    1 :  0.005 0.003 0.004 0.004 0.008 0.005 0.846 0.059 0.009 0.011 0.011 0.014 0.002 0.002 0.011 0.007 
 30      257    (0)    1 :  0.010 0.003 0.019 0.011 0.010 0.011 0.864 0.007 0.009 0.009 0.009 0.003 0.003 0.010 0.010 0.010 
 31      258    (0)    1 :  0.009 0.010 0.011 0.015 0.010 0.010 0.846 0.030 0.009 0.011 0.011 0.003 0.002 0.003 0.011 0.009 
 32      259    (0)    1 :  0.007 0.002 0.005 0.015 0.036 0.005 0.828 0.007 0.025 0.011 0.012 0.004 0.002 0.003 0.009 0.027 
 33      260    (0)    1 :  0.005 0.023 0.027 0.003 0.006 0.005 0.813 0.005 0.006 0.006 0.006 0.003 0.006 0.073 0.007 0.005 
 34      261    (0)    1 :  0.004 0.003 0.013 0.116 0.024 0.015 0.715 0.005 0.012 0.013 0.011 0.005 0.002 0.008 0.014 0.038 
 35      262    (0)    1 :  0.002 0.002 0.002 0.003 0.002 0.003 0.962 0.006 0.002 0.002 0.002 0.003 0.001 0.002 0.002 0.002 
 36      263    (0)    1 :  0.005 0.005 0.044 0.005 0.005 0.003 0.853 0.014 0.006 0.006 0.006 0.005 0.005 0.025 0.007 0.006 
 37      264    (0)    1 :  0.004 0.003 0.006 0.009 0.005 0.004 0.917 0.009 0.005 0.005 0.005 0.014 0.001 0.003 0.005 0.005 
 38      265    (0)    1 :  0.003 0.007 0.020 0.008 0.006 0.006 0.857 0.020 0.006 0.006 0.006 0.005 0.002 0.037 0.006 0.005 
 39      266    (0)    1 :  0.003 0.005 0.002 0.002 0.004 0.003 0.952 0.006 0.003 0.004 0.004 0.002 0.001 0.002 0.003 0.003 
 40      267    (0)    1 :  0.005 0.002 0.003 0.003 0.003 0.004 0.933 0.025 0.003 0.003 0.003 0.003 0.002 0.001 0.003 0.002 
 41      268    (0)    1 :  0.007 0.003 0.006 0.004 0.007 0.005 0.867 0.004 0.006 0.007 0.006 0.004 0.008 0.051 0.007 0.008 
 42      269    (0)    1 :  0.004 0.020 0.004 0.007 0.003 0.003 0.929 0.008 0.003 0.003 0.003 0.002 0.001 0.003 0.003 0.003 
 43      270    (0)    1 :  0.005 0.003 0.007 0.003 0.003 0.005 0.926 0.004 0.003 0.003 0.003 0.024 0.002 0.002 0.004 0.003 
 44      271    (0)    1 :  0.015 0.076 0.012 0.024 0.028 0.008 0.676 0.011 0.027 0.025 0.021 0.007 0.003 0.010 0.026 0.029 
 45      272    (0)    1 :  0.007 0.013 0.008 0.091 0.026 0.009 0.266 0.403 0.025 0.033 0.032 0.018 0.007 0.005 0.040 0.016 
 46      273    (0)    1 :  0.017 0.010 0.036 0.009 0.012 0.018 0.790 0.016 0.015 0.014 0.015 0.019 0.002 0.003 0.015 0.008 
 47      274    (0)    1 :  0.005 0.007 0.009 0.015 0.005 0.006 0.910 0.004 0.005 0.005 0.005 0.003 0.003 0.006 0.006 0.005 
 48      275    (2)    1 :  0.005 0.003 0.007 0.003 0.004 0.005 0.934 0.009 0.004 0.004 0.004 0.003 0.002 0.002 0.004 0.004 
 49      276    (0)    1 :  0.007 0.005 0.005 0.009 0.009 0.006 0.906 0.006 0.006 0.007 0.007 0.004 0.002 0.005 0.007 0.010 
 50      277    (0)    1 :  0.006 0.012 0.008 0.009 0.030 0.041 0.767 0.003 0.012 0.018 0.017 0.007 0.001 0.002 0.011 0.055 
 51      278    (0)    1 :  0.010 0.005 0.006 0.012 0.032 0.020 0.796 0.017 0.012 0.008 0.008 0.002 0.008 0.005 0.008 0.051 
 52      279    (0)    1 :  0.010 0.003 0.006 0.004 0.013 0.006 0.862 0.017 0.017 0.015 0.015 0.004 0.002 0.003 0.012 0.009 
 53      280    (0)    1 :  0.013 0.067 0.019 0.009 0.016 0.025 0.770 0.008 0.013 0.011 0.012 0.003 0.003 0.005 0.012 0.015 
 54      287    (0)    1 :  0.007 0.003 0.012 0.006 0.015 0.011 0.852 0.004 0.014 0.016 0.015 0.006 0.004 0.006 0.017 0.011 
 55      290    (0)    1 :  0.008 0.006 0.010 0.014 0.014 0.009 0.754 0.094 0.016 0.013 0.014 0.017 0.006 0.003 0.012 0.011 
 56      291    (0)    1 :  0.005 0.014 0.007 0.010 0.023 0.035 0.820 0.003 0.016 0.010 0.011 0.003 0.003 0.006 0.010 0.022 
 57      295    (0)    1 :  0.003 0.003 0.005 0.006 0.004 0.029 0.915 0.006 0.004 0.004 0.004 0.003 0.001 0.003 0.004 0.005 
 58      296    (0)    1 :  0.008 0.005 0.004 0.003 0.004 0.003 0.922 0.010 0.004 0.005 0.005 0.011 0.003 0.005 0.005 0.005 
 59      872    (2)    1 :  0.004 0.004 0.005 0.004 0.006 0.004 0.832 0.093 0.006 0.006 0.005 0.005 0.007 0.007 0.006 0.007 
 60      873    (4)    1 :  0.011 0.010 0.014 0.003 0.015 0.003 0.818 0.029 0.011 0.013 0.012 0.020 0.004 0.003 0.020 0.013 
 61      874    (2)    1 :  0.007 0.002 0.005 0.009 0.012 0.007 0.899 0.013 0.006 0.005 0.004 0.004 0.001 0.003 0.005 0.017 
 62      875    (0)    1 :  0.006 0.006 0.006 0.004 0.005 0.005 0.903 0.015 0.005 0.006 0.005 0.003 0.018 0.002 0.006 0.004 
 63      876    (6)    1 :  0.017 0.005 0.021 0.007 0.009 0.015 0.860 0.005 0.008 0.008 0.008 0.004 0.001 0.011 0.009 0.011 
 64      070    (0)   10 :  0.003 0.001 0.003 0.003 0.004 0.002 0.002 0.003 0.004 0.004 0.004 0.002 0.955 0.002 0.005 0.003 
 65      071    (0)   10 :  0.003 0.005 0.004 0.003 0.003 0.003 0.002 0.002 0.003 0.003 0.003 0.002 0.954 0.005 0.003 0.003 
 66      072    (0)   10 :  0.002 0.003 0.002 0.002 0.002 0.002 0.002 0.002 0.002 0.002 0.002 0.001 0.974 0.001 0.002 0.001 
 67      151    (0)   10 :  0.001 0.001 0.002 0.002 0.002 0.002 0.001 0.001 0.002 0.002 0.001 0.001 0.977 0.002 0.002 0.002 
 68      152    (0)   10 :  0.005 0.004 0.004 0.004 0.004 0.005 0.003 0.002 0.005 0.005 0.005 0.002 0.941 0.002 0.005 0.003 
 69      153    (2)   10 :  0.001 0.001 0.002 0.001 0.001 0.001 0.001 0.002 0.002 0.001 0.001 0.001 0.979 0.001 0.001 0.001 
 70      788    (4)   10 :  0.002 0.003 0.003 0.003 0.003 0.004 0.002 0.001 0.003 0.003 0.003 0.001 0.961 0.002 0.003 0.003 
 71      789    (2)   10 :  0.002 0.002 0.002 0.002 0.002 0.002 0.002 0.002 0.002 0.002 0.002 0.001 0.971 0.003 0.002 0.002 
 72      790    (0)   10 :  0.002 0.003 0.002 0.001 0.002 0.002 0.002 0.002 0.002 0.002 0.002 0.001 0.971 0.001 0.002 0.002 
 73      010    (0)   11 :  0.022 0.008 0.010 0.004 0.156 0.005 0.005 0.006 0.318 0.160 0.157 0.007 0.002 0.004 0.069 0.067 
 74      024    (0)   11 :  0.016 0.005 0.009 0.027 0.096 0.009 0.005 0.005 0.135 0.176 0.118 0.007 0.006 0.009 0.344 0.032 
 75      051    (0)   11 :  0.025 0.004 0.199 0.005 0.102 0.005 0.005 0.007 0.206 0.119 0.147 0.005 0.015 0.008 0.105 0.043 
 76      090    (0)   11 :  0.072 0.003 0.050 0.008 0.082 0.011 0.007 0.008 0.134 0.193 0.153 0.014 0.008 0.005 0.217 0.035 
 77      102    (0)   11 :  0.033 0.004 0.017 0.013 0.102 0.058 0.027 0.031 0.104 0.161 0.168 0.012 0.002 0.003 0.138 0.127 
 78      111    (0)   11 :  0.080 0.065 0.010 0.026 0.127 0.006 0.005 0.022 0.214 0.121 0.145 0.005 0.002 0.004 0.116 0.053 
 79      113    (0)   11 :  0.057 0.003 0.067 0.046 0.115 0.018 0.005 0.031 0.190 0.111 0.162 0.007 0.006 0.005 0.105 0.071 
 80      138    (0)   11 :  0.472 0.003 0.016 0.006 0.042 0.013 0.009 0.003 0.059 0.079 0.060 0.003 0.045 0.075 0.096 0.019 
 81      150    (0)   11 :  0.062 0.002 0.071 0.022 0.205 0.033 0.015 0.007 0.020 0.030 0.029 0.006 0.017 0.004 0.036 0.440 
 82      173    (2)   11 :  0.028 0.007 0.151 0.037 0.050 0.012 0.005 0.006 0.072 0.141 0.102 0.032 0.023 0.014 0.296 0.023 
 83      174    (2)   11 :  0.246 0.004 0.014 0.015 0.110 0.003 0.007 0.023 0.203 0.101 0.136 0.005 0.025 0.004 0.044 0.060 
 84      175    (0)   11 :  0.021 0.002 0.017 0.005 0.110 0.006 0.002 0.011 0.227 0.171 0.176 0.005 0.007 0.003 0.191 0.044 
 85      176    (0)   11 :  0.019 0.007 0.008 0.007 0.132 0.005 0.015 0.020 0.238 0.134 0.191 0.003 0.005 0.011 0.138 0.067 
 86      177    (0)   11 :  0.045 0.002 0.228 0.045 0.081 0.008 0.003 0.008 0.147 0.121 0.135 0.004 0.003 0.002 0.132 0.034 
 87      180    (0)   11 :  0.091 0.005 0.109 0.006 0.083 0.005 0.022 0.104 0.140 0.129 0.126 0.004 0.004 0.007 0.136 0.027 
 88      184    (0)   11 :  0.452 0.005 0.013 0.015 0.055 0.016 0.006 0.004 0.050 0.085 0.070 0.035 0.015 0.006 0.103 0.070 
 89      195    (0)   11 :  0.016 0.032 0.013 0.009 0.100 0.010 0.005 0.004 0.235 0.182 0.166 0.006 0.006 0.014 0.163 0.038 
 90      198    (0)   11 :  0.220 0.031 0.016 0.005 0.087 0.007 0.010 0.015 0.142 0.145 0.112 0.003 0.003 0.006 0.160 0.037 
 91      203    (0)   11 :  0.011 0.003 0.010 0.010 0.158 0.006 0.008 0.009 0.282 0.166 0.124 0.008 0.009 0.005 0.122 0.070 
 92      211    (0)   11 :  0.025 0.003 0.008 0.034 0.106 0.011 0.025 0.005 0.140 0.135 0.148 0.004 0.003 0.078 0.212 0.065 
 93      220    (0)   11 :  0.041 0.007 0.069 0.042 0.110 0.018 0.004 0.008 0.112 0.162 0.124 0.009 0.002 0.009 0.140 0.141 
 94      233    (0)   11 :  0.015 0.002 0.017 0.019 0.053 0.148 0.009 0.004 0.087 0.174 0.125 0.033 0.006 0.040 0.250 0.018 
 95      331    (0)   11 :  0.020 0.008 0.032 0.010 0.127 0.005 0.005 0.005 0.214 0.184 0.143 0.008 0.007 0.005 0.178 0.049 
 96      349    (0)   11 :  0.016 0.005 0.033 0.005 0.050 0.012 0.006 0.009 0.115 0.112 0.109 0.399 0.011 0.006 0.095 0.019 
 97      410    (0)   11 :  0.225 0.003 0.015 0.007 0.050 0.003 0.008 0.009 0.097 0.142 0.108 0.004 0.003 0.025 0.288 0.013 
 98      417    (2)   11 :  0.110 0.007 0.006 0.004 0.079 0.007 0.024 0.008 0.145 0.193 0.239 0.008 0.002 0.005 0.124 0.040 
 99      421    (0)   12 :  0.008 0.058 0.004 0.014 0.008 0.844 0.008 0.004 0.008 0.008 0.008 0.009 0.002 0.005 0.008 0.006 
100      423    (0)   12 :  0.033 0.003 0.010 0.003 0.101 0.004 0.005 0.010 0.226 0.189 0.204 0.023 0.008 0.002 0.138 0.040 
101      424    (0)   12 :  0.179 0.004 0.307 0.018 0.049 0.005 0.013 0.028 0.085 0.097 0.088 0.007 0.002 0.003 0.101 0.013 
102      433    (0)   12 :  0.138 0.003 0.008 0.030 0.086 0.134 0.004 0.004 0.074 0.146 0.196 0.003 0.002 0.015 0.049 0.109 
103      462    (0)   12 :  0.071 0.006 0.076 0.016 0.084 0.074 0.007 0.008 0.125 0.139 0.177 0.012 0.002 0.021 0.136 0.044 
104      463    (0)   12 :  0.095 0.018 0.007 0.006 0.087 0.006 0.010 0.005 0.180 0.164 0.152 0.049 0.003 0.004 0.176 0.037 
105      467    (0)   12 :  0.009 0.004 0.014 0.244 0.069 0.370 0.028 0.005 0.017 0.021 0.020 0.019 0.008 0.011 0.026 0.133 
106      468    (0)   12 :  0.007 0.027 0.008 0.012 0.012 0.082 0.016 0.008 0.008 0.010 0.009 0.767 0.003 0.002 0.010 0.020 
107      469    (0)   12 :  0.057 0.029 0.005 0.049 0.070 0.096 0.045 0.007 0.096 0.170 0.206 0.003 0.002 0.003 0.101 0.060 
108      472    (0)   12 :  0.025 0.014 0.009 0.004 0.124 0.032 0.006 0.002 0.133 0.155 0.141 0.006 0.005 0.008 0.270 0.066 
109      473    (0)   12 :  0.025 0.005 0.007 0.010 0.016 0.005 0.003 0.004 0.023 0.025 0.022 0.810 0.003 0.007 0.023 0.012 
110      474    (0)   12 :  0.004 0.002 0.004 0.004 0.279 0.005 0.005 0.003 0.003 0.003 0.003 0.020 0.001 0.006 0.003 0.655 
111      475    (0)   12 :  0.037 0.003 0.009 0.021 0.102 0.239 0.004 0.006 0.178 0.114 0.117 0.026 0.003 0.003 0.073 0.064 
112      476    (2)   12 :  0.004 0.002 0.004 0.013 0.271 0.005 0.003 0.005 0.006 0.006 0.006 0.024 0.008 0.010 0.006 0.627 
113      477    (0)   12 :  0.013 0.003 0.007 0.006 0.069 0.014 0.007 0.005 0.111 0.269 0.296 0.012 0.005 0.018 0.138 0.027 
114      478    (0)   12 :  0.008 0.003 0.014 0.181 0.073 0.019 0.012 0.048 0.117 0.153 0.137 0.004 0.002 0.003 0.196 0.032 
115      479    (0)   12 :  0.259 0.017 0.010 0.004 0.176 0.063 0.013 0.005 0.013 0.017 0.015 0.004 0.004 0.003 0.018 0.379 
116      480    (0)   12 :  0.007 0.001 0.005 0.022 0.007 0.894 0.003 0.004 0.007 0.007 0.007 0.020 0.002 0.002 0.007 0.008 
117      481    (0)   12 :  0.142 0.004 0.014 0.008 0.080 0.024 0.006 0.009 0.094 0.143 0.113 0.017 0.049 0.003 0.209 0.086 
118      482    (0)   12 :  0.083 0.075 0.016 0.132 0.090 0.022 0.004 0.005 0.127 0.115 0.103 0.004 0.002 0.047 0.140 0.035 
119      489    (0)   12 :  0.036 0.005 0.007 0.017 0.104 0.019 0.004 0.006 0.213 0.173 0.185 0.022 0.005 0.015 0.158 0.033 
120      490    (0)   12 :  0.815 0.005 0.012 0.022 0.023 0.008 0.016 0.008 0.021 0.015 0.015 0.003 0.004 0.003 0.020 0.009 
121      491    (0)   12 :  0.081 0.008 0.068 0.008 0.067 0.019 0.005 0.004 0.076 0.135 0.092 0.008 0.009 0.109 0.273 0.039 
122      492    (0)   12 :  0.009 0.003 0.007 0.012 0.252 0.006 0.013 0.037 0.012 0.013 0.012 0.026 0.003 0.009 0.013 0.574 
123      493    (0)   12 :  0.007 0.005 0.019 0.004 0.214 0.073 0.007 0.004 0.043 0.051 0.068 0.004 0.009 0.006 0.036 0.450 
124      494    (0)   12 :  0.202 0.010 0.017 0.010 0.066 0.230 0.004 0.003 0.083 0.087 0.078 0.010 0.026 0.037 0.102 0.034 
125      498    (0)   12 :  0.113 0.003 0.007 0.006 0.077 0.008 0.021 0.013 0.099 0.126 0.123 0.041 0.007 0.004 0.267 0.083 
126      499    (0)   12 :  0.027 0.003 0.043 0.025 0.137 0.008 0.011 0.006 0.244 0.152 0.115 0.006 0.003 0.007 0.143 0.070 
127      709    (0)   12 :  0.155 0.017 0.012 0.015 0.067 0.006 0.008 0.009 0.097 0.151 0.136 0.004 0.084 0.011 0.199 0.031 
128      710    (4)   12 :  0.026 0.009 0.003 0.005 0.075 0.162 0.006 0.004 0.125 0.221 0.264 0.006 0.006 0.003 0.057 0.030 
129      711    (2)   12 :  0.032 0.023 0.108 0.006 0.077 0.022 0.016 0.060 0.128 0.153 0.146 0.007 0.006 0.003 0.174 0.040 
130      712    (4)   12 :  0.899 0.004 0.009 0.006 0.009 0.009 0.007 0.006 0.009 0.009 0.011 0.003 0.002 0.004 0.009 0.006 
131      713    (0)   12 :  0.013 0.021 0.008 0.006 0.137 0.003 0.004 0.005 0.256 0.162 0.127 0.010 0.004 0.008 0.188 0.049 
132      714    (2)   12 :  0.007 0.005 0.019 0.019 0.108 0.395 0.010 0.008 0.022 0.028 0.028 0.041 0.017 0.002 0.028 0.263 
133      715    (4)   12 :  0.025 0.013 0.024 0.088 0.024 0.640 0.031 0.014 0.019 0.015 0.015 0.003 0.013 0.034 0.019 0.022 
134      716    (0)   12 :  0.011 0.005 0.005 0.018 0.219 0.147 0.003 0.005 0.020 0.020 0.021 0.004 0.002 0.004 0.019 0.496 
135      717    (2)   12 :  0.014 0.009 0.012 0.333 0.074 0.020 0.007 0.087 0.103 0.115 0.103 0.011 0.003 0.010 0.060 0.039 
136      718    (4)   12 :  0.763 0.010 0.018 0.005 0.015 0.021 0.011 0.006 0.023 0.045 0.040 0.004 0.002 0.002 0.020 0.013 
137      719    (0)   12 :  0.004 0.005 0.002 0.005 0.004 0.952 0.003 0.002 0.004 0.004 0.004 0.003 0.001 0.002 0.003 0.004 
138      720    (2)   12 :  0.007 0.009 0.009 0.071 0.045 0.417 0.007 0.006 0.061 0.114 0.169 0.012 0.002 0.013 0.039 0.019 
139      721    (0)   12 :  0.020 0.012 0.018 0.021 0.169 0.029 0.004 0.005 0.060 0.122 0.104 0.025 0.035 0.006 0.075 0.294 
140      722    (4)   12 :  0.012 0.022 0.006 0.170 0.023 0.533 0.010 0.006 0.015 0.030 0.046 0.083 0.002 0.002 0.010 0.029 
141      723    (0)   12 :  0.006 0.002 0.003 0.009 0.016 0.862 0.003 0.006 0.011 0.014 0.014 0.002 0.007 0.005 0.021 0.019 
142      724    (0)   12 :  0.009 0.062 0.007 0.019 0.047 0.638 0.013 0.011 0.016 0.016 0.017 0.010 0.005 0.009 0.022 0.098 
143      725    (0)   12 :  0.021 0.009 0.013 0.014 0.103 0.027 0.005 0.008 0.178 0.138 0.164 0.019 0.004 0.011 0.233 0.052 
144      726    (0)   12 :  0.014 0.010 0.007 0.012 0.129 0.011 0.004 0.003 0.116 0.195 0.206 0.032 0.006 0.005 0.105 0.144 
145      727    (0)   12 :  0.059 0.008 0.013 0.013 0.189 0.014 0.005 0.003 0.107 0.097 0.099 0.006 0.010 0.011 0.090 0.277 
146      728    (2)   12 :  0.008 0.009 0.011 0.009 0.085 0.010 0.008 0.013 0.148 0.165 0.175 0.003 0.107 0.006 0.213 0.028 
147      729    (6)   12 :  0.045 0.004 0.014 0.038 0.058 0.019 0.005 0.005 0.086 0.223 0.212 0.003 0.005 0.004 0.260 0.019 
148      730    (2)   12 :  0.631 0.014 0.012 0.039 0.041 0.042 0.010 0.009 0.049 0.038 0.039 0.002 0.007 0.005 0.040 0.021 
149      731    (2)   12 :  0.839 0.004 0.005 0.003 0.010 0.005 0.008 0.004 0.020 0.038 0.027 0.006 0.002 0.002 0.020 0.007 
150      732    (0)   12 :  0.012 0.006 0.010 0.019 0.137 0.013 0.009 0.012 0.155 0.135 0.208 0.008 0.002 0.006 0.129 0.139 
151      733    (0)   12 :  0.057 0.032 0.012 0.020 0.086 0.022 0.010 0.008 0.142 0.200 0.227 0.003 0.005 0.003 0.139 0.034 
152      734    (2)   12 :  0.052 0.001 0.054 0.064 0.090 0.006 0.008 0.007 0.145 0.133 0.126 0.004 0.009 0.096 0.154 0.052 
153      735    (4)   12 :  0.093 0.008 0.033 0.009 0.082 0.046 0.005 0.008 0.145 0.150 0.123 0.063 0.003 0.008 0.187 0.037 
154      736    (2)   12 :  0.297 0.003 0.017 0.006 0.092 0.005 0.004 0.005 0.188 0.115 0.106 0.004 0.019 0.024 0.077 0.037 
155      737    (0)   12 :  0.682 0.004 0.018 0.005 0.026 0.003 0.012 0.032 0.035 0.042 0.047 0.013 0.014 0.004 0.045 0.017 
156      738    (2)   12 :  0.397 0.003 0.098 0.006 0.051 0.008 0.008 0.005 0.087 0.096 0.107 0.004 0.003 0.005 0.093 0.029 
157      739    (8)   12 :  0.689 0.004 0.012 0.012 0.033 0.036 0.008 0.005 0.033 0.039 0.032 0.009 0.015 0.006 0.051 0.016 
158      740    (4)   12 :  0.594 0.015 0.004 0.007 0.026 0.079 0.005 0.005 0.037 0.067 0.051 0.004 0.002 0.003 0.076 0.027 
159      741    (2)   12 :  0.152 0.024 0.010 0.072 0.064 0.015 0.056 0.076 0.104 0.113 0.098 0.027 0.002 0.020 0.135 0.032 
160      742    (4)   12 :  0.346 0.002 0.083 0.006 0.067 0.014 0.011 0.019 0.126 0.097 0.088 0.006 0.006 0.005 0.093 0.031 
161      743    (2)   12 :  0.012 0.003 0.007 0.740 0.024 0.092 0.007 0.004 0.013 0.015 0.015 0.003 0.002 0.013 0.014 0.035 
162      744    (0)   12 :  0.036 0.003 0.007 0.011 0.106 0.101 0.004 0.005 0.188 0.147 0.145 0.004 0.033 0.004 0.139 0.066 
163      745    (0)   12 :  0.022 0.017 0.007 0.044 0.054 0.341 0.042 0.024 0.082 0.109 0.080 0.010 0.014 0.005 0.126 0.022 
164      746    (2)   12 :  0.272 0.010 0.010 0.003 0.069 0.009 0.004 0.037 0.128 0.143 0.112 0.004 0.004 0.005 0.168 0.020 
165      747    (2)   12 :  0.457 0.006 0.060 0.004 0.053 0.014 0.033 0.008 0.072 0.076 0.066 0.016 0.006 0.023 0.076 0.029 
166      748    (0)   12 :  0.028 0.015 0.073 0.004 0.075 0.005 0.083 0.025 0.068 0.113 0.086 0.113 0.006 0.016 0.201 0.088 
167      749    (2)   12 :  0.032 0.031 0.057 0.017 0.094 0.006 0.007 0.007 0.177 0.159 0.130 0.003 0.013 0.018 0.216 0.034 
168      750    (4)   12 :  0.082 0.006 0.010 0.041 0.087 0.006 0.008 0.021 0.156 0.168 0.138 0.005 0.005 0.005 0.232 0.030 
169      751    (0)   12 :  0.040 0.008 0.051 0.022 0.052 0.012 0.010 0.007 0.107 0.179 0.130 0.012 0.015 0.007 0.324 0.022 
170      752    (2)   12 :  0.018 0.003 0.005 0.009 0.015 0.092 0.012 0.005 0.006 0.008 0.008 0.775 0.002 0.003 0.008 0.029 
171      753    (4)   12 :  0.014 0.014 0.039 0.009 0.096 0.050 0.023 0.006 0.157 0.179 0.153 0.058 0.011 0.032 0.104 0.054 
172      754    (2)   12 :  0.929 0.002 0.004 0.009 0.014 0.003 0.003 0.003 0.005 0.005 0.005 0.003 0.003 0.003 0.005 0.005 
173      155    (0)   13 :  0.013 0.006 0.007 0.010 0.093 0.007 0.022 0.006 0.141 0.177 0.163 0.005 0.004 0.039 0.267 0.040 
174      156    (2)   13 :  0.016 0.007 0.007 0.033 0.125 0.009 0.014 0.007 0.223 0.119 0.163 0.004 0.121 0.005 0.083 0.065 
175      157    (2)   13 :  0.812 0.004 0.006 0.020 0.021 0.007 0.004 0.004 0.021 0.017 0.021 0.021 0.002 0.010 0.016 0.013 
176      158    (0)   13 :  0.016 0.006 0.030 0.004 0.100 0.026 0.007 0.009 0.167 0.151 0.177 0.003 0.004 0.007 0.247 0.045 
177      159    (0)   13 :  0.122 0.111 0.012 0.004 0.066 0.012 0.012 0.007 0.102 0.146 0.110 0.012 0.012 0.003 0.229 0.039 
178      160    (0)   13 :  0.118 0.004 0.029 0.015 0.212 0.014 0.015 0.003 0.018 0.030 0.029 0.005 0.003 0.009 0.027 0.470 
179      161    (0)   13 :  0.350 0.010 0.009 0.018 0.054 0.010 0.004 0.003 0.081 0.138 0.196 0.009 0.003 0.010 0.077 0.027 
180      162    (0)   13 :  0.005 0.002 0.014 0.116 0.164 0.028 0.007 0.006 0.195 0.113 0.078 0.013 0.005 0.005 0.071 0.177 
181      163    (2)   13 :  0.100 0.002 0.047 0.013 0.121 0.006 0.003 0.007 0.243 0.128 0.183 0.012 0.009 0.003 0.071 0.052 
182      164    (0)   13 :  0.056 0.005 0.014 0.008 0.085 0.024 0.043 0.010 0.160 0.162 0.131 0.038 0.002 0.020 0.212 0.031 
183      165    (2)   13 :  0.026 0.003 0.002 0.003 0.287 0.004 0.004 0.003 0.269 0.055 0.118 0.003 0.003 0.003 0.015 0.201 
184      427    (0)   13 :  0.008 0.024 0.015 0.015 0.013 0.743 0.005 0.003 0.010 0.014 0.012 0.004 0.009 0.096 0.015 0.015 
185      428    (0)   13 :  0.004 0.015 0.038 0.008 0.017 0.794 0.008 0.005 0.009 0.017 0.017 0.022 0.003 0.004 0.011 0.028 
186      429    (0)   13 :  0.005 0.008 0.006 0.572 0.008 0.322 0.005 0.008 0.008 0.012 0.010 0.008 0.003 0.003 0.016 0.008 
187      430    (0)   13 :  0.028 0.005 0.064 0.025 0.105 0.011 0.022 0.048 0.119 0.161 0.132 0.026 0.002 0.004 0.148 0.098 
188      431    (0)   13 :  0.013 0.007 0.013 0.221 0.118 0.156 0.047 0.024 0.029 0.036 0.037 0.006 0.002 0.005 0.040 0.246 
189      435    (0)   13 :  0.007 0.003 0.004 0.349 0.017 0.525 0.003 0.004 0.006 0.009 0.008 0.009 0.002 0.002 0.008 0.043 
190      436    (0)   13 :  0.005 0.007 0.003 0.034 0.211 0.193 0.006 0.004 0.005 0.006 0.007 0.003 0.002 0.003 0.006 0.505 
191      437    (0)   13 :  0.010 0.029 0.005 0.009 0.174 0.154 0.054 0.007 0.025 0.050 0.064 0.009 0.002 0.005 0.024 0.380 
192      438    (0)   13 :  0.015 0.014 0.018 0.015 0.052 0.446 0.035 0.018 0.031 0.082 0.089 0.039 0.008 0.002 0.031 0.106 
193      439    (0)   13 :  0.148 0.004 0.016 0.037 0.076 0.181 0.010 0.029 0.066 0.095 0.084 0.037 0.005 0.004 0.133 0.076 
194      441    (0)   13 :  0.002 0.001 0.003 0.003 0.003 0.005 0.003 0.004 0.003 0.003 0.003 0.956 0.001 0.003 0.003 0.004 
195      442    (0)   13 :  0.005 0.003 0.012 0.133 0.011 0.516 0.012 0.003 0.015 0.027 0.023 0.018 0.005 0.182 0.027 0.009 
196      443    (4)   13 :  0.012 0.003 0.011 0.004 0.006 0.904 0.008 0.004 0.005 0.006 0.006 0.013 0.002 0.002 0.006 0.007 
197      444    (4)   13 :  0.005 0.008 0.007 0.010 0.007 0.909 0.006 0.003 0.007 0.006 0.006 0.002 0.004 0.008 0.007 0.007 
198      445    (2)   13 :  0.007 0.009 0.004 0.006 0.057 0.283 0.034 0.005 0.071 0.206 0.218 0.009 0.006 0.004 0.058 0.023 
199      446    (0)   13 :  0.004 0.002 0.004 0.938 0.004 0.011 0.002 0.003 0.004 0.005 0.004 0.002 0.003 0.004 0.004 0.005 
200      447    (0)   13 :  0.018 0.007 0.008 0.312 0.025 0.472 0.022 0.003 0.017 0.022 0.020 0.003 0.004 0.006 0.026 0.032 
201      449    (0)   13 :  0.003 0.003 0.003 0.006 0.005 0.939 0.005 0.005 0.003 0.004 0.004 0.003 0.002 0.005 0.004 0.008 
202      460    (0)   13 :  0.009 0.007 0.007 0.099 0.028 0.515 0.017 0.007 0.027 0.039 0.034 0.151 0.002 0.006 0.028 0.024 
203      461    (0)   13 :  0.093 0.007 0.050 0.022 0.090 0.129 0.022 0.014 0.061 0.107 0.096 0.006 0.002 0.007 0.135 0.159 
204      484    (0)   13 :  0.064 0.004 0.159 0.067 0.044 0.037 0.109 0.156 0.050 0.070 0.060 0.015 0.008 0.012 0.125 0.019 
205      485    (0)   13 :  0.020 0.002 0.003 0.013 0.032 0.788 0.004 0.004 0.015 0.016 0.023 0.011 0.002 0.004 0.013 0.049 
206      486    (0)   13 :  0.002 0.002 0.002 0.002 0.002 0.002 0.002 0.002 0.002 0.002 0.002 0.973 0.001 0.002 0.002 0.002 
207      487    (0)   13 :  0.021 0.006 0.012 0.113 0.084 0.325 0.006 0.007 0.077 0.067 0.058 0.012 0.003 0.011 0.064 0.132 
208      178    (0)   14 :  0.028 0.003 0.011 0.035 0.123 0.117 0.004 0.003 0.089 0.160 0.185 0.010 0.005 0.006 0.054 0.168 
209      422    (0)   14 :  0.037 0.003 0.006 0.321 0.018 0.508 0.015 0.006 0.011 0.013 0.015 0.004 0.003 0.003 0.012 0.025 
210      425    (0)   14 :  0.012 0.006 0.007 0.692 0.050 0.047 0.005 0.002 0.016 0.018 0.016 0.005 0.001 0.003 0.021 0.099 
211      426    (0)   14 :  0.047 0.003 0.189 0.090 0.056 0.016 0.004 0.004 0.072 0.097 0.081 0.003 0.118 0.023 0.141 0.054 
212      432    (0)   14 :  0.016 0.008 0.036 0.026 0.053 0.257 0.009 0.008 0.083 0.134 0.103 0.010 0.008 0.008 0.214 0.026 
213      434    (0)   14 :  0.003 0.004 0.003 0.952 0.003 0.005 0.003 0.004 0.003 0.003 0.003 0.002 0.002 0.003 0.003 0.003 
214      440    (0)   14 :  0.007 0.002 0.031 0.336 0.068 0.061 0.004 0.007 0.080 0.103 0.102 0.025 0.003 0.012 0.067 0.090 
215      448    (2)   14 :  0.011 0.039 0.010 0.021 0.006 0.810 0.010 0.029 0.007 0.009 0.009 0.006 0.002 0.012 0.010 0.007 
216      456    (0)   14 :  0.009 0.004 0.019 0.039 0.105 0.028 0.058 0.079 0.092 0.115 0.118 0.005 0.003 0.009 0.189 0.127 
217      457    (0)   14 :  0.016 0.009 0.019 0.041 0.089 0.268 0.017 0.023 0.058 0.099 0.067 0.032 0.005 0.005 0.107 0.146 
218      458    (0)   14 :  0.096 0.005 0.043 0.028 0.149 0.023 0.011 0.004 0.043 0.072 0.058 0.010 0.007 0.017 0.145 0.287 
219      459    (0)   14 :  0.014 0.002 0.011 0.009 0.010 0.859 0.007 0.004 0.012 0.015 0.018 0.008 0.003 0.005 0.013 0.009 
220      464    (0)   14 :  0.008 0.003 0.005 0.129 0.066 0.518 0.004 0.004 0.022 0.028 0.030 0.014 0.006 0.011 0.020 0.133 
221      465    (0)   14 :  0.012 0.002 0.004 0.434 0.145 0.012 0.004 0.006 0.008 0.010 0.010 0.006 0.001 0.002 0.008 0.335 
222      466    (0)   14 :  0.021 0.015 0.009 0.050 0.053 0.376 0.021 0.006 0.059 0.121 0.177 0.015 0.001 0.004 0.042 0.031 
223      470    (0)   14 :  0.009 0.003 0.013 0.021 0.093 0.474 0.004 0.006 0.007 0.008 0.009 0.102 0.002 0.006 0.009 0.233 
224      471    (0)   14 :  0.011 0.023 0.048 0.475 0.026 0.164 0.008 0.031 0.033 0.037 0.036 0.006 0.035 0.003 0.042 0.022 
225      483    (0)   14 :  0.014 0.002 0.007 0.873 0.006 0.052 0.003 0.003 0.006 0.005 0.005 0.004 0.002 0.006 0.006 0.005 
226      488    (0)   14 :  0.013 0.002 0.005 0.003 0.273 0.012 0.007 0.003 0.006 0.009 0.007 0.006 0.002 0.003 0.008 0.640 
227      495    (0)   14 :  0.019 0.002 0.006 0.803 0.020 0.029 0.014 0.017 0.009 0.010 0.010 0.003 0.001 0.003 0.012 0.041 
228      496    (0)   14 :  0.014 0.005 0.005 0.045 0.268 0.014 0.002 0.004 0.010 0.008 0.008 0.004 0.002 0.002 0.008 0.600 
229      497    (0)   14 :  0.004 0.004 0.002 0.871 0.006 0.011 0.005 0.024 0.007 0.008 0.008 0.002 0.002 0.030 0.009 0.006 
230      500    (0)   14 :  0.063 0.015 0.007 0.008 0.058 0.040 0.382 0.026 0.075 0.077 0.090 0.035 0.004 0.003 0.070 0.047 
231      879    (0)   14 :  0.005 0.001 0.006 0.892 0.005 0.054 0.003 0.002 0.004 0.004 0.004 0.005 0.002 0.006 0.004 0.004 
232      036    (0)   15 :  0.019 0.012 0.005 0.009 0.072 0.014 0.006 0.004 0.100 0.180 0.149 0.005 0.005 0.002 0.395 0.025 
233      063    (2)   15 :  0.057 0.003 0.046 0.009 0.117 0.029 0.013 0.029 0.173 0.143 0.198 0.010 0.004 0.014 0.103 0.052 
234      094    (4)   15 :  0.278 0.011 0.016 0.007 0.080 0.020 0.060 0.012 0.068 0.094 0.077 0.006 0.005 0.009 0.154 0.103 
235      103    (4)   15 :  0.028 0.003 0.003 0.004 0.285 0.005 0.003 0.012 0.267 0.054 0.116 0.005 0.002 0.004 0.012 0.198 
236      112    (0)   15 :  0.350 0.003 0.043 0.007 0.086 0.006 0.006 0.007 0.126 0.106 0.094 0.010 0.004 0.006 0.118 0.029 
237      114    (2)   15 :  0.090 0.008 0.004 0.011 0.105 0.010 0.004 0.004 0.162 0.157 0.143 0.015 0.003 0.004 0.212 0.067 
238      120    (0)   15 :  0.739 0.013 0.015 0.007 0.041 0.007 0.014 0.006 0.028 0.027 0.028 0.006 0.003 0.004 0.032 0.029 
239      127    (2)   15 :  0.041 0.005 0.062 0.005 0.084 0.004 0.007 0.005 0.095 0.152 0.119 0.076 0.003 0.006 0.244 0.092 
240      147    (0)   15 :  0.024 0.005 0.211 0.012 0.069 0.012 0.002 0.005 0.140 0.129 0.113 0.007 0.051 0.006 0.186 0.028 
241      166    (0)   15 :  0.045 0.003 0.103 0.006 0.115 0.023 0.004 0.008 0.140 0.122 0.113 0.004 0.032 0.020 0.147 0.113 
242      167    (0)   15 :  0.019 0.010 0.006 0.136 0.140 0.013 0.006 0.054 0.185 0.118 0.086 0.016 0.005 0.004 0.080 0.122 
243      168    (0)   15 :  0.015 0.016 0.004 0.007 0.114 0.011 0.004 0.004 0.225 0.194 0.134 0.003 0.003 0.004 0.219 0.041 
244      169    (2)   15 :  0.041 0.006 0.047 0.104 0.134 0.044 0.008 0.006 0.133 0.111 0.097 0.004 0.005 0.004 0.112 0.144 
245      170    (0)   15 :  0.069 0.004 0.015 0.008 0.112 0.011 0.013 0.005 0.239 0.148 0.133 0.023 0.005 0.034 0.124 0.056 
246      171    (2)   15 :  0.019 0.003 0.029 0.005 0.157 0.007 0.059 0.010 0.274 0.097 0.194 0.003 0.011 0.004 0.044 0.085 
247      172    (0)   15 :  0.729 0.013 0.017 0.015 0.041 0.007 0.015 0.011 0.025 0.025 0.025 0.002 0.015 0.004 0.031 0.025 
248      185    (0)   15 :  0.010 0.002 0.033 0.032 0.142 0.064 0.004 0.009 0.218 0.132 0.131 0.017 0.005 0.005 0.125 0.070 
249      199    (2)   15 :  0.008 0.007 0.007 0.004 0.106 0.007 0.005 0.003 0.209 0.140 0.129 0.008 0.006 0.219 0.082 0.059 
250      339    (0)   15 :  0.007 0.002 0.009 0.156 0.183 0.013 0.005 0.012 0.142 0.082 0.055 0.006 0.006 0.007 0.048 0.268 
251      355    (0)   15 :  0.006 0.002 0.008 0.003 0.140 0.004 0.003 0.006 0.297 0.140 0.146 0.004 0.015 0.080 0.090 0.056 
252      356    (0)   15 :  0.671 0.007 0.006 0.006 0.042 0.005 0.003 0.003 0.033 0.056 0.039 0.026 0.004 0.006 0.062 0.030 
253      357    (0)   15 :  0.108 0.010 0.016 0.006 0.078 0.007 0.007 0.004 0.112 0.168 0.143 0.021 0.013 0.018 0.241 0.048 
254      358    (0)   15 :  0.008 0.002 0.009 0.007 0.070 0.011 0.008 0.044 0.131 0.179 0.129 0.018 0.007 0.004 0.351 0.024 
255      359    (0)   15 :  0.270 0.002 0.020 0.015 0.075 0.005 0.004 0.020 0.141 0.134 0.114 0.003 0.002 0.010 0.162 0.023 
256      360    (0)   15 :  0.022 0.005 0.021 0.021 0.101 0.017 0.012 0.003 0.144 0.163 0.168 0.005 0.010 0.005 0.258 0.042 
257      361    (0)   15 :  0.739 0.004 0.011 0.045 0.026 0.015 0.005 0.006 0.022 0.026 0.027 0.005 0.002 0.003 0.028 0.034 
258      362    (0)   15 :  0.050 0.002 0.068 0.116 0.057 0.021 0.199 0.011 0.086 0.113 0.083 0.004 0.005 0.005 0.154 0.029 
259      363    (0)   15 :  0.026 0.005 0.315 0.008 0.064 0.014 0.006 0.010 0.117 0.105 0.086 0.010 0.012 0.042 0.149 0.031 
260      364    (0)   15 :  0.047 0.004 0.014 0.004 0.073 0.008 0.215 0.008 0.100 0.109 0.095 0.021 0.004 0.050 0.166 0.083 
261      365    (0)   15 :  0.018 0.002 0.006 0.008 0.098 0.023 0.008 0.005 0.107 0.181 0.186 0.009 0.016 0.003 0.265 0.065 
262      366    (0)   15 :  0.075 0.002 0.014 0.004 0.067 0.004 0.004 0.012 0.112 0.184 0.129 0.003 0.027 0.003 0.336 0.025 
263      367    (0)   15 :  0.015 0.005 0.005 0.005 0.111 0.007 0.012 0.016 0.216 0.195 0.177 0.033 0.010 0.003 0.155 0.035 
264      368    (0)   15 :  0.008 0.008 0.006 0.004 0.139 0.004 0.019 0.015 0.273 0.106 0.173 0.051 0.015 0.004 0.106 0.069 
265      369    (0)   15 :  0.011 0.002 0.008 0.006 0.135 0.004 0.003 0.005 0.334 0.157 0.205 0.003 0.004 0.004 0.062 0.057 
266      370    (0)   15 :  0.360 0.009 0.014 0.009 0.065 0.009 0.005 0.029 0.098 0.115 0.089 0.004 0.014 0.007 0.141 0.033 
267      371    (0)   15 :  0.009 0.006 0.004 0.008 0.122 0.010 0.015 0.009 0.200 0.177 0.168 0.003 0.003 0.007 0.228 0.032 
268      372    (0)   15 :  0.012 0.003 0.051 0.010 0.022 0.466 0.011 0.003 0.014 0.013 0.013 0.002 0.004 0.325 0.014 0.035 
269      373    (0)   15 :  0.067 0.003 0.005 0.011 0.077 0.013 0.005 0.008 0.146 0.201 0.291 0.002 0.003 0.057 0.085 0.027 
270      380    (0)   15 :  0.057 0.040 0.030 0.005 0.085 0.008 0.015 0.009 0.134 0.166 0.145 0.002 0.006 0.011 0.243 0.043 
271      388    (0)   15 :  0.390 0.005 0.022 0.005 0.065 0.006 0.009 0.010 0.076 0.100 0.098 0.004 0.008 0.020 0.159 0.024 
272      418    (0)   15 :  0.017 0.023 0.016 0.004 0.054 0.007 0.013 0.004 0.109 0.278 0.314 0.007 0.006 0.050 0.081 0.019 
273      419    (0)   15 :  0.012 0.009 0.006 0.006 0.059 0.012 0.005 0.005 0.124 0.306 0.355 0.007 0.005 0.003 0.068 0.021 
274      420    (0)   15 :  0.057 0.003 0.015 0.017 0.070 0.039 0.037 0.011 0.087 0.160 0.166 0.010 0.042 0.059 0.201 0.026 
275      409    (0)   16 :  0.041 0.107 0.013 0.006 0.136 0.018 0.008 0.006 0.189 0.133 0.203 0.008 0.002 0.003 0.050 0.078 
276      414    (0)   16 :  0.007 0.016 0.015 0.012 0.135 0.006 0.015 0.007 0.216 0.162 0.236 0.008 0.003 0.008 0.078 0.077 
277      415    (2)   16 :  0.020 0.004 0.011 0.007 0.127 0.004 0.006 0.010 0.251 0.168 0.170 0.028 0.004 0.013 0.121 0.057 
278      416    (0)   16 :  0.008 0.069 0.009 0.011 0.068 0.017 0.023 0.023 0.124 0.234 0.259 0.004 0.003 0.010 0.107 0.032 
279      571    (0)    2 :  0.005 0.004 0.027 0.014 0.008 0.019 0.831 0.017 0.007 0.007 0.007 0.032 0.004 0.004 0.007 0.008 
280      572    (0)    2 :  0.008 0.008 0.040 0.005 0.013 0.003 0.790 0.044 0.016 0.015 0.016 0.011 0.006 0.004 0.015 0.007 
281      573    (2)    2 :  0.004 0.004 0.003 0.005 0.006 0.005 0.922 0.006 0.006 0.007 0.006 0.009 0.001 0.003 0.009 0.005 
282      574    (0)    2 :  0.006 0.015 0.005 0.008 0.010 0.005 0.883 0.009 0.012 0.011 0.011 0.004 0.003 0.002 0.010 0.008 
283      575    (2)    2 :  0.006 0.006 0.063 0.006 0.013 0.008 0.793 0.014 0.016 0.015 0.016 0.006 0.008 0.008 0.015 0.008 
284      576    (0)    2 :  0.002 0.003 0.003 0.003 0.003 0.003 0.957 0.005 0.003 0.003 0.003 0.003 0.001 0.002 0.003 0.003 
285      577    (0)    2 :  0.004 0.008 0.006 0.012 0.012 0.005 0.873 0.015 0.009 0.008 0.008 0.011 0.002 0.008 0.007 0.010 
286      578    (0)    2 :  0.003 0.048 0.004 0.007 0.005 0.005 0.891 0.004 0.004 0.004 0.004 0.004 0.002 0.008 0.004 0.005 
287      579    (0)    2 :  0.003 0.008 0.004 0.008 0.009 0.007 0.924 0.003 0.004 0.004 0.004 0.002 0.002 0.004 0.004 0.011 
288      580    (0)    2 :  0.003 0.002 0.003 0.005 0.003 0.003 0.956 0.004 0.003 0.003 0.003 0.003 0.002 0.002 0.003 0.003 
289      581    (0)    2 :  0.002 0.016 0.003 0.007 0.004 0.005 0.932 0.007 0.003 0.003 0.004 0.002 0.003 0.002 0.003 0.004 
290      582    (4)    2 :  0.013 0.003 0.007 0.028 0.022 0.013 0.731 0.013 0.024 0.019 0.019 0.002 0.050 0.019 0.021 0.017 
291      583    (0)    2 :  0.019 0.004 0.031 0.040 0.042 0.010 0.447 0.009 0.050 0.085 0.066 0.014 0.009 0.014 0.139 0.021 
292      584    (0)    2 :  0.007 0.014 0.007 0.041 0.009 0.033 0.827 0.007 0.009 0.008 0.008 0.005 0.003 0.007 0.008 0.008 
293      585    (0)    2 :  0.003 0.002 0.006 0.012 0.007 0.005 0.916 0.010 0.005 0.004 0.004 0.009 0.002 0.002 0.004 0.007 
294      586    (2)    2 :  0.003 0.004 0.007 0.008 0.005 0.006 0.919 0.007 0.004 0.004 0.004 0.004 0.003 0.011 0.005 0.006 
295      587    (0)    2 :  0.003 0.009 0.003 0.004 0.004 0.002 0.950 0.004 0.003 0.003 0.003 0.002 0.002 0.002 0.003 0.004 
296      588    (0)    2 :  0.007 0.005 0.012 0.006 0.034 0.011 0.775 0.008 0.029 0.018 0.018 0.019 0.009 0.011 0.018 0.023 
297      589    (0)    2 :  0.009 0.019 0.049 0.022 0.020 0.042 0.667 0.012 0.027 0.030 0.028 0.005 0.004 0.018 0.036 0.011 
298      590    (0)    2 :  0.005 0.038 0.003 0.006 0.010 0.006 0.774 0.041 0.006 0.007 0.007 0.056 0.010 0.012 0.008 0.011 
299      527    (2)    3 :  0.004 0.002 0.006 0.009 0.014 0.006 0.858 0.026 0.010 0.008 0.008 0.011 0.006 0.011 0.008 0.013 
300      528    (4)    3 :  0.019 0.018 0.326 0.005 0.019 0.004 0.392 0.087 0.022 0.023 0.025 0.003 0.003 0.009 0.030 0.015 
301      529    (4)    3 :  0.009 0.015 0.108 0.019 0.015 0.013 0.694 0.013 0.014 0.023 0.020 0.006 0.009 0.004 0.023 0.014 
302      530    (0)    3 :  0.012 0.004 0.012 0.003 0.007 0.004 0.899 0.010 0.008 0.007 0.008 0.006 0.004 0.005 0.007 0.004 
303      531    (2)    3 :  0.010 0.011 0.023 0.004 0.005 0.006 0.880 0.011 0.007 0.008 0.008 0.003 0.006 0.004 0.009 0.005 
304      532    (4)    3 :  0.024 0.003 0.100 0.005 0.008 0.003 0.744 0.018 0.011 0.013 0.011 0.033 0.002 0.002 0.017 0.006 
305      533    (0)    3 :  0.027 0.023 0.013 0.026 0.046 0.007 0.541 0.038 0.056 0.061 0.079 0.002 0.003 0.002 0.040 0.035 
306      534    (2)    3 :  0.006 0.013 0.007 0.005 0.007 0.005 0.823 0.081 0.009 0.010 0.009 0.003 0.002 0.006 0.010 0.006 
307      535    (2)    3 :  0.010 0.004 0.027 0.005 0.010 0.007 0.854 0.010 0.011 0.011 0.012 0.011 0.005 0.002 0.012 0.009 
308      536    (2)    3 :  0.008 0.030 0.003 0.006 0.005 0.005 0.885 0.010 0.006 0.006 0.006 0.005 0.013 0.002 0.007 0.004 
309      537    (2)    3 :  0.004 0.008 0.007 0.008 0.007 0.009 0.896 0.007 0.007 0.007 0.008 0.002 0.002 0.015 0.007 0.007 
310      538    (2)    3 :  0.037 0.003 0.005 0.026 0.038 0.009 0.648 0.050 0.040 0.034 0.034 0.003 0.002 0.004 0.033 0.034 
311      539    (2)    3 :  0.004 0.004 0.006 0.003 0.006 0.003 0.793 0.145 0.005 0.005 0.006 0.004 0.002 0.002 0.006 0.006 
312      540    (2)    3 :  0.020 0.012 0.006 0.008 0.012 0.015 0.833 0.011 0.015 0.017 0.019 0.005 0.001 0.002 0.013 0.011 
313      541    (2)    3 :  0.020 0.008 0.046 0.028 0.008 0.029 0.741 0.063 0.008 0.011 0.010 0.005 0.002 0.003 0.011 0.008 
314      542    (2)    3 :  0.016 0.010 0.015 0.018 0.031 0.022 0.670 0.068 0.015 0.020 0.020 0.004 0.004 0.009 0.025 0.051 
315      543    (0)    3 :  0.014 0.020 0.009 0.014 0.024 0.033 0.549 0.036 0.037 0.064 0.053 0.004 0.002 0.014 0.115 0.014 
316      544    (2)    3 :  0.007 0.005 0.003 0.004 0.004 0.003 0.925 0.024 0.004 0.004 0.004 0.002 0.002 0.002 0.004 0.003 
317      545    (2)    3 :  0.006 0.005 0.005 0.010 0.040 0.004 0.036 0.790 0.021 0.009 0.008 0.010 0.001 0.002 0.009 0.044 
318      546    (4)    3 :  0.005 0.004 0.004 0.007 0.071 0.003 0.016 0.715 0.039 0.017 0.017 0.012 0.002 0.002 0.019 0.066 
319      547    (6)    3 :  0.025 0.010 0.010 0.022 0.026 0.012 0.638 0.011 0.039 0.036 0.029 0.034 0.015 0.031 0.048 0.015 
320      019    (0)    4 :  0.006 0.008 0.017 0.036 0.006 0.030 0.068 0.780 0.008 0.008 0.008 0.003 0.004 0.004 0.008 0.005 
321      064    (0)    4 :  0.002 0.002 0.002 0.003 0.002 0.003 0.028 0.939 0.002 0.002 0.002 0.004 0.001 0.002 0.002 0.002 
322      065    (0)    4 :  0.003 0.005 0.003 0.004 0.002 0.003 0.933 0.030 0.002 0.003 0.002 0.002 0.002 0.002 0.003 0.002 
323      066    (0)    4 :  0.009 0.006 0.004 0.019 0.009 0.014 0.272 0.598 0.010 0.011 0.011 0.011 0.002 0.003 0.012 0.008 
324      067    (0)    4 :  0.005 0.009 0.016 0.026 0.007 0.012 0.010 0.852 0.008 0.008 0.009 0.005 0.007 0.010 0.010 0.006 
325      068    (0)    4 :  0.007 0.008 0.018 0.010 0.009 0.009 0.807 0.032 0.008 0.009 0.009 0.019 0.002 0.032 0.010 0.011 
326      069    (0)    4 :  0.007 0.011 0.007 0.003 0.009 0.005 0.116 0.785 0.007 0.006 0.006 0.018 0.001 0.004 0.005 0.010 
327      107    (0)    4 :  0.003 0.003 0.005 0.005 0.006 0.008 0.425 0.512 0.005 0.004 0.004 0.006 0.002 0.003 0.005 0.006 
328      110    (0)    4 :  0.003 0.002 0.008 0.004 0.003 0.002 0.003 0.955 0.003 0.003 0.002 0.003 0.003 0.002 0.003 0.003 
329      121    (0)    4 :  0.003 0.003 0.012 0.008 0.005 0.004 0.910 0.026 0.005 0.004 0.004 0.003 0.001 0.003 0.005 0.005 
330      137    (0)    4 :  0.005 0.005 0.004 0.009 0.009 0.007 0.008 0.891 0.009 0.009 0.008 0.005 0.011 0.002 0.009 0.008 
331      146    (0)    4 :  0.059 0.021 0.005 0.007 0.011 0.005 0.263 0.570 0.011 0.011 0.009 0.002 0.003 0.003 0.011 0.007 
332      149    (0)    4 :  0.004 0.002 0.005 0.009 0.004 0.005 0.005 0.937 0.004 0.005 0.004 0.002 0.003 0.002 0.004 0.004 
333      154    (0)    4 :  0.004 0.160 0.005 0.008 0.006 0.006 0.045 0.715 0.006 0.006 0.006 0.003 0.002 0.016 0.007 0.005 
334      179    (0)    4 :  0.004 0.004 0.004 0.004 0.004 0.006 0.352 0.586 0.004 0.004 0.004 0.007 0.002 0.004 0.004 0.005 
335      181    (0)    4 :  0.003 0.004 0.003 0.003 0.004 0.003 0.174 0.779 0.004 0.005 0.005 0.002 0.002 0.002 0.005 0.003 
336      182    (0)    4 :  0.013 0.006 0.028 0.010 0.010 0.005 0.719 0.118 0.012 0.012 0.012 0.016 0.002 0.014 0.015 0.007 
337      186    (0)    4 :  0.028 0.005 0.090 0.009 0.015 0.008 0.126 0.622 0.016 0.016 0.016 0.008 0.006 0.004 0.020 0.013 
338      193    (0)    4 :  0.008 0.008 0.006 0.006 0.006 0.013 0.444 0.457 0.008 0.009 0.009 0.005 0.002 0.004 0.008 0.005 
339      320    (0)    4 :  0.010 0.009 0.007 0.009 0.005 0.004 0.030 0.879 0.005 0.006 0.007 0.003 0.003 0.011 0.006 0.005 
340      341    (0)    4 :  0.007 0.003 0.004 0.011 0.006 0.008 0.873 0.045 0.006 0.006 0.006 0.006 0.002 0.004 0.007 0.007 
341      376    (0)    4 :  0.018 0.010 0.027 0.004 0.010 0.005 0.578 0.255 0.012 0.015 0.013 0.024 0.003 0.003 0.015 0.007 
342      395    (0)    4 :  0.006 0.056 0.012 0.006 0.012 0.019 0.167 0.661 0.007 0.007 0.007 0.004 0.006 0.004 0.009 0.018 
343      396    (0)    4 :  0.005 0.003 0.002 0.003 0.004 0.003 0.907 0.048 0.004 0.003 0.003 0.004 0.003 0.002 0.003 0.004 
344      397    (0)    4 :  0.004 0.011 0.005 0.005 0.004 0.004 0.832 0.091 0.005 0.005 0.005 0.002 0.009 0.007 0.006 0.004 
345      398    (0)    4 :  0.009 0.058 0.011 0.003 0.004 0.006 0.397 0.473 0.005 0.005 0.005 0.005 0.004 0.004 0.006 0.003 
346      399    (0)    4 :  0.008 0.003 0.014 0.006 0.005 0.003 0.918 0.007 0.005 0.005 0.005 0.007 0.002 0.003 0.005 0.004 
347      400    (0)    4 :  0.013 0.006 0.011 0.003 0.005 0.003 0.020 0.893 0.007 0.006 0.006 0.010 0.002 0.002 0.008 0.004 
348      401    (0)    4 :  0.009 0.006 0.004 0.008 0.009 0.005 0.077 0.819 0.011 0.011 0.011 0.007 0.003 0.002 0.013 0.007 
349      402    (0)    4 :  0.003 0.002 0.007 0.002 0.003 0.002 0.003 0.954 0.003 0.003 0.003 0.003 0.002 0.003 0.003 0.003 
350      403    (0)    4 :  0.030 0.004 0.019 0.025 0.010 0.010 0.397 0.430 0.008 0.010 0.010 0.010 0.012 0.004 0.011 0.011 
351      073    (0)    5 :  0.004 0.002 0.006 0.006 0.005 0.007 0.937 0.006 0.004 0.004 0.004 0.003 0.002 0.002 0.005 0.005 
352      074    (0)    5 :  0.004 0.040 0.003 0.004 0.006 0.006 0.889 0.004 0.008 0.007 0.008 0.002 0.002 0.005 0.007 0.004 
353      075    (0)    5 :  0.009 0.007 0.006 0.008 0.009 0.005 0.905 0.010 0.006 0.006 0.005 0.002 0.003 0.004 0.005 0.009 
354      076    (0)    5 :  0.006 0.005 0.013 0.010 0.008 0.004 0.893 0.010 0.007 0.007 0.007 0.003 0.005 0.007 0.007 0.009 
355      077    (0)    5 :  0.006 0.003 0.005 0.007 0.011 0.014 0.879 0.016 0.009 0.007 0.007 0.006 0.003 0.008 0.008 0.011 
356      078    (0)    5 :  0.017 0.006 0.005 0.007 0.047 0.007 0.761 0.009 0.036 0.018 0.023 0.003 0.005 0.005 0.016 0.035 
357      079    (0)    5 :  0.006 0.003 0.007 0.009 0.008 0.005 0.882 0.010 0.010 0.013 0.012 0.008 0.001 0.002 0.016 0.007 
358      080    (0)    5 :  0.004 0.003 0.014 0.008 0.005 0.003 0.905 0.006 0.006 0.006 0.005 0.004 0.002 0.019 0.006 0.004 
359      081    (0)    5 :  0.005 0.013 0.008 0.007 0.010 0.051 0.784 0.042 0.010 0.012 0.012 0.004 0.016 0.004 0.013 0.009 
360      082    (0)    5 :  0.004 0.003 0.006 0.002 0.003 0.003 0.931 0.022 0.004 0.003 0.003 0.005 0.002 0.003 0.003 0.002 
361      083    (0)    5 :  0.005 0.011 0.006 0.004 0.007 0.004 0.888 0.023 0.008 0.008 0.007 0.009 0.003 0.002 0.010 0.006 
362      084    (0)    5 :  0.004 0.105 0.003 0.012 0.006 0.011 0.807 0.015 0.005 0.005 0.005 0.002 0.005 0.002 0.006 0.006 
363      085    (0)    5 :  0.010 0.009 0.007 0.009 0.096 0.038 0.477 0.062 0.015 0.016 0.016 0.018 0.015 0.003 0.018 0.190 
364      404    (0)    5 :  0.004 0.021 0.005 0.006 0.005 0.005 0.911 0.010 0.004 0.004 0.004 0.003 0.003 0.003 0.005 0.005 
365      405    (0)    5 :  0.005 0.005 0.004 0.005 0.007 0.012 0.913 0.006 0.007 0.006 0.006 0.002 0.010 0.002 0.006 0.006 
366      406    (0)    5 :  0.006 0.008 0.007 0.003 0.015 0.004 0.881 0.005 0.014 0.010 0.011 0.007 0.008 0.003 0.009 0.010 
367      407    (0)    5 :  0.004 0.005 0.003 0.006 0.006 0.006 0.840 0.089 0.005 0.006 0.006 0.002 0.003 0.003 0.007 0.009 
368      408    (0)    5 :  0.003 0.006 0.004 0.003 0.005 0.005 0.937 0.004 0.005 0.005 0.005 0.003 0.002 0.005 0.005 0.005 
369      411    (2)    5 :  0.003 0.005 0.002 0.004 0.003 0.004 0.950 0.006 0.003 0.003 0.003 0.003 0.002 0.003 0.003 0.003 
370      412    (0)    5 :  0.007 0.005 0.013 0.007 0.011 0.015 0.858 0.009 0.009 0.010 0.011 0.007 0.005 0.007 0.012 0.014 
371      413    (0)    5 :  0.004 0.004 0.002 0.005 0.027 0.004 0.883 0.013 0.016 0.005 0.006 0.002 0.002 0.002 0.005 0.021 
372      591    (0)    6 :  0.008 0.008 0.906 0.010 0.006 0.009 0.004 0.003 0.006 0.006 0.006 0.005 0.007 0.004 0.007 0.006 
373      592    (0)    6 :  0.014 0.005 0.753 0.010 0.007 0.146 0.010 0.004 0.006 0.008 0.007 0.005 0.003 0.005 0.009 0.009 
374      593    (0)    6 :  0.006 0.004 0.903 0.007 0.009 0.006 0.010 0.005 0.008 0.008 0.008 0.005 0.006 0.002 0.007 0.007 
375      594    (0)    6 :  0.032 0.007 0.700 0.012 0.015 0.065 0.039 0.009 0.020 0.024 0.020 0.004 0.005 0.011 0.027 0.010 
376      595    (0)    6 :  0.006 0.003 0.825 0.008 0.015 0.005 0.011 0.014 0.025 0.020 0.020 0.005 0.004 0.012 0.018 0.009 
377      596    (0)    6 :  0.007 0.002 0.905 0.003 0.005 0.005 0.006 0.005 0.006 0.006 0.006 0.007 0.007 0.018 0.007 0.005 
378      597    (0)    6 :  0.008 0.003 0.792 0.008 0.019 0.007 0.033 0.028 0.012 0.015 0.015 0.003 0.002 0.006 0.021 0.028 
379      598    (0)    6 :  0.075 0.003 0.507 0.006 0.054 0.008 0.007 0.035 0.034 0.048 0.039 0.010 0.002 0.028 0.073 0.073 
380      599    (0)    6 :  0.004 0.003 0.690 0.172 0.009 0.050 0.005 0.003 0.008 0.009 0.009 0.005 0.007 0.003 0.009 0.013 
381      600    (0)    6 :  0.006 0.001 0.918 0.005 0.006 0.003 0.004 0.008 0.006 0.006 0.006 0.003 0.004 0.011 0.006 0.006 
382      601    (0)    6 :  0.010 0.002 0.780 0.019 0.019 0.018 0.019 0.026 0.016 0.018 0.017 0.006 0.002 0.002 0.022 0.025 
383      602    (0)    6 :  0.006 0.005 0.846 0.008 0.013 0.008 0.006 0.015 0.014 0.015 0.015 0.005 0.004 0.006 0.020 0.015 
384      603    (0)    6 :  0.006 0.008 0.129 0.025 0.151 0.135 0.006 0.005 0.029 0.043 0.044 0.007 0.007 0.009 0.064 0.333 
385      604    (0)    6 :  0.012 0.003 0.874 0.003 0.009 0.004 0.009 0.007 0.013 0.012 0.012 0.011 0.003 0.008 0.013 0.006 
386      605    (0)    6 :  0.092 0.003 0.695 0.010 0.020 0.010 0.008 0.006 0.025 0.027 0.026 0.003 0.005 0.026 0.033 0.011 
387      606    (0)    6 :  0.013 0.004 0.865 0.011 0.008 0.008 0.004 0.003 0.009 0.011 0.012 0.003 0.022 0.007 0.011 0.006 
388      607    (0)    6 :  0.007 0.002 0.818 0.002 0.005 0.002 0.009 0.015 0.005 0.005 0.005 0.101 0.003 0.008 0.006 0.006 
389      608    (0)    6 :  0.008 0.006 0.890 0.021 0.007 0.006 0.005 0.004 0.006 0.006 0.005 0.017 0.003 0.003 0.006 0.008 
390      609    (0)    6 :  0.008 0.003 0.913 0.004 0.007 0.004 0.004 0.004 0.008 0.008 0.007 0.008 0.004 0.003 0.008 0.006 
391      610    (0)    6 :  0.017 0.009 0.379 0.017 0.062 0.008 0.018 0.007 0.073 0.109 0.101 0.016 0.003 0.009 0.120 0.053 
392      611    (2)    6 :  0.007 0.012 0.876 0.003 0.008 0.003 0.011 0.009 0.009 0.008 0.008 0.023 0.003 0.006 0.008 0.006 
393      612    (0)    6 :  0.009 0.002 0.693 0.009 0.017 0.006 0.009 0.070 0.024 0.019 0.021 0.035 0.002 0.043 0.022 0.018 
394      755    (0)    6 :  0.018 0.026 0.423 0.004 0.024 0.012 0.015 0.008 0.026 0.039 0.035 0.264 0.002 0.044 0.040 0.020 
395      756    (0)    6 :  0.007 0.009 0.891 0.005 0.007 0.009 0.013 0.003 0.006 0.006 0.006 0.014 0.003 0.003 0.007 0.010 
396      757    (0)    6 :  0.021 0.005 0.858 0.005 0.009 0.012 0.009 0.006 0.011 0.013 0.013 0.010 0.003 0.006 0.014 0.007 
397      002    (0)    7 :  0.010 0.022 0.006 0.003 0.009 0.004 0.484 0.407 0.007 0.008 0.008 0.005 0.003 0.002 0.010 0.013 
398      099    (2)    7 :  0.043 0.003 0.006 0.043 0.096 0.005 0.002 0.004 0.185 0.159 0.140 0.004 0.012 0.092 0.172 0.034 
399      641    (2)    7 :  0.040 0.012 0.054 0.008 0.098 0.008 0.162 0.216 0.106 0.061 0.083 0.023 0.014 0.004 0.050 0.061 
400      642    (0)    7 :  0.019 0.008 0.019 0.016 0.010 0.014 0.851 0.005 0.009 0.009 0.010 0.004 0.003 0.003 0.010 0.010 
401      643    (2)    7 :  0.069 0.016 0.023 0.012 0.021 0.019 0.731 0.010 0.016 0.018 0.019 0.004 0.003 0.003 0.016 0.022 
402      644    (0)    7 :  0.019 0.007 0.007 0.020 0.012 0.014 0.823 0.024 0.009 0.010 0.010 0.008 0.004 0.008 0.011 0.013 
403      645    (0)    7 :  0.151 0.018 0.037 0.007 0.034 0.027 0.385 0.014 0.030 0.040 0.032 0.114 0.037 0.003 0.042 0.029 
404      646    (0)    7 :  0.032 0.012 0.012 0.009 0.075 0.004 0.053 0.362 0.053 0.051 0.051 0.132 0.010 0.008 0.059 0.078 
405      006    (0)    8 :  0.007 0.632 0.006 0.005 0.016 0.007 0.207 0.008 0.020 0.023 0.023 0.005 0.003 0.003 0.025 0.010 
406      011    (0)    8 :  0.003 0.009 0.003 0.003 0.003 0.004 0.950 0.004 0.003 0.003 0.003 0.002 0.002 0.003 0.003 0.003 
407      033    (2)    8 :  0.004 0.638 0.021 0.003 0.010 0.006 0.245 0.019 0.005 0.007 0.007 0.004 0.002 0.002 0.007 0.019 
408      048    (0)    8 :  0.006 0.047 0.015 0.072 0.016 0.229 0.488 0.012 0.018 0.022 0.020 0.006 0.008 0.005 0.022 0.014 
409      061    (0)    8 :  0.002 0.970 0.002 0.001 0.002 0.002 0.002 0.002 0.002 0.002 0.002 0.003 0.004 0.002 0.002 0.002 
410      088    (0)    8 :  0.014 0.028 0.014 0.017 0.013 0.020 0.784 0.020 0.014 0.016 0.015 0.003 0.005 0.008 0.018 0.011 
411      091    (0)    8 :  0.003 0.934 0.005 0.003 0.005 0.003 0.011 0.003 0.005 0.004 0.004 0.007 0.002 0.005 0.004 0.005 
412      098    (0)    8 :  0.004 0.010 0.021 0.012 0.006 0.029 0.841 0.019 0.006 0.008 0.007 0.006 0.012 0.003 0.008 0.007 
413      104    (0)    8 :  0.003 0.003 0.002 0.003 0.003 0.006 0.910 0.047 0.003 0.003 0.003 0.002 0.003 0.002 0.003 0.003 
414      196    (0)    8 :  0.006 0.586 0.010 0.009 0.006 0.010 0.306 0.021 0.005 0.007 0.007 0.002 0.005 0.006 0.008 0.006 
415      197    (0)    8 :  0.007 0.268 0.011 0.010 0.020 0.007 0.527 0.015 0.019 0.021 0.020 0.003 0.008 0.014 0.025 0.023 
416      201    (0)    8 :  0.013 0.600 0.005 0.003 0.006 0.006 0.320 0.015 0.006 0.006 0.006 0.002 0.001 0.001 0.006 0.005 
417      202    (0)    8 :  0.010 0.035 0.005 0.017 0.016 0.029 0.753 0.024 0.016 0.014 0.015 0.002 0.021 0.013 0.016 0.014 
418      204    (0)    8 :  0.005 0.392 0.003 0.004 0.006 0.010 0.503 0.038 0.003 0.004 0.004 0.011 0.002 0.002 0.005 0.009 
419      231    (0)    8 :  0.005 0.009 0.010 0.009 0.008 0.014 0.822 0.073 0.005 0.006 0.006 0.009 0.001 0.005 0.006 0.013 
420      328    (0)    8 :  0.005 0.252 0.006 0.005 0.005 0.005 0.688 0.003 0.004 0.004 0.004 0.002 0.005 0.002 0.005 0.006 
421      346    (0)    8 :  0.004 0.311 0.008 0.004 0.004 0.005 0.617 0.010 0.005 0.005 0.004 0.003 0.003 0.008 0.005 0.004 
422      212    (0)    9 :  0.003 0.002 0.002 0.003 0.003 0.004 0.002 0.003 0.003 0.003 0.003 0.003 0.001 0.958 0.003 0.004 
423      213    (0)    9 :  0.006 0.008 0.003 0.003 0.005 0.007 0.005 0.002 0.004 0.004 0.004 0.003 0.003 0.932 0.005 0.006 
424      214    (0)    9 :  0.006 0.002 0.006 0.007 0.005 0.003 0.004 0.006 0.006 0.005 0.005 0.002 0.001 0.932 0.005 0.005 
425      215    (0)    9 :  0.004 0.003 0.004 0.003 0.004 0.008 0.005 0.005 0.004 0.004 0.004 0.003 0.004 0.935 0.004 0.004 
426      216    (0)    9 :  0.002 0.004 0.003 0.003 0.004 0.005 0.005 0.002 0.003 0.003 0.004 0.004 0.002 0.949 0.003 0.004 
427      217    (0)    9 :  0.009 0.004 0.003 0.005 0.005 0.004 0.005 0.004 0.005 0.005 0.006 0.006 0.002 0.927 0.006 0.004 
428      218    (0)    9 :  0.003 0.002 0.003 0.003 0.003 0.003 0.003 0.002 0.003 0.003 0.003 0.004 0.002 0.957 0.003 0.003 
429      332    (0)    9 :  0.011 0.003 0.015 0.009 0.007 0.007 0.009 0.007 0.007 0.008 0.008 0.035 0.005 0.854 0.008 0.008 
430      333    (0)    9 :  0.010 0.004 0.028 0.008 0.010 0.007 0.010 0.013 0.012 0.012 0.011 0.006 0.010 0.839 0.013 0.007 
431      334    (0)    9 :  0.005 0.003 0.007 0.004 0.005 0.005 0.007 0.002 0.005 0.004 0.004 0.007 0.003 0.927 0.004 0.006 
432      335    (0)    9 :  0.003 0.002 0.003 0.005 0.003 0.005 0.002 0.002 0.003 0.003 0.003 0.002 0.002 0.959 0.003 0.003 
433      336    (0)    9 :  0.002 0.004 0.005 0.002 0.003 0.002 0.003 0.005 0.002 0.003 0.003 0.003 0.014 0.943 0.003 0.003 
434      337    (0)    9 :  0.006 0.002 0.011 0.003 0.004 0.003 0.009 0.008 0.005 0.005 0.005 0.002 0.002 0.926 0.005 0.004 
435      673    (0)    9 :  0.001 0.001 0.002 0.002 0.001 0.002 0.002 0.001 0.001 0.001 0.001 0.001 0.001 0.978 0.001 0.001 
436      674    (0)    9 :  0.003 0.002 0.005 0.005 0.005 0.004 0.004 0.005 0.005 0.005 0.005 0.008 0.002 0.932 0.006 0.005 
437      675    (0)    9 :  0.003 0.004 0.005 0.003 0.004 0.006 0.003 0.002 0.004 0.004 0.004 0.003 0.004 0.939 0.004 0.005 
438      676    (0)    9 :  0.008 0.001 0.006 0.007 0.005 0.008 0.003 0.003 0.004 0.005 0.005 0.005 0.001 0.929 0.004 0.005 
439      677    (0)    9 :  0.005 0.002 0.004 0.004 0.004 0.004 0.006 0.003 0.004 0.004 0.004 0.002 0.003 0.945 0.004 0.004 
440      678    (0)    9 :  0.007 0.004 0.003 0.006 0.009 0.009 0.007 0.011 0.010 0.009 0.010 0.003 0.004 0.892 0.010 0.007 
441      679    (0)    9 :  0.006 0.001 0.007 0.004 0.006 0.002 0.004 0.002 0.007 0.008 0.009 0.019 0.002 0.907 0.007 0.006 
442      680    (0)    9 :  0.004 0.003 0.012 0.009 0.005 0.006 0.005 0.003 0.005 0.005 0.006 0.007 0.005 0.912 0.006 0.006 
443      681    (0)    9 :  0.008 0.002 0.007 0.003 0.005 0.005 0.007 0.004 0.006 0.005 0.005 0.005 0.002 0.927 0.005 0.005 
444      682    (0)    9 :  0.002 0.003 0.002 0.002 0.002 0.002 0.002 0.003 0.002 0.002 0.002 0.002 0.004 0.965 0.002 0.002 
445      683    (0)    9 :  0.004 0.004 0.008 0.004 0.005 0.004 0.006 0.003 0.006 0.006 0.006 0.007 0.002 0.927 0.006 0.005 
446      684    (0)    9 :  0.003 0.002 0.006 0.007 0.006 0.005 0.002 0.003 0.006 0.005 0.005 0.003 0.003 0.933 0.005 0.006 
447      685    (0)    9 :  0.005 0.003 0.009 0.003 0.005 0.003 0.003 0.006 0.006 0.006 0.006 0.003 0.003 0.930 0.005 0.004 
448      686    (0)    9 :  0.002 0.002 0.003 0.002 0.002 0.002 0.002 0.002 0.002 0.002 0.002 0.002 0.003 0.966 0.002 0.002 
449      687    (0)    9 :  0.002 0.002 0.004 0.002 0.002 0.004 0.002 0.002 0.002 0.002 0.002 0.002 0.002 0.964 0.002 0.002 
450      688    (0)    9 :  0.004 0.003 0.006 0.015 0.004 0.004 0.007 0.004 0.003 0.004 0.003 0.005 0.002 0.926 0.004 0.006 


Estimated Allele Frequencies in each cluster
First column gives estimated ancestral frequencies


Locus 1 : 1 
4 alleles
0.0% missing data
  89   (0.546) 0.499 0.696 0.549 0.539 0.527 0.589 0.625 0.291 0.557 0.554 0.569 0.831 0.068 0.643 0.547 0.490 
  91   (0.374) 0.448 0.295 0.435 0.342 0.423 0.368 0.314 0.589 0.375 0.362 0.354 0.151 0.703 0.311 0.373 0.478 
  99   (0.015) 0.004 0.001 0.002 0.008 0.008 0.023 0.000 0.001 0.011 0.023 0.024 0.003 0.129 0.001 0.015 0.006 
  93   (0.065) 0.049 0.008 0.014 0.111 0.042 0.020 0.061 0.118 0.057 0.060 0.053 0.015 0.099 0.045 0.065 0.025 

Locus 2 : 2 
6 alleles
1.1% missing data
 136   (0.350) 0.542 0.114 0.418 0.077 0.308 0.068 0.558 0.724 0.369 0.335 0.339 0.142 0.190 0.460 0.350 0.242 
 134   (0.236) 0.212 0.202 0.410 0.220 0.194 0.287 0.142 0.167 0.198 0.222 0.214 0.687 0.027 0.381 0.235 0.202 
 138   (0.302) 0.176 0.246 0.142 0.592 0.395 0.461 0.249 0.097 0.329 0.331 0.336 0.121 0.771 0.153 0.302 0.445 
 140   (0.064) 0.041 0.433 0.015 0.043 0.057 0.033 0.050 0.008 0.061 0.062 0.063 0.017 0.007 0.004 0.064 0.056 
 132   (0.023) 0.007 0.002 0.004 0.006 0.019 0.003 0.001 0.002 0.028 0.029 0.030 0.005 0.002 0.001 0.023 0.011 
 142   (0.026) 0.021 0.003 0.011 0.062 0.027 0.148 0.001 0.002 0.015 0.020 0.018 0.028 0.003 0.002 0.026 0.044 

Locus 3 : 3 
6 alleles
0.0% missing data
 181   (0.264) 0.192 0.074 0.404 0.347 0.193 0.443 0.230 0.093 0.245 0.251 0.249 0.340 0.181 0.066 0.264 0.147 
 187   (0.336) 0.336 0.685 0.163 0.165 0.429 0.154 0.517 0.545 0.395 0.335 0.338 0.119 0.773 0.258 0.336 0.409 
 179   (0.250) 0.294 0.225 0.401 0.261 0.240 0.178 0.227 0.348 0.231 0.260 0.261 0.353 0.030 0.016 0.249 0.277 
 191   (0.031) 0.011 0.004 0.006 0.007 0.018 0.008 0.022 0.003 0.025 0.030 0.028 0.008 0.003 0.197 0.031 0.011 
 175   (0.046) 0.099 0.004 0.008 0.021 0.056 0.189 0.001 0.004 0.034 0.040 0.038 0.043 0.005 0.003 0.046 0.092 
 185   (0.075) 0.069 0.007 0.018 0.200 0.064 0.028 0.002 0.007 0.070 0.084 0.086 0.138 0.008 0.462 0.075 0.063 

Locus 4 : 4 
12 alleles
0.2% missing data
 253   (0.498) 0.514 0.623 0.619 0.284 0.456 0.696 0.760 0.467 0.495 0.524 0.538 0.617 0.597 0.465 0.498 0.465 
 249   (0.024) 0.009 0.317 0.004 0.004 0.014 0.003 0.059 0.020 0.020 0.020 0.019 0.005 0.003 0.001 0.024 0.009 
 271   (0.040) 0.031 0.005 0.009 0.008 0.031 0.006 0.028 0.056 0.035 0.040 0.039 0.010 0.005 0.002 0.040 0.029 
 241   (0.153) 0.190 0.023 0.142 0.207 0.157 0.091 0.020 0.365 0.143 0.138 0.130 0.097 0.185 0.151 0.153 0.175 
 257   (0.006) 0.004 0.000 0.001 0.001 0.002 0.001 0.000 0.002 0.003 0.004 0.004 0.001 0.001 0.000 0.006 0.002 
 269   (0.177) 0.152 0.021 0.184 0.471 0.262 0.147 0.130 0.070 0.203 0.166 0.158 0.247 0.199 0.097 0.177 0.264 
 245   (0.006) 0.002 0.000 0.001 0.001 0.003 0.001 0.000 0.001 0.004 0.004 0.004 0.001 0.001 0.000 0.006 0.002 
 247   (0.066) 0.055 0.008 0.031 0.017 0.056 0.049 0.002 0.007 0.079 0.082 0.088 0.016 0.007 0.281 0.066 0.040 
 239   (0.011) 0.021 0.001 0.003 0.002 0.004 0.001 0.000 0.001 0.006 0.008 0.007 0.002 0.001 0.001 0.011 0.003 
 273   (0.008) 0.019 0.001 0.001 0.001 0.004 0.001 0.000 0.001 0.004 0.006 0.005 0.002 0.001 0.000 0.008 0.002 
 267   (0.006) 0.002 0.001 0.001 0.001 0.006 0.001 0.000 0.011 0.004 0.004 0.004 0.002 0.001 0.000 0.006 0.004 
 255   (0.006) 0.002 0.001 0.003 0.001 0.005 0.002 0.000 0.001 0.003 0.004 0.004 0.001 0.001 0.000 0.006 0.007 

Locus 5 : 5 
6 alleles
0.7% missing data
 103   (0.865) 0.855 0.986 0.932 0.951 0.778 0.969 0.994 0.974 0.798 0.840 0.824 0.955 0.985 0.980 0.865 0.834 
 104   (0.053) 0.052 0.006 0.024 0.033 0.159 0.015 0.003 0.018 0.118 0.080 0.089 0.025 0.006 0.003 0.053 0.118 
 105   (0.045) 0.074 0.005 0.033 0.009 0.040 0.011 0.001 0.004 0.054 0.050 0.057 0.010 0.005 0.003 0.045 0.030 
 102   (0.016) 0.007 0.001 0.005 0.003 0.013 0.002 0.000 0.001 0.016 0.014 0.015 0.003 0.002 0.001 0.016 0.010 
 107   (0.012) 0.009 0.001 0.003 0.002 0.006 0.002 0.000 0.001 0.009 0.009 0.009 0.002 0.001 0.001 0.012 0.004 
 101   (0.009) 0.003 0.001 0.002 0.002 0.004 0.001 0.000 0.001 0.005 0.006 0.006 0.005 0.001 0.012 0.009 0.003 

Locus 6 : 6 
5 alleles
0.2% missing data
 141   (0.265) 0.205 0.834 0.310 0.072 0.259 0.248 0.594 0.317 0.240 0.280 0.284 0.777 0.029 0.130 0.265 0.293 
 145   (0.420) 0.517 0.076 0.447 0.588 0.497 0.648 0.175 0.120 0.470 0.407 0.401 0.139 0.415 0.259 0.420 0.489 
 135   (0.227) 0.210 0.075 0.134 0.319 0.186 0.090 0.191 0.362 0.213 0.236 0.241 0.065 0.545 0.289 0.228 0.174 
 147   (0.077) 0.056 0.014 0.107 0.017 0.052 0.012 0.039 0.200 0.068 0.068 0.066 0.018 0.009 0.321 0.077 0.040 
 137   (0.010) 0.012 0.001 0.002 0.003 0.006 0.001 0.000 0.001 0.009 0.010 0.009 0.002 0.001 0.001 0.010 0.004 

Locus 7 : 7 
10 alleles
1.3% missing data
  93   (0.223) 0.262 0.613 0.217 0.122 0.226 0.345 0.333 0.407 0.185 0.204 0.199 0.298 0.793 0.064 0.222 0.281 
 103   (0.320) 0.292 0.086 0.532 0.338 0.388 0.379 0.403 0.275 0.356 0.331 0.329 0.133 0.044 0.514 0.320 0.390 
  91   (0.066) 0.062 0.007 0.036 0.015 0.045 0.055 0.033 0.007 0.068 0.062 0.063 0.051 0.010 0.155 0.066 0.027 
  97   (0.191) 0.124 0.027 0.159 0.351 0.145 0.090 0.164 0.167 0.195 0.195 0.191 0.255 0.127 0.254 0.192 0.090 
  85   (0.047) 0.046 0.005 0.014 0.118 0.030 0.012 0.046 0.008 0.043 0.043 0.045 0.010 0.007 0.003 0.047 0.017 
  89   (0.080) 0.079 0.254 0.028 0.036 0.099 0.080 0.019 0.130 0.065 0.068 0.065 0.240 0.011 0.005 0.080 0.153 
  83   (0.051) 0.128 0.005 0.009 0.016 0.043 0.035 0.001 0.005 0.060 0.074 0.085 0.010 0.006 0.003 0.051 0.028 
 105   (0.010) 0.004 0.001 0.002 0.002 0.007 0.003 0.000 0.001 0.012 0.013 0.014 0.002 0.001 0.001 0.010 0.003 
 101   (0.006) 0.002 0.000 0.001 0.001 0.014 0.001 0.000 0.001 0.010 0.005 0.005 0.001 0.001 0.000 0.006 0.010 
  99   (0.006) 0.002 0.001 0.001 0.001 0.003 0.001 0.000 0.001 0.005 0.005 0.004 0.001 0.001 0.000 0.006 0.002 

Locus 8 : 8 
8 alleles
0.0% missing data
 129   (0.557) 0.629 0.670 0.398 0.722 0.680 0.710 0.704 0.474 0.607 0.541 0.542 0.463 0.199 0.638 0.557 0.737 
 141   (0.055) 0.022 0.009 0.092 0.018 0.034 0.012 0.099 0.148 0.044 0.050 0.048 0.011 0.006 0.217 0.055 0.026 
 149   (0.077) 0.066 0.012 0.017 0.034 0.065 0.068 0.145 0.036 0.067 0.086 0.088 0.284 0.008 0.013 0.077 0.069 
 143   (0.261) 0.250 0.305 0.484 0.212 0.193 0.195 0.051 0.337 0.242 0.280 0.281 0.201 0.696 0.128 0.261 0.149 
 127   (0.015) 0.004 0.001 0.002 0.003 0.010 0.002 0.000 0.001 0.016 0.014 0.015 0.003 0.052 0.001 0.015 0.006 
 131   (0.011) 0.003 0.001 0.002 0.005 0.005 0.009 0.000 0.001 0.007 0.008 0.008 0.003 0.037 0.002 0.011 0.003 
 133   (0.017) 0.021 0.002 0.003 0.005 0.011 0.003 0.000 0.002 0.014 0.016 0.015 0.033 0.002 0.001 0.017 0.008 
 145   (0.006) 0.004 0.000 0.001 0.001 0.002 0.001 0.000 0.001 0.004 0.004 0.004 0.001 0.001 0.000 0.006 0.001 

Locus 9 : 9 
5 alleles
0.0% missing data
 191   (0.386) 0.352 0.844 0.487 0.322 0.327 0.323 0.568 0.600 0.388 0.402 0.409 0.593 0.338 0.544 0.385 0.235 
 195   (0.147) 0.135 0.033 0.247 0.350 0.102 0.349 0.189 0.036 0.122 0.148 0.146 0.035 0.355 0.052 0.147 0.083 
 189   (0.456) 0.500 0.122 0.264 0.326 0.566 0.326 0.241 0.363 0.484 0.442 0.438 0.369 0.305 0.404 0.456 0.679 
 197   (0.006) 0.011 0.001 0.001 0.001 0.002 0.001 0.000 0.001 0.003 0.004 0.004 0.001 0.001 0.000 0.006 0.002 
 193   (0.006) 0.002 0.001 0.001 0.002 0.003 0.001 0.002 0.001 0.003 0.004 0.004 0.002 0.001 0.000 0.006 0.002 

Locus 10 : 10 
7 alleles
0.2% missing data
 232   (0.255) 0.281 0.574 0.152 0.162 0.229 0.213 0.285 0.384 0.290 0.259 0.271 0.066 0.219 0.277 0.255 0.147 
 238   (0.559) 0.504 0.134 0.676 0.707 0.651 0.726 0.595 0.436 0.557 0.562 0.558 0.840 0.369 0.342 0.559 0.772 
 252   (0.110) 0.165 0.277 0.119 0.118 0.075 0.051 0.106 0.172 0.085 0.108 0.104 0.080 0.014 0.031 0.109 0.056 
 254   (0.042) 0.036 0.013 0.047 0.008 0.024 0.006 0.014 0.004 0.035 0.038 0.035 0.008 0.394 0.264 0.042 0.014 
 250   (0.011) 0.004 0.001 0.002 0.002 0.008 0.001 0.000 0.001 0.013 0.012 0.014 0.002 0.002 0.001 0.011 0.004 
 236   (0.006) 0.003 0.001 0.002 0.001 0.003 0.001 0.000 0.001 0.003 0.004 0.004 0.001 0.001 0.001 0.006 0.002 
 248   (0.018) 0.008 0.002 0.003 0.003 0.011 0.002 0.000 0.002 0.017 0.016 0.014 0.003 0.002 0.083 0.018 0.006 

Locus 11 : 11 
4 alleles
0.0% missing data
  87   (0.694) 0.687 0.347 0.644 0.873 0.747 0.859 0.642 0.557 0.710 0.702 0.698 0.866 0.964 0.532 0.694 0.783 
  89   (0.242) 0.214 0.627 0.344 0.095 0.216 0.116 0.304 0.362 0.240 0.239 0.244 0.080 0.029 0.385 0.242 0.193 
  91   (0.051) 0.080 0.024 0.010 0.030 0.030 0.023 0.054 0.080 0.041 0.049 0.049 0.013 0.006 0.082 0.051 0.020 
  85   (0.013) 0.020 0.002 0.002 0.002 0.007 0.002 0.000 0.001 0.009 0.011 0.009 0.041 0.001 0.001 0.013 0.004 

Locus 12 : 12 
13 alleles
0.2% missing data
 160   (0.207) 0.207 0.036 0.058 0.145 0.268 0.347 0.106 0.189 0.233 0.191 0.193 0.191 0.591 0.719 0.207 0.274 
 162   (0.260) 0.248 0.752 0.489 0.146 0.248 0.292 0.209 0.095 0.233 0.274 0.267 0.382 0.066 0.230 0.260 0.287 
 147   (0.052) 0.019 0.104 0.088 0.036 0.046 0.016 0.116 0.364 0.041 0.043 0.040 0.013 0.006 0.003 0.051 0.061 
 158   (0.231) 0.281 0.078 0.189 0.299 0.233 0.201 0.539 0.316 0.260 0.228 0.231 0.087 0.028 0.021 0.231 0.172 
 161   (0.108) 0.121 0.015 0.148 0.228 0.092 0.049 0.021 0.023 0.090 0.110 0.115 0.033 0.121 0.018 0.108 0.108 
 170   (0.047) 0.059 0.006 0.009 0.020 0.047 0.020 0.006 0.005 0.056 0.062 0.064 0.011 0.005 0.003 0.047 0.043 
 143   (0.026) 0.037 0.003 0.005 0.005 0.018 0.007 0.001 0.002 0.028 0.035 0.036 0.008 0.175 0.002 0.026 0.009 
 154   (0.016) 0.006 0.002 0.004 0.003 0.014 0.002 0.000 0.001 0.024 0.016 0.017 0.005 0.002 0.001 0.016 0.008 
 149   (0.022) 0.006 0.002 0.004 0.079 0.010 0.058 0.001 0.002 0.014 0.018 0.016 0.264 0.002 0.001 0.022 0.007 
 153   (0.011) 0.009 0.001 0.003 0.002 0.006 0.002 0.000 0.001 0.010 0.010 0.009 0.002 0.001 0.001 0.011 0.004 
 150   (0.006) 0.002 0.001 0.001 0.015 0.002 0.005 0.000 0.001 0.003 0.004 0.003 0.001 0.001 0.000 0.006 0.001 
 159   (0.008) 0.003 0.001 0.001 0.022 0.012 0.001 0.000 0.001 0.004 0.005 0.004 0.002 0.001 0.000 0.008 0.024 
 164   (0.006) 0.002 0.000 0.001 0.001 0.003 0.001 0.000 0.001 0.004 0.005 0.004 0.001 0.001 0.000 0.006 0.002 

Locus 13 : 13 
5 alleles
0.0% missing data
 108   (0.198) 0.278 0.410 0.143 0.172 0.206 0.070 0.163 0.153 0.217 0.184 0.174 0.050 0.341 0.198 0.198 0.173 
 115   (0.460) 0.468 0.525 0.502 0.444 0.418 0.580 0.582 0.322 0.427 0.460 0.461 0.713 0.093 0.284 0.460 0.441 
 113   (0.331) 0.250 0.064 0.354 0.382 0.369 0.349 0.255 0.524 0.348 0.345 0.355 0.235 0.565 0.517 0.330 0.382 
 109   (0.006) 0.002 0.001 0.001 0.001 0.004 0.001 0.000 0.001 0.004 0.005 0.004 0.001 0.001 0.000 0.006 0.002 
 110   (0.006) 0.002 0.000 0.001 0.001 0.003 0.001 0.000 0.001 0.004 0.006 0.005 0.001 0.001 0.000 0.006 0.001 

Locus 14 : 14 
5 alleles
0.9% missing data
 227   (0.147) 0.080 0.067 0.039 0.321 0.172 0.338 0.259 0.329 0.131 0.140 0.141 0.058 0.260 0.017 0.147 0.235 
 231   (0.153) 0.144 0.027 0.465 0.035 0.109 0.028 0.094 0.110 0.157 0.151 0.146 0.037 0.269 0.355 0.153 0.066 
 229   (0.504) 0.677 0.857 0.284 0.518 0.543 0.525 0.462 0.432 0.539 0.509 0.517 0.857 0.092 0.413 0.504 0.507 
 225   (0.136) 0.074 0.019 0.138 0.108 0.141 0.049 0.088 0.024 0.125 0.133 0.133 0.033 0.226 0.211 0.136 0.168 
 233   (0.061) 0.026 0.031 0.074 0.019 0.035 0.059 0.097 0.105 0.048 0.067 0.063 0.014 0.153 0.004 0.061 0.024 

Locus 15 : 15 
5 alleles
0.2% missing data
 143   (0.846) 0.884 0.983 0.876 0.754 0.879 0.905 0.969 0.979 0.835 0.845 0.842 0.937 0.719 0.813 0.846 0.918 
 157   (0.007) 0.002 0.001 0.002 0.001 0.002 0.001 0.018 0.001 0.003 0.004 0.004 0.001 0.001 0.000 0.007 0.002 
 145   (0.085) 0.050 0.010 0.111 0.057 0.073 0.076 0.011 0.015 0.092 0.087 0.089 0.049 0.273 0.006 0.085 0.052 
 147   (0.048) 0.026 0.005 0.008 0.184 0.038 0.016 0.001 0.005 0.061 0.052 0.055 0.010 0.006 0.149 0.048 0.024 
 133   (0.014) 0.037 0.002 0.003 0.004 0.007 0.002 0.000 0.001 0.009 0.011 0.010 0.003 0.001 0.031 0.014 0.004 

Locus 16 : 16 
5 alleles
0.2% missing data
 156   (0.225) 0.389 0.196 0.328 0.271 0.175 0.225 0.307 0.083 0.192 0.221 0.218 0.054 0.515 0.502 0.225 0.168 
 158   (0.549) 0.461 0.321 0.463 0.596 0.577 0.688 0.496 0.726 0.564 0.565 0.575 0.603 0.254 0.195 0.549 0.582 
 160   (0.133) 0.099 0.472 0.148 0.106 0.137 0.055 0.152 0.181 0.130 0.121 0.118 0.318 0.015 0.111 0.132 0.165 
 154   (0.085) 0.048 0.011 0.059 0.026 0.103 0.020 0.045 0.010 0.110 0.088 0.085 0.024 0.214 0.191 0.085 0.070 
 152   (0.009) 0.003 0.001 0.001 0.002 0.009 0.013 0.000 0.001 0.004 0.006 0.005 0.001 0.001 0.001 0.008 0.015 

Locus 17 : 17 
5 alleles
0.0% missing data
 102   (0.204) 0.106 0.096 0.182 0.244 0.255 0.073 0.248 0.155 0.180 0.203 0.203 0.326 0.025 0.197 0.204 0.360 
  90   (0.683) 0.804 0.604 0.796 0.718 0.623 0.906 0.720 0.816 0.668 0.665 0.659 0.373 0.571 0.796 0.683 0.560 
  88   (0.068) 0.043 0.296 0.013 0.015 0.054 0.011 0.030 0.025 0.077 0.083 0.083 0.292 0.007 0.005 0.068 0.033 
 100   (0.038) 0.045 0.004 0.008 0.007 0.065 0.009 0.001 0.003 0.072 0.045 0.052 0.007 0.397 0.002 0.038 0.044 
 104   (0.006) 0.002 0.001 0.001 0.016 0.003 0.001 0.000 0.001 0.003 0.004 0.004 0.001 0.001 0.000 0.006 0.003 

Locus 18 : 18 
7 alleles
0.0% missing data
 142   (0.127) 0.174 0.791 0.024 0.136 0.095 0.047 0.426 0.380 0.118 0.136 0.139 0.073 0.014 0.008 0.127 0.072 
 146   (0.077) 0.068 0.037 0.086 0.022 0.109 0.025 0.194 0.025 0.059 0.085 0.086 0.105 0.008 0.227 0.077 0.182 
 140   (0.287) 0.229 0.045 0.504 0.410 0.281 0.203 0.084 0.420 0.315 0.273 0.284 0.523 0.276 0.176 0.287 0.238 
 127   (0.305) 0.393 0.076 0.230 0.186 0.348 0.426 0.223 0.102 0.341 0.307 0.303 0.182 0.548 0.059 0.305 0.326 
 148   (0.096) 0.039 0.033 0.113 0.051 0.093 0.068 0.054 0.047 0.083 0.090 0.084 0.027 0.010 0.216 0.096 0.122 
 138   (0.055) 0.039 0.011 0.030 0.076 0.038 0.024 0.017 0.021 0.045 0.049 0.045 0.016 0.139 0.004 0.055 0.032 
 150   (0.053) 0.058 0.006 0.013 0.120 0.035 0.207 0.001 0.005 0.041 0.060 0.060 0.073 0.005 0.311 0.053 0.029 

Locus 19 : 19 
7 alleles
0.0% missing data
 188   (0.195) 0.185 0.568 0.069 0.308 0.153 0.118 0.094 0.172 0.197 0.197 0.197 0.049 0.021 0.169 0.195 0.112 
 190   (0.120) 0.100 0.014 0.244 0.200 0.091 0.246 0.423 0.331 0.091 0.097 0.088 0.401 0.012 0.199 0.120 0.079 
 194   (0.578) 0.635 0.409 0.596 0.469 0.611 0.564 0.481 0.487 0.607 0.598 0.601 0.180 0.956 0.480 0.578 0.594 
 200   (0.082) 0.067 0.007 0.083 0.018 0.133 0.069 0.002 0.008 0.088 0.088 0.093 0.367 0.008 0.005 0.082 0.207 
 192   (0.006) 0.002 0.000 0.003 0.001 0.003 0.001 0.000 0.001 0.004 0.005 0.005 0.001 0.001 0.000 0.006 0.002 
 202   (0.013) 0.005 0.001 0.002 0.002 0.006 0.002 0.000 0.001 0.010 0.011 0.012 0.002 0.001 0.147 0.013 0.004 
 196   (0.006) 0.007 0.000 0.001 0.001 0.003 0.001 0.000 0.001 0.003 0.004 0.004 0.001 0.001 0.000 0.006 0.002 

Locus 20 : 20 
6 alleles
0.9% missing data
 252   (0.719) 0.835 0.814 0.748 0.770 0.740 0.738 0.850 0.714 0.718 0.733 0.730 0.541 0.382 0.724 0.720 0.788 
 250   (0.079) 0.030 0.010 0.068 0.184 0.060 0.025 0.101 0.047 0.077 0.070 0.069 0.144 0.347 0.145 0.079 0.042 
 244   (0.020) 0.011 0.153 0.006 0.006 0.012 0.010 0.007 0.002 0.013 0.016 0.016 0.006 0.004 0.001 0.020 0.009 
 254   (0.075) 0.061 0.010 0.056 0.018 0.066 0.137 0.032 0.009 0.061 0.077 0.079 0.017 0.105 0.083 0.075 0.076 
 246   (0.085) 0.053 0.010 0.118 0.017 0.055 0.086 0.004 0.225 0.078 0.077 0.076 0.287 0.159 0.046 0.085 0.036 
 248   (0.022) 0.010 0.004 0.004 0.004 0.068 0.003 0.007 0.003 0.052 0.025 0.030 0.004 0.002 0.001 0.022 0.048 

Locus 21 : 21 
7 alleles
0.2% missing data
 173   (0.294) 0.346 0.156 0.310 0.571 0.299 0.566 0.373 0.142 0.245 0.287 0.280 0.073 0.119 0.212 0.294 0.390 
 177   (0.274) 0.206 0.175 0.082 0.248 0.349 0.219 0.273 0.638 0.333 0.290 0.294 0.502 0.273 0.165 0.274 0.312 
 175   (0.139) 0.132 0.017 0.323 0.064 0.103 0.082 0.025 0.025 0.122 0.131 0.131 0.039 0.488 0.258 0.139 0.089 
 167   (0.193) 0.266 0.641 0.141 0.091 0.164 0.115 0.323 0.182 0.175 0.185 0.184 0.091 0.109 0.122 0.193 0.157 
 163   (0.035) 0.023 0.004 0.015 0.012 0.023 0.008 0.002 0.004 0.035 0.034 0.034 0.008 0.004 0.229 0.035 0.015 
 159   (0.020) 0.006 0.002 0.003 0.005 0.022 0.003 0.000 0.002 0.037 0.026 0.025 0.004 0.002 0.001 0.021 0.012 
 165   (0.045) 0.020 0.005 0.127 0.009 0.040 0.007 0.003 0.008 0.053 0.047 0.052 0.283 0.005 0.013 0.045 0.025 

Locus 22 : 22 
11 alleles
0.7% missing data
 146   (0.246) 0.208 0.833 0.170 0.141 0.245 0.317 0.229 0.219 0.220 0.265 0.260 0.299 0.073 0.136 0.246 0.295 
 154   (0.007) 0.002 0.001 0.001 0.001 0.002 0.001 0.071 0.002 0.003 0.004 0.004 0.001 0.001 0.000 0.007 0.002 
 166   (0.095) 0.048 0.011 0.077 0.026 0.084 0.024 0.028 0.266 0.111 0.103 0.113 0.023 0.113 0.006 0.095 0.059 
 152   (0.428) 0.549 0.129 0.509 0.745 0.509 0.586 0.638 0.447 0.442 0.393 0.391 0.592 0.499 0.364 0.428 0.539 
 150   (0.025) 0.009 0.003 0.005 0.011 0.020 0.005 0.006 0.007 0.025 0.033 0.036 0.006 0.117 0.002 0.025 0.015 
 164   (0.030) 0.030 0.004 0.058 0.008 0.017 0.006 0.011 0.043 0.022 0.025 0.023 0.006 0.005 0.002 0.030 0.011 
 148   (0.008) 0.003 0.001 0.001 0.001 0.003 0.001 0.000 0.001 0.004 0.006 0.005 0.001 0.172 0.000 0.008 0.002 
 158   (0.085) 0.103 0.011 0.135 0.024 0.065 0.018 0.016 0.009 0.097 0.093 0.095 0.047 0.010 0.110 0.085 0.039 
 162   (0.051) 0.040 0.005 0.040 0.022 0.041 0.010 0.001 0.005 0.058 0.054 0.049 0.020 0.007 0.072 0.051 0.029 
 156   (0.014) 0.004 0.001 0.003 0.020 0.006 0.007 0.000 0.001 0.008 0.010 0.009 0.003 0.002 0.306 0.014 0.004 
 142   (0.011) 0.004 0.001 0.002 0.002 0.009 0.023 0.000 0.001 0.010 0.015 0.016 0.002 0.001 0.001 0.011 0.005 

Locus 23 : 23 
7 alleles
0.9% missing data
 152   (0.012) 0.003 0.001 0.002 0.002 0.005 0.002 0.063 0.092 0.006 0.008 0.007 0.002 0.001 0.001 0.012 0.004 
 156   (0.117) 0.256 0.012 0.128 0.094 0.139 0.030 0.034 0.088 0.140 0.118 0.118 0.028 0.014 0.030 0.117 0.099 
 144   (0.173) 0.109 0.026 0.197 0.242 0.149 0.328 0.186 0.153 0.155 0.160 0.160 0.050 0.603 0.644 0.173 0.161 
 160   (0.106) 0.049 0.013 0.134 0.168 0.152 0.059 0.181 0.296 0.114 0.090 0.090 0.323 0.013 0.104 0.105 0.163 
 154   (0.559) 0.569 0.922 0.529 0.488 0.530 0.576 0.534 0.369 0.546 0.589 0.589 0.590 0.364 0.219 0.559 0.557 
 158   (0.025) 0.009 0.026 0.009 0.005 0.022 0.004 0.003 0.003 0.032 0.029 0.029 0.006 0.003 0.001 0.025 0.014 
 146   (0.008) 0.004 0.001 0.001 0.001 0.004 0.001 0.000 0.001 0.006 0.006 0.006 0.001 0.001 0.000 0.008 0.002 

Locus 24 : 24 
4 alleles
0.4% missing data
  77   (0.086) 0.111 0.036 0.089 0.052 0.087 0.052 0.332 0.026 0.061 0.069 0.064 0.035 0.010 0.049 0.086 0.127 
  83   (0.459) 0.397 0.228 0.609 0.510 0.427 0.441 0.486 0.588 0.446 0.443 0.444 0.759 0.689 0.921 0.459 0.382 
  81   (0.369) 0.346 0.724 0.266 0.295 0.421 0.411 0.163 0.349 0.415 0.405 0.407 0.184 0.292 0.025 0.369 0.434 
  85   (0.086) 0.146 0.012 0.036 0.143 0.064 0.097 0.019 0.036 0.078 0.083 0.085 0.023 0.010 0.006 0.086 0.058 

Locus 25 : 25 
6 alleles
0.4% missing data
 132   (0.334) 0.234 0.909 0.460 0.223 0.281 0.419 0.534 0.134 0.331 0.349 0.351 0.202 0.184 0.457 0.334 0.249 
 124   (0.521) 0.700 0.068 0.414 0.644 0.582 0.451 0.393 0.827 0.533 0.507 0.495 0.760 0.408 0.533 0.521 0.600 
 126   (0.022) 0.008 0.003 0.004 0.005 0.010 0.003 0.059 0.026 0.014 0.017 0.015 0.004 0.002 0.001 0.022 0.006 
 122   (0.094) 0.047 0.018 0.104 0.121 0.112 0.124 0.014 0.011 0.099 0.103 0.116 0.027 0.115 0.006 0.094 0.135 
 120   (0.015) 0.006 0.001 0.003 0.002 0.007 0.002 0.000 0.001 0.012 0.012 0.011 0.002 0.289 0.001 0.015 0.004 
 136   (0.014) 0.005 0.001 0.015 0.005 0.008 0.002 0.000 0.002 0.011 0.012 0.011 0.003 0.002 0.001 0.014 0.006 

Locus 26 : 26 
7 alleles
0.2% missing data
 165   (0.248) 0.229 0.677 0.338 0.109 0.254 0.379 0.115 0.155 0.247 0.238 0.237 0.201 0.321 0.053 0.248 0.236 
 183   (0.346) 0.332 0.205 0.465 0.375 0.345 0.331 0.587 0.460 0.365 0.333 0.328 0.632 0.290 0.423 0.346 0.301 
 179   (0.083) 0.070 0.016 0.018 0.030 0.092 0.037 0.057 0.104 0.071 0.078 0.074 0.043 0.347 0.005 0.083 0.132 
 175   (0.261) 0.208 0.096 0.152 0.474 0.264 0.245 0.240 0.276 0.249 0.292 0.303 0.113 0.033 0.454 0.261 0.299 
 181   (0.048) 0.156 0.005 0.025 0.009 0.039 0.007 0.001 0.004 0.056 0.047 0.048 0.009 0.006 0.065 0.048 0.028 
 185   (0.008) 0.004 0.001 0.001 0.002 0.005 0.001 0.000 0.001 0.008 0.008 0.007 0.001 0.001 0.001 0.009 0.003 
 157   (0.006) 0.002 0.001 0.001 0.001 0.003 0.001 0.000 0.001 0.004 0.004 0.004 0.001 0.001 0.000 0.006 0.002 

Locus 27 : 27 
4 alleles
0.2% missing data
 142   (0.648) 0.597 0.340 0.684 0.764 0.682 0.833 0.704 0.604 0.671 0.656 0.656 0.730 0.310 0.742 0.648 0.666 
 148   (0.201) 0.220 0.383 0.245 0.167 0.161 0.070 0.074 0.179 0.199 0.203 0.207 0.049 0.673 0.064 0.201 0.131 
 138   (0.046) 0.022 0.266 0.017 0.012 0.034 0.029 0.211 0.205 0.040 0.039 0.038 0.021 0.006 0.003 0.046 0.025 
 150   (0.105) 0.160 0.011 0.054 0.057 0.123 0.068 0.010 0.011 0.091 0.102 0.099 0.200 0.012 0.191 0.105 0.178 

Locus 28 : 28 
6 alleles
0.9% missing data
 260   (0.386) 0.223 0.281 0.300 0.422 0.461 0.547 0.340 0.500 0.418 0.404 0.417 0.502 0.136 0.375 0.386 0.502 
 262   (0.510) 0.687 0.706 0.661 0.420 0.452 0.387 0.655 0.489 0.479 0.499 0.492 0.469 0.850 0.551 0.510 0.415 
 256   (0.073) 0.064 0.010 0.035 0.089 0.070 0.045 0.005 0.008 0.079 0.072 0.068 0.023 0.010 0.072 0.073 0.070 
 258   (0.011) 0.003 0.001 0.002 0.002 0.007 0.001 0.000 0.001 0.012 0.011 0.010 0.002 0.001 0.001 0.011 0.003 
 266   (0.006) 0.002 0.000 0.001 0.001 0.002 0.013 0.000 0.001 0.003 0.004 0.003 0.001 0.001 0.000 0.006 0.002 
 264   (0.015) 0.021 0.001 0.002 0.067 0.008 0.007 0.000 0.001 0.009 0.011 0.010 0.003 0.001 0.001 0.014 0.007 

Locus 29 : 29 
7 alleles
0.2% missing data
 146   (0.279) 0.254 0.081 0.351 0.457 0.350 0.152 0.165 0.289 0.337 0.277 0.281 0.485 0.035 0.334 0.279 0.289 
 150   (0.445) 0.583 0.167 0.407 0.382 0.429 0.601 0.712 0.439 0.416 0.462 0.467 0.176 0.140 0.288 0.445 0.484 
 140   (0.172) 0.124 0.693 0.168 0.138 0.160 0.144 0.079 0.032 0.160 0.167 0.166 0.119 0.813 0.057 0.172 0.189 
 148   (0.058) 0.021 0.054 0.047 0.012 0.032 0.046 0.038 0.226 0.045 0.050 0.047 0.142 0.006 0.318 0.058 0.021 
 152   (0.029) 0.013 0.003 0.005 0.008 0.022 0.054 0.001 0.003 0.034 0.033 0.029 0.059 0.003 0.002 0.029 0.012 
 151   (0.009) 0.003 0.002 0.002 0.001 0.004 0.001 0.005 0.010 0.005 0.006 0.006 0.006 0.001 0.001 0.009 0.004 
 142   (0.008) 0.003 0.001 0.020 0.001 0.003 0.001 0.001 0.001 0.004 0.005 0.004 0.013 0.001 0.000 0.008 0.002 

Locus 30 : 30 
6 alleles
0.2% missing data
 125   (0.287) 0.339 0.629 0.310 0.078 0.300 0.073 0.478 0.297 0.348 0.297 0.311 0.090 0.137 0.029 0.288 0.205 
 129   (0.439) 0.399 0.308 0.415 0.658 0.415 0.601 0.474 0.644 0.387 0.425 0.410 0.459 0.210 0.787 0.439 0.487 
 123   (0.148) 0.184 0.048 0.106 0.239 0.174 0.276 0.045 0.048 0.143 0.150 0.148 0.094 0.018 0.100 0.148 0.187 
 121   (0.012) 0.005 0.001 0.003 0.002 0.006 0.002 0.000 0.001 0.007 0.010 0.009 0.002 0.040 0.001 0.012 0.003 
 127   (0.078) 0.047 0.010 0.159 0.015 0.064 0.037 0.002 0.007 0.075 0.071 0.068 0.348 0.591 0.081 0.078 0.064 
 131   (0.035) 0.026 0.003 0.007 0.008 0.042 0.012 0.001 0.003 0.039 0.046 0.054 0.007 0.004 0.002 0.035 0.053 

Locus 31 : 31 
6 alleles
0.2% missing data
 159   (0.172) 0.278 0.063 0.302 0.393 0.178 0.182 0.139 0.114 0.146 0.170 0.170 0.050 0.020 0.011 0.172 0.236 
 155   (0.548) 0.468 0.595 0.423 0.250 0.548 0.603 0.688 0.847 0.614 0.572 0.581 0.490 0.524 0.711 0.548 0.424 
 157   (0.186) 0.205 0.295 0.253 0.120 0.204 0.179 0.090 0.030 0.162 0.174 0.167 0.440 0.113 0.020 0.186 0.270 
 153   (0.058) 0.023 0.042 0.011 0.229 0.052 0.029 0.081 0.006 0.052 0.056 0.056 0.013 0.103 0.004 0.058 0.060 
 151   (0.029) 0.023 0.004 0.010 0.005 0.015 0.004 0.002 0.003 0.022 0.024 0.021 0.006 0.240 0.253 0.029 0.010 
 163   (0.006) 0.002 0.001 0.001 0.001 0.003 0.002 0.001 0.001 0.003 0.005 0.004 0.001 0.001 0.000 0.006 0.002 

Locus 32 : 32 
5 alleles
0.0% missing data
 146   (0.319) 0.379 0.065 0.262 0.399 0.340 0.356 0.064 0.051 0.358 0.324 0.337 0.220 0.583 0.314 0.319 0.309 
 150   (0.579) 0.579 0.924 0.510 0.517 0.581 0.611 0.859 0.877 0.551 0.578 0.571 0.409 0.406 0.638 0.578 0.628 
 148   (0.055) 0.018 0.005 0.120 0.017 0.048 0.011 0.076 0.066 0.050 0.047 0.039 0.356 0.006 0.044 0.055 0.038 
 154   (0.034) 0.018 0.004 0.105 0.008 0.021 0.006 0.001 0.004 0.031 0.036 0.038 0.008 0.004 0.002 0.034 0.015 
 152   (0.014) 0.006 0.001 0.002 0.059 0.010 0.016 0.000 0.001 0.010 0.015 0.015 0.006 0.002 0.001 0.014 0.010 

Locus 33 : 33 
7 alleles
0.0% missing data
 180   (0.466) 0.417 0.423 0.529 0.180 0.463 0.410 0.610 0.368 0.479 0.474 0.476 0.514 0.697 0.670 0.466 0.436 
 196   (0.117) 0.104 0.124 0.050 0.221 0.101 0.131 0.187 0.204 0.104 0.112 0.116 0.025 0.013 0.007 0.117 0.099 
 184   (0.195) 0.204 0.426 0.279 0.466 0.137 0.330 0.146 0.124 0.182 0.177 0.176 0.085 0.267 0.070 0.195 0.100 
 194   (0.010) 0.003 0.001 0.002 0.002 0.004 0.001 0.040 0.033 0.005 0.007 0.006 0.002 0.001 0.001 0.010 0.003 
 192   (0.133) 0.200 0.015 0.098 0.113 0.163 0.111 0.005 0.013 0.130 0.141 0.133 0.356 0.014 0.182 0.133 0.225 
 190   (0.016) 0.018 0.002 0.022 0.006 0.035 0.006 0.000 0.002 0.009 0.012 0.011 0.003 0.002 0.001 0.016 0.070 
 198   (0.062) 0.054 0.009 0.020 0.014 0.098 0.011 0.012 0.257 0.091 0.078 0.083 0.014 0.007 0.069 0.062 0.068 

Locus 34 : 34 
6 alleles
0.0% missing data
 110   (0.182) 0.112 0.269 0.226 0.053 0.233 0.077 0.374 0.158 0.208 0.181 0.177 0.158 0.212 0.070 0.182 0.234 
 112   (0.362) 0.345 0.070 0.283 0.450 0.321 0.378 0.514 0.744 0.364 0.374 0.374 0.438 0.041 0.056 0.362 0.303 
 106   (0.275) 0.389 0.579 0.417 0.408 0.293 0.434 0.087 0.077 0.242 0.272 0.274 0.140 0.222 0.712 0.275 0.332 
  90   (0.038) 0.036 0.065 0.008 0.007 0.028 0.007 0.018 0.006 0.027 0.032 0.031 0.232 0.407 0.002 0.037 0.027 
 108   (0.134) 0.115 0.016 0.064 0.080 0.122 0.102 0.007 0.014 0.153 0.133 0.139 0.030 0.118 0.113 0.135 0.102 
  96   (0.009) 0.004 0.001 0.002 0.001 0.004 0.001 0.000 0.001 0.005 0.007 0.006 0.003 0.001 0.046 0.009 0.002 

Locus 35 : 35 
9 alleles
0.0% missing data
 166   (0.060) 0.021 0.010 0.053 0.038 0.037 0.153 0.290 0.189 0.041 0.058 0.058 0.125 0.008 0.004 0.060 0.033 
 176   (0.095) 0.131 0.022 0.225 0.021 0.061 0.014 0.130 0.381 0.086 0.087 0.085 0.034 0.011 0.015 0.095 0.039 
 172   (0.324) 0.202 0.451 0.130 0.419 0.444 0.424 0.451 0.209 0.375 0.346 0.351 0.253 0.041 0.586 0.324 0.460 
 170   (0.275) 0.256 0.480 0.521 0.287 0.211 0.223 0.121 0.156 0.251 0.252 0.245 0.196 0.613 0.327 0.275 0.193 
 174   (0.134) 0.304 0.013 0.048 0.035 0.148 0.151 0.005 0.015 0.123 0.137 0.143 0.366 0.015 0.061 0.134 0.201 
 178   (0.041) 0.025 0.017 0.008 0.057 0.037 0.010 0.002 0.043 0.045 0.042 0.038 0.011 0.005 0.003 0.041 0.027 
 168   (0.049) 0.054 0.005 0.012 0.017 0.040 0.021 0.001 0.005 0.056 0.059 0.062 0.012 0.305 0.003 0.049 0.027 
 186   (0.016) 0.005 0.001 0.003 0.124 0.018 0.002 0.000 0.002 0.018 0.015 0.013 0.003 0.002 0.001 0.016 0.019 
 158   (0.006) 0.002 0.001 0.001 0.001 0.003 0.001 0.000 0.001 0.005 0.005 0.004 0.001 0.001 0.000 0.006 0.002 

Locus 36 : 36 
6 alleles
0.0% missing data
  89   (0.572) 0.551 0.233 0.489 0.780 0.641 0.560 0.663 0.713 0.599 0.591 0.600 0.638 0.370 0.509 0.572 0.699 
  95   (0.059) 0.023 0.039 0.083 0.016 0.043 0.131 0.082 0.020 0.049 0.052 0.052 0.015 0.006 0.004 0.059 0.041 
  85   (0.164) 0.209 0.266 0.152 0.156 0.100 0.169 0.225 0.225 0.132 0.159 0.156 0.291 0.497 0.233 0.164 0.072 
  81   (0.066) 0.137 0.009 0.182 0.014 0.048 0.028 0.006 0.007 0.060 0.062 0.058 0.017 0.008 0.004 0.066 0.038 
  83   (0.124) 0.075 0.451 0.091 0.031 0.160 0.103 0.025 0.034 0.150 0.123 0.122 0.037 0.014 0.248 0.125 0.146 
  91   (0.015) 0.004 0.001 0.003 0.003 0.007 0.008 0.000 0.001 0.011 0.013 0.012 0.003 0.104 0.001 0.015 0.004 

Locus 37 : 37 
10 alleles
0.0% missing data
 161   (0.343) 0.525 0.089 0.397 0.128 0.342 0.267 0.579 0.537 0.342 0.326 0.326 0.437 0.428 0.375 0.343 0.338 
 165   (0.232) 0.147 0.060 0.181 0.244 0.253 0.339 0.164 0.271 0.264 0.237 0.247 0.094 0.134 0.098 0.232 0.218 
 159   (0.013) 0.004 0.001 0.002 0.002 0.006 0.004 0.036 0.009 0.008 0.015 0.015 0.002 0.001 0.001 0.012 0.004 
 173   (0.253) 0.201 0.157 0.389 0.423 0.259 0.184 0.126 0.082 0.237 0.262 0.257 0.398 0.223 0.516 0.253 0.307 
 169   (0.105) 0.101 0.688 0.022 0.184 0.100 0.127 0.086 0.096 0.096 0.107 0.106 0.058 0.208 0.007 0.105 0.102 
 167   (0.017) 0.008 0.002 0.003 0.003 0.014 0.003 0.009 0.002 0.015 0.020 0.020 0.004 0.002 0.001 0.016 0.017 
 168   (0.010) 0.003 0.001 0.002 0.002 0.007 0.001 0.000 0.001 0.011 0.009 0.009 0.002 0.001 0.001 0.010 0.004 
 155   (0.014) 0.007 0.001 0.003 0.003 0.013 0.002 0.000 0.001 0.020 0.015 0.013 0.002 0.001 0.001 0.014 0.007 
 177   (0.006) 0.003 0.000 0.001 0.001 0.003 0.001 0.000 0.001 0.004 0.004 0.004 0.002 0.001 0.000 0.006 0.002 
 175   (0.007) 0.002 0.001 0.001 0.011 0.002 0.073 0.000 0.001 0.003 0.005 0.004 0.001 0.001 0.000 0.007 0.002 

Locus 38 : 38 
6 alleles
0.4% missing data
  87   (0.089) 0.059 0.012 0.114 0.025 0.096 0.031 0.172 0.138 0.070 0.073 0.068 0.020 0.555 0.129 0.089 0.122 
  89   (0.444) 0.535 0.756 0.212 0.431 0.458 0.670 0.588 0.675 0.469 0.467 0.485 0.401 0.052 0.089 0.444 0.455 
  91   (0.160) 0.164 0.192 0.208 0.080 0.208 0.044 0.131 0.024 0.182 0.167 0.168 0.089 0.207 0.186 0.160 0.194 
  81   (0.121) 0.063 0.012 0.220 0.068 0.084 0.067 0.080 0.081 0.116 0.124 0.122 0.432 0.014 0.115 0.121 0.064 
  85   (0.180) 0.177 0.028 0.245 0.395 0.151 0.187 0.026 0.082 0.160 0.164 0.154 0.055 0.173 0.481 0.180 0.163 
  83   (0.006) 0.002 0.001 0.001 0.001 0.003 0.001 0.003 0.001 0.003 0.004 0.004 0.002 0.001 0.000 0.006 0.002 

Locus 39 : 39 
4 alleles
0.4% missing data
 167   (0.792) 0.872 0.933 0.949 0.934 0.830 0.682 0.911 0.925 0.772 0.786 0.781 0.802 0.684 0.857 0.791 0.858 
 161   (0.175) 0.114 0.060 0.044 0.060 0.146 0.221 0.088 0.071 0.199 0.177 0.182 0.184 0.313 0.140 0.176 0.118 
 165   (0.027) 0.013 0.006 0.005 0.005 0.021 0.096 0.001 0.003 0.024 0.032 0.033 0.013 0.003 0.002 0.027 0.022 
 177   (0.006) 0.002 0.000 0.001 0.001 0.003 0.001 0.000 0.001 0.005 0.005 0.005 0.001 0.001 0.001 0.006 0.002 

Locus 40 : 40 
6 alleles
0.2% missing data
 228   (0.418) 0.394 0.728 0.442 0.663 0.428 0.457 0.520 0.660 0.394 0.409 0.400 0.625 0.544 0.228 0.418 0.447 
 238   (0.346) 0.417 0.070 0.263 0.211 0.324 0.343 0.323 0.265 0.358 0.363 0.367 0.092 0.082 0.115 0.347 0.309 
 224   (0.020) 0.006 0.002 0.013 0.003 0.009 0.003 0.092 0.046 0.013 0.014 0.013 0.228 0.002 0.001 0.020 0.006 
 236   (0.101) 0.055 0.188 0.114 0.027 0.085 0.041 0.062 0.017 0.094 0.096 0.099 0.026 0.359 0.394 0.101 0.089 
 232   (0.011) 0.039 0.001 0.002 0.002 0.006 0.002 0.000 0.002 0.008 0.008 0.008 0.002 0.001 0.001 0.011 0.004 
 240   (0.103) 0.089 0.010 0.166 0.094 0.149 0.155 0.002 0.010 0.133 0.110 0.114 0.026 0.012 0.261 0.103 0.146 

Locus 41 : 41 
7 alleles
0.0% missing data
 128   (0.120) 0.138 0.236 0.071 0.052 0.137 0.293 0.137 0.067 0.111 0.118 0.115 0.238 0.013 0.031 0.119 0.143 
 130   (0.530) 0.562 0.691 0.516 0.473 0.561 0.391 0.612 0.587 0.561 0.543 0.551 0.521 0.059 0.783 0.530 0.554 
 114   (0.052) 0.030 0.032 0.077 0.011 0.031 0.007 0.111 0.040 0.044 0.045 0.042 0.010 0.505 0.003 0.052 0.019 
 132   (0.128) 0.139 0.020 0.152 0.405 0.115 0.163 0.132 0.288 0.118 0.121 0.116 0.030 0.015 0.046 0.128 0.119 
 118   (0.056) 0.053 0.008 0.011 0.020 0.061 0.095 0.002 0.005 0.046 0.057 0.058 0.026 0.204 0.130 0.056 0.086 
 134   (0.108) 0.075 0.012 0.173 0.039 0.092 0.050 0.006 0.012 0.117 0.112 0.114 0.174 0.204 0.007 0.108 0.078 
 136   (0.006) 0.002 0.001 0.001 0.001 0.003 0.001 0.000 0.001 0.003 0.004 0.004 0.001 0.001 0.000 0.006 0.001 

Locus 42 : 42 
6 alleles
1.3% missing data
 102   (0.281) 0.171 0.080 0.414 0.441 0.285 0.292 0.415 0.446 0.265 0.265 0.271 0.228 0.575 0.478 0.281 0.322 
 104   (0.404) 0.403 0.101 0.323 0.277 0.461 0.550 0.195 0.141 0.437 0.441 0.443 0.682 0.049 0.412 0.405 0.490 
  92   (0.109) 0.230 0.013 0.086 0.147 0.076 0.026 0.106 0.285 0.098 0.107 0.106 0.034 0.052 0.007 0.109 0.059 
  96   (0.069) 0.083 0.708 0.053 0.015 0.089 0.027 0.061 0.056 0.084 0.064 0.063 0.017 0.097 0.004 0.069 0.063 
  98   (0.130) 0.111 0.097 0.123 0.118 0.087 0.103 0.223 0.072 0.113 0.118 0.113 0.037 0.227 0.099 0.130 0.064 
 106   (0.006) 0.002 0.001 0.002 0.002 0.003 0.001 0.000 0.001 0.004 0.005 0.004 0.002 0.001 0.000 0.006 0.002 

Locus 43 : 43 
6 alleles
1.6% missing data
 101   (0.308) 0.417 0.090 0.472 0.429 0.259 0.224 0.473 0.226 0.275 0.304 0.317 0.210 0.037 0.182 0.308 0.261 
 103   (0.324) 0.192 0.453 0.279 0.421 0.322 0.452 0.176 0.371 0.320 0.332 0.321 0.136 0.230 0.350 0.324 0.359 
  99   (0.138) 0.210 0.073 0.064 0.039 0.137 0.099 0.029 0.215 0.162 0.134 0.130 0.589 0.420 0.009 0.138 0.098 
  95   (0.208) 0.172 0.382 0.181 0.108 0.268 0.223 0.321 0.186 0.222 0.211 0.212 0.061 0.177 0.458 0.208 0.275 
  97   (0.016) 0.007 0.001 0.003 0.003 0.010 0.002 0.000 0.001 0.016 0.015 0.016 0.003 0.137 0.001 0.016 0.005 
  91   (0.006) 0.002 0.001 0.001 0.001 0.003 0.001 0.000 0.001 0.005 0.005 0.005 0.001 0.001 0.000 0.006 0.002 

Locus 44 : 44 
7 alleles
0.2% missing data
 177   (0.079) 0.035 0.010 0.065 0.025 0.065 0.049 0.064 0.164 0.082 0.084 0.088 0.016 0.010 0.005 0.079 0.053 
 191   (0.277) 0.267 0.054 0.305 0.132 0.337 0.134 0.186 0.111 0.329 0.291 0.288 0.331 0.280 0.098 0.277 0.340 
 181   (0.583) 0.667 0.932 0.616 0.833 0.566 0.729 0.749 0.719 0.539 0.557 0.558 0.570 0.521 0.863 0.583 0.589 
 179   (0.038) 0.023 0.003 0.010 0.007 0.023 0.005 0.001 0.004 0.037 0.050 0.051 0.079 0.187 0.002 0.039 0.013 
 183   (0.009) 0.003 0.001 0.002 0.002 0.004 0.003 0.000 0.001 0.006 0.008 0.007 0.002 0.001 0.001 0.009 0.002 
 193   (0.007) 0.002 0.001 0.001 0.001 0.003 0.079 0.000 0.001 0.003 0.005 0.005 0.001 0.001 0.000 0.007 0.002 
 189   (0.006) 0.002 0.000 0.001 0.001 0.002 0.001 0.000 0.001 0.003 0.004 0.003 0.001 0.001 0.030 0.006 0.001 

Locus 45 : 45 
6 alleles
0.9% missing data
 205   (0.466) 0.365 0.866 0.534 0.533 0.483 0.548 0.503 0.547 0.505 0.493 0.494 0.525 0.248 0.404 0.466 0.442 
 211   (0.231) 0.363 0.046 0.184 0.224 0.200 0.098 0.252 0.113 0.227 0.233 0.228 0.300 0.343 0.276 0.231 0.177 
 207   (0.144) 0.093 0.066 0.091 0.205 0.129 0.241 0.126 0.192 0.126 0.130 0.132 0.052 0.017 0.201 0.144 0.153 
 201   (0.072) 0.098 0.012 0.082 0.021 0.106 0.022 0.069 0.108 0.061 0.061 0.057 0.023 0.381 0.005 0.072 0.152 
 215   (0.079) 0.079 0.009 0.107 0.015 0.062 0.089 0.049 0.039 0.066 0.076 0.080 0.099 0.010 0.114 0.079 0.065 
 202   (0.008) 0.003 0.001 0.001 0.002 0.018 0.002 0.000 0.001 0.015 0.007 0.007 0.002 0.001 0.000 0.008 0.012 

Locus 46 : 46 
10 alleles
1.1% missing data
 144   (0.066) 0.097 0.053 0.014 0.015 0.080 0.024 0.255 0.080 0.060 0.063 0.062 0.054 0.008 0.128 0.066 0.083 
 158   (0.155) 0.127 0.035 0.262 0.081 0.153 0.032 0.113 0.397 0.155 0.144 0.139 0.198 0.020 0.082 0.155 0.175 
 168   (0.138) 0.110 0.058 0.139 0.033 0.159 0.041 0.223 0.066 0.174 0.129 0.141 0.032 0.212 0.107 0.139 0.115 
 166   (0.142) 0.095 0.461 0.087 0.070 0.099 0.350 0.323 0.131 0.119 0.132 0.124 0.040 0.124 0.391 0.142 0.082 
 142   (0.374) 0.279 0.379 0.441 0.713 0.420 0.481 0.082 0.295 0.383 0.410 0.421 0.651 0.048 0.285 0.374 0.477 
 170   (0.013) 0.045 0.002 0.004 0.003 0.006 0.002 0.001 0.001 0.009 0.011 0.011 0.003 0.002 0.001 0.013 0.004 
 156   (0.025) 0.008 0.002 0.005 0.012 0.023 0.004 0.001 0.014 0.025 0.024 0.021 0.005 0.467 0.001 0.025 0.021 
 162   (0.042) 0.074 0.005 0.037 0.009 0.024 0.059 0.001 0.004 0.032 0.045 0.044 0.008 0.114 0.003 0.042 0.016 
 164   (0.039) 0.161 0.005 0.010 0.063 0.034 0.006 0.001 0.011 0.040 0.036 0.032 0.007 0.004 0.002 0.039 0.026 
 160   (0.006) 0.002 0.001 0.001 0.001 0.003 0.001 0.000 0.001 0.004 0.005 0.004 0.001 0.001 0.000 0.006 0.002 

Locus 47 : 47 
7 alleles
8.7% missing data
 149   (0.340) 0.297 0.471 0.081 0.366 0.393 0.401 0.209 0.184 0.378 0.366 0.371 0.520 0.351 0.335 0.340 0.364 
 151   (0.185) 0.164 0.120 0.371 0.167 0.169 0.109 0.205 0.578 0.164 0.170 0.161 0.334 0.085 0.012 0.185 0.186 
 153   (0.198) 0.147 0.105 0.176 0.310 0.202 0.414 0.367 0.133 0.191 0.208 0.210 0.075 0.030 0.025 0.198 0.251 
 147   (0.029) 0.064 0.003 0.005 0.006 0.017 0.004 0.034 0.030 0.022 0.024 0.021 0.008 0.005 0.002 0.029 0.012 
 145   (0.229) 0.286 0.299 0.363 0.148 0.209 0.070 0.183 0.073 0.234 0.217 0.224 0.058 0.526 0.625 0.229 0.181 
 152   (0.006) 0.003 0.001 0.001 0.001 0.004 0.001 0.002 0.001 0.004 0.004 0.004 0.003 0.001 0.000 0.006 0.003 
 143   (0.013) 0.038 0.001 0.002 0.002 0.007 0.002 0.000 0.001 0.009 0.010 0.010 0.003 0.002 0.001 0.013 0.004 

Values of parameters used in structure:
DATAFILE=temp2_no_plains.str,	OUTFILE=k16/temp2_no_plains_k16_run8,	NUMINDS=450,	NUMLOCI=47,	MISSING=-9,	LABEL=1,	POPDATA=1,	POPFLAG=0,	PHENOTYPE=0,	EXTRACOLS=0,	MAXPOPS=16,	BURNIN=500000,	NUMREPS=750000,	USEPOPINFO=0,	INFERALPHA=1,	INFERLAMBDA=0,	POPSPECIFICLAMBDA=0,	POPALPHAS=0,	COMPUTEPROB=1,	NOADMIX=0,	ADMBURNIN=500,	UPDATEFREQ=100,	PRINTLIKES=0,	INTERMEDSAVE=0,	PRINTKLD=0,	PRINTNET=1,	PRINTLAMBDA=1,	ANCESTDIST=0,	NUMBOXES=1000,	ANCESTPINT=0.90000,	GENSBACK=2,	MIGRPRIOR=0.01000,	PRINTQHAT=0,	PRINTQSUM=1,	ALPHA=1.0000,	FREQSCORR=1,	FPRIORMEAN=0.0100,	FPRIORSD=0.0500,	ONEFST=0,	LAMBDA=1.0000,	UNIFPRIORALPHA=1,	ALPHAMAX=10.0000,	ALPHAPRIORA=1.0000,	ALPHAPRIORB=2.0000,	ALPHAPROPSD=0.0250,	STARTATPOPINFO=0,	RANDOMIZE=0,	LINKAGE=0,	METROFREQ=10,	REPORTHITRATE=0,	MARKOVPHASE=0,	PHASED=1,	PLOIDY=2,	PHASEINFO=0	LOCPRIOR=0, 	LOCPRIORINIT=1.000000, 	LOCDATA=0, 	LOCISPOP=1, 	LOCPRIORSTEP=0.100000, 	MAXLOCPRIOR=20.000000, 	SEED=949861,	
[STRAT parameters]:    NUMSIMSTATS=1000,	PHENOTYPECOL=-9,	POOLFREQ=10,	LOCUSxONLY=0,	EMERROR=0.00100,	MISSINGPHENO=-9,	