

----------------------------------------------------
STRUCTURE by Pritchard, Stephens and Donnelly (2000)
     and Falush, Stephens and Pritchard (2003)
       Code by Pritchard, Falush and Hubisz
             Version 2.3.4 (Jul 2012)
----------------------------------------------------



Command line arguments:   structure -D 934036 -K 16 -m mainparams -o k16/temp2_no_plains_k16_run6 
Input File:    temp2_no_plains.str

Run parameters:
   450 individuals
   47 loci
   16 populations assumed
   500000 Burn-in period
   750000 Reps
RANDOMIZE turned off


--------------------------------------------
Proportion of membership of each pre-defined
 population in each of the 16 clusters

Given    Inferred Clusters                                                                                                  Number of
 Pop       1      2      3      4      5      6      7      8      9     10     11     12     13     14     15     16      Individuals

  1:     0.010  0.012  0.036  0.010  0.010  0.010  0.010  0.010  0.010  0.009  0.008  0.010  0.006  0.004  0.010  0.836       63
  2:     0.017  0.015  0.011  0.015  0.011  0.012  0.009  0.007  0.009  0.009  0.007  0.011  0.011  0.006  0.010  0.840       20
  3:     0.010  0.035  0.116  0.021  0.018  0.019  0.010  0.014  0.018  0.010  0.006  0.010  0.008  0.004  0.018  0.683       21
  4:     0.008  0.011  0.527  0.007  0.008  0.007  0.010  0.006  0.008  0.007  0.005  0.015  0.007  0.004  0.008  0.363       31
  5:     0.006  0.006  0.017  0.009  0.008  0.008  0.006  0.020  0.008  0.010  0.004  0.013  0.005  0.005  0.007  0.867       21
  6:     0.010  0.760  0.012  0.021  0.018  0.018  0.011  0.037  0.017  0.021  0.011  0.006  0.022  0.005  0.019  0.011       25
  7:     0.015  0.020  0.130  0.057  0.055  0.058  0.007  0.025  0.052  0.012  0.015  0.012  0.038  0.011  0.053  0.441        8
  8:     0.017  0.009  0.020  0.009  0.008  0.008  0.005  0.011  0.008  0.020  0.005  0.338  0.004  0.005  0.009  0.525       17
  9:     0.005  0.006  0.004  0.005  0.005  0.005  0.006  0.005  0.005  0.004  0.930  0.003  0.005  0.003  0.005  0.005       29
 10:     0.002  0.003  0.002  0.003  0.003  0.003  0.003  0.002  0.003  0.002  0.002  0.003  0.002  0.964  0.003  0.002        9
 11:     0.022  0.052  0.015  0.161  0.139  0.174  0.014  0.059  0.134  0.016  0.014  0.009  0.024  0.009  0.151  0.009       26
 12:     0.053  0.024  0.011  0.104  0.120  0.102  0.020  0.115  0.118  0.125  0.012  0.012  0.045  0.010  0.118  0.012       74
 13:     0.124  0.018  0.013  0.071  0.067  0.071  0.021  0.115  0.065  0.253  0.015  0.010  0.070  0.007  0.063  0.017       35
 14:     0.229  0.023  0.011  0.047  0.035  0.038  0.115  0.186  0.032  0.182  0.008  0.006  0.013  0.010  0.037  0.026       24
 15:     0.064  0.033  0.010  0.154  0.147  0.157  0.011  0.031  0.145  0.023  0.026  0.007  0.011  0.010  0.151  0.020       43
 16:     0.010  0.011  0.012  0.174  0.155  0.222  0.005  0.020  0.157  0.013  0.008  0.051  0.012  0.003  0.132  0.013        4
--------------------------------------------

Allele-freq. divergence among pops (Net nucleotide distance),
computed using point estimates of P.

      1       2       3       4       5       6       7       8       9      10      11      12      13      14      15      16      
 1      -    0.0418  0.0598  0.0227  0.0251  0.0242  0.0852  0.0277  0.0261  0.0273  0.0793  0.1379  0.0739  0.1327  0.0249  0.0567  
 2   0.0418     -    0.0579  0.0192  0.0199  0.0205  0.0817  0.0389  0.0208  0.0435  0.0620  0.1217  0.0630  0.1073  0.0195  0.0462  
 3   0.0598  0.0579     -    0.0389  0.0397  0.0395  0.1192  0.0616  0.0403  0.0681  0.0956  0.1342  0.0833  0.1443  0.0399  0.0415  
 4   0.0227  0.0192  0.0389     -    0.0008  0.0002  0.0737  0.0168  0.0011  0.0215  0.0539  0.0998  0.0510  0.0986  0.0006  0.0303  
 5   0.0251  0.0199  0.0397  0.0008     -    0.0008  0.0743  0.0179  0.0001  0.0232  0.0561  0.1012  0.0534  0.1002  0.0001  0.0305  
 6   0.0242  0.0205  0.0395  0.0002  0.0008     -    0.0756  0.0185  0.0009  0.0231  0.0554  0.1018  0.0523  0.0996  0.0008  0.0316  
 7   0.0852  0.0817  0.1192  0.0737  0.0743  0.0756     -    0.0841  0.0749  0.0846  0.1068  0.2013  0.1151  0.1760  0.0745  0.1071  
 8   0.0277  0.0389  0.0616  0.0168  0.0179  0.0185  0.0841     -    0.0186  0.0262  0.0748  0.1250  0.0600  0.1257  0.0174  0.0483  
 9   0.0261  0.0208  0.0403  0.0011  0.0001  0.0009  0.0749  0.0186     -    0.0242  0.0571  0.1022  0.0543  0.1014  0.0003  0.0311  
10   0.0273  0.0435  0.0681  0.0215  0.0232  0.0231  0.0846  0.0262  0.0242     -    0.0778  0.1220  0.0702  0.1317  0.0228  0.0473  
11   0.0793  0.0620  0.0956  0.0539  0.0561  0.0554  0.1068  0.0748  0.0571  0.0778     -    0.1599  0.1094  0.1338  0.0562  0.0822  
12   0.1379  0.1217  0.1342  0.0998  0.1012  0.1018  0.2013  0.1250  0.1022  0.1220  0.1599     -    0.1534  0.2010  0.1004  0.1041  
13   0.0739  0.0630  0.0833  0.0510  0.0534  0.0523  0.1151  0.0600  0.0543  0.0702  0.1094  0.1534     -    0.1707  0.0530  0.0800  
14   0.1327  0.1073  0.1443  0.0986  0.1002  0.0996  0.1760  0.1257  0.1014  0.1317  0.1338  0.2010  0.1707     -    0.1003  0.1452  
15   0.0249  0.0195  0.0399  0.0006  0.0001  0.0008  0.0745  0.0174  0.0003  0.0228  0.0562  0.1004  0.0530  0.1003     -    0.0305  
16   0.0567  0.0462  0.0415  0.0303  0.0305  0.0316  0.1071  0.0483  0.0311  0.0473  0.0822  0.1041  0.0800  0.1452  0.0305     -    

Average distances (expected heterozygosity) between individuals in same cluster:
cluster  1  : 0.5717 
cluster  2  : 0.5942 
cluster  3  : 0.5368 
cluster  4  : 0.6423 
cluster  5  : 0.6356 
cluster  6  : 0.6392 
cluster  7  : 0.4677 
cluster  8  : 0.5831 
cluster  9  : 0.6322 
cluster 10  : 0.5543 
cluster 11  : 0.5439 
cluster 12  : 0.4340 
cluster 13  : 0.5322 
cluster 14  : 0.5334 
cluster 15  : 0.6374 
cluster 16  : 0.5372 

--------------------------------------------
Estimated Ln Prob of Data   = -48665.5
Mean value of ln likelihood = -45994.2
Variance of ln likelihood   = 5342.8
Mean value of alpha         = 0.0355

Mean value of Fst_1         = 0.1189
Mean value of Fst_2         = 0.0943
Mean value of Fst_3         = 0.1798
Mean value of Fst_4         = 0.0143
Mean value of Fst_5         = 0.0309
Mean value of Fst_6         = 0.0279
Mean value of Fst_7         = 0.3747
Mean value of Fst_8         = 0.1004
Mean value of Fst_9         = 0.0442
Mean value of Fst_10         = 0.1226
Mean value of Fst_11         = 0.2143
Mean value of Fst_12         = 0.4048
Mean value of Fst_13         = 0.2528
Mean value of Fst_14         = 0.3101
Mean value of Fst_15         = 0.0291
Mean value of Fst_16         = 0.1406


Inferred ancestry of individuals:
        Label (%Miss) Pop:  Inferred clusters
  1      221    (0)    1 :  0.012 0.020 0.009 0.007 0.008 0.007 0.005 0.007 0.008 0.008 0.002 0.005 0.003 0.003 0.007 0.889 
  2      222    (0)    1 :  0.003 0.007 0.498 0.010 0.010 0.010 0.006 0.008 0.009 0.008 0.009 0.006 0.011 0.004 0.008 0.394 
  3      223    (0)    1 :  0.005 0.008 0.008 0.010 0.016 0.011 0.006 0.011 0.017 0.010 0.003 0.008 0.006 0.003 0.016 0.862 
  4      224    (0)    1 :  0.002 0.004 0.005 0.003 0.003 0.003 0.002 0.002 0.003 0.003 0.005 0.006 0.004 0.001 0.003 0.951 
  5      225    (0)    1 :  0.005 0.003 0.007 0.006 0.006 0.006 0.004 0.004 0.006 0.004 0.004 0.004 0.004 0.002 0.006 0.931 
  6      226    (0)    1 :  0.002 0.013 0.003 0.005 0.006 0.005 0.003 0.004 0.006 0.004 0.002 0.005 0.008 0.006 0.006 0.922 
  7      227    (0)    1 :  0.006 0.036 0.003 0.011 0.013 0.010 0.003 0.007 0.013 0.005 0.005 0.005 0.004 0.016 0.014 0.848 
  8      228    (0)    1 :  0.006 0.007 0.006 0.010 0.010 0.010 0.003 0.011 0.009 0.034 0.005 0.013 0.010 0.003 0.010 0.855 
  9      234    (0)    1 :  0.006 0.004 0.008 0.004 0.004 0.004 0.002 0.004 0.004 0.005 0.002 0.004 0.004 0.003 0.004 0.937 
 10      235    (0)    1 :  0.002 0.004 0.009 0.004 0.003 0.004 0.003 0.004 0.003 0.003 0.002 0.004 0.002 0.004 0.003 0.946 
 11      236    (0)    1 :  0.003 0.005 0.003 0.003 0.003 0.003 0.001 0.002 0.003 0.002 0.002 0.015 0.002 0.002 0.003 0.950 
 12      237    (0)    1 :  0.004 0.003 0.008 0.004 0.005 0.004 0.005 0.007 0.004 0.004 0.002 0.003 0.004 0.002 0.004 0.937 
 13      238    (0)    1 :  0.007 0.026 0.043 0.010 0.009 0.009 0.007 0.013 0.010 0.005 0.012 0.003 0.004 0.003 0.010 0.829 
 14      239    (0)    1 :  0.010 0.065 0.016 0.028 0.034 0.029 0.009 0.009 0.034 0.017 0.014 0.025 0.007 0.007 0.031 0.666 
 15      240    (0)    1 :  0.003 0.006 0.006 0.004 0.004 0.004 0.011 0.003 0.004 0.003 0.003 0.006 0.004 0.002 0.004 0.934 
 16      242    (0)    1 :  0.027 0.010 0.241 0.088 0.080 0.047 0.002 0.022 0.069 0.020 0.002 0.003 0.008 0.001 0.074 0.305 
 17      243    (0)    1 :  0.008 0.021 0.014 0.013 0.014 0.012 0.005 0.007 0.012 0.005 0.015 0.006 0.008 0.018 0.014 0.828 
 18      244    (0)    1 :  0.003 0.024 0.016 0.009 0.011 0.009 0.002 0.003 0.012 0.003 0.003 0.002 0.003 0.012 0.010 0.879 
 19      245    (0)    1 :  0.004 0.009 0.003 0.011 0.010 0.009 0.149 0.011 0.008 0.006 0.006 0.051 0.006 0.008 0.009 0.699 
 20      246    (0)    1 :  0.003 0.003 0.011 0.005 0.004 0.004 0.002 0.003 0.004 0.003 0.003 0.003 0.003 0.006 0.004 0.938 
 21      248    (0)    1 :  0.006 0.005 0.042 0.008 0.009 0.008 0.002 0.005 0.009 0.004 0.022 0.010 0.002 0.003 0.008 0.858 
 22      249    (0)    1 :  0.002 0.004 0.002 0.003 0.002 0.003 0.002 0.002 0.002 0.003 0.002 0.002 0.004 0.001 0.003 0.963 
 23      250    (0)    1 :  0.010 0.010 0.005 0.016 0.013 0.016 0.005 0.025 0.012 0.010 0.010 0.013 0.006 0.006 0.014 0.829 
 24      251    (0)    1 :  0.006 0.004 0.018 0.005 0.006 0.005 0.004 0.009 0.006 0.012 0.003 0.006 0.002 0.005 0.005 0.904 
 25      252    (0)    1 :  0.004 0.006 0.004 0.008 0.008 0.007 0.031 0.022 0.008 0.009 0.032 0.005 0.008 0.001 0.008 0.840 
 26      253    (0)    1 :  0.005 0.008 0.003 0.023 0.026 0.023 0.002 0.006 0.025 0.004 0.024 0.007 0.004 0.003 0.028 0.809 
 27      254    (0)    1 :  0.005 0.008 0.004 0.006 0.006 0.006 0.008 0.005 0.006 0.004 0.003 0.004 0.003 0.002 0.006 0.924 
 28      255    (0)    1 :  0.015 0.054 0.259 0.017 0.016 0.020 0.002 0.006 0.017 0.011 0.006 0.018 0.004 0.003 0.017 0.535 
 29      256    (0)    1 :  0.006 0.004 0.056 0.010 0.009 0.010 0.003 0.008 0.008 0.005 0.002 0.003 0.014 0.003 0.010 0.851 
 30      257    (0)    1 :  0.013 0.019 0.007 0.009 0.010 0.010 0.007 0.010 0.010 0.011 0.010 0.003 0.003 0.003 0.009 0.867 
 31      258    (0)    1 :  0.014 0.012 0.029 0.012 0.010 0.010 0.004 0.012 0.010 0.010 0.003 0.010 0.003 0.002 0.012 0.846 
 32      259    (0)    1 :  0.012 0.006 0.009 0.016 0.013 0.018 0.022 0.005 0.016 0.005 0.003 0.002 0.005 0.002 0.010 0.854 
 33      260    (0)    1 :  0.004 0.029 0.005 0.007 0.006 0.006 0.004 0.006 0.006 0.005 0.073 0.025 0.003 0.006 0.006 0.808 
 34      261    (0)    1 :  0.063 0.015 0.006 0.014 0.010 0.012 0.046 0.047 0.009 0.014 0.009 0.003 0.006 0.003 0.012 0.731 
 35      262    (0)    1 :  0.002 0.002 0.006 0.002 0.002 0.002 0.004 0.002 0.002 0.003 0.002 0.002 0.003 0.001 0.002 0.960 
 36      263    (0)    1 :  0.005 0.046 0.015 0.007 0.006 0.006 0.004 0.007 0.006 0.003 0.026 0.005 0.005 0.005 0.006 0.848 
 37      264    (0)    1 :  0.008 0.006 0.009 0.005 0.004 0.005 0.005 0.005 0.004 0.004 0.003 0.003 0.014 0.001 0.004 0.919 
 38      265    (0)    1 :  0.004 0.020 0.020 0.006 0.005 0.006 0.018 0.004 0.005 0.006 0.037 0.007 0.005 0.002 0.005 0.849 
 39      266    (0)    1 :  0.003 0.002 0.005 0.003 0.003 0.003 0.002 0.003 0.003 0.003 0.002 0.005 0.002 0.001 0.003 0.954 
 40      267    (0)    1 :  0.004 0.003 0.024 0.003 0.004 0.003 0.002 0.002 0.004 0.004 0.001 0.002 0.003 0.002 0.004 0.935 
 41      268    (0)    1 :  0.007 0.006 0.003 0.006 0.006 0.006 0.002 0.009 0.006 0.005 0.051 0.003 0.004 0.009 0.007 0.869 
 42      269    (0)    1 :  0.007 0.004 0.007 0.003 0.003 0.003 0.003 0.003 0.003 0.003 0.002 0.019 0.002 0.002 0.003 0.931 
 43      270    (0)    1 :  0.002 0.006 0.004 0.003 0.004 0.003 0.006 0.003 0.004 0.005 0.002 0.003 0.023 0.002 0.004 0.925 
 44      271    (0)    1 :  0.054 0.013 0.011 0.025 0.021 0.022 0.005 0.020 0.020 0.007 0.010 0.078 0.007 0.003 0.023 0.679 
 45      272    (0)    1 :  0.022 0.007 0.418 0.028 0.023 0.025 0.112 0.008 0.021 0.008 0.004 0.015 0.018 0.007 0.022 0.261 
 46      273    (0)    1 :  0.009 0.037 0.015 0.015 0.016 0.015 0.011 0.007 0.016 0.016 0.003 0.010 0.019 0.002 0.017 0.792 
 47      274    (0)    1 :  0.008 0.009 0.004 0.005 0.005 0.005 0.016 0.006 0.005 0.006 0.006 0.007 0.003 0.003 0.005 0.905 
 48      275    (2)    1 :  0.003 0.007 0.009 0.004 0.005 0.004 0.005 0.003 0.005 0.005 0.002 0.003 0.004 0.002 0.005 0.934 
 49      276    (0)    1 :  0.008 0.005 0.006 0.007 0.007 0.007 0.017 0.012 0.006 0.006 0.004 0.006 0.004 0.002 0.006 0.898 
 50      277    (0)    1 :  0.025 0.008 0.003 0.012 0.010 0.010 0.003 0.070 0.011 0.040 0.002 0.013 0.007 0.001 0.010 0.774 
 51      278    (0)    1 :  0.047 0.006 0.015 0.008 0.009 0.008 0.003 0.040 0.010 0.018 0.004 0.005 0.002 0.008 0.008 0.808 
 52      279    (0)    1 :  0.010 0.007 0.017 0.013 0.013 0.016 0.002 0.007 0.014 0.006 0.003 0.003 0.004 0.002 0.013 0.870 
 53      280    (0)    1 :  0.022 0.018 0.007 0.012 0.012 0.011 0.003 0.013 0.012 0.025 0.005 0.064 0.003 0.003 0.012 0.778 
 54      287    (0)    1 :  0.008 0.013 0.004 0.017 0.014 0.015 0.006 0.009 0.013 0.011 0.006 0.004 0.006 0.004 0.013 0.858 
 55      290    (0)    1 :  0.014 0.010 0.086 0.015 0.012 0.015 0.006 0.008 0.013 0.009 0.003 0.006 0.018 0.006 0.011 0.768 
 56      291    (0)    1 :  0.014 0.007 0.004 0.012 0.009 0.011 0.007 0.016 0.011 0.035 0.006 0.015 0.003 0.003 0.009 0.838 
 57      295    (0)    1 :  0.009 0.005 0.006 0.004 0.004 0.004 0.003 0.006 0.004 0.029 0.003 0.003 0.003 0.001 0.004 0.915 
 58      296    (0)    1 :  0.004 0.004 0.009 0.005 0.006 0.004 0.003 0.005 0.006 0.003 0.005 0.005 0.011 0.004 0.005 0.923 
 59      872    (2)    1 :  0.009 0.005 0.096 0.005 0.005 0.005 0.002 0.006 0.005 0.004 0.007 0.004 0.005 0.007 0.005 0.829 
 60      873    (4)    1 :  0.004 0.013 0.033 0.018 0.013 0.013 0.002 0.010 0.012 0.003 0.003 0.010 0.019 0.004 0.013 0.830 
 61      874    (2)    1 :  0.012 0.005 0.012 0.005 0.006 0.005 0.004 0.017 0.006 0.007 0.003 0.002 0.004 0.001 0.005 0.906 
 62      875    (0)    1 :  0.006 0.006 0.014 0.005 0.006 0.005 0.003 0.004 0.006 0.005 0.002 0.006 0.003 0.018 0.005 0.905 
 63      876    (6)    1 :  0.005 0.022 0.005 0.009 0.011 0.008 0.010 0.014 0.011 0.015 0.011 0.005 0.004 0.001 0.011 0.858 
 64      070    (0)   10 :  0.002 0.003 0.004 0.005 0.004 0.005 0.005 0.003 0.004 0.002 0.002 0.001 0.002 0.953 0.004 0.002 
 65      071    (0)   10 :  0.002 0.004 0.002 0.003 0.003 0.003 0.005 0.003 0.003 0.003 0.006 0.006 0.002 0.952 0.003 0.002 
 66      072    (0)   10 :  0.002 0.002 0.002 0.002 0.002 0.002 0.001 0.001 0.002 0.002 0.001 0.003 0.001 0.974 0.002 0.001 
 67      151    (0)   10 :  0.002 0.002 0.001 0.002 0.001 0.001 0.002 0.002 0.002 0.002 0.002 0.001 0.001 0.977 0.001 0.001 
 68      152    (0)   10 :  0.005 0.004 0.002 0.005 0.005 0.005 0.002 0.003 0.005 0.005 0.002 0.005 0.002 0.942 0.005 0.003 
 69      153    (2)   10 :  0.001 0.002 0.002 0.001 0.002 0.002 0.002 0.001 0.001 0.001 0.001 0.001 0.001 0.979 0.001 0.001 
 70      788    (4)   10 :  0.002 0.003 0.002 0.003 0.003 0.003 0.004 0.003 0.003 0.003 0.002 0.004 0.001 0.960 0.003 0.002 
 71      789    (2)   10 :  0.002 0.002 0.002 0.002 0.002 0.002 0.002 0.002 0.002 0.002 0.003 0.002 0.001 0.970 0.002 0.002 
 72      790    (0)   10 :  0.002 0.002 0.002 0.002 0.002 0.002 0.001 0.001 0.002 0.002 0.001 0.003 0.001 0.972 0.002 0.002 
 73      010    (0)   11 :  0.009 0.011 0.007 0.154 0.150 0.290 0.004 0.008 0.174 0.006 0.004 0.008 0.008 0.002 0.161 0.005 
 74      024    (0)   11 :  0.050 0.009 0.005 0.295 0.145 0.163 0.007 0.013 0.095 0.009 0.009 0.005 0.006 0.006 0.176 0.005 
 75      051    (0)   11 :  0.005 0.209 0.007 0.137 0.104 0.203 0.004 0.011 0.126 0.005 0.008 0.004 0.005 0.015 0.153 0.005 
 76      090    (0)   11 :  0.024 0.057 0.008 0.212 0.166 0.165 0.004 0.010 0.120 0.013 0.005 0.003 0.013 0.008 0.185 0.007 
 77      102    (0)   11 :  0.030 0.018 0.032 0.143 0.110 0.099 0.005 0.227 0.097 0.058 0.003 0.005 0.012 0.002 0.132 0.026 
 78      111    (0)   11 :  0.017 0.010 0.024 0.146 0.130 0.204 0.022 0.019 0.163 0.006 0.004 0.064 0.005 0.002 0.180 0.006 
 79      113    (0)   11 :  0.053 0.070 0.036 0.152 0.126 0.236 0.011 0.023 0.147 0.015 0.005 0.003 0.007 0.006 0.108 0.005 
 80      138    (0)   11 :  0.008 0.016 0.004 0.095 0.200 0.092 0.009 0.015 0.223 0.013 0.079 0.003 0.003 0.041 0.190 0.009 
 81      150    (0)   11 :  0.014 0.061 0.008 0.022 0.023 0.017 0.016 0.737 0.023 0.015 0.004 0.002 0.005 0.018 0.022 0.014 
 82      173    (2)   11 :  0.020 0.194 0.006 0.218 0.121 0.122 0.021 0.015 0.072 0.012 0.016 0.008 0.036 0.025 0.108 0.005 
 83      174    (2)   11 :  0.011 0.014 0.023 0.115 0.194 0.241 0.007 0.004 0.201 0.003 0.004 0.004 0.005 0.024 0.143 0.007 
 84      175    (0)   11 :  0.006 0.020 0.011 0.214 0.141 0.278 0.003 0.012 0.123 0.007 0.003 0.002 0.006 0.007 0.165 0.002 
 85      176    (0)   11 :  0.016 0.008 0.020 0.230 0.155 0.270 0.003 0.015 0.142 0.005 0.011 0.007 0.003 0.005 0.094 0.017 
 86      177    (0)   11 :  0.033 0.269 0.008 0.141 0.116 0.176 0.009 0.011 0.104 0.008 0.002 0.002 0.004 0.004 0.109 0.003 
 87      180    (0)   11 :  0.005 0.117 0.105 0.150 0.121 0.164 0.018 0.005 0.124 0.005 0.007 0.005 0.004 0.004 0.142 0.023 
 88      184    (0)   11 :  0.027 0.014 0.004 0.095 0.230 0.093 0.005 0.058 0.220 0.014 0.005 0.005 0.033 0.014 0.177 0.006 
 89      195    (0)   11 :  0.010 0.014 0.004 0.168 0.139 0.232 0.008 0.012 0.162 0.010 0.014 0.032 0.006 0.006 0.178 0.005 
 90      198    (0)   11 :  0.007 0.016 0.015 0.155 0.192 0.152 0.006 0.017 0.187 0.006 0.006 0.030 0.003 0.003 0.196 0.011 
 91      203    (0)   11 :  0.016 0.010 0.010 0.167 0.109 0.225 0.012 0.026 0.131 0.006 0.005 0.003 0.009 0.008 0.256 0.007 
 92      211    (0)   11 :  0.009 0.008 0.005 0.217 0.133 0.191 0.068 0.050 0.105 0.009 0.075 0.003 0.004 0.003 0.100 0.023 
 93      220    (0)   11 :  0.167 0.091 0.009 0.100 0.089 0.093 0.003 0.191 0.093 0.014 0.009 0.008 0.009 0.002 0.118 0.005 
 94      233    (0)   11 :  0.006 0.018 0.004 0.200 0.121 0.118 0.073 0.005 0.078 0.149 0.039 0.002 0.027 0.006 0.146 0.008 
 95      331    (0)   11 :  0.009 0.030 0.005 0.176 0.140 0.215 0.018 0.014 0.139 0.004 0.005 0.007 0.007 0.007 0.216 0.005 
 96      349    (0)   11 :  0.009 0.036 0.009 0.102 0.087 0.123 0.002 0.008 0.095 0.012 0.006 0.005 0.387 0.011 0.103 0.006 
 97      410    (0)   11 :  0.007 0.016 0.009 0.204 0.190 0.164 0.006 0.005 0.173 0.003 0.026 0.003 0.004 0.003 0.179 0.007 
 98      417    (2)   11 :  0.004 0.006 0.008 0.172 0.176 0.188 0.006 0.022 0.179 0.007 0.005 0.007 0.008 0.002 0.183 0.026 
 99      421    (0)   12 :  0.026 0.005 0.003 0.007 0.007 0.007 0.004 0.005 0.007 0.839 0.005 0.058 0.009 0.002 0.007 0.008 
100      423    (0)   12 :  0.007 0.010 0.010 0.137 0.148 0.241 0.002 0.016 0.195 0.004 0.002 0.003 0.022 0.009 0.189 0.006 
101      424    (0)   12 :  0.018 0.326 0.027 0.099 0.117 0.101 0.008 0.006 0.127 0.005 0.003 0.005 0.007 0.002 0.135 0.014 
102      433    (0)   12 :  0.012 0.007 0.004 0.097 0.117 0.085 0.032 0.237 0.128 0.125 0.015 0.003 0.003 0.002 0.128 0.004 
103      462    (0)   12 :  0.024 0.083 0.009 0.156 0.134 0.178 0.004 0.032 0.128 0.081 0.020 0.006 0.012 0.002 0.124 0.007 
104      463    (0)   12 :  0.009 0.007 0.005 0.184 0.154 0.212 0.004 0.012 0.161 0.006 0.003 0.018 0.048 0.003 0.166 0.010 
105      467    (0)   12 :  0.036 0.013 0.006 0.022 0.016 0.014 0.183 0.266 0.015 0.347 0.011 0.004 0.018 0.006 0.015 0.028 
106      468    (0)   12 :  0.019 0.008 0.007 0.009 0.008 0.008 0.004 0.027 0.008 0.086 0.002 0.027 0.760 0.003 0.009 0.016 
107      469    (0)   12 :  0.079 0.005 0.008 0.133 0.125 0.104 0.010 0.098 0.116 0.085 0.003 0.033 0.003 0.002 0.143 0.053 
108      472    (0)   12 :  0.006 0.009 0.003 0.273 0.164 0.205 0.003 0.020 0.123 0.041 0.008 0.014 0.006 0.005 0.113 0.007 
109      473    (0)   12 :  0.021 0.007 0.004 0.022 0.028 0.022 0.003 0.007 0.028 0.005 0.007 0.005 0.807 0.003 0.028 0.003 
110      474    (0)   12 :  0.004 0.003 0.003 0.003 0.003 0.003 0.003 0.940 0.003 0.004 0.006 0.002 0.014 0.001 0.003 0.005 
111      475    (0)   12 :  0.050 0.009 0.006 0.096 0.098 0.161 0.003 0.044 0.092 0.291 0.003 0.003 0.027 0.003 0.111 0.004 
112      476    (2)   12 :  0.007 0.004 0.006 0.005 0.004 0.005 0.013 0.904 0.004 0.003 0.010 0.002 0.016 0.007 0.005 0.003 
113      477    (0)   12 :  0.007 0.007 0.005 0.224 0.187 0.158 0.005 0.019 0.154 0.018 0.017 0.003 0.013 0.005 0.171 0.007 
114      478    (0)   12 :  0.488 0.017 0.033 0.103 0.081 0.085 0.004 0.009 0.058 0.012 0.002 0.003 0.004 0.003 0.088 0.009 
115      479    (0)   12 :  0.004 0.010 0.006 0.016 0.065 0.015 0.005 0.671 0.071 0.041 0.003 0.018 0.004 0.004 0.055 0.013 
116      480    (0)   12 :  0.011 0.005 0.005 0.006 0.006 0.007 0.012 0.009 0.007 0.902 0.002 0.001 0.017 0.002 0.006 0.003 
117      481    (0)   12 :  0.007 0.013 0.010 0.174 0.172 0.126 0.008 0.106 0.131 0.027 0.003 0.004 0.017 0.051 0.146 0.006 
118      482    (0)   12 :  0.044 0.019 0.005 0.133 0.118 0.116 0.151 0.008 0.109 0.018 0.062 0.107 0.004 0.002 0.098 0.004 
119      489    (0)   12 :  0.008 0.008 0.006 0.168 0.141 0.220 0.043 0.009 0.156 0.017 0.013 0.006 0.023 0.005 0.173 0.004 
120      490    (0)   12 :  0.011 0.013 0.009 0.018 0.265 0.067 0.037 0.005 0.321 0.008 0.003 0.005 0.003 0.004 0.215 0.016 
121      491    (0)   12 :  0.019 0.084 0.004 0.203 0.143 0.105 0.005 0.021 0.101 0.022 0.123 0.009 0.009 0.009 0.139 0.005 
122      492    (0)   12 :  0.022 0.008 0.042 0.011 0.011 0.012 0.004 0.815 0.010 0.005 0.010 0.003 0.021 0.003 0.011 0.012 
123      493    (0)   12 :  0.005 0.017 0.003 0.038 0.029 0.039 0.004 0.706 0.026 0.069 0.005 0.005 0.004 0.009 0.033 0.007 
124      494    (0)   12 :  0.006 0.017 0.004 0.092 0.132 0.104 0.016 0.047 0.136 0.241 0.033 0.010 0.009 0.027 0.122 0.005 
125      498    (0)   12 :  0.008 0.007 0.013 0.230 0.160 0.161 0.006 0.084 0.117 0.009 0.004 0.003 0.042 0.008 0.125 0.023 
126      499    (0)   12 :  0.095 0.056 0.005 0.158 0.119 0.191 0.007 0.011 0.127 0.007 0.007 0.003 0.006 0.004 0.193 0.011 
127      709    (0)   12 :  0.022 0.011 0.008 0.176 0.165 0.153 0.005 0.018 0.153 0.005 0.011 0.017 0.004 0.083 0.161 0.008 
128      710    (4)   12 :  0.008 0.003 0.004 0.124 0.140 0.134 0.004 0.019 0.154 0.229 0.003 0.010 0.006 0.007 0.149 0.006 
129      711    (2)   12 :  0.006 0.101 0.061 0.184 0.141 0.165 0.011 0.012 0.110 0.021 0.003 0.024 0.007 0.006 0.134 0.015 
130      712    (4)   12 :  0.005 0.009 0.007 0.009 0.283 0.056 0.007 0.007 0.351 0.010 0.003 0.004 0.003 0.002 0.236 0.007 
131      713    (0)   12 :  0.010 0.008 0.005 0.192 0.118 0.220 0.003 0.008 0.143 0.003 0.008 0.020 0.011 0.004 0.244 0.004 
132      714    (2)   12 :  0.018 0.020 0.008 0.027 0.021 0.026 0.007 0.395 0.019 0.371 0.002 0.005 0.034 0.017 0.020 0.010 
133      715    (4)   12 :  0.016 0.016 0.012 0.016 0.014 0.014 0.238 0.022 0.013 0.546 0.024 0.014 0.003 0.012 0.013 0.027 
134      716    (0)   12 :  0.034 0.004 0.005 0.017 0.015 0.017 0.007 0.743 0.015 0.109 0.004 0.005 0.004 0.002 0.015 0.003 
135      717    (2)   12 :  0.876 0.008 0.019 0.011 0.011 0.011 0.002 0.004 0.011 0.006 0.006 0.007 0.007 0.003 0.011 0.006 
136      718    (4)   12 :  0.007 0.019 0.006 0.039 0.281 0.056 0.003 0.020 0.281 0.023 0.002 0.010 0.004 0.002 0.234 0.012 
137      719    (0)   12 :  0.004 0.002 0.002 0.003 0.003 0.003 0.004 0.004 0.003 0.953 0.002 0.004 0.003 0.001 0.003 0.003 
138      720    (2)   12 :  0.193 0.010 0.006 0.063 0.041 0.049 0.009 0.034 0.049 0.431 0.012 0.011 0.013 0.002 0.070 0.008 
139      721    (0)   12 :  0.035 0.019 0.005 0.079 0.064 0.071 0.004 0.497 0.057 0.024 0.006 0.012 0.022 0.037 0.063 0.004 
140      722    (4)   12 :  0.018 0.006 0.006 0.009 0.010 0.008 0.144 0.100 0.014 0.559 0.002 0.027 0.064 0.002 0.019 0.010 
141      723    (0)   12 :  0.015 0.003 0.006 0.015 0.011 0.011 0.004 0.020 0.009 0.877 0.005 0.002 0.002 0.007 0.011 0.003 
142      724    (0)   12 :  0.034 0.008 0.011 0.018 0.016 0.015 0.003 0.147 0.013 0.620 0.009 0.062 0.010 0.005 0.018 0.013 
143      725    (0)   12 :  0.015 0.013 0.009 0.235 0.165 0.213 0.018 0.009 0.119 0.025 0.011 0.010 0.021 0.004 0.127 0.005 
144      726    (0)   12 :  0.015 0.007 0.003 0.149 0.093 0.116 0.011 0.280 0.112 0.013 0.005 0.010 0.033 0.006 0.142 0.004 
145      727    (0)   12 :  0.026 0.013 0.003 0.124 0.109 0.142 0.013 0.340 0.098 0.013 0.011 0.008 0.007 0.010 0.078 0.005 
146      728    (2)   12 :  0.014 0.011 0.012 0.246 0.141 0.190 0.010 0.008 0.096 0.010 0.006 0.010 0.003 0.105 0.131 0.008 
147      729    (6)   12 :  0.063 0.014 0.005 0.256 0.163 0.141 0.009 0.008 0.137 0.018 0.004 0.004 0.003 0.005 0.164 0.005 
148      730    (2)   12 :  0.014 0.012 0.010 0.049 0.238 0.092 0.031 0.007 0.280 0.039 0.005 0.014 0.002 0.007 0.190 0.010 
149      731    (2)   12 :  0.004 0.005 0.004 0.039 0.301 0.063 0.004 0.009 0.302 0.005 0.002 0.004 0.006 0.002 0.242 0.008 
150      732    (0)   12 :  0.009 0.010 0.011 0.180 0.128 0.211 0.029 0.195 0.105 0.012 0.006 0.006 0.008 0.002 0.078 0.009 
151      733    (0)   12 :  0.021 0.013 0.009 0.193 0.148 0.170 0.021 0.032 0.137 0.025 0.003 0.037 0.003 0.005 0.173 0.011 
152      734    (2)   12 :  0.251 0.054 0.006 0.121 0.088 0.123 0.006 0.016 0.094 0.005 0.116 0.001 0.004 0.011 0.095 0.008 
153      735    (4)   12 :  0.012 0.029 0.008 0.176 0.156 0.134 0.025 0.011 0.126 0.050 0.007 0.008 0.062 0.004 0.189 0.005 
154      736    (2)   12 :  0.010 0.019 0.005 0.104 0.194 0.186 0.005 0.019 0.217 0.006 0.024 0.003 0.004 0.018 0.183 0.004 
155      737    (0)   12 :  0.006 0.017 0.030 0.070 0.251 0.078 0.004 0.013 0.276 0.003 0.003 0.004 0.013 0.013 0.204 0.013 
156      738    (2)   12 :  0.004 0.083 0.005 0.118 0.201 0.141 0.013 0.013 0.210 0.008 0.005 0.003 0.004 0.003 0.182 0.008 
157      739    (8)   12 :  0.011 0.012 0.005 0.062 0.258 0.080 0.011 0.014 0.274 0.037 0.006 0.004 0.009 0.014 0.193 0.009 
158      740    (4)   12 :  0.015 0.004 0.005 0.068 0.252 0.084 0.002 0.032 0.234 0.088 0.003 0.015 0.004 0.002 0.189 0.005 
159      741    (2)   12 :  0.093 0.010 0.075 0.124 0.139 0.119 0.025 0.014 0.120 0.015 0.020 0.024 0.026 0.002 0.134 0.059 
160      742    (4)   12 :  0.011 0.079 0.019 0.103 0.185 0.135 0.004 0.011 0.214 0.015 0.005 0.002 0.005 0.006 0.193 0.012 
161      743    (2)   12 :  0.805 0.007 0.004 0.009 0.008 0.008 0.065 0.015 0.009 0.038 0.010 0.002 0.003 0.003 0.008 0.005 
162      744    (0)   12 :  0.043 0.007 0.005 0.164 0.126 0.182 0.004 0.043 0.116 0.112 0.005 0.003 0.004 0.037 0.145 0.004 
163      745    (0)   12 :  0.033 0.007 0.023 0.116 0.080 0.090 0.016 0.012 0.057 0.377 0.005 0.016 0.010 0.015 0.093 0.050 
164      746    (2)   12 :  0.003 0.010 0.036 0.142 0.193 0.138 0.002 0.007 0.178 0.010 0.005 0.010 0.004 0.004 0.252 0.004 
165      747    (2)   12 :  0.004 0.056 0.008 0.085 0.211 0.103 0.006 0.018 0.228 0.015 0.022 0.006 0.016 0.006 0.183 0.033 
166      748    (0)   12 :  0.011 0.079 0.031 0.167 0.092 0.099 0.002 0.095 0.062 0.006 0.017 0.016 0.125 0.006 0.104 0.086 
167      749    (2)   12 :  0.021 0.061 0.007 0.200 0.130 0.187 0.029 0.003 0.119 0.006 0.019 0.035 0.003 0.013 0.159 0.007 
168      750    (4)   12 :  0.013 0.011 0.020 0.220 0.168 0.189 0.033 0.007 0.138 0.006 0.005 0.006 0.005 0.005 0.165 0.008 
169      751    (0)   12 :  0.016 0.055 0.007 0.234 0.161 0.155 0.008 0.008 0.129 0.013 0.007 0.008 0.012 0.015 0.162 0.010 
170      752    (2)   12 :  0.007 0.006 0.005 0.007 0.010 0.006 0.009 0.050 0.009 0.095 0.003 0.003 0.767 0.001 0.009 0.012 
171      753    (4)   12 :  0.019 0.039 0.006 0.128 0.132 0.160 0.007 0.016 0.148 0.051 0.033 0.014 0.065 0.011 0.146 0.023 
172      754    (2)   12 :  0.005 0.004 0.003 0.007 0.288 0.056 0.025 0.006 0.348 0.003 0.003 0.002 0.003 0.003 0.241 0.003 
173      155    (0)   13 :  0.012 0.007 0.007 0.240 0.148 0.201 0.004 0.025 0.112 0.008 0.041 0.006 0.005 0.004 0.158 0.022 
174      156    (2)   13 :  0.026 0.008 0.006 0.168 0.134 0.268 0.008 0.005 0.134 0.009 0.005 0.006 0.004 0.115 0.090 0.013 
175      157    (2)   13 :  0.014 0.007 0.005 0.020 0.275 0.074 0.004 0.005 0.326 0.007 0.009 0.004 0.021 0.002 0.225 0.004 
176      158    (0)   13 :  0.005 0.030 0.010 0.267 0.140 0.217 0.020 0.024 0.109 0.025 0.007 0.006 0.003 0.004 0.125 0.007 
177      159    (0)   13 :  0.007 0.011 0.007 0.199 0.171 0.122 0.002 0.039 0.122 0.013 0.003 0.111 0.012 0.012 0.158 0.012 
178      160    (0)   13 :  0.015 0.029 0.003 0.024 0.047 0.022 0.009 0.709 0.053 0.013 0.010 0.004 0.004 0.003 0.039 0.016 
179      161    (0)   13 :  0.010 0.010 0.003 0.132 0.195 0.121 0.018 0.037 0.213 0.008 0.010 0.010 0.008 0.003 0.216 0.004 
180      162    (0)   13 :  0.802 0.014 0.005 0.020 0.020 0.026 0.002 0.021 0.017 0.015 0.006 0.002 0.018 0.004 0.022 0.006 
181      163    (2)   13 :  0.008 0.049 0.007 0.142 0.148 0.268 0.014 0.004 0.192 0.006 0.003 0.002 0.013 0.009 0.131 0.003 
182      164    (0)   13 :  0.016 0.014 0.011 0.195 0.144 0.157 0.006 0.007 0.120 0.026 0.020 0.005 0.039 0.003 0.193 0.046 
183      165    (2)   13 :  0.005 0.003 0.005 0.194 0.179 0.312 0.007 0.005 0.219 0.004 0.004 0.004 0.004 0.004 0.046 0.005 
184      427    (0)   13 :  0.011 0.014 0.003 0.014 0.012 0.011 0.012 0.021 0.009 0.739 0.098 0.025 0.004 0.009 0.011 0.005 
185      428    (0)   13 :  0.012 0.037 0.005 0.012 0.009 0.010 0.003 0.041 0.008 0.804 0.005 0.014 0.020 0.003 0.010 0.007 
186      429    (0)   13 :  0.637 0.006 0.007 0.012 0.010 0.008 0.025 0.009 0.007 0.247 0.003 0.006 0.008 0.003 0.008 0.005 
187      430    (0)   13 :  0.012 0.063 0.052 0.141 0.090 0.127 0.015 0.190 0.097 0.011 0.004 0.005 0.025 0.002 0.144 0.022 
188      431    (0)   13 :  0.338 0.011 0.021 0.027 0.019 0.022 0.008 0.345 0.018 0.098 0.005 0.007 0.006 0.002 0.022 0.052 
189      435    (0)   13 :  0.535 0.003 0.003 0.005 0.005 0.005 0.003 0.032 0.005 0.382 0.002 0.003 0.007 0.002 0.006 0.003 
190      436    (0)   13 :  0.016 0.003 0.004 0.005 0.005 0.005 0.005 0.809 0.005 0.117 0.003 0.007 0.002 0.002 0.005 0.006 
191      437    (0)   13 :  0.011 0.005 0.007 0.019 0.014 0.014 0.007 0.675 0.016 0.108 0.005 0.033 0.007 0.002 0.021 0.056 
192      438    (0)   13 :  0.036 0.019 0.018 0.044 0.034 0.034 0.003 0.175 0.037 0.443 0.002 0.014 0.038 0.009 0.053 0.040 
193      439    (0)   13 :  0.062 0.016 0.032 0.108 0.120 0.090 0.005 0.112 0.102 0.184 0.004 0.004 0.041 0.006 0.106 0.010 
194      441    (0)   13 :  0.003 0.003 0.005 0.003 0.003 0.003 0.002 0.004 0.003 0.006 0.003 0.001 0.955 0.001 0.003 0.003 
195      442    (0)   13 :  0.182 0.012 0.003 0.020 0.015 0.016 0.005 0.010 0.013 0.476 0.190 0.003 0.019 0.005 0.018 0.013 
196      443    (4)   13 :  0.004 0.011 0.004 0.005 0.006 0.006 0.004 0.009 0.007 0.910 0.002 0.003 0.011 0.002 0.007 0.008 
197      444    (4)   13 :  0.009 0.007 0.003 0.007 0.006 0.007 0.018 0.006 0.006 0.898 0.008 0.008 0.002 0.004 0.006 0.006 
198      445    (2)   13 :  0.011 0.004 0.005 0.115 0.094 0.076 0.003 0.034 0.087 0.387 0.004 0.010 0.011 0.008 0.104 0.047 
199      446    (0)   13 :  0.656 0.006 0.003 0.005 0.005 0.005 0.279 0.007 0.005 0.009 0.005 0.002 0.002 0.004 0.005 0.003 
200      447    (0)   13 :  0.619 0.009 0.003 0.013 0.012 0.011 0.011 0.027 0.012 0.228 0.005 0.009 0.003 0.003 0.013 0.022 
201      449    (0)   13 :  0.006 0.003 0.005 0.004 0.004 0.004 0.004 0.011 0.003 0.934 0.005 0.003 0.003 0.002 0.004 0.005 
202      460    (0)   13 :  0.080 0.007 0.008 0.031 0.026 0.030 0.009 0.019 0.024 0.558 0.006 0.006 0.153 0.002 0.026 0.016 
203      461    (0)   13 :  0.027 0.048 0.014 0.115 0.109 0.078 0.012 0.270 0.084 0.097 0.007 0.008 0.006 0.002 0.101 0.022 
204      484    (0)   13 :  0.015 0.136 0.174 0.088 0.065 0.060 0.172 0.007 0.055 0.030 0.010 0.004 0.015 0.007 0.059 0.104 
205      485    (0)   13 :  0.008 0.003 0.004 0.014 0.015 0.014 0.029 0.104 0.015 0.755 0.005 0.002 0.011 0.002 0.015 0.004 
206      486    (0)   13 :  0.002 0.002 0.002 0.002 0.002 0.002 0.002 0.002 0.002 0.002 0.002 0.002 0.973 0.001 0.002 0.002 
207      487    (0)   13 :  0.137 0.014 0.007 0.061 0.050 0.068 0.010 0.218 0.051 0.282 0.011 0.006 0.011 0.003 0.063 0.006 
208      178    (0)   14 :  0.022 0.010 0.003 0.095 0.069 0.088 0.014 0.340 0.086 0.150 0.006 0.003 0.010 0.005 0.096 0.004 
209      422    (0)   14 :  0.073 0.005 0.007 0.011 0.016 0.010 0.253 0.064 0.016 0.502 0.003 0.003 0.004 0.002 0.015 0.014 
210      425    (0)   14 :  0.834 0.005 0.002 0.011 0.009 0.008 0.010 0.060 0.008 0.024 0.003 0.004 0.004 0.001 0.011 0.004 
211      426    (0)   14 :  0.058 0.234 0.004 0.122 0.075 0.085 0.057 0.044 0.068 0.014 0.023 0.003 0.004 0.124 0.083 0.004 
212      432    (0)   14 :  0.011 0.038 0.008 0.185 0.115 0.120 0.022 0.027 0.074 0.229 0.009 0.009 0.010 0.007 0.129 0.009 
213      434    (0)   14 :  0.904 0.006 0.004 0.003 0.004 0.003 0.038 0.004 0.004 0.010 0.005 0.004 0.004 0.002 0.003 0.004 
214      440    (0)   14 :  0.280 0.034 0.008 0.101 0.074 0.091 0.043 0.114 0.080 0.059 0.011 0.002 0.024 0.003 0.072 0.005 
215      448    (2)   14 :  0.023 0.011 0.026 0.008 0.009 0.008 0.006 0.008 0.008 0.816 0.012 0.037 0.006 0.002 0.009 0.010 
216      456    (0)   14 :  0.104 0.019 0.079 0.148 0.091 0.117 0.006 0.183 0.068 0.017 0.010 0.004 0.005 0.003 0.071 0.076 
217      457    (0)   14 :  0.040 0.021 0.025 0.084 0.061 0.071 0.011 0.215 0.055 0.269 0.005 0.008 0.034 0.006 0.079 0.017 
218      458    (0)   14 :  0.017 0.040 0.005 0.099 0.087 0.069 0.018 0.457 0.073 0.017 0.016 0.005 0.009 0.007 0.069 0.011 
219      459    (0)   14 :  0.007 0.011 0.004 0.013 0.012 0.012 0.020 0.011 0.014 0.855 0.005 0.002 0.007 0.003 0.015 0.008 
220      464    (0)   14 :  0.274 0.005 0.004 0.019 0.018 0.022 0.020 0.167 0.017 0.398 0.011 0.003 0.014 0.005 0.019 0.004 
221      465    (0)   14 :  0.464 0.004 0.006 0.008 0.010 0.008 0.018 0.436 0.011 0.011 0.002 0.002 0.006 0.001 0.009 0.004 
222      466    (0)   14 :  0.011 0.008 0.006 0.056 0.048 0.046 0.168 0.103 0.051 0.364 0.005 0.021 0.016 0.001 0.073 0.023 
223      470    (0)   14 :  0.010 0.012 0.007 0.008 0.008 0.008 0.027 0.413 0.008 0.382 0.006 0.003 0.094 0.002 0.008 0.004 
224      471    (0)   14 :  0.513 0.054 0.019 0.037 0.024 0.033 0.023 0.020 0.022 0.160 0.004 0.012 0.006 0.041 0.027 0.006 
225      483    (0)   14 :  0.003 0.002 0.002 0.002 0.003 0.002 0.965 0.002 0.003 0.003 0.002 0.001 0.002 0.001 0.003 0.002 
226      488    (0)   14 :  0.008 0.005 0.003 0.008 0.009 0.006 0.002 0.908 0.009 0.012 0.004 0.002 0.005 0.002 0.010 0.008 
227      495    (0)   14 :  0.854 0.006 0.013 0.008 0.010 0.007 0.035 0.018 0.009 0.013 0.002 0.002 0.003 0.001 0.009 0.011 
228      496    (0)   14 :  0.093 0.005 0.004 0.008 0.010 0.009 0.006 0.820 0.010 0.010 0.002 0.005 0.004 0.002 0.009 0.002 
229      497    (0)   14 :  0.890 0.002 0.011 0.005 0.005 0.005 0.006 0.005 0.004 0.012 0.039 0.003 0.002 0.002 0.005 0.004 
230      500    (0)   14 :  0.008 0.008 0.025 0.082 0.081 0.095 0.009 0.055 0.076 0.042 0.003 0.015 0.037 0.004 0.070 0.391 
231      879    (0)   14 :  0.002 0.002 0.001 0.001 0.001 0.001 0.978 0.002 0.001 0.002 0.002 0.001 0.002 0.001 0.001 0.001 
232      036    (0)   15 :  0.010 0.005 0.004 0.314 0.180 0.171 0.006 0.015 0.098 0.016 0.002 0.012 0.005 0.004 0.152 0.006 
233      063    (2)   15 :  0.012 0.041 0.032 0.179 0.132 0.230 0.013 0.016 0.150 0.026 0.014 0.003 0.010 0.004 0.124 0.013 
234      094    (4)   15 :  0.006 0.016 0.012 0.129 0.157 0.088 0.006 0.140 0.162 0.020 0.008 0.011 0.006 0.005 0.176 0.059 
235      103    (4)   15 :  0.006 0.003 0.018 0.187 0.178 0.310 0.005 0.004 0.218 0.007 0.005 0.004 0.007 0.002 0.044 0.004 
236      112    (0)   15 :  0.008 0.041 0.007 0.121 0.205 0.143 0.007 0.006 0.222 0.006 0.006 0.003 0.010 0.004 0.205 0.006 
237      114    (2)   15 :  0.041 0.004 0.004 0.194 0.177 0.195 0.003 0.035 0.128 0.009 0.004 0.008 0.015 0.003 0.175 0.005 
238      120    (0)   15 :  0.005 0.017 0.007 0.044 0.237 0.062 0.009 0.065 0.280 0.006 0.004 0.013 0.007 0.003 0.225 0.016 
239      127    (2)   15 :  0.007 0.065 0.005 0.192 0.112 0.149 0.006 0.103 0.110 0.003 0.007 0.005 0.073 0.003 0.154 0.008 
240      147    (0)   15 :  0.015 0.218 0.005 0.167 0.117 0.146 0.006 0.008 0.103 0.013 0.006 0.005 0.007 0.054 0.128 0.002 
241      166    (0)   15 :  0.014 0.110 0.009 0.170 0.122 0.153 0.005 0.104 0.096 0.023 0.021 0.003 0.004 0.038 0.126 0.004 
242      167    (0)   15 :  0.735 0.008 0.026 0.031 0.032 0.030 0.004 0.009 0.024 0.011 0.006 0.014 0.030 0.004 0.029 0.006 
243      168    (0)   15 :  0.053 0.004 0.004 0.224 0.157 0.168 0.002 0.007 0.139 0.013 0.005 0.016 0.004 0.003 0.197 0.004 
244      169    (2)   15 :  0.650 0.037 0.005 0.045 0.042 0.045 0.004 0.035 0.042 0.019 0.004 0.006 0.004 0.010 0.045 0.008 
245      170    (0)   15 :  0.008 0.015 0.005 0.166 0.169 0.215 0.009 0.005 0.157 0.010 0.034 0.004 0.023 0.005 0.161 0.014 
246      171    (2)   15 :  0.010 0.023 0.008 0.170 0.130 0.305 0.003 0.005 0.167 0.006 0.004 0.003 0.004 0.010 0.091 0.060 
247      172    (0)   15 :  0.011 0.018 0.012 0.046 0.233 0.057 0.025 0.056 0.273 0.006 0.004 0.013 0.002 0.014 0.214 0.015 
248      185    (0)   15 :  0.061 0.032 0.009 0.170 0.132 0.206 0.014 0.013 0.128 0.076 0.005 0.002 0.017 0.005 0.124 0.004 
249      199    (2)   15 :  0.007 0.008 0.003 0.128 0.107 0.181 0.002 0.023 0.138 0.007 0.221 0.007 0.009 0.005 0.147 0.006 
250      339    (0)   15 :  0.800 0.009 0.011 0.013 0.012 0.012 0.004 0.076 0.011 0.010 0.010 0.002 0.006 0.006 0.013 0.005 
251      355    (0)   15 :  0.005 0.009 0.005 0.133 0.115 0.241 0.002 0.004 0.167 0.004 0.078 0.002 0.004 0.014 0.213 0.003 
252      356    (0)   15 :  0.010 0.006 0.003 0.062 0.253 0.074 0.004 0.018 0.297 0.004 0.006 0.007 0.024 0.004 0.224 0.003 
253      357    (0)   15 :  0.007 0.017 0.005 0.174 0.202 0.168 0.003 0.030 0.169 0.007 0.017 0.009 0.020 0.013 0.153 0.007 
254      358    (0)   15 :  0.016 0.010 0.043 0.279 0.160 0.182 0.003 0.007 0.082 0.013 0.004 0.002 0.019 0.007 0.166 0.008 
255      359    (0)   15 :  0.009 0.018 0.020 0.142 0.196 0.177 0.011 0.007 0.179 0.005 0.009 0.002 0.003 0.002 0.216 0.004 
256      360    (0)   15 :  0.006 0.023 0.003 0.229 0.130 0.199 0.075 0.021 0.125 0.015 0.005 0.006 0.006 0.010 0.133 0.012 
257      361    (0)   15 :  0.041 0.011 0.006 0.027 0.253 0.065 0.009 0.042 0.304 0.013 0.003 0.004 0.004 0.002 0.210 0.005 
258      362    (0)   15 :  0.032 0.062 0.012 0.136 0.093 0.103 0.121 0.023 0.074 0.015 0.006 0.002 0.004 0.005 0.116 0.195 
259      363    (0)   15 :  0.028 0.369 0.010 0.110 0.085 0.110 0.002 0.015 0.074 0.017 0.047 0.005 0.010 0.013 0.099 0.006 
260      364    (0)   15 :  0.004 0.015 0.009 0.145 0.102 0.125 0.004 0.105 0.087 0.008 0.051 0.004 0.020 0.004 0.109 0.209 
261      365    (0)   15 :  0.006 0.005 0.005 0.262 0.151 0.155 0.011 0.114 0.084 0.022 0.003 0.002 0.009 0.016 0.147 0.009 
262      366    (0)   15 :  0.004 0.014 0.012 0.311 0.162 0.142 0.003 0.011 0.110 0.004 0.003 0.002 0.003 0.028 0.188 0.004 
263      367    (0)   15 :  0.004 0.005 0.016 0.171 0.147 0.211 0.006 0.006 0.161 0.007 0.003 0.005 0.030 0.010 0.208 0.011 
264      368    (0)   15 :  0.006 0.006 0.015 0.158 0.127 0.276 0.002 0.004 0.162 0.004 0.003 0.008 0.053 0.015 0.141 0.019 
265      369    (0)   15 :  0.005 0.008 0.005 0.153 0.117 0.327 0.005 0.005 0.188 0.004 0.004 0.002 0.003 0.004 0.167 0.003 
266      370    (0)   15 :  0.017 0.014 0.028 0.132 0.210 0.128 0.004 0.015 0.215 0.009 0.007 0.009 0.004 0.014 0.189 0.005 
267      371    (0)   15 :  0.010 0.004 0.010 0.224 0.133 0.223 0.004 0.007 0.130 0.011 0.007 0.005 0.003 0.003 0.213 0.014 
268      372    (0)   15 :  0.010 0.057 0.003 0.015 0.014 0.015 0.008 0.079 0.014 0.423 0.325 0.003 0.002 0.004 0.013 0.012 
269      373    (0)   15 :  0.005 0.005 0.007 0.187 0.161 0.210 0.037 0.009 0.145 0.011 0.045 0.003 0.002 0.003 0.164 0.005 
270      380    (0)   15 :  0.005 0.035 0.009 0.198 0.147 0.186 0.005 0.035 0.116 0.007 0.011 0.039 0.002 0.006 0.184 0.015 
271      388    (0)   15 :  0.006 0.023 0.010 0.136 0.215 0.126 0.006 0.007 0.208 0.006 0.019 0.004 0.004 0.008 0.214 0.009 
272      418    (0)   15 :  0.007 0.016 0.004 0.163 0.180 0.147 0.002 0.012 0.188 0.007 0.043 0.024 0.008 0.006 0.180 0.014 
273      419    (0)   15 :  0.009 0.006 0.005 0.171 0.193 0.163 0.003 0.012 0.202 0.014 0.003 0.010 0.008 0.005 0.191 0.005 
274      420    (0)   15 :  0.027 0.013 0.012 0.194 0.124 0.144 0.006 0.033 0.101 0.049 0.061 0.003 0.010 0.041 0.142 0.041 
275      409    (0)   16 :  0.006 0.011 0.005 0.144 0.153 0.234 0.005 0.024 0.176 0.018 0.003 0.109 0.007 0.002 0.095 0.007 
276      414    (0)   16 :  0.012 0.013 0.007 0.202 0.161 0.249 0.006 0.012 0.186 0.005 0.008 0.016 0.008 0.002 0.098 0.015 
277      415    (2)   16 :  0.007 0.011 0.010 0.172 0.162 0.254 0.005 0.010 0.134 0.004 0.013 0.004 0.030 0.004 0.175 0.006 
278      416    (0)   16 :  0.017 0.011 0.027 0.179 0.145 0.149 0.006 0.033 0.133 0.023 0.010 0.076 0.004 0.003 0.160 0.024 
279      571    (0)    2 :  0.012 0.028 0.017 0.007 0.007 0.007 0.007 0.008 0.006 0.022 0.004 0.004 0.032 0.004 0.007 0.829 
280      572    (0)    2 :  0.011 0.039 0.039 0.016 0.014 0.016 0.002 0.003 0.014 0.003 0.004 0.008 0.012 0.006 0.012 0.802 
281      573    (2)    2 :  0.004 0.003 0.006 0.008 0.006 0.006 0.008 0.004 0.005 0.005 0.003 0.004 0.009 0.001 0.006 0.921 
282      574    (0)    2 :  0.009 0.005 0.009 0.011 0.009 0.012 0.006 0.008 0.010 0.005 0.002 0.015 0.004 0.003 0.010 0.885 
283      575    (2)    2 :  0.011 0.066 0.014 0.015 0.013 0.015 0.003 0.005 0.012 0.008 0.008 0.006 0.006 0.008 0.013 0.797 
284      576    (0)    2 :  0.003 0.003 0.005 0.003 0.003 0.003 0.002 0.003 0.003 0.003 0.003 0.003 0.003 0.001 0.003 0.958 
285      577    (0)    2 :  0.016 0.006 0.016 0.008 0.007 0.008 0.008 0.006 0.007 0.004 0.007 0.009 0.012 0.002 0.006 0.877 
286      578    (0)    2 :  0.008 0.005 0.004 0.004 0.003 0.004 0.003 0.006 0.003 0.005 0.008 0.047 0.004 0.002 0.003 0.893 
287      579    (0)    2 :  0.011 0.004 0.003 0.004 0.003 0.003 0.005 0.011 0.003 0.006 0.004 0.008 0.002 0.002 0.003 0.927 
288      580    (0)    2 :  0.003 0.003 0.003 0.003 0.003 0.003 0.004 0.003 0.003 0.003 0.002 0.002 0.003 0.002 0.003 0.956 
289      581    (0)    2 :  0.005 0.003 0.007 0.003 0.003 0.003 0.007 0.005 0.003 0.005 0.002 0.016 0.002 0.003 0.003 0.931 
290      582    (4)    2 :  0.109 0.006 0.011 0.016 0.013 0.016 0.004 0.008 0.014 0.009 0.016 0.003 0.002 0.048 0.013 0.711 
291      583    (0)    2 :  0.054 0.033 0.009 0.118 0.065 0.065 0.027 0.014 0.042 0.008 0.015 0.004 0.016 0.010 0.059 0.462 
292      584    (0)    2 :  0.017 0.006 0.006 0.008 0.008 0.008 0.052 0.008 0.007 0.027 0.006 0.016 0.005 0.003 0.007 0.815 
293      585    (0)    2 :  0.010 0.006 0.010 0.004 0.004 0.004 0.009 0.007 0.004 0.005 0.002 0.002 0.010 0.002 0.004 0.917 
294      586    (2)    2 :  0.013 0.006 0.007 0.004 0.004 0.004 0.004 0.005 0.004 0.006 0.010 0.004 0.004 0.003 0.004 0.919 
295      587    (0)    2 :  0.004 0.003 0.003 0.003 0.003 0.003 0.003 0.004 0.003 0.002 0.002 0.009 0.002 0.002 0.003 0.951 
296      588    (0)    2 :  0.008 0.013 0.008 0.021 0.019 0.026 0.004 0.007 0.018 0.012 0.012 0.005 0.021 0.011 0.017 0.799 
297      589    (0)    2 :  0.029 0.053 0.011 0.036 0.024 0.028 0.013 0.007 0.021 0.036 0.019 0.021 0.005 0.004 0.022 0.669 
298      590    (0)    2 :  0.008 0.003 0.039 0.008 0.006 0.006 0.003 0.014 0.006 0.006 0.012 0.038 0.059 0.011 0.006 0.777 
299      527    (2)    3 :  0.007 0.006 0.028 0.009 0.007 0.009 0.015 0.010 0.008 0.006 0.011 0.002 0.012 0.005 0.007 0.859 
300      528    (4)    3 :  0.004 0.329 0.090 0.028 0.024 0.023 0.006 0.017 0.024 0.004 0.008 0.018 0.004 0.003 0.027 0.390 
301      529    (4)    3 :  0.015 0.105 0.013 0.020 0.016 0.015 0.017 0.019 0.014 0.013 0.004 0.016 0.006 0.009 0.016 0.702 
302      530    (0)    3 :  0.002 0.011 0.008 0.008 0.009 0.009 0.018 0.003 0.010 0.003 0.005 0.004 0.006 0.004 0.008 0.891 
303      531    (2)    3 :  0.003 0.023 0.010 0.008 0.008 0.008 0.004 0.005 0.008 0.007 0.004 0.011 0.003 0.006 0.008 0.884 
304      532    (4)    3 :  0.003 0.094 0.019 0.015 0.016 0.013 0.017 0.005 0.015 0.003 0.002 0.003 0.031 0.002 0.016 0.746 
305      533    (0)    3 :  0.006 0.013 0.047 0.062 0.051 0.065 0.047 0.024 0.053 0.006 0.002 0.025 0.002 0.003 0.050 0.543 
306      534    (2)    3 :  0.005 0.007 0.074 0.009 0.008 0.008 0.002 0.005 0.008 0.005 0.006 0.012 0.003 0.002 0.008 0.838 
307      535    (2)    3 :  0.009 0.025 0.009 0.012 0.011 0.012 0.002 0.010 0.011 0.008 0.002 0.004 0.011 0.005 0.011 0.860 
308      536    (2)    3 :  0.005 0.003 0.009 0.006 0.007 0.006 0.005 0.003 0.007 0.005 0.002 0.030 0.004 0.014 0.006 0.888 
309      537    (2)    3 :  0.004 0.007 0.007 0.007 0.006 0.008 0.012 0.008 0.006 0.010 0.015 0.008 0.002 0.002 0.006 0.892 
310      538    (2)    3 :  0.021 0.005 0.053 0.039 0.041 0.047 0.020 0.025 0.042 0.008 0.004 0.003 0.004 0.002 0.041 0.646 
311      539    (2)    3 :  0.003 0.006 0.167 0.005 0.005 0.005 0.002 0.007 0.004 0.003 0.002 0.004 0.004 0.002 0.005 0.776 
312      540    (2)    3 :  0.015 0.006 0.013 0.014 0.016 0.014 0.004 0.011 0.017 0.015 0.002 0.012 0.005 0.001 0.017 0.839 
313      541    (2)    3 :  0.040 0.045 0.056 0.009 0.012 0.009 0.003 0.010 0.013 0.030 0.003 0.008 0.005 0.002 0.012 0.742 
314      542    (2)    3 :  0.020 0.015 0.083 0.022 0.020 0.018 0.005 0.078 0.018 0.020 0.009 0.011 0.004 0.004 0.019 0.654 
315      543    (0)    3 :  0.017 0.009 0.034 0.082 0.048 0.051 0.005 0.017 0.037 0.033 0.015 0.021 0.004 0.002 0.054 0.572 
316      544    (2)    3 :  0.004 0.003 0.023 0.004 0.005 0.004 0.002 0.003 0.005 0.003 0.002 0.005 0.002 0.002 0.005 0.929 
317      545    (2)    3 :  0.007 0.005 0.858 0.009 0.008 0.011 0.011 0.014 0.014 0.004 0.002 0.005 0.010 0.001 0.008 0.033 
318      546    (4)    3 :  0.009 0.004 0.817 0.023 0.019 0.024 0.005 0.018 0.025 0.003 0.002 0.005 0.013 0.002 0.015 0.016 
319      547    (6)    3 :  0.018 0.009 0.011 0.042 0.035 0.039 0.011 0.008 0.033 0.011 0.031 0.009 0.035 0.017 0.040 0.649 
320      019    (0)    4 :  0.036 0.017 0.766 0.008 0.007 0.008 0.007 0.004 0.008 0.036 0.004 0.009 0.003 0.004 0.007 0.076 
321      064    (0)    4 :  0.002 0.002 0.933 0.002 0.002 0.002 0.003 0.002 0.002 0.003 0.002 0.003 0.004 0.001 0.002 0.033 
322      065    (0)    4 :  0.003 0.003 0.025 0.003 0.003 0.003 0.003 0.002 0.003 0.003 0.001 0.005 0.002 0.001 0.003 0.937 
323      066    (0)    4 :  0.012 0.004 0.577 0.012 0.010 0.010 0.019 0.009 0.011 0.013 0.003 0.006 0.011 0.002 0.011 0.291 
324      067    (0)    4 :  0.021 0.015 0.856 0.009 0.007 0.008 0.016 0.005 0.007 0.010 0.010 0.008 0.004 0.006 0.007 0.011 
325      068    (0)    4 :  0.005 0.017 0.031 0.009 0.008 0.008 0.029 0.012 0.008 0.009 0.028 0.008 0.019 0.002 0.008 0.797 
326      069    (0)    4 :  0.004 0.008 0.778 0.006 0.006 0.006 0.002 0.008 0.006 0.005 0.004 0.012 0.017 0.001 0.006 0.131 
327      107    (0)    4 :  0.006 0.004 0.521 0.004 0.004 0.004 0.003 0.005 0.004 0.008 0.003 0.003 0.006 0.002 0.004 0.420 
328      110    (0)    4 :  0.004 0.008 0.959 0.002 0.002 0.002 0.002 0.002 0.002 0.002 0.002 0.002 0.003 0.003 0.002 0.003 
329      121    (0)    4 :  0.005 0.012 0.026 0.004 0.004 0.005 0.017 0.005 0.004 0.004 0.003 0.002 0.003 0.001 0.004 0.900 
330      137    (0)    4 :  0.027 0.004 0.888 0.008 0.007 0.007 0.005 0.005 0.006 0.007 0.002 0.005 0.004 0.010 0.007 0.008 
331      146    (0)    4 :  0.010 0.006 0.546 0.012 0.026 0.013 0.006 0.004 0.028 0.005 0.003 0.021 0.002 0.003 0.024 0.290 
332      149    (0)    4 :  0.013 0.005 0.934 0.004 0.004 0.004 0.004 0.004 0.004 0.004 0.002 0.002 0.002 0.004 0.004 0.005 
333      154    (0)    4 :  0.007 0.005 0.697 0.006 0.006 0.006 0.012 0.005 0.005 0.006 0.016 0.163 0.003 0.002 0.006 0.055 
334      179    (0)    4 :  0.006 0.004 0.546 0.004 0.004 0.004 0.003 0.006 0.004 0.006 0.004 0.004 0.007 0.002 0.004 0.391 
335      181    (0)    4 :  0.005 0.003 0.765 0.004 0.004 0.004 0.001 0.003 0.004 0.003 0.002 0.004 0.002 0.002 0.004 0.190 
336      182    (0)    4 :  0.003 0.020 0.100 0.011 0.010 0.010 0.090 0.004 0.010 0.004 0.010 0.007 0.014 0.002 0.010 0.693 
337      186    (0)    4 :  0.008 0.083 0.619 0.018 0.020 0.017 0.011 0.016 0.020 0.007 0.004 0.005 0.008 0.006 0.023 0.137 
338      193    (0)    4 :  0.008 0.006 0.403 0.009 0.009 0.009 0.003 0.004 0.008 0.012 0.004 0.008 0.005 0.002 0.008 0.502 
339      320    (0)    4 :  0.006 0.007 0.874 0.006 0.007 0.006 0.015 0.005 0.007 0.004 0.010 0.010 0.003 0.003 0.007 0.030 
340      341    (0)    4 :  0.010 0.004 0.040 0.006 0.006 0.006 0.010 0.009 0.006 0.008 0.003 0.003 0.006 0.002 0.006 0.876 
341      376    (0)    4 :  0.004 0.027 0.200 0.015 0.014 0.013 0.003 0.007 0.016 0.006 0.003 0.010 0.022 0.003 0.017 0.639 
342      395    (0)    4 :  0.006 0.012 0.660 0.008 0.007 0.007 0.003 0.026 0.007 0.021 0.004 0.056 0.004 0.006 0.006 0.169 
343      396    (0)    4 :  0.003 0.002 0.038 0.003 0.003 0.003 0.002 0.004 0.004 0.003 0.002 0.003 0.005 0.003 0.003 0.918 
344      397    (0)    4 :  0.006 0.005 0.079 0.005 0.005 0.005 0.004 0.003 0.004 0.004 0.007 0.011 0.002 0.010 0.005 0.845 
345      398    (0)    4 :  0.005 0.011 0.419 0.006 0.007 0.005 0.002 0.002 0.007 0.006 0.004 0.058 0.006 0.004 0.006 0.451 
346      399    (0)    4 :  0.003 0.013 0.007 0.005 0.006 0.005 0.018 0.003 0.006 0.003 0.003 0.003 0.007 0.002 0.006 0.910 
347      400    (0)    4 :  0.004 0.012 0.888 0.007 0.010 0.007 0.003 0.003 0.009 0.003 0.002 0.007 0.011 0.002 0.009 0.023 
348      401    (0)    4 :  0.011 0.004 0.802 0.012 0.011 0.012 0.004 0.006 0.010 0.004 0.002 0.006 0.007 0.003 0.011 0.094 
349      402    (0)    4 :  0.003 0.007 0.955 0.003 0.003 0.003 0.001 0.003 0.003 0.002 0.003 0.002 0.003 0.002 0.003 0.003 
350      403    (0)    4 :  0.015 0.019 0.415 0.011 0.014 0.011 0.019 0.010 0.016 0.010 0.004 0.004 0.010 0.011 0.014 0.417 
351      073    (0)    5 :  0.003 0.006 0.005 0.004 0.004 0.004 0.007 0.005 0.004 0.007 0.002 0.002 0.003 0.002 0.004 0.936 
352      074    (0)    5 :  0.003 0.003 0.004 0.008 0.007 0.008 0.004 0.004 0.006 0.006 0.005 0.040 0.002 0.002 0.007 0.891 
353      075    (0)    5 :  0.007 0.006 0.009 0.006 0.006 0.006 0.005 0.008 0.007 0.005 0.005 0.006 0.002 0.003 0.006 0.911 
354      076    (0)    5 :  0.006 0.013 0.009 0.007 0.006 0.007 0.019 0.010 0.006 0.004 0.007 0.004 0.003 0.005 0.007 0.888 
355      077    (0)    5 :  0.007 0.005 0.014 0.008 0.008 0.008 0.012 0.009 0.007 0.014 0.008 0.004 0.006 0.003 0.007 0.880 
356      078    (0)    5 :  0.007 0.005 0.010 0.032 0.031 0.036 0.009 0.009 0.034 0.007 0.005 0.005 0.004 0.005 0.021 0.780 
357      079    (0)    5 :  0.008 0.007 0.013 0.015 0.011 0.011 0.006 0.008 0.010 0.005 0.002 0.003 0.009 0.001 0.011 0.882 
358      080    (0)    5 :  0.005 0.014 0.006 0.006 0.005 0.006 0.016 0.003 0.005 0.003 0.018 0.003 0.004 0.002 0.005 0.899 
359      081    (0)    5 :  0.008 0.008 0.041 0.012 0.010 0.010 0.006 0.009 0.009 0.059 0.004 0.012 0.005 0.016 0.010 0.782 
360      082    (0)    5 :  0.003 0.006 0.020 0.003 0.003 0.003 0.002 0.002 0.003 0.004 0.003 0.003 0.005 0.002 0.003 0.934 
361      083    (0)    5 :  0.011 0.006 0.017 0.008 0.006 0.007 0.002 0.005 0.006 0.004 0.002 0.010 0.008 0.003 0.007 0.899 
362      084    (0)    5 :  0.014 0.003 0.014 0.006 0.005 0.005 0.007 0.007 0.005 0.009 0.002 0.107 0.002 0.006 0.005 0.803 
363      085    (0)    5 :  0.010 0.007 0.060 0.017 0.014 0.015 0.007 0.289 0.013 0.036 0.003 0.009 0.018 0.015 0.015 0.472 
364      404    (0)    5 :  0.005 0.006 0.010 0.004 0.005 0.004 0.006 0.004 0.005 0.006 0.003 0.021 0.003 0.003 0.004 0.912 
365      405    (0)    5 :  0.004 0.004 0.006 0.006 0.005 0.006 0.008 0.005 0.005 0.014 0.002 0.005 0.002 0.010 0.005 0.913 
366      406    (0)    5 :  0.004 0.007 0.004 0.011 0.009 0.010 0.002 0.005 0.010 0.004 0.003 0.008 0.007 0.008 0.008 0.898 
367      407    (0)    5 :  0.007 0.003 0.086 0.006 0.005 0.005 0.003 0.010 0.005 0.006 0.003 0.005 0.002 0.003 0.005 0.845 
368      408    (0)    5 :  0.003 0.004 0.004 0.005 0.005 0.004 0.003 0.005 0.004 0.006 0.005 0.006 0.002 0.002 0.005 0.938 
369      411    (2)    5 :  0.003 0.002 0.006 0.003 0.003 0.003 0.004 0.003 0.003 0.005 0.003 0.005 0.003 0.002 0.003 0.950 
370      412    (0)    5 :  0.006 0.013 0.008 0.011 0.010 0.010 0.005 0.020 0.009 0.014 0.007 0.004 0.007 0.005 0.010 0.860 
371      413    (0)    5 :  0.007 0.002 0.013 0.006 0.006 0.008 0.003 0.004 0.009 0.004 0.002 0.004 0.002 0.002 0.004 0.924 
372      591    (0)    6 :  0.005 0.905 0.003 0.007 0.007 0.006 0.012 0.006 0.006 0.009 0.004 0.009 0.005 0.007 0.007 0.004 
373      592    (0)    6 :  0.014 0.758 0.004 0.008 0.010 0.007 0.003 0.010 0.009 0.141 0.006 0.005 0.005 0.003 0.008 0.010 
374      593    (0)    6 :  0.008 0.905 0.006 0.008 0.007 0.008 0.005 0.005 0.008 0.006 0.002 0.004 0.005 0.006 0.007 0.011 
375      594    (0)    6 :  0.007 0.693 0.010 0.025 0.029 0.023 0.020 0.007 0.026 0.064 0.010 0.007 0.004 0.005 0.028 0.040 
376      595    (0)    6 :  0.006 0.832 0.015 0.019 0.015 0.021 0.010 0.008 0.016 0.005 0.012 0.003 0.005 0.004 0.019 0.010 
377      596    (0)    6 :  0.003 0.906 0.005 0.006 0.007 0.006 0.005 0.005 0.006 0.005 0.018 0.002 0.007 0.006 0.006 0.006 
378      597    (0)    6 :  0.006 0.791 0.029 0.017 0.014 0.015 0.013 0.041 0.010 0.006 0.006 0.003 0.003 0.002 0.012 0.032 
379      598    (0)    6 :  0.016 0.536 0.035 0.056 0.058 0.046 0.003 0.088 0.051 0.009 0.029 0.003 0.010 0.002 0.053 0.007 
380      599    (0)    6 :  0.026 0.758 0.003 0.008 0.006 0.008 0.083 0.019 0.006 0.052 0.003 0.003 0.005 0.006 0.007 0.006 
381      600    (0)    6 :  0.005 0.920 0.008 0.006 0.006 0.006 0.005 0.005 0.006 0.003 0.012 0.001 0.003 0.004 0.006 0.004 
382      601    (0)    6 :  0.024 0.780 0.025 0.019 0.015 0.018 0.007 0.032 0.014 0.016 0.002 0.002 0.005 0.002 0.017 0.022 
383      602    (0)    6 :  0.014 0.857 0.014 0.016 0.011 0.012 0.004 0.015 0.010 0.007 0.006 0.005 0.005 0.004 0.014 0.006 
384      603    (0)    6 :  0.019 0.125 0.005 0.043 0.028 0.029 0.016 0.533 0.019 0.116 0.008 0.008 0.007 0.007 0.031 0.006 
385      604    (0)    6 :  0.003 0.871 0.007 0.014 0.013 0.015 0.007 0.005 0.013 0.004 0.009 0.003 0.012 0.003 0.014 0.009 
386      605    (0)    6 :  0.014 0.708 0.007 0.031 0.047 0.029 0.006 0.007 0.049 0.010 0.026 0.003 0.003 0.005 0.047 0.008 
387      606    (0)    6 :  0.007 0.847 0.004 0.011 0.011 0.009 0.035 0.006 0.010 0.007 0.007 0.004 0.003 0.022 0.011 0.004 
388      607    (0)    6 :  0.003 0.821 0.016 0.006 0.006 0.005 0.004 0.007 0.005 0.002 0.008 0.002 0.097 0.003 0.006 0.009 
389      608    (0)    6 :  0.017 0.898 0.004 0.006 0.006 0.006 0.005 0.009 0.006 0.005 0.003 0.006 0.017 0.003 0.006 0.005 
390      609    (0)    6 :  0.004 0.912 0.004 0.008 0.009 0.007 0.007 0.005 0.008 0.004 0.003 0.004 0.008 0.004 0.008 0.004 
391      610    (0)    6 :  0.021 0.407 0.007 0.110 0.078 0.089 0.006 0.059 0.062 0.007 0.009 0.009 0.016 0.003 0.097 0.019 
392      611    (2)    6 :  0.003 0.877 0.009 0.009 0.008 0.010 0.003 0.006 0.009 0.003 0.007 0.011 0.022 0.003 0.008 0.012 
393      612    (0)    6 :  0.009 0.704 0.064 0.023 0.018 0.026 0.009 0.015 0.016 0.006 0.043 0.003 0.033 0.002 0.018 0.009 
394      755    (0)    6 :  0.005 0.440 0.008 0.042 0.031 0.034 0.003 0.021 0.026 0.014 0.043 0.026 0.255 0.003 0.034 0.016 
395      756    (0)    6 :  0.005 0.890 0.003 0.007 0.006 0.006 0.007 0.012 0.006 0.009 0.003 0.009 0.014 0.004 0.006 0.013 
396      757    (0)    6 :  0.006 0.863 0.006 0.013 0.015 0.011 0.004 0.007 0.014 0.012 0.006 0.004 0.010 0.003 0.017 0.010 
397      002    (0)    7 :  0.005 0.006 0.386 0.009 0.009 0.008 0.001 0.016 0.008 0.005 0.002 0.021 0.004 0.003 0.009 0.507 
398      099    (2)    7 :  0.020 0.005 0.003 0.204 0.159 0.189 0.016 0.003 0.113 0.005 0.086 0.003 0.004 0.013 0.175 0.002 
399      641    (2)    7 :  0.013 0.052 0.219 0.097 0.091 0.134 0.005 0.011 0.101 0.008 0.004 0.012 0.025 0.014 0.057 0.157 
400      642    (0)    7 :  0.015 0.020 0.005 0.010 0.012 0.010 0.009 0.012 0.013 0.013 0.003 0.008 0.004 0.003 0.016 0.847 
401      643    (2)    7 :  0.012 0.025 0.008 0.018 0.030 0.018 0.009 0.031 0.035 0.017 0.003 0.016 0.004 0.003 0.037 0.736 
402      644    (0)    7 :  0.028 0.006 0.022 0.010 0.011 0.008 0.005 0.015 0.012 0.014 0.008 0.007 0.009 0.004 0.012 0.830 
403      645    (0)    7 :  0.014 0.035 0.013 0.041 0.075 0.036 0.004 0.031 0.086 0.030 0.003 0.018 0.114 0.038 0.072 0.391 
404      646    (0)    7 :  0.013 0.012 0.380 0.069 0.054 0.058 0.003 0.084 0.049 0.005 0.009 0.013 0.140 0.010 0.046 0.054 
405      006    (0)    8 :  0.004 0.006 0.008 0.025 0.018 0.021 0.005 0.014 0.017 0.008 0.003 0.632 0.006 0.003 0.020 0.210 
406      011    (0)    8 :  0.003 0.003 0.004 0.003 0.003 0.003 0.002 0.003 0.003 0.004 0.003 0.009 0.002 0.003 0.003 0.950 
407      033    (2)    8 :  0.003 0.022 0.019 0.007 0.006 0.005 0.004 0.026 0.005 0.006 0.002 0.638 0.004 0.002 0.006 0.244 
408      048    (0)    8 :  0.177 0.014 0.012 0.015 0.015 0.014 0.004 0.012 0.011 0.180 0.005 0.049 0.005 0.009 0.015 0.463 
409      061    (0)    8 :  0.002 0.002 0.002 0.002 0.002 0.002 0.001 0.002 0.002 0.002 0.001 0.971 0.003 0.004 0.002 0.002 
410      088    (0)    8 :  0.018 0.014 0.020 0.015 0.015 0.014 0.006 0.011 0.014 0.020 0.007 0.026 0.003 0.005 0.016 0.795 
411      091    (0)    8 :  0.003 0.005 0.003 0.004 0.003 0.004 0.005 0.003 0.003 0.003 0.004 0.938 0.006 0.002 0.003 0.010 
412      098    (0)    8 :  0.020 0.023 0.019 0.006 0.006 0.005 0.004 0.008 0.005 0.032 0.003 0.010 0.006 0.013 0.006 0.832 
413      104    (0)    8 :  0.004 0.002 0.045 0.003 0.003 0.003 0.002 0.003 0.003 0.006 0.002 0.004 0.002 0.003 0.003 0.912 
414      196    (0)    8 :  0.010 0.010 0.021 0.007 0.006 0.006 0.004 0.009 0.006 0.010 0.006 0.589 0.002 0.005 0.006 0.303 
415      197    (0)    8 :  0.009 0.012 0.017 0.024 0.018 0.020 0.007 0.033 0.018 0.007 0.014 0.270 0.003 0.008 0.024 0.518 
416      201    (0)    8 :  0.004 0.006 0.014 0.006 0.007 0.006 0.003 0.005 0.009 0.006 0.001 0.603 0.002 0.001 0.007 0.319 
417      202    (0)    8 :  0.018 0.005 0.021 0.017 0.015 0.015 0.011 0.014 0.014 0.029 0.012 0.035 0.002 0.021 0.014 0.756 
418      204    (0)    8 :  0.003 0.003 0.038 0.004 0.004 0.003 0.004 0.014 0.004 0.009 0.002 0.395 0.010 0.002 0.004 0.499 
419      231    (0)    8 :  0.004 0.010 0.078 0.006 0.005 0.005 0.013 0.020 0.005 0.013 0.005 0.008 0.009 0.001 0.005 0.814 
420      328    (0)    8 :  0.005 0.006 0.003 0.004 0.005 0.004 0.003 0.007 0.005 0.005 0.002 0.258 0.002 0.005 0.004 0.682 
421      346    (0)    8 :  0.006 0.008 0.008 0.005 0.004 0.005 0.003 0.003 0.005 0.005 0.008 0.311 0.003 0.003 0.005 0.620 
422      212    (0)    9 :  0.004 0.002 0.004 0.003 0.003 0.003 0.003 0.004 0.003 0.004 0.958 0.002 0.003 0.001 0.003 0.002 
423      213    (0)    9 :  0.004 0.003 0.002 0.005 0.005 0.004 0.002 0.008 0.005 0.007 0.932 0.008 0.003 0.003 0.005 0.005 
424      214    (0)    9 :  0.006 0.005 0.006 0.005 0.006 0.006 0.010 0.004 0.006 0.002 0.928 0.002 0.002 0.001 0.005 0.004 
425      215    (0)    9 :  0.003 0.004 0.005 0.004 0.004 0.004 0.003 0.005 0.004 0.009 0.937 0.003 0.003 0.004 0.004 0.005 
426      216    (0)    9 :  0.005 0.003 0.002 0.003 0.003 0.003 0.002 0.004 0.003 0.005 0.949 0.004 0.003 0.002 0.003 0.004 
427      217    (0)    9 :  0.004 0.003 0.004 0.006 0.007 0.005 0.006 0.005 0.007 0.004 0.926 0.004 0.006 0.002 0.007 0.005 
428      218    (0)    9 :  0.004 0.003 0.002 0.003 0.003 0.003 0.002 0.003 0.003 0.003 0.957 0.002 0.004 0.002 0.003 0.003 
429      332    (0)    9 :  0.008 0.016 0.007 0.008 0.008 0.007 0.011 0.009 0.008 0.007 0.850 0.003 0.035 0.005 0.008 0.009 
430      333    (0)    9 :  0.008 0.029 0.013 0.012 0.012 0.012 0.007 0.004 0.011 0.007 0.840 0.004 0.006 0.011 0.013 0.011 
431      334    (0)    9 :  0.004 0.008 0.002 0.004 0.005 0.005 0.006 0.006 0.005 0.004 0.926 0.003 0.007 0.003 0.005 0.007 
432      335    (0)    9 :  0.005 0.003 0.002 0.003 0.003 0.003 0.003 0.003 0.003 0.005 0.958 0.001 0.002 0.002 0.003 0.002 
433      336    (0)    9 :  0.002 0.005 0.005 0.003 0.002 0.003 0.003 0.003 0.003 0.002 0.942 0.004 0.003 0.014 0.003 0.003 
434      337    (0)    9 :  0.003 0.011 0.008 0.005 0.006 0.005 0.003 0.003 0.006 0.003 0.926 0.002 0.002 0.002 0.005 0.009 
435      673    (0)    9 :  0.002 0.002 0.001 0.001 0.001 0.001 0.003 0.001 0.001 0.002 0.977 0.001 0.001 0.001 0.001 0.002 
436      674    (0)    9 :  0.003 0.005 0.005 0.006 0.005 0.005 0.010 0.004 0.004 0.003 0.929 0.002 0.007 0.002 0.005 0.004 
437      675    (0)    9 :  0.003 0.005 0.002 0.004 0.004 0.004 0.003 0.006 0.004 0.006 0.940 0.004 0.003 0.004 0.004 0.003 
438      676    (0)    9 :  0.003 0.005 0.002 0.004 0.005 0.004 0.036 0.006 0.005 0.007 0.904 0.001 0.005 0.001 0.005 0.003 
439      677    (0)    9 :  0.004 0.004 0.003 0.004 0.004 0.004 0.006 0.003 0.004 0.003 0.943 0.002 0.002 0.003 0.004 0.006 
440      678    (0)    9 :  0.008 0.004 0.012 0.011 0.009 0.011 0.003 0.006 0.010 0.009 0.891 0.004 0.003 0.004 0.009 0.007 
441      679    (0)    9 :  0.003 0.008 0.002 0.008 0.008 0.008 0.006 0.006 0.008 0.002 0.908 0.001 0.019 0.002 0.008 0.005 
442      680    (0)    9 :  0.006 0.012 0.003 0.005 0.005 0.005 0.018 0.007 0.005 0.005 0.905 0.003 0.007 0.005 0.005 0.005 
443      681    (0)    9 :  0.003 0.007 0.004 0.005 0.006 0.006 0.004 0.005 0.007 0.005 0.927 0.002 0.005 0.002 0.006 0.007 
444      682    (0)    9 :  0.002 0.002 0.002 0.002 0.002 0.002 0.002 0.002 0.002 0.002 0.964 0.003 0.002 0.004 0.002 0.002 
445      683    (0)    9 :  0.008 0.007 0.003 0.005 0.005 0.005 0.002 0.004 0.005 0.004 0.929 0.004 0.007 0.002 0.005 0.005 
446      684    (0)    9 :  0.006 0.006 0.003 0.005 0.005 0.006 0.006 0.005 0.005 0.005 0.933 0.002 0.003 0.003 0.005 0.002 
447      685    (0)    9 :  0.003 0.010 0.006 0.006 0.005 0.006 0.003 0.003 0.006 0.003 0.930 0.003 0.003 0.003 0.006 0.003 
448      686    (0)    9 :  0.002 0.003 0.002 0.002 0.002 0.002 0.002 0.002 0.002 0.002 0.966 0.002 0.002 0.003 0.002 0.002 
449      687    (0)    9 :  0.003 0.004 0.002 0.002 0.002 0.002 0.002 0.002 0.002 0.004 0.964 0.002 0.002 0.002 0.002 0.002 
450      688    (0)    9 :  0.018 0.006 0.004 0.004 0.003 0.003 0.006 0.006 0.003 0.004 0.924 0.003 0.005 0.002 0.003 0.007 


Estimated Allele Frequencies in each cluster
First column gives estimated ancestral frequencies


Locus 1 : 1 
4 alleles
0.0% missing data
  89   (0.543) 0.456 0.546 0.294 0.558 0.538 0.560 0.747 0.485 0.539 0.579 0.642 0.694 0.830 0.067 0.546 0.623 
  91   (0.378) 0.383 0.438 0.596 0.369 0.395 0.375 0.238 0.494 0.396 0.379 0.312 0.297 0.152 0.704 0.380 0.314 
  99   (0.016) 0.012 0.003 0.001 0.016 0.014 0.013 0.002 0.006 0.013 0.025 0.001 0.002 0.004 0.130 0.015 0.000 
  93   (0.063) 0.149 0.014 0.109 0.057 0.054 0.052 0.013 0.015 0.051 0.017 0.045 0.007 0.015 0.098 0.059 0.062 

Locus 2 : 2 
6 alleles
1.1% missing data
 136   (0.352) 0.101 0.416 0.732 0.360 0.415 0.387 0.096 0.196 0.430 0.068 0.461 0.115 0.145 0.190 0.409 0.560 
 134   (0.237) 0.194 0.407 0.163 0.221 0.217 0.205 0.352 0.221 0.208 0.287 0.380 0.204 0.686 0.027 0.219 0.140 
 138   (0.298) 0.596 0.145 0.094 0.306 0.268 0.298 0.519 0.446 0.265 0.457 0.152 0.247 0.120 0.770 0.273 0.249 
 140   (0.063) 0.050 0.016 0.007 0.064 0.058 0.065 0.018 0.063 0.056 0.033 0.004 0.429 0.017 0.007 0.056 0.050 
 132   (0.022) 0.013 0.004 0.002 0.027 0.022 0.027 0.003 0.007 0.023 0.003 0.001 0.002 0.005 0.002 0.023 0.001 
 142   (0.027) 0.047 0.012 0.002 0.022 0.020 0.018 0.012 0.068 0.018 0.151 0.002 0.003 0.028 0.003 0.020 0.001 

Locus 3 : 3 
6 alleles
0.0% missing data
 181   (0.252) 0.469 0.406 0.093 0.244 0.226 0.239 0.106 0.102 0.216 0.447 0.065 0.072 0.340 0.181 0.232 0.230 
 187   (0.345) 0.135 0.166 0.543 0.357 0.354 0.374 0.373 0.362 0.365 0.151 0.258 0.685 0.122 0.773 0.347 0.521 
 179   (0.253) 0.168 0.396 0.350 0.252 0.263 0.248 0.468 0.319 0.265 0.183 0.016 0.227 0.353 0.030 0.264 0.224 
 191   (0.030) 0.008 0.006 0.003 0.029 0.025 0.026 0.009 0.007 0.023 0.008 0.196 0.004 0.008 0.003 0.026 0.022 
 175   (0.046) 0.018 0.009 0.004 0.042 0.056 0.039 0.014 0.143 0.056 0.189 0.003 0.004 0.039 0.005 0.054 0.001 
 185   (0.074) 0.203 0.018 0.007 0.076 0.076 0.075 0.030 0.068 0.075 0.021 0.462 0.008 0.138 0.008 0.078 0.002 

Locus 4 : 4 
12 alleles
0.2% missing data
 253   (0.500) 0.308 0.619 0.454 0.515 0.525 0.529 0.244 0.513 0.522 0.714 0.465 0.627 0.616 0.598 0.515 0.760 
 249   (0.024) 0.005 0.004 0.019 0.024 0.019 0.022 0.004 0.005 0.016 0.004 0.001 0.314 0.005 0.003 0.018 0.059 
 271   (0.040) 0.012 0.009 0.056 0.039 0.035 0.037 0.010 0.039 0.034 0.006 0.002 0.005 0.010 0.005 0.038 0.028 
 241   (0.149) 0.291 0.144 0.368 0.139 0.149 0.136 0.037 0.167 0.151 0.092 0.151 0.022 0.097 0.185 0.156 0.020 
 257   (0.006) 0.002 0.001 0.003 0.005 0.005 0.004 0.001 0.002 0.004 0.001 0.000 0.001 0.001 0.001 0.004 0.000 
 269   (0.177) 0.353 0.180 0.078 0.172 0.162 0.166 0.678 0.211 0.169 0.128 0.095 0.021 0.248 0.198 0.160 0.129 
 245   (0.006) 0.002 0.001 0.001 0.005 0.004 0.004 0.001 0.001 0.003 0.001 0.000 0.000 0.001 0.001 0.004 0.000 
 247   (0.067) 0.021 0.032 0.007 0.075 0.071 0.081 0.021 0.048 0.073 0.050 0.281 0.008 0.016 0.007 0.077 0.002 
 239   (0.011) 0.002 0.003 0.001 0.009 0.013 0.009 0.002 0.002 0.012 0.001 0.001 0.001 0.002 0.001 0.012 0.000 
 273   (0.008) 0.001 0.001 0.001 0.007 0.010 0.006 0.001 0.002 0.011 0.001 0.000 0.001 0.002 0.001 0.010 0.000 
 267   (0.006) 0.001 0.001 0.013 0.005 0.004 0.004 0.001 0.002 0.003 0.001 0.000 0.001 0.002 0.001 0.003 0.000 
 255   (0.006) 0.001 0.003 0.001 0.005 0.003 0.003 0.001 0.010 0.003 0.002 0.000 0.001 0.001 0.001 0.003 0.000 

Locus 5 : 5 
6 alleles
0.7% missing data
 103   (0.861) 0.952 0.930 0.966 0.831 0.829 0.812 0.963 0.926 0.813 0.964 0.980 0.985 0.950 0.984 0.846 0.993 
 104   (0.059) 0.030 0.026 0.027 0.082 0.081 0.093 0.022 0.034 0.096 0.019 0.004 0.006 0.030 0.007 0.067 0.005 
 105   (0.044) 0.011 0.035 0.004 0.051 0.060 0.061 0.008 0.026 0.064 0.012 0.003 0.005 0.010 0.005 0.058 0.001 
 102   (0.016) 0.003 0.005 0.001 0.018 0.014 0.018 0.004 0.009 0.013 0.002 0.001 0.001 0.003 0.002 0.013 0.000 
 107   (0.011) 0.002 0.002 0.001 0.011 0.010 0.010 0.002 0.002 0.009 0.002 0.001 0.001 0.002 0.001 0.010 0.000 
 101   (0.009) 0.002 0.002 0.001 0.008 0.006 0.006 0.002 0.003 0.005 0.001 0.012 0.001 0.005 0.001 0.006 0.000 

Locus 6 : 6 
5 alleles
0.2% missing data
 141   (0.264) 0.078 0.308 0.321 0.263 0.244 0.249 0.097 0.356 0.242 0.269 0.130 0.834 0.775 0.029 0.254 0.593 
 145   (0.419) 0.552 0.443 0.117 0.426 0.453 0.446 0.823 0.425 0.463 0.630 0.258 0.076 0.139 0.414 0.434 0.175 
 135   (0.229) 0.335 0.138 0.360 0.227 0.222 0.223 0.060 0.186 0.221 0.087 0.290 0.075 0.065 0.546 0.232 0.192 
 147   (0.077) 0.032 0.109 0.200 0.073 0.069 0.071 0.019 0.032 0.063 0.013 0.321 0.014 0.019 0.009 0.069 0.040 
 137   (0.010) 0.004 0.002 0.001 0.010 0.011 0.010 0.002 0.002 0.010 0.001 0.001 0.001 0.002 0.001 0.011 0.000 

Locus 7 : 7 
10 alleles
1.3% missing data
  93   (0.225) 0.179 0.216 0.406 0.207 0.213 0.189 0.096 0.351 0.210 0.349 0.064 0.612 0.298 0.794 0.218 0.334 
 103   (0.316) 0.510 0.535 0.271 0.325 0.319 0.331 0.086 0.345 0.324 0.373 0.515 0.089 0.133 0.044 0.305 0.405 
  91   (0.065) 0.016 0.037 0.007 0.064 0.066 0.072 0.019 0.018 0.065 0.058 0.155 0.007 0.049 0.010 0.067 0.034 
  97   (0.192) 0.218 0.155 0.170 0.194 0.175 0.196 0.469 0.049 0.174 0.094 0.253 0.028 0.256 0.126 0.184 0.161 
  85   (0.045) 0.015 0.014 0.007 0.045 0.044 0.046 0.289 0.012 0.044 0.009 0.003 0.005 0.010 0.006 0.045 0.045 
  89   (0.083) 0.044 0.029 0.132 0.076 0.076 0.073 0.018 0.193 0.074 0.074 0.005 0.251 0.238 0.011 0.078 0.020 
  83   (0.052) 0.013 0.009 0.005 0.065 0.088 0.071 0.021 0.029 0.090 0.038 0.003 0.005 0.011 0.006 0.084 0.001 
 105   (0.010) 0.002 0.002 0.001 0.010 0.010 0.012 0.001 0.002 0.010 0.003 0.001 0.001 0.002 0.001 0.011 0.000 
 101   (0.006) 0.001 0.001 0.001 0.007 0.006 0.007 0.001 0.001 0.006 0.001 0.000 0.000 0.001 0.001 0.004 0.000 
  99   (0.006) 0.002 0.001 0.001 0.005 0.004 0.004 0.001 0.001 0.004 0.001 0.000 0.001 0.001 0.001 0.005 0.000 

Locus 8 : 8 
8 alleles
0.0% missing data
 129   (0.558) 0.650 0.399 0.481 0.568 0.585 0.590 0.867 0.731 0.598 0.689 0.636 0.669 0.464 0.198 0.566 0.702 
 141   (0.056) 0.021 0.092 0.151 0.050 0.041 0.044 0.013 0.027 0.038 0.012 0.218 0.009 0.011 0.006 0.045 0.099 
 149   (0.078) 0.036 0.018 0.031 0.077 0.076 0.072 0.029 0.080 0.074 0.070 0.014 0.012 0.286 0.008 0.080 0.146 
 143   (0.259) 0.271 0.482 0.332 0.258 0.256 0.249 0.083 0.148 0.252 0.215 0.128 0.305 0.199 0.698 0.266 0.052 
 127   (0.015) 0.003 0.002 0.001 0.016 0.012 0.017 0.002 0.003 0.011 0.002 0.001 0.001 0.003 0.051 0.012 0.000 
 131   (0.012) 0.006 0.002 0.001 0.010 0.007 0.008 0.003 0.003 0.006 0.009 0.002 0.001 0.003 0.037 0.007 0.000 
 133   (0.017) 0.012 0.003 0.002 0.016 0.018 0.014 0.002 0.008 0.018 0.003 0.001 0.002 0.033 0.002 0.019 0.000 
 145   (0.006) 0.001 0.001 0.001 0.005 0.005 0.004 0.001 0.001 0.004 0.001 0.000 0.000 0.001 0.001 0.005 0.000 

Locus 9 : 9 
5 alleles
0.0% missing data
 191   (0.391) 0.330 0.484 0.594 0.395 0.385 0.391 0.385 0.169 0.385 0.329 0.544 0.841 0.593 0.339 0.382 0.569 
 195   (0.150) 0.221 0.243 0.036 0.141 0.134 0.126 0.501 0.096 0.131 0.342 0.049 0.034 0.036 0.354 0.143 0.185 
 189   (0.447) 0.447 0.270 0.368 0.454 0.471 0.476 0.112 0.732 0.475 0.326 0.407 0.124 0.369 0.306 0.465 0.244 
 197   (0.006) 0.001 0.001 0.001 0.005 0.006 0.004 0.001 0.001 0.006 0.002 0.000 0.001 0.001 0.001 0.006 0.000 
 193   (0.006) 0.002 0.001 0.001 0.005 0.004 0.004 0.001 0.001 0.003 0.001 0.000 0.001 0.002 0.001 0.004 0.002 

Locus 10 : 10 
7 alleles
0.2% missing data
 232   (0.256) 0.149 0.153 0.377 0.271 0.276 0.287 0.257 0.081 0.281 0.220 0.278 0.576 0.066 0.219 0.273 0.286 
 238   (0.555) 0.742 0.674 0.444 0.551 0.537 0.548 0.634 0.849 0.534 0.713 0.341 0.132 0.837 0.369 0.536 0.592 
 252   (0.111) 0.092 0.119 0.171 0.104 0.120 0.094 0.097 0.053 0.123 0.056 0.032 0.275 0.082 0.014 0.120 0.106 
 254   (0.043) 0.010 0.047 0.005 0.039 0.038 0.037 0.006 0.009 0.037 0.006 0.264 0.013 0.009 0.393 0.041 0.014 
 250   (0.010) 0.002 0.002 0.001 0.012 0.010 0.013 0.002 0.002 0.009 0.001 0.001 0.001 0.002 0.002 0.010 0.000 
 236   (0.006) 0.001 0.002 0.001 0.005 0.004 0.004 0.001 0.001 0.004 0.001 0.001 0.001 0.001 0.001 0.004 0.000 
 248   (0.018) 0.004 0.003 0.002 0.017 0.014 0.017 0.002 0.004 0.013 0.002 0.084 0.002 0.003 0.002 0.017 0.000 

Locus 11 : 11 
4 alleles
0.0% missing data
  87   (0.696) 0.793 0.641 0.560 0.696 0.697 0.699 0.914 0.796 0.698 0.857 0.531 0.351 0.864 0.964 0.696 0.639 
  89   (0.240) 0.176 0.347 0.362 0.244 0.232 0.245 0.062 0.184 0.231 0.117 0.386 0.624 0.082 0.029 0.233 0.305 
  91   (0.051) 0.028 0.010 0.076 0.048 0.056 0.046 0.022 0.017 0.057 0.024 0.082 0.023 0.013 0.006 0.057 0.055 
  85   (0.013) 0.003 0.002 0.001 0.012 0.014 0.010 0.002 0.003 0.014 0.002 0.001 0.002 0.041 0.001 0.014 0.000 

Locus 12 : 12 
13 alleles
0.2% missing data
 160   (0.205) 0.255 0.059 0.188 0.212 0.205 0.216 0.148 0.247 0.208 0.337 0.720 0.036 0.197 0.592 0.192 0.107 
 162   (0.260) 0.182 0.488 0.094 0.253 0.252 0.242 0.126 0.350 0.249 0.298 0.228 0.750 0.383 0.067 0.260 0.209 
 147   (0.052) 0.051 0.088 0.367 0.044 0.035 0.041 0.018 0.068 0.031 0.013 0.003 0.105 0.013 0.006 0.038 0.116 
 158   (0.231) 0.285 0.189 0.315 0.243 0.259 0.257 0.081 0.102 0.265 0.213 0.022 0.079 0.086 0.028 0.246 0.540 
 161   (0.108) 0.119 0.148 0.023 0.106 0.108 0.101 0.385 0.133 0.108 0.040 0.018 0.014 0.032 0.120 0.113 0.019 
 170   (0.048) 0.058 0.009 0.005 0.049 0.056 0.054 0.016 0.048 0.056 0.020 0.003 0.006 0.011 0.005 0.059 0.007 
 143   (0.027) 0.005 0.005 0.002 0.029 0.034 0.031 0.004 0.005 0.035 0.009 0.002 0.003 0.009 0.175 0.035 0.001 
 154   (0.016) 0.003 0.004 0.001 0.017 0.014 0.023 0.002 0.004 0.017 0.002 0.001 0.002 0.005 0.002 0.019 0.000 
 149   (0.022) 0.005 0.005 0.002 0.018 0.014 0.015 0.213 0.006 0.012 0.061 0.001 0.002 0.258 0.002 0.015 0.001 
 153   (0.011) 0.002 0.003 0.001 0.010 0.010 0.010 0.002 0.002 0.010 0.002 0.001 0.001 0.002 0.001 0.011 0.000 
 150   (0.006) 0.015 0.001 0.001 0.005 0.003 0.003 0.002 0.001 0.003 0.004 0.000 0.001 0.001 0.001 0.003 0.000 
 159   (0.008) 0.018 0.001 0.001 0.006 0.005 0.004 0.003 0.032 0.004 0.001 0.000 0.001 0.002 0.001 0.004 0.000 
 164   (0.006) 0.001 0.001 0.001 0.005 0.004 0.004 0.001 0.001 0.003 0.001 0.000 0.001 0.001 0.001 0.004 0.000 

Locus 13 : 13 
5 alleles
0.0% missing data
 108   (0.194) 0.289 0.146 0.151 0.192 0.223 0.203 0.040 0.106 0.224 0.068 0.200 0.412 0.049 0.342 0.205 0.164 
 115   (0.455) 0.368 0.498 0.309 0.448 0.448 0.439 0.627 0.527 0.447 0.577 0.283 0.522 0.713 0.092 0.464 0.581 
 113   (0.338) 0.341 0.354 0.539 0.349 0.320 0.349 0.331 0.365 0.322 0.353 0.517 0.065 0.236 0.564 0.322 0.255 
 109   (0.006) 0.001 0.001 0.001 0.006 0.004 0.005 0.001 0.001 0.004 0.001 0.000 0.001 0.001 0.001 0.004 0.000 
 110   (0.006) 0.002 0.001 0.001 0.006 0.005 0.004 0.001 0.001 0.004 0.001 0.000 0.000 0.001 0.001 0.005 0.000 

Locus 14 : 14 
5 alleles
0.9% missing data
 227   (0.139) 0.436 0.037 0.321 0.134 0.111 0.122 0.059 0.284 0.104 0.323 0.016 0.066 0.055 0.258 0.113 0.259 
 231   (0.153) 0.041 0.464 0.111 0.155 0.153 0.162 0.042 0.044 0.155 0.029 0.355 0.027 0.039 0.269 0.160 0.094 
 229   (0.511) 0.361 0.283 0.445 0.518 0.574 0.538 0.824 0.455 0.590 0.533 0.411 0.857 0.858 0.093 0.557 0.460 
 225   (0.134) 0.142 0.141 0.023 0.134 0.112 0.128 0.059 0.197 0.105 0.048 0.213 0.019 0.034 0.226 0.115 0.088 
 233   (0.063) 0.021 0.074 0.099 0.059 0.050 0.051 0.017 0.020 0.046 0.067 0.004 0.031 0.014 0.154 0.054 0.099 

Locus 15 : 15 
5 alleles
0.2% missing data
 143   (0.844) 0.792 0.873 0.979 0.841 0.849 0.832 0.751 0.944 0.854 0.910 0.814 0.983 0.936 0.720 0.853 0.969 
 157   (0.007) 0.001 0.001 0.001 0.005 0.004 0.003 0.001 0.001 0.003 0.001 0.000 0.001 0.001 0.001 0.004 0.018 
 145   (0.085) 0.086 0.114 0.015 0.089 0.082 0.093 0.026 0.037 0.078 0.073 0.006 0.010 0.050 0.272 0.078 0.011 
 147   (0.050) 0.118 0.009 0.005 0.053 0.047 0.060 0.217 0.015 0.045 0.014 0.147 0.005 0.011 0.006 0.048 0.001 
 133   (0.015) 0.003 0.003 0.001 0.012 0.019 0.011 0.005 0.003 0.020 0.002 0.032 0.002 0.003 0.001 0.017 0.000 

Locus 16 : 16 
5 alleles
0.2% missing data
 156   (0.230) 0.238 0.328 0.079 0.217 0.268 0.213 0.180 0.185 0.275 0.228 0.503 0.205 0.054 0.515 0.261 0.306 
 158   (0.543) 0.538 0.464 0.736 0.559 0.531 0.559 0.758 0.587 0.528 0.688 0.193 0.320 0.602 0.253 0.534 0.494 
 160   (0.133) 0.177 0.147 0.174 0.128 0.117 0.128 0.031 0.178 0.111 0.047 0.111 0.463 0.319 0.015 0.117 0.154 
 154   (0.085) 0.044 0.059 0.010 0.089 0.080 0.096 0.030 0.032 0.082 0.022 0.192 0.012 0.024 0.216 0.084 0.046 
 152   (0.009) 0.002 0.001 0.001 0.007 0.005 0.005 0.001 0.019 0.004 0.015 0.001 0.001 0.002 0.001 0.005 0.000 

Locus 17 : 17 
5 alleles
0.0% missing data
 102   (0.202) 0.243 0.183 0.168 0.199 0.174 0.183 0.059 0.435 0.164 0.072 0.197 0.096 0.323 0.024 0.176 0.248 
  90   (0.683) 0.703 0.794 0.805 0.671 0.703 0.671 0.913 0.523 0.705 0.904 0.795 0.598 0.373 0.570 0.702 0.720 
  88   (0.070) 0.028 0.014 0.023 0.074 0.068 0.074 0.022 0.026 0.070 0.012 0.005 0.302 0.296 0.007 0.074 0.031 
 100   (0.039) 0.008 0.008 0.004 0.052 0.053 0.068 0.005 0.014 0.059 0.011 0.002 0.004 0.007 0.398 0.045 0.001 
 104   (0.006) 0.018 0.001 0.001 0.005 0.003 0.003 0.001 0.002 0.003 0.001 0.000 0.001 0.001 0.001 0.003 0.000 

Locus 18 : 18 
7 alleles
0.0% missing data
 142   (0.128) 0.163 0.025 0.376 0.126 0.141 0.122 0.034 0.066 0.142 0.052 0.008 0.793 0.073 0.014 0.145 0.427 
 146   (0.079) 0.027 0.085 0.025 0.074 0.072 0.063 0.012 0.260 0.070 0.025 0.227 0.037 0.106 0.009 0.073 0.194 
 140   (0.285) 0.171 0.502 0.425 0.298 0.277 0.316 0.815 0.208 0.279 0.185 0.175 0.045 0.522 0.274 0.266 0.080 
 127   (0.306) 0.279 0.231 0.099 0.317 0.341 0.329 0.098 0.273 0.350 0.446 0.060 0.075 0.187 0.549 0.334 0.226 
 148   (0.097) 0.064 0.114 0.049 0.088 0.073 0.084 0.020 0.149 0.069 0.065 0.217 0.033 0.026 0.010 0.083 0.055 
 138   (0.052) 0.142 0.031 0.020 0.047 0.044 0.042 0.012 0.015 0.041 0.012 0.003 0.011 0.016 0.139 0.044 0.017 
 150   (0.054) 0.153 0.013 0.005 0.050 0.052 0.043 0.010 0.029 0.050 0.214 0.310 0.006 0.070 0.005 0.054 0.001 

Locus 19 : 19 
7 alleles
0.0% missing data
 188   (0.191) 0.249 0.068 0.165 0.194 0.190 0.195 0.474 0.101 0.188 0.106 0.167 0.571 0.047 0.021 0.195 0.091 
 190   (0.123) 0.110 0.244 0.330 0.105 0.099 0.091 0.318 0.070 0.094 0.245 0.198 0.014 0.400 0.013 0.099 0.423 
 194   (0.578) 0.587 0.598 0.495 0.589 0.608 0.600 0.192 0.558 0.622 0.577 0.482 0.406 0.179 0.956 0.606 0.484 
 200   (0.082) 0.048 0.083 0.008 0.090 0.084 0.093 0.013 0.266 0.079 0.068 0.005 0.007 0.369 0.008 0.079 0.002 
 192   (0.007) 0.002 0.004 0.001 0.006 0.004 0.005 0.001 0.001 0.004 0.001 0.000 0.000 0.001 0.001 0.004 0.000 
 202   (0.013) 0.004 0.003 0.001 0.012 0.009 0.011 0.002 0.003 0.008 0.002 0.148 0.001 0.002 0.001 0.010 0.000 
 196   (0.006) 0.001 0.001 0.001 0.005 0.005 0.004 0.001 0.001 0.005 0.001 0.000 0.000 0.001 0.001 0.006 0.000 

Locus 20 : 20 
6 alleles
0.9% missing data
 252   (0.718) 0.777 0.745 0.709 0.718 0.754 0.723 0.902 0.822 0.763 0.727 0.723 0.815 0.540 0.382 0.753 0.847 
 250   (0.078) 0.179 0.069 0.046 0.075 0.061 0.074 0.021 0.028 0.058 0.025 0.146 0.010 0.148 0.347 0.062 0.101 
 244   (0.020) 0.006 0.007 0.002 0.018 0.015 0.015 0.005 0.007 0.014 0.011 0.001 0.152 0.007 0.005 0.015 0.007 
 254   (0.075) 0.016 0.055 0.009 0.072 0.067 0.065 0.040 0.110 0.063 0.144 0.083 0.010 0.017 0.105 0.073 0.031 
 246   (0.086) 0.017 0.120 0.230 0.083 0.075 0.083 0.029 0.024 0.069 0.090 0.046 0.010 0.284 0.159 0.077 0.004 
 248   (0.022) 0.005 0.004 0.003 0.034 0.028 0.040 0.004 0.009 0.034 0.003 0.001 0.004 0.004 0.003 0.020 0.009 

Locus 21 : 21 
7 alleles
0.2% missing data
 173   (0.295) 0.452 0.311 0.145 0.275 0.289 0.253 0.489 0.505 0.287 0.564 0.211 0.156 0.071 0.118 0.298 0.371 
 177   (0.276) 0.303 0.082 0.642 0.288 0.269 0.302 0.349 0.229 0.275 0.221 0.164 0.178 0.502 0.273 0.263 0.274 
 175   (0.136) 0.046 0.322 0.023 0.136 0.133 0.132 0.092 0.092 0.130 0.083 0.258 0.017 0.037 0.487 0.136 0.026 
 167   (0.193) 0.156 0.142 0.176 0.191 0.213 0.189 0.054 0.147 0.211 0.115 0.122 0.638 0.089 0.110 0.204 0.323 
 163   (0.034) 0.013 0.015 0.004 0.035 0.032 0.037 0.006 0.010 0.032 0.007 0.231 0.004 0.007 0.004 0.032 0.002 
 159   (0.021) 0.019 0.004 0.002 0.024 0.021 0.032 0.003 0.004 0.023 0.003 0.001 0.002 0.004 0.002 0.027 0.000 
 165   (0.044) 0.011 0.125 0.008 0.051 0.043 0.055 0.009 0.012 0.042 0.007 0.013 0.005 0.288 0.005 0.040 0.003 

Locus 22 : 22 
11 alleles
0.7% missing data
 146   (0.243) 0.266 0.169 0.210 0.238 0.231 0.220 0.066 0.345 0.222 0.322 0.137 0.831 0.301 0.074 0.240 0.230 
 154   (0.007) 0.001 0.001 0.002 0.005 0.003 0.003 0.001 0.001 0.003 0.001 0.000 0.001 0.001 0.001 0.004 0.071 
 166   (0.093) 0.025 0.076 0.273 0.108 0.089 0.116 0.026 0.050 0.090 0.024 0.006 0.010 0.023 0.114 0.091 0.028 
 152   (0.433) 0.534 0.507 0.448 0.425 0.456 0.432 0.858 0.531 0.466 0.574 0.361 0.130 0.590 0.499 0.442 0.636 
 150   (0.026) 0.014 0.005 0.008 0.029 0.024 0.027 0.011 0.016 0.024 0.005 0.002 0.004 0.006 0.117 0.023 0.006 
 164   (0.031) 0.010 0.058 0.044 0.027 0.028 0.024 0.008 0.010 0.026 0.006 0.002 0.005 0.006 0.005 0.027 0.011 
 148   (0.009) 0.002 0.001 0.001 0.007 0.005 0.005 0.001 0.002 0.004 0.001 0.000 0.001 0.001 0.172 0.005 0.000 
 158   (0.085) 0.047 0.135 0.009 0.091 0.098 0.102 0.017 0.024 0.100 0.019 0.111 0.011 0.047 0.010 0.099 0.016 
 162   (0.048) 0.083 0.042 0.005 0.047 0.046 0.050 0.008 0.017 0.048 0.009 0.073 0.005 0.018 0.006 0.050 0.001 
 156   (0.015) 0.016 0.004 0.001 0.012 0.009 0.009 0.002 0.003 0.007 0.008 0.307 0.002 0.003 0.002 0.009 0.000 
 142   (0.011) 0.002 0.002 0.001 0.012 0.010 0.011 0.002 0.003 0.010 0.030 0.001 0.001 0.002 0.001 0.010 0.000 

Locus 23 : 23 
7 alleles
0.9% missing data
 152   (0.013) 0.003 0.002 0.092 0.010 0.007 0.007 0.002 0.003 0.006 0.002 0.001 0.001 0.002 0.001 0.007 0.063 
 156   (0.115) 0.026 0.123 0.090 0.123 0.164 0.137 0.323 0.055 0.179 0.025 0.029 0.012 0.028 0.014 0.151 0.032 
 144   (0.177) 0.155 0.192 0.154 0.171 0.149 0.162 0.392 0.183 0.142 0.331 0.644 0.026 0.050 0.602 0.150 0.183 
 160   (0.107) 0.169 0.136 0.301 0.104 0.084 0.100 0.058 0.139 0.084 0.059 0.105 0.013 0.325 0.013 0.080 0.183 
 154   (0.554) 0.640 0.536 0.361 0.558 0.568 0.555 0.220 0.603 0.561 0.578 0.220 0.923 0.588 0.365 0.579 0.536 
 158   (0.025) 0.006 0.009 0.003 0.028 0.022 0.032 0.005 0.015 0.023 0.004 0.002 0.025 0.006 0.003 0.026 0.003 
 146   (0.008) 0.001 0.001 0.001 0.008 0.006 0.006 0.001 0.002 0.005 0.001 0.000 0.001 0.001 0.001 0.007 0.000 

Locus 24 : 24 
4 alleles
0.4% missing data
  77   (0.087) 0.084 0.088 0.026 0.077 0.081 0.069 0.024 0.157 0.078 0.043 0.049 0.037 0.035 0.010 0.082 0.330 
  83   (0.454) 0.503 0.601 0.576 0.449 0.432 0.443 0.835 0.332 0.425 0.419 0.920 0.226 0.761 0.688 0.422 0.484 
  81   (0.373) 0.292 0.272 0.363 0.389 0.383 0.399 0.117 0.447 0.391 0.436 0.025 0.726 0.180 0.293 0.394 0.166 
  85   (0.087) 0.121 0.039 0.035 0.085 0.104 0.089 0.024 0.064 0.106 0.103 0.006 0.012 0.023 0.010 0.102 0.020 

Locus 25 : 25 
6 alleles
0.4% missing data
 132   (0.329) 0.413 0.457 0.123 0.330 0.305 0.325 0.097 0.224 0.299 0.413 0.458 0.911 0.200 0.183 0.313 0.533 
 124   (0.529) 0.542 0.416 0.840 0.525 0.576 0.532 0.540 0.599 0.589 0.458 0.533 0.067 0.764 0.408 0.564 0.395 
 126   (0.021) 0.004 0.004 0.023 0.019 0.015 0.016 0.005 0.004 0.013 0.003 0.001 0.002 0.004 0.002 0.016 0.059 
 122   (0.092) 0.027 0.104 0.010 0.101 0.083 0.103 0.354 0.165 0.081 0.122 0.006 0.017 0.026 0.115 0.085 0.012 
 120   (0.014) 0.003 0.003 0.001 0.013 0.011 0.012 0.002 0.003 0.010 0.002 0.001 0.001 0.002 0.289 0.011 0.000 
 136   (0.014) 0.011 0.015 0.002 0.013 0.010 0.011 0.002 0.005 0.009 0.002 0.001 0.001 0.003 0.002 0.011 0.000 

Locus 26 : 26 
7 alleles
0.2% missing data
 165   (0.245) 0.154 0.338 0.156 0.246 0.242 0.244 0.068 0.227 0.242 0.386 0.053 0.672 0.201 0.322 0.237 0.117 
 183   (0.347) 0.405 0.462 0.458 0.344 0.340 0.354 0.407 0.224 0.343 0.337 0.423 0.207 0.634 0.289 0.330 0.587 
 179   (0.081) 0.046 0.018 0.104 0.077 0.075 0.074 0.013 0.164 0.072 0.034 0.005 0.016 0.042 0.347 0.078 0.057 
 175   (0.263) 0.382 0.153 0.277 0.266 0.247 0.253 0.503 0.358 0.245 0.234 0.453 0.099 0.112 0.034 0.265 0.238 
 181   (0.049) 0.011 0.026 0.005 0.054 0.084 0.063 0.008 0.024 0.088 0.007 0.065 0.005 0.009 0.006 0.077 0.001 
 185   (0.009) 0.002 0.001 0.001 0.008 0.007 0.008 0.002 0.001 0.006 0.001 0.001 0.001 0.001 0.001 0.007 0.000 
 157   (0.006) 0.001 0.001 0.001 0.006 0.004 0.004 0.001 0.001 0.003 0.001 0.000 0.001 0.001 0.001 0.004 0.000 

Locus 27 : 27 
4 alleles
0.2% missing data
 142   (0.650) 0.854 0.683 0.599 0.653 0.637 0.652 0.503 0.622 0.639 0.854 0.743 0.345 0.730 0.312 0.636 0.706 
 148   (0.197) 0.063 0.246 0.183 0.200 0.208 0.205 0.426 0.127 0.208 0.062 0.063 0.378 0.048 0.671 0.208 0.074 
 138   (0.047) 0.010 0.017 0.206 0.045 0.037 0.041 0.043 0.016 0.033 0.030 0.003 0.267 0.022 0.006 0.037 0.210 
 150   (0.105) 0.073 0.053 0.012 0.103 0.119 0.101 0.027 0.235 0.119 0.054 0.191 0.011 0.200 0.012 0.118 0.010 

Locus 28 : 28 
6 alleles
0.9% missing data
 260   (0.381) 0.558 0.301 0.504 0.397 0.348 0.397 0.163 0.518 0.346 0.539 0.376 0.284 0.500 0.136 0.345 0.342 
 262   (0.512) 0.284 0.657 0.485 0.502 0.553 0.497 0.799 0.410 0.559 0.394 0.550 0.703 0.471 0.850 0.549 0.653 
 256   (0.075) 0.085 0.036 0.008 0.074 0.073 0.080 0.033 0.065 0.071 0.047 0.073 0.010 0.024 0.011 0.077 0.005 
 258   (0.011) 0.002 0.002 0.001 0.010 0.008 0.011 0.001 0.002 0.008 0.001 0.001 0.001 0.002 0.001 0.011 0.000 
 266   (0.006) 0.001 0.001 0.001 0.005 0.003 0.003 0.001 0.002 0.003 0.014 0.000 0.000 0.001 0.001 0.003 0.000 
 264   (0.015) 0.069 0.002 0.001 0.012 0.015 0.011 0.002 0.004 0.013 0.004 0.001 0.001 0.002 0.001 0.014 0.000 

Locus 29 : 29 
7 alleles
0.2% missing data
 146   (0.275) 0.466 0.348 0.294 0.291 0.281 0.305 0.453 0.164 0.289 0.145 0.334 0.082 0.486 0.035 0.262 0.167 
 150   (0.449) 0.352 0.406 0.429 0.447 0.486 0.442 0.480 0.582 0.488 0.605 0.287 0.170 0.173 0.140 0.490 0.710 
 140   (0.171) 0.146 0.172 0.032 0.168 0.157 0.167 0.042 0.226 0.154 0.136 0.058 0.685 0.115 0.813 0.163 0.079 
 148   (0.059) 0.012 0.048 0.229 0.052 0.041 0.047 0.016 0.017 0.038 0.049 0.319 0.057 0.143 0.006 0.045 0.038 
 152   (0.030) 0.021 0.005 0.003 0.029 0.025 0.029 0.004 0.006 0.023 0.062 0.002 0.003 0.063 0.003 0.030 0.001 
 151   (0.009) 0.002 0.003 0.012 0.007 0.005 0.005 0.001 0.003 0.004 0.001 0.001 0.002 0.007 0.001 0.006 0.005 
 142   (0.008) 0.001 0.019 0.001 0.006 0.004 0.004 0.003 0.002 0.004 0.001 0.000 0.001 0.013 0.001 0.004 0.001 

Locus 30 : 30 
6 alleles
0.2% missing data
 125   (0.287) 0.102 0.309 0.304 0.316 0.329 0.346 0.070 0.115 0.343 0.069 0.029 0.629 0.091 0.138 0.323 0.480 
 129   (0.439) 0.572 0.417 0.641 0.414 0.404 0.393 0.811 0.548 0.395 0.597 0.786 0.308 0.461 0.211 0.408 0.471 
 123   (0.147) 0.294 0.107 0.044 0.143 0.154 0.135 0.098 0.187 0.153 0.279 0.100 0.049 0.091 0.017 0.148 0.046 
 121   (0.012) 0.003 0.003 0.001 0.011 0.009 0.008 0.002 0.002 0.008 0.002 0.001 0.001 0.002 0.040 0.009 0.000 
 127   (0.080) 0.017 0.157 0.007 0.077 0.068 0.077 0.013 0.072 0.065 0.040 0.081 0.009 0.348 0.590 0.072 0.002 
 131   (0.036) 0.012 0.007 0.003 0.040 0.036 0.040 0.007 0.076 0.036 0.013 0.002 0.003 0.007 0.004 0.040 0.001 

Locus 31 : 31 
6 alleles
0.2% missing data
 159   (0.173) 0.415 0.304 0.111 0.163 0.191 0.157 0.066 0.299 0.193 0.173 0.011 0.063 0.048 0.020 0.194 0.139 
 155   (0.552) 0.370 0.422 0.851 0.576 0.553 0.596 0.195 0.307 0.560 0.629 0.711 0.600 0.495 0.526 0.550 0.691 
 157   (0.185) 0.188 0.252 0.029 0.175 0.181 0.168 0.044 0.317 0.179 0.175 0.020 0.294 0.438 0.113 0.182 0.090 
 153   (0.054) 0.019 0.011 0.005 0.054 0.044 0.052 0.690 0.069 0.041 0.017 0.003 0.038 0.012 0.100 0.044 0.076 
 151   (0.029) 0.006 0.011 0.003 0.026 0.026 0.024 0.005 0.006 0.024 0.004 0.254 0.004 0.006 0.240 0.026 0.002 
 163   (0.006) 0.002 0.001 0.001 0.005 0.004 0.004 0.001 0.002 0.003 0.002 0.000 0.001 0.001 0.001 0.004 0.001 

Locus 32 : 32 
5 alleles
0.0% missing data
 146   (0.317) 0.322 0.263 0.051 0.339 0.355 0.364 0.466 0.275 0.368 0.338 0.315 0.065 0.219 0.583 0.340 0.064 
 150   (0.579) 0.569 0.509 0.870 0.566 0.568 0.551 0.505 0.677 0.561 0.625 0.638 0.924 0.403 0.405 0.574 0.859 
 148   (0.056) 0.058 0.119 0.073 0.048 0.036 0.041 0.011 0.016 0.034 0.011 0.045 0.006 0.363 0.006 0.043 0.076 
 154   (0.033) 0.008 0.106 0.005 0.035 0.031 0.034 0.010 0.014 0.029 0.006 0.002 0.004 0.008 0.004 0.033 0.001 
 152   (0.015) 0.043 0.003 0.001 0.013 0.010 0.010 0.008 0.019 0.009 0.020 0.001 0.002 0.007 0.002 0.011 0.000 

Locus 33 : 33 
7 alleles
0.0% missing data
 180   (0.464) 0.309 0.524 0.365 0.470 0.454 0.471 0.205 0.415 0.454 0.435 0.670 0.428 0.514 0.696 0.460 0.610 
 196   (0.114) 0.155 0.048 0.206 0.113 0.106 0.106 0.452 0.104 0.100 0.105 0.007 0.124 0.024 0.012 0.106 0.185 
 184   (0.197) 0.420 0.284 0.120 0.192 0.196 0.197 0.071 0.079 0.193 0.335 0.071 0.421 0.085 0.268 0.189 0.147 
 194   (0.010) 0.002 0.002 0.031 0.008 0.005 0.005 0.002 0.002 0.004 0.001 0.001 0.001 0.003 0.001 0.005 0.040 
 192   (0.134) 0.087 0.100 0.013 0.130 0.152 0.132 0.249 0.277 0.158 0.108 0.180 0.015 0.357 0.015 0.158 0.005 
 190   (0.016) 0.010 0.022 0.002 0.013 0.013 0.010 0.002 0.099 0.011 0.004 0.001 0.002 0.003 0.002 0.012 0.000 
 198   (0.064) 0.017 0.020 0.264 0.075 0.073 0.079 0.019 0.024 0.080 0.011 0.070 0.009 0.015 0.007 0.071 0.012 

Locus 34 : 34 
6 alleles
0.0% missing data
 110   (0.184) 0.099 0.226 0.166 0.185 0.168 0.188 0.051 0.194 0.171 0.080 0.071 0.272 0.162 0.213 0.166 0.374 
 112   (0.356) 0.538 0.284 0.735 0.357 0.356 0.363 0.282 0.293 0.355 0.375 0.056 0.071 0.435 0.040 0.364 0.515 
 106   (0.280) 0.237 0.414 0.079 0.271 0.298 0.255 0.621 0.387 0.304 0.436 0.712 0.575 0.137 0.221 0.296 0.087 
  90   (0.039) 0.009 0.008 0.006 0.035 0.033 0.030 0.007 0.033 0.031 0.007 0.002 0.065 0.234 0.406 0.032 0.017 
 108   (0.131) 0.116 0.066 0.014 0.144 0.139 0.158 0.038 0.090 0.134 0.100 0.113 0.016 0.029 0.118 0.135 0.007 
  96   (0.010) 0.002 0.002 0.001 0.008 0.006 0.006 0.002 0.002 0.005 0.002 0.046 0.001 0.003 0.001 0.007 0.000 

Locus 35 : 35 
9 alleles
0.0% missing data
 166   (0.060) 0.031 0.055 0.188 0.054 0.042 0.045 0.048 0.040 0.037 0.164 0.004 0.011 0.122 0.008 0.044 0.290 
 176   (0.096) 0.029 0.223 0.380 0.095 0.105 0.096 0.023 0.027 0.102 0.015 0.015 0.023 0.034 0.011 0.103 0.130 
 172   (0.328) 0.401 0.132 0.213 0.344 0.309 0.344 0.421 0.422 0.314 0.425 0.587 0.450 0.258 0.041 0.300 0.452 
 170   (0.274) 0.231 0.519 0.153 0.260 0.254 0.259 0.434 0.203 0.251 0.205 0.326 0.481 0.197 0.612 0.261 0.120 
 174   (0.132) 0.034 0.048 0.015 0.136 0.185 0.143 0.054 0.261 0.189 0.157 0.061 0.013 0.363 0.015 0.180 0.005 
 178   (0.040) 0.096 0.008 0.044 0.038 0.034 0.037 0.007 0.016 0.034 0.010 0.003 0.016 0.011 0.005 0.040 0.002 
 168   (0.050) 0.021 0.013 0.005 0.056 0.057 0.060 0.010 0.024 0.061 0.023 0.003 0.005 0.012 0.306 0.057 0.001 
 186   (0.013) 0.157 0.002 0.001 0.012 0.009 0.011 0.003 0.005 0.008 0.002 0.001 0.001 0.002 0.001 0.009 0.000 
 158   (0.006) 0.001 0.001 0.001 0.006 0.004 0.005 0.001 0.001 0.004 0.001 0.000 0.001 0.001 0.001 0.005 0.000 

Locus 36 : 36 
6 alleles
0.0% missing data
  89   (0.567) 0.817 0.494 0.717 0.580 0.574 0.591 0.563 0.724 0.583 0.552 0.508 0.231 0.638 0.371 0.568 0.662 
  95   (0.059) 0.026 0.084 0.021 0.056 0.044 0.052 0.014 0.047 0.039 0.132 0.004 0.040 0.015 0.007 0.047 0.082 
  85   (0.169) 0.081 0.147 0.221 0.156 0.170 0.143 0.377 0.069 0.164 0.167 0.232 0.268 0.291 0.496 0.170 0.224 
  81   (0.065) 0.014 0.180 0.007 0.064 0.085 0.066 0.019 0.044 0.088 0.031 0.004 0.009 0.017 0.008 0.087 0.006 
  83   (0.125) 0.059 0.093 0.033 0.129 0.116 0.137 0.023 0.112 0.118 0.109 0.250 0.450 0.036 0.014 0.116 0.027 
  91   (0.015) 0.003 0.003 0.001 0.015 0.011 0.012 0.004 0.004 0.009 0.009 0.001 0.001 0.003 0.104 0.012 0.000 

Locus 37 : 37 
10 alleles
0.0% missing data
 161   (0.344) 0.156 0.398 0.535 0.343 0.396 0.355 0.111 0.348 0.406 0.266 0.377 0.089 0.434 0.428 0.384 0.581 
 165   (0.228) 0.198 0.178 0.277 0.241 0.216 0.247 0.420 0.175 0.215 0.354 0.096 0.060 0.093 0.133 0.212 0.163 
 159   (0.013) 0.003 0.002 0.009 0.012 0.010 0.009 0.002 0.003 0.009 0.005 0.001 0.001 0.003 0.001 0.010 0.036 
 173   (0.253) 0.406 0.390 0.079 0.244 0.232 0.236 0.391 0.342 0.226 0.175 0.516 0.156 0.400 0.223 0.243 0.124 
 169   (0.106) 0.209 0.022 0.095 0.105 0.102 0.100 0.069 0.105 0.102 0.121 0.007 0.689 0.059 0.209 0.100 0.085 
 167   (0.017) 0.004 0.003 0.002 0.018 0.015 0.016 0.003 0.019 0.015 0.003 0.002 0.002 0.004 0.002 0.016 0.009 
 168   (0.011) 0.002 0.002 0.001 0.010 0.008 0.011 0.001 0.002 0.008 0.001 0.001 0.001 0.002 0.001 0.010 0.000 
 155   (0.014) 0.005 0.003 0.001 0.015 0.013 0.017 0.002 0.003 0.013 0.002 0.001 0.001 0.003 0.001 0.017 0.000 
 177   (0.006) 0.001 0.001 0.001 0.006 0.005 0.005 0.001 0.002 0.004 0.001 0.000 0.000 0.002 0.001 0.004 0.000 
 175   (0.008) 0.017 0.001 0.001 0.006 0.004 0.004 0.001 0.002 0.003 0.072 0.000 0.001 0.001 0.001 0.004 0.000 

Locus 38 : 38 
6 alleles
0.4% missing data
  87   (0.090) 0.047 0.115 0.141 0.080 0.069 0.070 0.040 0.131 0.066 0.029 0.129 0.012 0.020 0.556 0.072 0.173 
  89   (0.439) 0.582 0.211 0.674 0.457 0.483 0.473 0.173 0.452 0.489 0.682 0.090 0.748 0.400 0.051 0.474 0.589 
  91   (0.161) 0.104 0.207 0.025 0.168 0.167 0.169 0.055 0.170 0.174 0.046 0.188 0.199 0.096 0.207 0.163 0.132 
  81   (0.122) 0.095 0.225 0.081 0.119 0.105 0.117 0.034 0.055 0.104 0.064 0.115 0.012 0.428 0.014 0.112 0.081 
  85   (0.181) 0.171 0.241 0.079 0.172 0.172 0.168 0.695 0.190 0.165 0.177 0.478 0.028 0.054 0.171 0.175 0.024 
  83   (0.006) 0.001 0.001 0.001 0.005 0.003 0.003 0.002 0.001 0.003 0.001 0.000 0.001 0.002 0.001 0.003 0.003 

Locus 39 : 39 
4 alleles
0.4% missing data
 167   (0.792) 0.922 0.948 0.928 0.786 0.807 0.771 0.938 0.852 0.808 0.665 0.857 0.933 0.803 0.681 0.795 0.910 
 161   (0.175) 0.071 0.045 0.069 0.181 0.165 0.199 0.056 0.111 0.165 0.235 0.141 0.060 0.184 0.315 0.175 0.089 
 165   (0.027) 0.006 0.005 0.003 0.027 0.023 0.025 0.004 0.034 0.023 0.099 0.002 0.007 0.013 0.003 0.026 0.001 
 177   (0.006) 0.001 0.001 0.001 0.006 0.005 0.006 0.002 0.002 0.004 0.001 0.001 0.001 0.001 0.001 0.004 0.000 

Locus 40 : 40 
6 alleles
0.2% missing data
 228   (0.419) 0.564 0.442 0.656 0.404 0.400 0.389 0.572 0.474 0.395 0.456 0.228 0.726 0.623 0.547 0.398 0.520 
 238   (0.342) 0.325 0.264 0.270 0.353 0.375 0.365 0.123 0.295 0.383 0.345 0.117 0.072 0.093 0.082 0.382 0.324 
 224   (0.021) 0.004 0.014 0.045 0.017 0.012 0.014 0.003 0.005 0.011 0.003 0.001 0.002 0.229 0.002 0.012 0.091 
 236   (0.102) 0.023 0.115 0.017 0.102 0.087 0.103 0.041 0.102 0.082 0.041 0.394 0.188 0.026 0.356 0.089 0.062 
 232   (0.012) 0.003 0.002 0.002 0.010 0.018 0.010 0.004 0.003 0.019 0.002 0.001 0.001 0.002 0.001 0.016 0.000 
 240   (0.104) 0.082 0.164 0.010 0.114 0.107 0.119 0.257 0.121 0.110 0.153 0.260 0.011 0.027 0.012 0.103 0.002 

Locus 41 : 41 
7 alleles
0.0% missing data
 128   (0.121) 0.066 0.072 0.066 0.118 0.120 0.108 0.049 0.160 0.119 0.301 0.032 0.241 0.236 0.013 0.116 0.137 
 130   (0.529) 0.423 0.516 0.595 0.544 0.555 0.562 0.559 0.537 0.568 0.386 0.783 0.686 0.521 0.059 0.556 0.612 
 114   (0.052) 0.011 0.076 0.040 0.049 0.042 0.046 0.012 0.016 0.038 0.008 0.003 0.032 0.010 0.504 0.046 0.111 
 132   (0.127) 0.397 0.151 0.281 0.117 0.120 0.112 0.319 0.107 0.116 0.160 0.045 0.020 0.030 0.014 0.116 0.132 
 118   (0.058) 0.043 0.011 0.006 0.057 0.055 0.051 0.039 0.096 0.052 0.094 0.130 0.009 0.026 0.203 0.055 0.002 
 134   (0.106) 0.058 0.173 0.012 0.110 0.103 0.116 0.021 0.084 0.102 0.051 0.007 0.012 0.174 0.206 0.107 0.006 
 136   (0.006) 0.001 0.001 0.001 0.005 0.004 0.004 0.001 0.001 0.003 0.001 0.000 0.001 0.001 0.001 0.004 0.000 

Locus 42 : 42 
6 alleles
1.3% missing data
 102   (0.281) 0.361 0.414 0.438 0.280 0.243 0.275 0.458 0.360 0.231 0.286 0.478 0.081 0.230 0.575 0.238 0.415 
 104   (0.405) 0.398 0.326 0.148 0.415 0.420 0.421 0.172 0.514 0.427 0.558 0.413 0.102 0.679 0.050 0.429 0.196 
  92   (0.107) 0.179 0.086 0.277 0.105 0.142 0.109 0.019 0.047 0.147 0.021 0.007 0.013 0.033 0.051 0.138 0.108 
  96   (0.071) 0.015 0.054 0.066 0.070 0.075 0.073 0.018 0.019 0.080 0.029 0.004 0.707 0.018 0.097 0.070 0.061 
  98   (0.130) 0.044 0.119 0.070 0.125 0.116 0.118 0.332 0.058 0.112 0.106 0.098 0.096 0.038 0.226 0.120 0.220 
 106   (0.006) 0.002 0.002 0.001 0.005 0.004 0.004 0.002 0.001 0.003 0.001 0.000 0.001 0.002 0.001 0.004 0.000 

Locus 43 : 43 
6 alleles
1.6% missing data
 101   (0.310) 0.296 0.466 0.215 0.307 0.328 0.299 0.714 0.302 0.331 0.212 0.179 0.091 0.207 0.037 0.334 0.471 
 103   (0.315) 0.578 0.281 0.369 0.309 0.279 0.302 0.099 0.372 0.269 0.449 0.352 0.454 0.134 0.229 0.293 0.176 
  99   (0.141) 0.042 0.066 0.216 0.145 0.173 0.163 0.030 0.057 0.177 0.101 0.009 0.071 0.593 0.421 0.160 0.030 
  95   (0.211) 0.079 0.183 0.198 0.217 0.202 0.214 0.153 0.265 0.207 0.235 0.459 0.382 0.061 0.176 0.196 0.322 
  97   (0.016) 0.003 0.003 0.001 0.016 0.013 0.018 0.002 0.003 0.013 0.002 0.001 0.001 0.003 0.136 0.014 0.000 
  91   (0.006) 0.001 0.001 0.001 0.006 0.004 0.005 0.001 0.001 0.004 0.001 0.000 0.001 0.001 0.001 0.004 0.000 

Locus 44 : 44 
7 alleles
0.2% missing data
 177   (0.079) 0.077 0.065 0.163 0.082 0.067 0.079 0.017 0.041 0.064 0.052 0.005 0.010 0.016 0.010 0.073 0.065 
 191   (0.278) 0.272 0.305 0.109 0.288 0.288 0.308 0.077 0.324 0.296 0.129 0.099 0.055 0.334 0.280 0.292 0.187 
 181   (0.583) 0.639 0.616 0.723 0.570 0.592 0.558 0.898 0.622 0.589 0.727 0.862 0.931 0.570 0.522 0.579 0.747 
 179   (0.037) 0.008 0.010 0.004 0.041 0.040 0.041 0.005 0.008 0.040 0.005 0.002 0.003 0.075 0.186 0.043 0.001 
 183   (0.009) 0.002 0.002 0.001 0.008 0.007 0.007 0.002 0.002 0.006 0.003 0.001 0.001 0.002 0.001 0.007 0.000 
 193   (0.007) 0.002 0.001 0.001 0.005 0.004 0.004 0.001 0.001 0.003 0.083 0.000 0.001 0.001 0.001 0.004 0.000 
 189   (0.006) 0.001 0.001 0.001 0.005 0.003 0.003 0.001 0.001 0.002 0.001 0.030 0.000 0.001 0.001 0.003 0.000 

Locus 45 : 45 
6 alleles
0.9% missing data
 205   (0.464) 0.633 0.538 0.545 0.475 0.454 0.491 0.229 0.393 0.457 0.543 0.405 0.867 0.528 0.248 0.454 0.505 
 211   (0.233) 0.192 0.184 0.107 0.231 0.267 0.234 0.377 0.166 0.274 0.099 0.274 0.046 0.302 0.343 0.269 0.251 
 207   (0.144) 0.106 0.090 0.192 0.139 0.121 0.133 0.355 0.195 0.114 0.241 0.201 0.065 0.050 0.017 0.127 0.124 
 201   (0.072) 0.051 0.082 0.119 0.065 0.073 0.059 0.018 0.164 0.075 0.022 0.005 0.012 0.023 0.381 0.070 0.069 
 215   (0.079) 0.017 0.105 0.036 0.080 0.076 0.073 0.020 0.080 0.071 0.094 0.114 0.009 0.096 0.010 0.075 0.051 
 202   (0.008) 0.002 0.001 0.001 0.010 0.008 0.011 0.001 0.002 0.009 0.002 0.000 0.001 0.002 0.001 0.006 0.000 

Locus 46 : 46 
10 alleles
1.1% missing data
 144   (0.066) 0.014 0.014 0.080 0.062 0.070 0.057 0.031 0.091 0.071 0.026 0.129 0.053 0.055 0.008 0.066 0.255 
 158   (0.157) 0.101 0.266 0.399 0.152 0.146 0.158 0.038 0.181 0.144 0.032 0.082 0.035 0.196 0.020 0.150 0.114 
 168   (0.137) 0.031 0.137 0.068 0.152 0.139 0.170 0.057 0.064 0.146 0.041 0.106 0.057 0.032 0.211 0.132 0.224 
 166   (0.141) 0.109 0.085 0.123 0.130 0.121 0.119 0.032 0.077 0.113 0.356 0.391 0.464 0.041 0.123 0.127 0.323 
 142   (0.373) 0.580 0.439 0.299 0.385 0.354 0.381 0.729 0.552 0.355 0.470 0.283 0.376 0.650 0.048 0.363 0.080 
 170   (0.013) 0.003 0.004 0.001 0.012 0.021 0.012 0.002 0.003 0.023 0.002 0.001 0.002 0.003 0.002 0.020 0.001 
 156   (0.024) 0.071 0.005 0.013 0.022 0.017 0.019 0.003 0.007 0.014 0.004 0.001 0.002 0.005 0.467 0.018 0.001 
 162   (0.042) 0.020 0.038 0.004 0.042 0.053 0.037 0.008 0.010 0.050 0.062 0.003 0.005 0.008 0.115 0.050 0.001 
 164   (0.041) 0.069 0.011 0.011 0.037 0.074 0.044 0.100 0.013 0.080 0.006 0.002 0.005 0.008 0.004 0.069 0.001 
 160   (0.006) 0.001 0.001 0.001 0.005 0.004 0.004 0.001 0.001 0.004 0.001 0.000 0.001 0.001 0.001 0.005 0.000 

Locus 47 : 47 
7 alleles
8.7% missing data
 149   (0.343) 0.401 0.084 0.190 0.357 0.345 0.358 0.093 0.340 0.351 0.425 0.336 0.470 0.522 0.354 0.348 0.212 
 151   (0.180) 0.269 0.372 0.574 0.167 0.165 0.162 0.040 0.182 0.160 0.110 0.012 0.121 0.335 0.084 0.165 0.207 
 153   (0.203) 0.185 0.178 0.130 0.201 0.188 0.198 0.458 0.313 0.185 0.400 0.025 0.109 0.073 0.031 0.196 0.365 
 147   (0.029) 0.006 0.005 0.031 0.026 0.037 0.024 0.006 0.009 0.036 0.004 0.002 0.003 0.008 0.005 0.037 0.034 
 145   (0.226) 0.136 0.358 0.073 0.233 0.241 0.242 0.400 0.152 0.243 0.057 0.624 0.295 0.056 0.522 0.232 0.180 
 152   (0.007) 0.001 0.002 0.001 0.005 0.004 0.004 0.001 0.002 0.004 0.001 0.000 0.001 0.003 0.001 0.004 0.002 
 143   (0.013) 0.002 0.002 0.001 0.012 0.021 0.012 0.002 0.003 0.021 0.002 0.001 0.001 0.003 0.002 0.018 0.000 

Values of parameters used in structure:
DATAFILE=temp2_no_plains.str,	OUTFILE=k16/temp2_no_plains_k16_run6,	NUMINDS=450,	NUMLOCI=47,	MISSING=-9,	LABEL=1,	POPDATA=1,	POPFLAG=0,	PHENOTYPE=0,	EXTRACOLS=0,	MAXPOPS=16,	BURNIN=500000,	NUMREPS=750000,	USEPOPINFO=0,	INFERALPHA=1,	INFERLAMBDA=0,	POPSPECIFICLAMBDA=0,	POPALPHAS=0,	COMPUTEPROB=1,	NOADMIX=0,	ADMBURNIN=500,	UPDATEFREQ=100,	PRINTLIKES=0,	INTERMEDSAVE=0,	PRINTKLD=0,	PRINTNET=1,	PRINTLAMBDA=1,	ANCESTDIST=0,	NUMBOXES=1000,	ANCESTPINT=0.90000,	GENSBACK=2,	MIGRPRIOR=0.01000,	PRINTQHAT=0,	PRINTQSUM=1,	ALPHA=1.0000,	FREQSCORR=1,	FPRIORMEAN=0.0100,	FPRIORSD=0.0500,	ONEFST=0,	LAMBDA=1.0000,	UNIFPRIORALPHA=1,	ALPHAMAX=10.0000,	ALPHAPRIORA=1.0000,	ALPHAPRIORB=2.0000,	ALPHAPROPSD=0.0250,	STARTATPOPINFO=0,	RANDOMIZE=0,	LINKAGE=0,	METROFREQ=10,	REPORTHITRATE=0,	MARKOVPHASE=0,	PHASED=1,	PLOIDY=2,	PHASEINFO=0	LOCPRIOR=0, 	LOCPRIORINIT=1.000000, 	LOCDATA=0, 	LOCISPOP=1, 	LOCPRIORSTEP=0.100000, 	MAXLOCPRIOR=20.000000, 	SEED=934036,	
[STRAT parameters]:    NUMSIMSTATS=1000,	PHENOTYPECOL=-9,	POOLFREQ=10,	LOCUSxONLY=0,	EMERROR=0.00100,	MISSINGPHENO=-9,	