

----------------------------------------------------
STRUCTURE by Pritchard, Stephens and Donnelly (2000)
     and Falush, Stephens and Pritchard (2003)
       Code by Pritchard, Falush and Hubisz
             Version 2.3.4 (Jul 2012)
----------------------------------------------------



Command line arguments:   structure -D 323327 -K 16 -m mainparams -o k16/temp2_no_plains_k16_run7 
Input File:    temp2_no_plains.str

Run parameters:
   450 individuals
   47 loci
   16 populations assumed
   500000 Burn-in period
   750000 Reps
RANDOMIZE turned off


--------------------------------------------
Proportion of membership of each pre-defined
 population in each of the 16 clusters

Given    Inferred Clusters                                                                                                  Number of
 Pop       1      2      3      4      5      6      7      8      9     10     11     12     13     14     15     16      Individuals

  1:     0.004  0.011  0.009  0.010  0.010  0.012  0.010  0.006  0.010  0.008  0.010  0.036  0.010  0.011  0.010  0.833       63
  2:     0.006  0.007  0.010  0.007  0.012  0.014  0.013  0.010  0.011  0.007  0.010  0.012  0.012  0.015  0.014  0.838       20
  3:     0.004  0.013  0.010  0.015  0.010  0.035  0.019  0.008  0.011  0.006  0.019  0.107  0.019  0.022  0.019  0.682       21
  4:     0.004  0.006  0.007  0.009  0.015  0.012  0.007  0.007  0.009  0.005  0.007  0.541  0.007  0.007  0.007  0.351       31
  5:     0.005  0.020  0.010  0.006  0.013  0.006  0.008  0.005  0.006  0.004  0.010  0.017  0.008  0.010  0.009  0.863       21
  6:     0.005  0.034  0.023  0.018  0.006  0.754  0.020  0.022  0.015  0.011  0.015  0.012  0.017  0.017  0.020  0.011       25
  7:     0.011  0.023  0.012  0.050  0.012  0.020  0.043  0.036  0.014  0.014  0.049  0.131  0.050  0.044  0.052  0.437        8
  8:     0.005  0.010  0.024  0.007  0.339  0.009  0.009  0.004  0.009  0.005  0.007  0.019  0.009  0.009  0.009  0.524       17
  9:     0.003  0.004  0.005  0.005  0.003  0.006  0.005  0.005  0.005  0.931  0.005  0.004  0.005  0.005  0.005  0.005       29
 10:     0.965  0.002  0.002  0.003  0.003  0.003  0.003  0.002  0.002  0.002  0.003  0.002  0.003  0.003  0.003  0.002        9
 11:     0.009  0.055  0.017  0.122  0.009  0.047  0.158  0.024  0.016  0.014  0.113  0.015  0.125  0.124  0.144  0.010       26
 12:     0.010  0.109  0.124  0.137  0.011  0.023  0.094  0.046  0.037  0.011  0.099  0.012  0.096  0.083  0.096  0.012       74
 13:     0.007  0.108  0.281  0.061  0.010  0.018  0.064  0.070  0.081  0.014  0.064  0.013  0.067  0.062  0.064  0.017       35
 14:     0.009  0.190  0.194  0.028  0.007  0.021  0.042  0.013  0.295  0.008  0.030  0.013  0.044  0.036  0.045  0.025       24
 15:     0.010  0.037  0.023  0.139  0.007  0.032  0.145  0.011  0.018  0.026  0.120  0.011  0.133  0.130  0.139  0.020       43
 16:     0.003  0.017  0.011  0.087  0.050  0.013  0.157  0.012  0.009  0.009  0.177  0.012  0.180  0.103  0.146  0.013        4
--------------------------------------------

Allele-freq. divergence among pops (Net nucleotide distance),
computed using point estimates of P.

      1       2       3       4       5       6       7       8       9      10      11      12      13      14      15      16      
 1      -    0.1264  0.1318  0.1042  0.2007  0.1075  0.0994  0.1710  0.1394  0.1339  0.1028  0.1441  0.1020  0.1007  0.0993  0.1454  
 2   0.1264     -    0.0259  0.0211  0.1259  0.0392  0.0172  0.0604  0.0344  0.0746  0.0199  0.0615  0.0167  0.0182  0.0169  0.0489  
 3   0.1318  0.0259     -    0.0273  0.1217  0.0429  0.0216  0.0699  0.0338  0.0770  0.0248  0.0678  0.0208  0.0228  0.0214  0.0473  
 4   0.1042  0.0211  0.0273     -    0.1052  0.0222  0.0046  0.0590  0.0363  0.0605  0.0031  0.0425  0.0049  0.0061  0.0043  0.0325  
 5   0.2007  0.1259  0.1217  0.1052     -    0.1212  0.1007  0.1526  0.1542  0.1592  0.1037  0.1325  0.0983  0.1036  0.0996  0.1035  
 6   0.1075  0.0392  0.0429  0.0222  0.1212     -    0.0203  0.0629  0.0470  0.0619  0.0240  0.0576  0.0213  0.0235  0.0201  0.0462  
 7   0.0994  0.0172  0.0216  0.0046  0.1007  0.0203     -    0.0513  0.0318  0.0547  0.0015  0.0391  0.0004  0.0008  0.0001  0.0315  
 8   0.1710  0.0604  0.0699  0.0590  0.1526  0.0629  0.0513     -    0.0788  0.1094  0.0549  0.0832  0.0514  0.0524  0.0510  0.0798  
 9   0.1394  0.0344  0.0338  0.0363  0.1542  0.0470  0.0318  0.0788     -    0.0809  0.0341  0.0704  0.0320  0.0322  0.0312  0.0663  
10   0.1339  0.0746  0.0770  0.0605  0.1592  0.0619  0.0547  0.1094  0.0809     -    0.0578  0.0951  0.0560  0.0557  0.0543  0.0820  
11   0.1028  0.0199  0.0248  0.0031  0.1037  0.0240  0.0015  0.0549  0.0341  0.0578     -    0.0406  0.0020  0.0011  0.0014  0.0322  
12   0.1441  0.0615  0.0678  0.0425  0.1325  0.0576  0.0391  0.0832  0.0704  0.0951  0.0406     -    0.0404  0.0400  0.0389  0.0409  
13   0.1020  0.0167  0.0208  0.0049  0.0983  0.0213  0.0004  0.0514  0.0320  0.0560  0.0020  0.0404     -    0.0015  0.0003  0.0313  
14   0.1007  0.0182  0.0228  0.0061  0.1036  0.0235  0.0008  0.0524  0.0322  0.0557  0.0011  0.0400  0.0015     -    0.0009  0.0329  
15   0.0993  0.0169  0.0214  0.0043  0.0996  0.0201  0.0001  0.0510  0.0312  0.0543  0.0014  0.0389  0.0003  0.0009     -    0.0308  
16   0.1454  0.0489  0.0473  0.0325  0.1035  0.0462  0.0315  0.0798  0.0663  0.0820  0.0322  0.0409  0.0313  0.0329  0.0308     -    

Average distances (expected heterozygosity) between individuals in same cluster:
cluster  1  : 0.5332 
cluster  2  : 0.5822 
cluster  3  : 0.5547 
cluster  4  : 0.6228 
cluster  5  : 0.4351 
cluster  6  : 0.5933 
cluster  7  : 0.6396 
cluster  8  : 0.5318 
cluster  9  : 0.5546 
cluster 10  : 0.5437 
cluster 11  : 0.6277 
cluster 12  : 0.5371 
cluster 13  : 0.6378 
cluster 14  : 0.6332 
cluster 15  : 0.6408 
cluster 16  : 0.5370 

--------------------------------------------
Estimated Ln Prob of Data   = -48870.3
Mean value of ln likelihood = -46028.8
Variance of ln likelihood   = 5683.0
Mean value of alpha         = 0.0354

Mean value of Fst_1         = 0.3111
Mean value of Fst_2         = 0.1027
Mean value of Fst_3         = 0.1181
Mean value of Fst_4         = 0.0477
Mean value of Fst_5         = 0.4022
Mean value of Fst_6         = 0.0957
Mean value of Fst_7         = 0.0323
Mean value of Fst_8         = 0.2513
Mean value of Fst_9         = 0.1662
Mean value of Fst_10         = 0.2140
Mean value of Fst_11         = 0.0752
Mean value of Fst_12         = 0.1789
Mean value of Fst_13         = 0.0399
Mean value of Fst_14         = 0.0636
Mean value of Fst_15         = 0.0307
Mean value of Fst_16         = 0.1408


Inferred ancestry of individuals:
        Label (%Miss) Pop:  Inferred clusters
  1      221    (0)    1 :  0.003 0.007 0.010 0.009 0.005 0.020 0.008 0.003 0.007 0.002 0.009 0.009 0.007 0.007 0.008 0.889 
  2      222    (0)    1 :  0.004 0.007 0.008 0.008 0.007 0.007 0.010 0.010 0.004 0.009 0.011 0.504 0.009 0.009 0.010 0.384 
  3      223    (0)    1 :  0.004 0.011 0.012 0.021 0.008 0.009 0.010 0.006 0.005 0.003 0.014 0.008 0.011 0.011 0.010 0.857 
  4      224    (0)    1 :  0.001 0.002 0.003 0.003 0.006 0.004 0.003 0.004 0.002 0.004 0.003 0.005 0.003 0.003 0.003 0.950 
  5      225    (0)    1 :  0.002 0.004 0.004 0.005 0.004 0.003 0.007 0.004 0.003 0.004 0.006 0.007 0.006 0.007 0.006 0.929 
  6      226    (0)    1 :  0.006 0.004 0.003 0.009 0.005 0.012 0.005 0.008 0.002 0.002 0.005 0.004 0.004 0.005 0.005 0.921 
  7      227    (0)    1 :  0.016 0.007 0.005 0.016 0.005 0.036 0.011 0.004 0.005 0.005 0.011 0.003 0.009 0.010 0.010 0.846 
  8      228    (0)    1 :  0.003 0.010 0.031 0.009 0.013 0.007 0.010 0.009 0.004 0.005 0.010 0.007 0.010 0.011 0.011 0.850 
  9      234    (0)    1 :  0.003 0.004 0.005 0.004 0.005 0.003 0.004 0.004 0.004 0.002 0.004 0.008 0.004 0.004 0.004 0.937 
 10      235    (0)    1 :  0.004 0.003 0.003 0.003 0.004 0.004 0.004 0.002 0.002 0.002 0.003 0.009 0.004 0.004 0.004 0.946 
 11      236    (0)    1 :  0.002 0.002 0.003 0.003 0.015 0.005 0.003 0.002 0.002 0.002 0.003 0.004 0.003 0.003 0.003 0.949 
 12      237    (0)    1 :  0.002 0.007 0.004 0.005 0.002 0.003 0.004 0.004 0.005 0.002 0.005 0.009 0.004 0.004 0.004 0.937 
 13      238    (0)    1 :  0.003 0.014 0.005 0.010 0.003 0.025 0.009 0.004 0.006 0.012 0.008 0.040 0.009 0.009 0.009 0.834 
 14      239    (0)    1 :  0.007 0.008 0.017 0.036 0.024 0.064 0.029 0.007 0.009 0.014 0.029 0.016 0.024 0.027 0.029 0.660 
 15      240    (0)    1 :  0.002 0.003 0.003 0.004 0.007 0.006 0.004 0.004 0.004 0.003 0.004 0.006 0.004 0.004 0.004 0.940 
 16      242    (0)    1 :  0.001 0.023 0.019 0.088 0.003 0.011 0.064 0.008 0.006 0.002 0.052 0.252 0.045 0.063 0.077 0.285 
 17      243    (0)    1 :  0.018 0.007 0.005 0.012 0.006 0.021 0.014 0.008 0.005 0.015 0.010 0.014 0.013 0.013 0.014 0.825 
 18      244    (0)    1 :  0.012 0.003 0.002 0.014 0.002 0.024 0.008 0.003 0.003 0.003 0.010 0.015 0.007 0.008 0.008 0.876 
 19      245    (0)    1 :  0.011 0.016 0.009 0.012 0.049 0.015 0.015 0.007 0.025 0.007 0.013 0.004 0.020 0.014 0.017 0.765 
 20      246    (0)    1 :  0.006 0.003 0.003 0.003 0.003 0.003 0.004 0.003 0.002 0.003 0.004 0.011 0.005 0.004 0.005 0.938 
 21      248    (0)    1 :  0.003 0.006 0.004 0.009 0.010 0.005 0.008 0.002 0.004 0.022 0.008 0.047 0.007 0.007 0.007 0.852 
 22      249    (0)    1 :  0.001 0.002 0.003 0.003 0.002 0.004 0.002 0.004 0.002 0.002 0.002 0.002 0.002 0.002 0.002 0.963 
 23      250    (0)    1 :  0.006 0.022 0.012 0.011 0.014 0.009 0.016 0.006 0.006 0.010 0.013 0.005 0.016 0.012 0.014 0.828 
 24      251    (0)    1 :  0.005 0.008 0.011 0.005 0.006 0.004 0.005 0.002 0.006 0.003 0.006 0.016 0.005 0.006 0.006 0.905 
 25      252    (0)    1 :  0.001 0.022 0.010 0.008 0.005 0.006 0.008 0.008 0.010 0.037 0.007 0.004 0.008 0.008 0.008 0.849 
 26      253    (0)    1 :  0.003 0.005 0.004 0.029 0.007 0.008 0.022 0.004 0.002 0.023 0.023 0.003 0.026 0.021 0.023 0.799 
 27      254    (0)    1 :  0.002 0.005 0.004 0.007 0.004 0.008 0.006 0.003 0.005 0.004 0.007 0.004 0.005 0.006 0.005 0.924 
 28      255    (0)    1 :  0.003 0.007 0.013 0.017 0.018 0.055 0.019 0.004 0.005 0.006 0.016 0.285 0.017 0.017 0.019 0.498 
 29      256    (0)    1 :  0.002 0.008 0.005 0.007 0.003 0.004 0.009 0.014 0.004 0.002 0.007 0.058 0.011 0.009 0.010 0.848 
 30      257    (0)    1 :  0.003 0.010 0.011 0.010 0.003 0.020 0.009 0.003 0.011 0.009 0.010 0.007 0.010 0.011 0.009 0.864 
 31      258    (0)    1 :  0.002 0.011 0.010 0.010 0.010 0.011 0.011 0.004 0.015 0.003 0.009 0.028 0.010 0.010 0.011 0.846 
 32      259    (0)    1 :  0.002 0.005 0.005 0.008 0.002 0.005 0.016 0.004 0.015 0.003 0.032 0.007 0.015 0.035 0.017 0.828 
 33      260    (0)    1 :  0.006 0.006 0.005 0.005 0.024 0.029 0.007 0.003 0.003 0.071 0.005 0.005 0.006 0.006 0.006 0.812 
 34      261    (0)    1 :  0.002 0.054 0.015 0.007 0.003 0.014 0.013 0.005 0.113 0.008 0.007 0.006 0.011 0.013 0.013 0.715 
 35      262    (0)    1 :  0.001 0.002 0.003 0.002 0.002 0.002 0.002 0.003 0.003 0.002 0.002 0.007 0.002 0.003 0.002 0.961 
 36      263    (0)    1 :  0.005 0.006 0.003 0.006 0.005 0.045 0.006 0.005 0.005 0.027 0.005 0.014 0.006 0.005 0.006 0.852 
 37      264    (0)    1 :  0.001 0.005 0.005 0.004 0.003 0.006 0.005 0.013 0.009 0.003 0.005 0.009 0.005 0.005 0.005 0.917 
 38      265    (0)    1 :  0.002 0.004 0.006 0.004 0.007 0.021 0.006 0.005 0.008 0.038 0.005 0.020 0.006 0.006 0.006 0.857 
 39      266    (0)    1 :  0.001 0.003 0.003 0.003 0.006 0.002 0.003 0.002 0.002 0.002 0.003 0.006 0.003 0.003 0.003 0.952 
 40      267    (0)    1 :  0.002 0.002 0.004 0.004 0.002 0.003 0.003 0.003 0.002 0.001 0.004 0.025 0.003 0.003 0.003 0.934 
 41      268    (0)    1 :  0.008 0.010 0.005 0.007 0.003 0.006 0.007 0.004 0.004 0.050 0.006 0.004 0.006 0.007 0.007 0.867 
 42      269    (0)    1 :  0.001 0.004 0.003 0.003 0.021 0.004 0.003 0.002 0.007 0.003 0.003 0.008 0.003 0.003 0.003 0.929 
 43      270    (0)    1 :  0.002 0.003 0.004 0.004 0.003 0.007 0.003 0.022 0.003 0.002 0.004 0.004 0.003 0.003 0.003 0.928 
 44      271    (0)    1 :  0.003 0.025 0.007 0.018 0.077 0.012 0.028 0.007 0.024 0.010 0.015 0.011 0.027 0.034 0.025 0.677 
 45      272    (0)    1 :  0.007 0.008 0.008 0.013 0.013 0.007 0.032 0.019 0.093 0.005 0.024 0.399 0.031 0.034 0.035 0.271 
 46      273    (0)    1 :  0.002 0.007 0.016 0.017 0.010 0.038 0.015 0.019 0.009 0.003 0.015 0.016 0.015 0.013 0.016 0.788 
 47      274    (0)    1 :  0.003 0.006 0.006 0.005 0.007 0.009 0.005 0.003 0.016 0.006 0.004 0.004 0.005 0.005 0.005 0.910 
 48      275    (2)    1 :  0.002 0.003 0.005 0.005 0.003 0.007 0.005 0.003 0.003 0.002 0.005 0.009 0.005 0.005 0.005 0.933 
 49      276    (0)    1 :  0.002 0.012 0.007 0.007 0.005 0.005 0.007 0.004 0.009 0.004 0.007 0.006 0.006 0.006 0.006 0.905 
 50      277    (0)    1 :  0.001 0.071 0.042 0.009 0.012 0.009 0.012 0.008 0.008 0.002 0.011 0.003 0.018 0.012 0.012 0.770 
 51      278    (0)    1 :  0.008 0.057 0.020 0.010 0.005 0.006 0.013 0.002 0.010 0.005 0.012 0.018 0.011 0.019 0.010 0.795 
 52      279    (0)    1 :  0.002 0.008 0.006 0.012 0.003 0.006 0.016 0.005 0.004 0.003 0.014 0.016 0.016 0.014 0.014 0.862 
 53      280    (0)    1 :  0.003 0.015 0.026 0.011 0.068 0.019 0.012 0.003 0.008 0.005 0.013 0.007 0.013 0.014 0.013 0.770 
 54      287    (0)    1 :  0.004 0.009 0.011 0.010 0.004 0.013 0.015 0.006 0.006 0.006 0.013 0.004 0.016 0.017 0.015 0.850 
 55      290    (0)    1 :  0.006 0.009 0.010 0.010 0.006 0.011 0.014 0.017 0.013 0.003 0.015 0.084 0.014 0.013 0.012 0.765 
 56      291    (0)    1 :  0.003 0.014 0.033 0.007 0.015 0.007 0.013 0.003 0.010 0.006 0.018 0.004 0.012 0.021 0.014 0.820 
 57      295    (0)    1 :  0.001 0.006 0.033 0.003 0.003 0.005 0.004 0.003 0.006 0.003 0.004 0.006 0.004 0.004 0.004 0.911 
 58      296    (0)    1 :  0.004 0.005 0.003 0.007 0.005 0.004 0.004 0.011 0.003 0.005 0.005 0.009 0.004 0.004 0.005 0.923 
 59      872    (2)    1 :  0.007 0.007 0.004 0.004 0.004 0.005 0.006 0.005 0.004 0.007 0.005 0.094 0.006 0.006 0.006 0.830 
 60      873    (4)    1 :  0.004 0.009 0.003 0.011 0.011 0.014 0.015 0.018 0.003 0.003 0.014 0.026 0.011 0.020 0.016 0.821 
 61      874    (2)    1 :  0.001 0.022 0.007 0.006 0.002 0.005 0.005 0.004 0.009 0.003 0.007 0.012 0.005 0.007 0.006 0.899 
 62      875    (0)    1 :  0.018 0.004 0.005 0.006 0.006 0.006 0.006 0.003 0.005 0.002 0.005 0.016 0.005 0.006 0.005 0.902 
 63      876    (6)    1 :  0.001 0.014 0.014 0.015 0.005 0.022 0.008 0.004 0.007 0.011 0.010 0.005 0.008 0.008 0.008 0.860 
 64      070    (0)   10 :  0.954 0.003 0.002 0.004 0.001 0.003 0.004 0.002 0.003 0.002 0.003 0.003 0.004 0.004 0.004 0.002 
 65      071    (0)   10 :  0.954 0.003 0.003 0.003 0.005 0.004 0.003 0.002 0.003 0.006 0.003 0.002 0.003 0.003 0.003 0.002 
 66      072    (0)   10 :  0.974 0.001 0.002 0.002 0.003 0.002 0.002 0.001 0.002 0.001 0.002 0.002 0.002 0.002 0.002 0.002 
 67      151    (0)   10 :  0.977 0.002 0.002 0.001 0.001 0.002 0.002 0.001 0.002 0.001 0.001 0.001 0.001 0.002 0.002 0.001 
 68      152    (0)   10 :  0.941 0.003 0.005 0.005 0.005 0.004 0.005 0.002 0.003 0.002 0.005 0.002 0.005 0.005 0.005 0.003 
 69      153    (2)   10 :  0.979 0.001 0.001 0.001 0.001 0.002 0.002 0.001 0.001 0.002 0.002 0.002 0.001 0.001 0.001 0.001 
 70      788    (4)   10 :  0.961 0.003 0.003 0.002 0.003 0.002 0.003 0.001 0.003 0.002 0.003 0.002 0.003 0.003 0.003 0.003 
 71      789    (2)   10 :  0.970 0.002 0.002 0.002 0.002 0.002 0.002 0.001 0.002 0.003 0.002 0.002 0.002 0.002 0.002 0.002 
 72      790    (0)   10 :  0.971 0.001 0.002 0.002 0.003 0.002 0.002 0.001 0.001 0.001 0.002 0.002 0.002 0.002 0.002 0.002 
 73      010    (0)   11 :  0.002 0.009 0.005 0.079 0.007 0.009 0.222 0.007 0.004 0.004 0.124 0.007 0.197 0.164 0.154 0.005 
 74      024    (0)   11 :  0.006 0.014 0.008 0.059 0.005 0.009 0.232 0.007 0.027 0.009 0.068 0.005 0.127 0.208 0.210 0.005 
 75      051    (0)   11 :  0.015 0.009 0.005 0.084 0.004 0.206 0.187 0.005 0.005 0.008 0.096 0.007 0.122 0.103 0.139 0.005 
 76      090    (0)   11 :  0.007 0.012 0.011 0.132 0.003 0.052 0.196 0.014 0.007 0.005 0.096 0.008 0.130 0.159 0.160 0.007 
 77      102    (0)   11 :  0.002 0.182 0.056 0.080 0.004 0.017 0.122 0.012 0.012 0.003 0.068 0.032 0.137 0.108 0.138 0.028 
 78      111    (0)   11 :  0.002 0.020 0.006 0.125 0.063 0.010 0.172 0.005 0.025 0.004 0.124 0.022 0.144 0.119 0.154 0.005 
 79      113    (0)   11 :  0.006 0.027 0.020 0.108 0.003 0.072 0.149 0.007 0.044 0.005 0.172 0.033 0.126 0.099 0.125 0.005 
 80      138    (0)   11 :  0.042 0.015 0.013 0.356 0.003 0.016 0.079 0.003 0.006 0.078 0.156 0.003 0.067 0.074 0.079 0.009 
 81      150    (0)   11 :  0.017 0.665 0.025 0.041 0.002 0.068 0.022 0.006 0.020 0.004 0.028 0.008 0.031 0.021 0.028 0.015 
 82      173    (2)   11 :  0.024 0.017 0.013 0.059 0.007 0.169 0.161 0.034 0.038 0.015 0.063 0.006 0.076 0.148 0.165 0.005 
 83      174    (2)   11 :  0.025 0.004 0.003 0.264 0.004 0.014 0.128 0.005 0.016 0.004 0.248 0.023 0.097 0.065 0.093 0.006 
 84      175    (0)   11 :  0.008 0.014 0.006 0.101 0.002 0.019 0.210 0.006 0.005 0.003 0.109 0.011 0.138 0.140 0.229 0.002 
 85      176    (0)   11 :  0.005 0.015 0.005 0.057 0.007 0.008 0.176 0.003 0.006 0.011 0.175 0.019 0.182 0.149 0.166 0.015 
 86      177    (0)   11 :  0.004 0.010 0.008 0.101 0.002 0.226 0.149 0.004 0.046 0.002 0.105 0.008 0.109 0.095 0.128 0.003 
 87      180    (0)   11 :  0.004 0.005 0.005 0.128 0.005 0.102 0.153 0.004 0.006 0.007 0.100 0.107 0.095 0.116 0.141 0.022 
 88      184    (0)   11 :  0.015 0.074 0.016 0.307 0.005 0.013 0.073 0.034 0.014 0.005 0.178 0.004 0.082 0.077 0.097 0.006 
 89      195    (0)   11 :  0.007 0.013 0.010 0.089 0.033 0.013 0.220 0.006 0.008 0.014 0.123 0.003 0.156 0.143 0.157 0.005 
 90      198    (0)   11 :  0.003 0.016 0.007 0.226 0.030 0.016 0.159 0.003 0.005 0.006 0.125 0.015 0.118 0.124 0.137 0.010 
 91      203    (0)   11 :  0.009 0.026 0.006 0.067 0.003 0.010 0.217 0.008 0.010 0.005 0.046 0.010 0.184 0.216 0.175 0.007 
 92      211    (0)   11 :  0.003 0.044 0.009 0.048 0.003 0.008 0.172 0.004 0.034 0.082 0.145 0.005 0.121 0.142 0.155 0.025 
 93      220    (0)   11 :  0.002 0.192 0.021 0.077 0.007 0.071 0.127 0.010 0.033 0.009 0.070 0.008 0.127 0.113 0.128 0.004 
 94      233    (0)   11 :  0.006 0.004 0.149 0.061 0.002 0.017 0.170 0.034 0.019 0.042 0.051 0.004 0.101 0.170 0.163 0.009 
 95      331    (0)   11 :  0.007 0.015 0.004 0.089 0.008 0.032 0.219 0.008 0.010 0.005 0.080 0.005 0.180 0.163 0.170 0.005 
 96      349    (0)   11 :  0.011 0.008 0.012 0.053 0.005 0.032 0.101 0.389 0.005 0.006 0.077 0.009 0.094 0.076 0.116 0.006 
 97      410    (0)   11 :  0.003 0.005 0.003 0.224 0.003 0.016 0.139 0.004 0.007 0.027 0.151 0.010 0.101 0.134 0.165 0.008 
 98      417    (2)   11 :  0.002 0.019 0.007 0.146 0.007 0.006 0.152 0.008 0.004 0.005 0.149 0.008 0.200 0.100 0.163 0.025 
 99      421    (0)   12 :  0.002 0.006 0.853 0.007 0.055 0.004 0.008 0.009 0.008 0.005 0.007 0.004 0.008 0.010 0.008 0.008 
100      423    (0)   12 :  0.008 0.017 0.004 0.098 0.003 0.009 0.202 0.023 0.003 0.003 0.123 0.010 0.185 0.145 0.162 0.006 
101      424    (0)   12 :  0.002 0.006 0.005 0.156 0.005 0.292 0.101 0.007 0.019 0.003 0.097 0.028 0.073 0.076 0.115 0.014 
102      433    (0)   12 :  0.002 0.178 0.114 0.122 0.002 0.007 0.064 0.003 0.030 0.014 0.130 0.004 0.187 0.046 0.092 0.004 
103      462    (0)   12 :  0.002 0.029 0.073 0.099 0.007 0.074 0.120 0.012 0.015 0.020 0.125 0.008 0.166 0.100 0.145 0.006 
104      463    (0)   12 :  0.003 0.012 0.006 0.112 0.019 0.007 0.180 0.048 0.006 0.004 0.137 0.005 0.151 0.125 0.176 0.010 
105      467    (0)   12 :  0.007 0.226 0.354 0.011 0.004 0.014 0.021 0.019 0.217 0.011 0.016 0.005 0.018 0.024 0.024 0.029 
106      468    (0)   12 :  0.003 0.023 0.086 0.008 0.027 0.008 0.009 0.766 0.011 0.002 0.008 0.008 0.010 0.007 0.008 0.016 
107      469    (0)   12 :  0.002 0.078 0.090 0.076 0.030 0.005 0.077 0.004 0.039 0.002 0.110 0.008 0.243 0.070 0.116 0.049 
108      472    (0)   12 :  0.005 0.019 0.032 0.044 0.014 0.009 0.165 0.006 0.004 0.008 0.150 0.002 0.141 0.200 0.194 0.007 
109      473    (0)   12 :  0.003 0.008 0.006 0.028 0.005 0.007 0.022 0.808 0.009 0.008 0.022 0.004 0.021 0.025 0.023 0.003 
110      474    (0)   12 :  0.001 0.938 0.004 0.004 0.002 0.004 0.003 0.015 0.004 0.006 0.003 0.003 0.003 0.003 0.003 0.005 
111      475    (0)   12 :  0.003 0.045 0.245 0.078 0.003 0.009 0.141 0.025 0.019 0.003 0.086 0.006 0.116 0.103 0.115 0.004 
112      476    (2)   12 :  0.008 0.902 0.004 0.004 0.002 0.004 0.006 0.019 0.012 0.010 0.005 0.005 0.006 0.006 0.006 0.003 
113      477    (0)   12 :  0.005 0.015 0.015 0.080 0.003 0.008 0.147 0.013 0.006 0.017 0.143 0.005 0.233 0.115 0.187 0.007 
114      478    (0)   12 :  0.002 0.012 0.020 0.060 0.004 0.015 0.161 0.004 0.159 0.003 0.070 0.049 0.097 0.154 0.179 0.011 
115      479    (0)   12 :  0.004 0.602 0.044 0.173 0.017 0.010 0.014 0.004 0.003 0.003 0.060 0.006 0.018 0.013 0.014 0.014 
116      480    (0)   12 :  0.002 0.009 0.895 0.007 0.001 0.004 0.007 0.019 0.021 0.002 0.006 0.004 0.006 0.006 0.006 0.003 
117      481    (0)   12 :  0.051 0.094 0.022 0.141 0.004 0.014 0.147 0.016 0.008 0.003 0.104 0.010 0.095 0.132 0.153 0.006 
118      482    (0)   12 :  0.002 0.009 0.019 0.114 0.077 0.017 0.149 0.004 0.129 0.048 0.103 0.005 0.086 0.122 0.114 0.004 
119      489    (0)   12 :  0.005 0.008 0.017 0.086 0.006 0.007 0.205 0.023 0.017 0.015 0.114 0.006 0.174 0.129 0.184 0.004 
120      490    (0)   12 :  0.004 0.006 0.008 0.581 0.006 0.011 0.020 0.003 0.025 0.003 0.253 0.009 0.017 0.019 0.020 0.016 
121      491    (0)   12 :  0.009 0.025 0.020 0.095 0.008 0.072 0.169 0.008 0.006 0.109 0.057 0.004 0.098 0.173 0.142 0.005 
122      492    (0)   12 :  0.003 0.818 0.005 0.009 0.003 0.007 0.011 0.022 0.012 0.010 0.011 0.037 0.013 0.012 0.012 0.013 
123      493    (0)   12 :  0.009 0.663 0.066 0.018 0.005 0.019 0.036 0.004 0.004 0.005 0.034 0.003 0.063 0.028 0.036 0.008 
124      494    (0)   12 :  0.025 0.031 0.228 0.174 0.010 0.016 0.099 0.010 0.009 0.035 0.107 0.004 0.082 0.078 0.090 0.004 
125      498    (0)   12 :  0.008 0.076 0.008 0.105 0.003 0.007 0.156 0.042 0.006 0.004 0.103 0.013 0.097 0.166 0.185 0.021 
126      499    (0)   12 :  0.004 0.021 0.008 0.073 0.003 0.044 0.223 0.006 0.022 0.007 0.064 0.006 0.144 0.197 0.170 0.011 
127      709    (0)   12 :  0.086 0.024 0.006 0.153 0.017 0.012 0.136 0.004 0.016 0.011 0.114 0.009 0.124 0.121 0.159 0.009 
128      710    (4)   12 :  0.006 0.016 0.136 0.076 0.008 0.003 0.086 0.006 0.005 0.003 0.147 0.004 0.293 0.096 0.110 0.006 
129      711    (2)   12 :  0.006 0.012 0.018 0.071 0.023 0.106 0.147 0.007 0.006 0.004 0.096 0.059 0.136 0.137 0.157 0.015 
130      712    (4)   12 :  0.002 0.006 0.009 0.633 0.004 0.009 0.008 0.003 0.007 0.003 0.266 0.007 0.017 0.009 0.010 0.006 
131      713    (0)   12 :  0.004 0.008 0.003 0.062 0.022 0.008 0.224 0.010 0.006 0.008 0.049 0.005 0.180 0.215 0.191 0.004 
132      714    (2)   12 :  0.017 0.341 0.416 0.011 0.005 0.019 0.025 0.035 0.013 0.002 0.021 0.008 0.025 0.024 0.027 0.010 
133      715    (4)   12 :  0.013 0.021 0.642 0.020 0.014 0.025 0.019 0.003 0.082 0.032 0.024 0.014 0.016 0.023 0.021 0.032 
134      716    (0)   12 :  0.002 0.728 0.125 0.011 0.005 0.005 0.018 0.004 0.016 0.004 0.014 0.005 0.024 0.015 0.021 0.003 
135      717    (2)   12 :  0.003 0.014 0.021 0.046 0.008 0.011 0.104 0.010 0.263 0.010 0.050 0.092 0.144 0.124 0.093 0.007 
136      718    (4)   12 :  0.002 0.017 0.021 0.496 0.010 0.020 0.019 0.004 0.004 0.002 0.273 0.007 0.074 0.019 0.021 0.011 
137      719    (0)   12 :  0.002 0.004 0.952 0.003 0.004 0.002 0.003 0.003 0.005 0.002 0.004 0.002 0.003 0.004 0.004 0.003 
138      720    (2)   12 :  0.002 0.025 0.425 0.035 0.009 0.009 0.063 0.012 0.049 0.013 0.067 0.006 0.172 0.030 0.076 0.007 
139      721    (0)   12 :  0.037 0.472 0.026 0.045 0.012 0.018 0.071 0.024 0.018 0.006 0.054 0.005 0.084 0.047 0.076 0.004 
140      722    (4)   12 :  0.002 0.055 0.512 0.011 0.022 0.006 0.013 0.087 0.170 0.002 0.020 0.006 0.059 0.006 0.016 0.011 
141      723    (0)   12 :  0.007 0.024 0.869 0.007 0.001 0.003 0.015 0.002 0.009 0.005 0.009 0.006 0.011 0.015 0.014 0.003 
142      724    (0)   12 :  0.005 0.117 0.667 0.010 0.061 0.007 0.018 0.010 0.011 0.009 0.012 0.010 0.016 0.018 0.017 0.012 
143      725    (0)   12 :  0.004 0.009 0.026 0.055 0.010 0.014 0.203 0.020 0.012 0.011 0.148 0.008 0.125 0.177 0.173 0.005 
144      726    (0)   12 :  0.006 0.210 0.011 0.066 0.010 0.007 0.135 0.032 0.013 0.005 0.072 0.003 0.198 0.092 0.137 0.004 
145      727    (0)   12 :  0.010 0.354 0.014 0.072 0.008 0.013 0.106 0.007 0.012 0.011 0.099 0.003 0.098 0.099 0.090 0.005 
146      728    (2)   12 :  0.103 0.009 0.010 0.056 0.009 0.011 0.145 0.003 0.008 0.006 0.076 0.012 0.181 0.153 0.208 0.008 
147      729    (6)   12 :  0.005 0.008 0.019 0.086 0.004 0.014 0.162 0.003 0.036 0.004 0.093 0.005 0.172 0.172 0.210 0.005 
148      730    (2)   12 :  0.007 0.007 0.038 0.460 0.013 0.011 0.041 0.002 0.039 0.005 0.232 0.009 0.039 0.043 0.042 0.011 
149      731    (2)   12 :  0.002 0.008 0.005 0.549 0.005 0.005 0.018 0.006 0.003 0.002 0.287 0.005 0.057 0.020 0.022 0.008 
150      732    (0)   12 :  0.003 0.173 0.012 0.056 0.006 0.010 0.113 0.008 0.017 0.006 0.150 0.011 0.169 0.102 0.156 0.008 
151      733    (0)   12 :  0.004 0.023 0.020 0.097 0.033 0.013 0.156 0.003 0.020 0.003 0.109 0.008 0.231 0.091 0.178 0.011 
152      734    (2)   12 :  0.009 0.028 0.006 0.089 0.001 0.054 0.138 0.004 0.051 0.092 0.092 0.006 0.136 0.138 0.147 0.009 
153      735    (4)   12 :  0.004 0.009 0.048 0.121 0.007 0.032 0.166 0.060 0.009 0.007 0.069 0.008 0.143 0.184 0.127 0.005 
154      736    (2)   12 :  0.018 0.020 0.006 0.265 0.003 0.016 0.132 0.004 0.006 0.024 0.162 0.005 0.119 0.101 0.117 0.004 
155      737    (0)   12 :  0.013 0.013 0.003 0.460 0.004 0.018 0.038 0.013 0.005 0.004 0.229 0.032 0.058 0.040 0.056 0.012 
156      738    (2)   12 :  0.003 0.014 0.007 0.271 0.003 0.087 0.090 0.004 0.007 0.005 0.199 0.005 0.108 0.088 0.099 0.009 
157      739    (8)   12 :  0.014 0.014 0.036 0.487 0.004 0.012 0.039 0.010 0.011 0.007 0.233 0.005 0.039 0.038 0.045 0.008 
158      740    (4)   12 :  0.002 0.032 0.071 0.386 0.015 0.004 0.054 0.004 0.006 0.002 0.232 0.005 0.073 0.052 0.057 0.005 
159      741    (2)   12 :  0.002 0.017 0.015 0.133 0.024 0.010 0.106 0.025 0.062 0.019 0.098 0.077 0.136 0.087 0.132 0.057 
160      742    (4)   12 :  0.006 0.012 0.015 0.281 0.002 0.081 0.121 0.005 0.006 0.005 0.159 0.019 0.085 0.089 0.103 0.011 
161      743    (2)   12 :  0.002 0.056 0.095 0.012 0.004 0.007 0.015 0.003 0.722 0.013 0.013 0.005 0.015 0.016 0.015 0.007 
162      744    (0)   12 :  0.033 0.040 0.095 0.079 0.003 0.007 0.205 0.004 0.009 0.005 0.105 0.005 0.124 0.130 0.151 0.004 
163      745    (0)   12 :  0.014 0.011 0.353 0.055 0.016 0.007 0.092 0.009 0.041 0.005 0.047 0.024 0.085 0.108 0.090 0.043 
164      746    (2)   12 :  0.004 0.006 0.010 0.277 0.011 0.010 0.135 0.004 0.003 0.005 0.122 0.037 0.113 0.116 0.141 0.004 
165      747    (2)   12 :  0.006 0.017 0.013 0.388 0.006 0.059 0.066 0.015 0.004 0.024 0.182 0.008 0.061 0.055 0.064 0.033 
166      748    (0)   12 :  0.006 0.107 0.005 0.043 0.015 0.073 0.116 0.111 0.003 0.016 0.043 0.029 0.085 0.122 0.140 0.086 
167      749    (2)   12 :  0.013 0.003 0.006 0.065 0.033 0.055 0.196 0.003 0.017 0.019 0.070 0.007 0.129 0.166 0.213 0.007 
168      750    (4)   12 :  0.005 0.007 0.006 0.122 0.006 0.011 0.196 0.005 0.047 0.005 0.098 0.019 0.141 0.138 0.187 0.008 
169      751    (0)   12 :  0.016 0.008 0.013 0.074 0.008 0.050 0.202 0.012 0.023 0.007 0.074 0.007 0.111 0.175 0.211 0.010 
170      752    (2)   12 :  0.002 0.044 0.085 0.014 0.003 0.005 0.007 0.778 0.009 0.003 0.011 0.005 0.009 0.007 0.007 0.012 
171      753    (4)   12 :  0.010 0.016 0.052 0.071 0.014 0.036 0.148 0.053 0.008 0.028 0.108 0.006 0.156 0.166 0.106 0.021 
172      754    (2)   12 :  0.003 0.007 0.003 0.664 0.002 0.004 0.006 0.003 0.010 0.003 0.271 0.003 0.007 0.006 0.006 0.003 
173      155    (0)   13 :  0.004 0.027 0.007 0.061 0.006 0.008 0.217 0.005 0.010 0.040 0.080 0.007 0.121 0.181 0.205 0.022 
174      156    (2)   13 :  0.121 0.004 0.009 0.076 0.007 0.008 0.154 0.004 0.034 0.005 0.190 0.007 0.126 0.103 0.138 0.014 
175      157    (2)   13 :  0.002 0.005 0.007 0.578 0.004 0.006 0.015 0.020 0.021 0.010 0.259 0.005 0.023 0.022 0.021 0.004 
176      158    (0)   13 :  0.004 0.023 0.026 0.048 0.006 0.028 0.170 0.003 0.004 0.007 0.128 0.009 0.159 0.184 0.194 0.007 
177      159    (0)   13 :  0.011 0.032 0.013 0.119 0.113 0.012 0.171 0.012 0.004 0.003 0.080 0.007 0.096 0.151 0.164 0.012 
178      160    (0)   13 :  0.003 0.688 0.014 0.086 0.004 0.029 0.021 0.005 0.014 0.010 0.043 0.003 0.025 0.019 0.023 0.015 
179      161    (0)   13 :  0.003 0.029 0.008 0.226 0.010 0.009 0.064 0.009 0.020 0.009 0.201 0.003 0.221 0.063 0.119 0.004 
180      162    (0)   13 :  0.005 0.130 0.028 0.038 0.002 0.014 0.161 0.012 0.076 0.005 0.023 0.006 0.151 0.233 0.109 0.007 
181      163    (2)   13 :  0.009 0.004 0.007 0.175 0.002 0.047 0.181 0.014 0.013 0.003 0.191 0.008 0.118 0.098 0.127 0.004 
182      164    (0)   13 :  0.002 0.008 0.022 0.089 0.005 0.014 0.179 0.037 0.008 0.018 0.060 0.010 0.141 0.209 0.156 0.042 
183      165    (2)   13 :  0.003 0.004 0.003 0.020 0.003 0.002 0.111 0.003 0.003 0.003 0.351 0.004 0.149 0.225 0.111 0.004 
184      427    (0)   13 :  0.009 0.018 0.747 0.009 0.023 0.014 0.012 0.004 0.013 0.096 0.009 0.003 0.012 0.014 0.012 0.006 
185      428    (0)   13 :  0.003 0.038 0.806 0.006 0.015 0.036 0.010 0.021 0.006 0.004 0.009 0.005 0.014 0.009 0.010 0.007 
186      429    (0)   13 :  0.003 0.009 0.393 0.006 0.007 0.006 0.011 0.008 0.501 0.003 0.007 0.008 0.009 0.011 0.012 0.005 
187      430    (0)   13 :  0.002 0.150 0.012 0.069 0.005 0.064 0.139 0.027 0.026 0.004 0.062 0.051 0.134 0.095 0.137 0.023 
188      431    (0)   13 :  0.002 0.378 0.155 0.024 0.007 0.012 0.031 0.006 0.187 0.005 0.025 0.024 0.040 0.026 0.033 0.047 
189      435    (0)   13 :  0.002 0.061 0.603 0.008 0.003 0.004 0.007 0.008 0.266 0.002 0.006 0.005 0.008 0.006 0.007 0.003 
190      436    (0)   13 :  0.002 0.742 0.175 0.005 0.007 0.003 0.005 0.003 0.023 0.003 0.005 0.004 0.006 0.005 0.005 0.006 
191      437    (0)   13 :  0.002 0.579 0.126 0.013 0.031 0.004 0.020 0.008 0.008 0.004 0.023 0.007 0.079 0.016 0.025 0.054 
192      438    (0)   13 :  0.008 0.123 0.486 0.029 0.013 0.017 0.032 0.037 0.009 0.002 0.040 0.018 0.089 0.022 0.038 0.036 
193      439    (0)   13 :  0.006 0.091 0.188 0.127 0.004 0.015 0.097 0.040 0.032 0.004 0.085 0.031 0.076 0.090 0.105 0.010 
194      441    (0)   13 :  0.001 0.004 0.005 0.002 0.001 0.003 0.003 0.956 0.003 0.003 0.002 0.004 0.003 0.003 0.003 0.003 
195      442    (0)   13 :  0.006 0.010 0.590 0.009 0.003 0.011 0.018 0.017 0.069 0.189 0.012 0.003 0.017 0.016 0.019 0.011 
196      443    (4)   13 :  0.002 0.009 0.906 0.010 0.003 0.011 0.005 0.011 0.004 0.002 0.007 0.004 0.006 0.006 0.006 0.009 
197      444    (4)   13 :  0.004 0.006 0.908 0.005 0.008 0.007 0.007 0.002 0.010 0.008 0.006 0.003 0.007 0.007 0.007 0.006 
198      445    (2)   13 :  0.006 0.020 0.306 0.045 0.010 0.004 0.088 0.010 0.006 0.004 0.094 0.005 0.196 0.052 0.113 0.041 
199      446    (0)   13 :  0.003 0.005 0.006 0.004 0.002 0.004 0.004 0.002 0.946 0.004 0.004 0.003 0.004 0.004 0.004 0.003 
200      447    (0)   13 :  0.004 0.042 0.527 0.018 0.007 0.009 0.022 0.003 0.254 0.007 0.015 0.003 0.022 0.023 0.020 0.022 
201      449    (0)   13 :  0.002 0.009 0.941 0.003 0.003 0.003 0.003 0.003 0.005 0.005 0.003 0.004 0.004 0.003 0.004 0.005 
202      460    (0)   13 :  0.002 0.019 0.541 0.015 0.007 0.007 0.025 0.144 0.086 0.006 0.027 0.007 0.035 0.032 0.030 0.017 
203      461    (0)   13 :  0.002 0.215 0.130 0.089 0.008 0.049 0.080 0.006 0.021 0.008 0.072 0.013 0.104 0.077 0.103 0.023 
204      484    (0)   13 :  0.008 0.006 0.036 0.060 0.004 0.161 0.083 0.016 0.067 0.013 0.056 0.158 0.057 0.075 0.088 0.113 
205      485    (0)   13 :  0.002 0.092 0.764 0.016 0.002 0.003 0.014 0.011 0.011 0.005 0.017 0.004 0.027 0.012 0.015 0.004 
206      486    (0)   13 :  0.001 0.003 0.002 0.002 0.002 0.002 0.002 0.973 0.002 0.002 0.002 0.002 0.002 0.002 0.002 0.002 
207      487    (0)   13 :  0.003 0.193 0.334 0.037 0.006 0.013 0.069 0.011 0.086 0.011 0.036 0.007 0.059 0.066 0.061 0.007 
208      178    (0)   14 :  0.005 0.263 0.111 0.066 0.003 0.010 0.089 0.010 0.036 0.006 0.071 0.003 0.167 0.057 0.100 0.004 
209      422    (0)   14 :  0.003 0.051 0.508 0.028 0.003 0.006 0.011 0.004 0.300 0.003 0.020 0.006 0.017 0.012 0.012 0.016 
210      425    (0)   14 :  0.001 0.163 0.053 0.015 0.006 0.007 0.020 0.005 0.653 0.003 0.014 0.002 0.014 0.019 0.019 0.005 
211      426    (0)   14 :  0.118 0.052 0.015 0.054 0.003 0.204 0.105 0.004 0.086 0.024 0.047 0.004 0.064 0.101 0.115 0.004 
212      432    (0)   14 :  0.008 0.022 0.269 0.053 0.009 0.035 0.134 0.009 0.025 0.009 0.054 0.008 0.085 0.128 0.143 0.010 
213      434    (0)   14 :  0.002 0.003 0.005 0.003 0.004 0.004 0.003 0.002 0.952 0.003 0.003 0.004 0.003 0.003 0.003 0.003 
214      440    (0)   14 :  0.003 0.114 0.073 0.033 0.002 0.035 0.092 0.025 0.310 0.013 0.062 0.007 0.077 0.069 0.081 0.005 
215      448    (2)   14 :  0.002 0.008 0.812 0.011 0.039 0.010 0.007 0.007 0.020 0.012 0.008 0.028 0.011 0.007 0.009 0.010 
216      456    (0)   14 :  0.003 0.174 0.026 0.040 0.004 0.017 0.129 0.005 0.030 0.009 0.088 0.081 0.091 0.108 0.135 0.059 
217      457    (0)   14 :  0.005 0.199 0.278 0.042 0.009 0.020 0.075 0.033 0.032 0.005 0.038 0.024 0.066 0.084 0.074 0.018 
218      458    (0)   14 :  0.007 0.458 0.021 0.080 0.005 0.039 0.079 0.010 0.026 0.017 0.054 0.005 0.042 0.063 0.082 0.011 
219      459    (0)   14 :  0.003 0.011 0.852 0.015 0.002 0.011 0.012 0.008 0.011 0.005 0.014 0.004 0.019 0.011 0.014 0.007 
220      464    (0)   14 :  0.005 0.205 0.533 0.012 0.003 0.005 0.021 0.014 0.095 0.011 0.016 0.004 0.031 0.019 0.021 0.004 
221      465    (0)   14 :  0.001 0.506 0.010 0.011 0.002 0.004 0.008 0.006 0.406 0.002 0.009 0.006 0.009 0.008 0.008 0.004 
222      466    (0)   14 :  0.002 0.067 0.338 0.038 0.015 0.009 0.057 0.016 0.050 0.005 0.071 0.007 0.193 0.025 0.088 0.021 
223      470    (0)   14 :  0.002 0.342 0.459 0.009 0.003 0.012 0.007 0.101 0.018 0.006 0.007 0.006 0.008 0.008 0.008 0.003 
224      471    (0)   14 :  0.033 0.020 0.188 0.019 0.024 0.047 0.037 0.006 0.451 0.003 0.026 0.029 0.033 0.037 0.038 0.008 
225      483    (0)   14 :  0.002 0.004 0.007 0.009 0.002 0.006 0.005 0.004 0.927 0.005 0.007 0.003 0.005 0.005 0.005 0.003 
226      488    (0)   14 :  0.002 0.913 0.011 0.010 0.002 0.006 0.007 0.004 0.003 0.004 0.007 0.003 0.008 0.007 0.007 0.007 
227      495    (0)   14 :  0.001 0.068 0.031 0.017 0.002 0.006 0.010 0.003 0.787 0.003 0.013 0.017 0.010 0.009 0.009 0.014 
228      496    (0)   14 :  0.002 0.863 0.011 0.011 0.005 0.005 0.010 0.004 0.041 0.002 0.011 0.004 0.009 0.012 0.009 0.002 
229      497    (0)   14 :  0.002 0.006 0.012 0.005 0.004 0.002 0.009 0.002 0.868 0.029 0.005 0.025 0.008 0.009 0.008 0.005 
230      500    (0)   14 :  0.004 0.044 0.038 0.077 0.015 0.007 0.071 0.037 0.008 0.003 0.071 0.026 0.085 0.050 0.082 0.383 
231      879    (0)   14 :  0.002 0.003 0.006 0.004 0.001 0.005 0.003 0.005 0.946 0.006 0.004 0.002 0.003 0.003 0.003 0.003 
232      036    (0)   15 :  0.004 0.013 0.014 0.051 0.011 0.005 0.246 0.005 0.008 0.002 0.072 0.004 0.108 0.212 0.239 0.006 
233      063    (2)   15 :  0.004 0.014 0.024 0.084 0.003 0.041 0.127 0.009 0.009 0.014 0.161 0.030 0.212 0.108 0.148 0.012 
234      094    (4)   15 :  0.005 0.127 0.020 0.258 0.012 0.017 0.097 0.007 0.007 0.009 0.113 0.012 0.063 0.089 0.106 0.059 
235      103    (4)   15 :  0.002 0.003 0.005 0.022 0.003 0.003 0.109 0.005 0.004 0.004 0.346 0.011 0.146 0.226 0.109 0.003 
236      112    (0)   15 :  0.004 0.005 0.006 0.332 0.003 0.042 0.119 0.011 0.006 0.006 0.161 0.007 0.088 0.104 0.101 0.006 
237      114    (2)   15 :  0.003 0.058 0.011 0.098 0.007 0.004 0.172 0.014 0.011 0.004 0.093 0.004 0.156 0.167 0.193 0.005 
238      120    (0)   15 :  0.003 0.048 0.007 0.520 0.013 0.016 0.032 0.006 0.007 0.004 0.223 0.006 0.039 0.026 0.034 0.015 
239      127    (2)   15 :  0.003 0.115 0.004 0.069 0.005 0.064 0.179 0.078 0.006 0.006 0.064 0.005 0.104 0.130 0.161 0.007 
240      147    (0)   15 :  0.052 0.010 0.011 0.056 0.005 0.199 0.180 0.007 0.012 0.006 0.074 0.005 0.104 0.122 0.155 0.002 
241      166    (0)   15 :  0.032 0.108 0.022 0.074 0.003 0.101 0.153 0.004 0.005 0.020 0.083 0.008 0.116 0.135 0.131 0.004 
242      167    (0)   15 :  0.005 0.067 0.012 0.048 0.009 0.006 0.153 0.013 0.103 0.004 0.031 0.051 0.148 0.228 0.114 0.006 
243      168    (0)   15 :  0.003 0.007 0.010 0.066 0.015 0.004 0.201 0.003 0.006 0.004 0.070 0.004 0.173 0.261 0.170 0.004 
244      169    (2)   15 :  0.005 0.129 0.041 0.057 0.006 0.046 0.131 0.004 0.079 0.004 0.070 0.006 0.123 0.168 0.122 0.008 
245      170    (0)   15 :  0.005 0.005 0.010 0.127 0.004 0.016 0.200 0.022 0.007 0.035 0.143 0.005 0.124 0.131 0.152 0.013 
246      171    (2)   15 :  0.011 0.005 0.007 0.065 0.003 0.031 0.172 0.004 0.005 0.004 0.241 0.009 0.159 0.110 0.117 0.057 
247      172    (0)   15 :  0.014 0.043 0.006 0.512 0.014 0.018 0.029 0.002 0.016 0.005 0.212 0.012 0.039 0.031 0.032 0.015 
248      185    (0)   15 :  0.005 0.014 0.059 0.040 0.002 0.034 0.177 0.017 0.027 0.005 0.110 0.009 0.156 0.203 0.138 0.004 
249      199    (2)   15 :  0.005 0.020 0.006 0.059 0.006 0.007 0.169 0.008 0.004 0.213 0.080 0.003 0.145 0.163 0.108 0.005 
250      339    (0)   15 :  0.005 0.263 0.013 0.029 0.002 0.009 0.122 0.006 0.120 0.006 0.016 0.012 0.124 0.193 0.074 0.005 
251      355    (0)   15 :  0.015 0.004 0.004 0.068 0.002 0.008 0.255 0.004 0.002 0.076 0.080 0.006 0.159 0.167 0.147 0.003 
252      356    (0)   15 :  0.004 0.027 0.005 0.513 0.007 0.006 0.038 0.026 0.006 0.006 0.214 0.003 0.041 0.038 0.061 0.003 
253      357    (0)   15 :  0.013 0.031 0.007 0.132 0.010 0.016 0.132 0.020 0.006 0.018 0.139 0.004 0.114 0.156 0.193 0.007 
254      358    (0)   15 :  0.007 0.007 0.010 0.058 0.002 0.009 0.226 0.019 0.007 0.004 0.059 0.041 0.136 0.172 0.235 0.008 
255      359    (0)   15 :  0.002 0.008 0.005 0.248 0.002 0.019 0.162 0.003 0.015 0.009 0.134 0.020 0.112 0.116 0.141 0.004 
256      360    (0)   15 :  0.010 0.019 0.016 0.063 0.005 0.020 0.193 0.006 0.021 0.005 0.128 0.003 0.160 0.164 0.174 0.013 
257      361    (0)   15 :  0.002 0.048 0.014 0.551 0.003 0.010 0.023 0.004 0.041 0.003 0.225 0.006 0.023 0.018 0.022 0.005 
258      362    (0)   15 :  0.005 0.019 0.021 0.067 0.002 0.074 0.113 0.003 0.118 0.005 0.049 0.011 0.087 0.116 0.110 0.200 
259      363    (0)   15 :  0.013 0.015 0.014 0.057 0.005 0.325 0.125 0.010 0.007 0.043 0.055 0.011 0.081 0.098 0.134 0.006 
260      364    (0)   15 :  0.004 0.089 0.008 0.068 0.004 0.014 0.128 0.020 0.004 0.050 0.064 0.009 0.083 0.110 0.132 0.213 
261      365    (0)   15 :  0.017 0.082 0.020 0.069 0.002 0.005 0.159 0.008 0.008 0.003 0.079 0.005 0.201 0.148 0.184 0.008 
262      366    (0)   15 :  0.026 0.010 0.004 0.094 0.002 0.013 0.250 0.003 0.004 0.003 0.078 0.011 0.110 0.198 0.190 0.004 
263      367    (0)   15 :  0.010 0.005 0.007 0.100 0.006 0.006 0.202 0.030 0.004 0.003 0.117 0.017 0.145 0.166 0.170 0.012 
264      368    (0)   15 :  0.016 0.005 0.004 0.056 0.008 0.006 0.201 0.050 0.004 0.004 0.172 0.014 0.174 0.127 0.141 0.018 
265      369    (0)   15 :  0.005 0.005 0.004 0.094 0.003 0.008 0.227 0.003 0.006 0.005 0.175 0.005 0.183 0.107 0.169 0.003 
266      370    (0)   15 :  0.014 0.015 0.009 0.277 0.009 0.014 0.104 0.004 0.008 0.008 0.156 0.029 0.125 0.085 0.139 0.004 
267      371    (0)   15 :  0.003 0.006 0.010 0.078 0.006 0.004 0.224 0.003 0.009 0.007 0.091 0.009 0.147 0.185 0.204 0.015 
268      372    (0)   15 :  0.004 0.054 0.467 0.012 0.003 0.047 0.013 0.002 0.009 0.327 0.011 0.003 0.011 0.013 0.013 0.011 
269      373    (0)   15 :  0.003 0.008 0.011 0.101 0.003 0.005 0.093 0.002 0.011 0.050 0.142 0.007 0.295 0.091 0.175 0.005 
270      380    (0)   15 :  0.006 0.034 0.008 0.107 0.038 0.029 0.152 0.002 0.005 0.011 0.083 0.009 0.156 0.143 0.203 0.015 
271      388    (0)   15 :  0.007 0.007 0.006 0.316 0.004 0.022 0.109 0.003 0.005 0.018 0.130 0.010 0.136 0.076 0.141 0.009 
272      418    (0)   15 :  0.006 0.010 0.007 0.089 0.023 0.015 0.107 0.007 0.004 0.051 0.153 0.004 0.254 0.091 0.167 0.013 
273      419    (0)   15 :  0.005 0.009 0.013 0.098 0.009 0.006 0.115 0.007 0.005 0.003 0.168 0.005 0.282 0.091 0.180 0.005 
274      420    (0)   15 :  0.042 0.027 0.035 0.091 0.003 0.014 0.129 0.010 0.016 0.060 0.086 0.010 0.157 0.123 0.158 0.038 
275      409    (0)   16 :  0.002 0.026 0.018 0.097 0.111 0.013 0.129 0.008 0.006 0.004 0.231 0.006 0.158 0.079 0.106 0.007 
276      414    (0)   16 :  0.003 0.012 0.006 0.077 0.016 0.015 0.157 0.008 0.013 0.008 0.249 0.007 0.174 0.103 0.137 0.015 
277      415    (2)   16 :  0.004 0.009 0.004 0.097 0.004 0.011 0.209 0.027 0.007 0.013 0.123 0.010 0.160 0.138 0.179 0.006 
278      416    (0)   16 :  0.003 0.021 0.018 0.079 0.071 0.010 0.132 0.004 0.011 0.010 0.105 0.024 0.230 0.094 0.163 0.024 
279      571    (0)    2 :  0.004 0.009 0.020 0.005 0.004 0.027 0.007 0.032 0.014 0.004 0.007 0.016 0.007 0.007 0.007 0.830 
280      572    (0)    2 :  0.006 0.003 0.003 0.010 0.009 0.038 0.015 0.011 0.004 0.004 0.015 0.047 0.017 0.015 0.015 0.789 
281      573    (2)    2 :  0.001 0.004 0.005 0.005 0.004 0.003 0.007 0.009 0.005 0.003 0.006 0.006 0.006 0.007 0.007 0.923 
282      574    (0)    2 :  0.003 0.007 0.005 0.008 0.015 0.005 0.011 0.004 0.008 0.002 0.008 0.009 0.011 0.010 0.010 0.884 
283      575    (2)    2 :  0.008 0.005 0.008 0.009 0.006 0.064 0.015 0.006 0.005 0.008 0.013 0.015 0.015 0.016 0.015 0.792 
284      576    (0)    2 :  0.001 0.003 0.003 0.003 0.003 0.003 0.003 0.003 0.003 0.002 0.003 0.005 0.003 0.003 0.003 0.957 
285      577    (0)    2 :  0.002 0.006 0.005 0.005 0.009 0.006 0.008 0.011 0.011 0.008 0.010 0.016 0.008 0.012 0.009 0.874 
286      578    (0)    2 :  0.002 0.005 0.005 0.003 0.051 0.004 0.004 0.004 0.006 0.008 0.004 0.004 0.004 0.004 0.004 0.888 
287      579    (0)    2 :  0.002 0.012 0.008 0.003 0.008 0.004 0.004 0.002 0.008 0.004 0.004 0.003 0.004 0.005 0.004 0.924 
288      580    (0)    2 :  0.002 0.003 0.003 0.003 0.002 0.003 0.003 0.003 0.005 0.002 0.003 0.004 0.003 0.003 0.003 0.955 
289      581    (0)    2 :  0.003 0.005 0.005 0.003 0.018 0.003 0.003 0.002 0.007 0.002 0.003 0.007 0.003 0.003 0.003 0.931 
290      582    (4)    2 :  0.051 0.014 0.014 0.014 0.003 0.006 0.025 0.002 0.022 0.017 0.017 0.013 0.022 0.029 0.020 0.730 
291      583    (0)    2 :  0.010 0.016 0.009 0.030 0.004 0.029 0.080 0.014 0.038 0.015 0.034 0.009 0.068 0.093 0.095 0.454 
292      584    (0)    2 :  0.003 0.008 0.034 0.006 0.015 0.006 0.008 0.005 0.041 0.007 0.009 0.006 0.008 0.009 0.008 0.827 
293      585    (0)    2 :  0.002 0.007 0.005 0.004 0.002 0.006 0.004 0.010 0.011 0.002 0.005 0.011 0.004 0.006 0.004 0.917 
294      586    (2)    2 :  0.003 0.006 0.006 0.003 0.004 0.006 0.004 0.004 0.008 0.010 0.004 0.007 0.004 0.005 0.005 0.920 
295      587    (0)    2 :  0.002 0.004 0.002 0.003 0.009 0.003 0.003 0.002 0.004 0.002 0.003 0.004 0.003 0.003 0.003 0.949 
296      588    (0)    2 :  0.010 0.006 0.010 0.011 0.005 0.012 0.023 0.019 0.005 0.011 0.029 0.009 0.018 0.032 0.022 0.777 
297      589    (0)    2 :  0.005 0.007 0.041 0.015 0.021 0.051 0.026 0.005 0.020 0.019 0.022 0.013 0.027 0.032 0.030 0.668 
298      590    (0)    2 :  0.010 0.013 0.006 0.005 0.039 0.003 0.007 0.059 0.006 0.012 0.006 0.040 0.006 0.007 0.007 0.774 
299      527    (2)    3 :  0.005 0.010 0.006 0.005 0.002 0.006 0.009 0.011 0.009 0.010 0.010 0.024 0.010 0.013 0.009 0.859 
300      528    (4)    3 :  0.003 0.015 0.004 0.023 0.019 0.331 0.026 0.004 0.005 0.009 0.017 0.089 0.021 0.021 0.023 0.389 
301      529    (4)    3 :  0.009 0.019 0.012 0.011 0.016 0.105 0.017 0.006 0.020 0.004 0.012 0.014 0.020 0.017 0.019 0.698 
302      530    (0)    3 :  0.004 0.003 0.003 0.012 0.004 0.011 0.008 0.006 0.003 0.005 0.010 0.009 0.007 0.007 0.007 0.899 
303      531    (2)    3 :  0.006 0.005 0.006 0.009 0.011 0.024 0.007 0.003 0.004 0.004 0.008 0.010 0.007 0.007 0.008 0.879 
304      532    (4)    3 :  0.002 0.004 0.003 0.017 0.003 0.102 0.012 0.033 0.006 0.002 0.013 0.017 0.010 0.013 0.013 0.747 
305      533    (0)    3 :  0.002 0.020 0.006 0.037 0.025 0.014 0.046 0.002 0.027 0.002 0.065 0.038 0.074 0.047 0.052 0.543 
306      534    (2)    3 :  0.002 0.005 0.005 0.007 0.013 0.007 0.009 0.003 0.005 0.006 0.008 0.082 0.009 0.008 0.009 0.822 
307      535    (2)    3 :  0.005 0.009 0.007 0.011 0.004 0.027 0.012 0.011 0.004 0.002 0.010 0.009 0.011 0.011 0.011 0.854 
308      536    (2)    3 :  0.014 0.003 0.005 0.007 0.029 0.003 0.006 0.004 0.005 0.002 0.006 0.010 0.006 0.006 0.006 0.886 
309      537    (2)    3 :  0.002 0.007 0.008 0.005 0.008 0.007 0.007 0.002 0.008 0.014 0.007 0.007 0.008 0.006 0.007 0.897 
310      538    (2)    3 :  0.002 0.026 0.008 0.033 0.003 0.005 0.036 0.004 0.025 0.004 0.042 0.052 0.042 0.039 0.036 0.642 
311      539    (2)    3 :  0.002 0.006 0.003 0.004 0.004 0.006 0.005 0.004 0.002 0.002 0.004 0.152 0.006 0.005 0.006 0.787 
312      540    (2)    3 :  0.001 0.010 0.016 0.019 0.011 0.006 0.015 0.005 0.007 0.002 0.015 0.012 0.019 0.013 0.015 0.833 
313      541    (2)    3 :  0.002 0.010 0.029 0.017 0.008 0.046 0.011 0.005 0.026 0.003 0.010 0.064 0.010 0.009 0.010 0.739 
314      542    (2)    3 :  0.004 0.073 0.022 0.018 0.010 0.015 0.019 0.004 0.017 0.009 0.016 0.072 0.018 0.018 0.020 0.664 
315      543    (0)    3 :  0.002 0.013 0.036 0.024 0.022 0.009 0.068 0.004 0.012 0.014 0.026 0.037 0.041 0.067 0.067 0.558 
316      544    (2)    3 :  0.002 0.003 0.003 0.006 0.005 0.003 0.004 0.002 0.004 0.002 0.005 0.024 0.004 0.004 0.004 0.925 
317      545    (2)    3 :  0.002 0.015 0.003 0.006 0.005 0.005 0.015 0.010 0.010 0.002 0.029 0.793 0.013 0.040 0.017 0.035 
318      546    (4)    3 :  0.002 0.018 0.003 0.007 0.004 0.004 0.028 0.012 0.008 0.002 0.052 0.718 0.022 0.072 0.031 0.016 
319      547    (6)    3 :  0.015 0.009 0.012 0.028 0.009 0.009 0.046 0.035 0.021 0.032 0.024 0.012 0.031 0.040 0.036 0.638 
320      019    (0)    4 :  0.004 0.004 0.034 0.007 0.008 0.016 0.007 0.003 0.031 0.004 0.007 0.787 0.008 0.008 0.008 0.065 
321      064    (0)    4 :  0.001 0.002 0.003 0.002 0.003 0.002 0.002 0.003 0.003 0.002 0.002 0.938 0.002 0.003 0.002 0.029 
322      065    (0)    4 :  0.002 0.002 0.003 0.003 0.006 0.003 0.002 0.002 0.004 0.002 0.003 0.030 0.002 0.002 0.003 0.932 
323      066    (0)    4 :  0.002 0.009 0.013 0.010 0.006 0.004 0.011 0.011 0.018 0.003 0.010 0.590 0.011 0.010 0.011 0.280 
324      067    (0)    4 :  0.007 0.005 0.012 0.007 0.009 0.015 0.009 0.004 0.027 0.010 0.007 0.854 0.008 0.009 0.009 0.010 
325      068    (0)    4 :  0.002 0.011 0.008 0.008 0.009 0.018 0.009 0.021 0.010 0.033 0.008 0.032 0.008 0.009 0.009 0.803 
326      069    (0)    4 :  0.001 0.008 0.005 0.006 0.011 0.007 0.006 0.017 0.003 0.004 0.008 0.783 0.006 0.008 0.006 0.119 
327      107    (0)    4 :  0.002 0.005 0.008 0.003 0.003 0.005 0.005 0.006 0.005 0.003 0.004 0.510 0.005 0.006 0.005 0.427 
328      110    (0)    4 :  0.003 0.002 0.002 0.003 0.002 0.009 0.003 0.003 0.003 0.002 0.003 0.955 0.002 0.003 0.003 0.003 
329      121    (0)    4 :  0.002 0.005 0.004 0.004 0.002 0.012 0.004 0.003 0.009 0.003 0.004 0.025 0.004 0.004 0.004 0.910 
330      137    (0)    4 :  0.011 0.007 0.007 0.006 0.005 0.004 0.010 0.005 0.009 0.002 0.006 0.891 0.009 0.010 0.009 0.008 
331      146    (0)    4 :  0.003 0.005 0.005 0.044 0.020 0.006 0.011 0.002 0.007 0.004 0.024 0.582 0.010 0.013 0.012 0.252 
332      149    (0)    4 :  0.003 0.005 0.005 0.004 0.002 0.005 0.004 0.002 0.008 0.002 0.004 0.937 0.004 0.005 0.004 0.005 
333      154    (0)    4 :  0.002 0.005 0.006 0.004 0.159 0.005 0.007 0.003 0.008 0.017 0.006 0.708 0.006 0.007 0.006 0.051 
334      179    (0)    4 :  0.002 0.006 0.005 0.004 0.004 0.004 0.004 0.007 0.004 0.004 0.004 0.585 0.004 0.005 0.004 0.353 
335      181    (0)    4 :  0.002 0.003 0.003 0.003 0.004 0.003 0.005 0.002 0.003 0.002 0.004 0.778 0.005 0.004 0.005 0.175 
336      182    (0)    4 :  0.002 0.005 0.004 0.013 0.007 0.029 0.013 0.017 0.011 0.014 0.011 0.120 0.012 0.012 0.012 0.717 
337      186    (0)    4 :  0.005 0.015 0.008 0.030 0.005 0.086 0.018 0.008 0.009 0.004 0.017 0.623 0.015 0.016 0.016 0.127 
338      193    (0)    4 :  0.002 0.004 0.014 0.008 0.009 0.006 0.008 0.005 0.006 0.004 0.008 0.458 0.009 0.007 0.009 0.442 
339      320    (0)    4 :  0.003 0.005 0.005 0.009 0.009 0.007 0.006 0.003 0.009 0.011 0.007 0.880 0.006 0.006 0.006 0.028 
340      341    (0)    4 :  0.002 0.009 0.008 0.007 0.003 0.004 0.005 0.006 0.011 0.004 0.005 0.047 0.006 0.006 0.006 0.871 
341      376    (0)    4 :  0.003 0.007 0.006 0.015 0.010 0.028 0.014 0.023 0.004 0.003 0.013 0.266 0.014 0.012 0.013 0.569 
342      395    (0)    4 :  0.006 0.025 0.020 0.006 0.057 0.011 0.006 0.004 0.005 0.004 0.007 0.661 0.007 0.007 0.007 0.166 
343      396    (0)    4 :  0.003 0.004 0.003 0.004 0.003 0.002 0.003 0.005 0.003 0.002 0.003 0.044 0.003 0.003 0.003 0.912 
344      397    (0)    4 :  0.010 0.004 0.004 0.004 0.011 0.005 0.006 0.002 0.004 0.007 0.004 0.091 0.005 0.005 0.005 0.833 
345      398    (0)    4 :  0.004 0.002 0.006 0.008 0.063 0.011 0.005 0.005 0.003 0.004 0.006 0.479 0.005 0.005 0.006 0.388 
346      399    (0)    4 :  0.002 0.003 0.003 0.007 0.002 0.013 0.005 0.007 0.006 0.004 0.006 0.007 0.005 0.005 0.005 0.919 
347      400    (0)    4 :  0.002 0.003 0.003 0.012 0.006 0.010 0.006 0.010 0.004 0.002 0.008 0.893 0.006 0.007 0.007 0.020 
348      401    (0)    4 :  0.003 0.006 0.005 0.010 0.006 0.004 0.012 0.008 0.007 0.002 0.009 0.820 0.010 0.011 0.011 0.077 
349      402    (0)    4 :  0.003 0.003 0.002 0.003 0.002 0.007 0.003 0.003 0.002 0.003 0.003 0.954 0.003 0.003 0.003 0.003 
350      403    (0)    4 :  0.011 0.010 0.010 0.022 0.004 0.019 0.010 0.009 0.027 0.004 0.014 0.432 0.009 0.010 0.010 0.397 
351      073    (0)    5 :  0.002 0.004 0.007 0.004 0.002 0.006 0.004 0.003 0.006 0.002 0.004 0.006 0.004 0.005 0.004 0.936 
352      074    (0)    5 :  0.002 0.004 0.006 0.005 0.040 0.002 0.008 0.002 0.004 0.005 0.006 0.004 0.008 0.007 0.007 0.890 
353      075    (0)    5 :  0.003 0.008 0.005 0.008 0.007 0.006 0.006 0.002 0.008 0.004 0.008 0.009 0.005 0.008 0.006 0.904 
354      076    (0)    5 :  0.005 0.010 0.004 0.006 0.005 0.013 0.006 0.003 0.011 0.007 0.006 0.009 0.007 0.006 0.007 0.895 
355      077    (0)    5 :  0.003 0.009 0.014 0.006 0.004 0.006 0.008 0.006 0.007 0.008 0.009 0.013 0.008 0.011 0.008 0.880 
356      078    (0)    5 :  0.005 0.008 0.006 0.016 0.005 0.005 0.024 0.004 0.007 0.005 0.049 0.009 0.025 0.045 0.026 0.760 
357      079    (0)    5 :  0.001 0.007 0.005 0.008 0.003 0.007 0.012 0.008 0.010 0.002 0.009 0.011 0.011 0.012 0.013 0.881 
358      080    (0)    5 :  0.002 0.003 0.003 0.005 0.003 0.016 0.006 0.004 0.008 0.018 0.005 0.005 0.006 0.006 0.006 0.905 
359      081    (0)    5 :  0.015 0.009 0.052 0.007 0.013 0.008 0.011 0.005 0.006 0.004 0.008 0.046 0.013 0.011 0.013 0.779 
360      082    (0)    5 :  0.002 0.002 0.003 0.004 0.003 0.006 0.004 0.005 0.002 0.003 0.003 0.022 0.003 0.003 0.003 0.931 
361      083    (0)    5 :  0.003 0.005 0.004 0.005 0.011 0.006 0.009 0.009 0.004 0.002 0.006 0.020 0.007 0.009 0.008 0.893 
362      084    (0)    5 :  0.006 0.007 0.011 0.004 0.105 0.003 0.006 0.002 0.011 0.002 0.005 0.012 0.006 0.006 0.006 0.811 
363      085    (0)    5 :  0.016 0.283 0.034 0.011 0.010 0.007 0.015 0.017 0.008 0.003 0.016 0.054 0.015 0.016 0.017 0.480 
364      404    (0)    5 :  0.003 0.004 0.006 0.004 0.020 0.006 0.004 0.003 0.006 0.003 0.005 0.010 0.005 0.005 0.004 0.913 
365      405    (0)    5 :  0.010 0.005 0.012 0.005 0.006 0.004 0.006 0.002 0.005 0.002 0.006 0.006 0.007 0.007 0.006 0.912 
366      406    (0)    5 :  0.008 0.005 0.004 0.007 0.009 0.007 0.012 0.007 0.003 0.003 0.015 0.005 0.012 0.015 0.012 0.877 
367      407    (0)    5 :  0.003 0.010 0.006 0.004 0.005 0.003 0.006 0.002 0.006 0.003 0.005 0.085 0.006 0.005 0.006 0.845 
368      408    (0)    5 :  0.002 0.005 0.006 0.004 0.005 0.004 0.005 0.003 0.003 0.005 0.004 0.004 0.005 0.005 0.005 0.937 
369      411    (2)    5 :  0.002 0.003 0.005 0.003 0.005 0.003 0.003 0.003 0.004 0.003 0.003 0.006 0.003 0.003 0.003 0.949 
370      412    (0)    5 :  0.005 0.018 0.017 0.008 0.004 0.013 0.010 0.007 0.006 0.007 0.008 0.008 0.011 0.008 0.011 0.858 
371      413    (0)    5 :  0.002 0.004 0.004 0.004 0.004 0.002 0.010 0.002 0.005 0.002 0.022 0.013 0.008 0.025 0.010 0.883 
372      591    (0)    6 :  0.007 0.006 0.009 0.007 0.009 0.906 0.006 0.004 0.010 0.004 0.006 0.003 0.006 0.006 0.006 0.004 
373      592    (0)    6 :  0.003 0.010 0.156 0.012 0.005 0.741 0.007 0.005 0.010 0.005 0.009 0.004 0.007 0.008 0.007 0.010 
374      593    (0)    6 :  0.006 0.005 0.007 0.007 0.004 0.901 0.008 0.006 0.006 0.002 0.009 0.005 0.008 0.009 0.008 0.010 
375      594    (0)    6 :  0.005 0.007 0.068 0.038 0.007 0.679 0.025 0.005 0.012 0.011 0.022 0.009 0.020 0.029 0.025 0.038 
376      595    (0)    6 :  0.004 0.008 0.005 0.011 0.003 0.828 0.023 0.004 0.008 0.011 0.012 0.014 0.020 0.019 0.019 0.010 
377      596    (0)    6 :  0.007 0.005 0.005 0.007 0.002 0.905 0.006 0.007 0.003 0.019 0.006 0.005 0.006 0.006 0.006 0.006 
378      597    (0)    6 :  0.002 0.037 0.007 0.010 0.003 0.801 0.014 0.003 0.007 0.006 0.009 0.028 0.011 0.014 0.015 0.032 
379      598    (0)    6 :  0.002 0.092 0.008 0.072 0.003 0.504 0.061 0.010 0.006 0.028 0.042 0.035 0.035 0.045 0.052 0.007 
380      599    (0)    6 :  0.007 0.018 0.057 0.005 0.003 0.694 0.009 0.005 0.160 0.003 0.006 0.003 0.009 0.007 0.009 0.006 
381      600    (0)    6 :  0.004 0.006 0.003 0.007 0.001 0.918 0.006 0.003 0.006 0.012 0.006 0.008 0.005 0.006 0.006 0.004 
382      601    (0)    6 :  0.002 0.029 0.019 0.014 0.002 0.786 0.019 0.005 0.017 0.002 0.011 0.026 0.016 0.017 0.016 0.020 
383      602    (0)    6 :  0.004 0.016 0.009 0.009 0.005 0.851 0.015 0.004 0.008 0.006 0.009 0.015 0.012 0.014 0.017 0.007 
384      603    (0)    6 :  0.007 0.473 0.130 0.015 0.008 0.135 0.039 0.007 0.024 0.009 0.022 0.005 0.038 0.038 0.045 0.006 
385      604    (0)    6 :  0.003 0.005 0.004 0.015 0.003 0.871 0.014 0.011 0.003 0.008 0.011 0.007 0.013 0.011 0.013 0.009 
386      605    (0)    6 :  0.005 0.008 0.010 0.075 0.002 0.695 0.030 0.004 0.009 0.026 0.036 0.006 0.028 0.028 0.029 0.009 
387      606    (0)    6 :  0.023 0.006 0.009 0.012 0.004 0.861 0.010 0.003 0.012 0.008 0.010 0.003 0.014 0.009 0.011 0.004 
388      607    (0)    6 :  0.003 0.007 0.002 0.006 0.002 0.824 0.005 0.095 0.002 0.008 0.005 0.016 0.004 0.005 0.005 0.009 
389      608    (0)    6 :  0.003 0.009 0.006 0.007 0.006 0.890 0.006 0.017 0.022 0.003 0.006 0.004 0.005 0.006 0.005 0.006 
390      609    (0)    6 :  0.004 0.006 0.004 0.009 0.003 0.912 0.008 0.008 0.004 0.003 0.007 0.004 0.008 0.007 0.007 0.004 
391      610    (0)    6 :  0.003 0.055 0.009 0.047 0.009 0.395 0.096 0.015 0.018 0.009 0.051 0.007 0.084 0.077 0.106 0.019 
392      611    (2)    6 :  0.003 0.005 0.004 0.008 0.012 0.874 0.009 0.023 0.003 0.006 0.010 0.009 0.008 0.009 0.008 0.011 
393      612    (0)    6 :  0.002 0.015 0.007 0.015 0.003 0.702 0.020 0.031 0.010 0.041 0.018 0.071 0.017 0.018 0.021 0.008 
394      755    (0)    6 :  0.003 0.016 0.012 0.022 0.026 0.424 0.034 0.263 0.003 0.043 0.026 0.008 0.040 0.030 0.034 0.015 
395      756    (0)    6 :  0.004 0.011 0.009 0.007 0.009 0.891 0.006 0.013 0.006 0.003 0.006 0.004 0.006 0.007 0.006 0.013 
396      757    (0)    6 :  0.003 0.006 0.012 0.022 0.005 0.856 0.012 0.010 0.005 0.006 0.013 0.006 0.012 0.011 0.012 0.010 
397      002    (0)    7 :  0.003 0.018 0.004 0.009 0.021 0.006 0.009 0.005 0.003 0.002 0.007 0.410 0.007 0.008 0.009 0.480 
398      099    (2)    7 :  0.013 0.003 0.005 0.106 0.003 0.005 0.152 0.004 0.044 0.085 0.083 0.004 0.178 0.123 0.190 0.002 
399      641    (2)    7 :  0.014 0.011 0.008 0.043 0.012 0.051 0.069 0.022 0.008 0.004 0.131 0.221 0.092 0.083 0.081 0.151 
400      642    (0)    7 :  0.003 0.011 0.015 0.016 0.009 0.019 0.009 0.004 0.016 0.003 0.011 0.005 0.010 0.009 0.010 0.851 
401      643    (2)    7 :  0.003 0.028 0.018 0.050 0.018 0.024 0.015 0.004 0.011 0.003 0.029 0.009 0.018 0.015 0.017 0.740 
402      644    (0)    7 :  0.004 0.014 0.015 0.015 0.007 0.006 0.011 0.009 0.018 0.009 0.012 0.022 0.010 0.011 0.010 0.829 
403      645    (0)    7 :  0.036 0.029 0.029 0.127 0.018 0.034 0.035 0.114 0.007 0.003 0.053 0.015 0.036 0.035 0.040 0.390 
404      646    (0)    7 :  0.010 0.074 0.005 0.034 0.012 0.012 0.049 0.130 0.007 0.008 0.068 0.361 0.052 0.068 0.057 0.053 
405      006    (0)    8 :  0.003 0.011 0.007 0.012 0.636 0.006 0.022 0.005 0.005 0.003 0.013 0.008 0.024 0.019 0.024 0.200 
406      011    (0)    8 :  0.002 0.003 0.004 0.003 0.010 0.003 0.003 0.002 0.003 0.003 0.003 0.004 0.003 0.003 0.003 0.950 
407      033    (2)    8 :  0.003 0.026 0.006 0.005 0.645 0.023 0.006 0.004 0.003 0.003 0.005 0.021 0.007 0.005 0.007 0.232 
408      048    (0)    8 :  0.009 0.015 0.242 0.011 0.044 0.015 0.021 0.005 0.053 0.005 0.013 0.012 0.023 0.023 0.020 0.488 
409      061    (0)    8 :  0.004 0.002 0.002 0.002 0.970 0.002 0.002 0.003 0.001 0.002 0.002 0.002 0.002 0.002 0.002 0.002 
410      088    (0)    8 :  0.005 0.011 0.021 0.014 0.027 0.014 0.016 0.003 0.017 0.008 0.014 0.020 0.016 0.015 0.017 0.784 
411      091    (0)    8 :  0.002 0.003 0.003 0.003 0.937 0.005 0.004 0.006 0.003 0.004 0.004 0.003 0.004 0.005 0.004 0.010 
412      098    (0)    8 :  0.013 0.008 0.034 0.005 0.009 0.022 0.007 0.006 0.011 0.003 0.005 0.019 0.008 0.006 0.007 0.835 
413      104    (0)    8 :  0.003 0.003 0.006 0.003 0.004 0.002 0.003 0.002 0.003 0.002 0.003 0.043 0.003 0.003 0.003 0.914 
414      196    (0)    8 :  0.005 0.007 0.011 0.006 0.591 0.010 0.006 0.002 0.008 0.006 0.006 0.021 0.006 0.006 0.007 0.300 
415      197    (0)    8 :  0.008 0.028 0.007 0.012 0.276 0.012 0.024 0.003 0.009 0.014 0.012 0.015 0.020 0.021 0.022 0.516 
416      201    (0)    8 :  0.001 0.005 0.006 0.010 0.606 0.005 0.006 0.002 0.003 0.001 0.007 0.015 0.006 0.005 0.006 0.314 
417      202    (0)    8 :  0.021 0.015 0.029 0.012 0.034 0.005 0.016 0.002 0.016 0.012 0.016 0.025 0.015 0.016 0.016 0.750 
418      204    (0)    8 :  0.002 0.012 0.009 0.005 0.397 0.003 0.004 0.011 0.004 0.002 0.004 0.036 0.005 0.004 0.004 0.498 
419      231    (0)    8 :  0.001 0.019 0.014 0.005 0.010 0.010 0.005 0.009 0.008 0.004 0.005 0.073 0.006 0.005 0.005 0.818 
420      328    (0)    8 :  0.005 0.007 0.005 0.005 0.257 0.006 0.004 0.002 0.004 0.002 0.004 0.003 0.004 0.004 0.004 0.683 
421      346    (0)    8 :  0.003 0.003 0.005 0.004 0.316 0.009 0.005 0.003 0.004 0.007 0.004 0.009 0.004 0.005 0.005 0.614 
422      212    (0)    9 :  0.001 0.004 0.004 0.003 0.002 0.002 0.003 0.003 0.003 0.958 0.003 0.003 0.003 0.003 0.003 0.002 
423      213    (0)    9 :  0.003 0.007 0.007 0.005 0.008 0.003 0.004 0.003 0.003 0.932 0.005 0.002 0.004 0.004 0.004 0.004 
424      214    (0)    9 :  0.001 0.004 0.003 0.006 0.002 0.006 0.005 0.002 0.007 0.932 0.006 0.006 0.005 0.006 0.005 0.004 
425      215    (0)    9 :  0.004 0.004 0.008 0.004 0.003 0.005 0.004 0.003 0.003 0.936 0.004 0.005 0.004 0.004 0.004 0.005 
426      216    (0)    9 :  0.002 0.004 0.005 0.003 0.004 0.003 0.003 0.003 0.003 0.949 0.003 0.002 0.004 0.003 0.003 0.005 
427      217    (0)    9 :  0.002 0.004 0.004 0.008 0.004 0.003 0.006 0.006 0.005 0.927 0.006 0.005 0.006 0.005 0.005 0.005 
428      218    (0)    9 :  0.002 0.003 0.003 0.003 0.002 0.003 0.003 0.004 0.003 0.957 0.003 0.002 0.003 0.003 0.003 0.003 
429      332    (0)    9 :  0.005 0.009 0.007 0.009 0.003 0.015 0.007 0.036 0.009 0.853 0.007 0.007 0.008 0.007 0.007 0.010 
430      333    (0)    9 :  0.011 0.004 0.007 0.011 0.004 0.028 0.013 0.006 0.008 0.837 0.010 0.013 0.011 0.013 0.013 0.010 
431      334    (0)    9 :  0.003 0.006 0.004 0.005 0.003 0.007 0.005 0.007 0.004 0.927 0.005 0.002 0.004 0.005 0.005 0.008 
432      335    (0)    9 :  0.002 0.003 0.005 0.003 0.002 0.003 0.003 0.002 0.005 0.958 0.003 0.002 0.003 0.003 0.003 0.002 
433      336    (0)    9 :  0.014 0.003 0.002 0.002 0.004 0.005 0.003 0.003 0.002 0.943 0.002 0.005 0.003 0.003 0.003 0.003 
434      337    (0)    9 :  0.002 0.003 0.003 0.006 0.002 0.010 0.005 0.002 0.003 0.926 0.005 0.009 0.005 0.005 0.005 0.009 
435      673    (0)    9 :  0.001 0.001 0.002 0.001 0.001 0.002 0.001 0.001 0.002 0.978 0.001 0.001 0.001 0.001 0.001 0.002 
436      674    (0)    9 :  0.002 0.005 0.004 0.004 0.002 0.005 0.005 0.007 0.005 0.932 0.005 0.005 0.005 0.006 0.005 0.004 
437      675    (0)    9 :  0.004 0.005 0.007 0.003 0.004 0.005 0.005 0.003 0.003 0.939 0.004 0.002 0.004 0.004 0.004 0.003 
438      676    (0)    9 :  0.001 0.007 0.008 0.007 0.001 0.006 0.005 0.005 0.007 0.929 0.005 0.003 0.005 0.004 0.005 0.003 
439      677    (0)    9 :  0.003 0.004 0.004 0.004 0.002 0.004 0.004 0.002 0.004 0.944 0.005 0.003 0.004 0.004 0.004 0.006 
440      678    (0)    9 :  0.004 0.006 0.008 0.008 0.004 0.003 0.010 0.003 0.006 0.892 0.010 0.011 0.010 0.009 0.010 0.007 
441      679    (0)    9 :  0.002 0.005 0.002 0.006 0.001 0.008 0.007 0.019 0.004 0.907 0.008 0.002 0.009 0.006 0.008 0.005 
442      680    (0)    9 :  0.005 0.007 0.006 0.005 0.003 0.012 0.005 0.007 0.009 0.914 0.005 0.003 0.005 0.005 0.006 0.004 
443      681    (0)    9 :  0.002 0.005 0.005 0.007 0.002 0.007 0.006 0.005 0.003 0.927 0.006 0.004 0.006 0.005 0.005 0.007 
444      682    (0)    9 :  0.004 0.002 0.002 0.002 0.003 0.002 0.002 0.002 0.002 0.965 0.002 0.002 0.002 0.002 0.002 0.002 
445      683    (0)    9 :  0.002 0.004 0.004 0.005 0.004 0.007 0.006 0.007 0.004 0.926 0.004 0.003 0.006 0.007 0.006 0.005 
446      684    (0)    9 :  0.003 0.005 0.005 0.004 0.002 0.006 0.005 0.003 0.008 0.933 0.005 0.003 0.005 0.006 0.005 0.002 
447      685    (0)    9 :  0.003 0.003 0.003 0.005 0.003 0.009 0.006 0.003 0.003 0.929 0.006 0.006 0.006 0.005 0.006 0.003 
448      686    (0)    9 :  0.003 0.002 0.002 0.002 0.002 0.003 0.002 0.002 0.002 0.966 0.002 0.002 0.002 0.002 0.002 0.002 
449      687    (0)    9 :  0.002 0.002 0.004 0.002 0.002 0.004 0.002 0.002 0.002 0.964 0.002 0.002 0.002 0.002 0.002 0.002 
450      688    (0)    9 :  0.002 0.006 0.004 0.003 0.003 0.006 0.004 0.005 0.014 0.927 0.003 0.004 0.004 0.004 0.004 0.007 


Estimated Allele Frequencies in each cluster
First column gives estimated ancestral frequencies


Locus 1 : 1 
4 alleles
0.0% missing data
  89   (0.543) 0.068 0.473 0.585 0.514 0.697 0.549 0.549 0.830 0.540 0.643 0.547 0.291 0.572 0.540 0.557 0.625 
  91   (0.376) 0.704 0.505 0.368 0.423 0.294 0.434 0.376 0.152 0.342 0.311 0.398 0.589 0.351 0.385 0.368 0.314 
  99   (0.015) 0.129 0.005 0.026 0.009 0.002 0.002 0.013 0.003 0.006 0.001 0.012 0.001 0.021 0.011 0.016 0.000 
  93   (0.066) 0.099 0.017 0.021 0.054 0.008 0.014 0.062 0.015 0.112 0.045 0.043 0.119 0.056 0.064 0.059 0.061 

Locus 2 : 2 
6 alleles
1.1% missing data
 136   (0.352) 0.190 0.191 0.068 0.484 0.117 0.417 0.361 0.143 0.076 0.460 0.410 0.726 0.335 0.344 0.356 0.558 
 134   (0.236) 0.027 0.215 0.289 0.217 0.202 0.410 0.214 0.685 0.222 0.381 0.191 0.166 0.214 0.207 0.217 0.142 
 138   (0.302) 0.771 0.457 0.461 0.215 0.245 0.143 0.320 0.121 0.599 0.152 0.305 0.096 0.350 0.354 0.323 0.249 
 140   (0.062) 0.007 0.065 0.032 0.050 0.432 0.015 0.060 0.017 0.041 0.004 0.056 0.008 0.058 0.053 0.060 0.050 
 132   (0.022) 0.002 0.006 0.003 0.014 0.002 0.004 0.026 0.005 0.005 0.001 0.023 0.002 0.027 0.024 0.024 0.001 
 142   (0.026) 0.003 0.065 0.147 0.020 0.003 0.011 0.019 0.029 0.057 0.002 0.016 0.002 0.016 0.018 0.020 0.001 

Locus 3 : 3 
6 alleles
0.0% missing data
 181   (0.259) 0.181 0.122 0.453 0.208 0.074 0.403 0.252 0.340 0.331 0.066 0.207 0.093 0.249 0.243 0.251 0.231 
 187   (0.341) 0.773 0.352 0.150 0.342 0.681 0.164 0.369 0.119 0.170 0.257 0.404 0.544 0.355 0.414 0.365 0.517 
 179   (0.250) 0.030 0.319 0.174 0.283 0.230 0.401 0.241 0.353 0.273 0.016 0.247 0.348 0.246 0.217 0.241 0.227 
 191   (0.030) 0.003 0.007 0.009 0.017 0.004 0.006 0.027 0.008 0.006 0.197 0.021 0.003 0.027 0.029 0.027 0.022 
 175   (0.045) 0.005 0.127 0.187 0.078 0.004 0.008 0.039 0.043 0.017 0.003 0.050 0.004 0.039 0.036 0.038 0.001 
 185   (0.075) 0.008 0.073 0.029 0.073 0.007 0.018 0.072 0.138 0.203 0.462 0.071 0.007 0.085 0.062 0.078 0.002 

Locus 4 : 4 
12 alleles
0.2% missing data
 253   (0.500) 0.598 0.495 0.703 0.521 0.625 0.620 0.497 0.616 0.276 0.465 0.503 0.468 0.517 0.448 0.496 0.760 
 249   (0.025) 0.003 0.005 0.004 0.012 0.315 0.004 0.021 0.005 0.005 0.001 0.017 0.019 0.017 0.020 0.020 0.059 
 271   (0.039) 0.004 0.034 0.006 0.032 0.005 0.009 0.037 0.010 0.008 0.002 0.031 0.056 0.040 0.033 0.038 0.028 
 241   (0.153) 0.184 0.185 0.093 0.175 0.023 0.142 0.150 0.096 0.206 0.151 0.141 0.364 0.135 0.155 0.147 0.021 
 257   (0.006) 0.001 0.002 0.001 0.004 0.000 0.001 0.004 0.001 0.001 0.000 0.003 0.003 0.003 0.004 0.004 0.000 
 269   (0.177) 0.199 0.224 0.141 0.152 0.021 0.183 0.191 0.249 0.482 0.097 0.211 0.070 0.176 0.253 0.189 0.130 
 245   (0.006) 0.001 0.001 0.001 0.002 0.000 0.001 0.005 0.001 0.001 0.000 0.003 0.001 0.004 0.004 0.005 0.000 
 247   (0.065) 0.007 0.040 0.047 0.065 0.007 0.031 0.074 0.016 0.016 0.281 0.065 0.007 0.088 0.059 0.077 0.002 
 239   (0.010) 0.001 0.002 0.001 0.017 0.001 0.003 0.008 0.002 0.002 0.001 0.011 0.001 0.007 0.007 0.008 0.000 
 273   (0.008) 0.001 0.002 0.001 0.016 0.001 0.001 0.005 0.002 0.001 0.000 0.008 0.001 0.005 0.005 0.006 0.000 
 267   (0.006) 0.001 0.001 0.001 0.002 0.001 0.001 0.005 0.001 0.001 0.000 0.004 0.011 0.003 0.007 0.005 0.000 
 255   (0.006) 0.001 0.009 0.002 0.002 0.001 0.003 0.004 0.001 0.001 0.000 0.002 0.001 0.003 0.004 0.004 0.000 

Locus 5 : 5 
6 alleles
0.7% missing data
 103   (0.866) 0.985 0.927 0.969 0.852 0.986 0.932 0.833 0.955 0.952 0.980 0.753 0.974 0.821 0.779 0.826 0.994 
 104   (0.053) 0.006 0.033 0.015 0.055 0.006 0.024 0.084 0.025 0.033 0.003 0.159 0.018 0.097 0.152 0.093 0.003 
 105   (0.045) 0.005 0.025 0.011 0.071 0.005 0.034 0.050 0.010 0.009 0.003 0.061 0.004 0.054 0.039 0.049 0.001 
 102   (0.016) 0.002 0.009 0.002 0.009 0.001 0.005 0.016 0.003 0.003 0.001 0.014 0.001 0.014 0.015 0.015 0.000 
 107   (0.012) 0.001 0.002 0.002 0.009 0.001 0.003 0.010 0.002 0.002 0.001 0.008 0.001 0.009 0.009 0.010 0.000 
 101   (0.009) 0.001 0.003 0.001 0.004 0.001 0.002 0.007 0.005 0.002 0.012 0.004 0.001 0.005 0.006 0.007 0.000 

Locus 6 : 6 
5 alleles
0.2% missing data
 141   (0.264) 0.029 0.331 0.251 0.220 0.832 0.311 0.251 0.777 0.068 0.130 0.235 0.318 0.276 0.240 0.260 0.594 
 145   (0.421) 0.415 0.454 0.643 0.487 0.077 0.446 0.451 0.139 0.589 0.259 0.492 0.120 0.408 0.490 0.432 0.174 
 135   (0.228) 0.545 0.179 0.093 0.219 0.076 0.133 0.219 0.064 0.324 0.289 0.206 0.361 0.240 0.197 0.226 0.192 
 147   (0.077) 0.009 0.033 0.012 0.064 0.014 0.108 0.070 0.017 0.017 0.321 0.058 0.200 0.065 0.065 0.072 0.039 
 137   (0.010) 0.001 0.002 0.001 0.011 0.001 0.002 0.009 0.002 0.003 0.001 0.008 0.001 0.011 0.008 0.011 0.000 

Locus 7 : 7 
10 alleles
1.3% missing data
  93   (0.224) 0.794 0.335 0.343 0.236 0.613 0.218 0.201 0.298 0.112 0.064 0.197 0.406 0.206 0.198 0.203 0.333 
 103   (0.322) 0.044 0.364 0.387 0.307 0.089 0.534 0.343 0.133 0.317 0.514 0.357 0.278 0.331 0.373 0.337 0.403 
  91   (0.065) 0.010 0.017 0.053 0.067 0.007 0.035 0.066 0.049 0.015 0.155 0.062 0.007 0.058 0.058 0.065 0.033 
  97   (0.190) 0.126 0.049 0.089 0.149 0.027 0.158 0.197 0.254 0.373 0.254 0.165 0.166 0.189 0.192 0.190 0.164 
  85   (0.046) 0.007 0.011 0.009 0.047 0.005 0.014 0.044 0.010 0.130 0.003 0.040 0.007 0.043 0.038 0.044 0.046 
  89   (0.081) 0.011 0.194 0.081 0.079 0.251 0.028 0.071 0.241 0.033 0.005 0.064 0.130 0.066 0.065 0.074 0.019 
  83   (0.050) 0.006 0.025 0.034 0.103 0.005 0.009 0.056 0.010 0.016 0.003 0.089 0.005 0.084 0.046 0.063 0.001 
 105   (0.010) 0.001 0.002 0.002 0.007 0.001 0.002 0.011 0.002 0.002 0.001 0.009 0.001 0.013 0.010 0.010 0.000 
 101   (0.006) 0.001 0.001 0.001 0.002 0.000 0.001 0.007 0.001 0.001 0.000 0.013 0.001 0.006 0.014 0.008 0.000 
  99   (0.006) 0.001 0.001 0.001 0.003 0.001 0.001 0.006 0.001 0.001 0.000 0.003 0.001 0.005 0.006 0.005 0.000 

Locus 8 : 8 
8 alleles
0.0% missing data
 129   (0.557) 0.198 0.738 0.711 0.605 0.670 0.400 0.580 0.461 0.727 0.638 0.634 0.475 0.546 0.627 0.567 0.704 
 141   (0.056) 0.006 0.024 0.012 0.031 0.009 0.092 0.050 0.012 0.018 0.217 0.033 0.147 0.047 0.045 0.049 0.099 
 149   (0.077) 0.008 0.082 0.068 0.068 0.012 0.017 0.072 0.285 0.030 0.013 0.068 0.035 0.084 0.062 0.077 0.145 
 143   (0.261) 0.696 0.141 0.193 0.256 0.304 0.482 0.255 0.202 0.213 0.128 0.230 0.338 0.284 0.228 0.263 0.051 
 127   (0.015) 0.052 0.003 0.002 0.009 0.001 0.002 0.015 0.003 0.003 0.001 0.011 0.001 0.013 0.012 0.015 0.000 
 131   (0.012) 0.037 0.002 0.011 0.005 0.001 0.002 0.008 0.003 0.004 0.002 0.006 0.001 0.007 0.008 0.009 0.000 
 133   (0.017) 0.002 0.007 0.003 0.022 0.002 0.003 0.016 0.033 0.005 0.001 0.014 0.002 0.014 0.014 0.016 0.000 
 145   (0.006) 0.001 0.001 0.001 0.005 0.000 0.001 0.004 0.001 0.001 0.000 0.004 0.001 0.004 0.004 0.005 0.000 

Locus 9 : 9 
5 alleles
0.0% missing data
 191   (0.390) 0.338 0.162 0.326 0.364 0.842 0.486 0.388 0.593 0.322 0.545 0.398 0.601 0.410 0.391 0.392 0.568 
 195   (0.147) 0.355 0.088 0.350 0.136 0.033 0.246 0.133 0.036 0.351 0.051 0.116 0.036 0.145 0.124 0.141 0.189 
 189   (0.451) 0.305 0.747 0.322 0.490 0.123 0.266 0.471 0.368 0.324 0.403 0.478 0.361 0.438 0.477 0.459 0.241 
 197   (0.006) 0.001 0.001 0.001 0.008 0.001 0.001 0.004 0.001 0.001 0.000 0.005 0.001 0.004 0.004 0.004 0.000 
 193   (0.006) 0.001 0.001 0.001 0.003 0.001 0.001 0.004 0.002 0.002 0.000 0.003 0.001 0.003 0.004 0.004 0.002 

Locus 10 : 10 
7 alleles
0.2% missing data
 232   (0.254) 0.219 0.077 0.211 0.276 0.569 0.153 0.271 0.066 0.162 0.277 0.296 0.384 0.273 0.270 0.267 0.286 
 238   (0.559) 0.370 0.857 0.728 0.520 0.136 0.675 0.558 0.839 0.702 0.343 0.544 0.436 0.559 0.568 0.559 0.594 
 252   (0.110) 0.014 0.049 0.050 0.145 0.279 0.118 0.096 0.081 0.122 0.031 0.108 0.173 0.100 0.095 0.104 0.105 
 254   (0.043) 0.393 0.009 0.006 0.039 0.013 0.047 0.040 0.008 0.008 0.264 0.030 0.004 0.033 0.035 0.037 0.014 
 250   (0.011) 0.002 0.002 0.001 0.006 0.001 0.002 0.011 0.002 0.002 0.001 0.009 0.001 0.015 0.010 0.012 0.000 
 236   (0.006) 0.001 0.001 0.001 0.003 0.001 0.002 0.005 0.001 0.001 0.001 0.003 0.001 0.004 0.005 0.005 0.000 
 248   (0.018) 0.002 0.004 0.002 0.010 0.002 0.003 0.018 0.003 0.003 0.083 0.010 0.002 0.015 0.017 0.017 0.000 

Locus 11 : 11 
4 alleles
0.0% missing data
  87   (0.695) 0.964 0.792 0.859 0.694 0.349 0.644 0.701 0.866 0.879 0.532 0.714 0.557 0.703 0.722 0.702 0.642 
  89   (0.241) 0.029 0.189 0.117 0.223 0.624 0.343 0.244 0.081 0.088 0.385 0.223 0.362 0.238 0.227 0.240 0.304 
  91   (0.051) 0.006 0.016 0.022 0.066 0.024 0.010 0.043 0.013 0.031 0.082 0.052 0.081 0.051 0.040 0.048 0.054 
  85   (0.013) 0.001 0.003 0.002 0.017 0.002 0.002 0.011 0.041 0.002 0.001 0.011 0.001 0.009 0.011 0.011 0.000 

Locus 12 : 12 
13 alleles
0.2% missing data
 160   (0.209) 0.591 0.253 0.352 0.202 0.036 0.059 0.220 0.192 0.126 0.719 0.237 0.188 0.203 0.252 0.214 0.107 
 162   (0.261) 0.067 0.340 0.293 0.259 0.748 0.489 0.249 0.381 0.138 0.230 0.227 0.096 0.256 0.226 0.251 0.209 
 147   (0.052) 0.006 0.069 0.015 0.027 0.108 0.089 0.046 0.014 0.037 0.003 0.029 0.365 0.038 0.045 0.044 0.116 
 158   (0.230) 0.028 0.103 0.202 0.268 0.079 0.188 0.243 0.085 0.309 0.021 0.285 0.315 0.232 0.262 0.244 0.539 
 161   (0.106) 0.121 0.130 0.046 0.115 0.015 0.147 0.095 0.032 0.241 0.018 0.096 0.023 0.114 0.084 0.107 0.021 
 170   (0.046) 0.005 0.049 0.019 0.057 0.006 0.009 0.055 0.011 0.017 0.003 0.052 0.005 0.066 0.048 0.054 0.006 
 143   (0.027) 0.175 0.005 0.006 0.034 0.003 0.005 0.028 0.008 0.005 0.002 0.033 0.002 0.038 0.026 0.027 0.001 
 154   (0.016) 0.002 0.004 0.002 0.011 0.002 0.004 0.022 0.005 0.003 0.001 0.014 0.001 0.018 0.017 0.018 0.000 
 149   (0.022) 0.002 0.006 0.056 0.010 0.002 0.004 0.017 0.266 0.088 0.001 0.011 0.002 0.015 0.016 0.017 0.001 
 153   (0.012) 0.001 0.002 0.002 0.009 0.001 0.003 0.011 0.002 0.002 0.001 0.008 0.001 0.010 0.011 0.010 0.000 
 150   (0.006) 0.001 0.001 0.006 0.002 0.001 0.001 0.004 0.001 0.015 0.000 0.002 0.001 0.003 0.004 0.004 0.000 
 159   (0.008) 0.001 0.036 0.001 0.003 0.001 0.001 0.005 0.001 0.019 0.000 0.003 0.001 0.004 0.005 0.005 0.000 
 164   (0.006) 0.001 0.001 0.001 0.003 0.000 0.001 0.005 0.001 0.001 0.000 0.003 0.001 0.004 0.004 0.005 0.000 

Locus 13 : 13 
5 alleles
0.0% missing data
 108   (0.198) 0.342 0.128 0.070 0.253 0.407 0.143 0.209 0.050 0.171 0.198 0.232 0.153 0.182 0.228 0.202 0.163 
 115   (0.457) 0.092 0.503 0.574 0.461 0.527 0.501 0.444 0.714 0.443 0.283 0.419 0.321 0.458 0.412 0.442 0.582 
 113   (0.332) 0.564 0.367 0.354 0.281 0.065 0.354 0.337 0.234 0.384 0.517 0.342 0.524 0.351 0.349 0.345 0.255 
 109   (0.006) 0.001 0.001 0.001 0.002 0.001 0.001 0.005 0.001 0.001 0.000 0.005 0.001 0.004 0.006 0.005 0.000 
 110   (0.006) 0.001 0.001 0.001 0.003 0.000 0.001 0.005 0.001 0.001 0.000 0.003 0.001 0.005 0.005 0.005 0.000 

Locus 14 : 14 
5 alleles
0.9% missing data
 227   (0.148) 0.260 0.287 0.346 0.096 0.067 0.040 0.138 0.059 0.305 0.017 0.113 0.329 0.142 0.136 0.138 0.259 
 231   (0.151) 0.269 0.042 0.028 0.152 0.026 0.465 0.158 0.037 0.034 0.354 0.136 0.109 0.144 0.144 0.149 0.094 
 229   (0.504) 0.092 0.449 0.516 0.622 0.855 0.283 0.518 0.857 0.538 0.413 0.609 0.432 0.523 0.545 0.524 0.462 
 225   (0.135) 0.226 0.202 0.049 0.092 0.019 0.137 0.132 0.033 0.105 0.212 0.101 0.024 0.132 0.124 0.133 0.088 
 233   (0.062) 0.153 0.019 0.061 0.038 0.033 0.075 0.054 0.014 0.019 0.004 0.041 0.106 0.060 0.050 0.057 0.097 

Locus 15 : 15 
5 alleles
0.2% missing data
 143   (0.846) 0.719 0.943 0.899 0.866 0.983 0.876 0.841 0.938 0.755 0.814 0.855 0.979 0.844 0.857 0.839 0.969 
 157   (0.007) 0.001 0.001 0.001 0.002 0.001 0.001 0.004 0.001 0.001 0.000 0.002 0.001 0.003 0.004 0.004 0.019 
 145   (0.085) 0.272 0.036 0.083 0.063 0.010 0.111 0.088 0.048 0.048 0.006 0.082 0.015 0.089 0.084 0.090 0.011 
 147   (0.048) 0.006 0.017 0.014 0.038 0.005 0.008 0.055 0.010 0.192 0.148 0.043 0.005 0.055 0.044 0.055 0.001 
 133   (0.015) 0.001 0.003 0.002 0.030 0.002 0.003 0.011 0.003 0.004 0.032 0.017 0.001 0.009 0.011 0.011 0.000 

Locus 16 : 16 
5 alleles
0.2% missing data
 156   (0.228) 0.516 0.178 0.227 0.336 0.196 0.328 0.207 0.055 0.273 0.502 0.244 0.084 0.215 0.190 0.213 0.307 
 158   (0.544) 0.253 0.582 0.682 0.494 0.321 0.461 0.558 0.604 0.602 0.195 0.547 0.724 0.570 0.564 0.561 0.496 
 160   (0.135) 0.015 0.189 0.059 0.104 0.471 0.150 0.131 0.315 0.099 0.111 0.110 0.182 0.120 0.125 0.124 0.152 
 154   (0.084) 0.214 0.031 0.019 0.063 0.011 0.059 0.099 0.024 0.024 0.191 0.096 0.010 0.090 0.116 0.096 0.045 
 152   (0.009) 0.001 0.020 0.013 0.003 0.001 0.001 0.005 0.001 0.002 0.001 0.003 0.001 0.004 0.005 0.006 0.000 

Locus 17 : 17 
5 alleles
0.0% missing data
 102   (0.202) 0.024 0.437 0.072 0.137 0.100 0.183 0.189 0.325 0.246 0.197 0.164 0.155 0.194 0.186 0.195 0.248 
  90   (0.684) 0.569 0.523 0.907 0.757 0.603 0.795 0.675 0.376 0.716 0.795 0.695 0.816 0.670 0.676 0.676 0.720 
  88   (0.068) 0.007 0.024 0.011 0.055 0.293 0.013 0.076 0.291 0.015 0.005 0.060 0.025 0.084 0.072 0.074 0.030 
 100   (0.040) 0.399 0.013 0.009 0.049 0.004 0.008 0.056 0.007 0.007 0.002 0.079 0.004 0.050 0.062 0.051 0.001 
 104   (0.006) 0.001 0.004 0.001 0.002 0.001 0.001 0.004 0.001 0.016 0.000 0.002 0.001 0.003 0.004 0.004 0.000 

Locus 18 : 18 
7 alleles
0.0% missing data
 142   (0.126) 0.014 0.060 0.045 0.161 0.789 0.024 0.120 0.074 0.140 0.008 0.129 0.380 0.144 0.118 0.126 0.426 
 146   (0.078) 0.008 0.250 0.022 0.069 0.038 0.086 0.066 0.106 0.021 0.227 0.065 0.025 0.081 0.059 0.072 0.194 
 140   (0.287) 0.277 0.200 0.197 0.252 0.046 0.504 0.300 0.526 0.428 0.177 0.303 0.418 0.274 0.292 0.290 0.084 
 127   (0.304) 0.547 0.280 0.425 0.364 0.077 0.229 0.326 0.179 0.183 0.059 0.365 0.103 0.314 0.355 0.322 0.223 
 148   (0.095) 0.010 0.150 0.070 0.055 0.033 0.113 0.091 0.026 0.048 0.216 0.056 0.048 0.082 0.083 0.088 0.054 
 138   (0.055) 0.139 0.027 0.028 0.042 0.012 0.031 0.051 0.017 0.068 0.004 0.036 0.021 0.046 0.052 0.050 0.018 
 150   (0.054) 0.005 0.033 0.212 0.057 0.006 0.013 0.047 0.073 0.112 0.310 0.046 0.005 0.060 0.042 0.052 0.001 

Locus 19 : 19 
7 alleles
0.0% missing data
 188   (0.194) 0.021 0.098 0.119 0.193 0.567 0.069 0.199 0.049 0.316 0.169 0.179 0.172 0.193 0.179 0.193 0.094 
 190   (0.122) 0.013 0.068 0.241 0.098 0.014 0.244 0.101 0.404 0.207 0.199 0.095 0.332 0.087 0.110 0.105 0.423 
 194   (0.576) 0.956 0.565 0.569 0.621 0.409 0.596 0.595 0.179 0.456 0.480 0.631 0.486 0.607 0.613 0.592 0.481 
 200   (0.082) 0.008 0.263 0.068 0.071 0.007 0.084 0.085 0.364 0.017 0.005 0.080 0.008 0.093 0.080 0.088 0.002 
 192   (0.006) 0.001 0.001 0.001 0.003 0.000 0.003 0.005 0.001 0.002 0.000 0.004 0.001 0.004 0.004 0.005 0.000 
 202   (0.013) 0.001 0.003 0.002 0.007 0.001 0.002 0.010 0.002 0.002 0.146 0.008 0.001 0.012 0.010 0.012 0.000 
 196   (0.006) 0.001 0.001 0.001 0.006 0.000 0.001 0.004 0.001 0.001 0.000 0.004 0.001 0.004 0.004 0.005 0.000 

Locus 20 : 20 
6 alleles
0.9% missing data
 252   (0.719) 0.381 0.837 0.740 0.799 0.814 0.746 0.723 0.541 0.765 0.724 0.739 0.714 0.728 0.714 0.719 0.850 
 250   (0.079) 0.348 0.028 0.027 0.043 0.010 0.069 0.078 0.143 0.190 0.145 0.060 0.047 0.069 0.077 0.074 0.101 
 244   (0.020) 0.004 0.007 0.011 0.011 0.153 0.007 0.016 0.007 0.006 0.001 0.014 0.002 0.016 0.016 0.017 0.007 
 254   (0.074) 0.105 0.097 0.132 0.065 0.010 0.056 0.066 0.017 0.018 0.082 0.055 0.009 0.083 0.057 0.074 0.032 
 246   (0.085) 0.159 0.023 0.086 0.067 0.010 0.118 0.081 0.287 0.017 0.046 0.066 0.225 0.071 0.073 0.079 0.004 
 248   (0.022) 0.002 0.009 0.003 0.014 0.004 0.004 0.036 0.004 0.004 0.001 0.066 0.003 0.034 0.063 0.037 0.007 

Locus 21 : 21 
7 alleles
0.2% missing data
 173   (0.294) 0.119 0.484 0.565 0.324 0.160 0.310 0.265 0.073 0.578 0.211 0.258 0.142 0.276 0.256 0.272 0.373 
 177   (0.276) 0.274 0.243 0.221 0.235 0.174 0.082 0.308 0.501 0.245 0.165 0.325 0.637 0.304 0.344 0.304 0.273 
 175   (0.138) 0.487 0.089 0.081 0.128 0.017 0.322 0.130 0.039 0.066 0.258 0.122 0.025 0.126 0.117 0.133 0.025 
 167   (0.193) 0.110 0.156 0.115 0.241 0.638 0.141 0.182 0.091 0.088 0.122 0.200 0.181 0.183 0.177 0.184 0.323 
 163   (0.034) 0.004 0.010 0.008 0.028 0.004 0.015 0.035 0.008 0.011 0.230 0.030 0.004 0.031 0.031 0.034 0.002 
 159   (0.020) 0.002 0.006 0.003 0.015 0.002 0.003 0.032 0.004 0.004 0.001 0.017 0.002 0.028 0.029 0.025 0.000 
 165   (0.045) 0.005 0.012 0.007 0.030 0.005 0.127 0.048 0.284 0.009 0.013 0.048 0.008 0.052 0.046 0.047 0.003 

Locus 22 : 22 
11 alleles
0.7% missing data
 146   (0.245) 0.073 0.344 0.332 0.220 0.828 0.170 0.236 0.295 0.119 0.137 0.204 0.218 0.265 0.225 0.242 0.229 
 154   (0.007) 0.001 0.001 0.001 0.002 0.001 0.001 0.004 0.001 0.001 0.000 0.002 0.002 0.003 0.004 0.005 0.072 
 166   (0.094) 0.113 0.044 0.024 0.068 0.011 0.077 0.104 0.023 0.025 0.006 0.096 0.267 0.106 0.090 0.102 0.028 
 152   (0.429) 0.500 0.534 0.573 0.500 0.133 0.508 0.425 0.596 0.771 0.364 0.494 0.447 0.399 0.471 0.429 0.637 
 150   (0.026) 0.117 0.014 0.005 0.016 0.004 0.005 0.026 0.007 0.012 0.002 0.025 0.007 0.031 0.021 0.027 0.006 
 164   (0.031) 0.005 0.010 0.006 0.029 0.004 0.058 0.026 0.006 0.008 0.002 0.023 0.043 0.022 0.024 0.026 0.011 
 148   (0.009) 0.172 0.002 0.001 0.004 0.001 0.001 0.006 0.001 0.001 0.000 0.003 0.001 0.004 0.006 0.006 0.000 
 158   (0.084) 0.010 0.023 0.018 0.101 0.012 0.135 0.095 0.046 0.022 0.110 0.095 0.009 0.096 0.082 0.089 0.016 
 162   (0.049) 0.006 0.023 0.010 0.048 0.005 0.040 0.057 0.019 0.018 0.072 0.040 0.005 0.049 0.055 0.052 0.001 
 156   (0.015) 0.002 0.003 0.007 0.006 0.001 0.004 0.011 0.003 0.021 0.306 0.006 0.001 0.008 0.010 0.011 0.000 
 142   (0.011) 0.001 0.003 0.022 0.006 0.001 0.002 0.010 0.002 0.002 0.001 0.011 0.001 0.017 0.011 0.012 0.000 

Locus 23 : 23 
7 alleles
0.9% missing data
 152   (0.013) 0.001 0.003 0.002 0.005 0.001 0.002 0.008 0.002 0.002 0.001 0.005 0.092 0.007 0.008 0.009 0.063 
 156   (0.116) 0.014 0.050 0.027 0.214 0.013 0.128 0.127 0.029 0.103 0.029 0.191 0.087 0.123 0.148 0.130 0.034 
 144   (0.174) 0.603 0.177 0.319 0.122 0.027 0.196 0.161 0.050 0.256 0.643 0.136 0.153 0.160 0.155 0.163 0.185 
 160   (0.108) 0.013 0.143 0.064 0.061 0.013 0.135 0.107 0.324 0.166 0.105 0.113 0.294 0.092 0.135 0.110 0.181 
 154   (0.556) 0.364 0.612 0.583 0.576 0.921 0.528 0.558 0.589 0.466 0.220 0.530 0.370 0.584 0.525 0.554 0.534 
 158   (0.025) 0.003 0.012 0.004 0.017 0.025 0.009 0.031 0.006 0.005 0.001 0.020 0.003 0.028 0.022 0.028 0.003 
 146   (0.008) 0.001 0.002 0.001 0.005 0.001 0.001 0.007 0.001 0.001 0.000 0.004 0.001 0.005 0.006 0.007 0.000 

Locus 24 : 24 
4 alleles
0.4% missing data
  77   (0.086) 0.010 0.161 0.052 0.096 0.038 0.090 0.070 0.034 0.050 0.049 0.071 0.026 0.063 0.068 0.071 0.332 
  83   (0.462) 0.689 0.348 0.438 0.415 0.231 0.609 0.450 0.761 0.511 0.921 0.445 0.588 0.441 0.458 0.451 0.486 
  81   (0.367) 0.291 0.429 0.411 0.360 0.719 0.265 0.398 0.182 0.292 0.024 0.391 0.350 0.417 0.404 0.395 0.163 
  85   (0.086) 0.010 0.061 0.099 0.129 0.012 0.035 0.082 0.023 0.148 0.006 0.093 0.036 0.079 0.069 0.083 0.019 

Locus 25 : 25 
6 alleles
0.4% missing data
 132   (0.332) 0.184 0.239 0.424 0.272 0.908 0.459 0.337 0.203 0.201 0.457 0.287 0.133 0.351 0.316 0.331 0.533 
 124   (0.523) 0.408 0.591 0.452 0.640 0.068 0.414 0.525 0.760 0.658 0.533 0.595 0.827 0.498 0.561 0.525 0.393 
 126   (0.021) 0.002 0.004 0.003 0.010 0.003 0.004 0.018 0.004 0.005 0.001 0.011 0.026 0.014 0.016 0.017 0.059 
 122   (0.095) 0.115 0.158 0.116 0.063 0.019 0.104 0.095 0.028 0.130 0.006 0.091 0.010 0.117 0.084 0.101 0.014 
 120   (0.014) 0.290 0.003 0.002 0.008 0.001 0.003 0.013 0.002 0.002 0.001 0.009 0.001 0.010 0.011 0.013 0.000 
 136   (0.014) 0.002 0.005 0.002 0.007 0.001 0.015 0.013 0.003 0.004 0.001 0.008 0.002 0.010 0.011 0.013 0.000 

Locus 26 : 26 
7 alleles
0.2% missing data
 165   (0.245) 0.322 0.218 0.379 0.231 0.672 0.337 0.244 0.200 0.103 0.053 0.255 0.155 0.233 0.258 0.249 0.115 
 183   (0.349) 0.291 0.240 0.332 0.339 0.210 0.466 0.360 0.633 0.380 0.423 0.361 0.460 0.333 0.375 0.344 0.587 
 179   (0.082) 0.347 0.167 0.037 0.069 0.016 0.018 0.076 0.043 0.027 0.005 0.065 0.104 0.074 0.072 0.076 0.057 
 175   (0.260) 0.033 0.350 0.243 0.231 0.096 0.152 0.257 0.113 0.478 0.454 0.230 0.276 0.302 0.240 0.271 0.239 
 181   (0.048) 0.006 0.022 0.007 0.123 0.005 0.025 0.051 0.009 0.009 0.065 0.083 0.004 0.047 0.045 0.047 0.001 
 185   (0.009) 0.001 0.001 0.001 0.006 0.001 0.001 0.008 0.001 0.002 0.001 0.005 0.001 0.008 0.007 0.008 0.000 
 157   (0.006) 0.001 0.001 0.001 0.002 0.001 0.001 0.005 0.001 0.001 0.000 0.003 0.001 0.004 0.004 0.005 0.000 

Locus 27 : 27 
4 alleles
0.2% missing data
 142   (0.650) 0.310 0.639 0.833 0.614 0.342 0.684 0.666 0.730 0.761 0.742 0.660 0.605 0.663 0.689 0.658 0.704 
 148   (0.199) 0.673 0.122 0.064 0.219 0.380 0.246 0.196 0.049 0.177 0.064 0.200 0.179 0.198 0.180 0.200 0.075 
 138   (0.046) 0.006 0.015 0.030 0.028 0.268 0.017 0.041 0.021 0.012 0.003 0.033 0.205 0.041 0.041 0.046 0.211 
 150   (0.104) 0.012 0.225 0.073 0.140 0.011 0.054 0.098 0.199 0.051 0.191 0.106 0.011 0.099 0.089 0.096 0.010 

Locus 28 : 28 
6 alleles
0.9% missing data
 260   (0.387) 0.136 0.518 0.548 0.278 0.284 0.300 0.407 0.502 0.405 0.375 0.387 0.500 0.414 0.416 0.400 0.340 
 262   (0.509) 0.851 0.398 0.384 0.629 0.703 0.661 0.488 0.469 0.437 0.550 0.530 0.489 0.495 0.486 0.501 0.655 
 256   (0.072) 0.010 0.072 0.046 0.066 0.010 0.035 0.078 0.024 0.088 0.072 0.063 0.008 0.069 0.074 0.073 0.005 
 258   (0.010) 0.001 0.002 0.001 0.006 0.001 0.002 0.012 0.002 0.002 0.001 0.007 0.001 0.010 0.010 0.010 0.000 
 266   (0.006) 0.001 0.002 0.013 0.002 0.001 0.001 0.004 0.001 0.001 0.000 0.002 0.001 0.003 0.004 0.004 0.000 
 264   (0.015) 0.001 0.009 0.008 0.018 0.001 0.002 0.011 0.003 0.067 0.001 0.011 0.001 0.009 0.010 0.012 0.000 

Locus 29 : 29 
7 alleles
0.2% missing data
 146   (0.280) 0.035 0.187 0.150 0.259 0.082 0.350 0.309 0.486 0.463 0.334 0.349 0.290 0.293 0.370 0.309 0.165 
 150   (0.446) 0.140 0.565 0.594 0.545 0.171 0.407 0.431 0.175 0.385 0.288 0.454 0.437 0.462 0.395 0.436 0.712 
 140   (0.170) 0.813 0.220 0.153 0.139 0.686 0.168 0.164 0.118 0.130 0.057 0.139 0.032 0.159 0.148 0.162 0.079 
 148   (0.059) 0.006 0.016 0.046 0.031 0.055 0.048 0.052 0.144 0.012 0.318 0.032 0.226 0.044 0.045 0.050 0.038 
 152   (0.028) 0.003 0.007 0.055 0.020 0.003 0.005 0.032 0.058 0.007 0.002 0.019 0.003 0.032 0.032 0.031 0.001 
 151   (0.009) 0.001 0.003 0.001 0.004 0.002 0.002 0.006 0.006 0.001 0.001 0.004 0.010 0.005 0.006 0.007 0.005 
 142   (0.008) 0.001 0.002 0.001 0.003 0.001 0.020 0.005 0.014 0.001 0.000 0.003 0.001 0.004 0.005 0.005 0.001 

Locus 30 : 30 
6 alleles
0.2% missing data
 125   (0.284) 0.136 0.109 0.073 0.335 0.628 0.309 0.316 0.090 0.075 0.029 0.372 0.296 0.316 0.331 0.315 0.478 
 129   (0.440) 0.210 0.566 0.601 0.405 0.309 0.416 0.415 0.461 0.664 0.787 0.366 0.644 0.399 0.393 0.409 0.474 
 123   (0.150) 0.018 0.186 0.276 0.162 0.049 0.106 0.146 0.094 0.237 0.100 0.168 0.048 0.157 0.166 0.153 0.045 
 121   (0.012) 0.040 0.003 0.002 0.007 0.001 0.003 0.010 0.002 0.002 0.001 0.006 0.001 0.009 0.010 0.010 0.000 
 127   (0.079) 0.592 0.068 0.038 0.059 0.010 0.159 0.078 0.346 0.014 0.080 0.055 0.007 0.066 0.071 0.072 0.002 
 131   (0.034) 0.004 0.069 0.011 0.033 0.003 0.007 0.037 0.007 0.008 0.002 0.033 0.003 0.054 0.029 0.040 0.001 

Locus 31 : 31 
6 alleles
0.2% missing data
 159   (0.174) 0.020 0.303 0.184 0.235 0.064 0.303 0.158 0.050 0.396 0.012 0.180 0.114 0.172 0.141 0.162 0.139 
 155   (0.547) 0.524 0.294 0.607 0.508 0.597 0.421 0.583 0.491 0.237 0.711 0.598 0.846 0.583 0.614 0.577 0.688 
 157   (0.184) 0.112 0.327 0.179 0.196 0.291 0.253 0.173 0.440 0.114 0.020 0.156 0.030 0.167 0.167 0.175 0.090 
 153   (0.059) 0.103 0.069 0.024 0.034 0.043 0.012 0.055 0.013 0.247 0.004 0.044 0.006 0.053 0.049 0.055 0.080 
 151   (0.029) 0.240 0.007 0.004 0.023 0.004 0.010 0.026 0.006 0.005 0.253 0.019 0.003 0.021 0.024 0.026 0.002 
 163   (0.006) 0.001 0.001 0.002 0.003 0.001 0.001 0.005 0.001 0.001 0.000 0.003 0.001 0.004 0.004 0.005 0.001 

Locus 32 : 32 
5 alleles
0.0% missing data
 146   (0.318) 0.584 0.269 0.361 0.369 0.066 0.263 0.336 0.219 0.402 0.314 0.389 0.051 0.327 0.342 0.331 0.064 
 150   (0.580) 0.405 0.683 0.606 0.572 0.923 0.509 0.565 0.408 0.513 0.639 0.546 0.878 0.578 0.554 0.572 0.859 
 148   (0.055) 0.006 0.022 0.011 0.026 0.006 0.121 0.054 0.359 0.015 0.044 0.032 0.066 0.044 0.066 0.051 0.076 
 154   (0.033) 0.004 0.012 0.006 0.025 0.004 0.105 0.033 0.008 0.008 0.002 0.026 0.004 0.037 0.027 0.034 0.001 
 152   (0.014) 0.001 0.014 0.016 0.008 0.001 0.003 0.012 0.007 0.062 0.001 0.008 0.001 0.014 0.010 0.012 0.000 

Locus 33 : 33 
7 alleles
0.0% missing data
 180   (0.467) 0.696 0.408 0.405 0.437 0.426 0.530 0.480 0.515 0.171 0.671 0.454 0.368 0.476 0.483 0.476 0.610 
 196   (0.117) 0.013 0.105 0.127 0.103 0.125 0.051 0.107 0.025 0.224 0.007 0.108 0.203 0.119 0.104 0.113 0.188 
 184   (0.196) 0.267 0.079 0.347 0.200 0.422 0.278 0.185 0.084 0.469 0.070 0.185 0.124 0.166 0.162 0.181 0.146 
 194   (0.010) 0.001 0.002 0.001 0.004 0.001 0.002 0.007 0.003 0.002 0.001 0.004 0.034 0.005 0.006 0.007 0.040 
 192   (0.132) 0.014 0.285 0.104 0.181 0.015 0.098 0.135 0.355 0.116 0.182 0.133 0.013 0.136 0.129 0.129 0.005 
 190   (0.016) 0.002 0.100 0.005 0.015 0.002 0.022 0.011 0.003 0.005 0.001 0.011 0.002 0.010 0.011 0.012 0.000 
 198   (0.061) 0.007 0.021 0.010 0.061 0.009 0.020 0.075 0.015 0.013 0.069 0.105 0.256 0.088 0.105 0.082 0.012 

Locus 34 : 34 
6 alleles
0.0% missing data
 110   (0.184) 0.212 0.196 0.078 0.133 0.272 0.227 0.196 0.155 0.051 0.070 0.197 0.159 0.179 0.230 0.192 0.374 
 112   (0.359) 0.040 0.307 0.384 0.359 0.071 0.283 0.367 0.438 0.441 0.056 0.331 0.743 0.371 0.349 0.361 0.515 
 106   (0.276) 0.222 0.372 0.430 0.347 0.575 0.417 0.252 0.141 0.423 0.712 0.299 0.078 0.278 0.257 0.270 0.087 
  90   (0.039) 0.407 0.030 0.007 0.034 0.066 0.008 0.032 0.234 0.008 0.002 0.029 0.006 0.030 0.029 0.032 0.017 
 108   (0.133) 0.119 0.093 0.100 0.122 0.016 0.064 0.147 0.030 0.076 0.113 0.140 0.014 0.137 0.127 0.138 0.007 
  96   (0.009) 0.001 0.002 0.002 0.005 0.001 0.002 0.007 0.003 0.001 0.046 0.004 0.001 0.006 0.007 0.007 0.000 

Locus 35 : 35 
9 alleles
0.0% missing data
 166   (0.059) 0.008 0.035 0.157 0.030 0.011 0.053 0.047 0.125 0.033 0.004 0.038 0.190 0.055 0.044 0.053 0.290 
 176   (0.096) 0.011 0.027 0.014 0.117 0.023 0.226 0.091 0.034 0.021 0.015 0.094 0.380 0.084 0.082 0.089 0.129 
 172   (0.326) 0.041 0.429 0.426 0.246 0.452 0.131 0.354 0.252 0.421 0.586 0.373 0.207 0.351 0.401 0.352 0.452 
 170   (0.274) 0.613 0.200 0.225 0.265 0.479 0.519 0.260 0.196 0.291 0.327 0.224 0.157 0.238 0.236 0.255 0.120 
 174   (0.132) 0.015 0.254 0.143 0.241 0.013 0.047 0.123 0.367 0.034 0.061 0.174 0.015 0.150 0.111 0.134 0.005 
 178   (0.040) 0.005 0.017 0.010 0.032 0.016 0.008 0.045 0.011 0.054 0.003 0.032 0.044 0.043 0.052 0.042 0.002 
 168   (0.050) 0.306 0.022 0.021 0.059 0.005 0.012 0.055 0.012 0.017 0.003 0.054 0.005 0.058 0.046 0.054 0.001 
 186   (0.016) 0.002 0.016 0.002 0.008 0.001 0.003 0.018 0.003 0.129 0.001 0.009 0.002 0.017 0.022 0.016 0.000 
 158   (0.006) 0.001 0.001 0.001 0.003 0.001 0.001 0.005 0.001 0.001 0.000 0.003 0.001 0.004 0.005 0.005 0.000 

Locus 36 : 36 
6 alleles
0.0% missing data
  89   (0.572) 0.370 0.733 0.564 0.563 0.236 0.489 0.586 0.636 0.776 0.509 0.594 0.711 0.597 0.592 0.587 0.663 
  95   (0.058) 0.006 0.045 0.130 0.033 0.040 0.084 0.053 0.014 0.015 0.004 0.038 0.021 0.050 0.046 0.054 0.082 
  85   (0.168) 0.498 0.066 0.166 0.184 0.266 0.152 0.147 0.294 0.164 0.233 0.153 0.225 0.158 0.136 0.150 0.225 
  81   (0.064) 0.008 0.039 0.028 0.120 0.009 0.182 0.064 0.016 0.014 0.004 0.070 0.007 0.056 0.058 0.059 0.006 
  83   (0.122) 0.014 0.113 0.104 0.092 0.447 0.091 0.138 0.036 0.029 0.248 0.137 0.034 0.127 0.156 0.137 0.025 
  91   (0.015) 0.103 0.003 0.008 0.008 0.001 0.003 0.012 0.003 0.003 0.001 0.008 0.001 0.013 0.012 0.013 0.000 

Locus 37 : 37 
10 alleles
0.0% missing data
 161   (0.342) 0.428 0.325 0.272 0.463 0.091 0.396 0.335 0.437 0.116 0.375 0.400 0.537 0.328 0.341 0.342 0.579 
 165   (0.233) 0.134 0.172 0.333 0.180 0.061 0.180 0.249 0.094 0.250 0.098 0.249 0.270 0.247 0.267 0.245 0.164 
 159   (0.013) 0.001 0.003 0.004 0.006 0.001 0.002 0.010 0.003 0.002 0.001 0.008 0.009 0.013 0.009 0.012 0.036 
 173   (0.252) 0.222 0.359 0.180 0.218 0.159 0.390 0.248 0.397 0.433 0.516 0.207 0.082 0.258 0.235 0.249 0.126 
 169   (0.106) 0.209 0.113 0.127 0.100 0.683 0.022 0.101 0.058 0.183 0.007 0.102 0.096 0.104 0.096 0.101 0.086 
 167   (0.017) 0.002 0.019 0.003 0.011 0.002 0.003 0.016 0.005 0.003 0.002 0.013 0.002 0.019 0.015 0.016 0.009 
 168   (0.010) 0.001 0.002 0.001 0.006 0.001 0.002 0.012 0.002 0.002 0.001 0.006 0.001 0.009 0.010 0.010 0.000 
 155   (0.013) 0.001 0.003 0.002 0.010 0.001 0.003 0.019 0.002 0.002 0.001 0.009 0.001 0.015 0.019 0.015 0.000 
 177   (0.006) 0.001 0.002 0.001 0.003 0.000 0.001 0.004 0.002 0.001 0.000 0.003 0.001 0.004 0.004 0.005 0.000 
 175   (0.007) 0.001 0.001 0.076 0.002 0.001 0.001 0.004 0.001 0.007 0.000 0.002 0.001 0.003 0.004 0.005 0.000 

Locus 38 : 38 
6 alleles
0.4% missing data
  87   (0.089) 0.555 0.137 0.031 0.062 0.012 0.114 0.078 0.020 0.023 0.129 0.064 0.139 0.069 0.084 0.080 0.173 
  89   (0.445) 0.052 0.461 0.670 0.512 0.753 0.211 0.458 0.403 0.417 0.089 0.493 0.675 0.488 0.449 0.459 0.587 
  91   (0.160) 0.206 0.165 0.043 0.162 0.194 0.208 0.172 0.090 0.079 0.186 0.199 0.024 0.172 0.196 0.176 0.131 
  81   (0.121) 0.014 0.052 0.072 0.085 0.012 0.221 0.120 0.431 0.062 0.115 0.095 0.081 0.117 0.108 0.117 0.081 
  85   (0.178) 0.173 0.183 0.183 0.177 0.028 0.246 0.169 0.054 0.418 0.481 0.145 0.081 0.152 0.158 0.164 0.026 
  83   (0.006) 0.001 0.001 0.001 0.002 0.001 0.001 0.004 0.002 0.001 0.000 0.003 0.001 0.003 0.004 0.004 0.003 

Locus 39 : 39 
4 alleles
0.4% missing data
 167   (0.792) 0.684 0.866 0.684 0.836 0.932 0.949 0.776 0.801 0.936 0.858 0.825 0.926 0.788 0.811 0.787 0.911 
 161   (0.175) 0.313 0.106 0.220 0.142 0.060 0.044 0.193 0.185 0.057 0.140 0.151 0.071 0.177 0.164 0.181 0.088 
 165   (0.027) 0.003 0.027 0.095 0.019 0.007 0.005 0.026 0.013 0.005 0.002 0.020 0.003 0.031 0.021 0.027 0.001 
 177   (0.006) 0.001 0.002 0.001 0.003 0.001 0.001 0.005 0.001 0.001 0.001 0.004 0.001 0.004 0.004 0.005 0.000 

Locus 40 : 40 
6 alleles
0.2% missing data
 228   (0.418) 0.545 0.457 0.459 0.391 0.727 0.443 0.401 0.627 0.675 0.228 0.412 0.658 0.399 0.416 0.409 0.520 
 238   (0.345) 0.081 0.311 0.346 0.410 0.071 0.262 0.361 0.092 0.197 0.115 0.353 0.266 0.362 0.335 0.351 0.324 
 224   (0.021) 0.002 0.005 0.003 0.008 0.002 0.014 0.015 0.228 0.003 0.001 0.010 0.047 0.012 0.014 0.015 0.091 
 236   (0.101) 0.358 0.098 0.041 0.070 0.188 0.115 0.095 0.026 0.026 0.393 0.079 0.017 0.095 0.084 0.099 0.062 
 232   (0.012) 0.001 0.003 0.002 0.029 0.001 0.002 0.009 0.002 0.002 0.001 0.017 0.002 0.007 0.009 0.009 0.000 
 240   (0.103) 0.012 0.126 0.150 0.092 0.011 0.165 0.119 0.025 0.097 0.261 0.129 0.010 0.124 0.142 0.117 0.002 

Locus 41 : 41 
7 alleles
0.0% missing data
 128   (0.119) 0.013 0.147 0.296 0.123 0.235 0.071 0.111 0.238 0.044 0.031 0.135 0.066 0.120 0.127 0.116 0.137 
 130   (0.528) 0.059 0.534 0.388 0.561 0.691 0.516 0.547 0.519 0.476 0.783 0.573 0.588 0.546 0.551 0.545 0.612 
 114   (0.052) 0.504 0.015 0.007 0.038 0.033 0.077 0.047 0.010 0.011 0.003 0.034 0.040 0.043 0.043 0.048 0.111 
 132   (0.131) 0.015 0.123 0.163 0.132 0.021 0.152 0.126 0.031 0.414 0.047 0.112 0.289 0.120 0.123 0.122 0.132 
 118   (0.057) 0.204 0.103 0.094 0.052 0.008 0.011 0.049 0.025 0.018 0.130 0.048 0.005 0.059 0.050 0.054 0.002 
 134   (0.107) 0.205 0.076 0.051 0.091 0.012 0.172 0.115 0.175 0.036 0.007 0.096 0.012 0.109 0.101 0.109 0.006 
 136   (0.006) 0.001 0.001 0.001 0.002 0.001 0.001 0.005 0.001 0.001 0.000 0.003 0.001 0.004 0.004 0.005 0.000 

Locus 42 : 42 
6 alleles
1.3% missing data
 102   (0.282) 0.575 0.366 0.293 0.206 0.083 0.415 0.270 0.228 0.449 0.478 0.240 0.444 0.257 0.252 0.267 0.415 
 104   (0.403) 0.049 0.507 0.550 0.413 0.100 0.321 0.431 0.682 0.261 0.411 0.422 0.141 0.454 0.440 0.424 0.195 
  92   (0.108) 0.051 0.052 0.028 0.193 0.013 0.086 0.101 0.033 0.145 0.007 0.132 0.286 0.105 0.091 0.107 0.106 
  96   (0.069) 0.097 0.019 0.027 0.071 0.704 0.053 0.073 0.017 0.014 0.004 0.102 0.056 0.069 0.100 0.077 0.061 
  98   (0.131) 0.227 0.055 0.100 0.114 0.099 0.123 0.121 0.038 0.129 0.099 0.101 0.071 0.111 0.113 0.120 0.223 
 106   (0.006) 0.001 0.001 0.001 0.003 0.001 0.002 0.005 0.002 0.002 0.000 0.003 0.001 0.004 0.005 0.005 0.000 

Locus 43 : 43 
6 alleles
1.6% missing data
 101   (0.308) 0.036 0.293 0.221 0.377 0.092 0.470 0.288 0.211 0.441 0.182 0.310 0.226 0.315 0.254 0.299 0.473 
 103   (0.321) 0.229 0.392 0.456 0.234 0.450 0.281 0.329 0.134 0.409 0.349 0.253 0.371 0.323 0.331 0.315 0.175 
  99   (0.139) 0.420 0.055 0.099 0.192 0.072 0.064 0.149 0.589 0.038 0.009 0.180 0.214 0.131 0.153 0.146 0.030 
  95   (0.210) 0.177 0.256 0.222 0.183 0.385 0.181 0.214 0.062 0.109 0.459 0.241 0.186 0.213 0.244 0.219 0.321 
  97   (0.016) 0.137 0.003 0.002 0.011 0.001 0.003 0.016 0.003 0.003 0.001 0.011 0.001 0.013 0.013 0.015 0.000 
  91   (0.006) 0.001 0.001 0.001 0.003 0.001 0.001 0.005 0.001 0.001 0.000 0.004 0.001 0.005 0.005 0.005 0.000 

Locus 44 : 44 
7 alleles
0.2% missing data
 177   (0.077) 0.009 0.049 0.047 0.049 0.010 0.065 0.080 0.016 0.022 0.005 0.060 0.164 0.092 0.079 0.080 0.064 
 191   (0.278) 0.280 0.331 0.136 0.286 0.054 0.306 0.316 0.329 0.120 0.098 0.296 0.110 0.297 0.321 0.292 0.186 
 181   (0.585) 0.523 0.607 0.731 0.624 0.932 0.616 0.549 0.573 0.848 0.864 0.600 0.720 0.551 0.551 0.568 0.748 
 179   (0.038) 0.186 0.009 0.005 0.032 0.003 0.009 0.039 0.078 0.006 0.002 0.034 0.003 0.046 0.033 0.043 0.001 
 183   (0.009) 0.001 0.002 0.003 0.005 0.001 0.002 0.008 0.002 0.002 0.001 0.005 0.001 0.006 0.007 0.007 0.000 
 193   (0.007) 0.001 0.001 0.078 0.003 0.001 0.001 0.005 0.001 0.001 0.000 0.003 0.001 0.005 0.004 0.005 0.000 
 189   (0.006) 0.001 0.001 0.001 0.002 0.000 0.001 0.004 0.001 0.001 0.030 0.002 0.001 0.003 0.004 0.004 0.000 

Locus 45 : 45 
6 alleles
0.9% missing data
 205   (0.465) 0.248 0.404 0.560 0.410 0.864 0.535 0.493 0.525 0.515 0.404 0.476 0.546 0.490 0.501 0.484 0.503 
 211   (0.231) 0.343 0.171 0.096 0.319 0.047 0.184 0.232 0.300 0.233 0.276 0.248 0.114 0.233 0.215 0.230 0.252 
 207   (0.144) 0.017 0.184 0.232 0.106 0.066 0.091 0.132 0.053 0.216 0.201 0.109 0.192 0.129 0.120 0.133 0.126 
 201   (0.072) 0.381 0.171 0.022 0.088 0.012 0.082 0.065 0.022 0.019 0.005 0.076 0.108 0.058 0.081 0.069 0.069 
 215   (0.079) 0.010 0.068 0.089 0.073 0.009 0.107 0.068 0.097 0.015 0.114 0.075 0.039 0.081 0.065 0.074 0.050 
 202   (0.008) 0.001 0.002 0.002 0.003 0.001 0.001 0.011 0.002 0.001 0.000 0.017 0.001 0.009 0.019 0.011 0.000 

Locus 46 : 46 
10 alleles
1.1% missing data
 144   (0.066) 0.008 0.079 0.023 0.081 0.054 0.015 0.059 0.055 0.014 0.128 0.084 0.080 0.066 0.074 0.065 0.255 
 158   (0.156) 0.020 0.192 0.032 0.138 0.035 0.264 0.156 0.196 0.081 0.082 0.133 0.396 0.136 0.140 0.151 0.113 
 168   (0.138) 0.212 0.063 0.039 0.117 0.059 0.137 0.153 0.033 0.033 0.107 0.177 0.066 0.144 0.170 0.152 0.223 
 166   (0.141) 0.124 0.075 0.353 0.108 0.460 0.085 0.130 0.040 0.063 0.390 0.101 0.132 0.126 0.130 0.127 0.323 
 142   (0.374) 0.048 0.538 0.482 0.322 0.377 0.442 0.379 0.653 0.720 0.285 0.357 0.295 0.413 0.364 0.385 0.082 
 170   (0.014) 0.002 0.003 0.002 0.033 0.002 0.004 0.010 0.003 0.003 0.001 0.020 0.001 0.012 0.010 0.012 0.001 
 156   (0.025) 0.468 0.016 0.004 0.013 0.002 0.005 0.027 0.005 0.010 0.001 0.013 0.014 0.024 0.030 0.024 0.001 
 162   (0.042) 0.114 0.012 0.058 0.060 0.005 0.038 0.037 0.008 0.009 0.003 0.046 0.004 0.042 0.036 0.041 0.001 
 164   (0.039) 0.004 0.021 0.005 0.124 0.005 0.010 0.042 0.007 0.066 0.002 0.065 0.011 0.034 0.042 0.039 0.001 
 160   (0.006) 0.001 0.001 0.001 0.003 0.001 0.001 0.005 0.001 0.001 0.000 0.003 0.001 0.004 0.005 0.005 0.000 

Locus 47 : 47 
7 alleles
8.7% missing data
 149   (0.341) 0.350 0.330 0.398 0.314 0.466 0.082 0.366 0.520 0.368 0.334 0.374 0.182 0.379 0.391 0.369 0.209 
 151   (0.185) 0.085 0.201 0.109 0.169 0.121 0.371 0.176 0.335 0.164 0.012 0.148 0.580 0.161 0.171 0.172 0.205 
 153   (0.197) 0.030 0.297 0.419 0.169 0.108 0.175 0.192 0.074 0.307 0.025 0.174 0.133 0.203 0.173 0.193 0.367 
 147   (0.028) 0.005 0.008 0.004 0.054 0.003 0.005 0.024 0.008 0.006 0.002 0.032 0.029 0.021 0.025 0.025 0.034 
 145   (0.229) 0.527 0.160 0.067 0.259 0.299 0.363 0.228 0.058 0.152 0.626 0.249 0.073 0.224 0.226 0.226 0.183 
 152   (0.007) 0.001 0.002 0.001 0.003 0.001 0.002 0.005 0.003 0.001 0.000 0.004 0.001 0.004 0.005 0.005 0.002 
 143   (0.012) 0.002 0.003 0.002 0.032 0.001 0.002 0.010 0.003 0.002 0.001 0.018 0.001 0.009 0.010 0.011 0.000 

Values of parameters used in structure:
DATAFILE=temp2_no_plains.str,	OUTFILE=k16/temp2_no_plains_k16_run7,	NUMINDS=450,	NUMLOCI=47,	MISSING=-9,	LABEL=1,	POPDATA=1,	POPFLAG=0,	PHENOTYPE=0,	EXTRACOLS=0,	MAXPOPS=16,	BURNIN=500000,	NUMREPS=750000,	USEPOPINFO=0,	INFERALPHA=1,	INFERLAMBDA=0,	POPSPECIFICLAMBDA=0,	POPALPHAS=0,	COMPUTEPROB=1,	NOADMIX=0,	ADMBURNIN=500,	UPDATEFREQ=100,	PRINTLIKES=0,	INTERMEDSAVE=0,	PRINTKLD=0,	PRINTNET=1,	PRINTLAMBDA=1,	ANCESTDIST=0,	NUMBOXES=1000,	ANCESTPINT=0.90000,	GENSBACK=2,	MIGRPRIOR=0.01000,	PRINTQHAT=0,	PRINTQSUM=1,	ALPHA=1.0000,	FREQSCORR=1,	FPRIORMEAN=0.0100,	FPRIORSD=0.0500,	ONEFST=0,	LAMBDA=1.0000,	UNIFPRIORALPHA=1,	ALPHAMAX=10.0000,	ALPHAPRIORA=1.0000,	ALPHAPRIORB=2.0000,	ALPHAPROPSD=0.0250,	STARTATPOPINFO=0,	RANDOMIZE=0,	LINKAGE=0,	METROFREQ=10,	REPORTHITRATE=0,	MARKOVPHASE=0,	PHASED=1,	PLOIDY=2,	PHASEINFO=0	LOCPRIOR=0, 	LOCPRIORINIT=1.000000, 	LOCDATA=0, 	LOCISPOP=1, 	LOCPRIORSTEP=0.100000, 	MAXLOCPRIOR=20.000000, 	SEED=323327,	
[STRAT parameters]:    NUMSIMSTATS=1000,	PHENOTYPECOL=-9,	POOLFREQ=10,	LOCUSxONLY=0,	EMERROR=0.00100,	MISSINGPHENO=-9,	