

----------------------------------------------------
STRUCTURE by Pritchard, Stephens and Donnelly (2000)
     and Falush, Stephens and Pritchard (2003)
       Code by Pritchard, Falush and Hubisz
             Version 2.3.4 (Jul 2012)
----------------------------------------------------



Command line arguments:   structure -D 178058 -K 16 -m mainparams -o k16/temp2_no_plains_k16_run10 
Input File:    temp2_no_plains.str

Run parameters:
   450 individuals
   47 loci
   16 populations assumed
   500000 Burn-in period
   750000 Reps
RANDOMIZE turned off


--------------------------------------------
Proportion of membership of each pre-defined
 population in each of the 16 clusters

Given    Inferred Clusters                                                                                                  Number of
 Pop       1      2      3      4      5      6      7      8      9     10     11     12     13     14     15     16      Individuals

  1:     0.033  0.011  0.010  0.010  0.004  0.010  0.013  0.010  0.010  0.047  0.012  0.009  0.792  0.012  0.010  0.006       63
  2:     0.013  0.007  0.006  0.007  0.006  0.008  0.008  0.007  0.007  0.831  0.007  0.005  0.069  0.005  0.008  0.006       20
  3:     0.107  0.022  0.015  0.019  0.005  0.010  0.040  0.018  0.012  0.094  0.023  0.006  0.593  0.014  0.011  0.008       21
  4:     0.514  0.007  0.009  0.007  0.004  0.014  0.012  0.007  0.008  0.032  0.008  0.005  0.353  0.006  0.007  0.007       31
  5:     0.021  0.009  0.007  0.008  0.005  0.015  0.006  0.008  0.007  0.033  0.009  0.004  0.832  0.019  0.012  0.005       21
  6:     0.012  0.020  0.016  0.019  0.005  0.005  0.759  0.017  0.015  0.010  0.020  0.012  0.011  0.033  0.024  0.023       25
  7:     0.112  0.055  0.051  0.054  0.011  0.011  0.019  0.051  0.015  0.021  0.054  0.015  0.456  0.022  0.012  0.039        8
  8:     0.017  0.009  0.007  0.009  0.005  0.338  0.008  0.008  0.009  0.040  0.009  0.005  0.497  0.010  0.025  0.004       17
  9:     0.004  0.005  0.005  0.005  0.003  0.003  0.006  0.005  0.005  0.007  0.005  0.929  0.004  0.005  0.005  0.005       29
 10:     0.002  0.003  0.003  0.003  0.965  0.003  0.003  0.003  0.002  0.002  0.003  0.002  0.002  0.002  0.002  0.002        9
 11:     0.014  0.165  0.132  0.158  0.009  0.009  0.050  0.160  0.016  0.010  0.153  0.015  0.009  0.055  0.019  0.025       26
 12:     0.012  0.105  0.142  0.109  0.010  0.011  0.025  0.115  0.037  0.013  0.112  0.012  0.011  0.109  0.132  0.046       74
 13:     0.011  0.074  0.068  0.069  0.007  0.009  0.018  0.072  0.080  0.013  0.071  0.015  0.017  0.109  0.295  0.070       35
 14:     0.012  0.045  0.026  0.043  0.009  0.007  0.022  0.036  0.290  0.014  0.045  0.008  0.025  0.191  0.212  0.013       24
 15:     0.011  0.163  0.148  0.154  0.010  0.007  0.033  0.157  0.018  0.012  0.160  0.027  0.018  0.046  0.025  0.012       43
 16:     0.012  0.174  0.098  0.217  0.003  0.053  0.012  0.191  0.009  0.034  0.131  0.009  0.011  0.021  0.013  0.012        4
--------------------------------------------

Allele-freq. divergence among pops (Net nucleotide distance),
computed using point estimates of P.

      1       2       3       4       5       6       7       8       9      10      11      12      13      14      15      16      
 1      -    0.0399  0.0436  0.0409  0.1456  0.1353  0.0593  0.0408  0.0708  0.0676  0.0399  0.0971  0.0433  0.0612  0.0686  0.0837  
 2   0.0399     -    0.0037  0.0001  0.0990  0.0995  0.0195  0.0003  0.0311  0.0502  0.0002  0.0544  0.0295  0.0156  0.0204  0.0506  
 3   0.0436  0.0037     -    0.0034  0.1032  0.1049  0.0219  0.0021  0.0355  0.0569  0.0029  0.0601  0.0308  0.0197  0.0260  0.0577  
 4   0.0409  0.0001  0.0034     -    0.1009  0.0990  0.0201  0.0002  0.0317  0.0517  0.0002  0.0557  0.0302  0.0156  0.0205  0.0513  
 5   0.1456  0.0990  0.1032  0.1009     -    0.2004  0.1071  0.1005  0.1384  0.1723  0.0990  0.1338  0.1420  0.1248  0.1311  0.1701  
 6   0.1353  0.0995  0.1049  0.0990  0.2004     -    0.1206  0.1008  0.1531  0.1232  0.0991  0.1600  0.1038  0.1250  0.1196  0.1524  
 7   0.0593  0.0195  0.0219  0.0201  0.1071  0.1206     -    0.0201  0.0463  0.0659  0.0188  0.0620  0.0457  0.0373  0.0421  0.0624  
 8   0.0408  0.0003  0.0021  0.0002  0.1005  0.1008  0.0201     -    0.0323  0.0525  0.0003  0.0562  0.0301  0.0166  0.0218  0.0522  
 9   0.0708  0.0311  0.0355  0.0317  0.1384  0.1531  0.0463  0.0323     -    0.0750  0.0306  0.0804  0.0678  0.0330  0.0330  0.0781  
10   0.0676  0.0502  0.0569  0.0517  0.1723  0.1232  0.0659  0.0525  0.0750     -    0.0506  0.0960  0.0333  0.0648  0.0631  0.0926  
11   0.0399  0.0002  0.0029  0.0002  0.0990  0.0991  0.0188  0.0003  0.0306  0.0506     -    0.0545  0.0290  0.0149  0.0201  0.0508  
12   0.0971  0.0544  0.0601  0.0557  0.1338  0.1600  0.0620  0.0562  0.0804  0.0960  0.0545     -    0.0830  0.0732  0.0771  0.1093  
13   0.0433  0.0295  0.0308  0.0302  0.1420  0.1038  0.0457  0.0301  0.0678  0.0333  0.0290  0.0830     -    0.0487  0.0476  0.0809  
14   0.0612  0.0156  0.0197  0.0156  0.1248  0.1250  0.0373  0.0166  0.0330  0.0648  0.0149  0.0732  0.0487     -    0.0239  0.0591  
15   0.0686  0.0204  0.0260  0.0205  0.1311  0.1196  0.0421  0.0218  0.0330  0.0631  0.0201  0.0771  0.0476  0.0239     -    0.0682  
16   0.0837  0.0506  0.0577  0.0513  0.1701  0.1524  0.0624  0.0522  0.0781  0.0926  0.0508  0.1093  0.0809  0.0591  0.0682     -    

Average distances (expected heterozygosity) between individuals in same cluster:
cluster  1  : 0.5344 
cluster  2  : 0.6408 
cluster  3  : 0.6248 
cluster  4  : 0.6390 
cluster  5  : 0.5335 
cluster  6  : 0.4347 
cluster  7  : 0.5944 
cluster  8  : 0.6366 
cluster  9  : 0.5566 
cluster 10  : 0.4843 
cluster 11  : 0.6408 
cluster 12  : 0.5437 
cluster 13  : 0.5424 
cluster 14  : 0.5854 
cluster 15  : 0.5579 
cluster 16  : 0.5332 

--------------------------------------------
Estimated Ln Prob of Data   = -49137.2
Mean value of ln likelihood = -45888.4
Variance of ln likelihood   = 6497.7
Mean value of alpha         = 0.0357

Mean value of Fst_1         = 0.1835
Mean value of Fst_2         = 0.0169
Mean value of Fst_3         = 0.0454
Mean value of Fst_4         = 0.0293
Mean value of Fst_5         = 0.3103
Mean value of Fst_6         = 0.4012
Mean value of Fst_7         = 0.0939
Mean value of Fst_8         = 0.0328
Mean value of Fst_9         = 0.1650
Mean value of Fst_10         = 0.2198
Mean value of Fst_11         = 0.0168
Mean value of Fst_12         = 0.2142
Mean value of Fst_13         = 0.1398
Mean value of Fst_14         = 0.0980
Mean value of Fst_15         = 0.1127
Mean value of Fst_16         = 0.2498


Inferred ancestry of individuals:
        Label (%Miss) Pop:  Inferred clusters
  1      221    (0)    1 :  0.007 0.007 0.007 0.006 0.003 0.004 0.015 0.006 0.006 0.006 0.006 0.002 0.908 0.006 0.008 0.003 
  2      222    (0)    1 :  0.504 0.010 0.009 0.009 0.004 0.007 0.007 0.009 0.004 0.028 0.009 0.010 0.364 0.007 0.009 0.010 
  3      223    (0)    1 :  0.006 0.008 0.016 0.009 0.003 0.007 0.008 0.010 0.004 0.009 0.010 0.003 0.883 0.009 0.010 0.005 
  4      224    (0)    1 :  0.005 0.003 0.003 0.003 0.001 0.005 0.004 0.003 0.003 0.037 0.003 0.006 0.912 0.003 0.003 0.004 
  5      225    (0)    1 :  0.005 0.005 0.005 0.004 0.002 0.003 0.003 0.004 0.003 0.005 0.005 0.003 0.941 0.004 0.004 0.003 
  6      226    (0)    1 :  0.003 0.005 0.007 0.005 0.006 0.004 0.013 0.005 0.002 0.010 0.006 0.002 0.915 0.004 0.003 0.008 
  7      227    (0)    1 :  0.003 0.013 0.015 0.012 0.018 0.005 0.044 0.013 0.005 0.023 0.013 0.005 0.815 0.007 0.006 0.004 
  8      228    (0)    1 :  0.008 0.013 0.011 0.012 0.003 0.016 0.008 0.011 0.004 0.141 0.013 0.005 0.693 0.012 0.038 0.011 
  9      234    (0)    1 :  0.007 0.004 0.004 0.004 0.002 0.004 0.004 0.004 0.004 0.011 0.004 0.002 0.931 0.004 0.005 0.004 
 10      235    (0)    1 :  0.008 0.004 0.003 0.004 0.003 0.004 0.004 0.003 0.002 0.010 0.003 0.002 0.942 0.003 0.003 0.002 
 11      236    (0)    1 :  0.003 0.003 0.003 0.003 0.002 0.021 0.005 0.003 0.002 0.041 0.004 0.002 0.901 0.002 0.003 0.002 
 12      237    (0)    1 :  0.009 0.004 0.005 0.004 0.001 0.003 0.003 0.004 0.005 0.011 0.004 0.002 0.929 0.006 0.005 0.004 
 13      238    (0)    1 :  0.034 0.009 0.009 0.009 0.003 0.003 0.024 0.009 0.006 0.016 0.010 0.014 0.830 0.015 0.005 0.004 
 14      239    (0)    1 :  0.015 0.037 0.051 0.034 0.006 0.025 0.080 0.041 0.009 0.299 0.041 0.012 0.319 0.008 0.016 0.009 
 15      240    (0)    1 :  0.006 0.004 0.004 0.004 0.002 0.007 0.007 0.004 0.004 0.012 0.004 0.003 0.928 0.003 0.004 0.004 
 16      242    (0)    1 :  0.222 0.076 0.095 0.054 0.001 0.003 0.011 0.052 0.007 0.015 0.101 0.002 0.312 0.022 0.020 0.007 
 17      243    (0)    1 :  0.019 0.019 0.013 0.019 0.017 0.007 0.030 0.016 0.006 0.121 0.021 0.020 0.668 0.009 0.005 0.010 
 18      244    (0)    1 :  0.012 0.007 0.012 0.008 0.011 0.002 0.019 0.009 0.002 0.008 0.008 0.003 0.890 0.003 0.003 0.003 
 19      245    (0)    1 :  0.004 0.016 0.012 0.016 0.010 0.052 0.013 0.013 0.024 0.015 0.016 0.007 0.768 0.017 0.009 0.007 
 20      246    (0)    1 :  0.010 0.005 0.003 0.005 0.005 0.003 0.003 0.005 0.002 0.010 0.004 0.003 0.933 0.003 0.003 0.003 
 21      248    (0)    1 :  0.024 0.007 0.006 0.006 0.002 0.008 0.005 0.007 0.003 0.005 0.006 0.020 0.891 0.005 0.004 0.002 
 22      249    (0)    1 :  0.002 0.003 0.003 0.003 0.001 0.002 0.004 0.002 0.002 0.011 0.003 0.002 0.954 0.003 0.003 0.004 
 23      250    (0)    1 :  0.006 0.021 0.016 0.018 0.005 0.016 0.012 0.019 0.007 0.417 0.021 0.008 0.381 0.029 0.017 0.006 
 24      251    (0)    1 :  0.016 0.006 0.005 0.005 0.004 0.006 0.004 0.005 0.006 0.028 0.006 0.003 0.883 0.008 0.012 0.002 
 25      252    (0)    1 :  0.004 0.008 0.007 0.008 0.001 0.005 0.007 0.008 0.011 0.020 0.008 0.034 0.839 0.020 0.011 0.008 
 26      253    (0)    1 :  0.003 0.031 0.032 0.036 0.004 0.008 0.011 0.035 0.003 0.332 0.033 0.029 0.428 0.007 0.004 0.004 
 27      254    (0)    1 :  0.004 0.006 0.007 0.006 0.002 0.004 0.008 0.007 0.005 0.018 0.006 0.003 0.911 0.006 0.004 0.003 
 28      255    (0)    1 :  0.190 0.018 0.013 0.016 0.003 0.020 0.042 0.017 0.005 0.010 0.018 0.006 0.618 0.007 0.011 0.004 
 29      256    (0)    1 :  0.041 0.010 0.006 0.009 0.003 0.003 0.004 0.008 0.004 0.006 0.010 0.002 0.871 0.008 0.005 0.013 
 30      257    (0)    1 :  0.005 0.007 0.008 0.006 0.003 0.003 0.014 0.007 0.009 0.003 0.007 0.008 0.903 0.007 0.008 0.003 
 31      258    (0)    1 :  0.021 0.009 0.008 0.009 0.002 0.009 0.010 0.009 0.014 0.017 0.009 0.003 0.856 0.010 0.011 0.003 
 32      259    (0)    1 :  0.011 0.018 0.012 0.017 0.002 0.003 0.007 0.016 0.025 0.058 0.014 0.003 0.796 0.006 0.006 0.006 
 33      260    (0)    1 :  0.005 0.007 0.006 0.007 0.006 0.034 0.035 0.006 0.003 0.053 0.008 0.088 0.725 0.007 0.005 0.003 
 34      261    (0)    1 :  0.006 0.014 0.006 0.014 0.002 0.003 0.016 0.011 0.129 0.031 0.015 0.008 0.653 0.070 0.015 0.005 
 35      262    (0)    1 :  0.007 0.002 0.002 0.002 0.001 0.002 0.002 0.002 0.003 0.018 0.002 0.003 0.946 0.002 0.003 0.003 
 36      263    (0)    1 :  0.012 0.006 0.005 0.005 0.005 0.005 0.037 0.005 0.005 0.008 0.006 0.024 0.864 0.006 0.004 0.005 
 37      264    (0)    1 :  0.010 0.005 0.004 0.005 0.002 0.003 0.007 0.005 0.010 0.028 0.005 0.003 0.887 0.005 0.005 0.015 
 38      265    (0)    1 :  0.026 0.007 0.005 0.006 0.002 0.008 0.022 0.006 0.007 0.021 0.006 0.049 0.822 0.004 0.006 0.005 
 39      266    (0)    1 :  0.009 0.004 0.004 0.004 0.001 0.007 0.003 0.004 0.002 0.122 0.004 0.003 0.821 0.004 0.004 0.003 
 40      267    (0)    1 :  0.019 0.003 0.004 0.003 0.002 0.002 0.003 0.003 0.002 0.006 0.003 0.001 0.937 0.002 0.004 0.004 
 41      268    (0)    1 :  0.004 0.008 0.007 0.008 0.008 0.004 0.008 0.007 0.004 0.064 0.009 0.066 0.781 0.013 0.006 0.005 
 42      269    (0)    1 :  0.008 0.003 0.003 0.003 0.002 0.021 0.004 0.003 0.007 0.028 0.004 0.003 0.901 0.004 0.003 0.003 
 43      270    (0)    1 :  0.004 0.003 0.004 0.003 0.002 0.003 0.005 0.003 0.003 0.005 0.003 0.002 0.933 0.003 0.004 0.019 
 44      271    (0)    1 :  0.010 0.023 0.020 0.023 0.003 0.062 0.012 0.024 0.025 0.007 0.030 0.011 0.703 0.035 0.008 0.006 
 45      272    (0)    1 :  0.401 0.039 0.015 0.030 0.007 0.013 0.007 0.025 0.102 0.024 0.034 0.005 0.258 0.009 0.009 0.021 
 46      273    (0)    1 :  0.017 0.019 0.019 0.018 0.002 0.012 0.048 0.019 0.011 0.071 0.019 0.003 0.693 0.008 0.021 0.021 
 47      274    (0)    1 :  0.004 0.005 0.004 0.004 0.003 0.006 0.008 0.004 0.014 0.008 0.005 0.006 0.917 0.005 0.006 0.003 
 48      275    (2)    1 :  0.007 0.004 0.004 0.004 0.001 0.003 0.005 0.004 0.003 0.004 0.004 0.002 0.945 0.003 0.005 0.003 
 49      276    (0)    1 :  0.005 0.005 0.006 0.005 0.002 0.005 0.004 0.006 0.007 0.006 0.006 0.004 0.920 0.009 0.006 0.004 
 50      277    (0)    1 :  0.003 0.014 0.008 0.016 0.001 0.016 0.009 0.012 0.010 0.025 0.015 0.002 0.697 0.109 0.057 0.007 
 51      278    (0)    1 :  0.014 0.010 0.008 0.009 0.007 0.005 0.005 0.009 0.009 0.010 0.011 0.005 0.818 0.058 0.019 0.002 
 52      279    (0)    1 :  0.024 0.018 0.016 0.020 0.002 0.003 0.008 0.020 0.004 0.155 0.017 0.003 0.689 0.010 0.006 0.005 
 53      280    (0)    1 :  0.008 0.016 0.015 0.014 0.003 0.082 0.023 0.015 0.010 0.087 0.017 0.006 0.645 0.022 0.035 0.004 
 54      287    (0)    1 :  0.005 0.021 0.011 0.017 0.005 0.003 0.016 0.015 0.007 0.032 0.018 0.007 0.813 0.010 0.012 0.007 
 55      290    (0)    1 :  0.045 0.011 0.009 0.011 0.006 0.006 0.008 0.011 0.010 0.007 0.010 0.003 0.832 0.008 0.009 0.015 
 56      291    (0)    1 :  0.004 0.016 0.008 0.014 0.004 0.017 0.008 0.012 0.012 0.052 0.013 0.007 0.765 0.022 0.044 0.004 
 57      295    (0)    1 :  0.010 0.005 0.004 0.005 0.001 0.003 0.006 0.005 0.007 0.186 0.006 0.003 0.691 0.008 0.056 0.004 
 58      296    (0)    1 :  0.007 0.004 0.006 0.004 0.004 0.005 0.004 0.004 0.003 0.008 0.005 0.004 0.924 0.005 0.003 0.010 
 59      872    (2)    1 :  0.132 0.007 0.005 0.006 0.007 0.004 0.006 0.006 0.004 0.066 0.007 0.008 0.724 0.008 0.005 0.005 
 60      873    (4)    1 :  0.022 0.013 0.009 0.010 0.004 0.009 0.011 0.010 0.003 0.011 0.014 0.003 0.853 0.008 0.003 0.016 
 61      874    (2)    1 :  0.012 0.005 0.006 0.005 0.002 0.002 0.006 0.005 0.012 0.019 0.005 0.003 0.886 0.022 0.008 0.004 
 62      875    (0)    1 :  0.015 0.006 0.006 0.005 0.017 0.007 0.006 0.006 0.005 0.010 0.007 0.003 0.895 0.004 0.005 0.003 
 63      876    (6)    1 :  0.005 0.007 0.011 0.008 0.001 0.005 0.019 0.008 0.007 0.008 0.008 0.010 0.875 0.011 0.012 0.004 
 64      070    (0)   10 :  0.003 0.005 0.004 0.005 0.954 0.001 0.003 0.004 0.003 0.002 0.004 0.002 0.003 0.003 0.002 0.002 
 65      071    (0)   10 :  0.002 0.003 0.003 0.003 0.954 0.005 0.004 0.003 0.003 0.002 0.003 0.006 0.002 0.003 0.003 0.002 
 66      072    (0)   10 :  0.002 0.002 0.002 0.002 0.974 0.003 0.002 0.002 0.002 0.001 0.002 0.001 0.002 0.001 0.002 0.001 
 67      151    (0)   10 :  0.001 0.002 0.002 0.001 0.977 0.001 0.002 0.001 0.002 0.002 0.002 0.002 0.001 0.002 0.002 0.001 
 68      152    (0)   10 :  0.002 0.006 0.005 0.005 0.942 0.005 0.004 0.005 0.003 0.003 0.005 0.002 0.002 0.003 0.005 0.002 
 69      153    (2)   10 :  0.002 0.002 0.002 0.002 0.978 0.001 0.002 0.001 0.001 0.001 0.001 0.002 0.001 0.001 0.001 0.001 
 70      788    (4)   10 :  0.002 0.003 0.002 0.003 0.961 0.003 0.003 0.003 0.003 0.003 0.003 0.002 0.002 0.003 0.004 0.001 
 71      789    (2)   10 :  0.002 0.002 0.002 0.002 0.970 0.002 0.002 0.002 0.002 0.002 0.002 0.003 0.002 0.002 0.002 0.001 
 72      790    (0)   10 :  0.002 0.002 0.002 0.002 0.971 0.003 0.002 0.002 0.001 0.002 0.002 0.001 0.002 0.001 0.002 0.001 
 73      010    (0)   11 :  0.007 0.168 0.170 0.223 0.002 0.008 0.011 0.222 0.004 0.007 0.144 0.004 0.005 0.013 0.005 0.008 
 74      024    (0)   11 :  0.005 0.262 0.057 0.178 0.006 0.005 0.009 0.142 0.030 0.006 0.251 0.010 0.005 0.017 0.011 0.007 
 75      051    (0)   11 :  0.007 0.135 0.117 0.169 0.015 0.004 0.211 0.169 0.005 0.006 0.128 0.008 0.005 0.011 0.005 0.005 
 76      090    (0)   11 :  0.008 0.209 0.122 0.174 0.008 0.003 0.057 0.154 0.008 0.005 0.200 0.005 0.007 0.014 0.012 0.014 
 77      102    (0)   11 :  0.030 0.160 0.060 0.156 0.002 0.004 0.016 0.115 0.012 0.013 0.153 0.003 0.025 0.166 0.073 0.012 
 78      111    (0)   11 :  0.020 0.168 0.127 0.208 0.002 0.068 0.010 0.177 0.026 0.007 0.145 0.004 0.006 0.022 0.006 0.005 
 79      113    (0)   11 :  0.035 0.150 0.150 0.163 0.006 0.004 0.070 0.204 0.042 0.010 0.104 0.005 0.005 0.025 0.021 0.007 
 80      138    (0)   11 :  0.003 0.079 0.339 0.101 0.044 0.003 0.018 0.142 0.006 0.004 0.132 0.084 0.012 0.017 0.013 0.003 
 81      150    (0)   11 :  0.007 0.027 0.056 0.029 0.018 0.002 0.070 0.029 0.021 0.005 0.044 0.004 0.021 0.614 0.046 0.006 
 82      173    (2)   11 :  0.006 0.183 0.057 0.098 0.025 0.007 0.187 0.117 0.038 0.010 0.186 0.016 0.005 0.014 0.014 0.034 
 83      174    (2)   11 :  0.022 0.123 0.283 0.162 0.026 0.004 0.015 0.220 0.015 0.010 0.096 0.004 0.008 0.004 0.003 0.006 
 84      175    (0)   11 :  0.011 0.203 0.114 0.207 0.008 0.002 0.020 0.213 0.005 0.003 0.179 0.003 0.003 0.016 0.006 0.006 
 85      176    (0)   11 :  0.018 0.257 0.076 0.203 0.005 0.007 0.008 0.183 0.006 0.023 0.161 0.011 0.014 0.020 0.005 0.003 
 86      177    (0)   11 :  0.008 0.148 0.099 0.134 0.004 0.002 0.236 0.148 0.049 0.005 0.137 0.002 0.003 0.012 0.009 0.004 
 87      180    (0)   11 :  0.098 0.141 0.133 0.135 0.004 0.005 0.118 0.163 0.006 0.014 0.140 0.007 0.021 0.005 0.005 0.005 
 88      184    (0)   11 :  0.004 0.093 0.327 0.106 0.015 0.005 0.014 0.160 0.013 0.009 0.110 0.005 0.005 0.085 0.015 0.034 
 89      195    (0)   11 :  0.004 0.182 0.118 0.186 0.007 0.031 0.013 0.230 0.009 0.012 0.161 0.015 0.004 0.014 0.010 0.006 
 90      198    (0)   11 :  0.016 0.156 0.210 0.173 0.003 0.034 0.018 0.158 0.005 0.006 0.175 0.006 0.011 0.020 0.007 0.003 
 91      203    (0)   11 :  0.009 0.191 0.102 0.223 0.009 0.003 0.011 0.158 0.011 0.009 0.212 0.005 0.006 0.035 0.007 0.009 
 92      211    (0)   11 :  0.004 0.245 0.072 0.125 0.003 0.003 0.008 0.151 0.036 0.038 0.168 0.080 0.019 0.035 0.010 0.004 
 93      220    (0)   11 :  0.008 0.128 0.068 0.148 0.002 0.007 0.083 0.128 0.037 0.004 0.122 0.010 0.005 0.215 0.026 0.010 
 94      233    (0)   11 :  0.004 0.204 0.051 0.122 0.006 0.002 0.018 0.110 0.020 0.015 0.194 0.047 0.007 0.005 0.163 0.033 
 95      331    (0)   11 :  0.005 0.202 0.108 0.215 0.008 0.008 0.032 0.167 0.010 0.006 0.200 0.005 0.005 0.017 0.005 0.008 
 96      349    (0)   11 :  0.009 0.102 0.060 0.110 0.011 0.005 0.036 0.137 0.005 0.004 0.091 0.006 0.007 0.009 0.013 0.398 
 97      410    (0)   11 :  0.010 0.190 0.223 0.145 0.003 0.003 0.016 0.169 0.008 0.004 0.180 0.027 0.009 0.005 0.003 0.005 
 98      417    (2)   11 :  0.007 0.173 0.141 0.212 0.002 0.007 0.007 0.200 0.004 0.019 0.163 0.005 0.024 0.020 0.008 0.008 
 99      421    (0)   12 :  0.004 0.007 0.008 0.008 0.002 0.052 0.004 0.008 0.009 0.008 0.008 0.005 0.007 0.007 0.856 0.008 
100      423    (0)   12 :  0.009 0.203 0.112 0.172 0.008 0.003 0.009 0.260 0.003 0.004 0.159 0.003 0.006 0.020 0.004 0.024 
101      424    (0)   12 :  0.025 0.085 0.152 0.097 0.002 0.005 0.341 0.122 0.018 0.014 0.104 0.003 0.012 0.007 0.005 0.008 
102      433    (0)   12 :  0.004 0.076 0.131 0.160 0.002 0.003 0.008 0.129 0.033 0.004 0.084 0.016 0.004 0.185 0.158 0.004 
103      462    (0)   12 :  0.009 0.153 0.105 0.136 0.002 0.007 0.096 0.178 0.015 0.005 0.122 0.022 0.009 0.032 0.095 0.013 
104      463    (0)   12 :  0.005 0.184 0.145 0.180 0.003 0.019 0.007 0.196 0.006 0.009 0.161 0.004 0.012 0.013 0.006 0.052 
105      467    (0)   12 :  0.005 0.022 0.011 0.018 0.008 0.004 0.014 0.015 0.188 0.092 0.023 0.012 0.014 0.203 0.354 0.017 
106      468    (0)   12 :  0.007 0.008 0.007 0.008 0.003 0.026 0.007 0.008 0.010 0.009 0.009 0.002 0.017 0.021 0.094 0.763 
107      469    (0)   12 :  0.008 0.125 0.083 0.156 0.002 0.032 0.006 0.139 0.040 0.010 0.110 0.002 0.060 0.095 0.127 0.003 
108      472    (0)   12 :  0.002 0.272 0.066 0.163 0.005 0.014 0.009 0.147 0.004 0.016 0.224 0.008 0.006 0.026 0.032 0.006 
109      473    (0)   12 :  0.004 0.026 0.023 0.028 0.003 0.005 0.007 0.024 0.009 0.007 0.025 0.008 0.002 0.008 0.006 0.815 
110      474    (0)   12 :  0.003 0.003 0.004 0.003 0.001 0.002 0.004 0.003 0.004 0.005 0.003 0.006 0.005 0.932 0.005 0.017 
111      475    (0)   12 :  0.006 0.109 0.119 0.132 0.003 0.003 0.009 0.130 0.019 0.003 0.109 0.003 0.004 0.046 0.280 0.025 
112      476    (2)   12 :  0.006 0.006 0.004 0.006 0.009 0.002 0.005 0.005 0.013 0.003 0.005 0.011 0.003 0.896 0.005 0.021 
113      477    (0)   12 :  0.005 0.206 0.050 0.240 0.005 0.003 0.007 0.189 0.007 0.004 0.207 0.018 0.009 0.017 0.019 0.014 
114      478    (0)   12 :  0.051 0.197 0.052 0.161 0.002 0.003 0.015 0.123 0.148 0.032 0.172 0.002 0.008 0.012 0.019 0.004 
115      479    (0)   12 :  0.005 0.019 0.186 0.031 0.004 0.016 0.012 0.047 0.004 0.009 0.052 0.003 0.014 0.503 0.090 0.005 
116      480    (0)   12 :  0.004 0.006 0.007 0.006 0.002 0.001 0.005 0.007 0.018 0.002 0.006 0.002 0.003 0.009 0.905 0.017 
117      481    (0)   12 :  0.011 0.168 0.150 0.127 0.053 0.004 0.013 0.141 0.008 0.009 0.180 0.003 0.006 0.085 0.025 0.017 
118      482    (0)   12 :  0.005 0.143 0.125 0.129 0.002 0.079 0.017 0.138 0.128 0.008 0.134 0.052 0.005 0.010 0.021 0.004 
119      489    (0)   12 :  0.005 0.188 0.111 0.201 0.005 0.006 0.008 0.220 0.019 0.004 0.158 0.016 0.005 0.009 0.022 0.025 
120      490    (0)   12 :  0.008 0.020 0.547 0.075 0.004 0.005 0.012 0.170 0.026 0.009 0.087 0.003 0.018 0.006 0.008 0.004 
121      491    (0)   12 :  0.004 0.174 0.096 0.103 0.009 0.008 0.086 0.102 0.008 0.004 0.206 0.125 0.005 0.040 0.020 0.009 
122      492    (0)   12 :  0.038 0.012 0.009 0.012 0.003 0.003 0.007 0.012 0.012 0.011 0.012 0.009 0.012 0.817 0.007 0.024 
123      493    (0)   12 :  0.004 0.053 0.024 0.053 0.009 0.005 0.023 0.055 0.004 0.017 0.046 0.006 0.007 0.611 0.081 0.004 
124      494    (0)   12 :  0.004 0.087 0.177 0.106 0.028 0.010 0.018 0.112 0.009 0.004 0.105 0.039 0.005 0.038 0.247 0.010 
125      498    (0)   12 :  0.013 0.221 0.123 0.124 0.008 0.003 0.007 0.128 0.006 0.011 0.198 0.004 0.023 0.077 0.009 0.044 
126      499    (0)   12 :  0.006 0.174 0.111 0.198 0.004 0.003 0.045 0.167 0.020 0.012 0.200 0.007 0.009 0.031 0.007 0.006 
127      709    (0)   12 :  0.009 0.163 0.173 0.130 0.087 0.017 0.012 0.167 0.016 0.007 0.160 0.012 0.009 0.029 0.006 0.004 
128      710    (4)   12 :  0.004 0.150 0.080 0.227 0.006 0.010 0.003 0.188 0.005 0.005 0.118 0.003 0.006 0.022 0.166 0.006 
129      711    (2)   12 :  0.060 0.176 0.080 0.170 0.006 0.021 0.098 0.129 0.006 0.043 0.163 0.004 0.010 0.012 0.016 0.007 
130      712    (4)   12 :  0.007 0.010 0.589 0.071 0.002 0.004 0.009 0.186 0.007 0.005 0.082 0.003 0.007 0.006 0.008 0.003 
131      713    (0)   12 :  0.005 0.215 0.091 0.213 0.004 0.020 0.009 0.175 0.006 0.004 0.221 0.009 0.005 0.010 0.003 0.011 
132      714    (2)   12 :  0.008 0.028 0.013 0.020 0.018 0.005 0.020 0.021 0.012 0.006 0.022 0.002 0.011 0.303 0.474 0.035 
133      715    (4)   12 :  0.010 0.018 0.021 0.016 0.012 0.011 0.026 0.017 0.095 0.105 0.019 0.037 0.017 0.023 0.570 0.003 
134      716    (0)   12 :  0.005 0.017 0.014 0.021 0.003 0.005 0.005 0.018 0.017 0.005 0.018 0.004 0.003 0.678 0.183 0.004 
135      717    (2)   12 :  0.101 0.096 0.062 0.130 0.003 0.009 0.012 0.102 0.278 0.010 0.117 0.011 0.006 0.026 0.028 0.011 
136      718    (4)   12 :  0.006 0.026 0.518 0.088 0.002 0.011 0.020 0.165 0.004 0.004 0.093 0.002 0.016 0.016 0.025 0.004 
137      719    (0)   12 :  0.002 0.004 0.004 0.004 0.002 0.005 0.002 0.004 0.005 0.003 0.004 0.002 0.003 0.004 0.952 0.003 
138      720    (2)   12 :  0.006 0.055 0.025 0.102 0.002 0.009 0.011 0.062 0.060 0.007 0.062 0.015 0.007 0.033 0.531 0.013 
139      721    (0)   12 :  0.005 0.077 0.036 0.089 0.039 0.014 0.020 0.076 0.019 0.005 0.077 0.007 0.005 0.469 0.036 0.027 
140      722    (4)   12 :  0.006 0.008 0.009 0.017 0.002 0.023 0.006 0.008 0.161 0.020 0.013 0.002 0.009 0.046 0.596 0.072 
141      723    (0)   12 :  0.007 0.018 0.008 0.013 0.008 0.002 0.003 0.011 0.009 0.003 0.017 0.005 0.003 0.030 0.860 0.002 
142      724    (0)   12 :  0.010 0.020 0.012 0.017 0.005 0.052 0.007 0.014 0.013 0.017 0.021 0.010 0.012 0.155 0.627 0.009 
143      725    (0)   12 :  0.009 0.254 0.084 0.172 0.004 0.010 0.014 0.175 0.014 0.014 0.179 0.011 0.005 0.008 0.028 0.020 
144      726    (0)   12 :  0.003 0.129 0.044 0.201 0.006 0.010 0.007 0.095 0.013 0.005 0.156 0.005 0.003 0.274 0.014 0.034 
145      727    (0)   12 :  0.003 0.109 0.083 0.103 0.010 0.008 0.013 0.109 0.012 0.010 0.110 0.011 0.005 0.394 0.013 0.007 
146      728    (2)   12 :  0.013 0.227 0.069 0.184 0.109 0.009 0.011 0.133 0.009 0.006 0.192 0.006 0.008 0.012 0.010 0.003 
147      729    (6)   12 :  0.005 0.220 0.073 0.209 0.005 0.004 0.015 0.134 0.038 0.004 0.247 0.004 0.006 0.013 0.020 0.004 
148      730    (2)   12 :  0.009 0.053 0.452 0.084 0.007 0.014 0.011 0.174 0.038 0.009 0.089 0.005 0.011 0.007 0.034 0.002 
149      731    (2)   12 :  0.004 0.031 0.555 0.089 0.002 0.004 0.005 0.174 0.003 0.004 0.097 0.002 0.010 0.008 0.005 0.006 
150      732    (0)   12 :  0.010 0.202 0.057 0.187 0.003 0.006 0.010 0.172 0.016 0.025 0.130 0.006 0.007 0.145 0.015 0.008 
151      733    (0)   12 :  0.008 0.166 0.110 0.207 0.004 0.037 0.014 0.154 0.025 0.006 0.195 0.003 0.013 0.029 0.027 0.003 
152      734    (2)   12 :  0.006 0.146 0.098 0.152 0.009 0.001 0.061 0.135 0.055 0.010 0.169 0.098 0.008 0.041 0.006 0.004 
153      735    (4)   12 :  0.008 0.182 0.118 0.161 0.004 0.007 0.034 0.124 0.010 0.003 0.205 0.008 0.006 0.011 0.051 0.067 
154      736    (2)   12 :  0.004 0.105 0.286 0.173 0.019 0.003 0.017 0.192 0.006 0.005 0.125 0.024 0.004 0.025 0.006 0.004 
155      737    (0)   12 :  0.031 0.047 0.468 0.094 0.013 0.004 0.016 0.175 0.005 0.007 0.093 0.004 0.014 0.014 0.003 0.013 
156      738    (2)   12 :  0.005 0.107 0.322 0.115 0.003 0.003 0.091 0.183 0.006 0.012 0.117 0.005 0.008 0.013 0.007 0.004 
157      739    (8)   12 :  0.005 0.051 0.485 0.079 0.015 0.004 0.013 0.154 0.013 0.005 0.100 0.007 0.012 0.015 0.035 0.009 
158      740    (4)   12 :  0.005 0.060 0.436 0.097 0.002 0.015 0.004 0.151 0.006 0.004 0.105 0.003 0.006 0.028 0.075 0.004 
159      741    (2)   12 :  0.069 0.119 0.153 0.130 0.002 0.022 0.009 0.120 0.065 0.042 0.147 0.020 0.044 0.017 0.016 0.025 
160      742    (4)   12 :  0.019 0.102 0.301 0.122 0.006 0.002 0.085 0.163 0.005 0.006 0.137 0.005 0.013 0.013 0.015 0.006 
161      743    (2)   12 :  0.005 0.013 0.012 0.018 0.002 0.004 0.008 0.014 0.707 0.005 0.017 0.013 0.007 0.071 0.101 0.003 
162      744    (0)   12 :  0.005 0.158 0.109 0.160 0.036 0.003 0.007 0.170 0.009 0.008 0.154 0.005 0.004 0.056 0.111 0.004 
163      745    (0)   12 :  0.021 0.117 0.051 0.089 0.015 0.016 0.008 0.068 0.037 0.034 0.102 0.005 0.034 0.011 0.383 0.009 
164      746    (2)   12 :  0.043 0.151 0.255 0.160 0.004 0.010 0.010 0.147 0.003 0.004 0.181 0.006 0.004 0.007 0.011 0.004 
165      747    (2)   12 :  0.007 0.080 0.349 0.098 0.006 0.006 0.062 0.170 0.004 0.014 0.107 0.022 0.032 0.014 0.013 0.016 
166      748    (0)   12 :  0.022 0.135 0.053 0.088 0.006 0.014 0.071 0.062 0.003 0.050 0.165 0.016 0.069 0.128 0.006 0.112 
167      749    (2)   12 :  0.007 0.185 0.096 0.166 0.013 0.030 0.061 0.179 0.019 0.010 0.196 0.019 0.006 0.004 0.006 0.003 
168      750    (4)   12 :  0.021 0.199 0.125 0.172 0.005 0.006 0.012 0.161 0.057 0.008 0.204 0.005 0.008 0.007 0.006 0.005 
169      751    (0)   12 :  0.007 0.231 0.071 0.152 0.016 0.009 0.051 0.151 0.023 0.009 0.231 0.007 0.010 0.007 0.013 0.012 
170      752    (2)   12 :  0.005 0.007 0.013 0.008 0.002 0.003 0.005 0.008 0.009 0.007 0.009 0.003 0.012 0.039 0.098 0.772 
171      753    (4)   12 :  0.005 0.174 0.069 0.157 0.013 0.013 0.037 0.168 0.009 0.038 0.130 0.033 0.018 0.023 0.049 0.064 
172      754    (2)   12 :  0.003 0.006 0.616 0.065 0.003 0.002 0.004 0.186 0.010 0.003 0.082 0.004 0.003 0.006 0.003 0.003 
173      155    (0)   13 :  0.006 0.218 0.072 0.151 0.005 0.006 0.009 0.172 0.010 0.006 0.233 0.044 0.030 0.024 0.008 0.006 
174      156    (2)   13 :  0.006 0.192 0.123 0.153 0.119 0.007 0.008 0.205 0.034 0.018 0.100 0.005 0.013 0.005 0.008 0.004 
175      157    (2)   13 :  0.005 0.020 0.548 0.076 0.002 0.004 0.006 0.189 0.022 0.005 0.076 0.009 0.004 0.005 0.006 0.022 
176      158    (0)   13 :  0.009 0.255 0.061 0.176 0.004 0.006 0.032 0.153 0.004 0.010 0.215 0.008 0.007 0.028 0.027 0.003 
177      159    (0)   13 :  0.007 0.210 0.106 0.131 0.012 0.106 0.012 0.116 0.004 0.007 0.217 0.003 0.013 0.029 0.014 0.013 
178      160    (0)   13 :  0.003 0.026 0.089 0.030 0.003 0.004 0.028 0.034 0.015 0.010 0.038 0.009 0.014 0.676 0.016 0.005 
179      161    (0)   13 :  0.003 0.099 0.306 0.168 0.003 0.010 0.010 0.197 0.023 0.003 0.112 0.010 0.005 0.030 0.011 0.009 
180      162    (0)   13 :  0.007 0.118 0.076 0.107 0.005 0.002 0.014 0.092 0.075 0.008 0.168 0.005 0.007 0.275 0.027 0.013 
181      163    (2)   13 :  0.008 0.146 0.195 0.170 0.009 0.002 0.049 0.265 0.016 0.006 0.105 0.004 0.004 0.004 0.006 0.013 
182      164    (0)   13 :  0.010 0.220 0.100 0.163 0.003 0.005 0.014 0.119 0.008 0.014 0.213 0.020 0.040 0.009 0.023 0.039 
183      165    (2)   13 :  0.005 0.234 0.133 0.216 0.004 0.004 0.003 0.253 0.005 0.027 0.092 0.004 0.005 0.006 0.005 0.005 
184      427    (0)   13 :  0.003 0.012 0.008 0.012 0.009 0.022 0.015 0.010 0.015 0.004 0.012 0.099 0.006 0.017 0.753 0.004 
185      428    (0)   13 :  0.005 0.009 0.005 0.011 0.003 0.013 0.033 0.008 0.006 0.026 0.009 0.004 0.006 0.031 0.814 0.017 
186      429    (0)   13 :  0.008 0.013 0.006 0.008 0.003 0.007 0.006 0.008 0.496 0.007 0.013 0.003 0.005 0.011 0.398 0.008 
187      430    (0)   13 :  0.048 0.141 0.061 0.152 0.002 0.005 0.059 0.103 0.024 0.013 0.155 0.004 0.020 0.173 0.012 0.029 
188      431    (0)   13 :  0.020 0.036 0.019 0.029 0.002 0.008 0.012 0.031 0.185 0.061 0.034 0.005 0.031 0.343 0.180 0.006 
189      435    (0)   13 :  0.004 0.006 0.006 0.007 0.002 0.003 0.004 0.006 0.247 0.003 0.007 0.002 0.004 0.062 0.628 0.008 
190      436    (0)   13 :  0.004 0.006 0.005 0.006 0.002 0.008 0.004 0.006 0.022 0.005 0.006 0.003 0.007 0.675 0.239 0.003 
191      437    (0)   13 :  0.006 0.023 0.011 0.036 0.002 0.026 0.005 0.021 0.008 0.049 0.037 0.005 0.036 0.520 0.208 0.008 
192      438    (0)   13 :  0.017 0.026 0.021 0.046 0.008 0.014 0.018 0.031 0.009 0.011 0.032 0.002 0.045 0.118 0.569 0.036 
193      439    (0)   13 :  0.034 0.115 0.129 0.088 0.005 0.004 0.016 0.094 0.030 0.007 0.128 0.004 0.012 0.106 0.187 0.040 
194      441    (0)   13 :  0.004 0.003 0.002 0.003 0.001 0.001 0.003 0.003 0.003 0.005 0.003 0.003 0.003 0.004 0.006 0.953 
195      442    (0)   13 :  0.003 0.019 0.008 0.015 0.006 0.002 0.011 0.014 0.063 0.010 0.018 0.195 0.009 0.010 0.602 0.015 
196      443    (4)   13 :  0.004 0.006 0.009 0.006 0.002 0.003 0.011 0.006 0.004 0.006 0.006 0.002 0.009 0.007 0.909 0.011 
197      444    (4)   13 :  0.003 0.007 0.006 0.007 0.004 0.009 0.007 0.007 0.011 0.004 0.008 0.009 0.007 0.007 0.903 0.002 
198      445    (2)   13 :  0.004 0.087 0.023 0.154 0.007 0.010 0.004 0.071 0.006 0.024 0.093 0.004 0.037 0.023 0.441 0.011 
199      446    (0)   13 :  0.002 0.004 0.004 0.004 0.003 0.002 0.005 0.004 0.945 0.003 0.004 0.004 0.003 0.005 0.007 0.002 
200      447    (0)   13 :  0.003 0.023 0.016 0.020 0.004 0.008 0.008 0.020 0.242 0.047 0.023 0.007 0.015 0.055 0.506 0.003 
201      449    (0)   13 :  0.004 0.004 0.003 0.004 0.002 0.003 0.003 0.003 0.005 0.003 0.004 0.005 0.006 0.009 0.942 0.003 
202      460    (0)   13 :  0.007 0.031 0.016 0.031 0.002 0.007 0.007 0.030 0.096 0.010 0.027 0.006 0.018 0.021 0.554 0.137 
203      461    (0)   13 :  0.013 0.101 0.098 0.101 0.002 0.007 0.047 0.095 0.021 0.012 0.112 0.008 0.024 0.204 0.148 0.006 
204      484    (0)   13 :  0.120 0.104 0.063 0.065 0.008 0.004 0.165 0.065 0.071 0.021 0.102 0.013 0.140 0.006 0.037 0.015 
205      485    (0)   13 :  0.004 0.013 0.016 0.016 0.002 0.002 0.003 0.015 0.011 0.005 0.015 0.004 0.004 0.083 0.796 0.010 
206      486    (0)   13 :  0.002 0.002 0.002 0.002 0.001 0.002 0.002 0.002 0.002 0.002 0.002 0.002 0.002 0.002 0.002 0.972 
207      487    (0)   13 :  0.008 0.062 0.037 0.071 0.003 0.006 0.013 0.058 0.077 0.009 0.067 0.011 0.006 0.219 0.343 0.011 
208      178    (0)   14 :  0.003 0.073 0.042 0.161 0.005 0.003 0.010 0.076 0.034 0.005 0.109 0.006 0.004 0.323 0.137 0.010 
209      422    (0)   14 :  0.006 0.014 0.027 0.015 0.003 0.003 0.006 0.015 0.264 0.013 0.015 0.003 0.015 0.052 0.547 0.004 
210      425    (0)   14 :  0.002 0.018 0.015 0.018 0.001 0.006 0.007 0.014 0.628 0.012 0.020 0.003 0.004 0.194 0.054 0.005 
211      426    (0)   14 :  0.005 0.100 0.061 0.078 0.124 0.003 0.217 0.078 0.080 0.006 0.120 0.023 0.003 0.084 0.015 0.003 
212      432    (0)   14 :  0.008 0.158 0.050 0.110 0.008 0.008 0.037 0.104 0.024 0.011 0.160 0.009 0.009 0.019 0.275 0.010 
213      434    (0)   14 :  0.004 0.003 0.003 0.003 0.002 0.004 0.004 0.003 0.949 0.005 0.003 0.003 0.003 0.004 0.006 0.002 
214      440    (0)   14 :  0.007 0.083 0.034 0.098 0.003 0.002 0.035 0.084 0.308 0.006 0.080 0.013 0.004 0.148 0.069 0.026 
215      448    (2)   14 :  0.025 0.008 0.009 0.008 0.002 0.033 0.011 0.008 0.019 0.005 0.008 0.013 0.012 0.008 0.824 0.006 
216      456    (0)   14 :  0.075 0.182 0.036 0.111 0.003 0.004 0.019 0.098 0.030 0.046 0.137 0.009 0.044 0.169 0.032 0.005 
217      457    (0)   14 :  0.024 0.095 0.032 0.074 0.006 0.009 0.020 0.065 0.034 0.017 0.077 0.005 0.014 0.169 0.329 0.031 
218      458    (0)   14 :  0.004 0.089 0.091 0.067 0.007 0.005 0.044 0.071 0.033 0.055 0.085 0.017 0.007 0.395 0.019 0.010 
219      459    (0)   14 :  0.004 0.014 0.015 0.016 0.003 0.002 0.011 0.014 0.010 0.007 0.013 0.005 0.007 0.010 0.861 0.008 
220      464    (0)   14 :  0.004 0.020 0.013 0.023 0.005 0.003 0.005 0.018 0.083 0.006 0.020 0.012 0.003 0.221 0.548 0.014 
221      465    (0)   14 :  0.006 0.008 0.010 0.008 0.001 0.002 0.004 0.009 0.402 0.005 0.009 0.002 0.004 0.508 0.014 0.007 
222      466    (0)   14 :  0.006 0.039 0.026 0.096 0.002 0.015 0.009 0.047 0.049 0.078 0.062 0.004 0.013 0.072 0.470 0.014 
223      470    (0)   14 :  0.006 0.008 0.008 0.008 0.002 0.003 0.012 0.009 0.018 0.003 0.008 0.006 0.004 0.270 0.537 0.099 
224      471    (0)   14 :  0.028 0.038 0.020 0.031 0.036 0.024 0.047 0.031 0.447 0.015 0.039 0.004 0.008 0.024 0.205 0.006 
225      483    (0)   14 :  0.003 0.005 0.009 0.005 0.002 0.002 0.006 0.006 0.920 0.003 0.005 0.006 0.003 0.004 0.016 0.004 
226      488    (0)   14 :  0.003 0.008 0.010 0.007 0.002 0.002 0.006 0.007 0.003 0.006 0.007 0.003 0.008 0.910 0.013 0.005 
227      495    (0)   14 :  0.015 0.010 0.018 0.012 0.001 0.003 0.006 0.011 0.767 0.005 0.013 0.003 0.016 0.077 0.040 0.003 
228      496    (0)   14 :  0.004 0.009 0.012 0.008 0.002 0.004 0.005 0.009 0.046 0.002 0.010 0.002 0.002 0.864 0.016 0.004 
229      497    (0)   14 :  0.028 0.008 0.005 0.008 0.002 0.004 0.002 0.006 0.867 0.003 0.009 0.030 0.005 0.006 0.013 0.002 
230      500    (0)   14 :  0.017 0.081 0.081 0.073 0.004 0.014 0.007 0.085 0.008 0.024 0.072 0.003 0.405 0.041 0.047 0.038 
231      879    (0)   14 :  0.002 0.003 0.004 0.003 0.002 0.001 0.006 0.004 0.937 0.003 0.003 0.005 0.002 0.004 0.016 0.004 
232      036    (0)   15 :  0.004 0.283 0.054 0.142 0.004 0.011 0.005 0.131 0.008 0.006 0.310 0.002 0.006 0.012 0.016 0.005 
233      063    (2)   15 :  0.030 0.182 0.106 0.199 0.004 0.003 0.042 0.205 0.009 0.012 0.125 0.015 0.013 0.019 0.025 0.010 
234      094    (4)   15 :  0.011 0.117 0.229 0.105 0.006 0.011 0.017 0.117 0.008 0.013 0.164 0.009 0.064 0.104 0.019 0.007 
235      103    (4)   15 :  0.020 0.224 0.132 0.214 0.003 0.004 0.003 0.253 0.005 0.025 0.091 0.005 0.004 0.005 0.006 0.006 
236      112    (0)   15 :  0.007 0.125 0.288 0.155 0.004 0.003 0.048 0.179 0.007 0.004 0.143 0.006 0.009 0.006 0.006 0.011 
237      114    (2)   15 :  0.004 0.200 0.127 0.155 0.003 0.008 0.004 0.170 0.011 0.006 0.202 0.004 0.005 0.075 0.012 0.015 
238      120    (0)   15 :  0.006 0.043 0.491 0.078 0.003 0.014 0.017 0.141 0.007 0.016 0.106 0.004 0.014 0.048 0.007 0.006 
239      127    (2)   15 :  0.005 0.178 0.080 0.117 0.003 0.005 0.069 0.127 0.005 0.010 0.182 0.007 0.006 0.119 0.004 0.083 
240      147    (0)   15 :  0.005 0.149 0.095 0.116 0.055 0.005 0.231 0.134 0.012 0.003 0.156 0.006 0.002 0.010 0.013 0.007 
241      166    (0)   15 :  0.008 0.144 0.101 0.117 0.033 0.003 0.107 0.143 0.006 0.008 0.148 0.023 0.004 0.129 0.023 0.004 
242      167    (0)   15 :  0.063 0.112 0.093 0.130 0.005 0.010 0.006 0.097 0.100 0.008 0.166 0.005 0.006 0.171 0.014 0.015 
243      168    (0)   15 :  0.004 0.243 0.094 0.209 0.003 0.015 0.004 0.156 0.007 0.005 0.228 0.005 0.004 0.011 0.010 0.003 
244      169    (2)   15 :  0.006 0.116 0.083 0.127 0.005 0.006 0.043 0.111 0.076 0.010 0.136 0.004 0.008 0.217 0.048 0.004 
245      170    (0)   15 :  0.005 0.165 0.173 0.188 0.006 0.004 0.015 0.178 0.008 0.015 0.159 0.034 0.012 0.005 0.011 0.022 
246      171    (2)   15 :  0.008 0.208 0.113 0.177 0.011 0.003 0.023 0.220 0.005 0.067 0.103 0.004 0.043 0.006 0.006 0.003 
247      172    (0)   15 :  0.012 0.036 0.484 0.076 0.014 0.013 0.019 0.141 0.015 0.016 0.103 0.005 0.014 0.042 0.007 0.002 
248      185    (0)   15 :  0.009 0.193 0.092 0.166 0.005 0.002 0.031 0.171 0.030 0.008 0.174 0.005 0.005 0.020 0.070 0.018 
249      199    (2)   15 :  0.003 0.153 0.084 0.166 0.006 0.007 0.008 0.147 0.004 0.006 0.136 0.227 0.006 0.032 0.007 0.009 
250      339    (0)   15 :  0.013 0.073 0.059 0.079 0.005 0.002 0.009 0.067 0.111 0.008 0.126 0.006 0.005 0.418 0.013 0.006 
251      355    (0)   15 :  0.006 0.167 0.114 0.225 0.015 0.002 0.008 0.195 0.003 0.005 0.162 0.083 0.003 0.004 0.004 0.005 
252      356    (0)   15 :  0.003 0.047 0.488 0.082 0.005 0.007 0.006 0.168 0.006 0.003 0.108 0.006 0.004 0.036 0.005 0.027 
253      357    (0)   15 :  0.004 0.217 0.125 0.168 0.013 0.009 0.016 0.183 0.006 0.015 0.168 0.018 0.006 0.026 0.007 0.020 
254      358    (0)   15 :  0.042 0.252 0.047 0.174 0.007 0.002 0.010 0.132 0.007 0.006 0.273 0.004 0.007 0.009 0.011 0.018 
255      359    (0)   15 :  0.021 0.164 0.219 0.160 0.002 0.002 0.019 0.190 0.016 0.003 0.174 0.010 0.004 0.008 0.005 0.003 
256      360    (0)   15 :  0.003 0.249 0.072 0.164 0.011 0.006 0.022 0.187 0.023 0.014 0.190 0.005 0.012 0.018 0.018 0.006 
257      361    (0)   15 :  0.006 0.025 0.501 0.079 0.002 0.004 0.011 0.170 0.042 0.005 0.087 0.003 0.005 0.039 0.016 0.005 
258      362    (0)   15 :  0.011 0.146 0.062 0.104 0.005 0.002 0.072 0.082 0.120 0.036 0.155 0.005 0.153 0.019 0.024 0.004 
259      363    (0)   15 :  0.010 0.117 0.069 0.109 0.013 0.005 0.345 0.096 0.007 0.004 0.129 0.047 0.007 0.017 0.015 0.011 
260      364    (0)   15 :  0.008 0.167 0.073 0.109 0.004 0.004 0.014 0.100 0.004 0.034 0.156 0.050 0.176 0.071 0.009 0.023 
261      365    (0)   15 :  0.005 0.223 0.054 0.182 0.015 0.002 0.006 0.131 0.008 0.004 0.225 0.003 0.010 0.093 0.029 0.009 
262      366    (0)   15 :  0.012 0.243 0.108 0.131 0.029 0.002 0.016 0.149 0.004 0.003 0.278 0.003 0.005 0.010 0.004 0.003 
263      367    (0)   15 :  0.017 0.227 0.093 0.208 0.010 0.005 0.006 0.197 0.005 0.011 0.165 0.003 0.011 0.005 0.007 0.032 
264      368    (0)   15 :  0.013 0.213 0.114 0.170 0.017 0.008 0.006 0.208 0.004 0.016 0.147 0.004 0.021 0.005 0.004 0.051 
265      369    (0)   15 :  0.005 0.203 0.143 0.207 0.004 0.002 0.008 0.284 0.006 0.007 0.110 0.005 0.003 0.006 0.004 0.003 
266      370    (0)   15 :  0.031 0.120 0.319 0.115 0.015 0.009 0.014 0.165 0.009 0.004 0.156 0.007 0.005 0.016 0.010 0.005 
267      371    (0)   15 :  0.009 0.231 0.082 0.219 0.003 0.006 0.005 0.173 0.009 0.006 0.213 0.007 0.018 0.007 0.010 0.003 
268      372    (0)   15 :  0.003 0.015 0.013 0.014 0.004 0.003 0.051 0.015 0.010 0.010 0.014 0.331 0.010 0.047 0.457 0.002 
269      373    (0)   15 :  0.008 0.171 0.109 0.250 0.003 0.003 0.005 0.200 0.013 0.006 0.154 0.048 0.005 0.010 0.013 0.002 
270      380    (0)   15 :  0.009 0.214 0.095 0.174 0.006 0.039 0.036 0.143 0.005 0.011 0.197 0.011 0.014 0.034 0.008 0.002 
271      388    (0)   15 :  0.010 0.130 0.303 0.121 0.008 0.004 0.024 0.141 0.005 0.018 0.195 0.019 0.007 0.006 0.006 0.003 
272      418    (0)   15 :  0.004 0.161 0.058 0.283 0.007 0.025 0.015 0.196 0.004 0.019 0.149 0.045 0.011 0.010 0.008 0.007 
273      419    (0)   15 :  0.005 0.176 0.060 0.330 0.005 0.010 0.006 0.215 0.006 0.004 0.137 0.003 0.005 0.011 0.017 0.009 
274      420    (0)   15 :  0.010 0.166 0.081 0.147 0.044 0.003 0.014 0.132 0.017 0.032 0.174 0.063 0.033 0.030 0.046 0.009 
275      409    (0)   16 :  0.006 0.154 0.124 0.196 0.002 0.116 0.012 0.217 0.005 0.017 0.090 0.004 0.007 0.025 0.018 0.008 
276      414    (0)   16 :  0.006 0.216 0.076 0.206 0.003 0.014 0.013 0.214 0.012 0.095 0.105 0.007 0.009 0.010 0.005 0.007 
277      415    (2)   16 :  0.009 0.179 0.139 0.240 0.004 0.004 0.010 0.187 0.007 0.007 0.151 0.013 0.006 0.010 0.004 0.029 
278      416    (0)   16 :  0.028 0.148 0.055 0.226 0.003 0.076 0.011 0.148 0.012 0.015 0.179 0.010 0.022 0.039 0.025 0.004 
279      571    (0)    2 :  0.040 0.009 0.007 0.008 0.004 0.004 0.034 0.008 0.013 0.486 0.008 0.003 0.308 0.009 0.028 0.029 
280      572    (0)    2 :  0.076 0.010 0.010 0.010 0.005 0.014 0.017 0.010 0.004 0.761 0.010 0.003 0.061 0.003 0.003 0.006 
281      573    (2)    2 :  0.004 0.005 0.004 0.004 0.001 0.003 0.002 0.004 0.003 0.832 0.005 0.002 0.121 0.002 0.003 0.005 
282      574    (0)    2 :  0.013 0.008 0.007 0.009 0.003 0.013 0.005 0.010 0.005 0.864 0.008 0.002 0.040 0.006 0.005 0.004 
283      575    (2)    2 :  0.004 0.005 0.004 0.005 0.006 0.004 0.017 0.005 0.003 0.906 0.005 0.004 0.022 0.003 0.004 0.003 
284      576    (0)    2 :  0.009 0.004 0.004 0.004 0.001 0.004 0.005 0.004 0.003 0.645 0.004 0.003 0.302 0.003 0.003 0.003 
285      577    (0)    2 :  0.004 0.002 0.002 0.002 0.002 0.004 0.002 0.002 0.002 0.941 0.002 0.003 0.022 0.002 0.002 0.003 
286      578    (0)    2 :  0.002 0.002 0.002 0.002 0.001 0.008 0.002 0.002 0.003 0.941 0.002 0.003 0.023 0.002 0.002 0.002 
287      579    (0)    2 :  0.002 0.002 0.002 0.002 0.001 0.003 0.002 0.002 0.003 0.943 0.002 0.002 0.024 0.004 0.003 0.001 
288      580    (0)    2 :  0.003 0.003 0.002 0.003 0.001 0.002 0.002 0.002 0.003 0.940 0.003 0.002 0.027 0.002 0.003 0.002 
289      581    (0)    2 :  0.010 0.005 0.004 0.005 0.006 0.022 0.004 0.004 0.011 0.826 0.004 0.002 0.081 0.007 0.006 0.002 
290      582    (4)    2 :  0.021 0.017 0.013 0.014 0.041 0.003 0.007 0.014 0.009 0.735 0.017 0.013 0.076 0.009 0.009 0.002 
291      583    (0)    2 :  0.004 0.022 0.017 0.017 0.008 0.003 0.010 0.018 0.011 0.819 0.022 0.010 0.014 0.009 0.007 0.009 
292      584    (0)    2 :  0.007 0.011 0.011 0.010 0.006 0.016 0.007 0.011 0.040 0.763 0.011 0.009 0.049 0.007 0.039 0.004 
293      585    (0)    2 :  0.017 0.005 0.004 0.004 0.002 0.002 0.011 0.005 0.005 0.863 0.005 0.002 0.055 0.006 0.006 0.007 
294      586    (2)    2 :  0.007 0.004 0.003 0.004 0.004 0.003 0.004 0.003 0.004 0.908 0.003 0.005 0.032 0.006 0.005 0.003 
295      587    (0)    2 :  0.008 0.004 0.005 0.004 0.002 0.021 0.004 0.004 0.003 0.892 0.004 0.002 0.040 0.003 0.002 0.002 
296      588    (0)    2 :  0.005 0.011 0.008 0.010 0.017 0.003 0.007 0.011 0.003 0.858 0.011 0.006 0.032 0.003 0.006 0.008 
297      589    (0)    2 :  0.008 0.012 0.008 0.011 0.005 0.009 0.024 0.010 0.009 0.830 0.013 0.012 0.024 0.005 0.017 0.002 
298      590    (0)    2 :  0.011 0.004 0.003 0.003 0.010 0.019 0.002 0.003 0.003 0.872 0.004 0.004 0.021 0.006 0.003 0.031 
299      527    (2)    3 :  0.028 0.015 0.008 0.013 0.019 0.002 0.009 0.012 0.013 0.538 0.013 0.013 0.279 0.018 0.008 0.012 
300      528    (4)    3 :  0.073 0.027 0.020 0.024 0.003 0.018 0.377 0.025 0.005 0.193 0.029 0.008 0.176 0.014 0.004 0.003 
301      529    (4)    3 :  0.011 0.032 0.013 0.024 0.012 0.014 0.147 0.021 0.020 0.376 0.039 0.004 0.243 0.022 0.016 0.005 
302      530    (0)    3 :  0.006 0.005 0.007 0.006 0.003 0.003 0.008 0.006 0.003 0.005 0.005 0.004 0.927 0.002 0.003 0.005 
303      531    (2)    3 :  0.015 0.010 0.011 0.009 0.006 0.013 0.038 0.009 0.004 0.019 0.010 0.006 0.834 0.005 0.007 0.004 
304      532    (4)    3 :  0.014 0.012 0.014 0.010 0.002 0.003 0.091 0.011 0.005 0.009 0.013 0.002 0.770 0.004 0.003 0.036 
305      533    (0)    3 :  0.032 0.062 0.034 0.064 0.003 0.023 0.013 0.059 0.032 0.025 0.053 0.002 0.567 0.020 0.007 0.003 
306      534    (2)    3 :  0.047 0.008 0.006 0.008 0.002 0.016 0.006 0.007 0.004 0.007 0.008 0.006 0.863 0.005 0.005 0.003 
307      535    (2)    3 :  0.017 0.019 0.015 0.018 0.004 0.005 0.042 0.018 0.005 0.416 0.020 0.003 0.385 0.012 0.009 0.011 
308      536    (2)    3 :  0.010 0.007 0.008 0.006 0.015 0.026 0.003 0.007 0.006 0.015 0.007 0.002 0.875 0.004 0.005 0.004 
309      537    (2)    3 :  0.005 0.006 0.004 0.005 0.002 0.009 0.005 0.005 0.007 0.005 0.005 0.011 0.914 0.006 0.007 0.002 
310      538    (2)    3 :  0.081 0.056 0.050 0.050 0.002 0.004 0.006 0.050 0.026 0.150 0.053 0.004 0.428 0.027 0.010 0.005 
311      539    (2)    3 :  0.075 0.004 0.003 0.004 0.002 0.004 0.005 0.004 0.002 0.005 0.004 0.002 0.872 0.006 0.003 0.003 
312      540    (2)    3 :  0.009 0.012 0.017 0.015 0.001 0.011 0.006 0.015 0.006 0.018 0.013 0.002 0.844 0.010 0.016 0.005 
313      541    (2)    3 :  0.054 0.010 0.015 0.011 0.002 0.009 0.047 0.011 0.029 0.010 0.012 0.003 0.737 0.011 0.034 0.005 
314      542    (2)    3 :  0.069 0.025 0.018 0.021 0.004 0.012 0.015 0.020 0.019 0.021 0.026 0.009 0.637 0.076 0.024 0.004 
315      543    (0)    3 :  0.029 0.066 0.021 0.045 0.002 0.020 0.008 0.036 0.014 0.008 0.075 0.013 0.607 0.013 0.038 0.004 
316      544    (2)    3 :  0.012 0.003 0.005 0.004 0.002 0.004 0.003 0.004 0.003 0.006 0.004 0.002 0.942 0.003 0.003 0.002 
317      545    (2)    3 :  0.849 0.011 0.007 0.009 0.001 0.005 0.005 0.008 0.011 0.023 0.009 0.002 0.030 0.015 0.004 0.010 
318      546    (4)    3 :  0.808 0.026 0.011 0.019 0.002 0.005 0.004 0.018 0.009 0.025 0.022 0.002 0.013 0.021 0.003 0.014 
319      547    (6)    3 :  0.012 0.053 0.035 0.043 0.017 0.011 0.009 0.039 0.024 0.101 0.054 0.032 0.510 0.010 0.012 0.038 
320      019    (0)    4 :  0.722 0.007 0.007 0.007 0.004 0.008 0.014 0.007 0.028 0.114 0.007 0.004 0.035 0.004 0.030 0.003 
321      064    (0)    4 :  0.921 0.002 0.002 0.002 0.001 0.002 0.002 0.002 0.003 0.007 0.002 0.002 0.041 0.002 0.003 0.004 
322      065    (0)    4 :  0.016 0.002 0.002 0.002 0.001 0.006 0.002 0.002 0.004 0.004 0.002 0.001 0.948 0.002 0.003 0.002 
323      066    (0)    4 :  0.542 0.011 0.010 0.011 0.002 0.006 0.004 0.011 0.018 0.021 0.011 0.003 0.316 0.008 0.015 0.011 
324      067    (0)    4 :  0.850 0.008 0.006 0.008 0.006 0.008 0.017 0.007 0.028 0.008 0.009 0.010 0.011 0.006 0.012 0.004 
325      068    (0)    4 :  0.025 0.008 0.007 0.009 0.002 0.009 0.018 0.009 0.010 0.021 0.009 0.030 0.803 0.011 0.009 0.020 
326      069    (0)    4 :  0.758 0.006 0.006 0.006 0.001 0.013 0.007 0.006 0.003 0.022 0.006 0.004 0.133 0.008 0.005 0.017 
327      107    (0)    4 :  0.556 0.005 0.003 0.005 0.002 0.003 0.005 0.004 0.005 0.023 0.005 0.003 0.365 0.005 0.008 0.006 
328      110    (0)    4 :  0.956 0.002 0.003 0.002 0.003 0.002 0.008 0.002 0.003 0.004 0.003 0.002 0.003 0.002 0.002 0.003 
329      121    (0)    4 :  0.025 0.005 0.004 0.004 0.002 0.003 0.014 0.004 0.010 0.021 0.005 0.003 0.887 0.006 0.004 0.003 
330      137    (0)    4 :  0.889 0.010 0.007 0.009 0.011 0.005 0.004 0.008 0.009 0.004 0.010 0.002 0.011 0.009 0.008 0.005 
331      146    (0)    4 :  0.510 0.012 0.046 0.016 0.003 0.023 0.006 0.021 0.007 0.015 0.016 0.003 0.307 0.006 0.005 0.002 
332      149    (0)    4 :  0.934 0.005 0.004 0.004 0.004 0.002 0.005 0.004 0.008 0.008 0.004 0.002 0.005 0.005 0.005 0.002 
333      154    (0)    4 :  0.694 0.007 0.005 0.006 0.002 0.156 0.005 0.006 0.008 0.032 0.006 0.017 0.042 0.005 0.006 0.003 
334      179    (0)    4 :  0.543 0.004 0.004 0.004 0.002 0.005 0.004 0.004 0.004 0.181 0.004 0.004 0.218 0.006 0.005 0.006 
335      181    (0)    4 :  0.778 0.004 0.003 0.004 0.002 0.005 0.003 0.004 0.002 0.129 0.004 0.002 0.053 0.003 0.003 0.002 
336      182    (0)    4 :  0.069 0.012 0.010 0.011 0.003 0.006 0.025 0.011 0.010 0.014 0.011 0.014 0.779 0.005 0.004 0.017 
337      186    (0)    4 :  0.581 0.019 0.024 0.017 0.006 0.004 0.089 0.018 0.009 0.015 0.020 0.004 0.163 0.013 0.008 0.009 
338      193    (0)    4 :  0.392 0.009 0.009 0.008 0.002 0.008 0.006 0.008 0.006 0.024 0.008 0.004 0.495 0.004 0.013 0.004 
339      320    (0)    4 :  0.852 0.006 0.009 0.007 0.003 0.011 0.008 0.007 0.010 0.010 0.008 0.011 0.045 0.005 0.005 0.003 
340      341    (0)    4 :  0.084 0.007 0.007 0.007 0.002 0.003 0.004 0.007 0.014 0.151 0.007 0.004 0.679 0.009 0.009 0.005 
341      376    (0)    4 :  0.238 0.017 0.021 0.017 0.003 0.011 0.031 0.015 0.004 0.091 0.018 0.003 0.496 0.007 0.006 0.023 
342      395    (0)    4 :  0.588 0.007 0.005 0.007 0.006 0.054 0.011 0.006 0.005 0.009 0.007 0.004 0.248 0.018 0.021 0.004 
343      396    (0)    4 :  0.022 0.003 0.003 0.003 0.003 0.003 0.002 0.003 0.003 0.004 0.003 0.002 0.937 0.004 0.003 0.004 
344      397    (0)    4 :  0.043 0.005 0.004 0.005 0.009 0.010 0.005 0.004 0.004 0.006 0.005 0.006 0.884 0.003 0.004 0.002 
345      398    (0)    4 :  0.386 0.006 0.008 0.006 0.004 0.053 0.012 0.006 0.003 0.019 0.007 0.004 0.472 0.002 0.006 0.006 
346      399    (0)    4 :  0.006 0.005 0.006 0.005 0.002 0.002 0.013 0.005 0.006 0.020 0.005 0.004 0.906 0.004 0.003 0.006 
347      400    (0)    4 :  0.873 0.008 0.011 0.007 0.002 0.007 0.012 0.009 0.004 0.004 0.008 0.002 0.036 0.003 0.003 0.011 
348      401    (0)    4 :  0.787 0.012 0.010 0.012 0.003 0.006 0.004 0.011 0.007 0.009 0.012 0.002 0.108 0.006 0.005 0.007 
349      402    (0)    4 :  0.952 0.003 0.003 0.003 0.002 0.002 0.007 0.003 0.002 0.003 0.003 0.003 0.003 0.003 0.002 0.004 
350      403    (0)    4 :  0.340 0.009 0.018 0.010 0.009 0.004 0.016 0.011 0.023 0.008 0.010 0.004 0.508 0.009 0.009 0.010 
351      073    (0)    5 :  0.005 0.004 0.003 0.004 0.002 0.002 0.005 0.004 0.005 0.005 0.004 0.002 0.944 0.004 0.006 0.003 
352      074    (0)    5 :  0.004 0.007 0.005 0.007 0.002 0.040 0.003 0.007 0.004 0.016 0.007 0.005 0.882 0.004 0.006 0.002 
353      075    (0)    5 :  0.009 0.006 0.007 0.005 0.003 0.008 0.005 0.006 0.009 0.020 0.006 0.004 0.893 0.009 0.006 0.002 
354      076    (0)    5 :  0.007 0.006 0.005 0.006 0.005 0.004 0.010 0.006 0.010 0.010 0.006 0.006 0.904 0.009 0.004 0.003 
355      077    (0)    5 :  0.011 0.008 0.006 0.006 0.003 0.003 0.005 0.006 0.007 0.007 0.008 0.008 0.891 0.010 0.014 0.006 
356      078    (0)    5 :  0.009 0.033 0.023 0.029 0.005 0.005 0.006 0.031 0.009 0.038 0.024 0.005 0.764 0.009 0.007 0.004 
357      079    (0)    5 :  0.012 0.013 0.007 0.010 0.001 0.003 0.007 0.010 0.011 0.011 0.014 0.002 0.878 0.008 0.006 0.008 
358      080    (0)    5 :  0.005 0.005 0.004 0.005 0.002 0.003 0.012 0.005 0.008 0.011 0.005 0.014 0.911 0.003 0.003 0.004 
359      081    (0)    5 :  0.081 0.017 0.008 0.014 0.016 0.015 0.009 0.011 0.008 0.078 0.016 0.004 0.636 0.011 0.070 0.005 
360      082    (0)    5 :  0.016 0.003 0.004 0.003 0.002 0.003 0.006 0.003 0.002 0.008 0.003 0.003 0.932 0.002 0.004 0.005 
361      083    (0)    5 :  0.043 0.011 0.007 0.010 0.003 0.015 0.007 0.009 0.005 0.096 0.012 0.002 0.759 0.007 0.004 0.011 
362      084    (0)    5 :  0.017 0.007 0.005 0.006 0.007 0.129 0.003 0.006 0.013 0.095 0.007 0.002 0.683 0.008 0.011 0.002 
363      085    (0)    5 :  0.059 0.022 0.013 0.018 0.015 0.011 0.008 0.016 0.010 0.055 0.021 0.003 0.438 0.253 0.040 0.020 
364      404    (0)    5 :  0.012 0.005 0.005 0.005 0.003 0.031 0.006 0.005 0.009 0.030 0.005 0.003 0.862 0.005 0.007 0.004 
365      405    (0)    5 :  0.006 0.006 0.006 0.007 0.013 0.006 0.004 0.006 0.006 0.021 0.007 0.002 0.890 0.005 0.013 0.002 
366      406    (0)    5 :  0.005 0.012 0.007 0.010 0.009 0.009 0.007 0.010 0.003 0.012 0.009 0.004 0.886 0.005 0.004 0.007 
367      407    (0)    5 :  0.099 0.006 0.005 0.006 0.003 0.006 0.003 0.005 0.007 0.015 0.006 0.003 0.817 0.010 0.007 0.002 
368      408    (0)    5 :  0.005 0.006 0.004 0.005 0.002 0.006 0.004 0.005 0.003 0.024 0.006 0.005 0.912 0.005 0.006 0.003 
369      411    (2)    5 :  0.006 0.003 0.003 0.003 0.002 0.006 0.002 0.003 0.004 0.025 0.003 0.003 0.926 0.003 0.005 0.002 
370      412    (0)    5 :  0.010 0.011 0.009 0.011 0.006 0.005 0.014 0.010 0.007 0.087 0.012 0.007 0.766 0.016 0.022 0.007 
371      413    (0)    5 :  0.020 0.007 0.005 0.006 0.002 0.004 0.002 0.007 0.006 0.030 0.006 0.002 0.891 0.005 0.005 0.002 
372      591    (0)    6 :  0.003 0.006 0.007 0.007 0.007 0.008 0.909 0.006 0.010 0.003 0.006 0.004 0.005 0.006 0.008 0.005 
373      592    (0)    6 :  0.004 0.009 0.012 0.008 0.003 0.005 0.749 0.009 0.010 0.010 0.009 0.006 0.010 0.012 0.140 0.005 
374      593    (0)    6 :  0.005 0.008 0.007 0.008 0.006 0.004 0.897 0.008 0.006 0.016 0.007 0.002 0.008 0.006 0.006 0.005 
375      594    (0)    6 :  0.009 0.027 0.027 0.024 0.005 0.007 0.706 0.024 0.013 0.011 0.027 0.011 0.043 0.007 0.055 0.004 
376      595    (0)    6 :  0.014 0.019 0.011 0.019 0.004 0.003 0.842 0.016 0.008 0.006 0.018 0.012 0.011 0.007 0.005 0.005 
377      596    (0)    6 :  0.006 0.006 0.007 0.006 0.007 0.002 0.904 0.007 0.003 0.005 0.006 0.018 0.006 0.005 0.005 0.007 
378      597    (0)    6 :  0.025 0.016 0.010 0.013 0.002 0.003 0.789 0.012 0.007 0.027 0.019 0.007 0.025 0.036 0.007 0.003 
379      598    (0)    6 :  0.035 0.056 0.067 0.043 0.002 0.003 0.524 0.046 0.006 0.009 0.061 0.028 0.005 0.096 0.008 0.010 
380      599    (0)    6 :  0.003 0.008 0.005 0.008 0.007 0.003 0.682 0.007 0.153 0.035 0.007 0.003 0.004 0.014 0.054 0.005 
381      600    (0)    6 :  0.008 0.006 0.006 0.006 0.004 0.001 0.922 0.006 0.006 0.002 0.006 0.012 0.004 0.006 0.003 0.003 
382      601    (0)    6 :  0.024 0.017 0.011 0.019 0.002 0.002 0.785 0.016 0.017 0.008 0.017 0.002 0.022 0.031 0.020 0.005 
383      602    (0)    6 :  0.014 0.015 0.008 0.015 0.004 0.005 0.857 0.014 0.007 0.004 0.015 0.006 0.007 0.017 0.008 0.005 
384      603    (0)    6 :  0.005 0.048 0.013 0.036 0.007 0.009 0.135 0.027 0.025 0.008 0.049 0.009 0.007 0.427 0.188 0.007 
385      604    (0)    6 :  0.007 0.013 0.013 0.014 0.003 0.003 0.873 0.011 0.003 0.009 0.012 0.009 0.009 0.005 0.004 0.012 
386      605    (0)    6 :  0.006 0.027 0.064 0.029 0.005 0.003 0.723 0.032 0.009 0.003 0.039 0.026 0.012 0.010 0.009 0.004 
387      606    (0)    6 :  0.004 0.010 0.012 0.010 0.023 0.004 0.864 0.010 0.012 0.011 0.010 0.008 0.003 0.006 0.009 0.003 
388      607    (0)    6 :  0.014 0.005 0.006 0.005 0.003 0.002 0.817 0.005 0.002 0.003 0.005 0.008 0.012 0.007 0.002 0.103 
389      608    (0)    6 :  0.004 0.006 0.007 0.005 0.003 0.005 0.892 0.006 0.021 0.005 0.005 0.003 0.005 0.008 0.006 0.018 
390      609    (0)    6 :  0.004 0.008 0.008 0.009 0.004 0.004 0.910 0.009 0.005 0.005 0.009 0.003 0.003 0.006 0.005 0.008 
391      610    (0)    6 :  0.007 0.106 0.039 0.095 0.004 0.009 0.420 0.082 0.021 0.006 0.100 0.009 0.021 0.057 0.009 0.016 
392      611    (2)    6 :  0.009 0.009 0.008 0.009 0.003 0.011 0.873 0.009 0.003 0.010 0.008 0.007 0.010 0.005 0.004 0.022 
393      612    (0)    6 :  0.064 0.020 0.014 0.020 0.002 0.003 0.716 0.016 0.009 0.005 0.017 0.047 0.012 0.015 0.006 0.034 
394      755    (0)    6 :  0.008 0.033 0.020 0.038 0.002 0.023 0.437 0.030 0.004 0.018 0.038 0.047 0.012 0.017 0.013 0.262 
395      756    (0)    6 :  0.003 0.006 0.007 0.006 0.004 0.009 0.874 0.006 0.006 0.027 0.007 0.003 0.009 0.010 0.010 0.014 
396      757    (0)    6 :  0.006 0.011 0.016 0.013 0.003 0.004 0.867 0.014 0.005 0.006 0.012 0.005 0.010 0.006 0.012 0.010 
397      002    (0)    7 :  0.334 0.008 0.008 0.007 0.003 0.018 0.005 0.008 0.003 0.011 0.008 0.002 0.560 0.014 0.004 0.005 
398      099    (2)    7 :  0.003 0.168 0.123 0.188 0.012 0.003 0.006 0.143 0.053 0.002 0.195 0.089 0.002 0.003 0.006 0.004 
399      641    (2)    7 :  0.172 0.114 0.068 0.106 0.015 0.011 0.050 0.119 0.009 0.081 0.076 0.004 0.129 0.014 0.008 0.024 
400      642    (0)    7 :  0.005 0.010 0.013 0.009 0.003 0.009 0.019 0.011 0.016 0.014 0.010 0.003 0.849 0.012 0.014 0.004 
401      643    (2)    7 :  0.006 0.015 0.034 0.015 0.002 0.014 0.022 0.019 0.009 0.011 0.016 0.003 0.793 0.022 0.017 0.004 
402      644    (0)    7 :  0.016 0.009 0.013 0.009 0.004 0.006 0.006 0.009 0.018 0.008 0.011 0.008 0.849 0.013 0.014 0.008 
403      645    (0)    7 :  0.012 0.038 0.105 0.038 0.039 0.018 0.034 0.043 0.007 0.023 0.054 0.003 0.403 0.030 0.028 0.124 
404      646    (0)    7 :  0.345 0.076 0.044 0.060 0.011 0.012 0.013 0.059 0.008 0.018 0.065 0.009 0.065 0.071 0.005 0.139 
405      006    (0)    8 :  0.006 0.019 0.010 0.019 0.003 0.626 0.006 0.016 0.005 0.006 0.018 0.003 0.241 0.011 0.007 0.005 
406      011    (0)    8 :  0.003 0.003 0.003 0.003 0.002 0.012 0.003 0.003 0.003 0.016 0.003 0.003 0.932 0.003 0.004 0.002 
407      033    (2)    8 :  0.017 0.006 0.005 0.006 0.003 0.657 0.023 0.006 0.003 0.095 0.007 0.002 0.140 0.019 0.006 0.004 
408      048    (0)    8 :  0.011 0.019 0.010 0.019 0.009 0.050 0.015 0.015 0.048 0.022 0.022 0.005 0.465 0.018 0.267 0.006 
409      061    (0)    8 :  0.002 0.002 0.002 0.002 0.004 0.970 0.002 0.002 0.001 0.002 0.002 0.002 0.002 0.002 0.002 0.003 
410      088    (0)    8 :  0.012 0.013 0.011 0.013 0.005 0.025 0.010 0.011 0.014 0.008 0.013 0.007 0.828 0.010 0.017 0.003 
411      091    (0)    8 :  0.003 0.004 0.003 0.004 0.002 0.923 0.004 0.003 0.003 0.024 0.004 0.004 0.008 0.003 0.003 0.006 
412      098    (0)    8 :  0.011 0.006 0.004 0.006 0.013 0.008 0.015 0.005 0.009 0.004 0.006 0.003 0.876 0.007 0.022 0.007 
413      104    (0)    8 :  0.025 0.003 0.003 0.003 0.003 0.004 0.002 0.003 0.003 0.006 0.003 0.002 0.932 0.003 0.005 0.002 
414      196    (0)    8 :  0.016 0.006 0.006 0.006 0.005 0.587 0.009 0.006 0.008 0.021 0.006 0.005 0.300 0.007 0.010 0.002 
415      197    (0)    8 :  0.019 0.030 0.014 0.028 0.009 0.287 0.014 0.023 0.011 0.052 0.031 0.019 0.422 0.030 0.008 0.003 
416      201    (0)    8 :  0.012 0.006 0.010 0.007 0.001 0.614 0.006 0.007 0.003 0.142 0.008 0.001 0.169 0.005 0.007 0.002 
417      202    (0)    8 :  0.015 0.016 0.012 0.015 0.021 0.029 0.005 0.014 0.017 0.019 0.015 0.013 0.769 0.013 0.026 0.002 
418      204    (0)    8 :  0.033 0.004 0.005 0.004 0.002 0.411 0.003 0.004 0.004 0.077 0.004 0.002 0.414 0.011 0.010 0.011 
419      231    (0)    8 :  0.092 0.006 0.005 0.006 0.001 0.012 0.013 0.006 0.010 0.156 0.006 0.005 0.632 0.022 0.018 0.010 
420      328    (0)    8 :  0.003 0.004 0.004 0.004 0.005 0.233 0.006 0.004 0.004 0.021 0.004 0.002 0.691 0.007 0.005 0.002 
421      346    (0)    8 :  0.006 0.004 0.004 0.004 0.003 0.307 0.007 0.004 0.004 0.009 0.004 0.007 0.626 0.003 0.005 0.003 
422      212    (0)    9 :  0.004 0.003 0.003 0.003 0.001 0.002 0.002 0.003 0.004 0.003 0.003 0.958 0.002 0.004 0.004 0.003 
423      213    (0)    9 :  0.002 0.004 0.005 0.004 0.003 0.008 0.003 0.005 0.003 0.002 0.004 0.933 0.006 0.007 0.008 0.003 
424      214    (0)    9 :  0.006 0.006 0.006 0.006 0.001 0.002 0.006 0.006 0.007 0.002 0.006 0.933 0.005 0.005 0.003 0.002 
425      215    (0)    9 :  0.004 0.004 0.004 0.004 0.004 0.003 0.005 0.004 0.003 0.005 0.004 0.934 0.006 0.004 0.009 0.003 
426      216    (0)    9 :  0.002 0.003 0.003 0.003 0.002 0.004 0.003 0.003 0.003 0.010 0.003 0.943 0.004 0.004 0.005 0.004 
427      217    (0)    9 :  0.005 0.006 0.008 0.006 0.002 0.004 0.004 0.006 0.005 0.007 0.006 0.924 0.005 0.004 0.004 0.006 
428      218    (0)    9 :  0.002 0.003 0.003 0.003 0.002 0.002 0.003 0.003 0.003 0.005 0.003 0.955 0.003 0.004 0.003 0.004 
429      332    (0)    9 :  0.007 0.007 0.009 0.007 0.005 0.003 0.015 0.007 0.009 0.011 0.008 0.850 0.008 0.009 0.008 0.036 
430      333    (0)    9 :  0.014 0.013 0.011 0.012 0.010 0.004 0.028 0.011 0.008 0.013 0.014 0.835 0.009 0.005 0.006 0.006 
431      334    (0)    9 :  0.002 0.005 0.005 0.004 0.003 0.003 0.007 0.004 0.004 0.029 0.004 0.908 0.005 0.006 0.004 0.006 
432      335    (0)    9 :  0.002 0.003 0.003 0.003 0.002 0.002 0.003 0.003 0.005 0.003 0.003 0.957 0.002 0.003 0.005 0.002 
433      336    (0)    9 :  0.005 0.003 0.002 0.003 0.014 0.004 0.005 0.003 0.002 0.003 0.003 0.942 0.003 0.003 0.002 0.003 
434      337    (0)    9 :  0.009 0.005 0.006 0.005 0.002 0.002 0.010 0.005 0.003 0.015 0.005 0.918 0.008 0.003 0.003 0.002 
435      673    (0)    9 :  0.001 0.001 0.001 0.001 0.001 0.001 0.002 0.001 0.002 0.002 0.001 0.977 0.002 0.001 0.002 0.001 
436      674    (0)    9 :  0.005 0.006 0.004 0.005 0.002 0.002 0.005 0.005 0.005 0.005 0.005 0.932 0.004 0.005 0.003 0.008 
437      675    (0)    9 :  0.002 0.004 0.003 0.004 0.004 0.004 0.005 0.004 0.003 0.003 0.004 0.941 0.003 0.005 0.006 0.003 
438      676    (0)    9 :  0.003 0.005 0.007 0.005 0.001 0.002 0.006 0.005 0.007 0.003 0.005 0.928 0.003 0.007 0.008 0.006 
439      677    (0)    9 :  0.003 0.004 0.004 0.004 0.003 0.002 0.004 0.004 0.004 0.012 0.004 0.939 0.005 0.003 0.004 0.002 
440      678    (0)    9 :  0.011 0.010 0.008 0.010 0.004 0.004 0.004 0.010 0.006 0.005 0.010 0.893 0.008 0.006 0.008 0.003 
441      679    (0)    9 :  0.002 0.008 0.007 0.008 0.002 0.001 0.008 0.008 0.005 0.007 0.008 0.906 0.005 0.005 0.002 0.018 
442      680    (0)    9 :  0.003 0.005 0.005 0.005 0.005 0.003 0.011 0.005 0.010 0.011 0.005 0.907 0.004 0.007 0.006 0.007 
443      681    (0)    9 :  0.003 0.006 0.007 0.005 0.002 0.002 0.007 0.006 0.003 0.011 0.006 0.922 0.006 0.005 0.005 0.005 
444      682    (0)    9 :  0.002 0.002 0.002 0.002 0.004 0.003 0.003 0.002 0.002 0.002 0.002 0.965 0.002 0.002 0.002 0.002 
445      683    (0)    9 :  0.003 0.006 0.005 0.006 0.002 0.004 0.007 0.005 0.005 0.015 0.006 0.918 0.004 0.004 0.004 0.006 
446      684    (0)    9 :  0.003 0.005 0.004 0.005 0.003 0.002 0.006 0.005 0.008 0.003 0.005 0.934 0.002 0.005 0.005 0.003 
447      685    (0)    9 :  0.006 0.006 0.005 0.006 0.003 0.003 0.009 0.006 0.003 0.002 0.006 0.932 0.003 0.003 0.003 0.003 
448      686    (0)    9 :  0.002 0.002 0.002 0.002 0.003 0.002 0.003 0.002 0.002 0.002 0.002 0.966 0.002 0.002 0.002 0.002 
449      687    (0)    9 :  0.002 0.002 0.002 0.002 0.002 0.002 0.004 0.002 0.003 0.002 0.002 0.964 0.002 0.002 0.004 0.002 
450      688    (0)    9 :  0.004 0.004 0.004 0.003 0.002 0.003 0.006 0.003 0.014 0.004 0.004 0.925 0.008 0.007 0.004 0.005 


Estimated Allele Frequencies in each cluster
First column gives estimated ancestral frequencies


Locus 1 : 1 
4 alleles
0.0% missing data
  89   (0.544) 0.282 0.558 0.518 0.557 0.068 0.698 0.550 0.548 0.540 0.636 0.547 0.643 0.618 0.465 0.584 0.829 
  91   (0.373) 0.587 0.366 0.421 0.365 0.706 0.293 0.433 0.383 0.343 0.209 0.373 0.312 0.347 0.511 0.365 0.152 
  99   (0.015) 0.001 0.014 0.007 0.018 0.129 0.002 0.003 0.013 0.005 0.001 0.014 0.001 0.000 0.005 0.031 0.003 
  93   (0.068) 0.130 0.063 0.055 0.060 0.098 0.008 0.014 0.056 0.112 0.153 0.066 0.044 0.035 0.019 0.021 0.015 

Locus 2 : 2 
6 alleles
1.1% missing data
 136   (0.352) 0.724 0.363 0.479 0.363 0.190 0.116 0.418 0.398 0.078 0.443 0.367 0.459 0.578 0.190 0.066 0.146 
 134   (0.236) 0.169 0.216 0.211 0.216 0.027 0.200 0.409 0.209 0.227 0.111 0.225 0.383 0.150 0.219 0.286 0.683 
 138   (0.300) 0.094 0.309 0.226 0.313 0.771 0.246 0.142 0.288 0.595 0.366 0.303 0.152 0.227 0.459 0.475 0.121 
 140   (0.065) 0.008 0.063 0.052 0.062 0.008 0.434 0.016 0.062 0.040 0.076 0.060 0.004 0.044 0.060 0.031 0.017 
 132   (0.022) 0.002 0.028 0.014 0.029 0.002 0.002 0.004 0.026 0.005 0.002 0.023 0.001 0.001 0.006 0.003 0.005 
 142   (0.025) 0.002 0.019 0.019 0.017 0.003 0.002 0.011 0.017 0.055 0.002 0.021 0.002 0.001 0.065 0.139 0.029 

Locus 3 : 3 
6 alleles
0.0% missing data
 181   (0.257) 0.089 0.253 0.212 0.243 0.182 0.067 0.398 0.240 0.325 0.167 0.253 0.065 0.247 0.146 0.442 0.338 
 187   (0.345) 0.546 0.359 0.349 0.352 0.773 0.671 0.166 0.356 0.171 0.659 0.349 0.257 0.482 0.349 0.150 0.123 
 179   (0.252) 0.350 0.246 0.275 0.256 0.030 0.247 0.404 0.257 0.274 0.160 0.251 0.016 0.240 0.313 0.181 0.352 
 191   (0.029) 0.003 0.029 0.015 0.027 0.003 0.004 0.005 0.025 0.006 0.003 0.026 0.197 0.027 0.007 0.008 0.008 
 175   (0.044) 0.004 0.039 0.075 0.040 0.005 0.004 0.008 0.046 0.016 0.004 0.046 0.003 0.001 0.112 0.189 0.040 
 185   (0.073) 0.007 0.074 0.073 0.082 0.008 0.007 0.018 0.077 0.207 0.007 0.074 0.462 0.002 0.074 0.031 0.139 

Locus 4 : 4 
12 alleles
0.2% missing data
 253   (0.504) 0.441 0.514 0.521 0.523 0.598 0.623 0.618 0.530 0.282 0.532 0.502 0.466 0.801 0.474 0.691 0.622 
 249   (0.024) 0.019 0.024 0.013 0.019 0.003 0.318 0.004 0.018 0.005 0.003 0.021 0.001 0.070 0.005 0.003 0.005 
 271   (0.037) 0.051 0.037 0.031 0.039 0.004 0.005 0.009 0.034 0.008 0.004 0.038 0.002 0.035 0.035 0.006 0.010 
 241   (0.150) 0.380 0.143 0.170 0.138 0.183 0.021 0.148 0.147 0.204 0.059 0.154 0.151 0.015 0.192 0.096 0.092 
 257   (0.006) 0.003 0.004 0.004 0.004 0.001 0.000 0.001 0.003 0.001 0.000 0.005 0.000 0.000 0.002 0.001 0.001 
 269   (0.179) 0.083 0.177 0.159 0.166 0.200 0.022 0.180 0.165 0.478 0.394 0.177 0.095 0.074 0.232 0.144 0.246 
 245   (0.006) 0.001 0.005 0.003 0.004 0.001 0.000 0.001 0.004 0.001 0.000 0.005 0.000 0.000 0.001 0.001 0.001 
 247   (0.063) 0.007 0.072 0.063 0.086 0.007 0.008 0.031 0.075 0.016 0.006 0.072 0.282 0.002 0.045 0.052 0.016 
 239   (0.011) 0.001 0.009 0.016 0.009 0.001 0.001 0.003 0.010 0.002 0.001 0.010 0.001 0.000 0.002 0.001 0.002 
 273   (0.008) 0.001 0.006 0.015 0.006 0.001 0.001 0.001 0.007 0.001 0.001 0.008 0.000 0.000 0.002 0.001 0.002 
 267   (0.006) 0.013 0.004 0.002 0.003 0.001 0.001 0.001 0.003 0.001 0.001 0.005 0.000 0.000 0.002 0.001 0.002 
 255   (0.006) 0.001 0.004 0.002 0.003 0.001 0.001 0.003 0.003 0.001 0.000 0.004 0.000 0.000 0.008 0.003 0.001 

Locus 5 : 5 
6 alleles
0.7% missing data
 103   (0.863) 0.967 0.834 0.840 0.828 0.984 0.985 0.928 0.819 0.946 0.982 0.854 0.980 0.991 0.925 0.967 0.950 
 104   (0.058) 0.026 0.081 0.066 0.089 0.007 0.007 0.026 0.088 0.039 0.011 0.064 0.004 0.006 0.035 0.016 0.030 
 105   (0.043) 0.004 0.049 0.071 0.055 0.005 0.005 0.036 0.063 0.009 0.004 0.048 0.003 0.001 0.024 0.011 0.010 
 102   (0.016) 0.001 0.018 0.010 0.014 0.003 0.001 0.005 0.015 0.003 0.002 0.016 0.001 0.000 0.010 0.002 0.003 
 107   (0.011) 0.001 0.011 0.009 0.009 0.001 0.001 0.003 0.010 0.002 0.001 0.011 0.001 0.000 0.002 0.002 0.002 
 101   (0.009) 0.001 0.007 0.004 0.005 0.001 0.001 0.002 0.005 0.002 0.001 0.007 0.012 0.000 0.003 0.001 0.005 

Locus 6 : 6 
5 alleles
0.2% missing data
 141   (0.269) 0.302 0.260 0.214 0.260 0.030 0.831 0.309 0.244 0.071 0.497 0.257 0.127 0.603 0.315 0.272 0.773 
 145   (0.419) 0.122 0.437 0.496 0.432 0.416 0.078 0.450 0.457 0.588 0.209 0.435 0.261 0.175 0.467 0.617 0.143 
 135   (0.228) 0.360 0.223 0.216 0.232 0.544 0.074 0.135 0.225 0.322 0.150 0.226 0.289 0.206 0.181 0.097 0.065 
 147   (0.074) 0.215 0.071 0.062 0.066 0.009 0.016 0.104 0.064 0.016 0.144 0.071 0.321 0.015 0.035 0.012 0.017 
 137   (0.010) 0.001 0.009 0.012 0.010 0.001 0.001 0.002 0.010 0.003 0.001 0.011 0.001 0.000 0.002 0.001 0.002 

Locus 7 : 7 
10 alleles
1.3% missing data
  93   (0.227) 0.411 0.204 0.235 0.197 0.792 0.622 0.217 0.198 0.112 0.305 0.219 0.064 0.333 0.317 0.347 0.296 
 103   (0.321) 0.271 0.328 0.309 0.334 0.044 0.088 0.528 0.322 0.310 0.551 0.326 0.513 0.371 0.387 0.374 0.132 
  91   (0.067) 0.007 0.067 0.067 0.065 0.010 0.007 0.038 0.070 0.016 0.049 0.065 0.156 0.029 0.018 0.054 0.049 
  97   (0.189) 0.167 0.198 0.149 0.191 0.128 0.027 0.160 0.189 0.378 0.075 0.189 0.255 0.184 0.054 0.092 0.256 
  85   (0.045) 0.008 0.045 0.045 0.045 0.006 0.005 0.014 0.046 0.131 0.004 0.044 0.003 0.054 0.012 0.010 0.010 
  89   (0.080) 0.129 0.073 0.077 0.067 0.011 0.244 0.029 0.070 0.033 0.009 0.074 0.005 0.026 0.181 0.084 0.242 
  83   (0.050) 0.005 0.062 0.104 0.079 0.006 0.005 0.009 0.081 0.016 0.004 0.062 0.003 0.001 0.027 0.036 0.010 
 105   (0.010) 0.001 0.011 0.007 0.012 0.001 0.001 0.002 0.012 0.002 0.001 0.010 0.001 0.000 0.002 0.002 0.002 
 101   (0.006) 0.001 0.007 0.004 0.006 0.001 0.000 0.001 0.006 0.001 0.001 0.005 0.000 0.000 0.001 0.001 0.001 
  99   (0.006) 0.001 0.006 0.003 0.005 0.001 0.001 0.001 0.004 0.001 0.000 0.006 0.000 0.000 0.001 0.001 0.001 

Locus 8 : 8 
8 alleles
0.0% missing data
 129   (0.559) 0.468 0.579 0.607 0.563 0.198 0.662 0.400 0.583 0.720 0.704 0.567 0.637 0.704 0.727 0.699 0.459 
 141   (0.058) 0.154 0.050 0.032 0.048 0.006 0.011 0.095 0.043 0.019 0.045 0.052 0.217 0.107 0.026 0.013 0.012 
 149   (0.079) 0.028 0.074 0.070 0.080 0.009 0.012 0.018 0.075 0.030 0.157 0.076 0.013 0.140 0.080 0.071 0.285 
 143   (0.256) 0.346 0.251 0.254 0.265 0.696 0.310 0.478 0.258 0.218 0.090 0.261 0.128 0.048 0.155 0.201 0.205 
 127   (0.014) 0.001 0.015 0.009 0.015 0.051 0.001 0.002 0.014 0.002 0.001 0.013 0.001 0.000 0.003 0.002 0.003 
 131   (0.011) 0.001 0.009 0.005 0.007 0.038 0.001 0.002 0.007 0.004 0.001 0.009 0.002 0.000 0.002 0.011 0.003 
 133   (0.017) 0.002 0.016 0.019 0.017 0.002 0.002 0.003 0.016 0.005 0.001 0.017 0.001 0.000 0.007 0.003 0.033 
 145   (0.006) 0.001 0.005 0.005 0.004 0.001 0.000 0.001 0.004 0.001 0.000 0.005 0.000 0.000 0.001 0.001 0.001 

Locus 9 : 9 
5 alleles
0.0% missing data
 191   (0.393) 0.587 0.395 0.364 0.396 0.338 0.835 0.481 0.394 0.326 0.596 0.383 0.543 0.558 0.169 0.329 0.585 
 195   (0.149) 0.035 0.134 0.130 0.140 0.354 0.035 0.243 0.124 0.343 0.229 0.146 0.051 0.178 0.099 0.339 0.036 
 189   (0.446) 0.376 0.463 0.495 0.457 0.307 0.129 0.274 0.474 0.328 0.174 0.461 0.405 0.262 0.730 0.330 0.376 
 197   (0.006) 0.001 0.004 0.008 0.004 0.001 0.001 0.001 0.005 0.001 0.000 0.005 0.000 0.000 0.001 0.001 0.001 
 193   (0.006) 0.001 0.004 0.002 0.003 0.001 0.001 0.001 0.003 0.002 0.001 0.005 0.000 0.003 0.002 0.001 0.002 

Locus 10 : 10 
7 alleles
0.2% missing data
 232   (0.250) 0.373 0.269 0.281 0.270 0.219 0.578 0.153 0.275 0.166 0.140 0.261 0.278 0.326 0.077 0.217 0.066 
 238   (0.561) 0.450 0.558 0.526 0.552 0.370 0.136 0.673 0.551 0.698 0.743 0.556 0.340 0.551 0.855 0.719 0.836 
 252   (0.112) 0.169 0.100 0.135 0.106 0.014 0.269 0.119 0.107 0.122 0.089 0.108 0.031 0.112 0.051 0.053 0.083 
 254   (0.043) 0.005 0.039 0.036 0.038 0.393 0.014 0.048 0.037 0.008 0.024 0.040 0.267 0.009 0.010 0.006 0.009 
 250   (0.010) 0.001 0.012 0.008 0.013 0.001 0.001 0.002 0.011 0.002 0.001 0.011 0.001 0.000 0.002 0.001 0.002 
 236   (0.006) 0.001 0.005 0.003 0.004 0.001 0.001 0.002 0.004 0.001 0.000 0.005 0.001 0.000 0.002 0.001 0.001 
 248   (0.018) 0.002 0.017 0.011 0.016 0.002 0.002 0.003 0.015 0.003 0.001 0.018 0.083 0.001 0.004 0.002 0.003 

Locus 11 : 11 
4 alleles
0.0% missing data
  87   (0.696) 0.563 0.701 0.693 0.702 0.964 0.355 0.644 0.701 0.877 0.582 0.697 0.534 0.655 0.789 0.856 0.865 
  89   (0.242) 0.360 0.244 0.223 0.240 0.029 0.622 0.344 0.237 0.089 0.411 0.243 0.384 0.277 0.192 0.119 0.079 
  91   (0.049) 0.075 0.044 0.068 0.048 0.005 0.021 0.010 0.050 0.031 0.005 0.047 0.082 0.067 0.016 0.023 0.013 
  85   (0.013) 0.001 0.012 0.016 0.011 0.001 0.002 0.002 0.011 0.003 0.001 0.013 0.001 0.000 0.003 0.002 0.042 

Locus 12 : 12 
13 alleles
0.2% missing data
 160   (0.205) 0.187 0.217 0.207 0.199 0.591 0.033 0.059 0.206 0.123 0.231 0.209 0.719 0.090 0.260 0.335 0.186 
 162   (0.260) 0.091 0.248 0.246 0.262 0.067 0.739 0.487 0.244 0.138 0.242 0.259 0.230 0.201 0.337 0.297 0.388 
 147   (0.056) 0.369 0.047 0.030 0.041 0.006 0.122 0.088 0.040 0.038 0.100 0.049 0.003 0.115 0.067 0.018 0.015 
 158   (0.235) 0.317 0.245 0.270 0.243 0.029 0.076 0.188 0.258 0.308 0.400 0.237 0.021 0.557 0.110 0.196 0.088 
 161   (0.103) 0.022 0.100 0.113 0.104 0.120 0.014 0.149 0.105 0.240 0.009 0.104 0.018 0.028 0.122 0.053 0.032 
 170   (0.047) 0.005 0.050 0.059 0.063 0.005 0.006 0.009 0.059 0.019 0.010 0.054 0.003 0.007 0.051 0.024 0.012 
 143   (0.026) 0.002 0.029 0.034 0.033 0.175 0.003 0.005 0.034 0.005 0.002 0.029 0.002 0.001 0.006 0.007 0.009 
 154   (0.015) 0.001 0.019 0.013 0.020 0.002 0.002 0.004 0.019 0.003 0.001 0.018 0.001 0.000 0.004 0.002 0.005 
 149   (0.022) 0.002 0.018 0.009 0.015 0.002 0.002 0.005 0.014 0.087 0.002 0.017 0.001 0.001 0.006 0.059 0.259 
 153   (0.011) 0.001 0.011 0.010 0.010 0.001 0.001 0.003 0.010 0.002 0.001 0.011 0.001 0.000 0.002 0.001 0.002 
 150   (0.006) 0.001 0.004 0.002 0.003 0.001 0.001 0.001 0.003 0.015 0.000 0.004 0.000 0.000 0.001 0.006 0.001 
 159   (0.008) 0.001 0.005 0.003 0.004 0.001 0.001 0.001 0.004 0.023 0.001 0.006 0.000 0.000 0.033 0.001 0.002 
 164   (0.006) 0.001 0.005 0.002 0.004 0.001 0.001 0.001 0.004 0.001 0.000 0.005 0.000 0.000 0.001 0.001 0.001 

Locus 13 : 13 
5 alleles
0.0% missing data
 108   (0.201) 0.158 0.201 0.261 0.197 0.341 0.402 0.144 0.217 0.168 0.137 0.210 0.198 0.169 0.149 0.070 0.051 
 115   (0.458) 0.296 0.450 0.451 0.450 0.092 0.531 0.498 0.445 0.441 0.783 0.456 0.282 0.530 0.482 0.577 0.708 
 113   (0.329) 0.545 0.338 0.282 0.343 0.566 0.066 0.356 0.330 0.388 0.079 0.324 0.519 0.301 0.366 0.351 0.239 
 109   (0.006) 0.001 0.006 0.003 0.005 0.001 0.001 0.001 0.004 0.001 0.001 0.005 0.000 0.000 0.001 0.001 0.001 
 110   (0.006) 0.001 0.005 0.003 0.005 0.001 0.001 0.001 0.004 0.001 0.000 0.005 0.000 0.000 0.001 0.001 0.001 

Locus 14 : 14 
5 alleles
0.9% missing data
 227   (0.150) 0.328 0.144 0.099 0.134 0.259 0.068 0.039 0.124 0.300 0.242 0.142 0.017 0.259 0.279 0.340 0.058 
 231   (0.149) 0.105 0.154 0.152 0.154 0.271 0.026 0.463 0.155 0.034 0.061 0.155 0.354 0.105 0.044 0.028 0.038 
 229   (0.505) 0.446 0.513 0.625 0.528 0.093 0.853 0.288 0.558 0.542 0.350 0.516 0.413 0.486 0.450 0.515 0.858 
 225   (0.131) 0.021 0.130 0.089 0.123 0.222 0.018 0.135 0.114 0.104 0.293 0.129 0.211 0.044 0.208 0.053 0.031 
 233   (0.065) 0.099 0.058 0.036 0.060 0.155 0.036 0.075 0.050 0.020 0.055 0.058 0.005 0.105 0.019 0.063 0.015 

Locus 15 : 15 
5 alleles
0.2% missing data
 143   (0.848) 0.978 0.841 0.859 0.843 0.720 0.983 0.877 0.841 0.752 0.949 0.847 0.813 0.971 0.941 0.894 0.938 
 157   (0.008) 0.001 0.006 0.003 0.004 0.001 0.001 0.003 0.004 0.002 0.003 0.006 0.000 0.020 0.002 0.001 0.001 
 145   (0.084) 0.015 0.090 0.067 0.087 0.271 0.010 0.108 0.087 0.048 0.043 0.083 0.006 0.007 0.037 0.086 0.047 
 147   (0.046) 0.005 0.051 0.043 0.054 0.006 0.005 0.008 0.054 0.194 0.004 0.050 0.149 0.001 0.018 0.017 0.010 
 133   (0.014) 0.001 0.012 0.028 0.012 0.001 0.002 0.003 0.015 0.004 0.001 0.014 0.032 0.000 0.003 0.002 0.003 

Locus 16 : 16 
5 alleles
0.2% missing data
 156   (0.229) 0.070 0.209 0.322 0.222 0.514 0.193 0.327 0.242 0.273 0.256 0.228 0.501 0.317 0.179 0.223 0.054 
 158   (0.541) 0.744 0.560 0.494 0.557 0.252 0.324 0.464 0.545 0.603 0.498 0.547 0.195 0.497 0.575 0.683 0.607 
 160   (0.138) 0.176 0.133 0.112 0.123 0.016 0.471 0.149 0.121 0.098 0.204 0.131 0.111 0.138 0.193 0.062 0.314 
 154   (0.083) 0.009 0.091 0.069 0.094 0.217 0.011 0.059 0.088 0.024 0.042 0.088 0.192 0.048 0.034 0.019 0.024 
 152   (0.009) 0.001 0.006 0.003 0.004 0.001 0.001 0.001 0.004 0.002 0.001 0.006 0.001 0.000 0.020 0.012 0.001 

Locus 17 : 17 
5 alleles
0.0% missing data
 102   (0.206) 0.159 0.199 0.132 0.189 0.025 0.099 0.186 0.179 0.247 0.252 0.190 0.197 0.245 0.421 0.081 0.323 
  90   (0.684) 0.812 0.672 0.753 0.673 0.570 0.607 0.792 0.686 0.716 0.734 0.690 0.796 0.716 0.533 0.896 0.376 
  88   (0.066) 0.025 0.073 0.057 0.082 0.007 0.290 0.013 0.072 0.015 0.008 0.073 0.005 0.038 0.029 0.011 0.293 
 100   (0.038) 0.003 0.052 0.056 0.053 0.398 0.004 0.008 0.060 0.007 0.005 0.042 0.002 0.001 0.013 0.011 0.007 
 104   (0.006) 0.001 0.004 0.002 0.003 0.001 0.001 0.001 0.003 0.016 0.001 0.004 0.000 0.000 0.005 0.001 0.001 

Locus 18 : 18 
7 alleles
0.0% missing data
 142   (0.131) 0.382 0.128 0.153 0.137 0.014 0.788 0.025 0.134 0.139 0.410 0.134 0.008 0.418 0.062 0.050 0.072 
 146   (0.084) 0.024 0.073 0.067 0.079 0.009 0.040 0.085 0.070 0.022 0.326 0.076 0.225 0.154 0.228 0.029 0.103 
 140   (0.280) 0.432 0.296 0.261 0.280 0.275 0.045 0.503 0.294 0.428 0.052 0.274 0.177 0.100 0.195 0.205 0.524 
 127   (0.305) 0.088 0.321 0.370 0.322 0.548 0.076 0.230 0.332 0.185 0.135 0.323 0.059 0.251 0.293 0.416 0.184 
 148   (0.093) 0.047 0.086 0.054 0.084 0.010 0.031 0.115 0.078 0.047 0.009 0.087 0.216 0.066 0.148 0.068 0.026 
 138   (0.055) 0.022 0.049 0.042 0.044 0.139 0.014 0.031 0.045 0.064 0.064 0.053 0.004 0.010 0.038 0.026 0.017 
 150   (0.053) 0.005 0.048 0.053 0.053 0.005 0.006 0.013 0.048 0.114 0.004 0.052 0.311 0.002 0.037 0.207 0.074 

Locus 19 : 19 
7 alleles
0.0% missing data
 188   (0.190) 0.163 0.196 0.189 0.200 0.020 0.560 0.069 0.197 0.319 0.029 0.195 0.170 0.116 0.101 0.124 0.048 
 190   (0.128) 0.335 0.104 0.096 0.093 0.013 0.015 0.238 0.091 0.203 0.576 0.109 0.195 0.371 0.066 0.225 0.394 
 194   (0.576) 0.492 0.588 0.622 0.597 0.956 0.416 0.604 0.609 0.456 0.386 0.588 0.483 0.510 0.574 0.571 0.184 
 200   (0.080) 0.008 0.090 0.076 0.090 0.008 0.007 0.082 0.085 0.017 0.007 0.085 0.005 0.002 0.254 0.077 0.370 
 192   (0.006) 0.001 0.005 0.003 0.004 0.001 0.000 0.003 0.004 0.002 0.000 0.005 0.000 0.000 0.001 0.001 0.001 
 202   (0.013) 0.001 0.012 0.007 0.011 0.001 0.001 0.003 0.010 0.002 0.001 0.012 0.146 0.000 0.003 0.002 0.002 
 196   (0.006) 0.001 0.005 0.006 0.004 0.001 0.000 0.001 0.004 0.001 0.000 0.005 0.000 0.000 0.001 0.001 0.001 

Locus 20 : 20 
6 alleles
0.9% missing data
 252   (0.720) 0.708 0.722 0.793 0.738 0.381 0.823 0.743 0.750 0.759 0.918 0.733 0.723 0.828 0.841 0.734 0.540 
 250   (0.079) 0.045 0.077 0.047 0.068 0.345 0.011 0.070 0.065 0.194 0.013 0.073 0.146 0.120 0.031 0.027 0.145 
 244   (0.020) 0.002 0.017 0.013 0.015 0.004 0.143 0.006 0.014 0.005 0.037 0.017 0.001 0.002 0.008 0.009 0.005 
 254   (0.075) 0.010 0.068 0.064 0.071 0.108 0.010 0.057 0.063 0.020 0.020 0.074 0.083 0.032 0.089 0.145 0.018 
 246   (0.083) 0.232 0.081 0.065 0.077 0.159 0.010 0.119 0.075 0.017 0.007 0.079 0.046 0.006 0.022 0.083 0.289 
 248   (0.022) 0.003 0.035 0.018 0.032 0.002 0.003 0.004 0.032 0.004 0.005 0.024 0.001 0.011 0.009 0.003 0.004 

Locus 21 : 21 
7 alleles
0.2% missing data
 173   (0.298) 0.141 0.275 0.310 0.281 0.118 0.164 0.309 0.271 0.575 0.404 0.292 0.210 0.357 0.463 0.560 0.073 
 177   (0.275) 0.648 0.290 0.249 0.290 0.275 0.178 0.083 0.288 0.248 0.162 0.282 0.166 0.302 0.263 0.232 0.507 
 175   (0.134) 0.024 0.131 0.132 0.128 0.487 0.017 0.328 0.132 0.065 0.071 0.129 0.258 0.018 0.082 0.078 0.037 
 167   (0.197) 0.176 0.194 0.233 0.194 0.109 0.632 0.143 0.201 0.090 0.304 0.198 0.121 0.318 0.161 0.114 0.092 
 163   (0.034) 0.004 0.035 0.028 0.033 0.004 0.004 0.015 0.034 0.011 0.003 0.032 0.231 0.003 0.011 0.008 0.008 
 159   (0.020) 0.002 0.027 0.018 0.029 0.002 0.002 0.003 0.029 0.004 0.002 0.026 0.001 0.001 0.009 0.003 0.004 
 165   (0.042) 0.007 0.048 0.029 0.046 0.005 0.004 0.120 0.044 0.008 0.054 0.041 0.012 0.001 0.012 0.006 0.279 

Locus 22 : 22 
11 alleles
0.7% missing data
 146   (0.242) 0.219 0.235 0.216 0.246 0.074 0.826 0.173 0.228 0.120 0.059 0.245 0.138 0.268 0.349 0.351 0.297 
 154   (0.009) 0.002 0.006 0.003 0.004 0.001 0.001 0.001 0.004 0.002 0.009 0.006 0.000 0.082 0.002 0.001 0.002 
 166   (0.092) 0.272 0.109 0.068 0.108 0.114 0.010 0.076 0.101 0.025 0.012 0.095 0.006 0.035 0.048 0.024 0.023 
 152   (0.436) 0.437 0.424 0.502 0.410 0.499 0.135 0.503 0.435 0.767 0.896 0.429 0.362 0.574 0.513 0.554 0.593 
 150   (0.026) 0.008 0.027 0.015 0.030 0.116 0.004 0.005 0.026 0.012 0.004 0.025 0.002 0.007 0.015 0.005 0.007 
 164   (0.031) 0.044 0.027 0.028 0.025 0.005 0.005 0.057 0.026 0.008 0.005 0.027 0.002 0.012 0.011 0.006 0.006 
 148   (0.009) 0.001 0.006 0.004 0.005 0.172 0.001 0.001 0.004 0.001 0.001 0.007 0.000 0.000 0.002 0.001 0.001 
 158   (0.082) 0.009 0.092 0.105 0.096 0.010 0.011 0.135 0.101 0.023 0.008 0.090 0.110 0.020 0.024 0.018 0.047 
 162   (0.048) 0.005 0.051 0.048 0.054 0.006 0.005 0.042 0.055 0.018 0.004 0.054 0.073 0.001 0.032 0.010 0.019 
 156   (0.014) 0.001 0.011 0.006 0.008 0.002 0.001 0.004 0.008 0.022 0.001 0.011 0.307 0.000 0.003 0.007 0.003 
 142   (0.011) 0.001 0.012 0.006 0.013 0.001 0.001 0.002 0.011 0.002 0.001 0.011 0.001 0.000 0.003 0.022 0.002 

Locus 23 : 23 
7 alleles
0.9% missing data
 152   (0.013) 0.092 0.009 0.004 0.007 0.001 0.001 0.002 0.006 0.002 0.001 0.009 0.001 0.076 0.004 0.002 0.002 
 156   (0.114) 0.091 0.123 0.206 0.133 0.014 0.012 0.127 0.151 0.105 0.014 0.129 0.030 0.043 0.054 0.027 0.028 
 144   (0.176) 0.152 0.171 0.131 0.159 0.604 0.028 0.199 0.155 0.262 0.069 0.167 0.645 0.206 0.171 0.314 0.052 
 160   (0.111) 0.307 0.106 0.068 0.093 0.014 0.013 0.136 0.090 0.165 0.116 0.098 0.105 0.195 0.143 0.065 0.323 
 154   (0.553) 0.355 0.557 0.566 0.573 0.363 0.916 0.526 0.564 0.459 0.786 0.564 0.217 0.479 0.612 0.587 0.587 
 158   (0.025) 0.003 0.028 0.019 0.030 0.003 0.029 0.009 0.028 0.005 0.013 0.027 0.001 0.001 0.014 0.004 0.006 
 146   (0.008) 0.001 0.007 0.005 0.006 0.001 0.001 0.001 0.006 0.001 0.001 0.007 0.000 0.000 0.002 0.001 0.001 

Locus 24 : 24 
4 alleles
0.4% missing data
  77   (0.090) 0.020 0.077 0.093 0.069 0.010 0.040 0.089 0.073 0.050 0.145 0.082 0.049 0.361 0.156 0.051 0.037 
  83   (0.461) 0.584 0.458 0.413 0.440 0.688 0.226 0.604 0.442 0.504 0.701 0.446 0.921 0.439 0.359 0.429 0.754 
  81   (0.366) 0.365 0.385 0.370 0.404 0.293 0.723 0.270 0.389 0.296 0.145 0.386 0.025 0.173 0.425 0.426 0.187 
  85   (0.083) 0.031 0.080 0.124 0.086 0.009 0.011 0.037 0.096 0.150 0.008 0.086 0.006 0.026 0.059 0.094 0.022 

Locus 25 : 25 
6 alleles
0.4% missing data
 132   (0.333) 0.118 0.335 0.273 0.339 0.183 0.908 0.455 0.319 0.199 0.587 0.334 0.456 0.510 0.255 0.417 0.202 
 124   (0.522) 0.847 0.520 0.633 0.523 0.408 0.068 0.418 0.549 0.657 0.318 0.529 0.535 0.418 0.585 0.451 0.761 
 126   (0.024) 0.021 0.020 0.011 0.016 0.003 0.003 0.005 0.015 0.005 0.082 0.020 0.001 0.052 0.005 0.003 0.004 
 122   (0.093) 0.011 0.100 0.066 0.100 0.115 0.019 0.104 0.095 0.132 0.011 0.092 0.006 0.019 0.148 0.125 0.027 
 120   (0.014) 0.001 0.012 0.009 0.011 0.289 0.001 0.003 0.012 0.002 0.001 0.012 0.001 0.000 0.003 0.002 0.002 
 136   (0.014) 0.002 0.013 0.007 0.012 0.001 0.001 0.015 0.010 0.004 0.001 0.013 0.001 0.001 0.004 0.002 0.003 

Locus 26 : 26 
7 alleles
0.2% missing data
 165   (0.240) 0.152 0.245 0.228 0.241 0.322 0.674 0.342 0.240 0.107 0.035 0.238 0.053 0.139 0.217 0.367 0.201 
 183   (0.354) 0.458 0.350 0.345 0.337 0.291 0.210 0.456 0.346 0.378 0.776 0.346 0.421 0.535 0.256 0.322 0.629 
 179   (0.081) 0.104 0.079 0.071 0.073 0.346 0.017 0.019 0.075 0.028 0.010 0.078 0.005 0.068 0.156 0.042 0.044 
 175   (0.263) 0.280 0.260 0.228 0.281 0.034 0.093 0.154 0.256 0.474 0.173 0.267 0.455 0.257 0.347 0.260 0.115 
 181   (0.047) 0.004 0.053 0.120 0.057 0.006 0.005 0.026 0.072 0.009 0.004 0.057 0.065 0.001 0.022 0.007 0.009 
 185   (0.008) 0.001 0.008 0.006 0.008 0.001 0.001 0.001 0.007 0.003 0.001 0.008 0.001 0.000 0.002 0.001 0.001 
 157   (0.006) 0.001 0.005 0.003 0.004 0.001 0.001 0.001 0.004 0.001 0.000 0.005 0.000 0.000 0.001 0.001 0.001 

Locus 27 : 27 
4 alleles
0.2% missing data
 142   (0.649) 0.606 0.654 0.620 0.651 0.311 0.356 0.681 0.648 0.760 0.640 0.650 0.741 0.717 0.653 0.830 0.728 
 148   (0.199) 0.185 0.200 0.215 0.209 0.672 0.396 0.248 0.207 0.177 0.088 0.199 0.064 0.076 0.117 0.068 0.049 
 138   (0.050) 0.198 0.045 0.029 0.040 0.006 0.237 0.017 0.037 0.013 0.257 0.044 0.004 0.197 0.016 0.024 0.021 
 150   (0.103) 0.012 0.101 0.136 0.100 0.011 0.011 0.054 0.108 0.050 0.015 0.106 0.191 0.011 0.214 0.078 0.202 

Locus 28 : 28 
6 alleles
0.9% missing data
 260   (0.388) 0.511 0.405 0.289 0.398 0.137 0.276 0.296 0.379 0.404 0.654 0.381 0.375 0.270 0.511 0.550 0.495 
 262   (0.511) 0.479 0.494 0.615 0.502 0.850 0.712 0.664 0.521 0.440 0.336 0.516 0.551 0.724 0.400 0.385 0.476 
 256   (0.070) 0.008 0.073 0.071 0.075 0.010 0.009 0.035 0.074 0.089 0.008 0.074 0.073 0.005 0.077 0.043 0.023 
 258   (0.010) 0.001 0.011 0.006 0.011 0.001 0.001 0.002 0.010 0.002 0.001 0.010 0.001 0.000 0.002 0.001 0.002 
 266   (0.006) 0.001 0.004 0.002 0.003 0.001 0.001 0.001 0.003 0.001 0.000 0.004 0.000 0.000 0.002 0.013 0.001 
 264   (0.015) 0.001 0.012 0.017 0.011 0.001 0.001 0.002 0.012 0.065 0.001 0.013 0.001 0.000 0.009 0.008 0.003 

Locus 29 : 29 
7 alleles
0.2% missing data
 146   (0.279) 0.309 0.297 0.279 0.287 0.035 0.078 0.348 0.298 0.458 0.316 0.285 0.333 0.138 0.211 0.152 0.482 
 150   (0.448) 0.422 0.441 0.525 0.462 0.141 0.178 0.408 0.464 0.389 0.578 0.457 0.287 0.730 0.547 0.590 0.176 
 140   (0.172) 0.031 0.172 0.137 0.165 0.814 0.688 0.170 0.163 0.130 0.097 0.164 0.058 0.075 0.210 0.158 0.117 
 148   (0.057) 0.228 0.049 0.030 0.045 0.006 0.050 0.047 0.042 0.012 0.006 0.049 0.319 0.047 0.017 0.043 0.145 
 152   (0.028) 0.003 0.029 0.022 0.032 0.003 0.003 0.005 0.026 0.007 0.002 0.032 0.002 0.001 0.009 0.056 0.059 
 151   (0.009) 0.006 0.007 0.004 0.005 0.001 0.002 0.002 0.005 0.002 0.001 0.007 0.001 0.008 0.004 0.001 0.006 
 142   (0.007) 0.001 0.005 0.003 0.004 0.001 0.001 0.019 0.003 0.001 0.001 0.005 0.000 0.001 0.002 0.001 0.015 

Locus 30 : 30 
6 alleles
0.2% missing data
 125   (0.287) 0.286 0.320 0.339 0.322 0.138 0.638 0.310 0.337 0.078 0.310 0.301 0.029 0.515 0.109 0.073 0.092 
 129   (0.442) 0.659 0.412 0.400 0.405 0.210 0.299 0.414 0.399 0.659 0.653 0.425 0.785 0.427 0.575 0.591 0.457 
 123   (0.147) 0.044 0.144 0.163 0.147 0.017 0.049 0.108 0.146 0.237 0.027 0.149 0.101 0.054 0.183 0.281 0.092 
 121   (0.012) 0.001 0.010 0.006 0.009 0.040 0.001 0.003 0.008 0.002 0.001 0.010 0.001 0.000 0.003 0.002 0.002 
 127   (0.078) 0.007 0.076 0.060 0.072 0.591 0.009 0.158 0.070 0.015 0.006 0.076 0.081 0.002 0.064 0.037 0.349 
 131   (0.034) 0.003 0.038 0.032 0.046 0.004 0.003 0.007 0.040 0.008 0.003 0.039 0.002 0.001 0.067 0.015 0.007 

Locus 31 : 31 
6 alleles
0.2% missing data
 159   (0.171) 0.104 0.158 0.232 0.166 0.020 0.072 0.303 0.177 0.395 0.022 0.173 0.011 0.167 0.297 0.193 0.050 
 155   (0.553) 0.858 0.579 0.518 0.577 0.523 0.585 0.418 0.573 0.237 0.921 0.556 0.709 0.634 0.298 0.599 0.486 
 157   (0.180) 0.027 0.171 0.188 0.172 0.112 0.289 0.256 0.169 0.113 0.022 0.185 0.020 0.109 0.329 0.175 0.443 
 153   (0.061) 0.007 0.061 0.036 0.057 0.106 0.050 0.012 0.052 0.249 0.030 0.055 0.004 0.087 0.067 0.027 0.014 
 151   (0.029) 0.003 0.025 0.023 0.024 0.238 0.004 0.010 0.024 0.005 0.005 0.026 0.255 0.002 0.007 0.004 0.006 
 163   (0.006) 0.001 0.005 0.003 0.004 0.001 0.001 0.001 0.003 0.002 0.001 0.005 0.000 0.001 0.002 0.002 0.001 

Locus 32 : 32 
5 alleles
0.0% missing data
 146   (0.310) 0.048 0.339 0.364 0.337 0.584 0.059 0.263 0.360 0.404 0.054 0.317 0.316 0.079 0.263 0.361 0.223 
 150   (0.584) 0.870 0.565 0.577 0.571 0.405 0.929 0.508 0.559 0.509 0.861 0.582 0.637 0.850 0.676 0.603 0.404 
 148   (0.059) 0.076 0.052 0.029 0.045 0.007 0.006 0.120 0.040 0.017 0.082 0.055 0.044 0.070 0.031 0.012 0.359 
 154   (0.032) 0.004 0.034 0.023 0.034 0.003 0.004 0.107 0.032 0.008 0.003 0.032 0.002 0.001 0.013 0.006 0.008 
 152   (0.014) 0.002 0.011 0.007 0.012 0.001 0.001 0.002 0.009 0.062 0.001 0.013 0.001 0.000 0.016 0.017 0.006 

Locus 33 : 33 
7 alleles
0.0% missing data
 180   (0.466) 0.365 0.474 0.437 0.475 0.695 0.430 0.529 0.465 0.175 0.332 0.472 0.671 0.670 0.415 0.412 0.513 
 196   (0.118) 0.210 0.115 0.101 0.110 0.013 0.130 0.049 0.106 0.220 0.280 0.113 0.007 0.163 0.104 0.127 0.025 
 184   (0.196) 0.115 0.187 0.203 0.177 0.268 0.414 0.279 0.191 0.466 0.217 0.184 0.070 0.131 0.080 0.337 0.084 
 194   (0.014) 0.028 0.009 0.005 0.007 0.001 0.002 0.003 0.006 0.003 0.087 0.010 0.001 0.026 0.003 0.002 0.003 
 192   (0.129) 0.013 0.131 0.175 0.140 0.014 0.015 0.100 0.146 0.117 0.011 0.141 0.182 0.007 0.287 0.104 0.359 
 190   (0.016) 0.002 0.013 0.016 0.011 0.002 0.002 0.023 0.011 0.006 0.002 0.014 0.001 0.000 0.089 0.007 0.003 
 198   (0.061) 0.268 0.071 0.063 0.081 0.007 0.008 0.017 0.075 0.013 0.072 0.066 0.068 0.003 0.021 0.011 0.014 

Locus 34 : 34 
6 alleles
0.0% missing data
 110   (0.187) 0.159 0.186 0.145 0.176 0.213 0.256 0.219 0.179 0.051 0.588 0.178 0.067 0.319 0.196 0.077 0.156 
 112   (0.365) 0.747 0.372 0.358 0.380 0.041 0.079 0.289 0.371 0.438 0.308 0.377 0.057 0.549 0.323 0.386 0.439 
 106   (0.269) 0.073 0.253 0.329 0.262 0.221 0.584 0.418 0.269 0.427 0.031 0.267 0.715 0.110 0.357 0.434 0.141 
  90   (0.040) 0.006 0.033 0.033 0.031 0.409 0.066 0.008 0.030 0.008 0.027 0.036 0.002 0.016 0.033 0.007 0.231 
 108   (0.130) 0.014 0.148 0.131 0.144 0.115 0.015 0.064 0.146 0.075 0.046 0.135 0.113 0.006 0.090 0.094 0.029 
  96   (0.010) 0.001 0.007 0.004 0.006 0.001 0.001 0.002 0.005 0.002 0.001 0.008 0.046 0.000 0.002 0.002 0.003 

Locus 35 : 35 
9 alleles
0.0% missing data
 166   (0.062) 0.179 0.052 0.028 0.048 0.008 0.011 0.052 0.041 0.029 0.362 0.051 0.004 0.265 0.032 0.157 0.116 
 176   (0.099) 0.389 0.098 0.114 0.092 0.012 0.025 0.224 0.097 0.022 0.085 0.099 0.015 0.137 0.029 0.015 0.036 
 172   (0.332) 0.204 0.344 0.260 0.341 0.042 0.448 0.134 0.325 0.420 0.477 0.326 0.585 0.445 0.435 0.417 0.256 
 170   (0.269) 0.154 0.258 0.255 0.252 0.610 0.482 0.520 0.257 0.295 0.044 0.261 0.328 0.144 0.193 0.225 0.197 
 174   (0.128) 0.016 0.131 0.241 0.143 0.014 0.012 0.047 0.165 0.034 0.023 0.142 0.061 0.005 0.239 0.153 0.368 
 178   (0.040) 0.052 0.042 0.033 0.044 0.005 0.015 0.008 0.039 0.056 0.004 0.044 0.003 0.002 0.019 0.010 0.011 
 168   (0.048) 0.005 0.053 0.056 0.061 0.307 0.005 0.012 0.059 0.017 0.004 0.053 0.003 0.001 0.026 0.020 0.012 
 186   (0.016) 0.002 0.016 0.010 0.015 0.002 0.001 0.003 0.013 0.127 0.001 0.018 0.001 0.000 0.027 0.002 0.003 
 158   (0.006) 0.001 0.006 0.003 0.005 0.001 0.001 0.001 0.004 0.001 0.000 0.005 0.000 0.000 0.001 0.001 0.001 

Locus 36 : 36 
6 alleles
0.0% missing data
  89   (0.570) 0.716 0.586 0.567 0.590 0.372 0.237 0.489 0.591 0.770 0.634 0.575 0.509 0.670 0.733 0.566 0.638 
  95   (0.060) 0.019 0.055 0.034 0.051 0.007 0.046 0.088 0.047 0.016 0.036 0.053 0.005 0.089 0.043 0.124 0.015 
  85   (0.171) 0.225 0.152 0.183 0.154 0.496 0.263 0.149 0.153 0.167 0.247 0.162 0.233 0.216 0.066 0.167 0.292 
  81   (0.062) 0.006 0.063 0.109 0.066 0.008 0.009 0.182 0.074 0.014 0.006 0.072 0.004 0.007 0.035 0.028 0.016 
  83   (0.122) 0.032 0.129 0.100 0.127 0.014 0.443 0.090 0.123 0.029 0.077 0.125 0.248 0.017 0.120 0.107 0.036 
  91   (0.015) 0.001 0.014 0.007 0.012 0.104 0.001 0.003 0.010 0.003 0.001 0.013 0.001 0.000 0.003 0.008 0.003 

Locus 37 : 37 
10 alleles
0.0% missing data
 161   (0.344) 0.529 0.342 0.456 0.344 0.428 0.091 0.395 0.369 0.116 0.532 0.352 0.373 0.582 0.307 0.272 0.432 
 165   (0.227) 0.286 0.245 0.187 0.236 0.134 0.060 0.186 0.234 0.253 0.049 0.227 0.098 0.191 0.172 0.340 0.094 
 159   (0.016) 0.008 0.013 0.006 0.013 0.002 0.002 0.003 0.010 0.003 0.047 0.013 0.001 0.032 0.003 0.005 0.003 
 173   (0.252) 0.073 0.243 0.217 0.253 0.224 0.149 0.385 0.238 0.431 0.139 0.251 0.517 0.130 0.375 0.186 0.400 
 169   (0.107) 0.100 0.104 0.100 0.102 0.207 0.693 0.022 0.101 0.182 0.229 0.103 0.007 0.053 0.113 0.118 0.059 
 167   (0.017) 0.002 0.017 0.011 0.017 0.002 0.002 0.003 0.016 0.003 0.002 0.016 0.002 0.011 0.020 0.003 0.004 
 168   (0.010) 0.001 0.011 0.006 0.011 0.001 0.001 0.002 0.010 0.002 0.001 0.010 0.001 0.000 0.002 0.001 0.002 
 155   (0.013) 0.001 0.016 0.011 0.017 0.001 0.001 0.003 0.015 0.003 0.001 0.017 0.001 0.000 0.003 0.002 0.002 
 177   (0.006) 0.001 0.005 0.004 0.004 0.001 0.000 0.001 0.004 0.001 0.000 0.005 0.000 0.000 0.002 0.001 0.002 
 175   (0.007) 0.001 0.005 0.002 0.003 0.001 0.001 0.001 0.003 0.007 0.000 0.005 0.000 0.000 0.002 0.072 0.001 

Locus 38 : 38 
6 alleles
0.4% missing data
  87   (0.091) 0.141 0.078 0.063 0.068 0.555 0.012 0.112 0.068 0.023 0.204 0.080 0.128 0.162 0.135 0.028 0.020 
  89   (0.446) 0.674 0.468 0.510 0.479 0.052 0.763 0.216 0.487 0.415 0.473 0.464 0.090 0.602 0.471 0.676 0.400 
  91   (0.164) 0.025 0.167 0.165 0.170 0.205 0.185 0.205 0.165 0.079 0.242 0.166 0.185 0.108 0.163 0.048 0.093 
  81   (0.117) 0.079 0.115 0.086 0.116 0.013 0.012 0.223 0.114 0.062 0.012 0.112 0.115 0.097 0.053 0.071 0.430 
  85   (0.176) 0.080 0.168 0.173 0.163 0.173 0.027 0.242 0.164 0.420 0.055 0.173 0.482 0.029 0.177 0.175 0.055 
  83   (0.006) 0.001 0.004 0.002 0.003 0.001 0.001 0.001 0.003 0.001 0.014 0.004 0.000 0.000 0.001 0.001 0.001 

Locus 39 : 39 
4 alleles
0.4% missing data
 167   (0.793) 0.932 0.784 0.828 0.784 0.683 0.934 0.949 0.786 0.934 0.848 0.789 0.858 0.923 0.869 0.690 0.807 
 161   (0.174) 0.064 0.186 0.151 0.184 0.314 0.060 0.045 0.185 0.059 0.150 0.179 0.139 0.076 0.101 0.217 0.179 
 165   (0.026) 0.003 0.024 0.018 0.028 0.003 0.006 0.005 0.024 0.005 0.002 0.026 0.002 0.001 0.028 0.092 0.013 
 177   (0.006) 0.001 0.006 0.003 0.004 0.001 0.001 0.001 0.004 0.002 0.001 0.005 0.001 0.000 0.002 0.001 0.001 

Locus 40 : 40 
6 alleles
0.2% missing data
 228   (0.422) 0.661 0.402 0.387 0.398 0.544 0.723 0.441 0.391 0.674 0.685 0.403 0.225 0.483 0.435 0.466 0.622 
 238   (0.344) 0.267 0.357 0.401 0.366 0.082 0.076 0.266 0.375 0.194 0.281 0.366 0.115 0.333 0.324 0.346 0.094 
 224   (0.021) 0.045 0.016 0.009 0.012 0.002 0.002 0.013 0.012 0.003 0.002 0.016 0.001 0.109 0.005 0.003 0.229 
 236   (0.101) 0.016 0.101 0.072 0.097 0.359 0.188 0.113 0.092 0.027 0.021 0.095 0.395 0.071 0.094 0.041 0.027 
 232   (0.012) 0.002 0.010 0.028 0.010 0.001 0.001 0.002 0.014 0.002 0.001 0.012 0.001 0.000 0.003 0.002 0.002 
 240   (0.100) 0.010 0.114 0.104 0.117 0.012 0.010 0.165 0.116 0.099 0.010 0.109 0.264 0.003 0.140 0.142 0.026 

Locus 41 : 41 
7 alleles
0.0% missing data
 128   (0.116) 0.056 0.111 0.123 0.109 0.013 0.238 0.071 0.109 0.042 0.012 0.112 0.031 0.171 0.137 0.294 0.237 
 130   (0.536) 0.602 0.552 0.558 0.557 0.060 0.689 0.517 0.561 0.476 0.875 0.541 0.782 0.540 0.523 0.391 0.525 
 114   (0.056) 0.037 0.051 0.038 0.047 0.507 0.034 0.078 0.044 0.012 0.051 0.052 0.003 0.119 0.017 0.008 0.011 
 132   (0.126) 0.288 0.117 0.133 0.117 0.014 0.019 0.152 0.118 0.413 0.012 0.129 0.046 0.164 0.139 0.162 0.030 
 118   (0.056) 0.005 0.053 0.053 0.055 0.203 0.008 0.011 0.052 0.019 0.005 0.055 0.130 0.003 0.111 0.088 0.026 
 134   (0.104) 0.011 0.112 0.092 0.111 0.203 0.012 0.170 0.113 0.036 0.045 0.108 0.006 0.004 0.072 0.057 0.170 
 136   (0.006) 0.001 0.005 0.002 0.004 0.001 0.001 0.001 0.004 0.001 0.000 0.005 0.000 0.000 0.001 0.001 0.001 

Locus 42 : 42 
6 alleles
1.3% missing data
 102   (0.284) 0.430 0.281 0.206 0.259 0.575 0.078 0.410 0.255 0.449 0.526 0.264 0.476 0.388 0.352 0.282 0.227 
 104   (0.396) 0.155 0.414 0.416 0.435 0.049 0.103 0.325 0.428 0.261 0.228 0.420 0.414 0.190 0.514 0.565 0.681 
  92   (0.110) 0.279 0.105 0.184 0.118 0.051 0.015 0.087 0.129 0.144 0.042 0.117 0.007 0.124 0.054 0.029 0.034 
  96   (0.070) 0.070 0.069 0.080 0.067 0.098 0.714 0.055 0.073 0.015 0.022 0.067 0.004 0.068 0.019 0.027 0.018 
  98   (0.133) 0.064 0.126 0.112 0.117 0.226 0.090 0.122 0.112 0.129 0.171 0.127 0.098 0.231 0.059 0.096 0.038 
 106   (0.006) 0.001 0.004 0.003 0.003 0.001 0.001 0.001 0.003 0.001 0.011 0.005 0.000 0.000 0.001 0.001 0.002 

Locus 43 : 43 
6 alleles
1.6% missing data
 101   (0.310) 0.205 0.298 0.367 0.304 0.037 0.087 0.468 0.314 0.436 0.610 0.310 0.178 0.434 0.290 0.234 0.208 
 103   (0.318) 0.379 0.325 0.240 0.322 0.228 0.445 0.278 0.299 0.409 0.191 0.322 0.352 0.177 0.409 0.445 0.134 
  99   (0.137) 0.219 0.142 0.195 0.146 0.421 0.072 0.064 0.161 0.038 0.055 0.142 0.009 0.030 0.053 0.096 0.590 
  95   (0.213) 0.195 0.214 0.184 0.208 0.177 0.394 0.185 0.205 0.113 0.143 0.206 0.460 0.359 0.244 0.222 0.063 
  97   (0.016) 0.001 0.015 0.011 0.014 0.136 0.001 0.003 0.016 0.003 0.001 0.014 0.001 0.000 0.003 0.002 0.003 
  91   (0.006) 0.001 0.006 0.003 0.005 0.001 0.001 0.001 0.004 0.001 0.001 0.006 0.000 0.000 0.001 0.001 0.001 

Locus 44 : 44 
7 alleles
0.2% missing data
 177   (0.077) 0.172 0.084 0.054 0.084 0.009 0.010 0.065 0.075 0.024 0.012 0.082 0.005 0.075 0.057 0.049 0.016 
 191   (0.273) 0.110 0.296 0.289 0.303 0.281 0.053 0.307 0.299 0.122 0.064 0.300 0.099 0.216 0.350 0.138 0.334 
 181   (0.590) 0.712 0.563 0.618 0.551 0.521 0.932 0.613 0.572 0.844 0.920 0.563 0.862 0.708 0.580 0.729 0.565 
 179   (0.037) 0.004 0.041 0.029 0.048 0.186 0.003 0.010 0.043 0.006 0.003 0.038 0.002 0.001 0.009 0.005 0.081 
 183   (0.009) 0.001 0.008 0.005 0.007 0.001 0.001 0.002 0.007 0.002 0.001 0.008 0.001 0.000 0.002 0.003 0.002 
 193   (0.007) 0.001 0.005 0.002 0.004 0.001 0.001 0.001 0.003 0.001 0.000 0.005 0.000 0.000 0.001 0.075 0.001 
 189   (0.006) 0.001 0.004 0.002 0.003 0.001 0.000 0.001 0.003 0.001 0.000 0.004 0.030 0.000 0.001 0.001 0.001 

Locus 45 : 45 
6 alleles
0.9% missing data
 205   (0.465) 0.547 0.479 0.417 0.487 0.247 0.861 0.530 0.479 0.515 0.735 0.464 0.403 0.449 0.413 0.548 0.524 
 211   (0.232) 0.104 0.229 0.312 0.241 0.344 0.051 0.187 0.249 0.233 0.160 0.248 0.277 0.272 0.183 0.096 0.302 
 207   (0.145) 0.192 0.142 0.107 0.128 0.018 0.067 0.095 0.127 0.215 0.065 0.135 0.201 0.140 0.166 0.240 0.053 
 201   (0.074) 0.121 0.066 0.085 0.062 0.381 0.012 0.082 0.065 0.020 0.031 0.071 0.005 0.076 0.172 0.024 0.024 
 215   (0.077) 0.035 0.074 0.074 0.073 0.010 0.009 0.104 0.071 0.015 0.008 0.073 0.114 0.063 0.065 0.091 0.096 
 202   (0.008) 0.001 0.010 0.006 0.009 0.001 0.001 0.001 0.009 0.001 0.001 0.008 0.000 0.000 0.002 0.002 0.002 

Locus 46 : 46 
10 alleles
1.1% missing data
 144   (0.069) 0.059 0.060 0.081 0.060 0.009 0.051 0.015 0.063 0.015 0.143 0.064 0.128 0.281 0.070 0.029 0.056 
 158   (0.151) 0.409 0.146 0.143 0.144 0.019 0.042 0.265 0.148 0.080 0.018 0.147 0.083 0.138 0.188 0.034 0.201 
 168   (0.142) 0.068 0.161 0.127 0.144 0.213 0.061 0.135 0.153 0.035 0.371 0.139 0.105 0.179 0.062 0.040 0.034 
 166   (0.145) 0.120 0.134 0.107 0.124 0.124 0.450 0.086 0.119 0.064 0.199 0.136 0.392 0.347 0.078 0.334 0.042 
 142   (0.368) 0.312 0.381 0.316 0.397 0.047 0.380 0.440 0.368 0.717 0.258 0.376 0.284 0.051 0.528 0.495 0.643 
 170   (0.014) 0.001 0.011 0.032 0.013 0.002 0.002 0.004 0.017 0.003 0.003 0.013 0.001 0.001 0.003 0.002 0.003 
 156   (0.024) 0.015 0.024 0.015 0.022 0.466 0.002 0.005 0.020 0.010 0.002 0.027 0.001 0.001 0.027 0.004 0.005 
 162   (0.042) 0.004 0.039 0.059 0.045 0.114 0.005 0.038 0.045 0.009 0.003 0.042 0.003 0.001 0.014 0.056 0.008 
 164   (0.039) 0.011 0.038 0.117 0.046 0.004 0.005 0.010 0.062 0.066 0.003 0.051 0.002 0.001 0.029 0.005 0.007 
 160   (0.006) 0.001 0.005 0.003 0.004 0.001 0.001 0.001 0.004 0.001 0.000 0.005 0.000 0.000 0.001 0.001 0.001 

Locus 47 : 47 
7 alleles
8.7% missing data
 149   (0.342) 0.189 0.356 0.317 0.366 0.354 0.476 0.084 0.349 0.371 0.298 0.352 0.335 0.190 0.341 0.408 0.515 
 151   (0.184) 0.579 0.173 0.167 0.165 0.085 0.118 0.375 0.171 0.167 0.055 0.178 0.012 0.242 0.209 0.104 0.340 
 153   (0.202) 0.135 0.195 0.169 0.202 0.031 0.111 0.172 0.192 0.301 0.478 0.194 0.025 0.330 0.272 0.415 0.074 
 147   (0.028) 0.029 0.025 0.049 0.025 0.004 0.003 0.005 0.028 0.006 0.003 0.029 0.002 0.041 0.008 0.004 0.008 
 145   (0.226) 0.065 0.235 0.265 0.226 0.522 0.289 0.361 0.241 0.152 0.165 0.229 0.625 0.193 0.165 0.067 0.058 
 152   (0.006) 0.001 0.005 0.003 0.004 0.001 0.001 0.001 0.003 0.001 0.001 0.005 0.000 0.003 0.002 0.001 0.003 
 143   (0.013) 0.001 0.011 0.029 0.012 0.002 0.001 0.002 0.017 0.002 0.001 0.013 0.001 0.000 0.003 0.002 0.003 

Values of parameters used in structure:
DATAFILE=temp2_no_plains.str,	OUTFILE=k16/temp2_no_plains_k16_run10,	NUMINDS=450,	NUMLOCI=47,	MISSING=-9,	LABEL=1,	POPDATA=1,	POPFLAG=0,	PHENOTYPE=0,	EXTRACOLS=0,	MAXPOPS=16,	BURNIN=500000,	NUMREPS=750000,	USEPOPINFO=0,	INFERALPHA=1,	INFERLAMBDA=0,	POPSPECIFICLAMBDA=0,	POPALPHAS=0,	COMPUTEPROB=1,	NOADMIX=0,	ADMBURNIN=500,	UPDATEFREQ=100,	PRINTLIKES=0,	INTERMEDSAVE=0,	PRINTKLD=0,	PRINTNET=1,	PRINTLAMBDA=1,	ANCESTDIST=0,	NUMBOXES=1000,	ANCESTPINT=0.90000,	GENSBACK=2,	MIGRPRIOR=0.01000,	PRINTQHAT=0,	PRINTQSUM=1,	ALPHA=1.0000,	FREQSCORR=1,	FPRIORMEAN=0.0100,	FPRIORSD=0.0500,	ONEFST=0,	LAMBDA=1.0000,	UNIFPRIORALPHA=1,	ALPHAMAX=10.0000,	ALPHAPRIORA=1.0000,	ALPHAPRIORB=2.0000,	ALPHAPROPSD=0.0250,	STARTATPOPINFO=0,	RANDOMIZE=0,	LINKAGE=0,	METROFREQ=10,	REPORTHITRATE=0,	MARKOVPHASE=0,	PHASED=1,	PLOIDY=2,	PHASEINFO=0	LOCPRIOR=0, 	LOCPRIORINIT=1.000000, 	LOCDATA=0, 	LOCISPOP=1, 	LOCPRIORSTEP=0.100000, 	MAXLOCPRIOR=20.000000, 	SEED=178058,	
[STRAT parameters]:    NUMSIMSTATS=1000,	PHENOTYPECOL=-9,	POOLFREQ=10,	LOCUSxONLY=0,	EMERROR=0.00100,	MISSINGPHENO=-9,	