

----------------------------------------------------
STRUCTURE by Pritchard, Stephens and Donnelly (2000)
     and Falush, Stephens and Pritchard (2003)
       Code by Pritchard, Falush and Hubisz
             Version 2.3.4 (Jul 2012)
----------------------------------------------------



Command line arguments:   structure -D 489714 -K 16 -m mainparams -o k16/temp2_no_plains_k16_run1 
Input File:    temp2_no_plains.str

Run parameters:
   450 individuals
   47 loci
   16 populations assumed
   500000 Burn-in period
   750000 Reps
RANDOMIZE turned off


--------------------------------------------
Proportion of membership of each pre-defined
 population in each of the 16 clusters

Given    Inferred Clusters                                                                                                  Number of
 Pop       1      2      3      4      5      6      7      8      9     10     11     12     13     14     15     16      Individuals

  1:     0.033  0.009  0.011  0.011  0.009  0.004  0.011  0.012  0.010  0.010  0.008  0.011  0.006  0.835  0.010  0.009       63
  2:     0.012  0.012  0.015  0.015  0.009  0.006  0.013  0.014  0.012  0.006  0.007  0.007  0.010  0.840  0.011  0.011       20
  3:     0.094  0.011  0.020  0.020  0.017  0.004  0.030  0.035  0.016  0.013  0.006  0.013  0.008  0.685  0.019  0.010       21
  4:     0.524  0.008  0.008  0.008  0.007  0.004  0.006  0.012  0.007  0.010  0.005  0.006  0.007  0.367  0.007  0.015       31
  5:     0.016  0.008  0.008  0.008  0.007  0.005  0.018  0.006  0.007  0.005  0.004  0.019  0.005  0.862  0.009  0.013       21
  6:     0.013  0.020  0.023  0.022  0.017  0.005  0.008  0.754  0.019  0.016  0.011  0.038  0.023  0.011  0.015  0.005       25
  7:     0.119  0.013  0.046  0.046  0.041  0.011  0.050  0.022  0.041  0.047  0.017  0.019  0.037  0.444  0.037  0.012        8
  8:     0.017  0.024  0.010  0.010  0.009  0.005  0.006  0.009  0.009  0.006  0.005  0.010  0.004  0.536  0.008  0.332       17
  9:     0.004  0.005  0.005  0.005  0.005  0.003  0.004  0.006  0.005  0.005  0.932  0.004  0.005  0.005  0.005  0.003       29
 10:     0.002  0.002  0.003  0.003  0.002  0.965  0.002  0.003  0.003  0.002  0.002  0.002  0.002  0.002  0.003  0.003        9
 11:     0.014  0.018  0.144  0.142  0.106  0.009  0.049  0.042  0.155  0.084  0.014  0.051  0.024  0.009  0.131  0.008       26
 12:     0.012  0.132  0.095  0.095  0.095  0.009  0.031  0.022  0.093  0.148  0.011  0.107  0.046  0.011  0.080  0.012       74
 13:     0.011  0.330  0.060  0.060  0.069  0.007  0.047  0.018  0.062  0.056  0.012  0.111  0.070  0.016  0.062  0.010       35
 14:     0.015  0.447  0.044  0.043  0.055  0.008  0.015  0.021  0.037  0.020  0.008  0.205  0.015  0.025  0.035  0.007       24
 15:     0.010  0.024  0.135  0.135  0.107  0.009  0.062  0.030  0.139  0.122  0.026  0.044  0.011  0.020  0.118  0.006       43
 16:     0.011  0.009  0.092  0.094  0.249  0.003  0.092  0.013  0.140  0.018  0.009  0.015  0.011  0.013  0.183  0.049        4
--------------------------------------------

Allele-freq. divergence among pops (Net nucleotide distance),
computed using point estimates of P.

      1       2       3       4       5       6       7       8       9      10      11      12      13      14      15      16      
 1      -    0.0670  0.0401  0.0402  0.0448  0.1456  0.0697  0.0598  0.0416  0.0503  0.0971  0.0637  0.0854  0.0436  0.0426  0.1390  
 2   0.0670     -    0.0198  0.0199  0.0206  0.1307  0.0525  0.0396  0.0209  0.0322  0.0722  0.0234  0.0683  0.0496  0.0221  0.1341  
 3   0.0401  0.0198     -    0.0000  0.0020  0.0976  0.0314  0.0183  0.0003  0.0101  0.0532  0.0164  0.0499  0.0297  0.0016  0.1018  
 4   0.0402  0.0199  0.0000     -    0.0020  0.0978  0.0314  0.0184  0.0003  0.0102  0.0534  0.0164  0.0500  0.0299  0.0015  0.1021  
 5   0.0448  0.0206  0.0020  0.0020     -    0.1063  0.0349  0.0226  0.0017  0.0142  0.0585  0.0172  0.0517  0.0324  0.0025  0.0996  
 6   0.1456  0.1307  0.0976  0.0978  0.1063     -    0.1303  0.1078  0.1002  0.1106  0.1339  0.1262  0.1708  0.1455  0.1027  0.2039  
 7   0.0697  0.0525  0.0314  0.0314  0.0349  0.1303     -    0.0628  0.0314  0.0413  0.0853  0.0498  0.0812  0.0634  0.0212  0.1426  
 8   0.0598  0.0396  0.0183  0.0184  0.0226  0.1078  0.0628     -    0.0200  0.0278  0.0621  0.0395  0.0628  0.0462  0.0239  0.1250  
 9   0.0416  0.0209  0.0003  0.0003  0.0017  0.1002  0.0314  0.0200     -    0.0112  0.0555  0.0171  0.0512  0.0318  0.0011  0.1036  
10   0.0503  0.0322  0.0101  0.0102  0.0142  0.1106  0.0413  0.0278  0.0112     -    0.0673  0.0276  0.0669  0.0369  0.0129  0.1154  
11   0.0971  0.0722  0.0532  0.0534  0.0585  0.1339  0.0853  0.0621  0.0555  0.0673     -    0.0753  0.1097  0.0820  0.0573  0.1626  
12   0.0637  0.0234  0.0164  0.0164  0.0172  0.1262  0.0498  0.0395  0.0171  0.0276  0.0753     -    0.0608  0.0496  0.0184  0.1308  
13   0.0854  0.0683  0.0499  0.0500  0.0517  0.1708  0.0812  0.0628  0.0512  0.0669  0.1097  0.0608     -    0.0796  0.0523  0.1553  
14   0.0436  0.0496  0.0297  0.0299  0.0324  0.1455  0.0634  0.0462  0.0318  0.0369  0.0820  0.0496  0.0796     -    0.0331  0.1071  
15   0.0426  0.0221  0.0016  0.0015  0.0025  0.1027  0.0212  0.0239  0.0011  0.0129  0.0573  0.0184  0.0523  0.0331     -    0.1057  
16   0.1390  0.1341  0.1018  0.1021  0.0996  0.2039  0.1426  0.1250  0.1036  0.1154  0.1626  0.1308  0.1553  0.1071  0.1057     -    

Average distances (expected heterozygosity) between individuals in same cluster:
cluster  1  : 0.5335 
cluster  2  : 0.5617 
cluster  3  : 0.6437 
cluster  4  : 0.6432 
cluster  5  : 0.6344 
cluster  6  : 0.5331 
cluster  7  : 0.5614 
cluster  8  : 0.5920 
cluster  9  : 0.6395 
cluster 10  : 0.6040 
cluster 11  : 0.5439 
cluster 12  : 0.5809 
cluster 13  : 0.5316 
cluster 14  : 0.5368 
cluster 15  : 0.6320 
cluster 16  : 0.4282 

--------------------------------------------
Estimated Ln Prob of Data   = -49143.3
Mean value of ln likelihood = -46132.3
Variance of ln likelihood   = 6021.9
Mean value of alpha         = 0.0351

Mean value of Fst_1         = 0.1881
Mean value of Fst_2         = 0.1012
Mean value of Fst_3         = 0.0000
Mean value of Fst_4         = 0.0020
Mean value of Fst_5         = 0.0422
Mean value of Fst_6         = 0.3107
Mean value of Fst_7         = 0.2418
Mean value of Fst_8         = 0.0970
Mean value of Fst_9         = 0.0237
Mean value of Fst_10         = 0.0640
Mean value of Fst_11         = 0.2140
Mean value of Fst_12         = 0.1018
Mean value of Fst_13         = 0.2507
Mean value of Fst_14         = 0.1425
Mean value of Fst_15         = 0.0732
Mean value of Fst_16         = 0.4149


Inferred ancestry of individuals:
        Label (%Miss) Pop:  Inferred clusters
  1      221    (0)    1 :  0.008 0.009 0.008 0.008 0.007 0.003 0.008 0.019 0.007 0.011 0.002 0.007 0.003 0.889 0.007 0.005 
  2      222    (0)    1 :  0.464 0.006 0.010 0.009 0.007 0.004 0.013 0.006 0.008 0.008 0.009 0.007 0.011 0.421 0.009 0.006 
  3      223    (0)    1 :  0.008 0.008 0.010 0.011 0.011 0.003 0.009 0.009 0.010 0.029 0.003 0.010 0.006 0.857 0.010 0.007 
  4      224    (0)    1 :  0.005 0.003 0.003 0.003 0.003 0.001 0.003 0.004 0.003 0.003 0.005 0.002 0.004 0.950 0.003 0.006 
  5      225    (0)    1 :  0.006 0.004 0.006 0.006 0.005 0.002 0.007 0.004 0.006 0.006 0.004 0.004 0.004 0.927 0.006 0.004 
  6      226    (0)    1 :  0.003 0.003 0.005 0.005 0.004 0.006 0.003 0.013 0.004 0.010 0.002 0.003 0.007 0.922 0.004 0.004 
  7      227    (0)    1 :  0.003 0.005 0.012 0.013 0.008 0.016 0.005 0.034 0.011 0.018 0.005 0.006 0.004 0.846 0.009 0.005 
  8      228    (0)    1 :  0.006 0.014 0.009 0.010 0.011 0.003 0.014 0.006 0.009 0.009 0.005 0.010 0.010 0.860 0.011 0.012 
  9      234    (0)    1 :  0.008 0.005 0.005 0.004 0.004 0.003 0.003 0.004 0.004 0.004 0.002 0.004 0.004 0.938 0.004 0.004 
 10      235    (0)    1 :  0.009 0.003 0.003 0.004 0.004 0.004 0.004 0.004 0.003 0.003 0.002 0.003 0.002 0.945 0.004 0.004 
 11      236    (0)    1 :  0.003 0.002 0.003 0.003 0.003 0.002 0.002 0.005 0.003 0.003 0.002 0.002 0.002 0.947 0.003 0.016 
 12      237    (0)    1 :  0.009 0.004 0.004 0.004 0.004 0.002 0.003 0.003 0.004 0.006 0.002 0.007 0.004 0.938 0.004 0.002 
 13      238    (0)    1 :  0.037 0.005 0.011 0.011 0.009 0.003 0.005 0.024 0.009 0.009 0.012 0.014 0.004 0.835 0.008 0.003 
 14      239    (0)    1 :  0.016 0.013 0.032 0.031 0.019 0.006 0.017 0.059 0.028 0.042 0.014 0.009 0.007 0.661 0.021 0.026 
 15      240    (0)    1 :  0.006 0.004 0.004 0.004 0.005 0.002 0.003 0.006 0.004 0.003 0.003 0.003 0.004 0.942 0.004 0.006 
 16      242    (0)    1 :  0.218 0.011 0.112 0.102 0.034 0.001 0.009 0.010 0.050 0.088 0.002 0.021 0.007 0.305 0.027 0.003 
 17      243    (0)    1 :  0.013 0.005 0.015 0.014 0.018 0.017 0.006 0.020 0.014 0.009 0.015 0.007 0.009 0.821 0.012 0.006 
 18      244    (0)    1 :  0.014 0.002 0.009 0.008 0.006 0.013 0.008 0.023 0.008 0.016 0.003 0.003 0.003 0.874 0.008 0.002 
 19      245    (0)    1 :  0.004 0.018 0.018 0.018 0.026 0.011 0.006 0.014 0.016 0.009 0.007 0.014 0.006 0.773 0.014 0.045 
 20      246    (0)    1 :  0.011 0.002 0.004 0.005 0.006 0.006 0.004 0.003 0.004 0.003 0.003 0.003 0.003 0.935 0.005 0.003 
 21      248    (0)    1 :  0.047 0.004 0.008 0.008 0.006 0.003 0.005 0.005 0.008 0.009 0.021 0.005 0.002 0.852 0.007 0.009 
 22      249    (0)    1 :  0.002 0.002 0.003 0.002 0.002 0.001 0.002 0.004 0.002 0.003 0.002 0.002 0.004 0.963 0.002 0.002 
 23      250    (0)    1 :  0.005 0.009 0.015 0.016 0.013 0.006 0.007 0.010 0.015 0.010 0.009 0.022 0.006 0.830 0.014 0.013 
 24      251    (0)    1 :  0.015 0.009 0.005 0.005 0.005 0.004 0.010 0.004 0.005 0.006 0.003 0.009 0.002 0.907 0.006 0.006 
 25      252    (0)    1 :  0.004 0.011 0.009 0.009 0.008 0.001 0.004 0.006 0.008 0.007 0.039 0.022 0.008 0.852 0.008 0.005 
 26      253    (0)    1 :  0.003 0.003 0.024 0.025 0.027 0.003 0.008 0.008 0.023 0.025 0.025 0.005 0.004 0.790 0.022 0.006 
 27      254    (0)    1 :  0.004 0.004 0.005 0.006 0.005 0.002 0.008 0.008 0.005 0.007 0.004 0.006 0.003 0.922 0.006 0.004 
 28      255    (0)    1 :  0.262 0.007 0.021 0.021 0.016 0.003 0.010 0.052 0.022 0.013 0.006 0.007 0.005 0.516 0.020 0.018 
 29      256    (0)    1 :  0.056 0.004 0.011 0.011 0.012 0.002 0.004 0.004 0.010 0.005 0.002 0.008 0.014 0.845 0.009 0.003 
 30      257    (0)    1 :  0.007 0.011 0.009 0.009 0.009 0.003 0.012 0.020 0.009 0.011 0.010 0.010 0.003 0.865 0.009 0.003 
 31      258    (0)    1 :  0.024 0.014 0.012 0.012 0.010 0.002 0.004 0.010 0.010 0.009 0.003 0.012 0.003 0.856 0.009 0.010 
 32      259    (0)    1 :  0.006 0.006 0.006 0.006 0.006 0.002 0.118 0.004 0.006 0.006 0.002 0.004 0.003 0.794 0.027 0.002 
 33      260    (0)    1 :  0.005 0.004 0.007 0.007 0.007 0.006 0.003 0.029 0.006 0.004 0.075 0.006 0.003 0.809 0.005 0.024 
 34      261    (0)    1 :  0.005 0.059 0.017 0.016 0.014 0.003 0.007 0.017 0.015 0.005 0.009 0.064 0.005 0.747 0.013 0.003 
 35      262    (0)    1 :  0.006 0.003 0.002 0.002 0.002 0.001 0.003 0.002 0.002 0.002 0.002 0.002 0.003 0.962 0.002 0.002 
 36      263    (0)    1 :  0.014 0.004 0.007 0.007 0.006 0.005 0.003 0.045 0.006 0.005 0.025 0.007 0.005 0.852 0.005 0.005 
 37      264    (0)    1 :  0.009 0.006 0.005 0.005 0.004 0.001 0.006 0.006 0.004 0.004 0.003 0.005 0.013 0.918 0.005 0.003 
 38      265    (0)    1 :  0.019 0.007 0.006 0.006 0.006 0.002 0.005 0.019 0.006 0.003 0.038 0.004 0.005 0.861 0.006 0.007 
 39      266    (0)    1 :  0.006 0.003 0.003 0.003 0.004 0.001 0.004 0.002 0.003 0.003 0.002 0.003 0.002 0.952 0.004 0.005 
 40      267    (0)    1 :  0.026 0.003 0.003 0.003 0.003 0.002 0.003 0.003 0.003 0.005 0.001 0.002 0.004 0.932 0.003 0.002 
 41      268    (0)    1 :  0.004 0.005 0.007 0.007 0.006 0.008 0.003 0.006 0.007 0.007 0.051 0.009 0.004 0.866 0.006 0.003 
 42      269    (0)    1 :  0.008 0.004 0.003 0.003 0.003 0.001 0.002 0.004 0.003 0.004 0.002 0.003 0.002 0.934 0.003 0.018 
 43      270    (0)    1 :  0.004 0.004 0.004 0.004 0.003 0.002 0.003 0.007 0.003 0.005 0.002 0.003 0.024 0.927 0.003 0.003 
 44      271    (0)    1 :  0.011 0.011 0.026 0.027 0.021 0.003 0.016 0.012 0.032 0.015 0.010 0.029 0.007 0.683 0.024 0.073 
 45      272    (0)    1 :  0.396 0.024 0.044 0.046 0.034 0.007 0.045 0.007 0.031 0.008 0.005 0.009 0.020 0.281 0.031 0.012 
 46      273    (0)    1 :  0.013 0.015 0.017 0.016 0.014 0.002 0.009 0.036 0.016 0.016 0.003 0.007 0.020 0.793 0.014 0.010 
 47      274    (0)    1 :  0.004 0.009 0.006 0.005 0.005 0.003 0.003 0.009 0.005 0.005 0.006 0.007 0.003 0.918 0.005 0.006 
 48      275    (2)    1 :  0.008 0.004 0.005 0.004 0.004 0.002 0.005 0.007 0.004 0.005 0.002 0.003 0.003 0.934 0.005 0.003 
 49      276    (0)    1 :  0.006 0.008 0.007 0.007 0.006 0.002 0.005 0.005 0.006 0.007 0.005 0.011 0.004 0.910 0.006 0.005 
 50      277    (0)    1 :  0.003 0.020 0.012 0.012 0.027 0.001 0.008 0.008 0.014 0.006 0.002 0.079 0.008 0.772 0.016 0.012 
 51      278    (0)    1 :  0.016 0.015 0.009 0.009 0.009 0.008 0.022 0.006 0.012 0.010 0.005 0.072 0.002 0.784 0.017 0.005 
 52      279    (0)    1 :  0.015 0.004 0.013 0.013 0.015 0.002 0.011 0.006 0.017 0.009 0.003 0.008 0.005 0.858 0.018 0.003 
 53      280    (0)    1 :  0.007 0.017 0.012 0.012 0.012 0.002 0.018 0.019 0.013 0.013 0.005 0.015 0.003 0.770 0.013 0.068 
 54      287    (0)    1 :  0.004 0.008 0.017 0.016 0.015 0.004 0.017 0.012 0.014 0.008 0.006 0.009 0.006 0.847 0.014 0.003 
 55      290    (0)    1 :  0.075 0.010 0.014 0.013 0.013 0.006 0.016 0.010 0.013 0.008 0.003 0.009 0.017 0.771 0.016 0.006 
 56      291    (0)    1 :  0.003 0.022 0.010 0.009 0.009 0.003 0.061 0.006 0.008 0.005 0.006 0.015 0.003 0.807 0.018 0.014 
 57      295    (0)    1 :  0.006 0.018 0.004 0.004 0.004 0.001 0.003 0.004 0.004 0.003 0.003 0.007 0.003 0.929 0.004 0.003 
 58      296    (0)    1 :  0.009 0.003 0.005 0.005 0.005 0.003 0.003 0.004 0.004 0.008 0.005 0.005 0.011 0.923 0.004 0.005 
 59      872    (2)    1 :  0.087 0.004 0.006 0.006 0.005 0.007 0.005 0.005 0.006 0.004 0.007 0.007 0.005 0.836 0.006 0.004 
 60      873    (4)    1 :  0.022 0.003 0.020 0.018 0.008 0.004 0.024 0.012 0.011 0.011 0.003 0.008 0.019 0.815 0.012 0.010 
 61      874    (2)    1 :  0.011 0.008 0.005 0.005 0.004 0.001 0.016 0.005 0.004 0.007 0.003 0.020 0.004 0.897 0.006 0.002 
 62      875    (0)    1 :  0.015 0.005 0.006 0.006 0.005 0.018 0.004 0.006 0.006 0.005 0.002 0.004 0.003 0.902 0.005 0.006 
 63      876    (6)    1 :  0.005 0.012 0.009 0.008 0.008 0.001 0.005 0.022 0.008 0.020 0.011 0.013 0.004 0.862 0.007 0.005 
 64      070    (0)   10 :  0.003 0.003 0.004 0.005 0.004 0.954 0.003 0.003 0.004 0.003 0.002 0.003 0.002 0.002 0.004 0.001 
 65      071    (0)   10 :  0.002 0.003 0.003 0.003 0.003 0.954 0.003 0.004 0.003 0.003 0.006 0.003 0.002 0.002 0.003 0.005 
 66      072    (0)   10 :  0.002 0.002 0.002 0.002 0.002 0.974 0.001 0.002 0.002 0.002 0.001 0.001 0.001 0.001 0.002 0.003 
 67      151    (0)   10 :  0.001 0.002 0.002 0.002 0.001 0.978 0.002 0.002 0.002 0.001 0.002 0.002 0.001 0.001 0.001 0.001 
 68      152    (0)   10 :  0.002 0.005 0.006 0.006 0.004 0.941 0.004 0.004 0.005 0.004 0.002 0.003 0.002 0.003 0.005 0.005 
 69      153    (2)   10 :  0.002 0.001 0.001 0.001 0.001 0.979 0.002 0.002 0.002 0.001 0.001 0.001 0.001 0.001 0.001 0.001 
 70      788    (4)   10 :  0.002 0.003 0.003 0.003 0.003 0.961 0.002 0.003 0.003 0.002 0.002 0.003 0.001 0.003 0.003 0.003 
 71      789    (2)   10 :  0.002 0.002 0.002 0.002 0.002 0.971 0.003 0.002 0.002 0.002 0.003 0.002 0.001 0.002 0.002 0.002 
 72      790    (0)   10 :  0.002 0.002 0.002 0.002 0.002 0.971 0.002 0.002 0.002 0.002 0.001 0.001 0.001 0.002 0.002 0.003 
 73      010    (0)   11 :  0.007 0.004 0.073 0.090 0.116 0.002 0.114 0.009 0.260 0.019 0.004 0.008 0.007 0.005 0.276 0.007 
 74      024    (0)   11 :  0.005 0.013 0.300 0.283 0.079 0.006 0.034 0.009 0.154 0.013 0.009 0.014 0.006 0.005 0.066 0.005 
 75      051    (0)   11 :  0.007 0.005 0.113 0.104 0.122 0.015 0.065 0.175 0.177 0.024 0.007 0.007 0.005 0.005 0.166 0.004 
 76      090    (0)   11 :  0.008 0.009 0.181 0.178 0.128 0.007 0.040 0.051 0.176 0.063 0.005 0.010 0.013 0.006 0.122 0.003 
 77      102    (0)   11 :  0.032 0.034 0.126 0.131 0.206 0.002 0.020 0.017 0.116 0.031 0.003 0.147 0.012 0.028 0.092 0.004 
 78      111    (0)   11 :  0.022 0.010 0.129 0.132 0.132 0.002 0.056 0.010 0.184 0.074 0.004 0.016 0.005 0.005 0.157 0.063 
 79      113    (0)   11 :  0.031 0.034 0.100 0.095 0.100 0.006 0.108 0.068 0.162 0.056 0.005 0.030 0.007 0.005 0.192 0.003 
 80      138    (0)   11 :  0.003 0.012 0.091 0.090 0.047 0.045 0.018 0.018 0.073 0.447 0.080 0.013 0.003 0.009 0.049 0.002 
 81      150    (0)   11 :  0.007 0.031 0.036 0.034 0.031 0.017 0.009 0.074 0.028 0.069 0.004 0.617 0.005 0.017 0.020 0.002 
 82      173    (2)   11 :  0.006 0.030 0.240 0.221 0.050 0.023 0.029 0.129 0.105 0.022 0.013 0.015 0.030 0.005 0.074 0.007 
 83      174    (2)   11 :  0.024 0.005 0.048 0.052 0.084 0.025 0.114 0.014 0.154 0.252 0.003 0.004 0.005 0.007 0.205 0.004 
 84      175    (0)   11 :  0.010 0.005 0.158 0.146 0.143 0.007 0.058 0.016 0.209 0.017 0.003 0.016 0.005 0.002 0.204 0.002 
 85      176    (0)   11 :  0.020 0.005 0.158 0.172 0.116 0.005 0.079 0.008 0.189 0.018 0.011 0.018 0.003 0.014 0.175 0.007 
 86      177    (0)   11 :  0.008 0.018 0.115 0.116 0.104 0.003 0.062 0.209 0.146 0.046 0.002 0.008 0.004 0.003 0.151 0.002 
 87      180    (0)   11 :  0.097 0.005 0.141 0.135 0.084 0.004 0.051 0.083 0.152 0.072 0.006 0.005 0.004 0.021 0.137 0.004 
 88      184    (0)   11 :  0.004 0.017 0.103 0.100 0.062 0.015 0.016 0.014 0.079 0.404 0.006 0.083 0.035 0.006 0.053 0.005 
 89      195    (0)   11 :  0.003 0.010 0.139 0.125 0.106 0.006 0.081 0.012 0.217 0.013 0.014 0.014 0.005 0.005 0.217 0.032 
 90      198    (0)   11 :  0.013 0.006 0.172 0.172 0.093 0.003 0.035 0.014 0.157 0.184 0.006 0.013 0.003 0.009 0.092 0.029 
 91      203    (0)   11 :  0.009 0.008 0.124 0.148 0.122 0.009 0.048 0.011 0.279 0.009 0.005 0.026 0.008 0.007 0.185 0.003 
 92      211    (0)   11 :  0.005 0.021 0.212 0.213 0.069 0.003 0.047 0.008 0.137 0.021 0.078 0.046 0.004 0.025 0.109 0.003 
 93      220    (0)   11 :  0.008 0.022 0.125 0.132 0.139 0.002 0.024 0.061 0.132 0.035 0.009 0.180 0.010 0.004 0.111 0.007 
 94      233    (0)   11 :  0.004 0.133 0.219 0.206 0.084 0.006 0.022 0.014 0.135 0.013 0.036 0.004 0.035 0.009 0.078 0.002 
 95      331    (0)   11 :  0.005 0.006 0.165 0.168 0.129 0.007 0.045 0.029 0.233 0.016 0.004 0.013 0.008 0.005 0.159 0.007 
 96      349    (0)   11 :  0.008 0.008 0.088 0.087 0.099 0.012 0.032 0.026 0.108 0.011 0.005 0.008 0.397 0.006 0.101 0.004 
 97      410    (0)   11 :  0.010 0.004 0.254 0.239 0.056 0.003 0.025 0.014 0.116 0.169 0.024 0.005 0.004 0.008 0.067 0.003 
 98      417    (2)   11 :  0.008 0.005 0.124 0.118 0.267 0.002 0.042 0.007 0.138 0.093 0.005 0.012 0.008 0.022 0.142 0.007 
 99      421    (0)   12 :  0.003 0.780 0.009 0.010 0.011 0.002 0.006 0.004 0.013 0.009 0.004 0.008 0.012 0.008 0.011 0.109 
100      423    (0)   12 :  0.009 0.003 0.152 0.159 0.108 0.008 0.059 0.009 0.215 0.026 0.002 0.018 0.023 0.005 0.199 0.003 
101      424    (0)   12 :  0.028 0.007 0.097 0.099 0.071 0.002 0.024 0.278 0.106 0.180 0.003 0.006 0.007 0.013 0.075 0.004 
102      433    (0)   12 :  0.003 0.088 0.030 0.032 0.336 0.002 0.020 0.007 0.077 0.102 0.013 0.145 0.003 0.004 0.136 0.002 
103      462    (0)   12 :  0.008 0.048 0.137 0.131 0.126 0.002 0.052 0.067 0.143 0.063 0.022 0.027 0.012 0.007 0.148 0.006 
104      463    (0)   12 :  0.005 0.006 0.167 0.160 0.111 0.003 0.062 0.007 0.176 0.073 0.003 0.011 0.046 0.010 0.144 0.018 
105      467    (0)   12 :  0.005 0.729 0.018 0.018 0.014 0.009 0.021 0.013 0.014 0.007 0.011 0.088 0.014 0.021 0.013 0.004 
106      468    (0)   12 :  0.008 0.037 0.010 0.010 0.015 0.004 0.005 0.009 0.011 0.007 0.002 0.032 0.792 0.018 0.011 0.030 
107      469    (0)   12 :  0.007 0.103 0.076 0.068 0.269 0.002 0.022 0.005 0.108 0.043 0.002 0.082 0.003 0.042 0.140 0.028 
108      472    (0)   12 :  0.002 0.008 0.229 0.217 0.072 0.005 0.195 0.009 0.083 0.024 0.008 0.018 0.006 0.007 0.104 0.014 
109      473    (0)   12 :  0.004 0.007 0.023 0.024 0.026 0.003 0.016 0.006 0.023 0.022 0.007 0.008 0.800 0.003 0.022 0.005 
110      474    (0)   12 :  0.003 0.004 0.003 0.003 0.003 0.001 0.003 0.003 0.003 0.004 0.006 0.938 0.014 0.005 0.003 0.002 
111      475    (0)   12 :  0.006 0.101 0.090 0.092 0.137 0.003 0.067 0.008 0.203 0.027 0.003 0.053 0.027 0.004 0.175 0.003 
112      476    (2)   12 :  0.005 0.007 0.006 0.006 0.006 0.008 0.006 0.004 0.006 0.004 0.011 0.904 0.016 0.003 0.005 0.002 
113      477    (0)   12 :  0.005 0.007 0.075 0.070 0.452 0.005 0.033 0.008 0.109 0.009 0.018 0.011 0.011 0.006 0.178 0.003 
114      478    (0)   12 :  0.066 0.061 0.210 0.202 0.119 0.002 0.033 0.013 0.157 0.007 0.003 0.012 0.004 0.013 0.095 0.003 
115      479    (0)   12 :  0.005 0.012 0.015 0.016 0.013 0.003 0.006 0.009 0.013 0.262 0.003 0.598 0.005 0.012 0.011 0.016 
116      480    (0)   12 :  0.004 0.914 0.006 0.007 0.007 0.002 0.005 0.005 0.008 0.007 0.002 0.009 0.014 0.003 0.008 0.001 
117      481    (0)   12 :  0.009 0.012 0.182 0.179 0.072 0.048 0.042 0.013 0.103 0.125 0.003 0.102 0.018 0.006 0.083 0.004 
118      482    (0)   12 :  0.004 0.080 0.145 0.146 0.076 0.002 0.057 0.014 0.154 0.079 0.042 0.010 0.004 0.004 0.120 0.062 
119      489    (0)   12 :  0.006 0.023 0.153 0.152 0.126 0.005 0.055 0.007 0.203 0.030 0.014 0.008 0.023 0.004 0.186 0.005 
120      490    (0)   12 :  0.008 0.013 0.016 0.017 0.011 0.004 0.011 0.010 0.017 0.849 0.003 0.006 0.003 0.015 0.013 0.005 
121      491    (0)   12 :  0.004 0.013 0.224 0.217 0.044 0.008 0.029 0.070 0.110 0.067 0.109 0.025 0.008 0.005 0.061 0.008 
122      492    (0)   12 :  0.036 0.007 0.012 0.012 0.010 0.003 0.011 0.007 0.012 0.008 0.009 0.826 0.018 0.012 0.011 0.003 
123      493    (0)   12 :  0.003 0.014 0.030 0.029 0.085 0.009 0.015 0.017 0.040 0.006 0.005 0.671 0.004 0.007 0.060 0.005 
124      494    (0)   12 :  0.003 0.137 0.123 0.116 0.079 0.023 0.031 0.017 0.102 0.203 0.040 0.027 0.011 0.004 0.073 0.010 
125      498    (0)   12 :  0.011 0.006 0.233 0.227 0.057 0.007 0.032 0.007 0.101 0.092 0.004 0.092 0.042 0.020 0.068 0.003 
126      499    (0)   12 :  0.005 0.011 0.111 0.129 0.125 0.004 0.052 0.041 0.259 0.020 0.007 0.030 0.006 0.011 0.187 0.003 
127      709    (0)   12 :  0.008 0.008 0.185 0.184 0.110 0.084 0.031 0.011 0.118 0.111 0.010 0.024 0.004 0.008 0.087 0.016 
128      710    (4)   12 :  0.003 0.025 0.042 0.046 0.435 0.005 0.038 0.003 0.128 0.017 0.002 0.017 0.005 0.005 0.220 0.007 
129      711    (2)   12 :  0.062 0.012 0.157 0.153 0.134 0.006 0.061 0.115 0.116 0.032 0.004 0.012 0.007 0.016 0.089 0.024 
130      712    (4)   12 :  0.006 0.007 0.007 0.007 0.011 0.002 0.010 0.008 0.008 0.902 0.003 0.006 0.003 0.006 0.009 0.004 
131      713    (0)   12 :  0.005 0.003 0.174 0.185 0.101 0.004 0.039 0.008 0.269 0.012 0.008 0.007 0.010 0.004 0.151 0.021 
132      714    (2)   12 :  0.007 0.181 0.041 0.040 0.046 0.013 0.023 0.022 0.035 0.007 0.002 0.473 0.053 0.012 0.041 0.006 
133      715    (4)   12 :  0.013 0.756 0.014 0.013 0.010 0.013 0.028 0.019 0.010 0.018 0.027 0.014 0.003 0.032 0.013 0.015 
134      716    (0)   12 :  0.004 0.063 0.013 0.014 0.021 0.002 0.007 0.004 0.016 0.009 0.003 0.813 0.004 0.003 0.018 0.005 
135      717    (2)   12 :  0.113 0.130 0.078 0.096 0.151 0.003 0.035 0.009 0.169 0.012 0.011 0.019 0.009 0.006 0.155 0.007 
136      718    (4)   12 :  0.006 0.009 0.016 0.018 0.049 0.002 0.008 0.018 0.033 0.750 0.002 0.016 0.005 0.011 0.045 0.010 
137      719    (0)   12 :  0.002 0.947 0.004 0.004 0.004 0.002 0.004 0.002 0.004 0.004 0.002 0.005 0.004 0.003 0.004 0.004 
138      720    (2)   12 :  0.005 0.449 0.025 0.027 0.242 0.002 0.014 0.007 0.069 0.006 0.007 0.014 0.010 0.006 0.106 0.010 
139      721    (0)   12 :  0.005 0.022 0.055 0.053 0.133 0.039 0.023 0.018 0.057 0.016 0.006 0.458 0.021 0.004 0.078 0.011 
140      722    (4)   12 :  0.006 0.779 0.006 0.006 0.039 0.002 0.004 0.006 0.013 0.010 0.002 0.016 0.059 0.011 0.013 0.027 
141      723    (0)   12 :  0.008 0.787 0.037 0.037 0.020 0.007 0.010 0.003 0.020 0.008 0.006 0.035 0.002 0.003 0.015 0.002 
142      724    (0)   12 :  0.008 0.564 0.024 0.022 0.019 0.006 0.018 0.007 0.019 0.008 0.010 0.162 0.011 0.011 0.017 0.094 
143      725    (0)   12 :  0.008 0.027 0.236 0.237 0.078 0.004 0.064 0.012 0.156 0.015 0.010 0.009 0.017 0.005 0.114 0.009 
144      726    (0)   12 :  0.003 0.016 0.121 0.116 0.333 0.006 0.024 0.007 0.129 0.013 0.005 0.076 0.032 0.004 0.108 0.009 
145      727    (0)   12 :  0.003 0.012 0.092 0.089 0.093 0.010 0.053 0.012 0.100 0.054 0.011 0.348 0.006 0.004 0.102 0.008 
146      728    (2)   12 :  0.012 0.010 0.202 0.202 0.125 0.104 0.037 0.010 0.152 0.007 0.006 0.008 0.003 0.008 0.103 0.010 
147      729    (6)   12 :  0.005 0.034 0.200 0.198 0.248 0.005 0.021 0.013 0.111 0.040 0.004 0.008 0.003 0.005 0.100 0.004 
148      730    (2)   12 :  0.009 0.088 0.039 0.033 0.023 0.006 0.050 0.012 0.032 0.645 0.005 0.007 0.002 0.009 0.028 0.013 
149      731    (2)   12 :  0.004 0.004 0.024 0.023 0.027 0.002 0.006 0.005 0.032 0.811 0.002 0.007 0.006 0.008 0.034 0.004 
150      732    (0)   12 :  0.012 0.017 0.140 0.131 0.171 0.003 0.060 0.010 0.119 0.011 0.006 0.161 0.008 0.008 0.136 0.007 
151      733    (0)   12 :  0.008 0.021 0.125 0.121 0.322 0.004 0.025 0.012 0.134 0.042 0.003 0.015 0.003 0.010 0.125 0.030 
152      734    (2)   12 :  0.007 0.014 0.154 0.159 0.115 0.009 0.046 0.052 0.150 0.052 0.090 0.025 0.004 0.008 0.114 0.001 
153      735    (4)   12 :  0.008 0.028 0.184 0.189 0.089 0.003 0.034 0.030 0.182 0.077 0.007 0.009 0.057 0.005 0.091 0.007 
154      736    (2)   12 :  0.005 0.005 0.078 0.082 0.096 0.019 0.050 0.016 0.172 0.273 0.024 0.022 0.004 0.004 0.147 0.003 
155      737    (0)   12 :  0.031 0.004 0.051 0.051 0.026 0.013 0.019 0.018 0.042 0.652 0.004 0.012 0.014 0.012 0.046 0.004 
156      738    (2)   12 :  0.005 0.008 0.098 0.088 0.044 0.003 0.040 0.097 0.094 0.409 0.005 0.013 0.004 0.008 0.081 0.003 
157      739    (8)   12 :  0.005 0.026 0.051 0.050 0.023 0.015 0.015 0.012 0.044 0.679 0.006 0.013 0.010 0.008 0.038 0.004 
158      740    (4)   12 :  0.004 0.026 0.062 0.062 0.041 0.002 0.016 0.003 0.052 0.616 0.003 0.035 0.004 0.005 0.052 0.016 
159      741    (2)   12 :  0.077 0.036 0.123 0.127 0.118 0.002 0.032 0.010 0.119 0.136 0.021 0.015 0.026 0.053 0.085 0.021 
160      742    (4)   12 :  0.018 0.009 0.094 0.092 0.089 0.006 0.040 0.082 0.131 0.307 0.005 0.011 0.005 0.012 0.095 0.002 
161      743    (2)   12 :  0.005 0.830 0.011 0.011 0.015 0.002 0.008 0.006 0.015 0.013 0.010 0.050 0.003 0.005 0.014 0.002 
162      744    (0)   12 :  0.005 0.054 0.140 0.141 0.114 0.030 0.064 0.006 0.189 0.028 0.004 0.050 0.004 0.004 0.163 0.003 
163      745    (0)   12 :  0.020 0.388 0.114 0.114 0.064 0.013 0.027 0.007 0.094 0.022 0.005 0.010 0.008 0.040 0.056 0.020 
164      746    (2)   12 :  0.040 0.005 0.176 0.168 0.100 0.004 0.029 0.009 0.152 0.214 0.005 0.005 0.004 0.004 0.073 0.010 
165      747    (2)   12 :  0.007 0.008 0.082 0.081 0.045 0.006 0.047 0.068 0.080 0.411 0.025 0.016 0.016 0.034 0.069 0.006 
166      748    (0)   12 :  0.020 0.004 0.196 0.188 0.062 0.006 0.023 0.060 0.088 0.022 0.015 0.076 0.104 0.070 0.053 0.015 
167      749    (2)   12 :  0.006 0.008 0.200 0.208 0.093 0.012 0.039 0.043 0.190 0.024 0.017 0.003 0.003 0.006 0.116 0.030 
168      750    (4)   12 :  0.020 0.012 0.225 0.219 0.110 0.005 0.041 0.010 0.152 0.070 0.005 0.006 0.005 0.008 0.107 0.005 
169      751    (0)   12 :  0.007 0.020 0.280 0.267 0.067 0.016 0.024 0.045 0.121 0.041 0.006 0.007 0.011 0.010 0.071 0.008 
170      752    (2)   12 :  0.005 0.062 0.009 0.009 0.009 0.002 0.007 0.006 0.008 0.021 0.003 0.047 0.790 0.012 0.007 0.003 
171      753    (4)   12 :  0.006 0.024 0.093 0.107 0.149 0.011 0.054 0.038 0.181 0.012 0.031 0.021 0.055 0.024 0.181 0.014 
172      754    (2)   12 :  0.003 0.004 0.005 0.005 0.004 0.003 0.003 0.004 0.005 0.940 0.003 0.006 0.002 0.003 0.006 0.002 
173      155    (0)   13 :  0.006 0.009 0.239 0.238 0.069 0.004 0.047 0.007 0.165 0.010 0.037 0.023 0.005 0.021 0.114 0.005 
174      156    (2)   13 :  0.006 0.018 0.087 0.096 0.109 0.117 0.127 0.007 0.175 0.014 0.005 0.005 0.004 0.014 0.209 0.006 
175      157    (2)   13 :  0.004 0.010 0.014 0.013 0.020 0.002 0.053 0.006 0.012 0.799 0.011 0.006 0.021 0.004 0.020 0.004 
176      158    (0)   13 :  0.009 0.010 0.232 0.224 0.113 0.004 0.039 0.029 0.156 0.014 0.007 0.027 0.003 0.007 0.122 0.006 
177      159    (0)   13 :  0.007 0.007 0.222 0.206 0.066 0.011 0.030 0.012 0.132 0.089 0.003 0.029 0.011 0.010 0.061 0.103 
178      160    (0)   13 :  0.003 0.017 0.026 0.024 0.032 0.003 0.007 0.031 0.021 0.126 0.009 0.657 0.005 0.015 0.020 0.004 
179      161    (0)   13 :  0.003 0.011 0.056 0.061 0.267 0.003 0.017 0.009 0.091 0.301 0.009 0.028 0.008 0.004 0.122 0.011 
180      162    (0)   13 :  0.006 0.047 0.067 0.089 0.079 0.005 0.046 0.012 0.217 0.004 0.005 0.229 0.011 0.007 0.174 0.002 
181      163    (2)   13 :  0.008 0.009 0.065 0.068 0.111 0.008 0.120 0.039 0.212 0.097 0.003 0.003 0.012 0.003 0.240 0.002 
182      164    (0)   13 :  0.010 0.015 0.192 0.206 0.092 0.002 0.038 0.013 0.193 0.035 0.019 0.007 0.032 0.036 0.107 0.004 
183      165    (2)   13 :  0.002 0.002 0.004 0.004 0.003 0.002 0.780 0.002 0.004 0.020 0.002 0.002 0.002 0.002 0.165 0.002 
184      427    (0)   13 :  0.003 0.731 0.017 0.018 0.020 0.011 0.011 0.017 0.015 0.008 0.057 0.030 0.004 0.007 0.013 0.039 
185      428    (0)   13 :  0.005 0.619 0.022 0.020 0.051 0.003 0.007 0.046 0.022 0.004 0.005 0.099 0.029 0.010 0.028 0.030 
186      429    (0)   13 :  0.007 0.913 0.010 0.010 0.006 0.003 0.003 0.005 0.007 0.004 0.003 0.007 0.006 0.004 0.006 0.005 
187      430    (0)   13 :  0.046 0.018 0.160 0.152 0.175 0.002 0.023 0.061 0.134 0.022 0.004 0.065 0.027 0.021 0.085 0.004 
188      431    (0)   13 :  0.020 0.379 0.028 0.029 0.032 0.002 0.009 0.013 0.026 0.013 0.004 0.369 0.006 0.035 0.029 0.007 
189      435    (0)   13 :  0.004 0.881 0.007 0.007 0.013 0.003 0.003 0.004 0.007 0.005 0.002 0.041 0.009 0.003 0.007 0.003 
190      436    (0)   13 :  0.004 0.206 0.006 0.005 0.008 0.002 0.003 0.004 0.006 0.005 0.003 0.726 0.003 0.007 0.006 0.007 
191      437    (0)   13 :  0.006 0.054 0.023 0.022 0.096 0.002 0.006 0.004 0.032 0.009 0.004 0.616 0.009 0.048 0.039 0.031 
192      438    (0)   13 :  0.016 0.130 0.045 0.044 0.233 0.007 0.015 0.016 0.073 0.016 0.002 0.190 0.052 0.042 0.106 0.015 
193      439    (0)   13 :  0.024 0.232 0.131 0.119 0.055 0.006 0.056 0.015 0.082 0.118 0.004 0.052 0.038 0.009 0.057 0.004 
194      441    (0)   13 :  0.004 0.004 0.003 0.003 0.003 0.001 0.002 0.003 0.003 0.002 0.003 0.004 0.957 0.003 0.003 0.001 
195      442    (0)   13 :  0.003 0.698 0.020 0.018 0.023 0.005 0.005 0.009 0.014 0.004 0.151 0.008 0.015 0.010 0.016 0.003 
196      443    (4)   13 :  0.004 0.850 0.009 0.010 0.010 0.003 0.006 0.016 0.009 0.021 0.002 0.014 0.021 0.014 0.008 0.004 
197      444    (4)   13 :  0.002 0.908 0.007 0.007 0.006 0.004 0.007 0.006 0.007 0.004 0.008 0.006 0.002 0.006 0.007 0.011 
198      445    (2)   13 :  0.004 0.053 0.052 0.049 0.459 0.005 0.040 0.004 0.102 0.005 0.004 0.012 0.010 0.019 0.174 0.008 
199      446    (0)   13 :  0.003 0.939 0.005 0.004 0.006 0.003 0.003 0.005 0.005 0.004 0.005 0.007 0.003 0.002 0.005 0.002 
200      447    (0)   13 :  0.003 0.851 0.012 0.013 0.011 0.004 0.005 0.007 0.013 0.011 0.005 0.030 0.003 0.014 0.012 0.006 
201      449    (0)   13 :  0.005 0.919 0.005 0.005 0.007 0.002 0.003 0.004 0.005 0.003 0.007 0.016 0.004 0.007 0.005 0.003 
202      460    (0)   13 :  0.006 0.685 0.016 0.017 0.032 0.002 0.034 0.007 0.018 0.007 0.005 0.018 0.104 0.015 0.027 0.009 
203      461    (0)   13 :  0.013 0.106 0.111 0.110 0.086 0.002 0.014 0.043 0.066 0.075 0.007 0.281 0.006 0.021 0.051 0.008 
204      484    (0)   13 :  0.137 0.099 0.111 0.114 0.036 0.007 0.036 0.152 0.055 0.064 0.013 0.005 0.015 0.111 0.041 0.004 
205      485    (0)   13 :  0.004 0.676 0.019 0.018 0.038 0.002 0.009 0.003 0.023 0.023 0.005 0.133 0.013 0.006 0.026 0.003 
206      486    (0)   13 :  0.002 0.002 0.002 0.002 0.002 0.001 0.002 0.002 0.002 0.002 0.002 0.002 0.973 0.002 0.002 0.002 
207      487    (0)   13 :  0.007 0.447 0.061 0.062 0.060 0.003 0.022 0.012 0.076 0.019 0.012 0.134 0.012 0.006 0.062 0.006 
208      178    (0)   14 :  0.003 0.143 0.059 0.063 0.323 0.005 0.019 0.011 0.083 0.024 0.006 0.149 0.010 0.004 0.096 0.003 
209      422    (0)   14 :  0.005 0.882 0.008 0.007 0.010 0.003 0.006 0.005 0.008 0.025 0.003 0.015 0.003 0.009 0.009 0.003 
210      425    (0)   14 :  0.003 0.673 0.036 0.033 0.019 0.001 0.012 0.009 0.028 0.019 0.003 0.128 0.005 0.005 0.021 0.004 
211      426    (0)   14 :  0.004 0.052 0.139 0.137 0.055 0.111 0.021 0.188 0.092 0.042 0.022 0.055 0.003 0.003 0.072 0.003 
212      432    (0)   14 :  0.009 0.317 0.159 0.157 0.068 0.008 0.020 0.035 0.096 0.012 0.009 0.017 0.011 0.009 0.064 0.009 
213      434    (0)   14 :  0.009 0.933 0.004 0.004 0.004 0.003 0.003 0.004 0.005 0.005 0.004 0.006 0.003 0.004 0.004 0.005 
214      440    (0)   14 :  0.007 0.335 0.072 0.066 0.141 0.002 0.051 0.035 0.071 0.007 0.011 0.094 0.020 0.004 0.084 0.002 
215      448    (2)   14 :  0.028 0.805 0.010 0.010 0.012 0.002 0.004 0.010 0.009 0.009 0.013 0.009 0.008 0.011 0.008 0.053 
216      456    (0)   14 :  0.083 0.033 0.169 0.164 0.061 0.003 0.038 0.017 0.093 0.009 0.009 0.188 0.005 0.051 0.074 0.004 
217      457    (0)   14 :  0.020 0.317 0.084 0.088 0.062 0.005 0.020 0.017 0.064 0.016 0.005 0.191 0.031 0.019 0.050 0.009 
218      458    (0)   14 :  0.004 0.022 0.074 0.072 0.027 0.007 0.019 0.038 0.044 0.076 0.017 0.542 0.009 0.011 0.032 0.005 
219      459    (0)   14 :  0.004 0.835 0.016 0.015 0.025 0.003 0.008 0.011 0.016 0.015 0.004 0.013 0.010 0.007 0.018 0.002 
220      464    (0)   14 :  0.004 0.516 0.020 0.019 0.037 0.005 0.012 0.005 0.024 0.007 0.010 0.291 0.013 0.004 0.030 0.003 
221      465    (0)   14 :  0.006 0.134 0.010 0.011 0.012 0.001 0.010 0.004 0.013 0.016 0.002 0.757 0.005 0.004 0.013 0.002 
222      466    (0)   14 :  0.006 0.274 0.033 0.030 0.318 0.001 0.015 0.009 0.083 0.017 0.004 0.044 0.015 0.020 0.116 0.014 
223      470    (0)   14 :  0.006 0.343 0.007 0.008 0.008 0.002 0.004 0.010 0.008 0.008 0.006 0.441 0.135 0.004 0.007 0.003 
224      471    (0)   14 :  0.024 0.764 0.022 0.020 0.017 0.018 0.011 0.036 0.019 0.007 0.003 0.012 0.005 0.007 0.016 0.017 
225      483    (0)   14 :  0.004 0.853 0.012 0.011 0.009 0.003 0.007 0.010 0.011 0.046 0.007 0.006 0.004 0.004 0.011 0.002 
226      488    (0)   14 :  0.002 0.006 0.007 0.006 0.007 0.002 0.003 0.005 0.006 0.009 0.003 0.924 0.005 0.006 0.006 0.002 
227      495    (0)   14 :  0.029 0.755 0.016 0.014 0.011 0.001 0.006 0.009 0.013 0.026 0.003 0.084 0.003 0.015 0.011 0.002 
228      496    (0)   14 :  0.004 0.015 0.007 0.007 0.005 0.002 0.017 0.004 0.008 0.010 0.002 0.900 0.003 0.002 0.009 0.004 
229      497    (0)   14 :  0.071 0.787 0.015 0.016 0.013 0.003 0.006 0.003 0.019 0.006 0.028 0.008 0.003 0.006 0.014 0.004 
230      500    (0)   14 :  0.022 0.017 0.076 0.074 0.073 0.004 0.031 0.007 0.076 0.052 0.003 0.044 0.039 0.389 0.077 0.015 
231      879    (0)   14 :  0.003 0.917 0.006 0.006 0.006 0.003 0.006 0.010 0.005 0.009 0.008 0.005 0.005 0.003 0.006 0.002 
232      036    (0)   15 :  0.003 0.011 0.332 0.323 0.047 0.004 0.033 0.005 0.132 0.014 0.002 0.011 0.005 0.006 0.061 0.011 
233      063    (2)   15 :  0.028 0.018 0.103 0.105 0.173 0.004 0.111 0.044 0.137 0.050 0.014 0.017 0.009 0.012 0.172 0.003 
234      094    (4)   15 :  0.011 0.013 0.143 0.133 0.049 0.006 0.025 0.016 0.081 0.244 0.009 0.153 0.006 0.059 0.042 0.011 
235      103    (4)   15 :  0.005 0.003 0.004 0.004 0.003 0.002 0.775 0.002 0.004 0.020 0.002 0.002 0.003 0.002 0.164 0.002 
236      112    (0)   15 :  0.007 0.006 0.130 0.126 0.068 0.004 0.044 0.039 0.149 0.303 0.006 0.006 0.010 0.006 0.093 0.003 
237      114    (2)   15 :  0.004 0.010 0.196 0.192 0.081 0.002 0.031 0.004 0.182 0.071 0.004 0.065 0.014 0.004 0.132 0.008 
238      120    (0)   15 :  0.006 0.008 0.028 0.031 0.020 0.003 0.011 0.015 0.027 0.768 0.004 0.030 0.006 0.013 0.017 0.012 
239      127    (2)   15 :  0.005 0.004 0.218 0.212 0.058 0.003 0.028 0.049 0.118 0.032 0.006 0.107 0.074 0.008 0.074 0.005 
240      147    (0)   15 :  0.005 0.010 0.167 0.165 0.073 0.049 0.056 0.190 0.145 0.019 0.006 0.009 0.007 0.002 0.091 0.005 
241      166    (0)   15 :  0.008 0.012 0.142 0.141 0.065 0.031 0.052 0.094 0.148 0.046 0.020 0.126 0.004 0.004 0.104 0.003 
242      167    (0)   15 :  0.060 0.027 0.086 0.107 0.091 0.004 0.044 0.005 0.232 0.015 0.004 0.127 0.011 0.006 0.170 0.009 
243      168    (0)   15 :  0.004 0.008 0.198 0.208 0.102 0.003 0.039 0.004 0.236 0.014 0.004 0.009 0.003 0.004 0.148 0.016 
244      169    (2)   15 :  0.005 0.073 0.097 0.122 0.077 0.005 0.041 0.038 0.161 0.032 0.004 0.187 0.004 0.008 0.138 0.006 
245      170    (0)   15 :  0.005 0.009 0.124 0.128 0.104 0.005 0.098 0.015 0.198 0.055 0.034 0.005 0.022 0.014 0.181 0.004 
246      171    (2)   15 :  0.009 0.006 0.066 0.067 0.106 0.012 0.159 0.038 0.178 0.023 0.004 0.007 0.004 0.067 0.250 0.003 
247      172    (0)   15 :  0.011 0.010 0.027 0.027 0.018 0.015 0.015 0.017 0.025 0.751 0.005 0.031 0.002 0.016 0.018 0.013 
248      185    (0)   15 :  0.009 0.063 0.117 0.134 0.091 0.005 0.096 0.043 0.225 0.009 0.006 0.016 0.015 0.004 0.165 0.002 
249      199    (2)   15 :  0.003 0.005 0.077 0.092 0.122 0.006 0.055 0.007 0.195 0.006 0.217 0.021 0.008 0.005 0.174 0.006 
250      339    (0)   15 :  0.011 0.033 0.036 0.058 0.063 0.005 0.038 0.008 0.173 0.006 0.005 0.415 0.005 0.005 0.135 0.002 
251      355    (0)   15 :  0.006 0.003 0.096 0.120 0.120 0.015 0.056 0.007 0.272 0.006 0.074 0.004 0.004 0.003 0.212 0.002 
252      356    (0)   15 :  0.003 0.005 0.069 0.075 0.039 0.004 0.015 0.006 0.057 0.616 0.005 0.027 0.028 0.003 0.040 0.007 
253      357    (0)   15 :  0.004 0.006 0.217 0.223 0.077 0.012 0.051 0.017 0.123 0.093 0.018 0.029 0.019 0.007 0.094 0.009 
254      358    (0)   15 :  0.040 0.008 0.289 0.284 0.094 0.006 0.020 0.009 0.134 0.006 0.003 0.008 0.018 0.007 0.070 0.002 
255      359    (0)   15 :  0.021 0.008 0.163 0.158 0.080 0.002 0.035 0.019 0.158 0.233 0.009 0.007 0.003 0.004 0.097 0.001 
256      360    (0)   15 :  0.003 0.028 0.247 0.223 0.079 0.009 0.044 0.020 0.152 0.017 0.005 0.019 0.005 0.012 0.131 0.005 
257      361    (0)   15 :  0.006 0.040 0.026 0.025 0.025 0.002 0.008 0.011 0.027 0.756 0.003 0.037 0.004 0.005 0.021 0.003 
258      362    (0)   15 :  0.010 0.090 0.153 0.157 0.055 0.005 0.026 0.068 0.110 0.047 0.005 0.015 0.003 0.194 0.061 0.002 
259      363    (0)   15 :  0.010 0.010 0.143 0.142 0.077 0.012 0.025 0.274 0.123 0.024 0.042 0.016 0.010 0.006 0.082 0.005 
260      364    (0)   15 :  0.008 0.005 0.155 0.151 0.059 0.004 0.030 0.013 0.111 0.033 0.047 0.089 0.019 0.205 0.069 0.004 
261      365    (0)   15 :  0.004 0.013 0.231 0.218 0.145 0.018 0.023 0.005 0.129 0.015 0.003 0.084 0.008 0.008 0.093 0.002 
262      366    (0)   15 :  0.011 0.004 0.285 0.263 0.060 0.024 0.033 0.013 0.152 0.074 0.003 0.008 0.003 0.004 0.061 0.001 
263      367    (0)   15 :  0.017 0.006 0.180 0.181 0.130 0.010 0.044 0.005 0.197 0.013 0.003 0.005 0.034 0.012 0.158 0.006 
264      368    (0)   15 :  0.014 0.005 0.134 0.137 0.092 0.016 0.125 0.006 0.200 0.007 0.004 0.005 0.045 0.018 0.187 0.008 
265      369    (0)   15 :  0.005 0.004 0.066 0.068 0.131 0.004 0.110 0.007 0.264 0.010 0.004 0.005 0.003 0.003 0.313 0.002 
266      370    (0)   15 :  0.029 0.008 0.134 0.125 0.080 0.014 0.043 0.013 0.109 0.326 0.007 0.016 0.004 0.005 0.077 0.009 
267      371    (0)   15 :  0.009 0.010 0.234 0.233 0.105 0.003 0.030 0.004 0.203 0.009 0.006 0.006 0.003 0.013 0.125 0.006 
268      372    (0)   15 :  0.003 0.388 0.019 0.021 0.013 0.004 0.011 0.068 0.016 0.014 0.304 0.103 0.003 0.014 0.016 0.003 
269      373    (0)   15 :  0.007 0.012 0.067 0.067 0.374 0.003 0.042 0.006 0.124 0.043 0.065 0.007 0.002 0.005 0.171 0.003 
270      380    (0)   15 :  0.009 0.006 0.219 0.204 0.126 0.006 0.028 0.030 0.163 0.038 0.010 0.025 0.002 0.015 0.084 0.036 
271      388    (0)   15 :  0.010 0.006 0.174 0.147 0.082 0.008 0.024 0.023 0.097 0.336 0.019 0.006 0.003 0.008 0.052 0.004 
272      418    (0)   15 :  0.003 0.004 0.036 0.040 0.471 0.006 0.021 0.015 0.096 0.009 0.059 0.007 0.005 0.010 0.197 0.019 
273      419    (0)   15 :  0.004 0.006 0.022 0.025 0.546 0.005 0.024 0.005 0.105 0.006 0.002 0.006 0.006 0.004 0.228 0.007 
274      420    (0)   15 :  0.010 0.032 0.171 0.162 0.151 0.043 0.027 0.014 0.119 0.046 0.058 0.022 0.009 0.036 0.099 0.002 
275      409    (0)   16 :  0.006 0.011 0.057 0.057 0.199 0.002 0.154 0.015 0.114 0.039 0.004 0.026 0.008 0.008 0.187 0.114 
276      414    (0)   16 :  0.008 0.008 0.108 0.113 0.234 0.003 0.119 0.017 0.129 0.008 0.008 0.012 0.008 0.016 0.193 0.017 
277      415    (2)   16 :  0.009 0.005 0.135 0.135 0.140 0.004 0.071 0.010 0.208 0.019 0.013 0.009 0.026 0.006 0.208 0.004 
278      416    (0)   16 :  0.022 0.013 0.066 0.070 0.422 0.003 0.026 0.009 0.110 0.006 0.010 0.012 0.004 0.022 0.145 0.061 
279      571    (0)    2 :  0.015 0.022 0.007 0.007 0.007 0.004 0.008 0.029 0.006 0.005 0.004 0.008 0.030 0.836 0.007 0.004 
280      572    (0)    2 :  0.046 0.003 0.015 0.014 0.015 0.006 0.014 0.036 0.014 0.007 0.004 0.003 0.011 0.788 0.016 0.008 
281      573    (2)    2 :  0.005 0.005 0.009 0.009 0.005 0.001 0.006 0.003 0.006 0.005 0.003 0.004 0.009 0.921 0.005 0.004 
282      574    (0)    2 :  0.008 0.006 0.010 0.010 0.010 0.003 0.010 0.005 0.011 0.006 0.002 0.006 0.004 0.885 0.011 0.013 
283      575    (2)    2 :  0.015 0.007 0.015 0.014 0.016 0.008 0.014 0.058 0.014 0.005 0.009 0.005 0.006 0.795 0.015 0.005 
284      576    (0)    2 :  0.005 0.003 0.003 0.003 0.003 0.001 0.003 0.003 0.003 0.002 0.002 0.003 0.003 0.957 0.003 0.003 
285      577    (0)    2 :  0.014 0.007 0.007 0.007 0.008 0.002 0.025 0.006 0.007 0.004 0.008 0.007 0.010 0.869 0.011 0.008 
286      578    (0)    2 :  0.004 0.005 0.004 0.004 0.004 0.002 0.006 0.004 0.003 0.002 0.008 0.005 0.004 0.889 0.004 0.052 
287      579    (0)    2 :  0.003 0.008 0.004 0.004 0.004 0.002 0.010 0.004 0.004 0.003 0.004 0.014 0.002 0.924 0.005 0.008 
288      580    (0)    2 :  0.003 0.004 0.003 0.003 0.003 0.002 0.004 0.003 0.003 0.003 0.002 0.003 0.002 0.957 0.003 0.002 
289      581    (0)    2 :  0.007 0.006 0.003 0.003 0.004 0.003 0.002 0.002 0.003 0.002 0.002 0.005 0.002 0.937 0.003 0.016 
290      582    (4)    2 :  0.014 0.020 0.022 0.024 0.014 0.052 0.015 0.007 0.026 0.013 0.019 0.016 0.002 0.733 0.021 0.003 
291      583    (0)    2 :  0.007 0.019 0.122 0.124 0.038 0.009 0.020 0.028 0.063 0.018 0.015 0.017 0.013 0.460 0.043 0.004 
292      584    (0)    2 :  0.006 0.059 0.008 0.009 0.007 0.003 0.010 0.007 0.008 0.007 0.007 0.008 0.005 0.833 0.008 0.015 
293      585    (0)    2 :  0.010 0.007 0.004 0.004 0.004 0.002 0.010 0.007 0.004 0.004 0.002 0.008 0.009 0.918 0.005 0.002 
294      586    (2)    2 :  0.006 0.008 0.004 0.004 0.004 0.003 0.005 0.006 0.004 0.003 0.011 0.006 0.004 0.923 0.004 0.004 
295      587    (0)    2 :  0.003 0.003 0.003 0.003 0.003 0.002 0.004 0.003 0.003 0.003 0.002 0.004 0.002 0.949 0.003 0.009 
296      588    (0)    2 :  0.007 0.008 0.017 0.015 0.011 0.009 0.077 0.011 0.017 0.006 0.010 0.006 0.017 0.759 0.026 0.005 
297      589    (0)    2 :  0.012 0.035 0.033 0.034 0.020 0.004 0.014 0.053 0.030 0.009 0.019 0.008 0.005 0.679 0.025 0.021 
298      590    (0)    2 :  0.037 0.006 0.008 0.008 0.006 0.010 0.006 0.003 0.006 0.005 0.012 0.011 0.056 0.779 0.006 0.042 
299      527    (2)    3 :  0.022 0.008 0.008 0.008 0.007 0.006 0.026 0.006 0.008 0.004 0.010 0.009 0.011 0.852 0.011 0.002 
300      528    (4)    3 :  0.076 0.004 0.030 0.029 0.019 0.003 0.012 0.322 0.026 0.018 0.009 0.016 0.003 0.396 0.020 0.017 
301      529    (4)    3 :  0.013 0.020 0.025 0.021 0.023 0.009 0.008 0.105 0.016 0.008 0.004 0.015 0.006 0.698 0.015 0.015 
302      530    (0)    3 :  0.008 0.003 0.007 0.008 0.006 0.004 0.007 0.011 0.007 0.014 0.005 0.003 0.006 0.899 0.008 0.004 
303      531    (2)    3 :  0.010 0.006 0.008 0.008 0.007 0.006 0.005 0.023 0.007 0.010 0.004 0.005 0.003 0.881 0.006 0.011 
304      532    (4)    3 :  0.016 0.004 0.017 0.017 0.008 0.002 0.009 0.099 0.012 0.023 0.002 0.004 0.031 0.743 0.010 0.003 
305      533    (0)    3 :  0.032 0.010 0.035 0.034 0.101 0.003 0.061 0.013 0.039 0.023 0.002 0.018 0.002 0.553 0.054 0.020 
306      534    (2)    3 :  0.072 0.005 0.009 0.009 0.010 0.002 0.006 0.007 0.009 0.005 0.006 0.005 0.003 0.832 0.008 0.013 
307      535    (2)    3 :  0.009 0.007 0.012 0.012 0.011 0.005 0.006 0.026 0.012 0.009 0.002 0.008 0.011 0.854 0.011 0.004 
308      536    (2)    3 :  0.009 0.006 0.007 0.007 0.005 0.013 0.005 0.003 0.006 0.008 0.002 0.003 0.004 0.887 0.006 0.029 
309      537    (2)    3 :  0.006 0.009 0.007 0.007 0.008 0.002 0.006 0.007 0.006 0.004 0.015 0.007 0.002 0.899 0.006 0.008 
310      538    (2)    3 :  0.048 0.013 0.033 0.033 0.031 0.002 0.046 0.005 0.033 0.037 0.004 0.025 0.004 0.645 0.038 0.003 
311      539    (2)    3 :  0.124 0.003 0.006 0.006 0.006 0.002 0.004 0.006 0.006 0.004 0.002 0.007 0.003 0.814 0.005 0.003 
312      540    (2)    3 :  0.012 0.009 0.011 0.012 0.023 0.001 0.008 0.006 0.016 0.021 0.002 0.012 0.005 0.831 0.018 0.012 
313      541    (2)    3 :  0.058 0.044 0.010 0.012 0.009 0.002 0.004 0.045 0.010 0.021 0.003 0.010 0.005 0.750 0.009 0.008 
314      542    (2)    3 :  0.058 0.021 0.023 0.024 0.016 0.004 0.008 0.016 0.018 0.017 0.009 0.077 0.004 0.679 0.015 0.011 
315      543    (0)    3 :  0.034 0.036 0.105 0.095 0.035 0.002 0.011 0.008 0.043 0.013 0.014 0.013 0.003 0.539 0.029 0.020 
316      544    (2)    3 :  0.019 0.003 0.004 0.004 0.004 0.002 0.005 0.003 0.004 0.008 0.002 0.003 0.002 0.930 0.004 0.005 
317      545    (2)    3 :  0.714 0.005 0.008 0.007 0.007 0.001 0.138 0.005 0.007 0.005 0.002 0.012 0.008 0.041 0.035 0.004 
318      546    (4)    3 :  0.615 0.003 0.013 0.012 0.007 0.002 0.239 0.004 0.009 0.004 0.002 0.012 0.008 0.014 0.054 0.004 
319      547    (6)    3 :  0.010 0.022 0.046 0.047 0.022 0.015 0.014 0.009 0.043 0.024 0.031 0.009 0.033 0.637 0.027 0.010 
320      019    (0)    4 :  0.773 0.050 0.008 0.008 0.009 0.004 0.006 0.019 0.008 0.007 0.004 0.004 0.003 0.080 0.008 0.009 
321      064    (0)    4 :  0.929 0.003 0.002 0.003 0.002 0.001 0.003 0.002 0.002 0.002 0.002 0.002 0.004 0.037 0.002 0.003 
322      065    (0)    4 :  0.026 0.003 0.003 0.003 0.003 0.001 0.002 0.003 0.002 0.003 0.002 0.002 0.002 0.939 0.002 0.005 
323      066    (0)    4 :  0.556 0.018 0.012 0.011 0.012 0.002 0.006 0.004 0.011 0.010 0.003 0.009 0.010 0.322 0.009 0.006 
324      067    (0)    4 :  0.845 0.027 0.010 0.010 0.010 0.007 0.008 0.018 0.009 0.006 0.010 0.005 0.004 0.013 0.008 0.011 
325      068    (0)    4 :  0.030 0.010 0.010 0.010 0.008 0.002 0.008 0.018 0.008 0.007 0.031 0.010 0.020 0.811 0.008 0.008 
326      069    (0)    4 :  0.750 0.004 0.006 0.005 0.006 0.001 0.019 0.008 0.005 0.006 0.004 0.008 0.017 0.139 0.009 0.013 
327      107    (0)    4 :  0.492 0.007 0.005 0.005 0.004 0.002 0.007 0.005 0.005 0.003 0.003 0.005 0.006 0.446 0.005 0.003 
328      110    (0)    4 :  0.952 0.003 0.003 0.003 0.002 0.003 0.004 0.010 0.003 0.003 0.002 0.002 0.003 0.004 0.003 0.002 
329      121    (0)    4 :  0.025 0.005 0.004 0.004 0.004 0.002 0.003 0.013 0.004 0.003 0.003 0.005 0.003 0.915 0.004 0.002 
330      137    (0)    4 :  0.885 0.008 0.010 0.010 0.008 0.011 0.007 0.004 0.011 0.005 0.002 0.009 0.005 0.009 0.010 0.005 
331      146    (0)    4 :  0.540 0.004 0.011 0.012 0.010 0.003 0.013 0.005 0.011 0.064 0.004 0.005 0.002 0.282 0.012 0.020 
332      149    (0)    4 :  0.937 0.007 0.005 0.005 0.004 0.003 0.003 0.005 0.005 0.004 0.002 0.005 0.002 0.006 0.004 0.002 
333      154    (0)    4 :  0.699 0.007 0.006 0.006 0.005 0.002 0.006 0.005 0.007 0.004 0.016 0.005 0.003 0.049 0.006 0.175 
334      179    (0)    4 :  0.540 0.005 0.004 0.005 0.004 0.002 0.003 0.004 0.004 0.004 0.004 0.006 0.007 0.399 0.004 0.004 
335      181    (0)    4 :  0.758 0.002 0.005 0.005 0.005 0.002 0.003 0.003 0.004 0.003 0.002 0.003 0.002 0.195 0.004 0.004 
336      182    (0)    4 :  0.102 0.006 0.014 0.014 0.010 0.002 0.008 0.027 0.012 0.013 0.014 0.005 0.017 0.737 0.011 0.007 
337      186    (0)    4 :  0.601 0.008 0.021 0.020 0.014 0.005 0.008 0.089 0.018 0.030 0.004 0.015 0.008 0.137 0.015 0.004 
338      193    (0)    4 :  0.416 0.009 0.008 0.008 0.010 0.002 0.006 0.006 0.008 0.008 0.004 0.004 0.005 0.489 0.009 0.008 
339      320    (0)    4 :  0.870 0.007 0.007 0.006 0.007 0.003 0.005 0.008 0.006 0.011 0.011 0.004 0.003 0.036 0.006 0.010 
340      341    (0)    4 :  0.049 0.010 0.007 0.007 0.005 0.002 0.003 0.004 0.006 0.007 0.003 0.010 0.006 0.874 0.006 0.003 
341      376    (0)    4 :  0.215 0.004 0.016 0.014 0.017 0.003 0.005 0.027 0.013 0.016 0.003 0.008 0.023 0.614 0.013 0.010 
342      395    (0)    4 :  0.633 0.011 0.009 0.008 0.008 0.006 0.005 0.011 0.007 0.006 0.004 0.027 0.004 0.199 0.007 0.057 
343      396    (0)    4 :  0.040 0.003 0.003 0.003 0.003 0.003 0.004 0.002 0.003 0.004 0.002 0.004 0.005 0.915 0.003 0.003 
344      397    (0)    4 :  0.094 0.004 0.006 0.006 0.005 0.010 0.003 0.005 0.006 0.003 0.007 0.003 0.002 0.831 0.005 0.010 
345      398    (0)    4 :  0.456 0.005 0.007 0.006 0.005 0.004 0.003 0.011 0.005 0.009 0.004 0.002 0.006 0.414 0.005 0.058 
346      399    (0)    4 :  0.006 0.003 0.005 0.005 0.005 0.002 0.006 0.013 0.005 0.008 0.003 0.003 0.006 0.920 0.005 0.002 
347      400    (0)    4 :  0.886 0.003 0.008 0.008 0.006 0.002 0.004 0.011 0.007 0.013 0.002 0.003 0.010 0.023 0.006 0.006 
348      401    (0)    4 :  0.802 0.005 0.012 0.013 0.010 0.003 0.006 0.004 0.011 0.009 0.002 0.006 0.007 0.093 0.011 0.006 
349      402    (0)    4 :  0.950 0.002 0.004 0.003 0.003 0.003 0.004 0.007 0.003 0.003 0.003 0.003 0.003 0.004 0.003 0.002 
350      403    (0)    4 :  0.400 0.015 0.011 0.012 0.009 0.012 0.008 0.020 0.009 0.029 0.004 0.011 0.010 0.439 0.008 0.004 
351      073    (0)    5 :  0.005 0.007 0.005 0.005 0.004 0.002 0.006 0.006 0.004 0.003 0.002 0.005 0.003 0.938 0.004 0.002 
352      074    (0)    5 :  0.004 0.006 0.007 0.008 0.008 0.002 0.005 0.002 0.007 0.004 0.005 0.003 0.002 0.893 0.007 0.037 
353      075    (0)    5 :  0.008 0.007 0.005 0.005 0.005 0.003 0.015 0.006 0.005 0.009 0.004 0.009 0.002 0.903 0.007 0.006 
354      076    (0)    5 :  0.008 0.005 0.007 0.007 0.007 0.005 0.005 0.013 0.007 0.005 0.007 0.010 0.003 0.900 0.006 0.004 
355      077    (0)    5 :  0.013 0.012 0.009 0.009 0.006 0.003 0.016 0.005 0.007 0.005 0.008 0.010 0.006 0.878 0.009 0.003 
356      078    (0)    5 :  0.007 0.006 0.012 0.010 0.011 0.005 0.130 0.004 0.010 0.012 0.005 0.007 0.003 0.740 0.034 0.005 
357      079    (0)    5 :  0.010 0.006 0.016 0.016 0.011 0.001 0.007 0.007 0.011 0.006 0.002 0.007 0.008 0.880 0.010 0.003 
358      080    (0)    5 :  0.005 0.004 0.006 0.006 0.005 0.002 0.004 0.015 0.006 0.004 0.019 0.003 0.004 0.907 0.005 0.003 
359      081    (0)    5 :  0.038 0.025 0.012 0.013 0.014 0.017 0.007 0.008 0.010 0.005 0.004 0.010 0.004 0.809 0.010 0.013 
360      082    (0)    5 :  0.020 0.003 0.003 0.004 0.003 0.002 0.002 0.006 0.004 0.004 0.003 0.002 0.005 0.933 0.003 0.003 
361      083    (0)    5 :  0.021 0.004 0.009 0.010 0.007 0.003 0.004 0.006 0.009 0.005 0.002 0.006 0.008 0.890 0.008 0.011 
362      084    (0)    5 :  0.011 0.013 0.006 0.006 0.005 0.006 0.005 0.003 0.005 0.004 0.002 0.008 0.002 0.811 0.005 0.109 
363      085    (0)    5 :  0.047 0.023 0.018 0.016 0.018 0.015 0.018 0.007 0.014 0.010 0.003 0.275 0.018 0.495 0.014 0.010 
364      404    (0)    5 :  0.010 0.006 0.004 0.004 0.005 0.003 0.006 0.005 0.004 0.004 0.003 0.004 0.003 0.913 0.005 0.021 
365      405    (0)    5 :  0.006 0.009 0.006 0.006 0.007 0.010 0.012 0.004 0.006 0.005 0.002 0.004 0.002 0.911 0.007 0.006 
366      406    (0)    5 :  0.005 0.003 0.010 0.009 0.010 0.007 0.034 0.007 0.009 0.006 0.003 0.005 0.007 0.861 0.014 0.009 
367      407    (0)    5 :  0.084 0.006 0.006 0.007 0.006 0.003 0.003 0.003 0.006 0.004 0.003 0.011 0.002 0.847 0.005 0.005 
368      408    (0)    5 :  0.004 0.004 0.005 0.005 0.005 0.001 0.004 0.004 0.005 0.003 0.005 0.004 0.003 0.937 0.005 0.006 
369      411    (2)    5 :  0.006 0.004 0.003 0.003 0.003 0.002 0.002 0.002 0.003 0.003 0.003 0.003 0.003 0.951 0.003 0.005 
370      412    (0)    5 :  0.008 0.012 0.012 0.011 0.011 0.005 0.004 0.013 0.010 0.006 0.007 0.018 0.007 0.864 0.009 0.004 
371      413    (0)    5 :  0.011 0.004 0.004 0.004 0.004 0.002 0.095 0.002 0.004 0.004 0.002 0.004 0.002 0.834 0.021 0.004 
372      591    (0)    6 :  0.002 0.009 0.007 0.007 0.006 0.007 0.005 0.911 0.006 0.007 0.004 0.005 0.004 0.004 0.006 0.009 
373      592    (0)    6 :  0.004 0.069 0.010 0.010 0.008 0.003 0.003 0.821 0.009 0.015 0.005 0.013 0.006 0.011 0.008 0.006 
374      593    (0)    6 :  0.005 0.007 0.007 0.007 0.007 0.006 0.013 0.901 0.007 0.006 0.002 0.006 0.005 0.009 0.008 0.004 
375      594    (0)    6 :  0.009 0.045 0.026 0.027 0.016 0.005 0.013 0.726 0.023 0.028 0.010 0.007 0.004 0.038 0.018 0.007 
376      595    (0)    6 :  0.014 0.006 0.020 0.020 0.017 0.005 0.011 0.815 0.028 0.006 0.012 0.008 0.004 0.010 0.022 0.003 
377      596    (0)    6 :  0.005 0.004 0.006 0.006 0.006 0.006 0.004 0.907 0.006 0.007 0.017 0.005 0.007 0.006 0.006 0.002 
378      597    (0)    6 :  0.030 0.007 0.019 0.019 0.011 0.002 0.005 0.789 0.014 0.008 0.006 0.037 0.003 0.034 0.011 0.003 
379      598    (0)    6 :  0.036 0.007 0.077 0.068 0.027 0.002 0.013 0.481 0.045 0.083 0.028 0.085 0.010 0.006 0.026 0.003 
380      599    (0)    6 :  0.003 0.173 0.008 0.008 0.010 0.007 0.005 0.731 0.009 0.004 0.003 0.018 0.005 0.005 0.009 0.003 
381      600    (0)    6 :  0.008 0.004 0.006 0.006 0.005 0.004 0.004 0.917 0.007 0.006 0.012 0.006 0.003 0.004 0.006 0.001 
382      601    (0)    6 :  0.026 0.019 0.022 0.020 0.019 0.002 0.007 0.780 0.019 0.009 0.002 0.033 0.005 0.020 0.015 0.002 
383      602    (0)    6 :  0.016 0.009 0.019 0.018 0.015 0.004 0.004 0.842 0.016 0.005 0.006 0.017 0.005 0.006 0.012 0.004 
384      603    (0)    6 :  0.004 0.063 0.054 0.052 0.044 0.007 0.011 0.110 0.035 0.005 0.008 0.558 0.007 0.006 0.030 0.008 
385      604    (0)    6 :  0.007 0.004 0.015 0.014 0.010 0.003 0.008 0.863 0.014 0.013 0.009 0.004 0.012 0.010 0.013 0.003 
386      605    (0)    6 :  0.006 0.010 0.033 0.033 0.023 0.005 0.010 0.690 0.030 0.090 0.026 0.009 0.004 0.008 0.020 0.002 
387      606    (0)    6 :  0.003 0.011 0.011 0.012 0.013 0.023 0.005 0.866 0.010 0.011 0.008 0.006 0.003 0.004 0.009 0.004 
388      607    (0)    6 :  0.016 0.002 0.006 0.007 0.004 0.003 0.003 0.818 0.006 0.008 0.008 0.007 0.097 0.009 0.004 0.002 
389      608    (0)    6 :  0.004 0.010 0.005 0.005 0.005 0.003 0.006 0.903 0.006 0.007 0.003 0.009 0.018 0.005 0.006 0.005 
390      609    (0)    6 :  0.004 0.004 0.008 0.008 0.008 0.004 0.005 0.912 0.008 0.008 0.003 0.005 0.008 0.004 0.007 0.003 
391      610    (0)    6 :  0.007 0.013 0.127 0.122 0.082 0.003 0.021 0.350 0.094 0.014 0.009 0.050 0.015 0.018 0.068 0.008 
392      611    (2)    6 :  0.008 0.003 0.009 0.008 0.008 0.003 0.009 0.869 0.009 0.007 0.007 0.004 0.025 0.010 0.009 0.012 
393      612    (0)    6 :  0.079 0.008 0.021 0.022 0.015 0.002 0.015 0.682 0.023 0.009 0.042 0.016 0.031 0.009 0.022 0.002 
394      755    (0)    6 :  0.008 0.007 0.038 0.036 0.055 0.002 0.020 0.400 0.029 0.015 0.042 0.013 0.266 0.014 0.028 0.028 
395      756    (0)    6 :  0.003 0.007 0.006 0.006 0.006 0.003 0.005 0.895 0.006 0.007 0.003 0.011 0.014 0.012 0.005 0.008 
396      757    (0)    6 :  0.006 0.008 0.012 0.012 0.014 0.003 0.006 0.860 0.013 0.019 0.005 0.006 0.011 0.009 0.012 0.004 
397      002    (0)    7 :  0.372 0.003 0.010 0.009 0.006 0.003 0.004 0.006 0.008 0.010 0.002 0.015 0.005 0.523 0.007 0.018 
398      099    (2)    7 :  0.004 0.012 0.168 0.175 0.160 0.013 0.036 0.006 0.175 0.026 0.102 0.003 0.004 0.002 0.112 0.003 
399      641    (2)    7 :  0.207 0.009 0.049 0.053 0.052 0.014 0.182 0.061 0.044 0.040 0.004 0.010 0.023 0.165 0.074 0.013 
400      642    (0)    7 :  0.005 0.017 0.010 0.010 0.010 0.003 0.007 0.020 0.009 0.020 0.003 0.011 0.004 0.855 0.008 0.008 
401      643    (2)    7 :  0.009 0.016 0.017 0.016 0.020 0.003 0.009 0.025 0.015 0.077 0.003 0.025 0.004 0.732 0.015 0.016 
402      644    (0)    7 :  0.022 0.020 0.011 0.011 0.010 0.004 0.012 0.007 0.009 0.019 0.009 0.014 0.008 0.829 0.010 0.006 
403      645    (0)    7 :  0.012 0.018 0.044 0.045 0.035 0.037 0.013 0.036 0.036 0.160 0.003 0.023 0.112 0.385 0.025 0.017 
404      646    (0)    7 :  0.323 0.005 0.055 0.050 0.035 0.010 0.138 0.012 0.030 0.027 0.008 0.053 0.134 0.059 0.048 0.012 
405      006    (0)    8 :  0.007 0.006 0.027 0.023 0.027 0.003 0.008 0.005 0.021 0.006 0.003 0.007 0.005 0.207 0.019 0.624 
406      011    (0)    8 :  0.003 0.004 0.003 0.003 0.003 0.002 0.002 0.003 0.003 0.003 0.003 0.003 0.002 0.951 0.003 0.009 
407      033    (2)    8 :  0.018 0.004 0.007 0.007 0.008 0.002 0.004 0.022 0.006 0.004 0.002 0.030 0.004 0.247 0.006 0.629 
408      048    (0)    8 :  0.011 0.265 0.021 0.021 0.023 0.008 0.011 0.016 0.022 0.007 0.005 0.018 0.006 0.495 0.023 0.049 
409      061    (0)    8 :  0.002 0.002 0.002 0.002 0.002 0.004 0.002 0.002 0.002 0.002 0.002 0.002 0.003 0.002 0.002 0.969 
410      088    (0)    8 :  0.016 0.020 0.016 0.016 0.018 0.005 0.011 0.013 0.015 0.015 0.008 0.011 0.003 0.793 0.015 0.024 
411      091    (0)    8 :  0.003 0.003 0.004 0.004 0.004 0.002 0.011 0.005 0.004 0.003 0.005 0.003 0.006 0.010 0.005 0.930 
412      098    (0)    8 :  0.017 0.022 0.007 0.008 0.009 0.013 0.003 0.022 0.007 0.004 0.003 0.008 0.006 0.856 0.007 0.009 
413      104    (0)    8 :  0.037 0.004 0.003 0.003 0.004 0.003 0.003 0.002 0.003 0.003 0.002 0.004 0.002 0.921 0.003 0.003 
414      196    (0)    8 :  0.020 0.011 0.006 0.006 0.008 0.005 0.003 0.010 0.007 0.006 0.006 0.006 0.002 0.318 0.005 0.579 
415      197    (0)    8 :  0.014 0.009 0.027 0.029 0.017 0.008 0.008 0.011 0.022 0.006 0.014 0.022 0.003 0.545 0.016 0.248 
416      201    (0)    8 :  0.013 0.005 0.005 0.005 0.005 0.001 0.004 0.005 0.006 0.013 0.001 0.005 0.002 0.335 0.006 0.590 
417      202    (0)    8 :  0.023 0.027 0.017 0.017 0.012 0.021 0.017 0.005 0.015 0.009 0.013 0.014 0.002 0.762 0.014 0.032 
418      204    (0)    8 :  0.031 0.006 0.004 0.004 0.005 0.002 0.003 0.003 0.004 0.005 0.002 0.012 0.010 0.520 0.004 0.384 
419      231    (0)    8 :  0.067 0.013 0.005 0.005 0.006 0.001 0.004 0.010 0.005 0.005 0.005 0.017 0.009 0.834 0.005 0.008 
420      328    (0)    8 :  0.003 0.005 0.005 0.005 0.004 0.005 0.003 0.006 0.004 0.005 0.002 0.008 0.002 0.692 0.004 0.247 
421      346    (0)    8 :  0.009 0.005 0.005 0.005 0.004 0.003 0.003 0.008 0.005 0.004 0.007 0.003 0.003 0.619 0.004 0.311 
422      212    (0)    9 :  0.003 0.004 0.003 0.002 0.003 0.001 0.004 0.002 0.003 0.003 0.958 0.004 0.003 0.002 0.003 0.002 
423      213    (0)    9 :  0.002 0.005 0.004 0.004 0.004 0.003 0.003 0.003 0.004 0.006 0.933 0.007 0.003 0.005 0.004 0.009 
424      214    (0)    9 :  0.006 0.004 0.005 0.005 0.005 0.001 0.005 0.006 0.006 0.006 0.934 0.004 0.002 0.004 0.005 0.002 
425      215    (0)    9 :  0.004 0.006 0.004 0.004 0.004 0.004 0.006 0.005 0.004 0.004 0.935 0.004 0.003 0.005 0.004 0.003 
426      216    (0)    9 :  0.002 0.004 0.003 0.003 0.004 0.002 0.004 0.003 0.003 0.002 0.949 0.004 0.004 0.005 0.003 0.004 
427      217    (0)    9 :  0.004 0.004 0.006 0.005 0.006 0.002 0.005 0.004 0.006 0.009 0.927 0.004 0.006 0.005 0.005 0.004 
428      218    (0)    9 :  0.002 0.003 0.003 0.003 0.003 0.002 0.003 0.003 0.003 0.003 0.958 0.003 0.004 0.003 0.003 0.002 
429      332    (0)    9 :  0.008 0.008 0.007 0.007 0.009 0.005 0.006 0.016 0.007 0.011 0.857 0.008 0.033 0.009 0.007 0.003 
430      333    (0)    9 :  0.012 0.007 0.014 0.013 0.010 0.010 0.011 0.027 0.013 0.010 0.840 0.004 0.006 0.010 0.011 0.004 
431      334    (0)    9 :  0.002 0.005 0.005 0.004 0.004 0.003 0.006 0.007 0.005 0.005 0.927 0.006 0.007 0.007 0.005 0.003 
432      335    (0)    9 :  0.002 0.006 0.003 0.003 0.003 0.002 0.003 0.003 0.003 0.003 0.960 0.002 0.002 0.002 0.003 0.002 
433      336    (0)    9 :  0.005 0.002 0.003 0.003 0.003 0.014 0.002 0.005 0.003 0.002 0.943 0.003 0.003 0.003 0.002 0.004 
434      337    (0)    9 :  0.008 0.003 0.005 0.005 0.004 0.002 0.005 0.011 0.005 0.006 0.925 0.003 0.002 0.009 0.005 0.002 
435      673    (0)    9 :  0.001 0.002 0.001 0.001 0.001 0.001 0.001 0.002 0.001 0.001 0.979 0.001 0.001 0.002 0.001 0.001 
436      674    (0)    9 :  0.005 0.004 0.006 0.006 0.004 0.002 0.007 0.005 0.005 0.003 0.932 0.004 0.007 0.004 0.005 0.002 
437      675    (0)    9 :  0.002 0.005 0.004 0.004 0.004 0.004 0.003 0.005 0.005 0.003 0.939 0.006 0.003 0.003 0.004 0.004 
438      676    (0)    9 :  0.003 0.008 0.004 0.004 0.005 0.001 0.004 0.006 0.005 0.008 0.931 0.006 0.005 0.003 0.005 0.001 
439      677    (0)    9 :  0.003 0.004 0.004 0.004 0.003 0.002 0.006 0.004 0.004 0.005 0.944 0.003 0.002 0.006 0.004 0.002 
440      678    (0)    9 :  0.011 0.007 0.010 0.010 0.009 0.004 0.008 0.003 0.010 0.006 0.892 0.006 0.003 0.007 0.010 0.004 
441      679    (0)    9 :  0.002 0.003 0.007 0.007 0.010 0.002 0.004 0.007 0.008 0.006 0.908 0.005 0.017 0.004 0.008 0.001 
442      680    (0)    9 :  0.003 0.007 0.005 0.005 0.006 0.005 0.004 0.012 0.005 0.004 0.917 0.007 0.007 0.004 0.005 0.003 
443      681    (0)    9 :  0.004 0.004 0.005 0.005 0.005 0.002 0.005 0.007 0.006 0.008 0.927 0.005 0.004 0.007 0.005 0.002 
444      682    (0)    9 :  0.002 0.002 0.002 0.002 0.002 0.004 0.002 0.002 0.002 0.002 0.966 0.002 0.002 0.002 0.002 0.003 
445      683    (0)    9 :  0.003 0.004 0.006 0.006 0.006 0.002 0.004 0.007 0.007 0.004 0.927 0.004 0.006 0.005 0.006 0.004 
446      684    (0)    9 :  0.003 0.006 0.005 0.005 0.004 0.003 0.008 0.006 0.005 0.003 0.934 0.005 0.003 0.002 0.006 0.002 
447      685    (0)    9 :  0.007 0.003 0.005 0.005 0.006 0.003 0.005 0.009 0.006 0.004 0.928 0.003 0.003 0.003 0.006 0.003 
448      686    (0)    9 :  0.002 0.002 0.002 0.002 0.002 0.003 0.002 0.003 0.002 0.002 0.965 0.002 0.002 0.002 0.002 0.002 
449      687    (0)    9 :  0.002 0.003 0.002 0.002 0.002 0.002 0.002 0.003 0.002 0.002 0.965 0.002 0.002 0.002 0.002 0.002 
450      688    (0)    9 :  0.005 0.007 0.004 0.004 0.003 0.002 0.003 0.006 0.004 0.004 0.934 0.007 0.004 0.007 0.004 0.003 


Estimated Allele Frequencies in each cluster
First column gives estimated ancestral frequencies


Locus 1 : 1 
4 alleles
0.0% missing data
  89   (0.545) 0.277 0.595 0.545 0.544 0.574 0.068 0.541 0.546 0.547 0.494 0.643 0.459 0.829 0.625 0.549 0.693 
  91   (0.373) 0.596 0.339 0.373 0.373 0.335 0.702 0.427 0.437 0.370 0.456 0.310 0.519 0.152 0.314 0.377 0.298 
  99   (0.015) 0.001 0.012 0.015 0.014 0.041 0.130 0.005 0.002 0.014 0.004 0.001 0.005 0.004 0.000 0.019 0.001 
  93   (0.068) 0.126 0.053 0.068 0.069 0.050 0.100 0.028 0.014 0.069 0.047 0.046 0.017 0.015 0.061 0.054 0.007 

Locus 2 : 2 
6 alleles
1.1% missing data
 136   (0.362) 0.726 0.060 0.362 0.361 0.297 0.190 0.345 0.414 0.360 0.554 0.460 0.181 0.142 0.557 0.349 0.109 
 134   (0.234) 0.166 0.264 0.234 0.233 0.220 0.027 0.125 0.411 0.219 0.212 0.382 0.223 0.685 0.143 0.193 0.209 
 138   (0.295) 0.096 0.501 0.295 0.298 0.375 0.771 0.468 0.142 0.318 0.168 0.152 0.475 0.120 0.249 0.363 0.247 
 140   (0.061) 0.007 0.040 0.061 0.061 0.059 0.007 0.040 0.014 0.059 0.037 0.004 0.055 0.016 0.050 0.056 0.430 
 132   (0.023) 0.002 0.003 0.023 0.023 0.033 0.002 0.013 0.004 0.026 0.007 0.001 0.006 0.005 0.001 0.025 0.002 
 142   (0.025) 0.002 0.132 0.025 0.024 0.017 0.003 0.009 0.014 0.018 0.022 0.002 0.060 0.032 0.001 0.014 0.003 

Locus 3 : 3 
6 alleles
0.0% missing data
 181   (0.271) 0.094 0.423 0.271 0.272 0.245 0.181 0.135 0.406 0.276 0.192 0.067 0.140 0.353 0.231 0.248 0.079 
 187   (0.333) 0.536 0.147 0.333 0.333 0.308 0.773 0.665 0.158 0.337 0.332 0.256 0.330 0.115 0.515 0.392 0.686 
 179   (0.243) 0.355 0.198 0.243 0.242 0.283 0.029 0.136 0.403 0.242 0.295 0.015 0.315 0.345 0.229 0.228 0.220 
 191   (0.030) 0.003 0.007 0.030 0.030 0.027 0.003 0.014 0.006 0.027 0.010 0.197 0.006 0.008 0.022 0.025 0.004 
 175   (0.048) 0.004 0.136 0.048 0.048 0.037 0.005 0.016 0.009 0.041 0.105 0.003 0.125 0.045 0.001 0.033 0.005 
 185   (0.076) 0.008 0.090 0.076 0.076 0.099 0.008 0.034 0.018 0.077 0.066 0.462 0.084 0.134 0.002 0.075 0.007 

Locus 4 : 4 
12 alleles
0.2% missing data
 253   (0.498) 0.462 0.525 0.498 0.498 0.562 0.599 0.300 0.623 0.516 0.514 0.464 0.511 0.632 0.760 0.506 0.632 
 249   (0.025) 0.016 0.003 0.025 0.024 0.015 0.003 0.012 0.004 0.021 0.008 0.001 0.005 0.005 0.060 0.017 0.313 
 271   (0.040) 0.057 0.005 0.040 0.040 0.041 0.005 0.015 0.009 0.039 0.030 0.003 0.026 0.010 0.028 0.032 0.005 
 241   (0.153) 0.382 0.142 0.153 0.154 0.114 0.184 0.134 0.138 0.150 0.195 0.151 0.185 0.094 0.021 0.135 0.021 
 257   (0.006) 0.002 0.001 0.006 0.005 0.003 0.001 0.001 0.001 0.004 0.004 0.000 0.001 0.001 0.000 0.003 0.000 
 269   (0.174) 0.061 0.287 0.174 0.175 0.137 0.198 0.483 0.186 0.166 0.152 0.097 0.226 0.234 0.128 0.212 0.019 
 245   (0.006) 0.000 0.001 0.006 0.006 0.003 0.001 0.002 0.001 0.004 0.002 0.000 0.001 0.001 0.000 0.003 0.000 
 247   (0.069) 0.007 0.032 0.069 0.069 0.108 0.007 0.031 0.031 0.079 0.054 0.282 0.031 0.017 0.002 0.075 0.007 
 239   (0.011) 0.001 0.001 0.011 0.010 0.006 0.001 0.003 0.003 0.008 0.020 0.001 0.002 0.002 0.000 0.006 0.001 
 273   (0.008) 0.001 0.001 0.008 0.008 0.004 0.001 0.002 0.001 0.006 0.018 0.000 0.002 0.002 0.000 0.004 0.001 
 267   (0.006) 0.010 0.001 0.006 0.006 0.003 0.001 0.015 0.001 0.003 0.002 0.000 0.001 0.001 0.000 0.005 0.000 
 255   (0.006) 0.001 0.001 0.006 0.006 0.003 0.001 0.002 0.002 0.004 0.002 0.000 0.010 0.001 0.000 0.003 0.001 

Locus 5 : 5 
6 alleles
0.7% missing data
 103   (0.873) 0.982 0.974 0.873 0.875 0.831 0.985 0.451 0.936 0.869 0.866 0.980 0.928 0.964 0.996 0.779 0.987 
 104   (0.044) 0.010 0.014 0.044 0.043 0.094 0.005 0.505 0.022 0.046 0.044 0.003 0.034 0.017 0.002 0.141 0.004 
 105   (0.045) 0.004 0.007 0.045 0.045 0.053 0.005 0.029 0.033 0.054 0.071 0.003 0.024 0.010 0.001 0.055 0.005 
 102   (0.017) 0.001 0.002 0.017 0.017 0.012 0.003 0.008 0.005 0.016 0.007 0.001 0.009 0.003 0.000 0.013 0.001 
 107   (0.012) 0.001 0.001 0.012 0.012 0.006 0.001 0.004 0.003 0.010 0.009 0.001 0.002 0.002 0.000 0.007 0.001 
 101   (0.009) 0.001 0.001 0.009 0.009 0.004 0.001 0.003 0.002 0.006 0.003 0.012 0.003 0.004 0.000 0.005 0.001 

Locus 6 : 6 
5 alleles
0.2% missing data
 141   (0.268) 0.304 0.154 0.268 0.266 0.318 0.030 0.194 0.311 0.257 0.203 0.130 0.318 0.779 0.595 0.255 0.840 
 145   (0.416) 0.117 0.662 0.416 0.420 0.351 0.415 0.644 0.449 0.436 0.524 0.259 0.471 0.138 0.173 0.466 0.074 
 135   (0.229) 0.370 0.172 0.229 0.228 0.265 0.545 0.123 0.134 0.226 0.209 0.289 0.175 0.064 0.193 0.212 0.071 
 147   (0.077) 0.208 0.010 0.077 0.076 0.057 0.009 0.035 0.105 0.071 0.053 0.321 0.033 0.017 0.040 0.059 0.013 
 137   (0.011) 0.001 0.001 0.011 0.010 0.009 0.001 0.004 0.002 0.010 0.011 0.001 0.002 0.002 0.000 0.008 0.001 

Locus 7 : 7 
10 alleles
1.3% missing data
  93   (0.223) 0.403 0.269 0.223 0.221 0.201 0.793 0.148 0.216 0.201 0.268 0.065 0.330 0.306 0.333 0.184 0.625 
 103   (0.316) 0.276 0.359 0.316 0.318 0.335 0.044 0.512 0.536 0.325 0.297 0.513 0.363 0.129 0.402 0.365 0.081 
  91   (0.066) 0.007 0.037 0.066 0.066 0.056 0.010 0.041 0.035 0.070 0.059 0.156 0.017 0.050 0.033 0.063 0.006 
  97   (0.193) 0.169 0.194 0.193 0.195 0.184 0.127 0.148 0.159 0.204 0.122 0.254 0.049 0.243 0.165 0.190 0.026 
  85   (0.048) 0.008 0.053 0.048 0.047 0.040 0.007 0.023 0.013 0.045 0.050 0.003 0.011 0.011 0.046 0.040 0.005 
  89   (0.082) 0.132 0.056 0.082 0.081 0.058 0.011 0.046 0.028 0.072 0.073 0.005 0.206 0.248 0.020 0.060 0.250 
  83   (0.051) 0.005 0.029 0.051 0.050 0.106 0.006 0.028 0.009 0.062 0.124 0.003 0.020 0.010 0.001 0.070 0.005 
 105   (0.010) 0.001 0.001 0.010 0.010 0.014 0.001 0.005 0.002 0.012 0.003 0.001 0.002 0.002 0.000 0.013 0.001 
 101   (0.006) 0.000 0.001 0.006 0.006 0.002 0.001 0.047 0.001 0.003 0.002 0.000 0.001 0.001 0.000 0.011 0.000 
  99   (0.006) 0.000 0.001 0.006 0.006 0.004 0.001 0.002 0.001 0.006 0.002 0.000 0.001 0.001 0.000 0.004 0.001 

Locus 8 : 8 
8 alleles
0.0% missing data
 129   (0.554) 0.461 0.731 0.554 0.556 0.494 0.199 0.805 0.400 0.560 0.643 0.638 0.751 0.467 0.704 0.596 0.671 
 141   (0.058) 0.152 0.011 0.058 0.057 0.050 0.006 0.024 0.092 0.050 0.022 0.216 0.024 0.012 0.099 0.042 0.009 
 149   (0.075) 0.029 0.049 0.075 0.074 0.106 0.008 0.032 0.016 0.075 0.062 0.013 0.081 0.284 0.145 0.074 0.011 
 143   (0.264) 0.352 0.195 0.264 0.264 0.313 0.697 0.121 0.483 0.271 0.243 0.129 0.130 0.198 0.051 0.252 0.305 
 127   (0.015) 0.001 0.002 0.015 0.014 0.012 0.050 0.007 0.002 0.015 0.004 0.001 0.003 0.003 0.000 0.014 0.001 
 131   (0.011) 0.001 0.009 0.011 0.011 0.006 0.037 0.003 0.002 0.008 0.003 0.002 0.002 0.003 0.000 0.006 0.001 
 133   (0.018) 0.002 0.002 0.018 0.018 0.016 0.002 0.006 0.003 0.017 0.019 0.001 0.007 0.033 0.000 0.013 0.002 
 145   (0.006) 0.001 0.001 0.006 0.006 0.003 0.001 0.002 0.001 0.004 0.004 0.000 0.001 0.001 0.000 0.003 0.000 

Locus 9 : 9 
5 alleles
0.0% missing data
 191   (0.384) 0.600 0.322 0.384 0.383 0.426 0.337 0.416 0.489 0.381 0.352 0.543 0.162 0.590 0.568 0.405 0.844 
 195   (0.144) 0.037 0.389 0.144 0.143 0.169 0.357 0.069 0.251 0.136 0.135 0.053 0.065 0.034 0.191 0.118 0.032 
 189   (0.460) 0.362 0.288 0.460 0.462 0.398 0.305 0.511 0.258 0.475 0.500 0.403 0.770 0.373 0.240 0.472 0.123 
 197   (0.006) 0.001 0.001 0.006 0.006 0.003 0.001 0.002 0.001 0.004 0.011 0.000 0.001 0.001 0.000 0.003 0.001 
 193   (0.006) 0.001 0.001 0.006 0.006 0.003 0.001 0.002 0.001 0.004 0.002 0.000 0.001 0.002 0.002 0.003 0.001 

Locus 10 : 10 
7 alleles
0.2% missing data
 232   (0.258) 0.387 0.185 0.258 0.259 0.263 0.218 0.320 0.151 0.271 0.283 0.276 0.076 0.066 0.285 0.282 0.581 
 238   (0.558) 0.428 0.731 0.558 0.558 0.556 0.370 0.587 0.679 0.557 0.500 0.342 0.866 0.842 0.594 0.567 0.134 
 252   (0.107) 0.177 0.075 0.107 0.106 0.117 0.014 0.064 0.116 0.095 0.171 0.031 0.042 0.078 0.106 0.090 0.271 
 254   (0.043) 0.004 0.005 0.043 0.042 0.033 0.395 0.015 0.048 0.040 0.033 0.265 0.009 0.008 0.014 0.032 0.012 
 250   (0.011) 0.001 0.001 0.011 0.011 0.015 0.002 0.006 0.002 0.013 0.004 0.001 0.002 0.002 0.000 0.013 0.001 
 236   (0.006) 0.001 0.001 0.006 0.006 0.003 0.001 0.002 0.002 0.004 0.003 0.001 0.001 0.001 0.000 0.003 0.000 
 248   (0.018) 0.002 0.002 0.018 0.018 0.012 0.002 0.006 0.003 0.019 0.007 0.083 0.004 0.003 0.000 0.014 0.001 

Locus 11 : 11 
4 alleles
0.0% missing data
  87   (0.696) 0.559 0.873 0.696 0.696 0.702 0.964 0.815 0.649 0.698 0.691 0.533 0.793 0.867 0.641 0.720 0.335 
  89   (0.242) 0.363 0.100 0.242 0.243 0.235 0.029 0.155 0.339 0.245 0.214 0.384 0.191 0.081 0.303 0.231 0.642 
  91   (0.048) 0.078 0.025 0.048 0.048 0.055 0.005 0.023 0.010 0.045 0.075 0.082 0.014 0.012 0.055 0.042 0.021 
  85   (0.013) 0.001 0.002 0.013 0.013 0.008 0.001 0.007 0.002 0.011 0.020 0.001 0.003 0.040 0.000 0.008 0.002 

Locus 12 : 12 
13 alleles
0.2% missing data
 160   (0.211) 0.190 0.295 0.211 0.213 0.160 0.590 0.357 0.058 0.207 0.215 0.719 0.258 0.193 0.105 0.228 0.038 
 162   (0.267) 0.093 0.222 0.267 0.266 0.312 0.068 0.131 0.490 0.261 0.249 0.230 0.321 0.394 0.208 0.240 0.759 
 147   (0.050) 0.370 0.018 0.050 0.050 0.033 0.005 0.025 0.087 0.046 0.018 0.003 0.071 0.014 0.118 0.039 0.095 
 158   (0.227) 0.312 0.233 0.227 0.228 0.208 0.028 0.388 0.189 0.233 0.280 0.021 0.099 0.086 0.538 0.260 0.079 
 161   (0.107) 0.023 0.113 0.107 0.106 0.127 0.122 0.040 0.149 0.100 0.118 0.018 0.134 0.032 0.021 0.092 0.014 
 170   (0.046) 0.005 0.013 0.046 0.047 0.075 0.005 0.022 0.008 0.063 0.056 0.003 0.053 0.011 0.006 0.063 0.006 
 143   (0.026) 0.002 0.003 0.026 0.027 0.043 0.175 0.013 0.005 0.031 0.037 0.002 0.005 0.008 0.001 0.032 0.002 
 154   (0.016) 0.001 0.002 0.016 0.017 0.014 0.002 0.010 0.004 0.023 0.006 0.001 0.004 0.005 0.000 0.019 0.002 
 149   (0.019) 0.002 0.086 0.019 0.018 0.012 0.002 0.005 0.004 0.015 0.005 0.001 0.005 0.252 0.000 0.011 0.002 
 153   (0.011) 0.001 0.001 0.011 0.011 0.007 0.001 0.004 0.003 0.010 0.010 0.001 0.002 0.002 0.000 0.008 0.001 
 150   (0.006) 0.001 0.011 0.006 0.006 0.003 0.001 0.001 0.001 0.004 0.002 0.000 0.001 0.001 0.000 0.002 0.001 
 159   (0.007) 0.001 0.002 0.007 0.007 0.003 0.001 0.002 0.001 0.004 0.003 0.000 0.047 0.001 0.000 0.003 0.001 
 164   (0.006) 0.001 0.001 0.006 0.006 0.003 0.001 0.001 0.001 0.004 0.002 0.000 0.001 0.001 0.000 0.003 0.000 

Locus 13 : 13 
5 alleles
0.0% missing data
 108   (0.201) 0.157 0.094 0.201 0.203 0.148 0.341 0.290 0.141 0.206 0.280 0.199 0.137 0.050 0.162 0.213 0.411 
 115   (0.463) 0.309 0.543 0.463 0.463 0.472 0.093 0.258 0.503 0.459 0.475 0.285 0.486 0.716 0.583 0.419 0.527 
 113   (0.325) 0.533 0.362 0.325 0.323 0.371 0.565 0.445 0.354 0.326 0.241 0.515 0.375 0.232 0.255 0.360 0.061 
 109   (0.006) 0.000 0.001 0.006 0.006 0.003 0.001 0.005 0.001 0.004 0.002 0.000 0.001 0.001 0.000 0.004 0.001 
 110   (0.006) 0.000 0.001 0.006 0.005 0.006 0.001 0.001 0.001 0.004 0.002 0.000 0.001 0.001 0.000 0.003 0.000 

Locus 14 : 14 
5 alleles
0.9% missing data
 227   (0.148) 0.342 0.334 0.148 0.148 0.152 0.261 0.087 0.040 0.144 0.079 0.017 0.309 0.066 0.260 0.136 0.066 
 231   (0.155) 0.109 0.025 0.155 0.157 0.137 0.269 0.075 0.463 0.168 0.145 0.355 0.042 0.038 0.094 0.146 0.025 
 229   (0.502) 0.422 0.539 0.502 0.500 0.498 0.092 0.748 0.282 0.499 0.682 0.412 0.436 0.850 0.460 0.546 0.860 
 225   (0.136) 0.024 0.057 0.136 0.137 0.134 0.226 0.067 0.140 0.135 0.070 0.211 0.195 0.033 0.088 0.122 0.018 
 233   (0.059) 0.103 0.045 0.059 0.058 0.079 0.152 0.023 0.075 0.054 0.024 0.004 0.019 0.014 0.098 0.050 0.031 

Locus 15 : 15 
5 alleles
0.2% missing data
 143   (0.843) 0.978 0.847 0.843 0.843 0.848 0.719 0.889 0.878 0.832 0.888 0.812 0.942 0.936 0.969 0.841 0.984 
 157   (0.007) 0.001 0.001 0.007 0.007 0.003 0.001 0.002 0.001 0.004 0.002 0.000 0.001 0.001 0.018 0.003 0.001 
 145   (0.087) 0.015 0.068 0.087 0.088 0.087 0.273 0.078 0.110 0.091 0.049 0.006 0.038 0.050 0.011 0.090 0.010 
 147   (0.049) 0.005 0.082 0.049 0.049 0.054 0.006 0.027 0.008 0.061 0.025 0.151 0.017 0.011 0.001 0.058 0.005 
 133   (0.014) 0.001 0.002 0.014 0.014 0.008 0.001 0.005 0.002 0.012 0.036 0.031 0.003 0.003 0.000 0.009 0.002 

Locus 16 : 16 
5 alleles
0.2% missing data
 156   (0.220) 0.080 0.259 0.220 0.218 0.227 0.516 0.115 0.331 0.208 0.397 0.501 0.169 0.052 0.307 0.192 0.193 
 158   (0.554) 0.729 0.635 0.554 0.555 0.589 0.254 0.607 0.463 0.561 0.456 0.196 0.601 0.615 0.496 0.579 0.324 
 160   (0.135) 0.181 0.081 0.134 0.135 0.102 0.015 0.075 0.147 0.135 0.099 0.112 0.182 0.308 0.153 0.120 0.471 
 154   (0.084) 0.009 0.018 0.084 0.084 0.078 0.215 0.201 0.058 0.091 0.045 0.191 0.028 0.024 0.044 0.106 0.011 
 152   (0.008) 0.001 0.008 0.008 0.008 0.004 0.001 0.002 0.001 0.005 0.002 0.000 0.020 0.001 0.000 0.004 0.001 

Locus 17 : 17 
5 alleles
0.0% missing data
 102   (0.204) 0.147 0.127 0.204 0.202 0.206 0.025 0.173 0.180 0.187 0.100 0.198 0.432 0.314 0.249 0.186 0.089 
  90   (0.683) 0.826 0.852 0.683 0.684 0.653 0.571 0.643 0.798 0.680 0.812 0.795 0.534 0.386 0.720 0.662 0.618 
  88   (0.067) 0.023 0.009 0.067 0.069 0.097 0.007 0.032 0.013 0.082 0.039 0.005 0.019 0.292 0.030 0.078 0.289 
 100   (0.039) 0.003 0.005 0.038 0.038 0.042 0.397 0.150 0.008 0.047 0.046 0.002 0.011 0.007 0.001 0.071 0.003 
 104   (0.006) 0.001 0.007 0.006 0.006 0.003 0.001 0.002 0.001 0.004 0.002 0.000 0.003 0.001 0.000 0.003 0.001 

Locus 18 : 18 
7 alleles
0.0% missing data
 142   (0.128) 0.387 0.063 0.128 0.129 0.158 0.014 0.076 0.024 0.132 0.181 0.008 0.059 0.072 0.427 0.124 0.795 
 146   (0.074) 0.022 0.013 0.074 0.072 0.108 0.008 0.031 0.086 0.065 0.063 0.226 0.242 0.103 0.193 0.066 0.033 
 140   (0.290) 0.424 0.280 0.290 0.289 0.246 0.276 0.356 0.508 0.290 0.228 0.175 0.205 0.524 0.086 0.303 0.044 
 127   (0.308) 0.093 0.333 0.308 0.310 0.291 0.548 0.461 0.228 0.318 0.399 0.059 0.293 0.188 0.222 0.341 0.079 
 148   (0.094) 0.048 0.068 0.094 0.094 0.080 0.010 0.035 0.111 0.093 0.035 0.217 0.140 0.025 0.054 0.075 0.031 
 138   (0.055) 0.021 0.047 0.055 0.056 0.039 0.140 0.023 0.030 0.053 0.037 0.004 0.032 0.016 0.018 0.043 0.011 
 150   (0.051) 0.005 0.195 0.051 0.051 0.079 0.005 0.019 0.012 0.049 0.058 0.311 0.028 0.072 0.001 0.047 0.006 

Locus 19 : 19 
7 alleles
0.0% missing data
 188   (0.198) 0.180 0.194 0.198 0.198 0.198 0.021 0.124 0.069 0.206 0.184 0.170 0.091 0.048 0.094 0.189 0.563 
 190   (0.116) 0.327 0.244 0.116 0.114 0.078 0.012 0.136 0.248 0.090 0.100 0.199 0.069 0.403 0.424 0.087 0.013 
 194   (0.576) 0.483 0.531 0.576 0.578 0.603 0.956 0.689 0.590 0.592 0.640 0.478 0.564 0.176 0.479 0.617 0.414 
 200   (0.085) 0.008 0.028 0.085 0.085 0.101 0.009 0.043 0.086 0.092 0.062 0.005 0.272 0.369 0.002 0.090 0.007 
 192   (0.007) 0.001 0.001 0.007 0.006 0.004 0.001 0.002 0.003 0.005 0.002 0.000 0.001 0.001 0.000 0.004 0.000 
 202   (0.013) 0.001 0.002 0.013 0.013 0.012 0.001 0.004 0.002 0.011 0.004 0.147 0.003 0.002 0.000 0.009 0.001 
 196   (0.006) 0.001 0.001 0.006 0.006 0.003 0.001 0.002 0.001 0.004 0.006 0.000 0.001 0.001 0.000 0.003 0.000 

Locus 20 : 20 
6 alleles
0.9% missing data
 252   (0.715) 0.707 0.749 0.715 0.717 0.740 0.380 0.630 0.748 0.733 0.845 0.725 0.835 0.547 0.852 0.723 0.806 
 250   (0.080) 0.048 0.097 0.080 0.080 0.061 0.349 0.061 0.068 0.078 0.030 0.144 0.028 0.133 0.102 0.072 0.010 
 244   (0.019) 0.002 0.006 0.019 0.018 0.015 0.004 0.012 0.006 0.014 0.010 0.001 0.007 0.006 0.007 0.013 0.162 
 254   (0.078) 0.009 0.087 0.078 0.077 0.095 0.106 0.030 0.055 0.072 0.056 0.083 0.098 0.017 0.032 0.063 0.010 
 246   (0.087) 0.231 0.058 0.087 0.086 0.068 0.159 0.050 0.118 0.083 0.050 0.046 0.024 0.293 0.004 0.072 0.009 
 248   (0.022) 0.002 0.003 0.022 0.021 0.022 0.002 0.218 0.004 0.020 0.009 0.001 0.008 0.004 0.004 0.057 0.003 

Locus 21 : 21 
7 alleles
0.2% missing data
 173   (0.292) 0.137 0.607 0.292 0.290 0.296 0.119 0.161 0.314 0.272 0.356 0.212 0.476 0.073 0.375 0.246 0.148 
 177   (0.274) 0.647 0.210 0.274 0.275 0.298 0.274 0.574 0.080 0.291 0.199 0.165 0.243 0.496 0.272 0.349 0.170 
 175   (0.137) 0.024 0.075 0.137 0.136 0.126 0.487 0.074 0.318 0.129 0.130 0.258 0.086 0.040 0.025 0.116 0.017 
 167   (0.196) 0.178 0.090 0.196 0.196 0.182 0.109 0.109 0.142 0.188 0.268 0.122 0.168 0.095 0.322 0.171 0.655 
 163   (0.035) 0.004 0.010 0.035 0.035 0.029 0.004 0.022 0.015 0.035 0.022 0.228 0.010 0.008 0.002 0.033 0.004 
 159   (0.021) 0.002 0.003 0.021 0.023 0.021 0.002 0.013 0.004 0.038 0.006 0.001 0.007 0.004 0.000 0.035 0.002 
 165   (0.045) 0.008 0.006 0.045 0.045 0.047 0.005 0.047 0.127 0.047 0.019 0.013 0.011 0.285 0.003 0.051 0.005 

Locus 22 : 22 
11 alleles
0.7% missing data
 146   (0.250) 0.216 0.242 0.250 0.251 0.301 0.073 0.119 0.169 0.256 0.203 0.138 0.341 0.299 0.230 0.238 0.836 
 154   (0.007) 0.001 0.001 0.007 0.007 0.003 0.001 0.001 0.001 0.004 0.002 0.000 0.001 0.001 0.071 0.003 0.001 
 166   (0.099) 0.273 0.023 0.099 0.099 0.113 0.113 0.075 0.077 0.103 0.048 0.006 0.034 0.024 0.028 0.103 0.011 
 152   (0.418) 0.442 0.670 0.417 0.415 0.346 0.499 0.687 0.513 0.395 0.558 0.366 0.550 0.591 0.637 0.429 0.127 
 150   (0.024) 0.007 0.004 0.024 0.024 0.047 0.118 0.015 0.005 0.024 0.008 0.002 0.011 0.006 0.006 0.028 0.003 
 164   (0.030) 0.044 0.005 0.030 0.029 0.019 0.004 0.011 0.058 0.026 0.028 0.002 0.009 0.006 0.011 0.021 0.004 
 148   (0.008) 0.001 0.001 0.008 0.008 0.004 0.172 0.002 0.001 0.005 0.003 0.000 0.001 0.001 0.000 0.004 0.001 
 158   (0.087) 0.009 0.016 0.087 0.088 0.091 0.010 0.050 0.134 0.101 0.103 0.110 0.022 0.046 0.015 0.097 0.011 
 162   (0.051) 0.005 0.011 0.051 0.053 0.046 0.006 0.023 0.036 0.064 0.039 0.072 0.024 0.020 0.001 0.056 0.005 
 156   (0.014) 0.001 0.018 0.014 0.014 0.007 0.002 0.004 0.003 0.010 0.004 0.302 0.003 0.003 0.000 0.007 0.001 
 142   (0.012) 0.001 0.010 0.012 0.012 0.023 0.001 0.012 0.002 0.012 0.004 0.001 0.003 0.002 0.000 0.015 0.001 

Locus 23 : 23 
7 alleles
0.9% missing data
 152   (0.012) 0.093 0.002 0.012 0.012 0.006 0.001 0.004 0.002 0.008 0.003 0.001 0.003 0.002 0.063 0.006 0.001 
 156   (0.120) 0.086 0.048 0.120 0.120 0.114 0.015 0.276 0.129 0.114 0.265 0.030 0.042 0.029 0.033 0.137 0.012 
 144   (0.170) 0.154 0.311 0.170 0.170 0.151 0.603 0.088 0.198 0.164 0.104 0.645 0.186 0.051 0.187 0.145 0.024 
 160   (0.103) 0.298 0.116 0.103 0.102 0.070 0.013 0.277 0.129 0.088 0.047 0.103 0.134 0.321 0.179 0.116 0.012 
 154   (0.561) 0.366 0.519 0.561 0.563 0.624 0.365 0.339 0.532 0.588 0.568 0.220 0.626 0.590 0.534 0.560 0.927 
 158   (0.025) 0.003 0.003 0.025 0.026 0.031 0.003 0.014 0.008 0.032 0.009 0.002 0.007 0.006 0.003 0.030 0.023 
 146   (0.008) 0.001 0.001 0.008 0.008 0.004 0.001 0.003 0.001 0.007 0.004 0.000 0.001 0.001 0.000 0.004 0.001 

Locus 24 : 24 
4 alleles
0.4% missing data
  77   (0.085) 0.024 0.058 0.085 0.084 0.051 0.010 0.033 0.089 0.069 0.111 0.049 0.158 0.034 0.331 0.055 0.032 
  83   (0.459) 0.600 0.487 0.459 0.459 0.419 0.690 0.451 0.609 0.445 0.393 0.921 0.345 0.756 0.487 0.446 0.226 
  81   (0.374) 0.342 0.330 0.374 0.376 0.448 0.291 0.480 0.270 0.403 0.343 0.025 0.434 0.190 0.162 0.425 0.731 
  85   (0.082) 0.035 0.125 0.082 0.081 0.081 0.009 0.036 0.032 0.082 0.153 0.006 0.063 0.020 0.020 0.074 0.011 

Locus 25 : 25 
6 alleles
0.4% missing data
 132   (0.339) 0.127 0.341 0.339 0.341 0.374 0.184 0.181 0.460 0.357 0.228 0.457 0.256 0.213 0.534 0.334 0.912 
 124   (0.516) 0.835 0.530 0.516 0.515 0.467 0.408 0.729 0.412 0.505 0.710 0.533 0.580 0.750 0.392 0.532 0.065 
 126   (0.020) 0.024 0.003 0.020 0.020 0.011 0.002 0.007 0.004 0.016 0.007 0.001 0.004 0.004 0.059 0.011 0.002 
 122   (0.096) 0.011 0.123 0.096 0.095 0.130 0.115 0.073 0.105 0.098 0.045 0.006 0.153 0.027 0.015 0.103 0.018 
 120   (0.014) 0.001 0.002 0.014 0.014 0.009 0.289 0.006 0.003 0.013 0.006 0.001 0.003 0.002 0.000 0.010 0.001 
 136   (0.014) 0.002 0.002 0.014 0.014 0.010 0.002 0.004 0.015 0.012 0.004 0.001 0.004 0.003 0.000 0.009 0.001 

Locus 26 : 26 
7 alleles
0.2% missing data
 165   (0.247) 0.157 0.292 0.247 0.246 0.226 0.321 0.326 0.335 0.231 0.230 0.053 0.214 0.200 0.114 0.239 0.687 
 183   (0.346) 0.456 0.334 0.345 0.347 0.306 0.291 0.431 0.469 0.353 0.331 0.422 0.261 0.635 0.586 0.368 0.203 
 179   (0.082) 0.102 0.021 0.082 0.082 0.068 0.347 0.043 0.017 0.077 0.067 0.005 0.172 0.045 0.057 0.068 0.015 
 175   (0.263) 0.279 0.344 0.263 0.263 0.355 0.034 0.170 0.152 0.274 0.202 0.454 0.329 0.109 0.241 0.267 0.089 
 181   (0.047) 0.004 0.006 0.047 0.048 0.036 0.006 0.027 0.025 0.054 0.165 0.065 0.021 0.009 0.001 0.049 0.004 
 185   (0.008) 0.001 0.001 0.008 0.008 0.007 0.001 0.003 0.001 0.008 0.003 0.001 0.001 0.001 0.000 0.006 0.001 
 157   (0.006) 0.001 0.001 0.006 0.006 0.003 0.001 0.002 0.001 0.004 0.002 0.000 0.001 0.001 0.000 0.003 0.001 

Locus 27 : 27 
4 alleles
0.2% missing data
 142   (0.648) 0.601 0.806 0.648 0.650 0.661 0.309 0.771 0.688 0.661 0.593 0.742 0.663 0.729 0.704 0.687 0.333 
 148   (0.200) 0.181 0.104 0.200 0.199 0.207 0.673 0.137 0.242 0.200 0.223 0.065 0.111 0.049 0.075 0.192 0.369 
 138   (0.046) 0.206 0.019 0.046 0.046 0.035 0.006 0.044 0.016 0.038 0.021 0.003 0.014 0.021 0.210 0.035 0.287 
 150   (0.107) 0.011 0.071 0.107 0.106 0.098 0.012 0.048 0.054 0.101 0.163 0.190 0.211 0.201 0.010 0.086 0.010 

Locus 28 : 28 
6 alleles
0.9% missing data
 260   (0.387) 0.507 0.507 0.387 0.389 0.422 0.136 0.481 0.299 0.400 0.218 0.375 0.530 0.502 0.340 0.430 0.283 
 262   (0.511) 0.483 0.382 0.511 0.508 0.496 0.851 0.466 0.661 0.490 0.690 0.551 0.390 0.472 0.655 0.477 0.704 
 256   (0.070) 0.007 0.066 0.070 0.072 0.062 0.010 0.044 0.035 0.082 0.065 0.072 0.070 0.021 0.005 0.072 0.010 
 258   (0.011) 0.001 0.001 0.011 0.011 0.008 0.001 0.004 0.002 0.012 0.003 0.001 0.002 0.002 0.000 0.009 0.001 
 266   (0.006) 0.001 0.008 0.006 0.006 0.003 0.001 0.002 0.001 0.004 0.002 0.000 0.002 0.001 0.000 0.003 0.000 
 264   (0.015) 0.001 0.035 0.015 0.015 0.008 0.001 0.004 0.002 0.012 0.022 0.001 0.007 0.003 0.000 0.009 0.001 

Locus 29 : 29 
7 alleles
0.2% missing data
 146   (0.282) 0.285 0.264 0.282 0.284 0.254 0.035 0.643 0.349 0.288 0.252 0.333 0.197 0.472 0.163 0.352 0.078 
 150   (0.443) 0.436 0.522 0.443 0.441 0.501 0.140 0.246 0.410 0.442 0.591 0.289 0.560 0.181 0.713 0.416 0.165 
 140   (0.170) 0.031 0.148 0.170 0.170 0.158 0.813 0.072 0.169 0.170 0.119 0.056 0.215 0.120 0.080 0.152 0.697 
 148   (0.058) 0.235 0.030 0.058 0.057 0.044 0.006 0.021 0.046 0.050 0.021 0.318 0.015 0.147 0.038 0.040 0.054 
 152   (0.031) 0.003 0.035 0.031 0.032 0.034 0.003 0.013 0.005 0.038 0.012 0.002 0.008 0.061 0.001 0.032 0.004 
 151   (0.009) 0.009 0.001 0.009 0.009 0.005 0.001 0.003 0.002 0.006 0.003 0.001 0.003 0.005 0.005 0.005 0.001 
 142   (0.008) 0.001 0.001 0.007 0.007 0.003 0.001 0.002 0.020 0.005 0.003 0.000 0.001 0.013 0.001 0.003 0.001 

Locus 30 : 30 
6 alleles
0.2% missing data
 125   (0.292) 0.283 0.068 0.292 0.292 0.281 0.136 0.495 0.307 0.304 0.337 0.029 0.108 0.091 0.475 0.344 0.620 
 129   (0.436) 0.657 0.635 0.436 0.436 0.421 0.211 0.229 0.414 0.425 0.404 0.787 0.569 0.458 0.477 0.384 0.319 
 123   (0.144) 0.048 0.265 0.144 0.144 0.162 0.017 0.221 0.107 0.138 0.185 0.100 0.191 0.100 0.045 0.156 0.047 
 121   (0.012) 0.001 0.001 0.012 0.012 0.009 0.039 0.003 0.003 0.009 0.005 0.001 0.002 0.002 0.000 0.007 0.001 
 127   (0.081) 0.007 0.022 0.081 0.081 0.058 0.593 0.036 0.162 0.083 0.044 0.081 0.068 0.342 0.002 0.067 0.010 
 131   (0.036) 0.003 0.008 0.036 0.036 0.068 0.004 0.015 0.007 0.041 0.025 0.002 0.061 0.007 0.001 0.042 0.003 

Locus 31 : 31 
6 alleles
0.2% missing data
 159   (0.170) 0.115 0.276 0.170 0.169 0.176 0.019 0.072 0.305 0.163 0.287 0.011 0.295 0.047 0.140 0.150 0.057 
 155   (0.549) 0.847 0.459 0.549 0.550 0.580 0.523 0.793 0.420 0.573 0.458 0.711 0.305 0.490 0.686 0.627 0.596 
 157   (0.185) 0.029 0.146 0.185 0.185 0.167 0.113 0.098 0.253 0.177 0.207 0.020 0.330 0.442 0.090 0.150 0.303 
 153   (0.060) 0.006 0.114 0.060 0.059 0.055 0.104 0.026 0.012 0.057 0.023 0.004 0.062 0.013 0.081 0.051 0.039 
 151   (0.030) 0.003 0.004 0.030 0.030 0.018 0.240 0.010 0.009 0.026 0.022 0.254 0.007 0.006 0.002 0.020 0.004 
 163   (0.006) 0.001 0.001 0.006 0.006 0.003 0.001 0.002 0.001 0.004 0.002 0.000 0.001 0.001 0.001 0.003 0.001 

Locus 32 : 32 
5 alleles
0.0% missing data
 146   (0.319) 0.049 0.380 0.319 0.319 0.317 0.582 0.439 0.263 0.327 0.381 0.314 0.286 0.227 0.063 0.356 0.063 
 150   (0.580) 0.883 0.561 0.580 0.580 0.589 0.407 0.478 0.513 0.575 0.581 0.639 0.671 0.407 0.861 0.555 0.926 
 148   (0.055) 0.062 0.010 0.055 0.056 0.035 0.006 0.066 0.119 0.055 0.017 0.044 0.025 0.354 0.075 0.051 0.005 
 154   (0.033) 0.004 0.005 0.034 0.033 0.041 0.004 0.014 0.103 0.034 0.017 0.002 0.011 0.008 0.001 0.030 0.004 
 152   (0.012) 0.001 0.044 0.012 0.012 0.017 0.001 0.004 0.002 0.010 0.004 0.001 0.006 0.004 0.000 0.008 0.001 

Locus 33 : 33 
7 alleles
0.0% missing data
 180   (0.475) 0.356 0.302 0.475 0.477 0.483 0.698 0.487 0.527 0.484 0.413 0.669 0.402 0.516 0.608 0.483 0.418 
 196   (0.111) 0.209 0.163 0.111 0.110 0.112 0.012 0.077 0.049 0.106 0.102 0.007 0.128 0.024 0.188 0.103 0.116 
 184   (0.197) 0.127 0.411 0.197 0.195 0.158 0.267 0.117 0.286 0.188 0.208 0.070 0.080 0.089 0.148 0.170 0.439 
 194   (0.010) 0.031 0.001 0.010 0.009 0.004 0.001 0.002 0.002 0.006 0.003 0.001 0.002 0.002 0.040 0.004 0.001 
 192   (0.133) 0.013 0.111 0.133 0.135 0.140 0.014 0.055 0.096 0.147 0.207 0.183 0.271 0.353 0.005 0.130 0.016 
 190   (0.015) 0.002 0.003 0.015 0.015 0.008 0.001 0.004 0.022 0.011 0.019 0.001 0.097 0.003 0.000 0.008 0.001 
 198   (0.060) 0.263 0.008 0.060 0.059 0.094 0.007 0.258 0.019 0.060 0.048 0.068 0.020 0.013 0.010 0.101 0.008 

Locus 34 : 34 
6 alleles
0.0% missing data
 110   (0.181) 0.147 0.062 0.181 0.181 0.158 0.210 0.380 0.223 0.179 0.105 0.070 0.198 0.150 0.371 0.215 0.264 
 112   (0.365) 0.757 0.409 0.365 0.369 0.387 0.041 0.211 0.284 0.394 0.343 0.057 0.314 0.439 0.516 0.366 0.068 
 106   (0.266) 0.074 0.439 0.266 0.262 0.293 0.222 0.299 0.420 0.240 0.393 0.712 0.363 0.143 0.088 0.251 0.586 
  90   (0.038) 0.006 0.005 0.038 0.037 0.032 0.406 0.017 0.008 0.030 0.036 0.002 0.022 0.235 0.018 0.025 0.065 
 108   (0.141) 0.015 0.084 0.141 0.142 0.125 0.120 0.089 0.065 0.150 0.119 0.113 0.102 0.031 0.007 0.139 0.016 
  96   (0.009) 0.001 0.001 0.009 0.009 0.005 0.001 0.002 0.002 0.007 0.003 0.046 0.002 0.003 0.000 0.005 0.001 

Locus 35 : 35 
9 alleles
0.0% missing data
 166   (0.060) 0.188 0.121 0.060 0.059 0.070 0.008 0.025 0.052 0.050 0.020 0.004 0.035 0.122 0.291 0.048 0.010 
 176   (0.096) 0.396 0.013 0.096 0.096 0.076 0.011 0.043 0.225 0.092 0.130 0.015 0.025 0.034 0.130 0.076 0.020 
 172   (0.319) 0.190 0.446 0.319 0.318 0.363 0.040 0.675 0.127 0.318 0.194 0.587 0.401 0.250 0.450 0.391 0.454 
 170   (0.274) 0.158 0.239 0.274 0.274 0.224 0.614 0.120 0.524 0.269 0.261 0.325 0.223 0.196 0.121 0.235 0.481 
 174   (0.136) 0.015 0.098 0.136 0.135 0.142 0.015 0.056 0.048 0.136 0.311 0.061 0.254 0.372 0.005 0.125 0.013 
 178   (0.041) 0.046 0.023 0.041 0.044 0.038 0.005 0.044 0.008 0.051 0.022 0.003 0.014 0.010 0.002 0.046 0.015 
 168   (0.049) 0.005 0.017 0.049 0.050 0.070 0.305 0.029 0.011 0.056 0.055 0.003 0.015 0.012 0.001 0.055 0.005 
 186   (0.018) 0.002 0.043 0.018 0.019 0.014 0.002 0.008 0.003 0.023 0.005 0.001 0.032 0.003 0.000 0.020 0.001 
 158   (0.006) 0.001 0.001 0.006 0.006 0.003 0.001 0.002 0.001 0.005 0.002 0.000 0.001 0.001 0.000 0.004 0.000 

Locus 36 : 36 
6 alleles
0.0% missing data
  89   (0.572) 0.714 0.665 0.572 0.574 0.609 0.369 0.602 0.490 0.591 0.550 0.509 0.720 0.634 0.664 0.613 0.219 
  95   (0.060) 0.018 0.093 0.060 0.059 0.048 0.007 0.028 0.083 0.054 0.023 0.004 0.049 0.015 0.082 0.047 0.038 
  85   (0.161) 0.228 0.167 0.161 0.159 0.164 0.497 0.070 0.154 0.147 0.211 0.233 0.062 0.292 0.225 0.131 0.268 
  81   (0.066) 0.007 0.018 0.067 0.067 0.051 0.009 0.027 0.182 0.069 0.141 0.004 0.035 0.017 0.005 0.053 0.008 
  83   (0.125) 0.032 0.051 0.125 0.125 0.117 0.014 0.268 0.088 0.127 0.071 0.248 0.130 0.039 0.024 0.146 0.466 
  91   (0.016) 0.001 0.006 0.016 0.015 0.011 0.104 0.004 0.003 0.013 0.004 0.001 0.003 0.003 0.000 0.010 0.001 

Locus 37 : 37 
10 alleles
0.0% missing data
 161   (0.346) 0.533 0.213 0.346 0.344 0.301 0.429 0.397 0.398 0.331 0.534 0.376 0.305 0.440 0.578 0.331 0.092 
 165   (0.237) 0.273 0.293 0.237 0.237 0.243 0.134 0.382 0.180 0.244 0.146 0.098 0.178 0.094 0.163 0.275 0.057 
 159   (0.012) 0.007 0.002 0.012 0.011 0.023 0.001 0.004 0.002 0.010 0.003 0.001 0.002 0.002 0.036 0.011 0.001 
 173   (0.252) 0.081 0.272 0.252 0.253 0.275 0.223 0.131 0.390 0.260 0.194 0.516 0.367 0.398 0.128 0.242 0.154 
 169   (0.101) 0.100 0.153 0.101 0.101 0.108 0.208 0.065 0.021 0.096 0.102 0.006 0.122 0.054 0.087 0.093 0.692 
 167   (0.017) 0.002 0.002 0.017 0.016 0.025 0.002 0.008 0.003 0.016 0.008 0.002 0.017 0.004 0.008 0.016 0.002 
 168   (0.011) 0.001 0.001 0.011 0.011 0.008 0.001 0.004 0.002 0.012 0.003 0.001 0.002 0.002 0.000 0.009 0.001 
 155   (0.013) 0.001 0.002 0.013 0.015 0.012 0.001 0.007 0.003 0.022 0.006 0.001 0.003 0.002 0.000 0.017 0.001 
 177   (0.006) 0.001 0.001 0.006 0.005 0.003 0.001 0.002 0.001 0.004 0.003 0.000 0.002 0.002 0.000 0.003 0.000 
 175   (0.006) 0.001 0.062 0.006 0.006 0.003 0.001 0.001 0.001 0.003 0.002 0.000 0.001 0.001 0.000 0.002 0.000 

Locus 38 : 38 
6 alleles
0.4% missing data
  87   (0.087) 0.132 0.022 0.087 0.086 0.060 0.554 0.082 0.113 0.073 0.056 0.130 0.139 0.019 0.172 0.069 0.011 
  89   (0.448) 0.679 0.589 0.448 0.450 0.497 0.052 0.409 0.213 0.473 0.544 0.090 0.468 0.409 0.589 0.480 0.764 
  91   (0.160) 0.023 0.047 0.160 0.158 0.174 0.206 0.355 0.206 0.151 0.162 0.184 0.147 0.085 0.129 0.187 0.183 
  81   (0.123) 0.081 0.057 0.123 0.123 0.128 0.014 0.074 0.219 0.125 0.059 0.115 0.053 0.434 0.080 0.117 0.012 
  85   (0.176) 0.084 0.283 0.176 0.177 0.138 0.173 0.078 0.247 0.174 0.176 0.480 0.192 0.051 0.027 0.145 0.028 
  83   (0.006) 0.001 0.001 0.006 0.006 0.003 0.001 0.002 0.001 0.004 0.002 0.000 0.001 0.002 0.002 0.003 0.001 

Locus 39 : 39 
4 alleles
0.4% missing data
 167   (0.788) 0.928 0.778 0.788 0.787 0.782 0.685 0.892 0.950 0.766 0.878 0.857 0.855 0.794 0.910 0.787 0.932 
 161   (0.178) 0.068 0.160 0.178 0.179 0.172 0.311 0.096 0.043 0.203 0.108 0.140 0.112 0.192 0.089 0.184 0.060 
 165   (0.028) 0.003 0.061 0.028 0.028 0.043 0.003 0.010 0.006 0.027 0.012 0.002 0.031 0.014 0.001 0.026 0.008 
 177   (0.006) 0.001 0.001 0.006 0.006 0.003 0.001 0.002 0.001 0.004 0.002 0.001 0.002 0.001 0.000 0.004 0.000 

Locus 40 : 40 
6 alleles
0.2% missing data
 228   (0.419) 0.667 0.530 0.419 0.417 0.411 0.544 0.492 0.442 0.392 0.396 0.227 0.459 0.631 0.521 0.405 0.737 
 238   (0.346) 0.259 0.298 0.346 0.348 0.370 0.082 0.233 0.259 0.373 0.421 0.115 0.312 0.090 0.324 0.352 0.068 
 224   (0.019) 0.047 0.002 0.019 0.019 0.010 0.002 0.007 0.013 0.014 0.006 0.001 0.004 0.227 0.091 0.010 0.002 
 236   (0.102) 0.016 0.036 0.102 0.101 0.094 0.359 0.044 0.113 0.099 0.051 0.396 0.091 0.025 0.062 0.088 0.183 
 232   (0.012) 0.002 0.001 0.012 0.012 0.006 0.001 0.004 0.002 0.008 0.041 0.001 0.002 0.002 0.000 0.006 0.001 
 240   (0.101) 0.009 0.132 0.101 0.103 0.109 0.012 0.219 0.171 0.115 0.085 0.261 0.130 0.024 0.002 0.139 0.010 

Locus 41 : 41 
7 alleles
0.0% missing data
 128   (0.117) 0.059 0.205 0.117 0.115 0.121 0.013 0.203 0.069 0.102 0.142 0.031 0.150 0.250 0.137 0.122 0.238 
 130   (0.528) 0.583 0.417 0.528 0.528 0.547 0.059 0.620 0.519 0.541 0.560 0.782 0.519 0.508 0.611 0.559 0.692 
 114   (0.053) 0.037 0.007 0.053 0.053 0.038 0.506 0.022 0.076 0.049 0.028 0.003 0.013 0.011 0.111 0.038 0.029 
 132   (0.128) 0.303 0.255 0.128 0.130 0.118 0.015 0.063 0.154 0.131 0.147 0.048 0.145 0.029 0.133 0.119 0.019 
 118   (0.056) 0.005 0.071 0.056 0.056 0.065 0.205 0.022 0.011 0.053 0.049 0.129 0.103 0.025 0.002 0.050 0.008 
 134   (0.111) 0.012 0.044 0.111 0.112 0.108 0.203 0.067 0.170 0.121 0.073 0.007 0.069 0.177 0.006 0.109 0.013 
 136   (0.006) 0.000 0.001 0.006 0.006 0.003 0.001 0.002 0.001 0.004 0.002 0.000 0.001 0.001 0.000 0.003 0.000 

Locus 42 : 42 
6 alleles
1.3% missing data
 102   (0.280) 0.456 0.358 0.280 0.279 0.255 0.574 0.194 0.417 0.268 0.169 0.477 0.373 0.222 0.417 0.256 0.078 
 104   (0.406) 0.136 0.441 0.406 0.409 0.471 0.050 0.450 0.321 0.442 0.393 0.412 0.513 0.688 0.194 0.458 0.100 
  92   (0.110) 0.293 0.067 0.110 0.109 0.112 0.052 0.053 0.086 0.107 0.235 0.007 0.052 0.034 0.107 0.097 0.013 
  96   (0.067) 0.045 0.020 0.067 0.066 0.054 0.096 0.236 0.051 0.059 0.085 0.004 0.017 0.017 0.059 0.087 0.715 
  98   (0.131) 0.069 0.113 0.131 0.130 0.105 0.227 0.065 0.123 0.120 0.117 0.099 0.044 0.037 0.222 0.099 0.094 
 106   (0.006) 0.001 0.001 0.006 0.006 0.003 0.001 0.002 0.001 0.004 0.002 0.000 0.001 0.002 0.000 0.003 0.001 

Locus 43 : 43 
6 alleles
1.6% missing data
 101   (0.313) 0.222 0.294 0.313 0.310 0.335 0.037 0.152 0.470 0.301 0.429 0.182 0.283 0.211 0.475 0.273 0.084 
 103   (0.325) 0.383 0.440 0.325 0.331 0.329 0.231 0.185 0.282 0.352 0.183 0.350 0.419 0.134 0.177 0.322 0.462 
  99   (0.138) 0.220 0.080 0.138 0.137 0.107 0.419 0.236 0.063 0.138 0.214 0.009 0.054 0.593 0.029 0.151 0.070 
  95   (0.203) 0.172 0.184 0.203 0.200 0.213 0.176 0.418 0.182 0.189 0.166 0.458 0.240 0.057 0.319 0.235 0.382 
  97   (0.016) 0.001 0.002 0.016 0.015 0.012 0.137 0.007 0.003 0.016 0.006 0.001 0.003 0.003 0.000 0.015 0.001 
  91   (0.006) 0.001 0.001 0.006 0.006 0.004 0.001 0.002 0.001 0.005 0.002 0.000 0.001 0.001 0.000 0.004 0.000 

Locus 44 : 44 
7 alleles
0.2% missing data
 177   (0.077) 0.169 0.032 0.077 0.079 0.094 0.009 0.034 0.065 0.088 0.031 0.005 0.058 0.016 0.064 0.081 0.010 
 191   (0.281) 0.111 0.105 0.281 0.287 0.284 0.281 0.342 0.307 0.320 0.263 0.097 0.330 0.334 0.184 0.321 0.056 
 181   (0.581) 0.715 0.796 0.581 0.574 0.547 0.521 0.605 0.615 0.536 0.678 0.864 0.600 0.569 0.751 0.545 0.930 
 179   (0.038) 0.003 0.004 0.038 0.038 0.062 0.187 0.014 0.009 0.040 0.021 0.002 0.008 0.077 0.001 0.041 0.003 
 183   (0.009) 0.001 0.002 0.009 0.009 0.006 0.001 0.003 0.002 0.008 0.003 0.001 0.002 0.002 0.000 0.006 0.001 
 193   (0.008) 0.001 0.059 0.008 0.007 0.005 0.001 0.002 0.001 0.005 0.002 0.000 0.001 0.001 0.000 0.004 0.001 
 189   (0.006) 0.000 0.001 0.006 0.006 0.002 0.001 0.001 0.001 0.003 0.002 0.030 0.001 0.001 0.000 0.002 0.000 

Locus 45 : 45 
6 alleles
0.9% missing data
 205   (0.462) 0.554 0.553 0.462 0.464 0.499 0.248 0.576 0.534 0.489 0.360 0.403 0.408 0.523 0.503 0.520 0.872 
 211   (0.236) 0.110 0.150 0.236 0.236 0.239 0.343 0.147 0.183 0.238 0.375 0.276 0.155 0.292 0.251 0.213 0.044 
 207   (0.141) 0.198 0.237 0.141 0.140 0.117 0.017 0.062 0.092 0.135 0.089 0.202 0.193 0.052 0.128 0.114 0.063 
 201   (0.071) 0.101 0.018 0.071 0.071 0.052 0.381 0.114 0.082 0.060 0.096 0.005 0.167 0.023 0.068 0.066 0.011 
 215   (0.082) 0.036 0.041 0.082 0.080 0.090 0.010 0.044 0.107 0.072 0.077 0.114 0.076 0.109 0.050 0.071 0.009 
 202   (0.008) 0.001 0.001 0.008 0.008 0.004 0.001 0.057 0.001 0.007 0.003 0.000 0.002 0.002 0.000 0.016 0.001 

Locus 46 : 46 
10 alleles
1.1% missing data
 144   (0.062) 0.066 0.013 0.062 0.061 0.063 0.008 0.147 0.014 0.051 0.097 0.128 0.071 0.054 0.256 0.068 0.048 
 158   (0.156) 0.406 0.035 0.156 0.156 0.124 0.019 0.107 0.256 0.159 0.121 0.083 0.197 0.197 0.113 0.146 0.033 
 168   (0.142) 0.064 0.031 0.142 0.141 0.107 0.213 0.302 0.139 0.139 0.111 0.106 0.066 0.034 0.220 0.168 0.053 
 166   (0.145) 0.128 0.256 0.145 0.146 0.122 0.125 0.071 0.096 0.137 0.091 0.390 0.084 0.041 0.323 0.117 0.478 
 142   (0.369) 0.305 0.604 0.370 0.370 0.468 0.047 0.319 0.440 0.383 0.277 0.286 0.509 0.650 0.084 0.386 0.375 
 170   (0.013) 0.001 0.002 0.013 0.013 0.012 0.002 0.006 0.003 0.010 0.046 0.001 0.003 0.003 0.001 0.009 0.001 
 156   (0.024) 0.014 0.003 0.024 0.026 0.019 0.468 0.011 0.005 0.030 0.008 0.001 0.023 0.005 0.001 0.025 0.002 
 162   (0.042) 0.004 0.041 0.042 0.042 0.051 0.113 0.015 0.036 0.039 0.075 0.003 0.013 0.008 0.001 0.037 0.005 
 164   (0.039) 0.011 0.015 0.039 0.040 0.030 0.004 0.020 0.010 0.048 0.171 0.002 0.034 0.007 0.001 0.040 0.005 
 160   (0.006) 0.001 0.001 0.006 0.006 0.003 0.001 0.002 0.001 0.004 0.002 0.000 0.001 0.001 0.000 0.003 0.001 

Locus 47 : 47 
7 alleles
8.7% missing data
 149   (0.344) 0.179 0.391 0.344 0.344 0.399 0.350 0.554 0.080 0.353 0.294 0.334 0.316 0.510 0.207 0.391 0.489 
 151   (0.183) 0.594 0.115 0.182 0.184 0.146 0.084 0.106 0.368 0.180 0.164 0.012 0.209 0.336 0.207 0.160 0.114 
 153   (0.194) 0.127 0.395 0.194 0.193 0.229 0.030 0.110 0.181 0.198 0.145 0.025 0.300 0.080 0.369 0.192 0.095 
 147   (0.029) 0.029 0.004 0.029 0.029 0.019 0.005 0.019 0.005 0.024 0.064 0.002 0.008 0.008 0.034 0.019 0.003 
 145   (0.232) 0.069 0.093 0.232 0.232 0.197 0.528 0.200 0.362 0.230 0.294 0.626 0.163 0.059 0.182 0.226 0.296 
 152   (0.006) 0.001 0.001 0.006 0.006 0.003 0.001 0.005 0.001 0.004 0.003 0.000 0.002 0.003 0.002 0.004 0.001 
 143   (0.013) 0.001 0.002 0.013 0.013 0.008 0.002 0.006 0.003 0.011 0.036 0.001 0.003 0.003 0.000 0.008 0.001 

Values of parameters used in structure:
DATAFILE=temp2_no_plains.str,	OUTFILE=k16/temp2_no_plains_k16_run1,	NUMINDS=450,	NUMLOCI=47,	MISSING=-9,	LABEL=1,	POPDATA=1,	POPFLAG=0,	PHENOTYPE=0,	EXTRACOLS=0,	MAXPOPS=16,	BURNIN=500000,	NUMREPS=750000,	USEPOPINFO=0,	INFERALPHA=1,	INFERLAMBDA=0,	POPSPECIFICLAMBDA=0,	POPALPHAS=0,	COMPUTEPROB=1,	NOADMIX=0,	ADMBURNIN=500,	UPDATEFREQ=100,	PRINTLIKES=0,	INTERMEDSAVE=0,	PRINTKLD=0,	PRINTNET=1,	PRINTLAMBDA=1,	ANCESTDIST=0,	NUMBOXES=1000,	ANCESTPINT=0.90000,	GENSBACK=2,	MIGRPRIOR=0.01000,	PRINTQHAT=0,	PRINTQSUM=1,	ALPHA=1.0000,	FREQSCORR=1,	FPRIORMEAN=0.0100,	FPRIORSD=0.0500,	ONEFST=0,	LAMBDA=1.0000,	UNIFPRIORALPHA=1,	ALPHAMAX=10.0000,	ALPHAPRIORA=1.0000,	ALPHAPRIORB=2.0000,	ALPHAPROPSD=0.0250,	STARTATPOPINFO=0,	RANDOMIZE=0,	LINKAGE=0,	METROFREQ=10,	REPORTHITRATE=0,	MARKOVPHASE=0,	PHASED=1,	PLOIDY=2,	PHASEINFO=0	LOCPRIOR=0, 	LOCPRIORINIT=1.000000, 	LOCDATA=0, 	LOCISPOP=1, 	LOCPRIORSTEP=0.100000, 	MAXLOCPRIOR=20.000000, 	SEED=489714,	
[STRAT parameters]:    NUMSIMSTATS=1000,	PHENOTYPECOL=-9,	POOLFREQ=10,	LOCUSxONLY=0,	EMERROR=0.00100,	MISSINGPHENO=-9,	