

----------------------------------------------------
STRUCTURE by Pritchard, Stephens and Donnelly (2000)
     and Falush, Stephens and Pritchard (2003)
       Code by Pritchard, Falush and Hubisz
             Version 2.3.4 (Jul 2012)
----------------------------------------------------



Command line arguments:   structure -D 563397 -K 16 -m mainparams -o k16/temp2_no_plains_k16_run4 
Input File:    temp2_no_plains.str

Run parameters:
   450 individuals
   47 loci
   16 populations assumed
   500000 Burn-in period
   750000 Reps
RANDOMIZE turned off


--------------------------------------------
Proportion of membership of each pre-defined
 population in each of the 16 clusters

Given    Inferred Clusters                                                                                                  Number of
 Pop       1      2      3      4      5      6      7      8      9     10     11     12     13     14     15     16      Individuals

  1:     0.010  0.010  0.009  0.010  0.008  0.004  0.010  0.834  0.037  0.010  0.010  0.010  0.012  0.010  0.006  0.010       63
  2:     0.013  0.007  0.009  0.012  0.007  0.006  0.011  0.839  0.012  0.006  0.016  0.014  0.015  0.009  0.011  0.013       20
  3:     0.020  0.014  0.010  0.020  0.006  0.004  0.010  0.681  0.116  0.015  0.011  0.020  0.035  0.010  0.008  0.020       21
  4:     0.007  0.006  0.007  0.007  0.005  0.004  0.014  0.352  0.539  0.009  0.008  0.007  0.011  0.010  0.007  0.007       31
  5:     0.009  0.019  0.010  0.009  0.005  0.005  0.013  0.867  0.018  0.006  0.006  0.008  0.006  0.006  0.005  0.008       21
  6:     0.018  0.036  0.022  0.018  0.011  0.005  0.005  0.011  0.012  0.016  0.011  0.020  0.759  0.012  0.023  0.021       25
  7:     0.053  0.025  0.012  0.061  0.016  0.011  0.012  0.439  0.135  0.052  0.016  0.049  0.020  0.007  0.039  0.053        8
  8:     0.008  0.011  0.020  0.008  0.005  0.005  0.338  0.527  0.020  0.006  0.016  0.009  0.009  0.005  0.004  0.009       17
  9:     0.005  0.004  0.005  0.005  0.930  0.003  0.003  0.005  0.004  0.005  0.005  0.005  0.006  0.006  0.005  0.005       29
 10:     0.003  0.002  0.002  0.003  0.002  0.964  0.003  0.002  0.002  0.002  0.002  0.003  0.003  0.003  0.002  0.003        9
 11:     0.155  0.060  0.016  0.150  0.014  0.009  0.009  0.010  0.015  0.102  0.027  0.173  0.050  0.014  0.024  0.172       26
 12:     0.098  0.113  0.127  0.098  0.012  0.010  0.012  0.012  0.011  0.151  0.057  0.102  0.024  0.021  0.048  0.106       74
 13:     0.073  0.110  0.263  0.065  0.015  0.007  0.010  0.017  0.013  0.065  0.117  0.068  0.018  0.025  0.070  0.064       35
 14:     0.043  0.179  0.188  0.036  0.008  0.009  0.006  0.026  0.012  0.022  0.220  0.043  0.022  0.127  0.014  0.046       24
 15:     0.148  0.036  0.023  0.143  0.027  0.010  0.007  0.020  0.010  0.138  0.068  0.156  0.033  0.011  0.012  0.159       43
 16:     0.225  0.042  0.012  0.206  0.009  0.003  0.049  0.013  0.012  0.033  0.019  0.197  0.012  0.007  0.012  0.147        4
--------------------------------------------

Allele-freq. divergence among pops (Net nucleotide distance),
computed using point estimates of P.

      1       2       3       4       5       6       7       8       9      10      11      12      13      14      15      16      
 1      -    0.0159  0.0221  0.0002  0.0547  0.0996  0.1012  0.0311  0.0387  0.0074  0.0204  0.0001  0.0205  0.0694  0.0503  0.0004  
 2   0.0159     -    0.0244  0.0164  0.0730  0.1238  0.1221  0.0463  0.0591  0.0221  0.0239  0.0155  0.0370  0.0769  0.0566  0.0149  
 3   0.0221  0.0244     -    0.0231  0.0777  0.1319  0.1221  0.0472  0.0673  0.0308  0.0253  0.0220  0.0433  0.0785  0.0686  0.0214  
 4   0.0002  0.0164  0.0231     -    0.0556  0.1002  0.1017  0.0316  0.0391  0.0063  0.0215  0.0003  0.0216  0.0697  0.0511  0.0007  
 5   0.0547  0.0730  0.0777  0.0556     -    0.1339  0.1601  0.0821  0.0949  0.0636  0.0766  0.0546  0.0621  0.1024  0.1078  0.0544  
 6   0.0996  0.1238  0.1319  0.1002  0.1339     -    0.2011  0.1452  0.1437  0.1069  0.1297  0.0988  0.1074  0.1709  0.1692  0.0985  
 7   0.1012  0.1221  0.1221  0.1017  0.1601  0.2011     -    0.1043  0.1331  0.1092  0.1344  0.1006  0.1218  0.1955  0.1524  0.0999  
 8   0.0311  0.0463  0.0472  0.0316  0.0821  0.1452  0.1043     -    0.0404  0.0346  0.0538  0.0309  0.0462  0.1017  0.0787  0.0306  
 9   0.0387  0.0591  0.0673  0.0391  0.0949  0.1437  0.1331  0.0404     -    0.0447  0.0568  0.0385  0.0573  0.1127  0.0814  0.0384  
10   0.0074  0.0221  0.0308  0.0063  0.0636  0.1069  0.1092  0.0346  0.0447     -    0.0309  0.0070  0.0251  0.0719  0.0613  0.0068  
11   0.0204  0.0239  0.0253  0.0215  0.0766  0.1297  0.1344  0.0538  0.0568  0.0309     -    0.0203  0.0392  0.0762  0.0695  0.0199  
12   0.0001  0.0155  0.0220  0.0003  0.0546  0.0988  0.1006  0.0309  0.0385  0.0070  0.0203     -    0.0195  0.0691  0.0499  0.0001  
13   0.0205  0.0370  0.0433  0.0216  0.0621  0.1074  0.1218  0.0462  0.0573  0.0251  0.0392  0.0195     -    0.0767  0.0619  0.0189  
14   0.0694  0.0769  0.0785  0.0697  0.1024  0.1709  0.1955  0.1017  0.1127  0.0719  0.0762  0.0691  0.0767     -    0.1089  0.0689  
15   0.0503  0.0566  0.0686  0.0511  0.1078  0.1692  0.1524  0.0787  0.0814  0.0613  0.0695  0.0499  0.0619  0.1089     -    0.0494  
16   0.0004  0.0149  0.0214  0.0007  0.0544  0.0985  0.0999  0.0306  0.0384  0.0068  0.0199  0.0001  0.0189  0.0689  0.0494     -    

Average distances (expected heterozygosity) between individuals in same cluster:
cluster  1  : 0.6390 
cluster  2  : 0.5882 
cluster  3  : 0.5548 
cluster  4  : 0.6374 
cluster  5  : 0.5439 
cluster  6  : 0.5334 
cluster  7  : 0.4338 
cluster  8  : 0.5372 
cluster  9  : 0.5380 
cluster 10  : 0.6147 
cluster 11  : 0.5786 
cluster 12  : 0.6418 
cluster 13  : 0.5940 
cluster 14  : 0.4789 
cluster 15  : 0.5345 
cluster 16  : 0.6431 

--------------------------------------------
Estimated Ln Prob of Data   = -48685.5
Mean value of ln likelihood = -46028.6
Variance of ln likelihood   = 5313.8
Mean value of alpha         = 0.0354

Mean value of Fst_1         = 0.0232
Mean value of Fst_2         = 0.0968
Mean value of Fst_3         = 0.1215
Mean value of Fst_4         = 0.0449
Mean value of Fst_5         = 0.2140
Mean value of Fst_6         = 0.3106
Mean value of Fst_7         = 0.4054
Mean value of Fst_8         = 0.1409
Mean value of Fst_9         = 0.1775
Mean value of Fst_10         = 0.0580
Mean value of Fst_11         = 0.1134
Mean value of Fst_12         = 0.0173
Mean value of Fst_13         = 0.0948
Mean value of Fst_14         = 0.3624
Mean value of Fst_15         = 0.2488
Mean value of Fst_16         = 0.0118


Inferred ancestry of individuals:
        Label (%Miss) Pop:  Inferred clusters
  1      221    (0)    1 :  0.008 0.006 0.008 0.007 0.002 0.003 0.005 0.890 0.009 0.010 0.011 0.007 0.019 0.005 0.003 0.007 
  2      222    (0)    1 :  0.010 0.008 0.008 0.009 0.009 0.004 0.006 0.377 0.515 0.008 0.004 0.010 0.007 0.005 0.011 0.009 
  3      223    (0)    1 :  0.011 0.011 0.011 0.012 0.003 0.003 0.008 0.859 0.008 0.025 0.005 0.011 0.009 0.006 0.006 0.011 
  4      224    (0)    1 :  0.003 0.002 0.003 0.003 0.005 0.001 0.006 0.951 0.005 0.003 0.002 0.003 0.004 0.002 0.004 0.003 
  5      225    (0)    1 :  0.006 0.004 0.004 0.006 0.004 0.002 0.004 0.931 0.007 0.006 0.005 0.006 0.004 0.004 0.004 0.006 
  6      226    (0)    1 :  0.005 0.004 0.004 0.005 0.002 0.006 0.005 0.922 0.003 0.009 0.002 0.005 0.013 0.003 0.007 0.005 
  7      227    (0)    1 :  0.010 0.007 0.005 0.011 0.005 0.017 0.005 0.848 0.003 0.016 0.006 0.011 0.037 0.003 0.004 0.011 
  8      228    (0)    1 :  0.010 0.010 0.033 0.010 0.005 0.003 0.013 0.854 0.007 0.009 0.007 0.009 0.007 0.003 0.010 0.009 
  9      234    (0)    1 :  0.004 0.004 0.005 0.004 0.002 0.003 0.005 0.938 0.008 0.004 0.005 0.004 0.004 0.002 0.004 0.004 
 10      235    (0)    1 :  0.004 0.003 0.003 0.004 0.002 0.004 0.004 0.946 0.009 0.003 0.002 0.003 0.004 0.003 0.002 0.004 
 11      236    (0)    1 :  0.003 0.002 0.002 0.003 0.002 0.002 0.015 0.949 0.003 0.003 0.003 0.003 0.005 0.001 0.002 0.003 
 12      237    (0)    1 :  0.004 0.006 0.004 0.004 0.002 0.002 0.002 0.936 0.009 0.006 0.004 0.004 0.003 0.005 0.003 0.004 
 13      238    (0)    1 :  0.009 0.013 0.005 0.009 0.012 0.003 0.003 0.829 0.042 0.010 0.008 0.010 0.026 0.006 0.004 0.010 
 14      239    (0)    1 :  0.027 0.009 0.017 0.027 0.014 0.007 0.024 0.666 0.016 0.041 0.011 0.028 0.068 0.008 0.007 0.030 
 15      240    (0)    1 :  0.004 0.003 0.003 0.004 0.003 0.002 0.006 0.936 0.006 0.003 0.003 0.004 0.006 0.010 0.004 0.004 
 16      242    (0)    1 :  0.056 0.023 0.019 0.054 0.002 0.001 0.003 0.293 0.251 0.102 0.028 0.070 0.011 0.003 0.007 0.075 
 17      243    (0)    1 :  0.013 0.008 0.005 0.012 0.015 0.017 0.006 0.830 0.014 0.009 0.009 0.014 0.021 0.005 0.009 0.014 
 18      244    (0)    1 :  0.008 0.003 0.003 0.009 0.003 0.013 0.002 0.879 0.015 0.015 0.003 0.008 0.025 0.002 0.003 0.008 
 19      245    (0)    1 :  0.010 0.011 0.007 0.011 0.007 0.008 0.051 0.706 0.004 0.008 0.005 0.010 0.009 0.137 0.006 0.010 
 20      246    (0)    1 :  0.005 0.003 0.003 0.004 0.003 0.006 0.003 0.938 0.011 0.003 0.003 0.004 0.003 0.002 0.004 0.004 
 21      248    (0)    1 :  0.007 0.006 0.004 0.008 0.022 0.003 0.010 0.852 0.048 0.010 0.006 0.008 0.006 0.002 0.002 0.007 
 22      249    (0)    1 :  0.002 0.002 0.003 0.002 0.002 0.001 0.003 0.963 0.002 0.003 0.002 0.002 0.004 0.002 0.004 0.002 
 23      250    (0)    1 :  0.016 0.024 0.011 0.014 0.009 0.006 0.013 0.829 0.005 0.009 0.010 0.015 0.010 0.005 0.006 0.015 
 24      251    (0)    1 :  0.005 0.009 0.011 0.005 0.003 0.005 0.006 0.906 0.017 0.006 0.006 0.005 0.004 0.004 0.002 0.005 
 25      252    (0)    1 :  0.007 0.021 0.009 0.007 0.034 0.001 0.005 0.841 0.004 0.007 0.005 0.008 0.006 0.029 0.008 0.008 
 26      253    (0)    1 :  0.022 0.007 0.004 0.022 0.024 0.003 0.006 0.807 0.003 0.032 0.007 0.023 0.008 0.002 0.004 0.027 
 27      254    (0)    1 :  0.006 0.005 0.004 0.006 0.003 0.002 0.004 0.923 0.005 0.007 0.005 0.005 0.008 0.008 0.003 0.005 
 28      255    (0)    1 :  0.019 0.006 0.012 0.018 0.006 0.003 0.018 0.516 0.274 0.014 0.015 0.020 0.054 0.002 0.005 0.019 
 29      256    (0)    1 :  0.009 0.008 0.005 0.010 0.002 0.002 0.003 0.849 0.058 0.006 0.006 0.010 0.004 0.003 0.014 0.011 
 30      257    (0)    1 :  0.010 0.009 0.011 0.009 0.010 0.003 0.003 0.866 0.007 0.011 0.013 0.009 0.019 0.007 0.003 0.009 
 31      258    (0)    1 :  0.010 0.013 0.010 0.010 0.003 0.002 0.010 0.847 0.028 0.010 0.013 0.011 0.012 0.005 0.004 0.013 
 32      259    (0)    1 :  0.019 0.005 0.005 0.024 0.003 0.002 0.002 0.851 0.009 0.013 0.012 0.013 0.006 0.021 0.005 0.010 
 33      260    (0)    1 :  0.006 0.007 0.005 0.006 0.073 0.006 0.024 0.813 0.005 0.004 0.004 0.007 0.026 0.003 0.003 0.007 
 34      261    (0)    1 :  0.014 0.044 0.014 0.012 0.008 0.002 0.003 0.729 0.006 0.005 0.063 0.015 0.015 0.050 0.006 0.014 
 35      262    (0)    1 :  0.002 0.002 0.003 0.002 0.003 0.001 0.002 0.961 0.006 0.002 0.002 0.002 0.002 0.004 0.003 0.002 
 36      263    (0)    1 :  0.006 0.007 0.003 0.006 0.027 0.005 0.005 0.852 0.014 0.005 0.005 0.006 0.043 0.005 0.005 0.006 
 37      264    (0)    1 :  0.005 0.005 0.005 0.005 0.003 0.001 0.003 0.917 0.010 0.004 0.008 0.005 0.006 0.006 0.014 0.005 
 38      265    (0)    1 :  0.006 0.004 0.006 0.006 0.037 0.002 0.007 0.852 0.019 0.004 0.004 0.007 0.019 0.017 0.005 0.006 
 39      266    (0)    1 :  0.003 0.003 0.003 0.003 0.002 0.001 0.005 0.952 0.006 0.003 0.003 0.003 0.002 0.002 0.002 0.003 
 40      267    (0)    1 :  0.003 0.002 0.004 0.003 0.001 0.002 0.002 0.935 0.025 0.004 0.004 0.003 0.003 0.002 0.003 0.003 
 41      268    (0)    1 :  0.006 0.009 0.005 0.006 0.052 0.008 0.003 0.868 0.004 0.007 0.007 0.006 0.006 0.002 0.004 0.007 
 42      269    (0)    1 :  0.003 0.004 0.003 0.003 0.003 0.002 0.020 0.929 0.008 0.003 0.007 0.003 0.004 0.003 0.002 0.003 
 43      270    (0)    1 :  0.003 0.003 0.004 0.003 0.002 0.002 0.003 0.926 0.004 0.005 0.002 0.003 0.007 0.006 0.022 0.004 
 44      271    (0)    1 :  0.024 0.020 0.007 0.022 0.010 0.003 0.078 0.677 0.011 0.017 0.054 0.025 0.012 0.006 0.007 0.026 
 45      272    (0)    1 :  0.030 0.010 0.008 0.026 0.005 0.007 0.015 0.251 0.421 0.009 0.020 0.029 0.007 0.114 0.018 0.031 
 46      273    (0)    1 :  0.015 0.007 0.017 0.015 0.003 0.002 0.011 0.792 0.015 0.017 0.009 0.016 0.037 0.011 0.019 0.015 
 47      274    (0)    1 :  0.005 0.006 0.006 0.005 0.006 0.003 0.007 0.905 0.004 0.005 0.008 0.005 0.009 0.017 0.003 0.005 
 48      275    (2)    1 :  0.004 0.003 0.006 0.004 0.002 0.002 0.003 0.933 0.009 0.005 0.003 0.005 0.007 0.005 0.004 0.005 
 49      276    (0)    1 :  0.007 0.011 0.006 0.006 0.004 0.002 0.005 0.900 0.006 0.007 0.007 0.006 0.005 0.016 0.005 0.006 
 50      277    (0)    1 :  0.012 0.068 0.039 0.012 0.002 0.001 0.013 0.777 0.003 0.006 0.024 0.012 0.008 0.003 0.008 0.012 
 51      278    (0)    1 :  0.010 0.036 0.017 0.009 0.005 0.008 0.005 0.811 0.016 0.010 0.047 0.009 0.006 0.003 0.002 0.007 
 52      279    (0)    1 :  0.014 0.008 0.006 0.015 0.003 0.002 0.003 0.869 0.017 0.011 0.010 0.014 0.006 0.002 0.005 0.015 
 53      280    (0)    1 :  0.012 0.013 0.027 0.012 0.005 0.003 0.065 0.774 0.007 0.012 0.021 0.012 0.018 0.004 0.004 0.011 
 54      287    (0)    1 :  0.015 0.009 0.010 0.015 0.006 0.004 0.004 0.858 0.004 0.009 0.008 0.016 0.013 0.006 0.006 0.016 
 55      290    (0)    1 :  0.015 0.010 0.009 0.013 0.003 0.006 0.006 0.757 0.100 0.009 0.013 0.016 0.010 0.006 0.016 0.013 
 56      291    (0)    1 :  0.012 0.014 0.035 0.015 0.006 0.003 0.016 0.836 0.004 0.008 0.013 0.010 0.007 0.007 0.004 0.010 
 57      295    (0)    1 :  0.004 0.006 0.029 0.004 0.003 0.001 0.003 0.914 0.006 0.003 0.009 0.004 0.005 0.003 0.003 0.004 
 58      296    (0)    1 :  0.005 0.005 0.003 0.005 0.005 0.003 0.005 0.923 0.010 0.008 0.003 0.004 0.004 0.003 0.010 0.005 
 59      872    (2)    1 :  0.006 0.006 0.004 0.005 0.007 0.007 0.004 0.833 0.092 0.004 0.008 0.006 0.005 0.002 0.005 0.006 
 60      873    (4)    1 :  0.015 0.009 0.003 0.013 0.003 0.004 0.011 0.829 0.030 0.012 0.004 0.015 0.013 0.003 0.020 0.016 
 61      874    (2)    1 :  0.005 0.017 0.007 0.006 0.002 0.002 0.002 0.904 0.013 0.007 0.012 0.005 0.005 0.004 0.004 0.005 
 62      875    (0)    1 :  0.005 0.004 0.005 0.005 0.002 0.019 0.006 0.906 0.015 0.005 0.005 0.005 0.006 0.003 0.003 0.005 
 63      876    (6)    1 :  0.008 0.013 0.015 0.008 0.011 0.002 0.005 0.859 0.005 0.016 0.005 0.008 0.022 0.010 0.004 0.008 
 64      070    (0)   10 :  0.005 0.003 0.002 0.004 0.002 0.953 0.001 0.002 0.004 0.003 0.002 0.005 0.003 0.005 0.002 0.004 
 65      071    (0)   10 :  0.003 0.003 0.003 0.003 0.005 0.952 0.005 0.002 0.002 0.003 0.002 0.003 0.004 0.005 0.002 0.003 
 66      072    (0)   10 :  0.002 0.001 0.002 0.002 0.001 0.974 0.003 0.001 0.002 0.002 0.002 0.002 0.002 0.001 0.001 0.002 
 67      151    (0)   10 :  0.001 0.002 0.002 0.001 0.001 0.977 0.001 0.001 0.001 0.001 0.002 0.001 0.002 0.002 0.001 0.001 
 68      152    (0)   10 :  0.006 0.003 0.005 0.005 0.002 0.942 0.005 0.003 0.002 0.005 0.005 0.005 0.004 0.002 0.002 0.005 
 69      153    (2)   10 :  0.001 0.001 0.001 0.001 0.001 0.979 0.001 0.001 0.002 0.001 0.001 0.001 0.002 0.001 0.001 0.001 
 70      788    (4)   10 :  0.003 0.003 0.004 0.003 0.002 0.960 0.003 0.003 0.002 0.002 0.002 0.003 0.002 0.004 0.001 0.003 
 71      789    (2)   10 :  0.002 0.002 0.002 0.002 0.003 0.970 0.002 0.002 0.002 0.002 0.002 0.002 0.002 0.002 0.001 0.002 
 72      790    (0)   10 :  0.002 0.001 0.002 0.002 0.001 0.972 0.003 0.002 0.002 0.002 0.002 0.002 0.002 0.001 0.001 0.002 
 73      010    (0)   11 :  0.205 0.012 0.005 0.226 0.004 0.002 0.008 0.005 0.007 0.060 0.027 0.229 0.011 0.004 0.007 0.188 
 74      024    (0)   11 :  0.198 0.017 0.008 0.157 0.009 0.006 0.005 0.005 0.005 0.019 0.046 0.225 0.009 0.009 0.007 0.275 
 75      051    (0)   11 :  0.139 0.013 0.005 0.182 0.008 0.015 0.004 0.005 0.007 0.044 0.006 0.188 0.203 0.004 0.005 0.174 
 76      090    (0)   11 :  0.174 0.019 0.012 0.173 0.005 0.008 0.003 0.007 0.009 0.080 0.026 0.191 0.055 0.005 0.014 0.219 
 77      102    (0)   11 :  0.137 0.228 0.065 0.113 0.003 0.002 0.004 0.026 0.032 0.037 0.041 0.130 0.018 0.006 0.012 0.147 
 78      111    (0)   11 :  0.178 0.021 0.006 0.184 0.004 0.002 0.063 0.005 0.022 0.083 0.021 0.187 0.009 0.024 0.005 0.186 
 79      113    (0)   11 :  0.190 0.027 0.015 0.158 0.005 0.005 0.003 0.005 0.032 0.089 0.047 0.184 0.073 0.012 0.007 0.147 
 80      138    (0)   11 :  0.080 0.015 0.012 0.096 0.077 0.042 0.003 0.009 0.003 0.431 0.011 0.095 0.017 0.009 0.003 0.095 
 81      150    (0)   11 :  0.023 0.675 0.029 0.019 0.004 0.017 0.002 0.014 0.008 0.053 0.017 0.024 0.066 0.018 0.006 0.026 
 82      173    (2)   11 :  0.144 0.016 0.012 0.102 0.015 0.024 0.007 0.005 0.006 0.039 0.017 0.176 0.185 0.021 0.033 0.197 
 83      174    (2)   11 :  0.169 0.004 0.003 0.173 0.003 0.024 0.004 0.006 0.023 0.257 0.011 0.179 0.014 0.008 0.005 0.116 
 84      175    (0)   11 :  0.180 0.012 0.006 0.193 0.003 0.007 0.002 0.002 0.011 0.033 0.010 0.244 0.019 0.003 0.006 0.267 
 85      176    (0)   11 :  0.287 0.015 0.005 0.213 0.011 0.005 0.007 0.017 0.021 0.029 0.019 0.212 0.008 0.004 0.003 0.146 
 86      177    (0)   11 :  0.137 0.013 0.008 0.130 0.002 0.004 0.002 0.003 0.009 0.060 0.031 0.170 0.250 0.014 0.004 0.162 
 87      180    (0)   11 :  0.137 0.006 0.005 0.138 0.007 0.004 0.005 0.023 0.110 0.097 0.008 0.156 0.114 0.019 0.004 0.168 
 88      184    (0)   11 :  0.085 0.057 0.015 0.102 0.006 0.014 0.005 0.006 0.004 0.434 0.032 0.089 0.014 0.005 0.036 0.097 
 89      195    (0)   11 :  0.162 0.019 0.010 0.195 0.014 0.006 0.033 0.005 0.003 0.041 0.023 0.221 0.014 0.008 0.005 0.240 
 90      198    (0)   11 :  0.146 0.023 0.007 0.164 0.006 0.003 0.029 0.011 0.016 0.231 0.012 0.170 0.017 0.005 0.003 0.159 
 91      203    (0)   11 :  0.180 0.026 0.006 0.189 0.005 0.009 0.003 0.007 0.009 0.026 0.035 0.230 0.010 0.013 0.010 0.240 
 92      211    (0)   11 :  0.233 0.047 0.009 0.145 0.074 0.003 0.003 0.024 0.004 0.032 0.010 0.189 0.008 0.063 0.003 0.154 
 93      220    (0)   11 :  0.098 0.205 0.017 0.100 0.009 0.002 0.008 0.005 0.009 0.049 0.170 0.109 0.085 0.006 0.010 0.119 
 94      233    (0)   11 :  0.152 0.011 0.130 0.131 0.037 0.006 0.002 0.009 0.004 0.020 0.010 0.173 0.017 0.068 0.028 0.204 
 95      331    (0)   11 :  0.188 0.018 0.005 0.201 0.005 0.008 0.007 0.005 0.005 0.034 0.020 0.227 0.032 0.017 0.008 0.220 
 96      349    (0)   11 :  0.087 0.015 0.013 0.106 0.006 0.011 0.005 0.006 0.009 0.027 0.017 0.126 0.037 0.003 0.391 0.140 
 97      410    (0)   11 :  0.150 0.007 0.003 0.129 0.025 0.003 0.003 0.008 0.010 0.226 0.009 0.187 0.017 0.006 0.004 0.213 
 98      417    (2)   11 :  0.180 0.048 0.007 0.186 0.005 0.002 0.007 0.026 0.008 0.126 0.018 0.181 0.006 0.007 0.008 0.186 
 99      421    (0)   12 :  0.007 0.005 0.839 0.007 0.005 0.002 0.057 0.008 0.004 0.008 0.026 0.007 0.005 0.004 0.009 0.007 
100      423    (0)   12 :  0.170 0.018 0.004 0.212 0.003 0.008 0.003 0.005 0.011 0.049 0.019 0.199 0.010 0.002 0.024 0.265 
101      424    (0)   12 :  0.083 0.009 0.005 0.088 0.003 0.002 0.005 0.014 0.028 0.179 0.020 0.107 0.315 0.010 0.008 0.125 
102      433    (0)   12 :  0.081 0.277 0.134 0.098 0.015 0.002 0.003 0.004 0.005 0.155 0.032 0.073 0.007 0.032 0.003 0.080 
103      462    (0)   12 :  0.151 0.040 0.085 0.147 0.022 0.002 0.006 0.007 0.009 0.076 0.029 0.160 0.085 0.005 0.012 0.162 
104      463    (0)   12 :  0.158 0.015 0.005 0.187 0.004 0.003 0.018 0.010 0.005 0.104 0.013 0.213 0.007 0.004 0.051 0.204 
105      467    (0)   12 :  0.018 0.229 0.384 0.017 0.011 0.006 0.004 0.030 0.006 0.009 0.037 0.017 0.013 0.180 0.019 0.020 
106      468    (0)   12 :  0.008 0.026 0.086 0.007 0.002 0.003 0.027 0.016 0.008 0.007 0.018 0.008 0.008 0.004 0.763 0.009 
107      469    (0)   12 :  0.109 0.143 0.089 0.120 0.003 0.002 0.034 0.051 0.008 0.069 0.083 0.126 0.005 0.011 0.003 0.143 
108      472    (0)   12 :  0.248 0.024 0.037 0.169 0.008 0.005 0.014 0.007 0.002 0.050 0.010 0.214 0.009 0.004 0.006 0.195 
109      473    (0)   12 :  0.023 0.010 0.005 0.024 0.007 0.003 0.005 0.003 0.004 0.027 0.023 0.023 0.007 0.004 0.809 0.025 
110      474    (0)   12 :  0.004 0.877 0.009 0.003 0.007 0.001 0.002 0.006 0.003 0.008 0.011 0.003 0.004 0.004 0.055 0.003 
111      475    (0)   12 :  0.109 0.044 0.305 0.117 0.003 0.003 0.003 0.004 0.006 0.051 0.051 0.131 0.009 0.005 0.028 0.132 
112      476    (2)   12 :  0.006 0.839 0.005 0.006 0.011 0.009 0.002 0.003 0.006 0.004 0.019 0.006 0.005 0.014 0.058 0.006 
113      477    (0)   12 :  0.220 0.071 0.017 0.195 0.018 0.005 0.003 0.007 0.005 0.019 0.030 0.182 0.007 0.005 0.013 0.201 
114      478    (0)   12 :  0.113 0.016 0.012 0.085 0.002 0.003 0.003 0.009 0.031 0.011 0.482 0.089 0.017 0.013 0.004 0.108 
115      479    (0)   12 :  0.014 0.628 0.046 0.025 0.003 0.004 0.017 0.012 0.006 0.191 0.004 0.014 0.010 0.005 0.005 0.016 
116      480    (0)   12 :  0.007 0.009 0.901 0.006 0.002 0.002 0.001 0.003 0.004 0.007 0.010 0.006 0.005 0.012 0.017 0.007 
117      481    (0)   12 :  0.155 0.103 0.022 0.114 0.003 0.048 0.004 0.006 0.011 0.138 0.012 0.168 0.013 0.009 0.016 0.180 
118      482    (0)   12 :  0.122 0.009 0.018 0.116 0.055 0.002 0.097 0.004 0.005 0.110 0.041 0.132 0.018 0.144 0.004 0.123 
119      489    (0)   12 :  0.153 0.011 0.017 0.188 0.014 0.005 0.006 0.004 0.006 0.053 0.014 0.192 0.007 0.040 0.024 0.266 
120      490    (0)   12 :  0.019 0.006 0.008 0.076 0.003 0.004 0.005 0.016 0.009 0.744 0.011 0.022 0.013 0.040 0.004 0.022 
121      491    (0)   12 :  0.144 0.023 0.019 0.099 0.118 0.009 0.008 0.005 0.004 0.090 0.027 0.179 0.078 0.005 0.009 0.185 
122      492    (0)   12 :  0.014 0.754 0.006 0.012 0.010 0.003 0.003 0.012 0.041 0.009 0.035 0.015 0.007 0.005 0.057 0.016 
123      493    (0)   12 :  0.041 0.699 0.074 0.030 0.005 0.009 0.005 0.007 0.004 0.008 0.010 0.040 0.018 0.004 0.005 0.040 
124      494    (0)   12 :  0.086 0.044 0.235 0.100 0.035 0.026 0.011 0.004 0.003 0.193 0.007 0.096 0.016 0.016 0.009 0.116 
125      498    (0)   12 :  0.180 0.081 0.009 0.120 0.004 0.008 0.003 0.022 0.014 0.127 0.010 0.181 0.007 0.006 0.045 0.183 
126      499    (0)   12 :  0.155 0.010 0.007 0.148 0.007 0.004 0.003 0.011 0.005 0.045 0.103 0.213 0.053 0.007 0.006 0.223 
127      709    (0)   12 :  0.145 0.024 0.006 0.147 0.011 0.081 0.017 0.008 0.009 0.156 0.030 0.172 0.011 0.006 0.004 0.175 
128      710    (4)   12 :  0.162 0.062 0.216 0.174 0.002 0.007 0.010 0.006 0.004 0.062 0.038 0.122 0.003 0.004 0.007 0.121 
129      711    (2)   12 :  0.192 0.024 0.019 0.146 0.003 0.006 0.024 0.015 0.058 0.048 0.013 0.177 0.098 0.012 0.006 0.158 
130      712    (4)   12 :  0.010 0.008 0.009 0.068 0.003 0.002 0.004 0.007 0.007 0.837 0.005 0.009 0.009 0.008 0.003 0.011 
131      713    (0)   12 :  0.200 0.008 0.003 0.182 0.008 0.004 0.019 0.004 0.005 0.023 0.025 0.233 0.008 0.003 0.011 0.263 
132      714    (2)   12 :  0.025 0.374 0.402 0.020 0.002 0.017 0.005 0.010 0.008 0.008 0.018 0.024 0.020 0.008 0.037 0.022 
133      715    (4)   12 :  0.017 0.019 0.559 0.016 0.026 0.012 0.014 0.027 0.012 0.017 0.016 0.014 0.018 0.217 0.003 0.014 
134      716    (0)   12 :  0.018 0.688 0.144 0.015 0.004 0.002 0.005 0.003 0.005 0.012 0.049 0.018 0.005 0.007 0.005 0.019 
135      717    (2)   12 :  0.018 0.005 0.006 0.014 0.007 0.003 0.007 0.006 0.024 0.008 0.835 0.017 0.009 0.016 0.007 0.018 
136      718    (4)   12 :  0.039 0.021 0.024 0.107 0.002 0.002 0.010 0.011 0.006 0.687 0.008 0.025 0.018 0.003 0.004 0.031 
137      719    (0)   12 :  0.004 0.004 0.952 0.003 0.002 0.001 0.004 0.003 0.002 0.004 0.004 0.004 0.002 0.004 0.003 0.004 
138      720    (2)   12 :  0.052 0.055 0.456 0.056 0.013 0.002 0.010 0.008 0.006 0.012 0.185 0.047 0.010 0.012 0.013 0.064 
139      721    (0)   12 :  0.075 0.489 0.025 0.069 0.006 0.037 0.012 0.004 0.005 0.023 0.044 0.078 0.018 0.005 0.030 0.079 
140      722    (4)   12 :  0.013 0.092 0.572 0.011 0.002 0.002 0.026 0.010 0.006 0.010 0.020 0.009 0.006 0.149 0.062 0.009 
141      723    (0)   12 :  0.015 0.023 0.867 0.011 0.005 0.007 0.002 0.003 0.006 0.006 0.015 0.016 0.003 0.004 0.002 0.015 
142      724    (0)   12 :  0.017 0.116 0.653 0.016 0.009 0.005 0.064 0.013 0.010 0.010 0.031 0.017 0.007 0.004 0.010 0.017 
143      725    (0)   12 :  0.256 0.012 0.026 0.171 0.011 0.004 0.010 0.005 0.009 0.028 0.017 0.226 0.013 0.016 0.018 0.178 
144      726    (0)   12 :  0.153 0.269 0.013 0.132 0.005 0.006 0.009 0.004 0.003 0.020 0.029 0.150 0.007 0.024 0.037 0.139 
145      727    (0)   12 :  0.156 0.305 0.014 0.133 0.012 0.009 0.008 0.005 0.003 0.077 0.030 0.123 0.012 0.013 0.008 0.090 
146      728    (2)   12 :  0.201 0.016 0.009 0.153 0.006 0.102 0.010 0.007 0.013 0.019 0.026 0.215 0.011 0.011 0.003 0.197 
147      729    (6)   12 :  0.187 0.029 0.020 0.137 0.004 0.005 0.004 0.005 0.005 0.074 0.076 0.211 0.013 0.011 0.003 0.216 
148      730    (2)   12 :  0.053 0.008 0.038 0.094 0.005 0.007 0.014 0.010 0.010 0.615 0.014 0.044 0.012 0.035 0.002 0.039 
149      731    (2)   12 :  0.037 0.009 0.005 0.103 0.002 0.002 0.005 0.008 0.004 0.747 0.005 0.026 0.005 0.004 0.006 0.032 
150      732    (0)   12 :  0.225 0.190 0.012 0.181 0.005 0.003 0.007 0.008 0.011 0.023 0.014 0.157 0.011 0.026 0.009 0.118 
151      733    (0)   12 :  0.169 0.061 0.029 0.181 0.003 0.004 0.037 0.011 0.009 0.079 0.033 0.167 0.013 0.029 0.003 0.172 
152      734    (2)   12 :  0.112 0.019 0.005 0.110 0.117 0.010 0.001 0.008 0.007 0.068 0.267 0.117 0.054 0.009 0.004 0.092 
153      735    (4)   12 :  0.157 0.012 0.050 0.141 0.007 0.003 0.008 0.005 0.008 0.103 0.022 0.169 0.030 0.024 0.062 0.197 
154      736    (2)   12 :  0.113 0.019 0.006 0.154 0.024 0.018 0.003 0.004 0.005 0.333 0.015 0.136 0.019 0.006 0.004 0.142 
155      737    (0)   12 :  0.054 0.014 0.003 0.107 0.004 0.013 0.004 0.013 0.030 0.621 0.006 0.044 0.017 0.004 0.013 0.053 
156      738    (2)   12 :  0.140 0.012 0.008 0.139 0.005 0.003 0.003 0.009 0.005 0.353 0.007 0.108 0.081 0.012 0.004 0.112 
157      739    (8)   12 :  0.048 0.013 0.033 0.094 0.006 0.014 0.004 0.009 0.005 0.623 0.011 0.051 0.012 0.011 0.009 0.056 
158      740    (4)   12 :  0.063 0.033 0.077 0.102 0.003 0.002 0.014 0.005 0.005 0.540 0.016 0.058 0.004 0.003 0.003 0.071 
159      741    (2)   12 :  0.101 0.019 0.015 0.127 0.020 0.002 0.026 0.058 0.076 0.166 0.091 0.113 0.009 0.029 0.028 0.121 
160      742    (4)   12 :  0.107 0.014 0.015 0.148 0.005 0.007 0.002 0.012 0.020 0.329 0.014 0.115 0.082 0.004 0.005 0.121 
161      743    (2)   12 :  0.009 0.016 0.039 0.009 0.010 0.003 0.003 0.006 0.004 0.008 0.765 0.009 0.006 0.104 0.003 0.009 
162      744    (0)   12 :  0.152 0.048 0.113 0.132 0.005 0.037 0.003 0.004 0.005 0.045 0.043 0.194 0.007 0.004 0.004 0.202 
163      745    (0)   12 :  0.104 0.015 0.347 0.098 0.005 0.015 0.016 0.048 0.025 0.026 0.034 0.104 0.007 0.021 0.010 0.126 
164      746    (2)   12 :  0.136 0.012 0.010 0.157 0.005 0.004 0.010 0.004 0.037 0.256 0.008 0.172 0.010 0.003 0.004 0.171 
165      747    (2)   12 :  0.083 0.019 0.015 0.104 0.022 0.006 0.006 0.033 0.008 0.449 0.006 0.076 0.063 0.006 0.015 0.089 
166      748    (0)   12 :  0.110 0.088 0.006 0.096 0.018 0.006 0.016 0.085 0.032 0.037 0.016 0.138 0.069 0.002 0.133 0.147 
167      749    (2)   12 :  0.163 0.005 0.006 0.146 0.019 0.013 0.035 0.007 0.007 0.041 0.032 0.201 0.060 0.029 0.003 0.235 
168      750    (4)   12 :  0.163 0.013 0.006 0.175 0.005 0.005 0.006 0.008 0.021 0.108 0.013 0.198 0.011 0.036 0.005 0.227 
169      751    (0)   12 :  0.202 0.010 0.012 0.146 0.007 0.015 0.008 0.010 0.007 0.051 0.020 0.212 0.047 0.010 0.011 0.232 
170      752    (2)   12 :  0.007 0.047 0.095 0.007 0.003 0.002 0.003 0.012 0.005 0.014 0.007 0.007 0.005 0.007 0.772 0.008 
171      753    (4)   12 :  0.168 0.031 0.059 0.152 0.034 0.011 0.015 0.024 0.006 0.028 0.031 0.165 0.042 0.007 0.063 0.164 
172      754    (2)   12 :  0.007 0.006 0.003 0.071 0.004 0.003 0.002 0.003 0.004 0.845 0.005 0.006 0.004 0.028 0.002 0.006 
173      155    (0)   13 :  0.183 0.027 0.007 0.148 0.038 0.004 0.006 0.022 0.007 0.017 0.014 0.239 0.008 0.004 0.006 0.271 
174      156    (2)   13 :  0.231 0.005 0.009 0.176 0.005 0.116 0.007 0.014 0.006 0.032 0.025 0.212 0.008 0.010 0.004 0.140 
175      157    (2)   13 :  0.022 0.006 0.007 0.078 0.009 0.002 0.004 0.004 0.005 0.781 0.014 0.017 0.006 0.005 0.021 0.018 
176      158    (0)   13 :  0.245 0.025 0.024 0.168 0.007 0.004 0.006 0.007 0.010 0.025 0.009 0.228 0.029 0.017 0.003 0.193 
177      159    (0)   13 :  0.180 0.035 0.014 0.136 0.003 0.011 0.107 0.012 0.007 0.105 0.009 0.170 0.011 0.003 0.012 0.188 
178      160    (0)   13 :  0.025 0.655 0.014 0.028 0.009 0.003 0.004 0.016 0.003 0.127 0.022 0.026 0.030 0.009 0.006 0.023 
179      161    (0)   13 :  0.103 0.058 0.009 0.152 0.010 0.003 0.010 0.004 0.003 0.394 0.026 0.086 0.010 0.017 0.009 0.104 
180      162    (0)   13 :  0.039 0.023 0.017 0.020 0.006 0.004 0.002 0.007 0.005 0.008 0.778 0.023 0.014 0.003 0.017 0.034 
181      163    (2)   13 :  0.188 0.005 0.006 0.185 0.003 0.009 0.002 0.003 0.007 0.113 0.009 0.206 0.050 0.015 0.012 0.186 
182      164    (0)   13 :  0.180 0.011 0.026 0.164 0.020 0.003 0.005 0.044 0.010 0.058 0.026 0.194 0.014 0.006 0.042 0.197 
183      165    (2)   13 :  0.341 0.005 0.004 0.286 0.004 0.003 0.004 0.005 0.005 0.095 0.005 0.185 0.003 0.007 0.004 0.044 
184      427    (0)   13 :  0.013 0.020 0.738 0.012 0.099 0.009 0.025 0.005 0.003 0.008 0.010 0.013 0.014 0.012 0.004 0.015 
185      428    (0)   13 :  0.010 0.038 0.813 0.009 0.005 0.003 0.014 0.007 0.005 0.004 0.013 0.010 0.037 0.003 0.020 0.010 
186      429    (0)   13 :  0.012 0.008 0.287 0.009 0.003 0.003 0.006 0.005 0.007 0.005 0.560 0.011 0.005 0.059 0.008 0.012 
187      430    (0)   13 :  0.129 0.177 0.012 0.121 0.004 0.002 0.005 0.022 0.050 0.036 0.020 0.148 0.062 0.027 0.030 0.156 
188      431    (0)   13 :  0.024 0.333 0.110 0.021 0.005 0.002 0.007 0.052 0.021 0.012 0.321 0.024 0.012 0.021 0.006 0.028 
189      435    (0)   13 :  0.005 0.032 0.432 0.005 0.002 0.002 0.003 0.003 0.003 0.005 0.464 0.005 0.003 0.022 0.007 0.006 
190      436    (0)   13 :  0.006 0.729 0.186 0.005 0.003 0.002 0.007 0.007 0.004 0.005 0.022 0.006 0.003 0.006 0.003 0.006 
191      437    (0)   13 :  0.022 0.644 0.130 0.017 0.004 0.002 0.033 0.054 0.007 0.010 0.014 0.018 0.005 0.012 0.009 0.021 
192      438    (0)   13 :  0.032 0.185 0.474 0.035 0.002 0.009 0.014 0.038 0.020 0.020 0.039 0.035 0.018 0.004 0.038 0.038 
193      439    (0)   13 :  0.110 0.089 0.181 0.092 0.004 0.005 0.004 0.011 0.031 0.138 0.063 0.101 0.015 0.007 0.040 0.109 
194      441    (0)   13 :  0.003 0.004 0.005 0.003 0.003 0.001 0.001 0.003 0.005 0.002 0.003 0.003 0.003 0.002 0.956 0.003 
195      442    (0)   13 :  0.018 0.012 0.521 0.014 0.189 0.006 0.003 0.011 0.003 0.005 0.141 0.018 0.012 0.010 0.017 0.020 
196      443    (4)   13 :  0.006 0.009 0.911 0.005 0.002 0.002 0.003 0.008 0.004 0.010 0.004 0.006 0.011 0.004 0.011 0.005 
197      444    (4)   13 :  0.007 0.006 0.897 0.007 0.008 0.004 0.009 0.006 0.003 0.005 0.008 0.007 0.007 0.017 0.002 0.007 
198      445    (2)   13 :  0.110 0.074 0.385 0.101 0.004 0.007 0.010 0.046 0.005 0.010 0.032 0.087 0.004 0.004 0.012 0.109 
199      446    (0)   13 :  0.005 0.007 0.008 0.005 0.005 0.003 0.002 0.003 0.003 0.005 0.609 0.005 0.006 0.327 0.002 0.005 
200      447    (0)   13 :  0.013 0.027 0.268 0.013 0.006 0.003 0.009 0.022 0.003 0.013 0.561 0.013 0.008 0.023 0.003 0.014 
201      449    (0)   13 :  0.004 0.010 0.937 0.004 0.005 0.002 0.003 0.005 0.005 0.003 0.006 0.004 0.003 0.004 0.003 0.004 
202      460    (0)   13 :  0.042 0.021 0.557 0.029 0.006 0.002 0.006 0.016 0.007 0.011 0.074 0.030 0.008 0.014 0.145 0.032 
203      461    (0)   13 :  0.091 0.263 0.105 0.092 0.007 0.002 0.007 0.022 0.014 0.101 0.034 0.096 0.047 0.014 0.006 0.099 
204      484    (0)   13 :  0.074 0.007 0.031 0.061 0.010 0.007 0.004 0.101 0.180 0.052 0.015 0.074 0.135 0.157 0.014 0.077 
205      485    (0)   13 :  0.015 0.099 0.770 0.014 0.004 0.002 0.002 0.004 0.004 0.016 0.009 0.013 0.003 0.023 0.010 0.012 
206      486    (0)   13 :  0.002 0.002 0.002 0.002 0.002 0.001 0.002 0.002 0.002 0.002 0.002 0.002 0.002 0.002 0.973 0.002 
207      487    (0)   13 :  0.060 0.192 0.310 0.060 0.011 0.003 0.006 0.006 0.007 0.030 0.142 0.068 0.014 0.014 0.012 0.065 
208      178    (0)   14 :  0.103 0.331 0.156 0.095 0.006 0.005 0.003 0.004 0.003 0.036 0.038 0.088 0.010 0.025 0.011 0.086 
209      422    (0)   14 :  0.010 0.056 0.524 0.011 0.003 0.002 0.003 0.013 0.007 0.026 0.069 0.010 0.005 0.247 0.004 0.010 
210      425    (0)   14 :  0.010 0.054 0.024 0.010 0.003 0.001 0.004 0.004 0.002 0.009 0.795 0.011 0.005 0.053 0.004 0.011 
211      426    (0)   14 :  0.093 0.040 0.014 0.077 0.024 0.121 0.003 0.004 0.005 0.050 0.060 0.106 0.224 0.059 0.004 0.118 
212      432    (0)   14 :  0.149 0.028 0.221 0.118 0.009 0.008 0.009 0.009 0.007 0.018 0.011 0.164 0.033 0.021 0.010 0.185 
213      434    (0)   14 :  0.003 0.004 0.010 0.003 0.005 0.002 0.004 0.004 0.004 0.005 0.836 0.003 0.005 0.105 0.004 0.003 
214      440    (0)   14 :  0.113 0.122 0.063 0.079 0.011 0.003 0.002 0.005 0.008 0.013 0.280 0.097 0.034 0.060 0.024 0.086 
215      448    (2)   14 :  0.007 0.008 0.818 0.007 0.012 0.002 0.037 0.011 0.026 0.011 0.021 0.007 0.010 0.007 0.006 0.008 
216      456    (0)   14 :  0.156 0.170 0.018 0.094 0.009 0.003 0.004 0.067 0.080 0.013 0.099 0.132 0.019 0.007 0.005 0.125 
217      457    (0)   14 :  0.070 0.223 0.259 0.075 0.005 0.006 0.009 0.018 0.026 0.019 0.045 0.080 0.019 0.013 0.035 0.098 
218      458    (0)   14 :  0.076 0.433 0.017 0.055 0.016 0.007 0.005 0.010 0.004 0.100 0.020 0.092 0.042 0.017 0.010 0.095 
219      459    (0)   14 :  0.013 0.012 0.855 0.013 0.005 0.003 0.002 0.007 0.004 0.015 0.008 0.012 0.012 0.019 0.008 0.012 
220      464    (0)   14 :  0.022 0.181 0.418 0.019 0.012 0.005 0.003 0.004 0.004 0.010 0.236 0.020 0.005 0.024 0.014 0.021 
221      465    (0)   14 :  0.009 0.416 0.011 0.008 0.002 0.001 0.002 0.004 0.006 0.014 0.456 0.008 0.004 0.043 0.007 0.009 
222      466    (0)   14 :  0.046 0.133 0.382 0.055 0.005 0.002 0.019 0.022 0.006 0.027 0.028 0.042 0.009 0.154 0.015 0.056 
223      470    (0)   14 :  0.008 0.359 0.446 0.007 0.006 0.002 0.003 0.003 0.007 0.008 0.010 0.007 0.011 0.023 0.090 0.008 
224      471    (0)   14 :  0.035 0.020 0.158 0.033 0.004 0.041 0.013 0.006 0.019 0.011 0.472 0.036 0.051 0.056 0.006 0.040 
225      483    (0)   14 :  0.002 0.002 0.003 0.003 0.003 0.001 0.001 0.002 0.003 0.005 0.003 0.003 0.002 0.962 0.002 0.003 
226      488    (0)   14 :  0.009 0.855 0.025 0.007 0.004 0.002 0.002 0.008 0.003 0.030 0.015 0.008 0.006 0.002 0.015 0.008 
227      495    (0)   14 :  0.007 0.020 0.013 0.008 0.002 0.001 0.002 0.012 0.013 0.013 0.800 0.008 0.005 0.085 0.003 0.008 
228      496    (0)   14 :  0.009 0.761 0.016 0.010 0.002 0.002 0.005 0.002 0.004 0.017 0.133 0.009 0.005 0.008 0.007 0.009 
229      497    (0)   14 :  0.005 0.005 0.012 0.005 0.039 0.002 0.003 0.004 0.012 0.004 0.825 0.005 0.002 0.068 0.002 0.006 
230      500    (0)   14 :  0.074 0.054 0.042 0.081 0.003 0.004 0.015 0.389 0.026 0.071 0.011 0.087 0.007 0.009 0.040 0.088 
231      879    (0)   14 :  0.002 0.002 0.002 0.002 0.002 0.001 0.001 0.001 0.001 0.002 0.002 0.002 0.002 0.976 0.002 0.002 
232      036    (0)   15 :  0.209 0.014 0.016 0.140 0.002 0.005 0.012 0.006 0.004 0.022 0.010 0.284 0.005 0.006 0.005 0.261 
233      063    (2)   15 :  0.219 0.027 0.026 0.175 0.014 0.003 0.003 0.013 0.032 0.067 0.018 0.168 0.042 0.016 0.010 0.167 
234      094    (4)   15 :  0.090 0.134 0.019 0.110 0.009 0.006 0.011 0.059 0.012 0.283 0.010 0.110 0.016 0.006 0.006 0.118 
235      103    (4)   15 :  0.333 0.004 0.006 0.286 0.004 0.002 0.003 0.004 0.016 0.098 0.005 0.183 0.003 0.005 0.006 0.038 
236      112    (0)   15 :  0.114 0.006 0.006 0.143 0.006 0.004 0.003 0.006 0.006 0.346 0.012 0.129 0.043 0.008 0.010 0.157 
237      114    (2)   15 :  0.180 0.037 0.009 0.154 0.004 0.003 0.008 0.005 0.004 0.108 0.049 0.199 0.005 0.004 0.016 0.215 
238      120    (0)   15 :  0.036 0.055 0.007 0.098 0.004 0.003 0.013 0.015 0.006 0.643 0.005 0.043 0.016 0.011 0.007 0.040 
239      127    (2)   15 :  0.142 0.099 0.004 0.137 0.006 0.003 0.005 0.008 0.005 0.050 0.011 0.184 0.063 0.006 0.075 0.203 
240      147    (0)   15 :  0.131 0.009 0.013 0.123 0.006 0.054 0.005 0.002 0.005 0.032 0.019 0.187 0.212 0.006 0.007 0.189 
241      166    (0)   15 :  0.166 0.095 0.025 0.124 0.021 0.038 0.003 0.004 0.009 0.053 0.019 0.164 0.104 0.005 0.004 0.168 
242      167    (0)   15 :  0.045 0.011 0.011 0.028 0.006 0.004 0.014 0.006 0.028 0.022 0.710 0.033 0.007 0.006 0.029 0.040 
243      168    (0)   15 :  0.220 0.010 0.011 0.185 0.005 0.003 0.016 0.004 0.004 0.032 0.068 0.208 0.004 0.002 0.004 0.224 
244      169    (2)   15 :  0.051 0.035 0.019 0.048 0.004 0.009 0.006 0.007 0.005 0.039 0.637 0.043 0.036 0.006 0.004 0.051 
245      170    (0)   15 :  0.161 0.007 0.009 0.176 0.035 0.005 0.004 0.013 0.005 0.108 0.014 0.217 0.015 0.008 0.021 0.200 
246      171    (2)   15 :  0.293 0.008 0.006 0.214 0.004 0.010 0.003 0.061 0.009 0.042 0.011 0.202 0.024 0.003 0.004 0.107 
247      172    (0)   15 :  0.036 0.043 0.006 0.094 0.004 0.013 0.013 0.015 0.012 0.638 0.011 0.036 0.018 0.024 0.002 0.034 
248      185    (0)   15 :  0.226 0.013 0.078 0.164 0.005 0.005 0.002 0.004 0.009 0.027 0.068 0.177 0.032 0.016 0.016 0.157 
249      199    (2)   15 :  0.151 0.027 0.007 0.167 0.226 0.006 0.007 0.006 0.003 0.021 0.020 0.170 0.008 0.002 0.010 0.170 
250      339    (0)   15 :  0.028 0.073 0.009 0.012 0.010 0.005 0.002 0.005 0.011 0.008 0.776 0.014 0.009 0.006 0.006 0.025 
251      355    (0)   15 :  0.166 0.007 0.004 0.197 0.078 0.015 0.002 0.003 0.006 0.020 0.017 0.224 0.009 0.002 0.005 0.246 
252      356    (0)   15 :  0.041 0.019 0.004 0.097 0.006 0.004 0.007 0.003 0.003 0.663 0.012 0.050 0.006 0.004 0.025 0.055 
253      357    (0)   15 :  0.189 0.038 0.007 0.143 0.017 0.013 0.009 0.007 0.004 0.145 0.011 0.180 0.019 0.003 0.020 0.195 
254      358    (0)   15 :  0.193 0.010 0.013 0.148 0.004 0.007 0.002 0.008 0.041 0.012 0.017 0.242 0.010 0.004 0.018 0.274 
255      359    (0)   15 :  0.147 0.009 0.005 0.151 0.009 0.002 0.002 0.004 0.020 0.230 0.013 0.173 0.019 0.012 0.003 0.202 
256      360    (0)   15 :  0.219 0.023 0.015 0.162 0.005 0.010 0.006 0.012 0.003 0.029 0.008 0.203 0.021 0.067 0.006 0.212 
257      361    (0)   15 :  0.025 0.042 0.015 0.073 0.003 0.002 0.004 0.005 0.006 0.696 0.042 0.027 0.011 0.014 0.005 0.031 
258      362    (0)   15 :  0.123 0.022 0.017 0.101 0.006 0.005 0.002 0.202 0.012 0.048 0.034 0.121 0.056 0.119 0.004 0.130 
259      363    (0)   15 :  0.087 0.014 0.015 0.096 0.047 0.013 0.005 0.006 0.010 0.034 0.031 0.120 0.369 0.002 0.010 0.140 
260      364    (0)   15 :  0.111 0.098 0.008 0.111 0.052 0.004 0.004 0.204 0.009 0.047 0.006 0.148 0.014 0.004 0.022 0.159 
261      365    (0)   15 :  0.170 0.137 0.023 0.142 0.003 0.017 0.002 0.008 0.005 0.023 0.015 0.206 0.006 0.013 0.009 0.221 
262      366    (0)   15 :  0.183 0.012 0.004 0.146 0.003 0.027 0.001 0.004 0.013 0.082 0.004 0.244 0.015 0.003 0.003 0.257 
263      367    (0)   15 :  0.199 0.016 0.007 0.209 0.003 0.010 0.005 0.011 0.017 0.028 0.012 0.207 0.005 0.006 0.028 0.236 
264      368    (0)   15 :  0.224 0.005 0.004 0.205 0.004 0.015 0.008 0.019 0.014 0.021 0.007 0.234 0.006 0.003 0.053 0.177 
265      369    (0)   15 :  0.221 0.006 0.004 0.225 0.005 0.004 0.002 0.003 0.005 0.038 0.010 0.247 0.008 0.005 0.003 0.214 
266      370    (0)   15 :  0.103 0.017 0.009 0.148 0.008 0.013 0.010 0.005 0.029 0.376 0.018 0.119 0.015 0.004 0.004 0.124 
267      371    (0)   15 :  0.199 0.009 0.011 0.184 0.006 0.003 0.006 0.014 0.009 0.021 0.015 0.231 0.004 0.004 0.003 0.281 
268      372    (0)   15 :  0.015 0.073 0.433 0.014 0.331 0.004 0.003 0.011 0.003 0.012 0.010 0.016 0.050 0.008 0.002 0.015 
269      373    (0)   15 :  0.172 0.046 0.012 0.211 0.050 0.003 0.003 0.005 0.008 0.109 0.030 0.160 0.005 0.035 0.002 0.149 
270      380    (0)   15 :  0.157 0.037 0.007 0.163 0.011 0.006 0.038 0.014 0.009 0.068 0.011 0.211 0.033 0.005 0.002 0.227 
271      388    (0)   15 :  0.103 0.010 0.006 0.149 0.019 0.008 0.004 0.009 0.010 0.390 0.007 0.116 0.021 0.007 0.004 0.137 
272      418    (0)   15 :  0.172 0.065 0.008 0.184 0.044 0.006 0.026 0.014 0.004 0.060 0.041 0.165 0.017 0.003 0.008 0.185 
273      419    (0)   15 :  0.180 0.074 0.019 0.213 0.003 0.006 0.010 0.005 0.005 0.059 0.049 0.162 0.006 0.003 0.009 0.197 
274      420    (0)   15 :  0.149 0.044 0.045 0.117 0.060 0.039 0.003 0.040 0.011 0.071 0.039 0.154 0.014 0.006 0.010 0.199 
275      409    (0)   16 :  0.245 0.040 0.017 0.208 0.004 0.002 0.103 0.007 0.006 0.058 0.012 0.179 0.012 0.005 0.007 0.096 
276      414    (0)   16 :  0.314 0.033 0.005 0.235 0.008 0.003 0.016 0.014 0.007 0.018 0.018 0.206 0.013 0.006 0.007 0.096 
277      415    (2)   16 :  0.185 0.014 0.004 0.211 0.014 0.004 0.004 0.006 0.010 0.043 0.010 0.235 0.011 0.005 0.030 0.216 
278      416    (0)   16 :  0.158 0.082 0.022 0.171 0.010 0.003 0.074 0.023 0.027 0.014 0.037 0.170 0.010 0.012 0.004 0.182 
279      571    (0)    2 :  0.007 0.008 0.022 0.007 0.004 0.004 0.004 0.829 0.019 0.006 0.011 0.007 0.027 0.008 0.032 0.007 
280      572    (0)    2 :  0.016 0.004 0.003 0.016 0.004 0.006 0.008 0.797 0.043 0.009 0.011 0.015 0.040 0.002 0.012 0.015 
281      573    (2)    2 :  0.007 0.004 0.005 0.006 0.003 0.001 0.004 0.921 0.006 0.005 0.004 0.007 0.003 0.008 0.009 0.007 
282      574    (0)    2 :  0.011 0.008 0.005 0.011 0.002 0.003 0.015 0.886 0.009 0.007 0.008 0.011 0.005 0.006 0.004 0.011 
283      575    (2)    2 :  0.015 0.005 0.008 0.014 0.008 0.008 0.006 0.799 0.014 0.007 0.012 0.015 0.064 0.004 0.006 0.015 
284      576    (0)    2 :  0.003 0.003 0.003 0.003 0.003 0.001 0.003 0.957 0.005 0.003 0.003 0.003 0.003 0.002 0.003 0.003 
285      577    (0)    2 :  0.008 0.007 0.005 0.009 0.008 0.002 0.008 0.879 0.016 0.005 0.015 0.007 0.006 0.008 0.011 0.007 
286      578    (0)    2 :  0.004 0.005 0.004 0.004 0.007 0.002 0.048 0.893 0.004 0.003 0.007 0.004 0.004 0.003 0.004 0.003 
287      579    (0)    2 :  0.004 0.011 0.007 0.004 0.004 0.002 0.008 0.926 0.003 0.003 0.010 0.004 0.004 0.005 0.002 0.004 
288      580    (0)    2 :  0.003 0.003 0.003 0.003 0.002 0.002 0.002 0.956 0.004 0.003 0.003 0.003 0.003 0.004 0.003 0.003 
289      581    (0)    2 :  0.003 0.005 0.004 0.003 0.002 0.003 0.017 0.931 0.007 0.002 0.005 0.003 0.003 0.006 0.002 0.003 
290      582    (4)    2 :  0.019 0.008 0.009 0.015 0.017 0.045 0.003 0.710 0.012 0.011 0.103 0.016 0.006 0.005 0.002 0.018 
291      583    (0)    2 :  0.083 0.014 0.008 0.065 0.015 0.009 0.004 0.459 0.009 0.024 0.050 0.093 0.032 0.026 0.015 0.095 
292      584    (0)    2 :  0.009 0.007 0.028 0.008 0.006 0.003 0.015 0.817 0.006 0.007 0.017 0.008 0.007 0.051 0.005 0.007 
293      585    (0)    2 :  0.004 0.007 0.005 0.005 0.002 0.002 0.002 0.917 0.011 0.004 0.009 0.004 0.007 0.009 0.009 0.004 
294      586    (2)    2 :  0.004 0.005 0.006 0.004 0.010 0.003 0.004 0.919 0.007 0.003 0.011 0.004 0.007 0.004 0.004 0.004 
295      587    (0)    2 :  0.003 0.004 0.002 0.003 0.002 0.002 0.009 0.951 0.003 0.003 0.004 0.003 0.003 0.003 0.002 0.003 
296      588    (0)    2 :  0.025 0.007 0.011 0.026 0.012 0.011 0.005 0.795 0.008 0.011 0.008 0.024 0.012 0.004 0.022 0.019 
297      589    (0)    2 :  0.033 0.007 0.037 0.028 0.019 0.005 0.020 0.668 0.012 0.011 0.028 0.032 0.053 0.014 0.005 0.029 
298      590    (0)    2 :  0.008 0.013 0.006 0.006 0.012 0.010 0.038 0.776 0.038 0.005 0.007 0.007 0.003 0.003 0.060 0.007 
299      527    (2)    3 :  0.009 0.010 0.006 0.009 0.011 0.006 0.002 0.860 0.027 0.005 0.007 0.008 0.006 0.015 0.012 0.008 
300      528    (4)    3 :  0.026 0.016 0.004 0.023 0.009 0.003 0.018 0.388 0.090 0.019 0.005 0.027 0.337 0.006 0.004 0.026 
301      529    (4)    3 :  0.017 0.020 0.013 0.015 0.004 0.009 0.016 0.702 0.014 0.010 0.016 0.019 0.105 0.016 0.006 0.019 
302      530    (0)    3 :  0.008 0.003 0.003 0.008 0.005 0.004 0.004 0.892 0.008 0.012 0.002 0.008 0.011 0.017 0.006 0.007 
303      531    (2)    3 :  0.007 0.005 0.006 0.007 0.004 0.006 0.011 0.880 0.011 0.010 0.003 0.008 0.025 0.004 0.003 0.008 
304      532    (4)    3 :  0.014 0.005 0.003 0.013 0.003 0.002 0.003 0.744 0.020 0.020 0.003 0.015 0.093 0.016 0.032 0.015 
305      533    (0)    3 :  0.069 0.031 0.007 0.068 0.003 0.003 0.027 0.536 0.049 0.035 0.012 0.052 0.014 0.045 0.002 0.047 
306      534    (2)    3 :  0.008 0.005 0.005 0.008 0.006 0.002 0.013 0.821 0.090 0.006 0.006 0.009 0.007 0.002 0.003 0.009 
307      535    (2)    3 :  0.012 0.010 0.007 0.011 0.002 0.005 0.004 0.857 0.010 0.010 0.009 0.012 0.026 0.002 0.011 0.012 
308      536    (2)    3 :  0.006 0.003 0.005 0.006 0.002 0.014 0.030 0.886 0.010 0.008 0.005 0.006 0.003 0.005 0.004 0.006 
309      537    (2)    3 :  0.007 0.007 0.009 0.007 0.014 0.002 0.008 0.893 0.007 0.005 0.005 0.007 0.007 0.012 0.002 0.007 
310      538    (2)    3 :  0.044 0.026 0.009 0.043 0.004 0.002 0.003 0.647 0.056 0.044 0.021 0.038 0.005 0.019 0.004 0.036 
311      539    (2)    3 :  0.005 0.007 0.003 0.005 0.002 0.002 0.004 0.770 0.173 0.004 0.003 0.005 0.006 0.002 0.003 0.006 
312      540    (2)    3 :  0.013 0.011 0.015 0.015 0.002 0.001 0.012 0.841 0.013 0.018 0.016 0.014 0.006 0.004 0.005 0.014 
313      541    (2)    3 :  0.009 0.010 0.032 0.009 0.003 0.002 0.008 0.731 0.065 0.017 0.037 0.010 0.047 0.005 0.005 0.010 
314      542    (2)    3 :  0.021 0.072 0.021 0.018 0.009 0.004 0.011 0.655 0.083 0.017 0.021 0.021 0.015 0.006 0.004 0.021 
315      543    (0)    3 :  0.060 0.017 0.034 0.050 0.014 0.002 0.021 0.560 0.037 0.017 0.015 0.073 0.009 0.006 0.004 0.080 
316      544    (2)    3 :  0.004 0.003 0.003 0.004 0.002 0.002 0.005 0.927 0.024 0.007 0.004 0.004 0.003 0.002 0.002 0.004 
317      545    (2)    3 :  0.010 0.014 0.004 0.019 0.002 0.002 0.005 0.035 0.846 0.009 0.007 0.012 0.005 0.011 0.010 0.009 
318      546    (4)    3 :  0.026 0.020 0.003 0.038 0.002 0.002 0.005 0.018 0.794 0.013 0.009 0.025 0.005 0.006 0.015 0.020 
319      547    (6)    3 :  0.040 0.008 0.011 0.035 0.032 0.017 0.010 0.646 0.011 0.025 0.017 0.045 0.009 0.012 0.035 0.046 
320      019    (0)    4 :  0.008 0.004 0.033 0.007 0.004 0.004 0.008 0.071 0.778 0.007 0.033 0.008 0.016 0.009 0.003 0.007 
321      064    (0)    4 :  0.002 0.002 0.003 0.002 0.002 0.001 0.002 0.029 0.938 0.002 0.002 0.002 0.002 0.003 0.004 0.002 
322      065    (0)    4 :  0.003 0.002 0.003 0.003 0.002 0.001 0.006 0.932 0.030 0.003 0.003 0.003 0.003 0.003 0.002 0.003 
323      066    (0)    4 :  0.011 0.009 0.014 0.010 0.003 0.002 0.007 0.269 0.598 0.009 0.012 0.011 0.004 0.020 0.011 0.011 
324      067    (0)    4 :  0.008 0.005 0.011 0.007 0.010 0.006 0.009 0.010 0.858 0.005 0.019 0.008 0.014 0.016 0.004 0.009 
325      068    (0)    4 :  0.009 0.011 0.008 0.009 0.029 0.002 0.008 0.796 0.032 0.007 0.005 0.009 0.017 0.027 0.020 0.009 
326      069    (0)    4 :  0.006 0.008 0.005 0.007 0.004 0.001 0.012 0.120 0.786 0.007 0.005 0.006 0.008 0.002 0.019 0.005 
327      107    (0)    4 :  0.005 0.004 0.008 0.004 0.003 0.002 0.003 0.419 0.522 0.003 0.007 0.004 0.004 0.003 0.006 0.005 
328      110    (0)    4 :  0.002 0.002 0.002 0.003 0.002 0.003 0.002 0.003 0.958 0.003 0.003 0.002 0.008 0.002 0.003 0.002 
329      121    (0)    4 :  0.005 0.005 0.004 0.005 0.003 0.001 0.002 0.901 0.026 0.003 0.005 0.005 0.012 0.016 0.003 0.004 
330      137    (0)    4 :  0.008 0.005 0.007 0.007 0.002 0.010 0.005 0.008 0.887 0.005 0.025 0.008 0.004 0.006 0.004 0.008 
331      146    (0)    4 :  0.011 0.004 0.005 0.014 0.004 0.003 0.020 0.267 0.574 0.053 0.010 0.011 0.006 0.006 0.002 0.011 
332      149    (0)    4 :  0.004 0.004 0.004 0.004 0.002 0.004 0.002 0.005 0.935 0.004 0.012 0.005 0.005 0.004 0.002 0.004 
333      154    (0)    4 :  0.007 0.005 0.006 0.006 0.016 0.002 0.160 0.052 0.704 0.004 0.006 0.006 0.005 0.012 0.003 0.006 
334      179    (0)    4 :  0.004 0.005 0.006 0.004 0.004 0.002 0.005 0.354 0.584 0.004 0.005 0.004 0.004 0.003 0.007 0.005 
335      181    (0)    4 :  0.004 0.003 0.003 0.004 0.002 0.002 0.004 0.183 0.772 0.003 0.005 0.004 0.003 0.002 0.002 0.005 
336      182    (0)    4 :  0.011 0.005 0.004 0.010 0.011 0.002 0.007 0.686 0.109 0.009 0.003 0.012 0.021 0.085 0.014 0.012 
337      186    (0)    4 :  0.017 0.015 0.007 0.020 0.004 0.006 0.005 0.122 0.632 0.023 0.009 0.019 0.085 0.010 0.008 0.018 
338      193    (0)    4 :  0.009 0.004 0.012 0.008 0.004 0.002 0.008 0.467 0.438 0.008 0.008 0.008 0.007 0.003 0.005 0.008 
339      320    (0)    4 :  0.006 0.005 0.004 0.006 0.010 0.003 0.009 0.029 0.877 0.010 0.006 0.006 0.007 0.015 0.003 0.006 
340      341    (0)    4 :  0.006 0.009 0.009 0.006 0.003 0.002 0.003 0.875 0.041 0.007 0.009 0.006 0.004 0.010 0.006 0.006 
341      376    (0)    4 :  0.011 0.008 0.005 0.014 0.003 0.003 0.010 0.589 0.249 0.018 0.005 0.013 0.029 0.004 0.022 0.015 
342      395    (0)    4 :  0.007 0.025 0.021 0.006 0.004 0.006 0.057 0.160 0.670 0.006 0.006 0.007 0.012 0.003 0.004 0.007 
343      396    (0)    4 :  0.003 0.004 0.003 0.003 0.002 0.003 0.003 0.912 0.044 0.004 0.003 0.003 0.002 0.002 0.005 0.003 
344      397    (0)    4 :  0.005 0.004 0.004 0.005 0.007 0.010 0.011 0.835 0.087 0.004 0.006 0.006 0.005 0.004 0.002 0.005 
345      398    (0)    4 :  0.005 0.002 0.006 0.006 0.004 0.004 0.058 0.418 0.452 0.009 0.005 0.006 0.011 0.002 0.006 0.006 
346      399    (0)    4 :  0.005 0.004 0.003 0.005 0.004 0.002 0.002 0.912 0.007 0.007 0.004 0.005 0.013 0.016 0.006 0.005 
347      400    (0)    4 :  0.007 0.003 0.003 0.007 0.002 0.002 0.006 0.022 0.893 0.012 0.004 0.007 0.011 0.003 0.010 0.007 
348      401    (0)    4 :  0.011 0.006 0.004 0.010 0.002 0.003 0.006 0.080 0.817 0.009 0.010 0.012 0.004 0.004 0.008 0.013 
349      402    (0)    4 :  0.003 0.003 0.002 0.003 0.003 0.002 0.002 0.003 0.955 0.003 0.003 0.003 0.007 0.002 0.004 0.003 
350      403    (0)    4 :  0.010 0.011 0.010 0.010 0.004 0.012 0.004 0.386 0.442 0.026 0.013 0.010 0.021 0.020 0.009 0.010 
351      073    (0)    5 :  0.004 0.005 0.007 0.004 0.002 0.002 0.002 0.936 0.006 0.004 0.003 0.004 0.006 0.007 0.003 0.004 
352      074    (0)    5 :  0.008 0.004 0.006 0.008 0.005 0.002 0.039 0.893 0.004 0.004 0.003 0.008 0.003 0.004 0.002 0.008 
353      075    (0)    5 :  0.006 0.008 0.005 0.007 0.004 0.003 0.006 0.910 0.010 0.009 0.007 0.006 0.006 0.006 0.002 0.005 
354      076    (0)    5 :  0.006 0.010 0.004 0.007 0.007 0.005 0.005 0.887 0.010 0.006 0.006 0.007 0.013 0.018 0.003 0.007 
355      077    (0)    5 :  0.009 0.008 0.013 0.008 0.008 0.003 0.004 0.882 0.013 0.006 0.007 0.008 0.006 0.012 0.006 0.008 
356      078    (0)    5 :  0.037 0.009 0.007 0.042 0.005 0.005 0.005 0.779 0.010 0.027 0.007 0.027 0.005 0.009 0.004 0.020 
357      079    (0)    5 :  0.013 0.007 0.005 0.011 0.002 0.001 0.003 0.883 0.012 0.006 0.007 0.014 0.007 0.007 0.008 0.014 
358      080    (0)    5 :  0.006 0.003 0.003 0.006 0.019 0.002 0.003 0.898 0.006 0.004 0.005 0.006 0.014 0.015 0.004 0.006 
359      081    (0)    5 :  0.011 0.010 0.057 0.010 0.004 0.016 0.013 0.782 0.043 0.006 0.008 0.011 0.008 0.006 0.004 0.011 
360      082    (0)    5 :  0.003 0.002 0.004 0.003 0.003 0.002 0.003 0.931 0.023 0.004 0.003 0.003 0.006 0.002 0.005 0.003 
361      083    (0)    5 :  0.007 0.005 0.004 0.007 0.002 0.003 0.011 0.893 0.022 0.005 0.011 0.008 0.006 0.002 0.008 0.008 
362      084    (0)    5 :  0.006 0.006 0.009 0.005 0.002 0.006 0.106 0.805 0.014 0.004 0.013 0.006 0.003 0.007 0.002 0.005 
363      085    (0)    5 :  0.017 0.256 0.038 0.015 0.003 0.016 0.009 0.499 0.061 0.011 0.010 0.017 0.007 0.007 0.019 0.015 
364      404    (0)    5 :  0.005 0.004 0.006 0.005 0.003 0.003 0.020 0.912 0.010 0.005 0.006 0.004 0.005 0.006 0.003 0.004 
365      405    (0)    5 :  0.006 0.005 0.013 0.006 0.002 0.010 0.005 0.913 0.006 0.005 0.004 0.006 0.004 0.008 0.002 0.006 
366      406    (0)    5 :  0.013 0.005 0.004 0.013 0.004 0.008 0.008 0.897 0.004 0.007 0.004 0.010 0.007 0.002 0.007 0.008 
367      407    (0)    5 :  0.006 0.010 0.007 0.005 0.003 0.003 0.005 0.841 0.090 0.004 0.007 0.006 0.003 0.004 0.002 0.006 
368      408    (0)    5 :  0.005 0.005 0.006 0.005 0.005 0.002 0.006 0.938 0.004 0.004 0.003 0.005 0.004 0.003 0.003 0.005 
369      411    (2)    5 :  0.003 0.003 0.005 0.003 0.003 0.002 0.005 0.949 0.006 0.003 0.003 0.003 0.002 0.004 0.003 0.003 
370      412    (0)    5 :  0.010 0.019 0.015 0.010 0.007 0.005 0.004 0.861 0.009 0.007 0.006 0.010 0.013 0.005 0.007 0.011 
371      413    (0)    5 :  0.009 0.004 0.005 0.015 0.002 0.002 0.004 0.916 0.013 0.007 0.006 0.006 0.002 0.003 0.002 0.004 
372      591    (0)    6 :  0.006 0.006 0.009 0.006 0.004 0.007 0.009 0.004 0.003 0.008 0.005 0.007 0.904 0.012 0.005 0.007 
373      592    (0)    6 :  0.008 0.010 0.142 0.008 0.005 0.003 0.005 0.010 0.004 0.013 0.015 0.007 0.755 0.003 0.005 0.007 
374      593    (0)    6 :  0.008 0.005 0.007 0.008 0.002 0.006 0.004 0.010 0.006 0.007 0.008 0.007 0.905 0.005 0.006 0.007 
375      594    (0)    6 :  0.025 0.007 0.062 0.022 0.010 0.005 0.007 0.037 0.009 0.029 0.007 0.025 0.702 0.020 0.004 0.027 
376      595    (0)    6 :  0.020 0.008 0.005 0.019 0.011 0.005 0.003 0.011 0.015 0.007 0.008 0.023 0.832 0.009 0.005 0.021 
377      596    (0)    6 :  0.006 0.005 0.005 0.006 0.018 0.006 0.002 0.006 0.005 0.007 0.003 0.006 0.905 0.005 0.007 0.007 
378      597    (0)    6 :  0.014 0.039 0.006 0.012 0.006 0.002 0.003 0.030 0.028 0.008 0.006 0.016 0.796 0.012 0.003 0.018 
379      598    (0)    6 :  0.046 0.084 0.009 0.044 0.029 0.002 0.003 0.006 0.035 0.071 0.019 0.052 0.531 0.003 0.011 0.056 
380      599    (0)    6 :  0.008 0.020 0.050 0.008 0.003 0.007 0.003 0.005 0.003 0.004 0.026 0.009 0.748 0.093 0.005 0.009 
381      600    (0)    6 :  0.006 0.005 0.003 0.006 0.012 0.004 0.001 0.004 0.008 0.006 0.005 0.006 0.919 0.005 0.003 0.006 
382      601    (0)    6 :  0.016 0.031 0.019 0.015 0.002 0.002 0.002 0.020 0.028 0.009 0.024 0.017 0.784 0.008 0.005 0.017 
383      602    (0)    6 :  0.013 0.015 0.009 0.012 0.006 0.004 0.004 0.006 0.016 0.006 0.015 0.015 0.856 0.004 0.005 0.015 
384      603    (0)    6 :  0.039 0.497 0.131 0.030 0.008 0.007 0.008 0.007 0.005 0.008 0.023 0.041 0.125 0.019 0.007 0.046 
385      604    (0)    6 :  0.013 0.005 0.004 0.014 0.008 0.003 0.003 0.010 0.007 0.013 0.003 0.016 0.872 0.007 0.011 0.013 
386      605    (0)    6 :  0.027 0.008 0.009 0.035 0.027 0.005 0.002 0.008 0.007 0.082 0.016 0.029 0.705 0.006 0.004 0.030 
387      606    (0)    6 :  0.011 0.007 0.007 0.011 0.007 0.023 0.004 0.004 0.004 0.014 0.007 0.011 0.842 0.034 0.003 0.011 
388      607    (0)    6 :  0.005 0.007 0.002 0.005 0.008 0.003 0.002 0.009 0.016 0.008 0.003 0.005 0.815 0.004 0.102 0.005 
389      608    (0)    6 :  0.006 0.008 0.005 0.006 0.003 0.003 0.006 0.006 0.004 0.007 0.017 0.005 0.896 0.006 0.017 0.006 
390      609    (0)    6 :  0.008 0.006 0.004 0.008 0.003 0.004 0.003 0.004 0.004 0.008 0.005 0.008 0.912 0.007 0.008 0.008 
391      610    (0)    6 :  0.088 0.064 0.008 0.087 0.009 0.003 0.009 0.018 0.007 0.022 0.025 0.111 0.401 0.006 0.018 0.123 
392      611    (2)    6 :  0.010 0.006 0.003 0.009 0.007 0.003 0.012 0.011 0.009 0.007 0.003 0.010 0.875 0.003 0.024 0.008 
393      612    (0)    6 :  0.022 0.015 0.006 0.022 0.043 0.002 0.003 0.008 0.067 0.010 0.009 0.024 0.700 0.009 0.041 0.019 
394      755    (0)    6 :  0.037 0.021 0.014 0.034 0.043 0.002 0.026 0.015 0.008 0.019 0.007 0.035 0.438 0.003 0.259 0.038 
395      756    (0)    6 :  0.006 0.011 0.009 0.006 0.003 0.004 0.008 0.012 0.003 0.007 0.005 0.006 0.893 0.006 0.013 0.006 
396      757    (0)    6 :  0.012 0.006 0.012 0.012 0.005 0.003 0.004 0.009 0.006 0.020 0.007 0.012 0.867 0.004 0.009 0.012 
397      002    (0)    7 :  0.008 0.016 0.005 0.007 0.002 0.003 0.022 0.478 0.416 0.009 0.005 0.008 0.006 0.002 0.005 0.009 
398      099    (2)    7 :  0.139 0.011 0.005 0.204 0.094 0.012 0.003 0.002 0.004 0.072 0.022 0.171 0.005 0.020 0.004 0.232 
399      641    (2)    7 :  0.139 0.014 0.009 0.125 0.004 0.014 0.012 0.156 0.228 0.057 0.014 0.088 0.052 0.005 0.025 0.058 
400      642    (0)    7 :  0.009 0.012 0.013 0.010 0.003 0.003 0.009 0.854 0.005 0.018 0.014 0.009 0.019 0.010 0.004 0.009 
401      643    (2)    7 :  0.017 0.028 0.018 0.019 0.003 0.003 0.017 0.737 0.009 0.068 0.013 0.016 0.025 0.009 0.004 0.015 
402      644    (0)    7 :  0.010 0.014 0.014 0.010 0.008 0.004 0.007 0.829 0.023 0.015 0.027 0.009 0.006 0.006 0.008 0.009 
403      645    (0)    7 :  0.035 0.029 0.029 0.047 0.003 0.039 0.017 0.406 0.015 0.136 0.013 0.036 0.034 0.004 0.118 0.040 
404      646    (0)    7 :  0.068 0.080 0.005 0.065 0.009 0.010 0.012 0.049 0.382 0.042 0.016 0.053 0.013 0.004 0.143 0.049 
405      006    (0)    8 :  0.021 0.014 0.007 0.021 0.003 0.003 0.630 0.213 0.008 0.009 0.005 0.023 0.006 0.005 0.005 0.025 
406      011    (0)    8 :  0.003 0.003 0.004 0.003 0.003 0.002 0.009 0.951 0.004 0.003 0.003 0.003 0.003 0.002 0.002 0.003 
407      033    (2)    8 :  0.006 0.028 0.006 0.006 0.002 0.003 0.641 0.239 0.018 0.004 0.003 0.007 0.022 0.004 0.004 0.007 
408      048    (0)    8 :  0.015 0.014 0.189 0.015 0.005 0.008 0.047 0.476 0.012 0.007 0.150 0.017 0.014 0.007 0.006 0.017 
409      061    (0)    8 :  0.002 0.002 0.002 0.002 0.001 0.004 0.971 0.002 0.002 0.002 0.002 0.002 0.002 0.001 0.003 0.002 
410      088    (0)    8 :  0.014 0.011 0.019 0.015 0.008 0.005 0.027 0.793 0.020 0.015 0.018 0.016 0.013 0.006 0.003 0.015 
411      091    (0)    8 :  0.004 0.003 0.003 0.004 0.005 0.002 0.937 0.010 0.003 0.003 0.003 0.004 0.005 0.005 0.007 0.004 
412      098    (0)    8 :  0.006 0.007 0.028 0.006 0.003 0.013 0.009 0.842 0.019 0.004 0.017 0.006 0.020 0.004 0.006 0.007 
413      104    (0)    8 :  0.003 0.003 0.006 0.003 0.002 0.003 0.004 0.908 0.049 0.003 0.004 0.003 0.002 0.002 0.002 0.003 
414      196    (0)    8 :  0.006 0.007 0.011 0.006 0.006 0.005 0.588 0.303 0.021 0.006 0.010 0.006 0.010 0.004 0.002 0.007 
415      197    (0)    8 :  0.019 0.030 0.007 0.019 0.015 0.008 0.269 0.529 0.016 0.008 0.010 0.024 0.011 0.008 0.003 0.024 
416      201    (0)    8 :  0.006 0.005 0.006 0.007 0.001 0.001 0.605 0.314 0.015 0.012 0.004 0.006 0.006 0.003 0.002 0.006 
417      202    (0)    8 :  0.017 0.013 0.026 0.016 0.013 0.021 0.034 0.759 0.022 0.010 0.017 0.017 0.005 0.012 0.002 0.016 
418      204    (0)    8 :  0.004 0.013 0.009 0.004 0.002 0.002 0.395 0.504 0.036 0.005 0.003 0.004 0.003 0.004 0.010 0.004 
419      231    (0)    8 :  0.005 0.019 0.014 0.005 0.005 0.001 0.009 0.812 0.078 0.005 0.005 0.005 0.011 0.012 0.009 0.005 
420      328    (0)    8 :  0.004 0.007 0.005 0.004 0.002 0.005 0.258 0.682 0.003 0.005 0.005 0.004 0.006 0.003 0.002 0.005 
421      346    (0)    8 :  0.005 0.003 0.005 0.004 0.008 0.003 0.312 0.619 0.009 0.004 0.005 0.005 0.008 0.003 0.003 0.005 
422      212    (0)    9 :  0.003 0.004 0.004 0.003 0.958 0.001 0.002 0.002 0.004 0.003 0.004 0.003 0.002 0.003 0.003 0.002 
423      213    (0)    9 :  0.004 0.007 0.008 0.004 0.933 0.003 0.008 0.004 0.002 0.005 0.004 0.004 0.003 0.002 0.003 0.004 
424      214    (0)    9 :  0.005 0.004 0.003 0.005 0.928 0.001 0.002 0.004 0.006 0.006 0.006 0.006 0.005 0.011 0.002 0.005 
425      215    (0)    9 :  0.004 0.005 0.009 0.004 0.936 0.004 0.003 0.005 0.005 0.004 0.004 0.004 0.004 0.003 0.003 0.004 
426      216    (0)    9 :  0.003 0.004 0.005 0.003 0.949 0.002 0.004 0.005 0.002 0.003 0.004 0.003 0.003 0.002 0.004 0.003 
427      217    (0)    9 :  0.006 0.005 0.004 0.006 0.926 0.002 0.004 0.005 0.004 0.009 0.004 0.005 0.004 0.006 0.006 0.006 
428      218    (0)    9 :  0.003 0.003 0.003 0.003 0.958 0.002 0.002 0.003 0.002 0.003 0.004 0.003 0.003 0.002 0.004 0.003 
429      332    (0)    9 :  0.007 0.009 0.008 0.007 0.852 0.005 0.003 0.009 0.007 0.010 0.008 0.007 0.015 0.011 0.033 0.007 
430      333    (0)    9 :  0.011 0.005 0.007 0.011 0.839 0.011 0.004 0.011 0.013 0.011 0.009 0.013 0.029 0.007 0.006 0.013 
431      334    (0)    9 :  0.005 0.006 0.004 0.005 0.926 0.003 0.003 0.008 0.003 0.005 0.004 0.005 0.007 0.006 0.007 0.005 
432      335    (0)    9 :  0.003 0.002 0.005 0.003 0.958 0.002 0.002 0.002 0.002 0.003 0.005 0.003 0.003 0.004 0.002 0.003 
433      336    (0)    9 :  0.003 0.003 0.002 0.003 0.942 0.014 0.004 0.003 0.005 0.002 0.002 0.003 0.005 0.003 0.003 0.003 
434      337    (0)    9 :  0.005 0.003 0.003 0.005 0.926 0.002 0.002 0.009 0.009 0.006 0.003 0.005 0.011 0.003 0.002 0.005 
435      673    (0)    9 :  0.001 0.002 0.002 0.001 0.977 0.001 0.001 0.002 0.001 0.002 0.002 0.001 0.002 0.002 0.001 0.001 
436      674    (0)    9 :  0.005 0.004 0.003 0.005 0.929 0.002 0.002 0.004 0.005 0.003 0.004 0.006 0.005 0.010 0.008 0.005 
437      675    (0)    9 :  0.004 0.006 0.006 0.004 0.940 0.004 0.004 0.003 0.002 0.003 0.003 0.004 0.005 0.003 0.003 0.004 
438      676    (0)    9 :  0.004 0.006 0.008 0.004 0.905 0.001 0.001 0.003 0.002 0.007 0.004 0.004 0.005 0.035 0.005 0.004 
439      677    (0)    9 :  0.004 0.004 0.004 0.004 0.944 0.003 0.002 0.006 0.003 0.004 0.004 0.004 0.004 0.006 0.003 0.004 
440      678    (0)    9 :  0.011 0.006 0.009 0.010 0.892 0.004 0.004 0.007 0.012 0.007 0.009 0.010 0.004 0.003 0.003 0.009 
441      679    (0)    9 :  0.008 0.006 0.002 0.008 0.908 0.002 0.001 0.005 0.002 0.006 0.003 0.008 0.007 0.006 0.019 0.007 
442      680    (0)    9 :  0.005 0.007 0.006 0.005 0.905 0.005 0.003 0.004 0.003 0.004 0.006 0.005 0.013 0.016 0.007 0.005 
443      681    (0)    9 :  0.006 0.005 0.005 0.006 0.927 0.002 0.002 0.007 0.003 0.008 0.003 0.006 0.007 0.004 0.005 0.006 
444      682    (0)    9 :  0.002 0.002 0.002 0.002 0.965 0.004 0.003 0.002 0.002 0.002 0.002 0.002 0.002 0.002 0.002 0.002 
445      683    (0)    9 :  0.005 0.004 0.004 0.005 0.928 0.002 0.004 0.005 0.003 0.004 0.008 0.005 0.008 0.002 0.006 0.006 
446      684    (0)    9 :  0.005 0.005 0.005 0.005 0.933 0.003 0.002 0.002 0.003 0.004 0.006 0.006 0.006 0.006 0.003 0.005 
447      685    (0)    9 :  0.006 0.003 0.003 0.006 0.931 0.003 0.003 0.003 0.006 0.005 0.003 0.006 0.009 0.003 0.003 0.006 
448      686    (0)    9 :  0.002 0.002 0.002 0.002 0.966 0.003 0.002 0.002 0.002 0.002 0.002 0.002 0.003 0.002 0.002 0.002 
449      687    (0)    9 :  0.002 0.002 0.004 0.002 0.964 0.002 0.002 0.002 0.002 0.002 0.003 0.002 0.004 0.002 0.002 0.002 
450      688    (0)    9 :  0.003 0.005 0.004 0.003 0.923 0.002 0.003 0.007 0.004 0.004 0.017 0.003 0.006 0.007 0.005 0.003 


Estimated Allele Frequencies in each cluster
First column gives estimated ancestral frequencies


Locus 1 : 1 
4 alleles
0.0% missing data
  89   (0.544) 0.560 0.492 0.584 0.555 0.642 0.067 0.695 0.624 0.296 0.506 0.462 0.556 0.547 0.729 0.820 0.551 
  91   (0.376) 0.372 0.482 0.374 0.377 0.312 0.704 0.296 0.314 0.591 0.439 0.384 0.374 0.436 0.249 0.162 0.372 
  99   (0.016) 0.014 0.009 0.026 0.014 0.001 0.130 0.002 0.000 0.001 0.006 0.012 0.014 0.003 0.002 0.004 0.016 
  93   (0.063) 0.053 0.017 0.016 0.054 0.046 0.099 0.007 0.062 0.112 0.049 0.142 0.056 0.014 0.020 0.015 0.061 

Locus 2 : 2 
6 alleles
1.1% missing data
 136   (0.353) 0.367 0.199 0.067 0.383 0.461 0.190 0.116 0.559 0.730 0.514 0.114 0.373 0.416 0.095 0.146 0.368 
 134   (0.236) 0.207 0.220 0.288 0.199 0.380 0.027 0.202 0.140 0.163 0.213 0.194 0.215 0.409 0.345 0.680 0.224 
 138   (0.299) 0.312 0.447 0.457 0.312 0.152 0.770 0.248 0.250 0.095 0.200 0.578 0.300 0.145 0.523 0.124 0.297 
 140   (0.063) 0.065 0.063 0.033 0.061 0.004 0.007 0.429 0.050 0.008 0.044 0.052 0.065 0.015 0.020 0.017 0.063 
 132   (0.023) 0.031 0.009 0.003 0.027 0.001 0.002 0.002 0.001 0.002 0.008 0.015 0.027 0.004 0.003 0.005 0.025 
 142   (0.026) 0.020 0.061 0.151 0.018 0.002 0.003 0.003 0.001 0.002 0.020 0.047 0.021 0.011 0.014 0.028 0.022 

Locus 3 : 3 
6 alleles
0.0% missing data
 181   (0.252) 0.237 0.109 0.445 0.223 0.065 0.180 0.072 0.231 0.093 0.191 0.450 0.244 0.406 0.120 0.336 0.255 
 187   (0.345) 0.372 0.356 0.150 0.392 0.258 0.774 0.683 0.520 0.545 0.352 0.150 0.362 0.166 0.363 0.131 0.346 
 179   (0.253) 0.252 0.320 0.183 0.246 0.016 0.030 0.229 0.224 0.347 0.281 0.178 0.250 0.397 0.454 0.351 0.251 
 191   (0.030) 0.029 0.008 0.008 0.026 0.196 0.003 0.004 0.022 0.003 0.013 0.009 0.028 0.006 0.009 0.008 0.030 
 175   (0.045) 0.038 0.133 0.192 0.039 0.003 0.005 0.004 0.001 0.004 0.088 0.018 0.041 0.008 0.013 0.038 0.043 
 185   (0.074) 0.073 0.073 0.022 0.074 0.463 0.008 0.008 0.002 0.007 0.075 0.195 0.075 0.018 0.042 0.137 0.076 

Locus 4 : 4 
12 alleles
0.2% missing data
 253   (0.501) 0.526 0.518 0.712 0.506 0.465 0.598 0.628 0.760 0.464 0.515 0.319 0.520 0.620 0.247 0.609 0.515 
 249   (0.025) 0.024 0.005 0.004 0.020 0.001 0.003 0.313 0.059 0.020 0.009 0.006 0.024 0.004 0.004 0.005 0.022 
 271   (0.040) 0.037 0.039 0.006 0.036 0.002 0.005 0.005 0.028 0.055 0.030 0.014 0.039 0.009 0.011 0.010 0.039 
 241   (0.150) 0.133 0.163 0.092 0.137 0.151 0.184 0.022 0.020 0.362 0.179 0.284 0.140 0.143 0.049 0.104 0.147 
 257   (0.006) 0.004 0.002 0.001 0.004 0.000 0.001 0.000 0.000 0.003 0.004 0.002 0.004 0.001 0.001 0.001 0.005 
 269   (0.175) 0.176 0.205 0.129 0.193 0.095 0.198 0.021 0.129 0.075 0.160 0.343 0.169 0.181 0.660 0.247 0.164 
 245   (0.006) 0.005 0.001 0.001 0.004 0.000 0.001 0.000 0.000 0.001 0.002 0.002 0.005 0.001 0.001 0.001 0.006 
 247   (0.067) 0.075 0.052 0.050 0.078 0.282 0.007 0.008 0.002 0.007 0.058 0.025 0.077 0.032 0.022 0.016 0.077 
 239   (0.011) 0.008 0.002 0.001 0.009 0.001 0.001 0.001 0.000 0.001 0.019 0.002 0.009 0.003 0.002 0.002 0.010 
 273   (0.007) 0.005 0.002 0.001 0.006 0.000 0.001 0.001 0.000 0.001 0.019 0.001 0.006 0.001 0.001 0.001 0.006 
 267   (0.006) 0.004 0.002 0.001 0.005 0.000 0.001 0.001 0.000 0.012 0.002 0.001 0.004 0.001 0.001 0.002 0.005 
 255   (0.006) 0.004 0.009 0.002 0.003 0.000 0.001 0.001 0.000 0.001 0.002 0.002 0.004 0.003 0.001 0.001 0.005 

Locus 5 : 5 
6 alleles
0.7% missing data
 103   (0.860) 0.810 0.916 0.965 0.788 0.980 0.984 0.985 0.993 0.968 0.829 0.944 0.833 0.929 0.962 0.951 0.852 
 104   (0.059) 0.101 0.041 0.018 0.125 0.004 0.007 0.007 0.005 0.025 0.079 0.035 0.076 0.026 0.023 0.029 0.061 
 105   (0.044) 0.054 0.029 0.012 0.056 0.003 0.005 0.005 0.001 0.004 0.072 0.012 0.055 0.035 0.007 0.010 0.052 
 102   (0.016) 0.019 0.009 0.002 0.016 0.001 0.003 0.001 0.000 0.001 0.008 0.004 0.018 0.005 0.004 0.003 0.016 
 107   (0.012) 0.011 0.003 0.002 0.009 0.001 0.001 0.001 0.000 0.001 0.008 0.002 0.011 0.003 0.002 0.002 0.012 
 101   (0.009) 0.006 0.003 0.001 0.006 0.012 0.001 0.001 0.000 0.001 0.003 0.002 0.007 0.002 0.002 0.005 0.008 

Locus 6 : 6 
5 alleles
0.2% missing data
 141   (0.264) 0.256 0.357 0.274 0.250 0.130 0.029 0.833 0.593 0.326 0.206 0.093 0.255 0.309 0.094 0.771 0.262 
 145   (0.419) 0.444 0.416 0.624 0.453 0.258 0.413 0.076 0.175 0.118 0.508 0.543 0.433 0.443 0.804 0.139 0.423 
 135   (0.229) 0.221 0.192 0.089 0.220 0.290 0.547 0.076 0.192 0.358 0.215 0.327 0.228 0.137 0.081 0.068 0.230 
 147   (0.077) 0.070 0.033 0.012 0.067 0.321 0.009 0.014 0.040 0.197 0.059 0.034 0.074 0.109 0.019 0.020 0.075 
 137   (0.011) 0.009 0.002 0.001 0.011 0.001 0.001 0.001 0.000 0.001 0.013 0.004 0.010 0.002 0.002 0.002 0.011 

Locus 7 : 7 
10 alleles
1.3% missing data
  93   (0.222) 0.194 0.339 0.349 0.192 0.064 0.793 0.614 0.334 0.406 0.247 0.179 0.199 0.215 0.094 0.298 0.205 
 103   (0.316) 0.338 0.344 0.375 0.341 0.515 0.044 0.087 0.405 0.273 0.310 0.500 0.326 0.535 0.102 0.135 0.310 
  91   (0.065) 0.065 0.020 0.057 0.063 0.155 0.010 0.007 0.033 0.007 0.061 0.019 0.070 0.038 0.019 0.049 0.070 
  97   (0.193) 0.196 0.059 0.090 0.189 0.253 0.127 0.028 0.161 0.168 0.128 0.214 0.196 0.156 0.463 0.252 0.203 
  85   (0.045) 0.043 0.014 0.009 0.042 0.003 0.006 0.005 0.045 0.007 0.043 0.016 0.046 0.014 0.280 0.010 0.048 
  89   (0.082) 0.070 0.183 0.077 0.072 0.005 0.011 0.252 0.019 0.132 0.081 0.046 0.076 0.029 0.019 0.241 0.079 
  83   (0.054) 0.069 0.036 0.038 0.075 0.003 0.006 0.006 0.001 0.005 0.119 0.019 0.063 0.010 0.020 0.011 0.062 
 105   (0.010) 0.010 0.003 0.003 0.012 0.001 0.001 0.001 0.000 0.001 0.005 0.003 0.011 0.002 0.001 0.002 0.012 
 101   (0.006) 0.009 0.001 0.001 0.010 0.000 0.001 0.000 0.000 0.001 0.004 0.001 0.007 0.001 0.001 0.001 0.005 
  99   (0.006) 0.005 0.001 0.001 0.005 0.000 0.001 0.001 0.000 0.001 0.002 0.002 0.005 0.001 0.001 0.001 0.006 

Locus 8 : 8 
8 alleles
0.0% missing data
 129   (0.559) 0.593 0.711 0.691 0.597 0.636 0.197 0.670 0.703 0.481 0.624 0.643 0.573 0.399 0.857 0.469 0.554 
 141   (0.055) 0.046 0.029 0.011 0.043 0.218 0.006 0.009 0.099 0.149 0.024 0.023 0.050 0.092 0.013 0.011 0.052 
 149   (0.077) 0.071 0.083 0.071 0.073 0.014 0.008 0.012 0.145 0.036 0.070 0.040 0.075 0.017 0.027 0.282 0.080 
 143   (0.260) 0.247 0.160 0.211 0.245 0.129 0.698 0.305 0.052 0.330 0.249 0.273 0.256 0.482 0.094 0.199 0.266 
 127   (0.015) 0.015 0.004 0.002 0.014 0.001 0.051 0.001 0.000 0.001 0.005 0.003 0.017 0.002 0.002 0.003 0.016 
 131   (0.012) 0.009 0.003 0.010 0.008 0.002 0.037 0.001 0.000 0.001 0.004 0.006 0.009 0.002 0.003 0.003 0.010 
 133   (0.017) 0.015 0.009 0.003 0.015 0.001 0.002 0.002 0.000 0.002 0.020 0.013 0.016 0.003 0.002 0.032 0.017 
 145   (0.006) 0.004 0.001 0.001 0.004 0.000 0.001 0.000 0.000 0.001 0.004 0.001 0.005 0.001 0.001 0.001 0.005 

Locus 9 : 9 
5 alleles
0.0% missing data
 191   (0.390) 0.400 0.188 0.326 0.395 0.543 0.338 0.841 0.568 0.597 0.359 0.333 0.390 0.484 0.381 0.581 0.389 
 195   (0.150) 0.130 0.098 0.344 0.129 0.049 0.354 0.033 0.186 0.036 0.133 0.213 0.135 0.243 0.489 0.036 0.140 
 189   (0.448) 0.462 0.711 0.328 0.469 0.407 0.307 0.124 0.244 0.365 0.496 0.451 0.467 0.270 0.128 0.381 0.462 
 197   (0.006) 0.004 0.001 0.001 0.004 0.000 0.001 0.001 0.000 0.001 0.009 0.001 0.004 0.001 0.001 0.001 0.005 
 193   (0.006) 0.004 0.002 0.001 0.004 0.000 0.001 0.001 0.002 0.001 0.002 0.002 0.004 0.001 0.001 0.002 0.005 

Locus 10 : 10 
7 alleles
0.2% missing data
 232   (0.255) 0.283 0.092 0.217 0.287 0.278 0.219 0.574 0.286 0.379 0.283 0.152 0.274 0.153 0.248 0.066 0.262 
 238   (0.557) 0.553 0.832 0.716 0.550 0.341 0.369 0.132 0.593 0.441 0.509 0.733 0.555 0.674 0.642 0.838 0.557 
 252   (0.110) 0.095 0.058 0.057 0.097 0.032 0.014 0.278 0.106 0.172 0.156 0.094 0.097 0.119 0.098 0.081 0.103 
 254   (0.043) 0.036 0.011 0.006 0.035 0.264 0.393 0.013 0.014 0.004 0.035 0.012 0.039 0.047 0.006 0.008 0.042 
 250   (0.010) 0.012 0.003 0.001 0.012 0.001 0.002 0.001 0.000 0.001 0.005 0.003 0.012 0.002 0.002 0.002 0.011 
 236   (0.006) 0.004 0.001 0.001 0.004 0.001 0.001 0.001 0.000 0.001 0.003 0.001 0.005 0.002 0.001 0.001 0.005 
 248   (0.018) 0.016 0.004 0.002 0.015 0.084 0.002 0.002 0.000 0.002 0.009 0.004 0.018 0.003 0.003 0.003 0.019 

Locus 11 : 11 
4 alleles
0.0% missing data
  87   (0.696) 0.697 0.790 0.859 0.705 0.531 0.964 0.351 0.640 0.560 0.691 0.787 0.699 0.641 0.912 0.865 0.699 
  89   (0.240) 0.249 0.186 0.116 0.237 0.386 0.029 0.624 0.305 0.360 0.212 0.180 0.245 0.346 0.064 0.081 0.241 
  91   (0.051) 0.043 0.021 0.023 0.047 0.082 0.006 0.023 0.054 0.080 0.078 0.029 0.045 0.010 0.022 0.013 0.048 
  85   (0.013) 0.011 0.003 0.002 0.011 0.001 0.001 0.002 0.000 0.001 0.019 0.003 0.011 0.002 0.002 0.041 0.012 

Locus 12 : 12 
13 alleles
0.2% missing data
 160   (0.205) 0.226 0.238 0.338 0.219 0.720 0.590 0.036 0.107 0.186 0.207 0.245 0.209 0.058 0.144 0.201 0.197 
 162   (0.261) 0.248 0.348 0.299 0.241 0.229 0.067 0.749 0.209 0.096 0.245 0.191 0.253 0.489 0.127 0.385 0.256 
 147   (0.051) 0.041 0.063 0.015 0.038 0.003 0.005 0.106 0.115 0.364 0.020 0.051 0.044 0.088 0.019 0.013 0.047 
 158   (0.230) 0.250 0.109 0.209 0.259 0.022 0.028 0.079 0.540 0.317 0.281 0.279 0.246 0.190 0.099 0.086 0.239 
 161   (0.108) 0.097 0.135 0.042 0.101 0.018 0.121 0.015 0.020 0.023 0.120 0.120 0.103 0.146 0.376 0.032 0.107 
 170   (0.049) 0.048 0.051 0.021 0.054 0.003 0.006 0.006 0.007 0.005 0.059 0.061 0.052 0.009 0.015 0.012 0.056 
 143   (0.027) 0.030 0.008 0.008 0.032 0.002 0.176 0.003 0.001 0.002 0.036 0.008 0.029 0.005 0.005 0.009 0.030 
 154   (0.016) 0.020 0.004 0.002 0.020 0.001 0.002 0.002 0.000 0.001 0.007 0.004 0.022 0.004 0.002 0.005 0.021 
 149   (0.022) 0.016 0.007 0.058 0.015 0.001 0.002 0.002 0.001 0.002 0.007 0.005 0.017 0.005 0.204 0.251 0.020 
 153   (0.011) 0.011 0.002 0.001 0.010 0.001 0.001 0.001 0.000 0.001 0.009 0.003 0.010 0.003 0.002 0.002 0.011 
 150   (0.006) 0.004 0.001 0.004 0.003 0.000 0.001 0.001 0.000 0.001 0.002 0.014 0.004 0.001 0.003 0.001 0.005 
 159   (0.008) 0.005 0.031 0.001 0.004 0.000 0.001 0.001 0.000 0.001 0.004 0.018 0.006 0.001 0.004 0.002 0.006 
 164   (0.006) 0.005 0.001 0.001 0.004 0.000 0.001 0.000 0.000 0.001 0.002 0.001 0.005 0.001 0.001 0.001 0.006 

Locus 13 : 13 
5 alleles
0.0% missing data
 108   (0.193) 0.194 0.105 0.068 0.204 0.199 0.341 0.412 0.164 0.150 0.275 0.283 0.196 0.146 0.049 0.049 0.193 
 115   (0.457) 0.442 0.524 0.576 0.434 0.283 0.092 0.523 0.581 0.319 0.450 0.371 0.449 0.499 0.614 0.704 0.458 
 113   (0.338) 0.353 0.368 0.354 0.353 0.517 0.566 0.065 0.255 0.530 0.270 0.343 0.344 0.354 0.335 0.245 0.339 
 109   (0.006) 0.006 0.001 0.001 0.005 0.000 0.001 0.001 0.000 0.001 0.002 0.001 0.005 0.001 0.001 0.001 0.005 
 110   (0.006) 0.005 0.001 0.001 0.004 0.000 0.001 0.000 0.000 0.001 0.003 0.002 0.005 0.001 0.001 0.001 0.005 

Locus 14 : 14 
5 alleles
0.9% missing data
 227   (0.138) 0.132 0.276 0.330 0.117 0.016 0.259 0.065 0.259 0.321 0.078 0.415 0.129 0.037 0.073 0.055 0.128 
 231   (0.154) 0.156 0.049 0.029 0.153 0.355 0.269 0.027 0.094 0.111 0.144 0.047 0.162 0.465 0.041 0.039 0.161 
 229   (0.510) 0.524 0.458 0.528 0.556 0.412 0.093 0.857 0.460 0.441 0.671 0.369 0.521 0.284 0.807 0.856 0.517 
 225   (0.136) 0.133 0.192 0.050 0.120 0.212 0.226 0.019 0.088 0.024 0.077 0.144 0.132 0.140 0.062 0.036 0.133 
 233   (0.063) 0.055 0.026 0.064 0.054 0.005 0.154 0.031 0.098 0.103 0.029 0.024 0.056 0.074 0.017 0.015 0.061 

Locus 15 : 15 
5 alleles
0.2% missing data
 143   (0.844) 0.841 0.939 0.908 0.844 0.814 0.719 0.983 0.969 0.979 0.875 0.800 0.835 0.874 0.749 0.937 0.837 
 157   (0.007) 0.004 0.001 0.001 0.004 0.000 0.001 0.001 0.018 0.001 0.002 0.001 0.005 0.002 0.001 0.001 0.005 
 145   (0.085) 0.092 0.040 0.075 0.088 0.006 0.272 0.010 0.011 0.015 0.057 0.083 0.091 0.113 0.027 0.049 0.089 
 147   (0.049) 0.051 0.017 0.014 0.052 0.148 0.006 0.005 0.001 0.005 0.030 0.113 0.057 0.009 0.218 0.011 0.057 
 133   (0.015) 0.011 0.003 0.002 0.012 0.032 0.001 0.002 0.000 0.001 0.035 0.003 0.012 0.003 0.005 0.003 0.013 

Locus 16 : 16 
5 alleles
0.2% missing data
 156   (0.228) 0.205 0.187 0.231 0.216 0.503 0.515 0.203 0.306 0.083 0.373 0.232 0.213 0.327 0.184 0.054 0.220 
 158   (0.545) 0.567 0.591 0.685 0.557 0.194 0.253 0.319 0.495 0.730 0.467 0.543 0.557 0.465 0.749 0.598 0.555 
 160   (0.133) 0.130 0.169 0.048 0.120 0.111 0.015 0.465 0.153 0.177 0.097 0.174 0.131 0.147 0.036 0.322 0.128 
 154   (0.086) 0.093 0.034 0.021 0.103 0.192 0.217 0.012 0.046 0.010 0.060 0.049 0.093 0.060 0.030 0.024 0.091 
 152   (0.009) 0.005 0.018 0.014 0.005 0.001 0.001 0.001 0.000 0.001 0.003 0.002 0.006 0.001 0.001 0.002 0.006 

Locus 17 : 17 
5 alleles
0.0% missing data
 102   (0.204) 0.194 0.426 0.075 0.184 0.197 0.025 0.096 0.249 0.166 0.116 0.244 0.196 0.184 0.073 0.329 0.202 
  90   (0.681) 0.664 0.525 0.901 0.673 0.795 0.570 0.598 0.720 0.805 0.781 0.695 0.667 0.793 0.897 0.371 0.671 
  88   (0.071) 0.074 0.031 0.012 0.073 0.005 0.008 0.301 0.030 0.025 0.051 0.034 0.075 0.014 0.022 0.292 0.077 
 100   (0.038) 0.064 0.015 0.010 0.067 0.002 0.398 0.004 0.001 0.003 0.050 0.009 0.057 0.008 0.005 0.007 0.046 
 104   (0.006) 0.004 0.002 0.001 0.003 0.000 0.001 0.001 0.000 0.001 0.002 0.018 0.004 0.001 0.002 0.001 0.005 

Locus 18 : 18 
7 alleles
0.0% missing data
 142   (0.128) 0.121 0.075 0.051 0.122 0.008 0.014 0.793 0.427 0.376 0.167 0.162 0.123 0.025 0.043 0.074 0.128 
 146   (0.079) 0.069 0.253 0.026 0.067 0.227 0.008 0.038 0.194 0.026 0.070 0.034 0.070 0.085 0.014 0.109 0.073 
 140   (0.284) 0.313 0.208 0.192 0.299 0.175 0.275 0.044 0.080 0.420 0.236 0.172 0.308 0.502 0.787 0.509 0.290 
 127   (0.307) 0.328 0.269 0.439 0.344 0.060 0.550 0.076 0.226 0.105 0.389 0.285 0.316 0.230 0.102 0.187 0.310 
 148   (0.097) 0.081 0.145 0.066 0.080 0.216 0.010 0.033 0.055 0.049 0.042 0.066 0.091 0.114 0.022 0.036 0.098 
 138   (0.052) 0.043 0.017 0.014 0.041 0.003 0.138 0.011 0.017 0.020 0.038 0.135 0.047 0.031 0.015 0.016 0.050 
 150   (0.053) 0.045 0.033 0.213 0.046 0.311 0.005 0.006 0.001 0.005 0.057 0.145 0.046 0.013 0.016 0.070 0.050 

Locus 19 : 19 
7 alleles
0.0% missing data
 188   (0.193) 0.193 0.106 0.107 0.190 0.167 0.021 0.570 0.091 0.166 0.178 0.241 0.199 0.068 0.465 0.047 0.201 
 190   (0.122) 0.096 0.068 0.241 0.096 0.198 0.013 0.014 0.422 0.331 0.100 0.109 0.101 0.244 0.307 0.390 0.106 
 194   (0.577) 0.597 0.565 0.576 0.608 0.482 0.956 0.407 0.484 0.493 0.635 0.589 0.592 0.598 0.211 0.184 0.587 
 200   (0.083) 0.093 0.254 0.073 0.086 0.005 0.008 0.007 0.002 0.008 0.071 0.054 0.087 0.083 0.013 0.375 0.084 
 192   (0.006) 0.005 0.001 0.001 0.004 0.000 0.001 0.000 0.000 0.001 0.003 0.002 0.006 0.003 0.001 0.001 0.006 
 202   (0.013) 0.010 0.003 0.002 0.011 0.148 0.001 0.001 0.000 0.001 0.006 0.004 0.011 0.003 0.002 0.002 0.012 
 196   (0.006) 0.004 0.001 0.001 0.005 0.000 0.001 0.000 0.000 0.001 0.007 0.001 0.005 0.001 0.001 0.001 0.005 

Locus 20 : 20 
6 alleles
0.9% missing data
 252   (0.719) 0.716 0.819 0.729 0.719 0.722 0.381 0.815 0.847 0.712 0.817 0.779 0.720 0.746 0.892 0.549 0.728 
 250   (0.078) 0.077 0.029 0.025 0.070 0.147 0.348 0.010 0.101 0.048 0.034 0.168 0.076 0.069 0.034 0.145 0.074 
 244   (0.020) 0.017 0.007 0.011 0.015 0.001 0.004 0.153 0.007 0.002 0.013 0.006 0.016 0.007 0.005 0.007 0.017 
 254   (0.075) 0.064 0.109 0.143 0.066 0.083 0.106 0.010 0.032 0.009 0.062 0.020 0.069 0.055 0.037 0.017 0.073 
 246   (0.086) 0.081 0.026 0.089 0.077 0.046 0.158 0.010 0.004 0.226 0.056 0.020 0.086 0.119 0.028 0.279 0.087 
 248   (0.022) 0.046 0.010 0.003 0.052 0.001 0.002 0.003 0.009 0.003 0.019 0.006 0.032 0.004 0.004 0.004 0.022 

Locus 21 : 21 
7 alleles
0.2% missing data
 173   (0.295) 0.257 0.488 0.567 0.261 0.211 0.119 0.158 0.372 0.146 0.327 0.440 0.269 0.310 0.497 0.073 0.284 
 177   (0.274) 0.303 0.234 0.220 0.314 0.164 0.273 0.177 0.273 0.637 0.226 0.299 0.293 0.081 0.341 0.504 0.281 
 175   (0.137) 0.130 0.096 0.082 0.128 0.258 0.487 0.017 0.025 0.025 0.130 0.051 0.134 0.322 0.088 0.038 0.139 
 167   (0.193) 0.192 0.150 0.114 0.184 0.122 0.110 0.637 0.323 0.179 0.258 0.161 0.186 0.142 0.056 0.090 0.183 
 163   (0.034) 0.035 0.012 0.008 0.033 0.230 0.004 0.004 0.002 0.004 0.026 0.014 0.036 0.015 0.006 0.007 0.036 
 159   (0.022) 0.027 0.005 0.003 0.028 0.001 0.002 0.002 0.001 0.002 0.009 0.021 0.030 0.004 0.003 0.005 0.030 
 165   (0.044) 0.056 0.015 0.007 0.053 0.013 0.005 0.005 0.003 0.008 0.024 0.013 0.052 0.126 0.009 0.283 0.046 

Locus 22 : 22 
11 alleles
0.7% missing data
 146   (0.244) 0.225 0.345 0.330 0.222 0.137 0.074 0.832 0.230 0.213 0.210 0.264 0.233 0.169 0.070 0.298 0.245 
 154   (0.007) 0.004 0.001 0.001 0.003 0.000 0.001 0.001 0.071 0.002 0.002 0.001 0.005 0.001 0.001 0.001 0.005 
 166   (0.094) 0.117 0.053 0.024 0.106 0.006 0.113 0.010 0.028 0.269 0.052 0.030 0.111 0.076 0.027 0.023 0.103 
 152   (0.430) 0.429 0.515 0.569 0.447 0.362 0.500 0.130 0.636 0.449 0.542 0.523 0.422 0.507 0.850 0.592 0.414 
 150   (0.026) 0.031 0.020 0.005 0.028 0.002 0.116 0.004 0.006 0.008 0.011 0.016 0.028 0.005 0.011 0.007 0.026 
 164   (0.031) 0.025 0.011 0.006 0.024 0.002 0.005 0.005 0.011 0.043 0.029 0.010 0.027 0.058 0.008 0.006 0.028 
 148   (0.009) 0.006 0.002 0.001 0.005 0.000 0.172 0.001 0.000 0.001 0.003 0.002 0.006 0.001 0.001 0.001 0.007 
 158   (0.085) 0.094 0.027 0.019 0.097 0.111 0.010 0.011 0.016 0.009 0.100 0.051 0.097 0.135 0.017 0.048 0.095 
 162   (0.048) 0.045 0.018 0.010 0.047 0.073 0.006 0.005 0.001 0.005 0.041 0.085 0.050 0.041 0.009 0.019 0.054 
 156   (0.014) 0.010 0.003 0.007 0.009 0.306 0.002 0.001 0.000 0.001 0.005 0.015 0.011 0.004 0.004 0.003 0.012 
 142   (0.011) 0.013 0.004 0.028 0.012 0.001 0.001 0.001 0.000 0.001 0.005 0.004 0.011 0.002 0.002 0.002 0.011 

Locus 23 : 23 
7 alleles
0.9% missing data
 152   (0.013) 0.009 0.004 0.002 0.007 0.001 0.001 0.001 0.063 0.091 0.004 0.003 0.009 0.002 0.002 0.002 0.010 
 156   (0.116) 0.131 0.057 0.025 0.149 0.029 0.014 0.012 0.032 0.088 0.244 0.030 0.124 0.124 0.312 0.028 0.116 
 144   (0.176) 0.166 0.177 0.328 0.156 0.644 0.602 0.025 0.183 0.154 0.116 0.157 0.165 0.193 0.379 0.049 0.168 
 160   (0.106) 0.106 0.132 0.062 0.110 0.105 0.013 0.013 0.183 0.297 0.060 0.159 0.101 0.136 0.065 0.327 0.097 
 154   (0.556) 0.554 0.613 0.578 0.544 0.220 0.365 0.923 0.536 0.367 0.561 0.641 0.561 0.535 0.235 0.587 0.571 
 158   (0.025) 0.028 0.015 0.004 0.028 0.002 0.003 0.025 0.003 0.003 0.011 0.007 0.032 0.009 0.006 0.006 0.031 
 146   (0.008) 0.006 0.002 0.001 0.006 0.000 0.001 0.001 0.000 0.001 0.004 0.002 0.008 0.001 0.001 0.001 0.008 

Locus 24 : 24 
4 alleles
0.4% missing data
  77   (0.086) 0.071 0.149 0.045 0.069 0.049 0.010 0.036 0.331 0.027 0.100 0.083 0.073 0.088 0.025 0.039 0.078 
  83   (0.453) 0.455 0.339 0.420 0.440 0.920 0.687 0.225 0.484 0.576 0.400 0.496 0.444 0.602 0.807 0.755 0.440 
  81   (0.374) 0.393 0.448 0.434 0.407 0.025 0.293 0.727 0.165 0.361 0.359 0.304 0.396 0.272 0.133 0.183 0.392 
  85   (0.087) 0.080 0.064 0.102 0.084 0.006 0.010 0.012 0.020 0.036 0.141 0.116 0.087 0.038 0.035 0.023 0.090 

Locus 25 : 25 
6 alleles
0.4% missing data
 132   (0.329) 0.329 0.239 0.412 0.314 0.458 0.184 0.911 0.533 0.129 0.244 0.409 0.333 0.458 0.102 0.200 0.331 
 124   (0.528) 0.527 0.587 0.458 0.550 0.533 0.408 0.067 0.394 0.832 0.681 0.539 0.524 0.416 0.552 0.762 0.526 
 126   (0.021) 0.017 0.005 0.003 0.015 0.001 0.002 0.003 0.059 0.025 0.008 0.005 0.019 0.004 0.005 0.004 0.020 
 122   (0.092) 0.104 0.161 0.123 0.099 0.006 0.116 0.017 0.013 0.010 0.054 0.033 0.098 0.103 0.337 0.028 0.095 
 120   (0.015) 0.012 0.004 0.002 0.011 0.001 0.289 0.001 0.000 0.001 0.007 0.003 0.014 0.003 0.002 0.002 0.015 
 136   (0.014) 0.012 0.005 0.002 0.011 0.001 0.002 0.001 0.000 0.002 0.005 0.011 0.013 0.015 0.002 0.003 0.014 

Locus 26 : 26 
7 alleles
0.2% missing data
 165   (0.247) 0.249 0.225 0.381 0.250 0.053 0.323 0.673 0.117 0.155 0.236 0.161 0.243 0.339 0.070 0.200 0.243 
 183   (0.344) 0.356 0.228 0.333 0.352 0.422 0.289 0.206 0.587 0.459 0.333 0.397 0.350 0.461 0.403 0.627 0.338 
 179   (0.082) 0.073 0.164 0.035 0.072 0.005 0.346 0.016 0.057 0.105 0.068 0.048 0.078 0.018 0.014 0.042 0.083 
 175   (0.264) 0.253 0.357 0.242 0.255 0.454 0.034 0.099 0.238 0.275 0.216 0.379 0.260 0.153 0.502 0.119 0.270 
 181   (0.048) 0.057 0.023 0.007 0.060 0.065 0.006 0.005 0.001 0.005 0.140 0.012 0.056 0.026 0.008 0.009 0.052 
 185   (0.008) 0.007 0.002 0.001 0.008 0.001 0.001 0.001 0.000 0.001 0.005 0.002 0.008 0.001 0.002 0.001 0.009 
 157   (0.006) 0.005 0.001 0.001 0.004 0.000 0.001 0.001 0.000 0.001 0.002 0.001 0.005 0.001 0.001 0.001 0.005 

Locus 27 : 27 
4 alleles
0.2% missing data
 142   (0.649) 0.659 0.627 0.846 0.658 0.743 0.311 0.340 0.705 0.602 0.610 0.843 0.651 0.683 0.521 0.727 0.648 
 148   (0.198) 0.197 0.133 0.063 0.199 0.063 0.671 0.378 0.074 0.181 0.216 0.073 0.204 0.246 0.408 0.049 0.203 
 138   (0.047) 0.042 0.016 0.029 0.042 0.003 0.006 0.271 0.210 0.205 0.026 0.012 0.042 0.017 0.041 0.022 0.044 
 150   (0.105) 0.102 0.224 0.062 0.101 0.191 0.012 0.011 0.010 0.012 0.149 0.072 0.103 0.054 0.030 0.202 0.104 

Locus 28 : 28 
6 alleles
0.9% missing data
 260   (0.381) 0.416 0.511 0.548 0.397 0.375 0.137 0.283 0.342 0.499 0.245 0.545 0.397 0.301 0.177 0.498 0.386 
 262   (0.512) 0.484 0.417 0.387 0.506 0.550 0.850 0.704 0.652 0.491 0.665 0.299 0.497 0.658 0.779 0.471 0.504 
 256   (0.075) 0.075 0.064 0.045 0.073 0.073 0.011 0.010 0.005 0.008 0.066 0.088 0.079 0.036 0.035 0.025 0.080 
 258   (0.011) 0.010 0.002 0.001 0.011 0.001 0.001 0.001 0.000 0.001 0.004 0.002 0.012 0.002 0.001 0.002 0.012 
 266   (0.006) 0.004 0.002 0.014 0.003 0.000 0.001 0.001 0.000 0.001 0.002 0.001 0.004 0.001 0.001 0.001 0.005 
 264   (0.014) 0.011 0.004 0.004 0.010 0.001 0.001 0.001 0.000 0.001 0.019 0.065 0.012 0.002 0.007 0.002 0.013 

Locus 29 : 29 
7 alleles
0.2% missing data
 146   (0.275) 0.310 0.167 0.145 0.320 0.334 0.035 0.081 0.167 0.292 0.271 0.455 0.291 0.347 0.453 0.477 0.273 
 150   (0.449) 0.437 0.582 0.602 0.437 0.287 0.140 0.169 0.710 0.434 0.558 0.361 0.443 0.408 0.474 0.180 0.450 
 140   (0.172) 0.167 0.220 0.144 0.159 0.058 0.814 0.689 0.079 0.033 0.126 0.144 0.172 0.172 0.049 0.120 0.176 
 148   (0.058) 0.047 0.019 0.046 0.045 0.319 0.006 0.056 0.037 0.225 0.023 0.014 0.052 0.047 0.016 0.141 0.055 
 152   (0.030) 0.028 0.008 0.060 0.029 0.002 0.003 0.003 0.001 0.003 0.015 0.022 0.030 0.005 0.005 0.062 0.032 
 151   (0.009) 0.006 0.003 0.001 0.005 0.001 0.001 0.002 0.005 0.012 0.003 0.002 0.007 0.002 0.001 0.006 0.007 
 142   (0.008) 0.005 0.002 0.001 0.004 0.000 0.001 0.001 0.001 0.001 0.003 0.002 0.005 0.019 0.002 0.013 0.006 

Locus 30 : 30 
6 alleles
0.2% missing data
 125   (0.289) 0.337 0.126 0.068 0.352 0.029 0.138 0.628 0.480 0.305 0.343 0.112 0.326 0.310 0.071 0.092 0.310 
 129   (0.438) 0.399 0.542 0.595 0.382 0.786 0.210 0.309 0.471 0.638 0.392 0.563 0.412 0.416 0.804 0.465 0.422 
 123   (0.145) 0.143 0.182 0.282 0.148 0.100 0.017 0.049 0.046 0.045 0.179 0.286 0.134 0.107 0.102 0.089 0.136 
 121   (0.012) 0.009 0.003 0.002 0.008 0.001 0.040 0.001 0.000 0.001 0.006 0.004 0.010 0.003 0.002 0.002 0.010 
 127   (0.080) 0.075 0.069 0.040 0.070 0.081 0.591 0.010 0.002 0.007 0.051 0.021 0.080 0.158 0.013 0.344 0.082 
 131   (0.035) 0.038 0.078 0.014 0.040 0.002 0.004 0.003 0.001 0.003 0.030 0.015 0.039 0.007 0.008 0.008 0.040 

Locus 31 : 31 
6 alleles
0.2% missing data
 159   (0.171) 0.153 0.294 0.175 0.158 0.011 0.020 0.063 0.139 0.114 0.256 0.397 0.160 0.302 0.091 0.054 0.167 
 155   (0.552) 0.597 0.327 0.622 0.602 0.711 0.526 0.600 0.691 0.847 0.492 0.379 0.582 0.422 0.195 0.488 0.569 
 157   (0.186) 0.167 0.303 0.177 0.164 0.020 0.114 0.295 0.090 0.030 0.202 0.193 0.173 0.253 0.051 0.438 0.178 
 153   (0.054) 0.054 0.067 0.020 0.049 0.003 0.100 0.037 0.077 0.005 0.024 0.022 0.054 0.011 0.657 0.013 0.053 
 151   (0.030) 0.024 0.007 0.004 0.023 0.253 0.240 0.004 0.002 0.003 0.023 0.007 0.026 0.011 0.005 0.006 0.028 
 163   (0.006) 0.005 0.002 0.002 0.004 0.000 0.001 0.001 0.001 0.001 0.002 0.002 0.005 0.001 0.001 0.001 0.005 

Locus 32 : 32 
5 alleles
0.0% missing data
 146   (0.319) 0.359 0.279 0.342 0.358 0.315 0.583 0.065 0.064 0.052 0.379 0.318 0.344 0.263 0.460 0.216 0.329 
 150   (0.577) 0.553 0.670 0.621 0.557 0.637 0.406 0.924 0.859 0.872 0.575 0.574 0.562 0.510 0.506 0.412 0.571 
 148   (0.056) 0.044 0.017 0.011 0.043 0.045 0.006 0.006 0.076 0.070 0.020 0.058 0.047 0.119 0.011 0.357 0.051 
 154   (0.034) 0.032 0.017 0.006 0.032 0.002 0.004 0.004 0.001 0.005 0.019 0.010 0.035 0.106 0.010 0.008 0.037 
 152   (0.015) 0.012 0.018 0.020 0.011 0.001 0.002 0.002 0.000 0.001 0.006 0.041 0.012 0.003 0.013 0.007 0.013 

Locus 33 : 33 
7 alleles
0.0% missing data
 180   (0.465) 0.474 0.414 0.430 0.468 0.670 0.696 0.426 0.610 0.370 0.422 0.327 0.469 0.525 0.202 0.513 0.469 
 196   (0.115) 0.112 0.109 0.108 0.104 0.007 0.013 0.126 0.185 0.203 0.099 0.149 0.109 0.048 0.428 0.025 0.110 
 184   (0.196) 0.191 0.082 0.334 0.185 0.070 0.268 0.421 0.147 0.122 0.201 0.392 0.198 0.283 0.103 0.083 0.195 
 194   (0.010) 0.006 0.002 0.001 0.005 0.001 0.001 0.001 0.040 0.032 0.003 0.002 0.007 0.002 0.002 0.003 0.007 
 192   (0.135) 0.126 0.268 0.110 0.132 0.181 0.015 0.015 0.005 0.013 0.189 0.096 0.133 0.100 0.243 0.359 0.140 
 190   (0.016) 0.012 0.094 0.005 0.010 0.001 0.001 0.002 0.000 0.002 0.016 0.012 0.012 0.022 0.003 0.003 0.013 
 198   (0.064) 0.079 0.032 0.011 0.096 0.070 0.007 0.009 0.012 0.258 0.069 0.022 0.072 0.020 0.019 0.015 0.065 

Locus 34 : 34 
6 alleles
0.0% missing data
 110   (0.184) 0.190 0.192 0.081 0.200 0.071 0.213 0.272 0.374 0.164 0.130 0.105 0.189 0.227 0.052 0.164 0.185 
 112   (0.358) 0.356 0.296 0.379 0.348 0.056 0.040 0.071 0.514 0.737 0.345 0.529 0.361 0.285 0.292 0.431 0.365 
 106   (0.279) 0.259 0.384 0.434 0.274 0.712 0.222 0.577 0.087 0.079 0.372 0.238 0.258 0.414 0.608 0.142 0.265 
  90   (0.038) 0.032 0.032 0.007 0.030 0.002 0.406 0.064 0.018 0.006 0.034 0.010 0.033 0.008 0.007 0.230 0.033 
 108   (0.132) 0.156 0.095 0.098 0.142 0.113 0.118 0.016 0.007 0.014 0.115 0.116 0.151 0.065 0.040 0.029 0.143 
  96   (0.010) 0.007 0.002 0.002 0.006 0.046 0.001 0.001 0.000 0.001 0.004 0.002 0.007 0.002 0.002 0.003 0.008 

Locus 35 : 35 
9 alleles
0.0% missing data
 166   (0.060) 0.050 0.042 0.164 0.044 0.004 0.008 0.011 0.290 0.190 0.024 0.031 0.050 0.055 0.043 0.119 0.053 
 176   (0.097) 0.096 0.030 0.015 0.093 0.015 0.011 0.023 0.130 0.377 0.122 0.033 0.094 0.223 0.023 0.034 0.095 
 172   (0.327) 0.358 0.419 0.423 0.369 0.586 0.041 0.449 0.453 0.215 0.236 0.398 0.343 0.132 0.424 0.263 0.325 
 170   (0.273) 0.251 0.204 0.206 0.243 0.327 0.613 0.482 0.120 0.154 0.250 0.229 0.264 0.518 0.425 0.194 0.272 
 174   (0.134) 0.132 0.253 0.158 0.142 0.061 0.015 0.013 0.005 0.015 0.280 0.042 0.133 0.048 0.051 0.363 0.141 
 178   (0.041) 0.037 0.017 0.010 0.038 0.003 0.005 0.016 0.002 0.042 0.026 0.094 0.040 0.008 0.010 0.011 0.042 
 168   (0.050) 0.057 0.028 0.022 0.056 0.003 0.305 0.005 0.001 0.005 0.055 0.024 0.058 0.012 0.012 0.012 0.055 
 186   (0.013) 0.013 0.005 0.002 0.011 0.001 0.001 0.001 0.000 0.001 0.005 0.147 0.012 0.002 0.011 0.002 0.012 
 158   (0.006) 0.005 0.001 0.001 0.004 0.000 0.001 0.000 0.000 0.001 0.002 0.001 0.005 0.001 0.001 0.001 0.006 

Locus 36 : 36 
6 alleles
0.0% missing data
  89   (0.567) 0.594 0.717 0.558 0.586 0.509 0.370 0.232 0.663 0.714 0.560 0.808 0.580 0.493 0.581 0.643 0.571 
  95   (0.059) 0.052 0.048 0.130 0.047 0.004 0.006 0.040 0.082 0.022 0.025 0.026 0.056 0.083 0.014 0.015 0.059 
  85   (0.167) 0.146 0.076 0.165 0.147 0.232 0.497 0.268 0.224 0.221 0.197 0.083 0.151 0.146 0.358 0.285 0.158 
  81   (0.067) 0.061 0.044 0.030 0.065 0.004 0.008 0.010 0.006 0.007 0.123 0.017 0.067 0.182 0.019 0.017 0.069 
  83   (0.125) 0.135 0.111 0.109 0.143 0.250 0.014 0.449 0.026 0.034 0.090 0.063 0.133 0.093 0.024 0.037 0.129 
  91   (0.015) 0.013 0.004 0.007 0.011 0.001 0.104 0.001 0.000 0.001 0.005 0.004 0.013 0.003 0.004 0.003 0.015 

Locus 37 : 37 
10 alleles
0.0% missing data
 161   (0.342) 0.341 0.338 0.272 0.362 0.378 0.428 0.090 0.580 0.538 0.504 0.165 0.342 0.397 0.112 0.434 0.339 
 165   (0.229) 0.253 0.181 0.348 0.245 0.096 0.133 0.059 0.164 0.272 0.162 0.202 0.245 0.178 0.402 0.092 0.234 
 159   (0.013) 0.011 0.005 0.005 0.010 0.001 0.001 0.001 0.036 0.009 0.004 0.004 0.011 0.002 0.002 0.003 0.012 
 173   (0.255) 0.234 0.341 0.175 0.232 0.516 0.223 0.157 0.124 0.081 0.205 0.398 0.246 0.391 0.400 0.402 0.258 
 169   (0.105) 0.108 0.105 0.120 0.102 0.007 0.208 0.687 0.086 0.094 0.099 0.202 0.102 0.021 0.076 0.057 0.099 
 167   (0.017) 0.017 0.020 0.003 0.016 0.002 0.002 0.002 0.009 0.002 0.009 0.005 0.017 0.003 0.003 0.005 0.017 
 168   (0.010) 0.010 0.002 0.001 0.010 0.001 0.001 0.001 0.000 0.001 0.003 0.003 0.011 0.002 0.001 0.002 0.012 
 155   (0.015) 0.016 0.003 0.002 0.015 0.001 0.001 0.001 0.000 0.001 0.008 0.006 0.017 0.003 0.002 0.003 0.017 
 177   (0.006) 0.005 0.002 0.001 0.004 0.000 0.001 0.000 0.000 0.001 0.003 0.001 0.005 0.001 0.001 0.002 0.005 
 175   (0.008) 0.005 0.002 0.073 0.004 0.000 0.001 0.001 0.000 0.001 0.002 0.013 0.005 0.001 0.002 0.001 0.006 

Locus 38 : 38 
6 alleles
0.4% missing data
  87   (0.090) 0.073 0.128 0.029 0.071 0.129 0.556 0.012 0.172 0.142 0.061 0.048 0.077 0.115 0.037 0.023 0.081 
  89   (0.441) 0.470 0.454 0.681 0.468 0.090 0.051 0.750 0.589 0.674 0.524 0.573 0.457 0.212 0.187 0.400 0.453 
  91   (0.161) 0.174 0.170 0.046 0.186 0.187 0.207 0.198 0.132 0.025 0.174 0.112 0.165 0.207 0.057 0.095 0.156 
  81   (0.121) 0.114 0.061 0.065 0.112 0.115 0.014 0.012 0.081 0.080 0.071 0.098 0.122 0.224 0.036 0.422 0.126 
  85   (0.181) 0.165 0.186 0.179 0.160 0.479 0.171 0.028 0.024 0.078 0.169 0.167 0.175 0.241 0.680 0.058 0.178 
  83   (0.006) 0.004 0.001 0.001 0.003 0.000 0.001 0.001 0.003 0.001 0.002 0.001 0.004 0.001 0.002 0.002 0.005 

Locus 39 : 39 
4 alleles
0.4% missing data
 167   (0.791) 0.785 0.849 0.669 0.789 0.857 0.682 0.932 0.911 0.925 0.862 0.913 0.772 0.948 0.938 0.806 0.771 
 161   (0.176) 0.184 0.115 0.232 0.181 0.141 0.315 0.061 0.088 0.072 0.121 0.077 0.195 0.045 0.055 0.181 0.196 
 165   (0.027) 0.024 0.035 0.099 0.025 0.002 0.003 0.006 0.001 0.003 0.014 0.008 0.027 0.005 0.005 0.013 0.028 
 177   (0.006) 0.006 0.002 0.001 0.005 0.001 0.001 0.001 0.000 0.001 0.002 0.001 0.006 0.001 0.002 0.001 0.005 

Locus 40 : 40 
6 alleles
0.2% missing data
 228   (0.417) 0.397 0.469 0.461 0.402 0.227 0.546 0.726 0.520 0.654 0.393 0.549 0.400 0.442 0.580 0.621 0.403 
 238   (0.345) 0.356 0.303 0.342 0.356 0.116 0.082 0.072 0.324 0.271 0.406 0.329 0.361 0.263 0.127 0.094 0.363 
 224   (0.021) 0.015 0.005 0.003 0.013 0.001 0.002 0.002 0.091 0.046 0.007 0.004 0.016 0.013 0.003 0.225 0.017 
 236   (0.102) 0.099 0.099 0.042 0.095 0.394 0.356 0.188 0.062 0.017 0.059 0.028 0.102 0.115 0.040 0.030 0.103 
 232   (0.012) 0.010 0.003 0.002 0.010 0.001 0.001 0.001 0.000 0.002 0.035 0.003 0.010 0.002 0.004 0.002 0.010 
 240   (0.103) 0.123 0.121 0.151 0.124 0.260 0.012 0.011 0.002 0.010 0.100 0.087 0.110 0.164 0.246 0.028 0.105 

Locus 41 : 41 
7 alleles
0.0% missing data
 128   (0.120) 0.116 0.159 0.298 0.122 0.032 0.013 0.241 0.137 0.068 0.132 0.064 0.112 0.071 0.047 0.234 0.112 
 130   (0.531) 0.556 0.538 0.390 0.563 0.783 0.059 0.688 0.612 0.592 0.569 0.436 0.549 0.516 0.552 0.524 0.541 
 114   (0.053) 0.045 0.017 0.007 0.043 0.003 0.505 0.031 0.111 0.042 0.032 0.013 0.049 0.077 0.013 0.010 0.051 
 132   (0.125) 0.114 0.106 0.161 0.108 0.045 0.014 0.019 0.131 0.280 0.131 0.378 0.116 0.150 0.327 0.029 0.116 
 118   (0.058) 0.053 0.095 0.093 0.051 0.130 0.202 0.008 0.002 0.006 0.056 0.046 0.052 0.011 0.037 0.029 0.054 
 134   (0.107) 0.112 0.084 0.050 0.110 0.007 0.206 0.012 0.006 0.012 0.078 0.061 0.116 0.173 0.023 0.172 0.120 
 136   (0.006) 0.005 0.001 0.001 0.004 0.000 0.001 0.001 0.000 0.001 0.002 0.001 0.005 0.001 0.001 0.001 0.005 

Locus 42 : 42 
6 alleles
1.3% missing data
 102   (0.280) 0.285 0.355 0.285 0.260 0.478 0.575 0.081 0.415 0.439 0.180 0.351 0.277 0.413 0.458 0.232 0.271 
 104   (0.405) 0.418 0.512 0.563 0.426 0.413 0.050 0.102 0.196 0.147 0.409 0.405 0.420 0.327 0.174 0.677 0.424 
  92   (0.108) 0.098 0.052 0.022 0.111 0.007 0.052 0.013 0.107 0.278 0.215 0.175 0.104 0.086 0.028 0.033 0.108 
  96   (0.070) 0.073 0.022 0.027 0.086 0.004 0.097 0.709 0.061 0.064 0.088 0.018 0.070 0.053 0.018 0.018 0.066 
  98   (0.131) 0.121 0.059 0.102 0.114 0.098 0.225 0.095 0.220 0.072 0.106 0.049 0.124 0.119 0.320 0.038 0.125 
 106   (0.006) 0.005 0.001 0.001 0.004 0.000 0.001 0.001 0.000 0.001 0.002 0.002 0.005 0.002 0.002 0.002 0.005 

Locus 43 : 43 
6 alleles
1.6% missing data
 101   (0.308) 0.291 0.305 0.215 0.292 0.179 0.037 0.091 0.470 0.222 0.393 0.295 0.299 0.467 0.694 0.213 0.304 
 103   (0.318) 0.312 0.369 0.451 0.292 0.351 0.230 0.455 0.176 0.367 0.203 0.567 0.313 0.280 0.121 0.138 0.322 
  99   (0.141) 0.151 0.060 0.098 0.164 0.009 0.421 0.072 0.030 0.214 0.211 0.046 0.153 0.065 0.032 0.582 0.147 
  95   (0.210) 0.225 0.261 0.232 0.231 0.459 0.176 0.380 0.323 0.195 0.184 0.087 0.212 0.183 0.150 0.063 0.204 
  97   (0.016) 0.015 0.004 0.002 0.015 0.001 0.136 0.001 0.000 0.001 0.007 0.004 0.017 0.003 0.002 0.003 0.018 
  91   (0.006) 0.006 0.001 0.001 0.005 0.000 0.001 0.001 0.000 0.001 0.002 0.001 0.006 0.001 0.001 0.001 0.005 

Locus 44 : 44 
7 alleles
0.2% missing data
 177   (0.079) 0.082 0.046 0.052 0.075 0.005 0.010 0.010 0.064 0.162 0.042 0.079 0.079 0.065 0.017 0.016 0.081 
 191   (0.279) 0.305 0.318 0.133 0.306 0.099 0.281 0.054 0.187 0.108 0.276 0.278 0.302 0.306 0.082 0.337 0.289 
 181   (0.581) 0.559 0.618 0.725 0.564 0.862 0.521 0.931 0.747 0.724 0.648 0.625 0.560 0.615 0.892 0.566 0.566 
 179   (0.039) 0.039 0.013 0.005 0.041 0.002 0.187 0.003 0.001 0.004 0.027 0.012 0.042 0.010 0.005 0.076 0.046 
 183   (0.009) 0.007 0.002 0.002 0.007 0.001 0.001 0.001 0.000 0.001 0.004 0.002 0.008 0.002 0.002 0.002 0.009 
 193   (0.007) 0.005 0.002 0.082 0.004 0.000 0.001 0.001 0.000 0.001 0.002 0.002 0.005 0.001 0.001 0.001 0.005 
 189   (0.006) 0.004 0.001 0.001 0.003 0.030 0.001 0.000 0.000 0.001 0.002 0.001 0.004 0.001 0.001 0.001 0.004 

Locus 45 : 45 
6 alleles
0.9% missing data
 205   (0.464) 0.486 0.403 0.546 0.490 0.405 0.248 0.867 0.505 0.544 0.391 0.616 0.482 0.537 0.250 0.526 0.480 
 211   (0.232) 0.227 0.167 0.097 0.235 0.275 0.343 0.046 0.251 0.111 0.337 0.197 0.232 0.184 0.367 0.301 0.232 
 207   (0.144) 0.135 0.188 0.240 0.124 0.201 0.017 0.065 0.125 0.190 0.092 0.108 0.139 0.090 0.344 0.049 0.143 
 201   (0.073) 0.062 0.156 0.024 0.065 0.005 0.381 0.012 0.069 0.115 0.098 0.056 0.063 0.082 0.018 0.026 0.064 
 215   (0.079) 0.077 0.084 0.092 0.071 0.114 0.010 0.009 0.050 0.039 0.077 0.021 0.075 0.105 0.020 0.096 0.074 
 202   (0.008) 0.013 0.002 0.002 0.014 0.000 0.001 0.001 0.000 0.001 0.005 0.002 0.009 0.001 0.001 0.002 0.007 

Locus 46 : 46 
10 alleles
1.1% missing data
 144   (0.065) 0.060 0.089 0.026 0.067 0.129 0.008 0.053 0.254 0.086 0.092 0.017 0.057 0.014 0.029 0.054 0.060 
 158   (0.156) 0.145 0.179 0.033 0.149 0.083 0.020 0.035 0.113 0.395 0.132 0.104 0.160 0.265 0.040 0.202 0.162 
 168   (0.138) 0.170 0.066 0.040 0.167 0.107 0.212 0.058 0.224 0.067 0.119 0.036 0.155 0.137 0.056 0.033 0.144 
 166   (0.141) 0.125 0.080 0.351 0.120 0.392 0.123 0.463 0.323 0.129 0.097 0.108 0.130 0.086 0.033 0.040 0.135 
 142   (0.373) 0.391 0.546 0.478 0.381 0.283 0.047 0.377 0.081 0.294 0.293 0.572 0.384 0.439 0.730 0.646 0.375 
 170   (0.013) 0.010 0.003 0.002 0.012 0.001 0.002 0.002 0.001 0.001 0.043 0.003 0.011 0.004 0.002 0.003 0.012 
 156   (0.024) 0.021 0.008 0.004 0.018 0.001 0.468 0.002 0.001 0.013 0.009 0.067 0.021 0.005 0.003 0.005 0.023 
 162   (0.043) 0.039 0.014 0.060 0.040 0.003 0.114 0.005 0.001 0.004 0.068 0.023 0.039 0.038 0.008 0.008 0.042 
 164   (0.040) 0.035 0.014 0.005 0.042 0.002 0.004 0.005 0.001 0.011 0.145 0.067 0.038 0.010 0.097 0.007 0.042 
 160   (0.006) 0.005 0.001 0.001 0.004 0.000 0.001 0.001 0.000 0.001 0.002 0.001 0.005 0.001 0.001 0.001 0.006 

Locus 47 : 47 
7 alleles
8.7% missing data
 149   (0.345) 0.364 0.344 0.422 0.377 0.336 0.355 0.468 0.212 0.188 0.313 0.402 0.357 0.083 0.115 0.520 0.353 
 151   (0.180) 0.160 0.178 0.109 0.157 0.012 0.084 0.121 0.206 0.571 0.162 0.263 0.169 0.372 0.048 0.336 0.176 
 153   (0.202) 0.195 0.312 0.405 0.193 0.025 0.031 0.108 0.365 0.134 0.159 0.182 0.204 0.177 0.448 0.075 0.204 
 147   (0.029) 0.024 0.009 0.004 0.026 0.002 0.005 0.003 0.034 0.031 0.058 0.007 0.025 0.005 0.006 0.008 0.026 
 145   (0.225) 0.241 0.153 0.058 0.232 0.624 0.522 0.298 0.181 0.074 0.269 0.142 0.230 0.358 0.380 0.056 0.224 
 152   (0.007) 0.004 0.002 0.001 0.004 0.000 0.001 0.001 0.002 0.001 0.003 0.001 0.005 0.001 0.001 0.003 0.005 
 143   (0.013) 0.011 0.003 0.002 0.012 0.001 0.002 0.001 0.000 0.001 0.037 0.003 0.011 0.003 0.002 0.003 0.012 

Values of parameters used in structure:
DATAFILE=temp2_no_plains.str,	OUTFILE=k16/temp2_no_plains_k16_run4,	NUMINDS=450,	NUMLOCI=47,	MISSING=-9,	LABEL=1,	POPDATA=1,	POPFLAG=0,	PHENOTYPE=0,	EXTRACOLS=0,	MAXPOPS=16,	BURNIN=500000,	NUMREPS=750000,	USEPOPINFO=0,	INFERALPHA=1,	INFERLAMBDA=0,	POPSPECIFICLAMBDA=0,	POPALPHAS=0,	COMPUTEPROB=1,	NOADMIX=0,	ADMBURNIN=500,	UPDATEFREQ=100,	PRINTLIKES=0,	INTERMEDSAVE=0,	PRINTKLD=0,	PRINTNET=1,	PRINTLAMBDA=1,	ANCESTDIST=0,	NUMBOXES=1000,	ANCESTPINT=0.90000,	GENSBACK=2,	MIGRPRIOR=0.01000,	PRINTQHAT=0,	PRINTQSUM=1,	ALPHA=1.0000,	FREQSCORR=1,	FPRIORMEAN=0.0100,	FPRIORSD=0.0500,	ONEFST=0,	LAMBDA=1.0000,	UNIFPRIORALPHA=1,	ALPHAMAX=10.0000,	ALPHAPRIORA=1.0000,	ALPHAPRIORB=2.0000,	ALPHAPROPSD=0.0250,	STARTATPOPINFO=0,	RANDOMIZE=0,	LINKAGE=0,	METROFREQ=10,	REPORTHITRATE=0,	MARKOVPHASE=0,	PHASED=1,	PLOIDY=2,	PHASEINFO=0	LOCPRIOR=0, 	LOCPRIORINIT=1.000000, 	LOCDATA=0, 	LOCISPOP=1, 	LOCPRIORSTEP=0.100000, 	MAXLOCPRIOR=20.000000, 	SEED=563397,	
[STRAT parameters]:    NUMSIMSTATS=1000,	PHENOTYPECOL=-9,	POOLFREQ=10,	LOCUSxONLY=0,	EMERROR=0.00100,	MISSINGPHENO=-9,	