

----------------------------------------------------
STRUCTURE by Pritchard, Stephens and Donnelly (2000)
     and Falush, Stephens and Pritchard (2003)
       Code by Pritchard, Falush and Hubisz
             Version 2.3.4 (Jul 2012)
----------------------------------------------------



Command line arguments:   structure -D 779974 -K 16 -m mainparams -o k16/temp2_no_plains_k16_run5 
Input File:    temp2_no_plains.str

Run parameters:
   450 individuals
   47 loci
   16 populations assumed
   500000 Burn-in period
   750000 Reps
RANDOMIZE turned off


--------------------------------------------
Proportion of membership of each pre-defined
 population in each of the 16 clusters

Given    Inferred Clusters                                                                                                  Number of
 Pop       1      2      3      4      5      6      7      8      9     10     11     12     13     14     15     16      Individuals

  1:     0.011  0.011  0.009  0.011  0.044  0.011  0.006  0.011  0.010  0.004  0.010  0.010  0.010  0.031  0.796  0.013       63
  2:     0.007  0.007  0.005  0.006  0.847  0.007  0.007  0.006  0.006  0.006  0.006  0.008  0.008  0.012  0.054  0.008       20
  3:     0.021  0.022  0.006  0.016  0.093  0.021  0.009  0.012  0.017  0.005  0.018  0.011  0.011  0.103  0.595  0.040       21
  4:     0.008  0.007  0.005  0.007  0.033  0.007  0.007  0.008  0.008  0.004  0.008  0.015  0.007  0.508  0.357  0.012       31
  5:     0.009  0.010  0.004  0.014  0.032  0.011  0.005  0.011  0.008  0.005  0.008  0.015  0.012  0.020  0.830  0.006       21
  6:     0.019  0.020  0.012  0.026  0.010  0.016  0.025  0.021  0.017  0.005  0.017  0.006  0.026  0.012  0.011  0.758       25
  7:     0.051  0.055  0.016  0.035  0.020  0.051  0.042  0.015  0.047  0.011  0.049  0.012  0.013  0.108  0.457  0.020        8
  8:     0.008  0.009  0.005  0.010  0.038  0.008  0.004  0.010  0.008  0.005  0.008  0.342  0.024  0.016  0.497  0.008       17
  9:     0.005  0.005  0.929  0.005  0.007  0.005  0.005  0.005  0.005  0.003  0.005  0.003  0.005  0.004  0.004  0.006       29
 10:     0.003  0.003  0.002  0.002  0.002  0.003  0.002  0.002  0.003  0.965  0.002  0.003  0.002  0.002  0.002  0.003        9
 11:     0.144  0.157  0.014  0.111  0.008  0.149  0.025  0.028  0.129  0.009  0.122  0.009  0.021  0.014  0.010  0.050       26
 12:     0.113  0.096  0.012  0.106  0.012  0.089  0.053  0.060  0.123  0.010  0.132  0.011  0.136  0.012  0.011  0.024       74
 13:     0.068  0.069  0.014  0.087  0.011  0.066  0.070  0.093  0.073  0.007  0.070  0.010  0.315  0.011  0.017  0.018       35
 14:     0.044  0.041  0.008  0.123  0.013  0.037  0.016  0.278  0.038  0.009  0.040  0.007  0.286  0.013  0.025  0.022       24
 15:     0.147  0.153  0.027  0.094  0.010  0.137  0.013  0.030  0.148  0.010  0.138  0.007  0.025  0.011  0.018  0.034       43
 16:     0.117  0.155  0.009  0.092  0.029  0.210  0.013  0.010  0.146  0.003  0.120  0.050  0.012  0.012  0.011  0.012        4
--------------------------------------------

Allele-freq. divergence among pops (Net nucleotide distance),
computed using point estimates of P.

      1       2       3       4       5       6       7       8       9      10      11      12      13      14      15      16      
 1      -    0.0006  0.0548  0.0050  0.0536  0.0022  0.0476  0.0192  0.0002  0.0993  0.0005  0.0995  0.0196  0.0412  0.0290  0.0191  
 2   0.0006     -    0.0547  0.0049  0.0529  0.0008  0.0466  0.0198  0.0012  0.0988  0.0019  0.0998  0.0196  0.0408  0.0301  0.0203  
 3   0.0548  0.0547     -    0.0611  0.0980  0.0575  0.1044  0.0718  0.0571  0.1338  0.0578  0.1588  0.0746  0.0979  0.0831  0.0621  
 4   0.0050  0.0049  0.0611     -    0.0572  0.0066  0.0461  0.0137  0.0053  0.1093  0.0057  0.1085  0.0164  0.0487  0.0365  0.0251  
 5   0.0536  0.0529  0.0980  0.0572     -    0.0549  0.0909  0.0674  0.0553  0.1748  0.0559  0.1236  0.0636  0.0706  0.0349  0.0680  
 6   0.0022  0.0008  0.0575  0.0066  0.0549     -    0.0486  0.0219  0.0027  0.1021  0.0037  0.1029  0.0219  0.0430  0.0332  0.0248  
 7   0.0476  0.0466  0.1044  0.0461  0.0909  0.0486     -    0.0607  0.0489  0.1647  0.0492  0.1475  0.0622  0.0804  0.0763  0.0587  
 8   0.0192  0.0198  0.0718  0.0137  0.0674  0.0219  0.0607     -    0.0207  0.1274  0.0209  0.1371  0.0174  0.0618  0.0554  0.0368  
 9   0.0002  0.0012  0.0571  0.0053  0.0553  0.0027  0.0489  0.0207     -    0.1015  0.0001  0.0993  0.0203  0.0425  0.0294  0.0202  
10   0.0993  0.0988  0.1338  0.1093  0.1748  0.1021  0.1647  0.1274  0.1015     -    0.1024  0.1994  0.1294  0.1462  0.1421  0.1071  
11   0.0005  0.0019  0.0578  0.0057  0.0559  0.0037  0.0492  0.0209  0.0001  0.1024     -    0.0991  0.0205  0.0430  0.0292  0.0203  
12   0.0995  0.0998  0.1588  0.1085  0.1236  0.1029  0.1475  0.1371  0.0993  0.1994  0.0991     -    0.1197  0.1355  0.1025  0.1196  
13   0.0196  0.0196  0.0746  0.0164  0.0636  0.0219  0.0622  0.0174  0.0203  0.1294  0.0205  0.1197     -    0.0675  0.0473  0.0398  
14   0.0412  0.0408  0.0979  0.0487  0.0706  0.0430  0.0804  0.0618  0.0425  0.1462  0.0430  0.1355  0.0675     -    0.0444  0.0601  
15   0.0290  0.0301  0.0831  0.0365  0.0349  0.0332  0.0763  0.0554  0.0294  0.1421  0.0292  0.1025  0.0473  0.0444     -    0.0457  
16   0.0191  0.0203  0.0621  0.0251  0.0680  0.0248  0.0587  0.0368  0.0202  0.1071  0.0203  0.1196  0.0398  0.0601  0.0457     -    

Average distances (expected heterozygosity) between individuals in same cluster:
cluster  1  : 0.6374 
cluster  2  : 0.6395 
cluster  3  : 0.5438 
cluster  4  : 0.6182 
cluster  5  : 0.4788 
cluster  6  : 0.6314 
cluster  7  : 0.5407 
cluster  8  : 0.5781 
cluster  9  : 0.6327 
cluster 10  : 0.5335 
cluster 11  : 0.6316 
cluster 12  : 0.4363 
cluster 13  : 0.5630 
cluster 14  : 0.5328 
cluster 15  : 0.5422 
cluster 16  : 0.5944 

--------------------------------------------
Estimated Ln Prob of Data   = -49052.9
Mean value of ln likelihood = -45894.2
Variance of ln likelihood   = 6317.3
Mean value of alpha         = 0.0356

Mean value of Fst_1         = 0.0290
Mean value of Fst_2         = 0.0305
Mean value of Fst_3         = 0.2143
Mean value of Fst_4         = 0.0650
Mean value of Fst_5         = 0.2228
Mean value of Fst_6         = 0.0754
Mean value of Fst_7         = 0.2370
Mean value of Fst_8         = 0.1423
Mean value of Fst_9         = 0.0384
Mean value of Fst_10         = 0.3097
Mean value of Fst_11         = 0.0391
Mean value of Fst_12         = 0.3978
Mean value of Fst_13         = 0.1067
Mean value of Fst_14         = 0.1874
Mean value of Fst_15         = 0.1400
Mean value of Fst_16         = 0.0939


Inferred ancestry of individuals:
        Label (%Miss) Pop:  Inferred clusters
  1      221    (0)    1 :  0.007 0.006 0.003 0.006 0.006 0.006 0.003 0.006 0.007 0.003 0.007 0.004 0.008 0.006 0.907 0.015 
  2      222    (0)    1 :  0.010 0.011 0.009 0.007 0.027 0.010 0.010 0.005 0.009 0.004 0.008 0.007 0.008 0.488 0.379 0.006 
  3      223    (0)    1 :  0.012 0.009 0.003 0.008 0.008 0.008 0.005 0.006 0.012 0.003 0.013 0.007 0.009 0.006 0.883 0.008 
  4      224    (0)    1 :  0.003 0.003 0.006 0.003 0.036 0.003 0.004 0.003 0.003 0.001 0.003 0.006 0.003 0.005 0.913 0.005 
  5      225    (0)    1 :  0.005 0.005 0.003 0.004 0.005 0.005 0.003 0.003 0.005 0.002 0.004 0.003 0.004 0.005 0.941 0.003 
  6      226    (0)    1 :  0.006 0.005 0.002 0.004 0.011 0.004 0.007 0.003 0.006 0.007 0.007 0.004 0.003 0.003 0.914 0.013 
  7      227    (0)    1 :  0.013 0.012 0.005 0.010 0.023 0.010 0.004 0.006 0.013 0.018 0.014 0.005 0.006 0.003 0.815 0.043 
  8      228    (0)    1 :  0.013 0.013 0.005 0.012 0.132 0.014 0.010 0.007 0.013 0.003 0.012 0.017 0.032 0.008 0.701 0.008 
  9      234    (0)    1 :  0.004 0.004 0.002 0.004 0.010 0.004 0.004 0.004 0.004 0.002 0.004 0.004 0.005 0.007 0.932 0.004 
 10      235    (0)    1 :  0.003 0.003 0.002 0.003 0.010 0.004 0.002 0.002 0.003 0.003 0.003 0.004 0.003 0.008 0.941 0.004 
 11      236    (0)    1 :  0.004 0.003 0.002 0.002 0.042 0.003 0.002 0.002 0.003 0.002 0.003 0.021 0.002 0.003 0.900 0.005 
 12      237    (0)    1 :  0.005 0.004 0.002 0.005 0.011 0.004 0.004 0.005 0.005 0.002 0.005 0.003 0.004 0.008 0.930 0.003 
 13      238    (0)    1 :  0.009 0.010 0.014 0.012 0.013 0.008 0.005 0.009 0.009 0.003 0.010 0.003 0.005 0.035 0.832 0.023 
 14      239    (0)    1 :  0.043 0.038 0.012 0.021 0.282 0.030 0.008 0.009 0.040 0.005 0.040 0.026 0.016 0.013 0.338 0.081 
 15      240    (0)    1 :  0.004 0.004 0.003 0.004 0.012 0.004 0.004 0.004 0.004 0.002 0.004 0.007 0.004 0.005 0.929 0.007 
 16      242    (0)    1 :  0.094 0.081 0.003 0.032 0.014 0.040 0.008 0.012 0.072 0.001 0.076 0.003 0.017 0.206 0.327 0.011 
 17      243    (0)    1 :  0.017 0.016 0.020 0.013 0.107 0.016 0.010 0.007 0.015 0.017 0.017 0.007 0.005 0.017 0.687 0.030 
 18      244    (0)    1 :  0.009 0.008 0.003 0.005 0.008 0.007 0.003 0.003 0.009 0.010 0.010 0.003 0.003 0.012 0.888 0.020 
 19      245    (0)    1 :  0.017 0.014 0.007 0.016 0.013 0.013 0.008 0.020 0.014 0.010 0.015 0.052 0.013 0.004 0.771 0.014 
 20      246    (0)    1 :  0.004 0.004 0.003 0.003 0.009 0.005 0.003 0.002 0.004 0.005 0.004 0.003 0.003 0.010 0.934 0.003 
 21      248    (0)    1 :  0.006 0.006 0.019 0.006 0.005 0.006 0.002 0.004 0.006 0.002 0.006 0.008 0.004 0.023 0.892 0.005 
 22      249    (0)    1 :  0.003 0.002 0.002 0.003 0.011 0.002 0.004 0.002 0.002 0.001 0.003 0.002 0.003 0.002 0.953 0.004 
 23      250    (0)    1 :  0.017 0.022 0.008 0.024 0.404 0.018 0.006 0.012 0.018 0.005 0.018 0.016 0.018 0.006 0.395 0.013 
 24      251    (0)    1 :  0.006 0.006 0.003 0.007 0.027 0.007 0.002 0.007 0.006 0.004 0.005 0.006 0.012 0.016 0.883 0.004 
 25      252    (0)    1 :  0.008 0.008 0.036 0.015 0.020 0.007 0.010 0.014 0.008 0.001 0.009 0.005 0.012 0.003 0.838 0.007 
 26      253    (0)    1 :  0.035 0.029 0.029 0.020 0.327 0.027 0.005 0.004 0.033 0.004 0.035 0.008 0.004 0.003 0.426 0.012 
 27      254    (0)    1 :  0.006 0.007 0.004 0.006 0.016 0.007 0.004 0.005 0.007 0.002 0.006 0.004 0.004 0.004 0.911 0.008 
 28      255    (0)    1 :  0.016 0.019 0.006 0.011 0.009 0.016 0.004 0.006 0.014 0.003 0.014 0.020 0.011 0.170 0.641 0.040 
 29      256    (0)    1 :  0.009 0.009 0.002 0.008 0.006 0.008 0.012 0.005 0.008 0.003 0.008 0.003 0.005 0.039 0.873 0.004 
 30      257    (0)    1 :  0.007 0.007 0.008 0.006 0.003 0.007 0.003 0.008 0.007 0.003 0.007 0.003 0.009 0.005 0.903 0.015 
 31      258    (0)    1 :  0.009 0.009 0.003 0.009 0.016 0.008 0.004 0.013 0.009 0.002 0.009 0.010 0.011 0.019 0.859 0.010 
 32      259    (0)    1 :  0.018 0.023 0.003 0.007 0.053 0.043 0.005 0.018 0.014 0.002 0.010 0.002 0.006 0.010 0.778 0.006 
 33      260    (0)    1 :  0.007 0.007 0.089 0.007 0.049 0.006 0.003 0.004 0.006 0.006 0.006 0.034 0.005 0.005 0.727 0.038 
 34      261    (0)    1 :  0.012 0.015 0.009 0.049 0.034 0.013 0.006 0.123 0.010 0.003 0.012 0.003 0.030 0.006 0.660 0.017 
 35      262    (0)    1 :  0.002 0.002 0.003 0.002 0.016 0.002 0.003 0.003 0.002 0.001 0.002 0.002 0.003 0.006 0.949 0.002 
 36      263    (0)    1 :  0.005 0.006 0.024 0.006 0.008 0.005 0.005 0.005 0.005 0.005 0.005 0.005 0.004 0.011 0.864 0.038 
 37      264    (0)    1 :  0.005 0.005 0.003 0.005 0.027 0.006 0.015 0.008 0.005 0.001 0.005 0.003 0.006 0.010 0.889 0.007 
 38      265    (0)    1 :  0.006 0.007 0.047 0.005 0.020 0.006 0.005 0.006 0.005 0.002 0.005 0.008 0.006 0.026 0.822 0.023 
 39      266    (0)    1 :  0.004 0.004 0.003 0.004 0.120 0.004 0.003 0.003 0.004 0.001 0.004 0.008 0.004 0.009 0.821 0.003 
 40      267    (0)    1 :  0.003 0.003 0.001 0.003 0.006 0.003 0.003 0.002 0.004 0.002 0.004 0.002 0.003 0.019 0.937 0.003 
 41      268    (0)    1 :  0.007 0.008 0.067 0.011 0.059 0.007 0.005 0.006 0.007 0.008 0.007 0.004 0.006 0.004 0.787 0.007 
 42      269    (0)    1 :  0.004 0.003 0.003 0.004 0.027 0.003 0.003 0.006 0.003 0.002 0.003 0.023 0.004 0.007 0.901 0.004 
 43      270    (0)    1 :  0.003 0.003 0.002 0.003 0.005 0.003 0.018 0.003 0.003 0.002 0.003 0.003 0.004 0.003 0.936 0.005 
 44      271    (0)    1 :  0.021 0.025 0.011 0.035 0.007 0.024 0.007 0.030 0.021 0.003 0.020 0.063 0.008 0.009 0.704 0.012 
 45      272    (0)    1 :  0.033 0.041 0.005 0.019 0.022 0.033 0.020 0.071 0.021 0.007 0.023 0.014 0.014 0.382 0.285 0.008 
 46      273    (0)    1 :  0.019 0.018 0.003 0.013 0.055 0.017 0.019 0.010 0.017 0.002 0.018 0.012 0.019 0.015 0.718 0.047 
 47      274    (0)    1 :  0.005 0.005 0.006 0.005 0.008 0.004 0.003 0.011 0.004 0.003 0.004 0.006 0.007 0.004 0.918 0.008 
 48      275    (2)    1 :  0.004 0.004 0.002 0.003 0.004 0.004 0.003 0.003 0.004 0.001 0.004 0.003 0.005 0.006 0.946 0.005 
 49      276    (0)    1 :  0.005 0.006 0.004 0.008 0.006 0.005 0.005 0.008 0.005 0.002 0.005 0.005 0.007 0.004 0.921 0.004 
 50      277    (0)    1 :  0.011 0.012 0.002 0.063 0.024 0.017 0.008 0.038 0.015 0.001 0.017 0.017 0.059 0.003 0.702 0.009 
 51      278    (0)    1 :  0.008 0.010 0.005 0.037 0.009 0.012 0.002 0.027 0.009 0.007 0.008 0.005 0.017 0.013 0.825 0.005 
 52      279    (0)    1 :  0.017 0.018 0.003 0.016 0.142 0.019 0.005 0.006 0.017 0.002 0.015 0.003 0.006 0.021 0.702 0.008 
 53      280    (0)    1 :  0.015 0.018 0.006 0.018 0.080 0.017 0.004 0.013 0.015 0.003 0.014 0.085 0.031 0.008 0.647 0.026 
 54      287    (0)    1 :  0.015 0.019 0.006 0.013 0.032 0.020 0.006 0.008 0.015 0.005 0.014 0.004 0.011 0.004 0.809 0.017 
 55      290    (0)    1 :  0.010 0.012 0.002 0.009 0.007 0.012 0.014 0.010 0.010 0.006 0.009 0.006 0.009 0.043 0.832 0.009 
 56      291    (0)    1 :  0.012 0.018 0.007 0.015 0.050 0.030 0.004 0.015 0.011 0.003 0.010 0.018 0.039 0.004 0.757 0.008 
 57      295    (0)    1 :  0.005 0.005 0.003 0.008 0.172 0.005 0.004 0.008 0.005 0.001 0.005 0.004 0.049 0.009 0.712 0.006 
 58      296    (0)    1 :  0.005 0.004 0.004 0.005 0.008 0.004 0.010 0.003 0.005 0.004 0.006 0.005 0.003 0.007 0.924 0.003 
 59      872    (2)    1 :  0.006 0.007 0.008 0.008 0.072 0.006 0.006 0.005 0.005 0.007 0.006 0.005 0.005 0.137 0.712 0.006 
 60      873    (4)    1 :  0.012 0.015 0.003 0.009 0.010 0.012 0.018 0.004 0.010 0.004 0.010 0.010 0.003 0.020 0.848 0.011 
 61      874    (2)    1 :  0.005 0.006 0.003 0.015 0.019 0.008 0.005 0.015 0.006 0.001 0.005 0.002 0.009 0.012 0.884 0.006 
 62      875    (0)    1 :  0.006 0.006 0.002 0.005 0.010 0.005 0.003 0.004 0.005 0.017 0.006 0.007 0.005 0.015 0.897 0.006 
 63      876    (6)    1 :  0.008 0.007 0.011 0.010 0.007 0.007 0.004 0.009 0.010 0.001 0.011 0.005 0.012 0.004 0.875 0.019 
 64      070    (0)   10 :  0.004 0.005 0.002 0.004 0.002 0.004 0.002 0.003 0.004 0.954 0.004 0.001 0.002 0.003 0.003 0.003 
 65      071    (0)   10 :  0.003 0.003 0.005 0.003 0.002 0.003 0.002 0.003 0.003 0.955 0.003 0.005 0.003 0.002 0.002 0.004 
 66      072    (0)   10 :  0.002 0.002 0.001 0.002 0.001 0.002 0.001 0.002 0.002 0.974 0.002 0.003 0.002 0.002 0.002 0.002 
 67      151    (0)   10 :  0.002 0.002 0.002 0.002 0.001 0.001 0.001 0.002 0.002 0.977 0.001 0.001 0.002 0.001 0.001 0.002 
 68      152    (0)   10 :  0.005 0.006 0.002 0.004 0.003 0.005 0.002 0.003 0.005 0.942 0.005 0.005 0.005 0.002 0.002 0.004 
 69      153    (2)   10 :  0.001 0.002 0.002 0.001 0.001 0.002 0.001 0.001 0.001 0.979 0.001 0.001 0.001 0.002 0.001 0.002 
 70      788    (4)   10 :  0.003 0.003 0.002 0.003 0.003 0.003 0.001 0.003 0.003 0.961 0.003 0.003 0.004 0.002 0.002 0.002 
 71      789    (2)   10 :  0.002 0.002 0.003 0.002 0.002 0.002 0.001 0.002 0.002 0.971 0.002 0.002 0.002 0.002 0.002 0.002 
 72      790    (0)   10 :  0.002 0.002 0.001 0.002 0.002 0.002 0.001 0.001 0.002 0.971 0.002 0.003 0.002 0.002 0.002 0.002 
 73      010    (0)   11 :  0.125 0.176 0.004 0.169 0.004 0.243 0.008 0.006 0.150 0.002 0.081 0.007 0.005 0.007 0.005 0.010 
 74      024    (0)   11 :  0.179 0.277 0.009 0.088 0.005 0.173 0.007 0.026 0.097 0.006 0.099 0.005 0.011 0.005 0.005 0.009 
 75      051    (0)   11 :  0.110 0.162 0.008 0.102 0.005 0.185 0.005 0.006 0.106 0.015 0.071 0.004 0.005 0.007 0.005 0.205 
 76      090    (0)   11 :  0.144 0.171 0.005 0.104 0.005 0.192 0.014 0.009 0.125 0.007 0.144 0.003 0.012 0.008 0.007 0.051 
 77      102    (0)   11 :  0.110 0.103 0.003 0.139 0.013 0.161 0.012 0.053 0.108 0.002 0.145 0.004 0.076 0.028 0.026 0.016 
 78      111    (0)   11 :  0.131 0.154 0.004 0.106 0.003 0.205 0.005 0.024 0.139 0.002 0.118 0.065 0.008 0.020 0.006 0.010 
 79      113    (0)   11 :  0.115 0.180 0.005 0.102 0.006 0.173 0.008 0.041 0.141 0.006 0.091 0.004 0.024 0.034 0.005 0.065 
 80      138    (0)   11 :  0.167 0.075 0.078 0.041 0.003 0.070 0.003 0.008 0.212 0.043 0.252 0.003 0.013 0.003 0.012 0.017 
 81      150    (0)   11 :  0.042 0.029 0.004 0.335 0.005 0.031 0.008 0.196 0.071 0.017 0.056 0.002 0.088 0.007 0.023 0.087 
 82      173    (2)   11 :  0.184 0.180 0.015 0.071 0.009 0.068 0.035 0.034 0.081 0.023 0.073 0.007 0.021 0.006 0.004 0.188 
 83      174    (2)   11 :  0.131 0.163 0.004 0.094 0.004 0.165 0.006 0.011 0.181 0.024 0.164 0.004 0.004 0.023 0.008 0.015 
 84      175    (0)   11 :  0.165 0.230 0.003 0.124 0.002 0.191 0.006 0.009 0.138 0.007 0.085 0.002 0.006 0.011 0.003 0.019 
 85      176    (0)   11 :  0.176 0.198 0.011 0.078 0.012 0.191 0.003 0.010 0.162 0.005 0.101 0.007 0.005 0.018 0.014 0.008 
 86      177    (0)   11 :  0.125 0.156 0.002 0.091 0.003 0.138 0.004 0.034 0.098 0.004 0.073 0.002 0.011 0.008 0.003 0.247 
 87      180    (0)   11 :  0.136 0.167 0.007 0.093 0.013 0.133 0.004 0.005 0.107 0.004 0.097 0.004 0.005 0.098 0.021 0.105 
 88      184    (0)   11 :  0.169 0.081 0.006 0.074 0.009 0.055 0.041 0.031 0.206 0.014 0.271 0.005 0.016 0.004 0.005 0.014 
 89      195    (0)   11 :  0.160 0.174 0.014 0.149 0.012 0.187 0.006 0.010 0.130 0.006 0.093 0.030 0.010 0.003 0.004 0.012 
 90      198    (0)   11 :  0.176 0.161 0.006 0.081 0.005 0.131 0.003 0.008 0.157 0.003 0.185 0.031 0.007 0.016 0.011 0.018 
 91      203    (0)   11 :  0.132 0.169 0.005 0.177 0.009 0.212 0.010 0.017 0.114 0.009 0.109 0.003 0.008 0.009 0.007 0.011 
 92      211    (0)   11 :  0.184 0.224 0.082 0.072 0.030 0.123 0.004 0.038 0.112 0.003 0.080 0.003 0.013 0.004 0.019 0.008 
 93      220    (0)   11 :  0.110 0.105 0.010 0.175 0.003 0.132 0.012 0.096 0.111 0.002 0.123 0.007 0.026 0.008 0.005 0.075 
 94      233    (0)   11 :  0.158 0.172 0.045 0.077 0.014 0.136 0.029 0.014 0.083 0.006 0.087 0.002 0.148 0.004 0.007 0.017 
 95      331    (0)   11 :  0.140 0.176 0.005 0.118 0.006 0.227 0.009 0.012 0.125 0.008 0.119 0.008 0.005 0.005 0.005 0.034 
 96      349    (0)   11 :  0.096 0.090 0.006 0.064 0.003 0.106 0.390 0.006 0.077 0.012 0.079 0.005 0.012 0.009 0.006 0.039 
 97      410    (0)   11 :  0.227 0.171 0.028 0.062 0.004 0.076 0.005 0.007 0.157 0.003 0.216 0.003 0.004 0.010 0.009 0.018 
 98      417    (2)   11 :  0.142 0.152 0.005 0.092 0.017 0.183 0.008 0.007 0.171 0.002 0.172 0.007 0.007 0.007 0.022 0.006 
 99      421    (0)   12 :  0.009 0.009 0.005 0.012 0.008 0.008 0.009 0.012 0.008 0.002 0.009 0.067 0.828 0.004 0.007 0.005 
100      423    (0)   12 :  0.157 0.174 0.003 0.129 0.004 0.176 0.025 0.008 0.167 0.009 0.116 0.003 0.004 0.009 0.006 0.010 
101      424    (0)   12 :  0.113 0.096 0.003 0.052 0.013 0.072 0.007 0.014 0.116 0.002 0.134 0.005 0.006 0.027 0.012 0.326 
102      433    (0)   12 :  0.098 0.051 0.017 0.139 0.004 0.091 0.004 0.086 0.146 0.002 0.188 0.003 0.157 0.004 0.004 0.007 
103      462    (0)   12 :  0.131 0.154 0.022 0.078 0.003 0.121 0.015 0.021 0.141 0.002 0.112 0.007 0.088 0.008 0.009 0.089 
104      463    (0)   12 :  0.162 0.174 0.004 0.093 0.005 0.156 0.068 0.008 0.162 0.003 0.116 0.018 0.006 0.005 0.012 0.007 
105      467    (0)   12 :  0.021 0.019 0.011 0.125 0.084 0.018 0.017 0.164 0.014 0.008 0.013 0.004 0.470 0.005 0.013 0.013 
106      468    (0)   12 :  0.008 0.009 0.002 0.016 0.010 0.007 0.782 0.016 0.008 0.003 0.009 0.026 0.073 0.006 0.016 0.008 
107      469    (0)   12 :  0.096 0.091 0.002 0.095 0.010 0.109 0.004 0.061 0.139 0.002 0.160 0.032 0.129 0.008 0.056 0.005 
108      472    (0)   12 :  0.187 0.223 0.008 0.066 0.010 0.185 0.006 0.009 0.151 0.005 0.095 0.013 0.024 0.002 0.006 0.009 
109      473    (0)   12 :  0.024 0.021 0.007 0.016 0.007 0.029 0.804 0.009 0.025 0.003 0.030 0.005 0.006 0.004 0.002 0.007 
110      474    (0)   12 :  0.005 0.004 0.009 0.485 0.007 0.005 0.138 0.283 0.013 0.001 0.005 0.002 0.026 0.003 0.008 0.005 
111      475    (0)   12 :  0.091 0.132 0.003 0.120 0.003 0.142 0.026 0.031 0.104 0.003 0.087 0.003 0.235 0.006 0.004 0.009 
112      476    (2)   12 :  0.008 0.008 0.012 0.467 0.003 0.008 0.146 0.297 0.005 0.011 0.007 0.002 0.011 0.006 0.004 0.005 
113      477    (0)   12 :  0.123 0.109 0.018 0.080 0.003 0.196 0.014 0.009 0.199 0.005 0.205 0.003 0.015 0.005 0.008 0.007 
114      478    (0)   12 :  0.131 0.174 0.003 0.072 0.032 0.158 0.004 0.105 0.103 0.002 0.102 0.003 0.030 0.056 0.009 0.015 
115      479    (0)   12 :  0.067 0.017 0.003 0.273 0.009 0.015 0.005 0.178 0.147 0.004 0.130 0.016 0.106 0.005 0.015 0.011 
116      480    (0)   12 :  0.006 0.007 0.002 0.008 0.002 0.006 0.017 0.014 0.006 0.002 0.006 0.001 0.909 0.005 0.003 0.005 
117      481    (0)   12 :  0.178 0.154 0.003 0.103 0.008 0.089 0.017 0.037 0.153 0.051 0.150 0.004 0.024 0.010 0.005 0.014 
118      482    (0)   12 :  0.131 0.180 0.048 0.076 0.004 0.129 0.004 0.092 0.113 0.002 0.087 0.070 0.039 0.005 0.004 0.016 
119      489    (0)   12 :  0.174 0.189 0.015 0.111 0.003 0.171 0.022 0.016 0.147 0.005 0.101 0.006 0.022 0.006 0.005 0.008 
120      490    (0)   12 :  0.198 0.020 0.003 0.012 0.009 0.020 0.004 0.019 0.291 0.004 0.369 0.005 0.008 0.008 0.017 0.012 
121      491    (0)   12 :  0.157 0.163 0.124 0.090 0.003 0.085 0.010 0.014 0.105 0.009 0.121 0.008 0.017 0.004 0.005 0.083 
122      492    (0)   12 :  0.017 0.017 0.010 0.432 0.012 0.016 0.132 0.264 0.012 0.003 0.016 0.003 0.012 0.036 0.011 0.007 
123      493    (0)   12 :  0.046 0.049 0.006 0.355 0.018 0.071 0.007 0.198 0.043 0.009 0.059 0.005 0.102 0.004 0.007 0.020 
124      494    (0)   12 :  0.110 0.106 0.039 0.082 0.004 0.082 0.011 0.018 0.121 0.026 0.140 0.010 0.226 0.004 0.004 0.018 
125      498    (0)   12 :  0.193 0.192 0.004 0.085 0.009 0.101 0.049 0.032 0.145 0.008 0.126 0.003 0.009 0.013 0.024 0.007 
126      499    (0)   12 :  0.138 0.170 0.007 0.159 0.011 0.191 0.006 0.030 0.111 0.004 0.103 0.003 0.008 0.005 0.009 0.045 
127      709    (0)   12 :  0.179 0.147 0.011 0.076 0.007 0.101 0.005 0.020 0.160 0.086 0.156 0.016 0.006 0.009 0.008 0.011 
128      710    (4)   12 :  0.099 0.078 0.002 0.096 0.004 0.146 0.006 0.009 0.212 0.006 0.189 0.009 0.129 0.004 0.006 0.003 
129      711    (2)   12 :  0.140 0.150 0.004 0.067 0.040 0.136 0.007 0.008 0.120 0.006 0.103 0.021 0.015 0.061 0.011 0.112 
130      712    (4)   12 :  0.207 0.011 0.003 0.008 0.004 0.010 0.003 0.007 0.310 0.002 0.399 0.004 0.008 0.007 0.007 0.009 
131      713    (0)   12 :  0.149 0.193 0.009 0.128 0.003 0.202 0.012 0.006 0.123 0.004 0.130 0.020 0.003 0.005 0.005 0.009 
132      714    (2)   12 :  0.022 0.028 0.002 0.175 0.005 0.025 0.052 0.158 0.024 0.016 0.021 0.005 0.426 0.008 0.012 0.020 
133      715    (4)   12 :  0.025 0.017 0.035 0.017 0.104 0.018 0.003 0.072 0.019 0.011 0.019 0.011 0.600 0.010 0.016 0.023 
134      716    (0)   12 :  0.019 0.017 0.004 0.366 0.005 0.021 0.006 0.260 0.023 0.002 0.019 0.005 0.240 0.005 0.003 0.005 
135      717    (2)   12 :  0.076 0.081 0.011 0.111 0.010 0.113 0.011 0.219 0.090 0.003 0.081 0.008 0.061 0.109 0.006 0.012 
136      718    (4)   12 :  0.177 0.025 0.002 0.018 0.004 0.017 0.005 0.008 0.306 0.002 0.364 0.010 0.022 0.006 0.015 0.018 
137      719    (0)   12 :  0.004 0.004 0.002 0.004 0.003 0.004 0.003 0.005 0.004 0.002 0.004 0.004 0.950 0.002 0.003 0.002 
138      720    (2)   12 :  0.043 0.043 0.014 0.044 0.007 0.069 0.013 0.043 0.070 0.002 0.093 0.009 0.528 0.006 0.007 0.009 
139      721    (0)   12 :  0.060 0.063 0.006 0.296 0.004 0.083 0.049 0.175 0.070 0.038 0.072 0.013 0.040 0.005 0.005 0.021 
140      722    (4)   12 :  0.008 0.006 0.002 0.026 0.020 0.013 0.065 0.104 0.014 0.002 0.018 0.023 0.679 0.006 0.008 0.006 
141      723    (0)   12 :  0.016 0.021 0.006 0.024 0.003 0.013 0.003 0.019 0.013 0.008 0.014 0.002 0.845 0.007 0.004 0.003 
142      724    (0)   12 :  0.018 0.020 0.010 0.095 0.018 0.016 0.012 0.069 0.015 0.006 0.016 0.060 0.618 0.010 0.012 0.007 
143      725    (0)   12 :  0.185 0.236 0.011 0.069 0.004 0.181 0.018 0.013 0.126 0.004 0.092 0.010 0.026 0.009 0.005 0.013 
144      726    (0)   12 :  0.113 0.102 0.005 0.208 0.005 0.172 0.043 0.031 0.099 0.006 0.178 0.010 0.016 0.003 0.004 0.007 
145      727    (0)   12 :  0.114 0.114 0.011 0.271 0.006 0.120 0.008 0.118 0.102 0.010 0.080 0.008 0.017 0.003 0.005 0.013 
146      728    (2)   12 :  0.171 0.198 0.006 0.083 0.005 0.155 0.003 0.009 0.113 0.108 0.098 0.009 0.010 0.013 0.008 0.011 
147      729    (6)   12 :  0.181 0.171 0.004 0.076 0.003 0.139 0.004 0.030 0.143 0.005 0.190 0.004 0.024 0.005 0.006 0.015 
148      730    (2)   12 :  0.176 0.048 0.005 0.019 0.007 0.049 0.002 0.030 0.250 0.007 0.318 0.013 0.046 0.009 0.011 0.011 
149      731    (2)   12 :  0.196 0.025 0.002 0.013 0.004 0.012 0.006 0.004 0.316 0.002 0.393 0.004 0.005 0.004 0.009 0.005 
150      732    (0)   12 :  0.157 0.159 0.006 0.140 0.018 0.156 0.009 0.055 0.140 0.002 0.103 0.006 0.020 0.011 0.006 0.011 
151      733    (0)   12 :  0.157 0.135 0.003 0.082 0.004 0.162 0.003 0.020 0.143 0.004 0.190 0.035 0.028 0.008 0.013 0.012 
152      734    (2)   12 :  0.137 0.154 0.094 0.088 0.006 0.150 0.004 0.053 0.116 0.009 0.100 0.001 0.009 0.007 0.008 0.063 
153      735    (4)   12 :  0.140 0.141 0.008 0.097 0.003 0.161 0.060 0.010 0.126 0.003 0.157 0.007 0.041 0.008 0.006 0.033 
154      736    (2)   12 :  0.139 0.114 0.025 0.108 0.003 0.143 0.005 0.012 0.186 0.018 0.212 0.003 0.006 0.004 0.005 0.017 
155      737    (0)   12 :  0.188 0.049 0.004 0.025 0.006 0.033 0.015 0.007 0.272 0.013 0.320 0.004 0.003 0.030 0.013 0.016 
156      738    (2)   12 :  0.164 0.117 0.005 0.039 0.009 0.076 0.004 0.008 0.228 0.003 0.239 0.003 0.008 0.004 0.007 0.085 
157      739    (8)   12 :  0.183 0.052 0.007 0.030 0.003 0.033 0.010 0.013 0.262 0.015 0.326 0.004 0.034 0.005 0.011 0.012 
158      740    (4)   12 :  0.179 0.061 0.002 0.034 0.004 0.032 0.004 0.014 0.276 0.002 0.299 0.015 0.063 0.005 0.006 0.004 
159      741    (2)   12 :  0.140 0.116 0.020 0.072 0.040 0.107 0.023 0.050 0.117 0.002 0.146 0.022 0.023 0.067 0.046 0.009 
160      742    (4)   12 :  0.149 0.108 0.005 0.078 0.006 0.109 0.005 0.008 0.185 0.006 0.209 0.002 0.013 0.018 0.012 0.085 
161      743    (2)   12 :  0.014 0.011 0.012 0.058 0.005 0.014 0.003 0.539 0.013 0.002 0.014 0.003 0.294 0.005 0.006 0.007 
162      744    (0)   12 :  0.120 0.196 0.005 0.132 0.007 0.170 0.004 0.024 0.125 0.033 0.082 0.003 0.085 0.004 0.004 0.007 
163      745    (0)   12 :  0.074 0.103 0.005 0.060 0.032 0.094 0.009 0.028 0.064 0.014 0.067 0.016 0.373 0.020 0.033 0.007 
164      746    (2)   12 :  0.180 0.146 0.005 0.057 0.004 0.109 0.004 0.004 0.165 0.004 0.246 0.010 0.009 0.041 0.004 0.010 
165      747    (2)   12 :  0.155 0.086 0.023 0.042 0.012 0.069 0.015 0.007 0.203 0.006 0.263 0.006 0.012 0.007 0.033 0.063 
166      748    (0)   12 :  0.122 0.137 0.017 0.100 0.046 0.067 0.154 0.030 0.076 0.006 0.072 0.015 0.005 0.020 0.071 0.061 
167      749    (2)   12 :  0.155 0.194 0.020 0.111 0.009 0.150 0.003 0.014 0.104 0.013 0.112 0.030 0.007 0.007 0.006 0.065 
168      750    (4)   12 :  0.178 0.206 0.005 0.108 0.007 0.144 0.005 0.037 0.121 0.005 0.132 0.005 0.008 0.020 0.008 0.011 
169      751    (0)   12 :  0.190 0.208 0.007 0.077 0.009 0.131 0.011 0.017 0.119 0.017 0.120 0.009 0.015 0.007 0.010 0.053 
170      752    (2)   12 :  0.009 0.007 0.003 0.024 0.007 0.006 0.783 0.022 0.010 0.002 0.012 0.003 0.089 0.004 0.012 0.006 
171      753    (4)   12 :  0.093 0.116 0.032 0.123 0.034 0.156 0.059 0.012 0.146 0.012 0.104 0.013 0.041 0.006 0.017 0.037 
172      754    (2)   12 :  0.211 0.006 0.003 0.006 0.003 0.005 0.003 0.009 0.323 0.003 0.413 0.002 0.003 0.003 0.003 0.004 
173      155    (0)   13 :  0.178 0.232 0.044 0.085 0.005 0.151 0.007 0.015 0.130 0.005 0.090 0.006 0.009 0.006 0.029 0.009 
174      156    (2)   13 :  0.115 0.216 0.005 0.095 0.008 0.199 0.004 0.021 0.118 0.112 0.064 0.006 0.011 0.006 0.012 0.008 
175      157    (2)   13 :  0.203 0.020 0.010 0.010 0.004 0.025 0.019 0.017 0.288 0.002 0.375 0.004 0.008 0.005 0.004 0.006 
176      158    (0)   13 :  0.209 0.232 0.007 0.076 0.005 0.146 0.003 0.012 0.138 0.004 0.088 0.006 0.024 0.010 0.007 0.032 
177      159    (0)   13 :  0.168 0.162 0.003 0.059 0.005 0.141 0.012 0.011 0.132 0.011 0.143 0.109 0.012 0.007 0.011 0.013 
178      160    (0)   13 :  0.052 0.023 0.009 0.373 0.011 0.032 0.011 0.207 0.128 0.003 0.069 0.004 0.029 0.003 0.015 0.032 
179      161    (0)   13 :  0.183 0.075 0.010 0.050 0.003 0.067 0.010 0.026 0.245 0.003 0.289 0.010 0.011 0.003 0.005 0.010 
180      162    (0)   13 :  0.073 0.099 0.005 0.256 0.008 0.133 0.013 0.169 0.099 0.005 0.075 0.002 0.035 0.007 0.007 0.015 
181      163    (2)   13 :  0.117 0.204 0.003 0.115 0.003 0.209 0.011 0.010 0.150 0.009 0.104 0.002 0.007 0.008 0.004 0.045 
182      164    (0)   13 :  0.152 0.169 0.019 0.092 0.013 0.159 0.039 0.008 0.129 0.003 0.129 0.005 0.020 0.010 0.040 0.013 
183      165    (2)   13 :  0.143 0.224 0.004 0.015 0.006 0.329 0.004 0.004 0.195 0.004 0.055 0.003 0.004 0.004 0.004 0.003 
184      427    (0)   13 :  0.012 0.012 0.090 0.016 0.004 0.011 0.004 0.021 0.011 0.009 0.012 0.026 0.750 0.003 0.006 0.015 
185      428    (0)   13 :  0.008 0.012 0.004 0.024 0.026 0.009 0.021 0.038 0.012 0.003 0.019 0.017 0.766 0.005 0.006 0.031 
186      429    (0)   13 :  0.010 0.011 0.003 0.010 0.006 0.007 0.007 0.353 0.007 0.003 0.007 0.007 0.551 0.008 0.004 0.005 
187      430    (0)   13 :  0.127 0.134 0.004 0.154 0.014 0.127 0.039 0.039 0.081 0.002 0.128 0.004 0.016 0.045 0.020 0.065 
188      431    (0)   13 :  0.032 0.031 0.005 0.197 0.054 0.027 0.006 0.256 0.028 0.002 0.026 0.007 0.269 0.020 0.029 0.012 
189      435    (0)   13 :  0.006 0.006 0.002 0.043 0.003 0.006 0.009 0.183 0.007 0.002 0.008 0.003 0.710 0.004 0.003 0.004 
190      436    (0)   13 :  0.006 0.006 0.003 0.375 0.005 0.007 0.005 0.240 0.006 0.002 0.007 0.008 0.315 0.004 0.007 0.004 
191      437    (0)   13 :  0.020 0.021 0.004 0.295 0.048 0.032 0.012 0.181 0.023 0.002 0.051 0.027 0.237 0.006 0.037 0.005 
192      438    (0)   13 :  0.027 0.031 0.002 0.077 0.011 0.038 0.039 0.073 0.059 0.008 0.074 0.014 0.469 0.017 0.046 0.017 
193      439    (0)   13 :  0.119 0.108 0.004 0.092 0.005 0.080 0.043 0.043 0.104 0.006 0.117 0.004 0.217 0.031 0.012 0.016 
194      441    (0)   13 :  0.003 0.003 0.003 0.004 0.005 0.003 0.953 0.003 0.003 0.001 0.003 0.001 0.005 0.005 0.003 0.003 
195      442    (0)   13 :  0.017 0.016 0.185 0.013 0.011 0.012 0.014 0.042 0.014 0.005 0.013 0.002 0.634 0.003 0.010 0.010 
196      443    (4)   13 :  0.009 0.007 0.002 0.007 0.006 0.006 0.014 0.006 0.008 0.002 0.009 0.003 0.894 0.004 0.010 0.012 
197      444    (4)   13 :  0.008 0.007 0.009 0.007 0.004 0.007 0.002 0.011 0.006 0.004 0.006 0.009 0.902 0.003 0.006 0.007 
198      445    (2)   13 :  0.054 0.051 0.004 0.051 0.019 0.099 0.011 0.009 0.127 0.007 0.175 0.009 0.348 0.004 0.029 0.004 
199      446    (0)   13 :  0.008 0.004 0.005 0.005 0.003 0.004 0.002 0.674 0.004 0.003 0.005 0.002 0.271 0.003 0.003 0.005 
200      447    (0)   13 :  0.019 0.017 0.006 0.038 0.041 0.015 0.004 0.199 0.018 0.004 0.018 0.008 0.588 0.003 0.015 0.008 
201      449    (0)   13 :  0.004 0.004 0.005 0.007 0.003 0.003 0.003 0.009 0.004 0.002 0.004 0.003 0.935 0.005 0.006 0.004 
202      460    (0)   13 :  0.024 0.026 0.006 0.025 0.008 0.032 0.118 0.072 0.028 0.002 0.024 0.007 0.595 0.007 0.018 0.007 
203      461    (0)   13 :  0.114 0.093 0.008 0.139 0.011 0.059 0.007 0.092 0.106 0.002 0.111 0.008 0.169 0.012 0.022 0.047 
204      484    (0)   13 :  0.102 0.099 0.012 0.033 0.020 0.057 0.015 0.048 0.068 0.008 0.066 0.004 0.054 0.113 0.143 0.160 
205      485    (0)   13 :  0.014 0.015 0.005 0.052 0.005 0.014 0.011 0.058 0.019 0.002 0.022 0.002 0.769 0.004 0.005 0.003 
206      486    (0)   13 :  0.002 0.002 0.002 0.002 0.002 0.002 0.972 0.002 0.002 0.001 0.002 0.002 0.002 0.002 0.002 0.002 
207      487    (0)   13 :  0.051 0.055 0.011 0.170 0.008 0.065 0.013 0.115 0.043 0.003 0.049 0.006 0.384 0.007 0.005 0.013 
208      178    (0)   14 :  0.075 0.058 0.006 0.212 0.004 0.122 0.013 0.068 0.091 0.005 0.162 0.003 0.162 0.003 0.004 0.011 
209      422    (0)   14 :  0.017 0.011 0.003 0.032 0.011 0.010 0.004 0.196 0.020 0.003 0.022 0.003 0.642 0.005 0.014 0.006 
210      425    (0)   14 :  0.018 0.020 0.003 0.137 0.012 0.015 0.006 0.512 0.015 0.001 0.019 0.005 0.224 0.003 0.004 0.007 
211      426    (0)   14 :  0.102 0.100 0.023 0.097 0.006 0.066 0.004 0.087 0.066 0.122 0.075 0.003 0.024 0.005 0.003 0.219 
212      432    (0)   14 :  0.132 0.149 0.009 0.063 0.011 0.100 0.011 0.022 0.074 0.008 0.062 0.009 0.298 0.008 0.009 0.036 
213      434    (0)   14 :  0.004 0.003 0.003 0.004 0.006 0.003 0.003 0.674 0.004 0.002 0.003 0.004 0.274 0.006 0.003 0.004 
214      440    (0)   14 :  0.063 0.078 0.012 0.134 0.004 0.088 0.023 0.266 0.063 0.003 0.075 0.002 0.142 0.007 0.004 0.035 
215      448    (2)   14 :  0.009 0.008 0.014 0.008 0.005 0.006 0.007 0.018 0.009 0.002 0.011 0.038 0.818 0.024 0.013 0.011 
216      456    (0)   14 :  0.138 0.164 0.009 0.118 0.043 0.101 0.005 0.086 0.085 0.003 0.069 0.004 0.041 0.077 0.039 0.018 
217      457    (0)   14 :  0.067 0.073 0.005 0.124 0.017 0.072 0.033 0.089 0.054 0.006 0.051 0.009 0.343 0.024 0.014 0.019 
218      458    (0)   14 :  0.098 0.075 0.015 0.244 0.055 0.045 0.011 0.198 0.084 0.007 0.090 0.005 0.021 0.004 0.007 0.038 
219      459    (0)   14 :  0.014 0.013 0.005 0.012 0.007 0.012 0.008 0.013 0.018 0.003 0.018 0.002 0.853 0.004 0.007 0.012 
220      464    (0)   14 :  0.018 0.019 0.011 0.138 0.006 0.021 0.014 0.186 0.018 0.005 0.019 0.003 0.529 0.004 0.003 0.006 
221      465    (0)   14 :  0.011 0.009 0.002 0.283 0.005 0.009 0.009 0.586 0.013 0.001 0.013 0.002 0.042 0.006 0.004 0.004 
222      466    (0)   14 :  0.042 0.034 0.004 0.059 0.071 0.049 0.013 0.041 0.073 0.002 0.112 0.014 0.461 0.006 0.012 0.009 
223      470    (0)   14 :  0.008 0.007 0.006 0.161 0.003 0.007 0.100 0.152 0.007 0.002 0.008 0.003 0.516 0.006 0.004 0.011 
224      471    (0)   14 :  0.032 0.033 0.003 0.023 0.012 0.028 0.007 0.335 0.021 0.032 0.018 0.022 0.358 0.025 0.007 0.043 
225      483    (0)   14 :  0.048 0.007 0.006 0.007 0.003 0.007 0.004 0.646 0.010 0.003 0.009 0.002 0.234 0.003 0.004 0.008 
226      488    (0)   14 :  0.013 0.009 0.004 0.491 0.007 0.018 0.033 0.277 0.045 0.002 0.022 0.002 0.060 0.003 0.009 0.007 
227      495    (0)   14 :  0.014 0.010 0.003 0.060 0.005 0.008 0.003 0.583 0.013 0.001 0.016 0.002 0.239 0.018 0.016 0.007 
228      496    (0)   14 :  0.014 0.013 0.002 0.463 0.002 0.017 0.018 0.344 0.035 0.002 0.012 0.005 0.059 0.005 0.003 0.005 
229      497    (0)   14 :  0.007 0.010 0.030 0.010 0.004 0.008 0.003 0.618 0.007 0.002 0.009 0.004 0.238 0.042 0.005 0.002 
230      500    (0)   14 :  0.074 0.077 0.003 0.061 0.021 0.068 0.038 0.017 0.078 0.004 0.067 0.014 0.041 0.016 0.413 0.007 
231      879    (0)   14 :  0.039 0.004 0.006 0.004 0.003 0.005 0.005 0.657 0.004 0.002 0.005 0.002 0.251 0.002 0.003 0.007 
232      036    (0)   15 :  0.215 0.262 0.002 0.065 0.005 0.139 0.005 0.009 0.133 0.004 0.118 0.012 0.016 0.003 0.006 0.006 
233      063    (2)   15 :  0.147 0.150 0.014 0.071 0.008 0.164 0.011 0.011 0.178 0.004 0.132 0.003 0.024 0.029 0.013 0.041 
234      094    (4)   15 :  0.158 0.112 0.009 0.100 0.012 0.075 0.008 0.050 0.161 0.006 0.187 0.012 0.020 0.011 0.065 0.015 
235      103    (4)   15 :  0.138 0.221 0.004 0.016 0.005 0.323 0.006 0.005 0.193 0.002 0.056 0.003 0.005 0.016 0.003 0.003 
236      112    (0)   15 :  0.173 0.146 0.006 0.071 0.003 0.130 0.011 0.007 0.170 0.004 0.210 0.003 0.006 0.007 0.008 0.045 
237      114    (2)   15 :  0.176 0.189 0.004 0.120 0.005 0.129 0.015 0.034 0.148 0.003 0.141 0.008 0.014 0.004 0.004 0.004 
238      120    (0)   15 :  0.187 0.032 0.004 0.034 0.015 0.024 0.007 0.012 0.287 0.003 0.342 0.013 0.007 0.005 0.013 0.016 
239      127    (2)   15 :  0.172 0.186 0.006 0.118 0.010 0.092 0.094 0.036 0.107 0.003 0.085 0.005 0.004 0.005 0.007 0.069 
240      147    (0)   15 :  0.130 0.182 0.006 0.082 0.002 0.101 0.007 0.012 0.093 0.056 0.062 0.005 0.013 0.005 0.002 0.240 
241      166    (0)   15 :  0.114 0.161 0.022 0.139 0.005 0.129 0.005 0.052 0.113 0.032 0.086 0.003 0.023 0.008 0.004 0.105 
242      167    (0)   15 :  0.077 0.113 0.005 0.210 0.008 0.131 0.015 0.149 0.101 0.005 0.085 0.010 0.017 0.061 0.006 0.006 
243      168    (0)   15 :  0.163 0.171 0.005 0.135 0.004 0.184 0.003 0.008 0.142 0.003 0.143 0.015 0.011 0.004 0.004 0.004 
244      169    (2)   15 :  0.096 0.115 0.004 0.200 0.008 0.109 0.005 0.145 0.105 0.005 0.084 0.006 0.059 0.006 0.008 0.046 
245      170    (0)   15 :  0.145 0.201 0.035 0.118 0.012 0.181 0.023 0.007 0.129 0.005 0.099 0.004 0.009 0.005 0.012 0.014 
246      171    (2)   15 :  0.109 0.190 0.004 0.076 0.053 0.218 0.004 0.005 0.172 0.011 0.074 0.003 0.006 0.008 0.040 0.027 
247      172    (0)   15 :  0.179 0.032 0.004 0.032 0.017 0.025 0.002 0.019 0.283 0.014 0.331 0.013 0.008 0.011 0.013 0.018 
248      185    (0)   15 :  0.117 0.170 0.005 0.124 0.002 0.164 0.016 0.028 0.146 0.005 0.093 0.002 0.073 0.009 0.005 0.037 
249      199    (2)   15 :  0.088 0.111 0.223 0.128 0.004 0.182 0.011 0.009 0.123 0.006 0.086 0.006 0.006 0.003 0.006 0.007 
250      339    (0)   15 :  0.051 0.071 0.006 0.323 0.008 0.095 0.007 0.263 0.070 0.006 0.053 0.002 0.019 0.013 0.005 0.009 
251      355    (0)   15 :  0.112 0.172 0.083 0.130 0.003 0.249 0.004 0.003 0.120 0.015 0.086 0.002 0.004 0.006 0.003 0.008 
252      356    (0)   15 :  0.197 0.063 0.006 0.040 0.003 0.032 0.033 0.012 0.249 0.004 0.338 0.007 0.005 0.003 0.003 0.006 
253      357    (0)   15 :  0.204 0.185 0.018 0.071 0.011 0.103 0.020 0.012 0.143 0.013 0.174 0.009 0.007 0.004 0.006 0.018 
254      358    (0)   15 :  0.200 0.256 0.004 0.090 0.006 0.149 0.018 0.007 0.091 0.007 0.104 0.002 0.010 0.039 0.007 0.010 
255      359    (0)   15 :  0.172 0.185 0.010 0.068 0.003 0.136 0.003 0.014 0.170 0.002 0.182 0.002 0.006 0.022 0.004 0.021 
256      360    (0)   15 :  0.180 0.238 0.005 0.078 0.009 0.143 0.006 0.019 0.151 0.010 0.095 0.006 0.023 0.003 0.013 0.021 
257      361    (0)   15 :  0.180 0.029 0.003 0.042 0.005 0.023 0.005 0.042 0.280 0.002 0.340 0.004 0.024 0.006 0.005 0.011 
258      362    (0)   15 :  0.115 0.133 0.005 0.054 0.038 0.098 0.004 0.090 0.083 0.005 0.092 0.002 0.047 0.011 0.150 0.073 
259      363    (0)   15 :  0.101 0.119 0.045 0.075 0.004 0.099 0.011 0.010 0.063 0.013 0.062 0.005 0.013 0.010 0.007 0.363 
260      364    (0)   15 :  0.130 0.148 0.051 0.093 0.032 0.094 0.030 0.029 0.098 0.004 0.076 0.004 0.009 0.008 0.181 0.014 
261      365    (0)   15 :  0.165 0.231 0.003 0.109 0.004 0.151 0.010 0.034 0.096 0.015 0.132 0.002 0.028 0.004 0.010 0.006 
262      366    (0)   15 :  0.204 0.258 0.003 0.090 0.003 0.116 0.003 0.005 0.147 0.029 0.105 0.002 0.005 0.011 0.005 0.015 
263      367    (0)   15 :  0.133 0.162 0.003 0.100 0.011 0.248 0.031 0.005 0.136 0.011 0.116 0.005 0.007 0.017 0.011 0.005 
264      368    (0)   15 :  0.113 0.198 0.004 0.088 0.007 0.225 0.057 0.004 0.159 0.017 0.078 0.008 0.004 0.013 0.020 0.006 
265      369    (0)   15 :  0.138 0.210 0.005 0.125 0.002 0.234 0.003 0.005 0.169 0.004 0.081 0.002 0.004 0.005 0.003 0.008 
266      370    (0)   15 :  0.170 0.116 0.007 0.073 0.004 0.081 0.005 0.011 0.214 0.014 0.234 0.009 0.010 0.032 0.005 0.015 
267      371    (0)   15 :  0.155 0.218 0.007 0.095 0.004 0.235 0.003 0.007 0.119 0.003 0.108 0.006 0.010 0.009 0.017 0.005 
268      372    (0)   15 :  0.014 0.016 0.323 0.038 0.010 0.015 0.003 0.045 0.014 0.004 0.013 0.003 0.433 0.003 0.011 0.055 
269      373    (0)   15 :  0.169 0.122 0.051 0.072 0.005 0.165 0.002 0.011 0.187 0.003 0.178 0.003 0.014 0.007 0.005 0.005 
270      380    (0)   15 :  0.190 0.218 0.011 0.086 0.011 0.132 0.003 0.013 0.111 0.006 0.114 0.038 0.008 0.009 0.013 0.036 
271      388    (0)   15 :  0.206 0.149 0.019 0.058 0.017 0.082 0.004 0.005 0.179 0.007 0.225 0.004 0.006 0.009 0.007 0.022 
272      418    (0)   15 :  0.143 0.082 0.048 0.069 0.018 0.170 0.007 0.005 0.201 0.006 0.193 0.022 0.007 0.003 0.010 0.015 
273      419    (0)   15 :  0.137 0.079 0.003 0.077 0.004 0.200 0.008 0.007 0.227 0.005 0.215 0.009 0.014 0.005 0.005 0.006 
274      420    (0)   15 :  0.141 0.159 0.060 0.070 0.032 0.107 0.011 0.018 0.124 0.045 0.128 0.003 0.046 0.009 0.031 0.014 
275      409    (0)   16 :  0.101 0.146 0.004 0.080 0.014 0.198 0.007 0.011 0.167 0.002 0.117 0.112 0.016 0.006 0.007 0.013 
276      414    (0)   16 :  0.111 0.169 0.007 0.067 0.083 0.223 0.008 0.011 0.162 0.003 0.108 0.014 0.006 0.007 0.009 0.014 
277      415    (2)   16 :  0.137 0.199 0.013 0.129 0.006 0.231 0.032 0.008 0.124 0.004 0.083 0.004 0.004 0.010 0.006 0.011 
278      416    (0)   16 :  0.121 0.106 0.010 0.091 0.013 0.188 0.004 0.012 0.131 0.003 0.174 0.070 0.021 0.025 0.021 0.010 
279      571    (0)    2 :  0.008 0.009 0.004 0.009 0.469 0.009 0.032 0.012 0.007 0.004 0.008 0.004 0.027 0.039 0.323 0.035 
280      572    (0)    2 :  0.009 0.010 0.003 0.006 0.778 0.009 0.006 0.004 0.009 0.005 0.010 0.014 0.003 0.072 0.047 0.016 
281      573    (2)    2 :  0.005 0.005 0.002 0.003 0.849 0.004 0.004 0.003 0.004 0.001 0.004 0.003 0.003 0.004 0.104 0.002 
282      574    (0)    2 :  0.008 0.009 0.002 0.007 0.881 0.009 0.004 0.005 0.008 0.002 0.007 0.014 0.004 0.013 0.022 0.005 
283      575    (2)    2 :  0.005 0.005 0.004 0.004 0.925 0.005 0.003 0.003 0.004 0.006 0.005 0.004 0.004 0.004 0.005 0.015 
284      576    (0)    2 :  0.004 0.004 0.003 0.004 0.652 0.004 0.003 0.003 0.004 0.001 0.004 0.004 0.003 0.008 0.294 0.004 
285      577    (0)    2 :  0.002 0.002 0.003 0.002 0.960 0.003 0.003 0.002 0.002 0.002 0.002 0.004 0.002 0.004 0.004 0.002 
286      578    (0)    2 :  0.002 0.002 0.003 0.002 0.960 0.002 0.002 0.002 0.002 0.001 0.002 0.008 0.002 0.002 0.005 0.002 
287      579    (0)    2 :  0.002 0.002 0.002 0.003 0.962 0.002 0.001 0.003 0.002 0.001 0.002 0.003 0.003 0.002 0.005 0.002 
288      580    (0)    2 :  0.002 0.002 0.001 0.002 0.959 0.002 0.002 0.003 0.002 0.001 0.002 0.002 0.003 0.003 0.008 0.002 
289      581    (0)    2 :  0.005 0.005 0.003 0.006 0.848 0.004 0.002 0.011 0.004 0.006 0.004 0.023 0.008 0.010 0.058 0.004 
290      582    (4)    2 :  0.014 0.017 0.013 0.012 0.754 0.015 0.002 0.010 0.013 0.040 0.013 0.003 0.008 0.020 0.058 0.007 
291      583    (0)    2 :  0.020 0.020 0.010 0.012 0.834 0.013 0.009 0.009 0.017 0.008 0.016 0.003 0.007 0.004 0.005 0.010 
292      584    (0)    2 :  0.012 0.012 0.009 0.009 0.779 0.010 0.004 0.028 0.011 0.006 0.012 0.016 0.044 0.007 0.034 0.008 
293      585    (0)    2 :  0.005 0.006 0.002 0.005 0.879 0.006 0.007 0.005 0.005 0.002 0.004 0.002 0.006 0.017 0.039 0.010 
294      586    (2)    2 :  0.004 0.003 0.005 0.005 0.926 0.004 0.003 0.005 0.003 0.004 0.003 0.003 0.005 0.007 0.014 0.004 
295      587    (0)    2 :  0.004 0.004 0.002 0.003 0.910 0.004 0.002 0.003 0.005 0.002 0.005 0.021 0.002 0.008 0.019 0.004 
296      588    (0)    2 :  0.009 0.013 0.006 0.007 0.873 0.014 0.008 0.003 0.008 0.016 0.008 0.003 0.005 0.005 0.015 0.007 
297      589    (0)    2 :  0.011 0.012 0.012 0.008 0.849 0.010 0.002 0.008 0.009 0.005 0.010 0.009 0.015 0.008 0.010 0.022 
298      590    (0)    2 :  0.004 0.004 0.004 0.005 0.891 0.003 0.031 0.004 0.003 0.010 0.004 0.017 0.003 0.010 0.005 0.002 
299      527    (2)    3 :  0.014 0.016 0.014 0.015 0.536 0.016 0.016 0.013 0.010 0.018 0.010 0.002 0.009 0.027 0.273 0.009 
300      528    (4)    3 :  0.026 0.029 0.008 0.018 0.186 0.024 0.004 0.007 0.021 0.003 0.021 0.019 0.004 0.072 0.180 0.377 
301      529    (4)    3 :  0.032 0.032 0.004 0.022 0.382 0.022 0.005 0.019 0.021 0.012 0.023 0.015 0.018 0.011 0.240 0.142 
302      530    (0)    3 :  0.006 0.005 0.004 0.004 0.005 0.005 0.005 0.003 0.006 0.004 0.006 0.004 0.003 0.005 0.928 0.008 
303      531    (2)    3 :  0.010 0.010 0.006 0.007 0.017 0.007 0.004 0.004 0.009 0.006 0.009 0.013 0.007 0.014 0.838 0.038 
304      532    (4)    3 :  0.014 0.013 0.002 0.007 0.009 0.009 0.033 0.005 0.012 0.002 0.014 0.003 0.004 0.014 0.773 0.086 
305      533    (0)    3 :  0.050 0.046 0.002 0.027 0.021 0.059 0.003 0.029 0.056 0.003 0.053 0.025 0.009 0.029 0.575 0.014 
306      534    (2)    3 :  0.007 0.007 0.006 0.006 0.008 0.007 0.003 0.004 0.007 0.002 0.007 0.016 0.005 0.042 0.867 0.007 
307      535    (2)    3 :  0.018 0.019 0.003 0.015 0.426 0.016 0.010 0.007 0.017 0.005 0.018 0.006 0.010 0.016 0.375 0.042 
308      536    (2)    3 :  0.008 0.007 0.002 0.005 0.015 0.006 0.004 0.005 0.007 0.015 0.007 0.027 0.006 0.009 0.874 0.003 
309      537    (2)    3 :  0.005 0.006 0.011 0.005 0.004 0.006 0.002 0.007 0.005 0.002 0.005 0.009 0.007 0.005 0.915 0.005 
310      538    (2)    3 :  0.054 0.056 0.004 0.034 0.139 0.049 0.005 0.026 0.049 0.002 0.050 0.004 0.012 0.079 0.433 0.005 
311      539    (2)    3 :  0.004 0.004 0.002 0.005 0.005 0.004 0.004 0.003 0.004 0.002 0.004 0.003 0.003 0.070 0.879 0.005 
312      540    (2)    3 :  0.013 0.012 0.002 0.013 0.017 0.013 0.005 0.008 0.016 0.001 0.016 0.012 0.014 0.009 0.843 0.006 
313      541    (2)    3 :  0.012 0.010 0.003 0.011 0.010 0.009 0.006 0.023 0.012 0.002 0.013 0.009 0.040 0.051 0.739 0.051 
314      542    (2)    3 :  0.023 0.021 0.009 0.051 0.018 0.018 0.005 0.041 0.019 0.004 0.020 0.013 0.027 0.065 0.649 0.015 
315      543    (0)    3 :  0.060 0.062 0.012 0.028 0.008 0.033 0.004 0.013 0.033 0.002 0.034 0.020 0.040 0.026 0.617 0.009 
316      544    (2)    3 :  0.004 0.003 0.002 0.003 0.006 0.004 0.002 0.003 0.004 0.002 0.004 0.004 0.003 0.011 0.943 0.003 
317      545    (2)    3 :  0.009 0.015 0.002 0.012 0.022 0.034 0.010 0.011 0.008 0.002 0.008 0.005 0.004 0.824 0.029 0.005 
318      546    (4)    3 :  0.019 0.032 0.002 0.017 0.022 0.064 0.013 0.011 0.015 0.002 0.012 0.005 0.003 0.768 0.011 0.004 
319      547    (6)    3 :  0.046 0.052 0.032 0.029 0.096 0.039 0.039 0.020 0.035 0.017 0.036 0.011 0.014 0.012 0.512 0.009 
320      019    (0)    4 :  0.007 0.007 0.004 0.006 0.121 0.007 0.003 0.019 0.007 0.004 0.007 0.008 0.034 0.716 0.036 0.015 
321      064    (0)    4 :  0.002 0.003 0.002 0.002 0.007 0.002 0.004 0.003 0.002 0.001 0.002 0.003 0.003 0.918 0.043 0.002 
322      065    (0)    4 :  0.002 0.002 0.002 0.002 0.004 0.002 0.002 0.003 0.002 0.001 0.002 0.005 0.003 0.015 0.950 0.002 
323      066    (0)    4 :  0.011 0.010 0.003 0.010 0.022 0.010 0.010 0.014 0.010 0.002 0.011 0.006 0.015 0.536 0.325 0.004 
324      067    (0)    4 :  0.008 0.009 0.010 0.007 0.009 0.008 0.005 0.020 0.008 0.007 0.007 0.009 0.017 0.848 0.011 0.018 
325      068    (0)    4 :  0.010 0.009 0.030 0.010 0.020 0.008 0.021 0.011 0.008 0.002 0.008 0.009 0.009 0.024 0.806 0.017 
326      069    (0)    4 :  0.005 0.007 0.004 0.006 0.022 0.009 0.017 0.004 0.006 0.001 0.006 0.013 0.005 0.741 0.145 0.007 
327      107    (0)    4 :  0.004 0.005 0.003 0.005 0.023 0.005 0.006 0.005 0.004 0.001 0.004 0.003 0.007 0.549 0.372 0.005 
328      110    (0)    4 :  0.003 0.003 0.002 0.002 0.004 0.003 0.003 0.003 0.002 0.003 0.002 0.002 0.002 0.956 0.003 0.008 
329      121    (0)    4 :  0.004 0.005 0.003 0.005 0.020 0.004 0.003 0.008 0.004 0.002 0.004 0.003 0.004 0.024 0.892 0.013 
330      137    (0)    4 :  0.009 0.010 0.002 0.010 0.004 0.009 0.005 0.010 0.008 0.011 0.008 0.006 0.008 0.886 0.012 0.004 
331      146    (0)    4 :  0.024 0.014 0.004 0.010 0.016 0.013 0.002 0.007 0.027 0.003 0.034 0.022 0.004 0.488 0.325 0.006 
332      149    (0)    4 :  0.004 0.004 0.002 0.005 0.008 0.004 0.002 0.007 0.004 0.004 0.004 0.002 0.005 0.934 0.005 0.005 
333      154    (0)    4 :  0.006 0.007 0.017 0.006 0.033 0.006 0.003 0.007 0.005 0.002 0.005 0.167 0.006 0.686 0.038 0.005 
334      179    (0)    4 :  0.004 0.004 0.004 0.005 0.196 0.004 0.007 0.004 0.004 0.002 0.004 0.004 0.005 0.540 0.208 0.004 
335      181    (0)    4 :  0.004 0.004 0.002 0.003 0.137 0.003 0.002 0.003 0.004 0.002 0.004 0.005 0.003 0.770 0.053 0.003 
336      182    (0)    4 :  0.013 0.011 0.014 0.007 0.014 0.010 0.017 0.008 0.010 0.003 0.011 0.006 0.005 0.064 0.784 0.025 
337      186    (0)    4 :  0.021 0.020 0.004 0.017 0.016 0.016 0.009 0.010 0.020 0.006 0.022 0.005 0.008 0.572 0.167 0.086 
338      193    (0)    4 :  0.008 0.009 0.004 0.006 0.023 0.008 0.004 0.005 0.008 0.002 0.008 0.009 0.011 0.379 0.509 0.006 
339      320    (0)    4 :  0.008 0.006 0.012 0.005 0.010 0.006 0.003 0.008 0.009 0.003 0.009 0.011 0.005 0.850 0.046 0.008 
340      341    (0)    4 :  0.007 0.007 0.004 0.008 0.158 0.006 0.006 0.013 0.007 0.003 0.007 0.003 0.010 0.091 0.668 0.004 
341      376    (0)    4 :  0.018 0.015 0.003 0.012 0.093 0.014 0.022 0.005 0.018 0.003 0.020 0.011 0.006 0.228 0.502 0.030 
342      395    (0)    4 :  0.007 0.008 0.004 0.012 0.008 0.006 0.004 0.009 0.007 0.006 0.006 0.055 0.019 0.571 0.269 0.010 
343      396    (0)    4 :  0.003 0.003 0.002 0.003 0.003 0.003 0.004 0.003 0.003 0.003 0.003 0.003 0.003 0.021 0.938 0.002 
344      397    (0)    4 :  0.005 0.005 0.006 0.005 0.006 0.005 0.002 0.004 0.004 0.009 0.004 0.010 0.004 0.041 0.886 0.005 
345      398    (0)    4 :  0.007 0.006 0.004 0.004 0.017 0.005 0.005 0.003 0.007 0.004 0.007 0.054 0.005 0.372 0.488 0.012 
346      399    (0)    4 :  0.006 0.005 0.004 0.004 0.019 0.005 0.006 0.005 0.006 0.002 0.006 0.003 0.003 0.006 0.908 0.013 
347      400    (0)    4 :  0.009 0.008 0.002 0.005 0.003 0.007 0.011 0.004 0.009 0.002 0.011 0.007 0.003 0.867 0.039 0.013 
348      401    (0)    4 :  0.012 0.011 0.002 0.009 0.010 0.010 0.007 0.007 0.010 0.003 0.010 0.006 0.005 0.773 0.121 0.004 
349      402    (0)    4 :  0.003 0.004 0.003 0.003 0.003 0.003 0.004 0.002 0.003 0.002 0.003 0.002 0.002 0.950 0.003 0.007 
350      403    (0)    4 :  0.014 0.010 0.004 0.009 0.008 0.009 0.010 0.019 0.014 0.010 0.015 0.004 0.010 0.322 0.526 0.016 
351      073    (0)    5 :  0.004 0.004 0.002 0.004 0.005 0.004 0.003 0.005 0.004 0.002 0.004 0.002 0.006 0.005 0.943 0.005 
352      074    (0)    5 :  0.007 0.008 0.005 0.005 0.017 0.007 0.002 0.004 0.006 0.002 0.006 0.040 0.006 0.004 0.879 0.003 
353      075    (0)    5 :  0.006 0.006 0.004 0.007 0.020 0.009 0.003 0.009 0.007 0.003 0.007 0.008 0.006 0.010 0.891 0.005 
354      076    (0)    5 :  0.006 0.006 0.005 0.008 0.010 0.006 0.003 0.010 0.005 0.005 0.006 0.004 0.004 0.007 0.904 0.010 
355      077    (0)    5 :  0.008 0.008 0.009 0.008 0.007 0.010 0.006 0.008 0.006 0.003 0.006 0.003 0.013 0.011 0.888 0.005 
356      078    (0)    5 :  0.030 0.032 0.005 0.011 0.032 0.053 0.004 0.008 0.026 0.005 0.020 0.005 0.007 0.009 0.749 0.005 
357      079    (0)    5 :  0.011 0.012 0.002 0.009 0.010 0.009 0.008 0.010 0.010 0.001 0.009 0.003 0.006 0.011 0.882 0.007 
358      080    (0)    5 :  0.005 0.005 0.015 0.004 0.010 0.005 0.004 0.006 0.005 0.002 0.004 0.003 0.003 0.005 0.909 0.013 
359      081    (0)    5 :  0.014 0.015 0.005 0.012 0.075 0.012 0.005 0.009 0.012 0.016 0.012 0.015 0.065 0.068 0.654 0.009 
360      082    (0)    5 :  0.003 0.003 0.003 0.003 0.008 0.003 0.005 0.002 0.003 0.002 0.003 0.003 0.003 0.016 0.933 0.006 
361      083    (0)    5 :  0.010 0.012 0.002 0.009 0.099 0.010 0.011 0.006 0.009 0.003 0.009 0.015 0.004 0.042 0.753 0.007 
362      084    (0)    5 :  0.006 0.006 0.002 0.007 0.089 0.006 0.002 0.013 0.006 0.007 0.005 0.132 0.014 0.017 0.684 0.003 
363      085    (0)    5 :  0.019 0.019 0.003 0.154 0.053 0.021 0.025 0.089 0.017 0.016 0.016 0.011 0.047 0.053 0.450 0.008 
364      404    (0)    5 :  0.006 0.006 0.003 0.005 0.031 0.006 0.003 0.008 0.005 0.003 0.005 0.030 0.007 0.012 0.862 0.006 
365      405    (0)    5 :  0.007 0.007 0.002 0.006 0.019 0.009 0.002 0.006 0.006 0.012 0.006 0.006 0.013 0.006 0.888 0.004 
366      406    (0)    5 :  0.009 0.012 0.004 0.007 0.011 0.018 0.007 0.003 0.010 0.009 0.009 0.010 0.004 0.004 0.875 0.007 
367      407    (0)    5 :  0.006 0.006 0.003 0.008 0.015 0.006 0.002 0.008 0.005 0.003 0.005 0.006 0.008 0.094 0.821 0.003 
368      408    (0)    5 :  0.005 0.005 0.005 0.005 0.023 0.005 0.003 0.004 0.005 0.002 0.005 0.006 0.006 0.005 0.912 0.004 
369      411    (2)    5 :  0.003 0.003 0.003 0.003 0.026 0.003 0.003 0.004 0.003 0.002 0.003 0.006 0.005 0.006 0.925 0.003 
370      412    (0)    5 :  0.011 0.011 0.008 0.014 0.084 0.009 0.008 0.010 0.010 0.006 0.010 0.005 0.022 0.010 0.768 0.014 
371      413    (0)    5 :  0.007 0.014 0.002 0.005 0.028 0.029 0.002 0.005 0.006 0.002 0.005 0.004 0.005 0.019 0.864 0.002 
372      591    (0)    6 :  0.007 0.006 0.004 0.006 0.002 0.006 0.005 0.009 0.006 0.007 0.006 0.008 0.009 0.002 0.005 0.912 
373      592    (0)    6 :  0.011 0.009 0.006 0.010 0.011 0.007 0.005 0.012 0.009 0.003 0.010 0.005 0.122 0.004 0.010 0.765 
374      593    (0)    6 :  0.007 0.008 0.002 0.006 0.016 0.009 0.005 0.006 0.007 0.006 0.007 0.004 0.006 0.005 0.008 0.898 
375      594    (0)    6 :  0.025 0.023 0.010 0.015 0.012 0.020 0.005 0.011 0.023 0.005 0.024 0.007 0.048 0.010 0.044 0.719 
376      595    (0)    6 :  0.015 0.018 0.012 0.014 0.006 0.018 0.005 0.008 0.013 0.004 0.013 0.003 0.005 0.015 0.011 0.841 
377      596    (0)    6 :  0.006 0.006 0.018 0.005 0.005 0.006 0.007 0.004 0.007 0.006 0.006 0.002 0.005 0.006 0.006 0.904 
378      597    (0)    6 :  0.015 0.016 0.007 0.023 0.028 0.011 0.003 0.015 0.010 0.002 0.011 0.003 0.008 0.026 0.025 0.796 
379      598    (0)    6 :  0.057 0.049 0.029 0.070 0.010 0.034 0.012 0.030 0.062 0.002 0.052 0.003 0.009 0.035 0.006 0.540 
380      599    (0)    6 :  0.008 0.008 0.003 0.012 0.034 0.007 0.005 0.104 0.006 0.007 0.006 0.003 0.097 0.003 0.004 0.693 
381      600    (0)    6 :  0.006 0.006 0.011 0.006 0.002 0.006 0.003 0.006 0.006 0.004 0.006 0.001 0.003 0.008 0.004 0.920 
382      601    (0)    6 :  0.016 0.020 0.002 0.024 0.008 0.015 0.005 0.021 0.012 0.002 0.014 0.002 0.020 0.024 0.023 0.790 
383      602    (0)    6 :  0.014 0.016 0.006 0.017 0.004 0.013 0.005 0.011 0.011 0.004 0.011 0.005 0.009 0.015 0.007 0.852 
384      603    (0)    6 :  0.040 0.042 0.009 0.241 0.008 0.033 0.010 0.189 0.027 0.007 0.032 0.008 0.214 0.005 0.007 0.129 
385      604    (0)    6 :  0.014 0.014 0.009 0.009 0.009 0.011 0.011 0.003 0.013 0.003 0.012 0.003 0.004 0.007 0.009 0.870 
386      605    (0)    6 :  0.040 0.028 0.026 0.019 0.003 0.019 0.004 0.009 0.046 0.005 0.050 0.003 0.010 0.006 0.012 0.722 
387      606    (0)    6 :  0.012 0.010 0.008 0.007 0.010 0.008 0.003 0.010 0.011 0.022 0.011 0.005 0.009 0.004 0.003 0.865 
388      607    (0)    6 :  0.006 0.005 0.008 0.006 0.003 0.004 0.116 0.004 0.006 0.003 0.006 0.002 0.003 0.015 0.012 0.802 
389      608    (0)    6 :  0.006 0.006 0.003 0.007 0.005 0.006 0.017 0.019 0.006 0.003 0.006 0.006 0.007 0.004 0.005 0.895 
390      609    (0)    6 :  0.009 0.008 0.003 0.008 0.005 0.008 0.008 0.005 0.008 0.004 0.008 0.003 0.005 0.004 0.003 0.910 
391      610    (0)    6 :  0.099 0.114 0.009 0.071 0.006 0.083 0.021 0.030 0.068 0.003 0.058 0.009 0.011 0.007 0.021 0.390 
392      611    (2)    6 :  0.008 0.009 0.007 0.007 0.010 0.010 0.023 0.003 0.008 0.003 0.008 0.012 0.004 0.009 0.010 0.870 
393      612    (0)    6 :  0.016 0.022 0.044 0.016 0.004 0.018 0.065 0.011 0.014 0.002 0.012 0.003 0.007 0.067 0.011 0.689 
394      755    (0)    6 :  0.030 0.030 0.045 0.022 0.016 0.028 0.260 0.007 0.032 0.003 0.032 0.024 0.012 0.008 0.012 0.440 
395      756    (0)    6 :  0.007 0.006 0.003 0.009 0.028 0.006 0.014 0.007 0.007 0.004 0.007 0.009 0.010 0.003 0.009 0.874 
396      757    (0)    6 :  0.012 0.012 0.005 0.009 0.006 0.010 0.009 0.005 0.014 0.003 0.016 0.004 0.011 0.006 0.010 0.867 
397      002    (0)    7 :  0.009 0.008 0.002 0.011 0.012 0.007 0.006 0.006 0.008 0.003 0.008 0.021 0.004 0.324 0.567 0.005 
398      099    (2)    7 :  0.157 0.188 0.094 0.111 0.002 0.145 0.004 0.034 0.101 0.013 0.130 0.003 0.007 0.004 0.002 0.006 
399      641    (2)    7 :  0.089 0.103 0.004 0.035 0.075 0.116 0.025 0.009 0.093 0.014 0.066 0.012 0.009 0.170 0.126 0.053 
400      642    (0)    7 :  0.010 0.010 0.003 0.010 0.015 0.008 0.005 0.013 0.013 0.003 0.012 0.009 0.016 0.004 0.849 0.020 
401      643    (2)    7 :  0.021 0.013 0.003 0.018 0.010 0.012 0.004 0.013 0.029 0.002 0.031 0.015 0.018 0.006 0.786 0.020 
402      644    (0)    7 :  0.010 0.009 0.008 0.010 0.008 0.009 0.009 0.016 0.010 0.004 0.012 0.006 0.017 0.015 0.850 0.006 
403      645    (0)    7 :  0.052 0.035 0.003 0.035 0.024 0.033 0.124 0.010 0.066 0.039 0.081 0.019 0.024 0.012 0.408 0.034 
404      646    (0)    7 :  0.058 0.071 0.009 0.052 0.014 0.073 0.159 0.022 0.055 0.010 0.052 0.012 0.006 0.325 0.070 0.013 
405      006    (0)    8 :  0.017 0.018 0.003 0.016 0.005 0.016 0.006 0.005 0.014 0.003 0.013 0.629 0.006 0.006 0.237 0.006 
406      011    (0)    8 :  0.003 0.003 0.003 0.003 0.016 0.003 0.002 0.003 0.003 0.003 0.003 0.013 0.004 0.003 0.932 0.003 
407      033    (2)    8 :  0.006 0.006 0.003 0.015 0.096 0.006 0.005 0.011 0.005 0.003 0.006 0.664 0.006 0.016 0.131 0.022 
408      048    (0)    8 :  0.016 0.020 0.005 0.019 0.021 0.017 0.006 0.043 0.016 0.009 0.016 0.054 0.262 0.012 0.467 0.015 
409      061    (0)    8 :  0.002 0.002 0.001 0.002 0.002 0.002 0.003 0.001 0.002 0.004 0.002 0.970 0.002 0.002 0.002 0.002 
410      088    (0)    8 :  0.013 0.012 0.007 0.011 0.008 0.011 0.003 0.013 0.013 0.005 0.011 0.026 0.017 0.011 0.827 0.011 
411      091    (0)    8 :  0.003 0.004 0.004 0.003 0.023 0.005 0.006 0.003 0.003 0.002 0.003 0.925 0.003 0.003 0.007 0.004 
412      098    (0)    8 :  0.005 0.005 0.003 0.006 0.004 0.005 0.007 0.009 0.005 0.013 0.005 0.008 0.019 0.010 0.883 0.014 
413      104    (0)    8 :  0.003 0.003 0.002 0.003 0.005 0.003 0.002 0.003 0.003 0.002 0.003 0.004 0.005 0.024 0.934 0.002 
414      196    (0)    8 :  0.006 0.006 0.006 0.006 0.021 0.005 0.003 0.007 0.006 0.005 0.006 0.591 0.011 0.016 0.296 0.009 
415      197    (0)    8 :  0.024 0.027 0.019 0.029 0.052 0.027 0.004 0.015 0.020 0.009 0.021 0.292 0.009 0.019 0.420 0.014 
416      201    (0)    8 :  0.008 0.006 0.001 0.006 0.136 0.006 0.002 0.004 0.008 0.001 0.009 0.620 0.006 0.011 0.171 0.006 
417      202    (0)    8 :  0.014 0.016 0.013 0.014 0.019 0.015 0.002 0.016 0.012 0.021 0.011 0.030 0.024 0.013 0.773 0.005 
418      204    (0)    8 :  0.004 0.004 0.002 0.008 0.071 0.004 0.011 0.007 0.005 0.002 0.005 0.417 0.010 0.032 0.415 0.003 
419      231    (0)    8 :  0.006 0.007 0.005 0.013 0.139 0.006 0.011 0.013 0.006 0.001 0.006 0.014 0.019 0.090 0.653 0.012 
420      328    (0)    8 :  0.004 0.004 0.002 0.005 0.020 0.004 0.002 0.005 0.004 0.005 0.005 0.240 0.005 0.003 0.684 0.006 
421      346    (0)    8 :  0.004 0.004 0.007 0.004 0.009 0.004 0.003 0.004 0.004 0.003 0.004 0.311 0.005 0.006 0.622 0.007 
422      212    (0)    9 :  0.003 0.003 0.958 0.003 0.003 0.003 0.003 0.004 0.003 0.001 0.003 0.002 0.004 0.004 0.002 0.002 
423      213    (0)    9 :  0.005 0.004 0.933 0.006 0.002 0.004 0.003 0.004 0.005 0.003 0.005 0.009 0.007 0.002 0.006 0.003 
424      214    (0)    9 :  0.006 0.005 0.933 0.005 0.002 0.005 0.002 0.006 0.006 0.001 0.006 0.002 0.003 0.006 0.005 0.006 
425      215    (0)    9 :  0.004 0.004 0.935 0.004 0.005 0.004 0.003 0.004 0.004 0.004 0.004 0.003 0.008 0.004 0.006 0.005 
426      216    (0)    9 :  0.003 0.003 0.943 0.004 0.009 0.004 0.004 0.004 0.003 0.002 0.003 0.004 0.005 0.002 0.004 0.003 
427      217    (0)    9 :  0.007 0.006 0.925 0.005 0.006 0.005 0.006 0.005 0.007 0.002 0.007 0.004 0.004 0.004 0.004 0.003 
428      218    (0)    9 :  0.003 0.003 0.955 0.003 0.005 0.003 0.004 0.003 0.003 0.002 0.003 0.002 0.003 0.002 0.003 0.003 
429      332    (0)    9 :  0.009 0.007 0.851 0.008 0.011 0.006 0.034 0.009 0.008 0.005 0.009 0.003 0.008 0.007 0.008 0.015 
430      333    (0)    9 :  0.012 0.012 0.837 0.009 0.012 0.012 0.006 0.007 0.011 0.011 0.011 0.004 0.006 0.014 0.008 0.027 
431      334    (0)    9 :  0.005 0.005 0.908 0.005 0.028 0.005 0.007 0.004 0.005 0.003 0.004 0.003 0.004 0.002 0.005 0.007 
432      335    (0)    9 :  0.003 0.003 0.958 0.003 0.003 0.003 0.002 0.004 0.003 0.002 0.003 0.001 0.005 0.002 0.002 0.003 
433      336    (0)    9 :  0.003 0.003 0.941 0.003 0.003 0.003 0.003 0.003 0.003 0.014 0.003 0.004 0.002 0.005 0.003 0.005 
434      337    (0)    9 :  0.005 0.005 0.917 0.004 0.014 0.005 0.002 0.003 0.005 0.002 0.005 0.002 0.003 0.008 0.007 0.010 
435      673    (0)    9 :  0.001 0.001 0.977 0.001 0.002 0.001 0.001 0.002 0.001 0.001 0.001 0.001 0.002 0.001 0.002 0.002 
436      674    (0)    9 :  0.006 0.006 0.932 0.005 0.005 0.005 0.008 0.005 0.004 0.002 0.004 0.002 0.004 0.005 0.004 0.005 
437      675    (0)    9 :  0.004 0.004 0.940 0.005 0.003 0.004 0.003 0.004 0.004 0.005 0.004 0.004 0.006 0.002 0.003 0.005 
438      676    (0)    9 :  0.006 0.005 0.930 0.006 0.003 0.004 0.006 0.007 0.006 0.001 0.006 0.002 0.008 0.002 0.003 0.006 
439      677    (0)    9 :  0.004 0.004 0.938 0.004 0.012 0.004 0.003 0.004 0.004 0.003 0.004 0.002 0.004 0.003 0.005 0.004 
440      678    (0)    9 :  0.010 0.010 0.894 0.007 0.005 0.010 0.003 0.006 0.009 0.004 0.009 0.004 0.008 0.011 0.007 0.004 
441      679    (0)    9 :  0.007 0.007 0.906 0.006 0.007 0.007 0.019 0.005 0.008 0.002 0.007 0.001 0.003 0.002 0.005 0.008 
442      680    (0)    9 :  0.005 0.005 0.908 0.006 0.011 0.005 0.007 0.008 0.005 0.005 0.005 0.003 0.006 0.003 0.004 0.013 
443      681    (0)    9 :  0.006 0.006 0.922 0.005 0.010 0.005 0.005 0.004 0.006 0.002 0.006 0.002 0.005 0.003 0.006 0.007 
444      682    (0)    9 :  0.002 0.002 0.965 0.002 0.002 0.002 0.002 0.002 0.002 0.004 0.002 0.003 0.002 0.002 0.002 0.003 
445      683    (0)    9 :  0.006 0.006 0.920 0.006 0.013 0.006 0.006 0.004 0.005 0.002 0.005 0.004 0.004 0.003 0.004 0.008 
446      684    (0)    9 :  0.005 0.005 0.935 0.005 0.003 0.006 0.004 0.007 0.005 0.003 0.004 0.002 0.005 0.003 0.002 0.006 
447      685    (0)    9 :  0.006 0.006 0.931 0.004 0.002 0.006 0.003 0.003 0.006 0.003 0.005 0.003 0.003 0.006 0.003 0.010 
448      686    (0)    9 :  0.002 0.002 0.966 0.002 0.002 0.002 0.002 0.002 0.002 0.003 0.002 0.002 0.002 0.002 0.002 0.003 
449      687    (0)    9 :  0.002 0.002 0.965 0.002 0.002 0.002 0.002 0.002 0.002 0.002 0.002 0.002 0.004 0.002 0.002 0.004 
450      688    (0)    9 :  0.004 0.004 0.928 0.005 0.004 0.003 0.005 0.012 0.004 0.002 0.003 0.003 0.005 0.004 0.008 0.006 


Estimated Allele Frequencies in each cluster
First column gives estimated ancestral frequencies


Locus 1 : 1 
4 alleles
0.0% missing data
  89   (0.543) 0.545 0.552 0.643 0.501 0.636 0.558 0.796 0.507 0.539 0.068 0.540 0.697 0.587 0.276 0.618 0.549 
  91   (0.374) 0.385 0.377 0.312 0.446 0.206 0.374 0.185 0.405 0.392 0.705 0.388 0.293 0.358 0.590 0.347 0.434 
  99   (0.015) 0.012 0.011 0.001 0.009 0.001 0.013 0.003 0.005 0.016 0.129 0.016 0.002 0.025 0.001 0.000 0.003 
  93   (0.068) 0.058 0.060 0.044 0.045 0.157 0.055 0.015 0.082 0.053 0.098 0.056 0.008 0.029 0.132 0.034 0.014 

Locus 2 : 2 
6 alleles
1.1% missing data
 136   (0.354) 0.394 0.367 0.458 0.267 0.443 0.356 0.147 0.106 0.414 0.189 0.414 0.116 0.064 0.727 0.578 0.417 
 134   (0.235) 0.220 0.213 0.384 0.217 0.109 0.190 0.663 0.223 0.208 0.027 0.221 0.203 0.279 0.168 0.152 0.409 
 138   (0.300) 0.287 0.315 0.151 0.394 0.368 0.354 0.139 0.560 0.283 0.771 0.271 0.249 0.485 0.093 0.225 0.143 
 140   (0.065) 0.060 0.063 0.004 0.062 0.077 0.057 0.018 0.044 0.055 0.008 0.054 0.428 0.034 0.008 0.044 0.016 
 132   (0.021) 0.019 0.024 0.001 0.016 0.002 0.028 0.004 0.005 0.022 0.002 0.021 0.002 0.003 0.002 0.001 0.004 
 142   (0.025) 0.020 0.019 0.002 0.045 0.002 0.014 0.030 0.061 0.018 0.003 0.019 0.002 0.135 0.002 0.001 0.012 

Locus 3 : 3 
6 alleles
0.0% missing data
 181   (0.258) 0.238 0.247 0.066 0.201 0.164 0.222 0.325 0.273 0.229 0.182 0.224 0.069 0.427 0.088 0.249 0.402 
 187   (0.345) 0.357 0.378 0.256 0.347 0.664 0.428 0.150 0.218 0.346 0.772 0.334 0.669 0.151 0.543 0.480 0.165 
 179   (0.251) 0.256 0.237 0.016 0.281 0.160 0.227 0.345 0.284 0.267 0.030 0.280 0.247 0.190 0.354 0.240 0.402 
 191   (0.029) 0.023 0.025 0.197 0.017 0.002 0.023 0.007 0.006 0.022 0.003 0.021 0.004 0.008 0.003 0.027 0.005 
 175   (0.043) 0.051 0.040 0.003 0.078 0.003 0.032 0.039 0.048 0.060 0.005 0.062 0.004 0.175 0.004 0.001 0.008 
 185   (0.074) 0.075 0.072 0.463 0.075 0.006 0.068 0.134 0.171 0.076 0.008 0.079 0.007 0.048 0.007 0.002 0.018 

Locus 4 : 4 
12 alleles
0.2% missing data
 253   (0.504) 0.506 0.500 0.466 0.501 0.531 0.470 0.604 0.349 0.528 0.598 0.524 0.625 0.641 0.438 0.803 0.619 
 249   (0.024) 0.019 0.023 0.001 0.011 0.003 0.020 0.005 0.004 0.016 0.003 0.015 0.317 0.003 0.019 0.070 0.004 
 271   (0.038) 0.036 0.035 0.002 0.035 0.003 0.034 0.011 0.013 0.035 0.004 0.037 0.005 0.006 0.052 0.035 0.009 
 241   (0.150) 0.154 0.145 0.151 0.169 0.058 0.137 0.112 0.201 0.155 0.183 0.155 0.021 0.110 0.389 0.015 0.146 
 257   (0.006) 0.005 0.004 0.000 0.002 0.000 0.003 0.001 0.001 0.004 0.001 0.004 0.000 0.001 0.002 0.000 0.001 
 269   (0.178) 0.180 0.195 0.095 0.202 0.397 0.240 0.243 0.400 0.164 0.200 0.157 0.022 0.186 0.078 0.073 0.180 
 245   (0.006) 0.004 0.005 0.000 0.003 0.000 0.004 0.001 0.001 0.003 0.001 0.003 0.000 0.001 0.001 0.000 0.001 
 247   (0.063) 0.069 0.068 0.282 0.061 0.005 0.074 0.016 0.021 0.069 0.007 0.075 0.007 0.047 0.007 0.002 0.032 
 239   (0.010) 0.012 0.008 0.001 0.004 0.001 0.005 0.002 0.002 0.011 0.001 0.014 0.001 0.001 0.001 0.000 0.003 
 273   (0.008) 0.009 0.006 0.000 0.003 0.001 0.004 0.002 0.001 0.009 0.001 0.011 0.001 0.001 0.001 0.000 0.001 
 267   (0.006) 0.004 0.005 0.000 0.002 0.001 0.006 0.002 0.001 0.003 0.001 0.003 0.001 0.001 0.013 0.000 0.001 
 255   (0.006) 0.004 0.004 0.000 0.006 0.000 0.003 0.001 0.004 0.003 0.001 0.003 0.001 0.003 0.001 0.000 0.003 

Locus 5 : 5 
6 alleles
0.7% missing data
 103   (0.867) 0.838 0.816 0.980 0.896 0.989 0.748 0.955 0.939 0.830 0.984 0.844 0.986 0.969 0.970 0.992 0.931 
 104   (0.055) 0.078 0.096 0.003 0.044 0.005 0.174 0.025 0.039 0.083 0.006 0.073 0.006 0.015 0.022 0.005 0.025 
 105   (0.042) 0.053 0.052 0.003 0.038 0.003 0.050 0.010 0.013 0.059 0.005 0.059 0.005 0.011 0.004 0.001 0.034 
 102   (0.016) 0.015 0.018 0.001 0.012 0.001 0.014 0.003 0.005 0.013 0.003 0.010 0.001 0.002 0.001 0.000 0.005 
 107   (0.011) 0.010 0.011 0.001 0.005 0.001 0.008 0.002 0.002 0.010 0.001 0.009 0.001 0.001 0.001 0.000 0.003 
 101   (0.009) 0.006 0.007 0.012 0.004 0.001 0.005 0.005 0.002 0.005 0.001 0.005 0.001 0.001 0.001 0.000 0.002 

Locus 6 : 6 
5 alleles
0.2% missing data
 141   (0.270) 0.242 0.251 0.128 0.283 0.501 0.243 0.760 0.141 0.249 0.030 0.253 0.831 0.246 0.296 0.604 0.308 
 145   (0.417) 0.460 0.455 0.261 0.460 0.201 0.486 0.141 0.558 0.459 0.415 0.443 0.077 0.620 0.121 0.174 0.451 
 135   (0.228) 0.217 0.215 0.290 0.201 0.150 0.204 0.075 0.277 0.222 0.545 0.232 0.074 0.121 0.364 0.206 0.135 
 147   (0.075) 0.070 0.070 0.321 0.050 0.147 0.058 0.021 0.021 0.060 0.009 0.061 0.017 0.011 0.218 0.015 0.104 
 137   (0.010) 0.011 0.010 0.001 0.006 0.001 0.008 0.002 0.003 0.010 0.001 0.011 0.001 0.001 0.001 0.000 0.002 

Locus 7 : 7 
10 alleles
1.3% missing data
  93   (0.227) 0.215 0.202 0.064 0.258 0.305 0.186 0.303 0.177 0.222 0.792 0.228 0.620 0.329 0.410 0.334 0.216 
 103   (0.321) 0.319 0.340 0.512 0.364 0.557 0.376 0.138 0.335 0.322 0.044 0.311 0.089 0.365 0.270 0.370 0.529 
  91   (0.067) 0.065 0.068 0.157 0.042 0.048 0.059 0.047 0.016 0.061 0.010 0.063 0.007 0.048 0.007 0.029 0.040 
  97   (0.189) 0.180 0.192 0.255 0.127 0.073 0.188 0.236 0.273 0.168 0.129 0.166 0.027 0.119 0.167 0.185 0.160 
  85   (0.045) 0.050 0.046 0.003 0.027 0.004 0.041 0.010 0.091 0.042 0.007 0.043 0.005 0.021 0.008 0.055 0.014 
  89   (0.079) 0.076 0.073 0.005 0.127 0.008 0.062 0.253 0.087 0.069 0.011 0.071 0.244 0.079 0.130 0.026 0.028 
  83   (0.049) 0.075 0.055 0.003 0.041 0.003 0.057 0.010 0.017 0.095 0.006 0.102 0.005 0.034 0.005 0.001 0.009 
 105   (0.010) 0.009 0.010 0.001 0.008 0.001 0.010 0.002 0.002 0.011 0.001 0.009 0.001 0.002 0.001 0.000 0.002 
 101   (0.006) 0.006 0.009 0.000 0.002 0.000 0.015 0.001 0.001 0.005 0.001 0.003 0.001 0.001 0.001 0.000 0.001 
  99   (0.006) 0.004 0.005 0.000 0.004 0.000 0.004 0.001 0.001 0.004 0.001 0.004 0.001 0.001 0.001 0.000 0.001 

Locus 8 : 8 
8 alleles
0.0% missing data
 129   (0.559) 0.590 0.590 0.637 0.652 0.702 0.625 0.480 0.731 0.586 0.199 0.571 0.663 0.706 0.461 0.704 0.399 
 141   (0.059) 0.045 0.052 0.217 0.037 0.045 0.045 0.012 0.021 0.038 0.006 0.039 0.011 0.013 0.155 0.107 0.096 
 149   (0.079) 0.074 0.070 0.013 0.077 0.160 0.065 0.274 0.047 0.078 0.008 0.079 0.013 0.065 0.026 0.139 0.018 
 143   (0.255) 0.249 0.243 0.129 0.206 0.089 0.227 0.196 0.189 0.261 0.697 0.271 0.309 0.201 0.352 0.048 0.478 
 127   (0.014) 0.013 0.016 0.001 0.009 0.001 0.014 0.003 0.003 0.011 0.049 0.009 0.001 0.002 0.001 0.000 0.002 
 131   (0.011) 0.008 0.009 0.002 0.005 0.001 0.007 0.003 0.003 0.006 0.038 0.006 0.001 0.010 0.001 0.000 0.002 
 133   (0.017) 0.017 0.015 0.001 0.011 0.001 0.015 0.031 0.005 0.017 0.002 0.020 0.002 0.003 0.002 0.001 0.003 
 145   (0.006) 0.005 0.004 0.000 0.002 0.000 0.003 0.001 0.001 0.004 0.001 0.005 0.000 0.001 0.001 0.000 0.001 

Locus 9 : 9 
5 alleles
0.0% missing data
 191   (0.394) 0.385 0.388 0.543 0.271 0.599 0.394 0.548 0.275 0.390 0.337 0.382 0.833 0.325 0.587 0.558 0.481 
 195   (0.148) 0.142 0.128 0.052 0.116 0.234 0.119 0.036 0.256 0.131 0.355 0.149 0.036 0.344 0.036 0.178 0.245 
 189   (0.446) 0.464 0.475 0.404 0.608 0.167 0.481 0.413 0.467 0.471 0.306 0.459 0.130 0.329 0.376 0.261 0.272 
 197   (0.006) 0.006 0.004 0.000 0.002 0.000 0.003 0.001 0.001 0.006 0.001 0.007 0.001 0.001 0.001 0.000 0.001 
 193   (0.006) 0.004 0.004 0.000 0.003 0.001 0.003 0.002 0.002 0.003 0.001 0.003 0.001 0.001 0.001 0.003 0.001 

Locus 10 : 10 
7 alleles
0.2% missing data
 232   (0.251) 0.269 0.273 0.277 0.165 0.137 0.286 0.068 0.136 0.272 0.219 0.269 0.577 0.204 0.376 0.326 0.151 
 238   (0.561) 0.551 0.561 0.340 0.718 0.748 0.563 0.839 0.753 0.544 0.370 0.539 0.138 0.726 0.447 0.552 0.675 
 252   (0.111) 0.115 0.095 0.031 0.072 0.090 0.087 0.078 0.097 0.122 0.014 0.132 0.268 0.060 0.169 0.113 0.119 
 254   (0.043) 0.037 0.038 0.267 0.023 0.023 0.034 0.009 0.008 0.036 0.393 0.036 0.015 0.006 0.005 0.009 0.049 
 250   (0.010) 0.010 0.011 0.001 0.007 0.001 0.011 0.002 0.002 0.010 0.002 0.009 0.001 0.001 0.001 0.000 0.002 
 236   (0.006) 0.004 0.005 0.001 0.003 0.000 0.003 0.001 0.001 0.004 0.001 0.004 0.001 0.001 0.001 0.000 0.002 
 248   (0.018) 0.015 0.017 0.083 0.011 0.001 0.015 0.003 0.003 0.013 0.002 0.012 0.002 0.002 0.002 0.001 0.003 

Locus 11 : 11 
4 alleles
0.0% missing data
  87   (0.695) 0.701 0.709 0.533 0.748 0.580 0.730 0.870 0.851 0.697 0.964 0.696 0.357 0.858 0.564 0.655 0.645 
  89   (0.243) 0.233 0.239 0.383 0.216 0.414 0.223 0.079 0.120 0.233 0.029 0.227 0.620 0.117 0.361 0.277 0.342 
  91   (0.049) 0.053 0.042 0.082 0.029 0.005 0.037 0.013 0.026 0.056 0.005 0.063 0.021 0.023 0.073 0.068 0.010 
  85   (0.013) 0.013 0.011 0.001 0.006 0.001 0.010 0.038 0.002 0.013 0.001 0.015 0.002 0.002 0.001 0.000 0.002 

Locus 12 : 12 
13 alleles
0.2% missing data
 160   (0.207) 0.214 0.227 0.719 0.230 0.230 0.238 0.204 0.168 0.205 0.591 0.192 0.034 0.317 0.188 0.089 0.059 
 162   (0.260) 0.247 0.237 0.230 0.298 0.244 0.228 0.387 0.191 0.254 0.067 0.269 0.734 0.279 0.090 0.201 0.488 
 147   (0.055) 0.041 0.047 0.003 0.059 0.102 0.040 0.014 0.049 0.035 0.006 0.033 0.125 0.021 0.373 0.115 0.088 
 158   (0.235) 0.248 0.260 0.022 0.171 0.402 0.279 0.091 0.240 0.248 0.029 0.251 0.078 0.203 0.314 0.557 0.187 
 161   (0.103) 0.114 0.096 0.018 0.111 0.008 0.084 0.032 0.206 0.113 0.121 0.114 0.014 0.072 0.022 0.028 0.149 
 170   (0.046) 0.051 0.048 0.003 0.058 0.009 0.051 0.012 0.030 0.061 0.005 0.061 0.006 0.023 0.005 0.007 0.009 
 143   (0.026) 0.028 0.026 0.002 0.019 0.002 0.027 0.009 0.005 0.038 0.175 0.038 0.003 0.006 0.002 0.001 0.005 
 154   (0.016) 0.015 0.020 0.001 0.013 0.001 0.021 0.006 0.003 0.015 0.002 0.012 0.002 0.002 0.001 0.000 0.004 
 149   (0.021) 0.018 0.016 0.001 0.010 0.001 0.014 0.239 0.060 0.011 0.002 0.011 0.002 0.066 0.002 0.001 0.004 
 153   (0.011) 0.010 0.010 0.001 0.006 0.001 0.009 0.002 0.002 0.010 0.001 0.010 0.001 0.001 0.001 0.000 0.003 
 150   (0.006) 0.004 0.004 0.000 0.002 0.000 0.003 0.001 0.010 0.003 0.001 0.003 0.001 0.007 0.001 0.000 0.001 
 159   (0.008) 0.005 0.005 0.000 0.020 0.001 0.003 0.002 0.034 0.004 0.001 0.004 0.001 0.001 0.001 0.000 0.001 
 164   (0.006) 0.005 0.005 0.000 0.003 0.000 0.004 0.001 0.001 0.003 0.001 0.003 0.001 0.001 0.001 0.000 0.001 

Locus 13 : 13 
5 alleles
0.0% missing data
 108   (0.200) 0.218 0.215 0.198 0.179 0.134 0.218 0.051 0.164 0.221 0.340 0.219 0.401 0.078 0.159 0.169 0.145 
 115   (0.460) 0.452 0.436 0.283 0.468 0.793 0.410 0.682 0.447 0.455 0.093 0.465 0.531 0.569 0.292 0.529 0.500 
 113   (0.328) 0.320 0.338 0.518 0.348 0.072 0.363 0.265 0.387 0.316 0.566 0.308 0.066 0.351 0.547 0.301 0.353 
 109   (0.006) 0.005 0.006 0.000 0.003 0.000 0.005 0.001 0.001 0.004 0.001 0.003 0.001 0.001 0.001 0.000 0.001 
 110   (0.006) 0.004 0.005 0.000 0.003 0.000 0.004 0.001 0.001 0.004 0.001 0.005 0.001 0.001 0.001 0.000 0.001 

Locus 14 : 14 
5 alleles
0.9% missing data
 227   (0.151) 0.129 0.139 0.017 0.214 0.245 0.132 0.062 0.307 0.121 0.259 0.120 0.069 0.339 0.334 0.260 0.040 
 231   (0.151) 0.146 0.152 0.354 0.105 0.060 0.140 0.039 0.036 0.148 0.271 0.144 0.026 0.027 0.105 0.105 0.461 
 229   (0.502) 0.558 0.530 0.413 0.472 0.342 0.561 0.847 0.503 0.572 0.093 0.577 0.851 0.518 0.441 0.486 0.288 
 225   (0.132) 0.118 0.126 0.211 0.171 0.298 0.115 0.037 0.134 0.110 0.222 0.106 0.018 0.059 0.021 0.044 0.137 
 233   (0.064) 0.050 0.052 0.005 0.038 0.056 0.051 0.016 0.020 0.049 0.155 0.052 0.036 0.057 0.099 0.105 0.074 

Locus 15 : 15 
5 alleles
0.2% missing data
 143   (0.847) 0.847 0.839 0.812 0.887 0.951 0.850 0.937 0.813 0.857 0.721 0.862 0.983 0.881 0.978 0.971 0.878 
 157   (0.008) 0.005 0.006 0.000 0.003 0.003 0.004 0.001 0.002 0.004 0.001 0.004 0.001 0.001 0.001 0.020 0.004 
 145   (0.084) 0.080 0.088 0.006 0.062 0.042 0.087 0.048 0.044 0.077 0.271 0.073 0.010 0.081 0.015 0.007 0.108 
 147   (0.046) 0.051 0.054 0.150 0.040 0.003 0.050 0.010 0.138 0.044 0.006 0.041 0.005 0.035 0.005 0.001 0.008 
 133   (0.015) 0.017 0.013 0.032 0.007 0.001 0.009 0.003 0.003 0.018 0.001 0.021 0.002 0.002 0.001 0.000 0.003 

Locus 16 : 16 
5 alleles
0.2% missing data
 156   (0.228) 0.252 0.207 0.501 0.195 0.260 0.186 0.057 0.237 0.272 0.515 0.286 0.192 0.232 0.069 0.317 0.327 
 158   (0.541) 0.539 0.558 0.195 0.563 0.496 0.571 0.593 0.604 0.531 0.252 0.530 0.328 0.667 0.746 0.497 0.465 
 160   (0.138) 0.122 0.131 0.111 0.166 0.204 0.119 0.324 0.125 0.116 0.016 0.110 0.468 0.071 0.175 0.139 0.147 
 154   (0.085) 0.082 0.099 0.192 0.064 0.040 0.121 0.024 0.026 0.077 0.216 0.070 0.011 0.019 0.009 0.047 0.060 
 152   (0.008) 0.005 0.006 0.001 0.012 0.001 0.004 0.002 0.007 0.004 0.001 0.004 0.001 0.012 0.001 0.000 0.001 

Locus 17 : 17 
5 alleles
0.0% missing data
 102   (0.206) 0.176 0.192 0.197 0.309 0.255 0.188 0.335 0.301 0.168 0.025 0.168 0.100 0.105 0.157 0.245 0.185 
  90   (0.683) 0.708 0.673 0.796 0.601 0.736 0.660 0.382 0.662 0.708 0.572 0.717 0.612 0.873 0.815 0.716 0.793 
  88   (0.067) 0.065 0.067 0.005 0.055 0.006 0.071 0.275 0.016 0.070 0.007 0.069 0.283 0.010 0.024 0.038 0.013 
 100   (0.038) 0.048 0.063 0.002 0.030 0.003 0.078 0.007 0.008 0.052 0.395 0.044 0.004 0.009 0.003 0.001 0.008 
 104   (0.006) 0.004 0.004 0.000 0.004 0.000 0.003 0.001 0.012 0.003 0.001 0.003 0.001 0.003 0.001 0.000 0.001 

Locus 18 : 18 
7 alleles
0.0% missing data
 142   (0.131) 0.135 0.119 0.008 0.094 0.418 0.118 0.074 0.112 0.144 0.014 0.157 0.784 0.055 0.384 0.417 0.025 
 146   (0.085) 0.075 0.068 0.225 0.152 0.334 0.063 0.107 0.085 0.081 0.009 0.085 0.041 0.032 0.023 0.153 0.085 
 140   (0.281) 0.289 0.309 0.177 0.239 0.044 0.305 0.492 0.357 0.265 0.275 0.247 0.046 0.227 0.435 0.101 0.504 
 127   (0.304) 0.328 0.328 0.059 0.308 0.127 0.357 0.188 0.222 0.345 0.548 0.340 0.078 0.390 0.083 0.251 0.228 
 148   (0.092) 0.076 0.084 0.216 0.121 0.008 0.076 0.054 0.076 0.066 0.010 0.064 0.031 0.068 0.047 0.066 0.115 
 138   (0.055) 0.048 0.049 0.004 0.044 0.065 0.039 0.017 0.059 0.044 0.139 0.043 0.015 0.030 0.022 0.009 0.030 
 150   (0.052) 0.051 0.044 0.311 0.043 0.004 0.042 0.068 0.089 0.054 0.005 0.062 0.006 0.198 0.005 0.001 0.013 

Locus 19 : 19 
7 alleles
0.0% missing data
 188   (0.191) 0.196 0.196 0.170 0.151 0.026 0.188 0.048 0.246 0.188 0.021 0.191 0.555 0.144 0.164 0.116 0.068 
 190   (0.128) 0.111 0.107 0.196 0.078 0.586 0.099 0.369 0.161 0.092 0.013 0.096 0.016 0.223 0.334 0.371 0.240 
 194   (0.576) 0.589 0.591 0.482 0.584 0.380 0.615 0.198 0.496 0.614 0.956 0.614 0.421 0.559 0.492 0.510 0.603 
 200   (0.079) 0.083 0.084 0.005 0.175 0.006 0.081 0.381 0.092 0.088 0.008 0.082 0.007 0.070 0.008 0.002 0.081 
 192   (0.006) 0.005 0.005 0.000 0.003 0.000 0.004 0.001 0.001 0.004 0.001 0.003 0.000 0.001 0.001 0.000 0.004 
 202   (0.013) 0.011 0.011 0.146 0.006 0.001 0.010 0.002 0.002 0.009 0.001 0.009 0.001 0.002 0.001 0.000 0.003 
 196   (0.006) 0.006 0.005 0.000 0.003 0.000 0.003 0.001 0.001 0.005 0.001 0.005 0.000 0.001 0.001 0.000 0.001 

Locus 20 : 20 
6 alleles
0.9% missing data
 252   (0.720) 0.748 0.715 0.723 0.794 0.923 0.706 0.568 0.787 0.768 0.380 0.773 0.823 0.734 0.705 0.830 0.743 
 250   (0.078) 0.063 0.076 0.146 0.052 0.011 0.072 0.135 0.141 0.059 0.346 0.053 0.011 0.047 0.046 0.120 0.071 
 244   (0.021) 0.016 0.016 0.001 0.011 0.038 0.013 0.005 0.006 0.014 0.004 0.014 0.143 0.008 0.002 0.002 0.006 
 254   (0.075) 0.069 0.067 0.083 0.078 0.019 0.059 0.018 0.041 0.066 0.108 0.075 0.010 0.134 0.010 0.033 0.056 
 246   (0.084) 0.074 0.083 0.046 0.051 0.006 0.074 0.270 0.019 0.066 0.159 0.066 0.010 0.074 0.235 0.006 0.119 
 248   (0.022) 0.029 0.043 0.001 0.014 0.002 0.076 0.004 0.005 0.027 0.002 0.019 0.004 0.003 0.003 0.009 0.004 

Locus 21 : 21 
7 alleles
0.2% missing data
 173   (0.298) 0.292 0.262 0.211 0.375 0.411 0.248 0.081 0.540 0.301 0.119 0.315 0.167 0.575 0.140 0.357 0.312 
 177   (0.274) 0.275 0.316 0.166 0.275 0.157 0.362 0.507 0.249 0.268 0.276 0.256 0.175 0.225 0.651 0.302 0.081 
 175   (0.135) 0.131 0.131 0.258 0.103 0.069 0.116 0.037 0.070 0.128 0.485 0.130 0.017 0.076 0.023 0.018 0.326 
 167   (0.197) 0.210 0.184 0.122 0.172 0.306 0.167 0.092 0.117 0.213 0.109 0.220 0.632 0.107 0.174 0.318 0.144 
 163   (0.034) 0.032 0.034 0.231 0.023 0.002 0.032 0.008 0.011 0.030 0.004 0.029 0.003 0.008 0.003 0.003 0.015 
 159   (0.020) 0.020 0.026 0.001 0.025 0.001 0.030 0.004 0.006 0.022 0.002 0.017 0.002 0.003 0.002 0.001 0.003 
 165   (0.042) 0.039 0.046 0.012 0.027 0.054 0.045 0.271 0.008 0.038 0.005 0.033 0.004 0.006 0.007 0.001 0.118 

Locus 22 : 22 
11 alleles
0.7% missing data
 146   (0.245) 0.228 0.228 0.138 0.302 0.057 0.215 0.292 0.189 0.239 0.074 0.247 0.822 0.326 0.219 0.269 0.173 
 154   (0.009) 0.005 0.006 0.001 0.003 0.010 0.004 0.002 0.002 0.004 0.001 0.004 0.001 0.001 0.002 0.082 0.001 
 166   (0.092) 0.090 0.103 0.006 0.071 0.009 0.106 0.023 0.028 0.088 0.114 0.082 0.010 0.024 0.275 0.035 0.076 
 152   (0.434) 0.464 0.444 0.362 0.461 0.904 0.465 0.596 0.697 0.447 0.500 0.452 0.140 0.581 0.435 0.573 0.504 
 150   (0.026) 0.022 0.025 0.002 0.020 0.003 0.027 0.007 0.012 0.024 0.115 0.025 0.004 0.005 0.008 0.007 0.005 
 164   (0.031) 0.028 0.027 0.002 0.017 0.004 0.021 0.007 0.009 0.026 0.005 0.026 0.004 0.006 0.045 0.012 0.057 
 148   (0.009) 0.006 0.006 0.000 0.003 0.001 0.004 0.001 0.001 0.004 0.173 0.004 0.001 0.001 0.001 0.000 0.001 
 158   (0.081) 0.089 0.088 0.110 0.060 0.007 0.087 0.048 0.022 0.100 0.010 0.095 0.011 0.018 0.009 0.020 0.135 
 162   (0.048) 0.047 0.050 0.072 0.049 0.003 0.051 0.020 0.022 0.048 0.006 0.047 0.005 0.010 0.005 0.001 0.041 
 156   (0.014) 0.010 0.011 0.305 0.006 0.001 0.008 0.003 0.016 0.007 0.002 0.007 0.001 0.010 0.001 0.000 0.004 
 142   (0.011) 0.010 0.011 0.001 0.007 0.001 0.012 0.002 0.002 0.013 0.001 0.012 0.001 0.018 0.001 0.000 0.002 

Locus 23 : 23 
7 alleles
0.9% missing data
 152   (0.013) 0.008 0.009 0.001 0.005 0.001 0.006 0.002 0.003 0.006 0.001 0.006 0.001 0.002 0.093 0.076 0.002 
 156   (0.114) 0.158 0.132 0.030 0.081 0.011 0.159 0.028 0.083 0.164 0.014 0.175 0.012 0.032 0.091 0.043 0.127 
 144   (0.176) 0.163 0.163 0.646 0.170 0.068 0.146 0.052 0.236 0.147 0.604 0.142 0.028 0.313 0.152 0.207 0.199 
 160   (0.110) 0.095 0.117 0.105 0.116 0.113 0.139 0.326 0.153 0.081 0.013 0.071 0.013 0.080 0.307 0.195 0.135 
 154   (0.554) 0.547 0.542 0.217 0.600 0.794 0.516 0.584 0.518 0.575 0.363 0.582 0.916 0.569 0.354 0.478 0.526 
 158   (0.025) 0.024 0.029 0.001 0.023 0.013 0.029 0.006 0.006 0.022 0.003 0.020 0.029 0.004 0.003 0.001 0.009 
 146   (0.008) 0.007 0.008 0.000 0.004 0.001 0.005 0.001 0.001 0.006 0.001 0.005 0.001 0.001 0.001 0.000 0.001 

Locus 24 : 24 
4 alleles
0.4% missing data
  77   (0.090) 0.084 0.076 0.049 0.114 0.143 0.059 0.048 0.083 0.084 0.010 0.085 0.042 0.056 0.019 0.362 0.088 
  83   (0.462) 0.447 0.456 0.921 0.397 0.710 0.450 0.737 0.456 0.427 0.689 0.420 0.228 0.437 0.590 0.437 0.602 
  81   (0.366) 0.374 0.389 0.025 0.419 0.140 0.420 0.194 0.339 0.386 0.292 0.390 0.718 0.405 0.361 0.173 0.273 
  85   (0.082) 0.095 0.079 0.006 0.070 0.007 0.071 0.021 0.122 0.102 0.009 0.106 0.011 0.102 0.030 0.027 0.037 

Locus 25 : 25 
6 alleles
0.4% missing data
 132   (0.335) 0.308 0.327 0.456 0.304 0.593 0.309 0.204 0.225 0.307 0.183 0.299 0.907 0.389 0.114 0.509 0.456 
 124   (0.521) 0.557 0.532 0.535 0.549 0.312 0.563 0.751 0.630 0.572 0.408 0.587 0.069 0.475 0.852 0.419 0.416 
 126   (0.024) 0.017 0.020 0.001 0.010 0.084 0.015 0.004 0.005 0.014 0.003 0.013 0.003 0.003 0.020 0.052 0.005 
 122   (0.092) 0.095 0.096 0.006 0.121 0.009 0.093 0.036 0.134 0.088 0.115 0.083 0.018 0.129 0.010 0.019 0.105 
 120   (0.014) 0.012 0.013 0.001 0.008 0.001 0.010 0.002 0.003 0.010 0.290 0.009 0.001 0.002 0.001 0.000 0.003 
 136   (0.014) 0.011 0.012 0.001 0.008 0.001 0.011 0.004 0.004 0.009 0.002 0.009 0.001 0.002 0.002 0.001 0.015 

Locus 26 : 26 
7 alleles
0.2% missing data
 165   (0.241) 0.243 0.248 0.053 0.220 0.030 0.260 0.201 0.140 0.234 0.322 0.232 0.670 0.344 0.151 0.139 0.343 
 183   (0.355) 0.344 0.362 0.421 0.306 0.787 0.364 0.611 0.342 0.337 0.290 0.327 0.215 0.320 0.457 0.533 0.457 
 179   (0.081) 0.075 0.075 0.005 0.117 0.010 0.070 0.046 0.074 0.079 0.347 0.075 0.017 0.039 0.104 0.068 0.019 
 175   (0.261) 0.255 0.248 0.455 0.311 0.170 0.249 0.131 0.428 0.254 0.034 0.267 0.093 0.288 0.282 0.259 0.154 
 181   (0.047) 0.071 0.053 0.065 0.037 0.003 0.046 0.009 0.012 0.086 0.006 0.090 0.005 0.006 0.004 0.001 0.026 
 185   (0.008) 0.007 0.008 0.001 0.005 0.001 0.007 0.001 0.002 0.006 0.001 0.006 0.001 0.001 0.001 0.000 0.001 
 157   (0.006) 0.004 0.005 0.000 0.002 0.000 0.004 0.001 0.001 0.003 0.001 0.003 0.001 0.001 0.001 0.000 0.001 

Locus 27 : 27 
4 alleles
0.2% missing data
 142   (0.649) 0.637 0.664 0.742 0.656 0.637 0.687 0.719 0.738 0.639 0.311 0.630 0.355 0.817 0.603 0.718 0.681 
 148   (0.199) 0.211 0.194 0.064 0.158 0.086 0.187 0.049 0.154 0.206 0.672 0.210 0.389 0.079 0.186 0.075 0.248 
 138   (0.050) 0.042 0.045 0.004 0.028 0.263 0.039 0.021 0.013 0.033 0.006 0.033 0.244 0.022 0.199 0.195 0.018 
 150   (0.102) 0.110 0.097 0.191 0.158 0.013 0.086 0.211 0.095 0.122 0.011 0.126 0.011 0.082 0.012 0.011 0.053 

Locus 28 : 28 
6 alleles
0.9% missing data
 260   (0.388) 0.354 0.404 0.375 0.459 0.662 0.422 0.489 0.442 0.352 0.137 0.333 0.276 0.543 0.514 0.269 0.297 
 262   (0.511) 0.549 0.497 0.550 0.438 0.330 0.486 0.480 0.421 0.554 0.850 0.575 0.712 0.381 0.475 0.725 0.662 
 256   (0.070) 0.070 0.073 0.073 0.082 0.007 0.069 0.026 0.086 0.070 0.010 0.067 0.009 0.049 0.008 0.005 0.035 
 258   (0.010) 0.008 0.010 0.001 0.007 0.001 0.012 0.002 0.002 0.008 0.001 0.007 0.001 0.001 0.001 0.000 0.002 
 266   (0.006) 0.004 0.004 0.000 0.002 0.000 0.003 0.001 0.001 0.003 0.001 0.003 0.000 0.011 0.001 0.000 0.001 
 264   (0.015) 0.014 0.012 0.001 0.011 0.001 0.009 0.003 0.047 0.014 0.001 0.014 0.001 0.015 0.001 0.000 0.002 

Locus 29 : 29 
7 alleles
0.2% missing data
 146   (0.279) 0.296 0.322 0.334 0.251 0.313 0.368 0.455 0.382 0.280 0.035 0.264 0.078 0.182 0.306 0.136 0.347 
 150   (0.448) 0.469 0.428 0.287 0.495 0.583 0.405 0.198 0.441 0.498 0.141 0.518 0.183 0.569 0.421 0.731 0.408 
 140   (0.171) 0.155 0.160 0.057 0.191 0.096 0.148 0.129 0.152 0.153 0.813 0.149 0.685 0.159 0.031 0.075 0.172 
 148   (0.057) 0.043 0.049 0.319 0.032 0.005 0.042 0.140 0.013 0.037 0.006 0.035 0.049 0.038 0.232 0.048 0.047 
 152   (0.029) 0.025 0.029 0.002 0.025 0.002 0.029 0.056 0.008 0.024 0.003 0.026 0.003 0.048 0.003 0.001 0.005 
 151   (0.009) 0.006 0.006 0.001 0.004 0.001 0.005 0.007 0.002 0.004 0.001 0.004 0.002 0.001 0.006 0.008 0.002 
 142   (0.008) 0.005 0.005 0.000 0.003 0.001 0.003 0.014 0.001 0.004 0.001 0.004 0.001 0.001 0.001 0.001 0.019 

Locus 30 : 30 
6 alleles
0.2% missing data
 125   (0.288) 0.316 0.331 0.029 0.201 0.306 0.360 0.092 0.086 0.324 0.137 0.313 0.633 0.072 0.280 0.514 0.308 
 129   (0.443) 0.419 0.403 0.786 0.506 0.662 0.369 0.468 0.636 0.402 0.211 0.412 0.304 0.599 0.665 0.428 0.414 
 123   (0.146) 0.153 0.145 0.101 0.161 0.024 0.156 0.091 0.222 0.165 0.017 0.164 0.050 0.278 0.044 0.054 0.110 
 121   (0.012) 0.009 0.009 0.001 0.006 0.001 0.007 0.002 0.002 0.008 0.040 0.009 0.001 0.002 0.001 0.000 0.003 
 127   (0.077) 0.067 0.076 0.081 0.072 0.005 0.069 0.336 0.030 0.063 0.591 0.060 0.010 0.034 0.007 0.002 0.158 
 131   (0.034) 0.036 0.036 0.002 0.054 0.002 0.039 0.010 0.023 0.039 0.004 0.042 0.003 0.016 0.003 0.001 0.007 

Locus 31 : 31 
6 alleles
0.2% missing data
 159   (0.171) 0.187 0.157 0.011 0.230 0.020 0.136 0.070 0.366 0.201 0.020 0.213 0.071 0.221 0.105 0.168 0.302 
 155   (0.552) 0.543 0.588 0.709 0.432 0.926 0.633 0.467 0.258 0.547 0.522 0.530 0.587 0.552 0.858 0.632 0.417 
 157   (0.181) 0.179 0.168 0.020 0.258 0.019 0.156 0.438 0.182 0.180 0.112 0.187 0.289 0.170 0.027 0.109 0.257 
 153   (0.062) 0.063 0.059 0.004 0.062 0.029 0.052 0.018 0.188 0.047 0.107 0.043 0.048 0.052 0.007 0.088 0.013 
 151   (0.029) 0.025 0.024 0.255 0.016 0.004 0.020 0.006 0.005 0.022 0.238 0.024 0.004 0.004 0.003 0.002 0.011 
 163   (0.006) 0.004 0.005 0.000 0.003 0.000 0.003 0.001 0.001 0.003 0.001 0.003 0.001 0.002 0.001 0.001 0.001 

Locus 32 : 32 
5 alleles
0.0% missing data
 146   (0.308) 0.343 0.342 0.316 0.290 0.045 0.364 0.221 0.370 0.353 0.583 0.343 0.060 0.362 0.047 0.078 0.262 
 150   (0.586) 0.572 0.563 0.637 0.631 0.869 0.544 0.425 0.555 0.574 0.405 0.581 0.928 0.594 0.871 0.851 0.509 
 148   (0.060) 0.044 0.053 0.044 0.044 0.082 0.052 0.339 0.022 0.036 0.007 0.035 0.006 0.012 0.076 0.070 0.118 
 154   (0.032) 0.030 0.032 0.002 0.022 0.002 0.029 0.009 0.009 0.028 0.003 0.029 0.004 0.006 0.004 0.001 0.108 
 152   (0.014) 0.010 0.010 0.001 0.013 0.001 0.010 0.006 0.044 0.009 0.001 0.011 0.001 0.026 0.001 0.000 0.002 

Locus 33 : 33 
7 alleles
0.0% missing data
 180   (0.467) 0.454 0.475 0.670 0.448 0.327 0.487 0.506 0.245 0.455 0.696 0.452 0.430 0.383 0.361 0.670 0.525 
 196   (0.117) 0.117 0.111 0.007 0.103 0.282 0.100 0.025 0.196 0.106 0.013 0.108 0.133 0.134 0.211 0.163 0.050 
 184   (0.196) 0.190 0.194 0.070 0.131 0.219 0.168 0.084 0.343 0.184 0.268 0.183 0.412 0.351 0.116 0.131 0.281 
 194   (0.014) 0.009 0.009 0.001 0.005 0.091 0.006 0.003 0.003 0.006 0.001 0.006 0.001 0.002 0.026 0.026 0.003 
 192   (0.128) 0.144 0.121 0.183 0.223 0.009 0.119 0.365 0.164 0.161 0.014 0.165 0.015 0.108 0.012 0.007 0.101 
 190   (0.017) 0.015 0.013 0.001 0.051 0.001 0.009 0.003 0.033 0.017 0.002 0.014 0.002 0.011 0.002 0.000 0.024 
 198   (0.060) 0.072 0.077 0.068 0.039 0.070 0.111 0.013 0.015 0.072 0.006 0.071 0.008 0.010 0.271 0.003 0.017 

Locus 34 : 34 
6 alleles
0.0% missing data
 110   (0.186) 0.169 0.197 0.067 0.189 0.597 0.225 0.164 0.093 0.164 0.212 0.150 0.258 0.076 0.155 0.316 0.218 
 112   (0.364) 0.362 0.360 0.057 0.360 0.305 0.343 0.427 0.406 0.365 0.041 0.367 0.081 0.391 0.752 0.552 0.288 
 106   (0.269) 0.293 0.256 0.715 0.298 0.026 0.258 0.158 0.404 0.302 0.222 0.318 0.581 0.436 0.073 0.111 0.419 
  90   (0.040) 0.034 0.033 0.002 0.031 0.027 0.028 0.220 0.012 0.032 0.409 0.034 0.065 0.007 0.005 0.016 0.008 
 108   (0.130) 0.135 0.147 0.113 0.118 0.043 0.140 0.029 0.083 0.132 0.115 0.125 0.015 0.089 0.014 0.006 0.065 
  96   (0.010) 0.006 0.007 0.046 0.004 0.001 0.005 0.003 0.002 0.005 0.001 0.005 0.001 0.001 0.001 0.000 0.002 

Locus 35 : 35 
9 alleles
0.0% missing data
 166   (0.063) 0.047 0.050 0.004 0.039 0.369 0.041 0.108 0.030 0.042 0.008 0.043 0.012 0.145 0.181 0.264 0.052 
 176   (0.099) 0.100 0.094 0.015 0.057 0.084 0.083 0.036 0.023 0.102 0.012 0.106 0.025 0.014 0.394 0.138 0.223 
 172   (0.331) 0.316 0.361 0.585 0.385 0.477 0.425 0.275 0.413 0.307 0.042 0.292 0.448 0.421 0.196 0.444 0.135 
 170   (0.268) 0.259 0.255 0.327 0.231 0.041 0.225 0.188 0.275 0.244 0.611 0.243 0.480 0.228 0.154 0.145 0.519 
 174   (0.128) 0.170 0.126 0.062 0.184 0.021 0.108 0.366 0.096 0.198 0.014 0.206 0.013 0.145 0.016 0.005 0.047 
 178   (0.040) 0.037 0.040 0.003 0.036 0.003 0.044 0.011 0.044 0.035 0.005 0.037 0.015 0.014 0.052 0.002 0.008 
 168   (0.048) 0.052 0.053 0.003 0.041 0.003 0.055 0.012 0.016 0.056 0.305 0.059 0.005 0.019 0.005 0.001 0.012 
 186   (0.017) 0.014 0.016 0.001 0.025 0.001 0.015 0.003 0.102 0.013 0.002 0.011 0.001 0.014 0.002 0.000 0.003 
 158   (0.006) 0.004 0.005 0.000 0.003 0.000 0.005 0.001 0.001 0.004 0.001 0.003 0.001 0.001 0.001 0.000 0.001 

Locus 36 : 36 
6 alleles
0.0% missing data
  89   (0.569) 0.575 0.580 0.509 0.668 0.635 0.593 0.653 0.757 0.584 0.371 0.575 0.237 0.597 0.717 0.670 0.490 
  95   (0.060) 0.049 0.056 0.005 0.047 0.035 0.048 0.017 0.027 0.042 0.007 0.040 0.049 0.111 0.019 0.089 0.085 
  85   (0.171) 0.170 0.146 0.233 0.105 0.250 0.129 0.274 0.132 0.170 0.496 0.180 0.265 0.164 0.226 0.216 0.149 
  81   (0.062) 0.076 0.063 0.004 0.049 0.005 0.057 0.016 0.019 0.085 0.008 0.092 0.008 0.025 0.006 0.006 0.182 
  83   (0.122) 0.118 0.141 0.248 0.123 0.074 0.162 0.037 0.062 0.111 0.014 0.103 0.439 0.094 0.031 0.017 0.091 
  91   (0.015) 0.012 0.013 0.001 0.008 0.001 0.011 0.003 0.003 0.009 0.104 0.009 0.001 0.007 0.001 0.000 0.002 

Locus 37 : 37 
10 alleles
0.0% missing data
 161   (0.347) 0.383 0.349 0.373 0.318 0.535 0.346 0.436 0.169 0.392 0.428 0.405 0.096 0.258 0.529 0.582 0.394 
 165   (0.227) 0.222 0.257 0.098 0.204 0.042 0.279 0.093 0.227 0.213 0.134 0.202 0.061 0.326 0.286 0.191 0.186 
 159   (0.016) 0.011 0.012 0.001 0.007 0.048 0.010 0.003 0.003 0.011 0.002 0.012 0.002 0.005 0.007 0.032 0.003 
 173   (0.252) 0.241 0.235 0.517 0.321 0.139 0.224 0.400 0.416 0.235 0.223 0.238 0.151 0.212 0.072 0.131 0.387 
 169   (0.106) 0.101 0.098 0.007 0.107 0.232 0.091 0.056 0.167 0.105 0.207 0.103 0.686 0.126 0.101 0.053 0.022 
 167   (0.017) 0.013 0.015 0.002 0.019 0.002 0.016 0.004 0.007 0.017 0.002 0.015 0.002 0.003 0.002 0.011 0.003 
 168   (0.010) 0.008 0.011 0.001 0.006 0.001 0.011 0.002 0.002 0.007 0.001 0.007 0.001 0.001 0.001 0.000 0.002 
 155   (0.013) 0.013 0.016 0.001 0.013 0.001 0.016 0.002 0.003 0.012 0.001 0.011 0.001 0.002 0.001 0.000 0.003 
 177   (0.006) 0.005 0.005 0.000 0.003 0.000 0.004 0.002 0.001 0.004 0.001 0.004 0.000 0.001 0.001 0.000 0.001 
 175   (0.006) 0.004 0.004 0.000 0.002 0.000 0.003 0.001 0.005 0.003 0.001 0.003 0.001 0.067 0.001 0.000 0.001 

Locus 38 : 38 
6 alleles
0.4% missing data
  87   (0.091) 0.075 0.080 0.128 0.106 0.210 0.073 0.030 0.059 0.067 0.555 0.065 0.012 0.027 0.140 0.162 0.113 
  89   (0.447) 0.473 0.461 0.090 0.471 0.468 0.462 0.399 0.437 0.501 0.052 0.501 0.764 0.650 0.675 0.604 0.217 
  91   (0.163) 0.168 0.176 0.184 0.156 0.242 0.209 0.094 0.099 0.168 0.205 0.168 0.183 0.052 0.024 0.107 0.205 
  81   (0.117) 0.104 0.114 0.115 0.087 0.011 0.109 0.406 0.059 0.102 0.013 0.098 0.012 0.067 0.078 0.098 0.223 
  85   (0.176) 0.176 0.165 0.482 0.178 0.054 0.145 0.069 0.346 0.160 0.173 0.166 0.028 0.202 0.081 0.029 0.242 
  83   (0.006) 0.004 0.004 0.000 0.002 0.015 0.003 0.001 0.001 0.003 0.001 0.003 0.001 0.001 0.001 0.000 0.001 

Locus 39 : 39 
4 alleles
0.4% missing data
 167   (0.793) 0.805 0.782 0.858 0.817 0.848 0.798 0.813 0.911 0.813 0.683 0.822 0.933 0.719 0.933 0.923 0.949 
 161   (0.174) 0.167 0.189 0.140 0.153 0.150 0.175 0.172 0.075 0.161 0.314 0.148 0.060 0.197 0.063 0.076 0.045 
 165   (0.026) 0.023 0.023 0.002 0.027 0.002 0.023 0.013 0.013 0.022 0.003 0.027 0.007 0.083 0.003 0.001 0.005 
 177   (0.006) 0.005 0.006 0.001 0.003 0.000 0.004 0.001 0.001 0.004 0.001 0.003 0.001 0.001 0.001 0.000 0.001 

Locus 40 : 40 
6 alleles
0.2% missing data
 228   (0.423) 0.406 0.405 0.225 0.415 0.693 0.410 0.615 0.600 0.396 0.545 0.404 0.724 0.486 0.663 0.482 0.441 
 238   (0.344) 0.359 0.354 0.114 0.347 0.278 0.344 0.095 0.238 0.380 0.081 0.385 0.077 0.331 0.266 0.334 0.266 
 224   (0.020) 0.014 0.016 0.001 0.008 0.002 0.012 0.218 0.004 0.011 0.002 0.010 0.002 0.003 0.044 0.110 0.013 
 236   (0.101) 0.093 0.098 0.396 0.096 0.020 0.086 0.040 0.045 0.082 0.359 0.078 0.186 0.041 0.016 0.071 0.112 
 232   (0.012) 0.017 0.010 0.001 0.005 0.001 0.007 0.002 0.002 0.018 0.001 0.020 0.001 0.002 0.002 0.000 0.002 
 240   (0.099) 0.112 0.118 0.263 0.128 0.007 0.140 0.031 0.112 0.113 0.012 0.103 0.010 0.137 0.009 0.003 0.166 

Locus 41 : 41 
7 alleles
0.0% missing data
 128   (0.116) 0.117 0.116 0.031 0.118 0.009 0.128 0.236 0.075 0.123 0.013 0.123 0.236 0.266 0.053 0.172 0.071 
 130   (0.537) 0.552 0.550 0.782 0.535 0.879 0.574 0.527 0.487 0.556 0.060 0.555 0.691 0.399 0.601 0.538 0.514 
 114   (0.056) 0.047 0.050 0.003 0.033 0.052 0.042 0.011 0.013 0.038 0.506 0.042 0.034 0.008 0.035 0.119 0.079 
 132   (0.125) 0.126 0.118 0.046 0.135 0.011 0.106 0.029 0.335 0.124 0.014 0.125 0.019 0.189 0.294 0.164 0.153 
 118   (0.056) 0.054 0.049 0.131 0.083 0.004 0.044 0.036 0.045 0.057 0.204 0.058 0.008 0.083 0.005 0.003 0.011 
 134   (0.104) 0.100 0.111 0.006 0.094 0.045 0.103 0.160 0.044 0.098 0.203 0.095 0.012 0.055 0.011 0.004 0.171 
 136   (0.006) 0.004 0.005 0.000 0.002 0.000 0.004 0.001 0.001 0.003 0.001 0.003 0.001 0.001 0.001 0.000 0.001 

Locus 42 : 42 
6 alleles
1.3% missing data
 102   (0.284) 0.258 0.278 0.475 0.310 0.530 0.255 0.234 0.422 0.237 0.575 0.224 0.079 0.305 0.435 0.388 0.410 
 104   (0.397) 0.405 0.413 0.414 0.482 0.223 0.437 0.671 0.345 0.428 0.049 0.432 0.105 0.533 0.154 0.189 0.326 
  92   (0.111) 0.134 0.104 0.007 0.081 0.042 0.094 0.035 0.115 0.146 0.052 0.156 0.015 0.040 0.281 0.124 0.087 
  96   (0.070) 0.074 0.079 0.004 0.037 0.020 0.103 0.019 0.016 0.073 0.098 0.071 0.710 0.025 0.065 0.067 0.054 
  98   (0.132) 0.124 0.121 0.099 0.087 0.173 0.108 0.039 0.101 0.113 0.226 0.113 0.090 0.097 0.064 0.231 0.122 
 106   (0.006) 0.004 0.004 0.000 0.002 0.011 0.003 0.002 0.001 0.003 0.001 0.003 0.001 0.001 0.001 0.000 0.001 

Locus 43 : 43 
6 alleles
1.6% missing data
 101   (0.310) 0.335 0.295 0.179 0.285 0.617 0.263 0.230 0.383 0.335 0.037 0.354 0.088 0.250 0.204 0.434 0.466 
 103   (0.319) 0.286 0.307 0.352 0.384 0.190 0.303 0.143 0.423 0.285 0.229 0.277 0.445 0.444 0.384 0.177 0.279 
  99   (0.138) 0.158 0.153 0.009 0.098 0.053 0.162 0.555 0.043 0.159 0.420 0.160 0.071 0.090 0.221 0.030 0.065 
  95   (0.212) 0.203 0.224 0.460 0.220 0.138 0.254 0.068 0.147 0.204 0.177 0.195 0.394 0.214 0.189 0.358 0.186 
  97   (0.015) 0.013 0.016 0.001 0.010 0.001 0.013 0.003 0.003 0.012 0.137 0.010 0.001 0.002 0.001 0.000 0.003 
  91   (0.006) 0.005 0.006 0.000 0.003 0.000 0.004 0.001 0.001 0.004 0.001 0.003 0.001 0.001 0.001 0.000 0.001 

Locus 44 : 44 
7 alleles
0.2% missing data
 177   (0.078) 0.071 0.077 0.005 0.072 0.011 0.073 0.016 0.036 0.071 0.009 0.068 0.010 0.046 0.174 0.074 0.066 
 191   (0.276) 0.281 0.304 0.099 0.339 0.057 0.329 0.342 0.193 0.288 0.280 0.283 0.054 0.131 0.110 0.216 0.308 
 181   (0.587) 0.597 0.568 0.862 0.555 0.928 0.548 0.563 0.760 0.589 0.521 0.598 0.931 0.747 0.710 0.708 0.612 
 179   (0.037) 0.037 0.035 0.002 0.024 0.002 0.037 0.075 0.007 0.040 0.187 0.040 0.003 0.005 0.003 0.001 0.010 
 183   (0.009) 0.007 0.007 0.001 0.005 0.001 0.007 0.002 0.001 0.006 0.001 0.006 0.001 0.002 0.001 0.000 0.002 
 193   (0.007) 0.004 0.005 0.000 0.003 0.000 0.003 0.001 0.001 0.003 0.001 0.003 0.001 0.068 0.001 0.000 0.001 
 189   (0.006) 0.004 0.004 0.030 0.002 0.000 0.002 0.001 0.001 0.003 0.001 0.002 0.000 0.001 0.001 0.000 0.001 

Locus 45 : 45 
6 alleles
0.9% missing data
 205   (0.464) 0.451 0.483 0.402 0.455 0.738 0.511 0.514 0.488 0.451 0.247 0.434 0.860 0.542 0.549 0.449 0.530 
 211   (0.232) 0.261 0.227 0.276 0.208 0.160 0.217 0.298 0.208 0.272 0.344 0.288 0.051 0.108 0.102 0.271 0.188 
 207   (0.144) 0.130 0.136 0.202 0.151 0.064 0.118 0.052 0.204 0.118 0.017 0.115 0.068 0.242 0.194 0.140 0.095 
 201   (0.075) 0.075 0.069 0.005 0.118 0.030 0.071 0.036 0.066 0.076 0.381 0.079 0.012 0.027 0.119 0.076 0.082 
 215   (0.077) 0.075 0.072 0.114 0.064 0.007 0.063 0.099 0.034 0.075 0.010 0.080 0.009 0.079 0.034 0.063 0.103 
 202   (0.008) 0.009 0.013 0.000 0.004 0.001 0.020 0.002 0.001 0.008 0.001 0.005 0.001 0.001 0.001 0.000 0.001 

Locus 46 : 46 
10 alleles
1.1% missing data
 144   (0.068) 0.070 0.066 0.128 0.060 0.143 0.074 0.054 0.031 0.073 0.009 0.078 0.052 0.028 0.053 0.282 0.015 
 158   (0.150) 0.142 0.152 0.083 0.173 0.016 0.138 0.222 0.117 0.135 0.019 0.130 0.042 0.035 0.413 0.138 0.262 
 168   (0.143) 0.149 0.170 0.105 0.096 0.373 0.193 0.034 0.043 0.138 0.213 0.122 0.062 0.038 0.067 0.177 0.134 
 166   (0.145) 0.121 0.127 0.392 0.106 0.202 0.115 0.041 0.070 0.118 0.124 0.118 0.456 0.304 0.118 0.348 0.088 
 142   (0.369) 0.361 0.370 0.285 0.465 0.255 0.378 0.625 0.649 0.362 0.047 0.362 0.373 0.530 0.317 0.051 0.441 
 170   (0.013) 0.019 0.011 0.001 0.006 0.003 0.008 0.003 0.003 0.022 0.002 0.025 0.002 0.002 0.001 0.001 0.004 
 156   (0.025) 0.020 0.025 0.001 0.028 0.002 0.022 0.005 0.017 0.018 0.466 0.017 0.002 0.004 0.015 0.001 0.005 
 162   (0.042) 0.047 0.036 0.003 0.025 0.003 0.033 0.008 0.010 0.054 0.114 0.058 0.005 0.050 0.004 0.001 0.038 
 164   (0.039) 0.067 0.040 0.002 0.038 0.003 0.036 0.007 0.059 0.076 0.004 0.086 0.005 0.008 0.011 0.001 0.010 
 160   (0.006) 0.005 0.005 0.000 0.003 0.000 0.004 0.001 0.001 0.004 0.001 0.004 0.001 0.001 0.001 0.000 0.001 

Locus 47 : 47 
7 alleles
8.7% missing data
 149   (0.342) 0.339 0.366 0.335 0.346 0.294 0.408 0.502 0.358 0.344 0.354 0.346 0.478 0.402 0.187 0.189 0.084 
 151   (0.183) 0.170 0.172 0.012 0.196 0.052 0.153 0.342 0.183 0.167 0.085 0.161 0.119 0.107 0.586 0.243 0.374 
 153   (0.200) 0.189 0.190 0.025 0.242 0.487 0.181 0.082 0.293 0.184 0.031 0.182 0.111 0.411 0.133 0.330 0.173 
 147   (0.028) 0.034 0.024 0.002 0.014 0.002 0.021 0.008 0.006 0.035 0.004 0.042 0.003 0.004 0.028 0.041 0.005 
 145   (0.228) 0.247 0.233 0.624 0.192 0.162 0.225 0.060 0.156 0.248 0.523 0.242 0.286 0.074 0.063 0.193 0.361 
 152   (0.006) 0.004 0.005 0.000 0.003 0.001 0.004 0.003 0.001 0.003 0.001 0.003 0.001 0.001 0.001 0.003 0.001 
 143   (0.013) 0.017 0.011 0.001 0.006 0.001 0.008 0.003 0.002 0.019 0.002 0.024 0.001 0.002 0.001 0.000 0.002 

Values of parameters used in structure:
DATAFILE=temp2_no_plains.str,	OUTFILE=k16/temp2_no_plains_k16_run5,	NUMINDS=450,	NUMLOCI=47,	MISSING=-9,	LABEL=1,	POPDATA=1,	POPFLAG=0,	PHENOTYPE=0,	EXTRACOLS=0,	MAXPOPS=16,	BURNIN=500000,	NUMREPS=750000,	USEPOPINFO=0,	INFERALPHA=1,	INFERLAMBDA=0,	POPSPECIFICLAMBDA=0,	POPALPHAS=0,	COMPUTEPROB=1,	NOADMIX=0,	ADMBURNIN=500,	UPDATEFREQ=100,	PRINTLIKES=0,	INTERMEDSAVE=0,	PRINTKLD=0,	PRINTNET=1,	PRINTLAMBDA=1,	ANCESTDIST=0,	NUMBOXES=1000,	ANCESTPINT=0.90000,	GENSBACK=2,	MIGRPRIOR=0.01000,	PRINTQHAT=0,	PRINTQSUM=1,	ALPHA=1.0000,	FREQSCORR=1,	FPRIORMEAN=0.0100,	FPRIORSD=0.0500,	ONEFST=0,	LAMBDA=1.0000,	UNIFPRIORALPHA=1,	ALPHAMAX=10.0000,	ALPHAPRIORA=1.0000,	ALPHAPRIORB=2.0000,	ALPHAPROPSD=0.0250,	STARTATPOPINFO=0,	RANDOMIZE=0,	LINKAGE=0,	METROFREQ=10,	REPORTHITRATE=0,	MARKOVPHASE=0,	PHASED=1,	PLOIDY=2,	PHASEINFO=0	LOCPRIOR=0, 	LOCPRIORINIT=1.000000, 	LOCDATA=0, 	LOCISPOP=1, 	LOCPRIORSTEP=0.100000, 	MAXLOCPRIOR=20.000000, 	SEED=779974,	
[STRAT parameters]:    NUMSIMSTATS=1000,	PHENOTYPECOL=-9,	POOLFREQ=10,	LOCUSxONLY=0,	EMERROR=0.00100,	MISSINGPHENO=-9,	