

----------------------------------------------------
STRUCTURE by Pritchard, Stephens and Donnelly (2000)
     and Falush, Stephens and Pritchard (2003)
       Code by Pritchard, Falush and Hubisz
             Version 2.3.4 (Jul 2012)
----------------------------------------------------



Command line arguments:   structure -D 912411 -K 16 -m mainparams -o k16/temp2_no_plains_k16_run3 
Input File:    temp2_no_plains.str

Run parameters:
   450 individuals
   47 loci
   16 populations assumed
   500000 Burn-in period
   750000 Reps
RANDOMIZE turned off


--------------------------------------------
Proportion of membership of each pre-defined
 population in each of the 16 clusters

Given    Inferred Clusters                                                                                                  Number of
 Pop       1      2      3      4      5      6      7      8      9     10     11     12     13     14     15     16      Individuals

  1:     0.009  0.356  0.010  0.010  0.010  0.009  0.012  0.010  0.004  0.010  0.011  0.010  0.012  0.486  0.006  0.035       63
  2:     0.006  0.030  0.010  0.009  0.011  0.009  0.012  0.009  0.006  0.010  0.006  0.011  0.012  0.838  0.009  0.012       20
  3:     0.007  0.268  0.023  0.019  0.011  0.010  0.037  0.015  0.005  0.011  0.014  0.017  0.024  0.424  0.008  0.108       21
  4:     0.005  0.157  0.007  0.007  0.008  0.007  0.011  0.008  0.004  0.014  0.006  0.008  0.008  0.214  0.007  0.529       31
  5:     0.004  0.334  0.012  0.008  0.007  0.011  0.006  0.007  0.005  0.014  0.020  0.007  0.008  0.531  0.005  0.020       21
  6:     0.012  0.014  0.014  0.018  0.014  0.022  0.759  0.015  0.005  0.006  0.036  0.018  0.023  0.011  0.023  0.012       25
  7:     0.016  0.244  0.054  0.058  0.015  0.012  0.021  0.027  0.011  0.012  0.023  0.049  0.053  0.244  0.039  0.123        8
  8:     0.005  0.225  0.007  0.009  0.013  0.022  0.009  0.007  0.005  0.339  0.010  0.008  0.009  0.308  0.004  0.019       17
  9:     0.930  0.005  0.005  0.005  0.005  0.005  0.006  0.005  0.003  0.003  0.004  0.005  0.005  0.005  0.005  0.004       29
 10:     0.002  0.002  0.003  0.003  0.002  0.002  0.003  0.003  0.965  0.003  0.002  0.003  0.003  0.002  0.002  0.002        9
 11:     0.014  0.060  0.145  0.160  0.020  0.018  0.051  0.091  0.009  0.009  0.058  0.145  0.173  0.009  0.024  0.015       26
 12:     0.012  0.091  0.078  0.108  0.045  0.125  0.024  0.073  0.010  0.012  0.112  0.132  0.109  0.012  0.046  0.011       74
 13:     0.015  0.041  0.069  0.070  0.102  0.268  0.018  0.050  0.007  0.010  0.111  0.069  0.072  0.014  0.070  0.012       35
 14:     0.008  0.022  0.030  0.044  0.269  0.192  0.023  0.074  0.010  0.007  0.187  0.037  0.053  0.020  0.013  0.012       24
 15:     0.027  0.083  0.138  0.156  0.038  0.023  0.033  0.092  0.010  0.007  0.039  0.152  0.163  0.016  0.011  0.011       43
 16:     0.009  0.017  0.201  0.254  0.010  0.012  0.013  0.121  0.003  0.052  0.023  0.127  0.113  0.020  0.012  0.012        4
--------------------------------------------

Allele-freq. divergence among pops (Net nucleotide distance),
computed using point estimates of P.

      1       2       3       4       5       6       7       8       9      10      11      12      13      14      15      16      
 1      -    0.0653  0.0600  0.0559  0.0764  0.0771  0.0619  0.0575  0.1337  0.1592  0.0742  0.0574  0.0533  0.0829  0.1097  0.0961  
 2   0.0653     -    0.0161  0.0110  0.0381  0.0312  0.0265  0.0211  0.1154  0.0983  0.0277  0.0069  0.0093  0.0192  0.0642  0.0363  
 3   0.0600  0.0161     -    0.0046  0.0291  0.0277  0.0292  0.0155  0.1041  0.1085  0.0230  0.0060  0.0051  0.0397  0.0564  0.0435  
 4   0.0559  0.0110  0.0046     -    0.0247  0.0213  0.0206  0.0114  0.1012  0.0980  0.0167  0.0021  0.0006  0.0352  0.0515  0.0408  
 5   0.0764  0.0381  0.0291  0.0247     -    0.0269  0.0408  0.0177  0.1324  0.1423  0.0267  0.0265  0.0227  0.0572  0.0729  0.0625  
 6   0.0771  0.0312  0.0277  0.0213  0.0269     -    0.0429  0.0262  0.1313  0.1210  0.0255  0.0240  0.0204  0.0491  0.0699  0.0683  
 7   0.0619  0.0265  0.0292  0.0206  0.0408  0.0429     -    0.0260  0.1071  0.1205  0.0383  0.0201  0.0180  0.0495  0.0629  0.0582  
 8   0.0575  0.0211  0.0155  0.0114  0.0177  0.0262  0.0260     -    0.1123  0.1187  0.0241  0.0117  0.0102  0.0440  0.0580  0.0533  
 9   0.1337  0.1154  0.1041  0.1012  0.1324  0.1313  0.1071  0.1123     -    0.2000  0.1252  0.1009  0.0975  0.1514  0.1706  0.1446  
10   0.1592  0.0983  0.1085  0.0980  0.1423  0.1210  0.1205  0.1187  0.2000     -    0.1243  0.1017  0.0982  0.1064  0.1524  0.1334  
11   0.0742  0.0277  0.0230  0.0167  0.0267  0.0255  0.0383  0.0241  0.1252  0.1243     -    0.0180  0.0157  0.0503  0.0599  0.0615  
12   0.0574  0.0069  0.0060  0.0021  0.0265  0.0240  0.0201  0.0117  0.1009  0.1017  0.0180     -    0.0015  0.0358  0.0549  0.0407  
13   0.0533  0.0093  0.0051  0.0006  0.0227  0.0204  0.0180  0.0102  0.0975  0.0982  0.0157  0.0015     -    0.0329  0.0503  0.0385  
14   0.0829  0.0192  0.0397  0.0352  0.0572  0.0491  0.0495  0.0440  0.1514  0.1064  0.0503  0.0358  0.0329     -    0.0805  0.0472  
15   0.1097  0.0642  0.0564  0.0515  0.0729  0.0699  0.0629  0.0580  0.1706  0.1524  0.0599  0.0549  0.0503  0.0805     -    0.0838  
16   0.0961  0.0363  0.0435  0.0408  0.0625  0.0683  0.0582  0.0533  0.1446  0.1334  0.0615  0.0407  0.0385  0.0472  0.0838     -    

Average distances (expected heterozygosity) between individuals in same cluster:
cluster  1  : 0.5439 
cluster  2  : 0.5956 
cluster  3  : 0.6243 
cluster  4  : 0.6396 
cluster  5  : 0.5701 
cluster  6  : 0.5553 
cluster  7  : 0.5944 
cluster  8  : 0.6089 
cluster  9  : 0.5336 
cluster 10  : 0.4358 
cluster 11  : 0.5839 
cluster 12  : 0.6330 
cluster 13  : 0.6438 
cluster 14  : 0.5249 
cluster 15  : 0.5320 
cluster 16  : 0.5364 

--------------------------------------------
Estimated Ln Prob of Data   = -51532.2
Mean value of ln likelihood = -45939.1
Variance of ln likelihood   = 11186.1
Mean value of alpha         = 0.0356

Mean value of Fst_1         = 0.2143
Mean value of Fst_2         = 0.0956
Mean value of Fst_3         = 0.0957
Mean value of Fst_4         = 0.0288
Mean value of Fst_5         = 0.1429
Mean value of Fst_6         = 0.1190
Mean value of Fst_7         = 0.0943
Mean value of Fst_8         = 0.1635
Mean value of Fst_9         = 0.3099
Mean value of Fst_10         = 0.4003
Mean value of Fst_11         = 0.0997
Mean value of Fst_12         = 0.0338
Mean value of Fst_13         = 0.0032
Mean value of Fst_14         = 0.1736
Mean value of Fst_15         = 0.2526
Mean value of Fst_16         = 0.1813


Inferred ancestry of individuals:
        Label (%Miss) Pop:  Inferred clusters
  1      221    (0)    1 :  0.002 0.412 0.007 0.006 0.008 0.009 0.018 0.006 0.003 0.005 0.006 0.007 0.007 0.494 0.003 0.008 
  2      222    (0)    1 :  0.009 0.152 0.011 0.009 0.004 0.008 0.007 0.007 0.004 0.007 0.007 0.010 0.011 0.234 0.011 0.511 
  3      223    (0)    1 :  0.003 0.409 0.009 0.010 0.005 0.010 0.008 0.008 0.003 0.008 0.011 0.014 0.010 0.479 0.006 0.008 
  4      224    (0)    1 :  0.005 0.403 0.003 0.003 0.003 0.003 0.004 0.003 0.001 0.006 0.002 0.003 0.003 0.549 0.004 0.005 
  5      225    (0)    1 :  0.004 0.424 0.006 0.005 0.004 0.004 0.003 0.005 0.002 0.003 0.004 0.006 0.006 0.515 0.004 0.007 
  6      226    (0)    1 :  0.002 0.410 0.004 0.004 0.002 0.003 0.013 0.004 0.006 0.005 0.004 0.007 0.006 0.519 0.008 0.003 
  7      227    (0)    1 :  0.005 0.371 0.008 0.011 0.005 0.005 0.039 0.008 0.017 0.006 0.007 0.015 0.012 0.483 0.004 0.003 
  8      228    (0)    1 :  0.005 0.322 0.013 0.011 0.006 0.034 0.007 0.007 0.003 0.015 0.011 0.010 0.011 0.528 0.010 0.008 
  9      234    (0)    1 :  0.002 0.415 0.004 0.004 0.005 0.005 0.003 0.004 0.003 0.005 0.004 0.004 0.004 0.527 0.004 0.008 
 10      235    (0)    1 :  0.002 0.402 0.004 0.004 0.002 0.003 0.004 0.004 0.004 0.004 0.004 0.003 0.003 0.547 0.002 0.009 
 11      236    (0)    1 :  0.002 0.403 0.003 0.003 0.002 0.003 0.005 0.002 0.002 0.017 0.002 0.003 0.003 0.545 0.002 0.003 
 12      237    (0)    1 :  0.002 0.411 0.004 0.004 0.005 0.004 0.003 0.005 0.002 0.003 0.007 0.005 0.004 0.530 0.004 0.010 
 13      238    (0)    1 :  0.012 0.371 0.007 0.009 0.007 0.005 0.025 0.007 0.003 0.003 0.014 0.010 0.010 0.473 0.004 0.039 
 14      239    (0)    1 :  0.013 0.168 0.027 0.025 0.010 0.017 0.077 0.018 0.006 0.027 0.008 0.043 0.040 0.496 0.008 0.016 
 15      240    (0)    1 :  0.003 0.406 0.003 0.004 0.004 0.003 0.006 0.007 0.002 0.006 0.003 0.004 0.004 0.535 0.004 0.006 
 16      242    (0)    1 :  0.002 0.195 0.029 0.044 0.015 0.020 0.011 0.028 0.001 0.003 0.023 0.087 0.125 0.160 0.007 0.249 
 17      243    (0)    1 :  0.016 0.312 0.010 0.016 0.006 0.005 0.023 0.012 0.017 0.006 0.008 0.012 0.018 0.512 0.009 0.015 
 18      244    (0)    1 :  0.003 0.399 0.008 0.007 0.003 0.003 0.021 0.005 0.012 0.002 0.003 0.012 0.008 0.497 0.003 0.014 
 19      245    (0)    1 :  0.007 0.324 0.010 0.015 0.016 0.009 0.012 0.067 0.010 0.052 0.015 0.012 0.014 0.427 0.006 0.004 
 20      246    (0)    1 :  0.003 0.414 0.004 0.005 0.003 0.003 0.003 0.004 0.005 0.003 0.003 0.004 0.005 0.529 0.003 0.010 
 21      248    (0)    1 :  0.021 0.402 0.007 0.007 0.005 0.004 0.005 0.005 0.003 0.009 0.005 0.007 0.007 0.476 0.002 0.036 
 22      249    (0)    1 :  0.002 0.423 0.002 0.002 0.002 0.002 0.004 0.002 0.001 0.002 0.003 0.003 0.003 0.542 0.004 0.003 
 23      250    (0)    1 :  0.009 0.197 0.016 0.017 0.008 0.013 0.011 0.012 0.006 0.014 0.025 0.016 0.018 0.628 0.006 0.005 
 24      251    (0)    1 :  0.003 0.393 0.007 0.005 0.006 0.011 0.004 0.005 0.005 0.006 0.009 0.006 0.005 0.518 0.002 0.017 
 25      252    (0)    1 :  0.037 0.366 0.006 0.008 0.008 0.010 0.006 0.017 0.001 0.005 0.022 0.007 0.009 0.485 0.008 0.004 
 26      253    (0)    1 :  0.026 0.220 0.019 0.030 0.004 0.004 0.010 0.020 0.004 0.007 0.006 0.029 0.029 0.584 0.005 0.003 
 27      254    (0)    1 :  0.003 0.403 0.007 0.005 0.005 0.004 0.008 0.007 0.002 0.004 0.006 0.006 0.006 0.526 0.003 0.005 
 28      255    (0)    1 :  0.006 0.299 0.016 0.019 0.009 0.011 0.048 0.010 0.003 0.019 0.007 0.015 0.017 0.272 0.004 0.243 
 29      256    (0)    1 :  0.002 0.385 0.007 0.011 0.005 0.005 0.004 0.008 0.003 0.003 0.008 0.008 0.010 0.480 0.013 0.051 
 30      257    (0)    1 :  0.009 0.406 0.009 0.008 0.011 0.010 0.017 0.007 0.003 0.003 0.008 0.009 0.008 0.483 0.003 0.006 
 31      258    (0)    1 :  0.003 0.384 0.008 0.010 0.013 0.010 0.011 0.007 0.002 0.010 0.011 0.010 0.012 0.481 0.003 0.024 
 32      259    (0)    1 :  0.003 0.347 0.053 0.014 0.016 0.005 0.006 0.019 0.002 0.002 0.005 0.012 0.010 0.492 0.005 0.009 
 33      260    (0)    1 :  0.081 0.317 0.005 0.007 0.004 0.005 0.032 0.005 0.006 0.031 0.007 0.006 0.009 0.478 0.003 0.005 
 34      261    (0)    1 :  0.008 0.298 0.011 0.013 0.100 0.016 0.015 0.028 0.002 0.003 0.056 0.009 0.016 0.414 0.005 0.006 
 35      262    (0)    1 :  0.003 0.416 0.003 0.002 0.002 0.003 0.002 0.003 0.001 0.002 0.002 0.002 0.002 0.546 0.003 0.007 
 36      263    (0)    1 :  0.025 0.379 0.005 0.006 0.005 0.003 0.042 0.005 0.005 0.005 0.006 0.005 0.006 0.485 0.005 0.013 
 37      264    (0)    1 :  0.003 0.386 0.005 0.004 0.009 0.005 0.006 0.005 0.001 0.003 0.005 0.005 0.005 0.531 0.014 0.011 
 38      265    (0)    1 :  0.043 0.356 0.006 0.006 0.006 0.006 0.022 0.011 0.002 0.008 0.004 0.005 0.007 0.490 0.005 0.024 
 39      266    (0)    1 :  0.003 0.362 0.004 0.004 0.003 0.003 0.003 0.003 0.001 0.006 0.003 0.003 0.004 0.587 0.003 0.008 
 40      267    (0)    1 :  0.001 0.422 0.003 0.003 0.003 0.004 0.003 0.003 0.002 0.002 0.002 0.004 0.003 0.519 0.004 0.023 
 41      268    (0)    1 :  0.059 0.345 0.005 0.007 0.005 0.005 0.006 0.005 0.008 0.003 0.011 0.007 0.008 0.517 0.004 0.004 
 42      269    (0)    1 :  0.003 0.408 0.003 0.003 0.007 0.003 0.004 0.003 0.002 0.021 0.004 0.003 0.003 0.523 0.002 0.008 
 43      270    (0)    1 :  0.002 0.407 0.003 0.003 0.003 0.004 0.006 0.004 0.002 0.003 0.003 0.004 0.004 0.525 0.022 0.004 
 44      271    (0)    1 :  0.011 0.318 0.021 0.025 0.036 0.007 0.013 0.020 0.003 0.072 0.026 0.020 0.025 0.385 0.007 0.011 
 45      272    (0)    1 :  0.005 0.125 0.031 0.026 0.065 0.008 0.008 0.064 0.007 0.015 0.009 0.022 0.043 0.164 0.019 0.390 
 46      273    (0)    1 :  0.003 0.326 0.013 0.016 0.010 0.018 0.043 0.014 0.002 0.012 0.007 0.018 0.016 0.466 0.020 0.016 
 47      274    (0)    1 :  0.006 0.404 0.004 0.004 0.012 0.006 0.008 0.008 0.003 0.007 0.006 0.005 0.005 0.513 0.003 0.004 
 48      275    (2)    1 :  0.002 0.420 0.004 0.004 0.003 0.005 0.006 0.004 0.002 0.003 0.003 0.004 0.004 0.523 0.003 0.008 
 49      276    (0)    1 :  0.004 0.414 0.006 0.006 0.008 0.006 0.005 0.009 0.002 0.005 0.011 0.006 0.006 0.502 0.004 0.005 
 50      277    (0)    1 :  0.002 0.306 0.010 0.017 0.018 0.044 0.008 0.012 0.001 0.014 0.087 0.011 0.012 0.447 0.007 0.003 
 51      278    (0)    1 :  0.005 0.362 0.016 0.008 0.024 0.018 0.006 0.007 0.007 0.005 0.052 0.009 0.008 0.454 0.002 0.015 
 52      279    (0)    1 :  0.003 0.329 0.018 0.018 0.007 0.006 0.007 0.012 0.002 0.003 0.008 0.013 0.014 0.536 0.005 0.019 
 53      280    (0)    1 :  0.005 0.303 0.016 0.013 0.016 0.028 0.021 0.009 0.003 0.073 0.016 0.014 0.014 0.458 0.003 0.007 
 54      287    (0)    1 :  0.006 0.359 0.018 0.016 0.008 0.011 0.015 0.012 0.005 0.003 0.009 0.013 0.018 0.496 0.006 0.005 
 55      290    (0)    1 :  0.003 0.371 0.014 0.012 0.013 0.009 0.009 0.009 0.006 0.006 0.008 0.011 0.012 0.423 0.016 0.078 
 56      291    (0)    1 :  0.007 0.341 0.030 0.012 0.013 0.035 0.007 0.009 0.003 0.016 0.018 0.009 0.012 0.481 0.003 0.004 
 57      295    (0)    1 :  0.003 0.317 0.004 0.005 0.008 0.040 0.005 0.004 0.001 0.003 0.007 0.004 0.004 0.584 0.004 0.007 
 58      296    (0)    1 :  0.004 0.414 0.003 0.004 0.003 0.003 0.004 0.004 0.003 0.005 0.005 0.006 0.005 0.517 0.010 0.009 
 59      872    (2)    1 :  0.008 0.319 0.006 0.006 0.006 0.005 0.005 0.004 0.007 0.004 0.006 0.005 0.006 0.497 0.005 0.111 
 60      873    (4)    1 :  0.003 0.380 0.016 0.010 0.003 0.003 0.012 0.007 0.004 0.010 0.008 0.011 0.018 0.467 0.017 0.028 
 61      874    (2)    1 :  0.003 0.384 0.009 0.004 0.012 0.007 0.006 0.004 0.002 0.002 0.021 0.006 0.005 0.519 0.004 0.013 
 62      875    (0)    1 :  0.002 0.392 0.005 0.005 0.005 0.005 0.006 0.004 0.018 0.006 0.004 0.006 0.006 0.516 0.004 0.015 
 63      876    (6)    1 :  0.010 0.402 0.006 0.008 0.007 0.014 0.020 0.009 0.001 0.005 0.013 0.011 0.008 0.478 0.004 0.005 
 64      070    (0)   10 :  0.002 0.003 0.004 0.004 0.003 0.002 0.003 0.005 0.954 0.001 0.003 0.004 0.005 0.002 0.002 0.004 
 65      071    (0)   10 :  0.006 0.003 0.003 0.003 0.003 0.003 0.004 0.004 0.954 0.005 0.003 0.003 0.003 0.002 0.002 0.002 
 66      072    (0)   10 :  0.001 0.002 0.002 0.002 0.002 0.002 0.002 0.002 0.974 0.003 0.001 0.002 0.002 0.001 0.001 0.002 
 67      151    (0)   10 :  0.002 0.001 0.002 0.001 0.002 0.002 0.002 0.002 0.977 0.001 0.002 0.001 0.002 0.001 0.001 0.001 
 68      152    (0)   10 :  0.002 0.004 0.005 0.005 0.004 0.005 0.004 0.004 0.941 0.005 0.003 0.005 0.006 0.003 0.002 0.002 
 69      153    (2)   10 :  0.002 0.001 0.002 0.001 0.001 0.001 0.002 0.001 0.979 0.001 0.001 0.002 0.001 0.001 0.001 0.002 
 70      788    (4)   10 :  0.002 0.002 0.003 0.003 0.003 0.003 0.002 0.003 0.960 0.003 0.003 0.003 0.003 0.003 0.001 0.002 
 71      789    (2)   10 :  0.003 0.002 0.002 0.002 0.002 0.002 0.002 0.002 0.970 0.002 0.002 0.002 0.002 0.002 0.001 0.002 
 72      790    (0)   10 :  0.001 0.002 0.002 0.002 0.002 0.002 0.002 0.002 0.972 0.003 0.001 0.002 0.002 0.002 0.001 0.002 
 73      010    (0)   11 :  0.004 0.015 0.327 0.243 0.006 0.006 0.011 0.138 0.002 0.008 0.010 0.127 0.085 0.004 0.007 0.007 
 74      024    (0)   11 :  0.009 0.010 0.110 0.146 0.036 0.009 0.009 0.063 0.006 0.005 0.014 0.120 0.448 0.005 0.006 0.005 
 75      051    (0)   11 :  0.008 0.019 0.207 0.177 0.005 0.005 0.212 0.078 0.015 0.004 0.010 0.110 0.134 0.005 0.005 0.007 
 76      090    (0)   11 :  0.005 0.053 0.128 0.181 0.017 0.014 0.055 0.086 0.008 0.003 0.012 0.140 0.269 0.006 0.014 0.009 
 77      102    (0)   11 :  0.003 0.031 0.066 0.165 0.021 0.059 0.018 0.100 0.002 0.005 0.209 0.102 0.157 0.020 0.012 0.031 
 78      111    (0)   11 :  0.004 0.050 0.195 0.205 0.021 0.006 0.010 0.100 0.002 0.069 0.021 0.138 0.149 0.005 0.005 0.021 
 79      113    (0)   11 :  0.005 0.041 0.229 0.162 0.048 0.019 0.073 0.070 0.006 0.003 0.025 0.146 0.128 0.006 0.006 0.033 
 80      138    (0)   11 :  0.078 0.275 0.046 0.063 0.007 0.013 0.015 0.047 0.043 0.003 0.014 0.289 0.092 0.006 0.003 0.003 
 81      150    (0)   11 :  0.004 0.038 0.013 0.022 0.020 0.025 0.064 0.022 0.017 0.002 0.679 0.044 0.028 0.010 0.005 0.007 
 82      173    (2)   11 :  0.016 0.021 0.078 0.079 0.031 0.013 0.188 0.054 0.025 0.007 0.015 0.105 0.325 0.006 0.032 0.006 
 83      174    (2)   11 :  0.004 0.171 0.237 0.140 0.013 0.003 0.015 0.062 0.025 0.004 0.004 0.220 0.069 0.006 0.006 0.023 
 84      175    (0)   11 :  0.003 0.014 0.224 0.233 0.006 0.007 0.020 0.118 0.008 0.002 0.014 0.146 0.187 0.002 0.006 0.011 
 85      176    (0)   11 :  0.011 0.016 0.256 0.217 0.011 0.005 0.007 0.112 0.005 0.007 0.015 0.157 0.144 0.014 0.003 0.019 
 86      177    (0)   11 :  0.002 0.033 0.157 0.126 0.042 0.009 0.249 0.064 0.004 0.002 0.011 0.138 0.147 0.003 0.004 0.008 
 87      180    (0)   11 :  0.007 0.063 0.142 0.143 0.006 0.005 0.117 0.068 0.004 0.005 0.005 0.137 0.171 0.019 0.004 0.105 
 88      184    (0)   11 :  0.006 0.249 0.042 0.081 0.019 0.015 0.014 0.060 0.015 0.005 0.074 0.284 0.090 0.007 0.035 0.004 
 89      195    (0)   11 :  0.015 0.012 0.207 0.225 0.009 0.010 0.013 0.142 0.006 0.033 0.013 0.112 0.186 0.008 0.006 0.004 
 90      198    (0)   11 :  0.007 0.138 0.125 0.139 0.007 0.006 0.019 0.068 0.003 0.032 0.021 0.236 0.171 0.008 0.003 0.016 
 91      203    (0)   11 :  0.005 0.010 0.200 0.264 0.013 0.006 0.010 0.156 0.009 0.003 0.032 0.102 0.164 0.008 0.008 0.009 
 92      211    (0)   11 :  0.084 0.021 0.174 0.111 0.023 0.009 0.008 0.089 0.003 0.003 0.046 0.148 0.244 0.030 0.004 0.004 
 93      220    (0)   11 :  0.010 0.025 0.060 0.136 0.111 0.019 0.086 0.116 0.002 0.008 0.197 0.085 0.123 0.004 0.010 0.009 
 94      233    (0)   11 :  0.046 0.012 0.085 0.132 0.015 0.171 0.017 0.099 0.006 0.002 0.004 0.109 0.256 0.011 0.030 0.004 
 95      331    (0)   11 :  0.005 0.015 0.170 0.266 0.010 0.005 0.031 0.138 0.008 0.008 0.016 0.126 0.184 0.005 0.008 0.005 
 96      349    (0)   11 :  0.006 0.013 0.088 0.131 0.007 0.013 0.040 0.102 0.012 0.005 0.009 0.067 0.100 0.004 0.395 0.009 
 97      410    (0)   11 :  0.027 0.152 0.064 0.110 0.007 0.003 0.017 0.069 0.003 0.003 0.005 0.224 0.295 0.006 0.004 0.010 
 98      417    (2)   11 :  0.005 0.072 0.132 0.260 0.004 0.007 0.006 0.135 0.002 0.007 0.024 0.162 0.144 0.023 0.008 0.008 
 99      421    (0)   12 :  0.005 0.008 0.007 0.007 0.015 0.849 0.004 0.007 0.002 0.057 0.005 0.008 0.007 0.007 0.008 0.003 
100      423    (0)   12 :  0.002 0.018 0.179 0.276 0.005 0.004 0.009 0.161 0.009 0.003 0.020 0.121 0.158 0.005 0.022 0.010 
101      424    (0)   12 :  0.003 0.105 0.060 0.096 0.018 0.005 0.330 0.070 0.002 0.005 0.006 0.148 0.103 0.014 0.008 0.028 
102      433    (0)   12 :  0.015 0.066 0.052 0.180 0.024 0.137 0.007 0.154 0.002 0.003 0.197 0.103 0.049 0.004 0.004 0.004 
103      462    (0)   12 :  0.021 0.046 0.120 0.189 0.018 0.079 0.083 0.091 0.002 0.007 0.033 0.146 0.139 0.005 0.012 0.009 
104      463    (0)   12 :  0.004 0.053 0.196 0.196 0.007 0.006 0.007 0.100 0.003 0.018 0.012 0.160 0.176 0.008 0.050 0.005 
105      467    (0)   12 :  0.011 0.011 0.018 0.019 0.147 0.341 0.012 0.082 0.007 0.004 0.227 0.016 0.026 0.057 0.017 0.005 
106      468    (0)   12 :  0.002 0.012 0.007 0.009 0.015 0.085 0.008 0.008 0.003 0.026 0.022 0.008 0.009 0.013 0.766 0.007 
107      469    (0)   12 :  0.003 0.054 0.061 0.198 0.062 0.090 0.005 0.137 0.002 0.031 0.085 0.127 0.104 0.031 0.004 0.008 
108      472    (0)   12 :  0.008 0.021 0.225 0.162 0.005 0.040 0.009 0.063 0.005 0.014 0.021 0.107 0.305 0.008 0.006 0.003 
109      473    (0)   12 :  0.007 0.015 0.018 0.029 0.015 0.006 0.007 0.020 0.003 0.005 0.008 0.028 0.022 0.004 0.809 0.004 
110      474    (0)   12 :  0.005 0.004 0.003 0.003 0.004 0.004 0.004 0.003 0.001 0.002 0.937 0.003 0.003 0.005 0.015 0.003 
111      475    (0)   12 :  0.003 0.025 0.147 0.153 0.031 0.273 0.009 0.079 0.003 0.003 0.047 0.103 0.090 0.003 0.026 0.005 
112      476    (2)   12 :  0.010 0.003 0.006 0.005 0.010 0.004 0.004 0.008 0.008 0.002 0.901 0.004 0.007 0.003 0.018 0.006 
113      477    (0)   12 :  0.018 0.011 0.108 0.318 0.007 0.016 0.007 0.200 0.005 0.003 0.017 0.088 0.177 0.005 0.013 0.005 
114      478    (0)   12 :  0.002 0.008 0.084 0.122 0.299 0.017 0.015 0.078 0.002 0.004 0.010 0.091 0.205 0.017 0.004 0.041 
115      479    (0)   12 :  0.003 0.127 0.011 0.013 0.004 0.045 0.010 0.010 0.004 0.017 0.610 0.109 0.018 0.011 0.004 0.005 
116      480    (0)   12 :  0.002 0.005 0.006 0.006 0.017 0.898 0.005 0.008 0.002 0.001 0.009 0.007 0.007 0.003 0.019 0.005 
117      481    (0)   12 :  0.003 0.086 0.099 0.127 0.008 0.028 0.015 0.067 0.053 0.004 0.101 0.168 0.207 0.007 0.017 0.010 
118      482    (0)   12 :  0.057 0.057 0.133 0.096 0.099 0.021 0.017 0.126 0.002 0.089 0.009 0.143 0.136 0.004 0.004 0.005 
119      489    (0)   12 :  0.015 0.022 0.180 0.239 0.013 0.018 0.008 0.143 0.005 0.005 0.009 0.141 0.169 0.004 0.023 0.006 
120      490    (0)   12 :  0.003 0.457 0.019 0.017 0.020 0.008 0.012 0.028 0.004 0.005 0.006 0.374 0.021 0.013 0.004 0.008 
121      491    (0)   12 :  0.125 0.058 0.078 0.078 0.013 0.021 0.084 0.076 0.010 0.009 0.031 0.114 0.287 0.004 0.009 0.004 
122      492    (0)   12 :  0.009 0.010 0.011 0.013 0.016 0.005 0.007 0.009 0.003 0.003 0.819 0.011 0.012 0.012 0.021 0.039 
123      493    (0)   12 :  0.006 0.006 0.033 0.064 0.005 0.064 0.018 0.037 0.009 0.005 0.665 0.028 0.042 0.012 0.004 0.004 
124      494    (0)   12 :  0.037 0.118 0.079 0.086 0.008 0.244 0.018 0.051 0.028 0.010 0.041 0.159 0.104 0.004 0.010 0.004 
125      498    (0)   12 :  0.004 0.084 0.104 0.114 0.007 0.008 0.007 0.071 0.008 0.004 0.083 0.145 0.288 0.017 0.043 0.014 
126      499    (0)   12 :  0.007 0.021 0.199 0.221 0.054 0.008 0.049 0.140 0.004 0.003 0.018 0.098 0.156 0.011 0.006 0.005 
127      709    (0)   12 :  0.012 0.100 0.082 0.158 0.020 0.006 0.012 0.083 0.090 0.018 0.024 0.183 0.193 0.007 0.004 0.009 
128      710    (4)   12 :  0.003 0.015 0.120 0.283 0.006 0.192 0.003 0.208 0.007 0.009 0.017 0.066 0.056 0.005 0.006 0.004 
129      711    (2)   12 :  0.004 0.025 0.136 0.175 0.006 0.021 0.105 0.098 0.007 0.023 0.013 0.113 0.182 0.027 0.006 0.059 
130      712    (4)   12 :  0.003 0.488 0.009 0.011 0.006 0.009 0.009 0.014 0.002 0.004 0.007 0.414 0.008 0.006 0.003 0.007 
131      713    (0)   12 :  0.008 0.009 0.198 0.256 0.008 0.003 0.008 0.147 0.004 0.021 0.008 0.101 0.209 0.004 0.011 0.005 
132      714    (2)   12 :  0.002 0.009 0.022 0.025 0.019 0.396 0.019 0.024 0.017 0.005 0.359 0.020 0.028 0.008 0.038 0.008 
133      715    (4)   12 :  0.029 0.018 0.024 0.014 0.058 0.588 0.022 0.099 0.012 0.012 0.018 0.018 0.016 0.058 0.003 0.011 
134      716    (0)   12 :  0.004 0.007 0.015 0.020 0.024 0.125 0.004 0.018 0.002 0.005 0.732 0.016 0.016 0.004 0.004 0.005 
135      717    (2)   12 :  0.008 0.010 0.048 0.087 0.538 0.015 0.011 0.107 0.003 0.008 0.011 0.032 0.041 0.008 0.009 0.063 
136      718    (4)   12 :  0.002 0.425 0.015 0.034 0.006 0.022 0.018 0.033 0.002 0.010 0.017 0.373 0.024 0.008 0.004 0.006 
137      719    (0)   12 :  0.002 0.003 0.004 0.004 0.004 0.953 0.002 0.004 0.001 0.005 0.004 0.004 0.004 0.003 0.003 0.002 
138      720    (2)   12 :  0.013 0.007 0.034 0.147 0.119 0.418 0.010 0.104 0.002 0.010 0.029 0.037 0.045 0.007 0.012 0.006 
139      721    (0)   12 :  0.006 0.013 0.052 0.103 0.028 0.027 0.019 0.069 0.039 0.013 0.480 0.053 0.064 0.004 0.024 0.005 
140      722    (4)   12 :  0.002 0.011 0.009 0.020 0.114 0.518 0.006 0.084 0.002 0.025 0.081 0.020 0.008 0.017 0.075 0.006 
141      723    (0)   12 :  0.005 0.005 0.011 0.012 0.011 0.869 0.003 0.008 0.007 0.002 0.024 0.010 0.021 0.003 0.002 0.006 
142      724    (0)   12 :  0.009 0.011 0.016 0.017 0.020 0.638 0.007 0.011 0.005 0.058 0.140 0.014 0.020 0.014 0.010 0.010 
143      725    (0)   12 :  0.011 0.014 0.208 0.158 0.014 0.029 0.013 0.081 0.004 0.009 0.008 0.149 0.271 0.004 0.019 0.009 
144      726    (0)   12 :  0.005 0.010 0.075 0.199 0.015 0.011 0.007 0.132 0.006 0.010 0.272 0.106 0.113 0.004 0.032 0.003 
145      727    (0)   12 :  0.012 0.035 0.133 0.105 0.018 0.013 0.013 0.061 0.010 0.008 0.380 0.106 0.092 0.005 0.006 0.003 
146      728    (2)   12 :  0.006 0.010 0.145 0.201 0.012 0.011 0.011 0.108 0.116 0.009 0.009 0.115 0.223 0.007 0.003 0.013 
147      729    (6)   12 :  0.004 0.038 0.073 0.207 0.049 0.020 0.014 0.151 0.005 0.004 0.010 0.112 0.301 0.004 0.003 0.005 
148      730    (2)   12 :  0.005 0.353 0.056 0.043 0.030 0.042 0.012 0.043 0.007 0.015 0.008 0.321 0.047 0.009 0.002 0.009 
149      731    (2)   12 :  0.002 0.461 0.012 0.025 0.004 0.005 0.005 0.021 0.002 0.004 0.008 0.411 0.024 0.006 0.006 0.004 
150      732    (0)   12 :  0.005 0.010 0.170 0.204 0.014 0.011 0.009 0.122 0.003 0.006 0.159 0.123 0.131 0.013 0.008 0.011 
151      733    (0)   12 :  0.003 0.040 0.115 0.242 0.022 0.024 0.013 0.145 0.004 0.036 0.033 0.140 0.164 0.008 0.003 0.008 
152      734    (2)   12 :  0.112 0.040 0.115 0.127 0.167 0.006 0.059 0.077 0.011 0.001 0.026 0.104 0.137 0.008 0.004 0.006 
153      735    (4)   12 :  0.008 0.071 0.108 0.160 0.012 0.056 0.032 0.111 0.003 0.008 0.011 0.129 0.216 0.005 0.062 0.008 
154      736    (2)   12 :  0.026 0.175 0.148 0.158 0.009 0.006 0.018 0.106 0.018 0.003 0.020 0.218 0.084 0.004 0.004 0.004 
155      737    (0)   12 :  0.004 0.371 0.039 0.045 0.006 0.003 0.018 0.030 0.013 0.004 0.015 0.353 0.047 0.010 0.013 0.030 
156      738    (2)   12 :  0.005 0.198 0.090 0.105 0.006 0.008 0.088 0.064 0.003 0.003 0.013 0.287 0.112 0.009 0.004 0.005 
157      739    (8)   12 :  0.006 0.396 0.035 0.028 0.012 0.035 0.011 0.021 0.015 0.004 0.014 0.350 0.052 0.006 0.010 0.005 
158      740    (4)   12 :  0.002 0.326 0.035 0.048 0.009 0.075 0.004 0.037 0.002 0.015 0.032 0.308 0.094 0.005 0.004 0.005 
159      741    (2)   12 :  0.021 0.115 0.084 0.135 0.076 0.014 0.010 0.073 0.002 0.024 0.016 0.146 0.136 0.047 0.027 0.074 
160      742    (4)   12 :  0.005 0.208 0.094 0.117 0.008 0.015 0.082 0.062 0.006 0.002 0.012 0.258 0.096 0.009 0.005 0.020 
161      743    (2)   12 :  0.012 0.009 0.011 0.013 0.755 0.083 0.008 0.036 0.003 0.003 0.034 0.011 0.011 0.006 0.003 0.004 
162      744    (0)   12 :  0.005 0.018 0.199 0.140 0.025 0.108 0.007 0.080 0.036 0.003 0.051 0.132 0.182 0.005 0.004 0.005 
163      745    (0)   12 :  0.005 0.030 0.065 0.089 0.041 0.376 0.007 0.055 0.014 0.017 0.011 0.074 0.136 0.044 0.010 0.026 
164      746    (2)   12 :  0.005 0.175 0.078 0.143 0.003 0.011 0.011 0.070 0.004 0.010 0.007 0.278 0.159 0.004 0.004 0.038 
165      747    (2)   12 :  0.024 0.288 0.065 0.072 0.004 0.015 0.060 0.036 0.006 0.006 0.017 0.281 0.079 0.023 0.016 0.008 
166      748    (0)   12 :  0.018 0.051 0.055 0.089 0.007 0.006 0.072 0.055 0.007 0.015 0.108 0.076 0.225 0.069 0.121 0.027 
167      749    (2)   12 :  0.021 0.024 0.148 0.180 0.020 0.006 0.062 0.115 0.013 0.033 0.003 0.126 0.230 0.008 0.003 0.007 
168      750    (4)   12 :  0.005 0.058 0.136 0.181 0.034 0.006 0.011 0.074 0.005 0.006 0.007 0.174 0.270 0.007 0.005 0.021 
169      751    (0)   12 :  0.007 0.028 0.091 0.150 0.020 0.013 0.055 0.104 0.016 0.009 0.008 0.115 0.355 0.010 0.012 0.007 
170      752    (2)   12 :  0.003 0.015 0.006 0.007 0.009 0.091 0.005 0.008 0.002 0.003 0.046 0.011 0.008 0.010 0.772 0.005 
171      753    (4)   12 :  0.032 0.016 0.136 0.219 0.013 0.054 0.042 0.153 0.012 0.014 0.020 0.084 0.112 0.030 0.057 0.006 
172      754    (2)   12 :  0.004 0.506 0.005 0.005 0.007 0.003 0.004 0.017 0.003 0.002 0.006 0.423 0.006 0.003 0.003 0.003 
173      155    (0)   13 :  0.042 0.022 0.148 0.151 0.011 0.008 0.008 0.072 0.004 0.006 0.026 0.119 0.357 0.014 0.006 0.007 
174      156    (2)   13 :  0.005 0.016 0.272 0.155 0.032 0.009 0.008 0.070 0.121 0.007 0.005 0.144 0.133 0.012 0.004 0.007 
175      157    (2)   13 :  0.009 0.443 0.028 0.022 0.018 0.007 0.006 0.017 0.002 0.004 0.005 0.394 0.013 0.004 0.022 0.005 
176      158    (0)   13 :  0.007 0.011 0.180 0.173 0.005 0.027 0.030 0.112 0.004 0.006 0.026 0.137 0.262 0.006 0.003 0.010 
177      159    (0)   13 :  0.003 0.079 0.093 0.138 0.006 0.013 0.012 0.066 0.012 0.112 0.033 0.144 0.260 0.010 0.012 0.007 
178      160    (0)   13 :  0.010 0.063 0.014 0.026 0.016 0.013 0.028 0.022 0.003 0.004 0.698 0.058 0.025 0.013 0.005 0.003 
179      161    (0)   13 :  0.009 0.172 0.057 0.211 0.015 0.009 0.010 0.154 0.003 0.011 0.030 0.235 0.069 0.004 0.009 0.003 
180      162    (0)   13 :  0.005 0.006 0.118 0.091 0.393 0.022 0.014 0.109 0.004 0.002 0.132 0.030 0.047 0.007 0.015 0.006 
181      163    (2)   13 :  0.003 0.064 0.272 0.167 0.011 0.006 0.049 0.082 0.009 0.002 0.004 0.185 0.122 0.003 0.013 0.008 
182      164    (0)   13 :  0.020 0.055 0.112 0.193 0.012 0.025 0.014 0.116 0.002 0.005 0.008 0.116 0.245 0.031 0.037 0.011 
183      165    (2)   13 :  0.004 0.010 0.577 0.170 0.004 0.004 0.003 0.051 0.004 0.004 0.005 0.122 0.030 0.006 0.003 0.004 
184      427    (0)   13 :  0.100 0.007 0.011 0.012 0.013 0.741 0.014 0.012 0.009 0.025 0.021 0.010 0.014 0.005 0.004 0.003 
185      428    (0)   13 :  0.005 0.005 0.008 0.014 0.009 0.795 0.037 0.010 0.003 0.014 0.041 0.009 0.011 0.015 0.020 0.005 
186      429    (0)   13 :  0.003 0.005 0.007 0.008 0.570 0.324 0.006 0.015 0.003 0.007 0.009 0.008 0.016 0.005 0.008 0.008 
187      430    (0)   13 :  0.004 0.022 0.084 0.145 0.022 0.012 0.063 0.090 0.002 0.005 0.186 0.103 0.164 0.018 0.027 0.053 
188      431    (0)   13 :  0.005 0.023 0.018 0.031 0.265 0.131 0.012 0.025 0.002 0.007 0.332 0.030 0.037 0.054 0.006 0.021 
189      435    (0)   13 :  0.002 0.005 0.005 0.007 0.391 0.503 0.004 0.007 0.002 0.003 0.045 0.006 0.007 0.003 0.007 0.004 
190      436    (0)   13 :  0.003 0.006 0.004 0.006 0.023 0.169 0.003 0.006 0.002 0.008 0.747 0.005 0.005 0.006 0.003 0.004 
191      437    (0)   13 :  0.004 0.022 0.012 0.031 0.009 0.122 0.005 0.037 0.002 0.031 0.607 0.035 0.021 0.050 0.007 0.006 
192      438    (0)   13 :  0.002 0.032 0.021 0.077 0.020 0.463 0.018 0.060 0.008 0.013 0.141 0.029 0.032 0.027 0.039 0.019 
193      439    (0)   13 :  0.004 0.093 0.078 0.078 0.047 0.187 0.016 0.041 0.006 0.004 0.100 0.134 0.134 0.008 0.041 0.030 
194      441    (0)   13 :  0.003 0.002 0.003 0.003 0.003 0.005 0.003 0.002 0.001 0.001 0.004 0.003 0.003 0.004 0.956 0.004 
195      442    (0)   13 :  0.191 0.008 0.012 0.019 0.126 0.534 0.011 0.016 0.005 0.003 0.009 0.012 0.022 0.011 0.018 0.003 
196      443    (4)   13 :  0.002 0.010 0.005 0.006 0.004 0.906 0.011 0.005 0.002 0.003 0.008 0.008 0.006 0.007 0.011 0.004 
197      444    (4)   13 :  0.008 0.005 0.008 0.006 0.008 0.905 0.007 0.011 0.004 0.008 0.006 0.006 0.007 0.005 0.002 0.003 
198      445    (2)   13 :  0.004 0.018 0.060 0.207 0.008 0.341 0.004 0.134 0.007 0.010 0.025 0.052 0.082 0.032 0.011 0.005 
199      446    (0)   13 :  0.005 0.004 0.004 0.005 0.827 0.009 0.005 0.113 0.003 0.002 0.006 0.004 0.005 0.003 0.002 0.003 
200      447    (0)   13 :  0.006 0.016 0.012 0.019 0.418 0.382 0.008 0.018 0.004 0.008 0.037 0.018 0.020 0.027 0.003 0.003 
201      449    (0)   13 :  0.005 0.004 0.003 0.004 0.006 0.937 0.003 0.004 0.002 0.003 0.010 0.003 0.004 0.004 0.003 0.004 
202      460    (0)   13 :  0.006 0.013 0.036 0.039 0.081 0.550 0.007 0.030 0.002 0.006 0.020 0.018 0.028 0.013 0.144 0.007 
203      461    (0)   13 :  0.007 0.061 0.050 0.094 0.024 0.119 0.046 0.069 0.002 0.008 0.234 0.109 0.139 0.017 0.006 0.014 
204      484    (0)   13 :  0.012 0.099 0.054 0.051 0.046 0.035 0.159 0.098 0.008 0.004 0.006 0.075 0.122 0.068 0.015 0.147 
205      485    (0)   13 :  0.004 0.012 0.012 0.020 0.011 0.759 0.003 0.027 0.002 0.002 0.099 0.017 0.011 0.005 0.011 0.004 
206      486    (0)   13 :  0.002 0.002 0.002 0.002 0.002 0.002 0.002 0.002 0.001 0.002 0.002 0.002 0.002 0.002 0.973 0.002 
207      487    (0)   13 :  0.011 0.015 0.053 0.070 0.116 0.319 0.015 0.057 0.003 0.006 0.203 0.046 0.060 0.007 0.010 0.007 
208      178    (0)   14 :  0.006 0.016 0.048 0.161 0.031 0.122 0.010 0.117 0.005 0.003 0.322 0.085 0.058 0.004 0.009 0.003 
209      422    (0)   14 :  0.003 0.025 0.010 0.014 0.211 0.507 0.006 0.112 0.003 0.003 0.048 0.021 0.012 0.014 0.004 0.007 
210      425    (0)   14 :  0.003 0.009 0.011 0.013 0.730 0.048 0.006 0.013 0.001 0.005 0.114 0.013 0.019 0.007 0.005 0.002 
211      426    (0)   14 :  0.024 0.027 0.057 0.070 0.082 0.015 0.230 0.068 0.127 0.003 0.059 0.090 0.136 0.005 0.004 0.005 
212      432    (0)   14 :  0.009 0.012 0.092 0.104 0.019 0.263 0.035 0.066 0.008 0.009 0.022 0.097 0.237 0.010 0.010 0.008 
213      434    (0)   14 :  0.004 0.003 0.003 0.003 0.929 0.008 0.005 0.018 0.002 0.004 0.004 0.004 0.003 0.004 0.003 0.004 
214      440    (0)   14 :  0.012 0.007 0.095 0.106 0.304 0.066 0.033 0.079 0.003 0.002 0.124 0.057 0.078 0.004 0.024 0.007 
215      448    (2)   14 :  0.012 0.012 0.006 0.008 0.021 0.813 0.010 0.008 0.002 0.039 0.008 0.010 0.010 0.008 0.007 0.025 
216      456    (0)   14 :  0.009 0.025 0.102 0.096 0.067 0.022 0.019 0.058 0.003 0.004 0.157 0.093 0.212 0.054 0.005 0.073 
217      457    (0)   14 :  0.005 0.014 0.045 0.083 0.042 0.268 0.020 0.065 0.006 0.009 0.205 0.052 0.112 0.019 0.033 0.023 
218      458    (0)   14 :  0.016 0.051 0.046 0.044 0.024 0.018 0.043 0.030 0.007 0.006 0.443 0.098 0.134 0.027 0.009 0.005 
219      459    (0)   14 :  0.005 0.011 0.011 0.016 0.009 0.856 0.011 0.020 0.003 0.002 0.010 0.013 0.014 0.007 0.008 0.004 
220      464    (0)   14 :  0.011 0.006 0.021 0.029 0.173 0.475 0.005 0.027 0.005 0.003 0.185 0.017 0.021 0.005 0.015 0.004 
221      465    (0)   14 :  0.002 0.008 0.008 0.008 0.435 0.011 0.004 0.014 0.001 0.002 0.470 0.011 0.008 0.005 0.006 0.006 
222      466    (0)   14 :  0.004 0.016 0.028 0.130 0.033 0.349 0.008 0.169 0.002 0.016 0.082 0.054 0.046 0.041 0.014 0.006 
223      470    (0)   14 :  0.006 0.006 0.006 0.008 0.016 0.441 0.011 0.015 0.002 0.003 0.361 0.008 0.009 0.003 0.099 0.006 
224      471    (0)   14 :  0.004 0.009 0.028 0.031 0.480 0.179 0.050 0.029 0.037 0.020 0.021 0.028 0.047 0.009 0.006 0.024 
225      483    (0)   14 :  0.004 0.007 0.004 0.004 0.537 0.021 0.005 0.391 0.002 0.001 0.003 0.007 0.004 0.003 0.003 0.003 
226      488    (0)   14 :  0.004 0.009 0.005 0.007 0.005 0.012 0.005 0.005 0.002 0.002 0.914 0.009 0.007 0.007 0.005 0.003 
227      495    (0)   14 :  0.002 0.017 0.007 0.009 0.811 0.031 0.006 0.021 0.001 0.002 0.041 0.013 0.011 0.010 0.003 0.015 
228      496    (0)   14 :  0.002 0.008 0.013 0.007 0.062 0.012 0.005 0.007 0.002 0.004 0.849 0.010 0.008 0.002 0.004 0.004 
229      497    (0)   14 :  0.034 0.004 0.005 0.007 0.877 0.012 0.002 0.008 0.002 0.003 0.006 0.006 0.007 0.004 0.002 0.019 
230      500    (0)   14 :  0.003 0.229 0.070 0.090 0.008 0.040 0.007 0.046 0.004 0.015 0.043 0.088 0.073 0.219 0.041 0.023 
231      879    (0)   14 :  0.004 0.003 0.003 0.003 0.548 0.021 0.004 0.395 0.002 0.001 0.003 0.003 0.003 0.002 0.004 0.002 
232      036    (0)   15 :  0.002 0.014 0.105 0.121 0.009 0.015 0.005 0.061 0.005 0.012 0.014 0.133 0.489 0.006 0.005 0.004 
233      063    (2)   15 :  0.015 0.035 0.191 0.233 0.011 0.024 0.038 0.137 0.004 0.003 0.016 0.123 0.123 0.010 0.009 0.030 
234      094    (4)   15 :  0.009 0.201 0.050 0.081 0.007 0.018 0.016 0.037 0.005 0.012 0.132 0.235 0.141 0.038 0.006 0.012 
235      103    (4)   15 :  0.004 0.010 0.572 0.170 0.005 0.006 0.003 0.049 0.002 0.003 0.004 0.124 0.022 0.004 0.005 0.015 
236      112    (0)   15 :  0.007 0.238 0.088 0.111 0.007 0.006 0.042 0.051 0.005 0.003 0.005 0.302 0.111 0.005 0.011 0.007 
237      114    (2)   15 :  0.004 0.058 0.137 0.172 0.025 0.010 0.005 0.112 0.003 0.008 0.058 0.174 0.211 0.005 0.015 0.004 
238      120    (0)   15 :  0.004 0.405 0.024 0.033 0.006 0.007 0.018 0.020 0.003 0.014 0.052 0.350 0.036 0.016 0.006 0.006 
239      127    (2)   15 :  0.006 0.025 0.097 0.125 0.006 0.004 0.070 0.066 0.003 0.005 0.111 0.122 0.267 0.009 0.078 0.005 
240      147    (0)   15 :  0.006 0.015 0.142 0.113 0.013 0.013 0.217 0.065 0.055 0.005 0.010 0.120 0.212 0.002 0.007 0.005 
241      166    (0)   15 :  0.022 0.026 0.163 0.119 0.010 0.023 0.110 0.063 0.037 0.003 0.124 0.113 0.169 0.004 0.004 0.008 
242      167    (0)   15 :  0.005 0.015 0.118 0.092 0.377 0.012 0.007 0.109 0.005 0.012 0.075 0.044 0.055 0.007 0.021 0.046 
243      168    (0)   15 :  0.005 0.011 0.155 0.216 0.029 0.011 0.004 0.174 0.003 0.016 0.009 0.099 0.258 0.004 0.004 0.004 
244      169    (2)   15 :  0.004 0.025 0.099 0.081 0.331 0.034 0.039 0.098 0.008 0.006 0.116 0.059 0.084 0.007 0.004 0.005 
245      170    (0)   15 :  0.037 0.060 0.222 0.179 0.008 0.011 0.016 0.090 0.005 0.004 0.005 0.172 0.150 0.013 0.023 0.005 
246      171    (2)   15 :  0.004 0.032 0.343 0.200 0.007 0.007 0.027 0.085 0.011 0.003 0.005 0.122 0.081 0.061 0.004 0.009 
247      172    (0)   15 :  0.004 0.401 0.024 0.027 0.013 0.006 0.018 0.024 0.014 0.014 0.045 0.348 0.035 0.015 0.002 0.012 
248      185    (0)   15 :  0.005 0.008 0.249 0.178 0.042 0.081 0.035 0.117 0.005 0.002 0.015 0.103 0.131 0.004 0.016 0.008 
249      199    (2)   15 :  0.224 0.007 0.167 0.225 0.006 0.007 0.007 0.148 0.006 0.006 0.024 0.066 0.090 0.005 0.009 0.003 
250      339    (0)   15 :  0.008 0.006 0.090 0.060 0.417 0.012 0.009 0.084 0.006 0.002 0.231 0.022 0.030 0.006 0.006 0.012 
251      355    (0)   15 :  0.084 0.005 0.264 0.258 0.004 0.004 0.009 0.127 0.016 0.002 0.004 0.090 0.121 0.003 0.004 0.006 
252      356    (0)   15 :  0.006 0.385 0.024 0.042 0.008 0.005 0.006 0.020 0.004 0.007 0.025 0.392 0.046 0.003 0.026 0.003 
253      357    (0)   15 :  0.019 0.077 0.105 0.152 0.007 0.007 0.018 0.103 0.013 0.010 0.030 0.179 0.249 0.009 0.020 0.004 
254      358    (0)   15 :  0.003 0.007 0.108 0.157 0.010 0.011 0.010 0.062 0.007 0.002 0.008 0.129 0.418 0.007 0.018 0.042 
255      359    (0)   15 :  0.010 0.151 0.121 0.146 0.013 0.005 0.019 0.076 0.002 0.002 0.007 0.262 0.160 0.003 0.003 0.020 
256      360    (0)   15 :  0.005 0.016 0.178 0.158 0.015 0.016 0.022 0.112 0.010 0.006 0.022 0.149 0.272 0.011 0.006 0.003 
257      361    (0)   15 :  0.003 0.401 0.019 0.028 0.045 0.014 0.011 0.024 0.002 0.004 0.044 0.356 0.031 0.005 0.004 0.006 
258      362    (0)   15 :  0.005 0.098 0.073 0.100 0.089 0.019 0.067 0.095 0.005 0.002 0.021 0.086 0.192 0.133 0.004 0.011 
259      363    (0)   15 :  0.047 0.022 0.083 0.104 0.018 0.015 0.359 0.060 0.013 0.005 0.017 0.078 0.153 0.005 0.010 0.010 
260      364    (0)   15 :  0.053 0.104 0.094 0.114 0.004 0.008 0.015 0.048 0.004 0.004 0.099 0.093 0.193 0.136 0.022 0.008 
261      365    (0)   15 :  0.003 0.014 0.086 0.172 0.008 0.022 0.006 0.098 0.018 0.002 0.107 0.135 0.310 0.006 0.008 0.005 
262      366    (0)   15 :  0.003 0.049 0.115 0.094 0.004 0.004 0.015 0.061 0.028 0.002 0.012 0.186 0.409 0.004 0.003 0.013 
263      367    (0)   15 :  0.003 0.012 0.177 0.279 0.004 0.007 0.005 0.144 0.010 0.005 0.005 0.113 0.176 0.012 0.031 0.017 
264      368    (0)   15 :  0.003 0.014 0.299 0.214 0.005 0.004 0.006 0.098 0.016 0.008 0.005 0.102 0.149 0.014 0.050 0.014 
265      369    (0)   15 :  0.005 0.008 0.325 0.234 0.006 0.004 0.008 0.138 0.004 0.002 0.005 0.145 0.107 0.003 0.003 0.005 
266      370    (0)   15 :  0.007 0.217 0.096 0.125 0.012 0.009 0.014 0.050 0.015 0.010 0.016 0.253 0.136 0.004 0.004 0.030 
267      371    (0)   15 :  0.007 0.014 0.178 0.233 0.009 0.010 0.004 0.096 0.003 0.006 0.007 0.128 0.282 0.011 0.003 0.009 
268      372    (0)   15 :  0.328 0.011 0.014 0.013 0.011 0.443 0.050 0.011 0.004 0.003 0.066 0.015 0.016 0.011 0.002 0.003 
269      373    (0)   15 :  0.049 0.037 0.141 0.314 0.009 0.012 0.005 0.203 0.003 0.003 0.009 0.111 0.091 0.005 0.002 0.007 
270      380    (0)   15 :  0.011 0.037 0.094 0.194 0.005 0.007 0.035 0.089 0.006 0.039 0.041 0.164 0.251 0.014 0.002 0.009 
271      388    (0)   15 :  0.019 0.212 0.066 0.126 0.006 0.006 0.022 0.039 0.008 0.004 0.007 0.289 0.169 0.013 0.003 0.010 
272      418    (0)   15 :  0.046 0.019 0.078 0.340 0.006 0.007 0.015 0.246 0.007 0.023 0.011 0.072 0.105 0.016 0.007 0.003 
273      419    (0)   15 :  0.003 0.014 0.092 0.394 0.008 0.014 0.006 0.280 0.005 0.009 0.011 0.071 0.076 0.004 0.008 0.005 
274      420    (0)   15 :  0.061 0.048 0.074 0.173 0.021 0.041 0.014 0.102 0.046 0.003 0.027 0.114 0.220 0.035 0.010 0.010 
275      409    (0)   16 :  0.004 0.030 0.230 0.238 0.006 0.019 0.013 0.094 0.002 0.113 0.027 0.131 0.070 0.010 0.008 0.006 
276      414    (0)   16 :  0.007 0.008 0.238 0.262 0.012 0.006 0.016 0.113 0.003 0.015 0.012 0.147 0.103 0.045 0.007 0.007 
277      415    (2)   16 :  0.014 0.017 0.240 0.245 0.006 0.004 0.011 0.110 0.004 0.004 0.010 0.138 0.153 0.006 0.028 0.010 
278      416    (0)   16 :  0.011 0.015 0.098 0.271 0.014 0.020 0.011 0.168 0.003 0.074 0.043 0.094 0.127 0.020 0.004 0.027 
279      571    (0)    2 :  0.004 0.157 0.008 0.007 0.013 0.023 0.030 0.007 0.004 0.004 0.010 0.007 0.008 0.660 0.031 0.027 
280      572    (0)    2 :  0.003 0.025 0.012 0.015 0.007 0.003 0.029 0.009 0.006 0.010 0.003 0.014 0.013 0.785 0.009 0.059 
281      573    (2)    2 :  0.002 0.052 0.005 0.005 0.004 0.004 0.002 0.006 0.001 0.003 0.003 0.005 0.008 0.886 0.007 0.005 
282      574    (0)    2 :  0.002 0.014 0.010 0.010 0.007 0.005 0.005 0.008 0.003 0.015 0.007 0.009 0.010 0.882 0.004 0.011 
283      575    (2)    2 :  0.006 0.006 0.010 0.010 0.006 0.006 0.043 0.008 0.007 0.005 0.004 0.010 0.010 0.854 0.005 0.010 
284      576    (0)    2 :  0.003 0.167 0.004 0.003 0.003 0.003 0.004 0.003 0.001 0.003 0.003 0.003 0.003 0.787 0.003 0.007 
285      577    (0)    2 :  0.006 0.004 0.011 0.005 0.009 0.004 0.004 0.005 0.002 0.007 0.005 0.005 0.005 0.912 0.007 0.010 
286      578    (0)    2 :  0.006 0.004 0.004 0.003 0.005 0.003 0.003 0.003 0.002 0.030 0.004 0.003 0.003 0.921 0.003 0.004 
287      579    (0)    2 :  0.003 0.004 0.005 0.003 0.007 0.005 0.003 0.004 0.001 0.006 0.009 0.003 0.003 0.940 0.002 0.003 
288      580    (0)    2 :  0.002 0.006 0.003 0.003 0.003 0.003 0.003 0.003 0.002 0.002 0.003 0.003 0.003 0.956 0.003 0.003 
289      581    (0)    2 :  0.002 0.027 0.003 0.004 0.007 0.006 0.003 0.007 0.004 0.019 0.006 0.003 0.004 0.895 0.002 0.008 
290      582    (4)    2 :  0.016 0.035 0.017 0.016 0.039 0.010 0.006 0.012 0.046 0.003 0.011 0.017 0.018 0.734 0.002 0.017 
291      583    (0)    2 :  0.013 0.014 0.033 0.041 0.029 0.008 0.022 0.030 0.009 0.003 0.013 0.062 0.091 0.614 0.013 0.007 
292      584    (0)    2 :  0.007 0.017 0.010 0.008 0.028 0.036 0.007 0.026 0.004 0.016 0.007 0.010 0.009 0.803 0.004 0.006 
293      585    (0)    2 :  0.002 0.016 0.006 0.004 0.008 0.005 0.008 0.005 0.002 0.002 0.007 0.004 0.005 0.903 0.009 0.014 
294      586    (2)    2 :  0.008 0.008 0.004 0.004 0.008 0.006 0.006 0.004 0.003 0.004 0.006 0.004 0.004 0.922 0.003 0.007 
295      587    (0)    2 :  0.002 0.011 0.004 0.003 0.003 0.002 0.003 0.003 0.002 0.014 0.004 0.004 0.003 0.934 0.002 0.006 
296      588    (0)    2 :  0.009 0.011 0.037 0.013 0.005 0.009 0.010 0.010 0.012 0.004 0.005 0.016 0.015 0.822 0.015 0.007 
297      589    (0)    2 :  0.016 0.010 0.018 0.018 0.017 0.032 0.039 0.018 0.005 0.016 0.006 0.022 0.023 0.747 0.004 0.010 
298      590    (0)    2 :  0.008 0.009 0.006 0.005 0.005 0.005 0.003 0.004 0.010 0.032 0.011 0.006 0.007 0.815 0.047 0.029 
299      527    (2)    3 :  0.012 0.113 0.017 0.010 0.010 0.007 0.008 0.013 0.011 0.002 0.013 0.007 0.010 0.731 0.012 0.025 
300      528    (4)    3 :  0.009 0.095 0.019 0.025 0.005 0.004 0.347 0.015 0.003 0.020 0.016 0.026 0.030 0.307 0.003 0.078 
301      529    (4)    3 :  0.004 0.107 0.013 0.022 0.019 0.014 0.117 0.020 0.010 0.015 0.020 0.014 0.041 0.568 0.006 0.012 
302      530    (0)    3 :  0.005 0.412 0.007 0.007 0.003 0.003 0.010 0.009 0.004 0.004 0.003 0.008 0.006 0.505 0.006 0.008 
303      531    (2)    3 :  0.005 0.375 0.007 0.008 0.004 0.007 0.030 0.006 0.006 0.013 0.005 0.010 0.010 0.498 0.003 0.013 
304      532    (4)    3 :  0.002 0.347 0.010 0.010 0.004 0.003 0.093 0.012 0.002 0.003 0.004 0.016 0.017 0.422 0.034 0.017 
305      533    (0)    3 :  0.002 0.272 0.059 0.080 0.020 0.007 0.013 0.071 0.003 0.024 0.022 0.038 0.039 0.311 0.002 0.038 
306      534    (2)    3 :  0.006 0.387 0.007 0.009 0.005 0.005 0.007 0.006 0.002 0.015 0.005 0.007 0.009 0.452 0.003 0.076 
307      535    (2)    3 :  0.002 0.156 0.011 0.014 0.007 0.008 0.032 0.009 0.005 0.005 0.010 0.014 0.015 0.689 0.011 0.012 
308      536    (2)    3 :  0.002 0.388 0.006 0.006 0.006 0.005 0.003 0.005 0.014 0.028 0.003 0.007 0.007 0.503 0.004 0.011 
309      537    (2)    3 :  0.013 0.404 0.007 0.007 0.006 0.009 0.007 0.008 0.002 0.009 0.007 0.006 0.006 0.502 0.002 0.006 
310      538    (2)    3 :  0.004 0.203 0.055 0.046 0.023 0.009 0.005 0.035 0.002 0.003 0.026 0.049 0.040 0.433 0.004 0.064 
311      539    (2)    3 :  0.002 0.387 0.004 0.005 0.003 0.003 0.006 0.004 0.002 0.004 0.007 0.005 0.005 0.432 0.003 0.130 
312      540    (2)    3 :  0.002 0.395 0.012 0.016 0.010 0.013 0.006 0.012 0.001 0.012 0.010 0.015 0.012 0.467 0.005 0.011 
313      541    (2)    3 :  0.003 0.342 0.007 0.009 0.034 0.031 0.046 0.007 0.002 0.009 0.010 0.013 0.011 0.403 0.005 0.067 
314      542    (2)    3 :  0.009 0.293 0.015 0.019 0.020 0.022 0.015 0.014 0.004 0.012 0.079 0.022 0.024 0.375 0.004 0.072 
315      543    (0)    3 :  0.014 0.275 0.029 0.044 0.016 0.032 0.008 0.026 0.002 0.022 0.015 0.041 0.128 0.309 0.004 0.035 
316      544    (2)    3 :  0.002 0.424 0.004 0.004 0.003 0.003 0.003 0.003 0.002 0.004 0.003 0.005 0.004 0.517 0.002 0.018 
317      545    (2)    3 :  0.002 0.014 0.053 0.009 0.009 0.004 0.005 0.010 0.001 0.005 0.014 0.008 0.009 0.034 0.009 0.814 
318      546    (4)    3 :  0.002 0.008 0.096 0.018 0.008 0.003 0.004 0.013 0.002 0.005 0.018 0.012 0.021 0.022 0.012 0.758 
319      547    (6)    3 :  0.034 0.223 0.036 0.039 0.019 0.013 0.010 0.024 0.017 0.010 0.009 0.038 0.059 0.422 0.036 0.011 
320      019    (0)    4 :  0.004 0.024 0.007 0.007 0.034 0.031 0.016 0.007 0.004 0.008 0.004 0.007 0.007 0.087 0.003 0.752 
321      064    (0)    4 :  0.002 0.019 0.003 0.002 0.003 0.003 0.002 0.003 0.001 0.003 0.002 0.002 0.002 0.021 0.004 0.928 
322      065    (0)    4 :  0.001 0.423 0.002 0.002 0.003 0.003 0.003 0.003 0.001 0.006 0.002 0.003 0.003 0.520 0.002 0.024 
323      066    (0)    4 :  0.003 0.127 0.010 0.011 0.016 0.013 0.004 0.014 0.002 0.006 0.009 0.010 0.012 0.172 0.011 0.579 
324      067    (0)    4 :  0.009 0.008 0.008 0.008 0.022 0.011 0.017 0.012 0.006 0.009 0.005 0.007 0.009 0.010 0.004 0.853 
325      068    (0)    4 :  0.030 0.359 0.009 0.008 0.008 0.009 0.018 0.016 0.002 0.009 0.012 0.008 0.010 0.458 0.018 0.026 
326      069    (0)    4 :  0.004 0.060 0.011 0.006 0.004 0.005 0.007 0.005 0.001 0.013 0.007 0.006 0.006 0.077 0.017 0.773 
327      107    (0)    4 :  0.003 0.150 0.005 0.004 0.005 0.008 0.005 0.004 0.002 0.003 0.004 0.004 0.005 0.255 0.006 0.536 
328      110    (0)    4 :  0.002 0.003 0.003 0.002 0.003 0.002 0.008 0.002 0.003 0.002 0.002 0.003 0.003 0.004 0.003 0.955 
329      121    (0)    4 :  0.003 0.398 0.005 0.004 0.007 0.004 0.012 0.009 0.002 0.003 0.005 0.004 0.005 0.512 0.003 0.024 
330      137    (0)    4 :  0.002 0.008 0.008 0.008 0.017 0.007 0.004 0.008 0.011 0.005 0.007 0.007 0.009 0.006 0.005 0.887 
331      146    (0)    4 :  0.004 0.154 0.012 0.011 0.008 0.005 0.006 0.009 0.003 0.020 0.004 0.034 0.013 0.157 0.002 0.557 
332      149    (0)    4 :  0.002 0.004 0.004 0.004 0.009 0.005 0.005 0.004 0.004 0.002 0.004 0.004 0.005 0.006 0.002 0.935 
333      154    (0)    4 :  0.017 0.020 0.007 0.006 0.008 0.006 0.005 0.008 0.002 0.158 0.005 0.006 0.007 0.052 0.003 0.689 
334      179    (0)    4 :  0.004 0.097 0.004 0.004 0.004 0.006 0.004 0.004 0.002 0.004 0.006 0.004 0.004 0.301 0.006 0.545 
335      181    (0)    4 :  0.002 0.028 0.004 0.004 0.004 0.003 0.003 0.003 0.002 0.004 0.003 0.004 0.004 0.157 0.002 0.774 
336      182    (0)    4 :  0.013 0.345 0.010 0.010 0.007 0.004 0.024 0.038 0.002 0.007 0.005 0.012 0.012 0.407 0.016 0.088 
337      186    (0)    4 :  0.004 0.091 0.013 0.017 0.008 0.008 0.084 0.013 0.006 0.004 0.015 0.026 0.020 0.076 0.008 0.607 
338      193    (0)    4 :  0.004 0.205 0.008 0.008 0.007 0.013 0.007 0.006 0.002 0.008 0.004 0.009 0.009 0.257 0.005 0.448 
339      320    (0)    4 :  0.011 0.025 0.005 0.007 0.008 0.005 0.007 0.009 0.003 0.010 0.005 0.008 0.007 0.022 0.003 0.866 
340      341    (0)    4 :  0.004 0.273 0.005 0.006 0.012 0.008 0.004 0.009 0.002 0.003 0.009 0.007 0.007 0.581 0.005 0.065 
341      376    (0)    4 :  0.003 0.194 0.010 0.014 0.004 0.006 0.029 0.012 0.003 0.011 0.008 0.018 0.017 0.380 0.023 0.268 
342      395    (0)    4 :  0.004 0.106 0.006 0.007 0.006 0.018 0.011 0.005 0.006 0.055 0.022 0.007 0.008 0.099 0.004 0.636 
343      396    (0)    4 :  0.002 0.421 0.003 0.003 0.003 0.003 0.002 0.003 0.003 0.003 0.004 0.003 0.003 0.509 0.004 0.032 
344      397    (0)    4 :  0.006 0.396 0.004 0.005 0.005 0.004 0.005 0.005 0.010 0.010 0.003 0.004 0.005 0.468 0.002 0.066 
345      398    (0)    4 :  0.004 0.208 0.005 0.005 0.004 0.006 0.011 0.004 0.004 0.059 0.002 0.007 0.006 0.220 0.005 0.447 
346      399    (0)    4 :  0.003 0.397 0.005 0.005 0.005 0.003 0.013 0.011 0.002 0.003 0.004 0.006 0.005 0.525 0.006 0.007 
347      400    (0)    4 :  0.002 0.023 0.006 0.007 0.004 0.003 0.010 0.005 0.002 0.006 0.003 0.011 0.007 0.014 0.010 0.884 
348      401    (0)    4 :  0.002 0.053 0.010 0.011 0.009 0.004 0.004 0.009 0.003 0.006 0.006 0.010 0.012 0.052 0.008 0.802 
349      402    (0)    4 :  0.003 0.003 0.003 0.003 0.002 0.002 0.007 0.002 0.002 0.002 0.003 0.003 0.004 0.003 0.003 0.953 
350      403    (0)    4 :  0.004 0.238 0.009 0.008 0.021 0.009 0.017 0.013 0.011 0.004 0.010 0.015 0.011 0.237 0.010 0.381 
351      073    (0)    5 :  0.002 0.406 0.005 0.004 0.005 0.007 0.006 0.005 0.002 0.002 0.005 0.004 0.004 0.535 0.003 0.006 
352      074    (0)    5 :  0.005 0.344 0.007 0.008 0.004 0.006 0.002 0.006 0.002 0.040 0.004 0.006 0.007 0.553 0.002 0.005 
353      075    (0)    5 :  0.005 0.360 0.010 0.006 0.009 0.006 0.006 0.005 0.003 0.007 0.009 0.007 0.006 0.550 0.002 0.010 
354      076    (0)    5 :  0.006 0.391 0.006 0.007 0.009 0.004 0.011 0.011 0.005 0.005 0.009 0.006 0.007 0.511 0.003 0.008 
355      077    (0)    5 :  0.008 0.355 0.011 0.007 0.007 0.015 0.005 0.009 0.003 0.004 0.010 0.007 0.009 0.529 0.006 0.015 
356      078    (0)    5 :  0.005 0.314 0.067 0.025 0.007 0.007 0.005 0.018 0.005 0.005 0.008 0.021 0.018 0.482 0.004 0.009 
357      079    (0)    5 :  0.002 0.348 0.009 0.011 0.009 0.005 0.007 0.009 0.001 0.003 0.008 0.010 0.015 0.542 0.008 0.012 
358      080    (0)    5 :  0.016 0.370 0.005 0.006 0.006 0.003 0.014 0.010 0.002 0.003 0.003 0.005 0.006 0.540 0.004 0.006 
359      081    (0)    5 :  0.004 0.245 0.010 0.013 0.008 0.061 0.008 0.011 0.016 0.014 0.011 0.010 0.015 0.514 0.005 0.057 
360      082    (0)    5 :  0.003 0.417 0.003 0.004 0.002 0.004 0.006 0.003 0.002 0.003 0.002 0.004 0.004 0.519 0.005 0.020 
361      083    (0)    5 :  0.002 0.286 0.007 0.008 0.009 0.004 0.006 0.006 0.003 0.014 0.006 0.008 0.010 0.585 0.009 0.037 
362      084    (0)    5 :  0.002 0.282 0.006 0.006 0.014 0.011 0.003 0.006 0.006 0.114 0.007 0.005 0.006 0.516 0.002 0.015 
363      085    (0)    5 :  0.003 0.158 0.015 0.016 0.009 0.035 0.007 0.012 0.015 0.011 0.287 0.015 0.019 0.320 0.019 0.060 
364      404    (0)    5 :  0.003 0.342 0.006 0.005 0.007 0.006 0.006 0.005 0.003 0.023 0.004 0.005 0.005 0.565 0.003 0.011 
365      405    (0)    5 :  0.002 0.346 0.008 0.006 0.005 0.014 0.004 0.007 0.011 0.006 0.005 0.005 0.006 0.567 0.002 0.006 
366      406    (0)    5 :  0.004 0.353 0.019 0.011 0.003 0.004 0.007 0.007 0.008 0.009 0.005 0.009 0.009 0.541 0.008 0.005 
367      407    (0)    5 :  0.003 0.318 0.005 0.006 0.007 0.007 0.003 0.005 0.003 0.005 0.010 0.005 0.007 0.508 0.002 0.106 
368      408    (0)    5 :  0.005 0.356 0.005 0.005 0.003 0.006 0.004 0.005 0.002 0.006 0.005 0.005 0.005 0.583 0.003 0.004 
369      411    (2)    5 :  0.003 0.371 0.003 0.003 0.004 0.005 0.003 0.003 0.002 0.006 0.003 0.003 0.003 0.578 0.003 0.007 
370      412    (0)    5 :  0.007 0.302 0.007 0.011 0.006 0.016 0.014 0.008 0.005 0.005 0.020 0.009 0.012 0.561 0.007 0.009 
371      413    (0)    5 :  0.002 0.347 0.038 0.005 0.006 0.005 0.002 0.004 0.002 0.004 0.005 0.006 0.005 0.552 0.002 0.016 
372      591    (0)    6 :  0.004 0.006 0.006 0.006 0.008 0.009 0.907 0.008 0.007 0.009 0.006 0.007 0.007 0.003 0.005 0.003 
373      592    (0)    6 :  0.005 0.012 0.006 0.007 0.012 0.148 0.747 0.005 0.003 0.005 0.010 0.010 0.009 0.010 0.005 0.004 
374      593    (0)    6 :  0.002 0.007 0.010 0.008 0.007 0.007 0.902 0.007 0.006 0.004 0.005 0.007 0.007 0.011 0.005 0.005 
375      594    (0)    6 :  0.011 0.039 0.018 0.023 0.010 0.066 0.692 0.022 0.005 0.007 0.007 0.029 0.029 0.026 0.004 0.009 
376      595    (0)    6 :  0.012 0.009 0.016 0.020 0.008 0.005 0.839 0.017 0.004 0.003 0.008 0.015 0.018 0.008 0.004 0.014 
377      596    (0)    6 :  0.019 0.006 0.006 0.006 0.004 0.005 0.904 0.006 0.007 0.002 0.005 0.007 0.006 0.006 0.007 0.005 
378      597    (0)    6 :  0.007 0.017 0.008 0.012 0.007 0.006 0.795 0.012 0.002 0.003 0.037 0.012 0.020 0.031 0.003 0.027 
379      598    (0)    6 :  0.029 0.046 0.031 0.034 0.011 0.008 0.539 0.026 0.002 0.003 0.095 0.056 0.070 0.007 0.010 0.034 
380      599    (0)    6 :  0.003 0.004 0.007 0.009 0.115 0.049 0.705 0.037 0.007 0.003 0.018 0.008 0.009 0.019 0.005 0.003 
381      600    (0)    6 :  0.012 0.006 0.005 0.006 0.005 0.003 0.920 0.005 0.004 0.001 0.006 0.006 0.006 0.003 0.003 0.008 
382      601    (0)    6 :  0.002 0.016 0.012 0.017 0.022 0.018 0.787 0.012 0.002 0.002 0.030 0.015 0.020 0.014 0.005 0.025 
383      602    (0)    6 :  0.006 0.006 0.010 0.015 0.011 0.008 0.856 0.011 0.004 0.005 0.017 0.010 0.018 0.005 0.005 0.015 
384      603    (0)    6 :  0.008 0.006 0.024 0.038 0.024 0.122 0.124 0.030 0.007 0.009 0.503 0.026 0.059 0.007 0.008 0.005 
385      604    (0)    6 :  0.008 0.011 0.012 0.013 0.003 0.004 0.873 0.010 0.003 0.003 0.004 0.015 0.013 0.010 0.011 0.007 
386      605    (0)    6 :  0.026 0.051 0.020 0.026 0.013 0.010 0.723 0.017 0.005 0.003 0.008 0.049 0.032 0.006 0.003 0.006 
387      606    (0)    6 :  0.008 0.007 0.007 0.012 0.010 0.008 0.858 0.019 0.022 0.004 0.006 0.013 0.011 0.007 0.003 0.003 
388      607    (0)    6 :  0.008 0.010 0.004 0.005 0.003 0.002 0.817 0.004 0.003 0.002 0.007 0.006 0.006 0.006 0.101 0.016 
389      608    (0)    6 :  0.003 0.007 0.006 0.005 0.021 0.005 0.892 0.005 0.003 0.006 0.008 0.006 0.006 0.005 0.018 0.004 
390      609    (0)    6 :  0.003 0.006 0.007 0.008 0.005 0.005 0.911 0.008 0.004 0.004 0.006 0.009 0.008 0.004 0.008 0.004 
391      610    (0)    6 :  0.009 0.019 0.057 0.099 0.023 0.008 0.428 0.063 0.003 0.009 0.059 0.063 0.123 0.013 0.016 0.007 
392      611    (2)    6 :  0.007 0.009 0.011 0.008 0.003 0.004 0.869 0.006 0.003 0.012 0.005 0.009 0.010 0.011 0.025 0.009 
393      612    (0)    6 :  0.044 0.010 0.020 0.016 0.010 0.007 0.709 0.012 0.002 0.003 0.017 0.018 0.020 0.006 0.035 0.071 
394      755    (0)    6 :  0.043 0.014 0.027 0.046 0.004 0.013 0.432 0.023 0.003 0.025 0.018 0.024 0.039 0.016 0.264 0.008 
395      756    (0)    6 :  0.003 0.008 0.006 0.006 0.006 0.009 0.882 0.006 0.004 0.008 0.011 0.007 0.007 0.019 0.014 0.003 
396      757    (0)    6 :  0.006 0.016 0.009 0.013 0.006 0.012 0.867 0.009 0.003 0.005 0.006 0.015 0.011 0.008 0.010 0.006 
397      002    (0)    7 :  0.002 0.254 0.006 0.007 0.004 0.005 0.006 0.005 0.003 0.022 0.016 0.009 0.009 0.270 0.005 0.379 
398      099    (2)    7 :  0.095 0.036 0.126 0.227 0.034 0.005 0.006 0.088 0.012 0.003 0.003 0.148 0.208 0.002 0.004 0.004 
399      641    (2)    7 :  0.004 0.101 0.161 0.108 0.011 0.008 0.058 0.046 0.015 0.012 0.011 0.072 0.061 0.117 0.025 0.191 
400      642    (0)    7 :  0.003 0.407 0.008 0.009 0.015 0.013 0.019 0.009 0.003 0.009 0.011 0.012 0.010 0.464 0.004 0.005 
401      643    (2)    7 :  0.003 0.413 0.013 0.016 0.011 0.017 0.023 0.014 0.003 0.015 0.025 0.024 0.014 0.398 0.004 0.008 
402      644    (0)    7 :  0.009 0.392 0.010 0.008 0.023 0.013 0.006 0.007 0.004 0.006 0.014 0.010 0.010 0.455 0.009 0.023 
403      645    (0)    7 :  0.003 0.297 0.022 0.034 0.009 0.028 0.034 0.017 0.038 0.018 0.029 0.074 0.044 0.215 0.124 0.014 
404      646    (0)    7 :  0.009 0.053 0.082 0.056 0.011 0.005 0.012 0.030 0.010 0.013 0.077 0.044 0.070 0.034 0.134 0.362 
405      006    (0)    8 :  0.003 0.115 0.015 0.021 0.005 0.007 0.006 0.014 0.003 0.630 0.012 0.016 0.022 0.119 0.005 0.008 
406      011    (0)    8 :  0.003 0.408 0.003 0.003 0.003 0.004 0.003 0.003 0.002 0.011 0.003 0.003 0.003 0.542 0.002 0.004 
407      033    (2)    8 :  0.002 0.059 0.005 0.007 0.003 0.006 0.022 0.006 0.003 0.653 0.024 0.006 0.007 0.174 0.004 0.019 
408      048    (0)    8 :  0.005 0.212 0.014 0.019 0.107 0.216 0.015 0.015 0.009 0.049 0.014 0.013 0.021 0.274 0.006 0.012 
409      061    (0)    8 :  0.001 0.002 0.002 0.002 0.002 0.002 0.002 0.002 0.004 0.970 0.002 0.002 0.002 0.002 0.003 0.002 
410      088    (0)    8 :  0.008 0.381 0.012 0.014 0.016 0.019 0.012 0.012 0.005 0.027 0.010 0.013 0.014 0.436 0.003 0.018 
411      091    (0)    8 :  0.005 0.005 0.005 0.004 0.003 0.003 0.005 0.004 0.002 0.930 0.003 0.003 0.004 0.016 0.006 0.003 
412      098    (0)    8 :  0.003 0.394 0.004 0.006 0.013 0.026 0.018 0.006 0.013 0.010 0.007 0.005 0.007 0.466 0.006 0.016 
413      104    (0)    8 :  0.002 0.417 0.003 0.003 0.003 0.006 0.002 0.003 0.003 0.003 0.003 0.003 0.003 0.507 0.002 0.037 
414      196    (0)    8 :  0.006 0.141 0.005 0.007 0.009 0.010 0.010 0.006 0.005 0.589 0.007 0.006 0.006 0.172 0.002 0.020 
415      197    (0)    8 :  0.017 0.193 0.016 0.026 0.010 0.007 0.013 0.019 0.008 0.274 0.031 0.018 0.030 0.317 0.003 0.017 
416      201    (0)    8 :  0.001 0.086 0.006 0.006 0.004 0.006 0.005 0.005 0.001 0.610 0.005 0.008 0.006 0.233 0.002 0.014 
417      202    (0)    8 :  0.012 0.348 0.016 0.014 0.016 0.028 0.005 0.013 0.021 0.033 0.013 0.014 0.016 0.430 0.002 0.018 
418      204    (0)    8 :  0.002 0.185 0.003 0.004 0.004 0.011 0.003 0.004 0.002 0.408 0.013 0.005 0.005 0.303 0.010 0.038 
419      231    (0)    8 :  0.005 0.287 0.005 0.005 0.007 0.015 0.011 0.008 0.001 0.011 0.021 0.005 0.006 0.514 0.009 0.089 
420      328    (0)    8 :  0.002 0.310 0.004 0.004 0.004 0.005 0.006 0.004 0.005 0.242 0.007 0.005 0.004 0.393 0.002 0.003 
421      346    (0)    8 :  0.007 0.283 0.004 0.004 0.004 0.005 0.008 0.004 0.003 0.309 0.003 0.004 0.004 0.346 0.003 0.008 
422      212    (0)    9 :  0.957 0.003 0.003 0.003 0.004 0.004 0.002 0.003 0.001 0.002 0.004 0.003 0.003 0.003 0.003 0.004 
423      213    (0)    9 :  0.933 0.006 0.004 0.004 0.003 0.007 0.003 0.003 0.003 0.008 0.008 0.005 0.004 0.003 0.003 0.002 
424      214    (0)    9 :  0.931 0.006 0.006 0.005 0.007 0.003 0.006 0.007 0.001 0.002 0.004 0.006 0.005 0.003 0.002 0.006 
425      215    (0)    9 :  0.936 0.005 0.004 0.004 0.003 0.008 0.005 0.003 0.004 0.003 0.004 0.004 0.004 0.005 0.003 0.005 
426      216    (0)    9 :  0.947 0.003 0.003 0.003 0.004 0.005 0.003 0.003 0.002 0.004 0.004 0.003 0.003 0.007 0.004 0.002 
427      217    (0)    9 :  0.926 0.007 0.005 0.006 0.005 0.004 0.004 0.006 0.002 0.004 0.004 0.007 0.006 0.005 0.006 0.004 
428      218    (0)    9 :  0.956 0.003 0.003 0.003 0.003 0.003 0.003 0.003 0.002 0.002 0.003 0.003 0.003 0.004 0.004 0.002 
429      332    (0)    9 :  0.852 0.009 0.006 0.007 0.009 0.007 0.014 0.009 0.005 0.003 0.010 0.009 0.007 0.010 0.034 0.007 
430      333    (0)    9 :  0.838 0.010 0.011 0.012 0.008 0.007 0.029 0.010 0.010 0.004 0.005 0.011 0.014 0.011 0.006 0.014 
431      334    (0)    9 :  0.918 0.005 0.005 0.004 0.004 0.004 0.008 0.005 0.003 0.003 0.006 0.005 0.005 0.016 0.007 0.002 
432      335    (0)    9 :  0.958 0.002 0.003 0.003 0.005 0.005 0.003 0.003 0.002 0.002 0.002 0.003 0.003 0.002 0.002 0.002 
433      336    (0)    9 :  0.942 0.003 0.002 0.003 0.002 0.002 0.005 0.003 0.014 0.004 0.003 0.003 0.003 0.003 0.003 0.005 
434      337    (0)    9 :  0.923 0.007 0.005 0.005 0.003 0.003 0.011 0.004 0.002 0.002 0.003 0.006 0.005 0.011 0.002 0.009 
435      673    (0)    9 :  0.977 0.002 0.001 0.001 0.002 0.002 0.002 0.002 0.001 0.001 0.002 0.001 0.001 0.002 0.001 0.001 
436      674    (0)    9 :  0.931 0.003 0.006 0.005 0.004 0.004 0.005 0.007 0.002 0.002 0.005 0.004 0.006 0.004 0.007 0.005 
437      675    (0)    9 :  0.941 0.003 0.004 0.004 0.003 0.006 0.004 0.004 0.005 0.004 0.005 0.004 0.004 0.003 0.003 0.002 
438      676    (0)    9 :  0.920 0.006 0.004 0.004 0.005 0.008 0.006 0.016 0.001 0.002 0.006 0.006 0.004 0.003 0.006 0.003 
439      677    (0)    9 :  0.942 0.005 0.004 0.003 0.004 0.004 0.004 0.004 0.003 0.002 0.003 0.004 0.004 0.009 0.002 0.003 
440      678    (0)    9 :  0.893 0.007 0.011 0.010 0.007 0.009 0.003 0.007 0.004 0.004 0.006 0.010 0.010 0.006 0.003 0.011 
441      679    (0)    9 :  0.907 0.005 0.007 0.010 0.004 0.002 0.008 0.008 0.002 0.001 0.005 0.007 0.008 0.006 0.019 0.002 
442      680    (0)    9 :  0.908 0.004 0.005 0.005 0.008 0.006 0.012 0.010 0.005 0.003 0.008 0.005 0.005 0.007 0.007 0.003 
443      681    (0)    9 :  0.925 0.007 0.006 0.005 0.003 0.005 0.007 0.005 0.002 0.002 0.005 0.006 0.006 0.009 0.005 0.004 
444      682    (0)    9 :  0.965 0.002 0.002 0.002 0.002 0.002 0.002 0.002 0.004 0.003 0.002 0.002 0.002 0.002 0.002 0.002 
445      683    (0)    9 :  0.924 0.004 0.005 0.006 0.006 0.004 0.008 0.005 0.002 0.003 0.004 0.005 0.006 0.009 0.007 0.003 
446      684    (0)    9 :  0.934 0.003 0.007 0.005 0.007 0.005 0.006 0.005 0.003 0.002 0.005 0.004 0.005 0.002 0.003 0.003 
447      685    (0)    9 :  0.931 0.004 0.006 0.006 0.003 0.003 0.009 0.005 0.003 0.003 0.003 0.005 0.005 0.002 0.003 0.006 
448      686    (0)    9 :  0.966 0.002 0.002 0.002 0.002 0.002 0.003 0.002 0.003 0.002 0.002 0.002 0.002 0.002 0.002 0.002 
449      687    (0)    9 :  0.964 0.002 0.002 0.002 0.003 0.004 0.004 0.002 0.002 0.002 0.002 0.002 0.002 0.002 0.002 0.002 
450      688    (0)    9 :  0.925 0.006 0.003 0.003 0.016 0.004 0.006 0.005 0.002 0.003 0.006 0.004 0.004 0.006 0.005 0.004 


Estimated Allele Frequencies in each cluster
First column gives estimated ancestral frequencies


Locus 1 : 1 
4 alleles
0.0% missing data
  89   (0.544) 0.643 0.555 0.554 0.568 0.506 0.583 0.549 0.632 0.068 0.696 0.474 0.531 0.547 0.629 0.830 0.288 
  91   (0.375) 0.312 0.402 0.392 0.352 0.359 0.373 0.434 0.311 0.705 0.295 0.504 0.405 0.373 0.266 0.151 0.586 
  99   (0.016) 0.001 0.003 0.008 0.022 0.008 0.025 0.003 0.016 0.129 0.001 0.005 0.009 0.014 0.001 0.003 0.001 
  93   (0.065) 0.045 0.040 0.046 0.058 0.126 0.019 0.014 0.041 0.098 0.008 0.017 0.055 0.065 0.104 0.015 0.124 

Locus 2 : 2 
6 alleles
1.1% missing data
 136   (0.351) 0.460 0.562 0.368 0.350 0.089 0.068 0.418 0.239 0.190 0.116 0.193 0.440 0.359 0.506 0.143 0.729 
 134   (0.237) 0.382 0.186 0.175 0.212 0.211 0.288 0.409 0.269 0.027 0.202 0.222 0.215 0.233 0.126 0.687 0.166 
 138   (0.300) 0.152 0.194 0.364 0.327 0.593 0.460 0.143 0.414 0.770 0.246 0.454 0.249 0.296 0.303 0.120 0.093 
 140   (0.064) 0.004 0.042 0.056 0.063 0.045 0.032 0.016 0.043 0.008 0.430 0.061 0.057 0.064 0.063 0.017 0.008 
 132   (0.022) 0.001 0.004 0.023 0.032 0.009 0.003 0.004 0.020 0.002 0.002 0.007 0.019 0.024 0.001 0.005 0.002 
 142   (0.026) 0.002 0.012 0.014 0.017 0.054 0.148 0.011 0.015 0.003 0.003 0.064 0.020 0.025 0.001 0.028 0.002 

Locus 3 : 3 
6 alleles
0.0% missing data
 181   (0.258) 0.065 0.221 0.213 0.245 0.390 0.447 0.402 0.197 0.182 0.071 0.120 0.224 0.258 0.198 0.341 0.091 
 187   (0.342) 0.257 0.403 0.474 0.349 0.155 0.151 0.166 0.351 0.772 0.675 0.355 0.349 0.341 0.582 0.121 0.546 
 179   (0.252) 0.016 0.268 0.205 0.258 0.228 0.180 0.400 0.338 0.030 0.239 0.319 0.267 0.252 0.199 0.352 0.349 
 191   (0.030) 0.197 0.017 0.021 0.028 0.007 0.008 0.006 0.023 0.003 0.004 0.007 0.020 0.029 0.016 0.008 0.003 
 175   (0.045) 0.003 0.052 0.029 0.035 0.018 0.187 0.008 0.027 0.005 0.004 0.130 0.065 0.046 0.002 0.040 0.004 
 185   (0.074) 0.462 0.039 0.057 0.086 0.202 0.026 0.018 0.065 0.008 0.008 0.070 0.075 0.074 0.003 0.139 0.007 

Locus 4 : 4 
12 alleles
0.2% missing data
 253   (0.502) 0.466 0.652 0.452 0.535 0.291 0.707 0.618 0.421 0.598 0.626 0.497 0.515 0.503 0.660 0.620 0.458 
 249   (0.025) 0.001 0.034 0.019 0.019 0.005 0.004 0.005 0.011 0.004 0.314 0.005 0.017 0.026 0.040 0.005 0.020 
 271   (0.039) 0.002 0.032 0.028 0.039 0.010 0.006 0.009 0.028 0.004 0.005 0.037 0.035 0.038 0.017 0.010 0.054 
 241   (0.150) 0.151 0.109 0.135 0.132 0.241 0.093 0.146 0.099 0.185 0.022 0.179 0.160 0.149 0.035 0.096 0.371 
 257   (0.006) 0.000 0.003 0.003 0.003 0.001 0.001 0.001 0.002 0.001 0.000 0.002 0.004 0.006 0.000 0.001 0.003 
 269   (0.177) 0.095 0.114 0.277 0.158 0.426 0.135 0.180 0.361 0.198 0.021 0.220 0.162 0.175 0.242 0.245 0.073 
 245   (0.006) 0.000 0.001 0.003 0.004 0.001 0.001 0.001 0.002 0.001 0.000 0.001 0.003 0.006 0.000 0.001 0.001 
 247   (0.065) 0.282 0.031 0.063 0.091 0.018 0.049 0.032 0.062 0.007 0.008 0.045 0.069 0.067 0.003 0.016 0.007 
 239   (0.011) 0.001 0.012 0.005 0.007 0.002 0.001 0.003 0.005 0.001 0.001 0.002 0.014 0.011 0.000 0.002 0.001 
 273   (0.008) 0.000 0.011 0.004 0.005 0.001 0.001 0.001 0.003 0.001 0.001 0.002 0.013 0.007 0.000 0.002 0.001 
 267   (0.006) 0.000 0.001 0.007 0.003 0.001 0.001 0.001 0.002 0.001 0.001 0.002 0.003 0.006 0.000 0.001 0.012 
 255   (0.006) 0.000 0.001 0.003 0.003 0.001 0.002 0.003 0.002 0.001 0.001 0.009 0.003 0.006 0.000 0.001 0.001 

Locus 5 : 5 
6 alleles
0.7% missing data
 103   (0.865) 0.980 0.917 0.694 0.827 0.951 0.966 0.929 0.883 0.984 0.986 0.926 0.839 0.861 0.992 0.953 0.971 
 104   (0.055) 0.003 0.031 0.229 0.089 0.032 0.017 0.025 0.065 0.007 0.006 0.033 0.065 0.054 0.005 0.027 0.022 
 105   (0.043) 0.003 0.042 0.049 0.056 0.009 0.011 0.035 0.032 0.005 0.005 0.025 0.067 0.046 0.002 0.010 0.004 
 102   (0.016) 0.001 0.004 0.016 0.014 0.003 0.002 0.005 0.010 0.003 0.001 0.010 0.014 0.017 0.001 0.003 0.001 
 107   (0.012) 0.001 0.005 0.008 0.009 0.002 0.002 0.003 0.006 0.001 0.001 0.002 0.010 0.012 0.000 0.002 0.001 
 101   (0.009) 0.012 0.002 0.005 0.006 0.002 0.001 0.002 0.004 0.001 0.001 0.003 0.005 0.009 0.000 0.005 0.001 

Locus 6 : 6 
5 alleles
0.2% missing data
 141   (0.269) 0.129 0.387 0.225 0.276 0.076 0.256 0.310 0.210 0.030 0.831 0.339 0.235 0.266 0.554 0.777 0.313 
 145   (0.417) 0.259 0.354 0.525 0.407 0.573 0.639 0.446 0.568 0.416 0.078 0.446 0.467 0.421 0.190 0.139 0.120 
 135   (0.228) 0.289 0.214 0.185 0.240 0.325 0.091 0.135 0.170 0.544 0.075 0.180 0.219 0.228 0.171 0.065 0.359 
 147   (0.076) 0.322 0.039 0.057 0.066 0.023 0.012 0.107 0.046 0.009 0.015 0.033 0.069 0.075 0.085 0.017 0.206 
 137   (0.010) 0.001 0.007 0.008 0.011 0.003 0.001 0.002 0.006 0.001 0.001 0.002 0.011 0.010 0.000 0.002 0.001 

Locus 7 : 7 
10 alleles
1.3% missing data
  93   (0.225) 0.064 0.290 0.175 0.191 0.143 0.342 0.216 0.156 0.792 0.616 0.337 0.221 0.222 0.325 0.300 0.409 
 103   (0.321) 0.514 0.335 0.400 0.326 0.399 0.379 0.532 0.235 0.045 0.089 0.361 0.310 0.318 0.462 0.132 0.275 
  91   (0.065) 0.156 0.049 0.059 0.064 0.016 0.056 0.038 0.046 0.010 0.007 0.017 0.068 0.067 0.039 0.050 0.007 
  97   (0.189) 0.254 0.150 0.182 0.199 0.304 0.094 0.158 0.303 0.128 0.027 0.051 0.167 0.193 0.126 0.253 0.166 
  85   (0.046) 0.003 0.048 0.038 0.045 0.081 0.010 0.014 0.138 0.007 0.006 0.012 0.046 0.048 0.029 0.010 0.008 
  89   (0.081) 0.005 0.056 0.061 0.069 0.038 0.078 0.029 0.045 0.011 0.248 0.191 0.080 0.080 0.015 0.240 0.129 
  83   (0.050) 0.003 0.067 0.051 0.082 0.015 0.036 0.009 0.061 0.006 0.005 0.026 0.093 0.051 0.002 0.010 0.005 
 105   (0.010) 0.001 0.002 0.010 0.014 0.002 0.003 0.002 0.010 0.001 0.001 0.002 0.008 0.010 0.000 0.002 0.001 
 101   (0.006) 0.000 0.001 0.021 0.005 0.001 0.001 0.001 0.003 0.001 0.000 0.001 0.004 0.006 0.000 0.001 0.001 
  99   (0.006) 0.000 0.001 0.004 0.005 0.001 0.001 0.001 0.004 0.001 0.001 0.001 0.003 0.006 0.000 0.001 0.001 

Locus 8 : 8 
8 alleles
0.0% missing data
 129   (0.558) 0.637 0.661 0.667 0.549 0.691 0.704 0.400 0.669 0.197 0.666 0.732 0.587 0.558 0.700 0.457 0.472 
 141   (0.057) 0.218 0.060 0.039 0.047 0.020 0.012 0.094 0.034 0.006 0.011 0.026 0.040 0.057 0.077 0.012 0.151 
 149   (0.078) 0.013 0.099 0.057 0.086 0.034 0.068 0.018 0.067 0.008 0.013 0.079 0.072 0.077 0.152 0.287 0.033 
 143   (0.257) 0.128 0.160 0.204 0.276 0.239 0.201 0.479 0.204 0.698 0.306 0.148 0.257 0.258 0.069 0.205 0.339 
 127   (0.015) 0.001 0.003 0.014 0.015 0.003 0.002 0.002 0.009 0.051 0.001 0.004 0.012 0.016 0.001 0.003 0.001 
 131   (0.012) 0.002 0.002 0.007 0.007 0.005 0.010 0.002 0.006 0.037 0.001 0.002 0.007 0.011 0.001 0.003 0.001 
 133   (0.017) 0.001 0.013 0.010 0.015 0.008 0.003 0.003 0.010 0.002 0.002 0.007 0.021 0.017 0.001 0.033 0.002 
 145   (0.006) 0.000 0.003 0.003 0.004 0.001 0.001 0.001 0.003 0.001 0.000 0.001 0.005 0.006 0.000 0.001 0.001 

Locus 9 : 9 
5 alleles
0.0% missing data
 191   (0.390) 0.543 0.448 0.400 0.404 0.326 0.328 0.482 0.402 0.338 0.837 0.166 0.369 0.387 0.576 0.591 0.594 
 195   (0.150) 0.050 0.154 0.103 0.141 0.292 0.344 0.243 0.282 0.353 0.035 0.094 0.137 0.146 0.209 0.036 0.036 
 189   (0.448) 0.406 0.390 0.492 0.448 0.380 0.326 0.273 0.311 0.307 0.127 0.737 0.484 0.455 0.213 0.371 0.368 
 197   (0.006) 0.000 0.006 0.003 0.003 0.001 0.001 0.001 0.002 0.001 0.001 0.001 0.007 0.006 0.000 0.001 0.001 
 193   (0.006) 0.000 0.002 0.003 0.003 0.002 0.001 0.001 0.003 0.001 0.001 0.002 0.003 0.006 0.002 0.002 0.001 

Locus 10 : 10 
7 alleles
0.2% missing data
 232   (0.253) 0.278 0.302 0.301 0.273 0.157 0.214 0.153 0.263 0.219 0.575 0.079 0.276 0.256 0.225 0.066 0.380 
 238   (0.558) 0.340 0.518 0.562 0.550 0.719 0.722 0.674 0.583 0.370 0.137 0.854 0.539 0.559 0.659 0.838 0.441 
 252   (0.111) 0.031 0.146 0.079 0.103 0.109 0.053 0.120 0.105 0.014 0.272 0.051 0.121 0.107 0.096 0.082 0.171 
 254   (0.042) 0.265 0.025 0.029 0.038 0.008 0.006 0.047 0.025 0.393 0.014 0.009 0.038 0.042 0.018 0.009 0.004 
 250   (0.011) 0.001 0.002 0.012 0.015 0.002 0.001 0.002 0.010 0.002 0.001 0.002 0.008 0.010 0.000 0.002 0.001 
 236   (0.006) 0.001 0.002 0.003 0.004 0.001 0.001 0.002 0.003 0.001 0.001 0.001 0.004 0.006 0.000 0.001 0.001 
 248   (0.018) 0.083 0.005 0.014 0.017 0.003 0.002 0.003 0.011 0.002 0.002 0.004 0.014 0.019 0.001 0.003 0.002 

Locus 11 : 11 
4 alleles
0.0% missing data
  87   (0.695) 0.533 0.673 0.736 0.701 0.841 0.858 0.641 0.783 0.964 0.351 0.791 0.693 0.696 0.617 0.866 0.557 
  89   (0.241) 0.385 0.245 0.220 0.240 0.127 0.116 0.347 0.170 0.029 0.624 0.190 0.233 0.243 0.346 0.079 0.361 
  91   (0.051) 0.082 0.071 0.036 0.049 0.029 0.024 0.010 0.040 0.006 0.023 0.016 0.059 0.049 0.036 0.013 0.081 
  85   (0.013) 0.001 0.011 0.008 0.010 0.003 0.002 0.002 0.007 0.001 0.002 0.003 0.015 0.013 0.001 0.041 0.001 

Locus 12 : 12 
13 alleles
0.2% missing data
 160   (0.206) 0.720 0.159 0.274 0.188 0.182 0.342 0.059 0.173 0.591 0.035 0.250 0.206 0.205 0.157 0.192 0.186 
 162   (0.262) 0.229 0.230 0.199 0.266 0.159 0.294 0.487 0.213 0.067 0.744 0.345 0.253 0.260 0.222 0.385 0.095 
 147   (0.054) 0.003 0.064 0.038 0.041 0.043 0.015 0.088 0.031 0.006 0.114 0.069 0.033 0.053 0.108 0.014 0.368 
 158   (0.230) 0.021 0.401 0.297 0.234 0.293 0.207 0.188 0.169 0.028 0.077 0.105 0.264 0.236 0.486 0.086 0.316 
 161   (0.106) 0.018 0.076 0.074 0.111 0.189 0.046 0.148 0.215 0.121 0.015 0.128 0.112 0.104 0.016 0.032 0.023 
 170   (0.047) 0.003 0.034 0.045 0.065 0.035 0.019 0.009 0.050 0.005 0.006 0.049 0.053 0.047 0.007 0.011 0.005 
 143   (0.026) 0.002 0.020 0.024 0.037 0.005 0.008 0.005 0.026 0.175 0.003 0.005 0.031 0.026 0.001 0.008 0.002 
 154   (0.015) 0.001 0.003 0.021 0.022 0.003 0.002 0.004 0.012 0.002 0.002 0.004 0.013 0.017 0.001 0.005 0.001 
 149   (0.021) 0.001 0.004 0.011 0.015 0.053 0.058 0.004 0.093 0.002 0.002 0.006 0.013 0.021 0.001 0.261 0.002 
 153   (0.011) 0.001 0.005 0.008 0.010 0.002 0.002 0.003 0.008 0.001 0.001 0.002 0.010 0.011 0.000 0.002 0.001 
 150   (0.006) 0.000 0.001 0.002 0.003 0.015 0.005 0.001 0.003 0.001 0.001 0.001 0.003 0.006 0.000 0.001 0.001 
 159   (0.008) 0.000 0.002 0.003 0.004 0.019 0.001 0.001 0.004 0.001 0.001 0.034 0.005 0.007 0.000 0.002 0.001 
 164   (0.006) 0.000 0.001 0.003 0.004 0.001 0.001 0.001 0.002 0.001 0.001 0.001 0.004 0.006 0.000 0.001 0.001 

Locus 13 : 13 
5 alleles
0.0% missing data
 108   (0.196) 0.199 0.230 0.240 0.178 0.217 0.070 0.145 0.124 0.342 0.407 0.125 0.233 0.197 0.150 0.050 0.156 
 115   (0.457) 0.283 0.497 0.373 0.454 0.416 0.574 0.498 0.522 0.092 0.527 0.506 0.456 0.459 0.666 0.712 0.309 
 113   (0.334) 0.517 0.270 0.378 0.358 0.364 0.354 0.355 0.347 0.565 0.066 0.366 0.304 0.332 0.183 0.236 0.535 
 109   (0.006) 0.000 0.001 0.006 0.005 0.001 0.001 0.001 0.003 0.001 0.001 0.001 0.004 0.006 0.000 0.001 0.001 
 110   (0.006) 0.000 0.001 0.003 0.005 0.002 0.001 0.001 0.004 0.001 0.001 0.001 0.004 0.006 0.000 0.001 0.001 

Locus 14 : 14 
5 alleles
0.9% missing data
 227   (0.147) 0.017 0.159 0.117 0.132 0.359 0.332 0.039 0.108 0.259 0.068 0.283 0.112 0.145 0.254 0.058 0.326 
 231   (0.150) 0.355 0.130 0.134 0.157 0.037 0.029 0.464 0.111 0.270 0.026 0.044 0.151 0.152 0.080 0.038 0.108 
 229   (0.506) 0.412 0.591 0.600 0.520 0.462 0.527 0.285 0.633 0.093 0.853 0.451 0.584 0.508 0.410 0.858 0.438 
 225   (0.133) 0.212 0.061 0.109 0.127 0.121 0.049 0.138 0.101 0.225 0.019 0.202 0.109 0.133 0.173 0.032 0.022 
 233   (0.063) 0.005 0.060 0.040 0.064 0.021 0.064 0.075 0.047 0.154 0.034 0.020 0.043 0.062 0.083 0.015 0.105 

Locus 15 : 15 
5 alleles
0.2% missing data
 143   (0.846) 0.813 0.918 0.849 0.840 0.769 0.904 0.875 0.807 0.719 0.983 0.943 0.853 0.845 0.961 0.937 0.979 
 157   (0.008) 0.000 0.011 0.003 0.004 0.001 0.001 0.002 0.003 0.001 0.001 0.002 0.003 0.007 0.012 0.001 0.001 
 145   (0.084) 0.006 0.032 0.089 0.089 0.067 0.078 0.112 0.065 0.272 0.010 0.037 0.075 0.085 0.025 0.048 0.015 
 147   (0.047) 0.149 0.017 0.050 0.058 0.159 0.015 0.008 0.118 0.006 0.005 0.015 0.045 0.049 0.002 0.011 0.005 
 133   (0.014) 0.032 0.021 0.008 0.009 0.003 0.002 0.002 0.007 0.001 0.002 0.003 0.024 0.013 0.001 0.003 0.001 

Locus 16 : 16 
5 alleles
0.2% missing data
 156   (0.227) 0.502 0.355 0.170 0.214 0.258 0.225 0.327 0.205 0.514 0.197 0.181 0.281 0.224 0.287 0.053 0.077 
 158   (0.543) 0.195 0.477 0.573 0.568 0.574 0.686 0.464 0.640 0.253 0.323 0.582 0.525 0.548 0.497 0.605 0.732 
 160   (0.137) 0.111 0.116 0.118 0.119 0.132 0.055 0.148 0.086 0.016 0.467 0.185 0.115 0.135 0.173 0.316 0.181 
 154   (0.084) 0.192 0.050 0.136 0.094 0.034 0.020 0.059 0.066 0.217 0.012 0.032 0.075 0.085 0.042 0.024 0.009 
 152   (0.009) 0.001 0.002 0.004 0.004 0.002 0.014 0.001 0.003 0.001 0.001 0.019 0.004 0.008 0.000 0.001 0.001 

Locus 17 : 17 
5 alleles
0.0% missing data
 102   (0.204) 0.197 0.170 0.175 0.200 0.243 0.072 0.185 0.145 0.025 0.099 0.432 0.161 0.205 0.252 0.322 0.159 
  90   (0.684) 0.796 0.761 0.658 0.660 0.712 0.905 0.793 0.759 0.570 0.602 0.526 0.722 0.680 0.726 0.375 0.811 
  88   (0.067) 0.005 0.042 0.063 0.087 0.020 0.012 0.013 0.066 0.007 0.295 0.027 0.061 0.067 0.020 0.295 0.026 
 100   (0.038) 0.002 0.026 0.101 0.050 0.008 0.010 0.008 0.028 0.397 0.004 0.013 0.052 0.042 0.002 0.007 0.003 
 104   (0.006) 0.000 0.001 0.003 0.003 0.017 0.001 0.001 0.002 0.001 0.001 0.003 0.003 0.006 0.000 0.001 0.001 

Locus 18 : 18 
7 alleles
0.0% missing data
 142   (0.129) 0.008 0.282 0.102 0.139 0.148 0.048 0.025 0.103 0.014 0.786 0.063 0.142 0.128 0.423 0.073 0.380 
 146   (0.081) 0.226 0.106 0.050 0.079 0.024 0.024 0.084 0.058 0.009 0.041 0.245 0.070 0.077 0.253 0.105 0.025 
 140   (0.283) 0.177 0.171 0.336 0.278 0.320 0.195 0.502 0.475 0.275 0.045 0.202 0.279 0.288 0.066 0.522 0.425 
 127   (0.305) 0.060 0.331 0.377 0.315 0.225 0.435 0.231 0.229 0.547 0.077 0.284 0.344 0.306 0.184 0.185 0.097 
 148   (0.095) 0.216 0.053 0.067 0.089 0.056 0.067 0.115 0.062 0.010 0.032 0.149 0.067 0.096 0.034 0.026 0.048 
 138   (0.054) 0.004 0.025 0.037 0.044 0.098 0.021 0.031 0.033 0.140 0.013 0.026 0.046 0.053 0.037 0.016 0.021 
 150   (0.053) 0.310 0.032 0.032 0.056 0.129 0.210 0.013 0.039 0.005 0.006 0.031 0.053 0.052 0.002 0.073 0.005 

Locus 19 : 19 
7 alleles
0.0% missing data
 188   (0.192) 0.169 0.155 0.176 0.196 0.287 0.115 0.069 0.303 0.021 0.564 0.099 0.196 0.198 0.064 0.048 0.166 
 190   (0.125) 0.197 0.219 0.103 0.088 0.164 0.241 0.241 0.172 0.013 0.015 0.067 0.099 0.121 0.490 0.398 0.336 
 194   (0.575) 0.482 0.581 0.625 0.602 0.513 0.571 0.601 0.449 0.956 0.412 0.566 0.606 0.576 0.441 0.179 0.488 
 200   (0.082) 0.005 0.037 0.080 0.094 0.031 0.069 0.082 0.063 0.008 0.007 0.263 0.080 0.081 0.004 0.371 0.008 
 192   (0.007) 0.000 0.001 0.004 0.004 0.002 0.001 0.004 0.003 0.001 0.000 0.001 0.004 0.006 0.000 0.001 0.001 
 202   (0.013) 0.147 0.003 0.008 0.012 0.003 0.002 0.003 0.008 0.001 0.001 0.003 0.009 0.012 0.001 0.002 0.001 
 196   (0.006) 0.000 0.004 0.003 0.004 0.001 0.001 0.001 0.002 0.001 0.000 0.001 0.006 0.006 0.000 0.001 0.001 

Locus 20 : 20 
6 alleles
0.9% missing data
 252   (0.718) 0.723 0.829 0.692 0.729 0.770 0.734 0.745 0.805 0.382 0.819 0.829 0.764 0.721 0.875 0.540 0.708 
 250   (0.079) 0.146 0.073 0.074 0.071 0.184 0.026 0.070 0.052 0.346 0.010 0.029 0.053 0.078 0.064 0.145 0.048 
 244   (0.020) 0.001 0.007 0.014 0.015 0.005 0.011 0.007 0.011 0.005 0.148 0.007 0.014 0.019 0.019 0.006 0.002 
 254   (0.075) 0.083 0.046 0.050 0.076 0.018 0.137 0.056 0.061 0.106 0.010 0.103 0.070 0.074 0.030 0.017 0.010 
 246   (0.085) 0.046 0.035 0.071 0.078 0.018 0.089 0.119 0.054 0.159 0.010 0.023 0.075 0.086 0.005 0.288 0.229 
 248   (0.023) 0.001 0.010 0.100 0.031 0.005 0.003 0.004 0.018 0.003 0.004 0.008 0.024 0.022 0.007 0.004 0.003 

Locus 21 : 21 
7 alleles
0.2% missing data
 173   (0.297) 0.211 0.349 0.214 0.274 0.524 0.564 0.309 0.364 0.118 0.161 0.485 0.295 0.295 0.388 0.072 0.143 
 177   (0.274) 0.165 0.257 0.402 0.293 0.269 0.221 0.082 0.309 0.273 0.177 0.243 0.264 0.277 0.223 0.504 0.642 
 175   (0.136) 0.258 0.079 0.110 0.129 0.057 0.081 0.326 0.112 0.488 0.017 0.088 0.136 0.139 0.043 0.038 0.025 
 167   (0.195) 0.122 0.284 0.160 0.184 0.118 0.116 0.142 0.137 0.110 0.635 0.154 0.220 0.190 0.319 0.091 0.178 
 163   (0.035) 0.231 0.015 0.033 0.034 0.012 0.008 0.015 0.023 0.004 0.004 0.011 0.030 0.035 0.002 0.007 0.004 
 159   (0.020) 0.001 0.004 0.030 0.033 0.010 0.003 0.003 0.022 0.002 0.002 0.006 0.018 0.022 0.001 0.004 0.002 
 165   (0.044) 0.013 0.013 0.051 0.052 0.009 0.007 0.123 0.033 0.005 0.005 0.012 0.038 0.043 0.024 0.284 0.008 

Locus 22 : 22 
11 alleles
0.7% missing data
 146   (0.244) 0.137 0.238 0.184 0.256 0.185 0.329 0.171 0.192 0.074 0.825 0.346 0.225 0.242 0.157 0.298 0.218 
 154   (0.008) 0.000 0.039 0.003 0.004 0.001 0.001 0.001 0.003 0.001 0.001 0.002 0.003 0.007 0.044 0.001 0.002 
 166   (0.093) 0.006 0.042 0.105 0.112 0.026 0.025 0.077 0.076 0.115 0.011 0.048 0.086 0.098 0.020 0.023 0.271 
 152   (0.435) 0.362 0.557 0.514 0.393 0.661 0.571 0.504 0.563 0.498 0.137 0.526 0.474 0.430 0.748 0.592 0.441 
 150   (0.026) 0.002 0.008 0.022 0.033 0.013 0.005 0.005 0.025 0.117 0.004 0.015 0.020 0.025 0.005 0.006 0.007 
 164   (0.030) 0.002 0.022 0.020 0.022 0.009 0.006 0.058 0.017 0.005 0.005 0.010 0.029 0.030 0.008 0.006 0.044 
 148   (0.009) 0.000 0.002 0.004 0.004 0.001 0.001 0.001 0.003 0.172 0.001 0.002 0.005 0.009 0.000 0.001 0.001 
 158   (0.082) 0.111 0.065 0.085 0.100 0.034 0.018 0.135 0.066 0.010 0.011 0.024 0.097 0.085 0.014 0.047 0.008 
 162   (0.047) 0.073 0.022 0.044 0.053 0.049 0.010 0.042 0.039 0.006 0.005 0.023 0.046 0.050 0.002 0.019 0.005 
 156   (0.014) 0.306 0.003 0.007 0.008 0.019 0.007 0.004 0.006 0.002 0.001 0.003 0.008 0.014 0.001 0.003 0.001 
 142   (0.011) 0.001 0.002 0.012 0.015 0.002 0.026 0.002 0.011 0.001 0.001 0.003 0.007 0.010 0.000 0.002 0.001 

Locus 23 : 23 
7 alleles
0.9% missing data
 152   (0.013) 0.001 0.036 0.006 0.007 0.003 0.002 0.002 0.005 0.001 0.001 0.003 0.006 0.012 0.038 0.002 0.091 
 156   (0.115) 0.029 0.157 0.176 0.122 0.070 0.027 0.126 0.193 0.014 0.012 0.054 0.179 0.115 0.023 0.028 0.088 
 144   (0.177) 0.644 0.152 0.139 0.163 0.213 0.328 0.196 0.254 0.602 0.027 0.179 0.144 0.173 0.135 0.051 0.153 
 160   (0.109) 0.105 0.113 0.162 0.090 0.165 0.061 0.136 0.075 0.013 0.013 0.141 0.077 0.107 0.155 0.324 0.301 
 154   (0.553) 0.219 0.535 0.483 0.583 0.543 0.576 0.530 0.451 0.365 0.918 0.606 0.564 0.556 0.641 0.588 0.364 
 158   (0.025) 0.001 0.006 0.028 0.031 0.006 0.004 0.009 0.019 0.003 0.028 0.014 0.022 0.027 0.007 0.006 0.003 
 146   (0.008) 0.000 0.002 0.005 0.005 0.001 0.001 0.001 0.003 0.001 0.001 0.002 0.007 0.009 0.000 0.001 0.001 

Locus 24 : 24 
4 alleles
0.4% missing data
  77   (0.088) 0.049 0.231 0.055 0.063 0.064 0.049 0.088 0.047 0.010 0.040 0.158 0.089 0.086 0.245 0.035 0.025 
  83   (0.458) 0.921 0.414 0.447 0.440 0.506 0.430 0.604 0.587 0.688 0.225 0.343 0.425 0.455 0.581 0.759 0.580 
  81   (0.369) 0.025 0.264 0.430 0.413 0.295 0.421 0.270 0.305 0.293 0.723 0.437 0.377 0.371 0.160 0.183 0.361 
  85   (0.086) 0.006 0.091 0.068 0.084 0.135 0.100 0.038 0.061 0.010 0.012 0.063 0.109 0.087 0.014 0.023 0.034 

Locus 25 : 25 
6 alleles
0.4% missing data
 132   (0.332) 0.458 0.365 0.287 0.345 0.294 0.416 0.457 0.258 0.183 0.908 0.237 0.294 0.330 0.553 0.202 0.124 
 124   (0.524) 0.533 0.565 0.586 0.507 0.604 0.456 0.416 0.515 0.408 0.069 0.592 0.593 0.524 0.365 0.761 0.838 
 126   (0.022) 0.001 0.028 0.013 0.015 0.005 0.003 0.004 0.010 0.003 0.003 0.005 0.014 0.023 0.069 0.004 0.024 
 122   (0.093) 0.006 0.036 0.095 0.109 0.087 0.120 0.104 0.202 0.115 0.018 0.158 0.079 0.094 0.011 0.026 0.010 
 120   (0.014) 0.001 0.004 0.010 0.012 0.003 0.002 0.003 0.008 0.290 0.001 0.003 0.010 0.014 0.001 0.002 0.001 
 136   (0.014) 0.001 0.003 0.009 0.011 0.007 0.002 0.015 0.007 0.002 0.001 0.005 0.009 0.015 0.001 0.003 0.002 

Locus 26 : 26 
7 alleles
0.2% missing data
 165   (0.245) 0.053 0.190 0.270 0.235 0.128 0.382 0.340 0.171 0.322 0.670 0.221 0.239 0.245 0.084 0.201 0.155 
 183   (0.349) 0.422 0.424 0.390 0.331 0.387 0.334 0.460 0.353 0.290 0.212 0.240 0.340 0.348 0.668 0.632 0.457 
 179   (0.082) 0.005 0.067 0.063 0.077 0.038 0.036 0.018 0.053 0.346 0.016 0.162 0.073 0.083 0.038 0.043 0.106 
 175   (0.262) 0.454 0.232 0.219 0.298 0.435 0.239 0.153 0.384 0.034 0.095 0.351 0.241 0.260 0.207 0.113 0.277 
 181   (0.047) 0.065 0.084 0.049 0.047 0.010 0.007 0.026 0.032 0.006 0.005 0.023 0.098 0.049 0.002 0.009 0.004 
 185   (0.009) 0.001 0.003 0.006 0.008 0.002 0.001 0.001 0.004 0.001 0.001 0.002 0.007 0.009 0.000 0.001 0.001 
 157   (0.006) 0.000 0.001 0.003 0.004 0.001 0.001 0.001 0.002 0.001 0.001 0.001 0.004 0.006 0.000 0.001 0.001 

Locus 27 : 27 
4 alleles
0.2% missing data
 142   (0.650) 0.742 0.652 0.702 0.654 0.799 0.841 0.680 0.597 0.311 0.350 0.635 0.627 0.651 0.676 0.729 0.607 
 148   (0.198) 0.063 0.155 0.176 0.206 0.128 0.065 0.248 0.294 0.672 0.386 0.122 0.210 0.197 0.079 0.048 0.182 
 138   (0.049) 0.004 0.105 0.042 0.041 0.012 0.028 0.017 0.039 0.006 0.253 0.015 0.034 0.048 0.233 0.022 0.200 
 150   (0.103) 0.191 0.089 0.080 0.098 0.061 0.066 0.054 0.070 0.011 0.011 0.227 0.129 0.104 0.012 0.201 0.012 

Locus 28 : 28 
6 alleles
0.9% missing data
 260   (0.386) 0.375 0.246 0.435 0.406 0.471 0.541 0.298 0.315 0.137 0.282 0.517 0.329 0.389 0.478 0.497 0.504 
 262   (0.510) 0.551 0.702 0.474 0.491 0.374 0.390 0.661 0.608 0.850 0.705 0.403 0.574 0.508 0.515 0.474 0.485 
 256   (0.072) 0.073 0.037 0.071 0.077 0.086 0.047 0.036 0.060 0.010 0.010 0.070 0.070 0.072 0.006 0.023 0.008 
 258   (0.010) 0.001 0.002 0.009 0.013 0.002 0.001 0.002 0.008 0.001 0.001 0.002 0.007 0.011 0.000 0.002 0.001 
 266   (0.006) 0.000 0.001 0.003 0.003 0.001 0.014 0.001 0.002 0.001 0.001 0.002 0.003 0.006 0.000 0.001 0.001 
 264   (0.014) 0.001 0.011 0.008 0.010 0.066 0.006 0.002 0.007 0.001 0.001 0.006 0.016 0.014 0.001 0.003 0.001 

Locus 29 : 29 
7 alleles
0.2% missing data
 146   (0.278) 0.334 0.202 0.428 0.277 0.459 0.149 0.348 0.348 0.035 0.080 0.185 0.280 0.278 0.227 0.485 0.294 
 150   (0.446) 0.287 0.643 0.366 0.460 0.374 0.599 0.408 0.466 0.140 0.175 0.567 0.500 0.448 0.660 0.173 0.432 
 140   (0.172) 0.058 0.105 0.134 0.173 0.139 0.144 0.170 0.123 0.813 0.685 0.218 0.150 0.172 0.085 0.118 0.032 
 148   (0.058) 0.319 0.033 0.039 0.047 0.012 0.047 0.048 0.034 0.006 0.054 0.017 0.037 0.057 0.023 0.143 0.229 
 152   (0.030) 0.002 0.008 0.025 0.034 0.013 0.059 0.005 0.022 0.003 0.003 0.007 0.024 0.029 0.001 0.061 0.003 
 151   (0.009) 0.001 0.005 0.004 0.005 0.002 0.001 0.003 0.004 0.001 0.002 0.004 0.005 0.008 0.003 0.006 0.009 
 142   (0.008) 0.000 0.002 0.003 0.004 0.001 0.001 0.019 0.003 0.001 0.001 0.002 0.004 0.007 0.001 0.014 0.001 

Locus 30 : 30 
6 alleles
0.2% missing data
 125   (0.287) 0.029 0.426 0.393 0.323 0.088 0.071 0.309 0.215 0.138 0.632 0.111 0.336 0.293 0.403 0.091 0.293 
 129   (0.440) 0.786 0.404 0.339 0.401 0.624 0.598 0.416 0.566 0.210 0.304 0.563 0.401 0.435 0.557 0.459 0.650 
 123   (0.148) 0.100 0.124 0.166 0.143 0.260 0.278 0.107 0.132 0.018 0.050 0.184 0.155 0.144 0.035 0.093 0.046 
 121   (0.012) 0.001 0.003 0.007 0.009 0.003 0.002 0.003 0.007 0.040 0.001 0.003 0.008 0.012 0.001 0.002 0.001 
 127   (0.079) 0.081 0.028 0.065 0.074 0.016 0.039 0.157 0.047 0.590 0.010 0.068 0.066 0.081 0.003 0.348 0.007 
 131   (0.034) 0.002 0.015 0.031 0.051 0.010 0.012 0.007 0.034 0.004 0.003 0.071 0.035 0.035 0.002 0.007 0.003 

Locus 31 : 31 
6 alleles
0.2% missing data
 159   (0.172) 0.011 0.226 0.122 0.159 0.402 0.180 0.303 0.128 0.020 0.067 0.296 0.209 0.171 0.088 0.049 0.111 
 155   (0.551) 0.710 0.543 0.668 0.592 0.292 0.613 0.419 0.431 0.525 0.593 0.303 0.535 0.555 0.787 0.488 0.851 
 157   (0.184) 0.020 0.165 0.142 0.167 0.148 0.177 0.254 0.119 0.113 0.292 0.325 0.184 0.181 0.061 0.443 0.029 
 153   (0.058) 0.004 0.050 0.046 0.055 0.150 0.024 0.012 0.302 0.103 0.043 0.068 0.044 0.058 0.061 0.013 0.006 
 151   (0.029) 0.255 0.014 0.019 0.023 0.006 0.004 0.011 0.017 0.239 0.004 0.007 0.025 0.028 0.003 0.006 0.003 
 163   (0.007) 0.000 0.002 0.003 0.004 0.002 0.002 0.001 0.003 0.001 0.001 0.002 0.004 0.006 0.001 0.001 0.001 

Locus 32 : 32 
5 alleles
0.0% missing data
 146   (0.314) 0.315 0.243 0.387 0.337 0.371 0.351 0.264 0.384 0.584 0.063 0.269 0.353 0.320 0.055 0.219 0.050 
 150   (0.580) 0.637 0.703 0.527 0.568 0.533 0.614 0.507 0.545 0.405 0.926 0.678 0.573 0.576 0.861 0.405 0.873 
 148   (0.058) 0.044 0.040 0.053 0.045 0.035 0.012 0.120 0.034 0.006 0.006 0.023 0.033 0.056 0.081 0.361 0.071 
 154   (0.033) 0.002 0.011 0.025 0.037 0.008 0.006 0.107 0.026 0.004 0.004 0.014 0.030 0.034 0.001 0.008 0.004 
 152   (0.014) 0.001 0.003 0.008 0.012 0.054 0.017 0.003 0.011 0.002 0.002 0.017 0.010 0.014 0.001 0.006 0.001 

Locus 33 : 33 
7 alleles
0.0% missing data
 180   (0.465) 0.670 0.531 0.481 0.480 0.234 0.417 0.528 0.373 0.696 0.425 0.419 0.448 0.467 0.494 0.513 0.366 
 196   (0.117) 0.007 0.131 0.098 0.108 0.192 0.118 0.049 0.242 0.013 0.130 0.102 0.111 0.116 0.223 0.025 0.205 
 184   (0.197) 0.070 0.173 0.169 0.173 0.444 0.340 0.279 0.125 0.267 0.418 0.078 0.201 0.201 0.178 0.085 0.121 
 194   (0.012) 0.001 0.014 0.005 0.006 0.003 0.002 0.002 0.004 0.001 0.001 0.003 0.006 0.011 0.061 0.003 0.032 
 192   (0.131) 0.181 0.110 0.104 0.141 0.105 0.108 0.100 0.190 0.014 0.015 0.281 0.154 0.130 0.007 0.358 0.013 
 190   (0.016) 0.001 0.010 0.008 0.009 0.008 0.005 0.023 0.007 0.002 0.002 0.095 0.014 0.016 0.001 0.003 0.002 
 198   (0.061) 0.069 0.032 0.136 0.083 0.015 0.011 0.019 0.058 0.007 0.009 0.022 0.066 0.060 0.037 0.014 0.261 

Locus 34 : 34 
6 alleles
0.0% missing data
 110   (0.185) 0.069 0.203 0.253 0.184 0.072 0.078 0.223 0.132 0.213 0.264 0.196 0.154 0.185 0.468 0.156 0.158 
 112   (0.361) 0.056 0.439 0.319 0.376 0.485 0.380 0.286 0.349 0.041 0.075 0.306 0.358 0.361 0.429 0.439 0.744 
 106   (0.273) 0.713 0.262 0.255 0.263 0.344 0.433 0.415 0.399 0.222 0.577 0.372 0.312 0.268 0.060 0.139 0.077 
  90   (0.039) 0.002 0.028 0.025 0.029 0.008 0.007 0.008 0.020 0.407 0.066 0.033 0.034 0.038 0.021 0.233 0.006 
 108   (0.132) 0.114 0.066 0.143 0.142 0.090 0.100 0.066 0.096 0.117 0.016 0.091 0.137 0.139 0.022 0.029 0.014 
  96   (0.010) 0.046 0.002 0.005 0.006 0.002 0.002 0.002 0.004 0.001 0.001 0.002 0.005 0.009 0.000 0.003 0.001 

Locus 35 : 35 
9 alleles
0.0% missing data
 166   (0.062) 0.004 0.131 0.036 0.053 0.033 0.156 0.054 0.051 0.008 0.011 0.035 0.038 0.059 0.322 0.122 0.186 
 176   (0.096) 0.015 0.135 0.078 0.089 0.025 0.015 0.224 0.060 0.011 0.024 0.028 0.109 0.097 0.108 0.035 0.386 
 172   (0.329) 0.585 0.313 0.458 0.346 0.412 0.426 0.134 0.374 0.042 0.449 0.427 0.284 0.330 0.467 0.256 0.205 
 170   (0.273) 0.328 0.210 0.216 0.248 0.266 0.219 0.517 0.318 0.610 0.481 0.199 0.258 0.274 0.086 0.197 0.155 
 174   (0.130) 0.061 0.161 0.102 0.141 0.034 0.150 0.047 0.110 0.015 0.013 0.254 0.207 0.131 0.012 0.365 0.015 
 178   (0.040) 0.003 0.015 0.041 0.042 0.073 0.010 0.008 0.033 0.005 0.016 0.017 0.034 0.039 0.002 0.010 0.045 
 168   (0.048) 0.003 0.031 0.051 0.062 0.019 0.021 0.012 0.041 0.307 0.005 0.024 0.057 0.050 0.002 0.012 0.005 
 186   (0.015) 0.001 0.003 0.014 0.014 0.138 0.002 0.002 0.011 0.002 0.001 0.015 0.010 0.014 0.001 0.002 0.001 
 158   (0.006) 0.000 0.001 0.004 0.005 0.001 0.001 0.001 0.003 0.001 0.001 0.001 0.004 0.006 0.000 0.001 0.001 

Locus 36 : 36 
6 alleles
0.0% missing data
  89   (0.568) 0.509 0.607 0.600 0.591 0.792 0.560 0.491 0.592 0.371 0.233 0.726 0.568 0.566 0.654 0.638 0.712 
  95   (0.060) 0.004 0.054 0.044 0.052 0.021 0.129 0.086 0.035 0.007 0.044 0.045 0.042 0.061 0.060 0.015 0.021 
  85   (0.170) 0.233 0.208 0.115 0.153 0.128 0.166 0.148 0.240 0.495 0.266 0.068 0.174 0.166 0.234 0.290 0.225 
  81   (0.064) 0.004 0.078 0.049 0.061 0.014 0.029 0.181 0.043 0.008 0.009 0.040 0.097 0.067 0.005 0.016 0.006 
  83   (0.124) 0.249 0.050 0.183 0.130 0.042 0.106 0.091 0.081 0.014 0.446 0.117 0.110 0.126 0.046 0.036 0.034 
  91   (0.015) 0.001 0.003 0.009 0.012 0.003 0.009 0.003 0.009 0.106 0.001 0.004 0.010 0.015 0.001 0.003 0.001 

Locus 37 : 37 
10 alleles
0.0% missing data
 161   (0.344) 0.376 0.552 0.356 0.327 0.138 0.267 0.396 0.240 0.427 0.092 0.328 0.418 0.342 0.562 0.437 0.535 
 165   (0.231) 0.097 0.169 0.302 0.240 0.229 0.345 0.182 0.307 0.135 0.061 0.174 0.207 0.238 0.113 0.093 0.277 
 159   (0.014) 0.001 0.017 0.008 0.014 0.003 0.005 0.002 0.010 0.001 0.001 0.003 0.008 0.013 0.040 0.003 0.008 
 173   (0.251) 0.516 0.170 0.202 0.257 0.419 0.180 0.387 0.315 0.223 0.154 0.356 0.226 0.249 0.128 0.398 0.077 
 169   (0.106) 0.007 0.075 0.088 0.105 0.190 0.123 0.022 0.091 0.208 0.687 0.111 0.103 0.104 0.150 0.058 0.097 
 167   (0.017) 0.002 0.009 0.012 0.020 0.004 0.003 0.003 0.014 0.002 0.002 0.020 0.012 0.016 0.006 0.004 0.002 
 168   (0.010) 0.001 0.002 0.009 0.011 0.002 0.001 0.002 0.006 0.001 0.001 0.002 0.007 0.011 0.000 0.002 0.001 
 155   (0.013) 0.001 0.004 0.017 0.018 0.003 0.002 0.003 0.012 0.001 0.001 0.003 0.012 0.014 0.001 0.002 0.001 
 177   (0.006) 0.000 0.002 0.004 0.004 0.001 0.001 0.001 0.003 0.001 0.000 0.002 0.004 0.006 0.000 0.002 0.001 
 175   (0.007) 0.000 0.001 0.003 0.003 0.011 0.073 0.001 0.002 0.001 0.001 0.001 0.003 0.007 0.000 0.001 0.001 

Locus 38 : 38 
6 alleles
0.4% missing data
  87   (0.091) 0.128 0.105 0.076 0.068 0.033 0.030 0.113 0.054 0.555 0.012 0.133 0.068 0.089 0.190 0.020 0.141 
  89   (0.445) 0.090 0.569 0.455 0.479 0.488 0.675 0.214 0.367 0.052 0.757 0.459 0.491 0.447 0.534 0.401 0.676 
  91   (0.160) 0.186 0.136 0.230 0.166 0.090 0.045 0.206 0.121 0.205 0.190 0.167 0.167 0.158 0.178 0.092 0.024 
  81   (0.119) 0.115 0.079 0.101 0.122 0.078 0.068 0.223 0.092 0.014 0.012 0.053 0.097 0.121 0.053 0.430 0.080 
  85   (0.179) 0.481 0.110 0.136 0.161 0.309 0.182 0.243 0.364 0.173 0.028 0.186 0.174 0.178 0.037 0.055 0.078 
  83   (0.006) 0.000 0.001 0.003 0.003 0.001 0.001 0.001 0.002 0.001 0.001 0.001 0.003 0.006 0.008 0.002 0.001 

Locus 39 : 39 
4 alleles
0.4% missing data
 167   (0.792) 0.857 0.893 0.802 0.772 0.929 0.676 0.949 0.842 0.683 0.932 0.859 0.813 0.785 0.884 0.804 0.927 
 161   (0.175) 0.140 0.097 0.176 0.193 0.064 0.227 0.045 0.132 0.313 0.061 0.108 0.161 0.182 0.115 0.182 0.070 
 165   (0.027) 0.002 0.008 0.018 0.030 0.006 0.096 0.005 0.022 0.003 0.007 0.031 0.022 0.026 0.001 0.013 0.003 
 177   (0.006) 0.001 0.001 0.005 0.004 0.001 0.001 0.001 0.003 0.001 0.001 0.002 0.004 0.006 0.000 0.001 0.001 

Locus 40 : 40 
6 alleles
0.2% missing data
 228   (0.421) 0.226 0.433 0.412 0.393 0.624 0.454 0.442 0.465 0.545 0.725 0.460 0.397 0.417 0.591 0.624 0.656 
 238   (0.343) 0.116 0.384 0.325 0.371 0.254 0.347 0.265 0.272 0.082 0.074 0.308 0.386 0.352 0.303 0.092 0.270 
 224   (0.021) 0.001 0.051 0.012 0.013 0.004 0.003 0.013 0.008 0.002 0.002 0.005 0.011 0.020 0.056 0.229 0.046 
 236   (0.102) 0.395 0.063 0.081 0.101 0.025 0.041 0.114 0.075 0.358 0.187 0.097 0.083 0.100 0.045 0.026 0.017 
 232   (0.012) 0.001 0.021 0.007 0.008 0.002 0.002 0.002 0.006 0.001 0.001 0.003 0.021 0.011 0.001 0.002 0.002 
 240   (0.101) 0.261 0.048 0.163 0.115 0.091 0.153 0.164 0.173 0.012 0.011 0.128 0.103 0.100 0.004 0.026 0.009 

Locus 41 : 41 
7 alleles
0.0% missing data
 128   (0.119) 0.031 0.151 0.139 0.108 0.055 0.296 0.072 0.085 0.013 0.238 0.149 0.121 0.116 0.082 0.239 0.063 
 130   (0.531) 0.783 0.550 0.577 0.562 0.454 0.387 0.517 0.556 0.059 0.689 0.532 0.552 0.534 0.725 0.520 0.592 
 114   (0.054) 0.003 0.071 0.037 0.045 0.012 0.008 0.077 0.031 0.506 0.033 0.017 0.044 0.053 0.087 0.011 0.039 
 132   (0.127) 0.046 0.153 0.103 0.112 0.402 0.162 0.151 0.196 0.014 0.020 0.122 0.124 0.124 0.080 0.030 0.288 
 118   (0.057) 0.130 0.030 0.041 0.056 0.029 0.094 0.011 0.052 0.204 0.008 0.103 0.052 0.055 0.003 0.026 0.005 
 134   (0.106) 0.007 0.044 0.101 0.114 0.046 0.053 0.171 0.076 0.203 0.012 0.076 0.104 0.112 0.023 0.173 0.011 
 136   (0.006) 0.000 0.001 0.003 0.004 0.001 0.001 0.001 0.002 0.001 0.001 0.001 0.004 0.006 0.000 0.001 0.001 

Locus 42 : 42 
6 alleles
1.3% missing data
 102   (0.284) 0.477 0.274 0.252 0.263 0.411 0.288 0.413 0.333 0.574 0.082 0.358 0.232 0.283 0.464 0.229 0.436 
 104   (0.401) 0.413 0.305 0.435 0.445 0.322 0.553 0.324 0.349 0.049 0.104 0.514 0.420 0.404 0.208 0.680 0.149 
  92   (0.108) 0.007 0.179 0.082 0.109 0.158 0.026 0.086 0.073 0.051 0.014 0.050 0.155 0.107 0.079 0.033 0.284 
  96   (0.070) 0.004 0.073 0.127 0.064 0.015 0.028 0.054 0.046 0.097 0.706 0.019 0.074 0.069 0.045 0.018 0.062 
  98   (0.132) 0.098 0.167 0.100 0.115 0.092 0.104 0.121 0.196 0.227 0.094 0.057 0.116 0.131 0.200 0.038 0.069 
 106   (0.006) 0.000 0.001 0.003 0.004 0.002 0.001 0.001 0.003 0.001 0.001 0.001 0.004 0.006 0.005 0.002 0.001 

Locus 43 : 43 
6 alleles
1.6% missing data
 101   (0.309) 0.180 0.422 0.238 0.303 0.377 0.217 0.467 0.461 0.037 0.090 0.294 0.350 0.311 0.529 0.208 0.218 
 103   (0.319) 0.351 0.187 0.276 0.328 0.481 0.453 0.280 0.255 0.229 0.447 0.390 0.261 0.318 0.182 0.133 0.373 
  99   (0.139) 0.009 0.131 0.185 0.139 0.040 0.100 0.065 0.090 0.420 0.072 0.055 0.175 0.140 0.039 0.594 0.217 
  95   (0.211) 0.459 0.256 0.283 0.209 0.098 0.226 0.183 0.181 0.177 0.389 0.257 0.198 0.209 0.249 0.061 0.190 
  97   (0.016) 0.001 0.004 0.014 0.016 0.003 0.002 0.003 0.010 0.137 0.001 0.003 0.012 0.016 0.001 0.003 0.001 
  91   (0.006) 0.000 0.001 0.004 0.005 0.001 0.001 0.001 0.003 0.001 0.001 0.001 0.004 0.006 0.000 0.001 0.001 

Locus 44 : 44 
7 alleles
0.2% missing data
 177   (0.078) 0.005 0.051 0.070 0.089 0.047 0.050 0.065 0.065 0.010 0.010 0.048 0.062 0.078 0.045 0.016 0.168 
 191   (0.274) 0.099 0.250 0.333 0.301 0.188 0.133 0.306 0.211 0.280 0.054 0.335 0.290 0.277 0.130 0.333 0.109 
 181   (0.587) 0.862 0.681 0.558 0.542 0.754 0.728 0.615 0.676 0.522 0.931 0.605 0.604 0.585 0.823 0.568 0.718 
 179   (0.038) 0.002 0.014 0.029 0.053 0.007 0.005 0.010 0.038 0.186 0.003 0.009 0.033 0.038 0.002 0.079 0.004 
 183   (0.009) 0.001 0.002 0.005 0.008 0.002 0.003 0.002 0.005 0.001 0.001 0.002 0.006 0.009 0.000 0.002 0.001 
 193   (0.007) 0.000 0.001 0.003 0.004 0.002 0.080 0.001 0.003 0.001 0.001 0.001 0.003 0.007 0.000 0.001 0.001 
 189   (0.006) 0.030 0.001 0.002 0.003 0.001 0.001 0.001 0.002 0.001 0.000 0.001 0.003 0.006 0.000 0.001 0.001 

Locus 45 : 45 
6 alleles
0.9% missing data
 205   (0.464) 0.404 0.411 0.522 0.499 0.564 0.547 0.535 0.400 0.248 0.861 0.400 0.433 0.467 0.591 0.523 0.544 
 211   (0.232) 0.276 0.317 0.204 0.235 0.214 0.100 0.186 0.286 0.343 0.049 0.172 0.281 0.232 0.219 0.302 0.109 
 207   (0.145) 0.201 0.113 0.109 0.129 0.170 0.237 0.092 0.214 0.018 0.068 0.185 0.126 0.147 0.104 0.052 0.192 
 201   (0.073) 0.005 0.088 0.076 0.054 0.035 0.022 0.082 0.041 0.380 0.012 0.169 0.079 0.070 0.053 0.023 0.115 
 215   (0.079) 0.114 0.070 0.060 0.075 0.016 0.092 0.104 0.055 0.010 0.009 0.072 0.075 0.077 0.033 0.098 0.040 
 202   (0.008) 0.000 0.001 0.029 0.008 0.002 0.002 0.001 0.005 0.001 0.001 0.002 0.006 0.008 0.000 0.002 0.001 

Locus 46 : 46 
10 alleles
1.1% missing data
 144   (0.067) 0.128 0.183 0.082 0.057 0.015 0.024 0.015 0.047 0.008 0.051 0.080 0.075 0.064 0.206 0.054 0.073 
 158   (0.153) 0.083 0.131 0.143 0.145 0.089 0.032 0.266 0.098 0.020 0.038 0.185 0.146 0.156 0.075 0.198 0.404 
 168   (0.142) 0.106 0.140 0.216 0.145 0.033 0.041 0.136 0.106 0.212 0.061 0.065 0.137 0.145 0.286 0.033 0.067 
 166   (0.143) 0.391 0.212 0.102 0.129 0.084 0.350 0.085 0.093 0.124 0.458 0.078 0.116 0.141 0.273 0.041 0.125 
 142   (0.370) 0.284 0.179 0.364 0.409 0.659 0.480 0.440 0.534 0.048 0.376 0.540 0.341 0.371 0.153 0.650 0.301 
 170   (0.013) 0.001 0.024 0.008 0.011 0.003 0.002 0.004 0.008 0.002 0.002 0.003 0.024 0.013 0.002 0.003 0.001 
 156   (0.024) 0.001 0.005 0.021 0.021 0.036 0.004 0.005 0.016 0.467 0.002 0.016 0.016 0.025 0.001 0.005 0.014 
 162   (0.042) 0.003 0.039 0.027 0.043 0.014 0.060 0.038 0.032 0.115 0.005 0.012 0.053 0.041 0.002 0.008 0.004 
 164   (0.038) 0.002 0.086 0.033 0.036 0.067 0.005 0.010 0.063 0.004 0.005 0.020 0.089 0.038 0.002 0.007 0.011 
 160   (0.006) 0.000 0.001 0.003 0.004 0.001 0.001 0.001 0.003 0.001 0.001 0.001 0.004 0.006 0.000 0.001 0.001 

Locus 47 : 47 
7 alleles
8.7% missing data
 149   (0.343) 0.335 0.251 0.425 0.371 0.381 0.410 0.083 0.264 0.355 0.473 0.336 0.337 0.346 0.242 0.520 0.185 
 151   (0.181) 0.012 0.207 0.145 0.162 0.208 0.109 0.375 0.116 0.084 0.119 0.196 0.164 0.180 0.138 0.336 0.577 
 153   (0.201) 0.025 0.228 0.166 0.211 0.256 0.410 0.173 0.308 0.031 0.109 0.295 0.179 0.200 0.419 0.074 0.136 
 147   (0.028) 0.002 0.055 0.020 0.022 0.006 0.004 0.005 0.015 0.005 0.003 0.008 0.043 0.027 0.020 0.008 0.029 
 145   (0.227) 0.624 0.234 0.233 0.222 0.146 0.064 0.359 0.287 0.522 0.294 0.160 0.249 0.228 0.178 0.057 0.070 
 152   (0.007) 0.000 0.003 0.004 0.004 0.001 0.001 0.001 0.003 0.001 0.001 0.002 0.004 0.006 0.002 0.003 0.001 
 143   (0.012) 0.001 0.022 0.008 0.009 0.002 0.002 0.002 0.006 0.002 0.001 0.003 0.024 0.012 0.001 0.003 0.001 

Values of parameters used in structure:
DATAFILE=temp2_no_plains.str,	OUTFILE=k16/temp2_no_plains_k16_run3,	NUMINDS=450,	NUMLOCI=47,	MISSING=-9,	LABEL=1,	POPDATA=1,	POPFLAG=0,	PHENOTYPE=0,	EXTRACOLS=0,	MAXPOPS=16,	BURNIN=500000,	NUMREPS=750000,	USEPOPINFO=0,	INFERALPHA=1,	INFERLAMBDA=0,	POPSPECIFICLAMBDA=0,	POPALPHAS=0,	COMPUTEPROB=1,	NOADMIX=0,	ADMBURNIN=500,	UPDATEFREQ=100,	PRINTLIKES=0,	INTERMEDSAVE=0,	PRINTKLD=0,	PRINTNET=1,	PRINTLAMBDA=1,	ANCESTDIST=0,	NUMBOXES=1000,	ANCESTPINT=0.90000,	GENSBACK=2,	MIGRPRIOR=0.01000,	PRINTQHAT=0,	PRINTQSUM=1,	ALPHA=1.0000,	FREQSCORR=1,	FPRIORMEAN=0.0100,	FPRIORSD=0.0500,	ONEFST=0,	LAMBDA=1.0000,	UNIFPRIORALPHA=1,	ALPHAMAX=10.0000,	ALPHAPRIORA=1.0000,	ALPHAPRIORB=2.0000,	ALPHAPROPSD=0.0250,	STARTATPOPINFO=0,	RANDOMIZE=0,	LINKAGE=0,	METROFREQ=10,	REPORTHITRATE=0,	MARKOVPHASE=0,	PHASED=1,	PLOIDY=2,	PHASEINFO=0	LOCPRIOR=0, 	LOCPRIORINIT=1.000000, 	LOCDATA=0, 	LOCISPOP=1, 	LOCPRIORSTEP=0.100000, 	MAXLOCPRIOR=20.000000, 	SEED=912411,	
[STRAT parameters]:    NUMSIMSTATS=1000,	PHENOTYPECOL=-9,	POOLFREQ=10,	LOCUSxONLY=0,	EMERROR=0.00100,	MISSINGPHENO=-9,	