

----------------------------------------------------
STRUCTURE by Pritchard, Stephens and Donnelly (2000)
     and Falush, Stephens and Pritchard (2003)
       Code by Pritchard, Falush and Hubisz
             Version 2.3.4 (Jul 2012)
----------------------------------------------------



Command line arguments:   structure -D 119009 -K 16 -m mainparams -o k16/temp2_no_plains_k16_run9 
Input File:    temp2_no_plains.str

Run parameters:
   450 individuals
   47 loci
   16 populations assumed
   500000 Burn-in period
   750000 Reps
RANDOMIZE turned off


--------------------------------------------
Proportion of membership of each pre-defined
 population in each of the 16 clusters

Given    Inferred Clusters                                                                                                  Number of
 Pop       1      2      3      4      5      6      7      8      9     10     11     12     13     14     15     16      Individuals

  1:     0.010  0.010  0.010  0.009  0.012  0.836  0.010  0.035  0.009  0.010  0.010  0.010  0.010  0.006  0.010  0.004       63
  2:     0.007  0.007  0.011  0.007  0.014  0.841  0.013  0.011  0.009  0.009  0.013  0.012  0.017  0.010  0.011  0.006       20
  3:     0.015  0.015  0.018  0.007  0.035  0.685  0.020  0.115  0.010  0.010  0.019  0.020  0.010  0.008  0.010  0.004       21
  4:     0.009  0.006  0.008  0.005  0.012  0.366  0.007  0.524  0.007  0.010  0.007  0.007  0.008  0.006  0.014  0.004       31
  5:     0.007  0.020  0.008  0.005  0.006  0.868  0.009  0.017  0.010  0.006  0.008  0.009  0.006  0.005  0.013  0.005       21
  6:     0.016  0.038  0.019  0.012  0.759  0.011  0.019  0.012  0.021  0.011  0.019  0.020  0.010  0.023  0.005  0.005       25
  7:     0.048  0.025  0.059  0.015  0.020  0.446  0.054  0.126  0.012  0.006  0.055  0.057  0.015  0.037  0.012  0.011        8
  8:     0.006  0.011  0.008  0.005  0.009  0.528  0.009  0.019  0.021  0.005  0.009  0.009  0.017  0.004  0.338  0.005       17
  9:     0.005  0.004  0.005  0.930  0.006  0.005  0.005  0.004  0.004  0.006  0.005  0.005  0.005  0.005  0.003  0.003       29
 10:     0.002  0.002  0.003  0.002  0.003  0.002  0.003  0.002  0.002  0.003  0.003  0.003  0.002  0.002  0.003  0.964        9
 11:     0.110  0.058  0.168  0.014  0.052  0.010  0.163  0.015  0.016  0.013  0.159  0.157  0.022  0.024  0.009  0.009       26
 12:     0.145  0.113  0.114  0.012  0.024  0.012  0.100  0.011  0.126  0.019  0.107  0.098  0.053  0.045  0.012  0.010       74
 13:     0.066  0.111  0.067  0.015  0.018  0.017  0.072  0.013  0.256  0.021  0.067  0.067  0.122  0.070  0.010  0.007       35
 14:     0.024  0.187  0.037  0.008  0.022  0.026  0.046  0.011  0.185  0.114  0.044  0.044  0.224  0.013  0.006  0.010       24
 15:     0.140  0.033  0.160  0.027  0.032  0.020  0.154  0.010  0.023  0.011  0.151  0.147  0.064  0.012  0.007  0.010       43
 16:     0.079  0.018  0.159  0.009  0.012  0.013  0.214  0.012  0.012  0.005  0.170  0.222  0.011  0.012  0.050  0.003        4
--------------------------------------------

Allele-freq. divergence among pops (Net nucleotide distance),
computed using point estimates of P.

      1       2       3       4       5       6       7       8       9      10      11      12      13      14      15      16      
 1      -    0.0220  0.0028  0.0610  0.0231  0.0329  0.0049  0.0434  0.0282  0.0780  0.0041  0.0049  0.0310  0.0597  0.1066  0.1046  
 2   0.0220     -    0.0180  0.0750  0.0390  0.0482  0.0175  0.0618  0.0264  0.0861  0.0174  0.0173  0.0281  0.0605  0.1251  0.1257  
 3   0.0028  0.0180     -    0.0555  0.0197  0.0311  0.0004  0.0397  0.0231  0.0766  0.0002  0.0004  0.0246  0.0527  0.1011  0.0992  
 4   0.0610  0.0750  0.0555     -    0.0620  0.0821  0.0547  0.0956  0.0776  0.1085  0.0548  0.0550  0.0791  0.1094  0.1597  0.1337  
 5   0.0231  0.0390  0.0197  0.0620     -    0.0461  0.0200  0.0581  0.0434  0.0835  0.0196  0.0200  0.0418  0.0631  0.1215  0.1072  
 6   0.0329  0.0482  0.0311  0.0821  0.0461     -    0.0310  0.0417  0.0473  0.1091  0.0308  0.0310  0.0565  0.0801  0.1040  0.1451  
 7   0.0049  0.0175  0.0004  0.0547  0.0200  0.0310     -    0.0395  0.0220  0.0770  0.0001  0.0000  0.0233  0.0514  0.1002  0.0994  
 8   0.0434  0.0618  0.0397  0.0956  0.0581  0.0417  0.0395     -    0.0683  0.1212  0.0395  0.0397  0.0597  0.0834  0.1343  0.1443  
 9   0.0282  0.0264  0.0231  0.0776  0.0434  0.0473  0.0220  0.0683     -    0.0864  0.0219  0.0218  0.0272  0.0703  0.1220  0.1317  
10   0.0780  0.0861  0.0766  0.1085  0.0835  0.1091  0.0770  0.1212  0.0864     -    0.0766  0.0774  0.0873  0.1171  0.2036  0.1780  
11   0.0041  0.0174  0.0002  0.0548  0.0196  0.0308  0.0001  0.0395  0.0219  0.0766     -    0.0001  0.0233  0.0516  0.0998  0.0993  
12   0.0049  0.0173  0.0004  0.0550  0.0200  0.0310  0.0000  0.0397  0.0218  0.0774  0.0001     -    0.0233  0.0515  0.0996  0.0999  
13   0.0310  0.0281  0.0246  0.0791  0.0418  0.0565  0.0233  0.0597  0.0272  0.0873  0.0233  0.0233     -    0.0741  0.1378  0.1327  
14   0.0597  0.0605  0.0527  0.1094  0.0631  0.0801  0.0514  0.0834  0.0703  0.1171  0.0516  0.0515  0.0741     -    0.1534  0.1707  
15   0.1066  0.1251  0.1011  0.1597  0.1215  0.1040  0.1002  0.1343  0.1220  0.2036  0.0998  0.0996  0.1378  0.1534     -    0.2008  
16   0.1046  0.1257  0.0992  0.1337  0.1072  0.1451  0.0994  0.1443  0.1317  0.1780  0.0993  0.0999  0.1327  0.1707  0.2008     -    

Average distances (expected heterozygosity) between individuals in same cluster:
cluster  1  : 0.6210 
cluster  2  : 0.5829 
cluster  3  : 0.6396 
cluster  4  : 0.5439 
cluster  5  : 0.5941 
cluster  6  : 0.5373 
cluster  7  : 0.6408 
cluster  8  : 0.5367 
cluster  9  : 0.5543 
cluster 10  : 0.4632 
cluster 11  : 0.6406 
cluster 12  : 0.6406 
cluster 13  : 0.5719 
cluster 14  : 0.5323 
cluster 15  : 0.4342 
cluster 16  : 0.5335 

--------------------------------------------
Estimated Ln Prob of Data   = -49081.8
Mean value of ln likelihood = -45977.4
Variance of ln likelihood   = 6208.6
Mean value of alpha         = 0.0354

Mean value of Fst_1         = 0.0498
Mean value of Fst_2         = 0.1003
Mean value of Fst_3         = 0.0265
Mean value of Fst_4         = 0.2138
Mean value of Fst_5         = 0.0945
Mean value of Fst_6         = 0.1404
Mean value of Fst_7         = 0.0218
Mean value of Fst_8         = 0.1804
Mean value of Fst_9         = 0.1221
Mean value of Fst_10         = 0.3813
Mean value of Fst_11         = 0.0233
Mean value of Fst_12         = 0.0249
Mean value of Fst_13         = 0.1189
Mean value of Fst_14         = 0.2530
Mean value of Fst_15         = 0.4040
Mean value of Fst_16         = 0.3098


Inferred ancestry of individuals:
        Label (%Miss) Pop:  Inferred clusters
  1      221    (0)    1 :  0.009 0.007 0.007 0.002 0.020 0.890 0.007 0.008 0.008 0.005 0.008 0.007 0.011 0.003 0.005 0.003 
  2      222    (0)    1 :  0.009 0.008 0.009 0.009 0.007 0.400 0.010 0.492 0.008 0.005 0.010 0.009 0.003 0.011 0.006 0.004 
  3      223    (0)    1 :  0.022 0.011 0.014 0.003 0.009 0.862 0.011 0.008 0.010 0.006 0.011 0.011 0.005 0.006 0.008 0.003 
  4      224    (0)    1 :  0.003 0.002 0.003 0.005 0.004 0.951 0.003 0.005 0.003 0.002 0.003 0.003 0.002 0.004 0.005 0.001 
  5      225    (0)    1 :  0.005 0.004 0.006 0.004 0.004 0.931 0.006 0.007 0.004 0.004 0.006 0.006 0.005 0.004 0.004 0.002 
  6      226    (0)    1 :  0.008 0.004 0.006 0.002 0.013 0.923 0.005 0.003 0.004 0.003 0.005 0.005 0.002 0.007 0.004 0.006 
  7      227    (0)    1 :  0.015 0.007 0.013 0.005 0.036 0.848 0.011 0.003 0.005 0.003 0.011 0.011 0.006 0.004 0.005 0.016 
  8      228    (0)    1 :  0.010 0.010 0.009 0.005 0.006 0.858 0.009 0.006 0.031 0.003 0.010 0.010 0.007 0.010 0.013 0.003 
  9      234    (0)    1 :  0.004 0.004 0.004 0.002 0.004 0.938 0.004 0.008 0.005 0.002 0.004 0.004 0.005 0.004 0.005 0.003 
 10      235    (0)    1 :  0.003 0.003 0.003 0.002 0.004 0.947 0.004 0.009 0.003 0.003 0.004 0.004 0.002 0.002 0.004 0.004 
 11      236    (0)    1 :  0.003 0.002 0.003 0.002 0.005 0.950 0.003 0.003 0.002 0.001 0.003 0.003 0.003 0.002 0.015 0.002 
 12      237    (0)    1 :  0.005 0.006 0.004 0.002 0.003 0.937 0.004 0.009 0.004 0.006 0.004 0.004 0.004 0.004 0.002 0.002 
 13      238    (0)    1 :  0.010 0.013 0.010 0.013 0.026 0.830 0.009 0.040 0.005 0.007 0.010 0.010 0.007 0.004 0.003 0.003 
 14      239    (0)    1 :  0.039 0.008 0.031 0.014 0.066 0.671 0.028 0.013 0.017 0.008 0.027 0.028 0.010 0.007 0.025 0.007 
 15      240    (0)    1 :  0.003 0.003 0.003 0.003 0.006 0.935 0.004 0.006 0.004 0.012 0.004 0.004 0.003 0.004 0.007 0.002 
 16      242    (0)    1 :  0.104 0.023 0.065 0.002 0.011 0.316 0.056 0.237 0.020 0.002 0.072 0.052 0.028 0.008 0.003 0.001 
 17      243    (0)    1 :  0.010 0.007 0.012 0.016 0.021 0.830 0.014 0.013 0.005 0.004 0.014 0.014 0.009 0.008 0.006 0.017 
 18      244    (0)    1 :  0.015 0.003 0.011 0.003 0.023 0.880 0.008 0.015 0.003 0.002 0.009 0.008 0.003 0.003 0.002 0.012 
 19      245    (0)    1 :  0.008 0.011 0.010 0.007 0.009 0.700 0.010 0.003 0.006 0.147 0.010 0.011 0.004 0.006 0.051 0.008 
 20      246    (0)    1 :  0.003 0.003 0.004 0.003 0.003 0.938 0.005 0.012 0.003 0.002 0.005 0.005 0.003 0.003 0.003 0.006 
 21      248    (0)    1 :  0.009 0.006 0.008 0.023 0.005 0.855 0.007 0.044 0.004 0.002 0.008 0.008 0.006 0.002 0.010 0.003 
 22      249    (0)    1 :  0.003 0.002 0.003 0.002 0.004 0.963 0.002 0.002 0.003 0.002 0.002 0.002 0.002 0.004 0.002 0.001 
 23      250    (0)    1 :  0.012 0.025 0.014 0.010 0.010 0.830 0.016 0.005 0.011 0.005 0.015 0.014 0.009 0.006 0.013 0.006 
 24      251    (0)    1 :  0.005 0.009 0.005 0.003 0.004 0.907 0.005 0.017 0.012 0.004 0.005 0.005 0.006 0.002 0.006 0.005 
 25      252    (0)    1 :  0.007 0.021 0.008 0.035 0.006 0.838 0.007 0.004 0.009 0.031 0.008 0.008 0.004 0.007 0.005 0.001 
 26      253    (0)    1 :  0.032 0.006 0.024 0.024 0.008 0.807 0.021 0.003 0.004 0.002 0.026 0.023 0.006 0.004 0.007 0.003 
 27      254    (0)    1 :  0.007 0.005 0.006 0.004 0.008 0.924 0.006 0.004 0.004 0.008 0.005 0.006 0.005 0.003 0.004 0.002 
 28      255    (0)    1 :  0.015 0.006 0.018 0.006 0.054 0.542 0.019 0.251 0.011 0.002 0.019 0.018 0.015 0.004 0.017 0.003 
 29      256    (0)    1 :  0.006 0.008 0.009 0.002 0.004 0.850 0.011 0.057 0.005 0.003 0.010 0.011 0.005 0.014 0.003 0.003 
 30      257    (0)    1 :  0.010 0.009 0.009 0.010 0.020 0.868 0.009 0.007 0.011 0.007 0.009 0.009 0.013 0.003 0.003 0.003 
 31      258    (0)    1 :  0.010 0.013 0.011 0.003 0.013 0.848 0.011 0.028 0.010 0.004 0.011 0.010 0.012 0.003 0.010 0.002 
 32      259    (0)    1 :  0.013 0.006 0.013 0.003 0.006 0.855 0.017 0.009 0.005 0.023 0.015 0.015 0.012 0.005 0.002 0.002 
 33      260    (0)    1 :  0.005 0.006 0.006 0.081 0.028 0.802 0.006 0.005 0.005 0.004 0.006 0.006 0.004 0.003 0.026 0.006 
 34      261    (0)    1 :  0.006 0.048 0.012 0.009 0.015 0.733 0.014 0.005 0.014 0.047 0.013 0.013 0.060 0.006 0.003 0.002 
 35      262    (0)    1 :  0.002 0.002 0.002 0.002 0.002 0.960 0.002 0.007 0.003 0.004 0.002 0.002 0.002 0.003 0.002 0.001 
 36      263    (0)    1 :  0.005 0.007 0.006 0.029 0.046 0.847 0.006 0.015 0.003 0.004 0.006 0.006 0.005 0.005 0.005 0.005 
 37      264    (0)    1 :  0.004 0.005 0.004 0.003 0.006 0.920 0.004 0.009 0.005 0.005 0.005 0.004 0.008 0.013 0.003 0.001 
 38      265    (0)    1 :  0.004 0.004 0.006 0.039 0.021 0.847 0.006 0.020 0.006 0.018 0.006 0.006 0.004 0.005 0.008 0.002 
 39      266    (0)    1 :  0.003 0.003 0.003 0.002 0.002 0.953 0.003 0.006 0.003 0.002 0.003 0.003 0.003 0.003 0.006 0.001 
 40      267    (0)    1 :  0.004 0.002 0.003 0.001 0.003 0.935 0.003 0.025 0.004 0.002 0.003 0.003 0.004 0.003 0.002 0.002 
 41      268    (0)    1 :  0.007 0.008 0.006 0.053 0.006 0.867 0.006 0.004 0.005 0.002 0.007 0.006 0.007 0.004 0.003 0.008 
 42      269    (0)    1 :  0.004 0.003 0.003 0.002 0.004 0.929 0.003 0.007 0.003 0.003 0.003 0.003 0.008 0.002 0.020 0.001 
 43      270    (0)    1 :  0.004 0.003 0.004 0.002 0.007 0.925 0.003 0.004 0.005 0.006 0.003 0.003 0.002 0.023 0.003 0.002 
 44      271    (0)    1 :  0.016 0.020 0.025 0.011 0.012 0.679 0.023 0.011 0.007 0.005 0.023 0.024 0.052 0.007 0.080 0.003 
 45      272    (0)    1 :  0.012 0.009 0.023 0.004 0.007 0.258 0.030 0.421 0.008 0.115 0.026 0.029 0.019 0.017 0.015 0.007 
 46      273    (0)    1 :  0.017 0.007 0.017 0.003 0.038 0.791 0.015 0.014 0.017 0.011 0.016 0.016 0.009 0.019 0.011 0.002 
 47      274    (0)    1 :  0.005 0.006 0.005 0.006 0.009 0.905 0.005 0.004 0.006 0.017 0.005 0.005 0.008 0.003 0.007 0.003 
 48      275    (2)    1 :  0.005 0.003 0.005 0.002 0.007 0.934 0.004 0.009 0.005 0.005 0.004 0.004 0.003 0.003 0.003 0.002 
 49      276    (0)    1 :  0.007 0.012 0.007 0.004 0.005 0.899 0.006 0.006 0.006 0.016 0.006 0.007 0.007 0.004 0.006 0.002 
 50      277    (0)    1 :  0.007 0.075 0.010 0.002 0.008 0.771 0.012 0.003 0.039 0.003 0.011 0.013 0.025 0.007 0.012 0.001 
 51      278    (0)    1 :  0.010 0.038 0.009 0.005 0.005 0.810 0.009 0.016 0.017 0.003 0.009 0.008 0.046 0.002 0.005 0.008 
 52      279    (0)    1 :  0.011 0.007 0.015 0.003 0.006 0.872 0.014 0.016 0.006 0.002 0.014 0.014 0.010 0.005 0.003 0.002 
 53      280    (0)    1 :  0.012 0.013 0.011 0.005 0.019 0.773 0.011 0.007 0.026 0.003 0.011 0.012 0.022 0.003 0.068 0.003 
 54      287    (0)    1 :  0.010 0.009 0.013 0.006 0.013 0.859 0.017 0.004 0.011 0.006 0.015 0.016 0.008 0.006 0.004 0.004 
 55      290    (0)    1 :  0.010 0.009 0.013 0.003 0.010 0.777 0.014 0.080 0.009 0.006 0.013 0.014 0.014 0.017 0.006 0.006 
 56      291    (0)    1 :  0.008 0.015 0.010 0.006 0.007 0.840 0.012 0.003 0.035 0.007 0.011 0.012 0.013 0.004 0.014 0.003 
 57      295    (0)    1 :  0.003 0.006 0.004 0.003 0.005 0.915 0.004 0.006 0.029 0.003 0.004 0.004 0.008 0.003 0.003 0.001 
 58      296    (0)    1 :  0.007 0.005 0.005 0.005 0.004 0.923 0.005 0.009 0.003 0.003 0.005 0.004 0.003 0.010 0.005 0.003 
 59      872    (2)    1 :  0.004 0.006 0.005 0.007 0.005 0.834 0.005 0.092 0.004 0.002 0.005 0.005 0.008 0.005 0.004 0.007 
 60      873    (4)    1 :  0.012 0.010 0.012 0.003 0.013 0.836 0.013 0.028 0.003 0.002 0.014 0.013 0.004 0.021 0.010 0.004 
 61      874    (2)    1 :  0.006 0.018 0.005 0.003 0.005 0.905 0.005 0.013 0.007 0.004 0.005 0.005 0.012 0.004 0.002 0.001 
 62      875    (0)    1 :  0.006 0.004 0.006 0.002 0.006 0.905 0.005 0.015 0.005 0.003 0.005 0.005 0.006 0.003 0.006 0.018 
 63      876    (6)    1 :  0.014 0.014 0.010 0.011 0.022 0.858 0.008 0.005 0.016 0.010 0.008 0.008 0.005 0.004 0.005 0.001 
 64      070    (0)   10 :  0.003 0.003 0.004 0.002 0.003 0.002 0.004 0.004 0.002 0.005 0.005 0.005 0.002 0.002 0.001 0.953 
 65      071    (0)   10 :  0.003 0.003 0.003 0.005 0.004 0.002 0.003 0.002 0.003 0.005 0.003 0.003 0.002 0.002 0.005 0.952 
 66      072    (0)   10 :  0.002 0.001 0.002 0.001 0.002 0.002 0.002 0.002 0.002 0.001 0.002 0.002 0.002 0.001 0.003 0.974 
 67      151    (0)   10 :  0.001 0.002 0.001 0.002 0.002 0.001 0.002 0.001 0.002 0.002 0.001 0.001 0.002 0.001 0.001 0.977 
 68      152    (0)   10 :  0.005 0.003 0.005 0.002 0.004 0.003 0.006 0.002 0.004 0.002 0.006 0.005 0.005 0.002 0.004 0.942 
 69      153    (2)   10 :  0.001 0.001 0.002 0.002 0.002 0.001 0.001 0.002 0.001 0.002 0.001 0.001 0.001 0.001 0.001 0.979 
 70      788    (4)   10 :  0.002 0.003 0.003 0.002 0.002 0.002 0.003 0.002 0.003 0.004 0.003 0.003 0.002 0.001 0.003 0.960 
 71      789    (2)   10 :  0.002 0.002 0.002 0.003 0.002 0.002 0.002 0.002 0.002 0.002 0.002 0.002 0.002 0.001 0.002 0.971 
 72      790    (0)   10 :  0.002 0.001 0.002 0.001 0.002 0.002 0.002 0.002 0.002 0.001 0.002 0.002 0.002 0.001 0.003 0.972 
 73      010    (0)   11 :  0.074 0.007 0.254 0.004 0.010 0.005 0.194 0.007 0.005 0.004 0.199 0.209 0.010 0.008 0.008 0.002 
 74      024    (0)   11 :  0.028 0.013 0.197 0.010 0.009 0.005 0.252 0.005 0.009 0.008 0.198 0.197 0.052 0.007 0.005 0.006 
 75      051    (0)   11 :  0.049 0.010 0.189 0.008 0.211 0.005 0.165 0.007 0.005 0.004 0.153 0.168 0.005 0.005 0.004 0.014 
 76      090    (0)   11 :  0.095 0.010 0.177 0.005 0.056 0.007 0.205 0.008 0.012 0.004 0.174 0.200 0.023 0.013 0.003 0.008 
 77      102    (0)   11 :  0.051 0.211 0.112 0.003 0.017 0.026 0.152 0.033 0.061 0.005 0.120 0.160 0.031 0.013 0.005 0.002 
 78      111    (0)   11 :  0.079 0.019 0.219 0.004 0.009 0.006 0.179 0.022 0.006 0.020 0.165 0.186 0.017 0.005 0.063 0.002 
 79      113    (0)   11 :  0.115 0.027 0.160 0.005 0.069 0.005 0.161 0.032 0.015 0.010 0.173 0.162 0.050 0.007 0.003 0.006 
 80      138    (0)   11 :  0.375 0.015 0.152 0.077 0.017 0.008 0.088 0.004 0.012 0.010 0.098 0.088 0.008 0.003 0.003 0.042 
 81      150    (0)   11 :  0.031 0.728 0.020 0.004 0.067 0.014 0.019 0.007 0.018 0.016 0.019 0.019 0.014 0.005 0.002 0.017 
 82      173    (2)   11 :  0.060 0.017 0.104 0.016 0.205 0.005 0.154 0.007 0.013 0.021 0.173 0.140 0.020 0.035 0.008 0.024 
 83      174    (2)   11 :  0.266 0.004 0.193 0.004 0.015 0.007 0.148 0.023 0.003 0.007 0.158 0.129 0.010 0.005 0.004 0.025 
 84      175    (0)   11 :  0.050 0.012 0.242 0.003 0.019 0.002 0.224 0.011 0.007 0.003 0.206 0.200 0.006 0.006 0.002 0.007 
 85      176    (0)   11 :  0.076 0.014 0.182 0.011 0.007 0.016 0.235 0.019 0.005 0.003 0.213 0.187 0.016 0.003 0.007 0.005 
 86      177    (0)   11 :  0.065 0.011 0.146 0.002 0.261 0.003 0.146 0.008 0.008 0.007 0.148 0.154 0.031 0.004 0.002 0.004 
 87      180    (0)   11 :  0.092 0.005 0.154 0.007 0.119 0.023 0.155 0.107 0.005 0.018 0.138 0.157 0.006 0.005 0.005 0.004 
 88      184    (0)   11 :  0.405 0.052 0.143 0.005 0.013 0.005 0.066 0.004 0.014 0.004 0.123 0.084 0.026 0.035 0.005 0.015 
 89      195    (0)   11 :  0.071 0.012 0.203 0.014 0.013 0.005 0.188 0.003 0.010 0.008 0.218 0.198 0.010 0.005 0.034 0.006 
 90      198    (0)   11 :  0.200 0.016 0.209 0.006 0.016 0.011 0.149 0.015 0.006 0.005 0.153 0.172 0.007 0.003 0.030 0.003 
 91      203    (0)   11 :  0.031 0.024 0.270 0.005 0.011 0.007 0.211 0.010 0.006 0.012 0.195 0.182 0.015 0.009 0.003 0.009 
 92      211    (0)   11 :  0.070 0.054 0.132 0.076 0.008 0.023 0.194 0.004 0.008 0.068 0.181 0.163 0.009 0.004 0.003 0.003 
 93      220    (0)   11 :  0.060 0.194 0.094 0.009 0.091 0.005 0.105 0.010 0.015 0.003 0.110 0.115 0.171 0.009 0.007 0.002 
 94      233    (0)   11 :  0.039 0.005 0.137 0.039 0.017 0.008 0.185 0.004 0.147 0.072 0.144 0.163 0.007 0.026 0.002 0.006 
 95      331    (0)   11 :  0.041 0.013 0.239 0.005 0.033 0.005 0.217 0.005 0.004 0.018 0.200 0.186 0.010 0.008 0.008 0.007 
 96      349    (0)   11 :  0.048 0.008 0.100 0.006 0.036 0.006 0.107 0.009 0.013 0.003 0.122 0.122 0.009 0.394 0.005 0.012 
 97      410    (0)   11 :  0.263 0.005 0.179 0.027 0.016 0.007 0.131 0.010 0.003 0.006 0.189 0.146 0.007 0.004 0.003 0.003 
 98      417    (2)   11 :  0.139 0.023 0.167 0.005 0.006 0.028 0.210 0.007 0.007 0.006 0.175 0.205 0.004 0.007 0.007 0.002 
 99      421    (0)   12 :  0.008 0.005 0.007 0.005 0.004 0.008 0.007 0.003 0.843 0.004 0.007 0.007 0.021 0.009 0.059 0.002 
100      423    (0)   12 :  0.073 0.016 0.220 0.002 0.009 0.006 0.209 0.010 0.004 0.002 0.226 0.182 0.007 0.022 0.003 0.008 
101      424    (0)   12 :  0.160 0.006 0.117 0.003 0.308 0.014 0.097 0.029 0.005 0.008 0.111 0.110 0.017 0.007 0.005 0.002 
102      433    (0)   12 :  0.149 0.241 0.090 0.015 0.008 0.004 0.086 0.004 0.135 0.030 0.104 0.114 0.012 0.003 0.003 0.002 
103      462    (0)   12 :  0.108 0.033 0.155 0.022 0.084 0.006 0.160 0.009 0.081 0.004 0.150 0.143 0.024 0.012 0.007 0.002 
104      463    (0)   12 :  0.129 0.012 0.213 0.004 0.007 0.011 0.179 0.005 0.006 0.004 0.200 0.153 0.008 0.050 0.018 0.003 
105      467    (0)   12 :  0.010 0.247 0.016 0.011 0.013 0.028 0.019 0.006 0.370 0.178 0.019 0.020 0.037 0.018 0.004 0.006 
106      468    (0)   12 :  0.007 0.027 0.008 0.002 0.008 0.017 0.007 0.007 0.087 0.003 0.008 0.008 0.019 0.761 0.027 0.003 
107      469    (0)   12 :  0.096 0.110 0.104 0.003 0.006 0.056 0.126 0.008 0.083 0.008 0.150 0.137 0.077 0.003 0.033 0.002 
108      472    (0)   12 :  0.095 0.019 0.153 0.008 0.009 0.007 0.229 0.003 0.040 0.003 0.212 0.190 0.006 0.006 0.014 0.005 
109      473    (0)   12 :  0.027 0.007 0.024 0.007 0.007 0.003 0.029 0.004 0.006 0.003 0.023 0.025 0.023 0.805 0.005 0.003 
110      474    (0)   12 :  0.004 0.941 0.003 0.005 0.003 0.004 0.003 0.003 0.004 0.003 0.003 0.003 0.004 0.013 0.002 0.001 
111      475    (0)   12 :  0.068 0.040 0.138 0.003 0.009 0.004 0.120 0.006 0.282 0.004 0.116 0.130 0.049 0.027 0.003 0.003 
112      476    (2)   12 :  0.004 0.903 0.005 0.010 0.004 0.003 0.006 0.006 0.004 0.013 0.005 0.005 0.007 0.015 0.002 0.008 
113      477    (0)   12 :  0.079 0.017 0.102 0.017 0.007 0.007 0.249 0.005 0.018 0.004 0.198 0.269 0.007 0.013 0.003 0.005 
114      478    (0)   12 :  0.024 0.008 0.065 0.002 0.016 0.009 0.110 0.029 0.012 0.003 0.082 0.110 0.518 0.004 0.003 0.003 
115      479    (0)   12 :  0.116 0.701 0.036 0.003 0.011 0.011 0.015 0.006 0.036 0.004 0.019 0.013 0.004 0.004 0.017 0.004 
116      480    (0)   12 :  0.006 0.009 0.007 0.002 0.005 0.003 0.007 0.005 0.901 0.012 0.007 0.006 0.011 0.017 0.001 0.002 
117      481    (0)   12 :  0.140 0.107 0.144 0.003 0.014 0.006 0.156 0.011 0.027 0.008 0.150 0.155 0.007 0.017 0.004 0.050 
118      482    (0)   12 :  0.119 0.008 0.137 0.056 0.019 0.004 0.107 0.005 0.019 0.141 0.136 0.103 0.040 0.004 0.101 0.002 
119      489    (0)   12 :  0.069 0.009 0.226 0.014 0.007 0.004 0.190 0.006 0.017 0.041 0.212 0.162 0.008 0.023 0.006 0.005 
120      490    (0)   12 :  0.633 0.005 0.154 0.003 0.012 0.017 0.020 0.010 0.008 0.034 0.062 0.017 0.012 0.003 0.005 0.004 
121      491    (0)   12 :  0.123 0.024 0.133 0.129 0.092 0.005 0.136 0.004 0.021 0.005 0.160 0.121 0.021 0.009 0.009 0.009 
122      492    (0)   12 :  0.010 0.817 0.012 0.010 0.008 0.012 0.012 0.041 0.005 0.004 0.011 0.011 0.020 0.021 0.003 0.003 
123      493    (0)   12 :  0.014 0.734 0.025 0.005 0.018 0.007 0.032 0.003 0.068 0.004 0.031 0.037 0.005 0.003 0.005 0.008 
124      494    (0)   12 :  0.153 0.040 0.141 0.033 0.017 0.004 0.091 0.004 0.253 0.015 0.093 0.105 0.006 0.009 0.010 0.028 
125      498    (0)   12 :  0.147 0.091 0.153 0.004 0.008 0.022 0.171 0.014 0.009 0.006 0.178 0.133 0.008 0.044 0.003 0.008 
126      499    (0)   12 :  0.050 0.011 0.219 0.007 0.054 0.011 0.179 0.005 0.008 0.006 0.195 0.154 0.087 0.006 0.003 0.004 
127      709    (0)   12 :  0.173 0.017 0.168 0.011 0.011 0.008 0.137 0.009 0.006 0.005 0.169 0.155 0.022 0.004 0.017 0.087 
128      710    (4)   12 :  0.086 0.017 0.108 0.003 0.003 0.006 0.152 0.004 0.217 0.004 0.174 0.196 0.008 0.006 0.010 0.007 
129      711    (2)   12 :  0.059 0.012 0.159 0.003 0.099 0.015 0.188 0.060 0.020 0.011 0.152 0.176 0.006 0.007 0.025 0.007 
130      712    (4)   12 :  0.700 0.007 0.162 0.003 0.009 0.007 0.009 0.007 0.010 0.007 0.054 0.010 0.005 0.003 0.004 0.002 
131      713    (0)   12 :  0.028 0.007 0.279 0.008 0.008 0.004 0.230 0.005 0.003 0.003 0.210 0.170 0.010 0.010 0.020 0.004 
132      714    (2)   12 :  0.012 0.395 0.021 0.002 0.020 0.010 0.024 0.008 0.380 0.008 0.024 0.020 0.017 0.038 0.005 0.017 
133      715    (4)   12 :  0.016 0.021 0.012 0.023 0.015 0.027 0.014 0.012 0.552 0.237 0.014 0.014 0.016 0.003 0.014 0.012 
134      716    (0)   12 :  0.012 0.754 0.015 0.003 0.004 0.003 0.016 0.005 0.105 0.007 0.016 0.015 0.032 0.004 0.005 0.002 
135      717    (2)   12 :  0.009 0.004 0.011 0.006 0.008 0.006 0.012 0.019 0.006 0.002 0.012 0.012 0.877 0.007 0.007 0.003 
136      718    (4)   12 :  0.602 0.022 0.155 0.002 0.019 0.011 0.022 0.006 0.022 0.003 0.084 0.028 0.007 0.004 0.010 0.002 
137      719    (0)   12 :  0.004 0.004 0.004 0.002 0.002 0.003 0.003 0.002 0.953 0.004 0.003 0.003 0.004 0.003 0.004 0.001 
138      720    (2)   12 :  0.020 0.029 0.042 0.012 0.010 0.008 0.063 0.006 0.447 0.007 0.068 0.069 0.193 0.013 0.011 0.002 
139      721    (0)   12 :  0.034 0.492 0.057 0.006 0.020 0.004 0.081 0.005 0.025 0.004 0.077 0.085 0.036 0.023 0.012 0.038 
140      722    (4)   12 :  0.011 0.084 0.009 0.002 0.006 0.010 0.011 0.006 0.582 0.135 0.016 0.014 0.020 0.065 0.028 0.002 
141      723    (0)   12 :  0.007 0.020 0.011 0.004 0.003 0.003 0.014 0.006 0.877 0.004 0.013 0.013 0.014 0.002 0.001 0.007 
142      724    (0)   12 :  0.010 0.117 0.015 0.009 0.007 0.013 0.018 0.011 0.654 0.003 0.016 0.016 0.033 0.010 0.062 0.005 
143      725    (0)   12 :  0.086 0.009 0.167 0.011 0.013 0.005 0.216 0.009 0.027 0.016 0.206 0.184 0.016 0.020 0.010 0.004 
144      726    (0)   12 :  0.031 0.200 0.152 0.005 0.007 0.004 0.179 0.003 0.014 0.009 0.149 0.183 0.016 0.033 0.010 0.006 
145      727    (0)   12 :  0.082 0.327 0.110 0.011 0.013 0.005 0.114 0.003 0.013 0.012 0.121 0.138 0.026 0.007 0.008 0.010 
146      728    (2)   12 :  0.033 0.009 0.174 0.006 0.012 0.008 0.203 0.014 0.010 0.009 0.189 0.196 0.017 0.003 0.010 0.108 
147      729    (6)   12 :  0.100 0.008 0.127 0.004 0.014 0.005 0.190 0.005 0.018 0.009 0.209 0.228 0.072 0.004 0.004 0.005 
148      730    (2)   12 :  0.508 0.008 0.154 0.005 0.012 0.010 0.048 0.010 0.041 0.026 0.089 0.052 0.014 0.002 0.013 0.007 
149      731    (2)   12 :  0.656 0.009 0.162 0.002 0.005 0.008 0.022 0.004 0.005 0.004 0.083 0.024 0.004 0.006 0.004 0.002 
150      732    (0)   12 :  0.057 0.178 0.135 0.006 0.010 0.009 0.194 0.012 0.011 0.025 0.170 0.166 0.008 0.009 0.007 0.002 
151      733    (0)   12 :  0.089 0.028 0.165 0.003 0.012 0.011 0.191 0.009 0.025 0.018 0.179 0.205 0.021 0.003 0.036 0.005 
152      734    (2)   12 :  0.069 0.013 0.105 0.112 0.055 0.008 0.107 0.006 0.005 0.006 0.113 0.119 0.266 0.004 0.001 0.011 
153      735    (4)   12 :  0.107 0.010 0.181 0.007 0.030 0.005 0.175 0.008 0.050 0.024 0.150 0.168 0.012 0.062 0.008 0.003 
154      736    (2)   12 :  0.297 0.018 0.205 0.022 0.019 0.004 0.112 0.004 0.005 0.005 0.154 0.120 0.010 0.004 0.003 0.018 
155      737    (0)   12 :  0.547 0.012 0.163 0.003 0.017 0.012 0.044 0.030 0.003 0.004 0.086 0.042 0.006 0.012 0.005 0.013 
156      738    (2)   12 :  0.342 0.013 0.161 0.005 0.075 0.009 0.120 0.005 0.008 0.012 0.140 0.097 0.005 0.004 0.003 0.003 
157      739    (8)   12 :  0.552 0.013 0.156 0.006 0.012 0.009 0.039 0.005 0.036 0.010 0.084 0.042 0.010 0.009 0.004 0.014 
158      740    (4)   12 :  0.474 0.034 0.144 0.003 0.004 0.005 0.055 0.005 0.089 0.002 0.105 0.048 0.012 0.003 0.015 0.002 
159      741    (2)   12 :  0.146 0.013 0.154 0.020 0.010 0.058 0.109 0.076 0.017 0.024 0.121 0.114 0.087 0.026 0.024 0.002 
160      742    (4)   12 :  0.299 0.011 0.180 0.005 0.082 0.011 0.105 0.019 0.015 0.003 0.125 0.119 0.012 0.005 0.002 0.006 
161      743    (2)   12 :  0.008 0.013 0.008 0.010 0.006 0.006 0.008 0.003 0.035 0.068 0.009 0.009 0.808 0.003 0.002 0.003 
162      744    (0)   12 :  0.062 0.042 0.172 0.005 0.007 0.004 0.158 0.005 0.122 0.003 0.166 0.172 0.037 0.004 0.003 0.039 
163      745    (0)   12 :  0.038 0.013 0.096 0.005 0.008 0.047 0.116 0.023 0.358 0.016 0.092 0.114 0.035 0.010 0.016 0.015 
164      746    (2)   12 :  0.244 0.007 0.210 0.005 0.010 0.004 0.165 0.037 0.010 0.002 0.140 0.143 0.003 0.004 0.010 0.004 
165      747    (2)   12 :  0.408 0.019 0.156 0.021 0.058 0.033 0.075 0.007 0.015 0.006 0.099 0.070 0.004 0.016 0.006 0.006 
166      748    (0)   12 :  0.045 0.094 0.111 0.018 0.078 0.094 0.120 0.031 0.006 0.002 0.114 0.122 0.012 0.132 0.015 0.006 
167      749    (2)   12 :  0.056 0.003 0.182 0.020 0.063 0.007 0.182 0.007 0.006 0.029 0.194 0.178 0.023 0.003 0.035 0.013 
168      750    (4)   12 :  0.092 0.007 0.210 0.005 0.011 0.008 0.188 0.021 0.007 0.034 0.191 0.198 0.012 0.004 0.006 0.005 
169      751    (0)   12 :  0.075 0.008 0.146 0.006 0.054 0.010 0.205 0.008 0.013 0.008 0.219 0.195 0.017 0.011 0.008 0.015 
170      752    (2)   12 :  0.013 0.051 0.008 0.003 0.005 0.012 0.007 0.005 0.097 0.008 0.007 0.006 0.007 0.767 0.003 0.001 
171      753    (4)   12 :  0.072 0.016 0.129 0.032 0.038 0.024 0.180 0.006 0.048 0.006 0.164 0.186 0.018 0.057 0.014 0.010 
172      754    (2)   12 :  0.715 0.006 0.166 0.003 0.004 0.003 0.006 0.004 0.003 0.018 0.053 0.006 0.005 0.003 0.002 0.003 
173      155    (0)   13 :  0.038 0.029 0.191 0.041 0.008 0.024 0.237 0.007 0.008 0.004 0.194 0.193 0.012 0.005 0.006 0.004 
174      156    (2)   13 :  0.078 0.005 0.147 0.005 0.008 0.013 0.192 0.007 0.010 0.008 0.173 0.199 0.026 0.004 0.006 0.119 
175      157    (2)   13 :  0.662 0.005 0.161 0.009 0.006 0.004 0.017 0.004 0.007 0.004 0.063 0.021 0.013 0.019 0.004 0.002 
176      158    (0)   13 :  0.057 0.024 0.177 0.007 0.029 0.007 0.222 0.009 0.025 0.017 0.215 0.192 0.005 0.003 0.006 0.004 
177      159    (0)   13 :  0.115 0.036 0.171 0.003 0.011 0.012 0.197 0.007 0.012 0.002 0.141 0.153 0.007 0.012 0.108 0.011 
178      160    (0)   13 :  0.079 0.704 0.030 0.010 0.031 0.016 0.025 0.003 0.013 0.009 0.026 0.026 0.016 0.004 0.004 0.003 
179      161    (0)   13 :  0.351 0.036 0.164 0.010 0.010 0.004 0.110 0.003 0.010 0.017 0.152 0.102 0.010 0.009 0.010 0.003 
180      162    (0)   13 :  0.008 0.021 0.023 0.006 0.014 0.007 0.026 0.005 0.016 0.002 0.023 0.020 0.805 0.017 0.002 0.004 
181      163    (2)   13 :  0.140 0.004 0.189 0.003 0.043 0.003 0.188 0.008 0.006 0.014 0.185 0.185 0.008 0.012 0.002 0.008 
182      164    (0)   13 :  0.077 0.007 0.195 0.021 0.015 0.041 0.203 0.010 0.027 0.006 0.166 0.167 0.016 0.042 0.005 0.003 
183      165    (2)   13 :  0.146 0.005 0.162 0.004 0.003 0.005 0.241 0.005 0.005 0.007 0.198 0.204 0.005 0.004 0.004 0.004 
184      427    (0)   13 :  0.008 0.019 0.012 0.098 0.015 0.005 0.013 0.003 0.742 0.012 0.013 0.013 0.011 0.004 0.025 0.009 
185      428    (0)   13 :  0.005 0.043 0.009 0.005 0.035 0.007 0.010 0.005 0.804 0.003 0.011 0.011 0.014 0.021 0.014 0.003 
186      429    (0)   13 :  0.006 0.009 0.009 0.003 0.006 0.005 0.009 0.008 0.257 0.025 0.010 0.008 0.627 0.008 0.006 0.003 
187      430    (0)   13 :  0.039 0.147 0.157 0.004 0.064 0.021 0.148 0.048 0.012 0.015 0.135 0.165 0.013 0.024 0.005 0.002 
188      431    (0)   13 :  0.015 0.367 0.020 0.005 0.012 0.051 0.025 0.020 0.104 0.008 0.022 0.021 0.315 0.006 0.007 0.002 
189      435    (0)   13 :  0.005 0.036 0.005 0.002 0.003 0.003 0.005 0.003 0.395 0.003 0.005 0.005 0.518 0.007 0.003 0.002 
190      436    (0)   13 :  0.005 0.781 0.005 0.003 0.003 0.007 0.005 0.004 0.142 0.005 0.006 0.006 0.018 0.002 0.007 0.002 
191      437    (0)   13 :  0.011 0.678 0.017 0.005 0.004 0.053 0.018 0.007 0.109 0.006 0.020 0.020 0.010 0.007 0.033 0.002 
192      438    (0)   13 :  0.023 0.188 0.028 0.002 0.019 0.040 0.036 0.018 0.463 0.003 0.037 0.043 0.034 0.042 0.015 0.009 
193      439    (0)   13 :  0.143 0.080 0.110 0.004 0.016 0.010 0.112 0.031 0.186 0.004 0.098 0.093 0.064 0.040 0.004 0.006 
194      441    (0)   13 :  0.002 0.004 0.003 0.003 0.003 0.003 0.003 0.004 0.005 0.002 0.003 0.003 0.003 0.956 0.001 0.001 
195      442    (0)   13 :  0.008 0.011 0.014 0.187 0.013 0.012 0.019 0.003 0.492 0.005 0.017 0.020 0.173 0.019 0.003 0.005 
196      443    (4)   13 :  0.009 0.009 0.006 0.002 0.011 0.008 0.006 0.004 0.911 0.004 0.006 0.006 0.004 0.011 0.003 0.002 
197      444    (4)   13 :  0.006 0.006 0.006 0.008 0.007 0.006 0.007 0.003 0.899 0.017 0.007 0.006 0.008 0.002 0.009 0.004 
198      445    (2)   13 :  0.041 0.027 0.060 0.004 0.004 0.044 0.136 0.005 0.362 0.003 0.110 0.165 0.012 0.011 0.010 0.007 
199      446    (0)   13 :  0.005 0.007 0.005 0.005 0.005 0.003 0.005 0.003 0.009 0.280 0.005 0.005 0.655 0.002 0.002 0.003 
200      447    (0)   13 :  0.012 0.027 0.012 0.006 0.009 0.021 0.013 0.003 0.241 0.010 0.012 0.012 0.607 0.003 0.008 0.003 
201      449    (0)   13 :  0.003 0.010 0.003 0.005 0.003 0.005 0.004 0.005 0.936 0.004 0.004 0.004 0.006 0.003 0.003 0.002 
202      460    (0)   13 :  0.019 0.018 0.023 0.006 0.007 0.017 0.038 0.007 0.553 0.009 0.030 0.036 0.079 0.149 0.006 0.002 
203      461    (0)   13 :  0.098 0.278 0.085 0.007 0.048 0.023 0.092 0.014 0.102 0.012 0.101 0.096 0.027 0.006 0.008 0.002 
204      484    (0)   13 :  0.053 0.006 0.058 0.010 0.143 0.107 0.068 0.174 0.031 0.170 0.071 0.067 0.015 0.016 0.004 0.007 
205      485    (0)   13 :  0.016 0.090 0.013 0.004 0.003 0.004 0.014 0.004 0.776 0.027 0.015 0.014 0.008 0.011 0.002 0.002 
206      486    (0)   13 :  0.002 0.002 0.002 0.002 0.002 0.002 0.002 0.002 0.002 0.002 0.002 0.002 0.002 0.973 0.002 0.001 
207      487    (0)   13 :  0.033 0.182 0.067 0.011 0.014 0.006 0.067 0.008 0.304 0.009 0.068 0.071 0.138 0.011 0.006 0.003 
208      178    (0)   14 :  0.040 0.253 0.096 0.006 0.011 0.004 0.138 0.003 0.151 0.012 0.109 0.136 0.025 0.010 0.003 0.005 
209      422    (0)   14 :  0.023 0.051 0.012 0.003 0.005 0.013 0.009 0.007 0.528 0.249 0.011 0.010 0.070 0.004 0.003 0.002 
210      425    (0)   14 :  0.008 0.058 0.009 0.003 0.005 0.004 0.010 0.002 0.024 0.010 0.010 0.010 0.836 0.004 0.004 0.001 
211      426    (0)   14 :  0.060 0.040 0.090 0.023 0.228 0.004 0.092 0.005 0.015 0.057 0.112 0.083 0.061 0.003 0.003 0.126 
212      432    (0)   14 :  0.031 0.026 0.124 0.009 0.036 0.010 0.166 0.008 0.232 0.020 0.143 0.160 0.010 0.010 0.009 0.008 
213      434    (0)   14 :  0.004 0.004 0.003 0.005 0.006 0.004 0.003 0.004 0.011 0.038 0.003 0.003 0.901 0.004 0.004 0.002 
214      440    (0)   14 :  0.035 0.100 0.072 0.011 0.032 0.005 0.113 0.008 0.059 0.039 0.100 0.118 0.280 0.023 0.002 0.003 
215      448    (2)   14 :  0.010 0.007 0.008 0.012 0.010 0.011 0.008 0.025 0.818 0.006 0.009 0.008 0.022 0.006 0.039 0.002 
216      456    (0)   14 :  0.032 0.193 0.088 0.009 0.020 0.076 0.147 0.081 0.019 0.006 0.117 0.111 0.088 0.005 0.004 0.003 
217      457    (0)   14 :  0.030 0.221 0.068 0.005 0.021 0.017 0.083 0.024 0.262 0.011 0.078 0.090 0.042 0.033 0.009 0.006 
218      458    (0)   14 :  0.076 0.507 0.069 0.017 0.036 0.011 0.068 0.005 0.018 0.016 0.079 0.063 0.014 0.009 0.005 0.007 
219      459    (0)   14 :  0.014 0.011 0.012 0.005 0.012 0.007 0.013 0.004 0.857 0.020 0.014 0.013 0.007 0.007 0.002 0.003 
220      464    (0)   14 :  0.012 0.180 0.021 0.011 0.005 0.004 0.021 0.004 0.429 0.020 0.024 0.024 0.223 0.014 0.003 0.005 
221      465    (0)   14 :  0.012 0.476 0.008 0.002 0.004 0.004 0.008 0.006 0.010 0.019 0.009 0.008 0.424 0.006 0.002 0.001 
222      466    (0)   14 :  0.037 0.101 0.045 0.005 0.009 0.023 0.059 0.006 0.358 0.159 0.076 0.074 0.011 0.016 0.020 0.001 
223      470    (0)   14 :  0.009 0.404 0.008 0.006 0.011 0.003 0.008 0.006 0.396 0.026 0.007 0.007 0.009 0.093 0.003 0.002 
224      471    (0)   14 :  0.014 0.019 0.031 0.004 0.056 0.006 0.037 0.018 0.161 0.023 0.036 0.033 0.505 0.005 0.012 0.040 
225      483    (0)   14 :  0.004 0.002 0.003 0.002 0.002 0.002 0.002 0.002 0.003 0.964 0.002 0.002 0.003 0.002 0.001 0.001 
226      488    (0)   14 :  0.011 0.913 0.007 0.004 0.006 0.007 0.006 0.003 0.012 0.002 0.007 0.007 0.007 0.005 0.002 0.002 
227      495    (0)   14 :  0.012 0.021 0.008 0.002 0.005 0.011 0.007 0.013 0.013 0.036 0.007 0.007 0.851 0.003 0.002 0.001 
228      496    (0)   14 :  0.012 0.830 0.009 0.002 0.005 0.002 0.009 0.004 0.011 0.007 0.008 0.008 0.083 0.004 0.005 0.002 
229      497    (0)   14 :  0.004 0.005 0.005 0.039 0.002 0.004 0.005 0.010 0.012 0.006 0.006 0.005 0.891 0.002 0.003 0.002 
230      500    (0)   14 :  0.076 0.053 0.094 0.003 0.007 0.388 0.083 0.024 0.040 0.009 0.079 0.079 0.008 0.038 0.016 0.004 
231      879    (0)   14 :  0.001 0.002 0.001 0.002 0.002 0.001 0.001 0.001 0.002 0.979 0.001 0.001 0.002 0.002 0.001 0.001 
232      036    (0)   15 :  0.041 0.014 0.187 0.002 0.005 0.006 0.248 0.004 0.016 0.006 0.224 0.215 0.010 0.005 0.012 0.005 
233      063    (2)   15 :  0.102 0.016 0.171 0.014 0.045 0.013 0.192 0.033 0.027 0.012 0.177 0.167 0.012 0.010 0.003 0.004 
234      094    (4)   15 :  0.259 0.157 0.135 0.009 0.016 0.061 0.094 0.013 0.019 0.006 0.113 0.090 0.006 0.006 0.011 0.006 
235      103    (4)   15 :  0.147 0.004 0.160 0.004 0.003 0.004 0.238 0.017 0.007 0.005 0.191 0.201 0.005 0.006 0.003 0.003 
236      112    (0)   15 :  0.342 0.006 0.207 0.006 0.042 0.006 0.109 0.007 0.006 0.007 0.135 0.105 0.008 0.010 0.003 0.004 
237      114    (2)   15 :  0.114 0.040 0.220 0.004 0.005 0.005 0.194 0.004 0.010 0.003 0.196 0.142 0.040 0.015 0.008 0.003 
238      120    (0)   15 :  0.526 0.068 0.156 0.004 0.019 0.015 0.050 0.007 0.007 0.009 0.068 0.043 0.005 0.006 0.014 0.003 
239      127    (2)   15 :  0.061 0.112 0.143 0.007 0.072 0.008 0.170 0.005 0.004 0.005 0.173 0.147 0.007 0.079 0.005 0.003 
240      147    (0)   15 :  0.048 0.008 0.163 0.006 0.187 0.002 0.161 0.005 0.012 0.005 0.157 0.168 0.014 0.007 0.005 0.051 
241      166    (0)   15 :  0.070 0.098 0.148 0.021 0.103 0.004 0.158 0.008 0.024 0.005 0.142 0.160 0.014 0.004 0.003 0.039 
242      167    (0)   15 :  0.023 0.009 0.032 0.006 0.007 0.006 0.030 0.025 0.011 0.003 0.029 0.030 0.738 0.031 0.014 0.005 
243      168    (0)   15 :  0.060 0.007 0.169 0.005 0.004 0.004 0.214 0.004 0.013 0.002 0.228 0.216 0.052 0.004 0.016 0.003 
244      169    (2)   15 :  0.043 0.037 0.042 0.004 0.039 0.007 0.044 0.005 0.019 0.003 0.047 0.040 0.649 0.004 0.006 0.010 
245      170    (0)   15 :  0.107 0.005 0.223 0.033 0.015 0.014 0.163 0.005 0.010 0.008 0.186 0.192 0.008 0.022 0.004 0.005 
246      171    (2)   15 :  0.113 0.005 0.153 0.004 0.023 0.061 0.216 0.008 0.006 0.003 0.192 0.188 0.010 0.004 0.003 0.010 
247      172    (0)   15 :  0.525 0.052 0.155 0.004 0.020 0.016 0.040 0.013 0.007 0.024 0.064 0.040 0.011 0.002 0.013 0.014 
248      185    (0)   15 :  0.065 0.011 0.188 0.005 0.033 0.004 0.190 0.009 0.076 0.014 0.170 0.152 0.059 0.017 0.002 0.005 
249      199    (2)   15 :  0.046 0.019 0.175 0.224 0.008 0.005 0.179 0.003 0.007 0.002 0.138 0.166 0.007 0.009 0.007 0.006 
250      339    (0)   15 :  0.009 0.073 0.014 0.010 0.009 0.005 0.014 0.011 0.009 0.003 0.013 0.013 0.802 0.006 0.002 0.006 
251      355    (0)   15 :  0.035 0.004 0.250 0.083 0.007 0.003 0.215 0.006 0.004 0.002 0.191 0.174 0.005 0.004 0.002 0.015 
252      356    (0)   15 :  0.588 0.018 0.169 0.006 0.006 0.003 0.035 0.003 0.005 0.003 0.082 0.036 0.009 0.025 0.007 0.004 
253      357    (0)   15 :  0.176 0.033 0.170 0.018 0.018 0.007 0.150 0.004 0.007 0.003 0.213 0.153 0.008 0.019 0.009 0.013 
254      358    (0)   15 :  0.020 0.007 0.185 0.004 0.010 0.008 0.217 0.044 0.013 0.003 0.217 0.230 0.016 0.017 0.002 0.007 
255      359    (0)   15 :  0.229 0.007 0.225 0.010 0.018 0.004 0.161 0.021 0.005 0.010 0.156 0.139 0.009 0.003 0.002 0.002 
256      360    (0)   15 :  0.077 0.022 0.154 0.004 0.022 0.012 0.221 0.003 0.014 0.074 0.197 0.171 0.006 0.006 0.006 0.010 
257      361    (0)   15 :  0.582 0.044 0.151 0.003 0.011 0.005 0.028 0.006 0.014 0.009 0.064 0.029 0.044 0.005 0.004 0.002 
258      362    (0)   15 :  0.051 0.023 0.121 0.006 0.059 0.198 0.124 0.012 0.016 0.121 0.104 0.118 0.034 0.004 0.002 0.005 
259      363    (0)   15 :  0.041 0.014 0.110 0.049 0.366 0.006 0.107 0.009 0.014 0.002 0.106 0.116 0.032 0.010 0.005 0.013 
260      364    (0)   15 :  0.064 0.111 0.125 0.049 0.014 0.213 0.127 0.009 0.008 0.004 0.127 0.116 0.004 0.020 0.004 0.004 
261      365    (0)   15 :  0.037 0.140 0.172 0.003 0.006 0.009 0.200 0.005 0.022 0.011 0.178 0.184 0.006 0.008 0.002 0.018 
262      366    (0)   15 :  0.070 0.011 0.197 0.003 0.014 0.004 0.236 0.012 0.004 0.003 0.177 0.232 0.004 0.003 0.001 0.028 
263      367    (0)   15 :  0.046 0.005 0.204 0.003 0.005 0.011 0.239 0.016 0.007 0.006 0.183 0.227 0.004 0.029 0.005 0.010 
264      368    (0)   15 :  0.078 0.004 0.188 0.004 0.005 0.019 0.214 0.014 0.004 0.002 0.192 0.193 0.006 0.055 0.007 0.015 
265      369    (0)   15 :  0.076 0.005 0.223 0.005 0.008 0.003 0.235 0.005 0.004 0.004 0.227 0.191 0.006 0.003 0.002 0.004 
266      370    (0)   15 :  0.322 0.016 0.199 0.008 0.014 0.005 0.112 0.028 0.009 0.004 0.126 0.115 0.016 0.004 0.010 0.014 
267      371    (0)   15 :  0.025 0.007 0.228 0.007 0.004 0.016 0.249 0.010 0.011 0.003 0.198 0.222 0.010 0.003 0.006 0.003 
268      372    (0)   15 :  0.013 0.079 0.014 0.327 0.053 0.011 0.016 0.003 0.429 0.008 0.015 0.014 0.009 0.002 0.003 0.004 
269      373    (0)   15 :  0.104 0.009 0.183 0.043 0.005 0.005 0.198 0.007 0.012 0.033 0.185 0.202 0.006 0.002 0.003 0.003 
270      380    (0)   15 :  0.073 0.038 0.207 0.011 0.033 0.015 0.178 0.009 0.007 0.005 0.183 0.192 0.005 0.002 0.036 0.006 
271      388    (0)   15 :  0.330 0.007 0.189 0.019 0.022 0.008 0.134 0.009 0.006 0.006 0.125 0.123 0.006 0.003 0.004 0.008 
272      418    (0)   15 :  0.095 0.011 0.113 0.046 0.016 0.014 0.178 0.004 0.008 0.002 0.226 0.243 0.006 0.007 0.025 0.006 
273      419    (0)   15 :  0.097 0.011 0.124 0.003 0.006 0.005 0.201 0.005 0.016 0.003 0.238 0.259 0.010 0.008 0.009 0.005 
274      420    (0)   15 :  0.081 0.036 0.137 0.063 0.015 0.044 0.157 0.011 0.048 0.006 0.158 0.162 0.028 0.010 0.003 0.042 
275      409    (0)   16 :  0.108 0.024 0.122 0.003 0.012 0.007 0.211 0.006 0.017 0.005 0.152 0.213 0.006 0.007 0.106 0.002 
276      414    (0)   16 :  0.102 0.012 0.126 0.007 0.014 0.015 0.250 0.007 0.005 0.006 0.171 0.246 0.012 0.007 0.016 0.003 
277      415    (2)   16 :  0.058 0.010 0.256 0.013 0.011 0.007 0.197 0.010 0.004 0.005 0.187 0.199 0.006 0.030 0.004 0.004 
278      416    (0)   16 :  0.048 0.026 0.132 0.010 0.011 0.024 0.199 0.027 0.021 0.005 0.169 0.228 0.018 0.004 0.075 0.003 
279      571    (0)    2 :  0.006 0.009 0.006 0.004 0.027 0.831 0.007 0.017 0.022 0.007 0.007 0.007 0.012 0.031 0.004 0.004 
280      572    (0)    2 :  0.010 0.003 0.015 0.004 0.038 0.801 0.016 0.041 0.003 0.002 0.015 0.016 0.011 0.012 0.008 0.006 
281      573    (2)    2 :  0.005 0.004 0.006 0.003 0.003 0.922 0.007 0.005 0.005 0.009 0.007 0.007 0.004 0.009 0.004 0.001 
282      574    (0)    2 :  0.007 0.007 0.011 0.002 0.005 0.886 0.011 0.009 0.005 0.006 0.011 0.011 0.008 0.004 0.015 0.003 
283      575    (2)    2 :  0.009 0.005 0.014 0.008 0.061 0.800 0.014 0.014 0.008 0.003 0.015 0.016 0.012 0.006 0.006 0.008 
284      576    (0)    2 :  0.002 0.003 0.003 0.003 0.003 0.958 0.003 0.005 0.003 0.002 0.003 0.003 0.003 0.003 0.003 0.001 
285      577    (0)    2 :  0.005 0.006 0.007 0.008 0.006 0.879 0.008 0.015 0.005 0.008 0.007 0.008 0.016 0.011 0.008 0.002 
286      578    (0)    2 :  0.003 0.006 0.003 0.008 0.004 0.893 0.004 0.004 0.004 0.003 0.004 0.004 0.008 0.004 0.047 0.002 
287      579    (0)    2 :  0.003 0.011 0.004 0.004 0.004 0.927 0.004 0.003 0.007 0.005 0.004 0.004 0.010 0.002 0.008 0.002 
288      580    (0)    2 :  0.003 0.003 0.003 0.002 0.003 0.956 0.003 0.004 0.003 0.004 0.003 0.003 0.003 0.003 0.002 0.002 
289      581    (0)    2 :  0.003 0.005 0.003 0.002 0.003 0.931 0.003 0.007 0.005 0.007 0.003 0.003 0.005 0.002 0.016 0.003 
290      582    (4)    2 :  0.013 0.009 0.016 0.017 0.006 0.709 0.016 0.012 0.009 0.004 0.015 0.015 0.107 0.002 0.003 0.046 
291      583    (0)    2 :  0.029 0.015 0.068 0.015 0.035 0.465 0.091 0.008 0.007 0.026 0.084 0.073 0.054 0.015 0.004 0.010 
292      584    (0)    2 :  0.007 0.007 0.007 0.006 0.006 0.815 0.008 0.006 0.026 0.052 0.008 0.008 0.019 0.005 0.015 0.003 
293      585    (0)    2 :  0.004 0.007 0.004 0.002 0.006 0.917 0.004 0.011 0.005 0.009 0.004 0.004 0.010 0.010 0.002 0.002 
294      586    (2)    2 :  0.003 0.005 0.004 0.011 0.006 0.920 0.004 0.007 0.006 0.004 0.004 0.004 0.011 0.004 0.004 0.003 
295      587    (0)    2 :  0.003 0.004 0.003 0.002 0.003 0.952 0.003 0.003 0.002 0.003 0.003 0.003 0.004 0.002 0.009 0.002 
296      588    (0)    2 :  0.012 0.007 0.021 0.012 0.012 0.798 0.023 0.009 0.012 0.004 0.021 0.023 0.008 0.023 0.005 0.010 
297      589    (0)    2 :  0.015 0.007 0.026 0.019 0.052 0.670 0.031 0.011 0.039 0.013 0.031 0.029 0.027 0.005 0.021 0.004 
298      590    (0)    2 :  0.005 0.013 0.006 0.012 0.003 0.782 0.007 0.037 0.007 0.003 0.007 0.007 0.008 0.055 0.038 0.010 
299      527    (2)    3 :  0.005 0.011 0.008 0.011 0.006 0.861 0.009 0.027 0.006 0.015 0.008 0.008 0.007 0.011 0.002 0.005 
300      528    (4)    3 :  0.019 0.017 0.027 0.008 0.330 0.399 0.028 0.082 0.004 0.006 0.024 0.027 0.004 0.003 0.017 0.003 
301      529    (4)    3 :  0.010 0.019 0.015 0.004 0.108 0.700 0.019 0.013 0.013 0.016 0.018 0.019 0.015 0.006 0.016 0.009 
302      530    (0)    3 :  0.012 0.003 0.009 0.005 0.011 0.892 0.008 0.008 0.003 0.018 0.008 0.007 0.002 0.006 0.004 0.004 
303      531    (2)    3 :  0.008 0.005 0.008 0.004 0.024 0.882 0.008 0.011 0.006 0.004 0.008 0.008 0.003 0.003 0.011 0.006 
304      532    (4)    3 :  0.018 0.005 0.014 0.002 0.094 0.747 0.013 0.018 0.003 0.018 0.013 0.013 0.003 0.032 0.003 0.002 
305      533    (0)    3 :  0.040 0.025 0.049 0.002 0.013 0.542 0.065 0.046 0.007 0.044 0.061 0.069 0.006 0.002 0.026 0.002 
306      534    (2)    3 :  0.006 0.005 0.009 0.006 0.007 0.831 0.009 0.080 0.005 0.002 0.009 0.009 0.005 0.003 0.013 0.002 
307      535    (2)    3 :  0.010 0.010 0.011 0.002 0.026 0.858 0.012 0.009 0.008 0.002 0.012 0.012 0.009 0.011 0.004 0.005 
308      536    (2)    3 :  0.007 0.003 0.006 0.002 0.003 0.889 0.006 0.010 0.005 0.005 0.007 0.006 0.005 0.004 0.029 0.013 
309      537    (2)    3 :  0.005 0.007 0.006 0.016 0.007 0.893 0.007 0.007 0.009 0.011 0.007 0.007 0.004 0.002 0.008 0.002 
310      538    (2)    3 :  0.041 0.025 0.045 0.004 0.005 0.652 0.040 0.050 0.008 0.019 0.042 0.040 0.019 0.004 0.003 0.002 
311      539    (2)    3 :  0.004 0.007 0.005 0.002 0.006 0.793 0.006 0.148 0.003 0.002 0.005 0.005 0.003 0.004 0.004 0.002 
312      540    (2)    3 :  0.018 0.011 0.015 0.002 0.006 0.843 0.013 0.012 0.016 0.003 0.014 0.014 0.016 0.005 0.012 0.001 
313      541    (2)    3 :  0.014 0.010 0.011 0.003 0.044 0.742 0.009 0.058 0.030 0.003 0.010 0.011 0.039 0.005 0.008 0.002 
314      542    (2)    3 :  0.017 0.081 0.020 0.010 0.015 0.652 0.021 0.083 0.018 0.005 0.019 0.019 0.021 0.004 0.010 0.004 
315      543    (0)    3 :  0.021 0.015 0.049 0.015 0.010 0.583 0.064 0.032 0.033 0.005 0.066 0.063 0.016 0.004 0.021 0.002 
316      544    (2)    3 :  0.007 0.003 0.005 0.002 0.003 0.928 0.004 0.024 0.003 0.002 0.004 0.004 0.004 0.002 0.005 0.002 
317      545    (2)    3 :  0.008 0.015 0.009 0.002 0.005 0.032 0.011 0.859 0.004 0.011 0.009 0.010 0.007 0.011 0.005 0.002 
318      546    (4)    3 :  0.014 0.021 0.016 0.002 0.004 0.017 0.024 0.817 0.003 0.006 0.022 0.024 0.009 0.013 0.005 0.002 
319      547    (6)    3 :  0.027 0.009 0.044 0.032 0.010 0.648 0.043 0.010 0.011 0.011 0.041 0.036 0.017 0.036 0.009 0.016 
320      019    (0)    4 :  0.007 0.004 0.008 0.004 0.017 0.075 0.008 0.766 0.036 0.007 0.008 0.007 0.038 0.003 0.009 0.004 
321      064    (0)    4 :  0.002 0.002 0.002 0.002 0.002 0.035 0.002 0.932 0.003 0.003 0.002 0.002 0.002 0.003 0.003 0.001 
322      065    (0)    4 :  0.003 0.002 0.003 0.002 0.003 0.937 0.002 0.026 0.003 0.003 0.003 0.002 0.003 0.002 0.005 0.001 
323      066    (0)    4 :  0.009 0.009 0.011 0.003 0.004 0.288 0.012 0.578 0.014 0.020 0.011 0.012 0.012 0.011 0.007 0.002 
324      067    (0)    4 :  0.006 0.005 0.008 0.010 0.015 0.011 0.008 0.856 0.011 0.015 0.008 0.008 0.021 0.004 0.008 0.006 
325      068    (0)    4 :  0.008 0.012 0.008 0.029 0.017 0.799 0.009 0.030 0.009 0.029 0.009 0.009 0.005 0.018 0.008 0.002 
326      069    (0)    4 :  0.007 0.008 0.006 0.004 0.007 0.135 0.005 0.774 0.005 0.002 0.006 0.006 0.004 0.017 0.012 0.001 
327      107    (0)    4 :  0.003 0.004 0.004 0.003 0.005 0.430 0.004 0.510 0.009 0.003 0.004 0.004 0.007 0.006 0.003 0.002 
328      110    (0)    4 :  0.002 0.002 0.002 0.002 0.008 0.003 0.002 0.959 0.002 0.002 0.002 0.002 0.004 0.003 0.002 0.003 
329      121    (0)    4 :  0.004 0.005 0.004 0.003 0.012 0.902 0.004 0.024 0.004 0.018 0.004 0.004 0.005 0.003 0.002 0.001 
330      137    (0)    4 :  0.005 0.005 0.007 0.002 0.004 0.008 0.008 0.888 0.007 0.006 0.007 0.008 0.027 0.004 0.005 0.010 
331      146    (0)    4 :  0.044 0.004 0.020 0.003 0.006 0.313 0.011 0.528 0.005 0.006 0.014 0.012 0.010 0.002 0.020 0.003 
332      149    (0)    4 :  0.004 0.004 0.004 0.002 0.005 0.005 0.004 0.934 0.004 0.004 0.004 0.004 0.013 0.002 0.002 0.004 
333      154    (0)    4 :  0.004 0.005 0.006 0.016 0.005 0.058 0.006 0.695 0.006 0.012 0.006 0.006 0.007 0.003 0.161 0.002 
334      179    (0)    4 :  0.004 0.006 0.004 0.005 0.004 0.396 0.004 0.541 0.006 0.003 0.004 0.004 0.005 0.007 0.004 0.002 
335      181    (0)    4 :  0.003 0.003 0.004 0.002 0.003 0.203 0.004 0.753 0.003 0.001 0.004 0.004 0.005 0.002 0.004 0.002 
336      182    (0)    4 :  0.009 0.004 0.011 0.011 0.022 0.694 0.011 0.096 0.004 0.091 0.010 0.011 0.003 0.014 0.007 0.002 
337      186    (0)    4 :  0.027 0.017 0.021 0.004 0.089 0.128 0.016 0.621 0.007 0.011 0.017 0.017 0.008 0.008 0.005 0.006 
338      193    (0)    4 :  0.009 0.004 0.009 0.004 0.007 0.522 0.008 0.384 0.011 0.003 0.008 0.008 0.009 0.005 0.008 0.002 
339      320    (0)    4 :  0.009 0.005 0.007 0.010 0.007 0.031 0.006 0.872 0.004 0.016 0.006 0.006 0.006 0.003 0.010 0.003 
340      341    (0)    4 :  0.007 0.009 0.006 0.003 0.004 0.882 0.006 0.034 0.008 0.010 0.006 0.005 0.009 0.006 0.003 0.002 
341      376    (0)    4 :  0.018 0.008 0.015 0.003 0.028 0.635 0.013 0.203 0.006 0.003 0.014 0.015 0.004 0.022 0.010 0.003 
342      395    (0)    4 :  0.006 0.026 0.007 0.004 0.012 0.178 0.007 0.653 0.020 0.003 0.007 0.007 0.006 0.004 0.055 0.006 
343      396    (0)    4 :  0.004 0.004 0.004 0.002 0.002 0.917 0.003 0.039 0.003 0.002 0.003 0.003 0.003 0.005 0.003 0.003 
344      397    (0)    4 :  0.004 0.003 0.005 0.007 0.005 0.842 0.005 0.081 0.004 0.004 0.005 0.005 0.006 0.002 0.012 0.009 
345      398    (0)    4 :  0.008 0.002 0.006 0.004 0.012 0.453 0.005 0.415 0.006 0.002 0.006 0.006 0.005 0.006 0.059 0.004 
346      399    (0)    4 :  0.007 0.003 0.005 0.003 0.013 0.911 0.005 0.007 0.003 0.017 0.005 0.005 0.003 0.006 0.002 0.002 
347      400    (0)    4 :  0.012 0.003 0.008 0.002 0.011 0.023 0.007 0.890 0.003 0.003 0.007 0.007 0.004 0.011 0.007 0.002 
348      401    (0)    4 :  0.009 0.006 0.013 0.002 0.004 0.098 0.012 0.799 0.005 0.004 0.012 0.012 0.010 0.007 0.006 0.003 
349      402    (0)    4 :  0.003 0.003 0.003 0.003 0.007 0.003 0.003 0.954 0.002 0.002 0.003 0.003 0.003 0.003 0.002 0.002 
350      403    (0)    4 :  0.024 0.011 0.012 0.004 0.020 0.434 0.010 0.399 0.010 0.018 0.011 0.010 0.013 0.010 0.004 0.011 
351      073    (0)    5 :  0.004 0.005 0.004 0.002 0.006 0.937 0.004 0.006 0.007 0.007 0.004 0.004 0.003 0.003 0.002 0.002 
352      074    (0)    5 :  0.005 0.004 0.007 0.005 0.002 0.893 0.008 0.004 0.006 0.004 0.008 0.008 0.003 0.002 0.038 0.002 
353      075    (0)    5 :  0.008 0.008 0.006 0.005 0.006 0.912 0.005 0.009 0.005 0.005 0.006 0.006 0.007 0.002 0.007 0.003 
354      076    (0)    5 :  0.006 0.011 0.007 0.007 0.012 0.887 0.007 0.009 0.004 0.020 0.007 0.007 0.005 0.003 0.005 0.005 
355      077    (0)    5 :  0.006 0.010 0.007 0.009 0.005 0.882 0.008 0.013 0.014 0.012 0.007 0.007 0.007 0.006 0.004 0.003 
356      078    (0)    5 :  0.031 0.010 0.027 0.005 0.005 0.781 0.033 0.010 0.007 0.008 0.030 0.033 0.007 0.004 0.005 0.005 
357      079    (0)    5 :  0.008 0.008 0.011 0.002 0.007 0.883 0.013 0.012 0.005 0.006 0.012 0.013 0.008 0.008 0.003 0.001 
358      080    (0)    5 :  0.004 0.003 0.006 0.019 0.014 0.897 0.006 0.005 0.003 0.016 0.006 0.006 0.005 0.004 0.003 0.002 
359      081    (0)    5 :  0.006 0.010 0.010 0.004 0.008 0.789 0.012 0.040 0.054 0.006 0.012 0.011 0.007 0.004 0.013 0.015 
360      082    (0)    5 :  0.004 0.002 0.003 0.003 0.006 0.933 0.003 0.021 0.004 0.002 0.003 0.003 0.003 0.005 0.003 0.002 
361      083    (0)    5 :  0.005 0.005 0.007 0.002 0.006 0.897 0.007 0.020 0.003 0.002 0.007 0.007 0.011 0.008 0.010 0.003 
362      084    (0)    5 :  0.004 0.007 0.005 0.002 0.003 0.807 0.005 0.013 0.009 0.006 0.006 0.005 0.014 0.002 0.105 0.006 
363      085    (0)    5 :  0.010 0.291 0.014 0.003 0.007 0.480 0.016 0.057 0.033 0.006 0.016 0.016 0.009 0.018 0.010 0.015 
364      404    (0)    5 :  0.005 0.004 0.004 0.003 0.005 0.913 0.005 0.011 0.006 0.006 0.005 0.005 0.005 0.003 0.020 0.003 
365      405    (0)    5 :  0.005 0.005 0.005 0.002 0.004 0.913 0.006 0.006 0.013 0.008 0.006 0.006 0.004 0.002 0.006 0.010 
366      406    (0)    5 :  0.009 0.005 0.009 0.004 0.006 0.897 0.011 0.005 0.004 0.002 0.010 0.011 0.004 0.008 0.009 0.008 
367      407    (0)    5 :  0.004 0.010 0.005 0.003 0.003 0.852 0.006 0.080 0.007 0.003 0.006 0.006 0.006 0.002 0.005 0.003 
368      408    (0)    5 :  0.004 0.005 0.005 0.005 0.004 0.939 0.005 0.004 0.006 0.003 0.005 0.005 0.003 0.002 0.006 0.002 
369      411    (2)    5 :  0.003 0.003 0.003 0.003 0.002 0.949 0.003 0.006 0.005 0.004 0.003 0.003 0.003 0.003 0.005 0.002 
370      412    (0)    5 :  0.008 0.020 0.010 0.007 0.013 0.862 0.010 0.008 0.014 0.004 0.010 0.011 0.006 0.007 0.004 0.005 
371      413    (0)    5 :  0.006 0.005 0.006 0.002 0.002 0.925 0.007 0.012 0.004 0.003 0.006 0.007 0.007 0.002 0.004 0.002 
372      591    (0)    6 :  0.007 0.006 0.007 0.004 0.904 0.004 0.006 0.003 0.009 0.011 0.007 0.006 0.006 0.005 0.009 0.007 
373      592    (0)    6 :  0.013 0.010 0.009 0.006 0.756 0.010 0.007 0.004 0.141 0.003 0.008 0.007 0.014 0.005 0.005 0.003 
374      593    (0)    6 :  0.007 0.005 0.007 0.002 0.906 0.010 0.007 0.006 0.007 0.004 0.007 0.008 0.008 0.006 0.004 0.006 
375      594    (0)    6 :  0.033 0.008 0.031 0.010 0.680 0.036 0.026 0.010 0.067 0.022 0.029 0.025 0.007 0.004 0.007 0.005 
376      595    (0)    6 :  0.008 0.008 0.021 0.012 0.831 0.010 0.022 0.015 0.005 0.009 0.020 0.021 0.007 0.005 0.003 0.004 
377      596    (0)    6 :  0.007 0.005 0.007 0.019 0.904 0.006 0.006 0.005 0.005 0.004 0.007 0.006 0.003 0.007 0.002 0.006 
378      597    (0)    6 :  0.007 0.042 0.013 0.006 0.798 0.031 0.015 0.029 0.006 0.013 0.013 0.014 0.005 0.003 0.003 0.002 
379      598    (0)    6 :  0.059 0.095 0.054 0.030 0.534 0.006 0.047 0.034 0.008 0.003 0.046 0.052 0.016 0.010 0.003 0.002 
380      599    (0)    6 :  0.005 0.020 0.007 0.003 0.757 0.005 0.008 0.003 0.048 0.086 0.008 0.009 0.026 0.005 0.003 0.006 
381      600    (0)    6 :  0.006 0.005 0.006 0.012 0.918 0.004 0.006 0.008 0.003 0.005 0.007 0.006 0.005 0.003 0.001 0.004 
382      601    (0)    6 :  0.010 0.034 0.017 0.002 0.786 0.020 0.016 0.025 0.016 0.007 0.017 0.017 0.022 0.005 0.002 0.002 
383      602    (0)    6 :  0.007 0.015 0.013 0.005 0.856 0.006 0.013 0.014 0.008 0.004 0.014 0.015 0.015 0.004 0.005 0.004 
384      603    (0)    6 :  0.010 0.547 0.029 0.008 0.127 0.007 0.036 0.005 0.110 0.016 0.031 0.033 0.018 0.007 0.008 0.007 
385      604    (0)    6 :  0.012 0.005 0.015 0.008 0.870 0.010 0.014 0.007 0.004 0.007 0.015 0.014 0.003 0.011 0.003 0.003 
386      605    (0)    6 :  0.073 0.007 0.036 0.026 0.716 0.008 0.028 0.006 0.010 0.006 0.027 0.030 0.016 0.004 0.003 0.005 
387      606    (0)    6 :  0.012 0.006 0.012 0.007 0.842 0.004 0.011 0.003 0.007 0.035 0.011 0.011 0.007 0.003 0.004 0.023 
388      607    (0)    6 :  0.006 0.007 0.006 0.009 0.816 0.009 0.006 0.015 0.002 0.004 0.005 0.005 0.003 0.104 0.002 0.003 
389      608    (0)    6 :  0.007 0.008 0.006 0.003 0.899 0.006 0.005 0.004 0.005 0.005 0.006 0.005 0.017 0.016 0.005 0.003 
390      609    (0)    6 :  0.008 0.005 0.009 0.003 0.911 0.004 0.008 0.004 0.004 0.006 0.008 0.008 0.004 0.008 0.003 0.004 
391      610    (0)    6 :  0.031 0.063 0.085 0.009 0.410 0.019 0.101 0.007 0.008 0.006 0.106 0.105 0.022 0.016 0.009 0.003 
392      611    (2)    6 :  0.007 0.005 0.009 0.007 0.879 0.011 0.009 0.008 0.004 0.003 0.009 0.009 0.003 0.024 0.011 0.003 
393      612    (0)    6 :  0.012 0.017 0.023 0.042 0.701 0.009 0.023 0.063 0.006 0.008 0.023 0.025 0.009 0.033 0.003 0.002 
394      755    (0)    6 :  0.023 0.017 0.036 0.045 0.420 0.015 0.039 0.008 0.014 0.003 0.041 0.044 0.005 0.262 0.026 0.002 
395      756    (0)    6 :  0.006 0.011 0.006 0.003 0.892 0.013 0.006 0.004 0.009 0.007 0.006 0.006 0.005 0.014 0.009 0.003 
396      757    (0)    6 :  0.018 0.006 0.013 0.006 0.866 0.009 0.011 0.006 0.012 0.004 0.013 0.013 0.006 0.010 0.005 0.003 
397      002    (0)    7 :  0.008 0.018 0.009 0.002 0.006 0.513 0.008 0.380 0.005 0.001 0.008 0.007 0.005 0.005 0.021 0.003 
398      099    (2)    7 :  0.066 0.003 0.229 0.086 0.005 0.002 0.167 0.003 0.005 0.017 0.186 0.193 0.019 0.004 0.003 0.012 
399      641    (2)    7 :  0.078 0.011 0.078 0.004 0.047 0.161 0.117 0.210 0.008 0.005 0.101 0.117 0.013 0.025 0.012 0.014 
400      642    (0)    7 :  0.014 0.012 0.010 0.003 0.021 0.853 0.009 0.005 0.015 0.009 0.010 0.010 0.014 0.004 0.009 0.003 
401      643    (2)    7 :  0.047 0.028 0.022 0.003 0.025 0.750 0.017 0.008 0.017 0.009 0.021 0.018 0.012 0.004 0.017 0.003 
402      644    (0)    7 :  0.014 0.015 0.009 0.008 0.007 0.833 0.009 0.020 0.014 0.005 0.010 0.010 0.029 0.008 0.007 0.004 
403      645    (0)    7 :  0.109 0.029 0.063 0.003 0.038 0.401 0.039 0.014 0.030 0.003 0.044 0.042 0.013 0.115 0.018 0.038 
404      646    (0)    7 :  0.046 0.088 0.054 0.009 0.012 0.053 0.066 0.371 0.005 0.003 0.059 0.062 0.014 0.135 0.012 0.010 
405      006    (0)    8 :  0.009 0.011 0.023 0.003 0.006 0.220 0.021 0.007 0.008 0.004 0.021 0.024 0.004 0.005 0.629 0.003 
406      011    (0)    8 :  0.003 0.003 0.003 0.003 0.003 0.950 0.003 0.003 0.004 0.002 0.003 0.003 0.003 0.002 0.010 0.002 
407      033    (2)    8 :  0.004 0.029 0.005 0.002 0.020 0.246 0.006 0.018 0.006 0.004 0.006 0.006 0.003 0.004 0.638 0.002 
408      048    (0)    8 :  0.008 0.012 0.013 0.005 0.015 0.465 0.016 0.012 0.190 0.004 0.017 0.016 0.166 0.005 0.049 0.008 
409      061    (0)    8 :  0.002 0.002 0.002 0.001 0.001 0.002 0.002 0.002 0.002 0.001 0.002 0.002 0.002 0.003 0.971 0.004 
410      088    (0)    8 :  0.016 0.012 0.013 0.008 0.013 0.795 0.014 0.020 0.019 0.006 0.016 0.015 0.019 0.003 0.027 0.005 
411      091    (0)    8 :  0.003 0.003 0.004 0.005 0.005 0.009 0.004 0.003 0.003 0.005 0.004 0.004 0.003 0.007 0.938 0.002 
412      098    (0)    8 :  0.005 0.008 0.006 0.003 0.024 0.836 0.006 0.019 0.029 0.004 0.007 0.007 0.018 0.006 0.009 0.013 
413      104    (0)    8 :  0.003 0.003 0.003 0.002 0.002 0.915 0.003 0.043 0.006 0.002 0.003 0.003 0.004 0.002 0.003 0.003 
414      196    (0)    8 :  0.006 0.008 0.006 0.006 0.011 0.301 0.006 0.022 0.010 0.004 0.006 0.006 0.010 0.002 0.589 0.005 
415      197    (0)    8 :  0.009 0.028 0.023 0.015 0.011 0.529 0.023 0.016 0.006 0.008 0.021 0.021 0.009 0.003 0.269 0.008 
416      201    (0)    8 :  0.010 0.005 0.007 0.001 0.006 0.318 0.006 0.014 0.006 0.003 0.006 0.006 0.004 0.002 0.605 0.001 
417      202    (0)    8 :  0.011 0.015 0.015 0.013 0.005 0.759 0.016 0.020 0.027 0.012 0.014 0.017 0.018 0.002 0.033 0.021 
418      204    (0)    8 :  0.004 0.013 0.004 0.002 0.003 0.506 0.004 0.034 0.009 0.004 0.004 0.004 0.003 0.010 0.394 0.002 
419      231    (0)    8 :  0.005 0.020 0.005 0.005 0.010 0.816 0.005 0.074 0.014 0.012 0.006 0.005 0.005 0.009 0.009 0.001 
420      328    (0)    8 :  0.005 0.007 0.004 0.002 0.006 0.686 0.004 0.003 0.005 0.003 0.004 0.004 0.005 0.002 0.254 0.005 
421      346    (0)    8 :  0.004 0.003 0.005 0.008 0.008 0.616 0.004 0.009 0.005 0.002 0.005 0.005 0.006 0.003 0.313 0.003 
422      212    (0)    9 :  0.003 0.004 0.003 0.958 0.002 0.002 0.003 0.004 0.004 0.003 0.003 0.003 0.004 0.003 0.002 0.001 
423      213    (0)    9 :  0.005 0.008 0.004 0.933 0.003 0.004 0.004 0.002 0.007 0.002 0.004 0.004 0.004 0.003 0.008 0.003 
424      214    (0)    9 :  0.006 0.004 0.006 0.929 0.006 0.004 0.005 0.006 0.002 0.011 0.005 0.005 0.006 0.002 0.002 0.001 
425      215    (0)    9 :  0.004 0.005 0.004 0.937 0.005 0.006 0.004 0.004 0.009 0.003 0.004 0.004 0.003 0.003 0.003 0.004 
426      216    (0)    9 :  0.003 0.004 0.003 0.949 0.003 0.005 0.003 0.002 0.005 0.002 0.003 0.003 0.004 0.004 0.004 0.002 
427      217    (0)    9 :  0.008 0.004 0.006 0.927 0.004 0.005 0.006 0.004 0.004 0.006 0.006 0.005 0.004 0.006 0.004 0.002 
428      218    (0)    9 :  0.003 0.003 0.003 0.958 0.003 0.003 0.003 0.002 0.003 0.002 0.003 0.003 0.004 0.004 0.002 0.002 
429      332    (0)    9 :  0.010 0.009 0.008 0.852 0.015 0.010 0.007 0.007 0.007 0.011 0.007 0.007 0.008 0.034 0.003 0.005 
430      333    (0)    9 :  0.011 0.005 0.012 0.841 0.028 0.011 0.012 0.013 0.007 0.007 0.012 0.012 0.008 0.006 0.004 0.011 
431      334    (0)    9 :  0.005 0.006 0.005 0.927 0.008 0.007 0.004 0.002 0.004 0.006 0.005 0.004 0.004 0.007 0.003 0.003 
432      335    (0)    9 :  0.003 0.002 0.003 0.959 0.003 0.002 0.003 0.002 0.005 0.003 0.003 0.003 0.005 0.002 0.002 0.002 
433      336    (0)    9 :  0.003 0.003 0.003 0.942 0.005 0.003 0.003 0.005 0.002 0.003 0.003 0.003 0.002 0.003 0.004 0.014 
434      337    (0)    9 :  0.006 0.003 0.005 0.926 0.010 0.009 0.005 0.009 0.003 0.003 0.005 0.005 0.003 0.002 0.002 0.002 
435      673    (0)    9 :  0.001 0.001 0.001 0.977 0.002 0.002 0.001 0.001 0.002 0.003 0.001 0.001 0.002 0.001 0.001 0.001 
436      674    (0)    9 :  0.004 0.005 0.005 0.929 0.005 0.004 0.005 0.005 0.004 0.010 0.005 0.005 0.004 0.007 0.002 0.002 
437      675    (0)    9 :  0.003 0.006 0.004 0.940 0.005 0.003 0.004 0.002 0.006 0.003 0.004 0.004 0.003 0.003 0.004 0.004 
438      676    (0)    9 :  0.007 0.006 0.005 0.903 0.005 0.003 0.004 0.002 0.008 0.037 0.004 0.004 0.003 0.005 0.001 0.001 
439      677    (0)    9 :  0.005 0.004 0.004 0.943 0.004 0.006 0.004 0.003 0.003 0.006 0.004 0.004 0.004 0.002 0.002 0.002 
440      678    (0)    9 :  0.009 0.006 0.010 0.892 0.004 0.007 0.011 0.011 0.009 0.003 0.010 0.010 0.008 0.003 0.004 0.004 
441      679    (0)    9 :  0.007 0.006 0.008 0.908 0.007 0.005 0.008 0.002 0.002 0.006 0.008 0.009 0.003 0.019 0.001 0.002 
442      680    (0)    9 :  0.004 0.008 0.005 0.904 0.012 0.004 0.005 0.003 0.005 0.018 0.005 0.005 0.006 0.007 0.003 0.005 
443      681    (0)    9 :  0.007 0.005 0.006 0.927 0.007 0.007 0.006 0.004 0.005 0.004 0.006 0.005 0.003 0.005 0.002 0.002 
444      682    (0)    9 :  0.002 0.002 0.002 0.965 0.002 0.002 0.002 0.003 0.002 0.002 0.002 0.002 0.002 0.002 0.003 0.004 
445      683    (0)    9 :  0.004 0.004 0.005 0.929 0.008 0.005 0.005 0.003 0.004 0.002 0.005 0.005 0.008 0.007 0.004 0.002 
446      684    (0)    9 :  0.004 0.005 0.005 0.933 0.006 0.002 0.005 0.003 0.005 0.006 0.005 0.005 0.005 0.003 0.002 0.003 
447      685    (0)    9 :  0.005 0.003 0.006 0.931 0.009 0.003 0.006 0.006 0.003 0.003 0.006 0.006 0.003 0.003 0.003 0.003 
448      686    (0)    9 :  0.002 0.002 0.002 0.966 0.003 0.002 0.002 0.002 0.002 0.002 0.002 0.002 0.002 0.002 0.002 0.003 
449      687    (0)    9 :  0.002 0.002 0.002 0.964 0.004 0.002 0.002 0.002 0.004 0.003 0.002 0.002 0.003 0.002 0.002 0.002 
450      688    (0)    9 :  0.003 0.005 0.003 0.924 0.006 0.007 0.004 0.004 0.004 0.006 0.004 0.003 0.017 0.005 0.003 0.002 


Estimated Allele Frequencies in each cluster
First column gives estimated ancestral frequencies


Locus 1 : 1 
4 alleles
0.0% missing data
  89   (0.542) 0.516 0.486 0.548 0.641 0.546 0.622 0.561 0.293 0.580 0.749 0.556 0.559 0.459 0.830 0.695 0.067 
  91   (0.379) 0.427 0.493 0.383 0.312 0.437 0.314 0.367 0.598 0.379 0.237 0.374 0.366 0.379 0.152 0.296 0.704 
  99   (0.017) 0.008 0.006 0.011 0.001 0.003 0.000 0.016 0.002 0.025 0.002 0.017 0.018 0.012 0.004 0.002 0.130 
  93   (0.063) 0.048 0.015 0.058 0.046 0.014 0.063 0.056 0.108 0.016 0.013 0.054 0.056 0.151 0.014 0.007 0.099 

Locus 2 : 2 
6 alleles
1.1% missing data
 136   (0.351) 0.486 0.197 0.404 0.461 0.417 0.560 0.367 0.731 0.068 0.093 0.372 0.363 0.102 0.145 0.115 0.191 
 134   (0.237) 0.215 0.220 0.216 0.380 0.406 0.140 0.211 0.162 0.287 0.353 0.216 0.211 0.195 0.686 0.204 0.027 
 138   (0.300) 0.216 0.448 0.278 0.152 0.146 0.249 0.307 0.095 0.454 0.523 0.304 0.310 0.592 0.120 0.248 0.769 
 140   (0.063) 0.049 0.065 0.060 0.004 0.016 0.050 0.064 0.007 0.033 0.017 0.063 0.064 0.051 0.017 0.428 0.007 
 132   (0.022) 0.014 0.006 0.023 0.001 0.004 0.001 0.031 0.002 0.003 0.003 0.026 0.031 0.014 0.004 0.002 0.002 
 142   (0.027) 0.020 0.064 0.019 0.002 0.012 0.001 0.020 0.002 0.154 0.011 0.020 0.020 0.047 0.028 0.003 0.003 

Locus 3 : 3 
6 alleles
0.0% missing data
 181   (0.251) 0.202 0.102 0.236 0.065 0.406 0.230 0.239 0.093 0.446 0.105 0.242 0.233 0.469 0.342 0.071 0.180 
 187   (0.345) 0.349 0.358 0.365 0.258 0.167 0.521 0.364 0.543 0.152 0.376 0.357 0.360 0.135 0.122 0.684 0.773 
 179   (0.255) 0.280 0.319 0.250 0.016 0.395 0.224 0.255 0.350 0.181 0.469 0.253 0.260 0.170 0.351 0.228 0.030 
 191   (0.030) 0.017 0.007 0.024 0.197 0.006 0.022 0.028 0.003 0.008 0.008 0.029 0.030 0.008 0.008 0.004 0.003 
 175   (0.045) 0.077 0.142 0.048 0.003 0.008 0.001 0.039 0.004 0.192 0.012 0.041 0.039 0.017 0.038 0.004 0.005 
 185   (0.074) 0.075 0.072 0.076 0.461 0.018 0.002 0.074 0.007 0.022 0.029 0.077 0.078 0.201 0.139 0.008 0.008 

Locus 4 : 4 
12 alleles
0.2% missing data
 253   (0.501) 0.527 0.518 0.513 0.466 0.618 0.760 0.520 0.452 0.711 0.240 0.525 0.527 0.306 0.615 0.627 0.599 
 249   (0.025) 0.012 0.005 0.020 0.001 0.004 0.059 0.023 0.019 0.004 0.004 0.021 0.022 0.005 0.005 0.313 0.003 
 271   (0.039) 0.031 0.036 0.038 0.002 0.009 0.028 0.038 0.055 0.006 0.011 0.038 0.038 0.012 0.010 0.005 0.005 
 241   (0.149) 0.168 0.169 0.150 0.151 0.143 0.020 0.137 0.370 0.092 0.036 0.139 0.134 0.293 0.098 0.022 0.184 
 257   (0.006) 0.004 0.002 0.004 0.000 0.001 0.000 0.004 0.003 0.001 0.001 0.004 0.004 0.002 0.001 0.000 0.001 
 269   (0.176) 0.156 0.212 0.163 0.095 0.182 0.129 0.171 0.078 0.128 0.685 0.165 0.166 0.353 0.247 0.021 0.198 
 245   (0.007) 0.002 0.001 0.005 0.000 0.001 0.000 0.005 0.001 0.001 0.001 0.005 0.005 0.002 0.001 0.001 0.001 
 247   (0.067) 0.060 0.041 0.082 0.281 0.032 0.002 0.080 0.007 0.051 0.019 0.078 0.083 0.020 0.016 0.008 0.007 
 239   (0.011) 0.019 0.002 0.010 0.001 0.003 0.000 0.008 0.001 0.001 0.001 0.010 0.008 0.002 0.002 0.001 0.001 
 273   (0.008) 0.016 0.002 0.008 0.000 0.001 0.000 0.006 0.001 0.001 0.001 0.006 0.005 0.001 0.002 0.001 0.001 
 267   (0.006) 0.002 0.002 0.003 0.000 0.001 0.000 0.004 0.013 0.001 0.001 0.004 0.004 0.001 0.002 0.001 0.001 
 255   (0.006) 0.002 0.010 0.004 0.000 0.003 0.000 0.004 0.001 0.002 0.001 0.004 0.004 0.001 0.001 0.001 0.001 

Locus 5 : 5 
6 alleles
0.7% missing data
 103   (0.861) 0.825 0.922 0.839 0.980 0.930 0.993 0.822 0.966 0.965 0.964 0.826 0.820 0.953 0.952 0.985 0.984 
 104   (0.058) 0.079 0.036 0.071 0.004 0.026 0.005 0.089 0.026 0.018 0.021 0.085 0.091 0.029 0.029 0.006 0.007 
 105   (0.044) 0.073 0.027 0.058 0.003 0.035 0.001 0.054 0.004 0.011 0.007 0.055 0.055 0.011 0.010 0.005 0.005 
 102   (0.016) 0.009 0.009 0.016 0.001 0.005 0.000 0.017 0.001 0.002 0.004 0.017 0.017 0.003 0.003 0.001 0.002 
 107   (0.011) 0.009 0.002 0.011 0.001 0.002 0.000 0.011 0.001 0.002 0.002 0.011 0.010 0.002 0.002 0.001 0.001 
 101   (0.009) 0.004 0.003 0.006 0.012 0.002 0.000 0.007 0.001 0.001 0.002 0.007 0.006 0.002 0.005 0.001 0.001 

Locus 6 : 6 
5 alleles
0.2% missing data
 141   (0.265) 0.221 0.353 0.245 0.130 0.309 0.592 0.263 0.320 0.269 0.094 0.261 0.265 0.079 0.776 0.833 0.029 
 145   (0.419) 0.492 0.429 0.444 0.258 0.442 0.175 0.429 0.117 0.630 0.828 0.431 0.422 0.549 0.138 0.076 0.415 
 135   (0.229) 0.216 0.184 0.225 0.290 0.138 0.192 0.227 0.361 0.087 0.058 0.227 0.232 0.336 0.065 0.075 0.545 
 147   (0.077) 0.061 0.032 0.074 0.321 0.109 0.040 0.071 0.201 0.012 0.018 0.072 0.071 0.032 0.019 0.014 0.009 
 137   (0.011) 0.011 0.002 0.012 0.001 0.002 0.000 0.010 0.001 0.001 0.002 0.010 0.010 0.003 0.002 0.001 0.001 

Locus 7 : 7 
10 alleles
1.3% missing data
  93   (0.225) 0.232 0.354 0.206 0.064 0.216 0.334 0.197 0.405 0.349 0.093 0.198 0.196 0.178 0.300 0.614 0.794 
 103   (0.315) 0.307 0.338 0.314 0.515 0.536 0.406 0.325 0.270 0.376 0.084 0.323 0.330 0.513 0.133 0.088 0.044 
  91   (0.065) 0.065 0.018 0.069 0.156 0.036 0.033 0.066 0.007 0.057 0.019 0.068 0.066 0.016 0.050 0.007 0.010 
  97   (0.192) 0.145 0.049 0.191 0.253 0.155 0.161 0.202 0.171 0.091 0.471 0.195 0.197 0.219 0.253 0.028 0.126 
  85   (0.045) 0.042 0.012 0.046 0.003 0.014 0.045 0.046 0.007 0.009 0.293 0.045 0.045 0.015 0.010 0.005 0.006 
  89   (0.083) 0.080 0.198 0.079 0.005 0.029 0.020 0.073 0.133 0.074 0.018 0.073 0.071 0.041 0.239 0.252 0.011 
  83   (0.052) 0.115 0.025 0.074 0.003 0.009 0.001 0.068 0.005 0.039 0.020 0.074 0.070 0.013 0.010 0.005 0.006 
 105   (0.010) 0.006 0.002 0.011 0.001 0.002 0.000 0.011 0.001 0.003 0.001 0.013 0.013 0.002 0.002 0.001 0.001 
 101   (0.006) 0.004 0.001 0.005 0.000 0.001 0.000 0.007 0.001 0.001 0.001 0.006 0.007 0.001 0.001 0.001 0.001 
  99   (0.006) 0.003 0.001 0.005 0.000 0.001 0.000 0.005 0.001 0.001 0.001 0.005 0.005 0.002 0.001 0.001 0.001 

Locus 8 : 8 
8 alleles
0.0% missing data
 129   (0.559) 0.615 0.735 0.577 0.635 0.400 0.702 0.575 0.478 0.690 0.873 0.570 0.565 0.649 0.461 0.668 0.197 
 141   (0.055) 0.027 0.027 0.046 0.218 0.092 0.099 0.049 0.151 0.011 0.012 0.047 0.050 0.022 0.011 0.010 0.006 
 149   (0.077) 0.071 0.081 0.073 0.014 0.018 0.146 0.075 0.032 0.071 0.027 0.080 0.078 0.033 0.289 0.012 0.008 
 143   (0.259) 0.250 0.143 0.259 0.129 0.481 0.052 0.256 0.333 0.213 0.080 0.259 0.263 0.274 0.201 0.306 0.697 
 127   (0.015) 0.007 0.004 0.015 0.001 0.002 0.000 0.016 0.001 0.002 0.002 0.015 0.015 0.003 0.003 0.001 0.052 
 131   (0.012) 0.005 0.003 0.008 0.002 0.002 0.000 0.009 0.001 0.009 0.004 0.009 0.009 0.006 0.003 0.001 0.037 
 133   (0.017) 0.021 0.008 0.017 0.001 0.003 0.000 0.016 0.002 0.003 0.002 0.015 0.016 0.013 0.032 0.002 0.002 
 145   (0.006) 0.005 0.001 0.005 0.000 0.001 0.000 0.004 0.001 0.001 0.001 0.005 0.004 0.001 0.001 0.000 0.001 

Locus 9 : 9 
5 alleles
0.0% missing data
 191   (0.392) 0.370 0.170 0.377 0.544 0.483 0.569 0.396 0.595 0.327 0.386 0.395 0.398 0.331 0.593 0.841 0.339 
 195   (0.151) 0.130 0.084 0.138 0.049 0.244 0.185 0.137 0.036 0.345 0.503 0.138 0.140 0.221 0.036 0.034 0.353 
 189   (0.445) 0.489 0.744 0.476 0.407 0.271 0.244 0.459 0.368 0.324 0.109 0.458 0.454 0.445 0.368 0.123 0.306 
 197   (0.006) 0.009 0.001 0.005 0.000 0.001 0.000 0.004 0.001 0.002 0.001 0.005 0.004 0.001 0.001 0.001 0.001 
 193   (0.006) 0.002 0.002 0.004 0.000 0.001 0.002 0.004 0.001 0.001 0.001 0.004 0.004 0.002 0.002 0.001 0.001 

Locus 10 : 10 
7 alleles
0.2% missing data
 232   (0.256) 0.284 0.082 0.280 0.277 0.154 0.286 0.278 0.377 0.220 0.254 0.273 0.271 0.149 0.066 0.575 0.219 
 238   (0.555) 0.516 0.850 0.539 0.341 0.674 0.592 0.551 0.444 0.712 0.638 0.550 0.554 0.740 0.837 0.133 0.369 
 252   (0.110) 0.145 0.052 0.105 0.032 0.119 0.107 0.098 0.171 0.057 0.097 0.104 0.103 0.094 0.082 0.275 0.014 
 254   (0.043) 0.036 0.009 0.040 0.265 0.047 0.014 0.038 0.004 0.006 0.006 0.038 0.038 0.010 0.009 0.013 0.393 
 250   (0.011) 0.006 0.002 0.012 0.001 0.002 0.000 0.012 0.001 0.001 0.002 0.012 0.013 0.002 0.002 0.001 0.002 
 236   (0.007) 0.004 0.001 0.004 0.001 0.002 0.000 0.005 0.001 0.001 0.001 0.005 0.004 0.001 0.001 0.001 0.001 
 248   (0.018) 0.009 0.004 0.019 0.083 0.003 0.000 0.018 0.002 0.002 0.003 0.017 0.017 0.004 0.003 0.002 0.002 

Locus 11 : 11 
4 alleles
0.0% missing data
  87   (0.695) 0.693 0.793 0.698 0.531 0.641 0.640 0.699 0.560 0.859 0.917 0.698 0.698 0.790 0.865 0.350 0.964 
  89   (0.240) 0.216 0.187 0.237 0.386 0.346 0.305 0.245 0.362 0.115 0.060 0.242 0.247 0.179 0.082 0.625 0.029 
  91   (0.052) 0.073 0.017 0.053 0.082 0.010 0.055 0.044 0.076 0.024 0.021 0.049 0.045 0.028 0.013 0.023 0.006 
  85   (0.013) 0.018 0.003 0.013 0.001 0.002 0.000 0.012 0.001 0.002 0.002 0.011 0.011 0.003 0.041 0.002 0.001 

Locus 12 : 12 
13 alleles
0.2% missing data
 160   (0.205) 0.205 0.246 0.205 0.720 0.059 0.107 0.210 0.188 0.340 0.145 0.206 0.201 0.253 0.196 0.036 0.591 
 162   (0.263) 0.244 0.344 0.252 0.229 0.489 0.209 0.257 0.095 0.295 0.125 0.252 0.262 0.185 0.386 0.751 0.067 
 147   (0.053) 0.023 0.067 0.040 0.003 0.088 0.117 0.043 0.365 0.014 0.018 0.042 0.042 0.052 0.013 0.105 0.006 
 158   (0.226) 0.281 0.100 0.249 0.021 0.188 0.539 0.242 0.315 0.212 0.079 0.244 0.242 0.287 0.085 0.078 0.028 
 161   (0.108) 0.116 0.136 0.108 0.018 0.147 0.019 0.102 0.023 0.040 0.390 0.107 0.105 0.117 0.032 0.015 0.121 
 170   (0.048) 0.058 0.050 0.057 0.003 0.009 0.007 0.051 0.005 0.020 0.015 0.057 0.053 0.059 0.011 0.006 0.006 
 143   (0.027) 0.037 0.005 0.030 0.002 0.005 0.001 0.031 0.002 0.008 0.004 0.033 0.034 0.005 0.009 0.003 0.175 
 154   (0.016) 0.009 0.004 0.022 0.001 0.005 0.000 0.021 0.001 0.002 0.002 0.020 0.020 0.003 0.005 0.002 0.002 
 149   (0.022) 0.008 0.006 0.015 0.001 0.005 0.001 0.017 0.002 0.059 0.215 0.016 0.017 0.005 0.257 0.002 0.002 
 153   (0.011) 0.010 0.002 0.010 0.001 0.003 0.000 0.011 0.001 0.002 0.002 0.011 0.011 0.003 0.002 0.001 0.001 
 150   (0.007) 0.002 0.001 0.003 0.000 0.001 0.000 0.004 0.001 0.004 0.002 0.004 0.004 0.015 0.001 0.001 0.001 
 159   (0.008) 0.003 0.036 0.004 0.000 0.001 0.000 0.005 0.001 0.001 0.002 0.005 0.005 0.015 0.001 0.001 0.001 
 164   (0.007) 0.002 0.001 0.005 0.000 0.001 0.000 0.005 0.001 0.001 0.001 0.005 0.005 0.001 0.001 0.001 0.001 

Locus 13 : 13 
5 alleles
0.0% missing data
 108   (0.193) 0.262 0.106 0.212 0.199 0.144 0.163 0.188 0.150 0.068 0.038 0.198 0.186 0.290 0.049 0.413 0.341 
 115   (0.455) 0.445 0.528 0.451 0.283 0.500 0.581 0.449 0.308 0.577 0.627 0.448 0.453 0.366 0.712 0.521 0.092 
 113   (0.339) 0.287 0.364 0.328 0.517 0.354 0.256 0.352 0.541 0.353 0.333 0.344 0.351 0.341 0.237 0.065 0.566 
 109   (0.006) 0.003 0.001 0.005 0.000 0.001 0.000 0.006 0.001 0.001 0.001 0.005 0.005 0.001 0.001 0.001 0.001 
 110   (0.006) 0.003 0.001 0.004 0.000 0.001 0.000 0.005 0.001 0.001 0.001 0.005 0.006 0.002 0.001 0.000 0.001 

Locus 14 : 14 
5 alleles
0.9% missing data
 227   (0.139) 0.086 0.288 0.115 0.016 0.037 0.259 0.128 0.321 0.326 0.057 0.123 0.125 0.435 0.056 0.065 0.258 
 231   (0.153) 0.149 0.044 0.163 0.355 0.464 0.094 0.158 0.111 0.028 0.041 0.159 0.160 0.041 0.038 0.027 0.268 
 229   (0.511) 0.645 0.452 0.550 0.412 0.284 0.460 0.521 0.446 0.533 0.828 0.533 0.521 0.358 0.858 0.856 0.093 
 225   (0.134) 0.085 0.195 0.122 0.213 0.141 0.088 0.133 0.023 0.048 0.058 0.128 0.131 0.144 0.033 0.019 0.227 
 233   (0.063) 0.034 0.020 0.050 0.005 0.075 0.099 0.059 0.098 0.065 0.016 0.056 0.063 0.021 0.014 0.032 0.154 

Locus 15 : 15 
5 alleles
0.2% missing data
 143   (0.844) 0.866 0.944 0.840 0.815 0.874 0.969 0.842 0.979 0.910 0.750 0.838 0.841 0.791 0.936 0.983 0.720 
 157   (0.007) 0.002 0.001 0.004 0.000 0.002 0.018 0.004 0.001 0.001 0.001 0.004 0.004 0.001 0.001 0.001 0.001 
 145   (0.085) 0.065 0.037 0.085 0.006 0.113 0.011 0.090 0.015 0.072 0.025 0.090 0.091 0.086 0.049 0.010 0.272 
 147   (0.050) 0.034 0.015 0.056 0.147 0.009 0.001 0.054 0.005 0.014 0.220 0.055 0.054 0.118 0.011 0.005 0.006 
 133   (0.015) 0.032 0.003 0.016 0.032 0.003 0.000 0.010 0.001 0.002 0.005 0.013 0.010 0.003 0.003 0.002 0.001 

Locus 16 : 16 
5 alleles
0.2% missing data
 156   (0.230) 0.343 0.183 0.239 0.502 0.329 0.305 0.207 0.079 0.233 0.174 0.225 0.216 0.238 0.053 0.203 0.515 
 158   (0.541) 0.489 0.591 0.540 0.194 0.462 0.494 0.566 0.738 0.684 0.765 0.555 0.563 0.536 0.601 0.319 0.252 
 160   (0.135) 0.104 0.175 0.124 0.111 0.148 0.154 0.127 0.172 0.047 0.030 0.125 0.122 0.178 0.320 0.465 0.015 
 154   (0.085) 0.061 0.031 0.093 0.192 0.059 0.046 0.094 0.010 0.022 0.030 0.090 0.093 0.046 0.024 0.012 0.217 
 152   (0.009) 0.003 0.019 0.005 0.001 0.002 0.000 0.005 0.001 0.015 0.001 0.005 0.005 0.002 0.002 0.001 0.001 

Locus 17 : 17 
5 alleles
0.0% missing data
 102   (0.201) 0.129 0.443 0.176 0.197 0.183 0.248 0.197 0.167 0.071 0.058 0.190 0.199 0.244 0.322 0.095 0.024 
  90   (0.684) 0.761 0.518 0.693 0.795 0.794 0.720 0.665 0.805 0.905 0.915 0.674 0.661 0.701 0.372 0.599 0.569 
  88   (0.070) 0.055 0.023 0.074 0.005 0.014 0.031 0.076 0.023 0.012 0.021 0.077 0.080 0.028 0.297 0.302 0.007 
 100   (0.039) 0.053 0.014 0.054 0.002 0.008 0.001 0.058 0.004 0.011 0.005 0.055 0.057 0.008 0.007 0.004 0.398 
 104   (0.007) 0.002 0.002 0.003 0.000 0.001 0.000 0.004 0.001 0.001 0.001 0.004 0.004 0.019 0.001 0.001 0.001 

Locus 18 : 18 
7 alleles
0.0% missing data
 142   (0.127) 0.159 0.067 0.133 0.008 0.024 0.427 0.125 0.376 0.052 0.032 0.128 0.127 0.166 0.074 0.793 0.014 
 146   (0.080) 0.068 0.261 0.065 0.227 0.085 0.193 0.070 0.025 0.025 0.012 0.075 0.075 0.026 0.107 0.037 0.008 
 140   (0.285) 0.256 0.210 0.289 0.175 0.501 0.081 0.302 0.426 0.189 0.822 0.298 0.294 0.167 0.521 0.045 0.275 
 127   (0.305) 0.374 0.272 0.331 0.060 0.231 0.226 0.322 0.098 0.443 0.094 0.318 0.322 0.283 0.187 0.076 0.548 
 148   (0.097) 0.048 0.148 0.088 0.217 0.115 0.054 0.089 0.049 0.065 0.020 0.088 0.088 0.064 0.026 0.033 0.010 
 138   (0.052) 0.039 0.015 0.045 0.003 0.031 0.017 0.044 0.020 0.012 0.011 0.045 0.044 0.143 0.016 0.011 0.139 
 150   (0.054) 0.056 0.026 0.048 0.310 0.013 0.001 0.049 0.005 0.214 0.009 0.049 0.050 0.152 0.070 0.006 0.005 

Locus 19 : 19 
7 alleles
0.0% missing data
 188   (0.191) 0.177 0.099 0.199 0.167 0.068 0.091 0.198 0.165 0.107 0.474 0.194 0.199 0.249 0.047 0.569 0.021 
 190   (0.124) 0.097 0.071 0.097 0.198 0.244 0.422 0.098 0.329 0.244 0.323 0.098 0.096 0.110 0.398 0.015 0.013 
 194   (0.577) 0.635 0.560 0.596 0.483 0.598 0.484 0.594 0.495 0.576 0.187 0.598 0.597 0.587 0.178 0.408 0.956 
 200   (0.081) 0.076 0.265 0.086 0.005 0.082 0.002 0.089 0.008 0.070 0.012 0.089 0.086 0.048 0.374 0.007 0.008 
 192   (0.006) 0.003 0.001 0.005 0.000 0.004 0.000 0.005 0.001 0.001 0.001 0.005 0.005 0.001 0.001 0.000 0.001 
 202   (0.013) 0.006 0.003 0.011 0.147 0.003 0.000 0.011 0.001 0.002 0.002 0.011 0.012 0.004 0.002 0.001 0.001 
 196   (0.006) 0.006 0.001 0.005 0.000 0.001 0.000 0.005 0.001 0.001 0.001 0.005 0.005 0.001 0.001 0.000 0.001 

Locus 20 : 20 
6 alleles
0.9% missing data
 252   (0.717) 0.801 0.821 0.740 0.723 0.744 0.847 0.716 0.708 0.730 0.904 0.732 0.722 0.776 0.538 0.815 0.382 
 250   (0.079) 0.043 0.028 0.066 0.146 0.070 0.101 0.076 0.046 0.025 0.021 0.072 0.074 0.180 0.148 0.010 0.347 
 244   (0.020) 0.014 0.007 0.015 0.001 0.007 0.007 0.016 0.002 0.012 0.005 0.017 0.016 0.006 0.006 0.152 0.005 
 254   (0.075) 0.060 0.112 0.071 0.082 0.055 0.032 0.070 0.009 0.141 0.037 0.069 0.070 0.016 0.017 0.010 0.105 
 246   (0.085) 0.060 0.024 0.082 0.046 0.119 0.004 0.084 0.232 0.089 0.029 0.079 0.084 0.018 0.287 0.010 0.159 
 248   (0.022) 0.022 0.009 0.027 0.001 0.004 0.009 0.038 0.003 0.003 0.003 0.031 0.035 0.005 0.004 0.004 0.003 

Locus 21 : 21 
7 alleles
0.2% missing data
 173   (0.295) 0.308 0.501 0.277 0.211 0.312 0.371 0.268 0.146 0.566 0.493 0.272 0.273 0.453 0.071 0.157 0.118 
 177   (0.276) 0.239 0.228 0.282 0.164 0.082 0.274 0.295 0.642 0.219 0.348 0.288 0.294 0.301 0.505 0.178 0.273 
 175   (0.136) 0.131 0.094 0.132 0.258 0.321 0.026 0.133 0.023 0.083 0.090 0.134 0.136 0.047 0.037 0.017 0.488 
 167   (0.193) 0.250 0.150 0.198 0.122 0.142 0.323 0.186 0.175 0.114 0.052 0.192 0.182 0.155 0.089 0.638 0.110 
 163   (0.034) 0.030 0.010 0.034 0.231 0.015 0.002 0.035 0.004 0.007 0.006 0.036 0.035 0.013 0.007 0.004 0.004 
 159   (0.021) 0.012 0.004 0.030 0.001 0.004 0.001 0.029 0.002 0.003 0.003 0.028 0.028 0.019 0.004 0.002 0.002 
 165   (0.045) 0.031 0.013 0.047 0.013 0.125 0.003 0.054 0.008 0.007 0.009 0.050 0.052 0.011 0.286 0.005 0.005 

Locus 22 : 22 
11 alleles
0.7% missing data
 146   (0.243) 0.213 0.345 0.230 0.137 0.170 0.231 0.233 0.208 0.323 0.063 0.237 0.242 0.265 0.299 0.831 0.073 
 154   (0.007) 0.002 0.001 0.003 0.000 0.001 0.071 0.004 0.002 0.001 0.001 0.004 0.004 0.001 0.001 0.001 0.001 
 166   (0.093) 0.065 0.044 0.101 0.006 0.076 0.028 0.115 0.273 0.025 0.025 0.106 0.113 0.025 0.022 0.010 0.114 
 152   (0.434) 0.515 0.537 0.442 0.362 0.506 0.635 0.421 0.448 0.574 0.864 0.425 0.409 0.530 0.590 0.131 0.498 
 150   (0.026) 0.016 0.016 0.021 0.002 0.005 0.006 0.030 0.008 0.006 0.011 0.027 0.032 0.015 0.007 0.004 0.118 
 164   (0.031) 0.030 0.010 0.027 0.002 0.058 0.011 0.024 0.044 0.007 0.008 0.027 0.024 0.009 0.006 0.005 0.005 
 148   (0.009) 0.003 0.002 0.006 0.001 0.001 0.000 0.006 0.001 0.001 0.001 0.006 0.006 0.002 0.001 0.001 0.172 
 158   (0.084) 0.103 0.023 0.100 0.111 0.134 0.016 0.095 0.009 0.019 0.016 0.096 0.096 0.048 0.049 0.011 0.010 
 162   (0.047) 0.041 0.016 0.050 0.072 0.042 0.001 0.048 0.005 0.009 0.008 0.049 0.050 0.086 0.019 0.005 0.006 
 156   (0.015) 0.005 0.003 0.009 0.307 0.004 0.000 0.011 0.001 0.008 0.002 0.010 0.010 0.017 0.003 0.002 0.002 
 142   (0.011) 0.007 0.002 0.009 0.001 0.002 0.000 0.012 0.001 0.029 0.002 0.012 0.013 0.002 0.002 0.001 0.001 

Locus 23 : 23 
7 alleles
0.9% missing data
 152   (0.013) 0.004 0.004 0.007 0.001 0.002 0.063 0.008 0.092 0.002 0.002 0.008 0.008 0.003 0.002 0.001 0.001 
 156   (0.115) 0.222 0.051 0.148 0.029 0.123 0.032 0.128 0.090 0.025 0.327 0.129 0.128 0.026 0.027 0.012 0.014 
 144   (0.177) 0.127 0.180 0.157 0.643 0.193 0.183 0.164 0.153 0.329 0.394 0.164 0.162 0.157 0.050 0.026 0.602 
 160   (0.108) 0.064 0.139 0.090 0.105 0.137 0.183 0.101 0.302 0.062 0.057 0.097 0.097 0.168 0.326 0.013 0.013 
 154   (0.553) 0.567 0.614 0.561 0.220 0.534 0.536 0.562 0.359 0.578 0.214 0.566 0.568 0.638 0.588 0.922 0.365 
 158   (0.025) 0.013 0.012 0.030 0.002 0.009 0.003 0.030 0.003 0.005 0.005 0.029 0.030 0.006 0.006 0.025 0.003 
 146   (0.008) 0.004 0.002 0.007 0.000 0.001 0.000 0.007 0.001 0.001 0.001 0.006 0.008 0.001 0.001 0.001 0.001 

Locus 24 : 24 
4 alleles
0.4% missing data
  77   (0.086) 0.095 0.161 0.076 0.049 0.088 0.330 0.070 0.025 0.043 0.023 0.073 0.067 0.084 0.035 0.036 0.010 
  83   (0.455) 0.415 0.333 0.429 0.920 0.602 0.483 0.447 0.578 0.420 0.842 0.440 0.441 0.504 0.761 0.227 0.688 
  81   (0.373) 0.361 0.441 0.399 0.025 0.272 0.167 0.400 0.362 0.433 0.112 0.398 0.407 0.290 0.181 0.725 0.292 
  85   (0.087) 0.129 0.065 0.097 0.006 0.038 0.020 0.083 0.035 0.103 0.023 0.089 0.085 0.122 0.023 0.012 0.010 

Locus 25 : 25 
6 alleles
0.4% missing data
 132   (0.329) 0.265 0.227 0.315 0.459 0.458 0.532 0.327 0.122 0.414 0.095 0.331 0.335 0.410 0.202 0.911 0.183 
 124   (0.528) 0.650 0.597 0.554 0.532 0.416 0.395 0.528 0.841 0.457 0.544 0.528 0.520 0.543 0.763 0.067 0.408 
 126   (0.021) 0.009 0.004 0.017 0.001 0.004 0.059 0.019 0.023 0.003 0.005 0.017 0.018 0.005 0.004 0.002 0.002 
 122   (0.092) 0.062 0.163 0.090 0.006 0.103 0.013 0.101 0.010 0.121 0.353 0.100 0.102 0.028 0.026 0.017 0.116 
 120   (0.015) 0.008 0.003 0.012 0.001 0.003 0.000 0.012 0.001 0.002 0.002 0.013 0.013 0.003 0.002 0.001 0.289 
 136   (0.015) 0.006 0.005 0.011 0.001 0.015 0.000 0.013 0.002 0.002 0.002 0.012 0.013 0.011 0.003 0.001 0.002 

Locus 26 : 26 
7 alleles
0.2% missing data
 165   (0.247) 0.235 0.221 0.243 0.053 0.337 0.117 0.246 0.157 0.384 0.064 0.247 0.245 0.156 0.200 0.673 0.323 
 183   (0.347) 0.342 0.228 0.339 0.423 0.464 0.587 0.344 0.457 0.335 0.407 0.341 0.342 0.407 0.634 0.206 0.290 
 179   (0.080) 0.068 0.172 0.077 0.005 0.018 0.058 0.077 0.103 0.034 0.012 0.077 0.074 0.042 0.042 0.016 0.346 
 175   (0.262) 0.221 0.352 0.258 0.453 0.153 0.237 0.265 0.278 0.238 0.507 0.263 0.273 0.381 0.112 0.098 0.034 
 181   (0.049) 0.127 0.024 0.070 0.065 0.026 0.001 0.054 0.005 0.007 0.008 0.060 0.053 0.011 0.009 0.005 0.006 
 185   (0.009) 0.005 0.002 0.009 0.001 0.001 0.000 0.008 0.001 0.001 0.002 0.008 0.008 0.002 0.001 0.001 0.001 
 157   (0.006) 0.002 0.001 0.005 0.000 0.001 0.000 0.005 0.001 0.001 0.001 0.005 0.005 0.001 0.001 0.001 0.001 

Locus 27 : 27 
4 alleles
0.2% missing data
 142   (0.650) 0.619 0.624 0.642 0.743 0.684 0.706 0.655 0.598 0.852 0.500 0.649 0.650 0.854 0.730 0.344 0.311 
 148   (0.197) 0.212 0.129 0.206 0.063 0.246 0.074 0.198 0.184 0.063 0.430 0.206 0.203 0.064 0.048 0.378 0.671 
 138   (0.047) 0.026 0.015 0.040 0.003 0.017 0.210 0.042 0.206 0.030 0.043 0.041 0.043 0.011 0.022 0.267 0.006 
 150   (0.106) 0.143 0.232 0.112 0.191 0.053 0.010 0.104 0.012 0.056 0.026 0.104 0.104 0.072 0.200 0.011 0.012 

Locus 28 : 28 
6 alleles
0.9% missing data
 260   (0.382) 0.278 0.518 0.359 0.376 0.300 0.342 0.404 0.506 0.543 0.158 0.390 0.406 0.559 0.497 0.284 0.137 
 262   (0.512) 0.632 0.410 0.531 0.550 0.659 0.652 0.492 0.483 0.391 0.805 0.507 0.496 0.284 0.474 0.703 0.850 
 256   (0.074) 0.066 0.065 0.082 0.073 0.035 0.005 0.077 0.008 0.046 0.032 0.077 0.073 0.085 0.024 0.010 0.011 
 258   (0.011) 0.004 0.002 0.012 0.001 0.002 0.000 0.012 0.001 0.001 0.001 0.010 0.012 0.002 0.002 0.001 0.001 
 266   (0.007) 0.002 0.002 0.003 0.000 0.001 0.000 0.004 0.001 0.014 0.001 0.004 0.004 0.001 0.001 0.001 0.001 
 264   (0.015) 0.018 0.004 0.013 0.001 0.002 0.000 0.011 0.001 0.004 0.002 0.012 0.010 0.069 0.002 0.001 0.001 

Locus 29 : 29 
7 alleles
0.2% missing data
 146   (0.276) 0.275 0.162 0.283 0.334 0.348 0.167 0.292 0.296 0.146 0.455 0.290 0.287 0.468 0.487 0.082 0.035 
 150   (0.448) 0.538 0.586 0.464 0.286 0.406 0.709 0.447 0.428 0.603 0.480 0.452 0.453 0.351 0.171 0.168 0.140 
 140   (0.170) 0.137 0.224 0.164 0.058 0.172 0.079 0.169 0.032 0.140 0.041 0.169 0.169 0.145 0.115 0.686 0.813 
 148   (0.059) 0.026 0.017 0.048 0.319 0.048 0.037 0.050 0.230 0.048 0.016 0.049 0.050 0.012 0.142 0.058 0.006 
 152   (0.030) 0.017 0.006 0.031 0.002 0.005 0.001 0.030 0.003 0.060 0.004 0.029 0.031 0.021 0.063 0.003 0.003 
 151   (0.009) 0.004 0.003 0.006 0.001 0.003 0.005 0.006 0.011 0.001 0.001 0.006 0.006 0.002 0.007 0.002 0.001 
 142   (0.008) 0.003 0.002 0.004 0.000 0.019 0.001 0.005 0.001 0.001 0.003 0.005 0.005 0.001 0.014 0.001 0.001 

Locus 30 : 30 
6 alleles
0.2% missing data
 125   (0.286) 0.344 0.118 0.333 0.029 0.311 0.480 0.328 0.304 0.068 0.068 0.325 0.324 0.100 0.090 0.627 0.137 
 129   (0.440) 0.394 0.547 0.401 0.786 0.416 0.471 0.403 0.641 0.598 0.817 0.409 0.409 0.570 0.461 0.309 0.210 
 123   (0.147) 0.170 0.185 0.139 0.100 0.106 0.046 0.140 0.043 0.279 0.095 0.141 0.139 0.297 0.091 0.049 0.017 
 121   (0.012) 0.007 0.003 0.009 0.001 0.003 0.000 0.009 0.001 0.002 0.002 0.010 0.010 0.003 0.002 0.001 0.040 
 127   (0.080) 0.055 0.071 0.078 0.081 0.157 0.002 0.078 0.007 0.040 0.012 0.075 0.075 0.017 0.349 0.010 0.591 
 131   (0.035) 0.030 0.076 0.040 0.002 0.007 0.001 0.041 0.003 0.013 0.006 0.040 0.043 0.012 0.007 0.003 0.004 

Locus 31 : 31 
6 alleles
0.2% missing data
 159   (0.173) 0.238 0.303 0.175 0.012 0.304 0.139 0.157 0.111 0.173 0.063 0.168 0.157 0.412 0.048 0.065 0.020 
 155   (0.551) 0.513 0.309 0.565 0.710 0.421 0.692 0.590 0.850 0.626 0.191 0.576 0.591 0.372 0.494 0.599 0.526 
 157   (0.186) 0.192 0.313 0.182 0.020 0.252 0.090 0.171 0.029 0.177 0.043 0.172 0.172 0.188 0.439 0.294 0.113 
 153   (0.054) 0.030 0.067 0.049 0.003 0.011 0.076 0.053 0.005 0.018 0.697 0.053 0.052 0.019 0.012 0.037 0.100 
 151   (0.029) 0.024 0.006 0.025 0.254 0.011 0.002 0.024 0.003 0.004 0.005 0.026 0.024 0.006 0.006 0.004 0.240 
 163   (0.006) 0.003 0.002 0.004 0.001 0.001 0.001 0.005 0.001 0.002 0.001 0.005 0.005 0.002 0.001 0.001 0.001 

Locus 32 : 32 
5 alleles
0.0% missing data
 146   (0.317) 0.384 0.279 0.344 0.314 0.264 0.064 0.347 0.050 0.339 0.467 0.346 0.343 0.319 0.216 0.065 0.583 
 150   (0.578) 0.565 0.677 0.567 0.638 0.508 0.859 0.558 0.870 0.623 0.505 0.563 0.564 0.570 0.403 0.924 0.406 
 148   (0.056) 0.022 0.016 0.044 0.045 0.119 0.076 0.046 0.073 0.011 0.011 0.044 0.044 0.059 0.365 0.006 0.006 
 154   (0.033) 0.022 0.014 0.033 0.002 0.106 0.001 0.035 0.005 0.006 0.009 0.034 0.037 0.008 0.008 0.004 0.004 
 152   (0.015) 0.007 0.014 0.011 0.001 0.003 0.000 0.013 0.002 0.021 0.007 0.012 0.013 0.044 0.007 0.002 0.002 

Locus 33 : 33 
7 alleles
0.0% missing data
 180   (0.464) 0.431 0.407 0.464 0.670 0.524 0.610 0.476 0.364 0.432 0.201 0.466 0.474 0.314 0.514 0.426 0.696 
 196   (0.114) 0.102 0.110 0.107 0.007 0.049 0.185 0.108 0.208 0.106 0.456 0.110 0.105 0.149 0.024 0.125 0.013 
 184   (0.197) 0.203 0.077 0.195 0.071 0.283 0.147 0.189 0.120 0.334 0.071 0.192 0.189 0.421 0.085 0.421 0.267 
 194   (0.010) 0.004 0.002 0.005 0.001 0.002 0.040 0.006 0.029 0.001 0.002 0.006 0.006 0.002 0.002 0.001 0.001 
 192   (0.134) 0.178 0.275 0.146 0.180 0.100 0.005 0.131 0.013 0.111 0.251 0.138 0.135 0.088 0.357 0.015 0.015 
 190   (0.016) 0.013 0.103 0.011 0.001 0.022 0.000 0.011 0.002 0.004 0.002 0.011 0.010 0.009 0.003 0.002 0.001 
 198   (0.064) 0.068 0.025 0.072 0.070 0.020 0.013 0.078 0.265 0.011 0.018 0.077 0.081 0.017 0.015 0.009 0.007 

Locus 34 : 34 
6 alleles
0.0% missing data
 110   (0.184) 0.137 0.196 0.174 0.071 0.226 0.373 0.189 0.166 0.080 0.051 0.183 0.188 0.100 0.162 0.272 0.213 
 112   (0.356) 0.351 0.287 0.364 0.056 0.285 0.515 0.359 0.735 0.377 0.280 0.364 0.361 0.540 0.436 0.071 0.040 
 106   (0.281) 0.349 0.392 0.277 0.711 0.415 0.087 0.262 0.078 0.434 0.625 0.268 0.267 0.236 0.138 0.575 0.222 
  90   (0.039) 0.033 0.029 0.033 0.002 0.008 0.018 0.033 0.006 0.007 0.006 0.033 0.033 0.009 0.232 0.065 0.406 
 108   (0.130) 0.125 0.094 0.146 0.113 0.065 0.007 0.150 0.014 0.101 0.036 0.146 0.145 0.113 0.029 0.015 0.118 
  96   (0.010) 0.004 0.002 0.006 0.046 0.002 0.000 0.007 0.001 0.002 0.002 0.006 0.007 0.002 0.003 0.001 0.001 

Locus 35 : 35 
9 alleles
0.0% missing data
 166   (0.060) 0.028 0.040 0.042 0.004 0.055 0.290 0.050 0.187 0.165 0.046 0.050 0.051 0.030 0.123 0.011 0.008 
 176   (0.096) 0.121 0.027 0.101 0.015 0.223 0.130 0.096 0.381 0.015 0.022 0.094 0.093 0.030 0.034 0.023 0.011 
 172   (0.328) 0.253 0.416 0.312 0.586 0.132 0.452 0.351 0.213 0.424 0.422 0.337 0.358 0.403 0.257 0.448 0.041 
 170   (0.277) 0.248 0.211 0.266 0.327 0.519 0.120 0.257 0.154 0.206 0.438 0.259 0.254 0.227 0.196 0.482 0.612 
 174   (0.130) 0.257 0.265 0.165 0.061 0.047 0.005 0.131 0.015 0.155 0.052 0.147 0.130 0.033 0.364 0.013 0.015 
 178   (0.040) 0.028 0.015 0.040 0.003 0.008 0.002 0.039 0.044 0.010 0.007 0.038 0.038 0.098 0.011 0.017 0.005 
 168   (0.050) 0.058 0.020 0.058 0.003 0.012 0.001 0.059 0.005 0.022 0.009 0.058 0.060 0.021 0.012 0.005 0.306 
 186   (0.013) 0.006 0.005 0.011 0.001 0.002 0.000 0.011 0.001 0.002 0.003 0.011 0.011 0.157 0.002 0.001 0.001 
 158   (0.006) 0.002 0.001 0.005 0.000 0.001 0.000 0.006 0.001 0.001 0.001 0.005 0.005 0.001 0.001 0.001 0.001 

Locus 36 : 36 
6 alleles
0.0% missing data
  89   (0.568) 0.571 0.721 0.570 0.509 0.495 0.662 0.581 0.717 0.554 0.566 0.585 0.584 0.822 0.638 0.231 0.371 
  95   (0.058) 0.029 0.051 0.050 0.004 0.083 0.082 0.054 0.020 0.131 0.013 0.052 0.052 0.025 0.015 0.040 0.006 
  85   (0.169) 0.189 0.069 0.159 0.232 0.146 0.224 0.150 0.221 0.167 0.377 0.157 0.152 0.079 0.290 0.270 0.495 
  81   (0.065) 0.111 0.045 0.081 0.004 0.181 0.006 0.066 0.007 0.030 0.018 0.066 0.064 0.014 0.017 0.009 0.008 
  83   (0.124) 0.093 0.111 0.129 0.250 0.092 0.027 0.136 0.033 0.109 0.023 0.128 0.134 0.057 0.037 0.449 0.014 
  91   (0.015) 0.006 0.004 0.012 0.001 0.003 0.000 0.014 0.001 0.008 0.004 0.012 0.014 0.003 0.003 0.001 0.105 

Locus 37 : 37 
10 alleles
0.0% missing data
 161   (0.342) 0.475 0.344 0.373 0.377 0.398 0.581 0.338 0.534 0.271 0.107 0.349 0.336 0.157 0.438 0.090 0.428 
 165   (0.226) 0.178 0.177 0.224 0.095 0.177 0.164 0.246 0.277 0.349 0.420 0.237 0.245 0.201 0.092 0.059 0.133 
 159   (0.013) 0.006 0.003 0.008 0.001 0.002 0.036 0.012 0.008 0.005 0.002 0.011 0.013 0.003 0.003 0.001 0.001 
 173   (0.255) 0.211 0.340 0.245 0.516 0.391 0.124 0.241 0.079 0.176 0.396 0.249 0.247 0.403 0.398 0.158 0.223 
 169   (0.106) 0.100 0.108 0.097 0.007 0.022 0.086 0.106 0.096 0.119 0.068 0.102 0.106 0.208 0.058 0.687 0.209 
 167   (0.018) 0.011 0.020 0.014 0.002 0.003 0.009 0.019 0.002 0.003 0.003 0.017 0.019 0.004 0.004 0.002 0.002 
 168   (0.010) 0.004 0.002 0.011 0.001 0.002 0.000 0.011 0.001 0.001 0.001 0.010 0.010 0.002 0.002 0.001 0.001 
 155   (0.014) 0.009 0.003 0.019 0.001 0.003 0.000 0.017 0.001 0.002 0.002 0.016 0.015 0.004 0.003 0.001 0.001 
 177   (0.006) 0.004 0.002 0.005 0.000 0.001 0.000 0.005 0.001 0.001 0.001 0.005 0.004 0.001 0.002 0.001 0.001 
 175   (0.008) 0.002 0.002 0.004 0.000 0.001 0.000 0.005 0.001 0.071 0.001 0.005 0.005 0.016 0.001 0.001 0.001 

Locus 38 : 38 
6 alleles
0.4% missing data
  87   (0.090) 0.059 0.134 0.073 0.129 0.115 0.173 0.075 0.140 0.029 0.040 0.073 0.073 0.046 0.020 0.012 0.556 
  89   (0.440) 0.519 0.449 0.468 0.090 0.212 0.589 0.462 0.674 0.682 0.168 0.467 0.462 0.580 0.398 0.749 0.051 
  91   (0.162) 0.169 0.167 0.166 0.187 0.207 0.131 0.172 0.025 0.045 0.053 0.166 0.171 0.106 0.095 0.198 0.206 
  81   (0.121) 0.081 0.055 0.112 0.115 0.223 0.080 0.119 0.081 0.065 0.034 0.120 0.123 0.097 0.430 0.012 0.014 
  85   (0.180) 0.169 0.193 0.177 0.479 0.241 0.024 0.168 0.079 0.178 0.703 0.169 0.167 0.170 0.054 0.028 0.171 
  83   (0.006) 0.002 0.001 0.003 0.000 0.001 0.003 0.004 0.001 0.001 0.002 0.004 0.004 0.001 0.002 0.001 0.001 

Locus 39 : 39 
4 alleles
0.4% missing data
 167   (0.792) 0.845 0.853 0.781 0.857 0.949 0.910 0.778 0.927 0.667 0.941 0.780 0.777 0.922 0.803 0.932 0.682 
 161   (0.175) 0.135 0.114 0.190 0.140 0.045 0.089 0.190 0.069 0.233 0.053 0.188 0.189 0.070 0.183 0.060 0.314 
 165   (0.027) 0.017 0.032 0.024 0.002 0.005 0.001 0.027 0.003 0.099 0.004 0.027 0.029 0.006 0.013 0.007 0.003 
 177   (0.007) 0.003 0.002 0.005 0.001 0.001 0.000 0.006 0.001 0.001 0.002 0.005 0.005 0.001 0.001 0.001 0.001 

Locus 40 : 40 
6 alleles
0.2% missing data
 228   (0.419) 0.392 0.475 0.391 0.228 0.442 0.520 0.397 0.656 0.457 0.579 0.401 0.400 0.565 0.620 0.725 0.546 
 238   (0.341) 0.397 0.298 0.374 0.117 0.264 0.324 0.365 0.270 0.342 0.118 0.359 0.366 0.324 0.093 0.072 0.082 
 224   (0.021) 0.008 0.005 0.013 0.001 0.013 0.091 0.015 0.046 0.003 0.003 0.015 0.014 0.004 0.232 0.002 0.002 
 236   (0.102) 0.068 0.101 0.096 0.394 0.115 0.062 0.100 0.016 0.041 0.040 0.099 0.099 0.023 0.026 0.189 0.356 
 232   (0.012) 0.031 0.003 0.014 0.001 0.002 0.000 0.009 0.002 0.002 0.003 0.011 0.009 0.003 0.003 0.001 0.001 
 240   (0.104) 0.104 0.119 0.112 0.260 0.163 0.002 0.114 0.010 0.154 0.257 0.115 0.112 0.081 0.027 0.011 0.012 

Locus 41 : 41 
7 alleles
0.0% missing data
 128   (0.121) 0.128 0.163 0.110 0.032 0.074 0.138 0.113 0.065 0.298 0.048 0.115 0.114 0.064 0.236 0.240 0.013 
 130   (0.529) 0.568 0.537 0.556 0.783 0.516 0.612 0.554 0.596 0.389 0.558 0.551 0.552 0.424 0.521 0.688 0.059 
 114   (0.052) 0.034 0.015 0.048 0.003 0.076 0.111 0.047 0.040 0.007 0.012 0.046 0.047 0.011 0.010 0.031 0.504 
 132   (0.127) 0.126 0.106 0.117 0.045 0.151 0.132 0.112 0.281 0.160 0.324 0.114 0.112 0.398 0.030 0.020 0.015 
 118   (0.059) 0.057 0.096 0.052 0.130 0.011 0.002 0.051 0.006 0.094 0.038 0.055 0.055 0.044 0.027 0.009 0.204 
 134   (0.106) 0.084 0.082 0.113 0.007 0.172 0.006 0.116 0.012 0.051 0.020 0.114 0.116 0.059 0.175 0.012 0.205 
 136   (0.006) 0.002 0.001 0.004 0.000 0.001 0.000 0.005 0.001 0.001 0.001 0.005 0.005 0.001 0.001 0.001 0.001 

Locus 42 : 42 
6 alleles
1.3% missing data
 102   (0.283) 0.199 0.369 0.249 0.477 0.415 0.415 0.278 0.437 0.284 0.459 0.268 0.274 0.360 0.231 0.082 0.575 
 104   (0.402) 0.414 0.508 0.426 0.413 0.325 0.196 0.423 0.149 0.562 0.166 0.424 0.428 0.396 0.678 0.102 0.050 
  92   (0.107) 0.196 0.048 0.126 0.007 0.086 0.108 0.100 0.276 0.021 0.019 0.111 0.104 0.181 0.033 0.013 0.051 
  96   (0.071) 0.083 0.020 0.071 0.004 0.054 0.061 0.069 0.068 0.028 0.016 0.072 0.068 0.016 0.018 0.705 0.097 
  98   (0.130) 0.106 0.053 0.123 0.098 0.119 0.220 0.124 0.070 0.103 0.338 0.119 0.121 0.044 0.038 0.097 0.226 
 106   (0.006) 0.003 0.001 0.004 0.000 0.002 0.001 0.005 0.001 0.001 0.002 0.005 0.005 0.003 0.002 0.001 0.001 

Locus 43 : 43 
6 alleles
1.6% missing data
 101   (0.308) 0.376 0.302 0.317 0.179 0.467 0.471 0.297 0.214 0.214 0.718 0.303 0.299 0.295 0.208 0.092 0.037 
 103   (0.315) 0.229 0.368 0.296 0.352 0.282 0.176 0.313 0.369 0.449 0.096 0.311 0.311 0.579 0.134 0.453 0.230 
  99   (0.141) 0.196 0.059 0.167 0.009 0.066 0.031 0.148 0.217 0.100 0.029 0.153 0.149 0.042 0.592 0.072 0.420 
  95   (0.212) 0.188 0.266 0.199 0.459 0.182 0.322 0.220 0.197 0.233 0.154 0.211 0.219 0.080 0.061 0.381 0.177 
  97   (0.016) 0.009 0.003 0.016 0.001 0.003 0.000 0.016 0.001 0.002 0.002 0.016 0.016 0.003 0.003 0.001 0.136 
  91   (0.007) 0.003 0.001 0.005 0.000 0.001 0.000 0.006 0.001 0.001 0.001 0.006 0.005 0.001 0.001 0.001 0.001 

Locus 44 : 44 
7 alleles
0.2% missing data
 177   (0.080) 0.049 0.042 0.075 0.005 0.064 0.065 0.081 0.164 0.052 0.016 0.081 0.082 0.076 0.016 0.010 0.010 
 191   (0.277) 0.279 0.319 0.306 0.099 0.306 0.187 0.303 0.109 0.132 0.075 0.290 0.299 0.270 0.332 0.054 0.281 
 181   (0.582) 0.633 0.626 0.566 0.862 0.615 0.747 0.557 0.722 0.725 0.900 0.567 0.555 0.640 0.569 0.931 0.521 
 179   (0.037) 0.030 0.009 0.039 0.002 0.010 0.001 0.043 0.004 0.005 0.004 0.045 0.048 0.008 0.078 0.003 0.186 
 183   (0.009) 0.004 0.002 0.007 0.001 0.002 0.000 0.008 0.001 0.003 0.002 0.007 0.008 0.002 0.002 0.001 0.001 
 193   (0.007) 0.002 0.001 0.004 0.000 0.001 0.000 0.004 0.001 0.083 0.001 0.005 0.004 0.002 0.001 0.001 0.001 
 189   (0.007) 0.002 0.001 0.003 0.030 0.001 0.000 0.004 0.001 0.001 0.001 0.004 0.004 0.001 0.001 0.001 0.001 

Locus 45 : 45 
6 alleles
0.9% missing data
 205   (0.463) 0.408 0.392 0.465 0.405 0.537 0.505 0.485 0.546 0.546 0.225 0.483 0.491 0.630 0.526 0.867 0.248 
 211   (0.233) 0.318 0.159 0.257 0.275 0.184 0.250 0.234 0.107 0.097 0.379 0.237 0.236 0.194 0.303 0.047 0.342 
 207   (0.144) 0.100 0.198 0.131 0.201 0.090 0.125 0.137 0.191 0.239 0.357 0.133 0.133 0.105 0.049 0.064 0.017 
 201   (0.073) 0.091 0.166 0.066 0.005 0.083 0.069 0.059 0.120 0.022 0.017 0.063 0.058 0.052 0.023 0.012 0.381 
 215   (0.079) 0.077 0.084 0.073 0.114 0.105 0.051 0.074 0.035 0.094 0.019 0.075 0.073 0.017 0.098 0.009 0.010 
 202   (0.008) 0.006 0.002 0.008 0.000 0.001 0.000 0.011 0.001 0.002 0.001 0.009 0.010 0.002 0.002 0.001 0.001 

Locus 46 : 46 
10 alleles
1.1% missing data
 144   (0.066) 0.085 0.093 0.061 0.129 0.014 0.255 0.058 0.078 0.025 0.031 0.062 0.058 0.015 0.054 0.054 0.008 
 158   (0.155) 0.133 0.187 0.159 0.083 0.264 0.114 0.149 0.400 0.032 0.037 0.152 0.150 0.100 0.199 0.035 0.020 
 168   (0.136) 0.128 0.067 0.149 0.106 0.137 0.224 0.158 0.067 0.040 0.056 0.154 0.148 0.031 0.032 0.057 0.211 
 166   (0.141) 0.104 0.077 0.124 0.392 0.086 0.323 0.130 0.124 0.356 0.030 0.126 0.129 0.109 0.041 0.462 0.123 
 142   (0.375) 0.306 0.541 0.366 0.282 0.440 0.080 0.395 0.301 0.474 0.733 0.382 0.401 0.581 0.650 0.378 0.048 
 170   (0.014) 0.037 0.003 0.016 0.001 0.004 0.001 0.011 0.001 0.002 0.002 0.013 0.010 0.003 0.003 0.002 0.002 
 156   (0.024) 0.010 0.007 0.019 0.001 0.005 0.001 0.021 0.013 0.004 0.003 0.019 0.021 0.071 0.005 0.002 0.468 
 162   (0.042) 0.065 0.010 0.042 0.003 0.038 0.001 0.039 0.004 0.062 0.008 0.043 0.041 0.021 0.008 0.005 0.115 
 164   (0.040) 0.128 0.014 0.060 0.002 0.010 0.001 0.036 0.011 0.005 0.098 0.044 0.035 0.068 0.007 0.005 0.004 
 160   (0.007) 0.003 0.001 0.004 0.000 0.001 0.000 0.005 0.001 0.001 0.001 0.005 0.005 0.001 0.001 0.001 0.001 

Locus 47 : 47 
7 alleles
8.7% missing data
 149   (0.343) 0.317 0.332 0.352 0.337 0.083 0.212 0.366 0.190 0.424 0.090 0.359 0.369 0.402 0.523 0.468 0.355 
 151   (0.180) 0.160 0.184 0.166 0.012 0.374 0.208 0.163 0.574 0.111 0.038 0.165 0.162 0.268 0.334 0.121 0.084 
 153   (0.203) 0.164 0.316 0.195 0.025 0.177 0.364 0.199 0.129 0.402 0.461 0.201 0.207 0.182 0.074 0.108 0.031 
 147   (0.029) 0.053 0.009 0.032 0.002 0.005 0.034 0.025 0.032 0.004 0.006 0.026 0.024 0.006 0.008 0.003 0.005 
 145   (0.226) 0.267 0.154 0.235 0.623 0.358 0.180 0.232 0.072 0.057 0.402 0.233 0.223 0.138 0.056 0.297 0.522 
 152   (0.007) 0.003 0.002 0.004 0.000 0.002 0.002 0.004 0.001 0.001 0.001 0.005 0.004 0.001 0.003 0.001 0.001 
 143   (0.013) 0.035 0.003 0.016 0.001 0.002 0.000 0.010 0.001 0.002 0.001 0.013 0.010 0.002 0.003 0.001 0.002 

Values of parameters used in structure:
DATAFILE=temp2_no_plains.str,	OUTFILE=k16/temp2_no_plains_k16_run9,	NUMINDS=450,	NUMLOCI=47,	MISSING=-9,	LABEL=1,	POPDATA=1,	POPFLAG=0,	PHENOTYPE=0,	EXTRACOLS=0,	MAXPOPS=16,	BURNIN=500000,	NUMREPS=750000,	USEPOPINFO=0,	INFERALPHA=1,	INFERLAMBDA=0,	POPSPECIFICLAMBDA=0,	POPALPHAS=0,	COMPUTEPROB=1,	NOADMIX=0,	ADMBURNIN=500,	UPDATEFREQ=100,	PRINTLIKES=0,	INTERMEDSAVE=0,	PRINTKLD=0,	PRINTNET=1,	PRINTLAMBDA=1,	ANCESTDIST=0,	NUMBOXES=1000,	ANCESTPINT=0.90000,	GENSBACK=2,	MIGRPRIOR=0.01000,	PRINTQHAT=0,	PRINTQSUM=1,	ALPHA=1.0000,	FREQSCORR=1,	FPRIORMEAN=0.0100,	FPRIORSD=0.0500,	ONEFST=0,	LAMBDA=1.0000,	UNIFPRIORALPHA=1,	ALPHAMAX=10.0000,	ALPHAPRIORA=1.0000,	ALPHAPRIORB=2.0000,	ALPHAPROPSD=0.0250,	STARTATPOPINFO=0,	RANDOMIZE=0,	LINKAGE=0,	METROFREQ=10,	REPORTHITRATE=0,	MARKOVPHASE=0,	PHASED=1,	PLOIDY=2,	PHASEINFO=0	LOCPRIOR=0, 	LOCPRIORINIT=1.000000, 	LOCDATA=0, 	LOCISPOP=1, 	LOCPRIORSTEP=0.100000, 	MAXLOCPRIOR=20.000000, 	SEED=119009,	
[STRAT parameters]:    NUMSIMSTATS=1000,	PHENOTYPECOL=-9,	POOLFREQ=10,	LOCUSxONLY=0,	EMERROR=0.00100,	MISSINGPHENO=-9,	