1 2 3 4 5 6 7 8 9 10 11 12 13 14 15 16 17 18 19 20 21 22 23 24 25 26 27 28 29 30 31 32 33 34 35 36 37 38 39 40 41 42 43 44 45 46 47
187	1	091	136	179	245	103	135	089	129	191	232	089	160	113	229	143	154	088	127	194	244	173	150	154	083	124	181	142	260	146	127	155	150	180	108	168	083	161	087	161	228	130	092	095	177	205	158	149
187	1	091	138	185	271	103	147	093	143	195	238	091	160	115	229	147	154	090	127	202	246	175	158	158	083	124	183	142	262	146	127	157	150	190	108	168	083	173	091	167	240	130	092	099	191	211	170	149
188	1	091	136	187	241	103	135	097	129	191	238	087	161	115	229	143	154	090	127	194	252	167	150	144	083	124	181	148	256	140	127	153	150	180	108	170	083	161	085	161	240	130	092	095	191	211	158	145
188	1	091	136	187	271	105	137	101	143	195	250	091	170	115	233	143	154	090	127	194	254	173	158	154	083	124	183	150	260	150	131	159	150	184	108	172	083	173	089	167	240	130	096	101	191	211	168	149
189	1	089	140	187	241	103	135	093	129	189	238	087	161	108	229	143	154	088	127	200	246	165	152	156	081	122	179	138	262	140	127	153	154	184	110	168	083	165	087	161	228	130	092	095	191	205	168	149
189	1	089	140	187	249	103	135	097	143	195	238	087	170	115	231	143	158	090	127	200	250	165	158	156	083	122	181	142	262	150	127	153	154	198	110	174	089	165	087	161	236	134	098	095	191	205	170	151
190	1	091	136	175	241	103	135	089	129	189	238	087	158	115	229	143	154	090	127	200	246	163	142	156	081	122	165	142	256	140	129	155	146	198	106	172	083	161	091	167	240	130	092	099	191	205	156	149
190	1	091	136	187	241	104	135	093	129	189	238	087	160	115	229	143	158	100	140	200	250	173	158	156	081	122	181	148	260	146	131	155	154	198	110	186	089	161	091	167	240	130	092	101	191	207	164	149
191	1	091	136	179	241	103	135	093	149	189	238	085	160	108	225	143	158	088	127	194	250	159	158	144	085	122	179	148	260	140	123	155	146	192	110	170	083	161	087	161	228	130	098	095	177	201	158	149
191	1	091	136	185	241	105	135	097	149	195	250	091	160	108	231	145	158	090	127	200	254	177	162	144	085	124	181	148	262	146	131	155	150	198	110	170	083	161	091	161	236	134	104	099	191	211	168	149
247	1	089	140	175	253	103	135	093	143	191	232	089	160	108	229	145	154	090	127	194	250	167	156	156	083	122	179	138	262	146	127	153	146	198	106	168	083	165	085	161	228	130	096	099	191	201	156	149
247	1	091	140	187	271	104	135	093	149	195	238	091	160	113	231	147	158	102	150	202	254	175	158	160	083	122	181	142	262	150	127	155	150	198	108	168	089	173	089	167	228	134	104	101	191	205	170	149
281	1	089	136	175	241	103	135	089	143	189	250	085	160	113	229	143	160	088	148	194	244	165	164	156	081	122	181	138	256	146	127	155	148	192	106	168	085	161	085	161	240	118	096	095	177	205	156	143
281	1	091	136	187	245	107	147	105	149	189	254	087	161	115	231	143	160	100	148	202	246	175	164	156	083	124	181	148	260	146	127	157	154	198	110	168	089	161	089	167	240	130	096	099	191	207	156	149
282	1	089	136	187	241	103	135	089	129	195	238	087	158	108	229	145	154	090	127	194	250	165	156	154	083	122	179	138	262	140	127	153	146	180	108	168	083	161	085	161	228	130	104	101	191	205	142	149
282	1	089	140	191	241	103	141	093	143	195	250	091	161	113	231	145	156	100	150	200	250	175	164	156	083	122	181	150	262	146	127	155	146	198	112	168	083	161	087	161	236	130	104	101	191	205	144	151
283	1	091	136	175	241	103	135	105	143	191	238	087	143	113	229	143	154	088	127	194	246	165	150	156	083	124	181	142	262	146	123	159	146	190	106	170	089	161	087	161	236	130	092	095	191	207	142	149
283	1	091	142	187	245	103	135	105	143	191	238	091	160	115	231	145	156	100	140	194	254	177	158	158	083	124	185	142	262	150	129	159	146	192	108	186	089	165	089	167	240	130	098	099	191	211	158	153
284	1	091	134	175	241	103	135	097	143	189	238	085	160	108	231	147	154	088	127	194	250	163	150	144	083	124	183	142	262	140	129	155	146	180	108	168	089	161	087	161	240	130	092	095	177	211	158	149
284	1	091	136	187	271	103	135	101	143	195	238	091	161	113	231	147	158	088	140	200	254	173	158	156	083	124	185	142	262	140	131	155	148	184	108	172	089	161	089	167	240	130	096	095	177	211	164	149
285	1	089	136	185	241	103	141	093	149	189	232	087	160	113	229	145	154	100	127	194	250	163	158	156	081	122	181	142	262	146	127	153	146	180	106	172	089	173	085	161	228	130	098	095	177	205	142	149
285	1	091	136	187	253	103	141	097	149	189	238	087	160	115	231	145	158	100	148	200	250	175	164	156	083	122	185	148	262	150	131	155	148	184	108	174	089	173	091	161	238	134	098	101	179	207	164	149
286	1	091	136	175	241	103	135	089	143	189	232	087	160	108	229	143	154	088	127	194	246	175	156	154	081	122	179	148	262	146	125	155	146	180	106	170	089	161	085	161	238	130	096	095	191	205	168	149
286	1	091	136	179	249	103	141	105	149	191	238	091	160	115	231	143	158	100	150	200	254	175	158	156	083	124	181	148	262	148	127	155	150	198	108	170	089	165	087	167	240	134	104	101	191	211	168	151
288	1	089	136	175	241	103	135	089	129	189	232	087	160	115	229	143	158	090	127	194	250	175	150	154	081	122	179	148	262	140	125	155	146	184	106	168	089	161	089	161	228	130	098	099	181	205	142	149
288	1	089	136	175	249	105	135	091	149	195	238	087	160	115	231	143	160	090	150	194	254	175	158	158	085	124	183	150	262	146	127	157	150	192	108	168	089	173	089	161	236	132	104	101	181	211	158	149
289	1	091	136	179	241	103	135	089	127	191	238	087	160	108	225	143	156	088	127	200	250	173	158	156	081	122	183	148	262	146	123	157	146	198	108	172	083	161	087	161	238	130	098	097	179	201	142	149
289	1	091	138	187	241	107	137	105	143	195	238	087	161	108	229	143	158	100	150	200	250	177	158	156	083	122	185	150	262	146	127	159	150	198	110	186	089	165	091	167	240	134	104	101	191	205	156	149
292	1	089	136	185	247	103	135	089	143	189	238	087	160	108	229	143	154	088	127	194	250	163	162	144	081	122	179	138	262	140	129	155	146	192	106	170	083	173	085	161	228	130	098	099	191	205	158	149
292	1	091	140	187	271	103	147	093	149	191	250	089	160	115	229	143	156	090	140	200	250	177	162	156	083	124	183	148	262	148	129	155	146	198	108	172	089	173	087	167	236	134	104	101	191	205	168	153
293	1	089	136	179	247	103	135	089	143	191	238	087	160	113	229	143	154	088	127	194	246	167	158	154	083	122	179	142	260	140	127	155	150	180	108	170	089	161	087	161	228	118	092	095	179	201	164	149
293	1	091	138	187	271	103	135	097	149	191	252	091	161	113	231	143	154	090	148	202	254	175	162	154	083	122	183	148	262	146	127	157	150	198	110	170	089	161	089	167	238	130	098	095	191	205	168	149
294	1	089	138	185	241	103	135	097	143	189	238	085	160	113	231	143	160	088	150	194	246	167	150	154	083	122	179	138	260	146	125	155	148	192	108	168	083	161	087	161	240	130	096	099	179	207	142	149
294	1	089	142	187	245	103	141	105	149	189	250	087	160	115	231	143	160	090	150	194	246	175	158	156	083	122	183	148	262	146	129	159	150	198	110	168	085	165	091	161	240	134	098	099	181	215	162	149
297	1	091	136	185	241	105	135	089	129	191	232	087	160	108	231	143	156	088	148	194	250	167	158	154	081	124	179	138	262	146	125	153	146	180	106	170	083	161	089	161	236	130	092	095	181	202	158	149
297	1	091	138	187	241	105	135	097	143	195	238	087	170	115	231	143	158	088	148	200	250	177	162	156	083	124	183	142	262	148	127	155	146	180	112	170	089	161	091	167	240	134	098	101	191	211	164	151
298	1	091	136	185	241	103	135	089	129	195	232	087	160	108	229	143	154	088	140	194	244	163	158	144	081	124	179	142	260	140	123	153	146	180	112	170	083	161	091	167	240	130	096	095	181	202	158	149
298	1	091	138	187	253	105	135	089	143	195	238	087	161	115	231	143	158	090	148	198	250	167	162	154	083	124	181	150	262	148	125	155	146	192	112	172	089	161	091	167	240	130	098	101	181	211	166	149
299	1	091	134	187	241	103	137	093	143	191	238	087	160	108	229	143	158	088	127	194	250	173	142	144	081	122	179	142	260	146	125	153	146	192	106	168	089	165	087	161	238	130	092	095	191	202	142	151
299	1	091	136	187	253	105	137	105	149	191	238	091	160	115	229	143	158	102	127	194	254	173	156	156	083	124	185	150	262	150	127	157	150	198	110	172	089	165	091	167	240	130	104	095	191	211	158	151
300	1	091	136	181	241	103	135	091	143	191	232	087	160	113	229	143	154	090	140	194	250	167	142	144	083	122	179	142	262	140	125	153	146	180	108	168	083	165	087	161	228	130	092	095	191	202	144	145
300	1	091	136	187	253	103	137	105	149	195	238	091	161	115	233	143	158	100	140	194	250	175	156	158	083	124	179	142	262	150	125	155	146	192	108	168	089	173	091	167	236	130	092	101	191	205	156	151
301	1	089	134	185	241	103	135	089	149	189	238	087	158	113	229	143	154	088	127	190	250	165	142	154	083	122	165	138	262	140	125	155	146	180	106	172	083	159	087	161	236	130	098	095	181	211	162	143
301	1	091	136	185	249	103	135	101	149	191	250	089	160	115	231	143	156	090	127	194	254	175	158	160	083	124	179	148	262	140	127	159	150	180	110	176	089	173	089	167	240	130	098	095	191	211	164	149
302	1	091	134	181	253	103	135	089	129	191	238	087	143	108	229	143	158	088	127	194	246	163	158	144	081	122	185	142	256	140	127	153	146	192	108	168	089	161	089	161	236	130	092	095	191	211	142	149
302	1	091	138	191	269	105	137	097	129	191	238	087	160	113	229	143	158	100	150	194	250	167	158	156	083	122	185	142	262	146	127	155	150	198	110	168	091	165	089	167	240	134	092	099	191	211	158	151
303	1	089	136	187	241	103	135	089	127	191	238	087	160	113	229	143	156	088	127	194	250	163	150	154	083	124	179	148	256	150	129	159	146	180	108	168	089	161	087	161	236	130	092	095	177	205	156	149
303	1	091	136	187	241	103	147	091	143	191	238	087	161	115	231	143	158	090	127	200	250	175	152	158	083	124	179	148	262	150	131	159	146	184	108	176	095	165	089	167	236	130	092	103	191	211	168	149
304	1	091	134	187	241	103	135	101	149	191	232	091	160	108	229	143	158	088	127	194	246	173	142	144	081	122	179	142	256	146	125	153	150	198	106	172	089	161	085	161	228	130	092	095	181	211	156	149
304	1	091	138	187	245	105	137	105	149	195	238	091	160	115	231	143	158	088	140	194	254	175	150	156	081	124	179	148	260	146	127	155	150	198	106	174	089	165	087	167	240	130	104	095	191	215	158	151
305	1	091	134	175	241	103	135	093	129	189	238	085	160	113	229	147	154	090	127	190	250	173	152	154	083	124	179	138	262	140	129	155	146	180	108	170	083	161	089	161	228	130	092	095	191	205	164	149
305	1	093	136	187	271	105	147	097	149	191	254	091	161	113	231	147	154	102	142	194	254	175	158	156	083	124	185	142	262	140	131	155	150	190	112	172	089	173	089	167	240	134	104	101	191	211	168	149
306	1	089	138	181	247	103	135	097	129	189	238	087	154	115	229	143	154	088	140	194	246	175	158	144	081	124	179	142	260	140	127	155	146	192	108	168	083	161	087	161	228	130	092	099	179	205	142	145
306	1	089	140	187	271	103	135	101	143	191	252	091	160	115	229	147	158	090	150	194	250	175	162	154	083	124	183	142	262	150	129	157	146	198	108	172	089	165	087	161	240	130	098	101	191	211	164	149
308	1	089	134	187	249	103	135	097	143	195	238	087	161	108	229	143	154	090	140	200	250	163	158	144	083	120	165	138	262	140	125	155	146	180	106	170	083	161	087	165	228	130	092	095	181	211	142	149
308	1	091	136	191	253	107	135	097	149	195	238	087	161	108	233	145	158	090	140	202	250	163	162	158	083	124	185	142	262	146	129	159	150	192	108	170	089	173	087	167	240	130	096	099	191	211	168	149
309	1	089	134	175	241	103	135	093	129	189	232	085	158	113	231	143	158	090	140	194	252	167	142	154	081	122	179	150	262	146	123	159	146	180	106	168	083	161	085	161	228	130	098	099	191	205	156	149
309	1	091	138	181	249	104	147	101	143	195	238	087	160	115	231	143	158	090	140	194	254	175	150	160	083	124	179	150	262	146	127	159	150	184	112	172	089	161	089	165	238	134	104	101	191	215	160	149
310	1	091	136	187	241	103	135	089	143	191	250	087	143	115	229	143	154	088	127	190	246	175	150	154	081	124	179	148	262	140	127	153	150	180	110	168	089	161	085	167	238	130	096	099	177	207	156	149
310	1	091	142	187	241	103	147	089	149	195	250	087	170	115	231	143	154	088	150	202	254	175	164	156	083	124	183	148	262	146	129	159	154	192	112	170	089	161	091	167	240	130	104	099	191	211	158	149
311	1	091	136	175	245	103	135	089	149	191	238	087	160	113	229	143	154	088	127	194	250	173	156	144	083	122	179	142	260	140	125	155	146	180	108	168	083	165	085	161	228	130	098	099	181	202	142	145
311	1	091	138	187	271	103	135	097	149	195	238	091	161	115	231	143	158	090	140	194	254	173	158	156	083	122	183	142	262	148	127	159	146	180	108	172	089	165	091	161	228	134	098	099	191	211	142	153
312	1	091	136	187	241	103	135	089	129	191	238	087	143	115	229	145	156	090	140	194	250	173	150	154	083	122	181	142	262	146	127	155	146	184	106	176	089	161	085	161	228	130	096	099	191	202	164	149
312	1	091	138	187	245	103	135	091	129	195	250	087	161	115	231	147	158	090	148	194	250	175	158	156	083	124	185	148	262	150	131	159	146	192	108	176	095	161	091	167	240	134	098	099	191	211	164	149
313	1	089	136	181	241	103	135	089	143	189	238	087	160	108	229	143	156	090	140	200	246	165	158	156	083	120	165	138	260	140	125	155	146	192	108	168	089	161	085	167	228	130	098	099	181	205	162	149
313	1	089	136	187	241	103	135	093	149	191	238	091	161	113	229	143	160	100	148	202	250	173	162	158	083	124	183	142	262	146	129	155	146	192	108	172	089	165	087	167	240	130	104	101	191	215	168	149
314	1	089	134	175	247	103	135	089	129	189	232	087	158	115	225	143	154	088	127	194	246	175	150	156	081	122	179	138	262	140	127	155	146	180	106	168	083	161	085	161	240	130	096	095	191	202	156	149
314	1	091	136	187	249	104	147	093	129	195	238	091	161	115	231	143	158	090	140	202	254	175	156	160	083	124	183	150	262	150	127	155	150	184	108	170	089	173	087	165	240	134	104	099	191	207	168	153
315	1	091	136	175	241	103	141	089	143	189	238	087	143	108	229	143	156	090	127	190	252	163	158	154	081	122	183	142	260	140	125	153	146	180	106	168	083	161	087	161	236	130	092	095	191	211	142	149
315	1	091	136	175	241	105	147	105	143	191	238	087	160	108	229	145	160	090	127	194	254	175	158	156	083	126	183	150	262	140	131	155	148	184	108	172	089	161	089	165	240	130	098	099	191	215	164	151
316	1	091	136	175	241	103	135	089	129	195	238	085	143	113	231	143	154	088	127	194	250	173	158	154	081	122	165	142	260	140	125	153	146	180	106	168	089	161	087	161	240	118	092	099	179	205	168	149
316	1	091	136	175	271	105	135	105	143	195	238	087	161	115	231	143	156	100	140	194	254	175	162	156	081	124	179	148	262	146	127	155	146	198	108	170	089	161	089	165	240	130	104	099	191	205	170	149
317	1	089	136	179	253	103	135	089	143	191	238	087	158	108	231	143	156	090	127	194	250	175	150	144	081	124	179	142	262	146	131	153	150	180	108	168	089	161	087	167	238	130	098	095	191	211	162	149
317	1	091	138	187	271	105	147	091	143	191	252	087	161	108	231	143	158	100	148	200	254	175	158	154	083	124	183	150	262	146	131	153	154	190	108	170	089	165	089	167	240	130	098	097	191	215	168	151
344	1	089	136	187	271	103	135	093	129	189	238	085	170	115	229	143	158	090	148	194	250	167	150	158	081	122	179	142	256	146	127	155	146	192	108	168	083	161	089	161	228	134	096	095	191	205	164	149
344	1	091	138	187	271	104	137	097	149	191	238	091	170	115	231	143	158	090	150	200	254	173	158	158	083	124	181	150	260	150	131	157	150	198	112	168	083	173	091	167	240	134	098	101	191	211	168	151
352	1	089	136	181	241	103	135	093	129	191	238	087	154	113	231	143	156	090	140	194	250	163	150	144	083	124	165	150	260	140	125	155	146	180	108	186	085	161	087	161	228	130	092	097	181	211	162	149
352	1	091	138	187	241	105	135	099	143	195	238	091	160	115	233	143	160	090	150	200	250	167	158	144	085	124	183	150	262	146	127	155	150	180	108	186	089	161	087	167	228	134	098	099	191	211	164	149
353	1	089	136	185	241	103	135	089	129	189	232	089	160	113	231	143	156	090	127	194	254	163	152	144	083	122	179	142	260	140	125	155	146	180	106	168	089	161	085	161	228	130	092	101	181	211	142	149
353	1	093	138	187	249	105	135	093	149	195	238	091	160	115	231	143	160	100	140	200	254	175	162	144	085	124	181	148	262	146	127	155	146	198	108	170	089	165	087	161	240	134	092	101	191	211	162	149
649	1	091	136	179	249	103	135	093	129	189	238	087	158	108	231	143	154	088	150	200	244	173	142	144	083	122	183	142	256	140	127	153	146	180	106	168	083	161	087	161	228	118	092	095	191	201	158	149
649	1	091	136	185	271	103	135	101	149	195	250	087	158	115	231	143	158	100	150	200	254	175	142	158	085	124	183	148	262	148	129	155	150	192	108	170	089	173	089	167	240	130	098	101	191	211	168	149
650	1	091	136	185	241	103	135	089	143	189	238	087	160	115	225	143	154	088	140	194	250	173	152	154	081	122	179	142	256	146	127	153	146	192	108	168	089	161	091	165	228	130	096	095	181	211	158	149
650	1	091	136	187	271	103	137	097	149	195	238	087	160	115	229	143	160	088	140	200	254	175	162	156	083	124	183	148	260	146	131	155	146	198	108	172	089	165	091	167	238	134	098	099	191	211	168	149
651	1	089	134	175	241	105	135	101	129	191	250	087	160	113	229	143	154	088	127	194	246	165	158	144	081	122	165	142	260	150	127	155	148	180	108	172	083	161	087	161	240	130	092	095	191	205	142	149
651	1	091	140	175	269	105	135	101	149	195	250	087	161	115	233	145	154	100	148	200	250	167	162	144	083	124	165	150	262	150	129	155	150	192	110	172	083	165	087	165	240	130	098	103	191	211	158	149
652	1	091	134	187	241	103	135	091	129	195	238	087	160	108	229	143	156	088	127	194	254	163	158	154	083	122	179	148	256	140	129	155	146	198	108	170	083	161	087	161	236	130	092	099	191	207	142	149
652	1	091	138	187	241	103	147	093	149	195	238	091	161	115	231	143	158	100	127	194	254	175	162	156	083	124	181	148	260	140	129	157	150	198	110	186	089	173	091	167	238	130	098	101	191	207	168	149
653	1	091	136	179	241	103	135	091	129	189	250	087	143	108	229	143	154	090	127	194	244	175	150	154	083	122	181	142	262	140	127	155	148	180	108	170	089	165	087	161	236	130	098	095	191	205	168	145
653	1	093	136	187	271	103	147	093	129	195	252	091	170	115	231	143	160	090	150	194	254	175	152	156	083	124	185	142	262	140	131	159	150	184	108	170	089	173	091	167	240	134	104	095	191	205	170	145
654	1	089	138	181	241	103	135	089	127	191	238	087	161	115	233	143	154	088	140	194	250	175	150	154	083	122	183	138	256	140	127	153	146	180	108	168	089	161	085	161	240	130	096	099	179	211	142	145
654	1	089	142	187	241	103	147	093	143	195	252	091	161	115	233	147	158	102	150	194	254	175	164	160	083	124	183	142	262	150	129	159	148	184	108	170	089	173	087	161	240	130	096	103	191	211	142	151
655	1	089	138	175	241	105	141	101	143	189	238	087	160	113	231	143	154	088	150	194	244	173	158	144	081	120	179	142	262	146	125	155	146	198	108	170	089	161	089	161	228	130	092	095	191	201	158	149
655	1	091	142	185	245	105	147	105	149	191	238	091	160	115	231	145	156	090	150	194	254	173	158	156	083	124	181	148	262	150	129	155	146	198	108	174	091	165	091	167	228	134	092	101	191	202	168	149
656	1	091	136	175	241	103	135	097	143	189	238	087	161	113	229	143	156	090	127	194	246	165	148	156	081	124	183	148	262	140	129	153	150	190	108	168	083	161	087	167	228	130	092	095	181	205	158	149
656	1	091	138	187	271	103	135	105	143	191	238	091	170	115	231	143	156	090	150	200	250	165	162	160	083	124	185	150	262	140	131	155	150	198	110	172	091	173	089	167	240	134	092	099	181	215	168	149
657	1	091	136	185	241	103	135	091	143	191	238	087	160	108	229	143	156	088	140	194	250	163	150	144	081	124	179	142	260	140	127	155	146	184	106	170	089	161	087	167	228	130	092	099	181	201	156	149
657	1	091	136	187	245	105	141	093	143	195	238	089	160	115	229	147	158	100	140	194	252	173	158	144	083	124	183	150	262	140	129	155	148	192	110	170	089	165	089	167	238	134	104	101	191	202	170	149
658	1	091	136	181	241	103	135	093	129	189	238	087	160	108	231	143	154	090	140	190	252	165	150	154	083	122	179	142	260	140	127	155	146	180	108	170	089	161	091	161	236	130	092	095	181	205	158	145
658	1	091	136	185	245	105	135	097	149	191	250	087	160	115	231	145	160	100	148	202	254	175	162	156	083	124	179	148	262	140	127	155	146	198	108	172	095	173	091	167	238	130	098	095	181	211	168	149
659	1	089	134	187	241	103	135	093	129	195	238	087	143	113	225	143	154	090	127	194	250	173	158	144	081	122	183	142	256	140	123	155	146	180	108	168	083	161	087	161	228	130	092	095	181	205	158	149
659	1	091	138	187	253	103	135	105	149	195	238	087	161	115	231	143	154	100	150	200	252	177	158	144	083	124	183	148	262	150	131	155	150	180	108	174	089	161	091	161	240	134	104	095	181	207	170	151
660	1	089	136	179	269	103	135	093	129	195	238	087	160	115	231	143	154	088	127	194	244	175	150	156	081	124	179	142	256	140	127	155	148	180	108	168	089	173	089	161	238	130	092	095	181	205	156	149
660	1	091	136	185	271	105	141	093	129	195	252	091	160	115	233	143	154	088	140	194	250	175	156	156	083	124	185	150	262	150	131	155	148	180	112	170	089	173	089	167	240	130	098	095	191	211	160	151
661	1	089	136	179	241	103	135	091	129	189	238	087	161	113	229	143	156	088	127	194	250	159	158	144	081	124	165	138	262	140	129	153	146	190	108	168	089	161	085	161	228	118	092	095	179	205	162	149
661	1	091	138	187	271	105	135	093	143	195	238	091	170	113	231	143	158	090	148	200	254	173	162	156	083	124	183	148	262	150	131	157	146	198	110	168	089	165	087	167	240	134	098	101	191	205	168	149
662	1	089	136	181	241	103	135	091	127	189	250	091	160	108	229	143	158	100	140	194	246	165	152	154	083	124	179	142	262	140	123	155	146	180	106	168	083	161	089	161	228	130	096	095	181	205	168	149
662	1	091	136	185	245	103	135	101	143	191	250	091	160	115	231	147	158	102	142	194	254	173	158	158	083	124	185	142	262	140	127	159	146	198	108	168	089	161	091	167	228	134	098	099	191	205	168	149
663	1	089	136	175	245	103	135	093	143	189	238	091	160	108	225	143	158	100	140	194	250	165	158	160	081	124	179	138	256	140	127	153	146	184	108	168	085	161	087	167	228	118	096	101	181	205	168	143
663	1	089	138	175	271	103	147	093	149	195	252	091	160	113	231	147	158	102	150	202	250	165	162	160	085	124	183	150	260	146	129	159	150	198	108	170	089	165	089	167	240	130	096	103	191	211	168	149
664	1	089	136	179	253	103	135	089	129	195	232	089	143	113	229	143	154	088	127	194	246	163	158	144	081	122	183	142	262	146	123	155	146	180	108	170	089	161	087	161	240	130	092	095	181	205	142	145
664	1	089	138	187	253	103	141	099	149	195	238	091	160	113	231	143	154	090	127	200	246	175	158	154	083	124	185	142	262	146	127	155	150	192	112	186	089	161	089	167	240	134	092	099	193	211	142	149
665	1	089	134	175	241	103	135	093	143	189	238	091	160	113	229	143	154	088	127	194	250	173	158	156	081	122	165	142	262	146	125	155	146	180	108	168	083	165	087	167	224	118	092	099	179	207	158	149
665	1	091	136	185	253	103	147	105	149	189	238	091	170	115	231	143	158	090	150	194	250	173	158	156	083	124	185	148	262	146	131	155	146	198	108	186	089	173	089	167	240	130	098	099	191	211	168	149
666	1	089	136	179	241	103	135	089	143	191	232	087	160	108	231	143	156	090	140	194	246	163	150	156	083	122	181	148	260	140	125	155	146	192	108	170	083	161	087	161	228	130	096	097	191	211	164	145
666	1	091	138	187	253	103	135	089	143	195	254	091	160	113	233	145	158	102	150	194	250	167	162	160	083	124	183	150	260	140	127	157	148	198	108	186	089	161	089	167	240	130	098	101	191	211	164	149
667	1	089	136	175	241	103	137	089	129	189	238	085	160	108	231	143	156	090	127	194	250	163	158	144	081	122	181	142	260	140	127	155	146	192	106	172	089	161	087	161	240	134	096	095	179	207	166	149
667	1	091	136	185	253	103	141	105	149	191	238	087	160	108	233	143	158	102	150	194	254	175	158	144	083	122	183	150	260	146	129	155	146	198	108	172	089	161	089	161	240	134	104	095	181	207	166	149
668	1	089	136	185	241	103	135	091	129	191	238	085	160	113	229	143	156	088	127	194	252	165	152	156	081	124	183	142	262	146	125	153	146	192	106	168	083	161	087	161	228	118	092	099	191	205	156	149
668	1	089	136	187	247	103	135	101	143	195	238	091	161	113	231	145	160	102	127	200	254	177	158	158	083	126	183	150	262	150	125	159	146	198	108	170	083	173	089	167	228	130	092	099	191	205	168	149
669	1	089	134	179	249	103	135	089	129	191	238	087	161	108	229	143	156	088	150	194	246	165	156	154	081	124	179	142	256	146	129	153	148	180	108	168	083	161	087	161	228	118	092	103	179	211	142	149
669	1	091	136	181	271	103	147	101	149	195	250	089	161	115	229	143	156	090	150	202	250	177	162	154	083	124	183	150	262	150	131	155	150	180	112	172	089	173	087	167	228	130	096	103	191	215	170	149
670	1	089	134	175	245	103	135	093	129	191	238	087	161	108	229	143	154	088	127	190	250	173	158	156	081	122	183	148	262	140	127	151	146	184	108	168	083	161	091	161	228	134	092	095	191	205	164	149
670	1	091	138	175	253	103	135	093	149	191	238	089	161	115	231	145	156	090	140	200	254	173	162	156	083	124	183	148	262	146	131	155	146	198	108	170	089	173	091	167	240	134	092	101	191	211	168	149
797	10	089	134	187	241	103	141	083	129	189	232	087	160	115	229	143	154	090	127	194	252	167	152	154	081	132	183	142	260	140	129	155	148	180	110	172	089	169	089	167	238	130	102	101	181	205	168	149
797	10	091	136	187	253	103	141	103	129	191	248	087	162	115	231	143	158	102	142	194	252	173	152	154	083	132	183	150	262	146	131	157	150	180	112	176	089	173	091	167	238	130	104	103	181	205	168	153
798	10	089	134	179	253	103	145	097	129	189	238	087	170	108	229	143	158	100	127	194	252	167	152	154	081	124	165	142	260	146	125	155	146	192	106	174	081	169	089	167	228	130	102	095	177	207	168	149
798	10	089	138	181	269	103	147	103	129	195	248	087	170	113	229	143	158	102	138	194	252	177	152	154	083	132	183	142	262	150	129	155	146	196	112	178	089	169	089	167	228	130	104	095	191	207	168	153
799	10	089	134	179	269	102	135	093	129	189	232	087	158	108	229	143	156	090	127	188	252	163	148	154	081	124	175	142	260	146	121	155	150	180	094	170	081	161	091	161	238	130	092	099	181	205	168	145
799	10	091	136	187	269	103	145	103	143	191	238	087	160	115	229	143	160	090	127	194	254	163	158	154	083	124	183	150	262	152	125	157	150	192	106	172	095	161	091	167	240	130	102	103	193	207	168	151
800	10	089	134	179	241	103	135	093	129	189	238	087	158	108	225	143	156	088	127	190	252	167	146	144	083	124	175	142	260	140	125	155	146	180	106	174	089	165	089	167	238	128	096	095	181	205	142	145
800	10	091	136	187	253	103	141	093	143	189	238	089	170	115	229	143	156	090	140	194	252	175	152	154	083	124	175	148	260	150	129	157	150	184	110	178	089	173	089	167	238	130	104	101	183	205	162	149
823	10	089	138	181	239	103	135	089	129	189	238	087	158	113	229	143	156	090	127	194	246	167	152	154	083	132	183	142	256	146	129	151	146	180	108	170	083	173	089	167	228	130	098	103	177	207	158	149
823	10	091	138	187	241	103	135	091	143	191	252	087	160	115	229	143	158	102	127	200	252	173	158	160	083	132	183	142	262	146	129	155	150	198	112	172	089	173	091	167	238	130	102	103	181	211	170	151
824	10	091	134	179	269	103	141	097	129	189	238	087	162	108	225	143	156	090	140	188	252	173	146	144	081	124	179	142	262	150	123	153	154	180	106	172	085	161	087	167	228	130	102	095	179	205	142	145
824	10	091	136	191	271	103	145	103	129	189	252	089	162	115	227	143	156	090	140	200	252	173	146	154	081	124	181	142	262	150	125	155	154	180	106	174	085	165	089	167	238	134	104	103	181	205	166	153
825	10	089	134	181	253	103	145	093	141	191	238	087	160	115	225	143	156	090	146	188	252	175	152	154	081	122	181	142	260	146	127	153	146	180	112	172	081	169	087	167	238	130	104	095	181	205	142	151
825	10	093	134	187	253	103	145	097	143	191	254	087	160	115	229	145	158	090	148	194	252	175	162	154	083	136	183	150	262	146	129	159	146	192	112	172	089	173	089	167	238	134	104	103	189	215	144	153
826	10	089	136	187	241	103	135	093	129	189	238	087	158	115	231	143	156	090	140	194	246	175	146	154	077	124	165	138	260	140	123	155	150	180	090	170	089	161	089	167	238	128	104	099	181	205	156	149
826	10	089	136	187	253	103	145	097	143	189	238	089	161	115	231	145	158	090	146	194	252	177	146	154	083	132	175	148	262	150	129	155	150	192	112	176	089	173	091	167	238	130	104	101	181	211	168	151
827	10	089	136	179	241	103	141	093	129	189	238	087	162	115	229	143	160	090	140	190	252	173	146	144	077	124	179	142	262	148	129	157	146	180	106	174	083	161	089	161	240	130	104	101	177	205	156	149
827	10	091	138	179	253	103	145	093	149	191	252	087	162	115	229	143	160	102	142	194	254	173	166	152	077	132	183	142	262	150	129	159	146	184	106	176	085	161	091	167	240	132	104	103	181	205	158	153
836	10	089	132	181	241	103	141	103	129	191	238	087	160	115	229	143	156	090	142	194	248	165	152	144	077	122	175	142	260	146	125	155	150	180	110	170	089	165	089	167	238	130	102	103	181	205	142	149
836	10	093	136	187	253	103	145	103	143	191	248	087	162	115	229	143	158	090	148	194	252	173	164	154	081	132	183	148	260	150	129	157	150	192	112	174	089	169	089	167	238	130	102	103	181	205	166	151
837	10	091	138	179	241	103	135	093	129	189	232	087	158	113	225	143	154	090	127	194	246	173	146	154	083	122	165	148	260	146	125	155	146	180	110	170	083	161	085	165	228	130	102	095	181	205	158	149
837	10	099	138	187	249	103	141	093	129	189	252	087	162	115	231	143	160	090	140	194	252	173	152	154	085	122	165	150	262	148	129	155	146	184	112	176	089	165	089	167	242	130	104	099	181	205	166	149
838	10	089	134	179	241	103	135	093	129	191	238	087	162	115	203	143	158	090	127	194	252	167	152	144	081	124	165	138	260	150	125	155	150	184	106	170	085	161	085	167	224	114	102	101	191	207	142	145
838	10	089	134	185	253	103	135	103	129	191	238	089	162	115	227	143	160	090	140	200	252	173	166	154	083	124	165	150	262	150	129	155	150	184	112	174	085	169	085	167	238	130	104	101	191	211	142	151
839	10	089	134	179	253	102	141	089	129	189	232	087	160	108	229	143	158	090	127	194	252	163	146	154	077	124	175	142	260	150	125	155	150	180	110	174	089	165	089	167	228	130	102	095	181	211	166	145
839	10	091	136	181	269	103	141	103	149	189	238	089	162	113	229	143	160	100	146	194	252	167	148	154	077	124	175	148	262	150	129	157	150	192	112	176	095	173	091	167	238	130	104	103	181	211	166	151
840	10	089	134	179	247	103	141	083	129	189	238	087	158	113	225	143	154	090	138	194	252	165	162	154	081	122	181	142	258	150	129	155	146	192	108	170	081	161	089	161	228	130	104	101	181	205	162	149
840	10	091	134	179	253	103	145	083	143	191	250	087	160	115	229	143	156	090	148	202	252	167	162	154	083	124	183	150	262	150	129	157	148	192	112	172	089	173	091	167	240	134	104	103	181	205	166	149
841	10	089	134	181	241	103	135	097	129	191	232	087	158	113	229	143	156	090	127	194	252	173	146	154	083	124	183	138	260	150	129	153	146	180	108	172	083	161	089	167	238	130	102	101	181	205	158	145
841	10	091	138	187	253	103	141	103	129	195	232	087	162	115	229	145	158	090	140	194	252	177	150	156	083	132	183	142	260	150	129	155	150	192	112	172	085	167	091	167	240	130	104	101	181	205	168	153
842	10	089	138	179	247	103	145	103	143	189	238	087	158	113	229	143	160	088	142	194	252	167	152	154	083	122	175	142	260	146	125	155	150	180	110	170	085	161	087	167	238	130	102	099	181	207	158	149
842	10	091	138	181	253	105	145	103	143	195	238	087	170	115	229	143	160	102	146	194	252	173	152	154	083	124	183	142	260	150	131	155	150	198	110	172	089	161	089	167	238	130	104	101	191	207	158	153
843	10	089	136	175	271	103	141	097	129	189	238	087	158	108	229	143	156	090	127	194	252	165	152	156	081	124	175	142	258	146	123	155	146	184	094	170	085	169	085	161	228	130	092	101	181	205	158	145
843	10	089	140	187	271	103	147	103	129	191	238	087	161	108	231	143	158	090	127	194	252	167	152	156	081	132	183	148	260	150	129	155	154	184	106	172	089	173	089	167	228	130	098	103	191	207	166	151
845	10	089	132	179	247	103	135	093	129	189	238	087	134	115	225	143	156	090	142	194	252	177	146	154	081	126	175	142	260	140	125	155	146	180	108	170	089	161	085	167	228	114	104	101	183	205	142	153
845	10	091	134	187	271	104	145	097	141	195	238	087	162	115	227	143	156	102	142	194	252	177	166	156	083	132	181	142	262	150	129	155	150	192	112	172	089	169	085	167	228	132	104	101	191	215	142	153
846	10	089	134	175	247	103	135	103	129	189	232	087	158	108	229	143	158	090	140	188	252	173	152	158	083	124	175	148	260	140	125	155	150	180	112	172	085	165	089	161	228	130	092	103	181	205	142	149
846	10	099	136	179	269	103	141	103	143	195	232	087	160	113	231	143	160	102	142	194	252	177	164	160	083	132	183	150	262	146	129	159	150	184	112	174	089	173	091	167	238	132	104	103	191	205	166	151
847	10	089	132	181	247	103	135	-9	129	189	238	087	158	115	231	143	156	090	127	190	250	165	146	144	081	122	165	138	262	146	127	151	146	180	090	170	089	165	085	167	228	114	104	095	181	205	156	149
847	10	089	134	185	253	103	145	-9	129	195	238	087	160	115	231	145	158	090	150	190	252	175	152	158	083	126	183	142	262	150	129	155	150	180	106	170	089	173	087	167	240	130	104	099	193	207	162	149
848	10	089	132	187	241	103	141	093	129	189	232	089	158	115	229	143	158	100	140	194	246	173	150	144	081	124	165	148	260	146	125	157	146	190	094	170	085	161	081	165	228	130	098	099	181	207	142	151
848	10	091	136	187	269	103	141	103	129	191	238	091	162	115	231	143	158	102	140	194	254	177	152	154	081	124	165	150	262	150	127	157	146	196	108	176	089	165	087	167	236	130	104	101	191	215	166	151
849	10	091	136	179	253	103	141	103	129	189	232	087	158	115	225	143	158	090	127	194	252	177	152	144	077	132	175	142	260	146	127	155	146	184	108	170	089	165	081	167	238	114	092	101	181	205	158	145
849	10	099	138	187	269	103	141	103	133	191	238	089	158	115	229	143	158	090	142	202	252	177	152	160	077	132	181	142	262	150	129	155	150	192	110	176	089	169	089	167	238	128	102	103	181	215	162	151
855	10	089	138	187	241	103	141	093	129	191	238	087	160	115	229	143	158	090	138	194	250	167	146	144	081	124	175	142	260	148	125	155	146	180	110	166	083	161	085	167	238	130	102	099	181	205	142	153
855	10	091	140	187	253	103	145	093	129	195	238	087	160	115	233	143	158	090	142	200	252	177	152	154	081	132	183	148	262	150	129	157	150	196	112	174	095	173	089	167	238	134	102	103	191	215	158	153
793	11	089	136	181	253	103	135	085	129	189	238	089	158	108	229	143	156	090	140	188	252	167	146	154	083	124	165	142	260	150	123	159	148	180	112	168	085	165	089	167	238	130	098	101	181	201	142	149
793	11	091	136	181	269	105	141	093	143	189	238	089	162	115	231	143	158	100	150	200	252	167	158	156	085	132	183	142	262	150	125	159	150	196	112	170	089	173	089	167	238	134	104	103	191	211	166	151
794	11	089	136	179	265	103	135	103	129	191	238	087	154	113	229	143	158	090	127	188	250	173	146	154	081	124	165	142	260	150	125	155	146	184	106	170	085	161	087	167	228	130	098	095	191	205	142	149
794	11	093	136	187	269	103	145	103	129	195	238	087	160	115	229	143	158	100	142	188	252	177	158	154	083	132	175	142	262	152	127	155	150	184	110	172	089	161	089	167	238	132	102	101	191	205	144	153
828	11	091	134	179	269	103	145	093	129	189	238	087	147	115	227	143	158	090	127	194	246	167	152	154	081	124	165	148	260	140	123	155	150	192	106	168	081	161	085	167	238	114	102	095	181	205	142	145
828	11	093	136	185	269	103	145	103	143	195	238	089	160	115	229	143	160	100	140	194	252	173	152	154	081	124	179	150	262	150	129	155	150	196	106	172	089	165	091	167	240	130	102	103	181	211	168	149
829	11	091	134	179	253	103	141	085	129	189	238	087	158	108	231	143	156	090	127	188	252	167	146	-9	077	122	165	142	260	150	125	159	150	180	112	170	085	165	089	167	238	-9	098	101	191	205	166	151
829	11	093	136	181	253	105	145	101	129	189	252	089	162	115	231	147	158	100	150	188	252	173	146	-9	083	124	183	142	262	150	129	159	150	196	112	172	089	169	089	167	238	-9	104	101	191	211	166	151
830	11	089	134	179	247	103	135	085	129	189	238	087	158	113	225	143	156	090	140	188	246	167	152	144	083	132	165	142	262	150	125	155	150	192	106	168	089	161	089	167	238	130	102	101	191	202	166	145
830	11	091	138	187	253	103	145	103	129	191	238	087	160	115	229	143	158	100	140	194	252	175	158	154	083	132	183	142	262	150	125	157	150	196	106	172	089	173	089	167	238	134	102	103	191	205	166	151
831	11	089	138	179	241	103	135	085	129	189	238	089	160	115	229	143	156	090	140	200	252	167	152	144	077	-9	175	142	262	148	129	155	148	184	112	170	085	165	085	167	228	128	102	095	179	205	142	145
831	11	091	138	185	271	103	135	103	143	191	238	091	162	115	229	143	158	102	150	200	252	173	152	154	081	-9	179	142	262	150	129	159	150	192	112	186	085	173	087	167	238	130	104	101	179	211	158	145
832	11	089	136	179	241	103	145	097	129	189	232	087	158	113	227	143	156	090	127	190	252	167	152	144	077	124	165	142	260	146	129	155	150	192	112	170	089	173	089	167	228	130	092	101	181	207	158	149
832	11	089	138	181	253	103	145	103	143	191	238	087	158	115	229	143	156	100	140	194	252	173	166	154	083	132	181	148	262	150	131	157	150	192	112	172	089	173	089	167	228	134	104	101	191	211	168	149
833	11	089	136	179	241	103	145	089	143	189	238	087	161	115	227	-9	158	090	140	194	246	173	152	154	083	124	165	142	260	140	123	155	146	180	108	168	085	161	081	167	238	114	102	095	179	205	142	145
833	11	089	138	187	253	103	145	097	143	191	252	087	162	115	229	-9	158	090	142	194	252	175	152	154	083	132	183	150	262	150	125	157	150	184	112	174	085	165	089	167	238	134	104	103	191	211	166	153
835	11	089	138	179	253	103	145	097	127	189	238	087	160	108	231	143	156	090	127	194	250	177	152	144	081	124	175	142	262	150	125	155	146	180	106	176	089	161	085	167	238	128	098	095	181	207	158	145
835	11	091	138	179	253	103	145	103	129	189	238	089	161	115	231	143	160	090	150	194	252	177	164	144	083	132	183	148	262	150	129	155	146	184	108	176	089	161	087	167	240	130	104	103	181	211	166	151
870	11	089	136	179	253	103	145	103	129	191	238	087	160	113	231	143	158	088	138	190	252	167	146	154	081	124	183	142	260	146	123	155	146	180	106	168	083	173	085	167	228	130	102	095	181	205	142	149
870	11	093	136	181	253	103	145	103	143	191	238	087	162	115	231	143	158	102	140	200	252	167	152	154	083	126	183	148	260	150	123	155	154	196	108	170	089	173	089	167	228	130	104	103	191	211	166	153
871	11	089	136	179	253	103	145	093	129	191	232	087	147	115	229	143	158	090	140	188	246	167	152	154	081	124	179	142	260	150	129	153	146	180	106	168	083	167	081	161	240	114	092	095	181	205	144	149
871	11	089	136	185	269	103	145	103	129	195	238	087	161	115	231	143	158	090	140	194	254	167	152	154	081	124	183	142	262	150	129	159	148	180	112	174	083	173	089	167	240	118	104	103	181	205	144	153
451	12	091	138	185	241	103	141	089	129	191	238	087	162	113	229	143	156	090	140	194	252	173	152	154	081	122	175	142	256	150	125	155	146	180	112	172	085	165	085	167	228	130	096	095	181	205	144	149
451	12	091	138	187	253	103	145	093	129	191	238	087	162	113	229	143	158	090	148	194	252	173	152	154	081	124	179	148	260	150	127	155	150	196	112	174	089	169	087	167	238	130	104	103	181	211	158	153
452	12	089	134	187	253	-9	145	093	129	189	238	087	158	108	229	143	156	090	127	190	252	173	152	154	081	132	165	142	262	146	129	155	146	180	106	172	083	165	089	167	228	128	104	095	177	-9	142	145
452	12	091	138	187	269	-9	145	103	129	189	238	089	162	113	229	143	158	090	138	200	252	177	152	156	085	132	175	142	264	146	129	155	150	180	110	172	089	173	091	167	240	130	104	101	181	-9	144	145
453	12	089	138	175	253	-9	141	083	129	189	232	087	160	108	225	143	156	090	127	188	252	173	142	144	081	124	175	142	260	-9	131	157	150	180	106	172	089	173	085	167	238	128	102	101	181	205	142	145
453	12	089	138	179	269	-9	145	097	149	195	238	089	160	113	229	143	158	090	148	200	252	173	152	144	085	132	183	142	262	-9	131	159	150	192	112	174	089	173	091	167	238	134	102	103	191	207	166	151
454	12	089	136	187	247	103	145	089	129	189	238	087	147	113	229	143	160	090	127	194	252	173	-9	144	083	124	165	142	262	150	123	155	150	180	106	178	089	161	087	167	228	118	102	101	177	201	156	145
454	12	091	142	187	253	103	145	103	143	195	238	089	160	115	233	143	160	102	127	200	252	173	-9	154	083	132	183	148	262	150	129	157	150	192	110	186	089	165	089	167	240	132	104	103	191	205	164	149
455	12	089	136	185	247	-9	141	089	129	189	238	087	159	113	229	143	158	102	127	190	252	173	146	154	081	124	175	142	262	140	123	157	146	180	110	166	085	161	081	167	228	118	104	103	181	-9	142	145
455	12	093	138	187	253	-9	145	103	143	195	238	089	160	115	233	143	160	102	148	200	252	175	152	154	083	132	183	150	262	150	129	157	150	184	112	186	089	165	089	167	240	132	104	103	191	-9	164	145
795	12	089	134	179	253	103	145	093	143	189	232	087	158	108	227	143	158	090	127	194	252	167	142	154	083	124	175	142	260	150	129	155	146	180	106	172	089	165	091	167	228	118	104	101	177	205	166	145
795	12	093	136	187	253	103	145	103	145	195	238	087	158	113	229	143	158	102	140	194	252	175	152	154	083	132	175	142	260	150	129	159	150	196	112	178	095	173	091	167	228	130	104	101	191	205	166	149
796	12	091	138	179	253	103	145	083	129	189	238	087	160	113	229	143	158	090	127	188	252	167	152	154	081	124	183	142	256	150	125	155	150	180	108	172	085	161	089	161	228	130	092	101	181	207	144	149
796	12	093	140	187	253	103	145	083	143	189	238	091	162	115	233	143	158	100	148	194	252	167	152	154	081	132	185	148	262	150	129	155	150	192	110	174	085	165	089	167	238	134	104	103	191	211	158	151
802	12	089	134	179	253	103	135	093	141	195	238	087	158	113	229	143	158	088	138	188	252	167	152	154	081	124	175	138	260	146	123	155	146	180	106	172	083	165	085	167	228	128	102	103	177	205	142	145
802	12	089	138	187	269	103	145	093	149	195	238	087	161	115	229	143	158	102	140	200	252	177	152	160	083	124	175	142	264	146	129	155	150	196	112	172	083	165	089	167	228	130	104	103	181	211	142	145
804	12	089	134	179	253	103	135	097	129	189	238	087	149	113	227	143	160	088	148	190	252	173	152	154	077	124	165	142	260	150	129	155	150	184	106	172	089	161	081	161	228	114	096	095	181	205	142	151
804	12	093	136	181	269	103	145	103	143	189	238	087	158	115	229	143	160	102	148	194	252	175	152	154	083	124	183	142	262	150	129	159	150	192	106	172	089	173	089	167	238	130	102	103	181	207	158	153
805	12	091	136	179	253	103	141	103	129	189	238	087	147	113	225	143	156	090	146	194	244	167	146	154	083	124	175	142	260	140	129	153	146	180	106	170	089	161	089	167	240	130	098	101	181	201	144	145
805	12	091	140	187	253	103	141	103	149	195	252	087	170	115	227	143	158	090	150	194	252	167	158	160	085	132	183	142	260	140	129	157	150	184	108	172	089	169	089	167	240	130	102	103	191	211	158	149
851	12	089	134	181	253	103	141	083	129	189	238	087	158	108	227	143	158	090	138	194	246	167	152	144	081	124	165	142	260	140	129	155	146	180	090	170	085	173	085	161	228	128	102	101	181	205	142	145
851	12	089	134	191	269	103	145	097	129	195	238	089	160	115	227	143	160	102	140	200	246	167	152	144	083	124	165	142	260	150	129	157	150	184	110	172	089	175	085	167	228	134	104	101	181	211	142	149
852	12	089	134	175	253	103	145	083	129	189	232	087	159	113	227	143	156	090	127	190	246	173	152	144	081	124	165	142	260	140	129	157	146	180	112	166	089	173	089	161	238	128	102	101	181	205	142	149
852	12	089	134	181	269	103	145	103	129	195	238	087	160	115	229	143	158	090	140	194	252	173	152	144	083	132	175	142	260	150	129	159	150	184	112	172	089	175	089	167	240	132	102	101	181	207	166	151
854	12	091	134	175	253	103	135	093	133	189	232	087	158	113	225	143	158	090	140	194	246	173	146	154	083	124	175	142	256	146	125	155	150	180	108	170	089	161	081	161	228	130	104	101	181	205	142	143
854	12	093	136	185	269	103	145	097	143	189	232	087	170	115	227	143	160	090	140	194	252	177	152	156	083	124	183	148	260	150	129	155	150	180	110	170	089	173	089	167	238	130	104	101	181	205	158	151
858	12	089	136	179	241	103	145	093	129	189	232	087	147	113	229	143	152	090	148	194	252	167	146	154	077	132	165	142	256	148	129	157	146	192	110	172	089	161	089	167	238	114	102	095	177	201	156	153
858	12	091	140	187	269	103	145	097	129	195	238	087	149	115	229	143	158	102	150	194	252	173	166	160	081	132	165	142	260	150	129	157	150	192	112	174	089	169	089	167	238	132	102	101	181	207	158	153
859	12	089	134	181	253	103	141	093	129	189	232	087	160	108	225	143	158	090	140	194	252	165	146	144	081	124	165	142	260	150	123	155	146	180	112	166	085	161	085	167	228	128	098	095	181	205	144	145
859	12	091	136	187	253	103	141	093	143	191	238	087	162	113	229	143	160	090	142	194	252	173	158	154	083	132	183	150	260	152	129	157	150	184	112	174	089	161	089	167	236	132	102	101	181	207	166	153
860	12	089	134	185	241	103	141	093	129	189	232	087	160	108	227	143	158	090	140	190	252	177	152	144	081	120	175	148	260	150	123	153	150	180	106	172	089	161	081	167	228	130	098	103	181	201	144	149
860	12	091	138	187	253	103	145	103	143	189	232	089	162	113	229	143	160	090	146	194	254	177	158	154	083	132	179	150	262	150	129	157	150	192	108	174	089	169	089	167	238	132	104	103	191	205	168	151
862	12	091	134	179	253	103	135	103	129	191	238	087	158	108	227	143	156	090	127	200	246	173	142	156	077	124	165	138	260	146	129	155	150	180	106	166	089	161	085	167	228	128	104	101	181	205	142	145
862	12	093	136	191	269	103	141	103	129	191	252	089	160	113	229	143	158	090	127	200	252	177	158	160	083	132	165	150	260	150	129	157	150	192	112	172	095	173	091	167	228	130	104	103	181	207	144	149
863	12	089	134	179	253	103	141	083	129	191	232	087	160	113	227	143	158	090	138	190	252	167	152	144	077	124	165	138	262	146	125	153	150	180	106	172	089	161	085	167	228	130	102	101	181	205	142	149
863	12	093	136	191	253	103	145	103	129	195	238	087	162	115	227	143	160	102	146	200	252	173	158	156	083	124	175	142	262	150	129	157	150	192	110	178	089	173	089	167	238	134	104	101	181	205	166	149
450	13	089	134	181	241	103	141	085	129	191	252	087	158	115	225	143	158	088	142	188	252	173	152	154	081	124	175	142	260	146	123	155	150	180	106	170	085	165	085	167	228	130	092	097	181	205	158	149
450	13	091	136	181	271	104	141	103	149	191	254	087	160	115	227	147	158	090	150	194	252	173	152	156	083	132	175	148	262	146	129	157	150	180	106	178	089	173	089	167	238	130	104	103	181	211	166	153
791	13	089	134	181	247	103	135	089	129	189	232	089	158	108	229	143	154	090	138	194	246	167	146	156	077	124	175	142	256	146	129	155	148	196	108	170	083	165	089	167	228	130	096	095	181	205	158	145
791	13	091	140	185	253	103	135	103	129	189	238	089	161	115	229	143	160	100	140	200	250	173	152	160	081	132	183	148	260	150	129	157	150	196	112	176	085	173	091	167	228	130	104	095	191	205	168	149
792	13	089	138	181	253	103	135	085	129	189	238	087	143	113	229	143	156	090	140	188	250	167	156	154	083	122	183	142	260	150	125	155	146	180	090	166	081	161	087	161	236	130	092	097	181	207	142	145
792	13	091	138	187	273	105	135	093	143	189	238	087	149	113	231	143	158	090	148	200	252	177	162	160	083	122	183	148	262	152	129	159	150	180	112	170	089	165	089	165	238	134	096	099	191	211	142	151
803	13	089	134	181	241	103	135	091	129	189	238	087	143	113	229	143	156	090	140	190	250	165	152	154	081	124	165	142	260	140	125	155	146	180	106	168	083	161	081	167	236	114	096	097	181	201	164	149
803	13	089	134	185	271	103	145	103	143	191	254	087	162	115	231	143	158	100	146	194	252	167	166	156	083	132	179	142	262	150	129	157	150	192	106	170	083	173	091	167	240	134	104	099	191	205	168	153
806	13	089	134	179	253	103	135	089	129	195	252	087	158	110	229	143	156	088	127	198	250	173	152	154	083	122	165	142	262	140	127	155	146	184	106	170	083	161	091	161	238	130	096	101	181	207	168	151
806	13	091	136	181	253	103	147	103	129	195	254	087	162	113	231	143	158	090	140	200	252	173	158	154	083	126	183	150	262	148	129	155	146	196	108	172	089	173	091	161	238	130	104	101	181	211	170	153
807	13	091	136	179	247	103	135	097	129	189	232	087	162	113	225	143	158	090	127	188	252	163	152	156	081	122	175	142	260	146	121	155	146	180	110	172	089	165	085	167	228	114	092	103	181	205	168	149
807	13	093	136	187	253	103	145	103	129	189	238	089	170	115	229	143	158	090	138	194	254	177	158	156	083	124	183	148	260	146	125	155	150	190	112	176	089	173	089	167	240	130	092	103	191	205	168	153
808	13	089	140	179	241	103	145	097	129	189	232	087	158	115	225	143	158	090	140	194	252	167	146	154	081	124	175	142	262	146	127	155	150	180	106	168	089	161	085	167	228	114	092	095	181	205	142	153
808	13	093	140	179	253	103	145	103	143	189	232	087	162	115	229	143	158	090	148	194	252	167	158	154	083	124	179	150	262	150	129	159	150	184	110	170	089	165	089	167	240	130	092	101	191	211	142	153
809	13	089	134	179	241	103	135	093	141	191	238	087	160	108	227	143	156	090	127	194	252	165	150	144	081	124	165	142	260	140	125	159	146	184	106	170	089	173	085	161	238	130	102	101	181	207	162	149
809	13	091	138	181	253	103	135	097	143	191	238	087	162	113	231	143	156	090	140	194	254	165	158	160	083	132	179	148	262	150	129	159	150	196	112	172	089	173	089	167	238	130	104	101	181	211	168	149
810	13	089	136	187	241	103	135	093	129	189	232	087	160	113	225	143	158	090	140	188	250	167	152	156	083	132	175	142	262	146	125	155	146	180	110	170	083	161	081	161	228	130	092	095	181	205	162	147
810	13	091	140	187	241	103	141	093	143	191	238	089	162	115	229	143	158	102	140	200	250	173	166	156	083	132	183	148	262	150	129	155	150	192	110	172	089	173	085	167	236	134	092	103	181	207	164	149
811	13	091	134	185	241	103	135	089	129	189	238	087	160	113	213	143	154	088	142	194	252	173	152	154	083	124	165	142	260	146	125	155	146	180	110	168	083	165	085	167	236	130	098	099	181	205	158	149
811	13	091	136	187	253	105	145	097	149	191	238	087	162	113	229	143	156	090	148	194	252	177	152	156	083	124	165	148	260	150	129	155	150	184	112	168	089	173	089	167	238	130	104	103	191	211	170	149
812	13	089	136	175	241	103	135	097	129	191	238	087	154	108	229	143	156	100	142	194	252	167	146	154	081	124	175	148	256	140	125	155	146	180	106	170	089	173	089	167	228	118	104	101	181	205	142	145
812	13	089	142	187	253	103	141	097	141	195	238	087	162	115	231	143	158	102	142	194	252	175	150	154	083	132	183	150	262	150	129	155	154	196	108	176	095	173	091	167	238	134	104	103	191	205	166	149
813	13	089	136	181	247	103	141	089	129	189	238	087	161	108	227	143	156	090	140	194	252	167	146	154	081	122	175	142	260	146	127	155	146	180	110	166	089	161	085	161	228	130	104	095	181	205	142	151
813	13	089	136	187	271	103	145	103	129	191	238	087	162	115	227	143	158	090	150	200	252	175	152	160	083	126	179	142	262	150	131	157	150	198	112	172	089	161	089	161	240	134	104	101	191	205	162	151
814	13	089	138	179	253	103	135	089	129	191	238	087	160	108	225	143	158	090	148	190	252	167	146	156	081	124	175	142	260	150	125	155	148	180	110	168	089	165	089	167	228	130	098	099	181	207	142	145
814	13	091	138	185	269	103	145	103	143	195	238	087	160	115	231	143	158	102	150	194	252	177	158	160	081	124	181	142	262	150	129	155	150	180	112	168	089	167	089	167	238	134	102	103	191	211	142	153
834	13	089	134	187	253	103	135	093	129	189	238	085	158	115	229	143	154	090	140	194	252	173	152	154	081	124	165	142	260	146	123	155	150	180	110	168	083	161	085	161	228	114	092	101	181	205	158	143
834	13	089	140	187	269	103	141	093	143	191	238	087	161	115	233	143	158	090	142	202	252	177	164	154	083	124	165	148	260	150	129	157	150	196	112	176	089	169	089	165	240	130	104	101	181	207	168	145
844	13	089	136	179	253	103	135	103	129	189	232	089	160	113	229	143	158	090	127	194	252	173	152	154	083	132	165	138	260	150	129	155	146	180	106	170	085	161	085	161	228	130	092	101	181	205	168	153
844	13	091	138	187	269	103	141	103	129	189	238	089	162	115	229	143	158	090	146	194	252	177	152	154	085	132	179	142	262	150	129	159	148	196	112	172	085	169	089	167	228	130	104	103	191	205	168	153
850	13	089	134	175	253	103	145	097	129	195	238	087	149	113	229	143	156	090	140	188	246	173	152	154	081	124	175	138	260	140	123	153	146	180	108	168	089	161	085	161	240	118	102	095	181	205	156	145
850	13	089	138	187	269	103	145	103	143	195	250	089	160	113	231	145	158	090	140	194	254	175	158	154	083	124	179	142	262	148	129	155	154	180	112	170	089	161	089	167	240	134	104	103	191	211	168	149
856	13	089	136	175	247	103	135	089	129	189	238	087	160	113	227	143	158	088	140	194	252	167	152	154	081	124	183	138	262	140	129	151	150	180	106	170	089	161	085	161	228	130	096	101	191	205	164	145
856	13	091	140	179	253	103	145	093	133	195	238	087	170	115	227	147	160	100	140	194	252	175	158	154	081	124	183	150	262	140	129	159	150	192	108	178	089	173	089	167	240	130	098	101	191	207	168	145
857	13	089	134	185	253	103	135	097	143	193	238	087	160	115	231	143	156	090	127	188	252	175	152	156	083	124	165	138	260	146	127	155	146	184	090	168	085	161	085	161	228	118	092	101	181	207	142	149
857	13	091	136	185	269	103	137	099	143	195	238	089	161	115	231	143	158	090	127	194	252	177	158	160	083	124	175	142	262	150	129	155	150	196	108	172	085	173	091	161	228	132	098	103	191	211	164	153
861	13	089	136	179	253	103	141	103	129	191	238	087	160	115	229	143	156	090	140	188	244	167	146	154	083	124	165	142	260	140	129	159	146	180	106	174	085	161	089	161	228	130	102	095	181	205	142	151
861	13	091	138	187	253	103	145	103	129	195	238	087	160	115	229	143	158	100	142	194	252	173	156	154	083	132	175	142	262	150	129	159	150	196	106	174	089	165	091	167	228	134	102	095	181	211	162	153
864	13	089	136	179	245	103	135	091	129	189	238	087	160	113	225	143	158	090	142	188	246	173	152	144	081	124	183	148	260	146	125	155	150	184	108	172	081	165	085	167	228	132	098	099	177	205	158	153
864	13	091	138	185	269	103	141	097	129	191	254	087	160	113	229	157	158	102	146	188	252	177	152	156	081	132	183	148	260	150	125	155	150	184	110	172	085	173	089	167	238	134	104	101	189	207	166	153
865	13	089	136	179	241	103	135	097	129	189	238	087	158	108	229	143	156	090	127	188	252	173	146	144	081	124	183	142	262	150	129	153	146	180	106	166	089	161	089	161	238	118	102	101	181	205	142	153
865	13	091	138	187	253	103	141	103	141	191	238	087	162	115	231	143	158	100	142	190	252	177	152	154	081	124	183	148	262	150	129	159	150	184	110	176	089	161	089	167	238	132	104	103	181	215	158	153
866	13	089	134	181	241	103	135	083	129	191	238	087	161	113	227	143	158	090	127	194	252	173	146	154	081	122	175	142	260	146	125	155	146	180	106	168	085	173	087	167	228	134	104	101	181	205	142	149
866	13	091	138	187	249	105	145	089	129	195	238	087	162	115	229	143	158	090	140	194	252	175	164	156	081	132	183	150	262	150	129	157	150	180	110	172	089	173	089	167	238	134	104	101	191	215	158	149
867	13	089	138	181	253	103	135	093	143	189	232	087	158	113	225	143	154	090	140	194	250	163	152	144	077	124	165	148	260	148	125	155	150	180	106	170	089	161	085	161	228	114	092	101	181	207	158	149
867	13	091	138	181	253	103	145	097	143	191	252	087	161	113	229	143	158	090	146	194	252	177	166	154	081	132	183	150	262	150	129	157	150	184	110	172	095	165	089	167	236	130	104	103	191	207	170	151
868	13	091	134	179	269	103	141	097	129	189	252	089	160	108	227	143	156	090	140	194	252	167	146	154	081	124	165	142	262	146	123	153	150	180	106	170	085	161	087	161	228	130	102	099	181	205	142	145
868	13	091	138	191	271	103	145	105	143	189	252	091	162	115	229	143	156	090	142	200	252	173	166	154	081	124	181	148	262	150	129	157	154	198	110	174	089	161	087	167	238	134	104	103	191	205	158	153
869	13	089	136	175	241	103	137	089	129	189	238	087	160	108	225	143	154	090	127	194	252	177	148	144	083	124	175	138	260	146	125	155	150	184	106	170	085	161	085	167	238	130	092	095	181	205	142	151
869	13	091	138	185	269	103	141	103	149	191	250	087	162	115	233	143	158	090	150	200	254	177	152	154	083	124	183	148	260	150	127	155	150	196	106	176	091	161	087	167	238	130	098	095	181	205	168	153
004	14	089	136	187	253	103	145	103	129	191	232	087	160	115	227	143	158	090	127	188	252	165	146	144	083	124	165	142	260	146	125	153	150	180	106	172	083	161	085	167	228	128	102	095	181	205	158	149
004	14	091	138	187	269	103	145	103	129	195	232	091	162	115	229	143	158	102	138	194	252	173	162	154	083	132	183	150	262	150	125	157	150	192	106	172	085	173	089	167	238	134	104	095	181	205	166	153
008	14	089	140	187	253	103	141	093	129	189	238	087	158	115	225	143	158	090	127	188	252	175	152	144	081	122	183	142	260	150	123	153	146	192	106	172	089	161	087	167	238	122	102	095	181	205	142	145
008	14	089	140	187	253	105	141	103	143	191	252	089	162	115	229	143	158	102	127	194	252	177	158	160	081	124	183	148	260	150	125	155	150	192	106	172	089	173	091	167	238	132	104	095	181	211	142	149
013	14	091	136	187	253	103	135	097	129	189	238	087	162	115	227	143	158	090	138	194	252	167	152	154	081	122	183	142	262	150	125	155	146	180	108	170	083	161	089	167	228	128	102	101	181	201	142	149
013	14	093	140	187	269	103	141	097	129	191	250	089	162	115	229	143	160	102	140	194	252	177	166	160	083	124	183	148	262	150	129	155	146	180	110	172	089	173	091	167	238	130	104	103	181	207	166	149
109	14	093	132	187	247	103	141	103	129	191	232	087	160	115	229	143	156	090	142	188	254	167	164	154	081	132	183	142	260	150	129	155	150	180	106	168	083	165	089	161	228	130	098	095	181	207	166	149
109	14	093	136	187	269	103	141	103	143	191	252	087	162	115	229	143	156	102	146	194	254	167	166	156	083	132	183	148	260	150	129	155	150	192	106	174	083	173	089	167	228	134	106	095	181	207	168	153
348	14	089	134	175	253	103	145	097	129	189	238	087	160	108	221	143	158	090	138	194	246	167	152	154	081	132	165	142	262	146	129	153	150	180	106	170	089	161	089	167	228	128	104	095	181	205	142	149
348	14	093	136	179	269	103	145	097	143	189	238	089	160	108	227	143	158	102	140	194	252	175	158	160	083	136	175	142	264	150	131	155	150	192	112	172	095	173	091	167	228	130	104	101	191	207	158	149
014	2	089	136	181	253	103	135	089	129	189	232	087	147	113	229	143	158	090	142	188	244	167	146	154	083	126	183	142	260	140	125	153	146	196	106	170	085	159	087	167	228	130	102	095	181	205	166	149
014	2	089	136	187	253	103	141	103	129	191	238	089	158	115	229	143	158	102	146	194	250	167	152	154	085	132	183	142	262	150	125	155	146	198	106	172	089	165	089	167	228	132	104	099	191	215	168	151
015	2	091	136	179	241	103	135	089	141	189	232	087	158	113	225	143	158	090	142	190	252	177	146	144	081	122	175	142	260	146	125	155	150	184	112	170	089	161	081	161	228	130	092	101	181	207	168	151
015	2	093	138	179	253	103	141	103	149	195	252	089	158	115	231	143	160	090	142	194	252	177	154	154	083	132	183	142	262	150	129	157	150	196	112	172	095	169	089	167	228	132	104	101	181	211	168	153
016	2	089	136	179	253	103	141	093	129	191	238	087	158	108	229	143	158	090	127	194	252	167	146	154	077	124	175	142	262	150	123	155	146	180	110	166	089	165	087	167	228	128	098	095	181	205	144	149
016	2	089	136	187	269	103	141	097	143	195	238	089	162	115	233	143	158	090	127	194	252	173	166	156	081	132	175	148	262	150	125	159	150	184	110	172	089	169	089	167	236	130	102	103	181	215	166	151
017	2	089	134	179	249	103	135	085	129	191	238	087	158	115	229	143	156	090	142	190	252	173	152	144	077	132	175	142	260	150	125	155	150	184	106	170	085	161	089	167	228	114	098	095	181	207	158	151
017	2	091	136	179	269	103	141	089	129	191	238	087	160	115	229	143	156	090	148	194	252	173	164	160	083	132	175	142	262	150	125	157	150	196	112	172	089	169	089	167	236	130	102	101	181	211	166	153
018	2	089	136	179	253	103	141	093	129	191	238	087	147	115	229	143	158	090	140	190	252	165	152	144	081	132	179	138	260	140	123	155	150	180	110	170	085	161	089	167	228	114	098	095	181	211	142	145
018	2	091	140	187	269	103	141	097	143	191	252	089	158	115	229	143	158	090	142	190	252	177	152	144	083	132	183	142	262	150	129	155	150	196	112	172	089	165	089	167	236	130	104	095	181	211	166	153
023	2	089	136	181	253	103	141	097	129	189	232	087	158	113	229	143	158	090	127	190	252	167	152	154	083	132	179	142	260	140	125	155	148	180	106	170	085	161	085	167	224	130	098	099	177	211	144	151
023	2	091	138	187	253	103	145	103	143	191	238	089	160	115	229	143	158	102	148	190	252	173	152	160	083	132	179	142	262	150	129	157	150	180	112	176	089	165	089	167	238	130	104	101	191	215	166	151
025	2	089	136	179	253	103	135	097	129	191	232	087	160	108	229	143	158	090	127	194	252	173	152	154	077	124	165	138	256	150	123	159	150	180	112	172	089	161	089	167	228	114	102	095	177	205	142	145
025	2	091	138	187	253	103	135	103	149	191	238	091	162	113	229	143	158	090	142	194	252	177	152	160	083	124	183	142	262	150	123	159	150	180	112	178	089	165	089	167	238	130	104	103	181	207	168	149
026	2	089	134	179	253	103	141	093	129	191	232	087	160	113	233	143	158	090	140	190	252	167	152	144	083	132	175	142	262	150	129	155	146	196	110	166	083	161	089	167	228	130	102	095	181	205	144	147
026	2	091	136	187	253	103	141	097	129	191	232	087	162	115	233	143	160	090	142	194	252	177	166	154	083	132	183	148	262	150	129	159	150	196	110	166	089	165	089	167	228	132	102	103	181	205	166	153
027	2	089	134	181	241	103	141	091	129	189	232	087	147	115	225	143	156	090	140	194	250	173	146	154	077	124	183	142	262	150	125	155	148	196	110	170	083	161	087	165	228	114	098	095	181	205	158	149
027	2	093	136	181	253	103	145	103	141	191	238	087	158	115	229	157	158	090	142	194	252	173	152	154	083	132	183	142	262	150	125	157	150	196	112	172	095	165	089	167	238	128	102	101	181	211	166	153
028	2	089	136	181	253	103	141	093	129	191	238	087	158	113	229	143	158	090	127	188	252	167	146	154	083	124	175	142	262	140	125	155	148	184	106	170	085	165	085	167	228	114	096	101	181	205	166	151
028	2	091	136	187	253	103	147	097	129	195	252	089	162	115	229	143	158	090	148	190	252	177	152	154	085	132	183	142	262	140	129	157	150	194	112	172	089	169	089	167	228	130	098	103	191	211	168	153
029	2	089	136	179	253	103	135	093	129	189	238	087	158	108	227	143	156	090	127	194	252	173	152	152	077	132	165	142	260	146	125	155	148	180	112	166	089	159	085	161	228	128	102	103	181	205	142	153
029	2	089	138	187	269	103	141	097	129	191	252	089	158	115	229	143	156	090	142	194	252	177	152	156	085	132	175	142	260	150	129	157	150	180	112	172	089	165	091	167	228	130	104	103	181	205	168	153
030	2	089	136	187	253	103	141	097	129	189	238	087	160	115	229	143	158	090	127	190	252	173	152	158	077	124	183	142	260	150	125	155	146	180	106	170	085	161	089	167	224	130	104	099	181	205	142	151
030	2	091	136	187	253	103	141	103	149	191	238	089	160	115	229	143	160	090	142	194	252	177	152	160	083	124	183	148	262	150	129	155	150	180	112	176	089	173	089	167	224	132	104	101	191	211	166	153
031	2	091	136	179	249	103	141	085	143	189	232	087	158	108	229	143	158	090	127	190	250	165	146	158	081	132	165	142	260	140	125	155	146	196	112	166	089	159	089	167	228	128	102	101	181	205	142	151
031	2	091	136	187	271	103	141	097	149	191	238	087	160	108	229	143	158	102	148	194	252	167	146	160	083	132	165	142	262	150	125	155	150	196	112	170	089	165	089	167	236	132	102	101	191	211	166	153
032	2	089	136	187	253	103	135	093	129	191	232	087	147	113	227	143	154	090	140	188	252	167	152	154	083	124	165	138	260	150	123	157	146	180	090	172	085	159	089	167	236	130	102	101	181	207	158	145
032	2	093	136	187	253	103	145	093	141	195	232	089	158	115	227	143	158	102	142	188	252	173	152	154	083	124	183	148	262	150	125	159	150	194	112	172	095	173	089	167	236	132	102	101	181	211	166	145
035	2	089	136	179	253	103	141	093	129	191	232	087	158	108	229	143	156	090	142	190	252	167	146	154	081	124	165	142	262	140	125	157	148	180	106	166	085	161	081	167	228	128	102	101	177	205	144	145
035	2	091	138	187	253	103	141	097	141	191	238	089	160	115	229	143	158	102	142	190	252	177	146	158	083	132	175	142	262	146	125	157	150	184	110	172	089	169	089	167	228	132	104	101	181	205	168	151
037	2	089	134	179	253	103	141	093	129	195	232	087	158	115	225	143	156	102	142	190	252	177	152	154	077	124	183	142	260	140	125	155	146	180	106	170	085	161	087	167	224	128	098	099	181	211	166	151
037	2	093	136	187	253	103	141	103	129	195	238	089	162	115	229	143	158	102	142	190	252	177	152	160	083	132	183	142	260	150	129	155	150	196	110	170	089	165	089	167	228	132	104	101	191	211	166	151
038	2	089	136	187	253	103	141	093	129	191	238	089	162	115	231	143	156	090	142	190	252	167	152	144	083	132	165	138	256	140	129	155	150	180	112	170	089	161	089	167	228	114	102	095	177	207	142	145
038	2	091	140	187	253	103	145	103	143	195	252	091	162	115	233	143	158	102	148	190	252	177	152	154	083	132	183	138	262	140	129	157	150	198	112	172	089	165	089	167	238	130	104	103	181	211	166	145
039	2	089	136	179	241	103	135	093	141	191	232	087	158	113	227	143	158	090	127	190	252	167	146	154	077	124	175	142	262	150	125	155	150	180	110	166	089	161	087	167	236	130	098	095	181	205	142	151
039	2	091	138	187	269	103	141	093	141	191	238	089	158	115	229	143	158	090	142	194	252	177	166	154	081	132	183	148	262	150	129	157	150	198	112	170	095	165	089	167	238	130	098	101	181	215	144	151
040	2	089	136	179	253	103	145	097	129	189	238	087	147	108	229	143	158	090	127	190	250	167	146	154	077	122	175	138	262	146	123	153	150	196	110	166	085	161	089	167	228	130	102	099	181	205	168	149
040	2	091	138	179	271	103	147	097	129	191	238	087	158	108	231	143	158	090	127	194	252	177	152	154	081	132	183	142	262	150	129	155	150	198	112	176	089	165	091	167	238	130	104	101	191	211	168	151
041	2	089	136	179	253	103	141	093	129	191	238	087	147	108	229	143	156	090	142	194	250	173	152	154	081	124	175	142	262	150	129	155	150	180	106	166	085	161	089	167	224	130	098	095	177	205	144	153
041	2	091	138	187	271	103	145	103	129	195	238	087	147	113	231	143	160	102	142	194	252	173	152	154	081	124	179	142	262	150	129	155	150	198	110	176	095	165	091	167	238	132	104	101	181	215	168	153
043	2	089	136	181	241	103	141	093	129	191	232	087	158	113	229	143	158	090	127	194	252	173	146	154	077	124	175	142	260	150	125	157	150	180	106	166	089	165	089	167	228	128	092	095	181	205	144	147
043	2	089	136	187	253	103	141	097	129	191	238	091	162	115	233	143	160	090	148	194	252	177	166	154	083	132	183	142	260	150	129	159	150	196	110	172	089	165	089	167	238	132	102	103	181	205	144	151
045	2	091	136	187	253	103	135	093	129	189	232	087	147	113	229	143	156	090	127	194	246	177	146	152	077	132	175	142	260	140	125	157	150	180	110	166	089	165	089	167	228	130	102	095	181	205	142	149
045	2	091	138	187	269	103	141	103	141	191	238	087	162	115	229	143	160	102	142	194	252	177	152	154	083	132	175	148	260	150	125	159	150	180	112	178	089	165	089	167	228	132	102	103	181	211	166	151
046	2	091	134	179	253	103	135	097	129	189	232	087	158	113	227	143	158	090	140	190	244	167	146	144	077	124	175	148	260	146	123	155	150	180	110	166	089	161	089	161	228	130	096	095	181	205	144	151
046	2	091	138	187	271	103	145	097	129	195	252	089	158	115	229	143	158	090	140	194	252	167	146	156	081	132	175	148	262	150	129	159	150	184	110	170	089	161	089	167	228	130	102	103	191	205	144	153
047	2	091	136	179	249	103	141	103	129	191	232	087	162	115	229	143	158	088	127	190	252	167	146	154	077	132	183	142	260	148	125	157	150	184	106	170	089	159	087	167	236	132	098	095	181	205	166	151
047	2	091	138	187	249	103	145	103	149	191	238	087	170	115	229	143	160	090	140	194	252	167	152	154	083	132	183	142	260	150	125	157	150	196	112	170	089	161	089	167	238	132	102	101	191	211	166	153
050	2	089	134	181	253	103	141	093	129	191	232	087	160	113	229	143	158	090	142	194	252	173	152	144	077	124	165	138	262	150	129	155	150	196	110	172	089	161	089	167	228	128	096	101	181	205	144	145
050	2	091	136	187	253	103	141	103	149	191	232	091	162	115	229	143	160	102	148	194	252	177	154	160	085	132	183	142	262	150	129	159	150	198	112	176	089	169	089	167	228	130	102	101	191	205	144	153
052	2	089	134	179	253	103	135	093	129	189	232	087	162	108	227	143	156	102	127	194	252	167	152	154	081	124	175	138	260	146	125	153	150	180	110	170	089	161	089	167	238	130	092	095	181	205	144	153
052	2	089	138	187	269	104	141	093	141	191	232	089	162	113	229	143	160	102	142	194	252	173	166	154	083	132	183	142	262	150	125	155	150	180	110	172	089	165	089	167	238	132	098	101	181	205	166	153
053	2	089	136	187	249	103	141	093	129	191	238	087	160	108	225	143	158	090	138	188	250	173	146	154	081	124	175	142	262	150	125	157	150	180	110	172	089	161	089	167	228	130	092	101	177	211	142	153
053	2	089	136	187	253	103	141	097	149	191	238	087	160	115	227	143	158	102	142	190	252	173	152	156	083	124	183	142	262	150	129	157	150	196	112	176	089	169	089	167	238	132	098	101	181	215	144	153
054	2	089	134	179	249	103	141	093	129	191	238	087	158	108	229	143	154	090	127	194	252	167	166	154	083	124	183	142	260	140	129	155	150	180	106	170	085	161	089	167	228	128	098	103	177	205	166	145
054	2	091	140	179	253	103	141	103	149	191	238	087	160	115	233	143	160	090	127	194	252	173	166	160	083	124	183	148	262	150	129	155	150	180	112	176	089	161	089	167	228	134	102	103	181	205	168	151
055	2	091	136	179	253	103	141	093	129	191	238	087	158	108	229	143	160	090	127	188	252	173	166	154	077	124	179	138	262	146	125	155	146	180	110	170	089	161	089	167	228	128	098	095	181	207	144	145
055	2	091	138	187	253	103	141	103	129	191	238	087	158	113	229	143	160	102	127	194	254	177	166	154	083	132	183	142	262	150	125	155	146	184	112	172	089	165	089	167	228	132	098	103	181	211	158	153
056	2	093	136	179	253	103	135	093	129	189	238	089	158	108	227	143	158	088	140	194	252	167	146	154	081	132	175	142	260	150	125	155	150	180	110	172	089	161	089	167	228	128	102	101	181	201	142	151
056	2	093	136	187	269	103	135	103	129	191	252	089	158	108	231	143	158	090	140	194	252	177	152	160	083	132	183	142	262	150	129	155	150	196	110	178	095	161	089	167	228	130	102	103	191	207	166	151
057	2	089	134	187	253	103	135	093	129	189	238	087	158	115	229	143	156	090	142	194	250	167	152	144	081	122	175	142	262	150	125	155	150	180	110	166	085	161	081	161	228	114	102	101	177	205	144	149
057	2	089	138	187	271	103	147	097	149	191	238	087	158	115	229	143	158	102	142	194	252	173	152	154	085	124	179	150	262	150	129	159	150	198	112	172	089	165	089	167	228	130	104	103	181	215	166	153
058	2	089	134	187	253	103	141	091	129	189	238	087	158	113	229	143	158	090	142	188	252	167	152	154	083	124	183	142	260	150	125	153	146	180	106	170	083	161	089	167	224	130	098	101	191	207	142	151
058	2	089	138	187	253	103	141	103	141	195	254	089	160	115	233	143	160	102	148	190	252	177	152	160	083	124	183	142	262	150	129	155	150	180	112	172	095	173	089	167	228	130	104	103	191	215	166	151
059	2	091	136	179	253	103	135	097	141	189	232	087	158	115	227	143	154	090	127	190	252	167	152	154	083	124	165	142	256	140	125	155	148	180	110	166	085	161	089	167	238	130	092	101	177	205	142	145
059	2	093	136	181	253	103	145	103	149	191	232	087	160	115	229	143	156	102	140	194	252	175	152	154	083	132	165	142	260	150	125	155	150	198	112	170	085	165	089	167	238	130	102	103	181	215	166	145
060	2	089	136	179	253	103	141	089	129	191	232	087	158	115	227	143	158	090	127	194	252	167	146	154	077	132	175	142	262	140	125	155	150	180	110	166	089	161	081	167	236	128	098	095	181	205	142	149
060	2	089	136	181	269	103	145	097	129	191	238	089	158	115	229	143	158	090	148	194	252	177	146	156	085	132	183	142	262	150	125	157	150	196	110	172	089	165	087	167	238	130	098	103	181	207	168	151
350	2	089	138	179	253	103	135	089	129	191	232	089	147	113	229	143	156	090	142	190	244	177	146	144	077	126	165	138	262	150	123	157	150	180	106	172	089	173	085	167	228	130	096	101	181	205	166	145
350	2	091	138	187	253	103	141	091	129	191	232	089	162	115	233	143	158	090	142	190	244	177	154	154	081	132	175	138	262	150	129	157	150	180	110	172	089	173	089	167	228	130	096	103	181	205	166	149
351	2	091	136	187	253	103	141	103	129	195	238	087	162	113	225	143	158	090	142	194	252	167	152	154	083	124	175	138	260	146	129	153	150	180	112	166	089	161	089	167	228	114	098	101	181	205	168	151
351	2	091	140	187	269	103	145	103	129	195	238	089	162	113	229	143	158	090	142	194	252	177	152	160	083	124	183	142	262	150	129	155	150	180	112	176	089	165	089	167	238	130	102	103	191	215	168	153
354	2	089	136	187	241	103	141	093	129	191	232	087	147	108	225	143	158	090	127	190	252	167	146	144	083	132	165	142	256	150	125	155	146	184	112	172	089	165	089	167	228	130	096	101	181	205	144	145
354	2	091	136	187	241	103	141	093	141	191	252	087	158	115	233	143	160	090	142	194	252	173	166	154	083	132	175	142	262	150	125	155	150	184	112	172	089	173	089	167	228	132	102	103	191	207	158	151
374	2	089	136	187	253	103	141	089	129	189	232	087	158	113	225	143	156	102	140	190	246	167	152	154	077	124	165	142	260	140	125	155	146	196	112	170	089	165	087	167	228	130	102	095	181	207	142	151
374	2	089	140	187	269	103	147	097	129	189	238	087	162	115	229	143	158	102	148	194	252	177	166	160	081	124	183	148	262	146	129	155	148	196	112	178	089	165	089	167	228	130	104	103	181	215	144	153
378	2	089	134	179	253	103	145	097	129	189	232	087	158	108	229	143	158	090	127	190	252	167	152	154	077	132	175	142	260	148	123	155	150	180	110	172	089	165	089	167	228	130	104	101	181	205	144	145
378	2	091	138	179	271	103	147	103	141	195	238	089	162	115	229	143	158	102	127	194	252	173	152	154	081	132	183	142	262	150	129	155	150	198	110	176	089	165	089	167	238	132	104	103	191	207	168	149
381	2	091	134	179	253	103	135	093	129	189	232	087	158	115	225	143	156	090	140	190	252	173	152	144	077	132	183	142	260	150	125	155	148	180	110	170	089	161	087	167	224	128	102	095	181	211	166	151
381	2	093	138	179	253	103	141	093	149	195	252	089	170	115	231	143	158	102	142	194	252	177	152	154	081	132	183	142	262	150	125	157	150	196	112	176	089	161	089	167	238	132	104	101	181	211	166	151
382	2	091	136	187	241	103	135	097	129	189	232	087	158	115	229	143	156	090	127	190	250	167	152	154	077	132	175	142	260	150	123	155	146	196	106	172	085	161	085	167	236	114	098	095	181	201	142	151
382	2	091	136	187	253	103	145	103	149	191	232	089	158	115	231	143	158	102	142	190	250	177	152	160	077	132	175	148	260	150	125	159	150	196	106	176	089	161	089	167	238	130	104	101	181	211	166	153
384	2	089	136	181	253	103	141	097	129	191	232	091	160	115	229	143	158	088	142	190	250	167	152	144	083	124	165	142	262	150	125	153	150	180	110	172	083	161	089	167	228	130	092	101	181	205	144	145
384	2	091	136	187	253	103	141	103	149	191	238	091	162	115	231	143	160	090	148	194	252	173	166	160	085	124	175	148	262	150	129	159	150	196	112	176	089	165	089	167	238	130	102	103	191	205	144	147
555	2	089	136	179	253	103	135	093	129	189	238	087	158	108	227	143	154	090	142	188	250	167	146	154	077	124	165	148	260	148	125	155	146	180	106	166	089	161	087	167	236	130	092	095	181	201	158	149
555	2	089	138	181	253	103	141	103	129	191	252	091	162	115	229	143	158	102	148	190	252	177	146	158	081	132	183	148	262	150	129	155	150	184	112	170	089	165	089	167	238	132	102	095	181	207	166	153
671	2	089	134	179	269	103	141	097	129	189	232	087	160	108	229	143	156	090	142	194	244	167	146	154	077	122	165	142	260	148	123	151	150	180	110	172	085	161	085	167	228	128	102	101	181	205	168	145
671	2	089	138	179	269	103	141	103	129	191	232	089	161	115	229	143	156	090	148	194	252	177	154	154	083	132	175	148	262	150	129	155	150	180	112	172	089	173	089	167	228	134	104	103	181	205	168	153
672	2	089	134	181	253	103	141	097	129	189	238	087	158	113	227	143	158	090	140	190	252	175	150	144	083	124	183	142	262	140	129	155	150	196	106	166	089	161	089	167	228	128	102	103	177	205	142	145
672	2	093	134	187	253	103	141	097	129	191	238	091	162	113	229	143	158	090	142	190	252	175	152	154	083	132	183	142	262	150	129	159	150	198	112	166	089	161	089	167	228	130	102	103	181	211	144	149
705	2	089	134	187	253	103	141	097	129	189	238	087	160	115	227	143	158	090	142	190	252	173	152	144	077	132	175	142	262	150	125	155	150	180	112	170	089	161	087	167	228	128	102	095	181	205	142	145
705	2	089	138	187	253	103	141	103	129	191	252	091	160	115	229	143	160	090	148	194	252	175	152	160	083	132	183	142	262	150	129	155	150	184	112	172	095	161	089	167	238	132	102	103	191	207	166	145
706	2	089	136	187	253	103	141	097	129	191	232	087	158	115	229	143	158	090	127	188	252	167	152	154	077	132	165	142	262	148	129	155	148	196	112	170	089	165	089	167	228	130	102	095	181	205	142	151
706	2	091	136	187	253	104	141	103	141	191	238	087	162	115	229	143	158	102	148	194	252	173	154	154	081	132	183	148	262	150	129	155	150	196	112	176	095	173	089	167	238	130	102	101	181	205	166	153
707	2	089	136	179	253	103	141	091	129	191	238	087	158	108	225	143	156	090	138	194	252	167	146	144	083	132	175	142	256	150	125	155	150	184	110	166	085	161	087	167	236	130	098	095	181	205	144	151
707	2	091	138	187	271	103	145	103	149	191	238	087	160	113	233	143	156	102	142	194	252	167	152	154	083	132	179	148	262	150	129	157	150	196	112	172	089	161	089	167	238	132	098	101	181	205	166	151
708	2	089	136	187	253	103	141	101	129	195	252	087	158	115	227	143	154	090	127	188	250	173	146	154	081	124	165	138	262	150	129	155	150	180	106	166	089	165	089	167	228	130	092	095	191	201	158	153
708	2	091	138	187	253	103	147	103	131	195	252	087	162	115	231	143	160	102	142	194	252	173	146	154	083	132	175	142	262	150	129	155	150	180	112	172	095	169	089	167	236	130	104	095	191	207	168	153
758	2	089	134	179	241	103	135	093	129	189	232	087	147	108	225	143	158	090	127	188	252	167	152	144	077	124	165	142	262	146	125	155	150	180	106	172	089	169	087	167	228	114	098	101	181	201	144	151
758	2	089	136	181	253	103	145	093	129	191	238	089	162	115	229	143	160	090	142	194	252	173	152	154	077	132	175	148	262	150	125	155	150	180	112	172	089	173	089	167	238	130	102	103	191	205	158	153
759	2	089	136	181	249	103	141	093	129	189	232	087	158	115	227	143	156	090	127	190	252	167	152	154	083	124	175	142	262	146	123	157	146	180	112	166	089	161	089	167	228	128	092	095	181	205	142	151
759	2	091	136	187	269	103	145	097	149	191	252	087	160	115	227	143	158	090	140	190	252	173	152	160	083	132	175	148	262	150	125	157	148	180	112	172	089	161	091	167	236	130	104	103	181	205	142	153
760	2	089	136	179	253	103	145	093	129	191	238	087	158	108	227	143	158	090	127	190	250	167	152	152	081	124	175	142	260	150	125	155	150	180	112	172	085	161	081	167	228	114	102	101	181	201	142	145
760	2	089	136	187	269	103	147	103	129	191	238	089	158	108	229	143	158	090	142	194	252	173	154	154	085	132	183	142	262	150	129	159	150	180	112	174	089	165	089	167	228	130	102	101	181	211	144	151
761	2	091	136	179	241	103	135	093	129	191	232	089	158	113	229	143	156	090	142	194	252	167	152	154	083	124	179	138	262	150	129	153	148	180	112	166	089	173	089	167	228	132	092	101	181	205	166	145
761	2	091	136	181	249	103	141	093	143	191	238	089	161	115	231	143	158	102	142	194	252	173	152	154	083	124	183	142	262	150	129	155	150	180	112	166	089	173	089	167	228	132	102	101	181	211	168	151
762	2	089	136	179	253	103	135	089	129	189	232	087	147	115	229	143	158	090	142	190	252	167	146	154	081	124	175	138	260	140	123	155	146	180	110	166	085	161	085	167	228	130	102	095	181	205	166	145
762	2	091	136	181	253	103	141	097	129	191	238	089	158	115	233	143	158	090	142	194	252	177	152	160	083	132	183	142	262	150	129	157	150	184	110	172	089	173	089	167	236	130	104	103	191	207	168	151
763	2	089	136	181	253	103	145	097	129	189	232	087	147	115	229	143	158	090	127	190	250	173	152	156	081	132	183	142	256	150	125	155	148	194	106	170	089	161	089	167	228	128	098	095	181	205	144	145
763	2	089	136	187	253	103	145	097	149	191	252	087	158	115	229	143	158	090	146	194	252	177	166	160	083	132	183	142	260	150	129	159	150	196	110	172	089	173	089	167	238	130	104	095	191	205	144	153
764	2	089	136	179	253	103	135	091	129	189	232	089	147	113	229	143	158	090	140	190	252	177	146	154	083	126	175	138	262	150	123	155	150	180	110	170	085	165	085	167	228	130	096	101	177	201	142	151
764	2	091	136	187	253	103	141	093	141	191	238	091	160	115	229	143	158	090	142	190	252	177	152	154	083	132	183	138	262	150	129	157	150	180	112	172	089	169	087	167	228	132	104	103	181	207	166	153
765	2	089	136	179	269	103	141	089	129	191	232	087	147	115	229	143	158	090	127	188	252	167	146	154	083	124	179	148	260	146	125	153	146	184	110	166	085	161	081	161	224	122	096	101	181	205	144	145
765	2	091	136	187	269	104	145	103	149	191	252	087	158	115	233	143	160	102	142	194	252	173	152	160	085	132	183	148	262	146	129	155	150	184	112	170	089	165	087	167	228	130	104	101	181	207	166	153
766	2	089	136	179	249	103	141	093	129	189	232	087	158	113	229	143	158	090	142	190	252	173	152	144	077	132	175	138	260	146	123	155	150	184	112	172	089	161	089	167	228	130	098	095	181	207	142	153
766	2	091	136	187	253	103	147	093	141	191	232	089	158	115	229	143	158	102	142	190	252	177	152	154	083	132	183	142	262	150	129	155	150	196	112	176	095	165	089	167	228	132	104	103	181	211	168	153
767	2	089	136	179	253	103	135	093	129	191	232	087	160	113	229	143	158	088	142	188	252	173	146	154	083	132	175	142	260	150	123	153	150	180	110	170	089	161	087	167	224	130	102	101	181	205	166	145
767	2	091	138	187	253	103	141	103	143	195	254	089	160	115	229	143	158	090	142	194	252	177	152	154	083	132	183	142	262	150	129	155	150	184	110	172	089	161	089	167	228	132	102	103	181	205	168	145
768	2	091	136	187	253	103	141	093	129	189	232	087	158	113	229	143	158	090	142	190	250	177	146	154	081	124	183	138	262	150	125	155	150	180	112	172	089	165	085	161	224	132	098	095	177	205	166	153
768	2	091	136	187	253	103	141	103	143	195	252	089	160	115	229	143	158	090	146	194	252	177	152	156	083	132	183	142	262	150	129	155	150	184	112	172	095	165	087	167	228	132	102	095	191	205	168	153
769	2	089	136	179	253	103	141	093	129	191	238	087	158	108	229	143	154	090	127	194	252	173	152	154	077	122	165	142	262	146	125	155	146	184	106	176	089	161	089	167	238	122	102	095	181	205	166	151
769	2	089	136	187	253	104	141	097	129	191	252	087	162	115	229	143	158	102	142	194	252	173	166	154	081	132	165	148	262	148	129	155	150	196	112	178	095	165	089	167	238	130	102	095	181	205	166	153
770	2	091	136	181	253	103	141	085	129	189	232	089	158	113	229	143	160	090	140	188	250	167	152	154	081	132	165	138	262	150	129	155	146	180	110	172	089	161	087	161	228	114	102	095	177	211	158	151
770	2	093	140	181	253	103	141	103	129	195	252	091	162	115	229	145	160	090	146	194	252	173	152	154	083	132	183	142	262	150	129	155	150	184	112	174	089	161	089	167	238	130	102	101	181	215	166	153
771	2	089	136	179	253	103	145	089	129	191	232	087	158	113	229	143	158	090	140	190	244	167	146	152	077	132	175	142	260	146	123	155	150	180	110	170	089	165	087	167	228	128	098	095	181	211	144	151
771	2	091	138	187	253	103	145	093	141	193	238	087	158	113	231	143	158	102	142	194	250	177	166	154	083	132	183	142	262	150	125	157	150	180	112	172	089	173	091	167	238	130	098	101	181	215	166	153
772	2	089	134	179	253	103	135	093	129	189	238	087	158	113	225	143	158	090	127	188	252	167	146	154	077	124	175	142	260	150	129	155	150	196	106	170	089	165	085	167	228	130	102	095	181	201	142	151
772	2	091	134	179	253	103	145	097	129	189	238	087	158	113	229	143	158	090	142	194	252	173	164	156	083	132	175	142	262	150	129	155	150	196	110	172	089	169	089	167	228	130	104	101	181	211	158	153
773	2	089	136	181	253	103	141	097	129	191	252	087	158	108	231	143	158	090	127	190	250	167	152	152	081	132	175	142	256	140	125	155	150	180	106	166	089	161	089	167	228	128	098	095	181	205	142	145
773	2	093	136	181	271	103	141	103	149	191	252	087	160	115	231	143	158	090	148	194	252	177	152	154	083	132	183	142	260	150	125	155	150	194	110	172	089	161	089	167	236	132	102	101	191	211	144	149
774	2	089	136	187	241	103	141	093	129	191	232	087	158	115	229	143	156	090	140	190	252	177	146	156	083	124	175	142	260	150	125	155	150	184	106	172	085	161	089	167	224	114	098	101	181	205	166	149
774	2	091	138	187	253	103	141	103	143	195	252	087	162	115	229	143	160	090	142	190	252	177	146	156	083	132	179	142	262	150	125	155	150	184	106	172	095	173	089	167	238	132	104	101	181	211	168	151
775	2	089	136	179	253	103	141	097	129	191	232	087	158	113	227	143	156	090	142	194	252	167	152	160	077	124	165	138	262	150	129	155	150	180	110	172	085	161	085	167	228	130	098	101	181	205	166	145
775	2	091	138	187	269	103	145	103	129	191	238	089	160	115	229	143	158	090	148	194	254	177	154	160	083	132	175	142	262	150	129	155	150	180	112	172	089	165	089	167	228	130	098	101	181	215	168	153
776	2	089	136	179	253	103	141	093	129	191	238	087	158	108	225	143	158	090	146	190	250	167	146	152	077	132	165	142	262	140	125	155	150	180	106	172	089	159	085	167	228	130	102	095	181	205	142	145
776	2	089	136	181	253	103	141	093	129	191	238	089	158	108	229	143	158	090	148	194	252	177	150	156	077	132	175	148	262	150	125	159	150	194	112	172	089	165	089	167	238	132	102	101	181	205	168	153
777	2	089	138	179	249	103	135	093	129	191	232	087	158	113	227	143	154	090	140	188	250	173	152	154	083	124	179	142	260	148	123	155	148	180	110	172	089	161	089	167	228	130	092	095	181	207	142	145
777	2	093	138	187	253	103	135	103	149	191	252	087	158	115	227	143	158	102	142	194	252	173	152	154	083	132	183	142	262	150	125	155	150	180	112	172	089	169	089	167	236	132	102	101	191	211	168	153
778	2	089	134	187	253	103	141	097	129	189	238	087	160	115	229	143	158	090	142	190	252	175	152	154	077	132	183	142	262	140	129	155	150	180	110	172	089	161	087	167	238	128	102	095	177	205	142	145
778	2	091	134	187	269	103	141	097	141	191	252	091	160	115	229	143	158	090	148	190	252	177	152	160	077	132	183	142	262	150	129	155	150	194	112	176	089	161	087	167	238	128	102	103	181	205	142	153
779	2	091	136	179	241	103	135	091	129	191	232	089	147	113	229	143	156	090	140	194	252	173	152	154	081	124	175	138	262	150	129	153	148	180	110	166	085	173	089	167	228	130	092	095	181	207	144	145
779	2	091	138	181	253	103	135	093	129	191	232	089	161	113	233	143	158	102	142	194	252	173	154	154	083	126	179	138	262	150	129	155	150	180	112	172	089	173	089	167	228	132	096	101	181	211	166	145
780	2	089	134	179	253	103	141	089	129	189	232	087	147	108	225	143	158	090	142	194	244	173	154	144	077	132	165	138	262	150	123	155	150	184	110	172	085	161	085	165	228	128	096	101	181	207	166	151
780	2	091	136	187	269	103	141	093	129	191	238	089	158	115	233	143	158	090	146	194	254	177	154	144	081	132	183	142	262	150	129	155	150	196	112	172	089	169	089	167	238	130	102	101	181	211	168	153
781	2	089	134	181	253	103	141	093	129	191	238	087	158	113	229	143	156	090	146	190	252	167	146	154	077	124	183	142	260	150	125	157	150	180	106	166	085	161	089	167	228	128	092	095	181	205	144	149
781	2	089	136	187	253	103	141	103	149	191	238	087	170	113	231	143	158	102	146	194	252	175	152	160	081	132	183	142	260	150	129	159	150	196	112	170	089	161	089	167	228	130	102	095	181	207	166	149
782	2	089	134	181	253	103	141	093	129	189	232	087	158	108	231	143	158	090	142	194	252	167	146	154	081	124	183	142	260	150	125	153	150	180	106	166	085	169	089	167	228	130	102	101	181	205	166	149
782	2	093	136	191	253	103	141	093	149	191	238	087	158	115	231	143	158	090	142	194	252	173	152	160	083	132	183	142	262	150	125	155	150	196	110	172	089	173	089	167	228	132	104	103	191	207	168	151
783	2	089	138	179	253	103	135	093	129	189	238	087	158	113	227	143	158	090	127	188	252	167	146	154	081	124	183	142	262	150	129	155	148	180	110	166	089	169	087	167	224	130	092	095	181	205	142	151
783	2	091	138	181	253	103	141	093	129	191	238	089	158	113	227	143	160	102	142	190	252	173	152	154	083	132	183	142	262	150	129	157	150	196	110	170	089	173	089	167	236	132	104	101	181	211	166	153
784	2	089	136	187	249	103	141	103	129	191	232	087	160	108	229	143	156	090	142	190	252	177	152	154	077	124	183	142	262	150	125	155	150	180	108	170	089	161	089	167	228	130	098	095	177	205	166	149
784	2	089	138	187	253	103	147	103	129	191	238	089	161	113	229	143	158	102	146	194	252	177	152	154	083	132	183	142	262	150	129	155	150	180	112	172	089	167	089	167	228	132	098	103	191	215	168	153
785	2	089	136	187	249	103	135	093	129	191	232	087	147	115	227	143	156	090	142	188	252	173	146	144	077	132	175	138	260	146	129	157	150	184	112	172	089	161	089	161	228	114	102	095	181	207	168	153
785	2	089	136	187	253	103	141	093	129	191	238	087	160	115	229	143	158	102	142	190	252	177	152	154	083	132	183	142	262	150	129	159	150	196	112	172	089	169	089	167	236	132	102	101	181	211	170	153
786	2	089	134	187	253	103	141	097	129	191	238	087	158	113	229	143	156	090	127	190	252	177	152	154	077	126	183	138	262	146	129	155	150	180	110	176	089	161	089	167	228	114	098	095	181	205	142	145
786	2	091	140	187	253	103	141	103	141	191	238	091	160	115	229	143	158	090	140	194	252	177	152	160	083	132	183	142	262	150	129	155	150	198	112	176	089	161	089	167	228	130	102	103	191	211	168	151
787	2	089	136	179	241	103	141	093	129	189	232	087	147	113	229	143	156	090	142	194	246	167	152	154	081	124	175	142	262	146	125	155	150	184	112	166	085	161	089	167	228	130	092	099	181	207	158	151
787	2	089	136	179	269	103	147	093	143	191	238	087	161	113	231	143	158	102	142	194	252	177	166	160	081	124	183	142	262	148	129	155	150	184	112	172	089	161	089	167	238	132	098	101	191	215	168	153
115	3	089	134	187	253	103	141	093	129	191	238	087	158	115	227	143	156	090	127	194	252	173	146	154	083	124	175	138	260	150	125	155	150	180	110	166	083	161	089	167	228	128	092	095	181	205	158	153
115	3	091	138	187	253	103	141	103	129	195	252	087	158	115	229	143	160	102	148	194	252	175	146	154	083	132	175	142	262	150	129	155	150	180	112	172	095	165	089	167	228	130	098	095	191	207	166	153
116	3	089	134	179	253	103	141	093	129	189	232	087	147	108	225	143	154	090	140	188	252	167	152	144	081	124	165	138	260	146	125	155	150	180	110	166	089	161	081	167	224	128	096	099	181	207	142	151
116	3	091	136	187	253	103	141	097	143	191	238	091	158	113	229	143	158	090	140	190	252	167	166	160	083	132	183	148	262	150	125	155	150	184	112	170	089	161	085	167	238	128	102	103	181	211	166	151
117	3	089	136	179	241	103	135	089	129	189	232	087	147	113	227	143	158	090	127	188	252	173	152	144	077	124	183	142	260	146	125	155	150	180	110	166	085	161	085	167	228	130	092	101	177	207	142	151
117	3	091	136	179	269	103	135	103	143	189	232	087	158	115	229	143	158	090	140	190	252	177	152	154	083	124	183	142	262	150	129	155	150	184	112	172	089	169	089	167	238	130	102	103	181	211	158	151
118	3	089	134	181	241	103	135	093	141	189	232	087	160	113	227	143	158	090	140	188	246	173	152	154	083	124	175	142	260	148	129	155	150	180	106	172	085	161	089	167	228	130	102	095	177	207	142	145
118	3	093	136	187	253	103	141	097	143	191	238	089	160	113	227	143	158	090	148	190	252	177	152	160	083	132	183	148	262	150	129	155	150	198	112	176	089	173	089	167	238	132	102	099	181	215	166	151
119	3	089	136	179	241	103	135	103	141	189	232	087	147	113	227	143	158	090	140	190	246	167	152	154	083	124	175	142	260	146	125	155	150	184	110	170	085	161	089	167	228	130	092	099	181	205	142	145
119	3	093	138	187	269	103	141	103	143	195	254	087	158	113	227	143	160	090	142	194	252	177	154	160	083	124	183	148	262	150	125	155	150	196	112	176	089	161	089	167	228	132	102	101	191	205	166	151
389	3	089	134	187	253	103	141	093	129	191	238	087	158	115	227	143	160	088	142	188	252	173	146	154	081	124	175	138	260	150	125	155	150	180	112	166	089	161	087	167	228	128	092	095	181	205	158	149
389	3	091	138	187	253	103	141	097	149	191	252	087	158	115	227	143	160	102	148	194	252	175	152	160	083	132	179	142	262	150	125	159	150	180	112	176	095	161	089	167	228	132	102	101	191	205	168	153
548	3	091	136	179	241	103	135	093	143	189	232	087	147	113	227	143	158	090	127	190	246	177	154	144	081	132	183	142	260	150	125	155	150	180	112	170	085	161	081	167	228	130	098	099	177	205	158	151
548	3	093	136	187	241	103	147	093	143	191	238	087	160	115	227	143	158	090	140	194	252	177	166	160	083	132	183	142	262	150	129	155	150	196	112	172	089	161	089	167	238	132	102	103	181	205	166	153
549	3	089	136	181	253	103	135	097	129	189	238	089	147	113	229	143	156	090	138	190	252	175	146	154	081	124	175	138	260	150	125	155	150	180	112	166	085	161	085	167	224	128	092	095	177	205	158	151
549	3	091	136	187	253	103	141	103	129	191	238	089	160	115	229	143	156	090	142	190	252	177	152	160	083	124	179	138	260	150	129	159	150	180	112	176	095	173	089	167	228	130	104	103	177	205	158	151
550	3	089	136	187	253	103	135	093	129	191	232	087	158	108	227	143	154	090	127	194	246	173	152	144	081	126	175	142	262	146	125	155	146	180	112	166	085	161	085	167	228	130	102	101	181	205	142	151
550	3	091	136	187	269	103	145	103	143	191	252	087	162	115	233	143	156	090	140	194	252	177	152	160	083	132	183	142	262	146	125	155	150	184	112	172	089	161	089	167	238	132	102	101	191	207	164	151
551	3	089	136	179	241	103	141	093	141	189	232	087	147	113	227	143	158	090	140	190	250	167	150	160	083	124	165	142	260	146	125	155	150	184	112	170	085	161	089	167	228	132	098	099	181	205	142	145
551	3	093	136	179	253	103	141	103	143	195	232	087	158	115	229	143	160	090	140	190	252	177	154	160	083	132	175	148	260	150	125	155	150	198	112	176	089	161	089	167	228	132	102	103	181	207	168	153
552	3	091	134	179	253	103	135	093	129	189	232	089	158	108	229	143	156	090	138	194	252	175	146	154	081	124	175	142	260	150	125	155	150	180	112	166	085	173	085	167	228	128	092	103	181	205	158	151
552	3	091	136	179	253	103	141	103	129	189	238	089	158	113	229	143	158	102	146	194	252	177	152	160	081	124	179	148	260	150	129	159	150	196	112	172	085	173	089	167	238	132	098	103	181	205	166	153
553	3	091	134	179	253	103	141	091	129	189	238	087	158	113	229	143	158	090	140	194	252	167	146	160	081	124	175	138	260	150	129	155	150	180	106	166	089	161	085	167	228	128	102	101	181	205	166	151
553	3	091	138	187	269	103	141	097	149	191	238	087	160	113	231	143	158	102	140	194	252	167	152	160	083	124	183	142	262	150	129	157	150	180	112	176	089	161	089	167	238	130	102	103	181	211	166	153
009	4	089	136	187	249	103	141	093	129	191	232	087	162	108	227	143	158	090	127	190	250	167	154	154	081	124	165	142	260	140	125	157	150	180	110	172	089	161	087	167	224	122	096	095	181	207	144	145
009	4	093	140	187	253	103	141	097	141	195	238	091	162	113	233	143	158	090	127	194	252	177	158	160	081	132	183	142	262	150	125	157	150	180	112	176	089	169	089	167	228	130	104	103	181	211	166	153
042	4	089	134	187	249	103	141	103	141	189	232	087	158	115	229	143	154	090	142	194	252	167	152	160	083	124	179	142	260	146	123	157	146	180	112	166	089	161	087	155	228	128	102	101	191	201	142	145
042	4	089	136	187	249	103	145	103	141	191	238	091	162	115	229	143	160	102	142	194	254	167	152	160	083	124	183	142	262	146	123	157	150	184	112	166	089	161	091	167	228	128	104	103	191	211	158	151
044	4	089	138	179	249	103	141	085	129	191	232	087	147	115	229	143	154	090	127	194	252	173	146	144	083	124	175	138	260	150	125	155	150	180	112	166	089	161	089	161	228	114	102	095	181	207	158	153
044	4	089	140	187	253	103	145	093	149	195	238	087	160	115	231	143	156	102	127	194	252	173	152	156	083	132	183	142	262	150	129	159	154	180	112	172	089	165	093	167	228	130	104	103	191	211	166	153
086	4	089	134	179	253	103	141	097	129	189	232	087	147	115	227	143	156	090	127	194	252	167	146	144	081	132	165	142	262	150	125	155	150	180	112	166	089	165	087	167	228	128	102	095	191	201	142	145
086	4	091	136	181	253	103	145	103	149	191	252	091	158	115	227	143	158	102	127	194	252	167	152	154	083	132	183	142	262	150	125	159	150	180	112	172	095	165	087	167	228	130	102	095	191	211	144	153
087	4	089	136	187	249	103	141	093	129	191	238	087	158	108	227	143	154	090	142	190	252	169	146	144	081	126	165	142	262	146	129	155	150	180	110	172	089	161	089	167	228	130	104	095	181	205	144	153
087	4	091	138	191	253	103	145	103	129	195	238	087	158	113	229	145	160	102	146	194	254	173	152	154	083	132	183	142	262	150	129	157	150	184	112	172	089	161	089	167	228	130	104	103	181	211	168	153
093	4	093	136	187	253	103	135	097	129	189	232	087	158	113	227	143	156	090	127	190	250	167	146	152	081	124	183	142	262	140	125	155	148	180	110	172	089	161	087	161	228	130	098	095	181	205	144	153
093	4	093	136	187	253	103	145	103	129	191	238	091	158	113	229	143	158	090	146	194	252	167	154	154	083	132	183	142	262	150	129	155	150	196	112	176	089	169	089	167	238	130	104	095	181	207	168	153
095	4	089	136	187	249	103	135	093	129	191	238	087	147	115	227	143	156	090	127	194	252	167	146	144	077	124	183	142	260	150	125	153	150	180	110	170	089	165	091	167	228	114	102	101	177	205	158	145
095	4	091	136	187	253	103	145	103	149	191	254	087	158	115	229	143	156	090	142	194	252	173	166	154	083	126	183	150	262	150	129	155	150	184	112	176	089	165	095	167	228	130	104	103	191	211	166	151
096	4	089	138	187	249	103	135	093	129	189	232	087	158	113	225	143	158	090	142	194	252	167	158	154	077	132	175	138	262	148	125	155	148	180	110	170	089	165	085	167	224	114	102	095	181	205	166	149
096	4	091	138	191	249	103	141	103	141	191	254	087	162	115	227	143	158	102	146	194	252	177	158	154	083	132	183	142	262	150	129	155	150	180	110	172	089	169	091	167	238	130	104	095	181	215	168	153
097	4	089	136	179	249	103	141	093	129	189	232	087	158	115	227	143	156	090	127	190	252	167	146	144	077	124	183	142	260	150	129	155	148	184	110	166	089	161	087	167	228	114	098	095	181	205	158	153
097	4	089	136	191	253	103	141	103	129	195	238	087	158	115	229	143	158	102	142	194	252	173	166	160	083	126	183	142	260	150	129	159	150	196	110	170	095	173	087	167	228	130	104	103	181	211	168	153
101	4	089	136	179	249	103	141	085	129	189	232	087	162	108	225	143	156	090	127	190	252	167	146	154	081	124	165	142	260	150	125	155	150	180	110	166	089	161	089	167	238	114	092	095	181	201	144	151
101	4	089	138	187	269	104	145	093	141	191	232	091	162	115	231	143	156	090	142	190	254	173	152	154	083	132	183	142	262	150	129	155	150	184	110	172	089	165	093	167	238	132	102	103	181	207	168	153
183	4	089	136	181	253	103	141	085	129	191	232	087	158	108	227	143	158	090	142	190	250	173	146	144	081	132	165	138	260	148	129	153	150	180	112	166	089	161	087	161	228	130	104	101	181	205	144	153
183	4	093	138	191	253	103	141	103	129	195	238	089	162	113	231	143	160	090	146	194	254	173	152	160	083	132	183	142	262	150	129	153	150	180	112	172	089	169	089	161	236	130	104	103	181	205	168	153
200	4	089	138	179	235	103	135	085	129	191	232	087	158	113	227	143	156	090	142	190	250	173	146	144	081	124	165	142	262	150	129	153	150	184	110	172	089	161	087	167	228	130	096	095	181	205	166	153
200	4	093	140	191	253	103	135	085	149	191	232	087	160	113	229	143	156	102	146	194	252	175	152	154	081	132	179	142	262	150	129	155	150	196	110	172	089	169	087	167	238	130	104	095	181	211	168	153
210	4	089	136	179	253	103	141	085	129	191	232	087	158	113	227	143	156	090	127	188	252	167	152	144	077	132	179	142	260	150	125	153	150	180	110	166	089	161	087	167	228	114	096	101	177	201	142	153
210	4	093	140	191	269	103	145	103	129	195	238	087	160	113	229	145	160	102	146	194	254	167	152	160	081	132	183	142	262	150	129	157	150	196	112	166	089	161	089	167	238	130	102	103	181	211	168	153
219	4	089	138	187	253	103	141	093	129	189	232	087	162	108	229	143	158	090	138	194	252	173	152	154	083	124	165	142	260	150	129	155	148	180	110	172	085	161	087	161	228	122	098	095	181	205	158	145
219	4	089	138	191	253	103	145	103	141	195	238	089	162	113	231	145	160	090	142	194	252	177	158	154	083	132	183	142	262	150	129	157	150	180	112	172	089	169	087	167	228	122	102	095	181	211	166	153
230	4	089	138	179	249	103	141	085	129	191	238	087	158	113	227	143	158	090	127	190	252	167	152	154	081	132	175	142	260	148	125	153	148	180	110	170	085	161	087	167	228	128	102	095	177	205	144	145
230	4	091	138	191	249	103	145	093	141	191	238	087	161	115	229	143	158	102	146	194	254	177	152	160	083	132	183	142	262	150	129	157	150	184	110	172	089	169	093	167	238	130	102	101	181	215	158	149
241	4	089	138	179	249	103	135	093	141	189	232	087	162	113	233	143	158	090	142	194	246	167	152	154	083	124	165	138	260	148	129	155	148	180	110	172	085	165	089	161	228	114	102	095	181	205	158	149
241	4	089	138	187	253	104	141	097	141	191	238	089	162	113	255	143	158	102	146	194	252	175	158	154	083	132	175	142	262	150	129	159	150	180	110	172	089	169	091	167	228	128	102	095	181	215	158	153
307	4	089	134	187	253	103	141	097	143	189	232	089	158	113	229	143	156	090	127	194	252	167	152	144	081	124	165	142	260	150	123	153	150	180	112	166	089	161	087	167	228	128	092	095	181	201	142	145
307	4	091	136	187	253	103	145	103	149	195	238	091	161	115	233	143	160	102	142	194	252	173	152	160	083	132	183	148	262	150	129	157	150	180	112	172	089	161	089	167	238	132	102	101	191	205	168	145
318	4	089	138	179	249	103	135	103	129	189	232	089	161	113	229	143	156	090	127	190	252	167	152	154	081	124	165	142	260	140	125	155	150	180	110	172	089	161	087	167	228	128	102	095	177	205	142	145
318	4	091	140	187	253	103	141	103	149	195	232	091	164	115	229	143	158	090	142	194	252	173	158	160	083	124	183	142	262	150	129	157	150	184	110	172	095	173	089	167	238	128	104	101	191	211	158	153
323	4	089	138	187	249	103	135	093	129	189	232	087	158	113	229	143	156	090	142	190	250	173	152	154	077	122	183	142	260	150	125	155	150	180	112	172	089	161	091	167	238	130	102	095	181	211	142	149
323	4	089	138	187	253	103	141	103	141	191	238	087	162	115	233	143	158	102	142	194	252	177	152	154	083	124	183	142	262	150	129	157	150	180	112	172	089	169	095	167	238	130	104	101	181	215	144	153
324	4	089	136	179	249	103	141	097	129	191	232	087	158	115	225	143	158	090	138	194	250	167	146	154	081	122	179	142	260	146	125	155	146	180	112	166	089	161	087	167	228	128	102	101	181	201	168	151
324	4	089	140	179	253	103	141	103	129	195	238	087	158	115	229	143	160	102	142	194	250	167	152	160	083	132	183	148	262	150	125	157	150	180	112	166	089	165	089	167	228	128	102	101	181	215	168	153
325	4	089	134	187	253	103	141	093	141	191	238	087	161	108	229	143	158	090	127	190	252	167	152	154	083	124	183	138	262	150	123	155	150	180	112	166	089	161	087	167	228	128	092	095	177	201	158	145
325	4	089	136	187	253	107	141	097	149	191	238	091	162	115	233	143	158	102	127	194	254	173	152	160	083	124	183	148	262	150	129	155	150	184	112	172	089	161	087	167	238	130	102	095	177	205	168	145
326	4	089	136	179	249	103	141	097	129	191	232	087	158	113	229	143	156	090	142	194	252	173	152	144	081	124	183	142	260	150	125	157	150	180	106	166	089	165	091	167	228	128	102	095	191	211	142	145
326	4	089	136	187	253	103	145	103	141	191	238	087	158	115	233	143	158	090	146	194	252	175	152	160	081	124	183	142	262	150	125	157	150	184	110	166	089	165	091	167	238	130	102	101	191	215	158	153
338	4	089	136	179	253	103	141	093	121	191	232	087	158	108	227	143	156	090	138	190	252	167	146	152	083	124	183	138	262	150	125	155	150	180	110	172	089	161	089	161	228	130	098	095	181	211	144	145
338	4	093	138	187	269	103	141	103	143	191	238	087	158	113	229	143	158	090	146	194	252	173	152	154	083	124	183	142	262	150	125	155	150	180	112	172	089	165	093	167	236	132	104	105	181	211	166	153
343	4	089	138	179	253	103	141	085	129	191	232	087	158	108	227	143	156	090	127	190	252	167	152	154	081	126	183	142	262	146	125	155	150	180	110	170	089	165	089	167	228	130	092	095	181	205	158	153
343	4	093	140	187	253	103	145	093	141	191	232	089	162	113	229	143	158	090	146	194	254	173	152	154	081	132	183	142	262	146	129	155	150	180	112	172	089	168	091	167	228	130	102	103	181	211	168	153
379	4	089	138	179	253	103	143	093	129	189	232	089	158	115	229	143	158	090	127	188	252	173	152	154	081	124	165	142	260	150	129	155	148	180	110	172	089	161	089	167	228	130	098	095	177	207	158	145
379	4	093	140	187	253	103	145	093	149	191	238	091	164	115	233	143	158	090	142	190	254	177	158	160	083	132	183	142	262	150	129	157	150	196	110	172	089	165	093	167	238	132	102	101	181	207	166	145
383	4	089	136	179	249	103	145	089	149	189	232	087	147	115	227	143	156	090	127	194	252	167	146	154	081	124	165	142	262	150	125	155	150	180	112	166	089	161	081	167	228	128	102	095	181	201	142	145
383	4	089	138	179	253	103	145	097	149	191	232	091	158	115	233	143	158	102	142	194	254	167	152	160	083	132	179	142	262	150	125	155	150	180	112	166	089	173	087	167	238	130	102	101	191	211	166	151
385	4	089	136	191	253	103	141	085	129	189	232	087	158	115	227	143	156	090	142	190	252	167	152	154	083	124	183	142	262	150	125	153	150	180	110	172	085	165	081	167	228	130	098	095	177	205	158	153
385	4	089	136	191	269	103	145	103	129	191	238	087	160	115	229	143	160	090	142	194	252	173	152	160	083	124	183	142	262	150	129	155	150	184	110	172	089	165	089	167	246	130	104	101	181	211	166	153
386	4	089	136	179	267	104	141	093	129	191	238	087	158	108	227	143	156	090	138	190	252	167	146	152	081	124	183	138	262	150	125	155	150	180	110	172	089	161	081	161	236	130	096	095	181	211	144	145
386	4	089	138	187	269	104	145	103	141	191	240	087	160	113	229	143	158	102	142	194	252	173	152	154	083	124	183	142	262	150	129	155	150	180	112	172	089	161	089	167	236	132	104	101	181	211	166	153
387	4	089	136	187	241	103	135	085	129	189	232	087	158	113	227	143	156	090	142	194	252	173	146	144	081	124	183	142	262	150	129	155	150	180	106	170	085	161	087	167	228	130	092	095	181	205	144	153
387	4	089	138	191	253	103	147	093	129	191	238	089	158	115	231	143	156	090	146	194	252	177	152	154	083	124	183	142	262	150	129	155	150	180	112	172	089	168	089	167	228	130	098	095	181	211	166	153
554	4	089	136	187	253	103	141	097	129	191	232	087	158	113	227	143	156	090	140	190	252	167	146	154	083	124	183	142	260	140	125	155	150	180	106	172	089	161	089	167	228	128	102	095	181	205	144	145
554	4	089	138	187	253	103	141	103	129	191	238	091	161	115	229	143	158	102	142	194	252	173	154	160	083	132	183	142	260	150	129	155	150	180	112	176	089	173	089	167	236	130	102	101	181	205	166	153
877	4	089	136	187	241	103	135	097	141	195	232	087	147	113	227	143	156	090	140	190	252	173	152	144	083	124	175	142	260	148	123	155	150	180	112	166	083	161	089	167	228	114	092	101	181	207	144	145
877	4	091	138	187	253	103	141	103	149	195	252	089	158	115	233	143	158	090	146	194	252	177	152	152	083	132	175	142	262	150	125	155	150	180	112	176	089	169	089	167	228	132	102	103	191	211	166	147
878	4	089	134	187	253	103	141	093	129	195	238	087	147	108	227	143	158	090	140	188	252	177	152	144	081	124	165	142	260	140	125	155	150	180	112	170	089	161	089	167	228	132	102	095	177	211	142	147
878	4	089	138	187	253	103	141	103	143	195	252	087	147	115	227	143	158	090	146	194	252	177	152	154	081	124	175	148	260	148	129	155	150	180	112	176	089	165	089	167	238	132	102	099	181	215	166	153
880	4	091	136	179	253	103	135	093	129	189	232	087	158	113	225	143	158	090	138	194	246	167	152	154	081	124	175	142	260	146	125	155	146	184	110	166	085	161	089	167	238	132	102	101	181	205	142	151
880	4	093	136	187	269	103	147	093	129	191	232	089	158	113	229	143	158	090	146	194	246	177	166	160	085	124	175	142	262	148	129	159	150	198	112	172	095	161	089	167	238	132	102	103	181	205	166	151
122	5	089	134	179	253	103	135	097	141	191	238	087	158	113	229	143	156	090	140	190	246	167	146	154	081	124	165	138	260	150	129	157	146	192	106	172	085	161	085	167	228	130	104	095	191	205	142	145
122	5	093	136	179	269	103	145	103	143	195	252	087	161	113	231	143	158	102	150	194	246	177	152	156	081	132	175	142	262	150	129	157	146	196	110	176	089	165	089	167	240	130	104	095	191	211	166	153
123	5	091	136	179	253	103	141	089	129	195	232	087	158	113	229	143	158	090	127	194	246	171	158	154	081	124	165	142	262	146	127	155	150	192	106	170	081	161	091	167	228	130	094	095	181	205	162	149
123	5	091	142	181	253	103	147	103	143	195	238	089	160	115	231	145	158	102	140	194	250	175	166	154	083	124	175	150	262	150	129	155	154	196	110	170	081	173	093	167	228	130	104	101	191	205	164	149
124	5	089	136	179	253	103	141	093	129	191	238	087	162	108	229	145	156	090	140	190	252	167	152	154	083	124	183	142	256	140	129	155	146	180	106	170	089	173	089	167	228	114	102	101	181	201	142	149
124	5	091	138	187	253	103	141	103	143	191	238	089	162	113	231	145	156	090	140	194	252	175	152	154	083	132	183	148	260	146	129	157	150	180	112	176	095	173	091	167	236	132	104	103	191	207	158	153
125	5	089	136	179	253	103	141	085	129	189	232	087	147	108	231	143	158	090	127	194	252	173	152	154	081	124	165	148	262	140	125	157	150	184	112	170	089	161	085	167	228	120	102	101	181	205	158	151
125	5	091	142	181	253	103	145	085	129	195	238	089	162	113	231	143	158	090	140	194	252	175	152	154	083	132	175	150	262	140	127	159	154	184	112	176	089	165	091	167	238	130	104	103	191	207	158	151
126	5	091	136	179	253	103	145	097	129	191	232	087	161	113	227	143	156	090	127	194	246	165	152	154	081	124	165	148	260	150	129	155	150	192	110	170	083	161	085	167	228	128	100	101	181	205	164	151
126	5	091	138	179	253	103	145	103	129	191	238	089	161	115	229	143	156	090	138	200	252	165	164	154	083	132	175	148	260	150	129	159	150	192	112	172	089	165	093	167	238	128	104	101	191	205	166	153
128	5	089	134	179	241	103	145	083	129	189	238	087	158	113	225	143	156	090	127	190	246	165	146	154	077	124	175	142	262	148	129	155	146	180	106	170	085	173	085	167	238	130	096	103	191	211	142	145
128	5	091	134	179	253	104	145	103	129	191	254	089	162	115	231	143	158	102	140	194	254	175	152	154	081	132	183	148	262	150	129	155	148	192	108	176	089	173	087	167	238	132	102	103	191	211	142	149
129	5	091	136	179	241	103	135	103	129	189	232	087	158	115	229	143	156	090	127	190	252	171	152	154	081	132	175	142	260	146	125	157	146	180	106	170	089	161	085	167	228	118	102	095	181	205	162	145
129	5	091	142	187	253	105	145	103	129	195	238	087	160	115	231	143	158	102	140	194	254	173	158	160	083	132	183	142	262	150	129	157	150	184	110	172	089	165	091	167	228	130	104	101	191	215	168	151
130	5	089	134	179	253	103	141	093	141	189	252	087	158	115	225	143	158	102	127	190	246	167	152	144	077	124	165	142	260	140	125	157	146	180	106	166	083	173	081	167	228	130	102	103	181	205	142	151
130	5	091	136	181	253	105	145	103	143	191	252	089	161	115	231	143	158	102	127	194	252	175	152	154	083	124	183	148	262	150	129	157	150	192	112	170	089	173	089	167	238	134	104	103	181	215	166	153
131	5	091	134	179	253	103	145	103	129	191	238	087	147	108	229	143	156	090	127	194	252	167	146	154	083	124	165	148	260	150	125	155	146	190	090	170	081	173	091	161	224	132	098	095	181	205	142	151
131	5	093	138	181	253	103	145	103	143	195	252	087	158	115	231	143	160	090	140	194	252	173	152	154	083	132	183	148	260	150	129	157	150	192	106	176	089	173	093	167	238	134	102	095	191	211	158	151
132	5	089	134	179	253	103	135	103	141	191	238	087	158	108	231	143	158	090	127	190	246	177	152	144	083	124	183	142	262	150	125	155	150	180	110	170	085	161	081	167	238	114	102	095	181	205	142	145
132	5	089	138	181	253	103	141	103	143	191	252	089	158	115	231	143	160	102	140	194	252	177	152	144	083	132	183	142	262	150	129	159	154	180	110	170	085	173	085	167	238	134	102	101	181	215	164	151
133	5	089	134	179	269	103	135	103	129	191	232	089	158	113	229	143	156	090	127	188	252	167	152	160	083	124	183	142	256	146	125	155	146	180	106	172	089	165	081	161	238	128	094	103	181	211	142	145
133	5	089	134	179	269	103	141	103	143	191	238	089	162	115	231	143	160	090	140	194	252	173	166	160	083	132	183	148	260	150	129	159	150	180	106	172	089	173	089	167	238	134	104	103	191	215	166	145
134	5	089	136	179	253	103	141	103	129	189	238	087	143	108	231	143	156	090	140	188	250	165	146	154	081	124	165	142	260	146	125	155	146	180	110	170	085	173	089	167	240	114	102	101	181	211	142	149
134	5	089	136	179	253	103	147	103	143	191	238	089	158	113	231	143	156	090	148	194	252	173	152	154	083	132	175	148	260	150	129	157	150	196	110	176	089	173	093	167	240	114	102	103	191	215	164	151
135	5	089	134	179	241	103	135	085	143	191	252	087	160	113	229	143	158	090	140	194	252	167	152	144	083	122	165	142	260	140	123	155	150	180	110	170	083	161	089	167	228	130	102	095	177	205	142	149
135	5	089	136	187	241	105	141	103	143	195	252	087	161	115	229	143	160	090	140	194	252	175	152	154	083	124	181	148	260	140	129	159	150	196	110	170	089	165	091	167	240	130	102	103	191	215	158	151
136	5	089	134	179	241	103	135	091	143	189	238	087	147	113	229	143	154	090	127	190	252	167	152	154	083	124	165	142	262	140	123	155	146	184	112	170	089	161	081	167	224	130	102	095	191	205	142	151
136	5	091	134	187	269	105	145	103	143	195	252	089	147	113	231	143	158	102	127	194	254	167	162	154	083	132	165	150	262	140	129	157	146	196	112	176	089	173	089	167	228	134	104	103	191	205	156	151
139	5	089	134	179	253	103	141	093	129	189	232	087	160	115	229	143	156	090	127	194	246	167	152	144	081	122	165	142	256	146	129	155	150	184	090	170	083	161	087	167	224	130	102	095	181	205	158	151
139	5	089	134	179	253	103	145	103	143	191	238	087	162	115	231	145	160	090	146	194	246	173	152	154	083	124	183	142	260	150	129	157	150	190	106	176	089	173	091	167	238	130	102	095	191	205	166	151
140	5	091	136	175	253	103	141	103	129	191	238	087	158	113	231	143	154	090	127	194	252	163	152	154	077	124	175	142	262	148	125	155	146	180	110	170	081	161	087	167	228	119	098	101	181	205	142	149
140	5	091	136	179	269	103	145	103	129	195	238	089	158	113	231	143	156	090	146	194	252	173	166	156	085	124	175	142	262	150	127	159	150	196	110	170	089	161	091	167	228	132	104	103	181	211	166	151
141	5	089	136	175	253	103	135	093	129	195	238	087	158	115	225	143	156	090	127	194	250	165	146	154	081	124	165	148	262	148	123	155	146	184	106	166	089	161	091	167	238	114	104	101	191	205	158	145
141	5	089	136	187	269	103	141	097	141	195	238	087	162	115	231	143	156	090	140	194	252	177	152	154	083	124	175	150	262	150	125	157	146	192	110	176	089	173	091	167	238	134	104	103	191	207	166	153
142	5	089	136	181	253	103	141	103	129	189	232	087	162	115	229	143	158	090	127	194	246	165	152	144	081	124	165	142	262	140	125	155	146	180	110	176	089	161	085	161	224	130	102	095	181	211	158	145
142	5	091	136	187	269	105	141	103	129	191	232	087	162	115	231	143	160	102	127	194	252	177	166	154	083	132	165	142	262	150	125	159	154	184	112	176	089	165	091	167	224	132	102	101	191	215	168	153
143	5	089	136	175	253	103	135	093	129	191	238	087	158	108	229	143	156	090	127	190	250	167	152	144	083	132	175	142	262	140	125	155	150	180	106	170	089	161	085	167	228	114	102	095	191	207	166	145
143	5	091	136	181	253	103	145	103	143	195	254	087	162	115	231	143	156	090	138	194	252	175	166	156	083	132	183	142	262	148	125	159	150	180	112	176	089	173	089	167	238	130	104	101	191	211	168	153
144	5	089	134	179	253	103	141	097	141	189	238	087	158	113	225	143	158	090	138	194	252	175	146	154	077	124	165	148	262	146	125	155	146	192	106	172	085	161	081	167	228	130	098	101	181	211	142	149
144	5	091	138	181	253	103	145	103	143	191	252	087	161	115	231	143	158	090	146	194	252	175	152	154	083	124	165	148	262	150	129	157	150	192	110	176	085	173	085	167	236	132	104	103	181	211	162	153
145	5	091	136	179	253	103	135	091	141	189	252	087	162	113	227	143	156	090	138	194	244	165	146	154	077	124	165	148	262	146	125	155	146	184	106	174	081	161	089	167	238	132	100	097	181	205	158	145
145	5	091	138	181	253	103	141	103	141	195	254	087	162	113	231	143	156	090	140	194	252	165	152	156	083	124	165	148	262	150	129	157	146	192	110	176	089	173	091	167	238	134	102	101	191	205	168	153
148	5	089	136	181	253	103	141	089	129	191	238	087	147	108	227	143	158	102	140	194	246	167	146	154	081	122	165	142	260	146	129	155	150	180	108	170	089	161	085	167	228	114	098	101	181	207	162	149
148	5	091	136	181	253	103	141	103	129	195	238	089	158	115	229	143	158	102	140	194	254	175	146	154	083	132	165	142	262	150	129	157	150	180	108	174	089	173	089	167	238	130	098	103	187	211	168	151
556	5	089	134	179	241	103	135	103	129	189	232	087	158	113	229	143	156	090	140	190	252	173	152	154	077	124	175	142	256	146	125	155	146	184	106	172	081	173	091	167	224	130	096	103	181	205	162	149
556	5	091	134	179	253	103	141	103	141	191	232	089	161	113	231	143	158	090	146	194	254	177	152	154	083	124	181	148	262	150	125	159	146	184	110	172	089	173	091	167	238	134	102	103	191	211	166	151
557	5	089	134	179	253	103	141	103	129	189	232	087	161	108	231	143	158	090	127	190	246	167	146	154	081	124	165	142	260	140	125	155	150	180	106	170	089	161	087	167	228	114	102	095	191	205	142	145
557	5	089	138	181	269	105	145	103	143	191	252	087	162	113	231	143	158	090	140	190	250	177	152	156	085	124	175	148	260	150	125	159	150	184	108	176	089	173	091	167	238	130	104	099	191	211	158	145
558	5	091	136	179	241	103	135	103	129	189	232	087	161	108	231	143	156	090	127	194	252	173	146	144	083	124	165	148	262	140	123	155	150	180	110	170	081	173	081	167	238	134	092	101	181	205	142	145
558	5	093	136	181	253	103	135	103	143	195	238	087	162	115	231	143	156	090	148	200	252	175	152	154	083	132	183	148	262	150	129	155	150	196	110	176	089	173	085	167	238	134	102	103	181	205	158	145
559	5	089	134	181	253	103	145	097	129	195	238	087	162	108	227	143	158	090	140	194	252	167	152	154	083	122	165	142	256	146	125	155	146	180	106	170	081	165	081	167	236	130	092	101	177	211	142	145
559	5	089	136	187	269	103	145	103	129	195	238	087	162	115	229	143	158	090	148	194	252	175	152	154	083	124	175	142	262	150	129	155	150	180	110	176	081	173	089	167	238	132	104	101	181	211	162	145
560	5	089	136	179	253	103	145	089	143	189	232	089	162	113	229	143	158	090	127	190	246	165	152	154	083	122	175	142	260	140	123	157	146	180	106	174	089	165	087	167	238	130	096	101	181	205	142	151
560	5	089	136	187	253	105	145	103	143	195	238	089	162	115	229	143	158	090	127	194	252	173	166	154	085	124	183	142	262	150	129	159	150	180	110	176	089	173	089	167	238	130	098	103	191	211	168	153
561	5	091	134	181	241	103	141	085	129	195	238	087	147	115	231	143	156	090	140	190	246	175	146	154	083	124	183	142	262	146	125	155	150	184	106	166	081	165	091	167	228	114	102	095	181	211	142	151
561	5	091	142	187	253	103	141	103	143	195	252	087	162	115	231	143	160	102	140	194	252	177	146	160	085	124	183	150	262	146	129	155	150	192	110	176	089	173	091	167	238	114	102	101	191	215	142	153
562	5	091	134	179	253	103	135	083	129	195	238	087	161	115	231	143	156	090	127	188	252	177	164	144	081	124	175	142	262	146	125	157	150	180	106	170	085	165	087	167	228	130	102	095	181	211	142	153
562	5	091	136	179	269	103	135	103	143	195	252	087	161	115	231	143	156	090	140	200	252	177	166	154	083	124	183	148	262	148	125	159	150	184	112	170	089	165	089	167	240	130	104	101	191	215	158	153
563	5	089	134	181	241	103	145	093	129	189	238	087	143	115	231	143	158	090	127	194	246	167	152	144	077	124	165	142	262	140	127	155	150	180	106	170	083	165	085	167	236	130	092	095	181	205	158	151
563	5	093	136	185	269	105	145	093	129	195	238	087	147	115	231	143	158	102	127	200	252	175	162	154	083	124	175	142	262	146	129	155	154	196	112	176	089	165	085	167	238	130	092	103	191	215	168	151
564	5	089	136	179	253	103	141	093	143	191	232	087	158	108	227	143	156	090	127	188	252	167	152	154	083	122	165	142	262	148	123	155	146	184	106	170	081	161	081	167	228	130	102	095	181	205	142	151
564	5	093	142	187	253	103	145	097	143	191	238	087	160	115	229	143	158	102	127	194	252	177	152	154	083	124	183	148	262	150	129	155	150	192	112	176	089	173	089	167	240	132	102	101	181	205	158	153
565	5	091	136	181	241	103	135	097	129	191	238	087	158	113	231	143	158	090	140	190	246	165	146	156	081	124	165	142	260	146	125	155	146	184	106	170	081	173	081	167	228	114	098	101	181	211	142	151
565	5	091	136	181	253	103	145	103	143	195	238	087	158	113	231	143	158	102	140	194	252	175	158	156	083	132	165	142	262	150	129	155	146	196	112	170	089	173	085	167	236	130	102	103	191	211	168	153
566	5	089	134	175	241	103	141	093	129	195	232	087	158	115	229	143	156	090	127	194	252	167	146	144	083	124	175	142	260	146	125	155	150	192	110	170	085	161	081	167	224	130	092	099	181	205	142	151
566	5	091	138	179	253	103	145	103	143	195	252	087	162	115	229	143	158	090	146	194	252	167	152	156	083	124	175	148	260	150	127	157	150	196	112	170	089	165	091	167	228	130	104	101	191	211	142	153
567	5	091	134	179	253	103	135	091	129	189	238	087	158	108	229	143	156	090	127	194	246	175	146	154	081	122	175	142	260	140	123	155	146	180	106	170	089	165	089	167	224	130	102	101	181	211	158	145
567	5	091	136	187	269	105	141	103	143	195	250	087	162	115	231	143	160	090	140	194	246	175	152	156	081	124	175	150	262	150	127	159	150	180	110	170	089	173	091	167	238	132	102	101	181	215	166	153
568	5	091	136	185	253	103	135	083	129	191	232	087	161	113	229	143	158	090	140	194	246	165	152	154	083	124	175	148	260	140	127	155	146	180	106	176	089	161	081	167	224	130	102	095	191	205	142	145
568	5	091	136	187	269	103	135	093	129	191	238	087	162	115	231	143	160	102	140	194	252	167	166	156	083	132	183	148	262	150	129	159	150	196	112	176	089	173	089	167	238	132	104	103	191	207	162	151
569	5	091	138	179	241	103	141	103	129	191	238	087	147	113	227	143	156	090	127	190	246	177	158	154	083	124	165	142	260	140	125	155	146	180	106	170	085	161	081	167	224	130	102	101	181	205	162	145
569	5	091	138	181	269	103	147	103	143	195	238	089	162	113	231	143	160	102	127	194	252	177	166	154	083	124	165	150	260	150	129	159	154	184	106	176	089	173	087	167	238	130	104	101	191	205	168	145
570	5	089	136	179	241	103	135	103	129	191	238	087	158	113	229	143	156	090	127	190	246	167	146	154	081	122	165	142	260	148	123	157	148	180	110	170	081	161	085	167	224	130	102	095	181	205	142	145
570	5	091	136	181	253	104	145	103	143	191	238	089	161	115	229	143	158	090	138	194	252	173	152	154	083	132	175	148	262	150	125	157	150	184	112	176	089	165	091	167	228	132	102	101	181	211	142	153
613	5	091	134	181	253	103	145	091	129	195	238	087	147	113	229	143	154	090	127	190	252	175	152	154	083	124	165	142	260	146	127	157	148	180	112	170	085	161	081	167	236	114	092	095	181	205	142	145
613	5	091	136	181	253	103	145	103	143	195	238	087	162	115	231	143	156	090	140	194	252	175	152	154	083	124	183	142	262	150	129	159	150	196	112	172	089	173	089	167	238	130	102	101	181	205	162	145
614	5	089	136	175	241	103	141	097	143	189	238	087	147	115	227	143	156	090	127	190	246	167	150	154	081	122	165	142	262	140	129	155	150	184	110	172	083	161	081	167	228	130	098	099	181	211	142	145
614	5	091	136	179	269	105	145	103	143	191	252	089	147	115	231	143	160	090	140	194	246	175	152	154	083	124	181	150	262	146	129	157	150	192	110	174	095	173	089	167	238	132	104	101	191	211	168	153
615	5	089	136	179	241	103	135	093	129	191	238	087	147	108	225	143	158	090	127	190	246	173	150	154	081	122	175	142	260	148	125	157	148	180	110	166	081	173	081	167	228	114	102	099	191	205	158	145
615	5	091	138	187	253	103	145	103	129	195	238	087	161	113	231	145	160	102	140	200	252	175	152	160	083	132	175	142	262	150	129	157	150	184	112	172	089	173	089	167	228	130	104	101	191	211	168	145
616	5	089	134	187	253	103	141	091	129	189	238	087	158	115	229	143	158	090	140	190	246	165	146	154	081	132	183	142	260	146	125	155	150	184	106	170	089	161	081	167	224	130	102	101	181	205	142	151
616	5	089	136	187	253	103	141	103	143	191	238	087	162	115	231	143	160	102	140	194	254	173	158	160	083	132	183	148	262	148	129	157	150	192	106	174	095	173	091	167	236	130	104	103	191	211	158	151
617	5	089	134	181	253	103	135	093	129	191	238	087	158	115	225	143	154	090	127	190	252	165	146	144	081	124	165	142	260	146	125	155	146	184	110	170	085	161	085	161	228	114	092	095	181	205	162	151
617	5	091	136	187	253	103	141	103	129	195	252	087	161	115	229	143	160	090	140	194	252	173	152	144	083	132	175	142	262	150	127	159	146	192	112	172	089	161	085	167	238	130	092	103	191	215	168	153
618	5	089	136	181	253	103	145	085	129	189	252	087	147	115	233	143	158	090	140	194	246	173	152	154	083	122	175	142	262	146	129	155	150	180	106	166	081	161	085	167	238	118	102	101	181	205	142	145
618	5	091	142	181	253	105	145	093	129	191	252	089	160	115	233	143	158	090	146	194	252	175	152	154	085	124	183	148	262	150	129	159	154	180	110	172	089	165	091	167	238	134	102	101	191	207	162	151
619	5	093	136	175	241	103	135	091	129	189	238	087	160	108	223	143	156	090	127	194	246	159	146	144	083	124	179	148	260	140	131	151	146	184	106	170	083	165	087	167	228	130	092	095	179	205	168	143
619	5	093	142	185	241	105	137	103	149	189	238	087	165	113	231	143	156	100	140	194	246	175	162	154	085	124	179	148	262	152	131	155	148	196	110	174	095	165	089	167	228	134	098	099	191	205	168	149
620	5	089	134	181	253	103	141	103	129	195	232	087	147	113	227	143	158	090	140	188	246	165	146	154	081	122	165	142	260	146	127	157	150	180	110	172	089	161	085	167	228	114	098	101	181	205	162	145
620	5	091	136	181	269	103	141	103	143	195	238	089	160	113	229	145	158	090	140	194	252	175	146	154	083	124	183	148	262	150	129	157	150	184	112	174	089	161	089	167	228	114	104	103	181	207	162	151
621	5	089	134	179	253	103	145	083	129	191	238	087	147	113	229	143	158	090	127	188	252	167	152	154	081	124	175	142	262	146	125	157	146	184	110	170	089	161	085	167	228	128	092	095	181	211	166	151
621	5	091	134	179	269	105	145	103	129	191	254	089	158	115	231	143	158	090	138	190	252	173	152	160	081	124	175	142	262	148	127	157	150	184	110	176	089	165	091	167	238	130	096	101	191	215	168	151
622	5	089	136	179	253	103	135	085	143	189	238	087	158	113	227	143	156	090	127	190	252	173	146	154	081	124	175	142	260	150	125	155	146	180	106	170	081	161	081	167	236	114	098	099	181	205	162	151
622	5	091	136	181	253	103	141	103	143	191	252	087	162	115	231	143	156	090	148	190	252	175	152	154	081	132	183	150	262	150	129	159	150	184	110	170	089	161	091	167	238	114	102	103	191	207	162	151
623	5	089	136	179	253	103	141	093	143	191	238	087	161	108	227	143	156	090	140	194	246	173	146	156	083	124	175	142	262	140	123	155	148	180	106	170	089	173	085	167	228	130	092	095	181	205	142	145
623	5	091	142	181	269	103	141	103	143	191	238	087	162	115	229	143	160	090	146	194	252	175	152	156	085	124	183	142	262	150	127	157	150	184	112	172	095	173	091	167	238	132	102	101	181	205	162	145
624	5	089	134	179	253	103	141	089	129	191	232	087	158	113	227	143	156	090	127	190	252	173	152	144	081	124	165	142	260	150	125	155	146	184	106	170	089	161	091	167	228	130	102	095	181	205	158	145
624	5	089	134	187	269	103	145	093	143	195	252	089	162	115	231	143	158	102	148	194	252	177	164	154	083	132	165	148	262	150	127	157	150	192	112	176	089	165	091	167	238	130	102	103	191	215	164	149
625	5	091	136	179	241	103	141	103	129	191	232	087	160	113	227	143	156	090	127	194	246	165	146	144	083	124	175	142	260	150	129	155	150	192	112	170	083	161	085	167	228	128	092	095	181	205	142	151
625	5	091	136	181	253	103	145	103	141	195	238	089	161	115	229	143	156	090	127	200	252	173	164	154	083	124	183	148	262	150	129	157	150	192	112	172	085	165	091	167	228	130	102	101	191	205	166	151
626	5	091	134	179	241	103	141	093	129	191	238	087	158	113	229	143	156	090	127	194	252	165	152	144	083	124	165	142	260	146	129	155	146	180	090	170	083	165	081	167	228	130	092	101	181	211	158	145
626	5	093	136	181	253	103	145	103	141	191	252	087	161	115	231	143	160	102	127	194	252	175	152	154	083	124	183	150	262	150	129	157	154	180	112	170	095	173	087	167	236	130	102	103	191	215	168	151
627	5	091	136	181	253	103	135	103	129	191	238	087	158	113	229	143	154	088	127	194	252	175	146	154	083	122	165	142	260	150	125	159	146	180	106	170	085	161	085	167	236	128	104	101	181	211	142	145
627	5	091	138	187	253	103	141	103	129	191	238	087	160	115	231	143	158	090	127	194	254	177	152	154	083	124	183	150	262	150	129	159	150	184	110	176	089	173	089	167	238	132	104	103	191	211	158	149
628	5	089	136	179	253	103	141	089	129	191	238	087	147	113	229	143	158	090	127	190	252	165	146	154	083	122	165	148	260	146	125	155	146	180	106	170	085	173	089	167	228	130	098	101	181	201	158	145
628	5	091	138	181	253	103	141	103	143	191	238	087	161	113	231	143	158	090	140	194	252	167	152	154	083	124	183	148	262	150	129	157	150	180	106	174	095	173	091	167	236	134	104	103	181	205	162	145
629	5	091	136	179	253	103	141	093	129	189	238	089	158	108	229	143	158	090	127	190	252	165	150	154	081	124	165	142	262	140	125	155	150	184	106	170	081	161	085	167	228	132	102	101	181	215	142	145
629	5	091	136	185	269	103	145	103	129	195	252	089	161	113	231	143	158	102	127	194	252	177	152	156	083	124	183	148	262	150	129	157	150	192	112	174	081	161	085	167	236	134	104	103	191	215	166	145
630	5	091	134	179	241	103	135	093	129	195	238	087	161	108	227	143	158	090	127	190	252	173	146	144	081	122	175	142	260	140	123	157	148	180	106	170	089	165	089	167	224	130	092	095	181	205	162	145
630	5	091	136	181	253	103	141	103	143	195	238	087	162	108	231	143	158	090	140	194	254	175	158	154	083	124	175	142	262	140	127	159	150	184	108	170	089	173	089	167	238	132	098	095	191	211	168	145
631	5	089	136	179	241	103	135	103	129	191	238	087	160	113	231	143	156	090	138	190	246	167	146	144	083	124	165	142	256	146	129	155	146	180	110	170	089	165	085	167	236	134	102	103	181	205	164	145
631	5	091	142	187	253	105	141	103	141	191	254	089	162	115	231	143	158	102	140	194	252	173	146	154	083	124	183	148	262	150	129	155	150	180	110	176	095	173	091	167	238	134	102	103	191	211	168	151
632	5	089	134	179	253	103	145	093	129	195	238	087	160	113	229	143	156	090	127	194	246	165	146	154	083	124	165	142	260	146	125	159	150	180	110	170	089	161	085	161	228	130	092	095	181	205	158	145
632	5	091	136	187	253	105	145	103	129	195	254	089	160	113	233	143	158	090	140	194	246	167	152	154	085	132	175	142	262	150	129	159	150	192	110	176	089	173	089	167	228	130	098	103	181	205	166	151
633	5	091	136	179	253	103	135	103	129	191	238	087	143	113	225	143	158	090	127	188	252	165	166	144	081	132	175	142	260	140	129	157	146	184	106	170	089	161	085	167	228	114	096	101	181	207	142	151
633	5	093	140	179	253	105	145	103	143	195	238	087	162	115	231	143	158	102	150	194	252	175	166	154	083	132	183	142	262	140	129	159	150	192	110	170	089	165	089	167	228	130	102	101	181	211	142	153
634	5	091	136	181	241	103	135	093	143	189	252	087	147	108	231	143	156	090	138	190	246	173	146	144	081	124	175	142	260	140	127	155	146	180	108	170	081	161	085	167	224	132	102	099	181	205	158	145
634	5	091	136	187	253	103	141	097	145	195	254	087	162	115	231	143	158	090	140	194	252	175	146	154	083	124	183	142	260	150	129	155	146	180	112	176	089	161	089	167	238	134	102	103	191	211	158	151
635	5	089	134	181	253	103	141	103	129	189	238	087	147	108	229	143	158	090	140	194	252	165	152	144	081	124	165	142	262	146	127	155	146	180	106	170	089	161	085	167	228	114	092	101	181	205	142	145
635	5	091	136	181	253	103	147	103	143	195	252	089	162	108	231	143	158	090	140	194	252	177	152	154	083	124	183	142	262	146	129	157	154	196	112	170	095	165	091	167	238	134	104	101	191	205	168	149
636	5	091	134	179	241	103	135	097	129	189	238	087	158	113	227	143	154	090	140	190	246	165	146	154	083	124	175	142	262	150	123	157	148	180	110	170	089	165	087	167	224	130	102	095	181	201	142	145
636	5	091	136	181	269	103	145	103	129	191	238	087	161	113	231	143	158	090	140	194	252	175	166	156	083	124	183	142	262	150	125	159	150	180	112	170	089	173	089	167	228	132	104	101	191	205	158	151
637	5	089	136	179	253	103	147	093	129	191	232	087	160	113	227	143	158	090	146	188	252	175	146	154	083	122	183	142	256	150	129	155	150	196	106	170	085	161	081	161	238	130	104	101	181	205	164	151
637	5	089	136	179	253	103	147	103	143	191	232	087	161	113	229	143	158	090	146	194	252	175	152	154	085	122	183	148	262	150	129	157	150	196	106	176	085	161	089	167	240	134	104	103	191	205	164	153
638	5	089	134	187	241	103	141	085	143	191	232	087	158	115	229	143	160	090	127	194	246	167	152	154	081	122	181	142	260	140	123	155	146	180	110	170	089	161	091	167	228	130	102	095	177	207	158	145
638	5	089	142	187	269	103	141	085	143	195	252	089	160	115	231	143	160	090	140	194	252	175	158	156	083	124	183	142	262	148	129	155	150	184	110	172	089	173	091	167	238	134	102	103	181	215	158	151
639	5	089	134	179	253	103	145	093	141	189	238	087	158	113	229	143	156	088	127	194	252	167	146	154	083	132	175	142	260	146	125	155	146	180	106	170	083	165	089	167	236	130	098	101	181	207	142	151
639	5	089	138	181	269	103	147	097	143	191	238	089	161	115	231	145	158	090	140	194	252	177	166	154	083	132	183	148	262	146	129	155	150	196	110	174	095	173	091	167	238	130	104	103	191	211	164	153
640	5	089	136	179	253	103	141	103	129	191	232	087	158	113	229	143	156	090	127	194	252	167	152	144	081	124	165	142	256	140	125	155	150	180	106	172	089	161	085	167	238	130	098	095	181	211	142	145
640	5	091	136	179	269	103	145	103	129	191	238	087	158	115	231	145	158	090	140	194	252	167	166	154	083	132	175	150	260	148	129	159	154	190	112	176	095	161	089	167	238	132	102	103	191	215	158	151
689	5	089	136	179	241	103	135	097	129	195	232	087	161	108	225	143	154	090	138	190	254	175	152	154	083	124	165	142	260	150	129	155	150	180	110	172	089	173	091	167	228	130	102	095	181	205	142	151
689	5	091	136	181	253	105	141	103	143	195	238	087	162	115	229	145	158	090	140	190	254	175	152	154	083	124	183	150	262	150	129	157	150	184	112	176	089	173	091	167	228	134	104	103	191	211	142	153
690	5	091	136	179	253	103	135	093	129	189	238	087	147	108	227	143	158	090	127	188	252	165	152	144	081	132	183	142	260	140	123	155	148	180	106	170	081	173	087	167	224	130	104	103	181	205	142	145
690	5	091	138	179	269	103	141	103	129	191	254	087	162	108	229	145	158	090	140	194	252	175	164	154	083	132	183	148	262	150	129	155	154	184	110	170	095	173	089	167	228	130	104	103	181	211	158	151
691	5	091	138	179	253	105	141	093	143	191	238	087	161	113	229	143	156	090	127	190	252	167	146	154	081	124	165	138	260	150	123	155	146	180	106	170	089	165	089	167	224	128	098	101	181	205	142	149
691	5	091	142	179	269	105	145	103	143	195	238	087	161	115	229	143	158	090	140	194	252	173	146	154	085	132	183	142	262	150	123	159	150	184	110	170	089	173	091	167	228	132	104	103	191	211	142	151
692	5	089	136	181	253	103	141	103	129	195	238	087	162	113	227	143	158	090	140	194	246	167	158	154	081	124	165	142	262	140	127	155	146	192	112	170	083	161	081	167	228	114	102	099	181	201	142	145
692	5	091	136	181	253	103	145	103	129	195	238	089	162	115	229	143	160	102	150	200	252	173	166	156	083	124	165	148	262	148	127	157	150	192	112	170	085	173	085	167	238	130	104	101	181	205	166	153
693	5	089	134	179	241	103	141	103	129	189	238	087	158	115	225	143	156	090	127	190	252	173	146	144	083	124	165	142	260	140	125	157	148	180	106	170	089	161	085	167	236	114	096	101	181	205	142	149
693	5	089	136	181	253	103	141	103	143	195	238	089	162	115	231	143	160	090	127	194	252	173	146	154	083	132	175	148	260	140	129	159	148	180	110	174	095	173	091	167	238	132	104	101	191	211	158	151
694	5	089	134	179	241	103	135	085	129	191	232	087	161	108	229	143	154	090	140	190	252	175	152	144	081	132	183	142	262	140	127	157	146	184	106	170	089	161	085	167	236	130	092	101	191	201	158	145
694	5	091	136	179	253	103	145	103	143	191	238	089	161	115	231	143	158	090	146	194	252	175	152	156	083	132	183	142	262	146	129	157	148	192	112	174	089	173	091	167	236	132	104	103	191	205	162	151
695	5	089	136	179	253	103	135	103	129	195	238	087	158	108	231	143	156	090	146	194	252	165	152	144	083	124	175	142	262	146	125	159	150	180	110	170	089	161	081	167	224	130	102	095	191	205	162	151
695	5	091	142	179	269	103	141	103	129	195	252	087	158	115	231	143	160	090	148	194	252	167	152	154	083	132	183	148	262	150	129	159	150	184	110	170	089	165	089	167	238	132	104	103	191	215	168	151
696	5	091	136	179	253	103	141	103	143	191	238	087	162	113	229	143	156	090	140	194	246	167	152	154	081	124	165	148	260	150	125	157	146	180	112	166	081	161	085	167	224	130	098	101	181	205	158	145
696	5	091	142	187	253	105	145	103	143	191	254	087	162	113	229	145	158	102	140	194	252	175	158	154	083	132	175	148	262	150	127	157	150	180	112	170	083	165	091	167	228	130	102	103	191	211	162	151
697	5	089	136	181	241	103	141	091	141	191	238	087	158	113	227	143	156	090	140	190	246	165	146	154	081	124	165	142	262	146	123	155	146	180	106	170	089	161	085	167	238	128	102	101	181	207	142	149
697	5	091	136	187	269	103	141	103	143	191	254	087	162	113	229	143	158	090	140	190	254	167	146	154	083	132	175	148	262	146	123	157	148	184	110	176	089	173	091	167	238	130	102	103	181	211	142	151
698	5	091	136	179	253	103	145	103	129	189	238	087	162	113	229	143	156	090	140	194	252	167	146	154	081	124	175	142	260	146	123	155	146	180	110	170	083	165	085	167	238	130	092	099	177	201	142	145
698	5	091	138	187	269	105	145	103	143	195	238	089	162	115	231	143	158	090	146	194	252	175	164	154	083	132	181	142	262	146	125	159	150	192	112	170	089	173	089	167	238	132	104	101	191	205	158	151
699	5	089	134	179	253	103	135	085	129	191	252	087	147	113	227	143	158	090	138	194	246	165	146	154	083	122	175	142	260	150	125	157	148	184	106	170	089	161	081	167	238	114	102	101	181	205	158	145
699	5	091	136	179	253	103	147	103	129	195	252	087	161	115	233	143	158	090	140	194	254	175	164	154	083	124	183	150	262	150	129	159	150	196	112	170	089	173	091	167	238	132	104	103	191	207	158	153
700	5	091	134	179	253	103	145	103	141	189	232	087	158	113	231	143	156	090	140	194	250	167	146	154	083	132	165	142	256	150	129	155	150	180	090	176	089	161	081	161	228	130	102	103	181	205	158	145
700	5	091	134	179	253	103	145	103	141	191	252	087	162	115	231	145	156	102	140	194	252	173	152	156	083	132	183	142	262	150	129	157	150	184	110	176	095	165	085	167	228	132	104	103	191	211	164	153
701	5	089	134	179	269	103	141	093	129	191	238	087	158	108	227	143	156	090	140	194	252	167	146	154	083	122	183	142	256	140	127	155	148	184	106	170	089	165	085	167	-9	130	102	095	181	205	158	145
701	5	091	134	181	269	103	147	103	143	191	238	087	162	115	229	143	158	090	140	200	252	175	166	156	083	124	183	142	262	150	129	155	150	190	112	172	089	173	089	167	-9	132	104	101	181	205	162	149
702	5	089	136	181	253	103	135	093	143	191	238	087	162	113	227	143	158	090	140	190	252	173	152	154	077	124	165	142	262	140	127	157	148	180	110	170	089	173	085	167	228	128	096	095	181	205	162	145
702	5	091	136	187	271	103	145	103	143	195	238	089	162	115	231	143	158	090	140	194	252	177	152	156	085	124	175	148	262	150	129	159	150	196	110	176	089	173	085	167	238	130	098	101	191	205	166	145
703	5	089	134	179	253	104	141	103	129	191	238	087	158	113	227	143	154	090	127	194	252	165	152	154	081	124	165	142	262	140	125	157	150	180	108	170	089	173	087	167	238	130	102	101	191	201	142	149
703	5	089	134	179	269	105	141	103	143	195	238	089	162	113	227	143	158	090	127	194	252	173	152	160	083	124	175	148	262	146	129	157	154	180	110	176	095	173	091	167	238	134	104	101	191	205	142	151
704	5	089	136	179	241	103	135	089	143	191	238	087	161	115	225	143	154	090	127	188	246	173	152	144	083	124	175	142	260	140	125	155	150	180	110	170	089	161	091	167	236	114	096	095	181	205	142	145
704	5	091	136	179	253	105	141	097	143	191	252	087	162	115	229	145	160	090	148	194	252	173	158	156	085	132	175	150	262	150	129	159	150	192	112	176	089	173	091	167	238	132	102	101	191	215	142	153
390	6	089	138	179	253	103	135	091	129	191	232	087	147	113	229	143	156	090	142	190	252	167	152	144	081	124	175	138	260	150	123	155	150	180	090	170	085	161	089	167	228	128	096	095	181	205	144	151
390	6	091	138	187	253	103	135	093	149	191	252	087	160	113	233	143	156	090	142	194	252	167	152	154	083	132	183	148	260	150	129	157	150	180	112	172	089	169	089	167	238	128	104	103	181	207	144	153
391	6	089	138	179	253	103	145	093	129	191	238	087	158	113	227	143	154	090	127	194	252	173	152	152	081	122	175	142	262	150	125	155	150	180	090	166	089	161	081	167	228	130	096	095	181	205	166	149
391	6	091	138	187	253	103	147	093	141	191	252	087	160	113	231	143	158	102	142	194	252	173	152	154	081	124	183	142	262	150	129	157	150	180	112	170	089	161	089	167	228	130	102	103	181	205	166	153
392	6	089	136	179	253	103	135	093	129	191	254	087	161	108	227	143	156	090	127	188	252	173	146	144	083	126	179	142	260	150	129	155	146	180	110	166	085	161	087	167	238	130	098	095	181	205	142	149
392	6	089	138	187	253	103	145	103	129	191	254	089	162	115	231	143	158	090	148	194	252	175	146	156	083	132	183	148	262	150	129	157	150	180	112	170	089	165	089	167	238	130	102	103	181	205	144	153
393	6	089	136	179	253	103	135	091	129	189	232	087	158	113	229	143	156	090	127	194	252	167	146	144	077	124	165	142	260	150	123	155	150	180	106	166	083	161	089	161	228	114	092	095	177	205	144	151
393	6	091	140	179	253	103	145	093	149	191	238	087	162	115	233	143	160	090	142	194	252	177	152	154	081	124	165	142	262	150	125	159	150	180	112	172	089	161	089	167	228	130	096	103	181	205	158	151
394	6	089	134	179	253	103	135	091	143	191	232	087	160	113	229	143	156	088	142	190	252	177	146	154	081	124	165	142	260	146	123	155	150	180	106	172	083	161	089	167	228	128	096	095	181	205	144	149
394	6	091	136	179	253	103	141	093	143	191	232	091	160	115	233	143	160	090	142	194	252	177	146	154	081	132	165	148	260	150	125	159	150	180	110	172	083	169	089	167	238	128	096	095	181	207	158	151
647	6	089	138	179	253	103	141	097	129	191	232	087	158	108	229	143	156	088	127	190	252	173	146	144	081	132	165	142	260	140	125	159	148	180	112	166	085	165	089	167	228	128	102	095	181	205	142	149
647	6	091	138	187	253	103	145	103	129	195	238	091	160	113	231	143	160	090	140	194	252	177	152	154	083	132	175	142	262	150	129	159	150	184	112	172	095	169	089	167	236	130	104	095	191	205	142	151
648	6	089	134	181	253	103	145	093	129	189	232	087	147	113	227	143	158	102	140	190	252	173	152	144	081	124	175	138	262	150	123	155	150	180	106	170	089	161	089	167	228	130	102	095	181	207	166	149
648	6	089	136	187	253	103	145	093	141	191	238	091	147	115	231	143	158	102	146	190	252	177	154	154	081	132	183	148	262	150	129	159	150	196	110	172	095	165	089	167	238	130	102	095	181	211	166	151
007	7	089	134	181	247	103	135	091	129	189	238	087	158	115	231	143	154	090	148	194	250	175	152	144	083	124	183	142	260	146	129	155	146	180	096	170	085	165	087	167	236	130	102	103	181	211	142	145
007	7	089	136	185	253	103	147	097	143	189	254	091	160	115	231	143	158	102	150	194	252	177	152	154	083	132	183	150	260	150	129	155	146	180	106	170	089	173	087	167	236	130	102	103	181	215	166	145
012	7	091	136	187	253	103	135	097	141	189	238	087	160	115	229	143	156	102	127	188	252	161	150	144	083	124	175	142	262	146	129	151	150	180	106	170	085	173	087	167	228	118	100	095	181	207	158	145
012	7	091	138	191	269	103	141	103	149	191	252	087	160	115	231	143	158	102	150	194	252	175	150	144	083	124	183	142	262	146	129	157	150	198	112	172	089	173	091	167	236	132	104	103	181	207	168	145
020	7	089	134	175	247	103	135	091	129	189	254	087	160	115	225	143	158	090	142	194	246	163	146	154	081	132	183	142	260	140	125	155	146	180	106	170	085	161	081	167	228	130	098	101	181	205	142	145
020	7	091	136	187	253	103	137	103	143	189	254	087	160	115	229	143	158	102	150	194	252	167	152	160	083	132	183	142	262	146	125	155	150	192	112	170	089	169	089	167	240	130	102	101	181	205	168	151
021	7	089	134	187	247	103	135	097	129	191	232	087	160	113	229	143	154	090	148	188	252	167	152	144	083	124	165	142	260	146	129	151	146	180	106	170	089	161	085	167	236	118	102	095	181	207	142	145
021	7	089	136	191	253	103	147	103	129	191	232	089	162	115	231	143	156	090	150	190	252	173	156	144	083	132	183	150	262	148	129	155	146	192	106	172	089	173	091	167	236	130	104	103	181	207	166	149
022	7	089	136	187	253	103	135	097	129	189	238	087	160	113	229	143	156	090	140	188	252	173	156	144	083	132	165	142	260	146	129	151	150	180	106	172	089	161	089	167	236	130	104	095	181	207	142	149
022	7	091	136	191	269	103	145	097	129	191	254	089	162	113	231	143	156	102	148	202	252	173	162	144	083	132	183	148	262	150	129	155	150	192	106	172	089	161	091	167	236	130	104	097	181	207	166	149
034	7	089	136	185	241	103	135	097	127	189	232	087	160	113	229	143	156	090	127	194	246	163	146	154	083	124	175	142	262	150	125	155	150	180	106	170	089	173	085	167	228	132	104	095	181	207	158	145
034	7	091	136	187	253	103	141	103	141	191	238	089	162	113	231	143	156	102	146	202	252	177	152	160	083	124	183	148	262	150	129	155	150	180	106	170	089	173	085	167	236	132	104	103	181	211	166	149
049	7	091	134	187	247	102	135	091	129	189	252	087	160	113	225	143	158	090	146	194	246	163	146	144	083	132	183	142	256	140	125	155	150	180	106	170	089	161	081	161	236	130	102	101	181	205	168	145
049	7	091	136	187	253	102	145	093	143	191	254	087	160	115	229	143	158	102	150	194	254	167	162	160	083	132	183	142	262	146	129	155	150	180	106	170	089	173	081	167	236	132	102	101	181	205	168	149
062	7	089	136	191	241	102	135	083	129	191	232	089	162	113	229	143	158	090	146	194	246	167	152	144	083	124	183	142	262	146	123	151	146	180	096	172	089	161	081	167	236	132	102	103	181	205	158	145
062	7	089	136	191	247	102	141	097	143	191	252	091	162	115	231	147	158	090	148	202	246	177	156	160	083	132	183	150	262	146	129	151	146	192	106	172	089	161	091	167	236	132	102	103	189	215	166	149
089	7	089	136	187	247	103	135	091	129	191	232	087	160	113	229	143	156	090	127	194	246	163	152	144	083	132	183	142	256	148	125	151	146	180	106	170	089	173	085	167	236	118	098	095	181	207	142	145
089	7	089	136	187	247	103	147	103	143	191	252	087	162	115	231	143	158	090	150	194	252	167	152	154	083	132	183	150	262	150	129	155	146	180	106	170	089	173	091	167	236	118	104	101	181	207	166	153
092	7	089	134	187	247	103	135	091	129	191	232	087	160	113	229	143	156	090	148	190	252	163	152	144	083	132	183	142	262	146	129	151	146	180	106	170	089	161	085	167	228	118	098	095	181	207	142	145
092	7	089	136	187	253	103	147	103	129	191	252	087	162	115	231	143	158	090	150	194	254	167	152	144	083	132	183	150	262	148	129	151	146	192	106	170	089	173	091	167	236	118	102	095	181	207	142	145
100	7	089	134	187	247	103	135	097	141	189	232	087	160	113	231	143	158	090	127	188	252	163	152	144	083	124	175	142	256	146	129	155	146	180	106	170	089	173	085	167	228	132	102	095	181	207	158	145
100	7	091	136	187	253	103	135	103	149	189	252	089	162	113	231	143	158	102	150	194	252	177	152	154	083	132	183	142	262	148	129	157	150	198	110	170	089	173	091	167	236	132	104	095	181	215	168	145
105	7	089	136	185	241	103	135	093	129	189	232	087	160	113	229	133	156	090	127	194	246	163	146	154	083	124	175	142	256	146	125	151	150	180	108	170	085	161	081	167	236	130	102	095	181	207	158	153
105	7	089	136	187	253	103	147	097	143	191	254	089	160	115	231	143	158	102	150	194	252	163	158	154	083	132	183	142	260	150	125	155	150	180	112	172	089	173	087	167	236	132	102	103	181	207	160	153
205	7	089	134	185	247	103	135	097	129	189	232	087	160	108	225	133	156	090	148	194	246	163	146	154	083	122	175	142	260	140	129	151	146	180	106	170	085	161	087	161	240	118	102	095	181	205	142	145
205	7	091	138	191	247	103	145	097	143	189	232	089	160	113	229	143	160	102	150	202	252	173	152	160	083	132	175	142	262	146	129	155	146	184	110	172	089	161	091	167	240	130	102	103	181	207	158	145
206	7	089	134	185	247	103	145	093	129	191	238	087	160	108	225	143	156	090	148	190	252	173	146	144	083	124	175	142	260	146	123	155	150	180	106	170	085	161	085	161	228	128	102	095	181	205	142	145
206	7	091	136	187	253	103	147	103	129	191	254	087	162	113	225	143	160	090	150	194	252	175	156	154	083	132	175	142	262	148	129	155	150	184	108	172	089	173	087	167	238	130	104	103	181	211	144	145
207	7	089	134	185	247	103	135	103	129	189	254	089	160	113	229	143	158	090	150	188	250	163	156	154	077	132	183	142	260	146	129	155	146	180	106	170	089	173	085	167	228	130	098	095	181	207	142	145
207	7	089	136	185	253	103	145	103	129	191	254	091	162	115	231	143	160	102	150	194	252	177	162	160	083	132	183	150	262	148	129	155	150	180	106	172	089	173	085	167	240	130	102	101	191	211	158	145
208	7	091	134	181	241	103	135	093	129	189	238	087	158	115	229	143	154	090	146	194	252	163	156	144	083	124	183	142	260	140	129	155	150	180	106	172	085	161	081	161	236	130	102	095	181	205	142	145
208	7	093	134	187	247	103	145	103	129	189	254	087	160	115	229	143	158	102	150	202	252	167	156	160	083	132	183	148	262	150	129	155	150	180	106	172	089	165	087	167	236	132	104	101	181	211	166	145
209	7	091	134	185	253	103	141	093	129	189	248	083	160	113	225	143	158	090	140	194	252	163	146	144	083	124	175	142	262	146	123	151	150	180	106	172	083	161	089	167	236	118	102	103	181	205	142	145
209	7	093	138	191	253	103	145	103	143	191	254	087	162	115	225	147	158	102	150	194	254	177	158	144	083	124	183	150	262	150	129	155	150	198	108	172	089	161	091	167	240	118	104	103	181	205	166	149
377	7	089	134	187	253	103	135	093	129	189	232	089	160	113	229	133	156	090	148	190	246	163	152	144	083	132	175	142	256	140	125	151	150	180	106	170	085	173	085	167	236	118	102	095	181	205	166	145
377	7	091	136	191	269	103	145	103	143	195	238	089	160	115	231	143	158	102	150	194	252	167	152	160	083	132	183	142	262	140	125	155	150	180	106	172	089	173	091	167	240	132	102	095	181	211	166	145
881	7	089	136	187	247	103	135	083	129	189	238	087	160	113	231	133	156	090	127	194	246	163	146	144	083	124	183	142	256	146	123	151	146	180	096	170	089	161	087	167	236	130	102	103	181	205	158	145
881	7	089	138	191	253	103	141	093	129	191	254	091	160	115	231	143	156	090	148	202	246	167	156	160	083	132	183	142	262	150	125	155	150	180	112	170	089	173	091	167	236	132	104	103	181	215	158	149
003	8	091	138	187	269	103	135	097	129	189	232	087	160	108	225	143	156	090	127	194	246	173	146	144	083	132	165	142	260	140	127	155	150	180	090	168	085	168	087	167	228	114	098	097	181	205	162	149
003	8	099	138	187	269	103	145	097	143	191	254	087	160	113	231	143	158	100	140	194	250	177	152	144	083	132	165	148	262	140	129	155	150	180	106	168	085	173	087	167	228	118	098	099	181	205	164	149
108	8	091	138	187	239	103	135	093	129	189	238	087	160	113	227	143	156	090	140	194	250	175	148	144	083	120	179	142	262	140	127	155	146	180	090	170	089	168	085	167	228	114	096	097	179	201	156	145
108	8	091	138	187	269	103	135	105	143	191	254	087	162	115	231	145	156	100	140	194	252	177	148	154	083	124	179	148	262	150	127	157	146	184	108	170	091	173	087	167	236	134	098	097	181	201	162	145
194	8	089	138	181	253	103	135	091	127	191	232	089	143	113	231	143	158	090	127	194	250	177	148	144	081	120	165	142	262	140	127	153	150	180	106	168	091	161	087	161	228	114	098	095	181	201	162	145
194	8	099	138	187	253	103	135	093	143	195	238	089	143	113	233	143	158	100	140	194	250	177	166	144	083	124	183	148	262	140	129	155	150	180	110	168	091	168	087	167	242	134	102	103	191	207	162	151
232	8	091	138	181	241	103	135	093	131	189	238	087	160	108	231	143	156	090	127	200	250	173	148	144	081	120	165	142	262	140	127	155	146	180	090	170	089	168	085	167	228	114	092	097	179	201	156	149
232	8	099	138	187	249	103	145	093	143	189	254	087	160	113	233	145	158	090	140	202	250	177	150	144	083	124	179	148	262	150	129	155	150	180	110	170	091	173	087	167	228	130	102	103	181	205	168	149
321	8	091	138	187	249	103	135	091	131	195	254	087	160	113	227	143	156	100	127	200	250	167	148	154	083	120	179	142	260	140	127	155	146	180	108	170	085	165	087	167	228	114	092	099	179	205	158	149
321	8	091	138	187	269	103	135	105	143	195	254	087	160	113	231	145	158	100	127	202	250	177	148	154	083	132	183	148	262	140	129	155	150	180	108	170	085	168	087	167	242	134	102	099	181	211	158	149
322	8	091	138	187	253	103	135	091	129	189	238	087	143	108	227	143	156	090	127	194	250	177	152	144	081	120	165	142	262	140	127	151	150	180	106	168	089	168	087	161	228	114	092	099	181	201	162	145
322	8	099	138	187	253	103	135	093	143	191	254	089	162	113	233	143	158	100	140	194	250	177	166	144	081	120	165	148	262	140	127	155	150	184	110	170	089	168	087	167	238	114	098	103	181	201	162	151
329	8	091	138	187	239	103	135	093	128	189	254	087	160	108	227	145	156	090	127	194	250	173	152	144	083	120	179	142	260	140	127	155	146	180	090	168	089	173	087	167	238	114	096	099	179	211	156	145
329	8	091	138	187	269	103	135	093	131	191	254	087	162	108	231	145	156	100	140	200	250	175	152	154	083	124	183	148	262	150	127	157	150	180	110	170	091	173	087	167	242	134	098	099	181	211	166	149
330	8	091	138	187	253	103	135	097	129	189	238	087	143	108	227	143	158	100	140	194	250	173	146	144	083	120	165	142	262	140	127	155	146	180	090	168	085	168	087	167	228	114	102	097	179	201	158	145
330	8	091	138	187	269	103	145	105	143	191	254	087	160	115	231	145	158	100	140	200	250	177	148	154	083	132	179	148	262	140	129	157	150	180	106	170	085	173	087	167	240	114	102	099	181	205	162	149
342	8	099	138	187	253	103	135	091	129	189	238	087	143	108	227	143	154	090	127	194	248	175	148	144	081	120	165	142	262	140	127	155	150	184	106	168	091	168	087	161	236	114	092	103	181	201	166	145
342	8	099	138	187	253	103	135	091	129	191	254	089	160	108	229	143	158	100	140	194	252	177	166	144	081	124	179	148	262	140	127	157	154	184	110	170	091	169	087	161	238	134	096	103	191	205	166	151
347	8	093	136	181	253	103	135	091	129	189	232	087	160	108	227	143	154	090	127	194	250	177	146	144	081	124	179	142	262	140	125	155	146	180	090	168	085	173	085	167	228	118	102	097	179	201	162	145
347	8	099	138	187	269	103	135	097	131	191	232	087	162	113	231	143	156	090	127	194	250	177	152	144	081	124	183	148	262	140	129	157	150	180	106	170	091	173	091	167	236	134	104	097	179	201	168	149
801	9	091	134	179	241	103	135	097	129	189	250	087	160	113	225	143	158	090	127	190	252	167	152	144	081	124	165	142	260	140	125	155	146	180	106	168	085	161	085	167	224	130	104	095	181	211	142	149
801	9	091	136	187	247	105	145	103	129	191	254	089	160	115	229	143	158	090	140	194	252	173	152	156	083	132	183	150	262	150	129	155	148	192	112	178	095	165	087	167	228	130	104	101	191	215	142	151
815	9	089	134	185	253	103	135	097	129	191	252	087	158	113	225	143	156	090	127	194	252	163	152	154	081	122	165	142	258	140	129	155	146	184	106	170	089	161	085	167	238	118	098	101	181	205	142	149
815	9	093	140	191	273	103	141	103	143	195	252	089	162	113	227	143	158	100	140	202	252	173	158	154	083	124	179	150	260	148	129	159	148	184	112	174	089	161	091	167	240	130	104	103	191	211	162	151
816	9	089	134	179	253	103	141	097	129	189	238	089	158	113	227	143	156	090	127	188	246	173	146	160	081	124	165	142	262	140	129	155	146	180	112	170	083	167	081	167	228	130	102	101	181	205	142	149
816	9	089	136	181	253	103	145	103	141	191	238	089	162	115	229	143	158	102	127	194	252	177	152	160	081	132	183	142	262	150	129	159	146	196	112	172	089	169	085	167	238	130	104	103	191	205	142	151
817	9	089	136	175	253	103	135	097	129	189	238	087	162	113	229	143	156	090	127	194	248	175	146	154	081	124	183	142	260	150	129	155	150	196	094	170	083	165	087	161	228	130	102	099	181	205	142	145
817	9	089	138	187	269	103	135	103	129	189	250	087	162	115	231	143	158	100	142	202	252	177	152	154	081	132	183	148	260	150	129	155	150	196	110	170	085	165	091	167	240	130	104	101	191	211	142	149
818	9	089	136	179	241	103	141	089	129	189	232	087	162	113	227	143	158	090	127	190	252	167	146	144	083	124	175	150	260	150	125	157	146	180	106	176	089	169	089	165	238	130	098	101	181	205	142	149
818	9	091	138	179	253	103	141	103	143	189	238	087	170	115	229	145	158	090	127	194	252	173	152	154	083	124	183	150	260	150	129	157	150	184	106	176	089	173	089	167	240	130	098	103	181	207	142	149
819	9	089	134	179	253	103	145	093	129	189	232	087	160	115	227	143	154	090	140	194	252	167	146	144	083	124	181	142	260	140	129	155	146	180	108	172	089	167	089	161	238	128	104	095	191	205	142	149
819	9	089	136	187	269	103	145	103	129	189	238	091	161	115	229	143	158	090	148	194	252	177	146	156	083	124	183	150	262	140	129	157	150	196	112	174	089	173	091	167	238	130	104	097	191	205	164	149
820	9	089	134	179	241	103	145	093	129	189	238	087	154	115	229	143	158	090	142	188	244	167	152	154	-9	122	175	148	260	146	125	155	150	180	106	170	083	161	089	167	228	130	102	103	181	207	142	145
820	9	089	136	181	247	103	145	103	143	191	250	087	160	115	229	143	158	104	142	194	246	173	152	156	-9	124	183	150	262	148	129	155	150	180	112	176	089	165	089	167	238	132	104	103	181	211	168	151
821	9	089	138	179	253	103	135	083	129	191	232	087	160	113	229	143	158	090	127	194	252	173	150	154	081	124	165	142	260	146	129	155	150	192	108	172	085	161	089	167	228	130	092	095	181	205	158	145
821	9	093	138	181	269	103	145	099	141	195	238	087	170	113	229	143	160	090	146	200	252	173	152	154	083	124	165	148	260	150	129	155	154	196	112	174	089	161	089	167	240	132	104	101	181	207	168	149
822	9	089	136	179	269	103	135	103	129	189	232	087	143	113	225	143	156	090	146	194	250	167	146	154	083	124	179	142	260	140	123	155	150	196	110	168	089	167	085	167	228	114	104	097	179	205	142	149
822	9	091	140	187	271	103	141	103	143	189	254	089	160	113	225	143	158	102	146	200	254	175	152	156	083	124	179	148	262	150	129	159	150	198	110	172	089	173	087	167	238	134	104	103	191	211	168	149
853	9	091	134	185	241	103	135	093	129	191	232	087	160	115	227	143	156	090	127	190	250	165	152	154	083	124	165	148	262	150	125	157	146	180	108	176	083	165	081	167	228	114	098	095	177	211	142	149
853	9	093	136	187	249	103	145	093	129	191	238	087	162	115	229	143	158	100	148	194	252	173	158	154	083	126	179	150	262	150	125	159	150	192	112	178	085	173	085	167	238	130	104	101	181	215	158	153
